trade_id,ticker,created_time,count_fp,yes_price_dollars,no_price_dollars,taker_side
cd11e3d1-96a5-67ff-3d0a-0d171ad4ea52,KXAUBCOACH-26-JSUM,2025-11-30T17:01:07.075182Z,412.00,0.0100,0.9900,yes
99d00e20-fb79-58cf-2a78-36f19e36a74e,KXAUBCOACH-26-JSUM,2025-11-30T16:46:36.355727Z,320.00,0.0100,0.9900,yes
a7079046-0525-52d7-2f19-6cc1aa1ffc2a,KXAUBCOACH-26-JSUM,2025-11-30T16:39:15.623864Z,112.00,0.0100,0.9900,yes
e82dc571-348e-7a14-cb38-a63fadd67b52,KXAUBCOACH-26-JSUM,2025-11-30T16:27:48.806962Z,1982.00,0.0100,0.9900,no
3424ed38-2dee-7f01-f3ca-4b2d7b664ba5,KXAUBCOACH-26-JSUM,2025-11-30T16:27:48.806962Z,707.00,0.0100,0.9900,no
0b3add83-c2c2-6cc5-3f43-714ba529424d,KXAUBCOACH-26-JSUM,2025-11-30T16:08:43.127088Z,414.00,0.0100,0.9900,no
2451de1c-1021-68e4-e898-8d3b03e4958c,KXAUBCOACH-26-JSUM,2025-11-30T15:59:16.166288Z,552.00,0.0100,0.9900,no
e12bd6e7-2886-7dd2-de37-723cd4964766,KXAUBCOACH-26-JSUM,2025-11-30T15:58:46.379657Z,600.00,0.0200,0.9800,no
6c3352b7-16e7-7da1-f729-df0dea97e2b4,KXAUBCOACH-26-JSUM,2025-11-30T15:58:46.379657Z,493.00,0.0300,0.9700,no
5eceb22a-1f03-7f2a-f346-df2c7607ff5a,KXAUBCOACH-26-JSUM,2025-11-30T15:58:46.379657Z,2000.00,0.0200,0.9800,no
c1986397-593f-7d6d-9d94-70c3f94c8440,KXAUBCOACH-26-JSUM,2025-11-30T15:57:26.877305Z,6.00,0.0300,0.9700,no
fb34137b-1911-5fcc-f2ed-988b30417a58,KXAUBCOACH-26-JSUM,2025-11-30T15:55:30.706578Z,54.00,0.0300,0.9700,no
afaf821c-1713-5815-e1d1-7ab6ecca4224,KXAUBCOACH-26-JSUM,2025-11-30T15:55:30.706578Z,501.00,0.0300,0.9700,no
28b2989e-e7ce-4197-7da9-a587012f2044,KXAUBCOACH-26-JSUM,2025-11-30T15:02:10.366568Z,576.00,0.1000,0.9000,yes
b9ca2174-5e8b-45f7-b680-4c77fe4f87fb,KXAUBCOACH-26-JSUM,2025-11-30T14:48:55.069805Z,28.00,0.1000,0.9000,yes
3574463e-089a-7097-082c-5ac27b91f58e,KXAUBCOACH-26-JSUM,2025-11-30T14:04:56.309542Z,172.00,0.0900,0.9100,yes
6e39171f-e48e-5a53-0244-02b4f7d0af0e,KXAUBCOACH-26-JSUM,2025-11-30T13:43:20.680421Z,48.00,0.0900,0.9100,yes
a4532895-1cbd-7f18-3611-501cd578ff70,KXAUBCOACH-26-JSUM,2025-11-30T12:41:24.1523Z,10.00,0.0900,0.9100,no
5666f1ee-2023-7dde-301d-0468b64b8627,KXAUBCOACH-26-JSUM,2025-11-30T12:41:24.1523Z,10.00,0.0900,0.9100,no
e2a78077-927f-549f-c34b-4929ae3b2bdd,KXAUBCOACH-26-JSUM,2025-11-30T12:39:17.353633Z,2.00,0.2000,0.8000,no
b0e26c72-6bbd-5de7-d85e-87fd7dd16e63,KXAUBCOACH-26-JSUM,2025-11-30T12:39:17.353633Z,1.00,0.2000,0.8000,no
76ca258a-1f52-430d-369b-62d62914272d,KXAUBCOACH-26-JSUM,2025-11-30T12:37:22.133826Z,10.00,0.2100,0.7900,no
784055e6-4a17-70df-f508-01d0cbddf709,KXAUBCOACH-26-JSUM,2025-11-30T09:58:53.535508Z,1000.00,0.2000,0.8000,yes
01df2cea-fa79-5492-b420-67bcecb10594,KXAUBCOACH-26-JSUM,2025-11-30T09:23:22.17162Z,2000.00,0.1500,0.8500,yes
6434af06-b555-78a7-dc04-717d86c116d4,KXAUBCOACH-26-JSUM,2025-11-30T08:19:04.977767Z,1000.00,0.1400,0.8600,yes
616296f6-776b-4b29-a499-749ab4442d66,KXAUBCOACH-26-JSUM,2025-11-30T08:18:22.135998Z,18.00,0.1300,0.8700,yes
bff6a1ce-fe7d-5694-469d-3a9e13ad649d,KXAUBCOACH-26-JSUM,2025-11-30T07:27:34.744405Z,14.00,0.1300,0.8700,yes
61fbbd5a-23b5-5be0-201e-5b7f31315639,KXAUBCOACH-26-JSUM,2025-11-30T07:26:18.23832Z,6.00,0.1000,0.9000,yes
e78a25f1-4aaa-62c2-6c71-3dd5bc33c2e6,KXAUBCOACH-26-JSUM,2025-11-30T06:44:57.822757Z,237.00,0.0100,0.9900,no
ee73109a-650f-6e8c-7390-9849ec18b984,KXAUBCOACH-26-JSUM,2025-11-30T06:44:46.258622Z,55.00,0.0200,0.9800,no
4d9558dd-ef69-781f-989e-f82e6881dd45,KXAUBCOACH-26-JSUM,2025-11-30T05:50:21.940346Z,6.00,0.0800,0.9200,yes
d7b49846-c970-4e9c-e2a2-144469ae4c6c,KXAUBCOACH-26-JSUM,2025-11-30T05:36:58.818467Z,12.00,0.0600,0.9400,no
22ab6daa-bd5a-45d1-cf20-9bad27e49315,KXAUBCOACH-26-JSUM,2025-11-30T05:36:58.818467Z,103.00,0.0500,0.9500,no
d5d8cff2-5356-4aa7-f449-1ee7d2c2ea29,KXAUBCOACH-26-JSUM,2025-11-30T05:03:52.570442Z,104.00,0.0900,0.9100,yes
0f7e49dd-0c46-71d2-ba28-c7f08c6fb425,KXAUBCOACH-26-JSUM,2025-11-30T04:43:35.952792Z,17.00,0.0900,0.9100,yes
6fadbc50-601a-6f1a-302f-2114a92ff341,KXAUBCOACH-26-JSUM,2025-11-30T04:42:50.498977Z,27.00,0.0900,0.9100,yes
f34a28a3-a392-6369-bfad-563125a1d890,KXAUBCOACH-26-JSUM,2025-11-30T03:10:27.782969Z,1823.00,0.1500,0.8500,yes
6d73fea4-860c-625d-bdf8-524e9c387ef3,KXAUBCOACH-26-JSUM,2025-11-30T03:10:27.782969Z,31.00,0.1300,0.8700,yes
8da0e76b-0290-5929-5e91-7b925a274fcf,KXAUBCOACH-26-JSUM,2025-11-30T03:09:10.617327Z,112.00,0.1300,0.8700,yes
b00e6974-89ca-738b-0620-aa121d351200,KXAUBCOACH-26-JSUM,2025-11-30T02:59:35.987076Z,10.00,0.0700,0.9300,no
a20a7ac5-1e92-7691-29a0-5bbf354d2fd9,KXAUBCOACH-26-JSUM,2025-11-30T02:59:35.987076Z,4.00,0.0500,0.9500,no
65705501-a60e-7b00-2a38-edbe3352b7fe,KXAUBCOACH-26-JSUM,2025-11-30T02:59:35.987076Z,10.00,0.0700,0.9300,no
5b98a9cc-cc4e-40a9-ef64-bf8bafc09974,KXAUBCOACH-26-JSUM,2025-11-30T02:46:35.826654Z,191.00,0.1500,0.8500,yes
866f2b1a-e957-42a8-34ef-cf30a49fe8fc,KXAUBCOACH-26-JSUM,2025-11-30T01:54:45.925332Z,20.00,0.1000,0.9000,no
4273e289-ac53-4c19-02c2-fdaaa995347a,KXAUBCOACH-26-JSUM,2025-11-30T01:54:45.925332Z,130.00,0.1000,0.9000,no
148562c5-60d4-644e-77e2-aa40e4f4154a,KXAUBCOACH-26-JSUM,2025-11-30T01:48:31.364361Z,27.00,0.1700,0.8300,yes
1e55b0c4-27aa-4078-3c00-f762ecb9124f,KXAUBCOACH-26-JSUM,2025-11-30T01:47:12.029448Z,333.00,0.1300,0.8700,no
ecbc414f-1f5f-42cd-a0ed-1491c9cd4f6f,KXAUBCOACH-26-JSUM,2025-11-30T01:41:44.265121Z,333.00,0.1700,0.8300,yes
ce731539-7725-45c2-ab61-edc44328ed41,KXAUBCOACH-26-JSUM,2025-11-30T01:41:25.435709Z,894.00,0.1500,0.8500,yes
ac208fcf-b4a1-7204-ab65-0a3d5ee09cf0,KXAUBCOACH-26-JSUM,2025-11-30T01:33:40.899515Z,1000.00,0.1200,0.8800,yes
9bd366ab-0023-7b0c-8f9d-e4a3ca2b477c,KXAUBCOACH-26-JSUM,2025-11-30T01:33:40.899515Z,13.00,0.1100,0.8900,yes
904c8678-878d-7dc6-8164-d885889e8fa5,KXAUBCOACH-26-JSUM,2025-11-30T01:33:40.899515Z,1106.00,0.1500,0.8500,yes
307385c4-11f8-7886-6a92-47afd48cd520,KXAUBCOACH-26-JSUM,2025-11-30T01:31:23.385459Z,100.00,0.0600,0.9400,no
b21d5fde-b60e-61e2-35a7-80b832330b36,KXAUBCOACH-26-JSUM,2025-11-30T01:02:22.048252Z,191.00,0.1500,0.8500,yes
a5c0330f-dace-64b0-3e1e-65a1fd835f45,KXAUBCOACH-26-JSUM,2025-11-30T01:02:22.048252Z,349.00,0.2000,0.8000,yes
9d52a2fd-3463-6bde-0e75-05f88b9968e4,KXAUBCOACH-26-JSUM,2025-11-30T01:02:22.048252Z,333.00,0.1400,0.8600,yes
89af2b47-5136-69ad-309c-421ef6853800,KXAUBCOACH-26-JSUM,2025-11-30T01:02:22.048252Z,150.00,0.1800,0.8200,yes
2c607ec5-4d62-62a3-3040-026de854806d,KXAUBCOACH-26-JSUM,2025-11-30T01:02:22.048252Z,2000.00,0.1500,0.8500,yes
dd7066ed-36c7-65b3-13d2-0f3e21bef29d,KXAUBCOACH-26-JSUM,2025-11-30T00:56:48.473763Z,10.00,0.1100,0.8900,yes
6b8ddbdd-b15b-63c5-1fb7-105f6da8b7b2,KXAUBCOACH-26-JSUM,2025-11-30T00:56:48.473763Z,980.00,0.1000,0.9000,yes
60a89083-4ec6-694b-23bb-5ccae694897c,KXAUBCOACH-26-JSUM,2025-11-30T00:56:48.473763Z,20.00,0.1000,0.9000,yes
2f33778c-e650-632b-17b0-9229619e465d,KXAUBCOACH-26-JSUM,2025-11-30T00:56:48.473763Z,24.00,0.1500,0.8500,yes
11ddef44-ef9a-685a-230c-b35d5deb1e02,KXAUBCOACH-26-JSUM,2025-11-30T00:56:48.473763Z,1809.00,0.1500,0.8500,yes
00253f5f-7676-6727-1589-fbc1c011fa34,KXAUBCOACH-26-JSUM,2025-11-30T00:56:48.473763Z,10.00,0.1100,0.8900,yes
e8257851-77db-6ecd-08f6-b7b2c6d4248a,KXAUBCOACH-26-JSUM,2025-11-30T00:56:10.521978Z,20.00,0.1000,0.9000,yes
e4f03f53-95d2-6b43-28af-3ff32155f915,KXAUBCOACH-26-JSUM,2025-11-30T00:56:10.521978Z,4.00,0.0900,0.9100,yes
b8eca12f-867b-4646-d0e2-b347db2ca8d3,KXAUBCOACH-26-JSUM,2025-11-30T00:32:26.376616Z,4.00,0.0600,0.9400,no
2941a851-8553-66b2-f731-a0873a890540,KXAUBCOACH-26-JSUM,2025-11-30T00:32:17.616812Z,127.00,0.1100,0.8900,yes
d5abe30d-3e22-4587-a6b6-917a4a90bf06,KXAUBCOACH-26-JSUM,2025-11-29T23:33:12.354659Z,77.00,0.1300,0.8700,yes
f9c2829a-096e-5d48-956a-5852fb06667f,KXAUBCOACH-26-JSUM,2025-11-29T23:32:38.474206Z,12.00,0.1200,0.8800,yes
24401d5f-5006-542f-8ea6-c03819ef382a,KXAUBCOACH-26-JSUM,2025-11-29T23:32:38.474206Z,120.00,0.1300,0.8700,yes
8c8ea8cd-779a-60d7-3189-b3a1fb2b655e,KXAUBCOACH-26-JSUM,2025-11-29T23:21:45.423616Z,23.00,0.1300,0.8700,yes
6379dee1-64de-42d9-5306-03e70258c669,KXAUBCOACH-26-JSUM,2025-11-29T22:59:22.61108Z,444.00,0.0500,0.9500,no
faf340fe-3837-7cbb-70f3-ba83b389ad67,KXAUBCOACH-26-JSUM,2025-11-29T22:58:03.188011Z,19.00,0.1100,0.8900,yes
a5a495eb-26c8-7ac9-76ce-463eaa9d52f7,KXAUBCOACH-26-JSUM,2025-11-29T22:58:03.188011Z,178.00,0.1200,0.8800,yes
443c36e5-2e2e-5150-1b61-b140ca829f69,KXAUBCOACH-26-JSUM,2025-11-29T22:50:08.200129Z,18.00,0.1100,0.8900,yes
08963241-bcc4-5f20-0b46-e9c260305d31,KXAUBCOACH-26-JSUM,2025-11-29T22:50:08.200129Z,18.00,0.1200,0.8800,yes
fbe3930b-bfc8-563c-2413-05d6b7be49f5,KXAUBCOACH-26-JSUM,2025-11-29T22:39:42.325557Z,6.00,0.1200,0.8800,yes
1ec26ffd-1c74-5652-22e2-28dae0ed6bb3,KXAUBCOACH-26-JSUM,2025-11-29T22:39:42.325557Z,18.00,0.1100,0.8900,yes
4841a117-78c8-524a-74fd-5959d4df5300,KXAUBCOACH-26-JSUM,2025-11-29T22:07:32.089326Z,153.00,0.0400,0.9600,no
9e619f1e-9b3c-5381-5b58-b956e259424b,KXAUBCOACH-26-JSUM,2025-11-29T22:05:27.792944Z,50.00,0.0500,0.9500,no
0e08c816-1630-5fe2-4a5b-1a394d7edaac,KXAUBCOACH-26-JSUM,2025-11-29T22:05:27.792944Z,20.00,0.0400,0.9600,no
11eb8b44-54ed-6aaf-5132-e7578d0d5572,KXAUBCOACH-26-JSUM,2025-11-29T21:49:52.517868Z,775.00,0.1300,0.8700,yes
2099829c-8fe5-5e23-382e-37d4d0eb7caf,KXAUBCOACH-26-JSUM,2025-11-29T21:47:03.051335Z,99.00,0.1200,0.8800,yes
c12e96e7-2b74-7872-f73d-50d7cf48506c,KXAUBCOACH-26-JSUM,2025-11-29T21:43:24.569499Z,30.00,0.0400,0.9600,no
580ea030-9cb3-6d95-e165-cc99fde3e1d7,KXAUBCOACH-26-JSUM,2025-11-29T21:41:09.249867Z,152.00,0.1100,0.8900,yes
6e17e80e-7669-7f6c-dcf0-3b9a3fc86c69,KXAUBCOACH-26-JSUM,2025-11-29T21:40:25.502158Z,167.00,0.1100,0.8900,yes
b1102d5b-94ae-731a-61db-a447dd121422,KXAUBCOACH-26-JSUM,2025-11-29T21:30:21.117873Z,75.00,0.1000,0.9000,yes
147418da-cf49-4798-8374-b56d954725f0,KXAUBCOACH-26-JSUM,2025-11-29T21:25:46.194094Z,75.00,0.0300,0.9700,no
ecfe44b6-33c9-4c26-7930-ae6dda926a62,KXAUBCOACH-26-JSUM,2025-11-29T21:23:41.217264Z,1000.00,0.0700,0.9300,no
8e94be5c-484e-4b7f-4a37-1a01449bde5d,KXAUBCOACH-26-JSUM,2025-11-29T21:23:41.217264Z,12.00,0.0800,0.9200,no
363ba167-9f76-4106-4944-6ea44a0add88,KXAUBCOACH-26-JSUM,2025-11-29T21:23:41.217264Z,228.00,0.0100,0.9900,no
d5522b6c-910f-601d-3707-68124eca4471,KXAUBCOACH-26-JSUM,2025-11-29T21:16:39.802689Z,108.00,0.1400,0.8600,yes
7caf17d5-4ea4-670f-1428-a6150461788d,KXAUBCOACH-26-JSUM,2025-11-29T21:16:39.802689Z,776.00,0.1500,0.8500,yes
4b5b4d3e-7f17-4169-e94f-20c20271d675,KXAUBCOACH-26-JSUM,2025-11-29T20:48:50.126557Z,55.00,0.1400,0.8600,yes
a6ef0e19-bec3-4885-dbc0-53388df234b7,KXAUBCOACH-26-JSUM,2025-11-29T20:21:47.490695Z,61.00,0.1700,0.8300,yes
ee96a410-df74-634c-8654-23acef2c7417,KXAUBCOACH-26-JSUM,2025-11-29T20:03:51.461187Z,12.00,0.1600,0.8400,yes
8c974c47-d913-6e5d-bc52-2c451bb9354f,KXAUBCOACH-26-JSUM,2025-11-29T20:03:51.461187Z,99.00,0.1700,0.8300,yes
c70f1563-ff02-6a06-a9bc-19a379114daf,KXAUBCOACH-26-JSUM,2025-11-29T20:02:28.966384Z,12.00,0.1000,0.9000,no
066c6968-3a66-6865-b0a9-b001f1f7a02f,KXAUBCOACH-26-JSUM,2025-11-29T20:02:28.966384Z,564.00,0.0900,0.9100,no
5a942389-990a-7519-ba4c-919633733598,KXAUBCOACH-26-JSUM,2025-11-29T20:00:50.495579Z,100.00,0.1800,0.8200,yes
55481fc5-b6c1-4bb8-abc1-df889ede2566,KXAUBCOACH-26-JSUM,2025-11-29T20:00:22.831799Z,10.00,0.1600,0.8400,yes
27208c13-ad81-4406-8d80-e4a0bdb097ac,KXAUBCOACH-26-JSUM,2025-11-29T20:00:22.831799Z,10.00,0.1600,0.8400,yes
245c15de-f9c6-4070-8f8b-81d815a096bb,KXAUBCOACH-26-JSUM,2025-11-29T20:00:14.939159Z,12.00,0.1500,0.8500,yes
c301a056-8f6e-5e9d-d334-0744aec0360b,KXAUBCOACH-26-JSUM,2025-11-29T19:59:27.081051Z,149.00,0.0900,0.9100,no
76fe2fcb-3551-5f9c-3563-bc1e83dcfbeb,KXAUBCOACH-26-JSUM,2025-11-29T19:54:21.81012Z,283.00,0.1000,0.9000,no
9410c418-b6ad-6357-cc6d-aa4befd053a5,KXAUBCOACH-26-JSUM,2025-11-29T19:54:08.6561Z,1072.00,0.1100,0.8900,no
ef562d35-2612-4ae2-1972-392d08475c5f,KXAUBCOACH-26-JSUM,2025-11-29T19:53:57.100261Z,15.00,0.1200,0.8800,no
1e6f8591-6b33-4b03-4b62-1474e26bf3d1,KXAUBCOACH-26-JSUM,2025-11-29T19:48:55.291759Z,5.00,0.1700,0.8300,yes
be49c2ef-8993-7d75-4dd5-1d91072ec319,KXAUBCOACH-26-JSUM,2025-11-29T19:47:04.945617Z,2.00,0.1200,0.8800,no
360b9057-2cb9-705b-6a9c-965127edbfed,KXAUBCOACH-26-JSUM,2025-11-29T19:47:04.945617Z,106.00,0.1100,0.8900,no
60530b61-e362-7581-1f1c-c212b530a98c,KXAUBCOACH-26-JSUM,2025-11-29T19:47:04.337192Z,50.00,0.1800,0.8200,yes
d160a234-e7a7-705c-a800-98c7ccadaab1,KXAUBCOACH-26-JSUM,2025-11-29T19:46:10.15366Z,10.00,0.1700,0.8300,yes
c45a8fc7-6c90-5533-530f-15c9e26314c9,KXAUBCOACH-26-JSUM,2025-11-29T19:37:56.207001Z,22.00,0.1200,0.8800,no
815af80d-9a49-5dfe-4bec-243e759cafc0,KXAUBCOACH-26-JSUM,2025-11-29T19:37:56.207001Z,10.00,0.1400,0.8600,no
6319d9e5-a08c-5f8a-4381-1775d0231f7f,KXAUBCOACH-26-JSUM,2025-11-29T19:37:56.207001Z,10.00,0.1300,0.8700,no
266ba01f-10c1-5d98-7159-899d363a6531,KXAUBCOACH-26-JSUM,2025-11-29T19:37:56.207001Z,10.00,0.1300,0.8700,no
1c4d8593-9168-5ab3-87f9-9dcf8f99539b,KXAUBCOACH-26-JSUM,2025-11-29T19:29:30.958604Z,10.00,0.1800,0.8200,yes
ebad14bf-32d7-5e29-4503-1025147ed466,KXAUBCOACH-26-JSUM,2025-11-29T19:16:19.406647Z,8.00,0.1000,0.9000,no
dde1a654-16f7-5131-413d-c409cd2023f9,KXAUBCOACH-26-JSUM,2025-11-29T19:16:19.406647Z,10.00,0.2200,0.7800,no
c8da3540-f6c9-520b-73ee-49cc1d9e0491,KXAUBCOACH-26-JSUM,2025-11-29T19:16:19.406647Z,59.00,0.2100,0.7900,no
8efd798c-7d2d-536f-6214-8414199d44f5,KXAUBCOACH-26-JSUM,2025-11-29T19:16:19.406647Z,58.00,0.0700,0.9300,no
5f9c19b8-7252-5455-7ac8-64098ab8fd23,KXAUBCOACH-26-JSUM,2025-11-29T19:16:19.406647Z,8.00,0.1000,0.9000,no
22de6c2c-da8a-51e5-df15-bfaeef8b74ab,KXAUBCOACH-26-JSUM,2025-11-29T19:14:50.978161Z,41.00,0.2100,0.7900,yes
c76d5f95-bd2b-6e5b-ffeb-1e47c2724bfc,KXAUBCOACH-26-JSUM,2025-11-29T19:06:14.740849Z,10.00,0.2000,0.8000,yes
98046092-bc7a-6ee1-c5ac-e6a784d1529f,KXAUBCOACH-26-JSUM,2025-11-29T19:06:14.740849Z,60.00,0.2100,0.7900,yes
188ae1b9-b484-64cb-cc4c-4fb70fda2275,KXAUBCOACH-26-JSUM,2025-11-29T19:06:14.740849Z,10.00,0.2000,0.8000,yes
fcff0230-d46b-7d17-4af1-9da895e7efae,KXAUBCOACH-26-JSUM,2025-11-29T19:00:54.656034Z,17.00,0.1900,0.8100,yes
c9563ad9-2cda-7241-5eef-c97575cc1aa3,KXAUBCOACH-26-JSUM,2025-11-29T19:00:54.656034Z,209.00,0.2100,0.7900,yes
790c5b24-d1d0-7473-67f4-e88fe3fe4aa3,KXAUBCOACH-26-JSUM,2025-11-29T19:00:54.656034Z,1.00,0.1900,0.8100,yes
b9d929c5-b3c0-6b3e-5d10-19b8cd4e25f8,KXAUBCOACH-26-JSUM,2025-11-29T18:58:52.015054Z,10.00,0.1700,0.8300,no
84620644-2f42-6c8f-75eb-ae2cd7bd4c75,KXAUBCOACH-26-JSUM,2025-11-29T18:58:52.015054Z,74.00,0.1400,0.8600,no
4458fc73-d9db-6b37-42c8-7a610ed43c92,KXAUBCOACH-26-JSUM,2025-11-29T18:58:52.015054Z,60.00,0.0600,0.9400,no
006a996d-47be-61bd-6501-b822c0580672,KXAUBCOACH-26-JSUM,2025-11-29T18:58:52.015054Z,10.00,0.1700,0.8300,no
cc42d046-c8a8-452c-b887-d6f6d2e8a6de,KXAUBCOACH-26-JSUM,2025-11-29T18:56:55.970118Z,11.00,0.2000,0.8000,yes
535197ef-0692-4cd9-bd4e-c87904c19e6b,KXAUBCOACH-26-JSUM,2025-11-29T18:56:55.970118Z,10.00,0.2100,0.7900,yes
b4dcf226-3a46-51b2-1cb8-f7dc310faece,KXAUBCOACH-26-JSUM,2025-11-29T18:41:48.557219Z,3.00,0.2500,0.7500,yes
13e1b754-5ad4-5e5f-0133-78203f81301d,KXAUBCOACH-26-JSUM,2025-11-29T18:41:48.557219Z,197.00,0.2600,0.7400,yes
d4f56768-d508-51a5-52b6-499740b99ad3,KXAUBCOACH-26-JSUM,2025-11-29T18:39:13.036012Z,10.00,0.2500,0.7500,yes
81efb02c-9876-532e-5007-1d4af8d3aece,KXAUBCOACH-26-JSUM,2025-11-29T18:39:13.036012Z,7.00,0.2500,0.7500,yes
b7a58cee-f24c-5f2b-2e34-5d082fb7d5af,KXAUBCOACH-26-JSUM,2025-11-29T18:37:51.71119Z,23.00,0.1800,0.8200,no
76a6fd15-a739-77e9-7ec5-0465aaf43ae1,KXAUBCOACH-26-JSUM,2025-11-29T18:36:28.434302Z,67.00,0.2600,0.7400,yes
4973df59-3542-70ef-4b57-1633cb83ff20,KXAUBCOACH-26-JSUM,2025-11-29T18:36:28.434302Z,120.00,0.2500,0.7500,yes
1c3c2f90-7a97-592f-0fa2-9bc11956e135,KXAUBCOACH-26-JSUM,2025-11-29T18:22:34.931657Z,23.00,0.1700,0.8300,no
121362fb-262a-7415-16fa-d7af43573b6c,KXAUBCOACH-26-JSUM,2025-11-29T18:18:05.580077Z,11.00,0.1800,0.8200,no
9a43a1b1-b112-4e95-3854-e09594bc28c8,KXAUBCOACH-26-JSUM,2025-11-29T18:16:13.964765Z,19.00,0.1800,0.8200,no
880b70ba-0cbd-7f9d-f36c-d51bff435599,KXAUBCOACH-26-JSUM,2025-11-29T18:04:42.564898Z,655.00,0.2200,0.7800,no
686bf82b-8d85-6192-73b9-87f9cb8ea17f,KXAUBCOACH-26-JSUM,2025-11-29T17:59:03.364877Z,5.00,0.2300,0.7700,no
6c8072f1-7367-62f3-c08e-b8a3f81e784f,KXAUBCOACH-26-JSUM,2025-11-29T17:49:01.09479Z,4.00,0.1400,0.8600,no
5436cfbe-c529-602f-f687-1b2417070b2e,KXAUBCOACH-26-JSUM,2025-11-29T17:49:01.09479Z,14.00,0.1400,0.8600,no
b551242d-1a92-5db3-f247-5cc60c48e808,KXAUBCOACH-26-JSUM,2025-11-29T17:48:47.554369Z,16.00,0.2400,0.7600,no
feb5c19c-e087-61eb-13f5-af5e1976eb79,KXAUBCOACH-26-JSUM,2025-11-29T17:47:07.327Z,6.00,0.2900,0.7100,yes
d8caca38-3d1c-646c-3824-67d3bc4a5ffe,KXAUBCOACH-26-JSUM,2025-11-29T17:47:07.327Z,10.00,0.2900,0.7100,yes
f7c0c86e-5dce-6bf7-266d-d878c9929574,KXAUBCOACH-26-JSUM,2025-11-29T17:41:33.10227Z,1956.00,0.2400,0.7600,no
9fb93a09-3d6a-6977-1474-b423ad2b7e08,KXAUBCOACH-26-JSUM,2025-11-29T17:41:33.10227Z,10.00,0.2700,0.7300,no
101392e6-a0d4-66da-0d71-01a67fdca9e6,KXAUBCOACH-26-JSUM,2025-11-29T17:41:33.10227Z,6.00,0.2700,0.7300,no
dc85673e-5efc-719e-291c-a0b1a165ddaa,KXAUBCOACH-26-JSUM,2025-11-29T17:38:33.263841Z,4.00,0.2700,0.7300,no
7eb4f257-9e24-7ce6-327b-4da0845504b1,KXAUBCOACH-26-JSUM,2025-11-29T17:38:33.263841Z,7.00,0.2800,0.7200,no
a4567ff8-5ab6-676e-d7b8-543a16865332,KXAUBCOACH-26-JSUM,2025-11-29T17:30:14.600797Z,117.00,0.3200,0.6800,yes
9d072591-0f81-664f-d4f3-e472bbce7fc8,KXAUBCOACH-26-JSUM,2025-11-29T17:30:14.600797Z,12.00,0.2900,0.7100,yes
3a04b3d3-10c8-68df-f2ef-4318c87e077c,KXAUBCOACH-26-JSUM,2025-11-29T17:30:14.600797Z,10.00,0.3000,0.7000,yes
130f2b64-6d1b-6e2f-c52d-b85cb1188e0f,KXAUBCOACH-26-JSUM,2025-11-29T17:30:14.600797Z,10.00,0.3000,0.7000,yes
60099f76-2474-72c8-5ff0-996185e587ad,KXAUBCOACH-26-JSUM,2025-11-29T17:28:04.253946Z,10.00,0.2600,0.7400,no
3785fe0e-8592-7bbd-7390-0ab56bad04f0,KXAUBCOACH-26-JSUM,2025-11-29T17:28:04.253946Z,37.00,0.2500,0.7500,no
0e53bbe3-cb52-7c1f-7110-788b2c115832,KXAUBCOACH-26-JSUM,2025-11-29T17:28:04.253946Z,10.00,0.2600,0.7400,no
89e7149c-e561-72ff-fd43-aab967df3d68,KXAUBCOACH-26-JSUM,2025-11-29T16:36:10.948846Z,12.00,0.2900,0.7100,no
2eec7bb0-eb92-7cec-db1b-6ab7d2d8887f,KXAUBCOACH-26-JSUM,2025-11-29T16:36:10.948846Z,51.00,0.2800,0.7200,no
3a0ea5eb-cf9a-549a-9b3a-638a0d8bf91a,KXAUBCOACH-26-JSUM,2025-11-29T16:30:18.5678Z,28.00,0.3200,0.6800,yes
ce896b2a-3ffa-745a-1e10-186f941ef206,KXAUBCOACH-26-JSUM,2025-11-29T16:27:27.980331Z,4.00,0.3200,0.6800,yes
59978ce7-f886-73db-12da-c4cabad4173f,KXAUBCOACH-26-JSUM,2025-11-29T16:27:27.980331Z,1.00,0.3200,0.6800,yes
da89658a-a39a-763b-6d21-e3ed7d5d60cf,KXAUBCOACH-26-JSUM,2025-11-29T16:23:34.365671Z,15.00,0.3200,0.6800,yes
8276ccee-82a9-708f-73ef-9ab96942ea52,KXAUBCOACH-26-JSUM,2025-11-29T16:23:34.365671Z,39.00,0.3100,0.6900,yes
bf5ee1ca-2551-6863-e9bb-cf0df83d888e,KXAUBCOACH-26-JSUM,2025-11-29T16:08:10.67161Z,38.00,0.3100,0.6900,yes
200fe33c-d53d-6a66-c337-9b0b9425060c,KXAUBCOACH-26-JSUM,2025-11-29T16:08:10.67161Z,12.00,0.3000,0.7000,yes
1fa2fcfa-6f31-6b03-8840-82f9474af112,KXAUBCOACH-26-JSUM,2025-11-29T15:45:27.471043Z,3.00,0.3100,0.6900,yes
c631e26e-bf2d-51c3-5917-70f6d114335e,KXAUBCOACH-26-JSUM,2025-11-29T15:43:47.293047Z,70.00,0.3000,0.7000,no
d85f6f75-f9a7-64a8-abdd-8cc8fc739de7,KXAUBCOACH-26-JSUM,2025-11-29T15:38:44.062625Z,10.00,0.3000,0.7000,yes
218c43ae-a6ec-6e5a-9db7-b6650c15dac5,KXAUBCOACH-26-JSUM,2025-11-29T15:38:44.062625Z,10.00,0.3000,0.7000,yes
56a869b4-7394-48c7-c2c5-ffb4b61ea2c4,KXAUBCOACH-26-JSUM,2025-11-29T15:37:09.319438Z,69.00,0.3000,0.7000,no
dd0948d5-5396-59e9-60dc-123f063a2a9b,KXAUBCOACH-26-JSUM,2025-11-29T15:23:25.005949Z,10.00,0.3100,0.6900,no
022c9656-ffd8-561e-5584-7298376eff24,KXAUBCOACH-26-JSUM,2025-11-29T15:23:25.005949Z,10.00,0.3100,0.6900,no
ef349d89-d103-4e62-2274-3e9d6722427e,KXAUBCOACH-26-JSUM,2025-11-29T15:22:32.14377Z,484.00,0.3200,0.6800,no
452f32cb-8935-7abd-705e-f4d853c5536c,KXAUBCOACH-26-JSUM,2025-11-29T15:21:58.769329Z,12.00,0.3300,0.6700,no
a0b99d9e-48a5-4052-2ccf-690d32af52e5,KXAUBCOACH-26-JSUM,2025-11-29T14:34:05.295949Z,12.00,0.3600,0.6400,yes
227d4897-a70d-5d16-6369-143a379aaab1,KXAUBCOACH-26-JSUM,2025-11-29T14:10:39.518001Z,66.00,0.3600,0.6400,yes
4ba1192b-c0a1-5872-9ef4-5d6faf5ec9e9,KXAUBCOACH-26-JSUM,2025-11-29T14:06:14.117845Z,265.00,0.3600,0.6400,yes
f44cebce-1beb-63c9-9347-dc7105404811,KXAUBCOACH-26-JSUM,2025-11-29T13:45:16.285377Z,12.00,0.3500,0.6500,yes
849367c8-2f55-63ce-a9a6-f6df34f17931,KXAUBCOACH-26-JSUM,2025-11-29T13:45:16.285377Z,14.00,0.3600,0.6400,yes
b760c32a-6410-73ae-031c-1138ccc56098,KXAUBCOACH-26-JSUM,2025-11-29T13:41:34.656577Z,12.00,0.3300,0.6700,no
5ec89113-b333-7b5a-2f38-ff9e27d08096,KXAUBCOACH-26-JSUM,2025-11-29T13:41:34.656577Z,16.00,0.3200,0.6800,no
34b8e96b-5ddd-5a2a-0552-dc00a2f50a79,KXAUBCOACH-26-JSUM,2025-11-29T13:38:29.953963Z,18.00,0.3600,0.6400,yes
891209bf-743d-6f5d-1b44-a109e756cf61,KXAUBCOACH-26-JSUM,2025-11-29T12:50:49.207867Z,2.00,0.3800,0.6200,yes
f2819d79-63a2-764c-bbb5-eb75c798adb6,KXAUBCOACH-26-JSUM,2025-11-29T11:59:10.292427Z,10.00,0.3700,0.6300,yes
4e449647-a529-7574-bcb3-96c15dfc8cc7,KXAUBCOACH-26-JSUM,2025-11-29T11:59:10.292427Z,10.00,0.3700,0.6300,yes
597a094e-24f8-5ad5-f57f-d0888716293d,KXAUBCOACH-26-JSUM,2025-11-29T07:27:47.272555Z,6.00,0.3400,0.6600,yes
f612e9fd-721c-7828-214f-83a4d4d71378,KXAUBCOACH-26-JSUM,2025-11-29T06:22:13.511964Z,6.00,0.4500,0.5500,no
b2441fa7-ec53-7e39-20e2-9b4124ec7d01,KXAUBCOACH-26-JSUM,2025-11-29T06:22:13.511964Z,10.00,0.4400,0.5600,no
44ff0981-5366-764c-1f23-e6881dd5a5a9,KXAUBCOACH-26-JSUM,2025-11-29T06:22:13.511964Z,10.00,0.4400,0.5600,no
7e7cb378-8ae1-65fa-3d98-4bfa6e622d3c,KXAUBCOACH-26-JSUM,2025-11-29T05:56:24.289135Z,1000.00,0.4200,0.5800,yes
6e365e3c-73c5-6647-2fde-ba2f7f929c46,KXAUBCOACH-26-JSUM,2025-11-29T05:56:24.289135Z,12.00,0.4000,0.6000,yes
0766d31b-d05a-6afb-04c9-7a98c93b5610,KXAUBCOACH-26-JSUM,2025-11-29T05:56:24.289135Z,188.00,0.4200,0.5800,yes
47f9ad18-7e53-6a6b-8d80-e3ae652d3470,KXAUBCOACH-26-JSUM,2025-11-29T05:42:02.738419Z,12.00,0.3600,0.6400,no
0719da98-e672-6e61-8209-3f6e7681374b,KXAUBCOACH-26-JSUM,2025-11-29T05:42:02.738419Z,39.00,0.3300,0.6700,no
75512da2-1d13-4f6d-0723-3e8b7258da53,KXAUBCOACH-26-JSUM,2025-11-29T05:23:10.959594Z,10.00,0.3900,0.6100,yes
26092240-4e89-472f-168e-55b9c059389e,KXAUBCOACH-26-JSUM,2025-11-29T05:23:10.959594Z,14.00,0.4000,0.6000,yes
e9d3cbd1-3aae-6f29-58c2-5795ac2b862a,KXAUBCOACH-26-JSUM,2025-11-29T05:03:46.170435Z,2.00,0.3700,0.6300,yes
c90760ed-52f2-4f3c-492f-a1ef76fb72ff,KXAUBCOACH-26-JSUM,2025-11-29T04:45:45.187024Z,13.00,0.3400,0.6600,no
c31d3522-740e-41dd-7351-e59c2a2dc19b,KXAUBCOACH-26-JSUM,2025-11-29T04:45:45.187024Z,237.00,0.3300,0.6700,no
517d905f-013c-5b52-3389-c4aaa9c87aaa,KXAUBCOACH-26-JSUM,2025-11-29T04:38:05.560839Z,6.00,0.3700,0.6300,yes
9dca9563-9224-4010-25e3-600c35608d62,KXAUBCOACH-26-JSUM,2025-11-29T04:37:23.395758Z,7.00,0.3700,0.6300,yes
c2425a18-f76c-656a-de1f-9720f3c3d259,KXAUBCOACH-26-JSUM,2025-11-29T04:34:22.060376Z,11.00,0.3400,0.6600,no
67424872-0d85-604f-c0e5-48b214af1530,KXAUBCOACH-26-JSUM,2025-11-29T04:34:22.060376Z,2.00,0.3500,0.6500,no
524beb1d-bb89-467f-6508-aa158c6cd141,KXAUBCOACH-26-JSUM,2025-11-29T04:25:41.60987Z,10.00,0.3800,0.6200,no
16204e46-3505-4c3a-543c-0bef97684002,KXAUBCOACH-26-JSUM,2025-11-29T04:25:41.60987Z,10.00,0.3900,0.6100,no
0a2ebd3e-fdb8-41be-6f05-a668209d5170,KXAUBCOACH-26-JSUM,2025-11-29T04:25:41.60987Z,10.00,0.3800,0.6200,no
91702cbd-4c94-688f-9e51-a25de47a30cc,KXAUBCOACH-26-JSUM,2025-11-29T04:08:01.218678Z,10.00,0.3900,0.6100,no
ec2e5782-4d1f-70f9-9e56-5886cab01db5,KXAUBCOACH-26-JSUM,2025-11-29T03:57:25.097888Z,10.00,0.4200,0.5800,yes
5bbe33ad-58e0-75b2-9bf0-9fcd9d47f61a,KXAUBCOACH-26-JSUM,2025-11-29T03:57:25.097888Z,34.00,0.4300,0.5700,yes
3ba76bf2-7bc4-46b6-736b-524bd2de2aa2,KXAUBCOACH-26-JSUM,2025-11-29T03:43:49.419068Z,8.00,0.4300,0.5700,yes
7ee68005-75e8-51e6-0cf7-43f850d048fa,KXAUBCOACH-26-JSUM,2025-11-29T03:40:00.050557Z,6.00,0.4300,0.5700,yes
80b33717-59ec-6e84-d354-9fdcb3effdf2,KXAUBCOACH-26-JSUM,2025-11-29T03:30:06.93367Z,2.00,0.4400,0.5600,yes
ebbb5f46-3778-6244-054a-0f034188c318,KXAUBCOACH-26-JSUM,2025-11-29T03:29:52.296529Z,10.00,0.4000,0.6000,yes
d9f76c2a-819e-68c5-1e12-c5661b19f1b8,KXAUBCOACH-26-JSUM,2025-11-29T03:29:52.296529Z,10.00,0.3900,0.6100,yes
532d657d-5fea-6199-2e91-250b9ef76e39,KXAUBCOACH-26-JSUM,2025-11-29T03:29:52.296529Z,10.00,0.4000,0.6000,yes
02afb19f-34d4-66ac-36cf-47a830fd7bf2,KXAUBCOACH-26-JSUM,2025-11-29T03:29:52.296529Z,6.00,0.4400,0.5600,yes
f84d3972-0e1a-7964-2cec-78315bca6454,KXAUBCOACH-26-JSUM,2025-11-29T03:12:19.979128Z,53.00,0.2500,0.7500,no
2b6d7b19-22a2-72bd-19a8-53b8dce6f29d,KXAUBCOACH-26-JSUM,2025-11-29T03:12:19.979128Z,62.00,0.2600,0.7400,no
242bdd05-0e6e-7d03-28a3-120a3f2e6c80,KXAUBCOACH-26-JSUM,2025-11-29T03:12:19.979128Z,14.00,0.2400,0.7600,no
f5a6109c-aa44-7dd2-022c-bab2567c3b94,KXAUBCOACH-26-JSUM,2025-11-29T03:06:06.617042Z,259.00,0.2700,0.7300,no
5821323e-c6bd-7d9a-1b37-fae3b3e010c3,KXAUBCOACH-26-JSUM,2025-11-29T03:06:06.617042Z,10.00,0.2800,0.7200,no
361a4f38-d075-7ca1-2a67-0d9183457bad,KXAUBCOACH-26-JSUM,2025-11-29T03:06:06.617042Z,15.00,0.2600,0.7400,no
28ab39df-0cc8-70d3-1a5b-73a231b33ea2,KXAUBCOACH-26-JSUM,2025-11-29T03:06:06.617042Z,13.00,0.2500,0.7500,no
0834f3ab-1eb6-789f-2e00-ae6e75b88800,KXAUBCOACH-26-JSUM,2025-11-29T03:06:06.617042Z,514.00,0.2400,0.7600,no
071ca7d5-8a2d-7a2f-35f4-058439fa3a33,KXAUBCOACH-26-JSUM,2025-11-29T03:06:06.617042Z,500.00,0.2600,0.7400,no
6061d781-4da2-5829-50ce-275d639f65ea,KXAUBCOACH-26-JSUM,2025-11-29T03:05:38.521346Z,30.00,0.3500,0.6500,no
b753ba81-6891-76b4-90af-b32eb85c5aa7,KXAUBCOACH-26-JSUM,2025-11-29T03:05:18.76235Z,50.00,0.6500,0.3500,yes
aa0df140-0b21-7c9d-957e-94f2b6d2cef3,KXAUBCOACH-26-JSUM,2025-11-29T03:05:18.76235Z,7.00,0.5500,0.4500,yes
90383577-5658-76c3-9a16-91325e019f13,KXAUBCOACH-26-JSUM,2025-11-29T03:05:18.76235Z,2.00,0.5600,0.4400,yes
43e1e73f-b416-7360-8e05-c8e58e66e76e,KXAUBCOACH-26-JSUM,2025-11-29T03:05:18.76235Z,2.00,0.5600,0.4400,yes
d084c99c-93c9-7881-0d17-f71cb2cc13cb,KXAUBCOACH-26-JSUM,2025-11-29T03:05:15.798079Z,3.00,0.5500,0.4500,yes
b4365a08-3196-4254-9741-c790bbf33eba,KXAUBCOACH-26-JSUM,2025-11-29T03:05:03.185147Z,10.00,0.4200,0.5800,no
222cc662-c617-4154-b9d9-e3d78172ab03,KXAUBCOACH-26-JSUM,2025-11-29T03:05:03.185147Z,9.00,0.4300,0.5700,no
0846df5f-09db-46ac-b6e7-8452bef51a20,KXAUBCOACH-26-JSUM,2025-11-29T03:05:03.185147Z,10.00,0.4200,0.5800,no
62d1f403-5bd8-52dd-2e05-396514e2e84f,KXAUBCOACH-26-JSUM,2025-11-29T03:04:42.089744Z,10.00,0.4300,0.5700,no
a28a504d-4cf7-6a1f-f5e2-8164dfcacac4,KXAUBCOACH-26-JSUM,2025-11-29T02:59:11.147352Z,728.00,0.4100,0.5900,yes
6d7c6c77-eb45-6903-e689-d09c3c1b0954,KXAUBCOACH-26-JSUM,2025-11-29T02:59:11.147352Z,58.00,0.4100,0.5900,yes
453615e2-8991-67a3-e8d5-f327febe9236,KXAUBCOACH-26-JSUM,2025-11-29T02:59:11.147352Z,12.00,0.5600,0.4400,yes
3e107b4c-c189-6f57-d531-58c502550365,KXAUBCOACH-26-JSUM,2025-11-29T02:59:11.147352Z,9.00,0.7800,0.2200,yes
16f542b7-4297-6a46-efc2-4fb627c88d5b,KXAUBCOACH-26-JSUM,2025-11-29T02:59:11.147352Z,47.00,0.4100,0.5900,yes
03adff21-d74e-6034-fbaf-143fbe046299,KXAUBCOACH-26-JSUM,2025-11-29T02:59:11.147352Z,16.00,0.7900,0.2100,yes
d53543cf-b1cb-7330-a73e-3410e01cd3cf,KXAUBCOACH-26-JSUM,2025-11-29T02:49:13.327436Z,8.00,0.4000,0.6000,yes
8ef894ad-d881-7d10-ba81-9ea0d1d1b7cc,KXAUBCOACH-26-JSUM,2025-11-29T02:49:13.327436Z,7.00,0.4100,0.5900,yes
327df171-d1d9-708d-bd59-13f4485a9c0a,KXAUBCOACH-26-JSUM,2025-11-29T02:49:13.327436Z,8.00,0.4000,0.6000,yes
fa297480-0ad0-4902-41dc-982dafbbd5f6,KXAUBCOACH-26-JSUM,2025-11-29T02:44:41.745803Z,10.00,0.3400,0.6600,no
db9663e5-d7cb-47fd-7d2f-63cd58002917,KXAUBCOACH-26-JSUM,2025-11-29T02:44:41.745803Z,10.00,0.3400,0.6600,no
0e72cd43-3855-42dd-4b3c-c4ac01965f52,KXAUBCOACH-26-JSUM,2025-11-29T02:38:44.078614Z,9.00,0.3500,0.6500,no
7e6f9b7f-e239-62e1-7a38-04b68e70b323,KXAUBCOACH-26-JSUM,2025-11-29T02:37:15.186688Z,11.00,0.4100,0.5900,yes
e528d9f4-0d95-4c01-daaf-b9ea5f8e7d8b,KXAUBCOACH-26-JSUM,2025-11-29T02:35:52.733323Z,58.00,0.4100,0.5900,yes
ab3703fa-31e1-66e9-1f39-3a462dbc1abf,KXAUBCOACH-26-JSUM,2025-11-29T02:29:18.048462Z,47.00,0.4100,0.5900,yes
d8996534-4b4b-4988-f1cf-609a20d4b850,KXAUBCOACH-26-JSUM,2025-11-29T02:28:48.439427Z,8.00,0.5100,0.4900,yes
a29787e1-5a82-4f00-ccd9-2ee1c19c533d,KXAUBCOACH-26-JSUM,2025-11-29T02:28:48.439427Z,101.00,0.7900,0.2100,yes
9bf70d03-3d13-4986-d7f3-8da992fa1631,KXAUBCOACH-26-JSUM,2025-11-29T02:28:48.439427Z,83.00,0.5200,0.4800,yes
75abc2dd-10af-4676-ce88-e23018b7a314,KXAUBCOACH-26-JSUM,2025-11-29T02:28:48.439427Z,833.00,0.3600,0.6400,yes
688f81d8-7c8b-4c59-d5bd-17883e18529f,KXAUBCOACH-26-JSUM,2025-11-29T02:28:48.439427Z,28.00,0.6700,0.3300,yes
50a50afd-45e3-4a64-c0dc-307799309eda,KXAUBCOACH-26-JSUM,2025-11-29T02:28:48.439427Z,9.00,0.7800,0.2200,yes
1c027f10-d525-4f21-c952-9fa6cc87874a,KXAUBCOACH-26-JSUM,2025-11-29T02:28:48.439427Z,43.00,0.4200,0.5800,yes
0807c7e2-78ea-4b85-d743-f42d5e71b628,KXAUBCOACH-26-JSUM,2025-11-29T02:28:48.439427Z,3.00,0.3500,0.6500,yes
ea0a25f0-244a-72df-1ad0-637630576bd6,KXAUBCOACH-26-JSUM,2025-11-29T02:20:58.113315Z,433.00,0.4500,0.5500,yes
a8958c20-ed27-7131-1d58-21ddea0a8b68,KXAUBCOACH-26-JSUM,2025-11-29T02:20:58.113315Z,286.00,0.3500,0.6500,yes
a5744497-c10f-7020-07b3-616c1999b8d4,KXAUBCOACH-26-JSUM,2025-11-29T02:20:58.113315Z,62.00,0.5100,0.4900,yes
a3513e16-02f1-7b11-17b9-519163465d71,KXAUBCOACH-26-JSUM,2025-11-29T02:20:58.113315Z,2500.00,0.3200,0.6800,yes
82620b54-f26a-730f-3328-7170cda6f037,KXAUBCOACH-26-JSUM,2025-11-29T02:20:58.113315Z,36.00,0.4700,0.5300,yes
527b5d98-fa4c-7219-14c5-ab94409a152a,KXAUBCOACH-26-JSUM,2025-11-29T02:20:58.113315Z,66.00,0.5000,0.5000,yes
4c7801de-5c30-735a-1241-885497234cc9,KXAUBCOACH-26-JSUM,2025-11-29T02:20:58.113315Z,30.00,0.4600,0.5400,yes
4a1a5caf-9c86-7f36-0bd0-da24c7e0c1b8,KXAUBCOACH-26-JSUM,2025-11-29T02:20:58.113315Z,51.00,0.4800,0.5200,yes
23f94ae8-bbc4-7611-3cf1-fdd842ba8b08,KXAUBCOACH-26-JSUM,2025-11-29T02:20:58.113315Z,60.00,0.4900,0.5100,yes
f2ae1a07-5e10-57d2-ae2c-e791fd983408,KXAUBCOACH-26-JSUM,2025-11-29T02:20:46.80398Z,10.00,0.2700,0.7300,no
a0f123a9-f767-49be-2711-66603cdd8a1c,KXAUBCOACH-26-JSUM,2025-11-29T02:08:46.068718Z,10.00,0.3100,0.6900,yes
64980ce0-180c-4d1b-240f-2cf59f19d2e2,KXAUBCOACH-26-JSUM,2025-11-29T02:08:46.068718Z,10.00,0.3100,0.6900,yes
5457835b-c5dc-4ff6-133d-3bcb41ea2423,KXAUBCOACH-26-JSUM,2025-11-29T02:08:46.068718Z,123.00,0.3200,0.6800,yes
aa9fb0db-afb0-6d6a-01e0-acd4d62b43d3,KXAUBCOACH-26-JSUM,2025-11-29T02:01:15.158125Z,158.00,0.3200,0.6800,yes
5a3a661e-cc55-4bf2-6d04-e3fea378d940,KXAUBCOACH-26-JSUM,2025-11-29T02:01:09.685227Z,500.00,0.2600,0.7400,no
a1d90f4b-b69c-5a2b-8d08-e19f182d65b1,KXAUBCOACH-26-JSUM,2025-11-29T01:58:27.85872Z,100.00,0.2600,0.7400,no
6bce430b-c970-574b-ad94-72353abd76b6,KXAUBCOACH-26-JSUM,2025-11-29T01:58:27.85872Z,12.00,0.2500,0.7500,no
5f23eb1b-9fab-536e-95de-7f1901339852,KXAUBCOACH-26-JSUM,2025-11-29T01:58:27.85872Z,10.00,0.2600,0.7400,no
1464785d-f7ea-5d55-89d7-7aa20b3203aa,KXAUBCOACH-26-JSUM,2025-11-29T01:58:27.85872Z,10.00,0.2600,0.7400,no
f74ab247-b768-75bf-fbed-6bc2d5b45615,KXAUBCOACH-26-JSUM,2025-11-29T01:53:58.337293Z,210.00,0.2700,0.7300,no
50b93d38-58fc-738a-0087-f881f63357c3,KXAUBCOACH-26-JSUM,2025-11-29T01:50:50.004087Z,67.00,0.3200,0.6800,yes
4f52c777-1628-6c56-d5f9-33a86041f1ef,KXAUBCOACH-26-JSUM,2025-11-29T01:49:06.796957Z,66.00,0.3200,0.6800,yes
dc56db56-0ce1-5141-fc1a-ba5ede819360,KXAUBCOACH-26-JSUM,2025-11-29T01:44:53.939687Z,61.00,0.3300,0.6700,yes
6e6e83d7-bbda-579b-ca3f-ebf8114c9306,KXAUBCOACH-26-JSUM,2025-11-29T01:44:53.939687Z,300.00,0.3300,0.6700,yes
9175f0c4-7051-6625-8ec7-e3123cc07c9d,KXAUBCOACH-26-JSUM,2025-11-29T01:09:19.573498Z,3.00,0.3000,0.7000,no
c48ab75e-a017-4533-9ee3-46f38c94f6f5,KXAUBCOACH-26-JSUM,2025-11-29T00:47:42.106834Z,335.00,0.3300,0.6700,yes
0b7cb201-3387-4582-b5a8-8614127db38c,KXAUBCOACH-26-JSUM,2025-11-29T00:47:42.106834Z,12.00,0.3200,0.6800,yes
a9097dd8-9a4c-4fbf-0e2c-353a776ca091,KXAUBCOACH-26-JSUM,2025-11-29T00:28:18.736387Z,149.00,0.2700,0.7300,no
53d876f7-84a8-4bfb-0ced-717d96177fdc,KXAUBCOACH-26-JSUM,2025-11-29T00:28:18.736387Z,12.00,0.2800,0.7200,no
736598a7-a862-57e3-6f6d-78170f509f57,KXAUBCOACH-26-JSUM,2025-11-29T00:26:06.879038Z,1535.00,0.3100,0.6900,yes
3b1fef0c-669e-559d-5b9c-802bcf9d7178,KXAUBCOACH-26-JSUM,2025-11-29T00:26:06.879038Z,3.00,0.3000,0.7000,yes
02de32e8-3bd0-5f43-ba46-6deea197f059,KXAUBCOACH-26-JSUM,2025-11-29T00:03:13.971641Z,119.00,0.2700,0.7300,no
6656e7b2-6ab7-72b4-99c3-3045984d8c2d,KXAUBCOACH-26-JSUM,2025-11-29T00:03:09.360493Z,230.00,0.3100,0.6900,yes
81bc0260-45bc-6507-6e4b-462584983659,KXAUBCOACH-26-JSUM,2025-11-29T00:02:52.815263Z,22.00,0.2700,0.7300,no
b54d118f-3d87-6e3c-328e-9340fd33820e,KXAUBCOACH-26-JSUM,2025-11-28T23:22:02.139017Z,9.00,0.3100,0.6900,yes
5f81b7ac-4186-673e-20dd-e6516b7f55bb,KXAUBCOACH-26-JSUM,2025-11-28T23:22:02.139017Z,8.00,0.3500,0.6500,yes
55ba80db-a0c2-68ae-14c3-b6a0e32d8f06,KXAUBCOACH-26-JSUM,2025-11-28T23:22:02.139017Z,9.00,0.3100,0.6900,yes
001c093b-4486-6d3e-3105-e611625f5f70,KXAUBCOACH-26-JSUM,2025-11-28T23:22:02.139017Z,15.00,0.3200,0.6800,yes
3a4c3be0-8ec2-4518-c198-218a8c522cf0,KXAUBCOACH-26-JSUM,2025-11-28T23:05:49.202036Z,3.00,0.2900,0.7100,yes
95d4b1ed-ae22-4311-0ac5-95dfb01ddf61,KXAUBCOACH-26-JSUM,2025-11-28T22:52:19.161461Z,6.00,0.3000,0.7000,no
944d8b2f-bf72-46a1-2c5d-e85199e71c4e,KXAUBCOACH-26-JSUM,2025-11-28T22:52:19.161461Z,7.00,0.3000,0.7000,no
7cc48875-1abf-4829-23ed-207a2e870d27,KXAUBCOACH-26-JSUM,2025-11-28T22:52:19.161461Z,14.00,0.3100,0.6900,no
70f363fd-4bd9-4561-1c0e-aff5fa4d2398,KXAUBCOACH-26-JSUM,2025-11-28T22:52:19.161461Z,80.00,0.1800,0.8200,no
62f02415-1310-40e1-294e-bee13dc9fd1c,KXAUBCOACH-26-JSUM,2025-11-28T22:52:19.161461Z,15.00,0.2700,0.7300,no
063e70be-e73d-4222-1ac2-956399bb5e03,KXAUBCOACH-26-JSUM,2025-11-28T22:52:19.161461Z,3.00,0.1700,0.8300,no
b51057e6-e822-6761-fc9e-24ac71a53fe2,KXAUBCOACH-26-JSUM,2025-11-28T22:43:43.032796Z,129.00,0.3200,0.6800,yes
d3b7dbcd-005b-5f50-79ac-08173c8c9f44,KXAUBCOACH-26-JSUM,2025-11-28T22:42:27.389197Z,170.00,0.3100,0.6900,yes
30056977-a6b5-5134-5a5f-69925a14d93d,KXAUBCOACH-26-JSUM,2025-11-28T22:42:27.389197Z,10.00,0.3200,0.6800,yes
11093387-3d08-5124-60b2-d9f35e137f65,KXAUBCOACH-26-JSUM,2025-11-28T22:42:27.389197Z,526.00,0.3200,0.6800,yes
0891a866-0147-5725-7659-8e87f04805df,KXAUBCOACH-26-JSUM,2025-11-28T22:42:27.389197Z,10.00,0.3200,0.6800,yes
1ebacca3-efe3-6688-ee14-6bb3ba87fde8,KXAUBCOACH-26-JSUM,2025-11-28T22:39:42.44149Z,14.00,0.3100,0.6900,yes
22e68063-8299-65c1-96ba-2d630171446e,KXAUBCOACH-26-JSUM,2025-11-28T22:39:02.944018Z,400.00,0.2900,0.7100,no
72fb6e13-32f6-60b9-c620-12ca3ee88736,KXAUBCOACH-26-JSUM,2025-11-28T22:25:48.365079Z,5.00,0.3200,0.6800,yes
d290b3a9-92ba-4566-6590-be15a0c57597,KXAUBCOACH-26-JSUM,2025-11-28T22:20:33.223356Z,10.00,0.3500,0.6500,yes
13e7c561-a4e2-4456-4bdb-59ddd1178216,KXAUBCOACH-26-JSUM,2025-11-28T22:20:33.223356Z,17.00,0.3400,0.6600,yes
bedfb31b-82f1-64fd-964d-4b31839cffc0,KXAUBCOACH-26-JSUM,2025-11-28T22:13:28.491099Z,29.00,0.1800,0.8200,no
58396909-be4e-6b59-a052-00867a455502,KXAUBCOACH-26-JSUM,2025-11-28T22:13:28.491099Z,4.00,0.1800,0.8200,no
9d75b487-76eb-6233-99b2-9f1eda27d2d7,KXAUBCOACH-26-JSUM,2025-11-28T22:08:17.735139Z,7.00,0.3000,0.7000,yes
8971a020-078e-6b85-b9be-5e0801f79b8b,KXAUBCOACH-26-JSUM,2025-11-28T22:08:17.735139Z,20.00,0.3400,0.6600,yes
35904d5b-4aa8-6df5-b17f-9ad9247c508e,KXAUBCOACH-26-JSUM,2025-11-28T22:08:17.735139Z,8.00,0.3000,0.7000,yes
14497a2f-6c09-6d7e-be1d-dd9f2ee22df1,KXAUBCOACH-26-JSUM,2025-11-28T22:08:17.735139Z,15.00,0.3100,0.6900,yes
21d9f44d-7207-5b55-052c-ace271177449,KXAUBCOACH-26-JSUM,2025-11-28T21:57:33.702729Z,146.00,0.3200,0.6800,yes
ca74eba2-81a9-5c7c-4c16-f638071b55a8,KXAUBCOACH-26-JSUM,2025-11-28T21:51:08.043429Z,7.00,0.2700,0.7300,no
725b4b42-8a6d-7b3f-c309-c6574dd61dd6,KXAUBCOACH-26-JSUM,2025-11-28T21:39:14.820133Z,8.00,0.3000,0.7000,no
5b04d5f0-6e2b-7cdb-cbfd-a3c2cf2bde8b,KXAUBCOACH-26-JSUM,2025-11-28T21:39:14.820133Z,8.00,0.3000,0.7000,no
4f6bb6c1-418d-7e45-eb80-d63363919974,KXAUBCOACH-26-JSUM,2025-11-28T21:39:14.820133Z,250.00,0.2800,0.7200,no
2def843c-5c7b-5eaf-2ac0-6023d709d783,KXAUBCOACH-26-JSUM,2025-11-28T21:33:21.676676Z,175.00,0.2900,0.7100,no
cfc219c2-82a2-6033-c171-08b3eca958b2,KXAUBCOACH-26-JSUM,2025-11-28T21:23:44.709967Z,67.00,0.4500,0.5500,yes
47beea1c-a330-63b1-ded1-0eeb31fc0af4,KXAUBCOACH-26-JSUM,2025-11-28T21:23:44.709967Z,8.00,0.3600,0.6400,yes
3d5800aa-d3fe-6300-d0ea-b252ed0a29d7,KXAUBCOACH-26-JSUM,2025-11-28T21:23:44.709967Z,10.00,0.3900,0.6100,yes
2cef0c9d-1eb1-6d63-f29d-3b7c4722c61d,KXAUBCOACH-26-JSUM,2025-11-28T21:23:44.709967Z,22.00,0.3700,0.6300,yes
0688e76c-a94f-6a29-d793-8321c2a406bc,KXAUBCOACH-26-JSUM,2025-11-28T21:23:44.709967Z,8.00,0.3600,0.6400,yes
7cd13b42-0b9a-45a7-e9c5-0ebf612017a9,KXAUBCOACH-26-JSUM,2025-11-28T20:56:53.646752Z,152.00,0.2200,0.7800,no
f97f5559-93c9-6211-c6cc-e8084c03e734,KXAUBCOACH-26-JSUM,2025-11-28T20:55:08.387815Z,650.00,0.3200,0.6800,no
68cdee8b-b88d-5be1-d215-ebdea8172334,KXAUBCOACH-26-JSUM,2025-11-28T20:54:24.586087Z,120.00,0.3200,0.6800,no
8c8083e2-8bc3-7d2a-ffc6-8ff1b204c156,KXAUBCOACH-26-JSUM,2025-11-28T20:53:05.557984Z,10.00,0.3300,0.6700,no
8016ec05-6b0b-7dd7-de3f-336164b99715,KXAUBCOACH-26-JSUM,2025-11-28T20:53:05.557984Z,10.00,0.3300,0.6700,no
aa42ade6-0081-7542-1e14-779e32cc6774,KXAUBCOACH-26-JSUM,2025-11-28T20:50:59.869897Z,56.00,0.3400,0.6600,yes
da3a6594-2ed4-4281-f5ae-23436b58602e,KXAUBCOACH-26-JSUM,2025-11-28T20:50:52.029359Z,10.00,0.3400,0.6600,no
13d0b889-3695-5429-8e35-10bbc2b6562c,KXAUBCOACH-26-JSUM,2025-11-28T20:46:01.785529Z,200.00,0.3200,0.6800,no
bd4bc916-9fef-4c12-bb50-65aae1b32420,KXAUBCOACH-26-JSUM,2025-11-28T20:45:25.871571Z,250.00,0.3300,0.6700,no
c72c009b-a8d7-485d-8bf4-3d116c68fa2c,KXAUBCOACH-26-JSUM,2025-11-28T20:45:01.129855Z,500.00,0.3300,0.6700,no
dd88e703-543f-48b3-b067-88b0a2222bb5,KXAUBCOACH-26-JSUM,2025-11-28T20:44:53.601461Z,4.00,0.4200,0.5800,yes
e998883a-e85b-7a29-d374-93aec461b6f3,KXAUBCOACH-26-JSUM,2025-11-28T20:44:34.511796Z,350.00,0.3400,0.6600,no
d9a966c7-51cd-7661-8a6b-8590be5d783c,KXAUBCOACH-26-JSUM,2025-11-28T20:42:44.693103Z,7.00,0.4100,0.5900,yes
8c65c913-ac2e-78ad-8014-ce592b132da7,KXAUBCOACH-26-JSUM,2025-11-28T20:42:44.693103Z,49.00,0.4300,0.5700,yes
e940e408-5751-6c64-2698-eda34a2a0f4a,KXAUBCOACH-26-JSUM,2025-11-28T20:42:22.388673Z,10.00,0.4000,0.6000,yes
736b9e59-d893-6255-335c-89cfb6e36172,KXAUBCOACH-26-JSUM,2025-11-28T20:42:22.388673Z,10.00,0.4000,0.6000,yes
5897f0ee-6329-6cd1-2584-eed4f82eb310,KXAUBCOACH-26-JSUM,2025-11-28T20:42:22.388673Z,3.00,0.4100,0.5900,yes
5035333e-fe1b-6a15-5bbc-b1f41e52a00b,KXAUBCOACH-26-JSUM,2025-11-28T20:35:46.483092Z,16.00,0.3400,0.6600,no
24977c74-be4b-793f-70ba-09e7ca8b8ed4,KXAUBCOACH-26-JSUM,2025-11-28T20:27:45.787139Z,10.00,0.3500,0.6500,no
fa592f67-44a5-4516-69e7-fa2a10ad8780,KXAUBCOACH-26-JSUM,2025-11-28T20:26:02.508008Z,75.00,0.3500,0.6500,no
666e2b12-47c5-42d6-3e2a-0af8e97bfe5a,KXAUBCOACH-26-JSUM,2025-11-28T20:25:41.657154Z,250.00,0.3600,0.6400,no
d8ba02d5-4754-7f0e-d1cf-282a595bfa49,KXAUBCOACH-26-JSUM,2025-11-28T20:24:14.981082Z,10.00,0.3800,0.6200,no
1c41bcc1-166c-7e16-ec9a-dd175d64e963,KXAUBCOACH-26-JSUM,2025-11-28T20:24:14.981082Z,10.00,0.3800,0.6200,no
ff44d463-c82c-7141-2ece-0501df7e628f,KXAUBCOACH-26-JSUM,2025-11-28T20:16:38.014706Z,10.00,0.4200,0.5800,yes
e19dfdbb-1c15-78ab-1001-1c5af86b0e77,KXAUBCOACH-26-JSUM,2025-11-28T20:16:38.014706Z,10.00,0.4100,0.5900,yes
9dbc362d-e763-7b8c-3128-919839d91e2a,KXAUBCOACH-26-JSUM,2025-11-28T20:16:38.014706Z,215.00,0.4400,0.5600,yes
84fd3207-0412-7119-23e5-dc9df333f527,KXAUBCOACH-26-JSUM,2025-11-28T20:16:38.014706Z,21.00,0.4000,0.6000,yes
144c318d-eaa4-7fd3-0604-a3ee38ca8291,KXAUBCOACH-26-JSUM,2025-11-28T20:16:38.014706Z,10.00,0.4100,0.5900,yes
e4b2d7ea-7ecc-4fa5-dddc-50474451b043,KXAUBCOACH-26-JSUM,2025-11-28T20:15:56.065438Z,44.00,0.3500,0.6500,no
f8094896-465c-6075-ee95-29ab7d338d2f,KXAUBCOACH-26-JSUM,2025-11-28T20:03:45.532292Z,85.00,0.3500,0.6500,no
379387da-ee2a-6c74-f3cc-d6c69a48fcc3,KXAUBCOACH-26-JSUM,2025-11-28T20:03:45.532292Z,10.00,0.3600,0.6400,no
51349b44-63f4-7edd-d101-10daba3b3e20,KXAUBCOACH-26-JSUM,2025-11-28T19:33:45.656105Z,5.00,0.5400,0.4600,yes
98bf6fc2-a887-6735-c8c1-b5ee2ca9f660,KXAUBCOACH-26-JSUM,2025-11-28T19:32:56.06293Z,300.00,0.2500,0.7500,no
ee35752a-d37d-4e01-6ad7-26ab9d6dbe4e,KXAUBCOACH-26-JSUM,2025-11-28T19:21:55.683762Z,36.00,0.5900,0.4100,yes
e283c61a-25fa-4663-5dfa-fd8cdeea4ae1,KXAUBCOACH-26-JSUM,2025-11-28T19:21:55.683762Z,30.00,0.5700,0.4300,yes
d7128ff0-76af-44d1-7499-6ff11e601c4c,KXAUBCOACH-26-JSUM,2025-11-28T19:21:55.683762Z,200.00,0.4100,0.5900,yes
b0efc3a8-169f-48a9-52b5-d126dbe0f33f,KXAUBCOACH-26-JSUM,2025-11-28T19:21:55.683762Z,60.00,0.6100,0.3900,yes
8d8de7e4-378a-41ee-4267-92eeaecd725f,KXAUBCOACH-26-JSUM,2025-11-28T19:21:55.683762Z,1000.00,0.3500,0.6500,yes
790753e8-2161-4aa9-78c8-8e16600a0780,KXAUBCOACH-26-JSUM,2025-11-28T19:21:55.683762Z,10.00,0.4400,0.5600,yes
6c939815-5235-4428-77ac-ded08c16f824,KXAUBCOACH-26-JSUM,2025-11-28T19:21:55.683762Z,30.00,0.5800,0.4200,yes
662345b8-3394-4df8-5477-d9e17486cd92,KXAUBCOACH-26-JSUM,2025-11-28T19:21:55.683762Z,241.00,0.4900,0.5100,yes
469c3bd8-8132-4871-7ef2-0e30114d3532,KXAUBCOACH-26-JSUM,2025-11-28T19:21:55.683762Z,545.00,0.4300,0.5700,yes
0bf382ee-6e7e-4882-591d-b94320d43742,KXAUBCOACH-26-JSUM,2025-11-28T19:21:55.683762Z,49.00,0.6200,0.3800,yes
0a9f743a-d12e-4abf-5ade-3536e34ad797,KXAUBCOACH-26-JSUM,2025-11-28T19:21:55.683762Z,51.00,0.6000,0.4000,yes
7806dce9-2b57-59c4-a515-5425152c488f,KXAUBCOACH-26-JSUM,2025-11-28T19:12:04.527474Z,224.00,0.4000,0.6000,yes
3e773070-6354-5b45-bb65-f149911f36a0,KXAUBCOACH-26-JSUM,2025-11-28T19:12:04.527474Z,20.00,0.4200,0.5800,yes
30ab828a-b67e-56d5-8582-5d561735ce9a,KXAUBCOACH-26-JSUM,2025-11-28T19:12:04.527474Z,332.00,0.4300,0.5700,yes
a1a6236f-5624-51a3-5572-dc436a212629,KXAUBCOACH-26-JSUM,2025-11-28T19:04:36.536138Z,2.00,0.3300,0.6700,no
59b58e18-00ab-53cd-63d2-d78964ccfe8d,KXAUBCOACH-26-JSUM,2025-11-28T19:04:36.536138Z,27.00,0.3400,0.6600,no
ad05eb86-2074-561d-8c14-7ffccbf5869a,KXAUBCOACH-26-JSUM,2025-11-28T19:03:25.117118Z,10.00,0.3800,0.6200,no
67d0b944-20eb-5d2d-a0d2-2c543f6b74b9,KXAUBCOACH-26-JSUM,2025-11-28T19:03:25.117118Z,39.00,0.3400,0.6600,no
330532d8-ba08-5b14-a18b-22a5ce33503b,KXAUBCOACH-26-JSUM,2025-11-28T19:03:25.117118Z,26.00,0.3700,0.6300,no
01753334-8bb7-55ed-a860-f1867cd1c712,KXAUBCOACH-26-JSUM,2025-11-28T19:03:25.117118Z,60.00,0.3500,0.6500,no
c29cfefc-fa3b-54a8-76cf-ed69ebb6faeb,KXAUBCOACH-26-JSUM,2025-11-28T18:58:27.716523Z,273.00,0.4900,0.5100,yes
9937c42c-938b-5540-5d7a-5e8f3a15278a,KXAUBCOACH-26-JSUM,2025-11-28T18:58:27.716523Z,6.00,0.4400,0.5600,yes
22a13eb6-ebcd-563a-6062-54040e44b60b,KXAUBCOACH-26-JSUM,2025-11-28T18:58:27.716523Z,10.00,0.4500,0.5500,yes
ba35ec7c-dd6a-7e5a-3884-342a17e188ab,KXAUBCOACH-26-JSUM,2025-11-28T18:53:38.07697Z,10.00,0.3900,0.6100,no
7d094cc1-1669-75cd-0a7a-eecaa1d198f0,KXAUBCOACH-26-JSUM,2025-11-28T18:53:38.07697Z,62.00,0.3800,0.6200,no
492d192d-02fd-737f-239c-064a7150f811,KXAUBCOACH-26-JSUM,2025-11-28T18:53:38.07697Z,5.00,0.3600,0.6400,no
ec0e4c97-0a7f-5214-fac4-4a0301a0c40e,KXAUBCOACH-26-JSUM,2025-11-28T18:51:55.784479Z,4.00,0.4400,0.5600,yes
f4160a45-9195-44fd-68a5-21fffd3afcb8,KXAUBCOACH-26-JSUM,2025-11-28T18:51:28.66622Z,138.00,0.3800,0.6200,no
52a37053-f494-43a5-6011-2b75dadaea9c,KXAUBCOACH-26-JSUM,2025-11-28T18:51:28.66622Z,10.00,0.4400,0.5600,no
39acbc8d-08d5-4644-4b3b-ed2d6c037505,KXAUBCOACH-26-JSUM,2025-11-28T18:51:28.66622Z,10.00,0.4400,0.5600,no
fac2867f-35ff-6278-cd2b-ff1db7a63cdf,KXAUBCOACH-26-JSUM,2025-11-28T18:23:26.216148Z,3.00,0.5900,0.4100,yes
b63abbee-5279-68d0-ceba-8e29e273d39f,KXAUBCOACH-26-JSUM,2025-11-28T18:23:26.216148Z,10.00,0.5800,0.4200,yes
c403b534-7f34-7d8c-03a9-ac98b824c320,KXAUBCOACH-26-JSUM,2025-11-28T18:17:34.931978Z,10.00,0.3800,0.6200,no
aa63f3c1-5249-760f-2f55-f03a64a91b09,KXAUBCOACH-26-JSUM,2025-11-28T18:17:34.931978Z,16.00,0.3600,0.6400,no
9c71cc73-56f6-7ab3-0eb3-18f2f3f9eed9,KXAUBCOACH-26-JSUM,2025-11-28T18:17:34.931978Z,31.00,0.3900,0.6100,no
5b0a74a5-2c71-7008-16a7-a9387173ba09,KXAUBCOACH-26-JSUM,2025-11-28T18:17:34.931978Z,10.00,0.3800,0.6200,no
45797708-4099-7a72-27d6-c3dcbf8cb38e,KXAUBCOACH-26-JSUM,2025-11-28T18:17:34.931978Z,10.00,0.3900,0.6100,no
c367ae2f-afd9-469a-fcb3-2bdde1733c48,KXAUBCOACH-26-JSUM,2025-11-28T18:16:57.357916Z,10.00,0.6600,0.3400,yes
bcc5b21c-5c04-4822-c70e-183fca65a428,KXAUBCOACH-26-JSUM,2025-11-28T18:16:57.357916Z,600.00,0.6600,0.3400,yes
8fb2e32a-e473-4e51-d15d-eb2d72b4f2fb,KXAUBCOACH-26-JSUM,2025-11-28T18:16:57.357916Z,380.00,0.6700,0.3300,yes
541ea734-b349-402d-ed58-37667357c9f2,KXAUBCOACH-26-JSUM,2025-11-28T18:16:57.357916Z,10.00,0.6600,0.3400,yes
a2c5d1d6-3735-62e5-47f9-c58e97caad96,KXAUBCOACH-26-JSUM,2025-11-28T18:15:41.391784Z,100.00,0.5400,0.4600,yes
a0f2b4dc-d16c-6b4e-47e8-3ef7bd502c90,KXAUBCOACH-26-JSUM,2025-11-28T18:15:41.391784Z,459.00,0.5500,0.4500,yes
44d32bc8-e5ac-6ce0-5cb1-3f7b353cba4a,KXAUBCOACH-26-JSUM,2025-11-28T18:15:41.391784Z,52.00,0.5800,0.4200,yes
343fd9a1-388e-6f12-6115-a510489225c5,KXAUBCOACH-26-JSUM,2025-11-28T18:15:41.391784Z,100.00,0.5700,0.4300,yes
d8d4ee9c-1ca9-66b2-eeb8-af6549c8182c,KXAUBCOACH-26-JSUM,2025-11-28T18:11:53.565073Z,10.00,0.5300,0.4700,yes
86075344-04f9-663b-ca41-194a450ac34d,KXAUBCOACH-26-JSUM,2025-11-28T18:11:53.565073Z,10.00,0.5000,0.5000,yes
465026d8-43fe-6802-d4a9-21194db1abb8,KXAUBCOACH-26-JSUM,2025-11-28T18:11:53.565073Z,20.00,0.5100,0.4900,yes
3c8258ad-e0c1-62ae-e020-41947e952b3c,KXAUBCOACH-26-JSUM,2025-11-28T18:11:53.565073Z,10.00,0.5300,0.4700,yes
3016f702-1334-630a-c8a8-6fb04b6e0bc8,KXAUBCOACH-26-JSUM,2025-11-28T18:11:53.565073Z,41.00,0.5500,0.4500,yes
ffbec7f0-e707-7ada-9099-557e176a3482,KXAUBCOACH-26-JSUM,2025-11-28T18:09:40.084865Z,9.00,0.3900,0.6100,no
fe82e13e-ad8b-7d3e-9f25-310e834590b9,KXAUBCOACH-26-JSUM,2025-11-28T18:09:40.084865Z,9.00,0.3900,0.6100,no
bf925ed1-6b3d-78ab-ad00-783909579b19,KXAUBCOACH-26-JSUM,2025-11-28T18:09:40.084865Z,19.00,0.3600,0.6400,no
1eb24d5d-e33e-7b89-8060-e00dbd2c78b6,KXAUBCOACH-26-JSUM,2025-11-28T18:09:40.084865Z,10.00,0.4000,0.6000,no
51028577-b8e1-7673-6785-fb5e75dac799,KXAUBCOACH-26-JSUM,2025-11-28T17:55:12.892299Z,92.00,0.3600,0.6400,no
0e81c779-e348-6344-95d0-570fbebb8c4a,KXAUBCOACH-26-JSUM,2025-11-28T17:53:58.395451Z,156.00,0.5800,0.4200,yes
5b08ec5c-ec95-612c-d72f-74119501464a,KXAUBCOACH-26-JSUM,2025-11-28T17:53:45.302553Z,92.00,0.4300,0.5700,no
38f9c02e-35c9-698f-c496-a631b585b8eb,KXAUBCOACH-26-JSUM,2025-11-28T17:53:45.302553Z,48.00,0.3600,0.6400,no
350ca723-2851-6b5f-ce91-6137fb07ec09,KXAUBCOACH-26-JSUM,2025-11-28T17:53:45.302553Z,16.00,0.3600,0.6400,no
2715354f-ceb2-6121-ce33-97d21733b541,KXAUBCOACH-26-JSUM,2025-11-28T17:53:45.302553Z,3.00,0.3800,0.6200,no
26ffd232-1ea3-69d4-fda2-ad844dbf3c5c,KXAUBCOACH-26-JSUM,2025-11-28T17:53:45.302553Z,3.00,0.3800,0.6200,no
ec71f93d-7a1c-69e8-2a0a-f1ec670db332,KXAUBCOACH-26-JSUM,2025-11-28T17:53:43.791158Z,92.00,0.5800,0.4200,yes
dbb61a62-8a85-442d-dcad-7a59051526d5,KXAUBCOACH-26-JSUM,2025-11-28T17:53:15.033275Z,9.00,0.4300,0.5700,yes
d294a995-56b7-49f0-ca71-07250d72ac6e,KXAUBCOACH-26-JSUM,2025-11-28T17:53:15.033275Z,10.00,0.4200,0.5800,yes
0c1e9d5d-f7f2-431a-f6ad-caf398036f44,KXAUBCOACH-26-JSUM,2025-11-28T17:53:15.033275Z,9.00,0.4300,0.5700,yes
04fefde7-e2ad-618b-091f-799341d0592b,KXAUBCOACH-26-JSUM,2025-11-28T17:52:48.436841Z,10.00,0.4200,0.5800,yes
cf155f33-4bc6-7910-56b2-90d8909b1977,KXAUBCOACH-26-JSUM,2025-11-28T17:39:21.233014Z,36.00,0.3700,0.6300,no
c0ec862a-a6dd-7fef-469c-e85a14d6f04f,KXAUBCOACH-26-JSUM,2025-11-28T17:39:21.233014Z,3.00,0.3600,0.6400,no
8dc00410-8f57-7400-504f-6a45144e0973,KXAUBCOACH-26-JSUM,2025-11-28T17:39:21.233014Z,3.00,0.3800,0.6200,no
52fe9f5d-2797-56c0-f9bf-acce92f3c97b,KXAUBCOACH-26-JSUM,2025-11-28T17:38:36.82098Z,9.00,0.5500,0.4500,no
51d0b60c-c27e-5afa-efb1-ae7eff8eb7f1,KXAUBCOACH-26-JSUM,2025-11-28T17:38:36.82098Z,10.00,0.5500,0.4500,no
44d29a1a-2057-55e0-e798-c55f563fefb3,KXAUBCOACH-26-JSUM,2025-11-28T17:38:36.82098Z,27.00,0.3800,0.6200,no
1b4fa7d0-4c4e-5554-e061-fb769889f860,KXAUBCOACH-26-JSUM,2025-11-28T17:38:36.82098Z,4.00,0.3900,0.6100,no
468ff7ae-32a5-6b0f-8c69-de0216a84f70,KXAUBCOACH-26-JSUM,2025-11-28T17:36:08.371644Z,12.00,0.5600,0.4400,no
4511a110-4e55-64d6-9dc3-09d836d0467c,KXAUBCOACH-26-JSUM,2025-11-28T17:36:08.371644Z,288.00,0.5500,0.4500,no
5ef327d6-6cbe-4c3d-4404-d893c12cebc7,KXAUBCOACH-26-JSUM,2025-11-28T17:30:18.152845Z,4.00,0.6000,0.4000,yes
15bafcbc-dddf-4442-6c6e-a87fb58aeb30,KXAUBCOACH-26-JSUM,2025-11-28T17:30:18.152845Z,12.00,0.5900,0.4100,yes
69e6faca-443e-69f2-7eae-f9f5b93ec37e,KXAUBCOACH-26-JSUM,2025-11-28T17:17:58.840448Z,23.00,0.6000,0.4000,no
63b247cb-f955-6b24-5b8e-73d5e1152874,KXAUBCOACH-26-JSUM,2025-11-28T17:17:58.840448Z,8.00,0.5900,0.4100,no
480bcfb5-a515-6675-44fe-7ae527a84140,KXAUBCOACH-26-JSUM,2025-11-28T17:17:58.840448Z,666.00,0.5900,0.4100,no
1c1ed232-6e90-6d0d-45c1-e06013e50253,KXAUBCOACH-26-JSUM,2025-11-28T17:17:58.840448Z,7.00,0.5900,0.4100,no
a2a6a46a-1a79-726c-c5f2-2e742075f62b,KXAUBCOACH-26-JSUM,2025-11-28T17:08:19.5539Z,11.00,0.6300,0.3700,yes
0d2d7c1d-7422-4724-11e7-592cc2cf11f2,KXAUBCOACH-26-JSUM,2025-11-28T17:07:48.10495Z,7.00,0.6400,0.3600,yes
07323057-105a-4b0c-35f8-ea173d9fd366,KXAUBCOACH-26-JSUM,2025-11-28T17:07:48.10495Z,23.00,0.6300,0.3700,yes
ec8789d5-6fd6-746a-d8bc-587c8b74f522,KXAUBCOACH-26-JSUM,2025-11-28T17:05:18.358701Z,37.00,0.6000,0.4000,no
80b89c6f-95ca-734a-c01a-0bb5b0f884c3,KXAUBCOACH-26-JSUM,2025-11-28T17:05:18.358701Z,11.00,0.6100,0.3900,no
7f95b838-ea35-589b-6fb1-81f31fbe5042,KXAUBCOACH-26-JSUM,2025-11-28T17:04:15.646123Z,11.00,0.6100,0.3900,no
3f42ee64-8dd2-5ff2-6e4a-62409d7a77d2,KXAUBCOACH-26-JSUM,2025-11-28T17:04:15.646123Z,25.00,0.6000,0.4000,no
149838d5-6a6c-6e9a-abea-28f833229e49,KXAUBCOACH-26-JSUM,2025-11-28T16:48:04.547486Z,3.00,0.6600,0.3400,yes
084c104f-703a-4ce1-61ec-2247e3c71d95,KXAUBCOACH-26-JSUM,2025-11-28T16:41:25.884244Z,2.00,0.6200,0.3800,no
a125f0a9-9233-729f-0cca-ac8bf38b14ee,KXAUBCOACH-26-JSUM,2025-11-28T16:12:51.398074Z,9.00,0.6600,0.3400,yes
8ae339f1-6f9e-7368-1c81-cce0f78e7e70,KXAUBCOACH-26-JSUM,2025-11-28T16:12:51.398074Z,8.00,0.6600,0.3400,yes
28aafe2a-8573-7051-1f9b-c30a514d0c8f,KXAUBCOACH-26-JSUM,2025-11-28T16:12:51.398074Z,12.00,0.6700,0.3300,yes
e92ae5d2-f583-7981-d326-48d692c8d997,KXAUBCOACH-26-JSUM,2025-11-28T14:33:58.516423Z,6.00,0.6900,0.3100,yes
dc6c4215-5000-75df-dac5-67997ab82277,KXAUBCOACH-26-JSUM,2025-11-28T14:33:58.516423Z,10.00,0.6600,0.3400,yes
b1c2459b-6166-73a9-ed56-b27797eb2096,KXAUBCOACH-26-JSUM,2025-11-28T14:33:58.516423Z,10.00,0.6600,0.3400,yes
7f940786-a42c-72e0-dc41-92c6bf017fad,KXAUBCOACH-26-JSUM,2025-11-28T14:33:58.516423Z,10.00,0.6500,0.3500,yes
c667a8d3-6b60-6bfd-dbc1-d81bf545708d,KXAUBCOACH-26-JSUM,2025-11-28T14:23:52.544521Z,550.00,0.6200,0.3800,no
d192d032-6de4-4385-8419-6dfa95b53f71,KXAUBCOACH-26-JSUM,2025-11-28T14:19:56.007852Z,8.00,0.6200,0.3800,no
3dc7d482-5c28-4e7f-b226-15b1bbb6d12e,KXAUBCOACH-26-JSUM,2025-11-28T14:19:56.007852Z,2.00,0.6300,0.3700,no
e703127b-3b1e-6e87-5b8b-66d1a7c24730,KXAUBCOACH-26-JSUM,2025-11-28T12:02:19.946507Z,10.00,0.6700,0.3300,no
a04ba3ac-abde-69c9-4182-d3564fadd449,KXAUBCOACH-26-JSUM,2025-11-28T12:02:19.946507Z,7.00,0.6600,0.3400,no
48268b8b-d346-60b3-418a-e9e1ca85c31e,KXAUBCOACH-26-JSUM,2025-11-28T12:02:19.946507Z,10.00,0.6600,0.3400,no
056f8a72-5fce-5113-f910-66d84a31682f,KXAUBCOACH-26-JSUM,2025-11-28T11:38:00.661274Z,27.00,0.7000,0.3000,yes
a4abc7bb-3d88-7657-0ea4-f8ca1932a218,KXAUBCOACH-26-JSUM,2025-11-28T03:53:06.4295Z,17.00,0.7300,0.2700,yes
be00a69f-13b4-6f1b-c34d-45a5495b21f4,KXAUBCOACH-26-JSUM,2025-11-28T03:30:23.973001Z,103.00,0.7300,0.2700,yes
79f885a7-6c27-6781-d01f-e783c9df457e,KXAUBCOACH-26-JSUM,2025-11-28T03:30:23.973001Z,10.00,0.7000,0.3000,yes
5bb44178-e702-6112-eb7e-d1e99a2779bd,KXAUBCOACH-26-JSUM,2025-11-28T03:30:23.973001Z,10.00,0.7000,0.3000,yes
24e71275-8299-669d-c674-7cd3cf8b1ef2,KXAUBCOACH-26-JSUM,2025-11-28T03:30:23.973001Z,12.00,0.6900,0.3100,yes
3306e753-2db2-7b16-f13c-a44799fb40c1,KXAUBCOACH-26-JSUM,2025-11-28T00:57:12.383314Z,36.00,0.6500,0.3500,no
ac7eade0-42d4-7210-8f6c-4d387f4b8ebd,KXAUBCOACH-26-JSUM,2025-11-28T00:30:20.451401Z,5.00,0.6900,0.3100,no
8d9f1c1a-b2b6-7966-8b81-c52839316d41,KXAUBCOACH-26-JSUM,2025-11-28T00:30:20.451401Z,90.00,0.6500,0.3500,no
730b910f-6d93-7ac5-957e-2a95748d8206,KXAUBCOACH-26-JSUM,2025-11-28T00:30:20.451401Z,12.00,0.7000,0.3000,no
4fd0f9ea-3bea-7cad-8544-e9657e2dd5f8,KXAUBCOACH-26-JSUM,2025-11-28T00:30:20.451401Z,5.00,0.6900,0.3100,no
09b57173-7e5c-4e9c-3d01-016c4bc817c5,KXAUBCOACH-26-JSUM,2025-11-27T23:50:49.52615Z,18.00,0.7400,0.2600,yes
a7fe162c-3f38-73c2-5fcf-b8c6f20bc8cc,KXAUBCOACH-26-JSUM,2025-11-27T23:03:26.266488Z,12.00,0.7000,0.3000,yes
a419f4c1-e409-7b11-6626-aeca22d89aa4,KXAUBCOACH-26-JSUM,2025-11-27T23:03:26.266488Z,10.00,0.7100,0.2900,yes
4ffc3c01-699a-624a-f11c-d7fc1ed7aaed,KXAUBCOACH-26-JSUM,2025-11-27T22:00:45.68574Z,20.00,0.6500,0.3500,no
2707cf1b-4ff6-4cdd-944c-87fb2cb66ef1,KXAUBCOACH-26-JSUM,2025-11-27T20:17:23.369337Z,81.00,0.5900,0.4100,no
197b104e-70c8-4fdd-95dd-bcf4092bd28b,KXAUBCOACH-26-JSUM,2025-11-27T20:17:23.369337Z,19.00,0.6000,0.4000,no
c98ec85c-ea0c-61ca-5224-5482d1aa7120,KXAUBCOACH-26-JSUM,2025-11-27T20:12:20.119166Z,17.00,0.6000,0.4000,no
05f381ec-3c3e-67f1-4d76-55c9280bb899,KXAUBCOACH-26-JSUM,2025-11-27T20:12:20.119166Z,83.00,0.5900,0.4100,no
efc24c93-264e-5fef-ad69-5a94bfa67cea,KXAUBCOACH-26-JSUM,2025-11-27T19:38:03.869626Z,10.00,0.6300,0.3700,no
9569a819-2978-5728-8d8d-8a6e08828ebc,KXAUBCOACH-26-JSUM,2025-11-27T19:38:03.869626Z,10.00,0.6300,0.3700,no
231f6ff8-3935-5b99-ba2f-78701c560e6e,KXAUBCOACH-26-JSUM,2025-11-27T19:38:03.869626Z,16.00,0.6200,0.3800,no
1587c0eb-29fb-5d80-89c3-e70bacde1913,KXAUBCOACH-26-JSUM,2025-11-27T19:38:03.869626Z,250.00,0.6100,0.3900,no
0458a234-2907-75fc-a566-5669c97e42ef,KXAUBCOACH-26-JSUM,2025-11-27T19:30:22.627653Z,200.00,0.6100,0.3900,no
3d7b876a-1e1a-50a5-ff6d-283c924433a6,KXAUBCOACH-26-JSUM,2025-11-27T19:28:35.045247Z,20.00,0.6500,0.3500,no
3085f9c8-c07b-5211-c6a2-2d1f79be7d58,KXAUBCOACH-26-JSUM,2025-11-27T19:28:35.045247Z,40.00,0.6400,0.3600,no
9494fdf7-a3d9-5180-2e5e-2521642a66f2,KXAUBCOACH-26-JSUM,2025-11-27T19:22:32.293945Z,92.00,0.6600,0.3400,no
346cb60f-5d87-5fae-3073-813cbe7319e7,KXAUBCOACH-26-JSUM,2025-11-27T19:22:32.293945Z,15.00,0.7000,0.3000,no
950bc19b-dbe3-488f-31de-f6ebc8144803,KXAUBCOACH-26-JSUM,2025-11-27T19:22:18.464298Z,10.00,0.7100,0.2900,no
2c7fb85c-ac92-47f2-061b-7869595fe8bb,KXAUBCOACH-26-JSUM,2025-11-27T19:22:18.464298Z,10.00,0.7100,0.2900,no
d1543e3c-f655-7168-1b26-e9c97993f910,KXAUBCOACH-26-JSUM,2025-11-27T18:29:02.558385Z,8.00,0.8200,0.1800,yes
bec1cb88-a19d-72dc-2361-80ebe959f6a0,KXAUBCOACH-26-JSUM,2025-11-27T18:29:02.558385Z,39.00,0.7900,0.2100,yes
543e2da6-865a-7853-1fd4-3bc8dbeb340f,KXAUBCOACH-26-JSUM,2025-11-27T18:29:02.558385Z,2.00,0.8000,0.2000,yes
c341fe6e-cec8-7d2d-494f-9bf2ebb4b2ef,KXAUBCOACH-26-JSUM,2025-11-27T18:18:45.296101Z,23.00,0.7400,0.2600,yes
68108ebb-cf13-79d6-4e35-f4da26b1d294,KXAUBCOACH-26-JSUM,2025-11-27T18:18:45.296101Z,14.00,0.7500,0.2500,yes
3cae1c6f-6bc3-77c7-6e50-af40f94e7eea,KXAUBCOACH-26-JSUM,2025-11-27T18:18:45.296101Z,30.00,0.7700,0.2300,yes
26e3cade-2416-7fdb-6e66-503206515657,KXAUBCOACH-26-JSUM,2025-11-27T18:18:45.296101Z,98.00,0.8000,0.2000,yes
d2cfb513-dcea-4956-2fee-b8e18d950676,KXAUBCOACH-26-JSUM,2025-11-27T18:16:10.665407Z,10.00,0.7100,0.2900,yes
b79d4558-a370-44ce-21c6-f20aacfef616,KXAUBCOACH-26-JSUM,2025-11-27T18:16:10.665407Z,10.00,0.7100,0.2900,yes
3d5382a9-295c-4b69-30f0-dc8fecdbbf97,KXAUBCOACH-26-JSUM,2025-11-27T18:16:10.665407Z,1380.00,0.7400,0.2600,yes
5035ddef-3c4f-70bd-5724-89e654beab89,KXAUBCOACH-26-JSUM,2025-11-27T17:59:20.520078Z,136.00,0.7200,0.2800,yes
e613071c-9a24-4a96-a996-93d18b6f642e,KXAUBCOACH-26-JSUM,2025-11-27T17:54:38.439677Z,266.00,0.6800,0.3200,yes
2d99b88c-8518-40c1-b8da-a79dbb8bcddf,KXAUBCOACH-26-JSUM,2025-11-27T17:54:38.439677Z,176.00,0.7400,0.2600,yes
7945959c-d818-4c6e-9ef2-afe4bd3bc2b6,KXAUBCOACH-26-JSUM,2025-11-27T17:52:41.369886Z,223.00,0.6700,0.3300,yes
f7e82b57-8b72-49aa-18bb-868a9ff8e41f,KXAUBCOACH-26-JSUM,2025-11-27T17:52:18.643264Z,10.00,0.6400,0.3600,yes
ca9cee63-28f2-48f4-08d3-767c2c8ededd,KXAUBCOACH-26-JSUM,2025-11-27T17:52:18.643264Z,10.00,0.6400,0.3600,yes
77f03673-5968-4209-0102-8219f654f0fb,KXAUBCOACH-26-JSUM,2025-11-27T17:52:18.643264Z,921.00,0.7400,0.2600,yes
68aff103-e39f-421f-349b-67438b6350e2,KXAUBCOACH-26-JSUM,2025-11-27T17:52:18.643264Z,800.00,0.6300,0.3700,yes
4802890d-6e00-7f37-8a4a-b35e08844f67,KXAUBCOACH-26-JSUM,2025-11-27T17:50:21.994059Z,11.00,0.6200,0.3800,yes
0216c31d-2a3f-7a20-4aaf-2812213e7e13,KXAUBCOACH-26-JSUM,2025-11-27T17:03:41.900782Z,100.00,0.6100,0.3900,no
332b95d0-4ee8-46f1-d3ef-9c9ee4cbc800,KXAUBCOACH-26-JSUM,2025-11-27T16:41:54.646523Z,19.00,0.6300,0.3700,yes
e0f7f4fe-d2b5-474b-6bf1-c2787449af19,KXAUBCOACH-26-JSUM,2025-11-27T15:57:46.188419Z,6.00,0.6400,0.3600,no
a5c5c23e-9faa-420d-5b34-a43ebaa482c5,KXAUBCOACH-26-JSUM,2025-11-27T15:57:46.188419Z,6.00,0.5900,0.4100,no
6d269b61-9a3f-4986-5490-95b15270b317,KXAUBCOACH-26-JSUM,2025-11-27T15:57:46.188419Z,15.00,0.6300,0.3700,no
65b92ba1-c6e9-4c66-6e72-669425eeee74,KXAUBCOACH-26-JSUM,2025-11-27T15:57:46.188419Z,6.00,0.6400,0.3600,no
d371af04-ab1e-7319-6032-71b8e99be335,KXAUBCOACH-26-JSUM,2025-11-27T15:29:43.219133Z,50.00,0.5900,0.4100,no
8975f787-35dc-4914-d5b5-8edb5f1da6a0,KXAUBCOACH-26-JSUM,2025-11-27T15:29:18.023542Z,15.00,0.6500,0.3500,yes
622d4202-2d34-415d-fc13-754038a82757,KXAUBCOACH-26-JSUM,2025-11-27T15:29:18.023542Z,3.00,0.6600,0.3400,yes
5ceef4cb-73bc-4e25-e4cb-2dfa2266e7ff,KXAUBCOACH-26-JSUM,2025-11-27T15:29:18.023542Z,6.00,0.6500,0.3500,yes
49c1ced5-6e31-48ea-c509-9b0ce7492b0f,KXAUBCOACH-26-JSUM,2025-11-27T15:29:18.023542Z,6.00,0.6500,0.3500,yes
754a3fed-f162-58ff-0379-8d0f2663ecb9,KXAUBCOACH-26-JSUM,2025-11-27T15:20:29.816276Z,4.00,0.6200,0.3800,no
732df6f5-86b1-570e-2da7-d7fcbbda812b,KXAUBCOACH-26-JSUM,2025-11-27T15:20:29.816276Z,17.00,0.6100,0.3900,no
6e0a22a2-8db4-5651-324d-d94745baeb9c,KXAUBCOACH-26-JSUM,2025-11-27T15:20:29.816276Z,383.00,0.6100,0.3900,no
0780a737-ca56-516b-1365-b8e615291b0f,KXAUBCOACH-26-JSUM,2025-11-27T15:20:29.816276Z,5.00,0.6200,0.3800,no
d6ffbc1a-c8d1-5182-233e-0b426470d9c5,KXAUBCOACH-26-JSUM,2025-11-27T14:51:28.948239Z,5.00,0.6100,0.3900,yes
790f0325-6e81-5783-22d8-345a69a89e73,KXAUBCOACH-26-JSUM,2025-11-27T14:51:28.948239Z,8.00,0.6000,0.4000,yes
57b9c20f-036d-55af-2ff1-eba51ff325e4,KXAUBCOACH-26-JSUM,2025-11-27T14:51:28.948239Z,4.00,0.6100,0.3900,yes
e8f527c2-f43a-7d51-6508-6c319a4c16d5,KXAUBCOACH-26-JSUM,2025-11-27T14:51:15.719434Z,30.00,0.5900,0.4100,no
b548694a-0afa-7496-7e07-4c1e15756cac,KXAUBCOACH-26-JSUM,2025-11-27T11:13:35.999049Z,2.00,0.6000,0.4000,no
b8c91e5f-a7c8-406f-79e5-e5028b13e1ad,KXAUBCOACH-26-JSUM,2025-11-27T10:17:59.573032Z,2.00,0.6300,0.3700,yes
e3ffe23e-b8cb-5af9-a2cb-05401070d135,KXAUBCOACH-26-JSUM,2025-11-27T05:12:15.397114Z,10.00,0.6000,0.4000,no
c5054b8f-0769-4301-114b-b173c256d03a,KXAUBCOACH-26-JSUM,2025-11-27T03:25:37.320188Z,130.00,0.6600,0.3400,no
bbc9787e-57f8-471e-37e6-f445063005be,KXAUBCOACH-26-JSUM,2025-11-27T03:25:37.320188Z,10.00,0.6700,0.3300,no
f544ff58-cf95-6397-a566-52e818ba1994,KXAUBCOACH-26-JSUM,2025-11-27T02:51:26.360533Z,222.00,0.7000,0.3000,no
40cd11e2-c559-5d67-2a8a-5cfe92e38b78,KXAUBCOACH-26-JSUM,2025-11-27T02:27:28.189023Z,47.00,0.7000,0.3000,no
dec37508-e1f5-54fb-44b1-2d1f441a9594,KXAUBCOACH-26-JSUM,2025-11-27T02:24:52.683153Z,16.00,0.7000,0.3000,no
7a0ddec8-cc7b-5819-5e38-ac8b54ee95e1,KXAUBCOACH-26-JSUM,2025-11-27T02:12:05.222922Z,1250.00,0.7300,0.2700,no
88344556-ab43-57f5-0316-df71dfa13131,KXAUBCOACH-26-JSUM,2025-11-27T01:21:20.275202Z,18.00,0.7300,0.2700,no
a30b0d0c-6e0f-5131-a9c5-284f8ca3861d,KXAUBCOACH-26-JSUM,2025-11-26T23:22:45.929899Z,39.00,0.7300,0.2700,no
7332489e-8e7d-7458-a66c-2a841d5dc620,KXAUBCOACH-26-JSUM,2025-11-26T22:34:29.841062Z,250.00,0.7400,0.2600,no
840a5cd2-44ff-5140-88e0-5d3838f876c6,KXAUBCOACH-26-JSUM,2025-11-26T22:32:34.230674Z,275.00,0.7400,0.2600,no
821ea856-f083-741c-ab01-85c49238e6c2,KXAUBCOACH-26-JSUM,2025-11-26T22:31:43.46958Z,35.00,0.7400,0.2600,no
cd075393-8e34-7722-ba82-f9fb698f1029,KXAUBCOACH-26-JSUM,2025-11-26T21:08:01.670438Z,190.00,0.7500,0.2500,no
2feaa77c-91b8-66da-9d0d-c4ef436b54f5,KXAUBCOACH-26-JSUM,2025-11-26T20:32:55.83371Z,190.00,0.7500,0.2500,no
0d4b1cc9-5c80-67d2-c719-c32a6567c855,KXAUBCOACH-26-JSUM,2025-11-26T20:26:24.389524Z,38.00,0.7500,0.2500,no
4f148948-d66c-47da-5c20-5dd49d6e3d85,KXAUBCOACH-26-JSUM,2025-11-26T20:26:22.546532Z,3.00,0.7500,0.2500,no
6902c246-87da-5c7c-621b-020c3f0cd67b,KXAUBCOACH-26-JSUM,2025-11-26T20:24:22.729722Z,39.00,0.7600,0.2400,no
51ef1925-28d2-5033-3acb-fed0de78fa7f,KXAUBCOACH-26-JSUM,2025-11-26T19:39:55.133044Z,412.00,0.7700,0.2300,no
2949ac77-6c96-6ed3-3cb3-6d1aa7fa980f,KXAUBCOACH-26-JSUM,2025-11-26T19:39:22.700211Z,5.00,0.7700,0.2300,no
ad0151b8-8b72-6aa7-c3d4-66fc160325d1,KXAUBCOACH-26-JSUM,2025-11-26T19:18:35.446203Z,342.00,0.7800,0.2200,no
a5d03051-0192-50ef-3f20-495e574f6e01,KXAUBCOACH-26-JSUM,2025-11-26T19:14:35.773369Z,129.00,0.7800,0.2200,no
3abd6e0a-4e7e-78a7-a536-eda8ab7a8d49,KXAUBCOACH-26-JSUM,2025-11-26T19:12:48.465715Z,50.00,0.7800,0.2200,no
236956af-5ffe-6827-1623-6d6cdf847445,KXAUBCOACH-26-JSUM,2025-11-26T19:11:44.889884Z,25.00,0.7800,0.2200,no
2810055d-529a-4d83-bfa6-a73ffaef1e05,KXAUBCOACH-26-JSUM,2025-11-26T18:50:59.547351Z,21.00,0.7800,0.2200,no
59cb1af2-94e2-5f87-a7c5-dcac22208794,KXAUBCOACH-26-JSUM,2025-11-26T18:47:40.731771Z,411.00,0.7800,0.2200,no
43907843-8c3a-57de-90c6-d0edcb2402f2,KXAUBCOACH-26-JSUM,2025-11-26T18:47:40.731771Z,10.00,0.7800,0.2200,no
08a64d99-a7af-5418-9858-95e8dac9dc88,KXAUBCOACH-26-JSUM,2025-11-26T18:47:40.731771Z,10.00,0.7800,0.2200,no
4719c1c6-bf48-47cc-0e62-2df9821121d2,KXAUBCOACH-26-JSUM,2025-11-26T18:47:07.617456Z,130.00,0.7900,0.2100,no
0c11e12f-6358-404f-0f0f-8b0a7c9b9abd,KXAUBCOACH-26-JSUM,2025-11-26T18:47:07.617456Z,1.00,0.8000,0.2000,no
7202f2bd-bc21-7813-6998-345e1d18c9ad,KXAUBCOACH-26-JSUM,2025-11-26T18:19:45.36412Z,1.00,0.8300,0.1700,yes
af3b656b-01c8-6df4-beac-3ea9a07e25ce,KXAUBCOACH-26-JSUM,2025-11-26T17:48:27.339021Z,9.00,0.7900,0.2100,no
addb1664-5334-6626-947e-f15d88069555,KXAUBCOACH-26-JSUM,2025-11-26T17:48:27.339021Z,12.00,0.8000,0.2000,no
8f70604c-182d-4622-a7cc-5de1b9966119,KXAUBCOACH-26-JSUM,2025-11-26T17:41:58.778641Z,10.00,0.7600,0.2400,yes
5118b032-3924-415f-bd54-a110745cfe63,KXAUBCOACH-26-JSUM,2025-11-26T17:41:58.778641Z,10.00,0.7600,0.2400,yes
4824c78e-c57a-45c4-933e-63edcc8415cb,KXAUBCOACH-26-JSUM,2025-11-26T17:41:58.778641Z,10.00,0.7700,0.2300,yes
059dbb6f-404b-4ba6-a635-748dc4a35282,KXAUBCOACH-26-JSUM,2025-11-26T17:41:58.778641Z,24.00,0.7500,0.2500,yes
8c072942-468f-4292-6320-e487a712f21e,KXAUBCOACH-26-JSUM,2025-11-26T17:40:14.822908Z,34.00,0.7200,0.2800,no
35cdecbd-862c-71eb-d8b1-51179c2b6585,KXAUBCOACH-26-JSUM,2025-11-26T17:39:56.131167Z,432.00,0.7300,0.2700,no
b11340be-6d1d-4d45-d623-b6756c2b6302,KXAUBCOACH-26-JSUM,2025-11-26T17:23:41.051355Z,11.00,0.6000,0.4000,no
85789397-9a5e-4cf5-eb0c-461fc0e36381,KXAUBCOACH-26-JSUM,2025-11-26T17:23:41.051355Z,1.00,0.5900,0.4100,no
1bb40bf2-543e-7fc2-0fff-e2273537559c,KXAUBCOACH-26-JSUM,2025-11-26T17:23:07.653071Z,12.00,0.6000,0.4000,no
7f4031cc-ebb7-6719-6d62-213a97f19520,KXAUBCOACH-26-JSUM,2025-11-26T17:22:34.124289Z,1.00,0.6000,0.4000,no
4edf61ce-af21-560f-4477-449d8698b1d2,KXAUBCOACH-26-JSUM,2025-11-26T17:11:40.484176Z,30.00,0.7300,0.2700,no
fa7237c4-a355-7915-14f6-7fbf47dcb22a,KXAUBCOACH-26-JSUM,2025-11-26T17:11:29.509201Z,62.00,0.7100,0.2900,yes
e1d898cc-c32a-7915-3bc0-5255b2a54f70,KXAUBCOACH-26-JSUM,2025-11-26T17:11:29.509201Z,7.00,0.7000,0.3000,yes
bfdac4a4-d3f0-4852-f3f3-4f1d3892fc3c,KXAUBCOACH-26-JSUM,2025-11-26T17:11:20.269493Z,38.00,0.7100,0.2900,no
7532bad9-8d50-42ea-587f-a33b3a0ecc98,KXAUBCOACH-26-JSUM,2025-11-26T17:09:54.588587Z,11.00,0.7100,0.2900,no
00ed5782-ac77-40a9-59fc-ce616cb252b5,KXAUBCOACH-26-JSUM,2025-11-26T17:09:54.588587Z,7.00,0.7200,0.2800,no
6ce2d771-263f-5091-4e00-8d2159ea1560,KXAUBCOACH-26-JSUM,2025-11-26T16:34:38.660374Z,71.00,0.6900,0.3100,no
e32acb6f-2afc-64e9-4994-6c9aee594003,KXAUBCOACH-26-JSUM,2025-11-26T16:31:25.352086Z,10.00,0.7000,0.3000,no
0c2731d6-76db-6f81-68a2-16eb8889ce96,KXAUBCOACH-26-JSUM,2025-11-26T16:31:25.352086Z,10.00,0.7000,0.3000,no
0fb624c1-2559-6eb1-6cc7-994e7da7fb02,KXAUBCOACH-26-JSUM,2025-11-26T16:28:13.561618Z,10.00,0.7100,0.2900,no
5311d032-15ae-628a-44c7-17ebeb3b66e9,KXAUBCOACH-26-JSUM,2025-11-26T16:27:19.261662Z,10.00,0.7100,0.2900,no
0f44bc77-c2c6-6709-5f89-1eebb75a6345,KXAUBCOACH-26-JSUM,2025-11-26T16:27:19.261662Z,10.00,0.7200,0.2800,no
004436fe-9bf5-6753-6f09-0974b7d4a519,KXAUBCOACH-26-JSUM,2025-11-26T16:27:19.261662Z,10.00,0.7200,0.2800,no
6308e2fd-9c56-6fc4-7ecc-ef4834eb5ac5,KXAUBCOACH-26-JSUM,2025-11-26T16:19:44.358569Z,44.00,0.7700,0.2300,yes
e6035d7b-d39a-478c-5b75-4861e9973f8d,KXAUBCOACH-26-JSUM,2025-11-26T16:01:29.795774Z,100.00,0.7700,0.2300,yes
ecf07079-4834-7dca-bc44-736f99602ef3,KXAUBCOACH-26-JSUM,2025-11-26T16:01:05.42214Z,18.00,0.7600,0.2400,yes
4fdbb3eb-0622-7841-b6d3-8b9acdabe063,KXAUBCOACH-26-JSUM,2025-11-26T16:01:05.42214Z,10.00,0.7500,0.2500,yes
9ebb04cd-8dfd-7537-8434-9de931a152eb,KXAUBCOACH-26-JSUM,2025-11-26T15:59:58.479982Z,10.00,0.7500,0.2500,yes
842aaadb-0a60-748a-bf05-32adbf5ec0fb,KXAUBCOACH-26-JSUM,2025-11-26T15:59:58.479982Z,19.00,0.7600,0.2400,yes
3a40439e-5c0b-7006-b80b-e3018a0902ea,KXAUBCOACH-26-JSUM,2025-11-26T15:59:58.479982Z,10.00,0.7500,0.2500,yes
b309aee4-02a7-676d-6ed6-c7ca1010fc64,KXAUBCOACH-26-JSUM,2025-11-26T15:36:10.370403Z,150.00,0.6900,0.3100,no
3fbdf847-32ab-5f0e-036b-9ae0a0f32682,KXAUBCOACH-26-JSUM,2025-11-26T15:35:38.692284Z,10.00,0.7000,0.3000,no
352a7cc3-85a3-560a-2a3c-756f0cae3c39,KXAUBCOACH-26-JSUM,2025-11-26T15:35:38.692284Z,10.00,0.7000,0.3000,no
d3cb9bf9-2648-7b5e-4696-cc8d945be487,KXAUBCOACH-26-JSUM,2025-11-26T15:32:34.222985Z,63.00,0.7600,0.2400,yes
9a2085c6-8db7-46d2-eaf8-45312840a281,KXAUBCOACH-26-JSUM,2025-11-26T13:20:14.654859Z,19.00,0.7400,0.2600,yes
7ec9042b-387a-4be1-f8e2-4a84b79f98ca,KXAUBCOACH-26-JSUM,2025-11-26T13:20:14.654859Z,10.00,0.7300,0.2700,yes
70689f24-cdab-420b-f2da-3ba23bc2f0c7,KXAUBCOACH-26-JSUM,2025-11-26T13:20:14.654859Z,1272.00,0.7500,0.2500,yes
3138bec4-35b5-4bc0-c49e-8d4f47ffd671,KXAUBCOACH-26-JSUM,2025-11-26T13:20:14.654859Z,10.00,0.7300,0.2700,yes
b376443b-9326-55c7-54f8-c3494f7e6b35,KXAUBCOACH-26-JSUM,2025-11-26T13:09:08.166496Z,10.00,0.7400,0.2600,yes
abd4561b-1d9e-587e-7aa0-04fda240c5b9,KXAUBCOACH-26-JSUM,2025-11-26T13:09:08.166496Z,10.00,0.7400,0.2600,yes
5e14351b-f93b-57cb-4665-96ae3bfcf6c3,KXAUBCOACH-26-JSUM,2025-11-26T13:09:08.166496Z,24.00,0.7500,0.2500,yes
479a6343-5ae9-54a8-6cf9-afcb266c8ae1,KXAUBCOACH-26-JSUM,2025-11-26T13:09:08.166496Z,7.00,0.7300,0.2700,yes
4a9810bd-115d-7f5c-cf0c-172434f9a8a5,KXAUBCOACH-26-JSUM,2025-11-26T09:22:14.930001Z,1.00,0.6700,0.3300,no
dc0db903-982b-66dd-487f-d89e071abab8,KXAUBCOACH-26-JSUM,2025-11-26T09:21:56.784147Z,14.00,0.6900,0.3100,no
d21fca2a-c5db-6d13-7eb5-5f408d5a9e88,KXAUBCOACH-26-JSUM,2025-11-26T09:21:56.784147Z,10.00,0.6900,0.3100,no
a950503f-c559-6206-62f2-c33ff682a53f,KXAUBCOACH-26-JSUM,2025-11-26T09:21:56.784147Z,10.00,0.6900,0.3100,no
a61d522e-0707-69af-46fd-b89b362655db,KXAUBCOACH-26-JSUM,2025-11-26T09:21:36.726066Z,7.00,0.7000,0.3000,no
a441ae18-15c7-4d42-1af2-30966d7ec30e,KXAUBCOACH-26-JSUM,2025-11-26T06:29:49.00759Z,131.00,0.7400,0.2600,yes
934680d3-dda9-743c-3580-ecd4eec5e4d7,KXAUBCOACH-26-JSUM,2025-11-26T06:29:06.966499Z,374.00,0.7400,0.2600,yes
7cd12a9d-926f-6cbf-f79c-cfa7cbb617fb,KXAUBCOACH-26-JSUM,2025-11-26T06:16:04.909701Z,355.00,0.7300,0.2700,yes
e87203b9-6043-76df-471e-6b2d1ba3c110,KXAUBCOACH-26-JSUM,2025-11-26T05:07:34.376313Z,14.00,0.7200,0.2800,yes
b0e755fa-f16f-7529-4b53-ef0cf711345b,KXAUBCOACH-26-JSUM,2025-11-26T05:07:34.376313Z,10.00,0.7200,0.2800,yes
a362ee25-a95c-7821-7fa7-2ad2102cb919,KXAUBCOACH-26-JSUM,2025-11-26T05:07:34.376313Z,10.00,0.7200,0.2800,yes
12cc64d4-9cf5-777d-22e5-069fc16f24b2,KXAUBCOACH-26-JSUM,2025-11-26T04:32:50.409349Z,12.00,0.6900,0.3100,yes
27fbfb82-5de8-423f-7de4-c8285a9d171e,KXAUBCOACH-26-JSUM,2025-11-26T04:17:41.177447Z,24.00,0.6100,0.3900,no
fc246bd8-5e7f-46d4-0a68-8de0ba182359,KXAUBCOACH-26-JSUM,2025-11-26T03:34:56.336074Z,6.00,0.7300,0.2700,no
db16bc2d-4c66-43f8-0da0-1bbcfd5ab3de,KXAUBCOACH-26-JSUM,2025-11-26T03:34:56.336074Z,5.00,0.7300,0.2700,no
5d797ece-7948-4006-3d4a-fb162b225a2c,KXAUBCOACH-26-JSUM,2025-11-26T03:34:56.336074Z,37.00,0.6000,0.4000,no
366daacf-ca34-4cbf-0631-d48596d71249,KXAUBCOACH-26-JSUM,2025-11-26T03:34:56.336074Z,15.00,0.7400,0.2600,no
b331fb30-abc5-7c6a-b475-76a3dd467e29,KXAUBCOACH-26-JSUM,2025-11-26T03:14:18.39371Z,50.00,0.8800,0.1200,yes
94228ab7-dcc9-7816-acfd-0d319cef0187,KXAUBCOACH-26-JSUM,2025-11-26T03:14:18.39371Z,30.00,0.9100,0.0900,yes
937702d6-8a45-78c1-b44c-7c932d3bc8cb,KXAUBCOACH-26-JSUM,2025-11-26T03:14:18.39371Z,2.00,0.7700,0.2300,yes
62cbc0f9-ffbc-754c-9ae3-1fb64aa44d33,KXAUBCOACH-26-JSUM,2025-11-26T03:14:18.39371Z,2.00,0.7700,0.2300,yes
51db9772-89f8-7297-b5bb-f038b89992bc,KXAUBCOACH-26-JSUM,2025-11-26T03:14:18.39371Z,5.00,0.9200,0.0800,yes
e16675a3-9ef6-6eb3-ceb2-5cdd8e30e656,KXAUBCOACH-26-JSUM,2025-11-26T02:39:21.447942Z,30.00,0.8100,0.1900,yes
9a4d9a72-11f2-69e0-ee0f-80a672c79b23,KXAUBCOACH-26-JSUM,2025-11-26T02:39:21.447942Z,4.00,0.7500,0.2500,yes
5188e072-e141-60f8-d07b-acdd7d1817d3,KXAUBCOACH-26-JSUM,2025-11-26T02:39:21.447942Z,4.00,0.8200,0.1800,yes
3ea3a981-d5c4-686d-e9bf-aaf7ee9ba561,KXAUBCOACH-26-JSUM,2025-11-26T02:39:21.447942Z,3.00,0.7500,0.2500,yes
326c8249-3663-6ca5-f6a0-7d8b788827b6,KXAUBCOACH-26-JSUM,2025-11-26T02:39:21.447942Z,9.00,0.7600,0.2400,yes
cf591bb7-0894-56c6-348c-9c83186cf140,KXAUBCOACH-26-JSUM,2025-11-26T02:29:26.379342Z,119.00,0.6000,0.4000,no
8d68f5f3-0d8d-6202-c4bb-79a0c833e9cf,KXAUBCOACH-26-JSUM,2025-11-26T02:07:14.00355Z,2000.00,0.6600,0.3400,no
87da2248-d982-790d-2757-8d270490abf2,KXAUBCOACH-26-JSUM,2025-11-26T02:05:37.405887Z,447.00,0.6700,0.3300,no
7dfc2a38-2990-772b-3c5f-927661209c0e,KXAUBCOACH-26-JSUM,2025-11-26T02:05:37.405887Z,5.00,0.6800,0.3200,no
d99b71c5-ab22-4c8e-d76d-d431fba19180,KXAUBCOACH-26-JSUM,2025-11-26T02:03:46.453164Z,7.00,0.7100,0.2900,no
4c0a488f-14ca-484d-fd01-00925f8095e5,KXAUBCOACH-26-JSUM,2025-11-26T02:03:46.453164Z,10.00,0.7000,0.3000,no
4b701ed8-474f-404a-d8fe-b3791cf4c556,KXAUBCOACH-26-JSUM,2025-11-26T02:03:46.453164Z,10.00,0.7000,0.3000,no
bcd9794d-b1d0-5da2-7f6a-65452db7eb24,KXAUBCOACH-26-JSUM,2025-11-26T01:50:41.746008Z,10.00,0.7300,0.2700,yes
46f1e3d3-e406-5d43-79f5-f2bc960402b0,KXAUBCOACH-26-JSUM,2025-11-26T01:50:41.746008Z,81.00,0.7500,0.2500,yes
26f1aff1-89f5-59a2-5ea9-85ac2d4bd40a,KXAUBCOACH-26-JSUM,2025-11-26T01:50:41.746008Z,8.00,0.7400,0.2600,yes
2383b5b7-832d-5c37-79d9-b2cbd9c8181e,KXAUBCOACH-26-JSUM,2025-11-26T01:50:41.746008Z,23.00,0.7200,0.2800,yes
1186d1ba-7904-5b63-7e28-ba2f628935bf,KXAUBCOACH-26-JSUM,2025-11-26T01:50:41.746008Z,10.00,0.7300,0.2700,yes
f9c65b1a-c08f-72f6-a603-949ab34f1e11,KXAUBCOACH-26-JSUM,2025-11-26T01:43:25.325194Z,20.00,0.7000,0.3000,no
d7393974-78c1-77d4-8ec3-e59e2e43e4e5,KXAUBCOACH-26-JSUM,2025-11-26T01:43:25.325194Z,1409.00,0.7000,0.3000,no
b447085b-9b71-7422-b592-4ab617549aec,KXAUBCOACH-26-JSUM,2025-11-26T01:43:25.325194Z,49.00,0.7000,0.3000,no
e1d4e79b-9782-5957-b46c-6bb270233125,KXAUBCOACH-26-JSUM,2025-11-26T01:38:18.519209Z,11.00,0.7100,0.2900,no
5a92233b-e3b7-4dc9-5680-26548b1b4c8b,KXAUBCOACH-26-JSUM,2025-11-26T01:37:56.381206Z,11.00,0.7100,0.2900,no
1be61127-e46b-401b-0951-5fc68e7cb579,KXAUBCOACH-26-JSUM,2025-11-26T01:02:17.515432Z,31.00,0.7000,0.3000,no
f47fce01-931b-77ef-e13d-cbf6aa43b565,KXAUBCOACH-26-JSUM,2025-11-26T00:58:26.067587Z,49.00,0.7000,0.3000,no
b755ba28-95cf-64bb-2b10-8760f78cf865,KXAUBCOACH-26-JSUM,2025-11-26T00:42:59.734753Z,20.00,0.7000,0.3000,no
76a4c0e5-bea4-4af5-0830-b21c2813f812,KXAUBCOACH-26-JSUM,2025-11-26T00:42:23.576241Z,10.00,0.7100,0.2900,no
75f536ff-f0a7-49a9-570a-a6da2287467e,KXAUBCOACH-26-JSUM,2025-11-25T23:36:59.60175Z,1.00,0.7600,0.2400,yes
17478035-8a1c-5025-1504-18ff6284e7ba,KXAUBCOACH-26-JSUM,2025-11-25T23:06:37.921627Z,321.00,0.7100,0.2900,no
8fd63f97-f95c-58bd-400f-266e1675a68a,KXAUBCOACH-26-JSUM,2025-11-25T22:53:50.101916Z,121.00,0.7100,0.2900,no
b563e4b6-f5c3-7ba8-3f61-113470ae6db1,KXAUBCOACH-26-JSUM,2025-11-25T22:31:53.412529Z,4.00,0.6200,0.3800,no
9e2368c4-b76a-78cd-3711-809845cfdab9,KXAUBCOACH-26-JSUM,2025-11-25T22:31:53.412529Z,169.00,0.5900,0.4100,no
78f24873-ecb6-7f2f-1208-7c4226b32bc0,KXAUBCOACH-26-JSUM,2025-11-25T22:31:53.412529Z,26.00,0.6200,0.3800,no
73a3e0ef-45ec-7669-1c02-e02e64cc562c,KXAUBCOACH-26-JSUM,2025-11-25T22:31:53.412529Z,5.00,0.7600,0.2400,no
52acbaf2-49c1-7cfd-369f-e41a20f81f8b,KXAUBCOACH-26-JSUM,2025-11-25T22:31:53.412529Z,98.00,0.7500,0.2500,no
40d05d06-2f25-7512-3d2a-35a7576df5d8,KXAUBCOACH-26-JSUM,2025-11-25T22:31:53.412529Z,36.00,0.6000,0.4000,no
23c0c86e-a279-7106-1620-917e2df1aebc,KXAUBCOACH-26-JSUM,2025-11-25T22:31:53.412529Z,6.00,0.7600,0.2400,no
060381e1-178a-753a-22d5-66237dc52f9a,KXAUBCOACH-26-JSUM,2025-11-25T22:31:53.412529Z,30.00,0.6100,0.3900,no
ee15d7bd-77e1-580c-7184-bcfb661b8436,KXAUBCOACH-26-JSUM,2025-11-25T22:17:04.627302Z,4.00,0.7700,0.2300,no
449ff38b-7472-54be-7d6e-dc0a094021ed,KXAUBCOACH-26-JSUM,2025-11-25T22:17:04.627302Z,5.00,0.7700,0.2300,no
1856a8d3-3da0-5afd-52c9-61befa9ed0bc,KXAUBCOACH-26-JSUM,2025-11-25T22:17:04.627302Z,191.00,0.7600,0.2400,no
e9d01369-bf52-6304-65c5-010201a809c8,KXAUBCOACH-26-JSUM,2025-11-25T22:09:37.267484Z,10.00,0.8100,0.1900,yes
6de03870-ba20-6fd1-7127-21a26a95b2f8,KXAUBCOACH-26-JSUM,2025-11-25T22:09:37.267484Z,16.00,0.8300,0.1700,yes
4ea39293-83bd-6188-6c6d-dff9a57a573b,KXAUBCOACH-26-JSUM,2025-11-25T22:09:37.267484Z,10.00,0.8100,0.1900,yes
a195f52c-4fd1-7e15-892e-928d4ab1dc17,KXAUBCOACH-26-JSUM,2025-11-25T22:00:40.58788Z,558.00,0.7500,0.2500,no
5f1fd217-ecbd-53e1-8124-4f244f71bf2f,KXAUBCOACH-26-JSUM,2025-11-25T21:47:57.870207Z,114.00,0.7500,0.2500,no
c56191bc-4783-6bde-a860-3cc9a5554564,KXAUBCOACH-26-JSUM,2025-11-25T21:47:51.283819Z,91.00,0.7600,0.2400,no
3ddae7e3-f169-6ead-a4c4-9af0b6492fe0,KXAUBCOACH-26-JSUM,2025-11-25T21:47:51.283819Z,8.00,0.7700,0.2300,no
d1c30d27-1617-5014-697e-3742f5676bf9,KXAUBCOACH-26-JSUM,2025-11-25T21:43:49.229976Z,242.00,0.7700,0.2300,no
1b88d34a-ef00-4695-dd48-33f4631394cf,KXAUBCOACH-26-JSUM,2025-11-25T21:42:52.207294Z,155.00,0.7800,0.2200,no
8c8b2a66-9633-4597-0975-3ce2ff02e1b7,KXAUBCOACH-26-JSUM,2025-11-25T21:34:12.214592Z,172.00,0.7900,0.2100,no
232364b2-1e57-59e7-189e-95006f59a427,KXAUBCOACH-26-JSUM,2025-11-25T21:31:13.022089Z,111.00,0.7900,0.2100,no
feee4364-b351-47fa-b92d-cf002750889b,KXAUBCOACH-26-JSUM,2025-11-25T21:27:13.990332Z,10.00,0.8000,0.2000,no
f959719b-c7e5-486f-b425-9d48cc5ba544,KXAUBCOACH-26-JSUM,2025-11-25T21:27:13.990332Z,10.00,0.8000,0.2000,no
07ceba6d-b97b-4f0b-972b-c565533346bb,KXAUBCOACH-26-JSUM,2025-11-25T21:27:13.990332Z,203.00,0.7900,0.2100,no
21aa475e-8750-48a7-0ec3-591bec161d30,KXAUBCOACH-26-JSUM,2025-11-25T21:24:58.821352Z,94.00,0.8000,0.2000,no
e981184c-b4c9-720d-1ba3-a7bf110792d0,KXAUBCOACH-26-JSUM,2025-11-25T21:22:52.940539Z,104.00,0.8100,0.1900,no
bf6cc7b1-77c2-759e-00d1-56cb7c3ae692,KXAUBCOACH-26-JSUM,2025-11-25T21:22:52.940539Z,120.00,0.8100,0.1900,no
3b75e5f9-d526-7ea9-24b5-a9b0b3cdde1d,KXAUBCOACH-26-JSUM,2025-11-25T21:22:52.940539Z,274.00,0.8100,0.1900,no
f4e5ba4e-0e52-62ab-bb33-0eefc29fa3ee,KXAUBCOACH-26-JSUM,2025-11-25T21:19:18.488437Z,249.00,0.8100,0.1900,no
124bdd12-8f66-4b27-99d5-ab27366d7196,KXAUBCOACH-26-JSUM,2025-11-25T21:18:32.131762Z,104.00,0.8100,0.1900,no
dd32f1aa-d490-65bb-6f72-2550441e4c29,KXAUBCOACH-26-JSUM,2025-11-25T21:16:35.336622Z,10.00,0.8200,0.1800,no
5e4d19dc-07fa-63e8-7537-72a301099fdd,KXAUBCOACH-26-JSUM,2025-11-25T21:16:35.336622Z,10.00,0.8200,0.1800,no
276fc632-c402-6f5f-7f0d-26f2b1575a0e,KXAUBCOACH-26-JSUM,2025-11-25T21:16:35.336622Z,120.00,0.8100,0.1900,no
a28a3b3b-c16c-4ac0-75f7-48f953adb516,KXAUBCOACH-26-JSUM,2025-11-25T21:00:22.915131Z,1475.00,0.8400,0.1600,no
e0e359e1-cb18-4848-9bdb-dd55fed874ca,KXAUBCOACH-26-JSUM,2025-11-25T20:59:47.779945Z,17.00,0.8400,0.1600,no
1effbc4b-3a3d-7dfa-73ab-1a0d7850e4c5,KXAUBCOACH-26-JSUM,2025-11-25T20:58:57.991703Z,10.00,0.8800,0.1200,yes
b45ecd68-9e86-5f81-314c-e3fc1192c6c9,KXAUBCOACH-26-JSUM,2025-11-25T20:38:53.809294Z,54.00,0.8500,0.1500,no
f476dd78-0ae2-6bd1-49c0-5afc44777f65,KXAUBCOACH-26-JSUM,2025-11-25T20:27:30.7412Z,67.00,0.8500,0.1500,no
842911aa-5b28-5048-747f-9aa6e80d74b6,KXAUBCOACH-26-JSUM,2025-11-25T20:17:39.72623Z,266.00,0.8500,0.1500,no
492acc5c-45ca-55d3-7784-c9dfd09fc690,KXAUBCOACH-26-JSUM,2025-11-25T20:17:39.72623Z,363.00,0.8500,0.1500,no
4be73b4e-1e58-685c-cf58-b39f88a867b6,KXAUBCOACH-26-JSUM,2025-11-25T20:11:23.177368Z,53.00,0.8500,0.1500,no
eb5806db-2d5c-68c9-c852-dfd0b65afc01,KXAUBCOACH-26-JSUM,2025-11-25T19:39:00.850999Z,336.00,0.8600,0.1400,no
9c391590-1725-493f-88b4-85db6b1410bd,KXAUBCOACH-26-JSUM,2025-11-25T19:02:44.813775Z,15.00,0.8500,0.1500,yes
96c85850-ac4a-4bd8-b591-edc0cb4bb747,KXAUBCOACH-26-JSUM,2025-11-25T19:02:44.813775Z,38.00,0.8500,0.1500,yes
58061ea7-0c4d-4559-a15d-9bc861e660b3,KXAUBCOACH-26-JSUM,2025-11-25T19:02:44.813775Z,18.00,0.8500,0.1500,yes
1cd30267-44eb-4c1c-8ed0-0d51e26fd67a,KXAUBCOACH-26-JSUM,2025-11-25T19:02:44.813775Z,10.00,0.8500,0.1500,yes
512e9eb4-55aa-5580-4541-8fe3c3e456b4,KXAUBCOACH-26-JSUM,2025-11-25T18:55:50.853066Z,121.00,0.8100,0.1900,yes
a6d9cc39-6a38-4362-5266-8167bfb4e736,KXAUBCOACH-26-JSUM,2025-11-25T18:38:02.650618Z,10.00,0.7500,0.2500,yes
a09be11b-f356-4c01-5596-4daae146f544,KXAUBCOACH-26-JSUM,2025-11-25T18:38:02.650618Z,44.00,0.7600,0.2400,yes
786ff2ff-a029-4148-6e4c-ed98a5bb731b,KXAUBCOACH-26-JSUM,2025-11-25T18:38:02.650618Z,666.00,0.7700,0.2300,yes
723a7f67-d2c2-4ff3-5407-fd4ff6b525b7,KXAUBCOACH-26-JSUM,2025-11-25T18:38:02.650618Z,10.00,0.7500,0.2500,yes
e96141a9-db25-67ff-4fa2-e88ae22088c0,KXAUBCOACH-26-JSUM,2025-11-25T18:04:41.103037Z,120.00,0.7300,0.2700,yes
c21c8b51-d8a1-63f6-7ec0-13d1aa51cf9d,KXAUBCOACH-26-JSUM,2025-11-25T18:04:41.103037Z,25.00,0.6800,0.3200,yes
bfc27cca-b3c3-6ef4-72b2-4a1789bf1626,KXAUBCOACH-26-JSUM,2025-11-25T18:04:41.103037Z,30.00,0.7300,0.2700,yes
b99e8c8a-93fe-62b0-52e0-673d9dba14b5,KXAUBCOACH-26-JSUM,2025-11-25T18:04:41.103037Z,3.00,0.7300,0.2700,yes
b4378ef3-7893-651a-6556-db8c2f68d843,KXAUBCOACH-26-JSUM,2025-11-25T18:04:41.103037Z,16.00,0.7300,0.2700,yes
950b4207-59ae-663b-4577-e29ed03114f0,KXAUBCOACH-26-JSUM,2025-11-25T18:04:41.103037Z,95.00,0.7300,0.2700,yes
80ab5e81-8720-659e-5c6a-507713e31f7e,KXAUBCOACH-26-JSUM,2025-11-25T18:04:41.103037Z,12.00,0.7300,0.2700,yes
56d65b2e-e7fa-6760-6ccd-117286c0ce67,KXAUBCOACH-26-JSUM,2025-11-25T18:04:41.103037Z,1725.00,0.7400,0.2600,yes
30016c4d-325e-675e-590a-a577acd55424,KXAUBCOACH-26-JSUM,2025-11-25T18:04:41.103037Z,3.00,0.7300,0.2700,yes
79721279-55cd-7afc-6a9c-6e86f5cb3fc2,KXAUBCOACH-26-JSUM,2025-11-25T17:28:17.702667Z,4.00,0.6700,0.3300,no
5949adc3-8098-7a13-4661-d5f6deb85f54,KXAUBCOACH-26-JSUM,2025-11-25T17:28:17.702667Z,112.00,0.6700,0.3300,no
13f919c6-b2dd-75fe-65d2-3c64a3cb99b4,KXAUBCOACH-26-JSUM,2025-11-25T17:28:17.702667Z,1831.00,0.6700,0.3300,no
112f78a8-9c6f-7697-7b47-bf56670290a6,KXAUBCOACH-26-JSUM,2025-11-25T17:28:17.702667Z,82.00,0.6700,0.3300,no
a93ac1ff-1d11-5632-7ad5-dda1f33e8111,KXAUBCOACH-26-JSUM,2025-11-25T17:16:33.795044Z,57.00,0.6800,0.3200,yes
eea07da4-3c3d-6f4a-4e2a-fa43542e93c4,KXAUBCOACH-26-JSUM,2025-11-25T15:33:18.40467Z,169.00,0.6700,0.3300,no
7ea6b59e-d63c-6b1a-6d68-e3805890ac0c,KXAUBCOACH-26-JSUM,2025-11-25T15:33:18.40467Z,120.00,0.6700,0.3300,no
6245128a-5641-7546-fc09-7b898214662d,KXAUBCOACH-26-JSUM,2025-11-25T15:00:20.94722Z,135.00,0.6800,0.3200,yes
00eea5a8-a857-59d2-3eff-946b8a45cd9a,KXAUBCOACH-26-JSUM,2025-11-25T14:35:13.475136Z,83.00,0.6800,0.3200,no
fd3f0423-d538-71ce-fb0c-0ed97807d54d,KXAUBCOACH-26-JSUM,2025-11-25T13:53:16.492121Z,10.00,0.7200,0.2800,yes
5f1637dd-e747-7e2a-e71b-cd1c10e8826f,KXAUBCOACH-26-JSUM,2025-11-25T13:53:16.492121Z,10.00,0.7200,0.2800,yes
fbc9e4af-b12d-470b-df99-ea57ad38e136,KXAUBCOACH-26-JSUM,2025-11-25T12:33:05.99225Z,177.00,0.6900,0.3100,no
5e2e7030-1709-4eb8-ff49-17c28d08929e,KXAUBCOACH-26-JSUM,2025-11-25T12:33:05.99225Z,1.00,0.7000,0.3000,no
0a50412e-8d37-4434-fab3-60aff30db389,KXAUBCOACH-26-JSUM,2025-11-25T12:33:05.99225Z,10.00,0.6800,0.3200,no
074fc784-6c58-40b6-cf88-24cba32cd00c,KXAUBCOACH-26-JSUM,2025-11-25T12:33:05.99225Z,52.00,0.6700,0.3300,no
06e886f7-d80d-4c3d-d04f-6c6179cd98c9,KXAUBCOACH-26-JSUM,2025-11-25T12:33:05.99225Z,10.00,0.6800,0.3200,no
a1dcc0aa-bc3e-5381-ff43-d33b6d9ad608,KXAUBCOACH-26-JSUM,2025-11-25T04:57:48.104385Z,47.00,0.7000,0.3000,yes
e82b8aab-dd12-5c41-ffd2-a5f4759f9ff4,KXAUBCOACH-26-JSUM,2025-11-25T04:30:10.652519Z,39.00,0.7000,0.3000,yes
e2192dbe-2979-63e4-ff03-7fc2193ec58b,KXAUBCOACH-26-JSUM,2025-11-25T04:22:21.765595Z,10.00,0.7000,0.3000,no
149f15c0-1f8a-632c-d0f8-0c50b0aa508a,KXAUBCOACH-26-JSUM,2025-11-25T04:22:21.765595Z,10.00,0.7000,0.3000,no
e8a08716-2974-450f-2752-5986604e2885,KXAUBCOACH-26-JSUM,2025-11-25T04:09:02.562118Z,4.00,0.7400,0.2600,yes
b8568472-a176-47b5-1e5e-a1b1a03b45bf,KXAUBCOACH-26-JSUM,2025-11-25T04:09:02.562118Z,3.00,0.7500,0.2500,yes
ff3c82b0-4553-505b-e34a-a7b5965a4bac,KXAUBCOACH-26-JSUM,2025-11-25T03:03:27.226105Z,313.00,0.7400,0.2600,yes
61c032a2-9787-5e05-cc06-bb8dffe4f6b8,KXAUBCOACH-26-JSUM,2025-11-25T03:03:27.226105Z,4.00,0.7300,0.2700,yes
6f5a32e7-aee7-61de-384b-6f91a2b6e157,KXAUBCOACH-26-JSUM,2025-11-24T22:59:01.187974Z,26.00,0.7200,0.2800,yes
e73cddcc-0967-68a0-1b37-c326e871d116,KXAUBCOACH-26-JSUM,2025-11-24T21:43:32.218475Z,7.00,0.7000,0.3000,yes
bf26729e-164b-6402-3f94-ecc4d764e75f,KXAUBCOACH-26-JSUM,2025-11-24T21:43:32.218475Z,30.00,0.7200,0.2800,yes
7e4ef932-a934-61d7-0eb3-f6e56325396c,KXAUBCOACH-26-JSUM,2025-11-24T21:43:32.218475Z,20.00,0.7100,0.2900,yes
7017c7bf-e94c-65e4-1fa5-c2526e46eeb0,KXAUBCOACH-26-JSUM,2025-11-24T21:43:32.218475Z,6.00,0.7000,0.3000,yes
100fbf28-d84b-66df-0d07-9f48acd363cf,KXAUBCOACH-26-JSUM,2025-11-24T21:43:32.218475Z,4.00,0.7100,0.2900,yes
f5e85399-81ad-64c3-f349-01abf9a88ca4,KXAUBCOACH-26-JSUM,2025-11-24T21:01:33.439336Z,100.00,0.7100,0.2900,yes
8dd77a02-cfd0-64b8-e954-7d597a05748a,KXAUBCOACH-26-JSUM,2025-11-24T21:01:33.439336Z,206.00,0.7100,0.2900,yes
55266f20-8c8f-696e-f4a7-263ef441c7db,KXAUBCOACH-26-JSUM,2025-11-24T21:01:33.439336Z,40.00,0.7200,0.2800,yes
35cef502-fb50-6da3-e338-3ad7cf643e63,KXAUBCOACH-26-JSUM,2025-11-24T21:01:33.439336Z,16.00,0.7100,0.2900,yes
6c2bcc51-9d25-5bba-b876-512b3c85debe,KXAUBCOACH-26-JSUM,2025-11-24T20:52:55.835841Z,1720.00,0.6800,0.3200,no
5682e6c0-b9cf-586e-96b0-48ff50a24f69,KXAUBCOACH-26-JSUM,2025-11-24T20:52:55.835841Z,180.00,0.6900,0.3100,no
6d12beab-c3bb-6b42-6b42-2feaf0f186a5,KXAUBCOACH-26-JSUM,2025-11-24T19:30:29.251658Z,61.00,0.6900,0.3100,no
7c4342c2-f5b9-77ba-88cf-5cce9f6a79a8,KXAUBCOACH-26-JSUM,2025-11-24T10:51:44.240494Z,50.00,0.6900,0.3100,yes
691636c9-ed4c-7d39-9095-97f720ae0bc4,KXAUBCOACH-26-JSUM,2025-11-24T10:51:44.240494Z,6.00,0.7000,0.3000,yes
770c6bc3-8b11-6e9a-6ad8-cc7d24d359a4,KXAUBCOACH-26-JSUM,2025-11-24T05:24:26.040444Z,70.00,0.6900,0.3100,yes
aeda4fe2-d26a-50e7-09b0-76f39ca0af15,KXAUBCOACH-26-JSUM,2025-11-24T03:54:10.86918Z,2.00,0.6800,0.3200,yes
42c73b25-f9f5-527e-2c5d-37ff9ed94860,KXAUBCOACH-26-JSUM,2025-11-24T03:54:10.86918Z,5.00,0.6900,0.3100,yes
797c4ca9-5bea-5119-e5f5-d00c011e5874,KXAUBCOACH-26-JSUM,2025-11-24T00:55:18.100687Z,15.00,0.6500,0.3500,no
203a5780-e0e6-5f68-e0fb-2d0440047952,KXAUBCOACH-26-JSUM,2025-11-24T00:55:18.100687Z,236.00,0.6400,0.3600,no
15c7e336-bc5d-5ae6-ff20-4eae218ec542,KXAUBCOACH-26-JSUM,2025-11-24T00:55:18.100687Z,15.00,0.6500,0.3500,no
d5c7b9d6-06b1-7b3b-1617-d66c2e8e8aad,KXAUBCOACH-26-JSUM,2025-11-23T23:31:49.315932Z,5.00,0.6500,0.3500,yes
6ffc200c-ab21-79e7-3651-47b1809044a0,KXAUBCOACH-26-JSUM,2025-11-23T23:31:49.315932Z,1780.00,0.6600,0.3400,yes
0608b5dd-2ab5-747d-035b-f6e28c24c36f,KXAUBCOACH-26-JSUM,2025-11-23T23:31:49.315932Z,115.00,0.6600,0.3400,yes
de7ca9f9-dbf0-7582-9e77-fcf2179d5be1,KXAUBCOACH-26-JSUM,2025-11-23T21:26:49.512571Z,2.00,0.6500,0.3500,yes
bda707e3-2437-7003-8483-716cec863257,KXAUBCOACH-26-JSUM,2025-11-23T21:26:49.512571Z,120.00,0.6500,0.3500,yes
5a7a4581-2059-710f-a731-6c9d77a28bf5,KXAUBCOACH-26-JSUM,2025-11-23T21:26:49.512571Z,4.00,0.6600,0.3400,yes
35699cc4-eba0-74d1-8c27-b27c7133c193,KXAUBCOACH-26-JSUM,2025-11-23T21:26:49.512571Z,11.00,0.6600,0.3400,yes
1ae56d4d-f1d1-780f-95b9-4378cf73b778,KXAUBCOACH-26-JSUM,2025-11-23T21:26:49.512571Z,205.00,0.6600,0.3400,yes
d05da206-c8fa-7002-8986-519d5f354832,KXAUBCOACH-26-JSUM,2025-11-23T21:00:25.051017Z,31.00,0.6500,0.3500,yes
c96e2761-82b4-71f2-9286-0736fbbce00d,KXAUBCOACH-26-JSUM,2025-11-23T21:00:25.051017Z,1.00,0.6500,0.3500,yes
fe70a028-acb6-502e-3689-741d213f16cb,KXAUBCOACH-26-JSUM,2025-11-23T20:59:09.87183Z,200.00,0.5900,0.4100,no
4a997cb4-7726-61aa-f6d0-b324f5219036,KXAUBCOACH-26-JSUM,2025-11-23T16:35:17.922574Z,15.00,0.6500,0.3500,yes
804c7451-7616-5c0e-8583-61c19c7121aa,KXAUBCOACH-26-JSUM,2025-11-23T13:09:32.568485Z,14.00,0.6500,0.3500,yes
816659fd-2056-71ba-40b3-797617c5937f,KXAUBCOACH-26-JSUM,2025-11-23T04:06:25.749466Z,107.00,0.5900,0.4100,no
182bee73-ecb3-7c3c-443e-40b3bd1745f5,KXAUBCOACH-26-JSUM,2025-11-23T04:06:25.749466Z,10.00,0.6000,0.4000,no
3f4d30f4-b792-7af3-e0cb-25325cd51354,KXAUBCOACH-26-JSUM,2025-11-23T03:50:00.656437Z,22.00,0.6600,0.3400,yes
5da66585-9b5a-5e67-a54f-4a93d6261554,KXAUBCOACH-26-JSUM,2025-11-23T01:57:59.704013Z,11.00,0.6600,0.3400,yes
e174b3d2-ed2a-7883-1e17-f7ea32a3d428,KXAUBCOACH-26-JSUM,2025-11-23T01:46:47.284493Z,4.00,0.6600,0.3400,yes
2e3061d5-c4ff-7491-0339-e582375076a2,KXAUBCOACH-26-JSUM,2025-11-23T01:46:47.284493Z,10.00,0.6500,0.3500,yes
931f75f0-c374-4614-67ed-4dfd7962ba99,KXAUBCOACH-26-JSUM,2025-11-22T23:20:54.77167Z,450.00,0.6500,0.3500,yes
4ee5e459-9817-76eb-2514-7bcdadefe4aa,KXAUBCOACH-26-JSUM,2025-11-22T21:04:23.445833Z,3.00,0.6500,0.3500,yes
9b62f0d5-4bc2-758c-3a6e-d9e51103f9b7,KXAUBCOACH-26-JSUM,2025-11-22T19:50:47.444913Z,7.00,0.6400,0.3600,yes
fe06165e-288f-5c72-44df-b51c273a1509,KXAUBCOACH-26-JSUM,2025-11-22T19:47:38.879Z,16.00,0.6400,0.3600,yes
f42bd1c0-25b4-5362-67cd-f4c8c0f27bb9,KXAUBCOACH-26-JSUM,2025-11-22T19:47:38.879Z,9.00,0.6400,0.3600,yes
d7dd5357-4a57-5782-7426-539a21fdc34c,KXAUBCOACH-26-JSUM,2025-11-22T19:47:38.879Z,15.00,0.6300,0.3700,yes
c1df3ff7-deed-5e84-4204-2ae5767365ff,KXAUBCOACH-26-JSUM,2025-11-22T19:47:38.879Z,15.00,0.6300,0.3700,yes
69dc3008-b9bb-52eb-7e45-fd7e7f84256e,KXAUBCOACH-26-JSUM,2025-11-22T19:47:38.879Z,96.00,0.6500,0.3500,yes
fc5931ef-8ccc-550a-5fd2-cdbeb4c0ab96,KXAUBCOACH-26-JSUM,2025-11-22T19:31:38.697129Z,15.00,0.5800,0.4200,no
71308a76-444c-5c54-6a6f-6207831cf530,KXAUBCOACH-26-JSUM,2025-11-22T19:31:38.697129Z,9.00,0.5700,0.4300,no
54464a71-4549-511e-5a1e-6cb0ebbb979b,KXAUBCOACH-26-JSUM,2025-11-22T19:31:38.697129Z,15.00,0.5800,0.4200,no
499f7959-af71-5d2c-5090-f93104b6b428,KXAUBCOACH-26-JSUM,2025-11-22T19:31:38.697129Z,6.00,0.5900,0.4100,no
b8406efe-9b95-7efc-1ae1-482625002240,KXAUBCOACH-26-JSUM,2025-11-22T19:08:29.549293Z,4.00,0.5900,0.4100,no
d77c5160-e57a-6b7f-f305-3715751b440b,KXAUBCOACH-26-JSUM,2025-11-22T18:33:04.021639Z,16.00,0.6400,0.3600,yes
6db8fb27-de57-69f4-d95a-521c3c96cba9,KXAUBCOACH-26-JSUM,2025-11-22T18:33:04.021639Z,9.00,0.6400,0.3600,yes
5d17dd59-a2a3-659f-ef20-ed93fdb851c2,KXAUBCOACH-26-JSUM,2025-11-22T18:33:04.021639Z,122.00,0.6500,0.3500,yes
340363b0-9f9b-7be4-82d6-a47a40cc2231,KXAUBCOACH-26-JSUM,2025-11-22T17:55:55.272004Z,1.00,0.6400,0.3600,yes
823fbe31-31ba-49b7-7303-e9a75fea2296,KXAUBCOACH-26-JSUM,2025-11-22T17:44:33.104406Z,84.00,0.6300,0.3700,yes
287ba30d-91e5-4f26-7510-bd7981e64357,KXAUBCOACH-26-JSUM,2025-11-22T17:44:33.104406Z,416.00,0.6400,0.3600,yes
b3fbc734-a121-7482-7dc3-1eaf1eef3bff,KXAUBCOACH-26-JSUM,2025-11-22T15:21:23.470647Z,22.00,0.6400,0.3600,yes
1d9de964-9211-4c02-57a2-56dd1a381d7b,KXAUBCOACH-26-JSUM,2025-11-22T14:26:27.413213Z,6.00,0.6400,0.3600,yes
fddd46d0-865d-5f31-192a-d8a259243a4d,KXAUBCOACH-26-JSUM,2025-11-22T13:09:43.568143Z,4.00,0.6400,0.3600,yes
6ccea447-a733-5402-2b28-2980e21fea89,KXAUBCOACH-26-JSUM,2025-11-22T13:09:43.568143Z,7.00,0.6300,0.3700,yes
0d1ff344-a63c-53aa-3fd4-c8cc469c8f71,KXAUBCOACH-26-JSUM,2025-11-22T13:09:43.568143Z,4.00,0.6300,0.3700,yes
d2afb88b-0e41-5abc-fe30-6ea1ce4992b0,KXAUBCOACH-26-JSUM,2025-11-22T12:47:00.166758Z,60.00,0.6300,0.3700,yes
d44f6add-e181-7f84-4cc1-198bf349b93c,KXAUBCOACH-26-JSUM,2025-11-22T11:42:00.075625Z,9.00,0.6300,0.3700,yes
c336a88f-096f-7213-7ae7-4ff1df010cb6,KXAUBCOACH-26-JSUM,2025-11-22T11:42:00.075625Z,15.00,0.6200,0.3800,yes
92b19fc5-20d8-7b97-5684-f00b5ab20d9e,KXAUBCOACH-26-JSUM,2025-11-22T11:42:00.075625Z,15.00,0.6200,0.3800,yes
ef8ac839-8657-760b-4e18-5c5a523990e3,KXAUBCOACH-26-JSUM,2025-11-22T07:14:58.989217Z,558.00,0.6100,0.3900,yes
b8998991-3b0b-7920-7531-fa15ca5d38ab,KXAUBCOACH-26-JSUM,2025-11-22T07:14:58.989217Z,236.00,0.6200,0.3800,yes
879bd9b5-a87a-632c-5379-ec03a38b51d4,KXAUBCOACH-26-JSUM,2025-11-22T05:40:44.093871Z,10.00,0.6000,0.4000,yes
4bef6a10-392b-69ab-7dc7-8004f863523f,KXAUBCOACH-26-JSUM,2025-11-22T05:40:44.093871Z,44.00,0.6100,0.3900,yes
1f11a887-2c3d-6639-42d5-9dc6e1f94edd,KXAUBCOACH-26-JSUM,2025-11-22T05:40:44.093871Z,10.00,0.6000,0.4000,yes
598e5073-1537-7e77-10d4-39abc3693c0b,KXAUBCOACH-26-JSUM,2025-11-22T05:00:22.431554Z,800.00,0.6100,0.3900,yes
d6a2984d-c7f3-7fdc-4475-5dfad18bcd89,KXAUBCOACH-26-JSUM,2025-11-22T04:29:51.306591Z,112.00,0.6000,0.4000,yes
121e34aa-865f-7fc7-8530-cbaaf7e07b6f,KXAUBCOACH-26-JSUM,2025-11-22T04:14:58.860116Z,159.00,0.6100,0.3900,yes
ee4a5b78-30df-77e6-6cd3-a43c99393ea5,KXAUBCOACH-26-JSUM,2025-11-22T04:12:00.110954Z,108.00,0.5500,0.4500,no
ff51303a-1e97-59c2-543c-885de4663f6f,KXAUBCOACH-26-JSUM,2025-11-22T04:11:09.550099Z,25.00,0.5600,0.4400,no
c9696199-3f2d-5b73-6d27-5da0b93ec57b,KXAUBCOACH-26-JSUM,2025-11-22T04:11:09.550099Z,78.00,0.5500,0.4500,no
beca98e4-083c-53aa-58a4-33c65e1b18f8,KXAUBCOACH-26-JSUM,2025-11-22T04:11:09.550099Z,488.00,0.0600,0.9400,no
bce8c28b-3d08-5990-73b6-ff9df15d03c3,KXAUBCOACH-26-JSUM,2025-11-22T04:11:09.550099Z,5.00,0.6500,0.3500,no
8478715e-5d50-5587-5ac9-e58bc6be6a12,KXAUBCOACH-26-JSUM,2025-11-22T04:11:09.550099Z,180.00,0.6100,0.3900,no
75982769-e1ad-57bc-609d-44fb99762be6,KXAUBCOACH-26-JSUM,2025-11-22T04:11:09.550099Z,180.00,0.6100,0.3900,no
671910af-60e3-5c84-549a-53aa4535c47e,KXAUBCOACH-26-JSUM,2025-11-22T04:11:09.550099Z,25.00,0.6100,0.3900,no
3cc1e546-9ac2-5edd-6ebf-6a765ad02f36,KXAUBCOACH-26-JSUM,2025-11-22T04:11:09.550099Z,127.00,0.6100,0.3900,no
2c971a56-3628-5e5e-5d6b-abaaac8634b7,KXAUBCOACH-26-JSUM,2025-11-22T04:11:09.550099Z,440.00,0.6100,0.3900,no
2c77b8e9-e696-5941-450c-8f90bd14f09f,KXAUBCOACH-26-JSUM,2025-11-22T04:11:09.550099Z,648.00,0.0600,0.9400,no
1af02030-c3db-55d9-79bd-466189abd79a,KXAUBCOACH-26-JSUM,2025-11-22T04:11:09.550099Z,2000.00,0.6000,0.4000,no
08ccbdfd-ef22-51f2-7ac7-6319e1c86551,KXAUBCOACH-26-JSUM,2025-11-22T04:11:09.550099Z,26.00,0.5600,0.4400,no
070a5ce4-6266-5bf1-6cf3-6613cd079e21,KXAUBCOACH-26-JSUM,2025-11-22T04:11:09.550099Z,86.00,0.5000,0.5000,no
c30ce8b1-8c2e-64c5-7f3b-47ecc1b2f2ee,KXAUBCOACH-26-JSUM,2025-11-22T03:17:25.166094Z,25.00,0.6100,0.3900,no
27fb97ff-cc9f-64cc-74ae-af350d031171,KXAUBCOACH-26-JSUM,2025-11-22T03:17:25.166094Z,10.00,0.6200,0.3800,no
c36fb9ad-7192-72fe-be93-23e04a614eca,KXAUBCOACH-26-JSUM,2025-11-22T02:31:23.094709Z,16.00,0.6700,0.3300,yes
a10d0f5e-ebb0-7d66-9c47-dc5cef8aa7bb,KXAUBCOACH-26-JSUM,2025-11-22T02:31:23.094709Z,115.00,0.6700,0.3300,yes
59cdd114-bbaf-7360-b14c-18820f48b94d,KXAUBCOACH-26-JSUM,2025-11-22T02:31:23.094709Z,10.00,0.6700,0.3300,yes
4f225760-6bf3-7e9a-9cb8-6d869e248e40,KXAUBCOACH-26-JSUM,2025-11-22T02:31:23.094709Z,9.00,0.6700,0.3300,yes
cbe96c49-813e-7119-4a0f-33006fab9c6e,KXAUBCOACH-26-JSUM,2025-11-21T22:47:00.101195Z,82.00,0.6100,0.3900,no
f3237e4c-0976-416d-5373-19917897c936,KXAUBCOACH-26-JSUM,2025-11-21T22:33:15.207807Z,14.00,0.6100,0.3900,no
496b55fb-38a3-4ae8-7f75-61045fbfe2f6,KXAUBCOACH-26-JSUM,2025-11-21T22:33:15.207807Z,10.00,0.6200,0.3800,no
b05bca9b-20c7-7820-c071-7f312a43ff39,KXAUBCOACH-26-JSUM,2025-11-21T21:59:03.69583Z,28.00,0.6600,0.3400,yes
8e17f287-7aeb-79e5-ccc0-640409d961db,KXAUBCOACH-26-JSUM,2025-11-21T21:59:03.69583Z,290.00,0.6700,0.3300,yes
8d63b339-6c96-7a9d-cd9d-ff10aa66673e,KXAUBCOACH-26-JSUM,2025-11-21T21:59:03.69583Z,65.00,0.6600,0.3400,yes
34a64b9f-dc0a-76a9-88c9-dc7a258b18e6,KXAUBCOACH-26-JSUM,2025-11-21T21:58:24.92346Z,23.00,0.6600,0.3400,yes
7df1677d-40f4-6d52-2368-b8aa7bdcbebf,KXAUBCOACH-26-JSUM,2025-11-21T21:49:59.827298Z,59.00,0.6000,0.4000,no
edb272cd-cb08-7ab2-8842-1b1ca9c5ff23,KXAUBCOACH-26-JSUM,2025-11-21T21:40:55.607755Z,35.00,0.6000,0.4000,no
9485fe0f-479b-66e2-ce4a-2eb0c7f8bd34,KXAUBCOACH-26-JSUM,2025-11-21T21:40:11.318175Z,81.00,0.6100,0.3900,no
4edf036c-e570-6fd4-e048-e4d13c2b28cc,KXAUBCOACH-26-JSUM,2025-11-21T21:40:11.318175Z,392.00,0.6000,0.4000,no
1d630c15-b9a8-6839-e18b-7481737a9939,KXAUBCOACH-26-JSUM,2025-11-21T21:40:11.318175Z,8.00,0.6100,0.3900,no
6039ca8e-d23e-5b3c-25fe-f652903d22af,KXAUBCOACH-26-JSUM,2025-11-21T21:35:27.742328Z,215.00,0.6700,0.3300,yes
789a89c0-5e11-72d4-3f8a-e51b84239908,KXAUBCOACH-26-JSUM,2025-11-21T21:35:21.708831Z,17.00,0.6600,0.3400,yes
3bb96ce6-adb0-7b49-3097-df562478056c,KXAUBCOACH-26-JSUM,2025-11-21T21:35:21.708831Z,294.00,0.6600,0.3400,yes
786f2738-e4bc-51ed-66a3-f0e678265810,KXAUBCOACH-26-JSUM,2025-11-21T21:29:12.719656Z,70.00,0.6600,0.3400,yes
bfd32686-74dd-617c-d4e7-dd21348f3595,KXAUBCOACH-26-JSUM,2025-11-21T20:40:59.581768Z,100.00,0.6400,0.3600,no
e211e9f2-db88-5190-d620-f48b81bdfb63,KXAUBCOACH-26-JSUM,2025-11-21T20:29:57.79637Z,646.00,0.6800,0.3200,no
5e840581-4092-58c9-d971-ec5702b9d501,KXAUBCOACH-26-JSUM,2025-11-21T20:29:57.79637Z,20.00,0.6800,0.3200,no
07a6541a-4cbc-4650-9925-1f4ac2b0d4fb,KXAUBCOACH-26-JSUM,2025-11-21T20:29:19.234183Z,20.00,0.6800,0.3200,no
f2662c39-110b-45ce-78e0-09b234ee48bd,KXAUBCOACH-26-JSUM,2025-11-21T20:27:02.772436Z,300.00,0.6900,0.3100,no
780b4dad-da5f-53d2-87ca-3de1a9822d19,KXAUBCOACH-26-JSUM,2025-11-21T20:24:55.387569Z,45.00,0.6900,0.3100,no
d42d58f1-19b0-564e-aba0-aeb081fc6bf3,KXAUBCOACH-26-JSUM,2025-11-21T20:24:30.645691Z,5.00,0.7000,0.3000,no
17a57f8a-c2c8-69c2-5393-3d527085bd8b,KXAUBCOACH-26-JSUM,2025-11-21T20:23:14.497026Z,73.00,0.7000,0.3000,no
e708314b-4894-6976-3d84-aa0dc242a2eb,KXAUBCOACH-26-JSUM,2025-11-21T20:21:47.848204Z,182.00,0.7000,0.3000,no
a21d50ab-d4a5-6994-2f81-81ea5a912f8e,KXAUBCOACH-26-JSUM,2025-11-21T20:21:47.848204Z,9.00,0.7000,0.3000,no
95c71dcb-f0d8-6093-2e41-e2a5a30a2f2c,KXAUBCOACH-26-JSUM,2025-11-21T20:21:47.848204Z,9.00,0.7000,0.3000,no
fffba8a6-7c59-6421-ec5b-5d77e6ebc897,KXAUBCOACH-26-JSUM,2025-11-21T20:18:55.91469Z,368.00,0.7500,0.2500,yes
b88875ec-ae8e-6be1-caad-ce5fb4c9616a,KXAUBCOACH-26-JSUM,2025-11-21T20:18:55.91469Z,118.00,0.7400,0.2600,yes
a8d25f60-b66f-62ed-ea2d-fd4b6fc7bea8,KXAUBCOACH-26-JSUM,2025-11-21T20:18:55.91469Z,133.00,0.7400,0.2600,yes
9e93b07e-3b5a-6114-d265-1b32b60a34aa,KXAUBCOACH-26-JSUM,2025-11-21T20:18:55.91469Z,52.00,0.7300,0.2700,yes
2e15d096-6de4-64d6-d16a-6663ce6fc7fa,KXAUBCOACH-26-JSUM,2025-11-21T20:18:55.91469Z,72.00,0.7400,0.2600,yes
214d51e4-b805-6ebb-ef3a-8affa82d0f85,KXAUBCOACH-26-JSUM,2025-11-21T20:18:55.91469Z,150.00,0.7400,0.2600,yes
09d6dd21-397c-6578-c8b7-93222b8eb1a6,KXAUBCOACH-26-JSUM,2025-11-21T20:18:55.91469Z,32.00,0.7300,0.2700,yes
13396825-e8fb-4ad2-15af-4efcf2740421,KXAUBCOACH-26-JSUM,2025-11-21T19:25:55.433204Z,317.00,0.7000,0.3000,no
12615830-e8d7-6ac2-1a7c-a0d13c498d55,KXAUBCOACH-26-JSUM,2025-11-21T19:12:33.694666Z,35.00,0.7000,0.3000,no
c0c5216b-ce84-710a-1b7a-8c312cd0f8a6,KXAUBCOACH-26-JSUM,2025-11-21T18:38:01.483166Z,1.00,0.7200,0.2800,no
80394926-5390-78f5-14c5-d6f32b04504f,KXAUBCOACH-26-JSUM,2025-11-21T18:38:01.483166Z,1.00,0.7200,0.2800,no
4c4aba15-ee16-7bca-1f60-ee1ca9507b8e,KXAUBCOACH-26-JSUM,2025-11-21T18:38:01.483166Z,20.00,0.7300,0.2700,no
c9cf8f83-cedd-5dcf-3924-7cd3526d0859,KXAUBCOACH-26-JSUM,2025-11-21T18:33:09.090337Z,320.00,0.7000,0.3000,no
b7280e77-3933-6f9d-51b6-151239ac2fc0,KXAUBCOACH-26-JSUM,2025-11-21T17:42:53.522747Z,2.00,0.7400,0.2600,yes
68197407-3366-4c62-1b94-a8a14344b1c3,KXAUBCOACH-26-JSUM,2025-11-21T17:23:20.955074Z,165.00,0.7100,0.2900,no
e1aae3ec-d1a3-4574-113a-c9ac2b09faac,KXAUBCOACH-26-JSUM,2025-11-21T16:39:47.169015Z,300.00,0.7100,0.2900,no
008e112a-398d-7900-545f-77b0e6d5f5dc,KXAUBCOACH-26-JSUM,2025-11-21T16:39:24.700038Z,6.00,0.7200,0.2800,no
9f1c6fad-1703-6510-d7a3-9053ea644d92,KXAUBCOACH-26-JSUM,2025-11-21T16:00:12.125595Z,277.00,0.7500,0.2500,no
88e2d37c-5780-6c2b-d115-aa3d69ae6cf5,KXAUBCOACH-26-JSUM,2025-11-21T16:00:12.125595Z,43.00,0.7500,0.2500,no
9e80243d-aefe-626d-aff3-e9ff061dd832,KXAUBCOACH-26-JSUM,2025-11-21T16:00:02.805849Z,6.00,0.7600,0.2400,yes
e9340c0b-0fec-5193-f2b3-0ed38dddb060,KXAUBCOACH-26-JSUM,2025-11-21T15:48:28.018146Z,59.00,0.7600,0.2400,no
f8e80586-f9d4-5b57-bbf9-8d48ca1b7288,KXAUBCOACH-26-JSUM,2025-11-21T15:47:45.559082Z,5.00,0.7600,0.2400,no
a23212ad-6bfe-5439-b083-8ecb600fd09e,KXAUBCOACH-26-JSUM,2025-11-21T15:47:45.559082Z,9.00,0.7600,0.2400,no
dfd5a5df-7ad0-4fb2-8591-5b4ebb8c450f,KXAUBCOACH-26-JSUM,2025-11-21T15:40:33.373104Z,191.00,0.7700,0.2300,no
054d4ad9-d2c9-4ccc-9d9b-1fa771550b46,KXAUBCOACH-26-JSUM,2025-11-21T15:40:33.373104Z,9.00,0.7700,0.2300,no
32ba7a1a-d638-5591-0aa3-e1a94f1dcdc0,KXAUBCOACH-26-JSUM,2025-11-21T15:36:00.227104Z,215.00,0.7800,0.2200,no
8d83dde4-91e4-67bd-2c74-76f2f34055f0,KXAUBCOACH-26-JSUM,2025-11-21T15:10:01.152843Z,76.00,0.7800,0.2200,no
2612cff5-d8c6-7e12-389a-06cb3b4b5508,KXAUBCOACH-26-JSUM,2025-11-21T14:58:28.996653Z,112.00,0.7900,0.2100,no
61888ad8-4421-44fa-4738-54ed6c51686c,KXAUBCOACH-26-JSUM,2025-11-21T14:04:43.65317Z,45.00,0.7900,0.2100,no
9e1c4f2d-20f9-6d52-658a-2e74b520bca4,KXAUBCOACH-26-JSUM,2025-11-21T12:44:28.831954Z,54.00,0.7900,0.2100,no
e7a3b61d-24b0-7058-e370-743c0b4a7d32,KXAUBCOACH-26-JSUM,2025-11-21T11:41:34.388514Z,500.00,0.8000,0.2000,no
71d7bdd4-2d99-46b7-04c0-782f8b32408c,KXAUBCOACH-26-JSUM,2025-11-21T10:42:41.44827Z,473.00,0.8000,0.2000,no
3d3b1a1a-57be-4203-1853-8d5c01322de0,KXAUBCOACH-26-JSUM,2025-11-21T06:58:23.140309Z,98.00,0.8100,0.1900,no
8053516b-8d75-6466-4558-0fe8ac47301b,KXAUBCOACH-26-JSUM,2025-11-21T06:54:10.896341Z,36.00,0.8200,0.1800,no
74033009-695e-64b7-5d4a-e1055a32ea8c,KXAUBCOACH-26-JSUM,2025-11-21T06:54:10.896341Z,185.00,0.8100,0.1900,no
12b1744b-2b23-7963-e9f1-aa513a97a00d,KXAUBCOACH-26-JSUM,2025-11-21T04:01:00.477877Z,36.00,0.8300,0.1700,yes
b47992b7-6a5d-407a-7c03-1863af996a64,KXAUBCOACH-26-JSUM,2025-11-21T03:50:25.244003Z,182.00,0.8200,0.1800,no
9946a47b-66fd-42b7-76ce-c46f6ec43d88,KXAUBCOACH-26-JSUM,2025-11-21T03:33:32.512204Z,500.00,0.8400,0.1600,yes
702d8c92-9129-6b8a-4f79-5e58b6cb6024,KXAUBCOACH-26-JSUM,2025-11-21T03:23:02.564464Z,5.00,0.8200,0.1800,no
7713c1bc-b4d5-7662-9de6-b03ff1ca8668,KXAUBCOACH-26-JSUM,2025-11-21T02:50:13.710223Z,10.00,0.8200,0.1800,no
a55e5dc6-36e9-55cb-a107-dd3515609714,KXAUBCOACH-26-JSUM,2025-11-21T01:55:12.098236Z,17.00,0.8400,0.1600,yes
230caacc-6d98-5021-75f3-44426cc94bc8,KXAUBCOACH-26-JSUM,2025-11-20T21:55:14.913602Z,383.00,0.8200,0.1800,no
7a8ad711-42c0-6d61-aa6a-f5735fe47e00,KXAUBCOACH-26-JSUM,2025-11-20T20:59:51.733555Z,394.00,0.8200,0.1800,no
41d3e309-29c8-5eb1-6e0d-1991037703d0,KXAUBCOACH-26-JSUM,2025-11-20T20:18:19.749893Z,73.00,0.8200,0.1800,no
8137b143-b909-4d4f-d0be-2d65e41d447c,KXAUBCOACH-26-JSUM,2025-11-20T20:13:28.229579Z,1.00,0.8400,0.1600,yes
34abe207-dbed-67ff-af3a-ff0633aa1280,KXAUBCOACH-26-JSUM,2025-11-20T19:56:50.311187Z,1.00,0.8400,0.1600,yes
d33a2702-297e-6990-62e9-56a7afbd2910,KXAUBCOACH-26-JSUM,2025-11-20T19:53:21.291809Z,595.00,0.8300,0.1700,no
7f32205c-d93b-6e7e-76a8-4df22206d565,KXAUBCOACH-26-JSUM,2025-11-20T19:53:21.291809Z,27.00,0.8300,0.1700,no
4b01bc9d-74a5-6bd6-75d8-1d24783dc292,KXAUBCOACH-26-JSUM,2025-11-20T19:53:21.291809Z,158.00,0.8300,0.1700,no
941bee60-bf43-717e-7664-a20d44869068,KXAUBCOACH-26-JSUM,2025-11-20T18:28:03.728629Z,43.00,0.8300,0.1700,no
fb1d2c6d-95cb-61ee-69e5-04948b182910,KXAUBCOACH-26-JSUM,2025-11-20T18:08:20.669696Z,27.00,0.8300,0.1700,no
e1f1aa3b-3bdb-49ca-b4a3-34b058e35c58,KXAUBCOACH-26-JSUM,2025-11-20T18:05:19.941082Z,158.00,0.8300,0.1700,no
c80fa0b8-888f-4152-8ef9-85a17ec8ed4f,KXAUBCOACH-26-JSUM,2025-11-20T18:05:19.941082Z,842.00,0.8400,0.1600,no
fd3c5051-1c48-6a30-59fa-d684ecd9372e,KXAUBCOACH-26-JSUM,2025-11-20T17:34:01.099854Z,23.00,0.8400,0.1600,yes
fde4be90-331b-7bfb-54a5-8e9689a2ef36,KXAUBCOACH-26-JSUM,2025-11-20T16:20:23.374961Z,666.00,0.7900,0.2100,yes
fca37b45-4f55-709a-7f90-d005e36438a7,KXAUBCOACH-26-JSUM,2025-11-20T16:20:23.374961Z,304.00,0.8000,0.2000,yes
de80d06c-3ad3-7aa9-5b36-0701901b443a,KXAUBCOACH-26-JSUM,2025-11-20T16:20:23.374961Z,8.00,0.7800,0.2200,yes
b8887366-9303-72c9-60a2-aeff2516020a,KXAUBCOACH-26-JSUM,2025-11-20T16:20:23.374961Z,45.00,0.8100,0.1900,yes
90c401fc-09a4-7504-553c-5fa40df1873a,KXAUBCOACH-26-JSUM,2025-11-20T16:20:23.374961Z,217.00,0.8000,0.2000,yes
2a7b9774-adc0-577b-f4a9-2b12c3144b99,KXAUBCOACH-26-JSUM,2025-11-20T16:00:34.239171Z,7.00,0.7500,0.2500,no
d37518bd-420f-5e51-6000-1119d6af74a5,KXAUBCOACH-26-JSUM,2025-11-20T05:12:16.423592Z,409.00,0.7800,0.2200,yes
c9fb44b6-1deb-55f1-0d14-af9af6f3ed69,KXAUBCOACH-26-JSUM,2025-11-20T04:47:47.222419Z,200.00,0.7800,0.2200,yes
846b3215-a94e-565d-79f1-0013742e5cd3,KXAUBCOACH-26-JSUM,2025-11-20T02:50:21.547629Z,940.00,0.7600,0.2400,yes
7139c259-9a29-5c49-5973-e3e447064daf,KXAUBCOACH-26-JSUM,2025-11-20T02:50:21.547629Z,60.00,0.7600,0.2400,yes
7df3010c-9229-4afe-00c9-bf3d109ae01c,KXAUBCOACH-26-JSUM,2025-11-20T00:06:29.452393Z,1.00,0.7600,0.2400,yes
475c6782-8515-49d9-26ed-b4c86b930d2f,KXAUBCOACH-26-JSUM,2025-11-20T00:06:29.452393Z,4.00,0.7600,0.2400,yes
fcc96a7e-f277-7682-e62d-f80096014c98,KXAUBCOACH-26-JSUM,2025-11-19T23:58:17.122291Z,20.00,0.7500,0.2500,yes
912f1845-3ca4-7d0e-c7b9-191921e4cdcc,KXAUBCOACH-26-JSUM,2025-11-19T23:58:17.122291Z,109.00,0.7600,0.2400,yes
915d2f8a-fd60-688a-ffc2-c4b829bf8d60,KXAUBCOACH-26-JSUM,2025-11-19T23:51:14.865733Z,64.00,0.7600,0.2400,yes
01fe10e1-8cca-71dc-72f9-b584182e79c9,KXAUBCOACH-26-JSUM,2025-11-19T23:26:56.961667Z,6.00,0.7000,0.3000,no
10d6fc86-9f24-402a-c68e-81b26350ab30,KXAUBCOACH-26-JSUM,2025-11-19T23:01:00.221841Z,1.00,0.7600,0.2400,yes
0616c857-56cf-4abf-e6f9-03a19620a181,KXAUBCOACH-26-JSUM,2025-11-19T23:01:00.221841Z,11.00,0.7500,0.2500,yes
dbb3defb-dc5f-75cf-282a-839283ebd065,KXAUBCOACH-26-JSUM,2025-11-19T22:30:47.447322Z,23.00,0.7500,0.2500,yes
d268ee0e-929c-4b22-009b-eb5f9e9fc681,KXAUBCOACH-26-JSUM,2025-11-19T21:55:24.875227Z,65.00,0.6800,0.3200,yes
960ef40f-394b-4b9a-0d37-2db55a3a6ec7,KXAUBCOACH-26-JSUM,2025-11-19T21:55:24.875227Z,13.00,0.6900,0.3100,yes
6d11b008-34cc-4ee1-3716-14f305f32e59,KXAUBCOACH-26-JSUM,2025-11-19T21:55:24.875227Z,2.00,0.7000,0.3000,yes
fdab81cb-8e7f-5fbb-2b7a-78cdcaaa457a,KXAUBCOACH-26-JSUM,2025-11-19T21:54:36.291006Z,17.00,0.6200,0.3800,yes
eefc563e-1968-5167-2f92-ed577f7296ba,KXAUBCOACH-26-JSUM,2025-11-19T21:54:36.291006Z,28.00,0.6700,0.3300,yes
2d7a56c9-b451-5676-1fdf-26536f5d777a,KXAUBCOACH-26-JSUM,2025-11-19T21:54:36.291006Z,26.00,0.6700,0.3300,yes
1d5d97b5-1e15-5cdb-1ed1-af0336e5cbf2,KXAUBCOACH-26-JSUM,2025-11-19T21:54:36.291006Z,629.00,0.6800,0.3200,yes
8ccb9a8b-8a9f-5263-5647-b1cf3f546782,KXAUBCOACH-26-JSUM,2025-11-19T21:26:55.646359Z,6.00,0.6200,0.3800,yes
58bdd301-21c3-4854-fdbf-8a9cebb7a11c,KXAUBCOACH-26-JSUM,2025-11-19T21:17:19.135701Z,20.00,0.6100,0.3900,no
640e10aa-8e91-4a3c-411e-b16d136661ef,KXAUBCOACH-26-JSUM,2025-11-19T20:51:31.500811Z,15.00,0.6300,0.3700,no
8c4c8922-bbdc-5421-7707-a14cff366e1e,KXAUBCOACH-26-JSUM,2025-11-19T17:09:04.910278Z,10.00,0.6700,0.3300,yes
11bd7234-50a4-6f65-3423-ccc09e2458c2,KXAUBCOACH-26-JSUM,2025-11-19T16:17:18.992949Z,7.00,0.6700,0.3300,yes
fb9c3788-adf8-6ffd-93e6-b14d909f9a66,KXAUBCOACH-26-JSUM,2025-11-19T14:39:07.740926Z,1.00,0.6700,0.3300,yes
ab0ea8c2-3518-57a4-df5b-89f5e556e22a,KXAUBCOACH-26-JSUM,2025-11-19T12:31:51.655285Z,8.00,0.6500,0.3500,yes
37052cf8-a94f-5270-ea8e-21cbb25a3f60,KXAUBCOACH-26-JSUM,2025-11-19T12:31:51.655285Z,436.00,0.6600,0.3400,yes
bf3caf67-cdba-5b21-e947-a75611e99b98,KXAUBCOACH-26-JSUM,2025-11-19T06:21:43.022879Z,500.00,0.6500,0.3500,yes
23f096ea-057b-4541-7763-400d61ddc2ba,KXAUBCOACH-26-JSUM,2025-11-19T06:21:11.677116Z,30.00,0.6400,0.3600,yes
0e98e51e-2f35-4de8-69df-791283199d15,KXAUBCOACH-26-JSUM,2025-11-19T06:21:11.677116Z,7.00,0.6400,0.3600,yes
deeaf077-069e-457a-66aa-843b58c79c93,KXAUBCOACH-26-JSUM,2025-11-19T04:40:26.94464Z,38.00,0.6400,0.3600,yes
cef66177-a5ef-4456-f645-40b57b132f5e,KXAUBCOACH-26-JSUM,2025-11-19T02:50:30.068085Z,30.00,0.6400,0.3600,yes
291b6037-8195-442c-dc05-1be721a249dd,KXAUBCOACH-26-JSUM,2025-11-19T02:50:30.068085Z,38.00,0.6400,0.3600,yes
0243a553-fea6-4026-d7bc-dcd58f860d97,KXAUBCOACH-26-JSUM,2025-11-19T02:50:30.068085Z,8.00,0.6400,0.3600,yes
7e5bab19-ca55-4c96-c64c-b850eeb8c70e,KXAUBCOACH-26-JSUM,2025-11-19T01:52:30.070442Z,23.00,0.6100,0.3900,no
457870b2-ef60-5fc6-d825-5e5cdb4609fa,KXAUBCOACH-26-JSUM,2025-11-19T01:33:20.797303Z,114.00,0.6400,0.3600,yes
d76a3b55-e3b8-5b7a-4014-bc7255891176,KXAUBCOACH-26-JSUM,2025-11-19T01:30:49.245573Z,30.00,0.6400,0.3600,yes
d3fcc51d-2428-7346-b291-71849eed04ee,KXAUBCOACH-26-JSUM,2025-11-19T00:45:34.137852Z,38.00,0.6400,0.3600,yes
5aef1df2-40f3-7330-8d29-0bc50b480255,KXAUBCOACH-26-JSUM,2025-11-19T00:19:38.358717Z,400.00,0.6300,0.3700,yes
97bf0bf6-a9bc-65e4-7d82-6c408af3ddfe,KXAUBCOACH-26-JSUM,2025-11-19T00:02:25.728432Z,50.00,0.6200,0.3800,yes
7a13b67c-a762-635c-779c-693bf35ef227,KXAUBCOACH-26-JSUM,2025-11-19T00:02:25.728432Z,23.00,0.6200,0.3800,yes
5771de7e-844c-6120-7132-80c6392aa8e6,KXAUBCOACH-26-JSUM,2025-11-19T00:02:25.728432Z,247.00,0.6200,0.3800,yes
a9f9df9c-43ce-5e09-add3-ef8323fee8ab,KXAUBCOACH-26-JSUM,2025-11-18T23:54:30.209755Z,31.00,0.6200,0.3800,yes
2f03fad0-00db-5c57-1cad-0846f0a38231,KXAUBCOACH-26-JSUM,2025-11-18T23:17:35.81803Z,16.00,0.6200,0.3800,yes
3acbf504-ea3c-66da-91e8-a43816958f37,KXAUBCOACH-26-JSUM,2025-11-18T22:59:52.213956Z,15.00,0.6200,0.3800,yes
e0cc6701-9285-6321-faef-7194a9a52a52,KXAUBCOACH-26-JSUM,2025-11-18T22:56:06.379724Z,54.00,0.6200,0.3800,yes
1b8fdef1-35b9-67f9-a7aa-2e1441a4a8ce,KXAUBCOACH-26-JSUM,2025-11-18T22:09:10.090324Z,23.00,0.6200,0.3800,yes
faa1b291-d17f-654a-45d8-905f1b40e770,KXAUBCOACH-26-JSUM,2025-11-18T17:51:36.952695Z,50.00,0.6200,0.3800,yes
76c5b9b4-8895-77a0-0187-58456aa0c1d7,KXAUBCOACH-26-JSUM,2025-11-18T03:20:00.25832Z,10.00,0.6200,0.3800,yes
91e4a3d0-2199-5da0-89b6-965d02ab8103,KXAUBCOACH-26-JSUM,2025-11-18T02:15:30.678922Z,16.00,0.6200,0.3800,yes
2308b660-7418-565d-9841-5723343adea1,KXAUBCOACH-26-JSUM,2025-11-18T02:15:30.678922Z,15.00,0.6100,0.3900,yes
aec0eff6-7d1e-77c6-2f83-59f2a6eefcc1,KXAUBCOACH-26-JSUM,2025-11-18T01:47:43.430785Z,2.00,0.5400,0.4600,no
72ac4e00-1ea1-4574-15f2-ea3497595a9f,KXAUBCOACH-26-JSUM,2025-11-18T01:35:19.198382Z,7.00,0.6200,0.3800,yes
08d7b44c-e2e6-7ec6-77e6-daa51c59b321,KXAUBCOACH-26-JSUM,2025-11-18T01:27:24.860036Z,19.00,0.5400,0.4600,no
60a593ec-8ad6-6b5e-522b-4b02dd4c8da0,KXAUBCOACH-26-JSUM,2025-11-18T00:48:55.708546Z,200.00,0.6100,0.3900,yes
0f6b4412-0a12-4746-d65e-9e898edd1fcc,KXAUBCOACH-26-JSUM,2025-11-18T00:22:27.06993Z,15.00,0.6100,0.3900,yes
b47686c6-5524-4537-06e0-2c4ec1466621,KXAUBCOACH-26-JSUM,2025-11-17T23:53:11.820504Z,82.00,0.6000,0.4000,yes
3e3d26e9-61e6-4b17-1033-1960d1153873,KXAUBCOACH-26-JSUM,2025-11-17T23:50:12.141079Z,100.00,0.6000,0.4000,yes
b13f6c4e-d869-55f7-4a4a-86b7960a80c0,KXAUBCOACH-26-JSUM,2025-11-17T23:43:06.322202Z,3.00,0.6000,0.4000,yes
757f327f-0f1b-5e6e-4365-1a90ebf33666,KXAUBCOACH-26-JSUM,2025-11-17T23:43:06.322202Z,8.00,0.6000,0.4000,yes
3b6724a7-e84e-5b1b-62b5-449c5595a3b7,KXAUBCOACH-26-JSUM,2025-11-17T23:43:06.322202Z,5.00,0.6000,0.4000,yes
80f2c4f9-6189-4aba-3097-5d5e9022bc15,KXAUBCOACH-26-JSUM,2025-11-17T23:36:17.817261Z,8.00,0.6000,0.4000,yes
bff49c2c-c279-5616-7254-f0fbad4fb635,KXAUBCOACH-26-JSUM,2025-11-17T23:30:38.116762Z,8.00,0.6000,0.4000,yes
c5ab673f-3c85-4f42-27cd-579c76039fc9,KXAUBCOACH-26-JSUM,2025-11-17T23:18:24.403621Z,3.00,0.6000,0.4000,yes
fbaed352-0709-550b-dd1d-8ab94f4de013,KXAUBCOACH-26-JSUM,2025-11-17T22:47:01.160634Z,97.00,0.7000,0.3000,yes
ea49496b-64b4-5fb2-f860-d12eaf0219eb,KXAUBCOACH-26-JSUM,2025-11-17T22:47:01.160634Z,117.00,0.7100,0.2900,yes
e795c9ee-b593-57ae-e09c-ed814b670934,KXAUBCOACH-26-JSUM,2025-11-17T22:47:01.160634Z,5.00,0.5700,0.4300,yes
e57b9ced-fc24-55b2-cf28-20a9379dd12e,KXAUBCOACH-26-JSUM,2025-11-17T22:47:01.160634Z,166.00,0.7200,0.2800,yes
ae69354d-638a-5d1f-f3ee-d27759215bb4,KXAUBCOACH-26-JSUM,2025-11-17T22:47:01.160634Z,73.00,0.5700,0.4300,yes
94038358-3cef-5772-c5a0-02a1bdc044d6,KXAUBCOACH-26-JSUM,2025-11-17T22:47:01.160634Z,922.00,0.5700,0.4300,yes
64aa4053-cf8e-538d-e05a-07214c373d66,KXAUBCOACH-26-JSUM,2025-11-17T22:47:01.160634Z,184.00,0.7300,0.2700,yes
bf4fcf93-4b29-5e66-baf3-10aca0985baa,KXAUBCOACH-26-JSUM,2025-11-17T22:27:21.17688Z,17.00,0.5700,0.4300,yes
4ef2bcee-95b5-517a-668a-b7fccc315c82,KXAUBCOACH-26-JSUM,2025-11-17T22:19:19.702678Z,5.00,0.5700,0.4300,yes
b1b59db5-a144-4488-8441-7e8316c7fb9f,KXAUBCOACH-26-JSUM,2025-11-17T21:51:03.136324Z,34.00,0.5700,0.4300,yes
acbc7753-5dbe-4b18-b4c2-92238270581c,KXAUBCOACH-26-JSUM,2025-11-17T21:51:03.136324Z,34.00,0.5700,0.4300,yes
27923858-8e25-42fe-8395-4b5d3ae54b8a,KXAUBCOACH-26-JSUM,2025-11-17T21:51:03.136324Z,5.00,0.5700,0.4300,yes
56a1facd-b087-5949-a707-0d185aa38424,KXAUBCOACH-26-JSUM,2025-11-17T21:50:37.38667Z,68.00,0.5700,0.4300,yes
f3f896bd-33cd-77d7-a597-62c4451a604b,KXAUBCOACH-26-JSUM,2025-11-17T21:50:18.72296Z,95.00,0.5500,0.4500,no
23c56f27-29ae-72ea-9f46-cb675e76e321,KXAUBCOACH-26-JSUM,2025-11-17T21:50:18.72296Z,6.00,0.5400,0.4600,no
b3cdf9ca-e151-78fe-f19f-ace594ec3832,KXAUBCOACH-26-JSUM,2025-11-17T21:43:30.919524Z,10.00,0.5700,0.4300,yes
54496e2d-fac8-69dd-b3d0-7dd025ed4301,KXAUBCOACH-26-JSUM,2025-11-17T21:37:11.687725Z,17.00,0.5700,0.4300,yes
0e26b608-57be-66e7-59d9-1edc4ccb8514,KXAUBCOACH-26-JSUM,2025-11-17T21:32:18.851281Z,10.00,0.5600,0.4400,no
216f92e2-0e46-7962-7ce1-ada6ff02e48d,KXAUBCOACH-26-JSUM,2025-11-17T21:26:22.053357Z,34.00,0.5700,0.4300,yes
0c2fd4bb-6915-5a63-d61e-1688064bb1f7,KXAUBCOACH-26-JSUM,2025-11-17T20:22:26.478805Z,5.00,0.5500,0.4500,no
bbb7d26e-7372-53a2-9114-a2d6ff9dedf1,KXAUBCOACH-26-JSUM,2025-11-17T20:01:31.110657Z,23.00,0.5700,0.4300,yes
aa888337-9e12-57ab-95f4-ae143e7c66ab,KXAUBCOACH-26-JSUM,2025-11-17T20:01:31.110657Z,11.00,0.5700,0.4300,yes
d15b7ee8-7bdf-57c9-24fe-ca687f8a8184,KXAUBCOACH-26-JSUM,2025-11-17T19:54:35.255195Z,3.00,0.5700,0.4300,yes
8c15ef58-51ee-590f-3c4d-634adcbd1d87,KXAUBCOACH-26-JSUM,2025-11-17T19:54:35.255195Z,31.00,0.5700,0.4300,yes
3aa8039f-1ed4-5cf5-3970-946771ca0a35,KXAUBCOACH-26-JSUM,2025-11-17T19:43:03.778675Z,18.00,0.5700,0.4300,yes
28f446fc-076c-657d-25ef-f3182541334d,KXAUBCOACH-26-JSUM,2025-11-17T19:37:52.186933Z,42.00,0.5700,0.4300,yes
cbebf999-6904-59c9-e2cb-982c94c8dba5,KXAUBCOACH-26-JSUM,2025-11-17T19:35:46.473967Z,3.00,0.5700,0.4300,yes
2a53ffc4-7300-5389-fb9f-b4a686752340,KXAUBCOACH-26-JSUM,2025-11-17T19:29:29.183885Z,705.00,0.5500,0.4500,yes
ddb378c1-aba6-570d-ff84-805572651d61,KXAUBCOACH-26-JSUM,2025-11-17T19:17:40.756136Z,10.00,0.5500,0.4500,yes
37c81cab-d0d0-546d-d6d8-bd74aa86c0e4,KXAUBCOACH-26-JSUM,2025-11-17T19:17:40.756136Z,25.00,0.5500,0.4500,yes
cd034fae-3212-4a95-f0d3-40c3ebb807c4,KXAUBCOACH-26-JSUM,2025-11-17T19:15:25.95732Z,35.00,0.5500,0.4500,yes
7ee420ea-7d47-6fc2-3432-789b64521a25,KXAUBCOACH-26-JSUM,2025-11-17T19:14:15.304714Z,176.00,0.5500,0.4500,yes
91422f5a-f7f3-4e2a-64c9-79bb3f3c2431,KXAUBCOACH-26-JSUM,2025-11-17T19:12:41.936408Z,10.00,0.5500,0.4500,yes
5ae58bbc-b5eb-51e6-e073-aaac3db9d665,KXAUBCOACH-26-JSUM,2025-11-17T19:08:33.940742Z,35.00,0.5500,0.4500,yes
e2abca1e-f592-66aa-3adb-49124191b523,KXAUBCOACH-26-JSUM,2025-11-17T19:05:56.369123Z,17.00,0.5400,0.4600,yes
123a8090-592c-6845-1a1a-c7cdc73b6b91,KXAUBCOACH-26-JSUM,2025-11-17T19:05:56.369123Z,116.00,0.5400,0.4600,yes
0cac670c-c913-6244-1a8e-9b8ca26076e9,KXAUBCOACH-26-JSUM,2025-11-17T19:05:56.369123Z,17.00,0.5400,0.4600,yes
a0fe0150-15da-6a48-2866-ef9614883f00,KXAUBCOACH-26-JSUM,2025-11-17T19:03:30.869553Z,100.00,0.5300,0.4700,yes
193f3af1-5777-6d4c-1b75-7606f667b550,KXAUBCOACH-26-JSUM,2025-11-17T19:03:30.869553Z,36.00,0.5400,0.4600,yes
6aed2b62-33f7-6564-4c2b-5de1fe2a4344,KXAUBCOACH-26-JSUM,2025-11-17T02:36:29.365802Z,17.00,0.5400,0.4600,yes
ee890b54-42f7-66e0-aa49-d87ee6f38d94,KXAUBCOACH-26-JSUM,2025-11-17T02:31:47.122809Z,17.00,0.5400,0.4600,yes
f4e3dc11-3a2b-655e-1c3b-10fef95817b3,KXAUBCOACH-26-JSUM,2025-11-16T09:02:12.64098Z,100.00,0.5300,0.4700,yes
a43b7b9b-4da3-4ffd-6586-84ccef47cb4a,KXAUBCOACH-26-JSUM,2025-11-15T17:51:52.189652Z,8.00,0.5400,0.4600,yes
18e4b7de-659f-55e1-dfc2-76c434c1e32a,KXAUBCOACH-26-JSUM,2025-11-15T16:08:02.627284Z,17.00,0.5400,0.4600,yes
1a4d2784-9243-5d88-c337-643de48649dc,KXAUBCOACH-26-JSUM,2025-11-15T07:39:21.974999Z,17.00,0.5500,0.4500,yes
d40d848c-2b81-7cab-1d34-843c58a935ce,KXAUBCOACH-26-JSUM,2025-11-15T05:28:55.471225Z,166.00,0.5300,0.4700,yes
86ac376a-7ca3-72db-253d-aae69aa4adc5,KXAUBCOACH-26-JSUM,2025-11-15T05:28:55.471225Z,9.00,0.5300,0.4700,yes
1791973c-4bf8-72c3-0fbc-c2cae37303f9,KXAUBCOACH-26-JSUM,2025-11-15T05:28:55.471225Z,7.00,0.5300,0.4700,yes
613df39f-bad3-67cb-ca1c-e09f90b5a816,KXAUBCOACH-26-JSUM,2025-11-15T05:13:39.692835Z,17.00,0.5200,0.4800,yes
b65e5560-0951-5f12-c152-1af792d3863e,KXAUBCOACH-26-JSUM,2025-11-15T01:42:59.462153Z,7.00,0.4500,0.5500,no
3ec24948-7963-5d97-e001-c1bf14177022,KXAUBCOACH-26-JSUM,2025-11-15T01:33:11.593549Z,28.00,0.5200,0.4800,yes
7b4172bc-f716-7253-3cef-83337e9b1ecc,KXAUBCOACH-26-JSUM,2025-11-14T19:32:21.095426Z,18.00,0.5300,0.4700,yes
ae2f7dd1-9410-4d36-2cd5-dfc6bd127ac4,KXAUBCOACH-26-JSUM,2025-11-14T13:12:29.507386Z,2.00,0.5000,0.5000,yes
3a07e951-da36-46fb-27f3-9b62a41fa1c8,KXAUBCOACH-26-JSUM,2025-11-14T13:12:29.507386Z,7.00,0.5300,0.4700,yes
25a32d8a-68b4-7922-20af-3547ae4155a0,KXAUBCOACH-26-JSUM,2025-11-14T04:51:18.671809Z,48.00,0.5000,0.5000,yes
f15078c0-5b6e-69af-e450-cb14cd8240ec,KXAUBCOACH-26-JSUM,2025-11-13T17:52:50.375682Z,9.00,0.5300,0.4700,yes
deeaeee4-1220-5238-1dc5-17db6b091da3,KXAUBCOACH-26-JSUM,2025-11-13T02:46:02.498722Z,17.00,0.4600,0.5400,no
9ad61ae5-3d76-69d7-6d50-29dc74beb10d,KXAUBCOACH-26-JSUM,2025-11-13T00:59:19.059033Z,150.00,0.5200,0.4800,yes
8d149f64-3f8c-69af-6155-b1ed4b278f3a,KXAUBCOACH-26-JSUM,2025-11-13T00:59:19.059033Z,36.00,0.5200,0.4800,yes
68cfa243-7ae6-7f77-a7d1-63961ab334ad,KXAUBCOACH-26-JSUM,2025-11-12T18:41:55.264763Z,50.00,0.5200,0.4800,yes
f0f1db38-9ed0-7fdd-5419-80c239e1b76b,KXAUBCOACH-26-JSUM,2025-11-12T15:53:14.256472Z,53.00,0.4400,0.5600,no
ca629873-7c69-428e-87b3-4c608b356fe7,KXAUBCOACH-26-JSUM,2025-11-12T15:17:36.578132Z,1.00,0.5200,0.4800,yes
40e97ca0-3345-5846-f3df-969540f39fdb,KXAUBCOACH-26-JSUM,2025-11-12T04:09:57.318899Z,37.00,0.5200,0.4800,yes
e8a2c49c-bc05-45d6-e173-23345b31f807,KXAUBCOACH-26-JSUM,2025-11-12T03:49:18.949552Z,27.00,0.5200,0.4800,yes
68e56cb8-33b2-5bc8-d4f6-92c74dc02d77,KXAUBCOACH-26-JSUM,2025-11-12T03:15:26.346Z,193.00,0.5000,0.5000,yes
8a5e87cc-58e3-7f1d-2fc3-ccf14d2bdd46,KXAUBCOACH-26-JSUM,2025-11-12T02:07:43.256385Z,86.00,0.4400,0.5600,no
e4466aae-4422-5e6a-2e10-f84689671fc1,KXAUBCOACH-26-JSUM,2025-11-12T02:06:13.909652Z,46.00,0.5100,0.4900,yes
a9faa4d1-414a-4472-2be9-00bb68419681,KXAUBCOACH-26-JSUM,2025-11-12T01:44:18.316809Z,5.00,0.5100,0.4900,yes
d2483348-372e-52fe-ab96-cffd9956eadd,KXAUBCOACH-26-JSUM,2025-11-11T23:32:25.367474Z,18.00,0.5100,0.4900,yes
1b96a683-5397-61c9-1a00-aaa80448344c,KXAUBCOACH-26-JSUM,2025-11-11T19:42:01.656789Z,172.00,0.4500,0.5500,no
c4e0b951-52d7-7005-8cd6-80d7552b3684,KXAUBCOACH-26-JSUM,2025-11-11T15:17:36.186265Z,26.00,0.4500,0.5500,no
ca178a12-e431-59d2-4d40-fc99b9906f9f,KXAUBCOACH-26-JSUM,2025-11-10T15:44:16.670873Z,20.00,0.5300,0.4700,yes
d3db7435-9f4a-6ca4-7bcb-7ff19b20525f,KXAUBCOACH-26-JSUM,2025-11-09T17:54:48.000454Z,26.00,0.5400,0.4600,yes
bb7f3713-8c99-62c3-1f5f-f5cdfc9258db,KXAUBCOACH-26-JSUM,2025-11-09T03:45:22.369533Z,50.00,0.4600,0.5400,no
68d75691-e9d1-636b-0f9c-e8287620c833,KXAUBCOACH-26-JSUM,2025-11-09T00:34:57.090728Z,10.00,0.4600,0.5400,no
3586f472-bf14-6693-5268-fe2e712cab3c,KXAUBCOACH-26-JSUM,2025-11-08T22:07:16.595003Z,36.00,0.4700,0.5300,no
826738b4-8a4f-6f88-fb8e-b45b2f1e245a,KXAUBCOACH-26-JSUM,2025-11-08T18:08:34.648763Z,17.00,0.5500,0.4500,yes
bf1a1c9e-b26b-44d4-0c61-97c8a293d442,KXAUBCOACH-26-JSUM,2025-11-08T16:35:02.962996Z,5.00,0.5500,0.4500,yes
e247685a-7dd7-5474-75ff-174641a3558a,KXAUBCOACH-26-JSUM,2025-11-07T21:38:18.664704Z,17.00,0.5500,0.4500,yes
c7c5093d-e296-5d3b-8d6e-93c312e4d2c8,KXAUBCOACH-26-JSUM,2025-11-07T16:14:32.712995Z,35.00,0.5400,0.4600,yes
c108a1f8-0747-6116-2dff-71f83ca5c601,KXAUBCOACH-26-JSUM,2025-11-07T16:02:29.82947Z,3.00,0.5400,0.4600,yes
7ac72432-686b-631c-139e-fa3de9137f83,KXAUBCOACH-26-JSUM,2025-11-07T16:02:29.82947Z,50.00,0.5400,0.4600,yes
3a8af79d-9b92-512b-1a39-c4dc196fd548,KXAUBCOACH-26-JSUM,2025-11-06T07:25:37.475028Z,1.00,0.2700,0.7300,no
e5d48d8d-0de2-5cd0-ba51-ed3748dd9d9c,KXAUBCOACH-26-JSUM,2025-11-04T22:06:38.39602Z,44.00,0.9900,0.0100,yes
e5a54c29-03d4-59ec-95ac-b960780fec0b,KXAUBCOACH-26-JSUM,2025-11-04T22:06:38.39602Z,5.00,0.9800,0.0200,yes
578454e0-788d-51f0-9079-dbda35a6014a,KXAUBCOACH-26-JSUM,2025-11-04T17:59:36.28822Z,1.00,0.2700,0.7300,no
cfdfa3a5-55c2-46b4-5f66-7d312850fc50,KXAUBCOACH-26-JSUM,2025-11-04T15:35:03.03877Z,1.00,0.9900,0.0100,yes
