trade_id,ticker,created_time,count_fp,yes_price_dollars,no_price_dollars,taker_side
c8784cb8-14ea-6d27-1cfb-5b10087404c7,KXCABOUT-29-RFK,2026-02-03T22:58:17.140629Z,100.00,0.0100,0.9900,no
c4119bed-37ba-624e-0c20-40c8d3a4f9a7,KXCABOUT-29-RFK,2026-02-03T22:58:17.140629Z,400.00,0.0100,0.9900,no
ab82c6f9-0f1f-6994-39e7-327a6e8d8600,KXCABOUT-29-RFK,2026-02-03T22:58:17.140629Z,50.00,0.0100,0.9900,no
9a416e8a-614a-6432-1aba-90ba98dbe381,KXCABOUT-29-RFK,2026-02-03T22:58:17.140629Z,1393.00,0.0100,0.9900,no
721809f4-c7f5-6a4f-0448-f33b626be7a2,KXCABOUT-29-RFK,2026-02-03T22:58:17.140629Z,356.00,0.0100,0.9900,no
4154366f-3518-6eb1-3b96-7dffb4e5b316,KXCABOUT-29-RFK,2026-02-03T22:58:17.140629Z,397.00,0.0100,0.9900,no
2346f6d9-8b9c-6bf8-2cf1-e843b09fa6a1,KXCABOUT-29-RFK,2026-02-03T22:58:17.140629Z,600.00,0.0100,0.9900,no
27964980-f45e-7b36-dcee-f69c21f4b275,KXCABOUT-29-RFK,2026-02-03T22:57:17.457266Z,1863.00,0.0100,0.9900,no
e26ba3e0-fc97-5f12-61fe-46babb1174f9,KXCABOUT-29-RFK,2026-02-03T22:56:41.033147Z,255.00,0.0100,0.9900,no
69252115-e85a-5eed-7978-b9d3146fbc43,KXCABOUT-29-RFK,2026-02-03T22:56:41.033147Z,100.00,0.0100,0.9900,no
3fcb3d4a-099a-554e-5f78-99019142ffed,KXCABOUT-29-RFK,2026-02-03T22:56:41.033147Z,1744.00,0.0100,0.9900,no
108e9fc9-68d1-5df0-7cb4-5ad4b1d4504a,KXCABOUT-29-RFK,2026-02-03T22:56:41.033147Z,100.00,0.0100,0.9900,no
00b19aba-1a0b-5612-7772-948afc6466bb,KXCABOUT-29-RFK,2026-02-03T22:56:41.033147Z,5301.00,0.0100,0.9900,no
04e049de-8faf-528a-4d6b-d1bc65f87bf7,KXCABOUT-29-RFK,2026-02-03T22:55:47.12582Z,3.00,0.0100,0.9900,no
08e5950c-4193-6f4e-c74b-2599fa0b4a73,KXCABOUT-29-RFK,2026-02-03T22:55:05.346079Z,188.00,0.0100,0.9900,no
f1991662-a57f-7ef6-2502-9b7e08e9ad53,KXCABOUT-29-RFK,2026-02-03T22:55:04.118107Z,733.00,0.0100,0.9900,no
64ecbd55-3f1f-4b12-e968-30701c2721a3,KXCABOUT-29-RFK,2026-02-03T22:55:02.884132Z,8.00,0.0100,0.9900,no
d79ff9e4-b28b-4d06-b10e-fef27015c267,KXCABOUT-29-RFK,2026-02-03T22:55:02.880183Z,3571.00,0.0100,0.9900,no
ef6c9532-e9a6-662d-752d-c48b86cccf58,KXCABOUT-29-RFK,2026-02-03T22:54:43.861304Z,804.00,0.0100,0.9900,no
4df82d43-b607-6c76-604e-3f42c0f1a693,KXCABOUT-29-RFK,2026-02-03T22:54:43.861304Z,196.00,0.0100,0.9900,no
87110b7d-7c97-723a-91f2-3b3803768ff8,KXCABOUT-29-RFK,2026-02-03T20:58:50.135304Z,32.00,0.0200,0.9800,yes
291524e4-886c-7f1c-8d6d-6096a2049cd8,KXCABOUT-29-RFK,2026-02-03T20:58:50.135304Z,201.00,0.0200,0.9800,yes
582a2f5b-603c-6ab0-5457-e1c5c6207d34,KXCABOUT-29-RFK,2026-02-03T16:57:50.779001Z,29.00,0.0200,0.9800,yes
87663eec-26e6-54b5-5c2c-4012480e510c,KXCABOUT-29-RFK,2026-02-03T09:07:23.056765Z,187.00,0.0100,0.9900,no
677b865e-caa8-510c-aecf-ec0792050414,KXCABOUT-29-RFK,2026-02-03T04:17:39.17825Z,187.00,0.0200,0.9800,yes
ff8a1eb3-5584-4088-63a4-17806b2fbf4c,KXCABOUT-29-RFK,2026-02-03T03:58:40.704296Z,233.00,0.0200,0.9800,yes
33105cba-ccdd-42a3-c8bc-cea3bf3a4069,KXCABOUT-29-RFK,2026-02-03T00:28:22.731409Z,51.00,0.0200,0.9800,yes
1ee0faef-aa4e-7232-8884-34a62bcd1547,KXCABOUT-29-RFK,2026-02-02T23:43:44.090082Z,4.00,0.0200,0.9800,yes
eba8aa06-9ef4-6427-bc1b-9dbe054044a2,KXCABOUT-29-RFK,2026-02-02T21:04:29.759933Z,212.00,0.0200,0.9800,yes
e1c2e2ca-b0ae-6df4-8973-be6ac85bc272,KXCABOUT-29-RFK,2026-02-02T21:04:29.759933Z,300.00,0.0200,0.9800,yes
dec96b7e-6b45-6f9a-9f4e-75c832bf6d41,KXCABOUT-29-RFK,2026-02-02T21:04:29.759933Z,300.00,0.0200,0.9800,yes
d87d6055-a3f6-6bdb-a33a-55685a0fbb17,KXCABOUT-29-RFK,2026-02-02T21:04:29.759933Z,454.00,0.0200,0.9800,yes
b1511517-7c75-6ec8-837b-61e6edb9b423,KXCABOUT-29-RFK,2026-02-02T21:04:29.759933Z,1000.00,0.0200,0.9800,yes
817c1deb-c4ce-6f42-8e2f-a363148c31e9,KXCABOUT-29-RFK,2026-02-02T21:04:29.759933Z,150.00,0.0200,0.9800,yes
6804968c-ef72-6c44-905a-afc511f157b2,KXCABOUT-29-RFK,2026-02-02T21:04:29.759933Z,11.00,0.0200,0.9800,yes
4a4887cf-052c-60dd-bf2c-61d387d8d0cb,KXCABOUT-29-RFK,2026-02-02T21:04:29.759933Z,300.00,0.0200,0.9800,yes
3749482d-bc2e-677d-8046-df6e56aa186a,KXCABOUT-29-RFK,2026-02-02T21:04:29.759933Z,282.00,0.0200,0.9800,yes
34e62024-6fa8-68b1-84f8-1134dccc8a3b,KXCABOUT-29-RFK,2026-02-02T21:04:29.759933Z,500.00,0.0200,0.9800,yes
18a69a32-6af8-479b-fc83-8a35671a65fa,KXCABOUT-29-RFK,2026-02-02T19:28:06.816306Z,46.00,0.0200,0.9800,yes
0068ffe3-80ec-79a3-4926-f1ff51258206,KXCABOUT-29-RFK,2026-02-02T18:21:48.273217Z,200.00,0.0200,0.9800,yes
574cf9f8-7678-586f-070f-88fdde77a936,KXCABOUT-29-RFK,2026-02-02T17:51:28.633318Z,52.00,0.0200,0.9800,yes
c4bf12e9-16b0-4fd3-649b-86ee8bae48aa,KXCABOUT-29-RFK,2026-02-02T17:31:05.81273Z,233.00,0.0200,0.9800,yes
aaccda6d-0868-7a73-1fb9-b5a82b77bf12,KXCABOUT-29-RFK,2026-02-02T11:49:12.287366Z,46.00,0.0200,0.9800,yes
b5657bae-2c44-4d87-f009-90c6f1cec32e,KXCABOUT-29-RFK,2026-02-02T08:59:23.470731Z,93.00,0.0200,0.9800,yes
c64f24f0-4e17-4905-e31b-41a6824f5852,KXCABOUT-29-RFK,2026-02-02T07:26:04.968286Z,100.00,0.0200,0.9800,yes
ac9ceaec-23a5-4294-d8d7-e6337c32e392,KXCABOUT-29-RFK,2026-02-02T07:26:04.968286Z,267.00,0.0200,0.9800,yes
66f45e56-4b37-433f-c5cf-2f0e433b9fbc,KXCABOUT-29-RFK,2026-02-02T07:26:04.968286Z,200.00,0.0200,0.9800,yes
4e7d9b31-2a10-42a7-c8bf-238da9373dc6,KXCABOUT-29-RFK,2026-02-02T07:26:04.968286Z,118.00,0.0200,0.9800,yes
0d5dc088-c0f5-4a34-dd44-4df4feca74fa,KXCABOUT-29-RFK,2026-02-02T07:26:04.968286Z,250.00,0.0200,0.9800,yes
ce71bbd0-135e-66c6-47e3-ba73995a4cb9,KXCABOUT-29-RFK,2026-02-02T05:01:50.227274Z,603.00,0.0200,0.9800,yes
771a8c4d-abf1-6b10-781d-abdd2aabcc72,KXCABOUT-29-RFK,2026-02-02T05:01:50.227274Z,33.00,0.0200,0.9800,yes
3b6ae27a-8786-5d8a-47d7-35a813c4b839,KXCABOUT-29-RFK,2026-02-02T04:23:51.227346Z,701.00,0.0200,0.9800,yes
83cddadb-d3aa-7baa-9dde-bc1d36e54055,KXCABOUT-29-RFK,2026-02-02T01:16:35.569921Z,46.00,0.0200,0.9800,yes
4cadb14d-d1df-6858-2d13-0e4f0abdfdc4,KXCABOUT-29-RFK,2026-02-01T23:29:45.29611Z,519.00,0.0200,0.9800,yes
1f16f32f-ab2e-685e-1347-e03cb3393a91,KXCABOUT-29-RFK,2026-02-01T23:29:45.29611Z,650.00,0.0200,0.9800,yes
a0601536-767b-5b30-d69e-fc69c1fba098,KXCABOUT-29-RFK,2026-02-01T19:01:33.879194Z,93.00,0.0200,0.9800,yes
1da1442c-c353-5930-f688-f70620f1fd64,KXCABOUT-29-RFK,2026-02-01T18:23:32.19738Z,4.00,0.0200,0.9800,yes
59eb4423-c123-7fd8-99f6-9190f1f089e4,KXCABOUT-29-RFK,2026-02-01T16:05:31.617674Z,233.00,0.0200,0.9800,yes
4f7c8577-f93f-7c98-1dbf-b986647d63cc,KXCABOUT-29-RFK,2026-02-01T15:50:02.942445Z,46.00,0.0200,0.9800,yes
af7b2000-4fd7-7500-62c8-d4f84f7b91c0,KXCABOUT-29-RFK,2026-02-01T14:06:13.856415Z,105.00,0.0200,0.9800,yes
59cfbd53-f910-7ab4-40d1-e1c2fee654f2,KXCABOUT-29-RFK,2026-02-01T14:06:13.856415Z,1990.00,0.0200,0.9800,yes
1faf18a3-1be7-7326-6235-965b87d707ef,KXCABOUT-29-RFK,2026-02-01T14:06:13.856415Z,1574.00,0.0200,0.9800,yes
1f389de3-625d-7621-43c3-9f26b01cb072,KXCABOUT-29-RFK,2026-02-01T14:06:13.856415Z,10.00,0.0200,0.9800,yes
1f000232-5cd2-7100-5c41-fff631627d98,KXCABOUT-29-RFK,2026-02-01T14:06:13.856415Z,1000.00,0.0200,0.9800,yes
52919d33-abf2-62d1-98df-d3458a12ca8c,KXCABOUT-29-RFK,2026-02-01T12:37:26.117258Z,28.00,0.0100,0.9900,no
a35f9d31-218b-4492-a075-39c1508ff61f,KXCABOUT-29-RFK,2026-02-01T08:15:55.791657Z,9.00,0.0200,0.9800,yes
aa8c0c04-3183-5336-385f-b69375362b07,KXCABOUT-29-RFK,2026-02-01T08:07:24.038035Z,417.00,0.0200,0.9800,yes
52d5b589-a4a3-5559-1de2-137c7572bd1b,KXCABOUT-29-RFK,2026-02-01T08:07:24.038035Z,612.00,0.0200,0.9800,yes
8b6f4208-956d-6e38-5290-527dbe80e19f,KXCABOUT-29-RFK,2026-02-01T07:23:55.213925Z,951.00,0.0200,0.9800,yes
7fff26e8-3a03-6b65-79ee-7a4aa3860983,KXCABOUT-29-RFK,2026-02-01T07:23:55.213925Z,1388.00,0.0200,0.9800,yes
d2d759fb-1c06-6655-11af-196b041aca60,KXCABOUT-29-RFK,2026-02-01T05:45:28.486961Z,12.00,0.0100,0.9900,no
7498a75b-4d75-6910-b8cf-ff4490700ebf,KXCABOUT-29-RFK,2026-02-01T05:45:17.718605Z,49.00,0.0200,0.9800,yes
38a6726d-24f1-6852-9a17-45813292b620,KXCABOUT-29-RFK,2026-02-01T05:45:17.718605Z,184.00,0.0200,0.9800,yes
19dfbcbe-d11e-5aa9-1552-d899e056d394,KXCABOUT-29-RFK,2026-02-01T05:24:55.12111Z,89.00,0.0100,0.9900,no
3c22c76e-8c12-6155-79d0-377b2e0cb464,KXCABOUT-29-RFK,2026-02-01T05:24:14.440945Z,4.00,0.0100,0.9900,no
2043c17f-5bb5-6112-7059-1595108cb6bc,KXCABOUT-29-RFK,2026-02-01T05:24:00.161638Z,100.00,0.0200,0.9800,yes
2a7ac224-afae-55d1-3215-e8a9c02ac25c,KXCABOUT-29-RFK,2026-02-01T05:06:20.113443Z,4.00,0.0100,0.9900,no
4adda2ec-cb1e-430d-25c6-703133c7d744,KXCABOUT-29-RFK,2026-02-01T05:05:55.649998Z,1.00,0.0100,0.9900,no
b393f511-2dde-5aa1-86f6-8e817893b948,KXCABOUT-29-RFK,2026-02-01T05:02:05.202837Z,1.00,0.0100,0.9900,no
290291ec-e2e2-6f15-dbc3-9e85c9e9b894,KXCABOUT-29-RFK,2026-02-01T04:14:03.193718Z,1.00,0.0100,0.9900,no
b0469168-1972-4805-52db-16361634fb80,KXCABOUT-29-RFK,2026-02-01T04:08:27.159985Z,1.00,0.0100,0.9900,no
3bd56ec2-bf56-4e55-93b7-75156ebb04e0,KXCABOUT-29-RFK,2026-02-01T04:05:05.100477Z,1.00,0.0100,0.9900,no
ead28f13-b376-4231-557c-7476faab276c,KXCABOUT-29-RFK,2026-02-01T04:03:54.170395Z,2.00,0.0100,0.9900,no
a8c64bc5-6012-44a1-0d5d-6518a57a6788,KXCABOUT-29-RFK,2026-02-01T03:55:01.009186Z,2.00,0.0100,0.9900,no
1ed35900-3df6-512d-2a6e-d48663efe748,KXCABOUT-29-RFK,2026-02-01T03:49:55.649248Z,1.00,0.0100,0.9900,no
91ecbc36-df9e-7bc9-359e-68bc7d4f44a4,KXCABOUT-29-RFK,2026-02-01T02:35:10.13976Z,1.00,0.0100,0.9900,no
9b2669ca-5ce6-6e25-a011-760760515ef0,KXCABOUT-29-RFK,2026-02-01T02:22:19.206723Z,1.00,0.0100,0.9900,no
86392d44-6aca-4409-c964-924e29913f30,KXCABOUT-29-RFK,2026-02-01T02:16:09.187216Z,1.00,0.0100,0.9900,no
475cbded-c2ae-6729-097f-682d67739c9c,KXCABOUT-29-RFK,2026-02-01T02:14:33.092507Z,7.00,0.0100,0.9900,no
32ceef06-d2c2-4c75-eaab-caa29a4e228c,KXCABOUT-29-RFK,2026-02-01T01:53:06.046758Z,1.00,0.0100,0.9900,no
d4f9de17-baba-5421-27c2-b609696b5984,KXCABOUT-29-RFK,2026-02-01T01:44:08.916861Z,46.00,0.0100,0.9900,no
4d3e3ad3-3856-4265-7daf-749687bd98a0,KXCABOUT-29-RFK,2026-02-01T01:34:12.32975Z,1.00,0.0100,0.9900,no
5f3a5cde-3f8e-5f01-f1c1-a3959475b570,KXCABOUT-29-RFK,2026-02-01T01:24:02.852139Z,1.00,0.0100,0.9900,no
acdebb3d-61fe-7151-fffd-85c779122d64,KXCABOUT-29-RFK,2026-02-01T01:23:26.669985Z,2.00,0.0100,0.9900,no
db1222c6-9dda-451d-db57-2b9dfb609b2c,KXCABOUT-29-RFK,2026-02-01T01:13:18.271167Z,1.00,0.0100,0.9900,no
845438cd-ec19-5986-5b00-f12abd597350,KXCABOUT-29-RFK,2026-02-01T01:07:09.016217Z,716.00,0.0200,0.9800,yes
5948b360-8061-5cf8-5759-4dccb504246c,KXCABOUT-29-RFK,2026-02-01T01:07:09.016217Z,453.00,0.0200,0.9800,yes
c30b9cc8-d27e-4941-5a4c-8ce241dd800c,KXCABOUT-29-RFK,2026-02-01T01:05:11.39077Z,2.00,0.0100,0.9900,no
dc42e63a-06aa-6e71-c26c-d3ce67548aac,KXCABOUT-29-RFK,2026-02-01T01:00:54.346541Z,1.00,0.0100,0.9900,no
ebd96fa7-536e-513d-2d75-c6fc0db65488,KXCABOUT-29-RFK,2026-02-01T00:36:05.570795Z,1.00,0.0100,0.9900,no
49fc519b-5af6-7671-8bb2-852e3a7599a4,KXCABOUT-29-RFK,2026-02-01T00:24:02.161925Z,37.00,0.0100,0.9900,no
ddabcd7c-6bd6-64fd-413e-b56832a7a444,KXCABOUT-29-RFK,2026-02-01T00:06:03.650289Z,5.00,0.0100,0.9900,no
21a20acc-ae92-4305-259c-658b1043bd90,KXCABOUT-29-RFK,2026-02-01T00:04:03.173802Z,13.00,0.0100,0.9900,no
b2e58344-82bb-75ee-1fa7-dd67ea199610,KXCABOUT-29-RFK,2026-01-31T23:27:54.936544Z,1000.00,0.0200,0.9800,yes
7968df99-1efd-73ec-28aa-d0fef062f510,KXCABOUT-29-RFK,2026-01-31T23:27:54.936544Z,47.00,0.0200,0.9800,yes
2c2de755-a0a2-7864-310e-d126ad5b777f,KXCABOUT-29-RFK,2026-01-31T23:27:54.936544Z,824.00,0.0200,0.9800,yes
1e13c17f-d8e6-7145-bfde-ac51f632e1d0,KXCABOUT-29-RFK,2026-01-31T20:43:22.919185Z,13.00,0.0100,0.9900,no
64e436ac-d6d6-53bd-9132-4e716caf70bc,KXCABOUT-29-RFK,2026-01-31T19:45:10.563966Z,1.00,0.0100,0.9900,no
1bc9b6e7-4282-4499-be2c-1bf4849971fc,KXCABOUT-29-RFK,2026-01-31T19:43:00.65503Z,1.00,0.0100,0.9900,no
dee0a7c8-99ea-5afc-610e-54ab49c28d3b,KXCABOUT-29-RFK,2026-01-31T19:02:34.192066Z,46.00,0.0200,0.9800,yes
8e119cd4-bc4e-6179-a9c8-6a052083dee0,KXCABOUT-29-RFK,2026-01-31T18:57:29.539266Z,5.00,0.0100,0.9900,no
26e35788-3cc6-7a7c-0aa1-f074df271e27,KXCABOUT-29-RFK,2026-01-31T18:55:00.044711Z,46.00,0.0200,0.9800,yes
f4edcfb8-8842-5eb1-8507-810aba9f3f70,KXCABOUT-29-RFK,2026-01-31T18:51:38.772497Z,3.00,0.0100,0.9900,no
3dee1ef1-26a6-65e9-2db6-d247c705d114,KXCABOUT-29-RFK,2026-01-31T18:47:26.110237Z,3.00,0.0100,0.9900,no
e8ddcd9e-68f6-7fa9-1195-a62956abfea8,KXCABOUT-29-RFK,2026-01-31T18:44:59.519283Z,2.00,0.0100,0.9900,no
cdd05aa0-33fe-7f11-b8c2-507e38435320,KXCABOUT-29-RFK,2026-01-31T18:43:14.492025Z,2.00,0.0100,0.9900,no
7268236f-6526-5935-7c7b-1b2c75d4f53c,KXCABOUT-29-RFK,2026-01-31T18:29:53.302003Z,1.00,0.0100,0.9900,no
a913721a-4002-7645-6ca1-918a8456853c,KXCABOUT-29-RFK,2026-01-31T18:28:20.129489Z,1.00,0.0100,0.9900,no
71bc1db6-b8fa-55b1-afab-fb44355a43a0,KXCABOUT-29-RFK,2026-01-31T18:25:51.616022Z,1.00,0.0100,0.9900,no
c6c3d9da-1c6a-4730-21db-f99aecc7480f,KXCABOUT-29-RFK,2026-01-31T18:08:56.038258Z,4.00,0.0200,0.9800,yes
7bcad065-8d72-469c-ffc7-5214e68a5c23,KXCABOUT-29-RFK,2026-01-31T17:54:52.044848Z,46.00,0.0200,0.9800,yes
741b49d7-3a5e-7415-2369-1970239662c4,KXCABOUT-29-RFK,2026-01-31T17:46:38.010012Z,2.00,0.0100,0.9900,no
86dbd154-1bce-68c1-7064-d512084aeeb8,KXCABOUT-29-RFK,2026-01-31T17:45:02.277705Z,2.00,0.0100,0.9900,no
2908e01b-389e-6cb9-2d7c-25195e21152c,KXCABOUT-29-RFK,2026-01-31T17:44:23.434795Z,2.00,0.0100,0.9900,no
d973013f-e16e-52d5-3f9c-805702523cec,KXCABOUT-29-RFK,2026-01-31T17:42:47.561535Z,2.00,0.0100,0.9900,no
a1c9d1b5-5986-6d95-c111-a52720c32c24,KXCABOUT-29-RFK,2026-01-31T17:42:00.472284Z,1.00,0.0100,0.9900,no
b4a5dd3f-4d4a-7925-ae20-a5af6d2fc8ec,KXCABOUT-29-RFK,2026-01-31T17:40:48.523725Z,5.00,0.0100,0.9900,no
e550dcf0-767e-50e1-0b8b-061e78003810,KXCABOUT-29-RFK,2026-01-31T17:38:28.199395Z,5.00,0.0100,0.9900,no
fda0935d-265a-6090-8329-59617ec30b07,KXCABOUT-29-RFK,2026-01-31T17:16:47.965873Z,34.00,0.0200,0.9800,yes
81fe3baf-732e-6fe1-9c0f-d82a4886896e,KXCABOUT-29-RFK,2026-01-31T17:16:47.965873Z,12.00,0.0200,0.9800,yes
3bef9182-fb5e-71d1-6775-802d251dfc22,KXCABOUT-29-RFK,2026-01-31T15:35:30.107975Z,46.00,0.0200,0.9800,yes
15ed86a2-ea22-581d-8d98-29c97791a882,KXCABOUT-29-RFK,2026-01-31T07:34:19.888412Z,93.00,0.0200,0.9800,yes
0b0c5e99-2246-7349-2836-f78718cd5c2e,KXCABOUT-29-RFK,2026-01-31T06:08:53.42149Z,93.00,0.0200,0.9800,yes
76ca688f-b4f2-4b1d-2082-81ad44381762,KXCABOUT-29-RFK,2026-01-31T06:03:51.852185Z,93.00,0.0200,0.9800,yes
99192c67-c1d6-6b79-0e88-b3bc004c398a,KXCABOUT-29-RFK,2026-01-30T19:43:10.60659Z,46.00,0.0200,0.9800,yes
b504568a-6416-606d-9688-d0e585217db2,KXCABOUT-29-RFK,2026-01-30T19:38:52.871318Z,46.00,0.0200,0.9800,yes
fe092f36-5642-752d-b528-87e948448472,KXCABOUT-29-RFK,2026-01-30T17:27:44.033355Z,467.00,0.0200,0.9800,yes
8c43661e-2526-67c1-f11a-3802c580572a,KXCABOUT-29-RFK,2026-01-30T16:29:17.126695Z,104.00,0.0200,0.9800,yes
8270bb35-53d9-6715-e3ff-d37e8d9684d4,KXCABOUT-29-RFK,2026-01-30T16:29:17.126695Z,735.00,0.0200,0.9800,yes
680f11de-896f-60e3-fffc-59d06ed61fbb,KXCABOUT-29-RFK,2026-01-30T16:29:17.126695Z,1000.00,0.0200,0.9800,yes
3ada8d85-f6c7-663f-ff32-18ed30f244e8,KXCABOUT-29-RFK,2026-01-30T16:29:17.126695Z,500.00,0.0200,0.9800,yes
fd7948ab-203d-7ba1-9487-bc313f242de0,KXCABOUT-29-RFK,2026-01-30T14:03:03.251908Z,10.00,0.0200,0.9800,yes
dfba4bd8-aa49-4a89-5b57-f83fd0b6d6d8,KXCABOUT-29-RFK,2026-01-30T12:28:30.052131Z,233.00,0.0200,0.9800,yes
e18ccdf9-e265-54e1-7ca9-37c35a1d4c75,KXCABOUT-29-RFK,2026-01-30T11:41:05.85658Z,71.00,0.0200,0.9800,yes
d388fed9-80a9-566d-67a7-6b6bb8fbf63c,KXCABOUT-29-RFK,2026-01-30T11:41:05.85658Z,22.00,0.0200,0.9800,yes
5e82dbdd-7ce5-4469-1da7-c67b5ad68221,KXCABOUT-29-RFK,2026-01-30T11:32:15.958044Z,9.00,0.0200,0.9800,yes
04ea041b-f0ad-5d55-b7b7-f6d24e71fd55,KXCABOUT-29-RFK,2026-01-30T11:28:56.570606Z,467.00,0.0200,0.9800,yes
f95d0653-1639-70f9-d33b-7ceb39448d35,KXCABOUT-29-RFK,2026-01-30T06:22:37.781019Z,233.00,0.0200,0.9800,yes
601383f2-ee39-78ed-c179-df3806a63469,KXCABOUT-29-RFK,2026-01-30T05:33:33.882943Z,50.00,0.0200,0.9800,yes
397805b9-151d-6541-836a-b75e4ee44bb9,KXCABOUT-29-RFK,2026-01-30T05:22:44.872401Z,170.00,0.0200,0.9800,yes
226c0d04-ba50-68fe-b8d5-5f3dfd1a79e1,KXCABOUT-29-RFK,2026-01-30T05:22:44.872401Z,63.00,0.0200,0.9800,yes
0c42e72a-4888-7636-c4fe-2305f7b9acb1,KXCABOUT-29-RFK,2026-01-30T04:08:52.163325Z,93.00,0.0200,0.9800,yes
ee58b3cf-4224-42be-d4ff-cc400bfb019d,KXCABOUT-29-RFK,2026-01-30T01:27:03.910059Z,844.00,0.0200,0.9800,yes
e6753de3-7b22-4625-cefd-2ccfd35e81a7,KXCABOUT-29-RFK,2026-01-30T01:27:03.910059Z,325.00,0.0200,0.9800,yes
33e5fded-b122-7eb5-8eae-55dce9c57ffb,KXCABOUT-29-RFK,2026-01-29T22:23:43.625763Z,23.00,0.0200,0.9800,yes
6653d7ba-a472-631d-b840-eb1efb702f8f,KXCABOUT-29-RFK,2026-01-29T22:20:14.390037Z,233.00,0.0200,0.9800,yes
b2bfeeb3-151e-7b39-fb41-464988f637dc,KXCABOUT-29-RFK,2026-01-29T21:26:20.186412Z,234.00,0.0100,0.9900,no
d4fbfde4-eac6-41f9-a985-53af33017b60,KXCABOUT-29-RFK,2026-01-29T18:08:54.39195Z,5.00,0.0100,0.9900,no
c072f5bb-5436-6885-d355-ceb8a98c0bd7,KXCABOUT-29-RFK,2026-01-29T18:04:26.849797Z,304.00,0.0200,0.9800,yes
6bcf9f14-66de-4e61-2962-d77096ac32a3,KXCABOUT-29-RFK,2026-01-29T17:50:48.170405Z,46.00,0.0200,0.9800,yes
d4a56e2c-d196-7d39-39cd-ad5682dc35af,KXCABOUT-29-RFK,2026-01-29T16:18:47.056849Z,69.00,0.0200,0.9800,yes
89b205b8-c966-7d73-1409-f3a670c95d13,KXCABOUT-29-RFK,2026-01-29T16:18:47.056849Z,31.00,0.0200,0.9800,yes
15783a5a-ea86-6cd1-2d6c-63e6cdf36188,KXCABOUT-29-RFK,2026-01-29T16:10:18.337209Z,93.00,0.0100,0.9900,no
4d3868f6-2e2e-4ff5-8f9e-cba2fe3f099c,KXCABOUT-29-RFK,2026-01-29T15:08:16.532832Z,46.00,0.0100,0.9900,no
23e1cea6-fe2e-581f-b093-1dda4e0765af,KXCABOUT-29-RFK,2026-01-29T13:01:33.597065Z,46.00,0.0200,0.9800,yes
8d5cce30-b5ca-7799-b6c6-eae3f3a6cf98,KXCABOUT-29-RFK,2026-01-29T10:59:43.108962Z,123.00,0.0100,0.9900,no
4a259db1-53aa-7483-6df0-2538a2bac9b3,KXCABOUT-29-RFK,2026-01-29T10:59:37.508485Z,123.00,0.0200,0.9800,yes
cfaae500-2936-4567-6d44-595dd7bf592b,KXCABOUT-29-RFK,2026-01-29T05:24:53.339045Z,140.00,0.0200,0.9800,yes
404cb9ff-df12-7419-aa14-69a0546ceb24,KXCABOUT-29-RFK,2026-01-29T04:14:39.30071Z,202.00,0.0100,0.9900,no
190ddc98-8306-612b-5e32-7c3cc81af7bf,KXCABOUT-29-RFK,2026-01-29T03:56:45.174641Z,4.00,0.0200,0.9800,yes
e04f715e-81fe-6d33-b436-26835022e5c3,KXCABOUT-29-RFK,2026-01-29T00:58:59.332014Z,46.00,0.0200,0.9800,yes
d969cc12-db32-7533-fb64-410ff3fbba2b,KXCABOUT-29-RFK,2026-01-29T00:05:56.669768Z,46.00,0.0200,0.9800,yes
95fa675a-a90e-5f61-573f-bf12c8d471f8,KXCABOUT-29-RFK,2026-01-28T21:21:37.494293Z,187.00,0.0100,0.9900,no
05865853-20fe-7f53-8533-d7dff03d9fa3,KXCABOUT-29-RFK,2026-01-28T20:59:11.673776Z,233.00,0.0200,0.9800,yes
66bda520-282a-6f03-6546-ff0935c5ff7f,KXCABOUT-29-RFK,2026-01-28T19:39:44.458046Z,748.00,0.0200,0.9800,yes
fb692094-f3b2-5d85-d90c-c86726b1edf8,KXCABOUT-29-RFK,2026-01-28T19:30:00.341269Z,136.00,0.0100,0.9900,no
b94034ac-7566-578f-98d6-efd06f82a263,KXCABOUT-29-RFK,2026-01-28T14:00:26.109491Z,662.00,0.0200,0.9800,yes
bc064961-068a-52ab-7337-d0d1375d3ae7,KXCABOUT-29-RFK,2026-01-28T13:29:51.819449Z,46.00,0.0200,0.9800,yes
27b407d1-5e12-5e67-cf19-0855f08f432b,KXCABOUT-29-RFK,2026-01-28T13:09:49.013945Z,93.00,0.0200,0.9800,yes
461e6875-52fa-6561-e386-37304299d41c,KXCABOUT-29-RFK,2026-01-28T12:01:31.247353Z,117.00,0.0100,0.9900,no
9cd03cde-947a-462d-10ec-57f28baa9bcc,KXCABOUT-29-RFK,2026-01-28T10:30:43.637359Z,18.00,0.0100,0.9900,no
7680127a-9f6e-6233-be17-8238fd5313db,KXCABOUT-29-RFK,2026-01-28T08:17:17.700076Z,93.00,0.0200,0.9800,yes
c9254d0c-e292-6bcb-24d3-ea87d24e7b59,KXCABOUT-29-RFK,2026-01-28T07:18:10.620298Z,300.00,0.0200,0.9800,yes
56ce26d6-2c52-684b-1ea0-e2d76ddbe093,KXCABOUT-29-RFK,2026-01-28T07:18:10.620298Z,635.00,0.0200,0.9800,yes
7112d931-4562-57df-1ffb-8e13778897b5,KXCABOUT-29-RFK,2026-01-28T02:07:24.315867Z,233.00,0.0200,0.9800,yes
efeb1aa1-beda-56fb-c7ab-74eb13a57eb9,KXCABOUT-29-RFK,2026-01-27T23:40:04.014669Z,467.00,0.0200,0.9800,yes
1a96c0aa-2cc2-6c39-96b4-3d6f69360410,KXCABOUT-29-RFK,2026-01-27T23:15:25.338993Z,100.00,0.0100,0.9900,no
8d2398dd-2a3e-537d-2b72-c86337a0c9a0,KXCABOUT-29-RFK,2026-01-27T19:51:56.963451Z,233.00,0.0100,0.9900,no
b3a92651-6b11-5690-c44b-c9aa1a047050,KXCABOUT-29-RFK,2026-01-27T19:14:34.389623Z,1000.00,0.0200,0.9800,yes
90e8a162-71b0-5e91-c514-8f8c114b187c,KXCABOUT-29-RFK,2026-01-27T19:14:34.389623Z,855.00,0.0200,0.9800,yes
71607b0e-b620-5de1-e189-e793893fdc51,KXCABOUT-29-RFK,2026-01-27T19:14:34.389623Z,588.00,0.0200,0.9800,yes
4a0fb9ea-a90c-5a7d-c495-e7077516cd1f,KXCABOUT-29-RFK,2026-01-27T19:14:34.389623Z,500.00,0.0200,0.9800,yes
45ba547e-558c-5d89-e1e8-1721186a61e8,KXCABOUT-29-RFK,2026-01-27T19:14:34.389623Z,1.00,0.0200,0.9800,yes
09082bc6-0c8e-5730-fe6c-0fc0cc31fb2a,KXCABOUT-29-RFK,2026-01-27T19:14:34.389623Z,2.00,0.0200,0.9800,yes
4e44841d-e30c-6d51-dea5-f5d1c070de10,KXCABOUT-29-RFK,2026-01-27T18:52:12.963905Z,100.00,0.0200,0.9800,yes
eab03689-c7c4-4cf5-1c71-62a901f0a9ac,KXCABOUT-29-RFK,2026-01-27T18:21:32.477744Z,45.00,0.0200,0.9800,yes
b338876d-4fa4-4ccc-1909-869ab9be7fee,KXCABOUT-29-RFK,2026-01-27T18:21:32.477744Z,48.00,0.0200,0.9800,yes
73351fb9-28dc-411c-2cc8-e80e6d34621a,KXCABOUT-29-RFK,2026-01-27T17:50:09.431387Z,25.00,0.0200,0.9800,yes
adadd055-fe70-5490-d1d6-ef9783133c96,KXCABOUT-29-RFK,2026-01-27T17:41:16.851198Z,93.00,0.0200,0.9800,yes
d07efd89-97ec-61b0-a542-a8314e929d1e,KXCABOUT-29-RFK,2026-01-27T16:53:08.533039Z,46.00,0.0200,0.9800,yes
7e1b0b19-6054-6160-ed1f-f67e6e1374b2,KXCABOUT-29-RFK,2026-01-27T13:27:08.264215Z,9.00,0.0200,0.9800,yes
eae6a0d8-b1c0-4318-1cd3-f61a144e0816,KXCABOUT-29-RFK,2026-01-27T13:17:37.661016Z,46.00,0.0200,0.9800,yes
ccbbb3d4-60d4-5e54-2df9-e4e15d4d5cb2,KXCABOUT-29-RFK,2026-01-27T08:05:04.174896Z,233.00,0.0200,0.9800,yes
38f0bdfb-10aa-4d25-0fe5-83e5dee26324,KXCABOUT-29-RFK,2026-01-27T06:16:55.088408Z,18.00,0.0100,0.9900,no
76978802-b73a-5ac9-1f81-e878b87c1614,KXCABOUT-29-RFK,2026-01-27T06:11:28.747491Z,467.00,0.0100,0.9900,no
5fc7a898-70ff-4951-9dd8-1d66c53c4b0e,KXCABOUT-29-RFK,2026-01-27T03:20:39.749887Z,46.00,0.0200,0.9800,yes
f8040bc3-8f8a-6fd6-091a-214920940391,KXCABOUT-29-RFK,2026-01-27T02:34:07.71621Z,721.00,0.0300,0.9700,yes
f5fa013b-778f-6a40-06e9-65df85ae4fa6,KXCABOUT-29-RFK,2026-01-27T02:34:07.71621Z,10.00,0.0600,0.9400,yes
f04ff2e3-3d87-6257-3d98-bf876e4825ac,KXCABOUT-29-RFK,2026-01-27T02:34:07.71621Z,3.00,0.0300,0.9700,yes
d273e7f5-ef9c-6b8f-1c7b-81f062a0c1b2,KXCABOUT-29-RFK,2026-01-27T02:34:07.71621Z,40.00,0.0500,0.9500,yes
6734f897-acbe-663a-17b1-311c96678149,KXCABOUT-29-RFK,2026-01-27T02:34:07.71621Z,2.00,0.1000,0.9000,yes
38a2c154-7abd-6359-17a0-d75d68fdc6fe,KXCABOUT-29-RFK,2026-01-27T02:34:07.71621Z,151.00,0.1100,0.8900,yes
22b60840-f29f-62a7-1f73-25d106da3529,KXCABOUT-29-RFK,2026-01-27T02:34:07.71621Z,82.00,0.0700,0.9300,yes
85f51256-40c2-6945-bf92-13c30d6a7874,KXCABOUT-29-RFK,2026-01-27T02:23:38.543917Z,20.00,0.0100,0.9900,no
cd5ca72f-eb9d-492f-7813-b20300550e76,KXCABOUT-29-RFK,2026-01-27T02:15:32.569503Z,53.00,0.0200,0.9800,yes
633574cf-1e4e-4640-79f8-169a4e0667a5,KXCABOUT-29-RFK,2026-01-27T02:15:32.569503Z,1.00,0.0200,0.9800,yes
2ad0461f-14d7-4392-5996-4575994e9ec2,KXCABOUT-29-RFK,2026-01-27T02:15:32.569503Z,179.00,0.0200,0.9800,yes
ff134e0a-3d83-7b8e-5ac5-4348c6baed46,KXCABOUT-29-RFK,2026-01-27T00:53:28.294415Z,321.00,0.0200,0.9800,yes
6a4962e8-4e1e-782b-757d-5d468ac95fc4,KXCABOUT-29-RFK,2026-01-27T00:53:28.294415Z,100.00,0.0200,0.9800,yes
52de9511-f611-7093-4bb9-087af0060dbb,KXCABOUT-29-RFK,2026-01-27T00:53:28.294415Z,514.00,0.0200,0.9800,yes
af181070-ead8-5fb1-e4d1-2e06527319d8,KXCABOUT-29-RFK,2026-01-27T00:10:04.891254Z,2.00,0.0200,0.9800,yes
6e63c630-6954-52aa-f89e-397a51ce555d,KXCABOUT-29-RFK,2026-01-27T00:10:04.891254Z,237.00,0.0200,0.9800,yes
1aa9e8ca-aef9-5654-c12b-2caa9754a4c4,KXCABOUT-29-RFK,2026-01-27T00:10:04.891254Z,427.00,0.0200,0.9800,yes
7d4945ce-3010-40c2-4bc9-2c323807f129,KXCABOUT-29-RFK,2026-01-26T23:38:15.425116Z,250.00,0.0200,0.9800,yes
917cf38f-aa60-792a-e953-4d5e7cde9fc1,KXCABOUT-29-RFK,2026-01-26T23:26:27.196338Z,467.00,0.0200,0.9800,yes
f1a9039e-d066-58fd-c52b-59766ec1c730,KXCABOUT-29-RFK,2026-01-26T23:19:59.819146Z,20.00,0.0100,0.9900,no
b25c07c7-1464-572a-2e27-10ce52278f05,KXCABOUT-29-RFK,2026-01-26T23:15:54.25069Z,46.00,0.0200,0.9800,yes
e6ba92ce-9ec6-46e6-1bff-66ecd6fd2661,KXCABOUT-29-RFK,2026-01-26T20:01:39.613531Z,122.00,0.0300,0.9700,yes
d7a310ab-74bc-40a1-0dbb-2f4ff42f07ad,KXCABOUT-29-RFK,2026-01-26T20:01:39.613531Z,32.00,0.0200,0.9800,yes
9a961330-fe71-4774-06c0-d4d49b17519d,KXCABOUT-29-RFK,2026-01-26T20:01:39.613531Z,10.00,0.0200,0.9800,yes
4a1fca8b-9d08-4522-3090-63801f4a8a19,KXCABOUT-29-RFK,2026-01-26T20:01:39.613531Z,9.00,0.0200,0.9800,yes
9ebdc5a0-8596-4b02-0082-e4ce0ab8c9b9,KXCABOUT-29-RFK,2026-01-26T16:44:13.298621Z,31.00,0.0300,0.9700,yes
fa4bd472-c794-7fd6-8d7e-ef7394a01efe,KXCABOUT-29-RFK,2026-01-26T15:54:15.415228Z,19.00,0.0200,0.9800,yes
e30d7086-08b0-72cb-a231-01308acf3607,KXCABOUT-29-RFK,2026-01-26T15:54:15.415228Z,2.00,0.0200,0.9800,yes
daf0f73a-42ee-7516-93b3-e544f34f80b9,KXCABOUT-29-RFK,2026-01-26T15:54:15.415228Z,119.00,0.0300,0.9700,yes
90a98ed5-ac48-77ff-a72a-bd87f5dc74b7,KXCABOUT-29-RFK,2026-01-26T15:54:15.415228Z,1000.00,0.0300,0.9700,yes
6aa7ea67-fffc-7e12-bb8f-4418a5fc730b,KXCABOUT-29-RFK,2026-01-26T15:54:15.415228Z,11.00,0.0200,0.9800,yes
671a9e06-110a-7791-91c7-e44678ea6b16,KXCABOUT-29-RFK,2026-01-26T15:54:15.415228Z,1000.00,0.0300,0.9700,yes
31313aa3-1693-7830-adec-dda4d6cdc98a,KXCABOUT-29-RFK,2026-01-26T15:54:15.415228Z,980.00,0.0300,0.9700,yes
d9fc77b2-7bb6-688d-eef9-722e3ca5778c,KXCABOUT-29-RFK,2026-01-26T12:23:39.380413Z,23.00,0.0100,0.9900,no
bf30cc80-a2b5-7337-d4c8-26b63472dff4,KXCABOUT-29-RFK,2026-01-26T09:39:35.244294Z,62.00,0.0300,0.9700,yes
9962e0ff-3d9b-7778-e030-d091d3abe4d2,KXCABOUT-29-RFK,2026-01-26T09:39:35.244294Z,20.00,0.0300,0.9700,yes
8787ee96-f9c9-776e-d813-b14aac15c47e,KXCABOUT-29-RFK,2026-01-26T09:39:35.244294Z,2.00,0.0200,0.9800,yes
3d0e73f7-7601-7d84-fb3a-594c789a8594,KXCABOUT-29-RFK,2026-01-26T09:39:35.244294Z,3.00,0.0200,0.9800,yes
0578449c-a038-7c68-ccf5-5a8a37a73cc9,KXCABOUT-29-RFK,2026-01-26T09:39:35.244294Z,12.00,0.0200,0.9800,yes
d6847266-2069-48e5-78c2-bacf6914a9a7,KXCABOUT-29-RFK,2026-01-26T07:25:35.821242Z,13.00,0.0200,0.9800,yes
c05e3719-70bd-4117-59a9-3cc99bb6a984,KXCABOUT-29-RFK,2026-01-26T07:25:35.821242Z,24.00,0.0300,0.9700,yes
36234a34-2a2d-4c96-7876-67d8eebccf3c,KXCABOUT-29-RFK,2026-01-26T07:25:35.821242Z,8.00,0.0200,0.9800,yes
276ed4b1-2b4e-42e6-5be8-25e28e58c170,KXCABOUT-29-RFK,2026-01-26T07:25:35.821242Z,5.00,0.0200,0.9800,yes
7e3fe59c-63be-7a68-3952-6503a1517131,KXCABOUT-29-RFK,2026-01-26T04:41:42.66508Z,5.00,0.0200,0.9800,no
50621059-da86-7d21-0d2b-f7fe567a98da,KXCABOUT-29-RFK,2026-01-26T04:41:42.66508Z,69.00,0.0200,0.9800,no
8bcd0ddc-f692-6aad-ddf3-95e16edb8cea,KXCABOUT-29-RFK,2026-01-26T03:18:20.833867Z,8.00,0.0200,0.9800,no
aeee301e-2522-64bd-1e7f-a196b6cba6de,KXCABOUT-29-RFK,2026-01-26T03:16:57.058615Z,1.00,0.0200,0.9800,no
d170672a-135e-6601-9c01-54348ac48bce,KXCABOUT-29-RFK,2026-01-26T03:13:43.891188Z,7.00,0.0200,0.9800,no
af4649c7-a37d-7e23-ea38-eb0dfaab2f80,KXCABOUT-29-RFK,2026-01-26T03:13:30.89061Z,312.00,0.0300,0.9700,yes
761ed31d-986a-5479-fbb4-d3c7350d98b2,KXCABOUT-29-RFK,2026-01-26T03:12:19.815012Z,2.00,0.0200,0.9800,no
50038468-2c92-4e79-da91-06ed4f4ecbfa,KXCABOUT-29-RFK,2026-01-26T03:04:14.043012Z,3.00,0.0200,0.9800,no
8e3e2f72-60f6-4255-e0ff-41a7e3a54e9e,KXCABOUT-29-RFK,2026-01-26T02:59:45.799959Z,1.00,0.0200,0.9800,no
46c35df2-dab6-4751-b030-c5378bcc7fda,KXCABOUT-29-RFK,2026-01-26T02:59:04.577311Z,3.00,0.0200,0.9800,no
718269a5-ee82-65f1-d3ed-df57467d6ad2,KXCABOUT-29-RFK,2026-01-26T02:56:37.027552Z,7.00,0.0200,0.9800,no
444b1d3b-0575-4913-7a16-f2d08adace10,KXCABOUT-29-RFK,2026-01-26T00:53:06.430542Z,31.00,0.0300,0.9700,yes
3466873f-2531-461f-2e5c-198c05ec0050,KXCABOUT-29-RFK,2026-01-25T23:35:48.347167Z,312.00,0.0300,0.9700,yes
20aafd3c-5499-46fb-0eb4-c0daae18c3e8,KXCABOUT-29-RFK,2026-01-25T22:50:39.150354Z,4.00,0.0300,0.9700,yes
cb803b74-c35e-5b39-1943-90b3e4fde48e,KXCABOUT-29-RFK,2026-01-25T21:43:47.790334Z,50.00,0.0200,0.9800,no
9fd43984-4eae-7a15-0cee-eb08088cd9d2,KXCABOUT-29-RFK,2026-01-25T21:42:34.2556Z,49.00,0.0200,0.9800,no
3da8f536-b672-73a7-0ebe-b891fb970975,KXCABOUT-29-RFK,2026-01-25T21:42:34.2556Z,1.00,0.0200,0.9800,no
dd6b8e28-cafa-57e3-1a9a-f0703dd2824d,KXCABOUT-29-RFK,2026-01-25T21:41:51.192304Z,50.00,0.0200,0.9800,no
6f90d26c-326d-4e64-67ec-49acb72cc4ec,KXCABOUT-29-RFK,2026-01-25T21:30:27.651697Z,1.00,0.0200,0.9800,no
623050da-d722-4c7f-6f36-5812322ac6d5,KXCABOUT-29-RFK,2026-01-25T21:30:27.651697Z,49.00,0.0200,0.9800,no
0e853d59-b581-411c-c07b-3e32c6b08ae8,KXCABOUT-29-RFK,2026-01-25T21:26:26.215024Z,50.00,0.0200,0.9800,no
6b9ed0e7-4281-4494-6166-2ac0261c2788,KXCABOUT-29-RFK,2026-01-25T21:14:25.291983Z,50.00,0.0200,0.9800,no
34e8755d-dd35-489c-38b7-4fb3ecd8ae0c,KXCABOUT-29-RFK,2026-01-25T21:13:38.889325Z,50.00,0.0200,0.9800,no
4c8955c0-667d-4313-435a-373893bd1018,KXCABOUT-29-RFK,2026-01-25T21:10:47.753211Z,31.00,0.0300,0.9700,yes
61681179-6dd1-45b4-11d4-3551ba4a3000,KXCABOUT-29-RFK,2026-01-25T21:03:39.801878Z,50.00,0.0200,0.9800,no
10c7ceb3-fb21-64c4-6e36-6230777d58ac,KXCABOUT-29-RFK,2026-01-25T20:54:46.106158Z,8.00,0.0200,0.9800,no
a8705746-e599-56a4-1730-506ef50a5be0,KXCABOUT-29-RFK,2026-01-25T20:50:19.783393Z,8.00,0.0200,0.9800,no
0af3e132-dc9d-5cf0-50e5-295e8ed36b1c,KXCABOUT-29-RFK,2026-01-25T20:49:57.662276Z,201.00,0.0200,0.9800,no
cc970e2c-a039-6808-2008-1e0e1b9d0714,KXCABOUT-29-RFK,2026-01-25T20:36:34.332105Z,1.00,0.0200,0.9800,no
65efe3b1-63f5-4b7c-e930-c23b104b2200,KXCABOUT-29-RFK,2026-01-25T20:35:09.367842Z,1.00,0.0200,0.9800,no
3e6994a8-92a5-5574-2d92-627fa63b3a38,KXCABOUT-29-RFK,2026-01-25T20:27:40.253451Z,3.00,0.0200,0.9800,no
50b091e9-6ab9-4f2c-4894-04ac3265bc40,KXCABOUT-29-RFK,2026-01-25T20:21:36.723766Z,1.00,0.0200,0.9800,no
a5c92f0a-d569-7818-3aed-bfe147c4ebb0,KXCABOUT-29-RFK,2026-01-25T20:19:53.7403Z,1.00,0.0200,0.9800,no
7f85b4cc-31fd-75a8-5b6a-f506f1cd104c,KXCABOUT-29-RFK,2026-01-25T20:11:19.58893Z,1.00,0.0200,0.9800,no
d3cb1fbe-2135-4813-8ddf-22a4fba1d154,KXCABOUT-29-RFK,2026-01-25T20:05:16.414075Z,156.00,0.0300,0.9700,yes
ffefc265-d6c1-67b0-80e7-a88be8508298,KXCABOUT-29-RFK,2026-01-25T20:04:25.130296Z,1.00,0.0200,0.9800,no
15ff1a88-d7c1-75bc-0dc8-adddd200c0dc,KXCABOUT-29-RFK,2026-01-25T19:56:40.329228Z,13.00,0.0200,0.9800,no
b1ae88c2-d509-47bc-3ba9-2d8b0e453470,KXCABOUT-29-RFK,2026-01-25T19:25:51.702182Z,14.00,0.0200,0.9800,no
9e99c950-6f11-4bdf-1851-792c4ab8a8f0,KXCABOUT-29-RFK,2026-01-25T19:25:46.504696Z,31.00,0.0300,0.9700,yes
9b0e9a31-8069-6394-2e87-0b94eace8060,KXCABOUT-29-RFK,2026-01-25T19:21:39.358323Z,1.00,0.0200,0.9800,no
dfaf844c-0131-58cc-0bf7-d6bf9166ee04,KXCABOUT-29-RFK,2026-01-25T19:20:32.674399Z,1.00,0.0200,0.9800,no
78a281d5-8691-470c-bb7b-2b3fa282409c,KXCABOUT-29-RFK,2026-01-25T19:15:49.408505Z,1.00,0.0200,0.9800,no
3d3359cc-357d-79c0-5054-b41b3a78f9a0,KXCABOUT-29-RFK,2026-01-25T19:14:35.694412Z,1.00,0.0200,0.9800,no
b8cbef1c-6111-59ec-0d25-365c1681d678,KXCABOUT-29-RFK,2026-01-25T16:59:16.501046Z,1.00,0.0200,0.9800,no
2d93d385-8769-47b0-88ef-6af4023b7d84,KXCABOUT-29-RFK,2026-01-25T16:58:38.700696Z,1.00,0.0200,0.9800,no
ef29c8e3-1fb5-5864-e9c4-2babac03c500,KXCABOUT-29-RFK,2026-01-25T15:18:08.69441Z,1.00,0.0200,0.9800,no
45aa5a81-0171-4674-96e7-6080d13d78a0,KXCABOUT-29-RFK,2026-01-25T15:17:22.180447Z,1.00,0.0200,0.9800,no
d7599d0e-dcfd-5954-685d-3a741ae5fb28,KXCABOUT-29-RFK,2026-01-25T15:08:48.321034Z,1.00,0.0200,0.9800,no
aa875540-938d-4b98-890d-e44cf2828fac,KXCABOUT-29-RFK,2026-01-25T14:38:27.149348Z,1.00,0.0200,0.9800,no
2294ecf7-9725-7ab8-a692-a564cd83ed30,KXCABOUT-29-RFK,2026-01-25T13:40:26.568483Z,53.00,0.0200,0.9800,no
361d19dd-d0e1-7594-c5b1-5031618ca520,KXCABOUT-29-RFK,2026-01-25T13:40:18.203011Z,120.00,0.0200,0.9800,no
688f2cec-2599-7d10-93a2-eb96d56d4f20,KXCABOUT-29-RFK,2026-01-25T03:35:07.833866Z,92.00,0.0200,0.9800,no
c16faaa7-2121-5e40-acd4-26eb6dcc663c,KXCABOUT-29-RFK,2026-01-25T03:32:55.209087Z,92.00,0.0200,0.9800,no
1f1071a0-3129-71d4-4f44-9fb02b9b57b0,KXCABOUT-29-RFK,2026-01-25T03:32:09.724723Z,92.00,0.0200,0.9800,no
e8e42395-b6a5-4b2c-7f69-f7a33ef19240,KXCABOUT-29-RFK,2026-01-25T03:12:43.859631Z,2.00,0.0200,0.9800,no
c6ba15b9-d689-53b4-dcac-9eb2d4bc23c4,KXCABOUT-29-RFK,2026-01-25T02:55:34.620514Z,3.00,0.0200,0.9800,no
36900a11-01d1-717f-248c-7c0744fdee6c,KXCABOUT-29-RFK,2026-01-25T02:55:22.563461Z,156.00,0.0300,0.9700,yes
02578ee5-af41-783c-39cd-86912490fa58,KXCABOUT-29-RFK,2026-01-25T02:39:19.090012Z,57.00,0.0200,0.9800,no
223c1f60-30d1-4dbc-1e73-4f7c43f3dc08,KXCABOUT-29-RFK,2026-01-25T02:34:06.327323Z,57.00,0.0200,0.9800,no
86769e62-bbad-7a98-9a03-161105eafccc,KXCABOUT-29-RFK,2026-01-25T02:26:55.834952Z,56.00,0.0200,0.9800,no
5d1d200d-a519-6eec-785f-2248df1d06d4,KXCABOUT-29-RFK,2026-01-25T02:16:25.338279Z,55.00,0.0200,0.9800,no
4e525e97-29a1-6a68-fbb0-a3d185adc458,KXCABOUT-29-RFK,2026-01-25T02:11:42.199704Z,55.00,0.0200,0.9800,no
f99f19da-bd69-5660-f60e-09c37a795150,KXCABOUT-29-RFK,2026-01-25T02:08:49.708421Z,55.00,0.0200,0.9800,no
fd506a3b-1be1-68ec-e4ee-2cb1a3bae4a0,KXCABOUT-29-RFK,2026-01-25T02:08:23.197475Z,1169.00,0.0200,0.9800,no
581208ac-56e1-591c-09d1-3ec3894ef4cc,KXCABOUT-29-RFK,2026-01-25T02:08:19.741937Z,4.00,0.0200,0.9800,no
c7ec3a1d-2379-5cfc-cfb6-911620cb651c,KXCABOUT-29-RFK,2026-01-25T00:55:05.2341Z,200.00,0.0200,0.9800,no
0b22aa63-b815-6064-4f90-0d88933050ac,KXCABOUT-29-RFK,2026-01-24T23:16:53.023406Z,8.00,0.0200,0.9800,no
6a03e741-d6c9-7e3c-ad0c-a4f37bfc5000,KXCABOUT-29-RFK,2026-01-24T23:12:57.472129Z,8.00,0.0200,0.9800,no
8981af8b-0209-7e60-8fa3-b158da180c28,KXCABOUT-29-RFK,2026-01-24T23:11:49.614582Z,7.00,0.0200,0.9800,no
6a54b7c4-e449-4150-d341-1715dc52eb8c,KXCABOUT-29-RFK,2026-01-24T23:06:27.503085Z,7.00,0.0200,0.9800,no
2546a860-f64d-77f4-d7a2-3ad969386a3c,KXCABOUT-29-RFK,2026-01-24T21:59:42.650483Z,187.00,0.0200,0.9800,no
d277d39e-54d5-58ac-bbc1-ca3be4e4dc30,KXCABOUT-29-RFK,2026-01-24T21:42:15.041866Z,66.00,0.0200,0.9800,no
ea18425b-94d5-7ad8-198c-fa97cd629414,KXCABOUT-29-RFK,2026-01-24T21:29:56.053757Z,66.00,0.0200,0.9800,no
ea54d9d8-f831-6784-3699-cee631aa57e8,KXCABOUT-29-RFK,2026-01-24T20:57:43.067619Z,1.00,0.0200,0.9800,no
afa1f31a-f6bd-679c-c2c5-4cf7ffe11b68,KXCABOUT-29-RFK,2026-01-24T20:56:03.78673Z,5.00,0.0200,0.9800,no
66c19276-293d-5394-1771-5a070d7555e4,KXCABOUT-29-RFK,2026-01-24T20:54:55.719966Z,18.00,0.0200,0.9800,no
f0543f99-34b1-5bf8-68e1-8f292917f084,KXCABOUT-29-RFK,2026-01-24T20:46:12.569542Z,1.00,0.0200,0.9800,no
46619e25-1a11-4e6f-56a5-9d4db49b1868,KXCABOUT-29-RFK,2026-01-24T18:58:00.449145Z,15.00,0.0300,0.9700,yes
d83c651a-ac95-419f-5e41-30ca487db7b7,KXCABOUT-29-RFK,2026-01-24T18:54:03.592343Z,4.00,0.0200,0.9800,yes
b40f8c43-46fa-4dd6-5ad6-3bddfa3660ba,KXCABOUT-29-RFK,2026-01-24T18:54:03.592343Z,13.00,0.0200,0.9800,yes
b22ea924-1ab1-4163-40e4-bf7d4ebeb250,KXCABOUT-29-RFK,2026-01-24T18:54:03.592343Z,50.00,0.0300,0.9700,yes
c24f7686-3e79-554f-0c84-a4c8987ba4f4,KXCABOUT-29-RFK,2026-01-24T12:50:50.710415Z,61.00,0.0300,0.9700,yes
4344d957-6048-59b0-2607-1b3e6ca90299,KXCABOUT-29-RFK,2026-01-24T12:50:50.710415Z,1.00,0.0200,0.9800,yes
e0e1b4aa-b54e-5745-8cfa-c62b89fa6c0a,KXCABOUT-29-RFK,2026-01-24T08:38:27.096023Z,244.00,0.0200,0.9800,yes
d1faae82-ae7f-5972-86e5-3e3f33d721ba,KXCABOUT-29-RFK,2026-01-24T08:38:27.096023Z,1573.00,0.0300,0.9700,yes
9d45a9ec-1ced-5f6c-874a-dddccc952b4c,KXCABOUT-29-RFK,2026-01-24T08:38:27.096023Z,8.00,0.0200,0.9800,yes
41007593-7bd5-54df-8c21-8b45fea0cad8,KXCABOUT-29-RFK,2026-01-24T08:38:27.096023Z,755.00,0.0300,0.9700,yes
1595e779-13d2-6201-543d-167c17067f2e,KXCABOUT-29-RFK,2026-01-24T07:16:46.543644Z,46.00,0.0200,0.9800,yes
e55d24a2-9646-7bdd-f960-df61a358fd7a,KXCABOUT-29-RFK,2026-01-24T06:28:55.956774Z,900.00,0.0200,0.9800,yes
fedecc84-0067-4d56-8b41-18accc7251e2,KXCABOUT-29-RFK,2026-01-24T04:27:57.13476Z,602.00,0.0300,0.9700,yes
a2974a26-a83a-42b6-85d0-6117e5f39818,KXCABOUT-29-RFK,2026-01-24T04:27:57.13476Z,968.00,0.0200,0.9800,yes
8a8f3bcb-a583-4ad2-9169-32b5ccf50acb,KXCABOUT-29-RFK,2026-01-24T04:27:57.13476Z,1.00,0.0200,0.9800,yes
3ebcff72-f4f6-6e95-f4e0-f117fdc08454,KXCABOUT-29-RFK,2026-01-23T23:52:03.980391Z,82.00,0.0100,0.9900,no
e020616d-ea68-5b0c-2d1d-4e0e0e4776ce,KXCABOUT-29-RFK,2026-01-23T14:38:43.568315Z,859.00,0.0200,0.9800,yes
9f18c5fa-891d-57e9-287b-ac53ccf13892,KXCABOUT-29-RFK,2026-01-23T14:38:43.568315Z,1000.00,0.0200,0.9800,yes
45914a6f-8fd7-56ec-3714-0d2a801b6a8f,KXCABOUT-29-RFK,2026-01-23T14:38:43.568315Z,1000.00,0.0200,0.9800,yes
4714e275-4ba6-6655-ced8-e81b51cb30e0,KXCABOUT-29-RFK,2026-01-23T13:15:51.205847Z,2.00,0.0100,0.9900,no
6d480d49-41c8-7c04-f45f-994e3d833d8a,KXCABOUT-29-RFK,2026-01-23T05:07:20.458841Z,46.00,0.0200,0.9800,yes
875a5336-0b02-42b9-6474-b69d4f158b14,KXCABOUT-29-RFK,2026-01-23T03:14:56.962664Z,18.00,0.0100,0.9900,no
c2eef66d-2b82-5b15-9704-4055acc01b50,KXCABOUT-29-RFK,2026-01-23T02:39:53.695287Z,18.00,0.0100,0.9900,no
c12a53ce-c63e-7091-319c-8f038ff18018,KXCABOUT-29-RFK,2026-01-23T02:03:05.641861Z,1.00,0.0100,0.9900,no
bb1ab1da-d5de-79a1-45fe-41b9cc42495c,KXCABOUT-29-RFK,2026-01-23T01:48:56.408362Z,1.00,0.0100,0.9900,no
e66516d8-3d20-6f7c-6025-cf3642abb6a6,KXCABOUT-29-RFK,2026-01-23T01:37:40.69877Z,95.00,0.0200,0.9800,yes
0bdfad67-ec2c-6d04-4396-defb1185f85b,KXCABOUT-29-RFK,2026-01-23T01:37:40.69877Z,45.00,0.0200,0.9800,yes
1a67722d-c0f6-4f71-e799-2bfa20782640,KXCABOUT-29-RFK,2026-01-22T22:58:38.222116Z,20.00,0.0100,0.9900,no
8dbcf898-74d0-7bb0-8270-215715879503,KXCABOUT-29-RFK,2026-01-22T22:58:28.209789Z,46.00,0.0200,0.9800,yes
46d498fd-df02-6e15-eb8c-9254e6085860,KXCABOUT-29-RFK,2026-01-22T22:17:31.584535Z,14.00,0.0100,0.9900,no
916685fb-4752-50bd-d265-70adf5f20714,KXCABOUT-29-RFK,2026-01-22T18:20:24.802057Z,43.00,0.0100,0.9900,no
da92b75d-d276-4179-c350-204693d88dfc,KXCABOUT-29-RFK,2026-01-22T18:02:33.605631Z,46.00,0.0100,0.9900,no
7c05db19-5bfe-48e1-5e0e-979d57b57b94,KXCABOUT-29-RFK,2026-01-22T17:51:55.749179Z,1.00,0.0100,0.9900,no
ae81e8c1-eb90-7338-1e26-11769c964a67,KXCABOUT-29-RFK,2026-01-22T16:01:09.456485Z,701.00,0.0200,0.9800,yes
12e95a26-79e0-7570-1e16-30499c97ca5f,KXCABOUT-29-RFK,2026-01-22T02:41:25.153035Z,93.00,0.0200,0.9800,yes
49aae31d-f368-45d8-b2b0-9176b8d4574b,KXCABOUT-29-RFK,2026-01-22T01:08:13.017489Z,93.00,0.0200,0.9800,yes
883fa643-ff7e-77ad-e5ef-d9b19cd6487c,KXCABOUT-29-RFK,2026-01-21T23:00:25.300406Z,233.00,0.0100,0.9900,no
f9ae50b9-c658-50ac-7c55-62c60b0852fb,KXCABOUT-29-RFK,2026-01-21T22:14:09.858891Z,23.00,0.0200,0.9800,yes
9cfb351b-c520-6e70-d76c-24080bcef84b,KXCABOUT-29-RFK,2026-01-21T20:59:20.154483Z,233.00,0.0200,0.9800,yes
21cac698-7d10-746c-1ae1-46fecbd389eb,KXCABOUT-29-RFK,2026-01-21T18:23:56.871826Z,467.00,0.0200,0.9800,yes
f20644e9-bbc8-57f0-4089-ce4129f64276,KXCABOUT-29-RFK,2026-01-21T16:56:49.511433Z,250.00,0.0200,0.9800,yes
bd437fcd-a528-5e0a-4985-1a81a1ae49a3,KXCABOUT-29-RFK,2026-01-21T16:56:49.511433Z,381.00,0.0200,0.9800,yes
7091a3bb-ff78-5e51-550a-133052453680,KXCABOUT-29-RFK,2026-01-21T16:56:49.511433Z,5.00,0.0200,0.9800,yes
4c8a0eb8-9afc-5dd4-5700-5006a4fed35f,KXCABOUT-29-RFK,2026-01-21T16:56:49.511433Z,299.00,0.0200,0.9800,yes
f1d318f3-7538-7062-552c-96f13e80ea1f,KXCABOUT-29-RFK,2026-01-21T16:56:06.678992Z,46.00,0.0200,0.9800,yes
48871630-9ab4-5cae-ca34-88112cb6c283,KXCABOUT-29-RFK,2026-01-21T16:16:46.571336Z,46.00,0.0200,0.9800,yes
965bcba2-b694-6092-22c5-644d53a909e3,KXCABOUT-29-RFK,2026-01-21T15:26:48.980776Z,46.00,0.0200,0.9800,yes
a8e754f7-ecf4-6796-089c-fe2db0122d9b,KXCABOUT-29-RFK,2026-01-21T08:10:50.519203Z,4.00,0.0200,0.9800,yes
c6cdf71c-914c-7326-4a47-cc39abfe4407,KXCABOUT-29-RFK,2026-01-21T05:45:38.78912Z,10.00,0.0200,0.9800,yes
e9a28661-47a0-7e92-7b66-3faf5ddb220b,KXCABOUT-29-RFK,2026-01-21T02:43:56.630995Z,467.00,0.0200,0.9800,yes
4f40bb24-3da7-5dfb-da6a-d0ece658f2ad,KXCABOUT-29-RFK,2026-01-20T13:04:31.438449Z,46.00,0.0200,0.9800,yes
0fff5013-7486-75e1-f973-50ce0eb2df94,KXCABOUT-29-RFK,2026-01-20T12:41:57.162677Z,93.00,0.0200,0.9800,yes
fbce74d2-d6ea-6d91-85d1-6175d9cf5740,KXCABOUT-29-RFK,2026-01-20T06:43:31.51753Z,1.00,0.0200,0.9800,yes
60b6671b-f47a-5911-5268-1a66b04cfff0,KXCABOUT-29-RFK,2026-01-20T02:54:53.480717Z,46.00,0.0100,0.9900,no
89d97506-bc6b-63a8-57d3-f64ece947517,KXCABOUT-29-RFK,2026-01-20T01:55:26.029014Z,20.00,0.0500,0.9500,yes
7610f151-91d7-6ca1-47ed-5531275e38f7,KXCABOUT-29-RFK,2026-01-20T01:55:26.029014Z,20.00,0.0500,0.9500,yes
4f5371ce-2303-6cfb-6f8e-e244f501cb69,KXCABOUT-29-RFK,2026-01-20T01:55:26.029014Z,11.00,0.0700,0.9300,yes
f7afa8f2-4317-7c94-0dc7-f5fc6cb6d470,KXCABOUT-29-RFK,2026-01-20T01:18:12.884306Z,2500.00,0.0200,0.9800,yes
d639ae86-5d4e-7797-0527-2d7c9fd16194,KXCABOUT-29-RFK,2026-01-20T01:18:12.884306Z,2000.00,0.0200,0.9800,yes
a2bed29d-0368-7729-23af-a8050909bba4,KXCABOUT-29-RFK,2026-01-20T01:18:12.884306Z,1000.00,0.0200,0.9800,yes
96d2329b-ea46-7492-2a2c-2910b8248c51,KXCABOUT-29-RFK,2026-01-20T01:18:12.884306Z,3000.00,0.0200,0.9800,yes
8b730fd2-31b8-7512-288d-b66ce071e270,KXCABOUT-29-RFK,2026-01-20T01:18:12.884306Z,1000.00,0.0200,0.9800,yes
6a8e8a53-f6bd-798a-292a-ef319af338fb,KXCABOUT-29-RFK,2026-01-20T01:18:12.884306Z,1000.00,0.0200,0.9800,yes
5870f475-8358-72ee-16a8-6bb775a4aea9,KXCABOUT-29-RFK,2026-01-20T01:18:12.884306Z,300.00,0.0200,0.9800,yes
3e44a549-e735-78e8-1228-f4a44c6b554a,KXCABOUT-29-RFK,2026-01-20T01:18:12.884306Z,789.00,0.0200,0.9800,yes
1f29bf07-6c78-77f2-13b9-37fff191b3a7,KXCABOUT-29-RFK,2026-01-20T01:18:12.884306Z,1000.00,0.0200,0.9800,yes
139791b7-7535-798d-1923-a628e6fd312b,KXCABOUT-29-RFK,2026-01-20T01:18:12.884306Z,1000.00,0.0200,0.9800,yes
a32b1af1-a599-6f5c-138e-b0bd7b9da872,KXCABOUT-29-RFK,2026-01-19T23:26:06.512846Z,93.00,0.0200,0.9800,yes
a0f6ec95-6ee1-52cc-fd09-9626b872d906,KXCABOUT-29-RFK,2026-01-19T23:18:26.362316Z,46.00,0.0200,0.9800,yes
097e73d8-c17a-7f65-c58a-da06dc50d96c,KXCABOUT-29-RFK,2026-01-19T22:23:48.483672Z,1.00,0.0100,0.9900,no
f6c0c78a-4b5a-5665-ca46-dd9356dae2dc,KXCABOUT-29-RFK,2026-01-19T21:18:47.858742Z,5.00,0.0100,0.9900,no
b4873068-521e-681d-a678-4550450aa744,KXCABOUT-29-RFK,2026-01-19T21:18:39.132332Z,12.00,0.0100,0.9900,no
67ca60bc-3766-59e9-ec8c-a252206f066c,KXCABOUT-29-RFK,2026-01-19T20:29:03.258889Z,3.00,0.0100,0.9900,no
59b7fd92-7356-4bc9-f147-1b10a24951e4,KXCABOUT-29-RFK,2026-01-19T19:50:03.536825Z,2.00,0.0100,0.9900,no
3379fe59-b7a6-52fd-d880-0d85036912f8,KXCABOUT-29-RFK,2026-01-19T18:45:18.484893Z,4.00,0.0100,0.9900,no
dabd4976-4386-52a9-9476-e13736257eac,KXCABOUT-29-RFK,2026-01-19T16:43:41.827407Z,7.00,0.0100,0.9900,no
d8a724a3-3954-4626-4567-71f19ca3398a,KXCABOUT-29-RFK,2026-01-19T16:43:34.751886Z,297.00,0.0200,0.9800,yes
bc3e3581-b555-4bf4-4a00-c803edac8732,KXCABOUT-29-RFK,2026-01-19T16:43:34.751886Z,72.00,0.0200,0.9800,yes
47738123-a486-74f5-52ec-fa631286dccc,KXCABOUT-29-RFK,2026-01-19T16:31:38.766873Z,1.00,0.0100,0.9900,no
740d9138-2bce-6875-ed31-9df6333589ac,KXCABOUT-29-RFK,2026-01-19T16:27:29.054048Z,2.00,0.0100,0.9900,no
84beeaee-2f32-51b1-9b1d-af2a53648008,KXCABOUT-29-RFK,2026-01-19T16:24:25.491662Z,1.00,0.0100,0.9900,no
99bd3a74-5c8e-5cfd-138b-4274578457a0,KXCABOUT-29-RFK,2026-01-19T15:42:57.534921Z,3.00,0.0100,0.9900,no
8621588e-73b6-5571-7431-c04b502f523c,KXCABOUT-29-RFK,2026-01-19T15:01:20.019986Z,4.00,0.0100,0.9900,no
90381a22-cf3e-52c9-29e1-9d4276155e54,KXCABOUT-29-RFK,2026-01-19T14:36:55.280999Z,22.00,0.0100,0.9900,no
5f7f8597-1224-48a2-0ab3-b6e3057646f2,KXCABOUT-29-RFK,2026-01-19T11:09:37.833245Z,100.00,0.0200,0.9800,yes
c714c9d1-9b4c-50de-0f46-7d5a7cb45fb6,KXCABOUT-29-RFK,2026-01-19T04:47:19.478936Z,46.00,0.0200,0.9800,yes
d1d51c7c-d086-755d-74c4-37bcffdb0006,KXCABOUT-29-RFK,2026-01-19T03:52:53.958219Z,612.00,0.0200,0.9800,yes
a3cffd81-1788-7fe2-6144-9271fe758dea,KXCABOUT-29-RFK,2026-01-19T03:52:53.958219Z,557.00,0.0200,0.9800,yes
52e7c1be-2efe-7a8d-6936-0255d36d5ff0,KXCABOUT-29-RFK,2026-01-19T03:04:06.437808Z,383.00,0.0100,0.9900,no
43303202-c29a-46f9-5e5c-e86d94951a3c,KXCABOUT-29-RFK,2026-01-19T02:59:00.353038Z,655.00,0.0100,0.9900,no
a2a702d2-d132-72ed-48bd-0ea3b92459ca,KXCABOUT-29-RFK,2026-01-19T02:11:30.078374Z,388.00,0.0200,0.9800,yes
8b3c63ae-fbc4-78c0-582b-53ea6fbec330,KXCABOUT-29-RFK,2026-01-19T02:11:30.078374Z,951.00,0.0200,0.9800,yes
591867d4-21a0-7c87-4802-cd066925beb4,KXCABOUT-29-RFK,2026-01-19T02:11:30.078374Z,1000.00,0.0200,0.9800,yes
713e38ff-0622-432d-1a39-817a43b06df0,KXCABOUT-29-RFK,2026-01-19T01:21:31.155425Z,17.00,0.0100,0.9900,no
a7d86cdb-7db0-4ae4-e5c3-8755597b0340,KXCABOUT-29-RFK,2026-01-19T00:24:54.058382Z,44.00,0.0200,0.9800,yes
1c92739d-a08c-4cf4-e328-7ecfdaa15680,KXCABOUT-29-RFK,2026-01-19T00:24:54.058382Z,49.00,0.0200,0.9800,yes
94737d60-176c-4338-067d-846e535e7be7,KXCABOUT-29-RFK,2026-01-18T20:40:36.827519Z,1.00,0.0100,0.9900,no
b45e8a64-1618-522c-501c-f65b0cc08714,KXCABOUT-29-RFK,2026-01-18T20:16:56.372752Z,467.00,0.0200,0.9800,yes
69c82801-e754-4eb0-d5aa-1df5f9821fe3,KXCABOUT-29-RFK,2026-01-18T20:07:05.985509Z,1.00,0.0100,0.9900,no
7c29aa50-dc10-4b0c-cba9-baf855e51173,KXCABOUT-29-RFK,2026-01-18T19:58:31.252418Z,1.00,0.0100,0.9900,no
b00af88d-2304-7284-e117-5a6bff6a1193,KXCABOUT-29-RFK,2026-01-18T19:49:21.931009Z,1.00,0.0100,0.9900,no
582e7109-7f00-7330-6e91-8adb97d2a887,KXCABOUT-29-RFK,2026-01-18T19:34:05.64183Z,14.00,0.0100,0.9900,no
b4bc20d1-e858-47ac-53b1-975ac8d552a4,KXCABOUT-29-RFK,2026-01-18T19:33:51.400635Z,46.00,0.0200,0.9800,yes
6e95f6ca-8588-4290-c870-351abe206bd7,KXCABOUT-29-RFK,2026-01-18T19:17:11.783844Z,2.00,0.0100,0.9900,no
8b68c2b5-2644-7b4c-4f7e-82d7667bbd63,KXCABOUT-29-RFK,2026-01-18T19:13:13.073239Z,2.00,0.0100,0.9900,no
51d087ae-59e8-4508-648f-e3344ce0743b,KXCABOUT-29-RFK,2026-01-18T18:51:21.343821Z,5.00,0.0100,0.9900,no
aaf43655-ba68-4030-ea7c-8729a5498194,KXCABOUT-29-RFK,2026-01-18T18:51:07.104212Z,46.00,0.0200,0.9800,yes
f71db33d-84d0-41c4-f894-b4d3b8100117,KXCABOUT-29-RFK,2026-01-18T18:46:54.722496Z,40.00,0.0100,0.9900,no
754cf40e-d2dc-7760-9bba-8dd48cff0edb,KXCABOUT-29-RFK,2026-01-18T18:22:27.284557Z,3.00,0.0100,0.9900,no
063faafa-7a9c-6474-1d00-f716f64fd47f,KXCABOUT-29-RFK,2026-01-18T18:21:53.846361Z,19.00,0.0100,0.9900,no
c1b056d9-3400-5b2c-1a59-aba25b7b3ddb,KXCABOUT-29-RFK,2026-01-18T18:18:15.430676Z,3.00,0.0100,0.9900,no
e95dd000-bbdc-64c0-7b63-bfe4c7b8374f,KXCABOUT-29-RFK,2026-01-18T18:17:07.99484Z,1.00,0.0100,0.9900,no
a1f54aeb-60dc-7f10-83f3-685a7b74b1e7,KXCABOUT-29-RFK,2026-01-18T17:55:33.148157Z,1.00,0.0100,0.9900,no
452556ba-0df8-5e48-74bf-f243241517a7,KXCABOUT-29-RFK,2026-01-18T17:28:57.667262Z,7.00,0.0100,0.9900,no
d4139abe-f948-75c8-318c-78c3d4aeba03,KXCABOUT-29-RFK,2026-01-18T16:55:09.356627Z,14.00,0.0100,0.9900,no
66b5cd9e-4948-4624-50ec-5aa75b5d1188,KXCABOUT-29-RFK,2026-01-18T15:41:25.544646Z,467.00,0.0200,0.9800,yes
0bb66be3-4d1c-7510-79c2-c3630c1b5ea4,KXCABOUT-29-RFK,2026-01-18T15:31:06.432723Z,93.00,0.0200,0.9800,yes
270381b9-c310-6b70-a344-f80602a106fb,KXCABOUT-29-RFK,2026-01-18T15:20:35.995478Z,1.00,0.0100,0.9900,no
89a8e576-3434-4800-3c25-ca66b9f119dc,KXCABOUT-29-RFK,2026-01-18T14:52:31.750206Z,93.00,0.0200,0.9800,yes
0291bfc9-3734-6414-8ac5-0c44e087c8e7,KXCABOUT-29-RFK,2026-01-18T14:34:22.861263Z,6.00,0.0100,0.9900,no
4e67c3b7-b088-6540-9317-8012748fd410,KXCABOUT-29-RFK,2026-01-18T14:34:14.249269Z,233.00,0.0200,0.9800,yes
e441faa9-30f0-6e10-823c-ef8a855f34d3,KXCABOUT-29-RFK,2026-01-18T14:28:24.293417Z,6.00,0.0100,0.9900,no
038dc747-9a24-5590-6423-56faa801ba0f,KXCABOUT-29-RFK,2026-01-18T12:03:24.604015Z,5.00,0.0100,0.9900,no
9b73212c-23f0-4cf4-e8c7-54d88c85c083,KXCABOUT-29-RFK,2026-01-18T04:42:38.593373Z,9.00,0.0100,0.9900,no
3bad77af-f724-71cc-5f29-6933283390c3,KXCABOUT-29-RFK,2026-01-18T04:28:12.510086Z,38.00,0.0100,0.9900,no
cb0ac033-6d2c-5d5c-8c49-8d4031614d47,KXCABOUT-29-RFK,2026-01-18T03:58:39.698352Z,11.00,0.0100,0.9900,no
42579833-4660-6a18-918f-dca8c011be37,KXCABOUT-29-RFK,2026-01-18T03:29:54.163399Z,2.00,0.0100,0.9900,no
a6baf9d5-72d8-6e14-4602-6775fc57783b,KXCABOUT-29-RFK,2026-01-18T02:46:15.442383Z,5.00,0.0100,0.9900,no
f50fabb7-7e5c-5af8-417b-ffce724662ff,KXCABOUT-29-RFK,2026-01-18T02:45:09.305654Z,5.00,0.0100,0.9900,no
bc6dd88d-38c4-6530-21d3-6d37c9e48433,KXCABOUT-29-RFK,2026-01-18T02:44:42.783492Z,23.00,0.0100,0.9900,no
2eb5ea89-acec-5de4-031b-178762fef8bf,KXCABOUT-29-RFK,2026-01-18T02:19:55.943593Z,7.00,0.0100,0.9900,no
cfc4a6bb-30e8-5c34-01b6-a8e88fc7cf4f,KXCABOUT-29-RFK,2026-01-18T02:17:49.691758Z,4.00,0.0100,0.9900,no
fa62f942-aa3f-592e-4ddb-47f571cb7b39,KXCABOUT-29-RFK,2026-01-17T23:35:32.165057Z,1626.00,0.0200,0.9800,yes
afc447c9-7354-5ec0-5cb6-acdf2cf6025c,KXCABOUT-29-RFK,2026-01-17T23:35:32.165057Z,2511.00,0.0200,0.9800,yes
faef5343-e84d-5d97-8a40-c43b03979175,KXCABOUT-29-RFK,2026-01-17T21:28:58.16559Z,93.00,0.0200,0.9800,yes
2e1dc9d4-1e93-57b2-932e-a753ee533925,KXCABOUT-29-RFK,2026-01-17T21:28:58.16559Z,374.00,0.0200,0.9800,yes
1fd50b0a-0e24-5014-f43a-770cab73134f,KXCABOUT-29-RFK,2026-01-17T21:05:29.753731Z,23.00,0.0100,0.9900,no
123f534d-ae19-4727-5fee-5efebc1bf95d,KXCABOUT-29-RFK,2026-01-17T15:44:15.68847Z,50.00,0.0200,0.9800,yes
92e45400-ea10-5db0-6283-890d40e146ff,KXCABOUT-29-RFK,2026-01-17T10:13:18.404288Z,71.00,0.0100,0.9900,no
393e51c8-2e99-4a2b-80f6-f8f30c1c0381,KXCABOUT-29-RFK,2026-01-17T04:29:51.757743Z,233.00,0.0200,0.9800,yes
d1e04363-8a00-7994-db0d-f6135b914fd7,KXCABOUT-29-RFK,2026-01-17T02:07:08.069082Z,62.00,0.0100,0.9900,no
a52717ff-b0ad-7cf7-68a6-a90003649655,KXCABOUT-29-RFK,2026-01-16T23:16:21.491698Z,93.00,0.0200,0.9800,yes
6718289c-b9f3-451d-65b6-bf1e3d47a1b1,KXCABOUT-29-RFK,2026-01-16T21:14:27.144215Z,404.00,0.0200,0.9800,yes
0f2aba5b-f621-4abb-7424-98cdefb1727d,KXCABOUT-29-RFK,2026-01-16T21:14:27.144215Z,531.00,0.0200,0.9800,yes
3ec180e7-86c3-6d5d-f725-09b93fc38c35,KXCABOUT-29-RFK,2026-01-16T20:32:16.434726Z,233.00,0.0200,0.9800,yes
d7b12e9c-6d0f-53c5-5a68-493c0c9ed919,KXCABOUT-29-RFK,2026-01-16T19:10:52.604675Z,93.00,0.0200,0.9800,yes
b3973e9d-076b-7541-ad59-d55491688555,KXCABOUT-29-RFK,2026-01-16T01:37:22.469956Z,93.00,0.0200,0.9800,yes
dccf5d64-ba83-77ec-aca2-1ff1a9c1a83c,KXCABOUT-29-RFK,2026-01-16T00:09:16.961091Z,1000.00,0.0100,0.9900,yes
77ad86d5-e704-7736-a401-f2cf67e310e3,KXCABOUT-29-RFK,2026-01-16T00:09:16.961091Z,1000.00,0.0100,0.9900,yes
3e8ac8d0-12f5-7bd6-b0f3-16cb04261e45,KXCABOUT-29-RFK,2026-01-16T00:09:16.961091Z,1000.00,0.0100,0.9900,yes
3e02f2b6-4c3b-7bc2-b70f-d0cbc40135e2,KXCABOUT-29-RFK,2026-01-16T00:09:16.961091Z,1000.00,0.0100,0.9900,yes
16f0e3ad-e287-71ca-b482-96f1d7c4796c,KXCABOUT-29-RFK,2026-01-16T00:09:16.961091Z,30.00,0.0100,0.9900,yes
0db00415-e320-7928-9370-cae0918cab92,KXCABOUT-29-RFK,2026-01-16T00:09:16.961091Z,660.00,0.0100,0.9900,yes
f395b712-6bc3-4fc1-7963-7e43957b49f1,KXCABOUT-29-RFK,2026-01-15T21:45:20.890369Z,93.00,0.0200,0.9800,yes
6cb41ba1-d0f7-5441-bf60-eed3e7454b9d,KXCABOUT-29-RFK,2026-01-15T05:36:46.738561Z,28.00,0.0200,0.9800,yes
78942a6f-9b77-65b5-b0bd-2a59f680de24,KXCABOUT-29-RFK,2026-01-15T04:45:28.584124Z,236.00,0.0100,0.9900,no
87f5fb14-d0a1-6cc5-6541-b4bb93233f7c,KXCABOUT-29-RFK,2026-01-15T04:21:19.085363Z,2500.00,0.0100,0.9900,no
193305fd-c8ec-6a69-4059-4c1370b49ea1,KXCABOUT-29-RFK,2026-01-15T04:21:19.085363Z,309.00,0.0100,0.9900,no
08752f6a-d2ca-64ca-4ac1-4adcf7cb8157,KXCABOUT-29-RFK,2026-01-15T04:21:19.085363Z,2500.00,0.0100,0.9900,no
01caaae1-3437-428d-b9cb-f04977721ba5,KXCABOUT-29-RFK,2026-01-15T01:09:32.63078Z,46.00,0.0200,0.9800,yes
eba95d1f-85ae-7923-7751-54284220c6ad,KXCABOUT-29-RFK,2026-01-15T01:05:48.424644Z,10.00,0.0200,0.9800,yes
aaed7b8a-ab86-724d-44f5-76c1a4f70f8e,KXCABOUT-29-RFK,2026-01-15T01:05:48.424644Z,100.00,0.0200,0.9800,yes
5705fbea-a3bc-7058-6a27-3cb1b4d0fb3b,KXCABOUT-29-RFK,2026-01-15T01:05:48.424644Z,20.00,0.0200,0.9800,yes
318bb42f-7ee7-7b69-5add-a66cb9ddf4d5,KXCABOUT-29-RFK,2026-01-15T01:05:48.424644Z,10.00,0.0200,0.9800,yes
af65eb64-6966-42ac-f2b0-d5ca0d854565,KXCABOUT-29-RFK,2026-01-15T00:47:40.340113Z,11.00,0.0200,0.9800,yes
f79ef3c7-c275-437d-be81-4613f7a1af2f,KXCABOUT-29-RFK,2026-01-14T22:05:04.737605Z,2000.00,0.0100,0.9900,no
a25c6c80-d516-4abd-9974-610f8996c7ee,KXCABOUT-29-RFK,2026-01-14T22:05:04.737605Z,233.00,0.0100,0.9900,no
02461d0d-71ac-4223-8ae7-3b3850d33514,KXCABOUT-29-RFK,2026-01-14T22:05:04.737605Z,500.00,0.0100,0.9900,no
c077b468-4d1c-78a7-7434-f3dfd5e27b0c,KXCABOUT-29-RFK,2026-01-14T21:37:53.167001Z,233.00,0.0200,0.9800,yes
f12253f9-8375-6f5f-461f-c7bbec39fc8b,KXCABOUT-29-RFK,2026-01-14T21:02:18.913885Z,100.00,0.0100,0.9900,no
e679dc2f-c8f8-6658-529f-fe3cb2cbd5dc,KXCABOUT-29-RFK,2026-01-14T21:02:18.913885Z,500.00,0.0100,0.9900,no
95b6f3a5-b268-6923-5722-45c2e536d77f,KXCABOUT-29-RFK,2026-01-14T21:02:18.913885Z,255.00,0.0100,0.9900,no
0750fc35-5c08-63d8-6a5e-dfb975505b25,KXCABOUT-29-RFK,2026-01-14T21:02:18.913885Z,477.00,0.0100,0.9900,no
e2e69d4f-ff02-434f-483a-9592315d8e9f,KXCABOUT-29-RFK,2026-01-14T18:58:48.386292Z,128.00,0.0400,0.9600,yes
86f9d1b4-9831-45f7-523c-6d4b9f901388,KXCABOUT-29-RFK,2026-01-14T18:58:48.386292Z,340.00,0.0400,0.9600,yes
c0acb30b-8923-6f44-326e-0585a50ebcf2,KXCABOUT-29-RFK,2026-01-14T18:38:42.122204Z,1.00,0.0200,0.9800,yes
2ae6abde-312e-6113-3f5a-27e119fd4657,KXCABOUT-29-RFK,2026-01-14T18:38:42.122204Z,11.00,0.0400,0.9600,yes
ed758a67-1f7a-5dff-ea9a-9670696fa24b,KXCABOUT-29-RFK,2026-01-14T16:22:13.632172Z,88.00,0.0400,0.9600,yes
d7d6016a-1840-56f3-d30d-b522f99e3434,KXCABOUT-29-RFK,2026-01-14T16:22:13.632172Z,169.00,0.0200,0.9800,yes
acaa67a3-7c37-57d9-e446-03e2ef90dea2,KXCABOUT-29-RFK,2026-01-14T16:22:13.632172Z,1.00,0.0200,0.9800,yes
9549f3b5-9995-5d20-eeac-d9338907a75e,KXCABOUT-29-RFK,2026-01-14T16:22:13.632172Z,1.00,0.0200,0.9800,yes
74d3bec7-96e2-5dfe-e9ee-c363d1406724,KXCABOUT-29-RFK,2026-01-14T16:22:13.632172Z,27.00,0.0300,0.9700,yes
30b66358-d4d9-5326-fcbb-b783d2e676e5,KXCABOUT-29-RFK,2026-01-14T16:22:13.632172Z,78.00,0.0200,0.9800,yes
00f83114-6b66-550f-d2b7-70bb0fb4a227,KXCABOUT-29-RFK,2026-01-14T16:22:13.632172Z,1.00,0.0200,0.9800,yes
ca6ca2d3-cbcd-4def-dec0-2d4da7ccf781,KXCABOUT-29-RFK,2026-01-14T15:13:50.71957Z,1.00,0.0200,0.9800,yes
abd9fc0d-3382-4e90-dffe-f1ccf9af8d95,KXCABOUT-29-RFK,2026-01-14T15:13:50.71957Z,75.00,0.0200,0.9800,yes
a86887e9-61b5-4b9e-ef49-ad1273eb5ebd,KXCABOUT-29-RFK,2026-01-14T15:13:50.71957Z,194.00,0.0200,0.9800,yes
0e15e9e7-ba6f-4c79-e6a5-7765fa742736,KXCABOUT-29-RFK,2026-01-14T15:13:50.71957Z,10.00,0.0200,0.9800,yes
932f9b6c-a76c-5f48-97f6-363284bc8621,KXCABOUT-29-RFK,2026-01-14T14:57:28.784959Z,23.00,0.0100,0.9900,no
4f0dc950-129f-6d7b-68f6-cb10ad3fe472,KXCABOUT-29-RFK,2026-01-14T14:16:57.948894Z,68.00,0.0200,0.9800,yes
0ec905d3-c386-61c0-43ba-2f4869f24c0d,KXCABOUT-29-RFK,2026-01-14T14:16:57.948894Z,25.00,0.0200,0.9800,yes
1d2499e3-b47d-7440-395a-180a3c45aa38,KXCABOUT-29-RFK,2026-01-14T14:00:22.841871Z,5.00,0.0200,0.9800,no
cf99a813-7b2b-577e-bafa-0b624b26b012,KXCABOUT-29-RFK,2026-01-14T13:25:55.630163Z,10.00,0.0200,0.9800,no
d8d66e69-5807-4e9f-1c1c-60921f97e76e,KXCABOUT-29-RFK,2026-01-14T08:41:21.177413Z,1.00,0.0200,0.9800,no
d185908a-fd82-514f-8442-7bb9d2d8c55f,KXCABOUT-29-RFK,2026-01-14T08:41:16.353215Z,23.00,0.0400,0.9600,yes
5f24c681-7a47-639f-d5f3-5cafd1d6aede,KXCABOUT-29-RFK,2026-01-14T08:26:09.229221Z,2.00,0.0200,0.9800,no
f3f11e5a-6c3f-6863-e1e5-72c84567e8c2,KXCABOUT-29-RFK,2026-01-14T08:25:35.265153Z,9.00,0.0200,0.9800,no
83eec4e3-cfff-6acf-0a8c-0bda287a96b6,KXCABOUT-29-RFK,2026-01-14T08:01:18.804473Z,1.00,0.0200,0.9800,no
c06d1cac-0ec3-416f-6e51-3d7f375e8326,KXCABOUT-29-RFK,2026-01-14T07:53:06.484632Z,3.00,0.0200,0.9800,no
c9576968-487f-43c3-7028-13a36f5e963a,KXCABOUT-29-RFK,2026-01-14T07:36:35.9856Z,2.00,0.0200,0.9800,no
028bbe4c-1a83-675b-24e5-7b106d89ecf6,KXCABOUT-29-RFK,2026-01-14T07:14:01.718908Z,1.00,0.0200,0.9800,no
15b3daba-86b3-7417-f0dd-47cc22092012,KXCABOUT-29-RFK,2026-01-14T07:01:37.210031Z,1.00,0.0200,0.9800,no
b09a800f-a2b7-6064-fd0c-668a0e049b41,KXCABOUT-29-RFK,2026-01-14T06:28:17.605442Z,4.00,0.0200,0.9800,no
7f1233c8-c28b-6ca4-db33-d298f8bc2245,KXCABOUT-29-RFK,2026-01-14T06:05:38.52599Z,3.00,0.0200,0.9800,no
b66dc0bc-d5b3-50a0-a122-b475504f7691,KXCABOUT-29-RFK,2026-01-14T05:48:30.895766Z,1.00,0.0200,0.9800,no
9f08bee3-ba03-4de8-44ed-cc4936be0d9d,KXCABOUT-29-RFK,2026-01-14T05:28:13.322688Z,7.00,0.0200,0.9800,no
18b4fd9a-ad6b-6e90-2051-8deabd8ec5ed,KXCABOUT-29-RFK,2026-01-14T05:16:41.767663Z,1.00,0.0200,0.9800,no
4719bc2a-6503-6d24-72d0-c236c0f5d1d1,KXCABOUT-29-RFK,2026-01-14T05:09:48.094595Z,1.00,0.0200,0.9800,no
b3f6d57b-3a4b-7028-1761-1df12ff6b675,KXCABOUT-29-RFK,2026-01-14T05:06:45.489389Z,4.00,0.0200,0.9800,no
f753ca51-95d7-72ac-14d3-22fb419c284d,KXCABOUT-29-RFK,2026-01-14T05:02:25.96727Z,3.00,0.0200,0.9800,no
168f33c6-88f3-7728-f3a3-c17e75c820d5,KXCABOUT-29-RFK,2026-01-14T04:39:26.566164Z,17.00,0.0200,0.9800,no
0aba73c6-fd80-43cf-b14b-81c7b3c6152d,KXCABOUT-29-RFK,2026-01-14T04:32:32.596418Z,31.00,0.0200,0.9800,no
cb0956ad-0c27-62c0-d394-c9aece24c406,KXCABOUT-29-RFK,2026-01-14T04:27:35.68574Z,17.00,0.0300,0.9700,yes
dd72ce2a-ce33-6981-df27-822b6cb68bd9,KXCABOUT-29-RFK,2026-01-14T03:58:40.710231Z,69.00,0.0400,0.9600,yes
9976e2a1-4aa2-613c-fa8f-ee2e92fe922d,KXCABOUT-29-RFK,2026-01-14T03:58:40.710231Z,22.00,0.0300,0.9700,yes
5f0034d2-a457-60de-f7d4-041ad9f9de85,KXCABOUT-29-RFK,2026-01-14T03:58:40.710231Z,10.00,0.0200,0.9800,yes
15e3c211-9fea-6918-d7f9-81e1a9e2b999,KXCABOUT-29-RFK,2026-01-14T03:58:40.710231Z,26.00,0.0400,0.9600,yes
e25b6c15-4624-5ab5-f7e8-6cc472c9f092,KXCABOUT-29-RFK,2026-01-14T03:53:32.834884Z,786.00,0.0200,0.9800,yes
d5522062-4703-5c41-e479-e7a690626837,KXCABOUT-29-RFK,2026-01-14T03:53:32.834884Z,138.00,0.0200,0.9800,yes
b110a2c5-e6a6-5d83-de47-00dce15bbbd5,KXCABOUT-29-RFK,2026-01-14T03:53:32.834884Z,91.00,0.0200,0.9800,yes
9b8af511-809a-58f1-db0b-5f92a01efd89,KXCABOUT-29-RFK,2026-01-14T03:53:32.834884Z,1000.00,0.0200,0.9800,yes
87aec92e-92a7-50de-d016-eb041112de8b,KXCABOUT-29-RFK,2026-01-14T03:53:32.834884Z,17.00,0.0200,0.9800,yes
842c7848-2d66-5522-fa05-21a4ad0984e7,KXCABOUT-29-RFK,2026-01-14T03:53:32.834884Z,26.00,0.0200,0.9800,yes
74377f8b-67c1-5ecb-d23f-2353ecd766f6,KXCABOUT-29-RFK,2026-01-14T03:53:32.834884Z,690.00,0.0200,0.9800,yes
67223d91-cace-50a0-d50e-6e3adb9061ea,KXCABOUT-29-RFK,2026-01-14T03:53:32.834884Z,81.00,0.0200,0.9800,yes
4dccd33f-3761-5eed-d161-17f0d13e28bd,KXCABOUT-29-RFK,2026-01-14T03:53:32.834884Z,231.00,0.0200,0.9800,yes
454b627b-cebb-5179-edb4-fd0a5bb45e99,KXCABOUT-29-RFK,2026-01-14T03:53:32.834884Z,147.00,0.0200,0.9800,yes
3985680b-48a6-5ea3-dda7-cd3a2f799187,KXCABOUT-29-RFK,2026-01-14T03:53:32.834884Z,2.00,0.0200,0.9800,yes
7d0f0ce6-95db-5bce-b5cb-40576a255f14,KXCABOUT-29-RFK,2026-01-14T02:04:23.933184Z,37.00,0.0200,0.9800,yes
086d9063-90d6-5b10-8338-1d0c94ca976e,KXCABOUT-29-RFK,2026-01-14T02:04:23.933184Z,196.00,0.0200,0.9800,yes
7ba402bd-ba43-47f6-af9b-c3a22d594f60,KXCABOUT-29-RFK,2026-01-14T01:48:10.410497Z,46.00,0.0200,0.9800,yes
cf1af307-3f3f-770e-a28b-341a5b10059c,KXCABOUT-29-RFK,2026-01-14T01:38:08.055026Z,317.00,0.0200,0.9800,yes
ccce9c7e-c1ad-744c-89dc-d9ff201c736a,KXCABOUT-29-RFK,2026-01-14T01:38:08.055026Z,150.00,0.0200,0.9800,yes
b7fe81f7-27f1-49e0-ba8b-7b8ef98959fa,KXCABOUT-29-RFK,2026-01-14T01:27:44.057408Z,46.00,0.0200,0.9800,yes
809d2009-77a1-7718-3e11-99febeb61852,KXCABOUT-29-RFK,2026-01-14T00:10:57.466107Z,204.00,0.0200,0.9800,yes
569fbea2-ec56-77e6-1a78-cdd3967888c3,KXCABOUT-29-RFK,2026-01-14T00:10:57.466107Z,29.00,0.0200,0.9800,yes
ab30fed1-05be-6ad6-16bf-3bb268823817,KXCABOUT-29-RFK,2026-01-13T23:36:22.840183Z,136.00,0.0200,0.9800,yes
76c942f4-616e-5c4a-865c-b0ed0e8a2ec3,KXCABOUT-29-RFK,2026-01-13T22:49:03.209612Z,46.00,0.0200,0.9800,yes
ff569be7-1cca-537a-3269-af5d0537194b,KXCABOUT-29-RFK,2026-01-13T21:21:39.610985Z,60.00,0.0200,0.9800,yes
48e0fcd7-af3a-5fae-70a5-c5748e25ac73,KXCABOUT-29-RFK,2026-01-13T21:18:18.62452Z,374.00,0.0200,0.9800,yes
31171c5c-a146-4aba-7e28-e7133191a8e3,KXCABOUT-29-RFK,2026-01-13T20:54:28.976017Z,93.00,0.0200,0.9800,yes
b41ab891-901e-49d2-e434-bb55a2563e07,KXCABOUT-29-RFK,2026-01-13T19:09:23.911436Z,242.00,0.0200,0.9800,yes
d1fbcf5b-60be-6896-e947-db52b4f530a3,KXCABOUT-29-RFK,2026-01-13T17:11:56.261232Z,20.00,0.0200,0.9800,yes
e709bce1-fd2b-45dc-1b44-96535dc45d5a,KXCABOUT-29-RFK,2026-01-13T15:17:45.416146Z,500.00,0.0100,0.9900,no
c0d981b9-54e1-48c0-1919-dac59473cbba,KXCABOUT-29-RFK,2026-01-13T15:17:45.416146Z,45.00,0.0100,0.9900,no
a925fa1f-81a9-43eb-97fa-8327d5ee0abf,KXCABOUT-29-RFK,2026-01-13T14:12:28.856219Z,93.00,0.0200,0.9800,yes
fef92e0f-a3fe-7333-7223-417feb584f98,KXCABOUT-29-RFK,2026-01-13T10:58:51.334244Z,30.00,0.0300,0.9700,yes
8dcfc5b6-67fe-7238-58e0-0068c4dd25e9,KXCABOUT-29-RFK,2026-01-13T10:58:51.334244Z,8.00,0.0300,0.9700,yes
792acf9c-8a62-7cd9-7b22-c9cf0c877d92,KXCABOUT-29-RFK,2026-01-13T10:58:51.334244Z,2.00,0.0300,0.9700,yes
08b74a6e-6de3-72bd-463c-03a4de632ee4,KXCABOUT-29-RFK,2026-01-13T10:58:51.334244Z,80.00,0.0200,0.9800,yes
d8974cf5-89a2-5311-d109-2a3744360a7a,KXCABOUT-29-RFK,2026-01-13T08:02:43.858933Z,100.00,0.0200,0.9800,yes
cb33db1b-122d-5134-c43c-6d10f50ad430,KXCABOUT-29-RFK,2026-01-13T08:02:43.858933Z,13.00,0.0300,0.9700,yes
b4c8e335-28a5-5ea1-d871-993fe9e4d1d2,KXCABOUT-29-RFK,2026-01-13T08:02:43.858933Z,65.00,0.0200,0.9800,yes
6aa3d94b-2252-5126-c464-8e7896d424ac,KXCABOUT-29-RFK,2026-01-13T08:02:43.858933Z,1.00,0.0200,0.9800,yes
60f997c0-8e89-536e-c07c-57043ba2e158,KXCABOUT-29-RFK,2026-01-13T08:02:43.858933Z,1.00,0.0200,0.9800,yes
5bb94dd8-5e25-5b70-f9e4-1aaca846ae2f,KXCABOUT-29-RFK,2026-01-13T08:02:43.858933Z,1.00,0.0200,0.9800,yes
59ca700b-8a82-5b45-c7c3-a35069988cea,KXCABOUT-29-RFK,2026-01-13T08:02:43.858933Z,29.00,0.0300,0.9700,yes
09783c5f-f38c-5126-c0cc-886005bb2954,KXCABOUT-29-RFK,2026-01-13T08:02:43.858933Z,1.00,0.0200,0.9800,yes
06cbe370-7390-572a-c549-8661b6d5ccae,KXCABOUT-29-RFK,2026-01-13T08:02:43.858933Z,1.00,0.0200,0.9800,yes
fe076650-c7a9-4c0e-d38f-11d875ca11f6,KXCABOUT-29-RFK,2026-01-13T06:15:22.409088Z,63.00,0.0100,0.9900,no
f19538f4-7be3-4c03-d84d-d9a8cba0500b,KXCABOUT-29-RFK,2026-01-13T06:15:22.409088Z,230.00,0.0100,0.9900,no
ead22b63-5060-4058-e805-b5a4f0035d6c,KXCABOUT-29-RFK,2026-01-13T06:15:22.409088Z,677.00,0.0100,0.9900,no
e90d315e-bedc-47cf-fc18-ae96b2fcb3fa,KXCABOUT-29-RFK,2026-01-13T06:15:22.409088Z,147.00,0.0100,0.9900,no
dc019e8c-c16a-4b4d-f6b6-dbe1b70b30e1,KXCABOUT-29-RFK,2026-01-13T06:15:22.409088Z,1.00,0.0100,0.9900,no
db9cd195-e409-4065-d3c5-8f232a176ff3,KXCABOUT-29-RFK,2026-01-13T06:15:22.409088Z,1.00,0.0100,0.9900,no
cbf83e46-ab2e-42d9-c100-b3d67405e948,KXCABOUT-29-RFK,2026-01-13T06:15:22.409088Z,2.00,0.0100,0.9900,no
c2fcb0e3-d0ae-4ef2-faa8-13ac4265839b,KXCABOUT-29-RFK,2026-01-13T06:15:22.409088Z,64.00,0.0100,0.9900,no
b5ede7ea-c86d-4a61-d1b5-81231dbf2e07,KXCABOUT-29-RFK,2026-01-13T06:15:22.409088Z,1000.00,0.0100,0.9900,no
b43b1031-207b-49b8-c194-a3c3bba546c0,KXCABOUT-29-RFK,2026-01-13T06:15:22.409088Z,1.00,0.0100,0.9900,no
a7c00727-7008-4836-d0a9-dddb6b01c334,KXCABOUT-29-RFK,2026-01-13T06:15:22.409088Z,5.00,0.0100,0.9900,no
a4c0ea55-761a-4ea9-f906-cd84ec915426,KXCABOUT-29-RFK,2026-01-13T06:15:22.409088Z,1.00,0.0100,0.9900,no
9498ba6c-6b56-41fc-ceef-f3eaa221a78a,KXCABOUT-29-RFK,2026-01-13T06:15:22.409088Z,70.00,0.0100,0.9900,no
920ac4e2-effa-45a1-c53b-f318fdc95322,KXCABOUT-29-RFK,2026-01-13T06:15:22.409088Z,100.00,0.0100,0.9900,no
829638f2-2a84-44e3-d6e8-b29df3e6ab14,KXCABOUT-29-RFK,2026-01-13T06:15:22.409088Z,1.00,0.0100,0.9900,no
7e87071e-8246-43cf-d3e9-31cec1fdc1bc,KXCABOUT-29-RFK,2026-01-13T06:15:22.409088Z,1.00,0.0100,0.9900,no
667b9117-b7f4-4d63-e420-1c5cb3f4f1af,KXCABOUT-29-RFK,2026-01-13T06:15:22.409088Z,25.00,0.0100,0.9900,no
633a90f7-6d31-4f11-f81c-544c865e4eee,KXCABOUT-29-RFK,2026-01-13T06:15:22.409088Z,2.00,0.0100,0.9900,no
574c462d-3c14-473b-f5cc-bce3ff06799e,KXCABOUT-29-RFK,2026-01-13T06:15:22.409088Z,258.00,0.0100,0.9900,no
50d3cede-d6ab-404d-eb4d-a0a3064a4492,KXCABOUT-29-RFK,2026-01-13T06:15:22.409088Z,1.00,0.0100,0.9900,no
42f3d03d-698f-4071-dc5b-f4d05fe18d60,KXCABOUT-29-RFK,2026-01-13T06:15:22.409088Z,2.00,0.0100,0.9900,no
3ef4c0bf-41fa-43d2-e126-07968e55d3da,KXCABOUT-29-RFK,2026-01-13T06:15:22.409088Z,679.00,0.0100,0.9900,no
3b4c5289-67cc-4041-e75d-96c5f9fd8cd0,KXCABOUT-29-RFK,2026-01-13T06:15:22.409088Z,9.00,0.0100,0.9900,no
3a44f3f7-26b2-42b3-ef0c-a66b882836c9,KXCABOUT-29-RFK,2026-01-13T06:15:22.409088Z,1.00,0.0100,0.9900,no
316b6586-7c01-4a6e-e676-e61d94c12ac5,KXCABOUT-29-RFK,2026-01-13T06:15:22.409088Z,3.00,0.0100,0.9900,no
1d8e91db-d5c5-4873-ef05-fa425b57d799,KXCABOUT-29-RFK,2026-01-13T06:15:22.409088Z,10.00,0.0100,0.9900,no
1b44a61e-000a-4c0c-c521-fe7d6f001489,KXCABOUT-29-RFK,2026-01-13T06:15:22.409088Z,1.00,0.0100,0.9900,no
19f7cd1b-3932-41ff-e179-2de58b7a6b41,KXCABOUT-29-RFK,2026-01-13T06:15:22.409088Z,1.00,0.0100,0.9900,no
0fe09cda-6c67-4717-e63b-d3756fc91180,KXCABOUT-29-RFK,2026-01-13T06:15:22.409088Z,1.00,0.0100,0.9900,no
0fb3362a-8f8d-40fb-d3c9-e86f8cde17c7,KXCABOUT-29-RFK,2026-01-13T06:15:22.409088Z,250.00,0.0100,0.9900,no
5936428a-c463-6e73-6ace-aeec49f17141,KXCABOUT-29-RFK,2026-01-13T06:12:26.254143Z,21.00,0.0200,0.9800,no
cbd96cac-0994-456d-fc28-dc54827c4054,KXCABOUT-29-RFK,2026-01-13T06:12:14.631717Z,42.00,0.0200,0.9800,no
c8315bf8-b7b3-40b9-fe55-67d3ce2ebaf1,KXCABOUT-29-RFK,2026-01-13T06:12:14.631717Z,15.00,0.0200,0.9800,no
b15f0553-8372-49cd-f0be-7a412c719282,KXCABOUT-29-RFK,2026-01-13T06:12:14.631717Z,331.00,0.0200,0.9800,no
7ad5d5af-b676-41e8-f6f1-8c7dc11efc2f,KXCABOUT-29-RFK,2026-01-13T06:12:14.631717Z,31.00,0.0200,0.9800,no
4f00e48c-c82e-48a2-f86b-59ba2c822bed,KXCABOUT-29-RFK,2026-01-13T06:12:14.631717Z,10.00,0.0200,0.9800,no
479d305a-bf23-4acf-e9f3-a8ce134eb11f,KXCABOUT-29-RFK,2026-01-13T06:12:14.631717Z,29.00,0.0200,0.9800,no
196d6b08-9465-74c8-cc8c-46966bb865c8,KXCABOUT-29-RFK,2026-01-13T05:48:18.801508Z,15.00,0.0300,0.9700,yes
fc13944e-df00-6e1e-83fa-6cb1147863ab,KXCABOUT-29-RFK,2026-01-13T03:25:12.031382Z,22.00,0.0200,0.9800,no
d979824d-1484-6f1a-8eaa-537232e1b6b1,KXCABOUT-29-RFK,2026-01-13T03:25:12.031382Z,50.00,0.0200,0.9800,no
cc546bc4-cf36-63e9-a927-c50f729a9862,KXCABOUT-29-RFK,2026-01-13T03:25:12.031382Z,942.00,0.0200,0.9800,no
2af5fb75-522c-5a3e-ff69-b1f8c0593573,KXCABOUT-29-RFK,2026-01-13T03:03:11.682332Z,2.00,0.0200,0.9800,no
41d931b1-0674-53cf-7c66-37afacd80f59,KXCABOUT-29-RFK,2026-01-13T02:32:17.959656Z,31.00,0.0300,0.9700,yes
3b99d1dc-e201-5904-7821-0ef1f0ef8950,KXCABOUT-29-RFK,2026-01-13T02:32:17.959656Z,2.00,0.0300,0.9700,yes
045cad88-9478-5688-644b-50911d987aaa,KXCABOUT-29-RFK,2026-01-13T02:32:17.959656Z,29.00,0.0300,0.9700,yes
3d78c3a7-1350-503c-cf99-384fa1faa0c2,KXCABOUT-29-RFK,2026-01-13T02:20:11.455628Z,10.00,0.0300,0.9700,yes
6bc97b86-9128-65cc-d88d-a2abc5a4d90a,KXCABOUT-29-RFK,2026-01-13T02:05:58.65939Z,31.00,0.0300,0.9700,yes
8ccfdc43-cf40-7b9c-08f0-beab15e39aea,KXCABOUT-29-RFK,2026-01-13T01:12:34.274087Z,15.00,0.0300,0.9700,yes
c1933e4d-8d8a-5be6-7079-05efdb5f63d7,KXCABOUT-29-RFK,2026-01-13T01:00:16.093667Z,24.00,0.0300,0.9700,yes
1a87467e-a9dc-5338-47d5-4e7e25bdb3be,KXCABOUT-29-RFK,2026-01-13T01:00:16.093667Z,7.00,0.0300,0.9700,yes
4de45165-37fe-4f2e-4c75-537ca5e7a54f,KXCABOUT-29-RFK,2026-01-12T23:15:00.460724Z,31.00,0.0300,0.9700,yes
f2c7293c-3871-4fe0-f9f1-076fb1587239,KXCABOUT-29-RFK,2026-01-12T23:07:57.845143Z,2.00,0.0200,0.9800,no
4d0be393-e043-4880-e06d-43e0e7d60267,KXCABOUT-29-RFK,2026-01-12T23:07:57.845143Z,78.00,0.0200,0.9800,no
0d11bce9-f8b0-4e82-c886-edccc4b1f83b,KXCABOUT-29-RFK,2026-01-12T23:07:57.845143Z,154.00,0.0200,0.9800,no
5d0d62c7-5c99-4969-1d59-e36f90006628,KXCABOUT-29-RFK,2026-01-12T22:46:19.666284Z,66.00,0.0300,0.9700,yes
0c25b0be-77de-4502-0ff7-a9bb5a728c1b,KXCABOUT-29-RFK,2026-01-12T22:46:19.666284Z,45.00,0.0300,0.9700,yes
ff76e002-c374-47df-95e3-530b171b5958,KXCABOUT-29-RFK,2026-01-12T21:57:47.472129Z,10.00,0.0300,0.9700,no
391c944d-8c34-623b-0acd-c7151903a9a0,KXCABOUT-29-RFK,2026-01-12T21:57:43.685776Z,2.00,0.0300,0.9700,no
3c52c439-50e8-6e8f-ba48-cb11cff68538,KXCABOUT-29-RFK,2026-01-12T21:57:21.964659Z,3.00,0.0300,0.9700,no
7289c52e-1030-412b-1235-2e714c5fc3f8,KXCABOUT-29-RFK,2026-01-12T21:50:53.321806Z,4.00,0.0300,0.9700,no
f2eb0668-8260-71e9-c1a5-4ca4d05505ec,KXCABOUT-29-RFK,2026-01-12T21:07:27.412174Z,31.00,0.0300,0.9700,no
ead8ed6d-5336-7c88-e667-61f014f0cc83,KXCABOUT-29-RFK,2026-01-12T21:07:27.412174Z,31.00,0.0300,0.9700,no
d2bb5216-6ce9-7018-f248-11346591eed4,KXCABOUT-29-RFK,2026-01-12T21:07:27.412174Z,32.00,0.0300,0.9700,no
95c29598-da8a-7700-ce69-0ef7787a3857,KXCABOUT-29-RFK,2026-01-12T21:07:27.412174Z,32.00,0.0300,0.9700,no
75003333-b079-7388-ca59-c3043e0d2f79,KXCABOUT-29-RFK,2026-01-12T21:07:27.412174Z,31.00,0.0300,0.9700,no
596e85ae-08e6-7b99-f7f4-5f0794dadd32,KXCABOUT-29-RFK,2026-01-12T21:07:27.412174Z,727.00,0.0300,0.9700,no
d8977b42-a47a-6573-cf97-20104909ba2e,KXCABOUT-29-RFK,2026-01-12T19:19:02.450886Z,66.00,0.0500,0.9500,yes
57342b5a-7d76-6ed8-ca50-4f45c0ceb73e,KXCABOUT-29-RFK,2026-01-12T19:19:02.450886Z,27.00,0.0500,0.9500,yes
85e195bf-3916-7527-99a1-7b2adf246cc6,KXCABOUT-29-RFK,2026-01-12T17:06:44.016185Z,34.00,0.0500,0.9500,yes
4b000845-edb5-7db2-be92-7139c6bd3ee5,KXCABOUT-29-RFK,2026-01-12T17:06:44.016185Z,3.00,0.0500,0.9500,yes
71be3982-59c9-7332-e499-9a0602b6ff25,KXCABOUT-29-RFK,2026-01-12T16:00:15.373438Z,187.00,0.0500,0.9500,yes
9ae2169f-2bd9-4116-77ea-a094f3fb0419,KXCABOUT-29-RFK,2026-01-12T05:31:03.200023Z,18.00,0.0500,0.9500,yes
e84587f4-0de5-58ad-1006-54777b854af1,KXCABOUT-29-RFK,2026-01-12T02:48:54.530763Z,5.00,0.0500,0.9500,yes
89244efb-1975-5be2-3b79-3b67cae7f7fd,KXCABOUT-29-RFK,2026-01-12T02:48:54.530763Z,182.00,0.0500,0.9500,yes
491cbf70-e868-4568-cbbf-31ccae23f369,KXCABOUT-29-RFK,2026-01-11T21:51:39.854123Z,31.00,0.0600,0.9400,yes
c43f4cc7-4a48-6121-67c5-7b8bb05f316b,KXCABOUT-29-RFK,2026-01-11T21:23:20.437332Z,58.00,0.0300,0.9700,no
ac687f57-2a9d-6c39-5536-6ec610635354,KXCABOUT-29-RFK,2026-01-11T21:23:20.437332Z,10.00,0.0300,0.9700,no
a8fc9056-1517-63a8-486d-25c3e34f27ef,KXCABOUT-29-RFK,2026-01-11T21:23:20.437332Z,21.00,0.0200,0.9800,no
85142bb3-b07e-6070-592e-b483ee23b7e2,KXCABOUT-29-RFK,2026-01-11T21:23:20.437332Z,4.00,0.0300,0.9700,no
959df33d-fe96-788e-f7ed-4dfd7dc16fa0,KXCABOUT-29-RFK,2026-01-11T19:39:45.650601Z,64.00,0.0600,0.9400,yes
33f493b9-2044-7614-f1be-8161a476faa5,KXCABOUT-29-RFK,2026-01-11T19:39:45.650601Z,12.00,0.0600,0.9400,yes
0406b29e-e7ed-7e25-d244-c9a19309eba9,KXCABOUT-29-RFK,2026-01-11T19:39:45.650601Z,2.00,0.0600,0.9400,yes
290c6a0e-4ca2-6ee2-3475-12deb58b6994,KXCABOUT-29-RFK,2026-01-11T18:38:31.190286Z,78.00,0.0600,0.9400,yes
7d962515-cb10-575d-be01-8bdb9a14fedf,KXCABOUT-29-RFK,2026-01-11T17:58:38.357704Z,2.00,0.0300,0.9700,no
387a1428-88a5-5c42-942f-23901f994a6a,KXCABOUT-29-RFK,2026-01-11T17:58:38.357704Z,21.00,0.0300,0.9700,no
7e2028ca-6b36-586a-f265-203dd5b32c64,KXCABOUT-29-RFK,2026-01-11T17:50:07.774006Z,31.00,0.0600,0.9400,yes
73e33c8f-c57a-641a-51b2-6534e42f7010,KXCABOUT-29-RFK,2026-01-11T17:03:15.495873Z,15.00,0.0600,0.9400,yes
e8d442b1-0b92-6c12-ea30-da147e22f8a8,KXCABOUT-29-RFK,2026-01-11T16:15:52.382729Z,15.00,0.0600,0.9400,yes
c5abac24-634e-423e-5c4e-75a6de98b918,KXCABOUT-29-RFK,2026-01-11T09:28:55.971407Z,101.00,0.0600,0.9400,yes
772ed8ca-ebee-47f1-4a5b-4b6279d4374c,KXCABOUT-29-RFK,2026-01-11T09:28:55.971407Z,55.00,0.0600,0.9400,yes
aacb7b25-0fd6-6ced-6824-659463e4610c,KXCABOUT-29-RFK,2026-01-11T05:54:49.939501Z,31.00,0.0600,0.9400,yes
224a9f03-bc62-691c-ac35-cf1654af36ff,KXCABOUT-29-RFK,2026-01-11T02:59:11.328805Z,10.00,0.0400,0.9600,no
6ac393e9-b49a-7af1-d235-a389665c1148,KXCABOUT-29-RFK,2026-01-11T02:58:59.349709Z,10.00,0.0600,0.9400,yes
6f941dc6-bb9a-49cd-4589-c88bcc3ded48,KXCABOUT-29-RFK,2026-01-11T00:48:41.285866Z,104.00,0.0600,0.9400,yes
6cd03b79-e3ee-4f2d-6062-4792d8356180,KXCABOUT-29-RFK,2026-01-11T00:48:41.285866Z,52.00,0.0600,0.9400,yes
9d7fe262-6d76-4441-c19f-78d46e5835dc,KXCABOUT-29-RFK,2026-01-11T00:44:58.818569Z,1.00,0.0600,0.9400,yes
5dae4be2-c67a-4ec9-e178-313d50c16bc4,KXCABOUT-29-RFK,2026-01-11T00:15:50.090698Z,45.00,0.0600,0.9400,yes
089e8710-5888-4f38-fbfc-4ef63993e576,KXCABOUT-29-RFK,2026-01-11T00:15:50.090698Z,2.00,0.0500,0.9500,yes
2a4af3f0-6e14-4d55-7818-29ce5d5cdfa6,KXCABOUT-29-RFK,2026-01-10T23:04:56.737985Z,2.00,0.0600,0.9400,yes
74187424-8166-5743-0192-e68c05e57e61,KXCABOUT-29-RFK,2026-01-10T22:04:08.594771Z,24.00,0.0700,0.9300,yes
3cedf9d9-1cc7-5c8f-2c6c-1993949f081d,KXCABOUT-29-RFK,2026-01-10T22:04:08.594771Z,43.00,0.0700,0.9300,yes
013023fa-7dba-714f-8922-ecd316a7c511,KXCABOUT-29-RFK,2026-01-10T22:00:33.785378Z,40.00,0.0700,0.9300,yes
fe34a2a2-632e-4ba3-b0a2-74f19ae1c72b,KXCABOUT-29-RFK,2026-01-10T17:23:45.926358Z,1.00,0.0600,0.9400,yes
da17d89a-8587-4163-85f7-6d4bbf230499,KXCABOUT-29-RFK,2026-01-10T17:23:45.926358Z,8.00,0.0600,0.9400,yes
c54302b5-ba5c-4d2c-88e1-4e231d19ef03,KXCABOUT-29-RFK,2026-01-10T17:23:45.926358Z,529.00,0.0600,0.9400,yes
a0a0d400-e1c1-4859-83a1-44c15ba24e16,KXCABOUT-29-RFK,2026-01-10T17:23:45.926358Z,78.00,0.0600,0.9400,yes
79565a23-0f94-42e6-b681-e9b179b199a6,KXCABOUT-29-RFK,2026-01-10T17:23:45.926358Z,6.00,0.0600,0.9400,yes
70f2aeeb-fb00-4d48-9ce3-8fab5954cdb5,KXCABOUT-29-RFK,2026-01-10T17:23:45.926358Z,1.00,0.0600,0.9400,yes
11c3a063-49d5-4a9e-8687-98bbc7f54dff,KXCABOUT-29-RFK,2026-01-10T17:23:45.926358Z,471.00,0.0600,0.9400,yes
eca825de-61ec-4bd8-2ab4-fdd55999c14f,KXCABOUT-29-RFK,2026-01-10T07:52:54.630725Z,282.00,0.0500,0.9500,yes
0d74c37c-50ce-43c9-142d-7dfb2641a98e,KXCABOUT-29-RFK,2026-01-10T07:52:54.630725Z,93.00,0.0500,0.9500,yes
d3a12e59-b1fa-749f-ffe1-d1c1ddcd96fb,KXCABOUT-29-RFK,2026-01-10T06:34:25.182399Z,1.00,0.0500,0.9500,yes
acb111f9-709f-7455-c4ba-fe38e025ff3f,KXCABOUT-29-RFK,2026-01-10T06:34:25.182399Z,1.00,0.0500,0.9500,yes
a98bd6c0-df47-7793-d163-02c1cf4dc556,KXCABOUT-29-RFK,2026-01-10T06:34:25.182399Z,1.00,0.0500,0.9500,yes
8953228c-6b02-7c4d-ff21-5259e9a94096,KXCABOUT-29-RFK,2026-01-10T06:34:25.182399Z,7.00,0.0500,0.9500,yes
511b591b-7ef0-7b8e-c365-c7e2c79f3373,KXCABOUT-29-RFK,2026-01-10T06:34:25.182399Z,7.00,0.0500,0.9500,yes
0d9591f3-6791-762e-d693-70df1852ba1b,KXCABOUT-29-RFK,2026-01-10T06:34:25.182399Z,1.00,0.0500,0.9500,yes
d33e71c1-e870-7d9f-d5d3-3bac3f30651f,KXCABOUT-29-RFK,2026-01-10T04:57:15.490991Z,41.00,0.0300,0.9700,no
28415668-e942-76c6-d4d0-fc768f086e4f,KXCABOUT-29-RFK,2026-01-10T04:57:15.490991Z,499.00,0.0300,0.9700,no
462b8c53-a3b0-5b78-400f-6cb75a4ca22a,KXCABOUT-29-RFK,2026-01-10T04:25:22.174034Z,55.00,0.0400,0.9600,yes
3cdacb0a-38dc-5afc-73e4-ef62e7030dd3,KXCABOUT-29-RFK,2026-01-10T04:25:22.174034Z,62.00,0.0400,0.9600,yes
3cdcb21a-a2cc-751c-ad44-47e0594d849a,KXCABOUT-29-RFK,2026-01-10T03:52:11.103623Z,2.00,0.0400,0.9600,yes
42435cd3-3c4b-6b44-4414-abc7d17d7e29,KXCABOUT-29-RFK,2026-01-10T03:34:30.153681Z,1.00,0.0300,0.9700,yes
722e5805-f207-7650-b625-ee16ec0d1aab,KXCABOUT-29-RFK,2026-01-10T03:31:53.754226Z,2000.00,0.0200,0.9800,no
e1a6804d-2e44-5db5-35ce-2abe85120326,KXCABOUT-29-RFK,2026-01-10T03:00:36.515598Z,632.00,0.0400,0.9600,yes
738d6030-27a8-6389-fc4d-b8199b66c92a,KXCABOUT-29-RFK,2026-01-10T01:41:25.14955Z,117.00,0.0400,0.9600,yes
9b35a12d-b9a0-68e5-5740-3df62169873e,KXCABOUT-29-RFK,2026-01-10T01:25:09.014697Z,23.00,0.0400,0.9600,yes
62819b14-0132-5e79-1d60-7cc622d390d1,KXCABOUT-29-RFK,2026-01-09T18:38:07.025164Z,18.00,0.0400,0.9600,yes
069761fa-96fc-5191-2981-9f86f179aa5e,KXCABOUT-29-RFK,2026-01-09T18:38:07.025164Z,5.00,0.0400,0.9600,yes
f8bc68af-ba36-6655-7eeb-f864704a3981,KXCABOUT-29-RFK,2026-01-09T14:41:28.693682Z,10.00,0.0400,0.9600,yes
5b2a68fa-44a2-5245-a838-ef6a1f2f138d,KXCABOUT-29-RFK,2026-01-09T13:12:38.807707Z,2.00,0.0400,0.9600,yes
00105b27-b8a8-59d1-bb30-a2a995f191fb,KXCABOUT-29-RFK,2026-01-09T13:12:38.807707Z,498.00,0.0400,0.9600,yes
c3fedfd3-1468-7759-9c83-aa8df713ea9f,KXCABOUT-29-RFK,2026-01-09T05:59:52.198076Z,2.00,0.0400,0.9600,yes
af032251-f4e6-7ff2-9cf9-34fd07d9727a,KXCABOUT-29-RFK,2026-01-09T05:59:52.198076Z,3.00,0.0400,0.9600,yes
2679e9e2-4d55-558d-1a00-9059bcb35967,KXCABOUT-29-RFK,2026-01-09T00:58:41.845698Z,15.00,0.0300,0.9700,yes
c9150542-1db9-5689-29f2-c83579839e0f,KXCABOUT-29-RFK,2026-01-08T23:30:16.057062Z,113.00,0.0300,0.9700,yes
f2f871bc-8c21-7305-1c55-2611b321127f,KXCABOUT-29-RFK,2026-01-08T23:05:02.429271Z,31.00,0.0300,0.9700,yes
258fc85c-cd5d-51f1-50fe-51199d857de3,KXCABOUT-29-RFK,2026-01-08T21:00:53.995502Z,218.00,0.0300,0.9700,yes
dd2e5336-9af9-7041-4cb7-bf98d1bbbb2b,KXCABOUT-29-RFK,2026-01-08T20:52:21.767933Z,93.00,0.0300,0.9700,yes
23ff2813-7131-40a1-219e-9e2021900bcb,KXCABOUT-29-RFK,2026-01-08T17:47:06.723447Z,31.00,0.0300,0.9700,yes
b31fe354-75ef-6664-e71e-0492d98f30b3,KXCABOUT-29-RFK,2026-01-08T17:45:00.419878Z,401.00,0.0200,0.9800,no
7d72f1ae-32fc-683b-cec8-4a4305b9c95d,KXCABOUT-29-RFK,2026-01-08T17:45:00.419878Z,100.00,0.0200,0.9800,no
4fec9936-9717-69c4-de83-5702cde7b50a,KXCABOUT-29-RFK,2026-01-08T17:45:00.419878Z,25.00,0.0200,0.9800,no
43d13086-df0a-61a0-fdf6-07c720af8c7b,KXCABOUT-29-RFK,2026-01-08T17:45:00.419878Z,5.00,0.0200,0.9800,no
3301d295-7d7b-6745-cabb-6db4a7b4f865,KXCABOUT-29-RFK,2026-01-08T17:45:00.419878Z,2034.00,0.0200,0.9800,no
5de6b146-8ab9-6659-b665-5e5601528b83,KXCABOUT-29-RFK,2026-01-08T14:16:50.985826Z,156.00,0.0300,0.9700,yes
eefd9294-5769-64f5-61e9-485f70894a67,KXCABOUT-29-RFK,2026-01-08T10:50:14.248455Z,31.00,0.0300,0.9700,yes
7bd1a9e5-2dbd-7850-fc87-24851cd3295b,KXCABOUT-29-RFK,2026-01-08T00:43:39.066426Z,117.00,0.0400,0.9600,yes
c3345c55-7ca1-709c-1831-97c89f671adb,KXCABOUT-29-RFK,2026-01-08T00:31:31.359012Z,131.00,0.0400,0.9600,yes
27d04bb3-353c-744d-2ee1-0839e230f368,KXCABOUT-29-RFK,2026-01-08T00:31:31.359012Z,337.00,0.0400,0.9600,yes
3ad2bc8e-1f88-6195-8164-60bbdd8d0b30,KXCABOUT-29-RFK,2026-01-07T21:48:42.00512Z,23.00,0.0400,0.9600,yes
47328c3f-0bb4-6509-cc6f-a5e93e477b18,KXCABOUT-29-RFK,2026-01-07T19:08:11.897773Z,23.00,0.0400,0.9600,yes
504367b0-d45c-5f35-752d-cb6c23e427fc,KXCABOUT-29-RFK,2026-01-07T17:52:33.532136Z,562.00,0.0400,0.9600,yes
a336d933-60b4-7921-0432-eab3f9e986e8,KXCABOUT-29-RFK,2026-01-07T17:24:37.062312Z,18.00,0.0400,0.9600,yes
0bec4d26-c014-7ec0-0da3-9f6ee1cf752a,KXCABOUT-29-RFK,2026-01-07T17:24:37.062312Z,5.00,0.0400,0.9600,yes
04737df6-4798-7f1c-8457-f694561da470,KXCABOUT-29-RFK,2026-01-07T08:28:05.160855Z,4.00,0.0500,0.9500,yes
80a1546f-d31f-7dd8-d769-6cebb3c04c0a,KXCABOUT-29-RFK,2026-01-07T05:21:54.669013Z,42.00,0.0500,0.9500,yes
465ba00b-4f54-78fc-c3d3-9fe8f4777b7c,KXCABOUT-29-RFK,2026-01-07T05:21:54.669013Z,33.00,0.0500,0.9500,yes
e29231f5-cb5f-56d8-e255-be1b1a59443e,KXCABOUT-29-RFK,2026-01-07T04:30:58.95528Z,93.00,0.0500,0.9500,yes
4298fa99-f763-62a8-b5d8-79925b74f0e6,KXCABOUT-29-RFK,2026-01-07T00:23:04.322127Z,187.00,0.0500,0.9500,yes
bd6c9949-a666-538a-ddc5-4c20287aff93,KXCABOUT-29-RFK,2026-01-06T23:30:58.850413Z,10.00,0.0400,0.9600,yes
9906dc19-a088-5211-e739-87a2a8a318d5,KXCABOUT-29-RFK,2026-01-06T23:30:58.850413Z,2.00,0.0400,0.9600,yes
83302335-f1ae-5083-fb07-1e13b9dbb248,KXCABOUT-29-RFK,2026-01-06T23:30:58.850413Z,371.00,0.0400,0.9600,yes
f460d260-7dbe-48d3-feff-bd7f0721d9a5,KXCABOUT-29-RFK,2026-01-06T16:17:43.484041Z,127.00,0.0400,0.9600,yes
4b9022ea-c5ad-469a-dffa-be4fa13c071a,KXCABOUT-29-RFK,2026-01-06T16:17:43.484041Z,341.00,0.0400,0.9600,yes
cd289960-da42-4e17-728d-ff1f211b5019,KXCABOUT-29-RFK,2026-01-06T16:11:14.529955Z,73.00,0.0400,0.9600,yes
85537345-796f-45ca-467c-863b9690c454,KXCABOUT-29-RFK,2026-01-06T16:11:14.529955Z,44.00,0.0400,0.9600,yes
a4e9ce55-e673-62ea-bd4f-f0ae45ce8b18,KXCABOUT-29-RFK,2026-01-06T13:14:52.256286Z,117.00,0.0400,0.9600,yes
c9b6ddba-54c3-49c1-ce54-aa5ec90a7f61,KXCABOUT-29-RFK,2026-01-06T11:01:14.520563Z,69.00,0.0200,0.9800,no
9ffb78ba-5a5b-43c7-ff75-3f1ffde88850,KXCABOUT-29-RFK,2026-01-06T11:01:14.520563Z,1.00,0.0300,0.9700,no
cb0b580a-ed77-7032-176f-755c830510a4,KXCABOUT-29-RFK,2026-01-06T10:15:24.276265Z,468.00,0.0400,0.9600,yes
effed48e-d7b2-4519-4e9e-96f12880952c,KXCABOUT-29-RFK,2026-01-06T09:24:47.315681Z,800.00,0.0400,0.9600,yes
89b8261d-2b9b-427e-69b0-644c2c915818,KXCABOUT-29-RFK,2026-01-06T09:24:47.315681Z,371.00,0.0400,0.9600,yes
9fc7f41e-e0e2-6cc9-9c1a-1015382dff94,KXCABOUT-29-RFK,2026-01-06T03:35:57.593841Z,200.00,0.0400,0.9600,yes
ac526a3d-5281-64d2-35fd-05e15a82b404,KXCABOUT-29-RFK,2026-01-06T01:56:18.09197Z,2.00,0.0400,0.9600,yes
95d0bf67-dee8-6952-3111-dfd02e356986,KXCABOUT-29-RFK,2026-01-06T01:56:18.09197Z,9.00,0.0400,0.9600,yes
3c924403-23bb-6b5c-0cdb-b59e82343eb4,KXCABOUT-29-RFK,2026-01-06T01:56:18.09197Z,12.00,0.0400,0.9600,yes
a69198ae-a673-715d-03bb-196d9bf3eca9,KXCABOUT-29-RFK,2026-01-06T00:19:30.479238Z,21.00,0.0400,0.9600,yes
a4c534b0-cd98-761f-1d4f-a3037fa068eb,KXCABOUT-29-RFK,2026-01-06T00:19:30.479238Z,2.00,0.0400,0.9600,yes
fb45e116-0ccb-5774-33d5-f19ca4ae142e,KXCABOUT-29-RFK,2026-01-05T11:36:08.719507Z,3.00,0.0500,0.9500,yes
59321b33-6c05-5513-1cee-50acab81e0c5,KXCABOUT-29-RFK,2026-01-05T11:36:08.719507Z,15.00,0.0500,0.9500,yes
dcaae66d-d426-6c87-b4e4-9536275b5ad3,KXCABOUT-29-RFK,2026-01-05T05:36:53.598192Z,51.00,0.0500,0.9500,yes
cf827922-2bde-6d4c-9ed9-6d7e7409edc7,KXCABOUT-29-RFK,2026-01-05T05:36:53.598192Z,3.00,0.0500,0.9500,yes
8cc76d45-b02d-629b-a039-bccb24dd5a15,KXCABOUT-29-RFK,2026-01-05T05:36:53.598192Z,11.00,0.0500,0.9500,yes
7766ca0e-7a1c-6081-b04e-57df266139ed,KXCABOUT-29-RFK,2026-01-05T05:36:53.598192Z,3.00,0.0500,0.9500,yes
2ebc7001-05f8-6c02-b04f-01febd3192ed,KXCABOUT-29-RFK,2026-01-05T05:36:53.598192Z,9.00,0.0500,0.9500,yes
27cd0963-14c4-6cca-a621-5c122c8d638f,KXCABOUT-29-RFK,2026-01-05T05:36:53.598192Z,16.00,0.0500,0.9500,yes
e6558b11-5364-40df-0c58-f730ee75430e,KXCABOUT-29-RFK,2026-01-05T05:16:34.607039Z,168.00,0.0400,0.9600,yes
afb40307-f486-49ce-20eb-77667d49feed,KXCABOUT-29-RFK,2026-01-05T05:16:34.607039Z,5.00,0.0400,0.9600,yes
adb07d15-5d2e-4f84-18f5-899615d462f4,KXCABOUT-29-RFK,2026-01-05T05:16:34.607039Z,39.00,0.0400,0.9600,yes
32826aca-631f-419a-0c8a-159a7f7cfbdb,KXCABOUT-29-RFK,2026-01-05T05:16:34.607039Z,709.00,0.0400,0.9600,yes
1a2b0032-184b-4a93-2891-72a95d9318d7,KXCABOUT-29-RFK,2026-01-05T05:16:34.607039Z,1000.00,0.0400,0.9600,yes
0afdf8f6-c8b2-495c-0565-617acb173c91,KXCABOUT-29-RFK,2026-01-05T05:16:34.607039Z,1000.00,0.0400,0.9600,yes
a8d203e5-5210-6c6b-836e-dec069562c4a,KXCABOUT-29-RFK,2026-01-05T02:52:28.994751Z,23.00,0.0400,0.9600,yes
436f27ed-7858-4e4b-9522-26e4c7f9af2e,KXCABOUT-29-RFK,2026-01-05T02:47:16.152393Z,46.00,0.0400,0.9600,yes
68812cb7-95c4-66db-30fe-924d734aa0de,KXCABOUT-29-RFK,2026-01-05T01:18:11.81475Z,30.00,0.0400,0.9600,yes
ccebe6f3-8280-4a9f-4855-d5a03be4bc9e,KXCABOUT-29-RFK,2026-01-04T23:37:20.68783Z,46.00,0.0400,0.9600,yes
1a3b828d-9c4b-4e81-81d2-83bdb95fdca1,KXCABOUT-29-RFK,2026-01-04T20:07:26.712534Z,5.00,0.0200,0.9800,no
f9f30f1c-8338-79f3-dd08-fd27aaa79eee,KXCABOUT-29-RFK,2026-01-04T18:22:40.532983Z,117.00,0.0400,0.9600,yes
dce6d810-1fe8-737b-3dd1-15a1fa1ef54a,KXCABOUT-29-RFK,2026-01-04T16:06:57.490202Z,117.00,0.0400,0.9600,yes
935afadd-d6cc-5b0f-6201-df13970b4e2e,KXCABOUT-29-RFK,2026-01-04T15:42:18.938584Z,468.00,0.0400,0.9600,yes
eb377826-0928-5537-13bb-438e1963367a,KXCABOUT-29-RFK,2026-01-04T11:39:12.178077Z,70.00,0.0400,0.9600,yes
44b8dfe6-2827-7fad-3e0d-1c614a299d69,KXCABOUT-29-RFK,2026-01-04T07:48:09.375232Z,60.00,0.0200,0.9800,no
1ff96fdf-43ec-76d3-1029-517b720de526,KXCABOUT-29-RFK,2026-01-04T04:36:34.82462Z,23.00,0.0400,0.9600,yes
0b9dffbd-5d6c-72e3-4745-176d695d71b2,KXCABOUT-29-RFK,2026-01-04T04:06:07.66669Z,234.00,0.0400,0.9600,yes
b4128d34-ef48-752b-e5d6-f9ca184d2346,KXCABOUT-29-RFK,2026-01-04T02:36:33.990182Z,23.00,0.0400,0.9600,yes
61f95afc-4614-541f-a444-fd1be8d0493a,KXCABOUT-29-RFK,2026-01-04T02:20:44.423481Z,117.00,0.0400,0.9600,yes
cdfda44d-7d90-480f-d866-e68ba34e69ce,KXCABOUT-29-RFK,2026-01-04T00:41:50.537522Z,5.00,0.0400,0.9600,yes
eabdc058-9628-6de7-b197-980dfbfd9386,KXCABOUT-29-RFK,2026-01-04T00:16:19.607802Z,11.00,0.0400,0.9600,yes
b19b2b7b-1b6c-431f-d72d-7d1d6075989e,KXCABOUT-29-RFK,2026-01-03T23:23:26.748084Z,117.00,0.0400,0.9600,yes
2a74f0a2-81e0-659f-6014-66d83d03b6ae,KXCABOUT-29-RFK,2026-01-03T21:09:54.609173Z,46.00,0.0400,0.9600,yes
d72dcf6c-97ac-633f-eb69-da49725e0d52,KXCABOUT-29-RFK,2026-01-03T18:58:58.835434Z,23.00,0.0400,0.9600,yes
e2ef3a98-a500-7e1f-ded2-675f6bf0d93a,KXCABOUT-29-RFK,2026-01-03T16:47:57.651856Z,234.00,0.0400,0.9600,yes
cf2167d6-3f20-4ac7-c575-33feae9ed02a,KXCABOUT-29-RFK,2026-01-03T09:57:09.900318Z,23.00,0.0400,0.9600,yes
f5d9583e-36e9-5249-3541-aecb1de6657e,KXCABOUT-29-RFK,2026-01-03T09:56:57.553427Z,11.00,0.0400,0.9600,yes
7e5c061b-3344-5e93-1750-2e71668fb052,KXCABOUT-29-RFK,2026-01-03T09:56:57.553427Z,59.00,0.0400,0.9600,yes
2284dac5-c727-7075-478d-c2d21ec64a9d,KXCABOUT-29-RFK,2026-01-03T05:15:25.151911Z,7.00,0.0200,0.9800,no
87953ca8-a8c5-6376-f7c8-cc95aa1bfeaf,KXCABOUT-29-RFK,2026-01-03T04:58:42.984574Z,23.00,0.0400,0.9600,yes
7866e95f-faf1-5f76-61f9-868422dc05c3,KXCABOUT-29-RFK,2026-01-03T04:49:29.59064Z,6.00,0.0400,0.9600,yes
6da8bb05-308d-54fb-5a6e-9c77f932c08e,KXCABOUT-29-RFK,2026-01-03T04:49:29.59064Z,15.00,0.0400,0.9600,yes
43b82b85-0f40-5294-40d1-2097b9dad965,KXCABOUT-29-RFK,2026-01-03T04:49:29.59064Z,2.00,0.0400,0.9600,yes
c1a8ed13-e30b-65a5-ed6e-30d360b329c1,KXCABOUT-29-RFK,2026-01-02T21:42:18.607376Z,117.00,0.0200,0.9800,no
e4d3d059-59bd-6093-19c7-61e9cfa54236,KXCABOUT-29-RFK,2026-01-02T20:48:13.896489Z,23.00,0.0400,0.9600,yes
ad8f64e6-96f9-6fef-bf46-faf50cfc445e,KXCABOUT-29-RFK,2026-01-02T20:08:17.860615Z,12.00,0.0400,0.9600,yes
96dac62f-7157-69c5-bf2b-632f1ee8f8a5,KXCABOUT-29-RFK,2026-01-02T20:08:17.860615Z,80.00,0.0400,0.9600,yes
70408632-6f5c-6b1d-9faf-9e679cd26877,KXCABOUT-29-RFK,2026-01-02T20:08:17.860615Z,25.00,0.0400,0.9600,yes
c35d4b2e-4def-4295-d604-2e3cead6d4dd,KXCABOUT-29-RFK,2026-01-02T16:55:31.755217Z,117.00,0.0400,0.9600,yes
d07e0010-008f-7de2-1a58-0bfc2256e6d2,KXCABOUT-29-RFK,2026-01-02T13:58:05.938301Z,20.00,0.0200,0.9800,no
cfe0c1a7-779b-7ad9-07e6-8bfa5bf9cb3d,KXCABOUT-29-RFK,2026-01-02T13:58:05.938301Z,26.00,0.0200,0.9800,no
ce974cca-70a3-73a3-3120-e1d1cd86a01a,KXCABOUT-29-RFK,2026-01-02T13:58:05.938301Z,35.00,0.0200,0.9800,no
bf985f1d-f022-7c27-23ee-065babc7ff5f,KXCABOUT-29-RFK,2026-01-02T13:58:05.938301Z,4.00,0.0200,0.9800,no
39665705-0ae3-74f9-2001-4a750146bbd9,KXCABOUT-29-RFK,2026-01-02T13:58:05.938301Z,208.00,0.0200,0.9800,no
cbb0f2dc-beb2-6b43-8394-4e8f61112866,KXCABOUT-29-RFK,2026-01-02T08:07:30.607485Z,31.00,0.0300,0.9700,yes
b40501e7-3497-6962-bfd6-7d8f40987bc2,KXCABOUT-29-RFK,2026-01-02T08:07:30.607485Z,1000.00,0.0300,0.9700,yes
a93e588b-a191-6c99-b11e-c02bfa3e1d44,KXCABOUT-29-RFK,2026-01-02T08:07:30.607485Z,51.00,0.0300,0.9700,yes
545f7da2-25d2-6874-a244-3dafa5d202f3,KXCABOUT-29-RFK,2026-01-02T08:07:30.607485Z,1000.00,0.0300,0.9700,yes
4665d0c4-7063-650b-bdc0-c6318c035211,KXCABOUT-29-RFK,2026-01-02T08:07:30.607485Z,127.00,0.0300,0.9700,yes
318ddb2d-fa3a-6683-8d9d-f1d21fac7b36,KXCABOUT-29-RFK,2026-01-02T08:07:30.607485Z,1000.00,0.0300,0.9700,yes
1c4f22cd-f3e3-6a89-a06c-6849bde67941,KXCABOUT-29-RFK,2026-01-02T08:07:30.607485Z,934.00,0.0300,0.9700,yes
999d4a39-acdb-7f05-92cf-02c9787e18c1,KXCABOUT-29-RFK,2026-01-02T05:00:17.551132Z,6.00,0.0300,0.9700,yes
cc831596-2812-5877-786e-f8f560ddc7ba,KXCABOUT-29-RFK,2026-01-01T22:52:51.49182Z,96.00,0.0300,0.9700,yes
65bf872b-114f-5509-528e-947160a5253d,KXCABOUT-29-RFK,2026-01-01T22:52:51.49182Z,60.00,0.0300,0.9700,yes
57ddd847-502e-71fb-779e-5a48632f61f2,KXCABOUT-29-RFK,2026-01-01T21:51:03.252446Z,31.00,0.0300,0.9700,yes
ecc90659-1066-52bf-b25e-c15520bc9376,KXCABOUT-29-RFK,2026-01-01T17:52:33.784627Z,249.00,0.0300,0.9700,yes
d940a22e-8596-602b-eaa3-9c0dd84e91a6,KXCABOUT-29-RFK,2026-01-01T04:47:28.289431Z,156.00,0.0300,0.9700,yes
7bd0ba22-325e-5cc3-235f-13d94f064282,KXCABOUT-29-RFK,2026-01-01T02:59:35.177379Z,156.00,0.0300,0.9700,yes
f873b549-f3ea-692f-b87d-c301dacfd4ae,KXCABOUT-29-RFK,2025-12-31T18:19:18.987364Z,31.00,0.0300,0.9700,yes
8126c1cf-3874-482b-6ba6-7c7eb8bbcac5,KXCABOUT-29-RFK,2025-12-31T08:09:29.428375Z,31.00,0.0300,0.9700,yes
46743629-773a-4103-5bdf-45d2f0e94f8e,KXCABOUT-29-RFK,2025-12-31T08:09:29.428375Z,281.00,0.0300,0.9700,yes
9eb2a132-2668-5913-4142-642d98826e7d,KXCABOUT-29-RFK,2025-12-31T07:10:02.355301Z,200.00,0.0300,0.9700,yes
f947fbb5-a3ec-7af9-bd42-87c3beac38ca,KXCABOUT-29-RFK,2025-12-31T07:02:46.595013Z,488.00,0.0300,0.9700,yes
1f6bf64f-7bb4-7137-848f-a7f5ce64a37d,KXCABOUT-29-RFK,2025-12-31T07:02:46.595013Z,769.00,0.0300,0.9700,yes
f3526abe-54c0-51b1-1fdd-fd587dc1eba6,KXCABOUT-29-RFK,2025-12-31T01:20:24.268739Z,31.00,0.0300,0.9700,yes
f78a8f16-ab00-6b19-7ce5-4ea732809e02,KXCABOUT-29-RFK,2025-12-30T19:54:01.971594Z,156.00,0.0300,0.9700,yes
87efd3e9-c624-629d-faf3-e880f1e3d926,KXCABOUT-29-RFK,2025-12-30T19:53:26.601508Z,1.00,0.0300,0.9700,yes
3ede7786-c488-5b79-d423-7ea0fec17cf6,KXCABOUT-29-RFK,2025-12-29T23:08:09.188554Z,156.00,0.0300,0.9700,yes
bbf93403-9018-6c75-f3ac-c2ba53248942,KXCABOUT-29-RFK,2025-12-29T17:02:33.932602Z,31.00,0.0300,0.9700,yes
e3fcd165-d4d7-4b47-c52d-635cf88c84da,KXCABOUT-29-RFK,2025-12-29T12:12:12.710927Z,18.00,0.0200,0.9800,no
d92a1664-aeed-4a8f-ed73-c81477a0b523,KXCABOUT-29-RFK,2025-12-29T12:12:12.710927Z,4.00,0.0200,0.9800,no
d171afe9-a24f-432d-f57d-48f9267958b9,KXCABOUT-29-RFK,2025-12-29T12:12:12.710927Z,88.00,0.0200,0.9800,no
ca2b81ad-041c-4d75-e9ab-8255aca16bb5,KXCABOUT-29-RFK,2025-12-29T12:12:12.710927Z,5.00,0.0200,0.9800,no
6d3debc6-a6c8-4136-fe13-3618a2c902c6,KXCABOUT-29-RFK,2025-12-29T12:12:12.710927Z,500.00,0.0200,0.9800,no
55a765a2-cd6e-424d-d7e1-5c1fbab003f1,KXCABOUT-29-RFK,2025-12-29T12:12:12.710927Z,7.00,0.0200,0.9800,no
1db65a00-f437-44aa-d03d-9ee3e53a5c37,KXCABOUT-29-RFK,2025-12-29T12:12:12.710927Z,2.00,0.0200,0.9800,no
bc320b14-b034-6ab9-4af6-156765862322,KXCABOUT-29-RFK,2025-12-29T03:00:05.90065Z,137.00,0.0300,0.9700,yes
7255b4e6-e421-682a-71c0-04d8262c9407,KXCABOUT-29-RFK,2025-12-29T03:00:05.90065Z,643.00,0.0300,0.9700,yes
62375b38-f34d-67de-a927-40bbef838317,KXCABOUT-29-RFK,2025-12-28T03:25:36.778268Z,146.00,0.0300,0.9700,yes
dd58e626-cb7d-6ef6-c430-f77959f3822b,KXCABOUT-29-RFK,2025-12-28T00:28:31.402563Z,156.00,0.0300,0.9700,yes
e0cfba38-c75d-4b1a-ceb9-f5f38f8022c7,KXCABOUT-29-RFK,2025-12-27T22:50:39.493241Z,1.00,0.0300,0.9700,yes
e84022a6-8c15-6eae-ec35-5d7964e8966f,KXCABOUT-29-RFK,2025-12-27T20:52:44.360384Z,54.00,0.0300,0.9700,yes
7a898c87-62cd-6b69-d119-2b1657bbbc31,KXCABOUT-29-RFK,2025-12-27T20:52:44.360384Z,39.00,0.0300,0.9700,yes
7fe6e87c-6ed5-6705-f707-cfe0797e47cd,KXCABOUT-29-RFK,2025-12-27T20:52:30.055798Z,31.00,0.0300,0.9700,yes
86c73baf-fb1b-5471-ba91-d7c9fb0d9a75,KXCABOUT-29-RFK,2025-12-26T22:54:01.403107Z,18.00,0.0200,0.9800,no
f06aa2d7-81e6-73ef-aa97-087af031f832,KXCABOUT-29-RFK,2025-12-26T03:41:42.886021Z,2.00,0.0300,0.9700,no
518e27e1-df17-5aa4-b7fc-2732146ee5cb,KXCABOUT-29-RFK,2025-12-25T22:46:20.206903Z,117.00,0.0400,0.9600,yes
496c3e2a-ba57-4a74-2acc-029925ddf52b,KXCABOUT-29-RFK,2025-12-25T13:51:26.376002Z,23.00,0.0400,0.9600,yes
112dd9af-3bb7-5ca4-dffa-0b64cf4f5d07,KXCABOUT-29-RFK,2025-12-25T13:33:24.223227Z,41.00,0.0400,0.9600,yes
ea9e7319-a07d-41e0-de74-c2ab576a0e53,KXCABOUT-29-RFK,2025-12-25T12:08:47.261028Z,1.00,0.0300,0.9700,no
1dc26a87-4a03-41e3-f6a3-41487242955c,KXCABOUT-29-RFK,2025-12-25T12:08:47.261028Z,64.00,0.0300,0.9700,no
50142f99-a2cb-4b44-8ea6-662aae78cf43,KXCABOUT-29-RFK,2025-12-25T10:48:56.158388Z,23.00,0.0400,0.9600,yes
705b4c1f-34d3-6bf8-6374-a8c9854381eb,KXCABOUT-29-RFK,2025-12-25T10:48:18.4265Z,42.00,0.0400,0.9600,yes
8b0a373e-051f-7e44-0157-2866853aee8f,KXCABOUT-29-RFK,2025-12-25T07:08:01.011281Z,117.00,0.0400,0.9600,yes
c6240d18-4857-7bd9-1b54-e242d9630e89,KXCABOUT-29-RFK,2025-12-24T05:55:44.322113Z,17.00,0.0200,0.9800,no
c0608c20-fb27-76d6-3917-fbcd34b7db53,KXCABOUT-29-RFK,2025-12-24T05:55:44.322113Z,1.00,0.0300,0.9700,no
1132371e-73b6-4a10-4169-522b6afef21c,KXCABOUT-29-RFK,2025-12-24T02:05:50.743426Z,1.00,0.0300,0.9700,no
0bd00074-5073-62a0-38fb-4cd583f50053,KXCABOUT-29-RFK,2025-12-23T21:11:04.051537Z,234.00,0.0400,0.9600,yes
b7e33200-fb3b-4389-000e-7134df608845,KXCABOUT-29-RFK,2025-12-23T16:15:36.757718Z,277.00,0.0200,0.9800,no
1af6b71a-0696-435f-09a0-be62a1cf4aa8,KXCABOUT-29-RFK,2025-12-23T16:15:36.757718Z,3.00,0.0300,0.9700,no
4de7eefc-34c2-4d75-d97a-61c6fd76ac2e,KXCABOUT-29-RFK,2025-12-23T01:38:10.96138Z,6.00,0.0300,0.9700,no
5bab70a8-9e47-5470-727a-0db5f4478357,KXCABOUT-29-RFK,2025-12-22T10:28:27.752291Z,100.00,0.0400,0.9600,yes
f8b3c77a-122d-5924-46a7-5d9aef067fb1,KXCABOUT-29-RFK,2025-12-22T03:43:41.666106Z,3.00,0.0300,0.9700,no
f19da873-ccb0-732b-65d4-6c124810e9a5,KXCABOUT-29-RFK,2025-12-22T02:09:26.867452Z,3.00,0.0300,0.9700,no
b5b42bd8-a328-76a6-6b13-93591cc6f053,KXCABOUT-29-RFK,2025-12-22T02:09:26.867452Z,51.00,0.0300,0.9700,no
2032babd-3725-7e6d-6ed2-1bc44fac7af5,KXCABOUT-29-RFK,2025-12-22T02:09:26.867452Z,11.00,0.0300,0.9700,no
0abf58a9-5bc5-79cc-73f0-914de79dd5bd,KXCABOUT-29-RFK,2025-12-22T02:09:26.867452Z,122.00,0.0300,0.9700,no
6f5a4a54-764b-6674-b857-ce45b1e43d6f,KXCABOUT-29-RFK,2025-12-21T23:55:42.749234Z,234.00,0.0400,0.9600,yes
a191ccae-f1f3-6c18-3117-abfa4a687ef7,KXCABOUT-29-RFK,2025-12-21T21:47:56.923013Z,6.00,0.0400,0.9600,yes
074e1fb5-8085-6cc3-27b9-173d32865ca5,KXCABOUT-29-RFK,2025-12-21T21:47:56.923013Z,12.00,0.0400,0.9600,yes
6a6d5cea-deb1-7ff3-693a-7d6c2a6eb6b5,KXCABOUT-29-RFK,2025-12-21T17:54:13.214819Z,117.00,0.0400,0.9600,yes
38cd80f5-3769-62ab-ef8c-680111e8a851,KXCABOUT-29-RFK,2025-12-21T16:41:03.998048Z,117.00,0.0400,0.9600,yes
f3cd3efb-a680-40b2-a236-98e40015e823,KXCABOUT-29-RFK,2025-12-21T14:50:27.967836Z,19.00,0.0300,0.9700,no
b5a1dcf5-7682-4b4d-80b1-6ff3b4f8a825,KXCABOUT-29-RFK,2025-12-21T14:50:27.967836Z,22.00,0.0300,0.9700,no
1ef79291-8c65-604f-aa52-1cc313fa14bd,KXCABOUT-29-RFK,2025-12-21T09:19:14.755519Z,18.00,0.0400,0.9600,yes
68871fc3-007d-5a97-fc6a-31de35befc55,KXCABOUT-29-RFK,2025-12-21T04:47:56.158153Z,234.00,0.0400,0.9600,yes
5c8b9463-4d61-53c3-fd6b-4d3025461b59,KXCABOUT-29-RFK,2025-12-21T04:24:49.303978Z,23.00,0.0400,0.9600,yes
685c1f01-6b25-6f67-b8b5-3c7db3510f79,KXCABOUT-29-RFK,2025-12-20T20:41:29.85243Z,234.00,0.0400,0.9600,yes
320f76b3-3bbd-68f3-ea9d-66933c9769fd,KXCABOUT-29-RFK,2025-12-20T16:43:17.270869Z,23.00,0.0400,0.9600,yes
9279ad7c-d185-47a7-9d50-9600cca410e9,KXCABOUT-29-RFK,2025-12-20T15:15:59.607413Z,117.00,0.0400,0.9600,yes
20c9602a-5369-5117-7fe1-cff4e8f52fa9,KXCABOUT-29-RFK,2025-12-20T06:18:21.654931Z,23.00,0.0400,0.9600,yes
9096caff-f565-6f9b-11fc-1b1f738ed8f5,KXCABOUT-29-RFK,2025-12-20T04:46:58.150266Z,82.00,0.0400,0.9600,yes
50c1d97f-c183-6747-2a14-243d0ed3aba4,KXCABOUT-29-RFK,2025-12-20T04:46:58.150266Z,37.00,0.0400,0.9600,yes
cb4640e9-27ef-41ab-8f80-9149c9f339bc,KXCABOUT-29-RFK,2025-12-20T04:35:35.768598Z,23.00,0.0400,0.9600,yes
88970c5c-69b7-6d6f-871b-9aeb77dd7574,KXCABOUT-29-RFK,2025-12-20T03:19:38.109327Z,2.00,0.0400,0.9600,yes
a09ad658-ae7b-5527-596b-bf0756875b28,KXCABOUT-29-RFK,2025-12-19T18:13:29.997597Z,35.00,0.0400,0.9600,yes
0a1de238-52e8-562e-6e29-55b603698918,KXCABOUT-29-RFK,2025-12-19T18:13:29.997597Z,35.00,0.0400,0.9600,yes
f9b1a52d-1067-4e80-280d-55962da1e9f3,KXCABOUT-29-RFK,2025-12-19T17:06:46.6706Z,25.00,0.0300,0.9700,no
d2ced2e8-78cc-4d59-1ea8-9a76b140f0cb,KXCABOUT-29-RFK,2025-12-19T17:06:46.6706Z,80.00,0.0300,0.9700,no
cf65aebc-c0da-43cd-13ba-b606d0be3dde,KXCABOUT-29-RFK,2025-12-19T17:06:46.6706Z,2.00,0.0300,0.9700,no
8dcc565c-26db-45ae-39c2-417d20319f6f,KXCABOUT-29-RFK,2025-12-19T17:06:46.6706Z,4.00,0.0300,0.9700,no
8973cd02-1988-4476-3b1e-ce8ed0a38c59,KXCABOUT-29-RFK,2025-12-19T17:06:46.6706Z,20.00,0.0300,0.9700,no
4861450a-c3cc-43cc-0ac6-e49d4e3a1918,KXCABOUT-29-RFK,2025-12-19T17:06:46.6706Z,10.00,0.0300,0.9700,no
441e65b8-fa34-40e9-13c6-a9f33295718b,KXCABOUT-29-RFK,2025-12-19T17:06:46.6706Z,14.00,0.0300,0.9700,no
9cafebaa-3665-6a46-d5bd-23835d03586e,KXCABOUT-29-RFK,2025-12-19T14:54:26.578839Z,32.00,0.0500,0.9500,yes
6c801cb0-4a8a-6768-d858-23f0c43ee1bd,KXCABOUT-29-RFK,2025-12-19T14:54:26.578839Z,5.00,0.0500,0.9500,yes
a5ec9584-64fa-6aa8-b729-dd536f0c8489,KXCABOUT-29-RFK,2025-12-19T05:36:07.148516Z,3.00,0.0500,0.9500,yes
813c0118-722c-62c9-a1c3-b7d22c7882c3,KXCABOUT-29-RFK,2025-12-19T05:36:07.148516Z,7.00,0.0500,0.9500,yes
408ffb0b-5be8-6bc8-90ea-3b3629c331f0,KXCABOUT-29-RFK,2025-12-19T05:36:07.148516Z,8.00,0.0500,0.9500,yes
f7e2ceef-44e6-4f63-669d-9cc15f85ce5d,KXCABOUT-29-RFK,2025-12-19T00:43:47.365373Z,2.00,0.0300,0.9700,no
3506ba88-ff97-4b26-4a73-5d471cddb001,KXCABOUT-29-RFK,2025-12-19T00:43:47.365373Z,105.00,0.0300,0.9700,no
f09bdf74-a450-64c8-4a97-f1543cfc1077,KXCABOUT-29-RFK,2025-12-19T00:26:53.67849Z,244.00,0.0300,0.9700,no
8d68de07-62d1-626b-6f5b-733bc7fcdb6d,KXCABOUT-29-RFK,2025-12-19T00:26:53.67849Z,8.00,0.0300,0.9700,no
7a672611-5013-64ae-5349-1ac9e5d80e29,KXCABOUT-29-RFK,2025-12-19T00:26:53.67849Z,60.00,0.0300,0.9700,no
fac78bd8-ceba-74c8-5639-4b429f8b2fda,KXCABOUT-29-RFK,2025-12-19T00:19:38.927837Z,33.00,0.0500,0.9500,yes
de65aa0b-3abb-7b97-680e-83a62c24f875,KXCABOUT-29-RFK,2025-12-19T00:19:38.927837Z,1.00,0.0500,0.9500,yes
db86481f-5420-77af-4d68-e48b9db63123,KXCABOUT-29-RFK,2025-12-19T00:19:38.927837Z,11.00,0.0600,0.9400,yes
b3701075-8df3-7e58-6dfe-c656f5c3f999,KXCABOUT-29-RFK,2025-12-19T00:19:38.927837Z,62.00,0.0600,0.9400,yes
57707881-5479-7954-71b9-35ef2b5371fe,KXCABOUT-29-RFK,2025-12-19T00:19:38.927837Z,76.00,0.0500,0.9500,yes
1d25679a-e353-7fbc-6c4e-415cb5fae6cd,KXCABOUT-29-RFK,2025-12-19T00:19:38.927837Z,147.00,0.0600,0.9400,yes
a3767197-f599-4a63-ee6c-c0a0f989e970,KXCABOUT-29-RFK,2025-12-18T21:10:59.317801Z,15.00,0.0500,0.9500,yes
65ded12c-c7a7-492c-c4fd-c226ed60ccc8,KXCABOUT-29-RFK,2025-12-18T21:10:59.317801Z,3.00,0.0500,0.9500,yes
069de136-6939-45c7-b2be-0352d21aca09,KXCABOUT-29-RFK,2025-12-18T20:04:40.898675Z,6.00,0.0300,0.9700,no
03b97512-0b17-74c8-8ae0-4702af929001,KXCABOUT-29-RFK,2025-12-18T17:39:59.846401Z,11.00,0.0600,0.9400,yes
f5d8cc18-a36f-47a4-3bdc-d7625adc7171,KXCABOUT-29-RFK,2025-12-18T04:11:59.699298Z,19.00,0.0400,0.9600,no
ea9e9def-736b-4572-0ff9-dc181bb81dc0,KXCABOUT-29-RFK,2025-12-18T04:11:59.699298Z,89.00,0.0400,0.9600,no
b3abdc76-6bfb-418c-23e5-2376fcc0558f,KXCABOUT-29-RFK,2025-12-18T04:11:59.699298Z,136.00,0.0300,0.9700,no
859ece8e-4001-414b-2c39-c622b586b5b5,KXCABOUT-29-RFK,2025-12-18T04:11:59.699298Z,82.00,0.0300,0.9700,no
90cab546-1ef2-4a20-1644-2351952eab3b,KXCABOUT-29-RFK,2025-12-18T03:31:14.188333Z,1.00,0.0600,0.9400,yes
592cfae1-46ce-4d5b-24a2-36533e62de18,KXCABOUT-29-RFK,2025-12-18T03:31:14.188333Z,29.00,0.0600,0.9400,yes
4b912de9-8e53-49e2-1869-24a8207492fd,KXCABOUT-29-RFK,2025-12-18T03:31:14.188333Z,3.00,0.0600,0.9400,yes
279b85b9-f5b1-4042-3337-b1c802c10e17,KXCABOUT-29-RFK,2025-12-18T03:31:14.188333Z,1.00,0.0600,0.9400,yes
107ce73a-6d1b-42e8-1bd1-82381a8a67b9,KXCABOUT-29-RFK,2025-12-18T03:31:14.188333Z,122.00,0.0600,0.9400,yes
a737ee52-0113-6103-5e3c-edf2b57f5d4d,KXCABOUT-29-RFK,2025-12-18T02:10:59.248321Z,255.00,0.0400,0.9600,no
9aec0c0a-c1d7-6396-49ad-016f9531e23b,KXCABOUT-29-RFK,2025-12-18T02:10:59.248321Z,17.00,0.0400,0.9600,no
9a688f5f-e32d-66ce-73bf-225195e25947,KXCABOUT-29-RFK,2025-12-18T02:10:59.248321Z,14.00,0.0300,0.9700,no
8ac2a5e9-1e3f-62e8-5543-53f9b81edc6b,KXCABOUT-29-RFK,2025-12-18T02:10:59.248321Z,71.00,0.0300,0.9700,no
2c53f2df-a1b3-6f2b-74ce-6ea3962e3e75,KXCABOUT-29-RFK,2025-12-18T02:10:59.248321Z,5.00,0.0300,0.9700,no
2716786f-cc70-6c4f-40ee-d9501c8e69d3,KXCABOUT-29-RFK,2025-12-18T02:10:59.248321Z,8.00,0.0400,0.9600,no
05670399-e3d0-6dc3-604e-90a9630ac103,KXCABOUT-29-RFK,2025-12-18T02:10:59.248321Z,10.00,0.0400,0.9600,no
f30e365b-a834-4947-bd4a-00f45757b70c,KXCABOUT-29-RFK,2025-12-18T00:07:21.288178Z,1000.00,0.0500,0.9500,yes
989ea5e2-0847-4d72-a3dd-0ada2bf3ed4d,KXCABOUT-29-RFK,2025-12-18T00:07:21.288178Z,1000.00,0.0500,0.9500,yes
9378fc26-1a32-4982-b320-455e06c0ea52,KXCABOUT-29-RFK,2025-12-18T00:07:21.288178Z,34.00,0.0500,0.9500,yes
5b318bce-e679-47a8-a222-b15a804f06c7,KXCABOUT-29-RFK,2025-12-18T00:07:21.288178Z,24.00,0.0500,0.9500,yes
4e9c5727-b022-4125-8afd-58ee2c567097,KXCABOUT-29-RFK,2025-12-18T00:07:21.288178Z,123.00,0.0500,0.9500,yes
aded5408-7e03-59ed-2d43-e97c115e9cc7,KXCABOUT-29-RFK,2025-12-17T22:20:42.418351Z,6.00,0.0500,0.9500,yes
be99b886-1554-41da-f726-a245f33dd761,KXCABOUT-29-RFK,2025-12-17T20:46:43.482045Z,19.00,0.0400,0.9600,no
631cc18c-6978-4b17-fcaa-76ebc799d393,KXCABOUT-29-RFK,2025-12-17T20:46:43.482045Z,33.00,0.0500,0.9500,no
54ed8427-d9a4-4bc2-e26f-be68d4f19bc4,KXCABOUT-29-RFK,2025-12-17T20:46:43.482045Z,31.00,0.0400,0.9600,no
909c9df1-1ad2-4f0e-851b-29ba2df5e920,KXCABOUT-29-RFK,2025-12-17T20:43:59.857176Z,1.00,0.0500,0.9500,yes
a5f843a8-6587-443d-1874-1fa743365780,KXCABOUT-29-RFK,2025-12-17T15:06:56.323429Z,22.00,0.0600,0.9400,yes
d0a54f78-59b7-7dcd-bc18-0cfb3c0fc5f4,KXCABOUT-29-RFK,2025-12-17T12:19:49.53191Z,326.00,0.0600,0.9400,yes
9371b6ce-f68f-46bd-80a5-4987adca07e8,KXCABOUT-29-RFK,2025-12-17T09:36:44.705428Z,15.00,0.0600,0.9400,yes
91863779-9147-7f31-e820-cce46b8f938c,KXCABOUT-29-RFK,2025-12-17T07:13:15.854624Z,155.00,0.0600,0.9400,yes
1838cccd-6df3-5d9d-a1a7-5aceedc7bf18,KXCABOUT-29-RFK,2025-12-17T06:08:03.972195Z,31.00,0.0600,0.9400,yes
a9cd4551-ce13-4b75-8933-7dc4666e7ec4,KXCABOUT-29-RFK,2025-12-17T05:13:53.111899Z,312.00,0.0600,0.9400,yes
01d53ac9-086f-4de1-4156-9dc5c88e00e0,KXCABOUT-29-RFK,2025-12-17T05:04:52.42593Z,15.00,0.0600,0.9400,yes
2ad43ab7-c8b3-5bbd-757c-94bf45e01f04,KXCABOUT-29-RFK,2025-12-17T04:57:21.153277Z,1.00,0.0600,0.9400,yes
af9a5a65-9edf-4e2b-80fc-f80df9aa3a4d,KXCABOUT-29-RFK,2025-12-17T04:15:57.910034Z,4.00,0.0300,0.9700,no
dd427db9-7f9c-5405-8c6f-da256357aa5e,KXCABOUT-29-RFK,2025-12-17T01:45:53.819559Z,7.00,0.0600,0.9400,yes
dab5201d-d7aa-5865-a610-b12bb8fedf45,KXCABOUT-29-RFK,2025-12-17T01:45:53.819559Z,1.00,0.0500,0.9500,yes
cf2453a2-e531-5eda-90b4-de7f01e25efc,KXCABOUT-29-RFK,2025-12-17T01:45:53.819559Z,4.00,0.0600,0.9400,yes
c54320ad-5b47-51a4-b4ee-eba3ebaf1999,KXCABOUT-29-RFK,2025-12-17T01:45:53.819559Z,10.00,0.0700,0.9300,yes
84b868ad-5ab1-569c-84fa-9d529ce930ea,KXCABOUT-29-RFK,2025-12-17T01:45:53.819559Z,4.00,0.0500,0.9500,yes
6bae8326-f2da-5285-aaf5-90aca94c428f,KXCABOUT-29-RFK,2025-12-17T01:45:53.819559Z,7.00,0.0600,0.9400,yes
25a93861-816d-510b-ac70-36db629a6812,KXCABOUT-29-RFK,2025-12-17T01:45:53.819559Z,296.00,0.0700,0.9300,yes
13cb6229-93da-5a70-a78a-4b95e458eff2,KXCABOUT-29-RFK,2025-12-17T01:45:53.819559Z,13.00,0.0500,0.9500,yes
5e7fe7ba-15f3-6823-df71-73d9ca9f00d1,KXCABOUT-29-RFK,2025-12-16T22:34:21.94244Z,91.00,0.0300,0.9700,no
b4dd2475-cb4a-7549-9d90-ad5ca7946b63,KXCABOUT-29-RFK,2025-12-16T22:03:08.370201Z,21.00,0.0500,0.9500,yes
6104f558-2c72-7f08-bacc-b3cef480386e,KXCABOUT-29-RFK,2025-12-16T22:03:08.370201Z,2.00,0.0500,0.9500,yes
e43eccc3-1a81-58cf-9a63-a6495a5213f2,KXCABOUT-29-RFK,2025-12-16T22:02:29.508776Z,1000.00,0.0500,0.9500,yes
cc76c41f-bd0c-5235-9bc6-8d28e6e796fb,KXCABOUT-29-RFK,2025-12-16T22:02:29.508776Z,29.00,0.0500,0.9500,yes
cc502eed-0360-586e-a916-a9be1e2ddd29,KXCABOUT-29-RFK,2025-12-16T22:02:29.508776Z,223.00,0.0500,0.9500,yes
b600d28a-0662-5c92-be7c-e975c3a472ce,KXCABOUT-29-RFK,2025-12-16T22:02:29.508776Z,81.00,0.0500,0.9500,yes
a5bd14f4-f4e7-5465-b06b-4606a92b07da,KXCABOUT-29-RFK,2025-12-16T22:02:29.508776Z,276.00,0.0500,0.9500,yes
8e64c011-5fce-5138-af99-e03aebf55e58,KXCABOUT-29-RFK,2025-12-16T22:02:29.508776Z,51.00,0.0500,0.9500,yes
7ab34b33-1784-52db-a06f-0a5a5597a4e6,KXCABOUT-29-RFK,2025-12-16T22:02:29.508776Z,12.00,0.0500,0.9500,yes
778627d9-d72e-5470-8506-9ceeef87d984,KXCABOUT-29-RFK,2025-12-16T22:02:29.508776Z,43.00,0.0500,0.9500,yes
662aff4a-aa6e-5a00-8ba9-d05bc35e9c48,KXCABOUT-29-RFK,2025-12-16T22:02:29.508776Z,992.00,0.0500,0.9500,yes
45262b7b-f3ed-5a10-b64b-febfc6bba2d3,KXCABOUT-29-RFK,2025-12-16T22:02:29.508776Z,1000.00,0.0500,0.9500,yes
367d6398-e20a-563e-bae8-b1c08eb3a9a5,KXCABOUT-29-RFK,2025-12-16T22:02:29.508776Z,6.00,0.0500,0.9500,yes
2028eec0-ef36-51fe-b2c1-d522e40b7eeb,KXCABOUT-29-RFK,2025-12-16T22:02:29.508776Z,884.00,0.0500,0.9500,yes
db0ba139-1da4-74ae-833f-745fb96e625d,KXCABOUT-29-RFK,2025-12-16T20:55:29.714308Z,93.00,0.0500,0.9500,yes
6dae0bde-4642-6bd2-4f62-439400ff38fb,KXCABOUT-29-RFK,2025-12-16T19:54:16.089197Z,1.00,0.0400,0.9600,yes
1030a42d-41da-76c6-a4ce-0456fd18073f,KXCABOUT-29-RFK,2025-12-16T19:36:01.125612Z,23.00,0.0400,0.9600,yes
a8dedc4e-2f32-5736-d21f-94b16b350a2f,KXCABOUT-29-RFK,2025-12-16T19:34:23.602446Z,46.00,0.0400,0.9600,yes
f2ae2a73-16ee-5f82-1654-02f630ece5db,KXCABOUT-29-RFK,2025-12-16T18:30:20.759042Z,23.00,0.0400,0.9600,yes
3a6fdade-34d6-660e-a98e-507c376d688f,KXCABOUT-29-RFK,2025-12-16T17:30:41.360952Z,23.00,0.0400,0.9600,yes
ec644edd-3098-6d11-9e73-30f0c2dfa2e5,KXCABOUT-29-RFK,2025-12-16T16:31:07.280744Z,9.00,0.0400,0.9600,no
d2120b2b-107a-6291-8d23-29059d872237,KXCABOUT-29-RFK,2025-12-16T16:31:07.280744Z,463.00,0.0300,0.9700,no
7e45f007-ed94-6e40-ab9a-23b91d2e2fae,KXCABOUT-29-RFK,2025-12-16T16:31:07.280744Z,20.00,0.0300,0.9700,no
3f9a1624-7a7e-6e35-a701-da74a0e7288e,KXCABOUT-29-RFK,2025-12-16T16:31:07.280744Z,452.00,0.0300,0.9700,no
021ed487-b8f3-6fce-8459-fb68331a7145,KXCABOUT-29-RFK,2025-12-16T16:31:07.280744Z,56.00,0.0300,0.9700,no
d9daf145-2e40-761e-7682-c6bf95114721,KXCABOUT-29-RFK,2025-12-16T15:48:35.087919Z,9.00,0.0500,0.9500,yes
a6d7db11-13db-7cdf-20a2-0d17e84b79e4,KXCABOUT-29-RFK,2025-12-16T03:05:12.673648Z,43.00,0.0400,0.9600,no
885dfbb2-f18a-723d-2dba-93bb09a55d86,KXCABOUT-29-RFK,2025-12-16T03:05:12.673648Z,32.00,0.0300,0.9700,no
382b157a-5985-7e74-37fe-c6113104e24c,KXCABOUT-29-RFK,2025-12-16T03:05:12.673648Z,18.00,0.0400,0.9600,no
c94c5dcb-b664-5f02-db7d-0953ab201471,KXCABOUT-29-RFK,2025-12-16T02:17:02.488035Z,93.00,0.0500,0.9500,yes
90d07be9-47dc-412e-81fe-1ffd2d85cc35,KXCABOUT-29-RFK,2025-12-16T01:18:19.113298Z,187.00,0.0500,0.9500,yes
be8acd8a-a9a4-77c2-3648-d11a372f27f9,KXCABOUT-29-RFK,2025-12-16T00:34:33.678201Z,168.00,0.0500,0.9500,yes
489bc0d8-9b17-64c6-c618-46639430f4b5,KXCABOUT-29-RFK,2025-12-16T00:14:25.905293Z,43.00,0.0400,0.9600,no
462af4fe-5c0b-6eda-cc7a-01a5725b793d,KXCABOUT-29-RFK,2025-12-16T00:14:25.905293Z,11.00,0.0400,0.9600,no
201e6a9a-bc3e-621d-e595-9aa12641fff2,KXCABOUT-29-RFK,2025-12-16T00:14:25.905293Z,8.00,0.0300,0.9700,no
2a468ec1-e084-7646-7e15-797452c5a189,KXCABOUT-29-RFK,2025-12-15T16:37:15.204302Z,18.00,0.0500,0.9500,yes
efe7bd0f-8eb4-6872-0208-22bf08c1fc45,KXCABOUT-29-RFK,2025-12-15T04:14:33.712416Z,18.00,0.0500,0.9500,yes
0b75f3bb-ab60-4e66-2329-d2358c52f1b5,KXCABOUT-29-RFK,2025-12-15T03:56:06.454089Z,18.00,0.0500,0.9500,yes
f97bf67f-d53c-75f6-b081-711605b1d591,KXCABOUT-29-RFK,2025-12-15T02:41:47.568467Z,18.00,0.0500,0.9500,yes
23514e34-b5f4-6f86-ee71-319c78f42ba1,KXCABOUT-29-RFK,2025-12-14T20:38:54.117124Z,18.00,0.0500,0.9500,yes
e2c8b4a4-356c-5bed-7880-98cac91f4a8a,KXCABOUT-29-RFK,2025-12-14T02:34:38.440043Z,2.00,0.0500,0.9500,yes
4737c0fa-e710-5882-7c92-f2cab085f0bd,KXCABOUT-29-RFK,2025-12-14T02:34:38.440043Z,137.00,0.0500,0.9500,yes
3af6a974-f051-5238-6ad7-86aecaba467b,KXCABOUT-29-RFK,2025-12-14T02:34:38.440043Z,15.00,0.0500,0.9500,yes
018a110b-e2cf-5537-7713-8a8908998f05,KXCABOUT-29-RFK,2025-12-14T02:34:38.440043Z,29.00,0.0500,0.9500,yes
0a7aa5fa-8639-4cb0-f96d-931a4206d67b,KXCABOUT-29-RFK,2025-12-14T01:55:26.659031Z,18.00,0.0500,0.9500,yes
a75cc77e-e755-6db4-196f-85e01becadff,KXCABOUT-29-RFK,2025-12-13T23:21:09.324975Z,562.00,0.0500,0.9500,yes
ec41f462-3245-57c8-568a-2a13f6d805cb,KXCABOUT-29-RFK,2025-12-13T21:36:59.497079Z,405.00,0.0500,0.9500,yes
49c77bd4-8d30-57d5-7d01-46590ec8a501,KXCABOUT-29-RFK,2025-12-13T21:36:59.497079Z,822.00,0.0500,0.9500,yes
46b7c9ed-42d6-5169-7ad8-539009ddd84d,KXCABOUT-29-RFK,2025-12-13T21:36:59.497079Z,1000.00,0.0500,0.9500,yes
32c5ab3e-bc81-5dd4-7332-3c1080614a59,KXCABOUT-29-RFK,2025-12-13T21:36:59.497079Z,773.00,0.0500,0.9500,yes
ce0e2303-9f3d-4663-c469-d3cf4ab6e017,KXCABOUT-29-RFK,2025-12-13T21:25:07.228412Z,207.00,0.0500,0.9500,yes
67f9ebfe-e778-4d29-fbdb-143d3e794985,KXCABOUT-29-RFK,2025-12-13T21:25:07.228412Z,178.00,0.0500,0.9500,yes
5eb2cc32-92d1-4edb-81d6-5f742a460097,KXCABOUT-29-RFK,2025-12-13T21:12:24.146118Z,133.00,0.0500,0.9500,yes
186f748d-e118-47d9-acff-611e0955bea3,KXCABOUT-29-RFK,2025-12-13T21:12:24.146118Z,50.00,0.0500,0.9500,yes
cd516405-4dd8-4565-a09f-da6e55c4459b,KXCABOUT-29-RFK,2025-12-13T17:52:24.319476Z,187.00,0.0500,0.9500,yes
85fc6e4a-04ef-77b7-a172-a28266f0ac76,KXCABOUT-29-RFK,2025-12-13T08:34:38.303096Z,2.00,0.0300,0.9700,no
8405c26e-6dff-7ffd-bffb-7a8a2fb17022,KXCABOUT-29-RFK,2025-12-13T08:34:38.303096Z,8.00,0.0300,0.9700,no
70265460-4c92-74e1-9d10-8f3a4af4329a,KXCABOUT-29-RFK,2025-12-13T08:34:38.303096Z,8.00,0.0300,0.9700,no
e55a53b7-7818-70cd-b0a0-279487be3f37,KXCABOUT-29-RFK,2025-12-13T01:14:29.453289Z,37.00,0.0500,0.9500,yes
c2a53812-f87c-4259-5b07-b3c181e9db77,KXCABOUT-29-RFK,2025-12-12T23:53:30.514649Z,375.00,0.0500,0.9500,yes
3e6d44d3-47a0-6cd5-14de-9f21f7bd1437,KXCABOUT-29-RFK,2025-12-12T22:09:39.813432Z,14.00,0.0500,0.9500,yes
73b73aa2-96a8-4a9d-10f9-04620640c9e7,KXCABOUT-29-RFK,2025-12-12T18:59:42.740578Z,18.00,0.0500,0.9500,yes
a081ff34-30a0-6289-4820-e311b0c1fb1b,KXCABOUT-29-RFK,2025-12-12T17:27:29.250648Z,18.00,0.0500,0.9500,yes
3c768afa-05cc-7da1-539e-da9d700acbd3,KXCABOUT-29-RFK,2025-12-12T17:13:23.711891Z,18.00,0.0500,0.9500,yes
22c5690f-c390-5965-a88c-592e31b2143f,KXCABOUT-29-RFK,2025-12-12T15:28:31.130259Z,75.00,0.0500,0.9500,yes
12151953-adbc-65e1-b903-436b2ce184fb,KXCABOUT-29-RFK,2025-12-12T15:13:09.830397Z,37.00,0.0500,0.9500,yes
813bd5da-cd14-55d9-313f-006cdf524c13,KXCABOUT-29-RFK,2025-12-12T15:11:22.848194Z,37.00,0.0500,0.9500,yes
04f4ed80-e4b0-4465-c66d-c1ca1fea3243,KXCABOUT-29-RFK,2025-12-12T14:27:05.54304Z,56.00,0.0500,0.9500,yes
34b98715-09d8-4929-2a99-cbb8dc2bf513,KXCABOUT-29-RFK,2025-12-12T14:16:08.638784Z,5.00,0.0500,0.9500,yes
ae1b3af2-1ffc-613d-8565-eb12822c601b,KXCABOUT-29-RFK,2025-12-12T12:33:15.108557Z,73.00,0.0500,0.9500,yes
ab92d13b-65ce-6bec-9906-2de41b05b5a7,KXCABOUT-29-RFK,2025-12-12T12:33:15.108557Z,3.00,0.0500,0.9500,yes
75b52755-00f4-6c7a-b3cb-a911425bec62,KXCABOUT-29-RFK,2025-12-12T12:33:15.108557Z,16.00,0.0500,0.9500,yes
589f1c85-bd48-6ce2-b0a9-98ebd39e2224,KXCABOUT-29-RFK,2025-12-12T12:33:15.108557Z,1.00,0.0500,0.9500,yes
b31c7232-f73e-6f0a-a46e-47a46816c59f,KXCABOUT-29-RFK,2025-12-12T12:02:29.527246Z,15.00,0.0400,0.9600,no
0a51adfd-c936-6571-ad78-d349d91e8d6e,KXCABOUT-29-RFK,2025-12-12T12:02:29.527246Z,3.00,0.0300,0.9700,no
2da1158c-3964-41c2-fb93-7a9f1d79e414,KXCABOUT-29-RFK,2025-12-12T09:44:47.337003Z,18.00,0.0500,0.9500,yes
fe78377f-4946-58da-f859-d510031927bd,KXCABOUT-29-RFK,2025-12-12T08:21:52.141163Z,18.00,0.0500,0.9500,yes
d2061e1e-e644-5c7a-e3b0-ce0c66018184,KXCABOUT-29-RFK,2025-12-12T08:21:52.141163Z,5.00,0.0500,0.9500,yes
ceaa0de3-826e-5d2b-d89b-1d670749eece,KXCABOUT-29-RFK,2025-12-12T08:21:52.141163Z,32.00,0.0500,0.9500,yes
3171937f-9ef2-5e82-d326-3cbf41fabd2b,KXCABOUT-29-RFK,2025-12-12T08:21:52.141163Z,1.00,0.0500,0.9500,yes
29ebc3d0-1cd2-5d43-067f-6c7f5a80ecc2,KXCABOUT-29-RFK,2025-12-12T06:20:55.869063Z,4.00,0.0500,0.9500,yes
0799012f-edb8-53c4-16c2-8e7e37cc8810,KXCABOUT-29-RFK,2025-12-12T06:20:55.869063Z,14.00,0.0500,0.9500,yes
cedbd3f5-4ca4-6e48-b69e-a593c3b03ad8,KXCABOUT-29-RFK,2025-12-12T05:37:48.146508Z,40.00,0.0500,0.9500,yes
67bf3907-49dc-7dec-6fc7-89e446f531a0,KXCABOUT-29-RFK,2025-12-12T03:28:18.892275Z,18.00,0.0500,0.9500,yes
e2ba79ac-52d1-59ba-c00f-2b331d373d49,KXCABOUT-29-RFK,2025-12-12T03:26:36.544005Z,11.00,0.0500,0.9500,yes
bf333b8b-aa02-5670-e48e-d7dbba7ab61d,KXCABOUT-29-RFK,2025-12-12T03:26:36.544005Z,93.00,0.0500,0.9500,yes
a545e864-188a-5bf8-ceac-494a4011c24c,KXCABOUT-29-RFK,2025-12-12T03:26:36.544005Z,16.00,0.0500,0.9500,yes
1faa6a3e-d757-52b2-f771-7e8245ccd94a,KXCABOUT-29-RFK,2025-12-12T03:26:36.544005Z,3.00,0.0500,0.9500,yes
16558089-a7d8-5148-c125-937dc0613290,KXCABOUT-29-RFK,2025-12-12T03:26:36.544005Z,64.00,0.0500,0.9500,yes
f007a4d1-d390-6968-8525-8f132d8fa1b2,KXCABOUT-29-RFK,2025-12-12T03:21:41.438453Z,37.00,0.0500,0.9500,yes
db8afe75-6c7b-609e-be4e-a24921b1c17c,KXCABOUT-29-RFK,2025-12-12T03:21:41.438453Z,15.00,0.0500,0.9500,yes
a9424b3b-011f-6991-b6ef-feaabf4be7cc,KXCABOUT-29-RFK,2025-12-12T03:21:41.438453Z,80.00,0.0500,0.9500,yes
4f291bd4-7f9e-69b0-b129-41482254b6a4,KXCABOUT-29-RFK,2025-12-12T03:21:41.438453Z,30.00,0.0500,0.9500,yes
0fbf24be-bbeb-64ca-b709-bbf6454d7088,KXCABOUT-29-RFK,2025-12-12T03:21:41.438453Z,25.00,0.0500,0.9500,yes
cba9fa08-1527-4769-a35c-ef55a5979114,KXCABOUT-29-RFK,2025-12-12T02:44:09.321278Z,13.00,0.0500,0.9500,yes
03a26f45-2d77-43dd-3912-efbf134dac84,KXCABOUT-29-RFK,2025-12-12T02:41:26.330794Z,93.00,0.0500,0.9500,yes
bce45b0b-627f-58f1-12bf-4bdc1024ac0c,KXCABOUT-29-RFK,2025-12-12T02:35:56.47134Z,3.00,0.0500,0.9500,yes
02ea29f8-07f3-4521-6cae-ff5d9b4316c0,KXCABOUT-29-RFK,2025-12-12T01:56:19.764119Z,75.00,0.0500,0.9500,yes
95f280b6-2bff-7a39-cfb7-139472055b8c,KXCABOUT-29-RFK,2025-12-12T01:50:30.389045Z,50.00,0.0500,0.9500,yes
97540fa7-2943-6c95-2481-2932ed3d13f4,KXCABOUT-29-RFK,2025-12-12T01:49:02.821172Z,40.00,0.0500,0.9500,yes
9978689c-ff3b-669d-38ab-c77aba5b35a4,KXCABOUT-29-RFK,2025-12-12T01:11:48.109174Z,18.00,0.0500,0.9500,yes
f40d8911-43ab-6f71-f831-68a1c5a85a64,KXCABOUT-29-RFK,2025-12-12T01:06:04.962629Z,14.00,0.0500,0.9500,yes
a5f98e65-f6cd-6729-a444-acbe91db2242,KXCABOUT-29-RFK,2025-12-12T00:27:25.007796Z,78.00,0.0600,0.9400,yes
56ecb8dc-ef49-52e5-146b-eb7ef5f2881a,KXCABOUT-29-RFK,2025-12-12T00:07:49.809255Z,60.00,0.0600,0.9400,yes
f931e5a4-afa9-7eb5-76b3-eb8c5ca7ed2a,KXCABOUT-29-RFK,2025-12-11T23:44:11.036142Z,1.00,0.0600,0.9400,yes
bcb0601e-9fc9-71a9-6d0a-772607322616,KXCABOUT-29-RFK,2025-12-11T23:44:11.036142Z,89.00,0.0600,0.9400,yes
677a06c4-892b-7ee7-52b8-370b8ab5f2d5,KXCABOUT-29-RFK,2025-12-11T23:44:11.036142Z,1.00,0.0600,0.9400,yes
e98bbfce-7331-67f5-b863-62134e00e006,KXCABOUT-29-RFK,2025-12-11T23:32:42.788403Z,766.00,0.0600,0.9400,yes
aa5c692e-5371-6de9-5811-375c7c840e4a,KXCABOUT-29-RFK,2025-12-11T23:07:51.142331Z,45.00,0.0600,0.9400,yes
6eca8c5c-db0e-61a8-582c-14853bdc11f1,KXCABOUT-29-RFK,2025-12-11T23:07:51.142331Z,1.00,0.0600,0.9400,yes
fe8ebf0a-6e40-4c69-40e7-38386b7c61d6,KXCABOUT-29-RFK,2025-12-11T20:19:02.609397Z,20.00,0.0300,0.9700,no
e61066d1-26a4-476a-65ac-9ba424182278,KXCABOUT-29-RFK,2025-12-11T20:19:02.609397Z,1.00,0.0300,0.9700,no
e0dad0cd-0700-47bb-7c93-2c0a7cbb1ad8,KXCABOUT-29-RFK,2025-12-11T20:19:02.609397Z,2.00,0.0400,0.9600,no
dec3b956-403d-43b2-47de-61323cf9b56b,KXCABOUT-29-RFK,2025-12-11T20:19:02.609397Z,7.00,0.0300,0.9700,no
caaacca6-d0cb-4c7c-6664-e2102940f771,KXCABOUT-29-RFK,2025-12-11T20:19:02.609397Z,2.00,0.0500,0.9500,no
c3825334-3fcb-402d-6641-f8563c1c0a30,KXCABOUT-29-RFK,2025-12-11T20:19:02.609397Z,2.00,0.0500,0.9500,no
b784451b-df78-42de-45a1-70d3a674a4f6,KXCABOUT-29-RFK,2025-12-11T20:19:02.609397Z,7.00,0.0500,0.9500,no
8ed90957-a757-4124-7518-dcd280b215d0,KXCABOUT-29-RFK,2025-12-11T20:19:02.609397Z,22.00,0.0400,0.9600,no
744a79d1-959c-4827-5748-c8b91ea559d3,KXCABOUT-29-RFK,2025-12-11T20:19:02.609397Z,4.00,0.0500,0.9500,no
4db59d84-7be1-490e-6d1a-d205be011ece,KXCABOUT-29-RFK,2025-12-11T20:19:02.609397Z,3.00,0.0300,0.9700,no
416418b5-5c06-4cfd-72e4-f1633ee60b85,KXCABOUT-29-RFK,2025-12-11T20:19:02.609397Z,100.00,0.0300,0.9700,no
2d36beee-6a35-4527-45a6-2e6661e4146b,KXCABOUT-29-RFK,2025-12-11T20:19:02.609397Z,1685.00,0.0400,0.9600,no
1eec0557-63d8-4941-5d29-ded8d8374f61,KXCABOUT-29-RFK,2025-12-11T20:19:02.609397Z,6.00,0.0500,0.9500,no
1c34755a-cf2b-4457-74c9-a651f430150a,KXCABOUT-29-RFK,2025-12-11T20:19:02.609397Z,40.00,0.0300,0.9700,no
f056dd6f-b36e-6fd2-24a5-7f8541dca744,KXCABOUT-29-RFK,2025-12-11T19:02:01.055313Z,1.00,0.1000,0.9000,yes
a1f2c6f7-696c-6401-0f47-70441b1b2fe5,KXCABOUT-29-RFK,2025-12-11T19:02:01.055313Z,2.00,0.0800,0.9200,yes
69188a64-8d1a-64e6-2819-32ad7589bc64,KXCABOUT-29-RFK,2025-12-11T19:02:01.055313Z,50.00,0.0800,0.9200,yes
47482775-df0c-66f2-1b80-ab26cd228f94,KXCABOUT-29-RFK,2025-12-11T19:02:01.055313Z,2.00,0.0900,0.9100,yes
3d7956af-1bc2-66e1-0587-179fb8b6b528,KXCABOUT-29-RFK,2025-12-11T19:02:01.055313Z,1.00,0.0900,0.9100,yes
31470c33-d202-6ca2-0f78-8d431d459188,KXCABOUT-29-RFK,2025-12-11T19:02:01.055313Z,58.00,0.0800,0.9200,yes
201a203b-5255-6eac-1de8-a5f32444c2ec,KXCABOUT-29-RFK,2025-12-11T19:02:01.055313Z,841.00,0.1000,0.9000,yes
08d21202-1976-63b0-2359-c16292646309,KXCABOUT-29-RFK,2025-12-11T19:02:01.055313Z,8.00,0.0900,0.9100,yes
5a532566-168c-51c0-6417-f13a9cdf58d4,KXCABOUT-29-RFK,2025-12-11T18:28:54.837238Z,58.00,0.0800,0.9200,yes
c56f859f-542a-4617-186f-1968f78c8f14,KXCABOUT-29-RFK,2025-12-11T18:26:02.794727Z,7.00,0.0800,0.9200,yes
91faf5ed-c62a-425b-179c-2cc3931abd39,KXCABOUT-29-RFK,2025-12-11T18:26:02.794727Z,1.00,0.0800,0.9200,yes
82e02c20-c1a8-42e9-1a28-c05951e330e5,KXCABOUT-29-RFK,2025-12-11T18:26:02.794727Z,2.00,0.0800,0.9200,yes
5494ef4e-1fde-405c-0b8f-ffdafc04e714,KXCABOUT-29-RFK,2025-12-11T18:26:02.794727Z,283.00,0.0800,0.9200,yes
d74fd867-230f-44b2-8e1c-865d401aaf0b,KXCABOUT-29-RFK,2025-12-11T18:01:50.192945Z,11.00,0.0800,0.9200,yes
c9c27385-243d-505a-7fe6-49353a03138c,KXCABOUT-29-RFK,2025-12-11T17:01:30.307391Z,2.00,0.0700,0.9300,yes
b5c93c35-dfb7-51a5-575b-102a7c73b58b,KXCABOUT-29-RFK,2025-12-11T17:01:30.307391Z,1.00,0.0600,0.9400,yes
5cdebbd8-4045-575d-67c6-840f62114f72,KXCABOUT-29-RFK,2025-12-11T17:01:30.307391Z,20.00,0.0800,0.9200,yes
ee94f951-8e2e-556d-c4c2-8ee66f66114a,KXCABOUT-29-RFK,2025-12-11T15:39:27.593591Z,5.00,0.0600,0.9400,yes
674f4f83-fd3f-5ded-cb4c-c85650be71a7,KXCABOUT-29-RFK,2025-12-11T15:39:27.593591Z,2.00,0.0600,0.9400,yes
e98aad26-b378-50e4-8d30-653add7d3659,KXCABOUT-29-RFK,2025-12-11T05:01:40.457846Z,122.00,0.0800,0.9200,yes
b102927b-3bef-5025-8582-eae9eb958d06,KXCABOUT-29-RFK,2025-12-11T05:01:40.457846Z,3.00,0.0800,0.9200,yes
b431869b-948f-73f4-6f48-01858e7ff370,KXCABOUT-29-RFK,2025-12-11T04:45:21.746592Z,111.00,0.0800,0.9200,yes
48b99f53-83f0-6af4-9c26-122006a0b0d8,KXCABOUT-29-RFK,2025-12-11T04:02:13.128697Z,1.00,0.0800,0.9200,yes
40fa62e8-744f-6def-89cc-bcff08d9266c,KXCABOUT-29-RFK,2025-12-11T04:02:13.128697Z,2.00,0.0800,0.9200,yes
0ee55443-e045-69ca-9bd2-8f4f7b447aae,KXCABOUT-29-RFK,2025-12-11T04:02:13.128697Z,114.00,0.0800,0.9200,yes
27df98e7-8224-7295-8d5e-262b9feeb5d6,KXCABOUT-29-RFK,2025-12-11T03:36:27.913223Z,268.00,0.0700,0.9300,yes
643cb206-7f98-49a7-9918-d54925c9eb68,KXCABOUT-29-RFK,2025-12-11T03:28:55.709625Z,58.00,0.0700,0.9300,yes
592cdeff-f589-47f5-b2eb-fe623c554576,KXCABOUT-29-RFK,2025-12-11T03:28:55.709625Z,9.00,0.0700,0.9300,yes
dbffee6d-de45-5abb-290b-e1bff494844b,KXCABOUT-29-RFK,2025-12-11T03:27:45.440938Z,16.00,0.0700,0.9300,yes
a932b0d6-f24c-587e-3ac3-16e1c9ec1d89,KXCABOUT-29-RFK,2025-12-11T03:27:45.440938Z,3.00,0.0700,0.9300,yes
761cc597-a375-5925-1cdc-7293c585c385,KXCABOUT-29-RFK,2025-12-11T03:27:45.440938Z,58.00,0.0700,0.9300,yes
1d65bcf8-8c69-5fa9-26b8-9006d0a00cae,KXCABOUT-29-RFK,2025-12-11T03:27:45.440938Z,23.00,0.0700,0.9300,yes
cb440707-af6a-79ab-fc09-4982d05abd5d,KXCABOUT-29-RFK,2025-12-11T01:27:46.994645Z,7.00,0.0500,0.9500,no
bf4a95b0-a57c-7618-de88-7a9489571d3a,KXCABOUT-29-RFK,2025-12-11T01:27:46.994645Z,14.00,0.0400,0.9600,no
4a3f94a5-552b-782a-e9b8-62f1698ebae4,KXCABOUT-29-RFK,2025-12-11T01:27:46.994645Z,9.00,0.0500,0.9500,no
be79181a-fc54-6d2e-7619-7b2030511347,KXCABOUT-29-RFK,2025-12-11T01:22:14.672817Z,133.00,0.0700,0.9300,yes
1fab4166-b50a-66f1-5b90-ad41ff6d9e86,KXCABOUT-29-RFK,2025-12-11T01:22:14.672817Z,1.00,0.0700,0.9300,yes
64cdf658-4bb3-4b04-4051-a901b97c3580,KXCABOUT-29-RFK,2025-12-11T00:13:44.030694Z,107.00,0.0700,0.9300,yes
a72e5186-b124-409d-aaa4-89dcc15deebe,KXCABOUT-29-RFK,2025-12-10T23:47:33.560429Z,190.00,0.0600,0.9400,yes
97c72db9-d102-60bb-c639-1b60608ea38b,KXCABOUT-29-RFK,2025-12-10T23:20:27.355753Z,21.00,0.0600,0.9400,no
10959cdc-02e6-6b47-fd50-85fa33976b70,KXCABOUT-29-RFK,2025-12-10T23:20:27.355753Z,10.00,0.0600,0.9400,no
0ec59d8e-7e48-60ee-cd90-c438a5bed9e4,KXCABOUT-29-RFK,2025-12-10T23:20:27.355753Z,8.00,0.0600,0.9400,no
f6250005-9335-5a81-0ffb-9be45ba90036,KXCABOUT-29-RFK,2025-12-10T23:18:01.739837Z,4.00,0.1100,0.8900,yes
ed876872-fb84-59ce-38a2-ae4119eb94c1,KXCABOUT-29-RFK,2025-12-10T23:18:01.739837Z,1.00,0.1000,0.9000,yes
938f2602-7d83-5a16-2405-6e66c0e8f638,KXCABOUT-29-RFK,2025-12-10T23:18:01.739837Z,2.00,0.1000,0.9000,yes
2cc625b8-e235-5282-2763-f64d27336742,KXCABOUT-29-RFK,2025-12-10T23:18:01.739837Z,20.00,0.1000,0.9000,yes
e3e47642-5886-78c4-7891-1eb3a0c570d3,KXCABOUT-29-RFK,2025-12-10T23:02:22.411494Z,7.00,0.0800,0.9200,yes
e13abb42-6630-7fc7-4b3d-261f45c0c9ab,KXCABOUT-29-RFK,2025-12-10T23:02:22.411494Z,1.00,0.0700,0.9300,yes
be810c50-22cd-7761-5fe3-f95ce9604f18,KXCABOUT-29-RFK,2025-12-10T23:02:22.411494Z,16.00,0.0900,0.9100,yes
b3300c16-5d6e-7b39-7abb-e8a38a059f45,KXCABOUT-29-RFK,2025-12-10T23:02:22.411494Z,8.00,0.0700,0.9300,yes
8763557a-7574-7ece-40b6-64b8e9db6420,KXCABOUT-29-RFK,2025-12-10T23:02:22.411494Z,3.00,0.0800,0.9200,yes
6bd13cc1-f178-7df4-793e-4fe0b7a86536,KXCABOUT-29-RFK,2025-12-10T23:02:22.411494Z,2500.00,0.0800,0.9200,yes
59f9c4fe-8624-7f7c-66d9-57c91a343fe1,KXCABOUT-29-RFK,2025-12-10T23:02:22.411494Z,75.00,0.1000,0.9000,yes
1945ebfd-2569-7f17-60a5-6060d9bb177c,KXCABOUT-29-RFK,2025-12-10T23:02:22.411494Z,746.00,0.0700,0.9300,yes
02cb29e7-4ae4-7ae5-4cf1-c930c8f40046,KXCABOUT-29-RFK,2025-12-10T23:02:22.411494Z,36.00,0.0900,0.9100,yes
0b0a36ed-329f-7dc2-a7f5-790aca45cf8c,KXCABOUT-29-RFK,2025-12-10T22:56:32.559258Z,2.00,0.0600,0.9400,yes
bcc96001-0019-5eaf-2f8f-b7ea52ef7180,KXCABOUT-29-RFK,2025-12-10T22:31:33.573497Z,97.00,0.0600,0.9400,yes
725163ac-48e9-5a3d-392c-93d18b6a1209,KXCABOUT-29-RFK,2025-12-10T22:31:33.573497Z,3.00,0.0500,0.9500,yes
ff74c1cf-9e24-76fe-ff70-5a234b2d572c,KXCABOUT-29-RFK,2025-12-10T22:17:45.842174Z,29.00,0.0500,0.9500,yes
74177b29-4a0b-70db-e402-8b5c76b3169f,KXCABOUT-29-RFK,2025-12-10T22:17:45.842174Z,3.00,0.0500,0.9500,yes
69b5ee00-4322-70a9-cfba-f3b0822d4427,KXCABOUT-29-RFK,2025-12-10T22:17:45.842174Z,112.00,0.0500,0.9500,yes
60551941-989d-77e7-fea5-f0604396e9e4,KXCABOUT-29-RFK,2025-12-10T22:17:45.842174Z,157.00,0.0600,0.9400,yes
76964edc-edb1-60de-5f87-050817e46d54,KXCABOUT-29-RFK,2025-12-10T21:58:43.08935Z,3.00,0.0300,0.9700,no
5c94d4e5-cc5d-62b3-4b22-8139bcddbcd1,KXCABOUT-29-RFK,2025-12-10T21:58:43.08935Z,3.00,0.0400,0.9600,no
425146e6-590d-64a1-74c4-5fa40fc8213c,KXCABOUT-29-RFK,2025-12-10T21:58:43.08935Z,141.00,0.0300,0.9700,no
f40d5cd0-8780-7540-c76d-2602d4e18d1a,KXCABOUT-29-RFK,2025-12-10T20:33:58.64296Z,15.00,0.0600,0.9400,yes
dd18f4c5-dc3a-7ece-fc00-ccd145c67641,KXCABOUT-29-RFK,2025-12-10T20:33:58.64296Z,8.00,0.0700,0.9300,yes
b44099b9-a6f0-7467-d536-65dbeead0600,KXCABOUT-29-RFK,2025-12-10T20:33:58.64296Z,1.00,0.0600,0.9400,yes
ae1a7b3f-00ca-7639-c82c-d9d5fe187780,KXCABOUT-29-RFK,2025-12-10T20:33:58.64296Z,2.00,0.0700,0.9300,yes
5ba09abc-e6ef-7f86-d993-bce2e68d1f2b,KXCABOUT-29-RFK,2025-12-10T20:33:58.64296Z,114.00,0.0800,0.9200,yes
300bd25c-e558-7170-fb6a-1b06d3002d49,KXCABOUT-29-RFK,2025-12-10T20:33:58.64296Z,3.00,0.0600,0.9400,yes
20f247d5-36c8-7513-f493-df40e0b146ca,KXCABOUT-29-RFK,2025-12-10T20:33:58.64296Z,1.00,0.0700,0.9300,yes
1c9f419b-feb7-7bff-c28d-e3cab87e9b1d,KXCABOUT-29-RFK,2025-12-10T20:33:58.64296Z,3.00,0.0600,0.9400,yes
dbcad331-0427-5052-c477-42d74c259643,KXCABOUT-29-RFK,2025-12-10T20:02:35.299624Z,2.00,0.0800,0.9200,yes
d1050d4a-5730-5ffa-ed39-82b5f86ea0aa,KXCABOUT-29-RFK,2025-12-10T20:02:35.299624Z,2.00,0.0700,0.9300,yes
b9c89a42-9fc1-5be9-e48f-d5374fdf72f5,KXCABOUT-29-RFK,2025-12-10T20:02:35.299624Z,19.00,0.0700,0.9300,yes
9bf33e11-5dac-5c7a-e4ce-4c5467cbcbc3,KXCABOUT-29-RFK,2025-12-10T20:02:35.299624Z,5.00,0.0600,0.9400,yes
6524d5ea-7ded-5637-c18a-a7fa9efed550,KXCABOUT-29-RFK,2025-12-10T20:02:35.299624Z,2.00,0.0600,0.9400,yes
17affe87-52a5-54d2-e133-136b79bbd555,KXCABOUT-29-RFK,2025-12-10T20:02:35.299624Z,33.00,0.0700,0.9300,yes
13d1b2a2-7c96-535b-d813-1c018156f3e6,KXCABOUT-29-RFK,2025-12-10T20:02:35.299624Z,5.00,0.0600,0.9400,yes
f78a734f-4103-53fe-066c-cd901949f00e,KXCABOUT-29-RFK,2025-12-10T19:23:34.756728Z,18.00,0.0600,0.9400,yes
e9adddd6-39f5-5f86-05f8-16d500c195e3,KXCABOUT-29-RFK,2025-12-10T19:23:34.756728Z,11.00,0.0600,0.9400,yes
c199776d-a39a-558b-060f-f51181cbfcec,KXCABOUT-29-RFK,2025-12-10T19:23:34.756728Z,2.00,0.0600,0.9400,yes
540aa800-6a19-563b-146b-693c2632da82,KXCABOUT-29-RFK,2025-12-10T19:23:34.756728Z,27.00,0.0600,0.9400,yes
483c90ec-cff0-5d0b-1192-623cd36e052c,KXCABOUT-29-RFK,2025-12-10T19:23:34.756728Z,2.00,0.0600,0.9400,yes
a37d180a-9f7c-7acf-68f7-3c6eb1d74d98,KXCABOUT-29-RFK,2025-12-10T19:03:38.421024Z,1.00,0.0600,0.9400,yes
7233403b-9f19-477d-31fb-5e096e9e0221,KXCABOUT-29-RFK,2025-12-10T17:09:53.73956Z,17.00,0.0700,0.9300,yes
3e0ebade-ba30-4bf2-12a6-6524a3cd2eda,KXCABOUT-29-RFK,2025-12-10T17:09:53.73956Z,27.00,0.0600,0.9400,yes
c004178a-1b4d-795e-68b7-a40f85ae40ca,KXCABOUT-29-RFK,2025-12-10T16:53:39.081743Z,27.00,0.0600,0.9400,yes
ff83b7d6-f949-726a-3cae-3bd8543bf972,KXCABOUT-29-RFK,2025-12-10T16:21:04.605508Z,2000.00,0.0600,0.9400,yes
f2d16017-7998-778a-1b38-1ae0797091ad,KXCABOUT-29-RFK,2025-12-10T16:21:04.605508Z,3.00,0.0500,0.9500,yes
cbec61ed-6715-795a-07ee-fc2682165db3,KXCABOUT-29-RFK,2025-12-10T16:21:04.605508Z,10.00,0.0600,0.9400,yes
b2d4a53f-9ec5-7c95-1f8f-9f8cfabce2cd,KXCABOUT-29-RFK,2025-12-10T16:21:04.605508Z,396.00,0.0700,0.9300,yes
aac8fbef-807c-7c6c-39d9-95f0a2159ef5,KXCABOUT-29-RFK,2025-12-10T16:21:04.605508Z,2.00,0.0700,0.9300,yes
85cecdc9-f232-70de-0b8d-6c64b8217764,KXCABOUT-29-RFK,2025-12-10T16:21:04.605508Z,12.00,0.0400,0.9600,yes
71798452-05e5-7be3-36cc-dbfc6f0a880f,KXCABOUT-29-RFK,2025-12-10T16:21:04.605508Z,5.00,0.1000,0.9000,yes
6ef8fcac-ff39-7c1a-1c5e-69d1bbf77b5c,KXCABOUT-29-RFK,2025-12-10T16:21:04.605508Z,8.00,0.0500,0.9500,yes
61e1e257-d8fd-708b-0bc8-52db173313df,KXCABOUT-29-RFK,2025-12-10T16:21:04.605508Z,129.00,0.1200,0.8800,yes
5371c088-871d-7556-1cd7-7b6411d4791a,KXCABOUT-29-RFK,2025-12-10T16:21:04.605508Z,7.00,0.0400,0.9600,yes
299a7265-c5b8-7eb2-3132-07ba157157a5,KXCABOUT-29-RFK,2025-12-10T16:21:04.605508Z,3.00,0.0700,0.9300,yes
1f109ba8-a3c2-741d-0966-25ebfafad9c3,KXCABOUT-29-RFK,2025-12-10T16:21:04.605508Z,10.00,0.0800,0.9200,yes
173a2bdb-05fb-71cc-25b7-b33a3b044424,KXCABOUT-29-RFK,2025-12-10T16:21:04.605508Z,519.00,0.0400,0.9600,yes
1469f94c-217d-72cc-0e02-16b762208941,KXCABOUT-29-RFK,2025-12-10T16:21:04.605508Z,2.00,0.0600,0.9400,yes
01136e5f-f112-4523-e86a-e4ad3ddab098,KXCABOUT-29-RFK,2025-12-10T15:24:20.17168Z,5.00,0.0400,0.9600,yes
f99082da-ad0f-589c-5644-5b6b5c79cec4,KXCABOUT-29-RFK,2025-12-10T14:45:16.008949Z,278.00,0.0300,0.9700,yes
f15fc28b-0a9d-55d5-7fd6-159ec69a252c,KXCABOUT-29-RFK,2025-12-10T14:45:16.008949Z,3.00,0.0400,0.9600,yes
d16d91a2-0a9b-51f0-476c-7372643cd754,KXCABOUT-29-RFK,2025-12-10T14:45:16.008949Z,9.00,0.0400,0.9600,yes
c2f4af3f-d7a3-549c-5569-439b44d6c02f,KXCABOUT-29-RFK,2025-12-10T14:45:16.008949Z,10.00,0.0400,0.9600,yes
b06bfe96-2e75-58e6-4998-1032df426050,KXCABOUT-29-RFK,2025-12-10T14:45:16.008949Z,556.00,0.0300,0.9700,yes
a3bc5bbd-05e6-554b-5781-39e3be5cfc73,KXCABOUT-29-RFK,2025-12-10T14:45:16.008949Z,369.00,0.0300,0.9700,yes
43153589-b484-55e4-5b03-1a63d3ebee43,KXCABOUT-29-RFK,2025-12-10T14:45:16.008949Z,197.00,0.0500,0.9500,yes
4c18c41c-936a-6e0f-01ef-cfdf0ac63d17,KXCABOUT-29-RFK,2025-12-10T14:32:05.402478Z,624.00,0.0300,0.9700,yes
8b101438-d935-63b5-7ac5-c01bb128f214,KXCABOUT-29-RFK,2025-12-10T13:26:36.233154Z,305.00,0.0300,0.9700,yes
81687190-61be-6f03-4bd6-181a0a83577f,KXCABOUT-29-RFK,2025-12-10T13:26:36.233154Z,7.00,0.0300,0.9700,yes
fae3d84d-7ff1-7bc0-d1b0-4a43e64646b4,KXCABOUT-29-RFK,2025-12-10T06:49:46.125974Z,7.00,0.0300,0.9700,yes
875fceba-6295-75e9-e61a-6a9136807470,KXCABOUT-29-RFK,2025-12-10T06:49:46.125974Z,149.00,0.0300,0.9700,yes
f8069f52-5271-7120-2ada-74bec4c8f9fc,KXCABOUT-29-RFK,2025-12-10T04:47:57.112074Z,7.00,0.0300,0.9700,yes
20c90900-5859-4578-0ef0-d385a4154394,KXCABOUT-29-RFK,2025-12-10T00:38:23.311523Z,624.00,0.0300,0.9700,yes
ee20639d-b6f5-4394-7347-a5f59f2be758,KXCABOUT-29-RFK,2025-12-09T23:55:51.863955Z,312.00,0.0300,0.9700,yes
9c4e03a1-6891-693c-34d6-8518da5e963c,KXCABOUT-29-RFK,2025-12-09T21:31:44.983675Z,50.00,0.0300,0.9700,yes
f9a91d80-d017-66b6-c621-7878a3e403a4,KXCABOUT-29-RFK,2025-12-09T17:14:48.800636Z,31.00,0.0300,0.9700,yes
2b2e8210-1520-4b90-7fbc-37396e9eef6e,KXCABOUT-29-RFK,2025-12-09T16:33:47.720567Z,80.00,0.0200,0.9800,no
ac0121bd-6180-5514-5a0b-e3e60115b38a,KXCABOUT-29-RFK,2025-12-09T13:48:10.239405Z,3.00,0.0200,0.9800,no
4049b1be-34c0-7ebc-c340-29d88ef3e9da,KXCABOUT-29-RFK,2025-12-09T13:47:51.417028Z,1.00,0.0200,0.9800,no
556cee93-9eec-7f44-92a7-9733590c1d46,KXCABOUT-29-RFK,2025-12-09T13:44:57.669416Z,2.00,0.0200,0.9800,no
a6d5fac0-3ed8-71dc-3d93-e0aa9ae97722,KXCABOUT-29-RFK,2025-12-09T13:44:25.014795Z,1.00,0.0200,0.9800,no
70931921-6e54-7458-4097-fbca080b31d6,KXCABOUT-29-RFK,2025-12-09T13:42:56.609884Z,1.00,0.0200,0.9800,no
d23402f4-e4b8-55e0-579d-8f5b1a09ae12,KXCABOUT-29-RFK,2025-12-09T13:42:27.550348Z,3.00,0.0200,0.9800,no
25aa8162-38f0-62b0-3046-385d0bcfdcfe,KXCABOUT-29-RFK,2025-12-09T13:40:30.835027Z,1.00,0.0200,0.9800,no
2ba3edb9-3d24-62f0-0b68-49eaefb533de,KXCABOUT-29-RFK,2025-12-09T13:37:45.948277Z,1.00,0.0200,0.9800,no
90be1efa-62c4-77ec-9252-a5e22fa2fc56,KXCABOUT-29-RFK,2025-12-09T13:37:32.027833Z,1.00,0.0200,0.9800,no
de561add-d3f9-68b9-b436-a6acceaa1658,KXCABOUT-29-RFK,2025-12-09T12:12:58.633503Z,312.00,0.0300,0.9700,yes
ee1bc971-b9d8-4835-01fc-bd5b5bc6487f,KXCABOUT-29-RFK,2025-12-09T11:34:06.38859Z,76.00,0.0300,0.9700,yes
08eeaf06-fa41-4b8d-2c02-f34d47d6c1e4,KXCABOUT-29-RFK,2025-12-09T11:34:06.38859Z,234.00,0.0300,0.9700,yes
eab852cf-8ad8-7a51-9801-69b1ad66f113,KXCABOUT-29-RFK,2025-12-09T07:36:58.660328Z,31.00,0.0300,0.9700,yes
7464b0ab-0c2c-4421-65a4-6545468a1063,KXCABOUT-29-RFK,2025-12-09T05:20:46.091328Z,156.00,0.0300,0.9700,yes
00aa96bc-8e10-4e4d-a9f5-9f50c0e1e523,KXCABOUT-29-RFK,2025-12-09T01:50:00.204828Z,20.00,0.0300,0.9700,yes
f88ca91c-0c84-7355-7ffb-c0a2f659bb77,KXCABOUT-29-RFK,2025-12-08T22:29:39.385466Z,62.00,0.0300,0.9700,yes
fa0e3291-39ac-4d6d-3553-a9a6999d8b23,KXCABOUT-29-RFK,2025-12-08T22:00:03.024204Z,445.00,0.0300,0.9700,yes
22d9a30c-1370-4e2d-06ff-3d8a297bc76b,KXCABOUT-29-RFK,2025-12-08T22:00:03.024204Z,210.00,0.0300,0.9700,yes
5c8b7c76-2d84-7699-4aa2-30747c5d4b7f,KXCABOUT-29-RFK,2025-12-08T21:33:50.838407Z,31.00,0.0300,0.9700,yes
76eb19e3-bd94-6695-5614-9e98fb6ef717,KXCABOUT-29-RFK,2025-12-08T20:54:55.408006Z,31.00,0.0300,0.9700,yes
bf3ea486-d8dc-71ad-2513-569347214613,KXCABOUT-29-RFK,2025-12-08T17:25:16.92158Z,156.00,0.0300,0.9700,yes
fd2f57ec-9da0-5a4d-df9f-666cf774549b,KXCABOUT-29-RFK,2025-12-08T17:12:58.969158Z,10.00,0.0300,0.9700,yes
a54b96d0-f5b8-49f9-f742-d519e9c303d7,KXCABOUT-29-RFK,2025-12-08T17:03:58.088833Z,44.00,0.0300,0.9700,yes
2882e5a3-b60c-6831-2475-e5379e97f827,KXCABOUT-29-RFK,2025-12-08T16:40:29.124304Z,3.00,0.0300,0.9700,yes
4356c593-cf48-7c8c-dc20-aa179d09d722,KXCABOUT-29-RFK,2025-12-08T16:26:48.384997Z,20.00,0.0200,0.9800,no
8e8737ad-e544-4801-787c-f1a6ea5fa467,KXCABOUT-29-RFK,2025-12-08T09:27:32.19929Z,280.00,0.0300,0.9700,yes
907ea49c-b4d4-7668-6d4d-6a19930d6432,KXCABOUT-29-RFK,2025-12-08T00:00:45.189069Z,160.00,0.0200,0.9800,no
ab83768d-454d-6cd3-d1b3-79aeabd52095,KXCABOUT-29-RFK,2025-12-07T23:18:21.383678Z,3.00,0.0300,0.9700,yes
86c9fa5e-df7e-6967-cb2d-236b3c4bc182,KXCABOUT-29-RFK,2025-12-07T23:18:21.383678Z,7.00,0.0300,0.9700,yes
786b2d6f-c3f4-7808-cd85-d8d45be637b6,KXCABOUT-29-RFK,2025-12-07T16:11:22.155784Z,10.00,0.0200,0.9800,no
35e74a2c-cde0-4561-0edc-94900e16008f,KXCABOUT-29-RFK,2025-12-07T07:43:58.453717Z,312.00,0.0300,0.9700,yes
71c8796c-3794-4828-aa36-8d4ab3b0ca4a,KXCABOUT-29-RFK,2025-12-07T05:52:25.731248Z,1.00,0.0200,0.9800,no
bbd2ab6f-07d4-61bd-0834-8d02370dfd03,KXCABOUT-29-RFK,2025-12-07T02:03:59.017844Z,133.00,0.0300,0.9700,yes
77aef096-b575-63b1-12d6-a029313ec192,KXCABOUT-29-RFK,2025-12-07T02:03:59.017844Z,23.00,0.0300,0.9700,yes
bd9e2276-a508-56b4-22a1-75a4a84c2a16,KXCABOUT-29-RFK,2025-12-07T01:08:34.346221Z,11.00,0.0200,0.9800,no
7923f990-08a4-5870-7150-de8821e68e6e,KXCABOUT-29-RFK,2025-12-07T01:06:39.441952Z,300.00,0.0200,0.9800,no
0ccbaef5-1913-5abf-a52e-82343f9bc0fa,KXCABOUT-29-RFK,2025-12-07T00:58:41.4191Z,156.00,0.0300,0.9700,yes
c6f6c42c-0b93-5ddb-7be2-4caea26d0676,KXCABOUT-29-RFK,2025-12-07T00:47:13.973693Z,93.00,0.0300,0.9700,yes
5cbfadad-ae03-66ea-44c8-f27d516bd79d,KXCABOUT-29-RFK,2025-12-06T23:23:28.114786Z,4.00,0.0300,0.9700,no
a3e780c1-47d0-48ae-3a85-809f2e84b451,KXCABOUT-29-RFK,2025-12-06T23:22:42.198821Z,8.00,0.0300,0.9700,no
48fa3051-f8ba-4856-5d1b-dcf313ae4e1b,KXCABOUT-29-RFK,2025-12-06T23:21:23.037523Z,12.00,0.0300,0.9700,no
27620985-8eee-53ee-6b23-1e456b74c30f,KXCABOUT-29-RFK,2025-12-06T17:08:23.999921Z,3.00,0.0300,0.9700,no
5d1459a5-6583-797c-c4cc-d1355b9319f0,KXCABOUT-29-RFK,2025-12-06T13:40:01.672945Z,18.00,0.0500,0.9500,yes
fb6efa64-9cee-6809-7ba7-3170ebdf8353,KXCABOUT-29-RFK,2025-12-06T09:45:44.602869Z,4.00,0.0500,0.9500,yes
0ac13798-2edf-6af5-7c25-d2480c76016c,KXCABOUT-29-RFK,2025-12-06T09:45:44.602869Z,1.00,0.0500,0.9500,yes
88d24322-5516-518d-431b-a4b3be232786,KXCABOUT-29-RFK,2025-12-06T07:48:30.641613Z,18.00,0.0500,0.9500,yes
f74b4269-046b-68b8-0abf-d41c06141d41,KXCABOUT-29-RFK,2025-12-06T06:34:50.14779Z,7.00,0.0500,0.9500,yes
f070edfa-a9b1-65ef-3dba-bdfce9e4392a,KXCABOUT-29-RFK,2025-12-06T06:34:50.14779Z,30.00,0.0500,0.9500,yes
9987c6ca-a643-5944-64bc-053018fd1cea,KXCABOUT-29-RFK,2025-12-06T05:14:53.13467Z,16.00,0.0500,0.9500,yes
59d114f9-3a16-54a8-706c-9b6e31f7c28b,KXCABOUT-29-RFK,2025-12-06T05:14:53.13467Z,59.00,0.0500,0.9500,yes
fde9587f-198f-61f9-913c-263536afbc4b,KXCABOUT-29-RFK,2025-12-06T04:53:16.553402Z,188.00,0.0500,0.9500,yes
d4f2d10e-d836-66b7-95e6-311f8e74e087,KXCABOUT-29-RFK,2025-12-06T04:53:16.553402Z,726.00,0.0500,0.9500,yes
2edc2378-c55e-69f5-9cde-80afcbf396ea,KXCABOUT-29-RFK,2025-12-06T04:53:16.553402Z,23.00,0.0500,0.9500,yes
bd091f0c-26b6-5773-f625-4b46095eb663,KXCABOUT-29-RFK,2025-12-06T04:32:02.812806Z,37.00,0.0500,0.9500,yes
748efc07-143a-502f-baa5-67dd1f99866f,KXCABOUT-29-RFK,2025-12-06T03:55:46.767303Z,187.00,0.0500,0.9500,yes
f48949a3-d85a-7297-bc14-f64d8ffbf49b,KXCABOUT-29-RFK,2025-12-06T00:28:54.557844Z,50.00,0.0500,0.9500,yes
b816282f-7ab6-7c66-8439-a21b3fb50c83,KXCABOUT-29-RFK,2025-12-06T00:28:54.557844Z,134.00,0.0500,0.9500,yes
65d80aab-0797-7af7-85b7-c55afeff35a9,KXCABOUT-29-RFK,2025-12-06T00:28:54.557844Z,3.00,0.0500,0.9500,yes
b09497b9-0341-4961-70df-b9c02ca13cea,KXCABOUT-29-RFK,2025-12-05T22:27:32.403358Z,13.00,0.0300,0.9700,no
a009c908-779e-45d2-79d9-d670ef175ec2,KXCABOUT-29-RFK,2025-12-05T22:27:32.403358Z,2.00,0.0300,0.9700,no
419a0ba6-f738-44b6-7bcf-f4ccaff8cc32,KXCABOUT-29-RFK,2025-12-05T22:27:32.403358Z,8.00,0.0300,0.9700,no
00feccf6-3ed1-48fe-557e-c8e8c0951285,KXCABOUT-29-RFK,2025-12-05T22:27:32.403358Z,913.00,0.0300,0.9700,no
894408df-87e6-45a2-d761-98d2d18d131b,KXCABOUT-29-RFK,2025-12-05T21:54:27.870516Z,10.00,0.0500,0.9500,yes
298a8d38-4c46-5b62-09c7-561f4c7527db,KXCABOUT-29-RFK,2025-12-05T21:10:19.061859Z,18.00,0.0500,0.9500,yes
9b11e590-9916-6e9a-a894-1a3f2b28fdb7,KXCABOUT-29-RFK,2025-12-05T19:45:19.712373Z,18.00,0.0500,0.9500,yes
499dbcd3-a992-6ee2-5621-ebcbd9953057,KXCABOUT-29-RFK,2025-12-05T18:33:37.640177Z,18.00,0.0500,0.9500,yes
611f69be-13be-754e-61c8-04637fa3b5d3,KXCABOUT-29-RFK,2025-12-05T18:30:47.9155Z,187.00,0.0500,0.9500,yes
a2ded3da-92d6-409e-e95b-0cdca3c436af,KXCABOUT-29-RFK,2025-12-05T16:23:23.849717Z,3.00,0.0500,0.9500,yes
37632ebd-a936-6f1a-3c48-33c16c3f1653,KXCABOUT-29-RFK,2025-12-05T05:05:46.352553Z,40.00,0.0500,0.9500,yes
371c8734-bda6-5342-84fe-7eef732cc1df,KXCABOUT-29-RFK,2025-12-05T03:45:08.490233Z,93.00,0.0500,0.9500,yes
a32288aa-78de-5726-b971-0fea205b78bb,KXCABOUT-29-RFK,2025-12-05T03:23:24.326731Z,46.00,0.0500,0.9500,yes
58a6d3d2-129e-494a-2986-1c227a51712b,KXCABOUT-29-RFK,2025-12-05T02:53:09.007687Z,37.00,0.0500,0.9500,yes
5c116491-c622-42c6-9da0-49d85b54dce7,KXCABOUT-29-RFK,2025-12-05T01:29:11.304814Z,18.00,0.0500,0.9500,yes
b0158423-dd4a-7dee-7c2e-26c449c382d3,KXCABOUT-29-RFK,2025-12-05T00:58:48.350709Z,18.00,0.0500,0.9500,yes
95278021-5046-44ea-3406-06b9adf3b547,KXCABOUT-29-RFK,2025-12-04T16:43:20.394734Z,18.00,0.0500,0.9500,yes
d115bf75-5442-723a-b6bd-f952401ca513,KXCABOUT-29-RFK,2025-12-04T16:41:30.74508Z,281.00,0.0500,0.9500,yes
aa4987f7-6836-6a26-3aa0-88da600c98df,KXCABOUT-29-RFK,2025-12-04T15:27:36.133834Z,400.00,0.0400,0.9600,yes
7361b094-f539-6977-1748-d272689dee07,KXCABOUT-29-RFK,2025-12-04T15:27:36.133834Z,3.00,0.0500,0.9500,yes
48aa6b7b-739a-6f32-06b1-4044e66a2387,KXCABOUT-29-RFK,2025-12-04T15:27:36.133834Z,61.00,0.0500,0.9500,yes
08e0c49f-c4d5-696d-3372-5c0db758b8ec,KXCABOUT-29-RFK,2025-12-04T15:27:36.133834Z,553.00,0.0500,0.9500,yes
76e75669-0038-571b-e601-b7802a8afec4,KXCABOUT-29-RFK,2025-12-04T15:15:22.060832Z,4.00,0.0300,0.9700,no
2fa97927-7211-5722-e98b-5dc3244963ed,KXCABOUT-29-RFK,2025-12-04T15:15:22.060832Z,87.00,0.0300,0.9700,no
07a9e0dc-cf0c-5995-ddb3-6f0dd69b1eab,KXCABOUT-29-RFK,2025-12-04T15:15:22.060832Z,9.00,0.0300,0.9700,no
ec20c6f8-0419-6bbd-e1e2-b7ae9e12244c,KXCABOUT-29-RFK,2025-12-04T14:33:00.783709Z,37.00,0.0500,0.9500,yes
de953664-1609-4361-9d73-c33289acae84,KXCABOUT-29-RFK,2025-12-04T07:22:52.375333Z,371.00,0.0500,0.9500,yes
6e73a321-ff44-49bc-9347-5d387ed31f7d,KXCABOUT-29-RFK,2025-12-04T07:22:52.375333Z,5.00,0.0400,0.9600,yes
34b04f7d-faed-6971-8e7a-90c83ab5669c,KXCABOUT-29-RFK,2025-12-04T04:06:12.23272Z,18.00,0.0500,0.9500,yes
f94aff78-12ad-45bf-d110-04fa3ce9cb4f,KXCABOUT-29-RFK,2025-12-04T02:38:55.619622Z,2.00,0.0500,0.9500,yes
9a2bd78e-d23e-4e97-ffee-a30270332c66,KXCABOUT-29-RFK,2025-12-04T02:38:55.619622Z,2.00,0.0500,0.9500,yes
450e0796-f57a-4448-c32b-7760f12d7d2c,KXCABOUT-29-RFK,2025-12-04T02:38:55.619622Z,8.00,0.0500,0.9500,yes
1062fb34-bfc9-450d-f44a-794e31c4e638,KXCABOUT-29-RFK,2025-12-04T02:38:55.619622Z,21.00,0.0500,0.9500,yes
574f4b25-3d0b-7e99-09ec-c3e0eb74633b,KXCABOUT-29-RFK,2025-12-03T19:44:31.427909Z,30.00,0.0500,0.9500,yes
8c5cfb52-dbf1-7735-0e5f-ad6d60a5ac76,KXCABOUT-29-RFK,2025-12-03T19:43:17.008629Z,100.00,0.0300,0.9700,no
eeed3e2a-b9db-5f68-14cd-83f20a88d07e,KXCABOUT-29-RFK,2025-12-03T18:40:41.105716Z,929.00,0.0400,0.9600,yes
aea49197-b8dd-5a2d-2741-75eb493d549d,KXCABOUT-29-RFK,2025-12-03T18:40:41.105716Z,397.00,0.0700,0.9300,yes
a38c5b62-8f51-5f98-1daa-eb5773e2249b,KXCABOUT-29-RFK,2025-12-03T18:40:41.105716Z,3.00,0.0600,0.9400,yes
9a464a0e-1639-5ad0-00f1-5e646e3aa2bf,KXCABOUT-29-RFK,2025-12-03T18:40:41.105716Z,560.00,0.0500,0.9500,yes
8b7249c6-df21-5b3a-2028-85f2d26b0705,KXCABOUT-29-RFK,2025-12-03T18:40:41.105716Z,6.00,0.0500,0.9500,yes
4e2ba2a7-5f0b-5222-2724-912633b9ba1b,KXCABOUT-29-RFK,2025-12-03T18:40:41.105716Z,4.00,0.0500,0.9500,yes
05706064-add7-5210-21a6-027a08770905,KXCABOUT-29-RFK,2025-12-03T18:40:41.105716Z,2.00,0.0500,0.9500,yes
fd9ccdfc-7fe4-5312-1a9c-a74b7af0dfea,KXCABOUT-29-RFK,2025-12-03T17:18:45.539143Z,958.00,0.0400,0.9600,yes
e807ee2b-e266-53ee-0622-0cf956afef83,KXCABOUT-29-RFK,2025-12-03T17:18:45.539143Z,7.00,0.0400,0.9600,yes
5b870b3f-3563-58d4-1291-7c083e34a952,KXCABOUT-29-RFK,2025-12-03T17:18:45.539143Z,71.00,0.0400,0.9600,yes
286d6967-a7b9-5280-2c98-0615ebec7196,KXCABOUT-29-RFK,2025-12-03T17:18:45.539143Z,1.00,0.0400,0.9600,yes
efd49adc-4033-4cb4-22a1-bbf527733bfe,KXCABOUT-29-RFK,2025-12-03T17:08:20.330483Z,1.00,0.0400,0.9600,yes
ef1685a4-b424-4cf6-0b75-1536387ccf57,KXCABOUT-29-RFK,2025-12-03T17:08:20.330483Z,57.00,0.0400,0.9600,yes
c8e6b7ef-12fa-4d68-0e71-dac1ae501a65,KXCABOUT-29-RFK,2025-12-03T17:08:20.330483Z,16.00,0.0400,0.9600,yes
7da93fa7-f8bb-473e-1d70-7a694961d570,KXCABOUT-29-RFK,2025-12-03T17:08:20.330483Z,37.00,0.0400,0.9600,yes
62ca6074-7e3f-4c52-34ec-e344c2f11224,KXCABOUT-29-RFK,2025-12-03T17:08:20.330483Z,3.00,0.0400,0.9600,yes
4f82666b-627c-4365-3ef8-d9e6050381ec,KXCABOUT-29-RFK,2025-12-03T17:08:20.330483Z,2.00,0.0400,0.9600,yes
4be305a5-fabb-42f4-1cd1-3b5edd6db0ab,KXCABOUT-29-RFK,2025-12-03T17:08:20.330483Z,1.00,0.0400,0.9600,yes
90f0379f-339f-54b4-5cdd-b7d887e05e71,KXCABOUT-29-RFK,2025-12-03T16:46:39.006693Z,6.00,0.0300,0.9700,no
aaa80e60-973b-7b4c-4926-da730a65182d,KXCABOUT-29-RFK,2025-12-03T16:44:39.274605Z,1.00,0.0300,0.9700,no
a6f0936a-efa3-7964-f622-81c961cea635,KXCABOUT-29-RFK,2025-12-03T16:43:47.492312Z,2.00,0.0300,0.9700,no
c48980ff-28c7-4f08-b3f4-01b73870525d,KXCABOUT-29-RFK,2025-12-03T16:20:14.162244Z,13.00,0.0300,0.9700,no
7c056d0f-45d3-619c-db93-237f26e0742d,KXCABOUT-29-RFK,2025-12-03T16:15:08.691467Z,2.00,0.0300,0.9700,no
ab8af2d4-038b-60ec-bf26-960c231c9341,KXCABOUT-29-RFK,2025-12-03T15:55:47.807738Z,7.00,0.0300,0.9700,no
8accaa40-b80b-684c-3f6d-d56532b1f76d,KXCABOUT-29-RFK,2025-12-03T15:45:25.09726Z,2.00,0.0300,0.9700,no
614e08fc-9163-555c-1b08-5d80b40cd661,KXCABOUT-29-RFK,2025-12-03T15:45:17.581031Z,12.00,0.0300,0.9700,no
32a59b55-8421-51ac-09da-58f22cca1193,KXCABOUT-29-RFK,2025-12-03T15:45:17.581031Z,2.00,0.0300,0.9700,no
d03cd43a-52c5-5654-68d6-dfe77f737963,KXCABOUT-29-RFK,2025-12-03T15:43:57.398129Z,1.00,0.0300,0.9700,no
ee4b2f77-c637-6225-8e6b-fac8eec8b874,KXCABOUT-29-RFK,2025-12-03T14:06:37.786494Z,3.00,0.0300,0.9700,no
e635f01f-1a91-5291-1fd1-0f5e387bef6f,KXCABOUT-29-RFK,2025-12-03T14:06:21.683066Z,1.00,0.0300,0.9700,yes
dd3c4f18-60ea-5a81-2138-6a19563da0cd,KXCABOUT-29-RFK,2025-12-03T14:06:21.683066Z,200.00,0.0300,0.9700,yes
d44cac57-ac76-5c3a-3695-192a0c94070e,KXCABOUT-29-RFK,2025-12-03T14:06:21.683066Z,212.00,0.0300,0.9700,yes
ad86f812-bc61-569b-1705-1cda5f6447ef,KXCABOUT-29-RFK,2025-12-03T14:06:21.683066Z,78.00,0.0300,0.9700,yes
39028619-3d4c-539c-1a63-1da3a086751f,KXCABOUT-29-RFK,2025-12-03T14:06:21.683066Z,1365.00,0.0300,0.9700,yes
0567a9ac-9649-505d-33b6-8007ac6b5c20,KXCABOUT-29-RFK,2025-12-03T14:06:21.683066Z,104.00,0.0300,0.9700,yes
1f6daa20-35e1-7ea1-1ebe-7a236ad92af4,KXCABOUT-29-RFK,2025-12-03T10:14:37.715575Z,100.00,0.0300,0.9700,yes
e9266a9b-0d15-4f31-c33e-fe3924613ddc,KXCABOUT-29-RFK,2025-12-03T08:32:29.121906Z,31.00,0.0300,0.9700,yes
89072b3d-c915-5535-3331-cae42ded6cb0,KXCABOUT-29-RFK,2025-12-02T23:10:35.053852Z,187.00,0.0300,0.9700,yes
674f2e3f-5a48-4274-2917-d0d92a94fe8a,KXCABOUT-29-RFK,2025-12-02T21:38:14.457035Z,147.00,0.0200,0.9800,no
0e048ed9-73f9-4d6f-17b3-2f302ceddf9f,KXCABOUT-29-RFK,2025-12-02T21:38:14.457035Z,9.00,0.0200,0.9800,no
2673e87c-9d41-4a41-48df-c4fa3cb37f18,KXCABOUT-29-RFK,2025-12-02T18:32:56.740862Z,39.00,0.0300,0.9700,yes
ead0789e-4ce9-54ed-1824-da7e0f955a64,KXCABOUT-29-RFK,2025-12-02T18:32:28.042029Z,39.00,0.0300,0.9700,yes
5c8496d7-fdc9-5cfd-0203-691c97851364,KXCABOUT-29-RFK,2025-12-02T18:27:28.625862Z,5.00,0.0300,0.9700,yes
110be2aa-c9e1-4ef9-2898-a86fe4596800,KXCABOUT-29-RFK,2025-12-02T17:42:55.782183Z,93.00,0.0300,0.9700,yes
4c9c8972-7e29-518d-5b84-b63da06ebfa0,KXCABOUT-29-RFK,2025-12-02T06:42:09.157388Z,62.00,0.0300,0.9700,yes
5a6ad3f7-3309-54d5-8c1a-6e95980cad7c,KXCABOUT-29-RFK,2025-12-02T04:16:34.889833Z,312.00,0.0300,0.9700,yes
80fc44dc-5da9-6fd3-6617-f00456d6dd8f,KXCABOUT-29-RFK,2025-12-02T04:13:52.004677Z,6.00,0.0200,0.9800,no
6c45c276-1c52-60d0-61be-9680430600fd,KXCABOUT-29-RFK,2025-12-02T04:13:52.004677Z,100.00,0.0200,0.9800,no
1fb98c8a-8808-64c0-4fc7-cbe618898969,KXCABOUT-29-RFK,2025-12-02T04:13:52.004677Z,50.00,0.0200,0.9800,no
f153d925-39bd-4149-e0dd-7b56f6126724,KXCABOUT-29-RFK,2025-12-02T02:57:56.782831Z,156.00,0.0300,0.9700,yes
3628bb02-a50d-63a9-4f0b-4d2e6b2565b8,KXCABOUT-29-RFK,2025-12-02T02:46:08.982595Z,624.00,0.0300,0.9700,yes
4ccd0b6f-b84d-5330-fd94-5f1439b17598,KXCABOUT-29-RFK,2025-12-02T01:39:22.187183Z,7.00,0.0300,0.9700,yes
41f6ed8b-adeb-5eac-c1cf-4a11d58f459d,KXCABOUT-29-RFK,2025-12-02T01:39:22.187183Z,7.00,0.0300,0.9700,yes
1301229a-f48d-510d-c102-6c62b1467ff0,KXCABOUT-29-RFK,2025-12-02T01:39:22.187183Z,48.00,0.0300,0.9700,yes
7f44bd92-2bd9-53f1-8d47-6ead0957324e,KXCABOUT-29-RFK,2025-12-01T23:56:15.854641Z,3.00,0.0300,0.9700,yes
f6055958-f48b-6fd2-ee4a-ebf328b1f99a,KXCABOUT-29-RFK,2025-12-01T23:25:55.165078Z,17.00,0.0300,0.9700,yes
81e88d75-ff20-6c6b-da63-8e5fb4f0b108,KXCABOUT-29-RFK,2025-12-01T23:25:55.165078Z,101.00,0.0500,0.9500,yes
374edc91-a58e-6ee4-e34f-045741e8ab72,KXCABOUT-29-RFK,2025-12-01T23:25:55.165078Z,96.00,0.0300,0.9700,yes
08065cc4-aa28-69b1-e486-6299016cb9ee,KXCABOUT-29-RFK,2025-12-01T23:25:55.165078Z,4.00,0.0300,0.9700,yes
03b366a5-0d3d-63fc-f504-0f831f7b0fad,KXCABOUT-29-RFK,2025-12-01T23:25:55.165078Z,16.00,0.0500,0.9500,yes
ea5cb6e5-2c7f-6870-059d-9bf61d9084f1,KXCABOUT-29-RFK,2025-12-01T23:16:33.117101Z,11.00,0.0300,0.9700,yes
d5316763-a285-671d-2d24-1223df778300,KXCABOUT-29-RFK,2025-12-01T23:16:33.117101Z,2.00,0.0300,0.9700,yes
ac2e611e-c315-66b1-112f-729171411410,KXCABOUT-29-RFK,2025-12-01T23:16:33.117101Z,299.00,0.0300,0.9700,yes
c9ddac9e-df19-5e49-60f0-c8de345a3d14,KXCABOUT-29-RFK,2025-12-01T22:34:28.142863Z,93.00,0.0300,0.9700,yes
6e1563f9-47a9-5935-b2b1-0f41243b9fb0,KXCABOUT-29-RFK,2025-12-01T22:32:46.429845Z,31.00,0.0300,0.9700,yes
728a7776-56c5-78e9-3a3b-fff1de96f1cc,KXCABOUT-29-RFK,2025-12-01T22:26:56.292726Z,196.00,0.0300,0.9700,yes
3e816db7-8981-77f4-006b-6d52482d2b5d,KXCABOUT-29-RFK,2025-12-01T22:26:56.292726Z,804.00,0.0300,0.9700,yes
ffc413e0-c6ed-63e4-173f-07606864f245,KXCABOUT-29-RFK,2025-12-01T22:03:49.585476Z,160.00,0.0300,0.9700,yes
dd908115-be09-5a60-f54c-9dbcfae40cc5,KXCABOUT-29-RFK,2025-12-01T21:53:09.03843Z,36.00,0.0300,0.9700,yes
3bd9fb9a-937b-5310-f68b-cad25e372b4f,KXCABOUT-29-RFK,2025-12-01T21:53:09.03843Z,64.00,0.0300,0.9700,yes
b2d63a47-1fb7-6054-d903-de535df4e153,KXCABOUT-29-RFK,2025-12-01T21:46:13.828945Z,312.00,0.0300,0.9700,yes
c225cb8f-ae3f-4bc8-1406-73d2ac24011f,KXCABOUT-29-RFK,2025-12-01T21:31:55.175821Z,20.00,0.0300,0.9700,yes
e62dd47c-f2ff-5990-784e-78cdbfef6547,KXCABOUT-29-RFK,2025-12-01T21:13:26.027051Z,93.00,0.0300,0.9700,yes
927d5a81-9097-4a58-b8b4-0c153cce353b,KXCABOUT-29-RFK,2025-12-01T20:28:13.502982Z,156.00,0.0300,0.9700,yes
b9d02ec2-78fb-7c2c-27a0-fc5dde0147f7,KXCABOUT-29-RFK,2025-12-01T19:59:43.97192Z,156.00,0.0300,0.9700,yes
d11fc641-830b-7fa0-9b79-8c9831b5f32b,KXCABOUT-29-RFK,2025-12-01T19:29:25.507589Z,6.00,0.0300,0.9700,yes
576ae2eb-bf03-5848-bc32-45724cf98aff,KXCABOUT-29-RFK,2025-12-01T18:15:21.705272Z,156.00,0.0300,0.9700,yes
73c437a0-2aeb-7ae8-e270-2b71488573ab,KXCABOUT-29-RFK,2025-12-01T17:05:03.816724Z,27.00,0.0300,0.9700,yes
6af554f7-5def-5414-8851-161bf67f9d9b,KXCABOUT-29-RFK,2025-12-01T15:36:09.996911Z,10.00,0.0300,0.9700,yes
b03f15aa-a284-7edf-3ed9-b1a5de111fbc,KXCABOUT-29-RFK,2025-11-29T19:01:48.936027Z,79.00,0.0500,0.9500,yes
5d0d5807-9200-7f2b-9ead-b603ba27b384,KXCABOUT-29-RFK,2025-11-29T14:47:05.407971Z,28.00,0.0500,0.9500,yes
b90f041d-7dc8-6230-9d08-d7c9313f5c6e,KXCABOUT-29-RFK,2025-11-28T05:15:40.281186Z,173.00,0.0400,0.9600,no
a6d99201-4fc9-4618-1f5a-890c8f798feb,KXCABOUT-29-RFK,2025-11-26T14:36:26.576937Z,18.00,0.0400,0.9600,yes
77a4f751-4c2d-41fa-27ac-49cd09608620,KXCABOUT-29-RFK,2025-11-26T14:36:26.576937Z,314.00,0.0400,0.9600,yes
4bdd209c-731d-4814-1fd1-af56fcc3433f,KXCABOUT-29-RFK,2025-11-26T14:36:26.576937Z,17.00,0.0400,0.9600,yes
f587eb54-a68f-45c1-eab9-a75ba2debb11,KXCABOUT-29-RFK,2025-11-26T00:55:55.303743Z,1.00,0.0400,0.9600,yes
7c181788-7e4a-4413-d8e7-af094df6d431,KXCABOUT-29-RFK,2025-11-26T00:55:55.303743Z,4.00,0.0400,0.9600,yes
12ea956e-1be3-4510-fd77-3f0e69ee6566,KXCABOUT-29-RFK,2025-11-26T00:55:55.303743Z,11.00,0.0400,0.9600,yes
213bd490-3c4e-4872-c772-19f0b9ae20b4,KXCABOUT-29-RFK,2025-11-25T21:42:25.122434Z,117.00,0.0400,0.9600,yes
d47ac977-ac96-5561-c3ca-808239e05c85,KXCABOUT-29-RFK,2025-11-25T18:47:05.804255Z,23.00,0.0400,0.9600,yes
98e6528b-9959-6da6-8ae5-734799bad888,KXCABOUT-29-RFK,2025-11-25T15:29:15.399188Z,799.00,0.0500,0.9500,yes
687c43dd-ae94-6cab-a4df-7895da338a7e,KXCABOUT-29-RFK,2025-11-25T15:29:15.399188Z,284.00,0.0500,0.9500,yes
134875f5-3cb4-6907-a976-9c759643cfc8,KXCABOUT-29-RFK,2025-11-25T15:29:15.399188Z,792.00,0.0500,0.9500,yes
281b5f38-e650-5383-d66c-3592e90793ca,KXCABOUT-29-RFK,2025-11-23T21:20:33.661999Z,18.00,0.0500,0.9500,yes
c35b4d67-c498-5a2f-742a-1ccb5d437bbe,KXCABOUT-29-RFK,2025-11-20T02:58:43.772667Z,18.00,0.0500,0.9500,yes
cc28723f-4c5f-4a92-d945-f29f8a846488,KXCABOUT-29-RFK,2025-11-19T05:49:15.693064Z,140.00,0.0300,0.9700,no
93a55bdb-31bb-403a-d605-60d9b18858ab,KXCABOUT-29-RFK,2025-11-19T05:49:15.693064Z,9.00,0.0300,0.9700,no
a4922dbf-0d40-46ab-b809-556a37174102,KXCABOUT-29-RFK,2025-11-19T05:40:58.528129Z,149.00,0.0500,0.9500,yes
b9eef33b-4790-6de7-4a85-dd1c31cd6c46,KXCABOUT-29-RFK,2025-11-18T13:15:36.454289Z,14.00,0.0500,0.9500,yes
e1bc8078-e428-76b7-2357-bc80f7bb62b6,KXCABOUT-29-RFK,2025-11-18T07:15:35.830883Z,28.00,0.0500,0.9500,yes
524866af-e020-5203-e2ed-0204550f7266,KXCABOUT-29-RFK,2025-11-16T15:50:41.15577Z,71.00,0.0500,0.9500,yes
a8ce3c79-dd23-58f9-03c0-65469f6943e3,KXCABOUT-29-RFK,2025-11-10T22:55:04.842003Z,33.00,0.0400,0.9600,yes
c5bb9643-17ef-7df5-af93-12e290d96e4b,KXCABOUT-29-RFK,2025-11-09T20:22:24.385485Z,229.00,0.0400,0.9600,yes
4cea9448-fff8-707d-9666-abd09191d0ed,KXCABOUT-29-RFK,2025-11-09T20:22:24.385485Z,5.00,0.0400,0.9600,yes
506042d3-e4f0-6053-0a75-23037556142a,KXCABOUT-29-RFK,2025-11-05T20:09:47.198398Z,18.00,0.0500,0.9500,yes
87e084d9-14be-4443-0ce1-47e3a9a6decc,KXCABOUT-29-RFK,2025-11-05T05:24:31.64805Z,5.00,0.0500,0.9500,no
4a635d6a-35b2-4aa7-2739-c8b2970ebc93,KXCABOUT-29-RFK,2025-11-05T05:24:31.64805Z,50.00,0.0500,0.9500,no
a7c888cf-46e8-7a91-32bf-28ae20ba60fb,KXCABOUT-29-RFK,2025-11-01T14:12:45.516972Z,385.00,0.0600,0.9400,yes
7da216f2-d6e2-7a76-2b62-31fc941c7147,KXCABOUT-29-RFK,2025-11-01T14:12:45.516972Z,205.00,0.0600,0.9400,yes
6db2c607-f95e-7115-1a76-2dbe325ba32e,KXCABOUT-29-RFK,2025-11-01T14:12:45.516972Z,100.00,0.0600,0.9400,yes
3d5cf51a-1bb5-7d8f-3b86-be58f0c99d51,KXCABOUT-29-RFK,2025-11-01T14:12:45.516972Z,7.00,0.0600,0.9400,yes
2bcd6fde-3fa6-7290-29ed-2535c1c675e2,KXCABOUT-29-RFK,2025-11-01T14:12:45.516972Z,84.00,0.0600,0.9400,yes
30a56a3e-644e-4aa9-1f74-5977938a1d56,KXCABOUT-29-RFK,2025-11-01T12:44:08.677356Z,46.00,0.0600,0.9400,yes
0941ac15-217e-693d-5dc7-a7cf099333b6,KXCABOUT-29-RFK,2025-10-30T20:35:16.898449Z,78.00,0.0600,0.9400,yes
a4082257-fd05-6bb1-1a0c-4a257706df7e,KXCABOUT-29-RFK,2025-10-30T15:17:49.893511Z,100.00,0.0400,0.9600,yes
39009d80-101b-6fba-c8c0-ecf6d5fc58cb,KXCABOUT-29-RFK,2025-10-30T04:00:05.258226Z,1.00,0.0300,0.9700,no
f2636aac-198e-4421-e21e-0658a54e934a,KXCABOUT-29-RFK,2025-10-28T10:09:06.006435Z,15.00,0.0600,0.9400,yes
f19706be-78c2-6ec9-83cf-6f4febbb34ce,KXCABOUT-29-RFK,2025-10-28T04:21:14.363604Z,156.00,0.0600,0.9400,yes
12d5c156-c44b-4556-8bbe-4a0cd99a0f7f,KXCABOUT-29-RFK,2025-10-27T19:21:40.787861Z,15.00,0.0300,0.9700,no
8a697e7c-2bb3-783f-4b9b-a359a30395de,KXCABOUT-29-RFK,2025-10-26T17:16:18.911673Z,145.00,0.0600,0.9400,yes
3a47910e-5101-7e28-5bb1-027117b7195b,KXCABOUT-29-RFK,2025-10-26T17:16:18.911673Z,11.00,0.0600,0.9400,yes
6ac91d01-f659-6c01-d4a9-f6c919b41225,KXCABOUT-29-RFK,2025-10-22T22:20:09.20823Z,4.00,0.0400,0.9600,no
be347459-fd1f-4217-5960-3a95bd7a0aa4,KXCABOUT-29-RFK,2025-10-22T01:07:04.954475Z,100.00,0.0600,0.9400,yes
b11eb709-7c3c-4f70-7fbb-2ef783dd567a,KXCABOUT-29-RFK,2025-10-22T01:07:04.954475Z,8.00,0.0600,0.9400,yes
b0cefd35-3315-4955-7555-eae44658521d,KXCABOUT-29-RFK,2025-10-22T01:07:04.954475Z,112.00,0.0700,0.9300,yes
2fc2487f-69a9-4b64-5bca-cbdd189f976a,KXCABOUT-29-RFK,2025-10-22T01:07:04.954475Z,73.00,0.0600,0.9400,yes
89a1259e-d6dc-6e40-1361-1cada131b437,KXCABOUT-29-RFK,2025-10-20T17:27:05.698639Z,1.00,0.0600,0.9400,yes
54088c07-6f59-72bd-a5b3-bfc18a949075,KXCABOUT-29-RFK,2025-10-19T21:13:08.131536Z,61.00,0.0700,0.9300,yes
27dc513c-d3e8-7b4e-9da1-5d9810476d70,KXCABOUT-29-RFK,2025-10-19T21:13:08.131536Z,6.00,0.0600,0.9400,yes
001d2ca9-c97c-7ef4-b03a-aa329995889c,KXCABOUT-29-RFK,2025-10-19T21:13:08.131536Z,1.00,0.0600,0.9400,yes
dba0164c-1892-7904-abbb-bc3eb421a7c0,KXCABOUT-29-RFK,2025-10-19T14:31:49.220344Z,182.00,0.0500,0.9500,yes
cb732b65-c0bf-76da-ae5b-baa43668a0df,KXCABOUT-29-RFK,2025-10-19T14:31:49.220344Z,141.00,0.0600,0.9400,yes
ca3b9741-b465-7718-a33c-6d38aad0e340,KXCABOUT-29-RFK,2025-10-19T14:31:49.220344Z,258.00,0.0600,0.9400,yes
a056b569-c83e-7667-9616-dc86e3df33b0,KXCABOUT-29-RFK,2025-10-19T14:31:49.220344Z,15.00,0.0600,0.9400,yes
9e5e4742-2621-7a8d-a97d-1c2885c4bdd1,KXCABOUT-29-RFK,2025-10-19T14:31:49.220344Z,34.00,0.0700,0.9300,yes
75c68527-8b02-77c9-8c5e-9d3de4149b3e,KXCABOUT-29-RFK,2025-10-19T14:31:49.220344Z,5.00,0.0600,0.9400,yes
5f255bf7-5339-70fd-b27a-166dd3a350bb,KXCABOUT-29-RFK,2025-10-19T14:31:49.220344Z,18.00,0.0600,0.9400,yes
18cbdb78-90af-7c83-a8a2-bb7b9673b7a4,KXCABOUT-29-RFK,2025-10-19T14:31:49.220344Z,97.00,0.0700,0.9300,yes
d30776c5-fca0-46f7-086f-df92164013ea,KXCABOUT-29-RFK,2025-10-19T10:57:47.425014Z,10.00,0.0500,0.9500,yes
b3a3538b-051e-4b8c-395d-7c66074e2b78,KXCABOUT-29-RFK,2025-10-19T10:57:47.425014Z,8.00,0.0500,0.9500,yes
964a1084-b581-6c23-d76f-06d10fc7a340,KXCABOUT-29-RFK,2025-10-14T06:46:46.247604Z,294.00,0.0300,0.9700,no
a002a011-19b1-6edb-7db4-67429c2a28a8,KXCABOUT-29-RFK,2025-10-12T17:57:55.710393Z,11.00,0.0300,0.9700,no
8c44e669-7845-6c0d-5881-7ca40b610d23,KXCABOUT-29-RFK,2025-10-12T17:57:55.710393Z,5.00,0.0400,0.9600,no
8b33a6c0-9615-6792-7c1b-54de157f46d1,KXCABOUT-29-RFK,2025-10-12T17:57:55.710393Z,5.00,0.0300,0.9700,no
6200ce04-554e-6962-4e9b-92878135b988,KXCABOUT-29-RFK,2025-10-12T17:57:55.710393Z,25.00,0.0300,0.9700,no
aabca50f-9e43-68f6-1916-88739ce91c77,KXCABOUT-29-RFK,2025-10-10T14:04:51.260116Z,15.00,0.0600,0.9400,yes
f9b4c2f4-e3cb-4429-aed1-10188774c3e4,KXCABOUT-29-RFK,2025-10-09T20:12:31.549253Z,28.00,0.0600,0.9400,yes
d7fd61f0-4abf-4b36-9171-a84f88838273,KXCABOUT-29-RFK,2025-10-09T20:12:31.549253Z,296.00,0.0700,0.9300,yes
96a5d7eb-0ec9-4083-b070-84457cc5700e,KXCABOUT-29-RFK,2025-10-09T20:12:31.549253Z,44.00,0.0600,0.9400,yes
6d231b7b-9cba-46bd-a80a-aef4cccff74e,KXCABOUT-29-RFK,2025-10-09T20:12:31.549253Z,266.00,0.0800,0.9200,yes
4a8fdab8-3200-4cfe-86f1-34845ac362f0,KXCABOUT-29-RFK,2025-10-09T20:12:31.549253Z,10.00,0.0600,0.9400,yes
f1a29fc3-2d45-7c97-cf90-fbb58ba01333,KXCABOUT-29-RFK,2025-10-08T05:12:29.133032Z,5.00,0.0600,0.9400,yes
ecf91d23-e565-7ba7-e54c-6e76e19e6816,KXCABOUT-29-RFK,2025-10-08T05:12:29.133032Z,151.00,0.0600,0.9400,yes
d925310d-cea6-79e7-742f-a75549f24607,KXCABOUT-29-RFK,2025-10-06T04:19:30.036283Z,94.00,0.0600,0.9400,yes
d7bbb060-6cc3-72b2-511f-08b12de64d13,KXCABOUT-29-RFK,2025-10-06T04:19:30.036283Z,4.00,0.0700,0.9300,yes
64daea23-6ef3-7e0c-5ba4-2d621121e130,KXCABOUT-29-RFK,2025-10-06T04:19:30.036283Z,10.00,0.0600,0.9400,yes
54fb4547-587d-7e81-79fe-163946a9ca08,KXCABOUT-29-RFK,2025-10-06T04:19:30.036283Z,5.00,0.0600,0.9400,yes
3a469dad-d8b4-70a4-5e3c-01b4d2ebd0de,KXCABOUT-29-RFK,2025-10-06T04:19:30.036283Z,277.00,0.0600,0.9400,yes
106d968f-e898-7da3-91ab-e4cac58bdc11,KXCABOUT-29-RFK,2025-10-05T03:22:29.270198Z,5.00,0.0500,0.9500,yes
848428d2-8beb-42a0-cf6c-1d05a096dc16,KXCABOUT-29-RFK,2025-10-03T07:23:34.291607Z,5.00,0.0700,0.9300,yes
d9bd208e-864c-7d40-b2d5-f45bde9a51da,KXCABOUT-29-RFK,2025-10-03T07:23:13.448588Z,37.00,0.0600,0.9400,yes
dbeabf11-7d66-52de-d105-8f0362ab1762,KXCABOUT-29-RFK,2025-10-03T07:22:59.872611Z,250.00,0.0500,0.9500,yes
914304f5-dd3c-78c0-6fb7-164369e6b661,KXCABOUT-29-RFK,2025-10-02T03:18:50.787145Z,37.00,0.0300,0.9700,no
1233d1ef-cf73-7f6f-66ab-993b97c5f710,KXCABOUT-29-RFK,2025-10-02T03:18:50.787145Z,527.00,0.0300,0.9700,no
10ddef20-a323-707e-559e-26ce54a02899,KXCABOUT-29-RFK,2025-10-02T03:18:50.787145Z,20.00,0.0500,0.9500,no
1918dcf0-6b89-6834-e72b-5bc18c28d701,KXCABOUT-29-RFK,2025-10-01T17:39:54.263153Z,26.00,0.0700,0.9300,yes
ef46d035-c083-4bc9-fcae-3bc0f7fa4bb3,KXCABOUT-29-RFK,2025-09-30T16:56:33.184624Z,15.00,0.0600,0.9400,yes
ed913df8-01b1-5a66-0670-2e7e27aef30b,KXCABOUT-29-RFK,2025-09-29T22:33:34.372964Z,115.00,0.0800,0.9200,yes
c8b92e33-9b04-5e00-14e3-ee06dfa6e6bd,KXCABOUT-29-RFK,2025-09-29T22:33:34.372964Z,200.00,0.0800,0.9200,yes
c59fd90e-ee6b-58f8-0688-3322cbb59cbb,KXCABOUT-29-RFK,2025-09-29T22:33:34.372964Z,35.00,0.0800,0.9200,yes
bb3dc80d-8676-5fe9-3520-921f12681c2e,KXCABOUT-29-RFK,2025-09-29T22:33:34.372964Z,161.00,0.0800,0.9200,yes
82d0a073-71c2-52a7-041c-bde10e19572d,KXCABOUT-29-RFK,2025-09-29T22:33:34.372964Z,16.00,0.0700,0.9300,yes
74f76608-3c5d-5ca2-17c5-bc4e1d3b7fce,KXCABOUT-29-RFK,2025-09-29T22:33:34.372964Z,5.00,0.0600,0.9400,yes
706f3005-677e-5444-149d-6a4f2e85c140,KXCABOUT-29-RFK,2025-09-29T22:33:34.372964Z,76.00,0.0700,0.9300,yes
44f32ebc-58ff-5fde-1315-32a3a695741d,KXCABOUT-29-RFK,2025-09-29T22:33:34.372964Z,62.00,0.0600,0.9400,yes
1e6d00bf-e5bf-5868-084f-7437d020fbf7,KXCABOUT-29-RFK,2025-09-29T22:33:34.372964Z,607.00,0.0700,0.9300,yes
e3af4563-4483-4676-0869-6b345ade79f5,KXCABOUT-29-RFK,2025-09-29T20:47:10.391162Z,31.00,0.0600,0.9400,yes
f704dc50-1b2f-5d16-e4b2-b1260abeb775,KXCABOUT-29-RFK,2025-09-29T13:42:11.357336Z,10.00,0.0600,0.9400,yes
8574dda5-049d-52ff-fa76-66af25d2ab80,KXCABOUT-29-RFK,2025-09-29T13:42:11.357336Z,5.00,0.0600,0.9400,yes
bfd7e523-47e8-467c-cb27-1c6d1c979449,KXCABOUT-29-RFK,2025-09-27T19:21:34.328041Z,63.00,0.0300,0.9700,no
1871722b-9b7c-7e25-f514-773cd3d13f4d,KXCABOUT-29-RFK,2025-09-27T17:00:02.094386Z,200.00,0.0600,0.9400,yes
f0cd31e2-0f34-724c-33f2-30a6bab00a65,KXCABOUT-29-RFK,2025-09-27T03:36:45.179513Z,50.00,0.0300,0.9700,no
c4f9d97d-c1fe-7e3d-d901-746ff4a564ef,KXCABOUT-29-RFK,2025-09-25T23:32:58.153566Z,104.00,0.0700,0.9300,yes
ab2ad07e-0215-7931-e357-d781cfa63d0a,KXCABOUT-29-RFK,2025-09-25T23:32:58.153566Z,5.00,0.0700,0.9300,yes
08c60262-9dae-7378-d41f-ce6296c85250,KXCABOUT-29-RFK,2025-09-25T23:32:58.153566Z,92.00,0.0700,0.9300,yes
2fca46cd-9b5e-52fd-f6b1-96dab53adc2f,KXCABOUT-29-RFK,2025-09-25T11:16:04.16075Z,13.00,0.0700,0.9300,yes
343d9548-dd16-5ee1-9075-985de785c58f,KXCABOUT-29-RFK,2025-09-24T17:33:02.613054Z,156.00,0.0700,0.9300,yes
167b32af-38c2-555a-ad69-9a4a1078ee8f,KXCABOUT-29-RFK,2025-09-24T17:33:02.613054Z,41.00,0.0700,0.9300,yes
70ba279c-bcba-599a-e24e-1e371e9bf44b,KXCABOUT-29-RFK,2025-09-23T19:30:46.900891Z,13.00,0.0700,0.9300,yes
cf772bc6-fda1-4eed-94f0-eccb9236be90,KXCABOUT-29-RFK,2025-09-22T04:45:27.785647Z,453.00,0.0500,0.9500,no
12f72f9e-4032-4a3f-9450-bebc715b2c70,KXCABOUT-29-RFK,2025-09-22T04:45:27.785647Z,2.00,0.0500,0.9500,no
84d90943-76f0-490d-83eb-7cbe1bc89ab1,KXCABOUT-29-RFK,2025-09-21T13:17:15.047085Z,300.00,0.0500,0.9500,no
a5178b81-facb-49f0-a09b-62a30ca001af,KXCABOUT-29-RFK,2025-09-21T13:16:08.399065Z,400.00,0.0600,0.9400,no
361209ee-b1b4-4885-b23f-7ff3ad1721a3,KXCABOUT-29-RFK,2025-09-21T00:59:04.653193Z,235.00,0.0600,0.9400,no
045b8fd6-9100-4079-a286-e7d1f22fc3e5,KXCABOUT-29-RFK,2025-09-21T00:05:26.094718Z,53.00,0.0700,0.9300,yes
4c22dba6-dc70-4690-adf5-b2015e572c8f,KXCABOUT-29-RFK,2025-09-18T20:45:57.184925Z,134.00,0.0700,0.9300,yes
fd6c4767-0741-4ab9-8956-464988247f86,KXCABOUT-29-RFK,2025-09-18T02:41:51.351279Z,100.00,0.0600,0.9400,no
461b249a-f051-47f3-bed7-2258aade18e4,KXCABOUT-29-RFK,2025-09-17T23:35:30.543822Z,55.00,0.0700,0.9300,yes
028f5aba-87f2-426a-98e9-342e1280dc70,KXCABOUT-29-RFK,2025-09-17T23:35:30.543822Z,31.00,0.0700,0.9300,yes
3a37faf9-7bb1-446c-a953-33993eb2edaa,KXCABOUT-29-RFK,2025-09-17T19:58:27.777917Z,9.00,0.0700,0.9300,yes
ccefd00d-00e6-4d95-bbc3-7529c030b0b1,KXCABOUT-29-RFK,2025-09-17T14:19:12.271424Z,21.00,0.0700,0.9300,yes
83fde8e3-4c68-4c80-8226-aa885e75f689,KXCABOUT-29-RFK,2025-09-17T14:18:46.802302Z,415.00,0.0700,0.9300,yes
536f01af-18c6-4314-854c-be47385858e7,KXCABOUT-29-RFK,2025-09-17T05:08:56.617383Z,171.00,0.0600,0.9400,yes
554e46d2-5b98-4c27-9094-bc7813448d78,KXCABOUT-29-RFK,2025-09-16T22:07:26.779911Z,1.00,0.0600,0.9400,yes
59d4e7e6-fefe-42ef-b899-8c7c278a8572,KXCABOUT-29-RFK,2025-09-16T14:07:16.448158Z,695.00,0.0500,0.9500,no
d500c10c-3579-458b-95c4-be440cb9021a,KXCABOUT-29-RFK,2025-09-16T13:37:31.183285Z,28.00,0.0600,0.9400,yes
e5ec90a7-9dec-49fb-a3bb-25cf7488cd1f,KXCABOUT-29-RFK,2025-09-15T01:25:33.194045Z,25.00,0.0800,0.9200,yes
9407dcd1-700e-44c9-a2e3-838855dc22c6,KXCABOUT-29-RFK,2025-09-15T01:25:21.712738Z,25.00,0.0700,0.9300,yes
f568a300-c858-4a7f-9a88-dfe0ff90bcba,KXCABOUT-29-RFK,2025-09-15T00:44:51.350798Z,25.00,0.0300,0.9700,no
eb1bf33a-8f9b-4731-bad3-af9e2938a7d8,KXCABOUT-29-RFK,2025-09-15T00:44:51.350798Z,20.00,0.0700,0.9300,no
e6cdb062-6bc0-48ff-b942-3f5cc68ce32a,KXCABOUT-29-RFK,2025-09-15T00:44:51.350798Z,590.00,0.0300,0.9700,no
cd27480f-14ad-42c9-abbc-4531eaea91cb,KXCABOUT-29-RFK,2025-09-15T00:44:51.350798Z,500.00,0.0400,0.9600,no
aefa4c23-97e4-4f91-9101-294cd425eeb3,KXCABOUT-29-RFK,2025-09-15T00:44:51.350798Z,500.00,0.0300,0.9700,no
a49cc0cd-bfdf-4f01-8b92-4cc6dc79998e,KXCABOUT-29-RFK,2025-09-15T00:44:51.350798Z,367.00,0.0400,0.9600,no
83290323-02e3-4659-9a9f-43c61c7aca8c,KXCABOUT-29-RFK,2025-09-15T00:44:51.350798Z,10.00,0.0500,0.9500,no
30a31c1d-4806-4af1-ad0e-278827498e43,KXCABOUT-29-RFK,2025-09-15T00:44:51.350798Z,250.00,0.0300,0.9700,no
2d8b9115-129a-428d-a60e-4c21ad117d72,KXCABOUT-29-RFK,2025-09-15T00:44:51.350798Z,11.00,0.0500,0.9500,no
0ed9d056-eefc-48df-aaa0-3d6c392ce263,KXCABOUT-29-RFK,2025-09-15T00:44:51.350798Z,2.00,0.0500,0.9500,no
68f2b49e-cbaa-47f5-88da-0adccba421d0,KXCABOUT-29-RFK,2025-09-14T23:41:00.413477Z,25.00,0.0800,0.9200,yes
5b1a4410-b76e-4cfa-9ad2-eef05a827f12,KXCABOUT-29-RFK,2025-09-14T23:40:50.296696Z,5.00,0.0700,0.9300,yes
d3801169-32de-4558-824c-1266cb91ab9f,KXCABOUT-29-RFK,2025-09-14T19:22:41.650048Z,33.00,0.0400,0.9600,no
7a0dbdbf-58b7-4284-9333-a25848d95a1d,KXCABOUT-29-RFK,2025-09-14T19:22:24.514006Z,10.00,0.0500,0.9500,no
509ed2e1-572e-451a-8b86-f1d010b7f1e6,KXCABOUT-29-RFK,2025-09-14T19:22:24.514006Z,48.00,0.0500,0.9500,no
18275a2f-16e5-4bb8-80a1-3349fcefcdbb,KXCABOUT-29-RFK,2025-09-14T19:22:24.514006Z,9.00,0.0500,0.9500,no
db621c0c-caef-4382-a83f-7537443da938,KXCABOUT-29-RFK,2025-09-12T07:15:54.648262Z,2.00,0.0500,0.9500,no
c6f008c9-a44f-498a-b6a1-23cb6d8752e1,KXCABOUT-29-RFK,2025-09-12T07:15:54.648262Z,3.00,0.0500,0.9500,no
96ca18da-31fe-4658-b997-0fd003a6b26d,KXCABOUT-29-RFK,2025-09-12T07:15:54.648262Z,49.00,0.0400,0.9600,no
59bcc16e-ddda-4c84-b9ab-163bb3ebd7ab,KXCABOUT-29-RFK,2025-09-12T07:15:54.648262Z,62.00,0.0500,0.9500,no
de9dd08a-ef06-430a-a600-4dce260752f8,KXCABOUT-29-RFK,2025-09-11T03:39:13.019735Z,11.00,0.0800,0.9200,yes
1bcd5942-094f-4f71-b1af-629275dded73,KXCABOUT-29-RFK,2025-09-10T19:38:04.617728Z,35.00,0.0500,0.9500,no
217f4365-0d9e-49ab-85b7-33690abf671a,KXCABOUT-29-RFK,2025-09-10T01:01:35.412415Z,32.00,0.0900,0.9100,yes
ae6587f6-a152-4526-be90-80d015b33691,KXCABOUT-29-RFK,2025-09-09T21:02:14.712121Z,3.00,0.0900,0.9100,yes
67ecca13-5ca0-4522-be4a-61e244ceb812,KXCABOUT-29-RFK,2025-09-09T20:48:56.066713Z,52.00,0.0900,0.9100,yes
b4bae6a5-0f81-4a69-8a1c-28a405b83e70,KXCABOUT-29-RFK,2025-09-09T17:56:02.862937Z,90.00,0.1000,0.9000,yes
a62c2ed3-1b30-43e4-87bf-613d2cd051aa,KXCABOUT-29-RFK,2025-09-09T17:56:02.862937Z,85.00,0.0800,0.9200,yes
54b4059f-3252-4191-9515-33c28fdd391b,KXCABOUT-29-RFK,2025-09-09T17:56:02.862937Z,30.00,0.1000,0.9000,yes
60a031ab-d93e-4427-998a-c8e67e76d17c,KXCABOUT-29-RFK,2025-09-09T13:17:02.825199Z,234.00,0.0800,0.9200,yes
f0a141d6-3ca1-4d56-b695-d2c0f35cc4be,KXCABOUT-29-RFK,2025-09-09T05:09:08.458003Z,300.00,0.0500,0.9500,no
39aec815-59d9-4a73-ad2b-6eb04fc936af,KXCABOUT-29-RFK,2025-09-09T05:09:08.458003Z,629.00,0.0500,0.9500,no
37041c26-feb8-4675-bf9e-6e791f7695e5,KXCABOUT-29-RFK,2025-09-09T05:09:08.458003Z,7.00,0.0400,0.9600,no
c367b13d-8bf7-4ba3-a52d-6d194885f58b,KXCABOUT-29-RFK,2025-09-08T13:17:25.756803Z,294.00,0.0800,0.9200,yes
52b60399-6c86-430e-9e00-cd68c5b5d60a,KXCABOUT-29-RFK,2025-09-08T07:44:28.553543Z,116.00,0.0800,0.9200,yes
bbef4701-9633-4830-ab3a-1474caedf0ab,KXCABOUT-29-RFK,2025-09-08T00:56:54.65656Z,33.00,0.0600,0.9400,yes
2a6830ab-e29f-4e9c-a202-feac11bd3d66,KXCABOUT-29-RFK,2025-09-08T00:56:54.65656Z,5.00,0.0700,0.9300,yes
2a43c6f3-b426-4ed4-b2be-96af4f867471,KXCABOUT-29-RFK,2025-09-08T00:56:54.65656Z,257.00,0.0800,0.9200,yes
16e8681d-6b63-4f3c-91c1-7dc0449f87f8,KXCABOUT-29-RFK,2025-09-08T00:56:54.65656Z,400.00,0.0600,0.9400,yes
467b78fa-0e94-4695-8b7b-60e0cdb6587d,KXCABOUT-29-RFK,2025-09-07T17:48:45.977965Z,703.00,0.0600,0.9400,yes
1eca6a43-811c-4f6c-9b9a-5d556b675d5e,KXCABOUT-29-RFK,2025-09-07T14:26:36.883483Z,100.00,0.0600,0.9400,yes
5a9001bb-a765-4a85-9443-cd794f2b1710,KXCABOUT-29-RFK,2025-09-07T09:23:22.417189Z,10.00,0.0600,0.9400,yes
119b3aaf-1797-4bb7-85f1-bdeebbf5be7d,KXCABOUT-29-RFK,2025-09-07T07:34:26.427992Z,300.00,0.0600,0.9400,yes
c8a2d7d1-dcaa-4fbd-a05c-070ef9df6b2f,KXCABOUT-29-RFK,2025-09-06T22:41:57.127081Z,566.00,0.0600,0.9400,yes
b5d0ee0b-7381-4972-8cb2-1202cd0d941d,KXCABOUT-29-RFK,2025-09-06T22:41:57.127081Z,258.00,0.0500,0.9500,yes
463bd241-8438-4bd2-b711-66c2018d29f5,KXCABOUT-29-RFK,2025-09-06T19:57:49.822666Z,42.00,0.0500,0.9500,yes
0d957f87-e9e2-4f06-8a6e-b4858248e836,KXCABOUT-29-RFK,2025-09-05T20:13:01.222274Z,15.00,0.0600,0.9400,yes
42e84675-d936-46a2-bdc6-32ef0aa4f6db,KXCABOUT-29-RFK,2025-09-05T19:53:41.859222Z,1.00,0.0600,0.9400,yes
e7117cf4-0249-464a-bc0a-913025dcd84a,KXCABOUT-29-RFK,2025-09-05T19:52:30.554449Z,1563.00,0.0600,0.9400,yes
e10900a1-a9dd-44cd-9566-2937e36f798c,KXCABOUT-29-RFK,2025-09-05T18:46:58.360877Z,96.00,0.0500,0.9500,yes
8c540017-e14e-4a7c-85b0-893bd4e2829d,KXCABOUT-29-RFK,2025-09-05T18:46:58.360877Z,607.00,0.0600,0.9400,yes
428944f5-29bc-4ec2-95d7-87373f9d0154,KXCABOUT-29-RFK,2025-09-05T18:46:58.360877Z,300.00,0.0500,0.9500,yes
3d5d1274-02d1-49f8-aabe-fbcc72971d11,KXCABOUT-29-RFK,2025-09-05T16:19:16.173426Z,4.00,0.0500,0.9500,yes
7594b0cb-6cd2-4053-a2d6-30dae5670fcb,KXCABOUT-29-RFK,2025-09-05T15:02:31.233396Z,93.00,0.0500,0.9500,no
5f192015-fc41-4680-b6db-93703f56a775,KXCABOUT-29-RFK,2025-09-05T15:02:31.233396Z,9.00,0.0500,0.9500,no
9fc7cdbb-95d3-4720-8198-7ff23fc73752,KXCABOUT-29-RFK,2025-09-05T14:02:20.162646Z,390.00,0.0600,0.9400,yes
491d61ea-4644-47cc-a2d6-5d29f394b54e,KXCABOUT-29-RFK,2025-09-05T13:33:32.725582Z,20.00,0.0600,0.9400,yes
d7c970c7-41d8-467d-b566-2b5ed585beec,KXCABOUT-29-RFK,2025-09-05T12:16:52.543723Z,90.00,0.0500,0.9500,no
271b119b-ec26-443b-859e-e21ec67ec1d0,KXCABOUT-29-RFK,2025-09-05T12:16:52.543723Z,7.00,0.0500,0.9500,no
352b1c4e-fc22-4b06-be52-9777b6f57c46,KXCABOUT-29-RFK,2025-09-05T10:47:52.666401Z,78.00,0.0600,0.9400,yes
0dd129a9-7dba-4e31-8009-6beebae9da69,KXCABOUT-29-RFK,2025-09-05T03:54:44.445187Z,200.00,0.0600,0.9400,yes
78072e9d-5a25-4647-94bc-cbd344cd075d,KXCABOUT-29-RFK,2025-09-05T03:34:27.802339Z,28.00,0.0600,0.9400,yes
376674d2-2efd-4edb-ab30-b23fe66b77d1,KXCABOUT-29-RFK,2025-09-05T03:17:56.276126Z,160.00,0.0500,0.9500,no
8a4bec9a-e117-474f-8ea5-f656c4762817,KXCABOUT-29-RFK,2025-09-05T02:25:50.731862Z,42.00,0.0600,0.9400,yes
53f31060-d226-4cf4-91d4-de965bb8747f,KXCABOUT-29-RFK,2025-09-04T23:43:00.781485Z,15.00,0.0600,0.9400,yes
e28ad9e8-a07f-4473-8b3f-d5f739ff2c68,KXCABOUT-29-RFK,2025-09-04T22:43:14.199971Z,141.00,0.0500,0.9500,yes
3016f0e5-b815-4172-bda3-c12f795cd88c,KXCABOUT-29-RFK,2025-09-04T22:43:14.199971Z,400.00,0.0500,0.9500,yes
1df90239-021d-4db4-ade7-f94335ce9401,KXCABOUT-29-RFK,2025-09-04T22:43:14.199971Z,302.00,0.0500,0.9500,yes
67cab14c-7935-4113-b493-42e58191e7d3,KXCABOUT-29-RFK,2025-09-04T22:26:39.360794Z,28.00,0.0500,0.9500,yes
a541ca96-433a-4b86-a234-f2f1bbb6afd5,KXCABOUT-29-RFK,2025-09-04T22:26:37.333612Z,187.00,0.0500,0.9500,yes
79bd02ec-e387-4b63-b504-7fcaab1827aa,KXCABOUT-29-RFK,2025-09-04T21:44:19.506115Z,5.00,0.0500,0.9500,yes
1ca0f7e0-41f2-4da0-81d8-4ebadf5da511,KXCABOUT-29-RFK,2025-09-04T21:44:08.458797Z,5.00,0.0500,0.9500,yes
66995110-506f-49bc-8cba-eb804c692939,KXCABOUT-29-RFK,2025-09-04T21:31:24.914509Z,18.00,0.0500,0.9500,yes
a7278377-4fa7-4e56-8162-e25985cc271f,KXCABOUT-29-RFK,2025-09-04T18:38:35.207922Z,25.00,0.0500,0.9500,yes
00cb0d5c-d4fa-4772-9fdf-2a26ada0cc76,KXCABOUT-29-RFK,2025-09-04T18:11:34.772207Z,131.00,0.0500,0.9500,no
0840c65b-6f46-414f-a7e9-5596fd59b6a4,KXCABOUT-29-RFK,2025-09-04T18:11:04.271986Z,38.00,0.0600,0.9400,yes
19da7767-be35-46d9-90f1-bd35f2870f86,KXCABOUT-29-RFK,2025-09-04T18:09:49.720053Z,12.00,0.0600,0.9400,yes
a71215e4-4e53-40f6-a266-1da782ae9546,KXCABOUT-29-RFK,2025-09-04T17:19:52.569645Z,1.00,0.0600,0.9400,yes
3c267dfc-0025-43d0-83dd-3a8d4353918e,KXCABOUT-29-RFK,2025-09-04T17:19:50.943402Z,1.00,0.0300,0.9700,no
9276f4c7-4cbd-4bc7-b25c-2b31c1b70857,KXCABOUT-29-RFK,2025-09-04T17:14:38.936503Z,15.00,0.0600,0.9400,yes
baf19653-371e-4340-9665-bb33a4e9f1f2,KXCABOUT-29-RFK,2025-09-04T16:44:55.721573Z,136.00,0.0600,0.9400,yes
a4097a98-f216-4f7a-92a1-6eeb2d5d55e6,KXCABOUT-29-RFK,2025-09-04T16:44:55.721573Z,205.00,0.0500,0.9500,yes
32f573c2-7651-4a9f-b231-b4ddc13d7589,KXCABOUT-29-RFK,2025-09-04T16:44:55.721573Z,100.00,0.0500,0.9500,yes
d61c6aca-4e19-4326-a100-304125ba4e3e,KXCABOUT-29-RFK,2025-09-04T16:15:10.258934Z,1.00,0.0300,0.9700,no
ad50467e-d963-4df1-a1eb-6eff42f6ea5e,KXCABOUT-29-RFK,2025-09-04T15:31:27.99435Z,6.00,0.0500,0.9500,yes
ec7a76bd-226e-4b0c-8e78-1665dc36c092,KXCABOUT-29-RFK,2025-09-04T15:08:33.213764Z,127.00,0.0600,0.9400,yes
d57c3ff2-1527-4be5-a4cf-4e25f3753c88,KXCABOUT-29-RFK,2025-09-04T14:59:11.243962Z,114.00,0.0300,0.9700,yes
c61bd663-5fe5-4ff0-975b-1306b875b511,KXCABOUT-29-RFK,2025-09-04T14:59:11.243962Z,10.00,0.0400,0.9600,yes
9c1cee0f-ce89-484c-8e5b-01ebfd451e8b,KXCABOUT-29-RFK,2025-09-04T14:59:11.243962Z,86.00,0.0300,0.9700,yes
6e5fb627-f6b8-4ff4-994f-b20a51bfb6d2,KXCABOUT-29-RFK,2025-09-04T14:59:11.243962Z,22.00,0.0400,0.9600,yes
5d664a13-0c75-42dc-bf8b-57c70213abe2,KXCABOUT-29-RFK,2025-09-04T14:59:11.243962Z,11.00,0.0300,0.9700,yes
2e95990e-b57f-4020-8d66-f18d43f5f6a3,KXCABOUT-29-RFK,2025-09-04T14:59:11.243962Z,341.00,0.0300,0.9700,yes
0ded55b7-1803-432a-b4ec-c3b3d6312c1c,KXCABOUT-29-RFK,2025-09-04T14:59:11.243962Z,23.00,0.0300,0.9700,yes
02694ded-5c9c-4216-be0c-9b081e95939d,KXCABOUT-29-RFK,2025-09-04T14:59:11.243962Z,25.00,0.0300,0.9700,yes
aae0b9e0-bc9c-4794-866a-9d1f25ab6c6e,KXCABOUT-29-RFK,2025-09-04T04:13:01.005411Z,1.00,0.0100,0.9900,no
6b8ed137-7fd0-4291-94f7-a73ec9e0c56b,KXCABOUT-29-RFK,2025-09-03T14:26:42.270433Z,113.00,0.0200,0.9800,yes
e8c1c7e1-6e04-4f97-9c4b-e2053b78ec87,KXCABOUT-29-RFK,2025-09-03T14:25:30.360898Z,112.00,0.0200,0.9800,yes
81833aa0-524e-4969-a773-aa3ba939b513,KXCABOUT-29-RFK,2025-09-03T14:25:23.693343Z,275.00,0.0200,0.9800,yes
45de3328-2860-48e5-bfbf-1f2101e1c5d6,KXCABOUT-29-RFK,2025-09-03T14:25:23.693343Z,25.00,0.0200,0.9800,yes
4bd4e639-8d63-4d06-b227-238afebb4900,KXCABOUT-29-RFK,2025-09-02T12:03:35.427232Z,30.00,0.0200,0.9800,no
73a8390f-b067-4878-b763-d283c7fe10c0,KXCABOUT-29-RFK,2025-08-30T21:18:20.512828Z,62.00,0.0300,0.9700,yes
bd915a48-3aed-41f7-adf3-2130d65a1ab2,KXCABOUT-29-RFK,2025-08-30T06:16:10.694538Z,59.00,0.0200,0.9800,no
883b0579-4aa4-4e2e-bc06-7b2c3fb73637,KXCABOUT-29-RFK,2025-08-30T06:16:10.694538Z,144.00,0.0100,0.9900,no
676c74db-3f66-40cd-8d6f-06be92604d23,KXCABOUT-29-RFK,2025-08-30T06:16:10.694538Z,10.00,0.0200,0.9800,no
3c849013-0465-47ab-bc3b-bc6a61eace31,KXCABOUT-29-RFK,2025-08-30T06:16:10.694538Z,93.00,0.0200,0.9800,no
239711d2-c74e-4809-8b9c-323d338d701c,KXCABOUT-29-RFK,2025-08-30T06:16:10.694538Z,174.00,0.0200,0.9800,no
030b6986-6968-4b12-a2cc-ab81388a80bd,KXCABOUT-29-RFK,2025-08-30T06:16:10.694538Z,20.00,0.0200,0.9800,no
0565f709-d8bf-44b7-9705-9054636a5deb,KXCABOUT-29-RFK,2025-08-30T01:59:44.612233Z,117.00,0.0400,0.9600,yes
16a63e8a-b4d3-4cfd-932f-e2f1cff2cfcd,KXCABOUT-29-RFK,2025-08-29T20:53:20.241743Z,10.00,0.0400,0.9600,yes
69e45a38-d894-4300-bcde-f5aaa0dd5277,KXCABOUT-29-RFK,2025-08-29T20:53:04.673592Z,46.00,0.0200,0.9800,no
a772fa15-16aa-401b-95ab-51c5b4283a20,KXCABOUT-29-RFK,2025-08-29T14:09:44.888974Z,772.00,0.0400,0.9600,yes
4d7e3fc1-838d-4d14-8c2d-d439aae75d84,KXCABOUT-29-RFK,2025-08-29T14:09:44.888974Z,300.00,0.0500,0.9500,yes
a48db7ea-69ef-4044-b949-cf9e1812d886,KXCABOUT-29-RFK,2025-08-29T14:08:56.43962Z,11.00,0.0400,0.9600,yes
04f81d14-60ef-4b58-b02d-c7a660288afa,KXCABOUT-29-RFK,2025-08-29T13:40:16.323079Z,1.00,0.0400,0.9600,yes
996f51e3-683e-480e-88c3-e1af233b5571,KXCABOUT-29-RFK,2025-08-29T13:40:02.680138Z,1.00,0.0100,0.9900,no
45745d6d-df8d-42d5-9372-87a9e5210caa,KXCABOUT-29-RFK,2025-08-29T13:39:47.022452Z,1.00,0.0100,0.9900,no
2d7d4737-2fe5-40b8-9a3d-7082bb11e6d0,KXCABOUT-29-RFK,2025-08-29T13:39:26.930058Z,1.00,0.0400,0.9600,yes
b59782ef-91f3-4290-b42e-edbb8704a3b6,KXCABOUT-29-RFK,2025-08-29T03:27:14.295386Z,5.00,0.0500,0.9500,yes
aaa50508-fe9b-4559-83ab-0a946d78874b,KXCABOUT-29-RFK,2025-08-29T03:27:14.295386Z,1271.00,0.0500,0.9500,yes
aa71aff7-839e-47f3-a06a-248bd9cae80b,KXCABOUT-29-RFK,2025-08-29T03:27:14.295386Z,30.00,0.0400,0.9600,yes
94d81611-45c6-4b06-b929-e4d57135ed38,KXCABOUT-29-RFK,2025-08-29T03:27:14.295386Z,38.00,0.0200,0.9800,yes
863cbab3-9c81-4d6b-8d88-323a6418913f,KXCABOUT-29-RFK,2025-08-29T03:27:14.295386Z,906.00,0.0300,0.9700,yes
2dccffdf-b223-4608-813a-2d247d4fd1f1,KXCABOUT-29-RFK,2025-08-29T03:27:14.295386Z,25.00,0.0300,0.9700,yes
5802aa1c-d0d6-4929-a022-47209ecc49cf,KXCABOUT-29-RFK,2025-08-29T00:31:13.660561Z,580.00,0.0200,0.9800,yes
74076bf2-1880-4045-8360-f6ed43d80eef,KXCABOUT-29-RFK,2025-08-29T00:30:02.370931Z,85.00,0.0200,0.9800,yes
41872977-b6c3-4d80-abef-1e6fedf97c8a,KXCABOUT-29-RFK,2025-08-29T00:30:02.370931Z,382.00,0.0200,0.9800,yes
f2ebeb30-fe74-4c03-8d5d-37c25901d8aa,KXCABOUT-29-RFK,2025-08-28T23:24:53.14034Z,100.00,0.0200,0.9800,yes
ec1d0ddb-991e-477a-9f17-a89a53a9c761,KXCABOUT-29-RFK,2025-08-28T23:24:53.14034Z,1070.00,0.0200,0.9800,yes
711709a3-9c35-40c9-95dc-5bc07a3fad85,KXCABOUT-29-RFK,2025-08-28T23:24:53.14034Z,11731.00,0.0200,0.9800,yes
0dca1736-a2ac-4432-a0e9-2189952c10c9,KXCABOUT-29-RFK,2025-08-28T23:24:53.14034Z,25.00,0.0200,0.9800,yes
a9d2310e-e878-4756-a730-880530dc8698,KXCABOUT-29-RFK,2025-08-28T19:57:24.676589Z,125.00,0.0200,0.9800,yes
8e4b277c-fbb7-4955-a7f5-60b758773ac5,KXCABOUT-29-RFK,2025-08-28T19:57:24.676589Z,774.00,0.0200,0.9800,yes
882bc8b0-c6a8-4f02-8d07-42c9c4183912,KXCABOUT-29-RFK,2025-08-28T19:57:24.676589Z,25.00,0.0200,0.9800,yes
62ca18a9-d76f-4ff1-b871-e00f834bf6e0,KXCABOUT-29-RFK,2025-08-28T19:57:24.676589Z,50.00,0.0200,0.9800,yes
37832309-b0ea-4782-bd13-69ea4c84b8b5,KXCABOUT-29-RFK,2025-08-28T19:57:24.676589Z,50.00,0.0200,0.9800,yes
7b7644ac-2ff2-4152-b154-54ef75310128,KXCABOUT-29-RFK,2025-08-28T17:30:52.374588Z,46.00,0.0200,0.9800,yes
1b92f3aa-1c3e-4db2-b031-cd26bb797c0b,KXCABOUT-29-RFK,2025-08-28T14:16:35.556707Z,459.00,0.0100,0.9900,no
c279e11d-e231-455a-a30a-0cb2e3c64066,KXCABOUT-29-RFK,2025-08-28T14:08:28.068686Z,7.00,0.0100,0.9900,no
d538104a-acba-44c4-8f9f-8152c22a9e37,KXCABOUT-29-RFK,2025-08-28T14:08:04.675951Z,4.00,0.0100,0.9900,no
92d1eb77-f9d8-47d4-b19d-369cf592b900,KXCABOUT-29-RFK,2025-08-28T05:06:46.676498Z,16.00,0.0200,0.9800,yes
af797ef9-2f14-4280-b877-262bc8d44506,KXCABOUT-29-RFK,2025-08-27T22:40:44.885586Z,1698.00,0.0100,0.9900,yes
925955fb-d421-47a9-859f-8dd9ff5f8576,KXCABOUT-29-RFK,2025-08-27T22:40:44.885586Z,14.00,0.0100,0.9900,yes
89404c70-fb8d-4e7c-83f8-60e3117d9445,KXCABOUT-29-RFK,2025-08-27T22:40:44.885586Z,2000.00,0.0100,0.9900,yes
5a9c9213-1432-4d8b-a278-1a3f176bb243,KXCABOUT-29-RFK,2025-08-27T22:40:44.885586Z,3000.00,0.0100,0.9900,yes
2bb7499a-ca93-4ac1-8392-e9d866a844c3,KXCABOUT-29-RFK,2025-08-27T22:40:44.885586Z,2000.00,0.0100,0.9900,yes
24d32382-c6b0-4e7c-9036-ef7c357ccc78,KXCABOUT-29-RFK,2025-08-27T22:40:44.885586Z,356.00,0.0100,0.9900,yes
10a78af1-9d5a-482f-8ec4-17738e46b1b3,KXCABOUT-29-RFK,2025-08-27T22:40:44.885586Z,613.00,0.0100,0.9900,yes
0f1a3bf6-b5ab-4f1b-8d48-215c2c17f72d,KXCABOUT-29-RFK,2025-08-27T22:40:44.885586Z,2050.00,0.0100,0.9900,yes
fa0aba0b-1925-4031-94a5-db4642aa2517,KXCABOUT-29-RFK,2025-08-27T18:14:32.431056Z,93.00,0.0100,0.9900,yes
3ee8db3c-9022-4581-b3fc-95e80f1d67ba,KXCABOUT-29-RFK,2025-08-20T00:59:49.63191Z,46.00,0.0100,0.9900,yes
bef0711f-eb0b-4fbe-83f2-de95269fdd2a,KXCABOUT-29-RFK,2025-08-16T17:20:14.681948Z,500.00,0.0100,0.9900,yes
e1e6026b-dd9f-46a4-9a2d-4b52e9430239,KXCABOUT-29-RFK,2025-08-14T14:28:31.167842Z,100.00,0.0100,0.9900,yes
05484406-809d-4ee4-9061-dcc8317b669f,KXCABOUT-29-RFK,2025-08-14T00:59:39.43621Z,46.00,0.0100,0.9900,yes
3e6dbdd7-150b-45d4-9136-6ac437c0f19f,KXCABOUT-29-RFK,2025-08-11T18:52:21.062293Z,467.00,0.0100,0.9900,yes
7ba81814-ae26-4020-a519-d7359dd2f144,KXCABOUT-29-RFK,2025-08-10T20:15:52.329998Z,1050.00,0.0100,0.9900,yes
706f0a58-b08b-41ff-85d0-25ec5b008672,KXCABOUT-29-RFK,2025-08-10T20:15:52.329998Z,1950.00,0.0100,0.9900,yes
3ae36959-375e-466e-a8fa-c1b96a247da4,KXCABOUT-29-RFK,2025-08-10T15:55:13.419589Z,50.00,0.0100,0.9900,yes
10ab0414-6fe2-4901-aef6-0c9e431894aa,KXCABOUT-29-RFK,2025-08-08T02:49:11.945913Z,20.00,0.0100,0.9900,no
8327eb90-25a6-4cdb-b06b-66f3d4fb15b6,KXCABOUT-29-RFK,2025-08-07T23:09:45.670646Z,187.00,0.0200,0.9800,yes
103ea0f9-f4d3-4d05-8ddb-b218e2f6785e,KXCABOUT-29-RFK,2025-08-07T21:49:47.702469Z,46.00,0.0200,0.9800,yes
eb0f9128-da02-4fa8-8d9c-6a150b5caec1,KXCABOUT-29-RFK,2025-08-07T21:20:07.885148Z,1679.00,0.0100,0.9900,no
329dafca-80e0-4c0d-a499-94299239691b,KXCABOUT-29-RFK,2025-08-07T20:50:01.540621Z,1.00,0.0100,0.9900,no
95a835aa-00ca-4483-adfd-307bbb20d19c,KXCABOUT-29-RFK,2025-08-07T20:50:01.530254Z,799.00,0.0100,0.9900,no
d7b9bcc9-f466-4fae-8b53-a5299e042602,KXCABOUT-29-RFK,2025-08-07T20:23:49.09975Z,367.00,0.0200,0.9800,yes
e601c68c-a47c-482d-afec-06bebfac4081,KXCABOUT-29-RFK,2025-08-07T20:05:50.156144Z,57.00,0.0100,0.9900,no
b8fb64dc-7ea6-4b83-aa36-addb6ac47643,KXCABOUT-29-RFK,2025-08-07T20:05:50.156144Z,21.00,0.0100,0.9900,no
a7b46604-92ba-467b-a4f6-89a20a0d3b84,KXCABOUT-29-RFK,2025-08-07T20:05:50.156144Z,10.00,0.0100,0.9900,no
8863952c-0af5-480b-91e1-2297c0ca5291,KXCABOUT-29-RFK,2025-08-07T20:05:50.156144Z,500.00,0.0100,0.9900,no
5277287c-fd20-4be9-8483-5dcb6ead9fbc,KXCABOUT-29-RFK,2025-08-07T20:05:50.156144Z,37.00,0.0100,0.9900,no
408d7645-4640-4571-b2ee-2fed3e550c30,KXCABOUT-29-RFK,2025-08-07T20:05:50.156144Z,157.00,0.0100,0.9900,no
20092d4d-daf7-444b-b2d0-4bcc3700537d,KXCABOUT-29-RFK,2025-08-07T20:05:50.156144Z,2.00,0.0100,0.9900,no
1a46383d-734b-436f-a473-c6c400577008,KXCABOUT-29-RFK,2025-08-07T20:05:50.156144Z,225.00,0.0100,0.9900,no
08c79bfb-6f6e-4df0-a130-f71cca1150ae,KXCABOUT-29-RFK,2025-08-07T20:05:50.156144Z,1991.00,0.0100,0.9900,no
b0ae0454-22b2-4799-aceb-5fefbae7e25c,KXCABOUT-29-RFK,2025-08-07T20:04:58.200616Z,343.00,0.0100,0.9900,no
54fd9a39-137a-464b-8b7e-0c2256a56b84,KXCABOUT-29-RFK,2025-08-07T20:04:58.200616Z,157.00,0.0100,0.9900,no
49ea90df-dcba-4679-a7f5-f70f0957e407,KXCABOUT-29-RFK,2025-08-07T20:04:48.046607Z,14.00,0.0100,0.9900,no
4f6d205f-e113-4474-b3ae-31a598240f89,KXCABOUT-29-RFK,2025-08-07T20:04:47.628981Z,114.00,0.0100,0.9900,no
3e7f7b5b-a506-406b-ad31-80962b59e69a,KXCABOUT-29-RFK,2025-08-07T20:04:46.042321Z,78.00,0.0100,0.9900,no
51f45fb9-3787-4719-8951-17e9f0ed5b9a,KXCABOUT-29-RFK,2025-08-07T20:04:44.487713Z,65.00,0.0100,0.9900,no
80a73046-d007-41be-b24f-814ae11c1b53,KXCABOUT-29-RFK,2025-08-07T20:04:44.385688Z,40.00,0.0100,0.9900,no
cd03a4d5-57d2-4438-9d56-be6d1ba4d1a5,KXCABOUT-29-RFK,2025-08-07T20:04:43.112664Z,267.00,0.0100,0.9900,no
92a2c4f6-0200-437c-b975-68ef6c2945fd,KXCABOUT-29-RFK,2025-08-07T20:04:43.112664Z,23.00,0.0100,0.9900,no
876bd250-a25a-459a-9516-c8c21f348b97,KXCABOUT-29-RFK,2025-08-07T20:04:43.112664Z,100.00,0.0100,0.9900,no
17bdd2c7-c697-4279-a892-a5d245334f37,KXCABOUT-29-RFK,2025-08-07T20:04:43.112664Z,40.00,0.0100,0.9900,no
fe14b22f-4665-4418-8fba-7fa4a7a370c1,KXCABOUT-29-RFK,2025-08-07T20:04:41.088318Z,106.00,0.0100,0.9900,no
3f2c9473-9a63-4be5-a2e6-63e4cc9410ef,KXCABOUT-29-RFK,2025-08-07T20:04:41.088318Z,38.00,0.0100,0.9900,no
aa4c3637-8ac7-4eef-b53c-7e7a0777d38c,KXCABOUT-29-RFK,2025-08-07T20:04:39.51726Z,93.00,0.0100,0.9900,no
47de1cfa-385c-4f6c-9eba-04c5066477be,KXCABOUT-29-RFK,2025-08-07T20:04:39.51726Z,262.00,0.0100,0.9900,no
2b7e5c02-f1ef-4668-9f93-b01504daf208,KXCABOUT-29-RFK,2025-08-07T20:04:39.51726Z,89.00,0.0100,0.9900,no
91e87e38-3368-4ccc-a8cc-b3b5b927f9d8,KXCABOUT-29-RFK,2025-08-07T20:04:38.125109Z,188.00,0.0100,0.9900,no
3943fc8b-4a81-4ce3-ac25-51e9f3c89929,KXCABOUT-29-RFK,2025-08-07T20:04:38.125109Z,46.00,0.0100,0.9900,no
12cc25ab-00dd-4732-b155-2cf033e3807f,KXCABOUT-29-RFK,2025-08-07T20:04:36.608212Z,40.00,0.0100,0.9900,no
62b4ddd0-aa37-49a7-8737-368a612155dd,KXCABOUT-29-RFK,2025-08-07T20:04:36.552277Z,14.00,0.0100,0.9900,no
05e1b9a7-dce2-4b45-9913-cda4fad94dff,KXCABOUT-29-RFK,2025-08-07T20:04:36.552277Z,567.00,0.0100,0.9900,no
06d3d47c-4097-4e19-9696-5ddf69186aba,KXCABOUT-29-RFK,2025-08-07T20:04:35.213372Z,46.00,0.0100,0.9900,no
c2cb5818-9232-4db6-bb0f-7e962625f9b6,KXCABOUT-29-RFK,2025-08-07T20:04:35.182825Z,11.00,0.0100,0.9900,no
f600ac93-bbe1-472f-817a-f73f2525abdb,KXCABOUT-29-RFK,2025-08-07T20:03:05.293279Z,314.00,0.0100,0.9900,no
bc6c2cf0-3dbc-41cb-942f-22c7df67e2ce,KXCABOUT-29-RFK,2025-08-07T20:03:05.293279Z,50.00,0.0100,0.9900,no
4f6dc6ad-d5fb-4d6f-a1d0-aa14d7401732,KXCABOUT-29-RFK,2025-08-07T20:03:05.293279Z,36.00,0.0100,0.9900,no
d1aaf4a3-c3bb-42aa-9c30-a0c386769495,KXCABOUT-29-RFK,2025-08-07T19:58:11.860755Z,186.00,0.0100,0.9900,no
8b910692-8157-4365-92c8-8ca6fff74b28,KXCABOUT-29-RFK,2025-08-07T19:58:11.860755Z,314.00,0.0100,0.9900,no
d8a792d6-e914-498e-803a-1b5eb5f6e703,KXCABOUT-29-RFK,2025-08-07T19:51:25.96029Z,100.00,0.0100,0.9900,no
92e399b3-f778-435b-a976-91fb10091eb8,KXCABOUT-29-RFK,2025-08-07T19:40:57.067785Z,1980.00,0.0200,0.9800,no
136c98d6-8dff-4dcc-a6e4-f2c8314d33ae,KXCABOUT-29-RFK,2025-08-07T19:40:57.067785Z,500.00,0.0200,0.9800,no
6efb61e2-d5af-4c8c-9a4d-a373a1675c6b,KXCABOUT-29-RFK,2025-08-06T21:46:16.99885Z,5.00,0.0200,0.9800,no
a1eeb8b8-d4a2-4020-bec6-3246cfb0aa52,KXCABOUT-29-RFK,2025-08-03T06:52:29.059771Z,15.00,0.0200,0.9800,no
af9dcd60-1664-4f10-9a8e-0ddec7f5e980,KXCABOUT-29-RFK,2025-07-31T02:08:41.5217Z,15.00,0.0300,0.9700,yes
a3a4905c-cdaf-49a6-a383-f4cd625873e0,KXCABOUT-29-RFK,2025-07-30T21:19:31.072221Z,67.00,0.0200,0.9800,yes
67ae4674-6627-4480-97ff-d627a53b7d03,KXCABOUT-29-RFK,2025-07-30T21:19:31.072221Z,236.00,0.0200,0.9800,yes
5ff31b27-02a5-40c7-a18c-af423eac2a86,KXCABOUT-29-RFK,2025-07-30T21:19:31.072221Z,27.00,0.0300,0.9700,yes
308a47fb-894d-47af-a5e6-00141c4ca631,KXCABOUT-29-RFK,2025-07-30T21:19:31.072221Z,238.00,0.0300,0.9700,yes
632f1979-a133-4dcc-ba62-1c00b5c6136b,KXCABOUT-29-RFK,2025-07-30T21:05:25.621641Z,233.00,0.0200,0.9800,yes
0a9025dd-5e4b-4ec4-83d9-a01198a62e90,KXCABOUT-29-RFK,2025-07-27T02:21:00.029499Z,1219.00,0.0200,0.9800,no
01ff083d-9fc6-4d3a-bb1e-6156293488ec,KXCABOUT-29-RFK,2025-07-25T02:23:09.968809Z,62.00,0.0300,0.9700,yes
4f2383e8-4543-4193-846e-518cbbfb2413,KXCABOUT-29-RFK,2025-07-22T14:09:10.087437Z,498.00,0.0200,0.9800,no
f3c00c12-8731-4180-b078-0c4688d48f0b,KXCABOUT-29-RFK,2025-07-20T05:47:07.774515Z,17.00,0.0200,0.9800,no
95aaace5-ccad-40fe-b6fe-dd81c7633526,KXCABOUT-29-RFK,2025-07-20T05:47:07.774515Z,283.00,0.0200,0.9800,no
f29d73b8-c0ab-4260-a1e7-da452fdbad12,KXCABOUT-29-RFK,2025-07-19T13:26:38.146274Z,84.00,0.0200,0.9800,no
aff37cb4-13a0-4da8-8614-8ae80c09543b,KXCABOUT-29-RFK,2025-07-19T13:26:38.146274Z,383.00,0.0200,0.9800,no
e72ec766-3ea3-4b53-bdab-d2253092e5d0,KXCABOUT-29-RFK,2025-07-17T20:13:00.102517Z,16.00,0.0200,0.9800,no
288b8a4a-7deb-4be0-8d78-7b58e9362a6c,KXCABOUT-29-RFK,2025-07-15T23:09:20.630026Z,500.00,0.0300,0.9700,no
90bad1a4-988e-40d5-a6b1-b51e9d9411c4,KXCABOUT-29-RFK,2025-07-15T02:32:22.39903Z,5.00,0.0300,0.9700,no
d4a448c2-f921-4007-8d38-0259197a26b9,KXCABOUT-29-RFK,2025-07-15T01:58:13.807351Z,202.00,0.0300,0.9700,yes
c21d2ac7-85ed-473d-8214-8c735983f168,KXCABOUT-29-RFK,2025-07-15T01:58:13.807351Z,123.00,0.0300,0.9700,yes
b860d929-0c5a-43de-a698-c1df9ac77dbe,KXCABOUT-29-RFK,2025-07-15T01:58:13.807351Z,142.00,0.0300,0.9700,yes
e4c75cee-e3e8-4e9c-bd85-b6c6e7f2b0ac,KXCABOUT-29-RFK,2025-07-15T01:52:31.986141Z,31.00,0.0300,0.9700,yes
36fe0614-9394-4068-9122-79ecd7b21553,KXCABOUT-29-RFK,2025-07-14T12:50:04.089776Z,31.00,0.0300,0.9700,yes
fadb2a9d-921b-4873-9410-e53e8331c78b,KXCABOUT-29-RFK,2025-07-12T21:38:14.466729Z,600.00,0.0200,0.9800,yes
f70b9d88-8ae7-4111-bed3-f09ee0eee4c3,KXCABOUT-29-RFK,2025-07-12T21:38:14.466729Z,640.00,0.0200,0.9800,yes
bac6ee3e-357d-47b4-906d-7719f17acfec,KXCABOUT-29-RFK,2025-07-12T21:38:14.466729Z,328.00,0.0200,0.9800,yes
537b29ad-4bac-4b9d-a034-da851a60b992,KXCABOUT-29-RFK,2025-07-12T21:38:14.466729Z,400.00,0.0200,0.9800,yes
1cacace4-c814-4d17-929e-9a52333fdb15,KXCABOUT-29-RFK,2025-07-12T21:38:14.466729Z,400.00,0.0200,0.9800,yes
26072b7f-9b39-44b0-8814-04ce992e6997,KXCABOUT-29-RFK,2025-07-12T16:26:55.493686Z,20.00,0.0200,0.9800,yes
7525314a-3e51-4c00-b7c2-4a394f2b28be,KXCABOUT-29-RFK,2025-07-11T19:30:29.149823Z,78.00,0.0300,0.9700,yes
bec071e6-f6e5-4820-a867-0d08c0e7d99c,KXCABOUT-29-RFK,2025-07-11T17:09:02.209994Z,1000.00,0.0300,0.9700,yes
a3fed151-0b22-4264-9cdd-32a578755d52,KXCABOUT-29-RFK,2025-07-11T17:09:02.209994Z,416.00,0.0300,0.9700,yes
38728bdc-5966-4bfa-91ec-4d8af325b910,KXCABOUT-29-RFK,2025-07-11T17:09:02.209994Z,5.00,0.0300,0.9700,yes
0219dede-cfe4-475e-a111-ae21515c8e1e,KXCABOUT-29-RFK,2025-07-11T14:49:38.449967Z,94.00,0.0200,0.9800,no
e30a20c6-1709-4e38-bd9c-a8a558d2295b,KXCABOUT-29-RFK,2025-07-11T14:47:22.520712Z,7.00,0.0200,0.9800,no
26e5aba0-ed91-487a-8c20-786d9a0e1fab,KXCABOUT-29-RFK,2025-07-11T14:47:13.39314Z,7.00,0.0200,0.9800,no
a7533ccf-751a-4755-9c15-622fbe99fc36,KXCABOUT-29-RFK,2025-07-11T14:47:02.528733Z,3.00,0.0200,0.9800,no
6e9a4c01-3f33-4a09-b8c0-7f6dfe04247b,KXCABOUT-29-RFK,2025-07-11T03:01:24.640369Z,1.00,0.0200,0.9800,no
437c94fa-d71a-4888-92b5-0a9b6d07eec6,KXCABOUT-29-RFK,2025-07-11T00:44:19.32988Z,5.00,0.0200,0.9800,no
146b0a4e-f784-4703-9214-830fdf35c87c,KXCABOUT-29-RFK,2025-07-11T00:39:30.091533Z,1.00,0.0200,0.9800,no
8e24252f-394a-40a0-96e4-00ecf9a51529,KXCABOUT-29-RFK,2025-07-10T23:41:22.218854Z,4.00,0.0200,0.9800,no
ff3d91a7-f0c0-474a-a37d-dc9821e6417b,KXCABOUT-29-RFK,2025-07-10T21:57:05.679198Z,1.00,0.0200,0.9800,no
0080da46-f333-4f77-b57c-8e973ceefbe8,KXCABOUT-29-RFK,2025-07-10T21:34:53.909665Z,4.00,0.0200,0.9800,no
947d3e40-aadf-44c2-8e2f-6925baad57ca,KXCABOUT-29-RFK,2025-07-10T21:29:43.249829Z,2.00,0.0200,0.9800,no
99818ec8-300b-4201-ad4b-43e488e3ee47,KXCABOUT-29-RFK,2025-07-10T03:41:41.661566Z,25.00,0.0200,0.9800,no
37aa8b2d-32a9-49ea-8d7a-424999f9e787,KXCABOUT-29-RFK,2025-07-10T02:40:40.960512Z,17.00,0.0200,0.9800,no
67f98ae0-a6b0-4548-a053-e3c05f445781,KXCABOUT-29-RFK,2025-07-10T00:39:50.083068Z,3.00,0.0200,0.9800,no
c51ecf0d-b25d-487d-ab02-9c48b60e3862,KXCABOUT-29-RFK,2025-07-09T17:14:26.340677Z,83.00,0.0200,0.9800,yes
b0ca3503-1876-4174-9cc2-752fe9c12368,KXCABOUT-29-RFK,2025-07-09T17:14:26.340677Z,10.00,0.0200,0.9800,yes
0f539a05-50e1-4e86-bc2c-0ed8678ab3e9,KXCABOUT-29-RFK,2025-07-09T17:14:26.340677Z,891.00,0.0200,0.9800,yes
a7023a19-1e8a-4d4d-88a9-59b30d0f9317,KXCABOUT-29-RFK,2025-07-09T17:11:59.677556Z,917.00,0.0200,0.9800,yes
802cc90d-10e4-4122-b965-f7fa31bc16bb,KXCABOUT-29-RFK,2025-07-09T17:11:59.677556Z,83.00,0.0200,0.9800,yes
a928b403-a9b0-427a-8a2c-106686a78f74,KXCABOUT-29-RFK,2025-07-08T18:54:44.254162Z,46.00,0.0200,0.9800,yes
800c0f89-7600-44cd-a154-6fe4172d1f7c,KXCABOUT-29-RFK,2025-07-08T04:46:09.965285Z,19.00,0.0200,0.9800,no
f6ba3462-526d-4f29-a017-d4222d432ba7,KXCABOUT-29-RFK,2025-07-07T23:23:07.889562Z,11.00,0.0200,0.9800,no
5daf8158-cbe3-4396-81c8-893c55a7b9fe,KXCABOUT-29-RFK,2025-07-07T22:57:25.969437Z,9.00,0.0200,0.9800,no
acf422ef-dafa-4a51-aa14-287715bc2ed1,KXCABOUT-29-RFK,2025-07-07T22:04:28.88524Z,11.00,0.0200,0.9800,yes
adf90d7b-ecdb-4ad0-bddf-ef1622a20d78,KXCABOUT-29-RFK,2025-07-07T15:24:28.856579Z,15.00,0.0200,0.9800,no
3d4307ab-8dee-4130-ac18-94359414ef8b,KXCABOUT-29-RFK,2025-07-07T13:13:22.816536Z,9.00,0.0200,0.9800,no
31ffc5de-ca1c-4201-aa6b-4d2f3018dd55,KXCABOUT-29-RFK,2025-07-05T19:51:41.497527Z,25.00,0.0200,0.9800,no
5ee87244-f8b0-41af-b3e0-0ab61dc3520f,KXCABOUT-29-RFK,2025-07-04T23:03:48.160557Z,31.00,0.0300,0.9700,yes
b47fcc67-a190-47ff-a5cc-767cc5414f23,KXCABOUT-29-RFK,2025-07-01T00:26:15.249805Z,140.00,0.0200,0.9800,yes
729c5eb5-bb49-4614-b7d3-284daeeb8c16,KXCABOUT-29-RFK,2025-06-29T18:56:46.552321Z,14.00,0.0200,0.9800,yes
d681a3c0-be92-4f1d-b995-76b0bee65e00,KXCABOUT-29-RFK,2025-06-28T14:00:18.376585Z,228.00,0.0200,0.9800,yes
6a0a5009-9871-4638-9d04-7633fb9a3289,KXCABOUT-29-RFK,2025-06-28T14:00:18.376585Z,5.00,0.0200,0.9800,yes
ca418290-302f-43fa-80db-ba2dddc6f624,KXCABOUT-29-RFK,2025-06-26T18:46:50.05906Z,139.00,0.0200,0.9800,no
2e5f0c4a-e4e8-4b49-94e2-2141d21b8f5a,KXCABOUT-29-RFK,2025-06-26T18:45:12.049478Z,25.00,0.0200,0.9800,no
e0273658-82b0-4169-83df-d1c657d23098,KXCABOUT-29-RFK,2025-06-26T18:45:01.108961Z,24.00,0.0200,0.9800,no
7503904e-57fe-4b28-ae51-e41352ad3987,KXCABOUT-29-RFK,2025-06-26T15:30:07.323406Z,100.00,0.0300,0.9700,yes
47da7dc3-58fa-4cd4-9c5b-08edc12ba8e9,KXCABOUT-29-RFK,2025-06-26T15:29:53.124224Z,97.00,0.0200,0.9800,no
efb8854e-7f2a-40fc-b3c4-9029a6538774,KXCABOUT-29-RFK,2025-06-26T15:29:47.490954Z,300.00,0.0300,0.9700,yes
9055ef31-6b56-4755-a294-0c0a00137852,KXCABOUT-29-RFK,2025-06-22T03:11:50.9475Z,96.00,0.0200,0.9800,no
3d12d8ae-caf5-4eac-a37a-2b518c4ebb28,KXCABOUT-29-RFK,2025-06-22T03:11:46.947834Z,93.00,0.0200,0.9800,no
0c1ef79d-e08f-4dac-a2c9-ece48dacaf1e,KXCABOUT-29-RFK,2025-06-22T03:02:00.13941Z,5.00,0.0200,0.9800,no
8cdd89b6-e56e-4df6-934b-40e49f42f284,KXCABOUT-29-RFK,2025-06-22T03:01:51.697684Z,5.00,0.0200,0.9800,no
17184c00-7e55-40cd-9daf-a74b8c795d87,KXCABOUT-29-RFK,2025-06-22T02:27:18.786884Z,18.00,0.0200,0.9800,no
a63a5626-6fea-4ff2-9c70-d2f2eb639493,KXCABOUT-29-RFK,2025-06-22T02:07:50.569055Z,50.00,0.0200,0.9800,yes
706f31d2-cac1-45d3-899b-e4217c526462,KXCABOUT-29-RFK,2025-06-21T03:00:49.246194Z,50.00,0.0300,0.9700,yes
9c3d92c8-3473-4b27-a793-e8ff208945d8,KXCABOUT-29-RFK,2025-06-19T23:49:54.5883Z,400.00,0.0200,0.9800,yes
2dcba773-6328-4f82-ab1e-f8796bd01ee1,KXCABOUT-29-RFK,2025-06-19T23:49:54.5883Z,67.00,0.0200,0.9800,yes
72019e5a-f054-4f9b-879b-b09d73ad2e47,KXCABOUT-29-RFK,2025-06-19T02:09:56.943262Z,8.00,0.0200,0.9800,yes
a706c51c-8be1-4526-9355-b44ed742651a,KXCABOUT-29-RFK,2025-06-18T19:42:38.819679Z,4.00,0.0300,0.9700,yes
3089882b-da27-4182-b3de-0fa536d9d78f,KXCABOUT-29-RFK,2025-06-18T19:42:38.819679Z,6.00,0.0300,0.9700,yes
0473cb2e-7af3-43b3-b80f-9b1373445f7b,KXCABOUT-29-RFK,2025-06-18T19:42:38.819679Z,83.00,0.0300,0.9700,yes
83386e49-797d-46ea-99a7-86d67740b4e7,KXCABOUT-29-RFK,2025-06-18T14:38:55.406007Z,11.00,0.0200,0.9800,no
f7938a01-4151-440e-8167-cd600f383cda,KXCABOUT-29-RFK,2025-06-18T14:04:15.416045Z,1.00,0.0200,0.9800,no
df4f5194-6079-4056-a3c7-8cec9e63eba7,KXCABOUT-29-RFK,2025-06-18T14:04:15.416045Z,21.00,0.0200,0.9800,no
1df77c32-7b78-48cf-a9d3-63e981dea9c5,KXCABOUT-29-RFK,2025-06-18T14:04:15.416045Z,35.00,0.0200,0.9800,no
d1e8d951-0928-420e-9128-25dc05a361db,KXCABOUT-29-RFK,2025-06-18T13:10:14.197761Z,4.00,0.0300,0.9700,no
af9c45ea-e83e-4f7e-bca8-2006e78e7812,KXCABOUT-29-RFK,2025-06-17T20:00:42.428091Z,111.00,0.0300,0.9700,no
8f0978c1-0cac-4b43-9345-1d36051a841d,KXCABOUT-29-RFK,2025-06-17T20:00:42.428091Z,200.00,0.0300,0.9700,no
7822aae2-f9b7-40d1-be26-799b5986cc1f,KXCABOUT-29-RFK,2025-06-17T20:00:42.428091Z,1.00,0.0300,0.9700,no
09350f80-8515-448b-b845-16ebf240f748,KXCABOUT-29-RFK,2025-06-17T19:57:48.785879Z,200.00,0.0300,0.9700,no
3b059c90-8863-41f2-a2e0-749893ca5ae1,KXCABOUT-29-RFK,2025-06-17T13:30:49.988045Z,1.00,0.0400,0.9600,yes
45c71d09-fea3-4a04-8d68-5b92fe2bd429,KXCABOUT-29-RFK,2025-06-17T13:29:56.327518Z,1.00,0.0400,0.9600,no
1400a0f4-d1aa-4cde-9d4e-4f70ad0a0171,KXCABOUT-29-RFK,2025-06-14T13:09:15.105841Z,234.00,0.0400,0.9600,yes
e3b02348-ea96-4ec0-8850-60fa350ef90a,KXCABOUT-29-RFK,2025-06-12T04:57:12.161775Z,4.00,0.0400,0.9600,no
f40f534b-b4ae-446f-9983-65db80564082,KXCABOUT-29-RFK,2025-06-12T04:57:05.376984Z,4.00,0.0400,0.9600,yes
b52ff122-37f9-4029-9e2d-1fe5f9b14e9c,KXCABOUT-29-RFK,2025-06-12T04:57:05.376984Z,532.00,0.0400,0.9600,yes
9e20b4fb-c9df-4d10-8cad-0994cef74301,KXCABOUT-29-RFK,2025-06-12T04:57:05.376984Z,28.00,0.0400,0.9600,yes
7c7c7aa5-5193-4fc4-9692-1d2b4b35fa97,KXCABOUT-29-RFK,2025-06-12T04:57:05.376984Z,10.00,0.0400,0.9600,yes
3f946654-0683-4629-9153-524d34845627,KXCABOUT-29-RFK,2025-06-12T04:57:05.376984Z,225.00,0.0400,0.9600,yes
005b3fda-5a0c-43a2-aeab-b740e724ff72,KXCABOUT-29-RFK,2025-06-12T04:57:05.376984Z,137.00,0.0400,0.9600,yes
49e5bdc1-ea0d-49d3-8d64-0a8a7294adef,KXCABOUT-29-RFK,2025-06-12T04:56:24.949342Z,27.00,0.0300,0.9700,no
344f5056-6f98-45bf-b502-21c61007d598,KXCABOUT-29-RFK,2025-06-11T23:47:23.317637Z,2.00,0.0300,0.9700,no
63928a6a-6898-48dd-8a5b-15c2247492af,KXCABOUT-29-RFK,2025-06-11T23:47:17.947237Z,5.00,0.0300,0.9700,no
2e20e8fa-fb02-4e03-8435-4ee67d99d26b,KXCABOUT-29-RFK,2025-06-11T23:47:12.277622Z,1.00,0.0300,0.9700,no
376890b1-b101-472b-aa41-fa91ceef3400,KXCABOUT-29-RFK,2025-06-11T23:47:07.258675Z,4.00,0.0300,0.9700,no
ba105a75-996c-4a95-b87d-5e0b2cc6fad7,KXCABOUT-29-RFK,2025-06-11T23:46:34.357232Z,1.00,0.0300,0.9700,no
5fd0eed9-34b5-40be-93ae-2933ac7910df,KXCABOUT-29-RFK,2025-06-11T23:46:29.008407Z,4.00,0.0300,0.9700,no
7966effd-60c0-4477-9ff2-8acb86d8a8f1,KXCABOUT-29-RFK,2025-06-11T23:46:02.299587Z,8.00,0.0300,0.9700,no
d6519be0-0266-4849-992e-faa44619774d,KXCABOUT-29-RFK,2025-06-11T23:44:56.826678Z,2.00,0.0300,0.9700,no
d1f97f56-3197-4863-a165-e9a131ebface,KXCABOUT-29-RFK,2025-06-11T23:44:51.778853Z,4.00,0.0300,0.9700,no
9581ccb0-68b7-47c2-842d-9180a709a99a,KXCABOUT-29-RFK,2025-06-11T20:01:27.950418Z,108.00,0.0400,0.9600,yes
ea0743e8-6948-4724-adfb-b93e5c36d6b3,KXCABOUT-29-RFK,2025-06-10T17:50:29.120992Z,35.00,0.0300,0.9700,no
374cbf00-55aa-4d13-b43b-402124059693,KXCABOUT-29-RFK,2025-06-10T17:50:19.790694Z,5.00,0.0300,0.9700,no
45079581-a17f-4da2-bd01-ac7a232a1d52,KXCABOUT-29-RFK,2025-06-06T03:55:04.389673Z,23.00,0.0400,0.9600,yes
eedf058a-6aaf-42fb-93a3-2f4332dcadeb,KXCABOUT-29-RFK,2025-06-04T18:07:34.763453Z,10.00,0.0300,0.9700,no
210fb27e-07d5-4e6d-b58b-b5fd23da355d,KXCABOUT-29-RFK,2025-06-04T18:07:34.763453Z,190.00,0.0300,0.9700,no
9a38145e-4030-415c-bc80-863bfe55221c,KXCABOUT-29-RFK,2025-05-29T23:48:07.33929Z,125.00,0.0400,0.9600,yes
cb3a3118-727e-4651-a9c2-e0947194accb,KXCABOUT-29-RFK,2025-05-29T03:58:29.956733Z,100.00,0.0400,0.9600,yes
965cf7de-806b-405a-bcb7-4dd2300121b7,KXCABOUT-29-RFK,2025-05-29T03:58:29.956733Z,200.00,0.0400,0.9600,yes
5cd9a93c-4fdf-40cb-af76-405e31ab4f8a,KXCABOUT-29-RFK,2025-05-29T03:58:29.956733Z,168.00,0.0400,0.9600,yes
65cab88f-1171-43f9-90b4-ae48a185dcf3,KXCABOUT-29-RFK,2025-05-27T21:22:42.161341Z,5.00,0.0400,0.9600,yes
f1513b5c-a184-44cb-8e30-ea7b3c2d7e58,KXCABOUT-29-RFK,2025-05-26T21:06:06.358333Z,141.00,0.0300,0.9700,no
6a922478-3f2e-4eee-a07d-8db58b439c48,KXCABOUT-29-RFK,2025-05-25T13:12:54.888505Z,100.00,0.0400,0.9600,yes
dbf9b5b6-23d2-418f-b0f7-3f9a7bf9b926,KXCABOUT-29-RFK,2025-05-23T21:43:26.028038Z,264.00,0.0300,0.9700,no
2822af79-5ad1-4786-9e29-3570b37366aa,KXCABOUT-29-RFK,2025-05-23T02:47:14.432993Z,50.00,0.0400,0.9600,yes
1b02f9e3-6b93-4eef-89ce-84895e8cfe0d,KXCABOUT-29-RFK,2025-05-23T00:21:12.884047Z,50.00,0.0400,0.9600,yes
d9a1aede-9c04-4b0f-b066-34a19c6b271f,KXCABOUT-29-RFK,2025-05-18T17:32:40.785692Z,80.00,0.0400,0.9600,yes
5bea40c1-4d5d-4e60-985d-94961bb90bd7,KXCABOUT-29-RFK,2025-05-18T17:32:40.785692Z,40.00,0.0400,0.9600,yes
9b016c11-c1a3-4492-875f-231dcfdf0914,KXCABOUT-29-RFK,2025-05-15T01:15:10.243418Z,292.00,0.0400,0.9600,yes
625076b9-8434-45e1-8c11-f520b9ba343f,KXCABOUT-29-RFK,2025-05-15T01:15:10.243418Z,8.00,0.0400,0.9600,yes
6dfe9047-09a7-4be3-86b4-a56f952c317d,KXCABOUT-29-RFK,2025-05-14T22:56:38.13228Z,292.00,0.0400,0.9600,yes
6fd303e1-d932-4289-90d9-5ae59d1b26a7,KXCABOUT-29-RFK,2025-05-11T01:46:10.928517Z,1.00,0.0300,0.9700,no
df8ab7c6-2dfd-438e-ba24-d46258391ec4,KXCABOUT-29-RFK,2025-05-09T17:13:03.545559Z,148.00,0.0300,0.9700,yes
b25b7a71-0124-47f4-a3c9-73cec14d7e10,KXCABOUT-29-RFK,2025-05-09T17:13:03.545559Z,1.00,0.0300,0.9700,yes
9199b6d7-5524-4419-8134-d2ce09515272,KXCABOUT-29-RFK,2025-05-09T02:43:34.49154Z,312.00,0.0300,0.9700,yes
f0ab785f-d072-4a67-8043-00b92cdbb4f3,KXCABOUT-29-RFK,2025-05-08T15:22:52.011885Z,100.00,0.0300,0.9700,yes
e2bc7cdc-6323-4b5f-8b8c-17cd5c9c929f,KXCABOUT-29-RFK,2025-05-07T16:19:27.052778Z,200.00,0.0200,0.9800,no
976902bd-30fe-4bbd-820f-6b3207075267,KXCABOUT-29-RFK,2025-05-07T15:42:06.022852Z,358.00,0.0200,0.9800,no
97942ce7-00e5-4c2c-b285-d180b16c5130,KXCABOUT-29-RFK,2025-05-02T23:20:22.896973Z,89.00,0.0300,0.9700,yes
8c4df2d0-5bbb-4294-b0b4-1181fceb7e4d,KXCABOUT-29-RFK,2025-05-02T23:20:22.896973Z,129.00,0.0300,0.9700,yes
2df03f22-9c4e-43cc-9e67-100e95c704b8,KXCABOUT-29-RFK,2025-05-02T12:53:16.656575Z,10.00,0.0200,0.9800,no
fb67d023-f155-41d3-bb4b-4f34e16442f4,KXCABOUT-29-RFK,2025-05-02T12:53:06.415555Z,10.00,0.0200,0.9800,no
01c190ee-68eb-42a4-a805-d04251eda340,KXCABOUT-29-RFK,2025-05-02T12:52:33.196164Z,1.00,0.0200,0.9800,no
e31789c9-449e-4458-b8b1-3a0baef44c37,KXCABOUT-29-RFK,2025-05-02T12:52:27.844697Z,3.00,0.0200,0.9800,no
53b939c0-61de-41cf-ae13-d24b07bf0ad8,KXCABOUT-29-RFK,2025-05-02T12:52:00.66295Z,1.00,0.0200,0.9800,no
0d0f21df-38f1-4f78-9553-54e7a87c9cf0,KXCABOUT-29-RFK,2025-05-02T12:51:46.304778Z,5.00,0.0200,0.9800,no
01370834-fdf7-41ca-8896-da7fd0f84fcf,KXCABOUT-29-RFK,2025-05-02T12:51:33.566704Z,8.00,0.0200,0.9800,no
8cfb9836-1541-4bdf-a590-138579bbdf86,KXCABOUT-29-RFK,2025-05-02T12:51:29.773586Z,1.00,0.0200,0.9800,no
be5c9450-98be-4fff-a7aa-f8cccfc34b28,KXCABOUT-29-RFK,2025-05-02T12:46:43.08629Z,31.00,0.0300,0.9700,yes
1f91258a-4330-4029-b379-4bfc208e77b1,KXCABOUT-29-RFK,2025-05-01T19:47:52.826302Z,13.00,0.0200,0.9800,no
8f606549-dfd7-4eca-9be9-3c7aba663817,KXCABOUT-29-RFK,2025-05-01T18:32:39.255369Z,15.00,0.0200,0.9800,no
61dfd09c-a87e-4f2a-afe9-3220b5294943,KXCABOUT-29-RFK,2025-05-01T18:08:13.987087Z,4.00,0.0200,0.9800,no
542e159c-6816-4e73-86cd-04a8250a4e56,KXCABOUT-29-RFK,2025-05-01T18:08:09.208245Z,21.00,0.0300,0.9700,yes
2debda88-cc51-4143-9e6e-0807cf44b805,KXCABOUT-29-RFK,2025-05-01T18:08:09.208245Z,41.00,0.0300,0.9700,yes
5265dc81-e15f-4dff-ba4e-0b701bfe1b11,KXCABOUT-29-RFK,2025-05-01T14:51:16.763825Z,130.00,0.0200,0.9800,no
5f05d0aa-28c8-4433-aab8-364329702813,KXCABOUT-29-RFK,2025-04-29T19:19:18.98908Z,7.00,0.0200,0.9800,no
4a2cb975-aa5b-4d5f-820a-4cd9059029a3,KXCABOUT-29-RFK,2025-04-29T18:48:02.050904Z,33.00,0.0300,0.9700,yes
280df98b-fb01-4d17-8a8e-81c53b80870b,KXCABOUT-29-RFK,2025-04-26T22:22:24.096222Z,15.00,0.0200,0.9800,no
28752ff0-7d39-4781-9007-eb0c33c4812e,KXCABOUT-29-RFK,2025-04-26T22:22:19.934564Z,15.00,0.0200,0.9800,no
81ea3383-d589-4173-a345-6faaa178008b,KXCABOUT-29-RFK,2025-04-24T23:52:02.804575Z,96.00,0.0200,0.9800,no
044e253c-e005-44aa-bf45-6abdb9c9c95c,KXCABOUT-29-RFK,2025-04-24T23:36:28.564928Z,62.00,0.0200,0.9800,no
90bb0f6c-7960-4d32-8145-563ef07f6a76,KXCABOUT-29-RFK,2025-04-24T21:19:05.865714Z,52.00,0.0200,0.9800,no
24100e56-161b-4d83-9e23-e2c6d14a1f9a,KXCABOUT-29-RFK,2025-04-24T21:19:01.764709Z,49.00,0.0200,0.9800,no
d4a2c3e1-aed0-4c76-999d-05aaed650847,KXCABOUT-29-RFK,2025-04-24T21:18:41.058837Z,15.00,0.0200,0.9800,no
2ba05ca5-0d3d-4c83-b2f0-1913832775ea,KXCABOUT-29-RFK,2025-04-24T21:18:31.595228Z,15.00,0.0200,0.9800,no
8fcbb071-d72e-4a25-8d2e-92e0bff26672,KXCABOUT-29-RFK,2025-04-24T19:14:24.703825Z,17.00,0.0200,0.9800,no
c52cd35b-cefe-4c22-9420-8900223ec21f,KXCABOUT-29-RFK,2025-04-24T19:14:01.945778Z,1.00,0.0200,0.9800,no
32aadf19-f58c-4726-9697-48459c98e053,KXCABOUT-29-RFK,2025-04-24T19:13:56.465752Z,1.00,0.0200,0.9800,no
d988c1ab-0240-40ac-a56e-ce08f413e1c2,KXCABOUT-29-RFK,2025-04-24T18:53:41.42381Z,41.00,0.0200,0.9800,no
7cdbe87c-c230-48af-b5e6-926095ea2fee,KXCABOUT-29-RFK,2025-04-24T18:51:56.053401Z,1.00,0.0200,0.9800,no
bc4e4d14-dfd6-4f48-b080-dfafaabd4494,KXCABOUT-29-RFK,2025-04-24T17:53:48.753971Z,10.00,0.0200,0.9800,no
ef1a0046-84b2-439b-8406-688308ac92e4,KXCABOUT-29-RFK,2025-04-23T21:44:21.180225Z,25.00,0.0300,0.9700,yes
3055ef68-0b1e-4e32-bccf-70bcdabc1739,KXCABOUT-29-RFK,2025-04-23T03:22:51.651261Z,1.00,0.0300,0.9700,yes
b6f4f547-dab0-442c-9a58-85e77cdca6b4,KXCABOUT-29-RFK,2025-04-23T02:02:13.878383Z,107.00,0.0200,0.9800,yes
92522c00-2e7d-43a6-ace7-43f4f31c96bd,KXCABOUT-29-RFK,2025-04-22T13:27:54.521012Z,10.00,0.0300,0.9700,yes
6a7528fc-c524-4952-95eb-9ed3fc75a365,KXCABOUT-29-RFK,2025-04-21T18:57:27.241337Z,231.00,0.0300,0.9700,yes
0bcbd030-c240-499a-b9d7-fa30601ea147,KXCABOUT-29-RFK,2025-04-21T17:26:46.644147Z,1.00,0.0100,0.9900,no
09aa1d61-09ed-4bf0-855e-84d4a8a0b699,KXCABOUT-29-RFK,2025-04-21T17:26:31.032955Z,57.00,0.0100,0.9900,no
ff41aed2-2fec-4826-a412-be522da07015,KXCABOUT-29-RFK,2025-04-21T17:23:24.248023Z,4.00,0.0100,0.9900,no
34963a6b-b912-42d9-80da-657cc9b2c883,KXCABOUT-29-RFK,2025-04-21T17:23:21.485267Z,6.00,0.0200,0.9800,no
d288ce2f-56ac-45f4-a165-ff0156d63adc,KXCABOUT-29-RFK,2025-04-21T17:23:20.145391Z,4.00,0.0200,0.9800,no
6d82fc31-6c50-49d0-8105-1afe7a763c08,KXCABOUT-29-RFK,2025-04-21T17:23:20.145391Z,21.00,0.0200,0.9800,no
902783bd-5c9d-47a6-8c40-14ab6d173be3,KXCABOUT-29-RFK,2025-04-21T17:23:18.945045Z,120.00,0.0200,0.9800,no
ed934743-5d0c-4c9b-a830-e0b9a1df8e84,KXCABOUT-29-RFK,2025-04-21T17:23:17.541463Z,16.00,0.0200,0.9800,no
a22e4758-0c01-4923-abc4-8b4de89e20d1,KXCABOUT-29-RFK,2025-04-21T17:23:16.456045Z,4.00,0.0200,0.9800,no
1bd9e55e-c25d-4d82-b334-38a355a4ea0f,KXCABOUT-29-RFK,2025-04-21T17:21:26.801365Z,44.00,0.0200,0.9800,no
216d5f61-6002-420c-a86b-3c86975e5bc5,KXCABOUT-29-RFK,2025-04-21T17:21:25.353638Z,54.00,0.0200,0.9800,no
468d622c-977e-41e7-b629-59136a796cd9,KXCABOUT-29-RFK,2025-04-21T17:21:23.911691Z,9.00,0.0200,0.9800,no
757aad61-b199-412e-abf9-9e8bb9ec8645,KXCABOUT-29-RFK,2025-04-21T17:21:23.063228Z,4.00,0.0200,0.9800,no
365f1a73-9a2f-428b-a0d4-1382ea7a3e34,KXCABOUT-29-RFK,2025-04-21T17:21:21.585468Z,14.00,0.0200,0.9800,no
403e5f21-f959-4886-af33-9d07ecfa63da,KXCABOUT-29-RFK,2025-04-21T17:20:07.044549Z,9.00,0.0200,0.9800,no
c012fdd7-0735-4597-93b5-9759f02b77c6,KXCABOUT-29-RFK,2025-04-21T17:20:02.121046Z,5.00,0.0200,0.9800,no
3b506e0a-102d-43dc-9ee2-e577187f0f35,KXCABOUT-29-RFK,2025-04-21T17:19:53.701203Z,10.00,0.0300,0.9700,no
ef9b2430-79d6-465a-a726-951c676ebc62,KXCABOUT-29-RFK,2025-04-21T13:43:12.619921Z,90.00,0.0300,0.9700,yes
bb9c9d9e-4bf4-4425-b18e-a533c0e50f92,KXCABOUT-29-RFK,2025-04-21T13:43:12.619921Z,10.00,0.0300,0.9700,yes
1c3ebdb7-fca3-46e3-9c7d-30335e5d07b7,KXCABOUT-29-RFK,2025-04-21T13:43:12.619921Z,41.00,0.0400,0.9600,yes
dd4dcb1c-418e-4528-b236-a6017c932d4a,KXCABOUT-29-RFK,2025-04-21T13:04:22.97404Z,100.00,0.0200,0.9800,no
c1a46fb8-c526-4e43-bf72-9b1520d29697,KXCABOUT-29-RFK,2025-04-21T01:48:39.568541Z,1.00,0.0300,0.9700,yes
9a5c9e48-6ce7-407d-9a4d-92e07bc04087,KXCABOUT-29-RFK,2025-04-21T01:48:39.568541Z,1.00,0.0300,0.9700,yes
877f0bdf-a959-49b2-bc68-a544871d8fce,KXCABOUT-29-RFK,2025-04-21T01:48:39.568541Z,49.00,0.0300,0.9700,yes
0817cdd1-e680-48a9-915b-28fa3f784188,KXCABOUT-29-RFK,2025-04-21T01:48:39.568541Z,91.00,0.0300,0.9700,yes
e9a8f6b7-8011-492e-9d08-d1656d3aef78,KXCABOUT-29-RFK,2025-04-20T22:41:14.852939Z,10.00,0.0200,0.9800,no
0c77e2ac-cc22-4b95-99c3-df3b95f5b0b4,KXCABOUT-29-RFK,2025-04-20T22:41:14.852939Z,335.00,0.0200,0.9800,no
85ae664d-d449-4476-962d-b8712efe585f,KXCABOUT-29-RFK,2025-04-17T05:26:23.271988Z,89.00,0.0500,0.9500,yes
5164fc21-354c-4c1f-9247-2577493edb77,KXCABOUT-29-RFK,2025-04-17T05:26:23.271988Z,5.00,0.0400,0.9600,yes
c2db1a01-8bc5-41a2-bf52-7d0da852f431,KXCABOUT-29-RFK,2025-04-13T01:31:21.567591Z,100.00,0.0400,0.9600,yes
e6bc117c-09ce-4b24-9bb2-c81226f9a24f,KXCABOUT-29-RFK,2025-04-11T01:14:51.903964Z,141.00,0.0200,0.9800,yes
e00a15d1-f4f7-4eea-bb1b-37988f2dbf94,KXCABOUT-29-RFK,2025-04-11T01:14:51.903964Z,5.00,0.0400,0.9600,yes
76165c0c-daf4-4c42-8370-8de01bbdfbd6,KXCABOUT-29-RFK,2025-04-11T01:14:51.903964Z,15.00,0.0400,0.9600,yes
749887f5-3d35-4064-8db3-62ad65310f40,KXCABOUT-29-RFK,2025-04-11T01:14:51.903964Z,313.00,0.0400,0.9600,yes
52003632-f6c5-438c-8932-f2de89434176,KXCABOUT-29-RFK,2025-04-11T01:14:51.903964Z,20.00,0.0300,0.9700,yes
28e75948-a0d2-4456-856a-053431bfcd61,KXCABOUT-29-RFK,2025-04-11T01:14:51.903964Z,331.00,0.0200,0.9800,yes
2ed3c6a2-2f67-4462-9bd8-e7ac6213fcb8,KXCABOUT-29-RFK,2025-04-10T23:56:43.732708Z,10.00,0.0200,0.9800,yes
0f68474e-2854-4af6-a0e9-88d7c433814b,KXCABOUT-29-RFK,2025-04-08T19:43:59.062451Z,45.00,0.0100,0.9900,no
e3ac08b2-717e-4e36-ab81-77e0938ce7da,KXCABOUT-29-RFK,2025-04-07T04:27:18.988492Z,12.00,0.0100,0.9900,no
e813248c-5a54-429f-a39e-d699b9013aea,KXCABOUT-29-RFK,2025-04-07T04:13:50.196614Z,14.00,0.0100,0.9900,no
f29b9185-bc75-4faa-a776-b837cf02a22d,KXCABOUT-29-RFK,2025-04-07T04:06:59.334089Z,39.00,0.0100,0.9900,no
6535321f-09e2-4fcb-9ee2-0e512bed87f1,KXCABOUT-29-RFK,2025-04-07T04:01:27.771434Z,9.00,0.0100,0.9900,no
4d832995-dbeb-469b-ac2f-3454625f2db1,KXCABOUT-29-RFK,2025-04-07T03:54:23.636511Z,28.00,0.0100,0.9900,no
380e1ba3-11b1-4b49-8dc8-19903c549251,KXCABOUT-29-RFK,2025-04-07T03:47:20.443303Z,33.00,0.0100,0.9900,no
cb6a4cb5-e35a-47b0-b39d-ee2ebb18376c,KXCABOUT-29-RFK,2025-04-07T03:40:20.070805Z,22.00,0.0100,0.9900,no
6120a31e-990a-4d7e-88b7-da6fdbce4e32,KXCABOUT-29-RFK,2025-04-07T03:40:18.580206Z,5.00,0.0100,0.9900,no
91620325-f3ff-4548-a4b9-10600bb231c4,KXCABOUT-29-RFK,2025-04-07T03:40:17.067536Z,5.00,0.0100,0.9900,no
c7314737-e973-49b2-b488-4dea8636f5cc,KXCABOUT-29-RFK,2025-04-06T19:02:10.851953Z,31.00,0.0100,0.9900,no
ae040f8a-6fc8-4fa5-85f5-4e7cccc959d9,KXCABOUT-29-RFK,2025-04-06T16:50:31.778109Z,63.00,0.0100,0.9900,no
e856c8d3-7ea9-466f-97af-2a8e5d9837ae,KXCABOUT-29-RFK,2025-04-06T15:50:25.294572Z,8.00,0.0100,0.9900,no
72e9f43b-006c-48ad-b914-a6d2b3badf39,KXCABOUT-29-RFK,2025-04-06T13:50:16.216387Z,29.00,0.0100,0.9900,no
02fea46f-ddd4-412d-9468-7cf0bfbcb2c8,KXCABOUT-29-RFK,2025-04-05T21:40:03.849199Z,13.00,0.0100,0.9900,no
6a72eb65-44a4-4adc-8220-c10696627459,KXCABOUT-29-RFK,2025-04-05T21:40:02.341138Z,9.00,0.0100,0.9900,no
3da47a80-0a1d-40b5-9a87-ebf00c0f6be3,KXCABOUT-29-RFK,2025-04-05T21:38:47.398919Z,5.00,0.0100,0.9900,no
567bf486-7cd8-4203-8e5d-a3b39011d1f6,KXCABOUT-29-RFK,2025-04-05T21:31:33.973737Z,52.00,0.0100,0.9900,no
d696aa5a-2726-45b1-a70b-6d769ba18482,KXCABOUT-29-RFK,2025-04-05T21:30:56.47752Z,26.00,0.0100,0.9900,no
6328188d-3f29-4eb5-b54e-f6b16e9c4804,KXCABOUT-29-RFK,2025-04-05T21:30:56.47752Z,102.00,0.0100,0.9900,no
39df9469-ae6b-4daf-8d24-088dd3e393fa,KXCABOUT-29-RFK,2025-04-05T21:30:54.963462Z,20.00,0.0200,0.9800,no
95776b76-9b99-4830-8a8a-ea23a8ea95cc,KXCABOUT-29-RFK,2025-04-05T21:30:50.31448Z,15.00,0.0200,0.9800,no
b5ce02f4-eb1c-4ccf-9c56-2d3e17aa0560,KXCABOUT-29-RFK,2025-04-05T21:30:48.832465Z,5.00,0.0200,0.9800,no
62c5e44e-fe1a-4174-af48-5b81ddcf600c,KXCABOUT-29-RFK,2025-04-05T03:32:44.583753Z,10.00,0.0200,0.9800,no
fabd3574-654e-489f-a5d1-761a0db37628,KXCABOUT-29-RFK,2025-04-01T02:43:53.011032Z,28.00,0.0600,0.9400,yes
4290f84e-afb6-4ff0-9530-88ba6f2b0b9c,KXCABOUT-29-RFK,2025-04-01T02:43:53.011032Z,117.00,0.0600,0.9400,yes
080281a2-e9a5-4e00-ad13-f6091e0d637b,KXCABOUT-29-RFK,2025-04-01T02:43:53.011032Z,200.00,0.0500,0.9500,yes
6a96b4e1-0f5e-4961-a5f7-f4a5a94b181a,KXCABOUT-29-RFK,2025-03-27T18:09:59.072892Z,40.00,0.0200,0.9800,no
632da2ee-c30a-41cc-979a-55f6a01809a3,KXCABOUT-29-RFK,2025-03-27T18:09:26.186429Z,250.00,0.0200,0.9800,no
977dacb2-4f4e-4c47-999b-9501d79d82c9,KXCABOUT-29-RFK,2025-03-27T18:09:21.506203Z,4.00,0.0200,0.9800,no
b8e793b9-d6c9-48c3-b420-818f18ad7ddb,KXCABOUT-29-RFK,2025-03-27T18:07:12.695912Z,6.00,0.0200,0.9800,no
889972ad-4c44-4230-a7b4-da76ef6a326d,KXCABOUT-29-RFK,2025-03-27T18:06:52.143674Z,94.00,0.0200,0.9800,no
8d06c110-65e2-475c-a75d-fb6f582ddf44,KXCABOUT-29-RFK,2025-03-27T18:06:37.980341Z,1.00,0.0200,0.9800,no
42480fcf-0058-4e2e-b6de-4ec2408893bb,KXCABOUT-29-RFK,2025-03-27T18:04:59.351142Z,5.00,0.0200,0.9800,no
f77fc61d-735f-4d4a-b9ed-3ef2e5acbd61,KXCABOUT-29-RFK,2025-03-27T01:35:13.81479Z,3.00,0.0200,0.9800,no
6ee98ebf-d24c-4923-b689-78d2f2e0e696,KXCABOUT-29-RFK,2025-03-26T20:26:38.433828Z,9.00,0.0200,0.9800,no
07c8ea1f-7971-4dd8-aee8-080aab64a9cb,KXCABOUT-29-RFK,2025-03-26T20:26:35.529956Z,17.00,0.0200,0.9800,no
c69703b8-548f-4f47-bf4b-cf019244d5f6,KXCABOUT-29-RFK,2025-03-26T16:23:19.342718Z,16.00,0.0200,0.9800,no
46426dea-a057-4263-9ac4-8ed388fbf7eb,KXCABOUT-29-RFK,2025-03-26T16:23:14.95917Z,16.00,0.0200,0.9800,no
cd0effe6-e4a2-47ec-b15d-20cb8e7225c2,KXCABOUT-29-RFK,2025-03-26T14:51:11.839745Z,16.00,0.0300,0.9700,no
9d28c284-8b68-4763-a8c2-5f897ef703cd,KXCABOUT-29-RFK,2025-03-26T14:49:07.889352Z,134.00,0.0700,0.9300,yes
2acf7eb2-1ca3-4fc9-ae8e-b2eb460aab0f,KXCABOUT-29-RFK,2025-03-26T14:18:07.492278Z,16.00,0.0200,0.9800,no
7fbbe17e-da44-41c1-858e-36bd547999b3,KXCABOUT-29-RFK,2025-03-26T14:18:05.103631Z,15.00,0.0200,0.9800,no
96985bf6-2b79-45c6-ab56-151e0df9f786,KXCABOUT-29-RFK,2025-03-26T13:42:41.177768Z,3.00,0.0200,0.9800,no
e7fe40f8-3209-4829-abdc-f4291550d738,KXCABOUT-29-RFK,2025-03-26T13:42:28.533123Z,5.00,0.0200,0.9800,no
83bf85f9-fcbc-44f6-8f94-f4af0624938f,KXCABOUT-29-RFK,2025-03-26T13:42:09.521695Z,17.00,0.0200,0.9800,no
5782eeba-0883-47e8-af21-03f55a704c7b,KXCABOUT-29-RFK,2025-03-26T13:38:07.061494Z,15.00,0.0200,0.9800,no
9db962ba-b408-4d11-a8b4-42601c8c1ec0,KXCABOUT-29-RFK,2025-03-26T13:35:17.222977Z,6.00,0.0200,0.9800,no
f0600fc9-3f7c-423e-b57f-53843ab9db27,KXCABOUT-29-RFK,2025-03-26T13:33:27.200809Z,4.00,0.0200,0.9800,no
c96349e0-b0a2-466e-866e-636802ebdb45,KXCABOUT-29-RFK,2025-03-26T13:33:21.628875Z,40.00,0.0200,0.9800,no
346fad9b-9f27-4860-bd75-eb54c6ba8166,KXCABOUT-29-RFK,2025-03-26T13:33:17.132533Z,11.00,0.0200,0.9800,no
5fd735b4-19bd-4f55-8a19-7ff035e8d10e,KXCABOUT-29-RFK,2025-03-26T13:33:14.580126Z,2.00,0.0200,0.9800,no
d1fb3ddb-ce53-4add-8799-4d5af4967798,KXCABOUT-29-RFK,2025-03-26T13:33:08.577057Z,18.00,0.0200,0.9800,no
61c0ae5d-007e-4c43-96ca-2bf3ea02829f,KXCABOUT-29-RFK,2025-03-26T13:33:06.224531Z,14.00,0.0200,0.9800,no
ecf2ea82-6922-4974-aeb6-3818e43df6fc,KXCABOUT-29-RFK,2025-03-26T13:32:55.107114Z,10.00,0.0200,0.9800,no
ccfb99fb-5380-4fc9-91de-ae23f9a62c0d,KXCABOUT-29-RFK,2025-03-26T06:56:58.847589Z,30.00,0.0100,0.9900,no
930d880c-8006-4ae7-9fce-b936874641df,KXCABOUT-29-RFK,2025-03-24T19:33:44.60447Z,10.00,0.0100,0.9900,no
91e05096-9835-4bc2-93fa-3fe4a58ee82d,KXCABOUT-29-RFK,2025-03-24T18:13:16.204401Z,11.00,0.0100,0.9900,no
dc168b48-10e9-4ba1-b058-252fbb6ff9ab,KXCABOUT-29-RFK,2025-03-24T16:20:52.413856Z,22.00,0.0100,0.9900,no
9d4c9a62-c6eb-4d16-89b2-be5ebb3363eb,KXCABOUT-29-RFK,2025-03-21T19:20:07.257875Z,30.00,0.0700,0.9300,no
e789282c-8b7d-4970-b44d-341c59a7b6d6,KXCABOUT-29-RFK,2025-03-12T22:54:17.522002Z,1.00,0.0100,0.9900,no
475cebf9-e20a-4fce-a464-5881c42101cc,KXCABOUT-29-RFK,2025-03-10T21:28:09.73272Z,2.00,0.0300,0.9700,no
537f5949-ef3c-4e56-827f-83282bf18324,KXCABOUT-29-RFK,2025-03-04T06:32:06.976945Z,15.00,0.0300,0.9700,no
ad445e00-8d9e-4f83-a3bc-87b66a1f1705,KXCABOUT-29-RFK,2025-03-03T21:49:21.001762Z,1.00,0.0800,0.9200,yes
747a0866-f11d-4b6c-abc2-e8849c321705,KXCABOUT-29-RFK,2025-03-03T21:49:21.001762Z,453.00,0.0800,0.9200,yes
3ec405bf-b38a-44f6-9b22-1f153a0e04b8,KXCABOUT-29-RFK,2025-03-03T21:49:21.001762Z,16.00,0.0800,0.9200,yes
d882eb4b-ee04-41ba-a77c-8ede3144b66a,KXCABOUT-29-RFK,2025-03-01T20:44:38.647255Z,178.00,0.0200,0.9800,no
6895c97f-bd43-4c07-ae19-e099e1d3fe25,KXCABOUT-29-RFK,2025-03-01T20:44:18.296189Z,5.00,0.0300,0.9700,no
a48f2a14-8de7-487c-a067-50752c0f413e,KXCABOUT-29-RFK,2025-03-01T19:46:43.135121Z,18.00,0.1200,0.8800,yes
046eb1b6-857b-4851-b34d-b716a0563486,KXCABOUT-29-RFK,2025-03-01T19:46:43.135121Z,11.00,0.0500,0.9500,yes
ab269f66-e017-4717-8909-cb51f7e7b102,KXCABOUT-29-RFK,2025-02-27T00:45:03.38393Z,1.00,0.0200,0.9800,no
f13befc8-e0a9-4ac6-b988-3fd4b3f6271a,KXCABOUT-29-RFK,2025-02-27T00:44:44.861756Z,1.00,0.0300,0.9700,no
ce4c6f9d-a11d-46b1-a061-3d3a0d5cac39,KXCABOUT-29-RFK,2025-02-27T00:44:44.861756Z,15.00,0.0300,0.9700,no
d81c26e9-af4d-412a-8502-fa604aa11da1,KXCABOUT-29-RFK,2025-02-27T00:44:26.202133Z,5.00,0.0400,0.9600,no
22c580ed-fb10-4c1c-957e-0c566e59adc6,KXCABOUT-29-RFK,2025-02-27T00:44:26.202133Z,45.00,0.0400,0.9600,no
f5ec7b5c-8ee8-47f4-82b9-5a3c65ed83ad,KXCABOUT-29-RFK,2025-02-20T19:42:01.598485Z,50.00,0.1200,0.8800,yes
437c5583-7c83-47aa-953f-6345017cc06a,KXCABOUT-29-RFK,2025-02-20T19:42:01.598485Z,35.00,0.1200,0.8800,yes
28d6100d-9d80-48fd-bf34-bad0f83ac914,KXCABOUT-29-RFK,2025-02-20T19:42:01.598485Z,15.00,0.1200,0.8800,yes
1bee8aeb-79db-486d-990d-44e2152cd5e1,KXCABOUT-29-RFK,2025-02-19T01:54:04.985024Z,50.00,0.1200,0.8800,yes
f9ebf6c0-385e-4689-b710-f2725e30751a,KXCABOUT-29-RFK,2025-02-19T00:51:01.31961Z,4.00,0.0600,0.9400,no
265999ac-59e5-4b76-9a4e-f110c8428f70,KXCABOUT-29-RFK,2025-02-19T00:51:01.31961Z,2.00,0.0500,0.9500,no
d52c2b78-5ff3-4fcd-bd1b-d9aae6e4b0d7,KXCABOUT-29-RFK,2025-02-18T15:30:11.243956Z,6.00,0.1400,0.8600,yes
96145d14-7193-4522-8f8e-8c11392bd2f2,KXCABOUT-29-RFK,2025-02-16T01:26:03.011054Z,2.00,0.1200,0.8800,yes
85cb9e09-9f85-449e-940b-ce15ce455700,KXCABOUT-29-RFK,2025-02-16T01:25:43.325415Z,3.00,0.1300,0.8700,yes
16a4736a-d705-4039-a039-65689fd29af4,KXCABOUT-29-RFK,2025-02-15T13:00:32.673472Z,1.00,0.1300,0.8700,yes
35237447-f36e-47dd-a024-c22e3d23dc44,KXCABOUT-29-RFK,2025-02-15T07:32:24.513569Z,2.00,0.1300,0.8700,yes
d8a64041-343a-4f21-aeca-bde889f52148,KXCABOUT-29-RFK,2025-02-15T07:31:04.716044Z,2.00,0.1200,0.8800,yes
0049ca79-6e77-4773-aaa0-8ac5d7880f2e,KXCABOUT-29-RFK,2025-02-15T07:30:48.898822Z,5.00,0.1300,0.8700,yes
cba4c330-4666-403b-9f42-20cf92fba4d1,KXCABOUT-29-RFK,2025-02-15T07:18:06.104094Z,1.00,0.1300,0.8700,yes
c8808d94-53a4-4265-bf8f-8354e44589c8,KXCABOUT-29-RFK,2025-02-15T07:14:32.428292Z,1.00,0.1200,0.8800,yes
4b1e32fe-c549-47e1-bf31-bbfab6812fd5,KXCABOUT-29-RFK,2025-02-15T07:14:15.10287Z,7.00,0.1200,0.8800,yes
ae2317c5-81a5-4e9e-ab46-9118e0da036f,KXCABOUT-29-RFK,2025-02-15T07:00:42.613647Z,1.00,0.1200,0.8800,yes
abf906f3-14fd-4612-bd7f-7903fc1035d2,KXCABOUT-29-RFK,2025-02-15T06:59:45.44737Z,5.00,0.1200,0.8800,yes
c71428fa-05e9-4c1c-af83-a1779178afba,KXCABOUT-29-RFK,2025-02-15T06:58:53.831482Z,2.00,0.1300,0.8700,yes
5ff20fa9-b099-4613-9c72-a66c6f1b9dd3,KXCABOUT-29-RFK,2025-02-15T06:58:22.345687Z,3.00,0.1200,0.8800,yes
5e34f9ad-57a6-4236-9681-7d8ec6bf6e6e,KXCABOUT-29-RFK,2025-02-15T06:58:07.522001Z,3.00,0.1300,0.8700,yes
3f3a4580-4ca3-47ef-ab12-1d80540a9921,KXCABOUT-29-RFK,2025-02-15T06:48:18.821449Z,1.00,0.1200,0.8800,yes
60fcb82d-e444-48e5-9cc7-5cdcade04342,KXCABOUT-29-RFK,2025-02-15T06:48:03.016448Z,6.00,0.1200,0.8800,yes
8e5a36cc-91f2-4b8c-9c11-ffef0b68d726,KXCABOUT-29-RFK,2025-02-15T06:42:22.994597Z,2.00,0.1300,0.8700,yes
afd06e39-bb38-4ecc-a0cf-22366c7c52a6,KXCABOUT-29-RFK,2025-02-15T06:35:30.648843Z,1.00,0.1200,0.8800,yes
2def154d-d866-40f8-810d-09e01259cc1b,KXCABOUT-29-RFK,2025-02-15T06:35:15.471525Z,2.00,0.1200,0.8800,yes
94f44f6d-b7cf-4e16-8286-fcb542526cde,KXCABOUT-29-RFK,2025-02-15T05:23:01.059947Z,3.00,0.1300,0.8700,yes
7742b298-a790-4599-b049-b50bd5d7a5bc,KXCABOUT-29-RFK,2025-02-15T05:16:46.382013Z,2.00,0.1200,0.8800,yes
3419cab2-4c93-4b2f-b773-b79f2845f3be,KXCABOUT-29-RFK,2025-02-15T05:16:28.271572Z,5.00,0.1300,0.8700,yes
c47a0f50-7d0e-4666-a121-a3b0dbe193a2,KXCABOUT-29-RFK,2025-02-15T05:04:27.407458Z,5.00,0.1200,0.8800,yes
00848c8b-a0fc-45f4-9418-01b4e45ca63f,KXCABOUT-29-RFK,2025-02-15T04:58:10.654466Z,5.00,0.1200,0.8800,yes
aef03752-c49a-48b9-bc88-b29a5c188954,KXCABOUT-29-RFK,2025-02-15T04:56:20.22193Z,1.00,0.1300,0.8700,yes
822164a1-4aea-4f12-8a69-b6f18bc8c7f3,KXCABOUT-29-RFK,2025-02-15T04:56:20.22193Z,1.00,0.1300,0.8700,yes
c762904b-33fe-488b-b5b7-9e263e4d17cf,KXCABOUT-29-RFK,2025-02-15T04:54:12.79251Z,3.00,0.1200,0.8800,yes
7d8c6117-88b9-47fc-a18f-1ce62aa33de9,KXCABOUT-29-RFK,2025-02-15T04:53:56.132775Z,4.00,0.1300,0.8700,yes
a9b423d2-9cf5-4b4b-a90e-733f7c93e3d5,KXCABOUT-29-RFK,2025-02-15T04:40:24.86472Z,1.00,0.1200,0.8800,yes
59c5c962-5bcf-4367-b3dd-ecd6dfe4efc1,KXCABOUT-29-RFK,2025-02-15T04:39:58.629549Z,5.00,0.1200,0.8800,yes
bef70817-3191-4240-ad1f-4cbc293a7891,KXCABOUT-29-RFK,2025-02-15T04:34:01.566992Z,5.00,0.1200,0.8800,yes
5a2e5d22-a6ed-4556-a78c-74ddc32f76ab,KXCABOUT-29-RFK,2025-02-15T04:28:02.837329Z,5.00,0.1200,0.8800,yes
9a746f08-6413-44d6-8073-0cfe33dbd438,KXCABOUT-29-RFK,2025-02-15T04:21:44.250185Z,5.00,0.1200,0.8800,yes
1225289f-8c7c-48b7-9b69-9135d43b1ccf,KXCABOUT-29-RFK,2025-02-14T21:57:30.805926Z,65.00,0.1200,0.8800,yes
06fb3652-71b9-4f2b-a331-02b4c25efda6,KXCABOUT-29-RFK,2025-02-14T21:57:30.805926Z,35.00,0.1200,0.8800,yes
3707151a-56c7-4fee-b1f3-1335ef2bed1e,KXCABOUT-29-RFK,2025-01-23T16:20:30.198205Z,15.00,0.1200,0.8800,yes
d7916f63-cd53-4e5d-8c8d-84ac7914047f,KXCABOUT-29-RFK,2025-01-22T19:58:26.85989Z,10.00,0.1100,0.8900,yes
339252e8-353d-4713-9c63-12afbbd6e6fc,KXCABOUT-29-RFK,2025-01-12T18:57:06.422655Z,1.00,0.2300,0.7700,yes
4446d77b-dfa7-4fbc-951c-55e3780fa305,KXCABOUT-29-RFK,2025-01-11T20:05:41.740747Z,10.00,0.0600,0.9400,yes
