trade_id,ticker,created_time,count_fp,yes_price_dollars,no_price_dollars,taker_side
3ba0af45-c474-4d39-8c21-3e75e2aa9632,KXCANADAPM-45-C,2025-05-27T00:46:47.742219Z,1.00,0.0100,0.9900,yes
4318cf1a-e501-4b81-8899-87e046726a4b,KXCANADAPM-45-C,2025-05-25T02:19:00.164689Z,50000.00,0.0100,0.9900,yes
97acdac5-f49d-4305-9159-00462e3d8dd3,KXCANADAPM-45-C,2025-05-25T02:01:55.692779Z,20000.00,0.0100,0.9900,yes
9eb77a92-c8fe-4684-ab06-34924e29cb7c,KXCANADAPM-45-C,2025-05-25T01:50:23.281916Z,10000.00,0.0100,0.9900,yes
e7cdcd0b-8d22-47b9-a8ed-498a05f17835,KXCANADAPM-45-C,2025-05-24T19:47:31.808533Z,1020.00,0.0100,0.9900,yes
dc72388e-2ead-46b9-ac49-55e99fb0637c,KXCANADAPM-45-C,2025-05-24T16:31:38.130186Z,45.00,0.0100,0.9900,yes
f2c335ca-6daf-4e5c-9af2-930a56832c2f,KXCANADAPM-45-C,2025-05-24T02:13:42.342208Z,2201.00,0.0100,0.9900,yes
a9a60c8d-8efe-43e7-ae92-d64339a5bc7f,KXCANADAPM-45-C,2025-05-19T23:22:39.209348Z,20.00,0.0100,0.9900,yes
b9e14848-64cc-408d-93b8-4619ee07adc8,KXCANADAPM-45-C,2025-05-19T00:47:09.637378Z,91.00,0.0100,0.9900,yes
badb689d-47ed-47aa-be3e-ec2237f795d8,KXCANADAPM-45-C,2025-05-18T23:38:47.928744Z,52.00,0.0100,0.9900,yes
f3409fa2-4fb9-4b5b-9121-40285eb9907f,KXCANADAPM-45-C,2025-05-18T19:56:41.482359Z,10.00,0.0100,0.9900,yes
a24072c1-4599-438c-8e54-a1d1897d4404,KXCANADAPM-45-C,2025-05-15T13:34:40.488292Z,289.00,0.0100,0.9900,yes
bff3c84f-236a-4603-b5d5-f9f69a327d3a,KXCANADAPM-45-C,2025-05-14T02:10:33.408583Z,196.00,0.0100,0.9900,yes
df65764c-28e8-47c7-970a-b4ddaf7193c0,KXCANADAPM-45-C,2025-05-13T19:05:21.767889Z,1000.00,0.0100,0.9900,yes
d255f5b5-064a-4c62-9e37-94b40e5e077a,KXCANADAPM-45-C,2025-05-13T03:36:49.759592Z,28.00,0.0100,0.9900,yes
6f51ee99-0371-483e-bf2f-5c5e69d9d222,KXCANADAPM-45-C,2025-05-13T01:12:44.395518Z,85.00,0.0100,0.9900,yes
40124ed8-62ac-4f72-ad72-1e3c1597d427,KXCANADAPM-45-C,2025-05-11T05:03:18.970844Z,3.00,0.0100,0.9900,yes
7b8fd734-7f90-4ae6-8903-82286ff1444f,KXCANADAPM-45-C,2025-05-11T00:00:08.997577Z,17.00,0.0100,0.9900,yes
8e2eb2f0-8fab-4a4e-9a36-351a67cdee12,KXCANADAPM-45-C,2025-05-09T18:45:51.200765Z,93.00,0.0100,0.9900,yes
00c840ea-bcfb-4650-ba49-f3d59dff62ab,KXCANADAPM-45-C,2025-05-09T16:28:03.854503Z,15.00,0.0100,0.9900,yes
af209016-a4b2-41db-9128-27f4aabd5f62,KXCANADAPM-45-C,2025-05-09T04:07:44.950946Z,1100.00,0.0100,0.9900,yes
be6139ce-3ad5-49a0-8b7c-c64ee320139d,KXCANADAPM-45-C,2025-05-09T03:15:57.155658Z,520.00,0.0100,0.9900,yes
a77164b9-e1f8-474e-9d73-fbbc36c8332e,KXCANADAPM-45-C,2025-05-08T16:16:05.835269Z,242.00,0.0100,0.9900,yes
35d46dd4-acc7-41de-808a-938c8218ffcb,KXCANADAPM-45-C,2025-05-08T12:55:58.187069Z,26.00,0.0100,0.9900,yes
4ad9568c-6da3-4baa-8ac3-06d7b7ad44a0,KXCANADAPM-45-C,2025-05-07T23:47:24.185444Z,3.00,0.0100,0.9900,yes
42ffaf76-5352-4517-91a8-30c76adbbe68,KXCANADAPM-45-C,2025-05-07T18:15:28.754411Z,18.00,0.0100,0.9900,yes
76356927-c617-41de-8b6b-5fa026a45b60,KXCANADAPM-45-C,2025-05-07T16:33:11.583547Z,17.00,0.0100,0.9900,yes
a4a8975c-06b8-48ef-933d-e3c412c99365,KXCANADAPM-45-C,2025-05-07T16:24:47.431003Z,20.00,0.0100,0.9900,yes
145c0aef-3d9d-46d2-bc51-d07b75b0cc6d,KXCANADAPM-45-C,2025-05-07T14:50:03.834183Z,616.00,0.0100,0.9900,yes
bbb0e387-cfd9-436f-8e7f-70b09bebcf25,KXCANADAPM-45-C,2025-05-07T03:03:18.297612Z,11.00,0.0100,0.9900,yes
a31d737b-34fc-4128-877b-52684036cb24,KXCANADAPM-45-C,2025-05-07T02:33:56.549357Z,733.00,0.0100,0.9900,yes
3b197d97-a29b-49a2-a01f-e72e0a53b122,KXCANADAPM-45-C,2025-05-07T01:35:00.266223Z,20.00,0.0100,0.9900,yes
49c0fc24-7484-434e-8d13-42bd0ee0ea6b,KXCANADAPM-45-C,2025-05-07T01:31:34.488549Z,3000.00,0.0100,0.9900,yes
04422ac0-c975-40eb-a141-4d304cf19ec3,KXCANADAPM-45-C,2025-05-06T22:55:14.824277Z,64.00,0.0100,0.9900,yes
2cd6e939-016e-4fa1-8ab6-f8bbf68f2ea4,KXCANADAPM-45-C,2025-05-06T18:47:48.149687Z,3.00,0.0100,0.9900,yes
f0f7b4c0-b82b-4abd-b7f1-65d9bef66bf1,KXCANADAPM-45-C,2025-05-06T14:33:07.599124Z,891.00,0.0100,0.9900,yes
f5bb00fe-34df-45e3-a3f5-92f7880a0fb2,KXCANADAPM-45-C,2025-05-06T13:39:04.315463Z,7000.00,0.0100,0.9900,yes
c53c3d0f-1f44-4c56-aa76-fb0453126d6b,KXCANADAPM-45-C,2025-05-06T01:50:13.584758Z,4356.00,0.0100,0.9900,yes
6cfbd3a3-d059-4864-9e21-3979861f2b75,KXCANADAPM-45-C,2025-05-06T01:05:15.296444Z,26.00,0.0100,0.9900,yes
c7c60cd5-400a-4289-89e2-54b3a43a9ad0,KXCANADAPM-45-C,2025-05-05T20:43:10.855346Z,22.00,0.0100,0.9900,yes
920c4d1f-89a3-4e36-88a8-b9d6538c70a2,KXCANADAPM-45-C,2025-05-05T20:15:30.639382Z,60.00,0.0100,0.9900,yes
6119b23e-f300-4d1c-b1dd-4f28034433f3,KXCANADAPM-45-C,2025-05-05T19:00:39.798249Z,34.00,0.0100,0.9900,yes
463698ec-dbd7-4f53-9acb-6579dec2d575,KXCANADAPM-45-C,2025-05-05T16:31:00.120857Z,64.00,0.0100,0.9900,yes
0bdde566-b98e-42b0-bb35-79d4e9cdd67a,KXCANADAPM-45-C,2025-05-05T15:27:39.914991Z,62.00,0.0100,0.9900,yes
3ffcba2e-70c0-4013-969e-653caf89ba50,KXCANADAPM-45-C,2025-05-05T14:58:50.825335Z,13.00,0.0100,0.9900,yes
0a687ed2-20f8-498c-b563-8db99764f1d2,KXCANADAPM-45-C,2025-05-05T02:51:25.155623Z,1000.00,0.0100,0.9900,yes
84345712-07d8-4f10-a848-686f5775fd30,KXCANADAPM-45-C,2025-05-05T02:49:22.787507Z,100.00,0.0100,0.9900,yes
90617f51-3e07-4837-b81f-acf6a0aebc17,KXCANADAPM-45-C,2025-05-05T01:42:00.125017Z,13000.00,0.0100,0.9900,yes
8ed1527a-f794-46c9-8f69-f0a5cc703a3e,KXCANADAPM-45-C,2025-05-05T01:35:40.423324Z,1000.00,0.0100,0.9900,yes
665e2399-f525-4f8b-9785-b91d03236643,KXCANADAPM-45-C,2025-05-05T00:41:09.003376Z,15011.00,0.0100,0.9900,yes
04c131cf-83ef-4c22-b409-df7012b2387e,KXCANADAPM-45-C,2025-05-05T00:21:56.301296Z,2000.00,0.0100,0.9900,yes
1305a18c-0f9a-440f-aa74-ed81468fdcf1,KXCANADAPM-45-C,2025-05-04T15:49:42.977813Z,500.00,0.0100,0.9900,yes
183d8b5d-7ae3-4514-aa41-93169ca41ac1,KXCANADAPM-45-C,2025-05-04T12:21:27.038454Z,98.00,0.0100,0.9900,yes
c46d217f-32d3-46af-a43c-0129594757de,KXCANADAPM-45-C,2025-05-03T22:25:47.831805Z,12.00,0.0100,0.9900,yes
988f7559-8733-4d8e-8ddc-29e3c76f277b,KXCANADAPM-45-C,2025-05-03T21:55:26.006901Z,4114.00,0.0100,0.9900,yes
2f3a0b17-854d-4f0a-90fb-21629f9e7ca8,KXCANADAPM-45-C,2025-05-03T18:55:38.37271Z,1000.00,0.0100,0.9900,yes
6c75febd-476d-499a-9c40-f1bc5433098d,KXCANADAPM-45-C,2025-05-03T18:54:45.509807Z,1200.00,0.0100,0.9900,yes
1ba36efa-8397-46e2-9ebc-933df7a6cee2,KXCANADAPM-45-C,2025-05-03T13:05:23.097667Z,1400.00,0.0100,0.9900,yes
bf327b9c-bcd9-4c95-bcfd-96cbb507c664,KXCANADAPM-45-C,2025-05-03T03:51:46.166866Z,5425.00,0.0100,0.9900,yes
b5d27173-a205-41c4-b052-76c192917ac9,KXCANADAPM-45-C,2025-05-02T21:49:35.963374Z,2.00,0.0100,0.9900,yes
fb2aa5eb-d513-4d41-ba68-49356935469a,KXCANADAPM-45-C,2025-05-02T19:57:33.720745Z,999.00,0.0100,0.9900,yes
eb05147c-fc4a-4381-9cfc-712bce15fd5c,KXCANADAPM-45-C,2025-05-02T19:57:33.720745Z,999.00,0.0100,0.9900,yes
b1728ff8-5ec3-4de1-b381-6b76cd6548f5,KXCANADAPM-45-C,2025-05-02T19:57:33.720745Z,11903.00,0.0100,0.9900,yes
7282cd0e-2063-47c5-8d29-520e1bd2a6b4,KXCANADAPM-45-C,2025-05-02T19:57:33.720745Z,276.00,0.0100,0.9900,yes
5b9a0800-03c4-4021-864c-841ca9cc6e96,KXCANADAPM-45-C,2025-05-02T19:57:33.720745Z,500.00,0.0100,0.9900,yes
21c890ab-5024-4571-a0f3-abc4f6985a3b,KXCANADAPM-45-C,2025-05-02T19:57:33.720745Z,999.00,0.0100,0.9900,yes
f549d0e7-924f-4881-940d-cdf5e0048267,KXCANADAPM-45-C,2025-05-02T16:09:52.061495Z,1724.00,0.0100,0.9900,no
af6df330-08d8-425b-b3d2-d81137e9303c,KXCANADAPM-45-C,2025-05-02T15:37:16.04777Z,82.00,0.0200,0.9800,yes
5cd4b6c8-50a9-4e1a-862f-a42382193d4b,KXCANADAPM-45-C,2025-05-02T15:31:53.580368Z,1566.00,0.0100,0.9900,no
cc3c49b7-ba71-41f1-8d9c-8e30c1e48f0c,KXCANADAPM-45-C,2025-05-02T14:00:37.003999Z,10.00,0.0100,0.9900,no
fcde2997-6471-4ade-81e9-b732ae1a8c29,KXCANADAPM-45-C,2025-05-02T13:54:43.508566Z,600.00,0.0200,0.9800,yes
c035f8de-1c3a-4415-8aaa-455b446cbb05,KXCANADAPM-45-C,2025-05-02T13:54:43.508566Z,497.00,0.0200,0.9800,yes
a362cd44-5a96-4be4-a457-7b35d99e995a,KXCANADAPM-45-C,2025-05-02T13:54:43.508566Z,2703.00,0.0200,0.9800,yes
99aa9e3a-0ee5-4788-9c25-a23426477b8f,KXCANADAPM-45-C,2025-05-02T13:54:43.508566Z,1200.00,0.0200,0.9800,yes
99127f79-e8af-470a-9212-981f85cc2857,KXCANADAPM-45-C,2025-05-02T13:23:49.245784Z,10.00,0.0100,0.9900,no
a82824b9-6bf3-4ce9-a5e7-f8624690acfa,KXCANADAPM-45-C,2025-05-02T12:52:57.132103Z,20.00,0.0100,0.9900,no
fb6c803e-2ef6-414d-bda2-4b9d8728e176,KXCANADAPM-45-C,2025-05-02T12:42:53.68591Z,175677.00,0.0100,0.9900,yes
ed60c91f-71f0-47d8-877d-a36e679ab469,KXCANADAPM-45-C,2025-05-02T12:42:53.68591Z,105.00,0.0100,0.9900,yes
de83d39c-c0e3-42b8-be66-ee2d7b362f87,KXCANADAPM-45-C,2025-05-02T12:42:53.68591Z,600.00,0.0100,0.9900,yes
dda552c5-694d-45d2-a7a2-614fdbffcca3,KXCANADAPM-45-C,2025-05-02T12:42:53.68591Z,2500.00,0.0100,0.9900,yes
d3dce8a3-d78e-4053-8d13-459128ec804e,KXCANADAPM-45-C,2025-05-02T12:42:53.68591Z,99.00,0.0100,0.9900,yes
d2d8ea2f-4908-4c32-ac21-fe587005daeb,KXCANADAPM-45-C,2025-05-02T12:42:53.68591Z,1550.00,0.0100,0.9900,yes
c9d11c19-c3c6-4089-8da1-c14540246eb5,KXCANADAPM-45-C,2025-05-02T12:42:53.68591Z,999.00,0.0100,0.9900,yes
bd014322-b5ff-4037-a21a-7bcdaeb76dc0,KXCANADAPM-45-C,2025-05-02T12:42:53.68591Z,200.00,0.0100,0.9900,yes
b4273e3c-ffd1-453a-b697-a567d318a337,KXCANADAPM-45-C,2025-05-02T12:42:53.68591Z,400.00,0.0100,0.9900,yes
9bd2fd9a-8c52-45f4-aa9f-5f3bc6a895bb,KXCANADAPM-45-C,2025-05-02T12:42:53.68591Z,25000.00,0.0100,0.9900,yes
88865866-4e76-4d91-94bb-962c31121f9b,KXCANADAPM-45-C,2025-05-02T12:42:53.68591Z,999.00,0.0100,0.9900,yes
74423f85-1df0-4c9c-a6d9-e4ed2525fae8,KXCANADAPM-45-C,2025-05-02T12:42:53.68591Z,1145.00,0.0100,0.9900,yes
597761a6-5b51-408b-8671-a0584c2e00c8,KXCANADAPM-45-C,2025-05-02T12:42:53.68591Z,999.00,0.0100,0.9900,yes
18e743c7-be73-4fc3-acf9-f8c37f70ef10,KXCANADAPM-45-C,2025-05-02T12:42:53.68591Z,14652.00,0.0100,0.9900,yes
987b9591-9999-409b-8b62-04f11f293cec,KXCANADAPM-45-C,2025-05-02T03:27:43.600198Z,19.00,0.0100,0.9900,yes
42f27672-549d-4a3b-a066-77f85881167f,KXCANADAPM-45-C,2025-05-02T02:22:13.980543Z,259.00,0.0100,0.9900,yes
885b7a4f-f8b2-4152-b75e-15f86f810e5c,KXCANADAPM-45-C,2025-05-02T02:15:24.447581Z,1069.00,0.0100,0.9900,yes
a2bd0f4a-009c-4bc2-b2db-0afaa701f9f7,KXCANADAPM-45-C,2025-05-01T23:18:33.421675Z,777.00,0.0100,0.9900,yes
10becb10-94cf-41af-a647-2770ff608876,KXCANADAPM-45-C,2025-05-01T17:00:53.94977Z,26.00,0.0100,0.9900,yes
d1510ef8-e10a-449d-bd76-bb14db6e088d,KXCANADAPM-45-C,2025-05-01T06:16:45.680198Z,255.00,0.0100,0.9900,yes
00cf4b72-445a-474d-9a19-051d57737052,KXCANADAPM-45-C,2025-05-01T06:16:45.680198Z,7745.00,0.0100,0.9900,yes
13bb9fea-0b8e-47c9-9141-ffca146c6609,KXCANADAPM-45-C,2025-05-01T02:19:10.568245Z,89.00,0.0100,0.9900,yes
3cd9f745-5d29-4cdc-b445-c5e5991cc288,KXCANADAPM-45-C,2025-05-01T02:18:11.567521Z,13.00,0.0100,0.9900,yes
ee6a32d4-47c2-4813-b671-ad2994b87b2b,KXCANADAPM-45-C,2025-05-01T01:20:14.667739Z,1341.00,0.0100,0.9900,yes
591b5a65-9890-4387-b96d-f263d47e2ff2,KXCANADAPM-45-C,2025-05-01T01:20:14.667739Z,7.00,0.0100,0.9900,yes
1e0ea026-8e9b-460e-835e-71659e55a5b7,KXCANADAPM-45-C,2025-05-01T01:20:14.667739Z,143.00,0.0100,0.9900,yes
662f6461-b45c-4cd4-8f7a-8b3da2f94abc,KXCANADAPM-45-C,2025-05-01T00:45:54.873801Z,72.00,0.0100,0.9900,yes
00c01376-eccc-4b9d-850d-64e3d0f54efb,KXCANADAPM-45-C,2025-04-30T22:32:12.912553Z,519.00,0.0100,0.9900,yes
205e5587-b3d0-4a78-84a2-252fad789b24,KXCANADAPM-45-C,2025-04-30T22:06:03.171765Z,60.00,0.0100,0.9900,yes
9dc5d2c0-add3-450c-b1e8-47393b1d827d,KXCANADAPM-45-C,2025-04-30T17:12:29.217332Z,3.00,0.0100,0.9900,yes
ee8414b8-d248-4181-88bb-5cdab58d9d87,KXCANADAPM-45-C,2025-04-30T12:29:19.244272Z,8870.00,0.0100,0.9900,yes
bf9a2395-df81-4f2d-8b53-42ed401fe75b,KXCANADAPM-45-C,2025-04-30T12:29:19.244272Z,3005.00,0.0100,0.9900,yes
a8dc1510-f398-4ec8-a920-a15899bb9136,KXCANADAPM-45-C,2025-04-30T12:29:19.244272Z,4000.00,0.0100,0.9900,yes
92b8d24d-b94e-4b5a-9b9f-0f669de22732,KXCANADAPM-45-C,2025-04-30T12:29:19.244272Z,4125.00,0.0100,0.9900,yes
8fcc8529-c96d-4185-81c3-79d9906678c7,KXCANADAPM-45-C,2025-04-30T05:40:48.608166Z,11.00,0.0100,0.9900,yes
ed0c5b03-9b59-4786-93bb-4c9e089f5b64,KXCANADAPM-45-C,2025-04-30T05:36:32.476641Z,589.00,0.0100,0.9900,yes
eada8e3e-e088-432b-83df-87834478df95,KXCANADAPM-45-C,2025-04-30T05:36:32.476641Z,111.00,0.0100,0.9900,yes
c393aa5b-21c6-48ad-beb6-055d6c3c1fc3,KXCANADAPM-45-C,2025-04-30T05:36:32.476641Z,300.00,0.0100,0.9900,yes
b568b0d9-b6cf-422d-8e5e-807827c01abc,KXCANADAPM-45-C,2025-04-30T05:36:32.476641Z,1000.00,0.0100,0.9900,yes
27b0d835-38f8-42e9-9f17-0b533e4b7f6f,KXCANADAPM-45-C,2025-04-30T03:13:40.16511Z,258.00,0.0100,0.9900,yes
16254c02-5bee-4de7-84e5-68d294f15de3,KXCANADAPM-45-C,2025-04-30T02:14:14.987116Z,4556.00,0.0100,0.9900,yes
9e25cc81-14bf-403a-8bd2-8130fb07c849,KXCANADAPM-45-C,2025-04-30T01:01:48.942936Z,300.00,0.0100,0.9900,yes
d00c59f5-ce03-483d-9564-1a8eca43a64f,KXCANADAPM-45-C,2025-04-30T00:52:11.601251Z,22.00,0.0100,0.9900,yes
1c62fee5-e83a-48b8-920f-b35323cbfe95,KXCANADAPM-45-C,2025-04-30T00:47:17.693894Z,93.00,0.0100,0.9900,yes
623476f1-61da-4ca3-865b-7b4c0ab4c5e1,KXCANADAPM-45-C,2025-04-29T23:33:32.797335Z,300.00,0.0100,0.9900,yes
062e08a2-7ac0-4a98-800f-00f1424adcd8,KXCANADAPM-45-C,2025-04-29T23:11:12.073459Z,17.00,0.0100,0.9900,yes
faf74ccf-3516-4a81-b0a8-90c99c51984a,KXCANADAPM-45-C,2025-04-29T21:43:00.723974Z,119.00,0.0100,0.9900,yes
f1065646-002f-4457-83a7-4e0b2a4a762f,KXCANADAPM-45-C,2025-04-29T20:19:54.860639Z,700.00,0.0100,0.9900,yes
dd23344d-29f6-4d8e-81c4-eaab11720088,KXCANADAPM-45-C,2025-04-29T19:45:50.497292Z,93.00,0.0100,0.9900,yes
5c15bbb2-0825-49d5-b4c3-b8e74981c2c0,KXCANADAPM-45-C,2025-04-29T19:40:17.155944Z,472.00,0.0100,0.9900,yes
2be7ee49-bb57-4921-8d81-ad157e55d098,KXCANADAPM-45-C,2025-04-29T19:40:17.155944Z,1865.00,0.0100,0.9900,yes
13c98000-6b4a-43ca-bbf6-6871d4dd471b,KXCANADAPM-45-C,2025-04-29T19:15:04.866786Z,2500.00,0.0100,0.9900,yes
5074a245-250e-47e5-90b1-fa3f30ee5997,KXCANADAPM-45-C,2025-04-29T18:53:38.973403Z,1000.00,0.0100,0.9900,yes
8412f372-332f-4231-b110-e7efe9358021,KXCANADAPM-45-C,2025-04-29T18:11:34.964745Z,10.00,0.0100,0.9900,yes
8bc1585c-a132-4c39-ac9d-f64906fd8968,KXCANADAPM-45-C,2025-04-29T18:07:17.360828Z,573.00,0.0100,0.9900,yes
305de147-945b-469f-836b-c189902f18c3,KXCANADAPM-45-C,2025-04-29T18:07:17.360828Z,19.00,0.0100,0.9900,yes
9a0cca64-09af-49cd-b89b-b57b2e5fd2a5,KXCANADAPM-45-C,2025-04-29T16:40:00.25638Z,63.00,0.0100,0.9900,yes
7e63a633-9040-45d8-b916-abfa30489e71,KXCANADAPM-45-C,2025-04-29T16:37:42.54788Z,63.00,0.0100,0.9900,yes
df60fb5a-07f0-41d4-a6ac-67d97ed01f32,KXCANADAPM-45-C,2025-04-29T16:10:02.490677Z,1500.00,0.0100,0.9900,yes
db05538e-64e5-403f-af12-70b2d62cadc1,KXCANADAPM-45-C,2025-04-29T16:10:02.490677Z,130.00,0.0100,0.9900,yes
d12c04f8-b773-4dd7-890d-a3d5cc01f90f,KXCANADAPM-45-C,2025-04-29T16:10:02.490677Z,6231.00,0.0100,0.9900,yes
8201d954-cb54-4ad6-94a9-1bf91a503086,KXCANADAPM-45-C,2025-04-29T16:10:02.490677Z,1301.00,0.0100,0.9900,yes
2e1371e1-cc76-4e49-907f-a3d10db14eed,KXCANADAPM-45-C,2025-04-29T15:45:38.843004Z,2000.00,0.0100,0.9900,yes
90b767ef-31a1-46f5-b753-c419da62e4ef,KXCANADAPM-45-C,2025-04-29T15:39:26.553745Z,78.00,0.0100,0.9900,yes
b3b0a12d-6216-465b-bbc7-489b0da5e894,KXCANADAPM-45-C,2025-04-29T15:04:52.668604Z,55.00,0.0100,0.9900,yes
b45dada2-004b-41cd-a269-6e0848257cca,KXCANADAPM-45-C,2025-04-29T15:03:26.629978Z,92.00,0.0100,0.9900,yes
e449b015-a922-4247-b645-352dcaa81635,KXCANADAPM-45-C,2025-04-29T14:19:01.147102Z,12.00,0.0100,0.9900,yes
790e5991-36ea-4b52-9f0e-97bf47c64e26,KXCANADAPM-45-C,2025-04-29T13:25:18.591242Z,190.00,0.0100,0.9900,yes
9a1947bb-85e5-4c0f-a984-a66c366f01fd,KXCANADAPM-45-C,2025-04-29T13:16:32.191849Z,1000.00,0.0100,0.9900,yes
9a95dc99-3723-497f-9ca1-9999d1dd6e2f,KXCANADAPM-45-C,2025-04-29T13:14:19.28671Z,20.00,0.0100,0.9900,yes
7952c245-8b31-470d-a26d-489dfd870240,KXCANADAPM-45-C,2025-04-29T12:33:46.961032Z,10679.00,0.0100,0.9900,yes
d1dfc7a2-0a27-4fc3-8c7b-a7aea5c04674,KXCANADAPM-45-C,2025-04-29T12:13:33.384126Z,186.00,0.0100,0.9900,yes
f0d0dc5b-4152-49e3-b8e4-b299cb0b123f,KXCANADAPM-45-C,2025-04-29T12:05:12.292297Z,150.00,0.0100,0.9900,yes
a018e87a-869e-4b20-b0e7-abc004f4afac,KXCANADAPM-45-C,2025-04-29T06:48:57.383883Z,1973.00,0.0100,0.9900,yes
fea8f2cd-5023-4257-86bc-06708cf9355e,KXCANADAPM-45-C,2025-04-29T06:31:00.164742Z,7.00,0.0100,0.9900,yes
3caa3536-a541-4d3b-8911-6f7d887f58da,KXCANADAPM-45-C,2025-04-29T06:30:45.30224Z,26000.00,0.0100,0.9900,yes
69cf046a-da82-4897-8653-e52006f9d877,KXCANADAPM-45-C,2025-04-29T06:20:41.645081Z,7264.00,0.0100,0.9900,no
5919820c-e8f5-4826-94c9-4fa4a9425b21,KXCANADAPM-45-C,2025-04-29T06:20:41.645081Z,3719.00,0.0100,0.9900,no
db47a163-e265-494b-8df0-7fcc45746aba,KXCANADAPM-45-C,2025-04-29T06:20:34.22484Z,145799.00,0.0100,0.9900,no
d3d4f0dd-0448-4a52-a83f-729cc8bf7f7e,KXCANADAPM-45-C,2025-04-29T06:20:34.22484Z,1.00,0.0100,0.9900,no
c6c46ac1-2b36-4c43-a96f-41b2c1068dc5,KXCANADAPM-45-C,2025-04-29T06:20:34.22484Z,2900.00,0.0100,0.9900,no
12d93758-5cce-4c49-91fd-bb1d34131d56,KXCANADAPM-45-C,2025-04-29T06:20:34.22484Z,1300.00,0.0100,0.9900,no
6ae5c8d2-6567-4505-992d-6b8bf0b8924f,KXCANADAPM-45-C,2025-04-29T06:13:15.463053Z,1000.00,0.0100,0.9900,no
66df9d8f-4d9c-4f32-b8f0-f9fed909afdd,KXCANADAPM-45-C,2025-04-29T06:11:29.355124Z,2000.00,0.0100,0.9900,no
12001b45-f875-42e3-9aad-bb28e5463aa1,KXCANADAPM-45-C,2025-04-29T06:09:23.298639Z,500.00,0.0100,0.9900,no
aa52693d-d9f6-4666-9fe9-dd1e25b2212a,KXCANADAPM-45-C,2025-04-29T06:08:39.429061Z,5000.00,0.0100,0.9900,no
4ba0ef22-3549-4f2d-a9ff-08dddae31c25,KXCANADAPM-45-C,2025-04-29T06:07:09.749522Z,233.00,0.0200,0.9800,yes
93c3e73a-9a37-4659-8ef7-7a2e699da124,KXCANADAPM-45-C,2025-04-29T06:06:12.845461Z,25.00,0.0100,0.9900,no
1b0b174b-4321-4a56-ad31-25ec91650be5,KXCANADAPM-45-C,2025-04-29T05:50:20.278394Z,197.00,0.0100,0.9900,no
cd0af256-7c8b-490e-88e3-18265b5c83a9,KXCANADAPM-45-C,2025-04-29T05:48:40.509928Z,140.00,0.0200,0.9800,yes
37e66a92-d9c4-4661-a843-b0a06e8b8fa6,KXCANADAPM-45-C,2025-04-29T05:48:05.654379Z,1200.00,0.0100,0.9900,no
dc19ff7e-78ee-4c56-89e6-9932441ca1a7,KXCANADAPM-45-C,2025-04-29T05:43:48.784478Z,22.00,0.0100,0.9900,no
5e4bb1de-1dcf-4a06-92aa-182de37d246e,KXCANADAPM-45-C,2025-04-29T05:41:08.096407Z,10.00,0.0100,0.9900,no
53042636-6e17-4216-a74d-c416b49088c1,KXCANADAPM-45-C,2025-04-29T05:40:51.036922Z,30.00,0.0200,0.9800,yes
55f43c8a-8903-4a84-8453-3d6451e82a06,KXCANADAPM-45-C,2025-04-29T05:39:34.106111Z,23.00,0.0100,0.9900,no
90e75ae0-3729-4a8c-b91e-7f2efd03142e,KXCANADAPM-45-C,2025-04-29T05:29:27.166112Z,8.00,0.0100,0.9900,no
3460b66f-47b6-4acd-a9ed-7bb09ed58be2,KXCANADAPM-45-C,2025-04-29T05:27:13.751052Z,300.00,0.0100,0.9900,no
6c1dc131-0331-4a80-847a-28ecf462330b,KXCANADAPM-45-C,2025-04-29T05:10:16.407051Z,20000.00,0.0100,0.9900,no
47acdedf-9e1e-486e-afae-b537ed3c94be,KXCANADAPM-45-C,2025-04-29T05:08:39.2439Z,6678.00,0.0100,0.9900,no
db4ae32b-8006-4bd6-a298-8fc07f6a29ac,KXCANADAPM-45-C,2025-04-29T05:07:49.314566Z,1000.00,0.0100,0.9900,no
25bd595a-f217-4ea8-9df2-4697da840e24,KXCANADAPM-45-C,2025-04-29T05:07:28.935848Z,15000.00,0.0100,0.9900,no
349de32c-0bf3-4f4e-b7fd-723295f7e574,KXCANADAPM-45-C,2025-04-29T05:07:02.121401Z,329.00,0.0100,0.9900,no
ea4dd457-8bd6-45e0-85d2-2983d62291af,KXCANADAPM-45-C,2025-04-29T05:05:00.644994Z,700.00,0.0100,0.9900,no
bec69646-1388-418c-8603-53c9fc1a4141,KXCANADAPM-45-C,2025-04-29T05:04:44.792295Z,7000.00,0.0100,0.9900,no
6070127c-08fa-42a3-9e6d-46cf97d9c94c,KXCANADAPM-45-C,2025-04-29T05:04:33.736743Z,9108.00,0.0100,0.9900,no
68f72893-3a2c-4b58-af98-d2beb26ddb88,KXCANADAPM-45-C,2025-04-29T05:04:30.989192Z,409.00,0.0100,0.9900,no
0d89a12f-c347-4615-8647-689645c222c4,KXCANADAPM-45-C,2025-04-29T05:03:14.167561Z,4474.00,0.0100,0.9900,no
c426fb49-8ff2-4e3d-b482-5fb7adc0a7b1,KXCANADAPM-45-C,2025-04-29T05:01:56.932342Z,127.00,0.0100,0.9900,no
e597e646-c82b-47e4-99d1-85a27669fe3f,KXCANADAPM-45-C,2025-04-29T05:01:23.060222Z,300.00,0.0100,0.9900,no
f7b2d464-f780-4a73-ba94-1ba7da5587fe,KXCANADAPM-45-C,2025-04-29T05:01:22.428762Z,300.00,0.0100,0.9900,no
5ec675a7-ac6c-4b76-bcf3-d0b0d52b2d0d,KXCANADAPM-45-C,2025-04-29T05:01:21.47016Z,300.00,0.0100,0.9900,no
ec71ae51-9104-4b1e-bb72-4850efa6b010,KXCANADAPM-45-C,2025-04-29T05:01:20.797183Z,300.00,0.0100,0.9900,no
5414d13a-3579-4b9b-bf6f-e0cf0383c1cb,KXCANADAPM-45-C,2025-04-29T05:01:20.079593Z,300.00,0.0100,0.9900,no
b0b95609-fa56-4fef-8c29-c8f54bc284f5,KXCANADAPM-45-C,2025-04-29T05:00:04.119844Z,8181.00,0.0100,0.9900,no
4f8d1212-f295-44bd-97f8-9eaddb719bf0,KXCANADAPM-45-C,2025-04-29T04:59:13.636204Z,50.00,0.0100,0.9900,no
a56850f2-1c01-42e5-8eab-d2d6dffc3847,KXCANADAPM-45-C,2025-04-29T04:57:49.27643Z,130.00,0.0100,0.9900,no
90ed0c95-2c58-45ea-99c6-0d5cb957e9b8,KXCANADAPM-45-C,2025-04-29T04:56:38.911282Z,2367.00,0.0100,0.9900,no
70823a57-3406-44f1-844e-b95c4fdc6d7d,KXCANADAPM-45-C,2025-04-29T04:55:09.620205Z,1.00,0.0100,0.9900,no
ec763692-94eb-48b1-9211-a0b9282d824c,KXCANADAPM-45-C,2025-04-29T04:52:39.683634Z,3500.00,0.0100,0.9900,no
f320ccfd-2c03-4294-9a7a-2ca61b48593c,KXCANADAPM-45-C,2025-04-29T04:52:24.082925Z,3000.00,0.0100,0.9900,no
0cc88cca-ec8b-4ccd-a54a-3b9762cae409,KXCANADAPM-45-C,2025-04-29T04:51:31.971867Z,6111.00,0.0100,0.9900,no
19078eca-7236-49c6-84bd-cab9c26b89ac,KXCANADAPM-45-C,2025-04-29T04:49:03.87716Z,118.00,0.0100,0.9900,no
252a2b9f-d058-4bfa-a74a-8af1a375c7f9,KXCANADAPM-45-C,2025-04-29T04:47:06.690156Z,916.00,0.0100,0.9900,no
5e58bbc8-babe-4a10-ae5a-26b690a81526,KXCANADAPM-45-C,2025-04-29T04:45:05.976094Z,1169.00,0.0100,0.9900,no
126ce25b-60bd-4f5c-a656-56c825a93bc5,KXCANADAPM-45-C,2025-04-29T04:43:57.651838Z,15.00,0.0100,0.9900,no
5cf75a7e-9809-44f0-902f-e670f0b1c13a,KXCANADAPM-45-C,2025-04-29T04:42:15.116929Z,49.00,0.0100,0.9900,no
856f7326-c6d3-4ec4-b0c7-821032bed121,KXCANADAPM-45-C,2025-04-29T04:41:22.469562Z,100.00,0.0100,0.9900,no
6180931d-1584-49b0-85b8-9975facce714,KXCANADAPM-45-C,2025-04-29T04:41:22.469562Z,11432.00,0.0100,0.9900,no
4512a9f5-4bf7-48cf-8f9e-ef36ec7f0a3a,KXCANADAPM-45-C,2025-04-29T04:41:22.469562Z,5753.00,0.0100,0.9900,no
541ad936-2615-4717-b969-7f953d542143,KXCANADAPM-45-C,2025-04-29T04:40:21.716404Z,779.00,0.0100,0.9900,no
cf3cf527-8108-4163-8e9b-867f95d5fb74,KXCANADAPM-45-C,2025-04-29T04:38:32.069897Z,182.00,0.0100,0.9900,no
ceeddf8e-2900-4ccf-9443-8adffce561e8,KXCANADAPM-45-C,2025-04-29T04:35:58.843913Z,180.00,0.0100,0.9900,no
116d9059-baa4-4418-9db0-f2d584c46164,KXCANADAPM-45-C,2025-04-29T04:35:58.843913Z,1496.00,0.0100,0.9900,no
0115a3e4-fa09-4524-b900-e159cc845eec,KXCANADAPM-45-C,2025-04-29T04:30:20.259962Z,5.00,0.0100,0.9900,no
c8684951-a870-4cc9-8975-59b8277e3474,KXCANADAPM-45-C,2025-04-29T04:27:39.4258Z,2815.00,0.0100,0.9900,no
14d74e38-73ff-4c12-ad84-1fd6d62d38a7,KXCANADAPM-45-C,2025-04-29T04:27:39.4258Z,1040.00,0.0100,0.9900,no
da40e1b6-c655-48b1-b268-0a7f073a3e87,KXCANADAPM-45-C,2025-04-29T04:27:25.47001Z,100.00,0.0100,0.9900,no
1dc61ab5-0869-4bfc-bed0-b7fc05ee4784,KXCANADAPM-45-C,2025-04-29T04:25:56.11535Z,8860.00,0.0100,0.9900,no
06cfd32b-511f-4cb0-b50f-83ca1be52d5b,KXCANADAPM-45-C,2025-04-29T04:25:56.11535Z,6140.00,0.0100,0.9900,no
8ca38cce-7542-46df-acbe-52db868f77c7,KXCANADAPM-45-C,2025-04-29T04:25:12.546913Z,3719.00,0.0200,0.9800,yes
2a178993-b676-42f5-ab75-8782d4286b9c,KXCANADAPM-45-C,2025-04-29T04:25:12.546913Z,14714.00,0.0200,0.9800,yes
de72f54a-9cf9-422f-a584-9907ba37c316,KXCANADAPM-45-C,2025-04-29T04:22:29.10265Z,129570.00,0.0200,0.9800,yes
19265e64-9101-4843-bbbf-b6e1e506b46b,KXCANADAPM-45-C,2025-04-29T04:21:56.563177Z,2824.00,0.0100,0.9900,no
395ecc28-9452-466a-b365-ac584ab75f97,KXCANADAPM-45-C,2025-04-29T04:21:14.589527Z,701.00,0.0200,0.9800,yes
cc63efea-ce5f-4527-9fb2-745d4bd33c27,KXCANADAPM-45-C,2025-04-29T04:20:33.863426Z,19705.00,0.0200,0.9800,yes
30aa4070-876f-4d29-9183-27488a27951b,KXCANADAPM-45-C,2025-04-29T04:20:33.863426Z,570.00,0.0200,0.9800,yes
efba23e4-adc4-465a-903e-1de27744a6eb,KXCANADAPM-45-C,2025-04-29T04:17:19.603273Z,100.00,0.0200,0.9800,yes
dd3da8db-35bb-4bdc-834f-9a413e5a186e,KXCANADAPM-45-C,2025-04-29T04:17:19.603273Z,121.00,0.0200,0.9800,yes
c90b5019-e703-49b8-b59e-d7b7366f22aa,KXCANADAPM-45-C,2025-04-29T04:17:19.603273Z,295.00,0.0200,0.9800,yes
46b4d6a3-be8c-45a0-ae78-f746ea8bca0e,KXCANADAPM-45-C,2025-04-29T04:17:19.603273Z,400.00,0.0200,0.9800,yes
eb4a8d18-023a-41b2-8629-89acd55f2fac,KXCANADAPM-45-C,2025-04-29T04:16:41.332798Z,57.00,0.0100,0.9900,no
fdd03957-6153-404e-a095-be17e4c2e2cb,KXCANADAPM-45-C,2025-04-29T04:15:22.052508Z,9878.00,0.0200,0.9800,yes
b1812b87-cc8a-468d-93b2-04c11bf3568e,KXCANADAPM-45-C,2025-04-29T04:15:22.052508Z,200.00,0.0200,0.9800,yes
4a3a268e-d2be-4c44-bd95-748302247392,KXCANADAPM-45-C,2025-04-29T04:15:22.052508Z,200.00,0.0200,0.9800,yes
47bba4e3-fa8a-4798-866a-93e3f826d98e,KXCANADAPM-45-C,2025-04-29T04:15:22.052508Z,5000.00,0.0200,0.9800,yes
41f8be3d-9d71-4236-a499-47540258bbdb,KXCANADAPM-45-C,2025-04-29T04:15:22.052508Z,400.00,0.0200,0.9800,yes
21b3aeb6-272f-4030-8adc-83649879c08d,KXCANADAPM-45-C,2025-04-29T04:15:22.052508Z,9322.00,0.0200,0.9800,yes
e2f359dc-3913-466a-bc60-a6779bd3b6a1,KXCANADAPM-45-C,2025-04-29T04:15:10.809096Z,3.00,0.0100,0.9900,no
355581a0-ab9e-409f-a235-41213ce93f85,KXCANADAPM-45-C,2025-04-29T04:13:01.852181Z,473.00,0.0100,0.9900,no
424d78ac-9ae5-4099-808f-5ffff8021ea9,KXCANADAPM-45-C,2025-04-29T04:12:57.628736Z,367.00,0.0100,0.9900,no
b6dca368-7578-4a8a-bf90-c8e113cece89,KXCANADAPM-45-C,2025-04-29T04:12:11.03456Z,1.00,0.0100,0.9900,no
41b83d45-6e2c-4576-88d7-4d6bad1bfb7f,KXCANADAPM-45-C,2025-04-29T04:09:41.25132Z,200.00,0.0200,0.9800,yes
b06a46c9-dcd5-4824-83f8-55db9ecf5c27,KXCANADAPM-45-C,2025-04-29T04:09:18.363623Z,25.00,0.0200,0.9800,yes
8f034a5f-02f2-40d0-9e32-a69e4b6a412f,KXCANADAPM-45-C,2025-04-29T04:08:12.049745Z,35.00,0.0100,0.9900,no
b009615e-480f-45ce-976b-88d5d207fa2f,KXCANADAPM-45-C,2025-04-29T04:06:57.577294Z,100.00,0.0100,0.9900,yes
0619ac7d-e8fa-49a0-ba94-adb632a0d38a,KXCANADAPM-45-C,2025-04-29T04:05:47.716089Z,38.00,0.0200,0.9800,yes
fc9dcbb4-1078-446c-a355-89b0aed9d9cb,KXCANADAPM-45-C,2025-04-29T04:04:43.214271Z,19915.00,0.0100,0.9900,no
c2fa3389-c37c-492d-9bf9-6072ba6c1527,KXCANADAPM-45-C,2025-04-29T04:04:43.214271Z,5000.00,0.0100,0.9900,no
54b389c3-472d-478a-968d-558e87c10580,KXCANADAPM-45-C,2025-04-29T04:04:43.214271Z,10000.00,0.0100,0.9900,no
0addb396-c088-4352-ae36-2d9638183ffe,KXCANADAPM-45-C,2025-04-29T04:04:43.214271Z,609.00,0.0100,0.9900,no
6b08fae6-56b9-4036-944f-70b6ef6ec4f1,KXCANADAPM-45-C,2025-04-29T04:04:30.702837Z,467.00,0.0200,0.9800,yes
6cf26f09-b096-4b31-b118-80406f71aab1,KXCANADAPM-45-C,2025-04-29T04:02:50.199733Z,85.00,0.0100,0.9900,no
610a9355-d364-481e-b99b-54139902bb22,KXCANADAPM-45-C,2025-04-29T04:02:35.739984Z,467.00,0.0200,0.9800,yes
edc81d54-ec67-4ac1-b1ae-36f536c30740,KXCANADAPM-45-C,2025-04-29T04:00:01.314772Z,107.00,0.0100,0.9900,yes
2c2deb21-df75-4ff2-8a2b-d62eb1a56ea7,KXCANADAPM-45-C,2025-04-29T04:00:01.314772Z,246.00,0.0100,0.9900,yes
2d4406af-611a-4109-93ca-eb1b1b2073cd,KXCANADAPM-45-C,2025-04-29T03:59:30.353274Z,93.00,0.0100,0.9900,yes
e7719e2b-bb11-4bdb-965a-6629f4eee5dd,KXCANADAPM-45-C,2025-04-29T03:58:14.122168Z,87916.00,0.0100,0.9900,no
739c7131-645b-4056-b7b4-fe286583fdaf,KXCANADAPM-45-C,2025-04-29T03:58:14.122168Z,30.00,0.0100,0.9900,no
6f80f60d-bece-4344-84bb-5b423acb576b,KXCANADAPM-45-C,2025-04-29T03:58:14.122168Z,900.00,0.0100,0.9900,no
5054678a-9bb8-4ecb-b324-091c8298ea87,KXCANADAPM-45-C,2025-04-29T03:58:14.122168Z,200.00,0.0100,0.9900,no
2889ae3b-ae3a-4d71-bf10-1144da9fefe4,KXCANADAPM-45-C,2025-04-29T03:58:14.122168Z,5000.00,0.0100,0.9900,no
f935c519-bfd7-45e7-9dd2-a2604ffbcf67,KXCANADAPM-45-C,2025-04-29T03:58:05.651521Z,32180.00,0.0100,0.9900,no
ef631266-4ac0-4510-a50e-eff927c74ab6,KXCANADAPM-45-C,2025-04-29T03:58:05.651521Z,136753.00,0.0100,0.9900,no
a4777df5-3345-4d7d-b4ab-0b5c94736bb7,KXCANADAPM-45-C,2025-04-29T03:58:05.651521Z,177777.00,0.0100,0.9900,no
9974e948-745f-43f8-a654-5470de95ef53,KXCANADAPM-45-C,2025-04-29T03:55:14.7245Z,1169.00,0.0200,0.9800,yes
9e76ed82-b46e-4510-be67-b1bf262efdd9,KXCANADAPM-45-C,2025-04-29T03:54:10.370806Z,9.00,0.0100,0.9900,no
2514dbd3-fc53-426f-ae1e-898447efaf32,KXCANADAPM-45-C,2025-04-29T03:53:55.544904Z,473.00,0.0100,0.9900,no
bba6faa4-1d2f-4a3b-b576-49b06d259a11,KXCANADAPM-45-C,2025-04-29T03:53:39.911944Z,12.00,0.0200,0.9800,yes
89b06313-75c2-4852-9e26-d5ed622fa973,KXCANADAPM-45-C,2025-04-29T03:52:52.843372Z,45809.00,0.0100,0.9900,no
fd5dd9cd-b9bf-4df4-b0f1-40d86213b1a8,KXCANADAPM-45-C,2025-04-29T03:51:44.722058Z,20.00,0.0100,0.9900,no
fdaa0277-e2f2-45ca-ae6b-a6cb75014e74,KXCANADAPM-45-C,2025-04-29T03:47:42.626684Z,100.00,0.0200,0.9800,yes
f521ed49-8ba8-499b-a454-dff318764024,KXCANADAPM-45-C,2025-04-29T03:47:03.745173Z,46.00,0.0200,0.9800,yes
e45f6d15-e9a0-4af9-9aa0-45fdfe3e4d13,KXCANADAPM-45-C,2025-04-29T03:46:33.874556Z,18.00,0.0200,0.9800,yes
97608137-1718-4572-bd60-45a67d0dfdec,KXCANADAPM-45-C,2025-04-29T03:46:14.019032Z,500.00,0.0100,0.9900,no
7782f838-5fcf-4b95-bb71-0448fa47b490,KXCANADAPM-45-C,2025-04-29T03:44:07.376133Z,33.00,0.0100,0.9900,no
c2887be1-9140-49cb-8c0c-f5d221d60a23,KXCANADAPM-45-C,2025-04-29T03:40:27.505534Z,3136.00,0.0200,0.9800,no
8e548818-8a69-4c43-80ff-c99ed20c1e2f,KXCANADAPM-45-C,2025-04-29T03:39:31.04394Z,13413.00,0.0200,0.9800,no
1168f7d6-4c9f-403f-8883-3796d0e53ce3,KXCANADAPM-45-C,2025-04-29T03:38:57.719749Z,5544.00,0.0200,0.9800,no
2e45290e-cac3-4fb5-a658-f4f784429650,KXCANADAPM-45-C,2025-04-29T03:38:44.954675Z,129.00,0.0200,0.9800,no
0d9cc733-4b1d-4d3e-aaba-323b57769bea,KXCANADAPM-45-C,2025-04-29T03:36:55.999626Z,21849.00,0.0300,0.9700,yes
ca4dd7df-616a-49dc-b844-0756b93e7b6f,KXCANADAPM-45-C,2025-04-29T03:35:20.885302Z,44.00,0.0200,0.9800,yes
a2a9d987-581c-44a4-9e6c-ebd7aa025a26,KXCANADAPM-45-C,2025-04-29T03:35:20.885302Z,100.00,0.0200,0.9800,yes
790a17aa-c322-4f44-94f5-b31b4cf440e2,KXCANADAPM-45-C,2025-04-29T03:35:20.885302Z,52.00,0.0200,0.9800,yes
6dbc2dcb-1c07-4fbe-b243-f25861d34fb2,KXCANADAPM-45-C,2025-04-29T03:35:20.885302Z,52.00,0.0200,0.9800,yes
32f99c19-873c-41e8-8ed2-e2b4f36be701,KXCANADAPM-45-C,2025-04-29T03:35:20.885302Z,52.00,0.0200,0.9800,yes
04e353cb-d619-4054-92bd-32662e773147,KXCANADAPM-45-C,2025-04-29T03:35:20.885302Z,96419.00,0.0200,0.9800,yes
43e82457-aafb-4ab4-b032-c3aeafc10a3b,KXCANADAPM-45-C,2025-04-29T03:34:50.910864Z,3275.00,0.0200,0.9800,yes
162814d7-7582-4763-9020-5748ac7bf296,KXCANADAPM-45-C,2025-04-29T03:34:32.900114Z,40.00,0.0200,0.9800,yes
74927f60-3b4e-4bd9-9d06-384cc7e22084,KXCANADAPM-45-C,2025-04-29T03:34:30.154844Z,266.00,0.0200,0.9800,yes
53ba8e1a-fa85-43f4-adb5-422b8c787574,KXCANADAPM-45-C,2025-04-29T03:33:19.364287Z,104.00,0.0100,0.9900,no
33d10936-b4ec-4334-88a4-6818fad2eaa2,KXCANADAPM-45-C,2025-04-29T03:32:18.246035Z,192.00,0.0100,0.9900,no
3f120268-13a5-4cec-a8ef-9c699ac2d630,KXCANADAPM-45-C,2025-04-29T03:30:49.703285Z,27.00,0.0300,0.9700,yes
f78f91ac-719a-4ab8-9f21-1e0812692d39,KXCANADAPM-45-C,2025-04-29T03:30:40.160201Z,7353.00,0.0200,0.9800,no
d82a93e1-9e35-4af0-98ec-4f537f341c59,KXCANADAPM-45-C,2025-04-29T03:30:40.160201Z,155.00,0.0200,0.9800,no
183d5e59-9687-44a2-aa0d-f4142be4a8b6,KXCANADAPM-45-C,2025-04-29T03:29:46.823613Z,3059.00,0.0300,0.9700,yes
9cda8225-b6b1-449a-ad4c-da9211be6fb0,KXCANADAPM-45-C,2025-04-29T03:29:42.910259Z,500.00,0.0300,0.9700,yes
dbaa405a-46c0-4164-b08b-8996839cc842,KXCANADAPM-45-C,2025-04-29T03:28:21.38355Z,115.00,0.0200,0.9800,yes
a7fb0680-f82e-4d1a-ac99-9cae6b21aa1b,KXCANADAPM-45-C,2025-04-29T03:28:21.38355Z,5000.00,0.0200,0.9800,yes
6daff7bf-423d-4aa4-9268-e9b349283986,KXCANADAPM-45-C,2025-04-29T03:28:21.38355Z,121.00,0.0200,0.9800,yes
882b2b8b-3647-481f-9cd9-27d05e49b627,KXCANADAPM-45-C,2025-04-29T03:27:42.496374Z,283.00,0.0200,0.9800,yes
1d588a4f-bf2c-421f-9d80-818ec9831d41,KXCANADAPM-45-C,2025-04-29T03:27:33.724981Z,68.00,0.0200,0.9800,yes
46215eb0-e015-48a1-b520-9d1c1881be78,KXCANADAPM-45-C,2025-04-29T03:26:54.438366Z,46.00,0.0200,0.9800,yes
9daafd62-0ddd-475c-8c5b-8e1e7c152f77,KXCANADAPM-45-C,2025-04-29T03:26:38.023485Z,1700.00,0.0200,0.9800,yes
6e739662-c468-48fa-a1de-3cd8f60f9bce,KXCANADAPM-45-C,2025-04-29T03:26:29.510596Z,90.00,0.0200,0.9800,yes
5751dc63-025d-4a09-990d-6c5c73f6a070,KXCANADAPM-45-C,2025-04-29T03:26:22.761899Z,700.00,0.0200,0.9800,yes
a1da38ed-4ec5-4903-b9bc-2b1bfce5c6fd,KXCANADAPM-45-C,2025-04-29T03:26:07.452873Z,153.00,0.0200,0.9800,yes
a7b913e8-b3a7-4282-aabe-2c3fa2aa8177,KXCANADAPM-45-C,2025-04-29T03:25:44.430689Z,100.00,0.0200,0.9800,yes
c0b39133-b059-42d5-86cc-3d49f1c82648,KXCANADAPM-45-C,2025-04-29T03:25:40.512278Z,1739.00,0.0200,0.9800,yes
7e1a78de-a9d7-42e1-92e4-dcb5f7ceb23e,KXCANADAPM-45-C,2025-04-29T03:25:40.512278Z,100.00,0.0200,0.9800,yes
091671b6-da01-44b5-ab49-ebbbc53d9a09,KXCANADAPM-45-C,2025-04-29T03:25:40.512278Z,500.00,0.0200,0.9800,yes
61b101d7-8297-4898-9ec0-02a0fa25972f,KXCANADAPM-45-C,2025-04-29T03:25:21.308144Z,1000.00,0.0200,0.9800,yes
fed019e8-a565-4ace-8d99-c7537b7d70a0,KXCANADAPM-45-C,2025-04-29T03:25:21.13336Z,113.00,0.0200,0.9800,no
ea416ab8-0f7c-4c03-ad92-8af5cf5adfd9,KXCANADAPM-45-C,2025-04-29T03:25:21.13336Z,102.00,0.0200,0.9800,no
c8fe2fd0-32da-4deb-bab7-7a3a9e821e52,KXCANADAPM-45-C,2025-04-29T03:25:21.13336Z,102.00,0.0200,0.9800,no
bfda662b-fd72-4e94-8d7f-f21a08750d7f,KXCANADAPM-45-C,2025-04-29T03:25:21.13336Z,100.00,0.0200,0.9800,no
a2a31bba-fe98-4046-abbd-dae7e4687191,KXCANADAPM-45-C,2025-04-29T03:25:21.13336Z,94.00,0.0200,0.9800,no
0f8ed778-64ba-4ea2-8407-7295c41d3e13,KXCANADAPM-45-C,2025-04-29T03:25:21.13336Z,102.00,0.0200,0.9800,no
8b2a29c9-ab0f-40f9-a73c-6cf61ceef608,KXCANADAPM-45-C,2025-04-29T03:24:05.901757Z,273.00,0.0300,0.9700,yes
6264c6b4-70be-47e3-a7e8-5e9389e904cd,KXCANADAPM-45-C,2025-04-29T03:23:49.991871Z,500.00,0.0300,0.9700,yes
14741df1-e8c9-41a7-8420-79d687079db8,KXCANADAPM-45-C,2025-04-29T03:23:49.327765Z,3000.00,0.0300,0.9700,yes
3f3532d9-3c34-47ee-b299-3c1d040c5be6,KXCANADAPM-45-C,2025-04-29T03:23:17.808794Z,700.00,0.0300,0.9700,yes
4dbd3d19-fd14-4d65-aafa-ef1115f6fab0,KXCANADAPM-45-C,2025-04-29T03:22:50.911376Z,20.00,0.0200,0.9800,no
2ba8b5c9-1d95-4a29-b070-23daee71db99,KXCANADAPM-45-C,2025-04-29T03:22:17.646459Z,1171.00,0.0400,0.9600,yes
92b4baab-0fec-4d64-a5c1-c6bb2721fea6,KXCANADAPM-45-C,2025-04-29T03:21:37.764836Z,5900.00,0.0300,0.9700,no
42658ffc-7b02-404e-81b8-adf2dafa49d2,KXCANADAPM-45-C,2025-04-29T03:21:37.764836Z,1392.00,0.0300,0.9700,no
36086042-781e-48e9-8681-f5eb91dced8e,KXCANADAPM-45-C,2025-04-29T03:21:37.764836Z,1000.00,0.0300,0.9700,no
35a5c1cd-28ec-479c-b912-6575709add39,KXCANADAPM-45-C,2025-04-29T03:21:37.764836Z,500.00,0.0300,0.9700,no
b974e350-9b3c-43ac-8b90-6c556a917978,KXCANADAPM-45-C,2025-04-29T03:20:57.747773Z,8.00,0.0300,0.9700,no
6fa27539-6a99-4dd6-870e-135eabd90b78,KXCANADAPM-45-C,2025-04-29T03:20:36.868475Z,486.00,0.0300,0.9700,yes
3264f319-ef17-4b1f-9ede-53d4ddb79e64,KXCANADAPM-45-C,2025-04-29T03:20:36.868475Z,100.00,0.0300,0.9700,yes
04c04941-75bf-4622-bb49-cb9b5bfec8d1,KXCANADAPM-45-C,2025-04-29T03:20:36.868475Z,14.00,0.0300,0.9700,yes
4a1aa22b-100d-4b91-b07e-e797a9d235f7,KXCANADAPM-45-C,2025-04-29T03:20:19.621173Z,14.00,0.0300,0.9700,no
093ab0d8-d61d-4958-9638-072aa19ae362,KXCANADAPM-45-C,2025-04-29T03:19:51.145411Z,2342.00,0.0400,0.9600,yes
f0f695b4-3392-47a2-98cb-e7734c117fc5,KXCANADAPM-45-C,2025-04-29T03:19:44.299151Z,12.00,0.0300,0.9700,yes
e3853c73-e577-4046-8ff2-20b9e0fbf0f0,KXCANADAPM-45-C,2025-04-29T03:19:44.299151Z,12.00,0.0300,0.9700,yes
7cfbb321-29d3-4e83-9148-a438a4242129,KXCANADAPM-45-C,2025-04-29T03:19:40.082522Z,13.00,0.0300,0.9700,no
f8d8a52e-1823-4bea-a828-475878bf7381,KXCANADAPM-45-C,2025-04-29T03:19:33.732394Z,300.00,0.0300,0.9700,yes
f8b4ed6d-7a67-477d-89be-498fdd42d779,KXCANADAPM-45-C,2025-04-29T03:19:33.732394Z,2000.00,0.0300,0.9700,yes
dbd15c63-cc5f-4ff1-ac46-afb6965ceccd,KXCANADAPM-45-C,2025-04-29T03:19:33.732394Z,3000.00,0.0300,0.9700,yes
cc16a42c-22d3-4dc9-ad2f-07f8d62d3676,KXCANADAPM-45-C,2025-04-29T03:19:30.579157Z,200.00,0.0200,0.9800,no
4a67624b-b49c-4c2a-89a5-ba4e850e41db,KXCANADAPM-45-C,2025-04-29T03:19:15.328075Z,400.00,0.0300,0.9700,yes
8b5980c4-2c4c-4fd9-bcb6-21df3f6ffb74,KXCANADAPM-45-C,2025-04-29T03:19:14.30144Z,1000.00,0.0300,0.9700,yes
6028da5c-1f4a-427a-a039-2d8ce26f541e,KXCANADAPM-45-C,2025-04-29T03:19:07.11171Z,10000.00,0.0300,0.9700,yes
ef47f4a1-1611-4eff-836a-b17103c550b7,KXCANADAPM-45-C,2025-04-29T03:19:05.627694Z,18820.00,0.0300,0.9700,yes
b69733b7-c0d1-40b0-8ac9-17420dc050c2,KXCANADAPM-45-C,2025-04-29T03:19:05.627694Z,980.00,0.0300,0.9700,yes
90bfe4c1-7658-4ce4-9aa4-e45cad311958,KXCANADAPM-45-C,2025-04-29T03:19:05.627694Z,100.00,0.0300,0.9700,yes
0e41412c-3f4e-4e3d-b9d5-e7de96cdd724,KXCANADAPM-45-C,2025-04-29T03:19:05.627694Z,100.00,0.0300,0.9700,yes
9945cbf9-4e14-4a1a-9c94-3d6b58d18c3a,KXCANADAPM-45-C,2025-04-29T03:19:00.174565Z,21.00,0.0200,0.9800,no
dcec9dfd-44ff-406f-98c5-6b9d17a91bf8,KXCANADAPM-45-C,2025-04-29T03:18:53.583658Z,312.00,0.0300,0.9700,yes
ea2954ad-8716-47bb-b399-2f2f2fcfe425,KXCANADAPM-45-C,2025-04-29T03:18:37.846187Z,3700.00,0.0300,0.9700,yes
37f94de8-2b83-42c4-a990-f3c9edd1017f,KXCANADAPM-45-C,2025-04-29T03:18:33.985589Z,10000.00,0.0300,0.9700,yes
ae831381-bbe6-4b20-b2d6-b2d5cca35b93,KXCANADAPM-45-C,2025-04-29T03:18:31.849497Z,100.00,0.0300,0.9700,yes
dbe8eb43-a674-496b-8dc5-a2a8a92688f8,KXCANADAPM-45-C,2025-04-29T03:18:11.509546Z,10.00,0.0300,0.9700,yes
9adf986f-00e1-4887-b696-a028a4316414,KXCANADAPM-45-C,2025-04-29T03:18:11.509546Z,10.00,0.0300,0.9700,yes
4dd1b95b-f76c-4cde-8408-e5090e7a40e6,KXCANADAPM-45-C,2025-04-29T03:18:11.509546Z,10.00,0.0300,0.9700,yes
3e5dde27-5481-4567-afb2-6636f7570383,KXCANADAPM-45-C,2025-04-29T03:18:11.509546Z,2900.00,0.0300,0.9700,yes
367f0241-3d58-4a18-a789-1960450df58e,KXCANADAPM-45-C,2025-04-29T03:18:11.509546Z,17068.00,0.0300,0.9700,yes
0edf81e3-5002-4941-9417-f0651a100549,KXCANADAPM-45-C,2025-04-29T03:18:11.509546Z,2.00,0.0300,0.9700,yes
2b13c8b9-987e-4509-9299-54ceb3079772,KXCANADAPM-45-C,2025-04-29T03:18:08.38218Z,100.00,0.0300,0.9700,yes
e7810536-ec6f-45e2-a61c-143f9ca5fa16,KXCANADAPM-45-C,2025-04-29T03:18:07.49436Z,563.00,0.0200,0.9800,no
aebf5701-847f-40ed-b5a0-c0821c40f8f4,KXCANADAPM-45-C,2025-04-29T03:17:30.400185Z,2293.00,0.0200,0.9800,yes
fb814718-f54c-4ce0-ac95-a932807a1a63,KXCANADAPM-45-C,2025-04-29T03:17:24.545135Z,10.00,0.0200,0.9800,yes
d054e17f-5554-4455-99ac-aac1f2bd4252,KXCANADAPM-45-C,2025-04-29T03:17:24.545135Z,9000.00,0.0200,0.9800,yes
c972d659-cfb1-48e9-9dee-c55f4daf503c,KXCANADAPM-45-C,2025-04-29T03:17:24.545135Z,200.00,0.0200,0.9800,yes
ba2f8771-8cc0-4d0a-8915-e68f71a414c5,KXCANADAPM-45-C,2025-04-29T03:17:24.545135Z,2.00,0.0200,0.9800,yes
8f52fd55-447c-4362-a6f4-ed892bb94c8b,KXCANADAPM-45-C,2025-04-29T03:17:24.545135Z,100.00,0.0200,0.9800,yes
7f51cfce-733f-4ffd-b8cc-7dcbc6aa9a0c,KXCANADAPM-45-C,2025-04-29T03:17:24.545135Z,108.00,0.0200,0.9800,yes
7775c08e-79a4-4eca-80fb-5e4c30e431d5,KXCANADAPM-45-C,2025-04-29T03:17:24.545135Z,10.00,0.0200,0.9800,yes
4df847bf-33b9-49a0-9c61-4f3dd0755480,KXCANADAPM-45-C,2025-04-29T03:17:24.545135Z,10.00,0.0200,0.9800,yes
44b07891-7696-4183-9cad-c903407bb548,KXCANADAPM-45-C,2025-04-29T03:17:24.545135Z,100.00,0.0200,0.9800,yes
1f9db7f9-2f4f-49a4-95bd-25703ccdd93f,KXCANADAPM-45-C,2025-04-29T03:17:24.545135Z,620.00,0.0200,0.9800,yes
04224b99-d620-478e-9d6b-55c09dc68bbc,KXCANADAPM-45-C,2025-04-29T03:17:24.545135Z,56983.00,0.0200,0.9800,yes
cb7c17e0-792e-427f-b453-f877145f11f7,KXCANADAPM-45-C,2025-04-29T03:17:21.899162Z,10000.00,0.0200,0.9800,yes
49ea7fba-5f08-49af-9063-dcc12ee5895d,KXCANADAPM-45-C,2025-04-29T03:17:16.974507Z,2000.00,0.0200,0.9800,yes
6fa9a3fb-9613-4802-a683-4bb1228e26cd,KXCANADAPM-45-C,2025-04-29T03:17:08.908636Z,2339.00,0.0200,0.9800,yes
6464c44c-a08a-4dbf-886d-dd1dd55dcebe,KXCANADAPM-45-C,2025-04-29T03:16:57.716207Z,46.00,0.0200,0.9800,yes
1f86a5dd-316e-478c-993c-a99202f51801,KXCANADAPM-45-C,2025-04-29T03:16:54.812182Z,500.00,0.0200,0.9800,yes
a2b6e654-9917-4139-bd20-7b39c2d2d870,KXCANADAPM-45-C,2025-04-29T03:16:47.675605Z,5012.00,0.0200,0.9800,yes
8bbecfe8-a03b-4897-bf4e-0222f8868c58,KXCANADAPM-45-C,2025-04-29T03:16:39.80659Z,5.00,0.0200,0.9800,yes
45d2ad4d-dc98-482d-a69d-f01509ec0d79,KXCANADAPM-45-C,2025-04-29T03:16:34.519065Z,700.00,0.0200,0.9800,yes
46165bf8-9764-4ada-ae80-8e88f80cafe0,KXCANADAPM-45-C,2025-04-29T03:16:30.659019Z,200.00,0.0200,0.9800,yes
ad260c5e-279a-4a95-8deb-2bf7f2ae9319,KXCANADAPM-45-C,2025-04-29T03:16:21.81711Z,5727.00,0.0200,0.9800,yes
2f023b30-b932-49c1-acaa-231769b2df03,KXCANADAPM-45-C,2025-04-29T03:16:20.833601Z,5000.00,0.0100,0.9900,no
61db3e07-8bb0-4150-951d-9415a14301eb,KXCANADAPM-45-C,2025-04-29T03:16:11.309088Z,7409.00,0.0200,0.9800,yes
0e269ccf-dfaf-4d27-938c-32bad8b289e0,KXCANADAPM-45-C,2025-04-29T03:16:00.43871Z,10000.00,0.0200,0.9800,yes
e2833562-5c3b-4a9b-ad70-ceb88b1ef1b6,KXCANADAPM-45-C,2025-04-29T03:15:50.665467Z,10000.00,0.0200,0.9800,yes
c7fbc4de-d2eb-44a6-8e01-7d3ce4adc885,KXCANADAPM-45-C,2025-04-29T03:15:36.190853Z,10000.00,0.0200,0.9800,yes
e44f4238-a420-4203-b4aa-73840b7363fa,KXCANADAPM-45-C,2025-04-29T03:15:12.318623Z,467.00,0.0200,0.9800,yes
d8fee0b0-4bd0-4100-883d-0b75be1a01e1,KXCANADAPM-45-C,2025-04-29T03:15:09.068201Z,10000.00,0.0200,0.9800,yes
e779e4ab-76d2-45fc-a5df-560bba49bedd,KXCANADAPM-45-C,2025-04-29T03:14:30.937885Z,46.00,0.0200,0.9800,yes
18b1aebe-3ae8-4f5b-b256-09d00ed9aec0,KXCANADAPM-45-C,2025-04-29T03:14:25.815877Z,11872.00,0.0200,0.9800,yes
9e6842cc-3671-4aa3-9283-e7187be9d83b,KXCANADAPM-45-C,2025-04-29T03:14:18.562655Z,200.00,0.0200,0.9800,yes
214e1abe-d96d-4fd6-809f-de165f3e6e08,KXCANADAPM-45-C,2025-04-29T03:14:15.230394Z,150.00,0.0200,0.9800,yes
4e8c2565-ed8b-499d-bdb5-d7cf167234f3,KXCANADAPM-45-C,2025-04-29T03:14:14.859584Z,15.00,0.0100,0.9900,no
1ca9238f-a411-410c-a8e8-811fbdf08bf1,KXCANADAPM-45-C,2025-04-29T03:14:08.306327Z,200.00,0.0200,0.9800,yes
e54db3a3-eee7-4a65-bb93-ef506e7ed54f,KXCANADAPM-45-C,2025-04-29T03:14:05.966177Z,935.00,0.0200,0.9800,yes
c54f4858-c0e2-431c-a44b-d227af315b14,KXCANADAPM-45-C,2025-04-29T03:13:59.364212Z,200.00,0.0200,0.9800,yes
de03164c-bcdf-4803-ae6a-9206088336ef,KXCANADAPM-45-C,2025-04-29T03:13:56.401355Z,200.00,0.0200,0.9800,yes
4ba21b81-4ca3-4583-9320-27e5a3bb9a7d,KXCANADAPM-45-C,2025-04-29T03:13:53.032956Z,82.00,0.0200,0.9800,yes
61b4398c-c3d3-4a0a-9d04-c3f1fea6e13d,KXCANADAPM-45-C,2025-04-29T03:13:47.560878Z,8000.00,0.0200,0.9800,yes
a3c0fc90-ab22-40a7-b365-6b0c482a54c5,KXCANADAPM-45-C,2025-04-29T03:12:58.539968Z,79.00,0.0100,0.9900,no
29e48727-8ec2-4ee0-856e-7b91f915272b,KXCANADAPM-45-C,2025-04-29T03:12:53.468542Z,3600.00,0.0200,0.9800,yes
52901410-4f3a-4859-acee-8229d2f8ed72,KXCANADAPM-45-C,2025-04-29T03:12:12.902371Z,500.00,0.0200,0.9800,yes
8fc61dfe-868b-4d1e-b2bd-94404f9e6fe9,KXCANADAPM-45-C,2025-04-29T03:12:04.430479Z,2884.00,0.0200,0.9800,yes
462adf5f-1c6f-4a76-a972-8bdda44b289d,KXCANADAPM-45-C,2025-04-29T03:11:55.696222Z,10000.00,0.0200,0.9800,yes
2cc65784-a834-4a8a-a74e-1ebbb2c29bfd,KXCANADAPM-45-C,2025-04-29T03:11:12.891148Z,100.00,0.0200,0.9800,yes
4197991c-d660-4bb7-98b2-7c13f38a4487,KXCANADAPM-45-C,2025-04-29T03:10:19.223146Z,2000.00,0.0200,0.9800,yes
059e057c-3997-4305-bfc1-521a825f109a,KXCANADAPM-45-C,2025-04-29T03:10:12.734044Z,2295.00,0.0200,0.9800,yes
7f08822f-1d47-4501-a514-d2674272b89b,KXCANADAPM-45-C,2025-04-29T03:09:52.978507Z,29.00,0.0100,0.9900,no
d0142be3-a16f-4454-94a6-dbe8ce3f67a9,KXCANADAPM-45-C,2025-04-29T03:08:15.825751Z,140.00,0.0200,0.9800,yes
78485edf-8f75-44a2-9114-1967c346ba1b,KXCANADAPM-45-C,2025-04-29T03:07:58.548265Z,10.00,0.0100,0.9900,yes
71c3d3a6-b0ea-4f0e-b985-cb229100d111,KXCANADAPM-45-C,2025-04-29T03:07:58.548265Z,11085.00,0.0100,0.9900,yes
75807932-dbbf-42c8-b5f2-072d2e9d60b5,KXCANADAPM-45-C,2025-04-29T03:07:17.061994Z,7.00,0.0100,0.9900,yes
ae0c7bb3-721f-4a59-bd42-540c2a7ddb54,KXCANADAPM-45-C,2025-04-29T03:06:29.013346Z,7601.00,0.0100,0.9900,yes
6f0861a8-a04e-4ac0-9409-7deba5bd1c1b,KXCANADAPM-45-C,2025-04-29T03:05:40.571287Z,2000.00,0.0100,0.9900,yes
48c47308-bc9b-4768-a4fe-3203ee75def6,KXCANADAPM-45-C,2025-04-29T03:05:26.181486Z,642.00,0.0100,0.9900,yes
257873cb-6d74-4535-9d79-130e3cf88a7c,KXCANADAPM-45-C,2025-04-29T03:05:13.363816Z,3625.00,0.0100,0.9900,yes
14a4e774-db12-49d8-bfd9-7e4d6d7bbe41,KXCANADAPM-45-C,2025-04-29T03:05:12.216751Z,3000.00,0.0100,0.9900,yes
1ff245e2-aa75-48f2-bf70-7efed427f219,KXCANADAPM-45-C,2025-04-29T03:05:10.604802Z,94.00,0.0100,0.9900,yes
338a430e-de86-4d3e-8edb-5d98fc6e35ae,KXCANADAPM-45-C,2025-04-29T03:04:15.794048Z,3000.00,0.0100,0.9900,yes
4ffdb409-4314-41d3-adc1-37e27d0e58d5,KXCANADAPM-45-C,2025-04-29T03:04:10.607577Z,5000.00,0.0100,0.9900,yes
52a060c9-8cbc-482c-aeec-25ac64f7a5db,KXCANADAPM-45-C,2025-04-29T03:03:55.516233Z,100.00,0.0100,0.9900,yes
63718dac-8afe-4c1d-84e0-4f1819ec9c18,KXCANADAPM-45-C,2025-04-29T03:03:31.136505Z,626.00,0.0100,0.9900,yes
7ac2d197-ad50-41c9-835f-cd378ab0f7f9,KXCANADAPM-45-C,2025-04-29T03:02:50.401999Z,80.00,0.0100,0.9900,yes
1cf4ef99-f485-4cdd-b191-ad4404256da0,KXCANADAPM-45-C,2025-04-29T03:02:26.46486Z,40.00,0.0100,0.9900,yes
ee532bf6-0a8b-4f30-9a47-c20262ac5343,KXCANADAPM-45-C,2025-04-29T03:00:29.2732Z,100.00,0.0100,0.9900,yes
993ca284-620c-4885-ba7a-acc8b8c30284,KXCANADAPM-45-C,2025-04-29T02:59:34.865152Z,139.00,0.0200,0.9800,yes
1b11a056-e59a-4397-8395-58ef39d54908,KXCANADAPM-45-C,2025-04-29T02:59:22.356218Z,7898.00,0.0100,0.9900,no
8a7941d3-bba0-4b06-b334-6a29f1288caf,KXCANADAPM-45-C,2025-04-29T02:58:26.518483Z,2000.00,0.0100,0.9900,no
3ad1074f-a67a-4529-9679-5e3cb0d368ad,KXCANADAPM-45-C,2025-04-29T02:58:20.454259Z,102.00,0.0100,0.9900,yes
73b6fa4c-1f93-47b7-85c2-62e25618ffef,KXCANADAPM-45-C,2025-04-29T02:58:17.163904Z,11.00,0.0100,0.9900,no
33dfd725-bfe9-4762-ac43-79f5fefb2947,KXCANADAPM-45-C,2025-04-29T02:58:17.163904Z,69.00,0.0100,0.9900,no
bf9097d1-4bbb-4ffd-a2e9-19be91b08705,KXCANADAPM-45-C,2025-04-29T02:56:40.465647Z,100.00,0.0200,0.9800,yes
b0c39e8c-c86d-4fb3-9b5d-1c15e7f7ad22,KXCANADAPM-45-C,2025-04-29T02:56:30.548522Z,2000.00,0.0100,0.9900,yes
ad06bf22-4c37-4f2a-84ad-ab6bffb76a6f,KXCANADAPM-45-C,2025-04-29T02:56:30.548522Z,1045.00,0.0100,0.9900,yes
ac5cbdcf-97ca-4656-99fa-60282e6d1c59,KXCANADAPM-45-C,2025-04-29T02:56:30.548522Z,8000.00,0.0100,0.9900,yes
a2b1cde5-8862-4e78-99c8-fac8fccb7ab2,KXCANADAPM-45-C,2025-04-29T02:56:30.548522Z,9999.00,0.0100,0.9900,yes
3f38ebce-e76d-4599-b678-c2b0ec7250ac,KXCANADAPM-45-C,2025-04-29T02:56:30.548522Z,1000.00,0.0100,0.9900,yes
0bb6ab16-0db3-4a8c-8ffe-e94a1f5cb5bd,KXCANADAPM-45-C,2025-04-29T02:56:30.548522Z,10000.00,0.0100,0.9900,yes
06a19e1b-04c6-4b18-a674-57571647fa75,KXCANADAPM-45-C,2025-04-29T02:56:30.548522Z,1000.00,0.0100,0.9900,yes
426b6e1c-2ee9-4916-b608-0ccf6beddc4d,KXCANADAPM-45-C,2025-04-29T02:54:13.395941Z,680.00,0.0100,0.9900,yes
a15d9ae0-b75e-4c68-8e08-c1dd534f1e75,KXCANADAPM-45-C,2025-04-29T02:51:06.206397Z,800.00,0.0100,0.9900,yes
bfc0fdec-e166-4934-b82e-f3abeda5e35b,KXCANADAPM-45-C,2025-04-29T02:50:00.444507Z,1589.00,0.0100,0.9900,yes
2daf0d39-557d-4b23-a6d4-5de4eb43debc,KXCANADAPM-45-C,2025-04-29T02:46:22.667199Z,922.00,0.0100,0.9900,yes
03730340-8dbd-4c0d-b35b-c45f718c5a72,KXCANADAPM-45-C,2025-04-29T02:45:33.546248Z,916.00,0.0100,0.9900,yes
b2123e26-9c1e-4ed8-a3ec-8657e738c830,KXCANADAPM-45-C,2025-04-29T02:44:42.516207Z,2443.00,0.0100,0.9900,yes
63a7c1c5-05af-4a63-9960-2e2e0e2caa78,KXCANADAPM-45-C,2025-04-29T02:43:18.198496Z,600.00,0.0100,0.9900,yes
6cbd94ed-89be-423f-b041-b4143d26703f,KXCANADAPM-45-C,2025-04-29T02:42:44.987605Z,5.00,0.0100,0.9900,yes
b7c5a38d-d4b4-4152-8e59-12eed5a6a478,KXCANADAPM-45-C,2025-04-29T02:41:50.048082Z,11.00,0.0100,0.9900,yes
bc05c79e-c63e-41f0-a44f-1a7926f04655,KXCANADAPM-45-C,2025-04-29T02:41:37.647207Z,2000.00,0.0100,0.9900,yes
507df72e-d461-45f7-bf7d-137d7cecc423,KXCANADAPM-45-C,2025-04-29T02:41:01.621141Z,1137.00,0.0100,0.9900,yes
2b606e6e-df4d-4b5b-8b9a-b58554dd9c08,KXCANADAPM-45-C,2025-04-29T02:41:01.621141Z,500.00,0.0100,0.9900,yes
c4104267-8086-4c37-9b8f-8563de71f4fc,KXCANADAPM-45-C,2025-04-29T02:40:11.417834Z,313.00,0.0200,0.9800,yes
d645444c-0968-4654-8d2e-61ff5ff75067,KXCANADAPM-45-C,2025-04-29T02:39:59.649262Z,3161.00,0.0100,0.9900,yes
5a568aec-c27e-4d5a-bc89-98775977e5d0,KXCANADAPM-45-C,2025-04-29T02:39:29.484247Z,233.00,0.0200,0.9800,yes
bfd886d6-c0b7-4b5e-b6b5-340660ab63ee,KXCANADAPM-45-C,2025-04-29T02:39:25.282952Z,5000.00,0.0100,0.9900,no
b9ff708c-f400-4ce8-b302-a56cebc2112c,KXCANADAPM-45-C,2025-04-29T02:39:25.282952Z,1112.00,0.0100,0.9900,no
a3b25885-43bf-45f3-978a-36de2ee14d73,KXCANADAPM-45-C,2025-04-29T02:39:25.282952Z,26088.00,0.0100,0.9900,no
8a2ad280-1dc3-46af-9a59-5c52e4463fce,KXCANADAPM-45-C,2025-04-29T02:39:25.282952Z,3000.00,0.0100,0.9900,no
4a3fff10-ba9d-4704-9799-57c140080d12,KXCANADAPM-45-C,2025-04-29T02:39:25.282952Z,40000.00,0.0100,0.9900,no
2a5edd83-22d8-4e59-8f4f-ead8164040bd,KXCANADAPM-45-C,2025-04-29T02:39:25.282952Z,1.00,0.0100,0.9900,no
177037e2-b98a-4f7e-881c-ba5c69f4256c,KXCANADAPM-45-C,2025-04-29T02:39:25.282952Z,10000.00,0.0100,0.9900,no
00481aa3-ac2c-495a-900f-ce917d354ff9,KXCANADAPM-45-C,2025-04-29T02:39:25.282952Z,100.00,0.0100,0.9900,no
d7f5da65-4e12-4a3c-a20f-0bd935216a19,KXCANADAPM-45-C,2025-04-29T02:38:50.415886Z,38.00,0.0100,0.9900,no
0cca41c2-acb6-4abe-bed2-ba2d1b8a1028,KXCANADAPM-45-C,2025-04-29T02:38:17.463336Z,38.00,0.0100,0.9900,no
a9967543-9f69-4fcd-bc97-bfd810be8674,KXCANADAPM-45-C,2025-04-29T02:37:54.879227Z,8.00,0.0200,0.9800,yes
db84c49f-87ab-4b7b-a46a-1a7ac8a61063,KXCANADAPM-45-C,2025-04-29T02:37:48.300904Z,289.00,0.0100,0.9900,no
b23df87c-ede2-477c-a45a-fb6860530afe,KXCANADAPM-45-C,2025-04-29T02:35:49.743584Z,46.00,0.0200,0.9800,yes
a3ae4225-cae1-4b6b-9709-430a6dbe2095,KXCANADAPM-45-C,2025-04-29T02:35:24.228336Z,44.00,0.0100,0.9900,no
d5d72e81-505e-4441-af4b-81f15b76ab72,KXCANADAPM-45-C,2025-04-29T02:35:13.189873Z,65.00,0.0200,0.9800,yes
96dc310d-cf3c-47a9-af6c-7b27965482a5,KXCANADAPM-45-C,2025-04-29T02:35:13.189873Z,1.00,0.0200,0.9800,yes
7bc07dad-467e-4513-81dc-31c548b89e29,KXCANADAPM-45-C,2025-04-29T02:35:13.189873Z,100.00,0.0200,0.9800,yes
60b3aaa7-8918-43ec-b88e-e284ad385433,KXCANADAPM-45-C,2025-04-29T02:35:13.189873Z,24369.00,0.0200,0.9800,yes
145737f2-ee51-4d34-a7c9-21fefd9a63f9,KXCANADAPM-45-C,2025-04-29T02:35:13.189873Z,11111.00,0.0200,0.9800,yes
05d38e2e-940e-4991-9b8b-fd6f3879c7cc,KXCANADAPM-45-C,2025-04-29T02:35:13.189873Z,11111.00,0.0200,0.9800,yes
f2352fa7-3021-4e53-b70f-2c3ef2cc723a,KXCANADAPM-45-C,2025-04-29T02:35:06.22185Z,1300.00,0.0100,0.9900,no
e632a46d-1842-4b01-8e8f-d412d9142e7b,KXCANADAPM-45-C,2025-04-29T02:34:41.958729Z,666.00,0.0200,0.9800,yes
d80150e8-37c9-4c98-a973-074d63625dae,KXCANADAPM-45-C,2025-04-29T02:34:41.958729Z,35.00,0.0200,0.9800,yes
9fcf61fb-65c5-4eaf-b8b4-e7c91f447549,KXCANADAPM-45-C,2025-04-29T02:34:04.822294Z,3400.00,0.0100,0.9900,no
f145ed57-0fc4-44d2-9c5b-9b388b3a2ef0,KXCANADAPM-45-C,2025-04-29T02:33:45.2594Z,19.00,0.0100,0.9900,no
fcff273a-9ed5-4a3c-a387-17c807c2eef4,KXCANADAPM-45-C,2025-04-29T02:32:56.511999Z,5.00,0.0100,0.9900,no
ecf6acbf-b992-4aa6-915a-973227ca2dae,KXCANADAPM-45-C,2025-04-29T02:32:24.702889Z,8.00,0.0100,0.9900,no
e4f92fa9-eff5-4960-9cfb-3ffa5fc389a2,KXCANADAPM-45-C,2025-04-29T02:32:11.555651Z,5.00,0.0100,0.9900,no
aed969fe-d236-4ea4-a9f6-39d6c2f7c14c,KXCANADAPM-45-C,2025-04-29T02:31:20.258461Z,25.00,0.0200,0.9800,yes
e741d716-d815-41d8-8f0f-04152b945fd7,KXCANADAPM-45-C,2025-04-29T02:31:11.713409Z,92.00,0.0100,0.9900,no
1a3ff590-62fd-4788-bd16-1c103e26e15c,KXCANADAPM-45-C,2025-04-29T02:31:10.366531Z,232.00,0.0100,0.9900,no
4f9eae34-0478-4c80-bf48-0afc3369ca94,KXCANADAPM-45-C,2025-04-29T02:30:18.051618Z,48.00,0.0100,0.9900,no
fcf2ac52-8bd0-468f-908c-92384a1ce105,KXCANADAPM-45-C,2025-04-29T02:29:48.711111Z,345.00,0.0100,0.9900,no
1cee1778-79fc-412b-a98e-4c5e6ee4bdbd,KXCANADAPM-45-C,2025-04-29T02:29:47.436498Z,25.00,0.0100,0.9900,yes
beae9776-0775-4b94-bc72-f7b5464fc555,KXCANADAPM-45-C,2025-04-29T02:28:37.699284Z,22384.00,0.0100,0.9900,yes
80bf2cdd-d541-4a6f-bcb4-bb8853025e82,KXCANADAPM-45-C,2025-04-29T02:28:37.699284Z,10.00,0.0100,0.9900,yes
b5a9096a-3d0d-4c79-a6c3-032c20ccd94f,KXCANADAPM-45-C,2025-04-29T02:28:05.41687Z,21.00,0.0100,0.9900,yes
a4aca743-0168-4201-b3cd-8bf357e69301,KXCANADAPM-45-C,2025-04-29T02:27:44.736068Z,10000.00,0.0100,0.9900,yes
18bfb905-1bc7-478a-b896-5ad310819c63,KXCANADAPM-45-C,2025-04-29T02:26:05.299683Z,93.00,0.0100,0.9900,yes
af8d225f-65bd-4c8e-9573-aca571e2115c,KXCANADAPM-45-C,2025-04-29T02:25:11.554275Z,2749.00,0.0100,0.9900,yes
bbb0c10c-2b4b-4318-be3e-284bfe5610c6,KXCANADAPM-45-C,2025-04-29T02:24:49.787452Z,18.00,0.0100,0.9900,yes
8a0d13b1-f2c5-4613-940c-9bf22b85543f,KXCANADAPM-45-C,2025-04-29T02:24:49.787452Z,2.00,0.0100,0.9900,yes
1601d93f-260e-404b-a065-db3f7a30827b,KXCANADAPM-45-C,2025-04-29T02:24:28.123073Z,3.00,0.0100,0.9900,yes
e06d6851-cec4-4455-be55-5b16818fdca9,KXCANADAPM-45-C,2025-04-29T02:22:10.45792Z,900.00,0.0100,0.9900,yes
a389dbbb-1e1a-4450-9ac2-85d303c5131c,KXCANADAPM-45-C,2025-04-29T02:22:10.45792Z,1888.00,0.0200,0.9800,yes
f51359e1-34a4-44c5-b568-ec67000b8276,KXCANADAPM-45-C,2025-04-29T02:22:08.428692Z,100.00,0.0100,0.9900,no
599ae8f8-a13d-4583-b3ad-ad1425e26566,KXCANADAPM-45-C,2025-04-29T02:22:08.380014Z,421.00,0.0200,0.9800,yes
ae7e2ffa-e5b3-426d-a005-9b0f70a2e8e2,KXCANADAPM-45-C,2025-04-29T02:22:04.30345Z,724.00,0.0100,0.9900,yes
3472fb23-3210-4fc0-99bd-bfab673d6f5b,KXCANADAPM-45-C,2025-04-29T02:21:34.352464Z,500.00,0.0100,0.9900,yes
4f288e31-12c4-4bab-9d6d-6b62561a8e15,KXCANADAPM-45-C,2025-04-29T02:21:33.847972Z,1000.00,0.0100,0.9900,yes
36d3c711-cc89-47f5-b6db-63e4b6491e99,KXCANADAPM-45-C,2025-04-29T02:21:23.703847Z,194725.00,0.0100,0.9900,yes
c22444f1-04c7-4d2e-b8f4-2ee25fd0e129,KXCANADAPM-45-C,2025-04-29T02:20:35.250421Z,55275.00,0.0100,0.9900,yes
878d51d1-aa2b-48c3-bfe1-9fdfb68c2fb9,KXCANADAPM-45-C,2025-04-29T02:20:35.250421Z,20000.00,0.0100,0.9900,yes
4dea1261-ca6e-478d-8f4d-daa143224a4b,KXCANADAPM-45-C,2025-04-29T02:20:35.250421Z,124720.00,0.0100,0.9900,yes
046648ee-d33d-4149-b9a9-6ba6fe292d5e,KXCANADAPM-45-C,2025-04-29T02:20:35.250421Z,5.00,0.0100,0.9900,yes
939f3633-3db6-4743-a924-15480d61d25e,KXCANADAPM-45-C,2025-04-29T02:20:00.316187Z,19163.00,0.0100,0.9900,yes
68fa2c5d-9cd1-49fa-8cfd-8f1fa68ad459,KXCANADAPM-45-C,2025-04-29T02:20:00.316187Z,1.00,0.0100,0.9900,yes
40efd21f-e2f2-43c3-bcdc-c172acb50969,KXCANADAPM-45-C,2025-04-29T02:20:00.316187Z,1.00,0.0100,0.9900,yes
19d39115-f3f1-4344-abca-74ba796a69ca,KXCANADAPM-45-C,2025-04-29T02:20:00.316187Z,30835.00,0.0100,0.9900,yes
d9771234-cc17-4e4f-a09f-77c1dbd36829,KXCANADAPM-45-C,2025-04-29T02:19:59.154956Z,21000.00,0.0100,0.9900,yes
1cc6fef5-3f26-4c2f-8d9f-6849876ee0b4,KXCANADAPM-45-C,2025-04-29T02:19:48.457025Z,79318.00,0.0100,0.9900,yes
bebe463b-001d-4a74-9e53-4aa75174fec3,KXCANADAPM-45-C,2025-04-29T02:19:34.886693Z,2000.00,0.0100,0.9900,yes
b70dd37d-edf6-46df-a2b7-d1ad1a733ce2,KXCANADAPM-45-C,2025-04-29T02:19:34.886693Z,10000.00,0.0100,0.9900,yes
b6d34bcf-f38a-4944-91eb-564e3959ed99,KXCANADAPM-45-C,2025-04-29T02:19:34.886693Z,1000.00,0.0100,0.9900,yes
593e9820-deb1-49c4-951c-64ef10b67f13,KXCANADAPM-45-C,2025-04-29T02:19:34.886693Z,3454.00,0.0100,0.9900,yes
30c6cea8-1640-4b85-a533-336c045c44eb,KXCANADAPM-45-C,2025-04-29T02:19:34.886693Z,2945.00,0.0100,0.9900,yes
6a5e1bfe-594b-4645-893b-023545b26186,KXCANADAPM-45-C,2025-04-29T02:19:22.907816Z,93.00,0.0100,0.9900,yes
eb92906c-3ef6-4862-983d-e92b506bfbc3,KXCANADAPM-45-C,2025-04-29T02:19:20.596042Z,8741.00,0.0100,0.9900,yes
d3acb23d-91a1-4296-b950-34fb56271345,KXCANADAPM-45-C,2025-04-29T02:19:20.596042Z,10000.00,0.0100,0.9900,yes
3c089251-8d45-4793-be7e-721aab7f5921,KXCANADAPM-45-C,2025-04-29T02:19:20.596042Z,11797.00,0.0100,0.9900,yes
10745411-789d-4eec-a238-1ffa1f919867,KXCANADAPM-45-C,2025-04-29T02:19:20.596042Z,1962.00,0.0100,0.9900,yes
d4e8be24-736d-4711-934c-ca11cc02dc6e,KXCANADAPM-45-C,2025-04-29T02:19:19.028864Z,261.00,0.0100,0.9900,yes
6c03d30a-308f-4df2-bb44-9ada43b4c698,KXCANADAPM-45-C,2025-04-29T02:18:11.737776Z,126.00,0.0100,0.9900,yes
76070c29-fab0-4439-a5be-38e5ac8eedae,KXCANADAPM-45-C,2025-04-29T02:17:45.151344Z,839.00,0.0100,0.9900,yes
93620341-1533-4f2c-9204-eddbf148c77c,KXCANADAPM-45-C,2025-04-29T02:17:34.830969Z,150.00,0.0100,0.9900,yes
c0686b36-cfd8-437f-ac68-dd8c56867990,KXCANADAPM-45-C,2025-04-29T02:16:51.38957Z,16.00,0.0100,0.9900,yes
4ac6fbc4-2230-45ea-9840-233c48046327,KXCANADAPM-45-C,2025-04-29T02:16:26.451903Z,20.00,0.0100,0.9900,yes
58cb0b17-c8db-40f0-8436-4f67d2d561b6,KXCANADAPM-45-C,2025-04-29T02:16:12.117579Z,112.00,0.0100,0.9900,yes
03ded716-5aa5-445e-9aaa-b9b697d43940,KXCANADAPM-45-C,2025-04-29T02:16:12.117579Z,938.00,0.0100,0.9900,yes
7fd58790-b051-4ded-9c62-be9c3b64239a,KXCANADAPM-45-C,2025-04-29T02:15:29.721324Z,93.00,0.0100,0.9900,yes
aeee0cf8-39cc-4a79-a2a9-76ae3be5fbde,KXCANADAPM-45-C,2025-04-29T02:15:09.717323Z,500.00,0.0100,0.9900,yes
8ffb6828-4a95-4836-9472-39d1ce9ace69,KXCANADAPM-45-C,2025-04-29T02:15:02.39282Z,2130.00,0.0100,0.9900,yes
eaa0c6fe-853c-45a6-b1e8-4f80f1bb174b,KXCANADAPM-45-C,2025-04-29T02:14:39.623906Z,46.00,0.0100,0.9900,yes
27c7aa4a-50b7-46aa-ba50-2a2baed39e16,KXCANADAPM-45-C,2025-04-29T02:14:30.365937Z,300.00,0.0100,0.9900,yes
8f48c44e-c187-4006-9ecd-096acf803649,KXCANADAPM-45-C,2025-04-29T02:14:28.286905Z,5.00,0.0100,0.9900,yes
fd60c522-e20a-42a9-ba77-2fde7b818f20,KXCANADAPM-45-C,2025-04-29T02:14:14.229333Z,1250.00,0.0100,0.9900,yes
ff4b51c0-2e9a-4ce2-b4df-cf3c78fe300d,KXCANADAPM-45-C,2025-04-29T02:13:51.702929Z,236.00,0.0100,0.9900,yes
f3b2a91f-a680-4cf7-bf52-9638c04677ff,KXCANADAPM-45-C,2025-04-29T02:13:50.488712Z,20000.00,0.0100,0.9900,yes
e9f3db26-f754-4deb-9de5-753c24957bac,KXCANADAPM-45-C,2025-04-29T02:13:50.488712Z,28006.00,0.0100,0.9900,yes
df154680-d1cb-4230-8d6f-993049d0afdc,KXCANADAPM-45-C,2025-04-29T02:13:50.488712Z,20883.00,0.0100,0.9900,yes
d8598eaa-17ce-4876-90e2-ef92f9ec1736,KXCANADAPM-45-C,2025-04-29T02:13:50.488712Z,20000.00,0.0100,0.9900,yes
724d503f-0cf5-4fd8-a410-bef6a853575b,KXCANADAPM-45-C,2025-04-29T02:13:50.488712Z,111111.00,0.0100,0.9900,yes
908205f4-97cd-480d-b1d8-95690a80a36a,KXCANADAPM-45-C,2025-04-29T02:13:47.277208Z,50.00,0.0100,0.9900,yes
90bca2a4-4dc2-406d-adc4-dee90cd56804,KXCANADAPM-45-C,2025-04-29T02:13:24.103986Z,1000.00,0.0100,0.9900,yes
8465ec55-2170-4280-bd74-3c3cef0c904b,KXCANADAPM-45-C,2025-04-29T02:13:19.724958Z,935.00,0.0100,0.9900,yes
97f65c79-e5a4-4845-a8e9-06ba6ca0d853,KXCANADAPM-45-C,2025-04-29T02:13:18.712688Z,1870.00,0.0100,0.9900,yes
396d6745-9b9c-4e39-b263-f776e9fde189,KXCANADAPM-45-C,2025-04-29T02:13:13.245704Z,897.00,0.0100,0.9900,yes
a041a9b6-a3df-4ad7-b7b1-7a2e2e7b406a,KXCANADAPM-45-C,2025-04-29T02:13:02.251943Z,1000.00,0.0100,0.9900,yes
8b4621c8-c130-448c-9702-e93409dfac93,KXCANADAPM-45-C,2025-04-29T02:12:53.944939Z,14011.00,0.0100,0.9900,yes
701ca30e-79e1-49f8-9312-b9245296dfec,KXCANADAPM-45-C,2025-04-29T02:12:53.944939Z,21797.00,0.0100,0.9900,yes
3daece34-adf8-4899-9aae-b7b396df0678,KXCANADAPM-45-C,2025-04-29T02:12:53.944939Z,1.00,0.0100,0.9900,yes
2307e5fe-772c-44ad-a171-74ede54a3386,KXCANADAPM-45-C,2025-04-29T02:12:53.944939Z,10000.00,0.0100,0.9900,yes
89869821-e6b4-4b47-9ac4-b8feb52d4f51,KXCANADAPM-45-C,2025-04-29T02:12:49.666178Z,935.00,0.0100,0.9900,yes
06b111b8-ee4a-4f81-8334-27b278ac99a7,KXCANADAPM-45-C,2025-04-29T02:12:40.787071Z,2337.00,0.0100,0.9900,yes
83e9c172-0c2e-4121-9b64-c1ce911edc2e,KXCANADAPM-45-C,2025-04-29T02:12:20.94655Z,3579.00,0.0100,0.9900,yes
faaac3bd-0b95-4a81-889f-20eec8fbcee4,KXCANADAPM-45-C,2025-04-29T02:12:12.644192Z,30.00,0.0100,0.9900,no
a1d5dc46-d760-420b-91e0-c96ba903efc9,KXCANADAPM-45-C,2025-04-29T02:12:12.644192Z,100.00,0.0100,0.9900,no
929223b0-cfbc-4cb5-bf5c-e47c60767ff0,KXCANADAPM-45-C,2025-04-29T02:12:12.644192Z,100.00,0.0100,0.9900,no
899f04b0-d4dc-4038-b167-c819477ae30c,KXCANADAPM-45-C,2025-04-29T02:12:12.644192Z,367.00,0.0100,0.9900,no
20a739c8-acd5-4097-bd32-010de01e990d,KXCANADAPM-45-C,2025-04-29T02:12:12.644192Z,43866.00,0.0100,0.9900,no
510b8e29-5afd-4936-b730-93f4788485b7,KXCANADAPM-45-C,2025-04-29T02:12:10.54707Z,812.00,0.0100,0.9900,no
cb7a3b6e-60a2-418b-8a37-a5f1974239aa,KXCANADAPM-45-C,2025-04-29T02:12:09.746882Z,123.00,0.0100,0.9900,no
1d3b119e-4b95-4056-a9f6-057c4fe742f4,KXCANADAPM-45-C,2025-04-29T02:12:08.345715Z,1.00,0.0200,0.9800,yes
9d14f32d-eaca-4f61-bdbb-00bf98451586,KXCANADAPM-45-C,2025-04-29T02:12:02.231971Z,200.00,0.0200,0.9800,no
c3e7f4c5-f514-4566-a6fe-35a311d5939a,KXCANADAPM-45-C,2025-04-29T02:12:02.052437Z,43000.00,0.0200,0.9800,no
dfc6368c-9faa-4de8-8b83-04e5b29e7e8f,KXCANADAPM-45-C,2025-04-29T02:11:56.077995Z,3472.00,0.0300,0.9700,yes
6184970e-4174-4633-bcb8-4d9bb4c591d4,KXCANADAPM-45-C,2025-04-29T02:11:56.077995Z,4.00,0.0200,0.9800,yes
09c0fa94-5b53-4769-8af7-97cdeed7702b,KXCANADAPM-45-C,2025-04-29T02:11:56.077995Z,24.00,0.0200,0.9800,yes
d8a34663-61dd-4097-ae90-b90501b0b566,KXCANADAPM-45-C,2025-04-29T02:11:55.428446Z,199.00,0.0100,0.9900,no
37c001cf-3d05-44e4-bd09-405a84cd1192,KXCANADAPM-45-C,2025-04-29T02:11:55.428446Z,1.00,0.0100,0.9900,no
2ca439bf-c4c4-4c0f-9f88-1fbfb92330c0,KXCANADAPM-45-C,2025-04-29T02:11:55.428446Z,100.00,0.0100,0.9900,no
72ec41f0-7959-4875-a5a5-8be8ea879ab2,KXCANADAPM-45-C,2025-04-29T02:11:54.193354Z,24.00,0.0200,0.9800,no
5bc2f60c-bbac-4445-85eb-cb24d8fcc6cb,KXCANADAPM-45-C,2025-04-29T02:11:54.193354Z,88458.00,0.0200,0.9800,no
7a791981-20b3-44a0-90be-af124974f1ef,KXCANADAPM-45-C,2025-04-29T02:11:48.228448Z,905.00,0.0300,0.9700,yes
a4ff82aa-2ab9-4485-9167-066a96f0e630,KXCANADAPM-45-C,2025-04-29T02:11:47.430982Z,400.00,0.0200,0.9800,no
f0e2f7ef-4c91-4bcb-a930-148afdfc7500,KXCANADAPM-45-C,2025-04-29T02:11:45.620738Z,666.00,0.0300,0.9700,yes
f2661025-40ea-4d61-99f9-f304c6034c78,KXCANADAPM-45-C,2025-04-29T02:11:44.180897Z,48.00,0.0200,0.9800,no
7547ce2e-7ddc-4d1a-a966-fe303113b9a8,KXCANADAPM-45-C,2025-04-29T02:11:43.111606Z,14.00,0.0200,0.9800,no
5c6f06cb-5805-41f0-b32c-84a4e57e3ec1,KXCANADAPM-45-C,2025-04-29T02:11:43.111606Z,7968.00,0.0200,0.9800,no
4657e7c2-4324-4106-acfc-e010502adf4b,KXCANADAPM-45-C,2025-04-29T02:11:43.111606Z,11094.00,0.0200,0.9800,no
abc98e98-b285-4ef7-bf10-6213ffcd5b6b,KXCANADAPM-45-C,2025-04-29T02:11:42.79177Z,15.00,0.0300,0.9700,yes
9742e2f2-5b21-4e40-8428-77eba765978b,KXCANADAPM-45-C,2025-04-29T02:11:40.170935Z,1107.00,0.0200,0.9800,no
8d5154e8-9b8e-47f7-92db-1e9953f830bc,KXCANADAPM-45-C,2025-04-29T02:11:38.964715Z,200.00,0.0200,0.9800,no
30711ca6-85c9-4c9b-b67a-5d8504344462,KXCANADAPM-45-C,2025-04-29T02:11:34.628551Z,113.00,0.0200,0.9800,no
9dfc7692-bcde-4cf6-a806-206a9c701207,KXCANADAPM-45-C,2025-04-29T02:11:34.108841Z,476.00,0.0200,0.9800,no
6fd52ce8-d6dc-47c5-806f-36878921c137,KXCANADAPM-45-C,2025-04-29T02:11:33.337134Z,1.00,0.0300,0.9700,yes
5a6db9bf-aab1-4416-9249-f524ebebb5fa,KXCANADAPM-45-C,2025-04-29T02:11:32.305784Z,86.00,0.0200,0.9800,no
8e00ccae-a6fc-4370-9d15-b4da9a60a873,KXCANADAPM-45-C,2025-04-29T02:11:30.093964Z,50.00,0.0200,0.9800,no
0ccd8c62-1cc8-4e9b-afa1-37a741126c4d,KXCANADAPM-45-C,2025-04-29T02:11:28.785425Z,7418.00,0.0300,0.9700,no
70059c50-4826-4039-a86c-c47c8325b87c,KXCANADAPM-45-C,2025-04-29T02:11:28.360259Z,14.00,0.0300,0.9700,no
3c332b69-2713-45a3-bfa5-0af371e09740,KXCANADAPM-45-C,2025-04-29T02:11:27.407334Z,432.00,0.0300,0.9700,no
368fbda7-91e7-43eb-a5ce-1755521abdf4,KXCANADAPM-45-C,2025-04-29T02:11:27.407334Z,7568.00,0.0300,0.9700,no
86778d7d-1217-468c-9600-5e89a0b27f51,KXCANADAPM-45-C,2025-04-29T02:11:23.25105Z,68.00,0.0300,0.9700,no
412e1599-9a21-4571-9186-3d6ef4fee982,KXCANADAPM-45-C,2025-04-29T02:11:23.25105Z,580.00,0.0300,0.9700,no
a71dc45c-96a0-4d82-b7bb-deca615427f8,KXCANADAPM-45-C,2025-04-29T02:11:22.384641Z,180.00,0.0300,0.9700,no
556d97a2-49ce-4959-92f6-6bd38dc9e12d,KXCANADAPM-45-C,2025-04-29T02:11:22.384641Z,120.00,0.0300,0.9700,no
2bdbaf8c-5da7-4bf7-8865-2165759e57a0,KXCANADAPM-45-C,2025-04-29T02:11:17.305459Z,1.00,0.0400,0.9600,yes
fc59896c-56e2-4d55-baa1-4809c95ebed9,KXCANADAPM-45-C,2025-04-29T02:11:13.41109Z,20.00,0.0300,0.9700,no
a9d5b6af-d4be-4140-8ad4-22dbbc5756c3,KXCANADAPM-45-C,2025-04-29T02:11:13.41109Z,20.00,0.0300,0.9700,no
7b495285-1317-4d24-98f0-384ddfe8a6ca,KXCANADAPM-45-C,2025-04-29T02:10:43.98911Z,345.00,0.0300,0.9700,no
2ab7c507-7fea-4278-93c8-68135396dcd2,KXCANADAPM-45-C,2025-04-29T02:10:43.973519Z,9.00,0.0300,0.9700,no
52f95d0b-2ebd-4a6e-b0a8-60d4e0b1ab05,KXCANADAPM-45-C,2025-04-29T02:10:27.905103Z,72.00,0.0300,0.9700,no
ed2686c4-bb21-4ebf-bb78-5c311aec133d,KXCANADAPM-45-C,2025-04-29T02:10:22.444402Z,1000.00,0.0300,0.9700,no
903bb33e-cd5f-43df-bb94-d7d4568f5dc3,KXCANADAPM-45-C,2025-04-29T02:10:22.444402Z,15050.00,0.0300,0.9700,no
83b5da8a-92d4-476a-bf86-312435ed050f,KXCANADAPM-45-C,2025-04-29T02:10:22.444402Z,3000.00,0.0300,0.9700,no
026dbf8d-ff97-4bdb-8dc7-a54d7e888e09,KXCANADAPM-45-C,2025-04-29T02:10:22.444402Z,100.00,0.0300,0.9700,no
5f54747b-14a4-4d36-a785-bc521299274d,KXCANADAPM-45-C,2025-04-29T02:10:21.047122Z,850.00,0.0400,0.9600,yes
aba1a9fa-fdc0-4cb6-bb0d-3e218318c70d,KXCANADAPM-45-C,2025-04-29T02:10:06.86615Z,30712.00,0.0400,0.9600,no
14788b96-85e4-4d29-a66b-49f65cf2faf4,KXCANADAPM-45-C,2025-04-29T02:10:03.283348Z,18.00,0.0500,0.9500,yes
4f6b0a7e-073c-47c0-9d74-d3a61eede7ac,KXCANADAPM-45-C,2025-04-29T02:09:50.058002Z,100.00,0.0400,0.9600,no
45bba570-0c58-48dc-ab62-fc70c1f1177c,KXCANADAPM-45-C,2025-04-29T02:09:49.321107Z,300.00,0.0400,0.9600,no
ef9e55c8-6705-4955-9c7c-f3a8f01b1f4a,KXCANADAPM-45-C,2025-04-29T02:09:48.568765Z,300.00,0.0400,0.9600,no
e0cd2192-3bd1-4601-911a-0e1768b60000,KXCANADAPM-45-C,2025-04-29T02:09:48.015975Z,250.00,0.0400,0.9600,no
96cd7c8f-7ba3-4fb8-bc42-76192b3ec1ec,KXCANADAPM-45-C,2025-04-29T02:09:47.378752Z,300.00,0.0400,0.9600,no
5a3b1f5d-8ca9-41eb-b233-799ffe0f360f,KXCANADAPM-45-C,2025-04-29T02:09:37.84427Z,38.00,0.0400,0.9600,no
f24dd69b-7cfe-4599-a816-db8fc8cdbef8,KXCANADAPM-45-C,2025-04-29T02:09:34.870599Z,3.00,0.0500,0.9500,yes
8b3393ed-aedd-4ec7-a1c6-1204adee894e,KXCANADAPM-45-C,2025-04-29T02:09:33.353798Z,187.00,0.0500,0.9500,yes
d0fa1b00-b820-4895-8540-9e384cb5717e,KXCANADAPM-45-C,2025-04-29T02:09:26.597026Z,2.00,0.0500,0.9500,yes
81e4eca5-d2e1-4576-9c10-f577bbdfef3f,KXCANADAPM-45-C,2025-04-29T02:09:25.733178Z,1789.00,0.0400,0.9600,no
572017e5-a5e6-4adf-8bf1-7afcecb66ae8,KXCANADAPM-45-C,2025-04-29T02:09:11.945185Z,10000.00,0.0400,0.9600,no
529246d9-c470-4e34-81d9-ce45c9b1b56b,KXCANADAPM-45-C,2025-04-29T02:09:09.65171Z,1270.00,0.0400,0.9600,no
65c96f40-366a-4aab-8149-ca8349f7d698,KXCANADAPM-45-C,2025-04-29T02:09:06.890868Z,109.00,0.0400,0.9600,no
fd004f07-4a82-494b-aa41-66022a61ff1d,KXCANADAPM-45-C,2025-04-29T02:08:57.008722Z,36.00,0.0400,0.9600,no
afe40dea-430a-4a42-9e8b-14f90f4e8a25,KXCANADAPM-45-C,2025-04-29T02:08:57.008722Z,36.00,0.0400,0.9600,no
7c057dc4-a0a9-4737-9ea7-e5ae2fdb38ef,KXCANADAPM-45-C,2025-04-29T02:08:57.008722Z,1832.00,0.0400,0.9600,no
15eca852-3f5f-4926-8063-b7cc3f392e7a,KXCANADAPM-45-C,2025-04-29T02:08:57.008722Z,11550.00,0.0400,0.9600,no
b28e487f-46e2-4989-9236-c241b25db6e8,KXCANADAPM-45-C,2025-04-29T02:08:49.644675Z,450.00,0.0400,0.9600,no
f14bb90c-0247-4e9d-ab74-45b23d80f5ac,KXCANADAPM-45-C,2025-04-29T02:08:40.87373Z,53.00,0.0400,0.9600,no
52036c49-0a8e-4307-b4e8-180353483f5e,KXCANADAPM-45-C,2025-04-29T02:08:34.681322Z,38.00,0.0400,0.9600,no
3ec52f03-0c28-48a6-8faa-eaed3dcd3b76,KXCANADAPM-45-C,2025-04-29T02:08:31.172173Z,751.00,0.0500,0.9500,no
129ec7f5-b951-4b31-9d1a-7ef722ba8bf7,KXCANADAPM-45-C,2025-04-29T02:08:31.172173Z,1.00,0.0500,0.9500,no
d24c1e37-6ca0-49b6-901c-314503de7f22,KXCANADAPM-45-C,2025-04-29T02:08:29.660228Z,242.00,0.0500,0.9500,no
75ca6528-1692-4ae2-a2e8-b0faf26502ff,KXCANADAPM-45-C,2025-04-29T02:08:27.262656Z,70.00,0.0500,0.9500,no
7dde6a6e-04a3-42b6-9ab7-36e8d5d9503b,KXCANADAPM-45-C,2025-04-29T02:08:26.297773Z,6648.00,0.0500,0.9500,no
837b24b2-5d62-4db2-a17a-2b40874c1d5e,KXCANADAPM-45-C,2025-04-29T02:08:21.304384Z,151.00,0.0500,0.9500,no
82883b57-4a12-4f81-9c98-34dd34370957,KXCANADAPM-45-C,2025-04-29T02:08:17.911881Z,26.00,0.0500,0.9500,no
f1da8d5e-169b-4a57-87be-d33f4b8528e1,KXCANADAPM-45-C,2025-04-29T02:08:03.503769Z,299.00,0.0600,0.9400,yes
9121c9b8-7d20-44b4-ac4e-d860a3903461,KXCANADAPM-45-C,2025-04-29T02:07:58.325771Z,20.00,0.0500,0.9500,no
be67824c-b36e-4414-b4fa-2bd17f4e6fe7,KXCANADAPM-45-C,2025-04-29T02:07:56.441278Z,155.00,0.0600,0.9400,yes
7f5db630-b465-4c3b-9ba2-bf1e0911e5b0,KXCANADAPM-45-C,2025-04-29T02:07:53.863828Z,1714.00,0.0500,0.9500,no
fd09bccb-f1ba-4f79-be05-cd2cd3876401,KXCANADAPM-45-C,2025-04-29T02:07:45.174892Z,5657.00,0.0500,0.9500,no
e9b167c5-457b-485a-9c1f-5380bc283cfb,KXCANADAPM-45-C,2025-04-29T02:07:45.174892Z,4343.00,0.0500,0.9500,no
a1df6f40-53f5-4c07-a32c-b64d0bb89ca0,KXCANADAPM-45-C,2025-04-29T02:07:41.629757Z,70.00,0.0500,0.9500,no
f2c0ac42-b8cb-4e9a-ba26-835d15c8ae3f,KXCANADAPM-45-C,2025-04-29T02:07:37.744559Z,201.00,0.0700,0.9300,yes
0149bcce-2ab4-4e13-baa5-51484e6f2e21,KXCANADAPM-45-C,2025-04-29T02:07:34.393251Z,475.00,0.0600,0.9400,no
8477a24a-031b-43dd-8ba4-426816c93cc7,KXCANADAPM-45-C,2025-04-29T02:07:27.271568Z,26.00,0.0700,0.9300,yes
da0def27-25c7-4013-b3d6-2571f06c9c36,KXCANADAPM-45-C,2025-04-29T02:07:23.143515Z,9525.00,0.0600,0.9400,no
05ef019b-276b-420c-9686-64c3ac0dfef8,KXCANADAPM-45-C,2025-04-29T02:07:23.143515Z,475.00,0.0600,0.9400,no
00a0ee1f-989f-4ea3-9c61-8fc0dc716a21,KXCANADAPM-45-C,2025-04-29T02:07:22.500737Z,20.00,0.0600,0.9400,no
d3e7785d-3248-4c6f-92db-fc4545154d95,KXCANADAPM-45-C,2025-04-29T02:07:15.650326Z,5.00,0.0600,0.9400,no
f9c81cf9-d9a3-45e8-a840-c0c42ed52e51,KXCANADAPM-45-C,2025-04-29T02:07:09.141602Z,134.00,0.0700,0.9300,yes
e54feac9-a768-40ec-ac77-501d9393006b,KXCANADAPM-45-C,2025-04-29T02:07:07.185584Z,200.00,0.0700,0.9300,yes
e488534c-9a87-41b7-8e1f-c65fcf135a45,KXCANADAPM-45-C,2025-04-29T02:06:46.940354Z,1210.00,0.0700,0.9300,yes
c08147fe-bdd4-4c8f-8a5d-e801d045eae4,KXCANADAPM-45-C,2025-04-29T02:06:46.940354Z,500.00,0.0600,0.9400,yes
80fed557-52ca-46df-a6e9-38840fa0bd8e,KXCANADAPM-45-C,2025-04-29T02:06:46.940354Z,100.00,0.0600,0.9400,yes
73a4a476-d353-4637-9bb3-6c1a70e6f34c,KXCANADAPM-45-C,2025-04-29T02:06:46.940354Z,4.00,0.0600,0.9400,yes
6155b819-45b8-43ae-8c18-642fd95a7359,KXCANADAPM-45-C,2025-04-29T02:06:46.940354Z,39.00,0.0600,0.9400,yes
3ee459de-fcbd-40ad-99e2-a9b1d00b8e0f,KXCANADAPM-45-C,2025-04-29T02:06:46.940354Z,494.00,0.0600,0.9400,yes
396895cd-9748-4d4e-8d09-7c6ea071c411,KXCANADAPM-45-C,2025-04-29T02:06:46.940354Z,500.00,0.0600,0.9400,yes
9b26e2a5-9b7b-4d61-a357-da07f8a15dcd,KXCANADAPM-45-C,2025-04-29T02:06:44.889136Z,500.00,0.0600,0.9400,yes
4290dd6f-0bb0-4261-8506-28f017a6da12,KXCANADAPM-45-C,2025-04-29T02:06:41.9379Z,4.00,0.0500,0.9500,no
e700e519-81c8-49cb-81ad-b96ed070f308,KXCANADAPM-45-C,2025-04-29T02:06:24.920718Z,5.00,0.0500,0.9500,no
f893f140-c1a8-40b9-acbc-6240bf25e73a,KXCANADAPM-45-C,2025-04-29T02:06:24.700088Z,156.00,0.0600,0.9400,yes
29577666-21bb-46c9-b1f9-44a5c8b8103a,KXCANADAPM-45-C,2025-04-29T02:06:23.668928Z,21.00,0.0500,0.9500,no
4763bad2-8dd2-4a41-99df-4805b75acfda,KXCANADAPM-45-C,2025-04-29T02:06:11.766149Z,625.00,0.0600,0.9400,yes
13f6f5e5-8944-4d82-8fbb-97c16cb94512,KXCANADAPM-45-C,2025-04-29T02:06:11.406073Z,4246.00,0.0500,0.9500,no
c421db7d-d57e-4c1b-80f6-63f8a5c9f77f,KXCANADAPM-45-C,2025-04-29T02:05:47.903906Z,390.00,0.0600,0.9400,yes
fcfe1891-e3b8-489e-af8c-7f79e1a063ff,KXCANADAPM-45-C,2025-04-29T02:05:39.007721Z,2.00,0.0600,0.9400,yes
f30f89c1-d9d7-48a1-9a19-fd32825f6ffc,KXCANADAPM-45-C,2025-04-29T02:05:37.98219Z,18.00,0.0600,0.9400,yes
0c3e8d1b-b8d3-4699-ad12-addda372aa7a,KXCANADAPM-45-C,2025-04-29T02:05:27.425696Z,21.00,0.0500,0.9500,no
d6c16882-88cf-46d5-af3c-5c7b26cbd6bc,KXCANADAPM-45-C,2025-04-29T02:05:20.616358Z,290.00,0.0500,0.9500,no
2e93ec4b-68f3-4838-92b3-2f24ad8307f1,KXCANADAPM-45-C,2025-04-29T02:05:20.616358Z,1000.00,0.0500,0.9500,no
b5d6c552-d533-47dc-8daf-26540f8de870,KXCANADAPM-45-C,2025-04-29T02:05:10.037434Z,10.00,0.0600,0.9400,yes
1b81c3f4-b83d-4f09-983f-79402fe08a4d,KXCANADAPM-45-C,2025-04-29T02:05:08.617799Z,25.00,0.0600,0.9400,yes
8403aaaf-079b-44ee-96b6-7a6cb3c8b29e,KXCANADAPM-45-C,2025-04-29T02:05:02.405352Z,1.00,0.0600,0.9400,yes
61cbcfa9-86ce-473c-966c-599c14a2e859,KXCANADAPM-45-C,2025-04-29T02:05:02.405352Z,780.00,0.0600,0.9400,yes
e0cb6c63-ab91-4121-840b-d20ba3bd82e5,KXCANADAPM-45-C,2025-04-29T02:04:51.761008Z,24.00,0.0500,0.9500,no
bbaded88-d88b-44a9-b297-83a6b6e9e17c,KXCANADAPM-45-C,2025-04-29T02:04:35.459048Z,429.00,0.0600,0.9400,yes
833a1c43-b9fb-4570-bf32-4c0785b25f8a,KXCANADAPM-45-C,2025-04-29T02:04:35.459048Z,100.00,0.0600,0.9400,yes
31b3c593-57c1-429c-bece-d3f85242fd3f,KXCANADAPM-45-C,2025-04-29T02:04:35.459048Z,46.00,0.0700,0.9300,yes
127963de-dc55-4f30-b51f-07303aa7f382,KXCANADAPM-45-C,2025-04-29T02:04:35.459048Z,12.00,0.0600,0.9400,yes
e5c8ad41-da5c-4b3f-9d9a-797ffcc544a9,KXCANADAPM-45-C,2025-04-29T02:04:28.386887Z,20.00,0.0500,0.9500,no
e7f9a220-e14a-40ca-8241-1a732db68e9c,KXCANADAPM-45-C,2025-04-29T02:04:19.772168Z,61.00,0.0500,0.9500,no
e02f0872-1c64-4512-a3ed-5f621740aceb,KXCANADAPM-45-C,2025-04-29T02:04:19.772168Z,28.00,0.0500,0.9500,no
c081f52e-664b-4a76-8c01-68de1aea5669,KXCANADAPM-45-C,2025-04-29T02:04:19.772168Z,399.00,0.0600,0.9400,no
28a0fc01-1bf7-46b0-a1c1-89e87143155a,KXCANADAPM-45-C,2025-04-29T02:04:08.34065Z,58.00,0.0800,0.9200,yes
76e27436-e590-493e-a2be-a0abc8e1ff71,KXCANADAPM-45-C,2025-04-29T02:03:58.304433Z,100.00,0.0700,0.9300,yes
5fcef819-0e30-430c-be6e-9ea6872777ba,KXCANADAPM-45-C,2025-04-29T02:03:58.304433Z,1.00,0.0700,0.9300,yes
1388f325-a478-41ca-b5dd-78475e31412c,KXCANADAPM-45-C,2025-04-29T02:03:58.304433Z,880.00,0.0700,0.9300,yes
1e80dcbb-216f-48c3-9ba3-1e1c1145b90e,KXCANADAPM-45-C,2025-04-29T02:03:50.645167Z,175.00,0.0700,0.9300,yes
1a565567-af8e-432d-9f2a-119eb6b40c4d,KXCANADAPM-45-C,2025-04-29T02:03:50.645167Z,120.00,0.0700,0.9300,yes
fbda978a-593d-4486-b991-e06c93ecd804,KXCANADAPM-45-C,2025-04-29T02:03:46.44323Z,1.00,0.0600,0.9400,yes
bde09269-df3d-4c0a-8623-5a9cf9574964,KXCANADAPM-45-C,2025-04-29T02:03:46.44323Z,1000.00,0.0600,0.9400,yes
03bfc6b4-e273-4f76-b9d8-a784f757ee43,KXCANADAPM-45-C,2025-04-29T02:03:46.44323Z,100.00,0.0600,0.9400,yes
f03aef40-f230-4443-9dec-e35cd2f1a06e,KXCANADAPM-45-C,2025-04-29T02:03:37.998868Z,42.00,0.0500,0.9500,no
38fa580f-5b19-4bc3-81c4-2487dd21b7c9,KXCANADAPM-45-C,2025-04-29T02:03:37.998868Z,8.00,0.0500,0.9500,no
5f90765d-b6a5-4c75-aae8-bc37acaa8664,KXCANADAPM-45-C,2025-04-29T02:03:32.781936Z,9958.00,0.0500,0.9500,no
57ebd444-8194-4c9d-9cd0-2dcf77a756fa,KXCANADAPM-45-C,2025-04-29T02:03:32.781936Z,104.00,0.0500,0.9500,no
20cd522d-6fb0-48bd-8fcf-c633e5330113,KXCANADAPM-45-C,2025-04-29T02:03:32.781936Z,1.00,0.0500,0.9500,no
11c1ac73-0392-4455-aa48-470408ca2775,KXCANADAPM-45-C,2025-04-29T02:03:32.781936Z,3000.00,0.0500,0.9500,no
13daf522-beb1-4dd4-aa78-6b324d7f22e9,KXCANADAPM-45-C,2025-04-29T02:03:29.411269Z,2.00,0.0500,0.9500,no
3d276142-6050-43d0-947f-7a7eb5f042d0,KXCANADAPM-45-C,2025-04-29T02:03:24.788176Z,100.00,0.0500,0.9500,no
4564bb48-a59c-4697-8422-74782f7b492c,KXCANADAPM-45-C,2025-04-29T02:03:13.119261Z,234.00,0.0600,0.9400,yes
e940c2cf-eb7c-4d03-b0f7-541c03f2be26,KXCANADAPM-45-C,2025-04-29T02:03:02.75843Z,747.00,0.0600,0.9400,no
28f07490-b602-4c66-b14d-388e7b5c70f4,KXCANADAPM-45-C,2025-04-29T02:02:55.41563Z,69.00,0.0700,0.9300,yes
f30d901c-5f57-42ca-b9a3-8d74046c2755,KXCANADAPM-45-C,2025-04-29T02:02:53.811841Z,437.00,0.0600,0.9400,no
2a6d3f51-77ff-451e-a777-4b7d052477b5,KXCANADAPM-45-C,2025-04-29T02:02:50.024235Z,50.00,0.0600,0.9400,no
73efe532-717b-4441-9e10-3e826621e156,KXCANADAPM-45-C,2025-04-29T02:02:36.14454Z,268.00,0.0700,0.9300,yes
c329fc12-7126-48f6-95ef-7398bb64ac40,KXCANADAPM-45-C,2025-04-29T02:02:35.768656Z,4698.00,0.0600,0.9400,no
264714fc-cff6-4860-8735-f5220a4e21b0,KXCANADAPM-45-C,2025-04-29T02:02:35.768656Z,36.00,0.0600,0.9400,no
019b2b7c-6132-498e-8f3c-9e6efec1dae1,KXCANADAPM-45-C,2025-04-29T02:02:35.768656Z,266.00,0.0600,0.9400,no
51a4a752-7f48-4449-81b0-2340b732c812,KXCANADAPM-45-C,2025-04-29T02:02:33.647827Z,900.00,0.0600,0.9400,no
1ba86946-744d-4814-92b2-858dd19956de,KXCANADAPM-45-C,2025-04-29T02:02:30.944324Z,2.00,0.0600,0.9400,no
8996db3f-c85c-467a-a399-1130acfb08df,KXCANADAPM-45-C,2025-04-29T02:02:24.739658Z,11.00,0.0700,0.9300,yes
380f16da-edf7-4e30-a6d3-32986d2f626f,KXCANADAPM-45-C,2025-04-29T02:02:24.085932Z,402.00,0.0700,0.9300,yes
5f3d58ba-e2bc-42fb-a655-8e9a35be235d,KXCANADAPM-45-C,2025-04-29T02:02:18.976276Z,400.00,0.0600,0.9400,no
db952366-df6e-4ac8-8aac-8ac591f485d9,KXCANADAPM-45-C,2025-04-29T02:02:08.485517Z,75.00,0.0700,0.9300,yes
ba654ddf-f15c-4a9e-9382-0a3226f76c94,KXCANADAPM-45-C,2025-04-29T02:02:04.990565Z,1000.00,0.0600,0.9400,no
fea7c919-d992-4cdc-893d-b719286b8385,KXCANADAPM-45-C,2025-04-29T02:02:04.6237Z,494.00,0.0700,0.9300,no
fc0f8f50-8ea7-4f1c-a618-d71db2dd492d,KXCANADAPM-45-C,2025-04-29T02:02:04.6237Z,36.00,0.0700,0.9300,no
b322a18a-ba94-41bf-8b0e-50eb83ddb15e,KXCANADAPM-45-C,2025-04-29T02:02:04.379277Z,1000.00,0.0700,0.9300,no
fdda71d4-1f49-4a02-bbbf-9fe69a10a7d6,KXCANADAPM-45-C,2025-04-29T02:02:03.112896Z,587.00,0.0800,0.9200,yes
3dfbc78f-2597-4210-be04-63707c6f843d,KXCANADAPM-45-C,2025-04-29T02:01:53.195429Z,24.00,0.0900,0.9100,yes
ff1799b4-7d6a-44b8-9345-0411477d7b6f,KXCANADAPM-45-C,2025-04-29T02:01:52.030145Z,6.00,0.0700,0.9300,no
9eae91bc-b6ee-4a08-af79-782e0b18b1f7,KXCANADAPM-45-C,2025-04-29T02:01:51.45041Z,104.00,0.0900,0.9100,yes
9ccf2f46-fab5-4865-beee-2f67fcd4c987,KXCANADAPM-45-C,2025-04-29T02:01:39.079656Z,306.00,0.0700,0.9300,no
e73724c5-9039-4f80-b6b2-4cf289f48a66,KXCANADAPM-45-C,2025-04-29T02:01:36.571843Z,1.00,0.0800,0.9200,yes
a7bcc107-9443-4162-a05f-7bcef2200b95,KXCANADAPM-45-C,2025-04-29T02:01:36.571843Z,306.00,0.0800,0.9200,yes
8c742519-aee1-45fb-bcc7-f2925fb8b4a3,KXCANADAPM-45-C,2025-04-29T02:01:36.571843Z,100.00,0.0800,0.9200,yes
0ebd0580-d8dd-4df8-a1a1-9bfb402af105,KXCANADAPM-45-C,2025-04-29T02:01:36.571843Z,139.00,0.0900,0.9100,yes
a1ed5a58-f343-4efb-acce-9341e6394f5a,KXCANADAPM-45-C,2025-04-29T02:01:28.671963Z,1000.00,0.0700,0.9300,no
43904b34-31db-4ce6-b808-060bbf915f78,KXCANADAPM-45-C,2025-04-29T02:01:28.323325Z,5.00,0.0800,0.9200,yes
2aacb941-92f9-4c8b-b922-ac149cd935cf,KXCANADAPM-45-C,2025-04-29T02:01:28.323325Z,194.00,0.0800,0.9200,yes
06c36f6e-3510-4051-90df-0715baf3f240,KXCANADAPM-45-C,2025-04-29T02:01:27.734011Z,1000.00,0.0700,0.9300,no
8a14f29d-b3a4-4d2a-9003-5a37f98d6f92,KXCANADAPM-45-C,2025-04-29T02:01:17.608868Z,5.00,0.0800,0.9200,no
d0cf8068-c92a-4409-845f-ccac0bbfd787,KXCANADAPM-45-C,2025-04-29T02:00:56.409678Z,128.00,0.0800,0.9200,no
93f804d5-2fde-49ba-a257-f5d28d61cf93,KXCANADAPM-45-C,2025-04-29T02:00:56.409678Z,495.00,0.0800,0.9200,no
17df572c-ec2c-4e7d-afcb-aa89266f0cb1,KXCANADAPM-45-C,2025-04-29T02:00:48.145698Z,5.00,0.0800,0.9200,no
3bbb4624-11aa-4743-a628-ff9e85727384,KXCANADAPM-45-C,2025-04-29T02:00:40.465278Z,24.00,0.0800,0.9200,no
cee6bbca-86a3-4ca6-a4c6-437f3127d3aa,KXCANADAPM-45-C,2025-04-29T02:00:37.486198Z,1371.00,0.0800,0.9200,yes
aa5d60e6-1d0f-4b04-9d5c-d91a982ab100,KXCANADAPM-45-C,2025-04-29T02:00:37.486198Z,3372.00,0.0800,0.9200,yes
17d9a018-d04d-4b8e-b5fd-9065f369925c,KXCANADAPM-45-C,2025-04-29T02:00:37.486198Z,100.00,0.0800,0.9200,yes
fc1938c5-5569-4872-b8fb-8749410b8a28,KXCANADAPM-45-C,2025-04-29T02:00:23.469965Z,94.00,0.0700,0.9300,no
745d0a72-1665-4718-a54b-cd2d2b94f9db,KXCANADAPM-45-C,2025-04-29T02:00:18.414626Z,1.00,0.0800,0.9200,yes
4f5358b5-ab17-49ef-b530-1bda8bfa2961,KXCANADAPM-45-C,2025-04-29T02:00:12.609537Z,100.00,0.0700,0.9300,no
f26f1442-fbcb-4095-bd2d-546556d8880b,KXCANADAPM-45-C,2025-04-29T02:00:01.646777Z,10.00,0.0800,0.9200,no
89cc195a-0528-4b20-85b6-e6482d9259fc,KXCANADAPM-45-C,2025-04-29T02:00:01.646777Z,600.00,0.0900,0.9100,no
11db966a-38f9-443b-b1da-18febe727be9,KXCANADAPM-45-C,2025-04-29T02:00:01.646777Z,1017.00,0.0800,0.9200,no
536c7195-c0ab-4009-a09f-c01aea500515,KXCANADAPM-45-C,2025-04-29T02:00:01.295002Z,1000.00,0.0800,0.9200,no
7214cfda-a24c-4e1a-983e-9d1c771ed1a4,KXCANADAPM-45-C,2025-04-29T02:00:01.135732Z,883.00,0.0800,0.9200,no
f800a2c8-09f2-4530-9da7-6b30b00c18d5,KXCANADAPM-45-C,2025-04-29T02:00:00.660975Z,1000.00,0.0800,0.9200,no
245d753d-ef98-4a81-bf26-8c1237952f64,KXCANADAPM-45-C,2025-04-29T02:00:00.051645Z,1000.00,0.0800,0.9200,no
60bb4b29-98cf-4863-9b4b-4a24f66163c5,KXCANADAPM-45-C,2025-04-29T01:59:59.31181Z,600.00,0.0800,0.9200,no
51c88b06-1d27-4a1c-b3fc-8932771b5a83,KXCANADAPM-45-C,2025-04-29T01:59:59.31181Z,100.00,0.0800,0.9200,no
511ee9a5-ca8f-4a58-98c8-da363d860888,KXCANADAPM-45-C,2025-04-29T01:59:59.31181Z,300.00,0.0800,0.9200,no
d7374bf0-d879-4d00-9919-566a1d2e66a6,KXCANADAPM-45-C,2025-04-29T01:59:58.401767Z,500.00,0.0800,0.9200,no
3875a138-ee5f-42c1-a476-30e56b243062,KXCANADAPM-45-C,2025-04-29T01:59:58.401767Z,100.00,0.0800,0.9200,no
07c20d3b-7985-448a-8e29-4bfd33916381,KXCANADAPM-45-C,2025-04-29T01:59:58.401767Z,400.00,0.0800,0.9200,no
7e61f4a0-8f44-4535-a166-8b936a1bb37c,KXCANADAPM-45-C,2025-04-29T01:59:57.825424Z,36.00,0.0900,0.9100,no
1e84d082-9a4b-44b7-bfb3-2540a8943566,KXCANADAPM-45-C,2025-04-29T01:59:57.825424Z,34.00,0.0900,0.9100,no
e92e0b9d-5010-454c-bf97-2c90c7c49fff,KXCANADAPM-45-C,2025-04-29T01:59:38.189708Z,850.00,0.0900,0.9100,no
c5a00de2-5a2c-46d8-9a4e-12de3adf5482,KXCANADAPM-45-C,2025-04-29T01:59:26.350568Z,50.00,0.1000,0.9000,yes
81729bf7-04da-4b64-be26-9e3d8869120e,KXCANADAPM-45-C,2025-04-29T01:59:22.580745Z,5.00,0.1000,0.9000,yes
59422b4d-cdaa-421b-b0bb-11902730af6b,KXCANADAPM-45-C,2025-04-29T01:59:21.49304Z,1.00,0.0900,0.9100,no
6f2c010c-96c4-4792-ac2f-607ec54fa8c0,KXCANADAPM-45-C,2025-04-29T01:59:04.525006Z,115.00,0.0900,0.9100,no
3cdda14b-f0aa-4784-a571-4abc0ad2c93a,KXCANADAPM-45-C,2025-04-29T01:59:04.525006Z,985.00,0.0900,0.9100,no
97132859-a6b3-43fc-9e6c-58b0e9110545,KXCANADAPM-45-C,2025-04-29T01:59:02.536344Z,1.00,0.0900,0.9100,no
693cc453-1b55-431c-b617-dcd1616d8776,KXCANADAPM-45-C,2025-04-29T01:59:02.536344Z,15.00,0.0900,0.9100,no
fa1a029d-f841-4757-a6b6-9153de49e3be,KXCANADAPM-45-C,2025-04-29T01:58:58.764075Z,20.00,0.0900,0.9100,no
4c4e7144-ef23-411a-8528-3d386142deaa,KXCANADAPM-45-C,2025-04-29T01:58:49.604802Z,50.00,0.1000,0.9000,yes
32d9fc7c-903b-4028-b8ff-4b57d1b17fc7,KXCANADAPM-45-C,2025-04-29T01:58:49.604802Z,100.00,0.1000,0.9000,yes
dcb50a5c-4768-47c6-96c8-d8c58a89d4ca,KXCANADAPM-45-C,2025-04-29T01:58:36.907525Z,11.00,0.0900,0.9100,no
e389cd40-0d48-4835-812c-6e3ffe13986b,KXCANADAPM-45-C,2025-04-29T01:58:26.678582Z,461.00,0.1100,0.8900,yes
a6d8a29d-c418-41f0-b3f1-d338aa67c4c8,KXCANADAPM-45-C,2025-04-29T01:58:26.678582Z,190.00,0.1000,0.9000,yes
45d13f8f-20b0-4d4d-83b7-89dd399da6ad,KXCANADAPM-45-C,2025-04-29T01:58:26.678582Z,161.00,0.1000,0.9000,yes
394521db-551c-4f33-9475-16ba2466f5dd,KXCANADAPM-45-C,2025-04-29T01:58:26.678582Z,53.00,0.1000,0.9000,yes
2676cf5b-2290-480f-ab1f-866c259eaebf,KXCANADAPM-45-C,2025-04-29T01:58:26.678582Z,10.00,0.1000,0.9000,yes
6ba72301-fc9c-41c1-a492-cdf937b0ab5d,KXCANADAPM-45-C,2025-04-29T01:58:20.859222Z,47.00,0.1000,0.9000,yes
98280b1c-2a72-4885-9ccc-ee3a5e681095,KXCANADAPM-45-C,2025-04-29T01:58:02.939352Z,119.00,0.0900,0.9100,no
33b01807-7057-4690-b305-2b6f74f3c615,KXCANADAPM-45-C,2025-04-29T01:58:02.939352Z,31.00,0.0900,0.9100,no
b8c3ddd8-047b-464e-8ade-8918d9fc4266,KXCANADAPM-45-C,2025-04-29T01:57:54.790602Z,80.00,0.0900,0.9100,no
e453665b-9510-41cc-946f-6a9669c07a08,KXCANADAPM-45-C,2025-04-29T01:57:34.521715Z,845.00,0.1000,0.9000,no
7283ffd6-5078-49c6-8227-cf69ae69e781,KXCANADAPM-45-C,2025-04-29T01:57:34.521715Z,225.00,0.1000,0.9000,no
709b9fdf-acf4-4e5a-96bc-3b0cb930500a,KXCANADAPM-45-C,2025-04-29T01:57:32.209258Z,108.00,0.1000,0.9000,no
a6d9e4b0-f36d-4fd5-9b42-c2dc17ee06f0,KXCANADAPM-45-C,2025-04-29T01:57:26.537162Z,47.00,0.1000,0.9000,no
a64df0f3-7af3-4ab5-a2b9-91827e04d2ee,KXCANADAPM-45-C,2025-04-29T01:57:26.537162Z,42.00,0.1000,0.9000,no
f829c115-9dc1-4611-ad35-2d5dda99f764,KXCANADAPM-45-C,2025-04-29T01:57:25.881727Z,36.00,0.1000,0.9000,no
6faaad64-23b0-4fef-bf1a-490b342e4eb7,KXCANADAPM-45-C,2025-04-29T01:57:13.795116Z,100.00,0.1000,0.9000,no
91f8895a-facc-4ba2-b6b6-f9027f7b8882,KXCANADAPM-45-C,2025-04-29T01:57:04.549055Z,256.00,0.1100,0.8900,yes
6cba673b-4c50-42cd-8250-6a9a13be5460,KXCANADAPM-45-C,2025-04-29T01:57:00.56868Z,22.00,0.1000,0.9000,no
1e58f72e-2329-4258-bbbb-91b02a61f2ed,KXCANADAPM-45-C,2025-04-29T01:56:45.981259Z,39.00,0.1200,0.8800,yes
eea8f1c2-679a-4c97-b90c-705761f3cbe7,KXCANADAPM-45-C,2025-04-29T01:56:45.710972Z,33.00,0.1200,0.8800,yes
28b71a97-26d4-463b-9759-82729f915866,KXCANADAPM-45-C,2025-04-29T01:56:43.839259Z,4.00,0.1200,0.8800,yes
ba9d41a9-9810-4e48-bbc4-35ac446d5d37,KXCANADAPM-45-C,2025-04-29T01:56:27.588559Z,395.00,0.1000,0.9000,no
51146d4c-26d9-4995-8b14-aafa92074549,KXCANADAPM-45-C,2025-04-29T01:56:27.588559Z,50.00,0.1000,0.9000,no
ca37f4fb-8b09-4e90-8f01-4980a1afeda9,KXCANADAPM-45-C,2025-04-29T01:56:18.429516Z,1596.00,0.1200,0.8800,no
8cbecc49-592b-457e-8e4b-0a9a46d56933,KXCANADAPM-45-C,2025-04-29T01:56:11.751688Z,1304.00,0.1200,0.8800,no
db30f592-60fd-4cc8-b896-cbf4fc9973ce,KXCANADAPM-45-C,2025-04-29T01:56:05.800836Z,1000.00,0.1200,0.8800,yes
6f1b27ce-230c-4455-8139-2124628eb90a,KXCANADAPM-45-C,2025-04-29T01:56:05.800836Z,100.00,0.1200,0.8800,yes
6034586d-464b-40e7-a1ad-5b21bdd47bb3,KXCANADAPM-45-C,2025-04-29T01:56:05.800836Z,1000.00,0.1200,0.8800,yes
5f6ada60-b82e-43b5-ad79-fa569146cc5f,KXCANADAPM-45-C,2025-04-29T01:56:04.461788Z,4.00,0.1100,0.8900,no
28c960b6-1241-4111-aad8-99526aab70ce,KXCANADAPM-45-C,2025-04-29T01:56:03.540935Z,5.00,0.1100,0.8900,no
8163ba9b-47e7-4a8a-9df6-85a3ea650084,KXCANADAPM-45-C,2025-04-29T01:55:54.429134Z,5.00,0.1100,0.8900,no
18dfcc87-3c47-4154-9129-7a1469cc0faa,KXCANADAPM-45-C,2025-04-29T01:55:46.27833Z,40.00,0.1100,0.8900,no
54f52889-489e-4c42-9c85-fa54d5ca11fa,KXCANADAPM-45-C,2025-04-29T01:55:37.391264Z,64.00,0.1100,0.8900,no
328fe3a7-f040-4a30-8655-51f900e86ed8,KXCANADAPM-45-C,2025-04-29T01:55:34.810788Z,1000.00,0.1100,0.8900,no
aadc2a5c-e15a-46b7-8248-fb091c176f24,KXCANADAPM-45-C,2025-04-29T01:55:30.848673Z,500.00,0.1100,0.8900,no
db5a23d7-3b43-4a24-b3fb-ea9c4fc4fb8b,KXCANADAPM-45-C,2025-04-29T01:55:29.875779Z,80.00,0.1100,0.8900,no
8ed5ecff-88d7-43b1-b39d-29919198c9fe,KXCANADAPM-45-C,2025-04-29T01:55:19.16211Z,257.00,0.1100,0.8900,no
d9b02531-2813-4e3a-986f-325bd859d677,KXCANADAPM-45-C,2025-04-29T01:55:17.441166Z,15.00,0.1100,0.8900,no
4ffcf659-e1f1-49b1-ab7e-9f1f11370f27,KXCANADAPM-45-C,2025-04-29T01:55:17.441166Z,1.00,0.1100,0.8900,no
39b4e694-d850-4d7d-90d0-7c3f8739745d,KXCANADAPM-45-C,2025-04-29T01:55:17.441166Z,1.00,0.1100,0.8900,no
d113bf43-2370-47be-ac20-57c6c849a035,KXCANADAPM-45-C,2025-04-29T01:55:05.847483Z,138.00,0.1300,0.8700,no
8b0287f8-6f41-4507-acef-9b9710c68bfe,KXCANADAPM-45-C,2025-04-29T01:55:05.847483Z,7.00,0.1300,0.8700,no
1cbbda1e-4d8c-410a-9bef-2d2750b668ac,KXCANADAPM-45-C,2025-04-29T01:55:05.847483Z,75.00,0.1300,0.8700,no
c34ae231-078a-4c2b-8187-264de92e885e,KXCANADAPM-45-C,2025-04-29T01:55:02.510082Z,12.00,0.1300,0.8700,no
d29203fc-1841-4e7b-849f-a7911539833b,KXCANADAPM-45-C,2025-04-29T01:54:54.064809Z,92.00,0.1300,0.8700,no
5a98582d-8a7c-4833-b589-e1112e3e922c,KXCANADAPM-45-C,2025-04-29T01:54:44.341197Z,83.00,0.1500,0.8500,yes
2bf53c68-73a5-4fce-910c-736afebe2b8e,KXCANADAPM-45-C,2025-04-29T01:54:43.696552Z,567.00,0.1400,0.8600,no
ab304e38-d5e0-4717-b967-277c76639f73,KXCANADAPM-45-C,2025-04-29T01:54:42.453278Z,40.00,0.1400,0.8600,no
3315f08e-7540-47bc-8757-7890356c2436,KXCANADAPM-45-C,2025-04-29T01:54:26.08034Z,2.00,0.1500,0.8500,yes
dc0a0fd3-200b-468f-9e12-c969a96b9826,KXCANADAPM-45-C,2025-04-29T01:54:23.928863Z,393.00,0.1400,0.8600,no
601b94e0-bc54-4b5c-b59d-62c6ca63d602,KXCANADAPM-45-C,2025-04-29T01:54:23.928863Z,1.00,0.1400,0.8600,no
2ca1a069-7a7b-417d-9b22-03bae33b22c0,KXCANADAPM-45-C,2025-04-29T01:54:23.928863Z,1.00,0.1400,0.8600,no
4fcdb713-4316-4e8e-98e8-ddd367b10c32,KXCANADAPM-45-C,2025-04-29T01:54:14.506979Z,15657.00,0.1500,0.8500,no
f9630b01-f3f3-4c96-b95f-2525d9987099,KXCANADAPM-45-C,2025-04-29T01:54:09.472756Z,2000.00,0.1500,0.8500,no
7ecdc43a-0c3e-4a00-945f-9df034668d4c,KXCANADAPM-45-C,2025-04-29T01:54:06.718438Z,300.00,0.1500,0.8500,no
c7abb40f-452a-48d6-91bf-bae09a797ad0,KXCANADAPM-45-C,2025-04-29T01:54:06.575856Z,296.00,0.1500,0.8500,no
f9130e61-9d62-418b-bb3b-635054262c62,KXCANADAPM-45-C,2025-04-29T01:54:06.205072Z,192.00,0.1500,0.8500,no
dd9a79d3-bbbd-48a6-ab9a-a18cd94581c1,KXCANADAPM-45-C,2025-04-29T01:54:06.205072Z,108.00,0.1600,0.8400,no
ad9e3950-726a-4356-8b0e-4b90ab23b694,KXCANADAPM-45-C,2025-04-29T01:54:05.68361Z,56.00,0.1600,0.8400,no
6e6ef81b-1662-41f9-b832-623f2206326f,KXCANADAPM-45-C,2025-04-29T01:54:05.179586Z,180.00,0.1600,0.8400,no
529abfdf-e8d1-4198-aee6-9dbc85618ac6,KXCANADAPM-45-C,2025-04-29T01:54:05.140461Z,272.00,0.1700,0.8300,yes
a3f1930f-58aa-401b-b8ff-204ea1fc8ebd,KXCANADAPM-45-C,2025-04-29T01:54:04.319465Z,94.00,0.1600,0.8400,no
467c76f3-e4ef-4ff9-8d87-0b1dbb40e904,KXCANADAPM-45-C,2025-04-29T01:54:03.200451Z,300.00,0.1600,0.8400,no
83ade315-a151-4e59-b268-1341fac2aa7b,KXCANADAPM-45-C,2025-04-29T01:54:02.54267Z,1000.00,0.1500,0.8500,no
e7085d6b-7566-4469-b404-26a26ef982d3,KXCANADAPM-45-C,2025-04-29T01:54:02.495657Z,300.00,0.1500,0.8500,no
1f7151e5-01b3-4c95-bd2c-5fa41679087a,KXCANADAPM-45-C,2025-04-29T01:54:02.066169Z,102.00,0.1600,0.8400,no
501e2285-c429-41ae-ae34-71a679436eb4,KXCANADAPM-45-C,2025-04-29T01:54:01.853893Z,1000.00,0.1600,0.8400,no
c984d34f-076c-46b8-81af-ffbcaa7f9d5f,KXCANADAPM-45-C,2025-04-29T01:54:01.61266Z,300.00,0.1600,0.8400,no
c81bd26f-a7e1-4862-a905-4583aede4570,KXCANADAPM-45-C,2025-04-29T01:54:00.923628Z,300.00,0.1600,0.8400,no
e99277b8-58c3-407c-9c3f-f66c3d8898bd,KXCANADAPM-45-C,2025-04-29T01:54:00.028634Z,300.00,0.1600,0.8400,no
77ba0eb3-6081-4d45-a143-17977f1e0232,KXCANADAPM-45-C,2025-04-29T01:53:59.512354Z,300.00,0.1600,0.8400,no
6d3b8ed3-8bef-4340-b440-43c5c6c945c5,KXCANADAPM-45-C,2025-04-29T01:53:58.976078Z,300.00,0.1600,0.8400,no
7be6d3e0-4bf6-45ef-ad37-45de79b75779,KXCANADAPM-45-C,2025-04-29T01:53:58.411251Z,53.00,0.1600,0.8400,no
6a74bf1b-dff1-436e-abd1-3d5d651bce03,KXCANADAPM-45-C,2025-04-29T01:53:58.202774Z,300.00,0.1600,0.8400,no
670ade72-7e3a-4541-86a7-c481e95ecd8a,KXCANADAPM-45-C,2025-04-29T01:53:56.367708Z,45.00,0.1600,0.8400,yes
3613503d-acb5-4042-bdbf-d3f0ad6f923d,KXCANADAPM-45-C,2025-04-29T01:53:55.881978Z,255.00,0.1500,0.8500,no
2d7039c1-e40a-4de4-a388-e625277c7409,KXCANADAPM-45-C,2025-04-29T01:53:55.881978Z,200.00,0.1500,0.8500,no
93ec6cb1-90b7-4b05-8396-ac7b20ba0138,KXCANADAPM-45-C,2025-04-29T01:53:52.778299Z,450.00,0.1600,0.8400,no
012897fd-a519-40a6-8948-41df22eac3be,KXCANADAPM-45-C,2025-04-29T01:53:52.424182Z,50.00,0.1600,0.8400,no
6ac0dfa0-ae02-4eb4-a772-7f37babafff0,KXCANADAPM-45-C,2025-04-29T01:53:28.428957Z,30.00,0.1500,0.8500,no
52b26324-c7a6-4c27-9781-35a5eecc8012,KXCANADAPM-45-C,2025-04-29T01:53:28.428957Z,370.00,0.1500,0.8500,no
9fff2455-51f2-4ff6-97c6-ab9483afabda,KXCANADAPM-45-C,2025-04-29T01:53:17.763752Z,61.00,0.1500,0.8500,no
70e9ebb6-b486-422c-83de-0b674b3953da,KXCANADAPM-45-C,2025-04-29T01:53:17.763752Z,351.00,0.1500,0.8500,no
c1b05bda-3773-4787-9e15-eedd97893457,KXCANADAPM-45-C,2025-04-29T01:53:16.485067Z,39.00,0.1500,0.8500,no
dde07835-e885-4d22-bf2f-43b906606a7a,KXCANADAPM-45-C,2025-04-29T01:53:12.220011Z,100.00,0.1800,0.8200,yes
7643a99f-5960-464e-8cc2-d1d1a363d1ef,KXCANADAPM-45-C,2025-04-29T01:53:12.220011Z,100.00,0.1800,0.8200,yes
fd382098-2b55-4e73-8976-90f362f6714c,KXCANADAPM-45-C,2025-04-29T01:53:11.755546Z,31.00,0.1600,0.8400,no
1246b24b-39a0-41fb-ba2c-72cf6ecec399,KXCANADAPM-45-C,2025-04-29T01:53:11.755546Z,4.00,0.1600,0.8400,no
907533c8-18f3-435d-9226-cd665fd250a4,KXCANADAPM-45-C,2025-04-29T01:53:09.573021Z,489.00,0.1700,0.8300,no
4ef75312-69bb-48e6-9c4e-04b3c13f8654,KXCANADAPM-45-C,2025-04-29T01:53:09.573021Z,346.00,0.1700,0.8300,no
6c9a6199-249b-4cb4-a73e-cf49dcec53d8,KXCANADAPM-45-C,2025-04-29T01:53:09.312205Z,8.00,0.1800,0.8200,yes
ab36d99b-df77-44bb-8838-cfed7c182874,KXCANADAPM-45-C,2025-04-29T01:53:06.021843Z,110.00,0.1700,0.8300,no
e5607b84-b53d-4639-b589-804d7b585c97,KXCANADAPM-45-C,2025-04-29T01:52:38.671888Z,12.00,0.1900,0.8100,no
ae96fd68-5c0f-4c7d-b682-b6cd4011a5ff,KXCANADAPM-45-C,2025-04-29T01:52:38.671888Z,3.00,0.1900,0.8100,no
6bd350b3-cec0-4438-a1aa-7a36393e86a9,KXCANADAPM-45-C,2025-04-29T01:52:38.671888Z,5.00,0.1900,0.8100,no
448aa81a-d655-406c-98cb-ee37dfcef42e,KXCANADAPM-45-C,2025-04-29T01:52:24.045442Z,3000.00,0.1900,0.8100,no
1ea2745d-da80-4fd6-bb86-9ceae6ddb3fb,KXCANADAPM-45-C,2025-04-29T01:52:24.045442Z,85.00,0.1900,0.8100,no
821dc522-d914-4df8-9dbf-4280fce01601,KXCANADAPM-45-C,2025-04-29T01:51:56.572334Z,350.00,0.2000,0.8000,yes
a27cf2e2-8333-461f-85f3-345a8c74b852,KXCANADAPM-45-C,2025-04-29T01:51:21.451828Z,151.00,0.2000,0.8000,no
82146dc5-152c-47ca-b95a-d945ffb778af,KXCANADAPM-45-C,2025-04-29T01:51:21.451828Z,44.00,0.2000,0.8000,no
4f3d769e-8081-448d-bd22-fec263eb7d6c,KXCANADAPM-45-C,2025-04-29T01:51:21.451828Z,1112.00,0.2000,0.8000,no
44b28415-d39f-46d4-aade-c16e226da57a,KXCANADAPM-45-C,2025-04-29T01:51:21.451828Z,2000.00,0.2000,0.8000,no
3310aa00-b64a-41b3-a606-6d99ff88ec27,KXCANADAPM-45-C,2025-04-29T01:50:51.700574Z,888.00,0.2000,0.8000,no
b39a518a-1802-403f-bf0f-e92472957a50,KXCANADAPM-45-C,2025-04-29T01:50:40.017587Z,9.00,0.2100,0.7900,no
f7d97f1f-cb48-408a-8baf-2d6cb0493201,KXCANADAPM-45-C,2025-04-29T01:50:37.739885Z,300.00,0.2100,0.7900,no
93db9681-2661-4a58-8c81-4bfa70cca7c8,KXCANADAPM-45-C,2025-04-29T01:50:37.739885Z,666.00,0.2100,0.7900,no
61237842-0640-400b-af76-0b16c0159723,KXCANADAPM-45-C,2025-04-29T01:50:37.739885Z,230.00,0.2100,0.7900,no
3572544a-3239-499a-b929-5662601e7538,KXCANADAPM-45-C,2025-04-29T01:50:32.31172Z,31.00,0.2100,0.7900,no
c685627d-0899-4afc-bb84-f669bfd7053d,KXCANADAPM-45-C,2025-04-29T01:50:05.834228Z,100.00,0.2200,0.7800,yes
8b41e16d-c392-41b0-9ab4-fa1cdd2251aa,KXCANADAPM-45-C,2025-04-29T01:50:05.834228Z,5.00,0.2200,0.7800,yes
37c4c86c-51ee-4f67-8f13-3f3200dad900,KXCANADAPM-45-C,2025-04-29T01:49:58.222029Z,10.00,0.2100,0.7900,no
7ff9bf60-42f7-4bf2-a596-f31ef8469c88,KXCANADAPM-45-C,2025-04-29T01:49:50.02212Z,46.00,0.2200,0.7800,no
6a263519-f411-46fc-b57c-5dc590f949f0,KXCANADAPM-45-C,2025-04-29T01:49:50.02212Z,251.00,0.2200,0.7800,no
0d83a624-c910-4462-9e8a-1d1b3b85ba99,KXCANADAPM-45-C,2025-04-29T01:49:29.914095Z,189.00,0.2100,0.7900,no
f5afbf7b-4b7e-434d-bf9a-0162a2229433,KXCANADAPM-45-C,2025-04-29T01:49:22.40496Z,40.00,0.2100,0.7900,no
c0383f49-3294-436d-81da-a81ecb0e2188,KXCANADAPM-45-C,2025-04-29T01:49:13.847182Z,1039.00,0.2200,0.7800,no
02a4b82d-bd8b-4670-9e06-704baedde506,KXCANADAPM-45-C,2025-04-29T01:49:13.847182Z,53.00,0.2200,0.7800,no
b107f14f-5fe8-43e1-adad-6630b80398ed,KXCANADAPM-45-C,2025-04-29T01:49:06.46159Z,239.00,0.2200,0.7800,no
9fe2113e-0230-4b05-91a8-b3c9324f2792,KXCANADAPM-45-C,2025-04-29T01:49:06.46159Z,961.00,0.2200,0.7800,no
115978a6-2f18-409a-91cf-4f145a457f1d,KXCANADAPM-45-C,2025-04-29T01:49:06.46159Z,300.00,0.2200,0.7800,no
f9f12113-98bc-4f25-a12b-30bfbe40588f,KXCANADAPM-45-C,2025-04-29T01:48:57.663077Z,239.00,0.2200,0.7800,no
b2714d44-cfe1-4ec0-9940-d0f7009175cc,KXCANADAPM-45-C,2025-04-29T01:48:57.663077Z,761.00,0.2200,0.7800,no
f8463342-d82a-429b-8ba4-2b82b0201890,KXCANADAPM-45-C,2025-04-29T01:48:43.961194Z,63.00,0.2200,0.7800,no
e8b95d84-0269-4160-8c1d-4df2534c0388,KXCANADAPM-45-C,2025-04-29T01:47:49.855905Z,18.00,0.2300,0.7700,yes
018f3f8f-8c08-4ab4-be1b-2182186fea48,KXCANADAPM-45-C,2025-04-29T01:47:49.855905Z,184.00,0.2300,0.7700,yes
1cead59e-1c30-4a2a-ae0c-3e2fe7774ee3,KXCANADAPM-45-C,2025-04-29T01:47:22.633723Z,41.00,0.2300,0.7700,yes
f68be79a-ae22-45e8-8215-393cd5dd5d11,KXCANADAPM-45-C,2025-04-29T01:47:05.633497Z,1.00,0.2200,0.7800,no
ba8ab7b2-9c95-41b5-9b4c-d94a7ad6ecf2,KXCANADAPM-45-C,2025-04-29T01:46:53.807377Z,2.00,0.2200,0.7800,no
2ba5b696-2d29-4bb1-b1d5-5995231e17d8,KXCANADAPM-45-C,2025-04-29T01:46:19.954765Z,6.00,0.2200,0.7800,no
f1d86f21-8ef5-43b4-b914-d66079c5b010,KXCANADAPM-45-C,2025-04-29T01:45:11.263402Z,189.00,0.2200,0.7800,no
3f61ce80-edd4-4d99-8a4f-520673dac804,KXCANADAPM-45-C,2025-04-29T01:44:09.863179Z,4.00,0.2200,0.7800,no
fdf5d40d-9e61-4bbe-8ab3-5b364e35a90b,KXCANADAPM-45-C,2025-04-29T01:43:58.228484Z,41.00,0.2300,0.7700,yes
dab11158-42b4-4ccb-97ba-3b596a77ab47,KXCANADAPM-45-C,2025-04-29T01:43:53.805389Z,257.00,0.2200,0.7800,yes
52d9bc39-b40f-4c6d-b7a6-019742209b3f,KXCANADAPM-45-C,2025-04-29T01:43:53.805389Z,123.00,0.2200,0.7800,yes
56821150-f934-46db-a8f2-fe044f50cd42,KXCANADAPM-45-C,2025-04-29T01:43:15.336201Z,4.00,0.2200,0.7800,no
200a6138-e42c-4770-8cdf-3fb0e4bd1ff4,KXCANADAPM-45-C,2025-04-29T01:43:15.336201Z,600.00,0.2200,0.7800,no
9b310c30-d638-4cca-b563-32336ea2f7bd,KXCANADAPM-45-C,2025-04-29T01:43:14.638927Z,400.00,0.2200,0.7800,no
1c49c4b2-a81b-4557-857c-1c08a4065e24,KXCANADAPM-45-C,2025-04-29T01:43:14.638927Z,500.00,0.2200,0.7800,no
11f047a9-12a6-456b-a135-31dfa2a89d6d,KXCANADAPM-45-C,2025-04-29T01:43:14.638927Z,100.00,0.2200,0.7800,no
ce787954-ce72-4672-a6bb-949445118d32,KXCANADAPM-45-C,2025-04-29T01:43:09.627935Z,20.00,0.2300,0.7700,no
0ddb52a8-d958-4f4f-af9f-f1a39f869458,KXCANADAPM-45-C,2025-04-29T01:43:09.627935Z,246.00,0.2300,0.7700,no
9f0876d7-73b4-4652-b268-91027c8ac331,KXCANADAPM-45-C,2025-04-29T01:43:03.967371Z,627.00,0.2400,0.7600,yes
347583d1-c7f4-47fe-9dbc-06de359e5c66,KXCANADAPM-45-C,2025-04-29T01:43:03.967371Z,100.00,0.2400,0.7600,yes
91b49674-f7c0-406b-8f66-459fea34062d,KXCANADAPM-45-C,2025-04-29T01:43:03.675532Z,750.00,0.2300,0.7700,no
e8f1134b-8d5a-4af1-a5c7-a1cad5a2b805,KXCANADAPM-45-C,2025-04-29T01:42:32.544096Z,4.00,0.2300,0.7700,no
3cf67e21-ef32-4bed-85f2-667a666f7399,KXCANADAPM-45-C,2025-04-29T01:41:55.491054Z,5.00,0.2400,0.7600,no
0febd310-6537-4cb9-9b40-109ebaed0aaa,KXCANADAPM-45-C,2025-04-29T01:41:54.673596Z,1754.00,0.2400,0.7600,no
4b7be643-4239-418d-966f-44e5bc5af893,KXCANADAPM-45-C,2025-04-29T01:41:53.498312Z,20.00,0.2500,0.7500,yes
9efcc1b5-6882-4d4a-b832-8cdc4a3d201b,KXCANADAPM-45-C,2025-04-29T01:41:48.759987Z,25.00,0.2500,0.7500,yes
56bfd445-5f73-4354-ba1a-a53e19d7a49c,KXCANADAPM-45-C,2025-04-29T01:41:41.425148Z,37.00,0.2500,0.7500,yes
6d6eb8c4-6cc9-4525-b9b7-1a076ea2b1b4,KXCANADAPM-45-C,2025-04-29T01:41:19.838899Z,241.00,0.2400,0.7600,no
09e22932-67fa-4eb3-a72c-16ff29145297,KXCANADAPM-45-C,2025-04-29T01:41:19.838899Z,75.00,0.2400,0.7600,no
96488e16-e212-4535-a808-c1c351be867e,KXCANADAPM-45-C,2025-04-29T01:40:31.757739Z,225.00,0.2400,0.7600,no
92edf09a-f4e3-4eee-96b9-db715de3a4e4,KXCANADAPM-45-C,2025-04-29T01:40:14.971377Z,190.00,0.2500,0.7500,yes
04d40e61-539d-4dea-ac4c-a778b9aab929,KXCANADAPM-45-C,2025-04-29T01:40:07.19954Z,20.00,0.2300,0.7700,no
e773978e-04f6-4b54-bf92-02730faa8b08,KXCANADAPM-45-C,2025-04-29T01:39:27.478823Z,300.00,0.2400,0.7600,no
9f459409-02ac-4f25-be55-343febb5a83b,KXCANADAPM-45-C,2025-04-29T01:39:21.710936Z,46.00,0.2500,0.7500,yes
37f39d7f-410b-4f02-a9ec-b6a928b4c93b,KXCANADAPM-45-C,2025-04-29T01:39:21.710936Z,4.00,0.2500,0.7500,yes
81a75158-3c74-438e-aade-7df87923fa68,KXCANADAPM-45-C,2025-04-29T01:39:08.861927Z,76.00,0.2500,0.7500,yes
3902a7ab-d839-4809-820e-6892e5cd38a9,KXCANADAPM-45-C,2025-04-29T01:39:00.594805Z,75.00,0.2500,0.7500,yes
df6f2f9e-ea52-47b7-b757-2ef2c110570a,KXCANADAPM-45-C,2025-04-29T01:38:46.074671Z,31.00,0.2400,0.7600,no
16242a3f-bce1-4f6e-9022-fc53b838e15b,KXCANADAPM-45-C,2025-04-29T01:38:46.074671Z,2000.00,0.2400,0.7600,no
feb8a0e0-5cb1-4398-959d-cf5ab7b77a19,KXCANADAPM-45-C,2025-04-29T01:38:10.327373Z,34.00,0.2400,0.7600,no
eed5dc3e-7ab2-46c4-85c9-14993820c5ce,KXCANADAPM-45-C,2025-04-29T01:38:10.327373Z,1000.00,0.2400,0.7600,no
be6e151f-6fe1-471d-8bd7-3b79b7ece34c,KXCANADAPM-45-C,2025-04-29T01:38:10.327373Z,234.00,0.2400,0.7600,no
0a19475a-62e1-44ef-84ac-fc445d5233ff,KXCANADAPM-45-C,2025-04-29T01:38:10.327373Z,500.00,0.2400,0.7600,no
308b3b1c-d233-41b4-a85c-eafeaa7630af,KXCANADAPM-45-C,2025-04-29T01:38:07.010636Z,1.00,0.2400,0.7600,no
639af553-696e-41c8-9015-5a4a7b17573d,KXCANADAPM-45-C,2025-04-29T01:38:00.802292Z,100.00,0.2500,0.7500,yes
9b373a1b-7e00-4cea-b0fe-25d99d21a39b,KXCANADAPM-45-C,2025-04-29T01:37:56.696207Z,1500.00,0.2500,0.7500,yes
8e3e0ee9-7666-4f46-9b39-49f4f7a9ef02,KXCANADAPM-45-C,2025-04-29T01:37:46.104225Z,1002.00,0.2500,0.7500,yes
910db0e8-1213-4e0e-b3f8-3d4a078052ac,KXCANADAPM-45-C,2025-04-29T01:37:45.70571Z,53.00,0.2500,0.7500,yes
516d1ecf-4698-438a-8c12-d9ee971b109a,KXCANADAPM-45-C,2025-04-29T01:37:45.28274Z,1.00,0.2400,0.7600,no
e050fdcb-8ea0-436f-b36d-e0b9ddfdae16,KXCANADAPM-45-C,2025-04-29T01:37:43.688142Z,12.00,0.2400,0.7600,no
f357c6ec-414b-491f-a258-8a78c0998810,KXCANADAPM-45-C,2025-04-29T01:37:32.194049Z,2.00,0.2400,0.7600,no
a5b4c380-9784-4758-b66e-f4421a3d3c5c,KXCANADAPM-45-C,2025-04-29T01:37:19.019188Z,1.00,0.2400,0.7600,yes
625b365e-5850-497e-a67a-4399c204a0cc,KXCANADAPM-45-C,2025-04-29T01:37:16.864295Z,19.00,0.2400,0.7600,no
f7748bca-ad43-413c-861d-31bb3e92549e,KXCANADAPM-45-C,2025-04-29T01:37:16.78138Z,20.00,0.2500,0.7500,yes
fe4be0b8-1e12-488d-a564-2ed21133e87a,KXCANADAPM-45-C,2025-04-29T01:37:13.366862Z,20.00,0.2300,0.7700,no
3c0679da-75ba-4bf0-a7b5-42eb7768f60d,KXCANADAPM-45-C,2025-04-29T01:37:13.143367Z,20.00,0.2500,0.7500,yes
299a8e8d-0536-43d5-8af1-656c95cb018a,KXCANADAPM-45-C,2025-04-29T01:37:12.833544Z,20.00,0.2300,0.7700,no
1131da2e-6e4d-4dfc-b7e3-f58f500939f4,KXCANADAPM-45-C,2025-04-29T01:37:12.607536Z,20.00,0.2500,0.7500,yes
90d0774a-e740-4877-8d5b-e476d012e931,KXCANADAPM-45-C,2025-04-29T01:37:12.355902Z,20.00,0.2300,0.7700,no
d6bcf51b-f7ae-4859-96a7-8b299567beb3,KXCANADAPM-45-C,2025-04-29T01:37:12.128301Z,20.00,0.2500,0.7500,yes
931dccd3-bd29-45a9-8133-b69d68e9a244,KXCANADAPM-45-C,2025-04-29T01:37:11.662137Z,4.00,0.2300,0.7700,no
5c346de1-a576-45e1-9809-949d7a5b0f99,KXCANADAPM-45-C,2025-04-29T01:37:11.662137Z,16.00,0.2300,0.7700,no
a06691f7-2ce8-4cfa-9f8a-a62703d6bd80,KXCANADAPM-45-C,2025-04-29T01:37:09.511657Z,156.00,0.2400,0.7600,yes
9e08f0e1-ec3c-46d7-b8e7-e19c2d29cfd9,KXCANADAPM-45-C,2025-04-29T01:37:09.439594Z,20.00,0.2400,0.7600,no
993824f6-60b8-43af-9f65-85cef961ccd0,KXCANADAPM-45-C,2025-04-29T01:37:09.439594Z,23.00,0.2400,0.7600,no
67b2a396-f70e-4081-9f7f-7b0a00bd5433,KXCANADAPM-45-C,2025-04-29T01:37:00.199788Z,500.00,0.2500,0.7500,yes
6b6cd787-fcc6-43db-b38c-a557f5dfbaf8,KXCANADAPM-45-C,2025-04-29T01:36:51.138311Z,190.00,0.2500,0.7500,yes
c7cd119a-4c51-42ab-b1e2-d985e2c8906b,KXCANADAPM-45-C,2025-04-29T01:36:27.155971Z,190.00,0.2500,0.7500,yes
2f5e3787-783e-4e1c-ab92-8f603950e3dd,KXCANADAPM-45-C,2025-04-29T01:36:24.92049Z,64.00,0.2400,0.7600,no
d3cb1772-41b8-49df-8969-9eb3f1fab82e,KXCANADAPM-45-C,2025-04-29T01:36:10.813383Z,19.00,0.2500,0.7500,yes
bbae731f-7860-4272-ae95-b675bb6fdc3f,KXCANADAPM-45-C,2025-04-29T01:34:50.251321Z,500.00,0.2500,0.7500,yes
95260644-e0a9-405b-8600-9b49ba9b261c,KXCANADAPM-45-C,2025-04-29T01:34:50.251321Z,250.00,0.2500,0.7500,yes
85dfec7e-5456-4352-9991-b1d52cd0be9e,KXCANADAPM-45-C,2025-04-29T01:34:50.251321Z,100.00,0.2500,0.7500,yes
65a1f275-6c0b-44c7-a886-88e0536c4a84,KXCANADAPM-45-C,2025-04-29T01:34:50.251321Z,10.00,0.2500,0.7500,yes
15c59ffc-038d-4f30-82c7-39b010925fae,KXCANADAPM-45-C,2025-04-29T01:34:50.251321Z,660.00,0.2500,0.7500,yes
31e5855d-a608-4ee4-8cd3-d32687578555,KXCANADAPM-45-C,2025-04-29T01:34:40.451546Z,22.00,0.2500,0.7500,yes
196f1abc-7386-4ac2-85ff-030d74f28aef,KXCANADAPM-45-C,2025-04-29T01:34:40.451546Z,167.00,0.2500,0.7500,yes
78900632-a6dc-49ef-8e29-a758d5b19bd4,KXCANADAPM-45-C,2025-04-29T01:34:22.809778Z,7.00,0.2500,0.7500,yes
ef103ba4-4925-41a1-b1db-70e1cf7972c4,KXCANADAPM-45-C,2025-04-29T01:34:08.840437Z,60.00,0.2300,0.7700,no
eb36468b-28f0-444e-8cf8-489e5a97f353,KXCANADAPM-45-C,2025-04-29T01:34:08.840437Z,3.00,0.2300,0.7700,no
ff874670-6677-4b5d-a2dd-51cfbcbb8fcd,KXCANADAPM-45-C,2025-04-29T01:33:53.444075Z,108.00,0.2300,0.7700,no
ec277753-6df3-4fb5-a612-ca779372a2ac,KXCANADAPM-45-C,2025-04-29T01:33:53.444075Z,17.00,0.2400,0.7600,no
de151012-c0c3-4788-9014-8f1689d28f48,KXCANADAPM-45-C,2025-04-29T01:33:53.444075Z,10.00,0.2400,0.7600,no
020a8ea4-685b-4e50-969e-f145aed51b7e,KXCANADAPM-45-C,2025-04-29T01:33:53.444075Z,1.00,0.2300,0.7700,no
540cc4ee-319a-41ed-aef6-877ae3262d7b,KXCANADAPM-45-C,2025-04-29T01:32:30.359594Z,19.00,0.2500,0.7500,yes
b2e99a5a-e425-4a55-8fe9-189ba7e07b8e,KXCANADAPM-45-C,2025-04-29T01:31:24.048765Z,100.00,0.2300,0.7700,yes
74b6f847-25f7-465a-badf-9f9fde60b154,KXCANADAPM-45-C,2025-04-29T01:31:24.048765Z,1292.00,0.2300,0.7700,yes
8194d18e-426f-4190-801a-c61d150725b5,KXCANADAPM-45-C,2025-04-29T01:31:20.470635Z,5000.00,0.2300,0.7700,yes
436a4e8f-bf02-487d-9c52-d6c81a678dca,KXCANADAPM-45-C,2025-04-29T01:31:07.24009Z,103.00,0.2300,0.7700,yes
45a51c21-467a-4843-922f-d2f222845df3,KXCANADAPM-45-C,2025-04-29T01:31:07.069969Z,250.00,0.2300,0.7700,yes
1362a9aa-6335-4f72-84a3-ba13f8e1cc3f,KXCANADAPM-45-C,2025-04-29T01:30:54.068864Z,10.00,0.2300,0.7700,yes
eebf34a0-0f95-4049-8bb3-8808072266b3,KXCANADAPM-45-C,2025-04-29T01:30:53.307603Z,40.00,0.2300,0.7700,no
61c6b264-10e0-4f0c-8c3b-6161a1a53780,KXCANADAPM-45-C,2025-04-29T01:30:53.307603Z,300.00,0.2300,0.7700,no
2f84050a-8d56-481a-ad36-893fa6414ea4,KXCANADAPM-45-C,2025-04-29T01:30:53.307603Z,27.00,0.2300,0.7700,no
0125b0d0-cafb-4460-9333-c111339aad64,KXCANADAPM-45-C,2025-04-29T01:30:53.307603Z,344.00,0.2300,0.7700,no
fc3db390-5c81-4471-98b6-3f5877e608aa,KXCANADAPM-45-C,2025-04-29T01:30:28.205607Z,300.00,0.2300,0.7700,yes
f454f859-20d9-46a1-b519-3976cf0b3dab,KXCANADAPM-45-C,2025-04-29T01:30:28.205607Z,275.00,0.2300,0.7700,yes
eecb77dd-c32a-4a2e-b236-4f78bbed3b77,KXCANADAPM-45-C,2025-04-29T01:30:28.205607Z,300.00,0.2300,0.7700,yes
da9fe3ef-39aa-4b0e-9a34-3c975a1958a0,KXCANADAPM-45-C,2025-04-29T01:30:28.205607Z,300.00,0.2300,0.7700,yes
d8c761dc-0763-4a55-97ec-72ceb64f0e54,KXCANADAPM-45-C,2025-04-29T01:30:28.205607Z,300.00,0.2300,0.7700,yes
9557a1b3-7c41-4faf-b93e-f222b20c9c45,KXCANADAPM-45-C,2025-04-29T01:30:28.205607Z,300.00,0.2300,0.7700,yes
71a191e1-75c7-4bac-8bae-edbdef1c6285,KXCANADAPM-45-C,2025-04-29T01:30:28.205607Z,100.00,0.2300,0.7700,yes
696428d1-1b3f-40d4-a633-819314f5eb7c,KXCANADAPM-45-C,2025-04-29T01:30:28.205607Z,300.00,0.2300,0.7700,yes
60d0c86d-00ac-4434-b0ad-93a4706fc443,KXCANADAPM-45-C,2025-04-29T01:30:28.205607Z,300.00,0.2300,0.7700,yes
1bc1d41a-b1f6-4920-83c9-c659b7d0294e,KXCANADAPM-45-C,2025-04-29T01:30:28.205607Z,300.00,0.2300,0.7700,yes
57607577-a774-467a-ac30-78c6ce0bd429,KXCANADAPM-45-C,2025-04-29T01:30:16.470544Z,25.00,0.2300,0.7700,yes
041d639e-a9d0-4434-86b0-9ed7b3f02828,KXCANADAPM-45-C,2025-04-29T01:30:16.470544Z,475.00,0.2300,0.7700,yes
31c59f90-ff60-42ae-ae37-bc5ded6f7c4a,KXCANADAPM-45-C,2025-04-29T01:30:10.478945Z,500.00,0.2300,0.7700,yes
e5fab820-28c5-49ec-b5c1-13e221ff5c74,KXCANADAPM-45-C,2025-04-29T01:30:09.706776Z,1.00,0.2200,0.7800,no
db85c249-325c-45b9-a87d-010b5ae00205,KXCANADAPM-45-C,2025-04-29T01:30:09.706776Z,97.00,0.2200,0.7800,no
246103cc-3117-4050-b0d9-20a3a968e9dd,KXCANADAPM-45-C,2025-04-29T01:30:07.066734Z,1000.00,0.2300,0.7700,yes
7cca9fc3-9007-4a02-840b-c7d869576686,KXCANADAPM-45-C,2025-04-29T01:30:00.509526Z,280.00,0.2300,0.7700,yes
b204880f-a7ce-4483-9502-2a52739d134f,KXCANADAPM-45-C,2025-04-29T01:29:30.349859Z,99.00,0.2300,0.7700,yes
a8bf9973-28b9-4e35-a082-acc795d8b412,KXCANADAPM-45-C,2025-04-29T01:28:55.558454Z,120.00,0.2300,0.7700,yes
5ae72084-9b5f-452d-a4ae-fc156a9e4c7a,KXCANADAPM-45-C,2025-04-29T01:28:32.061127Z,5401.00,0.2300,0.7700,yes
df097eea-4f79-4731-9c52-b01f17201592,KXCANADAPM-45-C,2025-04-29T01:27:46.60204Z,86.00,0.2300,0.7700,yes
a1685e75-c661-40f8-85f6-c482447a215a,KXCANADAPM-45-C,2025-04-29T01:27:37.765175Z,4.00,0.2200,0.7800,yes
794b197c-46b2-4473-8e51-dfeb334eae92,KXCANADAPM-45-C,2025-04-29T01:27:37.765175Z,100.00,0.2200,0.7800,yes
6afa3d1f-8314-41cf-ad38-b4dc563a570a,KXCANADAPM-45-C,2025-04-29T01:27:37.765175Z,6835.00,0.2200,0.7800,yes
6239a898-3ffe-4f55-95de-01a1d86884aa,KXCANADAPM-45-C,2025-04-29T01:27:37.765175Z,500.00,0.2200,0.7800,yes
04b95259-08ea-45ae-8595-be7647eff7ca,KXCANADAPM-45-C,2025-04-29T01:27:37.765175Z,933.00,0.2200,0.7800,yes
6164cd9f-9b09-420b-9a05-8fbf57f253a9,KXCANADAPM-45-C,2025-04-29T01:27:33.651066Z,107.00,0.2200,0.7800,yes
2ab58483-fb1c-461b-8e90-23bd2996b757,KXCANADAPM-45-C,2025-04-29T01:27:32.286954Z,27.00,0.2100,0.7900,no
f9942583-6759-4959-9f7c-be668efc5013,KXCANADAPM-45-C,2025-04-29T01:27:31.461398Z,6.00,0.2200,0.7800,yes
667cd471-f174-4279-b8f0-421e48c8a0b8,KXCANADAPM-45-C,2025-04-29T01:27:06.893158Z,2500.00,0.2200,0.7800,yes
8de7471e-1491-4348-95c0-e8721b3389a6,KXCANADAPM-45-C,2025-04-29T01:26:39.698221Z,3.00,0.2200,0.7800,yes
5662cf1e-53fb-4c5e-ac08-29b198a606f8,KXCANADAPM-45-C,2025-04-29T01:26:36.621117Z,8.00,0.2200,0.7800,yes
94c608a3-68e3-4a0e-b04f-427eacbf192f,KXCANADAPM-45-C,2025-04-29T01:26:30.847169Z,43.00,0.2200,0.7800,yes
9b7c719a-215c-4b7f-9ae2-aebe13bdab5b,KXCANADAPM-45-C,2025-04-29T01:26:23.3226Z,21.00,0.2200,0.7800,yes
7007bcba-7bc8-4b71-a2c4-b11801577f2e,KXCANADAPM-45-C,2025-04-29T01:25:52.471355Z,167.00,0.2100,0.7900,no
c1375919-cb77-46d1-bb11-a5bda47cecde,KXCANADAPM-45-C,2025-04-29T01:25:42.931828Z,1199.00,0.2100,0.7900,yes
a625c131-e029-416b-94ef-83b59046ff3d,KXCANADAPM-45-C,2025-04-29T01:25:42.931828Z,100.00,0.2100,0.7900,yes
7dc128bf-f422-4a04-8c82-1a36b4b6e23f,KXCANADAPM-45-C,2025-04-29T01:25:42.931828Z,208.00,0.2100,0.7900,yes
76d6c5c7-47bc-4ffd-9c20-2b7acb660d72,KXCANADAPM-45-C,2025-04-29T01:25:42.931828Z,182.00,0.2100,0.7900,yes
4968a375-b9a1-4bac-9163-fd303540f276,KXCANADAPM-45-C,2025-04-29T01:25:42.931828Z,333.00,0.2100,0.7900,yes
455895d1-7e97-4724-971f-aa607d6aa882,KXCANADAPM-45-C,2025-04-29T01:25:42.931828Z,1000.00,0.2100,0.7900,yes
cb7b7ceb-cf63-4cdd-96ee-8731b3e7c562,KXCANADAPM-45-C,2025-04-29T01:25:27.419689Z,225.00,0.2100,0.7900,yes
f1bfa00b-7f92-434a-b3e7-f67704c4a24d,KXCANADAPM-45-C,2025-04-29T01:25:18.572664Z,118.00,0.2000,0.8000,no
45fd7eb2-80b8-41d6-8879-259a9b451ac7,KXCANADAPM-45-C,2025-04-29T01:25:08.624882Z,1107.00,0.2100,0.7900,yes
eb095583-c145-4000-a167-0cd619c79708,KXCANADAPM-45-C,2025-04-29T01:24:48.771546Z,47.00,0.2000,0.8000,no
18162f98-a171-48e6-ba85-507d595a0579,KXCANADAPM-45-C,2025-04-29T01:24:46.906083Z,40.00,0.2100,0.7900,yes
189d99bb-6c31-4841-8766-e29144231604,KXCANADAPM-45-C,2025-04-29T01:24:41.67467Z,3.00,0.2100,0.7900,yes
653aaa7d-fd8b-4243-bf53-a6d15c9f4e98,KXCANADAPM-45-C,2025-04-29T01:24:21.994867Z,1.00,0.2000,0.8000,no
5c2f37d8-3d2b-4dbd-b024-b30b61d0598c,KXCANADAPM-45-C,2025-04-29T01:24:12.744301Z,445.00,0.2100,0.7900,yes
e43df229-a6c8-43e0-9091-7acf38619e7a,KXCANADAPM-45-C,2025-04-29T01:24:11.814573Z,22.00,0.2100,0.7900,yes
c7c379c6-7a76-4c3c-abf5-9f5ed03c1dfb,KXCANADAPM-45-C,2025-04-29T01:23:46.844664Z,4.00,0.2000,0.8000,yes
c63092bb-fdb6-41ca-b21e-a7be8fcfd427,KXCANADAPM-45-C,2025-04-29T01:23:46.844664Z,101.00,0.2000,0.8000,yes
8655f0a9-750d-452f-a10f-57509ba021e4,KXCANADAPM-45-C,2025-04-29T01:23:46.844664Z,100.00,0.2000,0.8000,yes
4512eaa0-a8e0-4429-8a93-4c4b4d217c0e,KXCANADAPM-45-C,2025-04-29T01:23:46.844664Z,2000.00,0.2000,0.8000,yes
3cdbea96-e59f-4fe9-b506-efdbc6e89d04,KXCANADAPM-45-C,2025-04-29T01:23:46.844664Z,651.00,0.2000,0.8000,yes
f77a24ca-a95f-46b9-b67c-975555c8dac3,KXCANADAPM-45-C,2025-04-29T01:23:37.159493Z,300.00,0.1900,0.8100,yes
cfea47a1-3ae2-4e9d-a17c-e068e47d7ddb,KXCANADAPM-45-C,2025-04-29T01:23:37.159493Z,267.00,0.1900,0.8100,yes
c5e2405f-e4cc-45c6-ac8a-c47e548b0a25,KXCANADAPM-45-C,2025-04-29T01:23:37.159493Z,5000.00,0.1900,0.8100,yes
c0687f03-bfbd-4b6a-b727-c7039856bc4e,KXCANADAPM-45-C,2025-04-29T01:23:37.159493Z,3000.00,0.1900,0.8100,yes
70108de3-6c4c-48fe-8074-f26c292f1cb4,KXCANADAPM-45-C,2025-04-29T01:23:37.159493Z,300.00,0.1900,0.8100,yes
57fe5cc2-9fae-469a-bcaf-3b05b19c3af0,KXCANADAPM-45-C,2025-04-29T01:23:37.159493Z,300.00,0.1900,0.8100,yes
464339ba-687e-4ef5-9dec-8c6a8f6c2e95,KXCANADAPM-45-C,2025-04-29T01:23:37.159493Z,300.00,0.1900,0.8100,yes
2aac2b36-37a9-466e-bf9e-3bbd3822960d,KXCANADAPM-45-C,2025-04-29T01:23:37.159493Z,1047.00,0.1900,0.8100,yes
21cb10f7-5a38-421b-9dfc-702b3bfb08e9,KXCANADAPM-45-C,2025-04-29T01:23:37.159493Z,300.00,0.1900,0.8100,yes
03036653-95de-4c0d-aa54-fabc5c041e2a,KXCANADAPM-45-C,2025-04-29T01:23:37.159493Z,300.00,0.1900,0.8100,yes
a6caab2b-dff5-4b01-b3a4-666a191c02f0,KXCANADAPM-45-C,2025-04-29T01:23:26.043874Z,55.00,0.1900,0.8100,yes
206461a8-24a5-4a8e-bda4-fa983150c4db,KXCANADAPM-45-C,2025-04-29T01:23:26.043874Z,33.00,0.1900,0.8100,yes
0529c11d-a108-4197-b89f-1dce8895da19,KXCANADAPM-45-C,2025-04-29T01:23:15.973422Z,49.00,0.1900,0.8100,yes
dbfd1a4f-26ce-486e-98b4-1d3ed57a7144,KXCANADAPM-45-C,2025-04-29T01:23:10.927438Z,196.00,0.1900,0.8100,yes
8758d222-38a4-4700-b10c-409e32097167,KXCANADAPM-45-C,2025-04-29T01:23:10.927438Z,104.00,0.1900,0.8100,yes
50e0b1d6-a5bd-430c-aecd-b6156ae05e7c,KXCANADAPM-45-C,2025-04-29T01:22:57.20428Z,313.00,0.1800,0.8200,no
d3d72aac-2734-40ed-a498-f21f1b565b97,KXCANADAPM-45-C,2025-04-29T01:22:52.587856Z,119.00,0.1900,0.8100,yes
f63750e3-cb71-4b65-b455-8e39d3bc4708,KXCANADAPM-45-C,2025-04-29T01:22:46.099025Z,211.00,0.1900,0.8100,yes
a1f80105-0e0e-4ac3-9470-9bce59cb515b,KXCANADAPM-45-C,2025-04-29T01:22:46.099025Z,77.00,0.1900,0.8100,yes
873447e8-e6ea-4c50-87e5-356adff1f41c,KXCANADAPM-45-C,2025-04-29T01:22:29.194623Z,111.00,0.1900,0.8100,yes
66548fb0-fe35-40a2-9643-53d4ae44b7fc,KXCANADAPM-45-C,2025-04-29T01:22:29.194623Z,89.00,0.1900,0.8100,yes
465b8880-27d5-4821-9133-4c1fe61db9f0,KXCANADAPM-45-C,2025-04-29T01:22:29.194623Z,300.00,0.1900,0.8100,yes
9b117062-34bc-484b-a57c-5e96a66021d4,KXCANADAPM-45-C,2025-04-29T01:22:21.351823Z,45.00,0.1900,0.8100,yes
168e9abb-8b80-4684-a545-86eef3a974e5,KXCANADAPM-45-C,2025-04-29T01:22:21.351823Z,204.00,0.1900,0.8100,yes
e0104412-e70f-479d-b49d-39f5db2f273d,KXCANADAPM-45-C,2025-04-29T01:22:14.546276Z,23.00,0.1900,0.8100,yes
8d0a7b08-a98a-4571-96d7-02d9aa10a186,KXCANADAPM-45-C,2025-04-29T01:22:14.546276Z,100.00,0.1900,0.8100,yes
48cbdc21-6343-4b59-a931-f24d27677bc7,KXCANADAPM-45-C,2025-04-29T01:22:14.546276Z,96.00,0.1900,0.8100,yes
62aca5c6-1774-4d14-9791-45ccf9804fc0,KXCANADAPM-45-C,2025-04-29T01:21:34.377623Z,210.00,0.1800,0.8200,no
60f72e6b-12b6-4f53-87a9-7610ba916ce3,KXCANADAPM-45-C,2025-04-29T01:18:45.65429Z,24.00,0.1900,0.8100,yes
2dd4e446-03ce-4d76-a1d2-4477f04235f7,KXCANADAPM-45-C,2025-04-29T01:18:33.886782Z,249.00,0.1900,0.8100,yes
25e79812-147e-41db-bade-6d1e8d18f94b,KXCANADAPM-45-C,2025-04-29T01:18:32.847851Z,4.00,0.1900,0.8100,yes
c7ca7287-a1fb-4c52-bc04-3b2c0bacacc9,KXCANADAPM-45-C,2025-04-29T01:18:29.744585Z,498.00,0.1900,0.8100,yes
cace2e7d-6cc3-4d78-ab4c-380027382e3d,KXCANADAPM-45-C,2025-04-29T01:18:21.138372Z,1457.00,0.1800,0.8200,no
c1c69b6f-62e2-423c-93e8-c113887d6c21,KXCANADAPM-45-C,2025-04-29T01:18:21.138372Z,112.00,0.1800,0.8200,no
80a0bc17-516b-4d7f-8926-54a3028b8ee2,KXCANADAPM-45-C,2025-04-29T01:18:21.138372Z,36.00,0.1800,0.8200,no
9d6b42a2-35cc-4428-a973-25530b373f29,KXCANADAPM-45-C,2025-04-29T01:18:10.645863Z,5.00,0.1800,0.8200,no
c8d8e72c-ec68-4a1f-a34f-cf306b67c4f0,KXCANADAPM-45-C,2025-04-29T01:17:06.998902Z,183.00,0.1800,0.8200,no
77490ddc-cdff-4e48-a7c6-1a1f99fe075e,KXCANADAPM-45-C,2025-04-29T01:17:06.998902Z,300.00,0.1800,0.8200,no
54501b38-aa9e-4be3-9302-8d9cc618161d,KXCANADAPM-45-C,2025-04-29T01:17:06.998902Z,17.00,0.1800,0.8200,no
71d9e936-4973-44a1-8e89-aef778bda0d7,KXCANADAPM-45-C,2025-04-29T01:16:32.754554Z,9.00,0.1800,0.8200,no
da2f972b-d3a8-4be3-9b7b-c5a7e7cc1518,KXCANADAPM-45-C,2025-04-29T01:16:13.503905Z,4.00,0.1800,0.8200,no
d3136b35-f12b-46ca-a2b2-bcc81462d6d5,KXCANADAPM-45-C,2025-04-29T01:16:07.032373Z,50.00,0.1900,0.8100,yes
622838d9-57fe-4732-b238-8d0c8e32274c,KXCANADAPM-45-C,2025-04-29T01:16:06.383807Z,2134.00,0.1900,0.8100,yes
3b6e8e35-fde9-430b-ac32-06661b56cf79,KXCANADAPM-45-C,2025-04-29T01:15:33.664152Z,80.00,0.1900,0.8100,yes
b448c949-a8fd-443d-a292-b0bc24c7b371,KXCANADAPM-45-C,2025-04-29T01:15:29.680635Z,71.00,0.1900,0.8100,yes
a1e67e07-fc3b-4ce8-863a-6f9dc542b589,KXCANADAPM-45-C,2025-04-29T01:15:26.246857Z,101.00,0.1900,0.8100,no
2af66f63-0980-462d-ac6b-f1b0e97bbf18,KXCANADAPM-45-C,2025-04-29T01:15:26.246857Z,4766.00,0.1900,0.8100,no
f0152ce7-4ec2-4f1b-899e-e4ced72f99ed,KXCANADAPM-45-C,2025-04-29T01:15:14.130399Z,4844.00,0.2000,0.8000,yes
7303dcb3-e711-4a8e-8bad-886d2fb6e4a9,KXCANADAPM-45-C,2025-04-29T01:15:14.130399Z,156.00,0.2000,0.8000,yes
ef8cbd3b-9fcc-4c67-a712-e4adda442b94,KXCANADAPM-45-C,2025-04-29T01:15:12.134771Z,113.00,0.2000,0.8000,yes
892ff27b-4819-418d-a6f9-f57407f4a9b8,KXCANADAPM-45-C,2025-04-29T01:14:41.36709Z,89.00,0.1900,0.8100,no
b3a8d3db-d585-4600-864a-a78d5fe6fb36,KXCANADAPM-45-C,2025-04-29T01:14:30.238145Z,2.00,0.2000,0.8000,yes
340d63cb-40db-40dc-ad7b-8faa5a515e97,KXCANADAPM-45-C,2025-04-29T01:14:09.673569Z,25.00,0.2000,0.8000,yes
d1d01532-97cb-46d0-861f-c4d6d4684472,KXCANADAPM-45-C,2025-04-29T01:13:58.162753Z,94.00,0.2000,0.8000,yes
1ef5a4b6-45d2-40a8-ba87-69d813018fc9,KXCANADAPM-45-C,2025-04-29T01:13:32.917707Z,100.00,0.2000,0.8000,yes
0fd9d46c-e111-4222-b691-30e6bfe7d581,KXCANADAPM-45-C,2025-04-29T01:13:32.917707Z,110.00,0.2000,0.8000,yes
c67204a0-7fa5-49c2-9aaa-214d1d71c25b,KXCANADAPM-45-C,2025-04-29T01:13:24.275969Z,87.00,0.1900,0.8100,no
c381ed33-ee79-4e4d-9eeb-0426cd3e8cef,KXCANADAPM-45-C,2025-04-29T01:12:51.746036Z,176.00,0.2000,0.8000,yes
85e12e99-fab4-4707-b252-d27db986000c,KXCANADAPM-45-C,2025-04-29T01:12:51.746036Z,283.00,0.2100,0.7900,yes
191d5ce4-e320-4de9-b8e1-ff83a037644e,KXCANADAPM-45-C,2025-04-29T01:12:49.82919Z,1000.00,0.2000,0.8000,no
fb24edb9-e552-45b0-85c0-75ecc051cc3d,KXCANADAPM-45-C,2025-04-29T01:12:47.427068Z,676.00,0.2100,0.7900,yes
434c8556-a4e4-4c84-8b29-b67ef718445b,KXCANADAPM-45-C,2025-04-29T01:12:37.125569Z,182.00,0.2100,0.7900,no
ef3f3d54-f9f1-42d6-bcaf-662920b95389,KXCANADAPM-45-C,2025-04-29T01:12:36.942576Z,8.00,0.2200,0.7800,yes
e41cc5bd-b514-4020-8d81-2c564747cf8c,KXCANADAPM-45-C,2025-04-29T01:12:31.467663Z,431.00,0.2200,0.7800,yes
5960ee95-2009-4b5f-acd7-2207b88683ca,KXCANADAPM-45-C,2025-04-29T01:12:31.061186Z,5.00,0.2100,0.7900,no
46093187-0941-4228-b8b3-e1e1ab1a5df3,KXCANADAPM-45-C,2025-04-29T01:12:26.29024Z,38.00,0.2200,0.7800,yes
4ff02f1e-2bbb-43db-9760-927cce7adb55,KXCANADAPM-45-C,2025-04-29T01:12:20.591828Z,17.00,0.2100,0.7900,no
f274c7a5-8bb3-4914-a516-77c8fb045622,KXCANADAPM-45-C,2025-04-29T01:12:14.404467Z,2.00,0.2100,0.7900,no
2f662d3e-30ce-443f-adfb-13c4323ce085,KXCANADAPM-45-C,2025-04-29T01:12:00.253351Z,17.00,0.2100,0.7900,no
39c43dcd-5113-4223-bdcd-5b86b5385753,KXCANADAPM-45-C,2025-04-29T01:11:58.156836Z,777.00,0.2100,0.7900,no
c375b9b3-396a-4713-93ea-94792116a25d,KXCANADAPM-45-C,2025-04-29T01:11:35.240415Z,58.00,0.2000,0.8000,no
c350f5c3-d882-497b-b353-e95ee47bf452,KXCANADAPM-45-C,2025-04-29T01:11:35.240415Z,442.00,0.2000,0.8000,no
bf1cacdc-70fd-4b5d-9155-5dfc294971db,KXCANADAPM-45-C,2025-04-29T01:11:18.692666Z,2000.00,0.2100,0.7900,no
44712ca3-222b-480f-9570-9a2f9ae9d58f,KXCANADAPM-45-C,2025-04-29T01:11:18.692666Z,4149.00,0.2100,0.7900,no
3a792fc1-6b7d-4469-aec9-fec3613f25a4,KXCANADAPM-45-C,2025-04-29T01:11:06.649686Z,851.00,0.2100,0.7900,no
f4b4ca6e-650b-41fa-bc85-1796ba927be3,KXCANADAPM-45-C,2025-04-29T01:10:52.077405Z,1000.00,0.2200,0.7800,no
dda22ab2-299c-4187-9b64-f0f032755811,KXCANADAPM-45-C,2025-04-29T01:10:52.077405Z,300.00,0.2200,0.7800,no
a49def19-991e-40b7-9dc2-3547df60beb8,KXCANADAPM-45-C,2025-04-29T01:10:52.077405Z,975.00,0.2200,0.7800,no
a3cf4304-5b63-4692-a65e-fedb44d6571a,KXCANADAPM-45-C,2025-04-29T01:10:52.077405Z,178.00,0.2200,0.7800,no
515c5363-5bed-43ab-a376-516e66f35d74,KXCANADAPM-45-C,2025-04-29T01:10:52.077405Z,80.00,0.2200,0.7800,no
147b995a-2643-44ef-a993-8e29b08a1c65,KXCANADAPM-45-C,2025-04-29T01:10:52.077405Z,47.00,0.2200,0.7800,no
cf89642c-0fd8-4b9d-9d6c-e1443ded90c5,KXCANADAPM-45-C,2025-04-29T01:10:51.5699Z,191.00,0.2300,0.7700,yes
61f8af6f-ddd1-43d5-89d1-b8f621e08966,KXCANADAPM-45-C,2025-04-29T01:10:44.045623Z,1010.00,0.2300,0.7700,yes
ec8b36c0-c252-4f1f-8db2-c783eb524e43,KXCANADAPM-45-C,2025-04-29T01:10:14.090679Z,206.00,0.2300,0.7700,yes
022ce0cb-02f7-46f4-84a5-3e0ab28fa093,KXCANADAPM-45-C,2025-04-29T01:10:06.509794Z,350.00,0.2300,0.7700,yes
8f5c0339-24b5-4960-addd-3c1218645c55,KXCANADAPM-45-C,2025-04-29T01:10:03.147842Z,200.00,0.2300,0.7700,yes
0e92ca86-7853-4eef-9754-22adba299c33,KXCANADAPM-45-C,2025-04-29T01:09:30.646697Z,25.00,0.2200,0.7800,no
b966a7cc-f04f-4ad7-925d-83aa7d175937,KXCANADAPM-45-C,2025-04-29T01:09:11.781873Z,82.00,0.2300,0.7700,yes
b9cf1438-5351-4e73-8846-6c8cbd69fddc,KXCANADAPM-45-C,2025-04-29T01:08:51.817589Z,18518.00,0.2300,0.7700,no
547ad6f3-76c8-4e35-9255-42378a81e2bd,KXCANADAPM-45-C,2025-04-29T01:08:51.817589Z,27.00,0.2300,0.7700,no
5ca5e29c-77fd-4408-9646-530e36c6c813,KXCANADAPM-45-C,2025-04-29T01:08:45.96119Z,204.00,0.2300,0.7700,no
25ea1aea-a1db-4a15-9d76-186ebd097f69,KXCANADAPM-45-C,2025-04-29T01:07:53.368062Z,1000.00,0.2300,0.7700,no
81bb2ebf-5944-4278-b3ad-8fab19936e0c,KXCANADAPM-45-C,2025-04-29T01:07:42.127455Z,149.00,0.2400,0.7600,yes
016f0902-9241-4eef-92eb-c55dabb8827f,KXCANADAPM-45-C,2025-04-29T01:07:42.127455Z,100.00,0.2400,0.7600,yes
1f474d59-a4db-4ee3-b579-23b63a1e528f,KXCANADAPM-45-C,2025-04-29T01:07:18.346003Z,78.00,0.2300,0.7700,no
dc162700-88a8-47d9-aec7-5062a8331eac,KXCANADAPM-45-C,2025-04-29T01:06:58.237528Z,62.00,0.2400,0.7600,yes
25f7752e-fcd4-4fbc-8aa6-b9dc141e2760,KXCANADAPM-45-C,2025-04-29T01:06:58.237528Z,254.00,0.2400,0.7600,yes
cc59a2f1-c706-468a-91d8-a8d3f74bfaf5,KXCANADAPM-45-C,2025-04-29T01:06:47.038631Z,164.00,0.2400,0.7600,no
15f2332d-09db-4abb-bf34-57aae3356dac,KXCANADAPM-45-C,2025-04-29T01:06:47.038631Z,582.00,0.2400,0.7600,no
e1fd3d8f-2cf1-4a9b-ab90-f5238397b19e,KXCANADAPM-45-C,2025-04-29T01:06:37.683455Z,1157.00,0.2400,0.7600,no
7ddaa21a-1c44-4485-9227-a5dc8fb69552,KXCANADAPM-45-C,2025-04-29T01:06:35.419574Z,3.00,0.2400,0.7600,no
3d421733-ff9f-445d-9d22-ec3d3057fde6,KXCANADAPM-45-C,2025-04-29T01:06:34.351708Z,1157.00,0.2400,0.7600,no
fac47006-9a31-47ae-ba04-8064d896b7d0,KXCANADAPM-45-C,2025-04-29T01:06:18.1593Z,100.00,0.2500,0.7500,yes
e642a75b-a11d-4295-8986-1a486138a6f9,KXCANADAPM-45-C,2025-04-29T01:06:18.1593Z,307.00,0.2500,0.7500,yes
6fa6ca8b-d6ae-4d29-89ba-215f96dced14,KXCANADAPM-45-C,2025-04-29T01:06:18.1593Z,151.00,0.2500,0.7500,yes
7f1f85a9-7011-4268-b6bd-b988cdcac485,KXCANADAPM-45-C,2025-04-29T01:06:01.621239Z,197.00,0.2500,0.7500,yes
a742634e-2c50-4e58-8d19-c8b6688ced01,KXCANADAPM-45-C,2025-04-29T01:05:53.978961Z,300.00,0.2400,0.7600,no
10d3cea9-1eb0-4314-b252-80c5574137bc,KXCANADAPM-45-C,2025-04-29T01:05:53.978961Z,101.00,0.2400,0.7600,no
a2c28b82-a89f-4bf7-86b4-14ed708c50fd,KXCANADAPM-45-C,2025-04-29T01:05:30.151044Z,152.00,0.2500,0.7500,yes
e0dfa0c0-b6b0-433c-bb83-ef2f9d59bcd7,KXCANADAPM-45-C,2025-04-29T01:04:37.997765Z,2500.00,0.2400,0.7600,yes
d080afc9-184c-4804-abc7-c3d4799c6ddd,KXCANADAPM-45-C,2025-04-29T01:04:37.997765Z,96.00,0.2400,0.7600,yes
be6c0be2-e46d-4e6c-94ee-d06457348169,KXCANADAPM-45-C,2025-04-29T01:04:37.997765Z,800.00,0.2500,0.7500,yes
5d44276f-01db-40c5-a101-8b2fdcd360cc,KXCANADAPM-45-C,2025-04-29T01:04:37.997765Z,100.00,0.2400,0.7600,yes
1d530a93-3e12-4b5c-a8f1-fe9a723b1c24,KXCANADAPM-45-C,2025-04-29T01:04:37.997765Z,228.00,0.2500,0.7500,yes
0b8e710a-5ea0-4229-8898-de44b275ea59,KXCANADAPM-45-C,2025-04-29T01:04:37.997765Z,106.00,0.2500,0.7500,yes
9ac7b9ba-4e43-4dbe-9bfc-3384075f4f3a,KXCANADAPM-45-C,2025-04-29T01:04:10.723618Z,83.00,0.2400,0.7600,yes
6bf51912-9bf9-4c06-8134-866901405bbc,KXCANADAPM-45-C,2025-04-29T01:04:02.420035Z,158.00,0.2400,0.7600,no
b181b02d-7b5d-43fc-badc-63c2922ec0d6,KXCANADAPM-45-C,2025-04-29T01:04:00.737658Z,5.00,0.2400,0.7600,no
a0d46e88-c882-4fb0-ba5e-3aac3b41a78a,KXCANADAPM-45-C,2025-04-29T01:04:00.737658Z,95.00,0.2400,0.7600,no
306fbdbf-c711-4c15-8cbc-27447c73b1a4,KXCANADAPM-45-C,2025-04-29T01:04:00.104362Z,44.00,0.2500,0.7500,yes
855f262a-d4ba-4b5d-abfb-47a0e3340578,KXCANADAPM-45-C,2025-04-29T01:04:00.028785Z,190.00,0.2500,0.7500,yes
ebbd5336-0e5e-41e6-aa86-b017701483ab,KXCANADAPM-45-C,2025-04-29T01:03:59.482746Z,38.00,0.2500,0.7500,yes
f1313894-ced8-4aa4-a8f5-e0af85930e1f,KXCANADAPM-45-C,2025-04-29T01:03:49.191477Z,100.00,0.2400,0.7600,yes
904d5e44-0c0c-4285-b66d-3803c170f83d,KXCANADAPM-45-C,2025-04-29T01:03:49.191477Z,862.00,0.2400,0.7600,yes
09fcb6d7-c035-492e-b95f-5ed05b0062b6,KXCANADAPM-45-C,2025-04-29T01:03:49.191477Z,625.00,0.2400,0.7600,yes
099c5ba2-178b-4bcc-b25b-425b13df43ca,KXCANADAPM-45-C,2025-04-29T01:03:49.191477Z,750.00,0.2400,0.7600,yes
de539cfa-bab2-4cb7-9e24-f353f1819305,KXCANADAPM-45-C,2025-04-29T01:03:46.904256Z,200.00,0.2300,0.7700,no
f200817a-cc64-4f67-b10d-6b3e864cb61c,KXCANADAPM-45-C,2025-04-29T01:03:31.594652Z,7516.00,0.2400,0.7600,yes
a81b086f-e071-44bf-8e50-26e84d85f26c,KXCANADAPM-45-C,2025-04-29T01:03:31.594652Z,176.00,0.2300,0.7700,yes
8ef88b8d-ce25-4db6-ab3b-7f74c536a630,KXCANADAPM-45-C,2025-04-29T01:03:31.594652Z,1168.00,0.2300,0.7700,yes
6531a541-d893-4253-826d-c7cf5e71b589,KXCANADAPM-45-C,2025-04-29T01:03:31.594652Z,825.00,0.2300,0.7700,yes
645453e1-da8a-44ef-9888-b824b9b1faba,KXCANADAPM-45-C,2025-04-29T01:03:31.594652Z,100.00,0.2300,0.7700,yes
e1b7b97e-ac85-466d-9593-4e890dfb3fb5,KXCANADAPM-45-C,2025-04-29T01:03:29.955451Z,808.00,0.2300,0.7700,yes
cf22f8b8-29a9-425b-92e1-bac8551ae1bd,KXCANADAPM-45-C,2025-04-29T01:02:52.575429Z,300.00,0.2200,0.7800,no
8e759c3f-dbf0-4e66-899a-acdea8e8df9c,KXCANADAPM-45-C,2025-04-29T01:02:52.575429Z,300.00,0.2200,0.7800,no
4ccfdc08-9d7a-4dfb-9ce3-4f9dfbc4375b,KXCANADAPM-45-C,2025-04-29T01:02:52.575429Z,1048.00,0.2100,0.7900,no
74d2a8eb-cd3b-4701-b09e-017fc22aaa7b,KXCANADAPM-45-C,2025-04-29T01:02:32.060055Z,58.00,0.2000,0.8000,no
17697153-bf20-4164-8590-246cbc2503d8,KXCANADAPM-45-C,2025-04-29T01:02:32.060055Z,300.00,0.2100,0.7900,no
dda1e49f-d153-44d5-82b0-809faf2e124b,KXCANADAPM-45-C,2025-04-29T01:02:13.107512Z,13.00,0.2300,0.7700,yes
a0f49237-fb97-4174-9b42-dde49d939987,KXCANADAPM-45-C,2025-04-29T01:02:09.912215Z,200.00,0.2300,0.7700,yes
605755f8-dafb-4ba4-a5d3-9c595327ca2e,KXCANADAPM-45-C,2025-04-29T01:02:05.168665Z,178.00,0.2300,0.7700,yes
05f1cb7a-9997-402c-9341-735cff515096,KXCANADAPM-45-C,2025-04-29T01:02:04.778086Z,60.00,0.2300,0.7700,yes
fe7be22b-70ad-43b0-838f-318675e8ec0b,KXCANADAPM-45-C,2025-04-29T01:01:59.53092Z,20.00,0.2200,0.7800,no
d8078cce-59d1-4ca9-8354-6d6f3983aac4,KXCANADAPM-45-C,2025-04-29T01:01:59.53092Z,976.00,0.2100,0.7900,no
a16c11fd-be9e-46a7-a172-45c3598a45fa,KXCANADAPM-45-C,2025-04-29T01:01:59.53092Z,10.00,0.2100,0.7900,no
9b0275e5-e0d5-40fe-8852-8b396784040a,KXCANADAPM-45-C,2025-04-29T01:01:59.53092Z,2000.00,0.2200,0.7800,no
6ea5ad80-130d-414d-a3be-7f31133addbe,KXCANADAPM-45-C,2025-04-29T01:01:59.53092Z,20.00,0.2200,0.7800,no
63b82ed8-a02a-4f8d-bbba-d63ecd15adfb,KXCANADAPM-45-C,2025-04-29T01:01:59.53092Z,20.00,0.2200,0.7800,no
30def5a3-e805-4444-9131-cac14705c723,KXCANADAPM-45-C,2025-04-29T01:01:59.53092Z,200.00,0.2200,0.7800,no
28e6ab04-b73d-4e9c-825c-c353962dd4e6,KXCANADAPM-45-C,2025-04-29T01:01:59.53092Z,52.00,0.2200,0.7800,no
398ef9df-b88b-4841-a2d2-617f4e68efcc,KXCANADAPM-45-C,2025-04-29T01:01:55.419475Z,4.00,0.2300,0.7700,yes
5a925f23-dfdf-4a8a-aaf8-7b08eac3c3e4,KXCANADAPM-45-C,2025-04-29T01:01:53.866595Z,20.00,0.2300,0.7700,yes
b7390391-0e9c-4d7e-a05b-37496e077f05,KXCANADAPM-45-C,2025-04-29T01:01:43.864562Z,100.00,0.2300,0.7700,yes
2ca3199b-e594-462d-b77d-180f4f8654c4,KXCANADAPM-45-C,2025-04-29T01:01:42.150841Z,20.00,0.2300,0.7700,yes
9b463232-086d-4320-91c2-46433ae39780,KXCANADAPM-45-C,2025-04-29T01:01:35.751802Z,232.00,0.2300,0.7700,yes
8c3cb765-b9a6-426b-a85a-a32b979f5914,KXCANADAPM-45-C,2025-04-29T01:01:35.460869Z,2540.00,0.2300,0.7700,yes
a8c15394-512d-4585-9141-3cb29c6f111f,KXCANADAPM-45-C,2025-04-29T01:01:28.133072Z,151.00,0.2300,0.7700,no
865fc8da-b57a-4c98-a880-afb8061e8bf5,KXCANADAPM-45-C,2025-04-29T01:01:28.133072Z,125.00,0.2300,0.7700,no
839fc211-ea84-436b-ae31-8e8bb1bc99eb,KXCANADAPM-45-C,2025-04-29T01:01:28.133072Z,300.00,0.2300,0.7700,no
3c55ce0d-a5b2-4e4e-8c83-cdd5b1b35f1a,KXCANADAPM-45-C,2025-04-29T01:01:24.526542Z,49.00,0.2300,0.7700,no
0f5d6b38-8abb-44d5-8ac8-cd06b590b4ba,KXCANADAPM-45-C,2025-04-29T01:01:24.526542Z,9.00,0.2300,0.7700,no
fd1ea00a-3ef3-4507-b59c-6f530db3dd11,KXCANADAPM-45-C,2025-04-29T01:01:02.568315Z,395.00,0.2400,0.7600,yes
36020386-8c84-47ca-a290-b8333b1a527d,KXCANADAPM-45-C,2025-04-29T01:00:50.707724Z,38.00,0.2400,0.7600,yes
29a7f769-4560-4c7d-b318-68f5420aae31,KXCANADAPM-45-C,2025-04-29T01:00:27.107457Z,1.00,0.2400,0.7600,yes
fe4ee5c5-34de-4e49-916a-34e3118942d9,KXCANADAPM-45-C,2025-04-29T01:00:20.807594Z,50.00,0.2300,0.7700,no
fb6058b6-53fc-4257-8fa8-97bc6a90f3d7,KXCANADAPM-45-C,2025-04-29T01:00:13.415617Z,79.00,0.2400,0.7600,yes
ae770180-f643-4f30-bd8c-8326c3236393,KXCANADAPM-45-C,2025-04-29T01:00:11.930405Z,109.00,0.2400,0.7600,yes
f05ec51a-2553-49ce-9a4f-501956783555,KXCANADAPM-45-C,2025-04-29T01:00:11.623976Z,1000.00,0.2400,0.7600,no
e6729b41-5dd5-4ca2-89f6-c2a0981d7cfe,KXCANADAPM-45-C,2025-04-29T01:00:11.623976Z,1000.00,0.2400,0.7600,no
96236c67-0c7b-4703-9de3-9fb75ebb55d9,KXCANADAPM-45-C,2025-04-29T01:00:11.623976Z,200.00,0.2400,0.7600,no
67c5d081-32fc-4ad5-a6c7-f629bc81886a,KXCANADAPM-45-C,2025-04-29T01:00:11.623976Z,4.00,0.2400,0.7600,no
16747b5b-c1a4-44bf-a280-86ac086faea6,KXCANADAPM-45-C,2025-04-29T01:00:11.623976Z,200.00,0.2400,0.7600,no
41d30a7f-c27b-433d-8148-daae0f6d5a8a,KXCANADAPM-45-C,2025-04-29T01:00:01.400948Z,7.00,0.2600,0.7400,yes
89cfe66f-d0da-4930-ad2b-ecfa0b97e4ef,KXCANADAPM-45-C,2025-04-29T00:58:55.440349Z,291.00,0.2500,0.7500,yes
810d84fb-a612-41e1-b293-c89368ff3991,KXCANADAPM-45-C,2025-04-29T00:58:55.440349Z,100.00,0.2500,0.7500,yes
dcd14ef6-5e3d-4bfa-8f9c-cab7a80c0c33,KXCANADAPM-45-C,2025-04-29T00:58:41.234245Z,48.00,0.2500,0.7500,yes
0d68c104-ef79-4413-9554-5e5bdb4ddc80,KXCANADAPM-45-C,2025-04-29T00:58:35.497353Z,61.00,0.2500,0.7500,no
c8a57b08-786c-40b3-b100-451eb616ad72,KXCANADAPM-45-C,2025-04-29T00:58:13.556446Z,739.00,0.2500,0.7500,no
17f96f81-f961-4f62-bdbe-f8509c48b0b0,KXCANADAPM-45-C,2025-04-29T00:58:13.556446Z,11.00,0.2500,0.7500,no
c656936c-efad-4b90-bda4-3b868faf0a7a,KXCANADAPM-45-C,2025-04-29T00:58:10.159167Z,89.00,0.2500,0.7500,no
f1f45e25-31db-480d-a61f-5d8aba4b2a82,KXCANADAPM-45-C,2025-04-29T00:58:04.344605Z,145.00,0.2600,0.7400,yes
bd599122-879a-49a1-85d5-cb8715d572e2,KXCANADAPM-45-C,2025-04-29T00:57:37.632985Z,100.00,0.2600,0.7400,yes
4ab6abc5-20f4-4d32-ad5d-9444f8ae2bfd,KXCANADAPM-45-C,2025-04-29T00:57:37.632985Z,989.00,0.2600,0.7400,yes
16a7d4c4-c90c-4786-adb6-a5cdeeeeabf7,KXCANADAPM-45-C,2025-04-29T00:57:37.632985Z,702.00,0.2600,0.7400,yes
060de9f7-bc25-444d-bf71-52072570b46b,KXCANADAPM-45-C,2025-04-29T00:56:09.428179Z,36.00,0.2600,0.7400,yes
e8540549-942b-44c3-b8b6-a86637b0281a,KXCANADAPM-45-C,2025-04-29T00:56:02.938683Z,3049.00,0.2600,0.7400,yes
c64d29ea-3592-4235-9589-9917cdb0a1ff,KXCANADAPM-45-C,2025-04-29T00:56:02.938683Z,220.00,0.2500,0.7500,yes
3ad69d60-e813-4a96-b50e-33ec607a8d9f,KXCANADAPM-45-C,2025-04-29T00:56:02.938683Z,81.00,0.2500,0.7500,yes
1b13f1ed-6c14-4da9-87bf-6b46a6788e78,KXCANADAPM-45-C,2025-04-29T00:56:02.938683Z,100.00,0.2500,0.7500,yes
6d94a919-71ce-485f-a150-e42650babf9e,KXCANADAPM-45-C,2025-04-29T00:55:40.831557Z,186.00,0.2500,0.7500,yes
51d176f4-52f0-4391-acd7-08fa7f279b15,KXCANADAPM-45-C,2025-04-29T00:55:38.344712Z,380.00,0.2500,0.7500,yes
07610a9a-f429-4d99-a7ed-d9790aba0876,KXCANADAPM-45-C,2025-04-29T00:55:28.391848Z,6.00,0.2500,0.7500,yes
92a4b703-4dc4-4b81-9377-77deaa2e318e,KXCANADAPM-45-C,2025-04-29T00:55:07.248054Z,83.00,0.2500,0.7500,yes
ae0bad38-6a03-4950-aa7f-ddd8469e9060,KXCANADAPM-45-C,2025-04-29T00:54:57.946284Z,125.00,0.2500,0.7500,no
ade6487e-1412-462f-ad90-21e478085582,KXCANADAPM-45-C,2025-04-29T00:54:41.728451Z,1083.00,0.2500,0.7500,yes
94478c3a-c2f6-4ee9-9825-0408a7fd295f,KXCANADAPM-45-C,2025-04-29T00:54:41.728451Z,5000.00,0.2500,0.7500,yes
c9be49a7-e89b-40ce-9d11-50f27163ace5,KXCANADAPM-45-C,2025-04-29T00:54:28.411715Z,70.00,0.2500,0.7500,yes
9e6e6d36-1d8b-4e23-ba53-4afa54f469b7,KXCANADAPM-45-C,2025-04-29T00:54:28.411715Z,23.00,0.2400,0.7600,yes
9bf026c0-aee9-4464-bd3c-d6a796e3e736,KXCANADAPM-45-C,2025-04-29T00:54:28.411715Z,97.00,0.2500,0.7500,yes
e89fa2a5-97cc-41aa-abae-fe458a407e29,KXCANADAPM-45-C,2025-04-29T00:54:20.180665Z,134.00,0.2300,0.7700,no
e1f15d28-63c9-4d6e-a4b4-ab454e83f401,KXCANADAPM-45-C,2025-04-29T00:54:10.233871Z,4.00,0.2500,0.7500,yes
6c4c58fe-c9cb-419c-ab5d-e7c6ef278e75,KXCANADAPM-45-C,2025-04-29T00:54:10.233871Z,3.00,0.2500,0.7500,yes
4963b897-83ae-42c1-8d20-5665862a24d6,KXCANADAPM-45-C,2025-04-29T00:53:30.946001Z,181.00,0.2600,0.7400,yes
ac18ee05-cc84-49ae-a3a5-da47d1c78612,KXCANADAPM-45-C,2025-04-29T00:53:18.967498Z,221.00,0.2300,0.7700,no
10a7b2b9-8262-4ed2-b5b2-ea38160152d7,KXCANADAPM-45-C,2025-04-29T00:53:15.932728Z,50.00,0.2600,0.7400,yes
50a3f65e-3623-4742-9e98-d8a82fdcf320,KXCANADAPM-45-C,2025-04-29T00:53:09.275484Z,35.00,0.2600,0.7400,yes
eacbbef1-5d7d-445b-acd9-3b2ce52a1401,KXCANADAPM-45-C,2025-04-29T00:52:55.421524Z,76.00,0.2500,0.7500,yes
92f4c3fc-7863-47ea-a43d-ff8426b909d6,KXCANADAPM-45-C,2025-04-29T00:52:53.959908Z,250.00,0.2500,0.7500,yes
5628171f-b768-4f57-926a-c514f459d366,KXCANADAPM-45-C,2025-04-29T00:52:53.959908Z,24.00,0.2500,0.7500,yes
fb5af18a-975d-42f7-a877-92cfc220cb28,KXCANADAPM-45-C,2025-04-29T00:52:51.282131Z,200.00,0.2400,0.7600,no
de642d38-1641-4abb-9404-8ad286320c1b,KXCANADAPM-45-C,2025-04-29T00:52:51.282131Z,100.00,0.2400,0.7600,no
9c1343e1-fc54-4f48-8776-ed7f35971b70,KXCANADAPM-45-C,2025-04-29T00:52:51.282131Z,4.00,0.2400,0.7600,no
3b376de5-961f-4f41-82a6-42e94958d5df,KXCANADAPM-45-C,2025-04-29T00:52:45.712989Z,82.00,0.2500,0.7500,no
b8480aff-9892-4f6b-ae5f-e9702989c871,KXCANADAPM-45-C,2025-04-29T00:52:24.413612Z,30.00,0.2600,0.7400,yes
d5a7dbd1-7f40-499c-a6a6-df8b48dc8e4a,KXCANADAPM-45-C,2025-04-29T00:51:41.251511Z,10.00,0.2500,0.7500,yes
64c4447d-3132-4c37-8236-87484796455a,KXCANADAPM-45-C,2025-04-29T00:51:41.251511Z,10.00,0.2600,0.7400,yes
fcd01eef-1a7d-4079-b33b-8e72b12184e7,KXCANADAPM-45-C,2025-04-29T00:51:20.779136Z,4.00,0.2600,0.7400,yes
d5624a8e-0fcc-4d5c-9d45-048766b29731,KXCANADAPM-45-C,2025-04-29T00:51:20.779136Z,100.00,0.2600,0.7400,yes
b359b605-75a5-4739-94bb-30f604bdf7c1,KXCANADAPM-45-C,2025-04-29T00:51:20.779136Z,3.00,0.2600,0.7400,yes
ac9d3041-ca39-45ab-8419-4c301b3731c7,KXCANADAPM-45-C,2025-04-29T00:51:20.779136Z,2.00,0.2500,0.7500,yes
79529271-c17a-4169-8299-a7f8c37ea070,KXCANADAPM-45-C,2025-04-29T00:51:20.779136Z,165.00,0.2600,0.7400,yes
13c193b6-f2c7-4781-a96e-edc27dbcef7a,KXCANADAPM-45-C,2025-04-29T00:51:20.779136Z,21.00,0.2600,0.7400,yes
0f36e7f9-71f3-4bdb-acb3-f96b62fec9af,KXCANADAPM-45-C,2025-04-29T00:51:20.779136Z,70.00,0.2600,0.7400,yes
0418db19-8cdf-4f97-8e1e-47e08d4f8a9e,KXCANADAPM-45-C,2025-04-29T00:51:20.20726Z,30.00,0.2500,0.7500,yes
e21af4e4-a916-451f-89a3-ff8057db860c,KXCANADAPM-45-C,2025-04-29T00:51:06.245789Z,8.00,0.2500,0.7500,yes
40b66e12-0f71-4798-a58b-1542e6840c74,KXCANADAPM-45-C,2025-04-29T00:51:06.245789Z,26.00,0.2500,0.7500,yes
b77ddbc9-26be-45f6-880c-81b583151065,KXCANADAPM-45-C,2025-04-29T00:51:00.219753Z,10.00,0.2300,0.7700,no
840641d7-59a6-495a-befe-1708609c3d85,KXCANADAPM-45-C,2025-04-29T00:51:00.219753Z,86.00,0.2300,0.7700,no
64d1b622-450e-4bc4-aea6-d6f077e1b723,KXCANADAPM-45-C,2025-04-29T00:51:00.219753Z,20.00,0.2400,0.7600,no
3801e3fe-978f-40a6-9b0c-f14fc3b266ee,KXCANADAPM-45-C,2025-04-29T00:51:00.219753Z,10.00,0.2400,0.7600,no
4cf15f45-c8fc-429d-98a7-52ea1ed38f2a,KXCANADAPM-45-C,2025-04-29T00:50:54.871434Z,50.00,0.2500,0.7500,yes
f9d116a2-1e48-4ab8-8a4d-48f69956cd8e,KXCANADAPM-45-C,2025-04-29T00:50:51.727885Z,124.00,0.2500,0.7500,no
e9c686b4-6895-4b79-8695-bb02ffd90c15,KXCANADAPM-45-C,2025-04-29T00:50:50.650209Z,191.00,0.2500,0.7500,no
8c9eb3c8-5faf-420f-a937-b72e946d2502,KXCANADAPM-45-C,2025-04-29T00:50:49.882042Z,427.00,0.2500,0.7500,no
7acaae36-1fae-470a-9657-3d1401373fb3,KXCANADAPM-45-C,2025-04-29T00:50:49.882042Z,4.00,0.2500,0.7500,no
3009c812-4f5b-4ba1-84fd-89b8884c2089,KXCANADAPM-45-C,2025-04-29T00:50:49.882042Z,10.00,0.2500,0.7500,no
03331ba5-c385-448d-bc87-6709438d2e32,KXCANADAPM-45-C,2025-04-29T00:50:49.882042Z,559.00,0.2500,0.7500,no
64e1d101-7a78-453e-8789-79daa59798c2,KXCANADAPM-45-C,2025-04-29T00:50:34.873668Z,23.00,0.2700,0.7300,yes
f8662e57-85b3-456e-9322-0022e9813cdd,KXCANADAPM-45-C,2025-04-29T00:50:28.879049Z,80.00,0.2700,0.7300,yes
0df3ef0e-3b07-4b9d-a858-420376abfa88,KXCANADAPM-45-C,2025-04-29T00:50:19.706274Z,102.00,0.2800,0.7200,yes
b05c22ba-ed78-46e2-a005-4a9c834ed8e6,KXCANADAPM-45-C,2025-04-29T00:50:07.16701Z,15.00,0.2700,0.7300,no
431f8865-0b58-4c48-bbfa-7826f01183fe,KXCANADAPM-45-C,2025-04-29T00:50:07.16701Z,21.00,0.2600,0.7400,no
c748bb31-ddf7-4fd5-9c05-4591fa93b076,KXCANADAPM-45-C,2025-04-29T00:49:33.615849Z,34.00,0.2800,0.7200,yes
2c9fd120-2665-46fe-921e-211b615b77d3,KXCANADAPM-45-C,2025-04-29T00:49:33.06712Z,193.00,0.2700,0.7300,no
a6365ffe-3c4b-42d5-8739-84713d8667cd,KXCANADAPM-45-C,2025-04-29T00:49:23.285581Z,811.00,0.2800,0.7200,yes
f06c2271-5465-47f1-92cc-cc4c3353ff6f,KXCANADAPM-45-C,2025-04-29T00:48:36.732406Z,121.00,0.2900,0.7100,yes
d8940b2e-8091-4e42-a1a8-4d05ace62bf8,KXCANADAPM-45-C,2025-04-29T00:48:36.732406Z,28.00,0.2900,0.7100,yes
fc98b205-68c2-4c9e-b4d1-805e219c6fbc,KXCANADAPM-45-C,2025-04-29T00:48:24.805177Z,709.00,0.2800,0.7200,no
7b156610-e26b-489a-8ead-6ec3b51d6c16,KXCANADAPM-45-C,2025-04-29T00:47:39.122178Z,8.00,0.2900,0.7100,yes
f1374ecb-8d49-46ec-bbfa-c487850ca5e1,KXCANADAPM-45-C,2025-04-29T00:47:19.2634Z,578.00,0.2800,0.7200,no
9d172a3d-3f6d-41b7-ad23-14ee8578c848,KXCANADAPM-45-C,2025-04-29T00:47:11.417105Z,82.00,0.2900,0.7100,yes
6e86414e-ea9f-4486-8ed5-322843ceb55b,KXCANADAPM-45-C,2025-04-29T00:47:05.480355Z,27.00,0.2800,0.7200,no
e50be022-2082-4f62-9c80-6840ccaab07f,KXCANADAPM-45-C,2025-04-29T00:46:52.230422Z,32.00,0.2900,0.7100,yes
99788dcf-92a7-44b7-96e8-8df6a09e20dd,KXCANADAPM-45-C,2025-04-29T00:46:49.022139Z,1400.00,0.2800,0.7200,no
f2d4d151-b30c-40d7-b3e1-8ce006899e66,KXCANADAPM-45-C,2025-04-29T00:46:30.078112Z,78.00,0.2900,0.7100,yes
815fc48f-7cb3-43aa-82ca-9f3fc46daa9b,KXCANADAPM-45-C,2025-04-29T00:46:21.242004Z,6.00,0.2900,0.7100,yes
c20f51e6-430a-48dc-806c-8bc9cde6ce6d,KXCANADAPM-45-C,2025-04-29T00:46:12.57771Z,300.00,0.2800,0.7200,no
d5adfde2-da7f-4fd8-ae85-d95a840ff70b,KXCANADAPM-45-C,2025-04-29T00:46:10.715555Z,100.00,0.2800,0.7200,yes
a2f1fd42-ece7-4807-82eb-5cbc21877b5f,KXCANADAPM-45-C,2025-04-29T00:46:10.715555Z,10.00,0.2900,0.7100,yes
946664f4-9f37-4c8e-b36c-e67b658d1dad,KXCANADAPM-45-C,2025-04-29T00:46:10.715555Z,4.00,0.2900,0.7100,yes
7761c7a5-4769-413b-a787-bab3cef7a595,KXCANADAPM-45-C,2025-04-29T00:46:10.715555Z,40.00,0.2900,0.7100,yes
3e727bb7-fca4-40d5-864b-053ecd52cc57,KXCANADAPM-45-C,2025-04-29T00:46:10.715555Z,176.00,0.2800,0.7200,yes
310be7dc-9f03-4949-a7b7-d44737c5bfa8,KXCANADAPM-45-C,2025-04-29T00:46:10.715555Z,1550.00,0.2900,0.7100,yes
0d26c18a-7394-4a67-bd24-0728e47529ad,KXCANADAPM-45-C,2025-04-29T00:46:10.715555Z,100.00,0.2900,0.7100,yes
1f42527a-3a23-4ae0-95ec-b7c688f96522,KXCANADAPM-45-C,2025-04-29T00:45:53.377602Z,761.00,0.2700,0.7300,no
d4c213ce-d509-4afd-9437-abb5f2ae76ec,KXCANADAPM-45-C,2025-04-29T00:45:31.973712Z,23.00,0.2800,0.7200,yes
cd7b0f00-e005-4f2e-b44c-7397d0beb8d2,KXCANADAPM-45-C,2025-04-29T00:45:24.098922Z,111.00,0.2800,0.7200,yes
d8992324-9272-45d6-a95e-83b9b08fec9e,KXCANADAPM-45-C,2025-04-29T00:45:10.418993Z,17.00,0.2800,0.7200,yes
c34241bf-3af8-446f-924b-55cb7f53cc6c,KXCANADAPM-45-C,2025-04-29T00:45:02.823306Z,5.00,0.2800,0.7200,yes
422abc18-0739-4de5-8101-05e1d391e544,KXCANADAPM-45-C,2025-04-29T00:44:55.478996Z,31.00,0.2700,0.7300,no
6d1ad9b3-ed80-41ce-9cee-3cbb5ec2f542,KXCANADAPM-45-C,2025-04-29T00:44:53.699476Z,58.00,0.2800,0.7200,no
42aa5cf0-5810-4b06-a11d-4a5ec67b7f0a,KXCANADAPM-45-C,2025-04-29T00:44:53.699476Z,110.00,0.2800,0.7200,no
3f1f6250-1956-4e8e-9aaf-8b44df9fe629,KXCANADAPM-45-C,2025-04-29T00:44:42.528473Z,620.00,0.2900,0.7100,yes
8fb889bd-679c-4bdc-97ad-04c75cd00762,KXCANADAPM-45-C,2025-04-29T00:44:24.321705Z,10.00,0.2700,0.7300,no
8371caa7-0a53-4acd-a0c0-5895201ab749,KXCANADAPM-45-C,2025-04-29T00:44:24.321705Z,4.00,0.2700,0.7300,no
60dd9aa9-4859-4d9f-93ad-b97e575fe1f7,KXCANADAPM-45-C,2025-04-29T00:44:24.321705Z,914.00,0.2800,0.7200,no
2e221ff2-f678-4cac-8bcc-048907974877,KXCANADAPM-45-C,2025-04-29T00:44:24.321705Z,196.00,0.2700,0.7300,no
2ce9fb81-c0a5-436a-9bcb-1c1ab17230c7,KXCANADAPM-45-C,2025-04-29T00:44:24.321705Z,61.00,0.2700,0.7300,no
a3b23577-09b6-41d1-9269-811fb97c06c0,KXCANADAPM-45-C,2025-04-29T00:44:20.700928Z,1086.00,0.2800,0.7200,no
43fc7b26-3dd6-4708-b12c-199701e664c4,KXCANADAPM-45-C,2025-04-29T00:44:19.283018Z,1086.00,0.2800,0.7200,yes
ec2d3bec-f538-4ec8-994b-b4a9837044cb,KXCANADAPM-45-C,2025-04-29T00:44:14.546792Z,173.00,0.2700,0.7300,no
188ef256-4d33-400b-ba0d-4d662d5c2e89,KXCANADAPM-45-C,2025-04-29T00:43:53.229466Z,100.00,0.2700,0.7300,no
fad297e8-55a4-4fde-aa5e-fd27a92152bb,KXCANADAPM-45-C,2025-04-29T00:43:36.321303Z,22.00,0.2700,0.7300,no
eaeb40de-b8d6-4496-9838-c7500ba26d5f,KXCANADAPM-45-C,2025-04-29T00:43:33.762721Z,376.00,0.2700,0.7300,no
f069d2f8-7a08-4b7c-949f-da8eff83b2f2,KXCANADAPM-45-C,2025-04-29T00:43:26.791851Z,318.00,0.2700,0.7300,no
728e02f7-634f-44f6-a16d-6395cb476060,KXCANADAPM-45-C,2025-04-29T00:43:07.239456Z,20.00,0.2800,0.7200,yes
e49a8cca-433a-4c84-8e50-b62322068933,KXCANADAPM-45-C,2025-04-29T00:42:47.553572Z,69.00,0.2800,0.7200,yes
0c6ec867-954f-4d3a-ae58-8929a6d3f81c,KXCANADAPM-45-C,2025-04-29T00:42:47.553572Z,100.00,0.2800,0.7200,yes
7ce7d808-d229-4950-8beb-8e8f5b0d5ff8,KXCANADAPM-45-C,2025-04-29T00:42:28.864298Z,64.00,0.2800,0.7200,yes
c861d820-caba-44bc-87c2-5df67df36a50,KXCANADAPM-45-C,2025-04-29T00:42:26.548322Z,100.00,0.2800,0.7200,no
857a2b68-e1ef-45e0-8edd-c6fede831539,KXCANADAPM-45-C,2025-04-29T00:42:26.548322Z,1976.00,0.2800,0.7200,no
4b819418-5e93-49ad-82bd-605e1a134616,KXCANADAPM-45-C,2025-04-29T00:42:26.548322Z,10.00,0.2700,0.7300,no
48c9c6b5-2dd4-4d57-95ca-80c9237f4bac,KXCANADAPM-45-C,2025-04-29T00:42:26.548322Z,1815.00,0.2700,0.7300,no
407f2136-51d8-433a-9408-ec5d9d7b629a,KXCANADAPM-45-C,2025-04-29T00:42:26.548322Z,611.00,0.2700,0.7300,no
79e31efd-eebb-4e68-9064-7cbe1071eaa2,KXCANADAPM-45-C,2025-04-29T00:41:53.632212Z,34.00,0.2800,0.7200,no
1e655ce3-5a9d-41d1-a73f-3f5c1135d08a,KXCANADAPM-45-C,2025-04-29T00:41:49.211853Z,400.00,0.2800,0.7200,yes
f9215b16-b1b4-4efc-bc4e-1690e11bba92,KXCANADAPM-45-C,2025-04-29T00:41:48.358566Z,10.00,0.2800,0.7200,yes
93c9b8b3-b956-4bae-96ff-f75c337db5fc,KXCANADAPM-45-C,2025-04-29T00:41:48.358566Z,57.00,0.2800,0.7200,yes
9faf5852-0825-4da8-9f2d-287394005a99,KXCANADAPM-45-C,2025-04-29T00:41:25.353025Z,1.00,0.2800,0.7200,yes
702845b6-2150-480e-b79e-bc0b1384dcfd,KXCANADAPM-45-C,2025-04-29T00:40:55.354904Z,95.00,0.2800,0.7200,yes
d92bc979-3559-43c1-9d21-560a8a798ad9,KXCANADAPM-45-C,2025-04-29T00:40:48.687162Z,220.00,0.2800,0.7200,yes
b7dc3a6f-580c-4f7a-98ce-23096a9be7b1,KXCANADAPM-45-C,2025-04-29T00:40:48.687162Z,100.00,0.2800,0.7200,yes
7818f469-2d86-4784-984e-cdb8c6f11af1,KXCANADAPM-45-C,2025-04-29T00:40:48.687162Z,1860.00,0.2800,0.7200,yes
620b7e71-e7b3-4324-85a9-cf2d4f6975a1,KXCANADAPM-45-C,2025-04-29T00:40:48.687162Z,20.00,0.2800,0.7200,yes
2056b4d3-8411-4b61-8c85-3b28c6ade3c9,KXCANADAPM-45-C,2025-04-29T00:40:48.687162Z,800.00,0.2800,0.7200,yes
cf875431-bc9e-4ec3-82f3-b3fa9563b6cb,KXCANADAPM-45-C,2025-04-29T00:40:33.699901Z,34.00,0.2800,0.7200,yes
b82ace7b-9ca3-43f0-8321-c15231921302,KXCANADAPM-45-C,2025-04-29T00:40:19.842277Z,289.00,0.2700,0.7300,no
ec0db621-6111-4773-84c3-f4caf4c58c86,KXCANADAPM-45-C,2025-04-29T00:40:14.184168Z,100.00,0.2700,0.7300,yes
b3233333-8a99-4f74-ba67-107208868d50,KXCANADAPM-45-C,2025-04-29T00:40:14.184168Z,144.00,0.2700,0.7300,yes
03061251-048d-4cec-86b2-d1dd2be8c9aa,KXCANADAPM-45-C,2025-04-29T00:40:14.184168Z,1600.00,0.2700,0.7300,yes
f001811b-2ae4-4093-9fdd-2992f8974087,KXCANADAPM-45-C,2025-04-29T00:40:01.36826Z,172.00,0.2800,0.7200,yes
6f185ae9-0094-41a2-b1c3-ac635b4a9803,KXCANADAPM-45-C,2025-04-29T00:40:01.36826Z,100.00,0.2800,0.7200,yes
26d165b7-54c0-4133-be39-dea172449b9e,KXCANADAPM-45-C,2025-04-29T00:40:01.36826Z,44.00,0.2800,0.7200,yes
20ce8485-f107-45e1-b847-e37ef6e4400d,KXCANADAPM-45-C,2025-04-29T00:40:01.36826Z,24.00,0.2700,0.7300,yes
022b7241-c75a-4266-93e9-23c86792e202,KXCANADAPM-45-C,2025-04-29T00:39:50.889326Z,9.00,0.2700,0.7300,yes
7609567a-347d-4021-995f-8c64af8f06ac,KXCANADAPM-45-C,2025-04-29T00:39:50.170474Z,7.00,0.2700,0.7300,yes
0bf50d25-95b1-4ae8-bbb1-26eebe9e4c90,KXCANADAPM-45-C,2025-04-29T00:39:50.170474Z,28.00,0.2700,0.7300,yes
d22339e1-0345-4715-967d-5beaef730617,KXCANADAPM-45-C,2025-04-29T00:39:48.373578Z,2.00,0.2700,0.7300,yes
2c81b385-5d54-46e1-84fb-b968ad022287,KXCANADAPM-45-C,2025-04-29T00:39:35.336284Z,160.00,0.2600,0.7400,no
213f9607-e2d0-4733-be79-829eed3be456,KXCANADAPM-45-C,2025-04-29T00:39:28.922765Z,10.00,0.2600,0.7400,no
02a5551e-88c2-4a25-a221-df7d31f5c1ba,KXCANADAPM-45-C,2025-04-29T00:39:28.922765Z,12.00,0.2600,0.7400,no
6c257053-1ba9-4919-9115-0c40852db694,KXCANADAPM-45-C,2025-04-29T00:39:28.12017Z,50.00,0.2700,0.7300,yes
3c3624ca-53fa-41af-bc42-0ac68d9ae0fb,KXCANADAPM-45-C,2025-04-29T00:39:28.12017Z,52.00,0.2800,0.7200,yes
7e034313-51ab-4bc1-b384-9f4a6e5ed611,KXCANADAPM-45-C,2025-04-29T00:39:20.651934Z,100.00,0.2700,0.7300,yes
1438e1b0-dcfb-4f95-b7fc-862867336608,KXCANADAPM-45-C,2025-04-29T00:39:20.651934Z,76.00,0.2700,0.7300,yes
59a4e613-f355-4020-8241-0f68fbb70cfc,KXCANADAPM-45-C,2025-04-29T00:38:58.495689Z,339.00,0.2700,0.7300,yes
5cb4aa13-5fc7-4e10-8156-7e03c62eb16d,KXCANADAPM-45-C,2025-04-29T00:38:56.412187Z,190.00,0.2700,0.7300,no
523b8c6a-8d2b-411e-927f-dd9955499633,KXCANADAPM-45-C,2025-04-29T00:38:56.412187Z,100.00,0.2700,0.7300,no
eabab986-69ec-4438-9b81-7b9d9c3b895e,KXCANADAPM-45-C,2025-04-29T00:38:45.085662Z,2.00,0.2700,0.7300,no
9e60043a-c818-47a2-8bf1-518009b0451b,KXCANADAPM-45-C,2025-04-29T00:38:42.890133Z,3.00,0.2900,0.7100,yes
334645fc-7345-496d-9cd7-5f5420c7256f,KXCANADAPM-45-C,2025-04-29T00:38:40.744857Z,82.00,0.2900,0.7100,yes
ce840a67-40f4-4285-b6a7-71a18589b55b,KXCANADAPM-45-C,2025-04-29T00:38:36.965864Z,8.00,0.2700,0.7300,no
af3aea5f-74d8-4430-a0ec-939febed1e3a,KXCANADAPM-45-C,2025-04-29T00:38:26.193614Z,100.00,0.2900,0.7100,yes
9a5350e7-5489-46fd-9ee5-47bbc61ef45a,KXCANADAPM-45-C,2025-04-29T00:38:26.193614Z,47.00,0.2900,0.7100,yes
63fb77e5-5de4-4d2e-b762-94b85944a7f2,KXCANADAPM-45-C,2025-04-29T00:38:20.741873Z,64.00,0.2800,0.7200,yes
f4a130dc-77a0-4b02-a012-ea163039b47c,KXCANADAPM-45-C,2025-04-29T00:38:10.673779Z,100.00,0.2900,0.7100,yes
cb870ec6-5390-400d-a88d-c4ecc8ec6961,KXCANADAPM-45-C,2025-04-29T00:38:10.673779Z,10.00,0.2800,0.7200,yes
bbf43764-96dc-46bf-a513-9679c3ce526c,KXCANADAPM-45-C,2025-04-29T00:38:10.673779Z,412.00,0.2900,0.7100,yes
a3465ede-e404-4f3b-8ee3-40d0f9fac85d,KXCANADAPM-45-C,2025-04-29T00:38:10.673779Z,135.00,0.2800,0.7200,yes
bf6fbba5-d9ed-4d9a-bd75-8464488c4143,KXCANADAPM-45-C,2025-04-29T00:38:06.712916Z,266.00,0.2800,0.7200,no
3c6cea1f-3b10-4d6e-8101-a71f9de2089d,KXCANADAPM-45-C,2025-04-29T00:38:06.712916Z,100.00,0.2800,0.7200,no
43cb1491-7a04-4654-8baf-124c6dac13a3,KXCANADAPM-45-C,2025-04-29T00:37:40.882678Z,53.00,0.2900,0.7100,yes
2ce6f162-64d9-41ff-b6db-99b167bb6ab7,KXCANADAPM-45-C,2025-04-29T00:37:40.882678Z,6.00,0.2900,0.7100,yes
da77ebae-4174-427d-a3eb-a8596734ed4e,KXCANADAPM-45-C,2025-04-29T00:37:31.8604Z,16.00,0.2800,0.7200,no
f01019ea-07ef-4130-8fa1-0514ff51d0d8,KXCANADAPM-45-C,2025-04-29T00:37:31.40286Z,46.00,0.3000,0.7000,yes
9bf12fd2-e27b-46ab-9962-c43d8a23f97b,KXCANADAPM-45-C,2025-04-29T00:37:31.40286Z,257.00,0.2900,0.7100,yes
7ed72605-8e13-4ac3-8545-7de44654b85c,KXCANADAPM-45-C,2025-04-29T00:37:31.40286Z,410.00,0.2900,0.7100,yes
537cbc75-035d-4737-a0f7-564d83affadc,KXCANADAPM-45-C,2025-04-29T00:37:31.40286Z,53.00,0.2900,0.7100,yes
36ca6f8e-8827-4016-b748-b90e2acd0437,KXCANADAPM-45-C,2025-04-29T00:37:31.40286Z,53.00,0.2900,0.7100,yes
223e2370-07ad-4ccb-8560-834990a0b6b5,KXCANADAPM-45-C,2025-04-29T00:37:30.7849Z,22.00,0.2900,0.7100,yes
b343efb1-dbf8-4c6c-afef-c40d73641280,KXCANADAPM-45-C,2025-04-29T00:37:22.919854Z,787.00,0.2800,0.7200,no
4e403891-3877-426e-8146-4769c2d27bf5,KXCANADAPM-45-C,2025-04-29T00:37:13.631532Z,3.00,0.2900,0.7100,yes
ed323dfc-ccb6-4d4d-9d75-ba424112b636,KXCANADAPM-45-C,2025-04-29T00:37:03.197075Z,160.00,0.2900,0.7100,yes
e9200b09-bad8-482f-b96a-9089e231591b,KXCANADAPM-45-C,2025-04-29T00:37:03.197075Z,103.00,0.2900,0.7100,yes
c0c5d881-c27a-4c7a-8f5c-7f3ac4583c7f,KXCANADAPM-45-C,2025-04-29T00:37:03.197075Z,65.00,0.2900,0.7100,yes
aa7d5572-cbec-4327-ac3a-afe98a3740d6,KXCANADAPM-45-C,2025-04-29T00:36:51.844818Z,40.00,0.2900,0.7100,yes
d2fe34ab-27c4-4cf0-8edc-d65744332968,KXCANADAPM-45-C,2025-04-29T00:36:46.0945Z,28.00,0.2900,0.7100,yes
3c0fd633-779a-4be7-bcc0-51febec81396,KXCANADAPM-45-C,2025-04-29T00:36:46.0945Z,36.00,0.2900,0.7100,yes
254c6fe4-d552-4d2d-a0b9-b3931b4a8752,KXCANADAPM-45-C,2025-04-29T00:36:46.0945Z,100.00,0.2900,0.7100,yes
8b5b2d92-b991-4672-89d0-66cc1322e6f2,KXCANADAPM-45-C,2025-04-29T00:36:32.172146Z,4.00,0.2900,0.7100,yes
fc97b251-acb5-42f9-8a11-5801f3f8e854,KXCANADAPM-45-C,2025-04-29T00:36:29.766512Z,189.00,0.3000,0.7000,yes
4500cf46-7af0-400b-ba08-8316313e991d,KXCANADAPM-45-C,2025-04-29T00:36:29.766512Z,106.00,0.2900,0.7100,yes
0bc5b635-07eb-464b-aafd-8a34be99972e,KXCANADAPM-45-C,2025-04-29T00:36:29.766512Z,5.00,0.2900,0.7100,yes
0180d0c5-b72c-4b63-b822-44949a2ffbc6,KXCANADAPM-45-C,2025-04-29T00:36:29.766512Z,100.00,0.2900,0.7100,yes
4de35010-0ed7-4b64-99a3-b8f03776510d,KXCANADAPM-45-C,2025-04-29T00:36:26.056245Z,73.00,0.2800,0.7200,no
a6ae3cf2-59ca-47e7-a2ed-635986b0c28b,KXCANADAPM-45-C,2025-04-29T00:36:09.37615Z,100.00,0.3000,0.7000,yes
821a5b3e-55b2-4594-8246-2d89b715da3f,KXCANADAPM-45-C,2025-04-29T00:36:09.37615Z,186.00,0.3000,0.7000,yes
76222446-9167-443f-892e-14b8b5dd35b1,KXCANADAPM-45-C,2025-04-29T00:36:09.37615Z,40.00,0.3000,0.7000,yes
441cb72a-682c-4576-8b15-1ca621b94e5a,KXCANADAPM-45-C,2025-04-29T00:36:09.37615Z,140.00,0.3000,0.7000,yes
13c8e35a-8de9-49f9-8624-feb3166aa789,KXCANADAPM-45-C,2025-04-29T00:36:09.37615Z,10.00,0.2900,0.7100,yes
1930eba8-3aab-4bc8-bb3e-91d2d4bfe82e,KXCANADAPM-45-C,2025-04-29T00:35:51.001343Z,155.00,0.3000,0.7000,yes
87059300-2dd8-462a-8c0c-def991e3ea0d,KXCANADAPM-45-C,2025-04-29T00:35:43.544585Z,15.00,0.3000,0.7000,yes
3ba01abf-e27f-431b-8c87-676ec476392c,KXCANADAPM-45-C,2025-04-29T00:35:38.751233Z,1.00,0.2900,0.7100,no
b105e62f-d39e-4be6-bf56-b116ae037071,KXCANADAPM-45-C,2025-04-29T00:35:31.993481Z,41.00,0.2900,0.7100,no
fdaeff1d-8fcc-4aad-84c7-5f8a5986999f,KXCANADAPM-45-C,2025-04-29T00:35:15.397892Z,63.00,0.3000,0.7000,yes
0bc0a8ce-027d-4581-8f73-0e4e48faaed2,KXCANADAPM-45-C,2025-04-29T00:35:13.935001Z,15.00,0.3000,0.7000,yes
f2bd358a-4848-4b3c-8c3b-aea35c45242d,KXCANADAPM-45-C,2025-04-29T00:35:13.573279Z,100.00,0.2900,0.7100,no
786b09f1-979f-4a92-93fe-22dbe4941caf,KXCANADAPM-45-C,2025-04-29T00:35:13.573279Z,200.00,0.2900,0.7100,no
6b119064-9ab8-4b1e-887e-580f86b02659,KXCANADAPM-45-C,2025-04-29T00:35:13.573279Z,15.00,0.2900,0.7100,no
6a3caa6e-7a5b-486f-8e7b-8a640cee7701,KXCANADAPM-45-C,2025-04-29T00:35:13.573279Z,537.00,0.2900,0.7100,no
28a530c3-befc-4385-ba18-5a060c5317ff,KXCANADAPM-45-C,2025-04-29T00:35:13.573279Z,45.00,0.2900,0.7100,no
1a81e03e-03cd-4246-89d9-17b926e33b0a,KXCANADAPM-45-C,2025-04-29T00:35:10.980132Z,317.00,0.3000,0.7000,yes
e850b58d-e4fa-4e86-bf60-fccfef181786,KXCANADAPM-45-C,2025-04-29T00:34:52.830664Z,31.00,0.3000,0.7000,yes
b61c4b0b-f143-41d4-83f3-dd6068528dee,KXCANADAPM-45-C,2025-04-29T00:34:48.699275Z,200.00,0.3000,0.7000,yes
6e8278e1-85e1-4696-b699-95f1f164ff2b,KXCANADAPM-45-C,2025-04-29T00:34:29.724477Z,2.00,0.3000,0.7000,yes
0961e113-18b0-4b89-980a-e801647c8a65,KXCANADAPM-45-C,2025-04-29T00:34:29.481845Z,7.00,0.2900,0.7100,no
0de9accf-81c7-4bb8-832f-9a85163a6d63,KXCANADAPM-45-C,2025-04-29T00:34:21.333405Z,78.00,0.2900,0.7100,no
a25d669c-40fd-4f78-94f0-c33a2149407d,KXCANADAPM-45-C,2025-04-29T00:34:14.511458Z,16.00,0.3000,0.7000,yes
720b27a3-e407-4bc9-ae9f-2a2dec0d812e,KXCANADAPM-45-C,2025-04-29T00:34:14.511458Z,11.00,0.3000,0.7000,yes
24f0ca8f-9b11-49d3-b14f-9114dfec5c2a,KXCANADAPM-45-C,2025-04-29T00:34:14.511458Z,4.00,0.3000,0.7000,yes
9e1a5965-153f-4344-a0f4-898d766ef4d8,KXCANADAPM-45-C,2025-04-29T00:34:11.239651Z,10.00,0.3000,0.7000,yes
499c65e6-ca38-4ee5-8eba-6e3df46ec857,KXCANADAPM-45-C,2025-04-29T00:34:09.300135Z,50.00,0.3000,0.7000,yes
3e2b05e2-afcf-484b-99ef-ff4067455ce8,KXCANADAPM-45-C,2025-04-29T00:33:50.799445Z,15.00,0.3000,0.7000,yes
dc9d67ad-808d-4e5f-8281-267d9272c394,KXCANADAPM-45-C,2025-04-29T00:33:48.433324Z,10.00,0.3000,0.7000,yes
bf490880-31f2-44d4-9d3b-735afa1e042b,KXCANADAPM-45-C,2025-04-29T00:33:45.818865Z,75.00,0.2900,0.7100,no
97d5f870-e9c8-421a-be9e-c350e02e8327,KXCANADAPM-45-C,2025-04-29T00:33:18.925597Z,4.00,0.3000,0.7000,yes
0cc29c6c-b7ad-4a41-a669-44c4b8016d42,KXCANADAPM-45-C,2025-04-29T00:33:18.925597Z,27.00,0.3000,0.7000,yes
e0998498-6c63-4a48-a553-69480992f750,KXCANADAPM-45-C,2025-04-29T00:33:15.244874Z,314.00,0.3000,0.7000,yes
596b5eb5-648f-44c6-8aad-df6ddf5c4496,KXCANADAPM-45-C,2025-04-29T00:33:14.853212Z,100.00,0.3000,0.7000,yes
cca71545-328e-41e0-8f61-967aca0146d7,KXCANADAPM-45-C,2025-04-29T00:33:12.960215Z,59.00,0.3000,0.7000,yes
336d466c-6c3d-4ab0-8098-6ebdd7f59c06,KXCANADAPM-45-C,2025-04-29T00:33:12.960215Z,4.00,0.3000,0.7000,yes
f03037f7-2968-4dc6-ad78-2ca6944ecaba,KXCANADAPM-45-C,2025-04-29T00:32:52.76537Z,40.00,0.2900,0.7100,yes
12622f2b-50e1-4f73-a5e6-69a5bbce799e,KXCANADAPM-45-C,2025-04-29T00:32:25.057783Z,59.00,0.3000,0.7000,yes
feae6812-47ea-412e-816b-6147848cab80,KXCANADAPM-45-C,2025-04-29T00:32:24.981337Z,20.00,0.2800,0.7200,no
d92d0785-7697-42ad-ba55-5bfce3d978f4,KXCANADAPM-45-C,2025-04-29T00:32:24.981337Z,200.00,0.2800,0.7200,no
cb423501-bbde-4f0a-b246-7bbf3e2126e5,KXCANADAPM-45-C,2025-04-29T00:32:24.981337Z,4.00,0.2800,0.7200,no
afe2500f-9ef6-4f5c-941e-52044c8970ce,KXCANADAPM-45-C,2025-04-29T00:32:24.981337Z,100.00,0.2900,0.7100,no
868b480c-d91a-4022-86df-f9efa02ffc18,KXCANADAPM-45-C,2025-04-29T00:32:24.981337Z,1719.00,0.2900,0.7100,no
7db0d400-76a3-4e0b-abb4-7cf3e55b39dd,KXCANADAPM-45-C,2025-04-29T00:32:24.981337Z,200.00,0.2800,0.7200,no
89d44e0a-d62c-457a-a822-e3e74731e0cb,KXCANADAPM-45-C,2025-04-29T00:32:24.46333Z,56.00,0.3000,0.7000,yes
24a6f0d1-d8f1-46a1-aad8-afb4a7a3bfa4,KXCANADAPM-45-C,2025-04-29T00:32:19.395138Z,9.00,0.3100,0.6900,yes
11396178-abae-443b-85bb-833a9c5c3116,KXCANADAPM-45-C,2025-04-29T00:32:14.843442Z,40.00,0.2900,0.7100,no
770cf703-95e5-4eeb-80db-3ec0a447f92d,KXCANADAPM-45-C,2025-04-29T00:32:14.667743Z,7.00,0.2900,0.7100,no
8da9830c-5b82-43c6-91ec-0eb153673d0f,KXCANADAPM-45-C,2025-04-29T00:32:05.577592Z,10.00,0.2900,0.7100,no
e2504b0b-00e6-4817-896e-ee1130c6e0be,KXCANADAPM-45-C,2025-04-29T00:31:55.14073Z,1200.00,0.3200,0.6800,yes
d10790c7-63a5-46d3-b9b6-75ba35d8cf70,KXCANADAPM-45-C,2025-04-29T00:31:55.14073Z,40.00,0.3100,0.6900,yes
bd5ff07d-6550-4af7-84ab-4bf85bea5848,KXCANADAPM-45-C,2025-04-29T00:31:55.14073Z,2.00,0.3100,0.6900,yes
b34fd18c-29c1-4acc-b2ee-0c6f4324bf25,KXCANADAPM-45-C,2025-04-29T00:31:55.14073Z,4.00,0.3100,0.6900,yes
b34415c4-6a53-43dc-83c3-f9221a5c11c4,KXCANADAPM-45-C,2025-04-29T00:31:55.14073Z,1189.00,0.3100,0.6900,yes
48699aad-c29f-4fc7-83b3-fb9c07c98a5d,KXCANADAPM-45-C,2025-04-29T00:31:55.14073Z,20.00,0.3200,0.6800,yes
22af3dc3-04c6-4e1e-bae7-269d8d0b39c4,KXCANADAPM-45-C,2025-04-29T00:31:55.14073Z,462.00,0.3100,0.6900,yes
0de4cc4a-058a-41b9-958f-c5e79c8b18cd,KXCANADAPM-45-C,2025-04-29T00:31:55.14073Z,4.00,0.3100,0.6900,yes
5c3d2398-afde-43d5-8e45-d53555a5db1e,KXCANADAPM-45-C,2025-04-29T00:31:52.491118Z,250.00,0.3000,0.7000,yes
59f8fbf0-5903-4a6e-b9ca-34eacd90ce55,KXCANADAPM-45-C,2025-04-29T00:31:52.491118Z,100.00,0.3000,0.7000,yes
4fe061cd-86cf-4f25-a64d-b7267ce8f8ea,KXCANADAPM-45-C,2025-04-29T00:31:52.491118Z,4.00,0.3000,0.7000,yes
038f2206-b553-4e12-b42e-f08be3ad8290,KXCANADAPM-45-C,2025-04-29T00:31:52.491118Z,38.00,0.3100,0.6900,yes
005342ae-943e-4430-adfe-dad2bd577335,KXCANADAPM-45-C,2025-04-29T00:31:52.491118Z,208.00,0.3000,0.7000,yes
e7e1811d-6978-4924-b541-c5a073f9fa82,KXCANADAPM-45-C,2025-04-29T00:31:49.302271Z,224.00,0.2900,0.7100,no
4db4683d-dd15-43e9-a162-5d7c5a85aa57,KXCANADAPM-45-C,2025-04-29T00:31:49.228136Z,103.00,0.2900,0.7100,yes
e033ef8a-b00f-4c9c-998a-82eb715053bb,KXCANADAPM-45-C,2025-04-29T00:31:34.636041Z,72.00,0.2900,0.7100,no
26339673-e960-427a-b86c-a07406c33a12,KXCANADAPM-45-C,2025-04-29T00:31:34.636041Z,100.00,0.2900,0.7100,no
0a77e3f4-ff4d-49cd-a278-d56c89100af6,KXCANADAPM-45-C,2025-04-29T00:31:34.636041Z,200.00,0.2900,0.7100,no
817f15c8-8f93-4328-af3e-15dd22342da8,KXCANADAPM-45-C,2025-04-29T00:31:03.396194Z,15.00,0.3000,0.7000,yes
50463b03-2633-4858-b79f-77353bf22b6f,KXCANADAPM-45-C,2025-04-29T00:31:01.105091Z,100.00,0.2900,0.7100,no
2042ee83-8c8b-41f8-add4-6ee891ad3b5b,KXCANADAPM-45-C,2025-04-29T00:30:58.903055Z,79.00,0.3000,0.7000,yes
20cf3ea7-ebec-4462-943f-20f0638c765a,KXCANADAPM-45-C,2025-04-29T00:30:50.232205Z,298.00,0.3000,0.7000,yes
20020f2d-62f1-4151-b792-a3fd33147e45,KXCANADAPM-45-C,2025-04-29T00:30:50.232205Z,20.00,0.2900,0.7100,yes
e56ee03b-6d9c-4d2e-8558-2c5d36a57cba,KXCANADAPM-45-C,2025-04-29T00:30:26.802606Z,69.00,0.2700,0.7300,no
2a267437-d4b4-4e5b-a7c9-98a48f94022d,KXCANADAPM-45-C,2025-04-29T00:30:26.240772Z,28.00,0.2700,0.7300,no
f718deb1-1e3b-4650-9773-cc915b0ea5ae,KXCANADAPM-45-C,2025-04-29T00:30:17.111454Z,4.00,0.2700,0.7300,no
cf538d3b-7650-4923-874b-cb7758d7d4e5,KXCANADAPM-45-C,2025-04-29T00:30:17.111454Z,73.00,0.2700,0.7300,no
b61d5de1-cb44-4d43-948a-d0cd5aebd896,KXCANADAPM-45-C,2025-04-29T00:30:17.111454Z,10.00,0.2700,0.7300,no
24fcc795-b9e7-482c-b118-07b502c51dfd,KXCANADAPM-45-C,2025-04-29T00:30:17.111454Z,20.00,0.2800,0.7200,no
ae37405b-3f2f-4527-b271-1a15580605c8,KXCANADAPM-45-C,2025-04-29T00:30:10.507164Z,49.00,0.2800,0.7200,no
19ab7027-9977-48c8-8a41-7feda54f71d3,KXCANADAPM-45-C,2025-04-29T00:30:10.507164Z,10.00,0.2800,0.7200,no
8193b65b-dfa2-4514-8044-94c4977aba16,KXCANADAPM-45-C,2025-04-29T00:30:08.665538Z,100.00,0.3000,0.7000,yes
fd07a676-9992-4fb8-97bf-8708c15a8296,KXCANADAPM-45-C,2025-04-29T00:30:08.444943Z,75.00,0.2900,0.7100,yes
0d8367ff-1526-4327-806e-afdffc2a3ca5,KXCANADAPM-45-C,2025-04-29T00:30:06.0713Z,50.00,0.2900,0.7100,yes
c6e52409-2a06-446a-ac9d-d796a1e03752,KXCANADAPM-45-C,2025-04-29T00:30:05.754365Z,4.00,0.2900,0.7100,no
8cc342dd-fb1b-4e52-a0f9-9dad2b4b2d85,KXCANADAPM-45-C,2025-04-29T00:30:05.754365Z,722.00,0.2900,0.7100,no
b93c0937-65a9-4f3b-a996-2152b5986505,KXCANADAPM-45-C,2025-04-29T00:30:04.047309Z,25.00,0.3000,0.7000,no
5f492e9e-6db6-4cd8-aed4-79d31751c99b,KXCANADAPM-45-C,2025-04-29T00:30:04.047309Z,20.00,0.3000,0.7000,no
1cd6870f-d515-4547-988c-f171ed2044c0,KXCANADAPM-45-C,2025-04-29T00:30:04.047309Z,80.00,0.2900,0.7100,no
ede1a406-9db6-4ac9-8213-cf516c1256df,KXCANADAPM-45-C,2025-04-29T00:30:02.762386Z,176.00,0.2900,0.7100,no
e0bce627-aab4-492c-ba54-70a2eb2e279a,KXCANADAPM-45-C,2025-04-29T00:30:02.762386Z,800.00,0.3000,0.7000,no
64db896b-3e61-474b-892f-7db76b547c5e,KXCANADAPM-45-C,2025-04-29T00:30:02.762386Z,4.00,0.2900,0.7100,no
13bc6865-cb81-4a86-ba24-a0453c5ec398,KXCANADAPM-45-C,2025-04-29T00:30:02.762386Z,100.00,0.3000,0.7000,no
3766e115-e92f-4451-a008-61aff9420fd8,KXCANADAPM-45-C,2025-04-29T00:29:56.757899Z,21.00,0.3200,0.6800,yes
04247aee-8cfb-42f6-98c2-52e39bb23b54,KXCANADAPM-45-C,2025-04-29T00:29:53.15621Z,48.00,0.3100,0.6900,no
283742dc-f353-41aa-bcac-df6184c75ea3,KXCANADAPM-45-C,2025-04-29T00:29:49.383923Z,729.00,0.3100,0.6900,no
4e4dffd4-db3d-499e-87e5-5e0b8d36a4fd,KXCANADAPM-45-C,2025-04-29T00:29:48.72116Z,750.00,0.3100,0.6900,no
374ff32f-6ed1-413e-a22a-e353d55c1a04,KXCANADAPM-45-C,2025-04-29T00:29:48.72116Z,250.00,0.3100,0.6900,no
16b24e91-a32a-4d2a-bd59-2a7e3400122a,KXCANADAPM-45-C,2025-04-29T00:29:48.212105Z,50.00,0.3200,0.6800,no
ccee3a8a-a48b-4f23-832e-86d648e85cfc,KXCANADAPM-45-C,2025-04-29T00:29:47.087111Z,50.00,0.3200,0.6800,no
d071fb74-f55e-4c34-bb5e-03f86c386cb6,KXCANADAPM-45-C,2025-04-29T00:29:46.500481Z,100.00,0.3500,0.6500,no
62cfd1a8-cb05-4ebe-b8e7-0cac2d6e275d,KXCANADAPM-45-C,2025-04-29T00:29:46.500481Z,20.00,0.3400,0.6600,no
4237dced-d278-4723-a304-f391701324f2,KXCANADAPM-45-C,2025-04-29T00:29:46.500481Z,4.00,0.3400,0.6600,no
2317d370-0e11-4959-9234-2f86d89415f6,KXCANADAPM-45-C,2025-04-29T00:29:46.500481Z,373.00,0.3500,0.6500,no
e23e044f-bc4f-4cb4-babb-c53b172a3636,KXCANADAPM-45-C,2025-04-29T00:29:44.074743Z,53.00,0.3600,0.6400,yes
06d98594-86cf-41ee-90cc-5d161e6690f6,KXCANADAPM-45-C,2025-04-29T00:29:40.606619Z,26.00,0.3600,0.6400,yes
4aee8aa3-aaf1-4363-ac7d-8d412ad29b79,KXCANADAPM-45-C,2025-04-29T00:29:36.66881Z,147.00,0.3600,0.6400,yes
36539418-b6d1-4594-9435-4e11b39c86ee,KXCANADAPM-45-C,2025-04-29T00:29:29.760741Z,35.00,0.3500,0.6500,no
e1b5e2ef-bb0c-4411-a4c9-685d95f65acd,KXCANADAPM-45-C,2025-04-29T00:29:29.44656Z,50.00,0.3500,0.6500,no
fc82845e-cacb-48d1-a4c3-ddce89705761,KXCANADAPM-45-C,2025-04-29T00:29:26.211351Z,1000.00,0.3500,0.6500,no
c92887fd-bab2-477a-bbef-49cc46f5c97b,KXCANADAPM-45-C,2025-04-29T00:29:24.251219Z,30.00,0.3500,0.6500,no
9a47a0a4-1f6a-431c-a4bb-854166d93fed,KXCANADAPM-45-C,2025-04-29T00:29:21.309424Z,601.00,0.3500,0.6500,no
3c587ad0-ee3d-41b6-8b97-8a386bf18ca2,KXCANADAPM-45-C,2025-04-29T00:29:16.540139Z,211.00,0.3500,0.6500,no
9019e765-b9de-49be-9677-b83b2da3b845,KXCANADAPM-45-C,2025-04-29T00:29:15.681611Z,651.00,0.3500,0.6500,no
99fdd46e-2b51-4246-a8c7-f31e7bd9e7c1,KXCANADAPM-45-C,2025-04-29T00:29:14.988394Z,50.00,0.3600,0.6400,no
74e991cc-0aab-4220-b012-8cbcb2cdd01b,KXCANADAPM-45-C,2025-04-29T00:29:11.56557Z,89.00,0.3600,0.6400,no
fc0ab155-d285-405c-ba4d-7144631c0770,KXCANADAPM-45-C,2025-04-29T00:29:07.220844Z,38.00,0.3700,0.6300,yes
1e3cfd3c-7741-41fb-8920-4f374422532f,KXCANADAPM-45-C,2025-04-29T00:29:07.220844Z,77.00,0.3800,0.6200,yes
494ff6b3-e2bb-4ee3-9372-0708323c2a7b,KXCANADAPM-45-C,2025-04-29T00:29:04.391476Z,100.00,0.3700,0.6300,yes
b2ca6fd7-4325-4041-bcc9-55b8b9604124,KXCANADAPM-45-C,2025-04-29T00:28:58.382053Z,62.00,0.3700,0.6300,yes
792e7569-5882-480e-9cc8-0faadb9cc8b6,KXCANADAPM-45-C,2025-04-29T00:28:58.382053Z,4.00,0.3700,0.6300,yes
49d71111-ac96-4846-b78d-819770b19ead,KXCANADAPM-45-C,2025-04-29T00:28:58.382053Z,1200.00,0.3700,0.6300,yes
08664afe-5346-481a-a594-b82391d3829c,KXCANADAPM-45-C,2025-04-29T00:28:58.382053Z,514.00,0.3700,0.6300,yes
0610d642-a12c-46a7-8599-cbdfd0688e9a,KXCANADAPM-45-C,2025-04-29T00:28:58.382053Z,100.00,0.3700,0.6300,yes
5715b38b-7848-48dc-80fd-bd56e4498420,KXCANADAPM-45-C,2025-04-29T00:28:56.734475Z,4.00,0.3700,0.6300,yes
ebbd717f-4f87-4694-90e4-dab420682430,KXCANADAPM-45-C,2025-04-29T00:28:47.575079Z,19.00,0.3500,0.6500,no
04a0d743-23f6-4b74-9bd4-ab03422d4cfb,KXCANADAPM-45-C,2025-04-29T00:28:44.768699Z,50.00,0.3600,0.6400,no
e4f1b7b8-0d46-428a-a06b-ef3ee7770f06,KXCANADAPM-45-C,2025-04-29T00:28:44.005542Z,50.00,0.3600,0.6400,no
fc347c6b-fed3-4599-ae31-0db3082f2a09,KXCANADAPM-45-C,2025-04-29T00:28:42.881447Z,23.00,0.3700,0.6300,no
7c902cf5-d081-4b12-8ca0-bbe9338d8d5a,KXCANADAPM-45-C,2025-04-29T00:28:41.213628Z,60.00,0.3700,0.6300,no
fa149d60-f1fc-4682-b7be-8bdb73975043,KXCANADAPM-45-C,2025-04-29T00:28:40.689739Z,24.00,0.3700,0.6300,no
afb166f7-85c0-4f69-8172-72e977082f92,KXCANADAPM-45-C,2025-04-29T00:28:39.650121Z,1246.00,0.3700,0.6300,no
88203528-689b-4f25-88c7-170d08cd06fe,KXCANADAPM-45-C,2025-04-29T00:28:38.922218Z,20.00,0.4000,0.6000,yes
e105db35-cfe4-4ac0-bf1f-9172c1685b4a,KXCANADAPM-45-C,2025-04-29T00:28:35.098579Z,206.00,0.3700,0.6300,no
cd65112d-c895-4c04-823a-b34e972c22ba,KXCANADAPM-45-C,2025-04-29T00:28:29.508953Z,15.00,0.4000,0.6000,yes
9489c61f-6ad0-4f21-94e3-51301bdd3d1c,KXCANADAPM-45-C,2025-04-29T00:28:26.4543Z,100.00,0.3700,0.6300,no
72c1644e-73a4-4ddd-94d9-32346d11e23f,KXCANADAPM-45-C,2025-04-29T00:28:25.643668Z,19.00,0.4000,0.6000,yes
76591746-0642-4e99-b493-b2e8e82f17a9,KXCANADAPM-45-C,2025-04-29T00:28:18.534321Z,119.00,0.4000,0.6000,yes
97462d69-b713-4bad-9501-cf32649019b3,KXCANADAPM-45-C,2025-04-29T00:28:12.683283Z,4.00,0.3700,0.6300,no
67377a61-11b5-46e7-9ed8-88678b4d87a7,KXCANADAPM-45-C,2025-04-29T00:28:12.683283Z,89.00,0.3800,0.6200,no
517bad40-1a81-4fb2-bf3b-186e24c99a11,KXCANADAPM-45-C,2025-04-29T00:28:12.683283Z,300.00,0.3700,0.6300,no
477c20be-b7c9-4b18-a45d-a6676e80d620,KXCANADAPM-45-C,2025-04-29T00:28:12.683283Z,341.00,0.3700,0.6300,no
336e983b-a9bd-480d-b314-45b32e661bed,KXCANADAPM-45-C,2025-04-29T00:28:12.683283Z,100.00,0.3700,0.6300,no
b6a7a518-b61f-4a9c-8278-8d4648f2aa54,KXCANADAPM-45-C,2025-04-29T00:27:53.074781Z,41.00,0.3600,0.6400,no
5ae5a59b-592c-493b-9391-32bb09ba26af,KXCANADAPM-45-C,2025-04-29T00:27:53.074781Z,20.00,0.3600,0.6400,no
03d3e8e1-5de1-4bb2-87a2-1e2b8805928b,KXCANADAPM-45-C,2025-04-29T00:27:53.074781Z,44.00,0.3700,0.6300,no
ddb354e0-e68d-4589-84d1-cea3cf960876,KXCANADAPM-45-C,2025-04-29T00:27:43.450357Z,100.00,0.3900,0.6100,yes
dc697062-e2bb-4314-85e9-f577405f255a,KXCANADAPM-45-C,2025-04-29T00:27:43.450357Z,500.00,0.3900,0.6100,yes
a73def3a-e940-4a18-b45e-da4f077926df,KXCANADAPM-45-C,2025-04-29T00:27:43.450357Z,4.00,0.3900,0.6100,yes
94a97c87-5f13-4254-a038-b0c2d25e0db0,KXCANADAPM-45-C,2025-04-29T00:27:43.450357Z,80.00,0.3900,0.6100,yes
f07797de-cbe6-430e-8aa4-8a94d664d83f,KXCANADAPM-45-C,2025-04-29T00:27:42.810098Z,85.00,0.3800,0.6200,no
9a71ce61-9282-45fc-a145-f02016d94722,KXCANADAPM-45-C,2025-04-29T00:27:42.810098Z,1558.00,0.3700,0.6300,no
17af7bbb-8023-4386-9410-50096db60f13,KXCANADAPM-45-C,2025-04-29T00:27:42.810098Z,29.00,0.3800,0.6200,no
d2da2572-ee02-480d-a4a4-2d67f3f2e899,KXCANADAPM-45-C,2025-04-29T00:27:35.904574Z,11.00,0.3800,0.6200,no
31de2786-886e-4bf2-a38e-b848e5b5f58c,KXCANADAPM-45-C,2025-04-29T00:27:34.82327Z,340.00,0.3800,0.6200,no
b82f171d-5b5c-475c-943b-7e8bbdc75627,KXCANADAPM-45-C,2025-04-29T00:27:34.8111Z,47.00,0.4000,0.6000,yes
bacf9f1e-1241-4568-895b-1da306394380,KXCANADAPM-45-C,2025-04-29T00:27:34.036049Z,100.00,0.3800,0.6200,no
78d46abb-fbad-4ff9-b6ac-09654f520d7f,KXCANADAPM-45-C,2025-04-29T00:27:34.036049Z,500.00,0.3800,0.6200,no
546bed07-d2e1-4f3d-8b66-d0a57437e996,KXCANADAPM-45-C,2025-04-29T00:27:34.036049Z,620.00,0.3800,0.6200,no
f6ea14f2-7df2-49f6-8eae-f6e54e6e623d,KXCANADAPM-45-C,2025-04-29T00:27:21.625682Z,234.00,0.4000,0.6000,yes
a3299695-6005-400e-8e65-a34850ad8775,KXCANADAPM-45-C,2025-04-29T00:27:19.397793Z,1.00,0.4000,0.6000,yes
e0f2565c-b657-4fc3-b99d-e69d101c73ec,KXCANADAPM-45-C,2025-04-29T00:27:18.925528Z,4.00,0.4000,0.6000,yes
7bbdb949-e752-4ecb-8767-85c1e541b7ab,KXCANADAPM-45-C,2025-04-29T00:27:07.779575Z,5.00,0.3800,0.6200,no
3e91a26f-e6b1-4470-8756-87ee8f7440b6,KXCANADAPM-45-C,2025-04-29T00:27:07.779575Z,500.00,0.3800,0.6200,no
152939d2-514e-4adf-b555-cee04b472a6a,KXCANADAPM-45-C,2025-04-29T00:27:07.779575Z,20.00,0.3800,0.6200,no
febc9bc3-38ed-46cd-a818-902cfa395a7b,KXCANADAPM-45-C,2025-04-29T00:27:02.847004Z,100.00,0.4100,0.5900,yes
fa9c10ab-daa2-4ef3-ad45-8b6c0e0e197c,KXCANADAPM-45-C,2025-04-29T00:27:02.847004Z,14.00,0.4100,0.5900,yes
4ead91e4-b6a0-4153-b635-5b1bcbfb1084,KXCANADAPM-45-C,2025-04-29T00:26:54.267355Z,1000.00,0.4000,0.6000,no
cf7019db-f246-459f-bfe8-b0d498caa689,KXCANADAPM-45-C,2025-04-29T00:26:49.444505Z,2.00,0.3900,0.6100,no
56894298-409b-4d2c-b7de-25858ed3fc5b,KXCANADAPM-45-C,2025-04-29T00:26:49.444505Z,98.00,0.3900,0.6100,no
3f50651d-caaa-474a-856a-f5e551832330,KXCANADAPM-45-C,2025-04-29T00:26:43.114657Z,25.00,0.3900,0.6100,no
8600f47d-8876-441d-9a56-b511ebacbdac,KXCANADAPM-45-C,2025-04-29T00:26:42.967165Z,50.00,0.3900,0.6100,no
ca202b50-e3cc-42cf-8f99-735195014a40,KXCANADAPM-45-C,2025-04-29T00:26:42.098538Z,100.00,0.3900,0.6100,no
6e4f2aaa-3da9-4180-a182-91b5bbaa363d,KXCANADAPM-45-C,2025-04-29T00:26:42.098538Z,4.00,0.3900,0.6100,no
58a49319-6e76-4d1b-9121-621e825f199c,KXCANADAPM-45-C,2025-04-29T00:26:42.098538Z,146.00,0.3900,0.6100,no
2c8c2b92-a8d2-4571-8df3-887ec4d8de88,KXCANADAPM-45-C,2025-04-29T00:26:37.142842Z,96.00,0.4200,0.5800,yes
cd53ac3f-0834-4066-bb31-ab946c263c00,KXCANADAPM-45-C,2025-04-29T00:26:33.557786Z,57.00,0.4200,0.5800,yes
a75cb510-2182-423c-82bc-187db11c9eb1,KXCANADAPM-45-C,2025-04-29T00:26:33.203943Z,131.00,0.4100,0.5900,yes
43761a26-d959-42d3-9a77-9154933a1c31,KXCANADAPM-45-C,2025-04-29T00:26:32.697041Z,22.00,0.4200,0.5800,yes
a4f29ba5-b672-4824-be94-9ffb4a77ad7a,KXCANADAPM-45-C,2025-04-29T00:26:31.115636Z,91.00,0.4100,0.5900,no
69c9be41-3b3e-4887-9b8f-15b76e7aed4c,KXCANADAPM-45-C,2025-04-29T00:26:31.115636Z,130.00,0.4100,0.5900,no
5b1fb7c4-19a0-4072-a984-624a0142b722,KXCANADAPM-45-C,2025-04-29T00:26:31.115636Z,102.00,0.3900,0.6100,no
32826953-be98-4f03-9d1f-b56e09064f12,KXCANADAPM-45-C,2025-04-29T00:26:31.115636Z,420.00,0.4000,0.6000,no
0c43896c-db18-4c5c-abea-e6b8bd9884da,KXCANADAPM-45-C,2025-04-29T00:26:31.115636Z,100.00,0.4100,0.5900,no
04f6ecb6-8d3f-4793-b752-36b88a4d7b28,KXCANADAPM-45-C,2025-04-29T00:26:31.115636Z,20.00,0.4000,0.6000,no
04483226-36a8-4413-93d1-b957653513d9,KXCANADAPM-45-C,2025-04-29T00:26:31.115636Z,4.00,0.4000,0.6000,no
afe49092-79ab-447d-a1f9-c651d85c5146,KXCANADAPM-45-C,2025-04-29T00:26:25.475317Z,15.00,0.4200,0.5800,yes
a76acc2d-ce24-4a6d-a980-fb032f3f102d,KXCANADAPM-45-C,2025-04-29T00:26:23.875862Z,200.00,0.4200,0.5800,yes
82b94b75-9efa-45c3-af99-68a605a24856,KXCANADAPM-45-C,2025-04-29T00:26:23.875862Z,1949.00,0.4200,0.5800,yes
9d394935-65e3-4889-a600-f4071024e5c2,KXCANADAPM-45-C,2025-04-29T00:26:17.088051Z,477.00,0.4300,0.5700,yes
84a0d3d8-fef4-4e2f-a0b0-4c05600d2e1a,KXCANADAPM-45-C,2025-04-29T00:26:17.088051Z,123.00,0.4300,0.5700,yes
ac108f22-be6c-42b1-85ec-87d96ccb9bbe,KXCANADAPM-45-C,2025-04-29T00:26:10.951268Z,44.00,0.4300,0.5700,yes
0a95c201-8301-43f2-a8c0-1d58e70cfb31,KXCANADAPM-45-C,2025-04-29T00:26:03.851814Z,22.00,0.4300,0.5700,yes
f946c5be-1372-41a9-93c5-4bccb5c5fb87,KXCANADAPM-45-C,2025-04-29T00:25:56.55053Z,11.00,0.4300,0.5700,yes
59fb1a35-a751-447a-aaa6-4c1d44d1c0de,KXCANADAPM-45-C,2025-04-29T00:25:49.21748Z,20.00,0.4200,0.5800,no
f9f6b954-35c5-462a-9186-44b360c4f77c,KXCANADAPM-45-C,2025-04-29T00:25:24.120819Z,480.00,0.4300,0.5700,yes
f4bd696b-f13f-435b-b92f-8c61b6276db4,KXCANADAPM-45-C,2025-04-29T00:25:24.120819Z,100.00,0.4300,0.5700,yes
e6015da4-bc19-4f3e-ae8d-71fd57f46858,KXCANADAPM-45-C,2025-04-29T00:25:24.120819Z,969.00,0.4400,0.5600,yes
1f7feb8f-4767-49d9-b8ae-e12a18179cf0,KXCANADAPM-45-C,2025-04-29T00:25:24.120819Z,91.00,0.4400,0.5600,yes
0ba0e1e9-354c-4304-9255-1c228c1753a1,KXCANADAPM-45-C,2025-04-29T00:25:24.120819Z,159.00,0.4400,0.5600,yes
de1ebabc-f3a6-477a-9028-3fa48b67240a,KXCANADAPM-45-C,2025-04-29T00:25:09.905912Z,20.00,0.4300,0.5700,yes
9ebfd5fd-d9f7-4d65-b0d4-508333bb3928,KXCANADAPM-45-C,2025-04-29T00:24:58.386966Z,100.00,0.4300,0.5700,yes
871de1e9-f603-41a0-8e3d-9162050ae971,KXCANADAPM-45-C,2025-04-29T00:24:58.386966Z,125.00,0.4400,0.5600,yes
1646eaad-0e81-4c5c-b864-b38667f540b8,KXCANADAPM-45-C,2025-04-29T00:24:47.518101Z,109.00,0.4400,0.5600,yes
eb17975d-5af0-43ba-85fc-120438b2b454,KXCANADAPM-45-C,2025-04-29T00:24:36.121875Z,363.00,0.4300,0.5700,yes
b5cd8a8d-eabb-46b1-a57c-7acfb12e5680,KXCANADAPM-45-C,2025-04-29T00:24:36.121875Z,100.00,0.4300,0.5700,yes
b5732b94-42fe-4746-b65b-f17b8b3e9d20,KXCANADAPM-45-C,2025-04-29T00:24:36.121875Z,149.00,0.4300,0.5700,yes
67114e98-e066-401f-9160-7505003dfdf7,KXCANADAPM-45-C,2025-04-29T00:24:35.507607Z,1000.00,0.4300,0.5700,yes
9b0f2dcd-e337-4032-bb88-e36bbe693ebc,KXCANADAPM-45-C,2025-04-29T00:24:28.325703Z,150.00,0.4300,0.5700,no
43807fe1-2ca0-4faa-b23e-8bdbdf890083,KXCANADAPM-45-C,2025-04-29T00:24:28.325703Z,100.00,0.4300,0.5700,no
1a3ae750-7126-433a-9d02-f2aab30136de,KXCANADAPM-45-C,2025-04-29T00:24:28.325703Z,1387.00,0.4300,0.5700,no
5d5cef03-4c4b-486f-b44e-01fa02de2d4a,KXCANADAPM-45-C,2025-04-29T00:24:21.165607Z,112.00,0.4300,0.5700,no
5ba2a91c-c3e3-4350-8a7d-32e6ed70a8a3,KXCANADAPM-45-C,2025-04-29T00:24:13.56078Z,6.00,0.4300,0.5700,no
f7b857fa-be2f-4495-948c-60d320a7e905,KXCANADAPM-45-C,2025-04-29T00:24:11.533773Z,50.00,0.4400,0.5600,yes
9fc3fd55-d57a-4a20-a671-1a7ad93f5b6c,KXCANADAPM-45-C,2025-04-29T00:24:06.688392Z,57.00,0.4400,0.5600,yes
7669b68d-8b4e-44d6-a051-eb58df0ebe83,KXCANADAPM-45-C,2025-04-29T00:23:48.099326Z,7.00,0.4400,0.5600,yes
d01a5a40-b15e-4da0-9970-3f3c6ba381ec,KXCANADAPM-45-C,2025-04-29T00:23:47.974434Z,50.00,0.4400,0.5600,yes
b8348f99-c415-423d-8d87-6df0baec0494,KXCANADAPM-45-C,2025-04-29T00:23:47.974434Z,59.00,0.4400,0.5600,yes
31fb0131-a259-4892-9cbd-137c34efbc76,KXCANADAPM-45-C,2025-04-29T00:23:44.725684Z,57.00,0.4400,0.5600,yes
8bd925a7-283a-4d4e-b0af-fef549dc8094,KXCANADAPM-45-C,2025-04-29T00:23:33.98433Z,395.00,0.4300,0.5700,no
64a9ec0a-f8fa-4d43-a641-a19a04a87dc9,KXCANADAPM-45-C,2025-04-29T00:23:28.312187Z,17.00,0.4400,0.5600,yes
00598822-ad15-4f07-aece-0325aa5af701,KXCANADAPM-45-C,2025-04-29T00:23:27.719275Z,115.00,0.4400,0.5600,yes
1db2b81b-8d32-41e9-a4c6-713558f6ae46,KXCANADAPM-45-C,2025-04-29T00:23:27.485613Z,39.00,0.4400,0.5600,yes
ce4fdb37-225c-4c30-a9be-9d4a0cb487bf,KXCANADAPM-45-C,2025-04-29T00:23:16.32241Z,20.00,0.4400,0.5600,yes
3b05d999-f37e-4115-8401-b8fe6f31210b,KXCANADAPM-45-C,2025-04-29T00:23:14.826866Z,200.00,0.4400,0.5600,yes
f0f872a9-3230-4245-b0a0-3e3752625c17,KXCANADAPM-45-C,2025-04-29T00:23:12.270889Z,4.00,0.4400,0.5600,yes
9fb6591e-9219-4535-aff0-434269fedd82,KXCANADAPM-45-C,2025-04-29T00:23:10.874699Z,21.00,0.4400,0.5600,yes
dbf2594b-82e8-441d-b325-9b19284f0596,KXCANADAPM-45-C,2025-04-29T00:23:08.046327Z,100.00,0.4300,0.5700,no
224a56f4-636d-45b5-a909-e4b43a39add9,KXCANADAPM-45-C,2025-04-29T00:23:03.221531Z,21.00,0.4400,0.5600,yes
7c948201-66a6-4f0e-85bb-807d01d67386,KXCANADAPM-45-C,2025-04-29T00:23:01.246706Z,41.00,0.4400,0.5600,yes
4b44a76d-2c9f-483c-915e-b5b765e8182e,KXCANADAPM-45-C,2025-04-29T00:22:53.37238Z,151.00,0.4200,0.5800,yes
2c9e85d9-9386-4e5a-b1bc-721d3ca3ecdf,KXCANADAPM-45-C,2025-04-29T00:22:53.37238Z,1.00,0.4200,0.5800,yes
bb9dddd0-dd82-4d54-91db-7bc6dd3d667c,KXCANADAPM-45-C,2025-04-29T00:22:51.459907Z,4.00,0.4200,0.5800,yes
df12d6f8-8b89-4e90-9398-d8b446f6b8f0,KXCANADAPM-45-C,2025-04-29T00:22:51.044786Z,100.00,0.4300,0.5700,no
bfcd92c2-a0ae-4cca-8a51-94ba743794b9,KXCANADAPM-45-C,2025-04-29T00:22:51.044786Z,6.00,0.4300,0.5700,no
78652593-3d4f-49d2-859f-e75b70f86493,KXCANADAPM-45-C,2025-04-29T00:22:51.044786Z,151.00,0.4200,0.5800,no
62a0e06a-d2c0-4f20-9b24-7b6d0261b918,KXCANADAPM-45-C,2025-04-29T00:22:51.044786Z,4.00,0.4300,0.5700,no
11a13834-bca3-4256-8fb5-c21e48a43819,KXCANADAPM-45-C,2025-04-29T00:22:51.044786Z,100.00,0.4300,0.5700,no
51e1c53a-04df-4ef4-a700-ee8c80f3d710,KXCANADAPM-45-C,2025-04-29T00:22:42.755203Z,100.00,0.4400,0.5600,yes
b433e322-0094-4107-bff7-b3256eec98dd,KXCANADAPM-45-C,2025-04-29T00:22:37.470947Z,268.00,0.4500,0.5500,yes
6d15b022-b337-4da8-bdca-935a4e7efce3,KXCANADAPM-45-C,2025-04-29T00:22:37.470947Z,545.00,0.4500,0.5500,yes
ff291838-80f3-4223-b2fa-d388a7178d83,KXCANADAPM-45-C,2025-04-29T00:22:37.20739Z,8.00,0.4500,0.5500,yes
c4ee2c92-8067-4718-8317-dbcf13f3c297,KXCANADAPM-45-C,2025-04-29T00:22:37.20739Z,10.00,0.4500,0.5500,yes
52b8ce5f-6469-47d8-92e3-c8e4bf1ade94,KXCANADAPM-45-C,2025-04-29T00:22:37.20739Z,50.00,0.4400,0.5600,yes
316ba6d4-29e8-45b9-9764-1818a93084f2,KXCANADAPM-45-C,2025-04-29T00:22:37.20739Z,5.00,0.4500,0.5500,yes
10d39e5d-fafc-41bc-840c-994977150933,KXCANADAPM-45-C,2025-04-29T00:22:37.20739Z,33.00,0.4500,0.5500,yes
1a0de8ee-4560-4244-9c06-04c22c1f7f57,KXCANADAPM-45-C,2025-04-29T00:22:37.055404Z,65.00,0.4300,0.5700,no
19a5a34f-5426-44ef-a971-052fe36f0b3a,KXCANADAPM-45-C,2025-04-29T00:22:26.350884Z,100.00,0.4400,0.5600,yes
e3734447-8631-4a76-90a0-5edcbcfeb973,KXCANADAPM-45-C,2025-04-29T00:22:25.133584Z,360.00,0.4400,0.5600,yes
781c49a4-5aa1-46ce-b426-1f7315a20bc0,KXCANADAPM-45-C,2025-04-29T00:22:25.133584Z,100.00,0.4400,0.5600,yes
56b7df4b-f619-43a1-9767-7b05dccf4aa6,KXCANADAPM-45-C,2025-04-29T00:22:25.133584Z,40.00,0.4400,0.5600,yes
a054bd96-12b3-499e-ada1-2b0b5322f7fe,KXCANADAPM-45-C,2025-04-29T00:22:24.473368Z,57.00,0.4300,0.5700,yes
8a4e1e1e-580a-40b6-ab41-0300f8c68409,KXCANADAPM-45-C,2025-04-29T00:22:24.473368Z,72.00,0.4300,0.5700,yes
a00c1a3d-ba56-4f53-8d6a-fde0261c8b22,KXCANADAPM-45-C,2025-04-29T00:22:23.324718Z,49.00,0.4200,0.5800,no
80b6c8dd-1224-4753-885a-3c600a157cf6,KXCANADAPM-45-C,2025-04-29T00:22:23.244015Z,43.00,0.4300,0.5700,yes
4dd916b0-8f35-4772-a0a1-1e09b32854a8,KXCANADAPM-45-C,2025-04-29T00:22:19.025224Z,109.00,0.4300,0.5700,yes
98d9660a-78ff-4ca8-90d5-6e1ac11db1ed,KXCANADAPM-45-C,2025-04-29T00:22:15.609275Z,1.00,0.4400,0.5600,yes
1b5f2c85-e2b8-42e2-be46-08b268cc1ac1,KXCANADAPM-45-C,2025-04-29T00:22:14.190828Z,21.00,0.4400,0.5600,yes
7397c45d-1f9f-4be3-9e76-a529805c1bc2,KXCANADAPM-45-C,2025-04-29T00:22:13.343363Z,6.00,0.4400,0.5600,yes
80ef6881-0882-4d26-9f84-2fd2736c26da,KXCANADAPM-45-C,2025-04-29T00:22:09.872358Z,73.00,0.4400,0.5600,yes
94cbbb87-36b4-4004-8430-6e0d0ccd948c,KXCANADAPM-45-C,2025-04-29T00:22:09.405339Z,56.00,0.4300,0.5700,no
395dbcc4-9303-45f6-9d51-5030948c66c8,KXCANADAPM-45-C,2025-04-29T00:22:09.405339Z,43.00,0.4300,0.5700,no
96049b91-3c99-49d1-85fd-db312a3cf06b,KXCANADAPM-45-C,2025-04-29T00:22:07.105067Z,96.00,0.4400,0.5600,yes
79403303-7d22-45a7-bf9a-94cb997a909a,KXCANADAPM-45-C,2025-04-29T00:22:07.105067Z,11.00,0.4400,0.5600,yes
6badc54a-d193-4972-9b84-0a0ae4374ec2,KXCANADAPM-45-C,2025-04-29T00:22:02.845483Z,10.00,0.4400,0.5600,yes
ba8bfac5-055b-44fc-8db3-ff6cdb19120e,KXCANADAPM-45-C,2025-04-29T00:21:59.986343Z,4.00,0.4200,0.5800,no
3f8ddfdb-4f86-4846-b07c-453facd38e95,KXCANADAPM-45-C,2025-04-29T00:21:54.894102Z,1.00,0.4400,0.5600,yes
001ed13d-c685-45ff-91e3-7ce720b4b724,KXCANADAPM-45-C,2025-04-29T00:21:54.883193Z,43.00,0.4400,0.5600,yes
e4c670db-8751-4e7a-8ab6-233cc52d864a,KXCANADAPM-45-C,2025-04-29T00:21:42.964792Z,500.00,0.4300,0.5700,yes
b6396a1c-8dda-45c5-a678-913c7a185816,KXCANADAPM-45-C,2025-04-29T00:21:42.964792Z,893.00,0.4300,0.5700,yes
a207ad8a-bd01-4097-a813-8b1cc06e3415,KXCANADAPM-45-C,2025-04-29T00:21:42.964792Z,2165.00,0.4300,0.5700,yes
698792ba-8d10-4787-bf58-a83894299595,KXCANADAPM-45-C,2025-04-29T00:21:42.964792Z,100.00,0.4300,0.5700,yes
546b0ad3-cd74-4e8b-b1d1-96e65e0083a2,KXCANADAPM-45-C,2025-04-29T00:21:39.701669Z,111.00,0.4300,0.5700,yes
f405b995-5f5e-4bb1-8ac6-31f1b912dca1,KXCANADAPM-45-C,2025-04-29T00:21:30.671991Z,150.00,0.4300,0.5700,yes
7a4fcb7e-8e8e-4ca1-ae27-f1d3b0e2dd12,KXCANADAPM-45-C,2025-04-29T00:21:27.833193Z,67.00,0.4300,0.5700,yes
a0ce61f5-49d6-40c0-a1d7-d6ffe4fd51ed,KXCANADAPM-45-C,2025-04-29T00:21:26.573514Z,15.00,0.4200,0.5800,yes
76ca1a12-b931-4240-bcf0-630a12bf2db2,KXCANADAPM-45-C,2025-04-29T00:21:26.573514Z,7.00,0.4300,0.5700,yes
91f2ec8c-d557-4820-a278-c2bbd3b6aba1,KXCANADAPM-45-C,2025-04-29T00:21:26.195112Z,103.00,0.4100,0.5900,no
707fca91-df1a-435b-9c60-e2ba566d4889,KXCANADAPM-45-C,2025-04-29T00:21:26.195112Z,47.00,0.4100,0.5900,no
294e132d-d5fb-4325-bae0-cc42b6234f6b,KXCANADAPM-45-C,2025-04-29T00:21:16.164541Z,45.00,0.4200,0.5800,yes
ff871bfc-e8a2-45bf-8c4a-24271b7b8499,KXCANADAPM-45-C,2025-04-29T00:21:12.424642Z,140.00,0.4200,0.5800,no
fc442d3d-736a-4dde-b5cf-995dff8450a8,KXCANADAPM-45-C,2025-04-29T00:21:08.722594Z,111.00,0.4200,0.5800,yes
f3915266-7878-4caa-b732-37deda130d8a,KXCANADAPM-45-C,2025-04-29T00:21:08.722594Z,1.00,0.4200,0.5800,yes
c50934c2-56ac-47f7-87d4-d6b13deb0c98,KXCANADAPM-45-C,2025-04-29T00:21:08.722594Z,100.00,0.4200,0.5800,yes
a824bc4c-1f7a-453b-9396-962bc8b888da,KXCANADAPM-45-C,2025-04-29T00:21:08.722594Z,2500.00,0.4200,0.5800,yes
9cb6de63-0b1b-4827-9883-8db418137dc5,KXCANADAPM-45-C,2025-04-29T00:21:08.722594Z,10.00,0.4200,0.5800,yes
87273461-a0e6-448e-9157-797ee80294b0,KXCANADAPM-45-C,2025-04-29T00:21:08.722594Z,1.00,0.4200,0.5800,yes
62c31080-74d1-4fe9-b315-aeb8d54cf8f3,KXCANADAPM-45-C,2025-04-29T00:21:08.722594Z,1019.00,0.4200,0.5800,yes
618656db-645f-4b22-9f0b-547efdf02613,KXCANADAPM-45-C,2025-04-29T00:21:08.722594Z,28.00,0.4200,0.5800,yes
89f07846-752f-4ed0-b62b-7a238f33972a,KXCANADAPM-45-C,2025-04-29T00:21:02.658985Z,1886.00,0.4100,0.5900,yes
38fd42f9-88f3-4c8d-834b-660a5b1c5e2e,KXCANADAPM-45-C,2025-04-29T00:21:02.658985Z,100.00,0.4100,0.5900,yes
c3d036c5-e8f8-4864-b828-ed517b0d54d6,KXCANADAPM-45-C,2025-04-29T00:21:00.300504Z,47.00,0.4100,0.5900,yes
1ce6adf5-3778-4988-a42e-ba53bde4ad49,KXCANADAPM-45-C,2025-04-29T00:20:56.652229Z,46.00,0.4100,0.5900,yes
4e44eb51-b731-4285-9c03-1f158ef2fdfb,KXCANADAPM-45-C,2025-04-29T00:20:50.101539Z,11.00,0.4100,0.5900,yes
e36437b7-af6b-4289-834d-2bbfa2e6d4c1,KXCANADAPM-45-C,2025-04-29T00:20:31.698721Z,3459.00,0.4100,0.5900,yes
188b7877-27d7-4570-a0dc-14467cc0b231,KXCANADAPM-45-C,2025-04-29T00:20:26.311436Z,200.00,0.4000,0.6000,no
c14c469d-cc6f-475a-bc8a-929fbf9e89d0,KXCANADAPM-45-C,2025-04-29T00:20:25.634732Z,117.00,0.4100,0.5900,yes
15221b30-9ee9-4258-8b24-a48a53f5737a,KXCANADAPM-45-C,2025-04-29T00:20:22.5455Z,525.00,0.4000,0.6000,no
e5a31756-159c-4f58-930c-c9dc06232212,KXCANADAPM-45-C,2025-04-29T00:20:22.146049Z,35.00,0.4000,0.6000,no
f33a9258-a51f-4caa-8696-b0fffc5f5f2b,KXCANADAPM-45-C,2025-04-29T00:20:20.844779Z,234.00,0.4100,0.5900,yes
dcc831e0-57f0-4635-a876-71018b666955,KXCANADAPM-45-C,2025-04-29T00:20:16.745127Z,20.00,0.4000,0.6000,no
627395e3-af5b-4eeb-a89c-5ea539284934,KXCANADAPM-45-C,2025-04-29T00:20:06.764032Z,20.00,0.3800,0.6200,no
4cc86933-c192-4dca-9507-0084678192ae,KXCANADAPM-45-C,2025-04-29T00:19:59.770335Z,100.00,0.3900,0.6100,yes
70cc53de-4add-4d45-8a76-52e3a4cbe501,KXCANADAPM-45-C,2025-04-29T00:19:57.137918Z,706.00,0.4000,0.6000,yes
10717a43-7ba9-4f5f-a085-1ae939db02f0,KXCANADAPM-45-C,2025-04-29T00:19:57.137918Z,82.00,0.4000,0.6000,yes
abd1482a-6ef6-4668-9152-3ce5b2d6be11,KXCANADAPM-45-C,2025-04-29T00:19:43.715925Z,82.00,0.4000,0.6000,yes
714cb228-cf2d-4498-9e07-ee44aba25728,KXCANADAPM-45-C,2025-04-29T00:19:43.715925Z,18.00,0.4000,0.6000,yes
31c4f830-aaf4-4942-8f93-39579418e235,KXCANADAPM-45-C,2025-04-29T00:19:43.624818Z,1.00,0.4000,0.6000,yes
79f47f08-0ae8-4344-b897-fdf68f7ed518,KXCANADAPM-45-C,2025-04-29T00:19:39.720984Z,59.00,0.4000,0.6000,yes
430f2924-a7ac-45c7-ae8d-8971b88dd04b,KXCANADAPM-45-C,2025-04-29T00:19:34.817751Z,11.00,0.4000,0.6000,yes
e6aaf6b3-59d9-4a5d-913a-e2da7efddb72,KXCANADAPM-45-C,2025-04-29T00:19:30.849669Z,47.00,0.4000,0.6000,yes
8d99a2a4-2aa2-4fd9-9b60-660cb2f7f9de,KXCANADAPM-45-C,2025-04-29T00:19:24.438399Z,312.00,0.3900,0.6100,yes
2a1b97c3-d94e-4112-80d5-74e150cbb214,KXCANADAPM-45-C,2025-04-29T00:19:24.438399Z,100.00,0.3900,0.6100,yes
41740441-d08d-4fd7-818e-1a15bfb740aa,KXCANADAPM-45-C,2025-04-29T00:19:19.184961Z,184.00,0.3900,0.6100,yes
914271c1-3151-4e81-8e72-6b391a823c71,KXCANADAPM-45-C,2025-04-29T00:19:18.198824Z,4.00,0.3900,0.6100,yes
317cbfc6-f903-4ae0-b681-dea3bcef015f,KXCANADAPM-45-C,2025-04-29T00:19:17.733758Z,500.00,0.3900,0.6100,yes
25716c69-99a2-4b1f-8b2f-02de0c576a8a,KXCANADAPM-45-C,2025-04-29T00:19:11.479023Z,81.00,0.3800,0.6200,no
0817fc4e-5ef5-469a-a820-fa0b82b51fe5,KXCANADAPM-45-C,2025-04-29T00:19:11.479023Z,600.00,0.3800,0.6200,no
d506c478-b28d-492a-be39-25e4c3a10b96,KXCANADAPM-45-C,2025-04-29T00:19:02.012059Z,330.00,0.4000,0.6000,yes
49807705-e822-4bb8-abf0-9f6412dd50c0,KXCANADAPM-45-C,2025-04-29T00:18:56.947874Z,24.00,0.4000,0.6000,yes
f27b8443-4f99-453d-a86c-4b64e27a9897,KXCANADAPM-45-C,2025-04-29T00:18:53.146435Z,200.00,0.3900,0.6100,yes
a3d7ead9-287c-43d1-95ec-598cb188297b,KXCANADAPM-45-C,2025-04-29T00:18:53.146435Z,4333.00,0.4000,0.6000,yes
78ad2a52-559d-4b9e-ac87-af39aec7c08a,KXCANADAPM-45-C,2025-04-29T00:18:53.146435Z,40.00,0.4000,0.6000,yes
6f47e87e-37c0-4afa-be9d-f51cae64655f,KXCANADAPM-45-C,2025-04-29T00:18:53.146435Z,100.00,0.4000,0.6000,yes
3200d381-d301-4832-a7b2-4a1b22883618,KXCANADAPM-45-C,2025-04-29T00:18:53.146435Z,877.00,0.4000,0.6000,yes
7e7e755a-34a0-4929-85de-2d30a8af6527,KXCANADAPM-45-C,2025-04-29T00:18:47.761284Z,97.00,0.4000,0.6000,yes
2f85fbc4-3d87-4ee6-9b13-aa184e1bec85,KXCANADAPM-45-C,2025-04-29T00:18:44.581374Z,239.00,0.4000,0.6000,yes
385c7bff-e35c-486c-a244-55fdd2ec3028,KXCANADAPM-45-C,2025-04-29T00:18:44.508073Z,17.00,0.3800,0.6200,no
a32d62de-ce08-419f-8768-0f8f5d093bd8,KXCANADAPM-45-C,2025-04-29T00:18:44.380215Z,239.00,0.4000,0.6000,yes
f6b7dea2-b895-409e-9f44-b7a277275ca1,KXCANADAPM-45-C,2025-04-29T00:18:41.616403Z,3.00,0.4000,0.6000,yes
467d7538-c1ce-43db-9f71-187bb2f141c4,KXCANADAPM-45-C,2025-04-29T00:18:41.616403Z,92.00,0.4000,0.6000,yes
6b07b245-c990-45e4-8cc1-6195948d2683,KXCANADAPM-45-C,2025-04-29T00:18:32.244259Z,44.00,0.3800,0.6200,yes
41c218e4-64ad-4636-a4a0-fabedd1d1287,KXCANADAPM-45-C,2025-04-29T00:18:32.244259Z,2.00,0.4000,0.6000,yes
32c87e55-b2c9-46e1-b28d-2486b8aa27be,KXCANADAPM-45-C,2025-04-29T00:18:32.244259Z,62.00,0.3800,0.6200,yes
15cb4166-f5be-4e1c-98f7-5eb3d6f400e8,KXCANADAPM-45-C,2025-04-29T00:18:32.244259Z,100.00,0.3800,0.6200,yes
6c73a9e0-d739-409e-9ff0-76e004f84bf2,KXCANADAPM-45-C,2025-04-29T00:18:27.744846Z,156.00,0.3800,0.6200,yes
d17a2446-719e-4509-80ce-b80d2444cfd4,KXCANADAPM-45-C,2025-04-29T00:18:21.951429Z,8.00,0.3800,0.6200,yes
d0ce78c8-4888-4ddd-b0eb-5ee0ed6de4a4,KXCANADAPM-45-C,2025-04-29T00:18:11.245003Z,100.00,0.3900,0.6100,yes
3cd5b05c-9851-46aa-8cf3-f6842a073348,KXCANADAPM-45-C,2025-04-29T00:18:11.012032Z,36.00,0.3900,0.6100,yes
3023ed41-a643-48a8-8252-7bf0e82efc01,KXCANADAPM-45-C,2025-04-29T00:18:08.703661Z,71.00,0.3700,0.6300,no
ad10ce24-f287-42b0-83d4-a0562030df41,KXCANADAPM-45-C,2025-04-29T00:18:04.221169Z,52.00,0.3900,0.6100,yes
4450e35c-dce5-4fe0-a0b7-815f25259461,KXCANADAPM-45-C,2025-04-29T00:18:04.221169Z,48.00,0.3900,0.6100,yes
9742147e-cc73-456d-86ca-3d0966fdabe8,KXCANADAPM-45-C,2025-04-29T00:18:00.784376Z,32.00,0.3900,0.6100,yes
0a9f987f-163a-46ee-90dd-a14d3aa33d8a,KXCANADAPM-45-C,2025-04-29T00:18:00.784376Z,68.00,0.3800,0.6200,yes
a2aaff9d-6075-4aac-8e50-5cfbdbf73947,KXCANADAPM-45-C,2025-04-29T00:17:57.012951Z,56.00,0.3700,0.6300,yes
93d90013-91de-4e1c-84a3-bda01afac75c,KXCANADAPM-45-C,2025-04-29T00:17:57.012951Z,43.00,0.3800,0.6200,yes
730fbcb9-5133-4f14-8711-25fb091be36f,KXCANADAPM-45-C,2025-04-29T00:17:47.652065Z,504.00,0.3700,0.6300,yes
239b5273-8651-4a85-aa66-b4528ca59da4,KXCANADAPM-45-C,2025-04-29T00:17:41.223595Z,100.00,0.3700,0.6300,yes
b7f70c19-3357-4abf-812b-52330a9fb38f,KXCANADAPM-45-C,2025-04-29T00:17:36.684398Z,3.00,0.3700,0.6300,yes
39158a19-fd72-4a6d-8d09-4946462117da,KXCANADAPM-45-C,2025-04-29T00:17:35.330206Z,37.00,0.3700,0.6300,yes
05d2679d-fecc-4469-8d4c-602e24f37666,KXCANADAPM-45-C,2025-04-29T00:17:35.330206Z,1.00,0.3700,0.6300,yes
5f4f32ad-6224-445f-a35d-7f4bd7a81750,KXCANADAPM-45-C,2025-04-29T00:17:20.533698Z,2250.00,0.3600,0.6400,yes
13e5007e-892c-423e-b464-1f39b3283520,KXCANADAPM-45-C,2025-04-29T00:17:20.533698Z,100.00,0.3600,0.6400,yes
5ee430d2-f1d6-4116-a769-805c66243e20,KXCANADAPM-45-C,2025-04-29T00:17:18.003799Z,250.00,0.3600,0.6400,yes
ec7dfe29-393b-40d7-8db6-d5cd38940b70,KXCANADAPM-45-C,2025-04-29T00:17:05.65902Z,81.00,0.3500,0.6500,yes
7f90ded0-d85f-41c4-89b4-b24014040e37,KXCANADAPM-45-C,2025-04-29T00:17:05.65902Z,100.00,0.3500,0.6500,yes
67c774b6-0afc-4ec9-8c85-57bc7e1883d7,KXCANADAPM-45-C,2025-04-29T00:17:05.65902Z,59.00,0.3500,0.6500,yes
47bba66c-e3a7-4994-a2a7-729fe9f417e7,KXCANADAPM-45-C,2025-04-29T00:17:05.65902Z,39.00,0.3500,0.6500,yes
4266b13f-405a-4f51-b15b-60b6a430db36,KXCANADAPM-45-C,2025-04-29T00:17:05.65902Z,2296.00,0.3500,0.6500,yes
320a5f6b-9d3c-4bbb-9307-73c977a72362,KXCANADAPM-45-C,2025-04-29T00:17:05.65902Z,3000.00,0.3500,0.6500,yes
cfaf33fe-59d5-4042-ad45-d93d05342d85,KXCANADAPM-45-C,2025-04-29T00:17:04.844982Z,2970.00,0.3500,0.6500,yes
36201a6e-4268-4270-a3a3-4832c983042b,KXCANADAPM-45-C,2025-04-29T00:16:57.29078Z,300.00,0.3500,0.6500,yes
7c34c5a6-9d7f-415c-bb21-74441ba94dcb,KXCANADAPM-45-C,2025-04-29T00:16:55.845081Z,16.00,0.3500,0.6500,yes
d422229e-3582-4282-813b-70d063d80030,KXCANADAPM-45-C,2025-04-29T00:16:53.853261Z,80.00,0.3400,0.6600,no
f9601b49-fa63-45de-b61a-88b95cdf3ba1,KXCANADAPM-45-C,2025-04-29T00:16:51.562489Z,136.00,0.3500,0.6500,yes
1fb63366-87f7-4366-80fa-cece5ce1b62e,KXCANADAPM-45-C,2025-04-29T00:16:50.773085Z,123.00,0.3500,0.6500,yes
fbd2825d-856e-470f-b08f-3b59e40921f4,KXCANADAPM-45-C,2025-04-29T00:16:45.107591Z,136.00,0.3500,0.6500,yes
fefc72a0-5d9f-4ecb-ae95-7c9a29f20cf6,KXCANADAPM-45-C,2025-04-29T00:16:44.025921Z,100.00,0.3400,0.6600,no
93eaad7f-9b86-4b30-89d2-56bbcec6c7b4,KXCANADAPM-45-C,2025-04-29T00:16:44.025921Z,70.00,0.3400,0.6600,no
153b82e2-944a-4412-b673-a5a5c0eb3a97,KXCANADAPM-45-C,2025-04-29T00:16:44.025921Z,6.00,0.3400,0.6600,no
be20f1c1-d66b-4ad2-8ff4-bdefa9b3d312,KXCANADAPM-45-C,2025-04-29T00:16:43.231218Z,1000.00,0.3500,0.6500,yes
d9dd7b2f-fa69-42e1-a71b-0a159ee9c245,KXCANADAPM-45-C,2025-04-29T00:16:40.058277Z,70.00,0.3400,0.6600,no
d19207a7-806b-414e-b351-2adc0c413ab8,KXCANADAPM-45-C,2025-04-29T00:16:38.69865Z,136.00,0.3500,0.6500,yes
2c22d7f6-fb38-42d1-9791-574c2842082b,KXCANADAPM-45-C,2025-04-29T00:16:34.115016Z,401.00,0.3500,0.6500,yes
bc942b21-c2ba-4f9f-9046-2c67f69ec97f,KXCANADAPM-45-C,2025-04-29T00:16:33.553863Z,134.00,0.3500,0.6500,yes
05d92cc6-d7b2-4368-b697-ee75a88f90f1,KXCANADAPM-45-C,2025-04-29T00:16:32.594649Z,700.00,0.3500,0.6500,yes
b9650d2a-6d7c-4425-971c-763b637712af,KXCANADAPM-45-C,2025-04-29T00:15:52.742496Z,100.00,0.3400,0.6600,yes
586105e1-8bd3-4d5f-9e6c-799a2f962993,KXCANADAPM-45-C,2025-04-29T00:15:52.742496Z,2715.00,0.3400,0.6600,yes
5846666d-c77a-4512-941a-0b1aa2702f48,KXCANADAPM-45-C,2025-04-29T00:15:52.742496Z,10.00,0.3400,0.6600,yes
8a121c41-7afd-4f1a-bbc2-ca60defb7a54,KXCANADAPM-45-C,2025-04-29T00:15:52.18164Z,140.00,0.3400,0.6600,yes
dbdb524a-06bc-46a7-ba3c-a3f0491f6a79,KXCANADAPM-45-C,2025-04-29T00:15:51.771587Z,20.00,0.3300,0.6700,no
1fb50274-f79f-4a47-a0d9-7bf13103d2c4,KXCANADAPM-45-C,2025-04-29T00:15:50.291485Z,15.00,0.3400,0.6600,yes
40932a31-5d62-43f7-b292-43c3ee49c7b6,KXCANADAPM-45-C,2025-04-29T00:15:42.132097Z,14.00,0.3400,0.6600,yes
5aea46fc-8c29-4372-b785-59b5a5b7c639,KXCANADAPM-45-C,2025-04-29T00:15:42.044224Z,11.00,0.3400,0.6600,yes
1fa17758-32b0-4333-818d-d8e1754f67db,KXCANADAPM-45-C,2025-04-29T00:15:40.413196Z,10.00,0.3400,0.6600,yes
3a344346-55f2-41bb-8b5e-359fbb64ba5d,KXCANADAPM-45-C,2025-04-29T00:15:35.503515Z,413.00,0.3400,0.6600,yes
6aa650b7-73ab-45a5-9ad3-8a7435a77a11,KXCANADAPM-45-C,2025-04-29T00:15:34.151133Z,14.00,0.3400,0.6600,yes
335ba088-d22f-4371-a25a-c3546b5d94a0,KXCANADAPM-45-C,2025-04-29T00:15:31.491094Z,53.00,0.3400,0.6600,yes
d5bf29d9-2b72-44f4-bdb9-84b9cf9eb7fd,KXCANADAPM-45-C,2025-04-29T00:15:30.606237Z,281.00,0.3400,0.6600,yes
8b4b46db-8599-4ddc-aa39-008c6e9de4ca,KXCANADAPM-45-C,2025-04-29T00:15:22.441698Z,625.00,0.3300,0.6700,no
15ceb27e-bfd1-419e-8c22-ae059f480e7f,KXCANADAPM-45-C,2025-04-29T00:15:17.87083Z,184.00,0.3300,0.6700,no
6fd3e437-abb8-4541-8fd9-b36e4ab3f3ec,KXCANADAPM-45-C,2025-04-29T00:15:13.994808Z,600.00,0.3200,0.6800,yes
b727ca92-dbb3-4f38-9018-86698b2bfb17,KXCANADAPM-45-C,2025-04-29T00:15:13.32967Z,334.00,0.3400,0.6600,yes
18bb415f-ceb8-48b9-8eaf-415c27ae94d7,KXCANADAPM-45-C,2025-04-29T00:15:13.32967Z,666.00,0.3400,0.6600,yes
b4cb6a65-8326-450c-83d0-ba8c496e4236,KXCANADAPM-45-C,2025-04-29T00:15:11.428195Z,1000.00,0.3300,0.6700,yes
ebe5662a-71d0-4467-904c-f4d4a3135f2c,KXCANADAPM-45-C,2025-04-29T00:15:10.676754Z,666.00,0.3300,0.6700,yes
e3b9a1e0-d8a0-493b-b267-0888d04a013d,KXCANADAPM-45-C,2025-04-29T00:15:10.676754Z,4.00,0.3300,0.6700,yes
a36746f3-1639-40ce-a092-77a7c9fc052f,KXCANADAPM-45-C,2025-04-29T00:15:10.676754Z,300.00,0.3300,0.6700,yes
90adc6e8-52bb-46ec-94f7-e99357dcaf59,KXCANADAPM-45-C,2025-04-29T00:15:10.676754Z,10.00,0.3300,0.6700,yes
51d20d1e-a8ba-4f29-b946-49c192d7f6c2,KXCANADAPM-45-C,2025-04-29T00:15:10.676754Z,20.00,0.3300,0.6700,yes
ba02e615-ffba-403c-ba8d-37f4f2bab8c7,KXCANADAPM-45-C,2025-04-29T00:15:09.556017Z,592.00,0.3200,0.6800,yes
06b09222-14c8-42bd-a27b-1d3059176e96,KXCANADAPM-45-C,2025-04-29T00:15:09.556017Z,100.00,0.3200,0.6800,yes
f2a5235f-95c7-4238-bb0e-98e50b8b5b93,KXCANADAPM-45-C,2025-04-29T00:15:08.649877Z,566.00,0.3200,0.6800,yes
06da64db-9f63-45a9-a1b4-5c399ac4be52,KXCANADAPM-45-C,2025-04-29T00:15:08.649877Z,208.00,0.3200,0.6800,yes
08b4a0db-060c-4e5e-bcd9-44055c14174a,KXCANADAPM-45-C,2025-04-29T00:15:07.212299Z,100.00,0.3200,0.6800,yes
ac45e364-4c31-4bcd-b53d-df33e1d7d4dd,KXCANADAPM-45-C,2025-04-29T00:14:58.744196Z,253.00,0.3100,0.6900,yes
750a96a1-419d-42a3-81dc-b0fbf11cd17a,KXCANADAPM-45-C,2025-04-29T00:14:58.744196Z,100.00,0.3100,0.6900,yes
5027970d-687b-44f5-bb11-9506642c8fe6,KXCANADAPM-45-C,2025-04-29T00:14:58.744196Z,100.00,0.3100,0.6900,yes
03ed15f7-f7aa-4ac8-b93a-89b9955b2a03,KXCANADAPM-45-C,2025-04-29T00:14:58.744196Z,34.00,0.3100,0.6900,yes
418ac90e-fded-4012-a66a-04ca3c24c76b,KXCANADAPM-45-C,2025-04-29T00:14:57.902159Z,1615.00,0.3100,0.6900,yes
1962fd72-55a3-425a-a034-6598093eb9e5,KXCANADAPM-45-C,2025-04-29T00:14:56.071342Z,305.00,0.3100,0.6900,yes
144f2a8f-0959-47cf-b51d-40a1fb794d90,KXCANADAPM-45-C,2025-04-29T00:14:52.158693Z,300.00,0.3100,0.6900,yes
bb7599b3-5579-40e2-9255-52fff9dac7c6,KXCANADAPM-45-C,2025-04-29T00:14:51.983789Z,550.00,0.3100,0.6900,yes
715dae81-cc46-4821-90f6-d02e7630b837,KXCANADAPM-45-C,2025-04-29T00:14:51.192095Z,100.00,0.3100,0.6900,yes
0f686cc2-b746-4922-9376-7e70fdf05b95,KXCANADAPM-45-C,2025-04-29T00:14:45.397588Z,203.00,0.3100,0.6900,yes
d343a3b3-2ff6-47f9-9059-4ea660824caa,KXCANADAPM-45-C,2025-04-29T00:14:45.380369Z,307.00,0.3100,0.6900,yes
ff37e5da-a785-4e02-8f5e-c543611cb904,KXCANADAPM-45-C,2025-04-29T00:14:42.408174Z,601.00,0.3100,0.6900,yes
815b4ab4-6f16-4680-98ca-0c20570ac5b9,KXCANADAPM-45-C,2025-04-29T00:14:42.408174Z,567.00,0.3100,0.6900,yes
89bd8fd2-faa5-4f34-b559-af2afe5d94a4,KXCANADAPM-45-C,2025-04-29T00:14:30.787538Z,5.00,0.3100,0.6900,yes
fb2fb214-fd38-49c7-929c-1513242c1b53,KXCANADAPM-45-C,2025-04-29T00:14:18.317437Z,30.00,0.3100,0.6900,yes
d109c987-7714-4f71-89f8-53837e9c0eb8,KXCANADAPM-45-C,2025-04-29T00:14:13.291257Z,15.00,0.3100,0.6900,yes
40cb5cb2-9a4f-483b-ab75-bac7330916fd,KXCANADAPM-45-C,2025-04-29T00:14:12.268553Z,15.00,0.3100,0.6900,yes
a7e9d6dd-adb5-4830-80ce-a98082dfe9ae,KXCANADAPM-45-C,2025-04-29T00:14:00.002025Z,189.00,0.3000,0.7000,yes
4fb0097a-4c4b-44a6-867b-32682f0a1289,KXCANADAPM-45-C,2025-04-29T00:14:00.002025Z,4.00,0.3000,0.7000,yes
cb7f9b52-a283-41ed-8001-02fa0b60a03d,KXCANADAPM-45-C,2025-04-29T00:13:59.363343Z,800.00,0.3000,0.7000,yes
579cd9be-9795-4165-bfc3-cbdf5c104bfc,KXCANADAPM-45-C,2025-04-29T00:13:53.915138Z,158.00,0.3000,0.7000,yes
226c086d-c62d-4a01-a9d4-cc06aed846df,KXCANADAPM-45-C,2025-04-29T00:13:44.384246Z,38.00,0.3000,0.7000,yes
76670544-8f63-4347-960e-39009dfdb384,KXCANADAPM-45-C,2025-04-29T00:13:14.797159Z,778.00,0.3000,0.7000,yes
f26ea9e0-deb0-486e-b755-34e04ac80d4c,KXCANADAPM-45-C,2025-04-29T00:13:09.813053Z,145.00,0.3000,0.7000,yes
5832251f-461a-4ee9-8178-01496b3e2f7d,KXCANADAPM-45-C,2025-04-29T00:13:09.813053Z,23.00,0.3000,0.7000,yes
d32ee861-086f-4a84-bd64-f057a843abd7,KXCANADAPM-45-C,2025-04-29T00:13:02.246833Z,2.00,0.2900,0.7100,yes
1e3c3689-ffc7-4614-801a-ad6326816e27,KXCANADAPM-45-C,2025-04-29T00:13:02.246833Z,75.00,0.3000,0.7000,yes
26f4516c-2be0-4df9-a3f6-fcb6ced93632,KXCANADAPM-45-C,2025-04-29T00:12:43.500105Z,2.00,0.3000,0.7000,yes
d5929f28-7201-4e29-a40b-1533ffc9631d,KXCANADAPM-45-C,2025-04-29T00:12:36.104254Z,9.00,0.3000,0.7000,yes
f2ececc5-9c49-4538-baf1-e303e2199bc9,KXCANADAPM-45-C,2025-04-29T00:12:34.385083Z,1.00,0.3000,0.7000,yes
d2fcbd38-d79b-4a97-abd4-4a2588e5a062,KXCANADAPM-45-C,2025-04-29T00:12:34.385083Z,4.00,0.3000,0.7000,yes
c3e17857-a667-44fc-82e3-7a69eeb505b3,KXCANADAPM-45-C,2025-04-29T00:12:34.385083Z,584.00,0.3000,0.7000,yes
83340547-8d41-4dec-83a8-138ec0d42e7e,KXCANADAPM-45-C,2025-04-29T00:12:34.385083Z,10.00,0.3000,0.7000,yes
30153b53-b89c-473c-a6cd-471d67709814,KXCANADAPM-45-C,2025-04-29T00:12:34.385083Z,36.00,0.3000,0.7000,yes
cc6cbb17-c9c1-40bc-9d0b-f02f791f9a4b,KXCANADAPM-45-C,2025-04-29T00:12:31.889654Z,2000.00,0.2900,0.7100,no
ac14752b-f003-4fda-adcd-a298c0c88225,KXCANADAPM-45-C,2025-04-29T00:12:31.889654Z,100.00,0.2900,0.7100,no
32497672-0044-4dbf-9a2b-c5e51133d78e,KXCANADAPM-45-C,2025-04-29T00:12:31.889654Z,194.00,0.2900,0.7100,no
ab5a5d84-2d61-41d2-bae9-ff592e76a1d0,KXCANADAPM-45-C,2025-04-29T00:12:24.201369Z,100.00,0.2900,0.7100,yes
6f431635-3ba1-4eed-8001-7273deede920,KXCANADAPM-45-C,2025-04-29T00:12:24.201369Z,29.00,0.2900,0.7100,yes
42a3aa2a-d644-4843-b5c9-c41d2a346760,KXCANADAPM-45-C,2025-04-29T00:12:24.201369Z,5327.00,0.2900,0.7100,yes
028c79f3-5928-4281-9bf6-0a6db3985276,KXCANADAPM-45-C,2025-04-29T00:12:24.201369Z,71.00,0.2900,0.7100,yes
b01cb258-13f8-49c0-abce-68093080065a,KXCANADAPM-45-C,2025-04-29T00:12:23.33068Z,1000.00,0.2900,0.7100,yes
386e67be-3b6a-4042-b2b6-0a436b11df5f,KXCANADAPM-45-C,2025-04-29T00:12:22.515579Z,1000.00,0.2900,0.7100,yes
ef0d9084-e3af-4d79-995f-678f5dbf5dad,KXCANADAPM-45-C,2025-04-29T00:12:20.468754Z,1000.00,0.2900,0.7100,yes
14988639-e9af-469a-8d27-0a90574f09b1,KXCANADAPM-45-C,2025-04-29T00:12:19.691495Z,1000.00,0.2900,0.7100,yes
7400aac9-2d6b-4e78-b82f-47efa1721bc7,KXCANADAPM-45-C,2025-04-29T00:12:19.230203Z,1000.00,0.2900,0.7100,yes
b30d60fa-16c7-4f78-801b-ddcd8d6cc8f3,KXCANADAPM-45-C,2025-04-29T00:12:18.12589Z,328.00,0.2900,0.7100,yes
de4d865f-a34c-484c-aae5-968d490a4c77,KXCANADAPM-45-C,2025-04-29T00:12:17.862605Z,1596.00,0.2900,0.7100,yes
e6b5bb57-7f4e-4da1-a03f-52389d24dfe7,KXCANADAPM-45-C,2025-04-29T00:12:17.300212Z,50.00,0.2900,0.7100,yes
4f9ac179-a3fc-4404-a457-03b58f021d21,KXCANADAPM-45-C,2025-04-29T00:12:15.427367Z,1000.00,0.2900,0.7100,yes
d284a2d9-51d6-46b3-9710-5858fc52f884,KXCANADAPM-45-C,2025-04-29T00:12:14.659398Z,1000.00,0.2900,0.7100,yes
130c4ac7-7b74-404b-b3f8-9ee05ff48dfc,KXCANADAPM-45-C,2025-04-29T00:12:13.776672Z,1000.00,0.2900,0.7100,yes
b2a9a7d8-1f80-4711-987d-3d9035748714,KXCANADAPM-45-C,2025-04-29T00:12:03.263485Z,200.00,0.2900,0.7100,yes
2df9017c-4070-4d9b-9043-920ef4dedcd5,KXCANADAPM-45-C,2025-04-29T00:12:00.501196Z,6.00,0.2900,0.7100,yes
e3a6d4f6-1e4e-4b20-9be6-6bdcd0a9a48b,KXCANADAPM-45-C,2025-04-29T00:11:50.772004Z,10.00,0.2900,0.7100,yes
ea4c6953-d6ae-4462-9b67-9986e5d5c25e,KXCANADAPM-45-C,2025-04-29T00:11:41.928854Z,328.00,0.2900,0.7100,yes
e386d49b-c6dc-4074-bb3c-3ee58b3d13bf,KXCANADAPM-45-C,2025-04-29T00:11:28.210827Z,3096.00,0.2800,0.7200,yes
7eec24d8-282e-4418-86c5-e45f0b89479b,KXCANADAPM-45-C,2025-04-29T00:11:17.884406Z,1000.00,0.2800,0.7200,yes
63c8e701-1172-4d43-88c0-7fa34a4df392,KXCANADAPM-45-C,2025-04-29T00:11:16.998268Z,300.00,0.2800,0.7200,yes
d0ee1bd2-e3e4-4a67-aeac-f56dc59bb512,KXCANADAPM-45-C,2025-04-29T00:11:15.668004Z,1000.00,0.2800,0.7200,yes
ce3af9d7-4851-4154-a25c-0a7aeda98273,KXCANADAPM-45-C,2025-04-29T00:11:12.746021Z,896.00,0.2800,0.7200,yes
8473c3a7-8b9b-4191-a72f-9db1cabee833,KXCANADAPM-45-C,2025-04-29T00:11:12.746021Z,104.00,0.2800,0.7200,yes
fc0e03f9-27b8-4b3f-94f6-bec42f4bdb61,KXCANADAPM-45-C,2025-04-29T00:11:11.74936Z,20.00,0.2800,0.7200,yes
1d5ee9ee-25e8-49ff-bf64-e51fda9fcaa9,KXCANADAPM-45-C,2025-04-29T00:11:11.356023Z,1000.00,0.2800,0.7200,yes
d0a399cf-cf72-4308-810c-d470e178cc75,KXCANADAPM-45-C,2025-04-29T00:11:11.349696Z,160.00,0.2800,0.7200,yes
884225c3-7ba7-44ff-8395-41aacf4ba20b,KXCANADAPM-45-C,2025-04-29T00:11:11.349696Z,100.00,0.2800,0.7200,yes
0aab3459-8fc7-48c1-b2ce-7f8e8efa57ac,KXCANADAPM-45-C,2025-04-29T00:11:11.349696Z,3084.00,0.2800,0.7200,yes
279b0e03-19ce-4c39-8a94-ec9b592bf946,KXCANADAPM-45-C,2025-04-29T00:11:01.721346Z,340.00,0.2800,0.7200,yes
f33c7b0c-a1e0-4a18-a148-bedff1c0b5c0,KXCANADAPM-45-C,2025-04-29T00:10:59.501293Z,166.00,0.2800,0.7200,yes
b7d2227b-f34d-4128-887e-9cd6101fb4fe,KXCANADAPM-45-C,2025-04-29T00:09:57.356009Z,285.00,0.2800,0.7200,yes
223c3b6d-02d7-492f-a7c7-0987a9ce5622,KXCANADAPM-45-C,2025-04-29T00:09:21.998136Z,200.00,0.2800,0.7200,yes
ed83070f-73cb-4162-b0fa-1730751069db,KXCANADAPM-45-C,2025-04-29T00:08:32.203328Z,99.00,0.2700,0.7300,no
4cf5438e-ed8e-4c59-bece-0b7303282ffc,KXCANADAPM-45-C,2025-04-29T00:08:32.203328Z,10.00,0.2700,0.7300,no
28dedcd6-57dd-454f-9909-f614c1ab9ab1,KXCANADAPM-45-C,2025-04-29T00:08:32.203328Z,300.00,0.2700,0.7300,no
430eeb3f-83e0-491d-9e47-2cabfbe69980,KXCANADAPM-45-C,2025-04-29T00:08:27.134487Z,166.00,0.2800,0.7200,yes
a3aafa55-799d-4fc5-83da-18bc33ca5001,KXCANADAPM-45-C,2025-04-29T00:07:37.711524Z,1.00,0.2700,0.7300,no
915a928d-adaa-4be7-a265-d3161ee6593b,KXCANADAPM-45-C,2025-04-29T00:07:36.738759Z,340.00,0.2800,0.7200,yes
8e8d6549-55a9-4d73-87e8-342c513496d5,KXCANADAPM-45-C,2025-04-29T00:07:06.607523Z,10.00,0.2800,0.7200,yes
c238272a-22e2-40ff-801e-0c4e37c0135b,KXCANADAPM-45-C,2025-04-29T00:06:48.994502Z,400.00,0.2800,0.7200,yes
a8339871-c7b8-40d3-95e9-4c06d1882b52,KXCANADAPM-45-C,2025-04-29T00:06:36.591434Z,75.00,0.2700,0.7300,no
db44a00f-4328-400b-ab54-ce8622c2c2ed,KXCANADAPM-45-C,2025-04-29T00:06:12.166865Z,8.00,0.2800,0.7200,yes
692c8e37-45cd-4fc1-9a18-9503af9f272c,KXCANADAPM-45-C,2025-04-29T00:06:04.322495Z,85.00,0.2800,0.7200,yes
f37f894c-3180-4d45-8c8f-f4abb8d66f38,KXCANADAPM-45-C,2025-04-29T00:05:48.22984Z,340.00,0.2800,0.7200,yes
d9d2f539-6a99-4272-b0af-c0a80f375c8d,KXCANADAPM-45-C,2025-04-29T00:05:46.511403Z,87.00,0.2800,0.7200,yes
bc992a59-602e-4d23-acce-cf7d4b640c4b,KXCANADAPM-45-C,2025-04-29T00:05:46.511403Z,1094.00,0.2800,0.7200,yes
47ffc056-67a5-41ca-b7b3-e2d5774e1865,KXCANADAPM-45-C,2025-04-29T00:05:46.511403Z,519.00,0.2800,0.7200,yes
85275d54-e14f-4261-86f8-2d37d4e99b6c,KXCANADAPM-45-C,2025-04-29T00:05:45.864505Z,17.00,0.2800,0.7200,yes
da3dcbc9-54cf-40ce-9bd1-a97108ba5bf0,KXCANADAPM-45-C,2025-04-29T00:05:21.489362Z,52.00,0.2700,0.7300,yes
fd5411bd-202c-483f-8c9b-d1c421ad843b,KXCANADAPM-45-C,2025-04-29T00:04:53.367778Z,100.00,0.2800,0.7200,yes
cb10bbe7-0583-4af7-ab4a-aa6af596d13b,KXCANADAPM-45-C,2025-04-29T00:04:53.367778Z,50.00,0.2800,0.7200,yes
cad462ee-d448-4078-a827-0eee8b98d31b,KXCANADAPM-45-C,2025-04-29T00:04:53.367778Z,50.00,0.2800,0.7200,yes
b6dacac0-23f1-4932-8f2a-e794ad2329cd,KXCANADAPM-45-C,2025-04-29T00:04:53.367778Z,297.00,0.2800,0.7200,yes
6cecc2e9-0136-48d8-bbaa-14e6280102a1,KXCANADAPM-45-C,2025-04-29T00:04:53.367778Z,100.00,0.2800,0.7200,yes
33e81ebe-d019-4390-b3cb-bf04a58f6ddc,KXCANADAPM-45-C,2025-04-29T00:04:53.367778Z,1230.00,0.2800,0.7200,yes
0c5fbaa4-42ad-415a-afc9-f8a19968b4be,KXCANADAPM-45-C,2025-04-29T00:04:53.367778Z,173.00,0.2800,0.7200,yes
a278b242-7341-4780-b91b-5bc0cb708fb6,KXCANADAPM-45-C,2025-04-29T00:04:18.332469Z,85.00,0.2800,0.7200,yes
94f77599-64b2-4629-948f-7d439ff9c2f4,KXCANADAPM-45-C,2025-04-29T00:03:55.036926Z,30.00,0.2700,0.7300,yes
373be143-dc98-44cb-b55d-c6546611c639,KXCANADAPM-45-C,2025-04-29T00:03:55.036926Z,623.00,0.2700,0.7300,yes
70fd6ffb-8302-4819-aa99-918364918111,KXCANADAPM-45-C,2025-04-29T00:03:53.815332Z,70.00,0.2700,0.7300,yes
28f5a68f-029e-4bb4-bdd4-2d4ff9bc272b,KXCANADAPM-45-C,2025-04-29T00:03:43.605664Z,35.00,0.2700,0.7300,yes
c01e9a26-cd26-40b4-b5e3-d529ca62d1f3,KXCANADAPM-45-C,2025-04-29T00:02:59.950366Z,14.00,0.2700,0.7300,no
14014d56-4264-4fcb-9dff-a3cbb4d49a53,KXCANADAPM-45-C,2025-04-29T00:02:56.619667Z,11.00,0.2700,0.7300,no
ed51367f-444f-435b-ab68-3971c80f9cbc,KXCANADAPM-45-C,2025-04-29T00:02:51.942289Z,19.00,0.2700,0.7300,no
fba09d92-6daa-4de9-ae0f-20e8effba3f3,KXCANADAPM-45-C,2025-04-29T00:02:46.381216Z,42.00,0.2800,0.7200,yes
c9cad298-dbc4-4a75-b820-ddf1d27ac735,KXCANADAPM-45-C,2025-04-29T00:02:46.381216Z,4.00,0.2800,0.7200,yes
94eae173-f3f6-4375-86c4-c51332f2b8a9,KXCANADAPM-45-C,2025-04-29T00:02:46.381216Z,221.00,0.2700,0.7300,yes
2d88e822-f7cd-4f4a-b9b1-6357259c54f0,KXCANADAPM-45-C,2025-04-29T00:02:46.381216Z,200.00,0.2800,0.7200,yes
2af5cff6-4aae-4cd2-8628-a79a511abec4,KXCANADAPM-45-C,2025-04-29T00:02:46.381216Z,44.00,0.2700,0.7300,yes
24453d4f-5c8c-42d4-87e4-5ad03ab01d28,KXCANADAPM-45-C,2025-04-29T00:02:46.381216Z,600.00,0.2800,0.7200,yes
9cd6b3e3-620b-4f1c-af24-4ea5d1681cf6,KXCANADAPM-45-C,2025-04-29T00:02:43.406068Z,56.00,0.2700,0.7300,yes
596c5348-5961-4448-bde5-f64bef964877,KXCANADAPM-45-C,2025-04-29T00:02:43.406068Z,100.00,0.2700,0.7300,yes
4683165a-5980-41a8-af63-43320165a818,KXCANADAPM-45-C,2025-04-29T00:02:43.406068Z,26.00,0.2600,0.7400,yes
92c1cc1a-de55-4896-aeb8-34c9386724e2,KXCANADAPM-45-C,2025-04-29T00:02:18.6915Z,899.00,0.2700,0.7300,yes
4c4d675f-dd9b-4163-8e21-0f64f447069c,KXCANADAPM-45-C,2025-04-29T00:02:18.6915Z,1779.00,0.2700,0.7300,yes
48700dc3-c2b8-4421-a4fa-f9e78b51d2c6,KXCANADAPM-45-C,2025-04-29T00:02:18.6915Z,1922.00,0.2700,0.7300,yes
f9aeee1b-3d12-405f-a232-03d94a0d26ac,KXCANADAPM-45-C,2025-04-29T00:02:08.666193Z,16.00,0.2600,0.7400,yes
a8e201fd-c229-475e-b519-088065c7b56e,KXCANADAPM-45-C,2025-04-29T00:02:08.666193Z,109.00,0.2600,0.7400,yes
d6947df6-9e9d-442e-9ea1-4a878f03a27a,KXCANADAPM-45-C,2025-04-29T00:02:05.701532Z,4.00,0.2500,0.7500,no
a8481950-89fa-4482-9e66-484b871d03c8,KXCANADAPM-45-C,2025-04-29T00:02:05.701532Z,10.00,0.2500,0.7500,no
71b96f5a-ce1d-4d11-b889-954e9244e7f0,KXCANADAPM-45-C,2025-04-29T00:02:05.701532Z,78.00,0.2500,0.7500,no
706d2ea2-e605-41e2-bf94-297020326931,KXCANADAPM-45-C,2025-04-29T00:02:05.701532Z,100.00,0.2500,0.7500,no
b6546e95-205c-4209-ac50-d8b7e4a01a53,KXCANADAPM-45-C,2025-04-29T00:01:56.424326Z,221.00,0.2700,0.7300,yes
7ab73b31-c424-40f9-b840-fd0d8ab0fcc0,KXCANADAPM-45-C,2025-04-29T00:01:56.424326Z,100.00,0.2700,0.7300,yes
73b873f7-8995-4d6d-a0ec-12968c83fa5b,KXCANADAPM-45-C,2025-04-29T00:01:56.424326Z,24.00,0.2700,0.7300,yes
9d1863a9-3248-4dbf-b8eb-9af752bde7ea,KXCANADAPM-45-C,2025-04-29T00:00:22.166346Z,1.00,0.2700,0.7300,yes
606beb1b-eead-4e2b-bfd5-fe9969341e27,KXCANADAPM-45-C,2025-04-28T23:59:37.980804Z,90.00,0.2600,0.7400,no
525e18d1-ed2a-43af-b3d4-35ff469a0090,KXCANADAPM-45-C,2025-04-28T23:59:35.359824Z,200.00,0.2600,0.7400,no
1d5c3904-d6da-4523-bbe4-c4bfc5d6f8eb,KXCANADAPM-45-C,2025-04-28T23:59:22.122643Z,10.00,0.2600,0.7400,no
8dd2285d-8737-4160-9f56-cfb083a4aef1,KXCANADAPM-45-C,2025-04-28T23:58:20.071616Z,70.00,0.2600,0.7400,no
ff9f1053-4c33-4c30-8e1c-cae47fa62bf7,KXCANADAPM-45-C,2025-04-28T23:58:09.622489Z,30.00,0.2600,0.7400,yes
ec72ab14-9ef4-41ee-9df3-ff71e7e9026a,KXCANADAPM-45-C,2025-04-28T23:58:09.622489Z,72.00,0.2600,0.7400,yes
185f2cce-c18f-4d79-8b24-af7fb86e93b2,KXCANADAPM-45-C,2025-04-28T23:58:09.622489Z,39.00,0.2600,0.7400,yes
d07f7e6b-2485-4b3e-89c2-4221b80555b6,KXCANADAPM-45-C,2025-04-28T23:57:53.058589Z,37.00,0.2700,0.7300,yes
ca8b7b8f-39c7-48fe-a00a-5afa3373b15a,KXCANADAPM-45-C,2025-04-28T23:57:53.058589Z,992.00,0.2700,0.7300,yes
507c1a2c-5ec4-4065-a523-8bb6b22fddfb,KXCANADAPM-45-C,2025-04-28T23:57:53.058589Z,71.00,0.2600,0.7400,yes
ea46d1e9-e1e3-45a1-862d-a4cb0acd2f7a,KXCANADAPM-45-C,2025-04-28T23:57:19.330047Z,64.00,0.2600,0.7400,yes
9dd3008c-f857-4185-af14-cfecacddba3c,KXCANADAPM-45-C,2025-04-28T23:57:19.330047Z,9.00,0.2600,0.7400,yes
c14af5a8-28df-4bf6-a602-9b9872ea76bc,KXCANADAPM-45-C,2025-04-28T23:56:16.868904Z,48.00,0.2700,0.7300,yes
36b4d22f-bb07-4b1b-993c-fbe66888f136,KXCANADAPM-45-C,2025-04-28T23:56:16.868904Z,840.00,0.2700,0.7300,yes
b265f34d-9dff-41aa-af71-91b684fee59a,KXCANADAPM-45-C,2025-04-28T23:56:09.255253Z,153.00,0.2600,0.7400,yes
090e9da2-5691-4537-8c93-3db70f8c6885,KXCANADAPM-45-C,2025-04-28T23:56:09.255253Z,381.00,0.2700,0.7300,yes
5bd4714c-a17e-4b3a-b865-6b5d9d182c92,KXCANADAPM-45-C,2025-04-28T23:56:02.99189Z,500.00,0.2700,0.7300,yes
db09ff47-4e9b-4ffb-91db-0b486e2d4064,KXCANADAPM-45-C,2025-04-28T23:55:54.461544Z,279.00,0.2700,0.7300,yes
30bc316d-ceba-4a05-8151-02c0df946fa7,KXCANADAPM-45-C,2025-04-28T23:55:54.461544Z,68.00,0.2600,0.7400,yes
eabcac25-d514-437d-ba91-70bf31e88b90,KXCANADAPM-45-C,2025-04-28T23:55:52.666992Z,91.00,0.2600,0.7400,yes
8b233d1a-9bd7-41ef-835a-d81be25abc71,KXCANADAPM-45-C,2025-04-28T23:55:31.560569Z,703.00,0.2600,0.7400,yes
6d0d9e55-098a-4708-ac96-04528226121e,KXCANADAPM-45-C,2025-04-28T23:55:31.560569Z,97.00,0.2600,0.7400,yes
52a6f3ef-a56a-452f-9fd9-1100a49a11fb,KXCANADAPM-45-C,2025-04-28T23:55:18.232736Z,7.00,0.2600,0.7400,yes
748d3cab-4ffb-430f-983a-eeda53228a5e,KXCANADAPM-45-C,2025-04-28T23:54:58.300352Z,35.00,0.2600,0.7400,yes
80651041-ba02-4d4a-a668-b170dda4d4a7,KXCANADAPM-45-C,2025-04-28T23:54:50.317867Z,365.00,0.2600,0.7400,yes
673c9e29-c43b-41df-8d15-b8f76102b6c6,KXCANADAPM-45-C,2025-04-28T23:54:03.205383Z,25.00,0.2700,0.7300,yes
cbd61391-f0bc-4837-b98e-a74c4be69301,KXCANADAPM-45-C,2025-04-28T23:53:47.54927Z,44.00,0.2700,0.7300,yes
1cd142f8-ccdc-4fd0-83ef-a229b728c9e8,KXCANADAPM-45-C,2025-04-28T23:53:47.54927Z,100.00,0.2700,0.7300,yes
1164bbe6-406a-4dcc-bae9-07b94a3bdaec,KXCANADAPM-45-C,2025-04-28T23:53:47.54927Z,32.00,0.2700,0.7300,yes
e9b268c6-e79d-4ff0-b561-930fc6edcad7,KXCANADAPM-45-C,2025-04-28T23:53:10.864338Z,9.00,0.2700,0.7300,yes
4909b7f1-2ed6-4632-a067-8d035fb37afe,KXCANADAPM-45-C,2025-04-28T23:52:37.723782Z,1300.00,0.2600,0.7400,yes
ed77d673-0398-442e-a576-f7c4223cc153,KXCANADAPM-45-C,2025-04-28T23:51:36.804941Z,70.00,0.2700,0.7300,yes
c84c596e-47e7-4fba-bc39-2b43f231b0a1,KXCANADAPM-45-C,2025-04-28T23:51:36.804941Z,4.00,0.2600,0.7400,yes
acbb77a6-96b2-4050-a46a-bb0f474bcdf7,KXCANADAPM-45-C,2025-04-28T23:51:36.804941Z,100.00,0.2500,0.7500,yes
9edb1ac3-84c2-4482-a0a7-a4af9616d0d3,KXCANADAPM-45-C,2025-04-28T23:51:36.804941Z,190.00,0.2500,0.7500,yes
09d7e047-6612-44e8-8c28-552561936628,KXCANADAPM-45-C,2025-04-28T23:51:36.804941Z,2.00,0.2700,0.7300,yes
6a7fc80f-e649-4896-b968-516a516d7273,KXCANADAPM-45-C,2025-04-28T23:51:23.161091Z,11.00,0.2600,0.7400,yes
5ec565e1-0503-4cc4-b70f-b40d16568a87,KXCANADAPM-45-C,2025-04-28T23:51:23.161091Z,7.00,0.2700,0.7300,yes
c9a1ca89-b590-40bf-9da7-b5058ac308b6,KXCANADAPM-45-C,2025-04-28T23:50:51.993119Z,1.00,0.2700,0.7300,yes
ec67b627-c4df-4fe6-a854-0cebe9f4cc77,KXCANADAPM-45-C,2025-04-28T23:50:50.492019Z,578.00,0.2500,0.7500,no
bb7baa17-c102-4332-af4c-a5c446633266,KXCANADAPM-45-C,2025-04-28T23:50:50.492019Z,4.00,0.2500,0.7500,no
a09d4fb3-b845-4512-8ee1-613a911b023d,KXCANADAPM-45-C,2025-04-28T23:50:50.492019Z,22.00,0.2500,0.7500,no
9eec4e96-e7c2-4654-98f4-11c5e3dda16d,KXCANADAPM-45-C,2025-04-28T23:50:50.492019Z,234.00,0.2500,0.7500,no
9c0dff88-c629-480f-8d7a-cc6dfcbc4ff3,KXCANADAPM-45-C,2025-04-28T23:50:50.492019Z,500.00,0.2500,0.7500,no
9551d263-4e33-4237-8cc0-48ae3217f180,KXCANADAPM-45-C,2025-04-28T23:50:50.492019Z,100.00,0.2500,0.7500,no
479f747d-b60c-4fd3-9294-93ac069f2753,KXCANADAPM-45-C,2025-04-28T23:50:50.492019Z,22.00,0.2500,0.7500,no
75a12679-555c-41b5-aae5-2868a7e92150,KXCANADAPM-45-C,2025-04-28T23:50:45.722444Z,176.00,0.2700,0.7300,yes
634eed16-aeb7-419a-9bcc-1ee96d69140a,KXCANADAPM-45-C,2025-04-28T23:50:30.388504Z,50.00,0.2700,0.7300,yes
22b30938-854f-40f7-9dad-b00940a2a345,KXCANADAPM-45-C,2025-04-28T23:50:19.468017Z,50.00,0.2500,0.7500,no
f1403fca-e236-4729-92bb-16d8ffde608f,KXCANADAPM-45-C,2025-04-28T23:50:19.196094Z,40.00,0.2500,0.7500,no
97d77a81-7112-4981-bbae-6dd95ce10b04,KXCANADAPM-45-C,2025-04-28T23:50:09.466005Z,172.00,0.2700,0.7300,yes
24d03ef7-2eb3-4c34-b74c-4368451b5a5c,KXCANADAPM-45-C,2025-04-28T23:50:01.044272Z,45.00,0.2600,0.7400,yes
8ed7492a-4a57-4e40-8a14-1ace3918d66a,KXCANADAPM-45-C,2025-04-28T23:49:09.515748Z,10.00,0.2600,0.7400,yes
641fb2e2-8099-4e5b-a9e9-d0f752a2d9dd,KXCANADAPM-45-C,2025-04-28T23:48:30.334259Z,26.00,0.2600,0.7400,no
debc0e4e-3146-4b3b-9da4-f85437e6d9cf,KXCANADAPM-45-C,2025-04-28T23:48:26.828037Z,212.00,0.2700,0.7300,yes
98c10b69-b2bd-4c48-b457-941f11cf8b24,KXCANADAPM-45-C,2025-04-28T23:48:26.828037Z,50.00,0.2700,0.7300,yes
6b4a531b-af57-4598-93b9-a9864d46d233,KXCANADAPM-45-C,2025-04-28T23:48:26.828037Z,83.00,0.2700,0.7300,yes
20786966-7e20-4149-9e7c-0e7f2a47be95,KXCANADAPM-45-C,2025-04-28T23:48:20.853073Z,44.00,0.2600,0.7400,yes
60295c6f-c1d0-49b9-b97e-01da7e8484a9,KXCANADAPM-45-C,2025-04-28T23:48:01.823025Z,17.00,0.2700,0.7300,yes
cf7f6262-ffde-4701-af98-08aad3fa6f52,KXCANADAPM-45-C,2025-04-28T23:47:21.287823Z,35.00,0.2700,0.7300,yes
ec6a36b5-d96e-47be-ab03-1e0a97b6cc84,KXCANADAPM-45-C,2025-04-28T23:46:55.825105Z,4.00,0.2500,0.7500,no
ab30c249-d104-4264-aca2-0ddc99502991,KXCANADAPM-45-C,2025-04-28T23:46:18.746084Z,424.00,0.2500,0.7500,no
df6ecb60-19ed-41a1-884b-d606c3cdb161,KXCANADAPM-45-C,2025-04-28T23:46:00.343069Z,500.00,0.2600,0.7400,yes
8f436e55-fc6f-4df1-aa81-1eb33a7763ca,KXCANADAPM-45-C,2025-04-28T23:46:00.343069Z,325.00,0.2800,0.7200,yes
7becd77c-7d04-409c-94de-29f9a9255202,KXCANADAPM-45-C,2025-04-28T23:46:00.343069Z,50.00,0.2600,0.7400,yes
72db2ae5-0e11-4c94-9d1b-398d4133b4f3,KXCANADAPM-45-C,2025-04-28T23:46:00.343069Z,5.00,0.2700,0.7300,yes
5d111335-d124-484f-bf0b-a20b88372bcd,KXCANADAPM-45-C,2025-04-28T23:46:00.343069Z,100.00,0.2600,0.7400,yes
052c3337-f43d-4869-ac2a-54eb46f62d5d,KXCANADAPM-45-C,2025-04-28T23:46:00.343069Z,3000.00,0.2700,0.7300,yes
02fb04e0-209f-485a-a409-2350fae9b3d8,KXCANADAPM-45-C,2025-04-28T23:46:00.343069Z,20.00,0.2700,0.7300,yes
66114c55-c43b-444d-a1a2-1d450113e6f3,KXCANADAPM-45-C,2025-04-28T23:45:29.069867Z,26.00,0.2500,0.7500,no
fce3892e-61f2-4498-906b-aabb15679c5f,KXCANADAPM-45-C,2025-04-28T23:45:25.786843Z,817.00,0.2500,0.7500,yes
f9ed6b83-b93c-4dc5-b16f-22a9412c6d56,KXCANADAPM-45-C,2025-04-28T23:45:25.786843Z,100.00,0.2500,0.7500,yes
94619297-ba5e-48ab-b012-7f5d7529eb48,KXCANADAPM-45-C,2025-04-28T23:45:25.786843Z,105.00,0.2500,0.7500,yes
43059c9b-26df-481e-9b77-d5d43a0347e8,KXCANADAPM-45-C,2025-04-28T23:45:25.786843Z,100.00,0.2500,0.7500,yes
78812043-99cd-4ab6-96ca-f09764dd6b6d,KXCANADAPM-45-C,2025-04-28T23:45:07.106907Z,40.00,0.2300,0.7700,no
a459c64f-7dbf-4da5-8a8f-d3256f22a223,KXCANADAPM-45-C,2025-04-28T23:45:01.64175Z,14.00,0.2300,0.7700,no
5d10010f-40d0-4bd4-add6-cf42c20b61c3,KXCANADAPM-45-C,2025-04-28T23:44:54.235647Z,1938.00,0.2400,0.7600,yes
1b96945d-bed4-404c-a9d0-075798bc8846,KXCANADAPM-45-C,2025-04-28T23:44:54.235647Z,82.00,0.2400,0.7600,yes
d7763655-26a4-4612-8eb5-f077cb0b545e,KXCANADAPM-45-C,2025-04-28T23:44:45.554404Z,5.00,0.2300,0.7700,no
de171a1d-3df2-499a-93a9-80a4b94a3f93,KXCANADAPM-45-C,2025-04-28T23:44:39.582945Z,20.00,0.2500,0.7500,yes
cf491013-e10c-470d-9cb6-cf51360de93b,KXCANADAPM-45-C,2025-04-28T23:44:39.582945Z,4.00,0.2400,0.7600,yes
687291b6-fcda-4074-ac6d-5abb2adaf54f,KXCANADAPM-45-C,2025-04-28T23:44:39.582945Z,1683.00,0.2500,0.7500,yes
0e359410-3c23-4338-8b0b-a413ca8173a4,KXCANADAPM-45-C,2025-04-28T23:44:39.582945Z,2900.00,0.2400,0.7600,yes
e01d0150-1878-4fee-ba80-7ecd6da1d607,KXCANADAPM-45-C,2025-04-28T23:44:37.947827Z,174.00,0.2300,0.7700,yes
cf3496ed-edbd-44df-8b6c-fd9d1a77b74a,KXCANADAPM-45-C,2025-04-28T23:44:37.947827Z,166.00,0.2300,0.7700,yes
198759db-1010-4e09-99d3-1c5cd75e2203,KXCANADAPM-45-C,2025-04-28T23:44:37.947827Z,100.00,0.2300,0.7700,yes
119db80f-13a2-4278-8ea0-c7016e3d2303,KXCANADAPM-45-C,2025-04-28T23:44:37.947827Z,25.00,0.2300,0.7700,yes
dd9aa401-e186-4929-b18d-db297e8c9ef0,KXCANADAPM-45-C,2025-04-28T23:43:37.517469Z,206.00,0.2300,0.7700,yes
9ecddc53-1536-4b5a-9b46-8d8cf6733b8d,KXCANADAPM-45-C,2025-04-28T23:43:34.219407Z,382.00,0.2300,0.7700,yes
38407b4b-75f0-46b8-9f55-ef34432f574b,KXCANADAPM-45-C,2025-04-28T23:43:34.219407Z,368.00,0.2300,0.7700,yes
d04d302d-31c0-48a7-9e50-e996c401b891,KXCANADAPM-45-C,2025-04-28T23:43:13.874634Z,20.00,0.2300,0.7700,yes
0fe90d47-d1bb-40cd-bdc0-d2b02a0f4d7b,KXCANADAPM-45-C,2025-04-28T23:42:11.787586Z,200.00,0.2300,0.7700,yes
82e95251-d138-41cb-8006-c161d70be7c5,KXCANADAPM-45-C,2025-04-28T23:41:33.239724Z,82.00,0.2300,0.7700,yes
45dbcd37-43a6-4103-a1ed-e0218fbb93f0,KXCANADAPM-45-C,2025-04-28T23:41:26.784255Z,330.00,0.2300,0.7700,yes
82459468-490c-4cc5-8ab1-5e768e5b19ee,KXCANADAPM-45-C,2025-04-28T23:41:07.440103Z,20.00,0.2200,0.7800,yes
5a68c011-67cb-4381-bdbf-7e241c79ee2a,KXCANADAPM-45-C,2025-04-28T23:41:07.440103Z,100.00,0.2200,0.7800,yes
5280387e-e916-4f74-bb98-1554e59f43d8,KXCANADAPM-45-C,2025-04-28T23:41:07.440103Z,2.00,0.2200,0.7800,yes
466f13bb-dfaf-4d34-9026-0fe8ac42663d,KXCANADAPM-45-C,2025-04-28T23:41:07.440103Z,869.00,0.2200,0.7800,yes
463c42ff-e1aa-451b-af88-d7a1a8cc9017,KXCANADAPM-45-C,2025-04-28T23:41:07.440103Z,355.00,0.2200,0.7800,yes
78f04270-1d78-4e66-855a-cbf5f52ec664,KXCANADAPM-45-C,2025-04-28T23:40:30.709642Z,30.00,0.2200,0.7800,yes
c0c2e297-ff61-4729-a199-f62d05cb4ba9,KXCANADAPM-45-C,2025-04-28T23:40:16.183122Z,100.00,0.2100,0.7900,no
9c15fd67-7ce8-42e3-a469-66252f5f85de,KXCANADAPM-45-C,2025-04-28T23:40:16.183122Z,150.00,0.2100,0.7900,no
fa72bdd9-91b2-4aac-b724-1a8323bc4d9f,KXCANADAPM-45-C,2025-04-28T23:39:19.527583Z,105.00,0.2200,0.7800,yes
1e3739ea-2d5b-4a9e-ab7d-ab8060f16075,KXCANADAPM-45-C,2025-04-28T23:38:54.672587Z,2.00,0.2200,0.7800,yes
d07dd063-b37c-45b6-a764-9ba0d1a5e217,KXCANADAPM-45-C,2025-04-28T23:38:13.952064Z,127.00,0.2200,0.7800,yes
b92b0859-d319-4e7e-be22-f6726114f543,KXCANADAPM-45-C,2025-04-28T23:38:13.952064Z,994.00,0.2200,0.7800,yes
d4c15b2a-d958-4fbd-9853-8c88b4a0a01c,KXCANADAPM-45-C,2025-04-28T23:37:36.063445Z,27.00,0.2200,0.7800,yes
ebd11ce9-f9a1-4798-9f26-ddf59dce14cf,KXCANADAPM-45-C,2025-04-28T23:37:35.732215Z,22.00,0.2200,0.7800,yes
d4021cbc-24f7-40f0-a697-19f1142d56f2,KXCANADAPM-45-C,2025-04-28T23:37:35.732215Z,11.00,0.2200,0.7800,yes
b7f94c57-2acd-44ce-8d50-d7d78965ebca,KXCANADAPM-45-C,2025-04-28T23:37:35.732215Z,22.00,0.2200,0.7800,yes
20eaa60a-73bb-47c6-8d93-32920fcccd8c,KXCANADAPM-45-C,2025-04-28T23:37:35.732215Z,45.00,0.2200,0.7800,yes
f6b6564d-646c-41b6-a89b-31ebed47a55c,KXCANADAPM-45-C,2025-04-28T23:37:35.023427Z,98.00,0.2200,0.7800,yes
dfb85c6a-e15f-46d7-8a09-f0b0bc853059,KXCANADAPM-45-C,2025-04-28T23:37:35.023427Z,402.00,0.2200,0.7800,yes
5ec5a4b1-5734-4528-a920-44f4e3934cc5,KXCANADAPM-45-C,2025-04-28T23:37:09.647202Z,2.00,0.2200,0.7800,yes
968618db-3c6e-49be-88cc-37a347cf679c,KXCANADAPM-45-C,2025-04-28T23:36:53.056397Z,23.00,0.2200,0.7800,no
13b128f4-46b1-4ec2-9888-ecadc2274e4b,KXCANADAPM-45-C,2025-04-28T23:36:52.639438Z,3.00,0.2200,0.7800,no
76daf7af-5600-4503-8c03-2190583c71e5,KXCANADAPM-45-C,2025-04-28T23:36:32.121312Z,26.00,0.2200,0.7800,no
1ec11095-cf1a-46c4-87dc-6ccfc14fd1ed,KXCANADAPM-45-C,2025-04-28T23:36:31.383075Z,39.00,0.2300,0.7700,yes
cd61f478-cb3f-4725-8d23-7fba18166b21,KXCANADAPM-45-C,2025-04-28T23:36:20.861139Z,1.00,0.2200,0.7800,yes
96280289-96ac-4eff-8dc1-4c8a2586a655,KXCANADAPM-45-C,2025-04-28T23:36:20.861139Z,10.00,0.2300,0.7700,yes
917c5249-6f4b-4755-8712-41bb33d8cf55,KXCANADAPM-45-C,2025-04-28T23:36:20.861139Z,187.00,0.2400,0.7600,yes
8ecc20f5-c9ab-4889-8a2a-0ceea5f09f6d,KXCANADAPM-45-C,2025-04-28T23:36:20.861139Z,21.00,0.2300,0.7700,yes
5d6fc6be-7e4d-4b88-96e2-7eac12383d0f,KXCANADAPM-45-C,2025-04-28T23:36:20.861139Z,250.00,0.2300,0.7700,yes
18046e1b-ca80-4ee6-b7c2-6a5990031902,KXCANADAPM-45-C,2025-04-28T23:36:20.861139Z,100.00,0.2300,0.7700,yes
0315f2e8-b7eb-43e1-b40f-5d2ac5422230,KXCANADAPM-45-C,2025-04-28T23:36:20.861139Z,222.00,0.2400,0.7600,yes
ba5b8f3f-db2c-4d03-8a16-dba70c3db562,KXCANADAPM-45-C,2025-04-28T23:36:12.885393Z,141.00,0.2200,0.7800,yes
0ff46828-3416-4245-aeca-71df3b86d52f,KXCANADAPM-45-C,2025-04-28T23:36:12.885393Z,179.00,0.2300,0.7700,yes
0331a164-85a8-4a0e-8f02-9e66917fc88c,KXCANADAPM-45-C,2025-04-28T23:36:12.885393Z,90.00,0.2300,0.7700,yes
4f78c073-1d2f-456e-9095-fa4e2c4fbddf,KXCANADAPM-45-C,2025-04-28T23:35:51.260391Z,5.00,0.2200,0.7800,yes
d0b5bc27-5708-4cec-9767-803965d47470,KXCANADAPM-45-C,2025-04-28T23:35:44.838001Z,20.00,0.2200,0.7800,yes
cfce71d1-8749-411f-910a-07a08d7e4af4,KXCANADAPM-45-C,2025-04-28T23:35:44.838001Z,249.00,0.2200,0.7800,yes
b8f68982-b075-4a6d-926f-d4045a6c6328,KXCANADAPM-45-C,2025-04-28T23:35:44.838001Z,2500.00,0.2200,0.7800,yes
4dde9ce9-96fd-479a-bfda-094501c6f997,KXCANADAPM-45-C,2025-04-28T23:35:44.838001Z,1.00,0.2200,0.7800,yes
1e619e25-6175-4517-98a3-3fd3576978a4,KXCANADAPM-45-C,2025-04-28T23:35:44.838001Z,100.00,0.2200,0.7800,yes
8df16abb-8f48-4249-b272-de2ca2577303,KXCANADAPM-45-C,2025-04-28T23:35:33.078962Z,100.00,0.2100,0.7900,yes
5a901dbe-bf06-4d67-8945-c0fedacb6ce4,KXCANADAPM-45-C,2025-04-28T23:35:33.078962Z,1500.00,0.2100,0.7900,yes
343a662f-5888-4c24-b243-c724678e450d,KXCANADAPM-45-C,2025-04-28T23:35:33.078962Z,100.00,0.2100,0.7900,yes
ac7a6ba5-16b8-4b7c-8509-c81706feeec3,KXCANADAPM-45-C,2025-04-28T23:35:23.964428Z,20.00,0.2000,0.8000,yes
a846340d-8e91-4eeb-9f3d-322417891914,KXCANADAPM-45-C,2025-04-28T23:35:23.964428Z,1970.00,0.2000,0.8000,yes
32fea9a9-5a1e-43f6-b29d-7cdde8f4d6b0,KXCANADAPM-45-C,2025-04-28T23:35:23.964428Z,100.00,0.2000,0.8000,yes
2d813127-f56e-4395-af75-d472d148ac79,KXCANADAPM-45-C,2025-04-28T23:35:23.964428Z,21.00,0.2000,0.8000,yes
0dd7e351-5a42-4c85-bfc6-38fade22e65c,KXCANADAPM-45-C,2025-04-28T23:35:23.964428Z,3.00,0.2000,0.8000,yes
ae5557f9-4fab-416c-8118-dd6ccc4e5a94,KXCANADAPM-45-C,2025-04-28T23:34:52.657546Z,28.00,0.2000,0.8000,yes
ac71d0b9-cfb9-4363-87bd-ce9b063055d6,KXCANADAPM-45-C,2025-04-28T23:34:52.657546Z,10.00,0.2000,0.8000,yes
6109f910-139e-405c-bb24-889149df100e,KXCANADAPM-45-C,2025-04-28T23:34:47.071721Z,59.00,0.1900,0.8100,no
19d4cec1-f0c3-4ba5-9a4f-f34a9c0bcc3d,KXCANADAPM-45-C,2025-04-28T23:34:43.778992Z,41.00,0.1900,0.8100,yes
e21a0d52-18cc-4b22-ba08-6216ab33b98f,KXCANADAPM-45-C,2025-04-28T23:34:42.701109Z,206.00,0.1900,0.8100,yes
86f67552-03c3-4b66-9736-e1ace62a23ac,KXCANADAPM-45-C,2025-04-28T23:34:42.701109Z,59.00,0.1900,0.8100,yes
730dba9b-1fd0-4edd-a773-65c439ac4dd4,KXCANADAPM-45-C,2025-04-28T23:34:36.671303Z,205.00,0.1900,0.8100,no
54b6bb87-5ba8-4668-b3c7-fa2f8eac6286,KXCANADAPM-45-C,2025-04-28T23:34:36.671303Z,100.00,0.1900,0.8100,no
f4cbc573-4ef2-4a86-9914-951bbbad9102,KXCANADAPM-45-C,2025-04-28T23:34:03.477799Z,206.00,0.1900,0.8100,yes
aa800d82-500a-460c-bad4-507975ac2854,KXCANADAPM-45-C,2025-04-28T23:34:03.477799Z,500.00,0.1900,0.8100,yes
9214fcb5-873f-45ff-b113-0302118150df,KXCANADAPM-45-C,2025-04-28T23:34:03.477799Z,453.00,0.1900,0.8100,yes
32e2b2cb-2945-4f8e-b9a4-48fe8488a8bb,KXCANADAPM-45-C,2025-04-28T23:34:03.477799Z,100.00,0.1900,0.8100,yes
2bc90108-5776-4273-b9d5-e3cd098366c6,KXCANADAPM-45-C,2025-04-28T23:34:03.477799Z,1606.00,0.1900,0.8100,yes
a8f436ed-eceb-428d-b215-2da3069956cf,KXCANADAPM-45-C,2025-04-28T23:33:45.135793Z,1.00,0.1900,0.8100,yes
13302137-6e5c-43ce-af1e-daf58146e75c,KXCANADAPM-45-C,2025-04-28T23:33:45.135793Z,4094.00,0.1900,0.8100,yes
01147c21-3d9c-4850-b506-b5d7b5401a1a,KXCANADAPM-45-C,2025-04-28T23:33:45.135793Z,905.00,0.1900,0.8100,yes
86db444f-c93c-455b-96ea-dd21ab5ae3cc,KXCANADAPM-45-C,2025-04-28T23:33:39.054835Z,1500.00,0.1900,0.8100,yes
d7cb700b-f33f-49aa-9b1a-336d80c7e06b,KXCANADAPM-45-C,2025-04-28T23:32:10.574077Z,155.00,0.1800,0.8200,yes
d23a2f82-6857-4637-aec0-3bb429784f9c,KXCANADAPM-45-C,2025-04-28T23:32:10.574077Z,5000.00,0.1800,0.8200,yes
874d4084-123c-46bc-bcbe-9f80003d47a9,KXCANADAPM-45-C,2025-04-28T23:32:10.574077Z,5898.00,0.1800,0.8200,yes
77c53f39-177d-4c07-88eb-49574b689e7c,KXCANADAPM-45-C,2025-04-28T23:32:10.574077Z,6.00,0.1800,0.8200,yes
520cf876-3c25-4a81-8d0d-16f566554087,KXCANADAPM-45-C,2025-04-28T23:32:10.574077Z,69.00,0.1800,0.8200,yes
0fcf68c1-3fa9-4663-9495-35ebfdea10b7,KXCANADAPM-45-C,2025-04-28T23:32:10.574077Z,1177.00,0.1800,0.8200,yes
e7e7736c-9d0c-41a4-8969-3d79358eb004,KXCANADAPM-45-C,2025-04-28T23:31:54.052635Z,1000.00,0.1800,0.8200,yes
2140df1c-e2a3-465e-abf3-56b0d1636f55,KXCANADAPM-45-C,2025-04-28T23:29:10.353079Z,257.00,0.1800,0.8200,yes
2499d666-30f8-4802-a3d7-5d340dc0942a,KXCANADAPM-45-C,2025-04-28T23:26:55.425626Z,78.00,0.1800,0.8200,yes
b9be22f4-48b6-411b-be57-c4474142daee,KXCANADAPM-45-C,2025-04-28T23:25:07.285405Z,1.00,0.1800,0.8200,yes
4f3d1b77-4892-421a-83f1-62a97f66e80c,KXCANADAPM-45-C,2025-04-28T23:24:57.062495Z,6.00,0.1800,0.8200,yes
7bfdfffa-2e05-4f82-a712-990304296404,KXCANADAPM-45-C,2025-04-28T23:23:14.660733Z,4.00,0.1800,0.8200,yes
61982417-c024-4d79-bef7-2010e9bda59d,KXCANADAPM-45-C,2025-04-28T23:22:37.844348Z,105.00,0.1800,0.8200,yes
59846d50-a3f6-445f-b0cf-c7af925b37e4,KXCANADAPM-45-C,2025-04-28T23:22:33.213768Z,21.00,0.1800,0.8200,yes
ed2c409f-d78a-4b97-b225-8f867295cf6b,KXCANADAPM-45-C,2025-04-28T23:20:48.192065Z,300.00,0.1800,0.8200,yes
ca6d8f7f-7e77-4051-8bd6-502a915fa1aa,KXCANADAPM-45-C,2025-04-28T23:20:17.537514Z,1576.00,0.1800,0.8200,yes
38905c33-74d3-4900-bb39-40c04ba236ae,KXCANADAPM-45-C,2025-04-28T23:19:38.37231Z,262.00,0.1800,0.8200,yes
e0a2c676-929b-48e5-b770-e4cf355f1666,KXCANADAPM-45-C,2025-04-28T23:18:05.644132Z,387.00,0.1800,0.8200,yes
2fb10602-1c7f-4455-9ec7-e1ac0d9e8263,KXCANADAPM-45-C,2025-04-28T23:16:34.898146Z,105.00,0.1800,0.8200,yes
4adc91b0-7fc3-401f-9a6a-aa9db62a31fc,KXCANADAPM-45-C,2025-04-28T23:16:12.822758Z,96.00,0.1800,0.8200,yes
0e13b42c-fb09-43ea-b6be-0f4ca3a738a3,KXCANADAPM-45-C,2025-04-28T23:16:12.822758Z,171.00,0.1800,0.8200,yes
9d2466ec-c096-4be2-b379-161741073315,KXCANADAPM-45-C,2025-04-28T23:16:04.874097Z,4.00,0.1800,0.8200,yes
e88ca713-78ce-48bd-9dd2-942583d5064e,KXCANADAPM-45-C,2025-04-28T23:13:06.330309Z,33.00,0.1800,0.8200,yes
da690693-3c33-4ee6-a670-1507a1504aa4,KXCANADAPM-45-C,2025-04-28T23:12:32.897392Z,2.00,0.1900,0.8100,yes
51115756-6cda-4adf-ad7a-ed9c64359370,KXCANADAPM-45-C,2025-04-28T23:12:26.452973Z,65.00,0.1800,0.8200,no
02215838-efb4-45eb-9e71-eb8b6535f3ef,KXCANADAPM-45-C,2025-04-28T23:12:26.452973Z,4.00,0.1700,0.8300,no
b6a4c351-8a14-4cb5-b5b1-48b8147e90b7,KXCANADAPM-45-C,2025-04-28T23:11:45.403907Z,155.00,0.1800,0.8200,no
09ae7e1e-1739-4a62-b943-7f76facd238a,KXCANADAPM-45-C,2025-04-28T23:11:45.403907Z,100.00,0.1800,0.8200,no
fabf2d0e-abc5-4bab-8179-9af8a32e2b45,KXCANADAPM-45-C,2025-04-28T23:11:10.632403Z,100.00,0.1800,0.8200,yes
e207562b-2c2a-493b-8d2c-09216b2f9a41,KXCANADAPM-45-C,2025-04-28T23:11:10.632403Z,2093.00,0.1800,0.8200,yes
bd2e352f-f6f2-4ba1-9f6b-f878af9abca9,KXCANADAPM-45-C,2025-04-28T23:11:10.632403Z,100.00,0.1800,0.8200,yes
ab0a9e84-b3eb-4678-bf2f-03aea71360a6,KXCANADAPM-45-C,2025-04-28T23:11:10.632403Z,250.00,0.1800,0.8200,yes
03ed6079-eba3-4a3e-b863-1943af752ceb,KXCANADAPM-45-C,2025-04-28T23:11:10.632403Z,194.00,0.1800,0.8200,yes
fe97aee0-8cbf-4848-91c9-0fc895245600,KXCANADAPM-45-C,2025-04-28T23:11:04.166143Z,860.00,0.1700,0.8300,yes
b6a06382-c318-4dec-875c-4d446271957f,KXCANADAPM-45-C,2025-04-28T23:11:04.166143Z,202.00,0.1700,0.8300,yes
0227df02-5283-486d-89ff-ce216fde68f9,KXCANADAPM-45-C,2025-04-28T23:11:04.166143Z,100.00,0.1700,0.8300,yes
b813fa4a-f850-4f2e-8f40-8a039781a43f,KXCANADAPM-45-C,2025-04-28T23:08:45.089274Z,1087.00,0.1800,0.8200,yes
a142622d-6237-44eb-8c9f-5b2cdedfc9b8,KXCANADAPM-45-C,2025-04-28T23:07:00.41465Z,1000.00,0.1800,0.8200,yes
eda89c0e-5732-48f2-8ac6-e143b8ef5029,KXCANADAPM-45-C,2025-04-28T23:05:55.09443Z,257.00,0.1800,0.8200,yes
64b77195-6cac-4673-adb2-e38408a5af54,KXCANADAPM-45-C,2025-04-28T23:05:30.538027Z,3.00,0.1800,0.8200,yes
36f57cb9-5efe-4601-840b-e0a0a839f464,KXCANADAPM-45-C,2025-04-28T23:05:14.58322Z,5.00,0.1800,0.8200,yes
bbc45c4d-08ea-4532-a730-0e3ef1509d11,KXCANADAPM-45-C,2025-04-28T23:04:27.575611Z,52.00,0.1800,0.8200,yes
1c214e44-cb00-4820-8187-a446ec6d17c9,KXCANADAPM-45-C,2025-04-28T23:03:09.262035Z,78.00,0.1800,0.8200,yes
cdb244ad-3918-41e4-9096-da9a8058c171,KXCANADAPM-45-C,2025-04-28T23:02:08.671792Z,1034.00,0.1700,0.8300,no
b08855c7-1138-49fd-b746-c7d2b001cf61,KXCANADAPM-45-C,2025-04-28T23:01:28.866155Z,100.00,0.1700,0.8300,no
704e3112-c88f-4a20-a23d-ae8048b4ea78,KXCANADAPM-45-C,2025-04-28T23:01:28.866155Z,900.00,0.1700,0.8300,no
92da894f-b4a7-4eb3-8766-0a367474dca8,KXCANADAPM-45-C,2025-04-28T23:01:18.303064Z,100.00,0.1800,0.8200,yes
6b5da132-de18-4284-b203-0d8767806877,KXCANADAPM-45-C,2025-04-28T23:01:18.303064Z,425.00,0.1800,0.8200,yes
7aa03f76-e2cf-4798-90c9-6f3cc9a122b7,KXCANADAPM-45-C,2025-04-28T22:55:53.824376Z,59.00,0.1700,0.8300,no
1e1fae20-ebb5-49ac-a8af-ac48ced30a10,KXCANADAPM-45-C,2025-04-28T22:53:50.49857Z,400.00,0.1700,0.8300,no
a9637568-5159-4eea-b80c-3169c5fc4828,KXCANADAPM-45-C,2025-04-28T22:52:52.092356Z,50.00,0.1800,0.8200,yes
a8430ffc-9ac3-4800-8351-b1300df445aa,KXCANADAPM-45-C,2025-04-28T22:52:01.446672Z,60.00,0.1700,0.8300,no
1ada4005-4ea4-415e-937f-e8711d08547b,KXCANADAPM-45-C,2025-04-28T22:51:45.474779Z,119.00,0.1700,0.8300,no
f7d6374b-060f-4f29-9c93-e5e39652e50c,KXCANADAPM-45-C,2025-04-28T22:51:05.529746Z,25.00,0.1800,0.8200,yes
0cf5d460-3eb4-4b69-b79a-f18f3ce66b84,KXCANADAPM-45-C,2025-04-28T22:49:42.207434Z,262.00,0.1800,0.8200,yes
8ae7c6ea-65a2-4d60-b6ad-ce79eaf02be6,KXCANADAPM-45-C,2025-04-28T22:49:16.459822Z,525.00,0.1800,0.8200,yes
9d1e0c6c-b25b-4856-8cdd-b64462e7d70e,KXCANADAPM-45-C,2025-04-28T22:47:05.260198Z,2978.00,0.1700,0.8300,no
2791701a-6672-431b-b8e0-190333cc1b37,KXCANADAPM-45-C,2025-04-28T22:47:05.260198Z,200.00,0.1700,0.8300,no
e2bf23eb-c885-44df-8e24-b94d8d5d5e35,KXCANADAPM-45-C,2025-04-28T22:46:42.944521Z,50.00,0.1700,0.8300,yes
464be2df-7846-4a76-add1-efa932985129,KXCANADAPM-45-C,2025-04-28T22:46:42.944521Z,199.00,0.1700,0.8300,yes
17be168b-b143-4746-aba0-bd7070e15252,KXCANADAPM-45-C,2025-04-28T22:46:42.944521Z,813.00,0.1700,0.8300,yes
e69f34ce-4f92-4cfa-b1e8-d17297f1bd32,KXCANADAPM-45-C,2025-04-28T22:45:50.047367Z,100.00,0.1700,0.8300,yes
21ac0775-77fc-41cd-b621-1e964d02d9f1,KXCANADAPM-45-C,2025-04-28T22:45:50.047367Z,8.00,0.1700,0.8300,yes
e4d7aa6a-3bc3-4328-9d23-fe51ed132fdf,KXCANADAPM-45-C,2025-04-28T22:43:45.745191Z,100.00,0.1700,0.8300,yes
c7e1734f-011b-4ffa-83c9-7473767a1060,KXCANADAPM-45-C,2025-04-28T22:43:45.745191Z,920.00,0.1700,0.8300,yes
37b6b7a2-0d5d-4110-9006-2d26d226c15e,KXCANADAPM-45-C,2025-04-28T22:43:32.250895Z,198.00,0.1700,0.8300,no
c333882f-5c17-4313-bf26-20b5c7df1457,KXCANADAPM-45-C,2025-04-28T22:41:07.291803Z,198.00,0.1700,0.8300,yes
46f4f34a-de45-445f-87fc-f8ac03eeb509,KXCANADAPM-45-C,2025-04-28T22:41:07.291803Z,764.00,0.1700,0.8300,yes
f9f8a432-99a6-4000-a469-fcbda5b6fb92,KXCANADAPM-45-C,2025-04-28T22:40:02.562Z,198.00,0.1700,0.8300,no
fb60017b-84b8-4d96-8f56-1c7ae1c2bddf,KXCANADAPM-45-C,2025-04-28T22:40:00.553476Z,502.00,0.1700,0.8300,yes
f1cbab02-87e6-41c2-ba57-e879a8b50fe4,KXCANADAPM-45-C,2025-04-28T22:40:00.553476Z,198.00,0.1700,0.8300,yes
e2c2bd38-c507-4746-a01b-c2c51bf44b89,KXCANADAPM-45-C,2025-04-28T22:40:00.553476Z,100.00,0.1700,0.8300,yes
f9c071c8-12cd-4d7e-9336-010ddb1312e9,KXCANADAPM-45-C,2025-04-28T22:39:53.39003Z,138.00,0.1700,0.8300,yes
5b753aad-7066-449b-b182-59bbca1279c2,KXCANADAPM-45-C,2025-04-28T22:39:52.671634Z,199.00,0.1700,0.8300,no
6adaf9a3-92e8-464f-b49f-e785e6e542f9,KXCANADAPM-45-C,2025-04-28T22:37:05.856728Z,52.00,0.1800,0.8200,yes
c7256d35-ed07-4f9a-bd98-44aa0eacb100,KXCANADAPM-45-C,2025-04-28T22:36:49.844569Z,146.00,0.1700,0.8300,yes
869d1097-8d77-4501-944f-c6f86fc899fc,KXCANADAPM-45-C,2025-04-28T22:36:49.844569Z,889.00,0.1700,0.8300,yes
12b76e90-7564-4218-8560-4d922fb96d6c,KXCANADAPM-45-C,2025-04-28T22:36:48.444852Z,111.00,0.1700,0.8300,yes
679212bc-4fea-4c60-953c-99a6ce0ac5ff,KXCANADAPM-45-C,2025-04-28T22:36:16.829298Z,172.00,0.1700,0.8300,yes
14312ae3-3dbc-4749-bcf6-c10f093b67b1,KXCANADAPM-45-C,2025-04-28T22:36:16.829298Z,100.00,0.1700,0.8300,yes
f04404da-87d8-41b5-887a-67012a2b0a7d,KXCANADAPM-45-C,2025-04-28T22:35:19.204407Z,23.00,0.1600,0.8400,no
372a9820-08d9-4210-a222-3ac279b8652f,KXCANADAPM-45-C,2025-04-28T22:34:52.486606Z,55.00,0.1700,0.8300,yes
ad4f01b6-3a79-4349-9663-ca1cca9a6bb1,KXCANADAPM-45-C,2025-04-28T22:34:20.690397Z,1000.00,0.1700,0.8300,no
5193447a-54f8-4dfb-a542-4deef17d1304,KXCANADAPM-45-C,2025-04-28T22:34:20.690397Z,100.00,0.1700,0.8300,no
11398b43-9919-4aca-b5ba-c38cc3a14ccf,KXCANADAPM-45-C,2025-04-28T22:34:20.690397Z,202.00,0.1700,0.8300,no
fdcc7eb0-179f-445a-88f8-29430bd61d19,KXCANADAPM-45-C,2025-04-28T22:33:31.360376Z,52.00,0.1800,0.8200,yes
b026dc43-f93d-4d9b-a272-b3d66abc38ee,KXCANADAPM-45-C,2025-04-28T22:31:25.473425Z,3.00,0.1700,0.8300,yes
5c8c0ff9-0209-4a5a-99cd-848c67688454,KXCANADAPM-45-C,2025-04-28T22:31:25.473425Z,202.00,0.1700,0.8300,yes
1626b21a-1222-4634-80b7-830553342b03,KXCANADAPM-45-C,2025-04-28T22:31:25.473425Z,100.00,0.1700,0.8300,yes
0e5224dd-947a-4cd1-86d8-97ef8896df66,KXCANADAPM-45-C,2025-04-28T22:29:24.19807Z,7.00,0.1700,0.8300,yes
b4f3051b-5933-4241-9aca-15d213216935,KXCANADAPM-45-C,2025-04-28T22:28:47.869323Z,190.00,0.1700,0.8300,no
4c0d00bf-7535-4b4b-802f-e27afdb32317,KXCANADAPM-45-C,2025-04-28T22:27:35.119192Z,10.00,0.1800,0.8200,yes
c8d693be-0c10-4687-842c-e10f0b89d048,KXCANADAPM-45-C,2025-04-28T22:27:31.031446Z,26.00,0.1800,0.8200,yes
f8b42633-f457-416a-b9d0-e51e2aa34df4,KXCANADAPM-45-C,2025-04-28T22:24:58.159542Z,1406.00,0.1800,0.8200,yes
10c8ee90-7dc0-41fa-ae2e-a919aaee0acb,KXCANADAPM-45-C,2025-04-28T22:24:58.159542Z,138.00,0.1800,0.8200,yes
efb0adcd-501d-4bb3-bf60-6ff77119f322,KXCANADAPM-45-C,2025-04-28T22:23:39.906205Z,20.00,0.1700,0.8300,no
28821a22-8650-42f1-afe4-ce1c468bdd46,KXCANADAPM-45-C,2025-04-28T22:22:28.976079Z,1024.00,0.1700,0.8300,yes
dac210f1-6521-4b0b-84f8-5d1e8ac70076,KXCANADAPM-45-C,2025-04-28T22:20:37.747616Z,33.00,0.1700,0.8300,yes
73721168-aba8-498f-a48f-30bfb1466d3d,KXCANADAPM-45-C,2025-04-28T22:20:37.747616Z,492.00,0.1700,0.8300,yes
0bfdbcc4-eaea-420d-8a7f-704af3deee0f,KXCANADAPM-45-C,2025-04-28T22:20:01.371773Z,11.00,0.1700,0.8300,yes
afc3bec2-8b90-49de-8c45-8354fc1d4d36,KXCANADAPM-45-C,2025-04-28T22:19:20.545322Z,36.00,0.1700,0.8300,yes
109141f1-126d-4456-b70f-189b9c9d4a24,KXCANADAPM-45-C,2025-04-28T22:18:45.86819Z,20.00,0.1700,0.8300,yes
b4af8bcf-04d3-4f54-8b3e-94374f26208c,KXCANADAPM-45-C,2025-04-28T22:18:25.454742Z,555.00,0.1700,0.8300,yes
4df43cd8-ee93-43ca-bfb8-da7301b5e67e,KXCANADAPM-45-C,2025-04-28T22:18:23.471386Z,100.00,0.1700,0.8300,yes
0e4983e6-5bf5-44fa-b0cc-fa2e7f8d8ad9,KXCANADAPM-45-C,2025-04-28T22:18:23.471386Z,1174.00,0.1700,0.8300,yes
8f02de3d-2c1a-4736-b5a6-7a5286d7928c,KXCANADAPM-45-C,2025-04-28T22:18:00.818754Z,288.00,0.1700,0.8300,yes
4bf2df1c-29b2-4f0e-85bc-b079bf25f52d,KXCANADAPM-45-C,2025-04-28T22:17:51.485535Z,100.00,0.1600,0.8400,no
4379cc66-41b4-4770-bbba-45fdefa1359f,KXCANADAPM-45-C,2025-04-28T22:17:51.485535Z,366.00,0.1600,0.8400,no
fafd8922-a5ed-4943-9f0a-5399b2ea4375,KXCANADAPM-45-C,2025-04-28T22:16:56.357385Z,1111.00,0.1900,0.8100,yes
e544842c-2755-4e12-bfad-4cec95402600,KXCANADAPM-45-C,2025-04-28T22:16:56.357385Z,100.00,0.1800,0.8200,yes
54b0afc3-5069-4dc2-b467-621800ee4c4b,KXCANADAPM-45-C,2025-04-28T22:16:56.357385Z,2593.00,0.1900,0.8100,yes
4c6385c4-a656-49e0-8394-700ffa6aa6b1,KXCANADAPM-45-C,2025-04-28T22:16:56.357385Z,3288.00,0.1800,0.8200,yes
27d88985-f1b9-485d-8252-7ac53e83979f,KXCANADAPM-45-C,2025-04-28T22:16:56.357385Z,55.00,0.1900,0.8100,yes
1272bb00-7771-49d4-b87e-59613f309af6,KXCANADAPM-45-C,2025-04-28T22:16:56.357385Z,500.00,0.1900,0.8100,yes
a43a0ff5-ee57-42e1-aa4e-d4bff1302a63,KXCANADAPM-45-C,2025-04-28T22:16:25.836692Z,9.00,0.1800,0.8200,yes
fc9d3ebd-34d7-4087-8388-972c29612b70,KXCANADAPM-45-C,2025-04-28T22:15:54.679666Z,2.00,0.1800,0.8200,yes
a0791456-a022-4ecb-b932-37f9ddbb6bd8,KXCANADAPM-45-C,2025-04-28T22:15:22.880411Z,100.00,0.1800,0.8200,yes
63ae7d40-4bde-40ba-bbb4-7a9b79b4044c,KXCANADAPM-45-C,2025-04-28T22:15:22.880411Z,1701.00,0.1800,0.8200,yes
1211e8a7-a712-41c6-b81e-738a60d49150,KXCANADAPM-45-C,2025-04-28T22:15:22.880411Z,300.00,0.1800,0.8200,yes
4da9362b-5e7a-447d-a389-b219dbafafc7,KXCANADAPM-45-C,2025-04-28T22:15:06.305402Z,218.00,0.1600,0.8400,yes
17022f30-f3b7-44d7-af19-cd82d7291d7e,KXCANADAPM-45-C,2025-04-28T22:15:06.305402Z,100.00,0.1600,0.8400,yes
ec4a160a-5a7b-4ffa-8ce8-243bd1c696bd,KXCANADAPM-45-C,2025-04-28T22:15:04.645904Z,29.00,0.1600,0.8400,yes
97ca8abc-16d4-40c3-9aea-d0d4a4114687,KXCANADAPM-45-C,2025-04-28T22:14:31.805427Z,222.00,0.1700,0.8300,no
8b950968-31de-460c-9d87-75b6634263d2,KXCANADAPM-45-C,2025-04-28T22:14:31.805427Z,100.00,0.1700,0.8300,no
2611727b-e29d-478c-afd4-d50e5402fac6,KXCANADAPM-45-C,2025-04-28T22:13:12.144963Z,252.00,0.1800,0.8200,yes
434312ad-5cdf-430c-b26a-8d441ffa0082,KXCANADAPM-45-C,2025-04-28T22:11:19.755194Z,5.00,0.1800,0.8200,yes
c1559a28-58ba-4631-96c7-853d8b45d96a,KXCANADAPM-45-C,2025-04-28T22:11:00.945061Z,52.00,0.1800,0.8200,yes
7d11000d-ea17-403b-9977-ed84a1c0a304,KXCANADAPM-45-C,2025-04-28T22:07:09.988755Z,100.00,0.1800,0.8200,yes
527e8437-d9c8-42b5-b2fc-a7817874a8a6,KXCANADAPM-45-C,2025-04-28T22:05:15.935535Z,100.00,0.1800,0.8200,yes
a63b8363-4b80-41b1-be6d-0b044be20208,KXCANADAPM-45-C,2025-04-28T22:05:15.426047Z,50.00,0.1700,0.8300,yes
8ef1016c-601b-49f2-8c21-75edf407c473,KXCANADAPM-45-C,2025-04-28T22:05:15.426047Z,242.00,0.1700,0.8300,yes
62d956e5-bca4-4bc5-84c3-bcd040e3ac18,KXCANADAPM-45-C,2025-04-28T22:05:15.426047Z,1012.00,0.1800,0.8200,yes
ca52a7e4-7b81-4596-9f51-641f2558009d,KXCANADAPM-45-C,2025-04-28T22:05:02.598912Z,7111.00,0.1700,0.8300,no
9d61dbae-aea1-4496-b6e9-e4910a49f673,KXCANADAPM-45-C,2025-04-28T22:05:02.598912Z,100.00,0.1700,0.8300,no
5bd5f330-901d-4633-86ae-3805ce3eea9a,KXCANADAPM-45-C,2025-04-28T22:05:02.598912Z,3000.00,0.1700,0.8300,no
12ca9222-ba65-48da-af6c-df66ebd7eed3,KXCANADAPM-45-C,2025-04-28T22:01:38.001358Z,251.00,0.1700,0.8300,no
8942edbe-fb2e-4fb8-9272-e8ec9f5a1550,KXCANADAPM-45-C,2025-04-28T22:00:52.823282Z,257.00,0.1800,0.8200,yes
b30e647d-49df-49ca-a120-0533ea35c80d,KXCANADAPM-45-C,2025-04-28T21:59:23.937069Z,105.00,0.1800,0.8200,yes
e5891d9b-c8b0-4c85-b9f2-fa6c650291c4,KXCANADAPM-45-C,2025-04-28T21:57:30.306098Z,26.00,0.1800,0.8200,yes
b0200eb6-5508-447e-9a72-0fa0d22f8a47,KXCANADAPM-45-C,2025-04-28T21:53:36.875991Z,525.00,0.1800,0.8200,yes
0977900d-740f-42be-9d8c-0cce93ff006d,KXCANADAPM-45-C,2025-04-28T21:52:06.287249Z,52.00,0.1700,0.8300,no
574a29fc-25c3-47d3-8182-cd3e3b7f6ef8,KXCANADAPM-45-C,2025-04-28T21:51:55.488359Z,3.00,0.1800,0.8200,yes
50097e0f-3817-4207-9741-ddb95bc803be,KXCANADAPM-45-C,2025-04-28T21:51:51.912636Z,78.00,0.1800,0.8200,yes
fcafb8f3-13c5-4ec6-97e3-bba07cc73659,KXCANADAPM-45-C,2025-04-28T21:51:44.303411Z,1103.00,0.1800,0.8200,yes
98b47e45-4468-4cc1-83d8-dc7062d3bb23,KXCANADAPM-45-C,2025-04-28T21:51:32.110393Z,233.00,0.1700,0.8300,no
5e45cd11-33c5-47c2-8aba-cbf475ace073,KXCANADAPM-45-C,2025-04-28T21:51:10.457282Z,52.00,0.1800,0.8200,yes
279fbd81-d551-4bad-82ef-adf91d90d87d,KXCANADAPM-45-C,2025-04-28T21:50:09.981635Z,52.00,0.1800,0.8200,yes
1bce5695-12e6-48f8-abe2-ee00cc24a63f,KXCANADAPM-45-C,2025-04-28T21:49:32.198671Z,10.00,0.1800,0.8200,yes
e3601d77-ed18-477e-a2d9-f9fa40f02e91,KXCANADAPM-45-C,2025-04-28T21:48:44.049163Z,314.00,0.1700,0.8300,no
1aaa47e8-a4c5-45f0-a19d-e413859740b3,KXCANADAPM-45-C,2025-04-28T21:46:48.583304Z,1544.00,0.1700,0.8300,no
71e7cdeb-775c-42ac-9db8-3ff0b57eb00c,KXCANADAPM-45-C,2025-04-28T21:46:16.215187Z,131.00,0.1800,0.8200,yes
27e08647-056b-4f14-b908-002094484631,KXCANADAPM-45-C,2025-04-28T21:45:34.374676Z,10.00,0.1700,0.8300,no
3db9d159-ae60-46ff-8e75-42da0e6954a2,KXCANADAPM-45-C,2025-04-28T21:44:31.035023Z,52.00,0.1800,0.8200,yes
5ce5114f-efa1-40c0-bcec-6c93dc5ec3a7,KXCANADAPM-45-C,2025-04-28T21:44:12.840085Z,1050.00,0.1800,0.8200,yes
45d85c55-eaf0-4aca-8f2b-9e38345b003d,KXCANADAPM-45-C,2025-04-28T21:43:51.091679Z,52.00,0.1800,0.8200,yes
d3ff6d99-d94e-4b0e-b0af-6328ebc3605d,KXCANADAPM-45-C,2025-04-28T21:42:50.482172Z,23.00,0.1700,0.8300,no
f38a9288-d4b4-4911-b53b-113e74bc29b3,KXCANADAPM-45-C,2025-04-28T21:42:37.496396Z,462.00,0.1700,0.8300,no
aeb17bc2-43a2-4202-9c12-f5e8816cfd19,KXCANADAPM-45-C,2025-04-28T21:42:37.496396Z,25.00,0.1700,0.8300,no
4322166b-21b2-42c7-8572-59164871281d,KXCANADAPM-45-C,2025-04-28T21:42:37.496396Z,1.00,0.1700,0.8300,no
d6e52cda-2fe0-4dee-b6bb-ad4f53b54efb,KXCANADAPM-45-C,2025-04-28T21:42:14.757553Z,516.00,0.1800,0.8200,yes
21f0c7c9-a285-4716-affa-bd70029fa946,KXCANADAPM-45-C,2025-04-28T21:40:56.991351Z,94.00,0.1800,0.8200,yes
bacfdfaf-65c9-4087-bed7-d6718f3e61fe,KXCANADAPM-45-C,2025-04-28T21:37:55.025357Z,52.00,0.1800,0.8200,yes
d853c5a4-b106-40e6-b3dd-f5b07968e82e,KXCANADAPM-45-C,2025-04-28T21:37:24.261116Z,100.00,0.1800,0.8200,yes
b56fe42b-2d74-4aef-ad15-54a88d5bc527,KXCANADAPM-45-C,2025-04-28T21:34:22.423573Z,56.00,0.1800,0.8200,yes
affd6778-e2f4-407b-a827-d7c96959101d,KXCANADAPM-45-C,2025-04-28T21:30:55.347626Z,5.00,0.1800,0.8200,yes
22acda5d-8558-4b0f-b679-a29020f835ca,KXCANADAPM-45-C,2025-04-28T21:28:05.949729Z,250.00,0.1800,0.8200,yes
bfc85624-383a-481f-b2d8-d4edb49d5f75,KXCANADAPM-45-C,2025-04-28T21:26:23.231687Z,257.00,0.1800,0.8200,yes
bf8b660d-073c-48c7-a5f1-421825aeee73,KXCANADAPM-45-C,2025-04-28T21:22:43.269304Z,1.00,0.1700,0.8300,no
6ca9c650-602b-46d8-97b2-54b1e9f00ddc,KXCANADAPM-45-C,2025-04-28T21:22:43.269304Z,10.00,0.1700,0.8300,no
7946a938-76f3-4115-baa6-f724d6a3b3f4,KXCANADAPM-45-C,2025-04-28T21:19:23.640437Z,105.00,0.1800,0.8200,yes
098f4c12-fce5-4c57-9307-1f870970c74f,KXCANADAPM-45-C,2025-04-28T21:18:45.948271Z,189.00,0.1800,0.8200,yes
6aace862-7e03-4985-8094-5a3931a2f667,KXCANADAPM-45-C,2025-04-28T21:16:19.668954Z,8.00,0.1800,0.8200,yes
1df42d29-5cb9-401f-af4a-813e6c2c7d1d,KXCANADAPM-45-C,2025-04-28T21:14:13.048581Z,52.00,0.1800,0.8200,yes
94152535-8b97-4ede-88f6-d63371c186f3,KXCANADAPM-45-C,2025-04-28T21:14:11.033407Z,12.00,0.1800,0.8200,yes
ea2d26ef-70bd-4d0a-a8e4-b883a58efc5e,KXCANADAPM-45-C,2025-04-28T21:14:10.659321Z,131.00,0.1800,0.8200,yes
f41e110a-66ef-461c-8829-fe137fd6bce4,KXCANADAPM-45-C,2025-04-28T21:13:07.563727Z,1.00,0.1800,0.8200,no
ee48591e-f25e-4a74-b912-b8dc8bede198,KXCANADAPM-45-C,2025-04-28T21:12:05.046877Z,124.00,0.1900,0.8100,yes
ca4e39de-bd1d-49c6-a46a-c31c1e740915,KXCANADAPM-45-C,2025-04-28T21:11:34.961773Z,20.00,0.1800,0.8200,no
b2bcebcf-a51f-44c7-b39c-fb0b58291f4b,KXCANADAPM-45-C,2025-04-28T21:11:34.961773Z,100.00,0.1800,0.8200,no
7a6ba2fa-250b-4389-9e52-834acc7ff9ff,KXCANADAPM-45-C,2025-04-28T21:11:34.961773Z,221.00,0.1800,0.8200,no
6e7612e5-c29b-49e3-a745-5581cb0cadf7,KXCANADAPM-45-C,2025-04-28T21:11:34.961773Z,100.00,0.1800,0.8200,no
6647b913-e0c7-458f-8ccc-a7b247c65945,KXCANADAPM-45-C,2025-04-28T21:11:34.961773Z,10000.00,0.1800,0.8200,no
5c7a20e0-3f85-4492-b866-da130b715558,KXCANADAPM-45-C,2025-04-28T21:11:34.961773Z,50.00,0.1800,0.8200,no
5a501d14-5e89-463a-894d-9a75918eb61f,KXCANADAPM-45-C,2025-04-28T21:11:34.961773Z,6709.00,0.1800,0.8200,no
24467910-0b66-47d1-8679-58ffeea4ec02,KXCANADAPM-45-C,2025-04-28T21:11:34.961773Z,21.00,0.1800,0.8200,no
1d111c7a-a0d3-482d-a4d7-b805d7c41118,KXCANADAPM-45-C,2025-04-28T21:11:34.961773Z,30000.00,0.1800,0.8200,no
b0532bc6-6194-4c62-ae00-2416be1cbbb0,KXCANADAPM-45-C,2025-04-28T21:10:32.028754Z,24.00,0.1900,0.8100,yes
a5b67a29-2729-4fab-a4ea-718fbb3636f3,KXCANADAPM-45-C,2025-04-28T21:09:37.942506Z,5.00,0.1900,0.8100,yes
02837217-dd95-445a-9407-17c1eb14b49a,KXCANADAPM-45-C,2025-04-28T21:09:01.614814Z,5.00,0.1900,0.8100,yes
02c4f534-9c92-4969-88f4-758b2a6984db,KXCANADAPM-45-C,2025-04-28T21:07:44.189816Z,5.00,0.1900,0.8100,yes
94b3d15c-ecae-4d56-b7ee-4f31dde9edd3,KXCANADAPM-45-C,2025-04-28T21:07:02.096189Z,104.00,0.1900,0.8100,yes
cf08c763-70c3-4e15-ac8b-a279270f2547,KXCANADAPM-45-C,2025-04-28T21:05:19.129003Z,10000.00,0.1800,0.8200,no
308e611b-7dc5-44d1-bbc1-a692d9d6a655,KXCANADAPM-45-C,2025-04-28T20:59:59.248907Z,60.00,0.1900,0.8100,yes
766042df-2f02-4460-8025-3c96ac6a8f79,KXCANADAPM-45-C,2025-04-28T20:58:59.27019Z,99.00,0.1900,0.8100,yes
800f041c-04f8-45b8-bb37-30ac61530b0c,KXCANADAPM-45-C,2025-04-28T20:48:47.948643Z,4.00,0.1900,0.8100,yes
83beea2d-b7e6-41f4-99d7-b9d08c01114c,KXCANADAPM-45-C,2025-04-28T20:48:28.271253Z,49.00,0.1900,0.8100,yes
bca8efb9-adcd-42cd-9eeb-7541eab7b47c,KXCANADAPM-45-C,2025-04-28T20:45:28.778769Z,25.00,0.1900,0.8100,yes
b39ea9ff-6f21-46eb-b71a-69f53cac0b23,KXCANADAPM-45-C,2025-04-28T20:40:12.396226Z,68.00,0.1900,0.8100,yes
ad88eeae-5c06-4123-bd09-814ea18bf771,KXCANADAPM-45-C,2025-04-28T20:40:12.396226Z,6043.00,0.1900,0.8100,yes
3bb75736-dc9e-455b-bd84-9f909d57296b,KXCANADAPM-45-C,2025-04-28T20:38:13.699726Z,9.00,0.1900,0.8100,yes
7107c4d5-6ebf-451a-96e9-14a9b0aea4d1,KXCANADAPM-45-C,2025-04-28T20:37:28.469835Z,249.00,0.1800,0.8200,no
19d0ddc7-3fe9-4798-9025-64a7ee188a5a,KXCANADAPM-45-C,2025-04-28T20:33:47.906982Z,45.00,0.1800,0.8200,no
7d4e4f76-f6f2-4af7-b1f0-cb08285c7163,KXCANADAPM-45-C,2025-04-28T20:33:46.43753Z,420.00,0.1900,0.8100,yes
56f67b43-cc24-4c3f-a2f1-1d46d1a7f554,KXCANADAPM-45-C,2025-04-28T20:33:08.416562Z,99.00,0.1900,0.8100,yes
3a928c3b-06ae-47a1-a35e-44418aeb7746,KXCANADAPM-45-C,2025-04-28T20:30:05.936895Z,244.00,0.1900,0.8100,yes
b36f00b8-8742-4da6-9c50-99d49ff436fe,KXCANADAPM-45-C,2025-04-28T20:22:35.64292Z,2704.00,0.1800,0.8200,no
be3a0856-cd72-48b3-8d53-a110dc283a04,KXCANADAPM-45-C,2025-04-28T20:20:43.236648Z,555.00,0.1800,0.8200,no
40d7a6d0-1bb0-4338-892c-3ab5d7714971,KXCANADAPM-45-C,2025-04-28T20:19:57.739875Z,996.00,0.1900,0.8100,yes
b39cc891-a395-43d6-9679-cab1e037b3e4,KXCANADAPM-45-C,2025-04-28T20:15:47.890762Z,5.00,0.1900,0.8100,yes
2f7e072b-b5ed-436b-9eaa-91d3e0f31b6e,KXCANADAPM-45-C,2025-04-28T20:13:26.956673Z,37.00,0.1800,0.8200,no
43158866-9bfb-4f6b-aa5d-54be5ae07033,KXCANADAPM-45-C,2025-04-28T20:13:25.702272Z,99.00,0.1900,0.8100,yes
098a8c87-ab4a-4812-acfd-4fe2ea979e50,KXCANADAPM-45-C,2025-04-28T20:13:19.186735Z,488.00,0.1900,0.8100,yes
eadc465f-30a4-4ca4-91d2-3a0431b90c17,KXCANADAPM-45-C,2025-04-28T20:13:05.776747Z,13.00,0.1800,0.8200,no
32c78eaa-ed3c-4a4a-a5d5-3a0b1349db7b,KXCANADAPM-45-C,2025-04-28T20:09:18.044707Z,10.00,0.1900,0.8100,yes
89f8ae7e-c4af-4750-8630-5518ac20a400,KXCANADAPM-45-C,2025-04-28T20:08:55.20517Z,120.00,0.1800,0.8200,no
1d80beae-8a22-45e4-9fee-357851b3ffe7,KXCANADAPM-45-C,2025-04-28T20:06:26.824084Z,24.00,0.1900,0.8100,yes
75011a9a-b296-4adc-8427-44e41c3a93b6,KXCANADAPM-45-C,2025-04-28T20:04:34.203563Z,500.00,0.1800,0.8200,no
1293c7a2-cea8-431f-9c7b-19352e2c2c0e,KXCANADAPM-45-C,2025-04-28T20:00:14.169402Z,49.00,0.1900,0.8100,yes
c4685286-a2d3-472a-916f-d900c8d0eb8d,KXCANADAPM-45-C,2025-04-28T19:58:59.378843Z,149.00,0.1900,0.8100,yes
42acb3c9-713c-4dfa-84e1-e8e9db6dab99,KXCANADAPM-45-C,2025-04-28T19:55:16.394238Z,14.00,0.1900,0.8100,yes
64df3ab9-2d2c-4b4f-827f-c9a64af18f63,KXCANADAPM-45-C,2025-04-28T19:51:15.728726Z,19.00,0.1900,0.8100,yes
7c86dd26-80cd-426b-b721-7b80f8a76593,KXCANADAPM-45-C,2025-04-28T19:42:50.844257Z,50.00,0.1800,0.8200,no
240e934d-a105-4bfe-aee5-c0ef36475f7e,KXCANADAPM-45-C,2025-04-28T19:40:29.653241Z,249.00,0.1900,0.8100,yes
f6ad491d-c999-4670-807a-81920715eb95,KXCANADAPM-45-C,2025-04-28T19:38:41.676416Z,9.00,0.1900,0.8100,yes
5131df27-366d-4fe2-92a5-68283609949b,KXCANADAPM-45-C,2025-04-28T19:37:58.382959Z,99.00,0.1800,0.8200,no
c8f2a4cb-d09a-4f3f-aff9-515586116c5a,KXCANADAPM-45-C,2025-04-28T19:37:57.148553Z,249.00,0.1900,0.8100,yes
e0375399-ce1d-441d-9692-a9e3cf9a1397,KXCANADAPM-45-C,2025-04-28T19:34:39.067302Z,225.00,0.1800,0.8200,no
0f8761fb-5752-4861-b007-999ada61a3ae,KXCANADAPM-45-C,2025-04-28T19:33:58.195413Z,4.00,0.1900,0.8100,yes
31491a9b-3ac1-4a94-95eb-e836d2952ea4,KXCANADAPM-45-C,2025-04-28T19:31:33.71917Z,124.00,0.1900,0.8100,yes
025a1730-efc5-4c5c-a6da-25de563521d2,KXCANADAPM-45-C,2025-04-28T19:31:24.058128Z,236.00,0.1800,0.8200,no
b729bad5-3f9b-4f9d-9eef-2619a85d7a9d,KXCANADAPM-45-C,2025-04-28T19:30:37.145218Z,300.00,0.1900,0.8100,yes
bb140401-966d-405b-9548-5084ba260eb0,KXCANADAPM-45-C,2025-04-28T19:22:05.944607Z,249.00,0.1900,0.8100,yes
baf9b980-e5be-4a11-95f0-35b509c31fdb,KXCANADAPM-45-C,2025-04-28T19:21:36.817471Z,466.00,0.1900,0.8100,yes
53e41d81-0e11-42e9-aa93-9b2cd246b019,KXCANADAPM-45-C,2025-04-28T19:21:27.290711Z,1.00,0.1900,0.8100,yes
d4e45c6f-fab0-4c14-a951-daeaa746ecad,KXCANADAPM-45-C,2025-04-28T19:20:52.076697Z,1110.00,0.1900,0.8100,yes
4b3c83a4-497f-46fe-b72b-870999e4584a,KXCANADAPM-45-C,2025-04-28T19:19:38.544042Z,5.00,0.1800,0.8200,no
e177be47-7afe-45a0-b6a2-be5d7a842b0c,KXCANADAPM-45-C,2025-04-28T19:16:27.060278Z,68.00,0.1900,0.8100,yes
d4029924-fd03-49ff-bd68-e91110b6ba6a,KXCANADAPM-45-C,2025-04-28T19:12:21.2583Z,1.00,0.1900,0.8100,yes
f57320af-47bf-4669-bcc3-20fba482dce4,KXCANADAPM-45-C,2025-04-28T19:11:57.759445Z,498.00,0.1900,0.8100,yes
0f345203-05f3-4d3e-be8d-bf0fe97ae715,KXCANADAPM-45-C,2025-04-28T19:11:35.811208Z,15.00,0.1900,0.8100,yes
e68aefdb-7e22-46b8-aa93-1ecb6ade3cdb,KXCANADAPM-45-C,2025-04-28T19:09:40.41229Z,348.00,0.1900,0.8100,yes
f4a38817-b197-4e0f-aeb4-3070020c0b13,KXCANADAPM-45-C,2025-04-28T19:09:05.074189Z,1.00,0.1900,0.8100,yes
a5ab7543-94d7-4822-bff5-4e9a90ec52c0,KXCANADAPM-45-C,2025-04-28T19:08:05.371193Z,5.00,0.1900,0.8100,yes
09dd96bd-4a95-4f0c-8aec-80791574640f,KXCANADAPM-45-C,2025-04-28T19:07:52.684241Z,124.00,0.1900,0.8100,yes
4024a996-c0e3-4a67-a43d-70589ca4b4c9,KXCANADAPM-45-C,2025-04-28T19:04:39.922031Z,10.00,0.1800,0.8200,no
9596e498-e3fc-48bd-b577-260905fb35b9,KXCANADAPM-45-C,2025-04-28T18:59:04.759974Z,400.00,0.1800,0.8200,no
7b5ab398-e670-43bc-ad88-7cd9254e102b,KXCANADAPM-45-C,2025-04-28T18:54:51.000423Z,180.00,0.1800,0.8200,no
ef292daa-4aeb-4662-979e-e7e0833d1602,KXCANADAPM-45-C,2025-04-28T18:54:29.585188Z,622.00,0.1900,0.8100,yes
d80366df-64d9-4a7d-8d28-3215032e134e,KXCANADAPM-45-C,2025-04-28T18:53:05.397296Z,244.00,0.1900,0.8100,yes
c8f5bf14-5595-4728-be40-606ba5ade295,KXCANADAPM-45-C,2025-04-28T18:51:48.179914Z,1220.00,0.1900,0.8100,yes
99453195-1e80-4860-992c-b382bf955d8b,KXCANADAPM-45-C,2025-04-28T18:51:04.550923Z,9.00,0.1900,0.8100,yes
43fc3b0d-b030-484c-9a51-ec81bd3acb8e,KXCANADAPM-45-C,2025-04-28T18:48:31.979471Z,11.00,0.1900,0.8100,yes
7bb01c73-f400-4ece-860b-03dcd106cb2e,KXCANADAPM-45-C,2025-04-28T18:44:54.087769Z,49.00,0.1900,0.8100,yes
4aaa273b-6215-480b-9837-754847ef0fe0,KXCANADAPM-45-C,2025-04-28T18:44:23.859713Z,498.00,0.1900,0.8100,yes
9fe26dc3-f1a5-4c9e-aaa0-a08ab55313ff,KXCANADAPM-45-C,2025-04-28T18:37:01.140441Z,498.00,0.1900,0.8100,yes
9f765948-0bc2-4e02-93e3-626a25c99498,KXCANADAPM-45-C,2025-04-28T18:35:53.180799Z,28.00,0.1800,0.8200,no
7ad19a84-decd-45bc-9f91-ad61ec514e0a,KXCANADAPM-45-C,2025-04-28T18:27:55.217422Z,36.00,0.1900,0.8100,yes
80a80d72-8e36-41fd-9187-c0f793c9025c,KXCANADAPM-45-C,2025-04-28T18:24:17.481367Z,14.00,0.1800,0.8200,no
ec74f89f-a5c0-49f6-bbe3-0a2f05150811,KXCANADAPM-45-C,2025-04-28T18:19:21.912244Z,50.00,0.1900,0.8100,yes
2a3624b0-b9df-4401-9f50-99274ec87563,KXCANADAPM-45-C,2025-04-28T18:16:42.491761Z,444.00,0.1800,0.8200,no
be6a4ea0-5f99-482c-8177-0ff79885680c,KXCANADAPM-45-C,2025-04-28T18:16:42.076241Z,249.00,0.1900,0.8100,yes
bd40e97f-1a56-419a-b0c2-c24d17cfc069,KXCANADAPM-45-C,2025-04-28T18:09:27.79619Z,3212.00,0.1800,0.8200,no
ae04829a-48d6-454e-8c77-4f2b8d406533,KXCANADAPM-45-C,2025-04-28T18:09:27.79619Z,109.00,0.1900,0.8100,no
9dcfaf7a-6104-4fd8-ab1c-184062f1029e,KXCANADAPM-45-C,2025-04-28T18:09:27.79619Z,100.00,0.1900,0.8100,no
9b3fe062-acd0-406b-a0d8-4c30d1f116ba,KXCANADAPM-45-C,2025-04-28T18:09:27.79619Z,5555.00,0.1900,0.8100,no
7b5f63ca-618e-47cf-ad60-59424b5a37d4,KXCANADAPM-45-C,2025-04-28T18:09:27.79619Z,3170.00,0.1900,0.8100,no
8ab48c34-d10f-4374-8fcc-cebc868ea5d1,KXCANADAPM-45-C,2025-04-28T18:06:20.304855Z,49.00,0.1900,0.8100,no
160930c0-7d6a-4e49-931f-572c83ec4874,KXCANADAPM-45-C,2025-04-28T18:02:38.170786Z,1160.00,0.1900,0.8100,no
b1d93fe8-1d75-456a-b2b8-2a152d006653,KXCANADAPM-45-C,2025-04-28T18:01:00.741564Z,4.00,0.2000,0.8000,yes
c69acefb-4495-48c8-96ae-fd6b4cd39a78,KXCANADAPM-45-C,2025-04-28T18:00:36.236405Z,236.00,0.2000,0.8000,yes
b5981ad4-477e-4ab9-885b-2682a7aff070,KXCANADAPM-45-C,2025-04-28T17:56:53.967817Z,23.00,0.2000,0.8000,yes
ba32c471-bc5c-4b81-b34a-402e2427cb2b,KXCANADAPM-45-C,2025-04-28T17:56:34.58026Z,25.00,0.2000,0.8000,yes
4a0a242c-eb0d-4d43-a013-97762a261687,KXCANADAPM-45-C,2025-04-28T17:56:08.72051Z,47.00,0.2000,0.8000,yes
ea22e3ac-96b2-4dfb-aa2a-0fc371143922,KXCANADAPM-45-C,2025-04-28T17:55:12.226765Z,23.00,0.2000,0.8000,yes
3ac08bc5-7201-467f-8ccd-ef47355bccd4,KXCANADAPM-45-C,2025-04-28T17:50:31.206597Z,200.00,0.2000,0.8000,yes
e120be26-081d-484a-b8bd-0be22f37e9c5,KXCANADAPM-45-C,2025-04-28T17:49:29.042316Z,47.00,0.2000,0.8000,yes
1929473c-5f5b-4b5d-b3ec-6ab0285a1a83,KXCANADAPM-45-C,2025-04-28T17:47:58.298513Z,50.00,0.2000,0.8000,yes
d71ab554-fb5e-494d-95e9-014ebbefc98a,KXCANADAPM-45-C,2025-04-28T17:45:26.500488Z,150.00,0.1900,0.8100,no
58058a08-68a6-475e-835b-632f19de1b72,KXCANADAPM-45-C,2025-04-28T17:44:04.06279Z,71.00,0.2000,0.8000,yes
d05716bf-2c8e-4e8f-85bb-bb1b9e0ac6b0,KXCANADAPM-45-C,2025-04-28T17:42:58.388336Z,260.00,0.2000,0.8000,yes
61599376-f174-4fa3-8130-350c1675cbfc,KXCANADAPM-45-C,2025-04-28T17:40:12.859053Z,473.00,0.2000,0.8000,yes
3c409e79-5b20-4bf3-91dd-f27bd79357c9,KXCANADAPM-45-C,2025-04-28T17:39:33.662097Z,71.00,0.2000,0.8000,yes
2df7b2a2-d3be-43b5-ac93-53dbb84ed1a1,KXCANADAPM-45-C,2025-04-28T17:39:03.867072Z,121.00,0.1900,0.8100,no
3bee6410-b60c-4c43-ae66-1e1c6a7eed51,KXCANADAPM-45-C,2025-04-28T17:38:25.179191Z,710.00,0.2000,0.8000,yes
baa246f8-436d-4935-8a2c-0fd42f093f08,KXCANADAPM-45-C,2025-04-28T17:37:55.55116Z,18.00,0.2000,0.8000,yes
00e36a9c-d1c6-44aa-a23b-04e115249547,KXCANADAPM-45-C,2025-04-28T17:35:57.867366Z,9.00,0.2000,0.8000,yes
d087a956-fff3-4299-b11f-a66a1e67a5b1,KXCANADAPM-45-C,2025-04-28T17:31:00.884828Z,23.00,0.2000,0.8000,yes
dbcfaf04-19a2-4570-9824-b9d58643a34e,KXCANADAPM-45-C,2025-04-28T17:28:55.612462Z,40.00,0.2000,0.8000,yes
f9bb336f-c17e-4f20-8062-4ac09ab1fc2a,KXCANADAPM-45-C,2025-04-28T17:28:42.396863Z,23.00,0.2000,0.8000,yes
d57a81d6-ea34-4c23-9a11-975ddce20d10,KXCANADAPM-45-C,2025-04-28T17:28:18.712233Z,94.00,0.2000,0.8000,yes
e5d41585-b233-444a-aa74-d542c2e6d0ed,KXCANADAPM-45-C,2025-04-28T17:27:48.145281Z,18.00,0.2000,0.8000,yes
b00bc086-fa73-4e55-869b-878a6a5c831a,KXCANADAPM-45-C,2025-04-28T17:25:06.292115Z,142.00,0.2000,0.8000,yes
3d34f01f-fa47-4fd4-99e8-cac12858ecf1,KXCANADAPM-45-C,2025-04-28T17:24:22.339754Z,947.00,0.2000,0.8000,yes
ce0c2df8-90bc-4896-b29f-bc44d6515bb1,KXCANADAPM-45-C,2025-04-28T17:22:16.494922Z,476.00,0.2000,0.8000,yes
4cd1f5ad-64c5-48ff-88a9-ddc3b664c06a,KXCANADAPM-45-C,2025-04-28T17:16:46.460369Z,538.00,0.2000,0.8000,yes
e3ba82b1-8b7c-4c88-bc75-8717c06cfc17,KXCANADAPM-45-C,2025-04-28T17:15:12.056905Z,12.00,0.1900,0.8100,no
01d40ba3-ae3a-4fa9-a1f6-5b605395fcc2,KXCANADAPM-45-C,2025-04-28T17:13:59.23237Z,609.00,0.1900,0.8100,no
03e51fa5-f239-494f-be3b-88a984b34000,KXCANADAPM-45-C,2025-04-28T17:12:19.285085Z,200.00,0.2000,0.8000,yes
29cc7dd6-22a4-47e9-889c-e41e0ce24e43,KXCANADAPM-45-C,2025-04-28T17:08:07.372586Z,260.00,0.2000,0.8000,yes
b3e47cd6-e4a9-45e2-9362-4135dccf485d,KXCANADAPM-45-C,2025-04-28T17:02:20.847422Z,473.00,0.2000,0.8000,yes
ddf49e61-28be-4f24-a337-e07e7960cd90,KXCANADAPM-45-C,2025-04-28T16:58:51.745818Z,38.00,0.1900,0.8100,no
5599367d-b6bb-4f60-83b1-5d5abac06603,KXCANADAPM-45-C,2025-04-28T16:58:25.402919Z,13.00,0.1900,0.8100,no
cb29ab92-28a0-497f-aa4b-afc516f788b5,KXCANADAPM-45-C,2025-04-28T16:55:31.390799Z,710.00,0.2000,0.8000,yes
b68e9a73-349b-45b3-9b35-5b7fce5c91fe,KXCANADAPM-45-C,2025-04-28T16:51:03.300656Z,30.00,0.1900,0.8100,no
05fb21ed-0d9a-4137-9cab-5d4897e3ab5f,KXCANADAPM-45-C,2025-04-28T16:47:36.53702Z,300.00,0.1900,0.8100,no
04a14d55-7b7c-4a8d-967c-0eb48ca23ed9,KXCANADAPM-45-C,2025-04-28T16:47:09.123031Z,360.00,0.1900,0.8100,no
d9bcd829-463d-4f72-8d96-c8e0b9d8174f,KXCANADAPM-45-C,2025-04-28T16:47:05.642901Z,624.00,0.1900,0.8100,no
b4ff25ea-a130-4a67-9373-e1b950b89c1d,KXCANADAPM-45-C,2025-04-28T16:44:45.928659Z,50.00,0.2000,0.8000,yes
9ec2876a-6633-40ef-a53e-18a581ae15dc,KXCANADAPM-45-C,2025-04-28T16:43:04.018954Z,236.00,0.2000,0.8000,yes
6b03a6de-f53d-4cde-a4db-f08b7888d088,KXCANADAPM-45-C,2025-04-28T16:42:45.11226Z,353.00,0.1900,0.8100,no
2f0a74fa-21a2-416f-b469-98f2d041293d,KXCANADAPM-45-C,2025-04-28T16:40:21.169472Z,2011.00,0.1900,0.8100,no
e47d276d-78ba-4493-aac6-1366b6a53e91,KXCANADAPM-45-C,2025-04-28T16:27:01.304604Z,250.00,0.2000,0.8000,yes
87decf8b-aaf6-4408-9686-46ce0b718240,KXCANADAPM-45-C,2025-04-28T16:25:58.555211Z,94.00,0.2000,0.8000,yes
2b2382dd-31fc-420b-9b9c-8f54dd28b37c,KXCANADAPM-45-C,2025-04-28T16:25:49.021689Z,92.00,0.2000,0.8000,yes
f169803b-dfed-4b88-8dfb-72c822e1b209,KXCANADAPM-45-C,2025-04-28T16:25:00.045851Z,3.00,0.2000,0.8000,yes
4ed93468-83d0-47ed-b0a1-1466bf3a8919,KXCANADAPM-45-C,2025-04-28T16:20:08.860906Z,43.00,0.2000,0.8000,yes
479f5e06-edec-47ef-9368-7ce0c23e85b4,KXCANADAPM-45-C,2025-04-28T16:19:17.063318Z,1.00,0.2000,0.8000,yes
653af4ae-7d99-4c76-b00d-706b71e50437,KXCANADAPM-45-C,2025-04-28T16:16:17.547064Z,25.00,0.2000,0.8000,yes
df65e14c-e059-46dd-b89b-7b9c16667488,KXCANADAPM-45-C,2025-04-28T16:15:45.211184Z,5.00,0.2000,0.8000,yes
9491ed32-c0b5-4c2d-a5df-3c6f495d5b02,KXCANADAPM-45-C,2025-04-28T16:14:55.280247Z,23.00,0.2000,0.8000,yes
b738b3fa-5de7-45fb-bede-9b4a9149a196,KXCANADAPM-45-C,2025-04-28T16:14:35.024462Z,213.00,0.2000,0.8000,yes
39618ad5-04df-44ea-a4e4-ec261c26d2c9,KXCANADAPM-45-C,2025-04-28T16:11:09.651334Z,1000.00,0.1900,0.8100,no
895cd825-7920-4bce-ba38-6c649c7a7301,KXCANADAPM-45-C,2025-04-28T16:05:33.256146Z,710.00,0.2000,0.8000,yes
ce18f371-6a47-43c7-8be7-20b99a64596a,KXCANADAPM-45-C,2025-04-28T16:05:20.850397Z,156.00,0.2000,0.8000,yes
a8ac3692-6f91-4121-a1bd-2b8cfbbae5d3,KXCANADAPM-45-C,2025-04-28T16:05:13.016211Z,175.00,0.2000,0.8000,yes
84222b69-df97-476c-a3d5-c0ea182a6e13,KXCANADAPM-45-C,2025-04-28T16:00:16.615549Z,4.00,0.2000,0.8000,yes
e17276d5-5c41-48d1-81e9-1163331a3ebf,KXCANADAPM-45-C,2025-04-28T15:57:47.807744Z,232.00,0.2000,0.8000,yes
e6000272-b4cf-47e6-b29c-7a2e33a0ee2f,KXCANADAPM-45-C,2025-04-28T15:56:24.313791Z,52.00,0.2000,0.8000,yes
85fd8314-039f-45f4-b703-6a72268612d0,KXCANADAPM-45-C,2025-04-28T15:55:24.341508Z,236.00,0.2000,0.8000,yes
ebdf9042-165b-4c95-8826-53ab973e1844,KXCANADAPM-45-C,2025-04-28T15:48:49.706687Z,500.00,0.2000,0.8000,yes
de6604ba-ba35-479c-9e3f-7c19583301c0,KXCANADAPM-45-C,2025-04-28T15:43:14.88892Z,232.00,0.2000,0.8000,yes
9b6a1a7b-5c5d-4867-a080-e20bdebc8013,KXCANADAPM-45-C,2025-04-28T15:42:36.197498Z,23.00,0.2000,0.8000,yes
386d9181-0969-40a5-a508-96c64727e1aa,KXCANADAPM-45-C,2025-04-28T15:32:42.927729Z,116.00,0.2000,0.8000,yes
aa4642ef-e7cc-4dc6-b3d3-3167bdf30bce,KXCANADAPM-45-C,2025-04-28T15:30:18.470539Z,236.00,0.2000,0.8000,yes
5aa20024-d872-458e-98f2-d1a2e28197b2,KXCANADAPM-45-C,2025-04-28T15:26:42.454366Z,15.00,0.2000,0.8000,yes
003f6e47-ec98-494a-b3bc-41e62b9b560d,KXCANADAPM-45-C,2025-04-28T15:26:11.876047Z,20.00,0.2000,0.8000,yes
4de23e50-a806-442b-9f88-0e2569c5748f,KXCANADAPM-45-C,2025-04-28T15:25:30.315675Z,86.00,0.2000,0.8000,yes
4377c7f4-c3fc-411b-9aa6-054c30c6e686,KXCANADAPM-45-C,2025-04-28T15:24:16.021188Z,10.00,0.2000,0.8000,yes
c25a7757-429f-41df-8724-ef965f418618,KXCANADAPM-45-C,2025-04-28T15:23:03.960777Z,1.00,0.2000,0.8000,yes
9f9f968f-a565-4d07-bf3c-25d9088f1fff,KXCANADAPM-45-C,2025-04-28T15:18:51.826862Z,118.00,0.2000,0.8000,yes
d755589b-a409-47ae-8a88-a4e44f0db995,KXCANADAPM-45-C,2025-04-28T15:18:09.200037Z,459.00,0.2000,0.8000,yes
fe548a01-fbd6-4399-9d0b-7a94eb158b68,KXCANADAPM-45-C,2025-04-28T15:11:44.90629Z,115.00,0.1900,0.8100,yes
e92908fc-4a6c-432a-b3d0-eebdced305b6,KXCANADAPM-45-C,2025-04-28T15:11:44.90629Z,6000.00,0.1900,0.8100,yes
afc52aba-d49b-494a-99a3-ed111b5f50ac,KXCANADAPM-45-C,2025-04-28T15:11:44.90629Z,9401.00,0.1900,0.8100,yes
1c6d0ba3-b968-440b-8d52-98aa0e9b9e38,KXCANADAPM-45-C,2025-04-28T15:09:09.044357Z,14.00,0.1900,0.8100,yes
0bfd5790-67ad-468a-97c3-e1d13f755fb3,KXCANADAPM-45-C,2025-04-28T15:08:01.785227Z,498.00,0.1900,0.8100,yes
ff537939-ef60-4d58-83d6-c55220eb6966,KXCANADAPM-45-C,2025-04-28T15:05:46.3492Z,49.00,0.1900,0.8100,yes
65d12a79-4f2c-44a2-bd74-3e9325d023ec,KXCANADAPM-45-C,2025-04-28T14:59:51.452238Z,24.00,0.1900,0.8100,yes
1ce6fc04-56cf-4f8b-b012-0b69568a543f,KXCANADAPM-45-C,2025-04-28T14:54:28.321497Z,14.00,0.1900,0.8100,yes
ca8c13f8-4fda-421d-a128-1afa98ba6b04,KXCANADAPM-45-C,2025-04-28T14:50:46.960445Z,1249.00,0.1900,0.8100,no
52799192-b2f5-4731-90e7-7b22e651c554,KXCANADAPM-45-C,2025-04-28T14:50:46.960445Z,271.00,0.1900,0.8100,no
78282a46-adb8-47cf-bbfe-a4fd06b0c4a9,KXCANADAPM-45-C,2025-04-28T14:50:13.494278Z,1160.00,0.2000,0.8000,yes
e40e1c22-7676-4ab8-9024-035c740a9f8a,KXCANADAPM-45-C,2025-04-28T14:45:40.95012Z,120.00,0.1900,0.8100,yes
96add52e-b811-4e4a-a90f-a088ba22d9ef,KXCANADAPM-45-C,2025-04-28T14:45:40.95012Z,323.00,0.1900,0.8100,yes
8e4be222-2d2e-44e6-ae9e-c63a14946554,KXCANADAPM-45-C,2025-04-28T14:45:40.95012Z,6.00,0.1900,0.8100,yes
ab85877c-9dcd-489e-923b-147ab8fd14aa,KXCANADAPM-45-C,2025-04-28T14:44:03.421183Z,48.00,0.1900,0.8100,yes
ecea3caa-21ca-49ec-b270-ffd2e14b931d,KXCANADAPM-45-C,2025-04-28T14:42:10.544443Z,100.00,0.1900,0.8100,yes
7c1eeb35-72e8-4496-8f31-1849debe275f,KXCANADAPM-45-C,2025-04-28T14:42:10.544443Z,20.00,0.1900,0.8100,yes
467cc072-b0e0-4376-9939-0def44c41e41,KXCANADAPM-45-C,2025-04-28T14:42:10.544443Z,866.00,0.1900,0.8100,yes
27e92ddc-0a42-42be-81bf-782d7e6f6d7a,KXCANADAPM-45-C,2025-04-28T14:42:10.544443Z,5.00,0.1900,0.8100,yes
c17e3bab-7bf1-437b-a4be-ce0a76d94aca,KXCANADAPM-45-C,2025-04-28T14:40:14.60481Z,50.00,0.1900,0.8100,yes
9928f840-cc9a-482f-9e64-e0d1373a14c0,KXCANADAPM-45-C,2025-04-28T14:39:14.324723Z,249.00,0.1900,0.8100,yes
ed12e80c-e41c-44a4-b010-2c2155a45d22,KXCANADAPM-45-C,2025-04-28T14:37:19.836199Z,488.00,0.1900,0.8100,yes
0ff3b50f-f680-4967-8fd7-ff5c89971ebf,KXCANADAPM-45-C,2025-04-28T14:36:37.144809Z,50.00,0.1900,0.8100,yes
806051be-3c3f-4480-b2c4-b29fc0afdac2,KXCANADAPM-45-C,2025-04-28T14:34:25.808046Z,30.00,0.1800,0.8200,no
865f4bc3-4c65-41d4-a55a-8aed5378d81c,KXCANADAPM-45-C,2025-04-28T14:26:25.959755Z,498.00,0.1900,0.8100,yes
2b582f2b-e1e7-4491-8656-4f9360124b78,KXCANADAPM-45-C,2025-04-28T14:21:33.260833Z,4.00,0.1900,0.8100,yes
2ac4d109-3e7d-45f8-8766-8923f136bd34,KXCANADAPM-45-C,2025-04-28T14:21:27.588546Z,5.00,0.1900,0.8100,yes
d13edb59-acae-43e0-bc91-8dd691573541,KXCANADAPM-45-C,2025-04-28T14:21:09.850201Z,249.00,0.1900,0.8100,yes
f3ef59fe-f2fa-4c4f-8820-3d679401a414,KXCANADAPM-45-C,2025-04-28T14:18:11.124622Z,49.00,0.1900,0.8100,yes
c10ce49c-4281-44cc-9859-87860ab39c06,KXCANADAPM-45-C,2025-04-28T14:18:06.399017Z,56.00,0.1900,0.8100,yes
5b7fa09b-ee9d-42ff-ad77-ea36bb2b1a1f,KXCANADAPM-45-C,2025-04-28T14:18:06.399017Z,188.00,0.1900,0.8100,yes
1d3360e3-6475-4237-ab2e-2a4cc33ee28c,KXCANADAPM-45-C,2025-04-28T14:16:00.944629Z,13.00,0.1900,0.8100,yes
33ea69d8-a663-4d1b-98a9-eae947dd8a1b,KXCANADAPM-45-C,2025-04-28T14:13:56.572147Z,49.00,0.1900,0.8100,yes
8dafea58-e888-456a-8055-7adff2102215,KXCANADAPM-45-C,2025-04-28T14:13:06.641451Z,1000.00,0.1800,0.8200,no
1c6b29b1-d95c-44af-814d-f319793c1073,KXCANADAPM-45-C,2025-04-28T14:10:05.491324Z,5.00,0.1900,0.8100,yes
5e478ebc-71ef-4122-81f5-6174c9c64fb8,KXCANADAPM-45-C,2025-04-28T14:08:47.801965Z,10000.00,0.1800,0.8200,no
06440bdd-faf4-4a60-8adc-b02ac232c0f8,KXCANADAPM-45-C,2025-04-28T14:08:15.653473Z,183.00,0.1900,0.8100,yes
eef86d7e-19b0-426f-9227-3490f41d40f7,KXCANADAPM-45-C,2025-04-28T14:07:02.213123Z,490.00,0.1900,0.8100,yes
c3eb8b56-1a7c-4eb1-ac7b-f27ad068f480,KXCANADAPM-45-C,2025-04-28T14:02:26.406222Z,5000.00,0.1800,0.8200,no
de66a6ec-cf76-41a8-946a-1ae022310635,KXCANADAPM-45-C,2025-04-28T13:57:23.752802Z,4135.00,0.1800,0.8200,no
44ccb619-bbc2-4d78-bace-87abafe6a3b9,KXCANADAPM-45-C,2025-04-28T13:56:59.379817Z,2000.00,0.1800,0.8200,no
3993535c-41aa-4082-967b-84bbb325e83d,KXCANADAPM-45-C,2025-04-28T13:55:50.262646Z,2000.00,0.1800,0.8200,no
39ace01e-df2d-4f20-a9f9-115a487d15f0,KXCANADAPM-45-C,2025-04-28T13:53:23.787505Z,249.00,0.1900,0.8100,yes
92e9c6a5-4a2d-4c3a-8dd1-74d3788c74d6,KXCANADAPM-45-C,2025-04-28T13:47:31.671806Z,24.00,0.1900,0.8100,yes
11d3162f-1362-4eae-b57c-78bb4f660571,KXCANADAPM-45-C,2025-04-28T13:43:06.011009Z,448.00,0.1900,0.8100,yes
95f4e347-b4dc-4b05-8b55-0380fb5fa17d,KXCANADAPM-45-C,2025-04-28T13:40:53.013092Z,99.00,0.1900,0.8100,yes
b19d1cfa-797e-4367-8af9-f62dcb113f2e,KXCANADAPM-45-C,2025-04-28T13:40:11.36966Z,224.00,0.1900,0.8100,yes
e6e6e60f-8bc9-49df-9b30-0fac4dcf1328,KXCANADAPM-45-C,2025-04-28T13:36:22.685276Z,5000.00,0.1900,0.8100,no
dab11a73-0fdb-40f8-973c-fb9924c47cb1,KXCANADAPM-45-C,2025-04-28T13:36:22.685276Z,19635.00,0.1900,0.8100,no
c789878b-f6c9-4435-baa6-4149280d83af,KXCANADAPM-45-C,2025-04-28T13:36:22.685276Z,25.00,0.1900,0.8100,no
5de9730a-3919-43a9-b0ac-d8fe7299d80e,KXCANADAPM-45-C,2025-04-28T13:36:22.685276Z,24547.00,0.1900,0.8100,no
1d81ca7b-4801-4b5a-8e6d-fef5e35c7b6a,KXCANADAPM-45-C,2025-04-28T13:36:22.685276Z,500.00,0.1900,0.8100,no
1c9f4d94-8109-4346-86cd-0c3101301ef9,KXCANADAPM-45-C,2025-04-28T13:36:22.685276Z,6500.00,0.1900,0.8100,no
27ef0cbf-668e-4bf7-b6a9-7aaffcfd8d6d,KXCANADAPM-45-C,2025-04-28T13:36:16.141464Z,4481.00,0.1900,0.8100,no
1e7f3ce1-6e95-4420-9106-4389fc104543,KXCANADAPM-45-C,2025-04-28T13:35:49.222629Z,175.00,0.1900,0.8100,no
99fb59ce-b467-4219-8f9c-348288203dec,KXCANADAPM-45-C,2025-04-28T13:35:41.766787Z,165.00,0.1900,0.8100,no
fe765d62-60af-416c-b5d8-9c3dfe4ea83b,KXCANADAPM-45-C,2025-04-28T13:33:22.827502Z,6.00,0.2000,0.8000,yes
71f2b225-42eb-4f10-92f4-205d347cf85e,KXCANADAPM-45-C,2025-04-28T13:33:12.74991Z,1934.00,0.1900,0.8100,no
ed2500da-2767-4d2e-aa8e-ca940c994c0e,KXCANADAPM-45-C,2025-04-28T13:33:03.085602Z,250.00,0.1900,0.8100,no
57d2d67a-ec78-48d9-92f2-136691f4e539,KXCANADAPM-45-C,2025-04-28T13:32:43.211278Z,75.00,0.1900,0.8100,no
8d2ce45c-e5a0-44ca-af36-7742b4e89970,KXCANADAPM-45-C,2025-04-28T13:32:25.633448Z,10.00,0.1900,0.8100,no
fa650933-3101-44e2-aafa-4101b043ceee,KXCANADAPM-45-C,2025-04-28T13:32:20.97945Z,945.00,0.1900,0.8100,no
0df5f1fe-6a4d-4aac-9ae9-b01d8b64d03e,KXCANADAPM-45-C,2025-04-28T13:31:38.057479Z,95.00,0.1900,0.8100,no
dc139ebf-6332-40ad-8b9c-cab7c6f6c579,KXCANADAPM-45-C,2025-04-28T13:31:22.757013Z,530.00,0.1900,0.8100,no
178d025c-3a66-4b84-b129-82475f989c54,KXCANADAPM-45-C,2025-04-28T13:31:16.427447Z,606.00,0.1900,0.8100,no
dda45ad7-5d7c-4409-8651-5d715ffe2e8d,KXCANADAPM-45-C,2025-04-28T13:31:11.468786Z,494.00,0.1900,0.8100,no
b53b96b7-5954-409d-85d6-3f61a36109b0,KXCANADAPM-45-C,2025-04-28T13:23:29.202188Z,24166.00,0.2000,0.8000,no
83dd86be-0e32-4ca4-8069-ecb8e61da4c3,KXCANADAPM-45-C,2025-04-28T13:23:29.202188Z,1111.00,0.2000,0.8000,no
778aaa32-fcd5-4eb2-a0d4-6b83405220fb,KXCANADAPM-45-C,2025-04-28T13:23:29.202188Z,400.00,0.2000,0.8000,no
5d4be335-07ef-44d0-9bf7-1f1e5c4fad69,KXCANADAPM-45-C,2025-04-28T13:23:29.202188Z,500.00,0.2000,0.8000,no
57229719-8ac2-433f-aca0-5827504dc2fb,KXCANADAPM-45-C,2025-04-28T13:23:29.202188Z,2896.00,0.2000,0.8000,no
1702a7ca-2c76-4ef1-8177-54e1b7348863,KXCANADAPM-45-C,2025-04-28T13:23:29.202188Z,15000.00,0.2000,0.8000,no
d3b8ce53-f32c-4726-bf3d-85a502608e9c,KXCANADAPM-45-C,2025-04-28T13:22:28.093534Z,104.00,0.2000,0.8000,no
40138c7d-2077-4eaa-8e46-1a7e075635fa,KXCANADAPM-45-C,2025-04-28T13:22:28.093534Z,107.00,0.2000,0.8000,no
96d31a8f-7d1b-416d-84b3-68dd63b222a4,KXCANADAPM-45-C,2025-04-28T13:20:27.683111Z,22.00,0.2100,0.7900,yes
80d8f7c1-5d1c-4a1c-8991-6a8a7716272a,KXCANADAPM-45-C,2025-04-28T13:15:40.443926Z,45.00,0.2100,0.7900,yes
72ff39a0-ae80-457a-82fa-37299c3d98b0,KXCANADAPM-45-C,2025-04-28T13:14:48.637601Z,1128.00,0.2100,0.7900,yes
cb6e62f9-d06e-4232-865c-2486ae07b81a,KXCANADAPM-45-C,2025-04-28T13:04:48.844131Z,6768.00,0.2100,0.7900,yes
77b5876c-d6f2-446b-9d5e-14f42f5dc0f8,KXCANADAPM-45-C,2025-04-28T13:03:06.16044Z,1353.00,0.2100,0.7900,yes
6f10b7a7-e9ef-464a-b0eb-c0d58480fded,KXCANADAPM-45-C,2025-04-28T13:00:15.289825Z,90.00,0.2100,0.7900,yes
c6c45d6c-524e-4f72-93fc-ebb67a95cffb,KXCANADAPM-45-C,2025-04-28T12:55:05.259592Z,50.00,0.2100,0.7900,yes
9de7f3ba-cd4d-43cf-999d-ab38a329d409,KXCANADAPM-45-C,2025-04-28T12:55:05.259592Z,401.00,0.2100,0.7900,yes
e61918bc-1b6e-4a8b-a93a-6aa921352795,KXCANADAPM-45-C,2025-04-28T12:52:18.7483Z,90.00,0.2100,0.7900,yes
454c4dbc-a7d8-46fe-8668-052f7cbfe590,KXCANADAPM-45-C,2025-04-28T12:51:29.383533Z,1000.00,0.2000,0.8000,no
0893dd77-3077-4a6f-b463-8cba190e240f,KXCANADAPM-45-C,2025-04-28T12:44:56.365665Z,10.00,0.2100,0.7900,yes
896aa6bc-3016-4cd9-8391-e0175b4e3cae,KXCANADAPM-45-C,2025-04-28T12:43:35.934968Z,8320.00,0.2100,0.7900,yes
172aa55b-9cf5-481d-8839-d5347797d7d4,KXCANADAPM-45-C,2025-04-28T12:43:35.934968Z,2735.00,0.2100,0.7900,yes
eb319a6e-8112-4f87-8076-9a15315614a3,KXCANADAPM-45-C,2025-04-28T12:42:25.538236Z,100.00,0.2100,0.7900,yes
e173ff63-f1eb-48a1-8f2b-f3285f997cea,KXCANADAPM-45-C,2025-04-28T12:42:25.538236Z,1680.00,0.2100,0.7900,yes
2e72104b-cfad-4a43-9454-112e273c171d,KXCANADAPM-45-C,2025-04-28T12:42:25.538236Z,431.00,0.2100,0.7900,yes
2a493f9d-1cde-40b5-a64f-adcee4351368,KXCANADAPM-45-C,2025-04-28T12:40:20.375499Z,884.00,0.2100,0.7900,yes
da46c10e-37b4-4fb4-8af2-101e2d704fae,KXCANADAPM-45-C,2025-04-28T12:39:36.553161Z,49.00,0.2100,0.7900,yes
f7bfb27a-c706-4d7a-a334-9a80dc9f9c4f,KXCANADAPM-45-C,2025-04-28T12:31:39.664746Z,1000.00,0.2100,0.7900,yes
b7dea8bd-33c0-4e47-a663-00b9989b9eaf,KXCANADAPM-45-C,2025-04-28T12:31:39.664746Z,570.00,0.2100,0.7900,yes
ae4cc00b-01f4-4d32-840a-d6d831a1871d,KXCANADAPM-45-C,2025-04-28T12:31:39.664746Z,1136.00,0.2100,0.7900,yes
7dd3813d-023b-411c-818a-49eaadcd9c4f,KXCANADAPM-45-C,2025-04-28T12:31:39.664746Z,6044.00,0.2100,0.7900,yes
29734f36-9017-45ec-9d23-985008e97283,KXCANADAPM-45-C,2025-04-28T12:30:48.742287Z,9.00,0.2100,0.7900,yes
014ef673-4475-47e7-9743-6b087f9aaafc,KXCANADAPM-45-C,2025-04-28T12:29:38.182243Z,7.00,0.2100,0.7900,yes
998c4222-8a14-44ac-8a98-9f5bfd17dbce,KXCANADAPM-45-C,2025-04-28T12:26:30.344583Z,45.00,0.2100,0.7900,yes
30a60877-edeb-42db-97e5-c88a9d7ccf31,KXCANADAPM-45-C,2025-04-28T12:24:13.746037Z,225.00,0.2100,0.7900,yes
121940d1-c7b9-4450-9ab7-b5c1aeac06e6,KXCANADAPM-45-C,2025-04-28T12:19:34.531402Z,3478.00,0.2000,0.8000,no
318c5239-aeba-4ea5-bc0b-00ee76d45320,KXCANADAPM-45-C,2025-04-28T12:11:23.423428Z,270.00,0.2100,0.7900,yes
991fc068-adbd-4eb1-b172-7d42705f2570,KXCANADAPM-45-C,2025-04-28T12:11:18.47715Z,22.00,0.2100,0.7900,yes
f3248024-fa15-4898-942f-04d1b8a26e11,KXCANADAPM-45-C,2025-04-28T12:10:26.952846Z,31.00,0.2100,0.7900,yes
124c4763-c41a-46f7-bc3f-570e4f011005,KXCANADAPM-45-C,2025-04-28T12:09:46.034731Z,225.00,0.2100,0.7900,yes
984d00f8-abc8-4366-bdaa-b3d2fa82af8a,KXCANADAPM-45-C,2025-04-28T12:05:01.593336Z,13.00,0.2100,0.7900,yes
caee08ba-b9a1-40bd-a8f8-c6eccd9f0e41,KXCANADAPM-45-C,2025-04-28T12:03:48.336542Z,85.00,0.2100,0.7900,yes
be810fb0-d366-464b-99ea-3ce903b440cf,KXCANADAPM-45-C,2025-04-28T12:02:49.7855Z,67.00,0.2100,0.7900,yes
62bf8f9c-4694-4676-b194-fcf2d0c2a3fc,KXCANADAPM-45-C,2025-04-28T12:02:05.956558Z,90.00,0.2100,0.7900,yes
e7dfafd4-6309-4886-b907-4016f152943c,KXCANADAPM-45-C,2025-04-28T06:59:54.292503Z,225.00,0.2100,0.7900,yes
fe071f33-5ebc-4393-8a29-ce4b1d689073,KXCANADAPM-45-C,2025-04-28T06:47:16.85754Z,94.00,0.2100,0.7900,yes
8aa512b2-3046-4ede-b7f1-5ceee5e76fb0,KXCANADAPM-45-C,2025-04-28T05:51:53.086251Z,100.00,0.2000,0.8000,no
8d3c2e44-dedb-43a1-bf22-a3c02f5575c3,KXCANADAPM-45-C,2025-04-28T05:50:08.571357Z,300.00,0.2000,0.8000,no
c4808b4c-3b19-4d32-97c2-b58d6ce05ab8,KXCANADAPM-45-C,2025-04-28T05:48:43.604029Z,446.00,0.2100,0.7900,yes
cb38b62e-aec3-46b5-b011-af8620abbb99,KXCANADAPM-45-C,2025-04-28T05:47:33.2083Z,2000.00,0.2000,0.8000,no
7ec2269e-ef78-4328-83a0-81253e2739b5,KXCANADAPM-45-C,2025-04-28T05:34:59.823102Z,444.00,0.2100,0.7900,yes
99d6b730-df7b-4669-96bc-49aa777f0405,KXCANADAPM-45-C,2025-04-28T05:32:09.573024Z,521.00,0.2100,0.7900,yes
b97f6b01-30de-4f68-8131-29b1ef9a0795,KXCANADAPM-45-C,2025-04-28T05:23:54.69657Z,63.00,0.2100,0.7900,yes
7a0bf622-f636-4f20-9753-39470b02d7b1,KXCANADAPM-45-C,2025-04-28T05:06:13.571811Z,42.00,0.2100,0.7900,yes
3abdd63d-83e4-4020-ae17-75027a6960b2,KXCANADAPM-45-C,2025-04-28T04:58:46.465412Z,451.00,0.2100,0.7900,yes
cf348e6f-6a7a-495e-b860-c27d52a78277,KXCANADAPM-45-C,2025-04-28T04:55:11.404504Z,15.00,0.2000,0.8000,no
0a52c83c-7f4c-4ce4-8b72-183b51c00ef6,KXCANADAPM-45-C,2025-04-28T04:55:11.404504Z,25.00,0.2000,0.8000,no
b6c99c9d-c217-4dad-a81d-0acb485c369d,KXCANADAPM-45-C,2025-04-28T04:53:59.795311Z,45.00,0.2100,0.7900,yes
51eec03d-da04-4570-8852-4ce3311e7833,KXCANADAPM-45-C,2025-04-28T04:24:37.557538Z,75.00,0.2000,0.8000,no
a3459ef8-a160-47be-9480-f0675b4a468e,KXCANADAPM-45-C,2025-04-28T04:23:28.701766Z,94.00,0.2100,0.7900,yes
65bfa4c0-a23b-49cf-809c-884500c5e026,KXCANADAPM-45-C,2025-04-28T04:22:06.486205Z,442.00,0.2100,0.7900,yes
7dec96a9-9a4e-42a8-abee-f7f78c975b27,KXCANADAPM-45-C,2025-04-28T03:51:47.54512Z,1343.00,0.2000,0.8000,no
2627cac3-9978-4553-8802-c3fb2bcb6cf5,KXCANADAPM-45-C,2025-04-28T03:51:47.54512Z,100.00,0.2000,0.8000,no
0d3105af-27bc-4ca0-9262-7f517d9e87b4,KXCANADAPM-45-C,2025-04-28T03:51:47.54512Z,1000.00,0.2000,0.8000,no
f42dae1c-f433-4ab1-ba69-9609b7cac9cc,KXCANADAPM-45-C,2025-04-28T03:41:33.335068Z,2000.00,0.2100,0.7900,yes
a2357bd3-0cb2-41d0-b443-153e71529273,KXCANADAPM-45-C,2025-04-28T03:41:33.335068Z,14.00,0.2100,0.7900,yes
0c72a10a-a470-4f9e-99ce-f531ae5380d8,KXCANADAPM-45-C,2025-04-28T03:41:33.335068Z,2498.00,0.2100,0.7900,yes
5cca176e-4bd9-4d87-80e7-84b735a93e25,KXCANADAPM-45-C,2025-04-28T03:39:32.528664Z,90.00,0.2100,0.7900,yes
94f8eaab-c182-4cd3-942c-99ac771f4af1,KXCANADAPM-45-C,2025-04-28T03:37:08.344964Z,74.00,0.2000,0.8000,yes
645d794b-f031-40e0-a5f4-8419f94a3491,KXCANADAPM-45-C,2025-04-28T03:37:07.762115Z,74.00,0.2000,0.8000,no
e674c251-5e0d-4357-a280-31bd2264bb73,KXCANADAPM-45-C,2025-04-28T03:36:56.482693Z,26.00,0.2000,0.8000,no
67a01f65-adfc-465d-aa97-53e5dbacfe2c,KXCANADAPM-45-C,2025-04-28T03:36:56.482693Z,268.00,0.2000,0.8000,no
cc4c239c-b543-4674-914a-9cb57545153f,KXCANADAPM-45-C,2025-04-28T03:36:53.644277Z,67.00,0.2100,0.7900,yes
c07b6be7-a21a-409c-b2aa-7dd58d1fa8e6,KXCANADAPM-45-C,2025-04-28T03:36:53.51948Z,777.00,0.2100,0.7900,yes
6b752da7-78a4-48d6-81f6-bf85e6996340,KXCANADAPM-45-C,2025-04-28T03:36:53.51948Z,129.00,0.2100,0.7900,yes
c3cfd18e-9dc6-4281-8c5e-a63afb0b6b4b,KXCANADAPM-45-C,2025-04-28T03:35:39.799865Z,1650.00,0.2000,0.8000,yes
574b9717-f902-41df-a83e-8edfc589b952,KXCANADAPM-45-C,2025-04-28T03:35:01.842793Z,355.00,0.2000,0.8000,yes
0439a68e-8612-4615-bba4-50e33a0b7caa,KXCANADAPM-45-C,2025-04-28T03:33:59.364273Z,118.00,0.2000,0.8000,yes
ff17f658-42f4-4946-8ea5-dc2857912f8e,KXCANADAPM-45-C,2025-04-28T03:33:42.771783Z,100.00,0.2000,0.8000,yes
316b4a7a-ee32-41a5-81ac-2fafa22a8116,KXCANADAPM-45-C,2025-04-28T03:33:38.320387Z,236.00,0.2000,0.8000,yes
879f3cca-8bc8-44b1-bbfc-3ab660014d11,KXCANADAPM-45-C,2025-04-28T03:32:54.333297Z,159.00,0.2000,0.8000,yes
2248f00e-961e-41cb-b1b9-3e54f3669f6f,KXCANADAPM-45-C,2025-04-28T03:32:54.333297Z,268.00,0.2000,0.8000,yes
b19a6d6d-65bb-4f0a-b6dd-5906bf56bc19,KXCANADAPM-45-C,2025-04-28T03:32:10.800348Z,269.00,0.2000,0.8000,no
f425ac8a-5424-43d7-8980-ca1a2645133c,KXCANADAPM-45-C,2025-04-28T03:32:05.40499Z,270.00,0.2000,0.8000,yes
350c3eaf-e27e-4b07-8afd-5ac43a76e390,KXCANADAPM-45-C,2025-04-28T03:32:05.40499Z,1263.00,0.2000,0.8000,yes
c674e37e-1ae7-496c-8093-86912c70c4ba,KXCANADAPM-45-C,2025-04-28T03:31:39.520916Z,270.00,0.2000,0.8000,no
6335773c-04eb-4655-8ba5-0c1df9c42459,KXCANADAPM-45-C,2025-04-28T03:31:34.868478Z,266.00,0.2000,0.8000,yes
35151428-05d5-400e-92a7-4e3348a8d4c9,KXCANADAPM-45-C,2025-04-28T03:31:34.868478Z,1.00,0.2000,0.8000,yes
3260fc04-82fe-4ca2-b761-f568bd111a9a,KXCANADAPM-45-C,2025-04-28T03:31:34.868478Z,779.00,0.2000,0.8000,yes
0dc3e53a-b0e9-438f-badf-446494f45469,KXCANADAPM-45-C,2025-04-28T03:31:34.868478Z,151.00,0.2000,0.8000,yes
8045321c-c2b1-45e2-966f-12809cef61f6,KXCANADAPM-45-C,2025-04-28T03:31:26.359568Z,218.00,0.2000,0.8000,yes
abad8e6a-b211-48f6-ac93-7adfa88d29ec,KXCANADAPM-45-C,2025-04-28T03:30:13.38416Z,26.00,0.2000,0.8000,yes
6fe5fe90-aa9b-4af9-a953-3de8ade9404a,KXCANADAPM-45-C,2025-04-28T03:29:44.347511Z,258.00,0.2000,0.8000,yes
451585d5-7098-477d-a2c0-03bbd071b40a,KXCANADAPM-45-C,2025-04-28T03:29:03.979268Z,470.00,0.2000,0.8000,yes
7f6db1f7-9850-4576-a040-028cde00f69c,KXCANADAPM-45-C,2025-04-28T03:27:52.850128Z,329.00,0.2000,0.8000,yes
700b1008-11a9-4f51-a8fd-b9c7583c000a,KXCANADAPM-45-C,2025-04-28T03:27:52.850128Z,152.00,0.2000,0.8000,yes
606040d5-7971-4367-b22b-6125dbd55742,KXCANADAPM-45-C,2025-04-28T03:27:52.850128Z,3.00,0.2000,0.8000,yes
3f7a300b-a7df-479a-956c-6fda8a83ba44,KXCANADAPM-45-C,2025-04-28T03:27:52.850128Z,300.00,0.2000,0.8000,yes
47ecfc14-7a33-4c66-83a8-ccee00ff4d0d,KXCANADAPM-45-C,2025-04-28T03:27:44.498171Z,500.00,0.2000,0.8000,yes
80bb74a1-d781-4755-b5dd-5ff8646096e5,KXCANADAPM-45-C,2025-04-28T03:27:31.4475Z,1017.00,0.2000,0.8000,yes
75e6e436-1b4d-4ab5-a8cc-71ccae36a67f,KXCANADAPM-45-C,2025-04-28T03:25:18.246859Z,2181.00,0.2000,0.8000,yes
e09f45c8-cc84-43a3-9f71-0fe04e8cb659,KXCANADAPM-45-C,2025-04-28T03:23:26.46383Z,297.00,0.2000,0.8000,yes
fac0239e-dc02-4b2e-8093-bae8903203ad,KXCANADAPM-45-C,2025-04-28T03:23:09.293197Z,100.00,0.2000,0.8000,yes
76869148-9199-48b3-b79d-5871f8606d07,KXCANADAPM-45-C,2025-04-28T03:22:35.65669Z,112.00,0.2000,0.8000,yes
491bb4cc-32c7-423f-ab14-2592c86b0b83,KXCANADAPM-45-C,2025-04-28T03:22:33.211361Z,262.00,0.1900,0.8100,no
76334b1c-cae4-4d2e-8a98-6828c31625b2,KXCANADAPM-45-C,2025-04-28T03:22:04.493939Z,4.00,0.2000,0.8000,yes
b180cd51-9d16-4b19-bbd1-5df4f2e330c8,KXCANADAPM-45-C,2025-04-28T03:21:26.264248Z,327.00,0.2000,0.8000,yes
6bdbb27d-ebc3-4a90-92cd-1d684ed9f010,KXCANADAPM-45-C,2025-04-28T03:21:05.885686Z,1353.00,0.2000,0.8000,yes
e2e2b395-1131-4297-88c7-5b4e9e4294f8,KXCANADAPM-45-C,2025-04-28T03:20:50.846224Z,100.00,0.2000,0.8000,yes
20df28b9-978b-4b6c-98ce-233f3357475c,KXCANADAPM-45-C,2025-04-28T03:17:03.374246Z,781.00,0.2000,0.8000,yes
669688a1-f803-43a1-9f73-403ec313a88f,KXCANADAPM-45-C,2025-04-28T03:16:13.252876Z,554.00,0.2000,0.8000,yes
3dbf1f4c-2d22-48c1-a4c8-7b4e7a81e8ac,KXCANADAPM-45-C,2025-04-28T03:16:10.745474Z,1345.00,0.2000,0.8000,yes
0f528853-f70c-4465-ab6f-67a29efe6ff5,KXCANADAPM-45-C,2025-04-28T03:16:10.745474Z,2442.00,0.2000,0.8000,yes
c4c23a74-0afd-4ab8-9e3e-55be9092d77f,KXCANADAPM-45-C,2025-04-28T03:15:46.124938Z,492.00,0.2000,0.8000,yes
f1b2501b-7102-4972-a706-8640e19d3499,KXCANADAPM-45-C,2025-04-28T03:13:53.268074Z,192.00,0.2000,0.8000,yes
e1c025c6-525b-49b3-b6a7-9658b2d06bd3,KXCANADAPM-45-C,2025-04-28T03:13:53.268074Z,200.00,0.2000,0.8000,yes
dbe1e684-0972-4f0a-b36b-1842afde48cf,KXCANADAPM-45-C,2025-04-28T03:13:53.268074Z,100.00,0.2000,0.8000,yes
771e2dce-7bb2-4d45-8e49-6a5295c803d7,KXCANADAPM-45-C,2025-04-28T03:13:53.268074Z,100.00,0.2000,0.8000,yes
3f94fe06-22c9-41fe-955c-202305980a02,KXCANADAPM-45-C,2025-04-28T03:13:53.268074Z,100.00,0.2000,0.8000,yes
3ad92447-7c98-461e-a914-8b8a42a130e8,KXCANADAPM-45-C,2025-04-28T03:13:53.268074Z,66.00,0.2000,0.8000,yes
028c4bc3-9597-47d9-9f88-d2219de421a8,KXCANADAPM-45-C,2025-04-28T03:13:53.268074Z,21.00,0.2000,0.8000,yes
6fdbad71-ba2a-4cfd-ae02-8ca4487ca9cd,KXCANADAPM-45-C,2025-04-28T03:08:09.209957Z,467.00,0.2000,0.8000,yes
0d5d7acc-b33d-46d3-a049-7c4b2eedb42a,KXCANADAPM-45-C,2025-04-28T03:07:59.77351Z,1654.00,0.2000,0.8000,yes
e606cebd-14cb-4cd9-baf1-8ac5bc621ed0,KXCANADAPM-45-C,2025-04-28T03:07:42.826458Z,119.00,0.2000,0.8000,yes
6abf6f78-4aaf-4b5c-bc99-388ae7f3f70a,KXCANADAPM-45-C,2025-04-28T02:55:16.617004Z,1200.00,0.1900,0.8100,no
7a8b12a6-70d6-404e-a2a2-c424cf362df4,KXCANADAPM-45-C,2025-04-28T02:41:49.585105Z,404.00,0.2000,0.8000,yes
4b853b6c-88b9-426d-ae54-abb40e4de5c5,KXCANADAPM-45-C,2025-04-28T02:41:49.585105Z,1.00,0.2000,0.8000,yes
389b188f-aa7c-4849-8ed5-69fbe5d5741a,KXCANADAPM-45-C,2025-04-28T02:41:49.585105Z,68.00,0.2000,0.8000,yes
ab64e139-f4fd-4352-b055-24a3c6cbc9d6,KXCANADAPM-45-C,2025-04-28T02:38:50.370573Z,500.00,0.2000,0.8000,yes
aef01094-886d-49db-b381-c064685330ef,KXCANADAPM-45-C,2025-04-28T02:35:47.456672Z,23.00,0.2000,0.8000,yes
3dc69e9e-021e-4e6e-9c46-92b787009e3f,KXCANADAPM-45-C,2025-04-28T02:34:13.742469Z,225.00,0.1900,0.8100,no
2b9f56f2-0864-431e-80cb-0c43891626b3,KXCANADAPM-45-C,2025-04-28T02:27:50.444869Z,1705.00,0.2000,0.8000,yes
efc7dbcd-8d9a-48ba-b6a1-0f43e381f003,KXCANADAPM-45-C,2025-04-28T02:27:43.81835Z,118.00,0.2000,0.8000,yes
719e945d-3159-4a6e-9cb2-6f8809ccdfb9,KXCANADAPM-45-C,2025-04-28T02:24:52.766439Z,118.00,0.2000,0.8000,yes
e176dddc-88f5-4dc7-892a-e9b6708cb3f4,KXCANADAPM-45-C,2025-04-28T02:22:04.145405Z,83.00,0.2000,0.8000,yes
05e5b94c-c1fe-40d3-b412-d9b54d0ddd90,KXCANADAPM-45-C,2025-04-28T02:21:22.418706Z,4.00,0.2000,0.8000,yes
c449264f-2991-434d-b47d-30dac0088833,KXCANADAPM-45-C,2025-04-28T02:17:31.307003Z,37.00,0.1900,0.8100,no
3486268c-6845-4e31-acd8-c167e1be5004,KXCANADAPM-45-C,2025-04-28T02:15:18.166494Z,617.00,0.2000,0.8000,yes
efa63c4f-86d9-48fa-9eff-98dd1b3681d1,KXCANADAPM-45-C,2025-04-28T02:09:03.875537Z,518.00,0.2000,0.8000,yes
cf184ab6-ba10-4b5c-8f63-6db61902a449,KXCANADAPM-45-C,2025-04-28T02:09:03.875537Z,428.00,0.2000,0.8000,yes
8510aff6-1c85-438e-811a-7aeac219ce4d,KXCANADAPM-45-C,2025-04-28T02:08:52.230719Z,236.00,0.2000,0.8000,yes
986ff9ea-6c52-4a38-82e6-e94b46a93a2e,KXCANADAPM-45-C,2025-04-28T02:03:43.363783Z,16.00,0.1900,0.8100,no
ef2ab55b-d649-4b02-bcd2-da969d1abaa1,KXCANADAPM-45-C,2025-04-28T02:03:22.033914Z,116.00,0.2000,0.8000,yes
e2564f2e-f2f7-4645-b93a-ab424621e782,KXCANADAPM-45-C,2025-04-28T02:03:22.033914Z,357.00,0.2000,0.8000,yes
c07c1a27-101c-427c-bef0-c5bdcc73fd98,KXCANADAPM-45-C,2025-04-28T02:01:38.619355Z,50.00,0.2000,0.8000,yes
ae1eb084-435e-46c1-95d8-867275fa5f9d,KXCANADAPM-45-C,2025-04-28T02:01:38.619355Z,34.00,0.2000,0.8000,yes
78b4c3e5-ae2c-4d65-b189-bd045504fbac,KXCANADAPM-45-C,2025-04-28T02:01:38.619355Z,16.00,0.2000,0.8000,yes
04a7ef82-eaf1-44eb-a2c6-9b42b05435b7,KXCANADAPM-45-C,2025-04-28T01:59:09.508056Z,1000.00,0.1900,0.8100,no
fca591d0-bc4c-4ec1-8cfa-a68aa8ffe7b3,KXCANADAPM-45-C,2025-04-28T01:59:09.17898Z,8.00,0.2000,0.8000,yes
1c8ba07e-73fd-4877-b8a7-2d1ebeb21756,KXCANADAPM-45-C,2025-04-28T01:58:26.045738Z,10.00,0.2000,0.8000,yes
10018241-8db8-44c6-8df5-a453c3179240,KXCANADAPM-45-C,2025-04-28T01:58:26.045738Z,13.00,0.2000,0.8000,yes
6d9ccb5b-f8cc-4506-8fa3-c51002135211,KXCANADAPM-45-C,2025-04-28T01:57:40.068585Z,50.00,0.2000,0.8000,yes
c883f2cc-5bd6-4391-8f68-ad0577a6f640,KXCANADAPM-45-C,2025-04-28T01:54:04.011319Z,4.00,0.2000,0.8000,yes
8e6870e3-e2f3-47db-85f6-690017147922,KXCANADAPM-45-C,2025-04-28T01:53:29.024031Z,23.00,0.2000,0.8000,yes
66d131d2-04cc-4baf-b7f3-fbe0b9f1f08e,KXCANADAPM-45-C,2025-04-28T01:51:28.422017Z,1682.00,0.1900,0.8100,no
feeabd4d-29e4-475d-a449-6baa82c29615,KXCANADAPM-45-C,2025-04-28T01:50:33.428322Z,92.00,0.1900,0.8100,no
7d0916a2-79b0-422c-820d-c98481a79940,KXCANADAPM-45-C,2025-04-28T01:47:33.374779Z,232.00,0.2000,0.8000,yes
eb574c18-a112-4f48-a689-0c74adff4b9e,KXCANADAPM-45-C,2025-04-28T01:38:43.219273Z,49.00,0.2000,0.8000,yes
7f457b89-a3ab-4c25-b5a0-c1973ec99350,KXCANADAPM-45-C,2025-04-28T01:25:29.364256Z,27.00,0.2000,0.8000,yes
c1a1bc41-3a16-44a1-ac0b-d0dbe7107f33,KXCANADAPM-45-C,2025-04-28T01:19:11.325594Z,222.00,0.2000,0.8000,yes
a4d86e9f-7ff4-49c6-b172-a393c295d1a2,KXCANADAPM-45-C,2025-04-28T01:19:11.325594Z,602.00,0.2000,0.8000,yes
4bbc2c8a-a998-4d77-822e-63516357cb58,KXCANADAPM-45-C,2025-04-28T01:19:11.325594Z,1542.00,0.2000,0.8000,yes
3c161f1c-409c-4607-b91a-9b691a51853a,KXCANADAPM-45-C,2025-04-28T01:12:24.233499Z,47.00,0.2000,0.8000,yes
76dfe7ff-0095-4a2e-a372-d05552f443cd,KXCANADAPM-45-C,2025-04-28T01:08:34.888758Z,1003.00,0.1900,0.8100,no
a492abdc-1f00-4548-8369-32e52a968f6a,KXCANADAPM-45-C,2025-04-28T01:08:31.95878Z,634.00,0.2000,0.8000,yes
03d8bdd2-ecf5-40d2-a98a-627fe51a549d,KXCANADAPM-45-C,2025-04-28T01:04:09.27705Z,1003.00,0.2000,0.8000,yes
b6031707-79e3-469b-a0ec-a8b3163ddaed,KXCANADAPM-45-C,2025-04-28T01:02:41.995375Z,228.00,0.2000,0.8000,yes
57d5f481-b861-48cf-8337-7203aec8a80b,KXCANADAPM-45-C,2025-04-28T00:51:05.872504Z,93.00,0.2000,0.8000,yes
d6ea6274-734d-4812-8643-407f49ecb591,KXCANADAPM-45-C,2025-04-28T00:50:37.451291Z,2500.00,0.1900,0.8100,no
c6d7c5a9-1953-437f-b2d1-9abfae5ac982,KXCANADAPM-45-C,2025-04-28T00:47:54.565839Z,400.00,0.1900,0.8100,no
1e33853d-ead3-4b2e-a957-f5576a9f89b1,KXCANADAPM-45-C,2025-04-28T00:45:57.726208Z,5.00,0.1900,0.8100,no
2514903b-ce82-4f28-9cc0-f8998ea13455,KXCANADAPM-45-C,2025-04-28T00:33:03.251944Z,12183.00,0.1900,0.8100,no
c446487c-af00-401f-bc91-c2aa97384b11,KXCANADAPM-45-C,2025-04-28T00:17:28.092955Z,47.00,0.2000,0.8000,yes
fcf05b7b-87e0-44d2-92a4-4ca58ca3d744,KXCANADAPM-45-C,2025-04-28T00:09:03.093379Z,1000.00,0.1900,0.8100,yes
da927c07-7acc-4542-afb4-f1537988993e,KXCANADAPM-45-C,2025-04-28T00:09:03.093379Z,13508.00,0.1900,0.8100,yes
7ce2e403-b8ee-4d4b-96b4-76bfc61eba0a,KXCANADAPM-45-C,2025-04-28T00:09:03.093379Z,100.00,0.1900,0.8100,yes
34c51568-541f-47df-a2af-b86b715d9da6,KXCANADAPM-45-C,2025-04-28T00:09:03.093379Z,23844.00,0.1900,0.8100,yes
2a0a5a38-7d14-4606-aee0-97e22791ba54,KXCANADAPM-45-C,2025-04-28T00:09:03.093379Z,2500.00,0.1900,0.8100,yes
052fb716-2887-43bf-8f37-860f22284286,KXCANADAPM-45-C,2025-04-28T00:09:03.093379Z,11655.00,0.1900,0.8100,yes
b7a1b1a8-c54e-4491-adef-aebca05d2397,KXCANADAPM-45-C,2025-04-28T00:06:43.978367Z,250.00,0.1900,0.8100,yes
7ea5e236-6595-417e-862e-8daa4b180842,KXCANADAPM-45-C,2025-04-28T00:04:02.652584Z,50.00,0.1900,0.8100,yes
d9e418a2-7816-432c-a365-3f93512eeb75,KXCANADAPM-45-C,2025-04-27T23:24:07.789998Z,493.00,0.1900,0.8100,yes
5c129dc4-e973-422c-a647-14fedf6f31dc,KXCANADAPM-45-C,2025-04-27T23:19:22.964746Z,5143.00,0.1900,0.8100,yes
cacc47ec-99c4-438a-af07-a96a5d85cac6,KXCANADAPM-45-C,2025-04-27T22:50:08.166257Z,3514.00,0.1900,0.8100,yes
99098f75-a557-4d21-b8be-8fd64a25ebb1,KXCANADAPM-45-C,2025-04-27T22:46:15.11095Z,99.00,0.1900,0.8100,yes
e845449f-4fd2-4bdf-bc18-e7430c163631,KXCANADAPM-45-C,2025-04-27T22:44:16.915282Z,757.00,0.1900,0.8100,yes
c3e43fc3-2036-4d94-bada-ead92e42fe32,KXCANADAPM-45-C,2025-04-27T22:43:24.943923Z,122.00,0.1900,0.8100,yes
9bc21ffb-3c85-4736-aa7b-303c53ad4e99,KXCANADAPM-45-C,2025-04-27T22:43:17.497633Z,29.00,0.1900,0.8100,yes
fcee62b4-3795-4a83-b1c4-aafad9dc6e0f,KXCANADAPM-45-C,2025-04-27T22:37:08.118436Z,24.00,0.1900,0.8100,yes
0a128edc-759d-49f0-a682-ed1f467a3e84,KXCANADAPM-45-C,2025-04-27T22:36:52.490906Z,502.00,0.1900,0.8100,yes
8b46c516-9e5f-4537-bfc9-1938d02e1e92,KXCANADAPM-45-C,2025-04-27T22:36:37.128186Z,465.00,0.1900,0.8100,yes
540e0b2f-e087-4d63-acfa-7a6e7b356268,KXCANADAPM-45-C,2025-04-27T22:36:21.693499Z,56.00,0.1900,0.8100,yes
36178a24-a02e-4c8c-b29e-0f5e9eaba527,KXCANADAPM-45-C,2025-04-27T22:36:21.693499Z,44.00,0.1900,0.8100,yes
a6d98d35-94e6-4508-a08a-fa77c2ab552e,KXCANADAPM-45-C,2025-04-27T22:35:57.640728Z,100.00,0.1900,0.8100,yes
89594b2e-792f-49cd-9982-aee94811cdd2,KXCANADAPM-45-C,2025-04-27T22:35:42.567983Z,129.00,0.1900,0.8100,yes
2664d3c2-fd0f-4e91-a7bb-83f11666253f,KXCANADAPM-45-C,2025-04-27T22:35:19.767927Z,464.00,0.1900,0.8100,yes
1877b870-93e0-48d7-9398-1fcb9168ae08,KXCANADAPM-45-C,2025-04-27T22:35:04.619269Z,100.00,0.1900,0.8100,yes
37621f54-9e92-4993-8450-7dd777c1ea4e,KXCANADAPM-45-C,2025-04-27T22:34:32.798877Z,100.00,0.1900,0.8100,yes
6dcc5ceb-89db-4a11-b289-2663f59c9142,KXCANADAPM-45-C,2025-04-27T22:30:58.083969Z,50.00,0.1900,0.8100,yes
188288c7-cab4-405f-abed-9c6cd54be474,KXCANADAPM-45-C,2025-04-27T22:28:59.811347Z,2151.00,0.1800,0.8200,no
50f00d34-8832-4d5c-9ae0-63c51ac99100,KXCANADAPM-45-C,2025-04-27T22:24:11.925722Z,489.00,0.1900,0.8100,yes
84939bf3-7dcb-4b0a-bc6e-181f19e28ddb,KXCANADAPM-45-C,2025-04-27T22:23:56.169277Z,500.00,0.1900,0.8100,yes
bf6a8d09-6656-4344-b8a3-670c94a4abf7,KXCANADAPM-45-C,2025-04-27T22:21:25.698564Z,512.00,0.1900,0.8100,yes
add9c61b-6213-40c0-b0d2-60672316c350,KXCANADAPM-45-C,2025-04-27T21:59:57.625173Z,747.00,0.1900,0.8100,yes
37e66fab-a9ea-433e-980c-917f2d4dbb40,KXCANADAPM-45-C,2025-04-27T21:43:20.720756Z,9.00,0.1900,0.8100,yes
8c3f1ba8-11d9-4b0e-86c6-9c559889c99d,KXCANADAPM-45-C,2025-04-27T21:43:01.649856Z,747.00,0.1900,0.8100,yes
35d3d8ff-b54e-4325-904c-8d233e02bebd,KXCANADAPM-45-C,2025-04-27T21:23:31.355658Z,498.00,0.1900,0.8100,yes
1cb2c85e-8ca6-49bc-9a0c-8a333cc73f94,KXCANADAPM-45-C,2025-04-27T21:02:07.957487Z,99.00,0.1900,0.8100,yes
f39c1456-b2a0-44b5-b6c9-d8c9c9009b73,KXCANADAPM-45-C,2025-04-27T20:48:55.261703Z,5000.00,0.1900,0.8100,yes
5030f976-fc6d-4531-ba42-502da320872d,KXCANADAPM-45-C,2025-04-27T20:42:42.745689Z,498.00,0.1900,0.8100,yes
e9f5c110-622e-4d73-b183-6e89c89850fd,KXCANADAPM-45-C,2025-04-27T20:40:42.319772Z,266.00,0.1800,0.8200,no
52c2169d-6be5-4483-916a-34e95c734c49,KXCANADAPM-45-C,2025-04-27T20:37:05.594831Z,1.00,0.1800,0.8200,no
9620bb46-72c6-4a94-a50f-f5686f23c415,KXCANADAPM-45-C,2025-04-27T20:28:39.415361Z,48.00,0.1900,0.8100,yes
82e8a0d9-c328-47d9-af01-a6bb9e73deb8,KXCANADAPM-45-C,2025-04-27T20:25:59.784142Z,24.00,0.1800,0.8200,no
ecb003c1-ede4-4cba-8cad-0d31c6d63073,KXCANADAPM-45-C,2025-04-27T20:20:26.519189Z,96.00,0.1800,0.8200,no
80db4e56-020b-4c20-b27c-dac62509a377,KXCANADAPM-45-C,2025-04-27T20:10:05.626381Z,33.00,0.1900,0.8100,yes
a661aa61-91c1-4d70-b92f-6a4d74613fb2,KXCANADAPM-45-C,2025-04-27T19:47:10.049413Z,300.00,0.1900,0.8100,yes
09ff0b4f-09c5-4ba7-9497-582b8afdbe7d,KXCANADAPM-45-C,2025-04-27T19:45:36.461093Z,33.00,0.1800,0.8200,no
8303cc5a-57b4-4cb7-9010-50d38f60b177,KXCANADAPM-45-C,2025-04-27T19:38:23.104014Z,99.00,0.1900,0.8100,yes
90e435ff-b22a-44e0-9671-712366812901,KXCANADAPM-45-C,2025-04-27T19:28:44.200126Z,150.00,0.1900,0.8100,yes
4b9c18a3-2f98-4ed4-9944-170745cb5226,KXCANADAPM-45-C,2025-04-27T19:28:43.009099Z,9.00,0.1900,0.8100,yes
dc6366d2-4416-45fd-af08-5a710facfd47,KXCANADAPM-45-C,2025-04-27T19:18:34.322755Z,99.00,0.1900,0.8100,yes
9361ea05-e7dc-4ea1-97ee-99d31a8e1ae4,KXCANADAPM-45-C,2025-04-27T19:11:08.537291Z,1.00,0.1900,0.8100,yes
e51c1e84-6a83-4148-8688-74c7e8697cd7,KXCANADAPM-45-C,2025-04-27T19:07:45.356147Z,2.00,0.1900,0.8100,yes
22aeb3d5-0778-4b1c-9b42-45b4e2dbdfff,KXCANADAPM-45-C,2025-04-27T19:06:41.827995Z,8000.00,0.1900,0.8100,yes
198f4d2d-2449-4f8b-b787-6f1d9c098e8c,KXCANADAPM-45-C,2025-04-27T19:05:45.044209Z,52.00,0.1900,0.8100,yes
bc7618ad-2c85-46fc-9c08-23c417085964,KXCANADAPM-45-C,2025-04-27T18:58:37.145994Z,49.00,0.1900,0.8100,yes
f223b3d1-20be-4627-b871-95c33ebf5a0d,KXCANADAPM-45-C,2025-04-27T18:55:01.508416Z,249.00,0.1900,0.8100,yes
85f79b81-35a6-48d9-a6e0-57475499ac8d,KXCANADAPM-45-C,2025-04-27T18:53:57.872168Z,99.00,0.1900,0.8100,yes
06748d34-72b3-4a60-84c2-a0d2eca17ce9,KXCANADAPM-45-C,2025-04-27T18:45:46.058864Z,30.00,0.1800,0.8200,no
cdfea6e6-ec60-4b40-9ed8-b45b3a43b720,KXCANADAPM-45-C,2025-04-27T18:45:36.881419Z,30.00,0.1800,0.8200,no
94fb5115-7a82-4b0a-855f-c2f8b9d086e7,KXCANADAPM-45-C,2025-04-27T18:44:55.270834Z,200.00,0.1800,0.8200,no
08b9c0f7-0022-4e1b-9eaa-f5b8b9440eec,KXCANADAPM-45-C,2025-04-27T18:44:55.270834Z,100.00,0.1800,0.8200,no
539a377e-584f-4925-8fdb-8c4f4758aba0,KXCANADAPM-45-C,2025-04-27T18:37:49.592053Z,166.00,0.1800,0.8200,no
cf795d78-6917-4b3b-8560-5f888dd96cf7,KXCANADAPM-45-C,2025-04-27T18:37:43.565723Z,1.00,0.1800,0.8200,yes
ce46e0ab-016d-4836-90b4-7f3c2bb98f31,KXCANADAPM-45-C,2025-04-27T18:37:43.565723Z,100.00,0.1800,0.8200,yes
5f062c43-5cf8-4459-a53f-67741f46ccbd,KXCANADAPM-45-C,2025-04-27T18:37:43.565723Z,316.00,0.1800,0.8200,yes
40aaf975-d9ac-44bf-902e-9041d35fe4a5,KXCANADAPM-45-C,2025-04-27T18:37:43.565723Z,97.00,0.1800,0.8200,yes
51799dfa-efdf-4fe8-af0a-9bffb42814a7,KXCANADAPM-45-C,2025-04-27T18:36:04.060653Z,249.00,0.1900,0.8100,yes
c631218e-e19c-4291-906b-79f89464ba48,KXCANADAPM-45-C,2025-04-27T18:35:04.601679Z,41.00,0.1800,0.8200,yes
6fc13550-4936-4f1b-934c-99a5e6722337,KXCANADAPM-45-C,2025-04-27T18:34:54.804458Z,875.00,0.1800,0.8200,yes
13e40875-dcb5-48c3-b97e-1a8ba99aa97b,KXCANADAPM-45-C,2025-04-27T18:29:29.820536Z,705.00,0.1800,0.8200,yes
008f7ef7-3916-4284-9d3a-b1c40b3dcb18,KXCANADAPM-45-C,2025-04-27T18:29:12.68848Z,100.00,0.1800,0.8200,yes
bbf6986f-09e6-49af-a83e-6ba79cb81a71,KXCANADAPM-45-C,2025-04-27T18:21:54.183396Z,1.00,0.1800,0.8200,yes
04f8b0a1-42b4-421e-a36a-775e8dafa1fc,KXCANADAPM-45-C,2025-04-27T18:21:53.087014Z,5000.00,0.1800,0.8200,yes
811656b3-614e-41da-b196-9008a63b054e,KXCANADAPM-45-C,2025-04-27T18:15:06.403498Z,100.00,0.1800,0.8200,yes
f8a0b900-a7cc-4a06-8e6d-f4af22c4cb61,KXCANADAPM-45-C,2025-04-27T18:14:38.804574Z,2281.00,0.1800,0.8200,yes
0eb15b3f-7d8e-43d3-be57-889a02674441,KXCANADAPM-45-C,2025-04-27T18:07:30.148274Z,98.00,0.1800,0.8200,yes
44532937-d230-4ef1-b9e8-1337474118db,KXCANADAPM-45-C,2025-04-27T18:01:57.385538Z,251.00,0.1800,0.8200,yes
39bbd4dd-67db-4136-83d4-8c4ce2072cc8,KXCANADAPM-45-C,2025-04-27T18:00:36.607161Z,211.00,0.1800,0.8200,yes
c1bd845e-581b-40ea-98af-16630e24182b,KXCANADAPM-45-C,2025-04-27T17:57:15.609838Z,10.00,0.1800,0.8200,yes
a4423020-5040-437c-8eb0-af2f5ea536a0,KXCANADAPM-45-C,2025-04-27T17:52:37.644458Z,55.00,0.1800,0.8200,yes
1aabb3e5-c9aa-4f4c-b629-5b36d8dc1ada,KXCANADAPM-45-C,2025-04-27T17:52:37.644458Z,381.00,0.1800,0.8200,yes
3aee1106-0a22-4523-bb9f-bce7d266d5ad,KXCANADAPM-45-C,2025-04-27T17:45:36.582243Z,45.00,0.1800,0.8200,yes
21f2741b-c819-4b70-b8ae-04ac38c9c214,KXCANADAPM-45-C,2025-04-27T17:41:04.318841Z,266.00,0.1800,0.8200,yes
ed2dbed8-d4a5-428f-8506-cece5d9aca7e,KXCANADAPM-45-C,2025-04-27T17:41:02.18754Z,26.00,0.1800,0.8200,yes
12590c39-7970-42d1-811d-ec263808fb8c,KXCANADAPM-45-C,2025-04-27T17:38:28.713336Z,266.00,0.1800,0.8200,no
56631b31-1750-40dd-ade0-b393c34d554c,KXCANADAPM-45-C,2025-04-27T17:38:24.797155Z,500.00,0.1800,0.8200,yes
4e45e838-76c0-4afb-96ba-9b6fce495e18,KXCANADAPM-45-C,2025-04-27T17:37:28.881134Z,15.00,0.1800,0.8200,yes
1468a6e9-7a80-4083-b650-5777f255df6c,KXCANADAPM-45-C,2025-04-27T17:34:30.09157Z,19.00,0.1800,0.8200,yes
a68ca906-3866-4b4d-84ee-a52eed91d2da,KXCANADAPM-45-C,2025-04-27T17:33:18.825928Z,96.00,0.1800,0.8200,yes
8e6be12f-dc92-4a90-8124-44e351f3dd1b,KXCANADAPM-45-C,2025-04-27T17:33:18.825928Z,6.00,0.1800,0.8200,yes
29b6a000-e47a-4bab-b918-52cbe3dfc0ab,KXCANADAPM-45-C,2025-04-27T17:33:12.846241Z,26.00,0.1800,0.8200,yes
516be9f4-a344-4322-a386-b1c20ab4a2ab,KXCANADAPM-45-C,2025-04-27T17:22:49.385939Z,42.00,0.1800,0.8200,yes
85ed2691-5af5-4e92-8e67-67bc7b78148e,KXCANADAPM-45-C,2025-04-27T17:11:42.15305Z,20.00,0.1800,0.8200,yes
417cf83b-db31-417a-836c-aa276ee40219,KXCANADAPM-45-C,2025-04-27T17:10:38.060167Z,94.00,0.1800,0.8200,yes
3cf6b22c-5969-4caf-bf8a-748d36cde2c2,KXCANADAPM-45-C,2025-04-27T17:10:38.060167Z,6.00,0.1800,0.8200,yes
246011fe-cc8c-4f1b-acf4-06a9d8b9902f,KXCANADAPM-45-C,2025-04-27T17:07:19.663332Z,6.00,0.1800,0.8200,yes
a1fe0fb2-09bd-409c-bff3-63eed344ba7c,KXCANADAPM-45-C,2025-04-27T17:04:39.033294Z,24.00,0.1800,0.8200,yes
9521bab6-6197-42d0-8e57-4de63d12f55b,KXCANADAPM-45-C,2025-04-27T17:00:15.833488Z,105.00,0.1800,0.8200,yes
90f4f757-2a0b-439d-80a8-b4fd23878c12,KXCANADAPM-45-C,2025-04-27T16:47:57.565279Z,12.00,0.1800,0.8200,yes
784f932b-1162-45eb-b276-84c4b7fac84f,KXCANADAPM-45-C,2025-04-27T16:47:57.565279Z,12.00,0.1800,0.8200,yes
aa733395-542e-48c4-8e3b-f490d9c1f5ce,KXCANADAPM-45-C,2025-04-27T16:45:52.613923Z,1.00,0.1700,0.8300,no
457013f0-77d0-4fc3-8c45-f001463d5422,KXCANADAPM-45-C,2025-04-27T16:42:13.075035Z,10.00,0.1800,0.8200,yes
f896dc35-622a-4164-8377-e7ac3e0b48a9,KXCANADAPM-45-C,2025-04-27T16:41:28.061487Z,1.00,0.1800,0.8200,yes
f990f803-614c-48a9-9836-cbd6c9aa758a,KXCANADAPM-45-C,2025-04-27T16:36:04.04408Z,9597.00,0.1800,0.8200,yes
ee4c45bd-5c13-49c6-8f41-22df81fe578c,KXCANADAPM-45-C,2025-04-27T16:36:04.04408Z,4.00,0.1800,0.8200,yes
d41b8322-2f03-442d-acbd-eb2026fcafe0,KXCANADAPM-45-C,2025-04-27T16:36:04.04408Z,177.00,0.1800,0.8200,yes
48ce9310-1877-4b5d-8427-cfb262031166,KXCANADAPM-45-C,2025-04-27T16:36:04.04408Z,4.00,0.1800,0.8200,yes
bf60b045-f059-421c-8500-825a4604515c,KXCANADAPM-45-C,2025-04-27T16:35:51.171039Z,5.00,0.1800,0.8200,yes
f6ae806f-235f-49c2-90bb-3c36d36b91c5,KXCANADAPM-45-C,2025-04-27T16:32:03.811269Z,2626.00,0.1800,0.8200,yes
d0aff199-f12d-4287-9efd-6475c2447dec,KXCANADAPM-45-C,2025-04-27T16:28:42.062211Z,19.00,0.1700,0.8300,no
200f265c-19e8-45e1-b2e9-7fe0b4f554e2,KXCANADAPM-45-C,2025-04-27T16:28:10.891139Z,1276.00,0.1800,0.8200,yes
034ce55d-ca4b-470f-ba3a-76f7e7c4f67b,KXCANADAPM-45-C,2025-04-27T16:19:01.732099Z,2500.00,0.1800,0.8200,yes
c8f686c8-bcf1-4cb1-ba64-e298930e6577,KXCANADAPM-45-C,2025-04-27T16:15:11.590105Z,2500.00,0.1800,0.8200,yes
dbbd72cb-0037-43ed-b398-21c21b843d6c,KXCANADAPM-45-C,2025-04-27T16:11:47.13118Z,1500.00,0.1800,0.8200,yes
fb68e430-347c-41a9-9e6a-093f4a002999,KXCANADAPM-45-C,2025-04-27T16:11:35.838239Z,2500.00,0.1800,0.8200,yes
73704ce7-33d9-439d-9797-854fb7ec543f,KXCANADAPM-45-C,2025-04-27T16:11:28.055768Z,4.00,0.1800,0.8200,yes
36e966e6-6f1e-466d-a31b-13d931d326c7,KXCANADAPM-45-C,2025-04-27T16:11:28.055768Z,2496.00,0.1800,0.8200,yes
cb413569-3f82-491a-a911-d832d8d80131,KXCANADAPM-45-C,2025-04-27T15:52:03.333492Z,20.00,0.1800,0.8200,yes
bdac9bba-0342-487c-b1e0-e1ac4be04789,KXCANADAPM-45-C,2025-04-27T15:52:03.333492Z,20.00,0.1800,0.8200,yes
62f63b7f-d2b1-4cd6-ba71-2eea95537621,KXCANADAPM-45-C,2025-04-27T15:52:03.333492Z,8.00,0.1800,0.8200,yes
200a49e8-5d28-466e-9187-cb0c28fc395c,KXCANADAPM-45-C,2025-04-27T15:52:03.333492Z,20.00,0.1800,0.8200,yes
b6493d5c-1219-4784-8ef8-2b8dcff91d04,KXCANADAPM-45-C,2025-04-27T15:51:34.548958Z,10.00,0.1700,0.8300,no
db13de6d-5ffe-4774-b3fe-64ef0f37aa6e,KXCANADAPM-45-C,2025-04-27T15:40:01.836821Z,38.00,0.1800,0.8200,yes
04b9094c-1daa-463f-9f5d-750a3454d1d7,KXCANADAPM-45-C,2025-04-27T15:38:42.807334Z,51.00,0.1800,0.8200,yes
47dce61d-7b6b-4eb5-992c-568d912ff996,KXCANADAPM-45-C,2025-04-27T15:35:31.271977Z,111.00,0.1700,0.8300,no
1ef555b4-cc21-4bc1-bb97-f1aa19a53813,KXCANADAPM-45-C,2025-04-27T15:35:31.271977Z,67.00,0.1700,0.8300,no
e0c664aa-d48b-47be-bcdc-0a859be5aeff,KXCANADAPM-45-C,2025-04-27T15:30:38.263518Z,200.00,0.1800,0.8200,yes
bd84a5f6-ffbe-44a0-b101-5647f1b6b90b,KXCANADAPM-45-C,2025-04-27T15:27:25.568127Z,86.00,0.1800,0.8200,yes
1eb2ef1a-8f8e-4080-bc1e-cb5e4d8b8dfa,KXCANADAPM-45-C,2025-04-27T15:15:55.112125Z,21.00,0.1800,0.8200,yes
a9d21307-cc15-4b67-8442-1ae8c5ed2346,KXCANADAPM-45-C,2025-04-27T15:15:03.276977Z,15.00,0.1800,0.8200,yes
d9ae9859-28bf-40fe-b177-f7b3bb0bf8c3,KXCANADAPM-45-C,2025-04-27T15:14:34.470576Z,1544.00,0.1800,0.8200,yes
4e9838bb-e57e-475e-818f-5c89a7e1593c,KXCANADAPM-45-C,2025-04-27T15:11:58.241866Z,1500.00,0.1800,0.8200,yes
59e85080-81ca-4671-b452-7297e2c900a5,KXCANADAPM-45-C,2025-04-27T15:10:45.291166Z,500.00,0.1800,0.8200,yes
75c73800-6aa3-4df1-819b-9cf5fc21a912,KXCANADAPM-45-C,2025-04-27T15:09:18.759381Z,90.00,0.1800,0.8200,yes
fea32889-d36d-4db2-b92a-9f6249578f16,KXCANADAPM-45-C,2025-04-27T15:02:48.646892Z,10.00,0.1800,0.8200,yes
79328bce-b4e8-43bd-a97b-72f60957fb70,KXCANADAPM-45-C,2025-04-27T14:57:23.267668Z,110.00,0.1800,0.8200,yes
1d764541-3baa-4b21-8466-81bd8abd5c64,KXCANADAPM-45-C,2025-04-27T14:57:23.267668Z,100.00,0.1800,0.8200,yes
60f8fcba-27b4-4eb3-b1ca-9dae9d35f69f,KXCANADAPM-45-C,2025-04-27T14:36:47.442004Z,52.00,0.1800,0.8200,yes
c882e74f-d986-49bc-8bf8-3c72b4a03eea,KXCANADAPM-45-C,2025-04-27T14:28:03.900152Z,10.00,0.1800,0.8200,yes
b80dc88a-a120-4409-94c0-0fcd0ca1c8fc,KXCANADAPM-45-C,2025-04-27T14:28:03.900152Z,252.00,0.1800,0.8200,yes
c7b91675-4027-4be2-b26a-a36b35c96257,KXCANADAPM-45-C,2025-04-27T14:19:48.219254Z,26.00,0.1800,0.8200,yes
fd5ee5dd-a307-499d-a3f3-b03eee0fca7f,KXCANADAPM-45-C,2025-04-27T14:11:22.959076Z,73.00,0.1800,0.8200,yes
38564afa-9a59-4236-804c-c90d9efd5aed,KXCANADAPM-45-C,2025-04-27T14:01:34.509999Z,262.00,0.1800,0.8200,yes
ff8a2dc3-685e-4477-a4c7-78d953daf7db,KXCANADAPM-45-C,2025-04-27T13:57:56.553716Z,20.00,0.1800,0.8200,no
f0b1f099-e4b2-4b14-88a9-75357e5ba712,KXCANADAPM-45-C,2025-04-27T13:57:56.553716Z,1940.00,0.1800,0.8200,no
eb942c2a-0ad3-47bc-80a3-6c8059e07d3b,KXCANADAPM-45-C,2025-04-27T13:57:56.553716Z,12.00,0.1800,0.8200,no
cd26b0bc-f4c6-48f1-bfd3-148a844f7a8f,KXCANADAPM-45-C,2025-04-27T13:57:56.553716Z,20.00,0.1800,0.8200,no
56615fb2-3b47-4c1a-bf57-f59694de7a06,KXCANADAPM-45-C,2025-04-27T13:57:56.553716Z,20.00,0.1800,0.8200,no
a490f98d-f4ca-467f-a95f-93751b339362,KXCANADAPM-45-C,2025-04-27T13:51:50.725932Z,60.00,0.1800,0.8200,no
2e87ae8c-59df-42d9-84a0-a266e5ea5de3,KXCANADAPM-45-C,2025-04-27T13:47:45.938252Z,353.00,0.1900,0.8100,yes
10b6150f-fbb8-43dc-a8ce-9d6511e3b7d8,KXCANADAPM-45-C,2025-04-27T13:47:12.937297Z,49.00,0.1900,0.8100,yes
b46fcf27-5e15-4857-8d9d-0d7c1c06b83f,KXCANADAPM-45-C,2025-04-27T13:27:14.347527Z,120.00,0.1800,0.8200,no
e4ff04a4-60da-42dc-943c-dbaa5488ea3b,KXCANADAPM-45-C,2025-04-27T13:20:59.672796Z,2988.00,0.1900,0.8100,yes
6c381333-705e-40a6-9752-f215634dae0c,KXCANADAPM-45-C,2025-04-27T13:13:19.489272Z,16.00,0.1800,0.8200,no
5a29212c-2bc3-4b51-b017-ca82bc5758ec,KXCANADAPM-45-C,2025-04-27T13:09:01.511634Z,273.00,0.1900,0.8100,yes
6b071520-af75-41b3-b415-52d0ca73217e,KXCANADAPM-45-C,2025-04-27T12:57:57.247143Z,747.00,0.1900,0.8100,yes
3c3105f3-5e37-4a3c-abbd-8c2553798a9a,KXCANADAPM-45-C,2025-04-27T12:46:13.083086Z,7449.00,0.1800,0.8200,no
455acb7a-daae-4ceb-b8b8-b67d824534ba,KXCANADAPM-45-C,2025-04-27T12:39:38.575599Z,5000.00,0.1800,0.8200,no
df665842-47d1-47ed-ae04-188c6fd44508,KXCANADAPM-45-C,2025-04-27T12:02:09.128447Z,1000.00,0.1900,0.8100,no
c8994dcf-3c37-4af9-9734-ff34ee851e91,KXCANADAPM-45-C,2025-04-27T12:02:09.128447Z,2000.00,0.1900,0.8100,no
c0507fb8-9ebe-425b-a570-06933de8e33f,KXCANADAPM-45-C,2025-04-27T12:02:09.128447Z,4000.00,0.1900,0.8100,no
849ffd7a-c348-4e43-9a7f-741178f516e5,KXCANADAPM-45-C,2025-04-27T12:02:09.128447Z,359.00,0.1900,0.8100,no
2b62ac60-3ac4-4d21-9ec0-47ffa05ed4bc,KXCANADAPM-45-C,2025-04-27T06:55:35.502852Z,47.00,0.2000,0.8000,yes
e8a2f71e-bbaa-4cd5-b1cd-6b3f2e9611a3,KXCANADAPM-45-C,2025-04-27T06:22:32.637072Z,751.00,0.1900,0.8100,no
257b5748-6494-4e4d-8a99-25df889d24e7,KXCANADAPM-45-C,2025-04-27T06:22:32.637072Z,1350.00,0.1900,0.8100,no
958c4e8f-288e-4ecd-ba08-276883bb95be,KXCANADAPM-45-C,2025-04-27T05:35:29.345819Z,142.00,0.2000,0.8000,yes
32a4f4c0-e085-4b0b-bc9c-76f655a703a7,KXCANADAPM-45-C,2025-04-27T05:27:41.581874Z,705.00,0.2000,0.8000,yes
1682265c-d0a8-4d89-b914-eb6e341460ac,KXCANADAPM-45-C,2025-04-27T05:09:46.470528Z,51.00,0.1900,0.8100,no
ad9110ff-2b2a-441e-89c5-c063b9fe5f88,KXCANADAPM-45-C,2025-04-27T04:51:59.847016Z,28.00,0.2000,0.8000,yes
aa62111f-4538-41e2-8478-8163c45c686d,KXCANADAPM-45-C,2025-04-27T04:49:16.316573Z,50.00,0.2000,0.8000,yes
eb4bb393-4d38-43f4-9339-1a8d7a7910f1,KXCANADAPM-45-C,2025-04-27T04:48:37.325201Z,165.00,0.2000,0.8000,yes
9df73a54-ea20-4e03-9929-25528fe19cfb,KXCANADAPM-45-C,2025-04-27T04:44:08.246573Z,49.00,0.1900,0.8100,no
9fdea015-4ec3-4200-974e-4a063ad9524f,KXCANADAPM-45-C,2025-04-27T04:34:03.060326Z,3788.00,0.2000,0.8000,yes
6d37876d-cbd8-47c3-8bcf-260d2bedb830,KXCANADAPM-45-C,2025-04-27T04:32:56.872603Z,28.00,0.2000,0.8000,yes
0c229022-b2a2-4fc1-8623-f1a8705289fc,KXCANADAPM-45-C,2025-04-27T04:32:51.669513Z,46.00,0.2000,0.8000,yes
981e5c06-5262-429b-b6b0-aa60a3ecfb86,KXCANADAPM-45-C,2025-04-27T04:32:30.322738Z,236.00,0.2000,0.8000,yes
f043e5eb-47eb-48da-88b2-5afb888139e9,KXCANADAPM-45-C,2025-04-27T04:31:34.382669Z,30.00,0.2000,0.8000,yes
e4023fb6-3b23-40f0-a7f4-bdcc2876c70a,KXCANADAPM-45-C,2025-04-27T04:31:34.382669Z,500.00,0.2000,0.8000,yes
cb975566-8948-48e1-a47e-851aeb969da3,KXCANADAPM-45-C,2025-04-27T04:31:34.382669Z,50.00,0.2000,0.8000,yes
b8e8aed9-3db7-4482-837d-6117e8535727,KXCANADAPM-45-C,2025-04-27T04:31:34.382669Z,7.00,0.2000,0.8000,yes
b41b1c1a-2861-4a41-a251-8439c79e861d,KXCANADAPM-45-C,2025-04-27T04:31:34.382669Z,500.00,0.2000,0.8000,yes
b00435e3-6290-4829-a21b-16db3b5fee6b,KXCANADAPM-45-C,2025-04-27T04:31:34.382669Z,30.00,0.2000,0.8000,yes
ac318706-59da-4c78-8a57-e40b28e8ce38,KXCANADAPM-45-C,2025-04-27T04:31:34.382669Z,171.00,0.2000,0.8000,yes
a88048e9-5dff-4fc5-9504-aa9a4acc97a0,KXCANADAPM-45-C,2025-04-27T04:31:34.382669Z,22.00,0.2000,0.8000,yes
95aa5f6f-18d6-4e6e-a149-f8412e89a09e,KXCANADAPM-45-C,2025-04-27T04:31:34.382669Z,500.00,0.2000,0.8000,yes
939f6331-45f1-4359-89dd-8a54ab339000,KXCANADAPM-45-C,2025-04-27T04:31:34.382669Z,30.00,0.2000,0.8000,yes
737d9512-3e35-4c27-b29d-660cf17c84ac,KXCANADAPM-45-C,2025-04-27T04:31:34.382669Z,12934.00,0.2000,0.8000,yes
d9031401-f510-4e4e-8145-d1eefee06114,KXCANADAPM-45-C,2025-04-27T04:29:37.050822Z,104.00,0.2000,0.8000,yes
afab7997-e8ad-40dd-8196-26c13621592b,KXCANADAPM-45-C,2025-04-27T04:22:55.235836Z,1000.00,0.2000,0.8000,yes
2f55f646-0e53-468f-98ba-796c4b48d960,KXCANADAPM-45-C,2025-04-27T04:02:16.644925Z,25.00,0.2000,0.8000,yes
05ac7c8d-df5e-4dff-b9d6-ebbb88816df4,KXCANADAPM-45-C,2025-04-27T03:54:23.2994Z,9.00,0.2000,0.8000,yes
b70b6936-bb45-40e9-9886-504302bd1574,KXCANADAPM-45-C,2025-04-27T03:20:14.710168Z,30.00,0.1900,0.8100,no
06e2e80e-dd87-47c2-a2d6-544400df0a39,KXCANADAPM-45-C,2025-04-27T03:17:59.681664Z,145.00,0.2000,0.8000,yes
d57db64c-2d3f-45e5-b174-d01e22bbfde2,KXCANADAPM-45-C,2025-04-27T03:04:12.93227Z,236.00,0.2000,0.8000,yes
deb8f00e-4869-47ca-be0f-7dfae7873c95,KXCANADAPM-45-C,2025-04-27T02:58:04.053301Z,609.00,0.1900,0.8100,no
ca93e0eb-b3a9-4865-9267-e3f56041f45c,KXCANADAPM-45-C,2025-04-27T02:52:51.808238Z,236.00,0.2000,0.8000,yes
25f3b356-7f0b-4817-935a-41c20e836efb,KXCANADAPM-45-C,2025-04-27T02:51:41.1686Z,94.00,0.2000,0.8000,yes
caf405d6-2c20-40bc-8ee7-a7ce7bbc9ccb,KXCANADAPM-45-C,2025-04-27T02:50:23.425311Z,473.00,0.2000,0.8000,yes
8ffeed5f-4d7f-447e-a533-3d1a1674ae33,KXCANADAPM-45-C,2025-04-27T02:26:33.878838Z,61.00,0.1900,0.8100,no
33903069-222d-4ee1-b158-fbb3db690fd5,KXCANADAPM-45-C,2025-04-27T02:24:57.469707Z,35.00,0.1900,0.8100,no
d3a6d0f6-b866-43c7-9922-196a73859f7d,KXCANADAPM-45-C,2025-04-27T02:13:55.611458Z,162.00,0.2000,0.8000,yes
d185eb37-1148-4036-85a0-ba591a6ca0be,KXCANADAPM-45-C,2025-04-27T02:08:46.20187Z,36.00,0.1900,0.8100,no
50c617b6-210e-4226-bc42-70d722966d02,KXCANADAPM-45-C,2025-04-27T02:02:29.194301Z,15.00,0.1900,0.8100,no
5d8e3431-9ca9-4e43-987e-9fb132b927a7,KXCANADAPM-45-C,2025-04-27T02:00:30.984734Z,25.00,0.1900,0.8100,no
ffb2bf75-0768-449a-a8df-3bac7162aeea,KXCANADAPM-45-C,2025-04-27T01:03:21.758309Z,34.00,0.1900,0.8100,no
f6b11c52-d76b-4650-ac4c-6df998ad234d,KXCANADAPM-45-C,2025-04-27T00:53:54.256859Z,23.00,0.2000,0.8000,yes
ac4d32b7-7059-4f16-91de-30f260666b01,KXCANADAPM-45-C,2025-04-27T00:42:39.019507Z,47.00,0.2000,0.8000,yes
1ac52f01-5456-4420-9cc9-4fffc74b5a17,KXCANADAPM-45-C,2025-04-27T00:36:59.833786Z,946.00,0.2000,0.8000,yes
6593efa9-fe93-4191-8028-325d4f83f875,KXCANADAPM-45-C,2025-04-27T00:24:24.971525Z,232.00,0.2000,0.8000,yes
2c5c5510-9ee9-4862-be55-100cedd32adc,KXCANADAPM-45-C,2025-04-27T00:18:23.122235Z,287.00,0.2000,0.8000,yes
d9ffa665-31e9-4626-9573-467ef9dda6f4,KXCANADAPM-45-C,2025-04-27T00:14:47.018221Z,1000.00,0.2000,0.8000,yes
c88a3790-640a-4cc7-8186-5bced3cbb1e9,KXCANADAPM-45-C,2025-04-27T00:10:46.773149Z,378.00,0.2000,0.8000,yes
8ce925bb-6e9e-4409-8478-67670d2ea2e1,KXCANADAPM-45-C,2025-04-26T23:07:59.860699Z,464.00,0.2000,0.8000,yes
5b2741e1-c68c-40b3-a811-207ba3c7730e,KXCANADAPM-45-C,2025-04-26T23:04:34.821207Z,928.00,0.2000,0.8000,yes
ef1c5a7f-2f28-4409-b87a-cdc8c05d4dc7,KXCANADAPM-45-C,2025-04-26T22:41:48.885158Z,71.00,0.2000,0.8000,yes
2fc23b5a-db2e-406d-b9eb-ee153b63827a,KXCANADAPM-45-C,2025-04-26T22:40:44.988737Z,455.00,0.1900,0.8100,no
f6c4fafd-164f-4d4e-914a-3bb3b82c8857,KXCANADAPM-45-C,2025-04-26T22:17:59.90051Z,5.00,0.2000,0.8000,yes
871936bb-fd73-47c3-b11b-62807fbff971,KXCANADAPM-45-C,2025-04-26T22:17:49.386272Z,473.00,0.2000,0.8000,yes
0ea8c07b-12b0-4c6b-b886-56321e592ecb,KXCANADAPM-45-C,2025-04-26T21:56:23.023247Z,710.00,0.2000,0.8000,yes
3c5c9769-5d83-4e4b-8a73-e939d4c2ba70,KXCANADAPM-45-C,2025-04-26T21:39:18.899234Z,2320.00,0.2000,0.8000,yes
dc68d22c-ffb5-4ae0-970b-0e135b1e3f5f,KXCANADAPM-45-C,2025-04-26T21:20:45.535463Z,2500.00,0.1900,0.8100,no
649b92b7-e8ae-474c-bf31-f816d4d5b363,KXCANADAPM-45-C,2025-04-26T21:20:45.535463Z,432.00,0.1900,0.8100,no
5bfdb508-e967-4d29-b061-469aba8ed4b4,KXCANADAPM-45-C,2025-04-26T21:20:45.535463Z,2768.00,0.1900,0.8100,no
140fa1bd-9966-4108-b182-51f8985ab18a,KXCANADAPM-45-C,2025-04-26T21:00:40.151215Z,200.00,0.2000,0.8000,yes
ffcebd87-4157-4788-9de4-e2435cbb6a5d,KXCANADAPM-45-C,2025-04-26T20:32:51.555751Z,58.00,0.2000,0.8000,yes
f6581dee-fc8c-4586-a46a-b12f353f82c7,KXCANADAPM-45-C,2025-04-26T20:24:17.638543Z,200.00,0.2000,0.8000,yes
64e7d4da-217e-413a-b513-0481f11949ce,KXCANADAPM-45-C,2025-04-26T20:06:58.047316Z,41.00,0.2000,0.8000,yes
f83aef6b-56b2-4b12-9808-9bb7ddb6e86f,KXCANADAPM-45-C,2025-04-26T20:03:12.515928Z,14.00,0.2000,0.8000,yes
05dc6889-8afb-43ff-87c4-6425e4e45d64,KXCANADAPM-45-C,2025-04-26T19:51:33.585062Z,47.00,0.2000,0.8000,yes
5642a8ec-1f16-41aa-a701-64fabd2fb8a3,KXCANADAPM-45-C,2025-04-26T19:15:00.029338Z,41.00,0.2000,0.8000,yes
f890b8fc-e7aa-4ce5-bc66-297ad0027c97,KXCANADAPM-45-C,2025-04-26T19:07:35.12156Z,26.00,0.2000,0.8000,yes
21915c4b-66e3-4daa-a622-1d21fb80521b,KXCANADAPM-45-C,2025-04-26T19:05:02.136877Z,74.00,0.2000,0.8000,yes
dc6e7aa3-2dc6-40d9-a730-fa3408efc548,KXCANADAPM-45-C,2025-04-26T19:02:36.803159Z,100.00,0.2000,0.8000,yes
be8bb51c-c5b2-4878-9560-9a5e1947a6e0,KXCANADAPM-45-C,2025-04-26T19:01:12.874182Z,19.00,0.2000,0.8000,yes
5eb5266b-a2e4-436d-876e-5ef1050da98c,KXCANADAPM-45-C,2025-04-26T18:39:36.042278Z,1.00,0.1900,0.8100,no
4858ddb1-5e8b-41d9-a5b1-e35ad25a0417,KXCANADAPM-45-C,2025-04-26T18:39:28.882662Z,71.00,0.1900,0.8100,no
4515711e-c828-4be2-b034-1e469b7fdd53,KXCANADAPM-45-C,2025-04-26T18:38:09.012071Z,220.00,0.1900,0.8100,no
8ae99623-71a2-45cf-8c54-60a413184c90,KXCANADAPM-45-C,2025-04-26T18:37:10.025204Z,1274.00,0.1900,0.8100,no
15b8201c-ed93-41b4-a2b9-745219172950,KXCANADAPM-45-C,2025-04-26T18:37:10.025204Z,276.00,0.1900,0.8100,no
cf1e4bbb-2d24-4ba8-8fd6-c113f51997d9,KXCANADAPM-45-C,2025-04-26T18:24:09.316762Z,128.00,0.1900,0.8100,no
db2c93f8-f624-4872-b7fe-83a496af9ca5,KXCANADAPM-45-C,2025-04-26T18:17:13.579812Z,3.00,0.2000,0.8000,yes
d48b91b2-0328-4c21-a7c5-e55adfdcdac2,KXCANADAPM-45-C,2025-04-26T18:17:13.579812Z,878.00,0.2000,0.8000,yes
4b4456fd-08dd-40d7-b635-023a17ec5ddb,KXCANADAPM-45-C,2025-04-26T18:17:13.579812Z,119.00,0.2000,0.8000,yes
94f4ab8d-9129-4756-ba0a-8bd8102fea18,KXCANADAPM-45-C,2025-04-26T17:30:02.737095Z,1000.00,0.1900,0.8100,no
b51eea79-f852-4ea8-b51e-3a3977ac1260,KXCANADAPM-45-C,2025-04-26T17:28:23.171393Z,14.00,0.2000,0.8000,yes
56e7b40d-5d48-4b95-857a-2d838d94e4d0,KXCANADAPM-45-C,2025-04-26T17:25:04.23225Z,97.00,0.1900,0.8100,no
1ae272d3-ff80-4ba9-bea8-11e0872467b9,KXCANADAPM-45-C,2025-04-26T17:25:04.23225Z,98.00,0.1900,0.8100,no
6fb3c0c8-9e1f-4f97-897e-38876f1846da,KXCANADAPM-45-C,2025-04-26T17:06:45.390146Z,94.00,0.2000,0.8000,yes
eee1e74f-8644-49de-b5e1-b0756d57449b,KXCANADAPM-45-C,2025-04-26T17:02:08.635504Z,24.00,0.1900,0.8100,no
3df9cd6a-689b-455f-b2a0-41bd1854ce6e,KXCANADAPM-45-C,2025-04-26T16:57:04.199464Z,48.00,0.2000,0.8000,yes
b08cf0b2-efa8-468f-af59-432d5d6222f6,KXCANADAPM-45-C,2025-04-26T16:54:24.808709Z,473.00,0.2000,0.8000,yes
c7a3f2c5-7393-4368-96ee-c841f0d5b012,KXCANADAPM-45-C,2025-04-26T16:48:47.520834Z,236.00,0.2000,0.8000,yes
f0f9e82d-82bb-4730-8b51-b2296a2918f0,KXCANADAPM-45-C,2025-04-26T16:48:34.551883Z,16.00,0.2000,0.8000,yes
179066d4-6049-443d-af13-91fb4e3e3933,KXCANADAPM-45-C,2025-04-26T16:48:34.551883Z,220.00,0.2000,0.8000,yes
ba010a71-87fd-4697-ba69-8598837d382c,KXCANADAPM-45-C,2025-04-26T16:45:28.140566Z,464.00,0.2000,0.8000,yes
b7b88a3f-f53b-4e00-8264-26ddd72d7b52,KXCANADAPM-45-C,2025-04-26T16:34:19.015282Z,316.00,0.2000,0.8000,yes
2c50074f-b6a0-456f-8709-e0a31d1f8749,KXCANADAPM-45-C,2025-04-26T16:34:19.015282Z,148.00,0.2000,0.8000,yes
f717066b-4c53-4c24-ae1b-55cca720d84a,KXCANADAPM-45-C,2025-04-26T16:33:45.130326Z,40.00,0.2000,0.8000,yes
762e036e-6953-47c3-a0dc-d2e90271851e,KXCANADAPM-45-C,2025-04-26T16:24:33.422355Z,23.00,0.2000,0.8000,yes
3b210d7e-e01d-49b0-812e-4539f1cafd95,KXCANADAPM-45-C,2025-04-26T15:59:02.503376Z,1183.00,0.2000,0.8000,yes
dc5a10a8-8600-405b-a3c0-acada4905b3b,KXCANADAPM-45-C,2025-04-26T15:43:32.567492Z,47.00,0.2000,0.8000,yes
cd8b07f0-16bc-4708-a9e8-dfd88ac1c090,KXCANADAPM-45-C,2025-04-26T15:31:36.672367Z,236.00,0.2000,0.8000,yes
d035c552-a983-42e9-885f-d90b70d15e17,KXCANADAPM-45-C,2025-04-26T15:30:25.387119Z,1323.00,0.2000,0.8000,yes
b39b2fea-5e7b-4818-9ac4-c542d000419a,KXCANADAPM-45-C,2025-04-26T15:30:25.387119Z,267.00,0.2000,0.8000,yes
604e0d3d-abce-4cc8-be10-8192c81ea875,KXCANADAPM-45-C,2025-04-26T15:30:25.387119Z,777.00,0.2000,0.8000,yes
97d88b28-46b9-4571-816a-0673e6aaea52,KXCANADAPM-45-C,2025-04-26T15:21:59.316339Z,473.00,0.2000,0.8000,yes
1cee8449-7351-41d8-964e-2dd0afae0b46,KXCANADAPM-45-C,2025-04-26T15:09:02.220755Z,1160.00,0.2000,0.8000,yes
2659a675-c086-41d8-b655-a82125fac1a8,KXCANADAPM-45-C,2025-04-26T14:59:42.101917Z,4.00,0.2000,0.8000,yes
2050a69b-9798-4fd8-9edc-9c68fbc02c19,KXCANADAPM-45-C,2025-04-26T14:53:57.936412Z,42.00,0.2000,0.8000,yes
9f7be495-cb47-4683-b656-bd32a815e593,KXCANADAPM-45-C,2025-04-26T14:49:47.758016Z,118.00,0.2000,0.8000,yes
ee83a357-cc9d-4702-a2e8-12a3affda85e,KXCANADAPM-45-C,2025-04-26T14:48:11.99789Z,279.00,0.1900,0.8100,no
dac3ed1e-8f6f-4ec9-925a-66f04db9c4ba,KXCANADAPM-45-C,2025-04-26T14:42:13.968912Z,6.00,0.1900,0.8100,no
520d4e81-2762-4746-b28a-d27d19e4e299,KXCANADAPM-45-C,2025-04-26T14:36:32.478725Z,240.00,0.2000,0.8000,yes
a5a50315-8d35-4aab-9601-ca100c11d699,KXCANADAPM-45-C,2025-04-26T14:32:18.06932Z,208.00,0.2000,0.8000,yes
30e651ed-141b-4d4d-bbb5-b29134704e78,KXCANADAPM-45-C,2025-04-26T14:21:38.991314Z,6.00,0.2000,0.8000,yes
f6440d19-b4c4-45e8-a528-78dbbdb0d047,KXCANADAPM-45-C,2025-04-26T13:56:32.566916Z,236.00,0.2000,0.8000,yes
aaee4733-8c57-4cf0-b53d-fcbbfb6a34d7,KXCANADAPM-45-C,2025-04-26T13:19:31.284118Z,46.00,0.2000,0.8000,yes
bb236f1d-b5a7-4dcf-92c0-8900b9c9509e,KXCANADAPM-45-C,2025-04-26T13:10:33.609767Z,7.00,0.1900,0.8100,no
714816f4-a023-47dc-a7e0-a72c4a9956db,KXCANADAPM-45-C,2025-04-26T12:55:42.706532Z,4.00,0.2000,0.8000,yes
4aa29d55-e11f-4403-8ff6-cbfae6fd3588,KXCANADAPM-45-C,2025-04-26T12:11:01.313894Z,686.00,0.2000,0.8000,yes
d6bd1b3f-de05-471d-b2e6-1ea180c7d714,KXCANADAPM-45-C,2025-04-26T05:24:42.907578Z,473.00,0.2000,0.8000,yes
1cb54f21-42c8-4d0d-aefc-93417ab053bd,KXCANADAPM-45-C,2025-04-26T05:18:48.052641Z,53.00,0.1900,0.8100,no
a175c62a-a2d7-4271-9e99-bf000e224670,KXCANADAPM-45-C,2025-04-26T05:11:02.125714Z,100.00,0.1900,0.8100,no
980270c1-38de-4e1c-9616-53dacccbbf99,KXCANADAPM-45-C,2025-04-26T03:48:02.274715Z,275.00,0.2000,0.8000,yes
094697d4-774b-488c-9a62-e79847f5a874,KXCANADAPM-45-C,2025-04-26T03:45:49.327558Z,100.00,0.2000,0.8000,yes
6c15f095-1f51-42d7-b30f-48cc2b7921d9,KXCANADAPM-45-C,2025-04-26T03:45:49.133794Z,100.00,0.2000,0.8000,yes
a591444e-976c-47f5-9561-65deb282ff34,KXCANADAPM-45-C,2025-04-26T03:21:57.993789Z,473.00,0.2000,0.8000,yes
d0825c34-942f-4196-93bf-7a63b4142a2e,KXCANADAPM-45-C,2025-04-26T02:44:13.203797Z,68.00,0.2000,0.8000,yes
99b6339c-f4a7-42dc-9543-85b74c9b3014,KXCANADAPM-45-C,2025-04-26T02:39:05.698135Z,131.00,0.1900,0.8100,yes
a56fe5cf-e586-4497-9da7-94d2f43e4a41,KXCANADAPM-45-C,2025-04-26T02:39:03.992084Z,66.00,0.1900,0.8100,yes
3b9be26c-4902-4f57-8f98-e4bda3ee8eef,KXCANADAPM-45-C,2025-04-26T02:39:03.992084Z,257.00,0.1900,0.8100,yes
c1d03cd5-5a2f-49cc-8bc5-6eaa8e29238b,KXCANADAPM-45-C,2025-04-26T02:38:41.887339Z,199.00,0.1900,0.8100,no
9fdff796-4dae-413d-8e6c-04d1ed3abe1d,KXCANADAPM-45-C,2025-04-26T02:38:41.887339Z,300.00,0.1900,0.8100,no
e36a5313-ad59-46e0-8941-09707b7af72d,KXCANADAPM-45-C,2025-04-26T02:36:16.776443Z,499.00,0.1900,0.8100,yes
c10c2bf7-84aa-4af4-bb14-f22b9460abbc,KXCANADAPM-45-C,2025-04-26T02:36:16.776443Z,18764.00,0.1900,0.8100,yes
73b5a3a0-0443-4c88-beea-505eabd9c8cd,KXCANADAPM-45-C,2025-04-26T02:36:16.776443Z,500.00,0.1900,0.8100,yes
455acbcf-8257-4e53-8c17-677cc98b484d,KXCANADAPM-45-C,2025-04-26T02:36:16.776443Z,237.00,0.1900,0.8100,yes
bc7e22c3-a578-4594-a539-7a2fd39d4ea6,KXCANADAPM-45-C,2025-04-26T02:34:29.637827Z,500.00,0.1900,0.8100,yes
8ebc85d6-9634-4cc4-b482-9ebacc650480,KXCANADAPM-45-C,2025-04-26T02:34:29.637827Z,509.00,0.1900,0.8100,yes
54c99ccd-1839-4cd5-ae39-ad66c4e0d43d,KXCANADAPM-45-C,2025-04-26T02:34:29.637827Z,1.00,0.1900,0.8100,yes
2b099388-902e-4f13-9b89-50a842a77d7c,KXCANADAPM-45-C,2025-04-26T02:34:29.637827Z,222.00,0.1900,0.8100,yes
44e59fe9-6ad2-4ab4-ae2c-c9eeb55e1c0c,KXCANADAPM-45-C,2025-04-26T02:25:27.916503Z,249.00,0.1900,0.8100,yes
ac27dd2b-c940-4aa6-92a4-8454388d7e83,KXCANADAPM-45-C,2025-04-26T02:21:56.206404Z,242.00,0.1900,0.8100,yes
9e1306ce-dd1e-4fe1-8a5b-c59992cfecbc,KXCANADAPM-45-C,2025-04-26T02:21:56.206404Z,2.00,0.1900,0.8100,yes
55611ef9-8940-4259-82a0-2349589b7a5b,KXCANADAPM-45-C,2025-04-26T02:19:50.527672Z,498.00,0.1900,0.8100,yes
77ebf8d5-a016-40b1-b727-dba035f2e776,KXCANADAPM-45-C,2025-04-26T02:15:48.685564Z,900.00,0.1800,0.8200,no
f9d28662-8c41-47b2-98e6-abf25aad6255,KXCANADAPM-45-C,2025-04-26T02:08:40.2992Z,100.00,0.1800,0.8200,no
b00b41df-4b8a-450c-9cce-41749689961e,KXCANADAPM-45-C,2025-04-26T02:08:40.2992Z,280.00,0.1800,0.8200,no
80aad7d3-ffc4-4cb2-9a82-78ef2c93e873,KXCANADAPM-45-C,2025-04-26T02:08:40.2992Z,1819.00,0.1800,0.8200,no
65af9980-1ad6-4832-97b5-6ff82c4988c9,KXCANADAPM-45-C,2025-04-26T02:08:40.2992Z,500.00,0.1800,0.8200,no
6583ffe8-103e-4a45-861a-077f0ac0574f,KXCANADAPM-45-C,2025-04-26T02:08:40.2992Z,1000.00,0.1800,0.8200,no
626c84ca-a1e8-4ec0-bc30-c4dd4f8c3341,KXCANADAPM-45-C,2025-04-26T02:08:40.2992Z,7580.00,0.1800,0.8200,no
61c96499-8fe6-4c66-b6a2-acd788280924,KXCANADAPM-45-C,2025-04-26T02:08:40.2992Z,2500.00,0.1800,0.8200,no
457611b1-bbd1-461b-8b5e-f2742eed6b8e,KXCANADAPM-45-C,2025-04-26T02:08:40.2992Z,20.00,0.1800,0.8200,no
0dba22cb-e4e3-47c1-a996-5c13c15b68d2,KXCANADAPM-45-C,2025-04-26T02:08:40.2992Z,2500.00,0.1800,0.8200,no
4536aff1-ba8d-4a1c-a22f-443ad2eda476,KXCANADAPM-45-C,2025-04-26T02:04:43.471089Z,2000.00,0.1800,0.8200,no
7c3dcd29-83d1-477a-98ab-bd8358b6098f,KXCANADAPM-45-C,2025-04-26T02:03:31.970226Z,14.00,0.1900,0.8100,yes
29408f6c-2f26-45ed-b59f-91e13de5e33c,KXCANADAPM-45-C,2025-04-26T01:53:08.516251Z,57.00,0.1800,0.8200,no
d81fa2ba-0e40-4865-a196-c01b1814daa0,KXCANADAPM-45-C,2025-04-26T01:49:01.098983Z,24.00,0.1900,0.8100,yes
bd06792b-7558-4b69-8e2d-bc5c2df01901,KXCANADAPM-45-C,2025-04-26T01:48:32.301651Z,1111.00,0.1800,0.8200,no
05d8ad99-8b89-4f72-aab7-4183fafcb087,KXCANADAPM-45-C,2025-04-26T01:34:47.61605Z,820.00,0.1900,0.8100,yes
24a00b2d-0337-4142-b717-fdfff7b29330,KXCANADAPM-45-C,2025-04-26T00:59:01.963765Z,180.00,0.1900,0.8100,yes
d0f60d24-141e-4adb-8d28-f819c77aa01e,KXCANADAPM-45-C,2025-04-26T00:54:33.383742Z,500.00,0.1900,0.8100,yes
979a4004-e839-40f2-bedb-712db6c15eea,KXCANADAPM-45-C,2025-04-26T00:38:02.666378Z,1220.00,0.1900,0.8100,yes
794c29c5-7a40-4fe8-96a7-c7dc203d18db,KXCANADAPM-45-C,2025-04-26T00:24:33.100502Z,530.00,0.1900,0.8100,yes
824db7a9-1039-4d26-9354-698c742d2aab,KXCANADAPM-45-C,2025-04-26T00:14:38.676439Z,124.00,0.1900,0.8100,yes
782925ad-76ee-4e51-8283-b3780574b77e,KXCANADAPM-45-C,2025-04-26T00:11:25.851457Z,249.00,0.1900,0.8100,yes
d489c252-8ae7-4f73-b69e-5461d4071319,KXCANADAPM-45-C,2025-04-26T00:10:29.817061Z,20.00,0.1900,0.8100,yes
ab6a269b-cfc3-494b-8d06-fe6596df33e4,KXCANADAPM-45-C,2025-04-26T00:07:33.244425Z,996.00,0.1900,0.8100,yes
9861d14c-2c72-4e7f-8da4-152b44111c87,KXCANADAPM-45-C,2025-04-26T00:03:54.791909Z,24.00,0.1900,0.8100,yes
8ff3d6eb-f8ea-4209-9d78-7344db896c60,KXCANADAPM-45-C,2025-04-25T23:33:48.279793Z,13.00,0.1800,0.8200,no
eeecc4a0-eb27-4c20-9ff2-2803478734f8,KXCANADAPM-45-C,2025-04-25T23:28:34.172191Z,47.00,0.1900,0.8100,yes
e2d5a83f-eba2-4236-9615-55dfe5f165fc,KXCANADAPM-45-C,2025-04-25T23:13:31.295885Z,99.00,0.1900,0.8100,yes
a74ce3db-a070-4d1c-aa7c-4240c1c0650d,KXCANADAPM-45-C,2025-04-25T23:04:13.451442Z,249.00,0.1900,0.8100,yes
39d7c5f4-9f06-4892-84f4-af0397a8b924,KXCANADAPM-45-C,2025-04-25T22:59:16.760475Z,250.00,0.1900,0.8100,yes
7dfcac25-9899-4820-87a3-97c793564665,KXCANADAPM-45-C,2025-04-25T22:43:56.73594Z,421.00,0.1900,0.8100,yes
c416e3b1-9a7b-4191-8f73-7f6a314e4b79,KXCANADAPM-45-C,2025-04-25T22:32:57.768072Z,112.00,0.1900,0.8100,yes
b90e4fb7-c437-41d4-b4e4-a3e55c495b02,KXCANADAPM-45-C,2025-04-25T22:32:57.768072Z,12.00,0.1900,0.8100,yes
3d7e12b7-40ec-4a8d-ba4a-38c5299d04f8,KXCANADAPM-45-C,2025-04-25T22:25:05.161206Z,1245.00,0.1900,0.8100,yes
6cdf57b5-fbcf-4de1-a2c3-cc71a41faa3c,KXCANADAPM-45-C,2025-04-25T22:14:07.054397Z,49.00,0.1900,0.8100,yes
51d039aa-b843-4cf2-a56d-b50dabf2d193,KXCANADAPM-45-C,2025-04-25T22:07:26.508861Z,508.00,0.1900,0.8100,yes
3cb900ba-dbcd-40be-be48-09964182c604,KXCANADAPM-45-C,2025-04-25T22:00:15.057346Z,282.00,0.1900,0.8100,no
99264dc9-c421-47aa-b7d3-8d1e9a1d9e24,KXCANADAPM-45-C,2025-04-25T22:00:11.342117Z,49.00,0.1900,0.8100,yes
7051665d-87d8-443b-b02c-86c3109b686e,KXCANADAPM-45-C,2025-04-25T22:00:11.342117Z,137.00,0.1900,0.8100,yes
6ae5948a-7e13-44c4-b86d-61be144fda00,KXCANADAPM-45-C,2025-04-25T22:00:11.342117Z,64.00,0.1900,0.8100,yes
2154ff20-a51e-4cd3-afcf-53a8fba18611,KXCANADAPM-45-C,2025-04-25T21:59:16.302074Z,99.00,0.1900,0.8100,yes
40b0b5da-8cec-4cf7-b23e-f68fde37a2fc,KXCANADAPM-45-C,2025-04-25T21:57:41.439907Z,49.00,0.1900,0.8100,yes
deace48f-9695-4f33-aff0-3d5a9f5cb64b,KXCANADAPM-45-C,2025-04-25T21:55:38.685938Z,249.00,0.1900,0.8100,yes
e4b7da4c-15f8-482d-9f49-634b33e45926,KXCANADAPM-45-C,2025-04-25T21:54:32.054263Z,500.00,0.1900,0.8100,yes
cee9554d-ead8-4cf8-9dca-2d6128385817,KXCANADAPM-45-C,2025-04-25T21:43:59.300424Z,4000.00,0.1900,0.8100,yes
b07028ad-539b-4840-b4af-32b0eb3386d1,KXCANADAPM-45-C,2025-04-25T21:43:59.300424Z,1039.00,0.1900,0.8100,yes
6c67ad98-0bc8-46c5-9702-47c9ec77ac54,KXCANADAPM-45-C,2025-04-25T21:43:59.300424Z,1053.00,0.1900,0.8100,yes
3bdf7918-1569-4d85-a5b6-bbcbbf2514e6,KXCANADAPM-45-C,2025-04-25T21:38:28.628474Z,12.00,0.1900,0.8100,yes
e4ef676f-27a5-40d0-9fa5-bb84dfe16d9d,KXCANADAPM-45-C,2025-04-25T21:35:44.904131Z,996.00,0.1900,0.8100,yes
460aa889-7190-41fd-a0d4-7f8b557b6dd6,KXCANADAPM-45-C,2025-04-25T21:35:35.030313Z,1939.00,0.1900,0.8100,yes
450029d0-4031-45ea-b548-72bb0ade3018,KXCANADAPM-45-C,2025-04-25T21:35:35.030313Z,6968.00,0.1900,0.8100,yes
ed70905e-c966-4713-9f88-98c3829e0db3,KXCANADAPM-45-C,2025-04-25T21:26:30.57398Z,49.00,0.1900,0.8100,yes
79d323b3-8c74-4fc6-9037-1970bf28ebeb,KXCANADAPM-45-C,2025-04-25T21:26:20.472553Z,124.00,0.1900,0.8100,yes
bc129723-e7ae-458b-bd2a-8cd50ed079ce,KXCANADAPM-45-C,2025-04-25T21:24:11.151224Z,705.00,0.1900,0.8100,yes
76154226-ec0a-4aa0-b72d-8a168da0248b,KXCANADAPM-45-C,2025-04-25T21:22:04.794368Z,4.00,0.1900,0.8100,yes
1285ddd9-79fe-4af9-b109-5e2e82c63147,KXCANADAPM-45-C,2025-04-25T21:20:23.008516Z,2440.00,0.1900,0.8100,yes
1da88c6b-6ad9-470e-b918-3f2753081f57,KXCANADAPM-45-C,2025-04-25T21:15:26.09194Z,24.00,0.1800,0.8200,no
0b1b6a24-b985-4984-baf4-99d9787a3ee2,KXCANADAPM-45-C,2025-04-25T21:03:26.973746Z,6.00,0.1800,0.8200,no
6fa5257d-d22c-4b63-86b4-9c4bdb4f2e1e,KXCANADAPM-45-C,2025-04-25T21:01:29.245104Z,24.00,0.1900,0.8100,yes
22357d32-3d0e-4297-94f8-9db96e05beb2,KXCANADAPM-45-C,2025-04-25T20:51:48.140968Z,291.00,0.1800,0.8200,yes
d3c60c02-2b7d-421e-8169-630b17e2c33c,KXCANADAPM-45-C,2025-04-25T20:48:07.151192Z,300.00,0.1800,0.8200,no
faf8854b-4ea5-46bd-9e73-63a091fd432e,KXCANADAPM-45-C,2025-04-25T20:47:52.85851Z,13.00,0.1800,0.8200,no
f7811d41-f5e0-4f87-b2bb-abb60d2edaae,KXCANADAPM-45-C,2025-04-25T20:47:52.85851Z,6.00,0.1800,0.8200,no
f4de35ab-3b47-4315-b45e-da7acc8ed627,KXCANADAPM-45-C,2025-04-25T20:47:52.85851Z,2500.00,0.1800,0.8200,no
f0aa5ae9-6388-44da-a1ce-d90d19231bb5,KXCANADAPM-45-C,2025-04-25T20:47:52.85851Z,13.00,0.1800,0.8200,no
c51759a4-7b4b-4c1d-9cb1-b12505b4c06c,KXCANADAPM-45-C,2025-04-25T20:47:52.85851Z,13.00,0.1800,0.8200,no
bacffac8-2c2e-4d6a-b112-e4f21afa842b,KXCANADAPM-45-C,2025-04-25T20:47:52.85851Z,1000.00,0.1800,0.8200,no
a94a195c-7d1a-4fb5-a28d-6c183876b409,KXCANADAPM-45-C,2025-04-25T20:47:52.85851Z,14475.00,0.1800,0.8200,no
6adbc952-7e67-4591-8a57-bdaec0147410,KXCANADAPM-45-C,2025-04-25T20:47:52.85851Z,1000.00,0.1800,0.8200,no
5938aece-45d0-4367-9ee4-9c80c6911e85,KXCANADAPM-45-C,2025-04-25T20:47:52.85851Z,5.00,0.1800,0.8200,no
1a5bf7a0-b289-463c-bc39-69132bcd68e5,KXCANADAPM-45-C,2025-04-25T20:47:52.85851Z,320.00,0.1800,0.8200,no
9d30818a-ab79-4f52-a653-b094aa33ae56,KXCANADAPM-45-C,2025-04-25T20:27:19.084521Z,4.00,0.1900,0.8100,yes
8d06a31e-e74f-410a-aefc-703b5b189264,KXCANADAPM-45-C,2025-04-25T20:11:52.538332Z,55.00,0.1800,0.8200,no
1ab892e9-8a8a-43a7-8ead-1f6ef45e29c6,KXCANADAPM-45-C,2025-04-25T20:06:16.954288Z,201.00,0.1800,0.8200,no
ea6fd327-6384-4b2e-b6ef-ba33f6ba2572,KXCANADAPM-45-C,2025-04-25T20:00:36.382238Z,100.00,0.1900,0.8100,yes
b29b3821-1d5e-46f6-8433-e91f95d8d655,KXCANADAPM-45-C,2025-04-25T20:00:36.382238Z,200.00,0.1900,0.8100,yes
a0580919-2fa6-4f26-b94f-16a5f8da895c,KXCANADAPM-45-C,2025-04-25T20:00:36.382238Z,100.00,0.1900,0.8100,yes
9f32306d-c7b4-4f84-830c-a947ca683234,KXCANADAPM-45-C,2025-04-25T20:00:36.382238Z,50.00,0.1900,0.8100,yes
7523c51c-0cc3-438a-9baa-fc0caa7afd1c,KXCANADAPM-45-C,2025-04-25T20:00:36.382238Z,200.00,0.1900,0.8100,yes
6bd17a6a-1b98-412d-8852-1c1b46236f98,KXCANADAPM-45-C,2025-04-25T20:00:36.382238Z,105.00,0.1900,0.8100,yes
5844d4ae-75ec-4a1c-bbba-1611b498f62e,KXCANADAPM-45-C,2025-04-25T20:00:36.382238Z,200.00,0.1900,0.8100,yes
561c2551-4e51-4780-992f-d23030fa648e,KXCANADAPM-45-C,2025-04-25T20:00:36.382238Z,21.00,0.1900,0.8100,yes
72f13fb5-7e45-4d83-b64f-9a643c641565,KXCANADAPM-45-C,2025-04-25T19:56:50.572931Z,49.00,0.1900,0.8100,yes
e04c7de3-91e5-46e4-9151-92bd5cdd49f5,KXCANADAPM-45-C,2025-04-25T19:55:17.520504Z,17.00,0.1800,0.8200,no
3d1846ab-84c4-4b1d-b398-e34a80f0fbec,KXCANADAPM-45-C,2025-04-25T19:44:07.276843Z,24.00,0.1900,0.8100,yes
5e08129f-3cf2-47d3-880c-bf6c066a6eaa,KXCANADAPM-45-C,2025-04-25T19:31:52.991749Z,555.00,0.1900,0.8100,yes
8954f070-7991-4d49-8af8-33f09967331b,KXCANADAPM-45-C,2025-04-25T19:17:32.37751Z,122.00,0.1900,0.8100,yes
84957fd2-0097-41a0-aba2-33463150ab38,KXCANADAPM-45-C,2025-04-25T19:05:14.246294Z,252.00,0.1800,0.8200,no
6fc0cac4-3d21-4a96-9be9-cd78b54a5bc5,KXCANADAPM-45-C,2025-04-25T19:05:14.246294Z,247.00,0.1800,0.8200,no
37fb3d7a-cf0b-4ae7-b15c-8f32a4fa6b4a,KXCANADAPM-45-C,2025-04-25T19:05:09.608184Z,16.00,0.1900,0.8100,yes
04a6278a-2b97-4463-83ec-d69607ddc74a,KXCANADAPM-45-C,2025-04-25T19:02:11.475435Z,499.00,0.1800,0.8200,no
9a6b11b4-fcb6-4b69-b701-f55dc0860781,KXCANADAPM-45-C,2025-04-25T18:22:49.957839Z,3.00,0.1900,0.8100,yes
8991ae60-e9fe-4db7-b687-e5b517cd92f3,KXCANADAPM-45-C,2025-04-25T18:16:31.533327Z,4.00,0.1900,0.8100,yes
8a501299-0ab8-47d8-b1a5-24051a51ed58,KXCANADAPM-45-C,2025-04-25T17:52:07.553732Z,24.00,0.1900,0.8100,yes
957aab81-fe01-4322-8fb0-aec9687f9e2f,KXCANADAPM-45-C,2025-04-25T17:44:31.09199Z,6994.00,0.1900,0.8100,yes
823f1228-c3d2-4f64-85be-276ee1bf7fbf,KXCANADAPM-45-C,2025-04-25T17:43:25.654503Z,47.00,0.1800,0.8200,no
f7bfae53-2011-43a8-b9c1-e863dc705e6d,KXCANADAPM-45-C,2025-04-25T17:38:16.797319Z,24.00,0.1900,0.8100,yes
d6ed4265-f19c-4350-9f8c-2b689416d82a,KXCANADAPM-45-C,2025-04-25T17:35:17.835098Z,12.00,0.1900,0.8100,yes
f889d775-4a69-4a00-ae8a-7b5312e19591,KXCANADAPM-45-C,2025-04-25T17:34:36.481208Z,82.00,0.1800,0.8200,no
c56cb4db-2480-4905-9e52-7f933fa3107c,KXCANADAPM-45-C,2025-04-25T17:24:17.039892Z,22.00,0.1800,0.8200,no
58e7a4f2-30d6-4989-8826-b5f4dea7a1ec,KXCANADAPM-45-C,2025-04-25T17:23:42.201009Z,103.00,0.1800,0.8200,no
31e1c47f-cd1b-4e53-a88e-c4ada8a228ac,KXCANADAPM-45-C,2025-04-25T17:23:42.201009Z,4.00,0.1800,0.8200,no
a172076c-8e38-4dfa-90a5-6035dfb61967,KXCANADAPM-45-C,2025-04-25T17:03:17.65646Z,307.00,0.1800,0.8200,yes
65e30003-0373-4beb-b9a8-cf61a94346a9,KXCANADAPM-45-C,2025-04-25T17:03:17.65646Z,441.00,0.1900,0.8100,yes
f5887a7c-534c-4bb4-8980-3e8b1a3196f2,KXCANADAPM-45-C,2025-04-25T16:55:40.200426Z,2500.00,0.1800,0.8200,no
d0c59be4-1501-4b3b-9458-77ffac24b84f,KXCANADAPM-45-C,2025-04-25T16:55:40.200426Z,3.00,0.1800,0.8200,no
bf1b4621-393c-4328-828e-1e64337abcfc,KXCANADAPM-45-C,2025-04-25T16:55:40.200426Z,29.00,0.1800,0.8200,no
a0fdf945-f594-442d-8838-94f41a2e7c93,KXCANADAPM-45-C,2025-04-25T16:55:40.200426Z,1.00,0.1800,0.8200,no
8bfa8f56-acba-475d-a174-5ca35f7fda48,KXCANADAPM-45-C,2025-04-25T16:55:40.200426Z,29.00,0.1800,0.8200,no
8af8d0d4-11ef-494b-8cf2-4965b11605bf,KXCANADAPM-45-C,2025-04-25T16:55:40.200426Z,21.00,0.1800,0.8200,no
89f13639-71e8-42f4-9014-de8ce472fe83,KXCANADAPM-45-C,2025-04-25T16:55:40.200426Z,34.00,0.1800,0.8200,no
36cfd7f8-d619-4df1-a970-b1507bc759c7,KXCANADAPM-45-C,2025-04-25T16:55:40.200426Z,10000.00,0.1800,0.8200,no
2636c8e6-2a58-4637-8d26-cc38aae82f37,KXCANADAPM-45-C,2025-04-25T16:55:40.200426Z,282.00,0.1800,0.8200,no
20683945-fefa-442d-87e1-c6f72e035ac7,KXCANADAPM-45-C,2025-04-25T16:55:40.200426Z,29.00,0.1800,0.8200,no
2506eb91-6aa4-4d71-8332-4b49fd0062a4,KXCANADAPM-45-C,2025-04-25T16:54:38.717211Z,500.00,0.1900,0.8100,yes
3a2a7865-eb62-4fc9-9d0b-347da1bc19a4,KXCANADAPM-45-C,2025-04-25T16:15:15.781923Z,22.00,0.1900,0.8100,yes
adb43f38-482d-482d-8318-dcac7a7e8d9e,KXCANADAPM-45-C,2025-04-25T16:05:53.084046Z,40.00,0.1900,0.8100,yes
e0988dd5-bdda-4afc-aee5-af26ad83a9ee,KXCANADAPM-45-C,2025-04-25T16:03:53.301374Z,149.00,0.1900,0.8100,yes
e6880998-e077-451c-9e35-13d12dfe010e,KXCANADAPM-45-C,2025-04-25T15:41:21.040157Z,12.00,0.1800,0.8200,no
b91760b1-3840-4ad1-8dab-d2e8be8e2f8c,KXCANADAPM-45-C,2025-04-25T15:36:46.943481Z,99.00,0.1900,0.8100,yes
99e49df4-aa01-42cc-b5e3-2e8aa88764b0,KXCANADAPM-45-C,2025-04-25T15:31:55.539652Z,249.00,0.1900,0.8100,yes
3d04091d-1071-4214-a8ae-a5d6e9a2f059,KXCANADAPM-45-C,2025-04-25T15:28:57.094797Z,4000.00,0.1900,0.8100,yes
78e2a52d-40b4-46b9-9c81-30b6e87948ff,KXCANADAPM-45-C,2025-04-25T15:28:01.002584Z,500.00,0.1900,0.8100,yes
10456184-c015-4634-9251-5270e9fa7ca1,KXCANADAPM-45-C,2025-04-25T15:22:57.274357Z,2491.00,0.1900,0.8100,yes
3de80b70-98f5-477c-bab3-d3e1e2a5ecca,KXCANADAPM-45-C,2025-04-25T15:20:48.334086Z,456.00,0.1800,0.8200,no
46973d82-272c-489f-bad2-9be6e5002bd1,KXCANADAPM-45-C,2025-04-25T15:20:44.165126Z,3092.00,0.1900,0.8100,yes
2aa007a7-2d6d-40c3-9447-131d426755ca,KXCANADAPM-45-C,2025-04-25T15:20:44.165126Z,740.00,0.1900,0.8100,yes
35265914-e95b-4c01-bcf5-b76b75530d59,KXCANADAPM-45-C,2025-04-25T15:19:07.642906Z,2490.00,0.1900,0.8100,yes
ec94958a-3beb-4aed-8639-f51ea675ff26,KXCANADAPM-45-C,2025-04-25T15:07:32.324588Z,498.00,0.1900,0.8100,yes
0f14d968-403b-4093-a108-24aa44fd0e83,KXCANADAPM-45-C,2025-04-25T15:07:10.370436Z,3.00,0.1800,0.8200,no
595d46fc-d352-4b2b-891b-8a9317395ee8,KXCANADAPM-45-C,2025-04-25T15:06:08.23464Z,183.00,0.1900,0.8100,yes
bf438e85-6823-41a5-847a-1af4d5498015,KXCANADAPM-45-C,2025-04-25T14:54:53.149938Z,9.00,0.1900,0.8100,yes
5d050b33-42dd-4e2a-abe6-c5d84df04339,KXCANADAPM-45-C,2025-04-25T14:24:30.926037Z,498.00,0.1900,0.8100,yes
d67e471a-5016-47fb-9fe2-c7dfbd6c929c,KXCANADAPM-45-C,2025-04-25T14:18:58.528931Z,37.00,0.1900,0.8100,yes
8ce4d491-d250-4100-adcc-0e5e935d2336,KXCANADAPM-45-C,2025-04-25T14:13:52.840886Z,99.00,0.1900,0.8100,yes
cc460f43-a0e0-4ef8-8ffe-81d1b8c28dca,KXCANADAPM-45-C,2025-04-25T13:06:14.839532Z,1245.00,0.1900,0.8100,yes
aba56b7a-6e2a-402f-93f9-757837ef28ea,KXCANADAPM-45-C,2025-04-25T12:41:37.715375Z,1849.00,0.1900,0.8100,yes
18e7342a-3078-437e-b5d2-42293bfce2c1,KXCANADAPM-45-C,2025-04-25T12:40:49.578037Z,98.00,0.1800,0.8200,no
ad8be9f0-518a-484f-b497-58512c848ee6,KXCANADAPM-45-C,2025-04-25T12:38:57.998884Z,200.00,0.1800,0.8200,no
9462be22-88da-429f-81b5-fbf014e80aae,KXCANADAPM-45-C,2025-04-25T12:36:39.635532Z,69.00,0.1800,0.8200,no
71f4a02f-a829-4495-8d41-fbe334dd7676,KXCANADAPM-45-C,2025-04-25T12:18:27.251627Z,3439.00,0.1800,0.8200,yes
f7d70d47-bb35-4b48-885f-88da0ce0b25e,KXCANADAPM-45-C,2025-04-25T12:12:37.435666Z,250.00,0.1800,0.8200,yes
8682376b-f148-469a-8670-97edc17d3dc8,KXCANADAPM-45-C,2025-04-25T12:12:37.435666Z,1561.00,0.1800,0.8200,yes
0ab691ac-ba51-44ce-a311-a73653d11e63,KXCANADAPM-45-C,2025-04-25T12:04:19.264759Z,1977.00,0.1700,0.8300,yes
73853a11-38fc-490f-a8dd-aca5fec5caed,KXCANADAPM-45-C,2025-04-25T12:02:00.055742Z,122.00,0.1700,0.8300,yes
addb6a9e-3df3-4d9e-8de1-4279d3c10da2,KXCANADAPM-45-C,2025-04-25T05:46:17.12259Z,16.00,0.1700,0.8300,yes
284cd34e-9d93-4338-a7f1-062b44366659,KXCANADAPM-45-C,2025-04-25T05:21:06.953935Z,546.00,0.1700,0.8300,yes
2d3b4b67-1739-4661-8e3f-d35c4496735a,KXCANADAPM-45-C,2025-04-25T05:01:02.825396Z,100.00,0.1700,0.8300,yes
0d42a843-8594-4545-a9f0-9c8aa40ee1e4,KXCANADAPM-45-C,2025-04-25T04:35:31.277831Z,83.00,0.1700,0.8300,yes
cd70bcf7-ed39-4cca-912c-3af6579301f5,KXCANADAPM-45-C,2025-04-25T03:43:32.39611Z,30.00,0.1700,0.8300,yes
7781e4ee-714b-42ec-b382-618c6baa04ac,KXCANADAPM-45-C,2025-04-25T03:43:32.39611Z,20.00,0.1700,0.8300,yes
72ec76c5-9be3-497c-8b16-e1b3332da83a,KXCANADAPM-45-C,2025-04-25T03:43:32.39611Z,30.00,0.1700,0.8300,yes
685ec285-e8d7-4f8b-94b9-fe59ab6bbf10,KXCANADAPM-45-C,2025-04-25T03:43:32.39611Z,30.00,0.1700,0.8300,yes
34b5b8f6-101e-460d-bb76-3e7b0b462998,KXCANADAPM-45-C,2025-04-25T03:43:32.39611Z,156.00,0.1700,0.8300,yes
e566c2e5-097a-4498-8f56-21fc44edab02,KXCANADAPM-45-C,2025-04-25T03:29:23.89794Z,10000.00,0.1600,0.8400,yes
e38f5324-04f8-4b9c-b20a-0db5bbd87090,KXCANADAPM-45-C,2025-04-25T03:28:42.495026Z,100.00,0.1600,0.8400,yes
df9f3713-41af-45d2-b7f5-b632a1e99b92,KXCANADAPM-45-C,2025-04-25T03:28:42.495026Z,2700.00,0.1600,0.8400,yes
322f5e1e-cddf-4c04-a4ee-ad9da2539945,KXCANADAPM-45-C,2025-04-25T03:16:28.425021Z,47.00,0.1500,0.8500,no
59755323-5832-4177-8eb0-ea1294ceb600,KXCANADAPM-45-C,2025-04-25T02:55:30.893374Z,160.00,0.1500,0.8500,no
fb99826b-0f63-4827-aa35-197a3d3171a3,KXCANADAPM-45-C,2025-04-25T02:05:40.456842Z,93.00,0.1500,0.8500,no
7e8f4b0f-4f54-4784-ae89-e6fbcfd52456,KXCANADAPM-45-C,2025-04-25T01:55:50.755151Z,570.00,0.1600,0.8400,yes
19d6e2f4-4789-4d6e-bfb6-7ad53f52ff52,KXCANADAPM-45-C,2025-04-25T01:54:09.399133Z,118.00,0.1600,0.8400,yes
e485f951-676d-4445-a5d9-86723a11e4d3,KXCANADAPM-45-C,2025-04-25T01:41:35.662297Z,1.00,0.1600,0.8400,yes
bee11cd0-ea14-4659-baa5-e5a79e37a86a,KXCANADAPM-45-C,2025-04-25T01:41:35.662297Z,1000.00,0.1600,0.8400,yes
ae9cc902-d2fc-4e41-8fd0-45753da8bc56,KXCANADAPM-45-C,2025-04-25T01:41:35.662297Z,345.00,0.1600,0.8400,yes
a271a83d-c5c0-4003-a47c-c5eba39f30cb,KXCANADAPM-45-C,2025-04-25T01:41:35.662297Z,100.00,0.1600,0.8400,yes
3801b5b1-8553-4cea-b07c-f5469b39eb4b,KXCANADAPM-45-C,2025-04-25T01:41:35.662297Z,1446.00,0.1600,0.8400,yes
180be773-8e67-4a2d-8d90-b4f79a1c925a,KXCANADAPM-45-C,2025-04-25T01:34:07.696875Z,259.00,0.1500,0.8500,yes
bd1bec18-345e-4d58-92ee-ea5e390b3efa,KXCANADAPM-45-C,2025-04-25T01:33:40.339678Z,146.00,0.1500,0.8500,no
91f1c1cb-34e0-4f02-b054-9ef9ea4e88f1,KXCANADAPM-45-C,2025-04-25T01:33:40.339678Z,11912.00,0.1500,0.8500,no
68a48ecd-c9a4-440d-80bd-dec7308f2405,KXCANADAPM-45-C,2025-04-25T01:19:32.465009Z,581.00,0.1600,0.8400,yes
4d0bdac9-f9af-4218-b587-e65ebfe1d999,KXCANADAPM-45-C,2025-04-25T01:06:33.323508Z,100.00,0.1500,0.8500,no
eae5c4e2-6d5e-4df8-980e-1ac16b4f0a7d,KXCANADAPM-45-C,2025-04-25T01:02:03.405906Z,1180.00,0.1600,0.8400,yes
2f6779c1-e571-4ab7-acba-f351c0ff1ca9,KXCANADAPM-45-C,2025-04-25T01:00:52.118203Z,289.00,0.1600,0.8400,yes
aa01212d-c9e7-476b-b61e-c58589cd14fa,KXCANADAPM-45-C,2025-04-25T00:53:46.995617Z,17911.00,0.1500,0.8500,yes
531e649a-6c3f-48d4-8396-6f610b92f389,KXCANADAPM-45-C,2025-04-25T00:53:46.995617Z,1507.00,0.1500,0.8500,yes
265e5f71-b639-4d11-af8a-70919121ff68,KXCANADAPM-45-C,2025-04-25T00:53:46.995617Z,132.00,0.1500,0.8500,yes
286fb3d8-cd9e-4338-89f1-c1e9de932d1d,KXCANADAPM-45-C,2025-04-25T00:53:14.011689Z,749.00,0.1500,0.8500,yes
902f5721-0205-42ac-9c2c-66625f8daff0,KXCANADAPM-45-C,2025-04-25T00:43:29.448617Z,251.00,0.1500,0.8500,yes
dfe55124-a61f-4ee5-9f05-c74cead3f52b,KXCANADAPM-45-C,2025-04-25T00:33:47.89756Z,1.00,0.1500,0.8500,yes
6bb8ede7-aa77-4356-9b69-15479d214738,KXCANADAPM-45-C,2025-04-25T00:26:06.022118Z,1000.00,0.1500,0.8500,yes
4b5e33d2-d7de-455d-ab5b-f704c6ea2dda,KXCANADAPM-45-C,2025-04-25T00:15:19.516454Z,246.00,0.1500,0.8500,yes
12f99335-b2f1-4b8d-ba56-6b71ac0ee922,KXCANADAPM-45-C,2025-04-25T00:11:00.383501Z,314.00,0.1500,0.8500,yes
69e79021-c0c0-42e8-8f14-6ec6c17d5487,KXCANADAPM-45-C,2025-04-24T23:51:58.040442Z,99.00,0.1500,0.8500,yes
5c1dd75a-9913-41c5-bcf9-20a7476ae3fd,KXCANADAPM-45-C,2025-04-24T23:12:47.272469Z,1574.00,0.1500,0.8500,yes
50ca1068-d449-445d-9bc7-d7e45d133454,KXCANADAPM-45-C,2025-04-24T23:09:58.373107Z,377.00,0.1500,0.8500,yes
905cda61-e283-438b-98ef-94ed5a5efa7d,KXCANADAPM-45-C,2025-04-24T22:41:50.360708Z,25.00,0.1500,0.8500,yes
a7f3996e-220d-4bdd-b5e7-54c066430c48,KXCANADAPM-45-C,2025-04-24T22:41:03.270274Z,66.00,0.1500,0.8500,yes
6c1ef1bd-9c02-4cea-abff-04aa226ef556,KXCANADAPM-45-C,2025-04-24T22:23:22.549022Z,23.00,0.1400,0.8600,no
70fbe991-f303-44e4-b792-97d434e6a0c4,KXCANADAPM-45-C,2025-04-24T22:03:14.108554Z,100.00,0.1500,0.8500,yes
9f49ff42-8c9e-4852-ac38-8220cd9a9ecf,KXCANADAPM-45-C,2025-04-24T21:43:49.96818Z,1573.00,0.1500,0.8500,yes
dca54894-f0c9-4074-91cb-926c166a11fc,KXCANADAPM-45-C,2025-04-24T21:29:48.762113Z,115.00,0.1400,0.8600,no
503ccbb0-e567-4ba7-9242-77afff86ed13,KXCANADAPM-45-C,2025-04-24T21:08:56.806817Z,314.00,0.1500,0.8500,yes
605c08d9-2719-4941-9730-7f6253784cba,KXCANADAPM-45-C,2025-04-24T20:08:05.137015Z,400.00,0.1500,0.8500,yes
7566af4e-7387-408d-9b04-474d0486cf51,KXCANADAPM-45-C,2025-04-24T20:06:55.919095Z,617.00,0.1500,0.8500,yes
7c0d8d18-3450-4a4d-89bf-b737c5caf598,KXCANADAPM-45-C,2025-04-24T19:53:58.852336Z,50.00,0.1500,0.8500,yes
f0f0beb2-f6e3-4e3f-bb13-a5b46614d93a,KXCANADAPM-45-C,2025-04-24T19:46:17.194154Z,650.00,0.1600,0.8400,yes
31f21a0f-35c9-45d8-aeb4-219e41e33e63,KXCANADAPM-45-C,2025-04-24T19:46:17.194154Z,1504.00,0.1600,0.8400,yes
24f5eaf4-66d3-41a6-977b-a4254f422778,KXCANADAPM-45-C,2025-04-24T19:40:54.81962Z,247.00,0.1500,0.8500,no
9a3d02ef-c13f-4e76-a5ee-cb45593a2516,KXCANADAPM-45-C,2025-04-24T19:40:48.43102Z,143.00,0.1500,0.8500,yes
8b06695e-f135-4dbe-af3b-5a75097ba981,KXCANADAPM-45-C,2025-04-24T19:40:48.43102Z,1500.00,0.1500,0.8500,yes
1b5268a8-a0c5-4c88-8377-8c9b776418bc,KXCANADAPM-45-C,2025-04-24T19:40:48.43102Z,10864.00,0.1500,0.8500,yes
14b5c6c9-9085-4004-aa69-e8181484409b,KXCANADAPM-45-C,2025-04-24T19:40:48.43102Z,2093.00,0.1500,0.8500,yes
13625a52-5293-4fe1-a169-5b9608a5bda2,KXCANADAPM-45-C,2025-04-24T19:40:48.43102Z,1000.00,0.1500,0.8500,yes
c877a578-bfc0-421b-af38-5210dfa9d73c,KXCANADAPM-45-C,2025-04-24T19:31:51.457752Z,1600.00,0.1500,0.8500,yes
f22d1665-58ca-438b-a578-82b40cd99a10,KXCANADAPM-45-C,2025-04-24T19:24:59.314649Z,629.00,0.1500,0.8500,yes
cc565936-29e0-4482-ac5f-ecc44aa73f4b,KXCANADAPM-45-C,2025-04-24T19:24:36.774297Z,1255.00,0.1500,0.8500,yes
a61c9b84-4a5e-49c0-9c58-8c1be2b85ab9,KXCANADAPM-45-C,2025-04-24T18:58:34.59566Z,308.00,0.1500,0.8500,yes
51ffd03b-01ff-472a-a838-3f59e55c02fe,KXCANADAPM-45-C,2025-04-24T18:40:59.414854Z,287.00,0.1400,0.8600,no
d0b2b389-aa2f-4e6e-8841-6cba7115c7ce,KXCANADAPM-45-C,2025-04-24T18:30:10.801319Z,198.00,0.1400,0.8600,no
71895a80-a663-4e9a-8ec3-3e89b1fdb107,KXCANADAPM-45-C,2025-04-24T18:30:10.801319Z,8.00,0.1400,0.8600,no
c60c0e04-c123-4ce4-823e-0f8a8ce79877,KXCANADAPM-45-C,2025-04-24T17:49:45.555856Z,62.00,0.1500,0.8500,yes
b8b5b49b-48d7-4c73-9f3e-ab9bc4a31ecc,KXCANADAPM-45-C,2025-04-24T17:36:13.940143Z,42.00,0.1400,0.8600,no
9c10709f-f8c6-477f-b0bd-7305df367189,KXCANADAPM-45-C,2025-04-24T17:35:46.263374Z,500.00,0.1500,0.8500,yes
aa78391a-a36b-4701-9c65-c8af855009e1,KXCANADAPM-45-C,2025-04-24T17:27:06.602202Z,157.00,0.1500,0.8500,yes
bdc37376-5c05-4a35-ae84-2fb3be360950,KXCANADAPM-45-C,2025-04-24T17:26:53.310009Z,31.00,0.1500,0.8500,yes
c355facb-f6ba-479b-8243-0cc3ab2357cb,KXCANADAPM-45-C,2025-04-24T17:18:52.305852Z,314.00,0.1500,0.8500,yes
496dd98e-2df3-459f-9d50-8ac42c351b39,KXCANADAPM-45-C,2025-04-24T17:12:20.451517Z,24.00,0.1500,0.8500,yes
9d84d539-4988-4dc8-9dfb-ac898a1b8154,KXCANADAPM-45-C,2025-04-24T17:11:45.617723Z,629.00,0.1500,0.8500,yes
f809ade0-f6f5-4d84-8611-f2db68f49295,KXCANADAPM-45-C,2025-04-24T16:45:26.202562Z,94.00,0.1500,0.8500,yes
bf3f627a-666e-4394-8e85-6556c8def3d3,KXCANADAPM-45-C,2025-04-24T16:42:51.058611Z,100.00,0.1500,0.8500,yes
0425261a-f44b-4d37-99ff-dd375af0e038,KXCANADAPM-45-C,2025-04-24T15:53:08.604177Z,309.00,0.1500,0.8500,yes
a65fff92-b2ae-4181-aa07-7fdb192d21db,KXCANADAPM-45-C,2025-04-24T15:50:29.435153Z,50.00,0.1400,0.8600,no
2d8afb7c-5684-4323-acc9-323a39792bb7,KXCANADAPM-45-C,2025-04-24T15:40:16.502059Z,1.00,0.1500,0.8500,yes
77d090ad-ce07-45af-a438-19af418bc332,KXCANADAPM-45-C,2025-04-24T15:20:22.942928Z,616.00,0.1500,0.8500,yes
bed88ae0-7150-4e71-abd7-3f9cf698332c,KXCANADAPM-45-C,2025-04-24T15:15:17.125529Z,50.00,0.1400,0.8600,no
8638e962-7fb3-40e3-b083-345938974b8b,KXCANADAPM-45-C,2025-04-24T15:15:17.125529Z,5.00,0.1400,0.8600,no
123682c4-7b79-4592-b7ae-6fdfbdd416bb,KXCANADAPM-45-C,2025-04-24T15:10:28.091341Z,1851.00,0.1500,0.8500,yes
a83631fa-1f8e-4f9e-84be-f11a7f358199,KXCANADAPM-45-C,2025-04-24T15:07:58.195466Z,6.00,0.1500,0.8500,yes
6126cc0e-10d1-4e03-b36a-7bc81ea75181,KXCANADAPM-45-C,2025-04-24T14:28:14.419433Z,992.00,0.1500,0.8500,yes
535f1452-227c-45c8-95fd-146c94fcb7e2,KXCANADAPM-45-C,2025-04-24T14:24:45.63762Z,23.00,0.1500,0.8500,yes
d2a650ab-79b6-467b-9cb2-fb9d9a0c24f4,KXCANADAPM-45-C,2025-04-24T13:31:26.388222Z,314.00,0.1500,0.8500,yes
a4ff5bc7-7f30-4aa6-80c7-bf9c44e3a9e2,KXCANADAPM-45-C,2025-04-24T13:17:01.294573Z,180.00,0.1500,0.8500,yes
6ea72395-e9d1-4af1-86e6-cd181c584495,KXCANADAPM-45-C,2025-04-24T13:17:01.294573Z,92.00,0.1500,0.8500,yes
9d99489a-e347-4bcf-b805-867df2c76e0d,KXCANADAPM-45-C,2025-04-24T13:00:35.708143Z,56.00,0.1500,0.8500,yes
c49f401b-6500-4bc7-afa8-5cd0aa40f7a7,KXCANADAPM-45-C,2025-04-24T12:50:10.259445Z,62.00,0.1500,0.8500,yes
0059e24c-96ef-411b-b1d5-e27879267761,KXCANADAPM-45-C,2025-04-24T12:49:37.448944Z,629.00,0.1500,0.8500,yes
353d52d4-a4c9-4f29-9230-228bb9a5c257,KXCANADAPM-45-C,2025-04-24T12:46:07.511457Z,1573.00,0.1500,0.8500,yes
60747001-4ec1-4df8-b320-eec90cbd45e0,KXCANADAPM-45-C,2025-04-24T12:35:38.08517Z,1573.00,0.1500,0.8500,yes
2ccb5a1d-3978-4f5d-ae1a-50dbebc3db6c,KXCANADAPM-45-C,2025-04-24T12:29:53.922392Z,62.00,0.1500,0.8500,yes
a34a078f-d4b3-4092-ad62-23d1f39422c1,KXCANADAPM-45-C,2025-04-24T12:11:51.185847Z,62.00,0.1500,0.8500,yes
7c0b0367-ec5c-4bc8-9fdd-4d0dc8da6745,KXCANADAPM-45-C,2025-04-24T12:01:12.502307Z,357.00,0.1600,0.8400,yes
72761643-a9f9-4469-8b6b-d8ad616b162c,KXCANADAPM-45-C,2025-04-24T12:01:12.502307Z,8.00,0.1500,0.8500,yes
238540ba-1927-479a-803a-8ed6c2757f1d,KXCANADAPM-45-C,2025-04-24T12:01:12.502307Z,240.00,0.1500,0.8500,yes
cb948d5f-662c-4aec-9755-49f831176c2e,KXCANADAPM-45-C,2025-04-24T06:46:31.324608Z,500.00,0.1500,0.8500,no
742e323c-bae3-4db6-8774-3f15dd9f6ce4,KXCANADAPM-45-C,2025-04-24T06:46:31.324608Z,131.00,0.1500,0.8500,no
6b7bcb7f-2624-4a8b-b1bb-e5a8cc397a17,KXCANADAPM-45-C,2025-04-24T06:46:31.324608Z,19.00,0.1500,0.8500,no
51b57f54-47d0-4eb6-971b-1de8c9c6943d,KXCANADAPM-45-C,2025-04-24T06:09:09.415955Z,99.00,0.1500,0.8500,no
eb2e1038-3cae-4000-ad3a-3dd93586758d,KXCANADAPM-45-C,2025-04-24T05:43:20.951851Z,500.00,0.1600,0.8400,yes
c89f5d3d-7f76-4b2f-80c5-063fc241b40c,KXCANADAPM-45-C,2025-04-24T05:43:20.951851Z,2179.00,0.1600,0.8400,yes
8a127072-3047-4666-bbfa-d2205723cde7,KXCANADAPM-45-C,2025-04-24T05:43:20.951851Z,3.00,0.1600,0.8400,yes
7c26b8a9-0838-42e1-a1ce-53da3cade125,KXCANADAPM-45-C,2025-04-24T05:43:20.951851Z,650.00,0.1600,0.8400,yes
5628a4c0-738d-462d-8464-47c8d87e061d,KXCANADAPM-45-C,2025-04-24T05:43:20.951851Z,2668.00,0.1600,0.8400,yes
332e3d12-8948-43bd-b699-482cf70110e6,KXCANADAPM-45-C,2025-04-24T05:43:20.951851Z,1000.00,0.1600,0.8400,yes
723ec6bc-37d5-4f30-a722-4bc7ba8c9d80,KXCANADAPM-45-C,2025-04-24T05:10:27.53826Z,550.00,0.1500,0.8500,no
d20d8af0-0fd9-4886-8600-95b9984fc4ed,KXCANADAPM-45-C,2025-04-24T05:04:32.841692Z,578.00,0.1600,0.8400,yes
88bd0775-f989-4b65-8baf-1e3f1d3ac255,KXCANADAPM-45-C,2025-04-24T05:01:26.527886Z,578.00,0.1600,0.8400,yes
20fcf31f-2433-4955-bdaa-bd4a7ce1f811,KXCANADAPM-45-C,2025-04-24T04:30:51.232215Z,2720.00,0.1500,0.8500,no
010905b8-868d-47e4-98ba-b8f22d51458f,KXCANADAPM-45-C,2025-04-24T04:25:45.378552Z,295.00,0.1600,0.8400,yes
dc3cf536-6ad1-413b-8d40-6ea14afbfb9d,KXCANADAPM-45-C,2025-04-24T04:09:23.593927Z,753.00,0.1500,0.8500,no
cefcb93d-a7bb-4263-8757-57f2780c8323,KXCANADAPM-45-C,2025-04-24T04:09:23.593927Z,500.00,0.1500,0.8500,no
417899fa-2e82-4668-87a8-4d2f0ea5d44d,KXCANADAPM-45-C,2025-04-24T04:09:23.593927Z,749.00,0.1500,0.8500,no
ab59059c-2ed3-4b0d-a7ff-7d20bdb276d1,KXCANADAPM-45-C,2025-04-24T02:20:05.251224Z,10.00,0.1500,0.8500,no
2f844dc9-0c46-4231-9a02-cdc3085b705c,KXCANADAPM-45-C,2025-04-24T02:19:54.287003Z,596.00,0.1500,0.8500,no
7c8b51ee-2ed2-4003-aadd-4b9bc6434556,KXCANADAPM-45-C,2025-04-24T02:18:58.61093Z,400.00,0.1500,0.8500,no
fc184d3a-0124-4c2b-822c-d12c8442399d,KXCANADAPM-45-C,2025-04-24T02:17:35.658383Z,247.00,0.1500,0.8500,no
53254675-07b2-4790-8b8f-d817a2cd17ee,KXCANADAPM-45-C,2025-04-24T02:17:35.658383Z,245.00,0.1500,0.8500,no
b39ac523-5830-470c-b8a3-85160616890d,KXCANADAPM-45-C,2025-04-24T01:59:18.089482Z,295.00,0.1600,0.8400,yes
21170d7d-e99c-4943-a484-c74708ec6775,KXCANADAPM-45-C,2025-04-24T01:53:54.899245Z,60.00,0.1600,0.8400,yes
a14e40f3-1bba-4223-ae58-25aba8239cd9,KXCANADAPM-45-C,2025-04-24T01:51:25.447625Z,7.00,0.1600,0.8400,yes
379e50e2-a056-4e7d-aa27-b05717b8def3,KXCANADAPM-45-C,2025-04-24T01:30:46.968175Z,867.00,0.1600,0.8400,yes
a142e5ca-5683-464a-b0b2-0ba154a9c559,KXCANADAPM-45-C,2025-04-24T01:22:14.270417Z,290.00,0.1600,0.8400,yes
ea238f8c-9de9-44d8-9b43-5f43c708b9e5,KXCANADAPM-45-C,2025-04-24T01:13:29.555157Z,202.00,0.1600,0.8400,yes
9107d472-a00e-463a-922b-a3a7b354ce44,KXCANADAPM-45-C,2025-04-23T23:56:36.532627Z,25.00,0.1600,0.8400,yes
07f3bd20-2891-41b3-9ff6-4db67e73cdb5,KXCANADAPM-45-C,2025-04-23T23:19:32.278313Z,206.00,0.1600,0.8400,yes
d666d220-2e64-47ee-9cfd-c5224668ae76,KXCANADAPM-45-C,2025-04-23T23:18:42.814791Z,53.00,0.1500,0.8500,no
c5d9cbe8-bad5-4ae4-b44f-542b1678644f,KXCANADAPM-45-C,2025-04-23T23:18:42.814791Z,1847.00,0.1500,0.8500,no
823c8d22-e35e-4af3-997a-e269e1c6993e,KXCANADAPM-45-C,2025-04-23T23:11:49.494711Z,696.00,0.1600,0.8400,yes
f6d3155d-da86-4e85-853a-8d06bb51f9f9,KXCANADAPM-45-C,2025-04-23T23:07:22.092564Z,313.00,0.1500,0.8500,no
2eb91fd1-ef24-451f-93e0-3203db1efb88,KXCANADAPM-45-C,2025-04-23T22:55:43.632059Z,295.00,0.1500,0.8500,no
bd9d78a3-b27f-4f5d-b5ba-e344c3ea4613,KXCANADAPM-45-C,2025-04-23T22:53:09.979415Z,295.00,0.1600,0.8400,yes
7eca53bd-6a7d-4e83-b5f0-0f37a9fc0689,KXCANADAPM-45-C,2025-04-23T22:15:14.221922Z,295.00,0.1600,0.8400,yes
a5e9c9bb-a297-4007-aab5-424710383d46,KXCANADAPM-45-C,2025-04-23T22:12:09.578901Z,116.00,0.1500,0.8500,no
132a3fc1-a8fe-4da8-83ad-096f73658a13,KXCANADAPM-45-C,2025-04-23T22:03:03.578307Z,59.00,0.1600,0.8400,yes
f26fd92b-d8bf-4ac2-9eaa-5929afd097b9,KXCANADAPM-45-C,2025-04-23T21:35:59.897778Z,59.00,0.1600,0.8400,yes
b6f3485b-51e8-4ef9-9a31-9cd345ba04e7,KXCANADAPM-45-C,2025-04-23T21:33:29.799107Z,32.00,0.1600,0.8400,yes
7827f705-24b6-4e9b-a55c-d877eaf5cbc4,KXCANADAPM-45-C,2025-04-23T21:33:29.799107Z,558.00,0.1600,0.8400,yes
3fa06b36-0214-4b9b-a67d-e94296c63006,KXCANADAPM-45-C,2025-04-23T21:32:57.449067Z,18.00,0.1500,0.8500,no
ff96f7b3-3b45-4ed8-9050-686c0fc90858,KXCANADAPM-45-C,2025-04-23T21:25:37.439797Z,68.00,0.1600,0.8400,yes
eef9b795-d240-404f-979b-0ba112fa5f95,KXCANADAPM-45-C,2025-04-23T21:25:37.439797Z,4.00,0.1600,0.8400,yes
800e445b-a0c5-47cb-94dd-3186a8818b1a,KXCANADAPM-45-C,2025-04-23T21:25:37.439797Z,6.00,0.1600,0.8400,yes
2d301cde-488d-46ce-ac8e-4cb4c7674099,KXCANADAPM-45-C,2025-04-23T21:25:37.439797Z,6.00,0.1600,0.8400,yes
9c7a1acd-0c0f-4582-8665-9c4813b946a2,KXCANADAPM-45-C,2025-04-23T21:22:48.296246Z,10.00,0.1500,0.8500,no
e2734349-b13c-4814-b4d1-4522b04d5942,KXCANADAPM-45-C,2025-04-23T21:02:44.730244Z,99.00,0.1500,0.8500,no
a3360ba2-d3db-4a73-9f85-00b8775c6435,KXCANADAPM-45-C,2025-04-23T21:02:44.730244Z,2500.00,0.1500,0.8500,no
864140a0-e476-4222-a7b3-f5266d453f0c,KXCANADAPM-45-C,2025-04-23T21:02:44.730244Z,7401.00,0.1500,0.8500,no
935854b0-5df2-47b1-96c1-0c78a026f3d0,KXCANADAPM-45-C,2025-04-23T20:55:45.703611Z,1.00,0.1500,0.8500,no
c371da64-f0c0-4ed9-bb0b-edfa627df78f,KXCANADAPM-45-C,2025-04-23T20:55:16.517379Z,1.00,0.1600,0.8400,yes
be97fbc1-1aef-4946-b1a1-6c29d4b149f6,KXCANADAPM-45-C,2025-04-23T20:55:16.517379Z,600.00,0.1600,0.8400,yes
0eb160f5-e41a-48b3-b565-f2ab6ee18f85,KXCANADAPM-45-C,2025-04-23T20:55:16.517379Z,2649.00,0.1600,0.8400,yes
8871acea-07c0-47b3-a5e1-6e316e665151,KXCANADAPM-45-C,2025-04-23T20:15:53.802539Z,733.00,0.1600,0.8400,yes
6af23a4a-dadc-47ec-bf2d-d0e4e5e091fb,KXCANADAPM-45-C,2025-04-23T20:15:53.802539Z,71.00,0.1600,0.8400,yes
3eb36a7e-af74-43d4-9fe5-eef8fef57a2a,KXCANADAPM-45-C,2025-04-23T20:15:53.802539Z,71.00,0.1600,0.8400,yes
08ad5aba-aecc-4416-a2c1-39c1342637ed,KXCANADAPM-45-C,2025-04-23T20:15:53.802539Z,10.00,0.1600,0.8400,yes
8934c4a6-3198-4475-a29f-6357fdddd0ed,KXCANADAPM-45-C,2025-04-23T19:31:07.088796Z,29.00,0.1600,0.8400,yes
abdaef2b-c146-4042-b1ae-4edf60bdf038,KXCANADAPM-45-C,2025-04-23T19:10:33.594109Z,237.00,0.1600,0.8400,yes
87808662-4024-4ba1-a970-129ddd2dafba,KXCANADAPM-45-C,2025-04-23T19:10:33.594109Z,341.00,0.1600,0.8400,yes
d4f845c4-19c8-45b7-834b-0543ecc6ae1a,KXCANADAPM-45-C,2025-04-23T18:35:30.692816Z,7978.00,0.1500,0.8500,no
d3f0cccd-e978-4ff3-9a35-497a5fbc46fd,KXCANADAPM-45-C,2025-04-23T18:35:30.692816Z,15.00,0.1500,0.8500,no
92a13797-6607-401e-a2e4-0eac43677bda,KXCANADAPM-45-C,2025-04-23T18:35:30.692816Z,15.00,0.1500,0.8500,no
9191eb56-655a-4fbb-a1ac-44a56f7fcba0,KXCANADAPM-45-C,2025-04-23T18:35:30.692816Z,15.00,0.1500,0.8500,no
2526d03d-9e6c-438f-992a-eeb7741957a6,KXCANADAPM-45-C,2025-04-23T18:35:30.692816Z,7.00,0.1500,0.8500,no
1cd52b7a-43c1-486c-81c5-cfdd9c5b6eb3,KXCANADAPM-45-C,2025-04-23T18:33:22.956646Z,58.00,0.1600,0.8400,yes
eccd756b-2d84-42ef-97f1-522db2f19b9d,KXCANADAPM-45-C,2025-04-23T18:27:57.978058Z,101.00,0.1600,0.8400,yes
5bd7a062-4fdb-47dc-90d4-16818205ede6,KXCANADAPM-45-C,2025-04-23T18:24:57.817414Z,1533.00,0.1500,0.8500,no
fc6dda8a-38af-4226-abf9-670af07f1d88,KXCANADAPM-45-C,2025-04-23T18:10:51.214045Z,5.00,0.1500,0.8500,no
ea7ebcf7-4492-4274-8e36-b635a6e65d38,KXCANADAPM-45-C,2025-04-23T18:10:51.214045Z,31.00,0.1600,0.8400,no
e3a9895d-9d51-4618-bcd9-9bd4fb85764b,KXCANADAPM-45-C,2025-04-23T18:10:51.214045Z,31.00,0.1600,0.8400,no
c7540ba4-e601-4494-a4c0-1f65bd4bcba9,KXCANADAPM-45-C,2025-04-23T18:10:51.214045Z,40.00,0.1500,0.8500,no
c1b8d428-b354-44aa-8515-63d8a7e144ed,KXCANADAPM-45-C,2025-04-23T18:10:51.214045Z,138.00,0.1600,0.8400,no
958a40d6-c43b-4c38-bf5b-83d8057b7694,KXCANADAPM-45-C,2025-04-23T18:10:51.214045Z,8907.00,0.1600,0.8400,no
7f7d37b4-dc8d-40eb-8170-1a397dc7fb4a,KXCANADAPM-45-C,2025-04-23T18:10:51.214045Z,15.00,0.1500,0.8500,no
74d613fb-8688-4926-8130-1f23a11f3197,KXCANADAPM-45-C,2025-04-23T18:10:51.214045Z,4.00,0.1500,0.8500,no
724b4968-89b4-48d9-97a2-c88bbd6d607b,KXCANADAPM-45-C,2025-04-23T18:10:51.214045Z,40.00,0.1500,0.8500,no
640c4c39-87ba-422b-8cf5-80cb2d6b7f07,KXCANADAPM-45-C,2025-04-23T18:10:51.214045Z,40.00,0.1500,0.8500,no
583d26c6-7cd6-4706-89e6-14be3ed877fa,KXCANADAPM-45-C,2025-04-23T18:10:51.214045Z,250.00,0.1500,0.8500,no
5549c536-5df2-4081-b4f9-253e01050dba,KXCANADAPM-45-C,2025-04-23T18:10:51.214045Z,31.00,0.1600,0.8400,no
368be395-50e6-4fcd-8854-52608f0c2cd3,KXCANADAPM-45-C,2025-04-23T18:10:51.214045Z,178.00,0.1600,0.8400,no
29b94d3a-0d82-4f77-a031-f5a848d7e521,KXCANADAPM-45-C,2025-04-23T18:10:51.214045Z,23.00,0.1600,0.8400,no
12055b7d-4e0c-4484-ba0c-f597be376096,KXCANADAPM-45-C,2025-04-23T18:10:51.214045Z,20000.00,0.1500,0.8500,no
cd60c50a-51b5-420a-9a61-d0bbb8fd39ca,KXCANADAPM-45-C,2025-04-23T18:04:52.175658Z,155.00,0.1700,0.8300,yes
af0e66bb-0691-4d35-b886-762ad751afd1,KXCANADAPM-45-C,2025-04-23T18:04:52.175658Z,345.00,0.1700,0.8300,yes
d447ebb6-639a-4301-af92-149cfb8b4f5a,KXCANADAPM-45-C,2025-04-23T18:01:10.290918Z,55.00,0.1700,0.8300,yes
10715b14-c7b0-44c9-a2de-19555f248e37,KXCANADAPM-45-C,2025-04-23T17:59:57.088469Z,138.00,0.1700,0.8300,yes
fd6723a4-def4-4b16-b23c-f8bea4eb861b,KXCANADAPM-45-C,2025-04-23T17:20:33.376969Z,55.00,0.1700,0.8300,yes
88633fb0-f971-49da-8a30-48d84f992902,KXCANADAPM-45-C,2025-04-23T17:06:53.646019Z,6.00,0.1700,0.8300,yes
6d3fdddb-8664-40ab-8004-8a4b2d162ace,KXCANADAPM-45-C,2025-04-23T17:06:53.646019Z,44.00,0.1700,0.8300,yes
56088333-02b3-49c6-a1b4-ea762a53d445,KXCANADAPM-45-C,2025-04-23T17:06:53.646019Z,4.00,0.1700,0.8300,yes
479ebc75-3e82-42d5-81ce-3d9e379ca1bc,KXCANADAPM-45-C,2025-04-23T17:06:53.646019Z,6.00,0.1700,0.8300,yes
5d028bba-40c6-4510-a3bf-3174d17b34a9,KXCANADAPM-45-C,2025-04-23T16:57:08.115371Z,1.00,0.1600,0.8400,no
38356873-57b1-47c3-b189-11695794c645,KXCANADAPM-45-C,2025-04-23T16:47:17.719311Z,74.00,0.1600,0.8400,yes
85131a96-6a09-4008-b176-0a3621e52c21,KXCANADAPM-45-C,2025-04-23T16:34:24.115835Z,59.00,0.1600,0.8400,yes
61cbce3d-9e2c-4440-8819-44b017365cba,KXCANADAPM-45-C,2025-04-23T16:27:55.684767Z,61.00,0.1600,0.8400,no
bd8c6f59-5949-4be7-ac9d-0093766b1e82,KXCANADAPM-45-C,2025-04-23T16:21:59.877979Z,49.00,0.1900,0.8100,yes
f9a7c8de-834d-4115-ab70-fcac6f3a6b25,KXCANADAPM-45-C,2025-04-23T16:21:38.255981Z,8.00,0.1800,0.8200,yes
f4d86a92-01e1-48f4-b312-ed3ee490a9c0,KXCANADAPM-45-C,2025-04-23T16:21:38.255981Z,2577.00,0.1700,0.8300,yes
ec8ab250-0af7-48b5-a9e5-4c7a3fe28366,KXCANADAPM-45-C,2025-04-23T16:21:38.255981Z,3561.00,0.1900,0.8100,yes
eb471e74-25a4-4322-ba17-2e0be5eafb31,KXCANADAPM-45-C,2025-04-23T16:21:38.255981Z,5000.00,0.1800,0.8200,yes
e7342278-fa29-4a6f-8cca-3b662f312232,KXCANADAPM-45-C,2025-04-23T16:21:38.255981Z,30.00,0.1800,0.8200,yes
d1379263-281b-4e70-968e-a27b47183647,KXCANADAPM-45-C,2025-04-23T16:21:38.255981Z,10000.00,0.1700,0.8300,yes
c7da9b70-55f1-4408-84de-a3179a13ac8a,KXCANADAPM-45-C,2025-04-23T16:21:38.255981Z,600.00,0.1700,0.8300,yes
bdcd6790-9580-4c9c-9aaa-43868a04ca35,KXCANADAPM-45-C,2025-04-23T16:21:38.255981Z,11.00,0.1800,0.8200,yes
bab676a6-b087-46c8-8624-b135e91c6b89,KXCANADAPM-45-C,2025-04-23T16:21:38.255981Z,8.00,0.1800,0.8200,yes
a2a7eeec-6c27-4502-adfe-409727fedef5,KXCANADAPM-45-C,2025-04-23T16:21:38.255981Z,4.00,0.1700,0.8300,yes
9b381dfa-5844-435f-a7f9-80161cd5d4fc,KXCANADAPM-45-C,2025-04-23T16:21:38.255981Z,123.00,0.1900,0.8100,yes
94030315-bde7-49d7-87a6-b58586922566,KXCANADAPM-45-C,2025-04-23T16:21:38.255981Z,32.00,0.1700,0.8300,yes
91ca734c-e02d-4734-8a99-3d4eef161346,KXCANADAPM-45-C,2025-04-23T16:21:38.255981Z,8.00,0.1800,0.8200,yes
826f44cd-0cf5-4901-88b9-e456acc9d33b,KXCANADAPM-45-C,2025-04-23T16:21:38.255981Z,250.00,0.1900,0.8100,yes
4f4722a3-7209-4567-9e6d-d60e67f3c8e5,KXCANADAPM-45-C,2025-04-23T16:21:38.255981Z,1908.00,0.1800,0.8200,yes
4c6b4b0c-13c8-46fc-80dd-fbaf9515be51,KXCANADAPM-45-C,2025-04-23T16:21:38.255981Z,30.00,0.1800,0.8200,yes
48d07757-4e8a-41f8-b988-a6cf1a613970,KXCANADAPM-45-C,2025-04-23T16:21:38.255981Z,40.00,0.1700,0.8300,yes
409b84ad-2fce-4c63-9135-9fda828de3de,KXCANADAPM-45-C,2025-04-23T16:21:38.255981Z,20.00,0.1800,0.8200,yes
34da8ab2-c647-4a4e-ba1e-6adb0d3165a2,KXCANADAPM-45-C,2025-04-23T16:21:38.255981Z,2.00,0.1800,0.8200,yes
2ddd809c-50af-4405-9d55-d51ba315d0f8,KXCANADAPM-45-C,2025-04-23T16:21:38.255981Z,40.00,0.1700,0.8300,yes
2c405882-4977-4ede-a047-8f7a075a9f60,KXCANADAPM-45-C,2025-04-23T16:21:38.255981Z,10000.00,0.1600,0.8400,yes
25f455f9-7766-4308-abe2-8b8a5146594c,KXCANADAPM-45-C,2025-04-23T16:21:38.255981Z,16813.00,0.1600,0.8400,yes
237c69c8-d26f-45d8-b6da-ed5b70ecaf59,KXCANADAPM-45-C,2025-04-23T16:21:38.255981Z,234.00,0.1600,0.8400,yes
224f6202-6f3e-4c37-8649-ff573c98c243,KXCANADAPM-45-C,2025-04-23T16:21:38.255981Z,2000.00,0.1800,0.8200,yes
1ce5eb87-79b2-4ce8-a65f-ed765d94e9f3,KXCANADAPM-45-C,2025-04-23T16:21:38.255981Z,40.00,0.1700,0.8300,yes
15e6ea80-77a2-4c9b-bf23-727743ff509b,KXCANADAPM-45-C,2025-04-23T16:21:38.255981Z,30.00,0.1800,0.8200,yes
0c15de5b-a0a6-474c-abaa-d36543f04de3,KXCANADAPM-45-C,2025-04-23T16:21:38.255981Z,2988.00,0.1600,0.8400,yes
1cf54be4-56af-4586-9064-b675656f2ae6,KXCANADAPM-45-C,2025-04-23T15:36:14.577086Z,29.00,0.1600,0.8400,yes
e1f4fd76-82df-408a-b661-b7839c7914e8,KXCANADAPM-45-C,2025-04-23T15:33:37.171564Z,15.00,0.1600,0.8400,no
b51696f8-2b20-41b9-a4d1-c9703fc347dd,KXCANADAPM-45-C,2025-04-23T15:33:37.171564Z,42.00,0.1600,0.8400,no
8e413cf7-8b2d-4ff5-b324-dfd1e8770fd1,KXCANADAPM-45-C,2025-04-23T15:33:37.171564Z,14.00,0.1600,0.8400,no
623f3674-b158-48b6-84c6-51851f8e22a9,KXCANADAPM-45-C,2025-04-23T15:33:37.171564Z,42.00,0.1600,0.8400,no
4d04bbea-92a0-410a-9207-227fb5df040c,KXCANADAPM-45-C,2025-04-23T15:33:37.171564Z,200.00,0.1600,0.8400,no
aacc55f8-4543-45c5-a190-7224260833f4,KXCANADAPM-45-C,2025-04-23T15:32:30.831307Z,27.00,0.1600,0.8400,no
9466df20-9260-43bc-bc21-2bcece713dd1,KXCANADAPM-45-C,2025-04-23T15:32:30.831307Z,4973.00,0.1600,0.8400,no
6a558e49-90e8-4544-aee5-be6284828f7d,KXCANADAPM-45-C,2025-04-23T15:30:14.057043Z,500.00,0.1700,0.8300,yes
b4091de1-829d-4599-a82b-c47053c0f020,KXCANADAPM-45-C,2025-04-23T15:27:48.028135Z,17.00,0.1600,0.8400,no
3d68f918-79b9-4759-896b-cef9014a71f0,KXCANADAPM-45-C,2025-04-23T15:13:31.594582Z,27.00,0.1700,0.8300,yes
3d80ed01-aae9-4c7d-80ab-0e85fa02b321,KXCANADAPM-45-C,2025-04-23T15:05:16.875709Z,100.00,0.1700,0.8300,yes
bde3e7d9-e6f1-44af-a5da-feaeec105723,KXCANADAPM-45-C,2025-04-23T14:40:18.652991Z,14.00,0.1700,0.8300,yes
8ef5b155-bed0-4021-9add-9215563ef559,KXCANADAPM-45-C,2025-04-23T14:40:18.652991Z,2610.00,0.1700,0.8300,yes
5a5dda58-22dd-4d11-928e-362798953ad2,KXCANADAPM-45-C,2025-04-23T14:40:18.652991Z,376.00,0.1700,0.8300,yes
d8992251-46e2-4b29-a5e3-e89c9fdb5465,KXCANADAPM-45-C,2025-04-23T14:37:48.634559Z,10.00,0.1600,0.8400,no
a6c8b476-59f3-4642-8596-3e1ebb3b176e,KXCANADAPM-45-C,2025-04-23T14:37:44.163067Z,5.00,0.1700,0.8300,yes
afc4acc8-dad2-4c7e-9f05-aec24f693436,KXCANADAPM-45-C,2025-04-23T14:34:54.809175Z,11.00,0.1700,0.8300,yes
e77a26c1-8d91-450a-9a38-4217969c281e,KXCANADAPM-45-C,2025-04-23T14:15:12.945427Z,55.00,0.1700,0.8300,yes
9a9e64ff-ef76-405d-bc3b-e2753fc877c5,KXCANADAPM-45-C,2025-04-23T13:37:30.086532Z,555.00,0.1700,0.8300,yes
fa712f6c-6a22-4e61-8ddb-3e0a3e11966a,KXCANADAPM-45-C,2025-04-23T13:25:26.669941Z,567.00,0.1700,0.8300,no
757007f1-67bf-4c8d-823d-d60517bf31ea,KXCANADAPM-45-C,2025-04-23T13:25:26.669941Z,247.00,0.1700,0.8300,no
018fc95e-b02e-4c9a-bccd-ac981fdcf8e5,KXCANADAPM-45-C,2025-04-23T13:25:26.669941Z,101.00,0.1700,0.8300,no
f2613951-41f3-47f8-8114-ebe59c1eddc4,KXCANADAPM-45-C,2025-04-23T12:46:32.588365Z,111.00,0.1800,0.8200,yes
9b8a98f0-5aaf-4aeb-a3ea-81c3a7adbdd0,KXCANADAPM-45-C,2025-04-23T12:45:56.220396Z,10.00,0.1800,0.8200,yes
96e604b7-cbe2-4590-8682-bd9cb77882ca,KXCANADAPM-45-C,2025-04-23T12:26:55.947503Z,1598.00,0.1700,0.8300,no
6b4bfa89-472d-4bf1-8329-6563ca3e11bb,KXCANADAPM-45-C,2025-04-23T12:26:55.947503Z,400.00,0.1700,0.8300,no
4af33247-f167-4a2f-a531-f56ec83b3e6b,KXCANADAPM-45-C,2025-04-23T12:26:55.947503Z,2.00,0.1700,0.8300,no
d26ac941-4408-4af1-836d-466df9b7b342,KXCANADAPM-45-C,2025-04-23T06:28:13.097712Z,26.00,0.1800,0.8200,yes
57292822-80a9-4c26-9d0c-ee9016a9478e,KXCANADAPM-45-C,2025-04-23T06:13:00.017377Z,10.00,0.1800,0.8200,yes
771ac57d-d8e7-4adc-a260-0ef21fa94a3b,KXCANADAPM-45-C,2025-04-23T06:09:30.059774Z,52.00,0.1800,0.8200,yes
51355876-5544-4526-9e08-9e7c8c5c525b,KXCANADAPM-45-C,2025-04-23T04:00:48.798336Z,262.00,0.1800,0.8200,yes
73b09b51-af40-42e5-9e9b-e4d68c6af82c,KXCANADAPM-45-C,2025-04-23T03:57:25.072114Z,10.00,0.1800,0.8200,yes
8b39b719-bff2-4d3e-8cd2-3f52072a0ce6,KXCANADAPM-45-C,2025-04-23T03:50:24.608299Z,52.00,0.1800,0.8200,yes
723bd4ef-12c2-40b0-b7c5-7c8b664e9ce1,KXCANADAPM-45-C,2025-04-23T03:23:37.110969Z,500.00,0.1800,0.8200,yes
efed844b-7428-42e7-b7aa-058556237bf1,KXCANADAPM-45-C,2025-04-23T02:51:56.182189Z,5148.00,0.1800,0.8200,yes
cdc4e23c-f9d4-4c46-bbfa-2a6ff330b15f,KXCANADAPM-45-C,2025-04-23T02:49:34.515057Z,5.00,0.1800,0.8200,yes
5ce76bf8-a93a-4054-873d-38fcdc0c15a2,KXCANADAPM-45-C,2025-04-23T02:38:41.348835Z,523.00,0.1800,0.8200,yes
e5277ba4-6aaa-4d4c-a50d-485db689039e,KXCANADAPM-45-C,2025-04-23T02:31:53.227348Z,350.00,0.1800,0.8200,yes
72608128-9429-49af-badc-ffed2cbc3d84,KXCANADAPM-45-C,2025-04-23T02:19:55.013429Z,3.00,0.1700,0.8300,no
39c2f7af-9300-4084-b79a-a1a413dacfb9,KXCANADAPM-45-C,2025-04-23T02:19:55.013429Z,16.00,0.1700,0.8300,no
fcf3ee19-346a-4c93-9433-3982b1bf1d8d,KXCANADAPM-45-C,2025-04-23T02:10:34.929355Z,17.00,0.1700,0.8300,no
0432310f-dd46-4cec-ac08-740610b6dd88,KXCANADAPM-45-C,2025-04-23T01:52:07.634866Z,10.00,0.1700,0.8300,no
60a3d8a8-5bdd-475b-99c0-1da0ba89d823,KXCANADAPM-45-C,2025-04-23T01:42:52.928084Z,52.00,0.1800,0.8200,yes
cea787e1-cac8-4a92-9fce-15f982ed62f7,KXCANADAPM-45-C,2025-04-23T01:12:19.818129Z,2.00,0.1800,0.8200,yes
8113be7a-63ed-4e63-9210-0042dd9c873a,KXCANADAPM-45-C,2025-04-23T01:05:37.246563Z,2.00,0.1700,0.8300,no
d67f1ddc-4873-4b3c-8ee5-e01ee947e833,KXCANADAPM-45-C,2025-04-23T00:46:36.606613Z,131.00,0.1800,0.8200,yes
2e25b07c-e8c3-4f49-ad91-42e7a2cbd466,KXCANADAPM-45-C,2025-04-23T00:46:09.936256Z,262.00,0.1800,0.8200,yes
f9a505b8-18e9-45c4-b17b-957a5a9c269a,KXCANADAPM-45-C,2025-04-23T00:43:54.928385Z,1.00,0.1800,0.8200,yes
684d0c21-5943-479e-a203-496099b1ffc2,KXCANADAPM-45-C,2025-04-23T00:23:31.236674Z,525.00,0.1800,0.8200,yes
673147e6-86d4-4582-9ff2-b300b298022a,KXCANADAPM-45-C,2025-04-23T00:21:45.332401Z,49.00,0.1800,0.8200,no
0cc1dc18-4136-42ec-a063-d4a0d2e9b71e,KXCANADAPM-45-C,2025-04-23T00:21:45.332401Z,11.00,0.1800,0.8200,no
6e4c18ad-485e-4d7f-94b5-52eecc78d88b,KXCANADAPM-45-C,2025-04-23T00:11:06.90768Z,119.00,0.1700,0.8300,no
fbecfe6c-ec5e-492c-8da9-4cdae954fada,KXCANADAPM-45-C,2025-04-23T00:08:30.132653Z,45.00,0.1900,0.8100,yes
bee30837-8019-4200-acc8-4576a79a82b9,KXCANADAPM-45-C,2025-04-23T00:08:30.132653Z,5.00,0.1800,0.8200,yes
963c37f5-9434-4423-8341-1e5e20d9dd73,KXCANADAPM-45-C,2025-04-23T00:07:46.866867Z,65.00,0.1800,0.8200,no
c5e1df33-6d25-4fc6-b5ca-280c9a0ce3d9,KXCANADAPM-45-C,2025-04-23T00:07:40.088019Z,65.00,0.1800,0.8200,no
07755d6e-0662-4af8-beaf-6ba498ba1716,KXCANADAPM-45-C,2025-04-23T00:07:31.766159Z,65.00,0.1800,0.8200,no
725dbc25-8ea6-4188-910a-c43781658d46,KXCANADAPM-45-C,2025-04-23T00:07:27.124844Z,65.00,0.1800,0.8200,no
de62a61d-13b6-4755-bcc3-5ffafd9bd08c,KXCANADAPM-45-C,2025-04-23T00:07:23.055688Z,2.00,0.1800,0.8200,no
6d2f029b-3c5e-4d3c-a8c1-3ac33b4939a1,KXCANADAPM-45-C,2025-04-23T00:07:23.055688Z,66.00,0.1800,0.8200,no
364230ae-ce26-43a4-842c-174e09ab3718,KXCANADAPM-45-C,2025-04-23T00:07:23.055688Z,500.00,0.1800,0.8200,no
f9a6ab9a-ccb9-4b73-a799-c1fbe21632b1,KXCANADAPM-45-C,2025-04-23T00:04:16.231993Z,498.00,0.1900,0.8100,yes
8e095cde-416a-4338-984d-24b6f1f4353b,KXCANADAPM-45-C,2025-04-22T23:26:43.100417Z,400.00,0.1800,0.8200,no
0a835c9a-bde3-4872-b4ab-6c5d53ec61aa,KXCANADAPM-45-C,2025-04-22T23:26:28.989958Z,500.00,0.1800,0.8200,no
eb5211cd-8787-424c-9002-01054fb579c4,KXCANADAPM-45-C,2025-04-22T23:22:34.057974Z,31.00,0.1800,0.8200,yes
c4fc62e3-b279-482e-9898-6ef9091bed49,KXCANADAPM-45-C,2025-04-22T23:22:34.057974Z,4342.00,0.1800,0.8200,yes
abe67079-5db7-4cdd-9951-673a04ab1be0,KXCANADAPM-45-C,2025-04-22T23:22:34.057974Z,500.00,0.1800,0.8200,yes
a3a433db-5ac2-4e53-af48-4b2e8ff98466,KXCANADAPM-45-C,2025-04-22T23:22:34.057974Z,24.00,0.1800,0.8200,yes
84c249ca-ab93-45ac-906d-8640bec3b143,KXCANADAPM-45-C,2025-04-22T23:22:34.057974Z,31.00,0.1800,0.8200,yes
48f45e4b-569c-4296-84a5-334a75c36cf6,KXCANADAPM-45-C,2025-04-22T23:22:34.057974Z,2.00,0.1800,0.8200,yes
3ce2cdde-c659-40b8-9f1f-ab3bde54ba2a,KXCANADAPM-45-C,2025-04-22T23:22:34.057974Z,747.00,0.1800,0.8200,yes
0a794db6-a89f-4e62-a392-46280bc61b57,KXCANADAPM-45-C,2025-04-22T23:22:34.057974Z,31.00,0.1800,0.8200,yes
e11cf4bb-c0f2-48c6-b161-6d62abba978c,KXCANADAPM-45-C,2025-04-22T22:44:52.114179Z,1.00,0.1700,0.8300,no
f8978d58-b4d2-458a-a397-106487c401ba,KXCANADAPM-45-C,2025-04-22T22:40:13.865454Z,28.00,0.1800,0.8200,no
f107da90-0d43-44f4-82e2-b13f6cf542f7,KXCANADAPM-45-C,2025-04-22T22:40:13.865454Z,14.00,0.1800,0.8200,no
ed887ac3-9683-474f-9a67-78fc5ee2a2ec,KXCANADAPM-45-C,2025-04-22T22:40:13.865454Z,20.00,0.1800,0.8200,no
ebd74a21-580b-42f1-a4a1-96e1453efbe5,KXCANADAPM-45-C,2025-04-22T22:40:13.865454Z,28.00,0.1800,0.8200,no
e68f0b45-c6f0-4669-b795-d806d62a6e75,KXCANADAPM-45-C,2025-04-22T22:40:13.865454Z,14.00,0.1800,0.8200,no
d0ea2ab4-03eb-47ef-927f-c09128b139e1,KXCANADAPM-45-C,2025-04-22T22:40:13.865454Z,24.00,0.1800,0.8200,no
cc77d370-daaf-41ad-af59-f5e056af2a9d,KXCANADAPM-45-C,2025-04-22T22:40:13.865454Z,4833.00,0.1800,0.8200,no
aff8aec1-8b26-4400-a0a7-501ed9d85edb,KXCANADAPM-45-C,2025-04-22T22:40:13.865454Z,14.00,0.1800,0.8200,no
a18a0f7b-a676-4f6a-a8be-12d1e5709dfb,KXCANADAPM-45-C,2025-04-22T22:40:13.865454Z,7.00,0.1800,0.8200,no
59b469da-0773-430d-bb01-8a3c1bb9076d,KXCANADAPM-45-C,2025-04-22T22:40:13.865454Z,6.00,0.1800,0.8200,no
57acd8d8-2511-4a2e-b741-ddf164fec177,KXCANADAPM-45-C,2025-04-22T22:40:13.865454Z,5.00,0.1800,0.8200,no
4d7f7998-08ac-49c6-a455-c862897829aa,KXCANADAPM-45-C,2025-04-22T22:40:13.865454Z,7.00,0.1800,0.8200,no
2eb9767c-ea8c-41ab-92be-442f9e5edc93,KXCANADAPM-45-C,2025-04-22T22:40:13.865454Z,28.00,0.1800,0.8200,no
1fbc8b87-fd8d-42f6-b70e-79c5ca0229b8,KXCANADAPM-45-C,2025-04-22T22:40:13.865454Z,100.00,0.1800,0.8200,no
12792cad-86cd-4401-99a9-0f78a91215fb,KXCANADAPM-45-C,2025-04-22T22:40:13.865454Z,7.00,0.1800,0.8200,no
02c230c9-4a03-4bfa-a888-d5135f48c6c3,KXCANADAPM-45-C,2025-04-22T22:40:13.865454Z,3800.00,0.1800,0.8200,no
751b1621-c181-4328-a048-61dfd9be7acd,KXCANADAPM-45-C,2025-04-22T22:39:53.965334Z,1200.00,0.1800,0.8200,no
6e35dfda-55a3-4f6e-a8c1-6397c325c1b2,KXCANADAPM-45-C,2025-04-22T22:39:53.965334Z,300.00,0.1800,0.8200,no
cd28b0d2-a75d-4543-a369-c75f6ce6dfd3,KXCANADAPM-45-C,2025-04-22T22:39:44.952624Z,197.00,0.1900,0.8100,yes
e22b709e-fea9-46ab-b840-249cfa0689b1,KXCANADAPM-45-C,2025-04-22T22:39:39.166944Z,10.00,0.1900,0.8100,no
d1d6bd9b-53d5-4447-8e45-f40af408145a,KXCANADAPM-45-C,2025-04-22T22:39:39.166944Z,100.00,0.1900,0.8100,no
8bfa48cc-be09-4058-be58-7f968b502e14,KXCANADAPM-45-C,2025-04-22T22:39:39.166944Z,2.00,0.1900,0.8100,no
5aead481-db6f-454d-81aa-7a37e1940e42,KXCANADAPM-45-C,2025-04-22T22:39:39.166944Z,400.00,0.1900,0.8100,no
58ed4bc4-e390-4831-9082-530aa9e9330c,KXCANADAPM-45-C,2025-04-22T22:39:39.166944Z,596.00,0.1900,0.8100,no
49eb98bc-ef17-4371-b79b-ad2df3d4a511,KXCANADAPM-45-C,2025-04-22T22:39:39.166944Z,418.00,0.1900,0.8100,no
a41b7a3f-9aba-4379-8217-687e4c9f2e91,KXCANADAPM-45-C,2025-04-22T22:30:04.183693Z,14.00,0.2000,0.8000,yes
e086d9c6-468c-40ae-8ac4-3cbce1638b5f,KXCANADAPM-45-C,2025-04-22T22:28:06.36759Z,7.00,0.2000,0.8000,yes
98c8030c-d813-464a-8756-0d9567a8e10b,KXCANADAPM-45-C,2025-04-22T22:28:06.36759Z,2.00,0.2000,0.8000,yes
57a30f38-722d-461e-b7ab-6cde9a9dc756,KXCANADAPM-45-C,2025-04-22T22:16:54.114513Z,23.00,0.2000,0.8000,yes
fc64dbbc-59bb-469d-80f9-94a4f529364f,KXCANADAPM-45-C,2025-04-22T22:03:47.312305Z,600.00,0.1900,0.8100,no
efa28371-5a07-4869-935e-97de233a754a,KXCANADAPM-45-C,2025-04-22T22:02:32.717009Z,86.00,0.2000,0.8000,yes
c3a52b93-663d-4dc1-bd15-93a278d35b7f,KXCANADAPM-45-C,2025-04-22T22:02:32.717009Z,10.00,0.2000,0.8000,yes
dea16eee-90a7-4f18-a356-f8caa73996a5,KXCANADAPM-45-C,2025-04-22T22:00:55.588396Z,325.00,0.2000,0.8000,yes
e5db471e-ddc0-45f3-b337-3a4f82de5621,KXCANADAPM-45-C,2025-04-22T21:24:46.201309Z,2112.00,0.2000,0.8000,no
c860600e-ba77-4f16-8645-f1c8778e55f1,KXCANADAPM-45-C,2025-04-22T21:24:46.201309Z,35.00,0.2000,0.8000,no
ab6efca2-a17f-4df4-b361-f66f354fc634,KXCANADAPM-45-C,2025-04-22T21:24:46.201309Z,20.00,0.2000,0.8000,no
9f414f27-2b7f-4e28-b4ad-4b6fb2048f09,KXCANADAPM-45-C,2025-04-22T21:24:46.201309Z,31.00,0.2000,0.8000,no
98c3514e-97cc-4fd6-a627-a352fec0ee6f,KXCANADAPM-45-C,2025-04-22T21:24:46.201309Z,436.00,0.2000,0.8000,no
9089da83-ea0c-474d-a77c-86d9ce870e67,KXCANADAPM-45-C,2025-04-22T21:24:46.201309Z,8.00,0.2000,0.8000,no
862fbe51-c4a2-41a6-86da-35de3289d5f7,KXCANADAPM-45-C,2025-04-22T21:24:46.201309Z,10.00,0.2000,0.8000,no
70108a96-9506-416f-a5a1-2b7e17c1d5d1,KXCANADAPM-45-C,2025-04-22T21:24:46.201309Z,200.00,0.2000,0.8000,no
4885ed42-30d0-4bc4-8730-a6f88c29fe59,KXCANADAPM-45-C,2025-04-22T21:24:46.201309Z,35.00,0.2000,0.8000,no
3d975c0a-2eb7-441c-b6a9-3728da233591,KXCANADAPM-45-C,2025-04-22T21:24:46.201309Z,100.00,0.2000,0.8000,no
d2baee4b-59a9-4c20-94a0-118a0723ab45,KXCANADAPM-45-C,2025-04-22T21:24:12.072963Z,10987.00,0.2000,0.8000,no
052c14d0-362c-44ad-b900-9fb99108f04f,KXCANADAPM-45-C,2025-04-22T21:23:47.379467Z,451.00,0.2100,0.7900,yes
abfb9f2f-71e7-480d-800f-c7325f4af972,KXCANADAPM-45-C,2025-04-22T21:20:36.798402Z,6.00,0.2000,0.8000,no
1965a523-7c19-4a1d-935c-84a233818b11,KXCANADAPM-45-C,2025-04-22T21:11:58.073114Z,676.00,0.2100,0.7900,yes
ee7bc6e8-a745-41fa-9650-652406c2711b,KXCANADAPM-45-C,2025-04-22T21:00:19.191854Z,12.00,0.2000,0.8000,no
1ab8827c-a3c6-48e7-959b-86dbfb0ce877,KXCANADAPM-45-C,2025-04-22T20:59:35.868631Z,89.00,0.2000,0.8000,no
a771eb3f-05da-4ba6-8850-64f5a89cce2d,KXCANADAPM-45-C,2025-04-22T20:50:42.403422Z,100.00,0.2000,0.8000,no
9204968a-872f-4d53-9737-6049590bf674,KXCANADAPM-45-C,2025-04-22T20:25:36.732591Z,45.00,0.2100,0.7900,yes
38a35aa5-d0ff-49fb-9a96-2efe11b5c73e,KXCANADAPM-45-C,2025-04-22T20:20:08.933394Z,451.00,0.2100,0.7900,yes
2480d3fa-0454-4876-bc01-fed882134ecd,KXCANADAPM-45-C,2025-04-22T19:44:19.20807Z,6163.00,0.2000,0.8000,no
e0dcabcb-9a93-478c-973d-17b4b2e04085,KXCANADAPM-45-C,2025-04-22T19:26:21.099047Z,40.00,0.2000,0.8000,no
00dcb3b9-1182-4e55-96e2-6b4a71b18135,KXCANADAPM-45-C,2025-04-22T19:26:21.099047Z,531.00,0.2000,0.8000,no
0029e000-bb7f-4701-95f1-d6fdec3b12d9,KXCANADAPM-45-C,2025-04-22T18:43:54.193983Z,48.00,0.2000,0.8000,no
3b576f0b-d508-409b-80ad-d4483e1bdf5f,KXCANADAPM-45-C,2025-04-22T18:42:54.775937Z,4.00,0.2100,0.7900,yes
79c590b8-662a-4e54-a734-764586e57660,KXCANADAPM-45-C,2025-04-22T18:34:52.718791Z,12.00,0.2000,0.8000,no
df54268c-5e5d-4248-b78b-60a573238b9a,KXCANADAPM-45-C,2025-04-22T18:31:02.65697Z,31.00,0.2100,0.7900,no
4a8437b2-8194-4712-ad97-494680860a19,KXCANADAPM-45-C,2025-04-22T18:31:02.65697Z,3.00,0.2100,0.7900,no
f32ae369-388f-480f-a74d-f1b0dcf1c585,KXCANADAPM-45-C,2025-04-22T18:26:35.937364Z,53.00,0.2100,0.7900,yes
f227e8b8-9ee1-49e4-9cbd-96184cab89a4,KXCANADAPM-45-C,2025-04-22T18:26:35.937364Z,181.00,0.2100,0.7900,yes
d705fa2e-de9b-4941-94d0-7aec138457b0,KXCANADAPM-45-C,2025-04-22T18:26:35.937364Z,43.00,0.2200,0.7800,yes
c01481c8-8175-4853-bd78-af8f5a4a758a,KXCANADAPM-45-C,2025-04-22T18:26:35.937364Z,1.00,0.2100,0.7900,yes
1f83c979-a813-4fd2-87d2-241e43bd02d4,KXCANADAPM-45-C,2025-04-22T18:26:35.937364Z,604.00,0.2100,0.7900,yes
f0567a05-762a-4160-98bc-24d1b033278d,KXCANADAPM-45-C,2025-04-22T18:08:49.760477Z,140.00,0.2200,0.7800,yes
d4d7f65c-9c42-4299-bf8a-d3c03ab73ca6,KXCANADAPM-45-C,2025-04-22T18:08:49.760477Z,2.00,0.2200,0.7800,yes
cf2cd9c3-70de-4b14-a06c-df548c2eca8f,KXCANADAPM-45-C,2025-04-22T18:08:49.760477Z,8.00,0.2200,0.7800,yes
b3b61f67-7cea-4353-b1b1-eb51bbf8b377,KXCANADAPM-45-C,2025-04-22T18:08:49.760477Z,10.00,0.2200,0.7800,yes
88968639-4f6a-46e7-96f9-b9f866f54fd6,KXCANADAPM-45-C,2025-04-22T18:08:49.760477Z,4.00,0.2200,0.7800,yes
7ab6c84b-c6b9-4c0b-91a4-8346625fbfff,KXCANADAPM-45-C,2025-04-22T18:08:49.760477Z,8.00,0.2200,0.7800,yes
64f0a64b-977d-4f75-992c-a6f884d91a66,KXCANADAPM-45-C,2025-04-22T18:08:49.760477Z,98.00,0.2100,0.7900,yes
3580e01a-bd76-4312-9ca4-1502e8f05456,KXCANADAPM-45-C,2025-04-22T18:08:49.760477Z,3.00,0.2100,0.7900,yes
1a56ccdd-94bc-4c6f-ae7b-b8a27909afe3,KXCANADAPM-45-C,2025-04-22T18:08:49.760477Z,162.00,0.2100,0.7900,yes
259ad4e3-73a0-4c0d-9462-5be4269c6336,KXCANADAPM-45-C,2025-04-22T17:51:44.252072Z,225.00,0.2100,0.7900,yes
8a8fc07e-238b-48a2-99b2-652c253f748d,KXCANADAPM-45-C,2025-04-22T17:35:14.729532Z,6.00,0.2100,0.7900,yes
624c8a9e-8001-4da8-8952-6c9e71590cb0,KXCANADAPM-45-C,2025-04-22T17:35:14.729532Z,445.00,0.2100,0.7900,yes
31986558-fae4-46cb-a588-120e986e3cd9,KXCANADAPM-45-C,2025-04-22T17:30:35.265528Z,225.00,0.2100,0.7900,yes
03dc3b02-c72c-496f-b6a4-9fcef7a02a5d,KXCANADAPM-45-C,2025-04-22T17:14:23.555728Z,73.00,0.2100,0.7900,no
021eb27c-93e4-4d7f-b527-c96dceb6d26a,KXCANADAPM-45-C,2025-04-22T17:14:23.555728Z,9.00,0.2100,0.7900,no
cdc5db3a-e30b-40cf-9112-73a6b7bb785a,KXCANADAPM-45-C,2025-04-22T17:14:18.64376Z,1.00,0.2200,0.7800,yes
be27905e-7a07-4bb7-b9f0-1a174a04c38f,KXCANADAPM-45-C,2025-04-22T17:14:18.64376Z,43.00,0.2300,0.7700,yes
bc123cd7-a48f-4441-8962-4f5f025f36ed,KXCANADAPM-45-C,2025-04-22T17:14:18.64376Z,16.00,0.2200,0.7800,yes
b9930d79-9e1a-4ad3-9d1a-eece270c0583,KXCANADAPM-45-C,2025-04-22T17:14:18.64376Z,5.00,0.2200,0.7800,yes
b3ac3059-bd54-440f-be84-05faf76ebe48,KXCANADAPM-45-C,2025-04-22T17:14:18.64376Z,1000.00,0.2200,0.7800,yes
9c9ee3a2-e3d8-4f6c-8efb-ad993d1a45dd,KXCANADAPM-45-C,2025-04-22T17:14:18.64376Z,222.00,0.2200,0.7800,yes
9c170d17-bb39-4912-b84d-e438fb4ecc27,KXCANADAPM-45-C,2025-04-22T17:14:18.64376Z,23.00,0.2200,0.7800,yes
99f460f6-1465-433b-9a4c-1f723409feb6,KXCANADAPM-45-C,2025-04-22T17:14:18.64376Z,100.00,0.2200,0.7800,yes
936347b0-a550-4848-aaef-9b784b7e1b36,KXCANADAPM-45-C,2025-04-22T17:14:18.64376Z,1400.00,0.2200,0.7800,yes
7e30081e-f463-45a6-aa79-bbbf1758f6ac,KXCANADAPM-45-C,2025-04-22T17:14:18.64376Z,5.00,0.2200,0.7800,yes
7023f1d3-fad4-449d-9153-d2d1a19d8a13,KXCANADAPM-45-C,2025-04-22T17:14:18.64376Z,23.00,0.2200,0.7800,yes
5699f109-9f34-4bf4-84cd-800bea1f596d,KXCANADAPM-45-C,2025-04-22T17:14:18.64376Z,40.00,0.2200,0.7800,yes
535bea64-74ba-401d-9ae7-0a76b3082ae7,KXCANADAPM-45-C,2025-04-22T17:14:18.64376Z,3.00,0.2200,0.7800,yes
4e2b1a67-394f-441f-9476-8d5f7ba4eaa2,KXCANADAPM-45-C,2025-04-22T17:14:18.64376Z,3.00,0.2200,0.7800,yes
3c4a4dcf-48da-4157-8fa0-89433076e7d5,KXCANADAPM-45-C,2025-04-22T17:14:18.64376Z,2.00,0.2200,0.7800,yes
3bb050f1-b16e-445c-b9f2-540452314e24,KXCANADAPM-45-C,2025-04-22T17:14:18.64376Z,23.00,0.2200,0.7800,yes
3677c29f-66b3-42e0-8bf2-af6fc2215c86,KXCANADAPM-45-C,2025-04-22T17:14:18.64376Z,1.00,0.2200,0.7800,yes
01795f47-d23e-4529-8974-c3083fb1799e,KXCANADAPM-45-C,2025-04-22T17:14:18.64376Z,100.00,0.2300,0.7700,yes
1c171697-0aae-46ac-b057-bb8242ede755,KXCANADAPM-45-C,2025-04-22T16:59:09.652845Z,1.00,0.2100,0.7900,no
6b1857be-affc-4e3d-bf81-10524340c152,KXCANADAPM-45-C,2025-04-22T16:59:04.452213Z,2.00,0.2100,0.7900,no
63988268-f4bf-4ac2-a447-fb7b48c0ebfc,KXCANADAPM-45-C,2025-04-22T16:58:58.913369Z,4.00,0.2100,0.7900,no
7b1e3d7b-de10-4935-8aeb-146870291ada,KXCANADAPM-45-C,2025-04-22T16:58:53.635457Z,8.00,0.2100,0.7900,no
cd6342af-0c45-4c21-9ed9-1cf1dbdd3c14,KXCANADAPM-45-C,2025-04-22T16:58:48.583462Z,16.00,0.2100,0.7900,no
8e579905-d003-4f4f-8a6b-e1a42c994353,KXCANADAPM-45-C,2025-04-22T16:58:43.174555Z,32.00,0.2100,0.7900,no
ceaa24f2-d9c9-4ee8-8f43-8be0b64e94ce,KXCANADAPM-45-C,2025-04-22T16:58:41.482006Z,225.00,0.2100,0.7900,no
bc9c4bba-4ae7-41f7-8fac-4c48ee2b9c32,KXCANADAPM-45-C,2025-04-22T16:45:42.856676Z,2.00,0.2100,0.7900,no
086eaee2-5027-40e3-b0de-862079bdd81b,KXCANADAPM-45-C,2025-04-22T16:45:42.856676Z,25.00,0.2100,0.7900,no
dc0958d7-9475-42ae-a30d-cc4c2f7fb73d,KXCANADAPM-45-C,2025-04-22T16:40:08.764589Z,100.00,0.2200,0.7800,yes
3e2ca1cd-f06e-471f-b93a-b09e438909a5,KXCANADAPM-45-C,2025-04-22T16:30:17.639638Z,60.00,0.2200,0.7800,yes
38256b73-481e-4092-804b-6760cd79dba7,KXCANADAPM-45-C,2025-04-22T16:29:50.22132Z,90.00,0.2100,0.7900,yes
53356d5f-87e7-4a8b-9cdb-518eefe47ab8,KXCANADAPM-45-C,2025-04-22T16:27:38.726982Z,90.00,0.2100,0.7900,yes
dc1a3154-3e76-4a45-8210-e542b18e0221,KXCANADAPM-45-C,2025-04-22T16:23:07.278106Z,90.00,0.2100,0.7900,yes
143ef831-ebd3-4c0e-bb06-2d8deb0c8af2,KXCANADAPM-45-C,2025-04-22T16:21:41.527301Z,19.00,0.2100,0.7900,yes
9632e898-37b1-4f5a-840a-f4ac6e438ed5,KXCANADAPM-45-C,2025-04-22T16:20:39.678009Z,100.00,0.2100,0.7900,yes
7b6a265e-3c6c-4bb3-bdeb-6a37ec81ee75,KXCANADAPM-45-C,2025-04-22T16:20:39.678009Z,63.00,0.2100,0.7900,yes
78a57021-31b0-4125-a053-185f91042e01,KXCANADAPM-45-C,2025-04-22T16:20:39.678009Z,62.00,0.2100,0.7900,yes
bc6edd28-752d-41bc-a2bc-0918d7cf8c4b,KXCANADAPM-45-C,2025-04-22T16:16:33.569878Z,49.00,0.2100,0.7900,yes
2cb6b8d8-3a63-48f6-a452-a7da20b6c590,KXCANADAPM-45-C,2025-04-22T16:16:33.569878Z,13.00,0.2100,0.7900,yes
fe4acce0-2863-4b2c-bec3-5d9e1a427426,KXCANADAPM-45-C,2025-04-22T16:15:46.621956Z,26.00,0.2100,0.7900,yes
795ad575-7688-4b96-b282-6cf6a9dadcd7,KXCANADAPM-45-C,2025-04-22T16:14:06.018396Z,10.00,0.2000,0.8000,no
26075330-9dfd-48dd-b89c-249549fc33bc,KXCANADAPM-45-C,2025-04-22T16:13:16.406116Z,10.00,0.2100,0.7900,yes
09c36f49-bb77-4194-b02c-dbff7ee2b0a7,KXCANADAPM-45-C,2025-04-22T16:10:59.344531Z,22.00,0.2100,0.7900,yes
75baa9f8-af08-4c42-b5e7-cae8201bd2a4,KXCANADAPM-45-C,2025-04-22T16:05:53.384122Z,4.00,0.2100,0.7900,yes
4dfd7207-8102-4508-8569-19601f76b9ce,KXCANADAPM-45-C,2025-04-22T16:01:49.434002Z,36.00,0.2100,0.7900,yes
97627c61-b43e-4b74-8df3-cc47a8ddb331,KXCANADAPM-45-C,2025-04-22T15:58:29.824256Z,111.00,0.2000,0.8000,no
545716c5-d4b6-41ac-a6aa-35582a52e286,KXCANADAPM-45-C,2025-04-22T15:58:24.315863Z,181.00,0.2100,0.7900,yes
0ecea7f3-e998-456a-82cb-6a6e8e86868f,KXCANADAPM-45-C,2025-04-22T15:58:24.315863Z,819.00,0.2100,0.7900,yes
e843184a-b4c1-4942-a485-8d467a8bf5e8,KXCANADAPM-45-C,2025-04-22T15:57:43.064704Z,8.00,0.2100,0.7900,yes
e486f1c0-4d36-4839-9519-283c591c8a0e,KXCANADAPM-45-C,2025-04-22T15:56:18.07732Z,45.00,0.2100,0.7900,yes
a54547c8-a745-4c0e-881c-cc3ff29acf11,KXCANADAPM-45-C,2025-04-22T15:56:11.107524Z,15.00,0.2000,0.8000,no
982267ce-ef43-4a79-90ba-4309822ac192,KXCANADAPM-45-C,2025-04-22T15:54:01.253413Z,112.00,0.2100,0.7900,yes
b596f086-129b-4680-94c2-4978d8ae2f2c,KXCANADAPM-45-C,2025-04-22T15:50:42.157633Z,68.00,0.2100,0.7900,yes
d9d119d5-9bd2-47eb-ad5e-b6dbacf0a413,KXCANADAPM-45-C,2025-04-22T15:50:13.277595Z,45.00,0.2100,0.7900,yes
e1d7976f-1701-4bd3-9ff0-9f9cc690e30d,KXCANADAPM-45-C,2025-04-22T15:49:59.340918Z,1.00,0.2100,0.7900,yes
09355d70-5f38-465f-a6c0-53c7b2ac5f3d,KXCANADAPM-45-C,2025-04-22T15:48:17.044535Z,1.00,0.2100,0.7900,yes
1f62ebd4-4ecd-4eb1-a9b0-eae1c0c5f276,KXCANADAPM-45-C,2025-04-22T15:48:11.926336Z,225.00,0.2100,0.7900,yes
f1cbe87a-94d4-4d94-b905-f47d27d03ba0,KXCANADAPM-45-C,2025-04-22T15:47:02.614346Z,2.00,0.2000,0.8000,no
fea11b85-610c-4892-b540-b24a4965c7fa,KXCANADAPM-45-C,2025-04-22T15:47:00.141606Z,160.00,0.2100,0.7900,yes
1f166040-7992-4c26-b8e4-5718c810f078,KXCANADAPM-45-C,2025-04-22T15:46:50.334431Z,131.00,0.2100,0.7900,yes
46de7ed1-ef54-423f-85c4-e13d6eebf4cc,KXCANADAPM-45-C,2025-04-22T15:46:26.96487Z,308.00,0.2000,0.8000,no
61d69075-e474-44ae-ae17-31ce866a2fbd,KXCANADAPM-45-C,2025-04-22T15:46:04.46901Z,121.00,0.2000,0.8000,no
d745a0fd-810d-4c56-b439-92bc04035f85,KXCANADAPM-45-C,2025-04-22T15:45:11.910439Z,167.00,0.2100,0.7900,yes
66a36ad4-6c94-4dd0-ab44-9c593f4880f9,KXCANADAPM-45-C,2025-04-22T15:45:08.654311Z,670.00,0.2100,0.7900,no
3edc14ba-1c42-4055-a36e-4408da747a12,KXCANADAPM-45-C,2025-04-22T15:45:02.682314Z,451.00,0.2100,0.7900,yes
c8d3f5ce-246d-49f1-9cfd-f2391767d187,KXCANADAPM-45-C,2025-04-22T15:44:48.733709Z,112.00,0.2100,0.7900,yes
37ad0dc8-ac80-4b59-adbd-c5ff5f3bd773,KXCANADAPM-45-C,2025-04-22T15:44:48.733709Z,68.00,0.2100,0.7900,yes
99c1d221-4e28-4a65-92d0-0da183fb8e3f,KXCANADAPM-45-C,2025-04-22T15:44:45.606952Z,22.00,0.2100,0.7900,yes
e157c0bb-1713-474f-b3f5-06090cc6d3b1,KXCANADAPM-45-C,2025-04-22T15:44:39.636753Z,45.00,0.2100,0.7900,yes
2a1efadb-b2ae-4dc6-bb8b-0a2839a88f23,KXCANADAPM-45-C,2025-04-22T15:44:33.963201Z,112.00,0.2100,0.7900,yes
d76760db-0785-4cab-917e-cf07d2818808,KXCANADAPM-45-C,2025-04-22T15:44:27.932266Z,3.00,0.2000,0.8000,no
d641b361-03ed-4b31-8044-e2555c4090f6,KXCANADAPM-45-C,2025-04-22T15:22:12.807535Z,120.00,0.2000,0.8000,no
34734843-3736-4e26-93db-88d34ac20792,KXCANADAPM-45-C,2025-04-22T15:09:39.937297Z,442.00,0.2100,0.7900,yes
484335fc-d688-45c9-a24c-3a3f296aea4a,KXCANADAPM-45-C,2025-04-22T14:40:10.058399Z,66.00,0.2100,0.7900,yes
14c88832-84f7-4268-8625-3c56481a8d19,KXCANADAPM-45-C,2025-04-22T14:38:04.529807Z,74.00,0.2100,0.7900,yes
af9bb622-454c-48db-86f3-8f43284bc9de,KXCANADAPM-45-C,2025-04-22T14:34:50.536247Z,72.00,0.2100,0.7900,yes
f292f47e-6612-4cae-b675-89ae2dd5ca5c,KXCANADAPM-45-C,2025-04-22T14:07:49.341742Z,4490.00,0.2000,0.8000,no
f5380593-197d-4324-a06f-bdfc6e73752f,KXCANADAPM-45-C,2025-04-22T14:05:05.992582Z,16.00,0.2000,0.8000,no
e79861f9-8aeb-4a50-a7d7-89a63f528391,KXCANADAPM-45-C,2025-04-22T14:05:05.992582Z,555.00,0.2000,0.8000,no
88cec58b-31ac-443d-8e00-fefe4a2713a5,KXCANADAPM-45-C,2025-04-22T14:05:05.992582Z,23.00,0.2000,0.8000,no
72ba13a2-905a-4a3e-abac-9d85b3f2f557,KXCANADAPM-45-C,2025-04-22T14:05:05.992582Z,23.00,0.2000,0.8000,no
66446f70-9de9-4916-b7f6-0dfda0931c4e,KXCANADAPM-45-C,2025-04-22T14:05:05.992582Z,23.00,0.2000,0.8000,no
35432b56-e300-4fbb-9714-cbf825110102,KXCANADAPM-45-C,2025-04-22T14:05:05.992582Z,377.00,0.2000,0.8000,no
ae89cbbd-2ad3-423f-b3f5-69a3382498b9,KXCANADAPM-45-C,2025-04-22T13:58:34.206735Z,112.00,0.2100,0.7900,yes
01160953-5786-49fb-8a7d-044d8829cc85,KXCANADAPM-45-C,2025-04-22T13:43:50.15172Z,17.00,0.2100,0.7900,yes
623e6f7e-ae40-4dc2-92f9-ade9c75946c1,KXCANADAPM-45-C,2025-04-22T13:40:33.734999Z,216.00,0.2100,0.7900,yes
7ddeba5d-f01e-489e-acec-272e20f7238b,KXCANADAPM-45-C,2025-04-22T13:40:27.73292Z,112.00,0.2100,0.7900,yes
6be52997-556e-4bb0-9e60-566234698fe5,KXCANADAPM-45-C,2025-04-22T13:39:48.081806Z,1.00,0.2100,0.7900,yes
e48ee6a9-c72a-4668-b579-c0c24f48fea6,KXCANADAPM-45-C,2025-04-22T13:37:02.350153Z,451.00,0.2100,0.7900,yes
1fb299f3-1a68-40ac-b41e-cd30dcab4900,KXCANADAPM-45-C,2025-04-22T13:32:44.805189Z,123.00,0.2000,0.8000,no
9e61bd34-e841-4802-b0d2-e4303f4f9714,KXCANADAPM-45-C,2025-04-22T13:27:40.281984Z,451.00,0.2100,0.7900,yes
6abd89b5-1bc9-4fa2-9113-5cc34adaead9,KXCANADAPM-45-C,2025-04-22T13:23:09.990922Z,100.00,0.2100,0.7900,yes
35ca28a2-e497-4c5c-b37c-ced2331f3910,KXCANADAPM-45-C,2025-04-22T12:11:09.486609Z,36.00,0.2100,0.7900,yes
ae75fc9b-095b-4f93-98f9-4a44143af4ae,KXCANADAPM-45-C,2025-04-22T12:09:49.637479Z,112.00,0.2100,0.7900,yes
db53fa1d-a69c-4001-8dd5-0f44ac6f5b61,KXCANADAPM-45-C,2025-04-22T06:30:02.471704Z,112.00,0.2100,0.7900,yes
85133893-a6d2-443f-b81f-0dd6f9393a9d,KXCANADAPM-45-C,2025-04-22T06:28:00.36631Z,225.00,0.2100,0.7900,yes
ed3fa060-5b6b-4f69-a79c-aba85b3fc455,KXCANADAPM-45-C,2025-04-22T05:52:03.2238Z,154.00,0.2100,0.7900,yes
b2759d89-fdb8-44da-87b7-519687ab394f,KXCANADAPM-45-C,2025-04-22T05:52:03.2238Z,36.00,0.2100,0.7900,yes
a1fe883f-c73a-4301-87d1-355dc6699897,KXCANADAPM-45-C,2025-04-22T05:52:03.2238Z,3.00,0.2100,0.7900,yes
fcff515a-0966-4bda-8ac6-dac5659ac5f6,KXCANADAPM-45-C,2025-04-22T05:37:08.751252Z,45.00,0.2100,0.7900,yes
f3af38dd-2eda-4e49-8962-e8f16f07ec84,KXCANADAPM-45-C,2025-04-22T05:30:20.780568Z,225.00,0.2100,0.7900,yes
9772daef-277c-4e0a-bec1-a00d1f2a8804,KXCANADAPM-45-C,2025-04-22T05:09:45.202258Z,23.00,0.2100,0.7900,yes
da06ae54-54a1-421f-9a56-3f1202299062,KXCANADAPM-45-C,2025-04-22T05:07:45.269461Z,200.00,0.2100,0.7900,yes
60966281-e03b-4318-815b-3d29cc9a51ba,KXCANADAPM-45-C,2025-04-22T04:36:29.699643Z,225.00,0.2100,0.7900,yes
4620259f-7688-4c60-911c-05094415ceca,KXCANADAPM-45-C,2025-04-22T04:29:56.77897Z,15.00,0.2000,0.8000,no
9e71fe3a-4065-4115-9f4c-fd8f7d6714ac,KXCANADAPM-45-C,2025-04-22T04:16:51.608444Z,10.00,0.2000,0.8000,no
5e790e6b-e732-4131-b257-df521b343a0f,KXCANADAPM-45-C,2025-04-22T04:16:30.286688Z,225.00,0.2100,0.7900,yes
d146b06d-433e-4431-8be8-d7ef9b4ee0f0,KXCANADAPM-45-C,2025-04-22T04:14:02.158497Z,1.00,0.2100,0.7900,yes
f65c4e38-f4b8-40d6-b899-747034f1d496,KXCANADAPM-45-C,2025-04-22T04:13:29.409486Z,1.00,0.2100,0.7900,yes
2f3e093f-4431-4cd8-9ffb-8186fb76ee9d,KXCANADAPM-45-C,2025-04-22T04:12:58.746164Z,22.00,0.2100,0.7900,yes
53d626e8-17de-45fd-a1b0-6134ef566f16,KXCANADAPM-45-C,2025-04-22T03:55:03.177419Z,25.00,0.2100,0.7900,yes
b5bda38c-85ed-4eaf-9d0a-62ebd1d18877,KXCANADAPM-45-C,2025-04-22T03:35:53.258879Z,90.00,0.2100,0.7900,yes
57655b26-f822-4212-8aec-6513ffc3b2f8,KXCANADAPM-45-C,2025-04-22T03:35:21.328282Z,616.00,0.2000,0.8000,no
510e2932-3326-4468-be84-70f343931a5a,KXCANADAPM-45-C,2025-04-22T03:23:59.101189Z,225.00,0.2100,0.7900,yes
37fb0641-95c3-419f-b79b-a8a342474711,KXCANADAPM-45-C,2025-04-22T03:05:02.379057Z,2250.00,0.2100,0.7900,yes
806afc53-d9a1-446c-a1d1-2d280ca1d479,KXCANADAPM-45-C,2025-04-22T02:57:47.011019Z,47.00,0.2000,0.8000,no
b3086be4-33a2-4c0d-9513-e6dd4aeffd4e,KXCANADAPM-45-C,2025-04-22T02:48:09.987404Z,25.00,0.2000,0.8000,no
673206a0-0034-4042-b276-c7acf50a7a53,KXCANADAPM-45-C,2025-04-22T02:35:05.841756Z,225.00,0.2100,0.7900,yes
5513b4a1-d04f-4378-ba85-9593a7b39bee,KXCANADAPM-45-C,2025-04-22T02:34:13.769697Z,61.00,0.2100,0.7900,yes
b253a006-2a75-4e73-a5dd-803795974758,KXCANADAPM-45-C,2025-04-22T01:27:22.314196Z,121.00,0.2100,0.7900,yes
97838c93-594b-449e-9c5c-69866b91edc0,KXCANADAPM-45-C,2025-04-22T01:11:01.136585Z,81.00,0.2000,0.8000,no
bfa40a4d-60b1-46ef-b359-b921608afeb2,KXCANADAPM-45-C,2025-04-22T01:10:11.407758Z,36.00,0.2000,0.8000,no
4c3e3aca-3fcf-4dda-a345-5b4b1d51181a,KXCANADAPM-45-C,2025-04-22T01:10:07.760315Z,100.00,0.2100,0.7900,yes
52e07b1f-c660-4a7a-9a4a-50530053fbc2,KXCANADAPM-45-C,2025-04-22T00:52:02.838219Z,1.00,0.2000,0.8000,no
887c7624-b7dd-489f-b19b-8a561e705281,KXCANADAPM-45-C,2025-04-22T00:50:32.075798Z,45.00,0.2100,0.7900,yes
d250c98f-7f54-420b-86b7-8e784276b7ba,KXCANADAPM-45-C,2025-04-22T00:47:04.911557Z,45.00,0.2100,0.7900,yes
c80d557e-5bf6-4bd7-874d-45562820534e,KXCANADAPM-45-C,2025-04-22T00:22:58.232765Z,75.00,0.2100,0.7900,yes
ca86cc6c-b847-460d-b4f0-cace397e03af,KXCANADAPM-45-C,2025-04-22T00:08:04.147134Z,50.00,0.2100,0.7900,yes
4816c69c-2043-47bd-a61c-6277eed7141c,KXCANADAPM-45-C,2025-04-22T00:06:30.526647Z,225.00,0.2100,0.7900,yes
1fc49d9e-9446-4293-ab63-7f4b05fdc933,KXCANADAPM-45-C,2025-04-22T00:04:39.738056Z,42.00,0.2100,0.7900,yes
8a063096-fa34-414a-803b-149b7bd363dc,KXCANADAPM-45-C,2025-04-22T00:04:35.035936Z,451.00,0.2100,0.7900,yes
fb264b08-f035-4969-8de8-ee6b57ddf06a,KXCANADAPM-45-C,2025-04-21T23:03:42.791467Z,21.00,0.2100,0.7900,yes
f772b935-f9d9-48e9-b1be-594b0233bf28,KXCANADAPM-45-C,2025-04-21T23:03:42.791467Z,2897.00,0.2100,0.7900,yes
d4e0650b-0f46-471f-a9f8-4fd783ab7ddb,KXCANADAPM-45-C,2025-04-21T23:03:42.791467Z,29.00,0.2100,0.7900,yes
ad5456bb-93c3-4501-b6c3-145e46fe3c70,KXCANADAPM-45-C,2025-04-21T23:03:42.791467Z,500.00,0.2000,0.8000,yes
9ef65b86-34dc-470f-929a-5c2d59198fac,KXCANADAPM-45-C,2025-04-21T23:03:42.791467Z,29.00,0.2100,0.7900,yes
9c9397a4-a477-498f-93ff-ff508708d4ea,KXCANADAPM-45-C,2025-04-21T23:03:42.791467Z,100.00,0.2100,0.7900,yes
988e7ab6-7113-4b8f-8f84-d25bc0a1a03a,KXCANADAPM-45-C,2025-04-21T23:03:42.791467Z,24.00,0.2100,0.7900,yes
5f626adb-40b6-4019-beba-ed1683723a99,KXCANADAPM-45-C,2025-04-21T23:03:42.791467Z,4.00,0.2100,0.7900,yes
155c722b-7856-42e4-895c-6c7ba0ba637c,KXCANADAPM-45-C,2025-04-21T23:03:42.791467Z,29.00,0.2100,0.7900,yes
8be7c971-bbc6-4223-93df-fc47aaff0d09,KXCANADAPM-45-C,2025-04-21T23:00:56.566417Z,93.00,0.1900,0.8100,no
47c35516-d988-414b-bd41-72f8ad48cfaf,KXCANADAPM-45-C,2025-04-21T23:00:56.566417Z,28.00,0.1900,0.8100,no
c638366e-7154-4633-9e88-937296bc16fb,KXCANADAPM-45-C,2025-04-21T22:54:27.130704Z,500.00,0.2000,0.8000,yes
8760c1a6-50c2-4744-afd6-68c5c6c05fa8,KXCANADAPM-45-C,2025-04-21T22:54:27.130704Z,2.00,0.2000,0.8000,yes
281fa483-2a59-46ee-b051-4c1be341602f,KXCANADAPM-45-C,2025-04-21T22:54:27.130704Z,1.00,0.2000,0.8000,yes
0741cd6b-5da4-42d8-8862-0563d021fd04,KXCANADAPM-45-C,2025-04-21T22:54:27.130704Z,436.00,0.2000,0.8000,yes
03a959df-f3da-4b28-8d8b-31c005b36cd5,KXCANADAPM-45-C,2025-04-21T22:54:27.130704Z,244.00,0.2000,0.8000,yes
27dd1f29-3fdf-43f5-a7bf-4f3032946782,KXCANADAPM-45-C,2025-04-21T22:48:17.621148Z,23.00,0.2000,0.8000,yes
fbb7849b-2ff1-4a22-b0c0-c2e0329fbfe5,KXCANADAPM-45-C,2025-04-21T22:47:37.100601Z,196.00,0.2000,0.8000,yes
17ef05e2-f42c-4763-85f9-8e3b95713289,KXCANADAPM-45-C,2025-04-21T22:47:37.100601Z,41.00,0.2000,0.8000,yes
3e046393-fcfb-469e-a967-9a9d0d834468,KXCANADAPM-45-C,2025-04-21T22:46:03.608772Z,4.00,0.2000,0.8000,yes
48f2708a-1fed-4764-b649-3817b62079d3,KXCANADAPM-45-C,2025-04-21T22:38:41.061629Z,473.00,0.2000,0.8000,yes
333c2099-f5dd-4c74-ab49-cdd89d95b611,KXCANADAPM-45-C,2025-04-21T22:33:43.988477Z,710.00,0.2000,0.8000,yes
5049e0a2-30a9-4994-82a5-f17e127c375e,KXCANADAPM-45-C,2025-04-21T22:31:33.536791Z,95.00,0.2000,0.8000,yes
386b0046-1554-4d8e-b0d6-4be9c1e2f758,KXCANADAPM-45-C,2025-04-21T22:26:01.406274Z,1.00,0.2000,0.8000,yes
90955f29-09c8-49cb-9b0d-0c22883f42e1,KXCANADAPM-45-C,2025-04-21T22:21:41.115706Z,90.00,0.2000,0.8000,yes
70d8d6c2-ccca-428f-8827-3fd13829d197,KXCANADAPM-45-C,2025-04-21T22:17:06.893828Z,183.00,0.2000,0.8000,yes
71dc86a9-5063-48a6-849b-ca2d60ac9ee5,KXCANADAPM-45-C,2025-04-21T22:16:05.456558Z,500.00,0.2000,0.8000,yes
be43a9d3-78c3-46b5-b9a1-843a42c0e7f9,KXCANADAPM-45-C,2025-04-21T22:15:30.537985Z,500.00,0.2000,0.8000,yes
3d94c562-bd57-4fe7-a372-47d271cf04d8,KXCANADAPM-45-C,2025-04-21T22:13:58.263138Z,142.00,0.2000,0.8000,yes
892c3f30-e923-40e5-97c6-986a537f2e0d,KXCANADAPM-45-C,2025-04-21T22:03:48.381897Z,255.00,0.2000,0.8000,yes
5ac82ab6-dd2d-4712-958d-00bb99146a1a,KXCANADAPM-45-C,2025-04-21T21:59:12.324054Z,473.00,0.2000,0.8000,yes
6bade809-579a-471c-a939-191c59bb7430,KXCANADAPM-45-C,2025-04-21T21:51:42.824261Z,473.00,0.2000,0.8000,yes
5d02f53a-d164-44f6-bb72-5be786e263d2,KXCANADAPM-45-C,2025-04-21T21:50:16.071265Z,47.00,0.2000,0.8000,yes
17db6f39-66f6-47e2-bea7-58faf14d46cc,KXCANADAPM-45-C,2025-04-21T21:42:45.726973Z,54.00,0.2000,0.8000,yes
a2ef7d58-c6e3-4be1-b30c-da787015677a,KXCANADAPM-45-C,2025-04-21T21:41:34.775528Z,222.00,0.2000,0.8000,yes
41ace38c-a2a3-4cbd-95d6-623ae5896789,KXCANADAPM-45-C,2025-04-21T21:40:11.396797Z,18.00,0.2000,0.8000,yes
f556e70f-c95a-458d-ab0a-95f50b45904c,KXCANADAPM-45-C,2025-04-21T21:39:48.346361Z,25.00,0.2000,0.8000,yes
0111962b-af1e-465b-8435-f964caef7891,KXCANADAPM-45-C,2025-04-21T21:19:13.817517Z,94.00,0.2000,0.8000,yes
f65c00e2-eb68-4266-95f0-7e73aa60cfea,KXCANADAPM-45-C,2025-04-21T21:13:51.000246Z,100.00,0.2000,0.8000,yes
aaf33270-d4fd-4692-b65f-6112a191e437,KXCANADAPM-45-C,2025-04-21T21:13:35.498797Z,200.00,0.2000,0.8000,yes
db5c0efc-21e6-4441-be70-a83994114212,KXCANADAPM-45-C,2025-04-21T21:13:35.208124Z,236.00,0.2000,0.8000,yes
7329a30a-254c-462a-b64c-01d2f2d37972,KXCANADAPM-45-C,2025-04-21T21:13:25.051282Z,100.00,0.2000,0.8000,yes
efa29a8f-bea2-43be-b7aa-86e92e0cd92d,KXCANADAPM-45-C,2025-04-21T21:12:56.98811Z,100.00,0.2000,0.8000,yes
b5486f11-0dfa-429e-83ed-d85099c34a70,KXCANADAPM-45-C,2025-04-21T21:04:57.042194Z,100.00,0.2000,0.8000,yes
c550d17c-e88f-4cad-bd70-96b5f56ceb1c,KXCANADAPM-45-C,2025-04-21T21:03:21.998726Z,100.00,0.2000,0.8000,yes
2cc21b0a-53f0-4d39-b8f5-22a7e707c23c,KXCANADAPM-45-C,2025-04-21T21:01:51.241687Z,47.00,0.2000,0.8000,yes
18e841ff-551b-463e-ab46-1a1b6f41ac32,KXCANADAPM-45-C,2025-04-21T20:57:05.586812Z,473.00,0.2000,0.8000,yes
3e66ca2c-9603-4d59-b356-3dc101b1f39e,KXCANADAPM-45-C,2025-04-21T20:49:17.599584Z,349.00,0.2000,0.8000,yes
fcb9692c-8872-452e-8617-0eeffe9b6346,KXCANADAPM-45-C,2025-04-21T20:46:59.038745Z,540.00,0.2000,0.8000,yes
77452027-3787-45df-8739-b4e174541c6f,KXCANADAPM-45-C,2025-04-21T20:43:50.259877Z,200.00,0.2000,0.8000,yes
68295aba-bad6-4393-b0d9-e2b6d5bfd765,KXCANADAPM-45-C,2025-04-21T20:43:34.900855Z,100.00,0.2000,0.8000,yes
c1851a79-2fdd-4dbb-8f70-dbbb46c4e70e,KXCANADAPM-45-C,2025-04-21T20:42:54.958924Z,100.00,0.2000,0.8000,yes
d63ee347-89a9-4785-abc6-de7820b40bec,KXCANADAPM-45-C,2025-04-21T20:42:27.385659Z,243.00,0.2000,0.8000,yes
e3cfa349-7ad7-4eea-b73b-cbf749325b40,KXCANADAPM-45-C,2025-04-21T20:29:25.017796Z,3083.00,0.2000,0.8000,yes
ad2bc3f3-0f8d-4d25-b5ff-1fea198dc73e,KXCANADAPM-45-C,2025-04-21T20:29:25.017796Z,5794.00,0.2000,0.8000,yes
53e6d49d-fa40-4c7b-ae22-fc605b36b765,KXCANADAPM-45-C,2025-04-21T20:29:25.017796Z,396.00,0.2000,0.8000,yes
0ec17a27-e40f-4e32-9b01-bba673649620,KXCANADAPM-45-C,2025-04-21T20:29:25.017796Z,381.00,0.2000,0.8000,yes
66679216-136d-4a21-af01-744bd963316f,KXCANADAPM-45-C,2025-04-21T20:20:59.34316Z,19.00,0.2000,0.8000,yes
c99e7645-64ba-4613-b6ee-24cbca666fc6,KXCANADAPM-45-C,2025-04-21T20:16:16.896198Z,1029.00,0.2000,0.8000,yes
d9b2d413-0ad0-412d-81b7-ba4083242caf,KXCANADAPM-45-C,2025-04-21T20:07:24.255468Z,2.00,0.2000,0.8000,yes
bf63765a-e964-4045-a67e-af7f741a9672,KXCANADAPM-45-C,2025-04-21T20:07:24.255468Z,4.00,0.2000,0.8000,yes
a859380f-db67-4632-aff1-8173513c57d8,KXCANADAPM-45-C,2025-04-21T20:07:24.255468Z,17.00,0.2000,0.8000,yes
c976420c-7bdc-49cf-b9b6-b2dd6c73b567,KXCANADAPM-45-C,2025-04-21T20:02:54.414266Z,3000.00,0.2000,0.8000,yes
104d9ded-3418-4ec9-9478-d474ef5c5b18,KXCANADAPM-45-C,2025-04-21T19:56:28.496813Z,118.00,0.2000,0.8000,yes
f8a65ed9-9e52-47f1-b879-5a2981fcd069,KXCANADAPM-45-C,2025-04-21T19:50:40.46918Z,22.00,0.2000,0.8000,yes
f1d92468-58f6-41d6-905b-6e953fc44641,KXCANADAPM-45-C,2025-04-21T19:50:40.46918Z,422.00,0.2000,0.8000,yes
08a2b4f3-da14-4634-ac6b-25cef88e2cc8,KXCANADAPM-45-C,2025-04-21T19:50:40.46918Z,19.00,0.2000,0.8000,yes
6fb2dbc9-61c7-4223-892a-85440393f184,KXCANADAPM-45-C,2025-04-21T19:50:11.636035Z,26.00,0.2000,0.8000,yes
2290f55e-75a3-4c1e-893d-ee6074c504bc,KXCANADAPM-45-C,2025-04-21T19:50:11.636035Z,4.00,0.2000,0.8000,yes
02cc32b3-9d60-4a0e-bd75-04dd363534bb,KXCANADAPM-45-C,2025-04-21T19:50:11.636035Z,26.00,0.2000,0.8000,yes
e3a7f95c-2f3b-4fb0-9934-98227fb8d798,KXCANADAPM-45-C,2025-04-21T19:45:39.575137Z,35.00,0.1900,0.8100,no
c17238c8-6a99-4655-9dc4-ab77a98af34b,KXCANADAPM-45-C,2025-04-21T19:45:39.575137Z,72.00,0.1900,0.8100,no
07298d3e-324c-4c1b-a063-2dc33c6a5bf4,KXCANADAPM-45-C,2025-04-21T19:45:39.575137Z,5.00,0.1900,0.8100,no
44e768b6-4388-4fcc-b43c-b41871b0ed99,KXCANADAPM-45-C,2025-04-21T19:39:06.984051Z,243.00,0.1900,0.8100,no
5102837d-d6ae-485b-8c96-9b7776de9f39,KXCANADAPM-45-C,2025-04-21T19:24:53.334956Z,100.00,0.2000,0.8000,yes
5c0516f9-17f3-4aff-9ef6-71f1dfd538db,KXCANADAPM-45-C,2025-04-21T19:24:34.984344Z,100.00,0.2000,0.8000,yes
21e34ff8-672b-4e7d-8b2b-623280fbc71b,KXCANADAPM-45-C,2025-04-21T19:22:26.125439Z,200.00,0.2000,0.8000,yes
cc075a3e-ac86-4253-8501-e611710b3f43,KXCANADAPM-45-C,2025-04-21T19:22:10.157419Z,100.00,0.2000,0.8000,yes
06820129-4708-4c64-925e-9011a5cd72a7,KXCANADAPM-45-C,2025-04-21T19:21:54.99888Z,100.00,0.2000,0.8000,yes
17fed7f0-17d8-4603-88d6-a22994b5fa0f,KXCANADAPM-45-C,2025-04-21T19:20:48.047188Z,32.00,0.2000,0.8000,yes
0cbb1f8f-8e97-478c-b0aa-cf3f27a29b73,KXCANADAPM-45-C,2025-04-21T19:20:06.956823Z,100.00,0.2000,0.8000,yes
be23c5f5-37ab-48c1-99e0-3e0bf159667c,KXCANADAPM-45-C,2025-04-21T19:19:46.294003Z,100.00,0.2000,0.8000,yes
abe637f4-d28e-49ab-82ad-e38ef13dcd0d,KXCANADAPM-45-C,2025-04-21T19:17:24.934711Z,100.00,0.2000,0.8000,yes
388b1445-a970-449d-9a0c-218fd12f64ac,KXCANADAPM-45-C,2025-04-21T19:17:06.062552Z,100.00,0.2000,0.8000,yes
82c94f01-7c27-4893-af55-1d7c0ecf732b,KXCANADAPM-45-C,2025-04-21T19:15:49.217117Z,100.00,0.2000,0.8000,yes
bd9e7a9a-e028-4323-9e2e-b347ec558a3d,KXCANADAPM-45-C,2025-04-21T19:14:54.840585Z,200.00,0.2000,0.8000,yes
e6deaed4-46e5-45f1-b12d-e9fb347bcebc,KXCANADAPM-45-C,2025-04-21T19:14:32.440787Z,190.00,0.2000,0.8000,yes
9c531a20-4d28-40b5-9e62-14239a49542e,KXCANADAPM-45-C,2025-04-21T19:11:17.806662Z,236.00,0.2000,0.8000,yes
f751e4f4-6ae6-434f-9a8d-163f0f9db9b8,KXCANADAPM-45-C,2025-04-21T19:09:53.384996Z,475.00,0.2000,0.8000,yes
780ec745-4b21-41ec-8018-3e76309b6717,KXCANADAPM-45-C,2025-04-21T18:59:12.220133Z,94.00,0.2000,0.8000,yes
93c275f4-9505-46c8-8ac2-a1492b0bf343,KXCANADAPM-45-C,2025-04-21T18:55:17.666303Z,148.00,0.2000,0.8000,yes
1a6a0397-856c-4719-a9b5-7916e7b3b6cc,KXCANADAPM-45-C,2025-04-21T18:52:26.933145Z,94.00,0.2000,0.8000,yes
d739ab10-6b43-454f-bf94-e8cc494c41d7,KXCANADAPM-45-C,2025-04-21T18:49:25.258667Z,4.00,0.2000,0.8000,yes
53d96910-f802-450f-8946-ec35abcad619,KXCANADAPM-45-C,2025-04-21T18:45:44.858521Z,28.00,0.2000,0.8000,yes
7cb6f411-5c0a-4228-a2c4-08b3b9b6221c,KXCANADAPM-45-C,2025-04-21T18:43:52.749573Z,173.00,0.2000,0.8000,yes
dddab6e0-8103-4fc0-b5dc-024ad7a74915,KXCANADAPM-45-C,2025-04-21T18:39:33.676345Z,94.00,0.2000,0.8000,yes
ccb54bf7-2359-4217-a941-da59568d928c,KXCANADAPM-45-C,2025-04-21T18:38:36.735921Z,94.00,0.2000,0.8000,yes
6f8841a8-7139-4d98-b6f6-14b60c7e448a,KXCANADAPM-45-C,2025-04-21T18:25:42.406938Z,2.00,0.2000,0.8000,yes
b9c964be-8433-4b1c-a071-4ecc17723fe3,KXCANADAPM-45-C,2025-04-21T18:24:36.300669Z,236.00,0.2000,0.8000,yes
f3e80ee2-a1c4-4f28-a3d9-b62a793b6e20,KXCANADAPM-45-C,2025-04-21T18:19:13.949958Z,8.00,0.2000,0.8000,yes
b05bfc28-8928-4e50-b0b4-e97ce848bb83,KXCANADAPM-45-C,2025-04-21T18:00:58.993592Z,4.00,0.2000,0.8000,no
a656292f-0cf0-454b-be06-6eb792e90014,KXCANADAPM-45-C,2025-04-21T18:00:58.993592Z,34.00,0.2000,0.8000,no
a3bba724-92fd-4233-9972-77152124194a,KXCANADAPM-45-C,2025-04-21T18:00:58.993592Z,34.00,0.2000,0.8000,no
91bf1584-ae9e-4ba6-93bd-3656a70a289f,KXCANADAPM-45-C,2025-04-21T18:00:58.993592Z,4.00,0.2000,0.8000,no
8bd29181-b7f3-4754-a8cf-fe737936cefe,KXCANADAPM-45-C,2025-04-21T18:00:58.993592Z,27.00,0.2000,0.8000,no
854117ac-f7e2-462a-8326-2ad78a837b25,KXCANADAPM-45-C,2025-04-21T18:00:58.993592Z,4.00,0.2000,0.8000,no
7aa6be8e-c860-4332-8386-90d46d9eee11,KXCANADAPM-45-C,2025-04-21T18:00:58.993592Z,89.00,0.2000,0.8000,no
1aebc272-f607-412a-934c-981801940b66,KXCANADAPM-45-C,2025-04-21T18:00:58.993592Z,34.00,0.2000,0.8000,no
0cb3a13d-6fc8-40e7-a091-4215fc8c604a,KXCANADAPM-45-C,2025-04-21T18:00:58.993592Z,300.00,0.2000,0.8000,no
839330ff-3eb8-4853-abd2-9400da33ce99,KXCANADAPM-45-C,2025-04-21T17:59:34.309209Z,1000.00,0.2200,0.7800,yes
739431da-a59e-4055-8321-b2371a2f17ea,KXCANADAPM-45-C,2025-04-21T17:37:58.05923Z,1000.00,0.2200,0.7800,yes
9624cfb2-4814-4e32-a5db-1dbf10e7b8f5,KXCANADAPM-45-C,2025-04-21T17:16:23.681658Z,2155.00,0.2200,0.7800,yes
ccbbda65-0ad2-485d-9824-c21b4e32b0e3,KXCANADAPM-45-C,2025-04-21T17:12:03.676622Z,215.00,0.2200,0.7800,yes
21cb119f-1843-4f43-8043-1739119341a0,KXCANADAPM-45-C,2025-04-21T17:08:17.840885Z,1.00,0.2100,0.7900,no
7ffb0c86-7357-49c7-b9c6-e137589bda27,KXCANADAPM-45-C,2025-04-21T16:45:48.040437Z,11.00,0.2000,0.8000,no
fdf48da3-7bc1-4dba-9d87-4f063050e4e1,KXCANADAPM-45-C,2025-04-21T16:43:25.155796Z,26.00,0.2100,0.7900,yes
e043304d-7be5-4f39-aed2-04ea1c4842f1,KXCANADAPM-45-C,2025-04-21T16:43:25.155796Z,19.00,0.2100,0.7900,yes
73458dfc-f07f-47e0-b5f0-069b696798ab,KXCANADAPM-45-C,2025-04-21T16:43:25.155796Z,26.00,0.2100,0.7900,yes
488ac215-b22e-4496-807d-9871d07a6f8e,KXCANADAPM-45-C,2025-04-21T16:43:25.155796Z,28.00,0.2100,0.7900,yes
4280779f-5ce5-4603-850b-7ee871525fd1,KXCANADAPM-45-C,2025-04-21T16:43:25.155796Z,26.00,0.2100,0.7900,yes
1d3d7875-16c4-470f-9cb1-f9ed9f576fa1,KXCANADAPM-45-C,2025-04-21T16:43:25.155796Z,100.00,0.2100,0.7900,yes
aadd1230-6492-4995-88fe-aaf5f657797c,KXCANADAPM-45-C,2025-04-21T16:42:42.144056Z,353.00,0.2000,0.8000,yes
31a175f2-21b0-4e59-a9ea-43e3f11be04a,KXCANADAPM-45-C,2025-04-21T16:42:42.144056Z,1000.00,0.2000,0.8000,yes
b6d4ac83-49b7-4686-80c9-cb2ae0267bec,KXCANADAPM-45-C,2025-04-21T16:36:03.865575Z,96.00,0.2000,0.8000,no
b4ef9d2d-f554-4f3a-a2a2-876a7861b1e9,KXCANADAPM-45-C,2025-04-21T16:36:03.865575Z,22.00,0.1900,0.8100,no
32ae133d-d5ac-4609-bfc3-e240c0ca6d4b,KXCANADAPM-45-C,2025-04-21T16:36:03.865575Z,4.00,0.2000,0.8000,no
ace2845a-78ea-47b6-bf97-dae86f7c160a,KXCANADAPM-45-C,2025-04-21T16:29:38.159669Z,2247.00,0.2100,0.7900,yes
9f11112e-ab80-482e-bcc5-8227c07ecc89,KXCANADAPM-45-C,2025-04-21T16:22:36.741388Z,4.00,0.2100,0.7900,yes
008ba2f9-96b0-408d-8614-c4fc53083159,KXCANADAPM-45-C,2025-04-21T16:22:36.741388Z,96.00,0.2100,0.7900,yes
818ce845-46b0-47db-856b-e39075e5c9d5,KXCANADAPM-45-C,2025-04-21T15:54:05.878146Z,4.00,0.2100,0.7900,yes
ab9823fe-833a-4d9e-b271-a91176e7c44a,KXCANADAPM-45-C,2025-04-21T15:36:09.06723Z,4672.00,0.2000,0.8000,no
23456c7b-c910-4968-ba6f-ce3b56e77229,KXCANADAPM-45-C,2025-04-21T15:36:09.06723Z,100.00,0.2000,0.8000,no
e411748c-a058-4842-b9ed-17b3400fd66a,KXCANADAPM-45-C,2025-04-21T15:33:15.574491Z,500.00,0.2000,0.8000,no
b0fb0af1-bb5a-490f-90af-42971846a08d,KXCANADAPM-45-C,2025-04-21T15:33:15.574491Z,140.00,0.2000,0.8000,no
82cdc0a6-b196-4fa1-b24d-1fb08d87c168,KXCANADAPM-45-C,2025-04-21T15:33:15.574491Z,10.00,0.2000,0.8000,no
787b77e9-bebf-4e0b-944b-f3dc0f9dadce,KXCANADAPM-45-C,2025-04-21T15:33:15.574491Z,91.00,0.2000,0.8000,no
541bf37c-39bf-4174-829d-cb19d615155a,KXCANADAPM-45-C,2025-04-21T15:33:15.574491Z,46.00,0.2000,0.8000,no
5360ff90-a8b3-4203-ba31-a780979b57f6,KXCANADAPM-45-C,2025-04-21T15:33:15.574491Z,328.00,0.2000,0.8000,no
18eda3c7-b0fd-4924-9da8-f5f817dbc7c0,KXCANADAPM-45-C,2025-04-21T15:33:15.574491Z,100.00,0.2000,0.8000,no
05bd8692-3a07-41db-b4e5-80f0007e5182,KXCANADAPM-45-C,2025-04-21T15:33:15.574491Z,17.00,0.2000,0.8000,no
048f7d8c-a378-4a87-8daf-ac39be11423a,KXCANADAPM-45-C,2025-04-21T15:28:05.476762Z,250.00,0.2000,0.8000,no
64de1767-9840-4b05-a793-18042b292ab3,KXCANADAPM-45-C,2025-04-21T14:30:30.127478Z,2465.00,0.2000,0.8000,no
86fa9510-54a6-4d00-9c0d-4f62c665f0b4,KXCANADAPM-45-C,2025-04-21T14:26:44.699945Z,96.00,0.2100,0.7900,yes
5c6121b0-b090-4a11-b74c-f0b33051e3d5,KXCANADAPM-45-C,2025-04-21T14:26:44.699945Z,4.00,0.2100,0.7900,yes
207112da-17eb-4d87-80c8-57bc205ae7d3,KXCANADAPM-45-C,2025-04-21T13:52:54.521532Z,5.00,0.2100,0.7900,yes
319fce9d-8c41-4167-b5cd-1e00ae12fa47,KXCANADAPM-45-C,2025-04-21T13:45:07.490903Z,1534.00,0.2000,0.8000,no
fba27eeb-a20d-4de2-b075-afc24e6b8979,KXCANADAPM-45-C,2025-04-21T13:44:57.069238Z,100.00,0.2100,0.7900,no
d708ba7a-91fd-470b-ae18-c135a06594e6,KXCANADAPM-45-C,2025-04-21T13:44:57.069238Z,9.00,0.2100,0.7900,no
bf725d7c-2564-4f53-a2a1-3af54f72e8e7,KXCANADAPM-45-C,2025-04-21T13:44:57.069238Z,137.00,0.2100,0.7900,no
4bd574d2-b4aa-424c-b803-378fe04d6c1c,KXCANADAPM-45-C,2025-04-21T13:44:57.069238Z,221.00,0.2100,0.7900,no
27145e2d-caae-4805-ac21-079de7acbb11,KXCANADAPM-45-C,2025-04-21T13:44:57.069238Z,4000.00,0.2100,0.7900,no
63ac1943-ce90-4c8a-81f9-6d806b1d4877,KXCANADAPM-45-C,2025-04-21T13:25:20.65953Z,1.00,0.2100,0.7900,no
51d509d2-3f04-485d-b291-4e8089e5f45d,KXCANADAPM-45-C,2025-04-21T13:12:00.017498Z,21.00,0.2200,0.7800,yes
b430c764-c4e1-4a92-a9b1-de186db0f625,KXCANADAPM-45-C,2025-04-21T13:05:50.401147Z,100.00,0.2200,0.7800,no
917410cf-a2a9-45c9-8a63-2e00193a9e99,KXCANADAPM-45-C,2025-04-21T13:05:50.401147Z,1052.00,0.2200,0.7800,no
635e36b0-4acd-416e-a7ef-78163bb004c6,KXCANADAPM-45-C,2025-04-21T13:05:50.401147Z,100.00,0.2200,0.7800,no
4ad44c82-8a92-48c9-8ef7-5c8943cd0541,KXCANADAPM-45-C,2025-04-21T13:05:50.401147Z,193.00,0.2200,0.7800,no
eaa871cd-a0e2-414f-9b71-e7bee99cd54d,KXCANADAPM-45-C,2025-04-21T13:04:52.803038Z,5000.00,0.2300,0.7700,no
d625440f-8c9c-4416-8825-26a2c79d9b63,KXCANADAPM-45-C,2025-04-21T13:04:52.803038Z,99.00,0.2300,0.7700,no
a1077943-6748-4855-80fe-68d60a889ac8,KXCANADAPM-45-C,2025-04-21T13:04:52.803038Z,1900.00,0.2300,0.7700,no
d5a083c5-c377-477e-bca2-1a295cba7d76,KXCANADAPM-45-C,2025-04-21T12:10:14.880156Z,250.00,0.2400,0.7600,no
0a336a25-f9a9-4709-ac19-b44d6b53b0eb,KXCANADAPM-45-C,2025-04-21T06:48:05.352273Z,1.00,0.2500,0.7500,yes
fc6c694c-31bd-40b5-94fa-093f8a6fcc01,KXCANADAPM-45-C,2025-04-21T04:28:38.486688Z,202.00,0.2400,0.7600,no
db5baa82-6a25-4771-8d9b-c69bfe194e8d,KXCANADAPM-45-C,2025-04-21T04:28:38.486688Z,10.00,0.2400,0.7600,no
a171efee-63a1-4c4d-b773-caf7d3ac777b,KXCANADAPM-45-C,2025-04-21T04:28:38.486688Z,9.00,0.2300,0.7700,no
98c5c0f4-146e-4496-a0df-5e7f3b400d23,KXCANADAPM-45-C,2025-04-21T04:28:38.486688Z,10.00,0.2400,0.7600,no
888155a3-6539-4dc3-a0ae-88a1314e08ae,KXCANADAPM-45-C,2025-04-21T04:28:38.486688Z,4.00,0.2400,0.7600,no
808d543d-653f-4380-8101-6241664bf853,KXCANADAPM-45-C,2025-04-21T04:28:38.486688Z,3.00,0.2400,0.7600,no
5a688bb0-95cb-4e35-b89d-ace91cb72e84,KXCANADAPM-45-C,2025-04-21T04:28:38.486688Z,10.00,0.2400,0.7600,no
1947fa00-a3c8-403e-bb44-e1e54b19c87b,KXCANADAPM-45-C,2025-04-21T04:28:38.486688Z,10.00,0.2400,0.7600,no
92a2ec51-1982-444e-bedf-85674ce52cfa,KXCANADAPM-45-C,2025-04-21T04:19:11.065044Z,76.00,0.2500,0.7500,yes
a1558f2a-4908-4d0e-9b00-e3a1f005e9fc,KXCANADAPM-45-C,2025-04-21T03:54:48.109423Z,138.00,0.2400,0.7600,yes
d7911793-f4e0-49ac-9de6-a8f61e237a10,KXCANADAPM-45-C,2025-04-21T03:53:04.717626Z,197.00,0.2400,0.7600,yes
4cf2618f-185e-410b-9483-0ec4a79e2b98,KXCANADAPM-45-C,2025-04-21T03:50:02.259495Z,197.00,0.2400,0.7600,yes
76d534a0-c12c-44bb-9ffe-673594cc8dc9,KXCANADAPM-45-C,2025-04-21T03:44:14.566817Z,11.00,0.2400,0.7600,yes
1af7f53d-d32f-48e9-98ed-092f9a26dfbc,KXCANADAPM-45-C,2025-04-21T03:32:48.135711Z,98.00,0.2400,0.7600,yes
361e1fbe-d8a9-4a3b-abe5-dced17eaedc6,KXCANADAPM-45-C,2025-04-21T03:24:51.819006Z,39.00,0.2400,0.7600,yes
b7dfd27c-a924-4d50-9f95-e631fc85ad0d,KXCANADAPM-45-C,2025-04-21T03:09:21.584161Z,19.00,0.2400,0.7600,yes
ba784c8f-f03d-49b1-88d8-175e3c0edb22,KXCANADAPM-45-C,2025-04-21T02:41:12.061776Z,193.00,0.2400,0.7600,yes
94911675-2c33-472e-b319-1c0b51b73241,KXCANADAPM-45-C,2025-04-21T02:40:38.578297Z,91.00,0.2300,0.7700,no
49bc8361-b488-4c74-891f-2eedd9cc7fb6,KXCANADAPM-45-C,2025-04-21T02:35:32.49079Z,39.00,0.2400,0.7600,yes
d71fb8c2-1f3b-4d68-94f9-344730a3df2e,KXCANADAPM-45-C,2025-04-21T02:34:44.711211Z,83.00,0.2300,0.7700,no
7b4fa4fa-e505-4684-8e69-2ff97cf5c92f,KXCANADAPM-45-C,2025-04-21T02:34:44.711211Z,7.00,0.2300,0.7700,no
2e473bd1-3502-454a-9106-fd45819c8adc,KXCANADAPM-45-C,2025-04-21T02:34:44.711211Z,4.00,0.2300,0.7700,no
257f4530-a291-4fba-a5b3-660b5835d402,KXCANADAPM-45-C,2025-04-21T02:34:44.711211Z,258.00,0.2300,0.7700,no
66baf355-d2b2-4650-8bbb-7a2bdf97e607,KXCANADAPM-45-C,2025-04-21T02:12:33.002878Z,340.00,0.2400,0.7600,yes
be048392-7723-47c1-8496-17f21cc1c64a,KXCANADAPM-45-C,2025-04-21T01:49:48.39427Z,3.00,0.2400,0.7600,yes
7de42ea2-4464-4722-b409-82b25cbbd781,KXCANADAPM-45-C,2025-04-21T01:49:48.39427Z,392.00,0.2400,0.7600,yes
c0d2dee7-87c0-49df-a9c6-e9319185aa26,KXCANADAPM-45-C,2025-04-21T01:37:38.241893Z,5.00,0.2400,0.7600,yes
8e2e1942-58b7-46c5-b3aa-06b2517b2c41,KXCANADAPM-45-C,2025-04-21T01:37:38.241893Z,5.00,0.2400,0.7600,yes
4937d4b5-caa2-459c-8d6b-b00b932acf09,KXCANADAPM-45-C,2025-04-21T01:37:38.241893Z,184.00,0.2400,0.7600,yes
40988344-9217-4d25-a4ed-669b04fb8edb,KXCANADAPM-45-C,2025-04-21T01:37:38.241893Z,3.00,0.2400,0.7600,yes
ff9f946d-f167-4edf-a759-9de41d299900,KXCANADAPM-45-C,2025-04-21T01:18:39.597854Z,3.00,0.2300,0.7700,no
8aca3150-328f-4397-b361-b2867aee7b57,KXCANADAPM-45-C,2025-04-21T01:18:39.597854Z,3.00,0.2300,0.7700,no
1fed7d34-d776-4952-8f78-d10a8b003a2f,KXCANADAPM-45-C,2025-04-21T01:17:54.345712Z,39.00,0.2400,0.7600,yes
5b3b9053-665a-4a41-ab6c-7673c9e555c3,KXCANADAPM-45-C,2025-04-21T01:13:59.136018Z,39.00,0.2400,0.7600,yes
062ef2c7-b8c5-4dd9-b149-1810e4ef93e3,KXCANADAPM-45-C,2025-04-21T01:06:10.010374Z,197.00,0.2400,0.7600,yes
e6432475-479d-459c-9701-ebc51facf7c3,KXCANADAPM-45-C,2025-04-21T01:06:04.559199Z,94.00,0.2400,0.7600,yes
73091aee-cc43-4ba3-9c5d-9572ca8acbb8,KXCANADAPM-45-C,2025-04-21T01:06:04.559199Z,3.00,0.2400,0.7600,yes
338bb4cc-478c-4b0d-89e8-64e4926ff305,KXCANADAPM-45-C,2025-04-21T01:06:04.559199Z,100.00,0.2400,0.7600,yes
c41300a2-52c5-4c84-8bdd-e6631835ba4f,KXCANADAPM-45-C,2025-04-21T00:55:36.091478Z,211.00,0.2400,0.7600,yes
beb09d63-d13c-477a-b695-d1ac9b81275f,KXCANADAPM-45-C,2025-04-21T00:55:36.091478Z,38.00,0.2400,0.7600,yes
8816f6df-dc0b-42c4-bb7b-3863a8b5e6fe,KXCANADAPM-45-C,2025-04-21T00:55:36.091478Z,38.00,0.2400,0.7600,yes
5e322c21-d979-4e13-b46d-c1b02808ac6e,KXCANADAPM-45-C,2025-04-21T00:55:36.091478Z,26.00,0.2400,0.7600,yes
553f7993-5a5d-4a31-870b-bd64d679888f,KXCANADAPM-45-C,2025-04-21T00:55:36.091478Z,10.00,0.2400,0.7600,yes
10bd246e-d524-45c5-ae0f-6fe5939728bb,KXCANADAPM-45-C,2025-04-21T00:55:36.091478Z,500.00,0.2400,0.7600,yes
01cc93bb-eb0c-4ecd-b36f-97e071c2c000,KXCANADAPM-45-C,2025-04-21T00:55:36.091478Z,86.00,0.2400,0.7600,yes
245bab22-3f15-47eb-8939-be4c963ec7ad,KXCANADAPM-45-C,2025-04-21T00:43:28.431951Z,7.00,0.2400,0.7600,yes
f0d4a8fc-e2bb-4d8a-93dd-ebf6116288d4,KXCANADAPM-45-C,2025-04-21T00:39:51.035641Z,7.00,0.2400,0.7600,yes
fc7b21ed-3166-407a-b53e-b79d97fd8a1f,KXCANADAPM-45-C,2025-04-21T00:31:24.134618Z,353.00,0.2300,0.7700,yes
63e81fef-9686-4744-aeee-c5c5818d99fb,KXCANADAPM-45-C,2025-04-21T00:31:24.134618Z,4647.00,0.2300,0.7700,yes
cee27043-fc78-497e-8672-da92c24269a5,KXCANADAPM-45-C,2025-04-21T00:31:07.046999Z,8.00,0.2300,0.7700,yes
9a414d56-8ddf-493a-9726-8530dcc05447,KXCANADAPM-45-C,2025-04-21T00:31:07.046999Z,500.00,0.2300,0.7700,yes
81d8ee5d-8689-406e-9531-fe50b1ca5eff,KXCANADAPM-45-C,2025-04-21T00:31:07.046999Z,100.00,0.2300,0.7700,yes
7260ccfd-2362-44f9-bb05-68283f5186fb,KXCANADAPM-45-C,2025-04-21T00:31:07.046999Z,5675.00,0.2300,0.7700,yes
49c98879-966f-48c2-8e75-32522f3386de,KXCANADAPM-45-C,2025-04-21T00:31:07.046999Z,3717.00,0.2300,0.7700,yes
6824e8fd-7118-449d-b43b-d2bfeb2e0c55,KXCANADAPM-45-C,2025-04-21T00:18:10.281335Z,412.00,0.2300,0.7700,yes
82fca421-fdba-4dda-80a3-683aa5a580be,KXCANADAPM-45-C,2025-04-20T23:33:41.799271Z,400.00,0.2300,0.7700,yes
e95380ca-37c9-4bca-81a5-eefc70046fd9,KXCANADAPM-45-C,2025-04-20T23:23:46.871585Z,103.00,0.2300,0.7700,yes
571e9150-d5b5-4f24-be53-e3f2305a682e,KXCANADAPM-45-C,2025-04-20T22:43:39.008989Z,20.00,0.2300,0.7700,yes
83ca7529-976a-4d56-9814-2710fbcc0121,KXCANADAPM-45-C,2025-04-20T21:45:02.055592Z,750.00,0.2300,0.7700,yes
70843024-5638-4228-8233-b0d88c441eef,KXCANADAPM-45-C,2025-04-20T21:33:41.097068Z,412.00,0.2300,0.7700,yes
2e4627db-a869-417a-91a9-21554c272a4d,KXCANADAPM-45-C,2025-04-20T21:31:54.402775Z,1031.00,0.2300,0.7700,yes
0a3f92fd-f081-45fe-928a-a089e1fdf559,KXCANADAPM-45-C,2025-04-20T21:31:06.445733Z,41.00,0.2300,0.7700,yes
2c4fa805-de8c-4847-bc03-5823c5207e1c,KXCANADAPM-45-C,2025-04-20T21:19:27.672281Z,200.00,0.2300,0.7700,yes
78dba801-e687-4020-a445-21159fa68df8,KXCANADAPM-45-C,2025-04-20T21:18:38.299637Z,4.00,0.2300,0.7700,yes
ad3e0274-d593-488b-90d1-747693df29ec,KXCANADAPM-45-C,2025-04-20T21:16:08.044636Z,41.00,0.2300,0.7700,yes
76dfa640-77bb-49de-b2b0-2e99df997755,KXCANADAPM-45-C,2025-04-20T21:05:15.919488Z,100.00,0.2300,0.7700,yes
150d5e1f-44b6-4efd-ac82-e2a7cc2d6798,KXCANADAPM-45-C,2025-04-20T20:39:19.181649Z,50.00,0.2300,0.7700,yes
976d4685-5ac8-437a-a2cb-57f20e6b6f10,KXCANADAPM-45-C,2025-04-20T20:26:00.829789Z,400.00,0.2300,0.7700,yes
7a71de8e-3861-4c77-832a-88499f10bbcd,KXCANADAPM-45-C,2025-04-20T20:11:10.343461Z,34.00,0.2300,0.7700,yes
89a6d5ef-c898-4af3-8f12-1c5de6eda075,KXCANADAPM-45-C,2025-04-20T19:56:40.328971Z,20.00,0.2300,0.7700,yes
dc82f8b2-a57a-4989-886c-d932332926d6,KXCANADAPM-45-C,2025-04-20T19:40:23.221793Z,123.00,0.2200,0.7800,no
bdaa8e4a-3e4f-4900-a9d6-274cad6b03a5,KXCANADAPM-45-C,2025-04-20T19:36:35.157544Z,41.00,0.2300,0.7700,yes
e1165815-7306-4e9f-b6fc-81597b293d8d,KXCANADAPM-45-C,2025-04-20T19:32:47.340992Z,7.00,0.2200,0.7800,no
4b91d864-86c4-4073-86a0-f0982ef380cd,KXCANADAPM-45-C,2025-04-20T18:58:35.737247Z,400.00,0.2300,0.7700,yes
1fe63725-58b7-4f80-b7b6-f9e5e5a5f0c0,KXCANADAPM-45-C,2025-04-20T18:57:47.160078Z,400.00,0.2300,0.7700,yes
40644cbd-b2e1-4b96-8fbc-207f1f18b38d,KXCANADAPM-45-C,2025-04-20T18:57:11.697164Z,200.00,0.2300,0.7700,yes
ff12919e-b761-4e01-9ce0-65ac44277c45,KXCANADAPM-45-C,2025-04-20T18:36:52.52581Z,397.00,0.2300,0.7700,yes
73cedfbc-abc5-4402-9df4-123620c85861,KXCANADAPM-45-C,2025-04-20T18:30:12.431749Z,206.00,0.2300,0.7700,yes
c0931180-0695-4660-9145-4aafa44068a2,KXCANADAPM-45-C,2025-04-20T18:03:24.752718Z,50.00,0.2300,0.7700,yes
19ff342a-8a20-43ef-8f4a-a99079ca1f1b,KXCANADAPM-45-C,2025-04-20T18:03:15.808661Z,50.00,0.2300,0.7700,yes
a2e66444-b7d3-4a96-87ed-4ebc5b429426,KXCANADAPM-45-C,2025-04-20T16:51:25.376745Z,1040.00,0.2200,0.7800,no
4297e750-7d01-495f-9399-e1936dc525a3,KXCANADAPM-45-C,2025-04-20T16:51:21.455703Z,4520.00,0.2300,0.7700,yes
079693cc-38f5-4594-8475-70d71a180c23,KXCANADAPM-45-C,2025-04-20T16:18:30.758995Z,4043.00,0.2300,0.7700,yes
a05f74d0-b2d6-473f-b04c-4e3cf7b18703,KXCANADAPM-45-C,2025-04-20T15:51:41.94905Z,36.00,0.2300,0.7700,no
69b131a7-1e2a-4353-bf66-6a359cb28eea,KXCANADAPM-45-C,2025-04-20T15:45:01.17561Z,421.00,0.2300,0.7700,no
60bb2401-58e6-417b-8472-9c9cab074dc2,KXCANADAPM-45-C,2025-04-20T15:45:01.17561Z,1579.00,0.2300,0.7700,no
f34059f8-79f4-472c-8d99-032cdc40534e,KXCANADAPM-45-C,2025-04-20T15:42:01.619979Z,8.00,0.2300,0.7700,no
da951d48-778c-4c45-a27e-f6c110506f26,KXCANADAPM-45-C,2025-04-20T15:42:01.619979Z,100.00,0.2300,0.7700,no
c0509ee8-3d1f-48c8-be92-9302b69bcec5,KXCANADAPM-45-C,2025-04-20T15:42:01.619979Z,18.00,0.2300,0.7700,no
ac3602e7-4452-42c7-9266-5eb32bf17afb,KXCANADAPM-45-C,2025-04-20T15:42:01.619979Z,279.00,0.2300,0.7700,no
aa5dc9ec-96fb-4b5a-89c7-b3f2b1b12d8d,KXCANADAPM-45-C,2025-04-20T15:42:01.619979Z,222.00,0.2300,0.7700,no
669eccbc-e065-4164-b582-f2e154cd36c8,KXCANADAPM-45-C,2025-04-20T15:42:01.619979Z,24.00,0.2300,0.7700,no
4c4dc397-3178-477d-b0df-60e19c27f715,KXCANADAPM-45-C,2025-04-20T15:42:01.619979Z,1000.00,0.2300,0.7700,no
3c3213ef-5acf-4876-b3d6-ffe9b25a3fcc,KXCANADAPM-45-C,2025-04-20T15:42:01.619979Z,24.00,0.2300,0.7700,no
25acc57b-5030-405e-9582-44f738595ba1,KXCANADAPM-45-C,2025-04-20T15:42:01.619979Z,24.00,0.2300,0.7700,no
23f21179-55d7-4135-9561-9f28868b4152,KXCANADAPM-45-C,2025-04-20T15:42:01.619979Z,2222.00,0.2300,0.7700,no
1d0d8191-a8f9-4f5d-adac-046634b82713,KXCANADAPM-45-C,2025-04-20T15:42:01.619979Z,79.00,0.2300,0.7700,no
10faf34f-7cc0-400b-a868-389874a4c7ff,KXCANADAPM-45-C,2025-04-20T15:24:54.65941Z,31.00,0.2400,0.7600,yes
08b349f9-4d71-4e9d-a1dc-80c1159cbf42,KXCANADAPM-45-C,2025-04-20T15:24:54.65941Z,8.00,0.2400,0.7600,yes
ef74da2d-3e24-422d-b7fc-b467b8248444,KXCANADAPM-45-C,2025-04-20T15:12:46.695312Z,22.00,0.2400,0.7600,no
bc19395a-e06f-4e70-9ee3-92baf8402605,KXCANADAPM-45-C,2025-04-20T15:12:46.695312Z,33.00,0.2400,0.7600,no
4412423d-3928-4baf-b518-c1a5a39ed1ee,KXCANADAPM-45-C,2025-04-20T15:12:46.695312Z,33.00,0.2400,0.7600,no
37295cd3-227c-425a-ac9c-d424e111ef54,KXCANADAPM-45-C,2025-04-20T15:12:46.695312Z,54.00,0.2300,0.7700,no
330776f6-af0d-4a94-b501-15c74630ac9d,KXCANADAPM-45-C,2025-04-20T15:12:46.695312Z,292.00,0.2400,0.7600,no
174bef67-3b3a-4769-8fe8-a1fe1794992f,KXCANADAPM-45-C,2025-04-20T15:12:46.695312Z,33.00,0.2400,0.7600,no
14a75c6b-28ac-482c-a1b8-6a168536d2e0,KXCANADAPM-45-C,2025-04-20T15:12:46.695312Z,33.00,0.2400,0.7600,no
c08c5709-255a-408e-badf-dc8c55a532c5,KXCANADAPM-45-C,2025-04-20T15:09:04.24404Z,222.00,0.2400,0.7600,no
63cc8fd6-4ee1-4ef9-ba8a-f469d38c11e5,KXCANADAPM-45-C,2025-04-20T15:09:04.24404Z,222.00,0.2400,0.7600,no
383c4490-e898-4a0d-8039-70d9cd93077a,KXCANADAPM-45-C,2025-04-20T15:09:04.24404Z,222.00,0.2400,0.7600,no
37a18439-0f3b-4059-8007-1cfa01e29c97,KXCANADAPM-45-C,2025-04-20T15:09:04.24404Z,9224.00,0.2400,0.7600,no
2d7ea673-a3d9-43f1-8cf9-f62fdebd5d2b,KXCANADAPM-45-C,2025-04-20T15:09:04.24404Z,100.00,0.2400,0.7600,no
22859d0b-baca-465b-9ac7-45d677c351c9,KXCANADAPM-45-C,2025-04-20T15:09:04.24404Z,10.00,0.2400,0.7600,no
37ff5d48-641e-4b38-acbd-5b34391f7e8f,KXCANADAPM-45-C,2025-04-20T15:08:19.170467Z,19.00,0.2500,0.7500,yes
ce481a7b-1180-4f11-95f2-d739b08fc5f2,KXCANADAPM-45-C,2025-04-20T14:48:07.691832Z,650.00,0.2500,0.7500,yes
d0109267-d481-4fc2-af26-0278c862d1e2,KXCANADAPM-45-C,2025-04-20T14:11:53.251352Z,307.00,0.2500,0.7500,no
97c8e29f-c6b5-48d3-8ff3-4f985dd9fb8f,KXCANADAPM-45-C,2025-04-20T14:11:53.251352Z,25.00,0.2500,0.7500,no
1e0a6460-9d22-4ca8-bde8-a171097a8850,KXCANADAPM-45-C,2025-04-20T14:11:53.251352Z,8.00,0.2500,0.7500,no
fef81900-b403-41db-94aa-210024d1bfa8,KXCANADAPM-45-C,2025-04-20T14:09:07.632916Z,1.00,0.2600,0.7400,yes
fcc67246-13c0-4455-8df8-a4b30f85f9db,KXCANADAPM-45-C,2025-04-20T14:01:13.805466Z,1.00,0.2500,0.7500,no
a21901e5-abff-4f87-91df-dda3eeb23e69,KXCANADAPM-45-C,2025-04-20T13:48:14.941375Z,3.00,0.2500,0.7500,no
350b901c-cebd-4393-a17a-f7c9714b67c4,KXCANADAPM-45-C,2025-04-20T13:48:14.941375Z,12.00,0.2500,0.7500,no
044a207e-2edf-40a3-8975-458fe2b9552e,KXCANADAPM-45-C,2025-04-20T13:39:22.847918Z,125.00,0.2600,0.7400,yes
afb8daeb-1e12-43c6-8c3d-6e55fdd30de8,KXCANADAPM-45-C,2025-04-20T12:53:03.621185Z,100.00,0.2500,0.7500,no
6731f3ab-f064-422f-9e5a-7e56c9c1ea27,KXCANADAPM-45-C,2025-04-20T12:53:03.621185Z,900.00,0.2500,0.7500,no
4d86b531-b662-4085-af1f-8427f2670f81,KXCANADAPM-45-C,2025-04-20T12:53:03.621185Z,222.00,0.2500,0.7500,no
201806e2-af05-47d3-8015-6631deaf9502,KXCANADAPM-45-C,2025-04-20T12:53:03.621185Z,528.00,0.2500,0.7500,no
0b1545f9-a09b-4996-833a-c1609f068097,KXCANADAPM-45-C,2025-04-20T12:28:55.497228Z,91.00,0.2600,0.7400,yes
cc6a959d-7398-420f-9206-276554c6f2cd,KXCANADAPM-45-C,2025-04-20T06:41:21.411767Z,5000.00,0.2600,0.7400,yes
63cd8aec-353a-4356-bc59-1cf01a465d30,KXCANADAPM-45-C,2025-04-20T06:41:21.411767Z,1.00,0.2600,0.7400,yes
5745279d-e298-4b76-b36b-9ef4968ce93b,KXCANADAPM-45-C,2025-04-20T06:41:21.411767Z,64.00,0.2600,0.7400,yes
97f04e21-0179-43f1-8e5d-83403c80bc15,KXCANADAPM-45-C,2025-04-20T06:39:16.227709Z,36.00,0.2600,0.7400,yes
f9f7ebe0-dbc3-4499-8147-bfbef2801f92,KXCANADAPM-45-C,2025-04-20T06:30:06.613421Z,22.00,0.2500,0.7500,yes
e649249a-ff32-4fab-b75c-f2cbd07a3671,KXCANADAPM-45-C,2025-04-20T06:30:06.613421Z,100.00,0.2500,0.7500,yes
bfd9e4ea-5870-489a-8b18-2feedc173fae,KXCANADAPM-45-C,2025-04-20T06:30:06.613421Z,129.00,0.2500,0.7500,yes
b9bf9469-7802-42ee-8d61-9048f592fda5,KXCANADAPM-45-C,2025-04-20T06:30:06.613421Z,22.00,0.2500,0.7500,yes
b9312d4f-75c5-44bd-a143-c886bc90ab56,KXCANADAPM-45-C,2025-04-20T06:30:06.613421Z,500.00,0.2500,0.7500,yes
aa06f0cf-04c3-4c3a-95fd-d2243a563554,KXCANADAPM-45-C,2025-04-20T06:30:06.613421Z,3.00,0.2500,0.7500,yes
9e4d76fb-83fd-4c7f-ba12-03b8657ea46d,KXCANADAPM-45-C,2025-04-20T06:30:06.613421Z,550.00,0.2500,0.7500,yes
6e4cb102-0bb7-4988-800d-bcfc181d36da,KXCANADAPM-45-C,2025-04-20T06:30:06.613421Z,12.00,0.2500,0.7500,yes
559d8e4f-f4d7-4d8f-969b-d49c7d67d9e1,KXCANADAPM-45-C,2025-04-20T06:30:06.613421Z,10.00,0.2500,0.7500,yes
452ca610-b2b1-4480-a176-716ae0cb0459,KXCANADAPM-45-C,2025-04-20T06:30:06.613421Z,22.00,0.2500,0.7500,yes
16d0bc6b-2f9f-4f5d-b977-36dad8db6a0d,KXCANADAPM-45-C,2025-04-20T06:30:06.613421Z,22.00,0.2500,0.7500,yes
04e81ae5-d9a6-43d4-a5bb-ad282ce919d9,KXCANADAPM-45-C,2025-04-20T06:30:06.613421Z,367.00,0.2500,0.7500,yes
fd82eb51-7e29-44de-89a8-6688c06dca45,KXCANADAPM-45-C,2025-04-20T06:29:16.640963Z,1.00,0.2400,0.7600,yes
fcc4e66d-6360-44a9-a079-67b54cc23e03,KXCANADAPM-45-C,2025-04-20T06:29:16.640963Z,22.00,0.2400,0.7600,yes
f9ddea01-b928-427d-ac39-343a25ad57e9,KXCANADAPM-45-C,2025-04-20T06:29:16.640963Z,14.00,0.2400,0.7600,yes
c61164bd-7e83-4625-a027-d4ef3a960d52,KXCANADAPM-45-C,2025-04-20T06:29:16.640963Z,100.00,0.2400,0.7600,yes
880f61f9-3f62-432b-9878-3e0a92c99810,KXCANADAPM-45-C,2025-04-20T06:29:16.640963Z,93.00,0.2400,0.7600,yes
6fdb8be6-cb11-4cba-9504-e7fff4b6232e,KXCANADAPM-45-C,2025-04-20T06:29:16.640963Z,2000.00,0.2400,0.7600,yes
5fc4c622-6d05-4d94-90d2-b11c4cd109ee,KXCANADAPM-45-C,2025-04-20T06:29:16.640963Z,22.00,0.2400,0.7600,yes
52451e45-f6d4-4bba-8613-cf54f4c1b7c0,KXCANADAPM-45-C,2025-04-20T06:29:16.640963Z,21.00,0.2400,0.7600,yes
31edc5bb-07a7-44a2-af1b-338af55eb06f,KXCANADAPM-45-C,2025-04-20T06:29:16.640963Z,22.00,0.2400,0.7600,yes
2f248177-9ef1-4c70-8f96-3cf4738e8ef5,KXCANADAPM-45-C,2025-04-20T06:29:16.640963Z,10000.00,0.2400,0.7600,yes
8b0f5680-dd60-4536-8555-9f8109cf534c,KXCANADAPM-45-C,2025-04-20T06:28:13.358978Z,146.00,0.2300,0.7700,yes
f8d09449-9620-4cb7-89a3-5f49060d1175,KXCANADAPM-45-C,2025-04-20T06:28:02.806166Z,100.00,0.2300,0.7700,yes
a324ca5d-3c52-47d4-b062-3383c1898e34,KXCANADAPM-45-C,2025-04-20T06:28:02.806166Z,18.00,0.2300,0.7700,yes
6e7d525e-af3a-41cc-bff6-cecba432b168,KXCANADAPM-45-C,2025-04-20T06:28:02.806166Z,8000.00,0.2300,0.7700,yes
5201b82b-aa73-4f92-9331-70967c73c809,KXCANADAPM-45-C,2025-04-20T06:28:02.806166Z,181.00,0.2300,0.7700,yes
35ce40b6-4ee6-4d95-af58-58764935311f,KXCANADAPM-45-C,2025-04-20T06:28:02.806166Z,38.00,0.2300,0.7700,yes
b056fa96-cd1f-4ef0-b5d1-e955dd9c4ed0,KXCANADAPM-45-C,2025-04-20T05:50:34.185311Z,82.00,0.2300,0.7700,yes
ab40fd58-6e0d-462c-91f5-709bda578bb3,KXCANADAPM-45-C,2025-04-20T05:44:50.096181Z,282.00,0.2200,0.7800,yes
49436642-7aa4-4290-b57c-26b991435a80,KXCANADAPM-45-C,2025-04-20T05:44:50.096181Z,171.00,0.2200,0.7800,yes
394cc7ae-8311-4f0d-ac6a-f2dc24f68162,KXCANADAPM-45-C,2025-04-20T05:44:44.450894Z,8.00,0.2200,0.7800,yes
0c9c3197-8d32-4a06-9f45-cd9df34f73f8,KXCANADAPM-45-C,2025-04-20T05:44:44.450894Z,10000.00,0.2200,0.7800,yes
fbac3bcb-ccbd-4d48-8428-4d6daaf4e870,KXCANADAPM-45-C,2025-04-20T05:03:57.711493Z,200.00,0.2200,0.7800,yes
bfac79ed-af18-4a6e-8d5b-b7f9c78d11ba,KXCANADAPM-45-C,2025-04-20T05:03:57.711493Z,901.00,0.2200,0.7800,yes
58bc9d04-8dbc-47c2-bbfc-77052bf6b64c,KXCANADAPM-45-C,2025-04-20T05:03:57.711493Z,3899.00,0.2200,0.7800,yes
b266cb73-8d86-4f03-9c42-5b07d55d9d05,KXCANADAPM-45-C,2025-04-20T05:03:45.488777Z,92.00,0.2100,0.7900,yes
5d4d6780-47a1-47c9-b941-0149a15591be,KXCANADAPM-45-C,2025-04-20T05:03:45.488777Z,2924.00,0.2100,0.7900,yes
3359f6bc-369b-499c-96b1-0a1cb03440c3,KXCANADAPM-45-C,2025-04-20T05:03:45.488777Z,75.00,0.2100,0.7900,yes
ac630354-a8bb-4c2c-ba5e-5b2cb091d94d,KXCANADAPM-45-C,2025-04-20T04:58:02.983835Z,22.00,0.2100,0.7900,yes
1b304703-ebec-45e2-b178-165e9af99433,KXCANADAPM-45-C,2025-04-20T04:37:43.36546Z,111.00,0.2000,0.8000,no
57ef0791-5ef8-420c-b520-782c942df666,KXCANADAPM-45-C,2025-04-20T04:35:17.61213Z,7.00,0.2100,0.7900,no
12af3f03-9a92-4093-a2a5-c0801e7b86de,KXCANADAPM-45-C,2025-04-20T04:35:17.61213Z,100.00,0.2100,0.7900,no
07f0601f-30f5-4f41-912d-9692b299f49b,KXCANADAPM-45-C,2025-04-20T04:35:17.61213Z,247.00,0.2100,0.7900,no
a5c738b4-d590-4abb-b691-4366d446da4d,KXCANADAPM-45-C,2025-04-20T04:22:51.375358Z,100.00,0.2200,0.7800,yes
1e1b0f01-6f75-431e-a22c-6721a85323b2,KXCANADAPM-45-C,2025-04-20T03:54:20.927609Z,250.00,0.2100,0.7900,no
fadb0f2f-df2a-478b-bfcf-95e9040b8a20,KXCANADAPM-45-C,2025-04-20T03:43:47.440615Z,19.00,0.2200,0.7800,yes
bb8866b6-372c-4bd0-aa4b-d2b51c275ed0,KXCANADAPM-45-C,2025-04-20T03:08:21.91815Z,200.00,0.2200,0.7800,yes
41618c78-688f-48b4-832d-9967be18de67,KXCANADAPM-45-C,2025-04-20T03:08:21.91815Z,1524.00,0.2200,0.7800,yes
30312225-81dd-455e-9a7d-77d0b76fe84b,KXCANADAPM-45-C,2025-04-20T03:08:21.91815Z,431.00,0.2200,0.7800,yes
568e1f85-d9f0-4edd-bf86-302ca84a19a5,KXCANADAPM-45-C,2025-04-20T02:18:04.480417Z,215.00,0.2200,0.7800,yes
76e894dc-cb15-481f-8421-09964f740c50,KXCANADAPM-45-C,2025-04-20T02:04:42.487673Z,21.00,0.2200,0.7800,yes
44a41942-8f9d-4247-97df-f0d85ba068cd,KXCANADAPM-45-C,2025-04-20T02:00:29.877997Z,221.00,0.2200,0.7800,yes
ea692351-3187-4107-af97-7fc264c3fa93,KXCANADAPM-45-C,2025-04-20T01:45:57.800273Z,431.00,0.2200,0.7800,yes
151591ed-ae1a-46a4-9cdb-e741dbaedc9d,KXCANADAPM-45-C,2025-04-20T00:38:43.018294Z,646.00,0.2200,0.7800,yes
ad7aa9c1-959f-421b-8e06-02e79d452a5f,KXCANADAPM-45-C,2025-04-20T00:23:50.149994Z,23.00,0.2200,0.7800,yes
d3598c0d-117a-436b-b3be-d39f37c3a63a,KXCANADAPM-45-C,2025-04-20T00:11:01.740938Z,23.00,0.2100,0.7900,no
6834efba-3a88-4d61-a597-2b9b316ce726,KXCANADAPM-45-C,2025-04-19T23:29:21.065941Z,12.00,0.2200,0.7800,yes
8d0939fc-f84e-4286-bdc0-695a9b8ee84f,KXCANADAPM-45-C,2025-04-19T23:17:10.734882Z,1077.00,0.2200,0.7800,yes
f3e69cc2-f28c-416f-a990-85bdc4cdb31d,KXCANADAPM-45-C,2025-04-19T23:06:17.36246Z,107.00,0.2200,0.7800,yes
a2632601-ccbd-4457-876a-d23e93e3f99a,KXCANADAPM-45-C,2025-04-19T22:59:07.702529Z,109.00,0.2100,0.7900,no
93ed7530-c006-4033-8c32-efd2e2f5e95d,KXCANADAPM-45-C,2025-04-19T22:31:16.801331Z,5.00,0.2200,0.7800,yes
ee549201-a4d1-4409-9d2f-64ddfd36cc33,KXCANADAPM-45-C,2025-04-19T22:17:46.403978Z,43.00,0.2200,0.7800,yes
802145c6-d813-4ba0-8073-d4b88b4bd753,KXCANADAPM-45-C,2025-04-19T21:51:29.953579Z,1000.00,0.2200,0.7800,yes
5f0a9f96-8329-4863-a645-29472dbb6f14,KXCANADAPM-45-C,2025-04-19T21:48:17.860862Z,500.00,0.2200,0.7800,yes
6eaaa1c0-1eec-4c9f-8ce8-38ad11adeedc,KXCANADAPM-45-C,2025-04-19T21:45:45.021017Z,291.00,0.2200,0.7800,yes
55e3af99-cf3f-4be4-9226-bb048e93dd02,KXCANADAPM-45-C,2025-04-19T21:35:47.509858Z,1.00,0.2200,0.7800,yes
8586a196-43fe-4762-b825-6f6f12b27976,KXCANADAPM-45-C,2025-04-19T20:57:47.324651Z,33.00,0.2100,0.7900,no
55e02a48-119a-4fda-9042-9399ab95723e,KXCANADAPM-45-C,2025-04-19T20:54:23.062512Z,24.00,0.2100,0.7900,no
3669b5ed-8bf2-479d-8942-e1f429b804ad,KXCANADAPM-45-C,2025-04-19T20:51:45.600762Z,19.00,0.2200,0.7800,yes
8df0f8fa-848d-4416-8020-b7fdc0dd45f8,KXCANADAPM-45-C,2025-04-19T20:49:45.871368Z,21.00,0.2200,0.7800,yes
42db104c-a7d8-4826-ae8f-3eb28ff4c867,KXCANADAPM-45-C,2025-04-19T20:49:10.575651Z,10.00,0.2100,0.7900,no
74c2109a-ae7b-4402-b57a-2e84a74df225,KXCANADAPM-45-C,2025-04-19T20:46:58.150185Z,7.00,0.2100,0.7900,no
57546bb5-e62d-403f-9353-1901ccf86447,KXCANADAPM-45-C,2025-04-19T20:32:46.47201Z,17.00,0.2100,0.7900,no
bf03461d-c912-4085-8ae9-c006c39375f1,KXCANADAPM-45-C,2025-04-19T19:37:16.695443Z,42.00,0.2100,0.7900,no
c86b9e85-4c9f-4d6f-9526-1d9fc3af9498,KXCANADAPM-45-C,2025-04-19T19:32:44.425193Z,86.00,0.2100,0.7900,no
a4c7aa13-6097-4221-b41e-feabef3e4d33,KXCANADAPM-45-C,2025-04-19T18:24:13.561997Z,107.00,0.2200,0.7800,yes
0adff006-7f50-41c9-ad0c-58d138622cf4,KXCANADAPM-45-C,2025-04-19T17:46:51.629246Z,16.00,0.2100,0.7900,no
8c499251-b079-4a92-a889-af5c03cd3aed,KXCANADAPM-45-C,2025-04-19T17:44:24.993155Z,103.00,0.2200,0.7800,yes
fa8c0318-4f56-4a55-b06d-be3dd0fbeeef,KXCANADAPM-45-C,2025-04-19T17:39:33.077985Z,70.00,0.2100,0.7900,no
d0b21713-7270-47f2-b61b-55deaa34f126,KXCANADAPM-45-C,2025-04-19T17:30:50.682589Z,431.00,0.2200,0.7800,yes
79620b72-6627-4ce7-9ba8-ffa0331e5a05,KXCANADAPM-45-C,2025-04-19T16:47:20.994107Z,880.00,0.2200,0.7800,yes
d06f332c-eb2c-461e-87a2-02f2b9e95089,KXCANADAPM-45-C,2025-04-19T16:18:19.39762Z,50.00,0.2200,0.7800,yes
1574fb5f-0ffe-40ab-8335-69ff9e8cc552,KXCANADAPM-45-C,2025-04-19T15:59:31.057161Z,646.00,0.2200,0.7800,yes
960fde5c-918d-4b23-aea1-4949f4103210,KXCANADAPM-45-C,2025-04-19T15:57:34.257627Z,505.00,0.2100,0.7900,no
2e4bdda0-19e4-4d8c-9264-348eb41bc7ca,KXCANADAPM-45-C,2025-04-19T15:57:34.257627Z,495.00,0.2100,0.7900,no
cea895a8-716f-4fbd-88c3-efd2bd6b4868,KXCANADAPM-45-C,2025-04-19T15:53:40.532265Z,431.00,0.2200,0.7800,yes
c74ae57d-6e79-4c2c-b06c-5f0faecfb375,KXCANADAPM-45-C,2025-04-19T15:46:49.88041Z,1508.00,0.2200,0.7800,yes
99601d0e-0d4b-4cef-998d-605cc8bdd9e5,KXCANADAPM-45-C,2025-04-19T15:19:48.635889Z,5.00,0.2100,0.7900,no
3eb244c1-ba0c-432f-9c13-b69107d95723,KXCANADAPM-45-C,2025-04-19T14:31:17.987198Z,7.00,0.2200,0.7800,yes
0703eb4e-f885-4bd8-9bf9-13acb2d8ce19,KXCANADAPM-45-C,2025-04-19T14:31:17.987198Z,1551.00,0.2200,0.7800,yes
8666ca0f-ddff-42a2-b4ae-33840676571e,KXCANADAPM-45-C,2025-04-19T14:01:46.307027Z,26.00,0.2200,0.7800,yes
682c9952-d30d-4a69-a4d6-b8991d4ca95c,KXCANADAPM-45-C,2025-04-19T14:01:46.307027Z,26.00,0.2200,0.7800,yes
6081844f-c74c-4bea-ab62-e7fd955c2030,KXCANADAPM-45-C,2025-04-19T14:01:46.307027Z,26.00,0.2200,0.7800,yes
40476423-9411-4c13-bce8-dc650c034662,KXCANADAPM-45-C,2025-04-19T14:01:46.307027Z,26.00,0.2200,0.7800,yes
2eb1de67-077c-43da-8efc-75bb902e8a38,KXCANADAPM-45-C,2025-04-19T14:01:46.307027Z,93.00,0.2200,0.7800,yes
1279980b-9ce8-4279-8d2b-9b309015c06a,KXCANADAPM-45-C,2025-04-19T14:01:46.307027Z,18.00,0.2200,0.7800,yes
136a11ef-1558-40e8-a4b0-e629a9ce67d9,KXCANADAPM-45-C,2025-04-19T13:58:49.594352Z,45.00,0.2100,0.7900,yes
31bee129-5baa-4cdc-ab01-bf376e15e22c,KXCANADAPM-45-C,2025-04-19T13:38:38.593303Z,451.00,0.2100,0.7900,yes
16575662-a561-46b0-98c4-f0d52175c2d7,KXCANADAPM-45-C,2025-04-19T13:37:50.178237Z,22.00,0.2100,0.7900,yes
b1e30b15-a53b-4d28-8f51-b84aa2782724,KXCANADAPM-45-C,2025-04-19T13:31:53.636361Z,1458.00,0.2100,0.7900,yes
176abdef-80d3-490a-8194-f8881c84b099,KXCANADAPM-45-C,2025-04-19T13:31:16.995206Z,6104.00,0.2100,0.7900,yes
d35d3ea3-9950-4945-850b-c7c949e0b518,KXCANADAPM-45-C,2025-04-19T13:30:55.858301Z,126.00,0.2100,0.7900,yes
f9fe3dfb-9988-4004-943e-efee20025037,KXCANADAPM-45-C,2025-04-19T13:30:54.072359Z,10.00,0.2200,0.7800,no
de3834c2-1f80-473b-ac96-fd7d9d7a1d2d,KXCANADAPM-45-C,2025-04-19T13:30:54.072359Z,20.00,0.2100,0.7900,no
d66b784e-8c32-4e60-a8ea-695740ba2e67,KXCANADAPM-45-C,2025-04-19T13:30:54.072359Z,18.00,0.2200,0.7800,no
c3c9e73a-4984-4d44-9f97-6c36eec511e0,KXCANADAPM-45-C,2025-04-19T13:30:54.072359Z,737.00,0.2200,0.7800,no
c0717674-d478-40c5-a12f-90aea45a12fb,KXCANADAPM-45-C,2025-04-19T13:30:54.072359Z,100.00,0.2100,0.7900,no
bc786389-b917-48a3-96fd-c4a58e4c7e2a,KXCANADAPM-45-C,2025-04-19T13:30:54.072359Z,29.00,0.2100,0.7900,no
a4f44f35-7575-4c0d-bae7-a3f17c491b43,KXCANADAPM-45-C,2025-04-19T13:30:54.072359Z,18.00,0.2200,0.7800,no
9b813f87-9c1e-4650-8876-68c99ad2cfa3,KXCANADAPM-45-C,2025-04-19T13:30:54.072359Z,1.00,0.2200,0.7800,no
8e6ef0fb-3d77-47e0-8e84-2d6dbfe23fe0,KXCANADAPM-45-C,2025-04-19T13:30:54.072359Z,5000.00,0.2100,0.7900,no
8d32e54f-243b-41e3-8ecb-2804396d54c4,KXCANADAPM-45-C,2025-04-19T13:30:54.072359Z,18.00,0.2200,0.7800,no
8a5cd93e-c6b3-4f05-9304-18d485817184,KXCANADAPM-45-C,2025-04-19T13:30:54.072359Z,68.00,0.2200,0.7800,no
7fe23196-4c2b-4728-a38b-69fa42d817a6,KXCANADAPM-45-C,2025-04-19T13:30:54.072359Z,29.00,0.2100,0.7900,no
7fb3701b-6a0f-442d-b0b9-9a1be172bf33,KXCANADAPM-45-C,2025-04-19T13:30:54.072359Z,10.00,0.2100,0.7900,no
7f97b8fd-f4b7-4ff1-b2c8-ece4f7bb9458,KXCANADAPM-45-C,2025-04-19T13:30:54.072359Z,29.00,0.2100,0.7900,no
579c817c-0950-42be-a3b1-57c08e4d4200,KXCANADAPM-45-C,2025-04-19T13:30:54.072359Z,29.00,0.2100,0.7900,no
477aec39-ba07-413e-b0f0-17222e51d06c,KXCANADAPM-45-C,2025-04-19T13:30:54.072359Z,18.00,0.2200,0.7800,no
3dfdea47-c4ac-4b71-baa7-295661fc5791,KXCANADAPM-45-C,2025-04-19T13:30:54.072359Z,4000.00,0.2200,0.7800,no
2bb59b29-eb66-4e82-8c4d-eaabb205511a,KXCANADAPM-45-C,2025-04-19T13:30:54.072359Z,5.00,0.2200,0.7800,no
8045634c-b369-46d6-a633-76df132160ef,KXCANADAPM-45-C,2025-04-19T13:25:44.64118Z,37.00,0.2300,0.7700,yes
ed3eef1a-d1f2-4308-9876-53e40e1bc1e9,KXCANADAPM-45-C,2025-04-19T13:12:17.387084Z,8.00,0.2200,0.7800,no
5f9b5d9a-bbd6-402f-8a71-5b432225e03d,KXCANADAPM-45-C,2025-04-19T06:46:23.042244Z,24.00,0.2200,0.7800,no
5baa3caa-0c11-41a6-80d3-2914d2b37311,KXCANADAPM-45-C,2025-04-19T04:53:40.448746Z,3000.00,0.2300,0.7700,yes
fdab5722-c403-45b4-b529-dd551ab7fb7b,KXCANADAPM-45-C,2025-04-19T04:24:06.734834Z,82.00,0.2300,0.7700,yes
c62809c6-aa09-4a50-9bf8-787074ba68bb,KXCANADAPM-45-C,2025-04-19T04:12:19.82154Z,103.00,0.2300,0.7700,yes
f9323187-942a-4584-8efd-eb595db62d97,KXCANADAPM-45-C,2025-04-19T03:52:48.598984Z,1.00,0.2300,0.7700,yes
df725ff6-5bd6-4db7-97bd-272c0d62235b,KXCANADAPM-45-C,2025-04-19T03:52:48.598984Z,21137.00,0.2300,0.7700,yes
be363965-7784-4001-be3a-bb898cbfeb7d,KXCANADAPM-45-C,2025-04-19T03:52:48.598984Z,1000.00,0.2300,0.7700,yes
7f6b9dd4-3253-4f9c-a44e-ded3ae6a49ea,KXCANADAPM-45-C,2025-04-19T03:52:48.598984Z,2009.00,0.2300,0.7700,yes
1badf925-6a61-4348-a628-b84f43584f66,KXCANADAPM-45-C,2025-04-19T03:52:48.598984Z,200.00,0.2300,0.7700,yes
fdc4ca90-74f9-439f-9e2b-e7b53a42a8c4,KXCANADAPM-45-C,2025-04-19T03:39:13.789223Z,82.00,0.2300,0.7700,yes
bd2c4502-940b-456a-a854-4f3e362a9d64,KXCANADAPM-45-C,2025-04-19T03:14:04.780267Z,126.00,0.2200,0.7800,no
3fbccb55-6a09-4871-aa99-51ffd463aefe,KXCANADAPM-45-C,2025-04-19T02:51:44.414624Z,250.00,0.2300,0.7700,yes
d53a6b1e-94c9-4363-bb1d-cf1893b9e43a,KXCANADAPM-45-C,2025-04-19T02:41:52.779904Z,100.00,0.2300,0.7700,yes
82c9fe1e-06f7-44b3-9a91-460738ff1492,KXCANADAPM-45-C,2025-04-19T02:41:52.779904Z,1168.00,0.2300,0.7700,yes
3c959420-0da0-4101-8545-281fd7fbc9ed,KXCANADAPM-45-C,2025-04-19T02:41:52.779904Z,753.00,0.2300,0.7700,yes
809c7183-aa78-4a4c-ad9b-5f1554119a5e,KXCANADAPM-45-C,2025-04-19T02:38:42.313315Z,577.00,0.2300,0.7700,yes
c0f33d0f-d928-477d-800e-727fe54c8d58,KXCANADAPM-45-C,2025-04-19T01:55:47.173543Z,75.00,0.2300,0.7700,yes
f9d7eaf4-2ab2-4a96-840e-a5f2f3d7c8dc,KXCANADAPM-45-C,2025-04-19T01:45:38.984032Z,404.00,0.2300,0.7700,yes
eb241275-2390-487e-a0a3-d265f29c28a4,KXCANADAPM-45-C,2025-04-19T01:41:27.093051Z,200.00,0.2300,0.7700,yes
a5b23999-8736-4ac2-9e57-d86d31c17d93,KXCANADAPM-45-C,2025-04-19T01:41:27.093051Z,300.00,0.2300,0.7700,yes
17f5fea7-7dab-4abb-b0ca-cf5f02ada27c,KXCANADAPM-45-C,2025-04-19T01:41:27.093051Z,1724.00,0.2300,0.7700,yes
0d86c7dc-16ed-459a-9517-7de8052a9f92,KXCANADAPM-45-C,2025-04-19T01:41:27.093051Z,2776.00,0.2300,0.7700,yes
f2a1bca8-d91c-4719-8bbc-8d76da7cc354,KXCANADAPM-45-C,2025-04-18T23:37:58.487354Z,1.00,0.2200,0.7800,no
214feb63-8ed7-45b7-b03f-31167dd803ec,KXCANADAPM-45-C,2025-04-18T23:36:15.946016Z,12.00,0.2300,0.7700,yes
710b0f62-beed-457b-ac50-2a70c8c8865d,KXCANADAPM-45-C,2025-04-18T23:31:33.530965Z,5.00,0.2300,0.7700,yes
a1c7e091-6530-43fc-8c66-225a8d37498b,KXCANADAPM-45-C,2025-04-18T23:29:17.327846Z,5.00,0.2300,0.7700,yes
462a17cb-2808-44f5-af0a-9dcbe2ddc649,KXCANADAPM-45-C,2025-04-18T22:37:24.779642Z,1548.00,0.2200,0.7800,no
bb686f26-a55e-42f6-8801-779c2265f66e,KXCANADAPM-45-C,2025-04-18T22:34:24.636076Z,412.00,0.2300,0.7700,yes
ce0c7561-0ee9-486a-8393-f7bd3520ae3c,KXCANADAPM-45-C,2025-04-18T22:25:22.161654Z,1.00,0.2300,0.7700,yes
756c8072-61fb-4815-8140-0303ab2c4bf5,KXCANADAPM-45-C,2025-04-18T21:17:05.152376Z,1000.00,0.2200,0.7800,no
c7220b79-74c9-47d6-9ddc-c3963cd3fc12,KXCANADAPM-45-C,2025-04-18T21:01:00.933307Z,3.00,0.2300,0.7700,yes
7cafc6b6-9718-4bd5-8cbc-368377e98672,KXCANADAPM-45-C,2025-04-18T21:01:00.933307Z,481.00,0.2300,0.7700,yes
50fbb094-87c6-48a4-8dc6-141a53767dcf,KXCANADAPM-45-C,2025-04-18T21:01:00.933307Z,341.00,0.2300,0.7700,yes
ad84195b-bb27-4bc3-b5a4-90c879e10d37,KXCANADAPM-45-C,2025-04-18T20:58:43.877561Z,500.00,0.2300,0.7700,yes
680989b6-d075-46f2-9656-5b59842bc311,KXCANADAPM-45-C,2025-04-18T20:58:43.877561Z,12.00,0.2300,0.7700,yes
36e4090e-3271-4b8d-ad78-030ba8e51f11,KXCANADAPM-45-C,2025-04-18T20:58:43.877561Z,519.00,0.2300,0.7700,yes
5a7486f0-df7b-4846-96b5-4370217899c7,KXCANADAPM-45-C,2025-04-18T20:55:04.59974Z,100.00,0.2300,0.7700,yes
4a0cd426-8535-45b0-8d00-a52e7739b7ca,KXCANADAPM-45-C,2025-04-18T20:55:04.59974Z,98.00,0.2300,0.7700,yes
3309d501-469b-423b-82d9-d48847b5ddf1,KXCANADAPM-45-C,2025-04-18T20:55:04.59974Z,8.00,0.2300,0.7700,yes
790fe808-20ae-4792-9b1a-66182f6d6072,KXCANADAPM-45-C,2025-04-18T20:34:19.598737Z,1.00,0.2300,0.7700,yes
248ad9b2-6f07-41b2-9332-21df1f4dd397,KXCANADAPM-45-C,2025-04-18T20:23:52.932188Z,1.00,0.2300,0.7700,yes
57a02fe0-f741-47a5-b42b-1e4b3e96a1ea,KXCANADAPM-45-C,2025-04-18T20:19:10.610528Z,9.00,0.2200,0.7800,yes
0846c3e7-bcff-43d0-9011-be7f29c68474,KXCANADAPM-45-C,2025-04-18T20:19:10.610528Z,210.00,0.2200,0.7800,yes
a47a8616-b5dc-42a1-8113-edea63576ffc,KXCANADAPM-45-C,2025-04-18T20:10:56.411557Z,9.00,0.2200,0.7800,no
8414a08c-5798-4207-8c6b-43d3d22bbd07,KXCANADAPM-45-C,2025-04-18T20:10:56.411557Z,211.00,0.2200,0.7800,no
08688b33-148e-461b-8784-15dfdf8d6f08,KXCANADAPM-45-C,2025-04-18T20:10:56.411557Z,15.00,0.2200,0.7800,no
5011701e-d1c3-46fa-9fb6-26dd843327a3,KXCANADAPM-45-C,2025-04-18T20:10:52.253185Z,2.00,0.2200,0.7800,no
3d08adef-29ee-491f-b125-b3f2660511b4,KXCANADAPM-45-C,2025-04-18T20:10:45.971706Z,161.00,0.2200,0.7800,no
125d91ad-76cd-4c90-9932-77822d904b6f,KXCANADAPM-45-C,2025-04-18T20:10:35.451751Z,162.00,0.2200,0.7800,no
409d1eb2-6c4e-4838-8b7c-a0f533ab3abc,KXCANADAPM-45-C,2025-04-18T20:10:24.883879Z,163.00,0.2200,0.7800,no
389b582e-747c-47a1-8097-eff2c54ef346,KXCANADAPM-45-C,2025-04-18T20:10:14.611853Z,165.00,0.2200,0.7800,no
1970eb85-5f42-42db-881b-bf1615cddbaf,KXCANADAPM-45-C,2025-04-18T20:10:03.842698Z,166.00,0.2200,0.7800,no
ceeeac48-8bd7-4b50-96c1-719e72e83a9f,KXCANADAPM-45-C,2025-04-18T20:09:53.401666Z,167.00,0.2200,0.7800,no
dfe0a800-2a2f-4f36-931e-efc7ea647886,KXCANADAPM-45-C,2025-04-18T20:09:43.687002Z,1390.00,0.2200,0.7800,no
28def8db-5d2c-4a02-9187-732eb3dd194a,KXCANADAPM-45-C,2025-04-18T20:09:32.392049Z,863.00,0.2200,0.7800,no
a27090b5-1210-4090-ad89-012feb320390,KXCANADAPM-45-C,2025-04-18T20:09:21.892084Z,870.00,0.2200,0.7800,no
af657e02-a95c-4c87-8cb6-40e326b77787,KXCANADAPM-45-C,2025-04-18T20:09:14.643718Z,876.00,0.2200,0.7800,yes
08dc09e5-c3d8-4b38-a2de-4a4d8036f76a,KXCANADAPM-45-C,2025-04-18T20:08:19.681153Z,186.00,0.2200,0.7800,yes
ffd914bf-cb6e-433c-b19e-152ce8103b15,KXCANADAPM-45-C,2025-04-18T20:06:16.643756Z,19.00,0.2200,0.7800,yes
ef4b0f7f-2bb2-4cb5-bb8d-4c1c2e963658,KXCANADAPM-45-C,2025-04-18T20:06:16.643756Z,19.00,0.2200,0.7800,yes
dfffd785-741a-4582-9110-21fa24b186f4,KXCANADAPM-45-C,2025-04-18T20:06:16.643756Z,4.00,0.2200,0.7800,yes
ddde42df-2e2e-4543-9b15-c06f211a04ee,KXCANADAPM-45-C,2025-04-18T20:06:16.643756Z,19.00,0.2200,0.7800,yes
d7435b44-9522-4089-b3ec-951580b40ee4,KXCANADAPM-45-C,2025-04-18T20:06:16.643756Z,172.00,0.2200,0.7800,yes
b980ed00-42cb-4e5d-a146-77f9f4f32850,KXCANADAPM-45-C,2025-04-18T20:06:16.643756Z,3.00,0.2200,0.7800,yes
b7c65bee-fff6-4e4e-bd3a-d9b07611a751,KXCANADAPM-45-C,2025-04-18T20:06:16.643756Z,1000.00,0.2200,0.7800,yes
b1f0ca8f-ac64-4c12-ae32-0d0331431fe7,KXCANADAPM-45-C,2025-04-18T20:06:16.643756Z,3212.00,0.2200,0.7800,yes
a9703e95-7eb1-4dea-96d9-afa9313dcef6,KXCANADAPM-45-C,2025-04-18T20:06:16.643756Z,2.00,0.2200,0.7800,yes
a756f95d-bbb6-4887-ae3a-b1e8a7d8a4df,KXCANADAPM-45-C,2025-04-18T20:06:16.643756Z,10171.00,0.2200,0.7800,yes
9fd7413a-5d5b-4ee4-8060-18400c2d7575,KXCANADAPM-45-C,2025-04-18T20:06:16.643756Z,19.00,0.2200,0.7800,yes
9aeee9d6-3bf6-4c30-931e-f065873c5b5b,KXCANADAPM-45-C,2025-04-18T20:06:16.643756Z,6.00,0.2200,0.7800,yes
7ab1f301-81e3-4ebc-a164-b455a6762716,KXCANADAPM-45-C,2025-04-18T20:06:16.643756Z,100.00,0.2200,0.7800,yes
79dc6481-bdf9-41ad-96c3-92c164d9791d,KXCANADAPM-45-C,2025-04-18T20:06:16.643756Z,200.00,0.2200,0.7800,yes
5bee2487-54e5-4a5e-ab5b-75d3fdef56e6,KXCANADAPM-45-C,2025-04-18T20:06:16.643756Z,50.00,0.2200,0.7800,yes
3a4e55a8-a693-4fa6-a2e8-8f73f92b9bf8,KXCANADAPM-45-C,2025-04-18T20:06:16.643756Z,4.00,0.2200,0.7800,yes
efcee763-82fc-4e78-8824-4f325cf1baf7,KXCANADAPM-45-C,2025-04-18T19:53:45.054488Z,431.00,0.2200,0.7800,yes
f12ea5e3-bf35-4c5a-a803-00757c40d60c,KXCANADAPM-45-C,2025-04-18T19:26:59.721918Z,1080.00,0.2200,0.7800,yes
874411a2-7cb6-41ce-99d1-501109ffec5a,KXCANADAPM-45-C,2025-04-18T19:19:00.679263Z,1.00,0.2100,0.7900,no
0b936ff8-b36b-4a37-a2e4-5ff59488d3de,KXCANADAPM-45-C,2025-04-18T19:17:04.785561Z,60.00,0.2200,0.7800,yes
cf52deda-4053-4091-9a99-53d0ec007bba,KXCANADAPM-45-C,2025-04-18T19:08:21.190538Z,215.00,0.2200,0.7800,yes
faa20a02-f8db-4d92-b407-904349b00124,KXCANADAPM-45-C,2025-04-18T19:05:42.700193Z,9.00,0.2100,0.7900,no
9d8c1d1d-baf0-4c63-852f-ebbdbaae7166,KXCANADAPM-45-C,2025-04-18T19:05:42.700193Z,254.00,0.2100,0.7900,no
eef1170f-10e0-4351-8d95-e11ed69f6445,KXCANADAPM-45-C,2025-04-18T18:52:48.285945Z,215.00,0.2200,0.7800,yes
4ecf9eaa-04f1-47a4-9e0e-e6dc4dadb3aa,KXCANADAPM-45-C,2025-04-18T18:39:28.488909Z,13.00,0.2200,0.7800,yes
dd83e282-8910-4d56-ad95-6d9e95b87f20,KXCANADAPM-45-C,2025-04-18T18:34:53.291942Z,800.00,0.2100,0.7900,no
3eb12a33-71b6-40ba-aad0-a14fbcdd9696,KXCANADAPM-45-C,2025-04-18T18:34:35.792034Z,694.00,0.2200,0.7800,yes
424dff54-8d1f-434b-b949-fad37440f1cf,KXCANADAPM-45-C,2025-04-18T18:33:29.461356Z,100.00,0.2200,0.7800,yes
ae6203a0-85f0-4ac7-b4a7-cb1bdbc6c13e,KXCANADAPM-45-C,2025-04-18T18:10:30.571711Z,1.00,0.2200,0.7800,yes
2912fd6a-5cab-4291-8360-eaff3e23e53c,KXCANADAPM-45-C,2025-04-18T17:24:49.738363Z,1250.00,0.2100,0.7900,no
62dff5ee-1f7e-47ae-8d73-56b54ba84da3,KXCANADAPM-45-C,2025-04-18T17:18:06.089041Z,485.00,0.2100,0.7900,no
ed7d979d-14db-4ec9-aa3b-8e3ea1b0cbf9,KXCANADAPM-45-C,2025-04-18T17:14:58.9144Z,40.00,0.2200,0.7800,yes
03d29b7f-ab0f-483c-85d7-b6796b4b4de5,KXCANADAPM-45-C,2025-04-18T17:14:30.795732Z,1000.00,0.2100,0.7900,no
79aa518a-ddae-4596-88ec-c309a268e914,KXCANADAPM-45-C,2025-04-18T17:08:31.03814Z,431.00,0.2200,0.7800,yes
ad965201-8bf5-495e-91d3-f4942123f625,KXCANADAPM-45-C,2025-04-18T16:36:34.052212Z,100.00,0.2100,0.7900,no
5a4007b4-b3e5-49d1-b63c-3310ef8876c4,KXCANADAPM-45-C,2025-04-18T16:30:49.101833Z,1.00,0.2200,0.7800,yes
b6afeecb-2a5a-4837-ab39-614278c28811,KXCANADAPM-45-C,2025-04-18T16:29:49.384346Z,1.00,0.2100,0.7900,no
bc5be123-c278-4884-95d6-703a93813ba1,KXCANADAPM-45-C,2025-04-18T16:08:18.065032Z,43.00,0.2200,0.7800,yes
0bfd1588-2891-4234-913d-10d5b6e2b827,KXCANADAPM-45-C,2025-04-18T15:44:10.784536Z,2291.00,0.2200,0.7800,yes
2a611cf1-483b-4edb-b665-6eed96d593e6,KXCANADAPM-45-C,2025-04-18T15:13:33.550768Z,200.00,0.2100,0.7900,no
f71b979e-7c37-40f7-bb34-fe3147459184,KXCANADAPM-45-C,2025-04-18T15:12:50.037593Z,200.00,0.2100,0.7900,no
1d07bbae-2ef1-4bf8-8b91-de51e52b3984,KXCANADAPM-45-C,2025-04-18T15:06:01.981298Z,242.00,0.2100,0.7900,yes
eaa01410-4059-49f3-a041-00ecc8beceb7,KXCANADAPM-45-C,2025-04-18T14:11:47.232247Z,100.00,0.2100,0.7900,yes
91adcb45-c5dd-49cd-a694-332a937a4c9d,KXCANADAPM-45-C,2025-04-18T14:05:10.301911Z,216.00,0.2100,0.7900,no
fc0f57f5-fcdc-43e4-b5bf-8256a1dfdfae,KXCANADAPM-45-C,2025-04-18T14:03:41.993179Z,8.00,0.2100,0.7900,no
8abc5de9-b4e7-4d71-902d-888fe9dbb41e,KXCANADAPM-45-C,2025-04-18T14:03:41.993179Z,2.00,0.2100,0.7900,no
0fc67386-b776-410a-8c1d-a9a231f4fe9c,KXCANADAPM-45-C,2025-04-18T14:03:07.105728Z,43.00,0.2200,0.7800,yes
76fecee9-4f44-428d-b394-e2006d438fa0,KXCANADAPM-45-C,2025-04-18T14:02:06.767682Z,43.00,0.2200,0.7800,yes
c5fcb7f1-95a3-4816-8204-9b0a102e530a,KXCANADAPM-45-C,2025-04-18T13:42:20.415527Z,3.00,0.2200,0.7800,yes
1cb93744-67c6-402d-83a1-4644b711ac69,KXCANADAPM-45-C,2025-04-18T13:31:55.695471Z,7.00,0.2200,0.7800,yes
f8c627b2-bdd8-4192-831b-01441e88b4ff,KXCANADAPM-45-C,2025-04-18T13:17:31.670851Z,1077.00,0.2200,0.7800,yes
ed356d57-b2b1-476f-be52-4bec0590badd,KXCANADAPM-45-C,2025-04-18T13:11:09.081203Z,359.00,0.2100,0.7900,no
87081919-2f79-4112-98aa-0dae61140f6f,KXCANADAPM-45-C,2025-04-18T13:10:58.782243Z,1033.00,0.2100,0.7900,no
1a1e06cb-a7ce-4f21-95ea-634bd4c9a62a,KXCANADAPM-45-C,2025-04-18T13:10:48.271755Z,1040.00,0.2100,0.7900,no
1b179ed3-0728-47ee-99ba-6ea4311a1a46,KXCANADAPM-45-C,2025-04-18T13:10:37.922274Z,1047.00,0.2100,0.7900,no
9189530c-5117-4df8-9d8c-3b9d97aa8282,KXCANADAPM-45-C,2025-04-18T13:10:32.941666Z,197.00,0.2100,0.7900,no
9f17e6b7-f9ca-4872-b1a8-036d24b5b552,KXCANADAPM-45-C,2025-04-18T13:10:30.071841Z,10000.00,0.2100,0.7900,yes
49ec60fc-5673-4100-8b5d-f31169ddb76a,KXCANADAPM-45-C,2025-04-18T13:10:30.071841Z,1052.00,0.2100,0.7900,yes
2d92e36f-8992-4345-8c77-493719587174,KXCANADAPM-45-C,2025-04-18T13:10:30.071841Z,46.00,0.2100,0.7900,yes
70191589-7abd-40b4-b337-9274c82e0052,KXCANADAPM-45-C,2025-04-18T12:02:11.689834Z,500.00,0.2000,0.8000,no
641b252d-d54c-414e-9cd1-96dc9b0996ae,KXCANADAPM-45-C,2025-04-18T06:29:02.746995Z,2.00,0.2100,0.7900,yes
652c6639-482b-434a-bf0d-c30cadfb4c0b,KXCANADAPM-45-C,2025-04-18T05:41:39.327097Z,2213.00,0.2100,0.7900,yes
144ef36b-52b0-4ee2-b215-976ac3db211b,KXCANADAPM-45-C,2025-04-18T05:01:12.505129Z,22.00,0.2100,0.7900,yes
09c74e2e-a9f0-4763-928a-ddbee37c6946,KXCANADAPM-45-C,2025-04-18T04:56:45.139198Z,452.00,0.2100,0.7900,yes
d9023615-c9a1-4c33-9d22-a7ce59566a03,KXCANADAPM-45-C,2025-04-18T04:48:40.764972Z,451.00,0.2100,0.7900,yes
d78ad540-5c5d-40ae-bf73-d5f2bb920fa8,KXCANADAPM-45-C,2025-04-18T04:43:20.197348Z,10.00,0.2000,0.8000,no
b5a1b262-48a2-4694-bf32-cebf256f869f,KXCANADAPM-45-C,2025-04-18T04:43:20.197348Z,19.00,0.2000,0.8000,no
9eaa5d70-c1f5-480b-a710-a5bbb5ba980f,KXCANADAPM-45-C,2025-04-18T04:43:20.197348Z,19.00,0.2000,0.8000,no
91dd6b4f-2e66-4558-92f3-e40a6c62c25f,KXCANADAPM-45-C,2025-04-18T04:43:20.197348Z,3.00,0.2000,0.8000,no
5c39869a-2144-4de8-ba64-30f844110da3,KXCANADAPM-45-C,2025-04-18T04:43:20.197348Z,19.00,0.2000,0.8000,no
52b3e8f9-61a6-4055-9e87-915189e9bc28,KXCANADAPM-45-C,2025-04-18T04:43:20.197348Z,1.00,0.2000,0.8000,no
423fad28-0922-4363-85be-f8d50d22e400,KXCANADAPM-45-C,2025-04-18T04:43:20.197348Z,19.00,0.2000,0.8000,no
073ce84e-d14c-425e-b041-01a2f5cce81f,KXCANADAPM-45-C,2025-04-18T04:43:20.197348Z,10.00,0.2000,0.8000,no
233e403d-50bc-4177-8b8b-8594dd9283d0,KXCANADAPM-45-C,2025-04-18T04:39:58.397535Z,5.00,0.2000,0.8000,no
bc27ed8a-1a4c-4fb8-8c43-9ea2e5894b01,KXCANADAPM-45-C,2025-04-18T04:35:22.322382Z,4.00,0.2100,0.7900,yes
c527afb3-6bc9-4883-9797-3a178cc53867,KXCANADAPM-45-C,2025-04-18T04:33:54.477145Z,1.00,0.2000,0.8000,no
38c1395f-32a2-4176-86a2-1cd8f3946219,KXCANADAPM-45-C,2025-04-18T04:33:39.056815Z,2.00,0.2000,0.8000,no
d12aac5e-5991-4cf7-a2f6-ee70f0f4bf8d,KXCANADAPM-45-C,2025-04-18T04:31:42.657498Z,1.00,0.2000,0.8000,no
05388d6b-f059-4c7a-bfb8-4b6f7532f93c,KXCANADAPM-45-C,2025-04-18T04:19:31.287755Z,11.00,0.2100,0.7900,yes
b84826ff-d1bb-453a-bb31-165bdc23d87b,KXCANADAPM-45-C,2025-04-18T03:54:42.998709Z,100.00,0.2000,0.8000,no
7f4c9281-141d-437d-a975-ddfe4360c254,KXCANADAPM-45-C,2025-04-18T03:47:15.735911Z,4000.00,0.2100,0.7900,yes
38cccbb7-af7e-458b-9680-e8a8164bb09b,KXCANADAPM-45-C,2025-04-18T03:24:46.152643Z,112.00,0.2100,0.7900,yes
6d89c571-5f17-457b-bcc6-b7220b5f6dcd,KXCANADAPM-45-C,2025-04-18T03:24:43.406705Z,1.00,0.2100,0.7900,yes
ce0bfab4-846e-4684-921f-ce9467709734,KXCANADAPM-45-C,2025-04-18T03:23:57.569682Z,67.00,0.2100,0.7900,yes
6d8091f9-8cdd-444a-8c30-1ba0dd37028e,KXCANADAPM-45-C,2025-04-18T03:20:04.396917Z,88.00,0.2000,0.8000,no
5d4522c9-8d3b-4031-9d9b-a918d13c6627,KXCANADAPM-45-C,2025-04-18T02:55:26.643058Z,1.00,0.2100,0.7900,yes
1e4b2e68-7d87-4b5c-a6ae-7cf8cca94bc4,KXCANADAPM-45-C,2025-04-18T02:55:25.234715Z,1.00,0.2100,0.7900,yes
2f01aa1d-a254-4475-b760-f6c5f1dd0049,KXCANADAPM-45-C,2025-04-18T02:55:24.323236Z,1.00,0.2100,0.7900,yes
25a8362a-1507-4a3f-9988-97061d029010,KXCANADAPM-45-C,2025-04-18T02:55:23.162973Z,1.00,0.2100,0.7900,yes
4c30fccf-cdd0-4c47-9665-3968a7c91494,KXCANADAPM-45-C,2025-04-18T02:55:21.978704Z,1.00,0.2100,0.7900,yes
744d0007-bf2c-44d9-8e98-8a568e2ff5b6,KXCANADAPM-45-C,2025-04-18T02:55:20.974011Z,1.00,0.2100,0.7900,yes
a99a1ce9-5e1a-4007-9ae8-79c0be5d8d18,KXCANADAPM-45-C,2025-04-18T02:55:19.715289Z,1.00,0.2100,0.7900,yes
26b44f11-dd9f-4163-8721-a0456b57be96,KXCANADAPM-45-C,2025-04-18T02:52:57.839117Z,2.00,0.2100,0.7900,yes
5bec62ad-1aa0-41ee-89b9-f9c0072a7e5d,KXCANADAPM-45-C,2025-04-18T02:51:41.567691Z,1.00,0.2100,0.7900,yes
b79e2307-ce2a-4824-bb6d-fc2a0c15671e,KXCANADAPM-45-C,2025-04-18T02:51:39.767601Z,1.00,0.2100,0.7900,yes
8d51d1e1-7dfa-4c71-8317-138155b06673,KXCANADAPM-45-C,2025-04-18T02:51:37.536327Z,1.00,0.2100,0.7900,yes
3a2b8833-911b-427a-9424-102fd1f0ae04,KXCANADAPM-45-C,2025-04-18T02:50:24.286414Z,1.00,0.2100,0.7900,yes
b25de156-fded-4196-9a98-9834cc9d9a28,KXCANADAPM-45-C,2025-04-18T02:50:22.893791Z,1.00,0.2100,0.7900,yes
803be00e-31d1-43d2-a104-99aba00bffa8,KXCANADAPM-45-C,2025-04-18T02:50:20.419848Z,1.00,0.2100,0.7900,yes
5384d9a0-7b3a-43ab-9906-9fdc80b5bc54,KXCANADAPM-45-C,2025-04-18T02:50:18.182676Z,1.00,0.2100,0.7900,yes
eba806eb-36ca-4d1b-a088-cec14c8063b4,KXCANADAPM-45-C,2025-04-18T02:50:14.887772Z,1.00,0.2100,0.7900,yes
d4e7f20a-67f3-412c-8638-fe68c116b038,KXCANADAPM-45-C,2025-04-18T02:50:12.710142Z,1.00,0.2100,0.7900,yes
06b688f8-b677-4262-bf5d-285ad6798705,KXCANADAPM-45-C,2025-04-18T02:50:11.295679Z,1.00,0.2100,0.7900,yes
cd8f66a8-0a65-4558-896d-e9328833c10f,KXCANADAPM-45-C,2025-04-18T02:47:30.878874Z,1.00,0.2100,0.7900,yes
bb0c23c7-aff7-46e4-bc45-6563f505c25d,KXCANADAPM-45-C,2025-04-18T02:46:31.349695Z,1.00,0.2100,0.7900,yes
4d6cec99-29df-47bb-b168-1fdbddef5bc1,KXCANADAPM-45-C,2025-04-18T02:46:01.348102Z,1.00,0.2100,0.7900,yes
ed6eda94-d443-420e-bddb-70fc76dd971d,KXCANADAPM-45-C,2025-04-18T02:45:58.750318Z,1.00,0.2100,0.7900,yes
f70e7f58-0885-4fdd-942b-b4b1f899dc8b,KXCANADAPM-45-C,2025-04-18T02:45:45.328684Z,6.00,0.2000,0.8000,yes
9bd05dc5-8a80-4c61-99f2-e6aabf1f5aa2,KXCANADAPM-45-C,2025-04-18T02:45:45.328684Z,6.00,0.2000,0.8000,yes
294fb11f-becf-42d4-86c9-d89469dd1cd1,KXCANADAPM-45-C,2025-04-18T02:45:45.328684Z,4.00,0.2000,0.8000,yes
1b5111f4-8036-435f-a417-a5b2b16e97e9,KXCANADAPM-45-C,2025-04-18T02:45:45.328684Z,521.00,0.2000,0.8000,yes
001e596b-1fd6-4348-b1a0-714c7e89f4f9,KXCANADAPM-45-C,2025-04-18T02:45:45.328684Z,6.00,0.2000,0.8000,yes
ff4815e1-939f-4397-99d4-40d37f56f1a6,KXCANADAPM-45-C,2025-04-18T02:43:59.288239Z,14.00,0.2000,0.8000,yes
d34ad3d9-2d5a-4fc1-a005-66e60ff7d679,KXCANADAPM-45-C,2025-04-18T02:43:59.288239Z,48.00,0.2000,0.8000,yes
bd88cca5-8002-4c87-bfe0-234d2f7265da,KXCANADAPM-45-C,2025-04-18T02:43:59.288239Z,24.00,0.2000,0.8000,yes
94fa9b51-0332-4eab-b7c4-a8fc6072a559,KXCANADAPM-45-C,2025-04-18T02:43:59.288239Z,38.00,0.2000,0.8000,yes
918442cb-5cd9-4340-b3d1-cb7fef1aefe9,KXCANADAPM-45-C,2025-04-18T02:43:59.288239Z,48.00,0.2000,0.8000,yes
8f6b3973-64b3-447f-a95e-2eda0e8227e0,KXCANADAPM-45-C,2025-04-18T02:43:59.288239Z,24.00,0.2000,0.8000,yes
7163790d-4dbc-4e47-b2d9-05a69404517f,KXCANADAPM-45-C,2025-04-18T02:43:59.288239Z,24.00,0.2000,0.8000,yes
5e0da023-f941-4875-bc82-2a0e8b3a9926,KXCANADAPM-45-C,2025-04-18T02:43:59.288239Z,48.00,0.2000,0.8000,yes
51bf2a3b-68aa-4a72-8091-c96a9c49d95b,KXCANADAPM-45-C,2025-04-18T02:43:59.288239Z,24.00,0.2000,0.8000,yes
2f5d3c17-ad06-48e9-93d5-2f34cf77f838,KXCANADAPM-45-C,2025-04-18T02:43:59.288239Z,7475.00,0.2000,0.8000,yes
2cda0788-e0a7-459b-933d-a723a06f0ae0,KXCANADAPM-45-C,2025-04-18T02:43:59.288239Z,2168.00,0.2000,0.8000,yes
25b4646a-df13-468d-8252-8178ae9870fe,KXCANADAPM-45-C,2025-04-18T02:43:59.288239Z,48.00,0.2000,0.8000,yes
ca0e0cb7-f8e8-419e-896f-739733bd30d1,KXCANADAPM-45-C,2025-04-18T02:42:37.378864Z,1.00,0.2000,0.8000,yes
3f9a23b4-6675-494b-b77f-a5d62609eb88,KXCANADAPM-45-C,2025-04-18T02:42:35.415967Z,1.00,0.2000,0.8000,yes
814663f2-e8d3-4fbb-87f9-22944151e724,KXCANADAPM-45-C,2025-04-18T02:38:19.33975Z,10.00,0.2000,0.8000,yes
4c4be0cf-f4b6-4578-b18d-c591f251c828,KXCANADAPM-45-C,2025-04-18T02:37:43.364922Z,1.00,0.2000,0.8000,yes
ca0b918f-427c-4b2f-a086-e0c7d1d9bd54,KXCANADAPM-45-C,2025-04-18T02:35:51.915769Z,1.00,0.2000,0.8000,yes
69f28be0-5370-4693-8cde-09a45ff31d4a,KXCANADAPM-45-C,2025-04-18T02:34:14.123826Z,1.00,0.2000,0.8000,yes
4877b926-b18c-4b81-a4a5-b7f1411b3680,KXCANADAPM-45-C,2025-04-18T02:34:13.375754Z,1.00,0.2000,0.8000,yes
4b31c67d-ffe2-487f-b55e-b2b7c387f074,KXCANADAPM-45-C,2025-04-18T02:34:12.437939Z,1.00,0.2000,0.8000,yes
d0a11e36-eb8f-4ec6-95a0-6fd1cc11f407,KXCANADAPM-45-C,2025-04-18T02:34:08.729404Z,1.00,0.2000,0.8000,yes
781f1fd6-8bb8-448f-909b-46c89027c85c,KXCANADAPM-45-C,2025-04-18T02:34:08.02755Z,1.00,0.2000,0.8000,yes
95a17606-caee-4bd9-a396-b7fd22a67fa0,KXCANADAPM-45-C,2025-04-18T02:33:12.321873Z,1.00,0.2000,0.8000,yes
14438dcd-acc4-4fec-8094-48fc5422abc9,KXCANADAPM-45-C,2025-04-18T02:33:04.423751Z,1.00,0.2000,0.8000,yes
7d6e10a2-574f-42e8-a2ec-cf5154d13f77,KXCANADAPM-45-C,2025-04-18T02:33:03.373763Z,1.00,0.2000,0.8000,yes
fae290af-d3bb-4e29-9f14-fad262792bb1,KXCANADAPM-45-C,2025-04-18T02:33:00.837426Z,1.00,0.2000,0.8000,yes
1330fc1c-07ce-4dce-b336-cf43a30a5154,KXCANADAPM-45-C,2025-04-18T02:32:55.949388Z,1.00,0.2000,0.8000,yes
94d0cf15-5f7f-42cd-8f37-e34d20c43da5,KXCANADAPM-45-C,2025-04-18T02:32:50.611529Z,1.00,0.2000,0.8000,yes
c3811399-a5fc-4be5-bbd5-018e9357be5e,KXCANADAPM-45-C,2025-04-18T02:32:06.408807Z,97.00,0.1900,0.8100,yes
49f307f3-26f2-4c37-95f1-6cbb0be0e6ea,KXCANADAPM-45-C,2025-04-18T02:32:06.408807Z,2658.00,0.1900,0.8100,yes
2de43fb4-c4ac-4ea9-a4e7-516c7c260d7d,KXCANADAPM-45-C,2025-04-18T02:30:22.438993Z,866.00,0.1900,0.8100,yes
c723af36-5732-454c-b865-d8d19cad2df4,KXCANADAPM-45-C,2025-04-18T02:26:48.194959Z,1.00,0.1900,0.8100,yes
bd4b2800-4409-468d-8ddb-cff61a854c9e,KXCANADAPM-45-C,2025-04-18T02:26:46.791092Z,1.00,0.1900,0.8100,yes
1fc145b9-b09e-4dbc-9ee2-c8e5543df420,KXCANADAPM-45-C,2025-04-18T02:26:40.048888Z,1.00,0.1900,0.8100,yes
3095a297-c22e-4d7c-928c-bba2e14ada93,KXCANADAPM-45-C,2025-04-18T02:26:38.451478Z,1.00,0.1900,0.8100,yes
cc558561-c5d7-45dc-a3c9-3cc17ea2cd46,KXCANADAPM-45-C,2025-04-18T02:26:37.061183Z,1.00,0.1900,0.8100,yes
feb2778a-9205-471a-b1eb-bc4eaf73d1ff,KXCANADAPM-45-C,2025-04-18T02:26:35.836115Z,1.00,0.1900,0.8100,yes
7dee2c0e-a00b-4edb-8c83-ae9517f9bc3f,KXCANADAPM-45-C,2025-04-18T02:26:34.294297Z,1.00,0.1900,0.8100,yes
d1e48dca-1fce-49e3-813d-dec95870bb61,KXCANADAPM-45-C,2025-04-18T02:26:29.457017Z,1.00,0.1900,0.8100,yes
a6f531b6-fd6b-499e-b45d-5a24bd4eaea4,KXCANADAPM-45-C,2025-04-18T02:26:24.721753Z,1.00,0.1900,0.8100,yes
e4903d64-0186-4164-9065-fda0975bd406,KXCANADAPM-45-C,2025-04-18T02:25:56.490997Z,1.00,0.1900,0.8100,yes
440fdd27-b9e7-4593-8ccd-a752262a2fef,KXCANADAPM-45-C,2025-04-18T02:25:55.096561Z,1.00,0.1900,0.8100,yes
b1116b4f-f4ab-4607-a52e-e34e82cda4f2,KXCANADAPM-45-C,2025-04-18T02:25:53.559184Z,1.00,0.1900,0.8100,yes
706f2649-8925-476e-8aad-772dd31b5517,KXCANADAPM-45-C,2025-04-18T02:23:18.058623Z,1.00,0.1900,0.8100,yes
e7664d19-59e4-4de9-b07e-d90f9674f1ba,KXCANADAPM-45-C,2025-04-18T02:23:16.131022Z,1.00,0.1900,0.8100,yes
9799d925-e825-487b-9eca-fc3453552ab1,KXCANADAPM-45-C,2025-04-18T02:23:15.034181Z,1.00,0.1900,0.8100,yes
3d57f315-f7a7-4c29-bf10-f0d39641e570,KXCANADAPM-45-C,2025-04-18T02:23:11.681069Z,1.00,0.1900,0.8100,yes
9bda46bc-9033-43bb-8d70-df8d28a0ea84,KXCANADAPM-45-C,2025-04-18T02:23:10.797666Z,1.00,0.1900,0.8100,yes
c7887580-34a7-4b4f-8783-1ccae4d51c44,KXCANADAPM-45-C,2025-04-18T02:23:09.92928Z,1.00,0.1900,0.8100,yes
cdf37800-2b24-4acb-babc-9e0375510002,KXCANADAPM-45-C,2025-04-18T02:23:08.739792Z,1.00,0.1900,0.8100,yes
69cceae2-c72d-4288-98e9-f419ca4f2634,KXCANADAPM-45-C,2025-04-18T02:23:07.379346Z,1.00,0.1900,0.8100,yes
ac48bc7d-3d00-4524-b0af-b7646fec932a,KXCANADAPM-45-C,2025-04-18T02:19:11.102162Z,1.00,0.1900,0.8100,yes
8be664f9-f90f-4f37-88f6-24977bcaafe3,KXCANADAPM-45-C,2025-04-18T02:19:01.241766Z,1.00,0.1900,0.8100,yes
89493a16-5598-44cc-9df8-69dc9531e509,KXCANADAPM-45-C,2025-04-18T02:18:10.598737Z,1.00,0.1900,0.8100,yes
63200ace-baa0-459f-bcd9-886ced261ac1,KXCANADAPM-45-C,2025-04-18T02:18:07.66772Z,1.00,0.1900,0.8100,yes
8599f2f7-50ab-42dc-8d00-303b2a1d79d5,KXCANADAPM-45-C,2025-04-18T02:18:06.109927Z,1.00,0.1900,0.8100,yes
48fccaa4-f0a9-4e45-adfa-d56b69b9bd48,KXCANADAPM-45-C,2025-04-18T02:17:47.855901Z,1.00,0.1900,0.8100,yes
3d632790-cd72-4e3d-9cd2-24ed9672147b,KXCANADAPM-45-C,2025-04-18T02:17:43.198251Z,1.00,0.1900,0.8100,yes
7a77bc39-20d6-417a-8647-b1ec04a619a0,KXCANADAPM-45-C,2025-04-18T02:17:34.009771Z,1.00,0.1900,0.8100,yes
f1cc9820-b740-4623-8c16-70cdd552bfc0,KXCANADAPM-45-C,2025-04-18T02:11:02.115534Z,498.00,0.1900,0.8100,yes
e432fb68-456e-490f-a56a-02abb81318df,KXCANADAPM-45-C,2025-04-18T02:08:31.500275Z,1.00,0.1900,0.8100,yes
319dec13-4d95-4284-9a18-f4101bf5138a,KXCANADAPM-45-C,2025-04-18T02:08:11.154491Z,1.00,0.1900,0.8100,yes
34d12d22-7618-4d13-95e6-63798fbaa660,KXCANADAPM-45-C,2025-04-18T02:02:48.919734Z,1.00,0.1900,0.8100,yes
dccb6741-0914-482b-8991-3552f93af8e9,KXCANADAPM-45-C,2025-04-18T01:37:32.293141Z,2.00,0.1900,0.8100,yes
ab84bd57-2ea2-4fe9-be18-0a1851d0d48a,KXCANADAPM-45-C,2025-04-18T01:37:32.293141Z,496.00,0.1900,0.8100,yes
9e2e76a2-ece6-477c-9df0-641a7a1580aa,KXCANADAPM-45-C,2025-04-18T01:24:01.051057Z,10.00,0.1800,0.8200,yes
2a0b5ee8-e8b7-4e75-a6b8-52278d60dc12,KXCANADAPM-45-C,2025-04-18T01:24:01.051057Z,8.00,0.1800,0.8200,yes
60e08e8c-3616-4739-b96d-28d17013a1c9,KXCANADAPM-45-C,2025-04-18T01:23:48.481887Z,178.00,0.1800,0.8200,yes
fb76ad90-1728-49ae-a839-8760428e4adc,KXCANADAPM-45-C,2025-04-18T01:23:36.021444Z,235.00,0.1800,0.8200,no
ef46af84-b6dd-4a29-aa89-44c85fb3caf3,KXCANADAPM-45-C,2025-04-18T01:23:36.021444Z,189.00,0.1700,0.8300,no
d312153f-42a2-42f8-be8d-db2b7b7107a1,KXCANADAPM-45-C,2025-04-18T01:23:36.021444Z,416.00,0.1800,0.8200,no
8c1fc9ad-a317-42a8-b386-a69625cfb786,KXCANADAPM-45-C,2025-04-18T01:23:36.021444Z,183.00,0.1800,0.8200,no
73789db6-ea57-4718-b820-18dbdad01f4c,KXCANADAPM-45-C,2025-04-18T01:23:36.021444Z,200.00,0.1800,0.8200,no
73220a49-686b-44d0-a60f-b7ad0d8460a9,KXCANADAPM-45-C,2025-04-18T01:23:36.021444Z,326.00,0.1500,0.8500,no
7078164a-9937-4e1d-a14b-8dd28393f0a1,KXCANADAPM-45-C,2025-04-18T01:23:36.021444Z,100.00,0.1700,0.8300,no
6fb0514c-4fc8-4786-be3b-9533f6722644,KXCANADAPM-45-C,2025-04-18T01:23:36.021444Z,1.00,0.1700,0.8300,no
6d3878e6-1e29-43fe-ad77-b39fc26cd099,KXCANADAPM-45-C,2025-04-18T01:23:36.021444Z,1649.00,0.1800,0.8200,no
2e280e96-4fbf-44e6-af02-777f128c2015,KXCANADAPM-45-C,2025-04-18T01:23:36.021444Z,1.00,0.1500,0.8500,no
2e4322a6-c4c6-408f-869a-7d0660c8929c,KXCANADAPM-45-C,2025-04-18T01:15:09.802332Z,84.00,0.1800,0.8200,no
bb4a1841-b39d-4667-baf0-477abf19e57b,KXCANADAPM-45-C,2025-04-18T01:11:36.411427Z,3.00,0.1900,0.8100,yes
f916cbdc-3c38-44cd-a3da-da01dd4fb342,KXCANADAPM-45-C,2025-04-18T01:11:31.059101Z,500.00,0.1900,0.8100,no
cc5c6163-800e-4516-9ada-55b9b286271a,KXCANADAPM-45-C,2025-04-18T01:11:31.059101Z,300.00,0.1900,0.8100,no
c895486f-c85d-46ec-a1b1-7461db30c822,KXCANADAPM-45-C,2025-04-18T01:11:31.059101Z,10.00,0.1900,0.8100,no
b7a21362-22aa-4922-8efe-dbeb8cfaa0e0,KXCANADAPM-45-C,2025-04-18T01:11:31.059101Z,544.00,0.1900,0.8100,no
50e6b810-db52-4ac0-80b8-4e0f4b1a0481,KXCANADAPM-45-C,2025-04-18T01:11:31.059101Z,28.00,0.1900,0.8100,no
4e4be4ec-85d4-497f-9e03-be3566e21e4f,KXCANADAPM-45-C,2025-04-18T01:11:31.059101Z,10.00,0.1900,0.8100,no
458fdd17-eed8-4170-a9a7-6365c18173ff,KXCANADAPM-45-C,2025-04-18T01:11:31.059101Z,125.00,0.1900,0.8100,no
26ef1142-a344-438f-a97a-a1956edbd63e,KXCANADAPM-45-C,2025-04-18T01:11:31.059101Z,1500.00,0.1900,0.8100,no
23d913c3-e47d-41af-ade7-ea0fca9c7adc,KXCANADAPM-45-C,2025-04-18T01:11:31.059101Z,25.00,0.1900,0.8100,no
2144a98b-0fbc-48ed-bfd5-e025e14739ca,KXCANADAPM-45-C,2025-04-18T01:11:31.059101Z,10.00,0.1900,0.8100,no
01f2be1e-97f2-4123-9113-4ae474d367a7,KXCANADAPM-45-C,2025-04-18T01:11:31.059101Z,8.00,0.1900,0.8100,no
be9b92f2-1ba2-46fc-8a31-b75b4f813c6d,KXCANADAPM-45-C,2025-04-18T01:01:26.980564Z,10.00,0.2000,0.8000,no
08e46322-a87f-4aed-9d68-92b9680cb6dd,KXCANADAPM-45-C,2025-04-18T01:01:26.980564Z,19.00,0.2000,0.8000,no
b32fc686-f644-448f-9232-c0934ab42b8c,KXCANADAPM-45-C,2025-04-18T01:01:17.734079Z,8.00,0.2000,0.8000,no
aaf3faf8-bac9-4a03-b642-542430a8636a,KXCANADAPM-45-C,2025-04-18T01:01:17.734079Z,8.00,0.2000,0.8000,no
9b7122ed-e0e4-4f4f-a011-26af9ac21a38,KXCANADAPM-45-C,2025-04-18T01:01:17.734079Z,1572.00,0.2000,0.8000,no
881f7222-9aae-4039-bba4-e824fe22d959,KXCANADAPM-45-C,2025-04-18T01:01:17.734079Z,400.00,0.2000,0.8000,no
6ea49519-b62e-4cfc-b2d1-cdbd40300a61,KXCANADAPM-45-C,2025-04-18T01:01:17.734079Z,4.00,0.2000,0.8000,no
5be524bc-302f-46dd-9ef0-29b1a0bb8c8b,KXCANADAPM-45-C,2025-04-18T01:01:17.734079Z,250.00,0.2000,0.8000,no
0c8553ae-7b29-43ec-b9a6-922987caa2f5,KXCANADAPM-45-C,2025-04-18T01:01:17.734079Z,8.00,0.2000,0.8000,no
2b4052c7-182b-41dd-811b-3a5f2df67576,KXCANADAPM-45-C,2025-04-18T00:52:37.979885Z,20.00,0.2100,0.7900,yes
ef7c0d4c-ade0-4012-a193-49b98137df9e,KXCANADAPM-45-C,2025-04-18T00:52:34.428722Z,3.00,0.2100,0.7900,no
5bc5b813-4620-40a5-9844-b9aeeee6a0c4,KXCANADAPM-45-C,2025-04-18T00:52:34.428722Z,313.00,0.2100,0.7900,no
17688ad5-74a2-473f-bd29-f749cea0dc88,KXCANADAPM-45-C,2025-04-18T00:52:34.428722Z,1274.00,0.2100,0.7900,no
c113ff8a-2f77-42d0-b543-aee5632fc4ee,KXCANADAPM-45-C,2025-04-18T00:51:10.773857Z,5.00,0.2100,0.7900,no
459fffc1-85c6-4366-a5a7-b66ffea8962a,KXCANADAPM-45-C,2025-04-18T00:51:07.562381Z,50.00,0.2100,0.7900,no
84b7294c-a85e-4010-b0fe-4b67abb0ddf7,KXCANADAPM-45-C,2025-04-18T00:51:03.334974Z,8.00,0.2100,0.7900,no
a655d2a1-561d-4ee9-a842-16124ac316d0,KXCANADAPM-45-C,2025-04-18T00:51:01.167296Z,100.00,0.2100,0.7900,no
cc74fab2-1210-4254-b9c1-379e7a53087d,KXCANADAPM-45-C,2025-04-18T00:50:27.882702Z,308.00,0.2100,0.7900,no
aa7e80ca-3e31-4afc-bfe2-fbd7da953de6,KXCANADAPM-45-C,2025-04-18T00:50:27.882702Z,8.00,0.2100,0.7900,no
8b319ada-8e5e-4e2e-81d4-d9896b636199,KXCANADAPM-45-C,2025-04-18T00:50:27.882702Z,8.00,0.2100,0.7900,no
627566e8-b6b8-4bba-a196-2dc07e603a75,KXCANADAPM-45-C,2025-04-18T00:50:27.882702Z,1563.00,0.2100,0.7900,no
37d573c1-5814-4991-858c-72ba40e23901,KXCANADAPM-45-C,2025-04-18T00:50:27.882702Z,100.00,0.2100,0.7900,no
36dbc1dd-9228-4e5c-bae6-63c03636fae6,KXCANADAPM-45-C,2025-04-18T00:50:27.882702Z,8.00,0.2100,0.7900,no
16955ec9-a2bc-4152-932b-b45a398e928d,KXCANADAPM-45-C,2025-04-18T00:50:27.882702Z,4.00,0.2100,0.7900,no
3a7d6985-ab34-4821-8eb9-3fddf88e3505,KXCANADAPM-45-C,2025-04-18T00:50:23.616193Z,100.00,0.2100,0.7900,no
dfe76627-d358-4dc8-b054-8ad25d927c75,KXCANADAPM-45-C,2025-04-18T00:47:52.771069Z,92.00,0.2100,0.7900,no
f1896a34-2cad-40c5-b46b-8817a82b6bdc,KXCANADAPM-45-C,2025-04-18T00:47:13.61779Z,3.00,0.2200,0.7800,yes
d6c7e9bf-d154-47ea-bf62-493b73cd890e,KXCANADAPM-45-C,2025-04-18T00:47:13.61779Z,3989.00,0.2200,0.7800,yes
9d7fdaba-9214-47fe-92ad-65c534eeb496,KXCANADAPM-45-C,2025-04-18T00:47:13.61779Z,1.00,0.2200,0.7800,yes
8ba12c10-8c57-4385-9c5f-d36ef0fdf878,KXCANADAPM-45-C,2025-04-18T00:47:13.61779Z,1.00,0.2200,0.7800,yes
425b0b3d-27a9-4395-8fe6-6a1000d76521,KXCANADAPM-45-C,2025-04-18T00:47:13.61779Z,1006.00,0.2200,0.7800,yes
fc0e2a0b-d269-4d1c-821b-7b38daa10b8c,KXCANADAPM-45-C,2025-04-18T00:43:41.716618Z,32.00,0.2200,0.7800,yes
9de2792f-973c-46a5-ae61-50fca1940996,KXCANADAPM-45-C,2025-04-18T00:43:41.716618Z,11.00,0.2200,0.7800,yes
a3a594a8-016e-4f67-88af-b293b5f2d30b,KXCANADAPM-45-C,2025-04-18T00:29:14.870935Z,3.00,0.2200,0.7800,no
553e66e9-d9b9-45af-a42d-077d4a6d8a62,KXCANADAPM-45-C,2025-04-18T00:29:14.870935Z,2.00,0.2200,0.7800,no
8e42d7be-0162-45c5-af3b-27ee7f3422e5,KXCANADAPM-45-C,2025-04-18T00:29:04.602887Z,32.00,0.2200,0.7800,no
58196942-f190-4776-8017-346e1aea5cad,KXCANADAPM-45-C,2025-04-18T00:28:54.091998Z,32.00,0.2200,0.7800,no
39a321d1-ef92-4b3c-a1e8-e54a94e0f1b8,KXCANADAPM-45-C,2025-04-18T00:28:43.882581Z,32.00,0.2200,0.7800,no
1450968a-0505-4360-92a7-02bb47d80aaf,KXCANADAPM-45-C,2025-04-18T00:28:33.411463Z,32.00,0.2200,0.7800,no
a2b39616-5ad7-451f-a8a7-6e95cce1f46a,KXCANADAPM-45-C,2025-04-18T00:28:22.952081Z,32.00,0.2200,0.7800,no
dfe8e8f4-b895-4704-9820-d2d1592d3fd9,KXCANADAPM-45-C,2025-04-18T00:28:12.701453Z,32.00,0.2200,0.7800,no
40c8df6c-5a4b-4d24-bef7-f213a0da8354,KXCANADAPM-45-C,2025-04-18T00:28:02.35113Z,32.00,0.2200,0.7800,no
a2d36ba8-9941-4116-9000-065558be9f77,KXCANADAPM-45-C,2025-04-18T00:27:52.00313Z,32.00,0.2200,0.7800,no
782e1c3f-1e9a-4f6e-93e4-e663360af94c,KXCANADAPM-45-C,2025-04-18T00:27:41.602147Z,32.00,0.2200,0.7800,no
4e51ab4b-ec6b-4cf8-b050-021fcf8f8864,KXCANADAPM-45-C,2025-04-18T00:27:31.302417Z,32.00,0.2200,0.7800,no
a1a737ca-8e9f-4e6a-8503-4041f6bd2556,KXCANADAPM-45-C,2025-04-18T00:27:20.812751Z,32.00,0.2200,0.7800,no
463f266c-55b3-43bb-829c-8609e3c1e6c8,KXCANADAPM-45-C,2025-04-18T00:27:10.421307Z,32.00,0.2200,0.7800,no
172e228c-8745-4732-9e9c-a49bd1177c9b,KXCANADAPM-45-C,2025-04-18T00:27:00.141996Z,33.00,0.2200,0.7800,no
bfe08e4b-cb14-4128-a5f3-641e9f29229a,KXCANADAPM-45-C,2025-04-18T00:26:50.100976Z,33.00,0.2200,0.7800,no
b7deafc7-0915-4cc8-ab52-9437ea0747bb,KXCANADAPM-45-C,2025-04-18T00:26:39.62521Z,33.00,0.2200,0.7800,no
96d9aa28-c12b-46ac-89f7-8a24e3f5e595,KXCANADAPM-45-C,2025-04-18T00:26:29.183778Z,18.00,0.2200,0.7800,no
4db7a6a7-cf14-44bb-800f-5addbea98ed5,KXCANADAPM-45-C,2025-04-18T00:26:29.183778Z,15.00,0.2200,0.7800,no
300ed24e-9c6f-4fbd-b819-dd5174f3e67a,KXCANADAPM-45-C,2025-04-18T00:26:18.883157Z,33.00,0.2200,0.7800,no
48ed9821-b5bc-4127-b658-7a21804e1cc8,KXCANADAPM-45-C,2025-04-18T00:26:08.282933Z,33.00,0.2200,0.7800,no
e3ebb11f-9744-4b86-9115-a7bfc36e2460,KXCANADAPM-45-C,2025-04-18T00:25:57.973021Z,33.00,0.2200,0.7800,no
de10a913-a21e-4e8b-b465-8fcb555dcfa4,KXCANADAPM-45-C,2025-04-18T00:25:47.602366Z,32.00,0.2200,0.7800,no
5a4a01b1-04e7-4ff5-ac27-b7869bd3c6ca,KXCANADAPM-45-C,2025-04-18T00:25:37.223629Z,32.00,0.2200,0.7800,no
7ed76e26-b12e-4cda-a557-c12f0a6efc4a,KXCANADAPM-45-C,2025-04-18T00:25:26.941584Z,32.00,0.2200,0.7800,no
ded6f94e-92c8-471a-b03a-abc20d362674,KXCANADAPM-45-C,2025-04-18T00:25:16.582448Z,32.00,0.2200,0.7800,no
01138bc8-6b9f-48ce-892f-bb8fb8d66f4b,KXCANADAPM-45-C,2025-04-18T00:25:06.206616Z,32.00,0.2200,0.7800,no
b519f50a-cd9b-49e2-9f82-d0b29e29b731,KXCANADAPM-45-C,2025-04-18T00:24:55.912371Z,32.00,0.2200,0.7800,no
25de5ee1-8543-4a7e-95e8-15ba90565811,KXCANADAPM-45-C,2025-04-18T00:24:45.67256Z,32.00,0.2200,0.7800,no
4985f94f-127d-4d59-ad0d-f0d271c086ed,KXCANADAPM-45-C,2025-04-18T00:24:35.363768Z,32.00,0.2200,0.7800,no
f9093fd9-43cd-4014-9016-2494f4d07928,KXCANADAPM-45-C,2025-04-18T00:24:24.973339Z,32.00,0.2200,0.7800,no
c46b36fb-d997-4985-b959-4173a8eddf0f,KXCANADAPM-45-C,2025-04-18T00:24:14.632448Z,32.00,0.2200,0.7800,no
1c039d42-d244-46cf-a652-726d3704c32f,KXCANADAPM-45-C,2025-04-18T00:24:04.234968Z,32.00,0.2200,0.7800,no
a91ea9f3-0553-448b-bf54-4dd6b6c6712a,KXCANADAPM-45-C,2025-04-18T00:23:53.923331Z,32.00,0.2200,0.7800,no
c9d105d8-e24e-4c4c-9c22-1c85beb268b0,KXCANADAPM-45-C,2025-04-18T00:23:43.392568Z,32.00,0.2200,0.7800,no
fd0b2a09-6da8-4bc1-b43d-cf642c173b4d,KXCANADAPM-45-C,2025-04-18T00:23:33.153149Z,32.00,0.2200,0.7800,no
9d28a215-e2e8-4952-86ff-1a1d190be645,KXCANADAPM-45-C,2025-04-18T00:23:22.702393Z,32.00,0.2200,0.7800,no
a635644a-7771-4ff9-9e93-66c0d51cf5c8,KXCANADAPM-45-C,2025-04-18T00:23:12.465089Z,3.00,0.2200,0.7800,no
6d004cd1-faeb-4165-94f7-7265bb874c98,KXCANADAPM-45-C,2025-04-18T00:23:12.465089Z,5.00,0.2200,0.7800,no
3e98f06a-9385-4162-93c5-f14db8c8c151,KXCANADAPM-45-C,2025-04-18T00:23:12.465089Z,24.00,0.2200,0.7800,no
85b2fdaa-7043-4ec4-b031-f928daaf285d,KXCANADAPM-45-C,2025-04-18T00:23:01.972556Z,21.00,0.2200,0.7800,no
7fbc0463-d02c-4ad0-a75a-085bd1f2f1ab,KXCANADAPM-45-C,2025-04-18T00:23:01.972556Z,11.00,0.2200,0.7800,no
b1ba3b36-46cc-49a2-be87-bf7515cf6f6f,KXCANADAPM-45-C,2025-04-18T00:22:51.548822Z,18.00,0.2200,0.7800,no
6ecc8450-e459-4b02-bc0b-d9a7ebe1d6d2,KXCANADAPM-45-C,2025-04-18T00:22:51.548822Z,15.00,0.2200,0.7800,no
d8c72016-2f4d-446e-9284-c481ff1779d0,KXCANADAPM-45-C,2025-04-18T00:22:41.032623Z,8.00,0.2200,0.7800,no
935e9c84-1b7e-4d11-977e-ae9912fa1d35,KXCANADAPM-45-C,2025-04-18T00:22:41.032623Z,25.00,0.2200,0.7800,no
df8e78b6-4633-4747-b1c9-2ba96a66204c,KXCANADAPM-45-C,2025-04-18T00:22:30.650009Z,22.00,0.2200,0.7800,no
624d079b-9727-48ea-a4a2-527441833183,KXCANADAPM-45-C,2025-04-18T00:22:30.650009Z,11.00,0.2200,0.7800,no
a0a7eccb-3115-4414-b8b8-8a0796f0e7b6,KXCANADAPM-45-C,2025-04-18T00:22:20.382865Z,33.00,0.2200,0.7800,no
ba882bf6-2df1-4e02-ae2a-08123b30cdc1,KXCANADAPM-45-C,2025-04-18T00:22:10.031033Z,33.00,0.2200,0.7800,no
c2cea87e-c703-4d9a-8010-668a5d29b315,KXCANADAPM-45-C,2025-04-18T00:21:59.644073Z,33.00,0.2200,0.7800,no
fa6b9846-b3c7-4b5d-bcf2-65ff10d7cb27,KXCANADAPM-45-C,2025-04-18T00:21:49.352099Z,32.00,0.2200,0.7800,no
35174d7b-12ab-4aa8-9c72-93f08e7f8aa6,KXCANADAPM-45-C,2025-04-18T00:21:39.092763Z,32.00,0.2200,0.7800,no
edf89d7a-d0cb-4c4e-9f48-755e1fed9a44,KXCANADAPM-45-C,2025-04-18T00:21:28.733194Z,32.00,0.2200,0.7800,no
7836b859-476a-4f24-96d6-de3811558a57,KXCANADAPM-45-C,2025-04-18T00:21:18.890564Z,29.00,0.2200,0.7800,no
37fa655c-631a-43dc-9c88-517797e7e024,KXCANADAPM-45-C,2025-04-18T00:12:56.268558Z,8.00,0.2300,0.7700,yes
c2faaa11-c6a3-4327-bd42-4727acdfd441,KXCANADAPM-45-C,2025-04-17T23:23:41.435687Z,25.00,0.2200,0.7800,no
12806206-17d0-47ee-b629-785724fa4dab,KXCANADAPM-45-C,2025-04-17T22:52:31.969903Z,20.00,0.2300,0.7700,yes
c7a640f2-807b-4c6e-865c-eae0f6f17f35,KXCANADAPM-45-C,2025-04-17T22:51:50.618917Z,25.00,0.2200,0.7800,no
1a10ef2f-f6a2-4959-8078-699f4a397e87,KXCANADAPM-45-C,2025-04-17T22:51:50.618917Z,6.00,0.2200,0.7800,no
b2c714e7-1274-4d84-85a7-e3e480e114c7,KXCANADAPM-45-C,2025-04-17T22:33:14.339696Z,3.00,0.2200,0.7800,no
86301b12-2c53-4cb8-a51c-943ccbe37c73,KXCANADAPM-45-C,2025-04-17T22:09:17.415439Z,100.00,0.2300,0.7700,yes
7f7743ee-a009-4580-b6d6-a023fad8ad45,KXCANADAPM-45-C,2025-04-17T21:02:21.022097Z,206.00,0.2300,0.7700,yes
a6b99001-3268-431e-b956-c9600b6fd1ad,KXCANADAPM-45-C,2025-04-17T20:21:31.255748Z,103.00,0.2300,0.7700,yes
99ff0fc2-2e1c-4635-9520-545806ff7e14,KXCANADAPM-45-C,2025-04-17T20:19:23.385117Z,45.00,0.2300,0.7700,yes
9e1206e5-4588-4c8a-a858-22f527c904aa,KXCANADAPM-45-C,2025-04-17T19:42:07.815789Z,2000.00,0.2300,0.7700,yes
6088cede-84bd-43bc-813c-4f0eb335ce02,KXCANADAPM-45-C,2025-04-17T19:36:32.261805Z,103.00,0.2300,0.7700,yes
74343f05-e7fa-4c6e-8f76-8e2206a65fe9,KXCANADAPM-45-C,2025-04-17T19:24:27.538414Z,25.00,0.2200,0.7800,no
e27a9736-e593-4127-8c36-f08e736547f2,KXCANADAPM-45-C,2025-04-17T18:29:46.060627Z,1157.00,0.2300,0.7700,no
41c331b1-9435-4b00-92c8-281028d8705b,KXCANADAPM-45-C,2025-04-17T18:29:46.060627Z,98.00,0.2300,0.7700,no
3f73dbd3-52dc-45bd-bc22-4ebf182b42f7,KXCANADAPM-45-C,2025-04-17T18:29:46.060627Z,100.00,0.2300,0.7700,no
0e329863-61b7-41be-b9bd-e504a5b7a9d5,KXCANADAPM-45-C,2025-04-17T18:29:46.060627Z,135.00,0.2300,0.7700,no
07f88a73-2188-476c-a7cf-bb4b12ba2542,KXCANADAPM-45-C,2025-04-17T18:29:32.97204Z,1666.00,0.2300,0.7700,no
a76c3014-18c9-41ec-a53d-94cdb6bfcc24,KXCANADAPM-45-C,2025-04-17T18:29:22.671685Z,1875.00,0.2300,0.7700,no
18b34246-fee1-428e-9252-95c3b8103265,KXCANADAPM-45-C,2025-04-17T18:27:09.677364Z,34.00,0.2300,0.7700,no
26fb95b8-ae64-4a1a-ad55-514a9cc49b48,KXCANADAPM-45-C,2025-04-17T18:14:42.602334Z,1932.00,0.2300,0.7700,no
1666f825-ca10-4b3b-9893-ceda9fc734cc,KXCANADAPM-45-C,2025-04-17T18:14:42.602334Z,268.00,0.2300,0.7700,no
198b2fb7-afab-4591-9792-06de3447d090,KXCANADAPM-45-C,2025-04-17T17:07:58.804967Z,692.00,0.2400,0.7600,yes
1043aeca-761c-484b-b0dc-4cf400440d2e,KXCANADAPM-45-C,2025-04-17T16:52:20.780822Z,1978.00,0.2400,0.7600,yes
bb6fc220-1061-4467-a8fe-d2ff6c4361b0,KXCANADAPM-45-C,2025-04-17T16:45:11.144715Z,1000.00,0.2300,0.7700,no
feed6635-cec0-4bef-8a6b-f96bded5eb0c,KXCANADAPM-45-C,2025-04-17T15:42:52.450905Z,6.00,0.2400,0.7600,yes
f8add92d-ca73-4734-bd7c-57131e36051d,KXCANADAPM-45-C,2025-04-17T15:42:52.450905Z,6.00,0.2400,0.7600,yes
eba8c93a-ad68-494d-afcb-34f6bfb044c1,KXCANADAPM-45-C,2025-04-17T15:42:52.450905Z,595.00,0.2400,0.7600,yes
dab33a9b-a9b3-4063-8553-40197ae19641,KXCANADAPM-45-C,2025-04-17T15:42:52.450905Z,6.00,0.2400,0.7600,yes
745c8e56-2ca6-4fba-ac09-b1bf782b1feb,KXCANADAPM-45-C,2025-04-17T15:22:24.830794Z,1385.00,0.2400,0.7600,yes
ed0eb13b-4166-416b-b11e-d8a6e4835bd3,KXCANADAPM-45-C,2025-04-17T14:43:56.519787Z,30.00,0.2400,0.7600,yes
e66f84e9-ab41-4c2a-b091-b11d9134d9fe,KXCANADAPM-45-C,2025-04-17T14:43:56.519787Z,30.00,0.2400,0.7600,yes
df789404-265f-4366-bd75-ed679f5ddfac,KXCANADAPM-45-C,2025-04-17T14:43:56.519787Z,11.00,0.2400,0.7600,yes
d6b61970-bbad-43eb-aac3-3b074d2358f2,KXCANADAPM-45-C,2025-04-17T14:43:56.519787Z,30.00,0.2400,0.7600,yes
d3a17fca-9880-4467-80f2-503c15164f64,KXCANADAPM-45-C,2025-04-17T14:43:56.519787Z,100.00,0.2400,0.7600,yes
a3425f20-c977-4c45-8593-648b713f4c78,KXCANADAPM-45-C,2025-04-17T14:43:56.519787Z,30.00,0.2400,0.7600,yes
1ee7043f-4707-4589-8170-5f3b27f656b4,KXCANADAPM-45-C,2025-04-17T14:43:56.519787Z,19.00,0.2400,0.7600,yes
8d50f1be-72f9-4e7c-bacb-9e3e4af4a5cc,KXCANADAPM-45-C,2025-04-17T14:01:14.95297Z,1978.00,0.2400,0.7600,yes
ea110286-110a-44d5-92bb-3f17ab0a1ce1,KXCANADAPM-45-C,2025-04-17T13:31:22.750859Z,10.00,0.2400,0.7600,yes
7cb9234b-a3b8-4866-bc53-fa8d74cf6b2a,KXCANADAPM-45-C,2025-04-17T12:54:07.616146Z,3.00,0.2400,0.7600,yes
550c8564-ce9e-4cfe-a7fe-4410f49b8a6a,KXCANADAPM-45-C,2025-04-17T12:54:07.616146Z,2532.00,0.2400,0.7600,yes
160324cb-81f2-433b-a39c-6f7e117e89f7,KXCANADAPM-45-C,2025-04-17T12:54:07.616146Z,3399.00,0.2400,0.7600,yes
fdfd4630-a574-4cd1-a478-c0d2326a461c,KXCANADAPM-45-C,2025-04-17T12:47:16.555637Z,4101.00,0.2400,0.7600,yes
8cab4ec7-6a26-47e1-bd0a-bae235fa034c,KXCANADAPM-45-C,2025-04-17T12:47:16.555637Z,100.00,0.2400,0.7600,yes
24a94a05-e766-4ee8-bde9-9127f61f34cb,KXCANADAPM-45-C,2025-04-17T12:47:16.555637Z,3711.00,0.2400,0.7600,yes
bdaf1e58-fb16-4fc8-8621-c8a6eb8635a0,KXCANADAPM-45-C,2025-04-17T12:13:50.40888Z,68.00,0.2300,0.7700,no
a2c9b5ba-0673-447d-a188-4bef2d5a1216,KXCANADAPM-45-C,2025-04-17T12:13:50.40888Z,45.00,0.2300,0.7700,no
74288016-9d15-4e48-b0cf-6ec3865c1ae4,KXCANADAPM-45-C,2025-04-17T12:13:50.40888Z,5.00,0.2300,0.7700,no
532dc3ce-3cbc-44ad-ac34-28bff0746d0b,KXCANADAPM-45-C,2025-04-17T12:13:50.40888Z,100.00,0.2300,0.7700,no
1cd7a81b-a749-4f4f-85fd-8181a8236deb,KXCANADAPM-45-C,2025-04-17T12:13:50.40888Z,4.00,0.2300,0.7700,no
65a4380e-6a75-4dd7-9f13-aeb20d2a005e,KXCANADAPM-45-C,2025-04-17T06:10:19.700831Z,3.00,0.2400,0.7600,yes
56f8c27e-43e5-40e7-b636-aa2b9f58fd1d,KXCANADAPM-45-C,2025-04-17T05:48:46.805734Z,186.00,0.2400,0.7600,yes
485a229f-779a-4a19-aa66-f2e19531f4b4,KXCANADAPM-45-C,2025-04-17T05:48:46.805734Z,209.00,0.2400,0.7600,yes
28e7a97d-9048-4cea-a42e-67c72a8496bc,KXCANADAPM-45-C,2025-04-17T05:38:05.304868Z,300.00,0.2400,0.7600,yes
11b9cf02-20d4-405f-bc44-2764cce3e4f6,KXCANADAPM-45-C,2025-04-17T05:36:51.278815Z,100.00,0.2400,0.7600,yes
c7ba878f-bc07-464a-b64a-ce003a7082e1,KXCANADAPM-45-C,2025-04-17T04:30:20.541036Z,7.00,0.2400,0.7600,yes
99cd87d7-002f-490b-8759-da4fe78ad8f7,KXCANADAPM-45-C,2025-04-17T04:17:40.667915Z,13.00,0.2400,0.7600,yes
a3f230cd-67d3-4fba-8893-26f15f473ad6,KXCANADAPM-45-C,2025-04-17T04:03:24.00825Z,39.00,0.2400,0.7600,yes
c857eae0-9d30-4f4d-ac98-b51040ef4722,KXCANADAPM-45-C,2025-04-17T03:16:13.675574Z,135.00,0.2400,0.7600,yes
f752a42d-44c3-4305-b675-bc559b5571fe,KXCANADAPM-45-C,2025-04-17T03:09:39.652708Z,34.00,0.2300,0.7700,no
82e63caf-eed7-44bd-9e18-6ad6f95fd921,KXCANADAPM-45-C,2025-04-17T03:09:39.652708Z,19.00,0.2300,0.7700,no
185becf1-90a0-4a4b-bcbf-29ea8cff4c0f,KXCANADAPM-45-C,2025-04-17T03:09:39.652708Z,2.00,0.2300,0.7700,no
da7b96aa-8f4c-43ad-b1ce-916864a9244f,KXCANADAPM-45-C,2025-04-17T01:55:50.257994Z,197.00,0.2400,0.7600,yes
f7561a58-b337-4f82-8113-6e12defda34d,KXCANADAPM-45-C,2025-04-17T01:22:40.417641Z,36.00,0.2400,0.7600,no
e2dbf636-5937-42c4-b448-8037e729c968,KXCANADAPM-45-C,2025-04-17T01:22:40.417641Z,26.00,0.2400,0.7600,no
cd2f2452-9d04-4787-82df-b66c07d987a9,KXCANADAPM-45-C,2025-04-17T01:22:40.417641Z,37.00,0.2400,0.7600,no
be09a7aa-1235-44a4-97cf-d43e4a704a96,KXCANADAPM-45-C,2025-04-17T01:22:40.417641Z,11.00,0.2400,0.7600,no
90dac79e-52c1-4441-a1eb-1a102ef60e3c,KXCANADAPM-45-C,2025-04-17T01:22:40.417641Z,11.00,0.2400,0.7600,no
5ee5e91e-d1c0-4356-b487-59261acd27f1,KXCANADAPM-45-C,2025-04-17T01:22:40.417641Z,319.00,0.2400,0.7600,no
57f3e4f9-0335-4a71-9ce5-b18538ad2b9b,KXCANADAPM-45-C,2025-04-17T01:22:40.417641Z,11.00,0.2400,0.7600,no
555452d3-5b1a-4c3a-9f47-3de2f83ff265,KXCANADAPM-45-C,2025-04-17T01:22:40.417641Z,562.00,0.2400,0.7600,no
4f0bbd73-ae3a-4c58-ae24-c87a0f8f8868,KXCANADAPM-45-C,2025-04-17T01:22:40.417641Z,3.00,0.2400,0.7600,no
433198fa-eb82-4fef-b745-eb62b5260baf,KXCANADAPM-45-C,2025-04-17T01:22:40.417641Z,65.00,0.2400,0.7600,no
38dabee4-dd17-4551-b480-ea650dd9aedc,KXCANADAPM-45-C,2025-04-17T01:22:40.417641Z,1000.00,0.2400,0.7600,no
16db6376-ab13-419e-8d4a-2de8ea359685,KXCANADAPM-45-C,2025-04-17T01:22:40.417641Z,11.00,0.2400,0.7600,no
02a41fc3-bc79-4ad7-a0ea-0b9386754bc8,KXCANADAPM-45-C,2025-04-17T01:22:40.417641Z,1.00,0.2400,0.7600,no
8e961744-8c8c-4148-b515-7aa4f5d92078,KXCANADAPM-45-C,2025-04-17T00:46:15.514464Z,5.00,0.2500,0.7500,yes
b9063c30-66f1-4413-8fe7-bbabaa27813a,KXCANADAPM-45-C,2025-04-17T00:12:55.463748Z,300.00,0.2400,0.7600,no
f7c56091-3081-476b-a55f-309d8b7965df,KXCANADAPM-45-C,2025-04-17T00:06:58.571426Z,1103.00,0.2500,0.7500,yes
dfde8714-5682-4bb8-a322-1612158cf480,KXCANADAPM-45-C,2025-04-17T00:06:58.571426Z,1000.00,0.2500,0.7500,yes
828fb8a2-af22-4e82-87fb-7171db799ca5,KXCANADAPM-45-C,2025-04-17T00:06:58.571426Z,100.00,0.2500,0.7500,yes
584f57be-4159-465f-943b-81f35ef12083,KXCANADAPM-45-C,2025-04-17T00:06:58.571426Z,1267.00,0.2500,0.7500,yes
ce093c5b-02ef-457b-9594-2a82c36043a3,KXCANADAPM-45-C,2025-04-17T00:04:52.748295Z,3738.00,0.2500,0.7500,yes
cd4fdf4a-385c-4633-a880-2986df698874,KXCANADAPM-45-C,2025-04-17T00:04:52.748295Z,62.00,0.2500,0.7500,yes
6d136199-bcec-4daf-9620-3d2609c85ba0,KXCANADAPM-45-C,2025-04-16T23:00:15.973298Z,1.00,0.2500,0.7500,yes
69567e72-2790-489a-ae4a-7bed77de0b14,KXCANADAPM-45-C,2025-04-16T22:44:55.228582Z,26.00,0.2500,0.7500,yes
0e338bf3-2171-409e-b364-5dcf84576fec,KXCANADAPM-45-C,2025-04-16T22:39:31.819695Z,1.00,0.2400,0.7600,no
57965c1c-40d7-4249-a816-d0a44e7d23ef,KXCANADAPM-45-C,2025-04-16T22:37:04.885474Z,11.00,0.2500,0.7500,yes
852d7d3e-98c8-487b-a81a-08dcbb8b4eba,KXCANADAPM-45-C,2025-04-16T22:36:31.260174Z,35.00,0.2400,0.7600,no
74ddddf4-9ba1-4868-a82d-39427b9e8654,KXCANADAPM-45-C,2025-04-16T22:36:20.789561Z,35.00,0.2400,0.7600,no
6fb645d6-a180-4b58-ada5-fb64a34df683,KXCANADAPM-45-C,2025-04-16T22:36:10.381352Z,35.00,0.2400,0.7600,no
4d29a211-e665-446d-99aa-daf7efd6d4c1,KXCANADAPM-45-C,2025-04-16T22:35:59.921261Z,32.00,0.2400,0.7600,no
2795affd-e9dc-4578-a997-2eab1e57ff51,KXCANADAPM-45-C,2025-04-16T22:35:59.921261Z,3.00,0.2400,0.7600,no
d9fb2c3c-69db-4b94-ac27-e76e0c70435d,KXCANADAPM-45-C,2025-04-16T22:35:49.481026Z,1.00,0.2400,0.7600,no
cd64765a-7fd0-4dd3-aaad-3b2b05e26c26,KXCANADAPM-45-C,2025-04-16T22:35:49.481026Z,1.00,0.2400,0.7600,no
afb0de75-d4f1-4ede-898b-b3b78c821575,KXCANADAPM-45-C,2025-04-16T22:35:49.481026Z,1.00,0.2400,0.7600,no
a4db7ccb-f51c-4ece-b1bd-108ffcc847b2,KXCANADAPM-45-C,2025-04-16T22:35:49.481026Z,11.00,0.2400,0.7600,no
9e463396-cc0d-4e7f-b806-37751977fa4c,KXCANADAPM-45-C,2025-04-16T22:35:49.481026Z,4.00,0.2400,0.7600,no
50d28241-9f82-453b-8466-62697a37702c,KXCANADAPM-45-C,2025-04-16T22:35:49.481026Z,11.00,0.2400,0.7600,no
3cae64b8-1a61-405d-8539-8d3a0bb6c4bd,KXCANADAPM-45-C,2025-04-16T22:35:49.481026Z,4.00,0.2400,0.7600,no
3881afd5-48f1-4572-8c16-fbb53fdc6ace,KXCANADAPM-45-C,2025-04-16T22:35:49.481026Z,3.00,0.2400,0.7600,no
af77dddf-e60e-49be-8850-e554a0e04c83,KXCANADAPM-45-C,2025-04-16T22:35:40.460764Z,11.00,0.2400,0.7600,no
931693fa-a2ea-4408-8d25-c5a8b2ee4afd,KXCANADAPM-45-C,2025-04-16T22:35:40.460764Z,5.00,0.2400,0.7600,no
64073bb4-6865-4807-9c94-ed200e7b143f,KXCANADAPM-45-C,2025-04-16T22:35:40.460764Z,5.00,0.2400,0.7600,no
4aec14af-4814-4560-90e7-7cbe9f945c08,KXCANADAPM-45-C,2025-04-16T22:35:40.460764Z,10.00,0.2400,0.7600,no
431f8857-637f-4ed1-b4b9-963eb3ba6203,KXCANADAPM-45-C,2025-04-16T22:35:40.460764Z,5.00,0.2400,0.7600,no
fe612488-c3f5-44fe-a814-d3bba1dd9d29,KXCANADAPM-45-C,2025-04-16T22:24:44.917249Z,9.00,0.2400,0.7600,no
ca708d0b-fec4-4402-a4ec-20fd4ed846b8,KXCANADAPM-45-C,2025-04-16T22:23:49.638851Z,49.00,0.2400,0.7600,no
a88b4b4c-b393-45e9-8105-49dad06f10f6,KXCANADAPM-45-C,2025-04-16T22:23:49.638851Z,49.00,0.2400,0.7600,no
67cdc3c4-8354-4247-89d6-0f89715a6381,KXCANADAPM-45-C,2025-04-16T22:23:49.638851Z,250.00,0.2400,0.7600,no
4246d63c-7751-4b05-96e0-33a328f6a927,KXCANADAPM-45-C,2025-04-16T22:23:49.638851Z,958.00,0.2400,0.7600,no
2d709ea9-c08e-47a4-b685-66863361eea6,KXCANADAPM-45-C,2025-04-16T22:23:49.638851Z,34.00,0.2400,0.7600,no
29202493-ae24-4079-a21a-f9a039459ef9,KXCANADAPM-45-C,2025-04-16T22:23:49.638851Z,2627.00,0.2400,0.7600,no
04eac4d9-7199-4065-b1c0-f92b12339f38,KXCANADAPM-45-C,2025-04-16T22:23:49.638851Z,49.00,0.2400,0.7600,no
022ef077-1417-4801-be3b-5ef550fa844a,KXCANADAPM-45-C,2025-04-16T22:23:49.638851Z,100.00,0.2400,0.7600,no
4d5e0275-3b3e-4b17-8a08-99b61727bc12,KXCANADAPM-45-C,2025-04-16T22:09:17.78813Z,4983.00,0.2500,0.7500,yes
44294958-ac5e-48fe-a248-ca326ae485fd,KXCANADAPM-45-C,2025-04-16T22:09:17.78813Z,17.00,0.2500,0.7500,yes
0db83ae4-bde2-40f8-9489-2b82f978d01b,KXCANADAPM-45-C,2025-04-16T22:05:04.27199Z,4.00,0.2500,0.7500,yes
fd258a94-1dc7-4b5f-934e-81f74ad75311,KXCANADAPM-45-C,2025-04-16T22:04:58.725652Z,5911.00,0.2500,0.7500,yes
15767798-adc7-47e8-aeb9-b2fd8cdf2d41,KXCANADAPM-45-C,2025-04-16T22:04:58.725652Z,334.00,0.2500,0.7500,yes
03e8465f-1ed6-4f8e-9365-5a107f81984a,KXCANADAPM-45-C,2025-04-16T22:04:58.725652Z,510.00,0.2500,0.7500,yes
c78b1678-9a7a-4497-af08-ea0c27f5dc3c,KXCANADAPM-45-C,2025-04-16T21:59:43.299441Z,89.00,0.2500,0.7500,yes
ddc9f7f3-1ee2-4615-a996-9781703e336e,KXCANADAPM-45-C,2025-04-16T21:59:36.121966Z,292.00,0.2500,0.7500,no
ca4f2ab1-ec26-4ea8-9616-4a36b4ef1c1f,KXCANADAPM-45-C,2025-04-16T21:59:36.121966Z,100.00,0.2500,0.7500,no
8d53eb2d-d6ae-4ae5-a746-79cf6c76d4e7,KXCANADAPM-45-C,2025-04-16T21:59:36.121966Z,5000.00,0.2500,0.7500,no
292636cd-af2c-42c1-b8a8-dd76841c8aca,KXCANADAPM-45-C,2025-04-16T21:59:36.121966Z,723.00,0.2500,0.7500,no
37cb1476-b8c0-4415-97dc-560e10982b2f,KXCANADAPM-45-C,2025-04-16T21:55:15.219311Z,52.00,0.2500,0.7500,no
806450a2-5d01-41f7-a554-5702164617b8,KXCANADAPM-45-C,2025-04-16T21:28:13.993258Z,2742.00,0.2600,0.7400,yes
aac8cead-6938-4723-897b-a196d02217a5,KXCANADAPM-45-C,2025-04-16T21:17:51.525464Z,2600.00,0.2600,0.7400,yes
6258e04d-3b8f-407d-885e-918bec93510b,KXCANADAPM-45-C,2025-04-16T20:28:31.541913Z,3108.00,0.2600,0.7400,yes
1d0d4daf-95d0-40e0-be31-0c5500cb5db2,KXCANADAPM-45-C,2025-04-16T20:18:40.158693Z,38.00,0.2500,0.7500,no
880387eb-1c09-4e2a-8186-2043a5eb6cb2,KXCANADAPM-45-C,2025-04-16T20:10:40.631179Z,90.00,0.2500,0.7500,no
1cb022bc-a746-41a1-ac4d-47a9caac3518,KXCANADAPM-45-C,2025-04-16T20:06:11.222969Z,92.00,0.2500,0.7500,no
6980d138-9c88-4958-970a-51b2ce56c46f,KXCANADAPM-45-C,2025-04-16T19:52:27.915933Z,1.00,0.2600,0.7400,yes
5152f97a-0186-4211-a618-a25285fd0e15,KXCANADAPM-45-C,2025-04-16T19:48:57.587129Z,3.00,0.2600,0.7400,yes
77665647-3c83-438b-a665-8f6c1c22e050,KXCANADAPM-45-C,2025-04-16T19:36:24.865565Z,73.00,0.2600,0.7400,yes
867b07e2-426e-4d90-936e-932e696f8fdd,KXCANADAPM-45-C,2025-04-16T19:22:37.440587Z,255.00,0.2600,0.7400,yes
06939733-db6b-42b9-a5a0-2daf58939124,KXCANADAPM-45-C,2025-04-16T19:08:24.723702Z,9.00,0.2600,0.7400,yes
3d673f0d-56e6-48ac-8cad-707af4ad349d,KXCANADAPM-45-C,2025-04-16T18:52:32.058158Z,36.00,0.2600,0.7400,yes
56a102b8-166d-4407-b8a6-702924d7c18d,KXCANADAPM-45-C,2025-04-16T18:33:38.837795Z,77.00,0.2500,0.7500,no
c9b2e2d9-4285-4d97-b112-18adf77713d4,KXCANADAPM-45-C,2025-04-16T18:19:14.660842Z,32.00,0.2500,0.7500,no
fac2c87e-434c-4ba8-be2e-7877e42c8fa6,KXCANADAPM-45-C,2025-04-16T18:05:58.88236Z,42.00,0.2600,0.7400,yes
e4ea382f-a840-4307-8c37-3fffd1e45f79,KXCANADAPM-45-C,2025-04-16T18:05:58.88236Z,16.00,0.2600,0.7400,yes
bbd6c02d-a8da-41ec-8022-1d23a9bd1a48,KXCANADAPM-45-C,2025-04-16T17:35:03.444859Z,797.00,0.2700,0.7300,yes
5df28888-798d-41c2-bcda-b13e6816f568,KXCANADAPM-45-C,2025-04-16T17:35:03.444859Z,23.00,0.2600,0.7400,yes
1752d5aa-8f82-4f35-8c0b-e751a1b4feba,KXCANADAPM-45-C,2025-04-16T17:35:03.444859Z,65.00,0.2600,0.7400,yes
cf7f3fc5-d759-4c13-a373-4c5c2e66a30e,KXCANADAPM-45-C,2025-04-16T17:06:37.024554Z,879.00,0.2600,0.7400,yes
bfc0e226-5bb7-4673-9c2c-3084dad6ece7,KXCANADAPM-45-C,2025-04-16T17:06:37.024554Z,100.00,0.2600,0.7400,yes
3bb41af6-e7c2-46a4-9654-932974593010,KXCANADAPM-45-C,2025-04-16T17:06:37.024554Z,19.00,0.2600,0.7400,yes
38f0038a-25cf-4a6b-8942-1e4cafae7b83,KXCANADAPM-45-C,2025-04-16T17:06:37.024554Z,40.00,0.2600,0.7400,yes
36acb9c2-75c5-49e3-9b01-7c84b3eb5487,KXCANADAPM-45-C,2025-04-16T17:06:37.024554Z,500.00,0.2600,0.7400,yes
c3ab79c6-66fa-4921-bfc6-29da644ba041,KXCANADAPM-45-C,2025-04-16T16:39:14.867399Z,1775.00,0.2600,0.7400,yes
e2f034eb-8438-4901-af97-3d60ad9ace03,KXCANADAPM-45-C,2025-04-16T16:38:28.871471Z,7.00,0.2500,0.7500,no
d67cdf48-e23f-4cd3-a197-e03618320d18,KXCANADAPM-45-C,2025-04-16T16:23:55.182385Z,551.00,0.2500,0.7500,no
964bf9d5-bdee-4f2d-a44c-94a358cb0be0,KXCANADAPM-45-C,2025-04-16T16:23:55.182385Z,100.00,0.2500,0.7500,no
42880901-c8a4-4f52-a3a2-130b8dfee7b5,KXCANADAPM-45-C,2025-04-16T16:23:55.182385Z,563.00,0.2500,0.7500,no
29a915fa-e654-47ee-a3d3-ae8923f37a48,KXCANADAPM-45-C,2025-04-16T16:23:55.182385Z,1500.00,0.2500,0.7500,no
8bf44e0a-3f93-4c11-ab71-238d2501c826,KXCANADAPM-45-C,2025-04-16T16:11:19.241341Z,69.00,0.2500,0.7500,no
ee77de82-9435-49e7-9670-86f4e60dbffa,KXCANADAPM-45-C,2025-04-16T15:28:01.010515Z,5.00,0.2500,0.7500,no
89d8c449-c963-4c1b-ad29-34b2582e92b8,KXCANADAPM-45-C,2025-04-16T15:13:28.233252Z,2637.00,0.2500,0.7500,no
620971a6-f641-4fe8-8809-0a0c3f19c498,KXCANADAPM-45-C,2025-04-16T15:13:28.233252Z,2363.00,0.2500,0.7500,no
4006c07d-89f2-4860-aaa6-620672788ed4,KXCANADAPM-45-C,2025-04-16T14:54:00.633965Z,914.00,0.2600,0.7400,yes
a30aa9c1-74ae-461d-9f71-2c3189bf467a,KXCANADAPM-45-C,2025-04-16T14:42:27.637658Z,5.00,0.2600,0.7400,yes
78d07045-4703-4bfe-b6cb-f6744ff80036,KXCANADAPM-45-C,2025-04-16T14:36:06.234512Z,1558.00,0.2500,0.7500,no
f3dae68c-a718-4e48-93e7-2050cbac639c,KXCANADAPM-45-C,2025-04-16T14:25:08.133157Z,4.00,0.2600,0.7400,yes
61df7bd6-a645-46bf-9f22-8aadc04ce5a9,KXCANADAPM-45-C,2025-04-16T14:24:07.292128Z,13.00,0.2600,0.7400,yes
dab8a8ba-8ee5-4dab-a5c8-6abd92cec490,KXCANADAPM-45-C,2025-04-16T14:12:00.300331Z,24.00,0.2600,0.7400,yes
ec1f4be2-7a2e-43d6-8b09-94e3dab77999,KXCANADAPM-45-C,2025-04-16T14:02:37.730844Z,1828.00,0.2600,0.7400,yes
dca09870-3d85-4560-ab67-c29b7d41fe50,KXCANADAPM-45-C,2025-04-16T13:46:38.189137Z,3049.00,0.2600,0.7400,yes
a0fb47da-5e4a-474c-8fdd-d67bb31f5259,KXCANADAPM-45-C,2025-04-16T13:46:38.189137Z,80.00,0.2600,0.7400,yes
f3668be7-f742-4b7e-b30b-f42e02de6eab,KXCANADAPM-45-C,2025-04-16T13:20:49.98135Z,400.00,0.2500,0.7500,no
7a7d434f-7b0b-4321-8083-8652d9a0682d,KXCANADAPM-45-C,2025-04-16T12:53:17.420667Z,28.00,0.2500,0.7500,no
6e43ea7d-0746-4b5c-a9ef-1f2d5f3a8412,KXCANADAPM-45-C,2025-04-16T12:48:54.513483Z,39.00,0.2500,0.7500,no
018da6b0-3066-40c2-8193-2ef71455aa27,KXCANADAPM-45-C,2025-04-16T06:50:43.020473Z,10.00,0.2500,0.7500,no
dc078098-abbe-4146-9ae7-9c51c6e5d4f0,KXCANADAPM-45-C,2025-04-16T06:23:33.12875Z,91.00,0.2600,0.7400,yes
7c14ddce-1b31-4f96-8258-f9256f4e3d0c,KXCANADAPM-45-C,2025-04-16T05:30:40.751061Z,323.00,0.2500,0.7500,no
ffb45f32-a36a-4cd0-9cff-e20c766f187c,KXCANADAPM-45-C,2025-04-16T04:52:51.595945Z,328.00,0.2600,0.7400,yes
f9f94b67-dcc6-46fd-83c2-1b83e1ec6dd1,KXCANADAPM-45-C,2025-04-16T04:40:44.467725Z,4.00,0.2600,0.7400,yes
a9045eb5-ee99-4731-97dd-000b0c4285ab,KXCANADAPM-45-C,2025-04-16T04:40:44.467725Z,4.00,0.2600,0.7400,yes
51cc904e-96b3-408e-9d3d-94d03c676043,KXCANADAPM-45-C,2025-04-16T04:40:44.467725Z,1.00,0.2600,0.7400,yes
4c1eb9e1-def1-443a-82cd-627528b24de2,KXCANADAPM-45-C,2025-04-16T04:40:44.467725Z,1551.00,0.2600,0.7400,yes
e7254e75-c6e1-4bef-857d-9a24e12c7f2a,KXCANADAPM-45-C,2025-04-16T04:15:24.699871Z,5.00,0.2500,0.7500,no
62a64994-56aa-4cc9-9266-57353cb08661,KXCANADAPM-45-C,2025-04-16T03:51:14.764158Z,1600.00,0.2500,0.7500,no
daf96c5e-800d-4cc9-92b6-59e9d80e097b,KXCANADAPM-45-C,2025-04-16T03:19:31.128522Z,4.00,0.2600,0.7400,yes
ce98502b-caad-4246-8496-ce6943afd006,KXCANADAPM-45-C,2025-04-16T03:19:31.128522Z,7428.00,0.2600,0.7400,yes
c2f04241-48ba-4817-a892-efb04a5ebbc1,KXCANADAPM-45-C,2025-04-16T03:19:31.128522Z,1000.00,0.2600,0.7400,yes
bdc0cc77-4cdc-42c8-84f7-f2ad518b1ec5,KXCANADAPM-45-C,2025-04-16T03:19:31.128522Z,11.00,0.2600,0.7400,yes
910d8460-44b6-497b-a602-c3fb221cb42a,KXCANADAPM-45-C,2025-04-16T03:19:31.128522Z,50.00,0.2600,0.7400,yes
4a64fc4a-2028-4ee2-837f-501f921b2eb5,KXCANADAPM-45-C,2025-04-16T03:19:31.128522Z,50.00,0.2600,0.7400,yes
2f757746-a211-4e94-9ee7-95c00a12fa58,KXCANADAPM-45-C,2025-04-16T03:19:31.128522Z,215.00,0.2600,0.7400,yes
2b5f0d41-c03a-4bdc-bd16-8a481540fc81,KXCANADAPM-45-C,2025-04-16T03:19:31.128522Z,100.00,0.2600,0.7400,yes
1231ff92-8f1b-4e52-8596-3632f7adba90,KXCANADAPM-45-C,2025-04-16T03:19:31.128522Z,100.00,0.2600,0.7400,yes
2cf8989a-320e-40d5-8e23-ef2d5c08af95,KXCANADAPM-45-C,2025-04-16T03:06:24.377776Z,1560.00,0.2500,0.7500,no
1db5e383-6b49-4e81-9b96-233d57d0ab1b,KXCANADAPM-45-C,2025-04-16T02:32:39.798702Z,131.00,0.2600,0.7400,yes
825e6ed3-301f-4051-a717-a955c708c140,KXCANADAPM-45-C,2025-04-16T02:10:12.714081Z,250.00,0.2500,0.7500,no
3ca4115b-cf4a-4417-ae3f-9ffcb18e0653,KXCANADAPM-45-C,2025-04-16T01:48:01.386219Z,80.00,0.2500,0.7500,no
cc2025ad-c079-4e96-ab69-3b0d951c6407,KXCANADAPM-45-C,2025-04-16T01:23:39.473008Z,100.00,0.2500,0.7500,no
b0cba9ec-a7de-45c7-bfdb-24ad08b789fa,KXCANADAPM-45-C,2025-04-16T01:03:20.807506Z,36.00,0.2600,0.7400,yes
943e8de9-48b3-4540-b694-6624f97cce8f,KXCANADAPM-45-C,2025-04-16T00:38:14.083585Z,2.00,0.2500,0.7500,no
749d9ff5-db0b-4504-9142-33c418f10884,KXCANADAPM-45-C,2025-04-16T00:27:35.94467Z,405.00,0.2600,0.7400,yes
45e774d2-b07b-4864-89b0-6556221d8739,KXCANADAPM-45-C,2025-04-16T00:27:35.94467Z,1158.00,0.2600,0.7400,yes
6c18a396-2034-49a4-88f3-43dc0fd935f9,KXCANADAPM-45-C,2025-04-15T23:51:50.252087Z,62.00,0.2500,0.7500,no
7a1151b1-2c83-46c6-a45a-23daf005cf8a,KXCANADAPM-45-C,2025-04-15T23:45:58.27774Z,1963.00,0.2600,0.7400,yes
9a286ad5-ddb6-4705-928c-fc9af4c0d160,KXCANADAPM-45-C,2025-04-15T23:00:26.606639Z,418.00,0.2500,0.7500,no
af56d855-f544-40a1-8732-cd16a037c36e,KXCANADAPM-45-C,2025-04-15T22:57:58.148664Z,358.00,0.2600,0.7400,yes
4d7b772e-c03b-4731-925e-67f8f18c537c,KXCANADAPM-45-C,2025-04-15T22:35:04.065114Z,3002.00,0.2500,0.7500,yes
2af40749-068d-4dd5-aa80-1a03e650c5ac,KXCANADAPM-45-C,2025-04-15T22:35:04.065114Z,1200.00,0.2500,0.7500,yes
4b84dde2-d0d4-488a-8106-5afaec026ee2,KXCANADAPM-45-C,2025-04-15T21:49:17.57188Z,37.00,0.2500,0.7500,yes
63117020-88af-4a36-8c64-85469214e99d,KXCANADAPM-45-C,2025-04-15T21:04:08.654106Z,677.00,0.2500,0.7500,yes
cb1e100b-8f44-4b9c-9d82-883e2f78fc23,KXCANADAPM-45-C,2025-04-15T20:13:12.855035Z,373.00,0.2500,0.7500,yes
7df90ae0-e964-4d0d-973e-669fe74d6021,KXCANADAPM-45-C,2025-04-15T20:10:56.561849Z,190.00,0.2500,0.7500,yes
719a7be9-cc48-4524-a0ae-1eef784c85b9,KXCANADAPM-45-C,2025-04-15T20:10:56.561849Z,911.00,0.2500,0.7500,yes
1ce4f143-8868-48f0-af72-32d0a83b8889,KXCANADAPM-45-C,2025-04-15T20:10:56.561849Z,3.00,0.2500,0.7500,yes
c5778a7e-ed38-4474-a4af-9bdffe435696,KXCANADAPM-45-C,2025-04-15T19:38:16.705837Z,97.00,0.2500,0.7500,no
7c6c3a78-c452-4b62-8373-f607689761e5,KXCANADAPM-45-C,2025-04-15T19:38:16.705837Z,100.00,0.2500,0.7500,no
66326b24-3632-487c-ae1b-3b6c7ac4ab0a,KXCANADAPM-45-C,2025-04-15T19:38:16.705837Z,3.00,0.2500,0.7500,no
a4821c3d-939d-471b-950f-5cdf389a1b52,KXCANADAPM-45-C,2025-04-15T19:15:59.856584Z,173.00,0.2600,0.7400,yes
6da336fa-3872-4779-b31e-1fead0a57930,KXCANADAPM-45-C,2025-04-15T19:15:59.856584Z,1521.00,0.2600,0.7400,yes
5dcb92ee-a99d-40c9-a43d-97f1ff47c0c8,KXCANADAPM-45-C,2025-04-15T19:15:59.856584Z,500.00,0.2600,0.7400,yes
216a8728-19f6-405c-bb25-fbd9e3ded857,KXCANADAPM-45-C,2025-04-15T19:11:45.89151Z,152.00,0.2500,0.7500,yes
88151702-539b-439c-bba4-29e8e18a8fc8,KXCANADAPM-45-C,2025-04-15T18:45:39.545572Z,242.00,0.2500,0.7500,no
d653de9c-4458-460c-8ac5-4c7f62747453,KXCANADAPM-45-C,2025-04-15T18:45:32.835457Z,336.00,0.2500,0.7500,yes
c8bd8611-2730-4bbf-8b8f-c203682783ce,KXCANADAPM-45-C,2025-04-15T18:45:32.835457Z,2900.00,0.2500,0.7500,yes
b5fc3ee3-4f8f-4317-a4c4-29c70c1b6917,KXCANADAPM-45-C,2025-04-15T18:45:29.215668Z,200.00,0.2500,0.7500,yes
0f757a49-886a-4599-a17b-a339866f020e,KXCANADAPM-45-C,2025-04-15T18:45:29.215668Z,4100.00,0.2500,0.7500,yes
0100ab16-a117-46aa-a91f-9d71dc5c528b,KXCANADAPM-45-C,2025-04-15T18:45:29.215668Z,700.00,0.2500,0.7500,yes
92d545b7-9ed0-4cad-b040-b102820e6b12,KXCANADAPM-45-C,2025-04-15T18:42:57.175781Z,100.00,0.2500,0.7500,yes
2549dd3f-2bec-4b3a-a4ca-6bc016c0c900,KXCANADAPM-45-C,2025-04-15T18:42:57.175781Z,300.00,0.2500,0.7500,yes
1ae2e2fa-e1f9-4287-a621-66dcb150e8a3,KXCANADAPM-45-C,2025-04-15T18:42:57.175781Z,100.00,0.2500,0.7500,yes
393a5cdc-6601-4363-812e-a90973dafe29,KXCANADAPM-45-C,2025-04-15T18:18:22.163251Z,15.00,0.2400,0.7600,no
f037e243-9216-48fb-8867-cbbbaccd36fe,KXCANADAPM-45-C,2025-04-15T18:12:58.30796Z,11.00,0.2400,0.7600,no
39d70c6e-84df-40e8-99c2-84ad82aa2e66,KXCANADAPM-45-C,2025-04-15T18:12:38.729299Z,52.00,0.2400,0.7600,no
4cbf914b-32ce-4dfd-8acf-0096065b9b86,KXCANADAPM-45-C,2025-04-15T18:08:46.171526Z,12.00,0.2400,0.7600,no
4c4e5045-572f-4bc0-b91d-bd1216e83ae9,KXCANADAPM-45-C,2025-04-15T18:05:19.168946Z,602.00,0.2400,0.7600,no
aae0b1ce-69c1-4183-8d61-a32a76c7fbe0,KXCANADAPM-45-C,2025-04-15T18:05:11.653926Z,36.00,0.2400,0.7600,no
7260fd81-c763-4fbd-8fca-d01e28b98d64,KXCANADAPM-45-C,2025-04-15T17:57:16.556984Z,2.00,0.2400,0.7600,no
6c093978-cd9b-4e40-b7f4-30b0e49de4dd,KXCANADAPM-45-C,2025-04-15T17:56:41.833182Z,8.00,0.2400,0.7600,no
0b414bb8-6df3-4bba-9725-3640749deed8,KXCANADAPM-45-C,2025-04-15T17:55:17.677064Z,70.00,0.2400,0.7600,no
95f14030-615c-4753-be76-7dca285d31f5,KXCANADAPM-45-C,2025-04-15T17:33:35.90022Z,380.00,0.2500,0.7500,yes
9283e2d5-e9b0-448a-b9f5-7514847100e9,KXCANADAPM-45-C,2025-04-15T17:31:44.394912Z,40.00,0.2500,0.7500,yes
73de33bb-ab0a-4106-939e-5aa62e89462a,KXCANADAPM-45-C,2025-04-15T17:18:28.28182Z,526.00,0.2400,0.7600,no
1059592b-a917-42bd-bcc5-864bb7783a75,KXCANADAPM-45-C,2025-04-15T17:18:28.28182Z,474.00,0.2400,0.7600,no
d4c90981-2a0d-4ad2-b56a-9c79b59cf162,KXCANADAPM-45-C,2025-04-15T16:41:14.336779Z,57.00,0.2500,0.7500,yes
3f4265b8-6c18-44b6-9720-6d30c1337151,KXCANADAPM-45-C,2025-04-15T16:36:46.853046Z,190.00,0.2500,0.7500,yes
ceb7158b-a767-438d-87e3-e54b184e2b41,KXCANADAPM-45-C,2025-04-15T16:30:27.868573Z,3.00,0.2500,0.7500,yes
c9c58a1b-fd8c-4503-baf5-2b1aee5cfaad,KXCANADAPM-45-C,2025-04-15T16:30:27.868573Z,6533.00,0.2500,0.7500,yes
c428bb0b-df78-4801-8508-6dbd69508d47,KXCANADAPM-45-C,2025-04-15T16:30:27.868573Z,2064.00,0.2500,0.7500,yes
5d82842d-1e38-4f3a-8da6-5c4dd9c520cd,KXCANADAPM-45-C,2025-04-15T16:30:27.868573Z,200.00,0.2500,0.7500,yes
03afdb05-914a-4f8e-a77a-307eb0fc3ea2,KXCANADAPM-45-C,2025-04-15T16:30:27.868573Z,500.00,0.2500,0.7500,yes
4a935721-4e6f-474d-9394-d7e3ee95311e,KXCANADAPM-45-C,2025-04-15T16:08:40.507624Z,100.00,0.2500,0.7500,yes
e3ee1cd6-db82-4427-81c0-68215a6263ec,KXCANADAPM-45-C,2025-04-15T16:06:37.133097Z,53.00,0.2500,0.7500,yes
9d13d909-983d-4515-9fd4-8ef0e35bc360,KXCANADAPM-45-C,2025-04-15T15:56:08.135388Z,200.00,0.2500,0.7500,yes
160a026f-d765-4752-841b-63f89e472ad6,KXCANADAPM-45-C,2025-04-15T15:41:00.913638Z,26.00,0.2400,0.7600,no
54d179c3-adf7-45db-b4be-077854fa8644,KXCANADAPM-45-C,2025-04-15T15:40:02.445398Z,174.00,0.2500,0.7500,yes
4cdbe1d2-2f21-47f4-b3ed-cc1221a1f582,KXCANADAPM-45-C,2025-04-15T15:40:02.445398Z,114.00,0.2500,0.7500,yes
07ba9eb9-44a9-4e23-8665-796cbbcb8e97,KXCANADAPM-45-C,2025-04-15T15:24:50.424407Z,19.00,0.2500,0.7500,yes
5bc6e791-e02a-4f64-9bbd-97ac736fd5fc,KXCANADAPM-45-C,2025-04-15T15:22:36.328335Z,4.00,0.2500,0.7500,yes
58212286-b804-4dd2-be19-ea21613514f4,KXCANADAPM-45-C,2025-04-15T15:22:36.328335Z,7.00,0.2500,0.7500,yes
09d69ada-dd2b-4bb7-b313-ffb458b4edcb,KXCANADAPM-45-C,2025-04-15T15:08:15.363327Z,4.00,0.2500,0.7500,yes
e185d71f-f97c-4ffd-b914-7217b1567161,KXCANADAPM-45-C,2025-04-15T14:11:35.567542Z,41.00,0.2500,0.7500,no
d1036d94-f062-48d7-b213-faa750ea184a,KXCANADAPM-45-C,2025-04-15T14:11:35.567542Z,41.00,0.2500,0.7500,no
d02ed607-4a75-4787-828a-23c37c9eb107,KXCANADAPM-45-C,2025-04-15T14:11:35.567542Z,420.00,0.2500,0.7500,no
a73411f6-9090-46ab-96b8-47d93747ced0,KXCANADAPM-45-C,2025-04-15T14:11:35.567542Z,29.00,0.2500,0.7500,no
a06f0925-81f2-40be-8f7a-81480b996c7c,KXCANADAPM-45-C,2025-04-15T14:11:35.567542Z,8.00,0.2500,0.7500,no
9c6cc204-9505-4a5a-af88-6f78420f7f17,KXCANADAPM-45-C,2025-04-15T14:11:35.567542Z,41.00,0.2500,0.7500,no
1a899fe3-8958-4141-a8e1-bbfee03a8952,KXCANADAPM-45-C,2025-04-15T14:11:35.567542Z,41.00,0.2500,0.7500,no
16b95d60-d4e0-4a53-a82c-0e1b523ad2ff,KXCANADAPM-45-C,2025-04-15T14:09:54.751548Z,40.00,0.2500,0.7500,no
e57e442e-7b96-4d5f-b470-a41cdeb3a379,KXCANADAPM-45-C,2025-04-15T14:08:38.177435Z,40.00,0.2500,0.7500,no
f86ecf7f-c8d3-47e9-aea4-9a2ce2d4004f,KXCANADAPM-45-C,2025-04-15T14:01:47.088718Z,25.00,0.2600,0.7400,yes
1c2fb121-2465-4afe-a8e7-6551efce5cb9,KXCANADAPM-45-C,2025-04-15T13:50:06.208442Z,2.00,0.2600,0.7400,yes
33beb317-061a-4f12-9c68-2024f969c5c3,KXCANADAPM-45-C,2025-04-15T13:46:57.196138Z,5485.00,0.2600,0.7400,yes
8cb03c70-aa9b-496c-bc82-e8d1a869fe6a,KXCANADAPM-45-C,2025-04-15T13:37:05.651618Z,6009.00,0.2600,0.7400,yes
82ff721d-1a0e-4ab7-b6af-67a38ed075ce,KXCANADAPM-45-C,2025-04-15T13:37:05.651618Z,7.00,0.2600,0.7400,yes
6b8ecb19-b2be-4193-b8f0-ea88515f9cb0,KXCANADAPM-45-C,2025-04-15T13:37:05.651618Z,383.00,0.2600,0.7400,yes
e9f2f9d0-b449-4e45-a4d6-1cddb2bd9ffa,KXCANADAPM-45-C,2025-04-15T13:15:50.802076Z,91.00,0.2600,0.7400,yes
e374d1f1-09b5-4de1-a0d1-d1a8f64d277c,KXCANADAPM-45-C,2025-04-15T12:10:30.794914Z,100.00,0.2600,0.7400,no
baaff906-6d9f-490a-b407-71b6f0e20f6e,KXCANADAPM-45-C,2025-04-15T12:10:30.794914Z,500.00,0.2600,0.7400,no
76aae7ac-f646-42ce-af9a-6dd7b3d0c8e8,KXCANADAPM-45-C,2025-04-15T12:10:30.794914Z,300.00,0.2600,0.7400,no
64eb053b-87fc-4eca-8dc1-658ceb9db94b,KXCANADAPM-45-C,2025-04-15T12:10:30.794914Z,2000.00,0.2600,0.7400,no
526da270-f408-4700-b432-bcc27a7fbe17,KXCANADAPM-45-C,2025-04-15T12:10:30.794914Z,500.00,0.2600,0.7400,no
129e2fcf-052e-4640-8596-1e5526a77d12,KXCANADAPM-45-C,2025-04-15T12:10:30.794914Z,500.00,0.2600,0.7400,no
fb5443b7-a15c-4588-bdf8-ce0f5b01c5cb,KXCANADAPM-45-C,2025-04-15T06:33:25.561193Z,9.00,0.2600,0.7400,no
a62d5f29-0f81-46fd-b494-370ff52db1e0,KXCANADAPM-45-C,2025-04-15T06:29:33.453172Z,2.00,0.2600,0.7400,no
70ebefe5-bc66-438e-8128-6a6a86fff792,KXCANADAPM-45-C,2025-04-15T06:28:00.742559Z,4.00,0.2600,0.7400,no
bcbcf851-f3de-4b55-84cb-423118ae8a54,KXCANADAPM-45-C,2025-04-15T06:27:45.726191Z,2.00,0.2600,0.7400,no
3593df92-0056-4280-8b4b-0825cb5c2463,KXCANADAPM-45-C,2025-04-15T06:26:48.068326Z,4.00,0.2600,0.7400,no
1b458ac6-5845-417b-ab17-f97a4d0f7f8a,KXCANADAPM-45-C,2025-04-15T06:26:07.253285Z,33.00,0.2600,0.7400,no
53b867f5-b017-4a2e-bd5d-fe76045ccfdd,KXCANADAPM-45-C,2025-04-15T06:20:08.106773Z,4.00,0.2700,0.7300,yes
ed76b23a-6df9-4a6a-bc68-fa5d70bfa43d,KXCANADAPM-45-C,2025-04-15T04:30:18.166906Z,2716.00,0.2700,0.7300,yes
f8e4192e-33ac-44d5-aaf6-0c2fe7a8e33e,KXCANADAPM-45-C,2025-04-15T04:10:43.238087Z,519.00,0.2700,0.7300,no
d1f57f1a-405d-4a98-8ae4-5c3f3440e4d0,KXCANADAPM-45-C,2025-04-15T04:10:43.238087Z,38.00,0.2700,0.7300,no
3e001987-364e-41b0-855f-22c1c7db952d,KXCANADAPM-45-C,2025-04-15T04:10:43.238087Z,10.00,0.2700,0.7300,no
00540933-b0f5-4f21-8cdc-51a20975c994,KXCANADAPM-45-C,2025-04-15T04:10:43.238087Z,1952.00,0.2700,0.7300,no
e7a0d042-dfb4-451b-a8f5-d0cbb9ef8fbc,KXCANADAPM-45-C,2025-04-15T03:50:09.715574Z,500.00,0.2700,0.7300,no
7783d4a8-e129-4fb5-aef3-d0253f3d2ac3,KXCANADAPM-45-C,2025-04-15T03:45:29.226969Z,500.00,0.2700,0.7300,no
3785593c-70ee-4bd8-88d4-ebebfe6a8953,KXCANADAPM-45-C,2025-04-15T03:13:57.751412Z,7.00,0.2700,0.7300,no
1a4323a0-827a-405d-af9e-751560636662,KXCANADAPM-45-C,2025-04-15T03:13:57.751412Z,48.00,0.2700,0.7300,no
e22b1555-b006-4a2f-83ec-7fa3bdafa4a3,KXCANADAPM-45-C,2025-04-15T03:09:24.948986Z,100.00,0.2800,0.7200,yes
e1fe739a-a436-4d4b-be9d-bf14520d24cf,KXCANADAPM-45-C,2025-04-15T03:09:24.948986Z,100.00,0.2800,0.7200,yes
c5c41d12-ba79-4c45-bf5e-2fbae21a5da8,KXCANADAPM-45-C,2025-04-15T03:09:24.948986Z,4.00,0.2800,0.7200,yes
c57d57fd-6671-4069-97cb-ca15e4b78568,KXCANADAPM-45-C,2025-04-15T03:09:24.948986Z,10.00,0.2800,0.7200,yes
bd87b4e6-9d9b-4d33-8eff-1f399422c22e,KXCANADAPM-45-C,2025-04-15T03:09:24.948986Z,100.00,0.2800,0.7200,yes
8c097a23-b438-41bf-ad87-b1bdb151d400,KXCANADAPM-45-C,2025-04-15T03:09:24.948986Z,8004.00,0.2800,0.7200,yes
2402b8de-3bc5-4209-b93e-cd23d6d042cc,KXCANADAPM-45-C,2025-04-15T03:09:24.948986Z,4.00,0.2800,0.7200,yes
03b62ead-57b0-4261-9b67-9e801e89613a,KXCANADAPM-45-C,2025-04-15T03:09:24.948986Z,5.00,0.2800,0.7200,yes
b2f8df73-a60d-444f-858c-3d1fdb3e8ba2,KXCANADAPM-45-C,2025-04-15T02:57:08.36173Z,137.00,0.2700,0.7300,no
e70d7c08-e950-408a-a54c-5f4517fe91a4,KXCANADAPM-45-C,2025-04-15T02:55:46.358746Z,81.00,0.2700,0.7300,no
e203f689-b741-4ae3-b492-c1a72a7ee527,KXCANADAPM-45-C,2025-04-15T02:54:22.824436Z,301.00,0.2700,0.7300,no
df47effa-11a3-4cbd-8831-f872a85aa5c5,KXCANADAPM-45-C,2025-04-15T02:52:27.383731Z,500.00,0.2700,0.7300,no
df2d67e4-2971-44a1-99ed-8875f94b43aa,KXCANADAPM-45-C,2025-04-15T02:27:41.47618Z,15.00,0.2700,0.7300,yes
beee0a8f-eaca-4a4a-9589-c05a979c44a8,KXCANADAPM-45-C,2025-04-15T02:27:41.47618Z,500.00,0.2700,0.7300,yes
bb56c4db-57f3-497e-a9e3-85f1c97f9ca5,KXCANADAPM-45-C,2025-04-15T02:27:41.47618Z,5555.00,0.2700,0.7300,yes
bb069eb6-5e6d-4b7c-a5c7-3dd689518c88,KXCANADAPM-45-C,2025-04-15T02:27:41.47618Z,200.00,0.2700,0.7300,yes
af2bb6c7-93c6-4eb3-be93-6e91e0f0bd6d,KXCANADAPM-45-C,2025-04-15T02:27:41.47618Z,500.00,0.2700,0.7300,yes
a5341140-7091-4c10-9980-f305a6111ba9,KXCANADAPM-45-C,2025-04-15T02:27:41.47618Z,500.00,0.2700,0.7300,yes
8f8620ea-5439-4fb3-8361-29d4ebcbe09f,KXCANADAPM-45-C,2025-04-15T02:27:41.47618Z,329.00,0.2700,0.7300,yes
7783188a-78bb-4421-94a1-e1f09e857781,KXCANADAPM-45-C,2025-04-15T02:27:41.47618Z,5000.00,0.2700,0.7300,yes
7774ff26-5ae7-4276-a17f-55828ba40c0e,KXCANADAPM-45-C,2025-04-15T02:27:41.47618Z,1000.00,0.2700,0.7300,yes
55139135-0f1c-4f0d-80b3-987de18a0b5f,KXCANADAPM-45-C,2025-04-15T02:27:41.47618Z,100.00,0.2700,0.7300,yes
3c1aae79-8fcc-462c-ad4a-e20e2b554d01,KXCANADAPM-45-C,2025-04-15T02:27:41.47618Z,5000.00,0.2700,0.7300,yes
25c55c52-6af7-4c43-9d16-c2de15a7cf5f,KXCANADAPM-45-C,2025-04-15T02:27:41.47618Z,200.00,0.2700,0.7300,yes
a1a849cb-fb5c-43f9-b73f-10b0c87de2e7,KXCANADAPM-45-C,2025-04-15T02:25:56.826274Z,235.00,0.2600,0.7400,no
20df6047-c237-4f32-a1c1-6d26eda68601,KXCANADAPM-45-C,2025-04-15T02:25:56.826274Z,1765.00,0.2600,0.7400,no
1d64e59a-af0d-4959-bde2-2b255451a220,KXCANADAPM-45-C,2025-04-15T02:25:56.826274Z,2000.00,0.2600,0.7400,no
79d03be0-b685-48d5-ad48-77f389d1089d,KXCANADAPM-45-C,2025-04-15T02:08:39.337794Z,25.00,0.2700,0.7300,yes
9dcf582d-86d3-440f-a5b3-81c5bf8b1ed0,KXCANADAPM-45-C,2025-04-15T01:57:37.978977Z,176.00,0.2700,0.7300,yes
fa9d47f5-35c6-4a62-97b3-694060119938,KXCANADAPM-45-C,2025-04-15T01:22:40.751758Z,3.00,0.2700,0.7300,yes
bde96426-56f1-41b9-91d6-cb08d41d4dbb,KXCANADAPM-45-C,2025-04-15T01:19:04.224522Z,347.00,0.2700,0.7300,yes
c6cf65eb-6df7-48dd-b719-76779f21b73c,KXCANADAPM-45-C,2025-04-15T01:07:01.646984Z,5.00,0.2600,0.7400,no
8a30c3d9-4aaa-4f30-a148-c48f5f6844ee,KXCANADAPM-45-C,2025-04-15T01:04:53.467399Z,2.00,0.2600,0.7400,no
dcb714f4-dded-4174-930d-f5d8c919049d,KXCANADAPM-45-C,2025-04-15T01:00:58.018385Z,4.00,0.2600,0.7400,no
c7596d68-1a06-4322-bbba-f26fb9e5fe64,KXCANADAPM-45-C,2025-04-15T00:10:36.484222Z,2600.00,0.2600,0.7400,no
7ad16c30-0af1-4bf3-9bed-349c3e1bc2c2,KXCANADAPM-45-C,2025-04-14T23:43:55.156042Z,500.00,0.2600,0.7400,no
76d1793d-eb4c-4063-bf43-322f3e69cbad,KXCANADAPM-45-C,2025-04-14T23:02:53.378974Z,352.00,0.2700,0.7300,yes
9de76f4d-128d-40a1-8ea6-8cb5e27219bd,KXCANADAPM-45-C,2025-04-14T22:59:14.554246Z,528.00,0.2700,0.7300,yes
9f46b893-de29-4dd3-99d5-58a96fd0433c,KXCANADAPM-45-C,2025-04-14T22:55:46.513954Z,211.00,0.2700,0.7300,yes
74d34ebe-1a06-4b28-934c-bd579ddbac33,KXCANADAPM-45-C,2025-04-14T22:48:21.205302Z,7.00,0.2600,0.7400,no
bc431584-982e-44b1-92bd-4ef3524df56c,KXCANADAPM-45-C,2025-04-14T21:51:07.370133Z,50.00,0.2600,0.7400,no
e3a87a09-589e-4727-b9f4-a538532e4ee8,KXCANADAPM-45-C,2025-04-14T21:24:05.097811Z,29.00,0.2700,0.7300,yes
706d7bdb-3e5d-4f3f-bec0-b449f529c14e,KXCANADAPM-45-C,2025-04-14T21:24:05.097811Z,6.00,0.2700,0.7300,yes
f32aed67-acb7-4d78-8842-2d3e8c26653d,KXCANADAPM-45-C,2025-04-14T20:58:00.894047Z,105.00,0.2700,0.7300,yes
972e7ab6-e800-464b-9864-4225aaad91b2,KXCANADAPM-45-C,2025-04-14T20:51:11.059112Z,528.00,0.2700,0.7300,yes
20f6b09d-c582-4181-bea5-1e13fc853c64,KXCANADAPM-45-C,2025-04-14T20:39:55.91596Z,352.00,0.2700,0.7300,yes
f5c500b3-7c9e-4bc0-8e71-4fc966bb0f16,KXCANADAPM-45-C,2025-04-14T20:23:40.663071Z,1000.00,0.2600,0.7400,no
90b8c453-5f4c-414e-be6b-26eaba67e99f,KXCANADAPM-45-C,2025-04-14T19:18:45.520937Z,70.00,0.2700,0.7300,yes
417fd39a-479e-4d0d-b661-e7e1b44c7134,KXCANADAPM-45-C,2025-04-14T19:13:16.252311Z,7.00,0.2700,0.7300,yes
a23f175b-a084-4777-81bc-b29886fa59d4,KXCANADAPM-45-C,2025-04-14T19:12:45.2931Z,25.00,0.2700,0.7300,yes
23b785b5-e68e-4717-ae78-01c1fcebb699,KXCANADAPM-45-C,2025-04-14T18:56:51.176295Z,88.00,0.2700,0.7300,yes
c168d6ce-8718-4df0-b259-13c8766a145d,KXCANADAPM-45-C,2025-04-14T18:29:33.411166Z,300.00,0.2700,0.7300,yes
e25d2108-6087-4242-a627-55f59339440c,KXCANADAPM-45-C,2025-04-14T18:09:11.326909Z,1057.00,0.2700,0.7300,yes
d6fffc76-a5c8-4a4c-8195-4e3d135dd23d,KXCANADAPM-45-C,2025-04-14T18:08:12.057841Z,2.00,0.2600,0.7400,no
b40a12ae-de0b-4343-8e37-4c3c6f979cfe,KXCANADAPM-45-C,2025-04-14T18:03:41.839974Z,1000.00,0.2700,0.7300,yes
d75dd9a3-06e0-4b60-8e8d-2913818a4c46,KXCANADAPM-45-C,2025-04-14T18:03:30.570816Z,86.00,0.2700,0.7300,yes
cdc22712-b558-4d2d-b1fa-2d83b1e1ecdf,KXCANADAPM-45-C,2025-04-14T17:59:57.639872Z,140.00,0.2700,0.7300,yes
39d65d55-6d1c-4c80-a956-7e6e72e08f05,KXCANADAPM-45-C,2025-04-14T17:41:20.37945Z,7.00,0.2700,0.7300,yes
1fd0757b-19a5-4711-a64c-34e828b63fcd,KXCANADAPM-45-C,2025-04-14T17:40:02.176904Z,17.00,0.2700,0.7300,yes
4520188d-1b4e-4e12-b835-2f88f7e01d4f,KXCANADAPM-45-C,2025-04-14T17:09:31.298648Z,1057.00,0.2700,0.7300,yes
3190c174-10df-47de-a1f2-5da36ed1bf14,KXCANADAPM-45-C,2025-04-14T17:01:46.479483Z,352.00,0.2700,0.7300,yes
bee7dc35-3337-4734-af0e-fb9c44bf9c98,KXCANADAPM-45-C,2025-04-14T16:30:57.125731Z,3.00,0.2700,0.7300,yes
aca771fe-0449-4fa8-a1c3-378e11eccecc,KXCANADAPM-45-C,2025-04-14T16:05:27.32224Z,132.00,0.2600,0.7400,no
fecf2ae7-dcc5-4951-a373-504b31b3d486,KXCANADAPM-45-C,2025-04-14T15:48:38.043826Z,345.00,0.2600,0.7400,no
0d7bc383-c6b9-4176-8dba-33153b7055f4,KXCANADAPM-45-C,2025-04-14T15:43:30.368497Z,10.00,0.2600,0.7400,no
19cc8729-c23f-4f9a-a3e9-6bcfeb5568bf,KXCANADAPM-45-C,2025-04-14T15:43:12.33129Z,10.00,0.2700,0.7300,yes
891cc16b-67af-4e8c-97d5-a6bedfd99fb2,KXCANADAPM-45-C,2025-04-14T15:21:25.610328Z,345.00,0.2700,0.7300,yes
56520cca-9b7f-4a31-b699-0d653462e50a,KXCANADAPM-45-C,2025-04-14T15:06:00.440934Z,1.00,0.2600,0.7400,no
7b605b77-dd33-4a9c-bbe6-9e78bb54681b,KXCANADAPM-45-C,2025-04-14T15:01:44.094195Z,1000.00,0.2700,0.7300,yes
99d88d26-3246-4e7c-b94f-ea74c43856ea,KXCANADAPM-45-C,2025-04-14T14:45:43.228851Z,2.00,0.2600,0.7400,no
1fbac52a-c6a7-4a98-81b7-d2e842cc00db,KXCANADAPM-45-C,2025-04-14T14:41:20.953241Z,35.00,0.2700,0.7300,yes
38585a27-4e11-4bc1-97ac-41ea3a83cc57,KXCANADAPM-45-C,2025-04-14T14:18:45.14084Z,352.00,0.2700,0.7300,yes
82ab60d7-dc2a-47f8-9357-89f08d02ef8d,KXCANADAPM-45-C,2025-04-14T14:16:34.134385Z,176.00,0.2700,0.7300,yes
c8e0d208-5f3d-4049-9711-c35ee312a6d7,KXCANADAPM-45-C,2025-04-14T14:08:35.864429Z,100.00,0.2600,0.7400,no
96bddd00-e1ee-4e96-a291-137e5ae2e6c0,KXCANADAPM-45-C,2025-04-14T14:04:51.566784Z,100.00,0.2700,0.7300,yes
0fce9337-64ee-4f10-a657-f55cd2c0d645,KXCANADAPM-45-C,2025-04-14T13:25:17.51416Z,5.00,0.2600,0.7400,no
a3735015-0bbd-4dd9-a48e-3abb5f184354,KXCANADAPM-45-C,2025-04-14T13:22:05.895089Z,7.00,0.2700,0.7300,yes
578032ff-b653-48bf-be8a-9237d616c84e,KXCANADAPM-45-C,2025-04-14T12:57:29.336873Z,35.00,0.2700,0.7300,yes
bd643360-bb34-41d7-b583-16a7ab8912df,KXCANADAPM-45-C,2025-04-14T12:26:11.595639Z,27.00,0.2700,0.7300,no
9edbdc72-ae8c-4fc2-a1eb-652ea530cde2,KXCANADAPM-45-C,2025-04-14T12:26:11.595639Z,1000.00,0.2700,0.7300,no
9daa238f-82fb-4015-907c-4cf357b66c96,KXCANADAPM-45-C,2025-04-14T12:26:11.595639Z,5.00,0.2700,0.7300,no
6c5d7396-8a12-47eb-adc1-c88049b7e98a,KXCANADAPM-45-C,2025-04-14T12:26:11.595639Z,201.00,0.2700,0.7300,no
5b4dcd97-a0b4-4775-a3b1-ecf6736ff2a0,KXCANADAPM-45-C,2025-04-14T12:26:11.595639Z,200.00,0.2700,0.7300,no
b6749182-f105-4bf5-930c-3ddd2a6b3135,KXCANADAPM-45-C,2025-04-14T06:35:36.09739Z,2000.00,0.2800,0.7200,yes
88899fda-3355-42df-9112-33a28f1322e9,KXCANADAPM-45-C,2025-04-14T06:01:59.821746Z,343.00,0.2700,0.7300,no
d32264a0-fc20-4a68-b324-8f0aee208ea1,KXCANADAPM-45-C,2025-04-14T05:47:04.119263Z,10.00,0.2800,0.7200,yes
173dbaf2-7ee6-4179-a725-9e1d8e4d640d,KXCANADAPM-45-C,2025-04-14T04:19:09.169209Z,22.00,0.2700,0.7300,no
f6dbc7ad-a875-498d-a5c2-81b2f28f3f90,KXCANADAPM-45-C,2025-04-14T04:13:34.969989Z,5.00,0.2800,0.7200,yes
f694d0c9-c0c8-421d-bb81-5328d093b96a,KXCANADAPM-45-C,2025-04-14T04:13:34.969989Z,2.00,0.2800,0.7200,yes
e9291350-0b9b-4532-84d8-379109c88767,KXCANADAPM-45-C,2025-04-14T04:13:34.969989Z,3.00,0.2800,0.7200,yes
e8b641a1-72e2-4218-87cd-63e6a3b75c78,KXCANADAPM-45-C,2025-04-14T04:13:34.969989Z,5.00,0.2800,0.7200,yes
e3d79232-ce2f-4815-b38c-4c08439f50ff,KXCANADAPM-45-C,2025-04-14T04:13:34.969989Z,1.00,0.2800,0.7200,yes
d6a78e9f-8d8f-45bc-a57c-54d0b318c8d1,KXCANADAPM-45-C,2025-04-14T04:13:34.969989Z,11.00,0.2800,0.7200,yes
d02fbd2c-02a5-4a2d-ac01-5ff4a4c0a285,KXCANADAPM-45-C,2025-04-14T04:13:34.969989Z,6.00,0.2800,0.7200,yes
ca3b7308-138e-48ce-94a4-5008a956d3a8,KXCANADAPM-45-C,2025-04-14T04:13:34.969989Z,6.00,0.2800,0.7200,yes
c5fa2ea3-6d77-41df-99c0-6daba0b2b283,KXCANADAPM-45-C,2025-04-14T04:13:34.969989Z,11.00,0.2800,0.7200,yes
b39d5bd4-db1d-48b7-9069-4c9e9a229889,KXCANADAPM-45-C,2025-04-14T04:13:34.969989Z,6.00,0.2800,0.7200,yes
a5189236-5d74-429f-b8df-4948dba6f1d0,KXCANADAPM-45-C,2025-04-14T04:13:34.969989Z,35.00,0.2800,0.7200,yes
95a2b4df-0bca-4a78-b003-c6bae78c1cb4,KXCANADAPM-45-C,2025-04-14T04:13:34.969989Z,11.00,0.2800,0.7200,yes
8f0e3fd2-2bd3-4380-8797-a754676d1f55,KXCANADAPM-45-C,2025-04-14T04:13:34.969989Z,5.00,0.2800,0.7200,yes
72c3081a-6d7f-4f99-a981-70905912d5a0,KXCANADAPM-45-C,2025-04-14T04:13:34.969989Z,11.00,0.2800,0.7200,yes
489cf2ce-8ba1-46d7-b108-0e1dc4334235,KXCANADAPM-45-C,2025-04-14T04:13:34.969989Z,4.00,0.2800,0.7200,yes
487017a7-d73b-480b-b961-6206f8b0be6d,KXCANADAPM-45-C,2025-04-14T04:13:34.969989Z,4.00,0.2800,0.7200,yes
3bf62bbc-76fc-4ee2-8a9a-3826625137a6,KXCANADAPM-45-C,2025-04-14T04:13:34.969989Z,41.00,0.2800,0.7200,yes
38886c19-5939-4ba7-81b4-817c126ba750,KXCANADAPM-45-C,2025-04-14T04:13:34.969989Z,4.00,0.2800,0.7200,yes
2b713845-144a-43f4-8e4e-f0066af9b857,KXCANADAPM-45-C,2025-04-14T04:13:34.969989Z,27.00,0.2800,0.7200,yes
126cbbc4-6c1e-4faf-a5bc-19b703949ed4,KXCANADAPM-45-C,2025-04-14T04:13:34.969989Z,2.00,0.2800,0.7200,yes
3a22eef8-1a07-4bc0-8c8a-1d21d8d1244f,KXCANADAPM-45-C,2025-04-14T04:12:15.232552Z,361.00,0.2800,0.7200,yes
e98f89ba-3388-4227-b62d-6f45f27dc6e2,KXCANADAPM-45-C,2025-04-14T03:13:04.429468Z,44.00,0.2800,0.7200,yes
26cc9bbb-c621-478b-985b-472d9e5a04ed,KXCANADAPM-45-C,2025-04-14T02:44:13.142933Z,25.00,0.2700,0.7300,no
8e916c38-6421-493b-adea-074b6f32a393,KXCANADAPM-45-C,2025-04-14T02:42:22.010145Z,1.00,0.2700,0.7300,no
2924909e-4655-454c-8bbc-39e566db8055,KXCANADAPM-45-C,2025-04-14T02:37:53.918866Z,17.00,0.2800,0.7200,yes
a5e48998-86ad-4a75-ae6c-217ab1778a30,KXCANADAPM-45-C,2025-04-14T02:31:22.640413Z,25.00,0.2700,0.7300,no
e0fd50ac-49b6-46e6-ae1e-4b392f8bd17a,KXCANADAPM-45-C,2025-04-14T02:27:50.792296Z,514.00,0.2700,0.7300,no
9f61cf72-5d08-4f7d-a672-e306c2caf605,KXCANADAPM-45-C,2025-04-14T02:27:50.792296Z,736.00,0.2700,0.7300,no
7ae49e5d-9271-468b-9583-abfa97a78e76,KXCANADAPM-45-C,2025-04-14T02:26:01.21961Z,308.00,0.2800,0.7200,yes
35096cff-6baf-4b04-bcc5-510cfa0f3b7d,KXCANADAPM-45-C,2025-04-14T02:26:01.21961Z,37.00,0.2800,0.7200,yes
6ed2b2af-94d2-4349-bc3c-b3245a0c48c4,KXCANADAPM-45-C,2025-04-14T02:12:35.735523Z,500.00,0.2800,0.7200,yes
33301f3e-771e-419a-855f-5bfe9873c1d6,KXCANADAPM-45-C,2025-04-14T01:59:24.068081Z,1333.00,0.2800,0.7200,yes
22fdf0e7-086f-474d-8aff-36f37c8b3cf2,KXCANADAPM-45-C,2025-04-14T01:52:00.032771Z,258.00,0.2800,0.7200,yes
1220334c-0a33-422c-afe7-427794446b01,KXCANADAPM-45-C,2025-04-14T01:52:00.032771Z,81.00,0.2800,0.7200,yes
f9697283-a930-4e2a-945e-ecb2a1ad8f95,KXCANADAPM-45-C,2025-04-14T01:45:24.283333Z,25.00,0.2700,0.7300,no
0df527ce-08fd-4e53-85ba-5608ebf1238e,KXCANADAPM-45-C,2025-04-14T01:44:16.289844Z,2000.00,0.2700,0.7300,no
f26c254f-8e3d-4334-886b-2268655ee034,KXCANADAPM-45-C,2025-04-14T01:43:31.268918Z,1000.00,0.2700,0.7300,no
3507f087-f545-45c9-9ba0-88cb6fdf02ae,KXCANADAPM-45-C,2025-04-14T01:43:05.98885Z,1000.00,0.2700,0.7300,no
ac0ffad3-c442-42c0-8ae3-af02c295710a,KXCANADAPM-45-C,2025-04-14T01:34:05.767147Z,25.00,0.2700,0.7300,no
924d4f14-19fb-4a24-af13-0c30f39ce0d3,KXCANADAPM-45-C,2025-04-14T01:26:14.939943Z,25.00,0.2700,0.7300,no
f5c675be-1863-4226-8d0f-23106acd42a2,KXCANADAPM-45-C,2025-04-14T01:19:16.070336Z,50.00,0.2700,0.7300,no
a5aa9886-a3cb-4b52-a240-2ff98f5a1c50,KXCANADAPM-45-C,2025-04-14T01:18:58.470614Z,25.00,0.2700,0.7300,no
40824d8a-af37-4f9e-9c36-ec77d1757a01,KXCANADAPM-45-C,2025-04-14T00:41:59.508943Z,340.00,0.2800,0.7200,yes
c98eeb94-8f17-4e3f-8f34-5c2c986ab56c,KXCANADAPM-45-C,2025-04-14T00:32:20.209037Z,200.00,0.2700,0.7300,no
e73058a9-66a8-4570-bf6f-c69d86bdf097,KXCANADAPM-45-C,2025-04-14T00:29:33.018643Z,20.00,0.2700,0.7300,no
fb76ad0f-6c69-4912-8689-02eac52ca9b6,KXCANADAPM-45-C,2025-04-14T00:18:00.269894Z,27.00,0.2700,0.7300,no
75b25032-29b3-46de-b198-f3739889f807,KXCANADAPM-45-C,2025-04-14T00:18:00.269894Z,116.00,0.2700,0.7300,no
da15d64f-a8d5-4e74-b3bb-f7d7e3fb5719,KXCANADAPM-45-C,2025-04-14T00:01:46.707895Z,2.00,0.2700,0.7300,no
d4856cf5-c52e-458a-a293-e722b5a1b443,KXCANADAPM-45-C,2025-04-14T00:01:46.707895Z,23.00,0.2700,0.7300,no
8980ad53-cc88-4208-b0b1-f5c82578ec6c,KXCANADAPM-45-C,2025-04-13T23:54:28.01005Z,25.00,0.2700,0.7300,no
bf0f0b80-d2bd-4d89-b589-9f97505d3228,KXCANADAPM-45-C,2025-04-13T23:52:20.193081Z,68.00,0.2800,0.7200,yes
fb700387-5849-4fad-9818-509f21281888,KXCANADAPM-45-C,2025-04-13T23:41:36.130175Z,7.00,0.2700,0.7300,no
f6b0760c-00ee-42fd-8b96-aba516886178,KXCANADAPM-45-C,2025-04-13T23:41:36.130175Z,3.00,0.2700,0.7300,no
f2d4445e-e893-4fa6-b883-d5659bf9acf6,KXCANADAPM-45-C,2025-04-13T23:41:36.130175Z,8.00,0.2700,0.7300,no
54aebb97-7a20-4101-b8b4-0ced1c98874e,KXCANADAPM-45-C,2025-04-13T23:41:36.130175Z,7.00,0.2700,0.7300,no
63a7cb9d-aab6-4341-801e-7217fe21f9bb,KXCANADAPM-45-C,2025-04-13T23:23:45.662695Z,20.00,0.2700,0.7300,no
d45d6dba-6c2a-4f1e-b2b9-cb71db0233bd,KXCANADAPM-45-C,2025-04-13T23:21:54.200226Z,28.00,0.2700,0.7300,yes
d064c1fd-c5c2-4000-b2bb-163a32a20bbb,KXCANADAPM-45-C,2025-04-13T23:21:54.200226Z,495.00,0.2700,0.7300,yes
acd42fca-120b-4a14-bcdc-03aefadae3de,KXCANADAPM-45-C,2025-04-13T23:21:54.200226Z,7.00,0.2700,0.7300,yes
9b0335ec-dd36-40e9-a7c0-bd346578c28a,KXCANADAPM-45-C,2025-04-13T23:21:54.200226Z,163.00,0.2700,0.7300,yes
6ec77414-b96b-4652-a1e7-293e301241e3,KXCANADAPM-45-C,2025-04-13T23:21:54.200226Z,3.00,0.2700,0.7300,yes
49eb9cdd-7063-4c77-bf48-73718bfd4cae,KXCANADAPM-45-C,2025-04-13T23:21:54.200226Z,104.00,0.2700,0.7300,yes
c068e813-3ae9-4f38-aeec-35ce7247bf38,KXCANADAPM-45-C,2025-04-13T23:17:07.638129Z,3.00,0.2700,0.7300,no
b2ae0ea1-274b-4ef0-8558-7b006a56e5e3,KXCANADAPM-45-C,2025-04-13T23:17:07.638129Z,7.00,0.2700,0.7300,no
7a5b368f-1ad4-4789-93c1-ca59df5a6741,KXCANADAPM-45-C,2025-04-13T23:17:07.638129Z,27.00,0.2700,0.7300,no
33745d99-a508-4dd9-ab22-fdb0da5e1f78,KXCANADAPM-45-C,2025-04-13T23:17:07.638129Z,116.00,0.2700,0.7300,no
076d6bda-3f25-4bb6-a77a-c3cdc19ead9c,KXCANADAPM-45-C,2025-04-13T23:17:07.638129Z,512.00,0.2600,0.7400,no
eba1606b-3246-4ea9-8462-b6b1e448a25d,KXCANADAPM-45-C,2025-04-13T23:08:48.82826Z,10.00,0.2700,0.7300,no
5f9358bb-d906-4759-8ba3-ed39351ea4b5,KXCANADAPM-45-C,2025-04-13T23:08:48.82826Z,3.00,0.2700,0.7300,no
5d16e18e-7913-47ec-b73b-da4abf5ae55c,KXCANADAPM-45-C,2025-04-13T23:08:48.82826Z,3.00,0.2700,0.7300,no
3edea40f-4cff-4aef-9d3e-885264c0f807,KXCANADAPM-45-C,2025-04-13T23:08:48.82826Z,4.00,0.2700,0.7300,no
f0d972b8-dc4f-41e0-9f01-e82a798f752d,KXCANADAPM-45-C,2025-04-13T23:06:58.549871Z,21.00,0.2700,0.7300,no
f33f5de8-d86b-4929-8119-5fd30190e4bd,KXCANADAPM-45-C,2025-04-13T23:05:12.631756Z,3.00,0.2700,0.7300,yes
6e642f8d-f3b1-4b21-888b-79cbd9673f74,KXCANADAPM-45-C,2025-04-13T23:05:12.631756Z,500.00,0.2700,0.7300,yes
425594ed-3b81-4b7e-aefd-6997e6c85eb7,KXCANADAPM-45-C,2025-04-13T23:05:12.631756Z,3.00,0.2700,0.7300,yes
0cf2f0ea-341e-4221-8ea3-268449aa89a2,KXCANADAPM-45-C,2025-04-13T23:04:48.028031Z,42.00,0.2600,0.7400,no
2511603c-4a66-487d-9318-25d5f170aa77,KXCANADAPM-45-C,2025-04-13T22:57:44.425388Z,3.00,0.2600,0.7400,no
230afb5b-6750-4d25-83ac-8e1f23899753,KXCANADAPM-45-C,2025-04-13T22:57:44.425388Z,11.00,0.2600,0.7400,no
1eba5efa-e243-4ad2-ae8f-0d506b88f2c9,KXCANADAPM-45-C,2025-04-13T22:57:44.425388Z,6.00,0.2600,0.7400,no
0e26e8fd-7f7c-45c5-b066-3c82852886f5,KXCANADAPM-45-C,2025-04-13T22:43:10.120913Z,1381.00,0.2700,0.7300,yes
ed3a2a86-7c5f-4cb2-8dd6-6044e26609da,KXCANADAPM-45-C,2025-04-13T22:32:43.996068Z,19.00,0.2600,0.7400,no
3e8a900e-2cc2-49ff-9ba5-f4d7af97c45c,KXCANADAPM-45-C,2025-04-13T22:32:43.996068Z,1.00,0.2600,0.7400,no
6fbe70e1-6f36-4ee4-a27f-37af6e2f1359,KXCANADAPM-45-C,2025-04-13T22:07:08.801324Z,20.00,0.2600,0.7400,no
e102355a-ab55-4a25-a296-5f6a7b76d25f,KXCANADAPM-45-C,2025-04-13T22:00:29.587753Z,3.00,0.2600,0.7400,no
d9b4f7a1-c6ff-48d2-94cd-103853695974,KXCANADAPM-45-C,2025-04-13T22:00:29.587753Z,3.00,0.2600,0.7400,no
50485938-dbcc-498d-9640-cb2e18ca45b9,KXCANADAPM-45-C,2025-04-13T22:00:29.587753Z,10.00,0.2600,0.7400,no
4c9ce8b6-9863-45ea-94f3-d18f1625ecaa,KXCANADAPM-45-C,2025-04-13T22:00:29.587753Z,22.00,0.2600,0.7400,no
37cfb4c9-3908-41d1-bf5f-cdd9577f57cf,KXCANADAPM-45-C,2025-04-13T22:00:29.587753Z,22.00,0.2600,0.7400,no
0e59a3cb-bc99-4bc6-9437-1c9f02887bfe,KXCANADAPM-45-C,2025-04-13T22:00:29.587753Z,1.00,0.2600,0.7400,no
f4736cd5-21d1-4627-a783-99b918f4edb6,KXCANADAPM-45-C,2025-04-13T21:57:42.889729Z,222.00,0.2700,0.7300,yes
e638cf0c-21c8-4666-8527-66ebe690e2af,KXCANADAPM-45-C,2025-04-13T21:57:42.889729Z,521.00,0.2700,0.7300,yes
cb26e352-9e2d-4310-8508-b39d6cbdd7e6,KXCANADAPM-45-C,2025-04-13T21:57:42.889729Z,250.00,0.2700,0.7300,yes
61f72348-78a1-4b33-a759-305865e74f43,KXCANADAPM-45-C,2025-04-13T21:57:42.889729Z,100.00,0.2700,0.7300,yes
4e12e32a-60a6-45f5-afee-41cc5250082a,KXCANADAPM-45-C,2025-04-13T21:57:42.889729Z,250.00,0.2700,0.7300,yes
2a6658fc-91b4-4b0a-a5e1-0fa464eb406a,KXCANADAPM-45-C,2025-04-13T21:57:42.889729Z,580.00,0.2700,0.7300,yes
628c39ad-b725-4c2e-9078-c2a88e2ba861,KXCANADAPM-45-C,2025-04-13T21:45:56.218053Z,86.00,0.2700,0.7300,yes
d93cd604-ebb5-49b7-8394-7b8300bad556,KXCANADAPM-45-C,2025-04-13T21:25:43.929781Z,40.00,0.2600,0.7400,yes
92351449-e329-4c5f-86e6-dcc7d48ef2ff,KXCANADAPM-45-C,2025-04-13T21:25:43.929781Z,100.00,0.2600,0.7400,yes
8045e5f3-09e0-4f1a-ba42-58239e51d6bf,KXCANADAPM-45-C,2025-04-13T21:25:43.929781Z,700.00,0.2600,0.7400,yes
38493fe0-d3e2-4526-b714-c9d58df62d8c,KXCANADAPM-45-C,2025-04-13T21:25:43.929781Z,6.00,0.2600,0.7400,yes
2a4dd3e1-a2c9-44b4-8490-1cf4c50f5dae,KXCANADAPM-45-C,2025-04-13T21:25:43.929781Z,3.00,0.2600,0.7400,yes
01a6fb15-5367-4024-838b-7288d316d810,KXCANADAPM-45-C,2025-04-13T21:25:43.929781Z,111.00,0.2600,0.7400,yes
01517206-0c48-4a35-b00e-9c4834b6dfe0,KXCANADAPM-45-C,2025-04-13T21:25:43.929781Z,983.00,0.2600,0.7400,yes
f6e1ca73-b3c3-40de-95b5-642732838075,KXCANADAPM-45-C,2025-04-13T21:16:10.587544Z,3.00,0.2500,0.7500,yes
e224b94d-1aec-4abb-8097-20a2a1cab102,KXCANADAPM-45-C,2025-04-13T21:16:10.587544Z,32.00,0.2500,0.7500,yes
74220176-e1f8-430c-8cbd-7fb4fab406ab,KXCANADAPM-45-C,2025-04-13T21:16:10.587544Z,1466.00,0.2500,0.7500,yes
3068b372-453b-413b-828e-295a473de21c,KXCANADAPM-45-C,2025-04-13T21:16:10.587544Z,2000.00,0.2500,0.7500,yes
0f367485-ece1-4a85-acef-e37365da1b37,KXCANADAPM-45-C,2025-04-13T21:16:10.587544Z,3.00,0.2500,0.7500,yes
68abafa1-757e-4b8d-beb8-52f0d12b179d,KXCANADAPM-45-C,2025-04-13T21:15:35.86089Z,26.00,0.2500,0.7500,yes
67fc9784-3f6d-4b14-98ec-425f4473025f,KXCANADAPM-45-C,2025-04-13T21:15:31.551734Z,25.00,0.2500,0.7500,yes
6b404e66-0c00-4d6e-bf67-b4c57b4b9987,KXCANADAPM-45-C,2025-04-13T21:15:18.111153Z,433.00,0.2500,0.7500,yes
2b24770d-c2ed-41db-aa39-83ef8e574ee1,KXCANADAPM-45-C,2025-04-13T21:15:14.12387Z,3000.00,0.2500,0.7500,yes
de1dddad-a197-4faa-8fea-89000144695b,KXCANADAPM-45-C,2025-04-13T21:15:08.927536Z,3000.00,0.2500,0.7500,yes
6dded78b-9478-4569-a204-72bdfb8f92f3,KXCANADAPM-45-C,2025-04-13T21:14:59.867448Z,3000.00,0.2500,0.7500,yes
c94232af-0d0b-48c8-8347-937e16f357a7,KXCANADAPM-45-C,2025-04-13T21:14:56.61584Z,583.00,0.2500,0.7500,yes
5dc7075b-3f50-442f-8bb4-e56245c1c1ef,KXCANADAPM-45-C,2025-04-13T21:14:56.61584Z,2417.00,0.2500,0.7500,yes
c05beefc-cccb-4bf0-beb3-1358df43016f,KXCANADAPM-45-C,2025-04-13T21:08:44.326123Z,22.00,0.2500,0.7500,yes
81830137-8bb7-407a-91cd-213f332bbb08,KXCANADAPM-45-C,2025-04-13T21:08:33.071135Z,506.00,0.2500,0.7500,yes
d3ee54c6-fe5e-4508-a7b6-36f71db674d7,KXCANADAPM-45-C,2025-04-13T20:49:21.415066Z,3.00,0.2400,0.7600,no
be8dd4d8-7a08-4dab-8657-de9c7acdc9b0,KXCANADAPM-45-C,2025-04-13T20:49:21.415066Z,40.00,0.2400,0.7600,no
772fa62b-89f7-4430-acbb-ff1fba61647b,KXCANADAPM-45-C,2025-04-13T20:49:21.415066Z,3.00,0.2400,0.7600,no
9be73c5e-076e-42c4-ad07-74cb43b16769,KXCANADAPM-45-C,2025-04-13T20:31:26.59347Z,900.00,0.2500,0.7500,yes
292dcf96-04c4-4f91-9bec-46a45ceb2f28,KXCANADAPM-45-C,2025-04-13T20:31:26.59347Z,98.00,0.2500,0.7500,yes
01cf08dc-724d-4eb6-b2b1-3aecb6b05990,KXCANADAPM-45-C,2025-04-13T20:31:26.59347Z,2.00,0.2500,0.7500,yes
bc182a05-ac06-428a-bec6-9607478d9c08,KXCANADAPM-45-C,2025-04-13T20:30:26.948869Z,37.00,0.2500,0.7500,yes
093126b6-b32b-497f-ac92-26217a9ca170,KXCANADAPM-45-C,2025-04-13T20:29:58.583977Z,5.00,0.2400,0.7600,yes
03e01b9f-f2c2-4ef7-b4dc-c377f43617b2,KXCANADAPM-45-C,2025-04-13T20:29:58.583977Z,124.00,0.2400,0.7600,yes
fc8e1534-c700-4b6b-b1d4-bbeb623e5cf8,KXCANADAPM-45-C,2025-04-13T20:29:53.877412Z,520.00,0.2400,0.7600,yes
e8a24ab0-e706-4eca-98f4-24340d942b30,KXCANADAPM-45-C,2025-04-13T20:29:53.877412Z,495.00,0.2400,0.7600,yes
c85c6c64-9961-4ae9-a83d-c25764caea4b,KXCANADAPM-45-C,2025-04-13T20:29:53.877412Z,1500.00,0.2400,0.7600,yes
54c7efc5-444c-4f14-a05c-0ea460840a96,KXCANADAPM-45-C,2025-04-13T20:29:53.877412Z,130.00,0.2400,0.7600,yes
27a8901f-dca4-481e-b78a-9b30172cfedd,KXCANADAPM-45-C,2025-04-13T20:19:32.431115Z,46.00,0.2400,0.7600,yes
f46c42cc-118d-4018-8e13-4964c3daec79,KXCANADAPM-45-C,2025-04-13T20:19:28.742043Z,1995.00,0.2400,0.7600,yes
f4343e5e-78da-480f-a23c-475930e9d1c5,KXCANADAPM-45-C,2025-04-13T20:15:29.917352Z,197.00,0.2400,0.7600,yes
6d2c9e3c-28a3-4096-a653-1e192c545997,KXCANADAPM-45-C,2025-04-13T20:13:16.711393Z,500.00,0.2400,0.7600,yes
e0221c0e-8e35-49aa-858c-c0ccf3f0aed0,KXCANADAPM-45-C,2025-04-13T20:11:28.376742Z,500.00,0.2400,0.7600,yes
e2db37da-5e01-455c-94dc-d6c2a3f5a11b,KXCANADAPM-45-C,2025-04-13T20:10:27.21684Z,500.00,0.2400,0.7600,yes
babe5361-22e1-4372-9613-4b8a86fb20cb,KXCANADAPM-45-C,2025-04-13T20:06:53.028633Z,334.00,0.2400,0.7600,yes
a899ad50-3c91-43c8-b072-f31a9d2e19ec,KXCANADAPM-45-C,2025-04-13T20:06:53.028633Z,17.00,0.2400,0.7600,yes
55bf4c45-63b0-441c-9c35-cf06d98dd97d,KXCANADAPM-45-C,2025-04-13T20:02:16.855419Z,75.00,0.2400,0.7600,yes
8497a8a4-6f17-49ba-bd23-c2c00f9ed470,KXCANADAPM-45-C,2025-04-13T20:01:21.289714Z,898.00,0.2400,0.7600,yes
51fe6e1c-8ad8-4117-99a9-ae11e32503f4,KXCANADAPM-45-C,2025-04-13T20:01:21.289714Z,91.00,0.2400,0.7600,yes
6cf457bf-50ed-4222-8d43-e095652f6921,KXCANADAPM-45-C,2025-04-13T19:48:18.804846Z,500.00,0.2400,0.7600,yes
77405f68-73f4-4bb1-9d9c-a506e6a480cb,KXCANADAPM-45-C,2025-04-13T19:37:02.285503Z,500.00,0.2400,0.7600,yes
e7788f38-214d-4e77-bfda-7746437b8fd3,KXCANADAPM-45-C,2025-04-13T19:23:26.424601Z,500.00,0.2400,0.7600,yes
098ad8f2-5cba-4312-8287-1bf3d9efe0ef,KXCANADAPM-45-C,2025-04-13T19:08:51.818115Z,500.00,0.2400,0.7600,yes
0361178d-42ca-448e-87c4-89c919ce0672,KXCANADAPM-45-C,2025-04-13T19:08:40.189104Z,1000.00,0.2300,0.7700,no
6e679d18-8df0-45d9-b123-4735e36a334f,KXCANADAPM-45-C,2025-04-13T19:01:29.779646Z,10.00,0.2300,0.7700,no
f7f5abe7-7b95-465f-84c1-facc62a623ac,KXCANADAPM-45-C,2025-04-13T18:30:09.208451Z,1251.00,0.2400,0.7600,yes
9b99ccf8-5833-428d-bc58-fdcc576c3132,KXCANADAPM-45-C,2025-04-13T18:27:21.606888Z,20.00,0.2400,0.7600,yes
a949e6ba-59fa-4ec8-83aa-d0a0ea6c1994,KXCANADAPM-45-C,2025-04-13T18:26:00.175057Z,20.00,0.2400,0.7600,yes
f1c365dd-9cc9-4fc3-bdee-00fd8070f2f5,KXCANADAPM-45-C,2025-04-13T18:04:52.128462Z,26.00,0.2400,0.7600,yes
ac22a4df-b054-4623-b997-7e6f03de1b8f,KXCANADAPM-45-C,2025-04-13T18:04:52.128462Z,811.00,0.2400,0.7600,yes
9c3bcd1f-f947-4d2f-a3a7-cee41ffda8ef,KXCANADAPM-45-C,2025-04-13T18:04:52.128462Z,26.00,0.2400,0.7600,yes
9251bd0b-a25f-4c6b-b3fa-ba5ec6a24ce1,KXCANADAPM-45-C,2025-04-13T18:04:52.128462Z,26.00,0.2400,0.7600,yes
82aa4d18-adf6-4528-a2c8-e7902c5d1bcb,KXCANADAPM-45-C,2025-04-13T18:04:52.128462Z,111.00,0.2400,0.7600,yes
b2854ab7-bf7c-4643-9638-a398e6642fa7,KXCANADAPM-45-C,2025-04-13T17:18:06.315022Z,1.00,0.2300,0.7700,no
fc29f8f8-1c6c-430d-8b3d-447a3deac0d8,KXCANADAPM-45-C,2025-04-13T17:02:20.602721Z,361.00,0.2300,0.7700,no
ff3b1242-6dd1-4afc-a8b7-375d1775f60d,KXCANADAPM-45-C,2025-04-13T16:51:58.235608Z,127.00,0.2300,0.7700,no
9c18352f-857d-4d7a-976c-4232b10a6351,KXCANADAPM-45-C,2025-04-13T15:56:22.334883Z,4.00,0.2300,0.7700,yes
6813ffbc-5d4b-4c7a-addd-c5d3cf5dad34,KXCANADAPM-45-C,2025-04-13T15:56:22.334883Z,6.00,0.2300,0.7700,yes
2c8ec5cc-b60e-4a52-9218-4139c8b78262,KXCANADAPM-45-C,2025-04-13T15:56:22.334883Z,763.00,0.2300,0.7700,yes
95b54a85-1c32-4bd7-90c8-d6e50286957a,KXCANADAPM-45-C,2025-04-13T15:48:12.006948Z,10.00,0.2300,0.7700,yes
e44d2579-bfe2-4b65-a165-3127930c0aeb,KXCANADAPM-45-C,2025-04-13T15:44:58.637709Z,137.00,0.2300,0.7700,yes
2ac772a4-c955-4150-bc25-05fdd622bfda,KXCANADAPM-45-C,2025-04-13T15:42:12.719552Z,125.00,0.2300,0.7700,yes
5eaf5880-5aae-41a6-a165-dce6f4e8a0ce,KXCANADAPM-45-C,2025-04-13T15:39:48.939002Z,946.00,0.2300,0.7700,yes
099b44c8-09c6-40f7-a252-d4a6f54c1862,KXCANADAPM-45-C,2025-04-13T15:39:36.567721Z,100.00,0.2300,0.7700,yes
33d316c6-55bc-47e6-a2c5-ba00c2212911,KXCANADAPM-45-C,2025-04-13T15:39:06.527009Z,94.00,0.2300,0.7700,yes
acef5237-4f88-4281-b43c-2f040dcf2967,KXCANADAPM-45-C,2025-04-13T15:38:48.330231Z,422.00,0.2300,0.7700,yes
5bce388d-86b8-46d2-b303-b15a42a2f7e3,KXCANADAPM-45-C,2025-04-13T15:38:27.028525Z,94.00,0.2300,0.7700,yes
0d4f9860-83b1-4a8e-aba6-038dd79eaafd,KXCANADAPM-45-C,2025-04-13T15:38:22.785246Z,964.00,0.2300,0.7700,yes
c5bcc070-aaaa-47a5-aeab-449eadde1a63,KXCANADAPM-45-C,2025-04-13T15:38:18.554148Z,3000.00,0.2300,0.7700,yes
c77f17b3-25ac-476c-a83c-db5f669ffbac,KXCANADAPM-45-C,2025-04-13T15:38:15.160564Z,3000.00,0.2300,0.7700,yes
6baf54a3-72cf-46f8-956f-713bc863d9e8,KXCANADAPM-45-C,2025-04-13T14:30:24.724199Z,10.00,0.2300,0.7700,yes
e3204e9c-0540-4e4a-ab07-6bc9720b8a5c,KXCANADAPM-45-C,2025-04-13T13:55:16.435374Z,25.00,0.2300,0.7700,yes
2f917f3a-330e-4294-99d7-231ab1541f92,KXCANADAPM-45-C,2025-04-13T13:54:32.941618Z,25.00,0.2300,0.7700,yes
ee27dd88-bb10-4acf-aad0-d3057f9b508a,KXCANADAPM-45-C,2025-04-13T12:40:07.623528Z,14.00,0.2200,0.7800,no
fc7fe605-7f68-49e7-bd01-fa021fe9290e,KXCANADAPM-45-C,2025-04-13T12:40:04.513159Z,2.00,0.2200,0.7800,yes
c1c4a4e1-af12-4ed5-90b6-63a904f95642,KXCANADAPM-45-C,2025-04-13T12:40:04.513159Z,9.00,0.2200,0.7800,yes
61953442-9bc4-4813-b836-03df32add0fe,KXCANADAPM-45-C,2025-04-13T12:40:04.513159Z,2000.00,0.2200,0.7800,yes
4fc1ae74-9d56-44e2-88e0-adcf4a1a5d00,KXCANADAPM-45-C,2025-04-13T12:40:04.513159Z,3.00,0.2200,0.7800,yes
4ebed951-d0bf-4b15-a819-49796278defe,KXCANADAPM-45-C,2025-04-13T12:40:04.513159Z,550.00,0.2200,0.7800,yes
43909429-add3-4195-9f67-e717d4bdaa20,KXCANADAPM-45-C,2025-04-13T12:40:04.513159Z,1.00,0.2200,0.7800,yes
f3e63c46-e393-4324-bc3c-55a3a5ca8898,KXCANADAPM-45-C,2025-04-13T06:04:38.516928Z,28.00,0.2200,0.7800,yes
e5e60c71-9489-43ed-8828-7230876b08bf,KXCANADAPM-45-C,2025-04-13T06:04:38.516928Z,9.00,0.2200,0.7800,yes
b38438bc-e1c1-461c-bba7-761b43c74236,KXCANADAPM-45-C,2025-04-13T06:04:38.516928Z,3.00,0.2200,0.7800,yes
ac482974-0fd9-40ba-b78e-4bea0426ec56,KXCANADAPM-45-C,2025-04-13T06:04:38.516928Z,3.00,0.2200,0.7800,yes
8f59a9a6-f237-4485-91a9-e2efd7bf9bc9,KXCANADAPM-45-C,2025-04-13T06:04:38.516928Z,11.00,0.2200,0.7800,yes
7df0e15e-4e52-4453-a70e-1317400cf9d5,KXCANADAPM-45-C,2025-04-13T06:04:38.516928Z,522.00,0.2200,0.7800,yes
cd640ab4-8e4e-47ed-85c9-bf2201839720,KXCANADAPM-45-C,2025-04-13T05:14:11.335812Z,9.00,0.2200,0.7800,yes
9fab952a-a659-4890-94d8-647fde44cc43,KXCANADAPM-45-C,2025-04-13T05:13:42.870231Z,9.00,0.2200,0.7800,yes
f22fc808-fb39-4415-a114-521f8a3c3372,KXCANADAPM-45-C,2025-04-13T05:13:22.051789Z,3.00,0.2200,0.7800,yes
2cc5eb44-cb26-47dc-81a0-91aad2f83533,KXCANADAPM-45-C,2025-04-13T05:13:19.660354Z,519.00,0.2200,0.7800,no
fe2e7f14-ebd4-4bab-98e0-61cbabf8ab1c,KXCANADAPM-45-C,2025-04-13T05:13:09.962088Z,3.00,0.2200,0.7800,yes
f6344f3e-bdf2-4ba4-be70-43a370ba148e,KXCANADAPM-45-C,2025-04-13T05:13:09.962088Z,15.00,0.2300,0.7700,yes
eb3a64ce-6402-4255-a640-8f7f52929cb9,KXCANADAPM-45-C,2025-04-13T05:13:09.962088Z,28.00,0.2200,0.7800,yes
de24c913-893d-42dc-a989-e8bea14a152b,KXCANADAPM-45-C,2025-04-13T05:13:09.962088Z,111.00,0.2200,0.7800,yes
d7b087bf-1169-4367-a5b2-3fad6d1deb3e,KXCANADAPM-45-C,2025-04-13T05:13:09.962088Z,4.00,0.2200,0.7800,yes
d6746cb6-ad7f-47ae-b693-688bd2441144,KXCANADAPM-45-C,2025-04-13T05:13:09.962088Z,2588.00,0.2300,0.7700,yes
cb28e5d7-c962-4b0b-8472-6c035b86f403,KXCANADAPM-45-C,2025-04-13T05:13:09.962088Z,15.00,0.2300,0.7700,yes
c46b576f-8183-4b05-8aef-14c4cf7d10b1,KXCANADAPM-45-C,2025-04-13T05:13:09.962088Z,4.00,0.2300,0.7700,yes
b520861f-ce71-41e3-89ca-72fcb96775f4,KXCANADAPM-45-C,2025-04-13T05:13:09.962088Z,8.00,0.2300,0.7700,yes
aa5ee67e-3cc7-4c8d-9053-f67d3c164458,KXCANADAPM-45-C,2025-04-13T05:13:09.962088Z,100.00,0.2200,0.7800,yes
a93043a8-3ebe-4eb7-9e1e-94a35535aab1,KXCANADAPM-45-C,2025-04-13T05:13:09.962088Z,15.00,0.2300,0.7700,yes
a80911a0-6bb5-4d01-9a4f-b90ba8a71f35,KXCANADAPM-45-C,2025-04-13T05:13:09.962088Z,939.00,0.2200,0.7800,yes
9cdb6b96-8572-4b6e-8752-efefc5b284bf,KXCANADAPM-45-C,2025-04-13T05:13:09.962088Z,1000.00,0.2300,0.7700,yes
94856541-b1dc-43ef-aed3-0d41fd3a0ea1,KXCANADAPM-45-C,2025-04-13T05:13:09.962088Z,111.00,0.2300,0.7700,yes
71c49330-5636-4e38-b5fe-89f744708a55,KXCANADAPM-45-C,2025-04-13T05:13:09.962088Z,15.00,0.2300,0.7700,yes
711d9423-8127-41b0-a453-4fdedd01fe9e,KXCANADAPM-45-C,2025-04-13T05:13:09.962088Z,20.00,0.2200,0.7800,yes
48e638b4-6dfd-45a8-a20b-a616e2f403c1,KXCANADAPM-45-C,2025-04-13T05:13:09.962088Z,8.00,0.2300,0.7700,yes
2c146837-daa0-4109-9741-667c9ad8f2a8,KXCANADAPM-45-C,2025-04-13T05:13:09.962088Z,8.00,0.2300,0.7700,yes
13b686be-745d-4e0c-a88a-9d04be4f00c7,KXCANADAPM-45-C,2025-04-13T05:13:09.962088Z,8.00,0.2300,0.7700,yes
2a1429aa-e357-41e8-828b-cdb9362cf366,KXCANADAPM-45-C,2025-04-13T05:11:17.922186Z,2154.00,0.2200,0.7800,yes
ca4a8cf9-4409-4dc2-a940-5b058da10a82,KXCANADAPM-45-C,2025-04-13T05:09:58.985628Z,382.00,0.2200,0.7800,yes
a4c50144-d4e7-4b61-8144-a2d60c01fc4c,KXCANADAPM-45-C,2025-04-13T05:09:58.985628Z,1701.00,0.2200,0.7800,yes
61d0874b-cf4a-4bf6-ba68-abad9b6b9229,KXCANADAPM-45-C,2025-04-13T04:02:29.740515Z,64.00,0.2200,0.7800,yes
7fbf4245-2c52-4d2d-8d4e-456bd6bf06e2,KXCANADAPM-45-C,2025-04-13T02:40:05.096549Z,10.00,0.2200,0.7800,yes
8fef6e6c-13c4-4ece-9e65-a465dda6d759,KXCANADAPM-45-C,2025-04-13T02:06:28.032254Z,9.00,0.2100,0.7900,no
ecbe6e0d-c675-4cc8-89ea-740214aa6f48,KXCANADAPM-45-C,2025-04-13T02:06:12.413737Z,306.00,0.2100,0.7900,no
d62dadf4-49f8-4634-ae38-5a05a2d3f03c,KXCANADAPM-45-C,2025-04-13T02:06:12.413737Z,519.00,0.2100,0.7900,no
05b3449a-729a-4d7d-bcee-3afe0459241d,KXCANADAPM-45-C,2025-04-13T02:06:12.413737Z,9.00,0.2100,0.7900,no
ef0f7896-7f9e-4346-9d31-2b79403ec6af,KXCANADAPM-45-C,2025-04-13T01:53:24.239563Z,3.00,0.2100,0.7900,no
cbf2371d-86c1-467f-a7fd-6def66317234,KXCANADAPM-45-C,2025-04-13T01:53:24.239563Z,6.00,0.2100,0.7900,no
b3339025-2aa2-4662-b330-b2a6753276ba,KXCANADAPM-45-C,2025-04-13T00:49:05.816908Z,10.00,0.2200,0.7800,yes
2cc399eb-2270-4749-bcf4-7b02bd8eb6e2,KXCANADAPM-45-C,2025-04-13T00:40:56.358226Z,211.00,0.2200,0.7800,yes
fd353ffb-280c-4dd6-a427-b044c64de7db,KXCANADAPM-45-C,2025-04-13T00:24:13.806727Z,226.00,0.2100,0.7900,yes
dd3f246c-066c-48e4-8624-ee925b7cc6a9,KXCANADAPM-45-C,2025-04-13T00:24:13.806727Z,1.00,0.2100,0.7900,yes
71de798d-567a-4ba1-a8b1-983683733764,KXCANADAPM-45-C,2025-04-13T00:24:13.806727Z,2687.00,0.2100,0.7900,yes
6a4aa0c0-4918-44de-814a-d980b3ae5a20,KXCANADAPM-45-C,2025-04-13T00:24:13.806727Z,805.00,0.2100,0.7900,yes
28ae91e2-b041-4538-8233-595629f2678f,KXCANADAPM-45-C,2025-04-13T00:24:13.806727Z,3.00,0.2100,0.7900,yes
17d59e60-00f3-425b-9bb4-554162b3fba8,KXCANADAPM-45-C,2025-04-13T00:24:13.806727Z,1000.00,0.2100,0.7900,yes
e22f5265-1466-4e36-bc89-73b5726cda3c,KXCANADAPM-45-C,2025-04-12T22:52:30.395226Z,400.00,0.2100,0.7900,yes
21513bd9-6194-4de6-87c9-11379d214923,KXCANADAPM-45-C,2025-04-12T22:19:43.983583Z,10.00,0.2100,0.7900,yes
19001efa-c412-4801-b010-87922d7c3e8d,KXCANADAPM-45-C,2025-04-12T22:12:22.497194Z,34.00,0.2000,0.8000,no
2a867901-b993-4f00-8e99-732e321c0e86,KXCANADAPM-45-C,2025-04-12T22:02:02.318205Z,9.00,0.2100,0.7900,yes
b82e2550-1af5-4a24-b610-d659e163f159,KXCANADAPM-45-C,2025-04-12T20:51:28.495401Z,22.00,0.2100,0.7900,yes
bf51554c-7e06-46a5-8565-63c64767178c,KXCANADAPM-45-C,2025-04-12T18:41:08.276312Z,1000.00,0.2100,0.7900,yes
fc50df6e-f4e8-43d5-a96d-1e8bd64812a9,KXCANADAPM-45-C,2025-04-12T17:14:56.042784Z,111.00,0.2100,0.7900,yes
0ab11903-e33c-48a0-94a0-b39831cb336a,KXCANADAPM-45-C,2025-04-12T16:49:59.414675Z,45.00,0.2100,0.7900,yes
9cd2b328-59d7-4500-b536-d1bae80555df,KXCANADAPM-45-C,2025-04-12T16:00:44.214089Z,650.00,0.2100,0.7900,yes
ad170bb9-b012-4cc9-a127-1b5efffc0757,KXCANADAPM-45-C,2025-04-12T15:21:03.261483Z,10.00,0.2100,0.7900,yes
926abe5b-2ab8-426d-a375-66aa347bd4a6,KXCANADAPM-45-C,2025-04-12T15:11:19.085299Z,200.00,0.2000,0.8000,no
bb71481d-dc75-4952-8b7d-e0b2f368cd07,KXCANADAPM-45-C,2025-04-12T15:02:36.747437Z,135.00,0.2100,0.7900,yes
7cb3823b-b4e8-484d-9bd4-d5e5f60cec20,KXCANADAPM-45-C,2025-04-12T14:38:28.66119Z,3546.00,0.2100,0.7900,yes
46309576-af1d-4cf7-b106-d30f9b3d1d97,KXCANADAPM-45-C,2025-04-12T13:53:03.577928Z,5000.00,0.2100,0.7900,yes
f9aa6b74-e941-4ee8-b949-3559075679d8,KXCANADAPM-45-C,2025-04-12T12:36:04.844271Z,90.00,0.2100,0.7900,yes
c55f7cc4-02f8-416e-bb1a-f584b43fe54e,KXCANADAPM-45-C,2025-04-12T06:05:10.153145Z,1000.00,0.2100,0.7900,yes
12929473-fe93-4cc2-928c-c4be55d4ed6d,KXCANADAPM-45-C,2025-04-12T05:32:31.142071Z,50.00,0.2100,0.7900,yes
e1a99fe1-ad10-4a21-950f-0c5e14e04ea8,KXCANADAPM-45-C,2025-04-12T05:24:10.820656Z,235.00,0.2100,0.7900,yes
bed80487-4b69-42ab-9904-fc921ce4df25,KXCANADAPM-45-C,2025-04-12T05:24:10.820656Z,200.00,0.2100,0.7900,yes
8b7e3878-705d-4cfd-82d5-0bb2343e6b28,KXCANADAPM-45-C,2025-04-12T05:24:10.820656Z,9.00,0.2100,0.7900,yes
46bf43cf-a8c1-4ca8-8a7e-e60534d1eb51,KXCANADAPM-45-C,2025-04-12T05:24:10.820656Z,1056.00,0.2100,0.7900,yes
7ff28f85-f7de-4c9b-986c-19d7ac75cf42,KXCANADAPM-45-C,2025-04-12T05:16:03.173009Z,1500.00,0.2100,0.7900,yes
41902fec-5868-4eb8-807e-3deebf6af0e7,KXCANADAPM-45-C,2025-04-12T04:52:44.325298Z,1111.00,0.2100,0.7900,yes
b3c8c0f9-728e-4f0a-ab33-cd906515ec27,KXCANADAPM-45-C,2025-04-12T04:31:14.331364Z,45.00,0.2100,0.7900,yes
31d2dc54-c03b-40db-96a8-838dd4864a48,KXCANADAPM-45-C,2025-04-12T04:07:40.846212Z,451.00,0.2100,0.7900,yes
bd997d26-5906-4a6d-8284-f7f9f05652d7,KXCANADAPM-45-C,2025-04-12T03:25:39.491925Z,3337.00,0.2100,0.7900,yes
b963851a-be43-4614-9257-99f7e9c78cbc,KXCANADAPM-45-C,2025-04-12T03:25:39.491925Z,1000.00,0.2100,0.7900,yes
84685da3-a248-4fa7-a9be-70aa2c949dea,KXCANADAPM-45-C,2025-04-12T03:25:39.491925Z,37.00,0.2100,0.7900,yes
37852ea8-2381-4bb3-8825-b3948fe2e4b2,KXCANADAPM-45-C,2025-04-12T03:25:39.491925Z,49.00,0.2100,0.7900,yes
3f6e18f1-0c42-4779-aed2-0cd67482804e,KXCANADAPM-45-C,2025-04-12T03:22:42.416424Z,666.00,0.2100,0.7900,yes
eb69d9a7-b414-4d60-a9cc-6f69093635a8,KXCANADAPM-45-C,2025-04-12T02:39:28.589114Z,90.00,0.2100,0.7900,yes
3b85ead0-3f01-4ffa-adf2-0694265f70e7,KXCANADAPM-45-C,2025-04-12T02:31:38.968403Z,195.00,0.2100,0.7900,yes
0e8b6fae-40bd-4e43-84f1-f00fae1e1bc0,KXCANADAPM-45-C,2025-04-12T02:31:38.968403Z,143.00,0.2100,0.7900,yes
4ac1a79a-8c21-4ac5-b1a1-efbd44078f29,KXCANADAPM-45-C,2025-04-12T00:13:41.114763Z,658.00,0.2100,0.7900,yes
4fb85b48-9b02-4c97-b78c-76b49cdc884e,KXCANADAPM-45-C,2025-04-12T00:06:27.869554Z,22.00,0.2100,0.7900,yes
7887b221-f81e-4a8e-a6f8-6e95c3bfdda9,KXCANADAPM-45-C,2025-04-11T23:32:18.768672Z,45.00,0.2100,0.7900,yes
1e92b50e-bb62-4253-8409-a1a07b1dc635,KXCANADAPM-45-C,2025-04-11T23:24:32.822046Z,5000.00,0.2100,0.7900,yes
1ad11a77-0780-4df1-83a9-ceb8d0dc51a2,KXCANADAPM-45-C,2025-04-11T23:22:08.626095Z,22.00,0.2100,0.7900,yes
903c4536-1e4d-473c-99c6-c03a722faa7d,KXCANADAPM-45-C,2025-04-11T23:04:17.130305Z,800.00,0.2100,0.7900,yes
df29d044-4e0b-43b3-aa7b-0cadad7c0502,KXCANADAPM-45-C,2025-04-11T23:01:03.453108Z,2933.00,0.2100,0.7900,yes
197c5f5a-c639-48ac-87b8-8d187eda9268,KXCANADAPM-45-C,2025-04-11T22:53:50.956052Z,114.00,0.2100,0.7900,yes
1948306b-2114-43b3-97f6-37d4380beece,KXCANADAPM-45-C,2025-04-11T22:25:39.694995Z,4.00,0.2100,0.7900,yes
f027ee8a-24e2-4775-a23e-de6a8be83e0d,KXCANADAPM-45-C,2025-04-11T21:27:28.473679Z,900.00,0.2100,0.7900,yes
ec1c2704-0d6a-47d4-84da-5235713185ea,KXCANADAPM-45-C,2025-04-11T21:07:50.849045Z,676.00,0.2100,0.7900,yes
3193f1b4-4c1c-4da3-9e30-89861caad7e8,KXCANADAPM-45-C,2025-04-11T20:31:31.073729Z,95.00,0.2100,0.7900,yes
eae2a4d0-b5ac-4c3f-8f52-15b1e29a5f1a,KXCANADAPM-45-C,2025-04-11T20:31:20.586435Z,95.00,0.2100,0.7900,yes
49aeee0d-14df-4f82-ae14-9a2538d056d9,KXCANADAPM-45-C,2025-04-11T20:06:42.981034Z,451.00,0.2100,0.7900,yes
1e9f567e-4dea-46f2-9dcf-04ee79054557,KXCANADAPM-45-C,2025-04-11T19:55:25.885051Z,451.00,0.2100,0.7900,yes
f159982e-6fb5-437e-a20d-76536bdaf0d6,KXCANADAPM-45-C,2025-04-11T18:48:59.455206Z,95.00,0.2100,0.7900,yes
da0c65b3-646a-47a7-8de3-ca2830e289f5,KXCANADAPM-45-C,2025-04-11T18:48:44.265232Z,95.00,0.2100,0.7900,yes
7f6d6790-98a7-46d2-bec5-38588c62a18e,KXCANADAPM-45-C,2025-04-11T18:10:54.033679Z,4000.00,0.2000,0.8000,no
8e353e2b-9fd9-4cb6-9508-b74d2b428e50,KXCANADAPM-45-C,2025-04-11T18:00:39.253707Z,90.00,0.2100,0.7900,yes
cb56daaa-6362-4a48-88c9-94ce2ea68fea,KXCANADAPM-45-C,2025-04-11T17:19:19.647097Z,45.00,0.2100,0.7900,yes
90b0f14d-6a5e-4e0d-b513-30ec26354f8e,KXCANADAPM-45-C,2025-04-11T16:56:43.155405Z,203.00,0.2100,0.7900,yes
0cb55dbe-1954-405d-920d-3cefc41586ea,KXCANADAPM-45-C,2025-04-11T16:55:17.198925Z,451.00,0.2100,0.7900,yes
731e13b4-9bde-4ed2-9b67-e8b419d6ea26,KXCANADAPM-45-C,2025-04-11T16:47:22.005028Z,1159.00,0.2100,0.7900,yes
3995eeea-32a0-455e-8b0f-c0c2a306d181,KXCANADAPM-45-C,2025-04-11T16:43:55.628738Z,100.00,0.2000,0.8000,no
099ceb0c-112a-4fe4-8461-039e8eb67457,KXCANADAPM-45-C,2025-04-11T16:33:32.413919Z,50.00,0.2100,0.7900,yes
70687c16-3188-41cb-bbb4-f196cf9dbb3e,KXCANADAPM-45-C,2025-04-11T16:30:08.253645Z,186.00,0.2000,0.8000,no
0f32fce5-2123-4909-b6cd-cc7b988d1474,KXCANADAPM-45-C,2025-04-11T16:30:08.253645Z,36.00,0.2000,0.8000,no
ea676b70-ddea-4bdd-9b95-9c74b62a9102,KXCANADAPM-45-C,2025-04-11T16:26:43.847044Z,646.00,0.2000,0.8000,no
ce2b87ff-5222-4f7a-895f-9f1f0e7987e8,KXCANADAPM-45-C,2025-04-11T16:26:43.847044Z,9.00,0.2000,0.8000,no
5116b8d5-b956-495e-854f-626db0f88e80,KXCANADAPM-45-C,2025-04-11T16:26:43.847044Z,2.00,0.2000,0.8000,no
39a8f487-7fd8-4770-9b67-2b15a68e078a,KXCANADAPM-45-C,2025-04-11T16:26:43.847044Z,1000.00,0.2000,0.8000,no
94c9a10d-08ab-41b0-b86d-2464492ef3cc,KXCANADAPM-45-C,2025-04-11T16:24:05.613894Z,200.00,0.2100,0.7900,yes
9eaf62e1-4479-488b-8cf4-2d4eb70d3a5c,KXCANADAPM-45-C,2025-04-11T16:15:07.696563Z,1500.00,0.2000,0.8000,no
19addd63-f65c-408a-91c3-fb5179e5b540,KXCANADAPM-45-C,2025-04-11T16:05:29.674791Z,731.00,0.2000,0.8000,no
c2fc2201-6203-455c-856f-83ce88be60cd,KXCANADAPM-45-C,2025-04-11T16:03:25.544244Z,434.00,0.2100,0.7900,yes
04378980-5c07-41df-843e-3a3e851dde25,KXCANADAPM-45-C,2025-04-11T15:52:04.23557Z,9.00,0.2100,0.7900,yes
53b4b86c-54ff-46bb-8923-edfa55eecc1b,KXCANADAPM-45-C,2025-04-11T15:49:23.571537Z,434.00,0.2100,0.7900,yes
e319c566-e273-4e6e-bc97-3b3e4cd584d7,KXCANADAPM-45-C,2025-04-11T15:29:44.766486Z,1548.00,0.2100,0.7900,yes
1e8b639c-3230-46f6-aad4-cc82b57c9353,KXCANADAPM-45-C,2025-04-11T15:29:30.961066Z,123.00,0.2000,0.8000,no
ed0a8dcd-1abd-4627-896c-cc6889a0a09f,KXCANADAPM-45-C,2025-04-11T15:13:11.94894Z,6.00,0.2000,0.8000,yes
ea82e951-96a1-49d4-9b55-14a0df3e0cbb,KXCANADAPM-45-C,2025-04-11T15:13:11.94894Z,3241.00,0.2000,0.8000,yes
c9446059-2903-491c-b5c3-1f299e04afc2,KXCANADAPM-45-C,2025-04-11T15:13:11.94894Z,26.00,0.2100,0.7900,yes
ba10608b-f99a-45ad-a06b-8c51868c548d,KXCANADAPM-45-C,2025-04-11T15:13:11.94894Z,6.00,0.2000,0.8000,yes
a177e838-853c-4e8d-949f-33c1baa5645f,KXCANADAPM-45-C,2025-04-11T15:13:11.94894Z,1.00,0.2000,0.8000,yes
50f9f265-ee7b-44b9-b1f9-c9612cd362fe,KXCANADAPM-45-C,2025-04-11T15:13:11.94894Z,192.00,0.2000,0.8000,yes
0e62e81f-78d6-4c27-a309-aea91de81c02,KXCANADAPM-45-C,2025-04-11T15:13:11.94894Z,6.00,0.2000,0.8000,yes
53770903-9f31-4275-8d66-3ba5caf89e5e,KXCANADAPM-45-C,2025-04-11T15:10:54.44846Z,500.00,0.2000,0.8000,yes
dd5aab98-5d9e-41c0-839e-4258400276b2,KXCANADAPM-45-C,2025-04-11T15:10:27.318782Z,159.00,0.2000,0.8000,yes
be6e130d-e492-4f63-828f-cf1bc16a0d08,KXCANADAPM-45-C,2025-04-11T15:10:27.318782Z,4832.00,0.2000,0.8000,yes
aeeb41cd-21ef-4635-b8a0-14780fe6e499,KXCANADAPM-45-C,2025-04-11T15:10:27.318782Z,9.00,0.2000,0.8000,yes
64c2c480-d8a8-4300-aa08-152b5a1108fb,KXCANADAPM-45-C,2025-04-11T14:47:22.03529Z,1015.00,0.2000,0.8000,yes
210ec508-bd58-464e-8c5c-3991d9eba244,KXCANADAPM-45-C,2025-04-11T14:47:22.03529Z,168.00,0.2000,0.8000,yes
6b3d4bdb-e844-48a1-a2a9-99d59883b0dc,KXCANADAPM-45-C,2025-04-11T14:30:04.695346Z,72.00,0.1900,0.8100,no
66522228-3cc0-47df-882f-eae81b4c738e,KXCANADAPM-45-C,2025-04-11T14:11:11.646295Z,12.00,0.2000,0.8000,yes
e137ca13-c099-445d-b96e-8e520991db49,KXCANADAPM-45-C,2025-04-11T13:57:57.7103Z,473.00,0.2000,0.8000,yes
cbff0aa4-25ee-4fa3-bca3-16b2536aedde,KXCANADAPM-45-C,2025-04-11T06:05:44.435394Z,1500.00,0.2000,0.8000,yes
fc3f2277-b7e7-44d5-9fcd-1ed62a82818c,KXCANADAPM-45-C,2025-04-11T05:20:11.453918Z,2000.00,0.2000,0.8000,yes
7906f4fa-9f52-479a-bb12-da4c737859e8,KXCANADAPM-45-C,2025-04-11T05:09:53.353973Z,36.00,0.2000,0.8000,yes
37c0e914-c372-4489-9727-3ea4fb78f061,KXCANADAPM-45-C,2025-04-11T05:09:53.353973Z,286.00,0.2000,0.8000,yes
083dc1cb-ea0e-42bb-a386-ada64bc14bbf,KXCANADAPM-45-C,2025-04-11T05:09:53.353973Z,2.00,0.2000,0.8000,yes
c65d3e52-99c6-4e3d-9c91-e163758ade29,KXCANADAPM-45-C,2025-04-11T05:09:10.262886Z,500.00,0.2000,0.8000,yes
0ad3518c-4b24-49a3-88a3-f77d7490e2d1,KXCANADAPM-45-C,2025-04-11T04:59:36.57434Z,6.00,0.2000,0.8000,yes
2f5d716b-8b66-4e91-b695-21d6d52e8c51,KXCANADAPM-45-C,2025-04-11T04:59:35.050122Z,6.00,0.2000,0.8000,yes
3569ddb2-016e-4842-af5c-9215cee74c7e,KXCANADAPM-45-C,2025-04-11T04:59:33.280936Z,6.00,0.2000,0.8000,yes
961b9689-5c17-479d-8064-cd79ec7f9dd1,KXCANADAPM-45-C,2025-04-11T04:46:53.280693Z,36.00,0.2000,0.8000,yes
8adb9b93-607e-4d17-80a3-c1390f66c7d4,KXCANADAPM-45-C,2025-04-11T04:28:19.481197Z,10.00,0.2000,0.8000,yes
1c4fdbb1-81fe-47a7-b44f-dd508d745ace,KXCANADAPM-45-C,2025-04-11T04:23:52.472065Z,693.00,0.2000,0.8000,yes
2a07724c-98f9-4114-8da9-3ed73c432dd2,KXCANADAPM-45-C,2025-04-11T04:20:56.983625Z,544.00,0.2000,0.8000,yes
fb1a5ec9-7229-48c4-b2b3-bdaade5c069d,KXCANADAPM-45-C,2025-04-11T04:19:41.016819Z,16.00,0.2000,0.8000,yes
d98f2de8-43b5-491c-ac94-03802b5c0068,KXCANADAPM-45-C,2025-04-11T04:19:41.016819Z,16.00,0.2000,0.8000,yes
80d6b0cb-5922-4e49-a854-4d3730b91a5f,KXCANADAPM-45-C,2025-04-11T04:19:41.016819Z,39.00,0.2000,0.8000,yes
617da7c0-5992-4a0e-a1c5-b5d6e61a6856,KXCANADAPM-45-C,2025-04-11T04:19:41.016819Z,16.00,0.2000,0.8000,yes
3ef5088f-5c05-4148-9af6-168f3245577e,KXCANADAPM-45-C,2025-04-11T04:19:41.016819Z,7.00,0.2000,0.8000,yes
3c988dd8-a16b-4a22-b181-c3c218205281,KXCANADAPM-45-C,2025-04-11T04:19:41.016819Z,706.00,0.2000,0.8000,yes
28f98d57-cb3e-405b-9b92-39446940fd95,KXCANADAPM-45-C,2025-04-11T04:19:41.016819Z,16.00,0.2000,0.8000,yes
a942d5b2-8d17-4fd9-ba45-6ada5f8ba008,KXCANADAPM-45-C,2025-04-11T04:18:28.071808Z,952.00,0.2000,0.8000,yes
ceaa8a5e-97f7-4f73-a495-e97cc6edc239,KXCANADAPM-45-C,2025-04-11T04:17:28.69506Z,680.00,0.2000,0.8000,yes
24a38b4d-d2ee-4b7b-9900-b2f50eac0276,KXCANADAPM-45-C,2025-04-11T04:16:17.617922Z,680.00,0.2000,0.8000,yes
507d7e2f-d4df-4703-8fd0-a6b8fe0d2b38,KXCANADAPM-45-C,2025-04-11T04:14:50.555677Z,680.00,0.2000,0.8000,yes
138e4b96-59a8-4c70-9d1b-5d1af7c0c1b3,KXCANADAPM-45-C,2025-04-11T04:13:35.690054Z,680.00,0.2000,0.8000,yes
e6474a25-4476-404e-ad41-b6a1ea796c39,KXCANADAPM-45-C,2025-04-11T04:11:20.402012Z,54.00,0.2000,0.8000,yes
d0e40dc9-b7de-4b65-ac24-c9bbba96ce04,KXCANADAPM-45-C,2025-04-11T04:07:27.616257Z,9.00,0.2000,0.8000,yes
60b0ec45-87f9-42b5-b544-57e8fd9fc127,KXCANADAPM-45-C,2025-04-11T04:07:27.616257Z,199.00,0.2000,0.8000,yes
36c06afd-e2b3-4ab1-a655-1d30fe23336e,KXCANADAPM-45-C,2025-04-11T04:07:27.616257Z,28.00,0.2000,0.8000,yes
8b8ec802-c19e-4205-9e61-d110aad85854,KXCANADAPM-45-C,2025-04-11T03:57:37.968206Z,710.00,0.2000,0.8000,yes
8bd474a2-25ca-49a3-80a1-6997875d0a10,KXCANADAPM-45-C,2025-04-11T03:57:29.471072Z,5000.00,0.1900,0.8100,no
d7abdb78-6d24-4302-a59a-bb5f867222a6,KXCANADAPM-45-C,2025-04-11T03:51:01.313695Z,3000.00,0.1900,0.8100,no
04152c20-0219-43de-b9a7-59ce19bf925f,KXCANADAPM-45-C,2025-04-11T03:51:01.313695Z,2000.00,0.1900,0.8100,no
7ea71dee-6881-4e0a-aad3-14a88b1b8ba2,KXCANADAPM-45-C,2025-04-11T03:34:22.584885Z,11.00,0.2000,0.8000,yes
34e5277a-63bd-4be2-9a66-b1652fe738b4,KXCANADAPM-45-C,2025-04-11T03:15:26.271524Z,19.00,0.2000,0.8000,yes
559a4e2e-1f58-4cdf-9b6a-11a69561d100,KXCANADAPM-45-C,2025-04-11T03:15:21.502111Z,1000.00,0.2000,0.8000,yes
9b90fb17-3902-4b47-acbe-acd4d5a202cf,KXCANADAPM-45-C,2025-04-11T03:06:08.675376Z,38.00,0.2000,0.8000,yes
70caf58b-4ca4-4e37-81a2-1cf931b9a35e,KXCANADAPM-45-C,2025-04-11T03:06:04.694875Z,2000.00,0.2000,0.8000,yes
bd795315-107b-4f4c-8a05-934341f5f787,KXCANADAPM-45-C,2025-04-11T03:02:35.202756Z,29.00,0.2000,0.8000,yes
e23c4a0a-dadb-4cbd-8304-2fe8062201b6,KXCANADAPM-45-C,2025-04-11T03:02:31.823139Z,5000.00,0.2000,0.8000,yes
adde8bdd-271d-437a-9df6-38403911eb54,KXCANADAPM-45-C,2025-04-11T02:52:13.924162Z,39.00,0.2000,0.8000,yes
c624edc0-1b83-4ae3-b2a6-43e8ed6a5f25,KXCANADAPM-45-C,2025-04-11T02:51:50.784233Z,131.00,0.2000,0.8000,yes
4159e083-18ee-47d4-96a6-4bd0a9422da4,KXCANADAPM-45-C,2025-04-11T02:51:49.067935Z,9.00,0.2000,0.8000,yes
c64d8fbc-5d6f-49d6-ba90-573976c922d9,KXCANADAPM-45-C,2025-04-11T02:51:47.384454Z,1000.00,0.2000,0.8000,no
c251ccf6-4c89-47e7-bbb7-c14e3242a7d0,KXCANADAPM-45-C,2025-04-11T02:51:47.384454Z,38.00,0.2000,0.8000,no
9c0a75bf-a49c-46f4-9704-941e4640e406,KXCANADAPM-45-C,2025-04-11T02:51:47.384454Z,23.00,0.2000,0.8000,no
86d60646-2471-41da-aebd-2367e721f5dd,KXCANADAPM-45-C,2025-04-11T02:51:47.384454Z,257.00,0.2000,0.8000,no
85f653ee-d8c6-4596-95c1-71734308adf2,KXCANADAPM-45-C,2025-04-11T02:51:47.384454Z,9.00,0.2000,0.8000,no
7ed7f7c0-7f9a-4708-9ad1-07b11787cad0,KXCANADAPM-45-C,2025-04-11T02:51:47.384454Z,50.00,0.2000,0.8000,no
7d30668e-af90-44a6-a206-6d8ad8b4edc7,KXCANADAPM-45-C,2025-04-11T02:51:47.384454Z,6.00,0.2000,0.8000,no
7adb864c-a6f0-4d33-8579-e8750c8b26c9,KXCANADAPM-45-C,2025-04-11T02:51:47.384454Z,23.00,0.2000,0.8000,no
6a566337-2389-4bbb-b5f0-13c4940bdd0d,KXCANADAPM-45-C,2025-04-11T02:51:47.384454Z,5000.00,0.2000,0.8000,no
69cfd15c-5271-4a42-be13-518640e16a1e,KXCANADAPM-45-C,2025-04-11T02:51:47.384454Z,9.00,0.2000,0.8000,no
26f70128-e7df-48f2-98f7-2adf57a00b6d,KXCANADAPM-45-C,2025-04-11T02:51:47.384454Z,1000.00,0.2000,0.8000,no
101930bb-74d8-4cfe-94b7-5730c4634b6e,KXCANADAPM-45-C,2025-04-11T02:51:47.384454Z,13.00,0.2000,0.8000,no
0d10bed7-9182-483a-80e9-a336ffeb55e2,KXCANADAPM-45-C,2025-04-11T02:51:47.384454Z,293.00,0.2000,0.8000,no
0559bbbc-6452-4662-8028-b6e2fb15ffe5,KXCANADAPM-45-C,2025-04-11T02:51:47.384454Z,500.00,0.2000,0.8000,no
c09b87b8-77bf-44e6-b7b7-4eb1c3dd308d,KXCANADAPM-45-C,2025-04-11T01:49:51.453478Z,270.00,0.2100,0.7900,yes
f5e9f40c-db39-4711-82bc-0832bcc072a1,KXCANADAPM-45-C,2025-04-11T01:44:28.282516Z,410.00,0.2100,0.7900,yes
c253cb0f-311b-461e-90b0-eaba445bb7ba,KXCANADAPM-45-C,2025-04-11T01:43:21.565545Z,3061.00,0.2100,0.7900,yes
55acdbe9-1736-473b-85f9-55319c7e7aca,KXCANADAPM-45-C,2025-04-11T01:31:32.875622Z,95.00,0.2100,0.7900,yes
57d02260-5358-4c9f-8013-4287ccb977cb,KXCANADAPM-45-C,2025-04-11T01:31:23.951138Z,95.00,0.2100,0.7900,yes
abdb0c8f-e224-4270-ab4a-17c6e6401028,KXCANADAPM-45-C,2025-04-11T01:30:53.795634Z,95.00,0.2100,0.7900,yes
bfedb636-ba75-4ed8-933d-4b23eafcf6e1,KXCANADAPM-45-C,2025-04-11T01:30:32.282001Z,95.00,0.2100,0.7900,yes
bffdd8c0-22c4-4e4b-b37d-3f56feb48030,KXCANADAPM-45-C,2025-04-11T01:29:52.196026Z,86.00,0.2100,0.7900,yes
ee572e68-fc6c-40c7-8f84-4bbc0a3c97b6,KXCANADAPM-45-C,2025-04-11T00:37:05.898267Z,1128.00,0.2100,0.7900,yes
05c095f0-749a-446b-a497-9ef5f7452426,KXCANADAPM-45-C,2025-04-10T23:44:39.832619Z,750.00,0.2100,0.7900,yes
fffa5ef1-7ba1-403b-a7ca-a58b6bd6e1fe,KXCANADAPM-45-C,2025-04-10T23:36:42.183218Z,10.00,0.2000,0.8000,no
d704fcfb-1543-4423-b914-775e9e69484b,KXCANADAPM-45-C,2025-04-10T23:18:16.962697Z,11.00,0.2000,0.8000,no
0fc1202a-02d8-4adc-b59c-1774b4e065b6,KXCANADAPM-45-C,2025-04-10T22:39:05.802222Z,22.00,0.2100,0.7900,yes
734b0a07-b140-4369-9974-671e74362f2b,KXCANADAPM-45-C,2025-04-10T22:10:14.958479Z,50.00,0.2000,0.8000,no
13ec2cec-dd3c-4370-99de-a8a43e8e30bc,KXCANADAPM-45-C,2025-04-10T21:46:02.915709Z,115.00,0.2100,0.7900,yes
f7780d33-a491-4a5a-8d30-d1dee5acfee1,KXCANADAPM-45-C,2025-04-10T21:09:19.167371Z,383.00,0.2100,0.7900,yes
ae455915-adf0-4f8f-9207-b0aaa89941d9,KXCANADAPM-45-C,2025-04-10T20:57:32.211971Z,47.00,0.2100,0.7900,yes
3a6fa2a5-e622-448d-b993-b02fb0743f33,KXCANADAPM-45-C,2025-04-10T20:57:14.678697Z,14.00,0.2100,0.7900,yes
5e5ca672-42ea-41b7-b34b-59710b6a815a,KXCANADAPM-45-C,2025-04-10T20:23:04.483272Z,86.00,0.2100,0.7900,no
551e4ffe-b58e-4af6-b8ab-080ee1377d84,KXCANADAPM-45-C,2025-04-10T20:23:04.483272Z,1000.00,0.2100,0.7900,no
18a9e0c2-6961-4894-b23b-1cf978f514dc,KXCANADAPM-45-C,2025-04-10T19:54:11.289926Z,4.00,0.2200,0.7800,yes
b56699d7-b181-42d8-a19d-68f12d4a03f3,KXCANADAPM-45-C,2025-04-10T19:42:59.452805Z,9.00,0.2100,0.7900,no
fce49b63-051c-48ce-84d8-0af185acb649,KXCANADAPM-45-C,2025-04-10T19:42:26.945046Z,9.00,0.2100,0.7900,no
f1254deb-aa71-422a-8a86-e431a949f3fb,KXCANADAPM-45-C,2025-04-10T19:41:54.338907Z,25.00,0.2100,0.7900,no
4db6f38e-2f26-442d-bd9a-60a5055b853d,KXCANADAPM-45-C,2025-04-10T19:41:54.338907Z,9.00,0.2100,0.7900,no
3793a057-d7b1-4645-9035-2f937914d72a,KXCANADAPM-45-C,2025-04-10T19:29:18.076546Z,34.00,0.2100,0.7900,no
eb4063d2-de08-4961-93dc-e4b3a2e54ffd,KXCANADAPM-45-C,2025-04-10T19:28:44.188904Z,633.00,0.2100,0.7900,yes
af806fa8-6504-479a-a9d4-cb116f73880c,KXCANADAPM-45-C,2025-04-10T19:28:44.188904Z,301.00,0.2100,0.7900,yes
855202a3-d0f7-42ce-9452-6b7d5c100ade,KXCANADAPM-45-C,2025-04-10T19:28:44.188904Z,8.00,0.2100,0.7900,yes
69560e10-c295-447a-ad69-586051e7acaf,KXCANADAPM-45-C,2025-04-10T19:28:44.188904Z,23.00,0.2100,0.7900,yes
0a27bfce-aa25-4f89-8039-3a1996ab48c8,KXCANADAPM-45-C,2025-04-10T19:28:44.188904Z,36.00,0.2100,0.7900,yes
007030b7-d680-4f99-81d5-0ba75520e094,KXCANADAPM-45-C,2025-04-10T19:28:44.188904Z,2501.00,0.2100,0.7900,yes
032bb580-02bb-4e1a-8b29-431845163867,KXCANADAPM-45-C,2025-04-10T18:02:07.68075Z,9.00,0.2100,0.7900,yes
e4d92dfc-3668-4021-aa8d-c3b8e25e5a58,KXCANADAPM-45-C,2025-04-10T17:45:37.034981Z,1000.00,0.2000,0.8000,no
b32b7ed0-bd14-4882-b1cb-63e97ec7a916,KXCANADAPM-45-C,2025-04-10T17:22:58.608374Z,112.00,0.2100,0.7900,yes
282e22ca-f892-4eb7-acad-fcbc4e33173a,KXCANADAPM-45-C,2025-04-10T17:12:07.426706Z,2205.00,0.2100,0.7900,yes
8f59783c-510f-4f10-b3b3-f499015e3de3,KXCANADAPM-45-C,2025-04-10T16:51:10.229205Z,32.00,0.2100,0.7900,no
770157d3-8338-4c39-bec6-a3a54fa04117,KXCANADAPM-45-C,2025-04-10T16:51:10.229205Z,138.00,0.2100,0.7900,no
242effbc-d54a-49db-9bf6-ff96887551f3,KXCANADAPM-45-C,2025-04-10T16:51:10.229205Z,3.00,0.2100,0.7900,no
612c9534-f335-4439-a97e-17e824c2b338,KXCANADAPM-45-C,2025-04-10T16:21:34.481341Z,100.00,0.2200,0.7800,yes
f05884cf-efd1-4d03-91fd-f6c656ed966e,KXCANADAPM-45-C,2025-04-10T16:10:56.697941Z,7.00,0.2100,0.7900,no
b3418b7c-49b4-40d6-9992-bac7ce26c0b2,KXCANADAPM-45-C,2025-04-10T16:10:56.697941Z,3.00,0.2100,0.7900,no
e976b821-f516-43cb-847e-ce4e1d4edb03,KXCANADAPM-45-C,2025-04-10T16:05:09.980504Z,15.00,0.2100,0.7900,yes
e053bb08-a4c5-4317-befb-87ed56f77393,KXCANADAPM-45-C,2025-04-10T16:05:09.980504Z,3.00,0.2100,0.7900,yes
914d0dba-92c6-4994-b39f-6c31b45dcff9,KXCANADAPM-45-C,2025-04-10T16:05:09.980504Z,152.00,0.2100,0.7900,yes
6c74f263-0fe3-495f-9b3a-6a1153d6f2c2,KXCANADAPM-45-C,2025-04-10T16:05:09.980504Z,6.00,0.2100,0.7900,yes
377c2ac2-7419-4a43-9333-e37f7a969f9f,KXCANADAPM-45-C,2025-04-10T16:05:09.980504Z,500.00,0.2100,0.7900,yes
cfc17cf0-e231-449b-bfbc-91b0c55e564c,KXCANADAPM-45-C,2025-04-10T15:22:10.83527Z,3.00,0.2200,0.7800,yes
c48c3e1a-716b-49a1-a540-44e7499fda18,KXCANADAPM-45-C,2025-04-10T15:22:10.83527Z,33.00,0.2200,0.7800,yes
9d789282-a167-43e4-85e2-f02374682962,KXCANADAPM-45-C,2025-04-10T15:22:03.454368Z,2.00,0.2100,0.7900,no
3d0a267d-5c0a-4f72-a788-fe3ae231ca73,KXCANADAPM-45-C,2025-04-10T15:22:03.454368Z,1.00,0.2100,0.7900,no
39678c55-9670-43cf-8cc0-121750bc697a,KXCANADAPM-45-C,2025-04-10T15:22:03.454368Z,214.00,0.2100,0.7900,no
da74164d-110f-40d2-9cb7-947baa0f85a4,KXCANADAPM-45-C,2025-04-10T15:21:49.104183Z,33.00,0.2200,0.7800,no
cdb52a48-6dc4-4310-914e-332e892ab70b,KXCANADAPM-45-C,2025-04-10T15:21:49.104183Z,147.00,0.2200,0.7800,no
65717238-8864-4cde-af3d-49189ffeded4,KXCANADAPM-45-C,2025-04-10T15:21:49.104183Z,786.00,0.2100,0.7900,no
52ba98a0-890f-47b5-816c-d564cfdcbabe,KXCANADAPM-45-C,2025-04-10T15:21:49.104183Z,34.00,0.2100,0.7900,no
c0937fc7-4d2c-4ef8-bad7-2426c52a7933,KXCANADAPM-45-C,2025-04-10T15:21:47.40646Z,3.00,0.2200,0.7800,no
a3c41d34-f2b0-40d3-84f9-e96b4622d1e5,KXCANADAPM-45-C,2025-04-10T15:21:47.40646Z,38.00,0.2200,0.7800,no
393bb909-82a1-4788-80ce-26f62d6247bb,KXCANADAPM-45-C,2025-04-10T15:21:47.40646Z,37.00,0.2200,0.7800,no
25355a57-c3b9-472f-a52c-1aa31916ac92,KXCANADAPM-45-C,2025-04-10T15:21:47.40646Z,33.00,0.2200,0.7800,no
22b1750d-2f79-4845-a131-83d54684fc6f,KXCANADAPM-45-C,2025-04-10T15:21:47.40646Z,300.00,0.2200,0.7800,no
ffa23030-c901-4111-8d2a-075a86f39013,KXCANADAPM-45-C,2025-04-10T15:03:54.199812Z,957.00,0.2100,0.7900,yes
d4b617e2-5617-453a-9509-6a422f9aa10f,KXCANADAPM-45-C,2025-04-10T15:03:54.199812Z,3.00,0.2100,0.7900,yes
c2dc82af-611a-4714-97e8-d0ffe5c528d2,KXCANADAPM-45-C,2025-04-10T15:03:54.199812Z,40.00,0.2100,0.7900,yes
d74a2c71-c699-4daf-a6d3-04e8808fdd38,KXCANADAPM-45-C,2025-04-10T15:03:38.106988Z,3.00,0.2100,0.7900,no
a0b39fa6-bd16-4885-bf06-bf04535ec5ea,KXCANADAPM-45-C,2025-04-10T15:03:38.106988Z,40.00,0.2100,0.7900,no
ce417aef-cbb9-41f3-a1f4-aea9b0b55a4a,KXCANADAPM-45-C,2025-04-10T15:03:27.515206Z,35.00,0.2100,0.7900,yes
fbf573cc-6c17-4cdf-89cf-348fc786f473,KXCANADAPM-45-C,2025-04-10T15:03:21.175137Z,3.00,0.2100,0.7900,yes
c4d1b523-b3dc-491a-9d5d-49a400423d9b,KXCANADAPM-45-C,2025-04-10T15:03:21.175137Z,6.00,0.2100,0.7900,yes
0d832328-91bf-478d-a04b-7d3e72803a19,KXCANADAPM-45-C,2025-04-10T15:03:21.175137Z,991.00,0.2100,0.7900,yes
5b6f7c8b-9def-470f-8676-eba1f7e282c0,KXCANADAPM-45-C,2025-04-10T14:46:59.047596Z,9.00,0.2100,0.7900,yes
e362bca0-0153-4640-b4b6-6d3b96d11a7a,KXCANADAPM-45-C,2025-04-10T14:46:46.153644Z,28.00,0.2100,0.7900,no
db405611-a4a2-47f4-bf79-33c2fa8fbe77,KXCANADAPM-45-C,2025-04-10T14:46:46.153644Z,28.00,0.2100,0.7900,no
c1756a41-0ba3-4ee4-9531-6620bd2f2493,KXCANADAPM-45-C,2025-04-10T14:46:46.153644Z,28.00,0.2100,0.7900,no
7db14a5d-4399-4bdf-9f4b-73d237c2318b,KXCANADAPM-45-C,2025-04-10T14:46:46.153644Z,20.00,0.2100,0.7900,no
770a6145-3e76-4b9e-a727-a3752b2c721e,KXCANADAPM-45-C,2025-04-10T14:46:46.153644Z,9.00,0.2100,0.7900,no
3b754486-d671-4b2e-974e-7b2b4186009c,KXCANADAPM-45-C,2025-04-10T14:46:46.153644Z,1.00,0.2100,0.7900,no
3160ba6e-f492-4e41-ab2e-fbc469e0e778,KXCANADAPM-45-C,2025-04-10T14:46:46.153644Z,858.00,0.2000,0.8000,no
2a46ed8d-7170-4905-aa15-2fcda21c90a3,KXCANADAPM-45-C,2025-04-10T14:46:46.153644Z,28.00,0.2100,0.7900,no
fcbe7a99-407e-4dc2-afcc-b9182bc70901,KXCANADAPM-45-C,2025-04-10T14:11:58.056947Z,15.00,0.2200,0.7800,no
e373150b-75c2-4e4c-bfbe-1bb0fb825db0,KXCANADAPM-45-C,2025-04-10T14:11:58.056947Z,3.00,0.2200,0.7800,no
948d6593-40b3-4a67-a62a-3e6c775dc736,KXCANADAPM-45-C,2025-04-10T14:11:58.056947Z,1000.00,0.2200,0.7800,no
8074328e-2d31-4d65-94ab-9569e912ed1d,KXCANADAPM-45-C,2025-04-10T14:11:58.056947Z,9.00,0.2200,0.7800,no
70de8d7c-b644-4897-aecc-1ef2f70a156f,KXCANADAPM-45-C,2025-04-10T14:11:58.056947Z,1.00,0.2200,0.7800,no
5e49e8c1-7f61-4bc4-9761-1168a201663e,KXCANADAPM-45-C,2025-04-10T14:11:58.056947Z,15.00,0.2200,0.7800,no
4c16f334-6604-4ba3-ae41-c04ef60be5a2,KXCANADAPM-45-C,2025-04-10T14:11:58.056947Z,6.00,0.2200,0.7800,no
3410067b-d424-4468-bdec-3d88368d806e,KXCANADAPM-45-C,2025-04-10T14:11:58.056947Z,15.00,0.2200,0.7800,no
2c933835-31cd-4417-807f-4d28c012bf9d,KXCANADAPM-45-C,2025-04-10T14:11:58.056947Z,39.00,0.2200,0.7800,no
141afba8-ddb9-4a33-84ec-4c43b50ffd93,KXCANADAPM-45-C,2025-04-10T14:11:58.056947Z,15.00,0.2200,0.7800,no
585f1682-3800-48ae-a703-8245f1a1b2ed,KXCANADAPM-45-C,2025-04-10T14:06:31.565612Z,3.00,0.2300,0.7700,no
2b012686-25d2-4dff-bb0d-63f8a9512acc,KXCANADAPM-45-C,2025-04-10T14:06:18.807156Z,39.00,0.2300,0.7700,yes
f6260e61-82e9-4cb3-816e-04e61b8128a1,KXCANADAPM-45-C,2025-04-10T14:06:14.288756Z,825.00,0.2300,0.7700,yes
8b1a2308-1ed9-47f8-be4b-8a32a4c30581,KXCANADAPM-45-C,2025-04-10T14:03:49.195873Z,39.00,0.2300,0.7700,no
109d38ba-4e10-4d14-9d9d-7721c5734b26,KXCANADAPM-45-C,2025-04-10T14:03:49.195873Z,3.00,0.2300,0.7700,no
fcf2baa7-885b-4604-86a0-f34cd15b1de3,KXCANADAPM-45-C,2025-04-10T14:03:44.310217Z,8.00,0.2300,0.7700,no
f42fa1a5-4746-42b2-92a0-4bdb1d7cd557,KXCANADAPM-45-C,2025-04-10T14:03:31.331762Z,16.00,0.2300,0.7700,yes
f2e1bbc7-99bf-4161-8943-e234292ba246,KXCANADAPM-45-C,2025-04-10T14:03:31.331762Z,4.00,0.2300,0.7700,yes
e2097786-2c20-4401-8de1-86165eae1de0,KXCANADAPM-45-C,2025-04-10T14:03:31.331762Z,16.00,0.2300,0.7700,yes
e0b3c451-5094-46cc-83b0-a8ba82cf71c2,KXCANADAPM-45-C,2025-04-10T14:03:31.331762Z,16.00,0.2200,0.7800,yes
daf09ad2-3a5a-4601-a026-d1df8f566fd2,KXCANADAPM-45-C,2025-04-10T14:03:31.331762Z,20.00,0.2200,0.7800,yes
d16c8beb-72b9-434a-aa70-6e2a1ebd4778,KXCANADAPM-45-C,2025-04-10T14:03:31.331762Z,9.00,0.2400,0.7600,yes
aa2d4e5d-3021-41f2-83ad-6f849cc1229c,KXCANADAPM-45-C,2025-04-10T14:03:31.331762Z,10.00,0.2300,0.7700,yes
a7c7915b-7bc6-4b41-b445-1434fbd97844,KXCANADAPM-45-C,2025-04-10T14:03:31.331762Z,3.00,0.2300,0.7700,yes
a7493a86-2104-46ae-8526-c69ca4b1b004,KXCANADAPM-45-C,2025-04-10T14:03:31.331762Z,333.00,0.2400,0.7600,yes
a3d4bbdb-748d-4ace-b9f0-bcfd43b04831,KXCANADAPM-45-C,2025-04-10T14:03:31.331762Z,1000.00,0.2400,0.7600,yes
7e72a815-30c0-4e2c-84f7-39db7ec00319,KXCANADAPM-45-C,2025-04-10T14:03:31.331762Z,3500.00,0.2300,0.7700,yes
75fa9849-97b7-4b2f-884d-c9686c3ca7c0,KXCANADAPM-45-C,2025-04-10T14:03:31.331762Z,1000.00,0.2400,0.7600,yes
75f35aa6-14d7-4967-894e-f84636a6e3c7,KXCANADAPM-45-C,2025-04-10T14:03:31.331762Z,20.00,0.2200,0.7800,yes
73030c59-31b7-4fbd-bda5-0611c790ec1b,KXCANADAPM-45-C,2025-04-10T14:03:31.331762Z,627.00,0.2400,0.7600,yes
6bf01108-9386-4e98-a0fd-1d99f60dab18,KXCANADAPM-45-C,2025-04-10T14:03:31.331762Z,16.00,0.2300,0.7700,yes
6ba17397-dbe5-4cdb-ae28-a64b0029bf59,KXCANADAPM-45-C,2025-04-10T14:03:31.331762Z,11.00,0.2400,0.7600,yes
68247ae0-13f6-46d5-adbf-451a5553ff51,KXCANADAPM-45-C,2025-04-10T14:03:31.331762Z,1000.00,0.2200,0.7800,yes
505c9d48-acb3-4b97-9597-af319dd4fb2b,KXCANADAPM-45-C,2025-04-10T14:03:31.331762Z,2228.00,0.2500,0.7500,yes
4ac47612-d16e-4f58-a876-4d55e02afa18,KXCANADAPM-45-C,2025-04-10T14:03:31.331762Z,16.00,0.2300,0.7700,yes
3b33d34c-33bf-463a-a9d7-811cb449b265,KXCANADAPM-45-C,2025-04-10T14:03:31.331762Z,20.00,0.2200,0.7800,yes
2d862c59-314c-4b1f-abd6-9df1ca390b46,KXCANADAPM-45-C,2025-04-10T14:03:31.331762Z,9.00,0.2200,0.7800,yes
26cc4c49-e8d0-42a7-bda9-67c0ac12c6c5,KXCANADAPM-45-C,2025-04-10T14:03:31.331762Z,2222.00,0.2300,0.7700,yes
1eb25956-194e-4862-b5b7-5ad6e10329d1,KXCANADAPM-45-C,2025-04-10T14:03:31.331762Z,8.00,0.2200,0.7800,yes
e475a675-828a-4265-96a9-8a5e3d101e2f,KXCANADAPM-45-C,2025-04-10T14:01:05.965734Z,4.00,0.2200,0.7800,yes
51858040-fcf4-48b0-b532-bca1994524f3,KXCANADAPM-45-C,2025-04-10T13:58:55.672021Z,9.00,0.2100,0.7900,no
c04ed6cd-64f2-4516-b88a-cc6bc33db3ab,KXCANADAPM-45-C,2025-04-10T13:58:46.438379Z,42.00,0.2100,0.7900,yes
bb56a615-83e4-4cdf-8139-bde0274a8d4b,KXCANADAPM-45-C,2025-04-10T13:58:46.438379Z,36.00,0.2100,0.7900,yes
a40ab5eb-4de0-4b77-8bdb-39a66933950a,KXCANADAPM-45-C,2025-04-10T13:58:46.438379Z,3.00,0.2100,0.7900,yes
036e245e-b0ae-4ecc-b936-7cd9b66b3c51,KXCANADAPM-45-C,2025-04-10T13:58:46.438379Z,370.00,0.2100,0.7900,yes
06cfc36e-3d4a-4168-a29e-84f34147fefe,KXCANADAPM-45-C,2025-04-10T13:38:41.423146Z,21.00,0.2100,0.7900,yes
9458137f-e00a-4c44-88b7-c5fcef85f7ef,KXCANADAPM-45-C,2025-04-10T13:29:40.143834Z,36.00,0.2100,0.7900,yes
e5a740f3-6568-47db-ab92-46f70000f01b,KXCANADAPM-45-C,2025-04-10T13:29:29.913491Z,42.00,0.2100,0.7900,no
e3d05465-830f-4731-823b-506dff72d822,KXCANADAPM-45-C,2025-04-10T13:29:29.913491Z,9.00,0.2100,0.7900,no
3ad7cead-0e57-4235-ab50-854ee8d9eac1,KXCANADAPM-45-C,2025-04-10T13:29:29.913491Z,3.00,0.2100,0.7900,no
039adfbc-3575-430f-8d4c-b4ddc8c15b0c,KXCANADAPM-45-C,2025-04-10T13:29:29.913491Z,52.00,0.2100,0.7900,no
9dd2cc56-f8c7-4a89-8cde-be51629d3c55,KXCANADAPM-45-C,2025-04-10T13:24:51.361025Z,640.00,0.2200,0.7800,yes
9cec009c-2629-4867-8745-f813b364b31d,KXCANADAPM-45-C,2025-04-10T13:24:51.361025Z,222.00,0.2200,0.7800,yes
147a9783-83a7-4f33-a306-8636c8a422bb,KXCANADAPM-45-C,2025-04-10T13:22:31.524562Z,1000.00,0.2100,0.7900,no
b0ee2e82-f9f7-4b89-8da6-f577bfc33174,KXCANADAPM-45-C,2025-04-10T13:22:23.669176Z,900.00,0.2100,0.7900,yes
7d0d417f-ebd8-43c3-bbf8-dc35a8f072f9,KXCANADAPM-45-C,2025-04-10T13:22:23.669176Z,100.00,0.2100,0.7900,yes
40120ca1-f53e-46b5-83b8-8d7dafca8b06,KXCANADAPM-45-C,2025-04-10T13:22:23.669176Z,42.00,0.2100,0.7900,yes
19c72fa7-1c0d-4fc5-b6cc-f2f635aa19fe,KXCANADAPM-45-C,2025-04-10T13:22:23.669176Z,3.00,0.2100,0.7900,yes
93e789f0-b337-42dc-96b9-7bcefd696caa,KXCANADAPM-45-C,2025-04-10T13:10:04.235688Z,100.00,0.2100,0.7900,yes
ef09c3b9-7da8-4000-a3b0-1cfc2cf9a359,KXCANADAPM-45-C,2025-04-10T12:35:57.096182Z,9.00,0.2000,0.8000,no
e8e58807-5d98-475f-9a4f-a8037e3b7fc5,KXCANADAPM-45-C,2025-04-10T12:35:57.096182Z,3.00,0.2000,0.8000,no
dedfedbb-9ee8-4b50-9af1-c51a8652fbf2,KXCANADAPM-45-C,2025-04-10T12:35:57.096182Z,2.00,0.2000,0.8000,no
c16411c5-0b5b-42ba-8779-d5bf76405312,KXCANADAPM-45-C,2025-04-10T12:35:57.096182Z,2.00,0.2000,0.8000,no
a8dbe1e8-f85d-42d7-a758-915ad80c2ac4,KXCANADAPM-45-C,2025-04-10T12:35:57.096182Z,136.00,0.2000,0.8000,no
72294f57-6046-4a4e-bdba-98cf3f7284b2,KXCANADAPM-45-C,2025-04-10T12:35:57.096182Z,38.00,0.2000,0.8000,no
ce26be55-ac48-41e0-8b09-e0bc7588ea4b,KXCANADAPM-45-C,2025-04-10T12:27:01.101039Z,2104.00,0.2200,0.7800,yes
3b918364-48fa-485a-b84c-1cb9aff66eca,KXCANADAPM-45-C,2025-04-10T12:27:01.101039Z,1000.00,0.2100,0.7900,yes
22eec2a7-59f9-4d33-8f51-33cba607ad24,KXCANADAPM-45-C,2025-04-10T12:27:01.101039Z,3893.00,0.2200,0.7800,yes
04f989b1-9f98-4533-87ce-2d2dc355c18c,KXCANADAPM-45-C,2025-04-10T12:27:01.101039Z,3.00,0.2100,0.7900,yes
186b7dc4-5ad6-4bcf-b2d1-40f2764d72ab,KXCANADAPM-45-C,2025-04-10T12:11:55.412238Z,3000.00,0.2200,0.7800,yes
d1507eef-6197-487a-8a9e-543b71776288,KXCANADAPM-45-C,2025-04-10T12:10:17.184483Z,3000.00,0.2200,0.7800,yes
d98e9545-dd4c-400b-9795-8f66c16ceb0a,KXCANADAPM-45-C,2025-04-10T12:10:07.399364Z,1.00,0.2100,0.7900,yes
d4a71a20-5498-4913-bfc3-1a9a9f73c419,KXCANADAPM-45-C,2025-04-10T12:10:07.399364Z,1016.00,0.2100,0.7900,yes
98a7dddf-f36f-417d-a256-5fbfe008ad0c,KXCANADAPM-45-C,2025-04-10T12:10:07.399364Z,3.00,0.2100,0.7900,yes
749b4f75-1247-400f-a107-5c95b83849c9,KXCANADAPM-45-C,2025-04-10T12:10:07.399364Z,206.00,0.2100,0.7900,yes
647873c6-1a27-4bc6-be4f-e291b0648920,KXCANADAPM-45-C,2025-04-10T12:10:07.399364Z,5.00,0.2100,0.7900,yes
56e92448-ccb6-4d75-be2f-da3b19739a75,KXCANADAPM-45-C,2025-04-10T12:10:07.399364Z,15.00,0.2100,0.7900,yes
6db61f24-6cb5-4c43-9c2b-b3b34fdcc2c0,KXCANADAPM-45-C,2025-04-10T12:09:39.56914Z,2000.00,0.2100,0.7900,yes
cab36af2-972d-418c-a780-df899f873883,KXCANADAPM-45-C,2025-04-10T06:51:50.076369Z,16.00,0.2100,0.7900,yes
ae61d744-deb1-4299-aea0-7d69d557f451,KXCANADAPM-45-C,2025-04-10T06:51:50.076369Z,3.00,0.2100,0.7900,yes
9d04c9d7-af11-4331-8d3a-06d1ee6c6fca,KXCANADAPM-45-C,2025-04-10T06:11:21.344032Z,125.00,0.2100,0.7900,yes
85e1bfb6-65fc-4548-a973-1f47f22037ec,KXCANADAPM-45-C,2025-04-10T06:11:21.344032Z,97.00,0.2100,0.7900,yes
ac54b2c3-8bd1-4383-af95-5e29861a9c50,KXCANADAPM-45-C,2025-04-10T05:56:53.86364Z,451.00,0.2100,0.7900,yes
86cd8d20-df98-4eec-9d65-0244dcff1ac7,KXCANADAPM-45-C,2025-04-10T05:53:43.935846Z,30.00,0.2000,0.8000,yes
53b9c9d5-be89-4354-97e6-df6ca5e1db48,KXCANADAPM-45-C,2025-04-10T04:15:19.511434Z,500.00,0.2000,0.8000,yes
eed66258-b3c9-45ec-8163-be4dc116435b,KXCANADAPM-45-C,2025-04-10T03:48:42.877689Z,7.00,0.2000,0.8000,yes
ed5939f4-8ade-4d98-a05a-c771b1f15317,KXCANADAPM-45-C,2025-04-10T03:48:42.877689Z,1.00,0.2000,0.8000,yes
ead416e0-0ffd-4246-bb1a-f0610727bd54,KXCANADAPM-45-C,2025-04-10T03:48:42.877689Z,5.00,0.2000,0.8000,yes
6720df7f-4e55-4970-821e-20d988a059c7,KXCANADAPM-45-C,2025-04-10T03:48:42.877689Z,1.00,0.2000,0.8000,yes
51f58096-a030-42d0-a333-23376d1a7625,KXCANADAPM-45-C,2025-04-10T03:48:42.877689Z,25.00,0.2000,0.8000,yes
1fb17aa4-5705-4d82-8502-577b62bf34d5,KXCANADAPM-45-C,2025-04-10T03:48:42.877689Z,150.00,0.2000,0.8000,yes
a8c2a030-f470-4b15-bc8c-b980d70f8e38,KXCANADAPM-45-C,2025-04-10T03:27:33.661525Z,432.00,0.2000,0.8000,yes
289308f9-0db3-4ced-8f18-9b6c8a407cb0,KXCANADAPM-45-C,2025-04-10T03:27:33.661525Z,41.00,0.2000,0.8000,yes
8f8df2e6-c1b9-4d32-b0b5-8bdeb65ea438,KXCANADAPM-45-C,2025-04-10T03:06:22.614608Z,1.00,0.1900,0.8100,no
812e5c1f-d68a-4286-b450-34768e586d24,KXCANADAPM-45-C,2025-04-10T03:06:22.614608Z,9.00,0.1900,0.8100,no
332bfff3-7593-4d99-8abe-e4bc0eef5838,KXCANADAPM-45-C,2025-04-10T03:06:22.614608Z,5.00,0.1900,0.8100,no
26a4902d-35ff-491a-9889-f578b9d28999,KXCANADAPM-45-C,2025-04-10T03:06:22.614608Z,9.00,0.1900,0.8100,no
958e2134-b52a-42e6-ba9a-d63f38809ec7,KXCANADAPM-45-C,2025-04-10T02:57:36.594521Z,712.00,0.2000,0.8000,no
816c60dd-8d64-4347-accb-f4fc1ac5871d,KXCANADAPM-45-C,2025-04-10T02:57:36.594521Z,3.00,0.2000,0.8000,no
089ed7c0-accd-40ec-8cc2-c2714275e2f7,KXCANADAPM-45-C,2025-04-10T02:57:36.594521Z,41.00,0.2000,0.8000,no
f4ecd0c2-99d6-4cf2-ba98-dc105b873fe0,KXCANADAPM-45-C,2025-04-10T02:57:26.275432Z,12.00,0.2000,0.8000,yes
dd0db33d-952d-4acc-beae-d3a7a774d49b,KXCANADAPM-45-C,2025-04-10T02:57:26.275432Z,12.00,0.2000,0.8000,yes
833ae909-b7fa-4d4a-a769-fff9e2f043bd,KXCANADAPM-45-C,2025-04-10T02:57:26.275432Z,41.00,0.2000,0.8000,yes
77dbbcce-8903-4414-abe4-fc148100177b,KXCANADAPM-45-C,2025-04-10T02:57:26.275432Z,195.00,0.2000,0.8000,yes
76ced875-6ed6-4808-9d9d-596e1ee56d2b,KXCANADAPM-45-C,2025-04-10T02:57:26.275432Z,12.00,0.2000,0.8000,yes
48656f18-f232-41b9-a67f-707792befdb8,KXCANADAPM-45-C,2025-04-10T02:57:26.275432Z,1000.00,0.2000,0.8000,yes
39f9e0ef-114b-4207-a305-a91dc227bcec,KXCANADAPM-45-C,2025-04-10T02:57:26.275432Z,3.00,0.2000,0.8000,yes
293bdfbc-5fbb-4b7e-b9db-9f4da162a1ec,KXCANADAPM-45-C,2025-04-10T02:57:26.275432Z,1.00,0.2000,0.8000,yes
0135c572-56c5-44ae-a0a6-eeafd3558d3b,KXCANADAPM-45-C,2025-04-10T02:57:26.275432Z,12.00,0.2000,0.8000,yes
f71d9cf2-561a-4907-961b-f00a19fe079d,KXCANADAPM-45-C,2025-04-10T02:57:01.447734Z,27.00,0.2000,0.8000,yes
d58e20ca-6d99-4065-ba88-e95091e44732,KXCANADAPM-45-C,2025-04-10T02:57:01.447734Z,1904.00,0.2000,0.8000,yes
ce8e058e-612d-466c-b7f8-791c8e1f193f,KXCANADAPM-45-C,2025-04-10T02:57:01.447734Z,50.00,0.2000,0.8000,yes
72864d10-571e-4583-9473-6451bacda237,KXCANADAPM-45-C,2025-04-10T02:57:01.447734Z,18.00,0.2000,0.8000,yes
0f02be09-c54a-456a-9091-31c7a5402018,KXCANADAPM-45-C,2025-04-10T02:57:01.447734Z,1.00,0.2000,0.8000,yes
e1797789-abb1-4c74-a018-9ebd4bab7a74,KXCANADAPM-45-C,2025-04-10T02:31:15.694358Z,3000.00,0.1900,0.8100,no
4447cb67-73fb-4f06-bf8c-014c9013c2f8,KXCANADAPM-45-C,2025-04-10T02:30:54.794018Z,959.00,0.1900,0.8100,no
0c059cea-1da9-4153-889a-4b5263b9b7cf,KXCANADAPM-45-C,2025-04-10T02:30:54.794018Z,41.00,0.1900,0.8100,no
ea22dc35-7525-441f-9a34-fa07a572b693,KXCANADAPM-45-C,2025-04-10T02:27:38.441957Z,37.00,0.1900,0.8100,yes
e96690cd-14c5-48fe-8c4e-2eed33b9ba1a,KXCANADAPM-45-C,2025-04-10T02:27:38.441957Z,16.00,0.1900,0.8100,yes
14fd7a83-a9a1-4fdc-8ffa-bcdefe913831,KXCANADAPM-45-C,2025-04-10T02:27:38.441957Z,947.00,0.1900,0.8100,yes
91de9bc0-4749-43c0-a12f-3882bb83d545,KXCANADAPM-45-C,2025-04-10T02:26:24.653704Z,737.00,0.1900,0.8100,yes
8f30fdef-29cd-40a7-8e56-9e363362139f,KXCANADAPM-45-C,2025-04-10T02:26:24.653704Z,11.00,0.1900,0.8100,yes
3069cf8e-368c-48a3-82cd-290edc21a80d,KXCANADAPM-45-C,2025-04-10T02:26:24.653704Z,4.00,0.1900,0.8100,yes
2fccc2c8-c4a7-434f-b8c8-b8f2e9a3faec,KXCANADAPM-45-C,2025-04-10T02:26:24.653704Z,248.00,0.1900,0.8100,yes
b081702b-09fb-4f79-a55a-712bf1abd2d6,KXCANADAPM-45-C,2025-04-10T02:25:26.304876Z,2.00,0.1900,0.8100,no
a637db11-02fa-4519-8dd0-0fe08346a86f,KXCANADAPM-45-C,2025-04-10T02:25:26.304876Z,196.00,0.1900,0.8100,no
43bbb629-8bd9-4d9d-bf48-cd45258559aa,KXCANADAPM-45-C,2025-04-10T02:25:26.304876Z,1565.00,0.1900,0.8100,no
3031788c-9186-42c7-9348-6ecdcf217798,KXCANADAPM-45-C,2025-04-10T02:24:53.403075Z,720.00,0.1900,0.8100,no
dd030a81-5773-4a5e-94b6-9f2ecf512c45,KXCANADAPM-45-C,2025-04-10T02:07:31.374171Z,11.00,0.1900,0.8100,no
fb7be903-1e2a-4b52-9dfe-9543d98a619d,KXCANADAPM-45-C,2025-04-10T02:07:27.917801Z,704.00,0.1900,0.8100,no
aaadaf1e-3d71-4b3f-acb1-0450ac723b8b,KXCANADAPM-45-C,2025-04-10T02:07:27.917801Z,29.00,0.1900,0.8100,no
6b6847ef-36c4-4ba6-a516-b765599df857,KXCANADAPM-45-C,2025-04-10T02:03:31.714504Z,2.00,0.1900,0.8100,no
77c47fe3-9584-4df6-8095-48bbd23edc9a,KXCANADAPM-45-C,2025-04-10T01:52:52.1045Z,100.00,0.2000,0.8000,yes
d8abc438-eaab-4805-b2bd-ca297c425bfe,KXCANADAPM-45-C,2025-04-10T01:52:08.250614Z,496.00,0.2000,0.8000,yes
15cbb3cd-dafe-4224-a087-36fe38e89706,KXCANADAPM-45-C,2025-04-10T01:52:08.250614Z,504.00,0.2000,0.8000,yes
1c94a451-bcce-4564-b5f8-7e6d526ad72b,KXCANADAPM-45-C,2025-04-10T01:31:07.459588Z,300.00,0.1900,0.8100,yes
a2cf0c56-061f-421d-925e-1c5da75cc226,KXCANADAPM-45-C,2025-04-10T01:30:21.154384Z,990.00,0.1900,0.8100,yes
05eb7734-ad1a-4224-b212-303282c695b6,KXCANADAPM-45-C,2025-04-10T01:30:21.154384Z,10.00,0.1900,0.8100,yes
fb921140-3ba5-4535-966d-95b2f9395af8,KXCANADAPM-45-C,2025-04-10T01:04:10.964985Z,160.00,0.1900,0.8100,no
49c228ae-427a-4c4b-ad0c-e813021eb6ba,KXCANADAPM-45-C,2025-04-10T01:04:10.964985Z,222.00,0.1800,0.8200,no
464eabf6-bbc3-4eb7-9de8-0209863fa20c,KXCANADAPM-45-C,2025-04-10T01:04:10.964985Z,150.00,0.1900,0.8100,no
f2667e54-0d34-4042-b77d-e0243828d934,KXCANADAPM-45-C,2025-04-10T01:04:06.366449Z,850.00,0.1900,0.8100,no
0a4b47d4-f697-4b66-a278-7bc8476e502f,KXCANADAPM-45-C,2025-04-10T00:15:39.727358Z,47.00,0.2000,0.8000,yes
ccd9b70c-8bf8-44e5-9a3a-9290dd57ec45,KXCANADAPM-45-C,2025-04-09T23:56:23.186278Z,154.00,0.1900,0.8100,no
bc279e51-2343-4337-b20b-b1f8e8d5f546,KXCANADAPM-45-C,2025-04-09T23:56:23.186278Z,1146.00,0.1800,0.8200,no
b85f4a19-3bc6-478b-8933-42786e42b12b,KXCANADAPM-45-C,2025-04-09T22:41:50.567913Z,1190.00,0.2000,0.8000,yes
58706f35-2b0c-4db1-adcf-9ae3f91683e5,KXCANADAPM-45-C,2025-04-09T21:38:26.955938Z,9.00,0.1900,0.8100,no
d7dd8e09-8bf1-4503-98c0-ae9cea52c56d,KXCANADAPM-45-C,2025-04-09T21:38:25.38488Z,846.00,0.2000,0.8000,yes
c4a89f36-e5f2-48a9-94b6-1c40fb2bf84b,KXCANADAPM-45-C,2025-04-09T21:38:25.38488Z,15.00,0.1900,0.8100,yes
a277a35c-b0ed-4641-a140-e210400330a2,KXCANADAPM-45-C,2025-04-09T21:38:25.38488Z,15.00,0.1900,0.8100,yes
a1c7cdd8-7a8f-4db0-a0b8-85f722ea340f,KXCANADAPM-45-C,2025-04-09T21:38:25.38488Z,15.00,0.1900,0.8100,yes
a0e138bc-3455-4ca8-b6ac-937987b6da91,KXCANADAPM-45-C,2025-04-09T21:38:25.38488Z,481.00,0.2000,0.8000,yes
87c233ac-e7e6-49bc-917f-996df3ec23a4,KXCANADAPM-45-C,2025-04-09T21:38:25.38488Z,600.00,0.1900,0.8100,yes
7c69a37a-9628-44b5-bbee-d9a1621c5f0a,KXCANADAPM-45-C,2025-04-09T21:38:25.38488Z,9.00,0.1900,0.8100,yes
20bc6e6f-292c-4d71-ad52-ef86ef1f8432,KXCANADAPM-45-C,2025-04-09T21:38:25.38488Z,4.00,0.1900,0.8100,yes
1300818f-430b-4388-91a6-7eaf89553bb6,KXCANADAPM-45-C,2025-04-09T21:38:25.38488Z,15.00,0.1900,0.8100,yes
93c56491-2470-4ff4-9284-bc46c9e317b9,KXCANADAPM-45-C,2025-04-09T21:38:02.178058Z,200.00,0.1900,0.8100,yes
fb11d867-d58b-4c6e-bc6f-a2426b54304f,KXCANADAPM-45-C,2025-04-09T21:37:23.356871Z,26.00,0.1900,0.8100,yes
b245e68a-6d5a-43af-92c5-956f17e32565,KXCANADAPM-45-C,2025-04-09T21:37:23.356871Z,174.00,0.1900,0.8100,yes
3c7272f8-c2a7-4e2e-a1b1-77cc80f8a7f0,KXCANADAPM-45-C,2025-04-09T21:36:04.401882Z,6.00,0.1800,0.8200,no
34f7c3c3-e603-416e-a589-847ad7dd4d4b,KXCANADAPM-45-C,2025-04-09T20:56:23.022251Z,1.00,0.1800,0.8200,no
797a5b4b-2f4b-438b-ba97-a9f130fe5d20,KXCANADAPM-45-C,2025-04-09T20:15:52.790157Z,389.00,0.1800,0.8200,yes
a8ca62c3-c7e6-476f-b5ea-83cd557d2fc5,KXCANADAPM-45-C,2025-04-09T19:52:24.761282Z,43.00,0.1800,0.8200,yes
8e1d23f6-fa13-41d2-8155-85a9e33ca3ec,KXCANADAPM-45-C,2025-04-09T19:52:24.761282Z,38.00,0.1800,0.8200,yes
1a4ce7e4-2d60-4d99-b786-6d1267da7952,KXCANADAPM-45-C,2025-04-09T19:52:24.761282Z,5.00,0.1800,0.8200,yes
3b78ef41-1abc-44c8-b4a6-43986db625f6,KXCANADAPM-45-C,2025-04-09T19:01:53.135245Z,499.00,0.1800,0.8200,yes
e7b4c117-4a11-45ab-b659-176bc787d4ba,KXCANADAPM-45-C,2025-04-09T18:42:03.365563Z,26.00,0.1800,0.8200,yes
effb9e47-a9e1-4c39-b3f9-53a827c9e880,KXCANADAPM-45-C,2025-04-09T18:36:57.23121Z,5.00,0.1800,0.8200,yes
47294702-5d89-46a1-ac7a-4119bbd9ba9e,KXCANADAPM-45-C,2025-04-09T18:21:43.214962Z,116.00,0.1800,0.8200,no
37c94105-ad39-4112-88b5-c9afa691c5ea,KXCANADAPM-45-C,2025-04-09T18:20:41.376492Z,95.00,0.1900,0.8100,yes
70153516-a871-4574-9cfa-d7863793ffcc,KXCANADAPM-45-C,2025-04-09T18:19:40.169023Z,4.00,0.1800,0.8200,no
3ee40631-c4af-4e91-9222-414dcb84e2c3,KXCANADAPM-45-C,2025-04-09T18:19:40.169023Z,115.00,0.1800,0.8200,no
e7dc394c-5fff-46ad-881f-52aa27957980,KXCANADAPM-45-C,2025-04-09T18:19:24.387839Z,10.00,0.1800,0.8200,no
c3711428-e6d7-4880-a85a-54b846c6927e,KXCANADAPM-45-C,2025-04-09T18:19:24.387839Z,134.00,0.1800,0.8200,no
c2150b8e-ad72-4b18-9ebd-e32846a2a44e,KXCANADAPM-45-C,2025-04-09T18:19:24.387839Z,1.00,0.1800,0.8200,no
9e5d65ba-aca3-4a5d-8aa0-f194d5dcee67,KXCANADAPM-45-C,2025-04-09T18:19:24.387839Z,10.00,0.1800,0.8200,no
670cbad1-7ab9-4798-be36-2ad0b7f64a55,KXCANADAPM-45-C,2025-04-09T18:19:24.387839Z,10.00,0.1800,0.8200,no
48782bca-7319-4b8d-be3c-d9153ff6fada,KXCANADAPM-45-C,2025-04-09T18:19:24.387839Z,10.00,0.1800,0.8200,no
421f4592-67cf-40b9-b2aa-11c54c111274,KXCANADAPM-45-C,2025-04-09T18:19:24.387839Z,509.00,0.1800,0.8200,no
3cf99b6f-b317-41e1-98bc-4b127f28264e,KXCANADAPM-45-C,2025-04-09T18:19:24.387839Z,40.00,0.1800,0.8200,no
4ec3bb57-ae53-45ea-a3ad-871e8739b9f7,KXCANADAPM-45-C,2025-04-09T18:08:13.272383Z,105.00,0.1900,0.8100,no
2881cf98-e7d0-4f55-9db8-57c562d778cd,KXCANADAPM-45-C,2025-04-09T18:08:13.272383Z,122.00,0.1900,0.8100,no
54ec72c7-1977-4722-b80d-af8c53cbd3b2,KXCANADAPM-45-C,2025-04-09T18:08:11.368032Z,21.00,0.1900,0.8100,no
0760f4dc-3e4b-48b0-9cda-807b21ac38ec,KXCANADAPM-45-C,2025-04-09T18:08:05.988645Z,21.00,0.1900,0.8100,no
1d8ba132-f64b-4320-9feb-92b77d3039e3,KXCANADAPM-45-C,2025-04-09T18:08:02.425916Z,21.00,0.1900,0.8100,no
37057562-dc6a-471b-b6bc-4be4e72bb4ef,KXCANADAPM-45-C,2025-04-09T18:07:55.294611Z,20.00,0.1900,0.8100,no
2a43ae6e-8ba9-4ab9-aca4-55ef83dcdf6c,KXCANADAPM-45-C,2025-04-09T18:07:49.752802Z,21.00,0.1900,0.8100,no
113b3a27-802d-44b2-b3bf-e5a9d99caacd,KXCANADAPM-45-C,2025-04-09T18:07:44.586438Z,21.00,0.1900,0.8100,no
cfe45a5a-a2ba-480b-8f48-7dcb1f2c99fc,KXCANADAPM-45-C,2025-04-09T18:07:40.481215Z,21.00,0.1900,0.8100,no
3643146c-4d7f-4dff-94b2-3604925ab31e,KXCANADAPM-45-C,2025-04-09T18:07:33.53195Z,21.00,0.1900,0.8100,no
c0ccfb18-ea8e-4351-b4c4-05bfa738002e,KXCANADAPM-45-C,2025-04-09T18:07:28.598121Z,21.00,0.1900,0.8100,no
d3e4d8d1-d8c8-440d-84d2-bc20c0402c11,KXCANADAPM-45-C,2025-04-09T18:07:25.056908Z,21.00,0.1900,0.8100,no
46803e5e-7e04-4493-8cce-2e0714a3773e,KXCANADAPM-45-C,2025-04-09T18:07:17.835732Z,21.00,0.1900,0.8100,no
8fdec2ae-ef49-4982-95c2-50d9940ae4d7,KXCANADAPM-45-C,2025-04-09T18:07:12.584764Z,21.00,0.1900,0.8100,no
43b4b836-e1cd-4187-9903-7defc26979c8,KXCANADAPM-45-C,2025-04-09T18:07:07.943285Z,21.00,0.1900,0.8100,no
faef5f16-db6b-43d6-b79c-7d30ef456e1b,KXCANADAPM-45-C,2025-04-09T18:07:02.470325Z,21.00,0.1900,0.8100,no
cac45dec-eb56-4758-a5cc-1ffd92a7fe9a,KXCANADAPM-45-C,2025-04-09T18:06:56.757373Z,21.00,0.1900,0.8100,no
2398d3bc-2f8b-4ef2-a3ea-ae10f928a831,KXCANADAPM-45-C,2025-04-09T18:06:51.493767Z,16.00,0.1900,0.8100,no
5cd23f82-ba74-4f21-b633-eca6ee78b166,KXCANADAPM-45-C,2025-04-09T17:54:13.855154Z,1.00,0.1900,0.8100,no
1cefc042-13e2-4d73-8684-fdbd197e460f,KXCANADAPM-45-C,2025-04-09T17:54:08.567053Z,2.00,0.1900,0.8100,no
c8848dd1-13be-4af9-a779-0c2c32563c82,KXCANADAPM-45-C,2025-04-09T17:54:02.965197Z,3.00,0.1900,0.8100,no
2fcf438b-8e36-4ced-80fe-0a2676ef499d,KXCANADAPM-45-C,2025-04-09T17:53:57.784235Z,7.00,0.1900,0.8100,no
d98eb772-70e3-4aa2-a938-be28fb104fe1,KXCANADAPM-45-C,2025-04-09T17:53:51.265587Z,40.00,0.1900,0.8100,yes
3c598ae4-0657-4930-bb47-8cab8794f5a4,KXCANADAPM-45-C,2025-04-09T17:53:51.265587Z,47.00,0.1900,0.8100,yes
1511fac2-7dea-42f8-a1f7-f3c8a00f7f75,KXCANADAPM-45-C,2025-04-09T17:53:51.265587Z,95.00,0.1900,0.8100,yes
1104e7f2-ebf0-41a3-b39f-34249491e621,KXCANADAPM-45-C,2025-04-09T17:53:51.265587Z,386.00,0.1900,0.8100,yes
cdf83871-da75-40ca-abb7-be1c5870749a,KXCANADAPM-45-C,2025-04-09T17:53:22.646985Z,278.00,0.1800,0.8200,no
c6df3b75-e765-4841-9295-b04ca010d70a,KXCANADAPM-45-C,2025-04-09T16:40:14.597495Z,64.00,0.1900,0.8100,yes
7de0cda6-2b46-47a2-9a48-4d7fa8096c10,KXCANADAPM-45-C,2025-04-09T16:40:14.597495Z,36.00,0.1900,0.8100,yes
e05c7e9b-2aee-4575-a6cf-c2feb4ef2476,KXCANADAPM-45-C,2025-04-09T16:29:55.031892Z,4.00,0.1900,0.8100,yes
56824020-c0a9-4d6c-8eaa-4bbb2a18735e,KXCANADAPM-45-C,2025-04-09T16:06:57.732204Z,1.00,0.1800,0.8200,no
277a93d9-3a80-4200-84ea-6f4374b33fe9,KXCANADAPM-45-C,2025-04-09T16:06:52.604383Z,1.00,0.1800,0.8200,no
65fec065-02be-4388-9f22-12bdb7fb2119,KXCANADAPM-45-C,2025-04-09T16:06:47.602167Z,5.00,0.1800,0.8200,no
4570073a-458b-4a91-86f4-f14115df7c06,KXCANADAPM-45-C,2025-04-09T16:06:45.940515Z,168.00,0.1800,0.8200,no
7bd1a46b-cbad-44d2-88d1-63debdcff28a,KXCANADAPM-45-C,2025-04-09T15:27:55.068857Z,50.00,0.1800,0.8200,no
713ceb12-b71f-4d78-8ade-bc646a04cc79,KXCANADAPM-45-C,2025-04-09T15:27:55.068857Z,38.00,0.1800,0.8200,no
abd32fe1-3f94-476b-a096-f6df5b76c6bf,KXCANADAPM-45-C,2025-04-09T14:11:32.471523Z,129.00,0.1900,0.8100,no
e341cc1f-28d1-4b0d-8277-92860432fdf0,KXCANADAPM-45-C,2025-04-09T14:11:16.08358Z,39.00,0.1900,0.8100,no
b887105f-c068-4f31-9af4-eefbfbf83f65,KXCANADAPM-45-C,2025-04-09T14:11:16.08358Z,158.00,0.1900,0.8100,no
3a50536a-9fe3-4b35-8c26-d6bbcb446701,KXCANADAPM-45-C,2025-04-09T14:11:16.08358Z,60.00,0.1900,0.8100,no
03c5eb74-6e6b-49c7-bc39-629d2471d41f,KXCANADAPM-45-C,2025-04-09T14:11:16.08358Z,25.00,0.1900,0.8100,no
969ecf63-ff04-4c1a-b34d-149836bdf31f,KXCANADAPM-45-C,2025-04-09T13:53:04.027893Z,2367.00,0.2000,0.8000,yes
22e32ffe-c1e7-439f-a624-fddb86aa65ca,KXCANADAPM-45-C,2025-04-09T06:37:19.646567Z,373.00,0.1900,0.8100,yes
7dd278cc-a978-43e8-b533-3f0415520cff,KXCANADAPM-45-C,2025-04-09T06:29:28.208274Z,1.00,0.1900,0.8100,yes
bf6ee3da-dd70-41ac-a923-fd96f4df74fe,KXCANADAPM-45-C,2025-04-09T05:12:48.632236Z,80.00,0.1900,0.8100,yes
e75b1f4e-1e0b-4893-9b97-3a79981ade16,KXCANADAPM-45-C,2025-04-09T04:47:29.705457Z,13.00,0.1900,0.8100,no
11ce3c8a-50b6-41d3-acc9-d112b2887813,KXCANADAPM-45-C,2025-04-09T04:47:29.705457Z,6.00,0.1900,0.8100,no
edcd2663-020c-4c1d-86c5-8e3babfaaeab,KXCANADAPM-45-C,2025-04-09T04:25:37.266388Z,400.00,0.2000,0.8000,yes
83d98257-375e-420f-b0a3-18efb058ba91,KXCANADAPM-45-C,2025-04-09T04:15:24.822969Z,363.00,0.1800,0.8200,no
6f842caf-a31d-4fac-a146-988e893b9dc7,KXCANADAPM-45-C,2025-04-09T04:15:24.822969Z,100.00,0.1900,0.8100,no
33bdf6c2-83bc-41f7-b955-fd111ed57145,KXCANADAPM-45-C,2025-04-09T04:15:24.822969Z,37.00,0.1900,0.8100,no
fddd9f18-f1a4-4603-8c74-1f2fec26610d,KXCANADAPM-45-C,2025-04-09T03:47:06.270898Z,19.00,0.1900,0.8100,no
e129b0ca-9b13-48e8-89b8-1212754632b8,KXCANADAPM-45-C,2025-04-09T03:47:06.270898Z,206.00,0.1900,0.8100,no
d41e38e3-8d33-4299-b19c-9ad336b0d801,KXCANADAPM-45-C,2025-04-09T03:47:06.270898Z,19.00,0.1900,0.8100,no
9a563d47-ad1e-41a0-8941-b22d7c6268d5,KXCANADAPM-45-C,2025-04-09T03:47:06.270898Z,19.00,0.1900,0.8100,no
7ab0f6fe-7342-41b6-aed9-5444c6cb1154,KXCANADAPM-45-C,2025-04-09T03:47:06.270898Z,414.00,0.1900,0.8100,no
722b6865-f280-4e36-b282-ba6ccd47c709,KXCANADAPM-45-C,2025-04-09T03:47:06.270898Z,1.00,0.1900,0.8100,no
5be04233-9b8a-454d-a3c4-860791edcdd9,KXCANADAPM-45-C,2025-04-09T03:47:06.270898Z,39.00,0.1900,0.8100,no
312b3eb6-00e7-4848-8742-50784bf58f9f,KXCANADAPM-45-C,2025-04-09T03:47:06.270898Z,29.00,0.1900,0.8100,no
10f1520a-1a43-44a1-82a1-48f4ffe41f47,KXCANADAPM-45-C,2025-04-09T03:47:06.270898Z,2500.00,0.1900,0.8100,no
0cb159c1-1f40-41c6-aba1-937d9da74aae,KXCANADAPM-45-C,2025-04-09T03:20:23.545951Z,9.00,0.2000,0.8000,yes
c37c5448-72b0-4875-8c81-5009584a8dae,KXCANADAPM-45-C,2025-04-09T03:20:07.291373Z,9.00,0.2000,0.8000,yes
be8bc0a9-d9c2-44bd-ad95-6e5f4e049af9,KXCANADAPM-45-C,2025-04-09T03:19:56.390146Z,185.00,0.2000,0.8000,no
86807b6a-b54f-47d6-b9b5-41716a513e5a,KXCANADAPM-45-C,2025-04-09T03:19:56.390146Z,1175.00,0.2000,0.8000,no
2101b787-b4d4-4ff2-8125-32f6d2bc6808,KXCANADAPM-45-C,2025-04-09T03:19:56.390146Z,9.00,0.2000,0.8000,no
bbbddc4f-029f-4727-8a61-552d30e0aadc,KXCANADAPM-45-C,2025-04-09T03:15:34.866123Z,3.00,0.2000,0.8000,no
60433257-a6c8-4c28-a6b4-0ce2faca28de,KXCANADAPM-45-C,2025-04-09T02:35:09.85219Z,822.00,0.2000,0.8000,yes
71afa6ca-ccdf-4486-bb31-2b72e9e53de8,KXCANADAPM-45-C,2025-04-09T02:14:21.847298Z,372.00,0.2100,0.7900,yes
390383ac-ff84-412c-adbe-cd0957e91d79,KXCANADAPM-45-C,2025-04-09T01:39:30.146924Z,9.00,0.2000,0.8000,no
2aad70c7-c174-4fa5-8683-95bef96e3e24,KXCANADAPM-45-C,2025-04-09T01:39:30.146924Z,46.00,0.2000,0.8000,no
cbd86918-b28e-457f-b149-565058cc533e,KXCANADAPM-45-C,2025-04-09T00:25:40.18858Z,12.00,0.2000,0.8000,yes
19e6b098-7afc-41e5-a2cc-63b4aa98de6e,KXCANADAPM-45-C,2025-04-09T00:25:40.18858Z,318.00,0.2000,0.8000,yes
ea9ec791-ca4e-40af-9036-b23539058c06,KXCANADAPM-45-C,2025-04-09T00:15:14.870079Z,16.00,0.2000,0.8000,no
8fb70c94-17e6-4fab-97f4-18dbd1013daf,KXCANADAPM-45-C,2025-04-09T00:15:14.870079Z,12.00,0.2000,0.8000,no
832dbd0c-0596-4e9a-990f-48715c793620,KXCANADAPM-45-C,2025-04-09T00:15:14.870079Z,2.00,0.2000,0.8000,no
551c25f0-49ed-4faf-8ea1-478d851baaee,KXCANADAPM-45-C,2025-04-09T00:15:14.870079Z,198.00,0.2000,0.8000,no
5365d950-9aeb-4e95-aaae-05ccb9cdb387,KXCANADAPM-45-C,2025-04-09T00:15:14.870079Z,6.00,0.2000,0.8000,no
3cc64148-eb2c-4b2d-9e9c-06e856ff0e88,KXCANADAPM-45-C,2025-04-09T00:15:14.870079Z,216.00,0.2000,0.8000,no
322138c9-eb6b-4c8f-81d6-4efd62e8c5cc,KXCANADAPM-45-C,2025-04-09T00:15:14.870079Z,1000.00,0.2000,0.8000,no
15310a63-bf5a-4a02-b6fa-d6d8f3ffa986,KXCANADAPM-45-C,2025-04-09T00:15:14.870079Z,17.00,0.2000,0.8000,no
030e5b43-840b-4473-98c1-2e299e569eb5,KXCANADAPM-45-C,2025-04-09T00:15:14.870079Z,33.00,0.2000,0.8000,no
c0e6f10c-f520-481e-8ba7-ce288114d0cb,KXCANADAPM-45-C,2025-04-08T23:28:19.193217Z,30.00,0.2100,0.7900,yes
9b64a367-6c2b-4a96-b693-4bebe4a4236e,KXCANADAPM-45-C,2025-04-08T23:27:13.254663Z,22.00,0.2100,0.7900,yes
1361473a-723d-46d2-ac52-aa558b7f5615,KXCANADAPM-45-C,2025-04-08T21:09:02.03129Z,107.00,0.2200,0.7800,yes
6c63b62a-6dcc-4250-b37e-2e1db6d4fb1d,KXCANADAPM-45-C,2025-04-08T21:06:28.764995Z,22.00,0.2000,0.8000,no
dfc3f9d7-78b6-4827-8ac0-0251a3ecb5ec,KXCANADAPM-45-C,2025-04-08T21:03:06.429467Z,27.00,0.2100,0.7900,yes
d6979631-4b39-4838-8d1b-71846701935a,KXCANADAPM-45-C,2025-04-08T21:03:06.429467Z,15.00,0.2200,0.7800,yes
c7122532-71c8-4869-b8a5-12985a5c90ac,KXCANADAPM-45-C,2025-04-08T21:03:06.429467Z,411.00,0.2200,0.7800,yes
ba571fa9-7c94-471d-9808-c1556a38a24d,KXCANADAPM-45-C,2025-04-08T21:03:06.429467Z,278.00,0.2200,0.7800,yes
b666b41e-0de5-454b-b3af-3eb92cc2e4a8,KXCANADAPM-45-C,2025-04-08T21:03:06.429467Z,8.00,0.2100,0.7900,yes
570c3e6b-156e-462e-8293-e7ed7e2f61de,KXCANADAPM-45-C,2025-04-08T21:03:06.429467Z,15.00,0.2200,0.7800,yes
3477aaca-2f6a-4546-be14-d552c61cdbbb,KXCANADAPM-45-C,2025-04-08T21:03:06.429467Z,12.00,0.2200,0.7800,yes
1c483e57-22c7-43ee-b52e-f3eb711dbf4a,KXCANADAPM-45-C,2025-04-08T21:03:06.429467Z,314.00,0.2100,0.7900,yes
322baca7-3f46-493a-beee-cc110642a508,KXCANADAPM-45-C,2025-04-08T20:02:11.372674Z,153.00,0.2100,0.7900,no
1a58896a-b960-436a-ae43-8df6367bdeee,KXCANADAPM-45-C,2025-04-08T20:02:11.372674Z,130.00,0.2100,0.7900,no
0078bad6-a4ed-4dd2-938d-8c3fae7a8211,KXCANADAPM-45-C,2025-04-08T20:02:11.372674Z,190.00,0.2100,0.7900,no
a81f3120-f964-43d4-9db5-59eeeed1f816,KXCANADAPM-45-C,2025-04-08T19:48:59.681747Z,22.00,0.2100,0.7900,no
b321324a-2e71-465a-a186-fb08505f2eba,KXCANADAPM-45-C,2025-04-08T19:48:56.155684Z,1518.00,0.2100,0.7900,no
0d9aebd6-8a8c-4f2b-94b7-ed88141e02ec,KXCANADAPM-45-C,2025-04-08T19:48:56.155684Z,159.00,0.2100,0.7900,no
23edc600-a8ed-4497-b0eb-4ecedb275f84,KXCANADAPM-45-C,2025-04-08T19:21:42.192407Z,23.00,0.2100,0.7900,no
f9188018-3aac-4112-9dd9-2b04d205844b,KXCANADAPM-45-C,2025-04-08T18:50:51.066018Z,9.00,0.2100,0.7900,no
3d8566c3-1cc5-4607-99d7-2e63a5a37e2f,KXCANADAPM-45-C,2025-04-08T18:48:11.519988Z,9.00,0.2100,0.7900,no
1677e38f-75c7-402c-b2e7-b167f44acaf0,KXCANADAPM-45-C,2025-04-08T18:46:51.771134Z,9.00,0.2100,0.7900,no
6de8f8b8-bf95-43be-82c2-0e2ccac4026a,KXCANADAPM-45-C,2025-04-08T18:16:04.171861Z,406.00,0.2100,0.7900,no
47b5d4b4-06d8-47f8-bfa1-8dfefea1b5a4,KXCANADAPM-45-C,2025-04-08T18:01:20.88226Z,827.00,0.2100,0.7900,no
282b6be9-c4d5-4af8-9ec3-caf04108f991,KXCANADAPM-45-C,2025-04-08T17:52:08.282368Z,50.00,0.2200,0.7800,yes
50bf79d4-0bd6-497f-b5f5-180bc9992095,KXCANADAPM-45-C,2025-04-08T17:44:45.049609Z,7.00,0.2100,0.7900,no
9df70d86-49ae-4187-a4d3-81fb48e0fe4c,KXCANADAPM-45-C,2025-04-08T17:33:34.164985Z,36.00,0.2100,0.7900,yes
28476ecd-e4ee-45e0-bb1a-300776f53f97,KXCANADAPM-45-C,2025-04-08T17:33:34.164985Z,276.00,0.2100,0.7900,yes
fbbb6761-997f-4f56-8df2-6109b4f7e896,KXCANADAPM-45-C,2025-04-08T16:49:55.172547Z,12.00,0.2000,0.8000,no
d616ad64-278f-4156-9766-35a633fb80e8,KXCANADAPM-45-C,2025-04-08T16:49:44.986303Z,114.00,0.2100,0.7900,no
9c2041c3-9e1c-4413-b0be-db596bd6a30f,KXCANADAPM-45-C,2025-04-08T16:49:44.986303Z,618.00,0.2100,0.7900,no
442ed40b-4b12-40e6-9124-a24250cc7cb3,KXCANADAPM-45-C,2025-04-08T16:49:44.986303Z,34.00,0.2100,0.7900,no
42f42aef-87c0-4f18-bf9f-d60637ba4739,KXCANADAPM-45-C,2025-04-08T16:49:44.986303Z,10.00,0.2100,0.7900,no
397ad8a3-c422-4808-a4b4-9489880934b2,KXCANADAPM-45-C,2025-04-08T16:49:44.986303Z,438.00,0.2100,0.7900,no
5928b4b3-a459-4e4b-90f7-9171653bf86f,KXCANADAPM-45-C,2025-04-08T16:22:15.506182Z,94.00,0.2200,0.7800,yes
401b6de0-5026-4d57-9525-107f6cc613b3,KXCANADAPM-45-C,2025-04-08T16:22:15.506182Z,68.00,0.2200,0.7800,yes
0524fc6b-21dc-4aa9-b5cf-79bd67940b0a,KXCANADAPM-45-C,2025-04-08T16:22:15.506182Z,268.00,0.2200,0.7800,yes
32d97fa7-8de7-488a-bb44-7b1d5ef5b6b1,KXCANADAPM-45-C,2025-04-08T16:20:35.685136Z,62.00,0.2100,0.7900,no
abb7b196-519e-41c5-a96b-e29d59461f6d,KXCANADAPM-45-C,2025-04-08T16:11:25.370286Z,431.00,0.2200,0.7800,yes
c5dd2910-dd10-45e4-8d0e-c6fc2fa83896,KXCANADAPM-45-C,2025-04-08T16:10:51.697615Z,1.00,0.2200,0.7800,yes
6ff1e616-f41f-4e5a-a46d-b19ec6fbbb98,KXCANADAPM-45-C,2025-04-08T16:10:51.697615Z,79.00,0.2200,0.7800,yes
0f697acc-c979-4f7f-a483-c0a05ac179b4,KXCANADAPM-45-C,2025-04-08T16:00:56.770934Z,21.00,0.2200,0.7800,yes
c748a71c-011a-4251-96a0-d0ccceffe6e0,KXCANADAPM-45-C,2025-04-08T15:40:15.685616Z,249.00,0.2200,0.7800,yes
706a8648-b5cc-47e7-9ead-5bd655524677,KXCANADAPM-45-C,2025-04-08T15:34:46.897762Z,2.00,0.2200,0.7800,yes
3540bc7a-ecc7-44aa-ac00-f433b2ca6dee,KXCANADAPM-45-C,2025-04-08T15:34:46.897762Z,7.00,0.2200,0.7800,yes
f6825b84-db84-4ebe-8038-9607edb366d9,KXCANADAPM-45-C,2025-04-08T15:34:37.454928Z,3.00,0.2200,0.7800,no
a14322c7-f436-4375-939b-0453c207eb3e,KXCANADAPM-45-C,2025-04-08T15:34:37.454928Z,9.00,0.2200,0.7800,no
16b3a0ac-1cd9-4023-87ef-5ff58c78709e,KXCANADAPM-45-C,2025-04-08T15:34:37.454928Z,11.00,0.2200,0.7800,no
14e4ce48-c252-4d82-a317-88c515f0217d,KXCANADAPM-45-C,2025-04-08T15:34:37.454928Z,80.00,0.2200,0.7800,no
5c30ac23-4cb9-48cf-804e-1425f3e5a78a,KXCANADAPM-45-C,2025-04-08T14:59:25.488048Z,4378.00,0.2200,0.7800,no
b5c61cea-3663-4a25-9c75-c89c89029c34,KXCANADAPM-45-C,2025-04-08T14:48:43.30673Z,606.00,0.2300,0.7700,yes
71a138ef-023e-4cc5-b46f-ede8333ffeaf,KXCANADAPM-45-C,2025-04-08T14:46:18.933136Z,190.00,0.2200,0.7800,no
6436f251-9c8d-4bd4-8ace-921716530e26,KXCANADAPM-45-C,2025-04-08T14:46:18.933136Z,542.00,0.2200,0.7800,no
09f1cb86-4562-4194-8f93-de7861242074,KXCANADAPM-45-C,2025-04-08T14:46:18.933136Z,9.00,0.2200,0.7800,no
e093f790-4bf6-45c0-a32f-4fdd0a8b6103,KXCANADAPM-45-C,2025-04-08T14:36:32.257468Z,76.00,0.2300,0.7700,yes
8ca83297-a736-4c75-8c57-076779cef1cc,KXCANADAPM-45-C,2025-04-08T12:25:09.087557Z,55.00,0.2300,0.7700,yes
678e3bea-e098-4d9d-a512-15f7bb36a5a9,KXCANADAPM-45-C,2025-04-08T12:25:09.087557Z,9.00,0.2300,0.7700,yes
496453a3-78e6-4b97-b5bf-e9e765f88b06,KXCANADAPM-45-C,2025-04-08T12:25:09.087557Z,335.00,0.2300,0.7700,yes
d8167904-fcbc-4fba-87a7-00228faf5349,KXCANADAPM-45-C,2025-04-08T12:10:25.843156Z,300.00,0.2200,0.7800,no
32e40632-8d78-4c12-9ff3-2573a642d153,KXCANADAPM-45-C,2025-04-08T04:44:50.104504Z,406.00,0.2300,0.7700,yes
f5685669-67a2-41a1-ad9f-cd4c2354cd39,KXCANADAPM-45-C,2025-04-08T04:12:19.603097Z,50.00,0.2300,0.7700,yes
b63d8883-792f-4401-979d-795e82a62bd1,KXCANADAPM-45-C,2025-04-08T04:12:19.603097Z,156.00,0.2300,0.7700,yes
e602406d-1fd4-4f9a-883d-f4e417b86a79,KXCANADAPM-45-C,2025-04-08T04:09:55.748912Z,24.00,0.2200,0.7800,no
ce550c81-74b2-4d7a-bb24-3af7f502ce74,KXCANADAPM-45-C,2025-04-08T04:09:55.748912Z,24.00,0.2200,0.7800,no
a37dfca9-3c05-4b92-9533-f40b65473739,KXCANADAPM-45-C,2025-04-08T04:09:55.748912Z,4.00,0.2200,0.7800,no
9924bca3-c830-471f-8627-9f34841ae985,KXCANADAPM-45-C,2025-04-08T04:09:55.748912Z,89.00,0.2200,0.7800,no
735c39dd-8210-49dc-9c5b-22388916ddf5,KXCANADAPM-45-C,2025-04-08T04:09:55.748912Z,24.00,0.2200,0.7800,no
40586f28-f8b5-4c72-9278-922358fc3826,KXCANADAPM-45-C,2025-04-08T04:09:55.748912Z,24.00,0.2200,0.7800,no
84d13661-4a45-45ba-9e9c-8d9f0bf5e368,KXCANADAPM-45-C,2025-04-08T04:05:45.783854Z,10.00,0.2300,0.7700,no
3b00a839-10ee-4a4a-b07b-f869734b8d97,KXCANADAPM-45-C,2025-04-08T04:05:45.783854Z,55.00,0.2300,0.7700,no
1071e019-15f1-4c38-a54f-1264ce64112e,KXCANADAPM-45-C,2025-04-08T04:05:45.783854Z,137.00,0.2300,0.7700,no
c6ae49b3-3c1b-467c-97f4-01f719ecb9d3,KXCANADAPM-45-C,2025-04-08T03:59:51.952228Z,100.00,0.2300,0.7700,no
64f275e7-4c93-42b3-b9df-ae8eee73e697,KXCANADAPM-45-C,2025-04-08T03:14:58.526652Z,80.00,0.2300,0.7700,no
35571ca7-910e-4e97-82cf-82c2b6efae41,KXCANADAPM-45-C,2025-04-08T03:13:36.610743Z,131.00,0.2400,0.7600,yes
930b88e8-13b1-47cb-9d44-0abf3b311586,KXCANADAPM-45-C,2025-04-08T03:04:32.992539Z,540.00,0.2400,0.7600,yes
6d57c1aa-2766-40e4-a51e-1cd6c0712394,KXCANADAPM-45-C,2025-04-08T00:44:40.783513Z,40.00,0.2400,0.7600,yes
adea9b4a-7255-476a-a9d8-6740e9aee3aa,KXCANADAPM-45-C,2025-04-08T00:39:43.530708Z,96.00,0.2400,0.7600,yes
70360e2b-466b-44e4-8d35-c9c2d0bd7333,KXCANADAPM-45-C,2025-04-08T00:05:39.52063Z,197.00,0.2400,0.7600,yes
f55da22c-deaf-4c81-97df-fcedbf93af41,KXCANADAPM-45-C,2025-04-08T00:02:42.621796Z,9.00,0.2400,0.7600,yes
f04308c4-d354-44a1-9102-316d25ee8fab,KXCANADAPM-45-C,2025-04-08T00:02:42.621796Z,9.00,0.2400,0.7600,yes
cf375f87-ac7b-47d7-8e86-410772fb5784,KXCANADAPM-45-C,2025-04-08T00:02:42.621796Z,260.00,0.2400,0.7600,yes
5f32dd45-3482-4849-bea9-dd8ec732dce9,KXCANADAPM-45-C,2025-04-08T00:02:42.621796Z,9.00,0.2400,0.7600,yes
51d4ab16-c162-4059-a721-f5d46e46f3be,KXCANADAPM-45-C,2025-04-08T00:02:42.621796Z,8.00,0.2400,0.7600,yes
4b17e4f5-07ac-486a-a465-20687fde8355,KXCANADAPM-45-C,2025-04-08T00:02:42.621796Z,150.00,0.2400,0.7600,yes
0d9b80b3-d29f-49a7-8694-5505adad5a10,KXCANADAPM-45-C,2025-04-08T00:02:42.621796Z,55.00,0.2400,0.7600,yes
62ebf87c-7bdc-4ada-bc52-746d70e6056d,KXCANADAPM-45-C,2025-04-07T23:09:19.160826Z,55.00,0.2400,0.7600,yes
7d520c23-dca3-4eea-b9cf-57382c5ef263,KXCANADAPM-45-C,2025-04-07T21:21:14.241045Z,69.00,0.2400,0.7600,yes
fb9e9f26-9886-4d70-b93c-b44f336d0f52,KXCANADAPM-45-C,2025-04-07T20:52:00.240122Z,4.00,0.2300,0.7700,no
669e8e30-1f94-4998-a7b2-c2bebd2861e7,KXCANADAPM-45-C,2025-04-07T20:51:46.808083Z,10.00,0.2400,0.7600,yes
c59293d1-4128-4a80-8015-2c45609c6012,KXCANADAPM-45-C,2025-04-07T20:48:58.866025Z,35.00,0.2400,0.7600,no
a839915b-029a-41db-8472-1e02651c7f48,KXCANADAPM-45-C,2025-04-07T20:48:58.866025Z,5.00,0.2400,0.7600,no
963bea7d-05b1-4a64-9d8e-4fdc58b92606,KXCANADAPM-45-C,2025-04-07T20:48:58.866025Z,25.00,0.2400,0.7600,no
911906e7-bea1-4a7e-be09-2bc699d825b6,KXCANADAPM-45-C,2025-04-07T20:48:58.866025Z,160.00,0.2400,0.7600,no
733442ae-c083-4231-82ff-907ee257e084,KXCANADAPM-45-C,2025-04-07T20:48:58.866025Z,10.00,0.2400,0.7600,no
6e9e3e1e-7b12-4493-8a89-ec9e8c418523,KXCANADAPM-45-C,2025-04-07T20:48:58.866025Z,58.00,0.2400,0.7600,no
3e8d952f-a711-43b6-bc26-9b2ef9c618ac,KXCANADAPM-45-C,2025-04-07T20:47:18.504968Z,62.00,0.2400,0.7600,no
a162adfd-bbc8-42ce-bf20-bf874b0b9b96,KXCANADAPM-45-C,2025-04-07T20:46:47.416646Z,51.00,0.2400,0.7600,no
1406c685-0951-4926-b434-764d3524512f,KXCANADAPM-45-C,2025-04-07T20:46:37.055952Z,51.00,0.2400,0.7600,no
307b96fc-8231-4e63-b9f9-1967d1a7b124,KXCANADAPM-45-C,2025-04-07T20:46:26.747139Z,51.00,0.2400,0.7600,no
4ec7d0fb-d3c3-42c6-9c85-059246dd11db,KXCANADAPM-45-C,2025-04-07T20:46:16.507474Z,51.00,0.2400,0.7600,no
7b2ca4db-b3fc-43ac-93e8-fe1e0e6d01b3,KXCANADAPM-45-C,2025-04-07T20:46:06.096111Z,51.00,0.2400,0.7600,no
f940b09c-98a9-48f9-ae3f-e26dccdac53a,KXCANADAPM-45-C,2025-04-07T20:45:55.675582Z,27.00,0.2400,0.7600,no
34e7f824-6e55-40b3-a9c9-939dc9132a6e,KXCANADAPM-45-C,2025-04-07T20:45:55.675582Z,25.00,0.2400,0.7600,no
a6438045-ff11-44d3-b60d-c656a296cc0f,KXCANADAPM-45-C,2025-04-07T20:45:45.675906Z,58.00,0.2400,0.7600,no
d3ce71ab-4166-487d-a609-fde00ea5c74b,KXCANADAPM-45-C,2025-04-07T19:00:26.822624Z,45.00,0.2400,0.7600,no
a00cc7f2-e4df-497c-ae38-fbb8114cc9ce,KXCANADAPM-45-C,2025-04-07T18:40:18.43711Z,110.00,0.2400,0.7600,no
9f3107f0-6e80-456f-9f07-ae17e42dc9be,KXCANADAPM-45-C,2025-04-07T17:43:56.813702Z,52.00,0.2500,0.7500,yes
003398bc-3b55-42ae-9a27-3146a9173832,KXCANADAPM-45-C,2025-04-07T17:43:56.813702Z,137.00,0.2500,0.7500,yes
429d017c-14db-4ebb-8346-1e2811e8ab77,KXCANADAPM-45-C,2025-04-07T16:56:47.277948Z,7.00,0.2500,0.7500,yes
f085538c-3d98-4297-b2f7-a3bccbff9edc,KXCANADAPM-45-C,2025-04-07T16:08:10.715468Z,10.00,0.2500,0.7500,yes
af0d528f-8320-43d3-a919-810404d2fb35,KXCANADAPM-45-C,2025-04-07T16:08:10.715468Z,8.00,0.2500,0.7500,yes
6ae5e8dd-bb12-47cb-8d35-16b6f465e7ea,KXCANADAPM-45-C,2025-04-07T15:55:55.963405Z,135.00,0.2500,0.7500,yes
d6de5ece-0c28-4e1b-8803-697676d2c701,KXCANADAPM-45-C,2025-04-07T15:42:13.624264Z,1.00,0.2500,0.7500,yes
d62cbdd2-b9f3-466b-808b-da8a2ecb4378,KXCANADAPM-45-C,2025-04-07T15:42:13.624264Z,4.00,0.2500,0.7500,yes
d142db7d-8cc2-4d20-9507-11fe0b27c719,KXCANADAPM-45-C,2025-04-07T15:42:13.624264Z,67.00,0.2500,0.7500,yes
341d51df-e52c-481e-8d36-e54068715021,KXCANADAPM-45-C,2025-04-07T15:42:13.624264Z,39.00,0.2500,0.7500,yes
752b26a2-6cfe-449b-8f40-9871c5f42928,KXCANADAPM-45-C,2025-04-07T15:09:34.677977Z,89.00,0.2500,0.7500,yes
349c8e1b-6b71-4a21-93c6-807f3ca50dac,KXCANADAPM-45-C,2025-04-07T15:09:34.677977Z,6.00,0.2500,0.7500,yes
0da9f009-14c0-4a28-bfc2-330d28bd3e15,KXCANADAPM-45-C,2025-04-07T15:02:27.440927Z,95.00,0.2500,0.7500,yes
b900233f-cd50-47b4-ac0b-24bb31cba51c,KXCANADAPM-45-C,2025-04-07T15:01:33.641919Z,64.00,0.2400,0.7600,no
032e8ded-1b52-4f37-acc1-799a64bbb76a,KXCANADAPM-45-C,2025-04-07T14:11:58.421705Z,19.00,0.2500,0.7500,yes
aec8eb50-39bc-42a6-beb6-6ecb2c4e00a5,KXCANADAPM-45-C,2025-04-07T14:11:57.207226Z,10.00,0.2500,0.7500,yes
fb86db0c-034d-4b3d-a322-ff132257a4bc,KXCANADAPM-45-C,2025-04-07T14:11:56.062194Z,1139.00,0.2500,0.7500,no
c938add1-0a91-4f15-a0e5-8aaf45cfbcf0,KXCANADAPM-45-C,2025-04-07T14:11:56.062194Z,369.00,0.2500,0.7500,no
c6149788-9526-4b31-a737-94acf5211f53,KXCANADAPM-45-C,2025-04-07T14:11:56.062194Z,10.00,0.2500,0.7500,no
6d3c5641-0939-465a-8b85-7554c4ca1d02,KXCANADAPM-45-C,2025-04-07T14:11:56.062194Z,5.00,0.2500,0.7500,no
4bda6b84-0019-465f-86e2-4a0aa343f3c6,KXCANADAPM-45-C,2025-04-07T14:11:56.062194Z,264.00,0.2500,0.7500,no
7367d60c-442d-4a5e-a133-8f2b67f85d56,KXCANADAPM-45-C,2025-04-07T13:54:26.811883Z,135.00,0.2500,0.7500,no
e3769c9b-cace-481e-b51b-277c9d20e856,KXCANADAPM-45-C,2025-04-07T12:23:09.458944Z,10.00,0.2600,0.7400,yes
a547e0a9-4ac3-420b-94d4-c573a8e58dd2,KXCANADAPM-45-C,2025-04-07T12:23:09.458944Z,470.00,0.2600,0.7400,yes
15f998e2-9926-4d38-b38f-26802bacfeee,KXCANADAPM-45-C,2025-04-07T12:23:09.458944Z,20.00,0.2600,0.7400,yes
49f13808-9bec-4a0f-b282-c6dafa343f9c,KXCANADAPM-45-C,2025-04-07T06:51:26.785407Z,10.00,0.2500,0.7500,no
9f2e4175-3899-4fed-a146-6abbaee27ca7,KXCANADAPM-45-C,2025-04-07T06:51:23.871717Z,385.00,0.2500,0.7500,no
7e4761aa-d1b4-455c-aca6-8f3bc98aebb5,KXCANADAPM-45-C,2025-04-07T05:37:05.015351Z,30.00,0.2500,0.7500,no
d398a773-fc15-4827-9977-6466b581b9ac,KXCANADAPM-45-C,2025-04-07T05:36:44.334932Z,21.00,0.2500,0.7500,no
2c069015-4bb7-4744-8bb0-ec65402db569,KXCANADAPM-45-C,2025-04-07T05:36:39.216732Z,22.00,0.2500,0.7500,no
c176835b-9ef8-4202-91d7-e1b10ce31ded,KXCANADAPM-45-C,2025-04-07T05:36:33.928178Z,21.00,0.2500,0.7500,no
3a3478c7-b5ce-4cef-9483-f4fccff834d6,KXCANADAPM-45-C,2025-04-07T05:36:28.715731Z,22.00,0.2500,0.7500,no
31e04042-f3e2-4b17-a227-0d4b78445c4e,KXCANADAPM-45-C,2025-04-07T05:36:23.446769Z,21.00,0.2500,0.7500,no
01b3ab26-71cb-48ab-ae0a-31e08135174c,KXCANADAPM-45-C,2025-04-07T05:36:18.267477Z,22.00,0.2500,0.7500,no
9af8bd7e-8901-4878-b6d6-8373b5244950,KXCANADAPM-45-C,2025-04-07T05:36:13.006406Z,21.00,0.2500,0.7500,no
70a531ec-9284-46af-8e15-23f03de57289,KXCANADAPM-45-C,2025-04-07T05:36:07.894284Z,22.00,0.2500,0.7500,no
426df3ae-83ea-468a-a7cb-80fc107cf85a,KXCANADAPM-45-C,2025-04-07T05:36:02.915424Z,68.00,0.2500,0.7500,no
50611b3f-55a5-4751-9099-105c8bad80e5,KXCANADAPM-45-C,2025-04-07T05:10:02.315658Z,2.00,0.2500,0.7500,no
ea2379d6-eaf9-499d-a595-a4027259ae1c,KXCANADAPM-45-C,2025-04-07T05:06:46.727942Z,200.00,0.2600,0.7400,yes
4cb88bb5-dcec-41c6-b785-e28dba2ae79b,KXCANADAPM-45-C,2025-04-07T04:51:11.415739Z,57.00,0.2500,0.7500,no
63c08cc9-9d38-49ee-bdd0-090f0dc94e4e,KXCANADAPM-45-C,2025-04-07T04:18:30.696829Z,5.00,0.2500,0.7500,no
7c413252-74c7-4250-937b-4a5b3a0484c3,KXCANADAPM-45-C,2025-04-07T04:18:27.052104Z,131.00,0.2500,0.7500,no
e3345dca-df77-4e8b-95d0-4e604fe50e0e,KXCANADAPM-45-C,2025-04-07T04:15:56.426396Z,14.00,0.2500,0.7500,no
eccd7395-f61d-43d2-aa38-278fe38ba71c,KXCANADAPM-45-C,2025-04-07T04:15:52.296766Z,852.00,0.2500,0.7500,no
6c1f3322-31a1-454b-a6df-50508fc7d2e2,KXCANADAPM-45-C,2025-04-07T04:15:52.296766Z,10.00,0.2500,0.7500,no
29df4e44-c1d9-4433-a42a-226a9fb191cc,KXCANADAPM-45-C,2025-04-07T04:15:52.296766Z,138.00,0.2500,0.7500,no
564688cc-ef73-4249-9cbf-72dab1fc2133,KXCANADAPM-45-C,2025-04-07T04:15:52.216964Z,114.00,0.2500,0.7500,no
ac9edf41-869c-4fe8-8cd1-8b9bb8506794,KXCANADAPM-45-C,2025-04-07T04:15:35.647057Z,12.00,0.2500,0.7500,no
8e99e8f6-01b5-46e9-b6d4-6b1c00944f7c,KXCANADAPM-45-C,2025-04-07T04:15:33.589104Z,137.00,0.2500,0.7500,no
38e30904-1d32-418e-892e-bef7c1cf0ee3,KXCANADAPM-45-C,2025-04-07T04:15:33.517602Z,1000.00,0.2500,0.7500,no
02a0fbbd-80d9-453f-a46d-27ba42b368a4,KXCANADAPM-45-C,2025-04-07T03:47:11.048503Z,358.00,0.2600,0.7400,yes
d76d00c9-29e4-49da-aa54-f8daaee6edf6,KXCANADAPM-45-C,2025-04-07T03:27:35.289315Z,25.00,0.2600,0.7400,yes
238ac475-d35e-499d-802f-0d974e47dc71,KXCANADAPM-45-C,2025-04-07T03:23:51.83061Z,73.00,0.2600,0.7400,yes
7941c650-5925-4fec-a74b-29734c523a83,KXCANADAPM-45-C,2025-04-07T02:55:38.382953Z,36.00,0.2600,0.7400,yes
d64076da-21f3-445b-af1f-99b57c1c421a,KXCANADAPM-45-C,2025-04-07T02:53:31.875875Z,73.00,0.2500,0.7500,no
68f63fc8-6bb8-46dc-95a8-42be799b87eb,KXCANADAPM-45-C,2025-04-07T01:39:32.923794Z,19.00,0.2500,0.7500,no
824c0f87-5ea1-4cc2-ad6b-3c1e623fcc96,KXCANADAPM-45-C,2025-04-07T01:20:57.390623Z,50.00,0.2600,0.7400,yes
dc5e97ba-9e5f-4ec7-8019-9fcc195b8948,KXCANADAPM-45-C,2025-04-07T00:34:00.174456Z,30.00,0.2600,0.7400,yes
7fbaca52-bcdc-4c95-9cd8-c83f69a208d1,KXCANADAPM-45-C,2025-04-07T00:34:00.174456Z,150.00,0.2600,0.7400,yes
6583f113-31db-47eb-957d-6761b7c2dd47,KXCANADAPM-45-C,2025-04-07T00:34:00.174456Z,277.00,0.2600,0.7400,yes
d6c8a357-b96d-4d6c-927e-20fba2144004,KXCANADAPM-45-C,2025-04-07T00:33:51.495572Z,110.00,0.2500,0.7500,no
ab2d1548-3c98-43ea-8f60-df7be8869d0f,KXCANADAPM-45-C,2025-04-07T00:33:42.15031Z,111.00,0.2500,0.7500,no
2b675056-7fdf-4ea3-80d3-5c3a93fb9b85,KXCANADAPM-45-C,2025-04-07T00:33:30.685173Z,121.00,0.2500,0.7500,no
0e3a9c33-be0d-42dc-95ae-4540119420a0,KXCANADAPM-45-C,2025-04-07T00:20:33.556027Z,34.00,0.2500,0.7500,no
eee12175-7c8d-49b1-ad99-699b25f91784,KXCANADAPM-45-C,2025-04-06T23:47:35.155435Z,86.00,0.2500,0.7500,no
8c796c4c-c75a-48fc-bd14-d0d713997411,KXCANADAPM-45-C,2025-04-06T23:36:32.979878Z,7.00,0.2600,0.7400,yes
9d7b3a7b-b2bd-4d0a-b448-02893bef7b0e,KXCANADAPM-45-C,2025-04-06T23:32:09.708858Z,36.00,0.2600,0.7400,yes
ceab587a-13a2-48fd-b972-871d3b6c6910,KXCANADAPM-45-C,2025-04-06T23:30:03.179748Z,1.00,0.2600,0.7400,yes
ee668ff8-0cea-4ea9-bf03-541ab8848882,KXCANADAPM-45-C,2025-04-06T23:08:08.729694Z,18.00,0.2600,0.7400,yes
a40e12da-16a8-46bd-a176-25faf4a52e28,KXCANADAPM-45-C,2025-04-06T23:08:08.729694Z,306.00,0.2600,0.7400,yes
82442490-f458-4eaf-b61c-7c05f5bedeba,KXCANADAPM-45-C,2025-04-06T23:08:08.729694Z,18.00,0.2600,0.7400,yes
2dd0a3a2-6c74-4a2e-ad24-f045efd7d97f,KXCANADAPM-45-C,2025-04-06T23:08:08.729694Z,7.00,0.2600,0.7400,yes
1eff8844-e63d-4f39-8ea8-84665b5b26da,KXCANADAPM-45-C,2025-04-06T23:08:08.729694Z,18.00,0.2600,0.7400,yes
159821a0-dce4-4b83-811b-845c177c65ea,KXCANADAPM-45-C,2025-04-06T23:08:08.729694Z,18.00,0.2600,0.7400,yes
d47c8d19-af7e-406c-b403-f6a67643173b,KXCANADAPM-45-C,2025-04-06T23:04:22.861175Z,1786.00,0.2500,0.7500,no
6fe878ae-25f5-4772-bee1-31f8745749b6,KXCANADAPM-45-C,2025-04-06T22:59:21.379979Z,67.00,0.2500,0.7500,yes
5d9607ce-49da-438f-9b0a-0747932c4ac6,KXCANADAPM-45-C,2025-04-06T22:59:21.379979Z,192.00,0.2500,0.7500,yes
b60743f4-58d9-4f94-baf9-b23d88ee990d,KXCANADAPM-45-C,2025-04-06T22:48:46.498709Z,10.00,0.2500,0.7500,yes
994d55f1-6e40-4e0d-bdd9-baa387cd30ec,KXCANADAPM-45-C,2025-04-06T22:48:46.498709Z,631.00,0.2500,0.7500,yes
981fac29-f860-44cf-a0de-f06daf083d3a,KXCANADAPM-45-C,2025-04-06T22:48:46.498709Z,308.00,0.2500,0.7500,yes
0f6ee235-5b67-498b-9c08-b54c0f0f13a1,KXCANADAPM-45-C,2025-04-06T22:48:46.498709Z,1.00,0.2500,0.7500,yes
b437b4f1-f394-4b27-b98a-b78f96674d1b,KXCANADAPM-45-C,2025-04-06T22:32:00.11158Z,89.00,0.2400,0.7600,no
6fc6a821-10e3-4ed7-90fb-2446c2308da6,KXCANADAPM-45-C,2025-04-06T22:22:10.992337Z,124.00,0.2500,0.7500,yes
55b6451d-e85e-48fd-88e9-682ccacf90b9,KXCANADAPM-45-C,2025-04-06T22:22:10.992337Z,34.00,0.2500,0.7500,yes
38c93509-2088-4632-a0c7-c039b570859a,KXCANADAPM-45-C,2025-04-06T22:22:10.992337Z,2.00,0.2500,0.7500,yes
630f02f2-3fb1-4121-86e3-c049dcea92b2,KXCANADAPM-45-C,2025-04-06T20:45:46.241536Z,24.00,0.2500,0.7500,yes
a5044e95-a340-489a-a9ed-af01f5835e80,KXCANADAPM-45-C,2025-04-06T20:37:01.557751Z,4.00,0.2500,0.7500,yes
d300d10b-4233-40fa-a39d-789ba671ab8d,KXCANADAPM-45-C,2025-04-06T19:54:19.543568Z,43.00,0.2400,0.7600,no
b6d8fdd5-4642-4f4d-956d-ea97f93b8b45,KXCANADAPM-45-C,2025-04-06T19:54:19.543568Z,107.00,0.2400,0.7600,no
2e31b75d-8edf-45d3-9a5f-a66104e981e1,KXCANADAPM-45-C,2025-04-06T19:54:19.543568Z,10.00,0.2400,0.7600,no
b6139150-5435-491e-a666-5f10d0af6237,KXCANADAPM-45-C,2025-04-06T19:03:20.463028Z,38.00,0.2500,0.7500,yes
fef4b013-2067-4cb7-8eba-b7b5183c39cd,KXCANADAPM-45-C,2025-04-06T18:57:50.806808Z,7.00,0.2500,0.7500,yes
cc7ff952-793a-451e-b903-3c99313db639,KXCANADAPM-45-C,2025-04-06T18:57:50.806808Z,16.00,0.2500,0.7500,yes
c5509ed1-90e1-48e5-a92a-d9f0a463454e,KXCANADAPM-45-C,2025-04-06T18:57:50.806808Z,16.00,0.2500,0.7500,yes
9dcc7b30-ac5b-416a-aad1-51a4c6b2c4f4,KXCANADAPM-45-C,2025-04-06T18:57:50.806808Z,5.00,0.2500,0.7500,yes
870c8ee4-66c1-4f8f-883e-e92ccf478c7e,KXCANADAPM-45-C,2025-04-06T18:57:50.806808Z,238.00,0.2500,0.7500,yes
86c56dd3-6fcf-4654-84b7-abd08c1475d1,KXCANADAPM-45-C,2025-04-06T18:57:50.806808Z,16.00,0.2500,0.7500,yes
71fc5532-8697-47ef-a1b9-0e141d388574,KXCANADAPM-45-C,2025-04-06T18:57:50.806808Z,16.00,0.2500,0.7500,yes
d3e52d4d-639e-4f5d-9389-32cc2aac53b1,KXCANADAPM-45-C,2025-04-06T17:09:03.249806Z,31.00,0.2400,0.7600,yes
29963e80-fe33-4bec-89e3-3efb446c706c,KXCANADAPM-45-C,2025-04-06T17:09:03.249806Z,52.00,0.2400,0.7600,yes
f5b8a13e-4a85-42e0-9816-54a580827f63,KXCANADAPM-45-C,2025-04-06T17:08:43.889861Z,31.00,0.2400,0.7600,yes
db4b3c4d-a51e-49e1-9626-53b049bb47ba,KXCANADAPM-45-C,2025-04-06T17:08:43.889861Z,10.00,0.2400,0.7600,yes
c47da21f-bd4b-4925-baef-2cf446821e6a,KXCANADAPM-45-C,2025-04-06T17:08:43.889861Z,74.00,0.2400,0.7600,yes
7ff48421-06c2-4579-a801-22534c3d4c7a,KXCANADAPM-45-C,2025-04-06T17:08:43.889861Z,160.00,0.2400,0.7600,yes
70357cbc-6085-40d4-a809-104e1c1abfe6,KXCANADAPM-45-C,2025-04-06T17:08:43.889861Z,99.00,0.2400,0.7600,yes
58e12106-327c-42ca-b047-1c45272caa6d,KXCANADAPM-45-C,2025-04-06T17:08:43.889861Z,26.00,0.2400,0.7600,yes
2829f61d-9d6c-4424-b219-3e1b1e02f12c,KXCANADAPM-45-C,2025-04-06T17:08:43.889861Z,600.00,0.2400,0.7600,yes
6481380e-955d-4b40-8956-45f37399c038,KXCANADAPM-45-C,2025-04-06T17:06:00.582734Z,1700.00,0.2400,0.7600,yes
7f4be7bd-64a1-432f-a842-c99878b2630f,KXCANADAPM-45-C,2025-04-06T16:39:00.079006Z,3.00,0.2400,0.7600,yes
ac6421b3-c5d6-4f5e-b709-4a6007cbe689,KXCANADAPM-45-C,2025-04-06T16:19:25.382561Z,103.00,0.2400,0.7600,yes
b2c47e5e-940d-402d-abc8-e82fc3a95bf0,KXCANADAPM-45-C,2025-04-06T16:19:22.019249Z,22.00,0.2400,0.7600,yes
6c437024-439b-4248-bc49-3677238b7864,KXCANADAPM-45-C,2025-04-06T16:19:19.994501Z,62.00,0.2400,0.7600,yes
dd50454d-d5f2-4ed1-9717-6d4a0198dfb0,KXCANADAPM-45-C,2025-04-06T16:19:18.325349Z,200.00,0.2400,0.7600,yes
a4429e50-318f-4c73-b946-6752649b7063,KXCANADAPM-45-C,2025-04-06T16:17:24.199826Z,200.00,0.2400,0.7600,yes
f02efb4e-1fea-4431-9e7c-16faf582077c,KXCANADAPM-45-C,2025-04-06T14:35:49.349984Z,1146.00,0.2400,0.7600,yes
9f4c0b38-3880-4c4c-8775-ce86b32ca8d5,KXCANADAPM-45-C,2025-04-06T14:35:37.847149Z,1000.00,0.2400,0.7600,yes
fd2c38df-7f7c-49d8-8740-fc564e2cfaff,KXCANADAPM-45-C,2025-04-06T12:55:43.958024Z,31.00,0.2400,0.7600,yes
ef5a50ec-5994-4b5e-a3db-d9140c5d4c26,KXCANADAPM-45-C,2025-04-06T12:55:41.054039Z,7.00,0.2400,0.7600,no
d8e82245-b166-4a10-b117-bbf25020d526,KXCANADAPM-45-C,2025-04-06T12:55:41.054039Z,16.00,0.2400,0.7600,no
ce608c1b-f27d-4d26-bf78-c7724d8d34b7,KXCANADAPM-45-C,2025-04-06T12:55:41.054039Z,16.00,0.2400,0.7600,no
aa6c82e4-6954-4d00-8043-4bc7ae107c7b,KXCANADAPM-45-C,2025-04-06T12:55:41.054039Z,16.00,0.2400,0.7600,no
29beceb6-c9a2-44a7-92a3-01e8369acf07,KXCANADAPM-45-C,2025-04-06T12:55:41.054039Z,10.00,0.2400,0.7600,no
205eef54-0f9a-4b2a-86d7-62057928c5c7,KXCANADAPM-45-C,2025-04-06T12:55:41.054039Z,353.00,0.2400,0.7600,no
0ef4977b-ff6e-4bde-b228-8764f0013038,KXCANADAPM-45-C,2025-04-06T12:55:41.054039Z,16.00,0.2400,0.7600,no
098e5782-2412-480f-bbb8-a900bedb77c1,KXCANADAPM-45-C,2025-04-06T12:28:52.308224Z,250.00,0.2400,0.7600,no
d8ce1fee-cf47-4218-8a6a-4f3076d96805,KXCANADAPM-45-C,2025-04-06T12:04:33.993443Z,254.00,0.2400,0.7600,no
9a015880-9223-42d3-a3ac-b6bc66603414,KXCANADAPM-45-C,2025-04-06T06:08:44.66554Z,10.00,0.2500,0.7500,yes
8ce030f6-133f-4140-8301-75869b6f66b0,KXCANADAPM-45-C,2025-04-06T05:48:48.835172Z,50.00,0.2400,0.7600,no
bcdf82f4-18cb-4d06-a133-b13f92e59e45,KXCANADAPM-45-C,2025-04-06T05:45:58.495924Z,93.00,0.2400,0.7600,no
a15e34b4-2e89-4082-b9d7-9043a3cbc474,KXCANADAPM-45-C,2025-04-06T05:45:48.225298Z,95.00,0.2400,0.7600,no
98d79cc1-f3ab-420e-a8ed-ed3754ec32d9,KXCANADAPM-45-C,2025-04-06T05:45:37.747164Z,40.00,0.2400,0.7600,no
3b898afe-5b68-4383-9db2-88bfa29f9232,KXCANADAPM-45-C,2025-04-06T05:45:37.747164Z,55.00,0.2400,0.7600,no
f69bc9e0-6180-4b7d-bb35-47038977cace,KXCANADAPM-45-C,2025-04-06T05:45:27.38641Z,95.00,0.2400,0.7600,no
5ec5823b-fafa-485b-9c9b-cb023529b949,KXCANADAPM-45-C,2025-04-06T05:45:17.050025Z,96.00,0.2400,0.7600,no
881eb5fd-ee93-4a2d-8124-7fccf352f1da,KXCANADAPM-45-C,2025-04-06T05:45:08.539613Z,173.00,0.2400,0.7600,yes
6a27ee79-3ea3-4f3d-8f96-a0ce920f8163,KXCANADAPM-45-C,2025-04-06T05:45:08.539613Z,96.00,0.2400,0.7600,yes
bef5a1f6-7d56-4778-a4d1-03151d97c792,KXCANADAPM-45-C,2025-04-06T05:08:23.456314Z,97.00,0.2400,0.7600,no
c46ec213-e82c-4a92-bd09-17d7a062b6ff,KXCANADAPM-45-C,2025-04-06T05:08:13.075191Z,13.00,0.2400,0.7600,no
a3f74ce4-cf52-4a27-b306-ecbe30e78d15,KXCANADAPM-45-C,2025-04-06T05:08:13.075191Z,84.00,0.2400,0.7600,no
7cea98fb-0193-4479-9f8c-d8420207ad50,KXCANADAPM-45-C,2025-04-06T05:08:02.816982Z,97.00,0.2400,0.7600,no
189d5fd2-d374-41f9-bfa1-25722fabe2f7,KXCANADAPM-45-C,2025-04-06T05:07:52.546979Z,99.00,0.2400,0.7600,no
a1bf7b91-26c1-4b4f-bef8-28204e09aecb,KXCANADAPM-45-C,2025-04-06T05:07:42.198615Z,99.00,0.2400,0.7600,no
2fda3a77-e7a6-453c-b701-19c29dba9f86,KXCANADAPM-45-C,2025-04-06T05:07:31.856142Z,100.00,0.2400,0.7600,no
1746cb99-0a01-4c14-8b67-486557812bca,KXCANADAPM-45-C,2025-04-06T05:07:21.695362Z,100.00,0.2400,0.7600,no
2e43eec7-194f-4199-9ef6-7db29a0de574,KXCANADAPM-45-C,2025-04-06T04:57:53.835481Z,37.00,0.2400,0.7600,no
b7b2d525-d39b-483d-8373-d9e60e03f7e6,KXCANADAPM-45-C,2025-04-06T04:57:50.76186Z,5000.00,0.2400,0.7600,yes
a3ae4e38-542b-4d2c-9a10-caa143a95d97,KXCANADAPM-45-C,2025-04-06T04:57:50.76186Z,216.00,0.2400,0.7600,yes
607d3125-d93e-451f-a870-8af8a10d6e74,KXCANADAPM-45-C,2025-04-06T04:57:50.76186Z,13.00,0.2400,0.7600,yes
45391b1e-21a9-40d5-ae1e-d49ce065e8ee,KXCANADAPM-45-C,2025-04-06T04:57:50.76186Z,61.00,0.2400,0.7600,yes
07013b55-62d3-4e9d-91b6-7360f790f4ff,KXCANADAPM-45-C,2025-04-06T04:57:50.76186Z,1865.00,0.2400,0.7600,yes
c194b557-13b5-4ad4-aabb-d5d32c55cc5d,KXCANADAPM-45-C,2025-04-06T04:37:49.796577Z,28.00,0.2300,0.7700,no
ae96520a-d581-4d6e-b7ae-69b417934678,KXCANADAPM-45-C,2025-04-06T04:37:49.796577Z,25.00,0.2300,0.7700,no
6ca72901-60de-4d9c-b093-20e15ba155b0,KXCANADAPM-45-C,2025-04-06T04:37:49.796577Z,4.00,0.2300,0.7700,no
f7452931-b46b-48e5-a47a-9a16fc97de14,KXCANADAPM-45-C,2025-04-06T04:24:01.02376Z,5.00,0.2300,0.7700,no
fd855a46-15ff-44ff-be78-2aed8650f089,KXCANADAPM-45-C,2025-04-06T03:55:35.940191Z,3.00,0.2400,0.7600,yes
64cf2c4a-d54d-4b82-bcaf-f9fca451de99,KXCANADAPM-45-C,2025-04-06T03:55:35.940191Z,135.00,0.2400,0.7600,yes
f1f3dd7f-f422-4d53-a24c-cc8a54610223,KXCANADAPM-45-C,2025-04-06T03:12:09.776811Z,22.00,0.2400,0.7600,yes
da7a0dbc-ef44-4013-b409-4b40efc4c0c8,KXCANADAPM-45-C,2025-04-06T03:12:09.776811Z,22.00,0.2400,0.7600,yes
46a735ae-10f5-46c6-af35-2459e7588cc7,KXCANADAPM-45-C,2025-04-06T03:12:09.776811Z,13.00,0.2400,0.7600,yes
285d4000-8d8e-4825-9616-9db0a41a0989,KXCANADAPM-45-C,2025-04-06T03:12:09.776811Z,22.00,0.2400,0.7600,yes
d0eeab10-f377-48f5-9912-e173b4509d29,KXCANADAPM-45-C,2025-04-05T22:58:53.070016Z,1082.00,0.2300,0.7700,yes
31e0c77f-a614-4035-a86b-08637a9e8ffe,KXCANADAPM-45-C,2025-04-05T22:57:44.059335Z,1.00,0.2400,0.7600,yes
53a694c1-440e-4ce5-ac3a-efc33b7c5c9a,KXCANADAPM-45-C,2025-04-05T22:52:38.686097Z,4.00,0.2400,0.7600,yes
c1387cad-635b-4b7b-a061-5caa1d1feecb,KXCANADAPM-45-C,2025-04-05T22:52:19.912146Z,9.00,0.2300,0.7700,yes
a030248c-3824-4022-a86d-4f4f96f8fc5a,KXCANADAPM-45-C,2025-04-05T22:52:19.912146Z,9.00,0.2300,0.7700,yes
95102018-02b4-45cb-8ad7-6ca82097dfab,KXCANADAPM-45-C,2025-04-05T22:51:58.117955Z,9.00,0.2300,0.7700,yes
759e2854-8a52-4620-9fad-ac8de4402488,KXCANADAPM-45-C,2025-04-05T22:51:58.117955Z,9.00,0.2300,0.7700,yes
e47777b4-690b-4516-99a6-a75f17b91071,KXCANADAPM-45-C,2025-04-05T22:51:40.210466Z,25.00,0.2300,0.7700,yes
bf10de8e-bb64-4a24-acde-8e2445eed1b0,KXCANADAPM-45-C,2025-04-05T22:51:40.210466Z,9.00,0.2300,0.7700,yes
097373c9-449f-47a1-b6b2-411ea279c2ad,KXCANADAPM-45-C,2025-04-05T22:47:30.93114Z,9.00,0.2400,0.7600,yes
0c7b4711-1f74-43c1-b1f2-b30bdee7040f,KXCANADAPM-45-C,2025-04-05T22:46:48.829988Z,233.00,0.2300,0.7700,yes
5842590b-eb69-4f01-b361-5cd45ec0905a,KXCANADAPM-45-C,2025-04-05T22:46:34.264358Z,49.00,0.2100,0.7900,yes
d8932bd8-4e5f-4402-9117-8a187464101a,KXCANADAPM-45-C,2025-04-05T22:46:33.586251Z,100.00,0.2300,0.7700,yes
4e0b1eac-051b-4f5f-ad6c-8c812bfd74ba,KXCANADAPM-45-C,2025-04-05T22:46:33.586251Z,233.00,0.2200,0.7800,yes
ebc89302-6a56-47de-aa55-13f53e3f4792,KXCANADAPM-45-C,2025-04-05T22:46:33.491717Z,100.00,0.2200,0.7800,no
fb1278ad-9969-4f55-a1ec-b91c79833732,KXCANADAPM-45-C,2025-04-05T22:46:26.798924Z,9.00,0.2300,0.7700,no
daadc6e1-85a9-4ffa-a9f4-1e66f5ae6405,KXCANADAPM-45-C,2025-04-05T22:46:26.798924Z,4.00,0.2200,0.7800,no
d546d07c-7cad-4c4c-b98e-4a5cd962a500,KXCANADAPM-45-C,2025-04-05T22:46:26.798924Z,967.00,0.2200,0.7800,no
d2e1564f-1f0a-4195-879d-43f2be1ca0a5,KXCANADAPM-45-C,2025-04-05T22:46:26.798924Z,8.00,0.2100,0.7900,no
c879d769-5bb6-46c4-9c91-b8336d898aac,KXCANADAPM-45-C,2025-04-05T22:46:26.798924Z,8.00,0.2100,0.7900,no
c050a2d5-e215-4107-9e87-39665a90a03c,KXCANADAPM-45-C,2025-04-05T22:46:26.798924Z,3.00,0.2100,0.7900,no
bfa64805-0391-4fc5-8b3e-fef893ca7889,KXCANADAPM-45-C,2025-04-05T22:46:26.798924Z,8.00,0.2100,0.7900,no
b1c1c776-256d-4db6-bdd6-7a4d257a937b,KXCANADAPM-45-C,2025-04-05T22:46:26.798924Z,10.00,0.2100,0.7900,no
b132e63b-11b0-4ac4-810c-f689e1ac52ae,KXCANADAPM-45-C,2025-04-05T22:46:26.798924Z,4.00,0.2200,0.7800,no
9527b376-4545-4ac8-a152-161f90436be4,KXCANADAPM-45-C,2025-04-05T22:46:26.798924Z,1000.00,0.2100,0.7900,no
93e0928a-f8be-4132-be14-fda07e338264,KXCANADAPM-45-C,2025-04-05T22:46:26.798924Z,2.00,0.2100,0.7900,no
86b2c3fc-7399-41a7-bf31-8e881351672a,KXCANADAPM-45-C,2025-04-05T22:46:26.798924Z,1.00,0.2000,0.8000,no
7d9d21e0-cb5b-4b82-b1af-93827b431202,KXCANADAPM-45-C,2025-04-05T22:46:26.798924Z,100.00,0.2200,0.7800,no
6c5045e0-947c-4853-8d14-9464c2f03583,KXCANADAPM-45-C,2025-04-05T22:46:26.798924Z,4.00,0.2200,0.7800,no
64755f4c-399e-467f-ab4a-668121e7d501,KXCANADAPM-45-C,2025-04-05T22:46:26.798924Z,4.00,0.2200,0.7800,no
492e6155-b3d8-410c-a27d-ddeec685fc74,KXCANADAPM-45-C,2025-04-05T22:46:26.798924Z,3.00,0.2100,0.7900,no
39320f9d-e094-4a9f-b449-cf64d7fe71e9,KXCANADAPM-45-C,2025-04-05T22:46:26.798924Z,189.00,0.2000,0.8000,no
1e1c6e37-985b-49da-a4bc-b644fde30cc4,KXCANADAPM-45-C,2025-04-05T22:46:26.798924Z,40.00,0.2000,0.8000,no
0c17d4e7-c58c-484f-8bfe-726b1f65a8d2,KXCANADAPM-45-C,2025-04-05T22:46:26.798924Z,4.00,0.2100,0.7900,no
05c8d588-1732-40f6-adc2-0efe452dd71f,KXCANADAPM-45-C,2025-04-05T22:46:26.798924Z,32.00,0.2200,0.7800,no
31724441-aa51-47d9-b35f-e9d1ea8d01c4,KXCANADAPM-45-C,2025-04-05T22:43:39.768073Z,32.00,0.2300,0.7700,yes
f2394030-1ec1-41e7-85d7-44664d035561,KXCANADAPM-45-C,2025-04-05T22:43:13.604756Z,33.00,0.2300,0.7700,yes
6f30b638-7e0c-4eb1-803f-d19baf76869a,KXCANADAPM-45-C,2025-04-05T22:43:13.604756Z,86.00,0.2300,0.7700,yes
22e11baf-e179-4097-881a-5d95e0277710,KXCANADAPM-45-C,2025-04-05T22:42:51.952481Z,86.00,0.2300,0.7700,yes
15926500-6e85-422b-8a8b-b33f4c9e3f9e,KXCANADAPM-45-C,2025-04-05T22:42:46.791994Z,9.00,0.2300,0.7700,no
35ba73f8-55a8-4b14-b4e5-9b599d6db097,KXCANADAPM-45-C,2025-04-05T22:42:36.810707Z,80.00,0.2300,0.7700,yes
872b0854-53b7-4edb-bb1c-7c6ecc0f97b5,KXCANADAPM-45-C,2025-04-05T22:42:36.651774Z,10.00,0.2300,0.7700,no
66d6ebbb-3a6b-4e7e-b92b-603cc687b022,KXCANADAPM-45-C,2025-04-05T22:42:36.651774Z,5.00,0.2300,0.7700,no
138c0a6b-43c8-4a30-bc01-2a11bcde0eb1,KXCANADAPM-45-C,2025-04-05T22:34:33.565748Z,19.00,0.2400,0.7600,yes
b54e40e9-5cf5-4bf3-8c9c-093498e371d9,KXCANADAPM-45-C,2025-04-05T21:41:58.753512Z,101.00,0.2300,0.7700,yes
100160fc-27e7-4f11-956f-78bf5bd008cf,KXCANADAPM-45-C,2025-04-05T21:41:58.753512Z,9.00,0.2300,0.7700,yes
daa3462b-21fc-415b-b472-70851c9e4667,KXCANADAPM-45-C,2025-04-05T21:13:29.01134Z,118.00,0.2300,0.7700,yes
c85782e3-f008-449a-b58e-c40b3974ee92,KXCANADAPM-45-C,2025-04-05T21:13:29.01134Z,7.00,0.2300,0.7700,yes
fd0ba5da-7486-4976-932e-47b35cacfecb,KXCANADAPM-45-C,2025-04-05T21:13:12.170074Z,993.00,0.2300,0.7700,yes
2f46931a-bc52-4a9d-823e-36662423b5e9,KXCANADAPM-45-C,2025-04-05T21:13:12.170074Z,20.00,0.2300,0.7700,yes
3844897f-3bb4-41b3-80ce-42ce084b7789,KXCANADAPM-45-C,2025-04-05T21:12:55.540256Z,13.00,0.2300,0.7700,yes
39b4de50-a797-4fb9-8199-93bdc06a78c2,KXCANADAPM-45-C,2025-04-05T20:58:26.592871Z,144.00,0.2300,0.7700,no
06084a40-8dd9-4f3c-a2b9-c880dd3fa621,KXCANADAPM-45-C,2025-04-05T20:34:07.926292Z,3.00,0.2400,0.7600,yes
fb8474a0-5e2a-4b4b-857f-19851c996335,KXCANADAPM-45-C,2025-04-05T20:08:36.729403Z,4.00,0.2300,0.7700,no
da3a9f44-66b0-418e-a9f0-9ecd7e0332dc,KXCANADAPM-45-C,2025-04-05T20:08:36.729403Z,2000.00,0.2300,0.7700,no
776fedec-67db-4281-ad51-ad1e993c0827,KXCANADAPM-45-C,2025-04-05T20:08:36.729403Z,746.00,0.2300,0.7700,no
2f831ebc-dc23-4077-8bcc-ce78eddefbba,KXCANADAPM-45-C,2025-04-05T20:08:36.729403Z,250.00,0.2300,0.7700,no
e56c716a-1617-4684-84e9-736d8710b2fe,KXCANADAPM-45-C,2025-04-05T19:39:00.46846Z,4.00,0.2400,0.7600,no
c05d7d76-9e63-463a-a0fa-84789de884a0,KXCANADAPM-45-C,2025-04-05T19:39:00.46846Z,4000.00,0.2400,0.7600,no
8c6c7c38-6c4b-4832-b1c3-b30942918324,KXCANADAPM-45-C,2025-04-05T19:39:00.46846Z,30.00,0.2400,0.7600,no
3b7a1847-0612-4224-87fb-034f1eba98ce,KXCANADAPM-45-C,2025-04-05T19:39:00.46846Z,84.00,0.2400,0.7600,no
2ee8aa4e-7d34-42c1-b151-3363b776f78c,KXCANADAPM-45-C,2025-04-05T19:39:00.46846Z,1532.00,0.2400,0.7600,no
1a7e14cd-01ed-4951-9eb9-de96ff2ef7ec,KXCANADAPM-45-C,2025-04-05T19:28:26.705689Z,1.00,0.2500,0.7500,yes
704ee046-fd73-49c4-b559-ab06f5f60a45,KXCANADAPM-45-C,2025-04-05T19:25:51.922736Z,10.00,0.2400,0.7600,no
64adad96-ad6c-4924-ad44-b8762ebdad91,KXCANADAPM-45-C,2025-04-05T19:25:45.945143Z,42.00,0.2400,0.7600,no
263c67d9-369c-44b8-8df5-435204056b76,KXCANADAPM-45-C,2025-04-05T19:25:45.945143Z,458.00,0.2400,0.7600,no
999e6b31-fa2b-4f0a-a972-cf0e1fc951ed,KXCANADAPM-45-C,2025-04-05T19:00:30.403435Z,11.00,0.2400,0.7600,no
dbc112c3-2d4a-4e6a-9825-808b70f29b2a,KXCANADAPM-45-C,2025-04-05T18:06:41.821146Z,25.00,0.2400,0.7600,no
9afbb383-0046-4f38-8e7d-89fc7ddda17c,KXCANADAPM-45-C,2025-04-05T17:49:19.691077Z,22.00,0.2400,0.7600,no
a11f378d-11e9-47db-92c0-ea8474b326d3,KXCANADAPM-45-C,2025-04-05T16:56:36.677832Z,19.00,0.2500,0.7500,yes
54aeac76-5ba8-453b-a269-99cdb91dffa9,KXCANADAPM-45-C,2025-04-05T16:56:36.677832Z,19.00,0.2500,0.7500,yes
efa02180-90a0-4390-a33f-5f5bdbcacc3b,KXCANADAPM-45-C,2025-04-05T16:36:47.978253Z,19.00,0.2500,0.7500,yes
dfba03c6-7d4b-48cb-b15b-211c3f5fdcb1,KXCANADAPM-45-C,2025-04-05T16:36:10.191074Z,9360.00,0.2500,0.7500,no
88410d18-85e8-403b-8d8b-84909bd6dde5,KXCANADAPM-45-C,2025-04-05T16:30:23.502641Z,731.00,0.2600,0.7400,yes
b3ea8aaf-00d2-4d86-9083-5740d7d14a18,KXCANADAPM-45-C,2025-04-05T16:21:38.662347Z,14.00,0.2500,0.7500,no
a8d995d8-9628-4f6c-bd60-9f639803a9a8,KXCANADAPM-45-C,2025-04-05T16:16:42.640423Z,84.00,0.2600,0.7400,yes
1a308607-bab8-4771-b1d2-59d293b98b95,KXCANADAPM-45-C,2025-04-05T16:16:42.640423Z,30.00,0.2600,0.7400,yes
0bbaeee4-cd16-4e97-9f11-b959ef330780,KXCANADAPM-45-C,2025-04-05T16:11:43.020327Z,26.00,0.2500,0.7500,no
173c5e84-0d66-4504-a642-b48c3b6043ab,KXCANADAPM-45-C,2025-04-05T15:28:40.118153Z,200.00,0.2500,0.7500,no
267b328f-97b1-4042-851d-f7561289a90b,KXCANADAPM-45-C,2025-04-05T15:25:51.634853Z,400.00,0.2500,0.7500,no
031e4ac0-d4e4-49b5-9e0b-ebb1344b1a6d,KXCANADAPM-45-C,2025-04-05T15:25:51.634853Z,1000.00,0.2500,0.7500,no
1adb3556-f0c4-4e2e-8f87-253606095718,KXCANADAPM-45-C,2025-04-05T15:15:25.903752Z,20.00,0.2600,0.7400,yes
f200c8b4-dcce-4813-9092-75dddae8da97,KXCANADAPM-45-C,2025-04-05T15:04:31.951693Z,28.00,0.2600,0.7400,no
ce1719e8-71d8-4464-becd-40a551bfc0ad,KXCANADAPM-45-C,2025-04-05T15:04:31.951693Z,211.00,0.2600,0.7400,no
b9162184-ce10-4b40-adb8-d43a06bab345,KXCANADAPM-45-C,2025-04-05T15:04:31.951693Z,7.00,0.2600,0.7400,no
abe074af-c9e1-461f-baf4-48c65cfea6b2,KXCANADAPM-45-C,2025-04-05T15:04:31.951693Z,5109.00,0.2600,0.7400,no
94e3b90f-42ce-48eb-8f5d-a8e85c21ef4b,KXCANADAPM-45-C,2025-04-05T15:04:31.951693Z,9.00,0.2600,0.7400,no
632f0ddf-72bf-466d-9da7-92aa7e886e75,KXCANADAPM-45-C,2025-04-05T15:04:31.951693Z,9.00,0.2600,0.7400,no
61ddfd8b-513b-4dc1-b62d-a45e5eae7436,KXCANADAPM-45-C,2025-04-05T15:04:31.951693Z,25.00,0.2600,0.7400,no
44304823-5006-4b1e-8c6b-7591e7447ae5,KXCANADAPM-45-C,2025-04-05T15:04:31.951693Z,9.00,0.2600,0.7400,no
6331dc40-0133-4ac3-8cd4-50748f2d3d5d,KXCANADAPM-45-C,2025-04-05T14:26:22.702732Z,5.00,0.2600,0.7400,no
7e3b2d22-7ea5-4362-8dd1-514dc6ad5147,KXCANADAPM-45-C,2025-04-05T14:26:16.115248Z,666.00,0.2600,0.7400,no
64c1e787-2626-4e43-92d0-652c69f427f5,KXCANADAPM-45-C,2025-04-05T14:22:21.155784Z,6.00,0.2600,0.7400,no
33034274-f0eb-4593-8e59-a4dc524ef926,KXCANADAPM-45-C,2025-04-05T14:03:51.810887Z,20.00,0.2700,0.7300,yes
fa8751de-b378-49cf-b414-7aa56dd66162,KXCANADAPM-45-C,2025-04-05T13:35:39.64732Z,35.00,0.2700,0.7300,yes
e9ca2878-5ebf-4ef8-8617-483cf9e11b37,KXCANADAPM-45-C,2025-04-05T13:34:27.624294Z,68.00,0.2700,0.7300,yes
1f917bae-456c-4e0f-9a2e-954c51f22510,KXCANADAPM-45-C,2025-04-05T12:52:58.071986Z,105.00,0.2700,0.7300,yes
160228a4-9d24-40b5-b5d8-9816fb2200ef,KXCANADAPM-45-C,2025-04-05T12:08:31.546122Z,34.00,0.2700,0.7300,yes
7768fe3d-f38f-4132-8b28-a4c758fefc6c,KXCANADAPM-45-C,2025-04-05T05:25:30.099755Z,13.00,0.2700,0.7300,yes
570f11a4-ca06-4845-aa13-99e39ded0776,KXCANADAPM-45-C,2025-04-05T05:23:57.187797Z,120.00,0.2700,0.7300,yes
6e00c8dd-24e0-4a6c-93d2-a3e63dec8ef0,KXCANADAPM-45-C,2025-04-05T05:23:27.540284Z,13.00,0.2700,0.7300,yes
1cb5ab5f-f59c-4a57-b312-a454f4001a16,KXCANADAPM-45-C,2025-04-05T05:23:09.681032Z,14.00,0.2700,0.7300,yes
ef5f40b9-2f9d-4a97-b389-96098bb93852,KXCANADAPM-45-C,2025-04-05T04:44:35.576953Z,68.00,0.2700,0.7300,yes
4dc435a6-5f1b-44a3-ba47-1cb176e5a405,KXCANADAPM-45-C,2025-04-05T04:39:59.609432Z,51.00,0.2700,0.7300,yes
1a1f72b8-e8c6-4c16-b135-35024e0cebf1,KXCANADAPM-45-C,2025-04-05T04:39:39.633155Z,3.00,0.2600,0.7400,no
6724fc69-df2a-4f41-a0b3-e5fd97b61376,KXCANADAPM-45-C,2025-04-05T04:39:34.739352Z,137.00,0.2700,0.7300,yes
0c15cc5f-291b-430c-90cb-28736e50f547,KXCANADAPM-45-C,2025-04-05T04:11:40.001753Z,2.00,0.2600,0.7400,no
32d334ed-61a8-42b5-9a3f-89813cc0475d,KXCANADAPM-45-C,2025-04-05T04:11:34.211739Z,172.00,0.2700,0.7300,yes
ae7ee3b5-336c-4bbf-809d-634021547d04,KXCANADAPM-45-C,2025-04-05T03:24:33.460043Z,344.00,0.2700,0.7300,yes
b51498ae-c7f5-435c-8ba9-7e36a1d6b009,KXCANADAPM-45-C,2025-04-05T02:21:59.543526Z,3.00,0.2700,0.7300,yes
9ced8e5e-a335-4552-97a1-6f1766026dc0,KXCANADAPM-45-C,2025-04-05T02:04:09.341898Z,2.00,0.2600,0.7400,no
db9bab27-4cb8-47fa-8d8f-524ec14c8ec9,KXCANADAPM-45-C,2025-04-05T02:04:04.148345Z,176.00,0.2700,0.7300,yes
4d458e89-863d-405a-b2ff-d42c035ea435,KXCANADAPM-45-C,2025-04-05T01:43:31.698822Z,40.00,0.2700,0.7300,yes
ee84e459-56f0-4e84-9a0e-74aa431af143,KXCANADAPM-45-C,2025-04-05T01:29:15.345162Z,24.00,0.2600,0.7400,no
5eba1319-f551-4d04-b284-2f69fe4c86b3,KXCANADAPM-45-C,2025-04-05T01:29:09.842411Z,673.00,0.2600,0.7400,no
dc4ba60c-2225-4c31-a9fa-99e8aad360b4,KXCANADAPM-45-C,2025-04-05T00:53:56.591836Z,15.00,0.2600,0.7400,no
d1b0e295-fa8b-4649-be81-a3b4fc716429,KXCANADAPM-45-C,2025-04-05T00:53:52.538684Z,1000.00,0.2600,0.7400,no
bc797ee0-a817-4522-a734-bef2152b1e38,KXCANADAPM-45-C,2025-04-05T00:53:25.033077Z,16.00,0.2600,0.7400,no
8530c4fe-1013-4874-bfab-dbb8bbc14d68,KXCANADAPM-45-C,2025-04-05T00:53:19.669742Z,900.00,0.2600,0.7400,no
4fa88470-b5e2-4739-a43e-4a9b2e14fdf4,KXCANADAPM-45-C,2025-04-05T00:43:55.234254Z,40.00,0.2600,0.7400,no
3db37336-4ad4-4bac-9c9b-3324e9edd8c9,KXCANADAPM-45-C,2025-04-05T00:43:09.404122Z,19.00,0.2600,0.7400,no
52412423-6729-48af-8d3e-afb028e5e35b,KXCANADAPM-45-C,2025-04-05T00:43:07.562814Z,625.00,0.2600,0.7400,no
fe93b795-ad42-47f9-92aa-ffc69b7d25b0,KXCANADAPM-45-C,2025-04-05T00:35:31.061797Z,500.00,0.2700,0.7300,yes
d6b8d516-a0d7-4aba-80f5-59b2a6e62ef1,KXCANADAPM-45-C,2025-04-05T00:32:39.229877Z,25.00,0.2700,0.7300,yes
33a4bf25-95bd-49f5-af54-8962fdec8835,KXCANADAPM-45-C,2025-04-05T00:19:48.148695Z,265.00,0.2600,0.7400,no
d9c09543-afe7-4929-84af-8a699505eb70,KXCANADAPM-45-C,2025-04-05T00:15:52.842482Z,200.00,0.2700,0.7300,yes
195c7ee4-a995-4d65-bef1-1c379a05c837,KXCANADAPM-45-C,2025-04-04T23:33:08.669305Z,3.00,0.2700,0.7300,yes
6dd9ffab-bda3-4912-92d5-4190044a4320,KXCANADAPM-45-C,2025-04-04T23:24:40.504216Z,34.00,0.2700,0.7300,yes
6a96395b-c4e0-441e-a5b8-a4df261bf933,KXCANADAPM-45-C,2025-04-04T22:59:09.97109Z,7.00,0.2700,0.7300,yes
bc6ac886-2a94-4d98-91e1-6a0299a320f6,KXCANADAPM-45-C,2025-04-04T22:55:00.696974Z,176.00,0.2700,0.7300,yes
a970e5f5-ce03-4625-aea9-26d74bddf45d,KXCANADAPM-45-C,2025-04-04T22:35:33.642908Z,3.00,0.2700,0.7300,yes
f0042e1e-f03e-4bfa-854f-b810a44c1657,KXCANADAPM-45-C,2025-04-04T22:34:26.08238Z,279.00,0.2700,0.7300,yes
95f9d8da-64cd-4f55-a72e-13fd84d3b1bd,KXCANADAPM-45-C,2025-04-04T22:34:26.08238Z,228.00,0.2700,0.7300,yes
0140ca6f-bcf1-4eb7-b9ef-82f1c76b101a,KXCANADAPM-45-C,2025-04-04T22:34:26.08238Z,10.00,0.2700,0.7300,yes
3816412c-712f-4e45-b354-3391c1486003,KXCANADAPM-45-C,2025-04-04T22:25:19.293053Z,21.00,0.2700,0.7300,yes
02e843cf-9553-4a56-86ac-1c3a7b09173e,KXCANADAPM-45-C,2025-04-04T22:25:19.293053Z,79.00,0.2700,0.7300,yes
e982bff3-931b-40a5-bddd-2884d7d83ca8,KXCANADAPM-45-C,2025-04-04T22:25:05.825608Z,35.00,0.2700,0.7300,yes
090df4de-9b7a-4db0-ab28-48071ceb4e20,KXCANADAPM-45-C,2025-04-04T22:21:54.504479Z,86.00,0.2700,0.7300,yes
0056db03-264c-4b78-a6f9-16f38a9613d3,KXCANADAPM-45-C,2025-04-04T22:11:01.072937Z,630.00,0.2600,0.7400,no
275cebd5-604b-481d-b667-ff4d1e871628,KXCANADAPM-45-C,2025-04-04T22:06:17.522342Z,649.00,0.2600,0.7400,no
f59ed82b-bba7-4ce3-947a-bf78abd09121,KXCANADAPM-45-C,2025-04-04T21:25:58.243297Z,5.00,0.2600,0.7400,yes
f57bc6ab-d3e1-4f64-b3dd-472cd50a4514,KXCANADAPM-45-C,2025-04-04T21:25:58.243297Z,9.00,0.2600,0.7400,yes
f3422a0d-fc85-4a56-a74e-5e7b6859e304,KXCANADAPM-45-C,2025-04-04T21:25:58.243297Z,120.00,0.2600,0.7400,yes
ba25dffc-2dfc-435e-b840-865a3b30e42d,KXCANADAPM-45-C,2025-04-04T21:25:58.243297Z,7.00,0.2600,0.7400,yes
5fa342c9-e40f-4f01-b8a9-e58ef98f0cc8,KXCANADAPM-45-C,2025-04-04T21:25:58.243297Z,9.00,0.2600,0.7400,yes
5dd627ee-8341-4f78-8eac-9dcdb850fff9,KXCANADAPM-45-C,2025-04-04T21:25:58.243297Z,8.00,0.2600,0.7400,yes
0e7636ee-0fd9-4f80-ae8c-4e84ffde7980,KXCANADAPM-45-C,2025-04-04T21:25:58.243297Z,9.00,0.2600,0.7400,yes
083f522f-4f3b-486d-8a07-30ed004f49f3,KXCANADAPM-45-C,2025-04-04T21:22:48.58902Z,500.00,0.2500,0.7500,no
ebae7e17-3fd9-417f-a7ea-4fdea73942eb,KXCANADAPM-45-C,2025-04-04T21:06:51.625969Z,2.00,0.2600,0.7400,yes
9c05dbc5-08aa-44a2-90df-b0a86c47edc9,KXCANADAPM-45-C,2025-04-04T21:00:18.912439Z,2.00,0.2600,0.7400,yes
81c5d715-5277-4fab-abe2-03d00a968560,KXCANADAPM-45-C,2025-04-04T20:59:28.433299Z,3.00,0.2600,0.7400,yes
5c9e5ed8-0ae3-4e26-aad9-bd89d652166c,KXCANADAPM-45-C,2025-04-04T20:59:28.433299Z,97.00,0.2600,0.7400,yes
c679064e-0aeb-4520-a0e1-7f38aacd5f98,KXCANADAPM-45-C,2025-04-04T20:55:43.875249Z,679.00,0.2500,0.7500,no
f1571b5d-e220-4175-8849-c37641f840e9,KXCANADAPM-45-C,2025-04-04T20:53:18.103653Z,7.00,0.2600,0.7400,yes
f67b831b-f16f-46dc-8b3e-b409db9cda32,KXCANADAPM-45-C,2025-04-04T20:44:43.860165Z,9.00,0.2600,0.7400,no
ef1060f0-8323-4fe6-b31c-f0fa06e1f26a,KXCANADAPM-45-C,2025-04-04T20:44:43.860165Z,5.00,0.2600,0.7400,no
c9e58381-9651-45d0-a731-051f475384b5,KXCANADAPM-45-C,2025-04-04T20:44:43.860165Z,9.00,0.2600,0.7400,no
ac7f08ce-f690-4b7f-8f9b-2885c54578d0,KXCANADAPM-45-C,2025-04-04T20:44:43.860165Z,12.00,0.2600,0.7400,no
a82b8a5f-e481-4198-8064-ac4dcf8740ac,KXCANADAPM-45-C,2025-04-04T20:44:43.860165Z,4.00,0.2600,0.7400,no
9d564491-048e-4a99-a33a-288e50969df1,KXCANADAPM-45-C,2025-04-04T20:44:43.860165Z,9.00,0.2600,0.7400,no
39234f25-9a7e-440f-b71e-e2c0b97705c4,KXCANADAPM-45-C,2025-04-04T20:44:43.860165Z,867.00,0.2600,0.7400,no
197ec754-545c-45ac-8aa4-fd7df3df71a8,KXCANADAPM-45-C,2025-04-04T20:44:43.860165Z,9.00,0.2600,0.7400,no
c1b0e5c8-d621-4d3d-997b-7a5ca6ea89ac,KXCANADAPM-45-C,2025-04-04T20:00:19.530577Z,153.00,0.2700,0.7300,no
5cafa5cf-66e8-485a-9eeb-aa93068c4d39,KXCANADAPM-45-C,2025-04-04T19:58:46.948884Z,1.00,0.2700,0.7300,no
7568ab35-3716-4946-9144-19aa33162245,KXCANADAPM-45-C,2025-04-04T19:39:36.412429Z,219.00,0.2700,0.7300,yes
12137c24-cd16-48bb-a7f5-a3aa108f47d8,KXCANADAPM-45-C,2025-04-04T19:39:36.412429Z,10.00,0.2700,0.7300,yes
bfbcfd23-7e8b-4e39-a4c8-fde220226bcb,KXCANADAPM-45-C,2025-04-04T18:58:29.987288Z,66.00,0.2600,0.7400,no
fa25eb5a-5080-4cde-9c1e-5a1fa3803a9e,KXCANADAPM-45-C,2025-04-04T18:57:47.42029Z,4680.00,0.2700,0.7300,no
bef61b06-027d-44c7-b090-bf3da8c2bd90,KXCANADAPM-45-C,2025-04-04T18:57:47.42029Z,25.00,0.2700,0.7300,no
7cf63dc1-ad62-480d-9d22-5a47f2fcd4b6,KXCANADAPM-45-C,2025-04-04T18:57:47.42029Z,9.00,0.2700,0.7300,no
7bcf3216-fc15-41fd-8bc1-cdb282ac4ec4,KXCANADAPM-45-C,2025-04-04T18:57:47.42029Z,9.00,0.2700,0.7300,no
2f63b0ca-6ca7-4c24-97c9-d8c0031390f7,KXCANADAPM-45-C,2025-04-04T18:57:47.42029Z,6.00,0.2700,0.7300,no
2cb58555-858b-4d92-91a8-81b23ab78e2b,KXCANADAPM-45-C,2025-04-04T18:57:47.42029Z,975.00,0.2700,0.7300,no
0a12a998-ad33-4478-a978-afb4308d0ea2,KXCANADAPM-45-C,2025-04-04T18:57:47.42029Z,9.00,0.2700,0.7300,no
065a0e0e-eeba-46a5-ae62-c54702869d60,KXCANADAPM-45-C,2025-04-04T18:57:47.42029Z,9.00,0.2700,0.7300,no
7ba212a4-c7da-48ab-9206-885d090ea401,KXCANADAPM-45-C,2025-04-04T18:52:59.049204Z,40.00,0.2700,0.7300,no
4917ff1d-88e3-4e99-9ce6-b3342b254d54,KXCANADAPM-45-C,2025-04-04T18:52:58.754096Z,40.00,0.2700,0.7300,no
112ba93a-6a42-4bbe-8666-e6ce9cdb9139,KXCANADAPM-45-C,2025-04-04T18:52:58.455495Z,40.00,0.2700,0.7300,no
e86890eb-6230-4770-b563-1016bb871aea,KXCANADAPM-45-C,2025-04-04T18:52:57.949182Z,40.00,0.2700,0.7300,no
4bbf72b1-e9ce-477b-aa30-cab1a8d9b5e7,KXCANADAPM-45-C,2025-04-04T18:52:57.654577Z,40.00,0.2700,0.7300,no
68f25e1d-e655-46f9-b859-fb7fb8d4214b,KXCANADAPM-45-C,2025-04-04T18:52:56.76889Z,40.00,0.2700,0.7300,no
f9c71d2c-8868-4156-a702-eaaa5bfdc063,KXCANADAPM-45-C,2025-04-04T18:52:56.27736Z,40.00,0.2700,0.7300,no
664f665d-b47d-401f-a49d-1e86c485a6a1,KXCANADAPM-45-C,2025-04-04T18:52:55.648976Z,40.00,0.2700,0.7300,no
b57b75a6-4b3c-44e1-8165-6263c5db0f2a,KXCANADAPM-45-C,2025-04-04T18:38:56.663581Z,32.00,0.2800,0.7200,no
9bf90763-3cc4-492d-b58c-f3bedca82b95,KXCANADAPM-45-C,2025-04-04T18:38:56.663581Z,25.00,0.2800,0.7200,no
2933c960-161b-4a63-9fde-7d38daa1e148,KXCANADAPM-45-C,2025-04-04T18:38:56.663581Z,78.00,0.2800,0.7200,no
8c432bc2-3c91-45cf-9ef3-edc84a709434,KXCANADAPM-45-C,2025-04-04T18:13:46.709739Z,980.00,0.2800,0.7200,no
5a0bc796-bfea-4fd5-af8e-79ce6e3f7a53,KXCANADAPM-45-C,2025-04-04T18:13:46.709739Z,20.00,0.2800,0.7200,no
56488b44-1ef1-4ee1-9650-420b280c4714,KXCANADAPM-45-C,2025-04-04T18:02:23.677887Z,37.00,0.2800,0.7200,no
4ec9bb51-1012-412c-a495-d2e616f2e1cd,KXCANADAPM-45-C,2025-04-04T16:24:28.668653Z,41.00,0.2800,0.7200,no
fa62c090-f8cb-4f83-acca-047788491b97,KXCANADAPM-45-C,2025-04-04T16:05:38.382855Z,580.00,0.2900,0.7100,no
f7510287-ebfc-4c99-9a86-6238591e5c26,KXCANADAPM-45-C,2025-04-04T16:05:38.382855Z,500.00,0.2900,0.7100,no
d8debb48-0ab8-48a2-9c62-4d78a83c0627,KXCANADAPM-45-C,2025-04-04T16:05:38.382855Z,4.00,0.2900,0.7100,no
b9e95ceb-0ca2-4817-8237-24f547f2fb24,KXCANADAPM-45-C,2025-04-04T16:05:38.382855Z,4.00,0.2900,0.7100,no
b0181fec-3f37-4cf8-a2dc-010799b1317f,KXCANADAPM-45-C,2025-04-04T16:05:38.382855Z,4.00,0.2900,0.7100,no
774f90e7-7c98-40ba-affb-9d1417f0cb9a,KXCANADAPM-45-C,2025-04-04T16:05:38.382855Z,40.00,0.2900,0.7100,no
601200a9-7dc8-47e9-9083-c663a5ae8470,KXCANADAPM-45-C,2025-04-04T16:05:38.382855Z,5000.00,0.2900,0.7100,no
428f269b-a9ae-4fe5-aafb-5c657d20ea88,KXCANADAPM-45-C,2025-04-04T16:05:38.382855Z,762.00,0.2900,0.7100,no
7ef694d2-e5f5-4d10-a1be-43cbad98a668,KXCANADAPM-45-C,2025-04-04T16:03:25.25884Z,46.00,0.3000,0.7000,yes
26646ef3-6e37-416e-8e62-d948366baae4,KXCANADAPM-45-C,2025-04-04T15:09:50.049324Z,13.00,0.2900,0.7100,no
aa53ba07-a8a0-4e76-a52e-c90ed6d39378,KXCANADAPM-45-C,2025-04-04T14:46:29.374384Z,200.00,0.2900,0.7100,no
3b89f590-7f43-4e4e-a06e-4670a40f36c5,KXCANADAPM-45-C,2025-04-04T14:19:00.748606Z,3.00,0.3000,0.7000,yes
f3dbd7b2-d363-48df-b5f1-4b3874ecb9d0,KXCANADAPM-45-C,2025-04-04T14:14:14.748903Z,25.00,0.2900,0.7100,no
a1158b2e-3dc0-4537-8cbb-7540b55dedf3,KXCANADAPM-45-C,2025-04-04T14:14:14.748903Z,975.00,0.2900,0.7100,no
a6701695-bb31-48d3-a74b-bf2b41cf6042,KXCANADAPM-45-C,2025-04-04T14:02:01.054454Z,25.00,0.2900,0.7100,no
85ea91de-72f7-484b-b0cc-47a749849b79,KXCANADAPM-45-C,2025-04-04T13:08:56.039427Z,31.00,0.3000,0.7000,yes
d67a34f8-f187-405a-86a6-3c2f4ecbdfd6,KXCANADAPM-45-C,2025-04-04T12:48:46.850756Z,159.00,0.3000,0.7000,no
402e746e-7534-4cb2-a761-e1e5f8051111,KXCANADAPM-45-C,2025-04-04T06:08:52.035089Z,10.00,0.3000,0.7000,yes
2a2a2dae-dbbd-4135-94d0-7e5d01aed969,KXCANADAPM-45-C,2025-04-04T06:08:52.035089Z,9.00,0.3000,0.7000,yes
f607c8da-bea3-42ef-ae5e-6f4b6929853b,KXCANADAPM-45-C,2025-04-04T06:08:28.207649Z,7.00,0.3000,0.7000,yes
debb41f5-cc22-4d7d-a718-ff9bac3a3015,KXCANADAPM-45-C,2025-04-04T06:08:28.207649Z,15.00,0.3000,0.7000,yes
a97e561e-a30e-46b3-b080-62db60fa7b15,KXCANADAPM-45-C,2025-04-04T06:08:28.207649Z,5.00,0.3000,0.7000,yes
77f54bff-bdd8-41e4-96cd-fa3fb4a660b4,KXCANADAPM-45-C,2025-04-04T06:08:28.207649Z,137.00,0.3000,0.7000,yes
671f103f-fddb-4606-bd82-ed275ccb4e00,KXCANADAPM-45-C,2025-04-04T06:08:28.207649Z,454.00,0.3100,0.6900,yes
5ac9d253-cb8c-4187-a3e4-9afbcdc3a46f,KXCANADAPM-45-C,2025-04-04T06:08:28.207649Z,7.00,0.3000,0.7000,yes
558a8dc6-9a58-4088-8d52-c70a0c9db573,KXCANADAPM-45-C,2025-04-04T06:08:28.207649Z,54.00,0.3000,0.7000,yes
8a3af207-a401-4b65-97cd-54b288e7af55,KXCANADAPM-45-C,2025-04-04T03:25:47.567463Z,15.00,0.2900,0.7100,no
8822db31-fe2d-41a9-8e92-5b9286e5e956,KXCANADAPM-45-C,2025-04-04T02:32:56.157506Z,23.00,0.3000,0.7000,no
2a916cf6-0a7d-4b75-aaa8-896c2b13b5e8,KXCANADAPM-45-C,2025-04-04T02:32:56.157506Z,77.00,0.3000,0.7000,no
450e2340-c6e9-493e-b3f9-1e48eea2edd5,KXCANADAPM-45-C,2025-04-04T01:46:05.308938Z,3.00,0.3000,0.7000,no
9e3c17bc-d553-40f1-80c4-f7ba305a7cc7,KXCANADAPM-45-C,2025-04-04T01:46:02.913142Z,25.00,0.3000,0.7000,no
e5478064-b43d-4532-aa99-34b3fd47e948,KXCANADAPM-45-C,2025-04-04T01:45:57.791299Z,9.00,0.3000,0.7000,yes
893af62d-e078-42f6-ae6a-984b875aee9a,KXCANADAPM-45-C,2025-04-04T01:45:57.791299Z,6.00,0.3000,0.7000,yes
691cc1d8-4acf-473b-8be7-800bc89974e5,KXCANADAPM-45-C,2025-04-04T01:45:57.791299Z,2001.00,0.3000,0.7000,yes
51c19b9b-3d21-4a74-b89c-7b0ecfa6d237,KXCANADAPM-45-C,2025-04-04T01:45:57.791299Z,9.00,0.3000,0.7000,yes
2611eb5b-69f0-465f-b8ed-a777fcb8fd34,KXCANADAPM-45-C,2025-04-04T01:45:57.791299Z,9.00,0.3000,0.7000,yes
04ac80a7-52e9-4417-b6c2-af3f7d767b80,KXCANADAPM-45-C,2025-04-04T01:45:57.791299Z,458.00,0.3000,0.7000,yes
2cefbaae-fd94-403b-a48a-9e3539692141,KXCANADAPM-45-C,2025-04-04T01:41:20.429577Z,200.00,0.3000,0.7000,yes
1690ba2e-3cbe-43b4-ab53-1735c2ba3a67,KXCANADAPM-45-C,2025-04-04T01:41:18.632444Z,200.00,0.3000,0.7000,yes
d02af371-d306-4d32-a61a-5979352aff7a,KXCANADAPM-45-C,2025-04-04T01:41:16.871328Z,200.00,0.3000,0.7000,yes
ffa5cab7-53b6-4537-95da-7fb7ddd38556,KXCANADAPM-45-C,2025-04-04T01:41:15.299765Z,200.00,0.3000,0.7000,yes
b9762991-4645-454b-bcfd-53ab168757d7,KXCANADAPM-45-C,2025-04-04T01:41:13.533558Z,200.00,0.3000,0.7000,yes
eac0a231-ebf8-41ce-b805-c55167a44a14,KXCANADAPM-45-C,2025-04-04T01:41:11.772392Z,93.00,0.2900,0.7100,yes
22368456-0bef-409c-8808-403bcf3c1b35,KXCANADAPM-45-C,2025-04-04T01:41:10.069103Z,106.00,0.2900,0.7100,yes
e46cd0ab-511b-4fe7-a0c2-f4603ea29e17,KXCANADAPM-45-C,2025-04-04T01:41:08.129147Z,80.00,0.2900,0.7100,yes
2442c6c1-9b97-4ece-9cb2-5a3d0764bbe6,KXCANADAPM-45-C,2025-04-04T01:41:08.129147Z,9.00,0.3000,0.7000,yes
eda494e6-d939-4dcc-949f-38bc97e7a02e,KXCANADAPM-45-C,2025-04-04T01:41:08.073878Z,9.00,0.2900,0.7100,yes
a3539049-ec06-4ecd-9f8c-389ba0101401,KXCANADAPM-45-C,2025-04-04T01:41:05.931078Z,21.00,0.2900,0.7100,yes
7556fc3b-7c0a-440c-b3e2-54983371e4da,KXCANADAPM-45-C,2025-04-04T01:41:05.931078Z,179.00,0.2900,0.7100,yes
eec40f3a-f8d1-443b-a4e5-bc51cca3dd58,KXCANADAPM-45-C,2025-04-04T01:41:04.301886Z,200.00,0.2900,0.7100,yes
0c65474b-d77e-4827-b759-277ab042108a,KXCANADAPM-45-C,2025-04-04T01:41:02.777883Z,4.00,0.2900,0.7100,yes
6568e2f0-e1cf-432a-a9ee-cb928de22923,KXCANADAPM-45-C,2025-04-04T01:41:02.505945Z,200.00,0.2900,0.7100,yes
8176918c-7ffc-474e-8b62-f25becc4c061,KXCANADAPM-45-C,2025-04-04T01:41:00.624552Z,200.00,0.2900,0.7100,yes
15ae3952-f520-463b-bec4-fad21c6d291e,KXCANADAPM-45-C,2025-04-04T01:29:15.187881Z,5.00,0.2900,0.7100,yes
c7b65974-e2e0-4b3e-8b60-4e7cbaa1a31c,KXCANADAPM-45-C,2025-04-04T01:29:10.020419Z,1212.00,0.2900,0.7100,yes
0dcbdf9f-141a-4689-96e8-b340b35f0f3d,KXCANADAPM-45-C,2025-04-04T01:29:10.020419Z,288.00,0.2900,0.7100,yes
7dc53818-01e5-479d-92ec-8f2502068718,KXCANADAPM-45-C,2025-04-04T01:00:04.803536Z,212.00,0.2900,0.7100,yes
192ffa46-d78f-4c8f-8ecf-b036837c696a,KXCANADAPM-45-C,2025-04-04T01:00:04.803536Z,17.00,0.2900,0.7100,yes
51caf561-99b2-402e-a8c9-5cfbdfddff66,KXCANADAPM-45-C,2025-04-04T00:12:29.058867Z,964.00,0.2800,0.7200,no
13ae1aa7-7541-4add-8d6b-b9669245c32f,KXCANADAPM-45-C,2025-04-04T00:12:29.058867Z,398.00,0.2800,0.7200,no
4f4dc48e-5479-421a-9bd1-ea3544303ebd,KXCANADAPM-45-C,2025-04-03T23:26:37.750139Z,200.00,0.2900,0.7100,yes
41fbf1e3-8938-4bf9-94c2-fdde8dd8b6e3,KXCANADAPM-45-C,2025-04-03T23:26:35.773152Z,200.00,0.2900,0.7100,yes
099199bf-d59c-4c2f-8291-6445b6534200,KXCANADAPM-45-C,2025-04-03T23:26:33.948558Z,200.00,0.2900,0.7100,yes
ab510ed8-2b94-4d0c-a3c6-f6017528103e,KXCANADAPM-45-C,2025-04-03T23:26:32.062962Z,200.00,0.2900,0.7100,yes
71e591cf-4c7c-405b-b256-5861867398a5,KXCANADAPM-45-C,2025-04-03T23:26:30.227434Z,200.00,0.2900,0.7100,yes
d156eac1-8f18-4a02-9513-e8c7eb457766,KXCANADAPM-45-C,2025-04-03T23:26:28.529202Z,200.00,0.2900,0.7100,yes
e41df50e-bb2e-45fe-a6cb-584cda38250e,KXCANADAPM-45-C,2025-04-03T21:36:44.68413Z,283.00,0.2900,0.7100,yes
08c1d25f-d35e-4fb6-a30d-17c70dfb238b,KXCANADAPM-45-C,2025-04-03T21:36:44.68413Z,39.00,0.2900,0.7100,yes
be2523e6-3fc4-4ca9-850f-038f543b9149,KXCANADAPM-45-C,2025-04-03T21:30:05.184189Z,6.00,0.2800,0.7200,no
ca6b04d7-d98f-4c33-b69c-9627e148a0fc,KXCANADAPM-45-C,2025-04-03T21:23:03.668865Z,6.00,0.2800,0.7200,no
b24abae7-a2b6-4774-95bb-e35989015d1f,KXCANADAPM-45-C,2025-04-03T20:26:43.721611Z,2300.00,0.2900,0.7100,no
af849e7b-8e8f-461e-be5c-bf25a2a478cb,KXCANADAPM-45-C,2025-04-03T20:26:43.721611Z,199.00,0.2900,0.7100,no
60d7a34f-6cce-457b-bbbd-fb8e07e466a5,KXCANADAPM-45-C,2025-04-03T20:26:43.721611Z,145.00,0.2900,0.7100,no
ab6febb2-d8b7-41c4-8245-6f17bf7fd098,KXCANADAPM-45-C,2025-04-03T20:17:40.17996Z,174.00,0.2900,0.7100,no
73f95cdd-dee5-474c-9083-110656602a5f,KXCANADAPM-45-C,2025-04-03T20:17:26.28447Z,351.00,0.2900,0.7100,no
b71936ae-55a4-4613-b997-e677113984f0,KXCANADAPM-45-C,2025-04-03T20:17:21.264818Z,888.00,0.2900,0.7100,no
011d7c7d-b0bc-41e0-8707-4a8c35c4c7de,KXCANADAPM-45-C,2025-04-03T20:17:21.194196Z,1000.00,0.2900,0.7100,no
ebcbe08a-8913-45ed-95da-dd80b11ff633,KXCANADAPM-45-C,2025-04-03T19:43:14.194608Z,1145.00,0.3000,0.7000,yes
7a9502d8-4be8-417e-bb43-270b49d1a78d,KXCANADAPM-45-C,2025-04-03T19:43:14.194608Z,723.00,0.3000,0.7000,yes
1756715c-c4fa-4442-b161-fc47e06b43f5,KXCANADAPM-45-C,2025-04-03T19:32:29.093422Z,794.00,0.3000,0.7000,yes
c2d77f8b-c1f9-42a2-a629-03628536360e,KXCANADAPM-45-C,2025-04-03T18:38:30.938174Z,61.00,0.3000,0.7000,yes
89e2fa91-2bbd-4fbd-9691-4e32efca88f5,KXCANADAPM-45-C,2025-04-03T18:24:40.356298Z,69.00,0.2900,0.7100,no
d4e5d15d-7db1-4c66-a2f3-55214f509345,KXCANADAPM-45-C,2025-04-03T17:14:28.987534Z,1531.00,0.3000,0.7000,yes
3d4d4862-b750-4feb-a0c6-b04404a04717,KXCANADAPM-45-C,2025-04-03T16:56:30.729151Z,303.00,0.3000,0.7000,yes
5631d821-9eb1-488a-9eb3-489dcf1db6d4,KXCANADAPM-45-C,2025-04-03T16:43:24.531832Z,6.00,0.3000,0.7000,yes
82f83bfe-da9b-4a6f-a61f-33097cf9463a,KXCANADAPM-45-C,2025-04-03T16:26:13.312177Z,16.00,0.2900,0.7100,no
a67de485-7604-40b8-a03e-dec5b87bd05d,KXCANADAPM-45-C,2025-04-03T16:15:20.432274Z,857.00,0.2900,0.7100,no
3b9a983b-a144-4eb8-8126-971e6755301b,KXCANADAPM-45-C,2025-04-03T16:15:20.432274Z,975.00,0.2900,0.7100,no
6599fb6a-c5f0-45d0-ac84-32a08fae5606,KXCANADAPM-45-C,2025-04-03T15:09:24.74479Z,1079.00,0.3000,0.7000,yes
329d71f3-f805-4856-8d0a-1ffce593ccef,KXCANADAPM-45-C,2025-04-03T15:09:24.74479Z,21.00,0.3000,0.7000,yes
08c1146b-b4d9-4bca-95c0-c7f46bf89d99,KXCANADAPM-45-C,2025-04-03T15:09:24.74479Z,1600.00,0.3000,0.7000,yes
cf33cc59-df79-42a2-beeb-b686f18b267f,KXCANADAPM-45-C,2025-04-03T15:04:09.822271Z,51.00,0.2900,0.7100,no
a780facc-5072-4202-b096-b09ca9b9aa4e,KXCANADAPM-45-C,2025-04-03T15:04:09.822271Z,25.00,0.2900,0.7100,no
a67b9a4a-ea52-4bf0-b727-738bbd26f5a8,KXCANADAPM-45-C,2025-04-03T15:04:09.822271Z,2.00,0.2900,0.7100,no
292cb16e-ee42-462a-a05e-86648833d668,KXCANADAPM-45-C,2025-04-03T15:04:09.822271Z,60.00,0.2900,0.7100,no
681d22c5-0ccf-44a2-ab02-6122ef247385,KXCANADAPM-45-C,2025-04-03T14:33:42.163775Z,138.00,0.2900,0.7100,no
4e15e4a4-0a99-4218-a6a2-ad0ce123c77e,KXCANADAPM-45-C,2025-04-03T14:15:58.130191Z,1557.00,0.3000,0.7000,yes
f5860df7-cb36-427f-b0ac-a0f663cf990d,KXCANADAPM-45-C,2025-04-03T13:31:48.817356Z,184.00,0.3000,0.7000,no
ea681b17-c7af-47f0-bd0d-604429b2c66b,KXCANADAPM-45-C,2025-04-03T13:22:56.151103Z,236.00,0.3000,0.7000,yes
8a807b91-5662-4097-b421-f1e19dbd53be,KXCANADAPM-45-C,2025-04-03T13:22:56.151103Z,7.00,0.3100,0.6900,yes
7e41bfa2-2688-4344-8033-6920abbc06da,KXCANADAPM-45-C,2025-04-03T13:22:56.151103Z,2.00,0.3100,0.6900,yes
7a035490-417c-45b2-9b40-62cd6eca0814,KXCANADAPM-45-C,2025-04-03T13:22:56.151103Z,681.00,0.3200,0.6800,yes
6d222577-607a-4140-8f8c-a8200080eb76,KXCANADAPM-45-C,2025-04-03T13:22:56.151103Z,333.00,0.3200,0.6800,yes
4e09b1dc-e6d4-4006-b260-8eeed78f3108,KXCANADAPM-45-C,2025-04-03T13:22:56.151103Z,198.00,0.3200,0.6800,yes
4488490f-9338-4b81-89e9-53fb6b21d757,KXCANADAPM-45-C,2025-04-03T13:22:56.151103Z,1090.00,0.3100,0.6900,yes
211ee1bc-abb4-4671-bdbe-ae001db8c68c,KXCANADAPM-45-C,2025-04-03T13:22:56.151103Z,500.00,0.3100,0.6900,yes
0d4f95b1-12c5-4b99-a356-c828d3d558ea,KXCANADAPM-45-C,2025-04-03T13:09:47.613416Z,143.00,0.3000,0.7000,no
f6d7cc2b-1906-4109-af1f-ca1f59413b05,KXCANADAPM-45-C,2025-04-03T13:03:32.642575Z,15.00,0.3100,0.6900,yes
50df65ec-25bb-44d0-ac0c-72a7a7a231b7,KXCANADAPM-45-C,2025-04-03T12:18:03.143999Z,156.00,0.3000,0.7000,no
1c18deb2-426a-45af-98d3-4b0e031da9da,KXCANADAPM-45-C,2025-04-03T12:17:40.850817Z,7.00,0.3000,0.7000,no
5513a9b1-7e1b-40f9-85a1-7299d8bdb269,KXCANADAPM-45-C,2025-04-03T12:00:39.184796Z,333.00,0.3100,0.6900,yes
4fa58e3d-dc81-4095-9dfa-1e89f6f2edab,KXCANADAPM-45-C,2025-04-03T12:00:39.184796Z,3728.00,0.3100,0.6900,yes
21f679b6-7105-45da-b0fd-169e99ec1bf3,KXCANADAPM-45-C,2025-04-03T12:00:39.184796Z,939.00,0.3200,0.6800,yes
410be436-d0bb-4d02-b655-e0485210689f,KXCANADAPM-45-C,2025-04-03T12:00:17.910578Z,18.00,0.3000,0.7000,yes
2041dec9-c296-436d-bde6-f122a09fcb8e,KXCANADAPM-45-C,2025-04-03T12:00:17.910578Z,468.00,0.3000,0.7000,yes
fefe018e-00e6-4ce0-8226-a203cfa7c648,KXCANADAPM-45-C,2025-04-03T12:00:00.349785Z,500.00,0.2900,0.7100,yes
f7abbf0d-6c1e-4d3d-a9e3-48dc0d45c856,KXCANADAPM-45-C,2025-04-03T12:00:00.349785Z,350.00,0.3000,0.7000,yes
f50d5d94-ba76-4464-81d1-63a7b5d5f56b,KXCANADAPM-45-C,2025-04-03T12:00:00.349785Z,532.00,0.3000,0.7000,yes
e8f7d2cf-1ae5-4af8-8f3c-afd4c2dd1eac,KXCANADAPM-45-C,2025-04-03T12:00:00.349785Z,1000.00,0.3000,0.7000,yes
b678a744-95c8-4732-93ef-3a327df3c603,KXCANADAPM-45-C,2025-04-03T12:00:00.349785Z,250.00,0.3000,0.7000,yes
b52d002e-5917-412c-b864-24bd45e1b054,KXCANADAPM-45-C,2025-04-03T12:00:00.349785Z,35.00,0.3000,0.7000,yes
996a71fb-0a12-4aec-8f35-71e919069267,KXCANADAPM-45-C,2025-04-03T12:00:00.349785Z,21.00,0.2900,0.7100,yes
80e400c3-d3c7-4b6a-9478-1ed6d9e14404,KXCANADAPM-45-C,2025-04-03T12:00:00.349785Z,3000.00,0.3000,0.7000,yes
79f358f1-e14e-401d-a8c9-158f4bc8f72e,KXCANADAPM-45-C,2025-04-03T12:00:00.349785Z,717.00,0.2900,0.7100,yes
600d7678-2a73-4c23-8d83-77ec0e5fb080,KXCANADAPM-45-C,2025-04-03T12:00:00.349785Z,20.00,0.2900,0.7100,yes
41db4087-80aa-494e-ad9a-15ecd4255e22,KXCANADAPM-45-C,2025-04-03T12:00:00.349785Z,10.00,0.3000,0.7000,yes
33448250-08a9-489e-a86b-2ebcb2865b6e,KXCANADAPM-45-C,2025-04-03T12:00:00.349785Z,25.00,0.2900,0.7100,yes
2fe6cfce-6602-47c4-a726-0970ceedff19,KXCANADAPM-45-C,2025-04-03T12:00:00.349785Z,40.00,0.2900,0.7100,yes
6b23a4e8-e388-44f9-aaac-337555ab68ec,KXCANADAPM-45-C,2025-04-03T06:24:56.394001Z,1000.00,0.2800,0.7200,no
bc5bfe37-ef4e-448c-a547-85cb694ea511,KXCANADAPM-45-C,2025-04-03T06:21:09.636438Z,1.00,0.2800,0.7200,no
c37689ca-a1c3-462e-ac87-72712dff80ae,KXCANADAPM-45-C,2025-04-03T06:01:26.930542Z,6.00,0.2800,0.7200,no
bdd5eae7-31e2-4430-b816-b33d138a9892,KXCANADAPM-45-C,2025-04-03T06:01:26.930542Z,9.00,0.2800,0.7200,no
ba2021ad-4f94-48b5-a0d4-e528f0f8ee17,KXCANADAPM-45-C,2025-04-03T06:01:26.930542Z,374.00,0.2800,0.7200,no
b3886cf3-dac1-42f0-9d38-03ae99fbcc02,KXCANADAPM-45-C,2025-04-03T06:01:26.930542Z,1589.00,0.2800,0.7200,no
a5e2807b-e0d7-4cde-9e38-bd12621ff09b,KXCANADAPM-45-C,2025-04-03T06:01:26.930542Z,4.00,0.2800,0.7200,no
905578d9-3a94-430f-b393-84994c7f59ae,KXCANADAPM-45-C,2025-04-03T06:01:26.930542Z,9.00,0.2800,0.7200,no
68ce4fc3-4b1a-4fc5-a794-09a3c1c02c4e,KXCANADAPM-45-C,2025-04-03T06:01:26.930542Z,9.00,0.2800,0.7200,no
df582a5f-d8a1-4a99-bfe8-b10966cc8423,KXCANADAPM-45-C,2025-04-03T06:01:04.763505Z,820.00,0.2800,0.7200,no
bf8861ce-91b6-48a2-a24a-b96526fc10ca,KXCANADAPM-45-C,2025-04-03T04:57:25.097499Z,70.00,0.2900,0.7100,yes
bcf1cfeb-498e-45e2-840b-a3066645c9ff,KXCANADAPM-45-C,2025-04-03T04:57:25.097499Z,20.00,0.2900,0.7100,yes
6460935a-b1c8-41e8-80a5-6cb8164b85ea,KXCANADAPM-45-C,2025-04-03T04:57:25.097499Z,301.00,0.2900,0.7100,yes
23cd82e6-4f6c-483f-a1bc-3f7847e4d8e7,KXCANADAPM-45-C,2025-04-03T04:57:25.097499Z,600.00,0.2900,0.7100,yes
bbcae99f-1eb1-452b-a94d-e1b772eb79c1,KXCANADAPM-45-C,2025-04-03T04:56:39.352668Z,2.00,0.2800,0.7200,no
45ee86ea-111a-4543-bb59-2cc9d1d9c62a,KXCANADAPM-45-C,2025-04-03T04:56:34.935706Z,164.00,0.2900,0.7100,yes
fdb9b75c-71de-46d3-9adb-12c548e26d4e,KXCANADAPM-45-C,2025-04-03T04:37:33.56368Z,4.00,0.2800,0.7200,no
3e0ee5ba-2038-4e1d-a07c-00e8342e1eb6,KXCANADAPM-45-C,2025-04-03T04:37:01.54566Z,13.00,0.2900,0.7100,yes
bea958d8-274b-47a5-bc25-1d81c63f0427,KXCANADAPM-45-C,2025-04-03T04:36:58.998776Z,21.00,0.2800,0.7200,no
a41ee62d-a411-4f02-8792-4ef6898c0fb0,KXCANADAPM-45-C,2025-04-03T04:36:54.223216Z,1330.00,0.2800,0.7200,no
4bd422f4-a7dd-43d3-9997-7da93f02680d,KXCANADAPM-45-C,2025-04-03T04:26:09.647052Z,10.00,0.2800,0.7200,no
667ecd4d-797b-40a4-8954-49bfa5fc675f,KXCANADAPM-45-C,2025-04-03T04:04:38.888828Z,9.00,0.2800,0.7200,no
a07a84fb-816d-4264-8ffe-8c9f6fcd3953,KXCANADAPM-45-C,2025-04-03T03:57:26.799455Z,480.00,0.2800,0.7200,no
7b9f9ba3-df4c-4a25-9627-6393e87f9332,KXCANADAPM-45-C,2025-04-03T03:27:52.259672Z,496.00,0.2800,0.7200,no
9ff9fa26-132c-4e99-900a-80fcaba9beda,KXCANADAPM-45-C,2025-04-03T03:18:26.9991Z,74.00,0.2800,0.7200,no
ed3831ce-c264-41b4-ae32-6aaad789d9ef,KXCANADAPM-45-C,2025-04-03T03:18:22.848258Z,380.00,0.2800,0.7200,no
a3900796-af9e-43fe-baba-2b73605ac087,KXCANADAPM-45-C,2025-04-03T03:14:08.816216Z,4.00,0.2800,0.7200,yes
4f85911f-84d0-473a-9c3c-8efacfd01710,KXCANADAPM-45-C,2025-04-03T03:14:08.816216Z,1.00,0.2800,0.7200,yes
e1a00731-f569-4cc2-abea-ea091c20855d,KXCANADAPM-45-C,2025-04-03T02:27:59.651438Z,95.00,0.2800,0.7200,yes
402d6dea-87c6-4fe1-9d3d-dc15b7c319ed,KXCANADAPM-45-C,2025-04-03T02:27:14.878364Z,17.00,0.2800,0.7200,yes
baa3c663-f37d-4e35-94be-2bd4a9b6bd49,KXCANADAPM-45-C,2025-04-03T02:25:15.235985Z,10.00,0.2800,0.7200,yes
b63f4b7e-1642-4aec-a47b-7ea772d41886,KXCANADAPM-45-C,2025-04-03T02:25:15.235985Z,10.00,0.2800,0.7200,yes
9d1cca16-f8ff-410d-a08f-fe61908c0781,KXCANADAPM-45-C,2025-04-03T02:25:15.235985Z,1.00,0.2800,0.7200,yes
7377375e-9558-48d3-96cb-34b7c63a02d1,KXCANADAPM-45-C,2025-04-03T02:25:15.235985Z,4.00,0.2800,0.7200,yes
6947075c-becc-4f95-abce-dd3bb8e1e894,KXCANADAPM-45-C,2025-04-03T02:25:15.235985Z,12.00,0.2800,0.7200,yes
4c11bca4-031b-47ab-b9d5-d9d400e9b955,KXCANADAPM-45-C,2025-04-03T02:25:15.235985Z,18.00,0.2800,0.7200,yes
4b45e260-f6f8-4356-985d-24f7bdfc9fb3,KXCANADAPM-45-C,2025-04-03T02:25:15.235985Z,20.00,0.2800,0.7200,yes
308ed3ad-1085-4e38-8a32-d8e556203336,KXCANADAPM-45-C,2025-04-03T02:25:15.235985Z,4.00,0.2800,0.7200,yes
1e9a258c-3e3b-4273-a21f-c3443a505506,KXCANADAPM-45-C,2025-04-03T02:25:15.235985Z,78.00,0.2800,0.7200,yes
058900b3-4ade-43eb-82cb-71f00a78f620,KXCANADAPM-45-C,2025-04-03T02:25:15.235985Z,10.00,0.2800,0.7200,yes
050ce6b8-2ade-44e2-a10d-a7e5924108f0,KXCANADAPM-45-C,2025-04-03T02:25:15.235985Z,10.00,0.2800,0.7200,yes
d28ffe21-f98a-4c49-a297-1d0fa0fe9727,KXCANADAPM-45-C,2025-04-03T02:25:13.478349Z,200.00,0.2700,0.7300,yes
ad227ef0-49ba-4ecc-a020-b32772969d2a,KXCANADAPM-45-C,2025-04-03T02:25:11.405732Z,200.00,0.2700,0.7300,yes
be170ecb-00db-4fd6-bc7c-cbd26710d248,KXCANADAPM-45-C,2025-04-03T02:25:09.665396Z,200.00,0.2800,0.7200,yes
38cc3abe-892f-49ce-9665-43967753a2c3,KXCANADAPM-45-C,2025-04-03T02:25:07.788772Z,200.00,0.2700,0.7300,yes
8e62cdda-b293-4afa-9ca3-5e8e61903c14,KXCANADAPM-45-C,2025-04-03T02:25:06.028614Z,200.00,0.2700,0.7300,yes
bfa92568-0380-4ffa-96e0-dddf6d771efe,KXCANADAPM-45-C,2025-04-03T02:25:04.719946Z,2.00,0.2600,0.7400,no
77e870e4-b291-4560-b6a9-eade1e493626,KXCANADAPM-45-C,2025-04-03T02:25:04.181453Z,183.00,0.2700,0.7300,yes
4c5277e3-e1d9-48a5-b611-fd52cc03f919,KXCANADAPM-45-C,2025-04-03T02:25:04.181453Z,17.00,0.2700,0.7300,yes
6323b4b9-14fe-4520-a32d-0fd0cbc3f8e5,KXCANADAPM-45-C,2025-04-03T02:25:02.475953Z,200.00,0.2700,0.7300,yes
5302b805-27f5-4a28-8af5-9b1bf579611e,KXCANADAPM-45-C,2025-04-03T02:12:00.344034Z,22.00,0.2700,0.7300,yes
b1c24279-7d31-4cbd-9950-e3cdd87e52a9,KXCANADAPM-45-C,2025-04-03T02:07:40.076767Z,6.00,0.2600,0.7400,no
ccf1122e-656e-41b1-9100-9ceabc39de21,KXCANADAPM-45-C,2025-04-03T02:07:36.358099Z,997.00,0.2700,0.7300,yes
8fa4f8b4-2b67-49bc-a9ee-4245cf5ae206,KXCANADAPM-45-C,2025-04-03T02:02:49.808906Z,2.00,0.2600,0.7400,no
cb781c0d-191b-4ded-8b11-bbe233d32f1f,KXCANADAPM-45-C,2025-04-03T02:02:46.724963Z,43.00,0.2700,0.7300,yes
a8bab9cc-f99d-42db-b44e-bf1fbc04d3d3,KXCANADAPM-45-C,2025-04-03T02:02:44.61844Z,200.00,0.2700,0.7300,yes
20364411-de59-4105-85a7-d5db99ecfa38,KXCANADAPM-45-C,2025-04-03T01:59:37.82862Z,3.00,0.2600,0.7400,no
b64a73e4-76ab-4d23-a853-c2a1d0a51b45,KXCANADAPM-45-C,2025-04-03T01:59:31.796996Z,855.00,0.2700,0.7300,yes
ae837278-133f-4078-a769-99fb45c9b968,KXCANADAPM-45-C,2025-04-03T01:59:31.796996Z,4.00,0.2700,0.7300,yes
eb5a14b3-5144-47d6-936c-abcbb9768ddd,KXCANADAPM-45-C,2025-04-03T01:49:49.484754Z,1.00,0.2600,0.7400,no
71723bca-631d-44c9-91d2-303c0867daf4,KXCANADAPM-45-C,2025-04-03T01:44:51.956542Z,9.00,0.2600,0.7400,no
2c1170ba-6729-4769-84e0-2786c60377d6,KXCANADAPM-45-C,2025-04-03T01:44:45.910934Z,479.00,0.2600,0.7400,no
a04b0661-6d52-4ee7-b957-a987980efd07,KXCANADAPM-45-C,2025-04-03T01:41:35.040233Z,10.00,0.2600,0.7400,no
befc435f-282a-4206-97ca-4c6ec8a2e4f2,KXCANADAPM-45-C,2025-04-03T01:41:29.245241Z,9.00,0.2600,0.7400,yes
b944b2b7-194f-487d-bb98-657b90282a70,KXCANADAPM-45-C,2025-04-03T01:41:29.245241Z,231.00,0.2600,0.7400,yes
ace5ca72-ae9e-4ff7-82e9-a1129e0762cd,KXCANADAPM-45-C,2025-04-03T01:41:29.245241Z,6.00,0.2600,0.7400,yes
89d46567-7aaf-4d11-b282-3fe779bf8ef3,KXCANADAPM-45-C,2025-04-03T01:41:29.245241Z,847.00,0.2600,0.7400,yes
5fdd3998-90f1-422a-9f2e-9a1357c4a765,KXCANADAPM-45-C,2025-04-03T01:41:29.245241Z,9.00,0.2600,0.7400,yes
50bee434-30b1-4b26-977d-5e6757778a15,KXCANADAPM-45-C,2025-04-03T01:41:29.245241Z,257.00,0.2600,0.7400,yes
429f5bea-f531-4227-88b8-c9ba28abdc43,KXCANADAPM-45-C,2025-04-03T01:41:29.245241Z,9.00,0.2600,0.7400,yes
fa9e4c4c-f014-4510-9955-c4eb934f5948,KXCANADAPM-45-C,2025-04-03T00:56:06.159616Z,1500.00,0.2600,0.7400,yes
ff3d44d8-1484-49a0-a542-e4244bc4f8bc,KXCANADAPM-45-C,2025-04-03T00:22:30.648685Z,1167.00,0.2600,0.7400,yes
d1b255bc-af3f-438a-9313-32ae8c827685,KXCANADAPM-45-C,2025-04-03T00:22:30.648685Z,833.00,0.2600,0.7400,yes
02355c07-01a3-49d5-8034-7982dd232a19,KXCANADAPM-45-C,2025-04-02T23:24:13.906708Z,10.00,0.2600,0.7400,yes
f361502f-b266-4c0a-be7b-f66cb99e6e14,KXCANADAPM-45-C,2025-04-02T22:34:30.366377Z,3.00,0.2600,0.7400,yes
8eef4949-8357-46af-9ce7-21f4f542e5c8,KXCANADAPM-45-C,2025-04-02T22:34:05.015335Z,25.00,0.2500,0.7500,no
c0d7507a-319a-43ab-bd1a-96f4e96b5200,KXCANADAPM-45-C,2025-04-02T22:12:45.581865Z,976.00,0.2500,0.7500,no
85df4380-ab0b-4909-8db6-1bf0993df690,KXCANADAPM-45-C,2025-04-02T22:12:45.581865Z,3000.00,0.2500,0.7500,no
7fad12ae-786f-4ce7-9863-626731d443e5,KXCANADAPM-45-C,2025-04-02T22:12:45.581865Z,1024.00,0.2500,0.7500,no
d0719807-41fe-4025-ba5e-54c7505144e8,KXCANADAPM-45-C,2025-04-02T21:38:08.552437Z,39.00,0.2500,0.7500,no
935e5dc7-7803-42cd-a083-f1a4a9b363e6,KXCANADAPM-45-C,2025-04-02T21:38:08.552437Z,182.00,0.2500,0.7500,no
8851ce58-e095-43df-8ea6-f335f43a97fe,KXCANADAPM-45-C,2025-04-02T21:38:08.552437Z,4.00,0.2500,0.7500,no
7f293d43-77d9-4c01-8360-85f7df8f1124,KXCANADAPM-45-C,2025-04-02T21:38:08.552437Z,24.00,0.2500,0.7500,no
261339a6-553f-4b00-a310-64876214b9a0,KXCANADAPM-45-C,2025-04-02T21:38:08.552437Z,250.00,0.2500,0.7500,no
0496d13c-6183-47c4-bcad-ab375b74c1f3,KXCANADAPM-45-C,2025-04-02T21:38:08.552437Z,1.00,0.2500,0.7500,no
a4c9ae11-50ec-4fbe-883a-883c5fdd2d9e,KXCANADAPM-45-C,2025-04-02T20:55:25.750812Z,714.00,0.2600,0.7400,no
74bdab7c-63e2-4e1c-b172-1db80126f72a,KXCANADAPM-45-C,2025-04-02T20:55:25.750812Z,106.00,0.2600,0.7400,no
39b319ce-c980-4462-8b44-800edc3ac7a7,KXCANADAPM-45-C,2025-04-02T20:55:25.750812Z,1000.00,0.2600,0.7400,no
f2b04237-739f-4808-b5e5-b2193f904e44,KXCANADAPM-45-C,2025-04-02T20:42:03.994467Z,1.00,0.2600,0.7400,no
ed3698f3-a1ff-414b-9263-98b8a57678b1,KXCANADAPM-45-C,2025-04-02T20:42:03.994467Z,4.00,0.2600,0.7400,no
ea4cf151-5d73-4611-a4e1-48ab8d1ed666,KXCANADAPM-45-C,2025-04-02T20:42:03.994467Z,4.00,0.2600,0.7400,no
d02d3837-543e-4e71-befd-c8c236e18aee,KXCANADAPM-45-C,2025-04-02T20:42:03.994467Z,1.00,0.2600,0.7400,no
63583963-d4c9-40f5-b3f1-5b498682fb47,KXCANADAPM-45-C,2025-04-02T20:42:03.994467Z,3.00,0.2600,0.7400,no
5e33a9a1-fcc3-42f6-aa54-9fc8a74836af,KXCANADAPM-45-C,2025-04-02T20:42:03.994467Z,286.00,0.2600,0.7400,no
504724a6-0049-42f4-9b67-a45fefb1429f,KXCANADAPM-45-C,2025-04-02T20:42:03.994467Z,3.00,0.2600,0.7400,no
336aa4cd-23e0-4f6c-a7e9-5ce9a1827825,KXCANADAPM-45-C,2025-04-02T20:42:03.994467Z,4.00,0.2600,0.7400,no
2eaf79d3-fa7b-4794-8792-dc4b8ebd44e3,KXCANADAPM-45-C,2025-04-02T20:42:03.994467Z,4.00,0.2600,0.7400,no
075e5276-f20f-4e00-b977-b843fc9966ac,KXCANADAPM-45-C,2025-04-02T20:42:03.994467Z,3759.00,0.2600,0.7400,no
05c7dd67-41b8-4872-a9c2-1c764f07677a,KXCANADAPM-45-C,2025-04-02T20:42:03.994467Z,2279.00,0.2600,0.7400,no
af2062f7-a813-492a-b5b7-4ea03ca6a2ac,KXCANADAPM-45-C,2025-04-02T20:38:31.199902Z,4.00,0.2700,0.7300,no
0663b4d6-c727-4342-8ce4-036461af5d40,KXCANADAPM-45-C,2025-04-02T20:38:31.199902Z,10.00,0.2700,0.7300,no
f061b5a4-24c7-4338-aa73-c46b34cc9b37,KXCANADAPM-45-C,2025-04-02T20:38:25.177327Z,1000.00,0.2700,0.7300,no
c6c59635-eb0e-493d-8d02-05bbf8d11664,KXCANADAPM-45-C,2025-04-02T19:35:46.43775Z,1.00,0.2700,0.7300,no
9b512945-09f0-4602-8b63-e33a064ad5e5,KXCANADAPM-45-C,2025-04-02T19:35:44.395692Z,143.00,0.2700,0.7300,no
e639901a-b9c1-49bc-9748-ada96ecde07a,KXCANADAPM-45-C,2025-04-02T18:38:03.994742Z,1.00,0.2800,0.7200,yes
c2e63614-807f-47d2-960f-193e8beafe1c,KXCANADAPM-45-C,2025-04-02T18:38:03.994742Z,4.00,0.2800,0.7200,yes
a4d16d76-1d1d-41bb-9ed6-f49569b8b300,KXCANADAPM-45-C,2025-04-02T18:04:17.74892Z,1.00,0.2700,0.7300,no
1d5c9059-4fdb-4eb9-9864-c65f85251fbf,KXCANADAPM-45-C,2025-04-02T18:03:04.538915Z,12.00,0.2700,0.7300,no
8c159ba6-c2d8-437e-b7f8-1bf409f47abc,KXCANADAPM-45-C,2025-04-02T18:02:57.748641Z,666.00,0.2700,0.7300,no
2f9a0073-6f11-4494-9a9d-271cd69f9ab9,KXCANADAPM-45-C,2025-04-02T17:55:04.669218Z,7.00,0.2700,0.7300,no
c6774d49-2c16-4b54-819c-2b268d7f5471,KXCANADAPM-45-C,2025-04-02T17:54:59.749295Z,500.00,0.2700,0.7300,no
5a0c51b7-0977-4185-a571-5090dfe54ee2,KXCANADAPM-45-C,2025-04-02T17:54:11.23946Z,3.00,0.2800,0.7200,yes
020f4be4-fbd7-42aa-9801-3950890a720f,KXCANADAPM-45-C,2025-04-02T17:53:59.929515Z,3.00,0.2700,0.7300,no
2e2fbf4e-08ef-49f8-af09-22020d955a07,KXCANADAPM-45-C,2025-04-02T17:53:54.192433Z,500.00,0.2700,0.7300,no
2dc99913-6ecc-4c56-a82a-1d357abefbed,KXCANADAPM-45-C,2025-04-02T17:53:38.83898Z,157.00,0.2700,0.7300,no
e42b1747-1339-476b-8834-aa679f978f2e,KXCANADAPM-45-C,2025-04-02T15:50:11.217668Z,3.00,0.2800,0.7200,yes
f7ca9e34-5f11-41ca-8409-1cc3c0e27289,KXCANADAPM-45-C,2025-04-02T15:38:27.358435Z,65.00,0.2800,0.7200,no
0c127605-0f8c-4d41-940d-7230895b01d5,KXCANADAPM-45-C,2025-04-02T15:35:51.153921Z,3.00,0.2900,0.7100,yes
ffb3b77d-e5e6-4d22-8aea-2bdf74db79ed,KXCANADAPM-45-C,2025-04-02T15:33:04.369057Z,1.00,0.2800,0.7200,no
eb864c66-01cb-48ca-bb60-de7bbc787b21,KXCANADAPM-45-C,2025-04-02T15:33:04.369057Z,7.00,0.2800,0.7200,no
5e61f57d-9720-4476-aece-b941246ba8f4,KXCANADAPM-45-C,2025-04-02T15:33:04.369057Z,125.00,0.2800,0.7200,no
6e16d41d-08a3-40eb-8f21-2c7797bbb504,KXCANADAPM-45-C,2025-04-02T15:25:42.493087Z,1.00,0.2800,0.7200,no
708c5211-9ce5-4242-ac1a-de73acffd437,KXCANADAPM-45-C,2025-04-02T15:16:41.11036Z,77.00,0.2800,0.7200,no
f24e4c9f-c4a9-4d53-8144-117af357a965,KXCANADAPM-45-C,2025-04-02T15:11:15.719731Z,129.00,0.2800,0.7200,no
47ff5489-1e65-4e7d-b5bf-e4981eeabc6b,KXCANADAPM-45-C,2025-04-02T15:10:59.329448Z,264.00,0.2800,0.7200,no
2e3d4903-b11d-4fb9-8fa1-234ce9390ccb,KXCANADAPM-45-C,2025-04-02T15:05:42.957392Z,5.00,0.2800,0.7200,no
9f1e175e-377b-4589-98fb-b5ea775e834e,KXCANADAPM-45-C,2025-04-02T14:40:04.539396Z,4.00,0.2800,0.7200,no
ec2450ae-9a6d-483e-bd70-2d68186a7f99,KXCANADAPM-45-C,2025-04-02T14:40:01.237028Z,135.00,0.2800,0.7200,no
4ac37669-0727-48b9-8c39-1878846d376e,KXCANADAPM-45-C,2025-04-02T14:00:02.468923Z,38.00,0.2800,0.7200,no
c9c7e615-a35c-4ff0-92e7-4399137171f4,KXCANADAPM-45-C,2025-04-02T13:59:57.049775Z,2395.00,0.2800,0.7200,no
74ffc0af-f341-407a-8e3d-b2297ee0bfa5,KXCANADAPM-45-C,2025-04-02T12:34:45.662069Z,12.00,0.2800,0.7200,no
15642b68-4204-446e-8c75-0969ce433de7,KXCANADAPM-45-C,2025-04-02T06:21:04.558662Z,28.00,0.2800,0.7200,no
a36c7995-4e58-4a80-a346-1c643cef9bd8,KXCANADAPM-45-C,2025-04-02T06:21:00.559017Z,373.00,0.2800,0.7200,no
dbdab6a3-4f09-4af5-9563-f945075ca1ea,KXCANADAPM-45-C,2025-04-02T04:08:09.538857Z,4.00,0.2800,0.7200,no
876316f3-7510-4031-8025-238585a5aa3f,KXCANADAPM-45-C,2025-04-02T04:08:09.538857Z,65.00,0.2800,0.7200,no
59d2e054-744c-4f63-937f-f363aba1712c,KXCANADAPM-45-C,2025-04-02T04:08:09.538857Z,52.00,0.2800,0.7200,no
b9659c76-b610-4caa-9989-a91bd5803f0f,KXCANADAPM-45-C,2025-04-02T03:28:52.311317Z,12.00,0.2900,0.7100,yes
20f27f9d-f8c2-4bae-9f54-762e7bafce23,KXCANADAPM-45-C,2025-04-02T03:28:52.311317Z,152.00,0.2900,0.7100,yes
39758a0e-2518-4384-80a3-4165765bdf20,KXCANADAPM-45-C,2025-04-02T03:18:05.720557Z,9.00,0.2900,0.7100,yes
0bdba83a-dd19-4ac9-9d6d-bcb76c5fb1bd,KXCANADAPM-45-C,2025-04-02T03:02:55.751731Z,4061.00,0.2800,0.7200,no
378b1ce6-155f-42cb-b9e3-9a93b203fb1e,KXCANADAPM-45-C,2025-04-02T02:48:53.992539Z,4.00,0.2800,0.7200,yes
276fcc99-d07a-476b-b1fe-4bf1f08e9745,KXCANADAPM-45-C,2025-04-02T02:48:53.992539Z,414.00,0.2800,0.7200,yes
872f7e80-c1ce-454a-94c3-10c1dfe3a00a,KXCANADAPM-45-C,2025-04-02T02:45:43.355609Z,22.00,0.2800,0.7200,yes
e142b0af-6fba-4e91-99a3-52946284e418,KXCANADAPM-45-C,2025-04-02T02:45:37.133525Z,337.00,0.2800,0.7200,no
d94fdcc9-5d3e-4950-a35c-05728706b78c,KXCANADAPM-45-C,2025-04-02T02:45:37.133525Z,120.00,0.2800,0.7200,no
a9bba12a-9ec7-45e4-ad99-5e4f7ef6b0b8,KXCANADAPM-45-C,2025-04-02T02:45:37.133525Z,2721.00,0.2700,0.7300,no
a5db5a55-db76-4542-9174-ee3e494cb663,KXCANADAPM-45-C,2025-04-02T02:45:37.133525Z,112.00,0.2700,0.7300,no
9a5d4723-4db9-40db-98a2-8e9bbe670413,KXCANADAPM-45-C,2025-04-02T02:45:37.133525Z,300.00,0.2700,0.7300,no
7c9940a6-2887-411a-990f-2afbd04e1778,KXCANADAPM-45-C,2025-04-02T02:45:37.133525Z,2.00,0.2800,0.7200,no
32334bc4-2a2a-4387-80a0-ca2c5ba0df50,KXCANADAPM-45-C,2025-04-02T02:45:37.133525Z,208.00,0.2800,0.7200,no
f1dd4555-3500-41c6-9f2f-3aa7b4d8726f,KXCANADAPM-45-C,2025-04-02T02:36:46.483516Z,111.00,0.2900,0.7100,yes
da471cf7-80c9-477d-ba5d-7a00eba2b40a,KXCANADAPM-45-C,2025-04-02T02:36:46.483516Z,21.00,0.2900,0.7100,yes
9817ced5-24f1-4c47-81a1-a5169c5e991c,KXCANADAPM-45-C,2025-04-02T02:36:46.483516Z,39.00,0.2900,0.7100,yes
89bad5b9-e465-452f-8d5f-8b6d9516c969,KXCANADAPM-45-C,2025-04-02T02:36:46.483516Z,180.00,0.2900,0.7100,yes
2434c352-f123-4f15-bfb2-0a86a74c78b0,KXCANADAPM-45-C,2025-04-02T02:36:46.483516Z,480.00,0.2900,0.7100,yes
cf014b43-1557-4c8f-b375-1aac196e94b1,KXCANADAPM-45-C,2025-04-02T02:18:23.997218Z,2.00,0.2900,0.7100,yes
7e0d94ce-2454-471a-a20f-d1dc195be43c,KXCANADAPM-45-C,2025-04-02T01:49:01.352278Z,185.00,0.2800,0.7200,no
4ac82ed8-4f64-4ed2-9a46-8235ba02326b,KXCANADAPM-45-C,2025-04-02T01:47:58.409672Z,233.00,0.2900,0.7100,no
d5e473d4-dc2e-47f5-bf37-546e132fc2be,KXCANADAPM-45-C,2025-04-02T01:39:19.519972Z,17.00,0.2900,0.7100,no
50e11c4b-feb7-4cc0-86d8-82cfb176c53e,KXCANADAPM-45-C,2025-04-02T01:35:51.412236Z,1.00,0.2900,0.7100,no
6412c5dc-6545-4564-845c-1bea36b11466,KXCANADAPM-45-C,2025-04-02T01:07:56.228897Z,4.00,0.2900,0.7100,no
639f6ac7-ef52-4e6b-8021-4971efecc32f,KXCANADAPM-45-C,2025-04-02T01:07:56.228897Z,30.00,0.2900,0.7100,no
8442a6cd-f510-422e-8014-5b027515a958,KXCANADAPM-45-C,2025-04-02T00:57:46.978504Z,569.00,0.2900,0.7100,yes
b771a102-7c27-48e8-b0b6-e76b6d4f2985,KXCANADAPM-45-C,2025-04-02T00:50:07.687755Z,216.00,0.2900,0.7100,yes
b712b74c-972b-41e7-8416-f2f5ab784178,KXCANADAPM-45-C,2025-04-02T00:50:07.687755Z,260.00,0.3000,0.7000,yes
6bf4bb54-cd9a-43d7-bea5-130a871e1861,KXCANADAPM-45-C,2025-04-02T00:50:07.687755Z,4.00,0.2900,0.7100,yes
b56fc786-b71d-4b2c-9441-4fae6d9a37be,KXCANADAPM-45-C,2025-04-02T00:48:36.330371Z,102.00,0.2800,0.7200,no
a7384a89-c7aa-467a-ae42-7f9f5cff842f,KXCANADAPM-45-C,2025-04-02T00:48:36.330371Z,52.00,0.2800,0.7200,no
8a6f2a2c-3493-4784-a6a3-4022369c0544,KXCANADAPM-45-C,2025-04-02T00:48:36.330371Z,500.00,0.2800,0.7200,no
3307526d-d7ac-4fd7-b321-5de0b9c2836f,KXCANADAPM-45-C,2025-04-02T00:48:36.330371Z,514.00,0.2800,0.7200,no
8eedbf2f-bbf7-4d3c-a6b0-257866b2d968,KXCANADAPM-45-C,2025-04-02T00:25:59.489031Z,6.00,0.2900,0.7100,yes
a09ff82e-9ff4-4d56-9a47-28ae880597c8,KXCANADAPM-45-C,2025-04-01T22:46:08.62749Z,21.00,0.2900,0.7100,yes
4677ea87-4ada-4818-b29f-cbb6636ea452,KXCANADAPM-45-C,2025-04-01T22:46:08.62749Z,28.00,0.2900,0.7100,yes
ae5fee53-3a46-4d2f-9368-fff614043dcb,KXCANADAPM-45-C,2025-04-01T22:26:29.30264Z,356.00,0.2800,0.7200,no
b3ec2aba-e0b8-4d1e-ad61-efff40aa3f78,KXCANADAPM-45-C,2025-04-01T22:07:59.146747Z,35.00,0.2900,0.7100,no
f51c916d-40fe-4259-9ad1-76fc398667ed,KXCANADAPM-45-C,2025-04-01T21:02:43.22808Z,53.00,0.2900,0.7100,no
e64095a8-ecf9-4c7b-b8f0-c50073555c79,KXCANADAPM-45-C,2025-04-01T21:02:43.22808Z,184.00,0.2900,0.7100,no
5ce93181-c680-4b64-b3e6-884a7475668b,KXCANADAPM-45-C,2025-04-01T21:02:43.22808Z,6763.00,0.2900,0.7100,no
ae9cf5dc-d67c-4828-ad73-b446dab2a5d6,KXCANADAPM-45-C,2025-04-01T20:32:34.927638Z,250.00,0.2900,0.7100,no
9fdfafca-1146-4d43-8d9f-8c72cf8f2590,KXCANADAPM-45-C,2025-04-01T20:32:34.927638Z,72.00,0.2900,0.7100,no
7fb3929b-4251-424e-bb45-aceeeb9b00b2,KXCANADAPM-45-C,2025-04-01T20:11:16.949116Z,53.00,0.3000,0.7000,no
58c17dc7-cf63-4174-944f-49d8633c5ecf,KXCANADAPM-45-C,2025-04-01T20:11:11.989798Z,846.00,0.3000,0.7000,no
3400ebae-67fa-4fd0-bf8b-9c6b484a66b6,KXCANADAPM-45-C,2025-04-01T20:10:34.944741Z,1532.00,0.3000,0.7000,no
27e8c520-227c-4d06-a5b4-da136b40caf9,KXCANADAPM-45-C,2025-04-01T19:40:36.429736Z,23.00,0.3100,0.6900,yes
f5ccab38-4666-4caf-af60-49148b751a80,KXCANADAPM-45-C,2025-04-01T19:40:32.048471Z,3.00,0.3100,0.6900,no
d031b73b-25e5-4569-a234-6522810d676f,KXCANADAPM-45-C,2025-04-01T19:40:32.048471Z,28.00,0.3100,0.6900,no
b56c6021-a954-4b07-9030-fdd933735770,KXCANADAPM-45-C,2025-04-01T19:40:32.048471Z,100.00,0.3100,0.6900,no
b1e3f206-970c-4b8e-ac3e-0a1495b64023,KXCANADAPM-45-C,2025-04-01T19:40:32.048471Z,4.00,0.3100,0.6900,no
a34b7e7f-2f5f-4cf7-a391-0fa004c6b96d,KXCANADAPM-45-C,2025-04-01T19:40:32.048471Z,405.00,0.3100,0.6900,no
93a5288b-5a17-4424-8636-08d8aaa24e3a,KXCANADAPM-45-C,2025-04-01T19:40:32.048471Z,25.00,0.3100,0.6900,no
8c67e823-c900-4fa9-9ee8-4c73234ebcce,KXCANADAPM-45-C,2025-04-01T19:40:32.048471Z,30.00,0.3100,0.6900,no
88d1315f-f56a-4026-901d-023963f99a71,KXCANADAPM-45-C,2025-04-01T19:40:32.048471Z,11.00,0.3100,0.6900,no
6b8e3b32-d980-4b98-ba27-bb0dd76197e2,KXCANADAPM-45-C,2025-04-01T19:40:32.048471Z,16.00,0.3100,0.6900,no
2f9c020b-ce2e-4086-9960-28b0af4abe70,KXCANADAPM-45-C,2025-04-01T19:40:32.048471Z,1251.00,0.3100,0.6900,no
1d22a49a-356b-4685-b3f3-acc0079f3df1,KXCANADAPM-45-C,2025-04-01T19:40:32.048471Z,226.00,0.3100,0.6900,no
03bc7c44-4f23-4cbd-93bb-84def630d14f,KXCANADAPM-45-C,2025-04-01T19:40:32.048471Z,150.00,0.3100,0.6900,no
e37269c7-4a2b-427b-b338-483cafd9ec50,KXCANADAPM-45-C,2025-04-01T18:50:30.964286Z,441.00,0.3200,0.6800,yes
fbaed4e3-11fb-491e-b312-e938e105fdd5,KXCANADAPM-45-C,2025-04-01T18:47:50.864979Z,745.00,0.3200,0.6800,yes
8965c480-0c79-4deb-a45a-354a7e11408f,KXCANADAPM-45-C,2025-04-01T17:32:10.441866Z,31.00,0.3200,0.6800,yes
beb03398-2cb6-49a7-871b-19d168ba2592,KXCANADAPM-45-C,2025-04-01T17:32:06.035144Z,59.00,0.3200,0.6800,no
93619058-79a2-4b8a-8302-9861840e4fb4,KXCANADAPM-45-C,2025-04-01T17:32:06.035144Z,24.00,0.3200,0.6800,no
69aa7148-5c13-44db-8762-54f372e5c254,KXCANADAPM-45-C,2025-04-01T17:32:06.035144Z,2034.00,0.3200,0.6800,no
62783fd8-30f9-4c55-9f84-89a46e68391e,KXCANADAPM-45-C,2025-04-01T17:32:06.035144Z,46.00,0.3200,0.6800,no
e6f19251-0eb2-4b9f-836d-ebeb85a2bee6,KXCANADAPM-45-C,2025-04-01T15:27:13.358666Z,1000.00,0.3300,0.6700,yes
2155e7c6-43d8-4779-a21c-acfebcde62fb,KXCANADAPM-45-C,2025-04-01T15:27:13.358666Z,25.00,0.3300,0.6700,yes
0a3eee9d-27b4-42fb-ab30-292603ad977c,KXCANADAPM-45-C,2025-04-01T15:27:13.358666Z,3194.00,0.3300,0.6700,yes
a318574e-296a-4877-a380-e5b67b7222ab,KXCANADAPM-45-C,2025-04-01T14:42:46.953598Z,10.00,0.3200,0.6800,yes
f53391ec-4242-441f-8c73-719d6851070e,KXCANADAPM-45-C,2025-04-01T14:38:43.967319Z,44.00,0.3200,0.6800,yes
ac738fea-4596-40fe-9123-9691276cf426,KXCANADAPM-45-C,2025-04-01T14:38:43.967319Z,1.00,0.3200,0.6800,yes
1ca9f76a-acfa-44c3-8090-e169714906e0,KXCANADAPM-45-C,2025-04-01T14:38:43.967319Z,172.00,0.3200,0.6800,yes
a9b56976-131f-46b3-80d2-3d9664433326,KXCANADAPM-45-C,2025-04-01T14:31:34.769376Z,29.00,0.3200,0.6800,yes
6ac912ed-f3ba-44ef-aadc-771a119b7537,KXCANADAPM-45-C,2025-04-01T12:06:33.353075Z,249.00,0.3100,0.6900,yes
0ac8d9d1-4922-4cec-beae-f336bd566e38,KXCANADAPM-45-C,2025-04-01T12:02:37.02098Z,1.00,0.3100,0.6900,no
98bcdf22-bbda-4261-9203-4d7f4c9cbfd5,KXCANADAPM-45-C,2025-04-01T05:58:03.300257Z,10.00,0.3200,0.6800,yes
fa022828-35f2-4d65-9a6c-a0c15187cef7,KXCANADAPM-45-C,2025-04-01T02:32:50.065135Z,73.00,0.3100,0.6900,no
a34b3f05-70f0-497d-95d5-037e354c536c,KXCANADAPM-45-C,2025-04-01T02:32:50.065135Z,4.00,0.3100,0.6900,no
5a7c0791-bbee-4f94-8924-aa2b3bd6a518,KXCANADAPM-45-C,2025-04-01T02:32:50.065135Z,5.00,0.3100,0.6900,no
59b45861-0f9e-4b46-b037-7515458ee383,KXCANADAPM-45-C,2025-04-01T02:32:50.065135Z,100.00,0.3100,0.6900,no
4406f14f-1e09-428c-825e-d45e21daac09,KXCANADAPM-45-C,2025-04-01T02:32:50.065135Z,250.00,0.3100,0.6900,no
0a899cf9-7340-47e1-937b-d35210b87fcb,KXCANADAPM-45-C,2025-04-01T02:32:50.065135Z,61.00,0.3100,0.6900,no
b1b7ba34-54c8-47e2-ab3a-16a1cd539234,KXCANADAPM-45-C,2025-04-01T01:58:04.693024Z,44.00,0.3200,0.6800,yes
2c324cb5-a65c-4a8f-b01a-24cf96b182f2,KXCANADAPM-45-C,2025-04-01T00:32:51.922576Z,298.00,0.3200,0.6800,yes
85cedf9f-0344-4f2b-a214-99f66f911c52,KXCANADAPM-45-C,2025-04-01T00:18:12.02098Z,10.00,0.3100,0.6900,no
bf56ad04-570c-4b56-8f20-a3b80f4e5e62,KXCANADAPM-45-C,2025-03-31T23:30:23.389606Z,500.00,0.3100,0.6900,no
fd7fe718-8708-4a3b-9745-ab170912837f,KXCANADAPM-45-C,2025-03-31T22:33:13.125417Z,184.00,0.3100,0.6900,no
91c2c8bc-f84f-4460-906b-c99039e59d4d,KXCANADAPM-45-C,2025-03-31T22:33:13.125417Z,2315.00,0.3100,0.6900,no
88a963e3-55a2-4b3f-ba5a-d87f008ed2e4,KXCANADAPM-45-C,2025-03-31T22:33:13.125417Z,1.00,0.3100,0.6900,no
df3d7f85-d0a9-497e-b9f2-fee16f3623b5,KXCANADAPM-45-C,2025-03-31T22:31:32.620176Z,271.00,0.3200,0.6800,yes
5672bd81-5811-4f99-872b-cb82d2af0902,KXCANADAPM-45-C,2025-03-31T22:31:32.620176Z,4.00,0.3200,0.6800,yes
4945092f-49f5-4a76-8b34-86fdeb44c5c7,KXCANADAPM-45-C,2025-03-31T22:31:32.620176Z,19.00,0.3200,0.6800,yes
379dccc6-bc33-4ac8-8cc5-452cf2625301,KXCANADAPM-45-C,2025-03-31T22:31:32.620176Z,4.00,0.3200,0.6800,yes
7026ce4b-9429-4a4b-bda1-35e5f4da9e8a,KXCANADAPM-45-C,2025-03-31T22:24:38.445327Z,14.00,0.3200,0.6800,yes
60799fde-1443-4fd4-a778-641c0a171753,KXCANADAPM-45-C,2025-03-31T22:17:36.617434Z,37.00,0.3200,0.6800,yes
053f8164-65f2-4e08-9c87-4a862574186b,KXCANADAPM-45-C,2025-03-31T21:21:40.340449Z,5.00,0.3200,0.6800,yes
39ec9858-1cc4-4c86-b541-4df45aa59634,KXCANADAPM-45-C,2025-03-31T21:18:26.322828Z,127.00,0.3100,0.6900,no
7479ab52-3fc5-4df2-a511-00a62ef7b88e,KXCANADAPM-45-C,2025-03-31T21:18:26.234208Z,27.00,0.3200,0.6800,no
600df54c-7cd8-46b9-b6bd-63aa3bc59752,KXCANADAPM-45-C,2025-03-31T21:18:26.234208Z,23.00,0.3200,0.6800,no
552b22ed-51df-4e0e-9946-28cbffe51cf4,KXCANADAPM-45-C,2025-03-31T21:18:26.234208Z,71.00,0.3200,0.6800,no
eaf2f446-f614-4a7b-9246-d6ad97f9bca7,KXCANADAPM-45-C,2025-03-31T20:54:28.911166Z,4.00,0.3300,0.6700,yes
c2fc81f8-378e-4bce-93d6-1758bd1731eb,KXCANADAPM-45-C,2025-03-31T20:54:28.911166Z,69.00,0.3400,0.6600,yes
74229190-a67d-43d0-907e-cf286d6368df,KXCANADAPM-45-C,2025-03-31T20:54:28.911166Z,40.00,0.3300,0.6700,yes
34545cd9-ee47-4b1b-bbeb-3e07c5639c9a,KXCANADAPM-45-C,2025-03-31T20:54:28.911166Z,9.00,0.3300,0.6700,yes
10789b39-c981-4af3-b2cd-c76f3f135f82,KXCANADAPM-45-C,2025-03-31T20:54:28.911166Z,500.00,0.3300,0.6700,yes
df3d7177-2f71-448c-b1be-ff42f5ca868d,KXCANADAPM-45-C,2025-03-31T20:46:51.776785Z,485.00,0.3300,0.6700,yes
249b5fac-b122-49f7-99c7-7dbd9fadeaf4,KXCANADAPM-45-C,2025-03-31T20:46:51.776785Z,230.00,0.3200,0.6800,yes
561819d7-dc9b-44b7-a9f3-e59f7f7be0f5,KXCANADAPM-45-C,2025-03-31T20:25:15.179907Z,23.00,0.3100,0.6900,no
1bb54693-8383-43e7-9539-b7a00eb36f15,KXCANADAPM-45-C,2025-03-31T19:39:08.712538Z,235.00,0.3100,0.6900,no
caf081e8-2673-4865-9a7f-c851ccfade0f,KXCANADAPM-45-C,2025-03-31T19:21:04.150359Z,54.00,0.3200,0.6800,yes
c7820491-fc51-49a2-8cdc-49cdaad9fad4,KXCANADAPM-45-C,2025-03-31T19:21:04.150359Z,46.00,0.3200,0.6800,yes
cf3cdf6f-fd6d-419d-a192-5f728c8fd3bc,KXCANADAPM-45-C,2025-03-31T17:27:28.539845Z,27.00,0.3200,0.6800,yes
b0310832-6b3a-4ac0-947b-9aaa2ef46347,KXCANADAPM-45-C,2025-03-31T17:27:28.539845Z,2.00,0.3200,0.6800,yes
eed25686-9a3c-487c-82e9-0aab010644e0,KXCANADAPM-45-C,2025-03-31T17:09:34.129987Z,2.00,0.3200,0.6800,yes
2aee8655-8c74-4794-a27d-4e95b3ea114b,KXCANADAPM-45-C,2025-03-31T16:00:36.108436Z,294.00,0.3200,0.6800,no
24f5d8dd-9ff2-4608-8056-dd7e30161421,KXCANADAPM-45-C,2025-03-31T16:00:36.108436Z,22.00,0.3200,0.6800,no
0ec8fb80-c959-4f0f-b43b-8ac4f0b7b2e0,KXCANADAPM-45-C,2025-03-31T16:00:36.108436Z,4.00,0.3300,0.6700,no
0128a2ef-a172-4b80-90d7-e51d2620ad73,KXCANADAPM-45-C,2025-03-31T16:00:36.108436Z,74.00,0.3300,0.6700,no
4881727e-e280-40b5-9534-092dc24ff517,KXCANADAPM-45-C,2025-03-31T16:00:25.243379Z,5.00,0.3400,0.6600,yes
70016e5e-9a80-4991-b3b7-e416ea3ef6cc,KXCANADAPM-45-C,2025-03-31T15:15:03.348428Z,42.00,0.3400,0.6600,yes
428fdee7-b84b-4886-a541-7406659829f5,KXCANADAPM-45-C,2025-03-31T15:01:14.627336Z,155.00,0.3400,0.6600,yes
1ba5ce22-e786-45df-8f9b-6ec6878e39b5,KXCANADAPM-45-C,2025-03-31T15:01:14.627336Z,11.00,0.3400,0.6600,yes
7ce9bdbd-decf-49d0-8d43-5b260483364b,KXCANADAPM-45-C,2025-03-31T14:51:22.23126Z,140.00,0.3400,0.6600,yes
d934e827-0a1e-48e8-b34e-468867405cd1,KXCANADAPM-45-C,2025-03-31T14:11:48.758064Z,6.00,0.3300,0.6700,yes
fb9eee90-7826-421c-8e41-2bd9c036724b,KXCANADAPM-45-C,2025-03-31T14:11:45.840019Z,1.00,0.3300,0.6700,yes
80da1543-4455-44e5-9bf8-69ea2814ea7d,KXCANADAPM-45-C,2025-03-31T14:11:45.840019Z,1000.00,0.3400,0.6600,yes
7da85b57-971d-4756-8a78-3efaef836842,KXCANADAPM-45-C,2025-03-31T14:11:45.840019Z,4.00,0.3300,0.6700,yes
6bb27931-1be4-4981-aa71-a5a98a5fabee,KXCANADAPM-45-C,2025-03-31T14:11:45.840019Z,2591.00,0.3500,0.6500,yes
6441e087-4576-402a-8a0e-a535babfc595,KXCANADAPM-45-C,2025-03-31T14:11:45.840019Z,975.00,0.3300,0.6700,yes
2d19c8d0-6de2-42d3-93ba-5e4fe621d78f,KXCANADAPM-45-C,2025-03-31T14:11:45.840019Z,11.00,0.3300,0.6700,yes
15247b59-b98f-4190-8cc0-7433246c4a07,KXCANADAPM-45-C,2025-03-31T14:11:45.840019Z,445.00,0.3300,0.6700,yes
83000aa9-a225-4214-a609-53e23caf985e,KXCANADAPM-45-C,2025-03-31T13:51:01.279579Z,17.00,0.3200,0.6800,yes
66f6dc1d-d464-4fc3-8e81-0f5062a5cb0c,KXCANADAPM-45-C,2025-03-31T13:51:01.279579Z,521.00,0.3200,0.6800,yes
9afddc10-dde8-4f24-8eb3-da1bdfe0025e,KXCANADAPM-45-C,2025-03-31T13:19:26.884944Z,59.00,0.3200,0.6800,yes
e192ce55-ca6f-4d43-8e78-b5391a711e4b,KXCANADAPM-45-C,2025-03-31T13:03:56.891082Z,300.00,0.3100,0.6900,no
e8cce834-c8dc-4340-9285-9a84f9b5f3f2,KXCANADAPM-45-C,2025-03-31T05:47:17.709349Z,393.00,0.3100,0.6900,no
b9399415-9a4c-461e-bbe1-48942368e136,KXCANADAPM-45-C,2025-03-31T05:47:17.709349Z,3000.00,0.3100,0.6900,no
86c6b0a6-15ec-4b00-8d14-cd66d1b5ab64,KXCANADAPM-45-C,2025-03-31T05:47:17.709349Z,100.00,0.3100,0.6900,no
76984b76-6daf-4959-9a42-1bb022eff443,KXCANADAPM-45-C,2025-03-31T05:47:17.709349Z,1000.00,0.3100,0.6900,no
ecca0f6e-f290-4432-804e-2358db00329d,KXCANADAPM-45-C,2025-03-31T05:46:39.656983Z,2000.00,0.3200,0.6800,no
39fb8efd-f2ef-4537-8617-38fa01ae2255,KXCANADAPM-45-C,2025-03-31T05:46:39.656983Z,23.00,0.3200,0.6800,no
6924ad39-0378-4fa7-95d4-5d37e7d097b0,KXCANADAPM-45-C,2025-03-31T05:19:41.069081Z,28.00,0.3200,0.6800,no
d9f64103-d115-4456-ad6c-735c58e55a9d,KXCANADAPM-45-C,2025-03-31T05:11:57.302131Z,55.00,0.3300,0.6700,yes
005500e6-bc44-4010-9c74-d94345aeff85,KXCANADAPM-45-C,2025-03-31T04:51:17.688619Z,47.00,0.3200,0.6800,no
c81d7590-cbe1-4571-bee4-f884ab17bbdc,KXCANADAPM-45-C,2025-03-31T04:51:15.681747Z,659.00,0.3200,0.6800,yes
b0d240a9-5978-44cb-89e7-fe8bb0fe855c,KXCANADAPM-45-C,2025-03-31T04:51:15.681747Z,3576.00,0.3200,0.6800,yes
2ca1fbfd-1ef7-4191-a201-ca87e2fb2b22,KXCANADAPM-45-C,2025-03-31T04:51:15.681747Z,11.00,0.3200,0.6800,yes
066c570e-e170-4532-aa68-6d5db11856f9,KXCANADAPM-45-C,2025-03-31T04:51:15.681747Z,4.00,0.3200,0.6800,yes
c3517153-5c20-44ac-99c0-aa57e902f40c,KXCANADAPM-45-C,2025-03-31T04:34:37.055467Z,29.00,0.3200,0.6800,yes
5761e412-7815-4699-9791-5cb5e1c90e33,KXCANADAPM-45-C,2025-03-31T03:48:25.125302Z,200.00,0.3200,0.6800,yes
b5952c68-334a-40b3-9168-5097907f6e1f,KXCANADAPM-45-C,2025-03-31T03:27:10.587908Z,2500.00,0.3200,0.6800,yes
253522bb-8799-44c3-952e-95c5306236dd,KXCANADAPM-45-C,2025-03-31T02:53:45.097509Z,441.00,0.3200,0.6800,yes
993eefd1-880f-4e97-a28e-846de8cb13fd,KXCANADAPM-45-C,2025-03-31T02:16:35.331399Z,1000.00,0.3200,0.6800,yes
3442ea86-54e8-42e8-b23c-7c2e778b7129,KXCANADAPM-45-C,2025-03-31T01:58:50.233272Z,176.00,0.3200,0.6800,yes
d5b94e3c-c819-4977-8966-7e22b31c4dc4,KXCANADAPM-45-C,2025-03-31T01:55:47.902757Z,17.00,0.3200,0.6800,yes
2c654325-057a-40f6-82e3-2b83c0614eae,KXCANADAPM-45-C,2025-03-31T01:54:49.04814Z,45.00,0.3100,0.6900,no
f06ce720-6920-4dd2-9426-96d097a90747,KXCANADAPM-45-C,2025-03-31T01:33:59.740327Z,2000.00,0.3200,0.6800,yes
eb5b02d3-e36c-426f-8881-a3e145f509e6,KXCANADAPM-45-C,2025-03-31T01:02:23.158484Z,29.00,0.3200,0.6800,yes
0e2e4e93-ebb6-460f-bbd1-2c99da634f55,KXCANADAPM-45-C,2025-03-31T01:01:43.014545Z,29.00,0.3200,0.6800,yes
fea33f2e-c708-48da-86d5-203a3f05e0f5,KXCANADAPM-45-C,2025-03-31T01:00:52.507326Z,11.00,0.3200,0.6800,yes
7a877b3c-0f47-4262-a7d7-fa487df3ee82,KXCANADAPM-45-C,2025-03-31T01:00:52.507326Z,11.00,0.3200,0.6800,yes
4dd99b2f-2c39-4995-81dc-fdd123a77b13,KXCANADAPM-45-C,2025-03-31T01:00:52.507326Z,3.00,0.3200,0.6800,yes
bb4dcff8-d7bc-439f-8ca8-66ff3faeadcd,KXCANADAPM-45-C,2025-03-31T00:59:39.842026Z,298.00,0.3200,0.6800,yes
3f432e23-ce30-4de9-a20f-1fd2d1fb6b4d,KXCANADAPM-45-C,2025-03-31T00:52:31.475883Z,149.00,0.3200,0.6800,yes
fb730412-3386-49c9-b254-add00aa7710a,KXCANADAPM-45-C,2025-03-31T00:44:00.903637Z,5.00,0.3200,0.6800,yes
1f543ae4-9814-40ef-bd34-f129c11f01e3,KXCANADAPM-45-C,2025-03-31T00:21:24.90966Z,5.00,0.3200,0.6800,yes
5ddcddb9-140b-40b4-88f6-d20d0b7f4263,KXCANADAPM-45-C,2025-03-31T00:00:25.972253Z,47.00,0.3200,0.6800,yes
a6a00cd7-9a39-4e31-acde-fe8bb1449f64,KXCANADAPM-45-C,2025-03-30T23:58:09.074984Z,745.00,0.3200,0.6800,yes
5391182c-3269-47a9-8e66-903e9551bafd,KXCANADAPM-45-C,2025-03-30T23:44:57.15458Z,21.00,0.3200,0.6800,yes
29ec273a-307c-4284-9e68-a07c24a5c569,KXCANADAPM-45-C,2025-03-30T23:36:38.599063Z,44.00,0.3200,0.6800,yes
8ca79903-0dc8-4493-9042-bf61a4bb52b4,KXCANADAPM-45-C,2025-03-30T22:54:35.615124Z,9.00,0.3200,0.6800,yes
f0a5991c-b938-48e3-8551-79f214643c73,KXCANADAPM-45-C,2025-03-30T21:10:41.792489Z,298.00,0.3200,0.6800,yes
57a2e031-a0fc-44b2-8943-10abf7c55a01,KXCANADAPM-45-C,2025-03-30T20:12:37.272422Z,147.00,0.3200,0.6800,yes
f71b9ffe-ac0a-4405-8c21-fda31e474871,KXCANADAPM-45-C,2025-03-30T20:01:30.415962Z,2.00,0.3200,0.6800,yes
feee28dc-895b-4290-bbba-612f6b863c63,KXCANADAPM-45-C,2025-03-30T19:55:24.400233Z,77.00,0.3200,0.6800,no
3a37be7f-bbff-430a-878b-c8338ee1ac33,KXCANADAPM-45-C,2025-03-30T19:55:24.400233Z,142.00,0.3200,0.6800,no
ac2068bc-9d14-472a-be21-ec38c1976494,KXCANADAPM-45-C,2025-03-30T19:23:31.431121Z,19.00,0.3200,0.6800,no
e5cce492-2738-40b4-acad-26960e95de93,KXCANADAPM-45-C,2025-03-30T19:17:15.313401Z,75.00,0.3200,0.6800,yes
1412e723-20ad-43ee-b6ff-a7789b3a44b7,KXCANADAPM-45-C,2025-03-30T19:17:15.313401Z,764.00,0.3200,0.6800,yes
ff6fa9ee-2a33-4ff7-819a-2af7124f4044,KXCANADAPM-45-C,2025-03-30T18:32:47.989671Z,1.00,0.3100,0.6900,no
8dcb86a2-eddf-4cd6-a282-5ebe4e85b415,KXCANADAPM-45-C,2025-03-30T18:32:47.989671Z,61.00,0.3100,0.6900,no
6d5a6e0c-f278-4be0-baeb-e033d4c78bf5,KXCANADAPM-45-C,2025-03-30T17:58:35.288154Z,112.00,0.3200,0.6800,yes
97277961-8609-4035-8352-a743584c0ded,KXCANADAPM-45-C,2025-03-30T17:58:17.005134Z,1.00,0.3200,0.6800,yes
6484781b-732e-447a-ba87-ad1f940672e9,KXCANADAPM-45-C,2025-03-30T17:58:09.593716Z,3.00,0.3100,0.6900,no
9225f367-372c-4d17-a35c-c22764cd234e,KXCANADAPM-45-C,2025-03-30T17:51:07.145244Z,116.00,0.3200,0.6800,yes
f523cb00-70bd-4fad-8a32-1676f6269eb6,KXCANADAPM-45-C,2025-03-30T17:19:06.848494Z,518.00,0.3100,0.6900,no
93338a9f-cc22-4ecd-b369-0bf64a5f7711,KXCANADAPM-45-C,2025-03-30T17:06:11.123336Z,42.00,0.3300,0.6700,yes
bb75778a-49a1-4794-97b1-63edf7ff8161,KXCANADAPM-45-C,2025-03-30T17:05:37.003917Z,2.00,0.3200,0.6800,yes
4eeb1838-ec5b-46c4-b649-94b2bd5d2882,KXCANADAPM-45-C,2025-03-30T17:05:37.003917Z,1.00,0.3300,0.6700,yes
a77868a8-bfa5-4b10-b692-225d6beef638,KXCANADAPM-45-C,2025-03-30T17:00:34.224285Z,208.00,0.3300,0.6700,yes
8c071080-f608-469a-b191-b49a47399518,KXCANADAPM-45-C,2025-03-30T16:59:51.259593Z,19.00,0.3200,0.6800,yes
bf65173c-87fa-4bb0-89ce-16b4146f8540,KXCANADAPM-45-C,2025-03-30T16:43:16.020087Z,984.00,0.3200,0.6800,yes
b1b8df60-719a-4a8f-a7b7-fdebf73a28bb,KXCANADAPM-45-C,2025-03-30T16:43:16.020087Z,1.00,0.3200,0.6800,yes
49d1d0cf-61aa-4902-aca3-43c56788e0f7,KXCANADAPM-45-C,2025-03-30T16:43:16.020087Z,11.00,0.3200,0.6800,yes
3dda8118-0d1e-4c65-bc97-e2d22ebbc2b1,KXCANADAPM-45-C,2025-03-30T16:43:16.020087Z,2838.00,0.3200,0.6800,yes
0eae74f8-abc0-4434-ab74-8ec543cc54fe,KXCANADAPM-45-C,2025-03-30T16:43:16.020087Z,1.00,0.3200,0.6800,yes
d7f07e8c-2927-47ca-a48e-dc0a92b1c3b6,KXCANADAPM-45-C,2025-03-30T16:31:01.780737Z,1000.00,0.3100,0.6900,yes
b2514b1f-aae6-4e4e-92ad-8853b1c96de8,KXCANADAPM-45-C,2025-03-30T16:31:01.780737Z,4.00,0.3100,0.6900,yes
85dff524-ff1c-4a75-8ef8-f26e572dc6aa,KXCANADAPM-45-C,2025-03-30T16:31:01.780737Z,79.00,0.3100,0.6900,yes
2593a508-f1ce-4a67-9b94-d019daca5338,KXCANADAPM-45-C,2025-03-30T16:31:01.780737Z,139.00,0.3100,0.6900,yes
193b70c2-f3b5-4ff4-9485-60e2f525b188,KXCANADAPM-45-C,2025-03-30T16:21:23.655824Z,32.00,0.3000,0.7000,yes
e70cc767-7bd1-4683-8e01-e8f17fef7ce9,KXCANADAPM-45-C,2025-03-30T16:09:54.662736Z,15.00,0.3000,0.7000,yes
e64381af-3064-4fad-909c-fdebd29e76c8,KXCANADAPM-45-C,2025-03-30T16:09:54.662736Z,4.00,0.3000,0.7000,yes
4a009da0-6e07-41ea-b9cc-fb0e6e99229e,KXCANADAPM-45-C,2025-03-30T16:09:54.662736Z,2096.00,0.3000,0.7000,yes
154e9059-6626-46e3-9548-7950264f52e0,KXCANADAPM-45-C,2025-03-30T16:09:54.662736Z,50.00,0.3000,0.7000,yes
0757bff7-dc48-48bc-9ccf-8cf8350bc9df,KXCANADAPM-45-C,2025-03-30T16:09:54.662736Z,5.00,0.3000,0.7000,yes
cce2f1d5-16bc-4ceb-b414-1d707c7c47e1,KXCANADAPM-45-C,2025-03-30T15:48:01.772143Z,100.00,0.3000,0.7000,yes
4fdbbcaa-89f0-4e35-8706-794191bb433c,KXCANADAPM-45-C,2025-03-30T15:48:00.52487Z,100.00,0.3000,0.7000,yes
d14dbad1-a6b4-4f38-83c0-3bb42e724094,KXCANADAPM-45-C,2025-03-30T15:47:59.01401Z,100.00,0.3000,0.7000,yes
14d18c2d-2b6f-443b-9a9d-bf0293a2bae6,KXCANADAPM-45-C,2025-03-30T15:47:53.283485Z,100.00,0.3000,0.7000,yes
8b4855f6-9b2f-47e4-884a-9b51923311d8,KXCANADAPM-45-C,2025-03-30T15:47:49.540256Z,100.00,0.3000,0.7000,yes
e538aebf-ce2c-4193-b32b-0a0f9d9c8ff9,KXCANADAPM-45-C,2025-03-30T15:47:46.478491Z,428.00,0.3000,0.7000,no
cf109749-b5b9-4597-9579-d4b2f1915cca,KXCANADAPM-45-C,2025-03-30T15:47:46.478491Z,500.00,0.3000,0.7000,no
a8f4189e-f0d0-4860-8330-62d1acf4f6ab,KXCANADAPM-45-C,2025-03-30T15:47:46.478491Z,78.00,0.3000,0.7000,no
9686afda-ef15-4068-8367-3609a663e8dd,KXCANADAPM-45-C,2025-03-30T15:47:46.478491Z,100.00,0.3000,0.7000,no
2a0870ce-7568-4f28-bd87-e74850bb0e76,KXCANADAPM-45-C,2025-03-30T15:47:46.478491Z,131.00,0.3000,0.7000,no
e66a02ea-3920-4ee8-92bd-940d3b0b5172,KXCANADAPM-45-C,2025-03-30T15:31:55.857472Z,300.00,0.3100,0.6900,yes
e141f498-7832-4607-9cf6-0f5cc4a212ae,KXCANADAPM-45-C,2025-03-30T15:31:55.857472Z,500.00,0.3100,0.6900,yes
c7d8b269-cb90-4902-bb52-4a2af4ce336f,KXCANADAPM-45-C,2025-03-30T15:31:55.857472Z,300.00,0.3100,0.6900,yes
6f85a0df-cbfd-44cf-99b6-bb42d07cc394,KXCANADAPM-45-C,2025-03-30T15:31:55.857472Z,61.00,0.3100,0.6900,yes
6637c588-ca4f-442a-8688-836fdf3eb4ab,KXCANADAPM-45-C,2025-03-30T15:31:55.857472Z,50.00,0.3100,0.6900,yes
4a7ed132-f1af-4ff7-87e2-66a6741a73a4,KXCANADAPM-45-C,2025-03-30T15:31:55.857472Z,327.00,0.3100,0.6900,yes
e52fd0c8-5c6e-48b8-a0c6-16804a952d2b,KXCANADAPM-45-C,2025-03-30T15:29:41.935865Z,1.00,0.3000,0.7000,no
632367b9-6412-41e4-b230-fbe773b9730f,KXCANADAPM-45-C,2025-03-30T15:22:35.27032Z,750.00,0.3000,0.7000,no
0bba8edc-bfbc-4416-834d-d6c713d31287,KXCANADAPM-45-C,2025-03-30T15:22:35.27032Z,212.00,0.3000,0.7000,no
5685bfc5-ec8c-4e03-bc72-c6de1667a235,KXCANADAPM-45-C,2025-03-30T14:59:25.208041Z,1.00,0.3000,0.7000,no
2214b2dd-72e1-41f2-8148-bd7d5cf068d0,KXCANADAPM-45-C,2025-03-30T14:59:20.028233Z,9.00,0.3000,0.7000,no
ff59121e-f3cb-49d1-8a0b-2bd1a31c16bf,KXCANADAPM-45-C,2025-03-30T14:59:18.240764Z,740.00,0.3000,0.7000,no
e91f7437-90f3-44e5-934d-db2d61497db2,KXCANADAPM-45-C,2025-03-30T13:57:09.430479Z,3.00,0.3000,0.7000,yes
2beb2aec-6b6d-49f7-8354-9b09f9fb634c,KXCANADAPM-45-C,2025-03-30T13:57:09.430479Z,27.00,0.3100,0.6900,yes
65f9476a-191f-407a-91d3-58cc3e78341b,KXCANADAPM-45-C,2025-03-30T12:53:28.732016Z,5.00,0.3000,0.7000,yes
420a2305-4ea5-4b73-b88d-2beb83925332,KXCANADAPM-45-C,2025-03-30T12:53:28.732016Z,146.00,0.3100,0.6900,yes
9a6bce3d-9d7e-40a1-8da1-fbf05d912e30,KXCANADAPM-45-C,2025-03-30T12:00:24.094294Z,10.00,0.3000,0.7000,yes
901c57be-5456-490d-a2de-c91a12cccb6c,KXCANADAPM-45-C,2025-03-30T12:00:24.094294Z,150.00,0.3000,0.7000,yes
7cfa68a2-0b7c-43a6-a8a1-07294d68696e,KXCANADAPM-45-C,2025-03-30T12:00:24.094294Z,336.00,0.3000,0.7000,yes
67d2f276-cbdd-48d3-9f98-47086e52e0d1,KXCANADAPM-45-C,2025-03-30T12:00:24.094294Z,555.00,0.3000,0.7000,yes
9fb194fe-a7ce-41e7-9161-8c19cf64e0cd,KXCANADAPM-45-C,2025-03-30T05:53:24.169639Z,250.00,0.3000,0.7000,yes
76e4868a-5865-477d-9d7c-1d6696067393,KXCANADAPM-45-C,2025-03-30T05:53:24.169639Z,200.00,0.3000,0.7000,yes
6156f450-c774-4757-a6cb-2497f1b7e700,KXCANADAPM-45-C,2025-03-30T05:53:24.169639Z,50.00,0.3000,0.7000,yes
0bc0d679-663f-481c-a141-69967ed0e583,KXCANADAPM-45-C,2025-03-30T05:53:24.169639Z,300.00,0.3000,0.7000,yes
fdd1bcfe-feb8-4d3e-ade3-e9c638a8b151,KXCANADAPM-45-C,2025-03-30T05:50:26.228755Z,555.00,0.2900,0.7100,yes
3f5b8875-bd94-4985-b2a0-e16e1fb3b95b,KXCANADAPM-45-C,2025-03-30T05:50:26.228755Z,500.00,0.2900,0.7100,yes
33d596b5-fb1c-4e6c-9599-206b4cbe836c,KXCANADAPM-45-C,2025-03-30T05:50:26.228755Z,1.00,0.2900,0.7100,yes
18ca1fdf-170a-40cf-ad5e-c802d9a47967,KXCANADAPM-45-C,2025-03-30T05:50:26.228755Z,150.00,0.2900,0.7100,yes
fc19777d-3752-48cd-b4ab-011dd63e8607,KXCANADAPM-45-C,2025-03-30T04:38:42.650506Z,4.00,0.2900,0.7100,yes
abaa11db-f2d5-4bb9-aeee-3ca1db7b7b91,KXCANADAPM-45-C,2025-03-30T04:38:42.650506Z,78.00,0.2800,0.7200,yes
0284092e-e45f-437a-b1d7-32382268fb11,KXCANADAPM-45-C,2025-03-30T04:38:42.650506Z,87.00,0.2800,0.7200,yes
fca4c033-3b5f-4a7c-82dd-f3495db7f7c0,KXCANADAPM-45-C,2025-03-30T04:15:01.342282Z,2000.00,0.2700,0.7300,no
c56beeaa-3499-4885-97ba-485868816ada,KXCANADAPM-45-C,2025-03-30T04:15:01.342282Z,1588.00,0.2700,0.7300,no
95b6a57e-5550-4035-b31a-88636be64fdf,KXCANADAPM-45-C,2025-03-30T04:15:01.342282Z,80.00,0.2700,0.7300,no
64fce11f-7365-4ae4-b512-53b372c709a6,KXCANADAPM-45-C,2025-03-30T04:15:01.342282Z,27.00,0.2700,0.7300,no
d223ce77-6201-4edf-888f-d3e28efe3ae1,KXCANADAPM-45-C,2025-03-30T03:59:48.353974Z,9.00,0.2900,0.7100,yes
e8f0ec02-5c5e-4e5c-9e7a-d9308b0b203a,KXCANADAPM-45-C,2025-03-30T03:59:09.452005Z,200.00,0.2900,0.7100,yes
df28ed49-b899-49e6-82d2-b6f7504f71dc,KXCANADAPM-45-C,2025-03-30T03:59:09.452005Z,6.00,0.2800,0.7200,yes
d6d5cc6a-0d31-4f01-9d22-40f6ecda1a8c,KXCANADAPM-45-C,2025-03-30T03:59:09.452005Z,10.00,0.2900,0.7100,yes
cf939c1f-4487-4ee2-9378-7050aaee165d,KXCANADAPM-45-C,2025-03-30T03:59:09.452005Z,555.00,0.2900,0.7100,yes
cbd5d797-8d7e-497f-8f8c-11626c285d77,KXCANADAPM-45-C,2025-03-30T03:59:09.452005Z,498.00,0.3000,0.7000,yes
c2155c86-e3d1-49d5-a55d-3697945a102b,KXCANADAPM-45-C,2025-03-30T03:59:09.452005Z,342.00,0.2900,0.7100,yes
be23d286-2cae-4687-87b7-d64aae882c20,KXCANADAPM-45-C,2025-03-30T03:59:09.452005Z,1.00,0.2900,0.7100,yes
a8d77d64-d23b-45e3-918c-aee9d76063d3,KXCANADAPM-45-C,2025-03-30T03:59:09.452005Z,1999.00,0.2900,0.7100,yes
fcbc9f84-5834-4fa7-a85e-c628da993946,KXCANADAPM-45-C,2025-03-30T03:45:22.454607Z,100.00,0.2800,0.7200,yes
f31a48ed-1fd8-4e2a-b5fd-2df3e7773132,KXCANADAPM-45-C,2025-03-30T03:45:22.454607Z,158.00,0.2900,0.7100,yes
70027508-2bac-4804-b9e7-96d0863a754c,KXCANADAPM-45-C,2025-03-30T03:45:22.454607Z,10.00,0.2900,0.7100,yes
2aba298d-ee3c-4d88-af35-bf24b451979a,KXCANADAPM-45-C,2025-03-30T03:45:22.454607Z,55.00,0.2800,0.7200,yes
1f5386ed-6b79-4634-9d43-a73f5e3711bc,KXCANADAPM-45-C,2025-03-30T03:45:22.454607Z,10.00,0.2800,0.7200,yes
d1514449-f847-4722-8703-b678e4c580d9,KXCANADAPM-45-C,2025-03-30T03:44:31.742767Z,195.00,0.2800,0.7200,yes
58f6207c-b58c-4683-8879-7702134143be,KXCANADAPM-45-C,2025-03-30T03:44:31.742767Z,144.00,0.2800,0.7200,yes
a493c0b8-a480-45c4-9e26-8d2538da33c1,KXCANADAPM-45-C,2025-03-30T03:23:20.624729Z,16.00,0.2800,0.7200,yes
6cefc51f-ab74-45d7-984b-2abde826742c,KXCANADAPM-45-C,2025-03-30T03:23:20.624729Z,34.00,0.2800,0.7200,yes
3ce4de48-f829-4ad3-885e-4e894d70c19f,KXCANADAPM-45-C,2025-03-30T03:00:18.081915Z,850.00,0.2800,0.7200,yes
e52e33d9-b063-496c-a791-531ee535bece,KXCANADAPM-45-C,2025-03-30T02:59:31.474155Z,134.00,0.2800,0.7200,yes
e273b38a-78fd-4bad-8ecf-97ef720f7408,KXCANADAPM-45-C,2025-03-30T02:59:31.474155Z,715.00,0.2800,0.7200,yes
f716a9e6-0186-4c5a-a3f7-0e32cbec25f6,KXCANADAPM-45-C,2025-03-30T02:58:56.391118Z,285.00,0.2800,0.7200,yes
8897d4c1-51cf-46b8-a62d-8bb2f876e6b4,KXCANADAPM-45-C,2025-03-30T02:58:56.391118Z,267.00,0.2800,0.7200,yes
7c8c8c0a-4102-4c1e-a8fb-3cf5edf9cd6a,KXCANADAPM-45-C,2025-03-30T02:58:56.391118Z,4.00,0.2800,0.7200,yes
559fd107-68da-4899-8cea-27b324b3ba64,KXCANADAPM-45-C,2025-03-30T02:58:56.391118Z,10.00,0.2800,0.7200,yes
2038a81c-109b-40c2-be8d-8becc3fa8837,KXCANADAPM-45-C,2025-03-30T02:58:56.391118Z,200.00,0.2800,0.7200,yes
0a5d2a82-b3fb-407f-a2fd-4cb89a88b582,KXCANADAPM-45-C,2025-03-30T02:58:56.391118Z,83.00,0.2800,0.7200,yes
db3ce163-36de-4186-b98f-41c0b1aade44,KXCANADAPM-45-C,2025-03-30T02:40:39.518243Z,25.00,0.2700,0.7300,no
921f243d-790a-4314-b9f7-0998424d49db,KXCANADAPM-45-C,2025-03-30T02:32:40.056863Z,88.00,0.2700,0.7300,no
859869e6-f3bf-410c-b086-a4a22d2e9530,KXCANADAPM-45-C,2025-03-30T02:32:40.056863Z,4.00,0.2700,0.7300,no
770bbe10-49d7-4a61-b908-0c10c39f6e58,KXCANADAPM-45-C,2025-03-30T02:32:40.056863Z,2000.00,0.2700,0.7300,no
3704f0a1-236f-4f91-8fdf-1d5eb5459028,KXCANADAPM-45-C,2025-03-30T02:32:40.056863Z,64.00,0.2700,0.7300,no
7569e118-72fd-4a25-81c3-3805d64e98d2,KXCANADAPM-45-C,2025-03-30T02:20:02.239517Z,88.00,0.2800,0.7200,yes
df5c9c99-8244-4df6-ad30-b32aa41805e6,KXCANADAPM-45-C,2025-03-30T02:18:58.664407Z,85.00,0.2800,0.7200,yes
db9f404f-1614-446d-a962-62739e5bd0e9,KXCANADAPM-45-C,2025-03-30T01:41:30.063438Z,1.00,0.2700,0.7300,no
70159ebf-a92c-41a4-9055-08e467ee128c,KXCANADAPM-45-C,2025-03-30T01:41:30.063438Z,241.00,0.2600,0.7400,no
682ff6e1-e1e8-40e9-86c6-3858583c32b1,KXCANADAPM-45-C,2025-03-30T01:41:30.063438Z,635.00,0.2800,0.7200,no
5cabfdf7-fa48-4fd2-8045-701c2e2337a9,KXCANADAPM-45-C,2025-03-30T01:41:30.063438Z,26.00,0.2800,0.7200,no
59d463fa-e171-4c6d-9e45-2ad2102c5395,KXCANADAPM-45-C,2025-03-30T01:41:30.063438Z,2000.00,0.2700,0.7300,no
19ab1b4d-c31a-4fa2-b189-90aac5865fb0,KXCANADAPM-45-C,2025-03-30T01:41:30.063438Z,275.00,0.2800,0.7200,no
0c67e6d9-60ef-4510-89c6-c3fc1c930b77,KXCANADAPM-45-C,2025-03-30T01:41:30.063438Z,2.00,0.2900,0.7100,no
01feca97-3320-40fe-9ee4-fa293250b3f0,KXCANADAPM-45-C,2025-03-30T01:41:30.063438Z,600.00,0.2900,0.7100,no
f0bfabbe-0894-4cf5-be2a-fa61257c4fd3,KXCANADAPM-45-C,2025-03-30T01:15:02.106973Z,1000.00,0.3000,0.7000,no
d092081f-80d7-48db-944a-f81b8a25af89,KXCANADAPM-45-C,2025-03-30T01:15:02.106973Z,500.00,0.3000,0.7000,no
c197a923-449c-453d-b706-9b0ee702646b,KXCANADAPM-45-C,2025-03-30T01:15:02.106973Z,1.00,0.3000,0.7000,no
9b5b9562-1ce9-4aa8-87c1-e73379bbadba,KXCANADAPM-45-C,2025-03-30T01:15:02.106973Z,1.00,0.3000,0.7000,no
7f4a6fed-a20d-43c8-8593-d6b08410cfa5,KXCANADAPM-45-C,2025-03-30T01:15:02.106973Z,77.00,0.3000,0.7000,no
841937af-5270-469e-adf7-64e7355f0a37,KXCANADAPM-45-C,2025-03-30T00:38:46.249184Z,9.00,0.3100,0.6900,yes
7a016312-8b3a-4019-8b1f-c9de4f19016a,KXCANADAPM-45-C,2025-03-30T00:33:47.650706Z,10.00,0.3000,0.7000,no
56352c2e-bd66-48b6-a8b8-cb6488f210a0,KXCANADAPM-45-C,2025-03-29T21:28:58.154109Z,426.00,0.3200,0.6800,yes
13fc8a41-56ab-4534-a55d-bcf991ffd3d8,KXCANADAPM-45-C,2025-03-29T21:28:58.154109Z,162.00,0.3200,0.6800,yes
0c2f2f17-f052-47a0-903d-906bd8da0691,KXCANADAPM-45-C,2025-03-29T21:25:42.827109Z,4.00,0.3000,0.7000,no
ded9c286-1bd9-458d-bd6e-5c637bea527a,KXCANADAPM-45-C,2025-03-29T21:18:41.480282Z,2.00,0.3100,0.6900,no
db1bd36e-ee1d-45e6-ad17-dce8b4c3ff05,KXCANADAPM-45-C,2025-03-29T21:18:41.480282Z,23.00,0.3100,0.6900,no
9a851580-b43f-4bae-bf2b-985910779980,KXCANADAPM-45-C,2025-03-29T21:18:41.480282Z,80.00,0.3100,0.6900,no
67768cb8-e9df-4ccc-8799-fe752287b07b,KXCANADAPM-45-C,2025-03-29T21:18:41.480282Z,4.00,0.3100,0.6900,no
212156ea-2397-4167-9a3a-6b7247ac8784,KXCANADAPM-45-C,2025-03-29T21:18:41.480282Z,785.00,0.3100,0.6900,no
9d2cde87-49d5-49fe-aed0-255220cfd0af,KXCANADAPM-45-C,2025-03-29T21:18:36.849471Z,1000.00,0.3100,0.6900,no
cdfccb7d-9be6-42a0-b248-87c1f8dfcb6a,KXCANADAPM-45-C,2025-03-29T21:18:11.035041Z,1200.00,0.3100,0.6900,no
ecd28c39-2d05-4775-99f6-bc4e66e2be66,KXCANADAPM-45-C,2025-03-29T21:04:03.711401Z,74.00,0.3200,0.6800,yes
913c581d-d71f-4c48-97f3-41465138baa8,KXCANADAPM-45-C,2025-03-29T20:38:11.207173Z,11.00,0.3200,0.6800,yes
344f37e0-4a68-4f48-ad92-2566f29e6917,KXCANADAPM-45-C,2025-03-29T20:38:11.207173Z,883.00,0.3200,0.6800,yes
18d7a608-f571-4443-8987-6c73fa23c4af,KXCANADAPM-45-C,2025-03-29T20:38:11.207173Z,83.00,0.3200,0.6800,yes
6457bf1b-cdc0-440c-bcba-8bc9c1723a78,KXCANADAPM-45-C,2025-03-29T20:10:14.888265Z,15.00,0.3100,0.6900,no
0b0c6d06-137d-475b-aa3c-9e3bb5e92d53,KXCANADAPM-45-C,2025-03-29T20:10:14.888265Z,15.00,0.3100,0.6900,no
5d2f5b56-dc29-4dc2-8141-0a69bf1d65ca,KXCANADAPM-45-C,2025-03-29T19:37:43.143764Z,1438.00,0.3200,0.6800,no
0a8a2d00-ac77-43ad-9ef9-7cc449c1f3a9,KXCANADAPM-45-C,2025-03-29T19:37:43.143764Z,1.00,0.3200,0.6800,no
6bc29191-f4c6-4514-a315-270d1bccb5ee,KXCANADAPM-45-C,2025-03-29T19:29:16.68173Z,28.00,0.3400,0.6600,yes
ed3f5324-f7d8-4bfe-b17a-cdc4e62cba73,KXCANADAPM-45-C,2025-03-29T19:22:16.786729Z,3.00,0.3300,0.6700,no
a6e3d8bb-fd63-4011-a0c2-94bbfef75899,KXCANADAPM-45-C,2025-03-29T19:22:16.786729Z,250.00,0.3300,0.6700,no
84395ada-5228-4e40-844e-b9600bd03c2b,KXCANADAPM-45-C,2025-03-29T19:22:16.786729Z,312.00,0.3300,0.6700,no
6e80a2c4-cf9a-4639-8789-eed573c48c15,KXCANADAPM-45-C,2025-03-29T19:01:53.270511Z,10.00,0.3400,0.6600,yes
ad309e76-a82f-4a6a-a763-45022c0c044f,KXCANADAPM-45-C,2025-03-29T17:41:05.092531Z,66.00,0.3300,0.6700,no
987b8a43-f321-4a0a-9cd5-613fac82ba82,KXCANADAPM-45-C,2025-03-29T17:41:05.092531Z,3.00,0.3300,0.6700,no
cbd0bb46-04ab-471d-8ce3-238bb857daea,KXCANADAPM-45-C,2025-03-29T16:34:42.005291Z,1.00,0.3300,0.6700,no
fbb4cc90-a49f-4c91-9ae2-993fb6c3e1cc,KXCANADAPM-45-C,2025-03-29T16:34:00.439316Z,1780.00,0.3300,0.6700,no
f11a648a-d8b9-4e7c-b671-3509d98e9159,KXCANADAPM-45-C,2025-03-29T16:34:00.439316Z,2000.00,0.3400,0.6600,no
e9a205b2-8e50-4d56-8b65-b23a56ac8f67,KXCANADAPM-45-C,2025-03-29T16:34:00.439316Z,10.00,0.3400,0.6600,no
dc7313a4-a0cb-4194-adca-b2c265c95cb5,KXCANADAPM-45-C,2025-03-29T16:34:00.439316Z,275.00,0.3300,0.6700,no
da429672-ae12-4b80-b36f-4cd2e46646cc,KXCANADAPM-45-C,2025-03-29T16:34:00.439316Z,500.00,0.3400,0.6600,no
a76015f7-182b-40c2-8750-f60f08fe20c4,KXCANADAPM-45-C,2025-03-29T16:34:00.439316Z,1.00,0.3400,0.6600,no
61a5d9e4-a0d3-43c5-9c64-920677e61fae,KXCANADAPM-45-C,2025-03-29T16:34:00.439316Z,220.00,0.3300,0.6700,no
473f7805-29a0-4f3e-b898-c2481a1f3c17,KXCANADAPM-45-C,2025-03-29T16:34:00.439316Z,22.00,0.3300,0.6700,no
18db616d-35f4-436e-93e8-65990fa79506,KXCANADAPM-45-C,2025-03-29T16:34:00.439316Z,1471.00,0.3400,0.6600,no
163cd068-70d0-42e3-b324-6b51ece76209,KXCANADAPM-45-C,2025-03-29T16:34:00.439316Z,4.00,0.3400,0.6600,no
04036835-2e4c-4953-84c0-db7878f31968,KXCANADAPM-45-C,2025-03-29T16:34:00.439316Z,79.00,0.3400,0.6600,no
6d830017-c0a7-4683-bffc-f0636a165fe2,KXCANADAPM-45-C,2025-03-29T15:15:23.277713Z,664.00,0.3600,0.6400,yes
4b05ed48-b510-4884-b763-19ea7af82c33,KXCANADAPM-45-C,2025-03-29T14:27:45.559525Z,5.00,0.3400,0.6600,no
a7dc298c-337c-4c60-8c5c-96871491166d,KXCANADAPM-45-C,2025-03-29T06:29:07.511818Z,222.00,0.3500,0.6500,yes
9c7fbdb1-c57b-4fff-a3cd-13b41e47ed39,KXCANADAPM-45-C,2025-03-29T06:29:07.511818Z,2.00,0.3500,0.6500,yes
60dcd680-e05d-44fc-b3b2-0bef050a6444,KXCANADAPM-45-C,2025-03-29T06:29:07.511818Z,11.00,0.3500,0.6500,yes
2e383544-ab3e-465c-ad49-a01076a2797b,KXCANADAPM-45-C,2025-03-29T06:29:07.511818Z,1427.00,0.3500,0.6500,yes
f8ee5089-ab50-4c0d-9209-dc623673a999,KXCANADAPM-45-C,2025-03-29T04:58:56.034458Z,4.00,0.3400,0.6600,no
f5a1b8bc-7630-46ce-af2e-2638c7e10c23,KXCANADAPM-45-C,2025-03-29T04:58:56.034458Z,4.00,0.3400,0.6600,no
b754fda1-d353-4791-96bd-6f9253e253b4,KXCANADAPM-45-C,2025-03-29T04:58:56.034458Z,35.00,0.3400,0.6600,no
ad08469f-3acb-4ae6-b36a-bd23c2c4530a,KXCANADAPM-45-C,2025-03-29T04:58:56.034458Z,4.00,0.3400,0.6600,no
9b30d856-35e3-469a-8b13-e8c55b2beec9,KXCANADAPM-45-C,2025-03-29T04:58:56.034458Z,2.00,0.3400,0.6600,no
7f824952-de6e-43f7-b7b7-530984411dee,KXCANADAPM-45-C,2025-03-29T04:58:56.034458Z,27.00,0.3400,0.6600,no
7a8b2a3a-ca66-4101-bdef-7f9eef0aa317,KXCANADAPM-45-C,2025-03-29T04:58:56.034458Z,4.00,0.3400,0.6600,no
456191ed-a764-4551-aed5-07aebed32a18,KXCANADAPM-45-C,2025-03-29T04:58:56.034458Z,2.00,0.3400,0.6600,no
3563f031-1bb9-4c3c-a3de-4df701162815,KXCANADAPM-45-C,2025-03-29T04:58:56.034458Z,5.00,0.3400,0.6600,no
269d6d8c-8653-4b73-b241-f021f6f56098,KXCANADAPM-45-C,2025-03-29T04:58:56.034458Z,8.00,0.3400,0.6600,no
d3857d97-1963-40d2-b8c4-c212fde0faa2,KXCANADAPM-45-C,2025-03-29T04:47:57.949419Z,5.00,0.3500,0.6500,yes
872fc238-28c7-4a39-a8c9-e92cf5500592,KXCANADAPM-45-C,2025-03-29T04:12:13.580253Z,68.00,0.3500,0.6500,yes
bc6f9603-902a-449d-9990-ddee7fd8c6f7,KXCANADAPM-45-C,2025-03-29T03:50:37.462566Z,510.00,0.3500,0.6500,yes
8e1f2988-70ac-46e4-aa19-1a2e8f3ccaf2,KXCANADAPM-45-C,2025-03-29T03:50:37.462566Z,4.00,0.3500,0.6500,yes
4f81653e-4fa0-4645-851a-edb12fa31046,KXCANADAPM-45-C,2025-03-29T03:50:37.462566Z,78.00,0.3500,0.6500,yes
a1132ea2-659a-4aef-be1e-eb5e49626d13,KXCANADAPM-45-C,2025-03-29T03:34:23.202492Z,13.00,0.3500,0.6500,yes
901f21db-ab7a-4d7f-b0ea-5b3548022534,KXCANADAPM-45-C,2025-03-29T03:30:27.346442Z,77.00,0.3500,0.6500,no
4e443762-59ea-49f3-8009-06a96e6cb589,KXCANADAPM-45-C,2025-03-29T03:30:27.346442Z,100.00,0.3500,0.6500,no
36c83ede-bfce-4333-b290-a38cdc017944,KXCANADAPM-45-C,2025-03-29T03:30:27.346442Z,16.00,0.3500,0.6500,no
31e4e531-6d02-45d9-a172-4443dd23a97c,KXCANADAPM-45-C,2025-03-29T03:30:27.346442Z,4.00,0.3500,0.6500,no
31103e8c-2335-47e1-b035-26857136feda,KXCANADAPM-45-C,2025-03-29T03:30:27.346442Z,100.00,0.3500,0.6500,no
0fe6fc9a-8550-4d31-a589-042e489b31b5,KXCANADAPM-45-C,2025-03-29T03:30:27.346442Z,184.00,0.3500,0.6500,no
8abf516c-6f7a-4a8d-a687-d9d87d25fe32,KXCANADAPM-45-C,2025-03-29T03:29:53.380327Z,26.00,0.3600,0.6400,yes
cea59602-44bb-4f42-b5e6-066556a49cff,KXCANADAPM-45-C,2025-03-29T02:26:30.199991Z,132.00,0.3600,0.6400,yes
3dee94ec-f6c9-4588-918c-8c71834a5bda,KXCANADAPM-45-C,2025-03-29T02:23:48.342279Z,60.00,0.3600,0.6400,yes
b71e04ad-001d-42e6-a615-299881ae7cb8,KXCANADAPM-45-C,2025-03-29T01:37:38.436094Z,4.00,0.3600,0.6400,yes
7da23527-435f-4f1a-b348-ba36ba828569,KXCANADAPM-45-C,2025-03-29T01:37:38.436094Z,2.00,0.3600,0.6400,yes
5f86936e-1477-4e94-8ceb-40925f20a71a,KXCANADAPM-45-C,2025-03-29T01:37:38.436094Z,4.00,0.3600,0.6400,yes
4bd78cdc-8778-48ee-9713-418de5d1b89e,KXCANADAPM-45-C,2025-03-29T01:37:38.436094Z,4.00,0.3600,0.6400,yes
2e6b083e-9b41-4c42-90ac-4b9305d58ebd,KXCANADAPM-45-C,2025-03-29T01:37:38.436094Z,100.00,0.3600,0.6400,yes
1eb36ee9-81e5-441c-b2cf-f8b3186a5123,KXCANADAPM-45-C,2025-03-29T01:37:38.436094Z,73.00,0.3600,0.6400,yes
181a7baf-e084-4ce7-80af-6281e9774379,KXCANADAPM-45-C,2025-03-29T01:37:38.436094Z,76.00,0.3600,0.6400,yes
7bf488fe-6763-432b-b60f-cbeb7a96629b,KXCANADAPM-45-C,2025-03-28T23:32:03.647892Z,49.00,0.3500,0.6500,no
82e2eb53-9183-4d02-ad9b-718addb538a7,KXCANADAPM-45-C,2025-03-28T23:29:40.771715Z,431.00,0.3500,0.6500,no
5445a35d-09ba-4faa-92ec-a700aca8eba6,KXCANADAPM-45-C,2025-03-28T23:29:40.771715Z,767.00,0.3500,0.6500,no
1d50b674-6d8f-46c7-ac65-e79440bee04b,KXCANADAPM-45-C,2025-03-28T23:29:40.771715Z,4.00,0.3500,0.6500,no
438edaae-aec8-409a-9f0b-492dc4bd3e5c,KXCANADAPM-45-C,2025-03-28T22:50:13.800607Z,132.00,0.3600,0.6400,yes
535a77ac-0da4-44a8-8b90-374bcc5dd986,KXCANADAPM-45-C,2025-03-28T22:45:19.592486Z,13.00,0.3600,0.6400,yes
152d0414-78c2-45fd-966e-7a2356f9014c,KXCANADAPM-45-C,2025-03-28T22:36:09.266744Z,132.00,0.3600,0.6400,yes
de38bdd2-45bc-4579-8eb5-931405380007,KXCANADAPM-45-C,2025-03-28T22:19:30.452973Z,67.00,0.3500,0.6500,no
bcbdf5f7-c717-4ab3-ba12-13a9eb325932,KXCANADAPM-45-C,2025-03-28T21:55:11.040793Z,535.00,0.3600,0.6400,yes
7561d3b3-aaf2-4bae-b493-e2f50ee7d034,KXCANADAPM-45-C,2025-03-28T21:55:11.040793Z,500.00,0.3600,0.6400,yes
151c3de5-970c-483a-b38b-3c28fcd3877f,KXCANADAPM-45-C,2025-03-28T21:55:11.040793Z,4187.00,0.3600,0.6400,yes
03d57594-c711-4ba6-a881-80ee2df2f115,KXCANADAPM-45-C,2025-03-28T21:55:11.040793Z,95.00,0.3600,0.6400,yes
9f1f1931-d9db-462f-a57e-3ec95ad2587e,KXCANADAPM-45-C,2025-03-28T21:50:20.704664Z,40.00,0.3600,0.6400,yes
8b2f6e07-dbcd-4b84-9086-8a041ac9204c,KXCANADAPM-45-C,2025-03-28T21:39:35.03139Z,4.00,0.3600,0.6400,yes
5ee89f03-e462-4968-8b2e-094e3655b2f2,KXCANADAPM-45-C,2025-03-28T21:39:35.03139Z,69.00,0.3600,0.6400,yes
2ceefb09-05a9-4597-af0d-d1ce0b0aa172,KXCANADAPM-45-C,2025-03-28T21:39:35.03139Z,7.00,0.3600,0.6400,yes
0ce4aaa8-8442-4179-a0f0-47718b2e7fa0,KXCANADAPM-45-C,2025-03-28T21:39:35.03139Z,26.00,0.3600,0.6400,yes
5ae29a9d-3e7b-43c5-9378-799f4b0e0da5,KXCANADAPM-45-C,2025-03-28T21:24:57.670665Z,2.00,0.3500,0.6500,no
f5a1f7ba-0fcf-42b0-b121-505d13afbf37,KXCANADAPM-45-C,2025-03-28T20:27:55.919555Z,80.00,0.3500,0.6500,no
f3ef026a-dd5d-4db4-9039-f9fc0124e255,KXCANADAPM-45-C,2025-03-28T20:27:55.919555Z,100.00,0.3500,0.6500,no
1491f69d-6c5a-43f7-9740-5c2e5d3041cf,KXCANADAPM-45-C,2025-03-28T20:27:55.919555Z,76.00,0.3500,0.6500,no
50896637-f1cb-465d-961a-bfc59a9db80e,KXCANADAPM-45-C,2025-03-28T19:19:06.591133Z,10.00,0.3600,0.6400,yes
9a78cc20-8d75-4dfb-a60c-d84bc153ec16,KXCANADAPM-45-C,2025-03-28T19:12:45.38817Z,15.00,0.3500,0.6500,no
5452881a-d6a4-4dcc-80e4-79800f6d9ca3,KXCANADAPM-45-C,2025-03-28T19:02:44.423043Z,131.00,0.3600,0.6400,yes
1688e6b2-857f-41c0-a21f-54449e418a46,KXCANADAPM-45-C,2025-03-28T19:01:25.449468Z,43.00,0.3500,0.6500,yes
9ed283e4-4d7a-4f9d-842a-30ca769a2504,KXCANADAPM-45-C,2025-03-28T19:01:10.420005Z,339.00,0.3500,0.6500,yes
6b670105-a78b-4875-b44d-7db7c0ce86fe,KXCANADAPM-45-C,2025-03-28T19:01:10.420005Z,75.00,0.3500,0.6500,yes
e10547cf-85a4-4fd1-a99e-4db447273abc,KXCANADAPM-45-C,2025-03-28T18:33:51.689786Z,4.00,0.3500,0.6500,no
be1a9f62-0ef2-434f-80c0-6455b5fde0b7,KXCANADAPM-45-C,2025-03-28T18:33:51.689786Z,1.00,0.3500,0.6500,no
942c13be-fcab-467f-8fbc-be7c1bdfc7c3,KXCANADAPM-45-C,2025-03-28T18:33:51.689786Z,238.00,0.3500,0.6500,no
5e94654e-29cf-4c5b-b9c7-e888696bfa2c,KXCANADAPM-45-C,2025-03-28T18:33:51.689786Z,12.00,0.3500,0.6500,no
36e7fcd9-d1e7-402c-ab75-0e0cc11f7507,KXCANADAPM-45-C,2025-03-28T18:33:51.689786Z,250.00,0.3500,0.6500,no
e1f7e43b-3a82-4fd1-a159-d9e73182a5c3,KXCANADAPM-45-C,2025-03-28T18:29:46.71842Z,50.00,0.3600,0.6400,no
d49ac247-c84a-4460-b0a4-22d43b0ae681,KXCANADAPM-45-C,2025-03-28T18:29:46.71842Z,40.00,0.3600,0.6400,no
53e8bbb3-c28a-4c7c-aac7-f9e3db9bd961,KXCANADAPM-45-C,2025-03-28T18:29:46.71842Z,1.00,0.3600,0.6400,no
300f83c7-b3d2-416d-bcbf-5454c55cff69,KXCANADAPM-45-C,2025-03-28T18:29:46.71842Z,77.00,0.3600,0.6400,no
983e5805-cd21-4448-b3bc-4f61c381390d,KXCANADAPM-45-C,2025-03-28T18:22:36.096171Z,51.00,0.3700,0.6300,yes
79a29de3-ce39-479c-85e0-1f127375bd82,KXCANADAPM-45-C,2025-03-28T17:54:33.218685Z,51.00,0.3700,0.6300,yes
0b38a43a-8cf4-4ad6-a419-e51511433625,KXCANADAPM-45-C,2025-03-28T17:25:53.90334Z,129.00,0.3700,0.6300,yes
af8eba85-d240-46d1-aed9-9a2d8ea626cb,KXCANADAPM-45-C,2025-03-28T16:35:46.072022Z,50.00,0.3700,0.6300,no
f2351c8b-5b17-4dde-84b3-f734cc78f67c,KXCANADAPM-45-C,2025-03-28T16:34:48.632449Z,33.00,0.3700,0.6300,no
1cafb5df-2659-4310-ab89-29643789cd7a,KXCANADAPM-45-C,2025-03-28T16:34:39.532017Z,3.00,0.3800,0.6200,yes
c976adbc-d6e0-4e9e-92cc-5a6435ea6857,KXCANADAPM-45-C,2025-03-28T16:16:55.050681Z,116.00,0.3700,0.6300,no
95656619-6a5a-447d-91bd-310a7bbf8375,KXCANADAPM-45-C,2025-03-28T16:02:50.148452Z,8.00,0.3800,0.6200,yes
3037408a-1f9e-477a-8fe5-3502d2ef425a,KXCANADAPM-45-C,2025-03-28T15:43:36.124159Z,261.00,0.3700,0.6300,no
84b04714-8774-4cc9-bb2a-dd27eb66b311,KXCANADAPM-45-C,2025-03-28T15:31:18.024441Z,55.00,0.3700,0.6300,no
22e05e2b-326f-4056-8e8f-3ff8b15a7228,KXCANADAPM-45-C,2025-03-28T15:31:18.024441Z,150.00,0.3700,0.6300,no
7a80fb8b-2094-4369-a491-8c0dc0626750,KXCANADAPM-45-C,2025-03-28T15:28:05.6946Z,3.00,0.3800,0.6200,yes
7504fbb0-a72a-42d4-9454-e4a575368e21,KXCANADAPM-45-C,2025-03-28T15:28:05.6946Z,10.00,0.3800,0.6200,yes
745d4c24-b90a-49e7-8acf-de1c6929c0fa,KXCANADAPM-45-C,2025-03-28T15:28:05.6946Z,20.00,0.3800,0.6200,yes
716a5686-0bd7-4d4e-9e6a-ead1ccb986fa,KXCANADAPM-45-C,2025-03-28T15:28:05.6946Z,30.00,0.3800,0.6200,yes
64bf0d16-542b-4184-a640-fb6c81ac54af,KXCANADAPM-45-C,2025-03-28T14:27:06.995514Z,1.00,0.3800,0.6200,yes
eb46f637-176c-4f14-ae3d-126c7f81bee4,KXCANADAPM-45-C,2025-03-28T14:13:32.29891Z,16.00,0.3700,0.6300,no
347f85a3-b730-44bd-bce7-f0dfd87fef96,KXCANADAPM-45-C,2025-03-28T14:13:32.29891Z,4.00,0.3700,0.6300,no
39ac48cb-70ba-4ee4-a470-815d641b9f7c,KXCANADAPM-45-C,2025-03-28T05:29:16.793461Z,12.00,0.3900,0.6100,yes
e9df9471-3c0d-45e6-99bb-f7edb0bb140f,KXCANADAPM-45-C,2025-03-28T03:51:14.081154Z,4.00,0.3900,0.6100,yes
95a7e85a-2460-4f68-a605-dfb026b85596,KXCANADAPM-45-C,2025-03-28T03:14:53.60246Z,12.00,0.3900,0.6100,yes
a2c19958-f186-4d53-bd9e-960ca286d7f0,KXCANADAPM-45-C,2025-03-28T03:08:17.230809Z,1507.00,0.3800,0.6200,no
8289a357-e12c-4644-8a87-9d23fb2550dc,KXCANADAPM-45-C,2025-03-28T03:08:17.230809Z,24.00,0.3800,0.6200,no
ebd30313-15b6-4876-9b6e-2170e3fc922a,KXCANADAPM-45-C,2025-03-28T03:05:20.743152Z,10.00,0.3800,0.6200,no
e2830a91-1db5-48ae-ae34-e5f8ccac75f6,KXCANADAPM-45-C,2025-03-28T03:04:52.565698Z,357.00,0.3800,0.6200,no
e17363d7-891f-4724-8175-e845ca23458c,KXCANADAPM-45-C,2025-03-28T03:04:52.565698Z,1.00,0.3800,0.6200,no
60f4c58e-35ef-4adf-b778-c09fb165c7d1,KXCANADAPM-45-C,2025-03-28T03:04:52.565698Z,5.00,0.3800,0.6200,no
3c898bf7-4204-4c42-b382-01384a280e47,KXCANADAPM-45-C,2025-03-28T03:04:52.565698Z,5.00,0.3800,0.6200,no
325507ff-bcda-4320-9b25-21bfa920bbbe,KXCANADAPM-45-C,2025-03-28T03:04:52.565698Z,8.00,0.3800,0.6200,no
0ee9cbfb-0a3d-4b2e-bffa-868cd5b45c4f,KXCANADAPM-45-C,2025-03-28T03:04:52.565698Z,5.00,0.3800,0.6200,no
0d87dfca-aedf-4e74-baa6-1913833c73cd,KXCANADAPM-45-C,2025-03-28T03:04:52.565698Z,250.00,0.3800,0.6200,no
74e63c96-124b-46f3-b577-7623bc1693a5,KXCANADAPM-45-C,2025-03-28T02:25:32.356315Z,200.00,0.3900,0.6100,no
eddb163f-9d62-4e3f-b944-3d62d0d64609,KXCANADAPM-45-C,2025-03-28T02:23:56.946513Z,216.00,0.3900,0.6100,no
734b1524-146c-4401-8118-88b7d9a5870e,KXCANADAPM-45-C,2025-03-28T02:23:56.946513Z,95.00,0.3900,0.6100,no
753e4f9d-e0e1-42d2-b31b-590ee0701bae,KXCANADAPM-45-C,2025-03-28T02:14:57.589943Z,9.00,0.4000,0.6000,yes
14878080-b7c3-4e6f-aa37-5e499be6ebbe,KXCANADAPM-45-C,2025-03-28T02:01:00.203789Z,5.00,0.3900,0.6100,no
f1d1e8f2-23c8-45ea-8fed-0e2ba37fc673,KXCANADAPM-45-C,2025-03-28T01:24:26.075122Z,80.00,0.3900,0.6100,no
880875f6-ffb4-443c-a44a-00aadc1c6ea2,KXCANADAPM-45-C,2025-03-28T01:17:35.747564Z,359.00,0.4000,0.6000,yes
59ebfe27-f5ed-4cf4-894f-7597a64a275a,KXCANADAPM-45-C,2025-03-27T23:55:22.502694Z,1.00,0.4000,0.6000,yes
411b78f5-be57-42c3-9dfb-61c2d31cd06a,KXCANADAPM-45-C,2025-03-27T23:50:19.915541Z,46.00,0.3900,0.6100,no
d7f0ad14-afbf-41ed-9cb6-17c63eba6a8a,KXCANADAPM-45-C,2025-03-27T23:29:08.212086Z,200.00,0.4000,0.6000,no
c5abff1e-1f68-4f97-9e88-6ff76beaa985,KXCANADAPM-45-C,2025-03-27T23:29:08.212086Z,16.00,0.4000,0.6000,no
b94f373a-a045-43ee-aaa5-c3db737c3827,KXCANADAPM-45-C,2025-03-27T23:29:08.212086Z,244.00,0.4000,0.6000,no
7e6b838b-6136-479d-a72c-dfc45ede6e25,KXCANADAPM-45-C,2025-03-27T23:29:08.212086Z,10.00,0.4000,0.6000,no
3bf7080d-779b-4852-9716-9d416e393ec6,KXCANADAPM-45-C,2025-03-27T23:29:08.212086Z,30.00,0.4000,0.6000,no
6d1f1abc-e28a-4057-9e31-7a0789d7a284,KXCANADAPM-45-C,2025-03-27T22:39:30.080101Z,23.00,0.4100,0.5900,yes
abbb660f-29e3-42ee-8180-48fe0ee9cdea,KXCANADAPM-45-C,2025-03-27T22:14:13.030851Z,1.00,0.4100,0.5900,yes
200f43c7-6a48-45c5-b191-b1aa684d7056,KXCANADAPM-45-C,2025-03-27T20:52:43.452375Z,58.00,0.4100,0.5900,yes
10b29aa8-e6a8-428a-9fe8-65c9d2cec746,KXCANADAPM-45-C,2025-03-27T20:35:11.061588Z,461.00,0.4000,0.6000,no
6843fe02-726c-4654-a3c5-d795b4b6c96e,KXCANADAPM-45-C,2025-03-27T19:58:05.566454Z,35.00,0.4000,0.6000,no
2f9c8f90-4d5d-4a3d-9d05-988838598ab4,KXCANADAPM-45-C,2025-03-27T19:57:22.800471Z,245.00,0.4000,0.6000,no
edf3157c-36b3-484a-bd4e-d087072f6e8e,KXCANADAPM-45-C,2025-03-27T19:55:23.91642Z,58.00,0.4100,0.5900,yes
7733e4fc-c875-466c-9c61-aceaf07207bc,KXCANADAPM-45-C,2025-03-27T18:25:52.427204Z,58.00,0.4100,0.5900,yes
756d74af-ba27-4c18-8768-390dad2cf63f,KXCANADAPM-45-C,2025-03-27T17:44:16.339979Z,232.00,0.4100,0.5900,yes
63ab500b-6c4d-4089-a528-be6fea55f0d5,KXCANADAPM-45-C,2025-03-27T17:40:23.787028Z,108.00,0.4100,0.5900,yes
f6082d0e-9f51-41a2-afdb-d280c7b7957b,KXCANADAPM-45-C,2025-03-27T17:03:52.761917Z,72.00,0.4100,0.5900,yes
c4d627bf-8868-4a27-94f2-427da4e502f7,KXCANADAPM-45-C,2025-03-27T17:03:52.761917Z,201.00,0.4100,0.5900,yes
bc09c7e3-24f5-4510-a3ca-dd52216d05fa,KXCANADAPM-45-C,2025-03-27T17:03:52.761917Z,200.00,0.4100,0.5900,yes
b0b3ab39-db5e-482f-b1d2-a601f1c856f7,KXCANADAPM-45-C,2025-03-27T17:03:52.761917Z,527.00,0.4100,0.5900,yes
1bb4bc48-ebe2-428f-a9b1-403da2f68428,KXCANADAPM-45-C,2025-03-27T16:57:14.084965Z,117.00,0.4100,0.5900,yes
f52d1c52-cafc-498c-b0c7-b188b096d9fc,KXCANADAPM-45-C,2025-03-27T15:17:36.452021Z,46.00,0.4100,0.5900,yes
49c6c4c6-dc4e-4877-83ac-f26ef025baa8,KXCANADAPM-45-C,2025-03-27T14:52:38.92007Z,5.00,0.4100,0.5900,yes
a3d251be-cd31-4dc9-9292-faa34d1b5669,KXCANADAPM-45-C,2025-03-27T14:50:42.250712Z,10.00,0.4100,0.5900,yes
3e55e874-3b13-47f4-a18c-c391d478b835,KXCANADAPM-45-C,2025-03-27T14:50:14.286273Z,20.00,0.4000,0.6000,no
952b04ae-c9a6-4b19-ae7d-eaa5ca4eb621,KXCANADAPM-45-C,2025-03-27T14:11:42.37907Z,117.00,0.4100,0.5900,yes
c89ea5e6-a0d1-4e8c-b66f-0b4a297af226,KXCANADAPM-45-C,2025-03-27T13:21:47.124755Z,178.00,0.4100,0.5900,yes
9b4c5203-f52e-467b-86bf-21775d38c348,KXCANADAPM-45-C,2025-03-27T13:21:47.124755Z,993.00,0.4100,0.5900,yes
650589f8-c358-4c30-ba16-bc8c45424021,KXCANADAPM-45-C,2025-03-27T12:29:40.247571Z,5.00,0.4100,0.5900,yes
5eaa5922-875e-4791-8b63-c96414eab2c7,KXCANADAPM-45-C,2025-03-27T12:19:48.571101Z,100.00,0.4000,0.6000,no
ac23f0f9-1feb-4ca8-9f9d-793e43bb1966,KXCANADAPM-45-C,2025-03-27T12:00:19.931672Z,468.00,0.4100,0.5900,yes
ec5199cc-26e9-4df3-853e-9007a4fab2de,KXCANADAPM-45-C,2025-03-27T04:48:37.210101Z,27.00,0.4000,0.6000,no
5db70a2e-6000-42e6-b150-d88d9c2364aa,KXCANADAPM-45-C,2025-03-27T04:48:24.794668Z,412.00,0.4000,0.6000,no
837f4fa5-af5c-4a73-b772-ab64d6bed248,KXCANADAPM-45-C,2025-03-27T04:46:06.410567Z,52.00,0.4000,0.6000,no
6f385e59-ead1-4a85-ad59-c1e97604663f,KXCANADAPM-45-C,2025-03-27T04:46:06.410567Z,209.00,0.4000,0.6000,no
34e62b35-8db3-45ec-a2a7-5d50bf4d76aa,KXCANADAPM-45-C,2025-03-27T03:27:37.104751Z,23.00,0.4100,0.5900,yes
cd223c33-37f9-4a8e-a4bc-6165ae02d2ff,KXCANADAPM-45-C,2025-03-27T02:52:21.135728Z,8.00,0.4100,0.5900,yes
01e37600-9e86-41db-a2bc-0abd82b2993b,KXCANADAPM-45-C,2025-03-27T02:52:21.135728Z,11.00,0.4100,0.5900,yes
e0130953-80af-4fff-a330-30ebafa2c1ac,KXCANADAPM-45-C,2025-03-27T01:34:39.93969Z,109.00,0.4100,0.5900,yes
3ad7565c-5026-44a7-a139-b9d31523cbf7,KXCANADAPM-45-C,2025-03-27T01:34:39.93969Z,64.00,0.4100,0.5900,yes
04ca3022-7dd2-4959-9e08-a6c587430014,KXCANADAPM-45-C,2025-03-27T01:33:14.524652Z,48.00,0.4000,0.6000,no
d3fd6c59-a0f5-483c-a1c3-6c02890b5962,KXCANADAPM-45-C,2025-03-27T00:44:40.775775Z,72.00,0.4100,0.5900,no
f829b342-bb90-4c39-b20d-a7567ed809db,KXCANADAPM-45-C,2025-03-27T00:44:30.320883Z,309.00,0.4200,0.5800,yes
ed62a877-8b0a-4025-a74c-eb4d076d7bc6,KXCANADAPM-45-C,2025-03-27T00:44:30.320883Z,72.00,0.4100,0.5900,yes
c4eaa5fb-91af-42e4-8b9e-3612e62227ec,KXCANADAPM-45-C,2025-03-27T00:44:30.320883Z,137.00,0.4100,0.5900,yes
9cd2a33f-bb69-4d9a-a709-d488f8c19ab5,KXCANADAPM-45-C,2025-03-27T00:44:30.320883Z,12.00,0.4100,0.5900,yes
849dbbeb-4dd6-40fd-9a0e-5bc52eba42ea,KXCANADAPM-45-C,2025-03-27T00:44:30.320883Z,44.00,0.4100,0.5900,yes
3ec31f9f-ff41-4069-b307-c7943bfc525d,KXCANADAPM-45-C,2025-03-27T00:44:30.320883Z,4.00,0.4100,0.5900,yes
f06abf73-472c-4a24-a073-c6e24b5c7e24,KXCANADAPM-45-C,2025-03-26T23:54:20.008553Z,42.00,0.4100,0.5900,no
be847982-792f-4c66-84e2-3a7966d3f0a2,KXCANADAPM-45-C,2025-03-26T23:54:20.008553Z,92.00,0.4100,0.5900,no
35900cd4-d66a-44e6-930f-b51fcbd52bf7,KXCANADAPM-45-C,2025-03-26T23:54:20.008553Z,4.00,0.4100,0.5900,no
8987d717-769f-4081-8bf5-959147102358,KXCANADAPM-45-C,2025-03-26T23:54:09.515328Z,183.00,0.4100,0.5900,no
408ae967-5a18-42ac-8390-6c78302351c7,KXCANADAPM-45-C,2025-03-26T23:53:59.108396Z,184.00,0.4100,0.5900,no
16a23429-58da-48f0-9328-ed4896381cad,KXCANADAPM-45-C,2025-03-26T23:53:48.695965Z,184.00,0.4100,0.5900,no
591425f2-744b-4ed3-9732-e696936cb91d,KXCANADAPM-45-C,2025-03-26T23:53:38.725217Z,185.00,0.4100,0.5900,no
ef3e33d4-fb9d-406c-9f7f-70385b5d83c5,KXCANADAPM-45-C,2025-03-26T23:49:25.744274Z,45.00,0.4200,0.5800,yes
0d46a08c-b792-4c28-814a-bb88dd9c45d3,KXCANADAPM-45-C,2025-03-26T23:36:37.01613Z,132.00,0.4100,0.5900,no
ba40384d-ecb7-4faa-8ad1-f8b38cb59d87,KXCANADAPM-45-C,2025-03-26T23:31:23.156855Z,20.00,0.4100,0.5900,no
651b13ba-9507-4b94-8c95-e6fb31282e22,KXCANADAPM-45-C,2025-03-26T23:18:01.743244Z,10.00,0.4100,0.5900,no
f2b3b526-e9de-41f6-b033-51405666db88,KXCANADAPM-45-C,2025-03-26T23:13:43.869892Z,14.00,0.4200,0.5800,yes
51c1c6a5-c84b-4313-a35c-3e7bcbc7a199,KXCANADAPM-45-C,2025-03-26T23:13:43.869892Z,26.00,0.4200,0.5800,yes
72d23d1e-efec-4432-9938-602109a4a998,KXCANADAPM-45-C,2025-03-26T23:02:06.217167Z,10.00,0.4100,0.5900,no
b6f17c06-7212-4f9a-8a3d-3bf6fb9536c6,KXCANADAPM-45-C,2025-03-26T22:17:01.170572Z,21.00,0.4200,0.5800,yes
005948c4-45aa-4f21-9eca-72325f5261ff,KXCANADAPM-45-C,2025-03-26T22:17:01.170572Z,4.00,0.4200,0.5800,yes
c03c7ab8-c8c1-4022-91b4-a13e001b1f99,KXCANADAPM-45-C,2025-03-26T22:08:57.467145Z,1500.00,0.4100,0.5900,no
708e474e-72c3-4c6d-aad6-aed9d3f00af5,KXCANADAPM-45-C,2025-03-26T22:08:57.467145Z,250.00,0.4100,0.5900,no
361e6fae-ffc6-40f9-8420-04070fcce426,KXCANADAPM-45-C,2025-03-26T22:08:57.467145Z,250.00,0.4100,0.5900,no
dcb1d665-7bd4-45b9-b859-d975dae702ce,KXCANADAPM-45-C,2025-03-26T22:03:26.407557Z,750.00,0.4100,0.5900,no
87de130c-2c66-476b-b1a4-ff49873ed9b7,KXCANADAPM-45-C,2025-03-26T21:54:59.473716Z,2000.00,0.4100,0.5900,no
8e052db4-747f-45d3-b221-1f0bc9965c9e,KXCANADAPM-45-C,2025-03-26T20:25:40.520961Z,2.00,0.4200,0.5800,yes
87323574-25c1-404a-a703-e0759bbdd83d,KXCANADAPM-45-C,2025-03-26T20:25:40.520961Z,20.00,0.4200,0.5800,yes
dd9dde03-85b8-4e48-b18e-3d2bcfbe177f,KXCANADAPM-45-C,2025-03-26T17:03:25.013376Z,200.00,0.4200,0.5800,no
2b3b0fe2-da49-4dd7-8189-498329453a95,KXCANADAPM-45-C,2025-03-26T17:03:25.013376Z,15.00,0.4200,0.5800,no
760a4c04-4267-4c2e-b048-90c7662ea074,KXCANADAPM-45-C,2025-03-26T15:38:34.338816Z,111.00,0.4300,0.5700,yes
91cdcce0-840a-4c5e-93f7-c85476af38a3,KXCANADAPM-45-C,2025-03-26T15:25:54.828018Z,111.00,0.4300,0.5700,yes
743921ec-af7a-4653-a8eb-50a9ee449d36,KXCANADAPM-45-C,2025-03-26T15:25:16.570731Z,22.00,0.4300,0.5700,yes
d17fa7aa-c7d2-4835-8a96-e0ba8d16c691,KXCANADAPM-45-C,2025-03-26T15:18:19.255672Z,100.00,0.4300,0.5700,yes
ceed51aa-3267-4ec4-9a97-8486c25bab48,KXCANADAPM-45-C,2025-03-26T13:53:49.903223Z,2.00,0.4200,0.5800,no
39bdad59-2f35-4656-b3f3-6e2629883dc9,KXCANADAPM-45-C,2025-03-26T13:53:49.903223Z,250.00,0.4200,0.5800,no
104d5b2a-aecd-43f7-969d-d3cf99d4975e,KXCANADAPM-45-C,2025-03-26T13:53:49.903223Z,2.00,0.4200,0.5800,no
08a20f38-3d65-4ed0-9c5a-411a826c8fd3,KXCANADAPM-45-C,2025-03-26T13:53:49.903223Z,4598.00,0.4200,0.5800,no
8a1fd2c8-978a-440e-ac8c-1243a58ea6ff,KXCANADAPM-45-C,2025-03-26T13:43:25.362162Z,250.00,0.4300,0.5700,yes
c614abef-f6bd-44f2-95dd-01f00b407171,KXCANADAPM-45-C,2025-03-26T13:00:17.122948Z,250.00,0.4300,0.5700,no
3c33f0b8-506e-480f-a25b-8a0fe0e49e61,KXCANADAPM-45-C,2025-03-26T13:00:17.122948Z,2.00,0.4300,0.5700,no
fd703314-db94-4ac6-8f43-b2d464ce67f2,KXCANADAPM-45-C,2025-03-26T12:42:59.93198Z,54.00,0.4400,0.5600,yes
9ba38cf8-4e12-41ff-b0f7-3cba7fa797e3,KXCANADAPM-45-C,2025-03-26T12:07:35.97303Z,3000.00,0.4300,0.5700,no
63165d78-b73d-46b6-9be6-f6fc2e579ab4,KXCANADAPM-45-C,2025-03-26T12:07:35.97303Z,2500.00,0.4300,0.5700,no
0d72f2a1-4cfc-494d-af4e-c15a27b7baac,KXCANADAPM-45-C,2025-03-26T06:57:49.627869Z,250.00,0.4400,0.5600,no
dd61ec1d-23c5-4bc3-9077-cb484a5db8a0,KXCANADAPM-45-C,2025-03-26T04:54:51.931067Z,250.00,0.4500,0.5500,no
c7ef32a5-8f2e-4138-858f-425e723fc154,KXCANADAPM-45-C,2025-03-26T04:54:51.931067Z,2.00,0.4500,0.5500,no
c5da9b74-5d10-4de6-965e-6bab626820cb,KXCANADAPM-45-C,2025-03-26T04:54:51.931067Z,8.00,0.4500,0.5500,no
9b26e16d-d857-4880-9dcc-903de0b40f16,KXCANADAPM-45-C,2025-03-26T04:54:51.931067Z,10.00,0.4500,0.5500,no
94819d55-d0a2-40f9-af4c-6c40fe325192,KXCANADAPM-45-C,2025-03-26T04:54:51.931067Z,49.00,0.4500,0.5500,no
542842e3-9451-4c83-8441-9dc32b326623,KXCANADAPM-45-C,2025-03-26T04:54:51.931067Z,604.00,0.4500,0.5500,no
261d9f5a-2497-4ba1-9efb-cf48cfdc685b,KXCANADAPM-45-C,2025-03-26T04:54:51.931067Z,26.00,0.4500,0.5500,no
aa0354f1-c82e-4acf-bf39-7b28ed1091ec,KXCANADAPM-45-C,2025-03-26T02:51:31.398935Z,90.00,0.4600,0.5400,yes
580ddc89-3dea-447e-889f-0001720c5332,KXCANADAPM-45-C,2025-03-26T02:51:31.398935Z,25.00,0.4600,0.5400,yes
7edf54ec-6fd3-44ec-a134-f234c6895a88,KXCANADAPM-45-C,2025-03-26T02:02:29.562623Z,4.00,0.4600,0.5400,no
48cefd28-20cc-4239-9c89-5078174820b9,KXCANADAPM-45-C,2025-03-26T02:02:29.562623Z,24.00,0.4600,0.5400,no
095c2c3d-f4da-4e5a-9185-a411e40b7dd1,KXCANADAPM-45-C,2025-03-26T02:02:29.562623Z,47.00,0.4600,0.5400,no
17329b5b-3856-42bd-b90c-352a7ce0410b,KXCANADAPM-45-C,2025-03-26T01:34:54.646866Z,20.00,0.4600,0.5400,no
480c1281-b54e-488f-b20e-440b6bd52e9b,KXCANADAPM-45-C,2025-03-26T01:27:34.956938Z,27.00,0.4700,0.5300,yes
e57929ef-fae4-4a45-9357-65be796a3282,KXCANADAPM-45-C,2025-03-26T01:22:03.858149Z,18.00,0.4600,0.5400,no
d5adea86-61b1-48f3-9f78-d209dc72b3b3,KXCANADAPM-45-C,2025-03-26T01:22:03.858149Z,25.00,0.4600,0.5400,no
b44529ca-91e1-4ed5-a06d-eaf42b39ad74,KXCANADAPM-45-C,2025-03-26T01:22:03.858149Z,250.00,0.4600,0.5400,no
7f85865d-23b1-4bd3-8f7d-bf4fa213412f,KXCANADAPM-45-C,2025-03-26T01:22:03.858149Z,20.00,0.4600,0.5400,no
2cdf57a8-f696-4506-85f2-34dff3eceb45,KXCANADAPM-45-C,2025-03-26T01:22:03.858149Z,4.00,0.4600,0.5400,no
0fe56cdc-45ec-434d-a4af-6c099a425838,KXCANADAPM-45-C,2025-03-26T01:22:03.858149Z,283.00,0.4600,0.5400,no
328212d0-be46-4731-944a-eb48c8c7e512,KXCANADAPM-45-C,2025-03-26T01:02:54.171706Z,204.00,0.4700,0.5300,yes
94809739-dbe3-4344-b1a6-fc162e529f8c,KXCANADAPM-45-C,2025-03-26T00:46:58.580959Z,100.00,0.4600,0.5400,no
f06aa8fd-a221-4a51-a7ee-7aa53a53fffa,KXCANADAPM-45-C,2025-03-26T00:46:34.734486Z,125.00,0.4600,0.5400,no
9dfa4b48-df83-4c11-ba69-9d4ad4f1ed0a,KXCANADAPM-45-C,2025-03-26T00:13:21.604937Z,22.00,0.4700,0.5300,yes
123c5e0c-7c0a-4b2d-ac68-46ec6bc78dec,KXCANADAPM-45-C,2025-03-25T23:31:28.742549Z,10.00,0.4700,0.5300,yes
e35ee38c-5b41-44b5-9fe1-1bd4fe5b3da4,KXCANADAPM-45-C,2025-03-25T22:49:42.623573Z,20.00,0.4700,0.5300,yes
f507f32b-7ba7-4d74-8fcb-63c2add38692,KXCANADAPM-45-C,2025-03-25T22:31:30.341483Z,205.00,0.4700,0.5300,yes
c76d5934-6ff2-42a7-982f-f0fdc9cf250d,KXCANADAPM-45-C,2025-03-25T21:44:14.459167Z,33.00,0.4800,0.5200,yes
ae27abf1-acdd-4c02-9cdb-bc2f8c091813,KXCANADAPM-45-C,2025-03-25T21:44:14.459167Z,692.00,0.4700,0.5300,yes
1b869788-ae8f-4899-a060-8b9923f84ea7,KXCANADAPM-45-C,2025-03-25T21:44:14.459167Z,287.00,0.4700,0.5300,yes
e6419145-dd1b-4df3-8114-5fcdf9c7779e,KXCANADAPM-45-C,2025-03-25T21:41:54.977041Z,75.00,0.4700,0.5300,yes
dd035fcf-3b79-4a99-9fa2-ad73bcd3e5c8,KXCANADAPM-45-C,2025-03-25T21:41:54.977041Z,858.00,0.4700,0.5300,yes
4a66f0f6-7c1c-448b-93c4-4f033f5fd661,KXCANADAPM-45-C,2025-03-25T21:41:54.977041Z,4.00,0.4700,0.5300,yes
3d746d1b-9f21-436f-b6b2-814fc4a98e57,KXCANADAPM-45-C,2025-03-25T21:41:54.977041Z,704.00,0.4700,0.5300,yes
225f0923-83a5-4763-b294-4281b007e1e1,KXCANADAPM-45-C,2025-03-25T21:29:45.409236Z,8.00,0.4700,0.5300,yes
f828174d-d750-4f8e-8231-4242f885fc1f,KXCANADAPM-45-C,2025-03-25T21:14:38.549573Z,41.00,0.4700,0.5300,yes
3783e080-3f59-42ae-9914-c2fd43b8412f,KXCANADAPM-45-C,2025-03-25T20:37:32.037608Z,150.00,0.4700,0.5300,yes
b45b85df-13f9-463a-beb0-280a4037c207,KXCANADAPM-45-C,2025-03-25T19:29:06.456938Z,205.00,0.4700,0.5300,yes
b1e639ba-7600-4fe2-9bef-9fccc55beb20,KXCANADAPM-45-C,2025-03-25T19:26:27.3519Z,4.00,0.4700,0.5300,yes
c9b037da-ff84-44ea-b737-e6f870419b39,KXCANADAPM-45-C,2025-03-25T19:13:28.752076Z,20.00,0.4700,0.5300,yes
ee20e8a3-e0d9-4bc2-90c6-f57931e27c49,KXCANADAPM-45-C,2025-03-25T18:08:19.306176Z,100.00,0.4700,0.5300,no
c840ed9d-7889-4e4e-bc63-861384b6f8ef,KXCANADAPM-45-C,2025-03-25T18:08:19.306176Z,250.00,0.4700,0.5300,no
b865c3b3-93a2-4e2a-8350-a0e036bfa2b5,KXCANADAPM-45-C,2025-03-25T18:08:19.306176Z,114.00,0.4700,0.5300,no
9046b341-b92b-4d49-8ed1-da8e01566a6f,KXCANADAPM-45-C,2025-03-25T18:08:19.306176Z,1000.00,0.4700,0.5300,no
3bcb4c18-c289-4f83-8cf0-2ff2907d5b60,KXCANADAPM-45-C,2025-03-25T18:08:19.306176Z,250.00,0.4700,0.5300,no
8399c242-6a64-4a7c-8118-a1dfa63aa951,KXCANADAPM-45-C,2025-03-25T17:56:41.184685Z,68.00,0.4700,0.5300,no
73dbecb1-5a4c-4559-938d-d73593d5ebc0,KXCANADAPM-45-C,2025-03-25T17:47:25.764214Z,1059.00,0.4700,0.5300,no
a4f71c3e-ceaf-4e8b-b7de-c5672265687d,KXCANADAPM-45-C,2025-03-25T17:37:49.852204Z,10.00,0.4700,0.5300,no
58fa311f-88f6-4e09-ae9f-0c16e2854d0e,KXCANADAPM-45-C,2025-03-25T17:36:37.763558Z,493.00,0.4700,0.5300,no
d93c7547-623a-4796-9a97-87fca0abac51,KXCANADAPM-45-C,2025-03-25T17:36:32.830245Z,25.00,0.4700,0.5300,no
39e9fe4d-03bb-4f22-9643-07a1bae51b60,KXCANADAPM-45-C,2025-03-25T17:31:25.805486Z,176.00,0.4700,0.5300,no
08e31f81-0932-45bd-af7f-32f50792938c,KXCANADAPM-45-C,2025-03-25T17:31:10.206185Z,103.00,0.4700,0.5300,no
f372597b-5d22-47df-91ca-c4a5587eb73a,KXCANADAPM-45-C,2025-03-25T17:23:17.282498Z,20.00,0.4800,0.5200,yes
3110f050-29f1-4b57-b3ef-c74e257c68fd,KXCANADAPM-45-C,2025-03-25T17:02:57.481677Z,1148.00,0.4700,0.5300,no
bda77694-1e71-4e06-be38-20add402f11e,KXCANADAPM-45-C,2025-03-25T16:55:13.38285Z,6.00,0.4800,0.5200,yes
cb2b342e-4650-4473-9aa8-4b777e0c4c2b,KXCANADAPM-45-C,2025-03-25T16:35:14.100058Z,4000.00,0.4800,0.5200,yes
6c9cd6cd-7924-4550-881a-25ba35ca6821,KXCANADAPM-45-C,2025-03-25T16:34:22.252562Z,13.00,0.4700,0.5300,no
c7bb292e-5ffe-4f0b-951a-d330a1eca878,KXCANADAPM-45-C,2025-03-25T16:12:53.76906Z,1005.00,0.4800,0.5200,yes
46ef3c24-7286-4ce8-8370-3e66748c3a64,KXCANADAPM-45-C,2025-03-25T16:10:46.523562Z,4020.00,0.4800,0.5200,yes
1f27eb04-28d0-414a-aff1-098fb452b0af,KXCANADAPM-45-C,2025-03-25T15:30:45.383058Z,13.00,0.4800,0.5200,yes
a386238b-5c75-4e8b-a406-239317dd8462,KXCANADAPM-45-C,2025-03-25T14:49:42.203955Z,22.00,0.4800,0.5200,yes
8e41aa6b-6a71-4a5d-87c4-c876c066e44c,KXCANADAPM-45-C,2025-03-25T14:46:08.148602Z,99.00,0.4800,0.5200,yes
7d076669-e364-4411-9c8c-9130425d1ea2,KXCANADAPM-45-C,2025-03-25T14:42:14.861695Z,750.00,0.4700,0.5300,no
d7533f72-3031-4e68-8eeb-1b0c3df9e087,KXCANADAPM-45-C,2025-03-25T13:38:19.513363Z,39.00,0.4800,0.5200,no
570d813e-cc6a-4c78-b6b0-35a9ef8b9e5f,KXCANADAPM-45-C,2025-03-25T13:38:19.513363Z,4.00,0.4800,0.5200,no
2945589d-f95e-4cc7-9c08-39bf443c29f6,KXCANADAPM-45-C,2025-03-25T13:38:19.513363Z,5000.00,0.4800,0.5200,no
4a13798c-8e18-4751-9736-59f793d929e2,KXCANADAPM-45-C,2025-03-25T12:30:40.533345Z,25.00,0.4900,0.5100,yes
6048a9c4-6416-4b6f-9cec-bc498a788af3,KXCANADAPM-45-C,2025-03-25T12:19:29.854409Z,156.00,0.4900,0.5100,yes
7c88b408-1655-4917-a19a-c724f1a007fd,KXCANADAPM-45-C,2025-03-25T06:16:50.63335Z,9.00,0.4900,0.5100,yes
8eb3485f-47ca-4ac0-a012-eed0f26f52d9,KXCANADAPM-45-C,2025-03-25T06:08:28.141137Z,40.00,0.4800,0.5200,yes
9c17965f-231b-4595-9cbe-d15a387fba37,KXCANADAPM-45-C,2025-03-25T05:59:21.082416Z,41.00,0.4700,0.5300,no
753eba13-2b41-4cbf-bd3f-246b90390dca,KXCANADAPM-45-C,2025-03-25T05:41:47.529804Z,9.00,0.4800,0.5200,yes
80d7cad0-7aee-4757-85c1-ec52a90152b8,KXCANADAPM-45-C,2025-03-25T04:25:40.395421Z,9.00,0.4900,0.5100,yes
3f3a22fa-e10c-400a-b71b-7f5d663668bc,KXCANADAPM-45-C,2025-03-25T03:27:29.162642Z,25.00,0.4900,0.5100,yes
42efd1e3-1e05-49e1-bb38-00ac4a525c8d,KXCANADAPM-45-C,2025-03-25T02:50:22.68651Z,186.00,0.4800,0.5200,no
1f865268-bc68-4c76-bc11-d9bbbde4fcf2,KXCANADAPM-45-C,2025-03-25T02:50:16.695793Z,3.00,0.4800,0.5200,no
8eb8241e-4481-414d-b2cc-3d833bbd01f7,KXCANADAPM-45-C,2025-03-25T02:36:36.061509Z,500.00,0.4900,0.5100,yes
9869772e-49a7-40e9-802f-146af3825568,KXCANADAPM-45-C,2025-03-25T02:35:37.280394Z,19.00,0.4900,0.5100,yes
be5598e1-16fa-4d59-86c9-7de53b3172fa,KXCANADAPM-45-C,2025-03-25T02:32:56.868842Z,21.00,0.4800,0.5200,no
a44594e1-46e3-4dda-8adc-141cde42d33a,KXCANADAPM-45-C,2025-03-25T02:32:56.868842Z,161.00,0.4800,0.5200,no
95fbbba4-291f-4af3-94d8-82877b745bc6,KXCANADAPM-45-C,2025-03-25T02:32:56.868842Z,4.00,0.4800,0.5200,no
9ebf2bb7-54b0-47e9-a1c5-a26e2a8b0c48,KXCANADAPM-45-C,2025-03-25T02:19:37.348207Z,199.00,0.4800,0.5200,no
c59e553d-a4f4-4345-9a1b-662d6c4768b0,KXCANADAPM-45-C,2025-03-25T01:58:37.988126Z,14.00,0.4800,0.5200,yes
4e95db14-59f6-411f-b648-bcd605dc2826,KXCANADAPM-45-C,2025-03-25T01:58:37.988126Z,166.00,0.4800,0.5200,yes
04d6f967-4a3b-40b6-851e-7c744a030882,KXCANADAPM-45-C,2025-03-25T01:58:37.988126Z,100.00,0.4800,0.5200,yes
eb612042-c3c4-4036-a8a4-3ead50eea622,KXCANADAPM-45-C,2025-03-25T01:48:20.943083Z,729.00,0.4900,0.5100,yes
d687edad-16a0-456d-b796-8c860626db04,KXCANADAPM-45-C,2025-03-25T01:24:44.680971Z,13.00,0.4900,0.5100,yes
ad3ecb78-2d83-49b8-a186-de2c3ada4af2,KXCANADAPM-45-C,2025-03-25T01:21:30.203463Z,132.00,0.5000,0.5000,yes
2750d7be-e021-4ace-8b2a-e6494a3222e2,KXCANADAPM-45-C,2025-03-25T01:21:30.203463Z,61.00,0.5000,0.5000,yes
8c0b5a8d-e393-4e14-9059-5c55c16e487b,KXCANADAPM-45-C,2025-03-25T00:39:59.10515Z,200.00,0.5000,0.5000,yes
9467ff95-3591-4d77-bd3f-b9cc1fd43680,KXCANADAPM-45-C,2025-03-25T00:10:35.000321Z,4.00,0.4900,0.5100,yes
eaf16c66-69f4-47cb-85e0-18dd69e0a699,KXCANADAPM-45-C,2025-03-25T00:10:34.900374Z,1980.00,0.4800,0.5200,yes
b753a14a-d14d-4dee-9838-907fa89992d1,KXCANADAPM-45-C,2025-03-24T23:56:37.663162Z,20.00,0.4800,0.5200,yes
a95f4bad-70aa-40dd-8e92-e8bd4db84248,KXCANADAPM-45-C,2025-03-24T23:37:48.44438Z,20.00,0.4900,0.5100,yes
e542144a-4c00-448a-846d-a283bbf64ae7,KXCANADAPM-45-C,2025-03-24T23:28:11.811309Z,394.00,0.4900,0.5100,yes
0c2242b1-915c-4238-a1ec-2b90e71c090e,KXCANADAPM-45-C,2025-03-24T23:20:07.727655Z,315.00,0.4900,0.5100,yes
29eeba15-4ad2-429b-b30f-4023069f4036,KXCANADAPM-45-C,2025-03-24T23:02:25.021052Z,492.00,0.4900,0.5100,yes
ca0df841-3a86-4b29-859d-993e586cd3b1,KXCANADAPM-45-C,2025-03-24T23:00:02.65661Z,98.00,0.4900,0.5100,yes
323f74aa-a900-4468-884b-ee741943ec1d,KXCANADAPM-45-C,2025-03-24T22:55:01.631457Z,3.00,0.4900,0.5100,yes
e66e48c9-963e-4dea-9414-f9d6fcac797e,KXCANADAPM-45-C,2025-03-24T22:51:36.250913Z,19.00,0.4900,0.5100,yes
dfb26b58-1ce3-424c-8d14-6041690bd084,KXCANADAPM-45-C,2025-03-24T22:44:25.547251Z,108.00,0.4900,0.5100,yes
8df86b6f-4afa-49c5-9297-215f79c9cbb7,KXCANADAPM-45-C,2025-03-24T22:44:25.547251Z,253.00,0.4900,0.5100,yes
59a3adac-920e-4f72-99b3-13d3c636fc05,KXCANADAPM-45-C,2025-03-24T22:44:25.547251Z,32.00,0.4900,0.5100,yes
a3ab1c97-905c-4fc3-bd0b-48d5bd9548db,KXCANADAPM-45-C,2025-03-24T22:41:45.41318Z,19.00,0.4900,0.5100,yes
543f331f-8c7c-4cdd-ba34-515b6dc1ae55,KXCANADAPM-45-C,2025-03-24T22:36:00.061352Z,25.00,0.4900,0.5100,yes
38d777b8-cc05-4766-9216-d273b360d0b8,KXCANADAPM-45-C,2025-03-24T22:36:00.061352Z,73.00,0.4900,0.5100,yes
f6f56df9-186f-40ac-893b-477de30debd2,KXCANADAPM-45-C,2025-03-24T22:11:21.631348Z,3.00,0.4900,0.5100,yes
6a147c69-ced4-43ca-a193-7d426b5ac3a2,KXCANADAPM-45-C,2025-03-24T22:06:52.990477Z,43.00,0.4800,0.5200,yes
1f1e2759-be69-43f4-992b-3a0ccb0c627e,KXCANADAPM-45-C,2025-03-24T22:06:52.990477Z,27.00,0.4800,0.5200,yes
b1f2b011-1053-4798-b969-b0e9e5546263,KXCANADAPM-45-C,2025-03-24T21:56:42.344831Z,2899.00,0.4800,0.5200,yes
a8a73d01-41b2-4980-a437-898a1b30e2a3,KXCANADAPM-45-C,2025-03-24T21:56:42.344831Z,4.00,0.4800,0.5200,yes
d3e076a9-51d2-46b9-a671-df2f5c50d8e1,KXCANADAPM-45-C,2025-03-24T21:45:27.906855Z,9.00,0.4800,0.5200,yes
4a667d05-fcdb-44b2-8243-f4f39f7e6185,KXCANADAPM-45-C,2025-03-24T21:45:15.351758Z,40.00,0.4800,0.5200,yes
5244bc2a-25e1-4680-987a-2bcb2256a555,KXCANADAPM-45-C,2025-03-24T21:36:54.619646Z,10.00,0.4800,0.5200,yes
d132ceb5-b228-4cc4-b337-e7860612dad3,KXCANADAPM-45-C,2025-03-24T21:21:06.749301Z,1005.00,0.4800,0.5200,yes
7beb43f5-cf88-431a-aaa9-8382a39fbd5a,KXCANADAPM-45-C,2025-03-24T21:17:29.791904Z,1.00,0.4800,0.5200,yes
a89a1ac4-cf6c-4f91-8b28-65ad1e050518,KXCANADAPM-45-C,2025-03-24T20:55:15.228939Z,98.00,0.4800,0.5200,yes
fa8281c6-47df-493c-a86e-43070241ee3f,KXCANADAPM-45-C,2025-03-24T20:34:55.195404Z,448.00,0.4600,0.5400,no
40fcab29-6afc-488f-82c2-6c24909285d2,KXCANADAPM-45-C,2025-03-24T20:32:36.768405Z,4.00,0.4800,0.5200,yes
02a58e4f-5663-4474-9a97-472825355883,KXCANADAPM-45-C,2025-03-24T20:30:58.200985Z,19.00,0.4800,0.5200,yes
bab2e722-306e-409a-8210-b130354b1f3a,KXCANADAPM-45-C,2025-03-24T19:49:37.450388Z,20.00,0.4800,0.5200,yes
ffe00815-1d00-456c-a714-8682872d6604,KXCANADAPM-45-C,2025-03-24T19:43:12.652111Z,502.00,0.4800,0.5200,yes
9869d7d0-bef1-4a43-a277-63ecc8a79b52,KXCANADAPM-45-C,2025-03-24T19:31:55.251089Z,100.00,0.4800,0.5200,yes
02086435-1958-456e-962a-57929fd65dd2,KXCANADAPM-45-C,2025-03-24T18:45:03.335894Z,90.00,0.4800,0.5200,yes
da28ecd6-18e5-4b3f-9245-0b905b9bc56c,KXCANADAPM-45-C,2025-03-24T17:54:57.445786Z,946.00,0.4700,0.5300,no
9e799a02-18c4-4b5f-907a-12bed9e2b530,KXCANADAPM-45-C,2025-03-24T17:54:57.445786Z,4.00,0.4700,0.5300,no
0840832c-ed26-4d46-9b00-5e742c91f7bd,KXCANADAPM-45-C,2025-03-24T17:54:57.445786Z,50.00,0.4700,0.5300,no
9287b2d7-3957-4173-87a8-34005bf937e0,KXCANADAPM-45-C,2025-03-24T17:28:44.384362Z,201.00,0.4800,0.5200,yes
f72e53a6-82a8-4737-877d-a2083e45fd4e,KXCANADAPM-45-C,2025-03-24T16:52:01.964097Z,2.00,0.4800,0.5200,yes
60e8e968-86fd-4ed2-b594-48023d0eb531,KXCANADAPM-45-C,2025-03-24T16:44:01.487791Z,194.00,0.4900,0.5100,yes
19405d3c-8848-4d3d-a743-10b0d651f13e,KXCANADAPM-45-C,2025-03-24T16:44:01.487791Z,298.00,0.4900,0.5100,yes
acda2015-0bcc-42a8-8683-7ee052234d0e,KXCANADAPM-45-C,2025-03-24T16:40:30.628088Z,14.00,0.4700,0.5300,no
8ed27cfc-083e-4c4d-9ea1-312fa5587194,KXCANADAPM-45-C,2025-03-24T14:49:09.754833Z,15.00,0.4900,0.5100,yes
30824c76-ecc1-47a1-9a9c-7c42de42d98a,KXCANADAPM-45-C,2025-03-24T14:49:09.754833Z,24.00,0.4900,0.5100,yes
b3e5756f-62a8-42b4-991d-f086a14588d5,KXCANADAPM-45-C,2025-03-24T13:58:48.372467Z,985.00,0.4900,0.5100,yes
4e0e7ab1-1029-42ec-9a03-59bdcc5428db,KXCANADAPM-45-C,2025-03-24T13:13:58.229982Z,106.00,0.4600,0.5400,no
5defbfb5-85c3-42e7-b137-ad47745c3ed8,KXCANADAPM-45-C,2025-03-24T13:08:50.846875Z,205.00,0.4700,0.5300,yes
d8fce85d-8f85-401f-8173-0802f9a6e897,KXCANADAPM-45-C,2025-03-24T12:33:42.775559Z,4.00,0.4700,0.5300,yes
f0e3e2c8-19f9-4b14-b4be-2dc790964d26,KXCANADAPM-45-C,2025-03-24T12:14:16.996681Z,808.00,0.4500,0.5500,no
c3b78142-aa9e-40cb-a8ca-4489fcbc773e,KXCANADAPM-45-C,2025-03-24T12:14:16.996681Z,10.00,0.4600,0.5400,no
4d0d4ea2-2e73-463a-82bf-cf090dde8bd7,KXCANADAPM-45-C,2025-03-24T12:14:16.996681Z,42.00,0.4600,0.5400,no
31d8b92f-e847-40c4-a97b-5173c4926c44,KXCANADAPM-45-C,2025-03-24T05:39:30.93772Z,8.00,0.4700,0.5300,yes
4ace10f6-da60-4683-9602-321dd96dba82,KXCANADAPM-45-C,2025-03-24T04:56:39.325521Z,199.00,0.4700,0.5300,yes
a4147756-24f2-458d-9411-e8629c309cab,KXCANADAPM-45-C,2025-03-24T04:32:25.472857Z,50.00,0.4700,0.5300,yes
e52836d0-1381-46d2-ad1a-79ef75cf4e67,KXCANADAPM-45-C,2025-03-24T03:52:09.088307Z,40.00,0.4700,0.5300,yes
e98a047e-9804-4cd8-aefd-54bcee5a0798,KXCANADAPM-45-C,2025-03-24T03:24:34.504144Z,224.00,0.4600,0.5400,yes
daa08610-2a71-489d-9857-73d077232eef,KXCANADAPM-45-C,2025-03-24T03:24:34.504144Z,214.00,0.4600,0.5400,yes
7f55073d-9183-449b-9915-2de428ab49d4,KXCANADAPM-45-C,2025-03-24T03:22:30.046815Z,612.00,0.4600,0.5400,yes
617d233a-c028-400d-a8cd-74d14abce041,KXCANADAPM-45-C,2025-03-24T03:08:24.167811Z,13.00,0.4600,0.5400,yes
9db8e9c5-7537-4411-8177-61e19c47504b,KXCANADAPM-45-C,2025-03-24T03:00:39.760641Z,102.00,0.4600,0.5400,yes
c2134ff8-818b-475f-87b5-905e0c2d3007,KXCANADAPM-45-C,2025-03-24T02:22:37.921964Z,75.00,0.4500,0.5500,yes
ba40eb30-5189-48e1-b240-f717eeadfd35,KXCANADAPM-45-C,2025-03-24T02:22:37.921964Z,500.00,0.4500,0.5500,yes
83633f7a-f044-4a7b-8ea9-50afce2a5031,KXCANADAPM-45-C,2025-03-24T02:22:37.921964Z,8.00,0.4500,0.5500,yes
1b9d602d-95da-48d5-b6eb-bc75496da851,KXCANADAPM-45-C,2025-03-24T02:22:37.921964Z,243.00,0.4500,0.5500,yes
d99194be-4849-4d0b-a676-de496d873623,KXCANADAPM-45-C,2025-03-24T02:18:25.039688Z,180.00,0.4500,0.5500,yes
1eda099b-406f-4d79-b106-e7647942250f,KXCANADAPM-45-C,2025-03-24T02:18:25.039688Z,52.00,0.4400,0.5600,yes
fb72e92d-d92c-464b-a0f1-4fe02821a856,KXCANADAPM-45-C,2025-03-24T02:16:29.63041Z,193.00,0.4400,0.5600,yes
94da34db-c99b-48bd-a8ba-4760dae9fa6f,KXCANADAPM-45-C,2025-03-24T02:16:29.63041Z,562.00,0.4500,0.5500,yes
29d0e069-ac2c-4f3f-82ed-d6abbe4eb2af,KXCANADAPM-45-C,2025-03-24T02:06:59.384605Z,43.00,0.4400,0.5600,yes
0d558576-ab78-47ec-9231-ad9b2dbf853c,KXCANADAPM-45-C,2025-03-24T01:39:15.763947Z,54.00,0.4400,0.5600,yes
1ab1ba57-bc6e-4952-9b08-e966dea635be,KXCANADAPM-45-C,2025-03-24T01:32:53.441206Z,218.00,0.4400,0.5600,yes
b43f728f-089b-40f3-b04f-55f72fb40287,KXCANADAPM-45-C,2025-03-24T01:11:03.213719Z,120.00,0.4300,0.5700,yes
835d5286-eaa5-451d-b024-dda2b3d27b35,KXCANADAPM-45-C,2025-03-24T01:11:03.213719Z,1205.00,0.4300,0.5700,yes
497b2875-f56d-4c07-af8b-947054ba034c,KXCANADAPM-45-C,2025-03-24T01:11:03.213719Z,60.00,0.4300,0.5700,yes
00958b10-00c1-4372-aa0d-ee3d4298a77e,KXCANADAPM-45-C,2025-03-24T01:11:03.213719Z,275.00,0.4300,0.5700,yes
c3a71aba-9d73-4eed-af07-02c1291e9633,KXCANADAPM-45-C,2025-03-24T00:34:29.168191Z,223.00,0.4300,0.5700,yes
6c69294b-445f-4ad8-8d49-2dcc5b992742,KXCANADAPM-45-C,2025-03-24T00:19:41.247308Z,2.00,0.4300,0.5700,yes
6b448574-3690-40a0-aaa4-609cd8da3453,KXCANADAPM-45-C,2025-03-23T23:39:52.323851Z,666.00,0.4300,0.5700,yes
25fdae72-9bf6-491d-8338-cf70be685229,KXCANADAPM-45-C,2025-03-23T23:32:43.926325Z,111.00,0.4300,0.5700,yes
8978dfbd-82ce-48fd-a286-3e9037edcb3f,KXCANADAPM-45-C,2025-03-23T22:20:55.33161Z,1.00,0.4300,0.5700,yes
ffe9db66-f467-477f-a757-2724afa182bd,KXCANADAPM-45-C,2025-03-23T22:20:37.940115Z,5.00,0.4300,0.5700,yes
ecbf59dc-edb6-4104-8801-b1659304b256,KXCANADAPM-45-C,2025-03-23T22:12:15.679192Z,252.00,0.4200,0.5800,yes
53d14b26-2f3f-41a7-aeb9-c5ef2c310cdb,KXCANADAPM-45-C,2025-03-23T22:12:15.679192Z,150.00,0.4200,0.5800,yes
b259a5f7-cd7d-4a4f-8e3d-2db67b62c7e5,KXCANADAPM-45-C,2025-03-23T21:13:39.898762Z,3.00,0.4200,0.5800,yes
936708d1-5434-4880-8956-fb17d36a40b1,KXCANADAPM-45-C,2025-03-23T20:35:22.229918Z,1.00,0.4100,0.5900,no
cfcd880b-57a9-4aea-8684-d4b658532ba2,KXCANADAPM-45-C,2025-03-23T20:08:46.484232Z,22.00,0.4200,0.5800,yes
b0b5d8eb-ce1f-45ce-b48d-91296cc11854,KXCANADAPM-45-C,2025-03-23T19:55:06.608579Z,11.00,0.4200,0.5800,yes
af43b8bf-c078-40c6-a3f5-74f220f91107,KXCANADAPM-45-C,2025-03-23T19:18:06.461369Z,1.00,0.4100,0.5900,no
d08378cd-e869-4d0d-b79f-29b77d02b863,KXCANADAPM-45-C,2025-03-23T19:06:42.8969Z,14.00,0.4100,0.5900,yes
c07233df-36ca-4eff-a33c-ad36d5324beb,KXCANADAPM-45-C,2025-03-23T19:06:25.102676Z,800.00,0.4100,0.5900,yes
9fd20d4c-5f18-40f7-88e7-78ec6ce82b8d,KXCANADAPM-45-C,2025-03-23T19:06:25.102676Z,260.00,0.4100,0.5900,yes
59ffb470-2752-4a19-a06d-02f55620f3e3,KXCANADAPM-45-C,2025-03-23T19:06:25.102676Z,130.00,0.4100,0.5900,yes
52249af3-4827-4ca4-92b5-3e53b2d57849,KXCANADAPM-45-C,2025-03-23T19:06:25.102676Z,488.00,0.4100,0.5900,yes
8f4a0cd2-b8f0-4f21-bf94-6058af185253,KXCANADAPM-45-C,2025-03-23T18:01:54.206859Z,58.00,0.4100,0.5900,yes
8dc60eca-4a8a-4edf-b429-1d97901bea97,KXCANADAPM-45-C,2025-03-23T17:38:22.092946Z,234.00,0.4100,0.5900,yes
b997c61c-a856-4e38-b105-dd80e5f34add,KXCANADAPM-45-C,2025-03-23T17:12:58.47212Z,1076.00,0.4100,0.5900,yes
f8792865-554f-4617-8eb6-036f51381b73,KXCANADAPM-45-C,2025-03-23T17:09:41.094537Z,585.00,0.4100,0.5900,yes
e341fbe6-14a4-492d-aadd-16bdade41dc4,KXCANADAPM-45-C,2025-03-23T15:14:21.509239Z,45.00,0.4100,0.5900,yes
ccf21e52-fc2b-47ae-af4c-940cf9a64ef4,KXCANADAPM-45-C,2025-03-23T15:14:21.509239Z,47.00,0.4000,0.6000,yes
716b90d5-344a-41b7-84c0-a467ad410bd6,KXCANADAPM-45-C,2025-03-23T15:14:21.509239Z,144.00,0.4000,0.6000,yes
6dfcebdf-8bd2-4c65-ad83-86fe44f8381f,KXCANADAPM-45-C,2025-03-23T15:14:21.509239Z,118.00,0.4000,0.6000,yes
1a711948-388b-4b93-877c-8dcb5efd9673,KXCANADAPM-45-C,2025-03-23T15:14:21.509239Z,4.00,0.4000,0.6000,yes
373c1604-8a88-4726-8489-7bbaae063111,KXCANADAPM-45-C,2025-03-23T05:07:54.476003Z,68.00,0.4100,0.5900,yes
5aafc7d2-28ce-4b26-9231-d263657f66e5,KXCANADAPM-45-C,2025-03-23T03:27:21.283634Z,68.00,0.4100,0.5900,yes
eee489cf-d751-4760-92c0-a6526752c4f4,KXCANADAPM-45-C,2025-03-23T01:49:27.520154Z,20.00,0.4000,0.6000,no
c95c22d1-6bfc-4ff6-923b-c615e21c75fc,KXCANADAPM-45-C,2025-03-23T00:36:58.879348Z,117.00,0.4100,0.5900,yes
6c2af4cf-2dae-4735-8ebd-5e002c80044b,KXCANADAPM-45-C,2025-03-22T23:55:15.843203Z,139.00,0.4000,0.6000,no
64706f61-5bba-4bbb-8c49-c6fe0c3cb2c4,KXCANADAPM-45-C,2025-03-22T23:21:50.706884Z,58.00,0.4100,0.5900,yes
38b8959d-7ed1-4efc-9649-4bd9cbf9f43f,KXCANADAPM-45-C,2025-03-22T18:45:45.947289Z,232.00,0.4100,0.5900,yes
27a97aab-87b2-432b-943a-7bf0ea4b7b7f,KXCANADAPM-45-C,2025-03-22T15:06:14.87541Z,2.00,0.4100,0.5900,yes
a9fe9e76-fdaa-41f1-afe2-26bccb368fbf,KXCANADAPM-45-C,2025-03-22T14:56:58.663663Z,46.00,0.4100,0.5900,yes
4030e4cd-4ede-4425-a581-bf295278d246,KXCANADAPM-45-C,2025-03-22T06:49:47.406244Z,5.00,0.4100,0.5900,yes
a34a9946-6f2a-4bfe-abeb-c775a0c6b1fe,KXCANADAPM-45-C,2025-03-22T05:36:48.609655Z,418.00,0.4100,0.5900,yes
a6947330-f879-4094-a930-c6612b07b69a,KXCANADAPM-45-C,2025-03-22T03:00:57.460959Z,227.00,0.4200,0.5800,yes
e8ed5011-9762-465c-8596-4930872da06f,KXCANADAPM-45-C,2025-03-22T01:19:37.427241Z,440.00,0.4100,0.5900,yes
e6e0c9d7-6a64-494d-ab0a-859204d257fa,KXCANADAPM-45-C,2025-03-21T21:20:12.501353Z,234.00,0.4100,0.5900,yes
a8b5543f-1a10-4e1f-8c98-309314ef9f24,KXCANADAPM-45-C,2025-03-21T21:08:16.231204Z,1.00,0.4100,0.5900,yes
441877e7-749c-4d01-be68-b5038969d991,KXCANADAPM-45-C,2025-03-21T20:22:25.522993Z,155.00,0.4000,0.6000,no
c0026476-492e-4ebe-aaaa-29b8edb7799d,KXCANADAPM-45-C,2025-03-21T20:22:20.32329Z,1324.00,0.4000,0.6000,no
0548d8fe-6506-4176-bb67-494c42a6bfe7,KXCANADAPM-45-C,2025-03-21T20:09:16.383908Z,100.00,0.4000,0.6000,no
a171859e-c5f7-4483-b273-c6d5ea11b7b4,KXCANADAPM-45-C,2025-03-21T20:01:16.713356Z,115.00,0.4100,0.5900,yes
95005c3a-b2ac-4b7f-8074-d07c094a5cd0,KXCANADAPM-45-C,2025-03-21T19:01:26.644558Z,16.00,0.4000,0.6000,no
9cb0da6c-2a46-4ad5-8e7b-7156f69d6b3e,KXCANADAPM-45-C,2025-03-21T18:52:12.455695Z,25.00,0.4100,0.5900,yes
ca72b042-826f-4998-8534-e444f6f30398,KXCANADAPM-45-C,2025-03-21T18:51:50.198058Z,158.00,0.4100,0.5900,yes
708866ce-c6dc-475c-a368-4541ce2807d5,KXCANADAPM-45-C,2025-03-21T18:51:50.198058Z,842.00,0.4100,0.5900,yes
ee5f4f07-5d6d-4ecb-b10b-5dc2f703f2c2,KXCANADAPM-45-C,2025-03-21T18:04:28.032691Z,234.00,0.4100,0.5900,yes
faa187fb-2d7d-492e-9f87-ede11cecdbf6,KXCANADAPM-45-C,2025-03-21T17:59:05.079558Z,2.00,0.4100,0.5900,yes
38b9b8ec-6b14-4661-a466-1505f3c9471c,KXCANADAPM-45-C,2025-03-21T17:46:55.303849Z,234.00,0.4100,0.5900,yes
af7dea16-e603-4f43-9f27-75572b87570a,KXCANADAPM-45-C,2025-03-21T17:21:53.477485Z,17.00,0.4000,0.6000,no
079dcff4-1fff-43cc-98ea-cfcd83df20a6,KXCANADAPM-45-C,2025-03-21T17:21:51.960856Z,2372.00,0.4100,0.5900,yes
e15c206f-2ce9-4964-9760-d4794ee61cb2,KXCANADAPM-45-C,2025-03-21T17:04:37.933319Z,40.00,0.4000,0.6000,yes
cb2fc154-09cb-46f6-aea4-b3e206105954,KXCANADAPM-45-C,2025-03-21T17:04:37.933319Z,209.00,0.4000,0.6000,yes
78b0c469-1ad4-4aa4-aa83-6fdf94cf71b7,KXCANADAPM-45-C,2025-03-21T17:04:37.933319Z,20.00,0.4000,0.6000,yes
24c467d4-cee8-4859-a61a-f7501dd59ba2,KXCANADAPM-45-C,2025-03-21T17:04:37.933319Z,3.00,0.4000,0.6000,yes
038a79ec-5ca0-4ee6-885e-3886e54e4ccc,KXCANADAPM-45-C,2025-03-21T17:04:37.933319Z,12.00,0.4000,0.6000,yes
c9e947f6-c295-4c95-a19e-335bbdc7924d,KXCANADAPM-45-C,2025-03-21T16:34:53.768723Z,47.00,0.4000,0.6000,yes
6adf82a5-70b8-4107-80ef-98fc7c119e85,KXCANADAPM-45-C,2025-03-21T16:01:06.103929Z,3.00,0.3900,0.6100,no
75ed8c88-51f7-4459-847b-4785ec7b5923,KXCANADAPM-45-C,2025-03-21T15:59:59.304797Z,40.00,0.3900,0.6100,no
bde60dac-685e-435c-a735-41c359127d2d,KXCANADAPM-45-C,2025-03-21T15:51:13.27892Z,1995.00,0.4000,0.6000,yes
2f9fe167-e882-4142-93ee-32fb196ec1e2,KXCANADAPM-45-C,2025-03-21T15:51:13.27892Z,2174.00,0.4000,0.6000,yes
0d02f2b6-5d73-45b2-957d-3057981a8d63,KXCANADAPM-45-C,2025-03-21T15:47:31.35429Z,239.00,0.4000,0.6000,yes
e51238c3-5ba4-441d-868c-ba178cc987cf,KXCANADAPM-45-C,2025-03-21T15:46:56.548432Z,298.00,0.3900,0.6100,yes
cdaff31b-f0cb-482b-8924-2215f9ab76a7,KXCANADAPM-45-C,2025-03-21T15:46:56.548432Z,288.00,0.3900,0.6100,yes
157b8773-7ca3-4f40-8836-a96e28b1a94c,KXCANADAPM-45-C,2025-03-21T15:24:52.764702Z,245.00,0.3900,0.6100,yes
7b4cd5d5-c5f8-424e-830c-c2f897434853,KXCANADAPM-45-C,2025-03-21T15:23:46.885769Z,12.00,0.3900,0.6100,yes
b6df85d4-40c4-40da-8824-621c472b7131,KXCANADAPM-45-C,2025-03-21T14:51:23.770565Z,52.00,0.3800,0.6200,no
288cf370-2816-4dc5-b88c-e2eee37cd05f,KXCANADAPM-45-C,2025-03-21T14:38:50.847418Z,24.00,0.3900,0.6100,yes
9fb778e5-d44e-4038-a62b-ff0094303240,KXCANADAPM-45-C,2025-03-21T14:25:33.693704Z,122.00,0.3900,0.6100,yes
c1f198de-b589-4e19-95bf-bc549489bcac,KXCANADAPM-45-C,2025-03-21T14:00:41.497405Z,245.00,0.3900,0.6100,yes
a70ebb1c-962a-4688-ae77-222b42e88c17,KXCANADAPM-45-C,2025-03-21T12:42:45.585975Z,31.00,0.3800,0.6200,no
35c55ca9-1ad5-49bc-b765-be18ecdc1cc1,KXCANADAPM-45-C,2025-03-21T12:36:50.89639Z,24.00,0.3900,0.6100,yes
4144b18e-f18b-41a6-b02c-16c4aaed137c,KXCANADAPM-45-C,2025-03-21T06:42:24.653203Z,40.00,0.3900,0.6100,no
45baf18f-33eb-4375-a123-ffc77994a8c9,KXCANADAPM-45-C,2025-03-21T04:27:28.604877Z,1.00,0.3800,0.6200,no
744ba11e-8354-42c3-96e6-ee7d6ff8e1d7,KXCANADAPM-45-C,2025-03-21T04:11:39.25405Z,5.00,0.4000,0.6000,yes
2363900e-799c-4672-8511-6382082d2e12,KXCANADAPM-45-C,2025-03-21T02:24:59.339026Z,1000.00,0.3900,0.6100,no
4c84bd56-c9d7-4b59-8ba4-7f67968cee56,KXCANADAPM-45-C,2025-03-21T00:52:19.728958Z,143.00,0.4000,0.6000,yes
01cd4237-512c-48dd-884a-de41da7dd3ba,KXCANADAPM-45-C,2025-03-21T00:37:54.750757Z,239.00,0.4000,0.6000,yes
95c3d9c8-b9af-43c1-bf68-045157e24ede,KXCANADAPM-45-C,2025-03-20T23:42:55.316547Z,55.00,0.3900,0.6100,no
c112f805-05bb-4981-9cb9-3fcbd9ddd1f7,KXCANADAPM-45-C,2025-03-20T23:06:24.292873Z,1200.00,0.4000,0.6000,yes
d876e9be-fc3c-4bdc-82ee-621f15a34e7d,KXCANADAPM-45-C,2025-03-20T22:04:04.884376Z,24.00,0.3900,0.6100,no
8bc58849-9331-4ea5-82de-7b2f73e86200,KXCANADAPM-45-C,2025-03-20T22:04:04.884376Z,4.00,0.3900,0.6100,no
bdda22aa-93b8-4012-9ff4-244c56867474,KXCANADAPM-45-C,2025-03-20T19:16:09.859412Z,234.00,0.4100,0.5900,yes
f7b080d7-bd2d-4344-acb4-f64c536a9702,KXCANADAPM-45-C,2025-03-20T17:00:21.610067Z,27.00,0.4100,0.5900,yes
c9b36cfd-f7aa-449e-bb66-cc890ff25124,KXCANADAPM-45-C,2025-03-20T17:00:21.610067Z,202.00,0.4100,0.5900,yes
88b3c27f-9f21-4a4e-8bdc-5422e886a79e,KXCANADAPM-45-C,2025-03-20T16:53:49.056258Z,4.00,0.4000,0.6000,yes
4492ce46-3d01-4248-91fe-5d9ae6cd4524,KXCANADAPM-45-C,2025-03-20T16:53:49.056258Z,394.00,0.4000,0.6000,yes
1d96d3a1-f0a0-4ddf-b056-89f7bc4c1ddd,KXCANADAPM-45-C,2025-03-20T16:53:49.056258Z,24.00,0.4000,0.6000,yes
2e7250ef-1fff-4d93-83fa-0cfe17c0c32b,KXCANADAPM-45-C,2025-03-20T16:30:28.33005Z,4.00,0.4000,0.6000,no
111a0fa9-e005-4ef8-80cd-e473b2023838,KXCANADAPM-45-C,2025-03-20T16:30:28.33005Z,60.00,0.4000,0.6000,no
fb61b1bb-a7a3-463d-84ba-1e4542e4ac0f,KXCANADAPM-45-C,2025-03-20T16:30:28.258982Z,2.00,0.4100,0.5900,no
820771ef-5fda-4300-8df7-13d006e78a1b,KXCANADAPM-45-C,2025-03-20T14:52:37.848746Z,344.00,0.4200,0.5800,yes
d0e766eb-2bd7-417e-9845-e6e42df26694,KXCANADAPM-45-C,2025-03-20T14:51:53.161812Z,366.00,0.4200,0.5800,yes
c5b5cb02-240e-47c4-88ac-03a0011ced28,KXCANADAPM-45-C,2025-03-20T14:49:58.850806Z,21.00,0.4200,0.5800,yes
8ad01317-b77f-4e79-ae49-66928a04dfc9,KXCANADAPM-45-C,2025-03-20T14:49:58.850806Z,411.00,0.4200,0.5800,yes
e75f5993-782d-4112-916a-4365dbcebbec,KXCANADAPM-45-C,2025-03-20T14:31:36.948438Z,4.00,0.4200,0.5800,yes
d241eadd-921c-44cc-8f15-5ed228e4c834,KXCANADAPM-45-C,2025-03-20T14:31:36.948438Z,41.00,0.4200,0.5800,yes
f12c603b-2a8a-4a25-92a0-5386e1a643bc,KXCANADAPM-45-C,2025-03-20T14:07:33.452489Z,4.00,0.4300,0.5700,no
ad8f88f3-243d-4252-9cff-5a9daa76bb8b,KXCANADAPM-45-C,2025-03-20T14:07:33.452489Z,900.00,0.4300,0.5700,no
314faeb3-083a-40e5-a17e-f354670fc26e,KXCANADAPM-45-C,2025-03-20T14:07:33.452489Z,8.00,0.4300,0.5700,no
b119b82b-f0df-450c-aea4-8f53d6ddd5bf,KXCANADAPM-45-C,2025-03-20T12:54:35.582302Z,2.00,0.4400,0.5600,no
6ec81049-b2d7-43f4-9f3a-281f22150a1d,KXCANADAPM-45-C,2025-03-20T12:54:35.582302Z,15.00,0.4400,0.5600,no
8aefc1eb-1831-4c8b-a514-c0965388d53e,KXCANADAPM-45-C,2025-03-20T12:49:35.921371Z,42.00,0.4500,0.5500,yes
9990f9f1-6f66-406d-80c4-39e1de457a96,KXCANADAPM-45-C,2025-03-20T12:42:45.087096Z,2.00,0.4400,0.5600,yes
556c0ffb-5271-4690-a576-1b7d65873e26,KXCANADAPM-45-C,2025-03-20T12:42:45.087096Z,164.00,0.4500,0.5500,yes
4a707d6c-aab2-4ebd-9749-349ef27a8cd6,KXCANADAPM-45-C,2025-03-20T12:42:45.087096Z,48.00,0.4400,0.5600,yes
2242f3e9-7f6d-4eb3-90bd-f61b806af9da,KXCANADAPM-45-C,2025-03-20T06:05:10.953552Z,100.00,0.4300,0.5700,no
1316828e-628f-4431-8e39-c778f8b993db,KXCANADAPM-45-C,2025-03-20T05:56:06.357419Z,4.00,0.4500,0.5500,yes
e2cf2511-8f1a-431e-a6a1-363dab542ee7,KXCANADAPM-45-C,2025-03-20T02:36:30.836315Z,4.00,0.4400,0.5600,yes
4ff4b9b3-ab54-4257-9ed8-78aec3454805,KXCANADAPM-45-C,2025-03-20T02:36:30.836315Z,366.00,0.4400,0.5600,yes
2a1d9e16-1e3e-4f39-8af3-cab4d297e029,KXCANADAPM-45-C,2025-03-20T02:36:30.836315Z,705.00,0.4500,0.5500,yes
02d41375-f0a6-4a7e-b5b8-c05ca0398ed4,KXCANADAPM-45-C,2025-03-20T02:36:30.836315Z,2.00,0.4400,0.5600,yes
3391cc70-ac50-4a91-b3ce-29f34c8b8d67,KXCANADAPM-45-C,2025-03-20T02:20:33.660952Z,7.00,0.4400,0.5600,yes
5b3b3067-e272-4b4c-870d-459771e54e4d,KXCANADAPM-45-C,2025-03-20T02:20:30.761047Z,326.00,0.4400,0.5600,yes
8eaefaf7-4a43-497e-a304-e5b09fed2f6d,KXCANADAPM-45-C,2025-03-20T02:20:17.969273Z,301.00,0.4400,0.5600,yes
1c33a7c4-6f96-49a6-a597-30c8418f3bfc,KXCANADAPM-45-C,2025-03-20T02:20:17.969273Z,25.00,0.4400,0.5600,yes
9f948e43-83ac-4811-9d37-19928c4e9b94,KXCANADAPM-45-C,2025-03-20T01:26:52.768199Z,1.00,0.4400,0.5600,no
6aab9ec2-f4d7-4973-87a9-58532d4ba462,KXCANADAPM-45-C,2025-03-20T01:26:52.768199Z,665.00,0.4400,0.5600,no
860d2f2a-e2c0-45f2-a829-603e946afc7d,KXCANADAPM-45-C,2025-03-20T00:19:26.424171Z,100.00,0.4500,0.5500,yes
9f26d6c5-f776-4ee3-83da-a44ac4cf2b30,KXCANADAPM-45-C,2025-03-19T21:20:23.803289Z,20.00,0.4400,0.5600,no
3c67af64-1bca-4514-94f1-489f1425d987,KXCANADAPM-45-C,2025-03-19T20:24:51.828974Z,200.00,0.4400,0.5600,no
8dbd1b21-7b86-48d8-bc62-3724e3bfdc5f,KXCANADAPM-45-C,2025-03-19T19:44:11.301685Z,49.00,0.4600,0.5400,yes
a1ce2bff-72b3-4748-973a-384248c405fd,KXCANADAPM-45-C,2025-03-19T19:04:00.802648Z,100.00,0.4500,0.5500,no
f868f8e1-8f30-46bb-ab52-7f865bcea94f,KXCANADAPM-45-C,2025-03-19T18:10:41.040504Z,209.00,0.4600,0.5400,yes
68e21f8c-268a-4327-8db6-efca638e2178,KXCANADAPM-45-C,2025-03-19T15:51:09.123862Z,25.00,0.4600,0.5400,no
6f37e9d8-cb0e-4042-84c6-f6196f4b54ec,KXCANADAPM-45-C,2025-03-19T13:30:47.692835Z,50.00,0.4700,0.5300,yes
7945b520-5470-4d9e-a6b4-bb422b249160,KXCANADAPM-45-C,2025-03-19T13:25:40.621329Z,2.00,0.4700,0.5300,yes
6aef3337-2298-4637-8758-2c7663008f30,KXCANADAPM-45-C,2025-03-19T12:37:33.969015Z,10.00,0.4800,0.5200,yes
7355fde0-6a61-408a-a24f-8af7f71598b0,KXCANADAPM-45-C,2025-03-19T03:08:09.228082Z,20.00,0.4900,0.5100,yes
98ac2102-7156-4b02-8d27-4c37b2fe6801,KXCANADAPM-45-C,2025-03-19T03:01:11.81937Z,161.00,0.4900,0.5100,yes
5837a81f-cfaa-486b-a6ec-b277a8754e6e,KXCANADAPM-45-C,2025-03-19T03:01:11.81937Z,36.00,0.4800,0.5200,yes
d6b4c211-26d9-4ef2-82eb-d69c73d644be,KXCANADAPM-45-C,2025-03-19T02:54:30.501095Z,9.00,0.4800,0.5200,no
7ffe7cf6-a689-4b78-b439-3e504150d2a5,KXCANADAPM-45-C,2025-03-19T02:48:15.963475Z,9.00,0.4800,0.5200,no
872149f6-13f1-499b-b5ba-d36d81be7b3c,KXCANADAPM-45-C,2025-03-19T02:41:11.495706Z,75.00,0.4800,0.5200,no
84446722-5c48-43d7-8e8d-ca6382887b2a,KXCANADAPM-45-C,2025-03-19T00:24:00.830658Z,79.00,0.4800,0.5200,no
e3e52622-c048-4963-834c-d85758e2ca2d,KXCANADAPM-45-C,2025-03-19T00:23:50.263614Z,1.00,0.4800,0.5200,yes
d69079ec-e405-4c05-b082-ea419a325455,KXCANADAPM-45-C,2025-03-19T00:23:50.263614Z,25.00,0.4800,0.5200,yes
6509df47-fea2-4c19-bf06-8641ec5cf4bd,KXCANADAPM-45-C,2025-03-19T00:23:50.263614Z,456.00,0.4800,0.5200,yes
4d16fef1-3927-4863-9177-b05ab46b56db,KXCANADAPM-45-C,2025-03-19T00:23:50.263614Z,331.00,0.4800,0.5200,yes
f21ea08d-e009-4cf6-83dc-34eb22e63d36,KXCANADAPM-45-C,2025-03-19T00:23:43.334461Z,30.00,0.4700,0.5300,no
2235e0f2-8f38-46d6-95ee-2f8529cb7989,KXCANADAPM-45-C,2025-03-19T00:23:43.334461Z,20.00,0.4700,0.5300,no
5a2a8ea3-76cb-4623-8c49-9da060d2c0d0,KXCANADAPM-45-C,2025-03-18T22:06:44.062046Z,35.00,0.4800,0.5200,yes
36593f7b-ccca-4343-8380-220c5c57a569,KXCANADAPM-45-C,2025-03-18T20:52:50.598707Z,4.00,0.4700,0.5300,no
914e4fdd-764a-4f33-934d-d3b42ea9113c,KXCANADAPM-45-C,2025-03-18T19:01:24.910035Z,25.00,0.4800,0.5200,no
446a0e62-e7d3-46b5-b70e-0be81ca6abac,KXCANADAPM-45-C,2025-03-18T18:34:57.78218Z,24.00,0.4800,0.5200,no
7becd573-a7c2-44a3-a715-aeea153f1d6e,KXCANADAPM-45-C,2025-03-18T17:34:29.716465Z,15.00,0.5000,0.5000,yes
d8d78cf3-ca1c-449c-9b3e-a8118a0539a5,KXCANADAPM-45-C,2025-03-18T17:30:13.786032Z,489.00,0.4900,0.5100,no
22e9466a-83b5-4fe4-a6a5-8ff1b9b5ad52,KXCANADAPM-45-C,2025-03-18T17:30:13.786032Z,600.00,0.4900,0.5100,no
d798591b-fbdb-457d-bb87-e0d0f920c19c,KXCANADAPM-45-C,2025-03-18T16:43:09.102841Z,10.00,0.4900,0.5100,no
ff9e0a59-61aa-4119-9a58-717b49f5f7d9,KXCANADAPM-45-C,2025-03-18T16:09:13.734207Z,594.00,0.5000,0.5000,no
dceefd5a-3ed2-469a-8190-efd3835d5675,KXCANADAPM-45-C,2025-03-18T16:09:13.734207Z,1250.00,0.5000,0.5000,no
756635fb-a30c-49a1-993d-d53440c7faec,KXCANADAPM-45-C,2025-03-18T16:09:13.734207Z,1000.00,0.5000,0.5000,no
45d44723-30c2-4696-b279-4c1931a3e6b8,KXCANADAPM-45-C,2025-03-18T13:59:49.663109Z,11.00,0.5000,0.5000,no
0309433a-371b-483c-ab3c-bca43ef6b187,KXCANADAPM-45-C,2025-03-18T06:45:20.121001Z,18.00,0.5200,0.4800,yes
fc76d528-e8c2-4424-bf98-5a1674d35d75,KXCANADAPM-45-C,2025-03-18T03:21:16.517405Z,1.00,0.5100,0.4900,no
e9d3f4bb-724d-4766-920e-c15c0c72e53c,KXCANADAPM-45-C,2025-03-18T03:21:16.517405Z,2000.00,0.5100,0.4900,no
78a36975-f237-478b-834f-3666b4864180,KXCANADAPM-45-C,2025-03-18T03:21:16.517405Z,172.00,0.5100,0.4900,no
6a59e24a-2450-46a1-b031-70c9bfd543eb,KXCANADAPM-45-C,2025-03-18T03:21:16.517405Z,1254.00,0.5100,0.4900,no
66335900-c0ce-4f96-852a-541cb01458ee,KXCANADAPM-45-C,2025-03-18T03:21:16.517405Z,2.00,0.5100,0.4900,no
4b777e2d-03a1-4a97-bd84-1c1fd3873507,KXCANADAPM-45-C,2025-03-18T03:21:16.517405Z,100.00,0.5200,0.4800,no
4b06253f-6f25-4b0e-bd0c-abdc1c87ed5d,KXCANADAPM-45-C,2025-03-18T03:21:16.517405Z,5.00,0.5100,0.4900,no
2d99ac01-4378-40cd-86fc-4e6837e9a096,KXCANADAPM-45-C,2025-03-18T03:21:16.517405Z,4.00,0.5200,0.4800,no
1b1d18b6-95d0-46ea-be0d-d3e46df1b350,KXCANADAPM-45-C,2025-03-18T03:21:16.517405Z,100.00,0.5200,0.4800,no
6a8f08f0-e351-4ec6-b2cc-87716f608e53,KXCANADAPM-45-C,2025-03-18T02:15:06.280171Z,20.00,0.5200,0.4800,no
77e879aa-2c12-4f0e-a7da-1b7b73e464c3,KXCANADAPM-45-C,2025-03-18T02:11:31.13594Z,91.00,0.5300,0.4700,yes
fdfae090-494e-46bd-b92d-df514624f80c,KXCANADAPM-45-C,2025-03-18T02:09:17.462329Z,12.00,0.5300,0.4700,yes
2bdf6b79-24f2-4c0b-8ded-b29ec2438bdf,KXCANADAPM-45-C,2025-03-18T02:08:37.891147Z,150.00,0.5300,0.4700,yes
69f7de24-1d34-4214-b65c-787ebc7ce93e,KXCANADAPM-45-C,2025-03-18T01:07:43.005973Z,14.00,0.5300,0.4700,yes
1fddbfdd-b28d-4dc0-9690-61368e0431ab,KXCANADAPM-45-C,2025-03-18T00:22:39.625014Z,10.00,0.5300,0.4700,yes
b4e3e304-1645-4f62-a091-c109e3a33ebb,KXCANADAPM-45-C,2025-03-18T00:16:10.547506Z,20.00,0.5300,0.4700,yes
7653034d-fa58-455d-8aec-2743afc7437a,KXCANADAPM-45-C,2025-03-17T23:36:45.354092Z,45.00,0.5300,0.4700,yes
315f8881-91f6-4e8b-a573-6b766b2915ac,KXCANADAPM-45-C,2025-03-17T21:51:40.327503Z,309.00,0.5200,0.4800,no
041ee5d6-a1de-4766-a387-953269bd5cb7,KXCANADAPM-45-C,2025-03-17T21:51:40.327503Z,691.00,0.5200,0.4800,no
9cfded01-9ca5-4a74-b817-9cd6776c75b2,KXCANADAPM-45-C,2025-03-17T20:51:58.101468Z,274.00,0.5300,0.4700,yes
11c24c7f-5704-46a6-b26b-98a59836838c,KXCANADAPM-45-C,2025-03-17T19:53:24.318923Z,45.00,0.5300,0.4700,yes
6fda5047-aa04-4427-b26a-7ea3f03ae77c,KXCANADAPM-45-C,2025-03-17T19:44:49.210988Z,17.00,0.5200,0.4800,no
c95c9206-c75e-4cff-840c-9453a70cd0eb,KXCANADAPM-45-C,2025-03-17T18:52:42.463387Z,20.00,0.5300,0.4700,yes
4b69b65f-6b22-4558-8b9a-1fc69b7871e4,KXCANADAPM-45-C,2025-03-17T18:48:43.105847Z,36.00,0.5300,0.4700,yes
be1df0c2-a2a7-416a-a6e2-7fe37ef1567b,KXCANADAPM-45-C,2025-03-17T18:27:38.067302Z,18.00,0.5300,0.4700,yes
09f7b1e9-98b4-4c2c-9595-91f458e7fd66,KXCANADAPM-45-C,2025-03-17T16:00:00.081994Z,1.00,0.5300,0.4700,yes
1e68f92e-a98b-453c-b2bb-4e21e368325e,KXCANADAPM-45-C,2025-03-17T15:59:33.229687Z,3.00,0.5300,0.4700,yes
e1ad77ea-548e-4551-991d-4d502bffb250,KXCANADAPM-45-C,2025-03-17T13:38:42.332124Z,1078.00,0.5200,0.4800,yes
3ba4b6db-234a-4349-9343-565530bfbbc0,KXCANADAPM-45-C,2025-03-17T13:38:42.332124Z,2.00,0.5200,0.4800,yes
c24e7860-e051-4e4f-ac18-b791be575b0c,KXCANADAPM-45-C,2025-03-17T12:09:35.705507Z,55.00,0.5200,0.4800,yes
9081cb92-2380-4108-8e26-bf9e9ce6e883,KXCANADAPM-45-C,2025-03-17T12:06:48.808239Z,29.00,0.5200,0.4800,yes
209a6ea4-388e-40de-a269-d0bc36817809,KXCANADAPM-45-C,2025-03-17T12:06:48.808239Z,75.00,0.5200,0.4800,yes
04c7c6af-47ed-4cb2-a752-ee6fa0ee91a5,KXCANADAPM-45-C,2025-03-17T12:06:17.073074Z,69.00,0.5100,0.4900,no
357e6c23-a2c2-457e-b72a-8872521fb804,KXCANADAPM-45-C,2025-03-17T05:04:05.245157Z,100.00,0.5200,0.4800,yes
58bbdd6d-6134-4699-aabc-4e8e5e39c81a,KXCANADAPM-45-C,2025-03-17T04:11:08.259808Z,1.00,0.5200,0.4800,yes
bb9fdd3c-6071-41d2-b930-e91ccba85e81,KXCANADAPM-45-C,2025-03-17T01:05:57.090661Z,25.00,0.5100,0.4900,no
a865057a-f475-47f9-9821-60ae5783f5bc,KXCANADAPM-45-C,2025-03-17T00:39:38.823679Z,3.00,0.5200,0.4800,yes
c3f65fe7-94b2-4c02-ae5f-0157e46a3ef0,KXCANADAPM-45-C,2025-03-17T00:11:32.794173Z,46.00,0.5200,0.4800,yes
4abc5d50-eac1-42bc-b1c1-0b504055d5ad,KXCANADAPM-45-C,2025-03-16T23:14:05.061901Z,111.00,0.5200,0.4800,yes
baaca1ed-76f6-4e15-a04e-3ae25f62011a,KXCANADAPM-45-C,2025-03-16T23:13:48.435697Z,185.00,0.5200,0.4800,yes
c0e4d97f-af81-45b9-b5f1-5c0f50ed58ac,KXCANADAPM-45-C,2025-03-16T22:27:20.138156Z,50.00,0.5200,0.4800,yes
76d62884-44a0-419e-bc6e-2997c582bcfc,KXCANADAPM-45-C,2025-03-16T21:45:23.525784Z,197.00,0.5100,0.4900,no
7c2ee50e-a0ef-44e6-83dc-f61fe6e4c0dc,KXCANADAPM-45-C,2025-03-16T20:44:38.963805Z,200.00,0.5200,0.4800,yes
0e172d27-a242-48b1-9f78-0ced0c43d13f,KXCANADAPM-45-C,2025-03-16T16:36:27.000741Z,39.00,0.5100,0.4900,no
8ea373b6-4894-4170-9114-1a6ba73f51e4,KXCANADAPM-45-C,2025-03-16T15:39:18.277108Z,500.00,0.5200,0.4800,yes
40cf6fda-b140-4c64-8023-1061f3f3c87d,KXCANADAPM-45-C,2025-03-16T15:39:18.277108Z,727.00,0.5200,0.4800,yes
c615b614-d748-4b52-b5fe-91d180e3182d,KXCANADAPM-45-C,2025-03-16T13:40:57.791303Z,46.00,0.5200,0.4800,yes
5a66dc89-f661-4fa3-9dc7-4539d72b0aca,KXCANADAPM-45-C,2025-03-16T06:36:28.970748Z,20.00,0.5200,0.4800,yes
2380c71c-4281-491b-bf65-58f972511cca,KXCANADAPM-45-C,2025-03-16T06:11:01.208192Z,2.00,0.5200,0.4800,yes
1c32a818-96c8-480e-8ace-46b0e63d3e76,KXCANADAPM-45-C,2025-03-16T06:11:01.208192Z,24.00,0.5200,0.4800,yes
9c1f8081-9501-4acb-839b-b6a68884e104,KXCANADAPM-45-C,2025-03-16T04:42:32.930299Z,1.00,0.5200,0.4800,yes
94bb4d87-42e3-4da9-99f2-e7af4d8ec816,KXCANADAPM-45-C,2025-03-16T04:04:51.967311Z,195.00,0.5200,0.4800,yes
7cb9e04e-743e-4bb2-abb2-6cf64a964432,KXCANADAPM-45-C,2025-03-16T04:04:51.967311Z,1921.00,0.5200,0.4800,yes
7444862c-8cf9-45e0-b207-03fec893712f,KXCANADAPM-45-C,2025-03-16T04:04:51.967311Z,895.00,0.5200,0.4800,yes
6ca336ed-0a44-40f9-b067-75653af916ff,KXCANADAPM-45-C,2025-03-16T04:04:51.967311Z,4.00,0.5200,0.4800,yes
7753d47e-cdb2-46cb-873e-ebde4f4ffb4c,KXCANADAPM-45-C,2025-03-16T02:37:32.102997Z,500.00,0.5100,0.4900,yes
5309266f-f6f2-43fd-b7cc-e6d64b322768,KXCANADAPM-45-C,2025-03-16T01:33:48.23324Z,52.00,0.5100,0.4900,yes
478480e0-897b-47ad-b7f7-6714947d2c3c,KXCANADAPM-45-C,2025-03-16T01:29:51.18157Z,37.00,0.5100,0.4900,yes
e0e71b7f-a16d-40ee-a860-4fb612fcd8e8,KXCANADAPM-45-C,2025-03-16T00:29:39.290725Z,24.00,0.5100,0.4900,yes
6dd9609b-4cf3-4dd4-ab69-b016800faee4,KXCANADAPM-45-C,2025-03-16T00:29:39.290725Z,4.00,0.5000,0.5000,yes
8cf51d11-1dfc-483b-bdcb-9bcb0e11adbe,KXCANADAPM-45-C,2025-03-15T18:13:19.012616Z,96.00,0.5000,0.5000,yes
601047fe-b906-4381-845a-07a686df3dfc,KXCANADAPM-45-C,2025-03-15T17:13:26.494413Z,37.00,0.5100,0.4900,yes
db85aaee-8d63-4865-a633-cb0c55188e24,KXCANADAPM-45-C,2025-03-15T05:58:00.192823Z,26.00,0.5100,0.4900,yes
11d55d21-f20c-4b43-82e3-7ae4ac9923b5,KXCANADAPM-45-C,2025-03-15T05:58:00.192823Z,11.00,0.5200,0.4800,yes
ebf59cdb-06e8-4f3b-9180-4bd46ba575c4,KXCANADAPM-45-C,2025-03-15T05:08:41.955022Z,3068.00,0.5200,0.4800,yes
b7bc1111-23c7-45a6-b4f0-22d0d555cbab,KXCANADAPM-45-C,2025-03-15T05:08:41.955022Z,2000.00,0.5100,0.4900,yes
7a7e9cf0-33d1-4457-8efe-cc128c0d00b5,KXCANADAPM-45-C,2025-03-15T05:08:41.955022Z,500.00,0.5100,0.4900,yes
68d78bfc-73c1-476a-86c4-e7e1492a4b50,KXCANADAPM-45-C,2025-03-15T05:08:41.955022Z,61.00,0.5100,0.4900,yes
f5de55b7-3386-4abf-9954-d106fff49a26,KXCANADAPM-45-C,2025-03-15T03:32:58.541891Z,84.00,0.5100,0.4900,yes
9ab5cf64-f735-4560-b8c7-9caf4a848834,KXCANADAPM-45-C,2025-03-15T03:14:49.643307Z,6.00,0.5000,0.5000,no
811ae136-cba5-49f6-afb0-16ab4440a828,KXCANADAPM-45-C,2025-03-15T02:06:20.499465Z,4.00,0.5000,0.5000,no
4ee348de-a363-4ceb-9a23-cf280f7b36b1,KXCANADAPM-45-C,2025-03-15T02:06:20.499465Z,5.00,0.5000,0.5000,no
15c39467-3c5f-48d1-aea9-3cfe4357098c,KXCANADAPM-45-C,2025-03-15T01:33:52.502713Z,10.00,0.5100,0.4900,yes
5da7e4fc-0377-4a42-b42e-47f7862296b9,KXCANADAPM-45-C,2025-03-15T01:31:43.788253Z,15.00,0.5100,0.4900,yes
f756acae-036c-400b-bd7b-bc24a6cc0afc,KXCANADAPM-45-C,2025-03-14T22:27:17.362946Z,68.00,0.5100,0.4900,yes
9db4fee4-5f58-44d8-9586-a28ace5acad6,KXCANADAPM-45-C,2025-03-14T22:27:17.362946Z,26.00,0.5100,0.4900,yes
44e7c90f-d8a3-4b0a-a6b5-830eb0aa58b8,KXCANADAPM-45-C,2025-03-14T17:51:07.848004Z,7.00,0.5100,0.4900,yes
15ad12ca-c463-4c6b-aaca-d41c0096b33c,KXCANADAPM-45-C,2025-03-14T17:51:07.848004Z,2.00,0.5300,0.4700,yes
f30cffd8-21a1-4b35-aea1-c035230bdfd1,KXCANADAPM-45-C,2025-03-14T16:03:31.957996Z,105.00,0.5400,0.4600,no
873dd1ed-ec91-45b6-ae1e-ba2bc2fe406a,KXCANADAPM-45-C,2025-03-14T15:11:14.33497Z,10.00,0.5500,0.4500,yes
a4706576-a76b-485e-8e76-b7c8a8ed800e,KXCANADAPM-45-C,2025-03-14T14:05:51.874586Z,104.00,0.5400,0.4600,no
26164134-93f6-4c14-aabb-658278811846,KXCANADAPM-45-C,2025-03-13T21:57:56.369277Z,100.00,0.5500,0.4500,yes
bd7b8d35-68a7-4097-9ff0-e5412863f2dc,KXCANADAPM-45-C,2025-03-13T21:13:00.243465Z,176.00,0.5500,0.4500,yes
18838cbd-3bdd-4b9d-aeae-8016e939ec90,KXCANADAPM-45-C,2025-03-13T17:45:50.549952Z,1.00,0.5300,0.4700,no
ac614af0-a84d-425c-a47e-1d4fec9af27c,KXCANADAPM-45-C,2025-03-13T17:45:29.839926Z,1.00,0.5500,0.4500,yes
05d073d4-a856-4d88-9516-4992ea571eff,KXCANADAPM-45-C,2025-03-13T14:41:04.886082Z,139.00,0.5500,0.4500,yes
da6c84a3-9eab-4314-9fe8-94ec777fa32e,KXCANADAPM-45-C,2025-03-13T13:56:49.747048Z,5.00,0.5500,0.4500,yes
e21cacc1-0074-41e1-a652-b21818f07c5b,KXCANADAPM-45-C,2025-03-13T12:02:46.333868Z,168.00,0.5500,0.4500,no
b2eda33c-d757-4479-8e98-2bbbbd8cdf2f,KXCANADAPM-45-C,2025-03-13T12:02:46.333868Z,8.00,0.5500,0.4500,no
7cf9154a-12d8-426e-9bff-7a2c53543c00,KXCANADAPM-45-C,2025-03-13T12:02:46.333868Z,150.00,0.5500,0.4500,no
22e5bce5-63b0-43e5-99a9-3d6c6c07e45e,KXCANADAPM-45-C,2025-03-13T12:02:46.333868Z,5.00,0.5500,0.4500,no
74b07e70-3eeb-41b5-8b64-84f654022f0d,KXCANADAPM-45-C,2025-03-13T05:45:55.443113Z,250.00,0.5700,0.4300,yes
39fdcc45-5c3e-4aac-b17c-2e951ebddf0f,KXCANADAPM-45-C,2025-03-13T05:01:30.178125Z,607.00,0.5600,0.4400,yes
c7f3429e-1467-4d24-b28b-c841f031c52e,KXCANADAPM-45-C,2025-03-13T04:30:04.659199Z,58.00,0.5600,0.4400,yes
caf398a5-868f-4bd6-a588-cd26deccb27a,KXCANADAPM-45-C,2025-03-13T04:07:17.65055Z,5.00,0.5600,0.4400,yes
9b70d78f-8d9a-4e3b-9f00-54795aee66e8,KXCANADAPM-45-C,2025-03-13T04:07:17.65055Z,47.00,0.5600,0.4400,yes
17c417d8-f5ea-44dc-9afe-5d34484d0b64,KXCANADAPM-45-C,2025-03-13T04:07:17.65055Z,54.00,0.5600,0.4400,yes
de4ce850-7a61-4012-89fb-5cf3737aa2bc,KXCANADAPM-45-C,2025-03-13T01:43:49.889553Z,106.00,0.5500,0.4500,no
8be52d68-0341-4223-afa8-eeaad4894f9c,KXCANADAPM-45-C,2025-03-13T00:58:58.338225Z,86.00,0.5500,0.4500,no
6414ff4f-056f-4453-9a65-c0921621c634,KXCANADAPM-45-C,2025-03-13T00:58:58.338225Z,104.00,0.5500,0.4500,no
becf14a6-ea76-4f4a-bfd8-94cdac9322fc,KXCANADAPM-45-C,2025-03-13T00:53:34.19204Z,190.00,0.5600,0.4400,yes
f12aee09-70c3-4e22-8992-66a73745e129,KXCANADAPM-45-C,2025-03-13T00:23:33.537148Z,17.00,0.5600,0.4400,yes
db1f1b31-e2b8-4f5c-bbf3-15dc97a00604,KXCANADAPM-45-C,2025-03-13T00:23:33.537148Z,52.00,0.5600,0.4400,yes
cd6a8a94-2020-4269-879d-5c527f52e365,KXCANADAPM-45-C,2025-03-13T00:03:28.209645Z,148.00,0.5500,0.4500,no
4c96481f-992d-4cc6-903c-2f7083f9ccb1,KXCANADAPM-45-C,2025-03-12T21:27:52.821323Z,3.00,0.5600,0.4400,yes
c4e172c2-bf50-49dc-82c7-08a7bb48f973,KXCANADAPM-45-C,2025-03-12T20:59:06.496835Z,19.00,0.5500,0.4500,no
a97d1eae-c76f-4c5b-9d03-1f7df81e80eb,KXCANADAPM-45-C,2025-03-12T20:59:06.496835Z,263.00,0.5400,0.4600,no
2c9b5379-a5e8-45a9-92ac-08144ff1dcd9,KXCANADAPM-45-C,2025-03-12T20:59:06.496835Z,100.00,0.5500,0.4500,no
40ebca51-eb81-42bc-9143-ddf345abc7c3,KXCANADAPM-45-C,2025-03-12T18:07:16.680125Z,173.00,0.5600,0.4400,yes
22eace79-8966-411f-bf7a-8d2b6b1b05ae,KXCANADAPM-45-C,2025-03-12T16:09:39.966063Z,22.00,0.5600,0.4400,yes
1bd80334-cdc7-4d9f-96e5-09cbee7b8cba,KXCANADAPM-45-C,2025-03-12T15:54:44.918485Z,277.00,0.5400,0.4600,no
03a152a6-07df-440d-a061-65db2f17c661,KXCANADAPM-45-C,2025-03-12T15:54:44.918485Z,40.00,0.5400,0.4600,no
3eed2072-daab-4d03-af97-d89dfa57cf90,KXCANADAPM-45-C,2025-03-12T15:42:19.990323Z,902.00,0.5500,0.4500,yes
dd2654cd-c5a4-4e1b-8740-15f2a4e6523d,KXCANADAPM-45-C,2025-03-12T14:45:07.761462Z,1.00,0.5500,0.4500,no
6ef270ea-8fc9-4dfe-b500-007347fcdfe1,KXCANADAPM-45-C,2025-03-12T13:12:29.25471Z,980.00,0.5500,0.4500,no
461f26d3-7001-4d96-995f-cdf70f5e486f,KXCANADAPM-45-C,2025-03-12T13:12:29.25471Z,5.00,0.5500,0.4500,no
dfa13eaa-3773-457c-a4bb-1b37999a3c56,KXCANADAPM-45-C,2025-03-12T13:12:07.424565Z,1.00,0.5600,0.4400,no
c3b9c4fb-7a51-4163-8541-a3c9536e6618,KXCANADAPM-45-C,2025-03-12T13:12:07.424565Z,946.00,0.5600,0.4400,no
b99f01d4-a441-4b85-9cf2-5363795144ac,KXCANADAPM-45-C,2025-03-12T12:13:09.075917Z,4.00,0.5900,0.4100,no
6650641d-10cf-4e27-9cc7-8b92f9be9c38,KXCANADAPM-45-C,2025-03-12T12:13:09.075917Z,345.00,0.5900,0.4100,no
2f5fb49c-8f8d-462b-bab7-ae1b78013743,KXCANADAPM-45-C,2025-03-12T12:12:00.835514Z,200.00,0.6000,0.4000,yes
a7585337-824e-41d2-bde5-5425e18f5041,KXCANADAPM-45-C,2025-03-12T12:11:15.905291Z,20.00,0.6100,0.3900,yes
7a26d7fc-a5a8-4de7-a531-6ee582261901,KXCANADAPM-45-C,2025-03-12T12:08:02.567301Z,55.00,0.5900,0.4100,yes
250fea16-9e25-4ea6-8ff2-896d6a69c435,KXCANADAPM-45-C,2025-03-12T02:58:14.168847Z,1.00,0.5900,0.4100,yes
9e9475ae-4565-490b-b368-5deec113a672,KXCANADAPM-45-C,2025-03-12T02:30:42.41327Z,5.00,0.5900,0.4100,no
e9505ba5-9ec8-4c1e-bc43-9fd7d6809c06,KXCANADAPM-45-C,2025-03-12T02:03:25.882162Z,3.00,0.6100,0.3900,no
df06b5c7-aa21-442f-8d0d-94573e91623d,KXCANADAPM-45-C,2025-03-12T02:03:25.882162Z,1.00,0.6100,0.3900,no
d807ab78-6ad9-4da2-9911-800107a677f6,KXCANADAPM-45-C,2025-03-12T02:03:25.882162Z,1.00,0.6100,0.3900,no
c1c23f5f-1d2e-4329-bfd8-bd651e583f3f,KXCANADAPM-45-C,2025-03-12T02:03:25.882162Z,59.00,0.6000,0.4000,no
a336047a-a28c-4091-a345-305c0da2b01e,KXCANADAPM-45-C,2025-03-12T02:03:25.882162Z,2.00,0.6000,0.4000,no
62acd104-d6b1-4c25-bfbe-a33f8eebfac0,KXCANADAPM-45-C,2025-03-12T02:03:25.882162Z,1000.00,0.5800,0.4200,no
5c0ec100-a1b8-4aef-bae0-34bbe679b2b7,KXCANADAPM-45-C,2025-03-12T02:03:25.882162Z,250.00,0.6000,0.4000,no
3725bb03-0107-4e41-93d8-a3cac1c3082a,KXCANADAPM-45-C,2025-03-12T02:03:25.882162Z,37.00,0.5800,0.4200,no
18c0b25a-2770-4d3b-a565-c9d321d1d7d1,KXCANADAPM-45-C,2025-03-12T02:03:25.882162Z,26.00,0.6000,0.4000,no
1766f140-aa91-40d8-a173-cae5f499d90b,KXCANADAPM-45-C,2025-03-12T02:03:25.882162Z,2000.00,0.5800,0.4200,no
0782dd34-2aac-4c15-821a-08533b82dfc6,KXCANADAPM-45-C,2025-03-12T02:03:25.882162Z,1.00,0.6100,0.3900,no
b83da2f0-9125-4dac-9010-03e805224b24,KXCANADAPM-45-C,2025-03-11T21:55:31.407585Z,75.00,0.6200,0.3800,no
7e1f618d-ad7c-448e-95c7-2dc61e14bf76,KXCANADAPM-45-C,2025-03-11T21:55:31.407585Z,2.00,0.6200,0.3800,no
a670968e-3d99-4790-83fa-7fe317f83368,KXCANADAPM-45-C,2025-03-11T19:54:16.724103Z,2.00,0.6200,0.3800,no
0f871490-3232-45f5-917a-163cf8105204,KXCANADAPM-45-C,2025-03-11T19:54:16.724103Z,98.00,0.6200,0.3800,no
65c46f33-d605-451b-bb40-b2725ea6b12b,KXCANADAPM-45-C,2025-03-11T18:53:28.672662Z,25.00,0.6200,0.3800,no
82f47f20-95e9-451c-a555-0123286ffede,KXCANADAPM-45-C,2025-03-11T18:01:55.726486Z,1.00,0.6300,0.3700,yes
62027510-dbf6-468c-a4d3-0ebdb107090f,KXCANADAPM-45-C,2025-03-11T17:15:06.991576Z,1.00,0.6200,0.3800,no
e535b6e1-3d08-4346-ae56-066e0733ab44,KXCANADAPM-45-C,2025-03-11T17:06:07.434959Z,1.00,0.6300,0.3700,yes
68a7cf34-69cc-4227-8d44-784c04b11614,KXCANADAPM-45-C,2025-03-11T15:47:54.036682Z,24.00,0.6200,0.3800,no
0504ce20-7685-4cc3-a455-2c49a74e7d1d,KXCANADAPM-45-C,2025-03-11T15:47:54.036682Z,606.00,0.6200,0.3800,no
c34d5f4b-2f25-4b62-aa92-9fd31d0a31ca,KXCANADAPM-45-C,2025-03-10T22:38:56.235217Z,1.00,0.6300,0.3700,yes
c0391511-f7fe-4f01-880e-020b8afefe8f,KXCANADAPM-45-C,2025-03-10T22:38:56.235217Z,1.00,0.6300,0.3700,yes
5dd199b5-427b-4490-bbf7-9837126cc080,KXCANADAPM-45-C,2025-03-10T22:38:56.235217Z,5.00,0.6300,0.3700,yes
5b9c9ee7-d7a7-485f-a767-ee22e482ee3b,KXCANADAPM-45-C,2025-03-10T22:38:56.235217Z,1.00,0.6300,0.3700,yes
1b490296-5d79-4b9d-b62e-4b4c6f28248d,KXCANADAPM-45-C,2025-03-10T22:38:56.235217Z,3.00,0.6300,0.3700,yes
17be57eb-ddfb-4f92-917e-ec678fd92d0b,KXCANADAPM-45-C,2025-03-10T22:38:56.235217Z,3.00,0.6300,0.3700,yes
0c4ee955-4fc5-42f8-8369-e1a8a3604e09,KXCANADAPM-45-C,2025-03-10T22:38:56.235217Z,1.00,0.6300,0.3700,yes
222e29df-bd9d-40b0-9e33-829046f57d0a,KXCANADAPM-45-C,2025-03-10T20:45:43.566096Z,76.00,0.6200,0.3800,no
fa8385cb-3717-4594-afa3-f90f49e81a56,KXCANADAPM-45-C,2025-03-10T19:16:19.539485Z,3.00,0.6200,0.3800,no
f98cca15-fc2f-4532-a440-7bf6d8cb7b75,KXCANADAPM-45-C,2025-03-10T19:16:19.539485Z,1.00,0.6200,0.3800,no
f18243c4-06b3-4af1-b72a-3be9fc66547f,KXCANADAPM-45-C,2025-03-10T19:16:19.539485Z,1.00,0.6300,0.3700,no
e526edc9-27c5-48e3-940b-c5b7a41597d5,KXCANADAPM-45-C,2025-03-10T19:16:19.539485Z,1.00,0.6200,0.3800,no
e12fbf74-d92f-476c-b5ef-16cb37da4f73,KXCANADAPM-45-C,2025-03-10T19:16:19.539485Z,1.00,0.6200,0.3800,no
daa60e00-0667-43d5-87a4-e775f82411fe,KXCANADAPM-45-C,2025-03-10T19:16:19.539485Z,3.00,0.6200,0.3800,no
d81dfa15-efd2-40e7-b0e9-572d2be860f9,KXCANADAPM-45-C,2025-03-10T19:16:19.539485Z,33.00,0.6300,0.3700,no
d5c49192-edfb-4b32-b869-54d5f5213b71,KXCANADAPM-45-C,2025-03-10T19:16:19.539485Z,1.00,0.6200,0.3800,no
d3403d66-32c0-400b-99a4-a9b1346d9d32,KXCANADAPM-45-C,2025-03-10T19:16:19.539485Z,3.00,0.6200,0.3800,no
cf10bd82-9687-45f9-aa4d-f7ef12f7bae7,KXCANADAPM-45-C,2025-03-10T19:16:19.539485Z,1.00,0.6200,0.3800,no
c7d9f08d-e650-4887-9523-244cd0347aa4,KXCANADAPM-45-C,2025-03-10T19:16:19.539485Z,3.00,0.6200,0.3800,no
c3c50ebe-919e-48bd-9731-a8d153caf13c,KXCANADAPM-45-C,2025-03-10T19:16:19.539485Z,1.00,0.6200,0.3800,no
c35f5ee5-d989-408e-8fcc-dc879a112588,KXCANADAPM-45-C,2025-03-10T19:16:19.539485Z,3.00,0.6300,0.3700,no
c111b91c-1596-4323-bb3f-f9971e00c8f7,KXCANADAPM-45-C,2025-03-10T19:16:19.539485Z,1.00,0.6200,0.3800,no
bc782dfc-cdeb-443c-a4c3-4c396107c600,KXCANADAPM-45-C,2025-03-10T19:16:19.539485Z,1.00,0.6200,0.3800,no
b7ad7b4c-1094-4e73-924b-26d7f7994433,KXCANADAPM-45-C,2025-03-10T19:16:19.539485Z,1.00,0.6200,0.3800,no
b30b10b5-8642-4cf3-8d41-9f0fb5cc4a6b,KXCANADAPM-45-C,2025-03-10T19:16:19.539485Z,5.00,0.6300,0.3700,no
b2315454-4956-43dc-82e5-16ed0700ecce,KXCANADAPM-45-C,2025-03-10T19:16:19.539485Z,1.00,0.6200,0.3800,no
ab5daa33-91c0-432f-82c6-4bd7799193b9,KXCANADAPM-45-C,2025-03-10T19:16:19.539485Z,1.00,0.6200,0.3800,no
a5adbebc-374c-4f65-895e-ca8552d6d0d9,KXCANADAPM-45-C,2025-03-10T19:16:19.539485Z,2.00,0.6200,0.3800,no
a2670195-b207-46ff-9576-7a684479b29f,KXCANADAPM-45-C,2025-03-10T19:16:19.539485Z,3.00,0.6200,0.3800,no
a0a6c88d-a6f6-4283-b476-c190f810e514,KXCANADAPM-45-C,2025-03-10T19:16:19.539485Z,1.00,0.6200,0.3800,no
9b4de661-bf22-4997-9e43-1a7074ba85dc,KXCANADAPM-45-C,2025-03-10T19:16:19.539485Z,1.00,0.6300,0.3700,no
9b2b8639-5fd2-490d-b028-e4fb4d5fd614,KXCANADAPM-45-C,2025-03-10T19:16:19.539485Z,3.00,0.6300,0.3700,no
8b3a4986-14d9-43cb-98f7-26026a3c6556,KXCANADAPM-45-C,2025-03-10T19:16:19.539485Z,1.00,0.6200,0.3800,no
7183293c-1593-461b-97c1-90b37df8206f,KXCANADAPM-45-C,2025-03-10T19:16:19.539485Z,3.00,0.6200,0.3800,no
6f45050b-361c-437f-bb95-c891e8a09ee1,KXCANADAPM-45-C,2025-03-10T19:16:19.539485Z,1.00,0.6300,0.3700,no
6f310cb7-ed18-4774-a50b-1fef7facc2a3,KXCANADAPM-45-C,2025-03-10T19:16:19.539485Z,3.00,0.6200,0.3800,no
6ace619e-3d00-419d-8ffc-dfa099c45f92,KXCANADAPM-45-C,2025-03-10T19:16:19.539485Z,1.00,0.6300,0.3700,no
64f7c6cf-466a-4803-90b9-2a6da21f0d0c,KXCANADAPM-45-C,2025-03-10T19:16:19.539485Z,1.00,0.6200,0.3800,no
64b3e4a6-f636-417b-96bb-38921e4ce466,KXCANADAPM-45-C,2025-03-10T19:16:19.539485Z,1.00,0.6200,0.3800,no
63ee92b0-b0a4-48a2-be39-838ba17e5476,KXCANADAPM-45-C,2025-03-10T19:16:19.539485Z,539.00,0.6200,0.3800,no
5c3a740e-77cd-41fe-8420-61ec27485d61,KXCANADAPM-45-C,2025-03-10T19:16:19.539485Z,1.00,0.6200,0.3800,no
4371bb19-0f8b-41c8-82f8-3d9d43e3cf14,KXCANADAPM-45-C,2025-03-10T19:16:19.539485Z,3.00,0.6200,0.3800,no
3ec287ee-64ea-4a27-8a4d-d747559e7b02,KXCANADAPM-45-C,2025-03-10T19:16:19.539485Z,1.00,0.6300,0.3700,no
294d5cf8-4603-4f10-888d-70667e57ab1f,KXCANADAPM-45-C,2025-03-10T19:16:19.539485Z,4.00,0.6200,0.3800,no
2666053f-4607-4233-ae3d-ee8a939868b6,KXCANADAPM-45-C,2025-03-10T19:16:19.539485Z,1.00,0.6200,0.3800,no
1d1c19e6-ef85-4610-9b2b-08b722487d0f,KXCANADAPM-45-C,2025-03-10T19:16:19.539485Z,1.00,0.6200,0.3800,no
1a0bf057-188e-4a71-a2e2-f4ba4fd7d8e0,KXCANADAPM-45-C,2025-03-10T19:16:19.539485Z,1.00,0.6300,0.3700,no
12ae7aa8-f822-4b7d-8b37-73442ac77bbf,KXCANADAPM-45-C,2025-03-10T19:16:19.539485Z,1.00,0.6200,0.3800,no
10acb767-6ad0-4cd4-978a-8dc39e4668d5,KXCANADAPM-45-C,2025-03-10T19:16:19.539485Z,1.00,0.6200,0.3800,no
0ad2876e-f9e2-4999-8dab-c2189c73244e,KXCANADAPM-45-C,2025-03-10T19:16:19.539485Z,1.00,0.6200,0.3800,no
0782aef5-ee1b-4b69-afb5-13ffc2368e1b,KXCANADAPM-45-C,2025-03-10T19:16:19.539485Z,1.00,0.6200,0.3800,no
0000599e-9c76-4005-9394-45bc58e88af3,KXCANADAPM-45-C,2025-03-10T19:16:19.539485Z,1.00,0.6200,0.3800,no
f882a8aa-a62a-4c7d-9fd5-60826e923f88,KXCANADAPM-45-C,2025-03-10T17:46:07.031453Z,3.00,0.6400,0.3600,yes
da291dc7-cc11-4325-99c0-c90867adb2fb,KXCANADAPM-45-C,2025-03-10T17:46:07.031453Z,1000.00,0.6600,0.3400,yes
d51d01d2-76d6-4695-9844-1461331bc426,KXCANADAPM-45-C,2025-03-10T17:46:07.031453Z,1.00,0.6400,0.3600,yes
d411f502-4729-4726-af35-6b2e7f59f416,KXCANADAPM-45-C,2025-03-10T17:46:07.031453Z,5.00,0.6400,0.3600,yes
cf8ea660-cf89-4624-84bd-6c56d3eb6248,KXCANADAPM-45-C,2025-03-10T17:46:07.031453Z,1.00,0.6400,0.3600,yes
c9a64e2f-4072-42bd-84eb-729b3218937f,KXCANADAPM-45-C,2025-03-10T17:46:07.031453Z,3.00,0.6400,0.3600,yes
bc8202b3-1079-4ee5-bb79-67fdecfc1e97,KXCANADAPM-45-C,2025-03-10T17:46:07.031453Z,4.00,0.6500,0.3500,yes
b671a339-d516-4375-9868-a4df3305315d,KXCANADAPM-45-C,2025-03-10T17:46:07.031453Z,1.00,0.6400,0.3600,yes
b180e2c9-29e0-420f-8a6c-aa9a8112cdcc,KXCANADAPM-45-C,2025-03-10T17:46:07.031453Z,1.00,0.6400,0.3600,yes
b0415571-a3d6-4a53-9cc7-2116beea533d,KXCANADAPM-45-C,2025-03-10T17:46:07.031453Z,1.00,0.6400,0.3600,yes
a813566c-aa07-4aee-be82-ee20307d3fb3,KXCANADAPM-45-C,2025-03-10T17:46:07.031453Z,3.00,0.6400,0.3600,yes
946033f8-554f-4fe1-865a-323e385344d7,KXCANADAPM-45-C,2025-03-10T17:46:07.031453Z,1.00,0.6400,0.3600,yes
8eb633bb-45a8-49ba-8556-925b795ef79e,KXCANADAPM-45-C,2025-03-10T17:46:07.031453Z,250.00,0.6400,0.3600,yes
853daba5-3e23-4685-af55-85b82322acf0,KXCANADAPM-45-C,2025-03-10T17:46:07.031453Z,239.00,0.6600,0.3400,yes
5b04f8a4-5471-4e19-99ab-a20e8096609f,KXCANADAPM-45-C,2025-03-10T17:46:07.031453Z,250.00,0.6600,0.3400,yes
5473b012-aeb8-4a29-909b-08dbad679cb5,KXCANADAPM-45-C,2025-03-10T17:46:07.031453Z,1.00,0.6400,0.3600,yes
44f7f461-0353-49bf-b958-721950b8b85d,KXCANADAPM-45-C,2025-03-10T17:46:07.031453Z,450.00,0.6400,0.3600,yes
420d272c-8c59-4282-aca6-7bd67e0eaf19,KXCANADAPM-45-C,2025-03-10T17:46:07.031453Z,3.00,0.6400,0.3600,yes
33d8844f-ca97-4ab3-9361-d6e0256f9dfb,KXCANADAPM-45-C,2025-03-10T17:46:07.031453Z,3.00,0.6400,0.3600,yes
339c572b-8bb2-4821-835f-406faca6af71,KXCANADAPM-45-C,2025-03-10T17:46:07.031453Z,3.00,0.6400,0.3600,yes
315927f4-2f69-458b-9c23-af4b8856c1a2,KXCANADAPM-45-C,2025-03-10T17:46:07.031453Z,758.00,0.6500,0.3500,yes
24ebb156-a9f1-4e89-88d0-a34f993eda39,KXCANADAPM-45-C,2025-03-10T17:46:07.031453Z,3.00,0.6400,0.3600,yes
22a2ede3-8a30-40ff-8a5b-e77cada65e6a,KXCANADAPM-45-C,2025-03-10T17:46:07.031453Z,3.00,0.6400,0.3600,yes
1d55a178-3b8a-4f4a-ba55-85d1febf4825,KXCANADAPM-45-C,2025-03-10T17:46:07.031453Z,1.00,0.6400,0.3600,yes
18fc04d3-d119-4d1f-9cd7-f264fe256b43,KXCANADAPM-45-C,2025-03-10T17:46:07.031453Z,3.00,0.6600,0.3400,yes
09477534-84c1-4367-838b-8caeb204d614,KXCANADAPM-45-C,2025-03-10T17:46:07.031453Z,1.00,0.6400,0.3600,yes
cad8c7b5-6929-49b1-a995-3a4075b78aac,KXCANADAPM-45-C,2025-03-10T15:11:32.764726Z,5.00,0.6200,0.3800,no
0f043594-a74c-41ac-b165-143bd57db662,KXCANADAPM-45-C,2025-03-10T15:11:32.764726Z,603.00,0.6100,0.3900,no
348108bb-5c8d-4835-a5db-aa1c25c18824,KXCANADAPM-45-C,2025-03-10T12:14:36.761848Z,50.00,0.6400,0.3600,yes
ac6d6529-e54a-4fa3-a241-aefb3498e576,KXCANADAPM-45-C,2025-03-10T03:01:03.365209Z,300.00,0.6400,0.3600,yes
a926cfec-421d-40ec-a2d7-b34a9688b284,KXCANADAPM-45-C,2025-03-10T03:01:03.365209Z,1.00,0.6400,0.3600,yes
875ba7bd-fc02-4bb6-b923-3ec76e102c37,KXCANADAPM-45-C,2025-03-10T03:01:03.365209Z,1.00,0.6400,0.3600,yes
419181fd-04a9-459c-bda0-a692b504c0b6,KXCANADAPM-45-C,2025-03-10T03:01:03.365209Z,1.00,0.6400,0.3600,yes
080ecdb7-4b41-4879-9533-210b30e5eec8,KXCANADAPM-45-C,2025-03-10T03:01:03.365209Z,1.00,0.6400,0.3600,yes
f3bff5d1-fa8d-4eb7-bcc3-a79ec0f20e3d,KXCANADAPM-45-C,2025-03-10T01:39:28.927526Z,3.00,0.6300,0.3700,yes
dd116aad-81e0-4bd7-a0ea-608d6592f17b,KXCANADAPM-45-C,2025-03-10T01:39:28.927526Z,3.00,0.6300,0.3700,yes
907f2e60-103e-4a6c-91e8-7cfd7ce046ab,KXCANADAPM-45-C,2025-03-10T01:39:28.927526Z,1.00,0.6300,0.3700,yes
7748fa6d-1643-4763-b6ac-8fde75abddd9,KXCANADAPM-45-C,2025-03-10T01:39:28.927526Z,5.00,0.6300,0.3700,yes
4b15312a-8e0b-48f7-b851-51ebc7d34e13,KXCANADAPM-45-C,2025-03-10T01:39:28.927526Z,2.00,0.6300,0.3700,yes
1ff6f054-b394-42da-ab45-72846438619b,KXCANADAPM-45-C,2025-03-10T01:39:28.927526Z,1.00,0.6300,0.3700,yes
b7cefb74-5346-4c81-a488-a423122b33c9,KXCANADAPM-45-C,2025-03-10T01:11:45.789998Z,32.00,0.6200,0.3800,yes
d4c18b5d-da27-4d44-9527-0abb074f77b2,KXCANADAPM-45-C,2025-03-10T00:45:49.711303Z,15.00,0.6400,0.3600,yes
cafac4c1-c08a-471f-aa47-13a2ca3e0fa8,KXCANADAPM-45-C,2025-03-10T00:43:49.589577Z,36.00,0.6100,0.3900,no
7a7d2341-5b4b-47f3-9b56-63fd9354e8fc,KXCANADAPM-45-C,2025-03-10T00:30:07.754113Z,86.00,0.6100,0.3900,no
c46ae413-f98b-46c2-9df9-efe1bc00cda2,KXCANADAPM-45-C,2025-03-09T23:10:34.163197Z,152.00,0.6300,0.3700,no
4ad36cff-4d7f-40c6-afa9-08163fed83f4,KXCANADAPM-45-C,2025-03-09T23:10:34.163197Z,150.00,0.6100,0.3900,no
2315ef2e-37e6-4d43-8f76-06cff56b413a,KXCANADAPM-45-C,2025-03-09T23:10:34.163197Z,3.00,0.6300,0.3700,no
f8a5cace-f8df-4a57-a44c-53e2bcc37a33,KXCANADAPM-45-C,2025-03-09T22:52:16.715061Z,1.00,0.6300,0.3700,no
f198d486-782e-4d1d-b985-6f75475dae44,KXCANADAPM-45-C,2025-03-09T22:43:39.479643Z,2.00,0.6300,0.3700,no
3adeb3a3-4208-4f32-abc4-2189ab32a3d6,KXCANADAPM-45-C,2025-03-09T22:38:35.710602Z,76.00,0.6400,0.3600,yes
c81d941a-4362-4723-8f30-2c48c2d84daf,KXCANADAPM-45-C,2025-03-09T21:47:17.339689Z,39.00,0.6300,0.3700,no
a00a193a-c6d9-4280-86d6-442db5c1ad06,KXCANADAPM-45-C,2025-03-09T20:46:49.880567Z,30.00,0.6400,0.3600,no
8b663de9-8390-4ec2-9d69-169886b48d44,KXCANADAPM-45-C,2025-03-09T20:46:49.880567Z,5.00,0.6400,0.3600,no
280e0fbf-fb2a-4245-80a6-834189c009b5,KXCANADAPM-45-C,2025-03-09T20:46:49.880567Z,56.00,0.6300,0.3700,no
bdc3085a-4b55-4ad7-a291-278ffffceff8,KXCANADAPM-45-C,2025-03-09T18:34:53.043515Z,3.00,0.6500,0.3500,yes
3aa85104-cd45-4b2b-b691-0d8950ee15e1,KXCANADAPM-45-C,2025-03-09T18:23:13.27943Z,75.00,0.6500,0.3500,yes
0ed4d03e-3eab-4697-b258-1218a4d5c8e7,KXCANADAPM-45-C,2025-03-09T15:47:32.80139Z,150.00,0.6500,0.3500,yes
cf85d65c-f4a7-409e-81b4-e009ea3dd99a,KXCANADAPM-45-C,2025-03-09T06:32:12.213077Z,3.00,0.6200,0.3800,yes
c4156952-2488-48d2-a6c7-3e994744b86a,KXCANADAPM-45-C,2025-03-09T06:32:12.213077Z,1.00,0.6200,0.3800,yes
a55c63ee-8703-45bf-8738-75a56a567505,KXCANADAPM-45-C,2025-03-09T06:32:12.213077Z,1.00,0.6200,0.3800,yes
80206939-70b0-4037-a920-b997f5cb4b5e,KXCANADAPM-45-C,2025-03-09T06:32:12.213077Z,1.00,0.6200,0.3800,yes
66ce5b6d-aa34-403b-8189-fb222166f08c,KXCANADAPM-45-C,2025-03-09T06:32:12.213077Z,2.00,0.6200,0.3800,yes
5d9077b4-fedc-41c7-9679-9ad88d397d22,KXCANADAPM-45-C,2025-03-09T06:32:12.213077Z,1.00,0.6200,0.3800,yes
e568a64b-2f96-4ab5-a6bc-59a8895579e2,KXCANADAPM-45-C,2025-03-09T06:12:46.79147Z,1.00,0.6200,0.3800,no
dba7eb41-ae48-490a-adc9-f0a81b2b18a8,KXCANADAPM-45-C,2025-03-09T06:12:46.79147Z,1.00,0.6200,0.3800,no
c153cd61-d2ef-49e5-bb04-c228cdf67de1,KXCANADAPM-45-C,2025-03-09T06:12:46.79147Z,1.00,0.6200,0.3800,no
bd66e4b6-e859-441f-9a6e-5dbe7e227013,KXCANADAPM-45-C,2025-03-09T06:12:46.79147Z,1.00,0.6200,0.3800,no
b55aa009-572f-4af1-94fc-ec24988109fc,KXCANADAPM-45-C,2025-03-09T06:12:46.79147Z,1.00,0.6200,0.3800,no
a1c2f5cf-b693-41b2-95d6-6e6cfd5ac913,KXCANADAPM-45-C,2025-03-09T06:12:46.79147Z,1.00,0.6200,0.3800,no
9c068b40-436b-4b60-a935-f9127257d546,KXCANADAPM-45-C,2025-03-09T06:12:46.79147Z,1.00,0.6200,0.3800,no
96686e16-47e6-4cfc-ae7b-f3c5ebc284d8,KXCANADAPM-45-C,2025-03-09T06:12:46.79147Z,1.00,0.6200,0.3800,no
8e9c5357-fd44-47a8-9d3a-d4eb4d99cab2,KXCANADAPM-45-C,2025-03-09T06:12:46.79147Z,1.00,0.6200,0.3800,no
86ed804b-df0b-49f0-abf8-a1d8f44172c0,KXCANADAPM-45-C,2025-03-09T06:12:46.79147Z,1.00,0.6200,0.3800,no
85945019-4e29-48d2-8793-be031c968c9a,KXCANADAPM-45-C,2025-03-09T06:12:46.79147Z,4.00,0.6200,0.3800,no
850558d0-abfc-4318-b8d0-6e13567a7fa3,KXCANADAPM-45-C,2025-03-09T06:12:46.79147Z,1.00,0.6200,0.3800,no
8297d58c-dbd2-4d77-bf04-419bc50311b4,KXCANADAPM-45-C,2025-03-09T06:12:46.79147Z,1.00,0.6200,0.3800,no
7ae8e190-4b65-413f-afca-4d52a18d9a17,KXCANADAPM-45-C,2025-03-09T06:12:46.79147Z,1.00,0.6200,0.3800,no
5e5d3a80-a287-4504-8acd-955576af783c,KXCANADAPM-45-C,2025-03-09T06:12:46.79147Z,1.00,0.6200,0.3800,no
5a08ec7e-24f0-46b2-ad2a-75b638e257b4,KXCANADAPM-45-C,2025-03-09T06:12:46.79147Z,1.00,0.6200,0.3800,no
577141e3-c1f3-4b98-8136-bc9fadb92212,KXCANADAPM-45-C,2025-03-09T06:12:46.79147Z,4.00,0.6200,0.3800,no
55ecaf85-cd3b-414b-9c39-6f71c083e09c,KXCANADAPM-45-C,2025-03-09T06:12:46.79147Z,1.00,0.6200,0.3800,no
4f49d79d-f9a4-420f-81bb-412c1f3189f2,KXCANADAPM-45-C,2025-03-09T06:12:46.79147Z,1.00,0.6200,0.3800,no
48898245-fcba-417c-91c3-aa1e37b376b9,KXCANADAPM-45-C,2025-03-09T06:12:46.79147Z,1.00,0.6200,0.3800,no
44249f1e-add9-4a4b-b926-22c3da971f6e,KXCANADAPM-45-C,2025-03-09T06:12:46.79147Z,1.00,0.6200,0.3800,no
3756b4b9-a339-4da5-a67a-05c4a347c146,KXCANADAPM-45-C,2025-03-09T06:12:46.79147Z,4.00,0.6200,0.3800,no
31bdbb18-64cd-48e0-bdb6-613e514301a2,KXCANADAPM-45-C,2025-03-09T06:12:46.79147Z,1.00,0.6200,0.3800,no
2fde3c8e-edec-4055-b493-e4ff5c869905,KXCANADAPM-45-C,2025-03-09T06:12:46.79147Z,1.00,0.6200,0.3800,no
2091b838-cc0f-4881-adb6-3d2fb4d7c5dc,KXCANADAPM-45-C,2025-03-09T06:12:46.79147Z,1.00,0.6200,0.3800,no
1f9b2737-dbfd-4d2b-aa5c-dc0a14323310,KXCANADAPM-45-C,2025-03-09T06:12:46.79147Z,1.00,0.6200,0.3800,no
1d6113e7-dda3-4f73-8502-32e477401707,KXCANADAPM-45-C,2025-03-09T06:12:46.79147Z,4.00,0.6200,0.3800,no
1477d710-1862-471f-b891-35471a130ec6,KXCANADAPM-45-C,2025-03-09T06:12:46.79147Z,1.00,0.6200,0.3800,no
0c7aafeb-85ef-4631-80ed-25dddc9ca8bd,KXCANADAPM-45-C,2025-03-09T06:12:46.79147Z,1.00,0.6200,0.3800,no
00335979-5368-4495-a2bd-d6249afd9546,KXCANADAPM-45-C,2025-03-09T06:12:46.79147Z,1.00,0.6200,0.3800,no
f13d5681-9b21-4a72-9ed6-3691bd05ca07,KXCANADAPM-45-C,2025-03-09T06:12:16.533731Z,500.00,0.6200,0.3800,no
051cbaf2-2020-45b7-afbb-186b668b3687,KXCANADAPM-45-C,2025-03-09T06:12:07.066818Z,83.00,0.6400,0.3600,no
f9d255c7-ecc3-42ea-84fb-0b00605510b0,KXCANADAPM-45-C,2025-03-09T05:19:34.618195Z,189.00,0.6400,0.3600,yes
e965d1df-d805-4953-a7ad-6866f96fd231,KXCANADAPM-45-C,2025-03-09T05:19:34.618195Z,176.00,0.6400,0.3600,yes
e7291bc3-62ee-47f6-92c1-2df1f4fa36cb,KXCANADAPM-45-C,2025-03-09T05:19:34.618195Z,149.00,0.6400,0.3600,yes
c11683b0-9e19-43f7-a80c-ac8cf70ee57f,KXCANADAPM-45-C,2025-03-09T05:19:34.618195Z,60.00,0.6600,0.3400,yes
646b7649-9c43-43f0-9f41-7d58686f0a87,KXCANADAPM-45-C,2025-03-09T05:19:34.618195Z,2.00,0.6400,0.3600,yes
621b6128-194c-49b6-89a1-d616b9b8464a,KXCANADAPM-45-C,2025-03-09T05:19:34.618195Z,2.00,0.6400,0.3600,yes
464e93ad-e5e3-4fa5-91a8-59e1ddb79c35,KXCANADAPM-45-C,2025-03-09T05:19:34.618195Z,2.00,0.6400,0.3600,yes
4302382d-8864-43af-9fea-54cef824b293,KXCANADAPM-45-C,2025-03-09T05:19:34.618195Z,3.00,0.6500,0.3500,yes
121b486c-978f-4d23-ae46-1d866a3f1bfc,KXCANADAPM-45-C,2025-03-09T05:19:34.618195Z,2.00,0.6400,0.3600,yes
733ee61c-cf41-4b65-af40-04424391e4b0,KXCANADAPM-45-C,2025-03-09T02:25:12.669449Z,76.00,0.6400,0.3600,yes
fffac80b-a76f-4eee-8e49-a9a176463bff,KXCANADAPM-45-C,2025-03-08T19:44:17.350489Z,3.00,0.6200,0.3800,no
4209ddfa-fdae-4be8-af5c-7b3251ca1c0c,KXCANADAPM-45-C,2025-03-08T19:44:17.350489Z,8.00,0.6300,0.3700,no
2167b273-f041-4f61-b585-970304165019,KXCANADAPM-45-C,2025-03-08T05:58:51.441646Z,25.00,0.6400,0.3600,yes
9a5a45e8-7620-49de-95b9-7a07bb1e6bcc,KXCANADAPM-45-C,2025-03-08T04:09:57.283835Z,35.00,0.6300,0.3700,no
7c2b9e1a-4fcb-4ec7-9f7b-fdd5a525be3f,KXCANADAPM-45-C,2025-03-07T21:35:24.564568Z,31.00,0.6300,0.3700,no
d83a34a9-d15e-41ff-b6d3-5f10a0aab7bd,KXCANADAPM-45-C,2025-03-07T15:46:31.421725Z,59.00,0.6400,0.3600,yes
fdb21a10-ed66-4a13-99f3-a195831f84c9,KXCANADAPM-45-C,2025-03-07T06:32:31.896302Z,16.00,0.6300,0.3700,no
ebb23f30-053d-4cc0-851f-9549cb33f64d,KXCANADAPM-45-C,2025-03-07T03:00:33.660936Z,10.00,0.6300,0.3700,no
84de34a9-1eb5-4a97-9d82-0dce0f5bc989,KXCANADAPM-45-C,2025-03-07T01:37:09.432092Z,2.00,0.6400,0.3600,yes
56028600-611d-413f-926f-e30f3e8abc5f,KXCANADAPM-45-C,2025-03-07T00:51:26.227763Z,22.00,0.6400,0.3600,no
c3969aa1-f8cd-40c0-87df-b9ff03d61b0c,KXCANADAPM-45-C,2025-03-06T23:12:39.751435Z,7.00,0.6400,0.3600,yes
5adf5be5-7897-440c-bb02-e8470d2b394e,KXCANADAPM-45-C,2025-03-06T22:44:07.745768Z,20.00,0.6400,0.3600,yes
b1016573-694e-4fa6-8f88-40cd5c8205d7,KXCANADAPM-45-C,2025-03-06T22:08:30.118483Z,6.00,0.6400,0.3600,no
3a489135-8e06-403c-8521-7f7bb383b737,KXCANADAPM-45-C,2025-03-06T17:21:19.998241Z,56.00,0.6500,0.3500,yes
296fde20-7dfe-44db-8041-d77c54de406b,KXCANADAPM-45-C,2025-03-06T17:21:19.998241Z,1581.00,0.6600,0.3400,yes
236fc9b2-acce-4776-b403-f18a82ac780f,KXCANADAPM-45-C,2025-03-06T17:21:19.998241Z,149.00,0.6500,0.3500,yes
b2014a76-a279-4741-93f3-c96906fb7a5e,KXCANADAPM-45-C,2025-03-06T16:16:52.470983Z,100.00,0.6500,0.3500,yes
cc1d0ee5-da5a-4eb9-8f03-0b8444062a18,KXCANADAPM-45-C,2025-03-06T07:14:03.520844Z,30.00,0.6500,0.3500,yes
f50f4d2f-f6d3-4efc-a467-56df4fd182fa,KXCANADAPM-45-C,2025-03-06T03:55:48.980852Z,2.00,0.6500,0.3500,yes
e15bd91b-b795-4f6d-ba89-0a1c8d28a46f,KXCANADAPM-45-C,2025-03-06T03:55:48.980852Z,2.00,0.6400,0.3600,yes
d261fe80-b759-4bf7-98de-8da222bac2a3,KXCANADAPM-45-C,2025-03-06T03:55:48.980852Z,970.00,0.6700,0.3300,yes
c0226370-59e2-4a97-8e37-3de9dc534c82,KXCANADAPM-45-C,2025-03-06T03:55:48.980852Z,1.00,0.6400,0.3600,yes
b70b590a-4b6a-4dbf-8e15-07010f7dc8e5,KXCANADAPM-45-C,2025-03-06T03:55:48.980852Z,2.00,0.6500,0.3500,yes
b2534fd6-ba3f-44d2-8c90-a46a76b0b4ed,KXCANADAPM-45-C,2025-03-06T03:55:48.980852Z,111.00,0.6700,0.3300,yes
a19bd183-5de2-4b0b-ad57-213bab71dada,KXCANADAPM-45-C,2025-03-06T03:55:48.980852Z,37.00,0.6400,0.3600,yes
9fbc2dae-32f4-4875-bc75-1515f815d664,KXCANADAPM-45-C,2025-03-06T03:55:48.980852Z,2.00,0.6500,0.3500,yes
9e1eacfc-5be9-47ac-96d5-44819d2630f8,KXCANADAPM-45-C,2025-03-06T03:55:48.980852Z,3.00,0.6400,0.3600,yes
8dda4e4a-3ab7-4ec5-a6d8-0c576ef0a9d6,KXCANADAPM-45-C,2025-03-06T03:55:48.980852Z,1889.00,0.6500,0.3500,yes
8a529f03-0c3b-48d3-b35a-8ce77270a6ce,KXCANADAPM-45-C,2025-03-06T03:55:48.980852Z,2.00,0.6400,0.3600,yes
7d9528b0-aa8e-4279-97d1-95f46f17b573,KXCANADAPM-45-C,2025-03-06T03:55:48.980852Z,1.00,0.6400,0.3600,yes
7ab13734-5246-4d16-9386-5d20e0abdbaf,KXCANADAPM-45-C,2025-03-06T03:55:48.980852Z,415.00,0.6300,0.3700,yes
6e587560-26ba-41c5-ac67-d1b71fc7a326,KXCANADAPM-45-C,2025-03-06T03:55:48.980852Z,111.00,0.6500,0.3500,yes
5966ce5d-b317-4d14-a6bd-2956a5d1a347,KXCANADAPM-45-C,2025-03-06T03:55:48.980852Z,2.00,0.6500,0.3500,yes
568f68e9-bb19-4470-aae7-bcea98da1675,KXCANADAPM-45-C,2025-03-06T03:55:48.980852Z,2.00,0.6400,0.3600,yes
20c4746a-f0c5-4a63-9cb3-1d8fdd7889b0,KXCANADAPM-45-C,2025-03-06T03:55:48.980852Z,47.00,0.6300,0.3700,yes
1edaf504-2ad6-4e0e-ad40-b787b62fa5c6,KXCANADAPM-45-C,2025-03-06T03:55:48.980852Z,808.00,0.6700,0.3300,yes
0d8f4caf-f2cb-4e01-9e84-5b75b0db7863,KXCANADAPM-45-C,2025-03-06T03:55:48.980852Z,2.00,0.6400,0.3600,yes
00a30f48-b088-4663-b5b3-866d6e64f6d1,KXCANADAPM-45-C,2025-03-06T03:55:48.980852Z,223.00,0.6300,0.3700,yes
ead1e370-1de7-4066-8279-6acdd6c645ba,KXCANADAPM-45-C,2025-03-06T03:42:57.988047Z,1.00,0.6200,0.3800,yes
e29ff6d0-597c-4ca6-9258-07c95d7816ba,KXCANADAPM-45-C,2025-03-06T03:42:57.988047Z,14.00,0.6300,0.3700,yes
d0134561-d41a-4d3b-b0e1-5472955ade66,KXCANADAPM-45-C,2025-03-06T03:42:57.988047Z,1.00,0.6200,0.3800,yes
cadc7874-6239-4535-9091-2d780fbae4e8,KXCANADAPM-45-C,2025-03-06T03:42:57.988047Z,1.00,0.6200,0.3800,yes
c4809487-3b42-4899-b745-d60ff85b6079,KXCANADAPM-45-C,2025-03-06T03:42:57.988047Z,2.00,0.6200,0.3800,yes
c0363154-e2c9-4d09-a8cc-ecc17a50adf6,KXCANADAPM-45-C,2025-03-06T03:42:57.988047Z,2.00,0.6200,0.3800,yes
b6a4af06-9ce4-4d94-a0d0-93e198e721d6,KXCANADAPM-45-C,2025-03-06T03:42:57.988047Z,2.00,0.6200,0.3800,yes
af01ee0f-4deb-42de-8acb-92fdd81c3f6f,KXCANADAPM-45-C,2025-03-06T03:42:57.988047Z,1.00,0.6200,0.3800,yes
a8623a85-40e3-464c-be28-4becb24e0737,KXCANADAPM-45-C,2025-03-06T03:42:57.988047Z,1.00,0.6200,0.3800,yes
a676b90d-3280-4dbb-8dca-6ddbdea2a9db,KXCANADAPM-45-C,2025-03-06T03:42:57.988047Z,2.00,0.6200,0.3800,yes
9a020e63-3ef2-409d-a388-44587ba6c29e,KXCANADAPM-45-C,2025-03-06T03:42:57.988047Z,1.00,0.6200,0.3800,yes
95fe0a7d-6454-4ff3-8dc6-34adf8373bdc,KXCANADAPM-45-C,2025-03-06T03:42:57.988047Z,2.00,0.6200,0.3800,yes
886d6132-4e67-449e-9643-8ac7e7a0cb88,KXCANADAPM-45-C,2025-03-06T03:42:57.988047Z,1.00,0.6200,0.3800,yes
85e65c6d-bd1d-40d7-9365-dc20f796eebd,KXCANADAPM-45-C,2025-03-06T03:42:57.988047Z,1.00,0.6200,0.3800,yes
78426a17-46bf-4cb3-8cd7-1c44bab88224,KXCANADAPM-45-C,2025-03-06T03:42:57.988047Z,1.00,0.6200,0.3800,yes
57c9ef2f-ed12-4d51-9e9a-63f8c15b729a,KXCANADAPM-45-C,2025-03-06T03:42:57.988047Z,2.00,0.6200,0.3800,yes
543a665b-efd9-4d30-931c-2b989609604c,KXCANADAPM-45-C,2025-03-06T03:42:57.988047Z,2.00,0.6200,0.3800,yes
52f652f5-3351-483e-b3f4-597cb641c2fc,KXCANADAPM-45-C,2025-03-06T03:42:57.988047Z,2.00,0.6200,0.3800,yes
41a6b50a-4fff-4276-912c-504169426cad,KXCANADAPM-45-C,2025-03-06T03:42:57.988047Z,1.00,0.6200,0.3800,yes
35e0665f-3b64-4d93-b0c3-99aa4acd6509,KXCANADAPM-45-C,2025-03-06T03:42:57.988047Z,1.00,0.6200,0.3800,yes
159c0993-4ba7-46f1-b561-c8d414aa3892,KXCANADAPM-45-C,2025-03-06T03:42:57.988047Z,2.00,0.6200,0.3800,yes
075beeda-4fc6-4cf2-80d9-0cd7fa5247b7,KXCANADAPM-45-C,2025-03-06T03:42:57.988047Z,2.00,0.6200,0.3800,yes
071bebde-3068-4d78-997a-89123aa110d7,KXCANADAPM-45-C,2025-03-06T03:42:57.988047Z,2.00,0.6200,0.3800,yes
061b4229-968e-4af8-b82c-5a4487ab4dfd,KXCANADAPM-45-C,2025-03-06T03:42:57.988047Z,2.00,0.6200,0.3800,yes
008964ed-eed3-43c8-8c6a-b9b16693e9d9,KXCANADAPM-45-C,2025-03-06T03:42:57.988047Z,1.00,0.6200,0.3800,yes
f4013e33-9cae-4096-9f1c-dd490910e0b0,KXCANADAPM-45-C,2025-03-06T01:57:58.372547Z,2.00,0.6200,0.3800,yes
e1288d96-c271-4ea0-baff-06e46581f396,KXCANADAPM-45-C,2025-03-06T01:57:58.372547Z,2.00,0.6200,0.3800,yes
c4449da5-4e7c-4bcb-a33d-7ee8dcb44488,KXCANADAPM-45-C,2025-03-06T01:57:58.372547Z,2.00,0.6200,0.3800,yes
c2b09919-275c-437b-ab4b-1379e48d75f1,KXCANADAPM-45-C,2025-03-06T01:57:58.372547Z,3.00,0.6200,0.3800,yes
b42b37cd-a2d0-4830-83fa-e96d18eeb400,KXCANADAPM-45-C,2025-03-06T01:57:58.372547Z,3.00,0.6200,0.3800,yes
9508e18c-51b1-4ce8-a881-8fd7082e281a,KXCANADAPM-45-C,2025-03-06T01:57:58.372547Z,29.00,0.6300,0.3700,yes
8573f378-2a9f-4f63-b54d-2395421dbcf8,KXCANADAPM-45-C,2025-03-06T01:57:58.372547Z,6.00,0.6200,0.3800,yes
84a1aebc-94d1-4361-b2c9-1c5abc1fb730,KXCANADAPM-45-C,2025-03-06T01:57:58.372547Z,2.00,0.6200,0.3800,yes
6e11ed82-a082-4145-b827-f6de1b625dcd,KXCANADAPM-45-C,2025-03-06T01:57:58.372547Z,2.00,0.6200,0.3800,yes
51607f2d-122a-46d6-af62-5e61173aa101,KXCANADAPM-45-C,2025-03-06T01:57:58.372547Z,3.00,0.6200,0.3800,yes
4b4a5777-fb99-42b5-97f9-495f6653a519,KXCANADAPM-45-C,2025-03-06T01:57:58.372547Z,3.00,0.6200,0.3800,yes
408884f2-0e77-464f-ba5c-dd4f286bb0f3,KXCANADAPM-45-C,2025-03-06T01:57:58.372547Z,97.00,0.6300,0.3700,yes
0e122b32-0182-4739-ad1c-96c2f54fdd36,KXCANADAPM-45-C,2025-03-06T01:57:58.372547Z,1.00,0.6200,0.3800,yes
d21cb97b-5d3b-44d2-bd70-12a1e4325659,KXCANADAPM-45-C,2025-03-06T01:44:24.285218Z,3.00,0.6000,0.4000,no
c30c06c3-379f-4c72-a85e-1875fe29c42f,KXCANADAPM-45-C,2025-03-06T01:44:24.285218Z,2.00,0.6000,0.4000,no
b2b90022-c083-4bca-aeb8-e977afa461a8,KXCANADAPM-45-C,2025-03-06T01:44:24.285218Z,3.00,0.6000,0.4000,no
893acd51-19d1-43f7-a7f2-1835461a3791,KXCANADAPM-45-C,2025-03-06T01:44:24.285218Z,2.00,0.6000,0.4000,no
7b4e9d6d-3a60-4b03-9775-1d5d6910a5a0,KXCANADAPM-45-C,2025-03-06T01:44:24.285218Z,1.00,0.6000,0.4000,no
78c35cab-a721-4502-8054-c542da11ccb8,KXCANADAPM-45-C,2025-03-06T01:44:24.285218Z,2.00,0.6000,0.4000,no
36189991-5187-4213-afc8-01716ff9bb6c,KXCANADAPM-45-C,2025-03-06T01:44:24.285218Z,2.00,0.6000,0.4000,no
3383af10-23d3-4670-afeb-ec3f40349a10,KXCANADAPM-45-C,2025-03-06T01:44:24.285218Z,3.00,0.6000,0.4000,no
2a602622-656a-4ff3-9510-502772ab48b5,KXCANADAPM-45-C,2025-03-06T01:44:24.285218Z,3.00,0.6000,0.4000,no
2545df2c-5887-46b5-89b8-5c72fd903a8f,KXCANADAPM-45-C,2025-03-06T01:44:24.285218Z,2.00,0.6000,0.4000,no
d224b607-86d9-4371-ba71-6fbc38f88cbd,KXCANADAPM-45-C,2025-03-05T23:10:15.806273Z,21.00,0.6300,0.3700,yes
0efbafa7-10d7-4f82-b621-420e13a335aa,KXCANADAPM-45-C,2025-03-05T23:10:15.806273Z,2.00,0.6200,0.3800,yes
f4342d1e-f876-47d5-8dcc-357c5f66d64c,KXCANADAPM-45-C,2025-03-05T21:02:08.51492Z,2.00,0.6200,0.3800,yes
e8e07454-7c6f-4d33-a32e-a39828a6a77a,KXCANADAPM-45-C,2025-03-05T21:02:08.51492Z,1.00,0.6200,0.3800,yes
e692ade6-6324-46e3-ad35-81e24dac95fb,KXCANADAPM-45-C,2025-03-05T21:02:08.51492Z,2.00,0.6200,0.3800,yes
dfc4ee4e-55cc-46b2-9947-e36f9e556862,KXCANADAPM-45-C,2025-03-05T21:02:08.51492Z,2.00,0.6200,0.3800,yes
d1ae8204-6529-442e-8442-73854d6e0886,KXCANADAPM-45-C,2025-03-05T21:02:08.51492Z,2.00,0.6200,0.3800,yes
b698308f-2012-4b74-b8e9-c8a0c2a089a3,KXCANADAPM-45-C,2025-03-05T21:02:08.51492Z,2.00,0.6200,0.3800,yes
968dd0a9-fd19-44eb-bd15-c88b549a1ed8,KXCANADAPM-45-C,2025-03-05T21:02:08.51492Z,2.00,0.6200,0.3800,yes
77beaa4e-ebe9-4386-907d-f15a67e1fa82,KXCANADAPM-45-C,2025-03-05T21:02:08.51492Z,1.00,0.6200,0.3800,yes
55e66419-0dae-4700-90b6-66b9d1d1996c,KXCANADAPM-45-C,2025-03-05T21:02:08.51492Z,2.00,0.6200,0.3800,yes
294ff13a-ab21-4dbc-80e2-c9dd82cd4ebe,KXCANADAPM-45-C,2025-03-05T21:02:08.51492Z,1.00,0.6200,0.3800,yes
0a3b0a97-71ec-4d0e-8daf-3c05b4c82727,KXCANADAPM-45-C,2025-03-05T21:02:08.51492Z,2.00,0.6200,0.3800,yes
085c6e91-499d-41bb-8cc0-651d050030a4,KXCANADAPM-45-C,2025-03-05T21:02:08.51492Z,2.00,0.6200,0.3800,yes
029c849e-d77d-467c-8205-a1849ff955f5,KXCANADAPM-45-C,2025-03-05T21:02:08.51492Z,2.00,0.6200,0.3800,yes
f6288bee-25d5-472a-9b98-b4a89e608bce,KXCANADAPM-45-C,2025-03-05T19:46:32.07008Z,1000.00,0.6300,0.3700,yes
f146f1fe-4172-4568-a30c-4ca367ae4442,KXCANADAPM-45-C,2025-03-05T19:46:32.07008Z,134.00,0.6100,0.3900,yes
919814d7-7f04-4a75-840a-2d1a612b235d,KXCANADAPM-45-C,2025-03-05T19:46:32.07008Z,2.00,0.6000,0.4000,yes
4ca3ac99-224a-4b56-a0d4-dd4c046e842f,KXCANADAPM-45-C,2025-03-05T19:46:32.07008Z,730.00,0.6300,0.3700,yes
4bff743c-2eda-4474-9fd5-ef46c4fa31ca,KXCANADAPM-45-C,2025-03-05T19:46:32.07008Z,136.00,0.5900,0.4100,yes
44cea434-7114-4561-a777-5bf6214fd452,KXCANADAPM-45-C,2025-03-05T19:46:32.07008Z,37.00,0.6100,0.3900,yes
44b15b5c-975c-409a-b3ab-669c391ce9bd,KXCANADAPM-45-C,2025-03-05T19:46:32.07008Z,332.00,0.6100,0.3900,yes
441721e0-2d70-453d-8495-a99a9ab38bb2,KXCANADAPM-45-C,2025-03-05T19:46:32.07008Z,3.00,0.5900,0.4100,yes
2aa6498b-1100-47bb-a2d7-7e34419542c1,KXCANADAPM-45-C,2025-03-05T19:46:32.07008Z,2.00,0.6000,0.4000,yes
0e76f8f7-9abe-4a94-8e82-5de8201e88db,KXCANADAPM-45-C,2025-03-05T19:46:32.07008Z,387.00,0.6600,0.3400,yes
05c7acba-305d-4a56-986d-0305662574ba,KXCANADAPM-45-C,2025-03-05T19:46:32.07008Z,1000.00,0.6500,0.3500,yes
03d4f7ec-3e73-490d-ae69-71e4c39e259b,KXCANADAPM-45-C,2025-03-05T19:46:32.07008Z,1.00,0.6500,0.3500,yes
558acc37-e13b-4841-84c0-83179eae36a2,KXCANADAPM-45-C,2025-03-05T19:41:21.078039Z,1.00,0.5900,0.4100,yes
43b148e1-68db-4110-9f4a-3b0a72bc37fc,KXCANADAPM-45-C,2025-03-05T18:48:45.855195Z,16.00,0.5900,0.4100,yes
a6073906-670c-4e5c-920a-d6d0eddd670c,KXCANADAPM-45-C,2025-03-05T17:30:49.106382Z,28.00,0.5900,0.4100,yes
f1384cce-9600-4430-b946-0ff67279edd4,KXCANADAPM-45-C,2025-03-05T15:26:15.376009Z,137.00,0.5800,0.4200,no
e29ef26f-59a0-4a48-a6ce-47528f7bfda9,KXCANADAPM-45-C,2025-03-05T15:26:15.376009Z,3.00,0.5800,0.4200,no
75ab6cff-2b9e-42e5-a0a9-d80cdeeae35e,KXCANADAPM-45-C,2025-03-05T15:02:09.728103Z,3.00,0.5800,0.4200,yes
01a7b2e7-a4e9-4837-988f-e41148d1bf57,KXCANADAPM-45-C,2025-03-05T15:02:09.728103Z,294.00,0.5800,0.4200,yes
5faaf62d-3e96-4ef6-bd55-a6571226b3e2,KXCANADAPM-45-C,2025-03-05T14:52:21.286679Z,500.00,0.5800,0.4200,yes
085df9ba-0347-4722-85c6-e0ac3b77ada8,KXCANADAPM-45-C,2025-03-05T14:06:42.344412Z,39.00,0.5800,0.4200,yes
5f3ff2ef-322f-480c-92d1-8ffd4dae7708,KXCANADAPM-45-C,2025-03-05T13:58:29.091048Z,167.00,0.5800,0.4200,yes
94c5715a-5bf3-497b-b1d0-fb61dde8256c,KXCANADAPM-45-C,2025-03-05T05:19:23.386433Z,3.00,0.5900,0.4100,yes
16683dbd-2f15-493b-9455-da8716446453,KXCANADAPM-45-C,2025-03-05T03:38:02.619515Z,1.00,0.5900,0.4100,yes
fad2d058-b4aa-4f7b-8fdf-1f4dbd61c3cb,KXCANADAPM-45-C,2025-03-05T03:11:05.883951Z,82.00,0.5900,0.4100,yes
1910a05b-e171-46ad-bf3a-6d49920a0ae9,KXCANADAPM-45-C,2025-03-05T02:03:47.817166Z,191.00,0.5900,0.4100,yes
a8c07976-11de-4bf8-829b-ca87b196ce19,KXCANADAPM-45-C,2025-03-05T01:53:20.747049Z,100.00,0.5800,0.4200,no
e3670e22-660c-4bcf-b89a-4ca92baba94e,KXCANADAPM-45-C,2025-03-05T00:02:33.8911Z,30.00,0.5800,0.4200,no
97f426e7-27e9-478e-b7df-8cda6db69ab8,KXCANADAPM-45-C,2025-03-04T23:53:10.65271Z,300.00,0.5800,0.4200,no
f9219ea0-5f74-461d-8bf5-9d9ff6a448ac,KXCANADAPM-45-C,2025-03-04T23:31:24.139242Z,500.00,0.5900,0.4100,yes
a216f198-deb9-4552-9921-6969d5c4bcf4,KXCANADAPM-45-C,2025-03-04T19:37:13.821981Z,1.00,0.5900,0.4100,yes
a1662c12-8eed-452a-910e-3d922a0da732,KXCANADAPM-45-C,2025-03-04T19:37:13.821981Z,1.00,0.5900,0.4100,yes
8da9865a-6473-41c1-9741-4a7cb9a43b58,KXCANADAPM-45-C,2025-03-04T19:37:13.821981Z,1.00,0.5900,0.4100,yes
40721995-e80c-4d62-b866-2b8ea102c501,KXCANADAPM-45-C,2025-03-04T19:37:13.821981Z,1.00,0.5900,0.4100,yes
40470862-77c2-45e4-835f-f28f8bc08d1e,KXCANADAPM-45-C,2025-03-04T19:37:13.821981Z,156.00,0.5900,0.4100,yes
35dd680a-f044-4fff-a2ec-2cb86bd6c8f5,KXCANADAPM-45-C,2025-03-04T19:37:13.821981Z,1.00,0.5900,0.4100,yes
224db250-a1e7-46a1-a9bc-f352b50917d2,KXCANADAPM-45-C,2025-03-04T19:37:13.821981Z,1.00,0.5900,0.4100,yes
1c55f03d-36db-4c54-a71b-6d7d6a493010,KXCANADAPM-45-C,2025-03-04T19:37:13.821981Z,1.00,0.5900,0.4100,yes
166664e9-d27c-4bb0-a63b-815b18ce68c0,KXCANADAPM-45-C,2025-03-04T19:37:13.821981Z,1.00,0.5900,0.4100,yes
eef26b51-6766-462d-b38e-5a3e68422f84,KXCANADAPM-45-C,2025-03-04T18:02:50.553946Z,392.00,0.5800,0.4200,no
e211f6ee-9015-42cb-be65-734fb726458a,KXCANADAPM-45-C,2025-03-04T18:02:50.553946Z,1.00,0.5800,0.4200,no
ba0eff5c-da2c-4d25-8856-351f1e99c62c,KXCANADAPM-45-C,2025-03-04T18:02:50.553946Z,1.00,0.5800,0.4200,no
8f59bd1b-72df-4ea6-acfc-96af2b5981d1,KXCANADAPM-45-C,2025-03-04T18:02:50.553946Z,1.00,0.5800,0.4200,no
8f28701a-6a70-4882-8faa-8c1d5ddd028a,KXCANADAPM-45-C,2025-03-04T18:02:50.553946Z,1.00,0.5800,0.4200,no
8cae3dc1-ca25-4fe7-b39d-04d17ee6e454,KXCANADAPM-45-C,2025-03-04T18:02:50.553946Z,1.00,0.5800,0.4200,no
693a080a-248b-490b-8f21-e1b4c30fe506,KXCANADAPM-45-C,2025-03-04T18:02:50.553946Z,1.00,0.5800,0.4200,no
227f6f5f-fdfe-43b7-84fe-e09338efa13d,KXCANADAPM-45-C,2025-03-04T18:02:50.553946Z,1.00,0.5800,0.4200,no
069c6243-8d79-4a21-b6b9-808e36319159,KXCANADAPM-45-C,2025-03-04T18:02:50.553946Z,1.00,0.5800,0.4200,no
f033ff08-054c-4583-84b4-a35170431db7,KXCANADAPM-45-C,2025-03-04T07:35:43.345397Z,1.00,0.6000,0.4000,no
e66bbd68-5cce-4956-bd38-2f765908c797,KXCANADAPM-45-C,2025-03-04T07:35:43.345397Z,1.00,0.6000,0.4000,no
d4f02b25-c94b-4f25-89eb-7e7be0f282ea,KXCANADAPM-45-C,2025-03-04T07:35:43.345397Z,1.00,0.6000,0.4000,no
9c905464-6a45-40f9-bf80-d57b1e78aef0,KXCANADAPM-45-C,2025-03-04T07:35:43.345397Z,1.00,0.6000,0.4000,no
900d30e4-f4ce-4bdd-80d5-f358f6307dc1,KXCANADAPM-45-C,2025-03-04T07:35:43.345397Z,1.00,0.6000,0.4000,no
8fe95f9c-63e7-4fa0-8195-f16307684373,KXCANADAPM-45-C,2025-03-04T07:35:43.345397Z,1.00,0.6000,0.4000,no
70e4d057-802e-4252-87d4-a72c3b98717a,KXCANADAPM-45-C,2025-03-04T07:35:43.345397Z,1.00,0.6000,0.4000,no
553fa9ee-83bd-4ffc-8ec7-3e2374b6d089,KXCANADAPM-45-C,2025-03-04T07:35:43.345397Z,1.00,0.6000,0.4000,no
541e6642-7758-4fe7-b264-3fb4d187c988,KXCANADAPM-45-C,2025-03-04T07:35:43.345397Z,1.00,0.6000,0.4000,no
3f5c32a4-9b88-4a4b-94e6-c68b9856dc4e,KXCANADAPM-45-C,2025-03-04T07:35:43.345397Z,1.00,0.6000,0.4000,no
3c7ad6c6-818e-4fd9-82c4-6b09b6b6c862,KXCANADAPM-45-C,2025-03-04T07:35:43.345397Z,1.00,0.6000,0.4000,no
32667147-f1be-49db-bf79-70697fb7b3e8,KXCANADAPM-45-C,2025-03-04T07:35:43.345397Z,1.00,0.6000,0.4000,no
2f1362f5-f0a4-4a63-9a37-6d73d87957e3,KXCANADAPM-45-C,2025-03-04T07:35:43.345397Z,1.00,0.6000,0.4000,no
2a2a13ed-b6c2-4740-856e-4dd2210b791d,KXCANADAPM-45-C,2025-03-04T07:35:43.345397Z,1.00,0.6000,0.4000,no
159358bb-23d6-4393-b89d-4d04cda93abf,KXCANADAPM-45-C,2025-03-04T07:35:43.345397Z,1.00,0.6000,0.4000,no
0ccccbbd-b70f-47ce-a612-18e0817c44ab,KXCANADAPM-45-C,2025-03-04T07:35:43.345397Z,1.00,0.6000,0.4000,no
49daaca7-077b-4deb-b254-9c324d279e36,KXCANADAPM-45-C,2025-03-04T02:14:09.942886Z,23.00,0.6200,0.3800,yes
f24d25e8-afec-4256-bca2-29ca33a8bd45,KXCANADAPM-45-C,2025-03-04T00:01:00.636862Z,1.00,0.6200,0.3800,yes
dc4b1eb5-58e5-4ccd-b449-ee8316ccc595,KXCANADAPM-45-C,2025-03-04T00:01:00.636862Z,1.00,0.6200,0.3800,yes
dc49b745-b99e-4c38-ba1a-8797883fd0d5,KXCANADAPM-45-C,2025-03-04T00:01:00.636862Z,270.00,0.6300,0.3700,yes
dbc743e0-e050-4354-8b2d-b291e6daf9ea,KXCANADAPM-45-C,2025-03-04T00:01:00.636862Z,1.00,0.6200,0.3800,yes
d8e1782b-96aa-48f7-a12a-54efdf6f1b4f,KXCANADAPM-45-C,2025-03-04T00:01:00.636862Z,1.00,0.6200,0.3800,yes
d84fc97a-ced2-4ddd-a094-277ce402edc9,KXCANADAPM-45-C,2025-03-04T00:01:00.636862Z,1.00,0.6200,0.3800,yes
d5dfab31-7719-48f9-9572-8df4f426c2fe,KXCANADAPM-45-C,2025-03-04T00:01:00.636862Z,1.00,0.6200,0.3800,yes
becce93c-fcc1-4a77-855e-a343c4667ece,KXCANADAPM-45-C,2025-03-04T00:01:00.636862Z,1.00,0.6200,0.3800,yes
bebbc147-504f-4f28-92ed-978562516404,KXCANADAPM-45-C,2025-03-04T00:01:00.636862Z,1.00,0.6200,0.3800,yes
b267086e-b57e-4cf5-a0bd-ab6767a15df9,KXCANADAPM-45-C,2025-03-04T00:01:00.636862Z,1.00,0.6200,0.3800,yes
9be910a4-dad6-4072-9f21-1ab92f00b718,KXCANADAPM-45-C,2025-03-04T00:01:00.636862Z,1.00,0.6200,0.3800,yes
90f06224-71a6-4d5a-b2fc-55f535622c1d,KXCANADAPM-45-C,2025-03-04T00:01:00.636862Z,1.00,0.6200,0.3800,yes
88ba3b20-416d-4b11-9075-3474e01504d0,KXCANADAPM-45-C,2025-03-04T00:01:00.636862Z,1.00,0.6200,0.3800,yes
871d0bfb-46e6-4d21-8abf-90c0576a8e59,KXCANADAPM-45-C,2025-03-04T00:01:00.636862Z,58.00,0.6200,0.3800,yes
7f0707d1-505e-4cfe-9290-3738c3c4d080,KXCANADAPM-45-C,2025-03-04T00:01:00.636862Z,1.00,0.6200,0.3800,yes
7a0ea716-cddb-4a8c-8d7d-a8e8d9d01842,KXCANADAPM-45-C,2025-03-04T00:01:00.636862Z,1.00,0.6200,0.3800,yes
788d5c29-00b2-4348-ad8e-33b4fc6233e1,KXCANADAPM-45-C,2025-03-04T00:01:00.636862Z,1.00,0.6200,0.3800,yes
61a94000-dcb1-4167-9bec-452a0398f2de,KXCANADAPM-45-C,2025-03-04T00:01:00.636862Z,1.00,0.6200,0.3800,yes
5f117c76-def7-4730-984e-8248d73ca499,KXCANADAPM-45-C,2025-03-04T00:01:00.636862Z,1.00,0.6200,0.3800,yes
4f2a2493-e930-4846-a6e4-1ed412a5fb3e,KXCANADAPM-45-C,2025-03-04T00:01:00.636862Z,1.00,0.6200,0.3800,yes
4e13de9c-ccaf-473b-b6ea-31917ef8de9d,KXCANADAPM-45-C,2025-03-04T00:01:00.636862Z,1.00,0.6200,0.3800,yes
40c3b47a-7d6d-4703-9185-cfe57c22546d,KXCANADAPM-45-C,2025-03-04T00:01:00.636862Z,1.00,0.6200,0.3800,yes
3b210367-c225-43cb-a464-d3c340dd75ec,KXCANADAPM-45-C,2025-03-04T00:01:00.636862Z,1.00,0.6200,0.3800,yes
2174aa0d-e98e-493c-89ff-1926fb90fd61,KXCANADAPM-45-C,2025-03-04T00:01:00.636862Z,1.00,0.6200,0.3800,yes
1a3de727-e01e-4d91-89bc-6e6a3dc46e05,KXCANADAPM-45-C,2025-03-04T00:01:00.636862Z,1.00,0.6200,0.3800,yes
076b4f5b-66d3-40dc-bcc9-695cc170f33c,KXCANADAPM-45-C,2025-03-04T00:01:00.636862Z,2.00,0.6200,0.3800,yes
057e2701-b262-4a3f-a8ad-f5028ebfd9cd,KXCANADAPM-45-C,2025-03-04T00:01:00.636862Z,1.00,0.6200,0.3800,yes
34822bba-8368-4875-aafc-658e653b865d,KXCANADAPM-45-C,2025-03-03T18:21:38.788115Z,100.00,0.6000,0.4000,no
db29c196-3b0e-41b3-90d6-76c5f21c654d,KXCANADAPM-45-C,2025-03-03T18:17:11.973711Z,100.00,0.6100,0.3900,no
421528ff-41e5-4171-a5bd-dfc2860b7cbe,KXCANADAPM-45-C,2025-03-03T18:17:11.973711Z,100.00,0.6000,0.4000,no
025c0de8-5736-44d8-a3c6-5abf76639748,KXCANADAPM-45-C,2025-03-03T13:14:06.2451Z,119.00,0.6000,0.4000,no
3bc64704-271f-44d7-b5bd-8953bf02e346,KXCANADAPM-45-C,2025-03-03T05:08:03.937521Z,6.00,0.6300,0.3700,yes
8394527c-48dd-44ef-9a3f-e467a8a7ac83,KXCANADAPM-45-C,2025-03-03T03:43:00.497271Z,21.00,0.6300,0.3700,yes
4e4ea9f4-9703-4ae8-8049-72d82cf5d627,KXCANADAPM-45-C,2025-03-03T02:42:15.795117Z,1.00,0.6000,0.4000,no
858226a7-1a74-4e7f-a93e-729649c5ac4c,KXCANADAPM-45-C,2025-03-03T02:42:09.558108Z,1.00,0.6300,0.3700,yes
9860a064-7153-4798-aded-027f70116e95,KXCANADAPM-45-C,2025-03-03T01:59:52.841077Z,61.00,0.6300,0.3700,yes
70b2c8c2-7480-4443-8e49-b237c342a89b,KXCANADAPM-45-C,2025-03-03T01:34:13.547341Z,60.00,0.6000,0.4000,no
7f52c2f9-874e-46ca-8e4d-d636eef05801,KXCANADAPM-45-C,2025-03-03T01:07:01.766479Z,4.00,0.6000,0.4000,no
d7d8fcde-5ca9-444d-89a0-dcdbd6450f76,KXCANADAPM-45-C,2025-03-02T22:58:38.559961Z,22.00,0.6100,0.3900,yes
bbaa026d-55f0-47ac-978b-468bb145ab20,KXCANADAPM-45-C,2025-03-02T22:02:41.895003Z,1.00,0.6000,0.4000,no
db801d47-7cab-4db0-953a-0d47aa4517c9,KXCANADAPM-45-C,2025-03-02T20:29:03.46404Z,50.00,0.6100,0.3900,no
f28cd5ba-b770-4cf5-b061-d47e0d767c31,KXCANADAPM-45-C,2025-03-02T19:33:29.704453Z,3.00,0.6200,0.3800,no
f2771618-8aa2-48ed-ade9-b7f0f6e37a8c,KXCANADAPM-45-C,2025-03-02T19:33:29.704453Z,3.00,0.6200,0.3800,no
f01bc9ca-b939-45b0-8378-94eea1841c04,KXCANADAPM-45-C,2025-03-02T19:33:29.704453Z,3.00,0.6200,0.3800,no
eeb18bb8-59bf-442c-8aef-673f632e950e,KXCANADAPM-45-C,2025-03-02T19:33:29.704453Z,1.00,0.6200,0.3800,no
ebefe213-c5b6-4cca-8d57-d223e767b4e0,KXCANADAPM-45-C,2025-03-02T19:33:29.704453Z,3.00,0.6200,0.3800,no
e8c86909-4aad-415a-9cf6-039a6547008d,KXCANADAPM-45-C,2025-03-02T19:33:29.704453Z,3.00,0.6200,0.3800,no
e202bd1b-ce04-4693-8cd8-2af9d269952e,KXCANADAPM-45-C,2025-03-02T19:33:29.704453Z,1.00,0.6200,0.3800,no
e0ee461c-1227-472d-89df-5469d8f2e744,KXCANADAPM-45-C,2025-03-02T19:33:29.704453Z,3.00,0.6300,0.3700,no
e04f8743-c4e1-4a94-aa82-f1b658aea95f,KXCANADAPM-45-C,2025-03-02T19:33:29.704453Z,3.00,0.6300,0.3700,no
dee2daa7-0aca-49cf-9f88-8105e0cde694,KXCANADAPM-45-C,2025-03-02T19:33:29.704453Z,3.00,0.6200,0.3800,no
dd906c37-a1b0-4516-99a6-8220b5ba7a63,KXCANADAPM-45-C,2025-03-02T19:33:29.704453Z,3.00,0.6300,0.3700,no
c6f4d17d-813f-4f15-96b2-1dd5cbdd1b31,KXCANADAPM-45-C,2025-03-02T19:33:29.704453Z,3.00,0.6300,0.3700,no
c4f355ca-6301-4704-a5de-263ddd7b524f,KXCANADAPM-45-C,2025-03-02T19:33:29.704453Z,3.00,0.6200,0.3800,no
c420d3ba-37fb-4720-aa82-f63eb042a73b,KXCANADAPM-45-C,2025-03-02T19:33:29.704453Z,3.00,0.6300,0.3700,no
c3f760cc-c886-424f-8ea0-e18a89201171,KXCANADAPM-45-C,2025-03-02T19:33:29.704453Z,1.00,0.6200,0.3800,no
c0c8b113-b284-41dc-af34-56f7cf6d23f5,KXCANADAPM-45-C,2025-03-02T19:33:29.704453Z,3.00,0.6300,0.3700,no
bef7fd72-2cdc-4b7e-bc31-9928eef64bd5,KXCANADAPM-45-C,2025-03-02T19:33:29.704453Z,3.00,0.6300,0.3700,no
b2eaf9fa-ca29-4519-b796-a3b4d5e9298f,KXCANADAPM-45-C,2025-03-02T19:33:29.704453Z,1.00,0.6200,0.3800,no
b299ded5-34f3-408d-b467-31cfd454335c,KXCANADAPM-45-C,2025-03-02T19:33:29.704453Z,3.00,0.6300,0.3700,no
b261f38d-bfdb-4e16-977a-ddfa250ab5b9,KXCANADAPM-45-C,2025-03-02T19:33:29.704453Z,3.00,0.6200,0.3800,no
b129ebce-fb00-4648-887d-0e2c3cd2242c,KXCANADAPM-45-C,2025-03-02T19:33:29.704453Z,3.00,0.6300,0.3700,no
a9979b7e-7ad0-47c1-a088-0dc0fcf08419,KXCANADAPM-45-C,2025-03-02T19:33:29.704453Z,3.00,0.6200,0.3800,no
9c5b6b9f-7fd9-4226-a944-41c1dd815e6c,KXCANADAPM-45-C,2025-03-02T19:33:29.704453Z,3.00,0.6300,0.3700,no
9c57ed74-bc78-46f5-976d-c38d5636c69a,KXCANADAPM-45-C,2025-03-02T19:33:29.704453Z,3.00,0.6300,0.3700,no
8e34aae3-6fa2-41ec-8d57-64bd36468da2,KXCANADAPM-45-C,2025-03-02T19:33:29.704453Z,3.00,0.6300,0.3700,no
8e00ae61-d557-4ff4-9d4a-22d150b1e504,KXCANADAPM-45-C,2025-03-02T19:33:29.704453Z,3.00,0.6200,0.3800,no
8d9e9f07-6be5-4873-a535-10b823a2a52f,KXCANADAPM-45-C,2025-03-02T19:33:29.704453Z,3.00,0.6300,0.3700,no
88b57a42-84aa-4f64-938a-b88d8bd8a796,KXCANADAPM-45-C,2025-03-02T19:33:29.704453Z,3.00,0.6300,0.3700,no
8480eacd-b5ce-436b-8fd4-dcea8af7c443,KXCANADAPM-45-C,2025-03-02T19:33:29.704453Z,3.00,0.6300,0.3700,no
81478d65-788e-4612-aaf7-7a8d4f90d352,KXCANADAPM-45-C,2025-03-02T19:33:29.704453Z,1.00,0.6200,0.3800,no
7ec8347f-63b4-4c11-b99f-a048fdf76337,KXCANADAPM-45-C,2025-03-02T19:33:29.704453Z,3.00,0.6300,0.3700,no
7b70f365-d6d2-4dc1-a2d1-61cd7fdacf90,KXCANADAPM-45-C,2025-03-02T19:33:29.704453Z,3.00,0.6200,0.3800,no
765c15e7-221b-4a59-bbd7-93dda46e18dd,KXCANADAPM-45-C,2025-03-02T19:33:29.704453Z,3.00,0.6300,0.3700,no
72ad683a-d6d3-4e33-bc5b-d84cb1669366,KXCANADAPM-45-C,2025-03-02T19:33:29.704453Z,3.00,0.6300,0.3700,no
696c25a9-18ea-4c80-b3b8-b4c34f804240,KXCANADAPM-45-C,2025-03-02T19:33:29.704453Z,3.00,0.6200,0.3800,no
5fc9084d-d4c2-4984-88ea-3cb882c58510,KXCANADAPM-45-C,2025-03-02T19:33:29.704453Z,3.00,0.6200,0.3800,no
5c265815-507a-4ed2-a56b-01fe64e630a4,KXCANADAPM-45-C,2025-03-02T19:33:29.704453Z,3.00,0.6300,0.3700,no
567f766d-7880-4b88-a25f-3e630afd3675,KXCANADAPM-45-C,2025-03-02T19:33:29.704453Z,1.00,0.6200,0.3800,no
56461de5-2f27-43ca-a8aa-6e8abe1d902a,KXCANADAPM-45-C,2025-03-02T19:33:29.704453Z,3.00,0.6300,0.3700,no
51cc2b45-fd96-4064-b129-02087569264e,KXCANADAPM-45-C,2025-03-02T19:33:29.704453Z,3.00,0.6300,0.3700,no
4e69a4f5-791a-4fe0-80e4-1df2e9d6bbed,KXCANADAPM-45-C,2025-03-02T19:33:29.704453Z,3.00,0.6300,0.3700,no
479ec584-713e-40f1-8fd0-2a13e0a5c08c,KXCANADAPM-45-C,2025-03-02T19:33:29.704453Z,3.00,0.6300,0.3700,no
46bc9457-55ff-4e5c-be3e-b7e87d0f9d2f,KXCANADAPM-45-C,2025-03-02T19:33:29.704453Z,3.00,0.6200,0.3800,no
45d17285-7b0e-4381-82e1-208ee836674d,KXCANADAPM-45-C,2025-03-02T19:33:29.704453Z,3.00,0.6300,0.3700,no
3e0b6dd3-7c3d-4f7a-bce2-375f745e4d66,KXCANADAPM-45-C,2025-03-02T19:33:29.704453Z,3.00,0.6300,0.3700,no
3779bd3d-d1aa-4f6f-b836-c0aa7ce8964f,KXCANADAPM-45-C,2025-03-02T19:33:29.704453Z,35.00,0.6200,0.3800,no
357e7929-f93e-467d-987a-a7255f48f866,KXCANADAPM-45-C,2025-03-02T19:33:29.704453Z,1.00,0.6200,0.3800,no
3019f6e9-a4e6-45da-9d21-13abeedff5ab,KXCANADAPM-45-C,2025-03-02T19:33:29.704453Z,3.00,0.6200,0.3800,no
20ce7ec3-7805-46ce-8f1f-847b1075ef9c,KXCANADAPM-45-C,2025-03-02T19:33:29.704453Z,1.00,0.6200,0.3800,no
2097b982-534e-4614-b1c8-b01283d16545,KXCANADAPM-45-C,2025-03-02T19:33:29.704453Z,3.00,0.6300,0.3700,no
1e2ee0c8-dfe2-4f4e-9dd7-6937493b1310,KXCANADAPM-45-C,2025-03-02T19:33:29.704453Z,1.00,0.6200,0.3800,no
1a914dd2-56dd-4810-8f40-b56da6dcf2c1,KXCANADAPM-45-C,2025-03-02T19:33:29.704453Z,3.00,0.6300,0.3700,no
1a0d54f9-39ff-46e8-8bed-325de67cdc90,KXCANADAPM-45-C,2025-03-02T19:33:29.704453Z,3.00,0.6200,0.3800,no
191dca4d-e767-4cc0-94da-4d4950270447,KXCANADAPM-45-C,2025-03-02T19:33:29.704453Z,3.00,0.6200,0.3800,no
16eb3d21-66c5-4174-93cc-7f3c150aed56,KXCANADAPM-45-C,2025-03-02T19:33:29.704453Z,3.00,0.6200,0.3800,no
0f9c3e71-85b3-4f91-9bb5-273addd72fcb,KXCANADAPM-45-C,2025-03-02T19:33:29.704453Z,3.00,0.6200,0.3800,no
0a26bd5e-facb-44ab-95e3-c6fe4af729ff,KXCANADAPM-45-C,2025-03-02T19:33:29.704453Z,3.00,0.6300,0.3700,no
03124f1e-104f-4a79-bceb-44909f5f54e7,KXCANADAPM-45-C,2025-03-02T19:33:29.704453Z,3.00,0.6200,0.3800,no
01486d46-591c-4841-9407-a5bb9fcd243f,KXCANADAPM-45-C,2025-03-02T19:33:29.704453Z,3.00,0.6200,0.3800,no
2b19f2e1-a760-4708-8e9e-194a61baa87d,KXCANADAPM-45-C,2025-03-02T16:35:06.241658Z,30.00,0.6400,0.3600,yes
b325700b-22fe-4ff3-a360-f4b554b2698b,KXCANADAPM-45-C,2025-03-02T13:08:36.885962Z,164.00,0.6300,0.3700,no
a7ccb9d6-f082-409a-9dc5-c559d14375d0,KXCANADAPM-45-C,2025-03-02T13:08:36.885962Z,15.00,0.6300,0.3700,no
8f8113f3-15e2-4d5b-adaa-076d25f2c92c,KXCANADAPM-45-C,2025-03-02T13:08:36.885962Z,1.00,0.6300,0.3700,no
584659c4-d313-4a23-93c6-b5d348306a07,KXCANADAPM-45-C,2025-03-02T13:08:36.885962Z,127.00,0.6300,0.3700,no
220de123-9ad1-4ffd-badb-82de7f87ad70,KXCANADAPM-45-C,2025-03-02T13:08:36.885962Z,100.00,0.6500,0.3500,no
fafde6ad-f06e-44ae-8eec-35c2e6cfee65,KXCANADAPM-45-C,2025-03-02T06:23:57.238192Z,2.00,0.6600,0.3400,yes
f76ebd62-7287-4744-9d1b-cedb387408b3,KXCANADAPM-45-C,2025-03-02T06:23:57.238192Z,2.00,0.6600,0.3400,yes
ee418450-489b-42a9-9774-bfaa36091dbe,KXCANADAPM-45-C,2025-03-02T06:23:57.238192Z,2.00,0.6600,0.3400,yes
8dd62ff7-5a80-4889-bf74-52d407af7c9e,KXCANADAPM-45-C,2025-03-02T06:23:57.238192Z,675.00,0.6600,0.3400,yes
4166cb29-52eb-403c-854b-bf7d330c18f2,KXCANADAPM-45-C,2025-03-02T06:23:57.238192Z,2.00,0.6600,0.3400,yes
2403881c-6a67-4b92-9e1a-31d8beb0c059,KXCANADAPM-45-C,2025-03-02T06:23:57.238192Z,3.00,0.6600,0.3400,yes
ebd66b1a-8259-44ca-b812-23f65ff1977c,KXCANADAPM-45-C,2025-03-01T05:41:25.504158Z,11.00,0.6600,0.3400,yes
e8207807-9b2c-49cc-8968-388a9c1d9fe4,KXCANADAPM-45-C,2025-03-01T02:22:29.856718Z,1.00,0.6500,0.3500,yes
71d6ad2c-b51d-49e9-8078-02752633418a,KXCANADAPM-45-C,2025-03-01T02:22:29.856718Z,1.00,0.6500,0.3500,yes
21ee2337-b555-4d90-90d1-c57f46a28669,KXCANADAPM-45-C,2025-03-01T02:22:29.856718Z,146.00,0.6600,0.3400,yes
f3d2e9db-62f0-419d-98d2-dce178a99716,KXCANADAPM-45-C,2025-03-01T01:00:57.113725Z,5.00,0.6600,0.3400,yes
e96f4d70-cf9b-445c-a2ab-8bc030810dcf,KXCANADAPM-45-C,2025-03-01T01:00:57.113725Z,3.00,0.6500,0.3500,yes
c270452b-14fa-48e9-85c9-890d7e592ec9,KXCANADAPM-45-C,2025-03-01T01:00:57.113725Z,5.00,0.6600,0.3400,yes
bfe92988-fa60-4e5f-8688-29d8809e9112,KXCANADAPM-45-C,2025-03-01T01:00:57.113725Z,3.00,0.6500,0.3500,yes
beadbacf-a65c-4975-88ec-82b2f0ac6bd3,KXCANADAPM-45-C,2025-03-01T01:00:57.113725Z,13.00,0.6600,0.3400,yes
36e1f111-0d29-4c81-8605-5164c91a139a,KXCANADAPM-45-C,2025-03-01T01:00:57.113725Z,1.00,0.6600,0.3400,yes
280b4a99-9949-4cf8-9aa6-0c1998ff8384,KXCANADAPM-45-C,2025-03-01T01:00:57.113725Z,3.00,0.6500,0.3500,yes
20619abd-8a24-4726-a4e8-497c69eda919,KXCANADAPM-45-C,2025-03-01T01:00:57.113725Z,5.00,0.6500,0.3500,yes
11a0cd5f-df6d-4728-b826-89b0a09ee51a,KXCANADAPM-45-C,2025-03-01T01:00:57.113725Z,1.00,0.6600,0.3400,yes
ff80601b-4f4f-4892-b2e8-94b8da3ac094,KXCANADAPM-45-C,2025-03-01T00:05:52.483735Z,3.00,0.6500,0.3500,yes
f5dc90e7-b58c-46ee-87a2-a12b72e520ca,KXCANADAPM-45-C,2025-03-01T00:05:52.483735Z,5.00,0.6500,0.3500,yes
e7480a04-533d-46ad-8019-92ab3cec9398,KXCANADAPM-45-C,2025-03-01T00:05:52.483735Z,3.00,0.6500,0.3500,yes
e4546900-3d79-4222-8123-7a2fa08bf1ec,KXCANADAPM-45-C,2025-03-01T00:05:52.483735Z,3.00,0.6500,0.3500,yes
dbadb33c-f820-4ff8-ab7d-d18f2104c0e5,KXCANADAPM-45-C,2025-03-01T00:05:52.483735Z,3.00,0.6500,0.3500,yes
d2a682b0-13ab-481b-84eb-3a39070ad7e3,KXCANADAPM-45-C,2025-03-01T00:05:52.483735Z,2.00,0.6500,0.3500,yes
c14c5c8b-e32c-4a77-8db9-165e66d184cf,KXCANADAPM-45-C,2025-03-01T00:05:52.483735Z,2.00,0.6500,0.3500,yes
bbe84e12-924e-4216-8e27-549ccf2be127,KXCANADAPM-45-C,2025-03-01T00:05:52.483735Z,2.00,0.6500,0.3500,yes
b53ab980-1dcc-4619-8da0-856f4c43d231,KXCANADAPM-45-C,2025-03-01T00:05:52.483735Z,3.00,0.6500,0.3500,yes
b4930b41-d59b-4a48-b738-21bd24a2b6af,KXCANADAPM-45-C,2025-03-01T00:05:52.483735Z,3.00,0.6500,0.3500,yes
b2f2cabc-cfad-4c51-a792-cfe06a6521e9,KXCANADAPM-45-C,2025-03-01T00:05:52.483735Z,3.00,0.6500,0.3500,yes
b2cb7200-888e-4662-91e2-67d20beec0b4,KXCANADAPM-45-C,2025-03-01T00:05:52.483735Z,3.00,0.6500,0.3500,yes
b01d2e08-e3bf-4d16-b6dc-dd0e2ac6b764,KXCANADAPM-45-C,2025-03-01T00:05:52.483735Z,1.00,0.6500,0.3500,yes
7ffdd2b2-e0ec-48df-b2e1-a253e7278e61,KXCANADAPM-45-C,2025-03-01T00:05:52.483735Z,3.00,0.6500,0.3500,yes
7d2ffcc5-8f2c-4d23-85a8-c15b346cf941,KXCANADAPM-45-C,2025-03-01T00:05:52.483735Z,3.00,0.6500,0.3500,yes
7c2c5bf0-8260-4675-b62b-65a4a3390083,KXCANADAPM-45-C,2025-03-01T00:05:52.483735Z,5.00,0.6500,0.3500,yes
767d4854-31a7-4090-86d4-10751922b8f9,KXCANADAPM-45-C,2025-03-01T00:05:52.483735Z,3.00,0.6500,0.3500,yes
74c205a7-6176-4fe4-be7e-d4b5f6a773b2,KXCANADAPM-45-C,2025-03-01T00:05:52.483735Z,1.00,0.6500,0.3500,yes
691e83f2-e630-4c11-8b06-6f189e84606c,KXCANADAPM-45-C,2025-03-01T00:05:52.483735Z,3.00,0.6500,0.3500,yes
64e95f43-7bd5-4b05-ab75-300fcc242096,KXCANADAPM-45-C,2025-03-01T00:05:52.483735Z,3.00,0.6500,0.3500,yes
4fb89427-c632-4273-a1f8-e434b07f391b,KXCANADAPM-45-C,2025-03-01T00:05:52.483735Z,1.00,0.6500,0.3500,yes
4cbd8d65-497f-4d73-bab3-50126ae91239,KXCANADAPM-45-C,2025-03-01T00:05:52.483735Z,3.00,0.6500,0.3500,yes
31d51e8b-133c-4448-b765-a6a062ee1de0,KXCANADAPM-45-C,2025-03-01T00:05:52.483735Z,3.00,0.6500,0.3500,yes
1f718c91-b5ab-43b4-bcad-6642e4e7a112,KXCANADAPM-45-C,2025-03-01T00:05:52.483735Z,3.00,0.6500,0.3500,yes
0fe9c21a-f162-491c-821d-321771d38135,KXCANADAPM-45-C,2025-03-01T00:05:52.483735Z,3.00,0.6500,0.3500,yes
065b7cc7-e47f-498c-bfce-3f038d86a416,KXCANADAPM-45-C,2025-03-01T00:05:52.483735Z,3.00,0.6500,0.3500,yes
02eacf34-f7ad-4f0b-9d09-4f22981fa945,KXCANADAPM-45-C,2025-03-01T00:05:52.483735Z,3.00,0.6500,0.3500,yes
f9cdd602-7056-42f9-9f38-389a0f8dc2f9,KXCANADAPM-45-C,2025-03-01T00:04:40.237333Z,3.00,0.6500,0.3500,yes
f3d8e90d-3459-460e-b4d4-b1f30d6effc2,KXCANADAPM-45-C,2025-03-01T00:04:40.237333Z,1.00,0.6500,0.3500,yes
f32984eb-c744-4472-87b6-151fae63bb19,KXCANADAPM-45-C,2025-03-01T00:04:40.237333Z,3.00,0.6500,0.3500,yes
e929f913-f66e-45cc-b156-8e566f8a48ab,KXCANADAPM-45-C,2025-03-01T00:04:40.237333Z,3.00,0.6500,0.3500,yes
e5e7f358-2bb0-4ecd-8109-78b9d4a20cb9,KXCANADAPM-45-C,2025-03-01T00:04:40.237333Z,3.00,0.6500,0.3500,yes
d9ab15e3-9a72-4122-bd57-d865b4276d7e,KXCANADAPM-45-C,2025-03-01T00:04:40.237333Z,1.00,0.6500,0.3500,yes
c96ea296-1d21-458b-8524-cff0f95e22f9,KXCANADAPM-45-C,2025-03-01T00:04:40.237333Z,5.00,0.6500,0.3500,yes
c43eb02e-ded4-4fa4-985c-ad328bd2504e,KXCANADAPM-45-C,2025-03-01T00:04:40.237333Z,3.00,0.6500,0.3500,yes
c3ca1e38-c6fe-4a80-b18f-e7901edaf1f6,KXCANADAPM-45-C,2025-03-01T00:04:40.237333Z,3.00,0.6500,0.3500,yes
bb8c84e8-084e-413d-8eca-6046d5397482,KXCANADAPM-45-C,2025-03-01T00:04:40.237333Z,3.00,0.6500,0.3500,yes
af86ac03-51eb-4f7d-9153-7d4a59267933,KXCANADAPM-45-C,2025-03-01T00:04:40.237333Z,1.00,0.6500,0.3500,yes
a8119468-7729-4e71-b98a-ad72caf330f4,KXCANADAPM-45-C,2025-03-01T00:04:40.237333Z,3.00,0.6500,0.3500,yes
9acae9ce-9289-4fb5-9fd9-c2d49f50b69e,KXCANADAPM-45-C,2025-03-01T00:04:40.237333Z,5.00,0.6500,0.3500,yes
92d8455e-9732-4cc9-9e5f-8b796b57a7fe,KXCANADAPM-45-C,2025-03-01T00:04:40.237333Z,3.00,0.6500,0.3500,yes
84351c9b-60ca-45c3-b72a-030c5445e6b2,KXCANADAPM-45-C,2025-03-01T00:04:40.237333Z,3.00,0.6500,0.3500,yes
73e8a92d-7124-4381-add6-5e5f22e7de70,KXCANADAPM-45-C,2025-03-01T00:04:40.237333Z,5.00,0.6500,0.3500,yes
714112a4-2cc8-4bc0-a8e8-73d1666607ce,KXCANADAPM-45-C,2025-03-01T00:04:40.237333Z,5.00,0.6500,0.3500,yes
59575ea1-a35e-4993-9cc3-0a5a852bcb6d,KXCANADAPM-45-C,2025-03-01T00:04:40.237333Z,2.00,0.6500,0.3500,yes
53dcf546-f148-48ad-8086-8ad8611fb9e9,KXCANADAPM-45-C,2025-03-01T00:04:40.237333Z,1.00,0.6500,0.3500,yes
53d3e34b-e9ac-4df8-93a9-62d6f6975d89,KXCANADAPM-45-C,2025-03-01T00:04:40.237333Z,3.00,0.6500,0.3500,yes
4d82920c-293f-4113-9ac7-4df29ad6a3c0,KXCANADAPM-45-C,2025-03-01T00:04:40.237333Z,1.00,0.6500,0.3500,yes
4a250e10-a0c6-4180-a157-1f31ae8d8a7a,KXCANADAPM-45-C,2025-03-01T00:04:40.237333Z,3.00,0.6500,0.3500,yes
42ba4d4f-366f-40fb-af7e-c9291dfcfbf5,KXCANADAPM-45-C,2025-03-01T00:04:40.237333Z,5.00,0.6500,0.3500,yes
41f8a051-99ee-4e82-83e5-7a8b130af27f,KXCANADAPM-45-C,2025-03-01T00:04:40.237333Z,3.00,0.6500,0.3500,yes
03852521-506a-46e3-8a51-cb37fd81520e,KXCANADAPM-45-C,2025-03-01T00:04:40.237333Z,3.00,0.6500,0.3500,yes
f83cdce1-7b3d-4020-bfd5-659329a41d40,KXCANADAPM-45-C,2025-02-28T22:30:06.388932Z,2.00,0.6300,0.3700,no
f530e78f-6428-477d-a248-66be77fb5398,KXCANADAPM-45-C,2025-02-28T22:30:06.388932Z,5.00,0.6300,0.3700,no
f51a50c5-2a39-441b-9daf-c10a446ef56e,KXCANADAPM-45-C,2025-02-28T22:30:06.388932Z,2.00,0.6300,0.3700,no
e9016003-135e-4bd4-9de6-7b6fcb4a731c,KXCANADAPM-45-C,2025-02-28T22:30:06.388932Z,2.00,0.6400,0.3600,no
e744ebee-b3cb-47c7-b70f-d6ca23593cb0,KXCANADAPM-45-C,2025-02-28T22:30:06.388932Z,3.00,0.6300,0.3700,no
c8789205-15a2-40cd-b030-d8685bbe33af,KXCANADAPM-45-C,2025-02-28T22:30:06.388932Z,2.00,0.6300,0.3700,no
b1582612-ec2b-413a-9580-e242af588193,KXCANADAPM-45-C,2025-02-28T22:30:06.388932Z,2.00,0.6400,0.3600,no
b05c0af1-096a-4947-a416-34741b391eeb,KXCANADAPM-45-C,2025-02-28T22:30:06.388932Z,2.00,0.6400,0.3600,no
a30207f2-ad85-4eef-b541-72d94a66a3c5,KXCANADAPM-45-C,2025-02-28T22:30:06.388932Z,2.00,0.6300,0.3700,no
a00807c2-bb68-4cb6-b434-82a084a03896,KXCANADAPM-45-C,2025-02-28T22:30:06.388932Z,2.00,0.6300,0.3700,no
8b547153-2553-4c4c-bff7-2d1cba0759e5,KXCANADAPM-45-C,2025-02-28T22:30:06.388932Z,5.00,0.6400,0.3600,no
8a454a58-b249-4e4a-bdb7-b8f2b88f682b,KXCANADAPM-45-C,2025-02-28T22:30:06.388932Z,5.00,0.6300,0.3700,no
84e625a0-dbd8-40eb-8300-3030e7ac6fea,KXCANADAPM-45-C,2025-02-28T22:30:06.388932Z,2.00,0.6400,0.3600,no
6fc85c1e-71d3-4bcd-8937-bbad5a5cee29,KXCANADAPM-45-C,2025-02-28T22:30:06.388932Z,3.00,0.6300,0.3700,no
690b635c-a960-494c-9963-b66259351ca1,KXCANADAPM-45-C,2025-02-28T22:30:06.388932Z,1.00,0.6300,0.3700,no
5d458b44-51d9-43df-9b63-1795d1c11725,KXCANADAPM-45-C,2025-02-28T22:30:06.388932Z,5.00,0.6300,0.3700,no
552e5130-d20b-42ea-ae4f-cb3a080d6bf0,KXCANADAPM-45-C,2025-02-28T22:30:06.388932Z,5.00,0.6300,0.3700,no
4f0c1dcd-244b-433c-acb6-e1f663c4c8b9,KXCANADAPM-45-C,2025-02-28T22:30:06.388932Z,3.00,0.6300,0.3700,no
4a39b10c-00a7-4657-8404-35cd41a1be96,KXCANADAPM-45-C,2025-02-28T22:30:06.388932Z,196.00,0.6300,0.3700,no
48920b65-b891-4569-9abf-7f755896eb3f,KXCANADAPM-45-C,2025-02-28T22:30:06.388932Z,1.00,0.6300,0.3700,no
45dea44a-2229-41d7-85ed-cc99c9d5dfd0,KXCANADAPM-45-C,2025-02-28T22:30:06.388932Z,2.00,0.6400,0.3600,no
42ca22e0-82ab-46e8-ba59-c71ab1e11803,KXCANADAPM-45-C,2025-02-28T22:30:06.388932Z,5.00,0.6400,0.3600,no
1c48865e-691a-4cd2-8f90-96cddb31a7d1,KXCANADAPM-45-C,2025-02-28T22:30:06.388932Z,2.00,0.6300,0.3700,no
e52b06be-6427-4296-bf98-e0d11d3a0e5d,KXCANADAPM-45-C,2025-02-28T20:48:37.087589Z,3.00,0.6400,0.3600,no
de1fc74e-ef9b-425f-8ffc-32b7ceb3d436,KXCANADAPM-45-C,2025-02-28T20:48:37.087589Z,2.00,0.6400,0.3600,no
d1adec27-0206-4a2d-8193-2314ad62bec4,KXCANADAPM-45-C,2025-02-28T20:48:37.087589Z,2.00,0.6400,0.3600,no
caf919dd-778c-4f2d-89ee-878dd6eb4537,KXCANADAPM-45-C,2025-02-28T20:48:37.087589Z,1.00,0.6400,0.3600,no
cab98364-cdc1-43d9-b299-d19a261394d1,KXCANADAPM-45-C,2025-02-28T20:48:37.087589Z,2.00,0.6400,0.3600,no
c1f11b2e-e94e-4c8f-a4aa-6293cb249fe2,KXCANADAPM-45-C,2025-02-28T20:48:37.087589Z,1.00,0.6400,0.3600,no
b5ab74cd-859e-4a57-98fc-6866565da1b1,KXCANADAPM-45-C,2025-02-28T20:48:37.087589Z,3.00,0.6400,0.3600,no
9155a985-24f1-481a-8b4c-e114a7cebe1e,KXCANADAPM-45-C,2025-02-28T20:48:37.087589Z,1.00,0.6400,0.3600,no
80d3ca34-5ff0-4211-8315-edf46a2a8385,KXCANADAPM-45-C,2025-02-28T20:48:37.087589Z,1.00,0.6300,0.3700,no
6e1af766-de5c-40e3-86b9-6e839d7e25b3,KXCANADAPM-45-C,2025-02-28T20:48:37.087589Z,2.00,0.6400,0.3600,no
678a8fbf-955c-4c35-8fe5-25a92a35418a,KXCANADAPM-45-C,2025-02-28T20:48:37.087589Z,2.00,0.6400,0.3600,no
5e8e6059-2152-42f5-8d24-082aa5f75e72,KXCANADAPM-45-C,2025-02-28T20:48:37.087589Z,3.00,0.6400,0.3600,no
5621964d-e291-41f6-bbf2-d79553855274,KXCANADAPM-45-C,2025-02-28T20:48:37.087589Z,3.00,0.6400,0.3600,no
4c121fc5-df08-479d-ab74-ccfd6c6216a0,KXCANADAPM-45-C,2025-02-28T20:48:37.087589Z,5.00,0.6400,0.3600,no
48825179-579d-4d96-8cab-73e64331375d,KXCANADAPM-45-C,2025-02-28T20:48:37.087589Z,5.00,0.6400,0.3600,no
456518ae-f24a-43b7-a795-f32bce4f3a7a,KXCANADAPM-45-C,2025-02-28T20:48:37.087589Z,6.00,0.6400,0.3600,no
3d122034-7bfc-43dc-a43d-25c9cf59793f,KXCANADAPM-45-C,2025-02-28T20:48:37.087589Z,3.00,0.6300,0.3700,no
34fdcb62-d562-4252-9190-1c4a65ef2f62,KXCANADAPM-45-C,2025-02-28T20:48:37.087589Z,2.00,0.6400,0.3600,no
339c5496-2492-4c42-b3d6-f3532ba99829,KXCANADAPM-45-C,2025-02-28T20:48:37.087589Z,2.00,0.6400,0.3600,no
0ea4ac1e-f4e1-4467-9c7e-0e4875fe9619,KXCANADAPM-45-C,2025-02-28T20:48:37.087589Z,1.00,0.6400,0.3600,no
0c48de9f-84fe-4e13-8d96-afc55b81c35b,KXCANADAPM-45-C,2025-02-28T20:48:37.087589Z,2.00,0.6400,0.3600,no
b776c1d9-1d5d-4ac4-abe5-2d6acb1cba7f,KXCANADAPM-45-C,2025-02-28T18:56:39.53241Z,3.00,0.6600,0.3400,yes
b40d2f6f-6a64-4192-8689-33fa7f61d2a7,KXCANADAPM-45-C,2025-02-28T18:56:39.53241Z,3.00,0.6600,0.3400,yes
8ba82f3f-0599-4edb-b748-39a62987ff5d,KXCANADAPM-45-C,2025-02-28T18:56:39.53241Z,3.00,0.6600,0.3400,yes
7222b698-9646-488b-a9f1-62156989ee82,KXCANADAPM-45-C,2025-02-28T18:56:39.53241Z,3.00,0.6600,0.3400,yes
5a0b64a3-ae4e-4892-ab37-0544998983d1,KXCANADAPM-45-C,2025-02-28T18:56:39.53241Z,1.00,0.6600,0.3400,yes
1a26812b-9679-4460-9c37-c7b9dc36b836,KXCANADAPM-45-C,2025-02-28T18:56:39.53241Z,30.00,0.6700,0.3300,yes
fd7eecd5-a48c-40b4-9dd8-1fbf1fa2d803,KXCANADAPM-45-C,2025-02-28T18:42:42.320307Z,3.00,0.6600,0.3400,yes
f4153f28-8085-49cb-bf6c-df800e5b5ff3,KXCANADAPM-45-C,2025-02-28T18:42:42.320307Z,3.00,0.6600,0.3400,yes
f096cb31-05e4-4b9a-abf5-403d9ac34751,KXCANADAPM-45-C,2025-02-28T18:42:42.320307Z,3.00,0.6600,0.3400,yes
bce000f1-4a3b-4f06-8058-b13a653f80f1,KXCANADAPM-45-C,2025-02-28T18:42:42.320307Z,2.00,0.6600,0.3400,yes
9983a37f-94e2-4c9c-8bcb-bcd9f2425fba,KXCANADAPM-45-C,2025-02-28T18:42:42.320307Z,3.00,0.6600,0.3400,yes
8bf7d0ed-9d05-4830-972f-eb5e71d0bf39,KXCANADAPM-45-C,2025-02-28T18:42:42.320307Z,3.00,0.6600,0.3400,yes
431f3778-d55f-4e9e-995d-ebf08038c08a,KXCANADAPM-45-C,2025-02-28T18:42:42.320307Z,3.00,0.6600,0.3400,yes
239db03e-20a4-476c-adb7-401680807ac8,KXCANADAPM-45-C,2025-02-28T18:42:42.320307Z,3.00,0.6600,0.3400,yes
21cc6881-a8b3-4a77-9f02-e6c82566cb8a,KXCANADAPM-45-C,2025-02-28T18:42:42.320307Z,3.00,0.6600,0.3400,yes
1adbef93-a401-4a29-860c-53eab5b4d45b,KXCANADAPM-45-C,2025-02-28T18:42:42.320307Z,3.00,0.6600,0.3400,yes
1643fb65-b33c-4f36-b504-285ca92af048,KXCANADAPM-45-C,2025-02-28T18:42:42.320307Z,3.00,0.6600,0.3400,yes
04de0a9e-9705-4e37-a99f-bd9d82c111e3,KXCANADAPM-45-C,2025-02-28T18:42:42.320307Z,3.00,0.6600,0.3400,yes
d1d3621b-ae54-4b83-945c-6048dee114e4,KXCANADAPM-45-C,2025-02-28T15:01:03.97658Z,100.00,0.6600,0.3400,yes
9554bc69-c01f-4596-9123-d1f44ab14ae6,KXCANADAPM-45-C,2025-02-28T04:58:03.565766Z,100.00,0.6400,0.3600,yes
f775ceef-f9f8-432f-93f8-f0364a85cb16,KXCANADAPM-45-C,2025-02-28T04:14:46.947105Z,72.00,0.6400,0.3600,no
e9a08e58-fbd9-4415-8eb0-f6a11ec1f13a,KXCANADAPM-45-C,2025-02-28T04:14:46.947105Z,2.00,0.6400,0.3600,no
e82f488b-0010-4c5c-beac-fe4a2134ce33,KXCANADAPM-45-C,2025-02-28T04:14:46.947105Z,2.00,0.6400,0.3600,no
e73190a6-bd5e-4f60-b48a-7712f8f619b4,KXCANADAPM-45-C,2025-02-28T04:14:46.947105Z,2.00,0.6400,0.3600,no
e2acd8ef-1f45-43fc-b8f3-9f4ac46e34f5,KXCANADAPM-45-C,2025-02-28T04:14:46.947105Z,2.00,0.6400,0.3600,no
df8f9d61-eaa0-442f-af7b-10b02dc6d7e6,KXCANADAPM-45-C,2025-02-28T04:14:46.947105Z,2.00,0.6400,0.3600,no
dd0c6872-3413-46ac-aeee-c696aa5b7f13,KXCANADAPM-45-C,2025-02-28T04:14:46.947105Z,2.00,0.6400,0.3600,no
cc551081-da01-4426-8a05-2d4963869790,KXCANADAPM-45-C,2025-02-28T04:14:46.947105Z,37.00,0.6400,0.3600,no
c6f7e527-ba4a-4bb5-bdcc-20664b8002d3,KXCANADAPM-45-C,2025-02-28T04:14:46.947105Z,2.00,0.6400,0.3600,no
9712ab95-8818-46b6-90aa-4c3b8e22e669,KXCANADAPM-45-C,2025-02-28T04:14:46.947105Z,2.00,0.6400,0.3600,no
5390de2b-85ae-4b0a-9fde-acd8a741f411,KXCANADAPM-45-C,2025-02-28T04:14:46.947105Z,2.00,0.6400,0.3600,no
410f7d91-a319-463d-9951-2dcf6957ac05,KXCANADAPM-45-C,2025-02-28T04:14:46.947105Z,2.00,0.6400,0.3600,no
39696145-673f-4cc9-b1b8-d8985d19649c,KXCANADAPM-45-C,2025-02-28T04:14:46.947105Z,2.00,0.6400,0.3600,no
3712dd35-4b95-499e-93c6-bf7c0aa77e0d,KXCANADAPM-45-C,2025-02-28T04:14:46.947105Z,2.00,0.6400,0.3600,no
358cdf51-91f1-4466-b410-aef2be984492,KXCANADAPM-45-C,2025-02-28T04:14:46.947105Z,300.00,0.6500,0.3500,no
18501426-1d0a-4ba4-8482-0a56b907680d,KXCANADAPM-45-C,2025-02-28T04:14:46.947105Z,2.00,0.6400,0.3600,no
177a1cd5-da49-4e28-b3df-efc7d392e7a5,KXCANADAPM-45-C,2025-02-28T04:14:46.947105Z,2.00,0.6400,0.3600,no
10c5f7ca-924e-4f3a-b593-4e91340ff718,KXCANADAPM-45-C,2025-02-28T04:14:46.947105Z,28.00,0.6400,0.3600,no
0e0ca284-ab21-4148-b331-5042c51f108a,KXCANADAPM-45-C,2025-02-28T04:14:46.947105Z,2.00,0.6400,0.3600,no
02374c5b-8212-41f8-9dae-add05ea44e5e,KXCANADAPM-45-C,2025-02-28T04:14:46.947105Z,2.00,0.6400,0.3600,no
f92dfa81-15b1-4577-b372-a8d66ac3ee39,KXCANADAPM-45-C,2025-02-28T03:29:41.053983Z,8307.00,0.6600,0.3400,no
e1c99fcc-ae80-4012-8c04-50fca25f61a6,KXCANADAPM-45-C,2025-02-28T03:29:41.053983Z,25.00,0.6600,0.3400,no
3f7a1605-0449-4245-93d9-c03928ebcf97,KXCANADAPM-45-C,2025-02-28T03:12:21.11461Z,3000.00,0.6600,0.3400,no
9bf08f12-1e24-4094-8c58-de91e839c504,KXCANADAPM-45-C,2025-02-28T03:09:52.914571Z,4000.00,0.6600,0.3400,no
a9b3ed05-1c93-4642-aa40-56928dffa2b8,KXCANADAPM-45-C,2025-02-28T01:43:12.639277Z,4.00,0.6600,0.3400,no
94d1d480-3924-4a6d-af62-9e63ea17a2a1,KXCANADAPM-45-C,2025-02-28T01:43:07.450942Z,3000.00,0.6600,0.3400,no
a8544856-fb9c-456c-b87c-c8787abd1869,KXCANADAPM-45-C,2025-02-28T01:01:38.215139Z,100.00,0.6600,0.3400,no
e16ee375-c834-4038-84aa-a15739da2587,KXCANADAPM-45-C,2025-02-28T01:00:12.092792Z,986.00,0.6600,0.3400,yes
71d56f0c-26a3-4d05-85c6-fe58a3af1992,KXCANADAPM-45-C,2025-02-28T01:00:12.092792Z,8.00,0.6600,0.3400,yes
91ed5497-e637-4670-a295-7ca724ce19de,KXCANADAPM-45-C,2025-02-27T23:50:26.423731Z,995.00,0.6500,0.3500,yes
89bba7d2-6212-4058-8a7d-c06192ac6c50,KXCANADAPM-45-C,2025-02-27T23:50:26.423731Z,398.00,0.6500,0.3500,yes
678c9ace-f1cb-4e5b-8bed-00aeb95010d5,KXCANADAPM-45-C,2025-02-27T23:50:26.423731Z,3.00,0.6500,0.3500,yes
e529af11-cd8c-4363-8d05-bab1d35907e2,KXCANADAPM-45-C,2025-02-27T23:49:59.147837Z,27.00,0.6400,0.3600,yes
db00af60-707d-4c40-9ca1-5aec3a10ee85,KXCANADAPM-45-C,2025-02-27T23:49:59.147837Z,3.00,0.6400,0.3600,yes
86ef2b52-1322-43d6-a889-b5432a8b512d,KXCANADAPM-45-C,2025-02-27T23:49:59.147837Z,1.00,0.6400,0.3600,yes
54935d54-1275-4991-8082-a47d90375e2e,KXCANADAPM-45-C,2025-02-27T23:49:59.147837Z,110.00,0.6400,0.3600,yes
283b5293-aba1-4687-a8fd-7112509a941d,KXCANADAPM-45-C,2025-02-27T23:44:55.091228Z,51.00,0.6300,0.3700,no
c55d00c9-ed49-4742-b3cb-8dae42d80f47,KXCANADAPM-45-C,2025-02-27T22:24:32.49343Z,1998.00,0.6300,0.3700,yes
7de4eaa0-443b-4bbf-9564-b794eef622ee,KXCANADAPM-45-C,2025-02-27T22:24:32.49343Z,6.00,0.6300,0.3700,yes
2adce322-18ca-4e33-aed4-e05fb2086507,KXCANADAPM-45-C,2025-02-27T22:24:32.49343Z,3.00,0.6300,0.3700,yes
e4c790e5-6646-49a8-84a9-e5dc6246de5d,KXCANADAPM-45-C,2025-02-27T18:01:33.152524Z,1.00,0.6200,0.3800,no
c4d98d3e-78fa-497b-a71d-956f94e848b7,KXCANADAPM-45-C,2025-02-27T18:01:33.152524Z,1.00,0.6200,0.3800,no
bbd99aaa-7313-4ce2-890e-b1bb672ab94e,KXCANADAPM-45-C,2025-02-27T18:01:33.152524Z,1.00,0.6200,0.3800,no
7bbe9762-18e6-4921-a299-c637125637ae,KXCANADAPM-45-C,2025-02-27T18:01:33.152524Z,58.00,0.6200,0.3800,no
6a15c926-e8a0-4976-9344-06119853d9cf,KXCANADAPM-45-C,2025-02-27T18:01:33.152524Z,1.00,0.6200,0.3800,no
45e63976-49de-4b7a-a7eb-e026e1a445f2,KXCANADAPM-45-C,2025-02-27T18:01:33.152524Z,6.00,0.6200,0.3800,no
076ee765-3978-4d57-90a1-f54183072311,KXCANADAPM-45-C,2025-02-27T17:14:16.925436Z,2.00,0.6300,0.3700,yes
fff315d8-1509-45dc-8861-819fc67b6ab5,KXCANADAPM-45-C,2025-02-27T13:18:36.383102Z,2.00,0.6300,0.3700,yes
fedf4329-c14d-445e-8eb1-e258e7cf6b61,KXCANADAPM-45-C,2025-02-27T13:18:36.383102Z,2.00,0.6300,0.3700,yes
fe1783ed-e2c8-4892-ba2f-2651fc59e63c,KXCANADAPM-45-C,2025-02-27T13:18:36.383102Z,2.00,0.6300,0.3700,yes
fd9cfd57-34ff-4a53-b50c-c1fff5e3557a,KXCANADAPM-45-C,2025-02-27T13:18:36.383102Z,2.00,0.6300,0.3700,yes
f2d3e2fc-a02d-459b-a99f-5df0685154d1,KXCANADAPM-45-C,2025-02-27T13:18:36.383102Z,2.00,0.6300,0.3700,yes
f1dded3c-70a4-4149-a603-bfed3472ee9f,KXCANADAPM-45-C,2025-02-27T13:18:36.383102Z,2.00,0.6300,0.3700,yes
e824f0ae-0752-4ffd-a8c0-6e9fc6bd8a82,KXCANADAPM-45-C,2025-02-27T13:18:36.383102Z,1.00,0.6300,0.3700,yes
e2c4ab63-7188-4c1f-b8bf-6bce659c4eaf,KXCANADAPM-45-C,2025-02-27T13:18:36.383102Z,2.00,0.6300,0.3700,yes
e1eed759-2600-498a-bb4f-484a92c1d39f,KXCANADAPM-45-C,2025-02-27T13:18:36.383102Z,207.00,0.6400,0.3600,yes
e0e35b3a-12b9-40c2-a233-f67df9040e88,KXCANADAPM-45-C,2025-02-27T13:18:36.383102Z,2.00,0.6300,0.3700,yes
d8a11f99-fb87-4255-8651-18a9dcf6aa8a,KXCANADAPM-45-C,2025-02-27T13:18:36.383102Z,1.00,0.6300,0.3700,yes
ce2df07b-d106-41b7-b08d-f006c4f5dfa7,KXCANADAPM-45-C,2025-02-27T13:18:36.383102Z,1.00,0.6300,0.3700,yes
cb87cfc4-e810-4b06-9180-df467fdbfcc3,KXCANADAPM-45-C,2025-02-27T13:18:36.383102Z,2.00,0.6300,0.3700,yes
c9f8ca48-7601-4fae-9695-003bdba396d4,KXCANADAPM-45-C,2025-02-27T13:18:36.383102Z,102.00,0.6500,0.3500,yes
c907c265-d94c-4140-810b-fb22d395b262,KXCANADAPM-45-C,2025-02-27T13:18:36.383102Z,2.00,0.6300,0.3700,yes
9ca4c366-11c5-465b-9d30-00ff3a1af823,KXCANADAPM-45-C,2025-02-27T13:18:36.383102Z,2.00,0.6300,0.3700,yes
97de72c2-c021-4e30-998c-fa41c01a500a,KXCANADAPM-45-C,2025-02-27T13:18:36.383102Z,1.00,0.6300,0.3700,yes
94b1e832-c589-4401-b762-078549cb272a,KXCANADAPM-45-C,2025-02-27T13:18:36.383102Z,2.00,0.6300,0.3700,yes
8e51b9f7-e6aa-4315-9287-5a9fbd434c6e,KXCANADAPM-45-C,2025-02-27T13:18:36.383102Z,6.00,0.6400,0.3600,yes
88a54573-77a4-4cca-993a-5825c90d7e0e,KXCANADAPM-45-C,2025-02-27T13:18:36.383102Z,1.00,0.6300,0.3700,yes
7c04a808-d660-45a8-916c-1bf99b3b397c,KXCANADAPM-45-C,2025-02-27T13:18:36.383102Z,1.00,0.6300,0.3700,yes
7b3fd2e4-aa80-48ae-96f4-fa626a201793,KXCANADAPM-45-C,2025-02-27T13:18:36.383102Z,2.00,0.6300,0.3700,yes
71008f61-f783-44a0-860f-896f22b4dba1,KXCANADAPM-45-C,2025-02-27T13:18:36.383102Z,2.00,0.6300,0.3700,yes
62f17e20-c2e5-40f6-ba54-c66a86e53c79,KXCANADAPM-45-C,2025-02-27T13:18:36.383102Z,2.00,0.6300,0.3700,yes
617c558f-5aa8-4899-812e-14813ac003f6,KXCANADAPM-45-C,2025-02-27T13:18:36.383102Z,2.00,0.6300,0.3700,yes
523f5b0e-bd42-41c2-8d60-452aedda32bf,KXCANADAPM-45-C,2025-02-27T13:18:36.383102Z,2.00,0.6300,0.3700,yes
456024c2-383a-4dfd-b351-85bdaa932db0,KXCANADAPM-45-C,2025-02-27T13:18:36.383102Z,2.00,0.6300,0.3700,yes
437ae37e-406c-473a-a4b1-a1f92ae937aa,KXCANADAPM-45-C,2025-02-27T13:18:36.383102Z,1.00,0.6300,0.3700,yes
3ec5ef9f-6031-48cd-a725-d3df29399125,KXCANADAPM-45-C,2025-02-27T13:18:36.383102Z,2.00,0.6300,0.3700,yes
326516dd-89c3-477d-a107-7bacb6c1462b,KXCANADAPM-45-C,2025-02-27T13:18:36.383102Z,2.00,0.6300,0.3700,yes
29f6685d-fa69-4698-bae9-ce9907ad83d8,KXCANADAPM-45-C,2025-02-27T13:18:36.383102Z,2.00,0.6300,0.3700,yes
2917fe0a-0826-4b9e-a3ff-76652995e662,KXCANADAPM-45-C,2025-02-27T13:18:36.383102Z,1.00,0.6300,0.3700,yes
245e56f1-f037-458d-a58d-277d2951270f,KXCANADAPM-45-C,2025-02-27T13:18:36.383102Z,2.00,0.6300,0.3700,yes
136809b8-0111-4efc-94cc-b7b815b0b924,KXCANADAPM-45-C,2025-02-27T13:18:36.383102Z,2.00,0.6300,0.3700,yes
131d76e4-2e4e-4a19-b522-3a2a0387eae7,KXCANADAPM-45-C,2025-02-27T13:18:36.383102Z,2.00,0.6300,0.3700,yes
0289b388-73d8-4b32-958c-27bcf3547b1a,KXCANADAPM-45-C,2025-02-27T13:18:36.383102Z,237.00,0.6400,0.3600,yes
2ad8b160-234d-4530-8177-e815634aa5e8,KXCANADAPM-45-C,2025-02-27T05:10:02.695755Z,38.00,0.6400,0.3600,yes
c8effd8e-02ec-4a72-952d-c9a418d23cb9,KXCANADAPM-45-C,2025-02-27T02:19:33.714073Z,1.00,0.6200,0.3800,yes
7e0080d7-fb63-41b8-a2a5-998995f9be89,KXCANADAPM-45-C,2025-02-27T02:19:33.714073Z,424.00,0.6200,0.3800,yes
1d4630a9-02be-46b8-a5c1-de70bf5fee6f,KXCANADAPM-45-C,2025-02-27T02:19:33.714073Z,349.00,0.6400,0.3600,yes
e464c707-2ab0-4192-b155-cdb442edcd07,KXCANADAPM-45-C,2025-02-26T21:15:27.896326Z,210.00,0.6100,0.3900,no
38887e5b-22f8-413c-ba04-52675d02e2ac,KXCANADAPM-45-C,2025-02-26T20:06:20.236584Z,276.00,0.6200,0.3800,yes
de2347b3-75ac-46ac-8016-3642aaa6a046,KXCANADAPM-45-C,2025-02-26T17:59:13.168137Z,5.00,0.6200,0.3800,yes
27f530e8-943a-4884-b928-4462fd16e82a,KXCANADAPM-45-C,2025-02-26T17:59:13.168137Z,122.00,0.6200,0.3800,yes
0f175dc2-2a72-402b-ab9f-775c54261e60,KXCANADAPM-45-C,2025-02-26T17:59:13.168137Z,29.00,0.6400,0.3600,yes
bb2a6c8c-b443-4690-af62-169f8ad03753,KXCANADAPM-45-C,2025-02-26T17:43:11.432205Z,90.00,0.6000,0.4000,no
ac4ef683-7f66-48cc-b423-0547f32ef401,KXCANADAPM-45-C,2025-02-26T17:40:37.058364Z,6.00,0.6000,0.4000,no
31ab5617-d997-4b19-a7eb-b1bec92d9acb,KXCANADAPM-45-C,2025-02-26T17:40:37.058364Z,8.00,0.6000,0.4000,no
1a8617a4-72ba-452d-80b4-b955ae5b1e9b,KXCANADAPM-45-C,2025-02-26T17:40:37.058364Z,10.00,0.6000,0.4000,no
4fd205e9-49f3-4c2b-ac66-45a06789f77d,KXCANADAPM-45-C,2025-02-26T13:50:17.11825Z,118.00,0.6100,0.3900,yes
0f24d7fc-a052-4b47-b6cf-205d78636212,KXCANADAPM-45-C,2025-02-26T13:50:17.11825Z,6.00,0.6100,0.3900,yes
55f772c0-1815-4501-a653-6bd9de7d1b2f,KXCANADAPM-45-C,2025-02-26T06:19:04.35372Z,11.00,0.6000,0.4000,no
0cad6582-1d80-4727-8725-f36abe9db703,KXCANADAPM-45-C,2025-02-26T06:17:54.787703Z,6.00,0.6000,0.4000,no
f53f366d-53f0-4539-87eb-7c0e19ca6671,KXCANADAPM-45-C,2025-02-26T06:17:33.982215Z,3.00,0.6100,0.3900,yes
35e59147-cce2-420f-8bf9-65954c67df34,KXCANADAPM-45-C,2025-02-26T06:17:11.806144Z,3.00,0.6100,0.3900,yes
7b42cc7d-f8e8-499e-8928-5127a27c01ea,KXCANADAPM-45-C,2025-02-26T05:15:44.60249Z,2.00,0.6200,0.3800,no
5e8ef8b3-b9d7-4e67-9e46-5d25838ad085,KXCANADAPM-45-C,2025-02-26T05:15:44.60249Z,20.00,0.6100,0.3900,no
463fa609-60ae-4397-b3c6-cb318077ce4c,KXCANADAPM-45-C,2025-02-26T05:15:44.60249Z,1.00,0.6100,0.3900,no
411aa85f-6f59-4620-8fe6-3ff95316ccb5,KXCANADAPM-45-C,2025-02-26T05:15:44.60249Z,845.00,0.6100,0.3900,no
899edf74-7308-4698-b918-ed0454d53b80,KXCANADAPM-45-C,2025-02-26T03:04:55.78076Z,45.00,0.6400,0.3600,no
27962566-7811-488f-9f19-60a65eca2e89,KXCANADAPM-45-C,2025-02-26T03:04:53.158741Z,50.00,0.6600,0.3400,no
09799a1c-6ef5-43a0-b354-e72569eda106,KXCANADAPM-45-C,2025-02-26T03:04:53.158741Z,25.00,0.6400,0.3600,no
e9968438-8493-42bd-bdaf-acfbf7aac5dd,KXCANADAPM-45-C,2025-02-26T02:46:23.648125Z,45.00,0.6600,0.3400,no
de849d08-d28f-4f57-9ce4-79bb1c742f73,KXCANADAPM-45-C,2025-02-26T02:46:23.648125Z,50.00,0.6400,0.3600,no
cd7a2de5-8451-48c3-a62f-214c4f94e962,KXCANADAPM-45-C,2025-02-26T02:46:23.648125Z,50.00,0.6400,0.3600,no
6e6f0f5b-3e34-4f64-9a62-ba8421987715,KXCANADAPM-45-C,2025-02-26T02:46:23.648125Z,1.00,0.6500,0.3500,no
639d6915-a701-4939-ae6e-9829999dbd5a,KXCANADAPM-45-C,2025-02-26T02:46:23.648125Z,210.00,0.6500,0.3500,no
38392b36-d4bc-4fda-8ca0-b883724a64a2,KXCANADAPM-45-C,2025-02-26T02:46:23.648125Z,407.00,0.6400,0.3600,no
36c37964-c99a-485f-81f1-a808d2ab6249,KXCANADAPM-45-C,2025-02-26T02:46:23.648125Z,207.00,0.6400,0.3600,no
0434106a-da2c-4c20-b8f9-6522062493e3,KXCANADAPM-45-C,2025-02-26T02:46:23.648125Z,30.00,0.6600,0.3400,no
ec14890f-abfa-422d-ab20-fd32bed9fb0a,KXCANADAPM-45-C,2025-02-26T00:19:51.876655Z,30.00,0.6700,0.3300,yes
f1afc50e-4116-454b-82f7-478333eb9bda,KXCANADAPM-45-C,2025-02-26T00:18:10.304488Z,20.00,0.6700,0.3300,yes
ad726efd-2584-45f0-89ed-f76e5da9fde3,KXCANADAPM-45-C,2025-02-25T19:23:58.292482Z,7.00,0.6900,0.3100,yes
10aae863-8e5b-476d-bbda-5b897521e68b,KXCANADAPM-45-C,2025-02-25T18:06:54.142301Z,2.00,0.6600,0.3400,no
6c71e83b-90bb-4a91-936a-f83b95f08107,KXCANADAPM-45-C,2025-02-25T16:58:20.602046Z,14.00,0.6600,0.3400,no
4755f475-ae22-4c78-ad09-f9c9cc0ae47c,KXCANADAPM-45-C,2025-02-25T15:26:02.613602Z,209.00,0.6800,0.3200,no
3ed6bed4-4c5a-4d27-a835-9da3f2360c7a,KXCANADAPM-45-C,2025-02-25T15:26:02.613602Z,3.00,0.6700,0.3300,no
8a256cf2-0463-4d72-94bb-7139d3ec4524,KXCANADAPM-45-C,2025-02-25T15:25:51.015459Z,93.00,0.6800,0.3200,no
7efdadb9-a702-4c51-89a4-3c79882b43cf,KXCANADAPM-45-C,2025-02-25T02:13:49.480955Z,298.00,0.6800,0.3200,no
e78c8d03-662e-4a80-a8f6-db668bd8743d,KXCANADAPM-45-C,2025-02-25T01:55:59.576196Z,3.00,0.6900,0.3100,no
d90956bc-1758-468a-972c-036c132b1a49,KXCANADAPM-45-C,2025-02-25T01:55:59.576196Z,50.00,0.6900,0.3100,no
99350566-dcb4-4046-8437-989cad2d327a,KXCANADAPM-45-C,2025-02-25T01:55:59.576196Z,34.00,0.6900,0.3100,no
8cf153c5-41c5-4832-b69e-cd331e445aee,KXCANADAPM-45-C,2025-02-25T01:55:59.576196Z,27.00,0.6900,0.3100,no
08f5d6da-d1c4-4512-893c-4575af95d92e,KXCANADAPM-45-C,2025-02-25T01:55:59.576196Z,265.00,0.6900,0.3100,no
4da54b6d-6d43-471f-bc38-75652e2c8ea8,KXCANADAPM-45-C,2025-02-24T19:57:48.841838Z,69.00,0.7100,0.2900,yes
afbdec2e-8773-4a75-8907-62bf0834bab5,KXCANADAPM-45-C,2025-02-24T16:11:38.326613Z,44.00,0.7100,0.2900,yes
39bb1438-2589-4c7e-a5c8-f8f4a0e1b596,KXCANADAPM-45-C,2025-02-24T16:11:38.326613Z,283.00,0.7100,0.2900,yes
1b5dbc01-3e0e-4883-bce3-a3937d4be5c1,KXCANADAPM-45-C,2025-02-24T16:11:38.326613Z,3.00,0.7100,0.2900,yes
21f8657a-9a64-4344-ba1e-7158eb36f887,KXCANADAPM-45-C,2025-02-24T16:11:33.851364Z,126.00,0.7100,0.2900,yes
b40c60aa-ced3-4367-83da-4bf54554e37e,KXCANADAPM-45-C,2025-02-24T03:19:05.206739Z,5.00,0.7000,0.3000,no
a238712a-c8ba-40e4-9505-a6fac31cb53a,KXCANADAPM-45-C,2025-02-22T02:09:50.60691Z,3.00,0.7200,0.2800,no
71998952-183d-4083-8c63-5b9fdbbd01ca,KXCANADAPM-45-C,2025-02-22T02:09:50.60691Z,4800.00,0.7200,0.2800,no
4793a15f-cf4a-4666-9ad1-6ddbaeb58c3e,KXCANADAPM-45-C,2025-02-21T21:44:04.736613Z,200.00,0.7200,0.2800,no
50ec6a10-8dbd-4616-8567-b31728e35315,KXCANADAPM-45-C,2025-02-21T20:16:53.237783Z,2.00,0.7300,0.2700,yes
c9c9dc9f-7d2e-446e-85f4-00530c31e7fd,KXCANADAPM-45-C,2025-02-21T13:08:28.611786Z,1.00,0.7300,0.2700,yes
f2db920d-4a4a-4d33-bd8a-f523046379d0,KXCANADAPM-45-C,2025-02-21T07:11:10.483429Z,1.00,0.7200,0.2800,yes
e422c09f-e898-4e76-a66b-219e74cffb37,KXCANADAPM-45-C,2025-02-21T07:11:10.483429Z,2.00,0.7200,0.2800,yes
e3d92993-992b-45f9-804b-de0f846d7ccf,KXCANADAPM-45-C,2025-02-21T07:11:10.483429Z,2.00,0.7200,0.2800,yes
e1449492-d6b6-4fe1-89c0-065dcf979b11,KXCANADAPM-45-C,2025-02-21T07:11:10.483429Z,2.00,0.7200,0.2800,yes
8f1556be-ac6a-4288-8365-78b304c6b3b1,KXCANADAPM-45-C,2025-02-21T07:11:10.483429Z,3.00,0.7200,0.2800,yes
74708abf-fae3-4bc7-8fff-240b7505db6e,KXCANADAPM-45-C,2025-02-21T07:11:10.483429Z,1.00,0.7200,0.2800,yes
72b7bfdf-fa36-403c-8927-b35fae3938a2,KXCANADAPM-45-C,2025-02-21T07:11:10.483429Z,3.00,0.7200,0.2800,yes
6788f1f0-6d62-443d-b790-093fd039163e,KXCANADAPM-45-C,2025-02-21T07:11:10.483429Z,2.00,0.7200,0.2800,yes
480a8320-45fb-4067-a5a9-b46ab439911d,KXCANADAPM-45-C,2025-02-21T07:11:10.483429Z,1.00,0.7200,0.2800,yes
39123c68-db32-446a-8221-92b6a4453319,KXCANADAPM-45-C,2025-02-21T07:11:10.483429Z,3.00,0.7200,0.2800,yes
2952e18f-a68e-470f-b1b8-4a4bdd2372a4,KXCANADAPM-45-C,2025-02-21T07:11:10.483429Z,2.00,0.7200,0.2800,yes
27faf6d5-7007-4b5c-83b3-d3b61b0a3c0c,KXCANADAPM-45-C,2025-02-21T07:11:10.483429Z,2.00,0.7200,0.2800,yes
1f0ce04d-b86c-43d5-b1cd-c918eb106509,KXCANADAPM-45-C,2025-02-21T07:11:10.483429Z,2.00,0.7200,0.2800,yes
0e921d8e-5e26-4a08-b8e1-7db7a1eaf1be,KXCANADAPM-45-C,2025-02-21T07:11:10.483429Z,3.00,0.7200,0.2800,yes
0b6971f7-1c9a-43fc-a7ae-aad66322c073,KXCANADAPM-45-C,2025-02-21T07:11:10.483429Z,2.00,0.7200,0.2800,yes
0a5d0511-eabf-494d-829e-b5d7ee7136e8,KXCANADAPM-45-C,2025-02-21T07:11:10.483429Z,1.00,0.7200,0.2800,yes
0124cbee-d5de-4386-9b93-58af25abcd99,KXCANADAPM-45-C,2025-02-21T07:11:10.483429Z,1.00,0.7200,0.2800,yes
d8c34026-edfd-4bb9-8820-1709d3e23e9a,KXCANADAPM-45-C,2025-02-21T05:53:28.735483Z,83.00,0.7100,0.2900,yes
fc5f75e6-e777-4699-a300-7f52b7c3fd82,KXCANADAPM-45-C,2025-02-21T05:41:16.06532Z,3.00,0.7200,0.2800,yes
f94ef55e-24d3-47ec-9637-5c5117731cc1,KXCANADAPM-45-C,2025-02-21T05:41:16.06532Z,90.00,0.7100,0.2900,yes
f87e0e11-7cf2-45cc-9696-909c815b8c4c,KXCANADAPM-45-C,2025-02-21T05:41:16.06532Z,1.00,0.7200,0.2800,yes
dc4066e5-017e-4132-b48c-9561ef29efa0,KXCANADAPM-45-C,2025-02-21T05:41:16.06532Z,25.00,0.7300,0.2700,yes
daacdc9b-3ff0-411c-97e5-09385c5b819f,KXCANADAPM-45-C,2025-02-21T05:41:16.06532Z,1.00,0.7200,0.2800,yes
b7ce2f8f-406c-4b28-8257-49400a527788,KXCANADAPM-45-C,2025-02-21T05:41:16.06532Z,1.00,0.7300,0.2700,yes
9c59fb10-41c1-4344-bfc6-59343d99ff51,KXCANADAPM-45-C,2025-02-21T05:41:16.06532Z,1.00,0.7200,0.2800,yes
80ad6c35-044c-4c04-9bc7-aff01a053eaf,KXCANADAPM-45-C,2025-02-21T05:41:16.06532Z,7.00,0.7100,0.2900,yes
533f277e-2fbf-454e-96b6-7dc4545cb468,KXCANADAPM-45-C,2025-02-21T05:41:16.06532Z,1.00,0.7300,0.2700,yes
4eeb8a48-a179-4ec3-83b6-947d7a4a47ee,KXCANADAPM-45-C,2025-02-21T05:41:16.06532Z,1.00,0.7300,0.2700,yes
4e3025fd-76d6-4c35-8adb-ec2abfdd66c6,KXCANADAPM-45-C,2025-02-21T05:41:16.06532Z,1.00,0.7300,0.2700,yes
448c73da-3e0e-49bb-bacc-1e18d605684e,KXCANADAPM-45-C,2025-02-21T05:41:16.06532Z,1.00,0.7200,0.2800,yes
3137d3a3-877f-448a-b2c9-8dca7f9e7a9d,KXCANADAPM-45-C,2025-02-21T05:41:16.06532Z,1.00,0.7200,0.2800,yes
30e7eded-ce9a-403f-8dbb-3782551c32b6,KXCANADAPM-45-C,2025-02-21T05:41:16.06532Z,1.00,0.7200,0.2800,yes
2183107b-f175-47f4-8c3c-44a389e7024f,KXCANADAPM-45-C,2025-02-21T05:41:16.06532Z,1.00,0.7300,0.2700,yes
0d001ad3-4a88-42b6-9798-6434d55698fd,KXCANADAPM-45-C,2025-02-21T05:41:16.06532Z,1.00,0.7300,0.2700,yes
0bd7ad03-9f97-4952-9421-98e6f3fc13f3,KXCANADAPM-45-C,2025-02-21T05:39:19.415235Z,138.00,0.7100,0.2900,yes
be0aa2c8-510a-4b9c-bc50-9761e26a6c0b,KXCANADAPM-45-C,2025-02-21T03:25:42.421428Z,1.00,0.7100,0.2900,yes
f713535e-eac7-4ff3-b67c-87f78060b4be,KXCANADAPM-45-C,2025-02-20T21:43:01.602868Z,1.00,0.7100,0.2900,yes
617110d6-6697-40b0-abad-4c0fad0e0afd,KXCANADAPM-45-C,2025-02-20T21:17:09.278012Z,828.00,0.6800,0.3200,no
de6f650e-d85b-43ed-9551-28e7645a72ef,KXCANADAPM-45-C,2025-02-20T21:11:54.015888Z,1.00,0.6900,0.3100,no
bd988025-3ab3-4a6d-8dc2-1219c104a13a,KXCANADAPM-45-C,2025-02-20T21:11:54.015888Z,304.00,0.6900,0.3100,no
3f2404c1-0126-4946-a5c0-71b491b50844,KXCANADAPM-45-C,2025-02-20T21:11:54.015888Z,3.00,0.6900,0.3100,no
322a8758-b12b-46f8-b906-bdcd9dbb23d3,KXCANADAPM-45-C,2025-02-20T21:11:54.015888Z,2.00,0.6900,0.3100,no
31a5ac66-f63e-4584-b8ff-4e4cbed8769b,KXCANADAPM-45-C,2025-02-20T21:11:54.015888Z,13.00,0.6900,0.3100,no
23cb7ea8-d30d-4b94-9f46-20a1e6995815,KXCANADAPM-45-C,2025-02-20T21:11:54.015888Z,131.00,0.6900,0.3100,no
ebafe476-37cb-4ea4-b7ce-7c94bfe2fd41,KXCANADAPM-45-C,2025-02-20T21:10:48.281315Z,460.00,0.7000,0.3000,no
eab59a0e-c43c-48b7-9c04-83b496ec9791,KXCANADAPM-45-C,2025-02-20T21:10:48.281315Z,2.00,0.7000,0.3000,no
d8be889a-cfdf-4d38-baba-1db847807c20,KXCANADAPM-45-C,2025-02-20T21:10:48.281315Z,3.00,0.7000,0.3000,no
d0e23aff-8587-4b38-b3f5-d63442a60ad1,KXCANADAPM-45-C,2025-02-20T21:10:48.281315Z,1.00,0.7000,0.3000,no
bdc3eb9a-03ba-443d-bf18-574aff3069d3,KXCANADAPM-45-C,2025-02-20T21:10:48.281315Z,1.00,0.7000,0.3000,no
84565544-e93e-472a-b9f2-2b17f6650f78,KXCANADAPM-45-C,2025-02-20T21:10:48.281315Z,2.00,0.7000,0.3000,no
41c54c3b-0bc6-45a0-ac7c-cecd6010538c,KXCANADAPM-45-C,2025-02-20T21:10:48.281315Z,1.00,0.7000,0.3000,no
2c4c82fe-163d-41d8-982f-8280c78efcd2,KXCANADAPM-45-C,2025-02-20T21:10:48.281315Z,2.00,0.7100,0.2900,no
156a7d64-5ffa-4f31-8955-ec2d9283e8bd,KXCANADAPM-45-C,2025-02-20T21:10:48.281315Z,7.00,0.7100,0.2900,no
9ec0489a-cff3-47ec-89a5-2ff3ce12d8ee,KXCANADAPM-45-C,2025-02-20T20:17:39.499266Z,6.00,0.7200,0.2800,yes
af9e6fe8-897c-4d3d-a5e8-45be6bb82cfd,KXCANADAPM-45-C,2025-02-20T17:58:19.786745Z,136.00,0.7200,0.2800,yes
6d1ea368-cfee-4c1d-81e4-8e9625f11998,KXCANADAPM-45-C,2025-02-20T06:55:19.840895Z,27.00,0.7200,0.2800,yes
5cee39d8-abd5-43a8-82e5-d9284de34ee5,KXCANADAPM-45-C,2025-02-20T06:55:19.840895Z,86.00,0.7200,0.2800,yes
4ec3fd11-96e5-4ab5-bd99-c80350fa1302,KXCANADAPM-45-C,2025-02-20T06:55:19.840895Z,401.00,0.7200,0.2800,yes
3e611404-f2af-47fc-8ff4-292b867526b3,KXCANADAPM-45-C,2025-02-20T06:55:19.840895Z,26.00,0.7200,0.2800,yes
74c80f32-5440-4622-aa77-0bbea9bc4981,KXCANADAPM-45-C,2025-02-20T04:49:48.105912Z,15.00,0.7000,0.3000,no
c771cc59-8dd8-473d-8576-bffe9effc018,KXCANADAPM-45-C,2025-02-20T01:45:38.274468Z,2.00,0.7100,0.2900,no
b1e32a62-2f63-47a7-971d-afd753b2c099,KXCANADAPM-45-C,2025-02-20T01:45:38.274468Z,3.00,0.7100,0.2900,no
aab9f091-82bf-4e10-b2ac-294127f682c0,KXCANADAPM-45-C,2025-02-20T01:45:38.274468Z,3.00,0.7100,0.2900,no
91cc3492-c106-4457-85c1-fc1bc01161b4,KXCANADAPM-45-C,2025-02-20T01:45:38.274468Z,924.00,0.7000,0.3000,no
800d406f-502a-43d1-822b-7270766eae78,KXCANADAPM-45-C,2025-02-20T01:45:38.274468Z,3.00,0.7100,0.2900,no
7eb5ac4b-d0f1-4aa6-9bc3-3193318f6a1a,KXCANADAPM-45-C,2025-02-20T01:45:38.274468Z,3.00,0.7100,0.2900,no
642c6157-b629-4266-9a60-3d1ad6029f1e,KXCANADAPM-45-C,2025-02-20T01:45:38.274468Z,3.00,0.7100,0.2900,no
626e8119-6638-4c44-8c11-40926ddbf5c4,KXCANADAPM-45-C,2025-02-20T01:45:38.274468Z,1.00,0.7100,0.2900,no
3a48216c-0a7c-4869-bcfd-b078c8425382,KXCANADAPM-45-C,2025-02-20T01:45:38.274468Z,2.00,0.7100,0.2900,no
36d444b8-f733-4c42-a131-b8258b6be729,KXCANADAPM-45-C,2025-02-20T01:45:38.274468Z,1.00,0.7100,0.2900,no
36d24c65-03d5-4a4e-84a0-2767f4fd1f12,KXCANADAPM-45-C,2025-02-20T01:45:38.274468Z,3.00,0.7100,0.2900,no
2c5e3d9c-2fba-41ba-b7e4-a0319cea45a2,KXCANADAPM-45-C,2025-02-20T01:45:38.274468Z,3.00,0.7100,0.2900,no
15bd690f-4ec1-4d3f-977e-7d1d98610e8a,KXCANADAPM-45-C,2025-02-20T01:45:38.274468Z,3.00,0.7100,0.2900,no
3af49737-b397-473e-b0f2-4063331e3ac2,KXCANADAPM-45-C,2025-02-19T22:10:12.695439Z,12.00,0.7200,0.2800,yes
199b60b8-14e3-4b4c-8e17-25661fa3e3d6,KXCANADAPM-45-C,2025-02-19T22:10:12.695439Z,1.00,0.7200,0.2800,yes
4828d064-c63d-4c63-8a77-b670a2b8cd16,KXCANADAPM-45-C,2025-02-19T18:44:36.695135Z,7.00,0.7200,0.2800,yes
eed5b099-2af2-4875-9859-0444b5fbeb6f,KXCANADAPM-45-C,2025-02-18T22:10:06.563757Z,605.00,0.7000,0.3000,no
e2f92503-2c27-4e49-9836-66d22a8d50ad,KXCANADAPM-45-C,2025-02-18T15:29:07.947977Z,68.00,0.7200,0.2800,yes
d77263ea-e61d-4eaa-8a9a-580dddc24b43,KXCANADAPM-45-C,2025-02-18T01:41:58.039714Z,30.00,0.7200,0.2800,yes
5d169de4-1463-490e-9d6c-212eeea3dc84,KXCANADAPM-45-C,2025-02-18T01:41:58.039714Z,9.00,0.7200,0.2800,yes
db7a885f-3ed8-447e-9cd0-92a6065119ba,KXCANADAPM-45-C,2025-02-18T00:27:31.603955Z,457.00,0.7100,0.2900,yes
58add718-b3b1-4548-82c2-28134a064a5e,KXCANADAPM-45-C,2025-02-18T00:27:31.603955Z,1001.00,0.7100,0.2900,yes
24646516-6935-4e28-bcfc-ee6bac69cd93,KXCANADAPM-45-C,2025-02-18T00:27:31.603955Z,3.00,0.7100,0.2900,yes
e7f0ae02-a665-416a-a3c2-90ed66ae79e4,KXCANADAPM-45-C,2025-02-17T14:09:20.933656Z,30.00,0.7100,0.2900,yes
02f4c580-efe2-4a95-b069-84ab708a22b8,KXCANADAPM-45-C,2025-02-16T21:27:40.910697Z,69.00,0.7100,0.2900,yes
e1aaea75-33ec-48a2-8009-93a8ad135a58,KXCANADAPM-45-C,2025-02-16T19:08:23.02686Z,1.00,0.7100,0.2900,yes
cb432792-afb7-4592-99d0-4f075810bf61,KXCANADAPM-45-C,2025-02-16T19:08:23.02686Z,2.00,0.7100,0.2900,yes
92f43d31-cdbe-4dcd-b1a8-d97db2a8ba1c,KXCANADAPM-45-C,2025-02-16T19:08:23.02686Z,1.00,0.7100,0.2900,yes
903d8556-6450-4f30-a2ef-092a736680a0,KXCANADAPM-45-C,2025-02-16T19:08:23.02686Z,2.00,0.7100,0.2900,yes
8f6baf7c-7978-432b-bf07-e517cf6b4c95,KXCANADAPM-45-C,2025-02-16T19:08:23.02686Z,1.00,0.7100,0.2900,yes
8bd745c4-45c2-422a-9ac4-37017df3b931,KXCANADAPM-45-C,2025-02-16T19:08:23.02686Z,1.00,0.7100,0.2900,yes
884bada9-f918-4527-9e54-e9129e8f8061,KXCANADAPM-45-C,2025-02-16T19:08:23.02686Z,2.00,0.7100,0.2900,yes
85c96bbb-81c8-41da-8df8-63b20a1556d7,KXCANADAPM-45-C,2025-02-16T19:08:23.02686Z,2.00,0.7100,0.2900,yes
70ab4c62-af80-42de-bed0-0c1c491910e1,KXCANADAPM-45-C,2025-02-16T19:08:23.02686Z,2.00,0.7100,0.2900,yes
6380760b-74c9-436a-8d7a-9e54074ee216,KXCANADAPM-45-C,2025-02-16T19:08:23.02686Z,2.00,0.7100,0.2900,yes
508537b2-92cd-4153-bb60-e5ab53c9586a,KXCANADAPM-45-C,2025-02-16T19:08:23.02686Z,2.00,0.7100,0.2900,yes
408ed704-a17f-4b6c-8f48-b281340dc379,KXCANADAPM-45-C,2025-02-16T19:08:23.02686Z,2.00,0.7100,0.2900,yes
3ddf2d10-a71d-4c58-ae23-74f7d5a8bd8b,KXCANADAPM-45-C,2025-02-16T19:08:23.02686Z,2.00,0.7100,0.2900,yes
0bb23619-dba0-4377-b914-b45b4ab23fe6,KXCANADAPM-45-C,2025-02-16T19:08:23.02686Z,2.00,0.7100,0.2900,yes
09571793-bc21-4aea-ab47-c6d4cca45efc,KXCANADAPM-45-C,2025-02-16T19:08:23.02686Z,2.00,0.7100,0.2900,yes
0403d1b8-0515-42bb-b099-4665caf02566,KXCANADAPM-45-C,2025-02-16T19:08:23.02686Z,1.00,0.7100,0.2900,yes
fc08c249-4827-4f78-89fd-14056bd4b3fa,KXCANADAPM-45-C,2025-02-16T18:37:58.523072Z,6.00,0.6900,0.3100,no
db06f26b-5f76-40d3-ba70-9d8924f33e2d,KXCANADAPM-45-C,2025-02-16T18:37:58.523072Z,1152.00,0.6900,0.3100,no
0e6b2c43-cc2a-4ba6-8d5e-2e916d9db730,KXCANADAPM-45-C,2025-02-16T18:37:58.523072Z,469.00,0.6900,0.3100,no
06af132b-a4d6-434e-aadd-46f01bc47969,KXCANADAPM-45-C,2025-02-16T18:37:58.523072Z,5.00,0.6900,0.3100,no
4a4d9482-376a-4547-81ff-691acd3ce4f6,KXCANADAPM-45-C,2025-02-16T16:52:59.665799Z,27.00,0.7200,0.2800,yes
e078aa13-72b9-4518-855d-660cd83699ee,KXCANADAPM-45-C,2025-02-16T16:37:59.549643Z,719.00,0.6900,0.3100,no
a58cae52-6b80-4254-b84c-db35122195b3,KXCANADAPM-45-C,2025-02-16T15:52:56.172902Z,1.00,0.7200,0.2800,yes
83f75be3-f048-4306-8ea9-d7cebcc12a1c,KXCANADAPM-45-C,2025-02-16T04:21:10.73542Z,21.00,0.7000,0.3000,no
24993467-cace-4f36-8c8e-8df5c2df9728,KXCANADAPM-45-C,2025-02-16T04:21:10.73542Z,129.00,0.6900,0.3100,no
e74dc047-07b5-4535-8baa-4f69b17ed648,KXCANADAPM-45-C,2025-02-16T01:13:47.449206Z,5.00,0.7000,0.3000,no
0d5c6a60-4505-4470-8e5f-63364710c314,KXCANADAPM-45-C,2025-02-15T17:07:38.424234Z,999.00,0.7200,0.2800,yes
33241a10-f558-408b-9852-3eaf4b6d1826,KXCANADAPM-45-C,2025-02-15T17:07:05.662345Z,490.00,0.7200,0.2800,yes
c99f667f-3b0c-4b15-83ba-82280215a505,KXCANADAPM-45-C,2025-02-15T15:50:55.036255Z,10.00,0.7200,0.2800,yes
070dd168-1611-4cca-ad4a-05e059f683f6,KXCANADAPM-45-C,2025-02-15T01:24:18.272966Z,78.00,0.7100,0.2900,yes
c4de629f-6093-49a0-aed5-3c264e29d277,KXCANADAPM-45-C,2025-02-14T18:47:41.459037Z,5.00,0.7000,0.3000,yes
91024d2b-294b-4315-9552-88052871e4dc,KXCANADAPM-45-C,2025-02-14T18:47:41.459037Z,813.00,0.7000,0.3000,yes
24aaeaf2-a5f5-4b28-b9a3-b0bc8b1777c1,KXCANADAPM-45-C,2025-02-14T18:47:41.459037Z,1.00,0.7000,0.3000,yes
19d6c82a-5eae-4586-a714-ad678459409d,KXCANADAPM-45-C,2025-02-14T03:58:02.457461Z,135.00,0.6900,0.3100,yes
fc893436-9fad-42e2-be17-fa1e7d7b4805,KXCANADAPM-45-C,2025-02-14T03:57:45.96112Z,350.00,0.6900,0.3100,yes
fb10ab5d-d478-49b9-beb6-026ff689cde0,KXCANADAPM-45-C,2025-02-13T23:16:08.530687Z,1.00,0.6700,0.3300,no
b3180490-0bd9-46e0-b16f-d52f245813d6,KXCANADAPM-45-C,2025-02-13T23:16:08.530687Z,96.00,0.6700,0.3300,no
87d1df7c-a721-4ef0-a5b5-a451ce3ff347,KXCANADAPM-45-C,2025-02-13T23:16:08.530687Z,1.00,0.6700,0.3300,no
6bb0bf56-fda1-4ae4-8016-3222feee1016,KXCANADAPM-45-C,2025-02-13T23:16:08.530687Z,1.00,0.6700,0.3300,no
20bc99d6-9cb0-4b38-bd6f-c7347613056c,KXCANADAPM-45-C,2025-02-13T23:16:08.530687Z,1.00,0.6700,0.3300,no
51c5d1c2-76d1-434a-9b32-2e0c2ea26b4a,KXCANADAPM-45-C,2025-02-13T21:49:32.665249Z,15.00,0.6900,0.3100,yes
de131be7-4b8b-472c-b755-ea4cf9663107,KXCANADAPM-45-C,2025-02-13T21:35:22.212714Z,4.00,0.6800,0.3200,yes
a981c891-3136-4d68-95aa-c8d6e174c1b7,KXCANADAPM-45-C,2025-02-13T16:22:45.574651Z,7.00,0.6800,0.3200,yes
9405676a-d4dd-4f7a-9247-da53f55b937c,KXCANADAPM-45-C,2025-02-13T15:20:40.374578Z,413.00,0.6800,0.3200,yes
235d6535-2555-45f7-8e45-5db0ce65055a,KXCANADAPM-45-C,2025-02-13T13:24:16.309966Z,3.00,0.6800,0.3200,yes
359b9576-1e68-4aae-86af-fc1cc300a50a,KXCANADAPM-45-C,2025-02-13T04:44:55.187205Z,200.00,0.6800,0.3200,yes
5130ef5f-fecb-45bb-b07a-27e949158a80,KXCANADAPM-45-C,2025-02-13T00:47:23.639788Z,29.00,0.6800,0.3200,yes
197ec9e6-2a6b-4d3c-b133-6339f425d7ef,KXCANADAPM-45-C,2025-02-13T00:12:28.378284Z,100.00,0.6800,0.3200,yes
f72687f7-044a-4168-918b-786c6fb86ea7,KXCANADAPM-45-C,2025-02-12T20:36:35.4967Z,1.00,0.6700,0.3300,yes
ec3347ab-7867-4917-90d4-496caf4131e5,KXCANADAPM-45-C,2025-02-12T20:36:35.4967Z,1.00,0.6700,0.3300,yes
dc1f3463-a1a1-4cbf-a8f7-924cb4b923e2,KXCANADAPM-45-C,2025-02-12T20:36:35.4967Z,1.00,0.6700,0.3300,yes
bcba0903-9ae1-42b9-bc6b-fc8ddd2268b6,KXCANADAPM-45-C,2025-02-12T20:36:35.4967Z,1.00,0.6700,0.3300,yes
845026ad-04e6-49e9-b23d-b11d63347a9e,KXCANADAPM-45-C,2025-02-12T20:36:35.4967Z,1.00,0.6700,0.3300,yes
8309bf6a-0a6f-44ee-8274-219977a2e038,KXCANADAPM-45-C,2025-02-12T20:36:35.4967Z,1.00,0.6700,0.3300,yes
76546edb-dcd5-4389-bcc4-392b7e13c27f,KXCANADAPM-45-C,2025-02-12T20:36:35.4967Z,85.00,0.6800,0.3200,yes
73f305cf-2de5-413c-a464-ac44a4253654,KXCANADAPM-45-C,2025-02-12T20:36:35.4967Z,1.00,0.6700,0.3300,yes
4d3bf73c-e532-48f9-afa8-4e8a3930c92e,KXCANADAPM-45-C,2025-02-12T20:36:35.4967Z,1.00,0.6700,0.3300,yes
4c92b3ef-a09f-41b6-8bf8-1c066c8c7519,KXCANADAPM-45-C,2025-02-12T20:36:35.4967Z,1.00,0.6700,0.3300,yes
2ae69404-0d3c-4e97-8117-685c557feae7,KXCANADAPM-45-C,2025-02-12T20:36:35.4967Z,1.00,0.6700,0.3300,yes
27ba01ff-31cc-425a-9c1e-f7dfb5b56c25,KXCANADAPM-45-C,2025-02-12T20:36:35.4967Z,1.00,0.6700,0.3300,yes
0645dfba-64d0-4369-b141-17b23a523f8e,KXCANADAPM-45-C,2025-02-12T20:36:35.4967Z,1.00,0.6700,0.3300,yes
33c76d35-81b7-4eec-b37f-ad7caf7ac959,KXCANADAPM-45-C,2025-02-12T20:26:14.917773Z,159.00,0.6800,0.3200,yes
c39b08c4-bd40-4833-a156-3885d85ec469,KXCANADAPM-45-C,2025-02-12T20:26:00.41736Z,25.00,0.6700,0.3300,yes
9ebfb8d4-ce24-4ca9-a6cf-8184e6e19835,KXCANADAPM-45-C,2025-02-12T20:26:00.41736Z,830.00,0.6700,0.3300,yes
d3269e98-6069-471a-816f-7a1b9993bf5f,KXCANADAPM-45-C,2025-02-12T16:52:18.998337Z,43.00,0.6600,0.3400,no
190055dc-8681-41d2-81fc-68400344fcc2,KXCANADAPM-45-C,2025-02-12T15:42:41.519185Z,56.00,0.6600,0.3400,no
757a696f-2a4d-4f8c-af2f-90bb8522c989,KXCANADAPM-45-C,2025-02-12T15:32:16.554158Z,1.00,0.6600,0.3400,no
9b1b2830-3ba0-4c39-8d5f-eb747a0159fb,KXCANADAPM-45-C,2025-02-12T15:32:16.338747Z,1.00,0.6700,0.3300,yes
9f431e71-a1f3-4e29-8ad2-93a450cc9bab,KXCANADAPM-45-C,2025-02-11T23:54:59.430878Z,719.00,0.6800,0.3200,yes
c73a519c-2fee-4478-a718-b1c60fc43cf1,KXCANADAPM-45-C,2025-02-11T21:23:06.032611Z,5.00,0.6600,0.3400,no
dcc2562e-03cf-4f86-8259-c147926e3fab,KXCANADAPM-45-C,2025-02-11T20:29:33.646463Z,90.00,0.6600,0.3400,no
3fec738e-5047-4151-9716-6f54f76d6c91,KXCANADAPM-45-C,2025-02-11T20:29:33.646463Z,10.00,0.6700,0.3300,no
72208699-de4e-4811-879c-6ad9da8636c8,KXCANADAPM-45-C,2025-02-11T15:06:59.24439Z,55.00,0.7000,0.3000,yes
f57b9d8b-2182-4b6a-8eee-104aad326240,KXCANADAPM-45-C,2025-02-11T01:49:43.391953Z,88.00,0.7100,0.2900,no
ebeeb456-cbbc-4267-8ff3-ea029ddb772c,KXCANADAPM-45-C,2025-02-11T01:49:43.391953Z,3.00,0.7000,0.3000,no
aa526a20-b42f-4a2f-859f-ed80c8eea2f9,KXCANADAPM-45-C,2025-02-11T01:49:43.391953Z,10.00,0.7100,0.2900,no
8368c84f-e444-4b26-81bb-37a9535a6b1f,KXCANADAPM-45-C,2025-02-11T01:49:43.391953Z,1.00,0.7100,0.2900,no
2b3a4643-5a3e-4215-b954-2402e362620e,KXCANADAPM-45-C,2025-02-11T01:49:43.391953Z,10.00,0.7100,0.2900,no
93a3754f-833e-49ae-9bed-d78cb33ff17c,KXCANADAPM-45-C,2025-02-10T22:49:52.219694Z,22.00,0.7200,0.2800,no
82d3b918-f169-47b8-b863-84cbd74ae7d0,KXCANADAPM-45-C,2025-02-10T22:49:52.219694Z,1.00,0.7300,0.2700,no
168a04d9-f17b-4693-b85a-3d81929463d3,KXCANADAPM-45-C,2025-02-10T22:49:52.219694Z,8.00,0.7200,0.2800,no
8b7f62a0-d9f1-433a-bfe2-9e66b0008698,KXCANADAPM-45-C,2025-02-10T22:48:21.060832Z,1.00,0.7400,0.2600,no
f8b7c431-2d20-417e-8593-469baa9d8fbd,KXCANADAPM-45-C,2025-02-10T22:27:27.028001Z,5.00,0.7500,0.2500,no
f55ff7e8-bdec-45a6-a64e-e86f966d921e,KXCANADAPM-45-C,2025-02-10T22:27:27.028001Z,1.00,0.7500,0.2500,no
d9aa8366-74b8-490f-aad8-34e563f4f048,KXCANADAPM-45-C,2025-02-10T22:27:27.028001Z,77.00,0.7500,0.2500,no
cea339a4-efd1-42c8-a229-9927ecd10080,KXCANADAPM-45-C,2025-02-10T22:27:27.028001Z,66.00,0.7500,0.2500,no
c830560f-7060-4cba-83cb-e8aa108b80a5,KXCANADAPM-45-C,2025-02-10T22:27:27.028001Z,2.00,0.7500,0.2500,no
c4b06567-cf14-4a2d-99d3-22bb9ece4221,KXCANADAPM-45-C,2025-02-10T22:27:27.028001Z,10.00,0.7500,0.2500,no
71534b0d-d93c-4487-a4b5-d441d37461bf,KXCANADAPM-45-C,2025-02-10T22:27:27.028001Z,1.00,0.7500,0.2500,no
1aa50836-bcd7-4969-aa58-8461c2b4dce4,KXCANADAPM-45-C,2025-02-10T22:27:27.028001Z,24.00,0.7500,0.2500,no
b3eb6851-24ae-4151-a143-d8fee6bd7e21,KXCANADAPM-45-C,2025-02-10T21:16:40.636255Z,5.00,0.7800,0.2200,yes
e218e049-3578-496f-8db8-55e03ffccc90,KXCANADAPM-45-C,2025-02-10T18:32:23.489879Z,252.00,0.7800,0.2200,yes
bea56a13-ec48-40e1-b934-08a8e91fbae9,KXCANADAPM-45-C,2025-02-10T14:12:32.008772Z,88.00,0.7700,0.2300,yes
bae7218a-0294-44d1-8f85-b189d55347cd,KXCANADAPM-45-C,2025-02-10T14:12:32.008772Z,257.00,0.7700,0.2300,yes
639ea1b5-e8cd-4ef7-b45a-7e015def458c,KXCANADAPM-45-C,2025-02-10T14:12:32.008772Z,37.00,0.7900,0.2100,yes
648d0fd6-18e9-4089-8394-6648520222a3,KXCANADAPM-45-C,2025-02-10T14:04:34.68593Z,11.00,0.7600,0.2400,no
fb106d62-a391-444a-bf22-5b195ed2ad22,KXCANADAPM-45-C,2025-02-10T05:12:48.91199Z,18.00,0.7800,0.2200,yes
abceafa1-0fe6-41e0-9f38-11657f67aa6d,KXCANADAPM-45-C,2025-02-10T02:52:00.499757Z,63.00,0.7800,0.2200,yes
fe646368-6135-449a-aead-d90e1b8f45cc,KXCANADAPM-45-C,2025-02-10T02:04:01.661021Z,7.00,0.7600,0.2400,no
7cc96e64-9776-4a93-a00a-d447a32ea6c8,KXCANADAPM-45-C,2025-02-10T01:31:51.933372Z,270.00,0.7600,0.2400,no
a53805d8-5fce-45ed-952d-a5e0adf317cc,KXCANADAPM-45-C,2025-02-10T01:25:52.233037Z,65.00,0.7900,0.2100,yes
9ecd5319-d2b3-4917-bdcc-77b5f8b0875e,KXCANADAPM-45-C,2025-02-10T01:09:06.776942Z,24.00,0.7900,0.2100,yes
d225cbfa-f8a5-4cda-ae3c-63a1e51f9832,KXCANADAPM-45-C,2025-02-09T23:30:11.787255Z,1.00,0.7900,0.2100,yes
98c2f306-941c-4812-812b-14a5220bde3f,KXCANADAPM-45-C,2025-02-09T21:35:27.819135Z,1.00,0.7500,0.2500,no
fccca393-4f91-4d67-9d96-eb9c8bc82158,KXCANADAPM-45-C,2025-02-09T15:25:14.388261Z,15.00,0.7700,0.2300,no
df25527a-feab-412a-a7a3-8219bdc0181e,KXCANADAPM-45-C,2025-02-09T15:25:14.388261Z,741.00,0.7700,0.2300,no
2b47a6f8-4f3f-41be-8a23-3211edda6434,KXCANADAPM-45-C,2025-02-09T15:25:14.388261Z,8.00,0.7700,0.2300,no
16e06921-73bc-4bfd-85b5-5eb4b805201d,KXCANADAPM-45-C,2025-02-09T15:25:14.388261Z,36.00,0.7700,0.2300,no
3b99becc-c2a9-4d6e-8d18-c9843bd2449d,KXCANADAPM-45-C,2025-02-09T13:04:15.721705Z,340.00,0.7800,0.2200,no
f90ed8f6-19b7-42a6-96a6-a9ee773404d7,KXCANADAPM-45-C,2025-02-09T13:03:37.442549Z,2500.00,0.7900,0.2100,yes
f8df10ce-b859-438a-9c0d-6b5ae9aa32ac,KXCANADAPM-45-C,2025-02-09T13:03:37.442549Z,713.00,0.8200,0.1800,yes
eba27216-75a5-4871-8aba-3ac80c6a5fc8,KXCANADAPM-45-C,2025-02-09T13:03:37.442549Z,11.00,0.7900,0.2100,yes
94e1fa7f-697d-4317-a566-63dd90bc2da7,KXCANADAPM-45-C,2025-02-09T13:03:37.442549Z,371.00,0.8000,0.2000,yes
86a23b85-27d8-4e2a-a06f-ce454121ed3d,KXCANADAPM-45-C,2025-02-09T13:03:37.442549Z,100.00,0.8100,0.1900,yes
f864b9b8-f868-417f-ab7f-0da77f0897f5,KXCANADAPM-45-C,2025-02-08T05:32:17.647464Z,754.00,0.7900,0.2100,no
c54a49e1-9486-4eec-8ed1-13a59d35df35,KXCANADAPM-45-C,2025-02-08T05:32:17.647464Z,2.00,0.7800,0.2200,no
968183be-5ce7-4b6f-b717-9a08da2b124d,KXCANADAPM-45-C,2025-02-08T05:32:17.647464Z,1.00,0.7800,0.2200,no
7c1bdd15-a997-4f74-8c8b-a83b4564b0d3,KXCANADAPM-45-C,2025-02-08T05:32:17.647464Z,890.00,0.7800,0.2200,no
1d802c49-1147-4c0b-a095-e6c027314ef1,KXCANADAPM-45-C,2025-02-08T05:32:17.647464Z,100.00,0.7800,0.2200,no
5ac0588c-d9c0-484f-a963-db256a0b5d85,KXCANADAPM-45-C,2025-02-08T03:09:01.60306Z,53.00,0.7900,0.2100,no
760f110e-6926-426b-a95e-04db67f0168b,KXCANADAPM-45-C,2025-02-07T22:41:26.830181Z,200.00,0.7900,0.2100,no
c644fd55-492d-47ff-8ce8-5f6b2d2eab74,KXCANADAPM-45-C,2025-02-07T19:44:13.622761Z,50.00,0.7900,0.2100,no
df17e05a-3efb-46bb-8651-acf03ea29025,KXCANADAPM-45-C,2025-02-07T19:39:47.442236Z,10.00,0.8000,0.2000,no
d1930868-4521-4869-99a2-1f18e05502dc,KXCANADAPM-45-C,2025-02-07T19:39:47.442236Z,108.00,0.8000,0.2000,no
d066d55a-55e5-4a4b-a9db-92fa2cf377a1,KXCANADAPM-45-C,2025-02-07T19:39:47.442236Z,242.00,0.8000,0.2000,no
b845bcc3-b071-4b74-91a3-bc27cdcc0a74,KXCANADAPM-45-C,2025-02-07T19:39:47.442236Z,2.00,0.8000,0.2000,no
6bbbc711-cb0a-41eb-b6e6-23faa2fac106,KXCANADAPM-45-C,2025-02-07T19:39:47.442236Z,280.00,0.8200,0.1800,no
4b5d349f-3176-41a5-8c44-3154b00dbfa4,KXCANADAPM-45-C,2025-02-07T19:39:47.442236Z,71.00,0.8000,0.2000,no
2e6a106d-5e7c-49b1-bfb1-f03531b4a636,KXCANADAPM-45-C,2025-02-07T19:39:47.442236Z,1890.00,0.8000,0.2000,no
5602bfe1-fb5e-458f-8008-49f52df421a4,KXCANADAPM-45-C,2025-02-07T18:17:10.54377Z,16.00,0.8100,0.1900,yes
4a291810-a295-43f7-b0e5-eb9013d2e0be,KXCANADAPM-45-C,2025-02-07T17:21:49.135917Z,200.00,0.8100,0.1900,yes
403ff482-b5a7-4cda-9a8d-d82a3751be63,KXCANADAPM-45-C,2025-02-07T17:05:06.812689Z,321.00,0.8100,0.1900,yes
60672878-07d4-48bf-b540-0b5b8261486f,KXCANADAPM-45-C,2025-02-07T17:05:03.365052Z,15.00,0.8100,0.1900,yes
b7d4b09f-a961-4f04-b50b-caf2a1f21f53,KXCANADAPM-45-C,2025-02-07T17:05:03.122291Z,666.00,0.8100,0.1900,yes
3897c559-817a-4bc3-b6e2-5b50ec4495b0,KXCANADAPM-45-C,2025-02-06T23:03:14.029639Z,5.00,0.8100,0.1900,yes
d7771d2b-2999-4dae-b522-1425176874c0,KXCANADAPM-45-C,2025-02-05T04:07:58.53854Z,14.00,0.8100,0.1900,yes
7e4f4ab3-9067-42d7-946a-354fc8bb942b,KXCANADAPM-45-C,2025-02-04T18:25:27.716265Z,29.00,0.8000,0.2000,no
efdf1c3d-48c9-499d-bf03-fb305269607e,KXCANADAPM-45-C,2025-02-04T17:20:34.481915Z,55.00,0.8100,0.1900,yes
e4872c64-2fe6-40a2-ba54-7088959732de,KXCANADAPM-45-C,2025-02-04T14:43:23.987234Z,6.00,0.8100,0.1900,yes
98982f3c-3a1e-45f3-bcb5-1a906255d39d,KXCANADAPM-45-C,2025-02-04T04:23:49.804694Z,205.00,0.8100,0.1900,yes
40ad0fd5-4a63-4a85-ba1f-5dbc7dda3b6d,KXCANADAPM-45-C,2025-02-04T04:23:49.804694Z,38.00,0.8100,0.1900,yes
26b769c1-e691-4b0c-84b2-115fafeb8ff6,KXCANADAPM-45-C,2025-02-04T04:23:49.804694Z,167.00,0.8100,0.1900,yes
0ea26304-ed74-454b-8f61-dd52372b251f,KXCANADAPM-45-C,2025-02-04T04:23:49.804694Z,81.00,0.8100,0.1900,yes
5bb70e57-49d4-49e1-ae31-6275e97590ea,KXCANADAPM-45-C,2025-02-03T07:32:53.476657Z,12.00,0.8100,0.1900,yes
d1786b9c-0380-4774-a5e2-59e4a916dfd9,KXCANADAPM-45-C,2025-02-03T06:06:00.590507Z,1.00,0.8100,0.1900,yes
fdcc240a-15ac-452c-bcc9-79dde0718db1,KXCANADAPM-45-C,2025-02-03T01:14:09.219666Z,1.00,0.7900,0.2100,no
afdd839d-e214-4cc9-b209-3df3d17ae52e,KXCANADAPM-45-C,2025-02-03T01:14:09.219666Z,20.00,0.7800,0.2200,no
77add4d7-f296-4ece-aff6-47c6844c42e0,KXCANADAPM-45-C,2025-02-03T01:14:09.219666Z,29.00,0.7900,0.2100,no
4b52860e-6fa9-4c73-9c34-a1b78bfa49f6,KXCANADAPM-45-C,2025-02-03T01:14:09.219666Z,35.00,0.7800,0.2200,no
1a177bb8-b0e4-48a3-b58c-762d6a726667,KXCANADAPM-45-C,2025-02-03T01:14:09.219666Z,100.00,0.7900,0.2100,no
3bf2f5f8-f99b-4aa0-8437-987503ef1aa1,KXCANADAPM-45-C,2025-02-02T22:01:42.589623Z,12.00,0.8100,0.1900,yes
93678a89-48cb-4a6d-89a6-77a496f62ea8,KXCANADAPM-45-C,2025-02-02T21:31:53.104236Z,12.00,0.7800,0.2200,no
06cb5557-7eec-4ce7-b4e2-deef42334fd8,KXCANADAPM-45-C,2025-02-02T21:31:53.104236Z,6.00,0.7800,0.2200,no
fa65d61c-d31e-4e84-bb41-fa1c07d72f54,KXCANADAPM-45-C,2025-02-02T21:02:35.946037Z,60.00,0.8100,0.1900,yes
3f47f5e0-26bd-440c-bf4d-578c8fee7b98,KXCANADAPM-45-C,2025-02-02T20:49:34.795336Z,3.00,0.7800,0.2200,no
bbb0adfa-c58c-48d4-8f2b-e1ea3e2c0835,KXCANADAPM-45-C,2025-02-02T17:52:17.822002Z,1.00,0.8000,0.2000,yes
a2cc1e64-d159-4a5d-8612-c01cc40cf78b,KXCANADAPM-45-C,2025-02-02T17:52:17.822002Z,27.00,0.8000,0.2000,yes
7841120a-c373-49ca-b097-d436bdee0c62,KXCANADAPM-45-C,2025-02-02T17:52:17.822002Z,100.00,0.8000,0.2000,yes
6477933e-2143-4bdb-92ea-0eae2c4585ae,KXCANADAPM-45-C,2025-02-02T17:52:17.822002Z,38.00,0.8000,0.2000,yes
625902f3-0d55-4c4f-a1fe-7d1d519624db,KXCANADAPM-45-C,2025-02-02T17:52:17.822002Z,1.00,0.8000,0.2000,yes
35af80eb-a305-4d86-bcf6-9708844bddf0,KXCANADAPM-45-C,2025-02-02T14:11:01.15334Z,9.00,0.8000,0.2000,yes
e0d774cc-8c24-4736-b15a-bb0f8bf1514b,KXCANADAPM-45-C,2025-02-02T13:02:53.065907Z,20.00,0.7700,0.2300,no
d3b049d7-ccc7-4a22-b296-c5d0b342e99d,KXCANADAPM-45-C,2025-02-02T13:02:53.065907Z,2000.00,0.7600,0.2400,no
d1f36475-efd0-44a7-82e5-e250e01f457d,KXCANADAPM-45-C,2025-02-02T13:02:53.065907Z,90.00,0.7600,0.2400,no
a0166791-6707-49aa-981e-e20243ce2382,KXCANADAPM-45-C,2025-02-02T13:02:53.065907Z,990.00,0.7800,0.2200,no
eddd054a-2a62-4f2b-ac86-5eab2553aa2e,KXCANADAPM-45-C,2025-02-02T13:02:41.812064Z,107.00,0.7900,0.2100,no
a75dae97-fb10-434a-88ef-c47edbbe9a76,KXCANADAPM-45-C,2025-02-02T13:02:41.812064Z,1.00,0.7900,0.2100,no
966d55d9-5c92-4797-8aa3-4ad2a36e8b95,KXCANADAPM-45-C,2025-02-02T13:02:41.812064Z,10.00,0.7900,0.2100,no
7008ef61-56c1-4fe0-b4f9-7164a6f798fa,KXCANADAPM-45-C,2025-02-02T13:02:41.812064Z,216.00,0.7900,0.2100,no
10333192-cfa0-45ae-801d-03fef643ec10,KXCANADAPM-45-C,2025-02-02T13:02:41.812064Z,8.00,0.7900,0.2100,no
0dd5c099-f9aa-488a-8645-f97cc65a2f0f,KXCANADAPM-45-C,2025-02-02T13:02:41.812064Z,965.00,0.7900,0.2100,no
771440d5-a365-4d47-9246-a18693ef0867,KXCANADAPM-45-C,2025-02-02T03:48:03.140278Z,10.00,0.8100,0.1900,yes
b2b1a8ab-ca7d-4801-9597-29bea65c503c,KXCANADAPM-45-C,2025-02-02T00:42:07.612081Z,739.00,0.8200,0.1800,no
a8977c64-2f43-4e8d-aa61-a0efa1c8415d,KXCANADAPM-45-C,2025-02-02T00:40:26.061106Z,71.00,0.8200,0.1800,no
d69cb6c5-a78f-4286-ba99-d01d0c9d377c,KXCANADAPM-45-C,2025-02-01T23:58:57.852779Z,25.00,0.8100,0.1900,no
ae27ceb2-d5b1-468f-a42f-2c0da039b31e,KXCANADAPM-45-C,2025-02-01T23:58:57.852779Z,398.00,0.8100,0.1900,no
84b926b2-32ac-4f72-8600-5abed94c27d1,KXCANADAPM-45-C,2025-02-01T23:58:57.852779Z,10.00,0.8100,0.1900,no
6686f5cc-0c00-4a6d-98df-5ea9252f1dfc,KXCANADAPM-45-C,2025-02-01T23:58:57.852779Z,64.00,0.8100,0.1900,no
25426307-ee19-46bc-8ee9-d494dc6d2355,KXCANADAPM-45-C,2025-02-01T23:58:57.852779Z,1.00,0.8100,0.1900,no
9c2b85f9-288c-409c-a3e0-5b0ea6916d1c,KXCANADAPM-45-C,2025-02-01T20:10:33.730773Z,99.00,0.8200,0.1800,yes
64ef8ede-d349-4330-9f20-4e6705f49255,KXCANADAPM-45-C,2025-02-01T20:10:10.502672Z,1.00,0.8200,0.1800,yes
78a1732b-64db-4c3c-b850-4646751b4b78,KXCANADAPM-45-C,2025-02-01T13:09:06.706799Z,10.00,0.8100,0.1900,no
ef79cefe-f946-4624-9fdd-356a515064a3,KXCANADAPM-45-C,2025-02-01T00:36:41.17812Z,25.00,0.8300,0.1700,no
b2f7576d-d7ef-42a0-b16d-6380c3cb99a6,KXCANADAPM-45-C,2025-02-01T00:36:41.17812Z,10.00,0.8300,0.1700,no
e88a787d-f7a2-41e2-822d-c1866cf7aada,KXCANADAPM-45-C,2025-02-01T00:26:34.129446Z,100.00,0.8400,0.1600,no
133ebbda-ac6f-4e58-b822-dd76c7c03534,KXCANADAPM-45-C,2025-01-31T16:19:25.103839Z,10.00,0.8600,0.1400,yes
2933a6ba-6587-4640-930b-b8b9d55cd966,KXCANADAPM-45-C,2025-01-30T18:19:47.591319Z,10.00,0.8500,0.1500,yes
8be6b4f0-eb5c-41d5-808a-0acde3648027,KXCANADAPM-45-C,2025-01-30T18:16:28.529875Z,116.00,0.8500,0.1500,yes
e9b24d7d-9f41-4b1a-8069-f3400bd93fec,KXCANADAPM-45-C,2025-01-30T14:32:36.736813Z,20.00,0.8400,0.1600,no
bebdf157-eca4-4791-a7be-5059ecbe9eef,KXCANADAPM-45-C,2025-01-30T14:32:36.736813Z,1.00,0.8400,0.1600,no
62003be8-6c91-4a99-a389-20d99f4a5c73,KXCANADAPM-45-C,2025-01-30T14:32:36.736813Z,13.00,0.8400,0.1600,no
2efa58ac-fbd3-4571-a4b5-eaed50e7feb3,KXCANADAPM-45-C,2025-01-30T14:32:36.736813Z,76.00,0.8400,0.1600,no
0fb702a5-7f33-49b8-b4b0-73cc49ef46ee,KXCANADAPM-45-C,2025-01-30T14:32:36.736813Z,186.00,0.8400,0.1600,no
a81b2048-2024-4949-9f7a-a4fca363b500,KXCANADAPM-45-C,2025-01-29T16:13:52.897509Z,11.00,0.8700,0.1300,yes
ae255ec1-3b18-44a1-b45e-9fd7d796d9ca,KXCANADAPM-45-C,2025-01-29T13:47:39.726632Z,2.00,0.8400,0.1600,no
a51a5cef-69c3-46cd-9c6b-7be9be8ab4f5,KXCANADAPM-45-C,2025-01-29T03:10:03.333104Z,500.00,0.8500,0.1500,no
7750dcba-f78c-446d-96ed-0a0eb75a1a0f,KXCANADAPM-45-C,2025-01-29T03:10:03.333104Z,5.00,0.8600,0.1400,no
28d18cda-e206-4a63-9cf0-496da91681e3,KXCANADAPM-45-C,2025-01-29T03:10:03.333104Z,10.00,0.8500,0.1500,no
1bb693b8-56fb-4d7d-a140-2ad4e1a215e2,KXCANADAPM-45-C,2025-01-29T03:10:03.333104Z,10.00,0.8500,0.1500,no
e3ec549a-1fcf-403e-a53c-72d80161fe34,KXCANADAPM-45-C,2025-01-29T02:34:09.468561Z,495.00,0.8600,0.1400,no
3d6a531b-cc46-4df5-9317-be2c901f9b22,KXCANADAPM-45-C,2025-01-29T02:34:09.468561Z,5.00,0.8600,0.1400,no
81ba0417-0bf0-407d-a40d-88cba7f98abe,KXCANADAPM-45-C,2025-01-27T19:53:49.850034Z,3.00,0.8900,0.1100,yes
e6bf3898-f024-4d44-9ec0-95c8e6ea440c,KXCANADAPM-45-C,2025-01-27T19:02:27.275244Z,11.00,0.8900,0.1100,yes
ff8999be-ea38-48a2-9b4c-c5488c775a3d,KXCANADAPM-45-C,2025-01-27T03:36:25.781995Z,40.00,0.8600,0.1400,no
9b8ca6e3-737d-4a73-878b-c090fa866e33,KXCANADAPM-45-C,2025-01-27T03:36:25.781995Z,500.00,0.8700,0.1300,no
dc9ea90d-dd64-454b-b7ea-572a756d5550,KXCANADAPM-45-C,2025-01-27T02:12:15.251719Z,250.00,0.8800,0.1200,no
13d97a91-5ef4-49b8-af7b-41e2c8ada7af,KXCANADAPM-45-C,2025-01-24T15:55:50.122995Z,5.00,0.9000,0.1000,yes
47c48b00-87c5-4e0d-8299-fcc4e633f5ab,KXCANADAPM-45-C,2025-01-24T15:34:12.393625Z,5.00,0.9000,0.1000,yes
0c4cf801-22c0-4977-8f6f-e421272e18d3,KXCANADAPM-45-C,2025-01-23T22:07:43.68626Z,110.00,0.9000,0.1000,yes
73cfbe94-1678-4a3f-b797-3add88397392,KXCANADAPM-45-C,2025-01-23T15:20:41.837184Z,10.00,0.9100,0.0900,yes
e2454d33-be6f-4627-a1a9-53bed8bcb7fc,KXCANADAPM-45-C,2025-01-23T02:23:53.308967Z,22.00,0.8500,0.1500,no
def259c7-d998-444c-868f-88e0997c8a67,KXCANADAPM-45-C,2025-01-23T02:23:53.308967Z,6.00,0.8700,0.1300,no
8d4a8245-5bec-4e0a-84cb-304cd8012c64,KXCANADAPM-45-C,2025-01-23T02:23:53.308967Z,100.00,0.8600,0.1400,no
25a40e55-712d-49b0-a58b-dceffed70d7a,KXCANADAPM-45-C,2025-01-23T02:23:53.308967Z,5.00,0.8700,0.1300,no
a760be80-a0c4-4c14-a446-c46a095bec77,KXCANADAPM-45-C,2025-01-23T02:07:33.424222Z,85.00,0.8700,0.1300,no
660ac314-faee-44d4-9a03-40fbaec1c00c,KXCANADAPM-45-C,2025-01-23T02:07:33.424222Z,50.00,0.9100,0.0900,no
33470695-c659-47a0-affc-d3ab4f73b0c1,KXCANADAPM-45-C,2025-01-23T02:07:33.424222Z,10.00,0.9000,0.1000,no
120bf3f1-fd48-45a9-b84d-501690a23abc,KXCANADAPM-45-C,2025-01-23T02:07:33.424222Z,76.00,0.9100,0.0900,no
7303d4e8-2151-4b2d-bb79-91f9b8cf02cd,KXCANADAPM-45-C,2025-01-22T22:52:14.282017Z,50.00,0.9100,0.0900,no
d4033006-33d4-4cd8-afc2-2e9ae4b06d85,KXCANADAPM-45-C,2025-01-22T19:41:56.014275Z,106.00,0.9000,0.1000,yes
92928a35-d7c4-4eb2-8f5f-f5634582cb8c,KXCANADAPM-45-C,2025-01-22T19:41:56.014275Z,4.00,0.8900,0.1100,yes
7c72a225-4136-4492-8d39-f634c0707b20,KXCANADAPM-45-C,2025-01-22T19:41:56.014275Z,100.00,0.8900,0.1100,yes
119968a1-54af-402c-bf66-72ecf5a71d3b,KXCANADAPM-45-C,2025-01-22T19:41:56.014275Z,62.00,0.8900,0.1100,yes
f3bbbf67-5721-4fbe-bd8c-757e39077df2,KXCANADAPM-45-C,2025-01-22T18:41:49.617068Z,1.00,0.8700,0.1300,no
9fd2189d-d682-42d0-a54b-07e16d6a9b8f,KXCANADAPM-45-C,2025-01-22T18:41:49.617068Z,5.00,0.8700,0.1300,no
70dbbb26-caa6-4237-84e2-b1a8245ea4df,KXCANADAPM-45-C,2025-01-22T18:41:49.617068Z,90.00,0.8700,0.1300,no
4878ace4-216b-47e6-a3c1-e5b0372abe72,KXCANADAPM-45-C,2025-01-22T18:41:49.617068Z,5.00,0.8700,0.1300,no
f6574d9f-c0c0-476c-816c-a65f697c4765,KXCANADAPM-45-C,2025-01-22T18:41:39.877186Z,1.00,0.8800,0.1200,no
62b838b7-ac0d-43fd-addb-9a63018bfafe,KXCANADAPM-45-C,2025-01-22T18:41:39.774128Z,9.00,0.8800,0.1200,no
897c50dc-0ca0-44c8-ac10-4ebd0c379988,KXCANADAPM-45-C,2025-01-22T18:41:33.664846Z,126.00,0.8800,0.1200,no
742759b1-8f22-49f7-86bf-804e1f2cee38,KXCANADAPM-45-C,2025-01-22T18:41:33.532841Z,47.00,0.8800,0.1200,no
f0798f41-2b4d-45f1-824a-e2c68b7a82a0,KXCANADAPM-45-C,2025-01-22T18:41:33.437451Z,317.00,0.8800,0.1200,no
2b4fa850-ee89-40d5-90d2-3df2e6736aa4,KXCANADAPM-45-C,2025-01-22T18:41:33.437451Z,16.00,0.8800,0.1200,no
c29d07da-c8d5-43a5-b6ef-404621f942ce,KXCANADAPM-45-C,2025-01-22T18:41:32.93526Z,2.00,0.8900,0.1100,no
8faf4c6a-4de4-4c05-a2ea-5d5aca829fba,KXCANADAPM-45-C,2025-01-22T18:41:32.93526Z,1.00,0.8900,0.1100,no
38c30d94-daad-4fb6-b24c-b5e82a876594,KXCANADAPM-45-C,2025-01-22T18:41:32.93526Z,6.00,0.8900,0.1100,no
cb8749d4-b1d9-4e4d-9bf5-5d8f25cbf1f3,KXCANADAPM-45-C,2025-01-22T17:56:54.332964Z,300.00,0.9000,0.1000,no
4de14d45-af2c-4773-93ed-f4179d391b76,KXCANADAPM-45-C,2025-01-22T17:56:54.332964Z,7.00,0.9000,0.1000,no
276d0a2f-1b28-488e-b793-9cb2f65b3a0e,KXCANADAPM-45-C,2025-01-22T17:56:54.332964Z,178.00,0.9000,0.1000,no
d18caf82-395a-4dfe-840f-283375adf5a3,KXCANADAPM-45-C,2025-01-22T17:45:20.657414Z,25.00,0.9000,0.1000,no
9022f552-675d-48c1-b410-caf8e56d143b,KXCANADAPM-45-C,2025-01-22T17:45:20.657414Z,22.00,0.9000,0.1000,no
e50a0475-65a9-49bc-80d9-1158282ff391,KXCANADAPM-45-C,2025-01-22T17:23:06.394739Z,1.00,0.9200,0.0800,yes
fbeaea8d-5a7b-44fe-9fb3-97c4b04f845a,KXCANADAPM-45-C,2025-01-22T16:39:34.853738Z,3.00,0.9200,0.0800,yes
fe988ba2-cf34-4403-93f7-562891017574,KXCANADAPM-45-C,2025-01-22T03:37:27.030931Z,95.00,0.9100,0.0900,no
b4076c53-ec4a-4144-a68d-0acc2720ab5a,KXCANADAPM-45-C,2025-01-22T03:37:27.030931Z,83.00,0.9000,0.1000,no
722e410c-e6aa-49ae-b56f-5903d6ae9f1e,KXCANADAPM-45-C,2025-01-22T03:37:27.030931Z,7.00,0.9100,0.0900,no
41724153-f8f8-4584-b7a8-3abde15ff72b,KXCANADAPM-45-C,2025-01-22T03:37:27.030931Z,93.00,0.9100,0.0900,no
138f2a5f-eda4-42a1-acef-e1ded6967570,KXCANADAPM-45-C,2025-01-22T03:37:27.030931Z,5.00,0.9100,0.0900,no
685878ab-c329-454b-a068-c2faabe9b431,KXCANADAPM-45-C,2025-01-22T00:33:20.18846Z,300.00,0.9100,0.0900,no
b613c881-6b1f-4326-9ad0-4673bc8da4f4,KXCANADAPM-45-C,2025-01-21T19:41:18.228714Z,19.00,0.9300,0.0700,yes
b11d29cd-fb7a-467e-ac10-fa566027f6b7,KXCANADAPM-45-C,2025-01-21T19:41:18.228714Z,17.00,0.9300,0.0700,yes
a86c2360-3c49-4943-a280-a5861ed60658,KXCANADAPM-45-C,2025-01-21T19:41:18.228714Z,14.00,0.9200,0.0800,yes
9da9927c-5c86-4b01-9ae8-4ddc1dbd87b6,KXCANADAPM-45-C,2025-01-21T07:26:15.940533Z,153.00,0.9200,0.0800,yes
3795af8f-e323-4f09-9a5c-1b231f7d141d,KXCANADAPM-45-C,2025-01-21T07:26:15.940533Z,90.00,0.9200,0.0800,yes
7fd931da-e3b8-4abe-b0a4-4be32aceaa55,KXCANADAPM-45-C,2025-01-21T06:35:26.864694Z,52.00,0.9100,0.0900,no
f71da89b-b7b6-4b0a-9e17-75340022dc11,KXCANADAPM-45-C,2025-01-21T02:50:16.36087Z,10.00,0.9200,0.0800,yes
24bb541d-0c6a-426f-9f19-d82616234b15,KXCANADAPM-45-C,2025-01-21T00:44:28.49382Z,21.00,0.9100,0.0900,no
ca19bb17-97f2-482f-b36b-49418d9d8091,KXCANADAPM-45-C,2025-01-20T23:28:48.760446Z,221.00,0.9100,0.0900,no
8bc1bbd6-e206-4035-b064-15bdc2a617a0,KXCANADAPM-45-C,2025-01-20T20:06:32.340434Z,10.00,0.9200,0.0800,yes
c743ec38-b740-4331-b3e6-1bf9805c6262,KXCANADAPM-45-C,2025-01-20T19:23:38.766953Z,11.00,0.9000,0.1000,no
c7d32121-3dd4-411b-8319-15496f6fb956,KXCANADAPM-45-C,2025-01-20T19:02:59.058238Z,177.00,0.9200,0.0800,yes
8cbbede1-069a-495d-a979-78c29f11ee83,KXCANADAPM-45-C,2025-01-20T19:02:59.058238Z,65.00,0.9200,0.0800,yes
2203293e-934f-437c-b73a-bfc0ef5ec7da,KXCANADAPM-45-C,2025-01-20T19:02:59.058238Z,28.00,0.9200,0.0800,yes
f75891f4-9263-4335-9bf0-e5e20ff02d53,KXCANADAPM-45-C,2025-01-20T18:39:28.459562Z,90.00,0.9100,0.0900,yes
46cd74d8-663c-479c-9222-be6eb531bb2c,KXCANADAPM-45-C,2025-01-20T18:39:28.459562Z,16.00,0.9200,0.0800,yes
e3375cf0-8ad1-42fa-b295-32b8d52e50ef,KXCANADAPM-45-C,2025-01-20T14:09:02.383498Z,2.00,0.9000,0.1000,no
c09f9c02-ff23-47b6-8bc6-235d60ea1c94,KXCANADAPM-45-C,2025-01-20T05:54:50.643334Z,4.00,0.9200,0.0800,yes
d50e31db-4a1b-4fe8-9025-b892d573f0e2,KXCANADAPM-45-C,2025-01-19T16:23:12.57654Z,5.00,0.9200,0.0800,yes
7d77bf37-d93f-42e1-bb86-9412dd632cd7,KXCANADAPM-45-C,2025-01-19T16:23:12.57654Z,53.00,0.9200,0.0800,yes
13f88acc-24d0-41a8-b8f6-267738d743dc,KXCANADAPM-45-C,2025-01-18T23:48:55.849208Z,106.00,0.9200,0.0800,yes
e952d9cb-3c28-431b-a99d-1b989e654239,KXCANADAPM-45-C,2025-01-18T19:50:10.716167Z,1.00,0.9000,0.1000,no
cb67a7ae-4cdf-4f38-aa9b-8e907e16e108,KXCANADAPM-45-C,2025-01-18T19:50:10.716167Z,3.00,0.9100,0.0900,no
1cbe66c3-e7c3-4e8a-a827-3d5438ab3bf6,KXCANADAPM-45-C,2025-01-18T19:50:10.716167Z,1.00,0.9000,0.1000,no
fd8edc51-7692-4add-b240-228fb1fcac28,KXCANADAPM-45-C,2025-01-18T04:55:27.907314Z,27.00,0.9200,0.0800,yes
ad33ede6-6bfb-4af1-9c8f-456723e50052,KXCANADAPM-45-C,2025-01-18T04:55:27.907314Z,2162.00,0.9200,0.0800,yes
9ddb011e-ab65-45a3-b7ee-0280aa5cdf7a,KXCANADAPM-45-C,2025-01-18T04:55:27.907314Z,300.00,0.9100,0.0900,yes
8f4cb138-81b0-4589-b92a-524b3fcc89c3,KXCANADAPM-45-C,2025-01-18T04:55:27.907314Z,151.00,0.9200,0.0800,yes
478515d5-453b-4206-8c37-946e74000d00,KXCANADAPM-45-C,2025-01-18T04:55:27.907314Z,17.00,0.9200,0.0800,yes
827e4e9d-5961-43d0-8588-bd142518bb32,KXCANADAPM-45-C,2025-01-17T23:26:31.51632Z,54.00,0.9200,0.0800,yes
f4657997-2c62-43c8-bb59-7da482a43cbd,KXCANADAPM-45-C,2025-01-17T18:21:36.08253Z,1.00,0.9000,0.1000,no
08e8ed72-fe35-49a8-8c4f-800602f87016,KXCANADAPM-45-C,2025-01-17T17:35:12.942394Z,1.00,0.9200,0.0800,yes
467b458f-5bca-4473-9420-2813113b41c3,KXCANADAPM-45-C,2025-01-17T16:46:31.427234Z,250.00,0.9100,0.0900,no
8adc3ccb-07d4-4c8a-86fe-8c2e44a68ef0,KXCANADAPM-45-C,2025-01-17T02:11:42.761038Z,26.00,0.9200,0.0800,yes
0df9c8ef-2c87-45d2-943e-82a499e674c7,KXCANADAPM-45-C,2025-01-17T02:11:42.761038Z,27.00,0.9300,0.0700,yes
e07b1162-6758-4fdc-914b-2400dcdb708a,KXCANADAPM-45-C,2025-01-17T00:06:34.80766Z,1.00,0.9200,0.0800,yes
adff23b2-51d0-4530-b53e-cc569df43812,KXCANADAPM-45-C,2025-01-16T17:22:06.064921Z,100.00,0.9000,0.1000,no
b167e26d-736c-407f-a3ee-a220dcb7416b,KXCANADAPM-45-C,2025-01-16T17:21:57.092707Z,72.00,0.9200,0.0800,yes
9853cac5-9791-40a1-a832-8acfe04e33ef,KXCANADAPM-45-C,2025-01-16T17:21:57.092707Z,28.00,0.9200,0.0800,yes
ac137312-f307-47c1-85f7-1888a722d780,KXCANADAPM-45-C,2025-01-16T06:21:13.792194Z,2.00,0.9200,0.0800,yes
5fc0ce66-4490-406e-8e86-163753ada778,KXCANADAPM-45-C,2025-01-15T17:04:56.049573Z,73.00,0.9000,0.1000,no
e32199d8-c1d4-4ec6-a8c4-a13c1bb4dc93,KXCANADAPM-45-C,2025-01-15T16:22:33.498774Z,10.00,0.9200,0.0800,yes
c8b7df16-7307-4205-81c8-e7651ce521a7,KXCANADAPM-45-C,2025-01-15T05:36:51.018526Z,209.00,0.9000,0.1000,no
9d849299-145e-4233-9e62-78b71cc33a5f,KXCANADAPM-45-C,2025-01-15T04:22:39.947792Z,4.00,0.9200,0.0800,yes
40edcb90-0aca-46af-ae6c-9f791ad9fd65,KXCANADAPM-45-C,2025-01-15T03:41:48.245732Z,238.00,0.9100,0.0900,no
fa118e8b-5447-4dd9-bfa3-0487115c1adb,KXCANADAPM-45-C,2025-01-15T01:48:04.406219Z,29.00,0.9200,0.0800,yes
b47505b3-3580-43b5-a70a-29da00f2313b,KXCANADAPM-45-C,2025-01-15T01:48:04.406219Z,68.00,0.9200,0.0800,yes
251a8281-cb36-495f-918b-99426f605fdc,KXCANADAPM-45-C,2025-01-15T01:48:04.406219Z,12.00,0.9200,0.0800,yes
dbe59f0f-2f53-4751-9843-0134a4afd8f5,KXCANADAPM-45-C,2025-01-15T01:45:23.749781Z,1.00,0.9200,0.0800,yes
6f4302f0-6ad0-4297-9d03-b79aeb493697,KXCANADAPM-45-C,2025-01-15T01:31:04.291724Z,5.00,0.9200,0.0800,yes
be951ed3-efd2-4e8a-bf5b-f56bb71422a5,KXCANADAPM-45-C,2025-01-14T14:59:36.401126Z,5.00,0.9100,0.0900,no
f8c8a52f-cefa-487a-8b61-c4fccdd43822,KXCANADAPM-45-C,2025-01-14T14:59:20.014297Z,10.00,0.9100,0.0900,no
a4e71d63-743b-47d7-8a08-3ff2dbdbd6e0,KXCANADAPM-45-C,2025-01-14T14:59:20.014297Z,25.00,0.9100,0.0900,no
9ae0dd68-d060-4384-8416-5c2ac27312e2,KXCANADAPM-45-C,2025-01-14T14:59:20.014297Z,257.00,0.9100,0.0900,no
95490955-f56f-4394-95d3-2018bd361aab,KXCANADAPM-45-C,2025-01-14T14:59:20.014297Z,407.00,0.9100,0.0900,no
5983429d-2fcc-4454-a1b1-0ba62f2aae7f,KXCANADAPM-45-C,2025-01-14T14:59:20.014297Z,1.00,0.9100,0.0900,no
668f0b10-2bf9-4143-9bc1-e00478c15941,KXCANADAPM-45-C,2025-01-14T14:18:28.796759Z,3.00,0.9100,0.0900,no
dc21491e-eab6-4438-9353-9603e9757dc5,KXCANADAPM-45-C,2025-01-13T14:25:59.721235Z,27.00,0.9200,0.0800,yes
a040cb40-0053-4dd1-95e3-cff4f365ffc8,KXCANADAPM-45-C,2025-01-13T05:21:52.541437Z,21.00,0.9200,0.0800,yes
f43bc687-fd6a-406b-a13d-b9d95155a76f,KXCANADAPM-45-C,2025-01-13T03:41:39.660557Z,82.00,0.9100,0.0900,no
8c52259b-d0ef-4718-a2e0-686d30eb7263,KXCANADAPM-45-C,2025-01-12T01:44:31.563598Z,5.00,0.9200,0.0800,yes
8cc96e4f-2acd-4a17-9664-66c38cb53c4a,KXCANADAPM-45-C,2025-01-11T16:36:38.77118Z,15.00,0.9200,0.0800,yes
6af0cdcb-d0eb-4824-96c7-e4c5db582e5f,KXCANADAPM-45-C,2025-01-10T05:21:17.343913Z,1.00,0.9100,0.0900,no
09f9370a-2206-442e-93d3-b6a615998d7f,KXCANADAPM-45-C,2025-01-10T00:12:03.560954Z,3.00,0.9300,0.0700,yes
a17e0591-6788-4d31-a313-8b29d324996d,KXCANADAPM-45-C,2025-01-09T04:25:16.673026Z,1.00,0.9300,0.0700,yes
f3e21971-d032-459d-8e8f-297c36d60e42,KXCANADAPM-45-C,2025-01-08T20:30:05.229796Z,4.00,0.9100,0.0900,no
2566c08d-4e51-4d36-a35f-2e399ed697f2,KXCANADAPM-45-C,2025-01-08T02:13:37.028612Z,2.00,0.9400,0.0600,yes
68a87368-9b6b-4bcf-9fc4-b1bcbffeef20,KXCANADAPM-45-C,2025-01-08T00:16:59.389138Z,2.00,0.9100,0.0900,no
e47887b6-f725-4213-b5e0-58efef19cd7b,KXCANADAPM-45-C,2025-01-07T23:34:04.825496Z,1.00,0.9400,0.0600,yes
cfa78b07-ac79-4ddc-a467-36ea51c28bf2,KXCANADAPM-45-C,2025-01-07T22:58:17.929285Z,1.00,0.9200,0.0800,no
9a711161-080d-4580-a2d3-cfc6fbfd9a4a,KXCANADAPM-45-C,2025-01-07T22:58:17.929285Z,10.00,0.9200,0.0800,no
8fd790c7-9d44-424f-944f-47d56d4aa36a,KXCANADAPM-45-C,2025-01-07T22:58:17.929285Z,100.00,0.9200,0.0800,no
57765380-8efb-45d7-8b3c-59d76a7e09b1,KXCANADAPM-45-C,2025-01-07T22:58:17.929285Z,700.00,0.9200,0.0800,no
0f45b37d-9b13-45dd-bf75-805cdd05f792,KXCANADAPM-45-C,2025-01-07T22:58:17.929285Z,200.00,0.9200,0.0800,no
908ae70e-9d8b-41ce-9742-992fb907cda8,KXCANADAPM-45-C,2025-01-07T20:55:59.519861Z,8.00,0.9500,0.0500,yes
24b13c7b-8030-4cba-b4ee-6cfe0ed6e074,KXCANADAPM-45-C,2025-01-07T04:38:55.254491Z,209.00,0.9500,0.0500,yes
b26f8642-5fd3-40cc-85b6-698101cbce58,KXCANADAPM-45-C,2025-01-07T01:18:26.993056Z,185.00,0.9500,0.0500,yes
fe33987c-6343-4afd-a915-af53de03d7f8,KXCANADAPM-45-C,2025-01-07T00:01:05.596376Z,78.00,0.9500,0.0500,yes
4169c1cf-22a7-4cc4-82cb-df02767afdf8,KXCANADAPM-45-C,2025-01-06T22:54:34.984702Z,1.00,0.9500,0.0500,yes
e2e81408-7324-44d3-b38f-7f699777599a,KXCANADAPM-45-C,2025-01-06T22:33:44.137116Z,10.00,0.9200,0.0800,no
a3de9508-8f9b-4b34-a148-7fb78b67c865,KXCANADAPM-45-C,2025-01-06T20:55:33.812167Z,10.00,0.9300,0.0700,no
f67d52c4-9da1-4f72-a121-f4bf8b3796fa,KXCANADAPM-45-C,2025-01-06T20:07:58.751524Z,103.00,0.9600,0.0400,yes
5ca7263a-3c97-4585-b1e3-3c2892b866ff,KXCANADAPM-45-C,2025-01-06T19:33:25.9399Z,1.00,0.9600,0.0400,yes
72d468d7-a244-4f07-958b-1748a6276881,KXCANADAPM-45-C,2025-01-06T18:21:38.379232Z,20.00,0.9600,0.0400,yes
f4702498-3271-4b93-98bb-42b7aab5e3ba,KXCANADAPM-45-C,2025-01-06T16:25:33.087275Z,159.00,0.9100,0.0900,no
c457e6fd-50b3-4b59-b4cc-8047bc8e42f3,KXCANADAPM-45-C,2025-01-06T16:25:33.087275Z,500.00,0.9200,0.0800,no
aea00a61-de1f-4740-9486-a8375c03ed90,KXCANADAPM-45-C,2025-01-06T16:25:33.087275Z,991.00,0.9500,0.0500,no
94fe7b45-9b20-421a-a77e-884426145280,KXCANADAPM-45-C,2025-01-06T16:25:33.087275Z,100.00,0.9400,0.0600,no
5a341ba7-11f8-40df-b7d3-ed5b0d21d788,KXCANADAPM-45-C,2025-01-06T16:25:33.087275Z,200.00,0.9400,0.0600,no
39612462-c117-4bea-8049-4b62bf2e55c3,KXCANADAPM-45-C,2025-01-06T16:25:33.087275Z,200.00,0.9400,0.0600,no
0210c7ec-186e-423e-aa2e-7e2deb845536,KXCANADAPM-45-C,2025-01-06T16:25:33.087275Z,500.00,0.9300,0.0700,no
7a954e02-0740-4837-a901-48a2cc69decb,KXCANADAPM-45-C,2025-01-06T16:23:26.995801Z,7.00,0.9500,0.0500,no
47d6e7c1-dcee-4a5f-be48-eba57bf5b9ba,KXCANADAPM-45-C,2025-01-06T15:14:43.850319Z,1.00,0.9700,0.0300,yes
36779ea5-57ce-4b3e-9e32-7f0e12842783,KXCANADAPM-45-C,2025-01-06T15:14:43.850319Z,9.00,0.9600,0.0400,yes
e09aece8-b841-4ed8-806b-7ef4292faa04,KXCANADAPM-45-C,2025-01-06T14:32:27.135322Z,2.00,0.9500,0.0500,no
2b6bf63a-3f5b-43d3-ab6d-38d88d13e02b,KXCANADAPM-45-C,2025-01-06T03:50:31.466219Z,10.00,0.9700,0.0300,yes
f2e3940a-c591-49e0-bf88-4822349a6fd1,KXCANADAPM-45-C,2025-01-06T03:38:51.495729Z,13.00,0.9600,0.0400,yes
b37425f7-ffaf-440d-90b8-82213df52bd6,KXCANADAPM-45-C,2025-01-06T03:38:51.495729Z,11.00,0.9600,0.0400,yes
ae44335b-c4c8-42a2-aae5-7fa8d6049b1d,KXCANADAPM-45-C,2025-01-06T03:38:51.495729Z,100.00,0.9600,0.0400,yes
7f92f9c7-0b38-48f8-b62d-c55cf455b547,KXCANADAPM-45-C,2025-01-06T03:38:51.495729Z,200.00,0.9600,0.0400,yes
669e4240-142a-419f-bbf7-58bf98fbf396,KXCANADAPM-45-C,2025-01-06T03:38:51.495729Z,85.00,0.9700,0.0300,yes
650a7abd-c98d-4f20-a074-974f9f4410c6,KXCANADAPM-45-C,2025-01-06T03:38:51.495729Z,100.00,0.9600,0.0400,yes
4ec37b0a-96cd-4db0-b31d-1059dff3f336,KXCANADAPM-45-C,2025-01-06T03:38:51.495729Z,60.00,0.9600,0.0400,yes
439c17a4-f05a-494c-be47-fd2539339abc,KXCANADAPM-45-C,2025-01-06T03:38:51.495729Z,137.00,0.9700,0.0300,yes
3d2f9d63-6dc6-4ba3-a628-0b0fc745f48b,KXCANADAPM-45-C,2025-01-06T03:38:51.495729Z,1.00,0.9600,0.0400,yes
3554e9c7-dbe5-488c-b211-e5c40e91a283,KXCANADAPM-45-C,2025-01-06T03:38:51.495729Z,50.00,0.9600,0.0400,yes
1ba82338-d6c3-4317-9315-203b6a26ad8f,KXCANADAPM-45-C,2025-01-06T03:38:51.495729Z,66.00,0.9600,0.0400,yes
12297256-d5a0-44de-ad1a-a333f9115b2d,KXCANADAPM-45-C,2025-01-06T03:38:51.495729Z,215.00,0.9700,0.0300,yes
b0b896ec-854e-44ba-b255-5c2b05edb012,KXCANADAPM-45-C,2025-01-06T02:08:56.448534Z,1.00,0.9500,0.0500,yes
a476d42b-c002-4bde-8a28-fbaee1f8c4a3,KXCANADAPM-45-C,2025-01-06T02:08:56.448534Z,12.00,0.9500,0.0500,yes
8d89f4a3-6eeb-4f44-ba5f-4304be5d62a7,KXCANADAPM-45-C,2025-01-06T02:08:56.448534Z,188.00,0.9500,0.0500,yes
44704b90-93f4-4196-920a-b9aa042666ab,KXCANADAPM-45-C,2025-01-06T02:08:56.448534Z,99.00,0.9500,0.0500,yes
1cbed25c-86a0-4d31-88b3-0bdbb737b106,KXCANADAPM-45-C,2025-01-06T02:08:56.448534Z,80.00,0.9400,0.0600,yes
b21475bd-076b-484a-84e8-a90ede9c4496,KXCANADAPM-45-C,2025-01-05T14:43:56.878397Z,250.00,0.9100,0.0900,no
cd9a3dc5-c27f-4e94-905c-16fec7c11b31,KXCANADAPM-45-C,2025-01-05T02:16:47.123355Z,120.00,0.9400,0.0600,yes
a741c418-b89b-4a9c-b8b1-b40d9b52c05e,KXCANADAPM-45-C,2025-01-05T02:16:47.123355Z,100.00,0.9400,0.0600,yes
5fa96677-2a81-43a6-9c4a-4870eadc3bb2,KXCANADAPM-45-C,2025-01-05T02:16:47.123355Z,76.00,0.9400,0.0600,yes
e5ad295e-73e9-45fc-a0dc-4cd70c0d0f96,KXCANADAPM-45-C,2025-01-04T22:29:23.516465Z,108.00,0.9100,0.0900,no
21a0133a-bee5-442b-858c-984e44c8e7ea,KXCANADAPM-45-C,2025-01-04T22:29:23.516465Z,92.00,0.9100,0.0900,no
c5ba7e7a-e23e-4cc7-a0c7-b18eedef9248,KXCANADAPM-45-C,2025-01-03T21:40:50.111001Z,21.00,0.9300,0.0700,yes
1631c263-b2de-4a0d-a63a-f0af8cc44a44,KXCANADAPM-45-C,2025-01-03T19:31:23.369986Z,107.00,0.9300,0.0700,yes
f674369f-6dfd-4c56-881f-fc21fcc3eaf6,KXCANADAPM-45-C,2025-01-03T18:47:57.729116Z,100.00,0.9300,0.0700,yes
dde1664b-e72f-40cf-9cec-c2799a04cb94,KXCANADAPM-45-C,2025-01-03T18:47:57.729116Z,5.00,0.9300,0.0700,yes
d990003f-5a7f-4a00-a92c-d168c8f6f2d0,KXCANADAPM-45-C,2025-01-03T18:47:57.729116Z,17.00,0.9300,0.0700,yes
bfe72661-b206-41fa-885a-4f281c98070d,KXCANADAPM-45-C,2025-01-03T18:47:57.729116Z,50.00,0.9300,0.0700,yes
b8349fc4-b950-43b0-a4b2-7ba82b0fb5e9,KXCANADAPM-45-C,2025-01-03T18:47:57.729116Z,400.00,0.9300,0.0700,yes
81426a6d-f795-47b8-8f66-cff3caf54494,KXCANADAPM-45-C,2025-01-03T18:47:57.729116Z,100.00,0.9300,0.0700,yes
5f9479cb-bb7c-49b1-919c-4dd864d42b63,KXCANADAPM-45-C,2025-01-03T18:47:57.729116Z,25.00,0.9300,0.0700,yes
4eff23ce-2c1b-4c7a-aeb6-f7f7d002ffba,KXCANADAPM-45-C,2025-01-03T18:47:57.729116Z,50.00,0.9300,0.0700,yes
4848c547-9c41-4b69-9318-1a59210b153f,KXCANADAPM-45-C,2025-01-03T18:47:57.729116Z,100.00,0.9300,0.0700,yes
443124df-eeb5-437d-a6b1-a6ef9d38ea87,KXCANADAPM-45-C,2025-01-03T18:47:57.729116Z,20.00,0.9300,0.0700,yes
88e317d1-c38e-417d-812f-db7f0c59acb0,KXCANADAPM-45-C,2025-01-03T14:55:52.298695Z,108.00,0.9200,0.0800,yes
f4efdbdc-5ee5-4caa-9920-c5593de061b2,KXCANADAPM-45-C,2025-01-02T15:44:16.929487Z,20.00,0.9000,0.1000,no
1f89848e-97cc-4408-a3ef-082778e9ed21,KXCANADAPM-45-C,2024-12-31T23:36:43.717227Z,100.00,0.9200,0.0800,no
155f3961-4878-48bb-868e-a30facc64d33,KXCANADAPM-45-C,2024-12-31T18:44:49.234237Z,1.00,0.9200,0.0800,yes
04c4fee4-9a78-4cfe-86be-00701772e59d,KXCANADAPM-45-C,2024-12-27T03:26:55.965589Z,11.00,0.9100,0.0900,no
e78c21ad-917e-4952-8ad1-781654a8fdef,KXCANADAPM-45-C,2024-12-26T13:25:04.753089Z,50.00,0.9200,0.0800,no
001ce7cf-4718-4a06-8f7e-997e4eb48f26,KXCANADAPM-45-C,2024-12-26T13:25:04.753089Z,250.00,0.9100,0.0900,no
b2a279d0-1477-4b0a-8bc7-3f0401e4d20f,KXCANADAPM-45-C,2024-12-23T21:11:30.235177Z,1.00,0.9200,0.0800,yes
3a547b74-24e6-41e8-9920-62df5375d54e,KXCANADAPM-45-C,2024-12-23T21:11:30.235177Z,1.00,0.9200,0.0800,yes
8edc86f6-0ced-47c2-ac93-b63a8fc9157c,KXCANADAPM-45-C,2024-12-23T17:28:08.167567Z,8.00,0.9100,0.0900,no
a0473219-9253-43c9-ae72-fae5f9895639,KXCANADAPM-45-C,2024-12-23T17:16:56.197822Z,33.00,0.9100,0.0900,no
7acf518c-dc60-4b51-b017-dd4d9740a711,KXCANADAPM-45-C,2024-12-23T17:16:56.197822Z,5.00,0.9100,0.0900,no
288f3848-8d32-4a9b-b4a9-e44ee37a3985,KXCANADAPM-45-C,2024-12-23T17:16:56.197822Z,84.00,0.9100,0.0900,no
5def53bd-8d1e-48d2-a7a6-48adbce52ca4,KXCANADAPM-45-C,2024-12-23T03:13:06.98688Z,11.00,0.9100,0.0900,no
cb0cfb16-57ac-440f-be38-d7de13249b42,KXCANADAPM-45-C,2024-12-23T03:11:59.25236Z,5.00,0.9100,0.0900,yes
9bd9fef0-51fd-473a-a12a-d34d003a7517,KXCANADAPM-45-C,2024-12-23T03:10:24.100773Z,200.00,0.9100,0.0900,yes
15ef3be5-70b6-408c-8006-49ec19184068,KXCANADAPM-45-C,2024-12-23T03:10:24.100773Z,200.00,0.9100,0.0900,yes
a9d237df-66ff-40d3-b8b1-4e8f2d48b63b,KXCANADAPM-45-C,2024-12-23T03:10:14.248213Z,27.00,0.9100,0.0900,yes
7c751b9c-689e-4734-acd9-af4ea79243c9,KXCANADAPM-45-C,2024-12-23T03:10:14.248213Z,473.00,0.9100,0.0900,yes
13fceb2c-b1b6-444e-9bd0-d780e95a8437,KXCANADAPM-45-C,2024-12-23T03:10:04.878405Z,500.00,0.9100,0.0900,yes
d64211cc-1121-4b66-bec5-70063b40ff19,KXCANADAPM-45-C,2024-12-18T02:20:25.651304Z,22.00,0.9100,0.0900,yes
1aec4f0c-9227-464b-8ab9-603eec14625f,KXCANADAPM-45-C,2024-12-18T02:20:25.651304Z,1.00,0.9100,0.0900,yes
1166eb59-56d7-4334-9fc3-4d949dd07d49,KXCANADAPM-45-C,2024-12-18T02:20:25.651304Z,27.00,0.9100,0.0900,yes
098650ac-f0f5-4b99-b86f-1998e306a4c5,KXCANADAPM-45-C,2024-12-18T02:20:25.651304Z,4.00,0.9100,0.0900,yes
7094bee4-beaf-4c31-9447-8c66e75ff5cb,KXCANADAPM-45-C,2024-12-18T01:10:39.752062Z,2.00,0.9100,0.0900,yes
eed5b090-b81f-44e3-b123-c99aa5c9d62b,KXCANADAPM-45-C,2024-12-17T22:41:49.010616Z,20.00,0.9100,0.0900,yes
00583996-c9c4-4759-8f45-4735c01c295e,KXCANADAPM-45-C,2024-12-17T20:06:33.109691Z,1.00,0.9100,0.0900,yes
c3cdfdcb-58e7-4769-afda-a3c41f2c80ee,KXCANADAPM-45-C,2024-12-17T05:33:09.491251Z,2.00,0.9100,0.0900,yes
a6984d6d-057a-4411-9051-0cd04ae08f42,KXCANADAPM-45-C,2024-12-17T05:33:09.491251Z,55.00,0.9100,0.0900,yes
52bcdb3c-4147-4195-a7f8-ac0b65c20db3,KXCANADAPM-45-C,2024-12-17T05:33:09.491251Z,97.00,0.9100,0.0900,yes
21ac44f1-75c4-490f-addb-87b400a505c6,KXCANADAPM-45-C,2024-12-17T05:33:09.491251Z,46.00,0.9100,0.0900,yes
036b26a4-a9e5-4d21-9c54-3d77721392f0,KXCANADAPM-45-C,2024-12-17T05:33:09.491251Z,73.00,0.9100,0.0900,yes
d1ee8978-83d1-47f1-9c0f-d3ca01d515f8,KXCANADAPM-45-C,2024-12-17T03:15:09.038553Z,15.00,0.8800,0.1200,no
0c255a5b-fad8-4f3c-9123-d7245604fc1e,KXCANADAPM-45-C,2024-12-17T01:15:05.804396Z,5.00,0.9100,0.0900,yes
5471ab4f-2aee-445e-8264-e33cf67c0997,KXCANADAPM-45-C,2024-12-16T22:15:33.747687Z,43.00,0.9100,0.0900,yes
1ad03d00-a74b-44ea-b608-fd69e1087b3a,KXCANADAPM-45-C,2024-12-16T22:08:20.881972Z,37.00,0.9100,0.0900,yes
ede01aa1-adfe-4eaf-8ffd-33ccbc36321c,KXCANADAPM-45-C,2024-12-16T21:01:49.002886Z,5.00,0.9000,0.1000,yes
e4839691-3508-4f32-bcc6-5abf71b3cd71,KXCANADAPM-45-C,2024-12-16T21:01:49.002886Z,5.00,0.9100,0.0900,yes
c4503e62-34ff-4d11-9f72-d55d13e6440e,KXCANADAPM-45-C,2024-12-16T21:01:49.002886Z,28.00,0.9100,0.0900,yes
cf343861-fff3-40d2-8908-28080dc70226,KXCANADAPM-45-C,2024-12-16T20:56:58.065158Z,300.00,0.8900,0.1100,no
3a456fb8-a03f-4e3f-ac77-de82bf430150,KXCANADAPM-45-C,2024-12-16T20:36:08.701877Z,17.00,0.8900,0.1100,yes
15fa3057-6cf7-4066-8246-806e3aeb0364,KXCANADAPM-45-C,2024-12-16T20:36:08.701877Z,105.00,0.8900,0.1100,yes
9b5a4cfe-5b8a-402c-99dd-051d2e880a97,KXCANADAPM-45-C,2024-12-16T03:19:34.525471Z,55.00,0.8900,0.1100,yes
44690464-31ac-4d94-afa6-db3853fdaf76,KXCANADAPM-45-C,2024-12-15T21:27:26.699181Z,11.00,0.8900,0.1100,yes
b9e23c2d-d96a-45ed-8642-7113a9eb55a4,KXCANADAPM-45-C,2024-12-14T20:51:55.111014Z,11.00,0.8900,0.1100,yes
d2d8dbe5-a721-4cc7-96e7-0f4c356d340d,KXCANADAPM-45-C,2024-12-14T18:20:07.448159Z,17.00,0.8900,0.1100,yes
a7627f87-2f37-4e15-8231-0d6f76c79764,KXCANADAPM-45-C,2024-12-14T18:20:07.448159Z,47.00,0.8900,0.1100,yes
5c370daa-9d8b-4717-ad77-c49ca7fff9ad,KXCANADAPM-45-C,2024-12-14T18:20:07.448159Z,47.00,0.8900,0.1100,yes
48d5e22c-77be-4d6a-b936-eb073d464423,KXCANADAPM-45-C,2024-12-14T05:14:14.333947Z,146.00,0.8600,0.1400,no
a652283f-52d1-4b45-b52d-cd9bb722bd8a,KXCANADAPM-45-C,2024-12-14T05:01:43.238197Z,2.00,0.8800,0.1200,no
6a4890af-d7b4-400b-923a-e838e33b16b3,KXCANADAPM-45-C,2024-12-14T05:01:43.238197Z,6.00,0.8600,0.1400,no
0eedf8b4-31ae-4d23-abd1-8a8b21e74fa9,KXCANADAPM-45-C,2024-12-14T03:47:57.498816Z,8.00,0.8900,0.1100,yes
ecf6a9df-4b44-4321-b348-a0e0904573b7,KXCANADAPM-45-C,2024-12-13T21:15:07.227845Z,1.00,0.8900,0.1100,yes
9595492b-0257-452c-882d-bd19d63c537d,KXCANADAPM-45-C,2024-12-12T17:34:38.633471Z,1.00,0.8900,0.1100,yes
2abdbfda-df5b-4fbc-86f8-efbfe23d8751,KXCANADAPM-45-C,2024-12-12T16:05:18.81554Z,5.00,0.8900,0.1100,yes
589eb6bf-670e-405b-988b-97c31e2f272e,KXCANADAPM-45-C,2024-12-12T15:44:12.399046Z,101.00,0.8600,0.1400,no
99dd128c-7c14-4865-b95c-721296a8d811,KXCANADAPM-45-C,2024-12-12T06:51:28.48905Z,19.00,0.8800,0.1200,yes
53c1f718-b2f7-483f-a272-85e8c852748b,KXCANADAPM-45-C,2024-12-12T06:51:28.48905Z,4.00,0.8900,0.1100,yes
1a1396fc-5326-4782-beb3-fa0ccfb41ff0,KXCANADAPM-45-C,2024-12-12T06:51:28.48905Z,10.00,0.8800,0.1200,yes
38af57be-c152-4dcc-92b4-afe40246b6a1,KXCANADAPM-45-C,2024-12-11T23:59:48.815294Z,33.00,0.8600,0.1400,no
c56a1a41-b192-4fe7-899c-f437b4f9eae5,KXCANADAPM-45-C,2024-12-11T22:23:41.885398Z,11.00,0.8700,0.1300,yes
8f1bfddc-f953-4e98-9415-890077f1f926,KXCANADAPM-45-C,2024-12-11T22:23:41.885398Z,71.00,0.8800,0.1200,yes
6276fb3f-9082-4d61-aa18-21c66d35007c,KXCANADAPM-45-C,2024-12-11T22:23:41.885398Z,79.00,0.8700,0.1300,yes
50d60a0c-b600-434d-ba41-6aea1fed097a,KXCANADAPM-45-C,2024-12-11T22:23:41.885398Z,10.00,0.8700,0.1300,yes
95a775f3-287c-4be6-9444-324abc9045f0,KXCANADAPM-45-C,2024-12-11T18:46:23.753282Z,5.00,0.8700,0.1300,yes
8d8650ae-344c-4131-8a87-e09caf72a1ab,KXCANADAPM-45-C,2024-12-11T15:59:49.269446Z,1.00,0.8700,0.1300,yes
ff7abf32-fe69-489b-a2e6-ff3c354a53b5,KXCANADAPM-45-C,2024-12-11T00:43:40.6627Z,5.00,0.8700,0.1300,yes
091dfc5d-30dd-40a0-bf08-096652156920,KXCANADAPM-45-C,2024-12-11T00:17:10.01972Z,303.00,0.8600,0.1400,no
bf6d5e79-3c1c-413e-ab2d-bd86b414f300,KXCANADAPM-45-C,2024-12-10T16:35:37.063331Z,5.00,0.8600,0.1400,no
d8cdeb77-29e6-47bc-a39a-65649a443125,KXCANADAPM-45-C,2024-12-10T07:25:01.72356Z,1.00,0.8700,0.1300,no
b4d71fb9-5e07-4974-a3b0-7a93b32ae693,KXCANADAPM-45-C,2024-12-10T07:25:01.72356Z,37.00,0.8700,0.1300,no
4b778742-34a3-428d-88c4-18e94f490170,KXCANADAPM-45-C,2024-12-10T07:25:01.72356Z,119.00,0.8600,0.1400,no
3e9fa087-ddb0-4df2-9ca0-224a15d3b7b8,KXCANADAPM-45-C,2024-12-10T07:25:01.72356Z,14.00,0.8700,0.1300,no
4a02293f-e773-4306-8176-c6558b04a8ef,KXCANADAPM-45-C,2024-12-10T04:02:55.046401Z,36.00,0.8700,0.1300,no
90cae865-d834-4ecb-b3ca-c26e143b315b,KXCANADAPM-45-C,2024-12-09T22:15:33.455056Z,3.00,0.8700,0.1300,no
85bf56b2-aa3d-47f6-a670-7e88ff929893,KXCANADAPM-45-C,2024-12-09T22:15:33.455056Z,7.00,0.8700,0.1300,no
51248db8-c3d3-4992-ae69-7a9493170e70,KXCANADAPM-45-C,2024-12-09T19:01:56.97363Z,2.00,0.8700,0.1300,no
17085dbd-9132-4056-b5c9-86ca52cc7f0f,KXCANADAPM-45-C,2024-12-09T18:20:58.878718Z,2.00,0.8900,0.1100,yes
06c60883-442e-4719-9889-a4b2a9b14395,KXCANADAPM-45-C,2024-12-09T07:24:11.229092Z,5.00,0.8900,0.1100,yes
4c782a6b-1554-4273-b2ad-053cba60fb22,KXCANADAPM-45-C,2024-12-08T20:27:12.824955Z,1.00,0.8900,0.1100,yes
373d5169-7be3-4c77-8dc9-c5011e2e5705,KXCANADAPM-45-C,2024-12-08T15:56:10.459385Z,67.00,0.8600,0.1400,no
aff60ff1-c8a6-4d3b-a255-40d4514b9bb3,KXCANADAPM-45-C,2024-12-08T01:11:27.611802Z,1.00,0.8900,0.1100,yes
21c0e3f8-725e-4900-965f-d81304d2c6ee,KXCANADAPM-45-C,2024-12-07T06:53:48.64362Z,55.00,0.8900,0.1100,yes
e97b06dd-5820-4089-a851-df5d4017eda5,KXCANADAPM-45-C,2024-12-06T19:30:28.298685Z,1.00,0.9000,0.1000,yes
b10b47f2-06ba-4592-a901-726ccda69db5,KXCANADAPM-45-C,2024-12-06T19:30:28.298685Z,10.00,0.8900,0.1100,yes
3282dc63-b2e4-46fd-8857-657d9e92ef24,KXCANADAPM-45-C,2024-12-06T14:52:36.854244Z,75.00,0.8500,0.1500,no
a3c9168e-99c2-4f3f-abf5-d83d2876f8c2,KXCANADAPM-45-C,2024-12-05T15:37:01.637153Z,8.00,0.8900,0.1100,no
7281cca3-d1c7-44ac-8f58-747a25cf8743,KXCANADAPM-45-C,2024-12-05T00:15:11.012974Z,2.00,0.8900,0.1100,no
9e12b8c2-b4a9-4cb4-9e00-bdc9bae1512d,KXCANADAPM-45-C,2024-12-04T06:04:50.068293Z,10.00,0.9100,0.0900,yes
f6916ea3-3b91-4bf1-85a5-94ca4a694246,KXCANADAPM-45-C,2024-12-03T23:33:41.939128Z,51.00,0.9000,0.1000,yes
4557eae3-2b82-468c-8852-4bfcf1de2b78,KXCANADAPM-45-C,2024-12-03T23:33:41.939128Z,46.00,0.9100,0.0900,yes
1bdc2c44-5a5c-45a1-a8b7-6f714dd4aff4,KXCANADAPM-45-C,2024-12-03T23:33:41.939128Z,49.00,0.9000,0.1000,yes
05807c18-49a5-448f-8b38-9b6dcc6b0458,KXCANADAPM-45-C,2024-12-03T16:08:44.701916Z,10.00,0.8900,0.1100,yes
3b7ffdec-b5c5-4bf4-a8b7-e3b2c9544d79,KXCANADAPM-45-C,2024-12-03T14:10:29.982548Z,51.00,0.9000,0.1000,yes
2f8d294f-6658-4ebf-a6bc-584aef5ca339,KXCANADAPM-45-C,2024-12-03T14:10:29.982548Z,1.00,0.9000,0.1000,yes
0ce563ee-b368-40b0-9e89-4e83effa1324,KXCANADAPM-45-C,2024-12-03T14:10:29.982548Z,36.00,0.9000,0.1000,yes
058043d2-a4be-4e30-9178-5ca9aa2a8ae0,KXCANADAPM-45-C,2024-12-03T03:07:02.626145Z,1.00,0.8600,0.1400,no
1f67f67b-186c-4ce4-b14a-0b159eeb70c3,KXCANADAPM-45-C,2024-12-02T23:01:13.829502Z,1.00,0.9000,0.1000,yes
ee9156f0-af23-4d6f-9377-a03d9f5ca33a,KXCANADAPM-45-C,2024-12-02T22:30:36.816518Z,110.00,0.8900,0.1100,yes
ecfb3863-2ce5-4706-ae69-7f761a1e4053,KXCANADAPM-45-C,2024-12-02T22:30:36.816518Z,1.00,0.8900,0.1100,yes
aff946f4-15d4-42fb-9c9f-311d03a1e00c,KXCANADAPM-45-C,2024-12-02T21:45:21.255194Z,6.00,0.8500,0.1500,no
b60e14bc-8b83-41a5-bb3f-6b7c17bcb298,KXCANADAPM-45-C,2024-12-02T17:54:45.992385Z,300.00,0.8800,0.1200,yes
f7c358f1-17b8-416a-924d-fca5de841ea5,KXCANADAPM-45-C,2024-12-02T13:59:34.367049Z,8.00,0.8500,0.1500,no
63f27a46-3796-4228-83de-821a97bb871b,KXCANADAPM-45-C,2024-12-02T13:59:34.367049Z,37.00,0.8600,0.1400,no
133672d1-0ac0-498b-812f-23f4e0815b16,KXCANADAPM-45-C,2024-12-02T05:57:00.572452Z,46.00,0.8900,0.1100,yes
07a1c000-01da-4026-a924-62beec44b71c,KXCANADAPM-45-C,2024-12-02T05:57:00.572452Z,9.00,0.9000,0.1000,yes
d7915ab4-c753-48ad-abed-41e4202e03c9,KXCANADAPM-45-C,2024-12-01T23:56:59.500643Z,50.00,0.8900,0.1100,yes
401823f4-7a2c-4aa9-86bc-4c382909a675,KXCANADAPM-45-C,2024-12-01T23:56:59.500643Z,60.00,0.9000,0.1000,yes
72c97f1f-54e7-4880-9a49-c24507f9cef8,KXCANADAPM-45-C,2024-11-30T19:15:29.124438Z,22.00,0.9000,0.1000,yes
54b7f24a-e51a-434b-b080-bf6b192680bc,KXCANADAPM-45-C,2024-11-30T18:00:52.992007Z,1.00,0.9000,0.1000,yes
af9e35ea-6275-44a9-bda8-665c845c53b0,KXCANADAPM-45-C,2024-11-30T17:33:58.368035Z,11.00,0.9000,0.1000,yes
694edcbd-9719-447f-8a2a-136227e56580,KXCANADAPM-45-C,2024-11-30T04:04:11.414255Z,30.00,0.8600,0.1400,no
a60b6415-9439-492d-99f8-934a53f969b9,KXCANADAPM-45-C,2024-11-30T04:03:56.178094Z,20.00,0.8700,0.1300,no
767a2c5c-b892-479c-aed8-2d2ee828f12c,KXCANADAPM-45-C,2024-11-30T03:00:49.778497Z,1.00,0.9000,0.1000,yes
24439178-54ea-4325-81f3-98cf133be7f4,KXCANADAPM-45-C,2024-11-29T18:17:35.926934Z,50.00,0.9000,0.1000,yes
b2bd4833-953f-4ec4-9634-42874707ab7d,KXCANADAPM-45-C,2024-11-28T18:05:00.506769Z,1.00,0.9000,0.1000,yes
e1c1def4-dce1-4bbb-9ac0-8b557546f9ba,KXCANADAPM-45-C,2024-11-28T02:00:40.462888Z,8.00,0.9000,0.1000,yes
c2d11997-6e72-4b99-b3b3-9e2ee0235042,KXCANADAPM-45-C,2024-11-26T21:58:12.60902Z,100.00,0.9000,0.1000,yes
8fd12c5b-8b72-4526-98f7-b6f6152dd65c,KXCANADAPM-45-C,2024-11-26T21:58:12.60902Z,193.00,0.9100,0.0900,yes
59afd04e-1f54-492a-bc6b-0529685e7b58,KXCANADAPM-45-C,2024-11-26T21:58:12.60902Z,200.00,0.8900,0.1100,yes
4a9a06a7-9c30-4b93-bbf5-80b63631e6aa,KXCANADAPM-45-C,2024-11-26T21:58:12.60902Z,400.00,0.9000,0.1000,yes
2599b193-b1ec-4f99-bbbf-9d3b6b962653,KXCANADAPM-45-C,2024-11-26T21:58:12.60902Z,100.00,0.9000,0.1000,yes
e72336cf-4ab8-4419-b7aa-97bff29f1aa6,KXCANADAPM-45-C,2024-11-26T17:31:28.243865Z,70.00,0.8600,0.1400,no
c4e3be80-c9b0-4471-9879-f294f4e113ff,KXCANADAPM-45-C,2024-11-26T17:31:28.243865Z,105.00,0.8500,0.1500,no
29a8df9c-cb29-4ef5-845d-6b0950868333,KXCANADAPM-45-C,2024-11-26T17:31:28.243865Z,369.00,0.8500,0.1500,no
f1974d6a-98a0-4cd4-bc1c-851afee8f6d0,KXCANADAPM-45-C,2024-11-26T14:16:26.711218Z,8.00,0.8600,0.1400,no
5d6984c4-467d-49a8-a055-c33fc50602d1,KXCANADAPM-45-C,2024-11-26T14:16:26.711218Z,16.00,0.8700,0.1300,no
303a8653-93fb-4bb9-8731-3bd0ef169815,KXCANADAPM-45-C,2024-11-26T14:16:26.711218Z,10.00,0.8600,0.1400,no
0b91fea3-636f-4467-a9b1-645e3799f0ac,KXCANADAPM-45-C,2024-11-26T02:59:33.010934Z,14.00,0.9200,0.0800,yes
01834108-ba04-4c66-8ed2-64ce7714fa6c,KXCANADAPM-45-C,2024-11-26T01:45:50.116168Z,14.00,0.8700,0.1300,no
acbc671f-d8f5-475d-bbe4-b26aa8da3e8a,KXCANADAPM-45-C,2024-11-25T20:55:32.991727Z,20.00,0.8900,0.1100,no
e12940fb-5baf-4358-a3a1-81a854cff7f4,KXCANADAPM-45-C,2024-11-25T17:46:33.394535Z,45.00,0.9100,0.0900,yes
af441729-b71f-4637-85c7-231c274fd64a,KXCANADAPM-45-C,2024-11-25T17:46:33.394535Z,18.00,0.9000,0.1000,yes
8999f501-42de-49f9-b69d-11ed3bd9cbb1,KXCANADAPM-45-C,2024-11-25T17:46:33.394535Z,9.00,0.9100,0.0900,yes
82e52e60-cb9d-484c-b70b-d6b40a89e476,KXCANADAPM-45-C,2024-11-25T17:46:33.394535Z,15.00,0.9200,0.0800,yes
7994b3d3-5682-4439-ae56-6f95b52379cb,KXCANADAPM-45-C,2024-11-25T17:46:33.394535Z,54.00,0.9200,0.0800,yes
79737820-79cb-480d-a614-6c9933629920,KXCANADAPM-45-C,2024-11-25T17:46:33.394535Z,1.00,0.9100,0.0900,yes
76dc9409-a973-48f1-8643-d02ed9768993,KXCANADAPM-45-C,2024-11-25T17:46:33.394535Z,100.00,0.9100,0.0900,yes
66408f48-ded3-4d67-afb2-51d9a2514081,KXCANADAPM-45-C,2024-11-25T17:46:33.394535Z,200.00,0.9100,0.0900,yes
63148c01-097a-4b3e-bf78-2083c3f81669,KXCANADAPM-45-C,2024-11-25T17:46:33.394535Z,22.00,0.9100,0.0900,yes
4702214d-2cc5-4be1-8e25-126a66cb3105,KXCANADAPM-45-C,2024-11-25T17:46:33.394535Z,80.00,0.9200,0.0800,yes
47eed00b-dc9c-42ad-b4fd-cd7c99c42f7a,KXCANADAPM-45-C,2024-11-25T15:45:36.671843Z,11.00,0.9000,0.1000,yes
35b316ae-5124-45c0-b070-9c127ed6c1e9,KXCANADAPM-45-C,2024-11-25T03:57:48.834679Z,1.00,0.8700,0.1300,no
cdeeb825-aeab-4d81-82be-99153f08b38c,KXCANADAPM-45-C,2024-11-24T15:41:15.55212Z,1.00,0.8900,0.1100,yes
571109ad-242c-4414-8384-eb038357c5cf,KXCANADAPM-45-C,2024-11-24T02:01:05.630215Z,2.00,0.8700,0.1300,no
27b8fbd9-9ae1-4bd5-9c07-9c2c5148318f,KXCANADAPM-45-C,2024-11-23T15:27:51.655338Z,4.00,0.8900,0.1100,yes
b2118796-0fdf-4588-8d8a-8ff21ff105d6,KXCANADAPM-45-C,2024-11-23T06:26:52.032993Z,100.00,0.8700,0.1300,yes
a9726a35-3836-4a40-9573-f82ac4803583,KXCANADAPM-45-C,2024-11-23T06:26:52.032993Z,39.00,0.8700,0.1300,yes
fca0ee0a-d76f-4ece-8769-43a83f9d80f9,KXCANADAPM-45-C,2024-11-23T03:46:08.846198Z,2.00,0.8700,0.1300,yes
d29ddb85-e37d-4af7-99d1-2602369a9285,KXCANADAPM-45-C,2024-11-23T02:38:16.579942Z,16.00,0.8600,0.1400,no
0b8bb73a-8c4a-4383-97ec-93981a298604,KXCANADAPM-45-C,2024-11-22T22:26:09.271926Z,10.00,0.8600,0.1400,no
29736c95-3ea1-4518-ae7e-dd737e008554,KXCANADAPM-45-C,2024-11-22T20:59:53.452767Z,1.00,0.8700,0.1300,yes
b93b8547-9ae4-454c-aa5e-89763e14852c,KXCANADAPM-45-C,2024-11-22T19:02:29.541852Z,1.00,0.8700,0.1300,yes
44655d00-09dd-41e9-a8bb-891cc1c95666,KXCANADAPM-45-C,2024-11-22T15:28:46.392472Z,45.00,0.8700,0.1300,yes
4c84ac81-1890-4a21-9932-c2de77b18e59,KXCANADAPM-45-C,2024-11-22T04:06:09.846414Z,99.00,0.8700,0.1300,yes
8ac23b64-d1c5-442e-8357-8d22f6d9d9bb,KXCANADAPM-45-C,2024-11-21T23:00:14.126343Z,1.00,0.8700,0.1300,yes
bc0678c9-d370-474e-ac04-883150677c77,KXCANADAPM-45-C,2024-11-21T13:14:16.204335Z,1.00,0.9000,0.1000,yes
9457cf5c-565b-4f38-be9c-6f59ffb6e609,KXCANADAPM-45-C,2024-11-21T13:14:16.204335Z,52.00,0.8700,0.1300,yes
5fb55cbe-62e1-4e48-b7e9-4416ed23b2de,KXCANADAPM-45-C,2024-11-21T13:14:16.204335Z,100.00,0.9000,0.1000,yes
27d738a9-2379-4a5d-95c4-6b5c8e7665ba,KXCANADAPM-45-C,2024-11-21T13:14:16.204335Z,68.00,0.9100,0.0900,yes
8a964584-464a-4c74-bc36-8d76198af753,KXCANADAPM-45-C,2024-11-20T23:24:08.059795Z,3.00,0.8600,0.1400,no
ed2558c6-3a4b-4d5b-a2f0-9bc692cec938,KXCANADAPM-45-C,2024-11-20T03:03:05.594235Z,11.00,0.8800,0.1200,yes
15f11c36-ffb3-4b0d-9602-7dffc7e02054,KXCANADAPM-45-C,2024-11-19T13:21:08.207799Z,22.00,0.8900,0.1100,yes
f735812d-6f4a-47b1-8c80-6c80b429e735,KXCANADAPM-45-C,2024-11-18T19:18:33.298375Z,1.00,0.8900,0.1100,yes
3e22fe8b-1d98-48b2-8c5c-c7277e4ad170,KXCANADAPM-45-C,2024-11-17T14:37:10.150715Z,3.00,0.8900,0.1100,yes
a0427467-a2f5-44ad-b45b-9ce832e76473,KXCANADAPM-45-C,2024-11-17T04:15:30.847391Z,6.00,0.8900,0.1100,yes
3233dd94-afe6-4804-9f78-b5b6728df263,KXCANADAPM-45-C,2024-11-16T23:52:02.71641Z,16.00,0.8900,0.1100,yes
8cb76c60-bda3-4bbe-bcc1-85baec3dc447,KXCANADAPM-45-C,2024-11-16T14:33:15.405776Z,65.00,0.8700,0.1300,no
58b002fa-de23-4bb5-992b-30dcec7e080c,KXCANADAPM-45-C,2024-11-15T01:16:07.772396Z,55.00,0.9000,0.1000,yes
a8b430b5-f858-4ec2-8246-3cb28e2bf536,KXCANADAPM-45-C,2024-11-14T21:16:58.474558Z,200.00,0.8900,0.1100,yes
599a0b6e-4a37-487a-97f2-105ee544e485,KXCANADAPM-45-C,2024-11-14T21:16:58.474558Z,68.00,0.9000,0.1000,yes
28ef2d3a-8939-4f40-91fd-15f6be8674f5,KXCANADAPM-45-C,2024-11-14T21:16:58.474558Z,10.00,0.8800,0.1200,yes
f0df9762-de00-47db-a842-5ea43e4f8620,KXCANADAPM-45-C,2024-11-14T19:46:40.045697Z,28.00,0.8700,0.1300,no
7cf856bd-def7-4713-b4d4-01381fb69cd5,KXCANADAPM-45-C,2024-11-13T18:28:15.78601Z,2.00,0.8900,0.1100,yes
b95d7e0b-c4a4-42cf-bdc2-cf734f7d7a5f,KXCANADAPM-45-C,2024-11-12T22:39:43.385523Z,30.00,0.8800,0.1200,no
e93fc309-8d65-4fa7-915b-fb86de90e578,KXCANADAPM-45-C,2024-11-12T16:25:01.068897Z,10.00,0.8900,0.1100,yes
d22f5282-c1ea-4d96-8ae2-e774dc7607ae,KXCANADAPM-45-C,2024-11-12T15:50:22.67415Z,400.00,0.8900,0.1100,yes
9ca4c0ea-4d09-4fb4-a085-de8e0de3aab9,KXCANADAPM-45-C,2024-11-12T15:50:22.67415Z,300.00,0.8900,0.1100,yes
0afa586f-cb16-4046-b64f-3a082e8faf93,KXCANADAPM-45-C,2024-11-12T15:50:22.67415Z,197.00,0.8900,0.1100,yes
94cccda4-52ce-4d91-829f-d4b48b213fd8,KXCANADAPM-45-C,2024-11-12T03:00:06.87116Z,25.00,0.8800,0.1200,yes
f00d6e37-e854-4614-a830-1984cbabb445,KXCANADAPM-45-C,2024-11-12T01:57:44.517084Z,1.00,0.8800,0.1200,yes
69af4514-a888-4bb8-abe7-d9ed868952b7,KXCANADAPM-45-C,2024-11-11T22:59:41.154525Z,11.00,0.8800,0.1200,yes
ab9d8625-8dd3-41bd-981b-3c435debd8ea,KXCANADAPM-45-C,2024-11-11T19:17:07.018312Z,10.00,0.8800,0.1200,no
d44808fc-44c1-4e8b-a42b-cbbbb64720a5,KXCANADAPM-45-C,2024-11-11T03:25:29.498142Z,15.00,0.8800,0.1200,no
2d300c48-6bd6-4479-8417-971a230a73c3,KXCANADAPM-45-C,2024-11-11T02:34:38.656928Z,1.00,0.9000,0.1000,yes
a44972e2-8539-4ddb-a989-90ce61851858,KXCANADAPM-45-C,2024-11-11T02:08:17.43876Z,11.00,0.9000,0.1000,yes
ad410d3f-9f6f-473d-a764-5fddd79fc7c5,KXCANADAPM-45-C,2024-11-11T00:14:25.179757Z,10.00,0.8800,0.1200,no
63d0736e-6e7c-43d6-9a02-c415d0d6e206,KXCANADAPM-45-C,2024-11-10T14:56:48.051483Z,15.00,0.8800,0.1200,no
97ab742d-6ee6-44f2-afca-686ff5381abe,KXCANADAPM-45-C,2024-11-10T03:18:47.339679Z,15.00,0.8700,0.1300,no
2d382e5c-1759-4c1d-b7dd-d7cfad66f238,KXCANADAPM-45-C,2024-11-10T01:03:17.553907Z,5.00,0.9000,0.1000,yes
b9f79d21-e08b-4157-90b2-51547a91b07a,KXCANADAPM-45-C,2024-11-09T16:31:06.635678Z,22.00,0.9000,0.1000,yes
d852cb8f-b6aa-443a-aa39-e5ef3a2a0e84,KXCANADAPM-45-C,2024-11-08T19:49:34.764551Z,200.00,0.8600,0.1400,no
92efddd8-9fa0-4f6e-aaf6-ee171c65a8a4,KXCANADAPM-45-C,2024-11-08T16:47:25.671934Z,34.00,0.8600,0.1400,yes
d6c003fe-ffa1-45fe-8a45-d205534d5a26,KXCANADAPM-45-C,2024-11-08T12:41:47.102005Z,200.00,0.8600,0.1400,yes
5de2aa5b-d385-489c-b1bf-db6d51884ed1,KXCANADAPM-45-C,2024-11-08T11:03:06.55521Z,10.00,0.8600,0.1400,yes
25162c84-f4bd-4310-9fc3-4279119aa30b,KXCANADAPM-45-C,2024-11-08T07:12:52.45204Z,316.00,0.8900,0.1100,no
d5b8beaf-95df-429a-93ce-5565f3e0c855,KXCANADAPM-45-C,2024-11-07T06:23:03.107398Z,1.00,0.8900,0.1100,no
2db58708-f341-4aa3-96af-774384ebd1ee,KXCANADAPM-45-C,2024-11-07T05:49:54.155244Z,17.00,0.8900,0.1100,no
7b9be268-a8c3-46a9-920e-ac2d58e507e5,KXCANADAPM-45-C,2024-11-07T05:48:30.650737Z,427.00,0.8900,0.1100,no
ff607393-5952-438d-9784-21517d308982,KXCANADAPM-45-C,2024-11-07T00:55:09.245847Z,8.00,0.8900,0.1100,no
638d6cdd-74b6-45c1-b6f7-61630a7ff738,KXCANADAPM-45-C,2024-11-06T16:00:52.403128Z,470.00,0.9000,0.1000,no
465c3473-535c-4faa-8058-2342049de2f3,KXCANADAPM-45-C,2024-11-05T18:44:22.36351Z,1.00,0.9400,0.0600,yes
fe235305-61bd-4095-83e7-81ce57a63946,KXCANADAPM-45-C,2024-11-05T14:26:44.645516Z,5.00,0.9400,0.0600,yes
16f1e411-038f-4792-9a93-cc203485f58f,KXCANADAPM-45-C,2024-11-05T08:50:40.984597Z,1.00,0.9400,0.0600,yes
9c5febe3-69d7-4e1c-bb77-53b6425fe3ad,KXCANADAPM-45-C,2024-11-05T07:41:45.482188Z,264.00,0.8900,0.1100,no
591dbca2-23b0-432e-bbe1-ecd519d42a95,KXCANADAPM-45-C,2024-11-05T07:41:45.482188Z,2.00,0.9000,0.1000,no
dd09c608-e12d-4467-9082-98b4abb6b776,KXCANADAPM-45-C,2024-11-05T07:37:45.303969Z,35.00,0.9200,0.0800,yes
91be0b01-c74f-40dd-bbb6-2ff9383da782,KXCANADAPM-45-C,2024-11-05T07:37:45.303969Z,99.00,0.9400,0.0600,yes
913b458e-affa-4be8-a1bb-47ce60d12f00,KXCANADAPM-45-C,2024-11-05T07:37:45.303969Z,10.00,0.9200,0.0800,yes
70dba911-d581-44fe-b38c-c80a448c6431,KXCANADAPM-45-C,2024-11-05T07:37:45.303969Z,73.00,0.9400,0.0600,yes
63f08fd6-1c99-4463-88ae-c5082e38247d,KXCANADAPM-45-C,2024-11-05T07:37:45.303969Z,49.00,0.9200,0.0800,yes
d9669d43-ebe8-446c-97e3-22534d61e75d,KXCANADAPM-45-C,2024-11-05T05:20:27.16926Z,1.00,0.9200,0.0800,yes
98d1104d-246d-4e26-b913-e6164934945d,KXCANADAPM-45-C,2024-11-05T04:36:10.210856Z,10.00,0.9000,0.1000,no
e3568f1b-2cf9-4664-a332-b6225f0fa84b,KXCANADAPM-45-C,2024-11-05T04:05:48.451913Z,150.00,0.9000,0.1000,no
ddec7ff0-73c7-463f-9d5a-9ef184ef5f3c,KXCANADAPM-45-C,2024-11-05T04:04:55.954386Z,450.00,0.9000,0.1000,no
d818ada6-fe98-4cf8-9cc2-4d2de6bb3994,KXCANADAPM-45-C,2024-11-05T01:29:05.673097Z,100.00,0.9000,0.1000,no
ac651a9e-b0f4-4c41-b2e3-33b6510066ee,KXCANADAPM-45-C,2024-11-05T01:28:25.972568Z,114.00,0.9000,0.1000,no
ed6b6c22-c01e-41ae-9622-f0099bf5ea8c,KXCANADAPM-45-C,2024-11-05T01:25:30.331691Z,100.00,0.9000,0.1000,no
91f31b45-56ef-46e0-a8e9-f480b05c9008,KXCANADAPM-45-C,2024-11-05T01:24:49.76493Z,16.00,0.9000,0.1000,no
a48327d5-b810-4db0-92f5-346136db8b6a,KXCANADAPM-45-C,2024-11-05T01:23:39.028445Z,58.00,0.9000,0.1000,no
3ff13b41-1771-441e-8c89-e8246c0916bc,KXCANADAPM-45-C,2024-11-05T01:23:39.028445Z,110.00,0.9100,0.0900,no
2d3a1395-4717-4810-8714-2297846931ad,KXCANADAPM-45-C,2024-11-05T01:23:39.028445Z,870.00,0.9100,0.0900,no
dfc3d19d-40a2-4ccb-8d6f-ab66bdbb84fb,KXCANADAPM-45-C,2024-11-05T01:04:52.194863Z,15.00,0.9100,0.0900,no
32df9750-155d-4fc5-924f-32e24d079a6f,KXCANADAPM-45-C,2024-11-05T01:00:56.766836Z,5.00,0.9100,0.0900,no
af4bdd5f-c31c-48f3-9735-8631a581a377,KXCANADAPM-45-C,2024-11-04T18:00:04.609255Z,10.00,0.9600,0.0400,yes
37567dc2-d1a1-4711-95e0-23a758bad019,KXCANADAPM-45-C,2024-11-04T16:39:06.194642Z,10.00,0.9100,0.0900,no
