trade_id,ticker,created_time,count_fp,yes_price_dollars,no_price_dollars,taker_side
cdc4c3af-5bd2-758f-3ff5-4b96060fc4bc,KXMAYORMINN-26-OFAT,2025-11-07T18:17:11.730017Z,1900.00,0.0100,0.9900,yes
94137e73-016a-47a7-a5be-11f7459f8c8c,KXMAYORMINN-26-OFAT,2025-11-07T15:33:14.847638Z,100.00,0.0100,0.9900,yes
2a8b6772-ca3a-7127-5c0c-ff23fbd6e3a8,KXMAYORMINN-26-OFAT,2025-11-07T04:18:33.159246Z,618.00,0.0100,0.9900,yes
c89061c3-6e4e-7dfb-5711-d9c005d3cba4,KXMAYORMINN-26-OFAT,2025-11-07T03:58:26.301724Z,300.00,0.0100,0.9900,yes
bbce5b6a-06be-582f-417d-1da7f4171190,KXMAYORMINN-26-OFAT,2025-11-07T03:22:28.559684Z,113.00,0.0100,0.9900,yes
4e4ab6fd-93da-4c4f-c1eb-d952133eb3d4,KXMAYORMINN-26-OFAT,2025-11-07T02:57:57.637441Z,500.00,0.0100,0.9900,yes
03bd1421-ac66-61cf-1aa4-e702b8110318,KXMAYORMINN-26-OFAT,2025-11-07T00:35:29.57763Z,90.00,0.0100,0.9900,yes
6ce5cabd-e612-5cf7-707f-24a05401e100,KXMAYORMINN-26-OFAT,2025-11-07T00:07:09.308662Z,1.00,0.0100,0.9900,yes
2003f2fe-6152-499f-7321-69fc78d485c4,KXMAYORMINN-26-OFAT,2025-11-06T22:14:24.356832Z,63.00,0.0100,0.9900,yes
a5efe9df-7116-58cb-e5cb-80cfbcff30ac,KXMAYORMINN-26-OFAT,2025-11-06T21:44:59.732462Z,75.00,0.0100,0.9900,yes
0dc6ef9c-d4fe-660f-4581-e837b6c99abc,KXMAYORMINN-26-OFAT,2025-11-06T21:40:34.821741Z,5.00,0.0100,0.9900,yes
9d7e738d-15e6-5c13-c23e-57107323e0ac,KXMAYORMINN-26-OFAT,2025-11-06T21:25:30.561558Z,1.00,0.0100,0.9900,yes
400e7c4c-078e-5257-f2ed-a30959778d38,KXMAYORMINN-26-OFAT,2025-11-06T20:24:15.304587Z,125.00,0.0100,0.9900,yes
ba8cba95-a63a-53b3-6053-45f3f6ffa8f0,KXMAYORMINN-26-OFAT,2025-11-06T19:06:39.097054Z,5.00,0.0100,0.9900,yes
4b20d68e-3f8a-463b-3245-0c54d7d34f70,KXMAYORMINN-26-OFAT,2025-11-06T15:57:38.197317Z,14.00,0.0100,0.9900,yes
9086acc7-f38e-6b13-048a-70b3e846168c,KXMAYORMINN-26-OFAT,2025-11-06T15:30:03.403394Z,3.00,0.0100,0.9900,yes
f605acc8-7072-5daf-9b92-cec5ec98119c,KXMAYORMINN-26-OFAT,2025-11-06T12:50:47.998315Z,18.00,0.0100,0.9900,yes
9910646b-8332-722b-3737-af1f2340a568,KXMAYORMINN-26-OFAT,2025-11-06T05:15:07.836206Z,200.00,0.0100,0.9900,yes
c7bc52d2-f901-656f-2ae7-cdc8443937e0,KXMAYORMINN-26-OFAT,2025-11-06T05:10:54.022484Z,111.00,0.0100,0.9900,yes
6cae7eb3-1952-6d8f-250f-c3e5ba1af058,KXMAYORMINN-26-OFAT,2025-11-06T05:10:54.022484Z,89.00,0.0100,0.9900,yes
f3ca4d58-7ae4-72ec-bf3b-e2ee9c5562bd,KXMAYORMINN-26-OFAT,2025-11-06T03:52:43.144498Z,250.00,0.0100,0.9900,yes
0f82ce01-35f8-4100-c17f-71973d978cc1,KXMAYORMINN-26-OFAT,2025-11-06T03:05:40.936916Z,50.00,0.0100,0.9900,yes
f1f9d97e-2704-6b7c-8679-c335f15bdbc9,KXMAYORMINN-26-OFAT,2025-11-06T02:10:09.408352Z,92.00,0.0100,0.9900,yes
4a8241ee-79a4-5d94-8ab8-348a6da72f19,KXMAYORMINN-26-OFAT,2025-11-06T01:29:55.887474Z,199.00,0.0100,0.9900,yes
3c4bbec9-ad84-64a8-df0e-76aad40078dd,KXMAYORMINN-26-OFAT,2025-11-06T01:29:38.513852Z,208.00,0.0100,0.9900,yes
a3aa4aab-aba0-413c-867f-38c6fba4af39,KXMAYORMINN-26-OFAT,2025-11-06T01:12:30.369349Z,500.00,0.0100,0.9900,yes
1237b857-5798-7ce8-5778-e050e0169bc1,KXMAYORMINN-26-OFAT,2025-11-06T01:05:00.897023Z,200.00,0.0100,0.9900,yes
7061e7af-3948-4088-4b2e-98ace30a537d,KXMAYORMINN-26-OFAT,2025-11-06T01:04:28.642689Z,300.00,0.0100,0.9900,yes
2fb1e6e8-0114-4fdc-4a93-0c1fa84a3091,KXMAYORMINN-26-OFAT,2025-11-06T00:40:29.718872Z,1000.00,0.0100,0.9900,yes
ac2bf7a1-4134-488c-6754-52c35d9b58e5,KXMAYORMINN-26-OFAT,2025-11-06T00:29:05.686118Z,1750.00,0.0100,0.9900,yes
6f322437-0fa8-7ac4-9588-8390bfa49d8d,KXMAYORMINN-26-OFAT,2025-11-06T00:26:44.718724Z,250.00,0.0100,0.9900,yes
50e78a78-5adc-5634-7275-ca8e36f89905,KXMAYORMINN-26-OFAT,2025-11-06T00:25:20.971427Z,300.00,0.0100,0.9900,yes
5634855f-831c-5634-247d-940196c0798d,KXMAYORMINN-26-OFAT,2025-11-06T00:22:38.586388Z,150.00,0.0100,0.9900,yes
20b23fad-675c-4c24-4f8d-bca23922ed25,KXMAYORMINN-26-OFAT,2025-11-06T00:21:36.216729Z,50.00,0.0100,0.9900,yes
b3f918f0-1318-535c-dd5a-913306d702c5,KXMAYORMINN-26-OFAT,2025-11-06T00:20:33.516843Z,500.00,0.0100,0.9900,yes
33ac3e93-d234-68b4-5da6-6473047dac61,KXMAYORMINN-26-OFAT,2025-11-06T00:19:23.56079Z,900.00,0.0100,0.9900,yes
1ab9050e-37bc-7334-b48e-25bf40147191,KXMAYORMINN-26-OFAT,2025-11-06T00:18:29.858889Z,69.00,0.0100,0.9900,yes
2504afad-96bc-5e00-2d88-3467a682bd75,KXMAYORMINN-26-OFAT,2025-11-06T00:16:33.854457Z,150.00,0.0100,0.9900,yes
bcfb172f-14b8-5cf0-82c3-a8f28c67c575,KXMAYORMINN-26-OFAT,2025-11-06T00:07:24.930267Z,750.00,0.0100,0.9900,yes
23edb63d-65a4-56ec-abc5-43c3a5493eb9,KXMAYORMINN-26-OFAT,2025-11-06T00:01:11.805164Z,200.00,0.0100,0.9900,yes
97604202-6044-5ad4-f183-8ab59517af15,KXMAYORMINN-26-OFAT,2025-11-05T23:57:40.101473Z,700.00,0.0100,0.9900,yes
a274ad91-c110-6b50-9c49-21169b8e2de9,KXMAYORMINN-26-OFAT,2025-11-05T23:55:29.61677Z,200.00,0.0100,0.9900,yes
ee6c3439-5a34-4b1c-0441-5098abb5eed9,KXMAYORMINN-26-OFAT,2025-11-05T23:54:30.141007Z,133.00,0.0100,0.9900,yes
8ab22c28-0500-54c8-63d2-105b1ba5f809,KXMAYORMINN-26-OFAT,2025-11-05T23:53:52.821138Z,2830.00,0.0100,0.9900,yes
7f44b34e-234b-5f81-6f2b-52d817d0772f,KXMAYORMINN-26-OFAT,2025-11-05T23:53:52.821138Z,1696.00,0.0100,0.9900,yes
790109e6-bcce-5a64-6b95-0d7f2d604eeb,KXMAYORMINN-26-OFAT,2025-11-05T23:53:52.821138Z,100.00,0.0100,0.9900,yes
2c663f8f-0573-64e1-919d-86b33deb6ee7,KXMAYORMINN-26-OFAT,2025-11-05T22:08:05.998082Z,900.00,0.0100,0.9900,yes
4e88d7e7-20d3-5c61-25ae-93956b10e01b,KXMAYORMINN-26-OFAT,2025-11-05T21:26:29.445584Z,298.00,0.0100,0.9900,yes
3215ab1c-f123-416d-276e-6224179e687b,KXMAYORMINN-26-OFAT,2025-11-05T20:38:48.815507Z,19.00,0.0100,0.9900,yes
284182e7-a547-4f89-267a-a0bb120a2cab,KXMAYORMINN-26-OFAT,2025-11-05T19:26:41.195953Z,769.00,0.0100,0.9900,yes
4fa71d28-315b-7aa1-2094-8fb8ea2e0def,KXMAYORMINN-26-OFAT,2025-11-05T19:26:28.281951Z,63.00,0.0100,0.9900,yes
1bf94add-289b-6aa9-500f-5d359cfd72fb,KXMAYORMINN-26-OFAT,2025-11-05T19:22:01.890217Z,163.00,0.0100,0.9900,yes
b5c1b219-d66f-76d9-90d4-55732947a8ff,KXMAYORMINN-26-OFAT,2025-11-05T19:19:06.141575Z,152.00,0.0100,0.9900,yes
8e569b82-1955-7c5d-820a-8dd209243bd9,KXMAYORMINN-26-OFAT,2025-11-05T19:19:06.141575Z,948.00,0.0100,0.9900,yes
f39e1985-24f5-5841-716e-ac6435307fdd,KXMAYORMINN-26-OFAT,2025-11-05T19:17:57.37698Z,909.00,0.0100,0.9900,yes
ab8fb37f-4fcd-621d-da7e-d67673858905,KXMAYORMINN-26-OFAT,2025-11-05T19:08:20.043526Z,246.00,0.0100,0.9900,yes
8fea1498-46c5-57a9-ddf3-798415bcf509,KXMAYORMINN-26-OFAT,2025-11-05T19:06:00.677035Z,25.00,0.0100,0.9900,yes
b5702f11-6ae9-6e29-1cae-32e66e54e709,KXMAYORMINN-26-OFAT,2025-11-05T18:54:34.754961Z,93.00,0.0100,0.9900,yes
ef2ff2b5-6c51-710d-c5ea-d0c658f80205,KXMAYORMINN-26-OFAT,2025-11-05T18:48:56.457711Z,100.00,0.0100,0.9900,yes
6fbf9f6c-dacd-4905-1eb0-45afa13c0c21,KXMAYORMINN-26-OFAT,2025-11-05T18:39:34.300958Z,9.00,0.0100,0.9900,yes
af25f3fe-32f5-6abd-68fd-f10f3459415d,KXMAYORMINN-26-OFAT,2025-11-05T18:37:44.003477Z,6.00,0.0100,0.9900,yes
e6c8d35b-db5d-58e1-60e7-9fc36b287d15,KXMAYORMINN-26-OFAT,2025-11-05T18:27:33.189123Z,1368.00,0.0100,0.9900,yes
8dbed008-8b8d-50bd-36a1-4f41c01747f9,KXMAYORMINN-26-OFAT,2025-11-05T18:25:44.482424Z,100.00,0.0100,0.9900,yes
00581ad4-7b35-71d9-4a08-a9db9850bb2d,KXMAYORMINN-26-OFAT,2025-11-05T18:25:42.419921Z,1500.00,0.0100,0.9900,yes
eda9ab91-aaa9-4fb1-2f8d-68ed0bdc4e79,KXMAYORMINN-26-OFAT,2025-11-05T18:22:43.139685Z,935.00,0.0100,0.9900,yes
b9fb8969-0561-5db5-45af-3925663e820d,KXMAYORMINN-26-OFAT,2025-11-05T17:55:52.797942Z,25.00,0.0100,0.9900,yes
fb8546c4-f495-78e5-1a22-1f9f8d6033f5,KXMAYORMINN-26-OFAT,2025-11-05T17:50:42.320305Z,2.00,0.0100,0.9900,yes
0defbabd-8cf1-7f5d-f524-7725616c6c15,KXMAYORMINN-26-OFAT,2025-11-05T17:45:59.946302Z,93.00,0.0100,0.9900,yes
d2901c05-21e1-4696-1b68-07f5de0a0744,KXMAYORMINN-26-OFAT,2025-11-05T17:42:59.800446Z,100.00,0.0100,0.9900,yes
6b3c99e1-1bc1-4769-3da7-eb6de1952755,KXMAYORMINN-26-OFAT,2025-11-05T17:42:59.800446Z,570.00,0.0100,0.9900,yes
472c28f9-539e-4d85-0f69-f9c250f33477,KXMAYORMINN-26-OFAT,2025-11-05T17:42:59.800446Z,5000.00,0.0100,0.9900,yes
03cb8dbe-e847-4143-17ec-c8ee78b99480,KXMAYORMINN-26-OFAT,2025-11-05T17:42:59.800446Z,2000.00,0.0100,0.9900,yes
a724d7c0-5035-7dfd-d88a-b823e79f54e1,KXMAYORMINN-26-OFAT,2025-11-05T17:39:07.071278Z,71.00,0.0200,0.9800,yes
8a15cb0d-b191-72d8-fef0-078f03670bf7,KXMAYORMINN-26-OFAT,2025-11-05T17:39:07.071278Z,54.00,0.0200,0.9800,yes
a266fb82-c4a0-69f5-45f4-8f306f9ee7df,KXMAYORMINN-26-OFAT,2025-11-05T17:37:51.930128Z,946.00,0.0200,0.9800,no
d49a115f-8414-54fd-1095-355a1549500f,KXMAYORMINN-26-OFAT,2025-11-05T17:37:50.376754Z,54.00,0.0200,0.9800,no
b9380c5e-38fd-576b-118b-9b8816dda543,KXMAYORMINN-26-OFAT,2025-11-05T17:37:38.565671Z,5.00,0.0100,0.9900,no
c695751a-9df6-7184-f8b3-170db076fffe,KXMAYORMINN-26-OFAT,2025-11-05T17:37:22.595958Z,855.00,0.0200,0.9800,no
44bd8132-3c74-761e-e804-23155d3b22e1,KXMAYORMINN-26-OFAT,2025-11-05T17:37:22.595958Z,145.00,0.0200,0.9800,no
3ead3126-e758-536a-8255-848ec4792a79,KXMAYORMINN-26-OFAT,2025-11-05T17:37:09.90527Z,855.00,0.0200,0.9800,no
db00402a-64c4-766d-4bf3-83f7fbca1432,KXMAYORMINN-26-OFAT,2025-11-05T17:37:02.586538Z,3000.00,0.0200,0.9800,no
d21413af-a0bd-7c49-45f8-4ca670e7da56,KXMAYORMINN-26-OFAT,2025-11-05T17:37:02.586538Z,100.00,0.0200,0.9800,no
cb0ace89-9d7e-7fca-41e6-e57583d60cbf,KXMAYORMINN-26-OFAT,2025-11-05T17:37:02.586538Z,136.00,0.0300,0.9700,no
c581dd41-0dea-75a8-79b3-6064388c7466,KXMAYORMINN-26-OFAT,2025-11-05T17:37:02.586538Z,89.00,0.0400,0.9600,no
b6a3eb09-7e73-75df-7bd2-80ef457568fc,KXMAYORMINN-26-OFAT,2025-11-05T17:37:02.586538Z,1.00,0.0400,0.9600,no
9d8d6975-3a64-7e87-7e13-e3c201e26785,KXMAYORMINN-26-OFAT,2025-11-05T17:37:02.586538Z,100.00,0.0300,0.9700,no
4e23c697-0731-7893-729c-337042639a21,KXMAYORMINN-26-OFAT,2025-11-05T17:37:02.586538Z,222.00,0.0200,0.9800,no
1c4ac287-538f-77c3-4974-64485ea0c660,KXMAYORMINN-26-OFAT,2025-11-05T17:37:02.586538Z,10.00,0.0400,0.9600,no
099d712d-75fa-6a80-6587-8f3b57456dde,KXMAYORMINN-26-OFAT,2025-11-05T17:36:51.936725Z,1.00,0.0400,0.9600,no
b56eb491-2ece-5b6c-4eb0-838839ba99ae,KXMAYORMINN-26-OFAT,2025-11-05T17:36:45.663937Z,10.00,0.0400,0.9600,no
e177279e-0bad-6c20-0c1d-a2c417651a0b,KXMAYORMINN-26-OFAT,2025-11-05T17:36:26.515434Z,5228.00,0.0600,0.9400,no
0069e086-b639-6084-5566-6961909e6fdb,KXMAYORMINN-26-OFAT,2025-11-05T17:36:19.2297Z,10835.00,0.0600,0.9400,no
b1312114-9db5-73e8-74fe-d02ca076b473,KXMAYORMINN-26-OFAT,2025-11-05T17:36:19.016085Z,118.00,0.0600,0.9400,no
01177b03-f2ec-74d1-6eab-b73de612bcb3,KXMAYORMINN-26-OFAT,2025-11-05T17:36:19.016085Z,2.00,0.0700,0.9300,no
231a7b8d-0254-5894-2956-4defcb72361b,KXMAYORMINN-26-OFAT,2025-11-05T17:35:55.465557Z,320.00,0.1100,0.8900,yes
fba0e9f5-89a2-45ad-9280-e6a13760fbca,KXMAYORMINN-26-OFAT,2025-11-05T17:35:44.63616Z,20.00,0.0800,0.9200,no
e874a418-8a64-43eb-8ba4-01940e22f715,KXMAYORMINN-26-OFAT,2025-11-05T17:35:44.63616Z,16.00,0.0900,0.9100,no
c60e26cb-31c1-4022-8f10-2da46717d6fb,KXMAYORMINN-26-OFAT,2025-11-05T17:35:44.63616Z,100.00,0.0900,0.9100,no
c2f21d31-6b7f-503b-1b44-37ad3f41d95c,KXMAYORMINN-26-OFAT,2025-11-05T17:30:43.608298Z,170.00,0.1300,0.8700,yes
f890c87f-f2ed-5aec-b20c-b344bdae66c0,KXMAYORMINN-26-OFAT,2025-11-05T17:22:42.257588Z,922.00,0.1200,0.8800,yes
b9537843-9779-5658-800d-d6a21fe317ad,KXMAYORMINN-26-OFAT,2025-11-05T17:22:42.257588Z,78.00,0.1200,0.8800,yes
b175c5b6-b67e-64e0-51ff-371ae31b0487,KXMAYORMINN-26-OFAT,2025-11-05T17:15:20.632258Z,47.00,0.1200,0.8800,yes
1e7b683c-9db5-61c0-48c1-8971878072cc,KXMAYORMINN-26-OFAT,2025-11-05T17:15:20.632258Z,78.00,0.1200,0.8800,yes
114726c4-5dd5-631a-3cb3-746ec0b111c4,KXMAYORMINN-26-OFAT,2025-11-05T17:13:18.270661Z,5.00,0.1100,0.8900,no
d543c97a-f4ed-6046-7eb0-b2dc7b967e90,KXMAYORMINN-26-OFAT,2025-11-05T17:13:10.535929Z,100.00,0.1100,0.8900,no
47bfb5c6-4711-73d2-2734-214b82e470dc,KXMAYORMINN-26-OFAT,2025-11-05T17:13:10.130087Z,100.00,0.1100,0.8900,no
736ae226-a1b2-625d-0dab-e334bcfe2352,KXMAYORMINN-26-OFAT,2025-11-05T17:13:07.731833Z,312.00,0.1100,0.8900,yes
f1e534da-171d-6e56-fadf-0654638a364f,KXMAYORMINN-26-OFAT,2025-11-05T17:10:59.724257Z,1.00,0.0900,0.9100,no
9946acac-8cae-74a5-c935-5fa79138771a,KXMAYORMINN-26-OFAT,2025-11-05T17:09:54.807739Z,1.00,0.1200,0.8800,yes
e3d21903-0ac0-7e21-9c0d-055c00c16eb4,KXMAYORMINN-26-OFAT,2025-11-05T17:08:45.683643Z,75.00,0.1100,0.8900,yes
63d900ce-20a2-79c5-a950-6aded1bcd24b,KXMAYORMINN-26-OFAT,2025-11-05T17:08:45.683643Z,111.00,0.1100,0.8900,yes
06be1aef-5696-757b-9a6c-b2c5f43886bf,KXMAYORMINN-26-OFAT,2025-11-05T17:08:45.683643Z,200.00,0.1100,0.8900,yes
f7bbf024-ed34-7ade-4f22-251f6ddfaf2f,KXMAYORMINN-26-OFAT,2025-11-05T17:08:33.716529Z,500.00,0.1100,0.8900,yes
ef50d1dd-1fc1-7365-615f-c525405eae09,KXMAYORMINN-26-OFAT,2025-11-05T17:08:33.716529Z,250.00,0.1100,0.8900,yes
d9a3bda6-1503-75c8-74ce-23662683c649,KXMAYORMINN-26-OFAT,2025-11-05T17:08:33.716529Z,250.00,0.1100,0.8900,yes
d4a3e65c-2aba-6e0d-5aac-80af43c4140c,KXMAYORMINN-26-OFAT,2025-11-05T17:08:25.933136Z,16.00,0.1000,0.9000,yes
a5272a92-114f-75d0-ee33-2c15e93e7051,KXMAYORMINN-26-OFAT,2025-11-05T17:04:02.974746Z,85.00,0.1100,0.8900,yes
3d3b09bd-a9bd-7be4-dd1b-924f729f4044,KXMAYORMINN-26-OFAT,2025-11-05T17:02:56.883316Z,44.00,0.1000,0.9000,yes
11e980c7-333c-4690-2642-45bf32965e3c,KXMAYORMINN-26-OFAT,2025-11-05T17:02:48.914241Z,20.00,0.1100,0.8900,yes
b08cb6d4-fb93-5ee5-1f2a-0fb15c5264ca,KXMAYORMINN-26-OFAT,2025-11-05T16:57:56.944171Z,1250.00,0.0900,0.9100,no
18a1f446-c144-5d22-22a6-919c05147c5a,KXMAYORMINN-26-OFAT,2025-11-05T16:57:56.944171Z,25.00,0.0900,0.9100,no
065ed264-bf53-7d1c-a08a-ab0e20754fbc,KXMAYORMINN-26-OFAT,2025-11-05T16:57:38.729409Z,11.00,0.1100,0.8900,yes
1244dbed-d095-53f9-e9f7-09a02bee73eb,KXMAYORMINN-26-OFAT,2025-11-05T16:57:30.492498Z,500.00,0.1100,0.8900,yes
0fe18f6b-126f-5056-cacd-a146fd92daff,KXMAYORMINN-26-OFAT,2025-11-05T16:57:30.492498Z,500.00,0.1100,0.8900,yes
a85a2d4f-1f20-6cd0-2a05-fe597f62a096,KXMAYORMINN-26-OFAT,2025-11-05T16:57:19.639788Z,582.00,0.1100,0.8900,yes
2f8edc57-f7d8-6dc9-0123-9a996b998745,KXMAYORMINN-26-OFAT,2025-11-05T16:57:19.639788Z,418.00,0.1100,0.8900,yes
e56c758c-6b48-7201-79a9-7d353e7f22b1,KXMAYORMINN-26-OFAT,2025-11-05T16:55:54.713074Z,20.00,0.1100,0.8900,yes
7ff2d275-1679-5c10-d738-46758d044e06,KXMAYORMINN-26-OFAT,2025-11-05T16:55:09.831469Z,33.00,0.1200,0.8800,yes
1d246fb9-c999-40a8-f7ac-66a4e3bdb306,KXMAYORMINN-26-OFAT,2025-11-05T16:55:02.448525Z,10.00,0.1200,0.8800,yes
88b39817-8789-5c90-aa65-a26ee31f10d6,KXMAYORMINN-26-OFAT,2025-11-05T16:54:33.077838Z,20.00,0.1200,0.8800,yes
efc8096a-d966-563d-8310-8e24ceae870c,KXMAYORMINN-26-OFAT,2025-11-05T16:52:14.655413Z,100.00,0.1100,0.8900,yes
16be5934-9c1c-5914-ad23-ff95f3819deb,KXMAYORMINN-26-OFAT,2025-11-05T16:52:14.655413Z,333.00,0.1100,0.8900,yes
ccaeef1a-93b9-55e9-5ba1-37dafdbb3aee,KXMAYORMINN-26-OFAT,2025-11-05T16:50:52.53791Z,370.00,0.1100,0.8900,yes
3307b049-c63d-5bdf-635d-3577cf209e8a,KXMAYORMINN-26-OFAT,2025-11-05T16:50:52.53791Z,130.00,0.1100,0.8900,yes
5e0ba373-743e-4ef2-c850-7f43d426b8fb,KXMAYORMINN-26-OFAT,2025-11-05T16:49:11.044539Z,411.00,0.1100,0.8900,yes
0a335213-7550-4440-fee2-79670a47bbad,KXMAYORMINN-26-OFAT,2025-11-05T16:49:11.044539Z,1.00,0.1100,0.8900,yes
92e91366-31ea-7f3a-2720-5bd7708eb587,KXMAYORMINN-26-OFAT,2025-11-05T16:49:05.284834Z,59.00,0.1100,0.8900,yes
f631142c-91cf-6c3a-e757-c59516a90220,KXMAYORMINN-26-OFAT,2025-11-05T16:48:51.568983Z,1263.00,0.1100,0.8900,yes
6c1625f7-bec2-66fa-e87b-99e08f610bcb,KXMAYORMINN-26-OFAT,2025-11-05T16:48:51.568983Z,237.00,0.1100,0.8900,yes
a259be8d-9446-610a-988f-e4400e58921f,KXMAYORMINN-26-OFAT,2025-11-05T16:48:39.274293Z,318.00,0.1100,0.8900,yes
4e6e7150-2d76-6ce2-8547-b8915666bb3e,KXMAYORMINN-26-OFAT,2025-11-05T16:48:39.274293Z,432.00,0.1100,0.8900,yes
7dbfadf3-285e-56ba-0658-a3229a78a0fe,KXMAYORMINN-26-OFAT,2025-11-05T16:48:27.745293Z,1000.00,0.1100,0.8900,yes
dc21dab1-10b2-65de-d10e-5b2724a8d3ea,KXMAYORMINN-26-OFAT,2025-11-05T16:47:25.088391Z,8.00,0.1100,0.8900,yes
7601c34e-fe06-419a-d168-076e5f2736e2,KXMAYORMINN-26-OFAT,2025-11-05T16:46:20.326806Z,25.00,0.1100,0.8900,yes
e32ca26b-37b6-575a-96c1-42e57cde316a,KXMAYORMINN-26-OFAT,2025-11-05T16:45:46.76301Z,9.00,0.1100,0.8900,yes
d25dbb68-5046-7821-6da5-86ceecf8f8ea,KXMAYORMINN-26-OFAT,2025-11-05T16:45:05.631498Z,174.00,0.1100,0.8900,yes
01c6c7ad-4ce6-7d5a-692b-20aa0f3735da,KXMAYORMINN-26-OFAT,2025-11-05T16:45:05.631498Z,326.00,0.1100,0.8900,yes
1fff2f9f-ae0a-5249-85c0-0069d17d375e,KXMAYORMINN-26-OFAT,2025-11-05T16:44:53.851849Z,500.00,0.1100,0.8900,yes
a6e04e54-572e-44ad-f7bc-41c8d2d4076a,KXMAYORMINN-26-OFAT,2025-11-05T16:44:45.017863Z,500.00,0.1100,0.8900,yes
b022dc1a-2db7-736a-3b80-4a05af10262e,KXMAYORMINN-26-OFAT,2025-11-05T16:38:32.010725Z,500.00,0.1000,0.9000,yes
a6189a7b-ea04-7dbb-0b90-accc07c7569b,KXMAYORMINN-26-OFAT,2025-11-05T16:38:32.010725Z,49.00,0.1000,0.9000,yes
a0b3aa00-2582-7d11-11a1-5b74d701ff96,KXMAYORMINN-26-OFAT,2025-11-05T16:38:32.010725Z,451.00,0.1100,0.8900,yes
b6553c9b-a300-72bf-54a1-4abe4543f727,KXMAYORMINN-26-OFAT,2025-11-05T16:36:33.152284Z,451.00,0.1000,0.9000,yes
84a6d966-7d49-7f33-ac3b-c5ad4658497a,KXMAYORMINN-26-OFAT,2025-11-05T16:34:11.807615Z,140.00,0.1000,0.9000,yes
7798fdb3-0d84-7c39-9d4e-e74e35bb4785,KXMAYORMINN-26-OFAT,2025-11-05T16:34:11.807615Z,155.00,0.1000,0.9000,yes
2c9c6ee9-8b8b-71bd-9bcf-2ae1d97bc29e,KXMAYORMINN-26-OFAT,2025-11-05T16:33:40.138723Z,7.00,0.0900,0.9100,no
9699a99a-5ac9-7f7b-4c7e-e2f898c34c5d,KXMAYORMINN-26-OFAT,2025-11-05T16:33:31.228934Z,500.00,0.1000,0.9000,yes
817fe373-e777-7ab9-a1a9-9f61b4d26b96,KXMAYORMINN-26-OFAT,2025-11-05T16:33:10.954258Z,1043.00,0.0900,0.9100,no
ab22029c-0f47-48a5-f67d-d86783646a06,KXMAYORMINN-26-OFAT,2025-11-05T16:31:40.476845Z,250.00,0.0900,0.9100,no
3d535f1a-d45b-6da5-090a-a750fdf50c16,KXMAYORMINN-26-OFAT,2025-11-05T16:31:40.248864Z,21.00,0.0900,0.9100,no
b1a76f39-d8f7-7651-8b7b-00a1768aa3be,KXMAYORMINN-26-OFAT,2025-11-05T16:31:39.996668Z,291.00,0.0900,0.9100,no
e0864348-edcb-5331-f911-33a55087bace,KXMAYORMINN-26-OFAT,2025-11-05T16:31:35.01352Z,209.00,0.0900,0.9100,no
439d5751-3a93-7881-4320-a9f820193462,KXMAYORMINN-26-OFAT,2025-11-05T16:31:00.892423Z,4065.00,0.0900,0.9100,no
e0d9dc8d-7917-5b4d-ca9c-53236d4e9e5e,KXMAYORMINN-26-OFAT,2025-11-05T16:31:00.480487Z,111.00,0.0900,0.9100,no
2140f462-cc0b-572d-ab7d-364f21bfc85e,KXMAYORMINN-26-OFAT,2025-11-05T16:31:00.031722Z,159.00,0.0900,0.9100,no
bbd18c2f-cc0f-7669-edd4-c0d36717da4e,KXMAYORMINN-26-OFAT,2025-11-05T16:30:59.490611Z,499.00,0.0900,0.9100,no
4603a9ce-1f83-79e5-b849-60bfb78cd5ea,KXMAYORMINN-26-OFAT,2025-11-05T16:30:50.158128Z,1043.00,0.0900,0.9100,no
269fa6bf-24c3-6afd-34e6-4920f49df96a,KXMAYORMINN-26-OFAT,2025-11-05T16:30:12.418609Z,1043.00,0.0900,0.9100,no
9c565adf-b8c3-6138-257e-f2d6b103ff04,KXMAYORMINN-26-OFAT,2025-11-05T16:27:43.042269Z,200.00,0.1100,0.8900,yes
a4a5b1b0-5907-567c-9c8d-80fce76df014,KXMAYORMINN-26-OFAT,2025-11-05T16:27:10.218037Z,200.00,0.1000,0.9000,yes
a8d653ff-ce9b-7b19-c141-a5ac2520adae,KXMAYORMINN-26-OFAT,2025-11-05T16:18:59.760208Z,9.00,0.0900,0.9100,no
fc5972d9-cd6c-4717-177a-4151c2b6a830,KXMAYORMINN-26-OFAT,2025-11-05T16:15:42.242965Z,160.00,0.1000,0.9000,yes
751129b3-5ce1-4c4b-3581-d7a0873e3b4a,KXMAYORMINN-26-OFAT,2025-11-05T16:15:42.242965Z,40.00,0.1000,0.9000,yes
5594065e-e61f-6e64-bc8f-94dcacb4e632,KXMAYORMINN-26-OFAT,2025-11-05T16:10:40.864643Z,63.00,0.1000,0.9000,yes
4c748772-aac3-6313-ae9e-6f998a62702b,KXMAYORMINN-26-OFAT,2025-11-05T16:10:40.864643Z,100.00,0.1000,0.9000,yes
f52171e5-9b15-5e28-b55c-79e4cbd49657,KXMAYORMINN-26-OFAT,2025-11-05T16:03:15.691068Z,21.00,0.0800,0.9200,no
6a9ca445-eec7-6726-fee2-49ebc334c761,KXMAYORMINN-26-OFAT,2025-11-05T15:59:25.133679Z,306.00,0.0900,0.9100,no
e8e5ebfd-f77d-6444-3054-49dddfae1c77,KXMAYORMINN-26-OFAT,2025-11-05T15:55:01.148821Z,166.00,0.0800,0.9200,no
8f98a53b-8803-6786-d5b1-47e8d9b9a345,KXMAYORMINN-26-OFAT,2025-11-05T15:55:00.846909Z,1725.00,0.0900,0.9100,no
836c4d4a-cfd1-6fcc-cc65-3677fb0aa7af,KXMAYORMINN-26-OFAT,2025-11-05T15:55:00.846909Z,125.00,0.0800,0.9200,no
d004b001-03eb-6b82-dda4-c3a3b01bce0d,KXMAYORMINN-26-OFAT,2025-11-05T15:55:00.825249Z,149.00,0.0900,0.9100,no
ec01d748-5244-566c-148e-3604ea07ccb2,KXMAYORMINN-26-OFAT,2025-11-05T15:53:07.17882Z,56.00,0.1000,0.9000,yes
6ad0d1be-0388-57ba-d156-c9a3004d7c1a,KXMAYORMINN-26-OFAT,2025-11-05T15:52:51.25367Z,17.00,0.1100,0.8900,yes
582bb38c-9f4b-74b2-34c9-485c869e5b7d,KXMAYORMINN-26-OFAT,2025-11-05T15:51:25.554302Z,55.00,0.0900,0.9100,no
8540bb70-acb7-5ff2-e0df-aba75e3e97c9,KXMAYORMINN-26-OFAT,2025-11-05T15:51:25.124999Z,2000.00,0.0900,0.9100,no
17684d0c-1d6c-7fb3-5b2d-9c808cb836eb,KXMAYORMINN-26-OFAT,2025-11-05T15:51:16.573427Z,297.00,0.1000,0.9000,yes
abb5d194-0bd8-51f4-685d-0dd675bf293c,KXMAYORMINN-26-OFAT,2025-11-05T15:51:03.867092Z,54.00,0.1100,0.8900,yes
c576a556-4f1f-5af7-1c15-08de0fe2d1a4,KXMAYORMINN-26-OFAT,2025-11-05T15:50:53.617604Z,4.00,0.1000,0.9000,yes
8675da4c-9494-5f3e-3d1f-8787d109335f,KXMAYORMINN-26-OFAT,2025-11-05T15:50:53.617604Z,30.00,0.1000,0.9000,yes
7445cc4e-38d8-594d-210e-c400ccd72093,KXMAYORMINN-26-OFAT,2025-11-05T15:50:53.617604Z,102.00,0.1000,0.9000,yes
6de54e48-03c9-53cd-1cf4-956f89dff7c9,KXMAYORMINN-26-OFAT,2025-11-05T15:50:53.617604Z,113.00,0.1000,0.9000,yes
adeb8aab-6f8d-5990-e7c9-7292c68aad17,KXMAYORMINN-26-OFAT,2025-11-05T15:49:49.354021Z,6.00,0.0800,0.9200,no
ff42a210-23ad-4e98-7745-67214313b5df,KXMAYORMINN-26-OFAT,2025-11-05T15:49:48.980288Z,725.00,0.0800,0.9200,no
fe406cbc-d733-4991-60df-52fc258bc4c2,KXMAYORMINN-26-OFAT,2025-11-05T15:49:48.980288Z,7.00,0.0900,0.9100,no
fa7ba875-f7d9-6a97-426c-84ca051817d7,KXMAYORMINN-26-OFAT,2025-11-05T15:48:34.962845Z,7.00,0.1000,0.9000,no
88687c84-c6c6-64cf-46ee-d55919c8779c,KXMAYORMINN-26-OFAT,2025-11-05T15:48:34.962845Z,63.00,0.1000,0.9000,no
c74259ce-66ee-5927-27ba-65bf16b96958,KXMAYORMINN-26-OFAT,2025-11-05T15:48:17.285059Z,500.00,0.1000,0.9000,no
69e15e14-5982-5c97-f02e-0a7fea2e5664,KXMAYORMINN-26-OFAT,2025-11-05T15:48:15.916328Z,150.00,0.1000,0.9000,no
eccfb12e-eb32-40eb-8e5b-3b5439ea7220,KXMAYORMINN-26-OFAT,2025-11-05T15:48:15.721174Z,997.00,0.1000,0.9000,no
5b49d3cf-9d86-4a9f-af1f-603931e53f6c,KXMAYORMINN-26-OFAT,2025-11-05T15:48:15.710707Z,3.00,0.1000,0.9000,no
852ad998-4166-4a9b-dec6-c8a16d352efc,KXMAYORMINN-26-OFAT,2025-11-05T15:47:46.420847Z,191.00,0.1000,0.9000,no
5e888cd4-cee6-7967-0fcf-4ece6007cf9c,KXMAYORMINN-26-OFAT,2025-11-05T15:47:46.416741Z,1808.00,0.1000,0.9000,no
56e88976-0644-77d5-a16c-cc52aa0ea42a,KXMAYORMINN-26-OFAT,2025-11-05T15:44:28.485237Z,398.00,0.1200,0.8800,yes
e7174cd0-0fd6-4045-7aa0-8c939d80a157,KXMAYORMINN-26-OFAT,2025-11-05T15:44:17.317857Z,116.00,0.1100,0.8900,yes
2fbfa6b2-598e-72ab-4a6f-9deb4092b9ff,KXMAYORMINN-26-OFAT,2025-11-05T15:42:12.17744Z,500.00,0.1100,0.8900,yes
0817306b-c64a-76ff-9c12-b254287f223c,KXMAYORMINN-26-OFAT,2025-11-05T15:40:36.933326Z,731.00,0.1000,0.9000,no
571fd009-a7ba-617f-d2df-6b65d2ba8624,KXMAYORMINN-26-OFAT,2025-11-05T15:40:33.155462Z,192.00,0.1000,0.9000,no
f0d763f2-e773-436b-7b14-c9f3695cab62,KXMAYORMINN-26-OFAT,2025-11-05T15:40:23.93367Z,636.00,0.1100,0.8900,no
89e76899-f572-4ccb-5450-75c431f44974,KXMAYORMINN-26-OFAT,2025-11-05T15:40:23.93367Z,364.00,0.1000,0.9000,no
dfccff7b-7b77-63ab-c44b-b278517e5a2e,KXMAYORMINN-26-OFAT,2025-11-05T15:40:23.504859Z,364.00,0.1100,0.8900,no
4d31a66f-007b-6874-c382-648fe0e111d9,KXMAYORMINN-26-OFAT,2025-11-05T15:40:23.504859Z,500.00,0.1100,0.8900,no
35d0110c-90d7-68b5-fb56-0c632dede2e9,KXMAYORMINN-26-OFAT,2025-11-05T15:40:23.504859Z,6.00,0.1100,0.8900,no
0c516957-0729-61d1-e28b-68ea38f32c3f,KXMAYORMINN-26-OFAT,2025-11-05T15:40:23.504859Z,129.00,0.1100,0.8900,no
b826d182-85e9-6a09-821b-8fbe1a634def,KXMAYORMINN-26-OFAT,2025-11-05T15:36:34.682357Z,38.00,0.1100,0.8900,no
de155824-25c1-6bc5-64dd-40232372254b,KXMAYORMINN-26-OFAT,2025-11-05T15:36:16.544723Z,50.00,0.1100,0.8900,no
2a8c943f-6426-7ca3-4786-2211fce80a74,KXMAYORMINN-26-OFAT,2025-11-05T15:35:42.230393Z,500.00,0.1300,0.8700,yes
6b362524-efac-5fbe-6b64-0ee6889803b7,KXMAYORMINN-26-OFAT,2025-11-05T15:35:30.1096Z,442.00,0.1200,0.8800,yes
4682931e-9ad3-5ec4-4578-b44b93bce4f6,KXMAYORMINN-26-OFAT,2025-11-05T15:35:30.1096Z,11.00,0.1200,0.8800,yes
a5d7edd1-09ab-6d42-779d-b45fe832ac74,KXMAYORMINN-26-OFAT,2025-11-05T15:35:08.966071Z,311.00,0.1200,0.8800,yes
385154b9-7540-6c7a-6956-e9014e992f7f,KXMAYORMINN-26-OFAT,2025-11-05T15:35:08.966071Z,189.00,0.1200,0.8800,yes
5c1b8b47-0897-56d2-d273-491fcf3290fc,KXMAYORMINN-26-OFAT,2025-11-05T15:28:15.732567Z,7.00,0.1300,0.8700,yes
b371ebcb-4848-74e6-a1c1-694d13e2f0e7,KXMAYORMINN-26-OFAT,2025-11-05T15:25:19.957609Z,50.00,0.1400,0.8600,yes
6e553f2a-c068-7eb2-65f2-0a8fb5da23ab,KXMAYORMINN-26-OFAT,2025-11-05T15:24:49.235894Z,100.00,0.1400,0.8600,yes
1d8d1424-1cd8-55ce-f0a4-205925208c63,KXMAYORMINN-26-OFAT,2025-11-05T15:24:48.756606Z,6.00,0.1400,0.8600,yes
e36810b2-41f8-6bd9-16ac-7f501586dc72,KXMAYORMINN-26-OFAT,2025-11-05T15:22:50.597862Z,16.00,0.1300,0.8700,yes
3fdb0cf4-44e6-5c85-9dab-dbcade0ee97b,KXMAYORMINN-26-OFAT,2025-11-05T15:21:01.466114Z,12.00,0.1100,0.8900,no
01d4c2b9-7b91-531d-8c0e-7ba02cbf41a7,KXMAYORMINN-26-OFAT,2025-11-05T15:21:01.466114Z,783.00,0.1100,0.8900,no
bf0d98fe-eb64-4450-5bd4-30507081eab1,KXMAYORMINN-26-OFAT,2025-11-05T15:19:19.304723Z,400.00,0.1100,0.8900,no
e011f627-4a72-6aa5-e427-95a6e4c078cf,KXMAYORMINN-26-OFAT,2025-11-05T15:17:58.506512Z,18.00,0.1200,0.8800,yes
6ccb3597-b69e-6ba6-c674-35c91a080052,KXMAYORMINN-26-OFAT,2025-11-05T15:17:58.506512Z,100.00,0.1200,0.8800,yes
1b0e941d-18f3-6ceb-cc2f-adaead2375bc,KXMAYORMINN-26-OFAT,2025-11-05T15:17:58.506512Z,565.00,0.1200,0.8800,yes
6c6db370-e0ea-5733-ccd4-04de0a373a20,KXMAYORMINN-26-OFAT,2025-11-05T15:11:40.572819Z,1.00,0.1000,0.9000,no
e41f0d2b-33fd-569d-6480-b9fa82d86ca0,KXMAYORMINN-26-OFAT,2025-11-05T15:11:09.108419Z,100.00,0.1400,0.8600,yes
8398f2d4-49dd-5391-7de0-61700365102b,KXMAYORMINN-26-OFAT,2025-11-05T15:11:09.108419Z,2.00,0.1400,0.8600,yes
4e2b6c36-50aa-5c3e-6036-db5f32741fd3,KXMAYORMINN-26-OFAT,2025-11-05T15:11:09.108419Z,200.00,0.1400,0.8600,yes
414b022d-f1f2-5252-5039-32672ee20c96,KXMAYORMINN-26-OFAT,2025-11-05T15:11:09.108419Z,9.00,0.1400,0.8600,yes
3e7adba9-7abb-58c3-5ac8-e31ee0a854ab,KXMAYORMINN-26-OFAT,2025-11-05T15:11:09.108419Z,11.00,0.1400,0.8600,yes
7e034e79-c1c4-5618-f5e1-015578563bf6,KXMAYORMINN-26-OFAT,2025-11-05T15:10:47.537309Z,111.00,0.1300,0.8700,yes
73763662-6bc4-5b64-c7b8-46d5ad3bfad6,KXMAYORMINN-26-OFAT,2025-11-05T15:10:47.537309Z,100.00,0.1300,0.8700,yes
cac8d5e9-f995-688c-ef5d-a44207a359db,KXMAYORMINN-26-OFAT,2025-11-05T15:07:12.430449Z,81.00,0.1200,0.8800,yes
e3702ba3-1fa9-4ee0-625e-62e18b0a68f3,KXMAYORMINN-26-OFAT,2025-11-05T15:07:01.746999Z,300.00,0.1200,0.8800,yes
9565bbf9-6e56-74ef-7c5f-88b9daaf9f02,KXMAYORMINN-26-OFAT,2025-11-05T15:06:38.618472Z,100.00,0.1100,0.8900,yes
f5e6cadc-3e80-69f0-91a7-1d857e2f8785,KXMAYORMINN-26-OFAT,2025-11-05T14:57:57.276625Z,1.00,0.0900,0.9100,no
86186fad-fbc8-70db-90f7-bf993da3928e,KXMAYORMINN-26-OFAT,2025-11-05T14:55:33.807295Z,29.00,0.1200,0.8800,yes
605d7643-52d4-72ef-9cf4-44c38f4df72a,KXMAYORMINN-26-OFAT,2025-11-05T14:55:23.00993Z,271.00,0.1200,0.8800,yes
2db3d021-c843-7bfc-b711-787a5104bac7,KXMAYORMINN-26-OFAT,2025-11-05T14:55:23.00993Z,29.00,0.1200,0.8800,yes
8d7ad94e-9c88-4d0d-a627-d896be277bc9,KXMAYORMINN-26-OFAT,2025-11-05T14:51:33.359282Z,2.00,0.1400,0.8600,yes
88a72ef6-65ac-4259-a2df-266a56098e10,KXMAYORMINN-26-OFAT,2025-11-05T14:51:33.359282Z,43.00,0.1300,0.8700,yes
18688876-35ea-4f44-a7ac-a76b291e31e9,KXMAYORMINN-26-OFAT,2025-11-05T14:51:33.359282Z,4.00,0.1400,0.8600,yes
187476d8-7207-4543-2d87-fcb38e8307db,KXMAYORMINN-26-OFAT,2025-11-05T14:51:22.861812Z,34.00,0.1300,0.8700,yes
ee7cedfb-eb30-459f-a8cf-d374cfdf30d7,KXMAYORMINN-26-OFAT,2025-11-05T14:51:11.35992Z,216.00,0.1300,0.8700,yes
2bbdc993-ced6-4379-a417-725680f976aa,KXMAYORMINN-26-OFAT,2025-11-05T14:51:11.35992Z,186.00,0.1300,0.8700,yes
df5e29bb-792e-7495-2196-b19f2b9247e6,KXMAYORMINN-26-OFAT,2025-11-05T14:50:57.583405Z,14.00,0.1300,0.8700,yes
f0cc037c-5e1d-579f-a921-41fc7fca980b,KXMAYORMINN-26-OFAT,2025-11-05T14:48:48.965852Z,154.00,0.1300,0.8700,yes
9d3f1b07-4e41-4d70-6d67-cf5519f758ef,KXMAYORMINN-26-OFAT,2025-11-05T14:47:38.555368Z,10.00,0.0800,0.9200,no
e601c0b9-73fd-52d8-f0eb-71c8fe6daf1f,KXMAYORMINN-26-OFAT,2025-11-05T14:43:02.874518Z,101.00,0.0800,0.9200,no
c8bc3e66-4f09-6daf-e1df-e94f84d82863,KXMAYORMINN-26-OFAT,2025-11-05T14:40:05.142215Z,301.00,0.1100,0.8900,yes
c5ef6968-873e-477b-6f7f-b9f31281c1df,KXMAYORMINN-26-OFAT,2025-11-05T14:39:53.48048Z,299.00,0.1100,0.8900,yes
9e5fd2ba-92e2-75d3-d593-fd6fe55558af,KXMAYORMINN-26-OFAT,2025-11-05T14:39:21.364709Z,500.00,0.1100,0.8900,yes
1ec82c42-8872-49c7-3493-40a2cfda941f,KXMAYORMINN-26-OFAT,2025-11-05T14:36:07.025428Z,1.00,0.1100,0.8900,yes
de9fcba4-cf0a-6246-21b6-6f433ab97ce7,KXMAYORMINN-26-OFAT,2025-11-05T14:35:40.541529Z,25.00,0.1000,0.9000,yes
01243289-98ee-6fa4-3dde-f1177e27ab61,KXMAYORMINN-26-OFAT,2025-11-05T14:35:40.541529Z,35.00,0.1000,0.9000,yes
d5384a86-3376-5bfa-6d8c-0dda6a2dab9b,KXMAYORMINN-26-OFAT,2025-11-05T14:34:35.894895Z,219.00,0.1000,0.9000,yes
b11e43d1-9e03-5566-44b0-a5439088eac5,KXMAYORMINN-26-OFAT,2025-11-05T14:34:22.976532Z,500.00,0.1000,0.9000,yes
ab51885f-da75-6b90-adb8-8863b3b352f7,KXMAYORMINN-26-OFAT,2025-11-05T14:33:34.044698Z,100.00,0.0800,0.9200,no
83500e82-9d85-66d1-c672-b12028e55cca,KXMAYORMINN-26-OFAT,2025-11-05T14:29:53.954601Z,600.00,0.0900,0.9100,yes
1a755ce9-73c3-6fce-eba2-14d91aef3995,KXMAYORMINN-26-OFAT,2025-11-05T14:29:53.954601Z,131.00,0.0900,0.9100,yes
d7e5577a-0901-5220-47cb-c275e58885f3,KXMAYORMINN-26-OFAT,2025-11-05T14:26:39.605225Z,148.00,0.0800,0.9200,no
35d53950-480d-5360-fd11-43880a9eb003,KXMAYORMINN-26-OFAT,2025-11-05T14:23:36.765601Z,1419.00,0.0800,0.9200,no
b057a00c-8cb4-7fc8-46d2-80684ffca3fa,KXMAYORMINN-26-OFAT,2025-11-05T14:23:03.642633Z,2.00,0.0900,0.9100,no
8fca59c5-5121-7994-6ecf-8742c872f12f,KXMAYORMINN-26-OFAT,2025-11-05T14:23:03.642633Z,998.00,0.0800,0.9200,no
e4192059-2d67-42f0-d045-224bfc3377d9,KXMAYORMINN-26-OFAT,2025-11-05T14:21:56.439127Z,1781.00,0.1000,0.9000,yes
71176488-018f-4a14-d67d-4fa97d4bbaa1,KXMAYORMINN-26-OFAT,2025-11-05T14:21:30.823651Z,500.00,0.1000,0.9000,yes
47750453-ff6b-5500-a492-a4e4265f9201,KXMAYORMINN-26-OFAT,2025-11-05T14:21:20.805849Z,455.00,0.1000,0.9000,yes
9cff915c-788c-6c8d-f563-15884f8dc147,KXMAYORMINN-26-OFAT,2025-11-05T14:21:05.374182Z,500.00,0.0900,0.9100,yes
2291c292-b884-4dab-f85e-a588e3acb23b,KXMAYORMINN-26-OFAT,2025-11-05T14:20:17.506126Z,500.00,0.0900,0.9100,yes
dbb296aa-c5cc-5cbc-711c-33ce65486e7f,KXMAYORMINN-26-OFAT,2025-11-05T14:20:06.473796Z,500.00,0.0800,0.9200,yes
448aa1fd-20f4-51cc-53b6-8cae3d4e853f,KXMAYORMINN-26-OFAT,2025-11-05T14:19:55.846499Z,45.00,0.0900,0.9100,yes
cbc5b031-8509-7221-4797-399ceaf4e196,KXMAYORMINN-26-OFAT,2025-11-05T14:19:41.266119Z,90.00,0.0700,0.9300,no
36f42acc-e65d-5041-a203-a67301d17882,KXMAYORMINN-26-OFAT,2025-11-05T14:18:43.063609Z,500.00,0.0700,0.9300,no
9ba1d6b1-a5f3-5e98-4cdd-730285c1cbbd,KXMAYORMINN-26-OFAT,2025-11-05T14:14:45.260682Z,122.00,0.1000,0.9000,yes
669ba55b-2c01-6199-1871-b2af7cef329a,KXMAYORMINN-26-OFAT,2025-11-05T14:14:18.884904Z,62.00,0.0700,0.9300,no
d884138a-296f-5fd4-a462-2d3b21d93019,KXMAYORMINN-26-OFAT,2025-11-05T14:14:14.855739Z,1500.00,0.1000,0.9000,yes
53beec3c-208d-7a6b-f619-f3ab97646f0e,KXMAYORMINN-26-OFAT,2025-11-05T14:12:00.305785Z,60.00,0.0800,0.9200,no
c09143d4-2d6b-7ac8-5b97-d945c62991e9,KXMAYORMINN-26-OFAT,2025-11-05T14:11:25.235747Z,4000.00,0.1000,0.9000,yes
892e53c1-896f-4b30-6e8c-f36dcaa08edd,KXMAYORMINN-26-OFAT,2025-11-05T14:10:41.884951Z,2945.00,0.1000,0.9000,yes
45dfde82-5fe4-7e28-4057-b4221ebc9226,KXMAYORMINN-26-OFAT,2025-11-05T14:06:22.375407Z,100.00,0.0800,0.9200,no
4e9da436-fd5d-76e5-da25-34d296c5ba6e,KXMAYORMINN-26-OFAT,2025-11-05T13:59:42.775251Z,78.00,0.0700,0.9300,no
60eb74bf-8941-7035-a882-c17b40beff52,KXMAYORMINN-26-OFAT,2025-11-05T13:58:47.780585Z,105.00,0.0700,0.9300,no
a908a0fc-aa57-7c3e-ead8-32eb621ad702,KXMAYORMINN-26-OFAT,2025-11-05T13:49:17.638093Z,11.00,0.0800,0.9200,no
24a9acdc-8e0b-65c6-653f-0388794b9e0a,KXMAYORMINN-26-OFAT,2025-11-05T13:46:12.401241Z,3838.00,0.0800,0.9200,no
06a5adcc-9087-696e-55d0-3aa6dc901542,KXMAYORMINN-26-OFAT,2025-11-05T13:44:46.169696Z,816.00,0.0800,0.9200,no
3172cb8b-539d-6ba1-2302-c92eef1d0633,KXMAYORMINN-26-OFAT,2025-11-05T13:39:17.157297Z,42.00,0.1100,0.8900,yes
efd0147a-2a06-56bf-9d52-85ac61119b3a,KXMAYORMINN-26-OFAT,2025-11-05T13:39:04.369977Z,418.00,0.1100,0.8900,yes
369bfd7f-19cd-5ca5-8f95-83d73673aebb,KXMAYORMINN-26-OFAT,2025-11-05T13:39:04.369977Z,437.00,0.1100,0.8900,yes
812f1110-651e-6127-c410-3198ff2655ca,KXMAYORMINN-26-OFAT,2025-11-05T13:35:55.701394Z,82.00,0.1100,0.8900,yes
271784d3-ef40-67a5-f741-4d8adc83ed9b,KXMAYORMINN-26-OFAT,2025-11-05T13:35:55.701394Z,3.00,0.1100,0.8900,yes
9d6ff15e-f21e-446a-95b0-6be81e60bafe,KXMAYORMINN-26-OFAT,2025-11-05T13:31:03.166764Z,2.00,0.1000,0.9000,no
89ef0812-01f6-704e-3f15-fd5c5037111e,KXMAYORMINN-26-OFAT,2025-11-05T13:29:02.358711Z,1.00,0.1000,0.9000,no
c1076877-2097-5b0d-706b-50c838758552,KXMAYORMINN-26-OFAT,2025-11-05T13:27:19.857416Z,453.00,0.1000,0.9000,yes
023fbcfc-e80f-7fd9-08e1-6b9b23d5fe5e,KXMAYORMINN-26-OFAT,2025-11-05T13:26:24.641136Z,500.00,0.1000,0.9000,yes
aa4014b2-9a73-60ce-e92c-8fd221d4cf7e,KXMAYORMINN-26-OFAT,2025-11-05T13:25:58.550069Z,335.00,0.0800,0.9200,no
2298d9ec-b5f7-4ac9-0f71-9b8e11afb3a6,KXMAYORMINN-26-OFAT,2025-11-05T13:25:31.456215Z,47.00,0.1000,0.9000,yes
9d7540a9-c528-5d27-0386-74271404f0e6,KXMAYORMINN-26-OFAT,2025-11-05T13:23:09.739911Z,367.00,0.0900,0.9100,no
d75c689f-d2fc-63cf-42a8-7b31f5029736,KXMAYORMINN-26-OFAT,2025-11-05T13:22:44.519614Z,481.00,0.0900,0.9100,no
e21571c2-5d64-6ce3-ed3a-948299ebf05a,KXMAYORMINN-26-OFAT,2025-11-05T13:21:11.314189Z,100.00,0.0900,0.9100,no
e7f7a28c-3f84-6eeb-9c18-fc6376598122,KXMAYORMINN-26-OFAT,2025-11-05T13:20:58.986394Z,180.00,0.0900,0.9100,no
f754128f-1a58-4953-7b2f-4ac0161641aa,KXMAYORMINN-26-OFAT,2025-11-05T13:20:43.673353Z,512.00,0.0900,0.9100,no
25b0cad8-2ff8-4e33-f46a-358d254e7142,KXMAYORMINN-26-OFAT,2025-11-05T13:20:14.114904Z,500.00,0.0900,0.9100,no
65e79a0d-2074-76f7-8f7c-9284654f769a,KXMAYORMINN-26-OFAT,2025-11-05T13:15:53.48343Z,177.00,0.0900,0.9100,no
429523e3-33c0-69bf-5f2c-26dfc8e2f5b6,KXMAYORMINN-26-OFAT,2025-11-05T13:09:23.271011Z,100.00,0.0900,0.9100,no
ebbc0d25-0eae-4761-d64c-0cce47545715,KXMAYORMINN-26-OFAT,2025-11-05T13:07:15.369636Z,32.00,0.1700,0.8300,yes
5592d99f-520d-40c4-c543-059f64f2da8e,KXMAYORMINN-26-OFAT,2025-11-05T13:07:15.369636Z,2.00,0.1400,0.8600,yes
422c0658-a24c-4352-c71c-a94057baef85,KXMAYORMINN-26-OFAT,2025-11-05T13:07:15.369636Z,1.00,0.1300,0.8700,yes
073d2541-0e0a-47d3-dc41-dd81da8cadd9,KXMAYORMINN-26-OFAT,2025-11-05T13:07:15.369636Z,32.00,0.1100,0.8900,yes
398e2e53-c0ac-540b-bdbf-d51d551c5786,KXMAYORMINN-26-OFAT,2025-11-05T13:02:51.989804Z,200.00,0.0900,0.9100,no
b82cf583-4e48-5c63-a529-75b84b910176,KXMAYORMINN-26-OFAT,2025-11-05T13:02:30.265238Z,775.00,0.0900,0.9100,no
ac75e31d-80c0-6ca3-971b-6311efe3115a,KXMAYORMINN-26-OFAT,2025-11-05T12:29:22.002749Z,23.00,0.0900,0.9100,no
af4085d1-bf13-6978-85d1-58eaffc595c2,KXMAYORMINN-26-OFAT,2025-11-05T12:27:03.479362Z,2.00,0.1200,0.8800,yes
927d2fab-18c4-5f2f-5329-c3ff7e84d042,KXMAYORMINN-26-OFAT,2025-11-05T12:26:04.408356Z,30.00,0.0900,0.9100,no
8afd9d2f-7090-53ef-00db-2ff338df95ae,KXMAYORMINN-26-OFAT,2025-11-05T12:25:27.105285Z,500.00,0.0900,0.9100,no
e842a28d-7751-7a9c-4b4e-903886fb7ef9,KXMAYORMINN-26-OFAT,2025-11-05T12:25:06.286697Z,12.00,0.1000,0.9000,no
1a85c2ff-2437-7d94-5b5b-14a3915967e6,KXMAYORMINN-26-OFAT,2025-11-05T12:25:06.286697Z,2.00,0.1100,0.8900,no
d8fe810c-36a0-40ac-7be3-ae9dc3b4afeb,KXMAYORMINN-26-OFAT,2025-11-05T12:14:21.966139Z,2.00,0.1000,0.9000,no
794cbf6a-1105-4cd4-67b0-08f1a096add1,KXMAYORMINN-26-OFAT,2025-11-05T12:14:21.966139Z,20.00,0.1000,0.9000,no
1002f928-0bb4-4a47-bc4e-c3b657a18dce,KXMAYORMINN-26-OFAT,2025-11-05T11:52:35.881965Z,55.00,0.0900,0.9100,no
23add70f-5b68-462f-cf39-acaed7231479,KXMAYORMINN-26-OFAT,2025-11-05T11:51:59.049449Z,14.00,0.0900,0.9100,no
62d2f11c-e738-587b-3b11-0949bc8591dd,KXMAYORMINN-26-OFAT,2025-11-05T11:50:14.081086Z,2.00,0.0900,0.9100,no
65186094-730e-7834-68da-7aa590bc7840,KXMAYORMINN-26-OFAT,2025-11-05T11:42:42.287503Z,101.00,0.1100,0.8900,yes
62b54353-3ea1-7b34-5784-c8f2446ddb0a,KXMAYORMINN-26-OFAT,2025-11-05T11:42:42.287503Z,1.00,0.1800,0.8200,yes
3c8a512c-1ffd-7383-6c07-813217db578e,KXMAYORMINN-26-OFAT,2025-11-05T11:42:42.287503Z,2.00,0.1200,0.8800,yes
072b9b84-bca3-78f7-7cf7-3e5cf428411d,KXMAYORMINN-26-OFAT,2025-11-05T11:42:42.287503Z,20.00,0.1200,0.8800,yes
f1ab1560-0ebd-7c87-1956-bd4e3924550f,KXMAYORMINN-26-OFAT,2025-11-05T10:28:15.272589Z,17.00,0.0900,0.9100,no
c6d89606-fee0-5864-842d-668e9523fa9b,KXMAYORMINN-26-OFAT,2025-11-05T09:59:06.393824Z,61.00,0.1500,0.8500,yes
7195da55-813c-50d4-a338-2cad468f5e47,KXMAYORMINN-26-OFAT,2025-11-05T09:59:06.393824Z,2.00,0.1400,0.8600,yes
f7bea456-ae1a-4fe8-a65a-5ee17b2fe477,KXMAYORMINN-26-OFAT,2025-11-05T09:20:55.504731Z,16.00,0.0300,0.9700,no
87e84134-265a-7344-27f1-fea99ea1e1cf,KXMAYORMINN-26-OFAT,2025-11-05T09:20:55.192199Z,16.00,0.0300,0.9700,no
b835287a-66e1-5925-135c-0dbe97c17e65,KXMAYORMINN-26-OFAT,2025-11-05T09:20:55.084838Z,498.00,0.0600,0.9400,no
b135cf11-44f5-4929-79b3-326791e352f5,KXMAYORMINN-26-OFAT,2025-11-05T09:20:10.167038Z,1800.00,0.0600,0.9400,no
4005bbd6-8549-70dd-585b-4b7c16be2c39,KXMAYORMINN-26-OFAT,2025-11-05T09:18:58.646619Z,2200.00,0.0600,0.9400,no
791eeb03-264d-5261-d045-1a800b2429e9,KXMAYORMINN-26-OFAT,2025-11-05T09:16:41.305316Z,32.00,0.0600,0.9400,no
71182535-5635-6eb1-fcbd-597186611c0d,KXMAYORMINN-26-OFAT,2025-11-05T09:16:27.767851Z,470.00,0.0600,0.9400,no
c4b33baa-ab50-4dfd-f567-2ed5c1b40620,KXMAYORMINN-26-OFAT,2025-11-05T09:14:38.257491Z,1421.00,0.0700,0.9300,no
fd79997c-5574-6795-4c8e-c3a218783184,KXMAYORMINN-26-OFAT,2025-11-05T09:09:26.617032Z,69.00,0.0700,0.9300,no
129510af-5278-6c01-0730-95aca9980f88,KXMAYORMINN-26-OFAT,2025-11-05T09:05:43.010981Z,100.00,0.0700,0.9300,no
5802ae87-8048-5a3d-96ba-c71debdc3c94,KXMAYORMINN-26-OFAT,2025-11-05T09:05:42.763859Z,394.00,0.0700,0.9300,no
b2efb1c2-f102-72d3-ea16-b5cb6b85919d,KXMAYORMINN-26-OFAT,2025-11-05T08:54:18.088271Z,78.00,0.1200,0.8800,yes
f9dccbed-67cb-7e66-6857-94cb06afdede,KXMAYORMINN-26-OFAT,2025-11-05T08:53:15.620111Z,17.00,0.0900,0.9100,no
e94cf614-efbc-6bad-b445-9b4301218c60,KXMAYORMINN-26-OFAT,2025-11-05T08:38:07.491979Z,3.00,0.0700,0.9300,no
7b7b4cc2-ee2a-540f-2100-f5fc4b673f67,KXMAYORMINN-26-OFAT,2025-11-05T08:37:11.440662Z,34.00,0.1000,0.9000,no
69b23261-56a4-55e5-2992-354099751120,KXMAYORMINN-26-OFAT,2025-11-05T08:37:11.440662Z,13.00,0.0700,0.9300,no
3fbeea16-3242-5ec7-108d-79fbdf813316,KXMAYORMINN-26-OFAT,2025-11-05T08:37:11.440662Z,7.00,0.1000,0.9000,no
c3c8aab0-865e-6b5b-e37c-2d9976756b5f,KXMAYORMINN-26-OFAT,2025-11-05T08:37:03.602051Z,19.00,0.1000,0.9000,no
50673c42-e296-6427-7e5e-9de916389cef,KXMAYORMINN-26-OFAT,2025-11-05T08:37:03.5952Z,56.00,0.1000,0.9000,no
0b00619c-f29a-7da7-ea8e-2840e7d60cb7,KXMAYORMINN-26-OFAT,2025-11-05T08:37:03.354431Z,20.00,0.1000,0.9000,no
d55410f4-3eba-6f3b-c423-b1256f9fda97,KXMAYORMINN-26-OFAT,2025-11-05T08:35:23.863631Z,20.00,0.1000,0.9000,no
95353c06-ab56-42eb-e529-79c7f6843723,KXMAYORMINN-26-OFAT,2025-11-05T08:35:20.923133Z,18.00,0.1000,0.9000,no
4deb9466-5f6c-729d-5677-f5e4d9fa3b55,KXMAYORMINN-26-OFAT,2025-11-05T08:33:43.143823Z,383.00,0.1100,0.8900,yes
04b70ca2-c3fe-4f77-ea10-85813eae8863,KXMAYORMINN-26-OFAT,2025-11-05T08:31:54.621694Z,100.00,0.1000,0.9000,no
a87c02b7-b25e-7df7-9253-30704fb7621e,KXMAYORMINN-26-OFAT,2025-11-05T08:24:37.175626Z,100.00,0.1300,0.8700,yes
bb54adb3-1435-66ac-1667-1ee065635e73,KXMAYORMINN-26-OFAT,2025-11-05T08:20:29.554185Z,355.00,0.1300,0.8700,yes
ccfa25a6-f13f-6d8f-9765-a8342f4bcf8c,KXMAYORMINN-26-OFAT,2025-11-05T08:19:17.765402Z,2000.00,0.1200,0.8800,yes
69100f81-7516-6b53-9658-51afd5eb8f7f,KXMAYORMINN-26-OFAT,2025-11-05T08:17:25.256417Z,19.00,0.1000,0.9000,no
91fb5666-7407-6c88-6162-ff735e227d1b,KXMAYORMINN-26-OFAT,2025-11-05T08:13:12.77056Z,30.00,0.1200,0.8800,yes
1c28d64d-25fe-6d64-5e0e-264ddce746c4,KXMAYORMINN-26-OFAT,2025-11-05T08:13:12.77056Z,470.00,0.1200,0.8800,yes
c1a924ac-5e24-7c48-8f9d-7bb36955e4b0,KXMAYORMINN-26-OFAT,2025-11-05T08:07:43.212507Z,17.00,0.1200,0.8800,yes
5044ba84-5b14-7220-9c25-04f1b0dadc6f,KXMAYORMINN-26-OFAT,2025-11-05T08:07:43.212507Z,30.00,0.1200,0.8800,yes
ae593a49-8751-573d-4d77-7296e0b92063,KXMAYORMINN-26-OFAT,2025-11-05T07:55:53.548842Z,501.00,0.1400,0.8600,yes
8913d8a9-efeb-5aff-2616-f6d20bf079bc,KXMAYORMINN-26-OFAT,2025-11-05T07:51:23.302397Z,178.00,0.1200,0.8800,no
0ac65a92-27c3-4d33-c52e-f6df6ee92920,KXMAYORMINN-26-OFAT,2025-11-05T07:51:23.015591Z,322.00,0.1200,0.8800,no
a8b2fd7f-22cb-566b-5867-e9d357e2cd2c,KXMAYORMINN-26-OFAT,2025-11-05T07:51:23.010016Z,500.00,0.1200,0.8800,no
d4e2e9b6-cae7-5bc7-4501-085fbb6af0c4,KXMAYORMINN-26-OFAT,2025-11-05T07:43:15.691847Z,2.00,0.1200,0.8800,no
c500f84a-4f7f-6f9b-8e68-6e4d92eaf6cd,KXMAYORMINN-26-OFAT,2025-11-05T07:40:11.177813Z,12.00,0.1300,0.8700,no
cbc9285b-589f-66bb-b1ed-4ed693a068c8,KXMAYORMINN-26-OFAT,2025-11-05T07:36:01.195126Z,915.00,0.1400,0.8600,no
c931ba83-d1a3-55a7-1249-e12b2008cfe0,KXMAYORMINN-26-OFAT,2025-11-05T07:35:09.205764Z,137.00,0.1400,0.8600,no
817e23f5-2883-5a2b-5d0e-b09648958c68,KXMAYORMINN-26-OFAT,2025-11-05T07:34:31.755956Z,50.00,0.1400,0.8600,no
0f6e0bbd-ce4f-63b3-6d6f-43e586bdefd4,KXMAYORMINN-26-OFAT,2025-11-05T07:32:37.175577Z,17.00,0.1400,0.8600,no
14146645-24d7-6a77-6f62-77978167dcbc,KXMAYORMINN-26-OFAT,2025-11-05T07:23:33.727102Z,396.00,0.1400,0.8600,no
33dcb3ad-5b8f-786f-95bf-24feadb2f44c,KXMAYORMINN-26-OFAT,2025-11-05T07:23:24.705885Z,60.00,0.1400,0.8600,no
8b4d86d2-21ab-6a8f-3533-0b6e529cccac,KXMAYORMINN-26-OFAT,2025-11-05T07:21:42.086406Z,40.00,0.1400,0.8600,no
50ce0a69-21d3-4cd7-cd4d-9d4e9774b2e4,KXMAYORMINN-26-OFAT,2025-11-05T07:20:48.976964Z,219.00,0.1400,0.8600,no
1c1c3513-4227-7e5f-80ae-d5303e71543c,KXMAYORMINN-26-OFAT,2025-11-05T07:20:02.682456Z,13.00,0.1400,0.8600,no
5fc6e07c-f7f2-6661-e9a5-bfe7dc6d7a12,KXMAYORMINN-26-OFAT,2025-11-05T07:20:00.894149Z,250.00,0.1600,0.8400,yes
e7c2584e-2f4c-75b3-acde-539861e5702f,KXMAYORMINN-26-OFAT,2025-11-05T07:19:43.544906Z,1000.00,0.1300,0.8700,yes
d621c1fd-31a7-7774-b7e9-75d789f9ca47,KXMAYORMINN-26-OFAT,2025-11-05T07:19:43.544906Z,1000.00,0.1300,0.8700,yes
8fc370cc-64d5-7bfe-9e24-6a9b032f2d82,KXMAYORMINN-26-OFAT,2025-11-05T07:19:43.544906Z,150.00,0.1400,0.8600,yes
51fbe763-c2d5-431f-f71f-727f744d195f,KXMAYORMINN-26-OFAT,2025-11-05T07:09:41.315313Z,280.00,0.1300,0.8700,yes
4be4a8e7-baf7-4d1f-ddb8-51fb03db4c02,KXMAYORMINN-26-OFAT,2025-11-05T07:09:41.315313Z,100.00,0.1300,0.8700,yes
1965f986-06e1-45b5-e265-f37e66d5bd44,KXMAYORMINN-26-OFAT,2025-11-05T07:09:41.315313Z,400.00,0.1300,0.8700,yes
5d8ab727-abce-6613-10e1-d8fcc23c271b,KXMAYORMINN-26-OFAT,2025-11-05T07:08:36.874112Z,141.00,0.1000,0.9000,no
2393fff9-2d7b-7d65-e3b9-1a58dc53dacb,KXMAYORMINN-26-OFAT,2025-11-05T07:07:47.026158Z,20.00,0.1300,0.8700,yes
5911a515-50e5-6c5a-069c-567a82568b4d,KXMAYORMINN-26-OFAT,2025-11-05T07:07:36.280515Z,100.00,0.1200,0.8800,yes
337b0db8-2a34-6d52-1ddd-d5128fa7ed6d,KXMAYORMINN-26-OFAT,2025-11-05T07:07:36.280515Z,100.00,0.1200,0.8800,yes
21057cd6-6a57-5d62-1bd9-c854a3201d4b,KXMAYORMINN-26-OFAT,2025-11-05T07:01:22.48775Z,19.00,0.1400,0.8600,yes
9268f709-473a-7a5b-72b3-22f236acbfff,KXMAYORMINN-26-OFAT,2025-11-05T06:54:13.183671Z,5.00,0.1000,0.9000,no
d3b99056-8cc6-62df-0457-f54be7e37bef,KXMAYORMINN-26-OFAT,2025-11-05T06:49:22.447698Z,20.00,0.1000,0.9000,no
6df5eb63-d59e-6deb-0d2e-0b406014c587,KXMAYORMINN-26-OFAT,2025-11-05T06:49:06.758152Z,15.00,0.1000,0.9000,no
8ee12542-609b-5f86-5d86-4858b1448bad,KXMAYORMINN-26-OFAT,2025-11-05T06:48:19.84015Z,747.00,0.1200,0.8800,no
3769c37d-b3eb-4872-1957-ed2c7e9bb76d,KXMAYORMINN-26-OFAT,2025-11-05T06:46:40.530123Z,25.00,0.1200,0.8800,no
73ce54f6-1227-476e-1053-badb679fa3c1,KXMAYORMINN-26-OFAT,2025-11-05T06:46:11.284723Z,20.00,0.1200,0.8800,no
b0c7bcde-06bf-5d76-2cfb-c3061e8d41b5,KXMAYORMINN-26-OFAT,2025-11-05T06:45:55.774613Z,77.00,0.1200,0.8800,no
906d702a-2cff-400a-0410-f9eef7dc3ec9,KXMAYORMINN-26-OFAT,2025-11-05T06:45:48.853454Z,25.00,0.1200,0.8800,no
32f16266-3ad3-7c6a-d543-a27c6e4ba875,KXMAYORMINN-26-OFAT,2025-11-05T06:45:30.28252Z,60.00,0.1200,0.8800,no
e81e3e4d-d93b-6cde-2b28-d91e38aa6055,KXMAYORMINN-26-OFAT,2025-11-05T06:43:14.839098Z,40.00,0.1400,0.8600,no
b93939db-a597-6fce-4d04-8ec5d0b7ba2d,KXMAYORMINN-26-OFAT,2025-11-05T06:43:13.643634Z,100.00,0.1400,0.8600,no
4a7a8a39-45c3-661a-c360-c26d8001c3f5,KXMAYORMINN-26-OFAT,2025-11-05T06:43:12.404673Z,100.00,0.1400,0.8600,no
23105703-2457-465a-ec68-d7e1b54d2cbd,KXMAYORMINN-26-OFAT,2025-11-05T06:43:10.880315Z,100.00,0.1400,0.8600,no
cd14d1d6-951b-442e-0362-055b92030bb5,KXMAYORMINN-26-OFAT,2025-11-05T06:43:09.43415Z,100.00,0.1400,0.8600,no
2a6d8038-3d4b-4f66-e792-d822065df029,KXMAYORMINN-26-OFAT,2025-11-05T06:43:08.229972Z,100.00,0.1400,0.8600,no
7232d757-58cc-667b-ebd0-29bd24d9f0ea,KXMAYORMINN-26-OFAT,2025-11-05T06:43:07.817645Z,6.00,0.1200,0.8800,yes
3aefdc67-fedd-6017-c013-2760bc89dda1,KXMAYORMINN-26-OFAT,2025-11-05T06:43:07.817645Z,1000.00,0.1400,0.8600,yes
0d6b76a4-ad3f-5ebe-c9c3-ee1213f5f306,KXMAYORMINN-26-OFAT,2025-11-05T06:42:37.501614Z,26.00,0.1300,0.8700,no
c87dca7a-ec9f-5a42-5654-9c05f2509dce,KXMAYORMINN-26-OFAT,2025-11-05T06:42:03.015501Z,82.00,0.1300,0.8700,no
77c4b845-e1ff-51b2-9e71-1956911253e2,KXMAYORMINN-26-OFAT,2025-11-05T06:41:22.84764Z,51.00,0.1300,0.8700,no
ea60c1fa-e2d3-4bda-828c-e22641775dbe,KXMAYORMINN-26-OFAT,2025-11-05T06:40:20.099602Z,52.00,0.1300,0.8700,no
763d5948-3377-6362-f1d0-8941896ef66e,KXMAYORMINN-26-OFAT,2025-11-05T06:40:18.459716Z,100.00,0.1300,0.8700,no
7d8cf419-f623-698e-df40-5404fbd7ba96,KXMAYORMINN-26-OFAT,2025-11-05T06:40:17.137766Z,200.00,0.1300,0.8700,no
7dc7e9f5-ffb3-76d6-8843-97109c65360e,KXMAYORMINN-26-OFAT,2025-11-05T06:40:13.199566Z,100.00,0.1300,0.8700,no
6bc62773-2f9b-43f2-cb2e-50d50c3ed98e,KXMAYORMINN-26-OFAT,2025-11-05T06:40:12.012197Z,100.00,0.1300,0.8700,no
e1621a32-2cbf-5f4a-f7a7-e755cf3f645e,KXMAYORMINN-26-OFAT,2025-11-05T06:40:11.84009Z,10.00,0.1300,0.8700,no
561d67d2-d83b-6e86-c953-5b3f08f7a81e,KXMAYORMINN-26-OFAT,2025-11-05T06:40:10.544311Z,100.00,0.1300,0.8700,no
faa8bbb4-d63b-5f8a-f16f-422c022deae6,KXMAYORMINN-26-OFAT,2025-11-05T06:40:05.27803Z,100.00,0.1300,0.8700,no
023d9cac-448b-48a6-55c6-5be53c7d6eb6,KXMAYORMINN-26-OFAT,2025-11-05T06:40:03.516595Z,100.00,0.1300,0.8700,no
ae2812b9-cb73-46ee-a645-f23195eef8aa,KXMAYORMINN-26-OFAT,2025-11-05T06:40:02.115867Z,100.00,0.1300,0.8700,no
72f068d8-ef4b-4606-8e7c-13e704c0193a,KXMAYORMINN-26-OFAT,2025-11-05T06:39:37.714877Z,25.00,0.1300,0.8700,no
0a0a1c27-771b-5d5a-c30d-44f5ed1c4046,KXMAYORMINN-26-OFAT,2025-11-05T06:39:27.764402Z,792.00,0.1300,0.8700,no
33e1aba4-12bf-7f02-2e88-96900afbe4a6,KXMAYORMINN-26-OFAT,2025-11-05T06:34:41.416153Z,35.00,0.1300,0.8700,no
b5ec904d-5dfd-7038-9e32-4c6bba270824,KXMAYORMINN-26-OFAT,2025-11-05T06:34:26.475685Z,100.00,0.1400,0.8600,yes
4e0cbeb5-b80d-66f0-aedc-3bb2ef00a44c,KXMAYORMINN-26-OFAT,2025-11-05T06:31:19.41771Z,67.00,0.1400,0.8600,yes
40685724-c1a9-5ab8-69e7-4f3f57fb5efc,KXMAYORMINN-26-OFAT,2025-11-05T06:17:08.638315Z,61.00,0.1500,0.8500,yes
9f660f71-c8d1-5a80-95d7-03e4fa3ccffc,KXMAYORMINN-26-OFAT,2025-11-05T06:16:49.947388Z,188.00,0.1500,0.8500,yes
eb096500-c103-551a-23bb-e4cfe4500c3d,KXMAYORMINN-26-OFAT,2025-11-05T06:16:43.153749Z,1158.00,0.1300,0.8700,no
49dfcd45-8ae3-58a2-359f-6f118a9927d2,KXMAYORMINN-26-OFAT,2025-11-05T06:16:43.153749Z,1027.00,0.1300,0.8700,no
6b6dd7d2-c85f-7bd2-4f7d-26c491ab8879,KXMAYORMINN-26-OFAT,2025-11-05T06:15:52.27754Z,1.00,0.1300,0.8700,no
5c94415c-d0c5-6b88-62be-12863a624ead,KXMAYORMINN-26-OFAT,2025-11-05T06:13:52.466401Z,12.00,0.1400,0.8600,no
315ec74b-ca0d-69d7-48dc-aebdfa5e7378,KXMAYORMINN-26-OFAT,2025-11-05T06:13:52.466401Z,1236.00,0.1400,0.8600,no
e1d886a4-9bfd-566b-25c7-7c8a51bc6874,KXMAYORMINN-26-OFAT,2025-11-05T06:13:15.405319Z,356.00,0.1400,0.8600,no
858a407a-05dd-7b2b-5412-7e70bd06d084,KXMAYORMINN-26-OFAT,2025-11-05T06:11:03.57501Z,20.00,0.1400,0.8600,no
7b58c319-3fd1-45ab-50ee-3dfbf8b7737c,KXMAYORMINN-26-OFAT,2025-11-05T06:10:52.924268Z,229.00,0.1400,0.8600,no
11952f93-c399-732c-aa91-39fc7542e674,KXMAYORMINN-26-OFAT,2025-11-05T06:06:10.025726Z,2.00,0.1600,0.8400,yes
630fedb4-62d6-66af-58d3-161e4ff0f603,KXMAYORMINN-26-OFAT,2025-11-05T05:57:14.738343Z,115.00,0.1600,0.8400,yes
c0fbfd23-f6c5-5bd3-1c53-a7178297e340,KXMAYORMINN-26-OFAT,2025-11-05T05:56:17.145289Z,59.00,0.1400,0.8600,no
2f93ab52-e0d1-6ad7-4d62-c8165d25562c,KXMAYORMINN-26-OFAT,2025-11-05T05:55:15.356165Z,100.00,0.1400,0.8600,no
71c9a6cd-3444-6588-7940-2076e86ec141,KXMAYORMINN-26-OFAT,2025-11-05T05:53:27.317252Z,160.00,0.1500,0.8500,no
4b574947-6c14-6d31-4931-373b9026fbd0,KXMAYORMINN-26-OFAT,2025-11-05T05:53:27.317252Z,100.00,0.1500,0.8500,no
cf3c3085-eae4-4a34-0d78-a38c0c64b84d,KXMAYORMINN-26-OFAT,2025-11-05T05:53:26.749753Z,100.00,0.1500,0.8500,no
daf328ef-ac38-52ce-ea0a-d7a984cb8256,KXMAYORMINN-26-OFAT,2025-11-05T05:53:09.996218Z,161.00,0.1600,0.8400,yes
ba17544b-7806-597e-cd51-05768eee9f51,KXMAYORMINN-26-OFAT,2025-11-05T05:53:09.996218Z,12.00,0.1600,0.8400,yes
2fad8e2c-6888-6fa4-9f7b-df2b1e0e8915,KXMAYORMINN-26-OFAT,2025-11-05T05:52:57.390872Z,8.00,0.1500,0.8500,no
ff3f026e-2e90-480c-490e-72f0ed1a8821,KXMAYORMINN-26-OFAT,2025-11-05T05:52:55.466803Z,100.00,0.1500,0.8500,no
d1f6f0f1-84e2-54e9-088b-ccc9d65b0357,KXMAYORMINN-26-OFAT,2025-11-05T05:50:45.563645Z,9.00,0.1600,0.8400,no
c720ca69-48cf-68d5-05a4-a869fc7b1beb,KXMAYORMINN-26-OFAT,2025-11-05T05:50:22.038443Z,1.00,0.1800,0.8200,yes
693e26b8-78c9-4196-eb86-bbe915519129,KXMAYORMINN-26-OFAT,2025-11-05T05:50:09.487968Z,11.00,0.1600,0.8400,yes
39f20934-5610-62ac-57c8-742f375e5881,KXMAYORMINN-26-OFAT,2025-11-05T05:49:31.708648Z,1000.00,0.1500,0.8500,no
76d1bb96-6fcc-56bb-8a26-b52192c68267,KXMAYORMINN-26-OFAT,2025-11-05T05:47:38.083236Z,9.00,0.1600,0.8400,no
dc3d1ab5-39e4-7db8-ac6d-67a7711a268d,KXMAYORMINN-26-OFAT,2025-11-05T05:46:51.423248Z,48.00,0.1500,0.8500,no
59b3b76c-895e-734b-a528-1dab3e302c6a,KXMAYORMINN-26-OFAT,2025-11-05T05:46:51.423248Z,9.00,0.1600,0.8400,no
d4adf474-90f4-66ae-b0bd-6cd393956f8f,KXMAYORMINN-26-OFAT,2025-11-05T05:46:51.12935Z,100.00,0.1800,0.8200,yes
ba2926a1-7ac5-66c0-99c5-cf905fd33b0c,KXMAYORMINN-26-OFAT,2025-11-05T05:46:51.12935Z,422.00,0.1900,0.8100,yes
4f4559c2-0bc9-6e83-934b-c985b09cbcb2,KXMAYORMINN-26-OFAT,2025-11-05T05:46:51.12935Z,12.00,0.1600,0.8400,yes
47416db7-847c-6c48-4312-da5bd176897d,KXMAYORMINN-26-OFAT,2025-11-05T05:44:52.136549Z,500.00,0.1500,0.8500,no
4b663fda-c750-71f0-2ff5-df00fb46e061,KXMAYORMINN-26-OFAT,2025-11-05T05:43:46.821796Z,76.00,0.1500,0.8500,no
33bf6ae5-9e70-578c-4ea6-2f9d74839e3d,KXMAYORMINN-26-OFAT,2025-11-05T05:43:07.998862Z,4.00,0.1500,0.8500,no
ca718569-962c-5cb0-da2c-33d97094492d,KXMAYORMINN-26-OFAT,2025-11-05T05:43:02.949479Z,4.00,0.1500,0.8500,no
f2b9345a-dfef-6098-8a6c-4d7ded928496,KXMAYORMINN-26-OFAT,2025-11-05T05:42:23.936664Z,100.00,0.1600,0.8400,no
1bb32566-689b-61e5-a672-0a2cfcb04485,KXMAYORMINN-26-OFAT,2025-11-05T05:42:23.936664Z,10.00,0.1600,0.8400,no
fc608f5e-44d5-4248-1281-478462205231,KXMAYORMINN-26-OFAT,2025-11-05T05:42:04.41463Z,239.00,0.1700,0.8300,no
cb33801f-5d92-4a36-1834-8b30a6c1709d,KXMAYORMINN-26-OFAT,2025-11-05T05:42:04.41463Z,100.00,0.1700,0.8300,no
be6e6eea-0d79-47bb-0186-c44d8f4233c8,KXMAYORMINN-26-OFAT,2025-11-05T05:42:04.41463Z,5.00,0.1700,0.8300,no
75ad587b-2d76-4cfc-07aa-b20fde9d0a79,KXMAYORMINN-26-OFAT,2025-11-05T05:42:04.41463Z,7.00,0.1700,0.8300,no
c95b851c-3b71-6758-5f27-30c0904ac380,KXMAYORMINN-26-OFAT,2025-11-05T05:39:30.021036Z,1571.00,0.1900,0.8100,yes
fd0862a4-eebd-7c0c-06f2-50aac92b3da8,KXMAYORMINN-26-OFAT,2025-11-05T05:38:50.212278Z,4.00,0.1900,0.8100,yes
9d44978c-94b5-4378-caa2-132b0fc05be4,KXMAYORMINN-26-OFAT,2025-11-05T05:38:38.301028Z,4.00,0.1900,0.8100,yes
7ea673fe-5a21-6b98-7d89-f150ebbfd221,KXMAYORMINN-26-OFAT,2025-11-05T05:36:18.509708Z,1.00,0.1700,0.8300,no
ab523318-60b8-6b61-49dd-58e8282ef27a,KXMAYORMINN-26-OFAT,2025-11-05T05:36:06.157322Z,38.00,0.2100,0.7900,yes
62443177-356f-6e32-4817-34954ba27c59,KXMAYORMINN-26-OFAT,2025-11-05T05:36:06.157322Z,9.00,0.1900,0.8100,yes
b113e3aa-30d5-6110-af18-3695d1298ea5,KXMAYORMINN-26-OFAT,2025-11-05T05:26:28.302555Z,500.00,0.1700,0.8300,no
9db0aeb6-3120-55f3-e604-643a36bc71d8,KXMAYORMINN-26-OFAT,2025-11-05T05:25:32.160714Z,47.00,0.2000,0.8000,yes
5279cd65-8e8d-45a4-9ec7-b246b98c7465,KXMAYORMINN-26-OFAT,2025-11-05T05:25:17.756137Z,25.00,0.1700,0.8300,no
5514a78c-33b5-4d00-0c83-879173664969,KXMAYORMINN-26-OFAT,2025-11-05T05:23:23.828851Z,5.00,0.1700,0.8300,no
304c7efa-5634-62fd-b5a7-6abe080a8b5a,KXMAYORMINN-26-OFAT,2025-11-05T05:22:42.059734Z,4.00,0.2100,0.7900,yes
bee21177-030c-7791-cb61-756631f36d9e,KXMAYORMINN-26-OFAT,2025-11-05T05:22:27.981528Z,4.00,0.2100,0.7900,yes
6ac6f684-f610-4065-5e65-c67d6c074039,KXMAYORMINN-26-OFAT,2025-11-05T05:22:27.564356Z,5.00,0.1800,0.8200,yes
ce2c2984-90a8-41f1-8bc4-754e8cf6735d,KXMAYORMINN-26-OFAT,2025-11-05T05:22:27.428833Z,5.00,0.1800,0.8200,yes
b8c50fe3-ce29-4630-c384-c833caed0349,KXMAYORMINN-26-OFAT,2025-11-05T05:16:21.903956Z,56.00,0.1700,0.8300,no
890826f2-94e4-63cd-79ed-a1452d2c690a,KXMAYORMINN-26-OFAT,2025-11-05T05:14:53.021664Z,90.00,0.2100,0.7900,yes
4653d185-68c8-5d4d-884b-daba2c008072,KXMAYORMINN-26-OFAT,2025-11-05T05:14:47.641349Z,22.00,0.2100,0.7900,yes
6947e891-931c-77a5-5c9a-b702cc4872aa,KXMAYORMINN-26-OFAT,2025-11-05T05:14:46.644037Z,4.00,0.2100,0.7900,yes
0fc00a02-b1ac-75f9-c432-05b81bdba4e2,KXMAYORMINN-26-OFAT,2025-11-05T05:14:34.426099Z,4.00,0.2100,0.7900,yes
74a721c4-5a08-56fd-ce60-8ce9c6ce754a,KXMAYORMINN-26-OFAT,2025-11-05T05:14:29.45767Z,4.00,0.2100,0.7900,yes
aa7b732e-c3fa-494b-afa4-059f6d064a07,KXMAYORMINN-26-OFAT,2025-11-05T05:14:28.756619Z,9.00,0.1800,0.8200,yes
1277c47a-b9a7-49ed-9e16-f414bc58b608,KXMAYORMINN-26-OFAT,2025-11-05T05:14:28.756619Z,3190.00,0.1800,0.8200,yes
c8d50c66-e053-70dd-d0f3-f29166c0be28,KXMAYORMINN-26-OFAT,2025-11-05T05:13:02.850118Z,525.00,0.1800,0.8200,yes
cb86084e-c195-5ad0-a9e3-202906169bfd,KXMAYORMINN-26-OFAT,2025-11-05T05:12:02.77494Z,70.00,0.1700,0.8300,no
c2d76fad-b32f-70a9-9327-c73186f2352c,KXMAYORMINN-26-OFAT,2025-11-05T05:08:45.934295Z,105.00,0.1800,0.8200,yes
cd52c2c2-f353-59bd-298e-e6d832703220,KXMAYORMINN-26-OFAT,2025-11-05T05:07:44.417277Z,1000.00,0.1800,0.8200,yes
ae745e46-8b64-6aa5-0b87-d063f2004f49,KXMAYORMINN-26-OFAT,2025-11-05T05:07:02.346254Z,17.00,0.1800,0.8200,yes
637dcede-5137-6b31-3c52-ae85927d505c,KXMAYORMINN-26-OFAT,2025-11-05T05:07:02.346254Z,83.00,0.1800,0.8200,yes
5dfcb821-b400-6727-021d-1957b82b0b96,KXMAYORMINN-26-OFAT,2025-11-05T05:01:41.007763Z,12977.00,0.1900,0.8100,yes
4ee52a78-0ada-6f68-131d-fefe7114edb4,KXMAYORMINN-26-OFAT,2025-11-05T05:01:41.007763Z,13.00,0.1900,0.8100,yes
0cd61db3-1177-4e7b-e107-b50761e45f23,KXMAYORMINN-26-OFAT,2025-11-05T05:00:53.00373Z,15.00,0.1800,0.8200,no
fbc5ad0d-ec0d-5650-e9da-48dbe0d74071,KXMAYORMINN-26-OFAT,2025-11-05T05:00:31.654Z,88.00,0.1700,0.8300,no
5ec82cc9-1aba-4f5a-3c0e-a33dd76c124b,KXMAYORMINN-26-OFAT,2025-11-05T05:00:02.685806Z,12.00,0.1900,0.8100,no
8184b5b6-7b0d-6941-b4f1-0bd752c22602,KXMAYORMINN-26-OFAT,2025-11-05T04:59:51.169353Z,12.00,0.1900,0.8100,yes
f96c8a78-a96d-66e4-1aaf-89cdd0cc56c1,KXMAYORMINN-26-OFAT,2025-11-05T04:57:05.87677Z,16.00,0.1700,0.8300,no
f4d2368a-f47c-6aa5-1ac1-6aa800df5bad,KXMAYORMINN-26-OFAT,2025-11-05T04:57:05.87677Z,5.00,0.1700,0.8300,no
cbbd971a-a8ad-7abb-81ca-9e7fc596d3b6,KXMAYORMINN-26-OFAT,2025-11-05T04:56:37.62632Z,14.00,0.1800,0.8200,no
5b308e6b-f9bb-75d6-90b8-705105703ab4,KXMAYORMINN-26-OFAT,2025-11-05T04:56:37.62632Z,1.00,0.1800,0.8200,no
3d422a6f-c276-727d-8f6e-e55f054fe07a,KXMAYORMINN-26-OFAT,2025-11-05T04:56:37.62632Z,1076.00,0.1800,0.8200,no
bf0df83f-66e2-4101-2263-9779a6504cf6,KXMAYORMINN-26-OFAT,2025-11-05T04:53:10.894494Z,100.00,0.1800,0.8200,no
f7dce302-b66e-6ad1-293a-af356a3cbb7a,KXMAYORMINN-26-OFAT,2025-11-05T04:52:49.525617Z,1180.00,0.1800,0.8200,no
3a6e738f-87ba-711d-257e-8b9c5491986e,KXMAYORMINN-26-OFAT,2025-11-05T04:52:42.116499Z,100.00,0.1800,0.8200,no
ecc3bd88-26de-4101-80a7-53feb675d19e,KXMAYORMINN-26-OFAT,2025-11-05T04:52:33.782585Z,25.00,0.1800,0.8200,no
cd226e5f-6f16-49cc-5bfb-8e0679b629b9,KXMAYORMINN-26-OFAT,2025-11-05T04:52:30.26636Z,11.00,0.1900,0.8100,no
05b0c887-069c-48e0-4e2b-0fc1b1e0c1dd,KXMAYORMINN-26-OFAT,2025-11-05T04:52:30.26636Z,797.00,0.1900,0.8100,no
931c90ef-4ea4-5994-e5f8-4ed379a909b5,KXMAYORMINN-26-OFAT,2025-11-05T04:51:59.976248Z,103.00,0.1900,0.8100,no
5691ebdd-25ad-508f-b515-e4bbf630089a,KXMAYORMINN-26-OFAT,2025-11-05T04:51:31.438318Z,32.00,0.2300,0.7700,yes
2c6faf11-cba8-5b21-850c-4c461ecbc1b7,KXMAYORMINN-26-OFAT,2025-11-05T04:51:31.438318Z,47.00,0.2300,0.7700,yes
aaa90969-b430-5f68-5a29-c59c0e8742dd,KXMAYORMINN-26-OFAT,2025-11-05T04:47:10.068351Z,100.00,0.1900,0.8100,no
46fe4ff2-ef28-496e-7f0a-769b4c375dae,KXMAYORMINN-26-OFAT,2025-11-05T04:44:32.15574Z,100.00,0.1900,0.8100,no
a34ec2de-72d4-5aee-2197-5f3b221261de,KXMAYORMINN-26-OFAT,2025-11-05T04:44:13.40367Z,100.00,0.1900,0.8100,no
77b9a3c9-4c6c-631d-a01a-d69afe56a694,KXMAYORMINN-26-OFAT,2025-11-05T04:43:12.716662Z,18.00,0.2500,0.7500,yes
1b43ad43-6d57-6efe-95ee-e95de2f1b805,KXMAYORMINN-26-OFAT,2025-11-05T04:43:12.716662Z,2.00,0.2500,0.7500,yes
a3fa198b-d76c-7d9a-ea10-235422b064ca,KXMAYORMINN-26-OFAT,2025-11-05T04:42:56.989118Z,100.00,0.1900,0.8100,no
c814bd08-f7f7-699a-58cd-e32d97c954b1,KXMAYORMINN-26-OFAT,2025-11-05T04:42:52.902891Z,4.00,0.2500,0.7500,yes
bf17b281-91eb-70da-7e11-fb0a3b729ea9,KXMAYORMINN-26-OFAT,2025-11-05T04:42:27.932907Z,4.00,0.2500,0.7500,yes
e4f3eb4f-bfe7-7b75-fca1-6e5a76264536,KXMAYORMINN-26-OFAT,2025-11-05T04:42:27.544601Z,12.00,0.2400,0.7600,yes
233f6865-5560-6374-2799-a913d6e2ddba,KXMAYORMINN-26-OFAT,2025-11-05T04:41:53.40063Z,79.00,0.2400,0.7600,yes
5873b1bd-07a4-4538-493f-2f9a3445060e,KXMAYORMINN-26-OFAT,2025-11-05T04:41:42.891639Z,4.00,0.2400,0.7600,yes
47bb1a3d-4b3e-7644-cb59-0dfd86923f9b,KXMAYORMINN-26-OFAT,2025-11-05T04:41:42.686558Z,11.00,0.1900,0.8100,no
01275d52-0e57-7044-e292-d0b412af75b4,KXMAYORMINN-26-OFAT,2025-11-05T04:41:42.686558Z,32.00,0.1900,0.8100,no
cf61e5d7-c22a-7ed0-204e-f414ae66774e,KXMAYORMINN-26-OFAT,2025-11-05T04:41:40.144142Z,11.00,0.2400,0.7600,yes
94849ab2-64bd-53ff-e1da-8def1cae3d61,KXMAYORMINN-26-OFAT,2025-11-05T04:41:21.195993Z,50.00,0.2300,0.7700,yes
36677d65-fe6d-7caf-fd8b-ff1a762e5905,KXMAYORMINN-26-OFAT,2025-11-05T04:41:08.772586Z,11.00,0.2300,0.7700,yes
f0931077-9dbc-7938-47c3-b6d1051eb86f,KXMAYORMINN-26-OFAT,2025-11-05T04:38:28.39964Z,100.00,0.2400,0.7600,yes
67e48afc-6d72-4139-a588-92c65eee790e,KXMAYORMINN-26-OFAT,2025-11-05T04:37:41.364257Z,1.00,0.1800,0.8200,no
9c633925-3466-5705-77cc-01a7074f299e,KXMAYORMINN-26-OFAT,2025-11-05T04:37:24.426004Z,170.00,0.1800,0.8200,no
e2204827-0886-7810-7fb5-a66060852353,KXMAYORMINN-26-OFAT,2025-11-05T04:36:53.898034Z,14.00,0.2200,0.7800,yes
4dcf8d62-eead-7610-4756-8ed49614500f,KXMAYORMINN-26-OFAT,2025-11-05T04:36:53.898034Z,2966.00,0.2300,0.7700,yes
de42c918-342a-6de8-6af0-99b805bf3c76,KXMAYORMINN-26-OFAT,2025-11-05T04:36:53.159536Z,16.00,0.2000,0.8000,no
798266ec-ba73-6803-71f8-52caad0ce074,KXMAYORMINN-26-OFAT,2025-11-05T04:36:53.159536Z,12.00,0.2000,0.8000,no
40ea9f47-58b1-7f34-6660-3656e147bfd7,KXMAYORMINN-26-OFAT,2025-11-05T04:35:59.646603Z,34.00,0.2300,0.7700,yes
b1538dc4-8756-7170-cb7c-887c390ea35a,KXMAYORMINN-26-OFAT,2025-11-05T04:35:32.517413Z,20.00,0.2000,0.8000,no
efed2932-784e-5b94-fa73-56fc25e95c5e,KXMAYORMINN-26-OFAT,2025-11-05T04:35:17.214063Z,246.00,0.2000,0.8000,no
54fb7ee9-b728-5b82-8b95-a3e540c96b8e,KXMAYORMINN-26-OFAT,2025-11-05T04:34:04.614108Z,2473.00,0.2300,0.7700,yes
fdd983eb-fee7-6ade-4923-85f2103c4f60,KXMAYORMINN-26-OFAT,2025-11-05T04:34:02.324709Z,30.00,0.2400,0.7600,yes
c44dc6fe-3daa-6123-500e-3656a57cbebf,KXMAYORMINN-26-OFAT,2025-11-05T04:34:02.324709Z,2.00,0.2300,0.7700,yes
ad906d23-2c42-6bcc-69f6-c895b0d7f22f,KXMAYORMINN-26-OFAT,2025-11-05T04:34:02.324709Z,6.00,0.2400,0.7600,yes
dadaea07-3a02-6e0c-7c8a-ecf56924dede,KXMAYORMINN-26-OFAT,2025-11-05T04:33:18.904595Z,50.00,0.2400,0.7600,yes
4616f3c7-ac02-42f9-a9ee-f72761292b0a,KXMAYORMINN-26-OFAT,2025-11-05T04:31:26.732244Z,24.00,0.1800,0.8200,no
acb94a99-88d2-7929-baca-3391d6b5bcc2,KXMAYORMINN-26-OFAT,2025-11-05T04:31:16.991055Z,200.00,0.1800,0.8200,no
af54af66-d056-76d2-b439-ffcc8ed2af13,KXMAYORMINN-26-OFAT,2025-11-05T04:30:40.708144Z,410.00,0.2100,0.7900,yes
8b0a33bb-5ef3-7f14-9941-96b3b897bdef,KXMAYORMINN-26-OFAT,2025-11-05T04:30:40.708144Z,1000.00,0.2100,0.7900,yes
2529ece7-0ac6-5c7e-134d-05fc2d79e3d7,KXMAYORMINN-26-OFAT,2025-11-05T04:30:20.919142Z,90.00,0.2100,0.7900,yes
e112979b-6bae-471d-efe7-e6063e75d54e,KXMAYORMINN-26-OFAT,2025-11-05T04:30:08.382874Z,1.00,0.1800,0.8200,no
ade2d79a-d0e1-4408-fce1-3126772a4f89,KXMAYORMINN-26-OFAT,2025-11-05T04:30:08.382874Z,6.00,0.1900,0.8100,no
052a3d39-a5a8-40fa-f0ac-a6dfd34849a2,KXMAYORMINN-26-OFAT,2025-11-05T04:30:08.382874Z,25.00,0.1900,0.8100,no
c7d8025f-188b-4f8f-4a60-9b1daa5e9ea9,KXMAYORMINN-26-OFAT,2025-11-05T04:28:37.264912Z,470.00,0.2000,0.8000,yes
c53a9f12-67a1-4303-713f-6ba3264f55a4,KXMAYORMINN-26-OFAT,2025-11-05T04:28:37.264912Z,186.00,0.2000,0.8000,yes
6fe60e9a-ac19-4d04-6981-f140f1faf933,KXMAYORMINN-26-OFAT,2025-11-05T04:28:37.264912Z,2000.00,0.2000,0.8000,yes
2bab492b-e701-651f-96be-290188c7ea10,KXMAYORMINN-26-OFAT,2025-11-05T04:28:17.157951Z,1.00,0.2000,0.8000,yes
bcc964ae-386d-5e5f-d30a-e998113d3248,KXMAYORMINN-26-OFAT,2025-11-05T04:28:01.850841Z,10.00,0.2000,0.8000,yes
e9d53228-f730-7206-1eee-2920cccda673,KXMAYORMINN-26-OFAT,2025-11-05T04:27:26.654044Z,6.00,0.1900,0.8100,yes
6bcb18e4-b20c-7be5-39e8-161a971e483b,KXMAYORMINN-26-OFAT,2025-11-05T04:27:26.654044Z,19.00,0.1900,0.8100,yes
69f34b07-f46b-7251-0ebb-6661209a5361,KXMAYORMINN-26-OFAT,2025-11-05T04:27:26.654044Z,51.00,0.1900,0.8100,yes
26767be9-f6d0-7e40-1b8c-741b6c4349ad,KXMAYORMINN-26-OFAT,2025-11-05T04:27:26.654044Z,74.00,0.1900,0.8100,yes
840fc302-6ed8-442c-72c4-18c3aa530db9,KXMAYORMINN-26-OFAT,2025-11-05T04:27:03.848305Z,17.00,0.1900,0.8100,yes
fb1ad4e2-bb7e-4c79-dcff-8d1e45464d36,KXMAYORMINN-26-OFAT,2025-11-05T04:26:23.179597Z,421.00,0.1800,0.8200,no
b0317b16-2fc6-7099-5fc5-c8bd1f3bb372,KXMAYORMINN-26-OFAT,2025-11-05T04:26:01.372369Z,603.00,0.1800,0.8200,no
afc620f2-0f44-5458-9a82-14a8843d30d9,KXMAYORMINN-26-OFAT,2025-11-05T04:25:26.008753Z,3.00,0.1900,0.8100,yes
bb0b1811-b8d6-5854-3472-5cae37e68be2,KXMAYORMINN-26-OFAT,2025-11-05T04:22:11.249146Z,6.00,0.1900,0.8100,no
7296d144-23b7-5198-07c1-f351f70697b4,KXMAYORMINN-26-OFAT,2025-11-05T04:22:11.249146Z,100.00,0.1900,0.8100,no
ddba86e2-ebdd-4d5b-f3ca-008eed010280,KXMAYORMINN-26-OFAT,2025-11-05T04:21:49.835759Z,3.00,0.2000,0.8000,yes
68d6c881-87fc-4c02-06a6-bd630af69338,KXMAYORMINN-26-OFAT,2025-11-05T04:21:21.594078Z,50.00,0.2600,0.7400,yes
2d93f4b7-20a5-6c86-069f-7d67ede6aba0,KXMAYORMINN-26-OFAT,2025-11-05T04:21:10.495741Z,100.00,0.2000,0.8000,yes
8f25c16f-7027-4ba6-dc44-da2135ce09e2,KXMAYORMINN-26-OFAT,2025-11-05T04:20:58.063776Z,4.00,0.2400,0.7600,yes
a7fdc12f-4602-615d-9c33-e023a4826b62,KXMAYORMINN-26-OFAT,2025-11-05T04:19:01.825507Z,2.00,0.1800,0.8200,no
e63799f0-522d-5d3f-96f7-be6839f50d45,KXMAYORMINN-26-OFAT,2025-11-05T04:18:39.562306Z,17.00,0.2700,0.7300,yes
94b12f5b-3eaf-4eb1-c9eb-3b68192c06dd,KXMAYORMINN-26-OFAT,2025-11-05T04:18:35.40626Z,500.00,0.2600,0.7400,yes
293a063d-5fd9-7dd7-9ac8-997f78706f91,KXMAYORMINN-26-OFAT,2025-11-05T04:17:59.041185Z,88.00,0.2700,0.7300,yes
6df557f8-9ebe-7ff2-24d2-d4a4d4bfaa10,KXMAYORMINN-26-OFAT,2025-11-05T04:16:55.556522Z,30.00,0.1900,0.8100,no
13b53ee1-beca-7bd1-1440-8a4b689601a2,KXMAYORMINN-26-OFAT,2025-11-05T04:16:55.556522Z,64.00,0.1800,0.8200,no
04953ba9-d65e-7342-3316-2b390db2b03c,KXMAYORMINN-26-OFAT,2025-11-05T04:16:35.548427Z,20.00,0.1900,0.8100,no
b0bea86e-e65a-6ec1-3925-ad3ce613d51e,KXMAYORMINN-26-OFAT,2025-11-05T04:16:05.549217Z,23.00,0.1800,0.8200,no
33754a15-c17d-4af3-9433-fe59ff38ee71,KXMAYORMINN-26-OFAT,2025-11-05T04:15:53.671674Z,70.00,0.2700,0.7300,yes
a8560b15-984e-5315-272d-0ae4a7b64d9e,KXMAYORMINN-26-OFAT,2025-11-05T04:15:42.3345Z,10.00,0.1800,0.8200,no
497d6e12-ab71-44df-616c-d5966f387579,KXMAYORMINN-26-OFAT,2025-11-05T04:15:32.304161Z,100.00,0.2700,0.7300,yes
394e1d39-5e63-42ff-ce2f-8a587e45e843,KXMAYORMINN-26-OFAT,2025-11-05T04:14:33.759161Z,100.00,0.2600,0.7400,yes
21137eaa-1957-49c1-ecf3-df4222dd9767,KXMAYORMINN-26-OFAT,2025-11-05T04:14:33.759161Z,200.00,0.2600,0.7400,yes
1bc2d65e-4913-6724-f21d-c3c616116bf3,KXMAYORMINN-26-OFAT,2025-11-05T04:14:30.015485Z,7.00,0.2400,0.7600,yes
c006705a-7430-6613-ec09-bec7c4f844c2,KXMAYORMINN-26-OFAT,2025-11-05T04:14:26.459276Z,21.00,0.2400,0.7600,yes
14dea8df-5313-65c6-d81d-679af8f180be,KXMAYORMINN-26-OFAT,2025-11-05T04:14:26.459276Z,18.00,0.2400,0.7600,yes
5dbc6d0a-5ed4-462b-aeba-27c2d7991c0a,KXMAYORMINN-26-OFAT,2025-11-05T04:14:23.195306Z,79.00,0.2400,0.7600,yes
026f6758-8d45-6da3-490c-b4ff3bef9ffe,KXMAYORMINN-26-OFAT,2025-11-05T04:14:17.754043Z,100.00,0.2400,0.7600,yes
57e1a277-7000-65fe-3da4-a73926d5161c,KXMAYORMINN-26-OFAT,2025-11-05T04:13:51.399177Z,10.00,0.2400,0.7600,yes
df23313a-baeb-5d93-1331-fed231a2a9cf,KXMAYORMINN-26-OFAT,2025-11-05T04:13:40.095335Z,42.00,0.2600,0.7400,yes
8b2fb21a-d737-74e5-618a-ea7ba6b37c1e,KXMAYORMINN-26-OFAT,2025-11-05T04:13:18.918445Z,4000.00,0.2500,0.7500,yes
e9608e69-63f4-6836-678d-25236afc11aa,KXMAYORMINN-26-OFAT,2025-11-05T04:13:08.295681Z,100.00,0.2400,0.7600,yes
785fc9e9-f0b2-660f-5f71-1f4a5aa790f2,KXMAYORMINN-26-OFAT,2025-11-05T04:13:08.295681Z,100.00,0.2400,0.7600,yes
b61710b1-c804-63a9-7f84-2e4bd65be409,KXMAYORMINN-26-OFAT,2025-11-05T04:12:59.496669Z,100.00,0.2400,0.7600,yes
8a21bbb4-b6ba-61d3-b20b-84c79c509433,KXMAYORMINN-26-OFAT,2025-11-05T04:12:44.366258Z,95.00,0.2400,0.7600,yes
4c581e45-8888-6a9a-830e-0d6bbcba7037,KXMAYORMINN-26-OFAT,2025-11-05T04:12:44.366258Z,405.00,0.2400,0.7600,yes
a7ea81c4-c050-6482-5d7a-5082803dd12f,KXMAYORMINN-26-OFAT,2025-11-05T04:12:39.139237Z,95.00,0.2400,0.7600,yes
0587475a-7087-7491-a8e4-70ddb63b7e6e,KXMAYORMINN-26-OFAT,2025-11-05T04:12:32.419253Z,1000.00,0.2500,0.7500,yes
ef2bb55f-800c-68b1-6608-69b72e0ed545,KXMAYORMINN-26-OFAT,2025-11-05T04:12:27.024118Z,517.00,0.2300,0.7700,yes
1adc2530-fadb-69ad-5848-7ac61d1cfc0c,KXMAYORMINN-26-OFAT,2025-11-05T04:12:27.024118Z,83.00,0.2300,0.7700,yes
ed73d028-f7ee-7f3f-382d-da19678bc24a,KXMAYORMINN-26-OFAT,2025-11-05T04:12:11.861123Z,2000.00,0.2400,0.7600,yes
79096b6e-ddcc-7bb9-1919-be52432281fb,KXMAYORMINN-26-OFAT,2025-11-05T04:12:11.861123Z,2000.00,0.2300,0.7700,yes
0583fe29-7019-700f-30a4-653a16de293f,KXMAYORMINN-26-OFAT,2025-11-05T04:12:11.861123Z,8.00,0.2400,0.7600,yes
1f438a8a-3cf3-4199-a7ef-e0cd97553fc4,KXMAYORMINN-26-OFAT,2025-11-05T04:11:55.589577Z,42.00,0.2100,0.7900,no
21ba0cce-3f2f-4f41-4206-5b0b4b32e904,KXMAYORMINN-26-OFAT,2025-11-05T04:11:53.757055Z,100.00,0.2100,0.7900,no
55fe7115-d31b-41db-e902-a0157f0597e0,KXMAYORMINN-26-OFAT,2025-11-05T04:11:52.974596Z,750.00,0.2300,0.7700,yes
8f3b217b-d22b-6711-bd30-add559373a40,KXMAYORMINN-26-OFAT,2025-11-05T04:11:50.44689Z,15.00,0.2100,0.7900,no
ba781e80-b70f-5325-edb5-060601b2aa58,KXMAYORMINN-26-OFAT,2025-11-05T04:11:12.070346Z,20.00,0.2100,0.7900,no
a0d00928-abcb-7675-331f-e3fba845b400,KXMAYORMINN-26-OFAT,2025-11-05T04:10:58.300393Z,258.00,0.2100,0.7900,no
f3e96be5-110d-4387-dca8-2c3ddd010176,KXMAYORMINN-26-OFAT,2025-11-05T04:10:40.991309Z,9.00,0.2200,0.7800,yes
6d7de9b3-419e-7cd4-cb05-a3eaf62f1da3,KXMAYORMINN-26-OFAT,2025-11-05T04:10:07.598076Z,8.00,0.2100,0.7900,no
0e3795fd-6b3b-7235-d033-9f7152c513e0,KXMAYORMINN-26-OFAT,2025-11-05T04:10:07.598076Z,32.00,0.2100,0.7900,no
d318708b-a99a-44b4-49d1-561f3b16566f,KXMAYORMINN-26-OFAT,2025-11-05T04:10:06.549137Z,1.00,0.2100,0.7900,no
d0ad344b-bcfe-7f4c-18c1-a5d204fe6d27,KXMAYORMINN-26-OFAT,2025-11-05T04:09:10.556331Z,10.00,0.2300,0.7700,no
3fc516fe-e702-5fbc-e32d-42d35c55f5db,KXMAYORMINN-26-OFAT,2025-11-05T04:08:54.447694Z,62.00,0.2300,0.7700,no
f0e6fe1e-42de-5e97-8151-9d9a39eb109b,KXMAYORMINN-26-OFAT,2025-11-05T04:08:50.63547Z,25.00,0.2700,0.7300,yes
8d86a2d6-b3f2-4ab1-5668-bc39c768f874,KXMAYORMINN-26-OFAT,2025-11-05T04:07:35.115721Z,51.00,0.2800,0.7200,yes
5864ebd7-0e31-7f0e-2656-aee98010a528,KXMAYORMINN-26-OFAT,2025-11-05T04:07:11.799791Z,76.00,0.3000,0.7000,yes
c1e10a29-0fd9-491a-6ed8-52b12053c59d,KXMAYORMINN-26-OFAT,2025-11-05T04:06:35.565305Z,100.00,0.2200,0.7800,no
b3697a9e-a5c2-4da0-4abc-f1ed8ed08ff4,KXMAYORMINN-26-OFAT,2025-11-05T04:06:35.565305Z,20.00,0.2200,0.7800,no
0f878882-eb4d-4675-7b6e-c7b4cc0eec8b,KXMAYORMINN-26-OFAT,2025-11-05T04:06:26.875456Z,12.00,0.2200,0.7800,yes
860b9c21-dd67-6131-95a9-345550b87a51,KXMAYORMINN-26-OFAT,2025-11-05T04:06:15.411667Z,9.00,0.2600,0.7400,no
5af8b7c3-90a3-65c2-9a3a-b018db558fe6,KXMAYORMINN-26-OFAT,2025-11-05T04:06:15.411667Z,100.00,0.2300,0.7700,no
e5652b44-7859-5a92-0ede-18467e1b6cd8,KXMAYORMINN-26-OFAT,2025-11-05T04:05:51.670179Z,22.00,0.3000,0.7000,yes
cdce580c-e6e3-51d9-1839-ed34ffb7fd8e,KXMAYORMINN-26-OFAT,2025-11-05T04:05:51.670179Z,10.00,0.2800,0.7200,yes
395c3088-8147-7597-9b50-50ae608e17c7,KXMAYORMINN-26-OFAT,2025-11-05T04:05:49.033252Z,1.00,0.2400,0.7600,no
0cb048d5-b75a-550c-d05f-824bdda33566,KXMAYORMINN-26-OFAT,2025-11-05T04:05:35.637782Z,10.00,0.2900,0.7100,yes
76fa0dc9-c0bc-75d4-39ce-11f3a9b4bb51,KXMAYORMINN-26-OFAT,2025-11-05T04:05:08.283369Z,2.00,0.2200,0.7800,no
fd4f44f1-0fee-483c-08ec-d7593208d7f0,KXMAYORMINN-26-OFAT,2025-11-05T04:04:51.212649Z,10.00,0.2800,0.7200,yes
bf1cd145-3659-45d8-077d-c181b13f8946,KXMAYORMINN-26-OFAT,2025-11-05T04:04:51.212649Z,17.00,0.3700,0.6300,yes
dbf61b7d-788b-65e2-f829-7462fe3e6f87,KXMAYORMINN-26-OFAT,2025-11-05T04:04:20.965325Z,223.00,0.1800,0.8200,no
127a8f0f-a5eb-7f0a-1968-a63ae193abdf,KXMAYORMINN-26-OFAT,2025-11-05T04:04:04.685492Z,120.00,0.1800,0.8200,no
13f0ef62-721d-5c4f-7b2e-0cde63262a26,KXMAYORMINN-26-OFAT,2025-11-05T04:04:01.70777Z,185.00,0.2200,0.7800,yes
3be07568-2328-4834-f5ff-a4440af29748,KXMAYORMINN-26-OFAT,2025-11-05T04:03:45.617224Z,500.00,0.1900,0.8100,yes
69b91a3d-9104-446d-88aa-03627cce5ff9,KXMAYORMINN-26-OFAT,2025-11-05T04:03:28.008363Z,1563.00,0.1700,0.8300,no
97c370c8-ea5c-66e6-e80d-f90e9b1a4274,KXMAYORMINN-26-OFAT,2025-11-05T04:03:23.20104Z,4.00,0.2200,0.7800,yes
abe2cc61-7aa0-5239-6234-7e6492727d6e,KXMAYORMINN-26-OFAT,2025-11-05T04:03:22.834866Z,14.00,0.2200,0.7800,yes
9f129f66-8418-541a-6c2c-71b0c6a68374,KXMAYORMINN-26-OFAT,2025-11-05T04:03:22.834866Z,7.00,0.2200,0.7800,yes
fdbf01c9-ca54-7549-a2e4-9c2672ef6b48,KXMAYORMINN-26-OFAT,2025-11-05T04:03:02.734826Z,800.00,0.1900,0.8100,no
3c61b17a-1c8c-64bc-2b99-57d0dadc2344,KXMAYORMINN-26-OFAT,2025-11-05T04:03:02.266675Z,4200.00,0.1900,0.8100,yes
3f724f28-88d0-4abc-989c-2774e3bbbd44,KXMAYORMINN-26-OFAT,2025-11-05T04:03:00.168256Z,800.00,0.1900,0.8100,yes
ea1031cb-668b-4562-3679-3d1eabab4e77,KXMAYORMINN-26-OFAT,2025-11-05T04:02:44.057733Z,10.00,0.1600,0.8400,no
bb4a781e-34bf-5d9e-458d-749e9667d69f,KXMAYORMINN-26-OFAT,2025-11-05T04:01:41.879708Z,950.00,0.1600,0.8400,no
62f0a5ab-bd2c-5c7b-2e29-5ab4b397e9cf,KXMAYORMINN-26-OFAT,2025-11-05T04:01:08.200116Z,5000.00,0.1600,0.8400,no
84b742f7-896d-649e-0b0e-983bf08c89e0,KXMAYORMINN-26-OFAT,2025-11-05T04:00:51.465494Z,94.00,0.1800,0.8200,yes
1b443a71-414b-6eb0-2215-3d1795a5890c,KXMAYORMINN-26-OFAT,2025-11-05T04:00:51.465494Z,10.00,0.1800,0.8200,yes
2277ea19-78e1-7716-ef3d-68e9958d2559,KXMAYORMINN-26-OFAT,2025-11-05T04:00:47.185328Z,10.00,0.1500,0.8500,no
7a0709bc-543a-4c06-7607-01d3688a83ae,KXMAYORMINN-26-OFAT,2025-11-05T04:00:17.866432Z,3804.00,0.1500,0.8500,yes
fded3b0a-35b2-5c9a-61fc-0d2d751f73d6,KXMAYORMINN-26-OFAT,2025-11-05T04:00:04.839074Z,100.00,0.1500,0.8500,yes
fe7ee310-048e-7bfe-efff-9d5e633c69ee,KXMAYORMINN-26-OFAT,2025-11-05T03:59:29.262416Z,43.00,0.1500,0.8500,yes
5c3ffde0-86ca-45d2-0490-3296b4e2f23e,KXMAYORMINN-26-OFAT,2025-11-05T03:59:27.654612Z,53.00,0.1500,0.8500,yes
4b989ac5-9946-431e-0bf6-185dbd4f9270,KXMAYORMINN-26-OFAT,2025-11-05T03:59:27.654612Z,10.00,0.1500,0.8500,yes
f84ea88e-4716-7ada-1f8d-1fd4cbc0c251,KXMAYORMINN-26-OFAT,2025-11-05T03:59:02.78854Z,10.00,0.1300,0.8700,no
274b3401-307e-7506-a458-e3b900b0cbf5,KXMAYORMINN-26-OFAT,2025-11-05T03:59:02.624257Z,595.00,0.1300,0.8700,no
5f0524f9-f4e8-5ac4-5737-22822065486c,KXMAYORMINN-26-OFAT,2025-11-05T03:58:39.771974Z,10.00,0.1100,0.8900,no
2154fce3-c960-49a0-50d7-667575f47360,KXMAYORMINN-26-OFAT,2025-11-05T03:58:39.711943Z,1000.00,0.1100,0.8900,no
e231cb75-1f43-7cc1-27c8-667e05ffb628,KXMAYORMINN-26-OFAT,2025-11-05T03:58:35.069882Z,10.00,0.1300,0.8700,yes
89b36c3e-83fc-7ab0-34ef-fa128c2ad3e7,KXMAYORMINN-26-OFAT,2025-11-05T03:58:35.069882Z,51.00,0.1600,0.8400,yes
378f029f-cb20-676c-d6f3-07dc0e654810,KXMAYORMINN-26-OFAT,2025-11-05T03:58:26.545648Z,1997.00,0.1100,0.8900,no
2099cc16-2b76-63ff-c2a1-e8da38678989,KXMAYORMINN-26-OFAT,2025-11-05T03:58:26.545648Z,3.00,0.1100,0.8900,no
7dee7b68-4c2a-62d3-86f3-3854c222b811,KXMAYORMINN-26-OFAT,2025-11-05T03:58:26.271782Z,10.00,0.1100,0.8900,no
e4ee3fd4-e11c-5680-1ae9-7f0ef4bd0ad7,KXMAYORMINN-26-OFAT,2025-11-05T03:58:07.218629Z,1000.00,0.1300,0.8700,yes
56e02af0-0e1e-51ca-3ec7-9118998a93a0,KXMAYORMINN-26-OFAT,2025-11-05T03:58:07.218629Z,40.00,0.1300,0.8700,yes
2bb76134-fe24-5b9e-0984-c2ce491f9f90,KXMAYORMINN-26-OFAT,2025-11-05T03:58:07.218629Z,1082.00,0.1300,0.8700,yes
f909b1e8-f8f7-730c-da24-b23a5307f3e2,KXMAYORMINN-26-OFAT,2025-11-05T03:57:50.466261Z,17.00,0.1200,0.8800,yes
ee2add54-131d-7218-f5d5-6589ad068ad6,KXMAYORMINN-26-OFAT,2025-11-05T03:57:50.466261Z,983.00,0.1200,0.8800,yes
3ff126a7-0ec6-4ac3-a01e-c6f6cb3b3653,KXMAYORMINN-26-OFAT,2025-11-05T03:57:50.376214Z,50.00,0.1000,0.9000,no
0e4cf07f-abf6-4de3-c821-ccd43911b0d3,KXMAYORMINN-26-OFAT,2025-11-05T03:57:47.758796Z,350.00,0.1000,0.9000,no
df7a7130-8b3a-4c6b-1648-24ac4327beaf,KXMAYORMINN-26-OFAT,2025-11-05T03:57:43.663633Z,43.00,0.1000,0.9000,no
b12bd70a-502e-427f-e4ac-ec758780a933,KXMAYORMINN-26-OFAT,2025-11-05T03:57:21.668444Z,500.00,0.1000,0.9000,no
b56e0e07-31aa-671f-5097-b93fe27560b3,KXMAYORMINN-26-OFAT,2025-11-05T03:57:21.658877Z,500.00,0.1000,0.9000,no
10ff73e9-e73e-5733-0593-fe9ba1cf9bbf,KXMAYORMINN-26-OFAT,2025-11-05T03:57:21.477322Z,10.00,0.1000,0.9000,no
9355303e-4c3a-4d9f-eb2a-7a10da654813,KXMAYORMINN-26-OFAT,2025-11-05T03:57:15.08759Z,10.00,0.1000,0.9000,no
d45b44eb-1a72-7287-d946-334d4daba083,KXMAYORMINN-26-OFAT,2025-11-05T03:57:13.902946Z,10.00,0.1000,0.9000,no
7ce64605-2ac2-4467-026f-19c5e2ae789f,KXMAYORMINN-26-OFAT,2025-11-05T03:57:12.634569Z,10.00,0.1000,0.9000,no
c1661d95-9b66-7743-b26b-5b497559e003,KXMAYORMINN-26-OFAT,2025-11-05T03:57:11.052914Z,10.00,0.1000,0.9000,no
4d74939d-0e36-52ff-2273-b356164634c7,KXMAYORMINN-26-OFAT,2025-11-05T03:57:09.08417Z,10.00,0.1000,0.9000,no
67731dff-791e-48db-7228-9cd4a41e1d3b,KXMAYORMINN-26-OFAT,2025-11-05T03:57:07.357005Z,10.00,0.1000,0.9000,no
13be61fa-5aca-5a7f-1438-840ae8d8a95b,KXMAYORMINN-26-OFAT,2025-11-05T03:57:06.01538Z,10.00,0.1000,0.9000,no
c7d12ef7-72ca-5bbe-9f19-9e1f7cd5b6ff,KXMAYORMINN-26-OFAT,2025-11-05T03:57:05.311347Z,10.00,0.1000,0.9000,yes
e89504a6-b738-4f46-26cf-1908343cd89b,KXMAYORMINN-26-OFAT,2025-11-05T03:56:59.230179Z,5000.00,0.1200,0.8800,yes
c593b830-f97d-4b7c-082e-76e43d763e75,KXMAYORMINN-26-OFAT,2025-11-05T03:56:59.230179Z,10.00,0.0800,0.9200,yes
5a723d31-a21f-44d6-392f-3219827350be,KXMAYORMINN-26-OFAT,2025-11-05T03:56:59.230179Z,100.00,0.1000,0.9000,yes
5597cdc7-cdb7-451c-05a1-c0be880898dd,KXMAYORMINN-26-OFAT,2025-11-05T03:56:59.230179Z,100.00,0.1100,0.8900,yes
485bb75d-4b85-433f-3b9c-f7319b499c69,KXMAYORMINN-26-OFAT,2025-11-05T03:56:59.230179Z,13.00,0.1200,0.8800,yes
287b041d-9de1-4cdb-1a8d-41767b50e7b1,KXMAYORMINN-26-OFAT,2025-11-05T03:56:59.230179Z,35.00,0.1100,0.8900,yes
6ce27243-796b-6846-38ee-d29c36e77d5d,KXMAYORMINN-26-OFAT,2025-11-05T03:56:07.024577Z,100.00,0.1000,0.9000,yes
795ed53c-3c55-621d-6daf-abd8103ca3fb,KXMAYORMINN-26-OFAT,2025-11-05T03:55:36.36872Z,3.00,0.0900,0.9100,yes
e9f54b85-f680-4ea9-8222-58faef585a9c,KXMAYORMINN-26-OFAT,2025-11-05T03:55:27.071033Z,7.00,0.0900,0.9100,no
9c156e1b-194c-7d5d-d217-075c8e88bb5c,KXMAYORMINN-26-OFAT,2025-11-05T03:55:25.688191Z,10.00,0.0900,0.9100,no
6a6b56b3-527c-5095-7f2a-e4347712cf24,KXMAYORMINN-26-OFAT,2025-11-05T03:55:24.046671Z,10.00,0.0900,0.9100,no
e620bf26-8fbf-78f9-cbc2-77f2ba119621,KXMAYORMINN-26-OFAT,2025-11-05T03:55:22.454056Z,10.00,0.0900,0.9100,yes
78bcf698-034d-7181-e059-ac69453b216d,KXMAYORMINN-26-OFAT,2025-11-05T03:55:22.454056Z,13.00,0.0900,0.9100,yes
658f8124-21c3-6eb6-c9d7-1244e0569af5,KXMAYORMINN-26-OFAT,2025-11-05T03:55:08.505621Z,300.00,0.0800,0.9200,no
524906dc-c6e7-710a-6caf-39becfb70109,KXMAYORMINN-26-OFAT,2025-11-05T03:55:08.384504Z,10.00,0.0800,0.9200,no
5c793378-c62f-654e-1093-4f00e1dbd925,KXMAYORMINN-26-OFAT,2025-11-05T03:54:34.451838Z,7.00,0.0900,0.9100,no
7cfa1b57-ff47-755a-42d3-e5c681c78999,KXMAYORMINN-26-OFAT,2025-11-05T03:54:32.845409Z,10.00,0.0900,0.9100,no
ead2bcf6-499e-68d7-dc63-bf5205c88a02,KXMAYORMINN-26-OFAT,2025-11-05T03:53:25.629152Z,100.00,0.1100,0.8900,yes
d395301b-caf0-6fbb-e51e-92f2bb5f79cc,KXMAYORMINN-26-OFAT,2025-11-05T03:53:25.629152Z,5000.00,0.1300,0.8700,yes
c06641db-1bfb-681e-c318-2ecccf1146e4,KXMAYORMINN-26-OFAT,2025-11-05T03:53:25.629152Z,306.00,0.1200,0.8800,yes
5f41d496-fdf0-6b14-e1e8-fc33920c3e13,KXMAYORMINN-26-OFAT,2025-11-05T03:53:25.629152Z,1694.00,0.1400,0.8600,yes
0100b6d8-73e5-585a-c917-3574adb8682c,KXMAYORMINN-26-OFAT,2025-11-05T03:53:22.816316Z,59.00,0.0700,0.9300,no
cffa001c-4281-771d-a989-071918ba7d71,KXMAYORMINN-26-OFAT,2025-11-05T03:52:54.757001Z,100.00,0.1100,0.8900,yes
95b4e961-c8bf-779e-9cb0-01f318949658,KXMAYORMINN-26-OFAT,2025-11-05T03:52:54.757001Z,96.00,0.1200,0.8800,yes
75353176-d817-768d-8f41-65cd701f5ea7,KXMAYORMINN-26-OFAT,2025-11-05T03:52:54.757001Z,10.00,0.0900,0.9100,yes
7ef57d28-d7b6-5c7b-450f-56f484d96907,KXMAYORMINN-26-OFAT,2025-11-05T03:52:36.316488Z,10.00,0.0900,0.9100,yes
eba71f3d-b6b3-578f-3308-007d0f23e96d,KXMAYORMINN-26-OFAT,2025-11-05T03:52:21.634623Z,10.00,0.0900,0.9100,yes
cb73dd6b-e5d7-56ca-cb9b-0dda181a75e8,KXMAYORMINN-26-OFAT,2025-11-05T03:52:10.306628Z,96.00,0.1200,0.8800,yes
7814c8af-040a-558c-e821-5ebbebe6d36a,KXMAYORMINN-26-OFAT,2025-11-05T03:52:10.306628Z,10.00,0.0900,0.9100,yes
2797de15-a49f-5a58-e30b-249f8ec67c9a,KXMAYORMINN-26-OFAT,2025-11-05T03:52:10.306628Z,100.00,0.1100,0.8900,yes
8766f04b-2899-54c6-61bb-860e696c6d30,KXMAYORMINN-26-OFAT,2025-11-05T03:51:42.535311Z,1130.00,0.0700,0.9300,no
a2b57a50-a3ae-67e3-b3a4-0e0937658b9e,KXMAYORMINN-26-OFAT,2025-11-05T03:51:14.767193Z,56.00,0.0700,0.9300,no
89916d59-c5e9-7c6e-1cd3-73c1f744cb2a,KXMAYORMINN-26-OFAT,2025-11-05T03:50:53.984248Z,10.00,0.0900,0.9100,yes
87a4d880-f220-73f5-c919-b931884a37f6,KXMAYORMINN-26-OFAT,2025-11-05T03:50:37.869476Z,10.00,0.0800,0.9200,yes
449d2fd7-f38e-65bb-c719-8febba4d229b,KXMAYORMINN-26-OFAT,2025-11-05T03:50:29.358602Z,10.00,0.0800,0.9200,yes
0a43e49e-d074-7294-b08c-cc569f0570d9,KXMAYORMINN-26-OFAT,2025-11-05T03:50:20.838973Z,10.00,0.0800,0.9200,yes
c8926461-1701-725c-5ded-210417df7ed2,KXMAYORMINN-26-OFAT,2025-11-05T03:50:08.786281Z,10.00,0.0800,0.9200,yes
656fc3f3-2c47-773b-e436-f71e027f6b5f,KXMAYORMINN-26-OFAT,2025-11-05T03:50:00.515577Z,13.00,0.0800,0.9200,no
78ca4979-1eef-4601-81f6-5b8b0d213919,KXMAYORMINN-26-OFAT,2025-11-05T03:49:58.749716Z,17.00,0.1200,0.8800,yes
2ee33a8d-af5c-4e28-a782-3aa0d3c5950d,KXMAYORMINN-26-OFAT,2025-11-05T03:49:58.749716Z,10.00,0.0800,0.9200,yes
248e2472-9bbe-4d96-9983-e935db6d506b,KXMAYORMINN-26-OFAT,2025-11-05T03:49:58.749716Z,1153.00,0.1200,0.8800,yes
85568e34-3da2-7c17-3af7-161139d21252,KXMAYORMINN-26-OFAT,2025-11-05T03:49:49.83811Z,44.00,0.0700,0.9300,no
5be7c4bd-5c54-6d52-878e-6d298bb2a838,KXMAYORMINN-26-OFAT,2025-11-05T03:49:42.594437Z,10.00,0.0800,0.9200,yes
136dace7-bcef-64ac-4c01-77314c534f55,KXMAYORMINN-26-OFAT,2025-11-05T03:49:41.129714Z,10.00,0.0800,0.9200,yes
c52fe457-8411-5670-a1e2-a5a6cddabc5c,KXMAYORMINN-26-OFAT,2025-11-05T03:49:29.399083Z,827.00,0.0700,0.9300,no
d114e1dc-a8a6-7f81-db45-23cdbf3226ed,KXMAYORMINN-26-OFAT,2025-11-05T03:49:25.129937Z,10.00,0.0800,0.9200,yes
589c7834-7121-63c8-eef5-78874073f398,KXMAYORMINN-26-OFAT,2025-11-05T03:49:21.309175Z,40.00,0.0700,0.9300,no
d2783c29-1f32-6f1d-82d9-9fc9407648f7,KXMAYORMINN-26-OFAT,2025-11-05T03:49:20.11351Z,10.00,0.0800,0.9200,yes
dcf9f3eb-9a3d-56a0-d02a-182cf985a5a0,KXMAYORMINN-26-OFAT,2025-11-05T03:49:12.22743Z,44.00,0.0700,0.9300,no
e8f8d64c-f921-797c-012f-4cbcf60aa250,KXMAYORMINN-26-OFAT,2025-11-05T03:49:07.4628Z,10.00,0.0700,0.9300,no
5c447084-1085-6ad0-b9c8-36ab39850fb8,KXMAYORMINN-26-OFAT,2025-11-05T03:49:07.071317Z,69.00,0.0700,0.9300,no
cc737c89-d721-534c-016d-3b8c2d971ed0,KXMAYORMINN-26-OFAT,2025-11-05T03:49:06.325217Z,10.00,0.0700,0.9300,no
28c1e7d3-b558-4820-84be-6eaaf1ea26c2,KXMAYORMINN-26-OFAT,2025-11-05T03:49:05.108835Z,10.00,0.0800,0.9200,yes
4ff0d627-b97e-6f16-687d-475ad2d50b4a,KXMAYORMINN-26-OFAT,2025-11-05T03:48:53.396161Z,10.00,0.0800,0.9200,yes
a6cd5459-9d9a-454b-ecee-2c43cc04c92d,KXMAYORMINN-26-OFAT,2025-11-05T03:48:39.298003Z,10.00,0.0700,0.9300,yes
0aa233c2-95e8-75da-24f4-4f61eef8f263,KXMAYORMINN-26-OFAT,2025-11-05T03:48:29.967109Z,10.00,0.0700,0.9300,yes
a56c58ec-bb68-45ef-cc2e-b62170a8d496,KXMAYORMINN-26-OFAT,2025-11-05T03:48:20.759194Z,10.00,0.0700,0.9300,no
046fc5da-5cc8-6c17-a44b-72d0fd0ea5fa,KXMAYORMINN-26-OFAT,2025-11-05T03:48:19.634635Z,10.00,0.0700,0.9300,no
20d59360-e148-520f-763c-d3963e47859e,KXMAYORMINN-26-OFAT,2025-11-05T03:48:18.646182Z,10.00,0.0700,0.9300,no
57d9e4de-2aec-5d6f-9bcc-6cc64679ff06,KXMAYORMINN-26-OFAT,2025-11-05T03:48:17.401231Z,10.00,0.0700,0.9300,no
3a552ccb-392c-7c37-9dd9-2b0755abfede,KXMAYORMINN-26-OFAT,2025-11-05T03:48:16.291552Z,10.00,0.0700,0.9300,no
539f6e55-0c88-7543-3c64-af291b18648e,KXMAYORMINN-26-OFAT,2025-11-05T03:48:15.050616Z,10.00,0.0700,0.9300,no
8df5c219-5404-6b17-f2d0-c4727499efea,KXMAYORMINN-26-OFAT,2025-11-05T03:48:13.167344Z,10.00,0.0700,0.9300,no
4d1fc45e-4f50-728b-a1ab-f631deb31426,KXMAYORMINN-26-OFAT,2025-11-05T03:48:12.332629Z,135.00,0.0700,0.9300,no
0c0798df-99d4-6cfb-c7ca-47512dcc512e,KXMAYORMINN-26-OFAT,2025-11-05T03:48:12.228291Z,10.00,0.0700,0.9300,no
5ccd1b0b-18ac-714b-3cc0-71a042e72c9a,KXMAYORMINN-26-OFAT,2025-11-05T03:48:11.539948Z,10.00,0.0700,0.9300,no
65083894-ce84-4bc7-c0cb-7e1d80dd4efa,KXMAYORMINN-26-OFAT,2025-11-05T03:48:10.737272Z,5.00,0.0700,0.9300,no
022124de-7199-6136-2aca-89bed740b5cf,KXMAYORMINN-26-OFAT,2025-11-05T03:48:10.513162Z,10.00,0.0600,0.9400,yes
ccf125cd-6580-56d5-85b1-eac38d6049bb,KXMAYORMINN-26-OFAT,2025-11-05T03:48:09.635532Z,10.00,0.0600,0.9400,yes
97539860-0b91-5971-831b-2ee65652f0d5,KXMAYORMINN-26-OFAT,2025-11-05T03:47:53.938082Z,10.00,0.0600,0.9400,yes
57922c50-2e38-4dd0-9afe-4927696e9897,KXMAYORMINN-26-OFAT,2025-11-05T03:47:41.583475Z,1787.00,0.1000,0.9000,yes
5424088c-d557-4977-afa6-7187ead86681,KXMAYORMINN-26-OFAT,2025-11-05T03:47:41.583475Z,13.00,0.0700,0.9300,yes
3c17204e-171b-4694-bae7-5fbbddbcb88c,KXMAYORMINN-26-OFAT,2025-11-05T03:47:41.583475Z,100.00,0.0800,0.9200,yes
3473def1-cd41-453f-b025-dad80e0140ef,KXMAYORMINN-26-OFAT,2025-11-05T03:47:41.583475Z,100.00,0.0900,0.9100,yes
de743b07-ca5a-425f-98d4-0f54f2f2cb01,KXMAYORMINN-26-OFAT,2025-11-05T03:47:34.402796Z,10.00,0.0600,0.9400,no
82454c85-7a8e-5c93-7ba1-76e7cbbe0e49,KXMAYORMINN-26-OFAT,2025-11-05T03:47:32.189001Z,10.00,0.0600,0.9400,no
c3eada6b-0eea-58bb-1394-bf1610ca5555,KXMAYORMINN-26-OFAT,2025-11-05T03:47:31.995943Z,90.00,0.0600,0.9400,no
8384d981-49ca-58df-b8f3-631235b89b71,KXMAYORMINN-26-OFAT,2025-11-05T03:47:31.566545Z,10.00,0.0600,0.9400,no
0ac9153a-564b-606b-d6d8-8f9283c8bcee,KXMAYORMINN-26-OFAT,2025-11-05T03:47:30.525602Z,10.00,0.0600,0.9400,yes
16508820-ffc8-7ebc-f7be-b2594ea33512,KXMAYORMINN-26-OFAT,2025-11-05T03:47:22.940828Z,10.00,0.0700,0.9300,yes
52db2bf4-cf04-68f8-0ae6-0e05eb124d2f,KXMAYORMINN-26-OFAT,2025-11-05T03:45:18.025537Z,225.00,0.1000,0.9000,yes
214a817c-6598-79a6-119a-4056c27ff1b2,KXMAYORMINN-26-OFAT,2025-11-05T03:45:14.458969Z,50.00,0.0300,0.9700,no
f46bfbbc-6ff4-7c34-6850-380269b11b8f,KXMAYORMINN-26-OFAT,2025-11-05T03:44:59.126255Z,94.00,0.1000,0.9000,yes
29cc91ff-d9ec-46fc-53ef-84603070257b,KXMAYORMINN-26-OFAT,2025-11-05T03:44:41.161752Z,100.00,0.1000,0.9000,yes
2b39fe87-6c0a-6b60-d605-fa4d92ec1b20,KXMAYORMINN-26-OFAT,2025-11-05T03:43:44.337189Z,118.00,0.1000,0.9000,yes
60fa38fc-0e4a-60b4-4207-5c4cdc78de8c,KXMAYORMINN-26-OFAT,2025-11-05T03:43:40.94299Z,7.00,0.1000,0.9000,yes
7ff868be-f1b4-45ab-86fe-b799271c7715,KXMAYORMINN-26-OFAT,2025-11-05T03:43:33.016207Z,2.00,0.0300,0.9700,no
eba6b61a-7846-5ddc-0922-6b0015280c48,KXMAYORMINN-26-OFAT,2025-11-05T03:43:21.526414Z,400.00,0.1000,0.9000,yes
1166ae83-a99a-6c5d-ebe9-d079968e80e6,KXMAYORMINN-26-OFAT,2025-11-05T03:43:10.646474Z,1000.00,0.0900,0.9100,yes
a8136126-682a-4ca6-eaf3-32020a1722e7,KXMAYORMINN-26-OFAT,2025-11-05T03:42:37.95152Z,9.00,0.0900,0.9100,yes
1928b72d-665e-4d1c-d980-72ef739521fc,KXMAYORMINN-26-OFAT,2025-11-05T03:42:37.95152Z,1.00,0.1000,0.9000,yes
99fdd940-7e2f-6709-9394-f511137f15ed,KXMAYORMINN-26-OFAT,2025-11-05T03:42:02.824508Z,17.00,0.0600,0.9400,no
33e0675e-cd2c-64e8-8be3-2ed69bdb983d,KXMAYORMINN-26-OFAT,2025-11-05T03:42:02.824508Z,366.00,0.0600,0.9400,no
47a5d443-fc8e-6ad7-7fa8-d71fcf452ad6,KXMAYORMINN-26-OFAT,2025-11-05T03:41:36.575228Z,50.00,0.0800,0.9200,no
3a3ae5e8-fa3c-6b94-7d18-330889150021,KXMAYORMINN-26-OFAT,2025-11-05T03:41:36.575228Z,4.00,0.0600,0.9400,no
eda631e8-3337-5486-9a40-21bb72777000,KXMAYORMINN-26-OFAT,2025-11-05T03:41:36.434328Z,950.00,0.0900,0.9100,yes
2d8c249d-a9da-486b-086f-6d7c416584b2,KXMAYORMINN-26-OFAT,2025-11-05T03:41:32.70204Z,10.00,0.0800,0.9200,no
21eee10e-4167-72a2-db90-da77f453b228,KXMAYORMINN-26-OFAT,2025-11-05T03:41:32.143613Z,830.00,0.0800,0.9200,yes
15f8ee50-f578-7dc9-d901-02c220a13464,KXMAYORMINN-26-OFAT,2025-11-05T03:41:32.143613Z,10.00,0.0800,0.9200,yes
a225f3d0-da0f-65d6-cd10-ce58ada7e67c,KXMAYORMINN-26-OFAT,2025-11-05T03:41:24.344924Z,170.00,0.0800,0.9200,yes
08db17eb-9989-6086-e54d-ce0f90f6f968,KXMAYORMINN-26-OFAT,2025-11-05T03:41:24.344924Z,10.00,0.0800,0.9200,yes
5406382e-fc9e-79c5-2744-7a4773f95477,KXMAYORMINN-26-OFAT,2025-11-05T03:41:17.827365Z,29.00,0.0900,0.9100,yes
13787010-5058-4f3c-1982-55131ed25a55,KXMAYORMINN-26-OFAT,2025-11-05T03:40:58.638539Z,100.00,0.0600,0.9400,no
3b236722-6a9c-770c-e400-c0c6b1e4d515,KXMAYORMINN-26-OFAT,2025-11-05T03:40:58.028891Z,539.00,0.0600,0.9400,yes
836f3c14-30bc-5ca0-f61d-179dadb294e1,KXMAYORMINN-26-OFAT,2025-11-05T03:40:57.732524Z,461.00,0.0600,0.9400,yes
794e2943-b6f7-5bb9-eccd-93546f76d11d,KXMAYORMINN-26-OFAT,2025-11-05T03:40:57.732524Z,9.00,0.0500,0.9500,yes
561e6041-3f0d-6398-d7df-fb7d16c87035,KXMAYORMINN-26-OFAT,2025-11-05T03:40:46.280927Z,1.00,0.0500,0.9500,no
36805147-34ed-5f08-2bbb-906816e345e9,KXMAYORMINN-26-OFAT,2025-11-05T03:40:45.234504Z,10.00,0.0500,0.9500,no
7b3aef91-57a0-7b16-2990-93043e87e702,KXMAYORMINN-26-OFAT,2025-11-05T03:40:44.20871Z,8.00,0.0500,0.9500,no
27d12582-f171-745c-3e41-b6ad73f82159,KXMAYORMINN-26-OFAT,2025-11-05T03:40:44.20871Z,2.00,0.0500,0.9500,no
174b5c83-f27c-5df2-c234-d9d1d6851f36,KXMAYORMINN-26-OFAT,2025-11-05T03:40:42.939814Z,10.00,0.0500,0.9500,no
cfae14a6-4208-7e3a-ed01-443eff247b4a,KXMAYORMINN-26-OFAT,2025-11-05T03:40:41.688249Z,10.00,0.0500,0.9500,no
6bffbadc-94e0-513f-d5fc-1d6d8f3e73aa,KXMAYORMINN-26-OFAT,2025-11-05T03:40:40.585018Z,15.00,0.0600,0.9400,yes
6996e487-b382-5d25-fab8-2f513b7b163f,KXMAYORMINN-26-OFAT,2025-11-05T03:40:40.585018Z,185.00,0.0600,0.9400,yes
b4aa1aef-65fa-5285-cd11-4a5c8c6dc744,KXMAYORMINN-26-OFAT,2025-11-05T03:39:52.531607Z,263.00,0.0900,0.9100,yes
0552e17a-7073-5445-df59-e19f4e83bc97,KXMAYORMINN-26-OFAT,2025-11-05T03:39:52.531607Z,7.00,0.0900,0.9100,yes
faaa51a8-b42b-6625-eff2-7990af332933,KXMAYORMINN-26-OFAT,2025-11-05T03:39:45.633668Z,3.00,0.0900,0.9100,yes
930cb13c-c16b-6242-f0b1-e20af13586fc,KXMAYORMINN-26-OFAT,2025-11-05T03:39:20.218102Z,480.00,0.0900,0.9100,no
fde6aef6-b963-53b2-521c-f53bcc48b7bc,KXMAYORMINN-26-OFAT,2025-11-05T03:39:17.301382Z,10.00,0.0900,0.9100,no
a3a72510-d06e-4c5d-e4d1-a198f28259c2,KXMAYORMINN-26-OFAT,2025-11-05T03:39:15.256105Z,10.00,0.0900,0.9100,yes
7f2bae4b-0820-48aa-b4f4-29ee05d2b332,KXMAYORMINN-26-OFAT,2025-11-05T03:39:05.146553Z,22.00,0.0500,0.9500,no
d4caa281-ed79-6bc4-b318-27d2235d780c,KXMAYORMINN-26-OFAT,2025-11-05T03:38:43.983067Z,500.00,0.1100,0.8900,yes
880d741e-c915-50b7-0b3b-f715ba13916c,KXMAYORMINN-26-OFAT,2025-11-05T03:38:33.592175Z,460.00,0.1000,0.9000,yes
2716c0fc-0355-64ab-0b20-058ff3f98a60,KXMAYORMINN-26-OFAT,2025-11-05T03:38:28.330388Z,1.00,0.1000,0.9000,yes
9c946558-d171-4157-c6a7-3e905dbb7790,KXMAYORMINN-26-OFAT,2025-11-05T03:38:24.338252Z,70.00,0.1000,0.9000,yes
431e3a51-7370-4793-e9f1-fa6e4c9f5f35,KXMAYORMINN-26-OFAT,2025-11-05T03:38:18.203583Z,2.00,0.0300,0.9700,no
a34208f6-4f89-47eb-60c0-07e50f1b5348,KXMAYORMINN-26-OFAT,2025-11-05T03:38:04.897556Z,100.00,0.1000,0.9000,yes
853b9f5e-b652-71dc-2a9e-7f6929400856,KXMAYORMINN-26-OFAT,2025-11-05T03:37:58.952152Z,522.00,0.0900,0.9100,yes
4b1550bf-9949-6f79-d350-45b11b87c3cb,KXMAYORMINN-26-OFAT,2025-11-05T03:37:39.928784Z,10.00,0.1400,0.8600,yes
c5e31ed3-089d-6d8f-7142-4650feaddebd,KXMAYORMINN-26-OFAT,2025-11-05T03:37:12.68767Z,62.00,0.1200,0.8800,yes
c7575c99-52e0-5df0-98b6-8c79d8f5e710,KXMAYORMINN-26-OFAT,2025-11-05T03:37:01.702908Z,171.00,0.1100,0.8900,yes
99ca9baa-ad26-6f44-6ad6-c0cb00ef0da4,KXMAYORMINN-26-OFAT,2025-11-05T03:36:55.899169Z,72.00,0.1300,0.8700,yes
1e646695-8820-7b1f-32a4-4daf55dd0edc,KXMAYORMINN-26-OFAT,2025-11-05T03:36:35.424671Z,2.00,0.0700,0.9300,no
bf3142b3-5641-7f8c-a961-6dea48da5900,KXMAYORMINN-26-OFAT,2025-11-05T03:36:32.829905Z,124.00,0.0600,0.9400,no
c183848d-e2b2-4a9a-5777-cf81e073e85d,KXMAYORMINN-26-OFAT,2025-11-05T03:36:32.644537Z,12.00,0.0600,0.9400,no
1d02eaf6-dbc9-4320-5f50-c53808e19260,KXMAYORMINN-26-OFAT,2025-11-05T03:36:32.644537Z,3.00,0.0600,0.9400,no
e248d4f4-9b9d-5326-b0fa-f2aad1a2f968,KXMAYORMINN-26-OFAT,2025-11-05T03:36:07.211599Z,4.00,0.1000,0.9000,yes
ea126b56-303a-6861-14d6-e3200e5f36db,KXMAYORMINN-26-OFAT,2025-11-05T03:36:03.86424Z,10.00,0.1000,0.9000,yes
8a49c677-1c27-6aae-1acc-5102ce10eee0,KXMAYORMINN-26-OFAT,2025-11-05T03:36:03.86424Z,500.00,0.1200,0.8800,yes
be5640ff-1f6a-431e-e7cf-45f63b5baa01,KXMAYORMINN-26-OFAT,2025-11-05T03:35:59.194976Z,1.00,0.0600,0.9400,no
ba6f6ce2-c8ca-64d2-b8e8-46293c77eb16,KXMAYORMINN-26-OFAT,2025-11-05T03:35:52.103766Z,321.00,0.0200,0.9800,no
2cba293b-40ab-6970-6e0d-226f9cceff66,KXMAYORMINN-26-OFAT,2025-11-05T03:35:46.581273Z,1500.00,0.1000,0.9000,yes
11a3f532-8355-6660-770b-e9fb8800a6dd,KXMAYORMINN-26-OFAT,2025-11-05T03:35:46.581273Z,17.00,0.0900,0.9100,yes
9b4285cf-c75e-4fb7-d638-823733504ef4,KXMAYORMINN-26-OFAT,2025-11-05T03:35:31.184396Z,16.00,0.0600,0.9400,yes
5094f2c4-096a-6c97-8f69-95042ce41434,KXMAYORMINN-26-OFAT,2025-11-05T03:35:13.179519Z,78.00,0.0600,0.9400,yes
a2e93adb-9bdb-7aee-d8e4-6dd14b3224ff,KXMAYORMINN-26-OFAT,2025-11-05T03:34:49.542953Z,13.00,0.0600,0.9400,yes
9002939c-7774-7535-d625-3daf2fa55a84,KXMAYORMINN-26-OFAT,2025-11-05T03:34:49.542953Z,1447.00,0.0600,0.9400,yes
3293847f-25c6-7d4b-f06f-ee14d9a63290,KXMAYORMINN-26-OFAT,2025-11-05T03:34:49.542953Z,103.00,0.0600,0.9400,yes
896d49d4-2868-7c2d-907e-e626c9a1ea94,KXMAYORMINN-26-OFAT,2025-11-05T03:34:46.409888Z,3.00,0.0600,0.9400,yes
cdd0cc09-140b-6e51-9d5a-bcef13e3aa20,KXMAYORMINN-26-OFAT,2025-11-05T03:34:38.501988Z,16.00,0.0600,0.9400,no
4c9c6ee0-6380-6197-9db3-7c838d085456,KXMAYORMINN-26-OFAT,2025-11-05T03:34:38.501988Z,1500.00,0.0600,0.9400,no
5c77dc99-650b-7d43-6f53-23a36a0fc0eb,KXMAYORMINN-26-OFAT,2025-11-05T03:34:19.044641Z,5.00,0.0600,0.9400,no
2b873aa8-b10f-741d-462d-1672f2963256,KXMAYORMINN-26-OFAT,2025-11-05T03:34:19.044641Z,14.00,0.0600,0.9400,no
c0170a2d-648e-5860-079a-7e957fbd7f7a,KXMAYORMINN-26-OFAT,2025-11-05T03:34:17.498502Z,166.00,0.1300,0.8700,yes
aa355d78-da15-5cee-0968-d51866b7fce1,KXMAYORMINN-26-OFAT,2025-11-05T03:34:17.498502Z,9.00,0.1300,0.8700,yes
12dff765-971d-551d-355e-041bbc091da3,KXMAYORMINN-26-OFAT,2025-11-05T03:34:17.498502Z,2.00,0.1200,0.8800,yes
315c61fd-0a4e-6020-dc78-5eecfc51c431,KXMAYORMINN-26-OFAT,2025-11-05T03:33:46.525684Z,6.00,0.0600,0.9400,no
a9de577f-2a49-4956-0ada-31666759e719,KXMAYORMINN-26-OFAT,2025-11-05T03:33:46.025359Z,7.00,0.1300,0.8700,yes
594a9602-a39e-4710-b0db-a23ccaa41fc5,KXMAYORMINN-26-OFAT,2025-11-05T03:33:39.983876Z,5.00,0.0600,0.9400,no
c40511cd-e424-4728-1951-972b60cec4f1,KXMAYORMINN-26-OFAT,2025-11-05T03:33:31.021331Z,14.00,0.0700,0.9300,no
fb850cf2-ff0b-7aab-9df2-5c6a10ef2e67,KXMAYORMINN-26-OFAT,2025-11-05T03:33:11.30834Z,2.00,0.0700,0.9300,no
44151960-2df5-7a8c-45d2-60382b092354,KXMAYORMINN-26-OFAT,2025-11-05T03:32:59.802523Z,61.00,0.1600,0.8400,yes
8926189e-247b-59a9-eae2-d5e27a9d2803,KXMAYORMINN-26-OFAT,2025-11-05T03:32:38.007975Z,27.00,0.1900,0.8100,yes
882315f8-62a9-4bfe-56a3-ff9d588f14d3,KXMAYORMINN-26-OFAT,2025-11-05T03:32:10.823471Z,24.00,0.3900,0.6100,yes
e54c632e-401c-5edf-5f4e-78cdd72d7f1e,KXMAYORMINN-26-OFAT,2025-11-05T03:32:07.374009Z,11.00,0.3000,0.7000,yes
0a3bf617-9c35-7d2a-2297-6dc8e3188ec7,KXMAYORMINN-26-OFAT,2025-11-05T03:31:59.499527Z,3.00,0.2700,0.7300,yes
45d2ccd7-af0e-4f2e-dde3-e1a640d978bf,KXMAYORMINN-26-OFAT,2025-11-05T03:31:48.715582Z,2.00,0.2800,0.7200,yes
4107e645-54d2-73bd-665d-cb4e623dd621,KXMAYORMINN-26-OFAT,2025-11-05T03:31:47.937044Z,14.00,0.0800,0.9200,no
3334cc02-ba5a-453a-f0ad-afd9f676c54f,KXMAYORMINN-26-OFAT,2025-11-05T03:31:41.4802Z,4.00,0.2800,0.7200,yes
f5bf493f-28a4-640b-1d71-befd99fd086e,KXMAYORMINN-26-OFAT,2025-11-05T03:31:40.484696Z,499.00,0.0800,0.9200,no
392ab05c-2385-6a3f-06a5-ac54e0d11f47,KXMAYORMINN-26-OFAT,2025-11-05T03:31:40.484696Z,100.00,0.1000,0.9000,no
bf1952eb-48a8-4f97-a289-6fa7afe41352,KXMAYORMINN-26-OFAT,2025-11-05T03:31:37.481939Z,1.00,0.0800,0.9200,no
eb59d580-2d72-7f9a-22b3-390a39ff92c7,KXMAYORMINN-26-OFAT,2025-11-05T03:31:35.813671Z,4.00,0.2800,0.7200,yes
7403c220-472a-4b19-e2df-28ee4b565cd1,KXMAYORMINN-26-OFAT,2025-11-05T03:31:35.618319Z,20.00,0.2600,0.7400,yes
6d6edb5a-370f-4639-cbc2-e35eeacb8ae4,KXMAYORMINN-26-OFAT,2025-11-05T03:31:35.618319Z,250.00,0.2500,0.7500,yes
78161c5e-03b7-517a-bec5-a8893deecc5a,KXMAYORMINN-26-OFAT,2025-11-05T03:31:32.754686Z,15.00,0.0900,0.9100,no
4578249b-8ab6-56b6-ad31-49c736797465,KXMAYORMINN-26-OFAT,2025-11-05T03:31:23.280461Z,4.00,0.2700,0.7300,yes
b6b45894-27ac-6cdb-1fe8-95ca36619a30,KXMAYORMINN-26-OFAT,2025-11-05T03:31:22.94539Z,19.00,0.2600,0.7400,yes
3caa0038-a68d-7a93-fbae-48bbd860e940,KXMAYORMINN-26-OFAT,2025-11-05T03:31:15.438199Z,100.00,0.1000,0.9000,no
d317fd36-15d3-7f84-49a1-3002062f24f4,KXMAYORMINN-26-OFAT,2025-11-05T03:31:15.068373Z,10.00,0.2600,0.7400,yes
03895aa1-235f-4572-695f-185f16883bc2,KXMAYORMINN-26-OFAT,2025-11-05T03:31:08.165974Z,100.00,0.1000,0.9000,no
1fdbad8d-e1f7-64a5-a2bf-3ad65beee124,KXMAYORMINN-26-OFAT,2025-11-05T03:31:00.0357Z,15.00,0.1100,0.8900,no
98ee1828-69c9-4447-47e4-f01da1e6134e,KXMAYORMINN-26-OFAT,2025-11-05T03:30:49.766194Z,10.00,0.2400,0.7600,yes
69eb766c-fe47-42a9-517e-7fd1b533092d,KXMAYORMINN-26-OFAT,2025-11-05T03:30:49.766194Z,50.00,0.2500,0.7500,yes
3bbd91df-1eca-58b0-ae21-db7538439e03,KXMAYORMINN-26-OFAT,2025-11-05T03:30:37.968224Z,17.00,0.2500,0.7500,yes
fef3a45e-5ccc-682c-a699-ba38648eb672,KXMAYORMINN-26-OFAT,2025-11-05T03:30:36.973821Z,344.00,0.1000,0.9000,no
94eb655d-9e21-677c-b2c4-1e12c27297fc,KXMAYORMINN-26-OFAT,2025-11-05T03:30:36.973821Z,100.00,0.1000,0.9000,no
68303abd-119c-4de8-d7dc-fbcff012abce,KXMAYORMINN-26-OFAT,2025-11-05T03:30:34.051265Z,109.00,0.1000,0.9000,no
ca44dd26-fc8d-49e5-918d-2712e070d388,KXMAYORMINN-26-OFAT,2025-11-05T03:30:27.00841Z,17.00,0.1100,0.8900,no
9c719fb2-215b-7bfb-a2c9-d5166edab145,KXMAYORMINN-26-OFAT,2025-11-05T03:30:25.077709Z,500.00,0.2100,0.7900,yes
5fac8ca8-192b-77da-83b0-4286e364ee9c,KXMAYORMINN-26-OFAT,2025-11-05T03:30:25.077709Z,13.00,0.2400,0.7600,yes
f6e24f46-6fe9-699e-29a4-cfc9ee1bd15c,KXMAYORMINN-26-OFAT,2025-11-05T03:30:20.244499Z,30.00,0.1400,0.8600,no
f59f9dde-b164-6a59-3d75-5375c69f9ee0,KXMAYORMINN-26-OFAT,2025-11-05T03:30:20.244499Z,489.00,0.1000,0.9000,no
d508100f-b40a-601e-2901-63204e5b742b,KXMAYORMINN-26-OFAT,2025-11-05T03:30:20.244499Z,100.00,0.1100,0.8900,no
cf45fba4-a0c8-65eb-17de-e94ec3d1084e,KXMAYORMINN-26-OFAT,2025-11-05T03:30:20.244499Z,99.00,0.1300,0.8700,no
afdb0d86-211c-6180-1436-3276143c0cba,KXMAYORMINN-26-OFAT,2025-11-05T03:30:20.244499Z,47.00,0.1000,0.9000,no
9096e460-c68b-68e2-2460-1db77b1b7555,KXMAYORMINN-26-OFAT,2025-11-05T03:30:18.067429Z,8.00,0.1500,0.8500,no
35fbe126-63bb-6696-3ed0-25e28a0a4a15,KXMAYORMINN-26-OFAT,2025-11-05T03:30:18.067429Z,11.00,0.1500,0.8500,no
ce4ef2ad-cd67-6702-8c45-352420a3e401,KXMAYORMINN-26-OFAT,2025-11-05T03:29:59.014613Z,80.00,0.1500,0.8500,no
059ae085-8ba9-486a-d1c5-fdf8e7d0dce6,KXMAYORMINN-26-OFAT,2025-11-05T03:29:58.630717Z,4.00,0.2200,0.7800,no
db439ecd-d29d-6e77-3444-29aa4d72677c,KXMAYORMINN-26-OFAT,2025-11-05T03:29:51.741296Z,1000.00,0.2100,0.7900,yes
d4e03d9b-34bb-622f-34ad-5df35f0038de,KXMAYORMINN-26-OFAT,2025-11-05T03:29:51.741296Z,14.00,0.1900,0.8100,yes
454b1bd1-0b91-63cf-151e-682dfb29ff4e,KXMAYORMINN-26-OFAT,2025-11-05T03:29:51.741296Z,40.00,0.1900,0.8100,yes
3ff9fbdb-db3c-6fac-2988-ce9441a847bc,KXMAYORMINN-26-OFAT,2025-11-05T03:29:51.741296Z,1460.00,0.1900,0.8100,yes
fea4d6a1-9b53-495a-1d43-7ec586d5bf75,KXMAYORMINN-26-OFAT,2025-11-05T03:29:24.729452Z,12.00,0.1500,0.8500,no
fa6aab81-a02c-4056-3fef-f9e44dfffe33,KXMAYORMINN-26-OFAT,2025-11-05T03:29:24.729452Z,80.00,0.1600,0.8400,no
00b7eb69-7804-7118-8bad-58eb202189fc,KXMAYORMINN-26-OFAT,2025-11-05T03:29:05.149144Z,40.00,0.1900,0.8100,yes
5b86f98d-31fc-4dc4-03e9-add59af8b207,KXMAYORMINN-26-OFAT,2025-11-05T03:28:55.614779Z,14.00,0.1800,0.8200,yes
75e82771-9159-74ba-38e7-6912c2a11178,KXMAYORMINN-26-OFAT,2025-11-05T03:28:47.403024Z,15.00,0.1400,0.8600,no
0741e656-e50e-5385-54aa-cdc7e3f157ee,KXMAYORMINN-26-OFAT,2025-11-05T03:27:11.595042Z,266.00,0.1800,0.8200,yes
46590c4d-d50e-4bcd-25b4-f6e52de883cc,KXMAYORMINN-26-OFAT,2025-11-05T03:24:53.417733Z,61.00,0.1700,0.8300,yes
1f08bd91-80c6-4a11-0d26-0dc040a623e2,KXMAYORMINN-26-OFAT,2025-11-05T03:24:53.417733Z,178.00,0.1800,0.8200,yes
71bd63cd-8035-6816-68d7-ce9909122258,KXMAYORMINN-26-OFAT,2025-11-05T03:24:30.168043Z,55.00,0.1400,0.8600,no
9b0a2378-be46-5737-b25f-b77f18d2d78f,KXMAYORMINN-26-OFAT,2025-11-05T03:23:57.874655Z,15.00,0.1500,0.8500,no
cfbb8bb8-f13e-7e81-aedf-b08871df714e,KXMAYORMINN-26-OFAT,2025-11-05T03:23:16.74484Z,5.00,0.1800,0.8200,yes
607533b5-c96a-7c5a-6431-7202f42370dc,KXMAYORMINN-26-OFAT,2025-11-05T03:20:40.036562Z,14.00,0.1400,0.8600,no
37d0e2ea-5b9b-7c25-49e3-fd57fba4a820,KXMAYORMINN-26-OFAT,2025-11-05T03:20:40.036562Z,38.00,0.1300,0.8700,no
ceb7d30a-c113-4a97-3639-7d306a71cff9,KXMAYORMINN-26-OFAT,2025-11-05T03:20:08.215771Z,448.00,0.1700,0.8300,yes
bc95764a-0173-407f-93b7-9feea7cc095d,KXMAYORMINN-26-OFAT,2025-11-05T03:19:03.75441Z,20.00,0.1700,0.8300,yes
591dca95-34ab-73ee-bfec-98c9ace2f85d,KXMAYORMINN-26-OFAT,2025-11-05T03:18:36.486692Z,5.00,0.1600,0.8400,yes
2155804a-b8af-5cfa-ab42-ed09fd5d9075,KXMAYORMINN-26-OFAT,2025-11-05T03:18:32.601742Z,20.00,0.1600,0.8400,yes
32c2abdf-a40b-569a-bbe0-7c879cf16371,KXMAYORMINN-26-OFAT,2025-11-05T03:18:32.2394Z,20.00,0.1600,0.8400,yes
85f3e1de-335f-7e96-ff3a-a82d5e8a84b9,KXMAYORMINN-26-OFAT,2025-11-05T03:18:31.703086Z,20.00,0.1600,0.8400,yes
adc477ed-82b2-48c8-59a6-866b07de653a,KXMAYORMINN-26-OFAT,2025-11-05T03:18:20.230044Z,2.00,0.1000,0.9000,no
f197d6f3-d5a6-7913-1f60-a520edf2a640,KXMAYORMINN-26-OFAT,2025-11-05T03:18:13.923971Z,11.00,0.1200,0.8800,no
2c77cc4a-0c61-7f01-2292-1081bf80b4dd,KXMAYORMINN-26-OFAT,2025-11-05T03:18:13.923971Z,389.00,0.1200,0.8800,no
de5e2663-397b-4bf1-5c27-7f16d8660666,KXMAYORMINN-26-OFAT,2025-11-05T03:17:26.676348Z,437.00,0.2300,0.7700,yes
511016af-69f9-42aa-7634-c315c3f3a33c,KXMAYORMINN-26-OFAT,2025-11-05T03:17:26.676348Z,10.00,0.2200,0.7800,yes
03c43dc7-c7e1-61f9-b86f-c10882d34405,KXMAYORMINN-26-OFAT,2025-11-05T03:17:17.755127Z,10.00,0.2200,0.7800,yes
89880968-a68a-5d9f-dc48-d35e405e35cc,KXMAYORMINN-26-OFAT,2025-11-05T03:17:12.509138Z,10.00,0.2200,0.7800,yes
ba2d4e0a-b54c-5bde-a1dc-819b001224a0,KXMAYORMINN-26-OFAT,2025-11-05T03:17:05.075904Z,10.00,0.2200,0.7800,yes
43abbba6-ea04-413b-3e30-f7d400f1458e,KXMAYORMINN-26-OFAT,2025-11-05T03:16:59.608666Z,10.00,0.2200,0.7800,yes
691cef9a-6827-4f5d-1522-fb2466a25ac6,KXMAYORMINN-26-OFAT,2025-11-05T03:16:53.070569Z,4.00,0.2300,0.7700,yes
07585462-325d-4c47-32b2-b3235a67a1c6,KXMAYORMINN-26-OFAT,2025-11-05T03:16:52.386491Z,13.00,0.2200,0.7800,yes
4dd73126-516d-5ccf-4646-cd49f06f5c20,KXMAYORMINN-26-OFAT,2025-11-05T03:16:20.995754Z,10.00,0.2200,0.7800,yes
c7932a91-dd1d-4d85-8969-f8fee72d3369,KXMAYORMINN-26-OFAT,2025-11-05T03:16:20.470469Z,11.00,0.1200,0.8800,no
ca45fbd2-d4ab-6ca3-cebc-196ef60ab636,KXMAYORMINN-26-OFAT,2025-11-05T03:16:13.625416Z,250.00,0.2100,0.7900,yes
ba116e94-0b54-6ce6-db28-7cdbca1a69a5,KXMAYORMINN-26-OFAT,2025-11-05T03:15:57.926253Z,750.00,0.1800,0.8200,yes
9e226450-39ee-656c-27c0-c8a7edb9537f,KXMAYORMINN-26-OFAT,2025-11-05T03:15:51.005096Z,15.00,0.2200,0.7800,yes
40164cc4-a7ce-6457-033d-209df7c079e1,KXMAYORMINN-26-OFAT,2025-11-05T03:15:51.005096Z,10.00,0.2200,0.7800,yes
638611ed-820c-7449-6dac-de50a433aacc,KXMAYORMINN-26-OFAT,2025-11-05T03:15:46.69996Z,10.00,0.2100,0.7900,no
8531b5f6-e717-5f93-e7b5-e07d8f632f18,KXMAYORMINN-26-OFAT,2025-11-05T03:15:45.390403Z,10.00,0.2100,0.7900,no
3f6f5c1b-c683-61af-470f-09f99eed2f2c,KXMAYORMINN-26-OFAT,2025-11-05T03:15:43.856816Z,10.00,0.2100,0.7900,no
200bc88a-494b-749f-5ed9-6059f4cb13b0,KXMAYORMINN-26-OFAT,2025-11-05T03:15:42.11455Z,10.00,0.2100,0.7900,no
f90ba7c1-d793-71a2-d40f-ca517d29168f,KXMAYORMINN-26-OFAT,2025-11-05T03:15:41.474421Z,10.00,0.2100,0.7900,yes
d2ece044-0e12-45b8-0044-fc543080c45d,KXMAYORMINN-26-OFAT,2025-11-05T03:15:34.755886Z,10.00,0.2100,0.7900,yes
a6dfd9d9-5844-6b8b-dd51-b598271d33e0,KXMAYORMINN-26-OFAT,2025-11-05T03:15:23.844222Z,17.00,0.2100,0.7900,yes
7e798ca0-0ecf-4db7-cf22-a3712399abd8,KXMAYORMINN-26-OFAT,2025-11-05T03:15:08.028931Z,250.00,0.1600,0.8400,yes
594e504c-d45f-6a60-5a13-a7ae63c576b6,KXMAYORMINN-26-OFAT,2025-11-05T03:14:45.546273Z,17.00,0.1600,0.8400,yes
3aa89165-2d85-6860-bd5a-dfad0d36f34a,KXMAYORMINN-26-OFAT,2025-11-05T03:14:45.166776Z,13.00,0.1500,0.8500,yes
15592455-b89b-6eb0-a09f-fa7c90d30f02,KXMAYORMINN-26-OFAT,2025-11-05T03:14:45.166776Z,4.00,0.1600,0.8400,yes
eb5fb4bf-869b-6f5a-7bed-2c53bc926407,KXMAYORMINN-26-OFAT,2025-11-05T03:14:39.044826Z,16.00,0.1100,0.8900,no
5f719e7d-7725-69c1-6f3c-7fe63f008b82,KXMAYORMINN-26-OFAT,2025-11-05T03:14:39.044826Z,50.00,0.1100,0.8900,no
1f79603c-1a6d-6b6d-72a8-444df5911d91,KXMAYORMINN-26-OFAT,2025-11-05T03:14:39.044826Z,434.00,0.1100,0.8900,no
ec1e1e0b-fae9-7df0-ea2f-a1ff228ab9ff,KXMAYORMINN-26-OFAT,2025-11-05T03:14:26.042958Z,400.00,0.1400,0.8600,yes
00e81a80-e6df-7bc3-e4c2-6593abbc37d2,KXMAYORMINN-26-OFAT,2025-11-05T03:14:07.124706Z,32.00,0.1200,0.8800,no
788a65d1-0081-6e54-5046-66d07cc9918b,KXMAYORMINN-26-OFAT,2025-11-05T03:14:01.535624Z,33.00,0.1400,0.8600,yes
14e24c6d-a379-6b11-4a10-8aff4d5fef3e,KXMAYORMINN-26-OFAT,2025-11-05T03:12:06.474247Z,5.00,0.1100,0.8900,no
1fa6a3a3-1c47-5787-0ba8-f96ff1fa94b5,KXMAYORMINN-26-OFAT,2025-11-05T03:11:56.487231Z,31.00,0.1500,0.8500,yes
8b25cff2-c775-513d-3f58-1c0435a1e602,KXMAYORMINN-26-OFAT,2025-11-05T03:11:51.5182Z,120.00,0.1100,0.8900,no
8dce3790-0d09-4b31-4b7d-290f550c954a,KXMAYORMINN-26-OFAT,2025-11-05T03:11:20.889017Z,125.00,0.1100,0.8900,no
213fccfb-dec1-5bfd-f744-694edc1b0c3a,KXMAYORMINN-26-OFAT,2025-11-05T03:11:09.476477Z,100.00,0.1300,0.8700,no
5c6f0a81-35ba-598b-b556-f9ffe271c05a,KXMAYORMINN-26-OFAT,2025-11-05T03:10:43.258519Z,14.00,0.1400,0.8600,no
e465b4ef-309f-4565-e0c1-2e7df0b8345b,KXMAYORMINN-26-OFAT,2025-11-05T03:10:26.173283Z,13.00,0.1900,0.8100,yes
5d3724f3-2380-4b9c-fbdd-b79a55b7b9ec,KXMAYORMINN-26-OFAT,2025-11-05T03:10:26.173283Z,200.00,0.2100,0.7900,yes
2f08f9da-0451-474d-e811-0aa69d4c8026,KXMAYORMINN-26-OFAT,2025-11-05T03:10:26.173283Z,10.00,0.1900,0.8100,yes
136ee2ae-a8bd-6730-ad03-4d64230586bc,KXMAYORMINN-26-OFAT,2025-11-05T03:08:01.735166Z,50.00,0.1700,0.8300,yes
39f83aa5-4941-4dae-28de-c21c304596e7,KXMAYORMINN-26-OFAT,2025-11-05T03:07:48.607005Z,118.00,0.1600,0.8400,yes
1e9ab97e-f73f-7320-84ab-efaf744cda7d,KXMAYORMINN-26-OFAT,2025-11-05T03:07:20.278709Z,212.00,0.1600,0.8400,yes
504a4538-03cb-7143-3c3d-79f83a501f4d,KXMAYORMINN-26-OFAT,2025-11-05T03:06:44.789499Z,288.00,0.1400,0.8600,yes
6cd56ad9-7f99-41c1-5bac-9bafc6974786,KXMAYORMINN-26-OFAT,2025-11-05T03:06:05.659475Z,14.00,0.1300,0.8700,yes
dd8c7cd0-2a87-4226-68ab-50258efe5c56,KXMAYORMINN-26-OFAT,2025-11-05T03:05:37.982005Z,3.00,0.1000,0.9000,no
a04a59ec-3ccc-6df4-53b5-5bfedffa4ec8,KXMAYORMINN-26-OFAT,2025-11-05T03:05:31.598039Z,14.00,0.1400,0.8600,no
e461f28d-c3e3-44e8-82b5-4d076d8b3d59,KXMAYORMINN-26-OFAT,2025-11-05T03:04:21.874204Z,19.00,0.1400,0.8600,no
a929db57-e3b4-4a4e-97fc-d90bf6408493,KXMAYORMINN-26-OFAT,2025-11-05T03:04:21.874204Z,148.00,0.1400,0.8600,no
4ea5e40a-3e56-4133-9fc9-67b87647f42b,KXMAYORMINN-26-OFAT,2025-11-05T03:04:15.711949Z,21.00,0.1600,0.8400,yes
68254e32-6208-544a-8b55-db8fb846d403,KXMAYORMINN-26-OFAT,2025-11-05T03:02:59.055623Z,1.00,0.1400,0.8600,no
7061ce97-8cd4-431e-42ec-f6adedff90ff,KXMAYORMINN-26-OFAT,2025-11-05T03:02:40.201145Z,1.00,0.1400,0.8600,no
349d11a6-efbc-42d2-4a6c-6622955b6633,KXMAYORMINN-26-OFAT,2025-11-05T03:02:24.174946Z,55.00,0.1400,0.8600,no
9eefb8fc-a14f-4f59-c496-293139db85fa,KXMAYORMINN-26-OFAT,2025-11-05T03:01:57.088497Z,124.00,0.1900,0.8100,yes
2a4433fc-1ac7-6179-c548-d0f561d210de,KXMAYORMINN-26-OFAT,2025-11-05T03:01:45.636888Z,100.00,0.1900,0.8100,yes
bf631153-cd83-48e2-50a4-e849d3a14560,KXMAYORMINN-26-OFAT,2025-11-05T03:01:45.066692Z,26.00,0.1800,0.8200,yes
6b4839d8-908f-4b8d-7022-5e6510213cd2,KXMAYORMINN-26-OFAT,2025-11-05T03:01:45.066692Z,474.00,0.1900,0.8100,yes
7741f417-818b-7d13-e007-6fc537395d4c,KXMAYORMINN-26-OFAT,2025-11-05T03:01:43.197354Z,26.00,0.1800,0.8200,yes
e332b668-78f8-699b-a460-941748d2d158,KXMAYORMINN-26-OFAT,2025-11-05T03:01:27.498839Z,13.00,0.1500,0.8500,no
39fc420f-4a7c-6a6e-81c7-cd654d1fdaeb,KXMAYORMINN-26-OFAT,2025-11-05T03:01:27.498839Z,75.00,0.1400,0.8600,no
e75f0d81-677a-6945-0612-6b7540f7f84b,KXMAYORMINN-26-OFAT,2025-11-05T03:01:18.429866Z,15.00,0.1800,0.8200,yes
b2206e53-9978-423c-6238-64a1028652b2,KXMAYORMINN-26-OFAT,2025-11-05T03:00:55.128523Z,15.00,0.1500,0.8500,no
3989fe63-0e65-4870-247c-1b8292b8e626,KXMAYORMINN-26-OFAT,2025-11-05T03:00:44.849279Z,15.00,0.1700,0.8300,yes
ebde8e4c-88fa-7e37-3623-fadc90a57b17,KXMAYORMINN-26-OFAT,2025-11-05T03:00:21.255271Z,8.00,0.1500,0.8500,no
d8e64c4c-7e08-4e72-2fd2-9e1e962d1491,KXMAYORMINN-26-OFAT,2025-11-05T03:00:01.779468Z,100.00,0.1600,0.8400,yes
5b0c4a7c-7b7d-4664-ead0-ed4c0d835576,KXMAYORMINN-26-OFAT,2025-11-05T02:59:09.953512Z,350.00,0.1600,0.8400,no
c7d5a2fa-ac91-409f-dbb1-2c058891423d,KXMAYORMINN-26-OFAT,2025-11-05T02:58:59.106301Z,750.00,0.1600,0.8400,no
a45ff7ed-8eba-6dbf-f668-5f96ef634173,KXMAYORMINN-26-OFAT,2025-11-05T02:58:47.72964Z,18.00,0.1500,0.8500,no
1164f5da-23fc-4688-1e7a-1373e2f266f8,KXMAYORMINN-26-OFAT,2025-11-05T02:58:16.099277Z,257.00,0.2500,0.7500,no
32dfc491-4e48-4780-4ead-98df876da418,KXMAYORMINN-26-OFAT,2025-11-05T02:57:39.963524Z,8.00,0.2500,0.7500,no
4d390484-4ef8-48e8-7370-bf7060b0c8ec,KXMAYORMINN-26-OFAT,2025-11-05T02:57:39.103851Z,2.00,0.2500,0.7500,no
dfd6134e-5ff8-6b94-6cc9-09122208ccd0,KXMAYORMINN-26-OFAT,2025-11-05T02:57:38.618837Z,131.00,0.2500,0.7500,no
0c095d0c-80f6-607c-1401-a007846217ae,KXMAYORMINN-26-OFAT,2025-11-05T02:57:28.75337Z,250.00,0.2600,0.7400,yes
df9b4638-ccac-4714-0a4f-2ab7aadce1b0,KXMAYORMINN-26-OFAT,2025-11-05T02:57:18.430335Z,2.00,0.2500,0.7500,no
bd087121-c4fc-677a-5930-da70a21c39f6,KXMAYORMINN-26-OFAT,2025-11-05T02:57:05.12631Z,650.00,0.2300,0.7700,yes
29c01a25-1a9c-637e-6409-6b1f82a383ef,KXMAYORMINN-26-OFAT,2025-11-05T02:57:05.12631Z,100.00,0.2300,0.7700,yes
019719b7-ec40-7c06-13ee-8965bf05cb6a,KXMAYORMINN-26-OFAT,2025-11-05T02:56:56.879686Z,100.00,0.2300,0.7700,yes
7cbb69b9-c3af-4e47-6569-98d8b6a8d75f,KXMAYORMINN-26-OFAT,2025-11-05T02:56:37.403521Z,22.00,0.2200,0.7800,yes
8c52f9ca-47ea-65f5-9150-381ba0ca2972,KXMAYORMINN-26-OFAT,2025-11-05T02:56:32.660878Z,10.00,0.1600,0.8400,no
8cdd80dc-95c6-5c99-ec54-a4d0defa519a,KXMAYORMINN-26-OFAT,2025-11-05T02:56:31.76989Z,93.00,0.1600,0.8400,no
ff269ffa-235a-64c1-1e92-4ae406acdc0a,KXMAYORMINN-26-OFAT,2025-11-05T02:56:30.888656Z,10.00,0.1600,0.8400,no
0c4e2c99-a96a-780d-d8f3-b045f858ec6a,KXMAYORMINN-26-OFAT,2025-11-05T02:56:30.226953Z,12.00,0.1600,0.8400,no
d4fa77a1-ed12-7959-7746-43edff59bece,KXMAYORMINN-26-OFAT,2025-11-05T02:56:30.114483Z,10.00,0.1600,0.8400,no
a9e83ba5-3767-6811-d8ca-6f55dc9b1988,KXMAYORMINN-26-OFAT,2025-11-05T02:56:18.99468Z,78.00,0.2300,0.7700,yes
0d5aa39f-64d3-7e81-f99c-138b99332c74,KXMAYORMINN-26-OFAT,2025-11-05T02:56:17.18657Z,5.00,0.2300,0.7700,yes
050413e4-e307-457b-d9fd-346aa1d68c5b,KXMAYORMINN-26-OFAT,2025-11-05T02:55:12.064351Z,47.00,0.1700,0.8300,no
041c0511-257a-5e62-6fb3-dbcb7fd4b535,KXMAYORMINN-26-OFAT,2025-11-05T02:54:08.278476Z,4.00,0.2100,0.7900,no
2865d250-38c8-51b7-5a84-6204ca0c46d3,KXMAYORMINN-26-OFAT,2025-11-05T02:54:02.034582Z,2.00,0.2500,0.7500,no
d18e0298-3cdc-5a37-3171-9d7e5e6186db,KXMAYORMINN-26-OFAT,2025-11-05T02:53:54.764477Z,1.00,0.2500,0.7500,no
9b58811b-0cb5-6a8b-9dcb-bb03eebb90ac,KXMAYORMINN-26-OFAT,2025-11-05T02:53:24.356329Z,5.00,0.2700,0.7300,yes
756c6a25-2bc2-6d9d-4af6-6675ef00e152,KXMAYORMINN-26-OFAT,2025-11-05T02:53:23.96399Z,17.00,0.2500,0.7500,yes
e83babdd-2a92-5bc9-9f61-a29204f74b96,KXMAYORMINN-26-OFAT,2025-11-05T02:53:23.815241Z,7.00,0.2500,0.7500,yes
68f4928d-dff8-5fb6-7bbe-b593e7d52258,KXMAYORMINN-26-OFAT,2025-11-05T02:52:50.053886Z,3.00,0.2100,0.7900,no
206d301f-c2e2-55c7-8e21-ab5e64643807,KXMAYORMINN-26-OFAT,2025-11-05T02:52:34.665818Z,24.00,0.1500,0.8500,no
4074ef94-bd37-411d-6d23-e0208be8c3b8,KXMAYORMINN-26-OFAT,2025-11-05T02:52:04.114537Z,500.00,0.2600,0.7400,no
25158dea-7db5-674a-3a4d-35aeba363157,KXMAYORMINN-26-OFAT,2025-11-05T02:51:59.179338Z,50.00,0.2600,0.7400,yes
af01cd47-c2ba-6577-785f-f75d97fff706,KXMAYORMINN-26-OFAT,2025-11-05T02:51:42.853601Z,126.00,0.2300,0.7700,no
68afb624-b8da-60a5-6872-ecd54531a93e,KXMAYORMINN-26-OFAT,2025-11-05T02:51:42.853601Z,1.00,0.2400,0.7600,no
44173e16-e879-5671-dd75-8a00f22a2ca0,KXMAYORMINN-26-OFAT,2025-11-05T02:50:36.983485Z,129.00,0.2400,0.7600,no
f7cf67ce-70cd-627d-00e0-a14b17986734,KXMAYORMINN-26-OFAT,2025-11-05T02:50:21.157681Z,1.00,0.2400,0.7600,no
d537db08-6949-5d73-9a35-2590dcdab890,KXMAYORMINN-26-OFAT,2025-11-05T02:49:47.825724Z,35.00,0.2700,0.7300,yes
a6c9ef26-cc99-6cb3-8353-747aaa439480,KXMAYORMINN-26-OFAT,2025-11-05T02:49:42.026124Z,1.00,0.2700,0.7300,yes
0ebaf995-7d81-4f38-c49a-cfee546c6126,KXMAYORMINN-26-OFAT,2025-11-05T02:49:27.859366Z,38.00,0.2500,0.7500,yes
852663e0-ea24-44c7-6cc3-001ebc5f5dfb,KXMAYORMINN-26-OFAT,2025-11-05T02:48:57.006681Z,123.00,0.2000,0.8000,no
bb6e7fd8-558b-5efa-10c7-0288490bffdb,KXMAYORMINN-26-OFAT,2025-11-05T02:48:38.722413Z,126.00,0.2200,0.7800,no
23f3371f-0cad-6462-4dc3-c220873ffd18,KXMAYORMINN-26-OFAT,2025-11-05T02:48:14.124659Z,2.00,0.2100,0.7900,no
fac7f9ea-3722-716a-bd2a-23a7fc3d8e48,KXMAYORMINN-26-OFAT,2025-11-05T02:47:52.760179Z,100.00,0.1700,0.8300,no
f1bef28a-28f6-712e-92ad-9e93ca1bd732,KXMAYORMINN-26-OFAT,2025-11-05T02:47:52.760179Z,345.00,0.0500,0.9500,no
16369a44-44fc-78f9-a426-227c6cbf3cdd,KXMAYORMINN-26-OFAT,2025-11-05T02:47:52.760179Z,100.00,0.1300,0.8700,no
dbc34e7b-db8a-6df2-72f1-6d307ccaeea1,KXMAYORMINN-26-OFAT,2025-11-05T02:47:46.74345Z,5.00,0.2200,0.7800,yes
5f4eaeb3-a80a-6984-44a7-c5b863c8fd2e,KXMAYORMINN-26-OFAT,2025-11-05T02:47:46.74345Z,598.00,0.2600,0.7400,yes
236d9e3b-f8b9-6343-748a-4d8ed4fce055,KXMAYORMINN-26-OFAT,2025-11-05T02:47:46.74345Z,100.00,0.2500,0.7500,yes
14b40c52-f141-6cea-5a24-4718a11397f0,KXMAYORMINN-26-OFAT,2025-11-05T02:47:46.74345Z,745.00,0.2200,0.7800,yes
a65294cb-8dd7-7bd5-4ee3-60b1c0f39f94,KXMAYORMINN-26-OFAT,2025-11-05T02:47:32.386963Z,2.00,0.1700,0.8300,no
13ed5c3a-363d-4e22-4857-ebefd0be7c60,KXMAYORMINN-26-OFAT,2025-11-05T02:47:20.643006Z,5.00,0.2200,0.7800,yes
4ceea60c-bcef-6a25-0d8f-2658e628d374,KXMAYORMINN-26-OFAT,2025-11-05T02:47:15.584581Z,6.00,0.1600,0.8400,no
dd6db3c8-e9c8-62cc-690d-19a5b87ce6ed,KXMAYORMINN-26-OFAT,2025-11-05T02:46:32.855407Z,298.00,0.1900,0.8100,no
f392c362-4b23-5913-1aeb-39a86377a8d0,KXMAYORMINN-26-OFAT,2025-11-05T02:46:19.407101Z,100.00,0.1000,0.9000,no
994a3796-beda-5a34-1d36-9e0c132ef646,KXMAYORMINN-26-OFAT,2025-11-05T02:46:19.407101Z,250.00,0.2000,0.8000,no
6936b3c2-f10b-5510-3d78-ee65f9bbae9f,KXMAYORMINN-26-OFAT,2025-11-05T02:46:19.407101Z,252.00,0.1000,0.9000,no
57b783c1-31ef-5181-0f56-cd7b1ae7b1c8,KXMAYORMINN-26-OFAT,2025-11-05T02:46:19.407101Z,586.00,0.2000,0.8000,no
ff5d7ae1-3345-5221-1f2d-b48bfc2f1842,KXMAYORMINN-26-OFAT,2025-11-05T02:46:17.810705Z,226.00,0.2300,0.7700,no
59b0b82d-2bc6-5470-36b7-76d0b87eb7b2,KXMAYORMINN-26-OFAT,2025-11-05T02:45:42.989215Z,1.00,0.2600,0.7400,yes
d9618272-05c9-75f4-dfd9-7668b19fb9a5,KXMAYORMINN-26-OFAT,2025-11-05T02:45:26.427614Z,700.00,0.2500,0.7500,yes
5a510818-5b6f-7bd5-d08a-b4624f8ee4fc,KXMAYORMINN-26-OFAT,2025-11-05T02:45:26.427614Z,50.00,0.2500,0.7500,yes
46869883-bf45-67dc-367d-c164f44f94e1,KXMAYORMINN-26-OFAT,2025-11-05T02:45:21.664022Z,50.00,0.2500,0.7500,yes
9a1b5479-0247-7093-74a0-d2ef9f966e76,KXMAYORMINN-26-OFAT,2025-11-05T02:45:17.424517Z,969.00,0.2300,0.7700,no
8c79854d-40f3-7596-4ca6-39f3349e0b4c,KXMAYORMINN-26-OFAT,2025-11-05T02:45:17.424517Z,35.00,0.2400,0.7600,no
6ff2b02a-9435-7315-7f0f-560efab1a722,KXMAYORMINN-26-OFAT,2025-11-05T02:45:17.424517Z,274.00,0.2300,0.7700,no
c8b96c6b-fe7f-77de-437f-20eb0b86f848,KXMAYORMINN-26-OFAT,2025-11-05T02:45:11.815865Z,2.00,0.2400,0.7600,no
66669f83-72df-5b16-e525-8d5bb3a78148,KXMAYORMINN-26-OFAT,2025-11-05T02:44:56.068588Z,13.00,0.2400,0.7600,no
cefad863-03eb-782f-5840-6e07dbef0aa6,KXMAYORMINN-26-OFAT,2025-11-05T02:44:39.111145Z,31.00,0.2300,0.7700,no
460f7012-2a83-432d-1490-95e675dddfbc,KXMAYORMINN-26-OFAT,2025-11-05T02:44:18.918466Z,14.00,0.2000,0.8000,no
8191fd72-44ba-6ec6-a2cb-822b8dddc9df,KXMAYORMINN-26-OFAT,2025-11-05T02:43:25.575129Z,183.00,0.1900,0.8100,no
61603707-900f-531e-1ecb-64c9dc6c3e2c,KXMAYORMINN-26-OFAT,2025-11-05T02:43:12.986086Z,3.00,0.1000,0.9000,no
51b249cd-d7a1-66e5-ac04-d70ab391c73b,KXMAYORMINN-26-OFAT,2025-11-05T02:43:10.563944Z,9.00,0.0900,0.9100,no
9fa01e84-abfd-40fe-a0bf-6b02b6055b54,KXMAYORMINN-26-OFAT,2025-11-05T02:43:04.109044Z,500.00,0.2100,0.7900,no
12ca5f82-f151-423d-3c06-fdcbe4665cb7,KXMAYORMINN-26-OFAT,2025-11-05T02:43:04.096069Z,34.00,0.2800,0.7200,yes
a877f8c5-4700-44e8-5b0d-1df41710cd36,KXMAYORMINN-26-OFAT,2025-11-05T02:42:57.316227Z,300.00,0.2700,0.7300,yes
7846fe31-ec7f-5e3d-59ec-2a509bbcd26a,KXMAYORMINN-26-OFAT,2025-11-05T02:42:34.327976Z,100.00,0.2800,0.7200,yes
1b8f02b2-eabb-4628-68dc-f8d3dd4bb5af,KXMAYORMINN-26-OFAT,2025-11-05T02:42:33.182951Z,21.00,0.2100,0.7900,no
55ac4692-b574-5f77-761b-2da9bc19e7c2,KXMAYORMINN-26-OFAT,2025-11-05T02:42:23.3559Z,79.00,0.3000,0.7000,yes
711e9750-9892-71ca-94f4-a2138012a438,KXMAYORMINN-26-OFAT,2025-11-05T02:42:19.428206Z,79.00,0.2700,0.7300,yes
0cd7a278-73e5-570c-d0b8-ae36c459a086,KXMAYORMINN-26-OFAT,2025-11-05T02:42:18.33063Z,20.00,0.2500,0.7500,no
a22e6a07-00c9-67c4-7d74-7737cf26139a,KXMAYORMINN-26-OFAT,2025-11-05T02:42:13.877082Z,1.00,0.2500,0.7500,no
19faca2b-a842-7832-b6db-1704f3ec2da8,KXMAYORMINN-26-OFAT,2025-11-05T02:42:12.373493Z,14.00,0.2700,0.7300,yes
8f7946c0-a056-693a-6bf5-75bb88ac2b30,KXMAYORMINN-26-OFAT,2025-11-05T02:42:11.786491Z,40.00,0.2700,0.7300,yes
848d88be-ca18-54d7-d043-aca0938d3162,KXMAYORMINN-26-OFAT,2025-11-05T02:42:03.06858Z,10.00,0.3000,0.7000,yes
ced0edb1-867a-6fc1-b8e1-cfe7495800c5,KXMAYORMINN-26-OFAT,2025-11-05T02:42:00.398924Z,50.00,0.2500,0.7500,yes
1215124c-7227-63c7-b9eb-2e6e438b08b1,KXMAYORMINN-26-OFAT,2025-11-05T02:42:00.398924Z,523.00,0.2500,0.7500,yes
2f72ef35-7e88-7134-7548-39b8d7a21d67,KXMAYORMINN-26-OFAT,2025-11-05T02:41:59.473373Z,10.00,0.2200,0.7800,no
13b0dab3-fcd0-7f68-d44f-4a8aadb11baf,KXMAYORMINN-26-OFAT,2025-11-05T02:41:59.178585Z,120.00,0.2200,0.7800,no
8e1c9a17-8478-5748-b033-a9369150d5c3,KXMAYORMINN-26-OFAT,2025-11-05T02:41:54.864353Z,13.00,0.2200,0.7800,no
824881b4-8524-77c8-0d58-0640b2a0f3bf,KXMAYORMINN-26-OFAT,2025-11-05T02:41:54.360063Z,5.00,0.2200,0.7800,no
ddd58a3d-e614-4774-2a05-9ef949139b43,KXMAYORMINN-26-OFAT,2025-11-05T02:41:54.161952Z,50.00,0.2200,0.7800,no
1c83e8a5-270c-7af8-164c-976394740093,KXMAYORMINN-26-OFAT,2025-11-05T02:41:53.873482Z,20.00,0.2200,0.7800,no
e5705261-c44c-5394-fd7a-d24fa30ccceb,KXMAYORMINN-26-OFAT,2025-11-05T02:41:53.730815Z,12.00,0.2200,0.7800,no
2e4cca95-e287-75af-4d65-ad33db96ebbd,KXMAYORMINN-26-OFAT,2025-11-05T02:41:44.447195Z,38.00,0.2500,0.7500,yes
b1c827ad-23dd-5b4a-62f6-f39d09099975,KXMAYORMINN-26-OFAT,2025-11-05T02:41:34.337293Z,271.00,0.0600,0.9400,no
71ae260c-cea0-5d44-5e79-0bf44e59e2ba,KXMAYORMINN-26-OFAT,2025-11-05T02:41:34.337293Z,25.00,0.1000,0.9000,no
293c0091-fe02-53d5-5883-62a48863ba78,KXMAYORMINN-26-OFAT,2025-11-05T02:41:34.337293Z,772.00,0.0700,0.9300,no
f0a5beb5-e664-4838-e7b1-2f3f1ed355d2,KXMAYORMINN-26-OFAT,2025-11-05T02:41:16.275513Z,75.00,0.1000,0.9000,no
b07a35f0-cb07-621f-a348-0f8e2444a265,KXMAYORMINN-26-OFAT,2025-11-05T02:40:59.622696Z,39.00,0.2500,0.7500,yes
4928e0d5-6a00-61ae-94a6-15fc7d9876bc,KXMAYORMINN-26-OFAT,2025-11-05T02:40:59.622696Z,40.00,0.2400,0.7600,yes
dda80307-6a89-456d-47be-ca34304c117a,KXMAYORMINN-26-OFAT,2025-11-05T02:40:51.304449Z,100.00,0.1500,0.8500,yes
5e3efb6a-7ed0-4c8f-520e-6c7add9d7dfc,KXMAYORMINN-26-OFAT,2025-11-05T02:40:51.304449Z,500.00,0.1800,0.8200,yes
4ae52551-1813-4abf-6da4-41d01e608121,KXMAYORMINN-26-OFAT,2025-11-05T02:40:51.304449Z,400.00,0.2500,0.7500,yes
cfbb1e5e-2af3-6e58-78f4-fd8e44a8f545,KXMAYORMINN-26-OFAT,2025-11-05T02:40:33.101553Z,64.00,0.0800,0.9200,no
5e9e7452-f04b-496a-ebb5-47b0e135fce5,KXMAYORMINN-26-OFAT,2025-11-05T02:40:27.826359Z,31.00,0.1500,0.8500,yes
d3c02370-3a17-5030-5726-2890a14027dd,KXMAYORMINN-26-OFAT,2025-11-05T02:39:46.290323Z,100.00,0.0800,0.9200,no
01c6aa59-ab4a-5165-4dd6-82b272be6180,KXMAYORMINN-26-OFAT,2025-11-05T02:39:46.290323Z,115.00,0.0700,0.9300,no
237af1bb-678b-6395-4d90-917fec750921,KXMAYORMINN-26-OFAT,2025-11-05T02:39:45.564558Z,309.00,0.1200,0.8800,yes
37fa1df7-f2ce-7d38-4ad5-92fd287a0bdf,KXMAYORMINN-26-OFAT,2025-11-05T02:39:30.484254Z,156.00,0.1200,0.8800,yes
84edb9a4-1326-542d-3127-738843fa52f8,KXMAYORMINN-26-OFAT,2025-11-05T02:39:19.021177Z,1070.00,0.0700,0.9300,no
304a221e-6b2e-5330-9306-7714c47ea6b4,KXMAYORMINN-26-OFAT,2025-11-05T02:39:08.428636Z,47.00,0.1000,0.9000,yes
e6278de5-858e-5cf1-245b-a81f268d6100,KXMAYORMINN-26-OFAT,2025-11-05T02:39:02.53253Z,43.00,0.0700,0.9300,no
bb14ee56-febe-7101-8c21-3cc3ba5687f0,KXMAYORMINN-26-OFAT,2025-11-05T02:38:36.424957Z,171.00,0.0700,0.9300,no
9a70de7d-2a76-4db5-f46f-28dd6255e138,KXMAYORMINN-26-OFAT,2025-11-05T02:38:18.689408Z,43.00,0.0700,0.9300,no
452f529d-e26a-7251-7fcd-7310b0f25148,KXMAYORMINN-26-OFAT,2025-11-05T02:38:02.034841Z,118.00,0.0700,0.9300,no
d263c250-2004-6f8a-3965-e2bc201836f7,KXMAYORMINN-26-OFAT,2025-11-05T02:37:50.797732Z,18.00,0.1100,0.8900,yes
669cf53e-88de-6e91-24c5-f32f2cc5e1b8,KXMAYORMINN-26-OFAT,2025-11-05T02:37:44.723175Z,158.00,0.0700,0.9300,no
517c111f-6d22-5451-9a0c-8ce252fbfb7c,KXMAYORMINN-26-OFAT,2025-11-05T02:37:42.512842Z,1070.00,0.0700,0.9300,no
c097c853-6ea5-7945-e4c3-c6f65df0d6e4,KXMAYORMINN-26-OFAT,2025-11-05T02:37:29.61615Z,9.00,0.1000,0.9000,yes
1033304a-9991-533d-e5e5-3ba7b353dfb8,KXMAYORMINN-26-OFAT,2025-11-05T02:37:20.272752Z,94.00,0.1000,0.9000,yes
7093af36-de04-5ee9-ca6d-20be4df370e2,KXMAYORMINN-26-OFAT,2025-11-05T02:35:44.604771Z,70.00,0.0800,0.9200,no
6a7de3e8-bb8c-7c46-fabc-e15c2630fcd0,KXMAYORMINN-26-OFAT,2025-11-05T02:35:41.140085Z,39.00,0.1200,0.8800,yes
e5f3197c-bb40-7359-db22-49e72f3eb6de,KXMAYORMINN-26-OFAT,2025-11-05T02:35:31.271787Z,11.00,0.0800,0.9200,no
8f4c9735-47f4-41a1-0caf-900294d9b916,KXMAYORMINN-26-OFAT,2025-11-05T02:34:30.989908Z,16.00,0.0800,0.9200,no
41c6b41c-3ca3-7ede-00c3-6b7535d492f6,KXMAYORMINN-26-OFAT,2025-11-05T02:34:30.297305Z,20.00,0.1200,0.8800,yes
3d9bb424-c2f3-5a78-1ef2-3da626fc4dd6,KXMAYORMINN-26-OFAT,2025-11-05T02:33:30.391492Z,421.00,0.1100,0.8900,yes
38c2b438-5781-7fca-3b9d-1992bc5d396d,KXMAYORMINN-26-OFAT,2025-11-05T02:33:02.628491Z,11.00,0.0600,0.9400,no
59a72ec1-6b61-7762-08f5-e5e5a9b0b6d1,KXMAYORMINN-26-OFAT,2025-11-05T02:32:44.04116Z,16.00,0.0600,0.9400,no
e1d22e95-0fa1-6892-96d5-30845a73df25,KXMAYORMINN-26-OFAT,2025-11-05T02:32:20.264208Z,26.00,0.0600,0.9400,no
88dea161-2179-503a-2f60-1c49ea794821,KXMAYORMINN-26-OFAT,2025-11-05T02:32:08.790776Z,53.00,0.0600,0.9400,no
e4ff222a-4fb1-7852-8bbf-7fca9e81c59d,KXMAYORMINN-26-OFAT,2025-11-05T02:31:57.197886Z,53.00,0.0600,0.9400,no
22f31f16-11b5-695a-6c7a-b602b8dce7e9,KXMAYORMINN-26-OFAT,2025-11-05T02:31:43.813182Z,11.00,0.0600,0.9400,no
f6c85550-5f6f-5c10-0e32-e2dc43829f30,KXMAYORMINN-26-OFAT,2025-11-05T02:31:27.987382Z,587.00,0.0800,0.9200,yes
194b402d-8379-552a-9d71-31b0e9966d51,KXMAYORMINN-26-OFAT,2025-11-05T02:30:39.462443Z,20.00,0.0600,0.9400,no
14c0fdd4-3d61-64ee-24b0-3b9efbfc44ed,KXMAYORMINN-26-OFAT,2025-11-05T02:30:36.831165Z,1059.00,0.0600,0.9400,no
45fa027f-bf89-4848-0eb5-31fe21037692,KXMAYORMINN-26-OFAT,2025-11-05T02:28:36.149062Z,2250.00,0.0800,0.9200,yes
aaad29ac-307b-7ffa-e148-ae0a09a90bdf,KXMAYORMINN-26-OFAT,2025-11-05T02:28:10.809551Z,7.00,0.0300,0.9700,no
d3b86ad1-5860-42a3-fcc1-a2e039ec3e11,KXMAYORMINN-26-OFAT,2025-11-05T02:27:47.715592Z,200.00,0.0700,0.9300,no
b225996d-b48f-4d1e-ebed-3c8caacee3b1,KXMAYORMINN-26-OFAT,2025-11-05T02:27:47.715592Z,100.00,0.0500,0.9500,no
44f656b7-34fe-4ff6-f315-eb10a3afc962,KXMAYORMINN-26-OFAT,2025-11-05T02:27:47.715592Z,1402.00,0.0400,0.9600,no
28a316fa-3e38-41d7-e536-31fed74692f2,KXMAYORMINN-26-OFAT,2025-11-05T02:27:47.715592Z,100.00,0.0600,0.9400,no
09178f96-ea10-4af4-c665-5f851c1e85cf,KXMAYORMINN-26-OFAT,2025-11-05T02:27:47.715592Z,52.00,0.0600,0.9400,no
49a498d5-f230-76c3-28af-d32ef6ecab99,KXMAYORMINN-26-OFAT,2025-11-05T02:27:01.046012Z,5.00,0.0700,0.9300,no
578e8bd0-b740-6cf7-6689-8fec36ddacb9,KXMAYORMINN-26-OFAT,2025-11-05T02:26:08.029874Z,100.00,0.0700,0.9300,no
ce7e1f95-890b-6336-cf86-bb73027830c6,KXMAYORMINN-26-OFAT,2025-11-05T02:25:32.353521Z,5.00,0.0600,0.9400,no
31366e8c-bc2a-6e9c-5d7a-28a9e3f0e4e5,KXMAYORMINN-26-OFAT,2025-11-05T02:25:22.165889Z,400.00,0.1000,0.9000,no
e6d0186a-b7e6-4a46-f5ed-f5e1bfe210f5,KXMAYORMINN-26-OFAT,2025-11-05T02:25:07.61699Z,100.00,0.1100,0.8900,yes
860addaf-fd02-41a6-feec-3255a4ac8a7d,KXMAYORMINN-26-OFAT,2025-11-05T02:24:46.809374Z,50.00,0.1100,0.8900,yes
cd2a707e-fd9b-55d2-ec54-4b3b7901254e,KXMAYORMINN-26-OFAT,2025-11-05T02:23:58.194376Z,59.00,0.0600,0.9400,no
bc8e1473-9a43-7057-375d-671e89e793b2,KXMAYORMINN-26-OFAT,2025-11-05T02:23:32.723938Z,200.00,0.0800,0.9200,no
537073bc-994b-4db7-b454-affa0f18311a,KXMAYORMINN-26-OFAT,2025-11-05T02:23:04.568604Z,100.00,0.0800,0.9200,no
7e831e2f-16ec-41da-f9ea-1e96e0cf45f8,KXMAYORMINN-26-OFAT,2025-11-05T02:22:27.887088Z,14.00,0.0900,0.9100,yes
e4516e0d-4fc6-69cc-fd5b-017bc9ca855c,KXMAYORMINN-26-OFAT,2025-11-05T02:21:51.094048Z,100.00,0.1200,0.8800,yes
e44722ed-9059-6963-cac4-d141d90f0aa9,KXMAYORMINN-26-OFAT,2025-11-05T02:21:51.094048Z,52.00,0.1300,0.8700,yes
0c60755b-7ec4-7c03-fa45-bc470c702258,KXMAYORMINN-26-OFAT,2025-11-05T02:21:06.08524Z,100.00,0.0900,0.9100,no
a196fe4b-43af-6476-6ede-735133bb1c2f,KXMAYORMINN-26-OFAT,2025-11-05T02:20:26.519083Z,6.00,0.1400,0.8600,yes
97e274db-2d86-7667-2e86-757b1d1d8e68,KXMAYORMINN-26-OFAT,2025-11-05T02:18:37.055759Z,450.00,0.0900,0.9100,no
75e32efc-05fc-70dd-004c-c3fee678812b,KXMAYORMINN-26-OFAT,2025-11-05T02:17:44.275521Z,406.00,0.1300,0.8700,yes
930c7109-03b8-5381-5949-171b7b277417,KXMAYORMINN-26-OFAT,2025-11-05T02:17:41.944995Z,3.00,0.1300,0.8700,yes
6b3f9217-2f9f-5e7b-4bcc-4e552f6bc54a,KXMAYORMINN-26-OFAT,2025-11-05T02:13:36.56773Z,1.00,0.0900,0.9100,no
fbe316f3-ecd5-756a-2984-fa69c77b7b07,KXMAYORMINN-26-OFAT,2025-11-05T02:13:10.794587Z,4.00,0.1200,0.8800,no
ae691283-a27f-78c0-4fd1-b80c933b9115,KXMAYORMINN-26-OFAT,2025-11-05T02:11:19.855042Z,661.00,0.1400,0.8600,yes
f73e94e8-4fc7-46b2-5ca2-96a9f301b4da,KXMAYORMINN-26-OFAT,2025-11-05T02:09:29.229737Z,5.00,0.1300,0.8700,no
064a1a36-afea-47b5-441b-dbee9487f94b,KXMAYORMINN-26-OFAT,2025-11-05T02:09:29.229737Z,11.00,0.1300,0.8700,no
65da0d0b-6fda-6a85-ceb1-c8993daafeeb,KXMAYORMINN-26-OFAT,2025-11-05T02:08:55.668565Z,6.00,0.1300,0.8700,no
2be133e2-8176-62d5-2fd0-5cf2c70caa47,KXMAYORMINN-26-OFAT,2025-11-05T02:08:55.110141Z,190.00,0.1300,0.8700,no
dd64594f-b7c6-4335-494b-33c2c61d7e23,KXMAYORMINN-26-OFAT,2025-11-05T02:08:51.819827Z,30.00,0.1300,0.8700,no
244a684a-5016-5251-61f1-d542a1edbd1b,KXMAYORMINN-26-OFAT,2025-11-05T02:08:22.586875Z,40.00,0.1300,0.8700,no
9d32bca3-8f06-7245-3c87-9296ffcc08bf,KXMAYORMINN-26-OFAT,2025-11-05T02:07:51.026986Z,20.00,0.1300,0.8700,no
1b226a95-11ea-7069-9f21-dc728829cfcf,KXMAYORMINN-26-OFAT,2025-11-05T02:05:51.252854Z,40.00,0.1300,0.8700,no
252c91d7-d07e-5615-64f3-274c2051f2b7,KXMAYORMINN-26-OFAT,2025-11-05T02:02:58.607475Z,21.00,0.1300,0.8700,no
5688fc22-50d6-7249-e165-6a4f3030bb97,KXMAYORMINN-26-OFAT,2025-11-05T02:02:57.52278Z,31.00,0.1300,0.8700,no
1117a1c4-682a-4fc5-ffea-e08447ac0a6b,KXMAYORMINN-26-OFAT,2025-11-05T02:02:04.471411Z,6.00,0.1300,0.8700,no
02a4b421-3122-5949-8285-27c2d881d887,KXMAYORMINN-26-OFAT,2025-11-05T02:02:03.776393Z,8.00,0.1300,0.8700,no
fc883ccb-420e-50ad-aff7-0ab399aab93b,KXMAYORMINN-26-OFAT,2025-11-05T02:02:03.284114Z,11.00,0.1300,0.8700,no
c11aca97-8256-5a99-c6bf-5bb56b70a153,KXMAYORMINN-26-OFAT,2025-11-05T02:02:02.538736Z,5.00,0.1300,0.8700,no
e209b4b3-4912-56d1-9b26-f6112120e23b,KXMAYORMINN-26-OFAT,2025-11-05T02:02:01.701764Z,7.00,0.1300,0.8700,no
6ac9dbe4-9846-4975-6f23-54f2741b66fb,KXMAYORMINN-26-OFAT,2025-11-05T02:02:00.908932Z,10.00,0.1300,0.8700,no
a2029372-7eb2-6a75-2f36-fafbd87319c3,KXMAYORMINN-26-OFAT,2025-11-05T02:02:00.257383Z,14.00,0.1300,0.8700,no
f76366a9-1482-5749-95ca-2d757333d68f,KXMAYORMINN-26-OFAT,2025-11-05T02:01:59.671365Z,21.00,0.1300,0.8700,no
1c29171a-adb6-4f95-4f54-d2179713a55f,KXMAYORMINN-26-OFAT,2025-11-05T02:01:59.218538Z,29.00,0.1300,0.8700,no
05f9e548-0a3d-4b43-7061-0a61d994a9a3,KXMAYORMINN-26-OFAT,2025-11-05T02:01:59.218538Z,1.00,0.1300,0.8700,no
1f595158-72e9-6b9b-8078-49d074d6fa07,KXMAYORMINN-26-OFAT,2025-11-05T01:59:08.419655Z,431.00,0.1300,0.8700,no
0113c105-5648-6d87-b48e-477b7bc7593f,KXMAYORMINN-26-OFAT,2025-11-05T01:58:50.742791Z,25.00,0.1500,0.8500,yes
f3d2367a-6552-7266-9edf-539cc5a95124,KXMAYORMINN-26-OFAT,2025-11-05T01:57:26.103698Z,1500.00,0.1600,0.8400,no
56a18ab8-04ce-5e5a-c8b0-a06d49c676f0,KXMAYORMINN-26-OFAT,2025-11-05T01:51:34.18484Z,20.00,0.1600,0.8400,no
5e4ceb1d-9aae-76ba-02ca-0ad9fe2d47f4,KXMAYORMINN-26-OFAT,2025-11-05T01:51:24.69371Z,2.00,0.1600,0.8400,no
b76cb1cf-0704-6403-82b1-997be2aa5301,KXMAYORMINN-26-OFAT,2025-11-05T01:51:02.981461Z,8.00,0.1700,0.8300,yes
520b943b-6206-5946-fd24-ae3045b5220c,KXMAYORMINN-26-OFAT,2025-11-05T01:49:38.307343Z,500.00,0.1600,0.8400,no
99931ca1-fbcc-42eb-5636-d8c65505acb1,KXMAYORMINN-26-OFAT,2025-11-05T01:48:55.356671Z,88.00,0.1700,0.8300,yes
5f3f5574-101a-53d2-0d88-b952403bed60,KXMAYORMINN-26-OFAT,2025-11-05T01:48:53.974473Z,2.00,0.1600,0.8400,no
13e2ae85-255e-75fe-ab50-eb7005944d2c,KXMAYORMINN-26-OFAT,2025-11-05T01:48:31.996005Z,900.00,0.1600,0.8400,no
e6561abc-8eee-6b5b-ac6f-b25c48de57e5,KXMAYORMINN-26-OFAT,2025-11-05T01:47:12.848764Z,54.00,0.1700,0.8300,yes
f86984a1-8d03-788a-1f0b-abf8b6cc65fb,KXMAYORMINN-26-OFAT,2025-11-05T01:47:03.084749Z,50.00,0.2000,0.8000,yes
e8e252a1-6f41-703c-5f59-4b83ed2c8b62,KXMAYORMINN-26-OFAT,2025-11-05T01:43:35.483765Z,100.00,0.2100,0.7900,yes
95abe349-aae2-7257-75a4-ddac63800c0d,KXMAYORMINN-26-OFAT,2025-11-05T01:43:35.483765Z,108.00,0.2200,0.7800,yes
8e0fb832-988c-7394-4e68-7d8d48a436a5,KXMAYORMINN-26-OFAT,2025-11-05T01:43:35.483765Z,395.00,0.1800,0.8200,yes
3b746ddc-aa74-7bc3-b18d-d8b2c415ed32,KXMAYORMINN-26-OFAT,2025-11-05T01:43:16.057331Z,5.00,0.1800,0.8200,no
258dbf5c-443d-7f6e-c946-1377e1fe658e,KXMAYORMINN-26-OFAT,2025-11-05T01:39:41.264059Z,95.00,0.2100,0.7900,yes
a8bc3930-414d-5786-db52-2aefd63e73e2,KXMAYORMINN-26-OFAT,2025-11-05T01:39:29.675643Z,100.00,0.2100,0.7900,yes
24237995-84b3-4b7b-13bf-7cdc23cecb9b,KXMAYORMINN-26-OFAT,2025-11-05T01:38:52.840503Z,4.00,0.2000,0.8000,yes
c0382c4a-d58d-5b49-f22d-fdedb67e1f3b,KXMAYORMINN-26-OFAT,2025-11-05T01:38:52.636589Z,13.00,0.1700,0.8300,yes
ba168356-4ddb-46fc-8e3c-4c0c207019dd,KXMAYORMINN-26-OFAT,2025-11-05T01:37:28.055936Z,500.00,0.1700,0.8300,yes
8782c35f-b421-461e-8644-403edc5ec831,KXMAYORMINN-26-OFAT,2025-11-05T01:37:28.055936Z,701.00,0.1700,0.8300,yes
432a9f5e-8538-4c98-a45f-feda1dfc217a,KXMAYORMINN-26-OFAT,2025-11-05T01:37:28.055936Z,15.00,0.1600,0.8400,yes
fa70ecd0-37ce-7cac-e924-b9e1afb34ca4,KXMAYORMINN-26-OFAT,2025-11-05T01:28:38.185256Z,182.00,0.1600,0.8400,yes
d81af1a4-3ba2-496c-f04a-fb6d2b8e05c2,KXMAYORMINN-26-OFAT,2025-11-05T01:28:37.928219Z,3.00,0.1600,0.8400,no
9f0b839f-b152-4f16-dc89-d2c20428991c,KXMAYORMINN-26-OFAT,2025-11-05T01:28:37.928219Z,500.00,0.1600,0.8400,no
1bd4b4b9-5875-64c2-0a91-329cb6226475,KXMAYORMINN-26-OFAT,2025-11-05T01:27:04.145518Z,80.00,0.1700,0.8300,yes
f38458bd-c402-55c2-6b9a-9a70fef6f35c,KXMAYORMINN-26-OFAT,2025-11-05T01:20:14.211916Z,3.00,0.1500,0.8500,no
2c9ee643-15a1-70fe-ab6b-35f038667fe5,KXMAYORMINN-26-OFAT,2025-11-05T01:17:33.880718Z,109.00,0.1700,0.8300,yes
a91cfaaa-49e9-51e2-4d73-f5703bf4e875,KXMAYORMINN-26-OFAT,2025-11-05T01:17:28.055479Z,5.00,0.1700,0.8300,yes
059d1d16-1192-792c-1513-4558311f26da,KXMAYORMINN-26-OFAT,2025-11-05T01:13:58.256047Z,3.00,0.1400,0.8600,no
99a8b721-3d52-42b0-0ff3-4c82958fcb56,KXMAYORMINN-26-OFAT,2025-11-05T01:13:49.314524Z,1.00,0.1400,0.8600,no
eccbd532-ff02-403c-9fae-fbc56995b706,KXMAYORMINN-26-OFAT,2025-11-05T01:06:48.283623Z,5.00,0.1400,0.8600,no
f28f4937-e2d1-422f-b4dd-7890786bd88b,KXMAYORMINN-26-OFAT,2025-11-05T01:01:49.2068Z,11.00,0.1300,0.8700,no
af4de8fe-b0c0-4215-f0d7-0181d704d562,KXMAYORMINN-26-OFAT,2025-11-05T00:51:15.162354Z,4.00,0.1200,0.8800,no
162d1d0d-ad83-6c1f-8db2-1de616c0719b,KXMAYORMINN-26-OFAT,2025-11-05T00:46:18.191278Z,62.00,0.1500,0.8500,yes
8ed4baf4-89ef-454f-b1e4-e0d195ca541b,KXMAYORMINN-26-OFAT,2025-11-05T00:45:08.207262Z,120.00,0.1500,0.8500,yes
7d021256-1a8c-5b13-4af0-3d0d5a7e7edb,KXMAYORMINN-26-OFAT,2025-11-05T00:43:51.591973Z,982.00,0.1500,0.8500,yes
1235876c-6f01-4a9e-31bf-01e62c2bbfb3,KXMAYORMINN-26-OFAT,2025-11-05T00:39:55.366904Z,151.00,0.1500,0.8500,yes
717cdbca-4699-4036-7030-b8b10aec5823,KXMAYORMINN-26-OFAT,2025-11-05T00:37:42.45349Z,94.00,0.1500,0.8500,yes
fefc66f7-c83a-55e7-3c5e-36e94aea9439,KXMAYORMINN-26-OFAT,2025-11-05T00:37:23.042814Z,9.00,0.1300,0.8700,no
adaf65f0-c6ba-6f4b-c381-f6a7812d2095,KXMAYORMINN-26-OFAT,2025-11-05T00:37:12.56253Z,9.00,0.1300,0.8700,no
b63523c3-2431-6392-5d5c-3fbca03a3573,KXMAYORMINN-26-OFAT,2025-11-05T00:36:08.795717Z,62.00,0.1500,0.8500,yes
76c7a8f5-7cc7-4177-f35a-b8b4f3ac842d,KXMAYORMINN-26-OFAT,2025-11-05T00:32:52.678042Z,16.00,0.1400,0.8600,yes
eadee9b9-1d85-5419-41ff-1fed18a5c7b0,KXMAYORMINN-26-OFAT,2025-11-05T00:31:08.667798Z,100.00,0.1300,0.8700,yes
d2fcb223-9281-6145-1c6e-bfe36e29e98c,KXMAYORMINN-26-OFAT,2025-11-05T00:31:07.83441Z,100.00,0.1300,0.8700,yes
d3f42a64-1d71-6011-9b49-71f175fd275c,KXMAYORMINN-26-OFAT,2025-11-05T00:31:06.707896Z,100.00,0.1300,0.8700,yes
ec1af437-a495-7ec9-86d9-22809bdc8600,KXMAYORMINN-26-OFAT,2025-11-05T00:31:04.486042Z,100.00,0.1300,0.8700,yes
6999f734-5971-45a9-8244-e2114a316c64,KXMAYORMINN-26-OFAT,2025-11-05T00:31:03.439246Z,100.00,0.1300,0.8700,yes
bdf375f7-a021-5eb9-12c8-50a10d653aa8,KXMAYORMINN-26-OFAT,2025-11-05T00:31:02.47849Z,100.00,0.1300,0.8700,yes
4032aeb0-a925-4dd1-5a90-6de2f5b8a4cc,KXMAYORMINN-26-OFAT,2025-11-05T00:31:01.752536Z,100.00,0.1300,0.8700,yes
aa4ad1b6-92dd-6fd9-ea60-47586d796b84,KXMAYORMINN-26-OFAT,2025-11-05T00:31:01.030488Z,100.00,0.1300,0.8700,yes
9b7f2342-1161-7d5d-cc25-e0d58e63ae60,KXMAYORMINN-26-OFAT,2025-11-05T00:31:00.323608Z,100.00,0.1300,0.8700,yes
17e35f23-5967-5b9e-0785-e249e17481f8,KXMAYORMINN-26-OFAT,2025-11-05T00:31:00.055943Z,13.00,0.1300,0.8700,no
4dfa0062-6b30-6db7-8d41-48e3c0e3d9cb,KXMAYORMINN-26-OFAT,2025-11-05T00:30:54.008098Z,100.00,0.1300,0.8700,yes
2f35ca89-8e4c-7b0b-15a1-747f2cd1694f,KXMAYORMINN-26-OFAT,2025-11-05T00:30:53.466275Z,99.00,0.1300,0.8700,yes
d6ac0f7f-be88-542b-e711-dc8adb403143,KXMAYORMINN-26-OFAT,2025-11-05T00:30:52.649491Z,100.00,0.1300,0.8700,yes
98d40f24-bfe0-51eb-8f6b-c60dab6fb75b,KXMAYORMINN-26-OFAT,2025-11-05T00:30:51.938566Z,100.00,0.1300,0.8700,yes
a4cb8879-22d8-4cbb-6ae4-9f3fb7c6809b,KXMAYORMINN-26-OFAT,2025-11-05T00:30:50.786336Z,3.00,0.1300,0.8700,yes
9a68e5d9-eb38-4417-6534-53bfb5e3b3e7,KXMAYORMINN-26-OFAT,2025-11-05T00:30:50.786336Z,97.00,0.1300,0.8700,yes
aaebf66b-3594-7415-bff8-b1c6b1b2ebda,KXMAYORMINN-26-OFAT,2025-11-05T00:30:46.713791Z,830.00,0.1200,0.8800,no
8b969d6d-d14d-70a9-2520-3b344bf8bfc4,KXMAYORMINN-26-OFAT,2025-11-05T00:30:28.470617Z,100.00,0.1300,0.8700,yes
087009ef-2c61-7fcd-f2fd-ff902ff2ba5c,KXMAYORMINN-26-OFAT,2025-11-05T00:30:27.518826Z,100.00,0.1300,0.8700,yes
c17e92d2-b2d9-43a9-66dc-6661bc2d89bc,KXMAYORMINN-26-OFAT,2025-11-05T00:30:26.63692Z,100.00,0.1300,0.8700,yes
0fbe0a2a-f07d-74bc-78cc-9ab70d340f7b,KXMAYORMINN-26-OFAT,2025-11-05T00:30:18.70585Z,100.00,0.1300,0.8700,yes
0caa5c72-5e35-77f0-7106-ceb46313a06f,KXMAYORMINN-26-OFAT,2025-11-05T00:30:17.526898Z,100.00,0.1300,0.8700,yes
043dffc9-9c0d-60f0-6d0c-9a94c5381593,KXMAYORMINN-26-OFAT,2025-11-05T00:30:16.411659Z,100.00,0.1300,0.8700,yes
e4d3f3e3-a02d-601a-97f8-4800ef78297d,KXMAYORMINN-26-OFAT,2025-11-05T00:29:55.23283Z,27.00,0.1700,0.8300,yes
de3653ec-7c66-68aa-f065-2ed871bc2226,KXMAYORMINN-26-OFAT,2025-11-05T00:29:19.012558Z,300.00,0.1300,0.8700,yes
fe3cf54f-718b-5115-a9ea-36c5af941245,KXMAYORMINN-26-OFAT,2025-11-05T00:29:08.966955Z,15.00,0.1200,0.8800,yes
b0ad1db5-9782-489b-e625-80361856902b,KXMAYORMINN-26-OFAT,2025-11-05T00:28:57.227732Z,12.00,0.1200,0.8800,yes
37588557-a7c9-4024-e942-30f788f4ef22,KXMAYORMINN-26-OFAT,2025-11-05T00:28:57.227732Z,288.00,0.1300,0.8700,yes
89c4de22-f7f7-626f-5e4e-7602eb61712a,KXMAYORMINN-26-OFAT,2025-11-05T00:28:24.075992Z,4.00,0.1100,0.8900,no
e716849d-b2eb-52b3-cbdd-f0202409d7b2,KXMAYORMINN-26-OFAT,2025-11-05T00:28:06.761481Z,4.00,0.1100,0.8900,no
c7694dc0-8b1f-49cf-a9ce-c425841b7c4f,KXMAYORMINN-26-OFAT,2025-11-05T00:28:06.322994Z,10.00,0.1300,0.8700,no
9bb82abc-fd26-48df-99a3-281bd234b251,KXMAYORMINN-26-OFAT,2025-11-05T00:28:06.322994Z,2095.00,0.1300,0.8700,no
3aed4082-b1eb-4b0b-8cf4-80318a211dea,KXMAYORMINN-26-OFAT,2025-11-05T00:28:06.322994Z,682.00,0.1100,0.8900,no
27cfa75e-f15e-7b9f-a193-78521b9b4a29,KXMAYORMINN-26-OFAT,2025-11-05T00:27:25.16928Z,2787.00,0.1300,0.8700,no
178e1baa-14be-5ddb-67bf-3fc0168424f9,KXMAYORMINN-26-OFAT,2025-11-05T00:22:16.30807Z,4.00,0.1300,0.8700,no
19ced4ab-b6d5-7a28-20db-990cb44906e9,KXMAYORMINN-26-OFAT,2025-11-05T00:21:31.892142Z,10.00,0.1600,0.8400,yes
8ad850f4-157a-5233-e18b-269d6dca9abd,KXMAYORMINN-26-OFAT,2025-11-05T00:20:49.074481Z,100.00,0.1300,0.8700,no
8122fdac-ee6a-5a98-8059-629b7b838e8f,KXMAYORMINN-26-OFAT,2025-11-05T00:20:24.992781Z,13.00,0.1400,0.8600,no
46351d5c-6dbf-6c91-dc95-d261fd7f1efd,KXMAYORMINN-26-OFAT,2025-11-05T00:13:19.659641Z,4.00,0.1600,0.8400,yes
7df230b1-0bf7-7b75-c6ae-797d3cb0a675,KXMAYORMINN-26-OFAT,2025-11-05T00:10:16.715353Z,29.00,0.1600,0.8400,yes
7a639807-7783-614d-6c80-aa0dab2acd54,KXMAYORMINN-26-OFAT,2025-11-05T00:08:04.262003Z,1.00,0.1500,0.8500,no
640e1ca9-0dad-4c7f-28b6-1fab03d147b6,KXMAYORMINN-26-OFAT,2025-11-05T00:07:55.135469Z,13.00,0.1500,0.8500,no
8ab7dcb8-79eb-7b0b-a1fe-a32c3e066f32,KXMAYORMINN-26-OFAT,2025-11-05T00:03:41.095637Z,5.00,0.1200,0.8800,no
829cf47e-ce77-7903-6167-6371db205104,KXMAYORMINN-26-OFAT,2025-11-05T00:01:51.551265Z,2.00,0.1300,0.8700,no
361284bd-3f39-62e3-c7be-d7882d1b10f5,KXMAYORMINN-26-OFAT,2025-11-04T23:52:36.415743Z,3.00,0.1300,0.8700,no
bb09e3aa-0ea9-7d56-ac07-570ff95ab2a5,KXMAYORMINN-26-OFAT,2025-11-04T23:51:40.210387Z,5.00,0.1700,0.8300,yes
5522c08f-ea31-4dd2-c516-7691189c6999,KXMAYORMINN-26-OFAT,2025-11-04T23:51:28.774754Z,10.00,0.1700,0.8300,yes
ddded559-7e23-59bf-ce06-d7fb4e1ff7d2,KXMAYORMINN-26-OFAT,2025-11-04T23:51:18.176902Z,162.00,0.1200,0.8800,no
f30bef1f-f3fd-7efe-0799-a4df9e62e555,KXMAYORMINN-26-OFAT,2025-11-04T23:51:03.155661Z,100.00,0.1700,0.8300,yes
70eb30d1-1a9f-7457-7840-4dfc398159ce,KXMAYORMINN-26-OFAT,2025-11-04T23:47:13.016718Z,5.00,0.1200,0.8800,no
f689a8dd-eca3-479d-76b5-b3d0eaaaa842,KXMAYORMINN-26-OFAT,2025-11-04T23:47:02.613807Z,10.00,0.1300,0.8700,no
792542fb-bce7-4fc7-5f9d-5f60cdcd1632,KXMAYORMINN-26-OFAT,2025-11-04T23:47:02.613807Z,25.00,0.1200,0.8800,no
ed484566-f629-4f76-6947-a62569323a19,KXMAYORMINN-26-OFAT,2025-11-04T23:46:01.636448Z,27.00,0.1700,0.8300,yes
699d4c28-8755-679e-81d7-c48da6151e69,KXMAYORMINN-26-OFAT,2025-11-04T23:45:35.486708Z,774.00,0.1700,0.8300,yes
0f4e337e-07e5-5122-dc2d-0459b20760cd,KXMAYORMINN-26-OFAT,2025-11-04T23:45:35.192998Z,11.00,0.1700,0.8300,yes
a9c15f97-1175-6eaa-4115-3f405b0e3b59,KXMAYORMINN-26-OFAT,2025-11-04T23:45:35.001837Z,15.00,0.1700,0.8300,yes
8163a649-bd35-775e-f0e1-65f2c465f86d,KXMAYORMINN-26-OFAT,2025-11-04T23:45:34.906755Z,22.00,0.1700,0.8300,yes
e4e85b49-75d9-6e72-7123-102cb46040d1,KXMAYORMINN-26-OFAT,2025-11-04T23:45:34.505776Z,114.00,0.1700,0.8300,yes
502eb3bc-bda2-69d6-649d-2e3420d2ad30,KXMAYORMINN-26-OFAT,2025-11-04T23:45:34.505776Z,16.00,0.1600,0.8400,yes
6302c08e-484d-5e49-4d9d-3f1fb32c1f34,KXMAYORMINN-26-OFAT,2025-11-04T23:43:30.763036Z,2053.00,0.1600,0.8400,yes
13b16c72-496d-433d-0fbb-9b093e47f5a8,KXMAYORMINN-26-OFAT,2025-11-04T23:41:59.583846Z,64.00,0.1600,0.8400,yes
cc354542-8ca9-72fe-88f7-a5cf7884f552,KXMAYORMINN-26-OFAT,2025-11-04T23:39:16.605907Z,866.00,0.1600,0.8400,yes
b2a815f2-b395-7ba1-9ea4-fac86b9003a4,KXMAYORMINN-26-OFAT,2025-11-04T23:39:16.605907Z,104.00,0.1600,0.8400,yes
736b0d1f-a7e9-7f0e-a0e2-f3bc4b55d46a,KXMAYORMINN-26-OFAT,2025-11-04T23:38:37.287888Z,134.00,0.1600,0.8400,yes
3f873460-7920-73d8-bb7c-a807a2084cc0,KXMAYORMINN-26-OFAT,2025-11-04T23:38:37.287888Z,13.00,0.1600,0.8400,yes
45279b4f-5286-4d12-2ae7-b3327d9cd844,KXMAYORMINN-26-OFAT,2025-11-04T23:15:52.088612Z,38.00,0.1600,0.8400,yes
be451e26-5f48-5c5a-e544-cd4087732d13,KXMAYORMINN-26-OFAT,2025-11-04T23:15:15.495333Z,23.00,0.1600,0.8400,yes
6d992694-205a-506a-de5c-85e0d5b9e85c,KXMAYORMINN-26-OFAT,2025-11-04T23:15:15.495333Z,83.00,0.1600,0.8400,yes
94385a2c-a5dc-7bf1-2a9c-648194e9fe88,KXMAYORMINN-26-OFAT,2025-11-04T23:11:31.565176Z,107.00,0.1300,0.8700,no
5076c788-8cc8-6a1d-fad4-35a1dd27c934,KXMAYORMINN-26-OFAT,2025-11-04T23:11:30.316791Z,4.00,0.1300,0.8700,no
d61c517d-6884-625e-54f8-491aec4337db,KXMAYORMINN-26-OFAT,2025-11-04T23:11:22.051916Z,26.00,0.1600,0.8400,yes
90492214-f945-607d-3d91-505d7b9dee54,KXMAYORMINN-26-OFAT,2025-11-04T23:11:21.165526Z,4.00,0.1400,0.8600,no
d331112e-d4a1-594e-0a44-a3d3ad4b505e,KXMAYORMINN-26-OFAT,2025-11-04T23:11:20.88439Z,10.00,0.1400,0.8600,no
90c7a2ad-04d5-517d-25c8-492d0324f974,KXMAYORMINN-26-OFAT,2025-11-04T23:11:20.88439Z,1540.00,0.1400,0.8600,no
66ee2ccb-d92c-5b1f-2542-a9c462eff7f7,KXMAYORMINN-26-OFAT,2025-11-04T23:11:20.88439Z,450.00,0.1500,0.8500,no
ad5460d4-05fb-7e59-3a76-335d1d978293,KXMAYORMINN-26-OFAT,2025-11-04T23:09:21.625824Z,1.00,0.1500,0.8500,yes
9242a19c-0bbc-6e6e-1426-9364cd522ef7,KXMAYORMINN-26-OFAT,2025-11-04T23:08:22.161707Z,18.00,0.1500,0.8500,yes
434c5b33-6974-668a-d551-c300d4b35497,KXMAYORMINN-26-OFAT,2025-11-04T23:08:22.149986Z,19.00,0.1500,0.8500,yes
f85ff254-0210-4b76-8e20-fdc813b6d137,KXMAYORMINN-26-OFAT,2025-11-04T23:08:22.082462Z,43.00,0.1500,0.8500,yes
c3e0a769-48c4-4406-8bc0-2097a3f28307,KXMAYORMINN-26-OFAT,2025-11-04T23:08:22.07719Z,300.00,0.1500,0.8500,yes
b204563d-5494-790a-69bb-a7e66b95b52b,KXMAYORMINN-26-OFAT,2025-11-04T23:08:22.071375Z,257.00,0.1500,0.8500,yes
83bf20a4-4e9c-78e2-ff56-d78d11afb017,KXMAYORMINN-26-OFAT,2025-11-04T23:07:28.24779Z,42.00,0.1500,0.8500,yes
a1a8b692-4560-4aba-0834-40c2d8cdef83,KXMAYORMINN-26-OFAT,2025-11-04T23:06:22.195115Z,31.00,0.1500,0.8500,yes
d4b4e136-18d4-604e-5ee5-c5f2a47aa1f7,KXMAYORMINN-26-OFAT,2025-11-04T23:06:21.221216Z,92.00,0.1500,0.8500,yes
7b26b299-d140-702a-076c-284529ad267b,KXMAYORMINN-26-OFAT,2025-11-04T23:04:54.796227Z,1143.00,0.1500,0.8500,yes
3078c314-c2c8-677a-f0b4-d3776a09fb37,KXMAYORMINN-26-OFAT,2025-11-04T23:03:26.202431Z,6.00,0.1500,0.8500,yes
ff588c3f-196e-5516-aa6f-d1386c8eea40,KXMAYORMINN-26-OFAT,2025-11-04T23:02:13.337999Z,2000.00,0.1400,0.8600,no
99cd7396-0bce-517b-10a4-7f3761c254c9,KXMAYORMINN-26-OFAT,2025-11-04T23:00:37.420313Z,59.00,0.1600,0.8400,yes
07ccd77f-3aa6-4752-7010-c975ed1adcd6,KXMAYORMINN-26-OFAT,2025-11-04T22:57:08.653074Z,5.00,0.1300,0.8700,no
8d983970-c0ce-6732-0354-5b5d4a9d0bfa,KXMAYORMINN-26-OFAT,2025-11-04T22:56:57.422561Z,9.00,0.1300,0.8700,no
cfb29b15-952a-58fa-b674-5f0bec83439e,KXMAYORMINN-26-OFAT,2025-11-04T22:56:45.74072Z,4.00,0.1300,0.8700,no
1aa7dd24-6b3a-4e1a-b20d-dcabeddc7eca,KXMAYORMINN-26-OFAT,2025-11-04T22:56:30.529087Z,4.00,0.1300,0.8700,no
bfa63a6b-db9a-6742-90b3-4a585909ab86,KXMAYORMINN-26-OFAT,2025-11-04T22:56:30.329064Z,6.00,0.1300,0.8700,no
662a0ecf-28c8-7a5f-7680-8a373ee1c70e,KXMAYORMINN-26-OFAT,2025-11-04T22:54:51.080031Z,2.00,0.1400,0.8600,no
4aef970f-9be4-7833-5a04-b6db9000ef44,KXMAYORMINN-26-OFAT,2025-11-04T22:54:51.080031Z,4.00,0.1400,0.8600,no
389e08d0-89f8-7bac-7989-938168b7db13,KXMAYORMINN-26-OFAT,2025-11-04T22:54:51.080031Z,32.00,0.1300,0.8700,no
02073b42-a704-4b67-5154-f2ab12ab3c40,KXMAYORMINN-26-OFAT,2025-11-04T22:53:31.666696Z,5.00,0.1400,0.8600,no
d28dd1d1-9e2c-7843-58a3-2f95fc9caef4,KXMAYORMINN-26-OFAT,2025-11-04T22:52:57.00223Z,1.00,0.1400,0.8600,no
0c1b6166-8e01-51d0-f7ce-dc558445b277,KXMAYORMINN-26-OFAT,2025-11-04T22:50:40.32648Z,9.00,0.1400,0.8600,no
c3a1c32d-5e31-7142-1007-350c33cd643f,KXMAYORMINN-26-OFAT,2025-11-04T22:50:08.379417Z,73.00,0.1300,0.8700,no
629cfc50-b09e-6217-ff0d-09ec8b3e3a49,KXMAYORMINN-26-OFAT,2025-11-04T22:49:52.538305Z,82.00,0.1600,0.8400,yes
44ed796d-8011-47a0-3196-eb939bbd6656,KXMAYORMINN-26-OFAT,2025-11-04T22:48:25.097882Z,666.00,0.1400,0.8600,no
d5d8fa0c-f9da-5592-10de-b305ae01a102,KXMAYORMINN-26-OFAT,2025-11-04T22:46:21.142697Z,500.00,0.1400,0.8600,no
4f11c601-28db-4b39-f6c1-15f4ad37b5ce,KXMAYORMINN-26-OFAT,2025-11-04T22:46:08.960271Z,5.00,0.1700,0.8300,yes
d9330019-5332-6da6-2628-fde4c2e932ea,KXMAYORMINN-26-OFAT,2025-11-04T22:45:48.010948Z,476.00,0.1500,0.8500,no
cd087b05-cad6-6275-08a7-aa9806add544,KXMAYORMINN-26-OFAT,2025-11-04T22:45:48.010948Z,12.00,0.1500,0.8500,no
b9a8edd6-64f4-4e19-7e25-18e1e0394933,KXMAYORMINN-26-OFAT,2025-11-04T22:45:19.816262Z,12.00,0.1600,0.8400,no
ac7ad876-5118-40f9-7e94-73f9efc38feb,KXMAYORMINN-26-OFAT,2025-11-04T22:45:19.816262Z,20.00,0.1600,0.8400,no
910154f1-f578-6df6-a045-eede4f830200,KXMAYORMINN-26-OFAT,2025-11-04T22:44:31.046374Z,870.00,0.1400,0.8600,no
c3aed312-8f98-55e5-a941-d87e9e89b491,KXMAYORMINN-26-OFAT,2025-11-04T22:42:00.964631Z,13.00,0.1700,0.8300,yes
b5c7f59a-858f-53c5-80fd-841e1db03f0a,KXMAYORMINN-26-OFAT,2025-11-04T22:42:00.964631Z,98.00,0.1700,0.8300,yes
a8c822ae-f1cf-7b81-0139-857aa6baf975,KXMAYORMINN-26-OFAT,2025-11-04T22:41:44.278021Z,1528.00,0.1600,0.8400,yes
8a3ccdbc-b46f-4c81-6f6d-8ec87b2b371d,KXMAYORMINN-26-OFAT,2025-11-04T22:37:59.030839Z,10.00,0.1600,0.8400,yes
129812d4-6c25-59f6-2bb9-1dbd135e4bb6,KXMAYORMINN-26-OFAT,2025-11-04T22:37:31.823303Z,500.00,0.1500,0.8500,no
2178a7f2-1245-6460-8a88-aca48647f087,KXMAYORMINN-26-OFAT,2025-11-04T22:36:13.452295Z,1999.00,0.1600,0.8400,no
fa1756cb-b107-68e6-22f0-68d5fdd8055f,KXMAYORMINN-26-OFAT,2025-11-04T22:35:06.157994Z,59.00,0.1700,0.8300,no
6a201673-6276-7a0a-9fbd-d0e6a2d8231f,KXMAYORMINN-26-OFAT,2025-11-04T22:33:40.688053Z,26.00,0.1800,0.8200,yes
9d03ea26-af73-7a1e-6f4d-b8500f851587,KXMAYORMINN-26-OFAT,2025-11-04T22:33:16.037589Z,50.00,0.1700,0.8300,no
cda6aa49-7ed6-5305-278f-e1e9b3d08c70,KXMAYORMINN-26-OFAT,2025-11-04T22:31:42.139671Z,2.00,0.1700,0.8300,no
ac2c2827-9803-5742-2111-80bf3b0409ff,KXMAYORMINN-26-OFAT,2025-11-04T22:31:42.139671Z,2.00,0.1700,0.8300,no
b2ba4c84-229e-5f79-9ad0-de7e9ed582a5,KXMAYORMINN-26-OFAT,2025-11-04T22:14:49.036002Z,190.00,0.2000,0.8000,yes
14476378-dc0e-5609-0798-328269d016bd,KXMAYORMINN-26-OFAT,2025-11-04T22:12:29.806401Z,2.00,0.2000,0.8000,yes
7826d037-1b72-70bd-0b61-2195a2b3c8ad,KXMAYORMINN-26-OFAT,2025-11-04T22:11:47.535942Z,5.00,0.2000,0.8000,yes
bae49514-feff-706a-f36c-392de9cc6397,KXMAYORMINN-26-OFAT,2025-11-04T22:10:33.439848Z,238.00,0.1700,0.8300,no
dd89cce9-2107-55ea-432b-2f282e305e23,KXMAYORMINN-26-OFAT,2025-11-04T22:10:28.458188Z,168.00,0.1700,0.8300,no
64504c8d-1caa-717a-54d5-89e1d360409f,KXMAYORMINN-26-OFAT,2025-11-04T22:06:33.927993Z,5.00,0.1800,0.8200,no
f52de652-f8d4-7f2d-d903-315f554c0f37,KXMAYORMINN-26-OFAT,2025-11-04T22:01:25.898055Z,20.00,0.2100,0.7900,yes
8c3437fc-169c-4291-accb-884480032d4b,KXMAYORMINN-26-OFAT,2025-11-04T21:55:23.702039Z,45.00,0.2100,0.7900,yes
f6b14789-f068-664e-d821-ffbab5f448cc,KXMAYORMINN-26-OFAT,2025-11-04T21:53:27.575839Z,473.00,0.2000,0.8000,yes
2eec63a9-babd-5142-4d43-54a00d8d44ba,KXMAYORMINN-26-OFAT,2025-11-04T21:52:59.082622Z,7.00,0.1800,0.8200,no
7f1deee2-ffdd-681a-a088-b51ebab5e8ca,KXMAYORMINN-26-OFAT,2025-11-04T21:46:49.027898Z,100.00,0.1800,0.8200,no
d80936f3-849d-45d3-e188-ccb6bd922e91,KXMAYORMINN-26-OFAT,2025-11-04T21:42:09.111997Z,227.00,0.1900,0.8100,yes
96770be1-f616-4721-d3bd-df277c12655c,KXMAYORMINN-26-OFAT,2025-11-04T21:42:09.111997Z,49.00,0.1900,0.8100,yes
6bab1189-f211-590a-f2b0-25249fec161e,KXMAYORMINN-26-OFAT,2025-11-04T21:38:02.72767Z,59.00,0.1800,0.8200,no
333bd7b9-34a7-5002-fabf-127a01766d31,KXMAYORMINN-26-OFAT,2025-11-04T21:38:02.72767Z,250.00,0.1800,0.8200,no
8589e207-23ad-58e3-b1f1-200d1db6e2bd,KXMAYORMINN-26-OFAT,2025-11-04T21:34:55.595817Z,50.00,0.1900,0.8100,yes
fd2c3c6f-6751-6a9b-1611-971100a3a349,KXMAYORMINN-26-OFAT,2025-11-04T21:31:34.915524Z,5.00,0.1900,0.8100,yes
edc253e0-c591-50c3-f684-7bef5f021705,KXMAYORMINN-26-OFAT,2025-11-04T21:30:03.460159Z,1.00,0.1900,0.8100,yes
2012f9a2-9249-67cb-2788-e18673afef49,KXMAYORMINN-26-OFAT,2025-11-04T21:29:29.847118Z,5.00,0.1900,0.8100,yes
d0d7a3fd-c9a9-7d8b-45b1-b17bbfe9b8fd,KXMAYORMINN-26-OFAT,2025-11-04T21:28:21.04079Z,10.00,0.1900,0.8100,yes
aeaf7ab8-5411-5ffb-c355-e93969530e7d,KXMAYORMINN-26-OFAT,2025-11-04T21:27:46.062855Z,25.00,0.1900,0.8100,yes
e5fc4c26-ffc9-6e9f-4b5e-f99ad0fa4d65,KXMAYORMINN-26-OFAT,2025-11-04T21:25:29.31215Z,3.00,0.1900,0.8100,yes
1db96add-fd57-788a-af69-7e472ae9e9a3,KXMAYORMINN-26-OFAT,2025-11-04T21:16:03.343511Z,43.00,0.1700,0.8300,no
b7bbce6f-0ae6-790d-ac30-d5fb84894cac,KXMAYORMINN-26-OFAT,2025-11-04T21:05:08.303644Z,24.00,0.1700,0.8300,no
ad39fcaa-e445-7aa6-b2cc-99b28b6745c3,KXMAYORMINN-26-OFAT,2025-11-04T21:05:08.303644Z,5.00,0.1700,0.8300,no
9b33b958-a47d-5e23-10f9-1ba3cdb7ae19,KXMAYORMINN-26-OFAT,2025-11-04T21:02:23.688837Z,122.00,0.1900,0.8100,yes
0c3a3d58-7171-7e9f-40d6-49f898d14e15,KXMAYORMINN-26-OFAT,2025-11-04T21:00:06.605017Z,100.00,0.1900,0.8100,yes
6a6d7e3c-9065-7b1b-53a5-0fb0aacfa62d,KXMAYORMINN-26-OFAT,2025-11-04T20:53:24.287767Z,24.00,0.1900,0.8100,yes
fe5f2de0-83fd-7e27-4bfd-ab45f67b1631,KXMAYORMINN-26-OFAT,2025-11-04T20:51:57.423286Z,97.00,0.1900,0.8100,yes
46174e77-90f5-5b47-72d6-9fbf0588257d,KXMAYORMINN-26-OFAT,2025-11-04T20:45:36.874628Z,49.00,0.1900,0.8100,yes
d90edbfe-daf1-62fb-70be-46b1fc15f6c9,KXMAYORMINN-26-OFAT,2025-11-04T20:39:43.049037Z,74.00,0.1900,0.8100,yes
4d41901b-ec91-6e2b-2808-d04c67d68c45,KXMAYORMINN-26-OFAT,2025-11-04T20:38:50.885501Z,4.00,0.1900,0.8100,yes
3b19550c-1531-7787-db07-d503116ead8d,KXMAYORMINN-26-OFAT,2025-11-04T20:38:20.172347Z,4.00,0.1900,0.8100,yes
c52ab98a-aa74-549a-793b-e3c60ec56a0c,KXMAYORMINN-26-OFAT,2025-11-04T20:37:38.975675Z,4.00,0.2000,0.8000,yes
c985eafe-e4d4-750f-f289-106ae443f1d7,KXMAYORMINN-26-OFAT,2025-11-04T20:37:35.330533Z,9.00,0.2000,0.8000,yes
92d75fda-6c08-7e96-d594-e7049739608c,KXMAYORMINN-26-OFAT,2025-11-04T20:37:35.330533Z,471.00,0.2000,0.8000,yes
7e50c44a-0a27-5eaa-7cd3-64a6e60ac078,KXMAYORMINN-26-OFAT,2025-11-04T20:20:36.932281Z,5.00,0.2000,0.8000,yes
b591d67a-538e-508b-6994-5cf3b53e99aa,KXMAYORMINN-26-OFAT,2025-11-04T20:20:21.293254Z,1.00,0.1900,0.8100,yes
9b53edea-a664-7fd6-d683-5b16a74d6bad,KXMAYORMINN-26-OFAT,2025-11-04T20:15:28.068871Z,3419.00,0.1900,0.8100,yes
c325b1bb-4b34-70ea-826b-cbc286e069a5,KXMAYORMINN-26-OFAT,2025-11-04T20:13:19.81831Z,24.00,0.1900,0.8100,yes
e82eec9b-bc00-5eca-79e4-f81ab66a8ea5,KXMAYORMINN-26-OFAT,2025-11-04T20:04:42.673085Z,10.00,0.1900,0.8100,yes
57e051f9-eba0-5a95-2d6e-e7ebcb658bfc,KXMAYORMINN-26-OFAT,2025-11-04T20:03:00.628018Z,4.00,0.1900,0.8100,yes
b107a7b3-4b4c-5b01-280c-610064a2e328,KXMAYORMINN-26-OFAT,2025-11-04T20:02:49.67102Z,4.00,0.1900,0.8100,yes
22f6e65d-cac8-7e85-13f6-8d1d2454e8bc,KXMAYORMINN-26-OFAT,2025-11-04T20:02:49.336517Z,20.00,0.1900,0.8100,yes
ef37892d-7dde-6a64-5ace-5d637ec72581,KXMAYORMINN-26-OFAT,2025-11-04T20:01:35.432708Z,7.00,0.1900,0.8100,yes
bd4f95fa-9730-6459-427b-ba172f102c3c,KXMAYORMINN-26-OFAT,2025-11-04T20:01:35.432708Z,5.00,0.1900,0.8100,yes
275462dc-ed26-5b3b-b415-cd7ef9064908,KXMAYORMINN-26-OFAT,2025-11-04T19:59:59.557076Z,20.00,0.1900,0.8100,yes
4cec2043-0a06-6e07-531d-acdca891e2c8,KXMAYORMINN-26-OFAT,2025-11-04T19:56:59.072159Z,49.00,0.1900,0.8100,yes
7267d9f5-72be-6dab-8e7b-d4ce3b9a2438,KXMAYORMINN-26-OFAT,2025-11-04T19:54:58.228745Z,185.00,0.1900,0.8100,yes
da1b959d-5d3d-4881-71fe-7fb4453bddaf,KXMAYORMINN-26-OFAT,2025-11-04T19:51:12.530522Z,1.00,0.1900,0.8100,yes
d9d8fdf6-3d7c-46c1-74ad-aa4552bf19a7,KXMAYORMINN-26-OFAT,2025-11-04T19:51:12.530522Z,48.00,0.1900,0.8100,yes
a80362a1-f1a4-434d-2fda-6838403b8583,KXMAYORMINN-26-OFAT,2025-11-04T19:45:58.887019Z,4.00,0.2100,0.7900,yes
bf005de6-1b4d-6080-2036-84b77afa7333,KXMAYORMINN-26-OFAT,2025-11-04T19:45:58.687144Z,9.00,0.1600,0.8400,no
bbcd9b46-16b3-695f-0cbd-424bc7030efd,KXMAYORMINN-26-OFAT,2025-11-04T19:45:58.687144Z,4.00,0.1900,0.8100,no
3b03e15b-fc23-6703-062d-cbaf55f0356d,KXMAYORMINN-26-OFAT,2025-11-04T19:45:58.687144Z,10.00,0.1700,0.8300,no
729d6f9a-4522-6840-8941-deacc6b78e30,KXMAYORMINN-26-OFAT,2025-11-04T19:42:37.417479Z,7.00,0.2000,0.8000,yes
461db2e7-ae80-5b91-8f0a-df9ab4bebd4f,KXMAYORMINN-26-OFAT,2025-11-04T19:41:47.624472Z,43.00,0.2100,0.7900,yes
1dada0c4-7328-41b9-972d-be9548d511e7,KXMAYORMINN-26-OFAT,2025-11-04T19:33:44.514974Z,4.00,0.2100,0.7900,yes
11b8d26b-af38-71f5-6150-010071e16a53,KXMAYORMINN-26-OFAT,2025-11-04T19:32:34.535243Z,4.00,0.2100,0.7900,yes
73d16c61-1aa4-7380-e003-935912325df4,KXMAYORMINN-26-OFAT,2025-11-04T19:31:18.287642Z,8.00,0.1900,0.8100,yes
3da21223-fc40-725d-d98a-4a2674735e87,KXMAYORMINN-26-OFAT,2025-11-04T19:31:18.287642Z,15.00,0.2100,0.7900,yes
6d18ea93-9f16-4ed4-56d7-608a0dd79919,KXMAYORMINN-26-OFAT,2025-11-04T19:29:22.257714Z,1.00,0.2000,0.8000,yes
111ff840-4940-4496-5173-1f0147bc8e70,KXMAYORMINN-26-OFAT,2025-11-04T19:29:22.257714Z,8.00,0.2000,0.8000,yes
a3845d02-431a-7524-6a57-5036e44f6381,KXMAYORMINN-26-OFAT,2025-11-04T19:28:45.463215Z,2.00,0.2000,0.8000,yes
3f1d59b0-1258-79b9-5602-b55ae8b2271b,KXMAYORMINN-26-OFAT,2025-11-04T19:26:14.371132Z,45.00,0.2100,0.7900,yes
86bba312-6e08-7e99-525d-4355e3ddb56f,KXMAYORMINN-26-OFAT,2025-11-04T19:24:33.21099Z,30.00,0.2100,0.7900,yes
dd72da06-8621-57f5-693a-6559413b30ff,KXMAYORMINN-26-OFAT,2025-11-04T19:24:13.123651Z,3.00,0.2000,0.8000,yes
ab54bca7-309c-5421-5101-27f6f1fa50bf,KXMAYORMINN-26-OFAT,2025-11-04T19:24:13.123651Z,42.00,0.2100,0.7900,yes
09dce794-5e7d-5145-60e8-5c38c9a36c03,KXMAYORMINN-26-OFAT,2025-11-04T19:16:21.443099Z,7.00,0.2000,0.8000,yes
24160f44-e508-6ecd-edbd-0797c76bcd13,KXMAYORMINN-26-OFAT,2025-11-04T19:15:50.100379Z,135.00,0.2100,0.7900,yes
db575cb4-79e3-4355-030d-14bb46a846f7,KXMAYORMINN-26-OFAT,2025-11-04T19:14:02.269968Z,500.00,0.1700,0.8300,no
c4e8ebf7-6f7a-430f-14bb-0e6367c29c84,KXMAYORMINN-26-OFAT,2025-11-04T19:14:02.269968Z,15.00,0.1700,0.8300,no
9cc9cec2-eea1-4d5e-2bbe-265802fb0159,KXMAYORMINN-26-OFAT,2025-11-04T19:14:02.269968Z,7.00,0.2000,0.8000,no
8a1770c2-0eca-42e7-20a0-7f715d1e4120,KXMAYORMINN-26-OFAT,2025-11-04T19:14:02.269968Z,50.00,0.2000,0.8000,no
3215f8c3-19e4-40ee-2735-b7d5b1282367,KXMAYORMINN-26-OFAT,2025-11-04T19:14:02.269968Z,1000.00,0.2000,0.8000,no
2be54d20-b9d8-4b6e-2f70-52dab01f23bd,KXMAYORMINN-26-OFAT,2025-11-04T19:14:02.269968Z,1070.00,0.1600,0.8400,no
27b2fbae-345e-4222-1758-8348dc6ce274,KXMAYORMINN-26-OFAT,2025-11-04T19:14:02.269968Z,303.00,0.2000,0.8000,no
a34fdd9d-42f4-5545-cbc7-77deb625ba43,KXMAYORMINN-26-OFAT,2025-11-04T19:13:02.47344Z,40.00,0.2100,0.7900,yes
78adce24-23e0-4925-044c-bc08f26c0a83,KXMAYORMINN-26-OFAT,2025-11-04T19:08:15.823857Z,45.00,0.2100,0.7900,yes
5e016dbf-8c28-4a4d-6a1a-c9e22861b6c7,KXMAYORMINN-26-OFAT,2025-11-04T19:02:48.891421Z,225.00,0.2100,0.7900,yes
7ac0d6b6-b384-5841-7ba0-2e6b498e68d7,KXMAYORMINN-26-OFAT,2025-11-04T18:55:53.753604Z,2.00,0.2100,0.7900,yes
82bf565f-df28-633d-107b-1afd3f86e637,KXMAYORMINN-26-OFAT,2025-11-04T18:55:11.326679Z,48.00,0.2100,0.7900,yes
a70b5e37-5c2c-683d-6a7e-f1f3b6cee613,KXMAYORMINN-26-OFAT,2025-11-04T18:36:58.724054Z,100.00,0.2100,0.7900,yes
390ae6fa-00b2-541a-24f5-75e11d94f6ac,KXMAYORMINN-26-OFAT,2025-11-04T18:35:03.571923Z,28.00,0.2000,0.8000,no
9d9c8af9-8b0c-5ae1-43ba-47acec70d976,KXMAYORMINN-26-OFAT,2025-11-04T18:27:51.693226Z,43.00,0.2200,0.7800,yes
e45abb36-7fa2-7626-e502-6eefeb48a158,KXMAYORMINN-26-OFAT,2025-11-04T18:24:23.724172Z,12.00,0.2000,0.8000,no
d39b4a09-621a-4046-36ce-c198bd0083e4,KXMAYORMINN-26-OFAT,2025-11-04T18:20:09.234849Z,250.00,0.2000,0.8000,no
56dfa998-bd92-6cda-ed83-162cf7457a70,KXMAYORMINN-26-OFAT,2025-11-04T18:15:18.180688Z,18.00,0.2000,0.8000,no
3d88ded6-6726-7782-1e82-14b7900b2a18,KXMAYORMINN-26-OFAT,2025-11-04T17:47:32.146873Z,5.00,0.2000,0.8000,no
c311c860-eb00-6255-2471-82b18dc390aa,KXMAYORMINN-26-OFAT,2025-11-04T17:34:31.089223Z,21.00,0.2200,0.7800,yes
3db33fa9-31f2-79ba-5fe4-090732a6b088,KXMAYORMINN-26-OFAT,2025-11-04T17:29:13.443611Z,61.00,0.2000,0.8000,no
5d87afc0-df74-732a-9045-f550a33d3c25,KXMAYORMINN-26-OFAT,2025-11-04T17:18:48.682891Z,4.00,0.2300,0.7700,no
0c96db94-5adb-4185-ade9-ab8329de4b00,KXMAYORMINN-26-OFAT,2025-11-04T17:18:40.360126Z,4.00,0.2300,0.7700,yes
e70387f1-8c93-4779-4c93-8d92cd725cdc,KXMAYORMINN-26-OFAT,2025-11-04T17:18:34.03137Z,4.00,0.2300,0.7700,yes
331883e8-7bf7-6f85-a2c9-28aa42a12bf4,KXMAYORMINN-26-OFAT,2025-11-04T17:17:32.420171Z,13.00,0.2300,0.7700,yes
03696bd4-85d0-6bed-bc51-bfdb2254cad7,KXMAYORMINN-26-OFAT,2025-11-04T17:17:32.420171Z,7.00,0.2300,0.7700,yes
ce84b1e0-20ba-5946-138b-88e8403d35e5,KXMAYORMINN-26-OFAT,2025-11-04T17:12:52.426912Z,50.00,0.2300,0.7700,yes
b94e8c26-6626-4752-1419-d55456e89f59,KXMAYORMINN-26-OFAT,2025-11-04T17:11:00.60833Z,498.00,0.2300,0.7700,yes
5265c7cd-05bb-47b6-2362-4b3e9710647a,KXMAYORMINN-26-OFAT,2025-11-04T17:11:00.60833Z,492.00,0.2200,0.7800,yes
3fc17c37-785a-4d59-2071-7210b90eb7d4,KXMAYORMINN-26-OFAT,2025-11-04T17:11:00.60833Z,9.00,0.2200,0.7800,yes
d5d80785-1b43-6c8e-38bc-80cbcd37597a,KXMAYORMINN-26-OFAT,2025-11-04T17:00:25.825024Z,8.00,0.2200,0.7800,yes
1b497cc8-2563-608f-d880-a6ddc2a14494,KXMAYORMINN-26-OFAT,2025-11-04T16:45:21.253397Z,9.00,0.2100,0.7900,no
ebf59ff2-ca79-443c-fb0f-453c6ab4e593,KXMAYORMINN-26-OFAT,2025-11-04T16:37:29.039933Z,4.00,0.2400,0.7600,yes
a847140a-b991-40c3-ee89-0b2170374991,KXMAYORMINN-26-OFAT,2025-11-04T16:37:29.039933Z,5621.00,0.2400,0.7600,yes
a3d56d72-8096-4e8f-e0e9-a71f7e0e1804,KXMAYORMINN-26-OFAT,2025-11-04T16:37:29.039933Z,7.00,0.2300,0.7700,yes
898f6edf-83d2-4426-e17f-978b5ceb626c,KXMAYORMINN-26-OFAT,2025-11-04T16:37:29.039933Z,585.00,0.2500,0.7500,yes
58701c02-eab2-49f0-c858-609df73e456f,KXMAYORMINN-26-OFAT,2025-11-04T16:37:29.039933Z,11.00,0.2700,0.7300,yes
4f9943d9-d66d-4646-ed00-2f2f93c65271,KXMAYORMINN-26-OFAT,2025-11-04T16:37:29.039933Z,330.00,0.2300,0.7700,yes
393c0518-2869-437b-ee02-b31090f8fc21,KXMAYORMINN-26-OFAT,2025-11-04T16:37:29.039933Z,1000.00,0.2400,0.7600,yes
2a18fdee-a50a-453a-e02c-fee5b206177f,KXMAYORMINN-26-OFAT,2025-11-04T16:37:29.039933Z,1000.00,0.2500,0.7500,yes
046cfafb-bd94-4891-f7d6-ee95bf3a6536,KXMAYORMINN-26-OFAT,2025-11-04T16:37:29.039933Z,1000.00,0.2600,0.7400,yes
9cc84206-3dd7-490e-9edd-d7b94296298b,KXMAYORMINN-26-OFAT,2025-11-04T16:34:44.40154Z,350.00,0.2100,0.7900,no
142347cb-89d4-6e86-a49d-9bec6f984234,KXMAYORMINN-26-OFAT,2025-11-04T16:34:33.684784Z,7.00,0.2200,0.7800,no
8c5db4ed-d8d9-65f2-e11d-a2e5a62f3551,KXMAYORMINN-26-OFAT,2025-11-04T16:30:13.359555Z,40.00,0.2300,0.7700,yes
f533fe70-7ec9-687a-a6a6-c96eea05ecc1,KXMAYORMINN-26-OFAT,2025-11-04T16:23:30.212104Z,12.00,0.2300,0.7700,yes
ae1a23fe-6bbb-6c96-b712-5079c60cd8dd,KXMAYORMINN-26-OFAT,2025-11-04T16:23:30.212104Z,9.00,0.2200,0.7800,yes
83d9c578-7c25-5aaa-e163-9493f51aec91,KXMAYORMINN-26-OFAT,2025-11-04T16:18:50.322453Z,100.00,0.2300,0.7700,yes
457eccbb-7be2-6662-885e-ea52074b026d,KXMAYORMINN-26-OFAT,2025-11-04T16:13:13.13109Z,7.00,0.2100,0.7900,no
41e7ab71-daa6-6a3d-8326-d661c2680715,KXMAYORMINN-26-OFAT,2025-11-04T16:13:13.13109Z,443.00,0.2100,0.7900,no
d748be86-09f0-48bb-43c7-b114805e8ecb,KXMAYORMINN-26-OFAT,2025-11-04T16:10:21.87257Z,100.00,0.2100,0.7900,no
828aea54-a2dd-628a-4e29-846147e24771,KXMAYORMINN-26-OFAT,2025-11-04T16:07:58.519985Z,4.00,0.2300,0.7700,yes
7bac3672-37a9-665e-f474-9a49f2821ef9,KXMAYORMINN-26-OFAT,2025-11-04T16:07:34.913431Z,4.00,0.2300,0.7700,yes
ebf823fc-d58d-536e-e951-89fa590f2b51,KXMAYORMINN-26-OFAT,2025-11-04T16:07:34.715243Z,10.00,0.2300,0.7700,yes
3a50a9be-ad51-7de7-a91a-0556ca83c0e6,KXMAYORMINN-26-OFAT,2025-11-04T16:05:49.29589Z,7.00,0.2200,0.7800,yes
20374300-ff35-7c3b-5386-6ef6679f28b1,KXMAYORMINN-26-OFAT,2025-11-04T15:55:21.824679Z,4.00,0.2400,0.7600,yes
175fbedd-924a-4a16-d3db-1019d7dc1560,KXMAYORMINN-26-OFAT,2025-11-04T15:54:42.542531Z,80.00,0.2000,0.8000,no
ad4e4b39-0c23-7a7e-e483-3ceb21febde7,KXMAYORMINN-26-OFAT,2025-11-04T15:54:35.110279Z,192.00,0.2400,0.7600,yes
099ae6a4-f7b9-7e86-dc51-cf552c8e8bfe,KXMAYORMINN-26-OFAT,2025-11-04T15:54:35.110279Z,100.00,0.2400,0.7600,yes
01ba3f47-a3a0-703e-d3a8-82c911bd4bc6,KXMAYORMINN-26-OFAT,2025-11-04T15:54:35.110279Z,8.00,0.2400,0.7600,yes
5efd6278-b1e2-60c6-502b-f62f0ac9ca80,KXMAYORMINN-26-OFAT,2025-11-04T15:53:24.402337Z,1.00,0.2000,0.8000,no
f412c3f9-b242-5832-5d6c-120437840be4,KXMAYORMINN-26-OFAT,2025-11-04T15:53:09.045226Z,2.00,0.2000,0.8000,no
f593f350-4c6b-6742-ca5b-d4afff7f5943,KXMAYORMINN-26-OFAT,2025-11-04T15:52:06.152932Z,146.00,0.2400,0.7600,yes
61917e12-5fbb-6b3b-e5a8-944d07e57edf,KXMAYORMINN-26-OFAT,2025-11-04T15:52:06.152932Z,12.00,0.2400,0.7600,yes
43281241-377f-6c03-9756-c8f829e46f5f,KXMAYORMINN-26-OFAT,2025-11-04T15:45:51.102666Z,88.00,0.2400,0.7600,yes
3dd27d94-075c-6162-bc3a-18e02f3e818d,KXMAYORMINN-26-OFAT,2025-11-04T15:45:51.102666Z,10.00,0.2400,0.7600,yes
640c7634-0322-7bb2-548b-feecf051ce38,KXMAYORMINN-26-OFAT,2025-11-04T15:40:22.645021Z,50.00,0.2000,0.8000,no
45fd4610-9ccf-77d6-44c2-b923ef5ade78,KXMAYORMINN-26-OFAT,2025-11-04T15:36:21.948448Z,30.00,0.2100,0.7900,no
37b18f69-dffe-4c7a-5546-35c5b8437c38,KXMAYORMINN-26-OFAT,2025-11-04T15:34:19.495673Z,20.00,0.2500,0.7500,yes
a8aa70b6-9166-7d8a-65c9-95f1b8b448b8,KXMAYORMINN-26-OFAT,2025-11-04T15:30:26.57397Z,1.00,0.2000,0.8000,no
e2c3f01b-1442-7216-940c-191f25644c20,KXMAYORMINN-26-OFAT,2025-11-04T15:30:06.768217Z,119.00,0.2000,0.8000,no
7b148798-8a79-7b11-8c00-1b0d0d26f807,KXMAYORMINN-26-OFAT,2025-11-04T15:30:06.768217Z,1.00,0.2100,0.7900,no
3677985e-3d32-4e32-250d-4b81a7aecbc0,KXMAYORMINN-26-OFAT,2025-11-04T15:28:11.730799Z,190.00,0.2500,0.7500,yes
7a11d825-91d2-6932-b324-398b7bc709c0,KXMAYORMINN-26-OFAT,2025-11-04T15:27:15.043818Z,5.00,0.2500,0.7500,yes
11676861-582d-607d-4504-5594d859d314,KXMAYORMINN-26-OFAT,2025-11-04T15:25:15.835539Z,100.00,0.2200,0.7800,no
f9b882b7-5e40-54ea-5102-1a2d9c3eb9e0,KXMAYORMINN-26-OFAT,2025-11-04T15:21:54.758904Z,100.00,0.2200,0.7800,no
f0d1837f-01fc-510b-cc06-ab46b3542fd8,KXMAYORMINN-26-OFAT,2025-11-04T15:21:39.226146Z,1000.00,0.2200,0.7800,no
cc51792e-00f4-532f-cafb-3d93a4093f37,KXMAYORMINN-26-OFAT,2025-11-04T15:21:39.226146Z,1000.00,0.2200,0.7800,no
19922905-f8b0-5be1-00dc-9fe1c5056e37,KXMAYORMINN-26-OFAT,2025-11-04T15:21:20.448255Z,50.00,0.2600,0.7400,yes
33a59716-fe94-4391-d846-e100962cd49f,KXMAYORMINN-26-OFAT,2025-11-04T15:20:03.826154Z,1.00,0.2600,0.7400,yes
117dae81-73bc-7bed-cc30-dd0dfa3c30ef,KXMAYORMINN-26-OFAT,2025-11-04T15:18:40.575307Z,50.00,0.2600,0.7400,yes
15e5648c-2024-6032-0fe2-29340930070e,KXMAYORMINN-26-OFAT,2025-11-04T15:15:23.000296Z,113.00,0.2200,0.7800,no
277ea30d-dad7-5549-b07e-e3f9543a98f9,KXMAYORMINN-26-OFAT,2025-11-04T15:15:18.8945Z,4.00,0.2100,0.7900,no
d2365120-ac8c-65b0-854f-7cc53995a72b,KXMAYORMINN-26-OFAT,2025-11-04T15:13:04.634893Z,50.00,0.2200,0.7800,no
476f0400-0aa8-6e38-7940-ed062482089f,KXMAYORMINN-26-OFAT,2025-11-04T15:12:47.487215Z,100.00,0.2200,0.7800,no
889d8387-ca7c-53a8-0eb1-e281b6260f1f,KXMAYORMINN-26-OFAT,2025-11-04T15:12:40.743328Z,2.00,0.2200,0.7800,no
c737e68e-a0bf-697a-0100-3fc4eb7efa57,KXMAYORMINN-26-OFAT,2025-11-04T15:09:11.484864Z,32.00,0.2600,0.7400,yes
7475af6c-4ef8-60cd-1629-4e7058ae496f,KXMAYORMINN-26-OFAT,2025-11-04T15:09:11.484864Z,59.00,0.2600,0.7400,yes
5faa6a7a-ca07-4b78-a6db-eec61d3878c2,KXMAYORMINN-26-OFAT,2025-11-04T15:00:13.719388Z,102.00,0.2200,0.7800,no
5d3da478-4e8a-49eb-991d-f6bd9a82d827,KXMAYORMINN-26-OFAT,2025-11-04T15:00:13.719388Z,20.00,0.2200,0.7800,no
41325cdc-3a96-4aa6-b5bd-7950ddbad66d,KXMAYORMINN-26-OFAT,2025-11-04T15:00:13.719388Z,378.00,0.2200,0.7800,no
b99d40c2-01d6-5f8e-627c-8e9e8edcfadd,KXMAYORMINN-26-OFAT,2025-11-04T15:00:09.61146Z,100.00,0.2200,0.7800,no
df1b7ba3-cdde-7dce-651c-a76ba21eeab1,KXMAYORMINN-26-OFAT,2025-11-04T14:59:11.938502Z,12.00,0.2200,0.7800,no
cbcd6ce8-d38e-4dc2-c5b7-205d0e7348b9,KXMAYORMINN-26-OFAT,2025-11-04T14:57:07.086906Z,1000.00,0.2200,0.7800,no
d71cf0a5-a85a-6c8e-6898-586bc780de50,KXMAYORMINN-26-OFAT,2025-11-04T14:55:37.824341Z,32.00,0.2300,0.7700,no
be0ce204-2a22-6ff6-4f7f-6642017f56e3,KXMAYORMINN-26-OFAT,2025-11-04T14:55:37.824341Z,1868.00,0.2300,0.7700,no
8df4a6da-bb76-5d7e-2c82-efe4b818d019,KXMAYORMINN-26-OFAT,2025-11-04T14:46:21.011318Z,25.00,0.2200,0.7800,no
480cceb4-7316-48ea-853d-ee6d330c5119,KXMAYORMINN-26-OFAT,2025-11-04T14:44:57.665696Z,10.00,0.2200,0.7800,no
0a3528c5-416a-638a-8d06-1532114a9b89,KXMAYORMINN-26-OFAT,2025-11-04T14:44:51.094593Z,25.00,0.2200,0.7800,no
99673381-8756-4e26-0ed5-41a5bc94255d,KXMAYORMINN-26-OFAT,2025-11-04T14:42:42.929106Z,10.00,0.2200,0.7800,no
c876aab4-1416-410e-b35b-104e5ece6725,KXMAYORMINN-26-OFAT,2025-11-04T14:42:37.231501Z,20.00,0.2200,0.7800,no
3634ace8-8952-442e-87ee-07f1ec73cf49,KXMAYORMINN-26-OFAT,2025-11-04T14:42:14.686842Z,400.00,0.2200,0.7800,no
0c0e76d8-da4c-57ac-a122-160100cf508e,KXMAYORMINN-26-OFAT,2025-11-04T14:41:22.252319Z,2.00,0.2700,0.7300,yes
e93a8d0d-afda-4876-3121-0628d66f2a3d,KXMAYORMINN-26-OFAT,2025-11-04T14:40:26.419358Z,20.00,0.2200,0.7800,no
fe49143c-4543-7a7c-fb8e-134d80c96fab,KXMAYORMINN-26-OFAT,2025-11-04T14:38:06.147747Z,1.00,0.2300,0.7700,no
a10d0b01-3e4d-7104-ff91-0f8bcfb9cd10,KXMAYORMINN-26-OFAT,2025-11-04T14:38:06.147747Z,49.00,0.2300,0.7700,no
71af346e-fab3-60c0-17dd-06d29842ca63,KXMAYORMINN-26-OFAT,2025-11-04T14:37:46.073672Z,200.00,0.2300,0.7700,no
c29a1be1-9b0f-4664-7848-fc685226ff53,KXMAYORMINN-26-OFAT,2025-11-04T14:36:55.880843Z,6.00,0.2300,0.7700,no
ecf82781-5483-6c68-2b6e-10d1aee27837,KXMAYORMINN-26-OFAT,2025-11-04T14:36:53.843305Z,70.00,0.2300,0.7700,no
e84f80e5-5b37-5938-38e1-5c9fdac19e1b,KXMAYORMINN-26-OFAT,2025-11-04T14:34:44.805553Z,100.00,0.2300,0.7700,no
5f5afe8d-1c75-40ee-cffc-4a009fa02ab2,KXMAYORMINN-26-OFAT,2025-11-04T14:31:50.236113Z,3.00,0.2700,0.7300,yes
3ca9cfa1-c57f-6ab8-e5b9-a906db9e15fb,KXMAYORMINN-26-OFAT,2025-11-04T14:28:06.272221Z,123.00,0.2300,0.7700,no
b0c2dcb6-0584-7b24-8069-b68216e09a46,KXMAYORMINN-26-OFAT,2025-11-04T14:24:04.92784Z,64.00,0.2700,0.7300,yes
9b79411b-aba7-7959-86fd-2a942ca64885,KXMAYORMINN-26-OFAT,2025-11-04T14:24:04.92784Z,422.00,0.2800,0.7200,yes
8d3db702-a4f1-7872-a685-6584f6a96d76,KXMAYORMINN-26-OFAT,2025-11-04T14:24:04.92784Z,500.00,0.2700,0.7300,yes
809f0c9f-fd20-7f85-a701-63b5cc8aff18,KXMAYORMINN-26-OFAT,2025-11-04T14:13:54.562655Z,2.00,0.2200,0.7800,no
913ab740-88ae-670c-2fb9-71a2b2183764,KXMAYORMINN-26-OFAT,2025-11-04T14:11:37.243104Z,365.00,0.2300,0.7700,no
055438c0-3734-6452-3ebd-3d5803ce64bf,KXMAYORMINN-26-OFAT,2025-11-04T14:11:37.243104Z,556.00,0.2300,0.7700,no
ca5e01b2-098e-6eb8-4f34-63a423f310b4,KXMAYORMINN-26-OFAT,2025-11-04T14:10:45.073322Z,10.00,0.2300,0.7700,no
8ff27bde-47de-6fec-d674-053fc130437c,KXMAYORMINN-26-OFAT,2025-11-04T14:08:04.161492Z,125.00,0.2300,0.7700,no
cd25a98a-4cfc-7dfd-80d0-cf76aeaff138,KXMAYORMINN-26-OFAT,2025-11-04T14:05:17.468803Z,500.00,0.2200,0.7800,no
f5b11439-9554-7821-264b-dbd3f5ea8838,KXMAYORMINN-26-OFAT,2025-11-04T14:03:37.13646Z,3.00,0.2200,0.7800,no
31ea8b61-d998-6fe5-02f6-d550aed9b0fc,KXMAYORMINN-26-OFAT,2025-11-04T13:58:45.823084Z,1247.00,0.2100,0.7900,no
30f80ba9-f91f-69c7-3850-4f948f73785b,KXMAYORMINN-26-OFAT,2025-11-04T13:58:45.823084Z,250.00,0.2100,0.7900,no
25bc9da3-cde6-627c-3cb8-71af50afbef4,KXMAYORMINN-26-OFAT,2025-11-04T13:58:45.823084Z,31.00,0.2200,0.7800,no
44469f78-324c-4f98-1d0a-53e5c0e708d6,KXMAYORMINN-26-OFAT,2025-11-04T13:58:37.269638Z,8.00,0.2200,0.7800,no
03f4005c-c49a-4db8-39f2-5d137de4ee3c,KXMAYORMINN-26-OFAT,2025-11-04T13:58:37.269638Z,1.00,0.2200,0.7800,no
fb3a48cb-55e8-41f0-d410-4a4d0ec5d8f6,KXMAYORMINN-26-OFAT,2025-11-04T13:58:25.44629Z,1.00,0.2200,0.7800,no
d04127b9-8748-7114-a906-f22c00af2c22,KXMAYORMINN-26-OFAT,2025-11-04T13:54:08.858385Z,1.00,0.2200,0.7800,no
7abe7729-1274-78d8-bf2a-4df988c77ad2,KXMAYORMINN-26-OFAT,2025-11-04T13:53:22.078887Z,6.00,0.2200,0.7800,no
bece58bd-b5b8-794c-a747-6f6794abe4ce,KXMAYORMINN-26-OFAT,2025-11-04T13:51:43.191876Z,184.00,0.2200,0.7800,no
e3943da6-a023-7d55-3884-f9d096c743d7,KXMAYORMINN-26-OFAT,2025-11-04T13:49:09.362284Z,10.00,0.2300,0.7700,no
7afd4c76-f613-400c-4f92-ea684308895c,KXMAYORMINN-26-OFAT,2025-11-04T13:46:51.597129Z,3.00,0.2300,0.7700,no
4acd75b3-ada7-4990-b91e-234716e4481c,KXMAYORMINN-26-OFAT,2025-11-04T13:46:13.947047Z,2.00,0.2300,0.7700,no
d7276020-15f3-6331-34dd-c5dbfe97106d,KXMAYORMINN-26-OFAT,2025-11-04T13:46:07.078991Z,1.00,0.2800,0.7200,yes
1227a09a-f97b-7204-d346-d707c19bd04c,KXMAYORMINN-26-OFAT,2025-11-04T13:45:24.138045Z,10.00,0.2300,0.7700,no
54bd9b10-b31a-7a02-8b52-a6820af0b797,KXMAYORMINN-26-OFAT,2025-11-04T13:43:50.916977Z,6.00,0.2700,0.7300,yes
27449d13-ed59-711c-9b77-9b839326c3a2,KXMAYORMINN-26-OFAT,2025-11-04T13:43:50.916977Z,10.00,0.2700,0.7300,yes
414c1241-45d7-492c-d479-aa38c0f881f4,KXMAYORMINN-26-OFAT,2025-11-04T13:42:59.471804Z,10.00,0.2300,0.7700,no
868b3f3e-c44b-726c-8ecf-4e04daafb77c,KXMAYORMINN-26-OFAT,2025-11-04T13:41:26.797605Z,50.00,0.2300,0.7700,no
ff79bd5c-d59f-5c10-ee08-c8c67a784fd4,KXMAYORMINN-26-OFAT,2025-11-04T13:40:37.17197Z,355.00,0.2300,0.7700,no
9d74964e-6ade-5d29-efdc-3214896d9c58,KXMAYORMINN-26-OFAT,2025-11-04T13:40:37.17197Z,94.00,0.2300,0.7700,no
2fdde8ec-32dd-54cf-fabe-da42fdd78bd7,KXMAYORMINN-26-OFAT,2025-11-04T13:40:37.17197Z,730.00,0.2300,0.7700,no
2495b401-9aad-5faa-d8a6-af6c88b5b040,KXMAYORMINN-26-OFAT,2025-11-04T13:40:37.17197Z,3.00,0.2300,0.7700,no
0dc0e290-0a64-5d23-e13c-570aa2a0d196,KXMAYORMINN-26-OFAT,2025-11-04T13:40:37.17197Z,50.00,0.2300,0.7700,no
7be19838-ed21-5347-75a3-85a937a81e37,KXMAYORMINN-26-OFAT,2025-11-04T13:39:48.06655Z,5.00,0.2300,0.7700,no
7240618d-d5a5-568a-4149-1a5b2ca1d00e,KXMAYORMINN-26-OFAT,2025-11-04T13:39:48.06655Z,2.00,0.2400,0.7600,no
9ec875be-a895-76c6-4ddc-0cfdce82bc3e,KXMAYORMINN-26-OFAT,2025-11-04T13:36:49.334128Z,25.00,0.2400,0.7600,no
060f7cf2-d779-5d1a-61bd-af46aea83236,KXMAYORMINN-26-OFAT,2025-11-04T13:34:14.588559Z,5.00,0.2400,0.7600,no
fea20a34-9b39-4107-c459-e55a9f56b05f,KXMAYORMINN-26-OFAT,2025-11-04T13:23:07.8354Z,50.00,0.2300,0.7700,no
fc060dd6-26d2-5ec4-7331-91f5979c5bc1,KXMAYORMINN-26-OFAT,2025-11-04T13:22:51.540614Z,57.00,0.2300,0.7700,no
f130f3b9-ff45-53e3-7ec5-a1de483c80c3,KXMAYORMINN-26-OFAT,2025-11-04T13:22:51.540614Z,68.00,0.2300,0.7700,no
69e97480-592c-612b-1973-b6be189ebdca,KXMAYORMINN-26-OFAT,2025-11-04T13:18:45.358233Z,50.00,0.2400,0.7600,no
6020de12-aefd-66e2-2f70-76f4af228794,KXMAYORMINN-26-OFAT,2025-11-04T13:18:45.358233Z,10.00,0.2400,0.7600,no
37508816-be56-6d94-1ada-735f03d7cc5d,KXMAYORMINN-26-OFAT,2025-11-04T13:18:45.358233Z,63.00,0.2300,0.7700,no
37da2f7d-32c3-6a69-277c-108078fddd2d,KXMAYORMINN-26-OFAT,2025-11-04T13:14:04.303815Z,20.00,0.2800,0.7200,yes
ef20b0a5-c641-493f-8703-08aa049781b6,KXMAYORMINN-26-OFAT,2025-11-04T13:08:33.081718Z,26.00,0.2700,0.7300,yes
d703315c-94b9-7fe0-4caf-8ca55598a1ed,KXMAYORMINN-26-OFAT,2025-11-04T13:06:04.949338Z,50.00,0.2300,0.7700,no
696079e8-a661-40a4-0532-d63842967d05,KXMAYORMINN-26-OFAT,2025-11-04T13:05:33.530241Z,3.00,0.2300,0.7700,no
696d6867-e61b-7cdf-51aa-a6eb72404c92,KXMAYORMINN-26-OFAT,2025-11-04T13:04:10.119683Z,12.00,0.2400,0.7600,no
3ae71bb9-6c2d-7da4-4de5-3efe4b7b7389,KXMAYORMINN-26-OFAT,2025-11-04T13:04:10.119683Z,853.00,0.2300,0.7700,no
26c1b86b-a32c-7431-59dc-00e5b9385fca,KXMAYORMINN-26-OFAT,2025-11-04T13:04:10.119683Z,6.00,0.2400,0.7600,no
3dcd006c-f1cc-4e25-b47e-cb6076a695fa,KXMAYORMINN-26-OFAT,2025-11-04T13:03:32.760713Z,1.00,0.2400,0.7600,no
da3d9c6e-06d0-7959-63a0-f69316bf884e,KXMAYORMINN-26-OFAT,2025-11-04T13:02:23.465983Z,1.00,0.2400,0.7600,no
789b652d-ddf4-6ab9-a0dd-039c8235c42a,KXMAYORMINN-26-OFAT,2025-11-04T12:45:06.379011Z,24.00,0.2400,0.7600,no
34dcdadb-5f76-618c-88fd-48b31333d76b,KXMAYORMINN-26-OFAT,2025-11-04T12:45:06.379011Z,3.00,0.2400,0.7600,no
0ced1faa-67cf-5389-6ba6-af333483c4f1,KXMAYORMINN-26-OFAT,2025-11-04T12:43:39.36261Z,34.00,0.2800,0.7200,yes
4dd88f40-7cc9-6244-883a-b804d4a31612,KXMAYORMINN-26-OFAT,2025-11-04T12:20:09.933273Z,150.00,0.2400,0.7600,no
ce4bcdc1-90a5-6477-6c90-c440839a3791,KXMAYORMINN-26-OFAT,2025-11-04T12:19:46.687242Z,200.00,0.2500,0.7500,no
0b839a98-5db9-6f5d-5b1c-3f4d5fe7ccb1,KXMAYORMINN-26-OFAT,2025-11-04T12:19:46.687242Z,6.00,0.2500,0.7500,no
04febc68-d8ad-56fd-77d8-4065140c0637,KXMAYORMINN-26-OFAT,2025-11-04T12:19:30.087232Z,28.00,0.2700,0.7300,no
8035b2b3-07f9-43a9-6059-a2de6b80572f,KXMAYORMINN-26-OFAT,2025-11-04T12:15:10.217031Z,8.00,0.2700,0.7300,no
8141d561-4b9c-47fe-3580-41321bbdaed5,KXMAYORMINN-26-OFAT,2025-11-04T12:15:09.916291Z,14.00,0.2800,0.7200,no
8907aab1-8d54-5a6e-69c0-e6593f48db11,KXMAYORMINN-26-OFAT,2025-11-04T11:05:37.984156Z,5.00,0.2800,0.7200,no
ad43270d-bb1c-62da-ad85-a9bf9aff8dad,KXMAYORMINN-26-OFAT,2025-11-04T11:05:37.412298Z,7.00,0.2800,0.7200,no
b3445462-6908-786e-3e77-687ce6c26909,KXMAYORMINN-26-OFAT,2025-11-04T11:05:37.04648Z,11.00,0.2800,0.7200,no
81d4e0fe-01c8-5a36-7845-7cc9f462f1fd,KXMAYORMINN-26-OFAT,2025-11-04T11:05:36.7744Z,15.00,0.2800,0.7200,no
ebb855f6-33d0-4dca-99a8-e5478b04db8d,KXMAYORMINN-26-OFAT,2025-11-04T11:05:36.41177Z,21.00,0.2800,0.7200,no
b3ce7e98-7c8c-719a-295c-853e73882471,KXMAYORMINN-26-OFAT,2025-11-04T10:57:50.697687Z,6.00,0.2800,0.7200,no
ed43c61e-cf48-7ed6-ee8c-eb216aab0acd,KXMAYORMINN-26-OFAT,2025-11-04T10:57:49.926095Z,9.00,0.2800,0.7200,no
b9f47223-d3e0-761a-7cca-d3e24dc8f06d,KXMAYORMINN-26-OFAT,2025-11-04T10:57:49.615739Z,12.00,0.2800,0.7200,no
048935cc-6b38-7566-953d-3eaa62190c0d,KXMAYORMINN-26-OFAT,2025-11-04T10:57:49.112012Z,18.00,0.2800,0.7200,no
430f8afc-7b54-61ee-fcd6-2b19788daaa1,KXMAYORMINN-26-OFAT,2025-11-04T10:57:48.44347Z,29.00,0.2800,0.7200,no
25a0d3d8-6634-64fa-14cf-b80bf178b619,KXMAYORMINN-26-OFAT,2025-11-04T10:57:12.343375Z,10.00,0.2800,0.7200,no
9cccd401-9e18-57ba-524e-c61eee02b1d9,KXMAYORMINN-26-OFAT,2025-11-04T10:54:27.532602Z,143.00,0.2800,0.7200,no
6592411d-d41d-5df9-7419-708ab2d6fedd,KXMAYORMINN-26-OFAT,2025-11-04T10:54:27.532602Z,4.00,0.2900,0.7100,no
49fdb2ce-5dc7-5bfa-6b9b-8e2b82c38c40,KXMAYORMINN-26-OFAT,2025-11-04T10:54:27.532602Z,50.00,0.2900,0.7100,no
2ffc60a0-cf64-5f42-5fba-9fba029ffb03,KXMAYORMINN-26-OFAT,2025-11-04T10:54:27.532602Z,203.00,0.2900,0.7100,no
da238754-d341-4088-fd7a-b8b27af9ea99,KXMAYORMINN-26-OFAT,2025-11-04T10:54:27.525486Z,3.00,0.3000,0.7000,no
cc1ec88e-5920-4f1e-f85e-73e1c138619b,KXMAYORMINN-26-OFAT,2025-11-04T10:54:27.525486Z,93.00,0.2900,0.7100,no
c1ec207f-7c7f-41e4-f2c3-6e3ff945f25a,KXMAYORMINN-26-OFAT,2025-11-04T10:54:27.525486Z,2.00,0.3000,0.7000,no
59953fd2-d7f2-4396-cbda-eea32fa6f72e,KXMAYORMINN-26-OFAT,2025-11-04T10:54:27.525486Z,2.00,0.3000,0.7000,no
9d538c87-b9d0-44bc-5d97-35f906cc1fbc,KXMAYORMINN-26-OFAT,2025-11-04T10:48:06.847043Z,80.00,0.3000,0.7000,no
84d112d2-7923-4f1a-66b5-743468c74b16,KXMAYORMINN-26-OFAT,2025-11-04T10:48:06.847043Z,61.00,0.3000,0.7000,no
ab270701-b638-5a15-76b2-7318d5dc1b12,KXMAYORMINN-26-OFAT,2025-11-04T10:44:05.20441Z,100.00,0.3200,0.6800,yes
ed44f2bb-3c38-4b69-c777-0d20ec3eaeaa,KXMAYORMINN-26-OFAT,2025-11-04T10:34:25.861205Z,97.00,0.3200,0.6800,yes
8a390e0f-fe54-4981-a8ad-0b61202f70e2,KXMAYORMINN-26-OFAT,2025-11-04T10:19:41.00751Z,29.00,0.3200,0.6800,yes
fcd2ecc5-71ea-6b37-2b9e-45a07bc9d74e,KXMAYORMINN-26-OFAT,2025-11-04T10:04:29.857297Z,1000.00,0.3000,0.7000,no
d40f469c-b781-68d4-0aab-175347581ffa,KXMAYORMINN-26-OFAT,2025-11-04T10:04:29.857297Z,194.00,0.3100,0.6900,no
c342a247-0d5f-6146-3c18-e27647b34252,KXMAYORMINN-26-OFAT,2025-11-04T10:04:29.857297Z,165.00,0.3000,0.7000,no
3e1edbef-649c-6c6b-15d1-a1914664f7c0,KXMAYORMINN-26-OFAT,2025-11-04T10:04:29.857297Z,42.00,0.3000,0.7000,no
cb826c5b-e059-4f34-16a4-e41509593862,KXMAYORMINN-26-OFAT,2025-11-04T08:58:34.99766Z,1.00,0.3100,0.6900,no
73b838a5-4edc-49dd-7547-8466e7ca3e4e,KXMAYORMINN-26-OFAT,2025-11-04T08:56:52.388767Z,8.00,0.3200,0.6800,yes
858ee544-85f9-411c-5de0-d68c56321c0e,KXMAYORMINN-26-OFAT,2025-11-04T08:47:58.293515Z,39.00,0.3100,0.6900,no
5cf17078-d8ac-7c15-b8e8-1e039de451ee,KXMAYORMINN-26-OFAT,2025-11-04T08:33:13.82307Z,1983.00,0.3200,0.6800,yes
2258a5c7-17a5-7e84-a898-673eca26956a,KXMAYORMINN-26-OFAT,2025-11-04T08:33:13.82307Z,17.00,0.3200,0.6800,yes
9bde8c74-d155-5d9c-0ec5-272d653ba912,KXMAYORMINN-26-OFAT,2025-11-04T08:30:50.597805Z,29.00,0.3200,0.6800,yes
51562217-bce1-6da0-d0a3-64e14a9d793e,KXMAYORMINN-26-OFAT,2025-11-04T08:30:23.360986Z,8.00,0.3200,0.6800,yes
534f03ec-7f05-438c-2910-eb497f74ca72,KXMAYORMINN-26-OFAT,2025-11-04T08:00:59.635234Z,100.00,0.3200,0.6800,yes
ee6a1dab-0889-5791-e0f7-4584b1676258,KXMAYORMINN-26-OFAT,2025-11-04T08:00:24.539413Z,4.00,0.3100,0.6900,yes
a22db833-3cbd-52f4-eb74-66c5b2db30fa,KXMAYORMINN-26-OFAT,2025-11-04T08:00:24.539413Z,96.00,0.3200,0.6800,yes
f5e29e21-2719-614d-4db0-94f55ac21734,KXMAYORMINN-26-OFAT,2025-11-04T08:00:11.443983Z,900.00,0.3100,0.6900,yes
dd5529a7-0bd9-5859-26af-d6eff4b6f0a8,KXMAYORMINN-26-OFAT,2025-11-04T08:00:11.434246Z,95.00,0.3100,0.6900,yes
72bb7b5b-7c6a-538d-1c6e-2587bd0d51ba,KXMAYORMINN-26-OFAT,2025-11-04T08:00:11.434246Z,5.00,0.3000,0.7000,yes
c0599238-80e2-43c1-3c98-9629662a7656,KXMAYORMINN-26-OFAT,2025-11-04T07:59:10.157694Z,5.00,0.3000,0.7000,yes
d5b69a81-9ac9-494f-7c2f-5f5dd8f1d069,KXMAYORMINN-26-OFAT,2025-11-04T07:54:54.06853Z,3.00,0.3000,0.7000,yes
bdbc7bc2-6b99-5457-b3bd-bc5508c65a59,KXMAYORMINN-26-OFAT,2025-11-04T07:54:17.56955Z,87.00,0.3000,0.7000,yes
b5c4ef7d-a24c-5eb7-978d-6899ccb8d552,KXMAYORMINN-26-OFAT,2025-11-04T07:54:17.56955Z,15.00,0.3000,0.7000,yes
836c8ebb-bac2-5739-9fef-4db5a1d0ad88,KXMAYORMINN-26-OFAT,2025-11-04T07:54:17.56955Z,29.00,0.3000,0.7000,yes
c970a7b9-8ae1-7008-24ea-58f8fbee95fb,KXMAYORMINN-26-OFAT,2025-11-04T07:51:10.830033Z,188.00,0.3000,0.7000,no
7fdf5918-580c-4d7e-89ad-ffe49062dcdb,KXMAYORMINN-26-OFAT,2025-11-04T07:51:09.604381Z,31.00,0.2900,0.7100,no
fb91e057-847c-66ec-f8b9-8ca29748deab,KXMAYORMINN-26-OFAT,2025-11-04T07:51:07.517043Z,150.00,0.2900,0.7100,yes
db1eea05-9140-6520-c297-1856737bef2c,KXMAYORMINN-26-OFAT,2025-11-04T07:51:07.517043Z,82.00,0.3000,0.7000,yes
9287ffb9-bd17-665d-d63a-7cc87b29cd55,KXMAYORMINN-26-OFAT,2025-11-04T07:51:07.517043Z,167.00,0.2800,0.7200,yes
8706e7ca-3583-6e40-f96f-2c6875022375,KXMAYORMINN-26-OFAT,2025-11-04T07:51:07.517043Z,39.00,0.2900,0.7100,yes
843dfae5-2cae-6452-f630-268e5c5bdc87,KXMAYORMINN-26-OFAT,2025-11-04T07:51:07.517043Z,237.00,0.2700,0.7300,yes
73839cee-44c9-6cc7-c2e0-62e52c03765d,KXMAYORMINN-26-OFAT,2025-11-04T07:51:07.517043Z,4.00,0.3100,0.6900,yes
5247b3ad-e456-6400-edaf-eba41b3b1a22,KXMAYORMINN-26-OFAT,2025-11-04T07:51:07.517043Z,161.00,0.2800,0.7200,yes
44fbfb2c-bb10-634c-d0ed-84a3a630ff2d,KXMAYORMINN-26-OFAT,2025-11-04T07:51:07.517043Z,60.00,0.3100,0.6900,yes
bbafc499-d760-447e-6dc7-23f89488cde9,KXMAYORMINN-26-OFAT,2025-11-04T07:51:07.507843Z,37.00,0.2600,0.7400,yes
20157ef9-16b2-4756-4a79-92c895415ebb,KXMAYORMINN-26-OFAT,2025-11-04T07:51:07.507843Z,63.00,0.2700,0.7300,yes
7882edfa-9e84-4576-96cd-78626825ebad,KXMAYORMINN-26-OFAT,2025-11-04T07:50:33.462038Z,100.00,0.2600,0.7400,yes
3715176f-f8b0-52de-e948-1b5380e7b165,KXMAYORMINN-26-OFAT,2025-11-04T07:50:33.215003Z,100.00,0.2600,0.7400,yes
99795d83-7540-578e-d686-492218df8129,KXMAYORMINN-26-OFAT,2025-11-04T07:49:58.537069Z,17.00,0.2600,0.7400,yes
147f2091-c99e-6443-d1f0-39b516b1f110,KXMAYORMINN-26-OFAT,2025-11-04T07:27:03.147565Z,100.00,0.2300,0.7700,no
e3950af1-9bb0-65ac-e7d3-5e10e03e5962,KXMAYORMINN-26-OFAT,2025-11-04T07:25:35.070624Z,28.00,0.2700,0.7300,yes
d6ef68ee-fb02-6aa8-d5d7-d2eaacfa225c,KXMAYORMINN-26-OFAT,2025-11-04T07:25:35.070624Z,2.00,0.2700,0.7300,yes
42463caf-b709-658b-ec9d-1774f1863cdb,KXMAYORMINN-26-OFAT,2025-11-04T07:25:35.070624Z,5.00,0.2700,0.7300,yes
70835a9b-9e8e-5400-6b39-e7c09f9e0c4e,KXMAYORMINN-26-OFAT,2025-11-04T07:17:27.648849Z,44.00,0.2400,0.7600,no
3c354e9d-043a-49bc-db4e-e7942e6738c0,KXMAYORMINN-26-OFAT,2025-11-04T07:11:35.780985Z,6.00,0.2900,0.7100,yes
5db881ee-2702-61a4-4ae8-ce1b00502e02,KXMAYORMINN-26-OFAT,2025-11-04T07:08:05.140009Z,1.00,0.2400,0.7600,no
fe1d0108-b5dc-4988-a973-2e2bd917c002,KXMAYORMINN-26-OFAT,2025-11-04T06:58:45.835067Z,93.00,0.2500,0.7500,no
4552785a-67e1-4695-af28-7b21abe03c53,KXMAYORMINN-26-OFAT,2025-11-04T06:58:45.835067Z,7.00,0.2500,0.7500,no
b195848a-95fa-7048-db14-5b52fe78461c,KXMAYORMINN-26-OFAT,2025-11-04T06:49:41.557261Z,6.00,0.2900,0.7100,yes
61d92ec2-2392-5178-534c-d6e838d88860,KXMAYORMINN-26-OFAT,2025-11-04T06:49:20.418508Z,3.00,0.2900,0.7100,yes
540bdbe6-e7d9-513b-d736-c68f13dc2fa2,KXMAYORMINN-26-OFAT,2025-11-04T06:25:11.477877Z,10.00,0.3000,0.7000,yes
e4b8a190-2f8c-4f5e-34df-f927ab6e40e7,KXMAYORMINN-26-OFAT,2025-11-04T06:23:00.344807Z,46.00,0.2400,0.7600,no
e0e92e61-63b6-4276-26cb-50bd9ecbd6f3,KXMAYORMINN-26-OFAT,2025-11-04T06:23:00.344807Z,32.00,0.2500,0.7500,no
c5e63553-cd74-4818-240d-56f9f4b154eb,KXMAYORMINN-26-OFAT,2025-11-04T06:23:00.344807Z,25.00,0.2400,0.7600,no
93695ce0-9a8f-404f-0b03-ed565470d624,KXMAYORMINN-26-OFAT,2025-11-04T06:23:00.344807Z,173.00,0.2400,0.7600,no
6141d650-f7c8-41aa-3bcd-7c6b55b64eef,KXMAYORMINN-26-OFAT,2025-11-04T06:23:00.344807Z,4.00,0.2400,0.7600,no
54b0167d-130a-4010-1a9c-b3f6a732bdec,KXMAYORMINN-26-OFAT,2025-11-04T06:23:00.344807Z,20.00,0.2400,0.7600,no
ca8f2faa-e5e6-5bc3-6299-faf739b49e29,KXMAYORMINN-26-OFAT,2025-11-04T06:21:40.915847Z,302.00,0.2600,0.7400,no
69278d43-a94b-586d-5e44-dc218cf5e001,KXMAYORMINN-26-OFAT,2025-11-04T06:21:40.915847Z,27.00,0.2600,0.7400,no
1cf54fb0-554b-5c86-5e73-1aeebbabbada,KXMAYORMINN-26-OFAT,2025-11-04T06:21:40.915847Z,71.00,0.2600,0.7400,no
baf3b6f6-a047-6b81-6eff-23b468da238d,KXMAYORMINN-26-OFAT,2025-11-04T06:12:10.664094Z,500.00,0.2600,0.7400,no
ae52ab5a-e337-6ff1-df7d-b22c32bc4e4b,KXMAYORMINN-26-OFAT,2025-11-04T06:11:41.675607Z,9.00,0.2600,0.7400,no
84445494-a376-6467-ed8f-0079aad3df01,KXMAYORMINN-26-OFAT,2025-11-04T06:11:41.675607Z,95.00,0.2600,0.7400,no
eee5b30a-ad6b-7b81-f561-e6cc7f25ba0f,KXMAYORMINN-26-OFAT,2025-11-04T06:07:54.712492Z,26.00,0.3000,0.7000,no
9cb00e24-5dcc-7704-0480-1f89548e0d0d,KXMAYORMINN-26-OFAT,2025-11-04T06:07:15.795646Z,13.00,0.3100,0.6900,yes
519b6549-1a1e-71a2-0d76-4afa453ba6c9,KXMAYORMINN-26-OFAT,2025-11-04T06:07:15.795646Z,500.00,0.3100,0.6900,yes
b99cb97f-ce01-5ae4-efbd-33e915cb62db,KXMAYORMINN-26-OFAT,2025-11-04T06:05:56.6972Z,1000.00,0.3000,0.7000,yes
45e05392-97dd-7fe0-00a7-1ef162d7d679,KXMAYORMINN-26-OFAT,2025-11-04T06:05:14.304766Z,55.00,0.2900,0.7100,no
39179edb-aaf0-5d5c-6f02-68bd61c1ee2b,KXMAYORMINN-26-OFAT,2025-11-04T06:00:21.783151Z,200.00,0.2800,0.7200,no
2d8daee8-3564-6d34-8999-8f7b40e48158,KXMAYORMINN-26-OFAT,2025-11-04T05:58:34.792937Z,100.00,0.2800,0.7200,no
c0f11959-b87f-76bf-2305-49dc52df1df3,KXMAYORMINN-26-OFAT,2025-11-04T05:58:33.56841Z,500.00,0.2800,0.7200,no
f4f27117-b606-7415-7b7e-b75488be70d5,KXMAYORMINN-26-OFAT,2025-11-04T05:57:26.671839Z,97.00,0.2700,0.7300,no
f76b7dfd-87a8-6d87-81b7-10627d2e9a98,KXMAYORMINN-26-OFAT,2025-11-04T05:57:26.505856Z,300.00,0.2800,0.7200,yes
d6439de1-fa2d-4f17-d74a-d7ed3ae4a620,KXMAYORMINN-26-OFAT,2025-11-04T05:57:09.729731Z,500.00,0.2800,0.7200,yes
f79955d6-38cd-4fbe-08ec-a73fdbdcdf1c,KXMAYORMINN-26-OFAT,2025-11-04T05:55:56.455055Z,46.00,0.2700,0.7300,no
12391187-85a9-6bbe-64a5-90f46e9c864c,KXMAYORMINN-26-OFAT,2025-11-04T05:55:55.212007Z,5.00,0.2700,0.7300,no
bebb2af3-4ec3-4b01-eea0-156bd801f60a,KXMAYORMINN-26-OFAT,2025-11-04T05:54:46.086414Z,45.00,0.2700,0.7300,yes
b7fbc9d7-b227-4f52-c87c-5df78ec487b0,KXMAYORMINN-26-OFAT,2025-11-04T05:54:46.086414Z,126.00,0.3000,0.7000,yes
b724b99c-ec02-41de-ee08-91c2cddd172c,KXMAYORMINN-26-OFAT,2025-11-04T05:54:46.086414Z,116.00,0.2900,0.7100,yes
8c3dfce6-a336-4bc8-cd4d-51540318c968,KXMAYORMINN-26-OFAT,2025-11-04T05:54:46.086414Z,68.00,0.3000,0.7000,yes
6ef7895a-f7d4-4546-ef50-ba31fce42f5f,KXMAYORMINN-26-OFAT,2025-11-04T05:54:46.086414Z,35.00,0.2900,0.7100,yes
0f7b260b-93b9-4330-ff14-a7b1cafdd5d2,KXMAYORMINN-26-OFAT,2025-11-04T05:54:46.086414Z,10.00,0.3000,0.7000,yes
6626ac3f-9142-6e69-70db-370aee258629,KXMAYORMINN-26-OFAT,2025-11-04T05:54:45.83576Z,500.00,0.2700,0.7300,yes
e43a64a7-6cbe-63b1-07b9-d16fbbe194fd,KXMAYORMINN-26-OFAT,2025-11-04T05:54:45.831913Z,4.00,0.2600,0.7400,yes
774eb2e0-5746-67d1-1ca8-0fdf73bc8a9d,KXMAYORMINN-26-OFAT,2025-11-04T05:54:45.831913Z,33.00,0.2700,0.7300,yes
17cb8157-bb2e-67cb-22ef-d3d3c6c631f1,KXMAYORMINN-26-OFAT,2025-11-04T05:54:45.831913Z,35.00,0.2700,0.7300,yes
13fbdc72-bab7-6859-1c93-17852af818fb,KXMAYORMINN-26-OFAT,2025-11-04T05:54:45.831913Z,28.00,0.2700,0.7300,yes
dceeb143-aa0a-505c-6c65-4adee50ba4d4,KXMAYORMINN-26-OFAT,2025-11-04T05:53:15.768295Z,454.00,0.2400,0.7600,yes
cf28aa76-125f-561f-6dce-9c9c9b8129a7,KXMAYORMINN-26-OFAT,2025-11-04T05:53:15.768295Z,39.00,0.2400,0.7600,yes
4347e688-f375-5295-74de-cb6eac2447b9,KXMAYORMINN-26-OFAT,2025-11-04T05:53:15.768295Z,7.00,0.2500,0.7500,yes
b76cefb7-4a5f-52e4-6105-86f3ee44ca33,KXMAYORMINN-26-OFAT,2025-11-04T05:53:15.475852Z,15.00,0.2400,0.7600,yes
40ac2701-08c7-5836-568d-f44e4fe1f8c0,KXMAYORMINN-26-OFAT,2025-11-04T05:53:15.475852Z,70.00,0.2400,0.7600,yes
3517dfe4-f02e-54ac-4f2c-f528526ffc18,KXMAYORMINN-26-OFAT,2025-11-04T05:53:15.475852Z,46.00,0.2400,0.7600,yes
1d5d5706-d200-5d6e-6136-abd9cf957e1e,KXMAYORMINN-26-OFAT,2025-11-04T05:53:15.475852Z,4.00,0.2400,0.7600,yes
0f3738d6-2327-5ad0-7760-56d4b24ad04c,KXMAYORMINN-26-OFAT,2025-11-04T05:53:15.475852Z,6.00,0.2400,0.7600,yes
cf23c1c3-ac79-60cf-3e08-ed6a43ddc110,KXMAYORMINN-26-OFAT,2025-11-04T05:53:00.416939Z,1595.00,0.2300,0.7700,yes
8f61c05a-6419-63eb-007e-ef807717fc99,KXMAYORMINN-26-OFAT,2025-11-04T05:53:00.416939Z,19.00,0.2300,0.7700,yes
4e7758ac-cc5f-6d9e-1268-861c971d5c9c,KXMAYORMINN-26-OFAT,2025-11-04T05:53:00.416939Z,64.00,0.2400,0.7600,yes
0fc609a6-0d7e-6b8b-04e9-704d2bc13619,KXMAYORMINN-26-OFAT,2025-11-04T05:53:00.416939Z,16.00,0.2300,0.7700,yes
05c9ec1e-4be9-6bd5-0de0-1b2b1c57bfe6,KXMAYORMINN-26-OFAT,2025-11-04T05:53:00.416939Z,206.00,0.2300,0.7700,yes
ebe7e132-7929-62cf-4dba-0694528d51e8,KXMAYORMINN-26-OFAT,2025-11-04T05:53:00.414335Z,73.00,0.2300,0.7700,yes
3c6ad859-2b9b-61e1-48ee-4207ab13fa19,KXMAYORMINN-26-OFAT,2025-11-04T05:53:00.414335Z,27.00,0.2200,0.7800,yes
1da8e16a-a5f9-7f43-2ea0-8174b4097758,KXMAYORMINN-26-OFAT,2025-11-04T05:30:19.788574Z,206.00,0.2300,0.7700,yes
56418c76-2f64-48e8-0c6b-501047d3037e,KXMAYORMINN-26-OFAT,2025-11-04T05:17:41.132132Z,180.00,0.2100,0.7900,no
17d0e880-77eb-4706-37ec-7bd95c58325a,KXMAYORMINN-26-OFAT,2025-11-04T05:17:41.132132Z,170.00,0.2100,0.7900,no
e169f299-a214-4c4c-912e-3598c365865e,KXMAYORMINN-26-OFAT,2025-11-04T05:16:23.794635Z,37.00,0.2200,0.7800,yes
e66ceb70-83e0-7280-d345-e0a9db194416,KXMAYORMINN-26-OFAT,2025-11-04T05:06:29.827807Z,20.00,0.2200,0.7800,yes
06b9b333-82f1-4370-94a6-e6c848cd8fab,KXMAYORMINN-26-OFAT,2025-11-04T05:02:31.69631Z,18.00,0.2200,0.7800,no
011c5167-ad19-4cbe-9112-43df424ba33a,KXMAYORMINN-26-OFAT,2025-11-04T05:02:31.69631Z,150.00,0.2200,0.7800,no
88884ecf-5da3-53da-510f-cb60060807c2,KXMAYORMINN-26-OFAT,2025-11-04T05:00:10.925589Z,20.00,0.2300,0.7700,yes
65f0a1ea-be47-730e-0a35-03df1a1d7350,KXMAYORMINN-26-OFAT,2025-11-04T04:52:00.243538Z,20.00,0.2400,0.7600,yes
e75b7065-18e7-6f86-83c9-efbf53bd65e0,KXMAYORMINN-26-OFAT,2025-11-04T04:43:09.698572Z,40.00,0.2400,0.7600,yes
c0c1d080-fb69-7e1f-2773-a9080f23e83b,KXMAYORMINN-26-OFAT,2025-11-04T04:40:07.925654Z,3.00,0.2200,0.7800,no
3084c190-917d-7802-1798-e2364b20fbfa,KXMAYORMINN-26-OFAT,2025-11-04T04:40:07.925654Z,20.00,0.2200,0.7800,no
2f7f14b0-772f-7cb6-2ca8-1865c8074d7f,KXMAYORMINN-26-OFAT,2025-11-04T04:40:07.925654Z,10.00,0.2200,0.7800,no
29970c08-6baf-7772-0389-0346e35f89de,KXMAYORMINN-26-OFAT,2025-11-04T04:40:07.925654Z,11.00,0.2200,0.7800,no
3cf958f6-5927-5396-9dc4-259d9c9be9ca,KXMAYORMINN-26-OFAT,2025-11-04T04:04:29.274604Z,12.00,0.2200,0.7800,no
f3d8dcee-9dd7-519a-1eb8-06adfa9fcbf6,KXMAYORMINN-26-OFAT,2025-11-04T03:56:19.37353Z,20.00,0.2200,0.7800,no
e34af566-3e1b-51ea-80cd-5c2ada87b054,KXMAYORMINN-26-OFAT,2025-11-04T03:37:55.92391Z,49.00,0.2400,0.7600,yes
8843e9f1-2c8a-4fd0-b145-72b99f39d46e,KXMAYORMINN-26-OFAT,2025-11-04T03:37:41.064692Z,51.00,0.2300,0.7700,yes
fddd4188-43db-681a-7527-097cea6263f2,KXMAYORMINN-26-OFAT,2025-11-04T03:20:32.428439Z,30.00,0.2100,0.7900,no
8726d432-9a6e-70bf-b20b-92d7edc8e9a6,KXMAYORMINN-26-OFAT,2025-11-04T03:15:18.788857Z,500.00,0.2100,0.7900,no
e8360d22-f682-4f03-cd80-086360e7b3c6,KXMAYORMINN-26-OFAT,2025-11-04T03:14:49.5463Z,4.00,0.2100,0.7900,no
f9696d64-a160-73ba-d73a-d2d95d9493bf,KXMAYORMINN-26-OFAT,2025-11-04T03:09:06.848274Z,22.00,0.2100,0.7900,no
eb605a20-053a-7e6d-f47d-20402fdac324,KXMAYORMINN-26-OFAT,2025-11-04T03:09:06.848274Z,23.00,0.2100,0.7900,no
ce9ed358-dbc7-79c5-ff88-b2174ed6ec30,KXMAYORMINN-26-OFAT,2025-11-04T03:09:06.848274Z,39.00,0.2100,0.7900,no
98dd09d8-3dbe-7eaf-c97d-0962da1e54fe,KXMAYORMINN-26-OFAT,2025-11-04T03:09:06.848274Z,2.00,0.2100,0.7900,no
79bcceba-8cc0-7b78-d4fe-59d8f8e86b1a,KXMAYORMINN-26-OFAT,2025-11-04T03:09:06.848274Z,200.00,0.2100,0.7900,no
71168244-7415-7269-e94c-4e7e2cb06688,KXMAYORMINN-26-OFAT,2025-11-04T03:09:06.848274Z,35.00,0.2100,0.7900,no
408f1355-69d6-72ac-fa26-87650165814b,KXMAYORMINN-26-OFAT,2025-11-04T03:09:06.848274Z,24.00,0.2100,0.7900,no
72ebf657-851f-61b6-23b4-98d580374120,KXMAYORMINN-26-OFAT,2025-11-04T03:03:36.866695Z,30.00,0.2400,0.7600,yes
abeddc49-2992-5170-20f3-a1f9dd05c2ab,KXMAYORMINN-26-OFAT,2025-11-04T02:55:01.973642Z,5.00,0.2100,0.7900,no
6636f295-1282-5754-8abc-2114d6f2c23f,KXMAYORMINN-26-OFAT,2025-11-04T02:31:56.756846Z,5.00,0.2100,0.7900,no
da13c08b-236e-6444-2128-cb8ed9c57b9f,KXMAYORMINN-26-OFAT,2025-11-04T02:30:37.54977Z,4.00,0.2100,0.7900,no
5a7ce509-2052-52ac-20a7-883f37ff8dff,KXMAYORMINN-26-OFAT,2025-11-04T02:21:45.577403Z,640.00,0.2100,0.7900,no
321585ae-6a2a-7e34-e00b-651e838df2c3,KXMAYORMINN-26-OFAT,2025-11-04T02:18:11.954022Z,14.00,0.2100,0.7900,no
bdb079e0-435a-5e88-deb4-2cabbd32f3d7,KXMAYORMINN-26-OFAT,2025-11-04T02:15:31.370106Z,6.00,0.2100,0.7900,no
e07a45ee-2537-6fe0-3e14-64c8f9cb2fca,KXMAYORMINN-26-OFAT,2025-11-04T02:14:40.639323Z,2.00,0.2100,0.7900,no
9b9b8a25-a8d2-6d92-3689-85907d57a805,KXMAYORMINN-26-OFAT,2025-11-04T02:14:40.639323Z,270.00,0.2100,0.7900,no
634b1c3e-38b6-6930-061a-86ab806b288b,KXMAYORMINN-26-OFAT,2025-11-04T02:14:40.639323Z,52.00,0.2100,0.7900,no
c4e4d5f7-f35b-4082-f515-add4311540f4,KXMAYORMINN-26-OFAT,2025-11-04T01:58:07.512772Z,40.00,0.2400,0.7600,yes
2b7fe1f1-7623-76e2-e343-09483e6ce390,KXMAYORMINN-26-OFAT,2025-11-04T01:56:03.128959Z,1.00,0.2400,0.7600,yes
f6c98dba-3d37-430e-fe10-b42e73d82558,KXMAYORMINN-26-OFAT,2025-11-04T01:43:47.243895Z,100.00,0.2400,0.7600,yes
8d6333b0-7e32-5d8e-f7d8-5d6ed258d489,KXMAYORMINN-26-OFAT,2025-11-04T01:32:42.411456Z,40.00,0.2100,0.7900,no
e0261410-f71f-5473-2a91-807bc2d656e4,KXMAYORMINN-26-OFAT,2025-11-04T01:24:17.566051Z,8.00,0.2200,0.7800,yes
2a3c0f7e-9958-60e1-577c-5e81448595c6,KXMAYORMINN-26-OFAT,2025-11-04T01:14:28.485701Z,113.00,0.2200,0.7800,no
cdf6ecda-c735-48b6-590e-1045ed5089d9,KXMAYORMINN-26-OFAT,2025-11-04T01:13:37.783526Z,115.00,0.2200,0.7800,no
958be4fc-5ed4-4902-6795-43133090334e,KXMAYORMINN-26-OFAT,2025-11-04T01:13:37.783526Z,2.00,0.2200,0.7800,no
782678ac-751b-5df6-074d-f59ecd35be48,KXMAYORMINN-26-OFAT,2025-11-04T01:04:06.209314Z,197.00,0.2400,0.7600,yes
e498d181-e2ad-7baf-8ed2-eb7b78c5083b,KXMAYORMINN-26-OFAT,2025-11-04T01:03:34.217632Z,8.00,0.2400,0.7600,yes
bef6b6d4-74f7-7666-befc-7afb0d5b98c8,KXMAYORMINN-26-OFAT,2025-11-04T01:03:34.217632Z,189.00,0.2400,0.7600,yes
591b599d-e445-7b95-4753-67c15abff780,KXMAYORMINN-26-OFAT,2025-11-04T01:01:17.554073Z,16.00,0.2200,0.7800,no
1e97788f-e242-79a2-5c84-7012ebe7e739,KXMAYORMINN-26-OFAT,2025-11-04T01:01:17.554073Z,38.00,0.2100,0.7900,no
1e47680a-e94b-7939-666b-7e266bfa956f,KXMAYORMINN-26-OFAT,2025-11-04T01:01:17.554073Z,46.00,0.2200,0.7800,no
c63a14c2-9cc2-6056-8286-5394ab4747a3,KXMAYORMINN-26-OFAT,2025-11-04T00:58:30.829535Z,27.00,0.2400,0.7600,yes
bcb635f7-9d3e-680b-8024-9a50544809b9,KXMAYORMINN-26-OFAT,2025-11-04T00:58:30.829535Z,145.00,0.2400,0.7600,yes
6e7faa7d-4e59-680b-b3a1-9cdd0805d26f,KXMAYORMINN-26-OFAT,2025-11-04T00:58:30.829535Z,25.00,0.2400,0.7600,yes
e0d0ad26-2bea-58ce-912d-8d1e464d3d19,KXMAYORMINN-26-OFAT,2025-11-04T00:58:20.863046Z,10.00,0.2100,0.7900,no
5add3d53-ef19-6b88-6540-e249d1b5772f,KXMAYORMINN-26-OFAT,2025-11-04T00:58:01.648085Z,42.00,0.2400,0.7600,yes
56166363-2df2-6c67-7c30-bb77229daa39,KXMAYORMINN-26-OFAT,2025-11-04T00:58:01.648085Z,155.00,0.2400,0.7600,yes
d6b5fde7-7326-419a-c73a-f414a0954f41,KXMAYORMINN-26-OFAT,2025-11-04T00:44:22.905989Z,50.00,0.2100,0.7900,no
87bd0f7a-71b6-4c96-a29c-aeef5f8a4b6d,KXMAYORMINN-26-OFAT,2025-11-04T00:42:41.386806Z,1.00,0.2100,0.7900,no
e9915a84-d3ed-72ec-3450-f174bd28daf3,KXMAYORMINN-26-OFAT,2025-11-04T00:40:03.006825Z,395.00,0.2400,0.7600,yes
d73fd42c-7a13-797a-1d3a-2fa101ea2c54,KXMAYORMINN-26-OFAT,2025-11-04T00:39:42.648995Z,9.00,0.2200,0.7800,no
528897f1-eb2e-78ba-0c79-33f78b925535,KXMAYORMINN-26-OFAT,2025-11-04T00:39:42.648995Z,91.00,0.2100,0.7900,no
8006f687-07e2-47b1-542e-bdade0216adb,KXMAYORMINN-26-OFAT,2025-11-04T00:22:38.105112Z,8.00,0.2200,0.7800,no
1cd724a7-71f5-4a96-5c6e-df0480d73a54,KXMAYORMINN-26-OFAT,2025-11-04T00:22:38.105112Z,6.00,0.2200,0.7800,no
c8db24fb-2f45-5ea8-626a-4f6d63c87df7,KXMAYORMINN-26-OFAT,2025-11-04T00:20:48.796956Z,36.00,0.2400,0.7600,yes
9e3bb441-1985-7898-e4b5-41122f2d176f,KXMAYORMINN-26-OFAT,2025-11-03T23:57:42.966169Z,27.00,0.2400,0.7600,yes
7819b2ec-9099-79da-e068-7afeac8d0e1f,KXMAYORMINN-26-OFAT,2025-11-03T23:57:42.966169Z,2.00,0.2400,0.7600,yes
1ca8bc00-78b1-7bce-d2e8-3c7b0e4eb1de,KXMAYORMINN-26-OFAT,2025-11-03T23:57:42.966169Z,7.00,0.2400,0.7600,yes
16ca4765-f6c4-749e-f381-127c155d01db,KXMAYORMINN-26-OFAT,2025-11-03T23:57:42.966169Z,6.00,0.2400,0.7600,yes
0c890fec-604f-7b61-dcc8-988e76a9e683,KXMAYORMINN-26-OFAT,2025-11-03T23:57:42.966169Z,8.00,0.2400,0.7600,yes
6ba84531-20f2-494f-2e2a-b6858e112df0,KXMAYORMINN-26-OFAT,2025-11-03T23:49:31.427638Z,46.00,0.2200,0.7800,no
cd43a08f-e479-7e3e-99bd-a6099d942d36,KXMAYORMINN-26-OFAT,2025-11-03T23:39:35.873613Z,2.00,0.2400,0.7600,yes
c906d2c7-8d9a-79e5-e5b6-c12ede129203,KXMAYORMINN-26-OFAT,2025-11-03T23:37:14.761558Z,5.00,0.2300,0.7700,yes
2e5e61ac-0421-7042-eb3e-5c4cce8e63d2,KXMAYORMINN-26-OFAT,2025-11-03T23:37:14.761558Z,5.00,0.2400,0.7600,yes
609014d1-d1b2-4cd1-b8aa-e93a8aef79ab,KXMAYORMINN-26-OFAT,2025-11-03T23:36:26.96137Z,5.00,0.2300,0.7700,yes
c2c90c75-4fc1-6145-3efe-68d284fceab2,KXMAYORMINN-26-OFAT,2025-11-03T23:36:12.210454Z,5.00,0.2300,0.7700,yes
9da6f08d-a5f1-40fa-a2f2-3d128e87cc4a,KXMAYORMINN-26-OFAT,2025-11-03T23:30:20.644634Z,39.00,0.2400,0.7600,yes
c553baec-1856-56eb-5894-f9fdf9683be4,KXMAYORMINN-26-OFAT,2025-11-03T23:19:32.637097Z,5.00,0.2300,0.7700,yes
8a80a16e-7fcc-5ef3-6b63-ec69beedd4d8,KXMAYORMINN-26-OFAT,2025-11-03T23:19:32.637097Z,15.00,0.2300,0.7700,yes
7ea46159-49dc-78bb-a164-194744fa7400,KXMAYORMINN-26-OFAT,2025-11-03T23:14:46.593097Z,10.00,0.2300,0.7700,yes
68063a29-1f12-4276-0a00-1aa607bc6198,KXMAYORMINN-26-OFAT,2025-11-03T23:13:22.886781Z,50.00,0.2000,0.8000,no
8db3de71-b574-54c9-eb70-e4a08a786281,KXMAYORMINN-26-OFAT,2025-11-03T23:12:35.786134Z,9.00,0.2300,0.7700,yes
02c349f6-833c-59f3-f574-d807b19a7228,KXMAYORMINN-26-OFAT,2025-11-03T23:12:35.786134Z,1.00,0.2300,0.7700,yes
a2227058-e7b2-5d9a-8c0b-9f4b5a6810b4,KXMAYORMINN-26-OFAT,2025-11-03T23:08:04.078851Z,20.00,0.2000,0.8000,no
cd102d35-b0d3-7480-6595-8ec1410ab8d8,KXMAYORMINN-26-OFAT,2025-11-03T22:58:37.648636Z,1000.00,0.2100,0.7900,no
7fba70d4-cbcb-7581-7141-c9f840a53105,KXMAYORMINN-26-OFAT,2025-11-03T22:58:37.648636Z,56.00,0.2100,0.7900,no
4b146f6b-0469-7a6c-510d-c3afa68a5b44,KXMAYORMINN-26-OFAT,2025-11-03T22:58:37.648636Z,1944.00,0.2100,0.7900,no
f8783a98-7c4b-580c-408b-c2f82a63af04,KXMAYORMINN-26-OFAT,2025-11-03T22:40:18.959355Z,775.00,0.2100,0.7900,no
c07761af-646e-59c7-7109-7ecc8683e454,KXMAYORMINN-26-OFAT,2025-11-03T22:40:18.959355Z,325.00,0.2100,0.7900,no
7ce2e849-8875-7cfc-b684-256f7dba8b06,KXMAYORMINN-26-OFAT,2025-11-03T22:28:29.494573Z,1.00,0.2300,0.7700,yes
c57dad6e-44a8-464a-96fd-041ea489d631,KXMAYORMINN-26-OFAT,2025-11-03T22:08:03.994759Z,125.00,0.2100,0.7900,no
4c499ad4-67d4-4c3b-a4a3-4c186e08ccb9,KXMAYORMINN-26-OFAT,2025-11-03T22:08:03.994759Z,100.00,0.2100,0.7900,no
10bc3918-9a46-40c3-bf95-a5dcb843550c,KXMAYORMINN-26-OFAT,2025-11-03T22:08:03.994759Z,175.00,0.2100,0.7900,no
f6be732f-841d-6952-5576-1cf15ad18212,KXMAYORMINN-26-OFAT,2025-11-03T22:07:35.66155Z,50.00,0.2400,0.7600,yes
d330e686-7517-6fcf-f196-fb8919ec211b,KXMAYORMINN-26-OFAT,2025-11-03T21:57:54.739698Z,23.00,0.2200,0.7800,no
bfc4aa65-bff4-6a1e-ec48-ee07ae75c901,KXMAYORMINN-26-OFAT,2025-11-03T21:57:54.739698Z,9.00,0.2200,0.7800,no
ad7ead0e-3e8c-6402-f2ca-6770ad8d9065,KXMAYORMINN-26-OFAT,2025-11-03T21:57:54.739698Z,7.00,0.2300,0.7700,no
a817513d-e5af-6cf3-e263-84e7b8a08b1c,KXMAYORMINN-26-OFAT,2025-11-03T21:57:54.739698Z,120.00,0.2200,0.7800,no
9f2263f8-3e4d-62e4-e21c-1f0f8b22b76f,KXMAYORMINN-26-OFAT,2025-11-03T21:57:54.739698Z,30.00,0.2200,0.7800,no
43e43552-6134-6375-ec53-1dc5a2519f68,KXMAYORMINN-26-OFAT,2025-11-03T21:57:54.739698Z,11.00,0.2300,0.7700,no
682f6de6-8810-65ae-05e4-e9e1307edd51,KXMAYORMINN-26-OFAT,2025-11-03T21:50:02.981642Z,13.00,0.2300,0.7700,no
329bae90-7141-661e-71a0-98ea24ac0e42,KXMAYORMINN-26-OFAT,2025-11-03T21:48:07.012839Z,4.00,0.2400,0.7600,yes
1fc77974-99a9-4ed2-7b16-d2ac5a0c9d1e,KXMAYORMINN-26-OFAT,2025-11-03T21:44:25.934574Z,3.00,0.2400,0.7600,yes
fa47445f-f3d9-44f6-3eb7-faecb0600412,KXMAYORMINN-26-OFAT,2025-11-03T21:39:50.344263Z,197.00,0.2400,0.7600,yes
3caf2a39-9d91-6cc6-9dfb-7856cc33984a,KXMAYORMINN-26-OFAT,2025-11-03T21:28:04.558126Z,500.00,0.2400,0.7600,yes
a615ccf2-42dd-62e7-f9af-7556ad13a669,KXMAYORMINN-26-OFAT,2025-11-03T21:25:44.707607Z,100.00,0.2200,0.7800,no
dc6e22ce-e954-797c-cd03-f7c8ba9a7168,KXMAYORMINN-26-OFAT,2025-11-03T21:18:39.782288Z,12.00,0.2200,0.7800,no
90b1a448-e6e6-79a8-cd39-ea823929ab43,KXMAYORMINN-26-OFAT,2025-11-03T21:18:39.782288Z,4.00,0.2200,0.7800,no
717c51cc-d2dd-7253-e69c-d4f53d93bedd,KXMAYORMINN-26-OFAT,2025-11-03T21:18:39.782288Z,14.00,0.2200,0.7800,no
4659c8c4-8402-7aaf-d400-0f249a012816,KXMAYORMINN-26-OFAT,2025-11-03T21:18:39.782288Z,20.00,0.2200,0.7800,no
a5cf740b-c684-6d7c-2a2d-59c3f7267e24,KXMAYORMINN-26-OFAT,2025-11-03T21:15:13.819813Z,618.00,0.2200,0.7800,no
f876ab81-4b2b-7165-2839-240577a91f9f,KXMAYORMINN-26-OFAT,2025-11-03T21:13:38.011975Z,4.00,0.2400,0.7600,yes
f6398cd5-fc05-7b1a-094a-127eed419f3e,KXMAYORMINN-26-OFAT,2025-11-03T21:13:38.011975Z,193.00,0.2400,0.7600,yes
aba5644b-c74c-5874-91ea-40d8c68645e8,KXMAYORMINN-26-OFAT,2025-11-03T21:11:57.555094Z,50.00,0.2200,0.7800,no
2d3ae30e-8c3a-5de0-f50f-b453db61a66e,KXMAYORMINN-26-OFAT,2025-11-03T21:04:17.417833Z,26.00,0.2300,0.7700,no
8fbccf14-f43a-5022-e58b-9f8d83dcfcae,KXMAYORMINN-26-OFAT,2025-11-03T21:04:17.382268Z,74.00,0.2300,0.7700,yes
0a2f05d0-838d-770a-b40f-13f9bd0360df,KXMAYORMINN-26-OFAT,2025-11-03T20:58:35.631751Z,100.00,0.2300,0.7700,yes
9db144cc-ac84-5df8-9b10-111b6ffc81e7,KXMAYORMINN-26-OFAT,2025-11-03T20:57:32.28548Z,100.00,0.2300,0.7700,yes
17ffddee-4147-7550-94a0-1c6d2e6fa4a9,KXMAYORMINN-26-OFAT,2025-11-03T20:56:20.663701Z,41.00,0.2300,0.7700,yes
960ad709-2de4-59d4-ae84-5debadcd3f6c,KXMAYORMINN-26-OFAT,2025-11-03T20:30:57.677102Z,20.00,0.2200,0.7800,no
759f4e06-2496-7d79-f5d3-5aa0a08c48e8,KXMAYORMINN-26-OFAT,2025-11-03T20:19:41.227088Z,5.00,0.2300,0.7700,yes
ae88977a-0332-7cd5-e06c-16bad7202f90,KXMAYORMINN-26-OFAT,2025-11-03T20:02:49.219073Z,1.00,0.2300,0.7700,yes
bc4a5fcc-3e94-6a1c-41a3-b892558bdb9c,KXMAYORMINN-26-OFAT,2025-11-03T19:41:56.520095Z,500.00,0.2200,0.7800,no
6e0eea8d-97d8-7f9a-7c11-132e49ee68e5,KXMAYORMINN-26-OFAT,2025-11-03T18:38:42.750211Z,9.00,0.2100,0.7900,no
178cb539-2922-6197-4d20-e2298c9722b5,KXMAYORMINN-26-OFAT,2025-11-03T18:36:47.937152Z,25.00,0.2200,0.7800,no
00938a20-083c-67ae-435f-d9f2217cf289,KXMAYORMINN-26-OFAT,2025-11-03T18:36:47.937152Z,66.00,0.2100,0.7900,no
db0376be-ad90-47eb-a25b-cec1f523f43a,KXMAYORMINN-26-OFAT,2025-11-03T17:12:39.655657Z,149.00,0.2300,0.7700,yes
d2f49962-7bd9-52dc-ce28-a3c5f746abf2,KXMAYORMINN-26-OFAT,2025-11-03T17:12:19.060837Z,1.00,0.2200,0.7800,yes
6b14a469-eac4-45a3-5ccf-3dc6ac795052,KXMAYORMINN-26-OFAT,2025-11-03T17:07:25.164773Z,20.00,0.2300,0.7700,yes
5c4c4b91-6bf8-65e3-cfc3-69eb639299b2,KXMAYORMINN-26-OFAT,2025-11-03T16:56:59.691955Z,20.00,0.2300,0.7700,yes
5a679718-6138-64df-5a4f-16224cc1ee06,KXMAYORMINN-26-OFAT,2025-11-03T16:56:14.115954Z,11.00,0.2300,0.7700,yes
9fc1cc15-eb39-4082-7fec-82dc9c529221,KXMAYORMINN-26-OFAT,2025-11-03T16:56:13.778328Z,9.00,0.2200,0.7800,yes
46ac79b8-2db6-506d-40e3-e6d1295cc3f7,KXMAYORMINN-26-OFAT,2025-11-03T16:51:39.731418Z,21.00,0.2200,0.7800,no
402ca2fc-927a-5cdd-6a42-c9e2a127f0d0,KXMAYORMINN-26-OFAT,2025-11-03T16:51:39.731418Z,8.00,0.2200,0.7800,no
d1f0815b-f5c4-669b-864f-36d368d9799a,KXMAYORMINN-26-OFAT,2025-11-03T15:55:43.923903Z,384.00,0.2300,0.7700,yes
43f20b22-d458-7467-5d4a-5dd88571de15,KXMAYORMINN-26-OFAT,2025-11-03T15:55:00.500817Z,10.00,0.2200,0.7800,yes
7d935c79-034c-78f7-bb7f-971f83a442b2,KXMAYORMINN-26-OFAT,2025-11-03T15:35:30.976853Z,2.00,0.2300,0.7700,yes
e698d9f7-c448-5a4b-4f84-e20c22961fa6,KXMAYORMINN-26-OFAT,2025-11-03T15:34:55.779598Z,9.00,0.2300,0.7700,yes
ee267bf9-4a21-50f7-5a8d-88adeb0c9b6c,KXMAYORMINN-26-OFAT,2025-11-03T15:17:29.915627Z,1.00,0.2200,0.7800,yes
fef56e94-a824-5f96-fb56-7974c3136929,KXMAYORMINN-26-OFAT,2025-11-03T15:16:25.657702Z,7.00,0.2200,0.7800,yes
b3ad85c6-9304-5e8a-cf95-6e9954af1201,KXMAYORMINN-26-OFAT,2025-11-03T15:09:27.463936Z,3.00,0.2200,0.7800,yes
9e142da5-49e0-42e6-6f5e-15447a4b9e7c,KXMAYORMINN-26-OFAT,2025-11-03T14:43:01.82877Z,8.00,0.2200,0.7800,no
3f4216df-35fd-4dba-5d38-7c3f8d808e6a,KXMAYORMINN-26-OFAT,2025-11-03T14:43:01.82877Z,10.00,0.2200,0.7800,no
1eeb2d62-7c6c-4f63-6318-72fffca4025a,KXMAYORMINN-26-OFAT,2025-11-03T14:43:01.82877Z,7.00,0.2200,0.7800,no
4dabd0b3-aa24-6a9f-52e9-cac82678b4a6,KXMAYORMINN-26-OFAT,2025-11-03T14:36:38.228328Z,8.00,0.2300,0.7700,yes
952855d7-33dc-7f62-dffa-13645a952c78,KXMAYORMINN-26-OFAT,2025-11-03T14:33:15.901836Z,1.00,0.2200,0.7800,no
9ddf22d3-1d30-57ca-5767-b1f577f88c80,KXMAYORMINN-26-OFAT,2025-11-03T14:28:34.799594Z,2.00,0.2200,0.7800,no
31f23e39-1464-593a-7d26-3b2a24a78138,KXMAYORMINN-26-OFAT,2025-11-03T14:27:35.224899Z,3.00,0.2200,0.7800,no
04ce729a-69dc-64fe-40ea-f004c9e42be0,KXMAYORMINN-26-OFAT,2025-11-03T14:25:12.137364Z,1.00,0.2200,0.7800,no
722c138f-6d28-6bc2-258f-b2028b6cca48,KXMAYORMINN-26-OFAT,2025-11-03T14:23:46.735878Z,1.00,0.2200,0.7800,no
dd080558-31c0-719e-fa72-689e007b36bc,KXMAYORMINN-26-OFAT,2025-11-03T14:22:40.480345Z,100.00,0.2200,0.7800,no
2675b894-d674-61b3-1f3c-b25b4bf4425e,KXMAYORMINN-26-OFAT,2025-11-03T14:22:39.690834Z,4.00,0.2300,0.7700,yes
d40fc923-7c68-6692-ee8f-100e8ac197dc,KXMAYORMINN-26-OFAT,2025-11-03T14:18:20.080238Z,20.00,0.2200,0.7800,no
5f872b1f-a170-57ce-d405-09be9f6778e4,KXMAYORMINN-26-OFAT,2025-11-03T14:16:30.391132Z,4.00,0.2200,0.7800,no
4a8ad758-a796-68c9-8295-561d07ba661c,KXMAYORMINN-26-OFAT,2025-11-03T13:32:45.22518Z,10.00,0.2200,0.7800,yes
eb72a72c-f6e8-579a-0ce3-330a02a67922,KXMAYORMINN-26-OFAT,2025-11-03T09:53:30.487225Z,49.00,0.2400,0.7600,yes
865e4907-b577-5654-11c9-e01212813f30,KXMAYORMINN-26-OFAT,2025-11-03T09:53:30.487225Z,148.00,0.2400,0.7600,yes
e218f3e7-3c34-4bc6-c232-1e7e4d0c9fce,KXMAYORMINN-26-OFAT,2025-11-03T09:47:37.281112Z,19.00,0.2400,0.7600,yes
5db153a5-c684-5942-1d95-93cfcdbb11de,KXMAYORMINN-26-OFAT,2025-11-03T07:24:12.501921Z,20.00,0.2400,0.7600,yes
bc91c7c3-3704-68de-ba56-0067fc550412,KXMAYORMINN-26-OFAT,2025-11-03T07:08:53.545858Z,193.00,0.2400,0.7600,yes
8544769e-c8d7-68f8-82ba-c58613f35b37,KXMAYORMINN-26-OFAT,2025-11-03T07:08:53.545858Z,4.00,0.2300,0.7700,yes
9f24d53b-fc48-5a82-8b51-13e6bde0dd4a,KXMAYORMINN-26-OFAT,2025-11-03T05:29:54.375382Z,19.00,0.2400,0.7600,yes
eec05f64-b3e4-4d3f-755b-0d139acb44df,KXMAYORMINN-26-OFAT,2025-11-03T01:38:37.561541Z,10.00,0.2300,0.7700,no
7f10069b-d630-4d8a-51cf-165c7ec9d9d6,KXMAYORMINN-26-OFAT,2025-11-03T01:18:44.119611Z,200.00,0.2400,0.7600,yes
b289e307-8c28-6f5b-9bc6-3c63d5c05d27,KXMAYORMINN-26-OFAT,2025-11-03T01:07:34.53048Z,65.00,0.2300,0.7700,no
f10b967d-3400-5541-9d2e-9cbe217e2277,KXMAYORMINN-26-OFAT,2025-11-02T23:11:00.952721Z,20.00,0.2500,0.7500,yes
488cae2d-a63c-4d4d-6f2c-2911c5b819b3,KXMAYORMINN-26-OFAT,2025-11-02T23:08:54.832378Z,93.00,0.2500,0.7500,yes
39bc67d1-e8d3-4829-7b75-d7f32d78f1bc,KXMAYORMINN-26-OFAT,2025-11-02T23:08:54.832378Z,100.00,0.2400,0.7600,yes
cb2238c8-f5b4-6d91-e83d-a9b7154519a7,KXMAYORMINN-26-OFAT,2025-11-02T22:50:06.031519Z,38.00,0.2500,0.7500,yes
ca4d4426-b2bd-5abc-1c97-fdf08889f5a3,KXMAYORMINN-26-OFAT,2025-11-02T22:26:52.095169Z,269.00,0.2400,0.7600,yes
8683deae-be18-52cd-1225-bc3c3eb3d83b,KXMAYORMINN-26-OFAT,2025-11-02T22:26:52.095169Z,121.00,0.2500,0.7500,yes
31e8a801-b8f9-42c8-a89c-1c44726a43e3,KXMAYORMINN-26-OFAT,2025-11-02T22:25:30.400324Z,395.00,0.2400,0.7600,yes
f0da5197-cc75-7bfc-e5d9-48321f38e5bf,KXMAYORMINN-26-OFAT,2025-11-02T22:25:15.859013Z,136.00,0.2400,0.7600,yes
d93959b2-3f30-7a7a-f44d-5f3203cfd01c,KXMAYORMINN-26-OFAT,2025-11-02T22:25:15.859013Z,259.00,0.2400,0.7600,yes
a46e5767-fd08-732e-0ccb-f5c3a6597784,KXMAYORMINN-26-OFAT,2025-11-02T21:22:53.534412Z,40.00,0.2400,0.7600,yes
cf569769-0524-700e-8c92-3471cdea12cc,KXMAYORMINN-26-OFAT,2025-11-02T21:22:33.990264Z,39.00,0.2400,0.7600,yes
d468b33d-7570-6bb6-192a-b4dbf254bab0,KXMAYORMINN-26-OFAT,2025-11-02T21:18:48.475522Z,40.00,0.2400,0.7600,yes
538e8e60-79cc-6efe-a309-1a51718c74e0,KXMAYORMINN-26-OFAT,2025-11-02T20:41:13.397396Z,60.00,0.2400,0.7600,yes
d88dd96b-4ff4-56c2-81bc-0e3030647c04,KXMAYORMINN-26-OFAT,2025-11-02T19:39:01.510877Z,1.00,0.2400,0.7600,yes
fca5de9a-b8f8-70d7-5e39-5521c92ad177,KXMAYORMINN-26-OFAT,2025-11-02T19:35:45.718291Z,25.00,0.2300,0.7700,no
c49bb0c6-448a-63f6-6c84-4f666f9ac8f4,KXMAYORMINN-26-OFAT,2025-11-02T19:35:45.692343Z,10.00,0.2300,0.7700,yes
316929f4-38f2-6343-79c8-23ad3eae9d29,KXMAYORMINN-26-OFAT,2025-11-02T19:35:45.692343Z,5.00,0.2300,0.7700,yes
2996ee0e-d750-62c6-5b5d-18013f9ce226,KXMAYORMINN-26-OFAT,2025-11-02T19:35:45.692343Z,800.00,0.2200,0.7800,yes
05c964ab-d54d-6487-6337-effac6263e0d,KXMAYORMINN-26-OFAT,2025-11-02T19:35:45.692343Z,4995.00,0.2300,0.7700,yes
46eff931-19ec-5d87-f6d5-458531fae615,KXMAYORMINN-26-OFAT,2025-11-02T19:30:27.618452Z,50.00,0.2100,0.7900,no
b268b834-a005-652f-5b73-92a10283e9c9,KXMAYORMINN-26-OFAT,2025-11-02T18:57:46.693404Z,5.00,0.2300,0.7700,yes
91fb16d2-5439-4203-520d-b74dbf7586fd,KXMAYORMINN-26-OFAT,2025-11-02T18:48:45.818958Z,10.00,0.2300,0.7700,yes
0170eee1-e3fc-43f3-d469-9e5081534cfd,KXMAYORMINN-26-OFAT,2025-11-02T18:05:34.140179Z,1.00,0.2100,0.7900,no
df00e6ee-b6c9-5071-fa15-cee57427a7d6,KXMAYORMINN-26-OFAT,2025-11-02T16:34:54.788536Z,24.00,0.2200,0.7800,yes
bcc1a6c7-afcc-5c91-e609-a00bc36b8c0a,KXMAYORMINN-26-OFAT,2025-11-02T16:34:54.788536Z,12.00,0.2200,0.7800,yes
1b8865f2-3d11-57f5-27a8-3bb6b162a5aa,KXMAYORMINN-26-OFAT,2025-11-02T16:31:13.383694Z,86.00,0.2200,0.7800,yes
a6d79955-4b7b-7b65-389d-7cac1e476ffe,KXMAYORMINN-26-OFAT,2025-11-02T14:40:17.26558Z,103.00,0.2300,0.7700,yes
7a8d04d3-45ee-79fe-b902-230953638019,KXMAYORMINN-26-OFAT,2025-11-02T14:30:27.733388Z,203.00,0.2300,0.7700,yes
fdc74fec-3317-44b5-9311-1b3323136c9e,KXMAYORMINN-26-OFAT,2025-11-02T13:39:32.932612Z,3.00,0.2300,0.7700,yes
f8b521e0-0fa4-46bb-d390-55b5c73e0499,KXMAYORMINN-26-OFAT,2025-11-02T05:51:28.835262Z,4.00,0.2300,0.7700,yes
d0d2994f-2118-4457-0c9f-7dfac58731f2,KXMAYORMINN-26-OFAT,2025-11-02T01:46:22.057696Z,100.00,0.2300,0.7700,yes
6f63ece1-b0d0-4318-3fa5-29b7bede31bd,KXMAYORMINN-26-OFAT,2025-11-02T01:46:22.057696Z,106.00,0.2300,0.7700,yes
3f1138fd-21fc-4e41-3ecc-3f21b2154e82,KXMAYORMINN-26-OFAT,2025-11-02T01:45:13.926326Z,206.00,0.2300,0.7700,yes
0a7ace2d-4dea-6196-21fa-edf267d45db5,KXMAYORMINN-26-OFAT,2025-11-02T01:27:04.822131Z,100.00,0.2300,0.7700,yes
32c64de8-dcff-6263-f87a-c429dfc35e46,KXMAYORMINN-26-OFAT,2025-11-02T01:27:01.606524Z,4043.00,0.2300,0.7700,yes
de8f2fea-76c3-5f77-6849-2b2d81d0a182,KXMAYORMINN-26-OFAT,2025-11-02T00:14:32.339577Z,206.00,0.2300,0.7700,yes
1a1100aa-2148-776b-dc50-63228100ef25,KXMAYORMINN-26-OFAT,2025-11-02T00:14:07.472711Z,206.00,0.2300,0.7700,yes
30fffaec-9674-484b-b406-f8de1b58bb79,KXMAYORMINN-26-OFAT,2025-11-02T00:01:59.533313Z,50.00,0.2300,0.7700,yes
09d3d9f8-9ce4-4403-0b7f-aa4ef0c47bfd,KXMAYORMINN-26-OFAT,2025-11-02T00:01:39.064222Z,225.00,0.2300,0.7700,yes
92859cd1-854a-7982-343a-5da93b6323eb,KXMAYORMINN-26-OFAT,2025-11-01T23:49:31.768693Z,8.00,0.2300,0.7700,yes
f7e5122f-583e-6671-0015-b2054bac7dd4,KXMAYORMINN-26-OFAT,2025-11-01T23:49:11.75454Z,14.00,0.2200,0.7800,yes
ed4a0a18-00e0-688d-abb0-fac111d37dd8,KXMAYORMINN-26-OFAT,2025-11-01T22:12:24.809906Z,2.00,0.2000,0.8000,no
f0261908-2300-5fda-aa83-101b9a159b3b,KXMAYORMINN-26-OFAT,2025-11-01T21:52:57.416265Z,3.00,0.2100,0.7900,yes
f9a396d4-c054-4130-c81c-1b0f295e6716,KXMAYORMINN-26-OFAT,2025-11-01T21:44:33.451651Z,89.00,0.1900,0.8100,no
8dd4e757-3871-4d1c-edb2-0ea90eee461d,KXMAYORMINN-26-OFAT,2025-11-01T21:44:33.451651Z,20.00,0.1900,0.8100,no
807292c8-693e-54fa-0402-c3a87b7b863b,KXMAYORMINN-26-OFAT,2025-11-01T20:44:55.585336Z,40.00,0.2300,0.7700,yes
519e797d-8d12-7e42-cc0f-e2b4fdb88f2b,KXMAYORMINN-26-OFAT,2025-11-01T19:47:31.35887Z,20.00,0.2300,0.7700,yes
95d495f0-5622-491a-d6e4-65e6eadd3155,KXMAYORMINN-26-OFAT,2025-11-01T19:44:24.832824Z,11.00,0.2100,0.7900,no
95f06c60-c261-5f59-a3db-26c6332dc18c,KXMAYORMINN-26-OFAT,2025-11-01T19:32:00.814584Z,100.00,0.2300,0.7700,yes
f52e54ca-58dd-69f1-b3a3-dc863a04f74c,KXMAYORMINN-26-OFAT,2025-11-01T19:30:15.152062Z,1.00,0.2300,0.7700,yes
6ee073dd-7da5-7589-5306-2a833a5a2d0c,KXMAYORMINN-26-OFAT,2025-11-01T19:07:30.086916Z,33.00,0.2300,0.7700,yes
ef96e6d3-736f-71a3-3c3d-d1dc21df3c5c,KXMAYORMINN-26-OFAT,2025-11-01T19:07:00.35604Z,47.00,0.2200,0.7800,yes
ca14c77e-6c5f-469d-0e61-d4f282dcd958,KXMAYORMINN-26-OFAT,2025-11-01T18:22:10.080166Z,2.00,0.1900,0.8100,no
82e29afc-efed-4400-2d66-8e21da2d6c39,KXMAYORMINN-26-OFAT,2025-11-01T18:22:10.080166Z,3.00,0.1900,0.8100,no
770aba91-15ab-42de-2323-523a0c96249f,KXMAYORMINN-26-OFAT,2025-11-01T18:22:10.080166Z,6.00,0.1900,0.8100,no
2ef7f702-c9b1-4d78-1b10-1312b2ae423b,KXMAYORMINN-26-OFAT,2025-11-01T18:22:10.080166Z,19.00,0.1900,0.8100,no
95d0dcb6-825b-593c-3be0-11086ddc8082,KXMAYORMINN-26-OFAT,2025-11-01T18:14:53.755226Z,5.00,0.2300,0.7700,no
86c072ec-4110-7f06-0227-f0da6096da3c,KXMAYORMINN-26-OFAT,2025-11-01T17:35:23.31427Z,2.00,0.2400,0.7600,yes
a05004c6-c19b-6040-2099-29376edc17e2,KXMAYORMINN-26-OFAT,2025-11-01T17:16:04.46859Z,1.00,0.2300,0.7700,no
614b2313-5294-6816-66af-b278740dbbd8,KXMAYORMINN-26-OFAT,2025-11-01T17:14:48.167373Z,5.00,0.2400,0.7600,yes
712bbf79-47f8-7262-7e12-2bf1a0d26a74,KXMAYORMINN-26-OFAT,2025-11-01T17:12:21.599022Z,15.00,0.2400,0.7600,yes
3185e92a-b9b4-7d72-90d5-3cc594a98a28,KXMAYORMINN-26-OFAT,2025-11-01T17:11:32.857043Z,19.00,0.2400,0.7600,yes
48ebeb2f-5ccf-7214-1777-e5d9ad8aba92,KXMAYORMINN-26-OFAT,2025-11-01T17:05:01.897466Z,2.00,0.2300,0.7700,no
c98eaaf2-17c7-6390-d4b8-00b020c4cdae,KXMAYORMINN-26-OFAT,2025-11-01T16:57:02.293239Z,51.00,0.2300,0.7700,no
acc1deae-c9af-550c-4e06-99ddc2192cce,KXMAYORMINN-26-OFAT,2025-11-01T16:44:49.908786Z,5.00,0.2300,0.7700,no
13442e9f-5dcf-461c-3ef8-b62848f02c16,KXMAYORMINN-26-OFAT,2025-11-01T16:20:24.088445Z,100.00,0.2300,0.7700,no
ffd61003-df13-5dc4-7339-388e300b4992,KXMAYORMINN-26-OFAT,2025-11-01T16:20:16.411453Z,7.00,0.2300,0.7700,no
00fe5bba-0adb-5810-eabc-5321e399b84a,KXMAYORMINN-26-OFAT,2025-11-01T16:18:50.630941Z,93.00,0.2300,0.7700,no
4a2cc796-5b7f-4980-a94c-390a64ec5f7e,KXMAYORMINN-26-OFAT,2025-11-01T16:07:27.448608Z,7.00,0.2300,0.7700,no
f56726d0-96db-76d4-3405-05d92d224c46,KXMAYORMINN-26-OFAT,2025-11-01T16:07:26.73907Z,100.00,0.2300,0.7700,no
f0eadedc-5637-5b2c-7eef-f4331b14896a,KXMAYORMINN-26-OFAT,2025-11-01T15:43:33.548066Z,169.00,0.2300,0.7700,no
82f78f47-da50-534a-23f3-2fb6d06412dc,KXMAYORMINN-26-OFAT,2025-11-01T15:27:55.324537Z,120.00,0.2400,0.7600,yes
c6e67b7b-1a2b-4fa8-1425-d96467a1f342,KXMAYORMINN-26-OFAT,2025-11-01T15:08:53.147726Z,2.00,0.2300,0.7700,no
f356abf1-cd6d-767e-2e4d-6549842b9c2e,KXMAYORMINN-26-OFAT,2025-11-01T03:48:46.653084Z,100.00,0.2400,0.7600,yes
80cc28dd-ff2b-53d0-fa4b-82977994d43a,KXMAYORMINN-26-OFAT,2025-11-01T03:25:09.702723Z,6.00,0.2300,0.7700,no
91e649c0-c4ab-7c54-3075-3e3318916df6,KXMAYORMINN-26-OFAT,2025-11-01T01:50:54.152891Z,75.00,0.2300,0.7700,no
bd6f0573-405f-4198-48d2-f52e5d5bf262,KXMAYORMINN-26-OFAT,2025-11-01T01:09:15.833476Z,383.00,0.2300,0.7700,no
3d748224-9584-6759-13f4-fb9e4674002f,KXMAYORMINN-26-OFAT,2025-10-31T22:59:43.804484Z,25.00,0.2500,0.7500,yes
d7da90dc-dde4-7d65-289b-a6f95122950b,KXMAYORMINN-26-OFAT,2025-10-31T22:35:02.547139Z,24.00,0.2500,0.7500,yes
988b631e-3c0f-4364-dfbd-5debe11fffe7,KXMAYORMINN-26-OFAT,2025-10-31T22:21:31.097924Z,1.00,0.2400,0.7600,yes
acbbef53-1a27-7bf8-8788-7bc3c57e47de,KXMAYORMINN-26-OFAT,2025-10-31T21:50:55.89937Z,4.00,0.2300,0.7700,no
a153aca4-61cf-6498-3bae-ab31ae2bd2f2,KXMAYORMINN-26-OFAT,2025-10-31T21:50:23.046915Z,4.00,0.2300,0.7700,no
8bcfbbee-1977-56b0-2829-3e5a447b965e,KXMAYORMINN-26-OFAT,2025-10-31T20:37:36.70134Z,1.00,0.2300,0.7700,no
05571e0e-f737-4188-74f5-3d89c38e864e,KXMAYORMINN-26-OFAT,2025-10-31T19:59:52.817221Z,4.00,0.2300,0.7700,no
4b5e050b-bdfb-7014-7bc1-bac8dcfd6e5e,KXMAYORMINN-26-OFAT,2025-10-31T19:54:19.73466Z,31.00,0.2300,0.7700,no
1f45076d-9f8f-5be0-adf8-6e4251588eae,KXMAYORMINN-26-OFAT,2025-10-31T19:52:44.190188Z,464.00,0.2300,0.7700,no
abe0e6e5-cf47-5fd8-cf89-cfa4be8f8056,KXMAYORMINN-26-OFAT,2025-10-31T19:52:26.80564Z,218.00,0.2300,0.7700,no
5f2f746c-c633-6f58-1524-60112487f7b6,KXMAYORMINN-26-OFAT,2025-10-31T19:51:25.729067Z,268.00,0.2300,0.7700,no
27c06f83-c3ba-615d-391a-d549d98061ec,KXMAYORMINN-26-OFAT,2025-10-31T19:51:25.729067Z,95.00,0.2300,0.7700,no
cbf3f1fe-da96-43fd-0426-0483aa943c40,KXMAYORMINN-26-OFAT,2025-10-31T19:51:11.417716Z,519.00,0.2300,0.7700,no
e5798a1a-190e-6fbd-7000-83f2d876e748,KXMAYORMINN-26-OFAT,2025-10-31T19:50:56.901952Z,367.00,0.2300,0.7700,no
fd552679-e9a2-5f59-821c-afb60aa51540,KXMAYORMINN-26-OFAT,2025-10-31T19:49:38.929822Z,1382.00,0.2300,0.7700,no
e894868b-5dd6-6239-0ca2-80012a351754,KXMAYORMINN-26-OFAT,2025-10-31T18:33:16.568928Z,50.00,0.2300,0.7700,no
9e5f1ea6-07c9-4395-8ede-af1ea34940e9,KXMAYORMINN-26-OFAT,2025-10-31T18:06:12.411012Z,10.00,0.2400,0.7600,yes
3fa0980b-d878-451d-93b7-502d9d8e9282,KXMAYORMINN-26-OFAT,2025-10-31T18:06:12.411012Z,29.00,0.2400,0.7600,yes
8d001fba-137a-4ed1-66e1-60dd71a5ee2c,KXMAYORMINN-26-OFAT,2025-10-31T17:47:15.104468Z,536.00,0.2300,0.7700,no
81003fd8-8962-6e45-2634-539fa0dee330,KXMAYORMINN-26-OFAT,2025-10-31T17:08:44.609316Z,25.00,0.2300,0.7700,no
62fcd429-32b6-4df9-bdf0-115007332698,KXMAYORMINN-26-OFAT,2025-10-31T16:59:20.364435Z,1.00,0.2300,0.7700,no
955333b0-6684-5231-7f8a-fd23d46e096d,KXMAYORMINN-26-OFAT,2025-10-31T16:28:26.984076Z,16.00,0.2400,0.7600,yes
74afbce8-6a5d-6863-3788-5c443c0b72b4,KXMAYORMINN-26-OFAT,2025-10-31T12:30:24.14652Z,38.00,0.2500,0.7500,yes
bd7e7aba-f515-6ac6-0f35-ff3d67e8b786,KXMAYORMINN-26-OFAT,2025-10-31T10:17:51.378487Z,90.00,0.2600,0.7400,yes
6773f4b9-87f9-6ce0-3289-fbbac4a245d8,KXMAYORMINN-26-OFAT,2025-10-31T10:17:51.378487Z,2700.00,0.2600,0.7400,yes
2fd1cb09-0cbf-6be9-0c20-3ab3e367b169,KXMAYORMINN-26-OFAT,2025-10-31T10:17:51.378487Z,900.00,0.2500,0.7500,yes
58051038-ce0f-6861-8f6a-5810189b02bd,KXMAYORMINN-26-OFAT,2025-10-31T06:49:48.687898Z,50.00,0.2500,0.7500,yes
2d9e4684-7e57-5465-74cd-40df3ec440bd,KXMAYORMINN-26-OFAT,2025-10-31T06:31:23.229291Z,50.00,0.2500,0.7500,yes
c2545234-1769-5aa5-dff6-28966e0e50c5,KXMAYORMINN-26-OFAT,2025-10-31T02:29:34.469002Z,7.00,0.2400,0.7600,yes
bb9df5f8-2367-72fc-1797-c74ea788b448,KXMAYORMINN-26-OFAT,2025-10-31T02:29:17.50248Z,11.00,0.2400,0.7600,yes
211310f8-0e33-4a48-dd1b-646aed3f9924,KXMAYORMINN-26-OFAT,2025-10-31T02:29:06.232055Z,3.00,0.2400,0.7600,yes
74499032-a20a-5033-e748-4ee172d03ec5,KXMAYORMINN-26-OFAT,2025-10-31T01:46:54.93832Z,2.00,0.2400,0.7600,no
8da07e8d-7690-69e0-9831-16804d04e90b,KXMAYORMINN-26-OFAT,2025-10-31T00:27:30.531183Z,190.00,0.2500,0.7500,yes
09301bbe-f4ad-6b46-4f37-d251ac95182e,KXMAYORMINN-26-OFAT,2025-10-30T22:10:52.841121Z,36.00,0.2600,0.7400,yes
8a536112-86d1-509a-1cfd-d1e1de660c72,KXMAYORMINN-26-OFAT,2025-10-30T18:36:47.574195Z,3.00,0.2600,0.7400,yes
6e5ee344-f5f9-615a-ffa3-d5de6a3e540e,KXMAYORMINN-26-OFAT,2025-10-30T18:31:20.893346Z,91.00,0.2600,0.7400,yes
b2668ade-44b9-6456-b16d-e94aa022b0ba,KXMAYORMINN-26-OFAT,2025-10-30T18:26:03.11967Z,91.00,0.2600,0.7400,yes
4bd6940f-0636-4169-54d9-e729e675d930,KXMAYORMINN-26-OFAT,2025-10-30T17:52:47.365999Z,25.00,0.2500,0.7500,no
84c16236-ef69-50d2-3e79-644a43fbabee,KXMAYORMINN-26-OFAT,2025-10-30T17:05:30.88895Z,73.00,0.2600,0.7400,yes
6173dc6a-296d-55ba-6a8e-7a3cb03b90aa,KXMAYORMINN-26-OFAT,2025-10-30T15:42:21.30402Z,530.00,0.2600,0.7400,yes
d1ef0fe2-d789-57b6-bd3b-11b4b4d7feb6,KXMAYORMINN-26-OFAT,2025-10-30T15:41:34.028367Z,86.00,0.2600,0.7400,yes
c2cd6bd5-a990-5c06-8eb9-29b0a7de44cb,KXMAYORMINN-26-OFAT,2025-10-30T15:41:34.028367Z,14.00,0.2600,0.7400,yes
432ce16f-6bb0-6e3e-1d70-a08fb087063f,KXMAYORMINN-26-OFAT,2025-10-30T14:10:16.609924Z,10.00,0.2600,0.7400,yes
b6b35e97-4d48-5c6a-9650-38740c378ddb,KXMAYORMINN-26-OFAT,2025-10-30T03:05:21.529467Z,54.00,0.2600,0.7400,yes
59cf5b80-66f0-4b62-b060-c454aef6cd73,KXMAYORMINN-26-OFAT,2025-10-30T02:14:31.700723Z,365.00,0.2600,0.7400,yes
653caed7-14a0-65f6-f1c0-1137485fa8ab,KXMAYORMINN-26-OFAT,2025-10-30T01:22:09.276875Z,7.00,0.2600,0.7400,yes
159796f4-1944-4862-ac70-2be1770594af,KXMAYORMINN-26-OFAT,2025-10-30T00:09:59.000239Z,50.00,0.2600,0.7400,yes
4d0bf360-3afe-731a-bac8-125c8911c8c1,KXMAYORMINN-26-OFAT,2025-10-29T21:53:38.185133Z,4.00,0.2500,0.7500,yes
d8e03852-eefe-541b-3b7d-a7e09f6e6667,KXMAYORMINN-26-OFAT,2025-10-29T18:38:14.798308Z,120.00,0.2400,0.7600,yes
18ba57db-ab0b-49d0-7b0d-5987725653bb,KXMAYORMINN-26-OFAT,2025-10-29T17:54:18.440641Z,1.00,0.2300,0.7700,no
eee38d61-bdce-5401-564a-6c8b464ee7fe,KXMAYORMINN-26-OFAT,2025-10-29T14:54:40.767286Z,6.00,0.2300,0.7700,no
66b5d8ce-f73e-5ceb-0aaf-9f3bd12936fb,KXMAYORMINN-26-OFAT,2025-10-29T14:28:11.654395Z,10.00,0.2400,0.7600,yes
09f167de-12c8-750a-c31e-0d81d97e52aa,KXMAYORMINN-26-OFAT,2025-10-29T13:19:47.915278Z,536.00,0.2400,0.7600,yes
de98ca5e-c535-7657-c325-3131982b68e8,KXMAYORMINN-26-OFAT,2025-10-29T06:04:09.51126Z,93.00,0.2200,0.7800,no
757dcdc5-a869-71d1-e97a-f733cf7fcff7,KXMAYORMINN-26-OFAT,2025-10-29T06:04:09.51126Z,7.00,0.2200,0.7800,no
bcd78d28-84c4-4fae-f8ae-6d184ee965ca,KXMAYORMINN-26-OFAT,2025-10-29T05:14:19.225261Z,10.00,0.2400,0.7600,yes
a210acc4-cc84-5bda-cad7-878f43023252,KXMAYORMINN-26-OFAT,2025-10-29T03:47:44.04461Z,400.00,0.2400,0.7600,yes
c0735255-a626-7448-5c61-443b192af108,KXMAYORMINN-26-OFAT,2025-10-29T02:03:18.375887Z,7.00,0.2300,0.7700,yes
3b148495-c21a-7406-51af-10813389a311,KXMAYORMINN-26-OFAT,2025-10-29T02:03:18.375887Z,275.00,0.2200,0.7800,yes
38421de5-a826-633e-2ccc-ce61c31ac081,KXMAYORMINN-26-OFAT,2025-10-29T01:50:30.50223Z,21.00,0.2200,0.7800,yes
a12dfbb8-cb43-6d86-4f9e-ecc9fb2956d4,KXMAYORMINN-26-OFAT,2025-10-29T00:47:30.525536Z,100.00,0.2200,0.7800,no
8d841e83-8489-68fd-5925-c48ffcee2ca7,KXMAYORMINN-26-OFAT,2025-10-29T00:47:30.525536Z,1.00,0.2200,0.7800,no
7fb82fcf-1c21-6c37-714f-dcea376c19d4,KXMAYORMINN-26-OFAT,2025-10-29T00:47:30.525536Z,1.00,0.2200,0.7800,no
594d11af-e761-6f5d-6ae1-153dcd8a15e4,KXMAYORMINN-26-OFAT,2025-10-29T00:47:30.525536Z,100.00,0.2300,0.7700,no
36c667c6-7bdb-6015-6233-2d89530bca72,KXMAYORMINN-26-OFAT,2025-10-29T00:47:30.525536Z,1.00,0.2200,0.7800,no
268f78db-00de-6297-6c71-b3444a7ec770,KXMAYORMINN-26-OFAT,2025-10-29T00:47:30.525536Z,1.00,0.2200,0.7800,no
9e802c64-1600-45ee-f3ba-4187ee17b5d6,KXMAYORMINN-26-OFAT,2025-10-29T00:42:05.158623Z,54.00,0.2400,0.7600,yes
14b2e1a5-0e76-5a16-718c-81f0e511bcd4,KXMAYORMINN-26-OFAT,2025-10-28T21:17:15.42836Z,74.00,0.2400,0.7600,no
457072b8-93b2-6a3d-dd4d-29d6b3c55f61,KXMAYORMINN-26-OFAT,2025-10-28T19:28:25.154826Z,59.00,0.2500,0.7500,yes
b1aabe8b-208a-78ad-d367-0255c8d96466,KXMAYORMINN-26-OFAT,2025-10-28T18:49:52.878035Z,3.00,0.2400,0.7600,no
02e62e5f-13f5-7f47-ca34-3aca6b1b01b0,KXMAYORMINN-26-OFAT,2025-10-28T18:49:52.878035Z,2.00,0.2400,0.7600,no
47f92340-15ca-61ad-7301-394981b214ad,KXMAYORMINN-26-OFAT,2025-10-28T16:41:12.844544Z,175.00,0.2500,0.7500,yes
e5957cd9-64f0-60b0-2999-49e6572197e5,KXMAYORMINN-26-OFAT,2025-10-28T14:24:15.617658Z,750.00,0.2400,0.7600,yes
7826ac18-79ac-47d0-f553-7f0769167d6e,KXMAYORMINN-26-OFAT,2025-10-28T13:30:54.81142Z,3.00,0.2300,0.7700,no
89e1b3a9-dfb4-6914-d984-f916d3c7a9dd,KXMAYORMINN-26-OFAT,2025-10-28T12:51:33.042681Z,1.00,0.2400,0.7600,yes
11fbcdba-dd04-7a03-e519-6318ef4c420a,KXMAYORMINN-26-OFAT,2025-10-28T12:30:17.221566Z,10.00,0.2400,0.7600,yes
0c9eb8d1-ffbc-7d93-193d-67df7db9501e,KXMAYORMINN-26-OFAT,2025-10-28T12:05:11.091544Z,158.00,0.2400,0.7600,yes
c650c9fb-ca87-450c-9a60-b26314ee6741,KXMAYORMINN-26-OFAT,2025-10-28T05:17:51.020645Z,2.00,0.2400,0.7600,yes
393ab039-55c0-4b53-a52d-3b0838e04d96,KXMAYORMINN-26-OFAT,2025-10-28T05:17:51.020645Z,47.00,0.2400,0.7600,yes
89aefeb9-e82f-4578-27cb-11f9cfd4b2fe,KXMAYORMINN-26-OFAT,2025-10-28T02:43:47.660814Z,5.00,0.2100,0.7900,no
1f9ce79b-8072-6857-3783-26fdce4deeef,KXMAYORMINN-26-OFAT,2025-10-28T02:21:50.934776Z,5.00,0.2300,0.7700,yes
44627895-7f5f-6d80-e44c-0e1e66e67406,KXMAYORMINN-26-OFAT,2025-10-28T02:20:50.601168Z,5.00,0.2300,0.7700,yes
7c3993fc-f5ca-760a-f57d-4a5fe8404f45,KXMAYORMINN-26-OFAT,2025-10-28T01:21:15.116066Z,215.00,0.2200,0.7800,yes
ea980a76-4d18-4892-e507-8f4b6392a5ee,KXMAYORMINN-26-OFAT,2025-10-27T23:13:31.423541Z,250.00,0.2000,0.8000,no
3a62e385-e2a2-48ab-e928-14b55bcf6850,KXMAYORMINN-26-OFAT,2025-10-27T23:13:31.423541Z,250.00,0.2000,0.8000,no
dbc480f6-c2d2-7631-8304-bc0021e68abd,KXMAYORMINN-26-OFAT,2025-10-27T23:12:56.998817Z,491.00,0.2200,0.7800,no
d0731f77-78c2-7bb9-45e2-642b88cf97c9,KXMAYORMINN-26-OFAT,2025-10-27T21:47:17.62382Z,100.00,0.2200,0.7800,no
768b7510-b702-7b25-d47d-03ba4c14336d,KXMAYORMINN-26-OFAT,2025-10-27T20:50:12.283295Z,6.00,0.2200,0.7800,no
7b263578-355e-4139-2b59-32093ee1dca5,KXMAYORMINN-26-OFAT,2025-10-27T20:48:34.421069Z,1.00,0.2200,0.7800,no
e06792bd-2d32-6703-d6b6-79ff8f45950f,KXMAYORMINN-26-OFAT,2025-10-27T19:58:00.151243Z,395.00,0.2400,0.7600,yes
3fd3ee24-296a-7b39-7c84-5cc391fc5b71,KXMAYORMINN-26-OFAT,2025-10-27T19:52:55.063932Z,1.00,0.2200,0.7800,no
ca22f47d-63ca-49ee-d3eb-70001d61e4cf,KXMAYORMINN-26-OFAT,2025-10-27T19:36:48.573944Z,74.00,0.2400,0.7600,no
5e73a7de-5d09-4201-c5d9-5bf069b64aee,KXMAYORMINN-26-OFAT,2025-10-27T19:36:48.573944Z,2000.00,0.2300,0.7700,no
556bc74e-c3a3-4eda-e6bb-b2075b073088,KXMAYORMINN-26-OFAT,2025-10-27T19:36:48.573944Z,150.00,0.2500,0.7500,no
2c3276b6-f6df-419e-ecca-0cb9377ff0d3,KXMAYORMINN-26-OFAT,2025-10-27T19:36:48.573944Z,100.00,0.2400,0.7600,no
0b026ec1-e3ef-4dfa-3b0c-e798c64cc338,KXMAYORMINN-26-OFAT,2025-10-27T19:14:08.112795Z,150.00,0.2500,0.7500,no
2d7e9094-0df6-4a5d-37b4-340b283376a1,KXMAYORMINN-26-OFAT,2025-10-27T15:34:05.816781Z,352.00,0.2200,0.7800,no
6f6df24b-a48f-6f68-886c-4036834236c7,KXMAYORMINN-26-OFAT,2025-10-27T15:32:13.253415Z,100.00,0.2600,0.7400,yes
b63cd0ed-e0ba-5a55-f960-657fce1b4835,KXMAYORMINN-26-OFAT,2025-10-27T14:42:40.585819Z,49.00,0.2200,0.7800,no
fefecc60-304a-5140-14da-cdd4ac45a56f,KXMAYORMINN-26-OFAT,2025-10-27T14:03:17.798998Z,100.00,0.2700,0.7300,no
a14376e4-24d2-59f8-9731-a6f8cdc8db5f,KXMAYORMINN-26-OFAT,2025-10-27T13:05:34.282459Z,20.00,0.2700,0.7300,no
9031f990-ad12-4404-9234-e04b1c8b67e7,KXMAYORMINN-26-OFAT,2025-10-27T12:44:44.514821Z,2.00,0.2700,0.7300,no
be56a08c-ae6a-57a0-97ee-858e1b524e77,KXMAYORMINN-26-OFAT,2025-10-27T12:44:32.626681Z,2.00,0.2700,0.7300,no
fd164075-7e96-4fa2-97af-e8e305984761,KXMAYORMINN-26-OFAT,2025-10-27T12:18:00.19751Z,275.00,0.2700,0.7300,no
649e506e-a25e-4fec-b47b-6d5a00719ad7,KXMAYORMINN-26-OFAT,2025-10-27T12:18:00.19751Z,336.00,0.2700,0.7300,no
3f98e666-6a7f-6166-ea55-17e1f77d3b80,KXMAYORMINN-26-OFAT,2025-10-27T03:42:57.76026Z,9.00,0.2900,0.7100,yes
5c4518be-969e-652f-fdf0-f82183ed6b1b,KXMAYORMINN-26-OFAT,2025-10-27T02:50:05.756233Z,2.00,0.2800,0.7200,no
ae5bf92d-e7e7-448a-92cf-aa94b604d708,KXMAYORMINN-26-OFAT,2025-10-27T02:01:25.766032Z,100.00,0.2900,0.7100,yes
354968ac-ba1b-5c62-b6e0-d7d5481bbed4,KXMAYORMINN-26-OFAT,2025-10-27T01:43:40.24789Z,144.00,0.2900,0.7100,yes
2d93e5e6-569b-773e-5b68-04125d0dac88,KXMAYORMINN-26-OFAT,2025-10-27T01:24:25.084532Z,108.00,0.2900,0.7100,yes
6a340f1f-dd14-5f4c-5cb4-f7ec10ea87d8,KXMAYORMINN-26-OFAT,2025-10-26T23:03:41.415967Z,5.00,0.3000,0.7000,yes
372c9ff4-9e4b-53eb-5bde-1e9f50557b4d,KXMAYORMINN-26-OFAT,2025-10-26T23:03:41.415967Z,5.00,0.3000,0.7000,yes
1489d8b9-0f7f-567e-5284-473c1196deb6,KXMAYORMINN-26-OFAT,2025-10-26T23:03:41.415967Z,5.00,0.3000,0.7000,yes
e120b52a-85e0-77d5-2b45-0965907d4450,KXMAYORMINN-26-OFAT,2025-10-26T22:21:48.466417Z,275.00,0.2900,0.7100,no
0e0a4faf-d70e-79ee-38a4-90234e1f9a05,KXMAYORMINN-26-OFAT,2025-10-26T22:21:48.466417Z,225.00,0.2700,0.7300,no
731165dc-fd9c-51a5-ef6a-edb1af25b3f4,KXMAYORMINN-26-OFAT,2025-10-26T21:36:18.885212Z,14.00,0.2900,0.7100,no
781aef64-2f11-570c-87ae-aff858353c17,KXMAYORMINN-26-OFAT,2025-10-26T04:11:35.609768Z,1.00,0.2800,0.7200,yes
f9c8e70e-31df-6f46-da79-3a05e22a0ce0,KXMAYORMINN-26-OFAT,2025-10-26T02:28:50.457577Z,36.00,0.2700,0.7300,no
1dae1b49-3e5c-4b47-d3b1-0944b9d13721,KXMAYORMINN-26-OFAT,2025-10-25T23:49:25.259416Z,150.00,0.2600,0.7400,no
1bcf8e94-4fc7-4dfe-dd68-78e48073c5a1,KXMAYORMINN-26-OFAT,2025-10-25T23:49:25.259416Z,250.00,0.2700,0.7300,no
9b4f8283-ed22-4f13-1494-bc249ed8318d,KXMAYORMINN-26-OFAT,2025-10-25T18:20:11.950289Z,499.00,0.2800,0.7200,no
3bef4e09-d952-63cf-64fd-ef130fd0cbdd,KXMAYORMINN-26-OFAT,2025-10-25T18:16:49.691584Z,1.00,0.2800,0.7200,no
cdb4552f-1c8a-5b0f-27f8-76da298f7ec3,KXMAYORMINN-26-OFAT,2025-10-25T15:12:59.936581Z,500.00,0.3000,0.7000,yes
fbe98c84-5b8a-6b0b-d164-baeb68f7491f,KXMAYORMINN-26-OFAT,2025-10-25T15:12:39.609921Z,500.00,0.3000,0.7000,yes
89508742-6965-5ef2-48b3-28d02fd5e517,KXMAYORMINN-26-OFAT,2025-10-25T15:12:23.615339Z,500.00,0.2900,0.7100,yes
97606041-67f4-69c7-1da3-3b82256a8aad,KXMAYORMINN-26-OFAT,2025-10-25T15:12:06.469856Z,1000.00,0.2900,0.7100,no
1f1747c2-4e34-61ab-38c4-5ddb07b2b9ea,KXMAYORMINN-26-OFAT,2025-10-25T15:12:06.469856Z,500.00,0.2900,0.7100,no
f42ca558-8020-7810-9976-546bac3dfdef,KXMAYORMINN-26-OFAT,2025-10-25T14:35:26.146098Z,1669.00,0.3000,0.7000,yes
6f15c90c-2799-4dd8-48fd-81aa00ddef70,KXMAYORMINN-26-OFAT,2025-10-25T14:33:26.325758Z,500.00,0.2900,0.7100,yes
fe8b5640-6ce5-6600-6f11-3fae3d3c2234,KXMAYORMINN-26-OFAT,2025-10-25T11:41:00.288432Z,26.00,0.2900,0.7100,yes
d3ee4000-daec-5c8e-8bca-3c92f0a8f32d,KXMAYORMINN-26-OFAT,2025-10-25T11:37:15.541588Z,88.00,0.2900,0.7100,yes
1486b53b-848d-6f19-a879-f9e82dbe037c,KXMAYORMINN-26-OFAT,2025-10-25T11:37:12.29659Z,12.00,0.2800,0.7200,yes
807a3e4c-8431-41ed-a8ef-6561e6ce3154,KXMAYORMINN-26-OFAT,2025-10-25T11:23:42.894448Z,20.00,0.2800,0.7200,yes
4a931332-4024-7b7a-a351-3ccf393f2749,KXMAYORMINN-26-OFAT,2025-10-25T11:14:18.37889Z,180.00,0.2900,0.7100,yes
89b65f56-5edc-66b6-35d3-b2df818cba25,KXMAYORMINN-26-OFAT,2025-10-25T11:10:10.987622Z,100.00,0.2900,0.7100,yes
e6da6bd7-101c-6f36-5abc-67d3797700e9,KXMAYORMINN-26-OFAT,2025-10-25T11:10:09.91197Z,100.00,0.2900,0.7100,yes
bd7e7eb2-0999-61eb-3b84-662988f049ba,KXMAYORMINN-26-OFAT,2025-10-25T11:09:37.053837Z,100.00,0.2800,0.7200,yes
b409b279-9b47-46a5-0eef-ed82ecd3974b,KXMAYORMINN-26-OFAT,2025-10-25T11:09:35.373667Z,36.00,0.2900,0.7100,no
7aa8e222-7ed5-4a52-375b-d61a28b13dea,KXMAYORMINN-26-OFAT,2025-10-25T11:09:35.373667Z,32.00,0.2800,0.7200,no
4ee03302-7f67-4f27-080d-472bb2fa1afb,KXMAYORMINN-26-OFAT,2025-10-25T11:09:35.373667Z,1.00,0.3000,0.7000,no
4d2ef585-da98-4176-313d-29dba01e6734,KXMAYORMINN-26-OFAT,2025-10-25T11:09:35.373667Z,100.00,0.2800,0.7200,no
7d13b409-d7af-4aac-096d-86c714233ff0,KXMAYORMINN-26-OFAT,2025-10-25T10:24:44.463513Z,100.00,0.3000,0.7000,yes
acbf50c5-3e2f-544c-1654-ee7630400704,KXMAYORMINN-26-OFAT,2025-10-25T10:24:43.433335Z,100.00,0.3000,0.7000,yes
e6eb69cc-f48b-75e0-bd55-5825dbd7adf0,KXMAYORMINN-26-OFAT,2025-10-25T10:24:42.354905Z,100.00,0.3000,0.7000,yes
d7cc1fac-3270-61f9-72f7-f8ac643b72ac,KXMAYORMINN-26-OFAT,2025-10-25T10:20:09.2183Z,470.00,0.2900,0.7100,yes
ebabe886-f330-5bd9-271f-e3ae2f68087c,KXMAYORMINN-26-OFAT,2025-10-25T09:55:31.533958Z,490.00,0.2900,0.7100,yes
27523dd4-b4e4-7139-5aab-2c4672450368,KXMAYORMINN-26-OFAT,2025-10-25T05:14:57.674765Z,40.00,0.2900,0.7100,yes
80f511df-1b3c-7f6e-3c58-6df9b6624e51,KXMAYORMINN-26-OFAT,2025-10-25T01:00:23.231488Z,188.00,0.2800,0.7200,yes
3282906a-6bf8-6f4e-4593-883899fc8f55,KXMAYORMINN-26-OFAT,2025-10-25T00:38:05.487721Z,170.00,0.2800,0.7200,yes
37d2e785-f134-64b6-2f81-a9eca300e645,KXMAYORMINN-26-OFAT,2025-10-24T22:57:30.956655Z,101.00,0.2800,0.7200,yes
2a408e46-58f8-4dc2-ad85-8a99c65a7811,KXMAYORMINN-26-OFAT,2025-10-24T22:56:48.598143Z,63.00,0.2800,0.7200,yes
375f5a37-d450-4cc2-8169-da7dde1e00ed,KXMAYORMINN-26-OFAT,2025-10-24T22:55:14.002542Z,269.00,0.2800,0.7200,yes
ef5200a7-9698-7082-ce48-8367f9650de1,KXMAYORMINN-26-OFAT,2025-10-24T22:50:53.217311Z,26.00,0.2800,0.7200,yes
5a079a4b-5a70-673e-e861-fe6f0d16b681,KXMAYORMINN-26-OFAT,2025-10-24T22:30:22.038436Z,118.00,0.2800,0.7200,yes
0b9d1dc4-c104-6cea-6e2e-e027a031f169,KXMAYORMINN-26-OFAT,2025-10-24T22:28:28.725675Z,65.00,0.2800,0.7200,yes
b3539b28-803d-78ef-2b3c-515fb38f7902,KXMAYORMINN-26-OFAT,2025-10-24T22:14:05.402849Z,500.00,0.2700,0.7300,no
5cfd480b-425f-77c7-1ef2-402f9d96cbbb,KXMAYORMINN-26-OFAT,2025-10-24T22:14:05.402849Z,300.00,0.2700,0.7300,no
892a7796-d633-4630-ee5d-82e63b1c28a0,KXMAYORMINN-26-OFAT,2025-10-24T21:42:32.854065Z,49.00,0.3000,0.7000,yes
3d747c50-fe7f-7720-ac0f-485b02ab2cd0,KXMAYORMINN-26-OFAT,2025-10-24T21:38:11.719799Z,10.00,0.3000,0.7000,yes
b9927930-ee3b-41e9-3b59-4a544eac1da2,KXMAYORMINN-26-OFAT,2025-10-24T18:34:52.507226Z,175.00,0.2800,0.7200,yes
a282171d-4b5d-5eb5-7a9e-087b80cc3de6,KXMAYORMINN-26-OFAT,2025-10-24T18:09:20.692761Z,569.00,0.2700,0.7300,no
8214f1d5-d415-51a6-5ba7-d4d79f25d4e9,KXMAYORMINN-26-OFAT,2025-10-24T18:09:20.692761Z,500.00,0.2800,0.7200,no
f369a28a-d3d3-555e-ae18-40bbc07203e6,KXMAYORMINN-26-OFAT,2025-10-24T18:07:00.788184Z,90.00,0.2900,0.7100,yes
66704d3e-6144-5f09-996a-8efdc090de8b,KXMAYORMINN-26-OFAT,2025-10-24T18:07:00.788184Z,97.00,0.2900,0.7100,yes
8ec3c5ab-a9b0-7a29-97fb-cf19cebc0d47,KXMAYORMINN-26-OFAT,2025-10-24T18:06:02.351505Z,3.00,0.2900,0.7100,yes
f8424853-9264-4a03-6d22-50fce988d2d4,KXMAYORMINN-26-OFAT,2025-10-24T18:05:14.388765Z,7.00,0.2900,0.7100,yes
5da19023-15dc-66ef-0314-9645240092c0,KXMAYORMINN-26-OFAT,2025-10-24T18:04:09.706515Z,100.00,0.2900,0.7100,yes
239a7548-4a34-4f83-fbfc-296944969780,KXMAYORMINN-26-OFAT,2025-10-24T17:25:56.400961Z,175.00,0.2900,0.7100,yes
23a33b8c-e9aa-4a33-d013-efb09551512e,KXMAYORMINN-26-OFAT,2025-10-24T16:33:44.677882Z,14.00,0.2900,0.7100,yes
fe0ee72e-0f4a-6323-6e0b-0ea05240ce5a,KXMAYORMINN-26-OFAT,2025-10-24T16:32:50.805468Z,102.00,0.2900,0.7100,yes
d1891899-1795-5596-9d6e-561f0a05bb09,KXMAYORMINN-26-OFAT,2025-10-24T16:01:59.44074Z,1.00,0.2800,0.7200,no
0f53b093-2fa8-4d36-5150-9955e9aa106a,KXMAYORMINN-26-OFAT,2025-10-24T15:57:23.812365Z,2416.00,0.3000,0.7000,no
d90f2243-b284-5206-de4d-bf6e92aabd56,KXMAYORMINN-26-OFAT,2025-10-24T15:44:02.602228Z,20.00,0.3000,0.7000,no
67bb7a90-4fe0-6492-f709-212f9fb1636e,KXMAYORMINN-26-OFAT,2025-10-24T15:23:11.106327Z,500.00,0.3000,0.7000,no
26c7b7f1-9eb2-4227-b265-06a3177f2ef6,KXMAYORMINN-26-OFAT,2025-10-24T15:14:14.979963Z,60.00,0.3100,0.6900,yes
5df78eb4-2224-6a76-fd52-4954d36b7216,KXMAYORMINN-26-OFAT,2025-10-24T15:06:50.578938Z,7.00,0.3000,0.7000,no
2dbf1194-b761-7430-8d24-5bf6e92e7594,KXMAYORMINN-26-OFAT,2025-10-24T03:39:18.477894Z,100.00,0.3200,0.6800,yes
5a559f2d-f48d-7f31-b50a-c031f160836a,KXMAYORMINN-26-OFAT,2025-10-24T01:04:45.559955Z,1.00,0.3200,0.6800,yes
e22fe877-fa8c-5cd6-9a5c-b3a513166782,KXMAYORMINN-26-OFAT,2025-10-23T23:53:05.139642Z,3.00,0.3000,0.7000,no
a0bb6dfa-ec87-49ec-8261-6357eb7aa302,KXMAYORMINN-26-OFAT,2025-10-23T21:44:44.010266Z,1.00,0.3400,0.6600,yes
4133218d-04a6-73a5-b75d-9acbd4cdda7b,KXMAYORMINN-26-OFAT,2025-10-23T17:18:25.184362Z,13.00,0.3300,0.6700,no
7f7e46bd-172a-46cd-f84e-665d59a44dcf,KXMAYORMINN-26-OFAT,2025-10-23T16:01:56.601192Z,87.00,0.3300,0.6700,no
4935efcd-c4b2-461d-659a-916a5c6c3dc3,KXMAYORMINN-26-OFAT,2025-10-23T16:01:56.586987Z,100.00,0.3300,0.6700,no
a0efc190-42a1-552d-5f3e-a1840c6a3fd1,KXMAYORMINN-26-OFAT,2025-10-22T23:43:42.113904Z,100.00,0.3500,0.6500,yes
87dbae58-fef8-70e7-686a-7b84f6c20980,KXMAYORMINN-26-OFAT,2025-10-22T21:29:50.991231Z,5.00,0.3600,0.6400,yes
470f8022-c2b3-5f69-410e-f7cc8d238af7,KXMAYORMINN-26-OFAT,2025-10-22T20:50:55.938172Z,1.00,0.3600,0.6400,yes
e0b548e0-61f0-46bb-f1fd-e4ed30b1a05b,KXMAYORMINN-26-OFAT,2025-10-21T23:58:23.154201Z,13.00,0.3600,0.6400,yes
ffb47a67-dbd8-4736-5549-bad938a762fd,KXMAYORMINN-26-OFAT,2025-10-21T20:38:06.825365Z,102.00,0.3500,0.6500,yes
7eabc4a4-8313-4fb9-6143-e6e453390822,KXMAYORMINN-26-OFAT,2025-10-21T20:38:06.825365Z,100.00,0.3500,0.6500,yes
50b1ed97-2736-46c4-753f-d3046df904e5,KXMAYORMINN-26-OFAT,2025-10-21T20:38:06.825365Z,100.00,0.3400,0.6600,yes
3051afd7-bc97-463f-7e27-65abcb6e18ea,KXMAYORMINN-26-OFAT,2025-10-21T20:38:06.825365Z,2367.00,0.3600,0.6400,yes
ba425e91-b45d-5694-6392-4ee70665d975,KXMAYORMINN-26-OFAT,2025-10-21T17:12:32.400257Z,2011.00,0.3500,0.6500,yes
dde6b087-c179-7bb3-3038-bcf6d29a5681,KXMAYORMINN-26-OFAT,2025-10-21T08:36:22.895269Z,136.00,0.3500,0.6500,yes
c8d65cea-a3bc-754b-b60b-52c4d07b48df,KXMAYORMINN-26-OFAT,2025-10-21T08:31:41.55217Z,30.00,0.3400,0.6600,yes
ec325947-2632-6012-f5ff-8420fe6c16f2,KXMAYORMINN-26-OFAT,2025-10-21T02:13:35.164237Z,287.00,0.3600,0.6400,yes
e9708e97-9ac8-6782-e7a1-3f61456d0dc5,KXMAYORMINN-26-OFAT,2025-10-21T02:13:35.164237Z,50.00,0.3400,0.6600,yes
5e335449-a22c-6034-cee3-df55e6182359,KXMAYORMINN-26-OFAT,2025-10-21T02:13:35.164237Z,2.00,0.3500,0.6500,yes
a073480a-31f4-4ed6-2d6c-2f4d3285a8e6,KXMAYORMINN-26-OFAT,2025-10-21T02:01:28.60386Z,54.00,0.3000,0.7000,no
fb789375-38b9-7adc-9c27-f63e44287f1a,KXMAYORMINN-26-OFAT,2025-10-20T03:19:12.895384Z,400.00,0.3500,0.6500,yes
b39ab988-f538-7fbf-8fd7-1cf854e4698f,KXMAYORMINN-26-OFAT,2025-10-20T03:19:12.895384Z,100.00,0.3400,0.6600,yes
ad4d3880-1ce7-438d-e349-94ea07df33ff,KXMAYORMINN-26-OFAT,2025-10-20T02:17:13.185498Z,14.00,0.3400,0.6600,yes
ecd9f67b-3bae-49eb-9998-e0ac32d49716,KXMAYORMINN-26-OFAT,2025-10-19T23:47:12.955294Z,154.00,0.3400,0.6600,yes
4a87b1ff-11c0-4a6c-9106-da117dcaf036,KXMAYORMINN-26-OFAT,2025-10-19T23:47:12.955294Z,500.00,0.3400,0.6600,yes
de49bfbb-9a36-73be-f6b7-d93475c51ffb,KXMAYORMINN-26-OFAT,2025-10-19T22:12:04.579237Z,25.00,0.3200,0.6800,yes
db510dc3-a6c3-78bf-da58-1c6389ffaec9,KXMAYORMINN-26-OFAT,2025-10-19T22:12:04.579237Z,407.00,0.3300,0.6700,yes
6ff6e5ee-4a62-7d74-cd85-11b180cb0e54,KXMAYORMINN-26-OFAT,2025-10-19T22:12:04.579237Z,50.00,0.3300,0.6700,yes
6b148d87-5984-71b6-f280-c682c9d72de2,KXMAYORMINN-26-OFAT,2025-10-19T22:12:04.579237Z,8.00,0.3100,0.6900,yes
cf9f8d31-4c7b-797b-0249-4d2d0ca237f1,KXMAYORMINN-26-OFAT,2025-10-18T02:00:21.590237Z,100.00,0.3300,0.6700,yes
780fbec5-d46f-6dfb-417a-7a520ff1aa31,KXMAYORMINN-26-OFAT,2025-10-18T02:00:13.506788Z,81.00,0.3300,0.6700,yes
5834fedc-b4e7-6923-5cd8-d54e419b055d,KXMAYORMINN-26-OFAT,2025-10-18T02:00:05.393713Z,100.00,0.3300,0.6700,yes
1f2c040c-01cf-5273-f12b-aaba30041681,KXMAYORMINN-26-OFAT,2025-10-18T02:00:04.750151Z,100.00,0.3300,0.6700,yes
1f96ef1b-1ac7-4f3b-89eb-08c21df2f321,KXMAYORMINN-26-OFAT,2025-10-18T01:29:42.164595Z,10.00,0.3300,0.6700,yes
9d8c921f-6cb9-7349-5447-88cbb06d966a,KXMAYORMINN-26-OFAT,2025-10-17T23:18:27.638339Z,2.00,0.3400,0.6600,yes
e2357c24-ac51-5961-e31a-58ddb3235176,KXMAYORMINN-26-OFAT,2025-10-17T23:11:25.178353Z,59.00,0.3400,0.6600,yes
45150471-8bd9-5901-dc7c-90a711244394,KXMAYORMINN-26-OFAT,2025-10-17T23:11:25.178353Z,21.00,0.3300,0.6700,yes
06606f13-75aa-59c3-d557-7e3af5ad6f8d,KXMAYORMINN-26-OFAT,2025-10-17T23:11:25.178353Z,5.00,0.3300,0.6700,yes
9e78244b-b3e6-4347-4c17-c0cec697ab0a,KXMAYORMINN-26-OFAT,2025-10-17T20:36:35.266797Z,200.00,0.2700,0.7300,no
5a6443fa-33e8-41df-6174-e579074640d5,KXMAYORMINN-26-OFAT,2025-10-17T20:36:35.266797Z,39.00,0.2600,0.7400,no
1da31494-6c7d-443d-60d9-40e578c11278,KXMAYORMINN-26-OFAT,2025-10-17T20:36:35.266797Z,100.00,0.3000,0.7000,no
6480aa4f-8149-7721-9108-8bb5d77c9360,KXMAYORMINN-26-OFAT,2025-10-17T19:19:06.857661Z,28.00,0.3300,0.6700,yes
506610cf-3179-5649-a6c3-3cac5c6cfbe8,KXMAYORMINN-26-OFAT,2025-10-17T18:43:03.917754Z,1.00,0.3300,0.6700,yes
79e53604-001b-4a13-7b40-8949984185d1,KXMAYORMINN-26-OFAT,2025-10-17T15:12:48.464546Z,32.00,0.3100,0.6900,yes
bcff1149-1ae7-414b-fbe4-acb5b73b2f62,KXMAYORMINN-26-OFAT,2025-10-17T11:16:23.961591Z,2.00,0.3500,0.6500,no
526dc70c-b141-75f0-a269-65bdf3f4cc0b,KXMAYORMINN-26-OFAT,2025-10-17T10:21:55.154894Z,2.00,0.3400,0.6600,no
2d280548-5086-7806-990d-ee9911eb905a,KXMAYORMINN-26-OFAT,2025-10-17T09:32:58.471947Z,100.00,0.3000,0.7000,yes
bfbf8813-36da-7952-b217-4d7c3c0aad1a,KXMAYORMINN-26-OFAT,2025-10-17T09:32:54.656203Z,100.00,0.3000,0.7000,yes
44fcbda9-5e61-6288-82de-18cb61dd4822,KXMAYORMINN-26-OFAT,2025-10-17T09:32:52.495626Z,5.00,0.2900,0.7100,yes
b70c298d-6795-45a4-064b-d08b7cbb96d2,KXMAYORMINN-26-OFAT,2025-10-17T09:02:15.022546Z,95.00,0.2900,0.7100,yes
37bda771-33e7-44f2-3d09-c75ade703c70,KXMAYORMINN-26-OFAT,2025-10-17T09:02:15.022546Z,5.00,0.2900,0.7100,yes
7b5ca63d-c4da-657a-6a30-701d9678c25e,KXMAYORMINN-26-OFAT,2025-10-17T00:16:33.89619Z,22.00,0.3000,0.7000,yes
32f3792c-1935-6b8a-52ce-c6914e975011,KXMAYORMINN-26-OFAT,2025-10-17T00:16:33.89619Z,5.00,0.2900,0.7100,yes
2d026dea-babd-6edc-6a4f-768bf728c63c,KXMAYORMINN-26-OFAT,2025-10-17T00:16:33.89619Z,5.00,0.2900,0.7100,yes
8bce44e9-2d3c-4e8c-931d-362eaa103874,KXMAYORMINN-26-OFAT,2025-10-15T21:49:50.343186Z,5.00,0.2900,0.7100,yes
61ae40f7-cb42-4535-8b49-594421d660f5,KXMAYORMINN-26-OFAT,2025-10-15T21:49:50.343186Z,5.00,0.2900,0.7100,yes
cab0ee28-0767-77d8-158e-6ab3207634b6,KXMAYORMINN-26-OFAT,2025-10-15T14:00:20.624118Z,75.00,0.2900,0.7100,yes
f015043e-7d0f-4308-1641-aab2208c754e,KXMAYORMINN-26-OFAT,2025-10-15T14:00:20.532053Z,100.00,0.2900,0.7100,yes
be53164a-9e1c-6917-8d86-62aefa79ad15,KXMAYORMINN-26-OFAT,2025-10-15T04:49:34.987706Z,205.00,0.2600,0.7400,no
bc26424f-da6a-4d1f-df70-c628e844624c,KXMAYORMINN-26-OFAT,2025-10-14T20:43:23.521762Z,100.00,0.2800,0.7200,yes
ca021a87-5f96-4569-78c5-da7d2f4cefe4,KXMAYORMINN-26-OFAT,2025-10-14T20:43:23.240741Z,200.00,0.2800,0.7200,no
bf7978a5-2e6b-4bfc-5d1f-4773dc20cffd,KXMAYORMINN-26-OFAT,2025-10-14T20:43:23.240741Z,100.00,0.2800,0.7200,no
f5d3005d-13a9-7f5c-e2ce-1e5bb97b01b5,KXMAYORMINN-26-OFAT,2025-10-14T05:25:05.078675Z,307.00,0.3100,0.6900,yes
639e7458-cd69-727e-31b6-a66f111ef8c1,KXMAYORMINN-26-OFAT,2025-10-14T04:58:59.114805Z,116.00,0.2800,0.7200,yes
3eca1582-cc77-7c68-283f-daaee788bc12,KXMAYORMINN-26-OFAT,2025-10-14T04:58:59.114805Z,10.00,0.2800,0.7200,yes
322331e5-6dbe-7fc2-12b0-82a5a787ed3b,KXMAYORMINN-26-OFAT,2025-10-14T04:58:59.114805Z,369.00,0.2900,0.7100,yes
08513d3e-f0b4-7a60-3062-71d25d287653,KXMAYORMINN-26-OFAT,2025-10-14T04:58:59.114805Z,5.00,0.2800,0.7200,yes
6556bb80-70be-4f74-3bdf-aee06fe2708e,KXMAYORMINN-26-OFAT,2025-10-14T04:58:59.086892Z,500.00,0.2700,0.7300,yes
edc54112-71e9-6e2e-664c-ec8515a6af95,KXMAYORMINN-26-OFAT,2025-10-13T19:09:54.394754Z,159.00,0.2800,0.7200,yes
4f29bf90-6b97-6826-564c-1c8d875bb2fa,KXMAYORMINN-26-OFAT,2025-10-13T19:09:54.394754Z,41.00,0.2700,0.7300,yes
47d93d19-fa53-6b7d-5ec5-4172bd1ec6fe,KXMAYORMINN-26-OFAT,2025-10-13T19:09:54.394754Z,5.00,0.2700,0.7300,yes
97ada127-a185-7a61-e9dd-85d999206540,KXMAYORMINN-26-OFAT,2025-10-13T14:16:28.920822Z,10.00,0.2700,0.7300,yes
21b15754-2506-7ce9-e193-c431c93f59f8,KXMAYORMINN-26-OFAT,2025-10-13T14:16:28.920822Z,7.00,0.2700,0.7300,yes
12e6b5ec-9a87-72b2-de4e-d4826fa7476a,KXMAYORMINN-26-OFAT,2025-10-13T14:16:28.920822Z,159.00,0.2700,0.7300,yes
9393ce6c-b075-5832-2ac1-f4645bcb45fd,KXMAYORMINN-26-OFAT,2025-10-13T12:17:15.8549Z,2.00,0.2400,0.7600,no
3e0c02a2-6ce5-4216-6ed7-f533b202a781,KXMAYORMINN-26-OFAT,2025-10-12T18:45:07.27355Z,25.00,0.2400,0.7600,no
270acdfa-9fc6-51d2-75fa-0a8c65edd97b,KXMAYORMINN-26-OFAT,2025-10-11T00:33:29.609343Z,18.00,0.2500,0.7500,yes
6e04135d-17fe-5b49-9e6a-6ba821d26019,KXMAYORMINN-26-OFAT,2025-10-11T00:33:29.398309Z,19.00,0.2500,0.7500,no
4632ad67-4552-5005-4677-084685dbc4e8,KXMAYORMINN-26-OFAT,2025-10-09T06:34:47.257766Z,3.00,0.2700,0.7300,yes
d846637c-4996-6ffd-3588-2d4f18e7c631,KXMAYORMINN-26-OFAT,2025-10-05T15:54:03.892005Z,95.00,0.2700,0.7300,yes
851b8a8b-3265-6bf1-4fe8-84954d0fad3a,KXMAYORMINN-26-OFAT,2025-10-04T18:14:15.842284Z,275.00,0.2400,0.7600,no
6fa1cbc9-e3f0-66c5-7c15-758ddcbec919,KXMAYORMINN-26-OFAT,2025-10-04T18:14:15.842284Z,500.00,0.2400,0.7600,no
63c29003-49b2-6dd5-6098-3d7308cc8009,KXMAYORMINN-26-OFAT,2025-10-04T18:14:15.842284Z,25.00,0.2400,0.7600,no
11210d7c-fcfe-4b79-de13-0220ca3e5385,KXMAYORMINN-26-OFAT,2025-10-04T16:07:24.923354Z,70.00,0.2700,0.7300,yes
993a6368-66f6-6425-022a-2ba29c07ff85,KXMAYORMINN-26-OFAT,2025-10-03T22:31:29.964717Z,2.00,0.2700,0.7300,yes
78a98e7d-f1e7-71d5-b60c-77ef2dbfd658,KXMAYORMINN-26-OFAT,2025-10-03T22:22:09.568938Z,4.00,0.2600,0.7400,yes
63eed743-c2be-77d5-8da8-b1eb8c36d1b1,KXMAYORMINN-26-OFAT,2025-10-03T22:22:09.568938Z,31.00,0.2700,0.7300,yes
819362ea-a936-6805-9082-3033224fd8d1,KXMAYORMINN-26-OFAT,2025-10-02T22:55:24.367778Z,3.00,0.2700,0.7300,yes
39dcccb1-c29a-6b11-3c88-4d9ad3dda7ed,KXMAYORMINN-26-OFAT,2025-10-01T00:37:43.929539Z,3.00,0.2700,0.7300,yes
e82c884c-dbea-6089-b12b-fd260bf77bed,KXMAYORMINN-26-OFAT,2025-09-30T14:59:37.467166Z,14.00,0.2700,0.7300,yes
ce2c89ae-b342-7a3a-d5a4-788149bccaeb,KXMAYORMINN-26-OFAT,2025-09-28T18:25:47.735488Z,241.00,0.2700,0.7300,yes
b64fb705-f415-7891-d85b-7a0cbcfa148e,KXMAYORMINN-26-OFAT,2025-09-28T18:25:47.735488Z,115.00,0.2800,0.7200,yes
ae98c38f-ed15-4898-d547-ec792c01bc26,KXMAYORMINN-26-OFAT,2025-09-28T08:22:12.78152Z,3.00,0.2700,0.7300,yes
275c32b4-554d-69ac-65d2-ce58c20d534a,KXMAYORMINN-26-OFAT,2025-09-27T06:48:40.791946Z,7.00,0.2700,0.7300,yes
5fbdf4a8-863e-7946-ff12-4daedb78dcd8,KXMAYORMINN-26-OFAT,2025-09-27T06:47:41.924406Z,28.00,0.2600,0.7400,yes
0d71f657-e17d-796c-d103-194ab924b616,KXMAYORMINN-26-OFAT,2025-09-27T06:47:41.924406Z,43.00,0.2700,0.7300,yes
0f16f151-b6f6-6a96-bbc6-a1bc66329ea4,KXMAYORMINN-26-OFAT,2025-09-27T06:43:15.055456Z,274.00,0.2600,0.7400,yes
d507456e-61da-7c86-fe50-5a6115451548,KXMAYORMINN-26-OFAT,2025-09-26T16:19:50.175607Z,50.00,0.2600,0.7400,yes
9e9f600a-d7be-52ca-4504-04dcda7dde70,KXMAYORMINN-26-OFAT,2025-09-26T05:37:54.752367Z,22.00,0.2600,0.7400,yes
0e9d77d2-7e50-4804-71b4-6739ecc2d62b,KXMAYORMINN-26-OFAT,2025-09-26T05:36:27.534057Z,22.00,0.2500,0.7500,no
efc3be74-5344-5a64-2fb0-5f80aaa9250f,KXMAYORMINN-26-OFAT,2025-09-26T05:01:30.578633Z,3.00,0.2500,0.7500,no
73811081-d5b8-575c-3970-738ba1852f27,KXMAYORMINN-26-OFAT,2025-09-26T05:01:12.743731Z,353.00,0.2500,0.7500,no
23118005-d6aa-5d16-c09c-0de58ac03264,KXMAYORMINN-26-OFAT,2025-09-26T02:56:06.679716Z,3.00,0.2600,0.7400,yes
635af1b3-80b2-4b0a-79c1-24f0d5e67d38,KXMAYORMINN-26-OFAT,2025-09-25T22:19:34.086895Z,1.00,0.2600,0.7400,yes
5ea14b59-d552-5b6a-fd07-d3b151c498a0,KXMAYORMINN-26-OFAT,2025-09-25T22:17:55.230199Z,10.00,0.2600,0.7400,yes
a43ad54e-21b9-6c6b-06ed-f42091998769,KXMAYORMINN-26-OFAT,2025-09-24T17:32:11.934119Z,25.00,0.2400,0.7600,yes
511b9be4-50ef-79c2-1d4d-68abb115cb38,KXMAYORMINN-26-OFAT,2025-09-24T00:14:10.111837Z,40.00,0.2500,0.7500,yes
dc97a132-23a2-6461-a522-470ccbfc1e6a,KXMAYORMINN-26-OFAT,2025-09-23T18:39:14.865128Z,1.00,0.2200,0.7800,no
5d6156da-c2d0-499b-af61-378dc00f0b87,KXMAYORMINN-26-OFAT,2025-09-23T04:20:13.739Z,50.00,0.2500,0.7500,yes
86d42cf3-2c14-4390-ad5c-f11b4ef71bb0,KXMAYORMINN-26-OFAT,2025-09-22T18:00:30.051508Z,10.00,0.2500,0.7500,yes
1741f6ae-6aef-48b9-a839-854972de71e2,KXMAYORMINN-26-OFAT,2025-09-21T14:02:49.34355Z,10.00,0.2500,0.7500,yes
71d29fd1-81f9-418c-8db5-18ef602bbc4e,KXMAYORMINN-26-OFAT,2025-09-21T14:02:48.141948Z,10.00,0.2500,0.7500,yes
3c09f292-c7f3-498e-9267-32e0fc47e095,KXMAYORMINN-26-OFAT,2025-09-21T14:02:46.865785Z,10.00,0.2500,0.7500,yes
b8f88ec7-5c43-40fd-a0b7-c5b4d31fa7a4,KXMAYORMINN-26-OFAT,2025-09-21T14:02:45.4308Z,10.00,0.2500,0.7500,yes
ab5d67a5-2bf1-4d63-9505-c5324ce1e8a2,KXMAYORMINN-26-OFAT,2025-09-21T14:02:43.971613Z,10.00,0.2500,0.7500,yes
344a0ed6-a491-4c6f-8a96-85b11f3e4899,KXMAYORMINN-26-OFAT,2025-09-21T14:02:42.710874Z,10.00,0.2500,0.7500,yes
14bb11be-59d7-4bb9-baeb-18d1c2048464,KXMAYORMINN-26-OFAT,2025-09-21T14:02:41.303208Z,10.00,0.2500,0.7500,yes
71b5431f-6c47-41b6-9aa6-3b3cd71cc220,KXMAYORMINN-26-OFAT,2025-09-21T14:02:40.195212Z,10.00,0.2500,0.7500,yes
2f14875a-fc00-46f9-8a18-543339ecfb4f,KXMAYORMINN-26-OFAT,2025-09-21T14:02:38.762067Z,10.00,0.2500,0.7500,yes
f4d84c20-9c9b-4709-aa3f-30c2b4d6ae6b,KXMAYORMINN-26-OFAT,2025-09-21T14:02:37.73243Z,10.00,0.2500,0.7500,yes
c79b4026-17bd-4662-bc9f-23377e5ea112,KXMAYORMINN-26-OFAT,2025-09-21T12:20:15.209584Z,10.00,0.2600,0.7400,yes
9d65b59a-42b5-40fb-853e-762334ad8aca,KXMAYORMINN-26-OFAT,2025-09-21T12:20:13.889522Z,10.00,0.2600,0.7400,yes
eb886225-7275-477f-aa21-8c30aee28d08,KXMAYORMINN-26-OFAT,2025-09-21T12:20:12.712397Z,10.00,0.2600,0.7400,yes
1c906d35-bf02-4fe1-b192-af8a3095db86,KXMAYORMINN-26-OFAT,2025-09-21T12:20:11.576405Z,10.00,0.2600,0.7400,yes
1e3c9d26-be7d-4eb9-907d-265de9861e80,KXMAYORMINN-26-OFAT,2025-09-21T12:20:10.46181Z,10.00,0.2600,0.7400,yes
e03ecc30-12d4-42e8-bd35-09f5a0adece4,KXMAYORMINN-26-OFAT,2025-09-21T12:20:09.198253Z,10.00,0.2600,0.7400,yes
7202b8e3-3784-43f6-8c67-ceb0ec8bda52,KXMAYORMINN-26-OFAT,2025-09-21T12:20:08.167411Z,10.00,0.2600,0.7400,yes
e01320cf-81d0-4f61-a3e1-b8a3102c2129,KXMAYORMINN-26-OFAT,2025-09-21T12:20:06.827106Z,10.00,0.2600,0.7400,yes
debcfb5d-8c6a-49d7-afeb-36dddfd788a7,KXMAYORMINN-26-OFAT,2025-09-21T12:20:05.477411Z,10.00,0.2600,0.7400,yes
c0d35d2b-78d1-4084-9a5f-60f113cfffda,KXMAYORMINN-26-OFAT,2025-09-21T12:16:04.029198Z,10.00,0.2600,0.7400,yes
392f51f0-7133-4597-ba7c-911d734abeff,KXMAYORMINN-26-OFAT,2025-09-20T13:45:31.848769Z,12.00,0.2600,0.7400,no
74ecf494-e082-4bbd-b90f-e99ab1fb77ec,KXMAYORMINN-26-OFAT,2025-09-17T12:09:40.757118Z,2.00,0.2600,0.7400,yes
b17cdf7f-d344-4058-a61f-ed6d48c8d73b,KXMAYORMINN-26-OFAT,2025-09-14T10:12:32.84566Z,28.00,0.2700,0.7300,yes
a74ee9dd-e123-4577-9754-d661d1bb394d,KXMAYORMINN-26-OFAT,2025-09-14T10:12:32.84566Z,2.00,0.2600,0.7400,yes
af293dc4-a301-4760-8d00-c07b03618395,KXMAYORMINN-26-OFAT,2025-09-11T21:30:41.433214Z,284.00,0.3100,0.6900,yes
4b39e3c8-c514-4252-af09-d9f168b00e77,KXMAYORMINN-26-OFAT,2025-09-11T21:30:41.433214Z,24.00,0.3000,0.7000,yes
6fa6f7c7-57f8-495d-ba52-6b13694ae4af,KXMAYORMINN-26-OFAT,2025-09-11T21:28:05.273905Z,8.00,0.3000,0.7000,yes
c228c4fc-cfa3-45bd-abf4-f0f552627f6c,KXMAYORMINN-26-OFAT,2025-09-10T02:33:27.925237Z,27.00,0.2600,0.7400,no
05b26537-ed7f-4323-ba04-abde38dad3f5,KXMAYORMINN-26-OFAT,2025-09-10T02:23:19.775388Z,31.00,0.2700,0.7300,no
728c0165-170c-4b0d-9177-f7219067f8b6,KXMAYORMINN-26-OFAT,2025-09-09T19:24:37.496306Z,200.00,0.2700,0.7300,no
9396e320-9943-4950-ab8b-c547a46b9285,KXMAYORMINN-26-OFAT,2025-09-09T19:24:36.814403Z,200.00,0.2700,0.7300,no
7cc919e9-b51a-4140-8cc8-dcdac45db46d,KXMAYORMINN-26-OFAT,2025-09-09T19:24:35.424107Z,200.00,0.2700,0.7300,no
8cc23733-057e-4da2-87d0-00ea6164f6bb,KXMAYORMINN-26-OFAT,2025-09-07T22:16:38.345472Z,100.00,0.2700,0.7300,no
6035e1be-ea66-45fd-bd44-d07f8385fba0,KXMAYORMINN-26-OFAT,2025-09-07T20:35:41.223226Z,100.00,0.2700,0.7300,no
be1ccd8f-a7fa-42ea-a344-eae937dd9989,KXMAYORMINN-26-OFAT,2025-09-07T20:35:40.826154Z,176.00,0.2700,0.7300,no
61b34ddd-8028-4cdb-b19f-222937f4268f,KXMAYORMINN-26-OFAT,2025-09-07T20:35:39.43292Z,100.00,0.2700,0.7300,no
6d3cad8c-f443-4ea6-a0fb-71c19b985a82,KXMAYORMINN-26-OFAT,2025-09-07T20:35:39.053197Z,200.00,0.2700,0.7300,no
c90f8baf-1695-4e9f-8f29-8c1a06cefa88,KXMAYORMINN-26-OFAT,2025-09-07T14:10:42.797183Z,48.00,0.2800,0.7200,no
fb2f6f74-bb18-48e7-aa7c-24d84b19c301,KXMAYORMINN-26-OFAT,2025-09-07T14:10:42.208079Z,10.00,0.2800,0.7200,no
e637c7af-6237-4ae3-9399-736b795621da,KXMAYORMINN-26-OFAT,2025-09-07T14:04:48.584931Z,32.00,0.2800,0.7200,no
fc54071e-66a5-4168-ba0f-5a792717160c,KXMAYORMINN-26-OFAT,2025-09-07T13:37:01.876385Z,6.00,0.3200,0.6800,yes
f6d7c87e-3f02-4905-bc5a-ae8ece4b9712,KXMAYORMINN-26-OFAT,2025-09-07T13:34:57.943497Z,2.00,0.3100,0.6900,yes
c29d2928-1743-4861-9f76-3f19ee809b5e,KXMAYORMINN-26-OFAT,2025-09-06T20:08:13.851894Z,9.00,0.3200,0.6800,yes
9f6d3f22-f7b8-4ee5-92b0-ec1adb6e1658,KXMAYORMINN-26-OFAT,2025-09-06T20:07:03.967763Z,20.00,0.3200,0.6800,yes
d4d784a7-1136-474b-af4c-13487169cb3f,KXMAYORMINN-26-OFAT,2025-09-06T13:06:56.769839Z,8.00,0.3200,0.6800,yes
b2248c3a-9df4-4b08-a508-90ad86f19e89,KXMAYORMINN-26-OFAT,2025-09-06T13:06:56.769839Z,6.00,0.3300,0.6700,yes
cd351966-acd0-4ce2-a692-41ecc31d979c,KXMAYORMINN-26-OFAT,2025-09-05T03:52:19.084388Z,68.00,0.2700,0.7300,no
470cf8af-3c7a-444c-ac40-57cfa79ef85d,KXMAYORMINN-26-OFAT,2025-09-05T03:52:19.084388Z,32.00,0.2800,0.7200,no
29528bdf-95dd-4df5-851e-1ab8a81a408c,KXMAYORMINN-26-OFAT,2025-09-05T03:35:06.455043Z,13.00,0.2700,0.7300,no
aa4f03c4-101f-42db-9844-5ec7e5e3203f,KXMAYORMINN-26-OFAT,2025-09-05T03:35:05.18275Z,13.00,0.2700,0.7300,no
929bdbab-4d84-4ac3-9d01-60f5245a3566,KXMAYORMINN-26-OFAT,2025-09-02T02:56:57.49749Z,500.00,0.2700,0.7300,no
7cdf6684-46dd-4f62-b424-14f409687855,KXMAYORMINN-26-OFAT,2025-08-30T02:06:30.138732Z,10.00,0.2700,0.7300,no
4dde1950-b508-418d-b6ba-12528810689a,KXMAYORMINN-26-OFAT,2025-08-29T03:14:55.15779Z,526.00,0.2900,0.7100,no
45820ae6-93ea-44e7-bebf-9ef55c7fb535,KXMAYORMINN-26-OFAT,2025-08-29T03:14:55.15779Z,100.00,0.2900,0.7100,no
3be7cdf1-e3ff-4754-a07a-7a247e110eb6,KXMAYORMINN-26-OFAT,2025-08-29T03:14:55.15779Z,89.00,0.2700,0.7300,no
06f77dfc-81fb-45fe-9119-bff76ecf3ce8,KXMAYORMINN-26-OFAT,2025-08-29T03:14:55.15779Z,2.00,0.2800,0.7200,no
8c0d3375-b5b8-44d2-a2b0-8f22a9d941dc,KXMAYORMINN-26-OFAT,2025-08-27T11:47:58.405169Z,2.00,0.3300,0.6700,yes
784f0413-776f-4369-b905-0b00f0665b3c,KXMAYORMINN-26-OFAT,2025-08-27T11:16:56.693575Z,12.00,0.3100,0.6900,yes
7659b1ce-e5b2-4e4c-b6ea-e82b3362377a,KXMAYORMINN-26-OFAT,2025-08-27T11:16:56.693575Z,4.00,0.3100,0.6900,yes
6fc0082e-5997-4235-add1-001f65b0e1f7,KXMAYORMINN-26-OFAT,2025-08-27T11:02:18.574451Z,1.00,0.3000,0.7000,yes
9f82a017-e0da-41b8-9255-11e98f489c9c,KXMAYORMINN-26-OFAT,2025-08-27T11:01:58.424546Z,1.00,0.3000,0.7000,yes
0d70a28a-995e-46e0-b5c6-89f32193205e,KXMAYORMINN-26-OFAT,2025-08-27T11:00:56.765158Z,4.00,0.3000,0.7000,yes
2d22129d-7f41-41e1-869e-3dce61a59e27,KXMAYORMINN-26-OFAT,2025-08-27T11:00:47.881015Z,1.00,0.3000,0.7000,yes
3444379e-1d69-4409-a93c-c13fdcfa33d9,KXMAYORMINN-26-OFAT,2025-08-27T11:00:29.68813Z,1.00,0.3000,0.7000,yes
1795931e-b409-419c-be7c-563897f032bf,KXMAYORMINN-26-OFAT,2025-08-26T13:44:49.073205Z,18.00,0.3100,0.6900,yes
0de12913-ac82-468b-8991-aaef4af247d5,KXMAYORMINN-26-OFAT,2025-08-26T13:44:49.073205Z,12.00,0.3000,0.7000,yes
ce4bb1d1-87be-4873-94c8-2269626c3dbf,KXMAYORMINN-26-OFAT,2025-08-26T13:32:55.940549Z,19.00,0.3300,0.6700,yes
363af537-6cdf-4669-94bc-f0b1f3db21d0,KXMAYORMINN-26-OFAT,2025-08-26T13:32:55.940549Z,8.00,0.3200,0.6800,yes
203260b1-4b3a-4896-bd81-217303313d4e,KXMAYORMINN-26-OFAT,2025-08-26T13:32:55.940549Z,11.00,0.3200,0.6800,yes
7d9d289d-47ac-497f-a91d-b6eccf948b1e,KXMAYORMINN-26-OFAT,2025-08-25T13:25:38.288206Z,2.00,0.2600,0.7400,no
015a29ae-4150-4e2d-bd11-84aae3c30279,KXMAYORMINN-26-OFAT,2025-08-25T13:25:38.288206Z,8.00,0.2500,0.7500,no
d6264bfc-ef7e-41cf-876e-212651b5c196,KXMAYORMINN-26-OFAT,2025-08-24T19:47:09.892322Z,20.00,0.2500,0.7500,no
ef205f1a-e16a-48b6-8b46-a07c824462ee,KXMAYORMINN-26-OFAT,2025-08-24T17:49:28.556901Z,6.00,0.2500,0.7500,no
b428e30a-7919-4046-b9f2-5bff96c3657c,KXMAYORMINN-26-OFAT,2025-08-24T17:39:08.382183Z,28.00,0.2600,0.7400,no
062eb32d-2270-4b06-ae6f-7b5254ab581b,KXMAYORMINN-26-OFAT,2025-08-24T17:28:48.566655Z,2.00,0.2600,0.7400,no
edc1345f-633a-4c34-af38-e8910ceb9116,KXMAYORMINN-26-OFAT,2025-08-23T19:28:00.106595Z,79.00,0.3900,0.6100,yes
a06017d0-a606-4f06-a511-cbdfa44fa7f9,KXMAYORMINN-26-OFAT,2025-08-23T19:28:00.106595Z,22.00,0.3200,0.6800,yes
7e45c88c-0e15-4968-98c3-f7a67b5a87a3,KXMAYORMINN-26-OFAT,2025-08-23T19:28:00.106595Z,100.00,0.3100,0.6900,yes
6c69294a-7d3e-47d5-a4ad-2e1b3d3619b0,KXMAYORMINN-26-OFAT,2025-08-23T19:28:00.106595Z,16.00,0.3000,0.7000,yes
58aa88e5-6b46-419c-94ba-3769fef51cb8,KXMAYORMINN-26-OFAT,2025-08-23T19:28:00.106595Z,200.00,0.3400,0.6600,yes
48b9a764-5db6-40ca-aede-c28e88c56090,KXMAYORMINN-26-OFAT,2025-08-23T19:28:00.106595Z,100.00,0.3100,0.6900,yes
1dbab523-c300-4bef-9949-0a40335d4473,KXMAYORMINN-26-OFAT,2025-08-23T19:28:00.106595Z,200.00,0.3300,0.6700,yes
ebdf8efe-7220-45c1-8510-c1d2eef12af6,KXMAYORMINN-26-OFAT,2025-08-22T05:04:33.627711Z,2.00,0.3100,0.6900,yes
25d47443-e3fe-4051-978b-527f73870738,KXMAYORMINN-26-OFAT,2025-08-22T05:04:33.627711Z,8.00,0.3200,0.6800,yes
1387c15d-1def-4bd7-9484-2ddc2376de72,KXMAYORMINN-26-OFAT,2025-08-22T04:17:24.176812Z,2.00,0.3100,0.6900,yes
54e62747-5f5d-497c-bcf1-13e6b295c481,KXMAYORMINN-26-OFAT,2025-08-22T01:52:41.299111Z,103.00,0.3700,0.6300,yes
b692b01b-1595-40dc-a317-7dab8c8cb677,KXMAYORMINN-26-OFAT,2025-08-21T21:01:09.873017Z,5.00,0.3200,0.6800,yes
d75ab5d6-7ae5-4826-9a3f-607e79caeac1,KXMAYORMINN-26-OFAT,2025-08-21T20:30:50.923602Z,500.00,0.3000,0.7000,no
c4682d24-bde4-4d37-8780-35b1955d2022,KXMAYORMINN-26-OFAT,2025-08-21T20:30:50.923602Z,36.00,0.3100,0.6900,no
48e96b0e-330e-4380-b914-0f7c4e74ed25,KXMAYORMINN-26-OFAT,2025-08-21T20:30:50.923602Z,32.00,0.3100,0.6900,no
cbc36d53-5ded-4f35-8e94-f4e9945bc701,KXMAYORMINN-26-OFAT,2025-08-21T20:09:27.52669Z,200.00,0.3500,0.6500,no
bd9b8fcd-11d3-49df-8ade-d915f79f16f5,KXMAYORMINN-26-OFAT,2025-08-21T20:09:27.52669Z,46.00,0.3500,0.6500,no
360028c5-bb59-46d6-b670-9bb5ab44588a,KXMAYORMINN-26-OFAT,2025-08-21T20:09:27.52669Z,314.00,0.3700,0.6300,no
e4c7097f-7da4-4d77-86a4-3cb54de1b7b7,KXMAYORMINN-26-OFAT,2025-08-21T15:12:38.424061Z,30.00,0.3700,0.6300,no
885870e1-b087-455f-affd-418c0238954b,KXMAYORMINN-26-OFAT,2025-08-21T15:12:37.559724Z,30.00,0.3700,0.6300,no
bf7952fc-ceee-463c-8f4c-7b703842a407,KXMAYORMINN-26-OFAT,2025-08-21T15:02:31.626795Z,26.00,0.3700,0.6300,no
03a9df99-b2d0-4628-87d8-4aee18c8b213,KXMAYORMINN-26-OFAT,2025-08-20T15:58:33.39853Z,100.00,0.3900,0.6100,yes
97c1da12-e0ae-40e6-84e8-f19085f7c862,KXMAYORMINN-26-OFAT,2025-08-20T00:49:24.317017Z,50.00,0.3800,0.6200,no
966cff67-3dd8-4f3f-936a-41868bd9fdca,KXMAYORMINN-26-OFAT,2025-08-20T00:49:24.317017Z,300.00,0.3700,0.6300,no
7bca61c4-e48e-4164-bd46-34158928d6e4,KXMAYORMINN-26-OFAT,2025-08-16T15:00:49.186162Z,20.00,0.3500,0.6500,no
950be4a4-8ef0-49e3-a43a-6ea189697110,KXMAYORMINN-26-OFAT,2025-08-15T19:10:50.812512Z,49.00,0.3500,0.6500,no
659a6b98-60dc-4bdf-8375-f9f318c44f16,KXMAYORMINN-26-OFAT,2025-08-15T19:10:50.812512Z,5.00,0.3700,0.6300,no
0247ea05-bca2-41c0-8c8d-039c945a0634,KXMAYORMINN-26-OFAT,2025-08-15T19:10:50.812512Z,23.00,0.3600,0.6400,no
d2cace6e-926b-4bba-8d4b-cb9ad1088a82,KXMAYORMINN-26-OFAT,2025-08-15T13:28:10.946436Z,20.00,0.3800,0.6200,no
9a1a8dba-5dc9-4b96-bfbd-7efebeb3b085,KXMAYORMINN-26-OFAT,2025-08-15T13:28:10.946436Z,1.00,0.3900,0.6100,no
34464140-531d-4459-aa68-37b66f39dec6,KXMAYORMINN-26-OFAT,2025-08-15T13:28:10.946436Z,31.00,0.3600,0.6400,no
bdc5c34f-620a-4ef7-a606-7c964fcb41a7,KXMAYORMINN-26-OFAT,2025-08-15T13:18:15.075166Z,26.00,0.3900,0.6100,no
a08bb296-442d-4f2c-aa63-07a3e0b846f9,KXMAYORMINN-26-OFAT,2025-08-15T13:18:15.075166Z,2.00,0.4000,0.6000,no
2d8cfae6-6c06-4ca8-b06d-a5e38a202e1a,KXMAYORMINN-26-OFAT,2025-08-15T04:10:42.507987Z,1.00,0.3500,0.6500,no
f7ba966c-b3d9-413a-956c-43d6af260ccb,KXMAYORMINN-26-OFAT,2025-08-14T13:55:50.849808Z,2.00,0.3500,0.6500,no
1ab8460a-ed1d-48be-9bbd-285c1915beba,KXMAYORMINN-26-OFAT,2025-08-14T13:55:50.849808Z,810.00,0.3400,0.6600,no
0424ca33-aa8c-4a92-9b96-347d26c3f450,KXMAYORMINN-26-OFAT,2025-08-14T04:47:18.138429Z,12.00,0.3900,0.6100,yes
97fa1164-9fec-4615-8457-ccbf6dea0982,KXMAYORMINN-26-OFAT,2025-08-14T01:33:15.782372Z,2.00,0.3800,0.6200,yes
6312b8ed-059f-4d70-9ce8-b4ce7daca52e,KXMAYORMINN-26-OFAT,2025-08-14T01:33:15.782372Z,120.00,0.3900,0.6100,yes
339b7c7b-5ad0-4d5b-8ea8-ed9c2c549295,KXMAYORMINN-26-OFAT,2025-08-12T17:29:56.011054Z,2.00,0.4100,0.5900,no
d794b7bf-b3d6-4363-b580-4f6859126f15,KXMAYORMINN-26-OFAT,2025-08-12T17:29:49.879522Z,398.00,0.4100,0.5900,no
1bce83bb-db08-43f8-9aa9-d76ac269af59,KXMAYORMINN-26-OFAT,2025-08-12T01:39:17.14504Z,1.00,0.4200,0.5800,no
2b85304f-2cf9-4089-ac43-307c6c31624e,KXMAYORMINN-26-OFAT,2025-08-12T01:39:10.279315Z,2.00,0.4200,0.5800,no
e203a9b0-b0d8-4fb2-8f52-804de448415a,KXMAYORMINN-26-OFAT,2025-08-12T01:39:05.18107Z,5.00,0.4200,0.5800,no
8bcd31d9-22c2-4a50-91ec-5b3441e2656f,KXMAYORMINN-26-OFAT,2025-08-12T01:38:59.570083Z,14.00,0.4200,0.5800,no
a135d042-54dc-4feb-8d71-2c4a3c53789a,KXMAYORMINN-26-OFAT,2025-08-12T01:38:54.511164Z,38.00,0.4200,0.5800,no
10d9b7f9-ee14-4c16-ab59-6012d0b3176e,KXMAYORMINN-26-OFAT,2025-08-12T01:38:47.410695Z,100.00,0.4200,0.5800,no
aad4a9d1-dbac-4816-aa95-0baffdd66b00,KXMAYORMINN-26-OFAT,2025-08-12T00:23:09.138751Z,1.00,0.4200,0.5800,no
63933b4f-1452-48df-ac20-c0eb022a6af9,KXMAYORMINN-26-OFAT,2025-08-11T19:37:32.656879Z,1.00,0.4200,0.5800,no
ad7a2317-f540-4aa4-b1b9-536798c04cd2,KXMAYORMINN-26-OFAT,2025-08-11T19:37:28.245767Z,1.00,0.4200,0.5800,no
12083da6-0de3-459b-9361-986fbba579f9,KXMAYORMINN-26-OFAT,2025-08-11T19:37:20.841856Z,3.00,0.4200,0.5800,no
8fdeb1f5-6b89-4153-8622-24d349ecd05e,KXMAYORMINN-26-OFAT,2025-08-11T19:37:14.570061Z,9.00,0.4200,0.5800,no
30efc32e-38f1-4fdd-bba6-1a7b53ebad62,KXMAYORMINN-26-OFAT,2025-08-11T16:54:51.698383Z,33.00,0.4300,0.5700,yes
52368431-c5cf-4b03-a222-3ecacb494738,KXMAYORMINN-26-OFAT,2025-08-11T16:53:57.399308Z,44.00,0.4300,0.5700,yes
3db199db-6db0-4b6e-836c-03638c8e8afd,KXMAYORMINN-26-OFAT,2025-08-11T03:20:11.216907Z,28.00,0.4500,0.5500,yes
abfea0bd-6dbb-4871-9e00-5ac03004a4ed,KXMAYORMINN-26-OFAT,2025-08-06T06:25:05.162928Z,1.00,0.4200,0.5800,no
5df64bc4-2e0a-42aa-953e-8f6389341e23,KXMAYORMINN-26-OFAT,2025-08-06T06:24:59.952492Z,2.00,0.4200,0.5800,no
d796e7cb-bb38-49d9-9534-9b02c9f55d9f,KXMAYORMINN-26-OFAT,2025-08-06T06:24:54.903857Z,6.00,0.4200,0.5800,no
520bce0f-0a63-4d4e-8f6c-beb3ad698c10,KXMAYORMINN-26-OFAT,2025-08-06T06:24:49.492371Z,14.00,0.4200,0.5800,no
023606ac-e0d1-4a7c-b30a-a8a20713d24e,KXMAYORMINN-26-OFAT,2025-08-06T06:24:44.26393Z,38.00,0.4200,0.5800,no
26bc91fd-73d7-4f61-839a-d600e7cd51ad,KXMAYORMINN-26-OFAT,2025-08-06T06:24:39.043085Z,101.00,0.4200,0.5800,no
dfd7eec8-e9cc-4118-9585-2a0e3533169a,KXMAYORMINN-26-OFAT,2025-08-06T06:24:33.853359Z,303.00,0.4200,0.5800,no
6e87a2b2-298c-4c79-85ad-c6a7f6bbfabb,KXMAYORMINN-26-OFAT,2025-08-06T06:01:04.385783Z,55.00,0.4300,0.5700,yes
5df321f9-8ae8-49c1-9522-5494f3a99fa9,KXMAYORMINN-26-OFAT,2025-08-06T04:22:50.060466Z,50.00,0.4300,0.5700,yes
883fc4f7-ff5e-4c80-a5a9-3f6ddb4e2d05,KXMAYORMINN-26-OFAT,2025-08-06T04:02:16.103896Z,150.00,0.4300,0.5700,yes
0b7e42a0-1295-45bc-84ea-4ed5e2c354c1,KXMAYORMINN-26-OFAT,2025-08-06T03:57:49.10191Z,230.00,0.4200,0.5800,no
7f1c18b4-88e4-4b68-8056-b4dda0483944,KXMAYORMINN-26-OFAT,2025-08-05T16:03:23.101599Z,10.00,0.4700,0.5300,yes
0f409e3a-49d4-4c68-b102-53dfe3ce0176,KXMAYORMINN-26-OFAT,2025-08-05T12:29:04.486567Z,10.00,0.4200,0.5800,no
d7ba2050-622b-491b-9fe2-557724a40db3,KXMAYORMINN-26-OFAT,2025-08-05T12:01:16.213179Z,2.00,0.4300,0.5700,no
7fe9632b-40ee-4638-9371-82e38aaaa241,KXMAYORMINN-26-OFAT,2025-08-05T12:01:16.213179Z,54.00,0.4200,0.5800,no
a6c71b83-6f26-4a59-b3cd-def1e3352c78,KXMAYORMINN-26-OFAT,2025-08-02T13:23:51.381457Z,7.00,0.4700,0.5300,yes
057b4357-fa6a-4a90-a686-1e87b2fd7043,KXMAYORMINN-26-OFAT,2025-08-01T18:54:09.867812Z,75.00,0.4800,0.5200,yes
ac194b9b-36b1-45c7-bec4-21553ac59a18,KXMAYORMINN-26-OFAT,2025-08-01T05:14:40.343729Z,190.00,0.4700,0.5300,yes
3d6ebae4-3ba2-41e3-96fa-b77f25048d0b,KXMAYORMINN-26-OFAT,2025-08-01T05:12:32.831019Z,75.00,0.4600,0.5400,yes
706c229f-bc67-41ec-a2ee-5d1d10337e6b,KXMAYORMINN-26-OFAT,2025-08-01T01:11:43.794605Z,190.00,0.4700,0.5300,yes
e55fc221-1e48-4c7e-b1bd-0c5274cd90a8,KXMAYORMINN-26-OFAT,2025-08-01T00:18:12.923985Z,2.00,0.4700,0.5300,yes
484421da-fded-4e34-a0fe-b9739c2e6712,KXMAYORMINN-26-OFAT,2025-07-31T20:04:49.786979Z,4.00,0.4800,0.5200,yes
7c99e80e-c232-4292-9427-3fcd85a4b383,KXMAYORMINN-26-OFAT,2025-07-31T13:45:15.973228Z,10.00,0.4600,0.5400,yes
89f95e8f-3c32-4992-9d7a-279c24197bae,KXMAYORMINN-26-OFAT,2025-07-27T15:26:18.468191Z,2.00,0.4600,0.5400,yes
96557349-3cde-4c4b-b69a-8464506fb22d,KXMAYORMINN-26-OFAT,2025-07-25T21:18:58.369246Z,1.00,0.4100,0.5900,no
3ec02eed-9a48-4afe-acb1-b1ca07408264,KXMAYORMINN-26-OFAT,2025-07-25T20:21:51.672564Z,12.00,0.4100,0.5900,no
cf07b1a3-0421-444f-91bb-dc382eff7c87,KXMAYORMINN-26-OFAT,2025-07-24T21:48:27.140064Z,75.00,0.4100,0.5900,no
ab2f8f86-ffb2-4cdb-8e5c-e7fcb53c73f5,KXMAYORMINN-26-OFAT,2025-07-24T21:48:27.140064Z,6.00,0.4000,0.6000,no
9b1c0556-86bb-456e-a8b3-9f4811378481,KXMAYORMINN-26-OFAT,2025-07-24T21:48:27.140064Z,113.00,0.4100,0.5900,no
8461ecc9-8c30-4b8e-b736-51d73a0c00dc,KXMAYORMINN-26-OFAT,2025-07-24T21:48:27.140064Z,96.00,0.3900,0.6100,no
330e0b63-a76e-46f0-b9e1-522b297474cc,KXMAYORMINN-26-OFAT,2025-07-24T21:48:27.140064Z,30.00,0.4200,0.5800,no
f4c8d455-2674-46a2-8570-622a4d0f1606,KXMAYORMINN-26-OFAT,2025-07-24T14:02:25.683516Z,10.00,0.4800,0.5200,yes
868b7307-c80f-4220-969f-3b5b4a2b07cc,KXMAYORMINN-26-OFAT,2025-07-24T14:02:25.683516Z,19.00,0.4100,0.5900,yes
1ef25b50-9985-4b7f-8977-6b86634b9ca2,KXMAYORMINN-26-OFAT,2025-07-24T14:02:25.683516Z,1.00,0.4900,0.5100,yes
d086e16d-79c2-446f-8cd0-538581513e8b,KXMAYORMINN-26-OFAT,2025-07-24T13:29:37.983633Z,14.00,0.4000,0.6000,yes
2841dc57-a764-4c85-9635-0b2f8c1067c4,KXMAYORMINN-26-OFAT,2025-07-24T01:04:24.135263Z,26.00,0.4000,0.6000,yes
949ba28e-72ba-4e0d-b230-41dbb4bec422,KXMAYORMINN-26-OFAT,2025-07-23T22:50:40.33328Z,58.00,0.4100,0.5900,yes
e6d93ade-9455-437b-b5a5-b8da44d073d1,KXMAYORMINN-26-OFAT,2025-07-23T22:11:57.35427Z,5.00,0.4000,0.6000,yes
937a9a6b-f826-482b-bbf5-9ce2578edd76,KXMAYORMINN-26-OFAT,2025-07-23T22:11:57.35427Z,18.00,0.4100,0.5900,yes
217ea0ae-b057-47de-8fc5-974152ad9afb,KXMAYORMINN-26-OFAT,2025-07-23T17:49:56.82611Z,1.00,0.2000,0.8000,no
f0c2891e-3bb9-4d67-bd30-cb7de21b6940,KXMAYORMINN-26-OFAT,2025-07-23T17:49:51.107751Z,25.00,0.4400,0.5600,no
5e44d823-dfdb-47bd-9b71-95424632402a,KXMAYORMINN-26-OFAT,2025-07-23T16:27:03.370916Z,5.00,0.9900,0.0100,yes
