trade_id,ticker,created_time,count_fp,yes_price_dollars,no_price_dollars,taker_side
ee3436e4-e29e-6529-5f34-2b20807f792f,KXMICHCOACH-26-CLEA,2025-12-26T17:52:33.659825Z,6.00,0.0100,0.9900,yes
d872d318-bde2-5581-d190-b16e4af42fd3,KXMICHCOACH-26-CLEA,2025-12-26T15:19:14.458823Z,1000.00,0.0100,0.9900,yes
697da958-6112-431d-63dd-c11bbbc15914,KXMICHCOACH-26-CLEA,2025-12-26T14:56:11.838601Z,39.00,0.0100,0.9900,no
e856b3aa-d1ee-717d-32ff-61b5c05e3f14,KXMICHCOACH-26-CLEA,2025-12-26T14:55:11.821819Z,28.00,0.0100,0.9900,no
a2bf1c66-78f9-7e4e-0cde-074d4d04a23a,KXMICHCOACH-26-CLEA,2025-12-26T14:55:11.821819Z,1.00,0.0100,0.9900,no
86fa01a9-4715-7685-032b-bbbc4ba1ba73,KXMICHCOACH-26-CLEA,2025-12-26T14:55:11.821819Z,1.00,0.0100,0.9900,no
33939395-d100-7876-1a00-4b0fab0014f2,KXMICHCOACH-26-CLEA,2025-12-26T14:55:11.821819Z,70.00,0.0100,0.9900,no
d1c7822a-d091-41a8-4c96-e650c8f84b3b,KXMICHCOACH-26-CLEA,2025-12-26T14:33:28.581947Z,74.00,0.0200,0.9800,yes
729b5f3a-fd2d-4fdf-783a-3863f8b9d09e,KXMICHCOACH-26-CLEA,2025-12-26T14:33:28.581947Z,1095.00,0.0200,0.9800,yes
eccf3a00-5afc-7837-fc31-67be37cbca08,KXMICHCOACH-26-CLEA,2025-12-26T13:50:56.505568Z,13.00,0.0200,0.9800,no
dec964c4-a2f4-713e-f63c-9593082dbda8,KXMICHCOACH-26-CLEA,2025-12-26T13:50:56.505568Z,2.00,0.0200,0.9800,no
b4ea251a-b4e0-7b7e-c352-25dc861db3fb,KXMICHCOACH-26-CLEA,2025-12-26T13:50:56.505568Z,18.00,0.0200,0.9800,no
a6c249cf-4631-777d-c19f-695d0c099bb9,KXMICHCOACH-26-CLEA,2025-12-26T13:50:56.505568Z,34.00,0.0200,0.9800,no
1753445f-dfa8-7cde-dc12-2c3dfa57d184,KXMICHCOACH-26-CLEA,2025-12-26T13:50:56.505568Z,6.00,0.0200,0.9800,no
adeff477-2047-5a10-a356-737bbdffa2f1,KXMICHCOACH-26-CLEA,2025-12-26T13:50:00.658105Z,156.00,0.0200,0.9800,no
87a8603b-8413-6490-a36b-8bad0e6a63fd,KXMICHCOACH-26-CLEA,2025-12-26T13:44:21.351867Z,29.00,0.0200,0.9800,no
487b308c-cd24-6338-be4c-42ce55e7eeb0,KXMICHCOACH-26-CLEA,2025-12-26T13:44:21.351867Z,300.00,0.0200,0.9800,no
d76bc435-0372-5307-9d54-a71915aecd28,KXMICHCOACH-26-CLEA,2025-12-26T13:19:34.830294Z,12.00,0.0300,0.9700,no
b034293b-4634-7ec7-1209-b277405cb234,KXMICHCOACH-26-CLEA,2025-12-26T12:56:04.640036Z,96.00,0.0300,0.9700,no
3c4bf578-61d1-73b4-3e4d-2aea7b02b909,KXMICHCOACH-26-CLEA,2025-12-26T12:56:04.640036Z,9.00,0.0300,0.9700,no
cdf69163-859d-4640-a5b8-23308a98733d,KXMICHCOACH-26-CLEA,2025-12-26T12:55:06.696674Z,13.00,0.0300,0.9700,no
b78808f6-c481-44ac-84bd-ccff55db1ebd,KXMICHCOACH-26-CLEA,2025-12-26T12:55:05.456504Z,2.00,0.0300,0.9700,no
d2de7fa8-cc01-5059-773c-dce39853417e,KXMICHCOACH-26-CLEA,2025-12-26T07:35:56.854987Z,1.00,0.0300,0.9700,no
897399fe-0a1e-5dbe-4e6d-7d080b18e3f7,KXMICHCOACH-26-CLEA,2025-12-26T07:35:56.854987Z,752.00,0.0300,0.9700,no
72454147-f6a3-5273-530b-108a84d0e847,KXMICHCOACH-26-CLEA,2025-12-26T07:35:56.854987Z,103.00,0.0300,0.9700,no
60174967-8ed5-5d1a-54ab-4253ba7bdc11,KXMICHCOACH-26-CLEA,2025-12-26T07:35:56.854987Z,1.00,0.0300,0.9700,no
2ca4aad9-934f-5647-6106-5e5ab7558549,KXMICHCOACH-26-CLEA,2025-12-26T07:35:56.854987Z,1.00,0.0300,0.9700,no
27c984af-87b9-526b-5a7e-38edea828670,KXMICHCOACH-26-CLEA,2025-12-26T07:35:56.854987Z,255.00,0.0300,0.9700,no
0c702ff3-936a-5fa0-7281-93cd9e1c4361,KXMICHCOACH-26-CLEA,2025-12-26T07:35:56.854987Z,758.00,0.0300,0.9700,no
4878161a-7151-6a3e-876e-73f653faa1ba,KXMICHCOACH-26-CLEA,2025-12-25T14:42:41.804191Z,5000.00,0.0400,0.9600,yes
1c3a4891-53ba-76f2-d42e-5b0ed6e01bc3,KXMICHCOACH-26-CLEA,2025-12-25T11:43:14.92899Z,874.00,0.0300,0.9700,no
b9821945-5538-5785-bbb0-58b04bd4a11c,KXMICHCOACH-26-CLEA,2025-12-25T06:22:20.861625Z,23.00,0.0400,0.9600,no
b65d9260-4392-59b2-93ef-4cfe9b68162b,KXMICHCOACH-26-CLEA,2025-12-25T06:22:20.861625Z,47.00,0.0400,0.9600,no
20f90e66-4ce1-5b9d-9dc9-5dc0b86cbfde,KXMICHCOACH-26-CLEA,2025-12-25T06:22:20.861625Z,1063.00,0.0400,0.9600,no
253c2e3a-b2e9-5571-f5d8-d763d0d171a6,KXMICHCOACH-26-CLEA,2025-12-25T05:03:32.202128Z,43.00,0.0400,0.9600,no
c49b4e74-369d-791d-3893-c760bcc4dd96,KXMICHCOACH-26-CLEA,2025-12-24T20:02:36.033044Z,100.00,0.0400,0.9600,no
f57c4306-fdef-7994-f59b-239842d0d81e,KXMICHCOACH-26-CLEA,2025-12-24T18:02:58.458823Z,2814.00,0.0500,0.9500,yes
f0471280-1f34-7903-c31e-0a3a39c51470,KXMICHCOACH-26-CLEA,2025-12-24T18:02:58.458823Z,500.00,0.0500,0.9500,yes
b1c86a80-0d1d-7be1-db38-08cb64b28093,KXMICHCOACH-26-CLEA,2025-12-24T18:02:58.458823Z,2000.00,0.0500,0.9500,yes
b07be0f8-61ab-713a-c6d1-0caa23f275a2,KXMICHCOACH-26-CLEA,2025-12-24T18:02:58.458823Z,1.00,0.0500,0.9500,yes
af1ceedd-964e-7748-c92a-ce41d93b66b0,KXMICHCOACH-26-CLEA,2025-12-24T18:02:58.458823Z,151.00,0.0500,0.9500,yes
90f9c54e-4505-7a52-e0d4-e110a5a2a1e4,KXMICHCOACH-26-CLEA,2025-12-24T18:02:58.458823Z,500.00,0.0500,0.9500,yes
85947e96-142c-7253-efad-3f52bfb0e1a0,KXMICHCOACH-26-CLEA,2025-12-24T18:02:58.458823Z,1000.00,0.0500,0.9500,yes
7c2e4202-675d-7c79-ec5a-1d1c5e2cecf2,KXMICHCOACH-26-CLEA,2025-12-24T18:02:58.458823Z,2222.00,0.0500,0.9500,yes
694a3178-398b-7615-c1e6-14eb99cfec49,KXMICHCOACH-26-CLEA,2025-12-24T18:02:58.458823Z,1000.00,0.0500,0.9500,yes
5e487114-9d8c-7366-f52f-c57ba8b5ab2b,KXMICHCOACH-26-CLEA,2025-12-24T18:02:58.458823Z,1000.00,0.0500,0.9500,yes
205520fa-95a7-7b0d-d4df-04703fb0eea2,KXMICHCOACH-26-CLEA,2025-12-24T18:02:58.458823Z,1000.00,0.0500,0.9500,yes
b77b02fc-1dd5-76c5-a61f-f9f514a7c95a,KXMICHCOACH-26-CLEA,2025-12-24T17:02:18.123147Z,522.00,0.0400,0.9600,no
4cfe737b-eb8d-5f21-b211-d26a966644ce,KXMICHCOACH-26-CLEA,2025-12-24T16:26:50.793431Z,446.00,0.0400,0.9600,no
95efa31b-4add-4a09-2d83-589cab41c076,KXMICHCOACH-26-CLEA,2025-12-24T16:12:36.658456Z,93.00,0.0400,0.9600,no
065072b5-8021-66a9-5fb5-e61a95691ac6,KXMICHCOACH-26-CLEA,2025-12-24T15:13:38.863513Z,500.00,0.0400,0.9600,no
30b0b77d-a31d-6c8d-1a74-76781e4a2596,KXMICHCOACH-26-CLEA,2025-12-24T02:12:29.139597Z,109.00,0.0400,0.9600,no
8e755ae4-1b2a-7758-5659-5dd2b9f8db10,KXMICHCOACH-26-CLEA,2025-12-24T02:00:38.31863Z,187.00,0.0500,0.9500,yes
4321c24c-5055-7fb1-9279-f424ba9ea726,KXMICHCOACH-26-CLEA,2025-12-24T01:46:28.809459Z,670.00,0.0400,0.9600,no
b6adf0ba-9a1d-581d-8244-a0da8b18486a,KXMICHCOACH-26-CLEA,2025-12-24T00:25:15.00014Z,186.00,0.0400,0.9600,no
2e9a1244-e5d1-45b5-6ff4-88a1c6e4fe52,KXMICHCOACH-26-CLEA,2025-12-24T00:25:11.483813Z,1.00,0.0400,0.9600,no
730780ff-86f9-7ddd-ff97-aa0782afb12a,KXMICHCOACH-26-CLEA,2025-12-23T23:28:57.628143Z,206.00,0.0400,0.9600,no
b3d7ce11-16ad-7e11-65dc-86910e5aad2a,KXMICHCOACH-26-CLEA,2025-12-23T22:52:58.190102Z,88.00,0.0400,0.9600,no
380d2137-5722-53cc-3d96-fd2c5323b100,KXMICHCOACH-26-CLEA,2025-12-23T22:23:21.25376Z,93.00,0.0500,0.9500,yes
c74300df-1353-425d-a748-074e67f2becd,KXMICHCOACH-26-CLEA,2025-12-23T22:14:45.925367Z,62.00,0.0500,0.9500,yes
9973aa7e-f156-4bec-861d-322715e6d894,KXMICHCOACH-26-CLEA,2025-12-23T22:14:45.925367Z,1569.00,0.0500,0.9500,yes
44ddb595-f22d-4e4b-8262-4046b87aeade,KXMICHCOACH-26-CLEA,2025-12-23T22:14:45.925367Z,206.00,0.0500,0.9500,yes
4a6007b4-0f9d-45b9-2fe5-b7afc38de2ee,KXMICHCOACH-26-CLEA,2025-12-23T22:07:01.148173Z,1952.00,0.0400,0.9600,no
856911a3-4825-715d-9d68-b3733ca5d502,KXMICHCOACH-26-CLEA,2025-12-23T21:34:27.789255Z,1000.00,0.0400,0.9600,no
c1dda1ce-db04-445f-51b9-ea7d5da3efc7,KXMICHCOACH-26-CLEA,2025-12-23T21:13:29.782592Z,18.00,0.0500,0.9500,yes
729641b8-8add-7b59-27e6-40b0bbd3bf0a,KXMICHCOACH-26-CLEA,2025-12-23T20:59:47.016626Z,134.00,0.0400,0.9600,no
70dfbb80-20c9-6c15-6f39-670587ce492a,KXMICHCOACH-26-CLEA,2025-12-23T20:43:54.2057Z,10.00,0.0400,0.9600,no
e0cadeb6-69a1-6f6a-be95-1489fa543c4f,KXMICHCOACH-26-CLEA,2025-12-23T20:41:09.762595Z,1.00,0.0400,0.9600,no
c5c03bce-27a1-6780-a603-aba2de900437,KXMICHCOACH-26-CLEA,2025-12-23T20:41:09.762595Z,69.00,0.0400,0.9600,no
93b17a7d-72b9-62dd-9a3d-aa06c4006463,KXMICHCOACH-26-CLEA,2025-12-23T20:41:09.762595Z,1.00,0.0400,0.9600,no
75d44744-5b9d-655e-ab35-6d7b813f9397,KXMICHCOACH-26-CLEA,2025-12-23T20:41:09.762595Z,1.00,0.0400,0.9600,no
6cd872f0-fff2-6c73-a7af-1db3d11bf0fd,KXMICHCOACH-26-CLEA,2025-12-23T20:41:09.762595Z,92.00,0.0400,0.9600,no
45121108-ea0a-6a8e-8f89-7c5fae86a2ed,KXMICHCOACH-26-CLEA,2025-12-23T20:41:09.762595Z,32.00,0.0400,0.9600,no
1a588512-80a4-63a7-aa69-f7e0bb04070c,KXMICHCOACH-26-CLEA,2025-12-23T20:41:09.762595Z,926.00,0.0400,0.9600,no
1435a047-97ba-6a63-9b16-31568a319788,KXMICHCOACH-26-CLEA,2025-12-23T20:41:09.762595Z,1000.00,0.0400,0.9600,no
038e05a8-50d1-655d-b9af-8326237afdea,KXMICHCOACH-26-CLEA,2025-12-23T20:41:09.762595Z,2877.00,0.0400,0.9600,no
0320ebc5-d727-66f8-a8d7-66a2ac31acf8,KXMICHCOACH-26-CLEA,2025-12-23T20:41:09.762595Z,1.00,0.0400,0.9600,no
6b9144ab-8b00-643f-6b62-c703bbdf3854,KXMICHCOACH-26-CLEA,2025-12-23T20:37:39.818242Z,10.00,0.0400,0.9600,no
aa3b0fb9-20cc-427f-558d-c2976de3bf1c,KXMICHCOACH-26-CLEA,2025-12-23T19:34:35.456515Z,18.00,0.0400,0.9600,no
b344311a-f85d-5dbd-996b-b3eb7ca81104,KXMICHCOACH-26-CLEA,2025-12-23T18:06:18.368537Z,348.00,0.0500,0.9500,no
ff0bf2a7-ab29-5439-09c0-958564de1784,KXMICHCOACH-26-CLEA,2025-12-23T17:25:34.345763Z,2097.00,0.0500,0.9500,no
0ac2ec22-0a4d-4b45-cbf7-3ded4896ff54,KXMICHCOACH-26-CLEA,2025-12-23T15:40:09.703343Z,624.00,0.0500,0.9500,no
0282a15e-46f5-7955-4bd1-a24367a3a9ac,KXMICHCOACH-26-CLEA,2025-12-23T15:24:27.845481Z,10.00,0.0500,0.9500,no
50470da1-7695-6133-8318-99cfcadbffe2,KXMICHCOACH-26-CLEA,2025-12-23T14:43:33.219042Z,125.00,0.0600,0.9400,yes
fbb68ffe-40a9-5e49-d735-c185d5e41c14,KXMICHCOACH-26-CLEA,2025-12-23T14:34:06.9829Z,5000.00,0.0500,0.9500,no
908a49c7-4701-631b-fd33-0d554f6148a2,KXMICHCOACH-26-CLEA,2025-12-23T12:11:08.897806Z,169.00,0.0600,0.9400,yes
8f429be3-1fc1-6199-ca45-3050a0776d38,KXMICHCOACH-26-CLEA,2025-12-23T12:11:08.897806Z,612.00,0.0600,0.9400,yes
5a8147b2-7a17-6017-324d-aec770aa5449,KXMICHCOACH-26-CLEA,2025-12-23T08:14:31.767905Z,1921.00,0.0500,0.9500,yes
7020d0e6-8c25-7431-44b8-fbe0b3a77b10,KXMICHCOACH-26-CLEA,2025-12-23T05:35:38.72641Z,109.00,0.0600,0.9400,yes
7466c05d-7c7f-68d8-987c-f5426555b44a,KXMICHCOACH-26-CLEA,2025-12-23T04:50:27.972484Z,234.00,0.0500,0.9500,no
c8baa64f-7419-5533-661d-3ad9d4d4af3a,KXMICHCOACH-26-CLEA,2025-12-23T04:32:24.739833Z,3000.00,0.0600,0.9400,yes
c1dfa6cb-ad54-579e-5749-94aa389f5f87,KXMICHCOACH-26-CLEA,2025-12-23T04:32:24.739833Z,956.00,0.0600,0.9400,yes
ad3dbcd5-ec1f-5f97-4577-a161c7c7594d,KXMICHCOACH-26-CLEA,2025-12-23T04:32:24.739833Z,1000.00,0.0600,0.9400,yes
9e6b1bc2-2c1c-558c-59ef-ff3aad2d8afd,KXMICHCOACH-26-CLEA,2025-12-23T04:32:24.739833Z,500.00,0.0600,0.9400,yes
79e00f80-41a6-525f-5ae7-78ca122f326b,KXMICHCOACH-26-CLEA,2025-12-23T04:32:24.739833Z,1000.00,0.0600,0.9400,yes
3ff368ea-89f5-5325-46f7-8038656b37b0,KXMICHCOACH-26-CLEA,2025-12-23T04:32:24.739833Z,279.00,0.0600,0.9400,yes
3733a74b-99e8-5ad1-4ccf-ff4e3881cdeb,KXMICHCOACH-26-CLEA,2025-12-23T04:32:24.739833Z,301.00,0.0600,0.9400,yes
f02cc73e-e307-5a28-aeea-02371f6d5cd2,KXMICHCOACH-26-CLEA,2025-12-23T02:51:11.460792Z,625.00,0.0500,0.9500,no
64c64111-cde8-744e-0e20-3031c2c5ad87,KXMICHCOACH-26-CLEA,2025-12-23T02:24:50.445075Z,31.00,0.0600,0.9400,yes
efadcc5d-97e8-63e6-863c-3fc4be69c303,KXMICHCOACH-26-CLEA,2025-12-23T02:22:31.597188Z,13.00,0.0600,0.9400,yes
8dcf620b-6f67-6e1d-a646-3aa8cdb8d0dd,KXMICHCOACH-26-CLEA,2025-12-23T02:22:31.597188Z,200.00,0.0600,0.9400,yes
479dd58d-9d71-6e4a-a643-6628befbc552,KXMICHCOACH-26-CLEA,2025-12-23T02:22:31.597188Z,200.00,0.0600,0.9400,yes
3f06dc27-6bb9-6ebf-9875-8bbfcfae6af2,KXMICHCOACH-26-CLEA,2025-12-23T02:22:31.597188Z,77.00,0.0600,0.9400,yes
d85bea89-d2b1-4643-9ff8-1004787f4863,KXMICHCOACH-26-CLEA,2025-12-23T02:21:31.939934Z,174.00,0.0500,0.9500,yes
a931ba8e-99ed-41a3-5d95-1bc5a6c5e08b,KXMICHCOACH-26-CLEA,2025-12-23T01:34:40.455259Z,2812.00,0.0500,0.9500,yes
f8b17872-8ddd-453b-a298-2e1fa4381ddf,KXMICHCOACH-26-CLEA,2025-12-23T00:13:56.577315Z,14.00,0.0500,0.9500,yes
874cf8db-0fb8-77b3-3123-1f8b24049e40,KXMICHCOACH-26-CLEA,2025-12-23T00:12:54.773904Z,6.00,0.0400,0.9600,no
b6462100-e80d-618b-c981-4310fd6a009e,KXMICHCOACH-26-CLEA,2025-12-22T21:51:31.610674Z,123.00,0.0600,0.9400,yes
8205b7f2-6c6e-6ec3-d0bf-64182983d32c,KXMICHCOACH-26-CLEA,2025-12-22T21:51:31.610674Z,424.00,0.0600,0.9400,yes
0471963f-d11a-6ea3-3e57-4c4865190ae8,KXMICHCOACH-26-CLEA,2025-12-22T21:43:22.832301Z,265.00,0.0600,0.9400,yes
3f1e994d-9292-5f1f-43f8-d2d6589c42f8,KXMICHCOACH-26-CLEA,2025-12-22T21:36:50.623581Z,17.00,0.0600,0.9400,yes
e492859c-d812-4727-bf1b-ba04f44c4c90,KXMICHCOACH-26-CLEA,2025-12-22T21:36:18.597112Z,15.00,0.0600,0.9400,yes
55bc292c-f49e-43ef-7b61-4e87cf7795a8,KXMICHCOACH-26-CLEA,2025-12-22T21:25:01.541133Z,62.00,0.0600,0.9400,yes
9b2e02cc-c4ad-5999-284b-c954ef718838,KXMICHCOACH-26-CLEA,2025-12-22T21:22:46.969453Z,375.00,0.0500,0.9500,yes
8a3a0a2e-9606-5bef-2992-b53ff42789a8,KXMICHCOACH-26-CLEA,2025-12-22T21:22:46.969453Z,78.00,0.0600,0.9400,yes
8e417b7d-399a-7f2b-661c-0ac3ab0f7788,KXMICHCOACH-26-CLEA,2025-12-22T20:10:32.427592Z,250.00,0.0600,0.9400,yes
417eb88a-a6b2-79cb-d316-47887dc8ac4c,KXMICHCOACH-26-CLEA,2025-12-22T20:09:46.043722Z,250.00,0.0600,0.9400,yes
cf146450-1fc0-4277-5832-cdb05763f8b0,KXMICHCOACH-26-CLEA,2025-12-22T19:54:10.386921Z,184.00,0.0400,0.9600,no
b5187339-2539-43ba-8eb7-64525cd80aa0,KXMICHCOACH-26-CLEA,2025-12-22T19:45:14.265781Z,22.00,0.0500,0.9500,no
a7976b83-09e8-4d7f-9d9f-5292673bd894,KXMICHCOACH-26-CLEA,2025-12-22T19:45:14.265781Z,856.00,0.0400,0.9600,no
649c0fec-cebd-4f51-9bd9-486da0bd1f71,KXMICHCOACH-26-CLEA,2025-12-22T19:45:14.265781Z,2.00,0.0500,0.9500,no
25bc6307-add5-603a-d9a0-490703e30720,KXMICHCOACH-26-CLEA,2025-12-22T19:39:07.72713Z,28.00,0.0500,0.9500,no
a054d60d-455f-7669-d302-b075ad2eceb7,KXMICHCOACH-26-CLEA,2025-12-22T19:37:30.481168Z,17.00,0.0600,0.9400,yes
1c39e2ca-0616-7d8f-d5b1-1d55fb827d48,KXMICHCOACH-26-CLEA,2025-12-22T19:37:30.481168Z,139.00,0.0600,0.9400,yes
fb9b23fd-be3f-4d51-c150-8113faed27ab,KXMICHCOACH-26-CLEA,2025-12-22T18:17:08.532119Z,156.00,0.0600,0.9400,yes
edac0d15-f7f5-625e-ceca-19cb4d8d7837,KXMICHCOACH-26-CLEA,2025-12-22T18:05:39.418317Z,320.00,0.0500,0.9500,yes
d952be01-d00f-6bc2-ec5d-81842f62dc38,KXMICHCOACH-26-CLEA,2025-12-22T18:05:39.418317Z,2000.00,0.0500,0.9500,yes
9fdbcb08-3fd3-6c70-c6d2-dfe0b284e571,KXMICHCOACH-26-CLEA,2025-12-22T18:05:39.418317Z,58.00,0.0500,0.9500,yes
61b986cb-0457-64ad-fcda-b3f7decca657,KXMICHCOACH-26-CLEA,2025-12-22T18:05:39.418317Z,127.00,0.0600,0.9400,yes
455d71ae-ab16-60cc-fd60-0f32df4cb69d,KXMICHCOACH-26-CLEA,2025-12-22T18:05:39.418317Z,54.00,0.0500,0.9500,yes
04652548-5406-6e0e-f6d7-f3532d3c940a,KXMICHCOACH-26-CLEA,2025-12-22T18:05:39.418317Z,3318.00,0.0600,0.9400,yes
9d9ff94c-ee3f-63bc-45a5-df3e7f3e306d,KXMICHCOACH-26-CLEA,2025-12-22T17:37:08.073033Z,93.00,0.0500,0.9500,yes
a9f3eec8-8fe7-676e-5f29-a5ae63d10cc8,KXMICHCOACH-26-CLEA,2025-12-22T17:11:02.140781Z,111.00,0.0500,0.9500,no
a1b04bf6-5386-6707-4091-41ef189a5ff2,KXMICHCOACH-26-CLEA,2025-12-22T17:11:02.140781Z,10.00,0.0500,0.9500,no
0d0babd8-1942-7d26-7a6a-7026b610a4ba,KXMICHCOACH-26-CLEA,2025-12-22T17:08:44.143401Z,312.00,0.0600,0.9400,yes
4b3801fd-f6e7-5246-9def-1c41d383e6e8,KXMICHCOACH-26-CLEA,2025-12-22T16:02:24.333005Z,10.00,0.0500,0.9500,no
94b810a9-a07a-480e-5082-2869b4bf98c6,KXMICHCOACH-26-CLEA,2025-12-22T15:34:05.527743Z,218.00,0.0600,0.9400,yes
caa19c17-09ff-74da-2d4f-811a7eb91d1c,KXMICHCOACH-26-CLEA,2025-12-22T15:16:32.921413Z,870.00,0.0500,0.9500,no
baa1ec00-84fe-45fa-d080-c7cba037d813,KXMICHCOACH-26-CLEA,2025-12-22T15:15:27.459694Z,1.00,0.0500,0.9500,no
4d03427f-e147-4a91-ddc1-46747e3b00ab,KXMICHCOACH-26-CLEA,2025-12-22T15:15:27.459694Z,438.00,0.0500,0.9500,no
3702d08e-019d-4311-f0d3-1499fbf38604,KXMICHCOACH-26-CLEA,2025-12-22T15:15:27.459694Z,20.00,0.0500,0.9500,no
16509e92-f1bb-456e-fe7e-5060d87a0e64,KXMICHCOACH-26-CLEA,2025-12-22T15:15:27.459694Z,9.00,0.0500,0.9500,no
ca079a98-2de2-634e-ed6f-f0d907f0a6aa,KXMICHCOACH-26-CLEA,2025-12-22T04:36:23.104578Z,625.00,0.0600,0.9400,yes
4faa88e1-4062-5b76-f967-62abe059961e,KXMICHCOACH-26-CLEA,2025-12-22T04:11:39.399122Z,312.00,0.0600,0.9400,yes
f2fcf5ad-241a-6dfe-f816-be35fff4c5d6,KXMICHCOACH-26-CLEA,2025-12-21T23:53:16.796501Z,15.00,0.0600,0.9400,yes
70163f50-dabf-42b5-d4bc-0b04e7ed3f10,KXMICHCOACH-26-CLEA,2025-12-21T20:51:28.787681Z,20.00,0.0700,0.9300,yes
3c8d3f44-e8a3-51b1-8e1f-fc2495b7633c,KXMICHCOACH-26-CLEA,2025-12-21T19:21:48.397183Z,26.00,0.0700,0.9300,yes
53580ab0-f15b-4d4d-8754-5bc11321a7bf,KXMICHCOACH-26-CLEA,2025-12-21T17:50:28.95095Z,1917.00,0.0500,0.9500,no
7f86176c-f257-47f1-536a-74096f69b7af,KXMICHCOACH-26-CLEA,2025-12-21T17:49:15.191043Z,145.00,0.0500,0.9500,no
18f786c6-732b-53e5-2242-487f7bfb5e3c,KXMICHCOACH-26-CLEA,2025-12-21T16:49:00.254446Z,134.00,0.0700,0.9300,yes
367fd14b-1988-43a4-5768-bbabeb20cf66,KXMICHCOACH-26-CLEA,2025-12-21T15:53:03.661875Z,172.00,0.0600,0.9400,no
3a0cd961-74f7-7bd0-a49f-89628d739c67,KXMICHCOACH-26-CLEA,2025-12-21T07:24:01.725615Z,496.00,0.0800,0.9200,yes
173557d6-2f68-7085-8c77-b1e6e91981d9,KXMICHCOACH-26-CLEA,2025-12-21T07:24:01.725615Z,129.00,0.0800,0.9200,yes
ec3af7c8-7ca6-6bb6-3590-4ae1cbf31e3c,KXMICHCOACH-26-CLEA,2025-12-21T07:23:24.10445Z,940.00,0.0700,0.9300,yes
f1a59e29-1623-4aa7-c54b-59b9bbd13f74,KXMICHCOACH-26-CLEA,2025-12-21T06:30:37.648194Z,1952.00,0.0700,0.9300,yes
99b0308c-6ac6-4bae-e148-a3cb57f93bc4,KXMICHCOACH-26-CLEA,2025-12-21T06:30:37.648194Z,60.00,0.0700,0.9300,yes
ee0fa152-f853-56df-1fd7-4b7f2ba41740,KXMICHCOACH-26-CLEA,2025-12-21T06:21:05.992324Z,48.00,0.0700,0.9300,yes
805eade9-45d5-5a77-05ff-ca79de49da4e,KXMICHCOACH-26-CLEA,2025-12-21T06:21:05.992324Z,500.00,0.0700,0.9300,yes
7af615e0-d439-5312-cb37-e8b2333f3ee2,KXMICHCOACH-26-CLEA,2025-12-21T06:20:21.886483Z,170.00,0.0600,0.9400,yes
fcc7425d-69a4-437c-f56a-7828d6fc1904,KXMICHCOACH-26-CLEA,2025-12-21T05:38:19.57744Z,1044.00,0.0500,0.9500,no
ec64bb3f-60fc-4250-f180-19b200cfd704,KXMICHCOACH-26-CLEA,2025-12-21T04:53:45.919638Z,67.00,0.0500,0.9500,no
efc8191b-47fc-5114-9207-af357c56364c,KXMICHCOACH-26-CLEA,2025-12-21T04:02:19.169403Z,51.00,0.0500,0.9500,no
afdd5484-c308-513d-84af-66edaff65850,KXMICHCOACH-26-CLEA,2025-12-21T04:02:19.169403Z,59.00,0.0500,0.9500,no
a916411d-61c5-58d2-8f92-8d71da7e34fe,KXMICHCOACH-26-CLEA,2025-12-21T04:02:19.169403Z,40.00,0.0500,0.9500,no
4997583a-80d1-5da0-9010-c676aea7cebe,KXMICHCOACH-26-CLEA,2025-12-21T04:02:19.169403Z,83.00,0.0600,0.9400,no
a86f5010-dcbd-4a0c-afce-8399d58bb0d2,KXMICHCOACH-26-CLEA,2025-12-21T03:05:48.520876Z,50.00,0.0600,0.9400,no
69d7d696-cac5-52ec-6ce6-7ca574c0a9d2,KXMICHCOACH-26-CLEA,2025-12-21T01:44:12.904341Z,18.00,0.0600,0.9400,no
ce01da07-44bf-4c80-2d3a-b93cd93a6f77,KXMICHCOACH-26-CLEA,2025-12-21T00:27:40.303706Z,117.00,0.0800,0.9200,yes
fb7d9955-7a0d-587a-d564-36ca2ded1310,KXMICHCOACH-26-CLEA,2025-12-20T22:32:23.482703Z,3333.00,0.0600,0.9400,no
7fc7bddb-8d06-55f2-ffb5-b2572f087c77,KXMICHCOACH-26-CLEA,2025-12-20T22:32:23.482703Z,1189.00,0.0700,0.9300,no
128e2179-1369-5f7c-fc79-cc0e5e9f17ca,KXMICHCOACH-26-CLEA,2025-12-20T22:32:23.482703Z,2349.00,0.0600,0.9400,no
2085cc6f-3387-43a8-efbd-03cac0f31f67,KXMICHCOACH-26-CLEA,2025-12-20T22:06:36.528711Z,10.00,0.0800,0.9200,yes
e2290229-4756-7c3e-4d30-6f12a1ffae9b,KXMICHCOACH-26-CLEA,2025-12-20T20:42:34.295583Z,107.00,0.0700,0.9300,no
a4bd6f38-ea4e-77e2-4bc7-fef10185923b,KXMICHCOACH-26-CLEA,2025-12-20T20:14:11.371452Z,20.00,0.0700,0.9300,no
aa971f10-25e6-6f6e-d44f-63a8ecace78b,KXMICHCOACH-26-CLEA,2025-12-20T20:02:03.602917Z,75.00,0.0700,0.9300,no
2134ea44-56ae-5b0a-d231-9c4c1b79720b,KXMICHCOACH-26-CLEA,2025-12-20T19:56:44.982822Z,53.00,0.0700,0.9300,no
d48e9157-0bda-42d6-a343-348cb93c35df,KXMICHCOACH-26-CLEA,2025-12-20T19:56:42.221266Z,2.00,0.0700,0.9300,no
02197432-ea63-79a0-0500-10b423e6e3ef,KXMICHCOACH-26-CLEA,2025-12-20T18:58:05.35597Z,99.00,0.0800,0.9200,yes
152d4764-88a7-7ae0-29ff-f24a171d0e43,KXMICHCOACH-26-CLEA,2025-12-20T18:40:51.060033Z,587.00,0.0800,0.9200,yes
b933d8d4-ab9a-56ae-2a55-5aec5ac57ac7,KXMICHCOACH-26-CLEA,2025-12-20T18:24:03.121513Z,103.00,0.0700,0.9300,no
c3862ca8-0a23-5dc4-61b5-52edae8e6beb,KXMICHCOACH-26-CLEA,2025-12-20T18:04:58.063764Z,880.00,0.0800,0.9200,yes
a2a17ba5-89a7-6938-2acf-3d55aea0681f,KXMICHCOACH-26-CLEA,2025-12-20T17:45:01.653703Z,7.00,0.0800,0.9200,yes
16875b58-774a-558e-7fe3-7de5df0619e3,KXMICHCOACH-26-CLEA,2025-12-20T17:40:10.340869Z,5.00,0.0700,0.9300,no
f9148b98-c5f3-53d8-3d9f-cbc96e2e5b2b,KXMICHCOACH-26-CLEA,2025-12-20T17:39:07.927403Z,3.00,0.0800,0.9200,yes
8c4d2db4-0a0b-4a08-4d23-25e187ecc1f7,KXMICHCOACH-26-CLEA,2025-12-20T17:22:01.572026Z,23.00,0.0800,0.9200,yes
4751527d-a734-7de4-b449-5f9201279f2a,KXMICHCOACH-26-CLEA,2025-12-20T16:53:28.528729Z,909.00,0.0900,0.9100,yes
945e46d6-6a14-4360-f10e-a78f7390fde6,KXMICHCOACH-26-CLEA,2025-12-20T16:48:53.946765Z,52.00,0.0900,0.9100,yes
c733287e-21da-5626-732b-7f83c36df057,KXMICHCOACH-26-CLEA,2025-12-20T16:40:29.000959Z,573.00,0.0700,0.9300,no
5f41fee5-d8d6-4b22-ce7e-b515ea15d917,KXMICHCOACH-26-CLEA,2025-12-20T16:34:51.370099Z,873.00,0.0700,0.9300,no
65c06f9c-55a8-6a64-34ba-3ea5b87cdb3a,KXMICHCOACH-26-CLEA,2025-12-20T16:25:05.400215Z,10.00,0.0900,0.9100,yes
85a82558-8258-5c4c-c88e-f062b68e5e5a,KXMICHCOACH-26-CLEA,2025-12-20T16:22:39.015028Z,185.00,0.0900,0.9100,yes
880608bf-f1b0-541c-61d0-04233ff997ca,KXMICHCOACH-26-CLEA,2025-12-20T16:21:18.37033Z,261.00,0.0900,0.9100,yes
9ad58148-25b8-6844-2e5a-ed57fee64b22,KXMICHCOACH-26-CLEA,2025-12-20T15:32:45.30992Z,969.00,0.0900,0.9100,yes
94438fa1-cca6-602b-161a-325fa639370f,KXMICHCOACH-26-CLEA,2025-12-20T15:32:45.30992Z,75.00,0.0900,0.9100,yes
5d4b2213-26fa-6acf-e0bd-89c0d303de4b,KXMICHCOACH-26-CLEA,2025-12-20T15:27:26.948129Z,75.00,0.0900,0.9100,yes
eb9342e6-afd5-4256-868d-9cfae7cd09af,KXMICHCOACH-26-CLEA,2025-12-20T15:08:47.226809Z,522.00,0.0900,0.9100,yes
0b8fef9b-0bf4-5f2d-70cf-f76e796ab6c4,KXMICHCOACH-26-CLEA,2025-12-20T15:07:29.446233Z,15.00,0.0500,0.9500,no
7041d257-ea05-4453-c322-28838686dcd0,KXMICHCOACH-26-CLEA,2025-12-20T14:51:26.130853Z,49.00,0.0900,0.9100,yes
6b8050c5-3058-4824-f835-292831eb3499,KXMICHCOACH-26-CLEA,2025-12-20T14:51:26.130853Z,1341.00,0.0900,0.9100,yes
568c1c3e-d70d-4d5a-ddeb-b5ccb9080c93,KXMICHCOACH-26-CLEA,2025-12-20T14:51:26.130853Z,348.00,0.0900,0.9100,yes
506bd1dc-ce04-5970-212e-28ebf7e2b785,KXMICHCOACH-26-CLEA,2025-12-20T14:28:58.896479Z,104.00,0.0900,0.9100,yes
512453c9-22a4-4064-8749-41cd4ede59a1,KXMICHCOACH-26-CLEA,2025-12-20T14:25:16.243226Z,261.00,0.0900,0.9100,yes
4b3806a8-5498-78d0-e3bb-124d8a647889,KXMICHCOACH-26-CLEA,2025-12-20T14:16:43.897482Z,52.00,0.0900,0.9100,yes
de60b23f-5b70-5770-30e2-0120f3f5d079,KXMICHCOACH-26-CLEA,2025-12-20T14:12:38.001474Z,6.00,0.0900,0.9100,yes
61d38b1a-20a8-779c-79e0-a4ac66b0bc19,KXMICHCOACH-26-CLEA,2025-12-20T14:12:36.955174Z,52.00,0.0900,0.9100,yes
36ddbd32-9641-4fec-d7ef-f228f9f7492b,KXMICHCOACH-26-CLEA,2025-12-20T14:04:38.529021Z,250.00,0.0800,0.9200,no
1c297e0e-e524-7e30-dbd8-a26cbc7d5611,KXMICHCOACH-26-CLEA,2025-12-20T13:55:58.101079Z,31.00,0.0900,0.9100,yes
09c98ba9-3634-59b0-0fe4-9aa1753756f5,KXMICHCOACH-26-CLEA,2025-12-20T13:47:50.849165Z,104.00,0.0900,0.9100,yes
f493f546-db00-5008-ce06-13a6150c62e1,KXMICHCOACH-26-CLEA,2025-12-20T13:47:40.942475Z,52.00,0.0900,0.9100,yes
f1259cf2-b5fb-4466-637f-2158e6054744,KXMICHCOACH-26-CLEA,2025-12-20T13:44:10.025061Z,219.00,0.0700,0.9300,no
6e01ef9a-b067-5d56-ce0a-6c281d7d8780,KXMICHCOACH-26-CLEA,2025-12-20T13:36:48.251595Z,46.00,0.0700,0.9300,no
fb46ee72-bd08-7f14-3feb-82a190da6881,KXMICHCOACH-26-CLEA,2025-12-20T13:35:15.244945Z,219.00,0.0900,0.9100,yes
a90f1a70-b742-4739-19a9-20cd62360424,KXMICHCOACH-26-CLEA,2025-12-20T13:23:39.133852Z,1386.00,0.0800,0.9200,yes
5a4d94cc-7b58-4a89-e196-d54ff4d5ca28,KXMICHCOACH-26-CLEA,2025-12-20T12:46:59.142682Z,4.00,0.0700,0.9300,yes
4c6e0cf5-5122-49fa-d76a-c9a1a82239ec,KXMICHCOACH-26-CLEA,2025-12-20T12:46:59.142682Z,800.00,0.0700,0.9300,yes
33956ce9-2c60-4b04-dd8e-aa7b5bfa9783,KXMICHCOACH-26-CLEA,2025-12-20T12:46:59.142682Z,1000.00,0.0700,0.9300,yes
1b120d5c-7fd6-42b3-f8df-e32c97b9700b,KXMICHCOACH-26-CLEA,2025-12-20T12:46:59.142682Z,54.00,0.0700,0.9300,yes
a89a6464-7984-4e71-fec6-d22302f6dc1d,KXMICHCOACH-26-CLEA,2025-12-20T12:45:44.694965Z,541.00,0.0600,0.9400,yes
982721d3-8469-405c-e210-73f7519c3087,KXMICHCOACH-26-CLEA,2025-12-20T12:45:44.694965Z,100.00,0.0600,0.9400,yes
9818395b-5037-4e64-e69d-185505a3e847,KXMICHCOACH-26-CLEA,2025-12-20T12:45:44.694965Z,4.00,0.0600,0.9400,yes
50f6aa25-0e0a-4784-dac3-8d44bbc82c9b,KXMICHCOACH-26-CLEA,2025-12-20T12:45:44.694965Z,3.00,0.0600,0.9400,yes
3cde2a2d-9cd0-4e09-d914-0702a1e3fa4e,KXMICHCOACH-26-CLEA,2025-12-20T12:45:44.694965Z,491.00,0.0600,0.9400,yes
01eb3184-e398-7849-2cc7-894f8e75e931,KXMICHCOACH-26-CLEA,2025-12-20T12:41:17.079508Z,312.00,0.0600,0.9400,yes
25ac7900-c63a-4966-f756-8efd49aa9433,KXMICHCOACH-26-CLEA,2025-12-20T08:57:24.559232Z,837.00,0.0300,0.9700,no
b1ec1c3f-8f19-7291-12f3-7c124660db4e,KXMICHCOACH-26-CLEA,2025-12-20T05:35:40.660466Z,37.00,0.0400,0.9600,no
403fa56c-735d-682d-a494-41199fa91f3f,KXMICHCOACH-26-CLEA,2025-12-20T05:29:35.920713Z,1000.00,0.0500,0.9500,yes
5c4361b9-6943-78d0-252a-2971dab21802,KXMICHCOACH-26-CLEA,2025-12-20T05:29:08.20239Z,402.00,0.0400,0.9600,yes
9dc0d3a8-940b-4f18-c31b-ba303ef41f0e,KXMICHCOACH-26-CLEA,2025-12-20T05:10:06.903627Z,10.00,0.0400,0.9600,yes
c40a931c-bfe1-545f-9b12-4bf2d5f86955,KXMICHCOACH-26-CLEA,2025-12-20T04:18:55.833208Z,83.00,0.0400,0.9600,yes
2e56efd9-1fcf-5c50-ae98-007521f6d0ba,KXMICHCOACH-26-CLEA,2025-12-20T04:18:55.833208Z,1088.00,0.0400,0.9600,yes
6da4b3d3-15ee-7b42-08eb-d66970e4c367,KXMICHCOACH-26-CLEA,2025-12-20T03:52:53.638962Z,139.00,0.0300,0.9700,no
7471572f-1026-57b6-d275-3df18b83086b,KXMICHCOACH-26-CLEA,2025-12-20T02:06:18.295188Z,58.00,0.0300,0.9700,no
04d5c609-1516-618e-9301-f2139663b90b,KXMICHCOACH-26-CLEA,2025-12-20T02:00:42.719534Z,23.00,0.0300,0.9700,no
d4ae16a6-3275-657b-c012-ca339f101ac9,KXMICHCOACH-26-CLEA,2025-12-20T01:52:22.609996Z,10.00,0.0400,0.9600,yes
c3f48a23-539e-4e06-55fa-d815b79f05a3,KXMICHCOACH-26-CLEA,2025-12-20T01:46:35.276776Z,2.00,0.0300,0.9700,no
becf33b3-07c6-4b92-aa29-3e0f3b61ad03,KXMICHCOACH-26-CLEA,2025-12-20T01:05:03.950522Z,2315.00,0.0300,0.9700,no
56eb183c-6e86-4ee4-9a41-be77b38dc5fa,KXMICHCOACH-26-CLEA,2025-12-20T01:05:03.950522Z,26.00,0.0300,0.9700,no
355550fe-b64d-5e23-2d99-261cdbd10339,KXMICHCOACH-26-CLEA,2025-12-19T23:51:16.983019Z,7.00,0.0400,0.9600,yes
8968c1a2-7fa4-63f1-0f4a-672c45dc75e5,KXMICHCOACH-26-CLEA,2025-12-19T22:49:27.369612Z,7.00,0.0600,0.9400,yes
fc1b6b23-39c4-47ec-7117-75f04b5f26cf,KXMICHCOACH-26-CLEA,2025-12-19T22:03:24.312715Z,4.00,0.0500,0.9500,yes
fb63f403-55f9-45ac-7999-422e1fa3e5e9,KXMICHCOACH-26-CLEA,2025-12-19T22:03:24.312715Z,325.00,0.0500,0.9500,yes
de9d5efa-444b-49f3-4bcc-fab6132c4c69,KXMICHCOACH-26-CLEA,2025-12-19T22:03:24.312715Z,8.00,0.0500,0.9500,yes
97ebf039-f485-48b4-4604-80cc793596cc,KXMICHCOACH-26-CLEA,2025-12-19T22:03:24.312715Z,1500.00,0.0500,0.9500,yes
807b0a2e-0472-486a-6aa9-9b32f9fcf117,KXMICHCOACH-26-CLEA,2025-12-19T22:03:24.312715Z,1000.00,0.0500,0.9500,yes
6c273d30-81ab-4752-590e-d6f0c069a296,KXMICHCOACH-26-CLEA,2025-12-19T22:03:24.312715Z,200.00,0.0500,0.9500,yes
3ccaa890-f862-4bca-5164-85fdfa8df88e,KXMICHCOACH-26-CLEA,2025-12-19T22:03:24.312715Z,200.00,0.0500,0.9500,yes
1f7f6f1d-adb7-4bd7-65d9-1117c58f8572,KXMICHCOACH-26-CLEA,2025-12-19T22:03:24.312715Z,1732.00,0.0500,0.9500,yes
1ab07b1a-5738-4036-6efd-bca16b48f86d,KXMICHCOACH-26-CLEA,2025-12-19T22:03:24.312715Z,322.00,0.0500,0.9500,yes
1781b61e-c315-4e53-4e84-def23fe29c83,KXMICHCOACH-26-CLEA,2025-12-19T22:03:24.312715Z,2000.00,0.0500,0.9500,yes
ffe7f648-0944-69f2-aead-f6ba81afb402,KXMICHCOACH-26-CLEA,2025-12-19T21:11:00.769813Z,164.00,0.0400,0.9600,yes
f28fb757-216c-65a5-888e-1212d1572541,KXMICHCOACH-26-CLEA,2025-12-19T21:11:00.769813Z,47.00,0.0400,0.9600,yes
64a0be2b-29fc-672a-900e-0ded68aa05d5,KXMICHCOACH-26-CLEA,2025-12-19T21:11:00.769813Z,1678.00,0.0500,0.9500,yes
2d727802-e51d-6e8f-8e68-b9abca2bbf3d,KXMICHCOACH-26-CLEA,2025-12-19T21:11:00.769813Z,28.00,0.0500,0.9500,yes
ff769f52-40eb-7206-40ed-c812de122d81,KXMICHCOACH-26-CLEA,2025-12-19T21:09:10.953346Z,1000.00,0.0300,0.9700,no
dd613ba4-6d0d-7072-6f46-a26241cb7548,KXMICHCOACH-26-CLEA,2025-12-19T21:09:10.953346Z,6.00,0.0300,0.9700,no
c1bb4dce-57af-7a23-471a-266c05b4715c,KXMICHCOACH-26-CLEA,2025-12-19T21:09:10.953346Z,127.00,0.0200,0.9800,no
5d2124cf-c7e8-7a28-7ff7-a12e0cd77854,KXMICHCOACH-26-CLEA,2025-12-19T21:09:10.953346Z,1000.00,0.0300,0.9700,no
2e651f5f-4028-7b1a-4c31-9e0b485d3bd8,KXMICHCOACH-26-CLEA,2025-12-19T21:09:10.953346Z,250.00,0.0300,0.9700,no
b910e106-8540-448a-81c1-8b3d3c2b3806,KXMICHCOACH-26-CLEA,2025-12-19T20:12:57.43265Z,234.00,0.0400,0.9600,yes
fa00d5a9-3aed-5525-2d9e-d2d56382f14d,KXMICHCOACH-26-CLEA,2025-12-19T19:15:50.853622Z,117.00,0.0400,0.9600,yes
e8ee3c58-cb82-57b6-13b1-092e168a9881,KXMICHCOACH-26-CLEA,2025-12-19T19:15:50.853622Z,1637.00,0.0400,0.9600,yes
36b866fd-2688-508a-28cb-1dd57e9bf95e,KXMICHCOACH-26-CLEA,2025-12-19T19:15:50.853622Z,541.00,0.0400,0.9600,yes
c0ff7d14-353a-54fa-6a37-d615d9660e65,KXMICHCOACH-26-CLEA,2025-12-19T18:44:33.476105Z,585.00,0.0400,0.9600,yes
c359b104-3fa9-44cb-bf36-af3918ef3d89,KXMICHCOACH-26-CLEA,2025-12-19T17:08:23.004529Z,37.00,0.0500,0.9500,yes
dd4b1c6e-19c0-6d11-e9e3-1358711e78bf,KXMICHCOACH-26-CLEA,2025-12-19T15:35:33.132458Z,12.00,0.0300,0.9700,no
d0bab9e9-3808-6edb-df61-9f36461ae5e9,KXMICHCOACH-26-CLEA,2025-12-19T15:35:33.132458Z,116.00,0.0300,0.9700,no
4fdf4ca1-f479-77ab-b4cd-a6d6d978c6cd,KXMICHCOACH-26-CLEA,2025-12-19T15:10:20.662273Z,93.00,0.0500,0.9500,yes
5401a618-8817-67d7-e8d7-8909b305ad68,KXMICHCOACH-26-CLEA,2025-12-19T14:17:22.826434Z,169.00,0.0200,0.9800,no
06b5f553-f5b7-6e14-c534-6b16764fea3f,KXMICHCOACH-26-CLEA,2025-12-19T14:17:22.826434Z,23.00,0.0300,0.9700,no
3cdd7b9b-82f5-6fdf-4b5f-2ae34f1e6681,KXMICHCOACH-26-CLEA,2025-12-19T11:47:17.49533Z,75.00,0.0500,0.9500,yes
7943bd5b-ae01-6317-1af3-e78cc18b96a9,KXMICHCOACH-26-CLEA,2025-12-19T06:24:46.284181Z,103.00,0.0500,0.9500,yes
bff8c851-b707-51ec-4703-b4f1f3197b53,KXMICHCOACH-26-CLEA,2025-12-19T06:19:06.520029Z,1.00,0.0300,0.9700,no
bf877ed1-4906-4adc-24a3-4478d835faeb,KXMICHCOACH-26-CLEA,2025-12-19T05:58:00.30691Z,45.00,0.0400,0.9600,yes
6d02b854-a28f-4313-1b68-d7a28a551a7a,KXMICHCOACH-26-CLEA,2025-12-19T05:58:00.30691Z,4800.00,0.0400,0.9600,yes
50721479-0525-4ed8-1d4b-098b48256f5d,KXMICHCOACH-26-CLEA,2025-12-19T05:58:00.30691Z,3438.00,0.0400,0.9600,yes
2521ccd5-d1ca-4d2d-0e6f-f392c6912d3c,KXMICHCOACH-26-CLEA,2025-12-19T05:58:00.30691Z,1000.00,0.0400,0.9600,yes
eb22db4b-db9b-77e7-75f1-d4dafcb53c44,KXMICHCOACH-26-CLEA,2025-12-19T04:50:01.599396Z,59.00,0.0200,0.9800,no
001dbf59-7a11-7d0a-7dc4-923becd1ed0c,KXMICHCOACH-26-CLEA,2025-12-19T04:50:01.599396Z,3.00,0.0300,0.9700,no
680fb6d7-f442-6093-e313-7f8963edbc92,KXMICHCOACH-26-CLEA,2025-12-19T04:18:15.42351Z,400.00,0.0300,0.9700,no
3159d499-7f72-629f-c38c-1176f89ba810,KXMICHCOACH-26-CLEA,2025-12-19T04:18:15.42351Z,6.00,0.0300,0.9700,no
1b305c18-f71b-6597-e26d-93b2a9b3257c,KXMICHCOACH-26-CLEA,2025-12-19T04:18:15.42351Z,94.00,0.0200,0.9800,no
2db21ad5-98cd-7704-1eb4-8315a8d7bed9,KXMICHCOACH-26-CLEA,2025-12-19T02:56:28.248624Z,100.00,0.0400,0.9600,yes
a3dbbb26-e835-6960-c401-67798ea481ed,KXMICHCOACH-26-CLEA,2025-12-19T02:48:50.205545Z,25.00,0.0400,0.9600,yes
1eee859a-cc95-4ea0-6223-c0d835e784ad,KXMICHCOACH-26-CLEA,2025-12-19T02:43:50.048819Z,23.00,0.0400,0.9600,yes
d0218465-0f89-7124-3287-5286153750a5,KXMICHCOACH-26-CLEA,2025-12-19T02:04:00.523579Z,234.00,0.0400,0.9600,yes
957cfdeb-1a7d-55d0-5a68-c3e777bbb159,KXMICHCOACH-26-CLEA,2025-12-19T01:22:38.889313Z,59.00,0.0400,0.9600,yes
aa9fcdca-42a1-7594-6aaf-ed8d69f178dd,KXMICHCOACH-26-CLEA,2025-12-19T01:21:10.425059Z,69.00,0.0400,0.9600,yes
67a2b6b3-20dd-5e00-29bb-ab33e9b017a5,KXMICHCOACH-26-CLEA,2025-12-19T01:08:52.592238Z,23.00,0.0400,0.9600,yes
7d8f3f57-3451-5e90-a9f6-70a3b3667c6d,KXMICHCOACH-26-CLEA,2025-12-19T00:48:48.431054Z,46.00,0.0400,0.9600,yes
d9ce6973-652b-690a-9e36-b3f2437c10ee,KXMICHCOACH-26-CLEA,2025-12-19T00:30:49.228516Z,100.00,0.0300,0.9700,no
862b81ae-b6ec-68c4-952e-92ff950b467c,KXMICHCOACH-26-CLEA,2025-12-19T00:30:49.228516Z,11.00,0.0300,0.9700,no
1f41a173-7bda-6d2b-905f-4dbc220a896d,KXMICHCOACH-26-CLEA,2025-12-19T00:30:49.228516Z,100.00,0.0300,0.9700,no
02326a14-1c0c-6f97-bfc1-f2555738e2e5,KXMICHCOACH-26-CLEA,2025-12-19T00:30:49.228516Z,550.00,0.0300,0.9700,no
fb4fafd1-53c8-6163-719b-0401dc5f04dd,KXMICHCOACH-26-CLEA,2025-12-19T00:09:24.643337Z,187.00,0.0300,0.9700,no
9a5a20fb-d2e1-7748-60a9-393b6e026149,KXMICHCOACH-26-CLEA,2025-12-18T22:15:35.377742Z,50.00,0.0400,0.9600,yes
a740bd5b-e551-4fbc-1b57-047a2c0c4aa9,KXMICHCOACH-26-CLEA,2025-12-18T22:13:13.30127Z,117.00,0.0400,0.9600,yes
2981cc2c-d460-6073-08af-f4fc83e4202d,KXMICHCOACH-26-CLEA,2025-12-18T21:01:38.964355Z,31.00,0.0300,0.9700,no
4ad6e04e-ed7d-55c4-bbb8-79612cd5be39,KXMICHCOACH-26-CLEA,2025-12-18T20:12:23.290988Z,2299.00,0.0400,0.9600,yes
d2b78fab-26c5-4415-e638-e00083a1f175,KXMICHCOACH-26-CLEA,2025-12-18T19:56:47.110503Z,2107.00,0.0300,0.9700,no
3e882373-ed58-41a3-c902-e161343c9151,KXMICHCOACH-26-CLEA,2025-12-18T19:56:47.110503Z,232.00,0.0300,0.9700,no
3e920a2f-948d-7e88-8478-2c591318d039,KXMICHCOACH-26-CLEA,2025-12-18T19:51:42.749757Z,50.00,0.0400,0.9600,yes
b32617f7-4f31-6ebc-991d-095b873e0101,KXMICHCOACH-26-CLEA,2025-12-18T19:43:03.268455Z,100.00,0.0400,0.9600,yes
7479e4d4-a299-4dac-de0a-54c6ce752ef5,KXMICHCOACH-26-CLEA,2025-12-18T19:32:57.749719Z,25.00,0.0400,0.9600,yes
9df41432-45af-703f-f6b9-96ad787ce989,KXMICHCOACH-26-CLEA,2025-12-18T19:13:52.993041Z,325.00,0.0300,0.9700,no
37a9f785-6a51-7039-d434-d9499ff03815,KXMICHCOACH-26-CLEA,2025-12-18T19:13:52.993041Z,893.00,0.0300,0.9700,no
05a2fb81-4be8-679a-b695-407a664571f1,KXMICHCOACH-26-CLEA,2025-12-18T18:53:55.659986Z,8.00,0.0400,0.9600,no
4d21555d-2a0d-48cf-7c43-0b0445908271,KXMICHCOACH-26-CLEA,2025-12-18T18:27:27.899572Z,10.00,0.0500,0.9500,yes
211381c2-e2bd-7b93-fb20-b067ea6a4761,KXMICHCOACH-26-CLEA,2025-12-18T16:05:58.685663Z,3.00,0.0500,0.9500,yes
4bbfed30-db8d-71d3-d349-e6d1ea417145,KXMICHCOACH-26-CLEA,2025-12-18T15:36:33.774265Z,90.00,0.0500,0.9500,yes
d7034401-31b9-6da7-c010-a3f042f78db5,KXMICHCOACH-26-CLEA,2025-12-18T15:23:05.029978Z,56.00,0.0500,0.9500,yes
9a36dfb6-23de-4365-c193-421b10b2d7fe,KXMICHCOACH-26-CLEA,2025-12-18T14:15:20.741655Z,5.00,0.0500,0.9500,no
ae3aeb1a-36a4-63cd-7d57-0adaf8515d91,KXMICHCOACH-26-CLEA,2025-12-18T12:28:07.438659Z,1.00,0.0600,0.9400,yes
adf5b023-2210-7299-af77-935afcb032a9,KXMICHCOACH-26-CLEA,2025-12-18T11:20:09.544343Z,406.00,0.0600,0.9400,yes
3dfa7306-851c-4df5-eb8f-6e6e5607e5c1,KXMICHCOACH-26-CLEA,2025-12-18T07:45:43.944963Z,13.00,0.0600,0.9400,yes
b9143e66-5924-43b5-8d60-3f449a074fc5,KXMICHCOACH-26-CLEA,2025-12-18T07:14:24.628047Z,31.00,0.0600,0.9400,yes
454dee66-e8f4-58d5-1df0-010ac68564ad,KXMICHCOACH-26-CLEA,2025-12-18T07:14:13.29317Z,15.00,0.0600,0.9400,yes
33563ae7-6cac-5f02-b0de-ceb6283db85d,KXMICHCOACH-26-CLEA,2025-12-18T06:29:11.271491Z,15.00,0.0400,0.9600,no
0fd9b557-e61c-57f5-aacd-affed9ff0a0d,KXMICHCOACH-26-CLEA,2025-12-18T05:25:09.228876Z,78.00,0.0600,0.9400,yes
dca1b45a-1848-67e9-9374-f93f64294c91,KXMICHCOACH-26-CLEA,2025-12-18T03:20:54.958047Z,124.00,0.0600,0.9400,yes
69e3b352-0e50-6a19-7602-b6808c6a1c85,KXMICHCOACH-26-CLEA,2025-12-18T03:03:51.253047Z,156.00,0.0600,0.9400,yes
d59fdd26-2700-4eed-1074-2cc131dffb31,KXMICHCOACH-26-CLEA,2025-12-18T02:56:12.527438Z,37.00,0.0600,0.9400,yes
d042b11f-2b0c-7c46-b5fb-58389b928d51,KXMICHCOACH-26-CLEA,2025-12-18T02:01:19.802677Z,2000.00,0.0500,0.9500,no
0e77c163-4892-7cf6-81d8-9837739e37e9,KXMICHCOACH-26-CLEA,2025-12-18T02:01:19.802677Z,548.00,0.0400,0.9600,no
b38e67d1-9814-7b00-c45c-0601bb2e5e2e,KXMICHCOACH-26-CLEA,2025-12-18T02:00:14.632681Z,878.00,0.0500,0.9500,yes
f7b30e84-8b54-7520-74fc-eeb35bd75392,KXMICHCOACH-26-CLEA,2025-12-18T01:46:27.70374Z,122.00,0.0500,0.9500,yes
db98f9ac-7394-7e4d-725f-ac754beb1f5f,KXMICHCOACH-26-CLEA,2025-12-18T01:46:27.70374Z,239.00,0.0500,0.9500,yes
8b05eb0f-8537-72a9-4153-351afb45d47c,KXMICHCOACH-26-CLEA,2025-12-18T01:46:27.70374Z,1000.00,0.0500,0.9500,yes
5aa98d6c-504a-7833-6adb-5bd24b8126cc,KXMICHCOACH-26-CLEA,2025-12-18T01:46:27.70374Z,3000.00,0.0500,0.9500,yes
122c4d93-3241-787e-6f10-81d5f0dcc7d0,KXMICHCOACH-26-CLEA,2025-12-18T01:46:27.70374Z,200.00,0.0500,0.9500,yes
11b708f5-c1be-7500-54c5-034a57da6fa5,KXMICHCOACH-26-CLEA,2025-12-18T01:46:27.70374Z,39.00,0.0500,0.9500,yes
d373e203-abe8-72a9-9f8f-9e09557c5687,KXMICHCOACH-26-CLEA,2025-12-18T01:38:42.365433Z,93.00,0.0500,0.9500,yes
c40e50e3-60cb-5697-58a7-2c2862b45830,KXMICHCOACH-26-CLEA,2025-12-18T01:05:08.525344Z,381.00,0.0200,0.9800,no
6316234f-957d-50ba-65c2-91091fdddee8,KXMICHCOACH-26-CLEA,2025-12-18T01:05:08.525344Z,6.00,0.0300,0.9700,no
252596e4-39db-5171-48f6-037e8af89491,KXMICHCOACH-26-CLEA,2025-12-18T01:05:08.525344Z,16.00,0.0200,0.9800,no
8f5dd58c-5cbf-7cf1-85f4-c4243b7cf925,KXMICHCOACH-26-CLEA,2025-12-18T01:00:51.930778Z,2012.00,0.0200,0.9800,no
34d2cf04-3ad8-7dba-8d2b-d10b8b2c040c,KXMICHCOACH-26-CLEA,2025-12-18T01:00:51.930778Z,122.00,0.0400,0.9600,no
1cfb5f8d-f513-792c-8d64-1af03acf785b,KXMICHCOACH-26-CLEA,2025-12-18T01:00:51.930778Z,974.00,0.0300,0.9700,no
19199597-aae9-7514-8e46-8c2d3d8bad66,KXMICHCOACH-26-CLEA,2025-12-18T01:00:51.930778Z,13.00,0.0300,0.9700,no
a3988687-a2c2-41d9-ce79-b4e932f21756,KXMICHCOACH-26-CLEA,2025-12-18T00:43:58.086069Z,26.00,0.0300,0.9700,no
8402cf31-6ec4-4776-d3a0-314a02d40d70,KXMICHCOACH-26-CLEA,2025-12-18T00:43:58.086069Z,1480.00,0.0300,0.9700,no
25f7f319-5c17-4f98-d684-7fce9fc0f697,KXMICHCOACH-26-CLEA,2025-12-18T00:43:58.086069Z,26.00,0.0300,0.9700,no
7e8d4779-b0ac-7ff5-de61-5c0976f2d62b,KXMICHCOACH-26-CLEA,2025-12-18T00:15:36.935827Z,68.00,0.0500,0.9500,yes
73f39d7e-47d0-4d61-c66d-fe934e751b23,KXMICHCOACH-26-CLEA,2025-12-18T00:11:55.029503Z,100.00,0.0500,0.9500,yes
5d6a0fd6-85b7-4d7d-f541-d4e6c7c7cd27,KXMICHCOACH-26-CLEA,2025-12-18T00:11:55.029503Z,106.00,0.0500,0.9500,yes
ecf76987-9263-5c11-4f90-33c88a31fb63,KXMICHCOACH-26-CLEA,2025-12-17T23:53:00.198665Z,428.00,0.0500,0.9500,yes
e7879301-411f-4cc1-465b-e067f8d1a36f,KXMICHCOACH-26-CLEA,2025-12-17T23:46:58.240936Z,1688.00,0.0500,0.9500,yes
d7b0122d-10e0-4450-5420-061505154b8d,KXMICHCOACH-26-CLEA,2025-12-17T23:46:58.240936Z,1495.00,0.0500,0.9500,yes
d5b3057f-76a6-43bd-5e48-40d6cde70c56,KXMICHCOACH-26-CLEA,2025-12-17T23:46:58.240936Z,1000.00,0.0500,0.9500,yes
a59fdc7b-867a-409a-5583-07dd479b87ee,KXMICHCOACH-26-CLEA,2025-12-17T23:46:58.240936Z,210.00,0.0500,0.9500,yes
2e94705a-0dff-4257-5c69-de114de35d07,KXMICHCOACH-26-CLEA,2025-12-17T23:46:58.240936Z,207.00,0.0500,0.9500,yes
7572b215-7037-7daf-1d33-65a085658b67,KXMICHCOACH-26-CLEA,2025-12-17T23:27:46.701101Z,9.00,0.0500,0.9500,yes
dc39f07e-83b7-506b-305f-3992b60c1263,KXMICHCOACH-26-CLEA,2025-12-17T22:42:06.946434Z,184.00,0.0500,0.9500,yes
eb8c4f05-4018-5b58-681f-9dc547278be1,KXMICHCOACH-26-CLEA,2025-12-17T20:22:09.813695Z,5.00,0.0400,0.9600,yes
a2843922-b78e-5898-6816-78bdf45474ce,KXMICHCOACH-26-CLEA,2025-12-17T20:22:09.813695Z,57.00,0.0400,0.9600,yes
18b91ad8-9f16-5787-745b-4d5c36c019cb,KXMICHCOACH-26-CLEA,2025-12-17T20:22:09.813695Z,38.00,0.0400,0.9600,yes
c1147154-1f94-729e-e23a-8498f4597fc8,KXMICHCOACH-26-CLEA,2025-12-17T19:18:55.565867Z,220.00,0.0300,0.9700,no
29d41fef-5447-79e8-edf8-4f6e97e87516,KXMICHCOACH-26-CLEA,2025-12-17T19:18:55.565867Z,13.00,0.0300,0.9700,no
9bf31556-3a36-6814-2c9f-15bf3cb9ce8a,KXMICHCOACH-26-CLEA,2025-12-17T19:18:43.952893Z,93.00,0.0400,0.9600,yes
a73e1f59-9206-7293-4b3c-63b300f58a9f,KXMICHCOACH-26-CLEA,2025-12-17T18:24:15.370952Z,1.00,0.0400,0.9600,no
230eaac6-cab8-5301-64be-097ec91cd0e9,KXMICHCOACH-26-CLEA,2025-12-17T18:17:10.911626Z,156.00,0.0600,0.9400,yes
e662995b-ed9a-6fdb-f5d4-15d54300eb92,KXMICHCOACH-26-CLEA,2025-12-17T18:05:33.044447Z,1000.00,0.0500,0.9500,no
dd56a2e4-43d7-650d-d9a9-e9ddfc7d67c9,KXMICHCOACH-26-CLEA,2025-12-17T18:05:33.044447Z,1879.00,0.0200,0.9800,no
c9697419-397e-6a93-cdb9-7c04c3e85e17,KXMICHCOACH-26-CLEA,2025-12-17T18:05:33.044447Z,500.00,0.0300,0.9700,no
c3b61f5f-c64d-6f2b-d0e8-b94625425a3b,KXMICHCOACH-26-CLEA,2025-12-17T18:05:33.044447Z,5.00,0.0300,0.9700,no
895daf69-26bd-6205-d7ec-4aa96fb28eae,KXMICHCOACH-26-CLEA,2025-12-17T18:05:33.044447Z,1000.00,0.0400,0.9600,no
6bd31f5e-ad1a-6ab2-ef20-be8a59e46178,KXMICHCOACH-26-CLEA,2025-12-17T18:05:33.044447Z,27.00,0.0300,0.9700,no
4c06b779-7713-6ea7-dad5-5f2fcc4cf8c3,KXMICHCOACH-26-CLEA,2025-12-17T18:05:33.044447Z,1000.00,0.0400,0.9600,no
3a9d0b6d-e363-6e56-e9f1-0c5c6e92d4a9,KXMICHCOACH-26-CLEA,2025-12-17T18:05:33.044447Z,1000.00,0.0300,0.9700,no
37965325-c272-64ca-fe75-bb59332591a8,KXMICHCOACH-26-CLEA,2025-12-17T18:05:33.044447Z,2881.00,0.0300,0.9700,no
2e4b01d4-019c-6874-fa55-84a1b8a66477,KXMICHCOACH-26-CLEA,2025-12-17T18:05:33.044447Z,1111.00,0.0400,0.9600,no
111192f1-6764-4cad-2840-8fb9f939efb1,KXMICHCOACH-26-CLEA,2025-12-17T17:58:22.468772Z,29.00,0.0600,0.9400,yes
0eca6192-67d7-5465-f667-fa642c0ad4d6,KXMICHCOACH-26-CLEA,2025-12-17T16:45:33.575093Z,233.00,0.0500,0.9500,yes
86e59aa6-8ca7-6875-eabd-bc0075605bfe,KXMICHCOACH-26-CLEA,2025-12-17T16:31:04.652096Z,403.00,0.0500,0.9500,yes
b0875a95-564f-6045-ed5a-b9b6f7441cda,KXMICHCOACH-26-CLEA,2025-12-17T16:25:46.318978Z,375.00,0.0500,0.9500,yes
ba83fa5b-15a7-44a1-9baf-0fceb6a71596,KXMICHCOACH-26-CLEA,2025-12-17T16:21:16.273782Z,489.00,0.0500,0.9500,yes
4a85d49a-afe4-41c3-8f2c-7d955a47ed96,KXMICHCOACH-26-CLEA,2025-12-17T16:21:16.273782Z,186.00,0.0500,0.9500,yes
ffb6d30a-4a3c-6d5b-3e90-2f1c9942d33a,KXMICHCOACH-26-CLEA,2025-12-17T15:49:16.424744Z,375.00,0.0500,0.9500,yes
ed006cea-69d4-6b57-711d-af58d9d22212,KXMICHCOACH-26-CLEA,2025-12-17T15:13:28.726681Z,186.00,0.0500,0.9500,yes
80ac2f2d-428a-41e6-9398-babcd02755dc,KXMICHCOACH-26-CLEA,2025-12-17T14:08:55.89231Z,19.00,0.0300,0.9700,no
8db61976-bd84-6dfb-bb02-6b29ddbb301e,KXMICHCOACH-26-CLEA,2025-12-17T13:53:16.387587Z,562.00,0.0500,0.9500,yes
ac0d60c8-381c-663b-334c-a4e215ae7302,KXMICHCOACH-26-CLEA,2025-12-17T13:35:40.089858Z,93.00,0.0500,0.9500,yes
faa5df43-2cd0-5c5b-28eb-24c6528157be,KXMICHCOACH-26-CLEA,2025-12-17T13:05:34.802518Z,598.00,0.0500,0.9500,yes
64d47a22-2f76-5c3c-0daf-f91f5f9929b0,KXMICHCOACH-26-CLEA,2025-12-17T13:05:34.802518Z,58.00,0.0500,0.9500,yes
46754de2-bac6-56e8-029f-fbcd22f141b4,KXMICHCOACH-26-CLEA,2025-12-17T11:28:32.636134Z,25.00,0.0500,0.9500,yes
b031c814-098e-4504-8279-2fc852350b6c,KXMICHCOACH-26-CLEA,2025-12-17T07:16:35.596294Z,117.00,0.0500,0.9500,yes
eafaa934-e2d8-46c1-6857-8c7d091fb5e1,KXMICHCOACH-26-CLEA,2025-12-17T06:01:17.55411Z,276.00,0.0600,0.9400,yes
e8fdb949-d00e-4945-4a29-adfaf00e39e7,KXMICHCOACH-26-CLEA,2025-12-17T06:01:17.55411Z,4.00,0.0400,0.9600,yes
d5c7178b-5e74-42bc-6cc1-7bb13ec0e7f6,KXMICHCOACH-26-CLEA,2025-12-17T06:01:17.55411Z,152.00,0.0400,0.9600,yes
67a2c74f-b287-4d15-7686-04ab379da0ee,KXMICHCOACH-26-CLEA,2025-12-17T06:01:17.55411Z,12.00,0.0500,0.9500,yes
2ba0c544-8e7c-6da8-25a7-559cf928932e,KXMICHCOACH-26-CLEA,2025-12-17T05:04:45.791358Z,14.00,0.0400,0.9600,yes
e6bde6fc-7a10-687c-a4e4-abd2e3916682,KXMICHCOACH-26-CLEA,2025-12-17T04:59:25.386995Z,34.00,0.0400,0.9600,yes
38dc2791-4262-6892-8ab8-47472d2b3f0d,KXMICHCOACH-26-CLEA,2025-12-17T04:59:25.386995Z,200.00,0.0400,0.9600,yes
b01f183c-9386-43c2-a045-3b0679dcd2e1,KXMICHCOACH-26-CLEA,2025-12-17T04:55:22.175403Z,600.00,0.0400,0.9600,yes
16b5f134-5a2e-641e-4746-621912bd5099,KXMICHCOACH-26-CLEA,2025-12-17T04:49:54.734773Z,234.00,0.0400,0.9600,yes
58cc4d15-6112-443e-c8d3-04a44a29b5b9,KXMICHCOACH-26-CLEA,2025-12-17T04:41:29.19603Z,117.00,0.0400,0.9600,yes
c6b4fc09-52fe-6e5e-25a7-d57528ee6ba9,KXMICHCOACH-26-CLEA,2025-12-17T04:34:58.819466Z,58.00,0.0400,0.9600,yes
344bc08c-334e-7146-e94a-3b12f6065c35,KXMICHCOACH-26-CLEA,2025-12-17T03:59:39.633223Z,117.00,0.0400,0.9600,yes
65015546-572e-571a-a03b-4df4eef7761d,KXMICHCOACH-26-CLEA,2025-12-17T03:58:40.620391Z,36.00,0.0400,0.9600,yes
87a0528d-fc66-6b52-2d35-1c40f9dd906d,KXMICHCOACH-26-CLEA,2025-12-17T03:57:23.848937Z,46.00,0.0400,0.9600,yes
02ceed5f-2f1e-4df6-b4a0-42e2bb988589,KXMICHCOACH-26-CLEA,2025-12-17T03:46:03.345933Z,234.00,0.0400,0.9600,yes
a182fe86-f332-7002-77ac-22290c9a2559,KXMICHCOACH-26-CLEA,2025-12-17T03:32:17.36082Z,234.00,0.0400,0.9600,yes
a3c6205a-2548-5fe2-f391-5cb91f2aef3b,KXMICHCOACH-26-CLEA,2025-12-17T03:17:49.903141Z,110.00,0.0400,0.9600,yes
227cfd1f-7a8a-5352-ddde-44780214eaf5,KXMICHCOACH-26-CLEA,2025-12-17T03:17:49.903141Z,124.00,0.0400,0.9600,yes
9c7c402b-e3f8-671e-e5ce-78b72f28b283,KXMICHCOACH-26-CLEA,2025-12-17T02:42:32.952096Z,210.00,0.0400,0.9600,yes
5810851a-2432-68fa-5fa3-b9da85f8f8dc,KXMICHCOACH-26-CLEA,2025-12-17T01:40:37.977213Z,1996.00,0.0300,0.9700,no
69989281-a2c6-553a-b25b-079432aa43e8,KXMICHCOACH-26-CLEA,2025-12-17T00:28:51.462733Z,104.00,0.0300,0.9700,no
f2ec00c8-c7cc-695a-8f64-53b2fe5b4b63,KXMICHCOACH-26-CLEA,2025-12-17T00:06:04.43854Z,400.00,0.0400,0.9600,yes
d8787525-a5dc-5e4e-c0a4-84609c0aaf63,KXMICHCOACH-26-CLEA,2025-12-16T23:55:53.780092Z,234.00,0.0400,0.9600,yes
ebc38fd9-1d1c-562e-31a3-85cc36af4bb7,KXMICHCOACH-26-CLEA,2025-12-16T22:46:44.692667Z,46.00,0.0400,0.9600,yes
f191aaab-054e-5ed8-0832-e4c9db99bf6c,KXMICHCOACH-26-CLEA,2025-12-16T22:42:47.223337Z,1996.00,0.0300,0.9700,yes
cfe63a5d-4c1e-4790-a27f-19cfe716a1e8,KXMICHCOACH-26-CLEA,2025-12-16T22:32:29.478226Z,4.00,0.0300,0.9700,yes
782d0811-d60d-4c85-a52a-c3419cdaca12,KXMICHCOACH-26-CLEA,2025-12-16T22:32:29.478226Z,487.00,0.0300,0.9700,yes
725091f5-103c-4e3f-818b-3b09b044de9f,KXMICHCOACH-26-CLEA,2025-12-16T22:32:29.478226Z,300.00,0.0300,0.9700,yes
41ece2f7-0ffb-4db5-b9b4-60ee6ae5214c,KXMICHCOACH-26-CLEA,2025-12-16T22:32:29.478226Z,2000.00,0.0300,0.9700,yes
220de765-1866-40b6-ac86-03d354014ff2,KXMICHCOACH-26-CLEA,2025-12-16T22:32:29.478226Z,300.00,0.0300,0.9700,yes
0f653572-422a-48e2-99b4-850b38facfce,KXMICHCOACH-26-CLEA,2025-12-16T22:32:29.478226Z,30.00,0.0300,0.9700,yes
2714bcd7-f6df-50cd-3940-b21f17ec2ec9,KXMICHCOACH-26-CLEA,2025-12-16T21:56:00.18402Z,345.00,0.0200,0.9800,no
17f10515-8ecd-6b11-7cf0-a97e578e6fa6,KXMICHCOACH-26-CLEA,2025-12-16T21:55:16.885977Z,100.00,0.0300,0.9700,yes
2e6efa3d-3dcd-6315-39fe-7232e44c344a,KXMICHCOACH-26-CLEA,2025-12-16T21:49:57.337402Z,156.00,0.0300,0.9700,yes
95b4801a-3581-61dd-9377-5f4e1a23e34e,KXMICHCOACH-26-CLEA,2025-12-16T21:25:47.738724Z,4682.00,0.0300,0.9700,yes
3942efaf-88c7-65ad-c1d3-8bf8ff4b17b1,KXMICHCOACH-26-CLEA,2025-12-16T21:06:05.456019Z,31.00,0.0200,0.9800,no
f5af10d6-38e1-5119-8e96-13cc348a9e42,KXMICHCOACH-26-CLEA,2025-12-16T21:03:42.830452Z,1030.00,0.0300,0.9700,yes
fd658ae2-75e3-7895-3880-2b9088ae0725,KXMICHCOACH-26-CLEA,2025-12-16T20:56:47.34748Z,717.00,0.0200,0.9800,no
cde2e1d3-c1f1-7d1e-15f2-a228817213f0,KXMICHCOACH-26-CLEA,2025-12-16T20:56:47.34748Z,1283.00,0.0200,0.9800,no
79cfaa48-1305-5dad-fa03-bc131b8914b2,KXMICHCOACH-26-CLEA,2025-12-16T20:36:04.682446Z,200.00,0.0300,0.9700,yes
cf43b647-b08b-7ed9-7995-3692d67474af,KXMICHCOACH-26-CLEA,2025-12-16T20:11:02.135557Z,11.00,0.0300,0.9700,no
849f638a-1c9f-5a8c-044a-df62888a3c42,KXMICHCOACH-26-CLEA,2025-12-16T19:45:12.027691Z,500.00,0.0300,0.9700,no
7b07d418-7ebc-4045-ddbc-306e80b6f821,KXMICHCOACH-26-CLEA,2025-12-16T19:26:01.53543Z,25.00,0.0600,0.9400,yes
d1b60083-30a0-7bb9-fa34-31d3c0113f65,KXMICHCOACH-26-CLEA,2025-12-16T19:24:01.415765Z,15.00,0.0600,0.9400,yes
a46af885-b259-768c-07c1-5fb29c037ebb,KXMICHCOACH-26-CLEA,2025-12-16T18:36:53.831776Z,188.00,0.0400,0.9600,yes
f5303c9c-a9c3-6ea8-c253-627dde8fc3e5,KXMICHCOACH-26-CLEA,2025-12-16T18:36:01.927605Z,1000.00,0.0400,0.9600,no
712acc64-5f3b-691f-c3f2-dfabcf637207,KXMICHCOACH-26-CLEA,2025-12-16T18:36:01.927605Z,22.00,0.0400,0.9600,no
c6a92d50-51f8-546d-1ab0-3a42429dbb3f,KXMICHCOACH-26-CLEA,2025-12-16T18:17:39.755458Z,133.00,0.0600,0.9400,yes
9e308f2f-3ced-5b19-1902-f4cb0ccc11cc,KXMICHCOACH-26-CLEA,2025-12-16T18:17:39.755458Z,1500.00,0.0500,0.9500,yes
80fc6fbb-6c3f-5693-227d-89dd67d294ca,KXMICHCOACH-26-CLEA,2025-12-16T18:17:39.755458Z,200.00,0.0500,0.9500,yes
27a043b5-aaad-55f0-0f54-0243168a0252,KXMICHCOACH-26-CLEA,2025-12-16T18:17:39.755458Z,13.00,0.0600,0.9400,yes
c78a81e4-65cd-7416-6213-9f16de7378ab,KXMICHCOACH-26-CLEA,2025-12-16T17:50:38.238757Z,563.00,0.0400,0.9600,no
543b647d-792a-5a44-0125-dbd3418cba5d,KXMICHCOACH-26-CLEA,2025-12-16T16:04:41.497208Z,18.00,0.0500,0.9500,yes
925a0bea-2576-76d0-e09e-150036fae521,KXMICHCOACH-26-CLEA,2025-12-16T16:01:48.969817Z,468.00,0.0500,0.9500,yes
d14861c5-49d2-5820-e512-6d64aea55661,KXMICHCOACH-26-CLEA,2025-12-16T14:32:00.786112Z,50.00,0.0500,0.9500,yes
634528b1-efab-66cb-92ed-8a351ca1e6d5,KXMICHCOACH-26-CLEA,2025-12-16T12:06:57.331024Z,254.00,0.0500,0.9500,no
1470e245-a1ab-7c8f-6fb9-0e8c6b24c111,KXMICHCOACH-26-CLEA,2025-12-16T06:28:15.657386Z,35.00,0.0500,0.9500,no
76195711-373d-7ff0-207c-b7f2f480403f,KXMICHCOACH-26-CLEA,2025-12-16T05:40:44.671257Z,13.00,0.0700,0.9300,no
3a49aa7d-653d-7068-eb96-025ab6a484f4,KXMICHCOACH-26-CLEA,2025-12-16T05:07:21.655981Z,191.00,0.0800,0.9200,yes
3032b843-3553-7a1b-e094-6c22ab38e171,KXMICHCOACH-26-CLEA,2025-12-16T05:07:21.655981Z,1659.00,0.0800,0.9200,yes
2de18c5f-5cd4-720f-3dd4-edbf1e326a7b,KXMICHCOACH-26-CLEA,2025-12-16T05:05:45.920756Z,2220.00,0.0700,0.9300,yes
fd9e62a8-d099-4e6e-15ef-6d18d1c4c364,KXMICHCOACH-26-CLEA,2025-12-16T05:05:26.661296Z,2000.00,0.0600,0.9400,yes
bbe2a1f4-8dec-48c6-233c-57201ba82b0e,KXMICHCOACH-26-CLEA,2025-12-16T05:05:26.661296Z,639.00,0.0600,0.9400,yes
bdcd1185-5424-5d9a-3e72-0f34cc62002e,KXMICHCOACH-26-CLEA,2025-12-16T04:41:35.600337Z,312.00,0.0600,0.9400,yes
7fcc7eab-528c-7472-f5cc-1bdb4c8406c6,KXMICHCOACH-26-CLEA,2025-12-16T04:23:31.551315Z,15.00,0.0600,0.9400,yes
973648f1-e3b7-43c3-b6e0-bc9a4d59cd5d,KXMICHCOACH-26-CLEA,2025-12-16T03:11:56.720047Z,151.00,0.0500,0.9500,no
f6a579d0-51bb-5767-a07f-1a8e3dbcd939,KXMICHCOACH-26-CLEA,2025-12-16T03:01:32.765451Z,50.00,0.0500,0.9500,no
a29edb05-b59f-6f63-9390-9e5881649a7d,KXMICHCOACH-26-CLEA,2025-12-16T02:53:02.820086Z,500.00,0.0500,0.9500,no
941889ea-2cd8-6a06-d13c-994014d608ce,KXMICHCOACH-26-CLEA,2025-12-16T02:43:11.23166Z,34.00,0.0600,0.9400,yes
922b2a86-e9b7-4783-caa3-fbc987540819,KXMICHCOACH-26-CLEA,2025-12-16T02:14:01.051906Z,10.00,0.0500,0.9500,no
af8c8ea1-4e48-568f-80b6-3bcbbf90a9b3,KXMICHCOACH-26-CLEA,2025-12-16T01:40:18.915735Z,2.00,0.0700,0.9300,yes
5ad59b1d-c6a1-57fc-bb54-87c1fdf9ed90,KXMICHCOACH-26-CLEA,2025-12-16T01:22:45.337051Z,129.00,0.0800,0.9200,yes
ffb9ed37-a6c9-724d-7f84-95d9046b01e4,KXMICHCOACH-26-CLEA,2025-12-16T01:15:52.358676Z,20.00,0.0700,0.9300,no
fa514fd8-40b0-7843-5d0c-6aca33af4770,KXMICHCOACH-26-CLEA,2025-12-16T01:15:52.358676Z,13.00,0.0600,0.9400,no
b6805399-fa92-7342-4cb3-6822fbbd1970,KXMICHCOACH-26-CLEA,2025-12-16T01:15:52.358676Z,214.00,0.0600,0.9400,no
ac3e4cb3-428a-7062-4763-aba30bc202a6,KXMICHCOACH-26-CLEA,2025-12-16T01:15:52.358676Z,20.00,0.0700,0.9300,no
6d60e3af-f34e-7158-4343-248d8213c66e,KXMICHCOACH-26-CLEA,2025-12-16T01:15:52.358676Z,6.00,0.0800,0.9200,no
699db49c-7c86-758f-6087-5b0d799c67cb,KXMICHCOACH-26-CLEA,2025-12-16T01:15:52.358676Z,12.00,0.0800,0.9200,no
38d0a0b2-a222-7fa0-637e-3229718b4b14,KXMICHCOACH-26-CLEA,2025-12-16T01:15:52.358676Z,20.00,0.0700,0.9300,no
8635d5a4-3d3f-41de-a707-f1586e510ee3,KXMICHCOACH-26-CLEA,2025-12-16T01:15:17.800505Z,50.00,0.0900,0.9100,yes
8bf2954e-f5a2-60f4-bb65-181ba66b45cb,KXMICHCOACH-26-CLEA,2025-12-16T01:02:41.301851Z,188.00,0.1000,0.9000,yes
fefd74ad-2222-48dc-4656-b8b9ae5e77e7,KXMICHCOACH-26-CLEA,2025-12-16T01:01:44.340133Z,459.00,0.1000,0.9000,yes
e76bcb3a-29af-4a54-6ba7-0fd842f5ba85,KXMICHCOACH-26-CLEA,2025-12-16T01:01:44.340133Z,162.00,0.1000,0.9000,yes
d1f8bd3e-7276-463a-5475-1a038a5a059e,KXMICHCOACH-26-CLEA,2025-12-16T01:01:44.340133Z,1000.00,0.0900,0.9100,yes
0dff6796-3e34-43f2-6f81-d1d26b28bac6,KXMICHCOACH-26-CLEA,2025-12-16T01:01:44.340133Z,322.00,0.1000,0.9000,yes
8c51ad79-3115-747a-82ac-57568136ba3f,KXMICHCOACH-26-CLEA,2025-12-16T00:40:22.834413Z,2203.00,0.0900,0.9100,yes
76b3e011-a0cb-73a0-a6f3-52609920f161,KXMICHCOACH-26-CLEA,2025-12-16T00:40:22.834413Z,838.00,0.1000,0.9000,yes
07212336-2f3a-7d88-602f-3aa329fc693e,KXMICHCOACH-26-CLEA,2025-12-16T00:35:04.190298Z,7.00,0.0800,0.9200,no
54a396d7-055d-40c2-f6eb-f6b966a6f783,KXMICHCOACH-26-CLEA,2025-12-16T00:34:05.969431Z,10.00,0.0900,0.9100,yes
9f177b81-8483-7c93-4661-9c4e9b85caee,KXMICHCOACH-26-CLEA,2025-12-16T00:20:59.993171Z,11.00,0.0900,0.9100,yes
157e5353-a1b1-78ba-62ca-62ff3342d303,KXMICHCOACH-26-CLEA,2025-12-16T00:20:59.993171Z,9.00,0.0900,0.9100,yes
0d248543-dc21-74f2-595e-2f4dd7369350,KXMICHCOACH-26-CLEA,2025-12-16T00:11:43.222099Z,1000.00,0.0900,0.9100,yes
f0852c4a-b739-4e83-f972-6756450b0227,KXMICHCOACH-26-CLEA,2025-12-16T00:11:19.368985Z,1000.00,0.0800,0.9200,yes
e9328ce2-2735-45d2-d259-a1c30a26ac02,KXMICHCOACH-26-CLEA,2025-12-16T00:11:19.368985Z,200.00,0.0800,0.9200,yes
de41a8e7-39ef-4b19-f1d5-542a78d784a9,KXMICHCOACH-26-CLEA,2025-12-16T00:11:19.368985Z,183.00,0.0800,0.9200,yes
e99ff0fa-b1f4-70ea-690f-db70d999e365,KXMICHCOACH-26-CLEA,2025-12-16T00:11:07.064807Z,383.00,0.0700,0.9300,yes
e5cc01cc-6556-6e88-a8f9-430dbbb214b1,KXMICHCOACH-26-CLEA,2025-12-16T00:10:58.023677Z,16.00,0.0600,0.9400,yes
bde493f1-bd4f-68c0-bd8c-cc0b5f47af02,KXMICHCOACH-26-CLEA,2025-12-16T00:10:58.023677Z,1000.00,0.0600,0.9400,yes
8b25293c-0110-58a2-75fe-b9dc671d7f5d,KXMICHCOACH-26-CLEA,2025-12-16T00:10:44.560793Z,2222.00,0.0500,0.9500,yes
466bc5ec-7b94-5bf4-7d11-af97c6cec87e,KXMICHCOACH-26-CLEA,2025-12-16T00:10:44.560793Z,1000.00,0.0500,0.9500,yes
11b0af26-3d38-50fa-761c-5a79d5837ab5,KXMICHCOACH-26-CLEA,2025-12-16T00:10:44.560793Z,398.00,0.0500,0.9500,yes
338e4e91-58e5-5071-6587-b1a1641857fa,KXMICHCOACH-26-CLEA,2025-12-15T23:51:14.97847Z,26.00,0.0400,0.9600,no
b6527c18-25e1-401d-297a-d1c4d343a9af,KXMICHCOACH-26-CLEA,2025-12-15T23:51:06.684927Z,31.00,0.0400,0.9600,no
09e65cfd-8f55-4d42-d4d3-9e5e423f02f3,KXMICHCOACH-26-CLEA,2025-12-15T23:51:02.507087Z,143.00,0.0400,0.9600,no
98d77ec6-1eff-4d9d-615b-57a5763f2327,KXMICHCOACH-26-CLEA,2025-12-15T23:50:57.446857Z,152.00,0.0400,0.9600,no
d7cbf400-9d64-5aa7-c439-31200aabc137,KXMICHCOACH-26-CLEA,2025-12-15T23:49:45.089211Z,2000.00,0.0400,0.9600,yes
360d8d9b-f34b-54cf-ca83-6171b37ce698,KXMICHCOACH-26-CLEA,2025-12-15T23:49:45.089211Z,171.00,0.0400,0.9600,yes
24f6f8c6-17bb-5836-ffc2-55a58aee4acc,KXMICHCOACH-26-CLEA,2025-12-15T23:49:45.089211Z,3144.00,0.0400,0.9600,yes
df47076b-e3f7-64b0-72b2-1684088c9ae0,KXMICHCOACH-26-CLEA,2025-12-15T23:48:22.694745Z,32.00,0.0300,0.9700,yes
02e1837b-000f-617b-771f-5a31a191297f,KXMICHCOACH-26-CLEA,2025-12-15T23:48:22.694745Z,61.00,0.0300,0.9700,yes
5232694a-8cc3-4abf-8eba-c72e96aa6c27,KXMICHCOACH-26-CLEA,2025-12-15T23:47:38.892591Z,2100.00,0.0300,0.9700,yes
8da63682-1437-6022-382c-fb0f3359d40a,KXMICHCOACH-26-CLEA,2025-12-15T23:47:07.009355Z,61.00,0.0300,0.9700,no
fcec6f92-51b6-7db6-e2a5-aa82971dfba7,KXMICHCOACH-26-CLEA,2025-12-15T23:44:52.38036Z,1487.00,0.0400,0.9600,yes
e8ce8717-0734-7503-c803-bf8f80fafe11,KXMICHCOACH-26-CLEA,2025-12-15T23:44:52.38036Z,99.00,0.0300,0.9700,yes
51e89d65-0c3b-7bf2-d633-086d18473770,KXMICHCOACH-26-CLEA,2025-12-15T23:44:52.38036Z,440.00,0.0400,0.9600,yes
dbec2522-233f-7c07-4aad-e7c26d885828,KXMICHCOACH-26-CLEA,2025-12-15T23:42:24.646761Z,1.00,0.0300,0.9700,no
fad75694-59ee-624a-7bf6-d135e03b50ef,KXMICHCOACH-26-CLEA,2025-12-15T22:00:18.157303Z,23.00,0.0400,0.9600,yes
c2ba8f6c-170d-66dc-0844-8db9587f741a,KXMICHCOACH-26-CLEA,2025-12-15T21:49:25.980485Z,1.00,0.0300,0.9700,no
9a9edb42-c6d9-644e-2c0b-1caee8592ecc,KXMICHCOACH-26-CLEA,2025-12-15T21:49:25.980485Z,302.00,0.0200,0.9800,no
423e22ad-9163-6d04-129f-d8fcff454af5,KXMICHCOACH-26-CLEA,2025-12-15T21:49:25.980485Z,282.00,0.0300,0.9700,no
ced62905-7b9f-7764-c1aa-bb1e94d8ea99,KXMICHCOACH-26-CLEA,2025-12-15T21:20:01.848652Z,468.00,0.0300,0.9700,no
3f031d12-9a62-6f1a-520c-30c75afdfe63,KXMICHCOACH-26-CLEA,2025-12-15T21:14:22.264835Z,566.00,0.0400,0.9600,yes
c04ac258-778a-6d12-d422-562d7d4a6efb,KXMICHCOACH-26-CLEA,2025-12-15T20:07:31.282631Z,23.00,0.0400,0.9600,yes
3c5355f1-c4d9-4ba1-aa12-274a2d1a744d,KXMICHCOACH-26-CLEA,2025-12-15T19:55:22.281795Z,2.00,0.0300,0.9700,no
ae536569-eca2-6b26-05f5-b19d8dd4aa6f,KXMICHCOACH-26-CLEA,2025-12-15T19:02:43.097575Z,234.00,0.0400,0.9600,yes
8fa8a638-6fe2-6366-87b7-076b3bdffe37,KXMICHCOACH-26-CLEA,2025-12-15T18:41:58.061791Z,166.00,0.0400,0.9600,yes
ff53aa7b-3965-6010-f636-a29757d0fe90,KXMICHCOACH-26-CLEA,2025-12-15T18:18:48.995248Z,750.00,0.0300,0.9700,no
bde0cda5-5c89-662e-d628-d3fdbc20454c,KXMICHCOACH-26-CLEA,2025-12-15T18:18:48.995248Z,2415.00,0.0200,0.9800,no
a8ad1ad2-df0e-6fff-fed2-292bb3f59dd8,KXMICHCOACH-26-CLEA,2025-12-15T18:18:48.995248Z,4.00,0.0300,0.9700,no
a3b6090f-f27b-6b10-d9ef-6d9daf1792c7,KXMICHCOACH-26-CLEA,2025-12-15T18:18:48.995248Z,1000.00,0.0300,0.9700,no
28678faa-5eb5-6fbb-f9e4-e5e8857c0f03,KXMICHCOACH-26-CLEA,2025-12-15T18:18:48.995248Z,1624.00,0.0200,0.9800,no
fe8b0d64-0e5e-4bda-b70d-7fc6f26dac2f,KXMICHCOACH-26-CLEA,2025-12-15T17:57:57.426207Z,117.00,0.0400,0.9600,yes
51f2927f-140a-6f5e-166b-3ca7a6f5766f,KXMICHCOACH-26-CLEA,2025-12-15T17:55:55.209277Z,100.00,0.0400,0.9600,yes
eb278e44-4ff2-764e-b497-b3b0f3f4aabf,KXMICHCOACH-26-CLEA,2025-12-15T17:10:31.909288Z,93.00,0.0400,0.9600,yes
fd5e4c7e-43f2-5336-9f7e-e517629948a3,KXMICHCOACH-26-CLEA,2025-12-15T16:53:04.513717Z,117.00,0.0400,0.9600,yes
28a98f4a-30ea-68aa-b2d4-1a5c81ce1ddf,KXMICHCOACH-26-CLEA,2025-12-15T16:44:23.495625Z,4.00,0.0400,0.9600,yes
8b86fd1c-2dda-64ae-6090-6d26430bb393,KXMICHCOACH-26-CLEA,2025-12-15T16:20:19.235102Z,600.00,0.0400,0.9600,yes
f6058ad1-6f76-5dca-5024-4736f309bd44,KXMICHCOACH-26-CLEA,2025-12-15T16:04:25.813748Z,7.00,0.0300,0.9700,no
9981fb09-33ad-59cc-52ba-d725c5dcad23,KXMICHCOACH-26-CLEA,2025-12-15T16:04:25.813748Z,4.00,0.0300,0.9700,no
d3b36126-96ea-6556-58f0-273e4dba762f,KXMICHCOACH-26-CLEA,2025-12-15T16:00:13.043913Z,1045.00,0.0400,0.9600,yes
ff2b4f84-3e02-7662-0fc4-6a9b100cb23b,KXMICHCOACH-26-CLEA,2025-12-15T15:51:01.69425Z,100.00,0.0400,0.9600,yes
18273303-367a-594e-e307-aec42964e51f,KXMICHCOACH-26-CLEA,2025-12-15T15:29:13.986267Z,46.00,0.0400,0.9600,yes
e5a9b9fb-0853-5a43-8e41-8b23e4495120,KXMICHCOACH-26-CLEA,2025-12-15T15:18:47.302176Z,15.00,0.0300,0.9700,no
d38c7649-0339-5057-9ae0-141d2a643883,KXMICHCOACH-26-CLEA,2025-12-15T15:18:47.302176Z,995.00,0.0200,0.9800,no
d2a2f198-45dc-592e-8e2c-bc6f29499387,KXMICHCOACH-26-CLEA,2025-12-15T15:18:47.302176Z,4038.00,0.0300,0.9700,no
200f4d21-eea7-5a07-844e-0deda4c5b691,KXMICHCOACH-26-CLEA,2025-12-15T15:18:47.302176Z,300.00,0.0300,0.9700,no
c1fc37cd-2508-53a6-284a-cbb45ed2f37b,KXMICHCOACH-26-CLEA,2025-12-15T15:08:20.665989Z,962.00,0.0300,0.9700,no
98d6aa64-c93f-5e68-2ee5-a10707f2eb4e,KXMICHCOACH-26-CLEA,2025-12-15T15:08:20.665989Z,38.00,0.0300,0.9700,no
6b90ba46-e6a6-6f9e-2c51-6e30590c37af,KXMICHCOACH-26-CLEA,2025-12-15T13:35:40.40639Z,468.00,0.0400,0.9600,yes
5edd1840-3ebf-7214-ae08-675e22bd8f2e,KXMICHCOACH-26-CLEA,2025-12-15T12:48:17.754817Z,262.00,0.0300,0.9700,no
39f73e16-f5ca-7eea-c68b-bc5e7ee4cdaf,KXMICHCOACH-26-CLEA,2025-12-15T12:38:17.308686Z,18.00,0.0400,0.9600,yes
f7ef7111-63ec-5e5a-d0a0-393bbb0b59f0,KXMICHCOACH-26-CLEA,2025-12-15T07:09:27.149698Z,112.00,0.0400,0.9600,no
ef4734e5-106f-5d38-d3f1-34cee9a7b3db,KXMICHCOACH-26-CLEA,2025-12-15T07:09:27.149698Z,666.00,0.0400,0.9600,no
972d6ebe-021e-5021-fa55-ca4f147fba85,KXMICHCOACH-26-CLEA,2025-12-15T07:09:27.149698Z,100.00,0.0400,0.9600,no
7982ff23-ae07-55b6-cf3d-2fd2891c38e4,KXMICHCOACH-26-CLEA,2025-12-15T07:09:27.149698Z,51.00,0.0400,0.9600,no
583b220f-26c1-5559-f4bc-7b8b8e2cab60,KXMICHCOACH-26-CLEA,2025-12-15T07:09:27.149698Z,500.00,0.0400,0.9600,no
15ee2d68-6e89-5620-d4ac-9596f5789b93,KXMICHCOACH-26-CLEA,2025-12-15T07:09:27.149698Z,30.00,0.0400,0.9600,no
6fe8ef42-5d9b-42c2-4a0b-196f6d98e464,KXMICHCOACH-26-CLEA,2025-12-15T04:39:40.229263Z,104.00,0.0500,0.9500,yes
838e40c4-4894-41c1-1680-010fa314a39f,KXMICHCOACH-26-CLEA,2025-12-15T04:19:11.803979Z,200.00,0.0500,0.9500,no
2ba2b568-a59c-4326-1e06-6909806f07ec,KXMICHCOACH-26-CLEA,2025-12-15T04:19:11.803979Z,112.00,0.0500,0.9500,no
08d02f92-d3ea-790e-8a5c-f970c727f5a5,KXMICHCOACH-26-CLEA,2025-12-15T03:59:07.20585Z,134.00,0.0700,0.9300,yes
1476cf49-5f76-55e6-0844-15e7293509b5,KXMICHCOACH-26-CLEA,2025-12-15T03:40:56.345238Z,4.00,0.0700,0.9300,yes
bdcc5000-18cc-6e82-a1c3-571952c213a4,KXMICHCOACH-26-CLEA,2025-12-15T02:48:01.136105Z,288.00,0.0500,0.9500,no
1b752ee5-2edd-61dc-9529-f6882e13abce,KXMICHCOACH-26-CLEA,2025-12-15T02:48:01.136105Z,100.00,0.0600,0.9400,no
baa52174-272f-5ce5-869f-20ec2948d3f5,KXMICHCOACH-26-CLEA,2025-12-15T02:19:26.188591Z,58.00,0.0800,0.9200,yes
720ecf22-695f-5f99-5569-bdb00f64e3e9,KXMICHCOACH-26-CLEA,2025-12-15T02:00:41.372795Z,35.00,0.0800,0.9200,yes
63ae4717-42e0-4dbb-626e-030dcd3aa3dd,KXMICHCOACH-26-CLEA,2025-12-15T01:40:26.874504Z,69.00,0.0800,0.9200,yes
039ee2e6-4e5f-4c25-60cf-eaf291bff491,KXMICHCOACH-26-CLEA,2025-12-15T01:40:26.874504Z,224.00,0.0800,0.9200,yes
936a3194-398a-400d-2689-5bbc4945f19a,KXMICHCOACH-26-CLEA,2025-12-15T01:31:55.041372Z,6.00,0.0500,0.9500,no
104b4113-ed98-5b4f-1bbb-56684ba13b69,KXMICHCOACH-26-CLEA,2025-12-15T00:36:37.045224Z,11.00,0.0800,0.9200,yes
fdf9497d-425d-4ec4-4061-8433372b942d,KXMICHCOACH-26-CLEA,2025-12-15T00:02:21.08775Z,20.00,0.0900,0.9100,yes
e94f8a27-76a5-6071-2f80-46871d4be0a2,KXMICHCOACH-26-CLEA,2025-12-14T23:56:28.324847Z,275.00,0.1000,0.9000,no
991986fb-2aa7-6c37-2d83-14c990d7efff,KXMICHCOACH-26-CLEA,2025-12-14T23:56:28.324847Z,169.00,0.1000,0.9000,no
d0ae13b0-a3fd-4372-60bf-01cde7b7001b,KXMICHCOACH-26-CLEA,2025-12-14T23:51:03.902011Z,125.00,0.1000,0.9000,yes
cd1ba9a6-bc19-5d58-ed5f-3cee531625f6,KXMICHCOACH-26-CLEA,2025-12-14T23:44:32.890157Z,20.00,0.0900,0.9100,yes
bc239320-b320-5b5e-ecd8-712579bcf5b9,KXMICHCOACH-26-CLEA,2025-12-14T23:44:32.890157Z,1292.00,0.1000,0.9000,yes
b7178e46-6af1-5626-dcea-d57b53a57716,KXMICHCOACH-26-CLEA,2025-12-14T23:44:32.890157Z,128.00,0.0700,0.9300,yes
8cbfdb1e-5cbb-5a3b-df98-3141425b69b3,KXMICHCOACH-26-CLEA,2025-12-14T23:44:32.890157Z,300.00,0.0900,0.9100,yes
5ed8fd05-0327-5d9f-f5cb-0b7fdc32bb5f,KXMICHCOACH-26-CLEA,2025-12-14T23:44:32.890157Z,30.00,0.0600,0.9400,yes
2cc21661-5776-596b-de02-1ba9918da770,KXMICHCOACH-26-CLEA,2025-12-14T23:44:32.890157Z,885.00,0.1100,0.8900,yes
2baf7f3a-e990-5684-f87f-42fc484408c9,KXMICHCOACH-26-CLEA,2025-12-14T23:44:32.890157Z,125.00,0.1000,0.9000,yes
211a3a80-45e0-5c17-f962-a8c39a67c916,KXMICHCOACH-26-CLEA,2025-12-14T23:44:32.890157Z,20.00,0.0900,0.9100,yes
198c9048-e64b-5f48-f0fa-cfc66cfa99ca,KXMICHCOACH-26-CLEA,2025-12-14T23:44:32.890157Z,20.00,0.0900,0.9100,yes
e98b7530-04a8-78ef-2435-bc94ecaf7d63,KXMICHCOACH-26-CLEA,2025-12-14T23:42:09.947322Z,129.00,0.0700,0.9300,yes
66a2430e-a6cd-7b2a-2b33-d5d0e8b5b8e6,KXMICHCOACH-26-CLEA,2025-12-14T23:42:09.947322Z,259.00,0.0700,0.9300,yes
a02a5745-a432-4e9e-8e27-cea5e2127cde,KXMICHCOACH-26-CLEA,2025-12-14T23:33:57.913253Z,11.00,0.0600,0.9400,yes
8dad8ac9-8290-4138-9011-b6b9bdaf98e0,KXMICHCOACH-26-CLEA,2025-12-14T23:33:57.913253Z,400.00,0.0500,0.9500,yes
5aa1300e-abe8-4da3-a918-ad19483174a3,KXMICHCOACH-26-CLEA,2025-12-14T23:33:57.913253Z,54.00,0.0700,0.9300,yes
56e632aa-e0fb-417d-9bca-43f156249270,KXMICHCOACH-26-CLEA,2025-12-14T23:33:57.913253Z,1086.00,0.0500,0.9500,yes
530d3ed0-47e6-43f5-8cd4-a33c8562cd18,KXMICHCOACH-26-CLEA,2025-12-14T23:33:57.913253Z,100.00,0.0500,0.9500,yes
1dbf03c3-7784-4fd2-9242-e1f589327270,KXMICHCOACH-26-CLEA,2025-12-14T23:33:57.913253Z,200.00,0.0500,0.9500,yes
a8e41839-36c0-631f-93aa-fc0ee2e59096,KXMICHCOACH-26-CLEA,2025-12-14T23:28:51.674863Z,408.00,0.0500,0.9500,yes
8440395a-e81b-6e65-b2e5-12e8a3c8fe88,KXMICHCOACH-26-CLEA,2025-12-14T23:28:51.674863Z,3014.00,0.0500,0.9500,yes
5eabb319-ae2e-604c-b351-b081ff047f18,KXMICHCOACH-26-CLEA,2025-12-14T23:28:51.674863Z,1922.00,0.0500,0.9500,yes
dd387f9a-ef98-7262-d117-dc2fb0f64cf4,KXMICHCOACH-26-CLEA,2025-12-14T22:59:30.485603Z,62.00,0.0400,0.9600,no
f998d12b-8930-6db3-aa4b-c97eca3f6d16,KXMICHCOACH-26-CLEA,2025-12-14T22:57:38.937745Z,93.00,0.0500,0.9500,yes
79760924-3ddc-7cbe-63d2-9368b65acadc,KXMICHCOACH-26-CLEA,2025-12-14T22:38:50.882038Z,26.00,0.0400,0.9600,no
855f71e6-92f8-5047-0cae-1eb2dafa3ee6,KXMICHCOACH-26-CLEA,2025-12-14T21:19:32.955361Z,56.00,0.0500,0.9500,yes
80cf29bb-ba74-750b-8331-74f983bfb326,KXMICHCOACH-26-CLEA,2025-12-14T21:14:46.066944Z,3750.00,0.0500,0.9500,yes
62d507d7-d3c4-6aa3-2758-95cba411cde2,KXMICHCOACH-26-CLEA,2025-12-14T20:19:20.951184Z,37.00,0.0500,0.9500,yes
4faf85fc-76cc-72df-0916-5913be12ee0e,KXMICHCOACH-26-CLEA,2025-12-14T19:36:22.635737Z,37.00,0.0500,0.9500,yes
db71d33a-6b7e-7364-f69a-c2855d65846f,KXMICHCOACH-26-CLEA,2025-12-14T19:13:15.303422Z,63.00,0.0500,0.9500,no
a20c3e3e-7ece-531c-6eec-070c6bf01c18,KXMICHCOACH-26-CLEA,2025-12-14T18:46:46.799103Z,78.00,0.0600,0.9400,yes
11050f2c-e38e-62c0-cea4-66105ade69a7,KXMICHCOACH-26-CLEA,2025-12-14T18:05:24.586321Z,205.00,0.0500,0.9500,no
ea861fbc-8dba-4fa4-3329-bc48fec39a1d,KXMICHCOACH-26-CLEA,2025-12-14T17:47:21.02563Z,438.00,0.0600,0.9400,yes
37ec88e4-8841-463e-2c37-1b08d89f6a76,KXMICHCOACH-26-CLEA,2025-12-14T17:47:21.02563Z,1094.00,0.0600,0.9400,yes
e3c39ba9-d831-4736-6c94-68f74911e00e,KXMICHCOACH-26-CLEA,2025-12-14T17:35:27.282773Z,78.00,0.0600,0.9400,yes
5d581afe-e2e9-6a56-f6e6-f0e05a7fd8ae,KXMICHCOACH-26-CLEA,2025-12-14T16:51:56.089705Z,60.00,0.0600,0.9400,yes
483d9be3-550b-40e8-ba84-7e11c261b83e,KXMICHCOACH-26-CLEA,2025-12-14T16:23:43.863081Z,100.00,0.0500,0.9500,no
2ec6b36d-92ec-4731-a3d7-28ef0f478e87,KXMICHCOACH-26-CLEA,2025-12-14T16:23:43.863081Z,50.00,0.0500,0.9500,no
0de26046-06c0-4cf9-8323-81a14145ee98,KXMICHCOACH-26-CLEA,2025-12-14T16:23:43.863081Z,75.00,0.0500,0.9500,no
e9ee57c6-38e5-4c0a-d73f-5f5f9479deae,KXMICHCOACH-26-CLEA,2025-12-14T15:59:50.348124Z,78.00,0.0600,0.9400,yes
012126f4-bf55-71ca-a0db-c42483745916,KXMICHCOACH-26-CLEA,2025-12-14T15:55:55.542213Z,781.00,0.0600,0.9400,yes
ff71ed1e-dca5-64b6-74d9-2572e35f79ce,KXMICHCOACH-26-CLEA,2025-12-14T15:52:35.114138Z,131.00,0.0600,0.9400,yes
f81474b0-5908-74a7-a268-b88e67860d67,KXMICHCOACH-26-CLEA,2025-12-14T15:12:04.628934Z,67.00,0.0700,0.9300,yes
22df4da3-c562-6091-fdd5-bff4ab708d01,KXMICHCOACH-26-CLEA,2025-12-14T13:51:35.242767Z,58.00,0.0800,0.9200,yes
beeb64bd-d24e-5d61-a2e0-32fa08949a6d,KXMICHCOACH-26-CLEA,2025-12-14T13:34:14.370809Z,58.00,0.0800,0.9200,yes
e8002ded-8b62-6f3d-451a-c3bd9b45b4e1,KXMICHCOACH-26-CLEA,2025-12-14T13:09:15.639356Z,62.00,0.0800,0.9200,yes
bdb185ab-6b17-68b4-55cb-55270b4122c2,KXMICHCOACH-26-CLEA,2025-12-14T13:09:15.639356Z,3.00,0.0700,0.9300,yes
fa686291-8699-5dd4-6c8d-9045a68dac17,KXMICHCOACH-26-CLEA,2025-12-14T08:59:18.326586Z,268.00,0.0700,0.9300,yes
6468a89e-71ec-4e20-21bd-e770e4b025f3,KXMICHCOACH-26-CLEA,2025-12-14T07:34:33.112775Z,104.00,0.0900,0.9100,yes
5d245a2a-bef2-7043-ead0-5f374809b202,KXMICHCOACH-26-CLEA,2025-12-14T07:30:51.09547Z,104.00,0.0800,0.9200,yes
27675f82-3de0-71c4-fe4b-9fb6e5503ccb,KXMICHCOACH-26-CLEA,2025-12-14T07:30:51.09547Z,1.00,0.0900,0.9100,yes
b8dc1efe-ae0e-56ab-3a5e-32223c2c01b2,KXMICHCOACH-26-CLEA,2025-12-14T07:30:30.555948Z,60.00,0.0800,0.9200,yes
6b181126-f71e-6a97-b2e6-f461a8409916,KXMICHCOACH-26-CLEA,2025-12-14T07:29:29.616517Z,58.00,0.0800,0.9200,yes
27b14b3b-665f-740f-a905-78e50ca5e04f,KXMICHCOACH-26-CLEA,2025-12-14T06:55:36.631085Z,40.00,0.0700,0.9300,yes
61b2512a-c0ef-50c7-961c-058a7be723cb,KXMICHCOACH-26-CLEA,2025-12-14T06:54:51.898137Z,10.00,0.0700,0.9300,yes
9c8a58d9-c1b3-675f-a103-0e698124d0c7,KXMICHCOACH-26-CLEA,2025-12-14T05:35:29.927791Z,371.00,0.0700,0.9300,yes
860ee499-340a-6660-bd3c-67455574dcbb,KXMICHCOACH-26-CLEA,2025-12-14T05:35:29.927791Z,29.00,0.0700,0.9300,yes
67245018-3988-6a77-adbe-6af25f3edb1b,KXMICHCOACH-26-CLEA,2025-12-14T05:35:29.927791Z,100.00,0.0700,0.9300,yes
d115a51b-e4b0-5a3a-6a80-1ee30fe35997,KXMICHCOACH-26-CLEA,2025-12-14T05:26:14.462827Z,218.00,0.0400,0.9600,no
ef65b47c-64ca-6224-ff4a-4ac6d4831b97,KXMICHCOACH-26-CLEA,2025-12-14T05:14:31.251054Z,4.00,0.0700,0.9300,yes
d867f85c-8f70-5e02-cb6d-607ef074f99b,KXMICHCOACH-26-CLEA,2025-12-14T05:09:21.067864Z,10.00,0.0400,0.9600,no
be3aa014-6152-6a44-921c-f927a413e52f,KXMICHCOACH-26-CLEA,2025-12-14T05:03:58.865128Z,13.00,0.0700,0.9300,yes
43afa600-102f-6c3a-4db7-3179cfb6cc46,KXMICHCOACH-26-CLEA,2025-12-14T05:01:37.563484Z,916.00,0.0500,0.9500,no
31f42408-8f08-6dee-747b-96c16c8ca917,KXMICHCOACH-26-CLEA,2025-12-14T05:01:37.563484Z,651.00,0.0400,0.9600,no
25798744-1d92-4334-fb06-5f106139adf7,KXMICHCOACH-26-CLEA,2025-12-14T04:43:37.678956Z,657.00,0.0700,0.9300,yes
75403d30-561a-5d30-8bf5-1c84fd780fc3,KXMICHCOACH-26-CLEA,2025-12-14T04:19:37.12345Z,263.00,0.0700,0.9300,yes
7b57a12a-e325-7f26-7360-1822584d7a12,KXMICHCOACH-26-CLEA,2025-12-14T03:47:29.077558Z,919.00,0.0500,0.9500,no
0cc7d015-be58-72be-4f4f-d7b06083c907,KXMICHCOACH-26-CLEA,2025-12-14T03:47:29.077558Z,373.00,0.0400,0.9600,no
0b8fc23f-862b-7790-6395-74cdbb79c62e,KXMICHCOACH-26-CLEA,2025-12-14T03:47:29.077558Z,1000.00,0.0500,0.9500,no
e4d610cb-6563-7c4b-1e10-e99c56d5567e,KXMICHCOACH-26-CLEA,2025-12-14T03:19:03.93091Z,125.00,0.0600,0.9400,no
e3e5b2c5-bcd9-7a1a-1664-549c96f81a16,KXMICHCOACH-26-CLEA,2025-12-14T03:19:03.93091Z,81.00,0.0500,0.9500,no
ddf2ff66-0467-60bb-bc2f-4e37369296d2,KXMICHCOACH-26-CLEA,2025-12-14T03:00:26.82432Z,375.00,0.0600,0.9400,no
db4bf817-6f10-561b-916c-8391eb7d5e8b,KXMICHCOACH-26-CLEA,2025-12-14T02:58:40.579744Z,15.00,0.0800,0.9200,yes
7c6d67f0-988c-4357-cf76-35a0fe8510e7,KXMICHCOACH-26-CLEA,2025-12-14T02:57:50.873085Z,175.00,0.0800,0.9200,yes
9c705c4a-4f1c-63ff-3f25-1ea1ba75851b,KXMICHCOACH-26-CLEA,2025-12-14T02:37:02.651085Z,517.00,0.0800,0.9200,yes
dd92180c-ed94-52c7-ebc3-934460e1e53f,KXMICHCOACH-26-CLEA,2025-12-14T02:35:15.658591Z,105.00,0.0800,0.9200,yes
b19d4acb-32b8-7f8b-9708-7bf712b61de7,KXMICHCOACH-26-CLEA,2025-12-14T02:30:15.378354Z,11.00,0.0800,0.9200,yes
c5d3ac44-23cc-4fff-6126-2a5a254ffc3b,KXMICHCOACH-26-CLEA,2025-12-14T02:13:28.138426Z,10.00,0.0800,0.9200,yes
fd861bcf-ac40-67c3-0c8d-465f472adeab,KXMICHCOACH-26-CLEA,2025-12-14T02:09:29.537158Z,67.00,0.0800,0.9200,yes
851c1d89-8ad2-6c64-1642-5987b367efb2,KXMICHCOACH-26-CLEA,2025-12-14T02:09:29.537158Z,496.00,0.0800,0.9200,yes
062e6f6b-dc2a-63e8-2af8-40c6d20ad922,KXMICHCOACH-26-CLEA,2025-12-14T02:08:36.998953Z,11.00,0.0800,0.9200,yes
dace5e00-1ec2-635c-802a-28b3177f8e9e,KXMICHCOACH-26-CLEA,2025-12-14T02:06:17.775757Z,50.00,0.0800,0.9200,yes
b1025a62-9912-5294-fa31-487515566aee,KXMICHCOACH-26-CLEA,2025-12-14T02:04:18.572894Z,109.00,0.0800,0.9200,yes
a89bcc17-222d-5ce8-ff3d-e21f9ff5cc2f,KXMICHCOACH-26-CLEA,2025-12-14T02:04:18.572894Z,8.00,0.0800,0.9200,yes
93584fd1-3b49-55f4-eb0d-c39c066804f7,KXMICHCOACH-26-CLEA,2025-12-14T01:39:16.522207Z,10.00,0.0800,0.9200,yes
6509eda0-e7e9-4ea8-7f18-fe708b0c478b,KXMICHCOACH-26-CLEA,2025-12-14T01:34:30.887632Z,23.00,0.0800,0.9200,yes
c1de6e56-1db5-49bb-1ed8-773041c9815a,KXMICHCOACH-26-CLEA,2025-12-14T01:33:32.784258Z,11.00,0.0500,0.9500,no
c1425272-21a7-42c4-2ca4-af9cbd782172,KXMICHCOACH-26-CLEA,2025-12-14T01:33:32.784258Z,84.00,0.0500,0.9500,no
5d115ada-fe36-40c8-3f13-d76bf5089570,KXMICHCOACH-26-CLEA,2025-12-14T01:33:32.784258Z,5.00,0.0600,0.9400,no
fb241c0a-330d-6c08-b5e1-56a8a777d5ef,KXMICHCOACH-26-CLEA,2025-12-14T01:23:13.860911Z,159.00,0.0800,0.9200,yes
50fa1bc1-aec6-6b03-9664-98a2c144a64c,KXMICHCOACH-26-CLEA,2025-12-14T01:23:13.860911Z,280.00,0.0700,0.9300,yes
333ecd83-a99b-6e8f-a6ff-0ecffbf6fecc,KXMICHCOACH-26-CLEA,2025-12-14T01:23:13.860911Z,1234.00,0.0600,0.9400,yes
03c77f8e-ef4f-6ba0-89c6-b33f7e5e64a5,KXMICHCOACH-26-CLEA,2025-12-14T01:23:13.860911Z,666.00,0.0700,0.9300,yes
fb4b5a43-0a61-6353-f6d0-6e0a7fdecc36,KXMICHCOACH-26-CLEA,2025-12-14T01:09:10.226678Z,89.00,0.0500,0.9500,no
a86dad7c-2ee9-6fe3-ffc8-08297c4dd4e3,KXMICHCOACH-26-CLEA,2025-12-14T01:09:10.226678Z,15.00,0.0500,0.9500,no
b811185c-de4a-6e43-75c5-2bf266277798,KXMICHCOACH-26-CLEA,2025-12-14T01:07:15.33702Z,64.00,0.0700,0.9300,yes
27eea2df-ac4e-631b-dc28-f6b750b8d62c,KXMICHCOACH-26-CLEA,2025-12-14T00:50:37.108154Z,670.00,0.0700,0.9300,yes
0a87a286-f04a-615f-de76-c4a567ee455c,KXMICHCOACH-26-CLEA,2025-12-14T00:23:46.007922Z,67.00,0.0700,0.9300,yes
3506adf9-c1d9-5053-2aae-86086e15ee5f,KXMICHCOACH-26-CLEA,2025-12-14T00:10:21.815725Z,46.00,0.0500,0.9500,no
ebb76cb0-052f-62d2-8fa7-0ae664107da5,KXMICHCOACH-26-CLEA,2025-12-14T00:09:23.492113Z,2187.00,0.0700,0.9300,yes
c59255fe-bc04-6722-928d-cda3d9fac405,KXMICHCOACH-26-CLEA,2025-12-14T00:09:23.492113Z,500.00,0.0700,0.9300,yes
a57d5ec8-791e-684b-8123-eb98df307f7a,KXMICHCOACH-26-CLEA,2025-12-14T00:09:23.492113Z,1000.00,0.0700,0.9300,yes
93e48a4a-52aa-6df7-85c0-a0680d7c108c,KXMICHCOACH-26-CLEA,2025-12-14T00:09:23.492113Z,3019.00,0.0700,0.9300,yes
951ad42b-d857-47ce-8e12-a9d2267798a9,KXMICHCOACH-26-CLEA,2025-12-13T23:50:57.861768Z,26.00,0.0700,0.9300,yes
bb13f910-73bd-6de3-99c9-b5d2cc9428db,KXMICHCOACH-26-CLEA,2025-12-13T23:32:25.370079Z,22.00,0.0500,0.9500,no
8a8cb2e7-dcf2-7de3-9810-4b3e0da3bf58,KXMICHCOACH-26-CLEA,2025-12-13T23:32:15.044961Z,150.00,0.0600,0.9400,yes
74485876-ad63-77d2-b0f1-0d2523c813bd,KXMICHCOACH-26-CLEA,2025-12-13T23:32:15.044961Z,9.00,0.0700,0.9300,yes
52c2a85a-eb4b-7ab9-82f9-ed26a01a1f1b,KXMICHCOACH-26-CLEA,2025-12-13T23:32:15.044961Z,170.00,0.0700,0.9300,yes
ddfffaa8-bff2-405c-178d-5578c69ee366,KXMICHCOACH-26-CLEA,2025-12-13T23:20:05.442506Z,666.00,0.0600,0.9400,yes
195f2f44-add6-4580-37f5-e903963be9a2,KXMICHCOACH-26-CLEA,2025-12-13T23:20:05.442506Z,2000.00,0.0600,0.9400,yes
0e51b579-52e6-4010-0bf2-784f123e3970,KXMICHCOACH-26-CLEA,2025-12-13T23:20:05.442506Z,100.00,0.0600,0.9400,yes
67243cb4-6d09-6a8f-e94c-d4c57c98b88f,KXMICHCOACH-26-CLEA,2025-12-13T22:59:53.000753Z,55.00,0.0500,0.9500,no
671983d3-6779-4983-a0b8-194002eae19f,KXMICHCOACH-26-CLEA,2025-12-13T22:59:51.762386Z,20.00,0.0500,0.9500,no
e5b5f760-020e-745c-e126-8e437a8aa540,KXMICHCOACH-26-CLEA,2025-12-13T22:09:44.67911Z,1.00,0.0600,0.9400,yes
dfb262ec-e267-7b51-cbcc-44d75cbebd6f,KXMICHCOACH-26-CLEA,2025-12-13T22:09:44.67911Z,130.00,0.0700,0.9300,yes
21af4d03-d3ba-7400-d2f5-1c22f9b556d8,KXMICHCOACH-26-CLEA,2025-12-13T22:07:20.905045Z,125.00,0.0600,0.9400,yes
1f5f7901-eaea-5de0-bbc4-30d3555d719c,KXMICHCOACH-26-CLEA,2025-12-13T22:04:08.012302Z,5.00,0.0600,0.9400,yes
1eb68a9c-d9c1-70fb-2e9c-f3fbbb26a6f7,KXMICHCOACH-26-CLEA,2025-12-13T22:02:00.071405Z,301.00,0.0500,0.9500,no
e64f6e7b-84e5-6b6c-c8f3-3738f944fcd1,KXMICHCOACH-26-CLEA,2025-12-13T21:39:47.061757Z,679.00,0.0600,0.9400,yes
db189a7b-09ae-6534-d8c2-3db094ff0574,KXMICHCOACH-26-CLEA,2025-12-13T21:39:47.061757Z,1869.00,0.0600,0.9400,yes
1632c4cb-a665-6a54-8a92-dcdce881e535,KXMICHCOACH-26-CLEA,2025-12-13T21:33:23.271752Z,200.00,0.0600,0.9400,yes
53b008fc-ea4d-471c-67da-eceed71bcbb1,KXMICHCOACH-26-CLEA,2025-12-13T21:30:39.746181Z,1250.00,0.0600,0.9400,yes
a82f6992-d2a1-7064-7b80-c7c4cdac6019,KXMICHCOACH-26-CLEA,2025-12-13T21:30:24.055423Z,15.00,0.0600,0.9400,yes
1de29ba3-9bc1-6b0f-5e03-3495e09aec7b,KXMICHCOACH-26-CLEA,2025-12-13T21:30:07.121262Z,41.00,0.0500,0.9500,no
41623236-35bf-4e78-83f2-85e8515791ef,KXMICHCOACH-26-CLEA,2025-12-13T21:27:58.033564Z,200.00,0.0500,0.9500,no
e15deee0-3ced-4200-2f9a-2c20e42af2a9,KXMICHCOACH-26-CLEA,2025-12-13T21:23:48.923759Z,78.00,0.0600,0.9400,yes
2e51a058-5024-5611-6c1a-85e814ce5fd3,KXMICHCOACH-26-CLEA,2025-12-13T21:05:50.781955Z,200.00,0.0900,0.9100,yes
f9aa41c9-0e24-6941-a774-539fb77dac9a,KXMICHCOACH-26-CLEA,2025-12-13T21:04:19.377412Z,1000.00,0.0400,0.9600,no
c6baf5d0-041f-61cd-8483-8496664019e5,KXMICHCOACH-26-CLEA,2025-12-13T21:04:19.377412Z,295.00,0.0300,0.9700,no
76025001-449b-6444-9ec2-fcb82d62e153,KXMICHCOACH-26-CLEA,2025-12-13T21:04:19.377412Z,2000.00,0.0300,0.9700,no
6a7c734c-c738-67ec-a86c-8e322134c805,KXMICHCOACH-26-CLEA,2025-12-13T21:04:19.377412Z,144.00,0.0200,0.9800,no
494e3fa0-e439-6f67-be56-ea41230ff9d7,KXMICHCOACH-26-CLEA,2025-12-13T21:04:19.377412Z,2381.00,0.0200,0.9800,no
37eecfad-5a58-660e-b9a1-dd364e144bc9,KXMICHCOACH-26-CLEA,2025-12-13T21:04:19.377412Z,28.00,0.0200,0.9800,no
c64d246c-05a1-5b32-48e7-a469982a0a08,KXMICHCOACH-26-CLEA,2025-12-13T20:55:28.150536Z,90.00,0.0700,0.9300,yes
79f386a2-4219-5bc2-5921-e21f9e0a3b7d,KXMICHCOACH-26-CLEA,2025-12-13T20:55:28.150536Z,1.00,0.0600,0.9400,yes
a0efc7c4-8157-7599-1db7-a7c9fc2c19d9,KXMICHCOACH-26-CLEA,2025-12-13T20:49:36.421779Z,205.00,0.0300,0.9700,no
f186d32b-b4b7-66c6-568d-d789a12ce637,KXMICHCOACH-26-CLEA,2025-12-13T20:37:22.097174Z,103.00,0.0700,0.9300,no
0a26fee3-46dd-79c6-22d5-3fc26a55cde8,KXMICHCOACH-26-CLEA,2025-12-13T20:37:08.203665Z,1.00,0.0800,0.9200,yes
3bd2727b-7ecf-6e4a-b193-20b62fd80873,KXMICHCOACH-26-CLEA,2025-12-13T20:34:02.94698Z,280.00,0.0700,0.9300,no
99e53646-b23b-7392-08b4-6e336a8ea033,KXMICHCOACH-26-CLEA,2025-12-13T20:32:24.983306Z,117.00,0.0700,0.9300,no
15bb6457-929d-407e-b300-de62ed374ad4,KXMICHCOACH-26-CLEA,2025-12-13T20:27:42.000017Z,234.00,0.0800,0.9200,yes
6e1d651c-66d9-738e-3808-11372679975c,KXMICHCOACH-26-CLEA,2025-12-13T20:26:05.219045Z,58.00,0.0800,0.9200,yes
24130d06-0869-6396-601a-01a2720cdf10,KXMICHCOACH-26-CLEA,2025-12-13T20:23:36.35412Z,117.00,0.0800,0.9200,yes
1b8224cf-453b-5cce-3249-f1372a740d2d,KXMICHCOACH-26-CLEA,2025-12-13T20:10:47.798737Z,41.00,0.1100,0.8900,yes
d26b01e6-3f7b-4646-6999-81bfdefd49e1,KXMICHCOACH-26-CLEA,2025-12-13T20:00:21.566418Z,191.00,0.1100,0.8900,yes
9dc758fc-7591-4668-5425-8adc98476d4b,KXMICHCOACH-26-CLEA,2025-12-13T20:00:21.566418Z,13.00,0.1000,0.9000,yes
69af3300-be40-4070-4414-533c186d1a26,KXMICHCOACH-26-CLEA,2025-12-13T20:00:21.566418Z,200.00,0.1000,0.9000,yes
2c226642-4ff1-7874-8c3b-85cfdcdef7ab,KXMICHCOACH-26-CLEA,2025-12-13T19:57:27.056785Z,141.00,0.1000,0.9000,yes
b1e75f73-0f81-597c-c7f1-c05f279ed46f,KXMICHCOACH-26-CLEA,2025-12-13T19:57:05.594983Z,94.00,0.1000,0.9000,yes
e9a031a4-fd71-6f20-4ebb-bdf5b1bb8f77,KXMICHCOACH-26-CLEA,2025-12-13T19:48:08.002409Z,47.00,0.1000,0.9000,yes
4d44780d-62c1-5310-871a-0743d460ba07,KXMICHCOACH-26-CLEA,2025-12-13T19:35:55.829449Z,205.00,0.1000,0.9000,yes
72783d9a-4afb-43f7-fb5e-daf627fda271,KXMICHCOACH-26-CLEA,2025-12-13T19:31:07.122085Z,500.00,0.0900,0.9100,yes
5e41e829-1ae4-49b6-d39a-3564cef45957,KXMICHCOACH-26-CLEA,2025-12-13T19:31:07.122085Z,20.00,0.1000,0.9000,yes
ffce74c3-bec0-6d66-1e29-7dbf36ee1e7f,KXMICHCOACH-26-CLEA,2025-12-13T19:29:47.342693Z,470.00,0.1000,0.9000,yes
fa098234-9305-7642-7e4d-2a643c41b9f4,KXMICHCOACH-26-CLEA,2025-12-13T19:29:21.579109Z,10.00,0.0600,0.9400,no
9f814d23-cf80-7bd1-77b9-7270cbbd7e90,KXMICHCOACH-26-CLEA,2025-12-13T19:29:21.579109Z,10.00,0.0600,0.9400,no
11da1924-88e8-7951-74cc-ab95030253ba,KXMICHCOACH-26-CLEA,2025-12-13T19:29:21.579109Z,10.00,0.0600,0.9400,no
fe1a2d5b-d001-5977-cc5b-89f09f6cfb51,KXMICHCOACH-26-CLEA,2025-12-13T19:27:46.180656Z,10.00,0.1200,0.8800,yes
4c30aef6-12ee-5e0f-f92b-04b4be372855,KXMICHCOACH-26-CLEA,2025-12-13T19:27:46.180656Z,9.00,0.1200,0.8800,yes
2d9d28c4-988c-5144-e6a3-bf6cfb4029c2,KXMICHCOACH-26-CLEA,2025-12-13T19:27:46.180656Z,10.00,0.1200,0.8800,yes
1b439762-8cac-50c7-d2b8-c62a11309008,KXMICHCOACH-26-CLEA,2025-12-13T19:27:46.180656Z,10.00,0.1200,0.8800,yes
0974e8f5-c491-7f42-1ebe-d5e31cc41a40,KXMICHCOACH-26-CLEA,2025-12-13T19:23:57.589335Z,11.00,0.1700,0.8300,yes
fa8e945a-c811-6b9e-5b53-de8dbc4a7878,KXMICHCOACH-26-CLEA,2025-12-13T19:22:26.193813Z,33.00,0.1700,0.8300,yes
d96ba4da-512a-6abd-6291-7d1e6a353e8f,KXMICHCOACH-26-CLEA,2025-12-13T19:22:26.193813Z,2222.00,0.0500,0.9500,yes
d688d4a7-e2a8-6554-693a-a0937a0a2d6b,KXMICHCOACH-26-CLEA,2025-12-13T19:22:26.193813Z,102.00,0.1100,0.8900,yes
c7e9f9fc-4fb8-6108-62a2-f3539a66147c,KXMICHCOACH-26-CLEA,2025-12-13T19:22:26.193813Z,1000.00,0.0500,0.9500,yes
bff980fe-d746-6525-4272-8e86ed62b6e7,KXMICHCOACH-26-CLEA,2025-12-13T19:22:26.193813Z,13.00,0.0500,0.9500,yes
9d23639d-2f5a-6ef9-57e4-541152adbcda,KXMICHCOACH-26-CLEA,2025-12-13T19:22:26.193813Z,18.00,0.1800,0.8200,yes
9363a9e4-0353-6e36-45a6-720c076c2e8d,KXMICHCOACH-26-CLEA,2025-12-13T19:22:26.193813Z,500.00,0.1400,0.8600,yes
889913de-d1f3-64b0-63ce-2ce16a3a2a23,KXMICHCOACH-26-CLEA,2025-12-13T19:22:26.193813Z,428.00,0.0400,0.9600,yes
81072f3d-e3a5-60ad-4bbf-2fd5c7569023,KXMICHCOACH-26-CLEA,2025-12-13T19:22:26.193813Z,1532.00,0.0500,0.9500,yes
981d8f36-d17b-7760-533d-dd2097049593,KXMICHCOACH-26-CLEA,2025-12-13T19:18:38.863145Z,1572.00,0.0400,0.9600,yes
6b63e025-d8d6-7db3-5654-0a7c9a801dd4,KXMICHCOACH-26-CLEA,2025-12-13T19:18:38.863145Z,2222.00,0.0400,0.9600,yes
49146f5a-c7b5-4459-0ce5-c67f2a621be7,KXMICHCOACH-26-CLEA,2025-12-13T19:08:40.765089Z,281.00,0.0500,0.9500,yes
9e502773-c079-6a39-d5ca-6765c0d2f2bf,KXMICHCOACH-26-CLEA,2025-12-13T18:34:54.260128Z,187.00,0.0500,0.9500,yes
fb20949d-c3c2-5c4a-f5d3-ce0458f5cff7,KXMICHCOACH-26-CLEA,2025-12-13T18:31:10.772409Z,100.00,0.0400,0.9600,yes
4d686235-4cdc-5871-cc39-9224ec89204f,KXMICHCOACH-26-CLEA,2025-12-13T18:31:10.772409Z,2258.00,0.0400,0.9600,yes
cb0323e5-c4bc-6555-cee6-2ea4a8471ec3,KXMICHCOACH-26-CLEA,2025-12-13T18:12:23.211777Z,500.00,0.0400,0.9600,yes
f989a99f-cf54-44c1-4054-a25368452dc3,KXMICHCOACH-26-CLEA,2025-12-13T18:07:41.504814Z,837.00,0.0400,0.9600,yes
d1dde65e-8e17-4089-b7a8-87a5f62d66a4,KXMICHCOACH-26-CLEA,2025-12-13T18:07:20.212504Z,1021.00,0.0300,0.9700,yes
11ae43e8-f624-4481-9192-65a1aee4ca07,KXMICHCOACH-26-CLEA,2025-12-13T18:07:20.212504Z,405.00,0.0400,0.9600,yes
d72a495c-29e0-73f0-c2c5-f73ae3795591,KXMICHCOACH-26-CLEA,2025-12-13T18:00:48.620027Z,117.00,0.0200,0.9800,no
17172b2b-4c13-74b9-276c-947a34a95ee8,KXMICHCOACH-26-CLEA,2025-12-13T17:56:39.543162Z,979.00,0.0300,0.9700,yes
cb1659fd-0357-5ddb-4fe5-40991aabb010,KXMICHCOACH-26-CLEA,2025-12-13T17:29:37.771638Z,1791.00,0.0300,0.9700,yes
9b8d47da-286d-5dc0-6215-6f3e80a9b078,KXMICHCOACH-26-CLEA,2025-12-13T17:29:37.771638Z,1500.00,0.0300,0.9700,yes
85bfa0db-b1bc-5ccb-41f2-b84dee9e69f1,KXMICHCOACH-26-CLEA,2025-12-13T17:29:37.771638Z,1500.00,0.0300,0.9700,yes
6ae09b23-b276-5e04-7111-e411f5653c18,KXMICHCOACH-26-CLEA,2025-12-13T17:29:37.771638Z,100.00,0.0300,0.9700,yes
0c667caf-b189-5860-6d99-589cbe7672f3,KXMICHCOACH-26-CLEA,2025-12-13T17:29:37.771638Z,1000.00,0.0300,0.9700,yes
007a49a8-df20-5934-68dc-d4352235abb9,KXMICHCOACH-26-CLEA,2025-12-13T17:29:37.771638Z,1000.00,0.0300,0.9700,yes
43517cb2-dac0-55c8-b3eb-d09dfba8d9c1,KXMICHCOACH-26-CLEA,2025-12-13T17:01:10.638656Z,1387.00,0.0200,0.9800,no
be563c9c-87ab-5f8f-05d1-f25af2065f80,KXMICHCOACH-26-CLEA,2025-12-13T16:49:36.085446Z,624.00,0.0300,0.9700,yes
f17e6973-50cf-61f3-ebb8-d944bc08432c,KXMICHCOACH-26-CLEA,2025-12-13T16:30:03.497605Z,31.00,0.0300,0.9700,yes
9231648f-ded4-6ecc-56a6-e8bec424876d,KXMICHCOACH-26-CLEA,2025-12-13T16:28:01.153402Z,1.00,0.0200,0.9800,no
5248fa1b-64e3-4563-391a-8c368805edf4,KXMICHCOACH-26-CLEA,2025-12-13T16:18:37.027174Z,93.00,0.0300,0.9700,yes
e0b06f7b-9bc3-58a7-151b-0ac78eed0018,KXMICHCOACH-26-CLEA,2025-12-13T16:15:53.699487Z,1248.00,0.0300,0.9700,yes
babf3a2a-3eab-488b-fc59-8fb8544d6080,KXMICHCOACH-26-CLEA,2025-12-13T16:10:41.458461Z,1.00,0.0300,0.9700,yes
0c8980cd-d49f-58ef-6f00-bf3eff1f888f,KXMICHCOACH-26-CLEA,2025-12-13T15:51:11.028464Z,324.00,0.0300,0.9700,yes
0afd2b29-1abb-5bdb-6425-d65bd9b1b4f4,KXMICHCOACH-26-CLEA,2025-12-13T15:51:11.028464Z,112.00,0.0300,0.9700,yes
06597be5-1e48-5504-5944-f3678207e1bb,KXMICHCOACH-26-CLEA,2025-12-13T15:51:11.028464Z,500.00,0.0300,0.9700,yes
fc23ea07-4adf-405f-e3f0-b66ba69f7db7,KXMICHCOACH-26-CLEA,2025-12-13T15:47:44.200711Z,1070.00,0.0300,0.9700,yes
f5f5dd1c-dd0f-660f-b22f-30ce202b0707,KXMICHCOACH-26-CLEA,2025-12-13T15:43:08.943365Z,62.00,0.0300,0.9700,yes
858002b0-9ef3-6c6f-1e1d-7007102a8673,KXMICHCOACH-26-CLEA,2025-12-13T15:41:30.389698Z,31.00,0.0300,0.9700,yes
d84a2ad1-94a3-5677-0256-0048cdbe3d93,KXMICHCOACH-26-CLEA,2025-12-13T15:20:05.543556Z,13.00,0.0300,0.9700,yes
7cb2b5e6-08b8-529d-24c6-a791131545b4,KXMICHCOACH-26-CLEA,2025-12-13T15:20:05.543556Z,80.00,0.0300,0.9700,yes
88892991-bd50-5031-611a-a9a980b5b5b0,KXMICHCOACH-26-CLEA,2025-12-13T15:19:53.413792Z,20.00,0.0300,0.9700,yes
49827b74-b887-58a4-468f-2f5ceeef73f5,KXMICHCOACH-26-CLEA,2025-12-13T15:19:53.413792Z,230.00,0.0300,0.9700,yes
6affb7d1-da57-5150-256b-030e9ee1bcfd,KXMICHCOACH-26-CLEA,2025-12-13T15:04:50.754783Z,374.00,0.0300,0.9700,yes
5e285c24-5247-7d00-c7e5-7625e9ccf601,KXMICHCOACH-26-CLEA,2025-12-13T14:47:30.975361Z,156.00,0.0300,0.9700,yes
80816bde-03fe-4036-9f54-1c529672ed06,KXMICHCOACH-26-CLEA,2025-12-13T13:54:25.954918Z,820.00,0.0300,0.9700,yes
2cd3d804-f6af-4ef4-9c49-25018c4f4ea1,KXMICHCOACH-26-CLEA,2025-12-13T13:54:25.954918Z,740.00,0.0300,0.9700,yes
27b5bd56-9790-5e0c-c618-61afee434549,KXMICHCOACH-26-CLEA,2025-12-13T13:14:34.424825Z,398.00,0.0200,0.9800,no
a51ed0d4-3aac-5dc7-d1bd-9821d0d18032,KXMICHCOACH-26-CLEA,2025-12-13T11:42:21.081559Z,10.00,0.0300,0.9700,yes
96b4eca0-d98e-5e76-e727-66274d4ba4d6,KXMICHCOACH-26-CLEA,2025-12-13T11:42:21.081559Z,146.00,0.0300,0.9700,yes
f4ef24ee-fce4-7880-a041-00ca4e9d763d,KXMICHCOACH-26-CLEA,2025-12-13T09:19:46.42356Z,453.00,0.0200,0.9800,yes
fc93fad5-20e0-6010-93e7-717e736ca649,KXMICHCOACH-26-CLEA,2025-12-13T05:58:22.339777Z,50.00,0.0200,0.9800,yes
8e5fbcf5-5888-7990-20c1-999cc8eeadb1,KXMICHCOACH-26-CLEA,2025-12-13T05:48:44.497708Z,46.00,0.0200,0.9800,yes
1c78bc9a-1094-75d8-e319-265b81f0373d,KXMICHCOACH-26-CLEA,2025-12-13T05:46:13.167307Z,93.00,0.0200,0.9800,yes
69715549-2207-4b4d-8861-e450055b0954,KXMICHCOACH-26-CLEA,2025-12-13T05:41:08.194444Z,154.00,0.0200,0.9800,yes
25de37f9-653c-4d8c-afa1-95c450ed31fd,KXMICHCOACH-26-CLEA,2025-12-13T05:41:08.194444Z,2185.00,0.0200,0.9800,yes
26ae9efb-4257-79ed-66f1-cd22f76447a0,KXMICHCOACH-26-CLEA,2025-12-13T05:35:51.387777Z,46.00,0.0200,0.9800,yes
1847acab-f532-7245-7b42-da4aa02eb021,KXMICHCOACH-26-CLEA,2025-12-13T05:35:51.387777Z,161.00,0.0200,0.9800,yes
09f7ce54-c0df-798b-6d7b-dc909e6cce11,KXMICHCOACH-26-CLEA,2025-12-13T05:35:51.387777Z,26.00,0.0200,0.9800,yes
6352f978-ca22-67a9-f978-7d9912c9fc51,KXMICHCOACH-26-CLEA,2025-12-13T05:22:02.923259Z,233.00,0.0200,0.9800,yes
64b7c6d2-b21e-4571-5736-d7a383bc1121,KXMICHCOACH-26-CLEA,2025-12-13T05:09:19.527554Z,1871.00,0.0200,0.9800,yes
e056031c-bb52-48f1-3472-ecdf31ab05bd,KXMICHCOACH-26-CLEA,2025-12-13T05:02:01.087832Z,2292.00,0.0200,0.9800,yes
e2e4ac91-a38e-7785-86c9-f486cf12bd79,KXMICHCOACH-26-CLEA,2025-12-13T04:55:59.93624Z,233.00,0.0200,0.9800,yes
22649903-fdb6-642d-3a7b-3a6281c82d45,KXMICHCOACH-26-CLEA,2025-12-13T04:37:10.810882Z,750.00,0.0200,0.9800,yes
9befcea6-c76e-7a19-4e46-1a68b548f37d,KXMICHCOACH-26-CLEA,2025-12-13T04:01:03.669567Z,93.00,0.0200,0.9800,yes
a5330901-1dbd-403e-2765-bc3e8ab165dd,KXMICHCOACH-26-CLEA,2025-12-13T03:45:52.727792Z,461.00,0.0100,0.9900,no
dda4d086-373e-59f5-dda4-a99af163cebd,KXMICHCOACH-26-CLEA,2025-12-13T03:34:59.152341Z,514.00,0.0200,0.9800,yes
b7eb3189-087e-74d1-7176-a184de61f751,KXMICHCOACH-26-CLEA,2025-12-13T03:16:41.152749Z,46.00,0.0200,0.9800,yes
3948a034-4fbe-7695-2e4d-e4462e8f036d,KXMICHCOACH-26-CLEA,2025-12-13T03:13:59.566764Z,472.00,0.0200,0.9800,yes
1147f407-f97a-60bf-db96-c5657c788d38,KXMICHCOACH-26-CLEA,2025-12-13T02:58:50.922887Z,1.00,0.0200,0.9800,no
c3a9c07d-dcfc-6a3c-4286-455e55db0661,KXMICHCOACH-26-CLEA,2025-12-13T02:58:12.395861Z,873.00,0.0300,0.9700,yes
bf9f0368-2b97-48d8-1cc0-9e2833fd4656,KXMICHCOACH-26-CLEA,2025-12-13T02:53:54.95972Z,3506.00,0.0200,0.9800,yes
4f98530c-775b-4608-f029-519892cfbe1e,KXMICHCOACH-26-CLEA,2025-12-13T02:34:56.684422Z,93.00,0.0200,0.9800,yes
5210a0a4-743e-7fdf-535d-6b95d9edf19e,KXMICHCOACH-26-CLEA,2025-12-13T02:34:55.518265Z,1.00,0.0200,0.9800,no
703d7af9-d2d9-7f62-e969-af1bd90833b5,KXMICHCOACH-26-CLEA,2025-12-13T02:34:39.487488Z,333.00,0.0100,0.9900,no
d4d1a921-dd89-77c1-68c9-9122b7a56382,KXMICHCOACH-26-CLEA,2025-12-13T02:34:37.406377Z,2.00,0.0300,0.9700,no
c0d8e670-3a1c-6ac9-688d-55a5f6a4b960,KXMICHCOACH-26-CLEA,2025-12-13T02:31:27.067086Z,46.00,0.0400,0.9600,yes
e611ebaf-9ee1-5e3a-9b35-5f464e1e0dce,KXMICHCOACH-26-CLEA,2025-12-13T02:25:43.09477Z,4.00,0.0300,0.9700,no
769cc214-a16b-53f6-9615-77514480f76d,KXMICHCOACH-26-CLEA,2025-12-13T02:25:43.09477Z,506.00,0.0200,0.9800,no
6c283b2c-8663-62aa-fd72-808173540cd1,KXMICHCOACH-26-CLEA,2025-12-13T02:21:53.525129Z,59.00,0.0200,0.9800,no
1c453cc6-e4ee-6905-d748-f9a4c5435510,KXMICHCOACH-26-CLEA,2025-12-13T02:21:53.525129Z,8.00,0.0300,0.9700,no
1bf86cec-008b-7f76-bed4-2ed47531c3b1,KXMICHCOACH-26-CLEA,2025-12-13T02:21:15.886607Z,43.00,0.0200,0.9800,no
7ced5e67-ad36-52a7-9638-c36de48e6f6f,KXMICHCOACH-26-CLEA,2025-12-13T02:21:14.660077Z,15.00,0.0300,0.9700,no
db35ce9e-d4c9-4a45-011c-f0ea3ac7ed29,KXMICHCOACH-26-CLEA,2025-12-13T02:20:43.923844Z,20.00,0.0300,0.9700,no
bae3b347-6869-5091-4bbf-34d11969de73,KXMICHCOACH-26-CLEA,2025-12-13T02:15:12.084703Z,78.00,0.0600,0.9400,yes
2af03a63-5803-77ce-7d0f-a31f0e11ab75,KXMICHCOACH-26-CLEA,2025-12-13T02:13:59.151345Z,63.00,0.0400,0.9600,no
e91e9114-2d03-631d-98e9-4af3d2b2bdd3,KXMICHCOACH-26-CLEA,2025-12-13T02:10:46.698752Z,118.00,0.0800,0.9200,yes
896dc320-bf8c-6575-b423-cfbbb02e36e0,KXMICHCOACH-26-CLEA,2025-12-13T02:10:46.698752Z,94.00,0.0600,0.9400,yes
85842406-1f83-6d2d-bb3e-3e42096aea85,KXMICHCOACH-26-CLEA,2025-12-13T02:10:46.698752Z,77.00,0.0700,0.9300,yes
72603953-c3b0-6f1d-a8e9-dfeb581a86c5,KXMICHCOACH-26-CLEA,2025-12-13T02:10:46.698752Z,31.00,0.0600,0.9400,yes
267e8456-a250-6bc4-b3c6-39b78e8058e4,KXMICHCOACH-26-CLEA,2025-12-13T02:10:46.698752Z,9.00,0.0700,0.9300,yes
779667ec-8d18-78c9-18e3-a2b2988796bc,KXMICHCOACH-26-CLEA,2025-12-13T01:56:55.659863Z,31.00,0.0600,0.9400,yes
7f7d2be6-4f89-67b2-bf19-2bb1acc8cf72,KXMICHCOACH-26-CLEA,2025-12-13T01:43:13.739871Z,25.00,0.0600,0.9400,yes
d58831b3-cf36-7905-4a9a-6938d4aca69a,KXMICHCOACH-26-CLEA,2025-12-13T01:37:38.562092Z,25.00,0.0600,0.9400,yes
9e97e3e8-0f8d-709e-765f-460f885c7782,KXMICHCOACH-26-CLEA,2025-12-13T01:37:38.562092Z,6.00,0.0600,0.9400,yes
aa52d203-8e94-790e-9e5d-1116e9a57ea4,KXMICHCOACH-26-CLEA,2025-12-13T01:34:41.056803Z,46.00,0.0600,0.9400,yes
784a1e56-103e-71d9-9a80-a206ae2cf5aa,KXMICHCOACH-26-CLEA,2025-12-13T01:34:41.056803Z,37.00,0.0600,0.9400,yes
4ba44203-4a42-71d6-80ee-8665dcc8b058,KXMICHCOACH-26-CLEA,2025-12-13T01:34:41.056803Z,17.00,0.0600,0.9400,yes
b452331b-aa7b-7136-6caa-ad7dd96add71,KXMICHCOACH-26-CLEA,2025-12-13T01:32:13.898083Z,77.00,0.0400,0.9600,no
c4d2b8ab-05a2-6656-eaf6-085a2afa3c7c,KXMICHCOACH-26-CLEA,2025-12-13T01:26:42.361562Z,62.00,0.0600,0.9400,yes
c3e33300-66a6-4462-5a30-350d0b20e06c,KXMICHCOACH-26-CLEA,2025-12-13T01:21:44.884587Z,46.00,0.0600,0.9400,yes
ebad373f-2997-45dd-d260-1164eca400e3,KXMICHCOACH-26-CLEA,2025-12-13T01:15:53.660825Z,180.00,0.0800,0.9200,yes
d2c03d66-8a57-4a37-da43-332f9ac4e10a,KXMICHCOACH-26-CLEA,2025-12-13T01:15:53.660825Z,125.00,0.0600,0.9400,yes
a3afe788-6cb9-4ad7-cb95-23967891b405,KXMICHCOACH-26-CLEA,2025-12-13T01:15:53.660825Z,1.00,0.0600,0.9400,yes
40c3a07b-01c8-4b3d-da61-9ab8b2b514b6,KXMICHCOACH-26-CLEA,2025-12-13T01:15:53.660825Z,66.00,0.0700,0.9300,yes
400cbd6c-58a2-480c-fee5-23f7a90ba336,KXMICHCOACH-26-CLEA,2025-12-13T01:15:53.660825Z,10.00,0.0700,0.9300,yes
3fd0b73b-1794-439d-ecc7-d4a6e2f36ef7,KXMICHCOACH-26-CLEA,2025-12-13T01:15:53.660825Z,1.00,0.0700,0.9300,yes
204a9189-5f5a-47b5-d0c4-95d6f397ac64,KXMICHCOACH-26-CLEA,2025-12-13T01:15:53.660825Z,78.00,0.0700,0.9300,yes
d7577aa5-a545-4dc1-c869-f68e0b9f80fa,KXMICHCOACH-26-CLEA,2025-12-13T01:07:46.502219Z,208.00,0.0600,0.9400,yes
074c8c1a-c16c-4002-d4b6-bfe179b39689,KXMICHCOACH-26-CLEA,2025-12-13T01:07:46.502219Z,125.00,0.0500,0.9500,yes
f58648e8-b0b2-5081-e3db-e6e5a2c152e7,KXMICHCOACH-26-CLEA,2025-12-13T01:04:20.299168Z,252.00,0.0500,0.9500,yes
c0bc89bf-ee65-5816-e5b3-654d21106f74,KXMICHCOACH-26-CLEA,2025-12-13T01:04:20.299168Z,70.00,0.0500,0.9500,yes
89ea0c53-d885-56ed-d772-0456fe967392,KXMICHCOACH-26-CLEA,2025-12-13T01:04:20.299168Z,939.00,0.0600,0.9400,yes
7f05add5-5d37-5517-c0fa-9d81d53801f4,KXMICHCOACH-26-CLEA,2025-12-13T01:04:20.299168Z,112.00,0.0500,0.9500,yes
380d90c1-526a-5e0c-e3b7-ec12073e9c4b,KXMICHCOACH-26-CLEA,2025-12-13T01:04:20.299168Z,1.00,0.0500,0.9500,yes
26364a6a-f98b-516e-e86a-2d0894ffc77c,KXMICHCOACH-26-CLEA,2025-12-13T01:04:20.299168Z,13.00,0.0500,0.9500,yes
871de5e1-e13b-6226-0418-818c6ccce51c,KXMICHCOACH-26-CLEA,2025-12-13T01:00:58.870552Z,37.00,0.0500,0.9500,yes
7e3e0c1b-9097-7aaa-6de2-8e85deff505c,KXMICHCOACH-26-CLEA,2025-12-13T01:00:58.045683Z,75.00,0.0500,0.9500,yes
d8c1cc0d-a35d-5fd6-7589-888903cfcd31,KXMICHCOACH-26-CLEA,2025-12-13T01:00:00.874535Z,1.00,0.0300,0.9700,yes
757bcb9b-6bd7-5924-4794-14f2edd18b13,KXMICHCOACH-26-CLEA,2025-12-13T01:00:00.874535Z,186.00,0.0300,0.9700,yes
568abd36-61bb-7e5a-afba-fb41b8dc55ed,KXMICHCOACH-26-CLEA,2025-12-13T00:51:58.584356Z,70.00,0.0200,0.9800,no
666fc780-472f-4be8-9134-12ea6cdddefb,KXMICHCOACH-26-CLEA,2025-12-13T00:51:51.919234Z,300.00,0.0300,0.9700,yes
79c39300-4207-5cc0-0c57-6fe26cc7fc3b,KXMICHCOACH-26-CLEA,2025-12-13T00:41:01.423352Z,93.00,0.0300,0.9700,yes
d6c16277-32d7-5fcc-6ec4-d9742da5760b,KXMICHCOACH-26-CLEA,2025-12-13T00:38:04.650221Z,312.00,0.0300,0.9700,yes
50863277-fd8b-4e04-64b6-c195a7b6559f,KXMICHCOACH-26-CLEA,2025-12-13T00:36:07.35616Z,156.00,0.0300,0.9700,yes
390ea851-9ccd-7216-03e8-2dff62f62001,KXMICHCOACH-26-CLEA,2025-12-13T00:33:44.226213Z,52.00,0.0100,0.9900,no
0c2e7967-c167-4b04-6b6c-d002cb1a21f7,KXMICHCOACH-26-CLEA,2025-12-13T00:23:34.78797Z,1534.00,0.0300,0.9700,yes
e4368150-8316-4fbf-b3a8-87de090ab238,KXMICHCOACH-26-CLEA,2025-12-13T00:18:06.955822Z,2104.00,0.0200,0.9800,yes
3d4876a9-8271-4d8c-96d3-863c4e4a22cc,KXMICHCOACH-26-CLEA,2025-12-13T00:18:06.955822Z,1896.00,0.0200,0.9800,yes
4012b706-17c1-7174-954e-dcefc04db760,KXMICHCOACH-26-CLEA,2025-12-13T00:11:22.741501Z,233.00,0.0200,0.9800,yes
600bd24f-eaf9-7c5c-0e46-3365be714bac,KXMICHCOACH-26-CLEA,2025-12-13T00:10:43.619238Z,93.00,0.0200,0.9800,yes
7c1f4479-60bc-44db-105c-b058905ac250,KXMICHCOACH-26-CLEA,2025-12-13T00:07:33.911746Z,93.00,0.0200,0.9800,yes
35f8d57e-f28c-722b-0b76-da7883084d78,KXMICHCOACH-26-CLEA,2025-12-13T00:05:55.780361Z,140.00,0.0200,0.9800,yes
e97b6d38-aa2c-71ef-e8ec-68a7ef25052c,KXMICHCOACH-26-CLEA,2025-12-13T00:05:06.541831Z,462.00,0.0200,0.9800,yes
d3d929cb-93b4-7713-5a96-f71cf7a10124,KXMICHCOACH-26-CLEA,2025-12-13T00:02:56.128723Z,1000.00,0.0200,0.9800,yes
65099f15-6f1c-5733-3cad-1d72b9e82b0c,KXMICHCOACH-26-CLEA,2025-12-12T23:59:27.687067Z,327.00,0.0200,0.9800,yes
ec2d5510-d814-6e14-9d7b-59155d00e742,KXMICHCOACH-26-CLEA,2025-12-12T23:19:02.368924Z,500.00,0.0100,0.9900,no
6801a955-d328-5f0f-5fa4-e92ed34e5310,KXMICHCOACH-26-CLEA,2025-12-12T23:18:52.328892Z,200.00,0.0200,0.9800,yes
027405de-7dec-4d2b-b3e5-43ffb30e0664,KXMICHCOACH-26-CLEA,2025-12-12T23:18:10.005283Z,2000.00,0.0100,0.9900,no
e1372364-2a9c-61b3-ac43-9847e60a3a2a,KXMICHCOACH-26-CLEA,2025-12-12T23:06:01.491333Z,131.00,0.0300,0.9700,yes
bfd8ecda-578b-65f4-b894-3290e186a53f,KXMICHCOACH-26-CLEA,2025-12-12T23:06:01.491333Z,2419.00,0.0300,0.9700,yes
be1c53d7-bed1-640f-9a00-05bec7039629,KXMICHCOACH-26-CLEA,2025-12-12T23:06:01.491333Z,920.00,0.0200,0.9800,yes
a8699219-abf3-614f-abfa-0cca804852ea,KXMICHCOACH-26-CLEA,2025-12-12T23:06:01.491333Z,1000.00,0.0200,0.9800,yes
53096735-bdcc-6b6a-a83b-30289f45e77f,KXMICHCOACH-26-CLEA,2025-12-12T23:06:01.491333Z,1000.00,0.0200,0.9800,yes
2e73bdf7-6857-6d53-8200-b9545accc24b,KXMICHCOACH-26-CLEA,2025-12-12T23:06:01.491333Z,25.00,0.0200,0.9800,yes
2b382b81-8df3-66c3-a4f1-1ab78877dcb8,KXMICHCOACH-26-CLEA,2025-12-12T23:06:01.491333Z,250.00,0.0200,0.9800,yes
b961090c-3be5-401b-aae6-be36fb999ff5,KXMICHCOACH-26-CLEA,2025-12-12T23:05:57.394151Z,46.00,0.0200,0.9800,yes
cb514edc-23d2-6ef6-6aae-8b7e485a20ee,KXMICHCOACH-26-CLEA,2025-12-12T23:03:52.608368Z,3145.00,0.0100,0.9900,no
17e36240-303e-6c8e-750f-66e36a590c5b,KXMICHCOACH-26-CLEA,2025-12-12T23:03:52.608368Z,2000.00,0.0100,0.9900,no
6af004df-6402-418e-ed3f-96e29018563a,KXMICHCOACH-26-CLEA,2025-12-12T22:56:26.70477Z,281.00,0.0100,0.9900,no
83e25a70-5ab6-6f32-0563-8d6ab35b1b72,KXMICHCOACH-26-CLEA,2025-12-12T22:48:26.134218Z,12.00,0.0100,0.9900,no
322ecf80-c956-6ace-5111-0a0a5892e3fe,KXMICHCOACH-26-CLEA,2025-12-12T22:48:24.568031Z,55.00,0.0100,0.9900,no
0c52c64d-7fb6-6922-a6b2-949101c86492,KXMICHCOACH-26-CLEA,2025-12-12T22:48:23.325465Z,185.00,0.0100,0.9900,no
404bc919-a9e6-5b3a-a09b-2ebea2961d08,KXMICHCOACH-26-CLEA,2025-12-12T22:48:21.883983Z,2.00,0.0200,0.9800,no
3ee1d650-fd48-50a3-a526-3e16ae05b6a1,KXMICHCOACH-26-CLEA,2025-12-12T22:48:21.883983Z,11.00,0.0200,0.9800,no
88785ff4-a68a-7b1a-5f8f-5d8234557a9c,KXMICHCOACH-26-CLEA,2025-12-12T22:48:20.560308Z,2.00,0.0200,0.9800,no
7f47b6c4-9bd4-4b4b-1b62-ed91f67703fe,KXMICHCOACH-26-CLEA,2025-12-12T22:45:02.202522Z,156.00,0.0300,0.9700,yes
874c2119-7ec6-4946-04a9-e07760e86c4c,KXMICHCOACH-26-CLEA,2025-12-12T22:44:28.887664Z,3.00,0.0200,0.9800,no
34a76571-815c-516d-390e-eb39414205cc,KXMICHCOACH-26-CLEA,2025-12-12T22:42:15.547254Z,160.00,0.0200,0.9800,no
be3e0195-d080-754d-3015-f8c9f2bd5f44,KXMICHCOACH-26-CLEA,2025-12-12T22:42:00.862742Z,215.00,0.0200,0.9800,no
4e880369-18c8-65f1-2de6-40c0f760b75c,KXMICHCOACH-26-CLEA,2025-12-12T22:41:32.310675Z,29.00,0.0200,0.9800,no
f6985339-1e54-722d-d5d7-ac78054e407c,KXMICHCOACH-26-CLEA,2025-12-12T22:38:16.383055Z,60.00,0.0200,0.9800,no
f072619e-2d30-5fbf-dc0b-a0aed2d844da,KXMICHCOACH-26-CLEA,2025-12-12T22:37:15.544833Z,280.00,0.0300,0.9700,yes
7aca4407-5428-6475-fe2d-9ebe35246e70,KXMICHCOACH-26-CLEA,2025-12-12T22:36:12.9991Z,36.00,0.0200,0.9800,no
30873941-ecae-69e1-f677-cf7add73bea3,KXMICHCOACH-26-CLEA,2025-12-12T22:36:12.9991Z,7.00,0.0200,0.9800,no
cee39a62-3d4e-5429-39b7-52082aa5f91f,KXMICHCOACH-26-CLEA,2025-12-12T22:36:11.750755Z,7.00,0.0200,0.9800,no
ab2e9609-5c08-4533-7af7-2ad75f0a8e7a,KXMICHCOACH-26-CLEA,2025-12-12T22:16:30.501343Z,156.00,0.0300,0.9700,yes
acc53b36-553c-7a6a-4813-f2a9d206a303,KXMICHCOACH-26-CLEA,2025-12-12T22:06:27.78188Z,93.00,0.0200,0.9800,no
a6ee9708-dd68-6d3f-1868-06dc32d31196,KXMICHCOACH-26-CLEA,2025-12-12T21:57:57.426409Z,218.00,0.0300,0.9700,yes
229aed2d-a934-4ce7-49bb-94db7a03eeae,KXMICHCOACH-26-CLEA,2025-12-12T21:50:43.919231Z,200.00,0.0300,0.9700,yes
e0f1faeb-b984-4b4b-e6fb-c87335ee7e8a,KXMICHCOACH-26-CLEA,2025-12-12T21:50:06.243431Z,200.00,0.0300,0.9700,yes
d9a96646-64b8-45da-28f7-a442f1b1cce3,KXMICHCOACH-26-CLEA,2025-12-12T21:43:30.404633Z,110.00,0.0200,0.9800,no
c916d877-14c8-73ab-fe62-6cc2cce90b3a,KXMICHCOACH-26-CLEA,2025-12-12T21:42:28.307214Z,2155.00,0.0300,0.9700,yes
73010e4a-666c-7b49-c553-0f3644db1100,KXMICHCOACH-26-CLEA,2025-12-12T21:42:28.307214Z,966.00,0.0300,0.9700,yes
a749803b-ddc0-5dbf-6286-8f6dce14a786,KXMICHCOACH-26-CLEA,2025-12-12T21:19:26.762123Z,23.00,0.0400,0.9600,yes
98b43d8c-d4f8-5cc3-7a5b-5e1946e651ea,KXMICHCOACH-26-CLEA,2025-12-12T20:56:54.585977Z,70.00,0.0400,0.9600,yes
e77a5901-ce25-5dd6-c62c-ae2456c1ee53,KXMICHCOACH-26-CLEA,2025-12-12T20:43:00.690168Z,998.00,0.0300,0.9700,yes
0bcc8e8c-1a75-5f5c-eb03-9802d8c7ee1b,KXMICHCOACH-26-CLEA,2025-12-12T20:43:00.690168Z,26.00,0.0300,0.9700,yes
868a2eca-ed82-6775-9a39-9459402ce471,KXMICHCOACH-26-CLEA,2025-12-12T20:39:20.258771Z,2.00,0.0300,0.9700,no
d21dd9ac-0328-4df7-ba71-3d0d91f9beea,KXMICHCOACH-26-CLEA,2025-12-12T20:36:08.698967Z,11.00,0.0400,0.9600,yes
827a4806-1761-68ca-5e8c-f46d004ddf23,KXMICHCOACH-26-CLEA,2025-12-12T20:13:43.026055Z,500.00,0.0300,0.9700,no
2e820616-7399-62ee-68f0-8656dc9bcaa0,KXMICHCOACH-26-CLEA,2025-12-12T20:13:43.026055Z,342.00,0.0300,0.9700,no
2cbf85df-d970-673e-5235-a71e3729bff3,KXMICHCOACH-26-CLEA,2025-12-12T20:13:43.026055Z,536.00,0.0200,0.9800,no
048f26fe-0fa5-6e16-6c4a-805895f7f272,KXMICHCOACH-26-CLEA,2025-12-12T20:13:43.026055Z,3.00,0.0300,0.9700,no
d65605de-0cfc-7f9c-1951-99a81ffb31ec,KXMICHCOACH-26-CLEA,2025-12-12T19:38:14.94919Z,4000.00,0.0400,0.9600,yes
d38966c6-9d4a-7bad-225c-39ee3aeca12f,KXMICHCOACH-26-CLEA,2025-12-12T19:38:14.94919Z,200.00,0.0500,0.9500,yes
d0f560ee-7d19-754c-2004-edece3c7e908,KXMICHCOACH-26-CLEA,2025-12-12T19:38:14.94919Z,500.00,0.0500,0.9500,yes
b86a9ae5-6940-7509-1c21-c40e55b51982,KXMICHCOACH-26-CLEA,2025-12-12T19:38:14.94919Z,434.00,0.0700,0.9300,yes
957a068e-500a-7894-3604-05daba4391ea,KXMICHCOACH-26-CLEA,2025-12-12T19:38:14.94919Z,1000.00,0.0400,0.9600,yes
8a8f2347-593c-7676-2af0-871d4de64ac5,KXMICHCOACH-26-CLEA,2025-12-12T19:38:14.94919Z,83.00,0.0400,0.9600,yes
832fb170-6dc6-7e16-3bcd-dc79994c1627,KXMICHCOACH-26-CLEA,2025-12-12T19:38:14.94919Z,200.00,0.0400,0.9600,yes
2c7af639-bebf-7f09-04dc-0be7ca69c0e1,KXMICHCOACH-26-CLEA,2025-12-12T19:38:14.94919Z,594.00,0.0500,0.9500,yes
1c386d6c-9200-7dfd-0716-d14f56ba4b53,KXMICHCOACH-26-CLEA,2025-12-12T19:38:14.94919Z,500.00,0.0600,0.9400,yes
14e812c2-70ac-7975-06ab-da3a9d6d7d83,KXMICHCOACH-26-CLEA,2025-12-12T19:38:14.94919Z,900.00,0.0400,0.9600,yes
0871f120-eafb-7d82-34f8-f1bf4b14f5ad,KXMICHCOACH-26-CLEA,2025-12-12T19:38:14.94919Z,1233.00,0.0400,0.9600,yes
ed9ba046-de12-4da3-8332-d2b8d19503e0,KXMICHCOACH-26-CLEA,2025-12-12T19:21:45.469666Z,7.00,0.0300,0.9700,no
8427aa36-858d-44ca-9ddf-db409a1cd64c,KXMICHCOACH-26-CLEA,2025-12-12T19:21:45.469666Z,658.00,0.0300,0.9700,no
fae37b2c-47d4-7c7e-4dd6-3b7f54a77a97,KXMICHCOACH-26-CLEA,2025-12-12T19:16:34.151895Z,97.00,0.0200,0.9800,no
b512ab88-3b6f-74b4-6546-c989772d8a13,KXMICHCOACH-26-CLEA,2025-12-12T19:16:34.151895Z,12.00,0.0300,0.9700,no
f76453f0-59ef-4a5d-633f-bbbc44a029e3,KXMICHCOACH-26-CLEA,2025-12-12T19:16:18.708288Z,49.00,0.0300,0.9700,no
bc3d6578-2e2f-47c4-6611-323cd0afda87,KXMICHCOACH-26-CLEA,2025-12-12T19:16:18.708288Z,1.00,0.0300,0.9700,no
74ab9afc-17cb-4ded-f327-56baa5035f07,KXMICHCOACH-26-CLEA,2025-12-12T19:16:04.881554Z,29.00,0.0300,0.9700,no
fd89724e-4a67-6e9d-d34c-a0b741ab01a7,KXMICHCOACH-26-CLEA,2025-12-12T19:15:41.392762Z,72.00,0.0300,0.9700,no
f993de20-87e0-4a89-7110-688f677e138b,KXMICHCOACH-26-CLEA,2025-12-12T18:33:55.97629Z,100.00,0.0400,0.9600,yes
ad1c59d1-986d-74ff-3ab1-532c330925e7,KXMICHCOACH-26-CLEA,2025-12-12T18:28:28.464211Z,1000.00,0.0400,0.9600,no
b1adfaea-9207-6a0e-b277-751a17b80611,KXMICHCOACH-26-CLEA,2025-12-12T18:25:07.389007Z,468.00,0.0500,0.9500,yes
71bbd78a-99b3-4202-80f7-8c7916ecafd1,KXMICHCOACH-26-CLEA,2025-12-12T18:05:46.178795Z,18.00,0.0500,0.9500,yes
699dd6eb-018b-419a-fe15-bfbcf2601729,KXMICHCOACH-26-CLEA,2025-12-12T17:46:42.160211Z,56.00,0.0500,0.9500,yes
f1b0e6bb-f92b-4d52-6849-dffa13e55509,KXMICHCOACH-26-CLEA,2025-12-12T17:25:40.870557Z,125.00,0.0500,0.9500,yes
b6956889-674f-74a2-a57a-87a94c570a71,KXMICHCOACH-26-CLEA,2025-12-12T17:13:51.224531Z,3.00,0.0500,0.9500,yes
cdc1cd5b-9bdf-780e-bb5e-fde221147175,KXMICHCOACH-26-CLEA,2025-12-12T17:05:16.371724Z,37.00,0.0500,0.9500,yes
3ba78b14-67eb-4306-6d28-9b5a91c30935,KXMICHCOACH-26-CLEA,2025-12-12T17:02:55.100254Z,187.00,0.0500,0.9500,yes
e9620b98-eb44-401d-d8cc-4a41577e0fb4,KXMICHCOACH-26-CLEA,2025-12-12T16:48:58.268571Z,1000.00,0.0400,0.9600,yes
9e6ccd95-23f4-46f9-eabe-c7c74975faaf,KXMICHCOACH-26-CLEA,2025-12-12T16:48:58.268571Z,286.00,0.0400,0.9600,yes
445cd674-eb5d-4f0b-e7cc-4622cd83468a,KXMICHCOACH-26-CLEA,2025-12-12T16:48:58.268571Z,1000.00,0.0400,0.9600,yes
424552e0-cd30-4e3d-f181-846fbd455bfb,KXMICHCOACH-26-CLEA,2025-12-12T16:48:58.268571Z,27.00,0.0400,0.9600,yes
7458a94c-9570-4819-a72e-f2dfbbd37733,KXMICHCOACH-26-CLEA,2025-12-12T16:36:57.95783Z,23.00,0.0400,0.9600,yes
9b27280d-e0cf-5671-9dcf-3c04de93b43b,KXMICHCOACH-26-CLEA,2025-12-12T16:31:38.906055Z,50.00,0.0300,0.9700,no
01351bd4-a5ac-6a5d-f0f7-1d11f2936f67,KXMICHCOACH-26-CLEA,2025-12-12T15:46:02.418143Z,125.00,0.0400,0.9600,yes
b09657ca-de9c-56a0-f438-fcc25fd89fb4,KXMICHCOACH-26-CLEA,2025-12-12T15:46:00.092748Z,173.00,0.0400,0.9600,no
8ca7f7e1-bc5f-56b4-dfe0-7b338a3a6f66,KXMICHCOACH-26-CLEA,2025-12-12T15:46:00.092748Z,125.00,0.0400,0.9600,no
218d1c34-5985-5976-c6c0-93f75df3da55,KXMICHCOACH-26-CLEA,2025-12-12T15:46:00.092748Z,268.00,0.0400,0.9600,no
76554675-9e64-7c58-1dc1-b8ac96984cc8,KXMICHCOACH-26-CLEA,2025-12-12T15:41:02.425468Z,27.00,0.0400,0.9600,no
e656769d-c2fb-7476-345f-a8f11fd0f9d1,KXMICHCOACH-26-CLEA,2025-12-12T15:29:22.450419Z,375.00,0.0500,0.9500,yes
e4a47ec8-891f-6c96-b660-863e8e849fe1,KXMICHCOACH-26-CLEA,2025-12-12T15:24:44.064303Z,30.00,0.0500,0.9500,yes
d28f6d3a-7b2f-55be-6408-0379f10826e1,KXMICHCOACH-26-CLEA,2025-12-12T15:23:52.113739Z,32.00,0.0500,0.9500,yes
c5678d5f-fb07-52da-c068-b076e5d31851,KXMICHCOACH-26-CLEA,2025-12-12T15:19:43.138779Z,38.00,0.0500,0.9500,yes
222aa8db-729f-7ca7-8508-0a3989c2db43,KXMICHCOACH-26-CLEA,2025-12-12T15:18:43.535216Z,91.00,0.0400,0.9600,no
5a014c4d-f22a-6522-60dc-e7d2312789bd,KXMICHCOACH-26-CLEA,2025-12-12T15:18:43.241449Z,34.00,0.0400,0.9600,yes
e0d5a207-ffdc-53fa-0929-404d43a2845a,KXMICHCOACH-26-CLEA,2025-12-12T15:18:36.246762Z,91.00,0.0400,0.9600,no
d7c1e752-675b-72fa-0734-7393afa7d4c9,KXMICHCOACH-26-CLEA,2025-12-12T15:16:18.085416Z,100.00,0.0500,0.9500,yes
f3d74ad0-df87-6c3a-1f66-8980152499e9,KXMICHCOACH-26-CLEA,2025-12-12T14:42:48.529125Z,100.00,0.0500,0.9500,yes
9fea6dd4-7a4b-51a2-c811-b4d898e035ad,KXMICHCOACH-26-CLEA,2025-12-12T14:35:59.524409Z,379.00,0.0500,0.9500,yes
8fdb41e1-b557-54f9-dc57-1639d65055fb,KXMICHCOACH-26-CLEA,2025-12-12T14:35:59.524409Z,15.00,0.0500,0.9500,yes
0adf6c06-922b-6139-f511-af6064225723,KXMICHCOACH-26-CLEA,2025-12-12T14:33:49.996206Z,200.00,0.0500,0.9500,yes
f9f6df95-62c0-67fa-983f-4a044e6abbf2,KXMICHCOACH-26-CLEA,2025-12-12T14:27:24.904122Z,156.00,0.0400,0.9600,no
a539bf92-6ebc-78a6-3b26-3b068eb9ddfa,KXMICHCOACH-26-CLEA,2025-12-12T14:27:16.191528Z,4.00,0.0400,0.9600,no
3306e310-fbcb-6aa1-e155-fc5a49ced96b,KXMICHCOACH-26-CLEA,2025-12-12T14:27:14.978908Z,18.00,0.0500,0.9500,yes
0ee4e655-4cc0-5f1e-b875-219368aeefe6,KXMICHCOACH-26-CLEA,2025-12-12T14:24:37.177102Z,10.00,0.0400,0.9600,no
e3d0a937-4e70-5b46-a6e6-5d2913420622,KXMICHCOACH-26-CLEA,2025-12-12T14:14:56.032314Z,39.00,0.0400,0.9600,no
10dd2977-c4b4-524b-8e82-3f07dfcb04f5,KXMICHCOACH-26-CLEA,2025-12-12T14:14:56.032314Z,46.00,0.0400,0.9600,no
b36d39cb-83ae-674a-3f5a-5286979afd6c,KXMICHCOACH-26-CLEA,2025-12-12T14:10:38.330528Z,233.00,0.0500,0.9500,yes
581e66c6-f92f-65b9-1dae-1b084bcb4aa7,KXMICHCOACH-26-CLEA,2025-12-12T14:10:38.330528Z,767.00,0.0500,0.9500,yes
1c864ec6-ed82-4846-f560-ed25d69194e0,KXMICHCOACH-26-CLEA,2025-12-12T14:00:49.858871Z,14.00,0.0500,0.9500,yes
aea26c93-f842-4d5a-ac47-db792b20f184,KXMICHCOACH-26-CLEA,2025-12-12T13:57:16.248451Z,41.00,0.0500,0.9500,yes
d3abe35d-796e-7b36-56dc-3d6884d78e60,KXMICHCOACH-26-CLEA,2025-12-12T13:46:03.075757Z,187.00,0.0500,0.9500,yes
7a2d834e-091e-7ed2-df68-0bf972213710,KXMICHCOACH-26-CLEA,2025-12-12T13:10:09.61275Z,1125.00,0.0500,0.9500,yes
51aa6f7d-c02a-6eea-cff0-0e792d0722c8,KXMICHCOACH-26-CLEA,2025-12-12T12:35:59.871333Z,56.00,0.0500,0.9500,yes
eee83237-fcec-5d07-2d83-46c41ee21ba1,KXMICHCOACH-26-CLEA,2025-12-12T12:18:28.790501Z,12.00,0.0400,0.9600,no
1bf862b4-497c-4edf-97e3-3cf39b25f151,KXMICHCOACH-26-CLEA,2025-12-12T12:15:39.415335Z,13.00,0.0400,0.9600,no
b605bd63-364e-4586-7147-f1b89e4a292c,KXMICHCOACH-26-CLEA,2025-12-12T12:11:34.904625Z,475.00,0.0500,0.9500,yes
68bd2fef-e7ea-497a-71c5-ae823b920fe4,KXMICHCOACH-26-CLEA,2025-12-12T12:09:09.106419Z,468.00,0.0500,0.9500,yes
4f4095dd-4bba-408a-12c6-331899f24c4c,KXMICHCOACH-26-CLEA,2025-12-12T11:47:23.940809Z,187.00,0.0500,0.9500,yes
24296fe1-b30e-68d2-d972-41cdd6ea4330,KXMICHCOACH-26-CLEA,2025-12-12T09:24:51.069089Z,281.00,0.0500,0.9500,yes
53787d45-a7e6-5cb6-2a72-15519bed7a00,KXMICHCOACH-26-CLEA,2025-12-12T08:43:33.934475Z,2.00,0.0500,0.9500,yes
9d349cfb-515e-63c2-565b-3f1512e2e0a0,KXMICHCOACH-26-CLEA,2025-12-12T07:35:36.649955Z,28.00,0.0500,0.9500,yes
90d29fcd-c206-5fce-5348-cdd938a9ac74,KXMICHCOACH-26-CLEA,2025-12-12T07:20:32.191889Z,267.00,0.0500,0.9500,yes
67372044-4939-5e44-7828-a517f84e7e74,KXMICHCOACH-26-CLEA,2025-12-12T07:20:32.191889Z,108.00,0.0500,0.9500,yes
53225816-de1d-4288-2803-8958c7105d8c,KXMICHCOACH-26-CLEA,2025-12-12T07:15:00.973515Z,142.00,0.0500,0.9500,yes
55ff9014-34fd-41dc-9049-0d71e5ec3c10,KXMICHCOACH-26-CLEA,2025-12-12T06:47:14.261503Z,750.00,0.0500,0.9500,yes
5c49cf49-90b3-6d6a-f84f-b0a2d2934f5a,KXMICHCOACH-26-CLEA,2025-12-12T05:28:53.700928Z,100.00,0.0500,0.9500,yes
6ffebed8-5d94-5ad7-5d2e-83e10c11da35,KXMICHCOACH-26-CLEA,2025-12-12T05:14:06.239893Z,179.00,0.0400,0.9600,no
30fad82f-70f3-5fb9-61bb-487c7d243f04,KXMICHCOACH-26-CLEA,2025-12-12T05:14:06.239893Z,266.00,0.0400,0.9600,no
5949c361-92bf-4faa-b3f5-f3d09297e38e,KXMICHCOACH-26-CLEA,2025-12-12T04:43:10.833264Z,93.00,0.0500,0.9500,yes
ebfcab71-0d37-5106-5acf-1c5d3c4834e2,KXMICHCOACH-26-CLEA,2025-12-12T04:14:58.410501Z,468.00,0.0500,0.9500,yes
15caf3fa-d3b3-667a-e756-d4a73aab4d66,KXMICHCOACH-26-CLEA,2025-12-12T04:14:02.60691Z,19.00,0.0500,0.9500,yes
892f35e9-43d7-5875-4f28-67a3d5b2cbdb,KXMICHCOACH-26-CLEA,2025-12-12T03:51:11.13685Z,435.00,0.0500,0.9500,yes
4d97becc-77c7-5f32-6df7-0caf7fd7d041,KXMICHCOACH-26-CLEA,2025-12-12T03:51:11.13685Z,419.00,0.0600,0.9400,yes
c2e6f454-4cc7-6cad-b597-b488923963ab,KXMICHCOACH-26-CLEA,2025-12-12T03:45:34.223873Z,104.00,0.0500,0.9500,yes
88bee8a7-b416-6d70-b56e-078c974c9e0f,KXMICHCOACH-26-CLEA,2025-12-12T03:45:34.223873Z,83.00,0.0500,0.9500,yes
e992a4a6-130f-6431-e5ff-d1386330e470,KXMICHCOACH-26-CLEA,2025-12-12T03:41:21.665564Z,234.00,0.0400,0.9600,no
3588219a-c962-4334-1d2a-0249d8feaa03,KXMICHCOACH-26-CLEA,2025-12-12T03:24:11.1299Z,468.00,0.0500,0.9500,yes
26862876-ebda-7a24-d90f-76b94a1467bb,KXMICHCOACH-26-CLEA,2025-12-12T02:51:31.454836Z,50.00,0.0500,0.9500,yes
e0fdcbe4-401a-4500-f32b-be978ecb2bef,KXMICHCOACH-26-CLEA,2025-12-12T02:43:28.786898Z,187.00,0.0500,0.9500,yes
9b31a236-9585-722b-4982-61d8b41ef2d8,KXMICHCOACH-26-CLEA,2025-12-12T02:25:42.325779Z,112.00,0.0500,0.9500,no
3b1d2bbe-d37e-761c-7e34-60e9f241f4ef,KXMICHCOACH-26-CLEA,2025-12-12T02:25:42.325779Z,100.00,0.0500,0.9500,no
eba1b574-6573-4101-f065-9bbfe9640caf,KXMICHCOACH-26-CLEA,2025-12-12T01:59:16.159413Z,234.00,0.0600,0.9400,yes
38f7a3ba-a0b5-47e3-f24a-c4e3133f8a54,KXMICHCOACH-26-CLEA,2025-12-12T01:50:17.395239Z,461.00,0.0500,0.9500,no
476b2588-21e9-602b-d9d1-b3eb1e4595c8,KXMICHCOACH-26-CLEA,2025-12-12T01:30:15.828001Z,21.00,0.0500,0.9500,no
5c0091f5-dca9-7b17-65d0-a9995ee98f9c,KXMICHCOACH-26-CLEA,2025-12-12T01:24:59.236421Z,72.00,0.0500,0.9500,no
5caeef26-d8cb-5429-e80c-a81c689e90f3,KXMICHCOACH-26-CLEA,2025-12-12T01:21:12.298707Z,37.00,0.0600,0.9400,yes
932a9ea2-0763-5ca9-1239-e791286e0717,KXMICHCOACH-26-CLEA,2025-12-12T00:58:53.275881Z,34.00,0.0600,0.9400,yes
55a3dd61-899f-5a69-b3ec-2405b04d0557,KXMICHCOACH-26-CLEA,2025-12-12T00:25:59.343678Z,156.00,0.0600,0.9400,yes
67b873b9-d689-4341-bc1b-b30bf0bdb3a4,KXMICHCOACH-26-CLEA,2025-12-11T23:54:23.213909Z,626.00,0.0600,0.9400,yes
27003a50-050a-47ce-945e-efd85b4a8788,KXMICHCOACH-26-CLEA,2025-12-11T23:54:23.213909Z,2749.00,0.0700,0.9300,yes
b5e2c003-d2d4-6d01-e67d-18cd3111be8a,KXMICHCOACH-26-CLEA,2025-12-11T23:41:06.492205Z,52.00,0.0500,0.9500,no
7e301fd0-3b21-6a7d-4489-8b95f78f50d0,KXMICHCOACH-26-CLEA,2025-12-11T23:39:02.267913Z,15.00,0.0600,0.9400,yes
0c569a24-47d9-6f99-e3e3-50e7d1515314,KXMICHCOACH-26-CLEA,2025-12-11T23:30:08.508461Z,75.00,0.0600,0.9400,yes
dba348d1-bd35-4e95-b6af-e34f8cf62ccc,KXMICHCOACH-26-CLEA,2025-12-11T23:24:32.68775Z,250.00,0.0600,0.9400,yes
78227560-b182-7afe-e4ca-6a013de58fb0,KXMICHCOACH-26-CLEA,2025-12-11T23:11:43.877069Z,67.00,0.0700,0.9300,yes
b64cf229-777e-5e22-09e3-15691091c87c,KXMICHCOACH-26-CLEA,2025-12-11T23:05:46.251007Z,71.00,0.0700,0.9300,yes
9a46274f-ba42-547c-3fe2-346020deb5ff,KXMICHCOACH-26-CLEA,2025-12-11T23:05:46.251007Z,430.00,0.0600,0.9400,yes
44592581-6731-5c2b-fc70-667c60c8a6ab,KXMICHCOACH-26-CLEA,2025-12-11T22:56:56.550306Z,70.00,0.0600,0.9400,no
f14164c5-9777-4d05-c24c-05fe4c3ef532,KXMICHCOACH-26-CLEA,2025-12-11T22:50:10.055833Z,769.00,0.0600,0.9400,yes
6431f882-e55a-42ca-e7f9-51561a355ee4,KXMICHCOACH-26-CLEA,2025-12-11T22:50:10.055833Z,10.00,0.0700,0.9300,yes
f48b6712-c8bb-468d-5d6b-da55b660b566,KXMICHCOACH-26-CLEA,2025-12-11T22:40:58.371141Z,78.00,0.0600,0.9400,yes
57f54b1d-a2c7-7a39-c4a6-f7c4feef2e82,KXMICHCOACH-26-CLEA,2025-12-11T22:06:06.190967Z,153.00,0.0600,0.9400,yes
2238039d-3ce2-6d12-b3eb-29d9dc9f8348,KXMICHCOACH-26-CLEA,2025-12-11T21:40:41.07712Z,134.00,0.0700,0.9300,yes
e3331613-b5aa-6126-c59a-b6368c387214,KXMICHCOACH-26-CLEA,2025-12-11T21:24:39.066494Z,50.00,0.0700,0.9300,yes
8af2c312-9d6f-6700-7ca2-3c7d3c0340e6,KXMICHCOACH-26-CLEA,2025-12-11T21:21:58.809305Z,271.00,0.0600,0.9400,yes
2dcfbfdc-92d1-6527-4d5b-859a41c94787,KXMICHCOACH-26-CLEA,2025-12-11T21:21:58.809305Z,1098.00,0.0500,0.9500,yes
21f4c5a8-a9a2-61b2-6c6a-cc224c0cd4a0,KXMICHCOACH-26-CLEA,2025-12-11T21:21:58.809305Z,994.00,0.0700,0.9300,yes
315ff49e-0d9d-5f17-46a8-fb116901d18f,KXMICHCOACH-26-CLEA,2025-12-11T21:18:30.058163Z,937.00,0.0500,0.9500,yes
e5289f39-0eb4-5d1e-b4a7-d4bec2bfa361,KXMICHCOACH-26-CLEA,2025-12-11T21:16:02.611295Z,311.00,0.0400,0.9600,no
0b9bf287-7011-5c02-96f7-c2f3d05f5c0c,KXMICHCOACH-26-CLEA,2025-12-11T21:16:02.611295Z,271.00,0.0400,0.9600,no
33cbb5eb-9fe4-4a1a-03f3-61f107dd657d,KXMICHCOACH-26-CLEA,2025-12-11T21:16:01.366873Z,10.00,0.0400,0.9600,no
854af82d-03a0-6d32-d79a-843594264c29,KXMICHCOACH-26-CLEA,2025-12-11T21:15:18.980738Z,79.00,0.0400,0.9600,no
362e518a-829c-6d82-e680-7d8f56dc2a39,KXMICHCOACH-26-CLEA,2025-12-11T21:14:21.868563Z,100.00,0.0400,0.9600,no
d7366f94-7a60-5f04-7e7c-090d69c64ecc,KXMICHCOACH-26-CLEA,2025-12-11T21:10:57.972401Z,100.00,0.0600,0.9400,no
1739325f-086b-62a0-b696-ebe7ecd7d829,KXMICHCOACH-26-CLEA,2025-12-11T21:04:30.334559Z,55.00,0.0600,0.9400,no
dde0e02c-0f2f-40b4-15d3-7f9d3b3fc0ed,KXMICHCOACH-26-CLEA,2025-12-11T21:03:42.504125Z,21.00,0.0600,0.9400,no
2c69a1b4-3309-4dbb-ccdb-bfe64449cf57,KXMICHCOACH-26-CLEA,2025-12-11T21:01:17.814999Z,100.00,0.0700,0.9300,yes
1359a3e1-268d-7343-4a0d-4e4d5e9c6b7b,KXMICHCOACH-26-CLEA,2025-12-11T20:36:37.151724Z,109.00,0.0700,0.9300,yes
8b31aba7-2967-7720-0aac-5d22d271f5c1,KXMICHCOACH-26-CLEA,2025-12-11T20:31:42.78101Z,5.00,0.0600,0.9400,no
22bc6f91-e7d9-608f-8035-64a2c797e033,KXMICHCOACH-26-CLEA,2025-12-11T20:28:58.992858Z,67.00,0.0700,0.9300,yes
29a062d6-0a71-6c3b-77a0-cb328ef2b9f3,KXMICHCOACH-26-CLEA,2025-12-11T20:13:45.214245Z,134.00,0.0700,0.9300,yes
0f7faeb1-9863-5054-eb24-9ec4132cdc0d,KXMICHCOACH-26-CLEA,2025-12-11T20:06:13.481455Z,166.00,0.0600,0.9400,no
0e3cdfe9-07cd-65ff-76a2-ef2ae15933c7,KXMICHCOACH-26-CLEA,2025-12-11T20:04:56.650852Z,670.00,0.0700,0.9300,yes
01ad81c4-4be5-4883-1300-848e8c62f7e7,KXMICHCOACH-26-CLEA,2025-12-11T20:04:40.80614Z,134.00,0.0700,0.9300,yes
2f1c72d6-caa3-72b6-4611-464019fd3679,KXMICHCOACH-26-CLEA,2025-12-11T20:01:59.863151Z,547.00,0.0700,0.9300,yes
0031a124-f901-7be3-57a6-0ea34b479cf3,KXMICHCOACH-26-CLEA,2025-12-11T20:01:59.863151Z,123.00,0.0700,0.9300,yes
d0f64781-29c7-5b1c-3f62-b6b497fc9355,KXMICHCOACH-26-CLEA,2025-12-11T19:55:10.173251Z,100.00,0.0600,0.9400,no
d414e343-7577-745e-09ba-83a464484d5d,KXMICHCOACH-26-CLEA,2025-12-11T19:50:17.774321Z,134.00,0.0700,0.9300,yes
25ef64c1-6f4f-7700-20e7-f7e59a644d01,KXMICHCOACH-26-CLEA,2025-12-11T19:46:23.553595Z,153.00,0.0600,0.9400,no
bf59011b-a162-4f2f-d25c-c09ef697dfc7,KXMICHCOACH-26-CLEA,2025-12-11T19:46:08.109197Z,285.00,0.0700,0.9300,no
89d5f4d2-0d36-6a6b-94e3-5edf0077591f,KXMICHCOACH-26-CLEA,2025-12-11T19:41:42.045422Z,20.00,0.0700,0.9300,no
026bb0b2-2ece-46fb-2ef7-3e3e5eb3922f,KXMICHCOACH-26-CLEA,2025-12-11T19:33:00.25541Z,53.00,0.0700,0.9300,no
c5b4c29d-c8b8-70ee-d749-6fa498ef7014,KXMICHCOACH-26-CLEA,2025-12-11T19:32:48.644635Z,83.00,0.0800,0.9200,yes
372ceffb-3585-7763-feab-e931ffa0a537,KXMICHCOACH-26-CLEA,2025-12-11T19:32:48.644635Z,34.00,0.0800,0.9200,yes
5a8bdfab-5c14-795e-0b59-dc63ddbf3100,KXMICHCOACH-26-CLEA,2025-12-11T19:26:12.558048Z,117.00,0.0800,0.9200,yes
05828a2f-d892-424b-8d47-d9d4e93b9903,KXMICHCOACH-26-CLEA,2025-12-11T19:20:48.076683Z,218.00,0.0700,0.9300,no
1e606eff-7e0a-431f-8cc6-7a507b8d0f8f,KXMICHCOACH-26-CLEA,2025-12-11T19:17:38.423119Z,214.00,0.0700,0.9300,no
a4bb42e5-b161-4a8b-11e1-aa15e344327f,KXMICHCOACH-26-CLEA,2025-12-11T19:03:14.065309Z,31.00,0.0900,0.9100,yes
b7be95e8-ada6-58f7-73d1-41c0fddc7baf,KXMICHCOACH-26-CLEA,2025-12-11T19:02:54.044419Z,200.00,0.0700,0.9300,no
44de27a9-dcfd-609b-dc02-f0eed5f4a103,KXMICHCOACH-26-CLEA,2025-12-11T19:00:43.340027Z,52.00,0.0900,0.9100,yes
d492a312-4031-5717-2217-ac027a0c09ff,KXMICHCOACH-26-CLEA,2025-12-11T18:59:43.422298Z,104.00,0.0900,0.9100,yes
519493a7-3a05-73db-9998-cabea0e530ff,KXMICHCOACH-26-CLEA,2025-12-11T18:58:03.619378Z,7.00,0.0900,0.9100,yes
7ffaf8b8-0bfa-5ff7-8cd0-904ba6ad905f,KXMICHCOACH-26-CLEA,2025-12-11T18:57:31.614086Z,10.00,0.0700,0.9300,no
8dc05fc0-2216-77ea-f449-542b8e647a9c,KXMICHCOACH-26-CLEA,2025-12-11T18:50:12.409027Z,1.00,0.1000,0.9000,yes
e5319a90-0f19-56ff-e7dc-b39a5924d552,KXMICHCOACH-26-CLEA,2025-12-11T18:49:04.16018Z,402.00,0.0900,0.9100,yes
35dad17e-9342-529e-fdb6-84ade5b1b19c,KXMICHCOACH-26-CLEA,2025-12-11T18:49:04.16018Z,578.00,0.1000,0.9000,yes
12dce16e-a965-52c3-247b-3b024fac7fa2,KXMICHCOACH-26-CLEA,2025-12-11T18:45:49.820657Z,52.00,0.0900,0.9100,yes
a29a7e02-d359-5a43-1eb1-d6a147856152,KXMICHCOACH-26-CLEA,2025-12-11T18:33:18.583094Z,26.00,0.0900,0.9100,yes
2f0b5a38-2c8d-47da-7b72-bffafcfb8608,KXMICHCOACH-26-CLEA,2025-12-11T18:24:47.371559Z,480.00,0.0600,0.9400,no
3245b66c-bad1-5fd5-f676-cbf68cd78094,KXMICHCOACH-26-CLEA,2025-12-11T18:24:30.521086Z,20.00,0.0700,0.9300,no
439b3f54-5132-6e6a-384d-7ac7486ec3dc,KXMICHCOACH-26-CLEA,2025-12-11T18:24:16.901014Z,461.00,0.1000,0.9000,yes
9eaf8813-f377-4662-f89d-4fb86513b306,KXMICHCOACH-26-CLEA,2025-12-11T18:12:44.915773Z,411.00,0.0900,0.9100,yes
996fc0f5-f77a-4188-f36c-dd8a3bbe3d1b,KXMICHCOACH-26-CLEA,2025-12-11T18:12:44.915773Z,121.00,0.1000,0.9000,yes
772e4787-7535-4173-ed90-f2357fe5799b,KXMICHCOACH-26-CLEA,2025-12-11T18:12:44.915773Z,2.00,0.0900,0.9100,yes
1492482b-ed96-43d2-f9d4-5a1e2cb08ea4,KXMICHCOACH-26-CLEA,2025-12-11T18:12:44.915773Z,1466.00,0.1000,0.9000,yes
e09149e8-67f0-6b08-2cf4-3d1f64014e3d,KXMICHCOACH-26-CLEA,2025-12-11T18:02:41.65065Z,2.00,0.0500,0.9500,no
16be108d-e753-58be-4fa9-5db185e23e46,KXMICHCOACH-26-CLEA,2025-12-11T17:56:56.637131Z,2.00,0.0900,0.9100,yes
5570bf8f-86bb-6d56-7222-5b22e42ab6f2,KXMICHCOACH-26-CLEA,2025-12-11T17:54:18.628434Z,12.00,0.0900,0.9100,yes
1002e40f-ea51-6349-78bb-72a891ffcbd3,KXMICHCOACH-26-CLEA,2025-12-11T17:54:18.628434Z,40.00,0.0900,0.9100,yes
4c8b5980-1f25-6635-741a-6bf1ab9965e7,KXMICHCOACH-26-CLEA,2025-12-11T17:54:07.090543Z,156.00,0.0900,0.9100,yes
72136158-9171-7521-fcba-882dd771368b,KXMICHCOACH-26-CLEA,2025-12-11T17:45:38.573993Z,98.00,0.0900,0.9100,yes
56f782d9-81fc-7092-ef55-9137c7e71d35,KXMICHCOACH-26-CLEA,2025-12-11T17:45:38.573993Z,62.00,0.0800,0.9200,yes
762cf627-fc15-51b1-3a81-22c7a882d55f,KXMICHCOACH-26-CLEA,2025-12-11T17:44:07.830429Z,54.00,0.0900,0.9100,yes
49ad94ec-56b9-5e65-da6f-02a67f0eb74f,KXMICHCOACH-26-CLEA,2025-12-11T17:38:08.156131Z,135.00,0.0900,0.9100,yes
6f27aae8-5108-47d4-828d-dfac07bd8600,KXMICHCOACH-26-CLEA,2025-12-11T17:37:23.244318Z,11.00,0.0800,0.9200,yes
676c8612-3617-6c46-7329-6a472c55c2f2,KXMICHCOACH-26-CLEA,2025-12-11T17:33:57.237984Z,208.00,0.0900,0.9100,yes
fcf2a6c4-43cb-67bd-1e0e-f21926aad129,KXMICHCOACH-26-CLEA,2025-12-11T17:31:43.544801Z,303.00,0.0700,0.9300,yes
3d971545-8e1b-6112-22a7-d0211485770e,KXMICHCOACH-26-CLEA,2025-12-11T17:31:43.544801Z,367.00,0.0700,0.9300,yes
b4e30946-613f-796e-0e5e-f7902ea7d1be,KXMICHCOACH-26-CLEA,2025-12-11T17:22:55.198659Z,500.00,0.0700,0.9300,yes
925513e8-91d7-75d9-1038-2e1fc0c16075,KXMICHCOACH-26-CLEA,2025-12-11T17:22:55.198659Z,165.00,0.0700,0.9300,yes
88b81e2c-81bd-7d70-4c72-42c95d2036ae,KXMICHCOACH-26-CLEA,2025-12-11T17:21:57.118811Z,100.00,0.0600,0.9400,no
a8cf1885-8ceb-6c33-5c9d-d556435865ff,KXMICHCOACH-26-CLEA,2025-12-11T17:17:20.80574Z,66.00,0.0700,0.9300,no
77de62c1-89b4-672e-5fcf-0993803f35fb,KXMICHCOACH-26-CLEA,2025-12-11T17:17:20.80574Z,1.00,0.0700,0.9300,no
ec2e4011-e56d-50d9-9cb2-fa029dc2ec19,KXMICHCOACH-26-CLEA,2025-12-11T17:14:27.967667Z,26.00,0.0700,0.9300,no
28084bf9-4569-4ef5-df05-b08053b39d41,KXMICHCOACH-26-CLEA,2025-12-11T17:14:26.715136Z,10.00,0.0700,0.9300,no
7fb5e2b4-00b9-75cd-1666-e86d03bd4aed,KXMICHCOACH-26-CLEA,2025-12-11T17:08:25.875909Z,70.00,0.0700,0.9300,no
59ea4fe9-c2b5-554d-ecd2-9a55178744b5,KXMICHCOACH-26-CLEA,2025-12-11T17:06:58.861033Z,15.00,0.0700,0.9300,no
79292390-d7f9-5e9d-d1c5-11a2e13ca693,KXMICHCOACH-26-CLEA,2025-12-11T17:04:28.302584Z,17.00,0.1100,0.8900,yes
1d9f2c62-43b9-69d2-a3e5-adad4a81b6f9,KXMICHCOACH-26-CLEA,2025-12-11T16:46:44.865031Z,1000.00,0.1200,0.8800,yes
c857ebde-c9c7-5769-e5a2-a156b45834c9,KXMICHCOACH-26-CLEA,2025-12-11T16:42:19.817415Z,32.00,0.1300,0.8700,yes
8911a7c3-51ce-5b9b-feb6-00c8a6858f93,KXMICHCOACH-26-CLEA,2025-12-11T16:42:19.817415Z,107.00,0.1300,0.8700,yes
de7a1d20-0242-623f-a78b-cfad1084f4d7,KXMICHCOACH-26-CLEA,2025-12-11T16:38:43.422831Z,72.00,0.1300,0.8700,yes
bd46f99e-5506-7f37-957d-e640b2d04447,KXMICHCOACH-26-CLEA,2025-12-11T16:36:45.246193Z,72.00,0.1300,0.8700,yes
e0e4ac19-0946-4953-3feb-73c629ecc12f,KXMICHCOACH-26-CLEA,2025-12-11T16:34:05.546785Z,49.00,0.1300,0.8700,yes
57ee0690-5dab-4c6e-296f-3d59bfa86f89,KXMICHCOACH-26-CLEA,2025-12-11T16:34:05.546785Z,406.00,0.1000,0.9000,yes
614a7073-10bb-632a-575c-a0640e00c261,KXMICHCOACH-26-CLEA,2025-12-11T16:31:07.916094Z,94.00,0.1000,0.9000,yes
e914853e-384c-58dd-735c-44a12284fe76,KXMICHCOACH-26-CLEA,2025-12-11T16:24:35.388626Z,3.00,0.0800,0.9200,no
c4e8653f-9b81-57e6-7ac7-29097959da36,KXMICHCOACH-26-CLEA,2025-12-11T16:24:35.388626Z,3.00,0.0800,0.9200,no
7e9d36a5-3ad3-5597-52cb-287939cd34db,KXMICHCOACH-26-CLEA,2025-12-11T16:24:35.388626Z,1.00,0.0600,0.9400,no
3e2726e8-1fb9-5317-5dda-91d5e9f02ab7,KXMICHCOACH-26-CLEA,2025-12-11T16:24:35.388626Z,3.00,0.0800,0.9200,no
d9b2e472-8935-7dc8-1f67-f7897aebf271,KXMICHCOACH-26-CLEA,2025-12-11T16:17:54.701694Z,26.00,0.1400,0.8600,yes
5e2d10c9-5694-5db6-530f-bb070da98ebb,KXMICHCOACH-26-CLEA,2025-12-11T16:15:22.400577Z,21.00,0.1300,0.8700,yes
84200b36-68b4-54a2-e2f6-4cdcd9531b73,KXMICHCOACH-26-CLEA,2025-12-11T16:15:16.048109Z,72.00,0.1300,0.8700,yes
0a4adbd9-0d50-7d46-e63c-0e53db0a0137,KXMICHCOACH-26-CLEA,2025-12-11T16:15:05.528291Z,166.00,0.1300,0.8700,yes
a480b5f3-1320-6de3-f76a-b61420802e38,KXMICHCOACH-26-CLEA,2025-12-11T16:14:24.557254Z,62.00,0.1300,0.8700,yes
8ee19b71-67d0-6e26-f482-0edf3b218dc3,KXMICHCOACH-26-CLEA,2025-12-11T16:14:24.557254Z,83.00,0.1300,0.8700,yes
e6926da1-2d03-4155-d2b5-1099321c3c8e,KXMICHCOACH-26-CLEA,2025-12-11T16:13:50.379392Z,20.00,0.1200,0.8800,yes
a08d1ad6-9364-4df3-ec68-bffd6a7ee3f0,KXMICHCOACH-26-CLEA,2025-12-11T16:13:50.379392Z,90.00,0.1300,0.8700,yes
f24415b6-606d-5faf-23cb-c90fe622fb23,KXMICHCOACH-26-CLEA,2025-12-11T16:13:08.028876Z,445.00,0.1200,0.8800,yes
e7b13610-7713-54e1-c66c-038b0efc6014,KXMICHCOACH-26-CLEA,2025-12-11T16:08:39.041803Z,3.00,0.1200,0.8800,yes
801006ce-269d-52d7-c728-8e8d7531786b,KXMICHCOACH-26-CLEA,2025-12-11T16:08:39.041803Z,67.00,0.1100,0.8900,yes
5a382c10-2208-55ab-dd54-f5abf226fef8,KXMICHCOACH-26-CLEA,2025-12-11T16:08:39.041803Z,986.00,0.1300,0.8700,yes
4af555b4-29d0-50c4-ccbd-289a6d5c6571,KXMICHCOACH-26-CLEA,2025-12-11T16:08:39.041803Z,3.00,0.1200,0.8800,yes
03a0c374-022b-5509-f3f8-aba05fd34794,KXMICHCOACH-26-CLEA,2025-12-11T16:08:39.041803Z,3.00,0.1200,0.8800,yes
c18d8afe-c542-4fe2-2cb8-75904e39406f,KXMICHCOACH-26-CLEA,2025-12-11T16:04:04.075018Z,6.00,0.1000,0.9000,yes
657de049-f7c1-4e37-12a0-9b0ac2fce217,KXMICHCOACH-26-CLEA,2025-12-11T16:04:04.075018Z,37.00,0.1100,0.8900,yes
55e24fc9-65a2-6dba-0aed-3024c68c230f,KXMICHCOACH-26-CLEA,2025-12-11T16:03:48.602784Z,94.00,0.1000,0.9000,yes
2fc72f4f-abb1-6a73-2c0c-6d2f16a72dbf,KXMICHCOACH-26-CLEA,2025-12-11T15:54:39.532024Z,21.00,0.1100,0.8900,yes
6a1dfcb9-d661-7a37-3e0e-63c48bc1c6cf,KXMICHCOACH-26-CLEA,2025-12-11T15:51:19.111113Z,25.00,0.1100,0.8900,yes
5eba6223-f9cd-7dd3-4f1c-9d2cc3e77029,KXMICHCOACH-26-CLEA,2025-12-11T15:48:27.799496Z,50.00,0.1000,0.9000,yes
2a85cde7-7352-7657-7636-637f2936b7a7,KXMICHCOACH-26-CLEA,2025-12-11T15:48:27.799496Z,168.00,0.1100,0.8900,yes
55195b29-1dfb-59d8-4510-fb0b6afb2f26,KXMICHCOACH-26-CLEA,2025-12-11T15:40:33.345094Z,666.00,0.0600,0.9400,yes
168c6d98-b5a5-5510-53f4-c5a6eb0442d5,KXMICHCOACH-26-CLEA,2025-12-11T15:40:33.345094Z,1029.00,0.1400,0.8600,yes
027ea759-1b85-50e7-771f-937f7371c450,KXMICHCOACH-26-CLEA,2025-12-11T15:40:33.345094Z,71.00,0.0600,0.9400,yes
57e5e574-e005-6d3b-eee8-b7d3936a84f4,KXMICHCOACH-26-CLEA,2025-12-11T15:36:06.431849Z,77.00,0.0600,0.9400,yes
b619fbee-4e51-4983-0a73-0c1727f5729c,KXMICHCOACH-26-CLEA,2025-12-11T15:26:29.840635Z,14.00,0.0600,0.9400,yes
b4b6564a-a7ad-6e9e-80b3-6415670dd6b1,KXMICHCOACH-26-CLEA,2025-12-11T15:26:18.366751Z,36.00,0.0500,0.9500,yes
407a5a87-2df9-5c37-8822-959764047fdc,KXMICHCOACH-26-CLEA,2025-12-11T15:21:38.041139Z,387.00,0.0600,0.9400,yes
831b591f-beb1-6feb-1068-152b4612f4c0,KXMICHCOACH-26-CLEA,2025-12-11T15:20:50.135856Z,200.00,0.0600,0.9400,yes
3c4329e4-641d-7c0f-3ca2-95ae3a88a230,KXMICHCOACH-26-CLEA,2025-12-11T15:16:21.711142Z,62.00,0.0600,0.9400,yes
e98a1f87-b704-6647-e902-54a48cbde760,KXMICHCOACH-26-CLEA,2025-12-11T15:08:58.017691Z,577.00,0.0400,0.9600,yes
89f1f310-3c99-6787-c893-42484017e198,KXMICHCOACH-26-CLEA,2025-12-11T15:08:58.017691Z,189.00,0.0600,0.9400,yes
7bcc14d4-9b14-6378-c400-39bcdaa9fe81,KXMICHCOACH-26-CLEA,2025-12-11T15:08:58.017691Z,186.00,0.0500,0.9500,yes
22da3eba-fdea-62cb-d700-df1d615089ae,KXMICHCOACH-26-CLEA,2025-12-11T15:08:58.017691Z,1000.00,0.0500,0.9500,yes
48628b06-5d68-4023-559a-466f90b0bc0c,KXMICHCOACH-26-CLEA,2025-12-11T15:02:35.076266Z,23.00,0.0400,0.9600,yes
d0bd3f0c-ebb2-64ff-5224-b2183e8bf634,KXMICHCOACH-26-CLEA,2025-12-11T14:52:39.616736Z,900.00,0.0400,0.9600,yes
cba7917e-cba4-6468-53dc-79040e159e0d,KXMICHCOACH-26-CLEA,2025-12-11T14:52:39.616736Z,217.00,0.0500,0.9500,yes
366d22b7-ffb6-5936-46f4-3da6e1673c79,KXMICHCOACH-26-CLEA,2025-12-11T14:49:34.254008Z,88.00,0.0200,0.9800,no
13c0c86e-4482-4b0a-cb09-77f6a8919d55,KXMICHCOACH-26-CLEA,2025-12-11T14:45:01.186739Z,12.00,0.0200,0.9800,no
32901033-f43a-6fcb-1e3e-067cf2a068d4,KXMICHCOACH-26-CLEA,2025-12-11T14:44:18.093595Z,100.00,0.0400,0.9600,yes
8272851a-1b74-78b0-3f81-c8f3d974fa9d,KXMICHCOACH-26-CLEA,2025-12-11T14:31:05.329053Z,93.00,0.0500,0.9500,yes
9073418a-0b60-4870-e646-1d377c1cd99d,KXMICHCOACH-26-CLEA,2025-12-11T14:28:47.977021Z,18.00,0.0500,0.9500,yes
ea5c1e2b-9b50-74c8-d4c6-7cb3383ae6ad,KXMICHCOACH-26-CLEA,2025-12-11T14:00:20.186016Z,152.00,0.0500,0.9500,yes
440f3f46-99bc-7ebd-f5b9-292f6e7f7b96,KXMICHCOACH-26-CLEA,2025-12-11T14:00:20.186016Z,35.00,0.0500,0.9500,yes
e09595d6-bfa8-7341-e1cc-33c5b44e6eba,KXMICHCOACH-26-CLEA,2025-12-11T13:59:36.433246Z,115.00,0.0500,0.9500,yes
614aa10a-6c24-432d-3fab-28664b514a4e,KXMICHCOACH-26-CLEA,2025-12-11T13:52:34.687972Z,187.00,0.0500,0.9500,yes
ce4d5ab3-a548-7761-8df2-d1f0912037a6,KXMICHCOACH-26-CLEA,2025-12-11T13:48:09.85482Z,10.00,0.0500,0.9500,yes
c96dbffe-86a6-7dda-0671-d2f6d2687ce0,KXMICHCOACH-26-CLEA,2025-12-11T13:14:11.699518Z,11.00,0.0300,0.9700,no
55a87b81-cc86-53ae-94c1-585c1821feb4,KXMICHCOACH-26-CLEA,2025-12-11T13:03:51.439797Z,24.00,0.0300,0.9700,no
c4f48603-ab46-6a82-4334-4e9e28f322f9,KXMICHCOACH-26-CLEA,2025-12-11T12:59:40.278647Z,45.00,0.0200,0.9800,no
7c01e831-ce5e-714e-e1db-9e418f6c98c9,KXMICHCOACH-26-CLEA,2025-12-11T12:58:08.910237Z,12.00,0.0200,0.9800,no
8f653df9-3712-5ea2-9690-af0f48230a45,KXMICHCOACH-26-CLEA,2025-12-11T12:23:15.408506Z,19.00,0.0200,0.9800,no
ae095137-4d66-67c6-8f13-dcbb61e62b6d,KXMICHCOACH-26-CLEA,2025-12-11T12:22:31.889833Z,9.00,0.0200,0.9800,no
6a5ba38b-c7a6-5d8a-2095-6fa03d340e59,KXMICHCOACH-26-CLEA,2025-12-11T12:22:01.102908Z,9.00,0.0200,0.9800,no
9b57ac41-f626-7cb6-0075-c6852e670799,KXMICHCOACH-26-CLEA,2025-12-11T11:32:21.541551Z,63.00,0.0200,0.9800,no
22bacc5f-2f64-5d01-59e3-fc159cf2f962,KXMICHCOACH-26-CLEA,2025-12-11T05:46:58.891637Z,93.00,0.0500,0.9500,yes
68429304-3770-51dc-9e01-40837a253a9d,KXMICHCOACH-26-CLEA,2025-12-11T05:00:19.116235Z,345.00,0.0400,0.9600,yes
2912594c-4abc-5f41-b5d8-c343feaf189a,KXMICHCOACH-26-CLEA,2025-12-11T05:00:19.116235Z,192.00,0.0500,0.9500,yes
10dcde57-b3bc-6af0-af93-040406e0b7d9,KXMICHCOACH-26-CLEA,2025-12-11T04:50:48.650731Z,70.00,0.0400,0.9600,yes
8cdf679e-68d0-41c8-4924-7668fd55bfc9,KXMICHCOACH-26-CLEA,2025-12-11T04:21:39.775033Z,468.00,0.0400,0.9600,yes
f7c5a8f3-36d4-56b4-6f4e-acd92f01007d,KXMICHCOACH-26-CLEA,2025-12-11T04:10:18.404381Z,117.00,0.0400,0.9600,yes
fbabb67d-fc74-6c71-5a46-2f20bd91fcee,KXMICHCOACH-26-CLEA,2025-12-11T04:02:22.240677Z,187.00,0.0500,0.9500,yes
a3677967-00d4-7f61-39a2-d60fe08065fa,KXMICHCOACH-26-CLEA,2025-12-11T03:59:17.349269Z,273.00,0.0500,0.9500,yes
7041dac2-93fd-720b-132b-1af097920267,KXMICHCOACH-26-CLEA,2025-12-11T03:59:17.349269Z,477.00,0.0500,0.9500,yes
588f2e2b-7a4d-7dfb-94e1-1aab55dabcb3,KXMICHCOACH-26-CLEA,2025-12-11T03:19:51.604342Z,23.00,0.0500,0.9500,yes
3e39fd0e-724e-420f-abec-fbb8bf7e68f4,KXMICHCOACH-26-CLEA,2025-12-11T03:07:00.675311Z,48.00,0.0500,0.9500,yes
62e38b32-10f3-6d05-d376-4e9814485877,KXMICHCOACH-26-CLEA,2025-12-11T03:06:21.808953Z,207.00,0.0500,0.9500,yes
4c391c96-662f-5025-5d39-11fd1642b53b,KXMICHCOACH-26-CLEA,2025-12-11T03:03:58.898696Z,93.00,0.0500,0.9500,yes
6af44759-956b-76e9-8f07-91b251613c10,KXMICHCOACH-26-CLEA,2025-12-11T02:56:54.390134Z,14.00,0.0300,0.9700,no
e917c783-3ecb-6d19-eabb-0c6122b923f4,KXMICHCOACH-26-CLEA,2025-12-11T02:56:28.20313Z,24.00,0.0300,0.9700,no
bd9652af-ed67-61b1-5cce-77eb6c184fa4,KXMICHCOACH-26-CLEA,2025-12-11T02:56:14.591031Z,10.00,0.0300,0.9700,no
e852ba8d-214e-56da-2c78-9ddbf2a0b721,KXMICHCOACH-26-CLEA,2025-12-11T02:55:01.798326Z,9.00,0.0200,0.9800,no
e6b475eb-b836-717e-2367-6b27d57283c5,KXMICHCOACH-26-CLEA,2025-12-11T02:54:45.179266Z,2.00,0.0200,0.9800,no
69555c67-dcca-61fe-d701-a40dcb5a1c25,KXMICHCOACH-26-CLEA,2025-12-11T02:54:14.891967Z,187.00,0.0200,0.9800,no
2e029001-4056-591e-cab4-9515f87ab351,KXMICHCOACH-26-CLEA,2025-12-11T02:54:02.489527Z,17.00,0.0200,0.9800,no
c837bc86-cf68-4990-2720-9f21c0fbc862,KXMICHCOACH-26-CLEA,2025-12-11T02:53:31.691447Z,57.00,0.0300,0.9700,no
c91df4e6-c328-5c44-d2af-bc1b16f6d5ae,KXMICHCOACH-26-CLEA,2025-12-11T02:53:20.2532Z,36.00,0.0300,0.9700,no
d8a9335a-dce8-65d8-766e-011c0a89a13a,KXMICHCOACH-26-CLEA,2025-12-11T02:52:57.083809Z,29.00,0.0300,0.9700,no
e13cbe71-097c-5cf4-a5a5-aa55bfe4c952,KXMICHCOACH-26-CLEA,2025-12-11T02:51:45.117095Z,9.00,0.0300,0.9700,no
d11469ae-9f9c-6088-e06e-c9e454a0feae,KXMICHCOACH-26-CLEA,2025-12-11T02:50:41.301136Z,78.00,0.0300,0.9700,no
79c11475-5b60-5008-2411-1b9f4c5bc43e,KXMICHCOACH-26-CLEA,2025-12-11T02:49:59.447656Z,35.00,0.0300,0.9700,no
b685eb21-c454-6cfc-099e-5cf3d38fa79e,KXMICHCOACH-26-CLEA,2025-12-11T02:49:44.677486Z,16.00,0.0300,0.9700,no
1d53deb0-f7a0-6028-fc88-0491232d089e,KXMICHCOACH-26-CLEA,2025-12-11T02:49:24.915339Z,17.00,0.0300,0.9700,no
072bb5f2-4d50-5ff8-2f3f-0ddba814445a,KXMICHCOACH-26-CLEA,2025-12-11T02:49:08.407357Z,37.00,0.0300,0.9700,no
88c97765-7384-769c-9b11-859c2984d302,KXMICHCOACH-26-CLEA,2025-12-11T02:49:02.533551Z,38.00,0.0300,0.9700,no
9df1ff29-9ad8-7600-677d-ad492654828e,KXMICHCOACH-26-CLEA,2025-12-11T02:48:52.67388Z,21.00,0.0300,0.9700,no
df42d601-d09c-5ba0-5344-118c0c7c155e,KXMICHCOACH-26-CLEA,2025-12-11T02:47:04.549782Z,29.00,0.0300,0.9700,no
be2613f3-a67c-5488-9bc1-44352b7985f6,KXMICHCOACH-26-CLEA,2025-12-11T02:46:11.301178Z,35.00,0.0300,0.9700,no
94abbe11-2e0a-6246-1f79-0980034f4d95,KXMICHCOACH-26-CLEA,2025-12-11T02:40:04.89554Z,342.00,0.0200,0.9800,no
322f3dea-dc8d-6974-0039-fa15774e73cb,KXMICHCOACH-26-CLEA,2025-12-11T02:40:04.89554Z,13.00,0.0400,0.9600,no
59fb26c5-a92d-43b0-e9e7-de2343783deb,KXMICHCOACH-26-CLEA,2025-12-11T02:31:33.57398Z,730.00,0.0400,0.9600,no
5450f359-a399-6238-df4b-26cbf0823b47,KXMICHCOACH-26-CLEA,2025-12-11T02:30:25.967562Z,69.00,0.0400,0.9600,no
ebe2c24b-dbc9-5f04-4c82-c407307744a3,KXMICHCOACH-26-CLEA,2025-12-11T02:29:41.949279Z,47.00,0.0400,0.9600,no
4846d537-a5ad-70c0-6d45-704617b68afb,KXMICHCOACH-26-CLEA,2025-12-11T02:29:20.6553Z,28.00,0.0400,0.9600,no
edf2c343-8c4d-4210-a987-328df59432ee,KXMICHCOACH-26-CLEA,2025-12-11T02:28:59.141102Z,131.00,0.0500,0.9500,no
ece5c465-7561-4dc8-abc6-676946f994bf,KXMICHCOACH-26-CLEA,2025-12-11T02:28:59.141102Z,3.00,0.0400,0.9600,no
5f55e599-5ba1-6810-e334-13b26a5770a2,KXMICHCOACH-26-CLEA,2025-12-11T02:28:53.28542Z,19.00,0.0500,0.9500,no
1dcb8a81-0c89-69e8-f5ce-86c19906684f,KXMICHCOACH-26-CLEA,2025-12-11T02:18:49.457268Z,9.00,0.0400,0.9600,no
b80ebf0c-77de-5f89-f1a0-0e4d67a8ac79,KXMICHCOACH-26-CLEA,2025-12-11T02:17:27.513305Z,293.00,0.0800,0.9200,yes
37173ab4-10cd-6af8-659b-b09795988053,KXMICHCOACH-26-CLEA,2025-12-11T02:17:16.34632Z,28.00,0.0400,0.9600,no
8346c01f-9781-74a8-e852-806d635bd96b,KXMICHCOACH-26-CLEA,2025-12-11T02:16:59.440944Z,41.00,0.0400,0.9600,no
df7cbf04-e621-50f4-8e49-4e812b8d18ef,KXMICHCOACH-26-CLEA,2025-12-11T02:12:43.942722Z,32.00,0.0400,0.9600,no
f2a6db0e-10f7-5a47-cb73-b9afe30091cf,KXMICHCOACH-26-CLEA,2025-12-11T02:08:39.715756Z,58.00,0.0800,0.9200,yes
b81c8821-3ffc-7349-5c9d-c7cd7a3e475b,KXMICHCOACH-26-CLEA,2025-12-11T02:06:43.699352Z,35.00,0.0800,0.9200,yes
546e2f64-77b0-72b8-d80f-ca3d6ad5219e,KXMICHCOACH-26-CLEA,2025-12-11T02:05:22.087652Z,40.00,0.0700,0.9300,yes
8611448e-3427-4348-4a51-cc6237432328,KXMICHCOACH-26-CLEA,2025-12-11T02:03:26.362596Z,138.00,0.0700,0.9300,yes
0fb41266-290c-53a6-6677-154fb2b0d7a8,KXMICHCOACH-26-CLEA,2025-12-11T02:00:42.699328Z,67.00,0.0700,0.9300,yes
735a5d91-41fa-6cc4-6ed1-9dfa8004afbf,KXMICHCOACH-26-CLEA,2025-12-11T01:59:23.864565Z,35.00,0.0300,0.9700,no
a34dc2e3-e302-5b80-95f0-8581ee06c213,KXMICHCOACH-26-CLEA,2025-12-11T01:57:29.987761Z,26.00,0.0300,0.9700,no
d8db6668-5bb6-4f5c-eaff-76517d8bee57,KXMICHCOACH-26-CLEA,2025-12-11T01:56:54.635818Z,1.00,0.0300,0.9700,no
59e45017-11a2-5474-acc8-d73b4fd1e88b,KXMICHCOACH-26-CLEA,2025-12-11T01:56:51.73221Z,229.00,0.0300,0.9700,no
28d3b383-7c6a-62c8-5637-e787f52d56cb,KXMICHCOACH-26-CLEA,2025-12-11T01:55:14.364206Z,25.00,0.0300,0.9700,no
d555323c-767c-7f7e-938c-0ce8370e483f,KXMICHCOACH-26-CLEA,2025-12-11T01:55:00.335509Z,13.00,0.0700,0.9300,yes
6bade5a0-707a-5b08-1c67-192bc8fb8553,KXMICHCOACH-26-CLEA,2025-12-11T01:54:27.868096Z,76.00,0.0300,0.9700,no
07aa1dd8-9bd6-5344-af82-f19e7ee2c3bb,KXMICHCOACH-26-CLEA,2025-12-11T01:54:18.758126Z,12.00,0.0300,0.9700,no
fca86efa-9b26-638c-db6a-e4935fc7bccb,KXMICHCOACH-26-CLEA,2025-12-11T01:54:07.257739Z,31.00,0.0300,0.9700,no
304857f5-7ffa-43e0-b163-5c6aa9a37e43,KXMICHCOACH-26-CLEA,2025-12-11T01:53:32.44709Z,1.00,0.0300,0.9700,no
2dae5260-a7da-4628-b271-02b16faf9287,KXMICHCOACH-26-CLEA,2025-12-11T01:52:01.23956Z,5.00,0.0300,0.9700,no
73141d48-2c16-69e8-1a16-545b9bd88bd7,KXMICHCOACH-26-CLEA,2025-12-11T01:51:18.114858Z,155.00,0.0300,0.9700,no
928a5245-6b49-7cb6-6ca8-28cfea59d968,KXMICHCOACH-26-CLEA,2025-12-11T01:40:54.607868Z,85.00,0.1100,0.8900,yes
2da404c1-324e-7090-5588-8dad34eb1d9f,KXMICHCOACH-26-CLEA,2025-12-11T01:38:46.484075Z,25.00,0.0300,0.9700,no
e473bba2-913a-7e3c-c2cf-e238fa4f909f,KXMICHCOACH-26-CLEA,2025-12-11T01:36:16.597919Z,82.00,0.0300,0.9700,no
8a0bae8f-09b0-49f4-a299-4fda42223dd1,KXMICHCOACH-26-CLEA,2025-12-11T01:35:37.500842Z,42.00,0.1100,0.8900,yes
e73950a9-c8c8-6de2-9c2e-c866357edd30,KXMICHCOACH-26-CLEA,2025-12-11T01:34:20.755154Z,2.00,0.0400,0.9600,no
cc53ddd4-638e-6814-bf78-2dc366b8394f,KXMICHCOACH-26-CLEA,2025-12-11T01:34:20.755154Z,23.00,0.0300,0.9700,no
1a0b5da9-4106-753d-fa02-16386b502f56,KXMICHCOACH-26-CLEA,2025-12-11T01:33:18.286671Z,8.00,0.1100,0.8900,yes
4b0a62b9-8950-67ae-6029-e6288c30bbdc,KXMICHCOACH-26-CLEA,2025-12-11T01:30:38.965245Z,28.00,0.0400,0.9600,no
7c6c476b-89f0-5ce8-f189-ab6b895742c4,KXMICHCOACH-26-CLEA,2025-12-11T01:30:37.61358Z,28.00,0.1000,0.9000,yes
a52cfd71-7208-7f0d-461a-41d3ad93d673,KXMICHCOACH-26-CLEA,2025-12-11T01:29:02.340846Z,10.00,0.4600,0.5400,yes
44a6aaca-3b07-5926-4286-424e23e94b8a,KXMICHCOACH-26-CLEA,2025-12-11T01:28:59.493263Z,10.00,0.4600,0.5400,yes
c934bef6-4aa6-47bc-e0cc-f34ebf24f851,KXMICHCOACH-26-CLEA,2025-12-11T01:28:04.878628Z,30.00,0.4700,0.5300,yes
c8856185-2ffe-5739-3c70-1db147b481f9,KXMICHCOACH-26-CLEA,2025-12-11T01:23:56.962059Z,12.00,0.0400,0.9600,no
fa5d32be-0506-5f45-fc5d-ba1ed2d59e9d,KXMICHCOACH-26-CLEA,2025-12-11T01:23:32.691739Z,22.00,0.0400,0.9600,no
ae63c5f4-d3fe-5fc4-c2bb-5a8c856b0cd3,KXMICHCOACH-26-CLEA,2025-12-11T01:22:01.111964Z,4.00,0.0300,0.9700,no
d1233b1f-f443-5f93-71f9-c8f79bf7558c,KXMICHCOACH-26-CLEA,2025-12-11T01:18:10.929873Z,11.00,0.1200,0.8800,yes
b76f6e91-17e4-5247-5f2a-d048a564d911,KXMICHCOACH-26-CLEA,2025-12-11T01:18:10.929873Z,100.00,0.1500,0.8500,yes
15474704-0eba-5a44-64eb-05e4e1b3fa4d,KXMICHCOACH-26-CLEA,2025-12-11T01:18:10.929873Z,78.00,0.4000,0.6000,yes
e3dab555-dd47-778b-3152-fbd5bfa0915c,KXMICHCOACH-26-CLEA,2025-12-11T01:17:35.807069Z,11.00,0.1200,0.8800,yes
afc333e4-50d4-755f-210e-d35d969d023e,KXMICHCOACH-26-CLEA,2025-12-11T01:17:35.807069Z,5.00,0.1100,0.8900,yes
9851f30c-b0b6-663e-70aa-d5e54c8e8ce1,KXMICHCOACH-26-CLEA,2025-12-11T01:15:42.614749Z,15.00,0.0200,0.9800,no
31409b8a-efb6-4912-23f6-b2734599fb21,KXMICHCOACH-26-CLEA,2025-12-11T01:13:26.156111Z,7.00,0.0200,0.9800,no
cc29b7ff-b0ff-6ca7-057c-f6928f365178,KXMICHCOACH-26-CLEA,2025-12-11T01:13:18.471358Z,1.00,0.0300,0.9700,no
242424ca-7baf-5d33-6b10-cfb2cf4eb4e4,KXMICHCOACH-26-CLEA,2025-12-11T01:12:51.806069Z,4.00,0.0300,0.9700,no
a56b058e-1a3a-6d9e-fed3-60dd12193079,KXMICHCOACH-26-CLEA,2025-12-11T01:12:12.184564Z,1.00,0.0200,0.9800,no
fe3e5933-581e-7e9e-bf96-764e0ed0d7c9,KXMICHCOACH-26-CLEA,2025-12-11T01:11:35.471832Z,22.00,0.0200,0.9800,no
c4d10607-c762-5896-ca56-bef8c89b3605,KXMICHCOACH-26-CLEA,2025-12-11T01:10:45.475255Z,10.00,0.0200,0.9800,no
6754ef6b-905e-5e16-c102-0eb19247db61,KXMICHCOACH-26-CLEA,2025-12-11T01:10:31.278293Z,2.00,0.0200,0.9800,no
8b4fe943-c36e-7da6-484f-8adcd2f7c585,KXMICHCOACH-26-CLEA,2025-12-11T01:09:39.600009Z,21.00,0.0200,0.9800,no
df1d070a-7b4a-7d3e-0ae0-afa8c61785ed,KXMICHCOACH-26-CLEA,2025-12-11T01:08:46.739532Z,10.00,0.0200,0.9800,no
eb5bb230-8b96-605a-4594-153fafe3ded1,KXMICHCOACH-26-CLEA,2025-12-11T01:08:45.681347Z,1.00,0.0200,0.9800,no
f0b398f2-00d2-49b2-a775-0a0d1e5ab3a5,KXMICHCOACH-26-CLEA,2025-12-11T01:07:24.792552Z,4.00,0.0200,0.9800,no
03e2ddc7-c5fe-5d3a-154f-a2f6956687cd,KXMICHCOACH-26-CLEA,2025-12-11T01:07:20.02733Z,9.00,0.0200,0.9800,no
32a6bb67-9126-6936-f9cb-f068e0b8cd31,KXMICHCOACH-26-CLEA,2025-12-11T01:07:16.085495Z,9.00,0.0200,0.9800,no
520ecbc4-878a-624e-d137-aefeabc2d895,KXMICHCOACH-26-CLEA,2025-12-11T01:07:13.54748Z,7.00,0.0200,0.9800,no
a98c4371-be16-5686-9932-c0ddb70cd22d,KXMICHCOACH-26-CLEA,2025-12-11T01:07:09.477193Z,17.00,0.0200,0.9800,no
046f7a95-ec1a-534e-d191-34ac6b629ef9,KXMICHCOACH-26-CLEA,2025-12-11T01:07:05.928146Z,19.00,0.0200,0.9800,no
b41b629d-2c9e-70c6-c813-48b375b027bd,KXMICHCOACH-26-CLEA,2025-12-11T01:07:05.811845Z,5.00,0.0200,0.9800,no
535d3d5e-dfba-578a-3cac-49e07cb0f169,KXMICHCOACH-26-CLEA,2025-12-11T01:07:03.282738Z,1.00,0.0200,0.9800,no
0747282b-4f3a-52b6-e9dd-5864e7f7b8b5,KXMICHCOACH-26-CLEA,2025-12-11T01:06:49.768601Z,154.00,0.0200,0.9800,no
d0da24cf-8f6a-6e02-ab34-e3e080b48765,KXMICHCOACH-26-CLEA,2025-12-11T01:06:37.640958Z,96.00,0.0200,0.9800,no
06b7bae8-14fe-5dba-c851-ce7ce3ed46cd,KXMICHCOACH-26-CLEA,2025-12-11T01:06:33.608305Z,1.00,0.0200,0.9800,no
e0eb387a-6d9d-659c-6aa3-b254b358a8e9,KXMICHCOACH-26-CLEA,2025-12-11T01:05:14.848727Z,49.00,0.0400,0.9600,no
b0994c85-94c5-56ec-2d7b-31f94850dd81,KXMICHCOACH-26-CLEA,2025-12-11T01:05:12.444051Z,23.00,0.0400,0.9600,no
148ec94a-1d5d-69b4-9c5e-844f7d9d984d,KXMICHCOACH-26-CLEA,2025-12-11T01:04:22.626265Z,34.00,0.0400,0.9600,no
7a6f26f0-188d-67bc-498f-e72768f85c11,KXMICHCOACH-26-CLEA,2025-12-11T01:03:52.5866Z,5.00,0.0400,0.9600,no
5d55c7fd-e1f7-745b-d9c3-349c25d44352,KXMICHCOACH-26-CLEA,2025-12-11T01:03:31.473355Z,5.00,0.0500,0.9500,yes
9b38d036-f055-5674-48a7-fa296541579d,KXMICHCOACH-26-CLEA,2025-12-11T01:01:25.177895Z,14.00,0.0400,0.9600,no
2252bff8-d0b9-5cf4-851f-c772b183b425,KXMICHCOACH-26-CLEA,2025-12-11T01:00:39.922209Z,10.00,0.0400,0.9600,no
3d9b518c-d1c1-6d28-4bd2-43d8dad47431,KXMICHCOACH-26-CLEA,2025-12-11T01:00:24.065506Z,32.00,0.0400,0.9600,no
116f577c-1041-4890-b870-f7cdba1073fd,KXMICHCOACH-26-CLEA,2025-12-11T01:00:21.960651Z,31.00,0.0400,0.9600,no
a87eb5bb-ed8d-7f3c-1a9f-bb314423ee19,KXMICHCOACH-26-CLEA,2025-12-11T00:58:48.903892Z,10.00,0.0400,0.9600,no
f477693b-0bed-71d8-4854-e8d6137ff96d,KXMICHCOACH-26-CLEA,2025-12-11T00:58:20.998873Z,103.00,0.0400,0.9600,no
dfa08963-ae85-52a8-b564-ececc4901a05,KXMICHCOACH-26-CLEA,2025-12-11T00:56:50.389464Z,103.00,0.0400,0.9600,no
085fe870-6bea-4895-81f6-54694bfafb4b,KXMICHCOACH-26-CLEA,2025-12-11T00:56:34.282154Z,54.00,0.0400,0.9600,yes
f3c73630-daca-41c2-a7b1-1d2e09c0e61d,KXMICHCOACH-26-CLEA,2025-12-11T00:56:32.282944Z,47.00,0.0200,0.9800,no
d74cb28e-38f2-7f9e-72f1-1894685bd01d,KXMICHCOACH-26-CLEA,2025-12-11T00:54:40.113595Z,5.00,0.0200,0.9800,no
a3da5468-8272-5ea6-874d-9b4f77171505,KXMICHCOACH-26-CLEA,2025-12-11T00:54:19.244787Z,22.00,0.0200,0.9800,no
0a70d6ff-c03e-523e-1d34-eb358bf13c1d,KXMICHCOACH-26-CLEA,2025-12-11T00:54:03.530493Z,43.00,0.0200,0.9800,no
2b99a910-d00e-765a-6ca8-9792a293985d,KXMICHCOACH-26-CLEA,2025-12-11T00:53:29.128044Z,14.00,0.0200,0.9800,no
a5d0eade-caa6-58de-1cd6-503239f24eb9,KXMICHCOACH-26-CLEA,2025-12-11T00:53:27.861413Z,228.00,0.0200,0.9800,no
a780ca97-5702-5df2-7547-d5d4e41a5eb9,KXMICHCOACH-26-CLEA,2025-12-11T00:53:11.792266Z,119.00,0.0200,0.9800,no
b8e6abf0-ef72-79d6-35ee-e66e437fc4c5,KXMICHCOACH-26-CLEA,2025-12-11T00:53:02.476922Z,43.00,0.0200,0.9800,no
ab9f3f74-a683-6e92-b353-760503fd2df8,KXMICHCOACH-26-CLEA,2025-12-11T00:52:26.197046Z,22.00,0.0100,0.9900,no
0ea6a112-7f15-678f-8097-606c8688fa40,KXMICHCOACH-26-CLEA,2025-12-11T00:52:26.197046Z,12.00,0.0200,0.9800,no
0a4c6977-03d9-5a07-ea9f-12354d27aa90,KXMICHCOACH-26-CLEA,2025-12-11T00:51:43.697729Z,50.00,0.0200,0.9800,no
ba948650-d40d-4313-c3cf-f0abf3e7f6d4,KXMICHCOACH-26-CLEA,2025-12-11T00:51:20.185716Z,91.00,0.0200,0.9800,no
a8659116-2d05-77e7-7d68-b17ed0edcbd0,KXMICHCOACH-26-CLEA,2025-12-11T00:51:04.354155Z,1.00,0.0200,0.9800,no
3890321c-b439-7e23-788b-4bef3e3e0640,KXMICHCOACH-26-CLEA,2025-12-11T00:50:37.563965Z,64.00,0.0200,0.9800,no
ff864eaa-67ce-601d-5800-3e11d72fe37b,KXMICHCOACH-26-CLEA,2025-12-11T00:43:11.239936Z,46.00,0.0400,0.9600,yes
eff51399-5149-4557-c517-b21e806c8534,KXMICHCOACH-26-CLEA,2025-12-11T00:42:40.949899Z,10.00,0.0200,0.9800,no
74014ff6-9f39-653f-a565-a14169a4c1f8,KXMICHCOACH-26-CLEA,2025-12-11T00:40:07.663933Z,45.00,0.0200,0.9800,no
3f92f97d-b19d-7943-3062-7d0d39f39398,KXMICHCOACH-26-CLEA,2025-12-11T00:39:00.509408Z,109.00,0.0200,0.9800,no
5de05d61-3769-40c7-bc88-946750067ac0,KXMICHCOACH-26-CLEA,2025-12-11T00:38:41.255047Z,88.00,0.0200,0.9800,no
7b77fe05-90c1-4bef-2c98-1b39dae8b7b0,KXMICHCOACH-26-CLEA,2025-12-11T00:37:59.760157Z,1.00,0.0200,0.9800,no
facd1030-89dd-569f-858e-776c610d1ae4,KXMICHCOACH-26-CLEA,2025-12-11T00:36:22.090778Z,11.00,0.0200,0.9800,no
89faf3bb-5ef5-5dab-a201-fa9914ae8390,KXMICHCOACH-26-CLEA,2025-12-11T00:36:16.617655Z,7.00,0.0200,0.9800,no
8844655c-9d19-67cb-bc66-d52b866835dc,KXMICHCOACH-26-CLEA,2025-12-11T00:28:22.865701Z,11.00,0.0200,0.9800,no
