trade_id,ticker,created_time,count_fp,yes_price_dollars,no_price_dollars,taker_side
f8073d71-d122-5e3f-b974-dc45a3ecd684,KXMICHCOACH-26-EDRI,2025-12-26T19:44:54.875283Z,681.00,0.0100,0.9900,yes
32a518f0-0cd1-5306-9766-73254ca1ba01,KXMICHCOACH-26-EDRI,2025-12-26T19:44:54.875283Z,254.00,0.0100,0.9900,yes
7a905772-49ae-5ed7-5d3d-3d636a4f982c,KXMICHCOACH-26-EDRI,2025-12-26T17:52:12.160821Z,12.00,0.0100,0.9900,yes
cbe53c3b-b823-50a4-8493-ddac314ba00a,KXMICHCOACH-26-EDRI,2025-12-26T16:13:27.91342Z,1000.00,0.0100,0.9900,no
8b300d65-8d19-5e78-8bd7-f37267ad938f,KXMICHCOACH-26-EDRI,2025-12-26T16:13:27.91342Z,1236.00,0.0100,0.9900,no
7c6a53ae-51fc-52fe-a1ef-8e46f77e55cd,KXMICHCOACH-26-EDRI,2025-12-26T16:13:27.91342Z,301.00,0.0100,0.9900,no
5dbb08f1-ef85-686c-bc8e-abc224f0395b,KXMICHCOACH-26-EDRI,2025-12-26T16:12:54.432145Z,1264.00,0.0100,0.9900,no
d720302a-9b44-6cee-e7a0-0cc5c5906905,KXMICHCOACH-26-EDRI,2025-12-26T16:09:21.52953Z,46.00,0.0200,0.9800,yes
83ba933c-70c7-410f-1cce-b90e46c4ae08,KXMICHCOACH-26-EDRI,2025-12-26T15:11:28.019348Z,100.00,0.0100,0.9900,yes
726d41d6-0a23-4279-0e37-f26656d28a24,KXMICHCOACH-26-EDRI,2025-12-26T15:11:28.019348Z,451.00,0.0100,0.9900,yes
36870a91-2952-4e78-13fa-39c003de20e2,KXMICHCOACH-26-EDRI,2025-12-26T15:11:28.019348Z,100.00,0.0100,0.9900,yes
a84e2e1c-8b67-7b0d-3f61-5389e580dbc8,KXMICHCOACH-26-EDRI,2025-12-26T14:33:04.534607Z,2337.00,0.0100,0.9900,yes
955f8dc4-6137-55a9-7836-f8d684c51328,KXMICHCOACH-26-EDRI,2025-12-26T14:06:06.528438Z,187.00,0.0100,0.9900,yes
4cba4c57-bf6e-7233-d3cb-66c826f7b832,KXMICHCOACH-26-EDRI,2025-12-26T13:33:41.043072Z,25.00,0.0100,0.9900,no
ce32d097-946e-7838-1e20-f1d3ff533d4a,KXMICHCOACH-26-EDRI,2025-12-26T13:25:41.961712Z,1.00,0.0200,0.9800,no
75ed4009-8e5e-7c89-1daa-7b981ee10129,KXMICHCOACH-26-EDRI,2025-12-26T13:25:41.961712Z,400.00,0.0200,0.9800,no
6d225b53-eb99-7ef3-221e-ef6d9daa2579,KXMICHCOACH-26-EDRI,2025-12-26T13:25:41.961712Z,798.00,0.0200,0.9800,no
0f6f0b1e-1f25-7348-05cc-f910210c114c,KXMICHCOACH-26-EDRI,2025-12-26T13:25:41.961712Z,28.00,0.0200,0.9800,no
8a18b93e-fca5-7f63-e146-1b7e879515b9,KXMICHCOACH-26-EDRI,2025-12-26T13:23:57.400678Z,2682.00,0.0200,0.9800,no
ffcf86fb-525d-6dc8-dcf3-215e0da4e83f,KXMICHCOACH-26-EDRI,2025-12-26T13:19:18.137824Z,1.00,0.0300,0.9700,no
e7de9d62-f428-6e44-f0f3-38d5a0c5c368,KXMICHCOACH-26-EDRI,2025-12-26T13:19:18.137824Z,133.00,0.0300,0.9700,no
639cfa56-7895-61c1-ee80-610acb907ea9,KXMICHCOACH-26-EDRI,2025-12-26T13:19:18.137824Z,1.00,0.0300,0.9700,no
4c3b5cf6-0527-6e72-d66f-6f802a9d70f1,KXMICHCOACH-26-EDRI,2025-12-26T13:19:18.137824Z,56.00,0.0300,0.9700,no
436f4ef7-5cda-6f65-e047-cb5534dce275,KXMICHCOACH-26-EDRI,2025-12-26T13:19:18.137824Z,1.00,0.0300,0.9700,no
16d2480b-9ea9-68b5-c0ed-65bdea5b8df2,KXMICHCOACH-26-EDRI,2025-12-26T13:19:18.137824Z,1067.00,0.0300,0.9700,no
0a721764-c444-685f-ca29-a77f284369f3,KXMICHCOACH-26-EDRI,2025-12-26T13:19:18.137824Z,18.00,0.0300,0.9700,no
081cf4a8-5709-6739-c365-35ee0551feb2,KXMICHCOACH-26-EDRI,2025-12-26T13:15:45.641873Z,100.00,0.0300,0.9700,no
67cf35d6-a505-7c85-cba5-5034131d6f16,KXMICHCOACH-26-EDRI,2025-12-26T13:06:09.812052Z,200.00,0.0300,0.9700,no
94d0a75b-96d1-69ed-4d45-6b91d3bc9536,KXMICHCOACH-26-EDRI,2025-12-26T13:04:35.149097Z,51.00,0.0300,0.9700,no
dcc8a168-2587-516f-e226-8e8c7f15e791,KXMICHCOACH-26-EDRI,2025-12-26T13:03:48.814005Z,2.00,0.0400,0.9600,no
ccbc6742-2638-5a91-d4c8-0e725eebd235,KXMICHCOACH-26-EDRI,2025-12-26T13:03:48.814005Z,13.00,0.0400,0.9600,no
704f25f1-598e-559c-cb5e-4a49d1d662d6,KXMICHCOACH-26-EDRI,2025-12-26T13:03:48.814005Z,800.00,0.0400,0.9600,no
5f0ed206-de6a-59b6-d9db-e790e0098b6f,KXMICHCOACH-26-EDRI,2025-12-26T13:03:48.814005Z,7.00,0.0400,0.9600,no
2ce0a2ed-8d06-5c8b-cc82-bf4241a2c8f1,KXMICHCOACH-26-EDRI,2025-12-26T13:03:48.814005Z,15.00,0.0400,0.9600,no
19d2301f-545e-50ba-e841-ce29b089db83,KXMICHCOACH-26-EDRI,2025-12-26T13:03:48.814005Z,11.00,0.0400,0.9600,no
e5a42f74-a00f-58f9-54bd-1e5eadadeb18,KXMICHCOACH-26-EDRI,2025-12-26T12:56:04.643976Z,89.00,0.0400,0.9600,no
dd9b1708-498a-5bf6-7a83-a77ca9c5e317,KXMICHCOACH-26-EDRI,2025-12-26T12:56:04.643976Z,7.00,0.0400,0.9600,no
9e4d2c4f-3e21-5d02-664a-5cdfd32f3eb4,KXMICHCOACH-26-EDRI,2025-12-26T12:56:04.643976Z,9.00,0.0400,0.9600,no
73452e35-19ab-71f1-ca9c-9a716bd7dd54,KXMICHCOACH-26-EDRI,2025-12-26T12:55:06.69705Z,13.00,0.0400,0.9600,no
2ea145cc-d90b-6189-ea1d-324c8acd25d4,KXMICHCOACH-26-EDRI,2025-12-26T12:55:05.456149Z,2.00,0.0400,0.9600,no
c71a071a-8ef4-79b0-3d73-b406c805c87a,KXMICHCOACH-26-EDRI,2025-12-26T08:33:33.648707Z,100.00,0.0500,0.9500,yes
ca5757c8-e83c-5104-3c6f-271cbdc418d5,KXMICHCOACH-26-EDRI,2025-12-26T01:31:18.217067Z,2.00,0.0600,0.9400,yes
63452ab9-53d3-71f1-40d0-43aa4533f26f,KXMICHCOACH-26-EDRI,2025-12-26T01:15:05.24909Z,20.00,0.0400,0.9600,no
ba9d2f2f-613f-5535-42b7-c51acc164c57,KXMICHCOACH-26-EDRI,2025-12-26T00:46:01.449612Z,56.00,0.0400,0.9600,no
83a2793a-20ad-5674-dff5-2142d8236e44,KXMICHCOACH-26-EDRI,2025-12-26T00:45:55.416078Z,22.00,0.0500,0.9500,no
7e80baec-d223-506a-fce3-43329401cab4,KXMICHCOACH-26-EDRI,2025-12-26T00:45:55.416078Z,8.00,0.0500,0.9500,no
6ec6f969-f907-5274-f6be-f9b8b091d942,KXMICHCOACH-26-EDRI,2025-12-26T00:45:55.416078Z,52.00,0.0500,0.9500,no
1f440e5d-9f05-5c7b-f9b3-f5326e3c7a53,KXMICHCOACH-26-EDRI,2025-12-26T00:45:55.416078Z,11.00,0.0500,0.9500,no
15b6178f-2ccb-58b7-f9bb-52e97a11d119,KXMICHCOACH-26-EDRI,2025-12-26T00:45:55.416078Z,58.00,0.0500,0.9500,no
950f96c5-b9f7-68ce-fdce-3a8d0383c294,KXMICHCOACH-26-EDRI,2025-12-26T00:45:49.623113Z,2293.00,0.0600,0.9400,no
cfcf0eac-7dd0-4220-5c19-3ca1f4f2d4a2,KXMICHCOACH-26-EDRI,2025-12-25T23:30:09.946324Z,29.00,0.0700,0.9300,yes
711b05f7-38af-467b-5602-5f581f135df7,KXMICHCOACH-26-EDRI,2025-12-25T23:30:09.946324Z,33.00,0.0700,0.9300,yes
553d5570-d743-6714-a597-8567ee464dd2,KXMICHCOACH-26-EDRI,2025-12-25T22:40:35.104561Z,7.00,0.0500,0.9500,no
d9a197ee-ddf3-7674-20b2-fca4ae2394ba,KXMICHCOACH-26-EDRI,2025-12-25T21:03:30.757623Z,10.00,0.0500,0.9500,no
6a087854-bdc7-416b-e033-84b6248a5853,KXMICHCOACH-26-EDRI,2025-12-25T21:02:07.627493Z,201.00,0.0700,0.9300,yes
4c90dcc2-8cff-7f00-2c28-0321f5bd82be,KXMICHCOACH-26-EDRI,2025-12-25T20:39:43.188409Z,139.00,0.0500,0.9500,no
9f4300b4-98bf-6fff-9a71-a62cb7845cdf,KXMICHCOACH-26-EDRI,2025-12-25T20:16:54.96127Z,26.00,0.0700,0.9300,yes
77887997-4803-5a3c-4453-1f6c27441692,KXMICHCOACH-26-EDRI,2025-12-25T19:15:19.925474Z,150.00,0.0500,0.9500,no
bab46255-c7cf-514f-c9aa-c394245034ff,KXMICHCOACH-26-EDRI,2025-12-25T18:37:37.868893Z,134.00,0.0700,0.9300,yes
e64a63c9-7f9f-4c2f-64d1-01367b22aab7,KXMICHCOACH-26-EDRI,2025-12-25T17:03:19.655691Z,28.00,0.0700,0.9300,yes
e4161642-81cf-59e3-74f4-f8279e71aa5f,KXMICHCOACH-26-EDRI,2025-12-25T15:18:17.011944Z,13.00,0.0700,0.9300,yes
0cabe6f1-9b4f-4107-d789-e95f965d1593,KXMICHCOACH-26-EDRI,2025-12-25T13:02:22.777704Z,40.00,0.0700,0.9300,yes
49177ef6-0d9f-63f3-1ca4-8866dd12f783,KXMICHCOACH-26-EDRI,2025-12-25T11:43:57.708991Z,268.00,0.0700,0.9300,yes
7284cc93-e00b-7b37-0f02-ce46d4ff9237,KXMICHCOACH-26-EDRI,2025-12-25T10:24:17.324713Z,500.00,0.0700,0.9300,yes
5d7ed845-1373-582f-0b09-fb2cd63eb25b,KXMICHCOACH-26-EDRI,2025-12-25T10:23:59.576175Z,139.00,0.0700,0.9300,yes
ac438d17-c0c3-7107-6cc3-ba330b667e3b,KXMICHCOACH-26-EDRI,2025-12-25T10:19:58.549207Z,161.00,0.0700,0.9300,yes
53c13284-7be2-6f0e-cbb3-8acb3958467d,KXMICHCOACH-26-EDRI,2025-12-25T07:56:23.805396Z,13.00,0.0700,0.9300,no
1e79f383-0842-7d7c-580b-02e534d7685d,KXMICHCOACH-26-EDRI,2025-12-25T07:45:14.023747Z,469.00,0.0800,0.9200,yes
358b773e-0276-6ec4-9835-50cfa03c754d,KXMICHCOACH-26-EDRI,2025-12-25T06:38:31.025458Z,2.00,0.0800,0.9200,yes
074b8c86-1d82-4700-7001-ec916d7720e9,KXMICHCOACH-26-EDRI,2025-12-25T05:58:11.527187Z,11.00,0.0800,0.9200,yes
52de2313-7976-73ac-be36-ba52918c6d31,KXMICHCOACH-26-EDRI,2025-12-25T05:52:37.391316Z,58.00,0.0800,0.9200,yes
a4aef333-5ede-5008-b343-e60505058381,KXMICHCOACH-26-EDRI,2025-12-25T04:55:49.605447Z,7.00,0.0800,0.9200,yes
8e831e7f-c45e-4c50-76b8-04f2a597b5c1,KXMICHCOACH-26-EDRI,2025-12-25T03:56:07.151781Z,205.00,0.0800,0.9200,yes
1810fc2f-03ed-4f2b-50b0-86a290c554d1,KXMICHCOACH-26-EDRI,2025-12-25T03:56:07.151781Z,295.00,0.0800,0.9200,yes
01d735f2-db90-6867-1f87-facdf9ea2039,KXMICHCOACH-26-EDRI,2025-12-25T03:25:27.122784Z,278.00,0.0700,0.9300,no
7c3764ab-7ca8-74f7-dff9-dd17cc745291,KXMICHCOACH-26-EDRI,2025-12-25T02:25:18.204451Z,5.00,0.0700,0.9300,no
c8770a7b-a19c-5053-b7c0-eaaf693430b1,KXMICHCOACH-26-EDRI,2025-12-25T02:13:38.018334Z,100.00,0.0700,0.9300,no
c11cdccd-a3f1-653f-2190-c0be5769d7fd,KXMICHCOACH-26-EDRI,2025-12-25T02:09:32.407134Z,1.00,0.0800,0.9200,yes
f0167feb-51c9-49e7-f7ee-3993fe7af7e1,KXMICHCOACH-26-EDRI,2025-12-25T02:09:32.241026Z,1.00,0.0800,0.9200,yes
7b81af37-d661-4233-890b-abbbcad91da1,KXMICHCOACH-26-EDRI,2025-12-25T02:09:32.067962Z,1.00,0.0800,0.9200,yes
4999db2b-b2b1-4697-380b-ac98c3a91a4d,KXMICHCOACH-26-EDRI,2025-12-25T02:09:31.888946Z,1.00,0.0800,0.9200,yes
19053468-1a75-7fff-dcea-fabb5c5c88e5,KXMICHCOACH-26-EDRI,2025-12-25T02:09:31.653842Z,1.00,0.0800,0.9200,yes
e56eee87-71ed-67ff-b4c6-638c0339b8f6,KXMICHCOACH-26-EDRI,2025-12-25T02:09:26.699154Z,1000.00,0.0600,0.9400,yes
e38e01fc-6a76-6498-99e1-64b31f70a58b,KXMICHCOACH-26-EDRI,2025-12-25T02:09:26.699154Z,1.00,0.0700,0.9300,yes
abebfe92-4cc4-643c-bf56-c83c00550561,KXMICHCOACH-26-EDRI,2025-12-25T02:09:26.699154Z,9.00,0.0700,0.9300,yes
867b7349-3a26-63ac-93e6-eda788eecba7,KXMICHCOACH-26-EDRI,2025-12-25T02:09:26.699154Z,836.00,0.0700,0.9300,yes
661857b6-10d5-6a6f-bc54-4ffbfdb19cd6,KXMICHCOACH-26-EDRI,2025-12-25T02:09:26.699154Z,327.00,0.0700,0.9300,yes
cc50d368-89a6-72f8-f9aa-2db031fa7b83,KXMICHCOACH-26-EDRI,2025-12-25T01:16:35.06834Z,26.00,0.0700,0.9300,yes
2ed221c9-a87a-61c0-e4f7-cbafb7e2cabb,KXMICHCOACH-26-EDRI,2025-12-25T00:55:04.04454Z,13.00,0.0700,0.9300,yes
e242524b-fc9a-79b4-8dd2-e7e58d69630b,KXMICHCOACH-26-EDRI,2025-12-25T00:52:51.749038Z,107.00,0.0700,0.9300,yes
68b226c0-d97a-571c-0ae0-2cc5c48bad7b,KXMICHCOACH-26-EDRI,2025-12-25T00:46:12.902137Z,67.00,0.0700,0.9300,yes
98ef7d99-81cf-40b0-4980-201089351142,KXMICHCOACH-26-EDRI,2025-12-25T00:05:53.51311Z,94.00,0.0500,0.9500,no
d910c559-c102-7ad0-6d93-82bc9fa62d83,KXMICHCOACH-26-EDRI,2025-12-24T22:58:26.613854Z,31.00,0.0700,0.9300,yes
78fdeba1-1e86-7c4e-4c01-11b9858c0c68,KXMICHCOACH-26-EDRI,2025-12-24T22:58:26.613854Z,4.00,0.0700,0.9300,yes
5bab2360-fc64-7212-7dfb-33d7d5717778,KXMICHCOACH-26-EDRI,2025-12-24T22:58:26.613854Z,100.00,0.0700,0.9300,yes
0206accb-94c3-7fec-6f2b-55d4b1b1f7be,KXMICHCOACH-26-EDRI,2025-12-24T22:58:26.613854Z,4.00,0.0700,0.9300,yes
44518b05-275f-5b90-5fd5-9705368cc7de,KXMICHCOACH-26-EDRI,2025-12-24T22:58:06.369497Z,48.00,0.0500,0.9500,no
4083f99d-4f2e-503f-4ae2-f4339d58c745,KXMICHCOACH-26-EDRI,2025-12-24T22:58:06.369497Z,9.00,0.0600,0.9400,no
c6a618d3-02ed-4d9b-c3f4-60ebf8edc722,KXMICHCOACH-26-EDRI,2025-12-24T22:01:40.730209Z,11.00,0.0800,0.9200,yes
fdc80669-53e4-4c94-002a-c9745518b4d9,KXMICHCOACH-26-EDRI,2025-12-24T21:47:47.990035Z,6241.00,0.0700,0.9300,yes
e8a48645-f976-51ef-66e3-82ac98a18f39,KXMICHCOACH-26-EDRI,2025-12-24T21:36:46.545612Z,1.00,0.0600,0.9400,no
88e0f8ae-c531-4804-8cb3-00443f473fd4,KXMICHCOACH-26-EDRI,2025-12-24T21:27:32.95828Z,50.00,0.0700,0.9300,yes
547eebac-f098-4744-a9de-e00612efcf9d,KXMICHCOACH-26-EDRI,2025-12-24T21:27:32.95828Z,17.00,0.0700,0.9300,yes
1ea5aefa-ccb2-5b4b-51ae-ebd5deb3ef65,KXMICHCOACH-26-EDRI,2025-12-24T21:14:10.958846Z,12.00,0.0600,0.9400,no
7df3ec2f-98d9-40fc-621a-6a1919cade6c,KXMICHCOACH-26-EDRI,2025-12-24T21:05:07.087529Z,13.00,0.0700,0.9300,yes
4d46a87b-9285-5f98-16ae-ac4ae30b799c,KXMICHCOACH-26-EDRI,2025-12-24T21:04:28.51493Z,22.00,0.0700,0.9300,yes
681325e3-583a-6527-63cf-0e41b8012aff,KXMICHCOACH-26-EDRI,2025-12-24T20:35:45.43124Z,200.00,0.0600,0.9400,no
07223f80-f1c0-68df-494f-964adec42e8c,KXMICHCOACH-26-EDRI,2025-12-24T20:35:45.43124Z,308.00,0.0500,0.9500,no
478ee091-e2f9-75bb-be09-60cebad067d6,KXMICHCOACH-26-EDRI,2025-12-24T20:35:21.451612Z,30.00,0.0800,0.9200,yes
e10c3fef-249b-4be5-a044-682e2fba4d1f,KXMICHCOACH-26-EDRI,2025-12-24T20:13:54.892845Z,843.00,0.0400,0.9600,no
e049edec-cfd4-47f2-9d8a-1812655aa454,KXMICHCOACH-26-EDRI,2025-12-24T20:13:54.892845Z,1000.00,0.0400,0.9600,no
dba26d4c-bcd7-43af-94d2-fe637f6c0e60,KXMICHCOACH-26-EDRI,2025-12-24T20:13:54.892845Z,90.00,0.0500,0.9500,no
d5e60e24-a34e-4f60-8357-89cf79b99884,KXMICHCOACH-26-EDRI,2025-12-24T20:13:54.892845Z,400.00,0.0600,0.9400,no
d59445c9-7eb8-4f68-b9c6-59664cb80ae8,KXMICHCOACH-26-EDRI,2025-12-24T20:13:54.892845Z,1000.00,0.0500,0.9500,no
b6f3b39c-28cb-4eb6-8047-4421a46046cd,KXMICHCOACH-26-EDRI,2025-12-24T20:13:54.892845Z,400.00,0.0400,0.9600,no
8af1f5e5-618f-4efc-94fb-71cd1b51c13e,KXMICHCOACH-26-EDRI,2025-12-24T20:13:54.892845Z,111.00,0.0400,0.9600,no
86626288-f384-4231-adf8-20adddc76327,KXMICHCOACH-26-EDRI,2025-12-24T20:13:54.892845Z,151.00,0.0500,0.9500,no
47b958ce-d1d3-4b18-9f14-03890b62e0db,KXMICHCOACH-26-EDRI,2025-12-24T20:13:54.892845Z,66.00,0.0500,0.9500,no
26ef60b5-26d7-4781-8912-90d68f8c99f3,KXMICHCOACH-26-EDRI,2025-12-24T20:13:54.892845Z,113.00,0.0400,0.9600,no
108739b0-ab3a-4b38-9af3-38ca24aba439,KXMICHCOACH-26-EDRI,2025-12-24T20:13:54.892845Z,149.00,0.0600,0.9400,no
3891973a-0dc5-6b43-b508-f2af45f4f8e6,KXMICHCOACH-26-EDRI,2025-12-24T20:01:34.686306Z,632.00,0.0800,0.9200,yes
27962242-154a-68a7-9d7a-2017f628ffc4,KXMICHCOACH-26-EDRI,2025-12-24T20:01:34.686306Z,542.00,0.0800,0.9200,yes
ae3c8ad5-16f3-5dce-cd57-a041ce49e447,KXMICHCOACH-26-EDRI,2025-12-24T19:43:37.330688Z,500.00,0.0800,0.9200,yes
462242bd-9396-5127-e53b-01124e538574,KXMICHCOACH-26-EDRI,2025-12-24T19:43:37.330688Z,458.00,0.0800,0.9200,yes
37c821d5-4402-534d-e2f3-99654ea1a517,KXMICHCOACH-26-EDRI,2025-12-24T19:43:37.330688Z,88.00,0.0800,0.9200,yes
31793333-1b2d-53ef-e545-924c6e10423e,KXMICHCOACH-26-EDRI,2025-12-24T19:43:37.330688Z,128.00,0.0800,0.9200,yes
f0124ebd-9095-71bf-c061-439720cb4616,KXMICHCOACH-26-EDRI,2025-12-24T19:41:23.849148Z,872.00,0.0800,0.9200,yes
e82837de-d06e-7bc1-c577-437ac1b950e4,KXMICHCOACH-26-EDRI,2025-12-24T19:41:23.849148Z,263.00,0.0700,0.9300,yes
bad42ce9-4460-7150-c2ab-c36ca6b532eb,KXMICHCOACH-26-EDRI,2025-12-24T19:41:23.849148Z,44.00,0.0800,0.9200,yes
0f1f26d7-7abb-71e4-c629-4cacf312f39e,KXMICHCOACH-26-EDRI,2025-12-24T19:41:23.849148Z,28.00,0.0800,0.9200,yes
1026f480-23ca-73c5-fbf2-2f65c87c37dc,KXMICHCOACH-26-EDRI,2025-12-24T19:40:37.931355Z,1341.00,0.0700,0.9300,yes
381533b8-23d6-6db9-02f5-821480fe1ad8,KXMICHCOACH-26-EDRI,2025-12-24T19:34:36.914943Z,1341.00,0.0700,0.9300,yes
c266db7a-a895-7676-86b0-7dadd0062ca0,KXMICHCOACH-26-EDRI,2025-12-24T19:34:24.758191Z,1437.00,0.0600,0.9400,yes
70ef5a86-d284-7196-9f10-c92c7d9372e0,KXMICHCOACH-26-EDRI,2025-12-24T19:34:24.758191Z,1.00,0.0600,0.9400,yes
696b8d28-3683-72aa-8117-586d72057f1b,KXMICHCOACH-26-EDRI,2025-12-24T19:34:24.758191Z,26.00,0.0700,0.9300,yes
47ff65d4-4317-7a76-b5d8-b35c118cde53,KXMICHCOACH-26-EDRI,2025-12-24T19:34:24.758191Z,26.00,0.0700,0.9300,yes
440e437b-e3ba-7019-9648-eb9a21592e60,KXMICHCOACH-26-EDRI,2025-12-24T19:34:24.758191Z,55.00,0.0700,0.9300,yes
6f4a29b9-82dd-4ef6-aa14-60924970f9f0,KXMICHCOACH-26-EDRI,2025-12-24T19:34:08.416374Z,1563.00,0.0600,0.9400,yes
3160c5a9-3e6c-605d-0b14-dba8e34ef037,KXMICHCOACH-26-EDRI,2025-12-24T19:27:23.595019Z,22.00,0.0500,0.9500,no
dae9e162-54e9-7b74-9059-beef1fd5ad54,KXMICHCOACH-26-EDRI,2025-12-24T18:59:08.199157Z,4.00,0.0700,0.9300,yes
95c93426-c03c-79ef-9b7c-d2623272c66a,KXMICHCOACH-26-EDRI,2025-12-24T18:59:08.199157Z,4.00,0.0700,0.9300,yes
7958a618-fc23-74ea-b830-ab95a025d493,KXMICHCOACH-26-EDRI,2025-12-24T18:59:08.199157Z,974.00,0.0700,0.9300,yes
329f149c-b928-71a4-b72d-dd7ebc8464ac,KXMICHCOACH-26-EDRI,2025-12-24T18:59:08.199157Z,359.00,0.0700,0.9300,yes
54b735fe-213d-6627-9c60-d6f21db1d810,KXMICHCOACH-26-EDRI,2025-12-24T18:52:49.505088Z,700.00,0.0700,0.9300,yes
1c57ca08-19dc-62f0-a545-4917295e60f8,KXMICHCOACH-26-EDRI,2025-12-24T18:52:49.505088Z,641.00,0.0700,0.9300,yes
f4e24392-756f-732a-718d-5f2475ada66a,KXMICHCOACH-26-EDRI,2025-12-24T18:40:46.575787Z,1625.00,0.0600,0.9400,yes
f0ab9ed7-0351-7132-551e-5cca6b89fb4a,KXMICHCOACH-26-EDRI,2025-12-24T18:40:46.575787Z,1000.00,0.0600,0.9400,yes
dd1d1f3d-903c-7e13-708a-d1d3b2d5c4ae,KXMICHCOACH-26-EDRI,2025-12-24T18:40:46.575787Z,100.00,0.0600,0.9400,yes
63a2dc40-ebe5-732b-5422-cf9aff56f0f1,KXMICHCOACH-26-EDRI,2025-12-24T18:40:46.575787Z,500.00,0.0600,0.9400,yes
02aae9cd-1a64-489d-9c7b-34a0c7f96c6b,KXMICHCOACH-26-EDRI,2025-12-24T18:19:31.553086Z,10.00,0.0500,0.9500,no
3b305e71-b32b-4cb2-e75a-33399967af3a,KXMICHCOACH-26-EDRI,2025-12-24T18:10:14.258164Z,250.00,0.0600,0.9400,yes
a6bc79dd-afc3-6bc6-9269-085befce4d8e,KXMICHCOACH-26-EDRI,2025-12-24T18:06:52.160779Z,125.00,0.0600,0.9400,yes
74d41cc4-95f9-43a7-4a64-4f0c138c3195,KXMICHCOACH-26-EDRI,2025-12-24T17:49:12.249698Z,473.00,0.0600,0.9400,yes
69e2528d-7769-5f5b-4f1d-8428c10486e5,KXMICHCOACH-26-EDRI,2025-12-24T17:48:47.808728Z,31.00,0.0600,0.9400,yes
921aa553-9600-7579-eca2-acb1c33d1c13,KXMICHCOACH-26-EDRI,2025-12-24T17:44:06.436971Z,117.00,0.0500,0.9500,no
f3f262ef-7b69-4083-dd76-0750f9261d85,KXMICHCOACH-26-EDRI,2025-12-24T17:29:58.186834Z,15.00,0.0600,0.9400,yes
21b03784-c1e5-7bb3-7828-48529da005f5,KXMICHCOACH-26-EDRI,2025-12-24T17:26:26.505347Z,46.00,0.0600,0.9400,yes
ab0984d1-16d1-63c3-4250-9b3f720ddcd5,KXMICHCOACH-26-EDRI,2025-12-24T17:02:44.036069Z,594.00,0.0600,0.9400,yes
c0ed1f1b-dfa5-4927-2681-6c3b9c023561,KXMICHCOACH-26-EDRI,2025-12-24T16:58:17.385881Z,15.00,0.0600,0.9400,yes
53dce385-c789-5813-e1b0-949a47707481,KXMICHCOACH-26-EDRI,2025-12-24T16:58:05.24935Z,6.00,0.0600,0.9400,yes
1e717d63-7029-4c37-07e5-42826fe36ed9,KXMICHCOACH-26-EDRI,2025-12-24T16:54:52.94266Z,200.00,0.0600,0.9400,yes
da50bfc2-7811-5b43-9c18-84facc6602e1,KXMICHCOACH-26-EDRI,2025-12-24T16:50:39.334907Z,125.00,0.0600,0.9400,yes
fe4fd60a-4dd2-5955-406d-77618ffe179d,KXMICHCOACH-26-EDRI,2025-12-24T16:50:05.678589Z,2074.00,0.0500,0.9500,no
faf9baac-5a19-57e6-d873-7898516455ae,KXMICHCOACH-26-EDRI,2025-12-24T16:23:15.822013Z,28.00,0.0600,0.9400,yes
e3be887e-ede9-59fc-e6f0-8552c1811736,KXMICHCOACH-26-EDRI,2025-12-24T16:23:15.822013Z,92.00,0.0600,0.9400,yes
d06a5056-db17-5da9-e2ed-86993dc36a15,KXMICHCOACH-26-EDRI,2025-12-24T16:23:15.822013Z,389.00,0.0600,0.9400,yes
c06ff492-ae7d-534b-d50d-bbbd20a7afcd,KXMICHCOACH-26-EDRI,2025-12-24T16:23:15.822013Z,2792.00,0.0600,0.9400,yes
2c5c36b6-d55d-5f00-d362-da08cc56bfa8,KXMICHCOACH-26-EDRI,2025-12-24T16:23:15.822013Z,427.00,0.0600,0.9400,yes
297d6db5-4eaa-560a-daaf-f798dcf7f819,KXMICHCOACH-26-EDRI,2025-12-24T16:23:15.822013Z,21.00,0.0600,0.9400,yes
1a2059da-6116-5ee3-cb11-a27c7e846e12,KXMICHCOACH-26-EDRI,2025-12-24T16:23:15.822013Z,2085.00,0.0600,0.9400,yes
08bf7d68-a834-5eaa-f0cb-590b6ac4265b,KXMICHCOACH-26-EDRI,2025-12-24T16:23:15.822013Z,116.00,0.0600,0.9400,yes
01c7d3d6-0941-5677-f555-3d401be4307d,KXMICHCOACH-26-EDRI,2025-12-24T16:23:15.822013Z,300.00,0.0600,0.9400,yes
0694d1ae-c349-4d10-e5c9-0ea542ff9c1c,KXMICHCOACH-26-EDRI,2025-12-24T16:23:04.942481Z,22.00,0.0600,0.9400,yes
f89afd9f-7934-68c8-b4ec-1f156a943d8b,KXMICHCOACH-26-EDRI,2025-12-24T16:17:39.640486Z,677.00,0.0500,0.9500,yes
5891599c-7164-6292-afda-2cceb86b58f4,KXMICHCOACH-26-EDRI,2025-12-24T16:17:39.640486Z,102.00,0.0500,0.9500,yes
ae9446ca-de80-5e5c-01e0-8882cde9aafb,KXMICHCOACH-26-EDRI,2025-12-24T16:12:52.757309Z,66.00,0.0500,0.9500,yes
32186dbd-569c-7c8c-39e8-bfe97da15147,KXMICHCOACH-26-EDRI,2025-12-24T16:08:05.724216Z,187.00,0.0500,0.9500,yes
99f5f47f-dc3c-5f82-ee9f-91f207da4ee6,KXMICHCOACH-26-EDRI,2025-12-24T16:07:55.343854Z,23.00,0.0500,0.9500,yes
4c05e53a-6014-53ec-ef1f-9da8105ecc9f,KXMICHCOACH-26-EDRI,2025-12-24T16:07:55.343854Z,70.00,0.0500,0.9500,yes
9b441899-6fa0-4682-f8fc-8366d1f4ac8a,KXMICHCOACH-26-EDRI,2025-12-24T16:07:47.093999Z,93.00,0.0500,0.9500,yes
0b70a9fa-8ab0-469a-75ec-32de403941ae,KXMICHCOACH-26-EDRI,2025-12-24T16:01:39.248059Z,37.00,0.0500,0.9500,yes
e1bd754a-53b0-5392-3979-89ab7704ec16,KXMICHCOACH-26-EDRI,2025-12-24T15:58:59.955145Z,93.00,0.0500,0.9500,yes
21b66de9-98ac-4cba-5c8f-7a88f0e289b6,KXMICHCOACH-26-EDRI,2025-12-24T15:53:28.994525Z,150.00,0.0500,0.9500,yes
f834d2ee-c76c-7b42-2390-429a159292de,KXMICHCOACH-26-EDRI,2025-12-24T15:53:27.426109Z,281.00,0.0500,0.9500,yes
0f07ea5e-bb70-7ea2-8bb4-8b3cf99ac9f2,KXMICHCOACH-26-EDRI,2025-12-24T15:31:18.931801Z,500.00,0.0500,0.9500,yes
d5cdf8c3-9135-5b3d-71ef-20fa6b6590e6,KXMICHCOACH-26-EDRI,2025-12-24T15:28:22.736174Z,1399.00,0.0300,0.9700,no
21d78940-0964-5d15-46c0-6f9a49b4e743,KXMICHCOACH-26-EDRI,2025-12-24T15:28:22.736174Z,101.00,0.0400,0.9600,no
3280af3b-c0cf-4416-b410-32b3f47e7142,KXMICHCOACH-26-EDRI,2025-12-24T15:18:30.41116Z,4351.00,0.0400,0.9600,no
20cbd8d7-d661-4ac9-8974-bbc164eff97a,KXMICHCOACH-26-EDRI,2025-12-24T15:18:30.41116Z,649.00,0.0300,0.9700,no
6747c784-7da8-4286-d2c4-b30edcafcc1e,KXMICHCOACH-26-EDRI,2025-12-24T15:12:40.520396Z,823.00,0.0500,0.9500,yes
27c139e6-6502-4212-f297-c3a60faf87d9,KXMICHCOACH-26-EDRI,2025-12-24T15:12:40.520396Z,2177.00,0.0500,0.9500,yes
ce01d14a-d29a-5712-4f10-2fedf16bd0c9,KXMICHCOACH-26-EDRI,2025-12-24T15:10:45.189356Z,174.00,0.0500,0.9500,yes
14878879-deba-6376-abc3-b55ea9e20571,KXMICHCOACH-26-EDRI,2025-12-24T14:54:51.302294Z,1875.00,0.0500,0.9500,yes
40726e0e-dc9d-6bdd-bd55-fece0b4cd6c6,KXMICHCOACH-26-EDRI,2025-12-24T14:08:49.045981Z,14.00,0.0300,0.9700,no
f5555351-4606-6daa-4787-135d4838c841,KXMICHCOACH-26-EDRI,2025-12-24T14:05:26.10121Z,306.00,0.0500,0.9500,yes
6c142946-306d-6a99-6a4c-33a12a57cffa,KXMICHCOACH-26-EDRI,2025-12-24T14:05:26.10121Z,202.00,0.0400,0.9600,yes
5b834c8c-60d2-57c2-5e47-deeb342934c5,KXMICHCOACH-26-EDRI,2025-12-24T10:45:23.954347Z,468.00,0.0500,0.9500,yes
d70f776c-7ac9-71d0-5d7e-4a724cecce60,KXMICHCOACH-26-EDRI,2025-12-24T08:09:38.848587Z,1404.00,0.0600,0.9400,yes
05c78d6a-079b-7f1e-468f-570fca3c4a42,KXMICHCOACH-26-EDRI,2025-12-24T08:09:38.848587Z,191.00,0.0500,0.9500,yes
b7298adb-d06d-7b48-5f8f-038249fb7318,KXMICHCOACH-26-EDRI,2025-12-24T07:57:15.146205Z,369.00,0.0600,0.9400,yes
a96cc036-b6a9-7476-7657-eea0d4fe5944,KXMICHCOACH-26-EDRI,2025-12-24T07:57:15.146205Z,2000.00,0.0300,0.9700,yes
a1a8304e-3699-7531-7f1e-577eae8a46db,KXMICHCOACH-26-EDRI,2025-12-24T07:57:15.146205Z,10000.00,0.0500,0.9500,yes
a1635eaa-f8cb-78c6-7014-3a0a32bae066,KXMICHCOACH-26-EDRI,2025-12-24T07:57:15.146205Z,2264.00,0.0400,0.9600,yes
93203956-852e-744d-4127-10d4d3ec1392,KXMICHCOACH-26-EDRI,2025-12-24T07:57:15.146205Z,1000.00,0.0500,0.9500,yes
1d668341-058e-71d1-5e91-5d5da20c1a50,KXMICHCOACH-26-EDRI,2025-12-24T07:57:15.146205Z,63.00,0.0300,0.9700,yes
14c6436b-8739-7e20-56c3-5fa87a73ec38,KXMICHCOACH-26-EDRI,2025-12-24T07:57:15.146205Z,352.00,0.0300,0.9700,yes
1239347c-8761-7940-74f2-9eb262ade541,KXMICHCOACH-26-EDRI,2025-12-24T07:57:15.146205Z,1191.00,0.0500,0.9500,yes
0f405ab3-217b-7934-4fac-ca0e90f9ee26,KXMICHCOACH-26-EDRI,2025-12-24T07:57:15.146205Z,70.00,0.0500,0.9500,yes
098863cb-9bd9-7e48-4e0d-263b5e4445a7,KXMICHCOACH-26-EDRI,2025-12-24T07:57:15.146205Z,2729.00,0.0400,0.9600,yes
06d9f63e-d155-7847-6913-ca24404b605a,KXMICHCOACH-26-EDRI,2025-12-24T07:57:15.146205Z,1000.00,0.0300,0.9700,yes
1ff9478b-9edd-5a04-59eb-d452dcb87a6c,KXMICHCOACH-26-EDRI,2025-12-24T07:20:00.698311Z,62.00,0.0300,0.9700,yes
64b73790-6273-4801-00ee-60c45248c5f0,KXMICHCOACH-26-EDRI,2025-12-24T07:04:02.727709Z,133.00,0.0200,0.9800,no
5593b933-994a-43f4-3e6f-d6a13a6a60c1,KXMICHCOACH-26-EDRI,2025-12-24T07:04:02.727709Z,23.00,0.0200,0.9800,no
b3d84d81-53a1-7edc-38b6-085e2e7df030,KXMICHCOACH-26-EDRI,2025-12-24T05:36:47.471241Z,160.00,0.0300,0.9700,yes
5970b582-2ea9-7b24-3136-d506ee58c6a4,KXMICHCOACH-26-EDRI,2025-12-24T05:14:10.063333Z,156.00,0.0300,0.9700,yes
a5fc4b54-9395-45f8-0e65-f92e1a4a1fbc,KXMICHCOACH-26-EDRI,2025-12-24T03:29:24.971803Z,270.00,0.0300,0.9700,yes
591a6efd-1591-53c5-e996-063f326919d0,KXMICHCOACH-26-EDRI,2025-12-24T02:52:32.123138Z,266.00,0.0200,0.9800,no
b42aa27e-95b7-57dc-323f-6619d132f65a,KXMICHCOACH-26-EDRI,2025-12-24T01:46:00.402574Z,47.00,0.0200,0.9800,no
9d4977f2-a26b-5a89-3f5f-b7934feaee2f,KXMICHCOACH-26-EDRI,2025-12-24T01:46:00.402574Z,70.00,0.0100,0.9900,no
8c1f792b-839e-50a2-25e1-88492cff8ca4,KXMICHCOACH-26-EDRI,2025-12-24T01:46:00.402574Z,212.00,0.0100,0.9900,no
47aef2b3-960f-5fc2-20ea-8d13342a2a61,KXMICHCOACH-26-EDRI,2025-12-24T01:46:00.402574Z,437.00,0.0200,0.9800,no
69653c3e-18b3-7192-dd35-c4e0362107be,KXMICHCOACH-26-EDRI,2025-12-24T01:46:00.388432Z,10.00,0.0400,0.9600,yes
fdf9c861-a0ce-4329-98de-54f805e5dee8,KXMICHCOACH-26-EDRI,2025-12-24T01:16:28.338582Z,2000.00,0.0400,0.9600,yes
f4baeab0-3b37-4246-a126-0fee116ec72a,KXMICHCOACH-26-EDRI,2025-12-24T01:16:28.338582Z,34.00,0.0400,0.9600,yes
bf634b31-81ad-407f-ba6f-e9afb1976226,KXMICHCOACH-26-EDRI,2025-12-24T01:16:28.338582Z,200.00,0.0400,0.9600,yes
3479f438-c532-4736-93f8-f02acc911444,KXMICHCOACH-26-EDRI,2025-12-24T01:16:28.338582Z,108.00,0.0400,0.9600,yes
9f616b03-5d37-56e6-b03e-56c3404526b1,KXMICHCOACH-26-EDRI,2025-12-24T01:07:51.472952Z,24.00,0.0200,0.9800,no
5791f52a-37b3-5bfa-7c35-1a5ceb145fa5,KXMICHCOACH-26-EDRI,2025-12-24T00:25:23.793856Z,431.00,0.0200,0.9800,no
02a6d573-b58b-7176-016e-2ea31bc0f279,KXMICHCOACH-26-EDRI,2025-12-23T23:21:56.210854Z,108.00,0.0200,0.9800,no
fbfa3a11-7318-6d31-ba21-3438658fcf45,KXMICHCOACH-26-EDRI,2025-12-23T22:17:45.533649Z,2198.00,0.0300,0.9700,yes
e26737ee-d5bd-633d-ad25-3ea77c08837d,KXMICHCOACH-26-EDRI,2025-12-23T22:17:45.533649Z,2000.00,0.0300,0.9700,yes
dd9d9b28-7886-648d-af04-2b15f3088b3c,KXMICHCOACH-26-EDRI,2025-12-23T22:17:45.533649Z,1000.00,0.0400,0.9600,yes
d280b584-4f34-600d-89ec-bc67850e1a38,KXMICHCOACH-26-EDRI,2025-12-23T22:17:45.533649Z,2500.00,0.0400,0.9600,yes
cf857b28-c990-6380-9d5b-7bf461292e73,KXMICHCOACH-26-EDRI,2025-12-23T22:17:45.533649Z,62.00,0.0500,0.9500,yes
6c2b61bc-d278-6455-9342-e75e3686511e,KXMICHCOACH-26-EDRI,2025-12-23T22:17:45.533649Z,200.00,0.0400,0.9600,yes
6bbfbd91-0ac3-6170-8f49-a37b4a84d789,KXMICHCOACH-26-EDRI,2025-12-23T22:17:45.533649Z,61.00,0.0500,0.9500,yes
3edae9ed-b465-646e-8bc6-163509b13b0c,KXMICHCOACH-26-EDRI,2025-12-23T22:17:45.533649Z,671.00,0.0500,0.9500,yes
3a918d33-9fda-6e52-b339-ae02117e7a74,KXMICHCOACH-26-EDRI,2025-12-23T22:17:45.533649Z,2000.00,0.0300,0.9700,yes
33401db8-0235-6410-a403-920f414a9931,KXMICHCOACH-26-EDRI,2025-12-23T22:17:45.533649Z,809.00,0.0500,0.9500,yes
2bd2c1f5-71d5-6684-9f47-2881b4e67e0e,KXMICHCOACH-26-EDRI,2025-12-23T22:17:45.533649Z,27.00,0.0400,0.9600,yes
06a1befb-c986-6f36-877f-bf6ca5f51adc,KXMICHCOACH-26-EDRI,2025-12-23T22:17:45.533649Z,488.00,0.0400,0.9600,yes
cb78d944-0855-5426-d8e9-4e9d8118063d,KXMICHCOACH-26-EDRI,2025-12-23T21:52:59.805484Z,550.00,0.0100,0.9900,no
b36ad95a-ea27-5c45-d23e-93e4fe6e4ddd,KXMICHCOACH-26-EDRI,2025-12-23T21:52:59.805484Z,3470.00,0.0100,0.9900,no
4e832691-943a-53c4-e391-5731e15e40b7,KXMICHCOACH-26-EDRI,2025-12-23T21:52:59.805484Z,188.00,0.0200,0.9800,no
0e1723b1-196b-77c9-ddd1-77ab1fb4b671,KXMICHCOACH-26-EDRI,2025-12-23T21:46:43.194337Z,201.00,0.0100,0.9900,no
d44829b1-5148-64ac-1f84-dc518f5781b9,KXMICHCOACH-26-EDRI,2025-12-23T21:40:16.150773Z,500.00,0.0300,0.9700,yes
bcc63448-f728-6881-263f-f67b93c4da15,KXMICHCOACH-26-EDRI,2025-12-23T21:40:16.150773Z,1304.00,0.0300,0.9700,yes
a938638f-171a-6ec5-0fbd-282ac129b283,KXMICHCOACH-26-EDRI,2025-12-23T21:40:16.150773Z,1317.00,0.0300,0.9700,yes
1f67a952-e083-773d-af48-11b019055bb9,KXMICHCOACH-26-EDRI,2025-12-23T21:01:37.885749Z,156.00,0.0100,0.9900,no
59dd85d9-5b43-7911-c758-1c6f357b3699,KXMICHCOACH-26-EDRI,2025-12-23T20:45:21.815762Z,200.00,0.0100,0.9900,no
53284fc5-ba39-463e-d540-3801d718430c,KXMICHCOACH-26-EDRI,2025-12-23T19:58:04.796899Z,500.00,0.0200,0.9800,yes
05532250-837e-4263-e57e-549ccf31a352,KXMICHCOACH-26-EDRI,2025-12-23T19:58:04.796899Z,500.00,0.0200,0.9800,yes
d97513ce-8513-68e9-0688-66ec46ca546d,KXMICHCOACH-26-EDRI,2025-12-23T19:27:22.528242Z,585.00,0.0100,0.9900,no
b70c60ae-9f82-70ed-c94b-d6a49fe51c53,KXMICHCOACH-26-EDRI,2025-12-23T16:30:22.761777Z,1000.00,0.0300,0.9700,yes
d8d79994-20b6-535d-7e06-9ed3fb15c8e7,KXMICHCOACH-26-EDRI,2025-12-23T15:56:21.255726Z,683.00,0.0300,0.9700,yes
cf358ca6-7014-5844-7293-ac1533f2eecb,KXMICHCOACH-26-EDRI,2025-12-23T15:56:21.255726Z,3000.00,0.0300,0.9700,yes
bd011822-5d85-5579-4b81-4e68fe4d6de5,KXMICHCOACH-26-EDRI,2025-12-23T15:56:21.255726Z,2067.00,0.0300,0.9700,yes
a86b2f44-8d8a-57de-728b-68e5d89fd9d7,KXMICHCOACH-26-EDRI,2025-12-23T15:56:21.255726Z,1000.00,0.0300,0.9700,yes
9b896eba-5291-5271-60a7-ab8d49112e4c,KXMICHCOACH-26-EDRI,2025-12-23T15:56:21.255726Z,520.00,0.0300,0.9700,yes
9078a06a-eb83-5f99-7e9d-65d9c5e3e858,KXMICHCOACH-26-EDRI,2025-12-23T15:56:21.255726Z,26.00,0.0300,0.9700,yes
4ff8bcc5-4be1-5c29-4227-b0517f085d3a,KXMICHCOACH-26-EDRI,2025-12-23T15:56:21.255726Z,643.00,0.0200,0.9800,yes
23421b83-de79-5665-48b3-ecee94d67094,KXMICHCOACH-26-EDRI,2025-12-23T15:56:21.255726Z,116.00,0.0200,0.9800,yes
afa1a56d-3871-644d-a5f6-f2682b0521ea,KXMICHCOACH-26-EDRI,2025-12-23T15:28:09.571548Z,467.00,0.0200,0.9800,yes
51f7cb91-9fd9-66de-2e81-5d71bb7e7a78,KXMICHCOACH-26-EDRI,2025-12-23T15:27:59.417367Z,67.00,0.0200,0.9800,yes
30cac828-bce9-6699-0a07-2e4e86d41052,KXMICHCOACH-26-EDRI,2025-12-23T15:27:59.417367Z,350.00,0.0200,0.9800,yes
09bc828d-7516-6902-01e0-39c8962c94ec,KXMICHCOACH-26-EDRI,2025-12-23T15:27:59.417367Z,284.00,0.0200,0.9800,yes
95a45836-3d92-7206-4ae7-1b67db01dd20,KXMICHCOACH-26-EDRI,2025-12-23T15:27:25.475697Z,1637.00,0.0200,0.9800,yes
c2c783f5-fc3b-6f35-4101-aff90e8a5c09,KXMICHCOACH-26-EDRI,2025-12-23T15:24:16.111722Z,37.00,0.0100,0.9900,no
4651b5ba-9083-7b25-90e9-1c5eb5fd3075,KXMICHCOACH-26-EDRI,2025-12-23T15:09:51.059836Z,3876.00,0.0100,0.9900,no
6386deed-6a8f-5b85-b8ed-8f1a5901be09,KXMICHCOACH-26-EDRI,2025-12-23T14:52:52.829847Z,1012.00,0.0100,0.9900,no
42feb753-7f09-6ddd-b23c-ce4b3fb81cb5,KXMICHCOACH-26-EDRI,2025-12-23T11:20:38.656856Z,100.00,0.0300,0.9700,yes
be53a8b7-a017-7ec5-d31b-22d671dde161,KXMICHCOACH-26-EDRI,2025-12-23T08:08:46.366733Z,788.00,0.0100,0.9900,no
430af58b-62a7-583d-6c3c-43ab02548c45,KXMICHCOACH-26-EDRI,2025-12-23T06:44:55.141851Z,117.00,0.0100,0.9900,no
a05953b2-c13d-6acd-8086-c776e62324d1,KXMICHCOACH-26-EDRI,2025-12-23T05:34:26.738198Z,780.00,0.0300,0.9700,yes
236fb5fc-c6b3-64ad-0f78-ceed4e4d0c79,KXMICHCOACH-26-EDRI,2025-12-23T04:07:03.420115Z,46.00,0.0100,0.9900,no
d48a97f2-5e0b-4d61-63d1-831599d4dd4d,KXMICHCOACH-26-EDRI,2025-12-23T03:19:44.253504Z,156.00,0.0100,0.9900,no
f2b7fd58-3beb-45c4-eac8-3346f3ae3ab3,KXMICHCOACH-26-EDRI,2025-12-23T02:46:53.670629Z,118.00,0.0200,0.9800,no
21202e92-048b-4a21-e692-2558901751c5,KXMICHCOACH-26-EDRI,2025-12-23T02:46:53.670629Z,85.00,0.0100,0.9900,no
1d8f5548-7eed-6191-71fe-81de9c61197d,KXMICHCOACH-26-EDRI,2025-12-23T01:35:37.535604Z,4.00,0.0300,0.9700,yes
7fc9b52d-81dd-4359-1778-eaa0ec93af6d,KXMICHCOACH-26-EDRI,2025-12-23T00:50:17.435604Z,300.00,0.0300,0.9700,yes
e129b2ae-7ce3-6e98-6c3f-6dcbd9472f3b,KXMICHCOACH-26-EDRI,2025-12-23T00:23:30.991999Z,46.00,0.0200,0.9800,no
8abc43db-9095-735d-8aac-3cf9ea4dac6d,KXMICHCOACH-26-EDRI,2025-12-23T00:02:03.966553Z,108.00,0.0300,0.9700,yes
c969ba4f-2c21-43b9-62b8-ee0de4880671,KXMICHCOACH-26-EDRI,2025-12-22T23:14:51.939944Z,62.00,0.0300,0.9700,yes
58e69d02-3b47-50dc-a75a-8a8db464fcc7,KXMICHCOACH-26-EDRI,2025-12-22T22:20:22.647708Z,36.00,0.0200,0.9800,no
07fbba6c-fcdb-5bc7-869b-7dcdebdd26ac,KXMICHCOACH-26-EDRI,2025-12-22T22:20:22.647708Z,26.00,0.0200,0.9800,no
147691c2-8681-66dd-c629-a8f836c19779,KXMICHCOACH-26-EDRI,2025-12-22T21:46:59.397423Z,93.00,0.0300,0.9700,yes
fa835c2f-a015-4ad9-1059-04ff41ebfcc9,KXMICHCOACH-26-EDRI,2025-12-22T19:35:41.411852Z,156.00,0.0300,0.9700,yes
01c9b61d-2e39-7e3d-d125-ea9db207d7f1,KXMICHCOACH-26-EDRI,2025-12-22T18:58:08.953434Z,200.00,0.0300,0.9700,yes
e2707c43-721d-5cc9-8079-2a881d89b1f5,KXMICHCOACH-26-EDRI,2025-12-22T16:09:22.290836Z,312.00,0.0300,0.9700,yes
d60ea390-18da-51e2-01bf-fce214562c5e,KXMICHCOACH-26-EDRI,2025-12-22T16:02:24.33405Z,10.00,0.0100,0.9900,no
58faf916-403d-4ab9-6eef-6207d17ed6d9,KXMICHCOACH-26-EDRI,2025-12-22T15:33:26.170782Z,517.00,0.0300,0.9700,yes
9b23404f-eed6-5798-439d-82bb268c2e90,KXMICHCOACH-26-EDRI,2025-12-22T15:04:11.786942Z,1.00,0.0300,0.9700,no
ed6f772f-46c6-649a-2503-0e47ae4c1821,KXMICHCOACH-26-EDRI,2025-12-22T06:19:10.93131Z,214.00,0.0400,0.9600,yes
80b6bed0-f2d1-6039-3558-ad27ad775112,KXMICHCOACH-26-EDRI,2025-12-22T06:19:10.93131Z,20.00,0.0400,0.9600,yes
2c77c252-15ee-5c12-2ce8-f1768c8f4825,KXMICHCOACH-26-EDRI,2025-12-22T05:47:23.039366Z,963.00,0.0400,0.9600,yes
22ce8c10-5179-53b6-0468-dc9eeccc507b,KXMICHCOACH-26-EDRI,2025-12-22T05:47:23.039366Z,49.00,0.0300,0.9700,yes
f9e15a0c-983e-5bb0-9406-aa712ba7cfe7,KXMICHCOACH-26-EDRI,2025-12-22T05:27:09.434865Z,1.00,0.0300,0.9700,no
8b289b75-68ca-407e-6489-819b4d29e8e5,KXMICHCOACH-26-EDRI,2025-12-22T04:08:55.133194Z,150.00,0.0400,0.9600,yes
3fabe1de-c51e-7356-342a-45551c0f7ad9,KXMICHCOACH-26-EDRI,2025-12-22T04:06:24.710236Z,23.00,0.0400,0.9600,yes
dccbc742-f43a-7872-accc-5a3e257fca76,KXMICHCOACH-26-EDRI,2025-12-22T04:00:40.675254Z,138.00,0.0100,0.9900,no
cb017bf2-92e0-7c0c-823c-2e4766b70f3f,KXMICHCOACH-26-EDRI,2025-12-22T04:00:40.675254Z,2.00,0.0200,0.9800,no
e4da7971-b1a2-5ef8-379a-a60a571b9101,KXMICHCOACH-26-EDRI,2025-12-22T03:39:28.001817Z,61.00,0.0200,0.9800,no
cc407eb2-6366-58f7-3645-28eaa6b05d9e,KXMICHCOACH-26-EDRI,2025-12-22T03:39:28.001817Z,3.00,0.0200,0.9800,no
b15adf5a-028a-5a0a-0868-61b24186b6b2,KXMICHCOACH-26-EDRI,2025-12-22T03:39:28.001817Z,701.00,0.0100,0.9900,no
9eb1a0c9-238d-588e-1eed-c03b9a7a447d,KXMICHCOACH-26-EDRI,2025-12-22T03:39:28.001817Z,62.00,0.0200,0.9800,no
c269f4f9-3292-5bf6-96f6-01711f578a2a,KXMICHCOACH-26-EDRI,2025-12-22T03:23:03.443453Z,144.00,0.0100,0.9900,no
6516c6bd-2681-55c6-b79e-098039e53cf2,KXMICHCOACH-26-EDRI,2025-12-22T03:23:03.443453Z,6.00,0.0300,0.9700,no
5cdb2559-fdba-53e9-9604-986f7ebb3dec,KXMICHCOACH-26-EDRI,2025-12-22T03:23:03.443453Z,1350.00,0.0200,0.9800,no
89841b1a-be8d-5262-369c-0ed8257f1840,KXMICHCOACH-26-EDRI,2025-12-22T03:21:38.733605Z,142.00,0.0500,0.9500,yes
bac005b9-f021-4eaa-4ddc-a9a3f478f338,KXMICHCOACH-26-EDRI,2025-12-22T03:07:40.931054Z,187.00,0.0500,0.9500,yes
bb177204-cdc1-5e38-3ca3-6052be2de292,KXMICHCOACH-26-EDRI,2025-12-22T01:40:04.218107Z,1200.00,0.0200,0.9800,no
b1679a74-a404-5b7a-3de6-0b564e275955,KXMICHCOACH-26-EDRI,2025-12-22T01:40:04.218107Z,21.00,0.0200,0.9800,no
9f51893c-97e4-56ae-1d19-473ee118a12e,KXMICHCOACH-26-EDRI,2025-12-22T01:40:04.218107Z,704.00,0.0100,0.9900,no
62f89458-b795-56c5-06af-324895b5092f,KXMICHCOACH-26-EDRI,2025-12-22T01:40:04.218107Z,13.00,0.0300,0.9700,no
3d6bc09d-220d-50d4-0571-3ae4f2d44456,KXMICHCOACH-26-EDRI,2025-12-22T01:40:04.218107Z,28.00,0.0200,0.9800,no
3c7bc55e-e15e-5d3a-057b-33589898b33e,KXMICHCOACH-26-EDRI,2025-12-22T01:40:04.218107Z,1092.00,0.0100,0.9900,no
16ebadbc-c39a-593a-18dd-107ebe01a599,KXMICHCOACH-26-EDRI,2025-12-22T01:40:04.218107Z,261.00,0.0200,0.9800,no
0037f41b-55d6-54b6-0c8b-16574ede216d,KXMICHCOACH-26-EDRI,2025-12-22T00:55:41.241962Z,141.00,0.0200,0.9800,no
dabdaa60-b96e-608d-0ed4-8d4252e6254c,KXMICHCOACH-26-EDRI,2025-12-22T00:22:28.872925Z,25.00,0.0300,0.9700,no
1dd205e5-bf66-635e-3417-06dbce7f69fd,KXMICHCOACH-26-EDRI,2025-12-22T00:22:28.872925Z,1820.00,0.0200,0.9800,no
f804f230-3203-5b0b-d4f9-83822c3a6a58,KXMICHCOACH-26-EDRI,2025-12-21T23:32:54.375109Z,179.00,0.0200,0.9800,no
eb818753-ae24-5e5e-d9f6-10213791119f,KXMICHCOACH-26-EDRI,2025-12-21T23:32:54.375109Z,5000.00,0.0100,0.9900,no
d5ed4aa5-8c6d-5a63-e207-560e8eefabc2,KXMICHCOACH-26-EDRI,2025-12-21T23:32:54.375109Z,2000.00,0.0400,0.9600,no
d369f226-2921-5300-c63b-59e266de15bf,KXMICHCOACH-26-EDRI,2025-12-21T23:32:54.375109Z,1.00,0.0400,0.9600,no
cd7e0ee4-4fc7-5508-c994-15e8c7d760ab,KXMICHCOACH-26-EDRI,2025-12-21T23:32:54.375109Z,1000.00,0.0200,0.9800,no
c505a16f-2240-53fa-d44d-59291674c6f9,KXMICHCOACH-26-EDRI,2025-12-21T23:32:54.375109Z,1.00,0.0300,0.9700,no
b10c4e4d-45d3-59c1-e6ee-6a7c82c0cbb2,KXMICHCOACH-26-EDRI,2025-12-21T23:32:54.375109Z,51.00,0.0400,0.9600,no
a9720657-ad61-58ea-c022-51369fb91851,KXMICHCOACH-26-EDRI,2025-12-21T23:32:54.375109Z,1590.00,0.0100,0.9900,no
a2b94ea0-1f11-50dc-e32b-e1f999d2aec2,KXMICHCOACH-26-EDRI,2025-12-21T23:32:54.375109Z,1000.00,0.0100,0.9900,no
a18b52ad-80ac-5c46-fb7f-5326e602ffbc,KXMICHCOACH-26-EDRI,2025-12-21T23:32:54.375109Z,1000.00,0.0100,0.9900,no
90a16979-3e2a-5694-dcc4-ef759035034f,KXMICHCOACH-26-EDRI,2025-12-21T23:32:54.375109Z,102.00,0.0400,0.9600,no
8f827ac3-baf7-520c-dafb-8268e12297fa,KXMICHCOACH-26-EDRI,2025-12-21T23:32:54.375109Z,57.00,0.0400,0.9600,no
8e12ac5c-2191-587d-e8fd-c82b3b1fc37b,KXMICHCOACH-26-EDRI,2025-12-21T23:32:54.375109Z,175.00,0.0200,0.9800,no
799e3c93-0f14-54ed-e8ad-932044f808f5,KXMICHCOACH-26-EDRI,2025-12-21T23:32:54.375109Z,35.00,0.0300,0.9700,no
6d68ab69-f6d3-5673-d037-9fe4de666de3,KXMICHCOACH-26-EDRI,2025-12-21T23:32:54.375109Z,973.00,0.0300,0.9700,no
6c67cda5-a0b4-5c86-c882-d0611673c9a9,KXMICHCOACH-26-EDRI,2025-12-21T23:32:54.375109Z,1.00,0.0300,0.9700,no
659446ff-29f2-578f-c122-cef009f6fee0,KXMICHCOACH-26-EDRI,2025-12-21T23:32:54.375109Z,126.00,0.0300,0.9700,no
4e3d12db-dce9-5332-dc71-f54f492bc24f,KXMICHCOACH-26-EDRI,2025-12-21T23:32:54.375109Z,500.00,0.0300,0.9700,no
4a19c804-2700-5d24-dd7a-6d2fd0adbc7e,KXMICHCOACH-26-EDRI,2025-12-21T23:32:54.375109Z,5000.00,0.0300,0.9700,no
48f71cda-85e0-57ca-e7fb-d2ea3d566f26,KXMICHCOACH-26-EDRI,2025-12-21T23:32:54.375109Z,8018.00,0.0100,0.9900,no
42e3d37b-520d-5375-db59-d1a7fa2f3ad8,KXMICHCOACH-26-EDRI,2025-12-21T23:32:54.375109Z,312.00,0.0400,0.9600,no
3902cbe4-e734-545b-e055-b3dd7ae51a2b,KXMICHCOACH-26-EDRI,2025-12-21T23:32:54.375109Z,8500.00,0.0200,0.9800,no
31ac4712-e33a-563e-c1b2-dc8e8c21f441,KXMICHCOACH-26-EDRI,2025-12-21T23:32:54.375109Z,14.00,0.0400,0.9600,no
2349cc10-53f3-5eb5-e5a0-674a49b4991d,KXMICHCOACH-26-EDRI,2025-12-21T23:32:54.375109Z,21.00,0.0400,0.9600,no
1cc97a29-3cb2-5f39-c0e2-cedbd30d05f4,KXMICHCOACH-26-EDRI,2025-12-21T23:32:54.375109Z,1.00,0.0300,0.9700,no
161aba39-391f-5280-d889-85e76cb8de69,KXMICHCOACH-26-EDRI,2025-12-21T23:32:54.375109Z,193.00,0.0200,0.9800,no
a390be86-0c31-54a9-56a5-8a2cbbd5059c,KXMICHCOACH-26-EDRI,2025-12-21T23:10:00.135173Z,105.00,0.0400,0.9600,no
d5699dff-ae45-5eb1-2b4e-feec2d22ecb0,KXMICHCOACH-26-EDRI,2025-12-21T22:10:26.495588Z,10.00,0.0400,0.9600,no
57f1acc4-c651-5f35-3327-1c413092649c,KXMICHCOACH-26-EDRI,2025-12-21T21:16:13.448159Z,134.00,0.0400,0.9600,no
81f68f06-2841-6cad-c097-5d13b1d9699c,KXMICHCOACH-26-EDRI,2025-12-21T20:52:24.679879Z,156.00,0.0400,0.9600,no
a33499a7-53d1-5bf5-2d16-0d9d937f4448,KXMICHCOACH-26-EDRI,2025-12-21T20:40:59.995712Z,4.00,0.0400,0.9600,no
99f7e956-14d7-472b-c0c7-8b8519fd5287,KXMICHCOACH-26-EDRI,2025-12-21T20:04:28.395022Z,18.00,0.0700,0.9300,yes
15521f61-05aa-4602-cab2-e212412577b9,KXMICHCOACH-26-EDRI,2025-12-21T20:04:28.395022Z,21.00,0.0600,0.9400,yes
038a95e5-02d8-4911-cd1f-6e344aabd5b7,KXMICHCOACH-26-EDRI,2025-12-21T20:04:28.395022Z,12.00,0.0800,0.9200,yes
fdeba398-bc06-5233-6bc0-a8b27fe3ede3,KXMICHCOACH-26-EDRI,2025-12-21T20:04:01.980088Z,33.00,0.0700,0.9300,yes
e5dde530-e5fb-5ad4-7766-05d93d7f8510,KXMICHCOACH-26-EDRI,2025-12-21T20:04:01.980088Z,280.00,0.0600,0.9400,yes
cd554488-21a7-573f-41a3-004b41a226fe,KXMICHCOACH-26-EDRI,2025-12-21T20:04:01.980088Z,1.00,0.0700,0.9300,yes
a89d7172-b2b8-5514-465d-8fef1301b41b,KXMICHCOACH-26-EDRI,2025-12-21T20:04:01.980088Z,47.00,0.0700,0.9300,yes
a328a3c6-af1f-5047-7149-743cd8ad60da,KXMICHCOACH-26-EDRI,2025-12-21T20:04:01.980088Z,62.00,0.0600,0.9400,yes
9ca25182-5ac3-5dea-427c-b768082d1a46,KXMICHCOACH-26-EDRI,2025-12-21T20:04:01.980088Z,23.00,0.0600,0.9400,yes
7456f775-a17d-58ad-7ac8-8c629e8e7150,KXMICHCOACH-26-EDRI,2025-12-21T20:04:01.980088Z,4800.00,0.0600,0.9400,yes
4950dcb1-68e5-571d-6310-a3bfd4172c6b,KXMICHCOACH-26-EDRI,2025-12-21T20:04:01.980088Z,200.00,0.0600,0.9400,yes
1802e9ce-13ee-552d-5e44-a4f0ebecdc80,KXMICHCOACH-26-EDRI,2025-12-21T20:04:01.980088Z,52.00,0.0500,0.9500,yes
1792060d-0a24-5afd-6620-65f18ea1d7df,KXMICHCOACH-26-EDRI,2025-12-21T20:04:01.980088Z,4.00,0.0700,0.9300,yes
114491e0-0a07-5973-5ac7-f815317e4a33,KXMICHCOACH-26-EDRI,2025-12-21T20:04:01.980088Z,1482.00,0.0700,0.9300,yes
0d1013ac-ac67-54db-6e3d-38d63bdb0773,KXMICHCOACH-26-EDRI,2025-12-21T20:04:01.980088Z,500.00,0.0700,0.9300,yes
7ab520d8-48f9-5935-ae15-8f12b7e39748,KXMICHCOACH-26-EDRI,2025-12-21T20:00:12.140431Z,187.00,0.0400,0.9600,no
64019465-70f2-6e35-0360-1104bd5f4130,KXMICHCOACH-26-EDRI,2025-12-21T19:59:29.000844Z,187.00,0.0500,0.9500,yes
f2af2d9a-8022-7421-4070-a03216b974a0,KXMICHCOACH-26-EDRI,2025-12-21T19:49:39.928511Z,761.00,0.0500,0.9500,yes
d4c747ac-ffa1-716b-78fc-96a4cd81394d,KXMICHCOACH-26-EDRI,2025-12-21T19:49:39.928511Z,914.00,0.0500,0.9500,yes
a861c60a-998b-7ba7-775f-9604915b8e51,KXMICHCOACH-26-EDRI,2025-12-21T19:49:39.928511Z,58.00,0.0500,0.9500,yes
96ea1798-365b-795f-7f70-ad5138e93e1e,KXMICHCOACH-26-EDRI,2025-12-21T19:49:39.928511Z,2252.00,0.0500,0.9500,yes
6b22b46f-c09a-7c2c-4168-5be5f978afd8,KXMICHCOACH-26-EDRI,2025-12-21T19:49:39.928511Z,15.00,0.0500,0.9500,yes
77240036-d007-6f2f-f93f-1e0f0afbc4ea,KXMICHCOACH-26-EDRI,2025-12-21T19:23:08.866234Z,71.00,0.0500,0.9500,yes
a6baf94b-586b-7c03-12b9-b33377af4ff2,KXMICHCOACH-26-EDRI,2025-12-21T19:19:04.814844Z,2898.00,0.0500,0.9500,yes
9519721a-49e2-7e67-2dc2-31b62084aa36,KXMICHCOACH-26-EDRI,2025-12-21T19:19:04.814844Z,852.00,0.0500,0.9500,yes
e74ee07b-8c3e-6067-1c6f-75088a3439a6,KXMICHCOACH-26-EDRI,2025-12-21T18:59:50.809588Z,37.00,0.0500,0.9500,yes
2cfbfe61-0f5d-6641-8919-5d71f048e7a0,KXMICHCOACH-26-EDRI,2025-12-21T18:51:44.472959Z,156.00,0.0400,0.9600,no
953bcda0-7c8d-628d-722b-ed909be3ab74,KXMICHCOACH-26-EDRI,2025-12-21T18:34:06.045944Z,416.00,0.0400,0.9600,no
e25f9738-3e86-63e3-c773-e1341504c48e,KXMICHCOACH-26-EDRI,2025-12-21T18:21:11.795987Z,93.00,0.0500,0.9500,yes
738e841e-870a-46ab-c9ca-a02e52e1b0d6,KXMICHCOACH-26-EDRI,2025-12-21T18:17:12.224737Z,18.00,0.0500,0.9500,yes
022f91d9-6c85-7bb9-bce4-4506b4087240,KXMICHCOACH-26-EDRI,2025-12-21T18:02:09.592139Z,906.00,0.0400,0.9600,no
c223c7dd-f665-4651-59bb-41b47a309ab4,KXMICHCOACH-26-EDRI,2025-12-21T17:58:44.796873Z,42.00,0.0400,0.9600,no
e5bc08a1-b4a5-6b45-face-f939cef59eca,KXMICHCOACH-26-EDRI,2025-12-21T17:41:53.963437Z,93.00,0.0400,0.9600,no
e4d54332-e74f-625b-ddc4-9aa00687a0a4,KXMICHCOACH-26-EDRI,2025-12-21T17:41:53.963437Z,3063.00,0.0400,0.9600,no
54bdeb2c-b609-6871-cfdd-4ef6c9d18554,KXMICHCOACH-26-EDRI,2025-12-21T17:41:53.963437Z,572.00,0.0400,0.9600,no
d04b8cfc-7af8-49ed-4730-2e33c9f6ddeb,KXMICHCOACH-26-EDRI,2025-12-21T17:33:48.326108Z,1.00,0.0500,0.9500,no
a4ccacb9-6b23-43cf-5ae3-d52466eaa010,KXMICHCOACH-26-EDRI,2025-12-21T17:33:48.326108Z,183.00,0.0400,0.9600,no
caecf66e-9437-4024-7b31-041a938d93d4,KXMICHCOACH-26-EDRI,2025-12-21T17:25:43.357264Z,3127.00,0.0600,0.9400,yes
f81909ec-4755-56a3-eeb5-6853be7715a7,KXMICHCOACH-26-EDRI,2025-12-21T17:12:43.45843Z,22.00,0.0500,0.9500,no
ed9ad63d-a40d-5803-eb9f-c837a6d7c25f,KXMICHCOACH-26-EDRI,2025-12-21T17:12:43.45843Z,488.00,0.0400,0.9600,no
d4b3338f-7ed7-568b-cfc7-15fe2084bc90,KXMICHCOACH-26-EDRI,2025-12-21T17:12:43.45843Z,1754.00,0.0400,0.9600,no
b445c698-c959-5ae4-fcb4-c026cc5b1fdb,KXMICHCOACH-26-EDRI,2025-12-21T17:12:43.45843Z,52.00,0.0400,0.9600,no
acd06e83-c812-51f1-ffa4-308d72f8ea9b,KXMICHCOACH-26-EDRI,2025-12-21T17:12:43.45843Z,1.00,0.0500,0.9500,no
86072b77-0f05-5149-ff53-b8276e5f0460,KXMICHCOACH-26-EDRI,2025-12-21T17:12:43.45843Z,10.00,0.0500,0.9500,no
5e36b6cd-8e11-5600-f9f1-f7e223c9bb4d,KXMICHCOACH-26-EDRI,2025-12-21T17:12:43.45843Z,15.00,0.0500,0.9500,no
f63d3aa6-8a6c-56cd-f1f3-4577c82d2b11,KXMICHCOACH-26-EDRI,2025-12-21T17:09:12.147673Z,4.00,0.0500,0.9500,no
e74a1f54-7dad-5dfb-e554-8a99fd53c18f,KXMICHCOACH-26-EDRI,2025-12-21T17:09:12.147673Z,9978.00,0.0500,0.9500,no
d9ef146f-4220-5f6b-d951-d07757af11fa,KXMICHCOACH-26-EDRI,2025-12-21T17:09:12.147673Z,1.00,0.0500,0.9500,no
d9ee42a5-250f-5625-ff04-54e517efeb6a,KXMICHCOACH-26-EDRI,2025-12-21T17:09:12.147673Z,2015.00,0.0500,0.9500,no
64983124-5933-5ad1-f131-11a050d0d0fa,KXMICHCOACH-26-EDRI,2025-12-21T17:09:12.147673Z,2.00,0.0500,0.9500,no
efe31167-fd93-4105-ab88-c6bed505906e,KXMICHCOACH-26-EDRI,2025-12-21T17:01:38.332451Z,400.00,0.0500,0.9500,no
0cd8c981-ccfb-7ad9-a49b-a5b680f8f022,KXMICHCOACH-26-EDRI,2025-12-21T16:52:04.138547Z,1000.00,0.0500,0.9500,no
043fd303-bd73-5df9-efa4-4527aec9ba2a,KXMICHCOACH-26-EDRI,2025-12-21T16:52:01.525842Z,916.00,0.0500,0.9500,no
878cfda0-5cab-5f25-d4de-b607b97438ee,KXMICHCOACH-26-EDRI,2025-12-21T16:51:04.791145Z,117.00,0.0500,0.9500,no
fcca7f9e-cdc7-7464-da19-5c8f80fcb21c,KXMICHCOACH-26-EDRI,2025-12-21T16:48:36.024454Z,156.00,0.0600,0.9400,yes
f7fc3c49-4f83-61a8-a2de-31bcd462c26c,KXMICHCOACH-26-EDRI,2025-12-21T16:40:07.622963Z,31.00,0.0600,0.9400,yes
c76940ff-d4e7-6a41-ac5c-bd59be0c2442,KXMICHCOACH-26-EDRI,2025-12-21T16:38:45.168904Z,201.00,0.0500,0.9500,no
9e21f27b-e8cb-4d45-cb77-892409da09d2,KXMICHCOACH-26-EDRI,2025-12-21T16:34:55.161894Z,468.00,0.0500,0.9500,no
226f6e80-6ba7-4a55-8dc4-f6b3ef611ae6,KXMICHCOACH-26-EDRI,2025-12-21T16:33:28.966911Z,2337.00,0.0500,0.9500,no
b61797c8-ec6d-447f-a3ed-74aad7f5b28c,KXMICHCOACH-26-EDRI,2025-12-21T16:30:57.538891Z,4.00,0.0600,0.9400,no
48c11fcd-3bb1-5477-acd4-e4c82d93ddc4,KXMICHCOACH-26-EDRI,2025-12-21T16:30:54.462154Z,903.00,0.0600,0.9400,no
56709636-9159-6e97-7b0c-97442a554b20,KXMICHCOACH-26-EDRI,2025-12-21T16:17:52.318094Z,93.00,0.0600,0.9400,no
f6fb8a21-8a51-429f-2b2e-ab2c4cbee705,KXMICHCOACH-26-EDRI,2025-12-21T16:12:04.562928Z,93.00,0.0700,0.9300,yes
6109969d-8b99-42a7-8b21-15e23ba55211,KXMICHCOACH-26-EDRI,2025-12-21T15:19:34.808548Z,2.00,0.0700,0.9300,yes
ebc1dda7-3f6d-4fbf-6096-b64416754c39,KXMICHCOACH-26-EDRI,2025-12-21T08:58:54.493112Z,16.00,0.0700,0.9300,yes
9e1c9457-352b-6800-4cea-e7be88d53ad0,KXMICHCOACH-26-EDRI,2025-12-21T08:00:33.809509Z,3.00,0.0600,0.9400,no
73e40a5e-6783-62e1-622e-ff9299af9c5e,KXMICHCOACH-26-EDRI,2025-12-21T08:00:33.809509Z,132.00,0.0500,0.9500,no
717ad286-73f0-627d-7ef9-7ecf8651e2ff,KXMICHCOACH-26-EDRI,2025-12-21T08:00:33.809509Z,47.00,0.0600,0.9400,no
5f5edd85-fbd6-6a28-7cad-9ed448701d7f,KXMICHCOACH-26-EDRI,2025-12-21T08:00:33.809509Z,1.00,0.0600,0.9400,no
01cfc8da-6038-6bef-59d9-a0be98d3c6fa,KXMICHCOACH-26-EDRI,2025-12-21T08:00:33.809509Z,33.00,0.0600,0.9400,no
c6afdd87-3729-5403-a9a3-6f115f59c33b,KXMICHCOACH-26-EDRI,2025-12-21T06:46:45.561068Z,1000.00,0.0600,0.9400,no
2b3fd924-1823-590d-adea-ab2fa3decf56,KXMICHCOACH-26-EDRI,2025-12-21T06:46:45.561068Z,2375.00,0.0500,0.9500,no
187b78fe-4199-767f-f531-3ed5392974c9,KXMICHCOACH-26-EDRI,2025-12-21T04:05:35.124205Z,268.00,0.0700,0.9300,yes
7c8549a5-a843-48cc-6b44-d2ed50618a97,KXMICHCOACH-26-EDRI,2025-12-21T03:48:23.326573Z,739.00,0.0600,0.9400,yes
23afc58a-3729-4453-5752-079168eaf715,KXMICHCOACH-26-EDRI,2025-12-21T03:48:23.326573Z,707.00,0.0700,0.9300,yes
fa8ac0c7-13bf-5450-d074-f5dc645dcd1f,KXMICHCOACH-26-EDRI,2025-12-21T03:42:05.926149Z,125.00,0.0600,0.9400,yes
d1120b17-b4dc-4031-fae8-6828cbce4162,KXMICHCOACH-26-EDRI,2025-12-21T03:39:10.094544Z,161.00,0.0500,0.9500,no
aab02b03-973f-4131-f927-b187893c67fe,KXMICHCOACH-26-EDRI,2025-12-21T03:39:10.094544Z,39.00,0.0500,0.9500,no
62cb114c-b7cc-67c5-b077-540c3e462d8e,KXMICHCOACH-26-EDRI,2025-12-21T03:34:30.804191Z,51.00,0.0500,0.9500,no
260753f7-3e8c-592a-7d25-db6093cf9d62,KXMICHCOACH-26-EDRI,2025-12-21T02:28:55.810634Z,93.00,0.0700,0.9300,yes
a9f49545-e755-5d01-c374-dbc2d123de47,KXMICHCOACH-26-EDRI,2025-12-21T02:15:34.190134Z,7.00,0.0600,0.9400,no
9ec32581-60c0-5ed5-f73b-91e8e6363fbe,KXMICHCOACH-26-EDRI,2025-12-21T02:15:34.190134Z,1018.00,0.0500,0.9500,no
759acb9b-86bc-616e-9a46-8c86b9eff642,KXMICHCOACH-26-EDRI,2025-12-21T01:57:19.940324Z,67.00,0.0700,0.9300,yes
e591df5b-0c1a-718f-36a9-ac77456b2141,KXMICHCOACH-26-EDRI,2025-12-21T01:17:21.439025Z,141.00,0.1000,0.9000,yes
3c42bdd6-d19c-6143-e699-79d871abef41,KXMICHCOACH-26-EDRI,2025-12-21T01:02:54.193124Z,200.00,0.0600,0.9400,no
b5d1de4b-fa0a-46dd-b073-f348a7788358,KXMICHCOACH-26-EDRI,2025-12-21T00:58:59.491458Z,30.00,0.0600,0.9400,no
acb018fe-548c-4d09-b272-2030dd72f4e5,KXMICHCOACH-26-EDRI,2025-12-21T00:58:59.491458Z,1200.00,0.0600,0.9400,no
a4ecf858-1e16-4e13-a793-d98783afc5bf,KXMICHCOACH-26-EDRI,2025-12-21T00:58:59.491458Z,1035.00,0.0600,0.9400,no
70f905df-9aac-42e1-abe4-d12e49f8eb02,KXMICHCOACH-26-EDRI,2025-12-21T00:58:59.491458Z,100.00,0.0700,0.9300,no
620fde78-c811-4bb4-a464-75f39759aa6f,KXMICHCOACH-26-EDRI,2025-12-21T00:58:59.491458Z,30.00,0.0600,0.9400,no
56b75b8d-e3d9-4592-864c-870188d2398e,KXMICHCOACH-26-EDRI,2025-12-21T00:58:59.491458Z,24.00,0.0800,0.9200,no
231096e5-4bbc-4ac0-a7fc-a73907988cfb,KXMICHCOACH-26-EDRI,2025-12-21T00:58:59.491458Z,30.00,0.0600,0.9400,no
19eea9b6-e0c8-47f9-8387-a83835dd8c66,KXMICHCOACH-26-EDRI,2025-12-21T00:58:59.491458Z,3770.00,0.0500,0.9500,no
12a6d67e-b6d6-47e9-8cae-ce6874b61f86,KXMICHCOACH-26-EDRI,2025-12-21T00:58:59.491458Z,622.00,0.0700,0.9300,no
7cc17ce0-32df-4452-c745-e2013da821bb,KXMICHCOACH-26-EDRI,2025-12-21T00:50:33.665205Z,225.00,0.1000,0.9000,yes
cbfb7cd5-208a-7337-fed7-e6498f1830bb,KXMICHCOACH-26-EDRI,2025-12-21T00:37:21.268362Z,1196.00,0.0600,0.9400,no
bd86b5aa-e356-7178-c10a-82a6a12d5e39,KXMICHCOACH-26-EDRI,2025-12-21T00:37:21.268362Z,98.00,0.0900,0.9100,no
7bf8a223-653b-7780-c53c-2916beaf9672,KXMICHCOACH-26-EDRI,2025-12-21T00:37:21.268362Z,13.00,0.0900,0.9100,no
307a3e41-f074-7409-d501-093364c2d3e9,KXMICHCOACH-26-EDRI,2025-12-21T00:37:21.268362Z,982.00,0.0700,0.9300,no
3a62d6fe-5947-40e9-2427-d0841a3cf1fb,KXMICHCOACH-26-EDRI,2025-12-21T00:36:44.076867Z,2.00,0.0900,0.9100,yes
47ab23c9-d77c-4579-0c44-14b41e84594d,KXMICHCOACH-26-EDRI,2025-12-21T00:33:42.717128Z,18.00,0.0700,0.9300,no
404863d2-8dd5-4a14-21c9-a9b243a08c9c,KXMICHCOACH-26-EDRI,2025-12-21T00:33:42.717128Z,44.00,0.0700,0.9300,no
09f0d865-cfc5-476b-282c-187d723a0f76,KXMICHCOACH-26-EDRI,2025-12-21T00:33:42.717128Z,28.00,0.0700,0.9300,no
04b1c8e7-c11c-410b-00ad-d94b8d4b798a,KXMICHCOACH-26-EDRI,2025-12-21T00:33:42.717128Z,27.00,0.0900,0.9100,no
2139c18f-186f-47e6-66b4-944bb4c7311f,KXMICHCOACH-26-EDRI,2025-12-21T00:31:55.47439Z,28.00,0.1000,0.9000,yes
53dcef5a-893f-7a2e-47ea-3d9f1070d76b,KXMICHCOACH-26-EDRI,2025-12-21T00:19:55.698424Z,94.00,0.1000,0.9000,yes
1565c338-4d5f-7c16-964e-f70664f4cb07,KXMICHCOACH-26-EDRI,2025-12-21T00:18:55.524571Z,200.00,0.1000,0.9000,yes
c3638901-5c17-739a-4532-d1001fab195f,KXMICHCOACH-26-EDRI,2025-12-21T00:07:26.63796Z,100.00,0.1100,0.8900,yes
e07f88a8-3c53-461a-eab1-b5c4bf902083,KXMICHCOACH-26-EDRI,2025-12-21T00:04:18.72182Z,200.00,0.1100,0.8900,yes
9931f91d-bd5b-69cd-9fac-2607b8b3e648,KXMICHCOACH-26-EDRI,2025-12-21T00:00:35.731142Z,50.00,0.1200,0.8800,yes
c0fea5f1-4b03-71b1-991b-f90af5b6008c,KXMICHCOACH-26-EDRI,2025-12-20T23:46:58.633121Z,63.00,0.1200,0.8800,yes
5bc0c1f4-17b8-750e-ab00-b6b31d2d8d3d,KXMICHCOACH-26-EDRI,2025-12-20T23:46:58.633121Z,16.00,0.1100,0.8900,yes
669782bc-c173-4d70-4b10-017ba97429fd,KXMICHCOACH-26-EDRI,2025-12-20T23:40:14.724922Z,18.00,0.0900,0.9100,no
356cf577-0d0d-4f7a-4287-9ddaa52043df,KXMICHCOACH-26-EDRI,2025-12-20T23:40:14.724922Z,13.00,0.0800,0.9200,no
ea24554b-8138-7548-7803-8a74c2f62d15,KXMICHCOACH-26-EDRI,2025-12-20T23:38:05.255852Z,506.00,0.1200,0.8800,yes
7d4c4e40-1557-7071-6118-7bf0edd91658,KXMICHCOACH-26-EDRI,2025-12-20T23:38:05.255852Z,102.00,0.1200,0.8800,yes
658e5394-c446-7df2-6c00-1c22eddc835f,KXMICHCOACH-26-EDRI,2025-12-20T23:38:05.255852Z,192.00,0.1100,0.8900,yes
ae594639-5197-4bb4-866f-f9ed7645dafb,KXMICHCOACH-26-EDRI,2025-12-20T23:37:52.624773Z,89.00,0.1100,0.8900,yes
5252cf04-b586-4baa-8697-cf8c471bdbf7,KXMICHCOACH-26-EDRI,2025-12-20T23:37:52.624773Z,766.00,0.1100,0.8900,yes
e659e64e-5b11-4274-7ed2-4641c0241a24,KXMICHCOACH-26-EDRI,2025-12-20T23:37:32.671662Z,200.00,0.1000,0.9000,yes
9611e905-c0f3-47ec-755a-c364c99dfc73,KXMICHCOACH-26-EDRI,2025-12-20T23:37:32.671662Z,141.00,0.1100,0.8900,yes
6cee511b-2e37-4f04-48e4-daf25a41a509,KXMICHCOACH-26-EDRI,2025-12-20T23:37:32.671662Z,29.00,0.1000,0.9000,yes
5b07f2e0-9a0c-4eff-5084-eab16b80fa9d,KXMICHCOACH-26-EDRI,2025-12-20T23:37:32.671662Z,478.00,0.1000,0.9000,yes
40cbdef2-78d1-4ac1-716a-3489e5a9cf44,KXMICHCOACH-26-EDRI,2025-12-20T23:37:32.671662Z,58.00,0.1000,0.9000,yes
14af9d49-06d3-4632-61e2-ea6135f08125,KXMICHCOACH-26-EDRI,2025-12-20T23:37:32.671662Z,20.00,0.1000,0.9000,yes
f22f8a59-8454-580f-ad2a-45399223b399,KXMICHCOACH-26-EDRI,2025-12-20T23:12:23.911216Z,9.00,0.1000,0.9000,yes
94f64268-2680-45c7-5a4c-5cf9aa0560f5,KXMICHCOACH-26-EDRI,2025-12-20T23:05:45.598242Z,172.00,0.1000,0.9000,yes
721892cc-7ea4-43ad-6c67-ef95292b5034,KXMICHCOACH-26-EDRI,2025-12-20T23:05:45.598242Z,24.00,0.0900,0.9100,yes
9554fa2a-32d2-6a8b-200b-fc93ec4ba8af,KXMICHCOACH-26-EDRI,2025-12-20T23:04:24.486264Z,27.00,0.0600,0.9400,no
6a0658df-bbed-6f6d-3436-e48144136de0,KXMICHCOACH-26-EDRI,2025-12-20T23:04:24.486264Z,8.00,0.0600,0.9400,no
ab03162c-6cd7-62d2-ce6e-4b886e1f9d7f,KXMICHCOACH-26-EDRI,2025-12-20T22:58:38.865939Z,17.00,0.0600,0.9400,no
83479f7b-0988-6a82-fc95-e00b9c6bf542,KXMICHCOACH-26-EDRI,2025-12-20T22:58:38.865939Z,378.00,0.0600,0.9400,no
6a3d897a-332d-6fd2-e317-3a8f86727ac4,KXMICHCOACH-26-EDRI,2025-12-20T22:58:38.865939Z,29.00,0.0600,0.9400,no
5539270b-42ba-65aa-f81b-d176493b6713,KXMICHCOACH-26-EDRI,2025-12-20T22:58:38.865939Z,20.00,0.0600,0.9400,no
2cfcadab-ed65-62f0-c7af-994df20e4a1b,KXMICHCOACH-26-EDRI,2025-12-20T22:58:38.865939Z,24.00,0.0700,0.9300,no
1479dec6-4318-5a93-3a6c-8304bd43de85,KXMICHCOACH-26-EDRI,2025-12-20T22:55:54.476878Z,2.00,0.1000,0.9000,yes
967ff2ad-e450-51db-a1f1-10866d389a9d,KXMICHCOACH-26-EDRI,2025-12-20T22:51:02.155797Z,5.00,0.1000,0.9000,yes
77160e46-d2cf-5db3-a1b8-1d4dd582aec6,KXMICHCOACH-26-EDRI,2025-12-20T22:51:02.155797Z,6.00,0.0900,0.9100,yes
8b931806-5a9a-4f1b-7e1e-71abf48b5fa7,KXMICHCOACH-26-EDRI,2025-12-20T22:06:21.039922Z,37.00,0.1000,0.9000,yes
eae37d65-3e0a-46d9-0a3e-004f3dcf60fa,KXMICHCOACH-26-EDRI,2025-12-20T22:03:32.863351Z,543.00,0.0600,0.9400,no
04762c47-39eb-43d1-3e64-23baeced77a9,KXMICHCOACH-26-EDRI,2025-12-20T22:03:32.863351Z,33.00,0.0600,0.9400,no
edd4b625-b353-4e15-5cd2-8c4a7f9703dc,KXMICHCOACH-26-EDRI,2025-12-20T22:00:22.1397Z,48.00,0.1000,0.9000,yes
900d5e1f-4438-4ded-5325-a2bc9ad9466e,KXMICHCOACH-26-EDRI,2025-12-20T22:00:22.1397Z,31.00,0.1000,0.9000,yes
819b0c07-261b-4938-5a84-d2c4c87e6c9b,KXMICHCOACH-26-EDRI,2025-12-20T22:00:22.1397Z,703.00,0.1100,0.8900,yes
76856903-5e3a-4ee9-464a-e7bc3553c5c6,KXMICHCOACH-26-EDRI,2025-12-20T22:00:22.1397Z,1000.00,0.1000,0.9000,yes
441572dd-445d-4553-4c07-e3983339bdc5,KXMICHCOACH-26-EDRI,2025-12-20T22:00:22.1397Z,500.00,0.1000,0.9000,yes
f603018b-2dc7-4564-05ea-1441631b0797,KXMICHCOACH-26-EDRI,2025-12-20T21:38:43.975671Z,25.00,0.1100,0.8900,yes
c0975711-00c7-58d8-668b-81b11a8af377,KXMICHCOACH-26-EDRI,2025-12-20T21:32:35.233886Z,42.00,0.1100,0.8900,yes
3454417a-7d74-404c-b724-fa8ee6d17321,KXMICHCOACH-26-EDRI,2025-12-20T21:29:50.488026Z,15.00,0.1200,0.8800,yes
9640a74b-6575-630d-1533-2cda55aa122c,KXMICHCOACH-26-EDRI,2025-12-20T21:25:11.396475Z,40.00,0.0800,0.9200,no
edb2fdb3-904c-5bc3-12e6-9fa46929cdb9,KXMICHCOACH-26-EDRI,2025-12-20T21:19:41.81693Z,21.00,0.1100,0.8900,yes
aa93d8f9-472e-5a46-35fe-1db0f4da8a21,KXMICHCOACH-26-EDRI,2025-12-20T21:19:41.81693Z,30.00,0.1100,0.8900,yes
7611b21c-ab3e-563d-1a8b-12477e9fcd19,KXMICHCOACH-26-EDRI,2025-12-20T21:19:41.81693Z,292.00,0.1000,0.9000,yes
544805dc-6921-5841-2e01-83956bce4f8a,KXMICHCOACH-26-EDRI,2025-12-20T21:19:41.81693Z,30.00,0.1100,0.8900,yes
4e9b5d1c-0e14-5104-3ff5-709c5cc03741,KXMICHCOACH-26-EDRI,2025-12-20T21:19:41.81693Z,30.00,0.1100,0.8900,yes
35f896a3-f243-53f6-2a8b-694cddaa7734,KXMICHCOACH-26-EDRI,2025-12-20T21:19:41.81693Z,675.00,0.1100,0.8900,yes
9b0bf5b7-cfa2-7a05-9766-f62aa470623d,KXMICHCOACH-26-EDRI,2025-12-20T21:14:29.266091Z,200.00,0.1000,0.9000,yes
8cd44e07-eec6-5f69-e878-e8518f29691d,KXMICHCOACH-26-EDRI,2025-12-20T21:09:40.58198Z,1.00,0.1000,0.9000,yes
f7dec00a-ee86-7541-6a32-872647a6dc1d,KXMICHCOACH-26-EDRI,2025-12-20T21:05:00.808755Z,7.00,0.1000,0.9000,yes
129c528e-e7aa-7c72-ea64-725d81eb703c,KXMICHCOACH-26-EDRI,2025-12-20T20:58:30.300688Z,58.00,0.0500,0.9500,no
8bc55b73-2802-60be-d2b0-9cb9a462b7fc,KXMICHCOACH-26-EDRI,2025-12-20T20:53:13.874197Z,54.00,0.0500,0.9500,no
7a014e91-5e08-6049-cb4c-7f36f37f5b10,KXMICHCOACH-26-EDRI,2025-12-20T20:53:13.874197Z,46.00,0.0600,0.9400,no
9d72eb38-d1fe-446a-3cbb-4ca27f720ff0,KXMICHCOACH-26-EDRI,2025-12-20T20:47:07.118849Z,46.00,0.0500,0.9500,no
fa7ec2f2-d239-7e1b-80a3-657256e3032b,KXMICHCOACH-26-EDRI,2025-12-20T20:41:16.802051Z,857.00,0.0400,0.9600,no
ffc3fabb-e3f4-42ab-d191-280497ea1812,KXMICHCOACH-26-EDRI,2025-12-20T20:40:50.825235Z,1000.00,0.1000,0.9000,no
cf099603-2d16-4898-d116-615c5c17ac7b,KXMICHCOACH-26-EDRI,2025-12-20T20:40:50.825235Z,74.00,0.0700,0.9300,no
a3d41d36-a3ef-48f3-c133-3bd3464ce1de,KXMICHCOACH-26-EDRI,2025-12-20T20:40:50.825235Z,2500.00,0.0600,0.9400,no
85f4f95f-ea6b-4dd6-d980-32a07e3f2bc8,KXMICHCOACH-26-EDRI,2025-12-20T20:40:50.825235Z,1000.00,0.0700,0.9300,no
83c5412b-7f3c-4065-e6c4-00b3a86eedc3,KXMICHCOACH-26-EDRI,2025-12-20T20:40:50.825235Z,3224.00,0.0500,0.9500,no
76eec739-75fa-4d40-ea61-fbc7b61fd7f4,KXMICHCOACH-26-EDRI,2025-12-20T20:40:50.825235Z,750.00,0.0700,0.9300,no
68700013-098c-4a66-e99d-8587f2710914,KXMICHCOACH-26-EDRI,2025-12-20T20:40:50.825235Z,30.00,0.1000,0.9000,no
4725c076-e0f1-4c6f-d93a-770edc04fe63,KXMICHCOACH-26-EDRI,2025-12-20T20:40:50.825235Z,1089.00,0.0400,0.9600,no
42ca0a6c-26d0-4b0c-f69e-e6432df95857,KXMICHCOACH-26-EDRI,2025-12-20T20:40:50.825235Z,30.00,0.1000,0.9000,no
2911374f-78de-4d69-c59a-40fc962437fb,KXMICHCOACH-26-EDRI,2025-12-20T20:40:50.825235Z,309.00,0.1100,0.8900,no
20419df6-dbe3-4a5b-f7a8-9eb0845b6d61,KXMICHCOACH-26-EDRI,2025-12-20T20:40:50.825235Z,30.00,0.1000,0.9000,no
07bb6690-8ebb-4387-d915-8fe4fa95e9e1,KXMICHCOACH-26-EDRI,2025-12-20T20:40:50.825235Z,750.00,0.0900,0.9100,no
b680d6b5-149a-7ab1-729d-c44a1f4dbe63,KXMICHCOACH-26-EDRI,2025-12-20T20:37:27.778791Z,93.00,0.1100,0.8900,no
0889c79b-6e7d-6f0e-4498-a19d614c164a,KXMICHCOACH-26-EDRI,2025-12-20T20:29:07.078833Z,36.00,0.1300,0.8700,yes
88f50bd0-3396-682d-8486-6667b7538b53,KXMICHCOACH-26-EDRI,2025-12-20T20:13:18.015398Z,709.00,0.1100,0.8900,no
5e8ef2b7-10a3-6dcf-b168-f99853e605ee,KXMICHCOACH-26-EDRI,2025-12-20T20:13:18.015398Z,135.00,0.1100,0.8900,no
58888b57-8ade-68f7-b7dc-86c28bdd0587,KXMICHCOACH-26-EDRI,2025-12-20T20:13:18.015398Z,750.00,0.1200,0.8800,no
2d2d2dda-59e2-6630-890c-d69ea17691c3,KXMICHCOACH-26-EDRI,2025-12-20T20:13:18.015398Z,55.00,0.1100,0.8900,no
053d371e-6bdb-6300-843a-43f042384f88,KXMICHCOACH-26-EDRI,2025-12-20T20:13:18.015398Z,39.00,0.1100,0.8900,no
003532f6-b09e-68cb-911d-d6b80ad14f62,KXMICHCOACH-26-EDRI,2025-12-20T20:13:18.015398Z,327.00,0.1200,0.8800,no
946e5282-2722-7eab-60d8-6a78d386a872,KXMICHCOACH-26-EDRI,2025-12-20T20:06:54.232961Z,673.00,0.1300,0.8700,no
091431e0-32ca-7278-4e1c-ca20bf27618d,KXMICHCOACH-26-EDRI,2025-12-20T20:06:54.232961Z,1327.00,0.1300,0.8700,no
f25b0605-0a9e-6678-674e-906595cc58dd,KXMICHCOACH-26-EDRI,2025-12-20T20:02:42.396642Z,11.00,0.1300,0.8700,no
2bb70f6a-6b06-4d45-268d-55c46da3de68,KXMICHCOACH-26-EDRI,2025-12-20T20:02:02.347994Z,3.00,0.1500,0.8500,yes
74a4f98b-cea6-4fd0-c919-4ffc7daab291,KXMICHCOACH-26-EDRI,2025-12-20T20:01:55.763241Z,28.00,0.1300,0.8700,no
5fc23dae-1f68-4188-ce6e-d4f5b8f9b1d4,KXMICHCOACH-26-EDRI,2025-12-20T19:49:15.660459Z,103.00,0.1500,0.8500,yes
5b81c764-fbda-4b65-e012-ddae6e7c7b5c,KXMICHCOACH-26-EDRI,2025-12-20T19:49:15.660459Z,255.00,0.1500,0.8500,yes
9583f724-0904-7a8c-1bb9-9e2d724de31c,KXMICHCOACH-26-EDRI,2025-12-20T19:47:29.765394Z,147.00,0.1500,0.8500,yes
50bc0f70-a10e-6168-8cee-33f8012c1de9,KXMICHCOACH-26-EDRI,2025-12-20T19:46:04.108732Z,294.00,0.1300,0.8700,no
117cd927-da22-5e24-5d78-6fcb40647d25,KXMICHCOACH-26-EDRI,2025-12-20T19:18:04.586224Z,23.00,0.1300,0.8700,no
9baa169e-25d2-4fbc-3dbd-4ff04d5cfe49,KXMICHCOACH-26-EDRI,2025-12-20T19:13:37.329755Z,53.00,0.1300,0.8700,no
92d69a27-eefb-73ac-2888-0c6891328cfb,KXMICHCOACH-26-EDRI,2025-12-20T18:56:35.832117Z,100.00,0.1400,0.8600,no
2bf51d61-1fd2-7fc4-0806-371168258e8d,KXMICHCOACH-26-EDRI,2025-12-20T18:56:35.832117Z,130.00,0.1300,0.8700,no
04cc717f-8cd7-5f17-8a04-70681239001a,KXMICHCOACH-26-EDRI,2025-12-20T18:52:47.14873Z,8.00,0.1600,0.8400,yes
459ed9a1-6eab-5022-22cf-0dc1ef09ea12,KXMICHCOACH-26-EDRI,2025-12-20T18:52:36.857222Z,6.00,0.1500,0.8500,yes
29dec7f5-535b-59cb-0b4a-e6a17e84529e,KXMICHCOACH-26-EDRI,2025-12-20T18:52:36.857222Z,827.00,0.1600,0.8400,yes
005abb53-a2f8-5d85-3fc8-4717f1c5b0ad,KXMICHCOACH-26-EDRI,2025-12-20T18:52:36.857222Z,1000.00,0.1500,0.8500,yes
590b46fc-395b-777a-a98a-1fca0b8ae142,KXMICHCOACH-26-EDRI,2025-12-20T18:52:23.266387Z,629.00,0.1500,0.8500,yes
d874dd55-5537-4b42-1bf4-c8630d862d16,KXMICHCOACH-26-EDRI,2025-12-20T18:51:59.113556Z,629.00,0.1500,0.8500,yes
910a2e9d-a317-6802-dc3d-0fc4209f7302,KXMICHCOACH-26-EDRI,2025-12-20T18:51:05.124948Z,94.00,0.1500,0.8500,yes
fe83f9b2-8253-56de-9fa4-3f1a08f45da6,KXMICHCOACH-26-EDRI,2025-12-20T18:48:21.524014Z,629.00,0.1500,0.8500,yes
e8d0f62a-c4c3-67da-8e95-f892c8180fa2,KXMICHCOACH-26-EDRI,2025-12-20T18:40:48.728641Z,5.00,0.1500,0.8500,yes
eae02553-fef2-7ee0-6639-fe94e5102cdd,KXMICHCOACH-26-EDRI,2025-12-20T18:33:30.885968Z,356.00,0.1300,0.8700,no
db116acb-73a7-63f4-dab2-a69f67248924,KXMICHCOACH-26-EDRI,2025-12-20T18:33:02.05925Z,60.00,0.1400,0.8600,no
e19f2ad7-f103-54b2-52f6-7c572e47dffe,KXMICHCOACH-26-EDRI,2025-12-20T18:30:06.162019Z,3.00,0.1500,0.8500,yes
1940fed2-5b67-595e-47f3-dea0594e0be2,KXMICHCOACH-26-EDRI,2025-12-20T18:28:42.40369Z,5.00,0.1500,0.8500,yes
3fb67675-f891-5104-6837-ac6b4486206f,KXMICHCOACH-26-EDRI,2025-12-20T18:23:57.940738Z,12.00,0.1700,0.8300,yes
e8e73243-2769-42e8-aab5-7a83b589029b,KXMICHCOACH-26-EDRI,2025-12-20T18:22:47.427452Z,11.00,0.1700,0.8300,yes
8c35d462-6011-6621-6f3d-245eda0e620c,KXMICHCOACH-26-EDRI,2025-12-20T18:21:31.443089Z,62.00,0.1200,0.8800,no
33ce5eb3-23d6-5697-7599-12ba87962285,KXMICHCOACH-26-EDRI,2025-12-20T18:21:11.989135Z,112.00,0.2000,0.8000,yes
4995b089-87d4-710b-ae62-d0cc3ec1e35d,KXMICHCOACH-26-EDRI,2025-12-20T18:19:06.458826Z,1.00,0.2100,0.7900,yes
f481e20a-42e8-7e9f-e950-0858a4c448b1,KXMICHCOACH-26-EDRI,2025-12-20T18:18:54.868523Z,6.00,0.2100,0.7900,yes
31acb8ac-d90e-6984-22d9-83eca38ac43a,KXMICHCOACH-26-EDRI,2025-12-20T18:14:57.313388Z,408.00,0.2300,0.7700,yes
07d82f84-9235-7e43-53fd-c79adb17f2a2,KXMICHCOACH-26-EDRI,2025-12-20T18:13:35.033267Z,9.00,0.1200,0.8800,no
be58d109-363a-51e4-adb5-482dcc11b382,KXMICHCOACH-26-EDRI,2025-12-20T18:12:35.475449Z,515.00,0.2300,0.7700,yes
f4414776-b1ad-5c8f-4f2b-1a626bfc3790,KXMICHCOACH-26-EDRI,2025-12-20T18:10:10.65816Z,35.00,0.2000,0.8000,yes
ddc28848-694c-50a1-5657-a29375acdf89,KXMICHCOACH-26-EDRI,2025-12-20T18:10:10.65816Z,56.00,0.2100,0.7900,yes
d85e88ed-a0a3-553e-7fda-3bcf5096753a,KXMICHCOACH-26-EDRI,2025-12-20T18:10:10.65816Z,136.00,0.2400,0.7600,yes
ce0268f5-2bbb-539a-7543-7b3742181665,KXMICHCOACH-26-EDRI,2025-12-20T18:10:10.65816Z,1852.00,0.2000,0.8000,yes
c88c34f2-932f-5f92-5b05-e28571cfe4f1,KXMICHCOACH-26-EDRI,2025-12-20T18:10:10.65816Z,96.00,0.2300,0.7700,yes
bf204dc6-96ae-5e14-7d36-3f31631c6c38,KXMICHCOACH-26-EDRI,2025-12-20T18:10:10.65816Z,2222.00,0.2400,0.7600,yes
bce3ef1f-81f4-5ebb-585f-ee7197e32bd9,KXMICHCOACH-26-EDRI,2025-12-20T18:10:10.65816Z,71.00,0.2200,0.7800,yes
aeafaaff-fac4-5581-5b0b-8ba83c6abb49,KXMICHCOACH-26-EDRI,2025-12-20T18:10:10.65816Z,136.00,0.2400,0.7600,yes
a7076fb9-62fc-5c86-466a-fb9881e09ae3,KXMICHCOACH-26-EDRI,2025-12-20T18:10:10.65816Z,500.00,0.1800,0.8200,yes
a1540477-e8cf-5e2c-61e0-02522a2bc086,KXMICHCOACH-26-EDRI,2025-12-20T18:10:10.65816Z,1000.00,0.2300,0.7700,yes
9dc43770-7702-553b-631e-5331756dfc57,KXMICHCOACH-26-EDRI,2025-12-20T18:10:10.65816Z,667.00,0.2500,0.7500,yes
74b59373-8e4d-5b81-66e0-7116b20f8f35,KXMICHCOACH-26-EDRI,2025-12-20T18:10:10.65816Z,750.00,0.1500,0.8500,yes
6e517faf-cfd0-5f61-5ec8-e239e84107f8,KXMICHCOACH-26-EDRI,2025-12-20T18:10:10.65816Z,871.00,0.1500,0.8500,yes
620b2245-b9d6-5422-6bd3-2c12daad121a,KXMICHCOACH-26-EDRI,2025-12-20T18:10:10.65816Z,500.00,0.1600,0.8400,yes
50741239-8ee7-56ae-6c7a-49eeaf1ac199,KXMICHCOACH-26-EDRI,2025-12-20T18:10:10.65816Z,40.00,0.2300,0.7700,yes
3d596ec8-71fc-52a7-5b02-b8d492fd5cb8,KXMICHCOACH-26-EDRI,2025-12-20T18:10:10.65816Z,21.00,0.2000,0.8000,yes
37043404-6bdf-5019-4cf2-2acb5b2f779f,KXMICHCOACH-26-EDRI,2025-12-20T18:10:10.65816Z,17.00,0.1600,0.8400,yes
2cb8136e-4c67-5fdf-75c3-edcdc6b6c8bd,KXMICHCOACH-26-EDRI,2025-12-20T18:10:10.65816Z,400.00,0.1400,0.8600,yes
1c5c5af2-cc1b-5bea-519d-0bd9e9604e7f,KXMICHCOACH-26-EDRI,2025-12-20T18:10:10.65816Z,25.00,0.2200,0.7800,yes
1aa9af9c-64b3-5b0b-4dd6-e7b344a21fc0,KXMICHCOACH-26-EDRI,2025-12-20T18:10:10.65816Z,1328.00,0.1900,0.8100,yes
16f5f1a0-b308-5393-6e7e-6b44fb145960,KXMICHCOACH-26-EDRI,2025-12-20T18:10:10.65816Z,63.00,0.2200,0.7800,yes
190893b9-7c98-73e8-2c41-82363c2e2f22,KXMICHCOACH-26-EDRI,2025-12-20T18:06:31.167784Z,2.00,0.1200,0.8800,no
39446de0-9420-4c99-2819-69707146dc14,KXMICHCOACH-26-EDRI,2025-12-20T17:59:12.132406Z,1258.00,0.1500,0.8500,yes
fc3ae98c-90dd-5c8a-b736-1be27e976fe5,KXMICHCOACH-26-EDRI,2025-12-20T17:58:58.787091Z,750.00,0.1400,0.8600,yes
b7603250-d834-5cfd-962d-65fea9e21b20,KXMICHCOACH-26-EDRI,2025-12-20T17:58:58.787091Z,557.00,0.1500,0.8500,yes
15e616f8-9cbc-7439-f624-f8092655ef70,KXMICHCOACH-26-EDRI,2025-12-20T17:51:07.458854Z,314.00,0.1500,0.8500,yes
293ecbb4-5a4c-618d-05c0-3e51dae46fa0,KXMICHCOACH-26-EDRI,2025-12-20T17:44:12.131631Z,590.00,0.1600,0.8400,yes
af9045cf-1467-5234-88f2-6634b5ac5a46,KXMICHCOACH-26-EDRI,2025-12-20T17:34:15.48384Z,5.00,0.1200,0.8800,no
a217b6c4-aa5c-7e59-c5cb-a03ca107ebc0,KXMICHCOACH-26-EDRI,2025-12-20T17:33:37.479413Z,59.00,0.1600,0.8400,yes
6be19840-8c98-7c25-68e8-87db07fe4444,KXMICHCOACH-26-EDRI,2025-12-20T17:32:26.171914Z,8.00,0.1600,0.8400,yes
8f59c11e-4b7d-44d4-4263-5a5b730e6121,KXMICHCOACH-26-EDRI,2025-12-20T17:32:25.766981Z,24.00,0.1100,0.8900,no
a041680d-c081-57b3-48c6-d251540aca72,KXMICHCOACH-26-EDRI,2025-12-20T17:30:58.7811Z,8.00,0.1100,0.8900,no
eee425c9-f3d1-5747-7cdc-c7aaf209938e,KXMICHCOACH-26-EDRI,2025-12-20T17:29:41.652628Z,66.00,0.1100,0.8900,no
e463a5dd-17eb-656f-d7ff-63396035ea78,KXMICHCOACH-26-EDRI,2025-12-20T17:25:02.206917Z,894.00,0.1900,0.8100,yes
c302b808-7020-66e9-e044-548a41300f30,KXMICHCOACH-26-EDRI,2025-12-20T17:25:02.206917Z,19.00,0.1800,0.8200,yes
961c8a3a-d6fc-6de0-cf82-ed5f3d1f5d6e,KXMICHCOACH-26-EDRI,2025-12-20T17:25:02.206917Z,17.00,0.1600,0.8400,yes
187f479d-f8af-6d59-ff40-faa53094a525,KXMICHCOACH-26-EDRI,2025-12-20T17:25:02.206917Z,77.00,0.1700,0.8300,yes
1dacfec9-0629-5e10-a116-b56cd1d7b5ed,KXMICHCOACH-26-EDRI,2025-12-20T17:23:30.002153Z,88.00,0.1600,0.8400,yes
73464d9e-5395-5661-2c68-02ba207f22af,KXMICHCOACH-26-EDRI,2025-12-20T17:18:45.131059Z,100.00,0.1100,0.8900,no
a3217f2f-26cf-4d95-7f1e-fae6b8bcce9d,KXMICHCOACH-26-EDRI,2025-12-20T17:18:40.227527Z,123.00,0.1700,0.8300,yes
a173cfcf-f1a0-4c0b-77fb-2c1d63caf9d2,KXMICHCOACH-26-EDRI,2025-12-20T17:18:40.227527Z,99.00,0.1700,0.8300,yes
a5302727-ac4a-722a-2d8e-42234344f6a5,KXMICHCOACH-26-EDRI,2025-12-20T17:16:00.099798Z,100.00,0.1100,0.8900,no
c6f271e1-3d29-6d87-40be-871a7335636f,KXMICHCOACH-26-EDRI,2025-12-20T17:09:13.317229Z,175.00,0.1500,0.8500,yes
0ca9e4d5-56ec-6333-582f-bb9220557fbc,KXMICHCOACH-26-EDRI,2025-12-20T17:09:13.317229Z,137.00,0.1900,0.8100,yes
03a6f896-f8e4-6041-4f0f-98ef9205d31a,KXMICHCOACH-26-EDRI,2025-12-20T17:09:13.317229Z,300.00,0.1400,0.8600,yes
836aa548-ea07-408a-c5a1-0edb10e41938,KXMICHCOACH-26-EDRI,2025-12-20T16:59:00.269612Z,119.00,0.1100,0.8900,yes
5d800bf4-15ac-4912-ff07-1173188de576,KXMICHCOACH-26-EDRI,2025-12-20T16:59:00.269612Z,232.00,0.1200,0.8800,yes
395e834a-ee42-4e57-f84e-959c4b17f4a2,KXMICHCOACH-26-EDRI,2025-12-20T16:59:00.269612Z,19.00,0.1200,0.8800,yes
08298fd7-18f2-4486-daef-b7d610915fdc,KXMICHCOACH-26-EDRI,2025-12-20T16:59:00.269612Z,5070.00,0.1300,0.8700,yes
02db0c19-ff0a-4f54-c3a6-abaa4c1a70eb,KXMICHCOACH-26-EDRI,2025-12-20T16:59:00.269612Z,2000.00,0.1200,0.8800,yes
a9a62077-5f74-42df-492e-8c347512cf75,KXMICHCOACH-26-EDRI,2025-12-20T16:56:46.199002Z,21.00,0.0900,0.9100,yes
9a0e4ec0-e519-4527-7206-2ab3092e456e,KXMICHCOACH-26-EDRI,2025-12-20T16:56:46.199002Z,991.00,0.1000,0.9000,yes
6e905639-9c31-4fe2-7a6c-d5cd02e8d1f9,KXMICHCOACH-26-EDRI,2025-12-20T16:56:46.199002Z,101.00,0.0800,0.9200,yes
607cc76f-84dd-451e-5bff-30d466c98a7d,KXMICHCOACH-26-EDRI,2025-12-20T16:56:46.199002Z,30.00,0.1000,0.9000,yes
5b18b7eb-621d-4ba0-7519-ac6048d172fb,KXMICHCOACH-26-EDRI,2025-12-20T16:56:46.199002Z,30.00,0.1000,0.9000,yes
3bad9dc1-c2bc-4d04-465f-c7e125c3e0c5,KXMICHCOACH-26-EDRI,2025-12-20T16:56:46.199002Z,30.00,0.1000,0.9000,yes
220801a9-2fa2-4d8d-48eb-8b09dfbae445,KXMICHCOACH-26-EDRI,2025-12-20T16:56:46.199002Z,1000.00,0.0900,0.9100,yes
1a7c82a7-b3f9-459c-5f78-767927f53660,KXMICHCOACH-26-EDRI,2025-12-20T16:56:46.199002Z,300.00,0.0900,0.9100,yes
9cfa742c-67b5-6bcc-b94c-30849af36f8f,KXMICHCOACH-26-EDRI,2025-12-20T16:56:35.255304Z,54.00,0.0800,0.9200,yes
5c20baf2-9b36-69c9-9830-f2d8647ace89,KXMICHCOACH-26-EDRI,2025-12-20T16:56:35.255304Z,881.00,0.0800,0.9200,yes
4ab255c4-ef12-6c4e-a963-c366afc96e1f,KXMICHCOACH-26-EDRI,2025-12-20T16:56:35.255304Z,2000.00,0.0800,0.9200,yes
62ecdf7a-fe48-422c-926f-c0fe39585237,KXMICHCOACH-26-EDRI,2025-12-20T16:56:22.768462Z,66.00,0.0700,0.9300,yes
5160c6e7-1e86-4de6-83f9-c54770cf27ec,KXMICHCOACH-26-EDRI,2025-12-20T16:56:22.768462Z,210.00,0.0700,0.9300,yes
49fb86f8-326d-4024-891a-9dc7a4abef73,KXMICHCOACH-26-EDRI,2025-12-20T16:56:22.768462Z,932.00,0.0800,0.9200,yes
6c756d88-3164-79fc-2ed8-0d854e695b83,KXMICHCOACH-26-EDRI,2025-12-20T16:52:19.596937Z,833.00,0.0700,0.9300,yes
f0af5b40-0e7e-6054-199c-e01f3bf7c1f5,KXMICHCOACH-26-EDRI,2025-12-20T16:45:19.245596Z,900.00,0.0600,0.9400,no
e642f774-a9c5-609d-3336-04b19c8f3d5d,KXMICHCOACH-26-EDRI,2025-12-20T16:45:19.245596Z,108.00,0.0600,0.9400,no
d08c2a95-0692-6335-1327-390f9af986d2,KXMICHCOACH-26-EDRI,2025-12-20T16:45:19.245596Z,1000.00,0.0600,0.9400,no
9d6e3c30-3ae5-6fbb-3cd5-f475b113eee1,KXMICHCOACH-26-EDRI,2025-12-20T16:45:19.245596Z,123.00,0.0500,0.9500,no
8e80bed7-0b83-6b1c-3010-35527cbed429,KXMICHCOACH-26-EDRI,2025-12-20T16:45:19.245596Z,1000.00,0.0600,0.9400,no
7ab8e93e-c358-6635-34b7-8b9dc5ef6a5f,KXMICHCOACH-26-EDRI,2025-12-20T16:45:19.245596Z,776.00,0.0500,0.9500,no
143cc444-cad7-625a-05c7-0ffeafa94a5a,KXMICHCOACH-26-EDRI,2025-12-20T16:45:19.245596Z,93.00,0.0600,0.9400,no
f07e64fb-9aac-7f74-3889-0e141c1d86c7,KXMICHCOACH-26-EDRI,2025-12-20T16:41:26.381726Z,101.00,0.0700,0.9300,yes
49d6d38b-afb2-7e59-0eb4-2245a5b91527,KXMICHCOACH-26-EDRI,2025-12-20T16:41:26.381726Z,33.00,0.0700,0.9300,yes
d842a27d-35ca-75a9-0cb1-7846fc180b63,KXMICHCOACH-26-EDRI,2025-12-20T16:28:38.852355Z,13.00,0.0700,0.9300,yes
7d7517e1-045e-6c51-d870-7530ec25de13,KXMICHCOACH-26-EDRI,2025-12-20T16:21:55.52109Z,26.00,0.0700,0.9300,yes
f252575e-8df6-7439-f133-6fa9339ed8a7,KXMICHCOACH-26-EDRI,2025-12-20T16:16:28.209803Z,201.00,0.0700,0.9300,yes
57ff9ed0-e3c6-7d59-be04-1c3ce002c38b,KXMICHCOACH-26-EDRI,2025-12-20T16:16:02.176453Z,201.00,0.0700,0.9300,yes
a1fa7790-1d06-6265-e7a8-77ab020e6ec3,KXMICHCOACH-26-EDRI,2025-12-20T16:13:02.729316Z,53.00,0.0700,0.9300,yes
8c41da97-7efa-62c1-1b6e-4374bb5bb537,KXMICHCOACH-26-EDRI,2025-12-20T16:10:07.869586Z,670.00,0.0700,0.9300,yes
b8efb0bf-7b85-430c-4859-83982a201583,KXMICHCOACH-26-EDRI,2025-12-20T15:58:11.89275Z,117.00,0.0800,0.9200,yes
58bd85da-e941-7a84-6a30-2a65fa7ed063,KXMICHCOACH-26-EDRI,2025-12-20T15:55:31.957816Z,90.00,0.0800,0.9200,yes
dc09c710-57b5-60ec-b5a4-956cf794699b,KXMICHCOACH-26-EDRI,2025-12-20T15:28:36.56055Z,35.00,0.0800,0.9200,yes
1759d7b8-53bd-4b00-8773-f15acda90683,KXMICHCOACH-26-EDRI,2025-12-20T15:04:44.523489Z,60.00,0.0800,0.9200,yes
d5f472c3-fb86-753c-a99e-e2d45eb58328,KXMICHCOACH-26-EDRI,2025-12-20T15:04:32.850816Z,350.00,0.0700,0.9300,yes
6cb39fa5-9115-77f0-bdf6-1ba53d485a77,KXMICHCOACH-26-EDRI,2025-12-20T15:04:32.850816Z,867.00,0.0800,0.9200,yes
d4ef0d2a-9f6d-6bf0-b521-f159e969fce3,KXMICHCOACH-26-EDRI,2025-12-20T14:36:06.556271Z,6.00,0.0700,0.9300,yes
c2f220fc-505a-6e90-a3c5-3aa77efa895d,KXMICHCOACH-26-EDRI,2025-12-20T14:36:06.556271Z,2222.00,0.0700,0.9300,yes
b9645d1e-1cd5-6ce4-8394-1ae99ca45d35,KXMICHCOACH-26-EDRI,2025-12-20T14:36:06.556271Z,23.00,0.0700,0.9300,yes
89b6b6fa-c985-6f60-a00f-f02a37bf28c7,KXMICHCOACH-26-EDRI,2025-12-20T14:36:06.556271Z,67.00,0.0800,0.9200,yes
728741c9-83d1-6e18-b742-a9d1a3523a26,KXMICHCOACH-26-EDRI,2025-12-20T14:36:06.556271Z,500.00,0.0700,0.9300,yes
3e088730-1502-6124-9e9f-35d3501652df,KXMICHCOACH-26-EDRI,2025-12-20T14:36:06.556271Z,7.00,0.0600,0.9400,yes
3c4a9d94-2292-627e-87bf-e4b1491a272f,KXMICHCOACH-26-EDRI,2025-12-20T14:36:06.556271Z,33.00,0.0600,0.9400,yes
39f42c1a-8336-64bd-92df-57bc1a6bacd9,KXMICHCOACH-26-EDRI,2025-12-20T14:36:06.556271Z,4.00,0.0700,0.9300,yes
15b88522-60aa-6bcc-9ee7-3d3659e0f8b0,KXMICHCOACH-26-EDRI,2025-12-20T14:36:06.556271Z,250.00,0.0700,0.9300,yes
0fc25160-01ca-6431-a5bb-ce845b3872c4,KXMICHCOACH-26-EDRI,2025-12-20T14:36:06.556271Z,207.00,0.0800,0.9200,yes
33fa482e-3fde-7d62-86df-d18a2bc8b2af,KXMICHCOACH-26-EDRI,2025-12-20T14:21:14.469105Z,23.00,0.0600,0.9400,yes
d479bfb9-1369-58ce-23b7-681dd664a646,KXMICHCOACH-26-EDRI,2025-12-20T14:12:10.474297Z,178.00,0.0600,0.9400,yes
3724a092-0b72-5350-201e-7bf2d75ceb0c,KXMICHCOACH-26-EDRI,2025-12-20T14:12:10.474297Z,56.00,0.0600,0.9400,yes
b8722f1c-cc55-4d86-e6f8-328e9a044c42,KXMICHCOACH-26-EDRI,2025-12-20T14:06:28.626697Z,10.00,0.0600,0.9400,yes
33c3d9bf-3c91-7416-7990-f63e6c8dcb7e,KXMICHCOACH-26-EDRI,2025-12-20T14:04:33.514527Z,312.00,0.0600,0.9400,yes
3b4c0241-1286-7134-fe4c-b8a4311aaf74,KXMICHCOACH-26-EDRI,2025-12-20T13:55:04.95948Z,100.00,0.0600,0.9400,yes
98b96a36-8d86-5b2c-a8b3-f0bc09cd41c8,KXMICHCOACH-26-EDRI,2025-12-20T13:48:35.362691Z,31.00,0.0600,0.9400,yes
70776a17-9ac6-40b4-e2c8-e3035ffdfe14,KXMICHCOACH-26-EDRI,2025-12-20T13:47:29.676506Z,1.00,0.0600,0.9400,yes
ab639f16-d485-6907-64d5-70aad0a0a8cf,KXMICHCOACH-26-EDRI,2025-12-20T13:44:01.464758Z,1171.00,0.0400,0.9600,no
f353ae1e-8ac5-7d65-57b5-0124267179f2,KXMICHCOACH-26-EDRI,2025-12-20T13:29:04.497227Z,235.00,0.0700,0.9300,yes
32302bd4-0e9b-76df-5615-d517b7d9ef2e,KXMICHCOACH-26-EDRI,2025-12-20T13:29:04.497227Z,836.00,0.0600,0.9400,yes
cf008971-3eeb-7977-feba-ab0bcf5076c2,KXMICHCOACH-26-EDRI,2025-12-20T13:26:50.458645Z,664.00,0.0600,0.9400,yes
aa7fb566-9e39-749b-d330-41cab0b55c95,KXMICHCOACH-26-EDRI,2025-12-20T13:26:50.458645Z,90.00,0.0600,0.9400,yes
88bd537e-940c-73ac-c04b-f0604276b9e7,KXMICHCOACH-26-EDRI,2025-12-20T13:26:50.458645Z,87.00,0.0600,0.9400,yes
69083f39-2f9d-7083-ee24-09f7611828a0,KXMICHCOACH-26-EDRI,2025-12-20T13:26:50.458645Z,100.00,0.0600,0.9400,yes
66191ce6-1158-7a68-da30-c7101f47eec8,KXMICHCOACH-26-EDRI,2025-12-20T13:26:50.458645Z,341.00,0.0600,0.9400,yes
3d2dc0d9-9e80-7a4a-f3e6-9f2125cd7f62,KXMICHCOACH-26-EDRI,2025-12-20T13:26:50.458645Z,500.00,0.0600,0.9400,yes
22e70890-d2ec-75e4-cf12-56ff7a28c8b5,KXMICHCOACH-26-EDRI,2025-12-20T13:26:50.458645Z,311.00,0.0600,0.9400,yes
e187f253-d33a-70be-d028-5ace7b4c3fe8,KXMICHCOACH-26-EDRI,2025-12-20T13:23:20.747871Z,1196.00,0.0500,0.9500,yes
c7a14103-1a85-6003-61ac-d5d469f92c93,KXMICHCOACH-26-EDRI,2025-12-20T13:22:45.685188Z,807.00,0.0500,0.9500,yes
b355bf77-6fe2-618a-63c9-4420d44892c8,KXMICHCOACH-26-EDRI,2025-12-20T13:22:45.685188Z,304.00,0.0500,0.9500,yes
bbf01d6e-6175-7737-e2e8-d11ec86d512f,KXMICHCOACH-26-EDRI,2025-12-20T12:11:44.370417Z,395.00,0.0400,0.9600,no
2903746a-9fec-5580-cf1d-5272d774b1cd,KXMICHCOACH-26-EDRI,2025-12-20T09:03:44.49603Z,15.00,0.0600,0.9400,yes
2a749062-5ad8-7cc8-c643-1f2a8c932c19,KXMICHCOACH-26-EDRI,2025-12-20T09:03:26.089029Z,11.00,0.0600,0.9400,yes
9a84f4f3-ba3f-4890-7080-aa760478a379,KXMICHCOACH-26-EDRI,2025-12-20T08:21:05.950737Z,7000.00,0.0500,0.9500,yes
5dbbdf34-9a25-6db2-d337-9f17c4e9bed2,KXMICHCOACH-26-EDRI,2025-12-20T07:58:04.354001Z,777.00,0.0400,0.9600,no
396bb2e1-7c77-691c-c2c0-c38a86cbf918,KXMICHCOACH-26-EDRI,2025-12-20T07:58:04.354001Z,138.00,0.0500,0.9500,no
06b84760-683f-6504-89f4-17fe91f040a8,KXMICHCOACH-26-EDRI,2025-12-20T06:07:19.669885Z,62.00,0.0500,0.9500,no
a741cefb-72f8-4548-76e4-d28ffad459b5,KXMICHCOACH-26-EDRI,2025-12-20T05:56:44.976635Z,203.00,0.0600,0.9400,yes
6a4d320b-aff8-7ccc-b9fe-8960230b89c9,KXMICHCOACH-26-EDRI,2025-12-20T05:17:45.0628Z,62.00,0.0600,0.9400,yes
879d4ad1-2c74-5960-0d2b-030bb3e485d9,KXMICHCOACH-26-EDRI,2025-12-20T04:27:41.271703Z,62.00,0.0600,0.9400,yes
994e95e4-4d28-6c60-a49a-a3f61fa80711,KXMICHCOACH-26-EDRI,2025-12-20T04:20:39.049917Z,60.00,0.0600,0.9400,yes
f3e95d1c-95dc-7bbc-9db8-c365d7ecfc85,KXMICHCOACH-26-EDRI,2025-12-20T04:18:44.280068Z,781.00,0.0600,0.9400,yes
7afca2dc-ab84-43a4-e65e-014e91918249,KXMICHCOACH-26-EDRI,2025-12-20T04:17:28.569434Z,62.00,0.0600,0.9400,yes
55958ec8-2e20-7584-6c2b-a8e80b090179,KXMICHCOACH-26-EDRI,2025-12-20T04:13:16.863264Z,78.00,0.0600,0.9400,yes
f0430553-f957-4d57-cefa-551277c97bc7,KXMICHCOACH-26-EDRI,2025-12-20T04:09:42.563842Z,4.00,0.0300,0.9700,no
4e9afa36-ab75-427d-2dc3-08c1acf73130,KXMICHCOACH-26-EDRI,2025-12-20T03:47:25.497168Z,62.00,0.0500,0.9500,yes
9f2f5914-be93-6363-bc56-b00f8a777af7,KXMICHCOACH-26-EDRI,2025-12-20T03:38:16.656961Z,38.00,0.0500,0.9500,yes
603bc06c-a5c5-6ead-a3ed-e5ca5a5adc30,KXMICHCOACH-26-EDRI,2025-12-20T03:38:16.656961Z,434.00,0.0500,0.9500,yes
e2ce557e-3e3b-61cf-643c-fccd8bb4bdd7,KXMICHCOACH-26-EDRI,2025-12-20T03:30:59.754082Z,187.00,0.0500,0.9500,yes
b8453e27-94a3-618d-5edb-c3a50779fafc,KXMICHCOACH-26-EDRI,2025-12-20T03:30:59.754082Z,313.00,0.0500,0.9500,yes
ea982649-03ab-552b-f933-cd1d2f337a13,KXMICHCOACH-26-EDRI,2025-12-20T02:13:40.774748Z,23.00,0.0300,0.9700,no
e23d8f42-e186-5e3e-ca12-144c02740f86,KXMICHCOACH-26-EDRI,2025-12-20T02:13:40.774748Z,84.00,0.0300,0.9700,no
c9c007fc-2810-642b-8297-479264a7f779,KXMICHCOACH-26-EDRI,2025-12-20T02:08:44.076507Z,578.00,0.0400,0.9600,no
9c601f7c-08ce-6dbe-8f97-6c2120156bca,KXMICHCOACH-26-EDRI,2025-12-20T02:08:44.076507Z,40.00,0.0300,0.9700,no
e15a084d-09bb-568f-c255-e8d1d2d31a74,KXMICHCOACH-26-EDRI,2025-12-20T02:04:37.693299Z,205.00,0.0300,0.9700,no
c2dc128d-fff8-5b3a-e8f3-4e26ffa39a56,KXMICHCOACH-26-EDRI,2025-12-20T02:04:37.693299Z,90.00,0.0300,0.9700,no
92714194-d908-57ca-f7aa-7bbaa2343f06,KXMICHCOACH-26-EDRI,2025-12-20T02:04:37.693299Z,397.00,0.0400,0.9600,no
5835047c-9ab2-598a-f6e9-848feb713302,KXMICHCOACH-26-EDRI,2025-12-20T02:04:37.693299Z,876.00,0.0300,0.9700,no
1bf5fcc6-f025-579b-f77b-e6c2119bb422,KXMICHCOACH-26-EDRI,2025-12-20T02:04:37.693299Z,142.00,0.0400,0.9600,no
89ff3ac2-9418-7882-e4cc-bdcfb27f5d66,KXMICHCOACH-26-EDRI,2025-12-20T02:00:36.806742Z,18.00,0.0400,0.9600,no
26a219fa-83af-4789-920c-dbd977e8fa6c,KXMICHCOACH-26-EDRI,2025-12-20T01:52:28.67779Z,187.00,0.0500,0.9500,yes
7da1d32e-c21c-550c-5b00-b5d4add36999,KXMICHCOACH-26-EDRI,2025-12-20T01:41:49.244207Z,156.00,0.0600,0.9400,yes
5ab8fcd6-635c-695e-4dec-ba2937f8c0a6,KXMICHCOACH-26-EDRI,2025-12-20T01:32:48.920548Z,585.00,0.0400,0.9600,no
0cacbc7d-8920-538c-683f-c7263faada3d,KXMICHCOACH-26-EDRI,2025-12-20T01:27:49.664133Z,10.00,0.0600,0.9400,yes
5a34d3d3-3fd8-58fc-53f8-b7f6ce149661,KXMICHCOACH-26-EDRI,2025-12-20T00:41:59.410749Z,31.00,0.0600,0.9400,yes
59d6a99c-53a8-4d18-46f8-7db40bfa9835,KXMICHCOACH-26-EDRI,2025-12-20T00:15:04.097149Z,156.00,0.0600,0.9400,yes
ec22679d-138d-60c8-9962-2c9e474cd254,KXMICHCOACH-26-EDRI,2025-12-20T00:09:54.933153Z,76.00,0.0600,0.9400,yes
2492fcb2-748c-66ec-bae2-840fe698e6a1,KXMICHCOACH-26-EDRI,2025-12-20T00:09:54.933153Z,2.00,0.0600,0.9400,yes
dc83390a-8822-5ad6-7f59-dbf81a96391f,KXMICHCOACH-26-EDRI,2025-12-20T00:02:57.217328Z,6.00,0.0500,0.9500,yes
b325d742-10d3-5db2-5545-9d24d4e9efdc,KXMICHCOACH-26-EDRI,2025-12-20T00:02:57.217328Z,4.00,0.0500,0.9500,yes
910e7817-93f3-56b3-568d-0cf148f7ce25,KXMICHCOACH-26-EDRI,2025-12-20T00:02:57.217328Z,6.00,0.0500,0.9500,yes
87d207e7-c864-54a8-5c1d-ba094161d15a,KXMICHCOACH-26-EDRI,2025-12-20T00:02:57.217328Z,1281.00,0.0500,0.9500,yes
6684996d-6b21-5584-4529-54f4d0b10acc,KXMICHCOACH-26-EDRI,2025-12-20T00:02:57.217328Z,1500.00,0.0500,0.9500,yes
245d938c-0c69-5062-76bd-543348345a1c,KXMICHCOACH-26-EDRI,2025-12-20T00:02:57.217328Z,578.00,0.0500,0.9500,yes
e47a6509-0b38-780c-a0ce-2a2ff5840f76,KXMICHCOACH-26-EDRI,2025-12-19T23:39:57.289465Z,100.00,0.0500,0.9500,yes
36a7f6f5-35b4-57e8-7943-a96612995b76,KXMICHCOACH-26-EDRI,2025-12-19T23:36:45.021886Z,937.00,0.0500,0.9500,yes
d797b8fb-b658-4380-ec64-316b533e89da,KXMICHCOACH-26-EDRI,2025-12-19T23:36:43.950566Z,93.00,0.0500,0.9500,yes
d1cd1b44-6b74-5bd4-4510-4cbcaa3e6cd2,KXMICHCOACH-26-EDRI,2025-12-19T23:36:31.911955Z,200.00,0.0500,0.9500,yes
0ae65960-bbcc-64c4-c8a7-099605431b82,KXMICHCOACH-26-EDRI,2025-12-19T23:36:06.601632Z,93.00,0.0500,0.9500,yes
38aec572-ebdc-5f24-8a31-adda70d4b4be,KXMICHCOACH-26-EDRI,2025-12-19T23:35:23.962685Z,468.00,0.0500,0.9500,yes
30385d77-9828-6544-2d6b-1a93f30a8df2,KXMICHCOACH-26-EDRI,2025-12-19T23:35:20.252887Z,1068.00,0.0500,0.9500,yes
fa6bf731-0a0e-58a5-fbb9-cda6ace062e7,KXMICHCOACH-26-EDRI,2025-12-19T23:35:02.215722Z,439.00,0.0400,0.9600,yes
fa2f16aa-7498-517c-d4cf-7dab58dc7402,KXMICHCOACH-26-EDRI,2025-12-19T23:35:02.215722Z,117.00,0.0500,0.9500,yes
4926870d-b78c-59b6-d280-e3818d48b03e,KXMICHCOACH-26-EDRI,2025-12-19T23:31:44.363234Z,93.00,0.0300,0.9700,no
40a86b7c-f49a-7461-c945-2375b76caeef,KXMICHCOACH-26-EDRI,2025-12-19T23:14:57.541805Z,50.00,0.0400,0.9600,yes
2613e073-49b2-6db5-6138-d93d8e3c2a7b,KXMICHCOACH-26-EDRI,2025-12-19T22:32:55.822903Z,468.00,0.0400,0.9600,yes
3fd38360-9b6e-5271-a705-df6cb5adb097,KXMICHCOACH-26-EDRI,2025-12-19T22:26:57.896898Z,58.00,0.0400,0.9600,yes
39836d12-3e22-76e9-0742-bbf8b67d9b27,KXMICHCOACH-26-EDRI,2025-12-19T22:22:49.068349Z,23.00,0.0400,0.9600,yes
0829c3cf-3972-5e61-3024-1376a3d622f3,KXMICHCOACH-26-EDRI,2025-12-19T22:06:04.951217Z,266.00,0.0400,0.9600,yes
82dcd998-a548-7fa8-b276-772c1128fbcf,KXMICHCOACH-26-EDRI,2025-12-19T21:30:54.208099Z,67.00,0.0400,0.9600,yes
77c1c010-a55a-7dea-a647-7098c696dd55,KXMICHCOACH-26-EDRI,2025-12-19T21:30:54.208099Z,4.00,0.0400,0.9600,yes
08d55993-1a9e-738d-8a84-1acd2386226b,KXMICHCOACH-26-EDRI,2025-12-19T21:30:54.208099Z,196.00,0.0400,0.9600,yes
df1a3df4-fc24-5444-63d4-e8ab7bca22bf,KXMICHCOACH-26-EDRI,2025-12-19T21:25:01.25524Z,662.00,0.0400,0.9600,yes
912f9a55-1cf0-663f-34fa-e9b6629bc721,KXMICHCOACH-26-EDRI,2025-12-19T21:10:41.783594Z,1071.00,0.0400,0.9600,yes
169935ad-8be0-66a0-3c64-b754703486fb,KXMICHCOACH-26-EDRI,2025-12-19T21:10:41.783594Z,1271.00,0.0400,0.9600,yes
f5263c08-835d-7e3d-a39b-b2d8053e5cf6,KXMICHCOACH-26-EDRI,2025-12-19T20:48:58.335145Z,100.00,0.0300,0.9700,no
bcb40fde-cd58-7543-fd9d-eda5c9f4ea19,KXMICHCOACH-26-EDRI,2025-12-19T20:46:36.497063Z,117.00,0.0400,0.9600,yes
dd59033f-f8b4-6a57-5f09-9a5aedc2da79,KXMICHCOACH-26-EDRI,2025-12-19T20:41:34.268875Z,117.00,0.0400,0.9600,yes
72d47067-aeb1-47e5-e96b-c164d3fb9742,KXMICHCOACH-26-EDRI,2025-12-19T20:38:00.437026Z,7.00,0.0300,0.9700,no
76b1f18c-3170-77ab-3085-1464d604071d,KXMICHCOACH-26-EDRI,2025-12-19T20:12:48.728586Z,234.00,0.0400,0.9600,yes
38824251-175c-75c3-7b23-d7b0afb3a295,KXMICHCOACH-26-EDRI,2025-12-19T19:09:16.566396Z,166.00,0.0400,0.9600,yes
86211475-ecec-729f-4697-3ada35de91a5,KXMICHCOACH-26-EDRI,2025-12-19T18:38:41.475015Z,46.00,0.0400,0.9600,yes
f9d586ae-b418-5a83-a14c-8a0ea72cae01,KXMICHCOACH-26-EDRI,2025-12-19T18:08:06.510126Z,333.00,0.0400,0.9600,yes
f58695be-f8d8-4e27-b723-2003dc231aed,KXMICHCOACH-26-EDRI,2025-12-19T15:06:41.388544Z,117.00,0.0400,0.9600,yes
cac54cfc-7554-4073-c671-c1fb52297389,KXMICHCOACH-26-EDRI,2025-12-19T14:59:06.009624Z,21.00,0.0400,0.9600,yes
5cd85135-be2f-48b2-d146-d5b34039fd01,KXMICHCOACH-26-EDRI,2025-12-19T14:59:06.009624Z,96.00,0.0400,0.9600,yes
b9d77a13-ee27-722a-3f21-2ef01cb53c1d,KXMICHCOACH-26-EDRI,2025-12-19T14:33:54.503877Z,8.00,0.0400,0.9600,yes
ab69fb15-092b-4146-a259-c30e7246ef8d,KXMICHCOACH-26-EDRI,2025-12-19T13:21:50.389753Z,76.00,0.0400,0.9600,yes
2adace2a-561f-622a-b86b-6cb11582df3d,KXMICHCOACH-26-EDRI,2025-12-19T13:21:17.888136Z,935.00,0.0300,0.9700,no
b02193c0-39df-6912-e2dd-7e507b129671,KXMICHCOACH-26-EDRI,2025-12-19T13:07:33.860759Z,112.00,0.0300,0.9700,no
3c5c8838-5be3-50ae-fbee-707b376a66e1,KXMICHCOACH-26-EDRI,2025-12-19T07:34:19.921291Z,350.00,0.0400,0.9600,yes
f90c3380-d363-75ba-882a-b7b034cd8dad,KXMICHCOACH-26-EDRI,2025-12-19T06:27:59.089486Z,171.00,0.0400,0.9600,yes
4498b8be-5dc3-6176-1a95-e7fd27aac08d,KXMICHCOACH-26-EDRI,2025-12-19T05:17:12.983808Z,116.00,0.0300,0.9700,no
8e1305a8-6353-43d6-8195-ca10fc8e0139,KXMICHCOACH-26-EDRI,2025-12-19T05:05:39.896153Z,11.00,0.0400,0.9600,yes
a345ac33-09a3-6b62-e180-c46ba98a18c1,KXMICHCOACH-26-EDRI,2025-12-19T04:33:43.144088Z,14.00,0.0400,0.9600,yes
dc84723d-b0db-6c7a-0827-b883c5d83979,KXMICHCOACH-26-EDRI,2025-12-19T04:31:46.93436Z,40.00,0.0400,0.9600,yes
ee1ed250-2b33-46ba-1e67-3f56e7dfc45d,KXMICHCOACH-26-EDRI,2025-12-19T04:24:42.317711Z,1837.00,0.0300,0.9700,no
3d8450ae-2f57-5852-7730-dd04cddeec59,KXMICHCOACH-26-EDRI,2025-12-19T04:04:05.507958Z,234.00,0.0400,0.9600,yes
a6d35ad6-41ec-5327-8774-d9e77f33dc42,KXMICHCOACH-26-EDRI,2025-12-19T03:37:35.572794Z,1845.00,0.0300,0.9700,no
7d89697d-0f13-56ea-a1e3-a21cdd29fff9,KXMICHCOACH-26-EDRI,2025-12-19T03:37:35.572794Z,642.00,0.0300,0.9700,no
31c52f16-c45c-428f-a908-f1ed0c6671ca,KXMICHCOACH-26-EDRI,2025-12-19T02:56:00.68479Z,1077.00,0.0300,0.9700,no
aef87132-9fc8-404f-32fc-710f0713238a,KXMICHCOACH-26-EDRI,2025-12-19T02:23:05.172199Z,78.00,0.0300,0.9700,no
925c13c9-21b3-5d38-1cc4-0e7eae828191,KXMICHCOACH-26-EDRI,2025-12-19T01:56:45.628808Z,234.00,0.0400,0.9600,yes
23859417-d10f-43d0-c726-9981d6d89aa1,KXMICHCOACH-26-EDRI,2025-12-19T01:37:40.855135Z,16.00,0.0400,0.9600,yes
edb9434f-9bc7-4f8c-cbc0-31d3ca8d2bf5,KXMICHCOACH-26-EDRI,2025-12-18T23:52:35.221704Z,117.00,0.0400,0.9600,yes
57e80c56-7c3f-451c-2bb3-0c45aa2b494d,KXMICHCOACH-26-EDRI,2025-12-18T23:33:24.217008Z,46.00,0.0400,0.9600,yes
b3eff149-54f7-725a-11b6-c928ec7a2d66,KXMICHCOACH-26-EDRI,2025-12-18T23:09:21.373342Z,100.00,0.0400,0.9600,no
2d53800e-7f71-770d-29d5-9748881ac18d,KXMICHCOACH-26-EDRI,2025-12-18T23:09:21.373342Z,500.00,0.0400,0.9600,no
adfa5f11-c4c4-5bcc-b723-1ee478dbb286,KXMICHCOACH-26-EDRI,2025-12-18T22:50:00.59654Z,37.00,0.0500,0.9500,yes
e4b5944e-e10c-6674-8cf3-9fe63b0be513,KXMICHCOACH-26-EDRI,2025-12-18T20:28:48.739157Z,50.00,0.0500,0.9500,no
55056486-0a03-64fc-5f55-84d1106e1bcd,KXMICHCOACH-26-EDRI,2025-12-18T20:10:58.310075Z,15.00,0.0600,0.9400,yes
ea65773a-b1db-4d20-47dc-bf1f514e65e1,KXMICHCOACH-26-EDRI,2025-12-18T19:57:38.172511Z,144.00,0.0600,0.9400,yes
1acba4c2-8558-4747-786f-bcc8ad39e8ad,KXMICHCOACH-26-EDRI,2025-12-18T19:57:38.172511Z,168.00,0.0600,0.9400,yes
4f58f9f1-5384-449f-a5c1-7a2020845309,KXMICHCOACH-26-EDRI,2025-12-18T19:50:20.489849Z,31.00,0.0600,0.9400,yes
5ed2cae1-6ec8-522f-7937-3d467da328b9,KXMICHCOACH-26-EDRI,2025-12-18T19:49:52.862036Z,30.00,0.0600,0.9400,yes
4e548699-b6e8-4e53-03d9-af939e4c5401,KXMICHCOACH-26-EDRI,2025-12-18T19:49:36.296981Z,46.00,0.0600,0.9400,yes
f6652bd6-f598-490c-54be-5347934edac4,KXMICHCOACH-26-EDRI,2025-12-18T19:36:57.973109Z,631.00,0.0400,0.9600,no
549f2447-c6f2-4b90-5fc8-8f424fa3e2c4,KXMICHCOACH-26-EDRI,2025-12-18T19:36:57.973109Z,469.00,0.0400,0.9600,no
e93d97df-d10e-5e3c-c466-0955c23c65b5,KXMICHCOACH-26-EDRI,2025-12-18T19:16:59.113013Z,200.00,0.0600,0.9400,yes
838d188d-bf51-5165-d4bc-d76a4bb23308,KXMICHCOACH-26-EDRI,2025-12-18T19:16:59.113013Z,50.00,0.0600,0.9400,yes
73b42f5f-00da-57fc-f435-9a520214d23e,KXMICHCOACH-26-EDRI,2025-12-18T19:16:59.113013Z,1088.00,0.0600,0.9400,yes
49cb4df0-9930-58f7-edb1-d617337c2e45,KXMICHCOACH-26-EDRI,2025-12-18T19:16:59.113013Z,225.00,0.0600,0.9400,yes
86432e82-0d12-4658-306a-f80185172396,KXMICHCOACH-26-EDRI,2025-12-18T19:16:58.389548Z,100.00,0.0600,0.9400,yes
8f54feaa-fe69-4d28-9445-465a7b4f5af0,KXMICHCOACH-26-EDRI,2025-12-18T19:13:28.289997Z,100.00,0.0400,0.9600,no
00c305ed-7d88-421c-a3a6-16a1e777eb20,KXMICHCOACH-26-EDRI,2025-12-18T19:13:28.289997Z,369.00,0.0400,0.9600,no
5a6dd4e9-ad46-7e20-6041-449744612256,KXMICHCOACH-26-EDRI,2025-12-18T19:05:02.495787Z,156.00,0.0600,0.9400,yes
7e94a865-6a86-61b0-cf03-0c538f6eedde,KXMICHCOACH-26-EDRI,2025-12-18T16:56:42.472893Z,156.00,0.0600,0.9400,yes
ea2b4f44-0176-5092-c2ed-0d218dc1a434,KXMICHCOACH-26-EDRI,2025-12-18T16:43:29.243042Z,113.00,0.0600,0.9400,yes
e817a674-1149-59ca-c1f8-ba9ab694f9a7,KXMICHCOACH-26-EDRI,2025-12-18T16:43:29.243042Z,114.00,0.0500,0.9500,yes
c53b3ff4-a854-5333-ca1d-4a6ff87f968f,KXMICHCOACH-26-EDRI,2025-12-18T16:43:29.243042Z,273.00,0.0600,0.9400,yes
be8a00e9-18b9-5dcd-cb16-9ea673bd4d93,KXMICHCOACH-26-EDRI,2025-12-18T16:43:29.243042Z,300.00,0.0600,0.9400,yes
01a2129a-8731-623d-4465-e34c85ff87de,KXMICHCOACH-26-EDRI,2025-12-18T16:42:49.734303Z,50.00,0.0400,0.9600,no
a2d8bd92-3d9d-609e-06e4-ecac10d630b3,KXMICHCOACH-26-EDRI,2025-12-18T16:15:41.742346Z,93.00,0.0500,0.9500,yes
fb8003b2-0c2a-655a-b9f1-d0d07fa5b388,KXMICHCOACH-26-EDRI,2025-12-18T16:14:18.179934Z,444.00,0.0500,0.9500,yes
46bc1e1e-3b49-6a8a-811b-b53c6f6bda07,KXMICHCOACH-26-EDRI,2025-12-18T16:14:18.179934Z,293.00,0.0500,0.9500,yes
41b3b9bc-807d-6c9b-9927-2bf454a7ba4d,KXMICHCOACH-26-EDRI,2025-12-18T16:14:18.179934Z,200.00,0.0500,0.9500,yes
b993d7ee-abda-7352-e694-5d28b92fcdb4,KXMICHCOACH-26-EDRI,2025-12-18T16:13:48.79884Z,937.00,0.0500,0.9500,yes
9d698ffe-86ba-4c12-44ca-d8dd5046a880,KXMICHCOACH-26-EDRI,2025-12-18T16:13:38.739693Z,937.00,0.0500,0.9500,yes
03816ca5-209a-4afa-59f1-87d5ec20a688,KXMICHCOACH-26-EDRI,2025-12-18T16:06:27.743566Z,7.00,0.0500,0.9500,yes
b6c443e5-4015-7231-7cdd-489350acb6a6,KXMICHCOACH-26-EDRI,2025-12-18T15:51:02.941691Z,375.00,0.0400,0.9600,no
72d70d2d-f2be-5be6-b3de-a9a2c8c649dc,KXMICHCOACH-26-EDRI,2025-12-18T15:38:12.756833Z,72.00,0.0500,0.9500,yes
66caa59a-3db6-74b2-1be7-ef5b3f6deaa8,KXMICHCOACH-26-EDRI,2025-12-18T15:29:23.362872Z,5.00,0.0500,0.9500,yes
e40ec9c9-9652-6636-b365-76598afcb794,KXMICHCOACH-26-EDRI,2025-12-18T15:19:31.128147Z,93.00,0.0500,0.9500,yes
9fd1aebe-0c62-7e4e-d382-65bb5d634968,KXMICHCOACH-26-EDRI,2025-12-18T15:07:53.75178Z,562.00,0.0500,0.9500,yes
f8c680ec-a37e-665a-d035-42412b85f4e8,KXMICHCOACH-26-EDRI,2025-12-18T14:57:58.411689Z,1012.00,0.0500,0.9500,yes
c11f71da-6816-601a-9b37-69442ea7f53c,KXMICHCOACH-26-EDRI,2025-12-18T14:55:24.82923Z,200.00,0.0500,0.9500,yes
e7a0bb2d-185e-4e6a-30ac-d42436c4a4fb,KXMICHCOACH-26-EDRI,2025-12-18T14:35:23.172238Z,200.00,0.0500,0.9500,yes
bf9992f9-8d11-4e9c-0cc7-94c508088c6e,KXMICHCOACH-26-EDRI,2025-12-18T14:35:23.172238Z,1144.00,0.0500,0.9500,yes
69120617-05fa-488a-2517-5e7a3a4afbcc,KXMICHCOACH-26-EDRI,2025-12-18T14:35:23.172238Z,531.00,0.0500,0.9500,yes
e04235b3-91fd-6edc-65c1-473e7eab35e6,KXMICHCOACH-26-EDRI,2025-12-18T14:35:16.102669Z,356.00,0.0500,0.9500,yes
d52b3942-0b0a-680a-6af0-f357e8da49dd,KXMICHCOACH-26-EDRI,2025-12-18T14:35:16.102669Z,150.00,0.0400,0.9600,yes
749ea67a-07f3-6f9f-601a-52e9762d5aa9,KXMICHCOACH-26-EDRI,2025-12-18T14:35:16.102669Z,614.00,0.0400,0.9600,yes
3021efd3-e6d2-60ee-6a7d-5c0dd3f113bd,KXMICHCOACH-26-EDRI,2025-12-18T14:35:16.102669Z,3224.00,0.0400,0.9600,yes
2e120a09-439d-674e-58cf-5169df878c46,KXMICHCOACH-26-EDRI,2025-12-18T14:35:16.102669Z,1000.00,0.0500,0.9500,yes
8c4d3567-d482-6e8a-05e6-300e691d6509,KXMICHCOACH-26-EDRI,2025-12-18T14:10:45.127117Z,1171.00,0.0400,0.9600,yes
b296ee35-7886-53c2-d771-055cc0835add,KXMICHCOACH-26-EDRI,2025-12-18T12:12:52.692554Z,416.00,0.0400,0.9600,yes
addc4db3-fb7a-5ef6-c6ef-ac589182460d,KXMICHCOACH-26-EDRI,2025-12-18T07:45:30.733207Z,9.00,0.0400,0.9600,yes
05e4b987-ebd2-50b2-9d81-ff30ecfdc7ad,KXMICHCOACH-26-EDRI,2025-12-18T06:18:29.807153Z,20.00,0.0400,0.9600,yes
ca615084-497d-4b8f-a6be-fb819d504767,KXMICHCOACH-26-EDRI,2025-12-18T06:08:42.179377Z,826.00,0.0400,0.9600,no
6e5ac0cd-06b0-401f-a80e-794b5db2bc69,KXMICHCOACH-26-EDRI,2025-12-18T06:08:42.179377Z,1000.00,0.0400,0.9600,no
8169a829-1f73-5bf7-8e10-da7add8befb9,KXMICHCOACH-26-EDRI,2025-12-18T05:24:01.981684Z,18.00,0.0500,0.9500,yes
0aef1e28-f1e1-7073-4c30-a64238fd4bbf,KXMICHCOACH-26-EDRI,2025-12-18T04:49:36.174193Z,937.00,0.0400,0.9600,no
ea698a7c-c09b-5eb7-1a36-0b664804a111,KXMICHCOACH-26-EDRI,2025-12-18T04:19:42.150247Z,18.00,0.0500,0.9500,yes
6667fad7-d9d7-5327-8bc8-da1c53583021,KXMICHCOACH-26-EDRI,2025-12-18T04:10:51.726276Z,93.00,0.0500,0.9500,yes
068e1513-ba5b-5d8f-eb8b-03d9da933829,KXMICHCOACH-26-EDRI,2025-12-18T03:26:03.390033Z,56.00,0.0500,0.9500,yes
780ed178-a5c7-73bb-d89f-7165d56c9925,KXMICHCOACH-26-EDRI,2025-12-18T03:03:12.014124Z,187.00,0.0500,0.9500,yes
fb41d2bd-721b-6aaf-d8ae-3ab6602863bd,KXMICHCOACH-26-EDRI,2025-12-18T03:02:15.775345Z,93.00,0.0500,0.9500,yes
05e27e7c-782b-73e3-85f8-dc0a86f560a9,KXMICHCOACH-26-EDRI,2025-12-18T03:01:03.319376Z,93.00,0.0500,0.9500,yes
8fff4e67-a0eb-5e33-9d8c-bc102d32c98d,KXMICHCOACH-26-EDRI,2025-12-18T02:42:42.357549Z,328.00,0.0500,0.9500,yes
55d952a0-3a2d-58f5-8429-cacf48fae144,KXMICHCOACH-26-EDRI,2025-12-18T02:42:42.357549Z,47.00,0.0500,0.9500,yes
00a80008-f289-4b8d-2030-b56e4d7b1948,KXMICHCOACH-26-EDRI,2025-12-18T02:04:57.720007Z,46.00,0.0500,0.9500,yes
07181bf9-68a5-4fcb-969b-110d752ef033,KXMICHCOACH-26-EDRI,2025-12-18T01:43:33.40599Z,25.00,0.0400,0.9600,no
d8ad1712-03ad-6d01-f841-ac329f2777c4,KXMICHCOACH-26-EDRI,2025-12-18T01:38:29.546976Z,33.00,0.0500,0.9500,yes
c3dd1639-4ca5-503d-82a2-0fb982677150,KXMICHCOACH-26-EDRI,2025-12-18T01:23:48.613748Z,140.00,0.0500,0.9500,yes
31bd2aed-9b45-5b6d-3c90-a7e09d93e460,KXMICHCOACH-26-EDRI,2025-12-18T01:23:31.177734Z,375.00,0.0500,0.9500,yes
2dda31e0-096d-46b9-9ace-afc464e5efbc,KXMICHCOACH-26-EDRI,2025-12-18T01:21:58.035471Z,468.00,0.0500,0.9500,yes
247d877e-cda9-6287-e276-3d03dd3755cb,KXMICHCOACH-26-EDRI,2025-12-17T22:53:03.448197Z,53.00,0.0400,0.9600,no
3dcf956c-33e9-606d-002c-0d58da8b4360,KXMICHCOACH-26-EDRI,2025-12-17T21:56:39.336942Z,18.00,0.0500,0.9500,yes
9db9c321-3795-62bd-901f-cc76c4e3f2dc,KXMICHCOACH-26-EDRI,2025-12-17T21:50:50.257196Z,187.00,0.0500,0.9500,yes
d384a29f-1179-4ced-123f-47c068bcd2ec,KXMICHCOACH-26-EDRI,2025-12-17T21:47:17.040578Z,186.00,0.0500,0.9500,yes
35f33099-befb-487d-2c25-ea7533774f1d,KXMICHCOACH-26-EDRI,2025-12-17T21:47:17.040578Z,1689.00,0.0500,0.9500,yes
e6d3bc8b-799f-6d95-e9a2-400ddfc3375d,KXMICHCOACH-26-EDRI,2025-12-17T21:42:58.339111Z,187.00,0.0500,0.9500,yes
5fe1b4c6-0c6a-75fe-b9f8-d1f09b641a2d,KXMICHCOACH-26-EDRI,2025-12-17T21:35:39.856434Z,47.00,0.0400,0.9600,no
30027e69-3ab1-710f-b42d-d0482802b017,KXMICHCOACH-26-EDRI,2025-12-17T21:35:39.856434Z,159.00,0.0400,0.9600,no
2601218f-ec77-6de1-52d4-c4bfb245d4cd,KXMICHCOACH-26-EDRI,2025-12-17T21:34:09.446105Z,18.00,0.0500,0.9500,yes
0b458620-b457-48c5-e139-f4c1401db6c1,KXMICHCOACH-26-EDRI,2025-12-17T21:11:01.735515Z,18.00,0.0500,0.9500,yes
03cad0d4-9fb7-5899-f037-4cbb7c61b46d,KXMICHCOACH-26-EDRI,2025-12-17T21:05:15.163984Z,18.00,0.0500,0.9500,yes
50510624-babe-5f0e-0704-48fcd8899d9d,KXMICHCOACH-26-EDRI,2025-12-17T20:37:25.025074Z,505.00,0.0400,0.9600,no
0e0b82d2-3637-71dd-c2ff-575555392b9d,KXMICHCOACH-26-EDRI,2025-12-17T20:21:58.008879Z,93.00,0.0500,0.9500,yes
0d3804d4-f9f3-5531-90e8-d09d8f156ad9,KXMICHCOACH-26-EDRI,2025-12-17T20:15:22.961407Z,93.00,0.0500,0.9500,yes
62637930-a879-7587-0ad4-6eb7a5164767,KXMICHCOACH-26-EDRI,2025-12-17T19:23:15.615549Z,50.00,0.0500,0.9500,no
60a1e031-c5c9-76bf-0ff4-049c7d9cd663,KXMICHCOACH-26-EDRI,2025-12-17T19:23:15.615549Z,500.00,0.0500,0.9500,no
b7699de4-575e-5a0a-eb03-997b3b81e758,KXMICHCOACH-26-EDRI,2025-12-17T18:50:54.433803Z,78.00,0.0600,0.9400,yes
a003c423-b8a6-6dfa-9996-cfc1dec6ad9c,KXMICHCOACH-26-EDRI,2025-12-17T18:06:44.552655Z,46.00,0.0600,0.9400,yes
80f94f3c-d5a3-58d9-0f11-baf96be951f1,KXMICHCOACH-26-EDRI,2025-12-17T18:01:54.510682Z,23.00,0.0500,0.9500,no
6a5f43d4-495e-6d4e-62aa-ee4086cd07ac,KXMICHCOACH-26-EDRI,2025-12-17T17:40:27.168139Z,24.00,0.0600,0.9400,yes
1d73ea75-eaf2-72a6-0f36-7f9249f1ba78,KXMICHCOACH-26-EDRI,2025-12-17T17:24:17.993864Z,312.00,0.0600,0.9400,yes
15467e6f-8726-4b4e-f38d-5d5b2e2cd4e0,KXMICHCOACH-26-EDRI,2025-12-17T16:53:44.191744Z,53.00,0.0600,0.9400,yes
ecea2d8a-aa42-7f6a-eedf-96cf66454e54,KXMICHCOACH-26-EDRI,2025-12-17T16:22:13.462857Z,78.00,0.0600,0.9400,yes
dec8efe0-572e-5c36-a4aa-fa3b4a57a194,KXMICHCOACH-26-EDRI,2025-12-17T16:19:27.218247Z,125.00,0.0600,0.9400,yes
c06a9587-c879-7466-f4b3-7c169af5e697,KXMICHCOACH-26-EDRI,2025-12-17T16:09:07.693414Z,171.00,0.0600,0.9400,no
7994064d-71c6-6e1e-145b-e1ed37f70abc,KXMICHCOACH-26-EDRI,2025-12-17T16:07:27.398973Z,201.00,0.0700,0.9300,yes
e04ed258-f932-7f42-91a7-0add75634911,KXMICHCOACH-26-EDRI,2025-12-17T15:45:40.264806Z,318.00,0.0400,0.9600,no
7222ba0e-0c42-5a72-5195-bec1a92e484c,KXMICHCOACH-26-EDRI,2025-12-17T15:34:30.722298Z,26.00,0.0700,0.9300,yes
6a1e19e3-817b-4c7a-fff1-9ac4965c5ba9,KXMICHCOACH-26-EDRI,2025-12-17T15:33:06.516354Z,44.00,0.0700,0.9300,yes
405e41e2-b9c2-48ce-ce01-b66ad90e1950,KXMICHCOACH-26-EDRI,2025-12-17T15:33:06.516354Z,7.00,0.0700,0.9300,yes
63f90d8a-098b-55be-117d-efa10274ef2d,KXMICHCOACH-26-EDRI,2025-12-17T14:58:00.837801Z,134.00,0.0700,0.9300,yes
856c4c95-16d3-515e-4ece-36f5b138b785,KXMICHCOACH-26-EDRI,2025-12-17T13:57:03.985833Z,100.00,0.0700,0.9300,yes
4059aa5b-243f-66ae-a189-8afd34f358f5,KXMICHCOACH-26-EDRI,2025-12-17T13:39:59.098869Z,100.00,0.0700,0.9300,yes
58be2b87-abf6-6ed3-e333-46de8da69e23,KXMICHCOACH-26-EDRI,2025-12-17T13:05:53.364896Z,77.00,0.0700,0.9300,yes
0e44a699-2743-67e6-f043-40b0020daf79,KXMICHCOACH-26-EDRI,2025-12-17T13:05:53.364896Z,392.00,0.0700,0.9300,yes
f4d411aa-7f02-5862-e242-e28e2e5ac515,KXMICHCOACH-26-EDRI,2025-12-17T12:51:02.917381Z,241.00,0.0400,0.9600,no
0a043fcc-2866-5f07-1829-04eb8fbe9047,KXMICHCOACH-26-EDRI,2025-12-17T10:59:36.99048Z,1.00,0.0700,0.9300,yes
07fe075e-a0f6-61b7-cef0-2a53f307b633,KXMICHCOACH-26-EDRI,2025-12-17T09:13:34.578716Z,181.00,0.0700,0.9300,yes
e99b36c2-c622-4837-05fd-c0d91e06c32f,KXMICHCOACH-26-EDRI,2025-12-17T08:58:04.390705Z,241.00,0.0700,0.9300,yes
db49d8d1-681a-50b5-afff-4772118af390,KXMICHCOACH-26-EDRI,2025-12-17T06:04:55.889399Z,46.00,0.0800,0.9200,yes
b0ed7c9f-17e6-7211-1d68-d8c774c999d4,KXMICHCOACH-26-EDRI,2025-12-17T06:04:01.206506Z,7.00,0.0800,0.9200,yes
69b4bb8f-43ca-5915-61a8-8377fbc1a088,KXMICHCOACH-26-EDRI,2025-12-17T06:03:48.554561Z,37.00,0.0800,0.9200,yes
c30bdf6a-9bd2-550d-8f37-32691c553d74,KXMICHCOACH-26-EDRI,2025-12-17T06:01:32.476055Z,293.00,0.0800,0.9200,yes
786532cd-d922-4b6d-bb95-2783ce2f5ec0,KXMICHCOACH-26-EDRI,2025-12-17T06:00:37.292987Z,117.00,0.0800,0.9200,yes
b36b8544-8166-5009-7995-4bade42c2cbc,KXMICHCOACH-26-EDRI,2025-12-17T06:00:15.256753Z,117.00,0.0800,0.9200,yes
b7d706eb-2d2a-6961-c356-f254c045dfc8,KXMICHCOACH-26-EDRI,2025-12-17T05:48:37.332638Z,58.00,0.0800,0.9200,yes
c41f60bf-85c9-4846-d231-1c273953281f,KXMICHCOACH-26-EDRI,2025-12-17T05:28:05.334519Z,150.00,0.0600,0.9400,yes
68f271ea-1f9a-447b-c22e-babaadfd708d,KXMICHCOACH-26-EDRI,2025-12-17T05:28:05.334519Z,167.00,0.0700,0.9300,yes
5b9a194d-69eb-43d3-daa0-7972288c2aa0,KXMICHCOACH-26-EDRI,2025-12-17T05:28:05.334519Z,16.00,0.0700,0.9300,yes
10c900f1-434a-474a-ceb5-230ad7ea6f8a,KXMICHCOACH-26-EDRI,2025-12-17T05:28:05.334519Z,1200.00,0.0600,0.9400,yes
875a17a2-ea4a-63a1-b905-14621959b184,KXMICHCOACH-26-EDRI,2025-12-17T05:15:58.106847Z,4.00,0.0800,0.9200,yes
62dba112-bbea-6d15-1a43-d46f56b283ac,KXMICHCOACH-26-EDRI,2025-12-17T05:15:13.100462Z,25.00,0.0800,0.9200,yes
c05cbc8c-a27a-525b-981c-825cb9f505c1,KXMICHCOACH-26-EDRI,2025-12-17T04:43:26.486753Z,5.00,0.0700,0.9300,yes
a217cf47-a202-5ee5-aa36-2857ed17a660,KXMICHCOACH-26-EDRI,2025-12-17T04:41:44.702075Z,2.00,0.0800,0.9200,yes
d37acd91-f1e3-5e92-d905-9916d872b502,KXMICHCOACH-26-EDRI,2025-12-17T04:41:12.097286Z,936.00,0.0700,0.9300,yes
a8104cb3-f716-57ab-c4e6-900d7266dbc1,KXMICHCOACH-26-EDRI,2025-12-17T04:41:12.097286Z,63.00,0.0700,0.9300,yes
a7aaa177-deba-598d-c675-8682070d5a09,KXMICHCOACH-26-EDRI,2025-12-17T04:41:12.097286Z,1.00,0.0700,0.9300,yes
6641d73b-3f3b-58a2-76ff-3733669a25c6,KXMICHCOACH-26-EDRI,2025-12-17T04:40:30.816355Z,19.00,0.0700,0.9300,yes
ca15e166-32eb-508e-d3f2-2da3d3f1d126,KXMICHCOACH-26-EDRI,2025-12-17T04:39:20.278672Z,577.00,0.0700,0.9300,yes
764ee2fe-a186-5658-ee90-794a5b54a93e,KXMICHCOACH-26-EDRI,2025-12-17T04:39:20.278672Z,500.00,0.0600,0.9400,yes
b26bfcc9-ad87-7ff2-1ebc-9c41db552402,KXMICHCOACH-26-EDRI,2025-12-17T04:17:20.615131Z,100.00,0.0700,0.9300,yes
8460a4c6-19bf-6ac2-0e3a-d64a6cbd76e6,KXMICHCOACH-26-EDRI,2025-12-17T03:56:46.462202Z,67.00,0.0700,0.9300,yes
7532ba9a-3c2b-467a-ded7-a8948bfb246a,KXMICHCOACH-26-EDRI,2025-12-17T03:48:29.205994Z,100.00,0.0700,0.9300,yes
cbdd70b2-4c5b-5d4a-6497-88b200117a46,KXMICHCOACH-26-EDRI,2025-12-17T03:46:10.134726Z,134.00,0.0700,0.9300,yes
29d0870f-a193-690a-e7ff-2851b2278252,KXMICHCOACH-26-EDRI,2025-12-17T03:45:24.482065Z,67.00,0.0700,0.9300,yes
b7cca035-2e41-5b1e-2911-d9f457ed4f37,KXMICHCOACH-26-EDRI,2025-12-17T03:42:51.325236Z,181.00,0.0600,0.9400,yes
29a2c13a-198a-5215-2cab-00a06be49e30,KXMICHCOACH-26-EDRI,2025-12-17T03:42:51.325236Z,53.00,0.0600,0.9400,yes
157eb8b9-cfb9-435a-0376-55298586dfd7,KXMICHCOACH-26-EDRI,2025-12-17T03:39:30.696591Z,78.00,0.0600,0.9400,yes
f6808a78-44a9-6cda-50dd-05718ebb632b,KXMICHCOACH-26-EDRI,2025-12-17T03:36:05.98542Z,390.00,0.0600,0.9400,yes
ed9c2f7e-7345-6506-6a21-d7bf274bc55b,KXMICHCOACH-26-EDRI,2025-12-17T03:33:00.57059Z,771.00,0.0600,0.9400,yes
60f5062d-914a-6099-5000-53f47475829e,KXMICHCOACH-26-EDRI,2025-12-17T03:33:00.57059Z,994.00,0.0600,0.9400,yes
2ae9549f-5588-6602-7878-b33e20cd6495,KXMICHCOACH-26-EDRI,2025-12-17T03:33:00.57059Z,1.00,0.0600,0.9400,yes
aa93d6a3-0a0e-63f5-e19a-be6c69a7c0b2,KXMICHCOACH-26-EDRI,2025-12-17T03:21:54.513521Z,906.00,0.0600,0.9400,yes
9bc2e3e2-9f42-62f1-460b-bea83986727a,KXMICHCOACH-26-EDRI,2025-12-17T03:20:38.608351Z,100.00,0.0600,0.9400,yes
5f000832-38a1-4b4a-4c1e-8be7be9395dd,KXMICHCOACH-26-EDRI,2025-12-17T03:15:37.605838Z,285.00,0.0500,0.9500,yes
5d7b005e-db55-66e2-a471-fdeffe8624bd,KXMICHCOACH-26-EDRI,2025-12-17T03:14:18.921476Z,1378.00,0.0500,0.9500,yes
1cac1760-395c-6310-b704-774a83d6e19c,KXMICHCOACH-26-EDRI,2025-12-17T03:14:18.921476Z,459.00,0.0500,0.9500,yes
fee3ca2b-1d29-49ce-f496-7e9cd6c5d577,KXMICHCOACH-26-EDRI,2025-12-17T03:04:03.471707Z,1.00,0.0500,0.9500,yes
d2631538-1808-41c6-d391-b6cc6ea39e33,KXMICHCOACH-26-EDRI,2025-12-17T03:04:03.471707Z,1000.00,0.0500,0.9500,yes
a50bce45-e5f1-4f45-fbaf-c3c39b4fcfe8,KXMICHCOACH-26-EDRI,2025-12-17T03:04:03.471707Z,402.00,0.0500,0.9500,yes
7575d4a5-53ac-42f4-dbb6-cec11d97d908,KXMICHCOACH-26-EDRI,2025-12-17T03:04:03.471707Z,541.00,0.0500,0.9500,yes
1bb6eb34-1772-4c89-df9d-60ea5eec4116,KXMICHCOACH-26-EDRI,2025-12-17T03:04:03.471707Z,56.00,0.0500,0.9500,yes
5f82c34e-5ad9-7e1d-128a-571b19e18520,KXMICHCOACH-26-EDRI,2025-12-17T02:58:05.473034Z,39.00,0.0500,0.9500,yes
47fc5c7d-1100-7676-3981-42eac7b79459,KXMICHCOACH-26-EDRI,2025-12-17T02:58:05.473034Z,1.00,0.0400,0.9600,yes
c4c8fc60-7118-7341-93fb-3e75df293b2c,KXMICHCOACH-26-EDRI,2025-12-17T02:51:50.016462Z,302.00,0.0400,0.9600,yes
a4c946d1-0320-4ed1-52d6-4f267b2f4810,KXMICHCOACH-26-EDRI,2025-12-17T02:38:49.477823Z,234.00,0.0400,0.9600,yes
20ee169f-2068-61d1-00bf-2613054d8f94,KXMICHCOACH-26-EDRI,2025-12-17T02:38:30.852883Z,23.00,0.0400,0.9600,yes
866673f9-dc2c-63d5-b272-502891350d6c,KXMICHCOACH-26-EDRI,2025-12-17T01:42:55.174271Z,213.00,0.0400,0.9600,yes
7395769c-b9b9-69ed-9bd8-782b3120a61e,KXMICHCOACH-26-EDRI,2025-12-17T01:42:55.174271Z,3.00,0.0300,0.9700,yes
df772a49-2e38-7ce5-8e6a-55e4c7cef3a4,KXMICHCOACH-26-EDRI,2025-12-17T01:33:58.061441Z,766.00,0.0400,0.9600,yes
a6f7582d-c510-79dd-a018-33a1658855f0,KXMICHCOACH-26-EDRI,2025-12-17T01:33:58.061441Z,1234.00,0.0400,0.9600,yes
0acf10bb-d16c-517d-b738-ac62202010ac,KXMICHCOACH-26-EDRI,2025-12-17T01:27:57.216401Z,576.00,0.0400,0.9600,yes
ca6ff38e-76bd-4ff9-71b7-6c2231b03e4d,KXMICHCOACH-26-EDRI,2025-12-17T01:26:23.584087Z,568.00,0.0300,0.9700,yes
7899c5c7-b5ea-49cb-5ee9-51510315513a,KXMICHCOACH-26-EDRI,2025-12-17T01:26:23.584087Z,50.00,0.0300,0.9700,yes
2e1c41fe-c9b5-47f9-1f2b-70c7b9de3ef5,KXMICHCOACH-26-EDRI,2025-12-17T01:25:28.164333Z,143.00,0.0300,0.9700,yes
d8ab92b0-eeb1-7b3d-70b0-2b62bf5a3d7d,KXMICHCOACH-26-EDRI,2025-12-17T01:25:21.850973Z,100.00,0.0300,0.9700,yes
fc6b499c-0d4f-57b0-0481-d1c4fdac7fa6,KXMICHCOACH-26-EDRI,2025-12-17T01:04:16.108096Z,67.00,0.0200,0.9800,no
5cd40fb3-bf6d-5185-0cf1-e2bff895ef7d,KXMICHCOACH-26-EDRI,2025-12-17T00:00:49.638599Z,225.00,0.0300,0.9700,yes
0a306dcf-0311-7681-0567-de92577f00b1,KXMICHCOACH-26-EDRI,2025-12-16T23:52:56.949197Z,156.00,0.0300,0.9700,yes
247dca62-dc29-7be1-d980-6c158e239b25,KXMICHCOACH-26-EDRI,2025-12-16T23:48:21.928519Z,780.00,0.0300,0.9700,yes
d60c2b09-47db-481a-e7de-b19fa97f9717,KXMICHCOACH-26-EDRI,2025-12-16T23:47:30.391897Z,258.00,0.0100,0.9900,no
9f30abeb-b7bd-4342-e402-286036337091,KXMICHCOACH-26-EDRI,2025-12-16T23:47:30.391897Z,910.00,0.0100,0.9900,no
cfc7e8ca-0733-620f-e052-795556c8d06a,KXMICHCOACH-26-EDRI,2025-12-16T23:38:43.005933Z,4.00,0.0200,0.9800,yes
6913be9f-a8a1-6721-c64e-25ac49c9fef1,KXMICHCOACH-26-EDRI,2025-12-16T23:38:43.005933Z,28.00,0.0300,0.9700,yes
d48afb0a-9fda-6772-e88e-45fc377c62fa,KXMICHCOACH-26-EDRI,2025-12-16T23:32:19.114146Z,4.00,0.0200,0.9800,yes
3d85a4ec-1f37-6a27-dfd5-639437380b5a,KXMICHCOACH-26-EDRI,2025-12-16T23:32:19.114146Z,146.00,0.0200,0.9800,yes
ddddecbc-6206-534a-b8ab-73becad14072,KXMICHCOACH-26-EDRI,2025-12-16T23:16:33.99561Z,296.00,0.0200,0.9800,yes
d905f317-588c-5174-86bb-68ab4e06ed95,KXMICHCOACH-26-EDRI,2025-12-16T23:16:33.99561Z,200.00,0.0200,0.9800,yes
b2f54950-60ed-5eef-a9f1-53f2347027fa,KXMICHCOACH-26-EDRI,2025-12-16T23:16:33.99561Z,300.00,0.0200,0.9800,yes
9bb94913-2917-5830-9d05-7b70a4543963,KXMICHCOACH-26-EDRI,2025-12-16T23:16:33.99561Z,154.00,0.0200,0.9800,yes
4a49f6f7-7dce-5e63-b59d-82b1f004719e,KXMICHCOACH-26-EDRI,2025-12-16T23:16:33.99561Z,2000.00,0.0200,0.9800,yes
28536fc0-b5b5-507e-919a-27f4814b56a4,KXMICHCOACH-26-EDRI,2025-12-16T23:16:33.99561Z,1050.00,0.0200,0.9800,yes
3569004d-02ea-4af0-403d-c31f430758cf,KXMICHCOACH-26-EDRI,2025-12-16T22:59:07.799509Z,25.00,0.0200,0.9800,yes
0eccb4e5-7577-4ed4-649f-59722350968b,KXMICHCOACH-26-EDRI,2025-12-16T22:59:07.799509Z,1846.00,0.0200,0.9800,yes
ce9df17b-85bf-4ba2-6306-e090295a09b7,KXMICHCOACH-26-EDRI,2025-12-16T22:58:37.445358Z,10.00,0.0100,0.9900,no
29fee8e8-25ae-4768-b085-6ef0ccd17f1f,KXMICHCOACH-26-EDRI,2025-12-16T22:14:57.39988Z,233.00,0.0200,0.9800,yes
c97b0a46-a8de-7c54-cbb7-d3d5579f255b,KXMICHCOACH-26-EDRI,2025-12-16T22:00:22.453424Z,1169.00,0.0200,0.9800,yes
f87e2ee4-71ae-6f44-4d31-1a2ddcf5998b,KXMICHCOACH-26-EDRI,2025-12-16T22:00:03.827415Z,573.00,0.0200,0.9800,yes
424971bc-cac5-6f35-49ee-37602bcbc54d,KXMICHCOACH-26-EDRI,2025-12-16T22:00:03.827415Z,362.00,0.0200,0.9800,yes
114a3b67-012f-5926-7eee-90a33a9532a7,KXMICHCOACH-26-EDRI,2025-12-16T21:55:03.57653Z,345.00,0.0100,0.9900,no
6fddc7f4-d2bd-6131-33b8-f6b9f6b9b9a9,KXMICHCOACH-26-EDRI,2025-12-16T21:31:30.532457Z,46.00,0.0200,0.9800,yes
bfeb7e9c-2b77-5f2e-3ebc-0fc4671a8d57,KXMICHCOACH-26-EDRI,2025-12-16T21:07:49.658812Z,467.00,0.0100,0.9900,no
2a755aaf-f4dd-7179-35d3-29f005220e59,KXMICHCOACH-26-EDRI,2025-12-16T20:28:53.677168Z,46.00,0.0200,0.9800,yes
b5de7f03-5e57-5fba-d88f-13221ffb046b,KXMICHCOACH-26-EDRI,2025-12-16T20:25:57.148359Z,25.00,0.0100,0.9900,no
f23294b3-f557-7d88-da89-527f67869c17,KXMICHCOACH-26-EDRI,2025-12-16T19:55:58.721525Z,1500.00,0.0200,0.9800,no
c35d6288-95dd-7962-d736-b4389c35db22,KXMICHCOACH-26-EDRI,2025-12-16T19:55:58.721525Z,2000.00,0.0200,0.9800,no
593b2fe8-3714-7e9a-eafb-636fdd582263,KXMICHCOACH-26-EDRI,2025-12-16T19:55:58.721525Z,500.00,0.0200,0.9800,no
4f61253d-dc1a-796e-e1c5-1d2bdc0181f5,KXMICHCOACH-26-EDRI,2025-12-16T19:55:58.721525Z,500.00,0.0200,0.9800,no
3fe43965-7c34-7e1a-c8fa-8fa8c2ae5934,KXMICHCOACH-26-EDRI,2025-12-16T19:55:58.721525Z,300.00,0.0200,0.9800,no
e29a8998-dc0e-571b-fb80-ce8ae44bc57e,KXMICHCOACH-26-EDRI,2025-12-16T19:55:37.069869Z,100.00,0.0300,0.9700,no
99b5595a-5a4a-5cf9-f59d-d10c6ead7bf3,KXMICHCOACH-26-EDRI,2025-12-16T19:55:37.069869Z,353.00,0.0300,0.9700,no
cd48ffe1-e0c6-6305-f1fd-e8b0eb986b5f,KXMICHCOACH-26-EDRI,2025-12-16T19:38:02.95352Z,500.00,0.0300,0.9700,no
ee432723-a93a-7fd9-9026-2e43f3e2db4b,KXMICHCOACH-26-EDRI,2025-12-16T19:30:34.184366Z,750.00,0.0300,0.9700,no
f9cb4870-8d3e-556d-ab35-6c846eed6ac3,KXMICHCOACH-26-EDRI,2025-12-16T19:13:18.54935Z,96.00,0.0300,0.9700,no
fa553f35-eefa-5cbd-ee14-5006eba306b7,KXMICHCOACH-26-EDRI,2025-12-16T18:35:42.32112Z,93.00,0.0300,0.9700,no
72112af2-e611-63ae-26ad-ac4024fefd70,KXMICHCOACH-26-EDRI,2025-12-16T18:10:45.26405Z,300.00,0.0400,0.9600,yes
a60c0a2c-bd0e-7341-dcfa-e9b0594f2b0b,KXMICHCOACH-26-EDRI,2025-12-16T17:56:41.631096Z,93.00,0.0300,0.9700,no
bde1bdb0-4f19-6aee-3553-bab50cf0d728,KXMICHCOACH-26-EDRI,2025-12-16T17:50:16.65056Z,406.00,0.0300,0.9700,no
b9c4002f-d2fe-64e5-27b6-80109ed70037,KXMICHCOACH-26-EDRI,2025-12-16T17:50:16.65056Z,615.00,0.0300,0.9700,no
28c3e854-2f1a-6cc6-3335-e1b398431451,KXMICHCOACH-26-EDRI,2025-12-16T17:50:16.65056Z,150.00,0.0300,0.9700,no
9ce71294-bedd-5ac6-8a6e-81cd3de7d1a8,KXMICHCOACH-26-EDRI,2025-12-16T17:48:22.584348Z,650.00,0.0400,0.9600,yes
7fc602ce-34ea-5648-b80c-fcd5ece45979,KXMICHCOACH-26-EDRI,2025-12-16T17:48:22.584348Z,521.00,0.0400,0.9600,yes
d3d656ff-114d-701e-9ec6-c81c0ebff998,KXMICHCOACH-26-EDRI,2025-12-16T17:43:34.8948Z,5.00,0.0300,0.9700,no
591c0d6f-bd82-71ec-b0ca-99937a595f99,KXMICHCOACH-26-EDRI,2025-12-16T17:36:22.481299Z,63.00,0.0400,0.9600,yes
6943e8dd-88f2-4900-db8f-60858d055041,KXMICHCOACH-26-EDRI,2025-12-16T16:54:16.353206Z,57.00,0.0400,0.9600,yes
c24de41d-19c6-4f30-844d-db1902c9fe75,KXMICHCOACH-26-EDRI,2025-12-16T16:42:56.455789Z,234.00,0.0400,0.9600,yes
f7262bb0-ca0a-7c14-db22-886135230175,KXMICHCOACH-26-EDRI,2025-12-16T16:21:05.894589Z,25.00,0.0400,0.9600,yes
5bdab1a8-54ad-7f4e-2e3d-7003d922af74,KXMICHCOACH-26-EDRI,2025-12-16T15:41:51.700577Z,200.00,0.0300,0.9700,no
342f5204-c7c2-5fbc-bc64-1d1d6815b2b1,KXMICHCOACH-26-EDRI,2025-12-16T15:38:52.481353Z,100.00,0.0400,0.9600,yes
19e281bc-77c9-7a3d-0e2e-c4f40099ebac,KXMICHCOACH-26-EDRI,2025-12-16T14:10:39.85276Z,15.00,0.0500,0.9500,yes
1bc3c76e-4569-5b29-271c-1627b1233c88,KXMICHCOACH-26-EDRI,2025-12-16T14:08:08.010527Z,93.00,0.0500,0.9500,yes
83be8d81-46d1-6c01-4e2c-c36a589222a8,KXMICHCOACH-26-EDRI,2025-12-16T13:55:05.42957Z,30.00,0.0500,0.9500,yes
ea97f68b-5609-5efe-7ede-86e7d6ae8bd8,KXMICHCOACH-26-EDRI,2025-12-16T13:08:28.666701Z,300.00,0.0300,0.9700,no
f6c38730-a819-57e5-772b-21808bbf0e68,KXMICHCOACH-26-EDRI,2025-12-16T11:23:31.559937Z,171.00,0.0500,0.9500,yes
12d9c8de-aaa5-69dd-80e8-e8ab18b9c300,KXMICHCOACH-26-EDRI,2025-12-16T10:14:51.392024Z,93.00,0.0500,0.9500,yes
7d400491-a5c9-4b7d-06e5-d425b9f3cec8,KXMICHCOACH-26-EDRI,2025-12-16T09:25:21.137999Z,56.00,0.0500,0.9500,yes
7ec91897-d251-6311-505c-22cbd7c0c5dc,KXMICHCOACH-26-EDRI,2025-12-16T08:16:20.50854Z,150.00,0.0500,0.9500,yes
c45bdddf-675d-6d95-d85a-188da4df6580,KXMICHCOACH-26-EDRI,2025-12-16T05:29:53.9933Z,187.00,0.0500,0.9500,yes
05baaf3f-ddf5-73fd-782c-598d80a53ebc,KXMICHCOACH-26-EDRI,2025-12-16T04:42:29.710896Z,337.00,0.0500,0.9500,yes
8b57a2ca-a15d-6e1d-a6de-8ebd0b8e3b64,KXMICHCOACH-26-EDRI,2025-12-16T04:38:26.790638Z,15.00,0.0500,0.9500,yes
e48279f2-12e5-4a95-4078-0a336e6e1dbc,KXMICHCOACH-26-EDRI,2025-12-16T04:24:37.057365Z,312.00,0.0500,0.9500,yes
63528c07-26b5-6d61-7d2d-dc3bdf6ca7e8,KXMICHCOACH-26-EDRI,2025-12-16T04:19:31.688509Z,322.00,0.0500,0.9500,yes
1ab32122-dc2e-6db3-64f0-58ed9d77b87b,KXMICHCOACH-26-EDRI,2025-12-16T04:19:31.688509Z,65.00,0.0400,0.9600,yes
ddac58df-b956-659f-2097-b15c9ce52a53,KXMICHCOACH-26-EDRI,2025-12-16T03:41:12.811302Z,117.00,0.0400,0.9600,yes
a3ddde77-d76d-7c15-f267-334d42269b49,KXMICHCOACH-26-EDRI,2025-12-16T03:41:05.988768Z,205.00,0.0400,0.9600,yes
91da311d-d2be-7bef-c0fa-e2d61620a73f,KXMICHCOACH-26-EDRI,2025-12-16T03:41:05.988768Z,211.00,0.0400,0.9600,yes
92bca937-0325-5d41-96c1-8b90c1927745,KXMICHCOACH-26-EDRI,2025-12-16T02:56:16.909249Z,295.00,0.0400,0.9600,yes
cbb97898-2726-5413-5e4e-9498c9f9807b,KXMICHCOACH-26-EDRI,2025-12-16T02:31:17.841666Z,57.00,0.0500,0.9500,yes
3d245045-3392-472f-71e1-5f0e4e96b9f7,KXMICHCOACH-26-EDRI,2025-12-16T02:28:18.743919Z,150.00,0.0500,0.9500,yes
61efacd5-5fde-5bd7-6e87-1652490e0f5f,KXMICHCOACH-26-EDRI,2025-12-16T02:27:02.277545Z,1074.00,0.0500,0.9500,yes
302e0af1-4a0b-5161-77ae-52642381bb5e,KXMICHCOACH-26-EDRI,2025-12-16T02:27:02.277545Z,1000.00,0.0400,0.9600,yes
f6da98f3-9afe-7d1b-2289-eb2702a2e8bf,KXMICHCOACH-26-EDRI,2025-12-16T01:59:17.898499Z,100.00,0.0500,0.9500,yes
9473bc66-1856-7c27-5f5b-a1a1aa8bef0f,KXMICHCOACH-26-EDRI,2025-12-16T01:58:54.005892Z,226.00,0.0500,0.9500,yes
306c294b-1c5d-7e90-6629-f7f352c088f6,KXMICHCOACH-26-EDRI,2025-12-16T01:58:54.005892Z,631.00,0.0400,0.9600,yes
c5a9df17-af41-720c-3de0-d8761a0c8b4e,KXMICHCOACH-26-EDRI,2025-12-16T01:57:55.336183Z,225.00,0.0400,0.9600,yes
c42448bd-d35d-6734-1c62-ffd458ba3542,KXMICHCOACH-26-EDRI,2025-12-16T01:47:56.355568Z,1366.00,0.0400,0.9600,yes
6025d881-b411-6d49-2e5b-c460de95827b,KXMICHCOACH-26-EDRI,2025-12-16T01:47:56.355568Z,344.00,0.0400,0.9600,yes
76fafbd8-1c4d-5f0d-bea5-cc22ce4113eb,KXMICHCOACH-26-EDRI,2025-12-16T01:22:30.49171Z,585.00,0.0400,0.9600,yes
f9c0e7ef-d0c1-4fca-1a5c-c9d729da6444,KXMICHCOACH-26-EDRI,2025-12-16T01:16:41.21798Z,1119.00,0.0300,0.9700,no
334477a7-5d25-522d-1097-72215d587f77,KXMICHCOACH-26-EDRI,2025-12-16T00:34:26.417327Z,25.00,0.0400,0.9600,yes
b7225652-80b5-48a1-2605-e62441405123,KXMICHCOACH-26-EDRI,2025-12-16T00:15:49.318685Z,46.00,0.0400,0.9600,yes
23028be1-8dd4-5ce9-e66b-eab7a748383f,KXMICHCOACH-26-EDRI,2025-12-16T00:04:13.543148Z,62.00,0.0300,0.9700,no
34e51186-698a-56bb-1f47-a0c65383940a,KXMICHCOACH-26-EDRI,2025-12-15T23:59:01.126506Z,18.00,0.0500,0.9500,yes
cc58c1c2-1bde-700b-0487-f825f1e003fe,KXMICHCOACH-26-EDRI,2025-12-15T23:55:39.398319Z,50.00,0.0500,0.9500,yes
db6d6760-3b70-7557-4656-e472504815eb,KXMICHCOACH-26-EDRI,2025-12-15T23:44:00.335987Z,737.00,0.0300,0.9700,no
c7e3e215-9212-7ebd-6f8a-7d1cdbcc2541,KXMICHCOACH-26-EDRI,2025-12-15T23:44:00.335987Z,825.00,0.0300,0.9700,no
b1b1f6da-1ecc-7b6e-71dc-69d170c9498b,KXMICHCOACH-26-EDRI,2025-12-15T23:44:00.335987Z,750.00,0.0300,0.9700,no
8caedeb5-1c82-7e8b-6a62-fb745da12b0b,KXMICHCOACH-26-EDRI,2025-12-15T23:44:00.335987Z,500.00,0.0300,0.9700,no
e730b20f-303e-67f7-5014-f5972b5df7ae,KXMICHCOACH-26-EDRI,2025-12-15T23:43:54.153448Z,431.00,0.0500,0.9500,yes
51df1131-49c1-62dd-d66c-3a27e618c72b,KXMICHCOACH-26-EDRI,2025-12-15T23:23:15.060742Z,900.00,0.0500,0.9500,yes
4dbbc8d4-ab5d-6b3d-fedc-4bfa96248e9b,KXMICHCOACH-26-EDRI,2025-12-15T23:23:15.060742Z,748.00,0.0500,0.9500,yes
1cfb18ee-1f35-6e19-ede7-7948543aa7c2,KXMICHCOACH-26-EDRI,2025-12-15T23:23:15.060742Z,1164.00,0.0500,0.9500,yes
b2909864-1bcd-63e1-81bc-bc2589639deb,KXMICHCOACH-26-EDRI,2025-12-15T22:44:48.145128Z,142.00,0.0500,0.9500,yes
601f3a4e-f556-6a9d-432b-0aa005312a09,KXMICHCOACH-26-EDRI,2025-12-15T22:42:00.450364Z,125.00,0.0400,0.9600,no
11c27f4c-425e-6b89-6f23-41de31f019f9,KXMICHCOACH-26-EDRI,2025-12-15T22:42:00.450364Z,375.00,0.0300,0.9700,no
78f5f08c-c255-7c61-4c50-ad1c2cee78ab,KXMICHCOACH-26-EDRI,2025-12-15T22:40:23.722034Z,20.00,0.0500,0.9500,yes
88d6cf42-b7dd-58cf-d5d5-51147d8df348,KXMICHCOACH-26-EDRI,2025-12-15T22:24:12.790532Z,1340.00,0.0500,0.9500,yes
5784e8cb-a275-5301-d60c-7a4b853b3167,KXMICHCOACH-26-EDRI,2025-12-15T22:24:12.790532Z,1160.00,0.0500,0.9500,yes
1d8c10e6-ad96-5372-dfa4-a6fa48b82ac1,KXMICHCOACH-26-EDRI,2025-12-15T22:24:12.790532Z,1000.00,0.0500,0.9500,yes
0693cfd0-a8d5-61f3-5f63-904df7cbe088,KXMICHCOACH-26-EDRI,2025-12-15T22:18:55.452431Z,187.00,0.0500,0.9500,yes
42c7a49d-b539-6b5f-d29b-339ef0decef0,KXMICHCOACH-26-EDRI,2025-12-15T21:58:17.452865Z,468.00,0.0500,0.9500,yes
f2c9b065-effd-7627-5671-d8e5fa5a9af0,KXMICHCOACH-26-EDRI,2025-12-15T21:47:36.311035Z,5.00,0.0500,0.9500,yes
f53a168d-b6f3-7e98-df03-da2d9e7e1e60,KXMICHCOACH-26-EDRI,2025-12-15T21:07:52.6686Z,1000.00,0.0300,0.9700,no
c577b724-1091-77db-da91-1847c7289b29,KXMICHCOACH-26-EDRI,2025-12-15T21:07:52.6686Z,299.00,0.0300,0.9700,no
bd8cd5d6-62a3-7dd0-d3b0-f4a5891fa022,KXMICHCOACH-26-EDRI,2025-12-15T21:07:52.6686Z,1000.00,0.0300,0.9700,no
8f395e12-f053-7053-ca57-db4dfac4dce0,KXMICHCOACH-26-EDRI,2025-12-15T21:07:52.6686Z,100.00,0.0300,0.9700,no
58bf8336-7b2b-77f9-c6b7-38c4af37fa1a,KXMICHCOACH-26-EDRI,2025-12-15T21:07:52.6686Z,1500.00,0.0300,0.9700,no
f6f911ea-3976-4ca0-522a-5201274ccf31,KXMICHCOACH-26-EDRI,2025-12-15T21:03:21.280153Z,441.00,0.0400,0.9600,yes
e46862dd-1be8-4eaa-6473-c183ba38fd29,KXMICHCOACH-26-EDRI,2025-12-15T21:03:21.280153Z,2222.00,0.0400,0.9600,yes
aa86501a-702e-7958-bf6f-63ae6e0c002d,KXMICHCOACH-26-EDRI,2025-12-15T20:46:03.003604Z,117.00,0.0400,0.9600,yes
5f91db84-40be-4454-9c99-cfa44ff471ad,KXMICHCOACH-26-EDRI,2025-12-15T20:04:30.963214Z,7.00,0.0400,0.9600,yes
081d582e-cc64-7f70-b91c-5358bac4a37b,KXMICHCOACH-26-EDRI,2025-12-15T20:02:46.784653Z,862.00,0.0300,0.9700,no
82486803-aba0-7644-c08b-4af9dfdb81ef,KXMICHCOACH-26-EDRI,2025-12-15T19:55:22.550687Z,2.00,0.0300,0.9700,no
d96158f3-da5e-7cd4-d42a-f5364ac25c31,KXMICHCOACH-26-EDRI,2025-12-15T19:55:00.451883Z,1435.00,0.0400,0.9600,yes
0c781892-3de0-7bd1-c107-49041caf2e50,KXMICHCOACH-26-EDRI,2025-12-15T19:55:00.451883Z,965.00,0.0400,0.9600,yes
1c2e2a97-3c44-4595-5281-6ccc575c73a4,KXMICHCOACH-26-EDRI,2025-12-15T19:43:34.010611Z,93.00,0.0400,0.9600,yes
dce57852-0878-71b5-ea18-cbf5678100d4,KXMICHCOACH-26-EDRI,2025-12-15T19:31:36.290345Z,937.00,0.0400,0.9600,yes
49d975cd-79d4-43a1-d67f-f81db322fe4c,KXMICHCOACH-26-EDRI,2025-12-15T19:13:00.590715Z,1171.00,0.0400,0.9600,yes
0886b396-5ae0-7bc1-f673-69b01ba697d8,KXMICHCOACH-26-EDRI,2025-12-15T19:12:56.410583Z,23.00,0.0400,0.9600,yes
fcfd9009-c880-418d-b7b5-9881a9f0bfc4,KXMICHCOACH-26-EDRI,2025-12-15T19:05:43.415673Z,46.00,0.0400,0.9600,yes
f2f59db5-cb64-4221-27b6-2dd9a2f76114,KXMICHCOACH-26-EDRI,2025-12-15T19:05:11.875862Z,23.00,0.0400,0.9600,yes
62b3b957-a430-68c5-db60-f01f04103e18,KXMICHCOACH-26-EDRI,2025-12-15T19:00:20.472654Z,117.00,0.0400,0.9600,yes
79ac5611-d3b8-7199-4111-b2c9936c9b04,KXMICHCOACH-26-EDRI,2025-12-15T18:59:44.245139Z,117.00,0.0400,0.9600,yes
ce558a4e-5c40-5905-46cd-83d88f91add0,KXMICHCOACH-26-EDRI,2025-12-15T18:46:47.82329Z,234.00,0.0400,0.9600,yes
ad30d969-7264-5cb9-7817-e117105be670,KXMICHCOACH-26-EDRI,2025-12-15T18:44:17.250824Z,117.00,0.0400,0.9600,yes
10f9547d-61d8-5599-11b4-301303498810,KXMICHCOACH-26-EDRI,2025-12-15T18:41:47.93173Z,166.00,0.0400,0.9600,yes
f9673c7c-d1c8-68a5-de9a-d291aabed619,KXMICHCOACH-26-EDRI,2025-12-15T18:37:59.312433Z,377.00,0.0400,0.9600,yes
0c2c9895-bdec-6699-e243-bbc02fb90da4,KXMICHCOACH-26-EDRI,2025-12-15T18:37:59.312433Z,91.00,0.0400,0.9600,yes
8d96dfeb-0608-6ccd-4f29-dfa7f8279b29,KXMICHCOACH-26-EDRI,2025-12-15T18:20:26.354136Z,85.00,0.0400,0.9600,yes
51cc1324-00d0-7839-1f69-7de707a3c55b,KXMICHCOACH-26-EDRI,2025-12-15T18:20:24.710904Z,873.00,0.0400,0.9600,yes
2a14e8e3-7228-7f41-36af-5158e85f40fd,KXMICHCOACH-26-EDRI,2025-12-15T18:20:24.710904Z,2038.00,0.0400,0.9600,yes
f871691c-7684-6734-0f39-69ddf23ec4a7,KXMICHCOACH-26-EDRI,2025-12-15T18:12:48.789935Z,184.00,0.0300,0.9700,no
0fe77498-863c-5070-58ec-71c3b11a0587,KXMICHCOACH-26-EDRI,2025-12-15T17:43:20.666817Z,320.00,0.0300,0.9700,no
0416809e-5bf8-4c3c-0599-6ea60d518277,KXMICHCOACH-26-EDRI,2025-12-15T17:37:54.081407Z,1.00,0.0300,0.9700,no
1f457752-b4bc-4e49-3b2c-71e4c9620f2b,KXMICHCOACH-26-EDRI,2025-12-15T16:45:17.038748Z,23.00,0.0400,0.9600,yes
1816d359-e0e4-5e68-9f22-18a1067f6823,KXMICHCOACH-26-EDRI,2025-12-15T16:34:12.209669Z,860.00,0.0300,0.9700,no
94fc561c-64e8-4d18-0396-a4f4dccea4a7,KXMICHCOACH-26-EDRI,2025-12-15T16:19:59.252802Z,478.00,0.0300,0.9700,no
6407df96-9077-4aa2-3b8a-0290984c886f,KXMICHCOACH-26-EDRI,2025-12-15T16:19:59.252802Z,100.00,0.0300,0.9700,no
197c0d1f-9b0e-4445-1254-8c14b6f7b622,KXMICHCOACH-26-EDRI,2025-12-15T16:19:59.252802Z,78.00,0.0300,0.9700,no
d86e287a-9c0c-7219-9e53-24b921a76387,KXMICHCOACH-26-EDRI,2025-12-15T16:12:09.356324Z,117.00,0.0400,0.9600,yes
c303f606-e5a8-6ee9-89f0-a162838cfb27,KXMICHCOACH-26-EDRI,2025-12-15T16:06:10.576695Z,166.00,0.0400,0.9600,yes
6df588a1-58f4-667d-c8e4-b7f962676a9b,KXMICHCOACH-26-EDRI,2025-12-15T15:30:49.726187Z,2720.00,0.0400,0.9600,yes
2d930cd1-e674-652d-df5e-d08895d176f7,KXMICHCOACH-26-EDRI,2025-12-15T15:30:49.726187Z,280.00,0.0400,0.9600,yes
19d7d381-fc84-4fe9-9543-e91117548893,KXMICHCOACH-26-EDRI,2025-12-15T15:11:46.337563Z,46.00,0.0400,0.9600,yes
01331ee6-3864-4f65-9894-667d1a2a2967,KXMICHCOACH-26-EDRI,2025-12-15T14:47:43.790527Z,50.00,0.0400,0.9600,yes
148aa485-ff88-4ac1-4b53-bbef9efa93ff,KXMICHCOACH-26-EDRI,2025-12-15T14:34:39.19239Z,5.00,0.0400,0.9600,yes
80a52ed2-8654-48cd-fa78-a0376f7e5a47,KXMICHCOACH-26-EDRI,2025-12-15T14:12:40.432387Z,468.00,0.0400,0.9600,yes
02937e1b-5720-77d1-a8e9-c51be053ab8b,KXMICHCOACH-26-EDRI,2025-12-15T13:03:21.998015Z,395.00,0.0400,0.9600,yes
3c4eac27-1138-6221-096b-1e976f551c77,KXMICHCOACH-26-EDRI,2025-12-15T12:23:13.372154Z,585.00,0.0400,0.9600,yes
4fcfba0b-5370-76e9-1a6a-d6dba7c7c71f,KXMICHCOACH-26-EDRI,2025-12-15T12:07:07.002257Z,585.00,0.0400,0.9600,yes
f950e9d5-c7c8-63f5-be2a-a297c56a8a23,KXMICHCOACH-26-EDRI,2025-12-15T11:22:17.776074Z,117.00,0.0400,0.9600,yes
0477314d-ed64-4acd-91e8-3173c4157fa7,KXMICHCOACH-26-EDRI,2025-12-15T10:55:12.605549Z,16.00,0.0400,0.9600,yes
1a25ca1e-c610-47ed-661b-186eb71882a3,KXMICHCOACH-26-EDRI,2025-12-15T10:34:25.647006Z,585.00,0.0400,0.9600,yes
fa4f423c-e4d8-5391-5563-e870ea2e124f,KXMICHCOACH-26-EDRI,2025-12-15T08:56:06.585973Z,93.00,0.0400,0.9600,yes
fa642ddb-95c4-57bd-65c6-31eaf4d9f06b,KXMICHCOACH-26-EDRI,2025-12-15T08:07:15.989518Z,10.00,0.0400,0.9600,yes
46f91bfc-d43c-5069-ee64-ee476eade8b3,KXMICHCOACH-26-EDRI,2025-12-15T07:04:58.146909Z,46.00,0.0400,0.9600,yes
de5dc225-d5b8-5d9a-076f-3871030ed009,KXMICHCOACH-26-EDRI,2025-12-15T06:03:39.085821Z,500.00,0.0400,0.9600,no
c1bceb72-b0e6-51e7-06db-e816fca21864,KXMICHCOACH-26-EDRI,2025-12-15T06:03:39.085821Z,345.00,0.0400,0.9600,no
4b4ac9a2-aa2c-5f73-2d0c-4fc1d60fd876,KXMICHCOACH-26-EDRI,2025-12-15T06:03:39.085821Z,100.00,0.0400,0.9600,no
fc8dd212-e79c-48b5-39b3-d5b9fca15c3b,KXMICHCOACH-26-EDRI,2025-12-15T05:47:24.971383Z,41.00,0.0500,0.9500,yes
c8d151d7-12de-4672-2a7d-95d0e2ef7b7e,KXMICHCOACH-26-EDRI,2025-12-15T05:47:24.971383Z,143.00,0.0500,0.9500,yes
174029cf-62ae-6d12-7217-a84d4c1f7986,KXMICHCOACH-26-EDRI,2025-12-15T05:12:24.900574Z,93.00,0.0500,0.9500,yes
f2fe158b-a2b6-5a42-e8fa-3b03ff7d3c6a,KXMICHCOACH-26-EDRI,2025-12-15T05:03:17.172638Z,14.00,0.0500,0.9500,yes
940eebf8-5282-5c5e-5a81-759d9b45e05e,KXMICHCOACH-26-EDRI,2025-12-15T04:16:32.617148Z,18.00,0.0500,0.9500,yes
f24e2165-aaad-54dd-d85b-803a54735910,KXMICHCOACH-26-EDRI,2025-12-15T03:58:34.916464Z,95.00,0.0400,0.9600,no
d5103ae2-ecee-5fd3-c295-03326cb094ac,KXMICHCOACH-26-EDRI,2025-12-15T03:58:34.916464Z,55.00,0.0400,0.9600,no
633d9ec1-cd06-7d72-9166-6feabbdea98e,KXMICHCOACH-26-EDRI,2025-12-15T03:27:47.058384Z,1500.00,0.0500,0.9500,yes
10082b6e-616a-7dae-7269-de9535ff109e,KXMICHCOACH-26-EDRI,2025-12-15T03:26:31.692763Z,21.00,0.0500,0.9500,yes
5f12c6a8-33e2-519a-6ebf-5178984e05b2,KXMICHCOACH-26-EDRI,2025-12-15T03:16:09.137705Z,93.00,0.0500,0.9500,yes
d3bdb76c-3406-629a-81bb-f8f6ea64ea6e,KXMICHCOACH-26-EDRI,2025-12-15T02:51:23.81705Z,340.00,0.0500,0.9500,yes
43b67bfe-89d5-6c2f-a95e-f4ca95098c7d,KXMICHCOACH-26-EDRI,2025-12-15T02:51:23.81705Z,128.00,0.0500,0.9500,yes
db778eba-87d1-700b-977a-ec23a1f5194d,KXMICHCOACH-26-EDRI,2025-12-15T02:46:53.698774Z,93.00,0.0500,0.9500,yes
d6c9df88-1941-7153-460e-79ac25dd5379,KXMICHCOACH-26-EDRI,2025-12-15T02:46:28.237516Z,56.00,0.0500,0.9500,yes
57d0c888-8d31-7fe3-8c9b-685dc8dd0309,KXMICHCOACH-26-EDRI,2025-12-15T02:32:09.734476Z,93.00,0.0500,0.9500,yes
d982f4cd-facd-4a2b-4f74-87cfd3bf975d,KXMICHCOACH-26-EDRI,2025-12-15T02:30:14.314746Z,468.00,0.0500,0.9500,yes
e951addf-a989-68f3-1e1f-c2c16a7bd576,KXMICHCOACH-26-EDRI,2025-12-15T02:25:59.577658Z,700.00,0.0500,0.9500,yes
aefa90fc-1039-6b1f-1342-b6b6c642cd69,KXMICHCOACH-26-EDRI,2025-12-15T02:25:59.577658Z,162.00,0.0500,0.9500,yes
392a1046-430d-6a43-1f2a-4c0bc1933cde,KXMICHCOACH-26-EDRI,2025-12-15T02:20:01.214959Z,1200.00,0.0500,0.9500,yes
a16eda94-00dd-7853-30ac-f30893d32d0a,KXMICHCOACH-26-EDRI,2025-12-15T02:07:53.617193Z,71.00,0.0500,0.9500,yes
877e5cba-8e71-7427-d9ea-fc215fd6b06e,KXMICHCOACH-26-EDRI,2025-12-15T02:00:18.683036Z,112.00,0.0500,0.9500,yes
a3f14fa8-9b9d-6bb3-b949-2a2beeba2c72,KXMICHCOACH-26-EDRI,2025-12-15T01:56:47.176975Z,1000.00,0.0500,0.9500,yes
86c4999d-071d-635b-fd6a-c18390d6c63e,KXMICHCOACH-26-EDRI,2025-12-15T01:53:58.591285Z,18.00,0.0500,0.9500,yes
e9b3d0b9-33a5-6ed7-c786-1ebbf458e956,KXMICHCOACH-26-EDRI,2025-12-15T01:26:16.561389Z,50.00,0.0500,0.9500,yes
f45c9c28-3609-5089-d1b8-f3d1e339bf64,KXMICHCOACH-26-EDRI,2025-12-15T01:25:16.355362Z,200.00,0.0400,0.9600,no
4d64b61e-7f4d-5c49-8723-0d9563391760,KXMICHCOACH-26-EDRI,2025-12-15T01:23:40.81364Z,5.00,0.0400,0.9600,no
66c528cf-143d-4ab7-f6ba-6f26078d2ed6,KXMICHCOACH-26-EDRI,2025-12-15T01:12:17.955248Z,18.00,0.0500,0.9500,yes
a08000c2-05f5-7e43-3890-834e15923f5a,KXMICHCOACH-26-EDRI,2025-12-15T00:52:07.758339Z,93.00,0.0500,0.9500,yes
6317bd55-4935-5637-c6ea-703ab5643f32,KXMICHCOACH-26-EDRI,2025-12-15T00:42:44.662875Z,93.00,0.0500,0.9500,yes
8df753b5-8791-730b-846c-d547ee2d040a,KXMICHCOACH-26-EDRI,2025-12-15T00:41:50.917383Z,187.00,0.0500,0.9500,yes
01072e5f-a2c2-7684-3ae8-0d56af3c3a07,KXMICHCOACH-26-EDRI,2025-12-15T00:39:34.866803Z,156.00,0.0300,0.9700,no
17328353-840d-7c0b-6c2b-76f6ae8cfcba,KXMICHCOACH-26-EDRI,2025-12-15T00:37:21.264522Z,71.00,0.0500,0.9500,yes
7c934346-9efd-580b-d2c1-fb9ee8727a6a,KXMICHCOACH-26-EDRI,2025-12-15T00:16:08.431093Z,93.00,0.0500,0.9500,yes
b69d2fd7-a245-4ad7-c722-02efaabbbe76,KXMICHCOACH-26-EDRI,2025-12-15T00:07:56.583618Z,18.00,0.0500,0.9500,yes
82e555a4-fb0f-764b-9db2-42c245c66ed4,KXMICHCOACH-26-EDRI,2025-12-14T23:59:06.054739Z,13.00,0.0400,0.9600,no
48812338-ead8-7bd3-87cd-7a5273f05f7d,KXMICHCOACH-26-EDRI,2025-12-14T23:59:06.054739Z,9.00,0.0400,0.9600,no
f7ffc09b-1beb-788f-bcc8-6ee0ce7baf24,KXMICHCOACH-26-EDRI,2025-12-14T23:55:46.30728Z,187.00,0.0400,0.9600,no
deb550fa-fd0d-6223-79cc-4e5b5b6e12c6,KXMICHCOACH-26-EDRI,2025-12-14T23:38:06.770179Z,10.00,0.0500,0.9500,yes
6fc19c1d-c6c9-5593-a6e8-66cb70d8f9de,KXMICHCOACH-26-EDRI,2025-12-14T23:31:16.051544Z,93.00,0.0500,0.9500,yes
9ac6b98a-3c0d-5633-0cb9-70308b61510a,KXMICHCOACH-26-EDRI,2025-12-14T23:24:10.51139Z,656.00,0.0500,0.9500,yes
0df065ba-da35-6f9b-5544-9800dfb497ce,KXMICHCOACH-26-EDRI,2025-12-14T23:21:37.393897Z,250.00,0.0500,0.9500,yes
3929650a-c051-742b-2dd4-8d224bb30456,KXMICHCOACH-26-EDRI,2025-12-14T22:51:50.719576Z,184.00,0.0500,0.9500,yes
8d20f7e9-7739-739f-dd2e-3ffbaad1556e,KXMICHCOACH-26-EDRI,2025-12-14T22:25:39.890621Z,1500.00,0.0500,0.9500,yes
e0d43a0d-a8e9-5617-ac9d-d1baf687d80f,KXMICHCOACH-26-EDRI,2025-12-14T22:08:43.117973Z,249.00,0.0500,0.9500,no
8c43fe9e-d1ef-5e2e-df3c-d85d93767f0a,KXMICHCOACH-26-EDRI,2025-12-14T22:07:23.013074Z,105.00,0.0600,0.9400,yes
4167c101-4c36-53a9-e963-41db4bdc53d1,KXMICHCOACH-26-EDRI,2025-12-14T22:07:23.013074Z,95.00,0.0600,0.9400,yes
5a860808-d687-466e-77cd-06a02a86c24a,KXMICHCOACH-26-EDRI,2025-12-14T21:59:21.749804Z,31.00,0.0600,0.9400,yes
209b7f2e-4d87-7052-343c-570eb50c588a,KXMICHCOACH-26-EDRI,2025-12-14T21:51:28.887444Z,312.00,0.0600,0.9400,yes
53466295-4f41-50e7-a750-2c82f1c40c7b,KXMICHCOACH-26-EDRI,2025-12-14T21:46:14.291115Z,101.00,0.0500,0.9500,no
31ba7a93-ff05-645f-8d48-b1a99ae9e24f,KXMICHCOACH-26-EDRI,2025-12-14T21:45:07.42854Z,200.00,0.0500,0.9500,no
9a099ea6-0dab-673a-beec-58e7c4157e4e,KXMICHCOACH-26-EDRI,2025-12-14T21:36:40.524673Z,62.00,0.0600,0.9400,yes
1d340177-5827-4fda-6863-e4872c666886,KXMICHCOACH-26-EDRI,2025-12-14T21:35:37.146282Z,50.00,0.0600,0.9400,yes
098a1998-92ad-52e3-603c-2e2bdfff5dd7,KXMICHCOACH-26-EDRI,2025-12-14T21:27:10.20654Z,450.00,0.0500,0.9500,no
db863a21-9f47-633a-bd18-68fcb64e30c6,KXMICHCOACH-26-EDRI,2025-12-14T21:21:17.04308Z,156.00,0.0600,0.9400,yes
69462061-6c2b-4a36-1322-4833630535aa,KXMICHCOACH-26-EDRI,2025-12-14T21:19:23.90971Z,31.00,0.0600,0.9400,yes
da0c9a32-5543-76b6-f899-79119b940b12,KXMICHCOACH-26-EDRI,2025-12-14T21:13:33.069096Z,156.00,0.0600,0.9400,yes
e78a7db8-c15f-41a6-51bc-b9145ad0877a,KXMICHCOACH-26-EDRI,2025-12-14T20:53:59.884439Z,62.00,0.0600,0.9400,yes
9108383b-dbab-670a-e0fe-c74a408f0e2e,KXMICHCOACH-26-EDRI,2025-12-14T20:52:18.177539Z,4.00,0.0600,0.9400,yes
91b0d69d-8f83-7426-991f-84fd5e425f1e,KXMICHCOACH-26-EDRI,2025-12-14T20:51:34.939484Z,9.00,0.0600,0.9400,yes
e1bc8733-309b-45fa-3ffd-adee65b835fa,KXMICHCOACH-26-EDRI,2025-12-14T20:10:45.481174Z,78.00,0.0600,0.9400,yes
d52153cc-4c97-4bae-1746-826b7820de2a,KXMICHCOACH-26-EDRI,2025-12-14T20:07:22.023612Z,156.00,0.0600,0.9400,yes
df2e16dd-ebb7-7bd2-af39-e0f26e5d44a6,KXMICHCOACH-26-EDRI,2025-12-14T20:07:00.869335Z,78.00,0.0600,0.9400,yes
6c1d6ec7-66c7-75f6-52be-290e977e1c4a,KXMICHCOACH-26-EDRI,2025-12-14T19:34:25.303765Z,156.00,0.0600,0.9400,yes
e28858f0-e597-554e-9ae0-b688e702dab2,KXMICHCOACH-26-EDRI,2025-12-14T19:28:11.191775Z,10.00,0.0600,0.9400,yes
4c362832-b1c3-6c0a-8dfa-e9f121229686,KXMICHCOACH-26-EDRI,2025-12-14T19:10:02.207709Z,766.00,0.0600,0.9400,yes
a843b9d7-197e-4607-d1b8-a0c356841b52,KXMICHCOACH-26-EDRI,2025-12-14T18:57:22.790233Z,49.00,0.0700,0.9300,yes
6a634041-db91-4bfd-fadd-55ffbf35163e,KXMICHCOACH-26-EDRI,2025-12-14T18:57:22.790233Z,477.00,0.0700,0.9300,yes
bb05e070-c3d1-73c9-a2a4-36c97682fe46,KXMICHCOACH-26-EDRI,2025-12-14T18:53:58.996717Z,400.00,0.0700,0.9300,yes
e20364bb-6659-42b9-e26a-a400c24ff756,KXMICHCOACH-26-EDRI,2025-12-14T18:49:05.850935Z,107.00,0.0700,0.9300,yes
f0cd31f1-1d4d-41e9-22c6-455689eafd86,KXMICHCOACH-26-EDRI,2025-12-14T18:48:43.166212Z,16.00,0.0700,0.9300,yes
e711c18e-38c9-4726-0481-471d0d6c2514,KXMICHCOACH-26-EDRI,2025-12-14T18:48:43.166212Z,1580.00,0.0700,0.9300,yes
853b1c87-c547-4c52-1404-e01c45f0e7a3,KXMICHCOACH-26-EDRI,2025-12-14T18:48:43.166212Z,100.00,0.0600,0.9400,yes
2a59d629-3f11-409a-1cac-8f411d951800,KXMICHCOACH-26-EDRI,2025-12-14T18:48:43.166212Z,1000.00,0.0700,0.9300,yes
a3a71fd3-2c1f-5fea-80cb-1cbb134db172,KXMICHCOACH-26-EDRI,2025-12-14T18:48:17.084762Z,280.00,0.0500,0.9500,no
90176c41-00df-4d1e-af8b-f2c75e794f37,KXMICHCOACH-26-EDRI,2025-12-14T18:45:42.767279Z,100.00,0.0600,0.9400,yes
fe60d952-2102-5aa4-151b-a9e8d4f1832c,KXMICHCOACH-26-EDRI,2025-12-14T18:03:12.980025Z,90.00,0.0700,0.9300,yes
b6c62cd0-a9ca-5d71-3086-c19cebcb9adf,KXMICHCOACH-26-EDRI,2025-12-14T18:03:12.980025Z,245.00,0.0700,0.9300,yes
b01bc9c5-395e-6b9c-2191-7e4627db648c,KXMICHCOACH-26-EDRI,2025-12-14T17:50:17.673431Z,13.00,0.0700,0.9300,yes
bc0d31a8-9137-5316-9699-53afa653cdde,KXMICHCOACH-26-EDRI,2025-12-14T17:48:52.878899Z,467.00,0.0500,0.9500,no
b2a4507e-0ec2-5c78-dfe8-51c473e2f660,KXMICHCOACH-26-EDRI,2025-12-14T17:21:11.495224Z,66.00,0.0700,0.9300,yes
73c4136e-aca2-4d98-7130-29f5127c8600,KXMICHCOACH-26-EDRI,2025-12-14T17:00:17.118568Z,40.00,0.0700,0.9300,yes
76455134-3962-5d1c-61dc-8bad7dc2de54,KXMICHCOACH-26-EDRI,2025-12-14T16:56:48.470599Z,26.00,0.0700,0.9300,yes
cceffd53-1e4a-6a4c-78bf-5637cc14162c,KXMICHCOACH-26-EDRI,2025-12-14T16:56:10.358213Z,1000.00,0.0700,0.9300,yes
a4a4fd07-9fb2-5a48-ac0c-1ccdef7f5fa8,KXMICHCOACH-26-EDRI,2025-12-14T16:52:46.752545Z,1.00,0.0700,0.9300,yes
3319a215-8853-4db7-30dd-ba2eac06ed54,KXMICHCOACH-26-EDRI,2025-12-14T16:30:37.014405Z,102.00,0.0600,0.9400,no
b66b635e-6ddf-7d0e-5237-d4e06e8e358e,KXMICHCOACH-26-EDRI,2025-12-14T16:28:17.612746Z,7.00,0.0500,0.9500,no
49f609f7-68d3-705e-bc3b-8ce2510a54f6,KXMICHCOACH-26-EDRI,2025-12-14T16:25:50.333997Z,409.00,0.0500,0.9500,no
45c85a82-6135-7ea7-b804-643d0c471b7e,KXMICHCOACH-26-EDRI,2025-12-14T16:25:50.333997Z,1602.00,0.0600,0.9400,no
2c67e0b2-5465-53f3-d6ba-77b0023f3a62,KXMICHCOACH-26-EDRI,2025-12-14T16:22:23.961589Z,18.00,0.0600,0.9400,no
d77c04c4-4032-4998-8cf8-16bd8bb50344,KXMICHCOACH-26-EDRI,2025-12-14T16:11:25.652045Z,724.00,0.0700,0.9300,yes
f9f9ce48-001b-7275-96cd-7b19582b4d10,KXMICHCOACH-26-EDRI,2025-12-14T15:58:05.581005Z,160.00,0.0700,0.9300,yes
bf1e7c2b-01de-7420-938a-c1fe66a7f4b0,KXMICHCOACH-26-EDRI,2025-12-14T15:58:05.581005Z,40.00,0.0700,0.9300,yes
be47010b-795b-4305-0db2-35b81703fa3c,KXMICHCOACH-26-EDRI,2025-12-14T15:30:54.561879Z,134.00,0.0700,0.9300,yes
f89cdf0c-f61f-521d-b865-0ce94da14d28,KXMICHCOACH-26-EDRI,2025-12-14T15:19:47.449638Z,206.00,0.0700,0.9300,yes
dd094dd5-1855-5bc2-ac63-89f7810e9b8e,KXMICHCOACH-26-EDRI,2025-12-14T15:19:47.449638Z,296.00,0.0700,0.9300,yes
bd79ba26-7b31-50bc-922d-09a373db74b3,KXMICHCOACH-26-EDRI,2025-12-14T15:19:47.449638Z,500.00,0.0700,0.9300,yes
4999544d-ff18-53af-8f80-eda46bb8d7ca,KXMICHCOACH-26-EDRI,2025-12-14T15:19:47.449638Z,1009.00,0.0700,0.9300,yes
1260f2d4-8b35-5e5a-ab3e-d8910762079e,KXMICHCOACH-26-EDRI,2025-12-14T15:12:55.227331Z,67.00,0.0700,0.9300,yes
247e8aa1-a41d-75cb-04d8-3e834876b4b2,KXMICHCOACH-26-EDRI,2025-12-14T14:50:30.805862Z,66.00,0.0600,0.9400,no
146f356d-a051-573e-e6da-96766efc0066,KXMICHCOACH-26-EDRI,2025-12-14T13:43:35.884906Z,65.00,0.0700,0.9300,yes
d94d89bb-3571-6b66-3842-d3f410095cda,KXMICHCOACH-26-EDRI,2025-12-14T13:43:34.262584Z,26.00,0.0700,0.9300,yes
90b42821-5dfd-69ca-f80e-8382dd1dabd6,KXMICHCOACH-26-EDRI,2025-12-14T13:31:10.281955Z,40.00,0.0700,0.9300,yes
e8a77a36-cd11-6e57-b8bc-6faeb1646b46,KXMICHCOACH-26-EDRI,2025-12-14T13:11:04.774771Z,20.00,0.0600,0.9400,no
9cd94ea9-8931-6317-13f2-2e6c614358ae,KXMICHCOACH-26-EDRI,2025-12-14T12:54:57.726862Z,78.00,0.0600,0.9400,no
141642d9-0e51-4236-ba9d-8a40fbab39da,KXMICHCOACH-26-EDRI,2025-12-14T12:39:01.26678Z,66.00,0.0700,0.9300,yes
88c392d8-55b0-53e0-ca54-5e7b2b7eb163,KXMICHCOACH-26-EDRI,2025-12-14T11:28:46.255124Z,438.00,0.0600,0.9400,yes
11b794a9-6628-653c-5b3d-7c2f924a890b,KXMICHCOACH-26-EDRI,2025-12-14T08:59:38.406936Z,62.00,0.0600,0.9400,yes
f796e5a9-d5ed-5e36-22df-5e88b17adc99,KXMICHCOACH-26-EDRI,2025-12-14T08:05:44.027266Z,2000.00,0.0600,0.9400,yes
a4e72602-012d-590b-12dc-52db48b5e94b,KXMICHCOACH-26-EDRI,2025-12-14T08:05:44.027266Z,80.00,0.0600,0.9400,yes
003f3b7d-9a31-5706-1f6f-d3d42a0429ac,KXMICHCOACH-26-EDRI,2025-12-14T08:05:44.027266Z,420.00,0.0600,0.9400,yes
264de581-af81-4517-fb58-a519cae58db3,KXMICHCOACH-26-EDRI,2025-12-14T07:32:28.028747Z,320.00,0.0600,0.9400,yes
a39df5f9-3a2b-7c5a-dc9e-7266edf8e6fa,KXMICHCOACH-26-EDRI,2025-12-14T06:41:46.779893Z,50.00,0.0500,0.9500,no
c43a868e-5dad-785a-3b8a-0326b42b22a2,KXMICHCOACH-26-EDRI,2025-12-14T06:29:06.261653Z,120.00,0.0700,0.9300,yes
7c197fc3-59a1-7412-57b5-d10dcb288cce,KXMICHCOACH-26-EDRI,2025-12-14T06:24:14.405083Z,35.00,0.0700,0.9300,yes
4017b345-1129-70c2-7641-92dfee49da7b,KXMICHCOACH-26-EDRI,2025-12-14T06:24:14.405083Z,280.00,0.0600,0.9400,yes
0416d921-17a4-70ec-5981-be9751789c7f,KXMICHCOACH-26-EDRI,2025-12-14T06:24:14.405083Z,461.00,0.0600,0.9400,yes
17ee3748-1f6c-5a00-33c1-2b63bafd66cb,KXMICHCOACH-26-EDRI,2025-12-14T06:15:58.209762Z,860.00,0.0600,0.9400,yes
211bc350-5e48-4550-87e6-8d13bd58edf7,KXMICHCOACH-26-EDRI,2025-12-14T06:15:03.149523Z,234.00,0.0600,0.9400,yes
b6b22ea2-42c4-4cbc-f92f-d0ed3315cb1b,KXMICHCOACH-26-EDRI,2025-12-14T06:07:41.791201Z,33.00,0.0600,0.9400,yes
d6bad74b-813b-5d06-8dec-e4e7201792ca,KXMICHCOACH-26-EDRI,2025-12-14T06:07:24.948247Z,701.00,0.0500,0.9500,no
9d75851e-9a48-527c-8675-9952ea39263f,KXMICHCOACH-26-EDRI,2025-12-14T06:02:18.149848Z,400.00,0.0600,0.9400,yes
0a9a6ee0-d91c-4af4-00d8-75ffb1c9415f,KXMICHCOACH-26-EDRI,2025-12-14T05:59:46.815551Z,234.00,0.0600,0.9400,yes
f7b3cc58-307b-550a-d9ad-16b9799a48b2,KXMICHCOACH-26-EDRI,2025-12-14T05:59:34.829981Z,300.00,0.0500,0.9500,no
fdf6714e-0d4e-510f-bd14-f48824460f87,KXMICHCOACH-26-EDRI,2025-12-14T05:49:54.891412Z,1000.00,0.0500,0.9500,no
7ff9115e-9d11-793e-7caa-d8d11c6d58e2,KXMICHCOACH-26-EDRI,2025-12-14T05:43:23.199218Z,134.00,0.0700,0.9300,yes
b8c2591f-b7a7-501d-e680-dc6c996dbdb9,KXMICHCOACH-26-EDRI,2025-12-14T05:37:14.420057Z,306.00,0.0600,0.9400,yes
bf610d50-de3f-4161-1498-b56df26f1c41,KXMICHCOACH-26-EDRI,2025-12-14T05:11:55.482847Z,156.00,0.0600,0.9400,yes
4f65f963-3982-6f17-5cd2-3e915b957bc9,KXMICHCOACH-26-EDRI,2025-12-14T05:11:25.392006Z,93.00,0.0300,0.9700,no
8b3c0a5e-1673-4895-c582-b82a82c2e8e1,KXMICHCOACH-26-EDRI,2025-12-14T04:46:43.4355Z,78.00,0.0600,0.9400,yes
90978e98-4d91-65aa-6225-bd5524d372ee,KXMICHCOACH-26-EDRI,2025-12-14T04:38:58.674289Z,13.00,0.0700,0.9300,yes
1aac320a-e805-7c16-dbeb-1b560c85e37a,KXMICHCOACH-26-EDRI,2025-12-14T04:33:22.557141Z,138.00,0.0700,0.9300,yes
9a68389a-0b39-5006-ac7d-3853d6fdb37e,KXMICHCOACH-26-EDRI,2025-12-14T03:59:51.712979Z,125.00,0.0700,0.9300,yes
914f714f-9b8b-5053-ac99-2ba0c9a196ff,KXMICHCOACH-26-EDRI,2025-12-14T03:59:51.712979Z,500.00,0.0700,0.9300,yes
774012cc-c263-5f0f-9a85-adb68be2373b,KXMICHCOACH-26-EDRI,2025-12-14T03:59:51.712979Z,205.00,0.0700,0.9300,yes
4d591743-7c10-50b9-938b-96241222070e,KXMICHCOACH-26-EDRI,2025-12-14T03:59:51.712979Z,4124.00,0.0700,0.9300,yes
89afcbcb-0290-7599-ed62-a5021d591a27,KXMICHCOACH-26-EDRI,2025-12-14T03:58:58.052773Z,188.00,0.0500,0.9500,yes
1817ef29-7022-77f3-e226-4d52aa7f08c4,KXMICHCOACH-26-EDRI,2025-12-14T03:58:58.052773Z,1.00,0.0500,0.9500,yes
ddb5c56f-4da0-6351-8e2f-97f5e678482a,KXMICHCOACH-26-EDRI,2025-12-14T03:51:52.280025Z,93.00,0.0200,0.9800,no
42521b96-0d9c-53e9-ee6a-6cf08f5470a6,KXMICHCOACH-26-EDRI,2025-12-14T03:49:09.384585Z,112.00,0.0200,0.9800,no
be58645a-fd4c-6ab9-6a8d-46e27c14bb77,KXMICHCOACH-26-EDRI,2025-12-14T03:19:20.380771Z,203.00,0.0500,0.9500,yes
5fdde42e-e19c-58cd-d0bf-8fe2fd5d98e7,KXMICHCOACH-26-EDRI,2025-12-14T02:51:50.175824Z,225.00,0.0500,0.9500,yes
18495348-b1ac-43e1-e52d-b582c294d99f,KXMICHCOACH-26-EDRI,2025-12-14T02:50:49.567717Z,93.00,0.0500,0.9500,yes
611f9985-da40-7805-c343-dc5413fb9a5f,KXMICHCOACH-26-EDRI,2025-12-14T02:35:13.878854Z,50.00,0.0500,0.9500,yes
1cefd265-25d4-5095-d680-db49c4640d63,KXMICHCOACH-26-EDRI,2025-12-14T02:34:23.068915Z,375.00,0.0500,0.9500,yes
87c0e0af-c368-5787-a88e-f0ef4c7fdb42,KXMICHCOACH-26-EDRI,2025-12-14T02:26:58.198733Z,523.00,0.0400,0.9600,yes
5550ff20-4424-5a39-8796-69d421898b5f,KXMICHCOACH-26-EDRI,2025-12-14T02:26:58.198733Z,50.00,0.0500,0.9500,yes
731f8696-1cef-4714-696d-68dba5b67b78,KXMICHCOACH-26-EDRI,2025-12-14T02:23:26.185435Z,23.00,0.0400,0.9600,yes
6e589055-b6ec-4c93-529e-830cd6e32fb2,KXMICHCOACH-26-EDRI,2025-12-14T02:23:26.185435Z,477.00,0.0400,0.9600,yes
2da496c6-1443-53ec-d57d-0cc1cc8bd494,KXMICHCOACH-26-EDRI,2025-12-14T02:23:24.742202Z,1250.00,0.0400,0.9600,yes
57a41a1d-d053-7500-7056-aec9fcf84d2c,KXMICHCOACH-26-EDRI,2025-12-14T02:08:11.694784Z,1171.00,0.0400,0.9600,yes
16210146-df43-7f8c-7963-3db322a8296c,KXMICHCOACH-26-EDRI,2025-12-14T01:57:04.331866Z,1000.00,0.0400,0.9600,yes
0a994865-ab13-5193-ca49-ffabcaaccfd9,KXMICHCOACH-26-EDRI,2025-12-14T01:45:15.515599Z,1000.00,0.0400,0.9600,no
02fd688c-2ae8-751d-3353-59299f1b647b,KXMICHCOACH-26-EDRI,2025-12-14T01:43:43.00186Z,50.00,0.0500,0.9500,yes
cce8e70a-aa64-64e9-3ce4-9e4682bf1a46,KXMICHCOACH-26-EDRI,2025-12-14T01:27:49.587822Z,67.00,0.0700,0.9300,yes
3a0c31de-76e4-7851-7404-ce08cfb2dda2,KXMICHCOACH-26-EDRI,2025-12-14T01:21:34.20319Z,335.00,0.0700,0.9300,yes
da6b8aad-d8cc-7425-9fb1-fca13fdde6a2,KXMICHCOACH-26-EDRI,2025-12-14T01:17:51.95436Z,1990.00,0.0700,0.9300,yes
3fed47f5-5f69-7fb8-80ae-4c391e73f560,KXMICHCOACH-26-EDRI,2025-12-14T01:17:51.95436Z,25.00,0.0600,0.9400,yes
ce07c393-39f5-4eb1-51fb-86dd9a8ae1e6,KXMICHCOACH-26-EDRI,2025-12-14T01:17:02.899514Z,20.00,0.0300,0.9700,yes
d9bade18-14ac-6c1e-2bad-b69815aa4d1d,KXMICHCOACH-26-EDRI,2025-12-14T00:42:23.115583Z,5965.00,0.0200,0.9800,yes
b623e3a5-be55-6a01-0f38-065baf75817e,KXMICHCOACH-26-EDRI,2025-12-14T00:42:23.115583Z,500.00,0.0300,0.9700,yes
47831bd7-7b64-622e-3245-51f324793622,KXMICHCOACH-26-EDRI,2025-12-14T00:42:23.115583Z,3652.00,0.0300,0.9700,yes
18957068-d3b1-6545-0dab-813aa0d08fae,KXMICHCOACH-26-EDRI,2025-12-14T00:42:23.115583Z,428.00,0.0300,0.9700,yes
f062fe26-4523-46c6-6009-470334e7687f,KXMICHCOACH-26-EDRI,2025-12-14T00:16:50.01326Z,117.00,0.0100,0.9900,no
c6502a74-00f0-7c96-93c7-fc5b22984095,KXMICHCOACH-26-EDRI,2025-12-14T00:13:58.176784Z,701.00,0.0200,0.9800,yes
ec27138d-b302-509d-3e52-8fa0954106c0,KXMICHCOACH-26-EDRI,2025-12-14T00:00:23.322235Z,871.00,0.0100,0.9900,yes
be506504-c40e-56c0-1119-a63a328a0dba,KXMICHCOACH-26-EDRI,2025-12-14T00:00:23.322235Z,12.00,0.0200,0.9800,yes
b469ceb2-c1e4-5eca-29bc-2ad776cb2f52,KXMICHCOACH-26-EDRI,2025-12-14T00:00:23.322235Z,1036.00,0.0300,0.9700,yes
9f1f856a-73b5-5bb7-05cb-2854e7c40435,KXMICHCOACH-26-EDRI,2025-12-14T00:00:23.322235Z,3165.00,0.0100,0.9900,yes
67c7d0bb-d432-52fc-32ab-a1c87a6eba25,KXMICHCOACH-26-EDRI,2025-12-14T00:00:23.322235Z,966.00,0.0200,0.9800,yes
174d627c-7b7d-4397-dead-83e0c7be20e5,KXMICHCOACH-26-EDRI,2025-12-13T23:55:16.439358Z,935.00,0.0100,0.9900,yes
56490331-c3e6-7201-e6bb-d3a9fb395700,KXMICHCOACH-26-EDRI,2025-12-13T23:49:34.940072Z,467.00,0.0200,0.9800,yes
dcb5f341-3683-4f79-d260-5b05bf1e8ace,KXMICHCOACH-26-EDRI,2025-12-13T23:48:19.144561Z,1000.00,0.0100,0.9900,yes
d14c2c8a-8bd4-45fb-da9f-e318b45a08fb,KXMICHCOACH-26-EDRI,2025-12-13T23:48:19.144561Z,1020.00,0.0100,0.9900,yes
a2cafe07-0736-4b55-ffb2-5c46f5f316f8,KXMICHCOACH-26-EDRI,2025-12-13T23:48:19.144561Z,662.00,0.0200,0.9800,yes
6acac9d1-bd1a-4a98-ecd1-9897968f0799,KXMICHCOACH-26-EDRI,2025-12-13T23:48:19.144561Z,666.00,0.0200,0.9800,yes
d8cc4805-c434-56f7-45a7-645f832ac3ab,KXMICHCOACH-26-EDRI,2025-12-13T23:46:09.547203Z,980.00,0.0100,0.9900,yes
c73c68f6-9c4a-67d1-90de-69e9e9adf2bb,KXMICHCOACH-26-EDRI,2025-12-13T22:01:39.683336Z,200.00,0.0100,0.9900,yes
5e7365bf-8312-401d-94ee-85ff477ea103,KXMICHCOACH-26-EDRI,2025-12-13T21:59:51.162399Z,453.00,0.0100,0.9900,yes
c186d97b-5c09-7080-7877-a650fe46468a,KXMICHCOACH-26-EDRI,2025-12-13T21:28:23.267788Z,93.00,0.0100,0.9900,yes
a4939b6e-4c1c-57da-78bc-4c2381b2d0f2,KXMICHCOACH-26-EDRI,2025-12-13T20:48:50.065559Z,312.00,0.0300,0.9700,yes
e9ab6a8b-5cdf-512f-b226-ca17e05985cd,KXMICHCOACH-26-EDRI,2025-12-13T20:03:23.765461Z,1500.00,0.0100,0.9900,yes
be83cd93-825c-594d-b88e-1adb3572434f,KXMICHCOACH-26-EDRI,2025-12-13T20:03:23.765461Z,100.00,0.0100,0.9900,yes
aed417ff-4490-53f1-883d-bcbb4127e5f2,KXMICHCOACH-26-EDRI,2025-12-13T20:03:23.765461Z,129.00,0.0700,0.9300,yes
9bd16ad7-244e-5205-b1c3-5a97a1d1350e,KXMICHCOACH-26-EDRI,2025-12-13T20:03:23.765461Z,1000.00,0.0100,0.9900,yes
9a21bf28-b2c7-5a98-ba17-df1f0d6574d7,KXMICHCOACH-26-EDRI,2025-12-13T20:03:23.765461Z,500.00,0.0300,0.9700,yes
85b8f9c4-1aa2-5230-aff9-fc6772d32401,KXMICHCOACH-26-EDRI,2025-12-13T20:03:23.765461Z,3069.00,0.0100,0.9900,yes
6b5e5210-460b-5702-b5da-670d6f69aece,KXMICHCOACH-26-EDRI,2025-12-13T20:03:23.765461Z,7500.00,0.0100,0.9900,yes
607c3a87-2141-596b-ac48-2bc0baf88947,KXMICHCOACH-26-EDRI,2025-12-13T20:03:23.765461Z,666.00,0.0400,0.9600,yes
34c0b40d-901e-57b8-b62e-966b7a21ff94,KXMICHCOACH-26-EDRI,2025-12-13T20:03:23.765461Z,1.00,0.0100,0.9900,yes
31033c65-0ed5-5eee-89f6-2bf96992e4f6,KXMICHCOACH-26-EDRI,2025-12-13T20:03:23.765461Z,13.00,0.0200,0.9800,yes
1d1f201b-9c66-5790-8a25-0a7fc3990195,KXMICHCOACH-26-EDRI,2025-12-13T20:03:23.765461Z,100.00,0.0100,0.9900,yes
c689e6fb-fc2e-749c-f03b-5a75cd20db11,KXMICHCOACH-26-EDRI,2025-12-13T18:57:12.456175Z,187.00,0.0100,0.9900,yes
eabd748c-8206-650f-fdb9-7b5b7173b46b,KXMICHCOACH-26-EDRI,2025-12-13T18:55:58.986211Z,1226.00,0.0100,0.9900,yes
816e718b-2d4a-652c-c549-90c5735e1f3d,KXMICHCOACH-26-EDRI,2025-12-13T18:55:58.986211Z,644.00,0.0100,0.9900,yes
d912b6ae-e9a0-5f7e-5dc4-e0587a0265ff,KXMICHCOACH-26-EDRI,2025-12-13T18:40:21.003346Z,794.00,0.0100,0.9900,yes
d4bc94ee-ed86-549f-51f0-c5504cc8fd73,KXMICHCOACH-26-EDRI,2025-12-13T18:40:21.003346Z,274.00,0.0100,0.9900,yes
57cc44dd-00dc-5985-6adb-231d8bf41dff,KXMICHCOACH-26-EDRI,2025-12-13T18:40:21.003346Z,100.00,0.0100,0.9900,yes
9cee7410-b438-74fe-b45d-8e5dd985b14b,KXMICHCOACH-26-EDRI,2025-12-13T15:36:26.096727Z,333.00,0.0100,0.9900,yes
e637d4ee-10d0-4716-f136-95ef6c011577,KXMICHCOACH-26-EDRI,2025-12-13T15:20:33.399452Z,280.00,0.0100,0.9900,yes
d47a52f5-f4d4-4f3e-cf7a-009c8ac519eb,KXMICHCOACH-26-EDRI,2025-12-13T10:47:48.744341Z,93.00,0.0100,0.9900,yes
cca93f76-0c82-70ea-933f-9798701312ad,KXMICHCOACH-26-EDRI,2025-12-13T06:16:48.25695Z,41.00,0.0400,0.9600,yes
c22bfeee-30ec-76e2-bf41-f3e55a7db33a,KXMICHCOACH-26-EDRI,2025-12-13T06:16:48.25695Z,100.00,0.0100,0.9900,yes
9a7943d2-d814-7fcd-8eb0-b0f89ea3fd8a,KXMICHCOACH-26-EDRI,2025-12-13T06:16:48.25695Z,21.00,0.0700,0.9300,yes
99fc5770-35b6-7886-a3f4-542a02a54a0c,KXMICHCOACH-26-EDRI,2025-12-13T06:16:48.25695Z,26.00,0.0200,0.9800,yes
7141b2b2-de7a-70c8-ae8a-4966707dc85f,KXMICHCOACH-26-EDRI,2025-12-13T06:16:48.25695Z,3700.00,0.0100,0.9900,yes
2b2448a6-02a3-7271-b7d0-c94eccc7c912,KXMICHCOACH-26-EDRI,2025-12-13T06:16:48.25695Z,200.00,0.0100,0.9900,yes
1869de13-934c-70c2-bfd6-ecefe5416611,KXMICHCOACH-26-EDRI,2025-12-13T06:16:48.25695Z,235.00,0.0100,0.9900,yes
cec66b33-cea8-472c-bd02-5f477a7d8834,KXMICHCOACH-26-EDRI,2025-12-13T05:53:11.746292Z,637.00,0.0100,0.9900,yes
1a3f78d2-e908-4542-aca5-92a6ede3b041,KXMICHCOACH-26-EDRI,2025-12-13T05:53:11.746292Z,765.00,0.0100,0.9900,yes
9630c578-dea0-6e5c-f45b-b9ba163c1280,KXMICHCOACH-26-EDRI,2025-12-13T03:02:36.480749Z,363.00,0.0100,0.9900,yes
1fbe8bde-cd16-6b1b-d09b-a7b0d29c2129,KXMICHCOACH-26-EDRI,2025-12-13T03:02:36.480749Z,104.00,0.0100,0.9900,yes
5ff54da2-5f3e-50c7-7b3a-fa285f0e21b5,KXMICHCOACH-26-EDRI,2025-12-13T01:49:46.55831Z,2337.00,0.0100,0.9900,yes
846dafd4-2552-58cb-a381-3e9912e41b95,KXMICHCOACH-26-EDRI,2025-12-13T01:24:15.404084Z,39.00,0.0100,0.9900,yes
51e3f958-a5f2-58ff-e6d4-b9a71b647d9d,KXMICHCOACH-26-EDRI,2025-12-13T00:50:52.907033Z,916.00,0.0100,0.9900,yes
92d84a9c-96e2-563f-8f8e-aefae053b019,KXMICHCOACH-26-EDRI,2025-12-13T00:24:20.234728Z,112.00,0.0100,0.9900,yes
d51fc0a0-d35d-53c5-a5f5-31ff500a9076,KXMICHCOACH-26-EDRI,2025-12-12T22:52:56.998419Z,1245.00,0.0100,0.9900,yes
b1ee89f4-d4b1-54d6-bbbc-91ae2e850980,KXMICHCOACH-26-EDRI,2025-12-12T22:52:56.998419Z,1000.00,0.0100,0.9900,yes
7ab6d4fb-f3ce-576b-b834-4b7d5e19593d,KXMICHCOACH-26-EDRI,2025-12-12T22:52:56.998419Z,92.00,0.0100,0.9900,yes
dc96fb56-8807-7b46-8c64-1c7bba9cc354,KXMICHCOACH-26-EDRI,2025-12-12T22:20:35.106171Z,611.00,0.0100,0.9900,yes
ba2c9f42-aa2b-7ae2-acbd-078fe9c12e67,KXMICHCOACH-26-EDRI,2025-12-12T22:20:35.106171Z,971.00,0.0100,0.9900,yes
5251aad5-4e65-7af1-8d95-b7cb2c275d2e,KXMICHCOACH-26-EDRI,2025-12-12T22:20:35.106171Z,755.00,0.0100,0.9900,yes
8dd79fc0-e8e3-7bfa-6860-9ccd15e59d3c,KXMICHCOACH-26-EDRI,2025-12-12T20:36:34.964342Z,18.00,0.0100,0.9900,yes
f5f3efae-3460-5430-5444-c684b55f03a5,KXMICHCOACH-26-EDRI,2025-12-12T19:50:05.348956Z,199.00,0.0100,0.9900,yes
2e9fea06-662f-57da-517b-3b0100bafe24,KXMICHCOACH-26-EDRI,2025-12-12T19:50:05.348956Z,371.00,0.0100,0.9900,yes
0c78cf3f-8058-4cac-ce1d-2f24e73134ed,KXMICHCOACH-26-EDRI,2025-12-12T19:45:33.964516Z,561.00,0.0100,0.9900,yes
a3712f5b-650a-59a0-f7e0-4dac9f9706cc,KXMICHCOACH-26-EDRI,2025-12-12T17:45:30.245053Z,187.00,0.0100,0.9900,yes
96c7af3e-7258-58e2-ebaf-dd972761fc74,KXMICHCOACH-26-EDRI,2025-12-12T17:45:30.245053Z,1996.00,0.0100,0.9900,yes
8b89d964-c5e0-577c-e9d5-66821d4e5991,KXMICHCOACH-26-EDRI,2025-12-12T17:45:30.245053Z,240.00,0.0100,0.9900,yes
2650719c-fce6-58d1-f9bd-2b25348bff58,KXMICHCOACH-26-EDRI,2025-12-12T17:45:30.245053Z,850.00,0.0100,0.9900,yes
6c6c9d3c-e0da-551c-9e75-207efe18ab18,KXMICHCOACH-26-EDRI,2025-12-12T17:43:48.89045Z,935.00,0.0100,0.9900,yes
b2fbd90e-780e-4f98-45f9-a2c20bd44da0,KXMICHCOACH-26-EDRI,2025-12-12T16:21:35.379438Z,2291.00,0.0100,0.9900,yes
6d02cb5f-6fde-75bc-0d68-6b8874d97020,KXMICHCOACH-26-EDRI,2025-12-12T15:55:03.96844Z,187.00,0.0100,0.9900,yes
f8c8cbf2-8ede-5cb5-6d3c-0b1225e5b798,KXMICHCOACH-26-EDRI,2025-12-12T13:02:50.158329Z,150.00,0.0200,0.9800,yes
f2328901-9ce6-4089-4857-e14d6f1ebe8c,KXMICHCOACH-26-EDRI,2025-12-12T08:42:46.118875Z,1971.00,0.0100,0.9900,yes
bc89b816-caff-4ff6-491e-6fa9332ac513,KXMICHCOACH-26-EDRI,2025-12-12T08:42:46.118875Z,29.00,0.0300,0.9700,yes
1d35b9f5-1d81-48dd-4bc9-0c4345fc8669,KXMICHCOACH-26-EDRI,2025-12-12T08:42:46.118875Z,1000.00,0.0100,0.9900,yes
a3b4b104-9b4a-6969-f067-3d9508badc7c,KXMICHCOACH-26-EDRI,2025-12-12T08:14:21.928368Z,1000.00,0.0100,0.9900,yes
bed7d845-e79a-7b99-d26d-91c480d3363c,KXMICHCOACH-26-EDRI,2025-12-12T07:06:48.49662Z,93.00,0.0100,0.9900,yes
fd7bdd37-eee2-67f1-843a-0cd043e67ce0,KXMICHCOACH-26-EDRI,2025-12-12T06:50:07.3144Z,100.00,0.0100,0.9900,yes
57ec1f63-b31e-4435-bbcd-b326020ed7b0,KXMICHCOACH-26-EDRI,2025-12-12T05:40:23.740644Z,250.00,0.0100,0.9900,yes
b463c67a-787a-41e5-4f53-ae9ee0820ff8,KXMICHCOACH-26-EDRI,2025-12-12T03:42:19.382814Z,93.00,0.0100,0.9900,yes
5b37c6ca-a9aa-49f5-2ab9-9646b575e908,KXMICHCOACH-26-EDRI,2025-12-12T02:10:52.31111Z,93.00,0.0100,0.9900,yes
7b1ec36b-caf5-570a-ce3e-878420afe130,KXMICHCOACH-26-EDRI,2025-12-12T01:19:53.10626Z,62.00,0.0300,0.9700,yes
f4574822-ef77-6f81-08cd-00dda3221fe2,KXMICHCOACH-26-EDRI,2025-12-12T01:05:56.972479Z,3600.00,0.0100,0.9900,yes
d9d3f706-cd6c-6721-06db-0a032d4c64c4,KXMICHCOACH-26-EDRI,2025-12-12T01:05:56.972479Z,658.00,0.0400,0.9600,yes
cece6fb2-9fa5-644a-03e5-2add42dc8c26,KXMICHCOACH-26-EDRI,2025-12-12T01:05:56.972479Z,344.00,0.0100,0.9900,yes
6ca0696a-d342-6a09-341b-295347981e92,KXMICHCOACH-26-EDRI,2025-12-12T01:05:56.972479Z,1000.00,0.0100,0.9900,yes
5eeb6250-f242-68b6-307b-6069a6c1926f,KXMICHCOACH-26-EDRI,2025-12-12T01:05:56.972479Z,89.00,0.0200,0.9800,yes
3f9ab717-1e26-6802-2b63-cd1cf3440dda,KXMICHCOACH-26-EDRI,2025-12-12T01:05:56.972479Z,150.00,0.0400,0.9600,yes
0bb05d25-a04b-684a-20a8-4253677d5385,KXMICHCOACH-26-EDRI,2025-12-12T01:05:56.972479Z,1000.00,0.0100,0.9900,yes
b4cdadb7-8511-6b59-7f28-04b81951fa7f,KXMICHCOACH-26-EDRI,2025-12-11T22:07:22.487646Z,500.00,0.0100,0.9900,yes
7433c23e-8877-680b-5edf-8032122afe59,KXMICHCOACH-26-EDRI,2025-12-11T22:07:22.487646Z,1000.00,0.0100,0.9900,yes
58527462-65f3-6b9a-4cfb-e0fa6c8a50b0,KXMICHCOACH-26-EDRI,2025-12-11T22:07:22.487646Z,500.00,0.0100,0.9900,yes
499cb7b5-48d1-643c-7c57-ae0728a4c895,KXMICHCOACH-26-EDRI,2025-12-11T22:07:22.487646Z,1000.00,0.0100,0.9900,yes
2a6e1855-f555-6592-6075-b459e0c02072,KXMICHCOACH-26-EDRI,2025-12-11T22:07:22.487646Z,370.00,0.0200,0.9800,yes
8cb6f084-6773-486a-e53f-da7b50ea0ddb,KXMICHCOACH-26-EDRI,2025-12-11T21:16:02.611558Z,582.00,0.0100,0.9900,no
9c0c9103-200f-6896-7266-2397e4883c13,KXMICHCOACH-26-EDRI,2025-12-11T21:16:01.365979Z,10.00,0.0100,0.9900,no
9bf04844-3317-4eae-1e1f-e10663aa8dbb,KXMICHCOACH-26-EDRI,2025-12-11T21:15:18.981961Z,79.00,0.0100,0.9900,no
81043cd5-5027-64fa-d593-6392f7cce143,KXMICHCOACH-26-EDRI,2025-12-11T21:04:30.334202Z,55.00,0.0100,0.9900,no
75be90b5-56e7-48b2-e3c3-01dca2692257,KXMICHCOACH-26-EDRI,2025-12-11T21:03:42.505101Z,21.00,0.0100,0.9900,no
d526fca4-5ffd-55e6-fe43-33c79c687446,KXMICHCOACH-26-EDRI,2025-12-11T20:12:11.099794Z,46.00,0.0200,0.9800,yes
f19707eb-de6d-5916-be82-8e8192b92b16,KXMICHCOACH-26-EDRI,2025-12-11T19:37:04.538896Z,9.00,0.0200,0.9800,yes
daeba2ce-a361-5d16-130b-3782d2d32ace,KXMICHCOACH-26-EDRI,2025-12-11T18:08:52.733215Z,46.00,0.0200,0.9800,yes
d0eff1eb-84a1-4e3a-e396-c78f5d8f0b52,KXMICHCOACH-26-EDRI,2025-12-11T17:38:10.269462Z,23.00,0.0200,0.9800,yes
fa515861-4229-4be6-b92e-d052341c2f06,KXMICHCOACH-26-EDRI,2025-12-11T17:34:32.604249Z,116.00,0.0200,0.9800,yes
c36ee9ad-12b3-58d6-1005-92481ae3cd93,KXMICHCOACH-26-EDRI,2025-12-11T17:21:57.118749Z,100.00,0.0100,0.9900,no
86fd212e-633b-7cfe-9aef-bed3589bc063,KXMICHCOACH-26-EDRI,2025-12-11T17:17:20.807826Z,67.00,0.0100,0.9900,no
7c104262-aa77-566e-3f65-fe859141848b,KXMICHCOACH-26-EDRI,2025-12-11T17:14:28.267293Z,26.00,0.0100,0.9900,no
5b0ccac3-e54b-5496-c863-5c04f806c42b,KXMICHCOACH-26-EDRI,2025-12-11T17:14:26.710549Z,10.00,0.0100,0.9900,no
1b4a8826-52a7-6ab6-c955-ba667e4c42c7,KXMICHCOACH-26-EDRI,2025-12-11T17:08:25.875827Z,70.00,0.0100,0.9900,no
62730b60-d51f-749a-9c4c-58750329df53,KXMICHCOACH-26-EDRI,2025-12-11T17:06:58.856975Z,15.00,0.0100,0.9900,no
610a031f-2221-7c7a-70e0-a6ea3a2e972e,KXMICHCOACH-26-EDRI,2025-12-11T17:02:32.56178Z,46.00,0.0200,0.9800,yes
47d064de-c6c2-4716-57cb-638328b89367,KXMICHCOACH-26-EDRI,2025-12-11T16:41:07.484108Z,50.00,0.0300,0.9700,yes
d3041089-c542-72d6-1cac-9bf59112fe89,KXMICHCOACH-26-EDRI,2025-12-11T16:36:12.262758Z,78.00,0.0200,0.9800,yes
c4b3552c-b572-7cae-165c-03161bf0eaa3,KXMICHCOACH-26-EDRI,2025-12-11T16:36:12.262758Z,1361.00,0.0200,0.9800,yes
9ffbcea0-9b08-7d21-0d05-31f561f3ecd9,KXMICHCOACH-26-EDRI,2025-12-11T16:36:12.262758Z,900.00,0.0200,0.9800,yes
0f9a62b5-81b4-4b1d-4c74-972f6141001d,KXMICHCOACH-26-EDRI,2025-12-11T16:23:29.349182Z,100.00,0.0200,0.9800,yes
ab9d4da4-ca36-4f3a-b258-a25e11179f11,KXMICHCOACH-26-EDRI,2025-12-11T15:01:42.284393Z,117.00,0.0400,0.9600,yes
cd55972d-ce9f-435a-95e9-20dae8f32067,KXMICHCOACH-26-EDRI,2025-12-11T14:51:10.817476Z,285.00,0.0100,0.9900,no
8dc43f91-564f-54f6-b608-5d3795f47983,KXMICHCOACH-26-EDRI,2025-12-11T14:49:34.256072Z,88.00,0.0100,0.9900,no
8498d9d6-ee23-720a-34f8-b4628874e6f7,KXMICHCOACH-26-EDRI,2025-12-11T14:45:01.190215Z,12.00,0.0100,0.9900,no
5f1adfc1-5076-6f8e-05d9-71c8a10de3a5,KXMICHCOACH-26-EDRI,2025-12-11T13:46:59.535977Z,83.00,0.0400,0.9600,yes
ce37c316-96b3-4ad9-ba70-2156e2780011,KXMICHCOACH-26-EDRI,2025-12-11T13:29:27.682891Z,2.00,0.0200,0.9800,yes
0543d925-0f0a-4692-abe5-afe98c8a2b59,KXMICHCOACH-26-EDRI,2025-12-11T13:29:27.682891Z,22.00,0.0400,0.9600,yes
78d174c1-e153-5e79-5ff1-6beddb522909,KXMICHCOACH-26-EDRI,2025-12-11T12:58:33.220379Z,233.00,0.0200,0.9800,yes
f3f1e1ce-9ea7-4dd7-cc9d-07719cf12f86,KXMICHCOACH-26-EDRI,2025-12-11T06:58:24.365363Z,11.00,0.0100,0.9900,yes
e9afd964-11a4-4c04-f19d-09a69d90e307,KXMICHCOACH-26-EDRI,2025-12-11T06:58:24.365363Z,134.00,0.0100,0.9900,yes
e1fb90c2-95de-40d8-fc5f-976e59af8c08,KXMICHCOACH-26-EDRI,2025-12-11T06:58:24.365363Z,14.00,0.0100,0.9900,yes
d9b0fcef-b6f7-4843-d198-b3e71cf066a7,KXMICHCOACH-26-EDRI,2025-12-11T06:58:24.365363Z,25.00,0.0100,0.9900,yes
d81bd75a-9a11-4877-da66-be6567c08973,KXMICHCOACH-26-EDRI,2025-12-11T06:58:24.365363Z,41.00,0.0100,0.9900,yes
cb03142c-d0cf-4ca5-ce8e-af53483dd091,KXMICHCOACH-26-EDRI,2025-12-11T06:58:24.365363Z,65.00,0.0200,0.9800,yes
c66ded4a-a1a6-46a6-f936-bdb458d67070,KXMICHCOACH-26-EDRI,2025-12-11T06:58:24.365363Z,500.00,0.0100,0.9900,yes
af116598-5735-43a4-f967-83f323506e09,KXMICHCOACH-26-EDRI,2025-12-11T06:58:24.365363Z,276.00,0.0200,0.9800,yes
ace376bf-4ff8-4f4f-e671-34bc12eab749,KXMICHCOACH-26-EDRI,2025-12-11T06:58:24.365363Z,21.00,0.0100,0.9900,yes
a93253bc-0618-4388-c5f5-c15dc3992104,KXMICHCOACH-26-EDRI,2025-12-11T06:58:24.365363Z,19.00,0.0100,0.9900,yes
a10acd07-198c-46d6-e28a-b701e27ece58,KXMICHCOACH-26-EDRI,2025-12-11T06:58:24.365363Z,9.00,0.0100,0.9900,yes
99b8eaa4-eafb-4c6d-ecc7-bcbb890529a4,KXMICHCOACH-26-EDRI,2025-12-11T06:58:24.365363Z,229.00,0.0100,0.9900,yes
875967a6-6a48-4a4d-f99d-f2b67a75fada,KXMICHCOACH-26-EDRI,2025-12-11T06:58:24.365363Z,69.00,0.0100,0.9900,yes
6d80511e-ebad-4474-e761-a88152be14e9,KXMICHCOACH-26-EDRI,2025-12-11T06:58:24.365363Z,29.00,0.0100,0.9900,yes
327d18f5-e92c-4d20-ef5e-77d2133be932,KXMICHCOACH-26-EDRI,2025-12-11T06:58:24.365363Z,47.00,0.0100,0.9900,yes
28854f59-b8d4-471e-d35c-535f3fa162ea,KXMICHCOACH-26-EDRI,2025-12-11T06:58:24.365363Z,35.00,0.0100,0.9900,yes
25253f9c-df9f-4b79-d4b0-a250f764ad75,KXMICHCOACH-26-EDRI,2025-12-11T06:58:24.365363Z,28.00,0.0100,0.9900,yes
16611a31-70aa-4304-f60d-c7502c2ff268,KXMICHCOACH-26-EDRI,2025-12-11T06:58:24.365363Z,355.00,0.0100,0.9900,yes
126e5636-e04d-47e1-f230-78a9e2e0dd12,KXMICHCOACH-26-EDRI,2025-12-11T06:58:24.365363Z,1.00,0.0100,0.9900,yes
059bb00f-dda1-4fac-fca3-080f764360fe,KXMICHCOACH-26-EDRI,2025-12-11T06:58:24.365363Z,76.00,0.0100,0.9900,yes
0128041e-673f-43ee-c357-587ffab74938,KXMICHCOACH-26-EDRI,2025-12-11T06:58:24.365363Z,12.00,0.0100,0.9900,yes
8b8ac677-feda-5fd5-e5fb-867dce65d79e,KXMICHCOACH-26-EDRI,2025-12-11T06:39:24.737404Z,5.00,0.0100,0.9900,yes
4fe38a6d-7822-592f-d9d5-ed6fd12c2059,KXMICHCOACH-26-EDRI,2025-12-11T06:39:24.737404Z,1.00,0.0100,0.9900,yes
4a019d6d-fc3f-5edb-f7d7-5d4c8b9a186a,KXMICHCOACH-26-EDRI,2025-12-11T06:39:24.737404Z,20.00,0.0100,0.9900,yes
1f4c5105-11da-5721-d8c6-cfe8199c0715,KXMICHCOACH-26-EDRI,2025-12-11T06:39:24.737404Z,74.00,0.0100,0.9900,yes
30863ee7-2806-5925-3917-97028e08bb89,KXMICHCOACH-26-EDRI,2025-12-11T06:35:35.219793Z,81.00,0.0100,0.9900,yes
1a4b80c7-195b-54a9-3c0b-777faf1c0e46,KXMICHCOACH-26-EDRI,2025-12-11T06:35:35.219793Z,12.00,0.0100,0.9900,yes
7ba6787b-cd35-726f-1bf8-fcedbda8819b,KXMICHCOACH-26-EDRI,2025-12-11T06:29:55.916862Z,82.00,0.0100,0.9900,yes
5205ca6f-aecb-7e7d-3ed2-b3ab3f24b9f2,KXMICHCOACH-26-EDRI,2025-12-11T06:29:55.916862Z,13.00,0.0100,0.9900,yes
2122ff7b-5930-7892-2f1b-87051ae57eb4,KXMICHCOACH-26-EDRI,2025-12-11T06:29:55.916862Z,5.00,0.0100,0.9900,yes
0c410b85-3188-4cae-7e0d-06492322257c,KXMICHCOACH-26-EDRI,2025-12-11T06:27:14.779017Z,1.00,0.0100,0.9900,yes
b2c6a158-cc40-52d6-23d7-990e7c95a454,KXMICHCOACH-26-EDRI,2025-12-11T02:34:08.985932Z,22.00,0.0100,0.9900,yes
fd41e869-9712-7ff0-8c9c-709adf71a744,KXMICHCOACH-26-EDRI,2025-12-11T02:07:57.262452Z,10.00,0.0100,0.9900,yes
dcd0b119-72c3-7ad4-af78-a304b2fb2c19,KXMICHCOACH-26-EDRI,2025-12-11T02:07:57.262452Z,28.00,0.0100,0.9900,yes
d1c2971a-43eb-7454-8d8f-bc922553546f,KXMICHCOACH-26-EDRI,2025-12-11T02:07:57.262452Z,4.00,0.0100,0.9900,yes
b20ae128-e58b-7f81-887f-f5e327ea8bbc,KXMICHCOACH-26-EDRI,2025-12-11T02:07:57.262452Z,10.00,0.0100,0.9900,yes
6a06b2c7-14a5-7853-b45f-83f7dcb5197d,KXMICHCOACH-26-EDRI,2025-12-11T02:07:57.262452Z,12.00,0.0100,0.9900,yes
69d64812-77ab-7922-8609-a67d2d696ba3,KXMICHCOACH-26-EDRI,2025-12-11T02:07:57.262452Z,1.00,0.0100,0.9900,yes
13fa68d1-ad55-7e83-910d-81acfc4fecec,KXMICHCOACH-26-EDRI,2025-12-11T02:07:57.262452Z,2.00,0.0100,0.9900,yes
0e226d46-fb22-74f3-b831-6bf5082a457c,KXMICHCOACH-26-EDRI,2025-12-11T02:07:57.262452Z,22.00,0.0100,0.9900,yes
031b3b9b-7177-7264-bdfe-690ae09e6513,KXMICHCOACH-26-EDRI,2025-12-11T02:07:57.262452Z,4.00,0.0100,0.9900,yes
ed221fdb-7dc4-7d7d-4045-c2993a8a28df,KXMICHCOACH-26-EDRI,2025-12-11T01:45:43.860159Z,9.00,0.0100,0.9900,yes
e6b4e180-57f1-79ab-77cc-1903533c363b,KXMICHCOACH-26-EDRI,2025-12-11T01:45:43.860159Z,10.00,0.0100,0.9900,yes
e58649b0-9a2e-704c-58cd-b5e4e75a8037,KXMICHCOACH-26-EDRI,2025-12-11T01:45:43.860159Z,23.00,0.0100,0.9900,yes
dce1d851-505d-751b-455a-84c092670690,KXMICHCOACH-26-EDRI,2025-12-11T01:45:43.860159Z,7.00,0.0100,0.9900,yes
cb695c9f-b80e-7e10-67ca-8f7b92f6ef81,KXMICHCOACH-26-EDRI,2025-12-11T01:45:43.860159Z,1.00,0.0100,0.9900,yes
ca7251ef-98e0-7f71-4c2d-0ec304e8c4bb,KXMICHCOACH-26-EDRI,2025-12-11T01:45:43.860159Z,17.00,0.0100,0.9900,yes
b7a2d356-8a7c-7f84-628d-518e582690b7,KXMICHCOACH-26-EDRI,2025-12-11T01:45:43.860159Z,32.00,0.0100,0.9900,yes
b6c53ca5-336c-79b3-7e86-a5d1d0f1c11d,KXMICHCOACH-26-EDRI,2025-12-11T01:45:43.860159Z,5.00,0.0100,0.9900,yes
834506cd-95b4-77e8-489c-fd4025cbb345,KXMICHCOACH-26-EDRI,2025-12-11T01:45:43.860159Z,5.00,0.0100,0.9900,yes
6776a189-fde5-76ae-6a57-22352e80681a,KXMICHCOACH-26-EDRI,2025-12-11T01:45:43.860159Z,7.00,0.0100,0.9900,yes
56600f97-7ef2-7204-6b6d-5b90b851ad6e,KXMICHCOACH-26-EDRI,2025-12-11T01:45:43.860159Z,1.00,0.0100,0.9900,yes
4cddd9cc-dbc4-748b-51f9-093db1feb1f5,KXMICHCOACH-26-EDRI,2025-12-11T01:45:43.860159Z,34.00,0.0100,0.9900,yes
40facfb8-fdb5-7953-6d97-f99a547fd1c3,KXMICHCOACH-26-EDRI,2025-12-11T01:45:43.860159Z,96.00,0.0100,0.9900,yes
3050557f-0c02-735d-4377-5817592077b0,KXMICHCOACH-26-EDRI,2025-12-11T01:45:43.860159Z,14.00,0.0100,0.9900,yes
0cdc9cd9-4afa-75ee-5e20-c15257c11225,KXMICHCOACH-26-EDRI,2025-12-11T01:45:43.860159Z,49.00,0.0100,0.9900,yes
0b70dc88-4c69-7a1d-50ce-223f7ee84909,KXMICHCOACH-26-EDRI,2025-12-11T01:45:43.860159Z,154.00,0.0100,0.9900,yes
02c8f0ca-d4c9-780c-55ec-ce5163f5b0af,KXMICHCOACH-26-EDRI,2025-12-11T01:45:43.860159Z,3.00,0.0100,0.9900,yes
e7d99838-0e4a-6a2e-478b-0b27b10a903a,KXMICHCOACH-26-EDRI,2025-12-11T01:36:53.800818Z,43.00,0.0100,0.9900,yes
b50a1e5e-33f2-6aa8-48c0-c1f86ab1feb3,KXMICHCOACH-26-EDRI,2025-12-11T01:36:53.800818Z,22.00,0.0100,0.9900,yes
8e2f4d4b-6afa-6494-49b8-89b90d6311eb,KXMICHCOACH-26-EDRI,2025-12-11T01:36:53.800818Z,10.00,0.0100,0.9900,yes
67201a83-5539-6ae8-434d-cf78565394d6,KXMICHCOACH-26-EDRI,2025-12-11T01:36:53.800818Z,103.00,0.0100,0.9900,yes
663f4e15-3419-6108-6bdb-a4a0bf842a69,KXMICHCOACH-26-EDRI,2025-12-11T01:36:53.800818Z,5.00,0.0100,0.9900,yes
57a6c477-5171-6940-5fc1-57bcb5d50093,KXMICHCOACH-26-EDRI,2025-12-11T01:36:53.800818Z,28.00,0.0100,0.9900,yes
3f1ab280-6024-6d7f-63cc-1f12d80f487d,KXMICHCOACH-26-EDRI,2025-12-11T01:36:53.800818Z,92.00,0.0100,0.9900,yes
31a516ba-e1ba-667a-4b40-014dd2000043,KXMICHCOACH-26-EDRI,2025-12-11T01:36:53.800818Z,47.00,0.0100,0.9900,yes
2f1d4cb5-a84e-6fd8-58f1-1f51fc2d3e96,KXMICHCOACH-26-EDRI,2025-12-11T01:36:53.800818Z,103.00,0.0100,0.9900,yes
0aec5176-4c5a-6d51-612f-b5cf3eb741f6,KXMICHCOACH-26-EDRI,2025-12-11T01:36:53.800818Z,14.00,0.0100,0.9900,yes
e56c575a-1b68-442a-804b-7c840f4b87f9,KXMICHCOACH-26-EDRI,2025-12-11T00:53:27.861619Z,136.00,0.0100,0.9900,no
dc2f9572-6a64-77c2-3a99-e2ab650a847d,KXMICHCOACH-26-EDRI,2025-12-11T00:53:11.787027Z,119.00,0.0100,0.9900,no
63d403a4-5f68-6db6-b7c4-613c1481c3b9,KXMICHCOACH-26-EDRI,2025-12-11T00:53:02.478472Z,43.00,0.0100,0.9900,no
b2b276e5-015c-69a6-b308-21a5fa604825,KXMICHCOACH-26-EDRI,2025-12-11T00:52:26.198869Z,2.00,0.0100,0.9900,no
39b5e850-2c5f-61bb-8693-ad88520e7746,KXMICHCOACH-26-EDRI,2025-12-11T00:52:26.198869Z,32.00,0.0100,0.9900,no
07597332-5e1f-765b-ced5-27d2604e2f26,KXMICHCOACH-26-EDRI,2025-12-11T00:51:43.749143Z,50.00,0.0100,0.9900,no
93d7f192-99bb-4027-aab1-de91fa46bc52,KXMICHCOACH-26-EDRI,2025-12-11T00:51:20.190058Z,91.00,0.0100,0.9900,no
f5cd5597-c7bf-4a7f-5829-25c9c53ead32,KXMICHCOACH-26-EDRI,2025-12-11T00:51:04.937527Z,1.00,0.0100,0.9900,no
c2241b18-64cf-5c93-d2cb-2352d49828fa,KXMICHCOACH-26-EDRI,2025-12-11T00:50:37.576641Z,64.00,0.0100,0.9900,no
22c38e7b-fa7f-4667-b1ef-0197af3b0796,KXMICHCOACH-26-EDRI,2025-12-11T00:42:40.948694Z,10.00,0.0100,0.9900,no
78f78e8d-7e2b-6053-79bc-dbe9cf82db23,KXMICHCOACH-26-EDRI,2025-12-11T00:40:07.665063Z,17.00,0.0200,0.9800,no
230e35c2-af1b-604b-43ba-2042966fdf9e,KXMICHCOACH-26-EDRI,2025-12-11T00:40:07.665063Z,28.00,0.0100,0.9900,no
b9c26a2e-1cc8-5a86-73da-b019acf23ad7,KXMICHCOACH-26-EDRI,2025-12-11T00:39:00.835909Z,109.00,0.0300,0.9700,no
4e278576-1d7c-7426-7f6b-b8be773f7e3f,KXMICHCOACH-26-EDRI,2025-12-11T00:38:41.263257Z,88.00,0.0300,0.9700,no
de69c4be-2020-6a5e-81d6-50894de7841b,KXMICHCOACH-26-EDRI,2025-12-11T00:37:59.766285Z,1.00,0.0300,0.9700,no
45aa8abe-5860-591a-ae0c-84c8ef794b13,KXMICHCOACH-26-EDRI,2025-12-11T00:36:22.093487Z,11.00,0.0300,0.9700,no
a51f5025-e058-4f0e-6cbf-f429c52cb17b,KXMICHCOACH-26-EDRI,2025-12-11T00:36:16.640075Z,7.00,0.0300,0.9700,no
d849d202-1a40-7c92-a0fb-2f3947fae92b,KXMICHCOACH-26-EDRI,2025-12-11T00:28:22.892716Z,11.00,0.0300,0.9700,no
0e4acba5-d46a-78dd-0a25-0643421261d8,KXMICHCOACH-26-EDRI,2025-12-11T00:27:56.394268Z,100.00,0.0700,0.9300,yes
056a9725-c522-72f9-0c59-c5a91a3bd1f4,KXMICHCOACH-26-EDRI,2025-12-11T00:27:56.394268Z,29.00,0.0800,0.9200,yes
1d7ac326-92da-59fd-dc11-c0111cd9b890,KXMICHCOACH-26-EDRI,2025-12-11T00:12:32.04563Z,58.00,0.0800,0.9200,yes
e22f253f-3ec4-5fcb-1d32-b4fe1ccabf59,KXMICHCOACH-26-EDRI,2025-12-11T00:06:11.965448Z,156.00,0.0900,0.9100,yes
142b1fd0-6671-766d-600c-7aea97dedcea,KXMICHCOACH-26-EDRI,2025-12-11T00:04:26.69803Z,93.00,0.0500,0.9500,yes
6d907fef-81b0-7cb9-0fe2-ab0930adcdba,KXMICHCOACH-26-EDRI,2025-12-11T00:01:31.954572Z,7.00,0.0300,0.9700,yes
679daead-107b-7024-373f-f5cd12fbe054,KXMICHCOACH-26-EDRI,2025-12-11T00:01:31.954572Z,294.00,0.0400,0.9600,yes
59af1a17-f3b2-7a7f-1e8e-172645e7c5cc,KXMICHCOACH-26-EDRI,2025-12-11T00:01:31.954572Z,17.00,0.9900,0.0100,yes
e9f06e04-7528-7219-ddaf-cca6355b840a,KXMICHCOACH-26-EDRI,2025-12-11T00:00:47.058199Z,93.00,0.0300,0.9700,yes
10926cc7-5d0f-70ae-53cc-e4026aa7e8a0,KXMICHCOACH-26-EDRI,2025-12-10T23:47:24.417241Z,18.00,0.0500,0.9500,yes
eb479ddc-edde-7077-6dee-b6f875af2d66,KXMICHCOACH-26-EDRI,2025-12-10T23:46:45.909577Z,37.00,0.0500,0.9500,yes
1f6825d5-6585-7931-9191-732701493cf1,KXMICHCOACH-26-EDRI,2025-12-10T23:40:47.891988Z,3.00,0.0200,0.9800,no
b7c04ad8-6b69-77ad-f8f3-131ca815e951,KXMICHCOACH-26-EDRI,2025-12-10T23:40:46.310487Z,2.00,0.0200,0.9800,no
7cdd3261-e5da-44d7-abb8-9d19b69c6270,KXMICHCOACH-26-EDRI,2025-12-10T23:35:04.688668Z,2.00,0.0200,0.9800,no
c48c3ccb-480e-4647-3388-e486d8fcde28,KXMICHCOACH-26-EDRI,2025-12-10T23:31:21.395801Z,4.00,0.0200,0.9800,no
91877269-5297-4253-3002-4764a981ddc2,KXMICHCOACH-26-EDRI,2025-12-10T23:28:52.695036Z,25.00,0.0100,0.9900,no
8d25c4ff-7797-43c7-cf74-fec430b4ed8e,KXMICHCOACH-26-EDRI,2025-12-10T23:28:48.365956Z,117.00,0.0100,0.9900,no
8cbb2865-ae8f-711f-1902-ef150704a0ae,KXMICHCOACH-26-EDRI,2025-12-10T23:28:07.60147Z,114.00,0.0100,0.9900,no
46bf9e3c-1753-616b-34e4-367eb2e04e0e,KXMICHCOACH-26-EDRI,2025-12-10T23:22:04.141536Z,10.00,0.0100,0.9900,no
03db9628-dc24-6d37-1126-fd89ee2f421f,KXMICHCOACH-26-EDRI,2025-12-10T23:22:04.141536Z,5.00,0.0200,0.9800,no
3bfa5a05-7767-4b4b-a627-316752f97d92,KXMICHCOACH-26-EDRI,2025-12-10T22:45:52.452257Z,2.00,0.0100,0.9900,no
c338cd55-3737-667f-0a5d-135d66c092ce,KXMICHCOACH-26-EDRI,2025-12-10T22:40:18.924914Z,26.00,0.0100,0.9900,no
326315e3-55db-4bfe-c08e-eadfbe3a2c23,KXMICHCOACH-26-EDRI,2025-12-10T22:32:46.203501Z,50.00,0.0500,0.9500,yes
d13006bd-3ad9-6ba9-dae5-6ee9275ea534,KXMICHCOACH-26-EDRI,2025-12-10T22:31:13.862583Z,100.00,0.0500,0.9500,yes
