trade_id,ticker,created_time,count_fp,yes_price_dollars,no_price_dollars,taker_side
3be40e7d-eab1-450e-071d-72003c35ca5a,KXMICHCOACH-26-JBRO,2025-12-26T23:49:09.714235Z,93.00,0.0100,0.9900,yes
d198a170-0b8d-498a-85ca-dfca6b3be102,KXMICHCOACH-26-JBRO,2025-12-26T19:44:38.640554Z,935.00,0.0100,0.9900,yes
6e4dc90d-efa9-5e4e-670c-5a9245c0783a,KXMICHCOACH-26-JBRO,2025-12-26T19:29:45.503238Z,51.00,0.0100,0.9900,yes
33379ec8-bd69-47fa-96cd-8dab0413764e,KXMICHCOACH-26-JBRO,2025-12-26T17:53:19.4855Z,13.00,0.0100,0.9900,yes
b1c9171a-f671-5793-2e3b-4f6a961bbcca,KXMICHCOACH-26-JBRO,2025-12-26T17:46:29.224308Z,107.00,0.0100,0.9900,yes
a6fe88d3-de79-58be-1949-ac05f768cbe2,KXMICHCOACH-26-JBRO,2025-12-26T17:46:29.224308Z,360.00,0.0100,0.9900,yes
1b31465b-78ed-6bab-9cc0-64723e7c82ae,KXMICHCOACH-26-JBRO,2025-12-26T17:19:25.151419Z,93.00,0.0100,0.9900,yes
deecb48d-f267-773e-c3ea-67625d7bd171,KXMICHCOACH-26-JBRO,2025-12-26T16:24:39.258817Z,50.00,0.0200,0.9800,yes
7cb7d537-bb1a-6209-619d-33d9979c50ce,KXMICHCOACH-26-JBRO,2025-12-26T15:48:38.716902Z,13.00,0.0100,0.9900,no
3b3c9b27-5f43-6e24-7910-c9898069aa8a,KXMICHCOACH-26-JBRO,2025-12-26T15:48:38.716902Z,15.00,0.0100,0.9900,no
05647eff-218f-6daa-6aab-0db6c5f88fd5,KXMICHCOACH-26-JBRO,2025-12-26T15:48:38.716902Z,35.00,0.0100,0.9900,no
2d731fc5-48b2-47d5-c4bd-e4042d16ab15,KXMICHCOACH-26-JBRO,2025-12-26T15:31:48.816129Z,59.00,0.0100,0.9900,no
3e4187c9-faaf-746e-d085-397738339002,KXMICHCOACH-26-JBRO,2025-12-26T15:22:10.678774Z,29.00,0.0300,0.9700,yes
3837380e-1468-758e-c506-7024599f5585,KXMICHCOACH-26-JBRO,2025-12-26T15:22:10.678774Z,189.00,0.0200,0.9800,yes
c529db24-8d22-4951-6892-b6e96401b3f5,KXMICHCOACH-26-JBRO,2025-12-26T15:17:28.594822Z,1843.00,0.0100,0.9900,no
8496fe6e-22c5-6558-f68e-b9f0c1f6682c,KXMICHCOACH-26-JBRO,2025-12-26T15:17:13.305648Z,11.00,0.0200,0.9800,no
d77efe17-02eb-5b02-7787-555dec55efda,KXMICHCOACH-26-JBRO,2025-12-26T15:16:32.075707Z,11.00,0.0300,0.9700,yes
21bd295e-ba73-5ad9-796d-b56d2bb627dd,KXMICHCOACH-26-JBRO,2025-12-26T15:16:32.075707Z,100.00,0.0200,0.9800,yes
28b5abde-39aa-6399-b37a-654b002f1605,KXMICHCOACH-26-JBRO,2025-12-26T15:15:36.55782Z,91.00,0.0100,0.9900,no
2fe0759a-188a-76b9-67c5-91f452343dd9,KXMICHCOACH-26-JBRO,2025-12-26T14:55:32.207055Z,58.00,0.0100,0.9900,no
a2da0417-1f0a-4309-ded9-8ef17b3c0265,KXMICHCOACH-26-JBRO,2025-12-26T14:42:13.783185Z,746.00,0.0100,0.9900,no
c214bc88-49a7-44fe-6b7c-5a54c4a9578e,KXMICHCOACH-26-JBRO,2025-12-26T14:37:39.849634Z,31.00,0.0300,0.9700,yes
c1b9342b-2b32-47f9-2268-d44555af4dc1,KXMICHCOACH-26-JBRO,2025-12-26T14:36:58.504054Z,50.00,0.0100,0.9900,no
a7bacd45-b5ca-545d-ad49-b604ff230795,KXMICHCOACH-26-JBRO,2025-12-26T14:24:52.960015Z,78.00,0.0100,0.9900,no
e486650a-4886-7bf9-c59c-4e36c5ab0355,KXMICHCOACH-26-JBRO,2025-12-26T14:19:22.902604Z,36.00,0.0100,0.9900,no
3463009f-c810-625a-7f70-b8a5534cf40b,KXMICHCOACH-26-JBRO,2025-12-26T14:19:01.117908Z,39.00,0.0200,0.9800,no
6a51ad38-2da2-4345-75af-b741b8f67905,KXMICHCOACH-26-JBRO,2025-12-26T14:12:05.857858Z,1420.00,0.0100,0.9900,no
ebaf2861-a28a-4911-d7ee-8cc023e8e769,KXMICHCOACH-26-JBRO,2025-12-26T14:11:47.63736Z,1047.00,0.0100,0.9900,no
1e4ed206-68fa-42b7-d82c-b9c6fb40352d,KXMICHCOACH-26-JBRO,2025-12-26T14:11:47.63736Z,77.00,0.0200,0.9800,no
b74f85b4-a9fa-6209-e637-eee9b0dfa161,KXMICHCOACH-26-JBRO,2025-12-26T14:05:24.024687Z,36.00,0.0100,0.9900,no
308e7afd-cd8d-6e9a-5207-1e8e7aba79e0,KXMICHCOACH-26-JBRO,2025-12-26T14:03:47.563966Z,69.00,0.0200,0.9800,yes
0ea465ff-7659-6fdd-62e2-8694df5e16e3,KXMICHCOACH-26-JBRO,2025-12-26T14:03:47.563966Z,200.00,0.0200,0.9800,yes
dad4b9d5-159e-7539-de2b-7ad17a906fb5,KXMICHCOACH-26-JBRO,2025-12-26T14:01:42.6112Z,56.00,0.0100,0.9900,no
2be89eba-a6da-7f69-8ae1-e4c3623a0bbd,KXMICHCOACH-26-JBRO,2025-12-26T13:50:57.348696Z,33.00,0.0100,0.9900,no
08433afe-7b6a-7e69-35aa-5910e4a614d1,KXMICHCOACH-26-JBRO,2025-12-26T13:50:51.409239Z,380.00,0.0100,0.9900,no
d60a1289-f4be-70c1-fc31-d0ff068487c5,KXMICHCOACH-26-JBRO,2025-12-26T13:46:53.34585Z,725.00,0.0100,0.9900,no
c40e95b6-d782-7669-d94b-c54e6d0c8d29,KXMICHCOACH-26-JBRO,2025-12-26T13:43:30.675803Z,935.00,0.0100,0.9900,no
7c23ef21-9f63-442a-c0dc-7bb995738d66,KXMICHCOACH-26-JBRO,2025-12-26T13:40:35.761057Z,156.00,0.0300,0.9700,yes
8a82caf1-bac6-4911-45ef-a6628ca964ed,KXMICHCOACH-26-JBRO,2025-12-26T13:34:14.300428Z,340.00,0.0100,0.9900,no
8d53da53-485c-70d4-59db-7c521faba537,KXMICHCOACH-26-JBRO,2025-12-26T13:33:21.395793Z,10.00,0.0200,0.9800,no
fc97f0af-b8db-69c8-9c9f-41c12f1856c1,KXMICHCOACH-26-JBRO,2025-12-26T13:25:19.577586Z,46.00,0.0400,0.9600,yes
64948405-a366-4d41-ba51-00f207b88275,KXMICHCOACH-26-JBRO,2025-12-26T13:23:21.918522Z,50.00,0.0100,0.9900,no
3a6dcb4d-9d6f-67c8-5099-18a3e7b593ed,KXMICHCOACH-26-JBRO,2025-12-26T13:22:59.319733Z,23.00,0.0400,0.9600,yes
c08e8842-3b9a-4635-9311-4978bbbe1fcd,KXMICHCOACH-26-JBRO,2025-12-26T13:17:16.012114Z,40.00,0.0100,0.9900,no
b0faaa22-93aa-4275-fe64-2a21e9988e19,KXMICHCOACH-26-JBRO,2025-12-26T13:17:07.564151Z,158.00,0.0100,0.9900,no
ff46cc01-3717-7c47-11c8-3c0bdaa0f0fc,KXMICHCOACH-26-JBRO,2025-12-26T13:14:44.460199Z,35.00,0.0200,0.9800,no
fd6432b5-3008-7a53-12e3-6350a08655ad,KXMICHCOACH-26-JBRO,2025-12-26T13:14:44.460199Z,4.00,0.0200,0.9800,no
88f52149-f256-7117-3073-66642e951b16,KXMICHCOACH-26-JBRO,2025-12-26T13:14:44.460199Z,9.00,0.0200,0.9800,no
42189be7-bbf2-7b79-0973-0b7248695429,KXMICHCOACH-26-JBRO,2025-12-26T13:14:44.460199Z,39.00,0.0100,0.9900,no
328afcb5-fb5f-7dbb-11aa-95f91ba934e7,KXMICHCOACH-26-JBRO,2025-12-26T13:14:44.460199Z,16.00,0.0200,0.9800,no
23ff83c1-bc10-7cea-17c7-f502e8f5e887,KXMICHCOACH-26-JBRO,2025-12-26T13:14:44.460199Z,17.00,0.0200,0.9800,no
5180177b-7e56-5cf2-3142-b7ebaff423f8,KXMICHCOACH-26-JBRO,2025-12-26T13:07:53.730436Z,101.00,0.0200,0.9800,no
1aad4e06-d57c-5ad4-27cc-fca7442debeb,KXMICHCOACH-26-JBRO,2025-12-26T13:07:53.730436Z,16.00,0.0300,0.9700,no
e131baf1-9638-54c9-52d3-5a21200a5dca,KXMICHCOACH-26-JBRO,2025-12-26T13:03:20.462569Z,76.00,0.0300,0.9700,no
639d4bae-7e1e-5926-68e0-5a4ba7949e54,KXMICHCOACH-26-JBRO,2025-12-26T13:03:20.462569Z,1039.00,0.0200,0.9800,no
f1e81d54-a42a-633a-4eeb-c69a00cc7466,KXMICHCOACH-26-JBRO,2025-12-26T13:02:19.745418Z,17.00,0.0300,0.9700,no
35464dd4-ae92-6e82-421a-755d1e9b4764,KXMICHCOACH-26-JBRO,2025-12-26T13:02:19.745418Z,1226.00,0.0200,0.9800,no
ff34f57b-7154-6747-e9cb-1d1900e6f3e8,KXMICHCOACH-26-JBRO,2025-12-26T12:58:24.082151Z,56.00,0.0300,0.9700,no
e046d9ed-2e33-6948-fc9d-9a40fefc48ef,KXMICHCOACH-26-JBRO,2025-12-26T12:58:24.082151Z,66.00,0.0200,0.9800,no
cd8ea1e1-ef2e-6bb3-d7ac-6ff1cecb21e7,KXMICHCOACH-26-JBRO,2025-12-26T12:58:24.082151Z,22.00,0.0300,0.9700,no
aecd9968-c688-66be-dfa8-dd24a2769f89,KXMICHCOACH-26-JBRO,2025-12-26T12:58:24.082151Z,25.00,0.0200,0.9800,no
95f7c525-01fc-6f97-d62c-8f2a45bfb4a3,KXMICHCOACH-26-JBRO,2025-12-26T12:58:24.082151Z,32.00,0.0300,0.9700,no
848c843c-b01c-6e0e-cae0-5ea3437f0a24,KXMICHCOACH-26-JBRO,2025-12-26T12:58:24.082151Z,5000.00,0.0300,0.9700,no
7b86e00f-4fc6-66d8-d401-7c8be4641f30,KXMICHCOACH-26-JBRO,2025-12-26T12:58:24.082151Z,23.00,0.0300,0.9700,no
7956d3b6-3b01-6996-d798-941beed3190e,KXMICHCOACH-26-JBRO,2025-12-26T12:58:24.082151Z,10000.00,0.0300,0.9700,no
5db13417-d1b5-6431-c3e2-4b2b29e73ace,KXMICHCOACH-26-JBRO,2025-12-26T12:58:24.082151Z,7500.00,0.0200,0.9800,no
5baf14c6-0c0a-6ffe-e5da-d8498b513c00,KXMICHCOACH-26-JBRO,2025-12-26T12:58:24.082151Z,2622.00,0.0200,0.9800,no
497a2cd2-6c07-6e56-eb5c-f85fa0fa8637,KXMICHCOACH-26-JBRO,2025-12-26T12:58:24.082151Z,6.00,0.0300,0.9700,no
17d2cf3c-fc45-6502-e55b-c3609217420b,KXMICHCOACH-26-JBRO,2025-12-26T12:58:24.082151Z,1.00,0.0200,0.9800,no
1592e3d8-15b6-69d7-f548-e51ee814d4d7,KXMICHCOACH-26-JBRO,2025-12-26T12:58:24.082151Z,4.00,0.0300,0.9700,no
10dddbf3-6a75-615e-fbbd-5944baae4828,KXMICHCOACH-26-JBRO,2025-12-26T12:58:24.082151Z,35.00,0.0300,0.9700,no
0b28d47e-20d2-62f9-d6ab-759b4e94c66a,KXMICHCOACH-26-JBRO,2025-12-26T12:58:24.082151Z,14.00,0.0300,0.9700,no
41b4ad0b-59e0-5c13-3cb8-eeccda9792b0,KXMICHCOACH-26-JBRO,2025-12-26T12:56:04.643381Z,6.00,0.0300,0.9700,no
3de40724-ff01-5f63-39d3-63cc37fc3149,KXMICHCOACH-26-JBRO,2025-12-26T12:56:04.643381Z,99.00,0.0300,0.9700,no
33e3fce8-0431-5523-fd34-c25451732921,KXMICHCOACH-26-JBRO,2025-12-26T12:55:06.694734Z,13.00,0.0300,0.9700,no
91418368-1c69-70bf-7902-7231e858d341,KXMICHCOACH-26-JBRO,2025-12-26T12:55:05.457057Z,2.00,0.0300,0.9700,no
e4da41cc-6411-687b-656d-3eb57f6d9091,KXMICHCOACH-26-JBRO,2025-12-26T12:54:36.462376Z,86.00,0.0300,0.9700,no
df14e09b-0f50-4c91-c8bc-3bbc57b96677,KXMICHCOACH-26-JBRO,2025-12-26T11:48:46.990799Z,1.00,0.0400,0.9600,no
1bf5e0fd-f3a5-7685-bf9a-986402832230,KXMICHCOACH-26-JBRO,2025-12-26T10:13:40.353046Z,156.00,0.0600,0.9400,yes
a0199c8d-6281-68d7-4c3c-36a646aa7ce5,KXMICHCOACH-26-JBRO,2025-12-26T09:51:00.618571Z,227.00,0.0300,0.9700,no
98927055-7235-4441-6202-9ad956cca714,KXMICHCOACH-26-JBRO,2025-12-26T09:42:03.219771Z,16.00,0.0600,0.9400,yes
8c509ebb-58fd-7ba9-7edb-ccb765e8c800,KXMICHCOACH-26-JBRO,2025-12-26T06:47:27.564019Z,78.00,0.0600,0.9400,yes
357556a7-2065-6e55-bc3a-7fcd40adc0a4,KXMICHCOACH-26-JBRO,2025-12-26T06:46:44.956691Z,156.00,0.0600,0.9400,yes
8d23e6d2-f651-4881-c03e-13b527efb924,KXMICHCOACH-26-JBRO,2025-12-26T06:13:20.708436Z,143.00,0.0600,0.9400,yes
d0f45e13-771e-76c6-5023-aeef385b570b,KXMICHCOACH-26-JBRO,2025-12-26T06:13:02.709692Z,300.00,0.0300,0.9700,no
99390e76-ba7a-7aa7-61da-7c55472ee8eb,KXMICHCOACH-26-JBRO,2025-12-26T06:13:02.709692Z,233.00,0.0300,0.9700,no
7f7c74be-4269-746b-5732-07382057eaa5,KXMICHCOACH-26-JBRO,2025-12-26T06:13:02.709692Z,273.00,0.0300,0.9700,no
29daba1f-5754-7f61-4f94-c17b1096624d,KXMICHCOACH-26-JBRO,2025-12-26T06:13:02.709692Z,181.00,0.0300,0.9700,no
e712acaa-e193-5676-44e4-7cf45a49d2d5,KXMICHCOACH-26-JBRO,2025-12-26T06:12:43.740617Z,40.00,0.0400,0.9600,no
cff23ad0-faa4-52f9-4303-21d057c00b8c,KXMICHCOACH-26-JBRO,2025-12-26T06:12:43.740617Z,13.00,0.0400,0.9600,no
cc57b39d-6331-5406-60f3-da6ac5a123f7,KXMICHCOACH-26-JBRO,2025-12-26T06:12:43.740617Z,26.00,0.0400,0.9600,no
bb44f419-9bdf-5137-50b9-deb4645ad50f,KXMICHCOACH-26-JBRO,2025-12-26T06:12:43.740617Z,29.00,0.0400,0.9600,no
a75615c8-c743-59f8-556e-ff110d491dfb,KXMICHCOACH-26-JBRO,2025-12-26T06:12:43.740617Z,13.00,0.0400,0.9600,no
a473beee-63d8-5819-6d19-9084db16dab0,KXMICHCOACH-26-JBRO,2025-12-26T06:12:43.740617Z,3395.00,0.0400,0.9600,no
983f07ac-f160-5ded-5a5b-8a28531792ee,KXMICHCOACH-26-JBRO,2025-12-26T06:12:43.740617Z,6.00,0.0400,0.9600,no
8546365e-d3f3-5415-77d4-5dec623e17a4,KXMICHCOACH-26-JBRO,2025-12-26T06:12:43.740617Z,8.00,0.0400,0.9600,no
6605f870-9b5b-5ffb-7b5c-c5095f0646bf,KXMICHCOACH-26-JBRO,2025-12-26T06:12:43.740617Z,105.00,0.0400,0.9600,no
435b84b2-15d7-5101-5a88-ca3fd7661bc4,KXMICHCOACH-26-JBRO,2025-12-26T06:12:43.740617Z,79.00,0.0400,0.9600,no
3e47160a-6c7f-52c8-6ff7-9ad66a858a4c,KXMICHCOACH-26-JBRO,2025-12-26T06:12:43.740617Z,4.00,0.0400,0.9600,no
28d0ed85-3721-5660-604b-f560fd334e4d,KXMICHCOACH-26-JBRO,2025-12-26T06:12:43.740617Z,10.00,0.0400,0.9600,no
c7fbc617-d090-6e29-a705-172465c33594,KXMICHCOACH-26-JBRO,2025-12-26T05:59:31.067888Z,62.00,0.0400,0.9600,no
0b98441c-7659-5d35-865e-d85afe458800,KXMICHCOACH-26-JBRO,2025-12-26T05:31:59.029142Z,93.00,0.0600,0.9400,yes
e54f198e-b1ed-75b5-83fb-7cacacef4928,KXMICHCOACH-26-JBRO,2025-12-26T05:31:15.315635Z,31.00,0.0600,0.9400,yes
f751f232-293f-7bfa-ce41-f0aa22178545,KXMICHCOACH-26-JBRO,2025-12-26T05:21:55.224548Z,39.00,0.0400,0.9600,no
c8c47f8c-29a6-7d14-c86e-c12086b11ee8,KXMICHCOACH-26-JBRO,2025-12-26T05:21:55.224548Z,5.00,0.0500,0.9500,no
8ec639fc-f194-7125-cbc1-9f95bde7b650,KXMICHCOACH-26-JBRO,2025-12-26T05:21:55.224548Z,543.00,0.0400,0.9600,no
0e16c5af-defe-5ac0-2582-cf4eadadafdc,KXMICHCOACH-26-JBRO,2025-12-26T05:18:00.189775Z,106.00,0.0500,0.9500,no
db3919b4-3779-5c99-1176-cb4abd7713bc,KXMICHCOACH-26-JBRO,2025-12-26T05:09:45.718305Z,97.00,0.0600,0.9400,yes
a0bf2ba1-9b9e-6a4c-de09-c1e933de8c8c,KXMICHCOACH-26-JBRO,2025-12-26T05:07:42.854905Z,18.00,0.0500,0.9500,no
52f4df4e-954e-4a18-ede4-74a062a715d4,KXMICHCOACH-26-JBRO,2025-12-26T05:06:32.436606Z,1784.00,0.0500,0.9500,no
af1a6602-187a-585c-173c-c004742836c0,KXMICHCOACH-26-JBRO,2025-12-26T05:00:38.495358Z,78.00,0.0500,0.9500,no
2a67dec5-313a-4a2c-1626-5233edc8dbfc,KXMICHCOACH-26-JBRO,2025-12-26T04:58:29.924668Z,685.00,0.0500,0.9500,no
907beb21-0d0d-7f29-1621-16e48061fc7c,KXMICHCOACH-26-JBRO,2025-12-26T04:40:45.918859Z,156.00,0.0600,0.9400,yes
f9424b5a-6b88-470d-9e21-269b5cfb2532,KXMICHCOACH-26-JBRO,2025-12-26T04:29:32.243901Z,2.00,0.0500,0.9500,no
f10f4744-9796-47b8-af5a-a1409b0f628b,KXMICHCOACH-26-JBRO,2025-12-26T04:29:32.243901Z,2.00,0.0500,0.9500,no
eb484dfd-3a1d-421e-a2e4-b55d8e663904,KXMICHCOACH-26-JBRO,2025-12-26T04:29:32.243901Z,8.00,0.0500,0.9500,no
d410dc2d-108f-4951-835b-6cdf47645c9a,KXMICHCOACH-26-JBRO,2025-12-26T04:29:32.243901Z,5.00,0.0500,0.9500,no
c3ca202a-715f-4bfd-8e51-46c2e4b00be5,KXMICHCOACH-26-JBRO,2025-12-26T04:29:32.243901Z,2.00,0.0500,0.9500,no
c27ec7de-171e-45c8-851f-62b598d91520,KXMICHCOACH-26-JBRO,2025-12-26T04:29:32.243901Z,324.00,0.0500,0.9500,no
bd08c0eb-79b6-4350-a902-255400169c1a,KXMICHCOACH-26-JBRO,2025-12-26T04:29:32.243901Z,1.00,0.0500,0.9500,no
b23a5818-c077-4de2-8d16-dcd2161ec16b,KXMICHCOACH-26-JBRO,2025-12-26T04:29:32.243901Z,1.00,0.0500,0.9500,no
940d0d90-95eb-4d1f-a321-f1349d74b049,KXMICHCOACH-26-JBRO,2025-12-26T04:29:32.243901Z,3.00,0.0500,0.9500,no
87818f36-6b38-4caf-a1ff-9691900fbe95,KXMICHCOACH-26-JBRO,2025-12-26T04:29:32.243901Z,13.00,0.0500,0.9500,no
746919ed-ed67-4935-b10f-d4a00a030618,KXMICHCOACH-26-JBRO,2025-12-26T04:29:32.243901Z,6.00,0.0500,0.9500,no
6e236881-2a79-4343-8adf-4e137d7c16b9,KXMICHCOACH-26-JBRO,2025-12-26T04:29:32.243901Z,7.00,0.0500,0.9500,no
62c1f690-158e-45b2-b96a-c83a1faebd12,KXMICHCOACH-26-JBRO,2025-12-26T04:29:32.243901Z,500.00,0.0500,0.9500,no
61622a49-7489-4dc5-a6a7-8e11d96cf051,KXMICHCOACH-26-JBRO,2025-12-26T04:29:32.243901Z,900.00,0.0500,0.9500,no
5b9a535a-c721-4ba5-b383-1f5e8f3ae4f2,KXMICHCOACH-26-JBRO,2025-12-26T04:29:32.243901Z,11.00,0.0500,0.9500,no
4a64e4d6-0629-44ca-a914-c86b240c47f0,KXMICHCOACH-26-JBRO,2025-12-26T04:29:32.243901Z,6.00,0.0500,0.9500,no
2fd2ff2b-9e54-4a10-ac25-ee1c46b997f5,KXMICHCOACH-26-JBRO,2025-12-26T04:29:32.243901Z,4.00,0.0500,0.9500,no
e7e9f7a1-4e7d-6f79-f672-d01f5c6b1cd4,KXMICHCOACH-26-JBRO,2025-12-26T04:09:19.703968Z,71.00,0.0600,0.9400,yes
2e852bda-7185-44ad-1911-b1ffc33024dc,KXMICHCOACH-26-JBRO,2025-12-26T04:09:19.441307Z,78.00,0.0600,0.9400,yes
5bb2ff95-d36d-418d-fe8a-33138f0fffd4,KXMICHCOACH-26-JBRO,2025-12-26T03:53:10.098033Z,312.00,0.0600,0.9400,yes
0ef98b27-e415-4529-724e-bf1fdfb316cc,KXMICHCOACH-26-JBRO,2025-12-26T03:37:44.717346Z,312.00,0.0600,0.9400,yes
34f6f908-5205-6289-eed4-e2e629ac8961,KXMICHCOACH-26-JBRO,2025-12-26T03:36:18.549742Z,100.00,0.0500,0.9500,no
842c78d8-45e9-7165-4d93-4a5d83bdba78,KXMICHCOACH-26-JBRO,2025-12-26T02:36:43.300798Z,31.00,0.0600,0.9400,yes
1aa31065-c8c3-4882-393b-d34636d69105,KXMICHCOACH-26-JBRO,2025-12-26T02:19:05.588823Z,326.00,0.0700,0.9300,yes
f6e93a46-30eb-7fa6-6983-679a63601105,KXMICHCOACH-26-JBRO,2025-12-26T02:10:34.777809Z,111.00,0.0700,0.9300,yes
ca2aab78-a4a9-4f81-344b-985cdfa8d559,KXMICHCOACH-26-JBRO,2025-12-26T02:02:34.862392Z,1393.00,0.0600,0.9400,no
a90fbd2f-7dd3-4f8b-2ab6-750f2ea970f3,KXMICHCOACH-26-JBRO,2025-12-26T02:02:34.862392Z,2500.00,0.0600,0.9400,no
4d61e0ac-70a9-7049-837b-275872d78c5d,KXMICHCOACH-26-JBRO,2025-12-26T01:51:18.979332Z,100.00,0.0600,0.9400,no
8ffc9fa7-eb85-53c5-3404-f3f7aaa11c81,KXMICHCOACH-26-JBRO,2025-12-26T01:47:46.845314Z,1392.00,0.0600,0.9400,no
d150bb44-2c81-5cfd-147e-cfa835427e5d,KXMICHCOACH-26-JBRO,2025-12-26T01:20:46.100889Z,52.00,0.0600,0.9400,no
f078fea1-9333-7b76-0ce2-06e043164c80,KXMICHCOACH-26-JBRO,2025-12-26T00:44:39.780633Z,1.00,0.0600,0.9400,no
efbe19d4-7d69-74cd-3b43-c62e7aaffe59,KXMICHCOACH-26-JBRO,2025-12-26T00:44:39.780633Z,2063.00,0.0600,0.9400,no
98db3d8b-1656-7a6f-28be-abe632b3c1f2,KXMICHCOACH-26-JBRO,2025-12-26T00:44:39.780633Z,7.00,0.0600,0.9400,no
80763aeb-24ee-7094-3b38-06868cd56356,KXMICHCOACH-26-JBRO,2025-12-26T00:44:39.780633Z,1.00,0.0600,0.9400,no
222141a8-808e-7c85-02a9-3382ad819168,KXMICHCOACH-26-JBRO,2025-12-26T00:44:39.780633Z,1004.00,0.0600,0.9400,no
1945c83f-42a3-761b-10bd-5fd512131cdd,KXMICHCOACH-26-JBRO,2025-12-26T00:44:39.780633Z,4.00,0.0600,0.9400,no
23a2adfa-fff2-4b3d-2220-ff4b7875acf8,KXMICHCOACH-26-JBRO,2025-12-26T00:39:33.966339Z,250.00,0.0600,0.9400,no
69d58536-7487-71f2-61ae-7679e3b15b19,KXMICHCOACH-26-JBRO,2025-12-25T23:48:33.721399Z,1341.00,0.0700,0.9300,yes
b61145ae-85d2-6835-5717-e7cf76a487d3,KXMICHCOACH-26-JBRO,2025-12-25T22:52:55.030464Z,117.00,0.0800,0.9200,yes
d36e5f0e-9dc6-4239-9827-9fa09cc36270,KXMICHCOACH-26-JBRO,2025-12-25T22:11:30.585812Z,4.00,0.0600,0.9400,no
59ef09e4-077c-4e89-76a1-15e00196e8c5,KXMICHCOACH-26-JBRO,2025-12-25T22:11:12.603932Z,1.00,0.0700,0.9300,no
ca264f9d-b8ba-6c85-042a-00f37222305a,KXMICHCOACH-26-JBRO,2025-12-25T21:52:02.212659Z,5.00,0.0700,0.9300,no
ec890144-9fea-7789-99c4-5fd0dbd0fed4,KXMICHCOACH-26-JBRO,2025-12-25T21:46:28.467474Z,1242.00,0.0600,0.9400,no
c88896f4-ae22-7f2d-a547-0050d9e91a2d,KXMICHCOACH-26-JBRO,2025-12-25T21:46:28.467474Z,5.00,0.0600,0.9400,no
97ccc415-fd26-7f43-aff0-a658fa6ccf12,KXMICHCOACH-26-JBRO,2025-12-25T21:46:28.467474Z,1050.00,0.0600,0.9400,no
88e58ef9-1144-79f5-8a1c-86d3f1496b33,KXMICHCOACH-26-JBRO,2025-12-25T21:46:28.467474Z,18.00,0.0600,0.9400,no
6feb4a53-c8d6-72ef-a1ba-1fb6580e5053,KXMICHCOACH-26-JBRO,2025-12-25T21:46:28.467474Z,7.00,0.0600,0.9400,no
3959e1fc-592e-7a48-93e1-df35898cce42,KXMICHCOACH-26-JBRO,2025-12-25T21:46:28.467474Z,43.00,0.0600,0.9400,no
1f37b50b-db68-7298-bbfc-6ddad75a9ef6,KXMICHCOACH-26-JBRO,2025-12-25T21:46:28.467474Z,2.00,0.0600,0.9400,no
a7f65592-380a-512b-3a35-53bff8aa7f5e,KXMICHCOACH-26-JBRO,2025-12-25T21:44:43.027829Z,66.00,0.0600,0.9400,no
3bf52295-9a4e-7d83-2f4d-2f4c97acd9a2,KXMICHCOACH-26-JBRO,2025-12-25T21:38:45.254096Z,1000.00,0.0600,0.9400,no
fe0f846a-a660-592d-0985-0df5ea49be3d,KXMICHCOACH-26-JBRO,2025-12-25T21:35:09.219854Z,4.00,0.0700,0.9300,no
c411f314-9fc5-5271-2dda-2a1c67f9215f,KXMICHCOACH-26-JBRO,2025-12-25T21:35:09.219854Z,578.00,0.0700,0.9300,no
b28be98e-6183-5d86-345d-9a169b5059ff,KXMICHCOACH-26-JBRO,2025-12-25T21:35:09.219854Z,1.00,0.0700,0.9300,no
84db1fe7-fe1e-5530-3a6d-b81f0d273d69,KXMICHCOACH-26-JBRO,2025-12-25T21:35:09.219854Z,500.00,0.0700,0.9300,no
084def06-26d2-54fb-229c-1f28aec0647a,KXMICHCOACH-26-JBRO,2025-12-25T21:35:09.219854Z,54.00,0.0600,0.9400,no
21105121-9f69-42c9-c59b-25faada1e92f,KXMICHCOACH-26-JBRO,2025-12-25T21:28:04.656877Z,28.00,0.0700,0.9300,no
9000d63c-e02d-577d-5f03-72e5652b476f,KXMICHCOACH-26-JBRO,2025-12-25T21:17:14.1738Z,69.00,0.0700,0.9300,no
863db3ff-4591-55e1-fc04-f4bba4cd779b,KXMICHCOACH-26-JBRO,2025-12-25T20:59:45.744949Z,230.00,0.0700,0.9300,no
2a520b0b-02a7-582d-ff3b-68b521d8a41c,KXMICHCOACH-26-JBRO,2025-12-25T20:59:45.744949Z,1.00,0.0800,0.9200,no
6ea0bf46-1ff7-44c8-524e-96ad7d19ebe0,KXMICHCOACH-26-JBRO,2025-12-25T20:31:58.917435Z,25.00,0.1000,0.9000,yes
df91bf26-abb8-40b0-6a5b-325a6ef82560,KXMICHCOACH-26-JBRO,2025-12-25T20:19:39.427393Z,2.00,0.0800,0.9200,no
f8464a7e-d30e-696c-0b4c-4b17f29a4ce8,KXMICHCOACH-26-JBRO,2025-12-25T20:19:24.766491Z,5.00,0.0800,0.9200,no
c05c9c42-b7e8-6b13-2463-28b6a22614ff,KXMICHCOACH-26-JBRO,2025-12-25T20:19:24.766491Z,263.00,0.0800,0.9200,no
ce31b6a1-b0b8-6a87-2ab6-500ffaecd26f,KXMICHCOACH-26-JBRO,2025-12-25T20:08:38.770176Z,29.00,0.0800,0.9200,no
84d2c1f5-8154-63bb-431b-4da58ebd377f,KXMICHCOACH-26-JBRO,2025-12-25T20:01:43.039151Z,8.00,0.0800,0.9200,no
668a8208-a7cb-6820-9f6f-922a9f8f0ddc,KXMICHCOACH-26-JBRO,2025-12-25T19:54:17.144981Z,56.00,0.1000,0.9000,yes
73bfa5da-42bc-7b0d-19cf-6cede6105390,KXMICHCOACH-26-JBRO,2025-12-25T19:44:12.269778Z,9.00,0.0800,0.9200,no
7366397f-12e0-7f89-1b1c-f9c0d74a9007,KXMICHCOACH-26-JBRO,2025-12-25T19:44:12.269778Z,24.00,0.0800,0.9200,no
3faf059a-b7f1-7f55-3d69-0ccc16cd6213,KXMICHCOACH-26-JBRO,2025-12-25T19:44:12.269778Z,95.00,0.0700,0.9300,no
e4cdf282-615f-50b1-7320-a7d7b3e05afa,KXMICHCOACH-26-JBRO,2025-12-25T19:35:47.205257Z,18.00,0.0800,0.9200,no
a338264b-6b5b-5044-6947-42ff9e764303,KXMICHCOACH-26-JBRO,2025-12-25T19:35:47.205257Z,724.00,0.0700,0.9300,no
55dc099c-6faa-58e3-7161-5f810e92cdd6,KXMICHCOACH-26-JBRO,2025-12-25T19:35:47.205257Z,52.00,0.0600,0.9400,no
d12c524a-1a97-58e4-1493-b1771c6fb1c8,KXMICHCOACH-26-JBRO,2025-12-25T19:35:16.864959Z,316.00,0.1000,0.9000,yes
d0bfede6-3198-79f1-2bfb-725a5a29d014,KXMICHCOACH-26-JBRO,2025-12-25T19:22:17.916144Z,47.00,0.0900,0.9100,no
b62ddcad-b027-67a8-0a2e-b6de956acc5c,KXMICHCOACH-26-JBRO,2025-12-25T19:17:00.828554Z,112.00,0.1000,0.9000,yes
cf14a808-ffef-7de8-f367-7b0e1fa0d05b,KXMICHCOACH-26-JBRO,2025-12-25T19:15:32.515814Z,276.00,0.0700,0.9300,no
0748c004-9d42-7e4e-c4fc-96850ea31279,KXMICHCOACH-26-JBRO,2025-12-25T19:15:07.33349Z,36.00,0.0800,0.9200,no
25241cb8-2663-5ffc-bda0-93e1d96cf604,KXMICHCOACH-26-JBRO,2025-12-25T18:00:34.458637Z,47.00,0.1000,0.9000,yes
e2744dc9-a10b-40b4-f4ef-2c41c1e6ccd0,KXMICHCOACH-26-JBRO,2025-12-25T17:55:46.795069Z,271.00,0.1000,0.9000,yes
c2d2734f-96c7-45bd-dac8-7582f4b58443,KXMICHCOACH-26-JBRO,2025-12-25T17:55:46.795069Z,1000.00,0.0900,0.9100,yes
6cdb4564-f1ab-4260-c8dd-2965ba4eb89d,KXMICHCOACH-26-JBRO,2025-12-25T17:55:46.795069Z,4.00,0.0900,0.9100,yes
43051278-6795-4bc0-f79b-8af822af737c,KXMICHCOACH-26-JBRO,2025-12-25T17:55:46.795069Z,694.00,0.0900,0.9100,yes
41dc53cd-5a04-4453-e57d-97d6ce5fed83,KXMICHCOACH-26-JBRO,2025-12-25T17:55:46.795069Z,72.00,0.0900,0.9100,yes
20e83beb-dc40-4f5d-cf27-96296b9bfa2e,KXMICHCOACH-26-JBRO,2025-12-25T17:55:46.795069Z,1000.00,0.0900,0.9100,yes
e947edbc-5509-4d70-82ee-7ba672594b4c,KXMICHCOACH-26-JBRO,2025-12-25T17:45:05.384295Z,45.00,0.0900,0.9100,yes
7c65aac2-b58d-4cf0-50d1-31b23859e52c,KXMICHCOACH-26-JBRO,2025-12-25T16:56:05.580922Z,52.00,0.0900,0.9100,yes
3b32fed2-dd32-6a57-01f2-69748d73282e,KXMICHCOACH-26-JBRO,2025-12-25T16:53:44.088626Z,197.00,0.0600,0.9400,no
d980e805-0f12-7aa7-0c69-c2b91225702e,KXMICHCOACH-26-JBRO,2025-12-25T16:50:09.393944Z,74.00,0.0600,0.9400,no
adc679ff-9922-78d4-0c67-8a240c574345,KXMICHCOACH-26-JBRO,2025-12-25T16:50:09.393944Z,1.00,0.0700,0.9300,no
108254a4-5db1-5ce0-ef78-75224801baac,KXMICHCOACH-26-JBRO,2025-12-25T16:26:37.017315Z,1.00,0.0900,0.9100,yes
d92416d7-e32c-614c-d97d-cd1ec386c1c0,KXMICHCOACH-26-JBRO,2025-12-25T16:04:05.253522Z,4.00,0.0700,0.9300,no
6cbc15af-ee72-65fa-e51e-eca851233e01,KXMICHCOACH-26-JBRO,2025-12-25T16:04:05.253522Z,200.00,0.0700,0.9300,no
256463b7-3aa1-6383-db7a-069f6891d68d,KXMICHCOACH-26-JBRO,2025-12-25T16:04:05.253522Z,1.00,0.0800,0.9200,no
1d0c825e-edf5-4df0-3992-bdcda5505cf8,KXMICHCOACH-26-JBRO,2025-12-25T15:47:50.909996Z,208.00,0.0900,0.9100,yes
a0a38cb3-f332-5040-9c3f-a8a8c47d1475,KXMICHCOACH-26-JBRO,2025-12-25T15:33:38.114898Z,3.00,0.0800,0.9200,no
18d69802-cd53-4427-103e-a4272db83a3c,KXMICHCOACH-26-JBRO,2025-12-25T15:33:26.27586Z,6.00,0.0800,0.9200,no
3475b006-a460-62aa-c790-be16b02520be,KXMICHCOACH-26-JBRO,2025-12-25T14:54:57.9634Z,15.00,0.0800,0.9200,no
4ead3f71-772c-6d9f-cceb-254819f8b220,KXMICHCOACH-26-JBRO,2025-12-25T14:52:53.828048Z,23.00,0.1100,0.8900,yes
9e6a8b1f-96a0-41ab-55bc-a88e451c1690,KXMICHCOACH-26-JBRO,2025-12-25T14:49:24.334663Z,25.00,0.1100,0.8900,yes
64115395-cf22-4843-9df0-73a39f19253a,KXMICHCOACH-26-JBRO,2025-12-25T14:30:10.305382Z,16.00,0.0600,0.9400,no
d57a4774-2f98-7fdf-e4c4-fe6b6755db2c,KXMICHCOACH-26-JBRO,2025-12-25T14:27:26.792836Z,630.00,0.1100,0.8900,yes
9904845c-c38a-7443-ebe0-f0d49e79d8b9,KXMICHCOACH-26-JBRO,2025-12-25T14:27:26.792836Z,370.00,0.1100,0.8900,yes
ff0cb372-3e8e-61d7-e01b-14188e5417dd,KXMICHCOACH-26-JBRO,2025-12-25T14:01:11.656772Z,64.00,0.1100,0.8900,yes
18bd1a8d-69be-54ff-4bc0-75bdac615ae1,KXMICHCOACH-26-JBRO,2025-12-25T13:57:32.314246Z,85.00,0.1100,0.8900,yes
fd51e140-f8b6-5e8f-f75b-62dc77cb1e35,KXMICHCOACH-26-JBRO,2025-12-25T13:35:17.464541Z,1.00,0.1100,0.8900,yes
cff8e17e-f4ba-4b35-eeb4-d9356f2f353d,KXMICHCOACH-26-JBRO,2025-12-25T11:40:13.536046Z,300.00,0.0700,0.9300,no
a68a04f8-92c2-49de-cbba-cd5ec58bb497,KXMICHCOACH-26-JBRO,2025-12-25T11:40:13.536046Z,2.00,0.0700,0.9300,no
151f4b02-cd93-44b4-ecf4-2917f521af9d,KXMICHCOACH-26-JBRO,2025-12-25T11:40:13.536046Z,50.00,0.0700,0.9300,no
e5565144-6661-7bab-265a-f91b9335c91c,KXMICHCOACH-26-JBRO,2025-12-25T11:39:55.215334Z,11.00,0.0800,0.9200,no
62b075e5-11e5-4e85-ba86-9e4d8e3824e5,KXMICHCOACH-26-JBRO,2025-12-25T07:44:38.314431Z,488.00,0.0900,0.9100,yes
0f776c00-cd52-4f77-a634-0cc482c4cb95,KXMICHCOACH-26-JBRO,2025-12-25T07:44:38.314431Z,28.00,0.1100,0.8900,yes
f6da8591-5a79-49ad-aa51-ae052f40c0c5,KXMICHCOACH-26-JBRO,2025-12-25T06:12:19.862617Z,20.00,0.0900,0.9100,yes
be464ae2-d18f-5b95-6535-2e294f2d56c5,KXMICHCOACH-26-JBRO,2025-12-25T06:03:16.116531Z,22.00,0.0900,0.9100,no
dce07583-03c7-5fa1-3f98-5482132e37b4,KXMICHCOACH-26-JBRO,2025-12-25T05:58:17.305186Z,23.00,0.0900,0.9100,no
5c004e74-6714-5211-3712-2f1846cea6ac,KXMICHCOACH-26-JBRO,2025-12-25T05:58:17.305186Z,28.00,0.0900,0.9100,no
807a3677-2407-4c40-6564-54c32c9037c8,KXMICHCOACH-26-JBRO,2025-12-25T05:50:35.413049Z,21.00,0.0800,0.9200,no
9e0af34a-9d45-7d73-bbe0-6c169753a3ef,KXMICHCOACH-26-JBRO,2025-12-25T05:48:04.236929Z,68.00,0.1000,0.9000,yes
902cdd21-ba43-7f7f-b1ce-1d534192a867,KXMICHCOACH-26-JBRO,2025-12-25T05:48:04.236929Z,200.00,0.1000,0.9000,yes
66966cbc-194d-71b5-91bd-d3f50c945545,KXMICHCOACH-26-JBRO,2025-12-25T05:48:04.236929Z,2575.00,0.1100,0.8900,yes
55dbaec7-a00b-726a-9cde-0e3ae2eebf07,KXMICHCOACH-26-JBRO,2025-12-25T05:48:04.236929Z,1000.00,0.1000,0.9000,yes
46ff978d-0e1a-7547-a2ea-055e5a2f3291,KXMICHCOACH-26-JBRO,2025-12-25T05:48:04.236929Z,361.00,0.1100,0.8900,yes
1ded6173-8d21-7128-a365-ce318ac63bbb,KXMICHCOACH-26-JBRO,2025-12-25T05:48:04.236929Z,442.00,0.1000,0.9000,yes
f53ae4c4-e4b5-501c-7637-69ae8e02cf43,KXMICHCOACH-26-JBRO,2025-12-25T05:33:01.607028Z,9.00,0.1000,0.9000,yes
f87bba54-ab41-6f78-22f8-6e8f789a2439,KXMICHCOACH-26-JBRO,2025-12-25T05:06:03.340891Z,12.00,0.0800,0.9200,no
51005227-f7b9-622e-27b6-94617d25ac61,KXMICHCOACH-26-JBRO,2025-12-25T05:06:03.340891Z,34.00,0.0800,0.9200,no
1dca761d-a621-5be0-dec9-80d3baec4b85,KXMICHCOACH-26-JBRO,2025-12-25T04:54:40.346267Z,8.00,0.0800,0.9200,no
af29ef1c-c298-6389-a8bc-b90723c96165,KXMICHCOACH-26-JBRO,2025-12-25T04:53:59.689304Z,16.00,0.1000,0.9000,yes
3779ed2c-0955-68f4-88ed-14c98f19449f,KXMICHCOACH-26-JBRO,2025-12-25T04:53:59.689304Z,49.00,0.1000,0.9000,yes
ff3e04a5-0b6a-5d77-53f4-83d1f4ebf9da,KXMICHCOACH-26-JBRO,2025-12-25T04:43:14.34157Z,569.00,0.1000,0.9000,yes
5e58dc03-71dd-5f1d-78f8-68d8fd39a281,KXMICHCOACH-26-JBRO,2025-12-25T04:43:14.34157Z,567.00,0.1100,0.8900,yes
17a87e06-5484-55fa-7dc6-afe995bc563a,KXMICHCOACH-26-JBRO,2025-12-25T04:43:14.34157Z,1012.00,0.1100,0.8900,yes
e53b4c12-b46f-4913-0be5-739a3ffab7d1,KXMICHCOACH-26-JBRO,2025-12-25T04:30:36.158943Z,1000.00,0.1000,0.9000,yes
cb2c3d45-1cdc-4a64-3732-cadd5fc7de03,KXMICHCOACH-26-JBRO,2025-12-25T04:30:36.158943Z,5.00,0.1000,0.9000,yes
b4ad9a2a-aa4d-4895-31c0-72eb70238a7b,KXMICHCOACH-26-JBRO,2025-12-25T04:30:36.158943Z,2565.00,0.1000,0.9000,yes
9dc73e22-e05d-4235-2d9a-3bd4466d1cf7,KXMICHCOACH-26-JBRO,2025-12-25T04:30:36.158943Z,150.00,0.1000,0.9000,yes
534d61c8-b102-45a9-3263-9ce5cfaecdd2,KXMICHCOACH-26-JBRO,2025-12-25T04:30:36.158943Z,170.00,0.0900,0.9100,yes
4c573088-4fa0-410a-09a5-bfa2f585477e,KXMICHCOACH-26-JBRO,2025-12-25T04:30:36.158943Z,670.00,0.1100,0.8900,yes
29edcbfd-6248-7800-eb00-23a89e06727e,KXMICHCOACH-26-JBRO,2025-12-25T04:28:28.798047Z,82.00,0.0700,0.9300,no
41a7765a-faa4-57b7-265f-dfcd736f3115,KXMICHCOACH-26-JBRO,2025-12-25T04:27:21.225177Z,174.00,0.0800,0.9200,no
403de16e-09b5-5598-159c-9fded0c7ccf7,KXMICHCOACH-26-JBRO,2025-12-25T04:27:21.225177Z,41.00,0.0800,0.9200,no
8381b065-fefc-49b3-5daa-31d0fc7c70e6,KXMICHCOACH-26-JBRO,2025-12-25T04:24:56.314451Z,4.00,0.0900,0.9100,yes
6e418ae6-1048-472c-7ac2-92313e1ca259,KXMICHCOACH-26-JBRO,2025-12-25T04:24:56.314451Z,165.00,0.0900,0.9100,yes
1a42560b-89b8-4918-7e5a-1313afcd9acc,KXMICHCOACH-26-JBRO,2025-12-25T04:24:56.314451Z,200.00,0.0900,0.9100,yes
115c6c6e-7cf7-46da-7468-b65a0538c7db,KXMICHCOACH-26-JBRO,2025-12-25T04:24:56.314451Z,2441.00,0.0900,0.9100,yes
0a7ab941-d639-4285-4b61-451cc390d2cb,KXMICHCOACH-26-JBRO,2025-12-25T04:24:56.314451Z,2079.00,0.1000,0.9000,yes
4fabe74a-a30b-479a-28d9-9cee18c36937,KXMICHCOACH-26-JBRO,2025-12-25T04:20:27.17789Z,300.00,0.0900,0.9100,yes
608bd402-2b57-72d2-0693-d3dfc8f1cea3,KXMICHCOACH-26-JBRO,2025-12-25T04:18:37.401862Z,5118.00,0.0900,0.9100,yes
1630832c-fbef-5cd6-6339-4852180c02db,KXMICHCOACH-26-JBRO,2025-12-25T04:16:55.866648Z,100.00,0.0900,0.9100,yes
c5db3046-9688-4607-265b-8f44dd9d64bf,KXMICHCOACH-26-JBRO,2025-12-25T04:12:49.013389Z,1195.00,0.0900,0.9100,yes
b50c9fe4-25ab-40ae-2bb5-22bd986e2e37,KXMICHCOACH-26-JBRO,2025-12-25T04:12:49.013389Z,1299.00,0.0900,0.9100,yes
28e4758d-03be-4d38-1687-75ee84431f52,KXMICHCOACH-26-JBRO,2025-12-25T04:12:49.013389Z,65.00,0.0900,0.9100,yes
e66b8c61-069a-7460-95b3-eebd234417aa,KXMICHCOACH-26-JBRO,2025-12-25T04:07:30.65301Z,1555.00,0.0600,0.9400,no
999d12f6-a151-7321-8ccd-21e4e80ab9a0,KXMICHCOACH-26-JBRO,2025-12-25T04:07:30.65301Z,1000.00,0.0700,0.9300,no
8f71331c-4b09-751c-8e83-9e91883263fd,KXMICHCOACH-26-JBRO,2025-12-25T04:07:30.65301Z,1890.00,0.0700,0.9300,no
806e778d-47d6-7f2f-be77-184e656f8ed6,KXMICHCOACH-26-JBRO,2025-12-25T04:07:30.65301Z,491.00,0.0600,0.9400,no
23540915-32d1-6ba4-7ec4-f063c278fb01,KXMICHCOACH-26-JBRO,2025-12-25T04:02:04.591076Z,113.00,0.0700,0.9300,no
a618cbf7-8144-6853-bbaf-dcde11a55fd3,KXMICHCOACH-26-JBRO,2025-12-25T04:00:54.437951Z,1.00,0.0900,0.9100,yes
9ae9c61e-5148-786f-6f93-cc80027f26c3,KXMICHCOACH-26-JBRO,2025-12-25T03:49:53.439707Z,83.00,0.0900,0.9100,yes
fd804ab3-f0f7-55c6-9d04-6cded6a32307,KXMICHCOACH-26-JBRO,2025-12-25T03:04:14.834114Z,16.00,0.0700,0.9300,no
f2b4c64f-324e-5172-bcd5-99214c16d13b,KXMICHCOACH-26-JBRO,2025-12-25T03:04:14.834114Z,4.00,0.0700,0.9300,no
25297719-40a5-5fa0-b1d1-19caa087a80d,KXMICHCOACH-26-JBRO,2025-12-25T03:04:14.834114Z,497.00,0.0700,0.9300,no
04ecb554-d09d-5aaa-b619-d3825fd3cd32,KXMICHCOACH-26-JBRO,2025-12-25T03:04:14.834114Z,429.00,0.0800,0.9200,no
da810a65-7829-667e-6892-a68a4113a966,KXMICHCOACH-26-JBRO,2025-12-25T02:20:10.596335Z,164.00,0.0800,0.9200,no
166c2b15-f918-4f7b-c014-140c92a6ba03,KXMICHCOACH-26-JBRO,2025-12-25T02:14:24.842124Z,522.00,0.0900,0.9100,yes
8b6a48d2-e455-498e-9de1-405d4ea600de,KXMICHCOACH-26-JBRO,2025-12-25T02:13:15.495232Z,422.00,0.0800,0.9200,no
5f8325b6-6759-7056-bc6d-53fbc0d326be,KXMICHCOACH-26-JBRO,2025-12-25T01:53:02.575853Z,655.00,0.0800,0.9200,no
4e5edf96-2db8-7993-ca00-36169403272b,KXMICHCOACH-26-JBRO,2025-12-25T01:51:14.699116Z,81.00,0.0900,0.9100,yes
49dda96e-1f74-7463-e1f8-b3091ebca989,KXMICHCOACH-26-JBRO,2025-12-25T01:51:14.699116Z,127.00,0.0900,0.9100,yes
f9cf4e53-1748-4e7b-617e-df8ef59eb6a9,KXMICHCOACH-26-JBRO,2025-12-25T01:48:38.645327Z,1044.00,0.0900,0.9100,yes
806ccf49-653d-5e86-27ad-80ac371e0d2e,KXMICHCOACH-26-JBRO,2025-12-25T01:40:36.250485Z,90.00,0.0800,0.9200,no
422e02c8-e0e4-71ff-6fc1-29f6a8af971d,KXMICHCOACH-26-JBRO,2025-12-25T01:28:30.205446Z,10.00,0.0900,0.9100,yes
41aff74b-00cd-73e6-3fd3-c5632fce82ce,KXMICHCOACH-26-JBRO,2025-12-25T01:26:18.117495Z,183.00,0.0800,0.9200,no
cbe6e1c3-7cad-60fe-710d-78e490087b36,KXMICHCOACH-26-JBRO,2025-12-25T01:12:25.421479Z,1057.00,0.0800,0.9200,no
36b73fc5-f464-714f-fc1f-a667f9b99f89,KXMICHCOACH-26-JBRO,2025-12-25T01:09:12.785161Z,10.00,0.0900,0.9100,yes
53cc96d3-48e0-4a63-ab3a-1256b9aaa305,KXMICHCOACH-26-JBRO,2025-12-25T01:08:42.944001Z,52.00,0.0900,0.9100,yes
109c8881-7e94-62df-7b2d-366b0e0e9f89,KXMICHCOACH-26-JBRO,2025-12-25T01:08:18.67743Z,90.00,0.0900,0.9100,yes
158d9d05-f73c-6e0f-46ad-c71666c18845,KXMICHCOACH-26-JBRO,2025-12-25T00:45:37.931811Z,104.00,0.0900,0.9100,yes
39f3f625-0814-5f73-7e8a-2e56029094d1,KXMICHCOACH-26-JBRO,2025-12-25T00:43:22.637999Z,10.00,0.0900,0.9100,yes
4ceea3bb-0144-60cf-4c3d-42a5747802cd,KXMICHCOACH-26-JBRO,2025-12-25T00:26:33.104081Z,273.00,0.0900,0.9100,yes
acc1180d-acb4-7f78-8214-f577fdda8f9e,KXMICHCOACH-26-JBRO,2025-12-25T00:26:26.018396Z,865.00,0.0700,0.9300,no
7d0885f0-734f-7cf5-ae03-f0ee525a6eab,KXMICHCOACH-26-JBRO,2025-12-25T00:26:26.018396Z,300.00,0.0700,0.9300,no
1acba4f9-ca70-72c4-9925-0190663e9b64,KXMICHCOACH-26-JBRO,2025-12-25T00:26:26.018396Z,29.00,0.0700,0.9300,no
ac2eac71-aa64-4e88-5622-861169991560,KXMICHCOACH-26-JBRO,2025-12-25T00:09:50.959796Z,1020.00,0.0700,0.9300,no
596f7272-0654-7603-ea73-428881838dcd,KXMICHCOACH-26-JBRO,2025-12-25T00:06:34.463291Z,51.00,0.0900,0.9100,yes
7c89a221-cfa0-6270-0988-fa15d227f134,KXMICHCOACH-26-JBRO,2025-12-25T00:06:20.619764Z,53.00,0.0700,0.9300,no
06487a79-7b13-6fe6-1ab1-b75c3241b1ae,KXMICHCOACH-26-JBRO,2025-12-25T00:06:20.619764Z,25.00,0.0700,0.9300,no
5e24c492-8b68-7b27-a4d7-92a58b530305,KXMICHCOACH-26-JBRO,2025-12-25T00:05:35.673684Z,27.00,0.0900,0.9100,yes
7a60f96a-3344-6dc3-91a6-fd794f2ae001,KXMICHCOACH-26-JBRO,2025-12-25T00:05:01.355371Z,1.00,0.0900,0.9100,yes
492a131b-5100-4ed7-5131-0f6787c82301,KXMICHCOACH-26-JBRO,2025-12-24T23:59:12.813273Z,104.00,0.0900,0.9100,yes
3b575515-ade7-7ca9-5465-e09cb74c2f60,KXMICHCOACH-26-JBRO,2025-12-24T23:55:56.600767Z,3097.00,0.0900,0.9100,no
af5c2e63-bddb-7060-4ed5-25494518691f,KXMICHCOACH-26-JBRO,2025-12-24T23:52:26.125866Z,8.00,0.1000,0.9000,yes
8673b7c4-0977-6b51-4d9c-d9e2e04f7f24,KXMICHCOACH-26-JBRO,2025-12-24T23:43:29.726254Z,243.00,0.0900,0.9100,no
471cb3a0-badf-64e4-7c27-9b6669aee7d2,KXMICHCOACH-26-JBRO,2025-12-24T23:43:29.726254Z,90.00,0.0900,0.9100,no
a56abeaf-5587-5168-3f84-dbcdb75e8352,KXMICHCOACH-26-JBRO,2025-12-24T23:19:33.497787Z,200.00,0.0900,0.9100,no
1c4e9dcf-fc9b-494c-735a-7af6673dfdcb,KXMICHCOACH-26-JBRO,2025-12-24T23:13:26.705989Z,333.00,0.1000,0.9000,yes
1470a6bc-ed7b-4f20-49bf-57ab8c1fa056,KXMICHCOACH-26-JBRO,2025-12-24T23:13:24.939111Z,10.00,0.0900,0.9100,no
ec095ade-c47f-7e20-b754-78e0079e3b7b,KXMICHCOACH-26-JBRO,2025-12-24T23:12:26.078204Z,10.00,0.1000,0.9000,yes
6105c165-c524-518f-43b1-b41e91fce0d8,KXMICHCOACH-26-JBRO,2025-12-24T23:02:36.423992Z,93.00,0.1000,0.9000,no
d323d357-d381-44e5-1c39-4375e9003d13,KXMICHCOACH-26-JBRO,2025-12-24T22:58:40.198962Z,8.00,0.1100,0.8900,yes
115cba52-cd8d-724d-513e-8ffd8ac74cb7,KXMICHCOACH-26-JBRO,2025-12-24T22:50:57.989753Z,100.00,0.1100,0.8900,yes
e4d1f188-1e9a-7d58-57a8-6e0798923cff,KXMICHCOACH-26-JBRO,2025-12-24T22:50:29.332224Z,18.00,0.1000,0.9000,no
0844d326-1d0d-536d-293c-f9c15df563a3,KXMICHCOACH-26-JBRO,2025-12-24T22:46:38.247083Z,128.00,0.1100,0.8900,yes
ed4268a2-299e-4c2c-f78a-101f898fc803,KXMICHCOACH-26-JBRO,2025-12-24T22:40:01.540895Z,51.00,0.1000,0.9000,no
d2a3d2da-5942-4f4e-73ca-c80247c6c373,KXMICHCOACH-26-JBRO,2025-12-24T22:33:52.573148Z,146.00,0.1000,0.9000,yes
c716cde9-b93f-4f4f-4068-8161406e5f98,KXMICHCOACH-26-JBRO,2025-12-24T22:33:52.573148Z,300.00,0.1000,0.9000,yes
c2a7266c-8e3d-4b19-5502-4fd5ec2f2243,KXMICHCOACH-26-JBRO,2025-12-24T22:33:52.573148Z,120.00,0.1100,0.8900,yes
87ef5880-a291-4ee9-63d9-bcb1516bf368,KXMICHCOACH-26-JBRO,2025-12-24T22:33:52.573148Z,89.00,0.1100,0.8900,yes
84913cda-f2ab-651b-d705-4cab1b05edd9,KXMICHCOACH-26-JBRO,2025-12-24T22:23:09.179547Z,300.00,0.1000,0.9000,yes
f747470c-7098-4624-b9d8-f7e01b4a2f26,KXMICHCOACH-26-JBRO,2025-12-24T22:21:21.053108Z,221.00,0.0800,0.9200,no
8e953ced-a253-645f-be2f-f1d8e5448f41,KXMICHCOACH-26-JBRO,2025-12-24T22:15:10.578687Z,100.00,0.1000,0.9000,yes
5ac55fae-1ce2-5363-501e-e3c61a2a341a,KXMICHCOACH-26-JBRO,2025-12-24T22:12:19.401584Z,142.00,0.0800,0.9200,no
03e1b17d-e71b-5e5a-44e0-bf358b767ece,KXMICHCOACH-26-JBRO,2025-12-24T22:12:19.401584Z,8.00,0.0700,0.9300,no
e4996056-761b-41ff-2fa8-b182dab400b9,KXMICHCOACH-26-JBRO,2025-12-24T22:11:16.947614Z,94.00,0.1000,0.9000,yes
ff6554d5-1547-7373-66f8-0a6b2f648c1d,KXMICHCOACH-26-JBRO,2025-12-24T22:10:30.070913Z,9.00,0.1000,0.9000,yes
bf79ab16-7c5b-4aa7-a440-556f133f5815,KXMICHCOACH-26-JBRO,2025-12-24T22:08:39.638444Z,47.00,0.1000,0.9000,yes
a449d1ca-4940-4748-ddec-74d0f9fdca19,KXMICHCOACH-26-JBRO,2025-12-24T22:00:55.49434Z,15.00,0.1000,0.9000,yes
a906b85a-841a-6b4f-57bd-abe1a5dc38fe,KXMICHCOACH-26-JBRO,2025-12-24T21:58:11.947771Z,781.00,0.0800,0.9200,no
da4c95a8-b8fe-5979-1418-ef36f93f0031,KXMICHCOACH-26-JBRO,2025-12-24T21:58:09.797075Z,100.00,0.0800,0.9200,no
d762db27-4349-5f65-360c-8f5fdb900068,KXMICHCOACH-26-JBRO,2025-12-24T21:58:09.797075Z,287.00,0.0800,0.9200,no
55281bde-67a2-55a7-3253-d4d55703b966,KXMICHCOACH-26-JBRO,2025-12-24T21:58:09.797075Z,28.00,0.0800,0.9200,no
461aee30-93b5-4661-abfc-b77682df5a54,KXMICHCOACH-26-JBRO,2025-12-24T21:56:37.037911Z,257.00,0.0800,0.9200,no
2c475eb5-a78d-4c31-1bd5-4018dd8b3e7c,KXMICHCOACH-26-JBRO,2025-12-24T21:51:52.225121Z,23.00,0.0800,0.9200,no
5cb9557b-b283-754e-eec1-ea58975a448c,KXMICHCOACH-26-JBRO,2025-12-24T21:49:12.565863Z,164.00,0.0900,0.9100,no
06b5eff1-7cc9-704d-dbeb-cbeb2e5ef4cc,KXMICHCOACH-26-JBRO,2025-12-24T21:49:12.565863Z,172.00,0.0800,0.9200,no
127f9802-3845-5031-25b1-b39685652134,KXMICHCOACH-26-JBRO,2025-12-24T21:41:27.726964Z,769.00,0.1100,0.8900,yes
e9e55105-b811-6fd2-694f-080d3d913484,KXMICHCOACH-26-JBRO,2025-12-24T21:40:54.26064Z,191.00,0.1000,0.9000,yes
375b0ce1-6c82-6d31-543f-2d8f90f9c25a,KXMICHCOACH-26-JBRO,2025-12-24T21:40:54.26064Z,29.00,0.1000,0.9000,yes
826b071e-b61a-49ad-d59d-05277993c612,KXMICHCOACH-26-JBRO,2025-12-24T21:40:26.930649Z,20.00,0.1000,0.9000,yes
ed12a312-be75-4f83-0a32-1feb185ee3bf,KXMICHCOACH-26-JBRO,2025-12-24T21:38:53.299296Z,61.00,0.1000,0.9000,no
836fb268-8379-490d-39dc-3799f1d11a94,KXMICHCOACH-26-JBRO,2025-12-24T21:38:53.299296Z,300.00,0.0800,0.9200,no
4d6954b0-b3ab-4164-2c34-d5d0190a0d95,KXMICHCOACH-26-JBRO,2025-12-24T21:38:53.299296Z,122.00,0.0900,0.9100,no
4b323304-3d70-4730-3038-9c4af1e2bafd,KXMICHCOACH-26-JBRO,2025-12-24T21:38:53.299296Z,29.00,0.0900,0.9100,no
366f7407-5f71-768b-b21a-75b5c7d74b4b,KXMICHCOACH-26-JBRO,2025-12-24T21:35:45.309389Z,338.00,0.1000,0.9000,no
c9654fd0-cee9-5289-485c-13eb55b6cf78,KXMICHCOACH-26-JBRO,2025-12-24T21:25:41.034997Z,68.00,0.1100,0.8900,yes
879216a0-4468-57b3-e767-4d0f79f99c05,KXMICHCOACH-26-JBRO,2025-12-24T21:21:29.851379Z,74.00,0.1100,0.8900,no
2c32375d-be90-524b-97ed-ebeb0aa4d4d5,KXMICHCOACH-26-JBRO,2025-12-24T21:13:15.829397Z,63.00,0.1100,0.8900,no
666874e3-1b74-4d47-efbc-c46288df6895,KXMICHCOACH-26-JBRO,2025-12-24T21:12:59.872455Z,41.00,0.1100,0.8900,no
f8cb3e9b-e7ab-7d1f-ff75-9f0bffbf8b0f,KXMICHCOACH-26-JBRO,2025-12-24T21:11:35.476029Z,1815.00,0.1200,0.8800,yes
d8337675-c9b9-7b7a-f3cf-d870792e85c7,KXMICHCOACH-26-JBRO,2025-12-24T21:11:35.476029Z,140.00,0.1100,0.8900,yes
c1576c12-4930-764b-e301-0dbc2c6aa290,KXMICHCOACH-26-JBRO,2025-12-24T21:11:35.476029Z,84.00,0.1200,0.8800,yes
7b5644ef-67ca-7a58-c357-4e8eb9b8c477,KXMICHCOACH-26-JBRO,2025-12-24T21:11:35.476029Z,1000.00,0.1100,0.8900,yes
5a7f58b8-46af-74f0-d5ab-8af922e0ab43,KXMICHCOACH-26-JBRO,2025-12-24T21:11:35.476029Z,50.00,0.1100,0.8900,yes
4a756daf-bdcf-78ca-dfca-7dc3210ed8da,KXMICHCOACH-26-JBRO,2025-12-24T21:11:35.476029Z,1000.00,0.1100,0.8900,yes
1831bde4-02e5-7e63-c9d4-caa51ae28277,KXMICHCOACH-26-JBRO,2025-12-24T21:11:35.476029Z,18.00,0.1100,0.8900,yes
813c4dfb-908c-4b0d-8f53-31f93ac04053,KXMICHCOACH-26-JBRO,2025-12-24T21:08:09.596604Z,5.00,0.1000,0.9000,no
cf99b9c9-df99-6b4b-a7da-1a02ac3e63f3,KXMICHCOACH-26-JBRO,2025-12-24T21:04:38.419459Z,171.00,0.1100,0.8900,yes
ffac87b6-2ea1-7563-d904-c7af86413a87,KXMICHCOACH-26-JBRO,2025-12-24T21:04:09.053902Z,85.00,0.1100,0.8900,yes
3f850c66-a82d-595b-8019-23df03da40af,KXMICHCOACH-26-JBRO,2025-12-24T21:02:08.001359Z,38.00,0.1100,0.8900,yes
a3191ba6-3201-768f-8f4e-a65fb4a24487,KXMICHCOACH-26-JBRO,2025-12-24T20:59:54.76588Z,427.00,0.1100,0.8900,yes
1d5aa4c8-2ec9-5d3f-e509-f95c7b912dd3,KXMICHCOACH-26-JBRO,2025-12-24T20:55:12.048718Z,85.00,0.1100,0.8900,yes
de9fc8f8-c8ad-4ece-b107-763c28c9ea21,KXMICHCOACH-26-JBRO,2025-12-24T20:48:04.288149Z,14.00,0.1000,0.9000,no
d217606b-60f2-4ee5-84b3-1f2f17825074,KXMICHCOACH-26-JBRO,2025-12-24T20:48:04.288149Z,296.00,0.0900,0.9100,no
bb84abe1-1b2c-4b64-9248-0a16b5528091,KXMICHCOACH-26-JBRO,2025-12-24T20:48:04.288149Z,171.00,0.0900,0.9100,no
b5189ee4-16f4-443b-b292-e285e533ac73,KXMICHCOACH-26-JBRO,2025-12-24T20:48:04.288149Z,178.00,0.0900,0.9100,no
83d23960-dacd-708f-d43a-1b7ea53ee82f,KXMICHCOACH-26-JBRO,2025-12-24T20:46:02.33928Z,38.00,0.1100,0.8900,yes
9f6eef63-8d7a-42f1-ddbe-c4c96f1f883f,KXMICHCOACH-26-JBRO,2025-12-24T20:44:21.895048Z,236.00,0.1100,0.8900,yes
13f5a440-cc31-4654-cad5-b62df46c0304,KXMICHCOACH-26-JBRO,2025-12-24T20:44:21.895048Z,17.00,0.1100,0.8900,yes
0fa1b143-b271-42cb-e9b3-45d48af9bbaf,KXMICHCOACH-26-JBRO,2025-12-24T20:44:21.895048Z,249.00,0.1100,0.8900,yes
eda6f4c6-a1b8-4cde-6544-dc5c5df44574,KXMICHCOACH-26-JBRO,2025-12-24T20:44:19.996781Z,51.00,0.1000,0.9000,no
bc4a68a4-8aee-4596-7f14-6c8e8ceaad14,KXMICHCOACH-26-JBRO,2025-12-24T20:44:19.996781Z,83.00,0.1000,0.9000,no
071a3fb8-990a-4545-5c12-cc68d75cc638,KXMICHCOACH-26-JBRO,2025-12-24T20:44:19.996781Z,704.00,0.0900,0.9100,no
e1fdd10f-35da-4971-7434-cb486a3e065b,KXMICHCOACH-26-JBRO,2025-12-24T20:40:10.750269Z,400.00,0.1100,0.8900,yes
b9ec7720-670e-50ad-6ce7-3ac3c38c96b7,KXMICHCOACH-26-JBRO,2025-12-24T20:38:07.716116Z,17.00,0.1100,0.8900,yes
e946985d-0a86-65dd-d4a2-1cea1c714893,KXMICHCOACH-26-JBRO,2025-12-24T20:35:50.45303Z,85.00,0.1100,0.8900,yes
8d15c413-3002-5981-fe8f-9fbf7c8307eb,KXMICHCOACH-26-JBRO,2025-12-24T20:26:34.285137Z,5.00,0.1100,0.8900,yes
d4780f3d-a1b0-7adb-482d-ba2c2a42a694,KXMICHCOACH-26-JBRO,2025-12-24T20:25:13.140973Z,100.00,0.1000,0.9000,no
d3ae69d0-580a-7bbc-6121-02e958a61191,KXMICHCOACH-26-JBRO,2025-12-24T20:25:13.140973Z,21.00,0.1000,0.9000,no
64ff354a-7fac-75e2-6a5a-770679311818,KXMICHCOACH-26-JBRO,2025-12-24T20:25:13.140973Z,200.00,0.1000,0.9000,no
3b48ecbf-a6ea-6c05-ceed-19f9bfb565df,KXMICHCOACH-26-JBRO,2025-12-24T20:24:47.023196Z,8.00,0.1100,0.8900,yes
3f8ab511-6f56-4db9-bde1-242636473d17,KXMICHCOACH-26-JBRO,2025-12-24T20:17:46.068459Z,200.00,0.1100,0.8900,yes
d63713b9-04cf-5913-2a66-ee792cdf283d,KXMICHCOACH-26-JBRO,2025-12-24T20:08:06.813009Z,78.00,0.1000,0.9000,yes
bd103b5e-1687-5db1-20e4-b061bdb43fc6,KXMICHCOACH-26-JBRO,2025-12-24T20:08:06.813009Z,122.00,0.1000,0.9000,yes
20e0cd35-cadb-6125-4d27-5b64332b3406,KXMICHCOACH-26-JBRO,2025-12-24T20:04:32.356964Z,28.00,0.1000,0.9000,yes
22aa478a-80c7-69f9-5d08-180c0490ebb2,KXMICHCOACH-26-JBRO,2025-12-24T20:02:14.858838Z,56.00,0.1000,0.9000,yes
6e3bec11-5d03-565d-ada3-7fee19e5b1a2,KXMICHCOACH-26-JBRO,2025-12-24T19:56:59.220562Z,94.00,0.1000,0.9000,yes
7e05b846-f4a9-5ed7-c9bd-07e0847c1aa2,KXMICHCOACH-26-JBRO,2025-12-24T19:55:18.854574Z,49.00,0.0900,0.9100,no
567dea31-f1aa-551f-cc46-a41aa39ef1fa,KXMICHCOACH-26-JBRO,2025-12-24T19:55:18.854574Z,39.00,0.1000,0.9000,no
42f0da5b-b2b5-5f19-f709-763376e530dc,KXMICHCOACH-26-JBRO,2025-12-24T19:55:18.854574Z,3.00,0.0800,0.9200,no
31d96fbc-e390-64aa-6f22-e1a1de40196d,KXMICHCOACH-26-JBRO,2025-12-24T19:52:17.770371Z,109.00,0.0900,0.9100,no
5d61d7b8-1b5a-6d9d-e442-4e0e0e3a63e3,KXMICHCOACH-26-JBRO,2025-12-24T19:52:13.312453Z,49.00,0.1100,0.8900,yes
330f1de1-3af0-62ce-f715-6b40ae2af7ef,KXMICHCOACH-26-JBRO,2025-12-24T19:52:13.312453Z,190.00,0.1000,0.9000,yes
25b6cca4-a66b-66dd-d0e8-c2744c172781,KXMICHCOACH-26-JBRO,2025-12-24T19:52:13.312453Z,38.00,0.1000,0.9000,yes
ea11d5dd-7d5a-66d3-a54e-ed041e6473c3,KXMICHCOACH-26-JBRO,2025-12-24T19:51:23.018765Z,100.00,0.1000,0.9000,yes
761e7fc1-17c7-6995-a424-95667fc4fc01,KXMICHCOACH-26-JBRO,2025-12-24T19:51:23.018765Z,962.00,0.1000,0.9000,yes
1ff5de68-e609-6015-b36e-ff9e2412d856,KXMICHCOACH-26-JBRO,2025-12-24T19:51:23.018765Z,11.00,0.1000,0.9000,yes
1c7e2df8-8f53-68a5-8c5f-9e9abfd55c8a,KXMICHCOACH-26-JBRO,2025-12-24T19:51:23.018765Z,749.00,0.1000,0.9000,yes
11e45e43-b277-65bc-bfd7-6eb3c442a662,KXMICHCOACH-26-JBRO,2025-12-24T19:51:23.018765Z,21.00,0.1000,0.9000,yes
5966629a-24d1-7949-8e8f-f3f241dbd190,KXMICHCOACH-26-JBRO,2025-12-24T19:47:05.555202Z,15.00,0.0800,0.9200,no
819e9c70-cd49-5fc5-f816-c12f6efda030,KXMICHCOACH-26-JBRO,2025-12-24T19:45:48.939639Z,112.00,0.0800,0.9200,no
e6520dcf-0ab3-7e2b-33bc-18f7b6e2a222,KXMICHCOACH-26-JBRO,2025-12-24T19:42:51.29596Z,26.00,0.0900,0.9100,no
9c25d0b8-a1a9-78b9-22ec-89f3d0ca8164,KXMICHCOACH-26-JBRO,2025-12-24T19:42:51.29596Z,2456.00,0.0800,0.9200,no
86fe5787-4591-4de1-feaa-17ffae7028c0,KXMICHCOACH-26-JBRO,2025-12-24T19:34:32.343839Z,800.00,0.0800,0.9200,no
d1f8d297-774d-43c9-fed2-e39cc76c4884,KXMICHCOACH-26-JBRO,2025-12-24T19:33:32.284417Z,575.00,0.0800,0.9200,no
412dcd24-f038-4c51-ec8e-1bab4c88367b,KXMICHCOACH-26-JBRO,2025-12-24T19:33:32.284417Z,155.00,0.0900,0.9100,no
22235413-b683-6ca9-cc5b-4e1234aabe5e,KXMICHCOACH-26-JBRO,2025-12-24T19:22:34.407478Z,1082.00,0.1000,0.9000,yes
924c09ed-c2a3-6879-c439-9f7304f20846,KXMICHCOACH-26-JBRO,2025-12-24T19:20:21.570764Z,94.00,0.1000,0.9000,yes
cea8f167-8243-6305-9a2b-6ab18e80561e,KXMICHCOACH-26-JBRO,2025-12-24T19:19:01.439256Z,75.00,0.1000,0.9000,yes
e6a305e5-0e84-6e85-ed28-0dc07f341d5e,KXMICHCOACH-26-JBRO,2025-12-24T19:16:28.808399Z,28.00,0.0900,0.9100,yes
a628a5fd-8524-6d9f-d1e0-3c7b492464e2,KXMICHCOACH-26-JBRO,2025-12-24T19:16:28.808399Z,1500.00,0.0900,0.9100,yes
2f740543-0007-61ae-f24f-2ad409a99f0f,KXMICHCOACH-26-JBRO,2025-12-24T19:16:28.808399Z,12.00,0.0900,0.9100,yes
24269b1c-6129-6b47-cacb-5b7502e6a3b9,KXMICHCOACH-26-JBRO,2025-12-24T19:16:28.808399Z,6.00,0.0900,0.9100,yes
f864d3c2-c032-7b7e-861d-56c3437e80c4,KXMICHCOACH-26-JBRO,2025-12-24T19:14:37.086075Z,196.00,0.0800,0.9200,yes
2dba0a2d-05c9-77fd-9f57-d8bebca0eb5b,KXMICHCOACH-26-JBRO,2025-12-24T19:14:37.086075Z,335.00,0.0800,0.9200,yes
0bfaddf2-2e16-7788-9fb2-6f368ed327e6,KXMICHCOACH-26-JBRO,2025-12-24T19:14:37.086075Z,3000.00,0.0800,0.9200,yes
c247b702-a415-4b55-4c0c-f41a922e18e3,KXMICHCOACH-26-JBRO,2025-12-24T19:11:13.132291Z,50.00,0.0800,0.9200,yes
434f5500-2a06-6900-9860-dab1edc782f6,KXMICHCOACH-26-JBRO,2025-12-24T19:10:43.774505Z,150.00,0.0600,0.9400,no
cde4472f-b58d-5239-6a7c-7cff86daaa0b,KXMICHCOACH-26-JBRO,2025-12-24T19:10:06.059045Z,11.00,0.0800,0.9200,yes
9d60563f-65e6-50f4-47ef-ba932713502a,KXMICHCOACH-26-JBRO,2025-12-24T19:01:50.850031Z,32.00,0.0600,0.9400,no
2f8a2f85-d5cd-59ea-4653-bd8adabde4f9,KXMICHCOACH-26-JBRO,2025-12-24T19:01:50.850031Z,38.00,0.0700,0.9300,no
1f59bb7e-fe25-66c5-e1d7-9b380a3a447f,KXMICHCOACH-26-JBRO,2025-12-24T19:01:03.863319Z,5.00,0.0800,0.9200,yes
81ddf897-91dd-713d-0469-49584409a407,KXMICHCOACH-26-JBRO,2025-12-24T19:00:38.140876Z,11.00,0.0800,0.9200,yes
1c1f57d8-4c7a-7fc9-75e0-9c533a8e98b1,KXMICHCOACH-26-JBRO,2025-12-24T18:58:07.91837Z,278.00,0.0700,0.9300,no
eab2ac46-1f62-7180-1a79-3f83553fce76,KXMICHCOACH-26-JBRO,2025-12-24T18:45:40.161237Z,1106.00,0.0600,0.9400,no
9b2e57be-4785-6f8d-b59e-21c6108b200b,KXMICHCOACH-26-JBRO,2025-12-24T18:45:17.06601Z,352.00,0.0800,0.9200,yes
04f5c829-90d2-4328-f221-0b98c60b864a,KXMICHCOACH-26-JBRO,2025-12-24T18:44:33.567758Z,544.00,0.0600,0.9400,no
5e5694c0-e931-5461-b9e3-34897d85f49f,KXMICHCOACH-26-JBRO,2025-12-24T18:38:48.104925Z,23.00,0.0800,0.9200,yes
af3f1037-6942-5b78-5fa9-4ccd1b385e6a,KXMICHCOACH-26-JBRO,2025-12-24T18:34:02.313375Z,181.00,0.0600,0.9400,no
19c775bf-f662-5ae8-3cee-d41f456520e6,KXMICHCOACH-26-JBRO,2025-12-24T18:32:24.106514Z,93.00,0.0600,0.9400,no
93fd4b06-4d42-4416-12d4-e0e5444626a9,KXMICHCOACH-26-JBRO,2025-12-24T18:31:15.416882Z,1083.00,0.0700,0.9300,yes
0edb6050-c2ed-41ad-2053-c1260b820a0b,KXMICHCOACH-26-JBRO,2025-12-24T18:31:15.416882Z,307.00,0.0800,0.9200,yes
fe551aa2-0d2d-6d81-f1a8-3a7927490877,KXMICHCOACH-26-JBRO,2025-12-24T18:23:36.103388Z,75.00,0.0800,0.9200,yes
f084e3b0-c619-4da9-3192-6e31f6d0a273,KXMICHCOACH-26-JBRO,2025-12-24T18:23:15.930218Z,58.00,0.0800,0.9200,yes
8c18869b-1e46-4f9c-1ebb-6838c1aa6b1e,KXMICHCOACH-26-JBRO,2025-12-24T18:23:08.14643Z,5.00,0.0600,0.9400,no
eee6d00d-ea5a-4878-861e-35beadd91dde,KXMICHCOACH-26-JBRO,2025-12-24T18:22:44.266637Z,62.00,0.0600,0.9400,no
29277b79-27d1-6561-4396-56658a9f5f1f,KXMICHCOACH-26-JBRO,2025-12-24T18:21:26.980236Z,587.00,0.0800,0.9200,yes
b2ff662b-ffe2-5245-d967-0732d4fae137,KXMICHCOACH-26-JBRO,2025-12-24T18:21:15.847661Z,70.00,0.0800,0.9200,yes
29fd4c6c-405d-518d-efda-d0eb8d16b8c3,KXMICHCOACH-26-JBRO,2025-12-24T18:21:15.847661Z,186.00,0.0800,0.9200,yes
931796b5-6bf2-4f18-5cf8-2316a3feedde,KXMICHCOACH-26-JBRO,2025-12-24T18:20:55.20749Z,19.00,0.0600,0.9400,no
5d7ba830-13a6-604c-52a6-b03b62d29cce,KXMICHCOACH-26-JBRO,2025-12-24T18:16:03.000813Z,156.00,0.0600,0.9400,no
56cdb961-a402-7154-5616-d35db9acc6fa,KXMICHCOACH-26-JBRO,2025-12-24T18:15:51.240389Z,30.00,0.0600,0.9400,no
bd5d63f2-9e06-6890-a001-9695de7bd84e,KXMICHCOACH-26-JBRO,2025-12-24T18:14:06.394437Z,185.00,0.0600,0.9400,no
9c5dd041-74f6-78d2-327c-12e20d58677f,KXMICHCOACH-26-JBRO,2025-12-24T18:13:21.696245Z,2000.00,0.0700,0.9300,no
51230938-12a2-7adc-0388-af196242827e,KXMICHCOACH-26-JBRO,2025-12-24T18:13:21.696245Z,5882.00,0.0600,0.9400,no
410c18a8-702f-7832-3e50-55b6e53e861d,KXMICHCOACH-26-JBRO,2025-12-24T18:13:21.696245Z,1000.00,0.0600,0.9400,no
386a4ad8-7fee-799f-168e-8fc6a857ab62,KXMICHCOACH-26-JBRO,2025-12-24T18:13:21.696245Z,685.00,0.0700,0.9300,no
2a232364-865a-7c7c-05e3-7fd6a9aed17b,KXMICHCOACH-26-JBRO,2025-12-24T18:13:21.696245Z,187.00,0.0600,0.9400,no
214436c9-af39-7202-3c14-14576d549a64,KXMICHCOACH-26-JBRO,2025-12-24T18:13:21.696245Z,1000.00,0.0600,0.9400,no
1276c5da-d004-78b4-0be6-eb496a12f3f6,KXMICHCOACH-26-JBRO,2025-12-24T18:13:21.696245Z,1000.00,0.0700,0.9300,no
0c234afa-7e5e-7306-390c-5906ebfc64b4,KXMICHCOACH-26-JBRO,2025-12-24T18:13:21.696245Z,300.00,0.0700,0.9300,no
004af8c3-350f-7cb5-0e80-a845f7fd9e2f,KXMICHCOACH-26-JBRO,2025-12-24T18:13:21.696245Z,5.00,0.0700,0.9300,no
7f560fa8-6986-5ab3-91f4-285ea304950a,KXMICHCOACH-26-JBRO,2025-12-24T18:13:16.686709Z,300.00,0.0700,0.9300,no
48d6c219-7cee-5623-6847-409b9daaff46,KXMICHCOACH-26-JBRO,2025-12-24T18:12:23.236631Z,550.00,0.0700,0.9300,no
3d665cfc-aafa-5823-f81a-16a98311a126,KXMICHCOACH-26-JBRO,2025-12-24T18:11:56.441567Z,260.00,0.0700,0.9300,no
ce66210d-0736-5d19-6141-d7c1f2b9a8e5,KXMICHCOACH-26-JBRO,2025-12-24T18:07:00.027831Z,211.00,0.0900,0.9100,no
6bb502b2-4269-5d5a-6eb1-1be9d47c916d,KXMICHCOACH-26-JBRO,2025-12-24T18:07:00.027831Z,1000.00,0.0800,0.9200,no
0258153f-de56-558b-4028-01d0a82d6ace,KXMICHCOACH-26-JBRO,2025-12-24T18:07:00.027831Z,205.00,0.0700,0.9300,no
954140a8-d597-7664-6724-4efd8c7a89af,KXMICHCOACH-26-JBRO,2025-12-24T18:06:23.103764Z,180.00,0.1000,0.9000,yes
8e2e872f-3eac-7993-7187-d3a3b0e1462b,KXMICHCOACH-26-JBRO,2025-12-24T18:06:23.103764Z,1000.00,0.1000,0.9000,yes
7fc0f995-2cf1-76ba-5760-b761836ce218,KXMICHCOACH-26-JBRO,2025-12-24T18:06:23.103764Z,2500.00,0.1000,0.9000,yes
1480be94-483f-56fc-0623-bb3eb48b7da7,KXMICHCOACH-26-JBRO,2025-12-24T18:04:22.340198Z,8.00,0.0900,0.9100,yes
924d09d3-b92a-5cf0-11ef-f8047b6c1533,KXMICHCOACH-26-JBRO,2025-12-24T18:02:58.835423Z,760.00,0.0600,0.9400,no
97e65450-39af-6d35-dd20-c3830817efeb,KXMICHCOACH-26-JBRO,2025-12-24T18:01:57.765823Z,11.00,0.0800,0.9200,yes
c22d9bd8-6cdf-742c-f71c-b423ae888185,KXMICHCOACH-26-JBRO,2025-12-24T18:00:55.477505Z,273.00,0.0600,0.9400,no
bbde613d-becd-7ef9-e434-3cb5c54afdf8,KXMICHCOACH-26-JBRO,2025-12-24T18:00:55.477505Z,65.00,0.0600,0.9400,no
4f7b5e25-be82-72e0-cd71-7cbe1c922347,KXMICHCOACH-26-JBRO,2025-12-24T18:00:55.477505Z,53.00,0.0600,0.9400,no
df2296ed-bfc6-4cfa-d8d5-619de40d8a89,KXMICHCOACH-26-JBRO,2025-12-24T18:00:33.494014Z,564.00,0.0700,0.9300,no
cc81867e-09e8-47f2-cc45-2b565b18b465,KXMICHCOACH-26-JBRO,2025-12-24T18:00:33.494014Z,4994.00,0.0800,0.9200,no
bb62bca4-89df-4a5c-e4ce-72433ec55175,KXMICHCOACH-26-JBRO,2025-12-24T18:00:33.494014Z,176.00,0.0900,0.9100,no
b4be0abb-db8a-4ad4-e938-a7ea80fcd9e4,KXMICHCOACH-26-JBRO,2025-12-24T18:00:33.494014Z,1000.00,0.0700,0.9300,no
a226b518-6d26-485c-e230-b65c5db83b43,KXMICHCOACH-26-JBRO,2025-12-24T18:00:33.494014Z,10.00,0.0700,0.9300,no
712e29ae-ddbd-4eef-d93c-445bba62553a,KXMICHCOACH-26-JBRO,2025-12-24T18:00:33.494014Z,365.00,0.0700,0.9300,no
d5468087-eae7-5c97-ccc2-f38b65fc355f,KXMICHCOACH-26-JBRO,2025-12-24T17:56:37.564544Z,7.00,0.1200,0.8800,yes
25373c0d-7ccb-4857-a4ed-f030a16f8b0f,KXMICHCOACH-26-JBRO,2025-12-24T17:55:53.992344Z,178.00,0.1200,0.8800,yes
3c924c3f-cc34-7d5d-47ea-8967f337943d,KXMICHCOACH-26-JBRO,2025-12-24T17:55:30.983537Z,196.00,0.1000,0.9000,yes
89369a3d-08e8-45de-ebd0-3b54e35792cd,KXMICHCOACH-26-JBRO,2025-12-24T17:54:58.535888Z,25.00,0.0800,0.9200,no
d4e309cd-3bcc-5af6-24b4-54425d022d15,KXMICHCOACH-26-JBRO,2025-12-24T17:50:53.758345Z,342.00,0.0800,0.9200,no
c83ca58b-2390-585a-4671-3010f46e7449,KXMICHCOACH-26-JBRO,2025-12-24T17:50:28.24432Z,206.00,0.0800,0.9200,no
e88f6a4a-bee5-6ad3-0076-faa63fb16c32,KXMICHCOACH-26-JBRO,2025-12-24T17:49:30.602481Z,571.00,0.0700,0.9300,no
b1de7c9b-6f23-4f39-cb84-edf497a79b87,KXMICHCOACH-26-JBRO,2025-12-24T17:49:17.215897Z,1000.00,0.0800,0.9200,no
2ff5e6f7-7ae0-4f3a-db7f-bb937601702a,KXMICHCOACH-26-JBRO,2025-12-24T17:49:17.215897Z,1.00,0.0800,0.9200,no
356c6056-4ae0-425d-c4fa-c28ff162a2a9,KXMICHCOACH-26-JBRO,2025-12-24T17:48:46.803569Z,22.00,0.0900,0.9100,no
860ec848-3940-47ca-b6df-8ca1e794b694,KXMICHCOACH-26-JBRO,2025-12-24T17:48:30.327855Z,345.00,0.0900,0.9100,no
6212fc18-1093-4550-a0ce-dbc1c2a8ceb8,KXMICHCOACH-26-JBRO,2025-12-24T17:48:30.327855Z,1.00,0.0900,0.9100,no
4a7d758c-ef54-626a-0536-9efa1732ce18,KXMICHCOACH-26-JBRO,2025-12-24T17:48:17.976408Z,58.00,0.0900,0.9100,no
1660eb4f-53c9-6937-196b-b9cce1edf5f0,KXMICHCOACH-26-JBRO,2025-12-24T17:48:17.976408Z,142.00,0.0900,0.9100,no
83caa77e-ed0a-7310-5fd7-cd8c22d643b4,KXMICHCOACH-26-JBRO,2025-12-24T17:48:14.316379Z,12.00,0.1000,0.9000,no
e5319ac1-d1c7-4a73-d08b-1743adb493a0,KXMICHCOACH-26-JBRO,2025-12-24T17:47:57.985379Z,46.00,0.1000,0.9000,no
22803ac0-7898-43c2-f33f-dadf86404313,KXMICHCOACH-26-JBRO,2025-12-24T17:47:57.985379Z,2.00,0.1000,0.9000,no
e90bcede-c50c-589a-7c9f-2b3ede7ef264,KXMICHCOACH-26-JBRO,2025-12-24T17:43:56.337817Z,3.00,0.1000,0.9000,no
e7fbf2ad-89a2-5be1-5a0a-cce582646766,KXMICHCOACH-26-JBRO,2025-12-24T17:43:56.337817Z,46.00,0.0900,0.9100,no
cdcbff28-8e15-5757-65d0-c684c019e27c,KXMICHCOACH-26-JBRO,2025-12-24T17:43:56.337817Z,58.00,0.0900,0.9100,no
901d90f2-b64b-5151-75d9-8963364019dd,KXMICHCOACH-26-JBRO,2025-12-24T17:43:56.337817Z,126.00,0.1000,0.9000,no
c6538067-cc30-6b03-01d7-48c1b7ad8e4f,KXMICHCOACH-26-JBRO,2025-12-24T17:41:27.647456Z,400.00,0.1100,0.8900,yes
499cfdc8-2be0-4cab-a42e-618d0379628b,KXMICHCOACH-26-JBRO,2025-12-24T17:38:27.649527Z,3.00,0.1100,0.8900,yes
e61fbf2b-ab85-4193-edab-69e6bf3830c3,KXMICHCOACH-26-JBRO,2025-12-24T17:38:12.472331Z,200.00,0.1100,0.8900,yes
31170e44-2fb0-49d7-d1f7-4aedf7f1e3ff,KXMICHCOACH-26-JBRO,2025-12-24T17:38:12.472331Z,46.00,0.1100,0.8900,yes
9e104f21-7c59-54e4-a503-1414feeeefb2,KXMICHCOACH-26-JBRO,2025-12-24T17:38:07.117274Z,83.00,0.1000,0.9000,yes
d71d0e20-2b98-7530-4ec8-57b05f5c6be8,KXMICHCOACH-26-JBRO,2025-12-24T17:37:08.439671Z,83.00,0.0900,0.9100,yes
4e728ca9-2594-7bf5-6ca8-4093d5929d30,KXMICHCOACH-26-JBRO,2025-12-24T17:37:08.439671Z,168.00,0.0900,0.9100,yes
e603f73d-6f00-6835-65e3-cd667f1ca9ed,KXMICHCOACH-26-JBRO,2025-12-24T17:36:54.570393Z,81.00,0.0800,0.9200,no
c480eee2-e808-6dc7-7689-3ae29b7ccb9b,KXMICHCOACH-26-JBRO,2025-12-24T17:36:54.570393Z,683.00,0.0800,0.9200,no
2b0173a7-a925-6ccf-618d-ab1836a8a870,KXMICHCOACH-26-JBRO,2025-12-24T17:36:54.570393Z,6.00,0.0800,0.9200,no
cd3b453d-e674-7531-fc1d-6ca3546a3a58,KXMICHCOACH-26-JBRO,2025-12-24T17:35:52.798641Z,50.00,0.0900,0.9100,yes
1c1755e0-4dc8-5157-b860-4df22b0452ef,KXMICHCOACH-26-JBRO,2025-12-24T17:32:54.443241Z,84.00,0.0800,0.9200,no
561870c8-bd7c-75ab-30b2-0dd3e93943af,KXMICHCOACH-26-JBRO,2025-12-24T17:32:18.507105Z,178.00,0.0800,0.9200,no
9ddf2afe-7d55-52f5-e175-ec94db96ab30,KXMICHCOACH-26-JBRO,2025-12-24T17:23:54.232657Z,140.00,0.0800,0.9200,no
5366b8c6-2b95-538f-e458-6d5583aca106,KXMICHCOACH-26-JBRO,2025-12-24T17:23:54.232657Z,1064.00,0.0700,0.9300,no
30447f61-503c-536b-d150-2d41c9a90fd7,KXMICHCOACH-26-JBRO,2025-12-24T17:23:54.232657Z,12.00,0.0800,0.9200,no
b377815a-819d-53c1-aa6b-cf44526dea70,KXMICHCOACH-26-JBRO,2025-12-24T17:23:53.675377Z,84.00,0.0800,0.9200,no
376eccab-b68d-5ccd-1af8-54dd025fc650,KXMICHCOACH-26-JBRO,2025-12-24T17:19:14.763483Z,5.00,0.0800,0.9200,no
5af56f1f-f8fa-6842-0c9d-03783f3cfff7,KXMICHCOACH-26-JBRO,2025-12-24T17:18:24.950422Z,32.00,0.0900,0.9100,no
77254662-fa17-58ca-0325-460934c30284,KXMICHCOACH-26-JBRO,2025-12-24T17:17:39.193225Z,403.00,0.1100,0.8900,yes
5783b528-e771-5914-2aba-d496a67e0119,KXMICHCOACH-26-JBRO,2025-12-24T17:17:39.193225Z,24.00,0.1100,0.8900,yes
e2c53fe2-a5ff-5182-b4e2-94d4b3734c9c,KXMICHCOACH-26-JBRO,2025-12-24T17:15:37.189961Z,100.00,0.1100,0.8900,yes
d4459715-1723-5c22-9e74-04a857da3270,KXMICHCOACH-26-JBRO,2025-12-24T17:15:05.599784Z,212.00,0.1100,0.8900,yes
a84d4c7b-fafb-48f3-a1a9-0b5e98b71921,KXMICHCOACH-26-JBRO,2025-12-24T17:14:37.819033Z,16.00,0.1000,0.9000,no
2bf87698-18a7-75de-8cc8-fe1402c7ddf0,KXMICHCOACH-26-JBRO,2025-12-24T17:12:51.719813Z,213.00,0.1100,0.8900,yes
dd2062e7-ce63-5932-a5bd-ec4a3fc15c2c,KXMICHCOACH-26-JBRO,2025-12-24T17:12:29.78249Z,17.00,0.1100,0.8900,yes
e5fdf531-a64f-67a2-648e-e91ba7c65974,KXMICHCOACH-26-JBRO,2025-12-24T17:10:59.534318Z,55.00,0.1100,0.8900,yes
c9dc501c-081f-4110-6c7b-22e57cadd16f,KXMICHCOACH-26-JBRO,2025-12-24T17:05:07.394447Z,29.00,0.1100,0.8900,no
b5cdaf1e-0809-47a6-7cee-9cc2432fcf29,KXMICHCOACH-26-JBRO,2025-12-24T17:05:07.394447Z,1000.00,0.1100,0.8900,no
94167e9d-62f2-47b2-6629-24e6035fe72d,KXMICHCOACH-26-JBRO,2025-12-24T17:05:07.394447Z,39.00,0.1200,0.8800,no
6dc8bbd8-a853-478c-7a4f-cdd505bc5fc5,KXMICHCOACH-26-JBRO,2025-12-24T17:05:07.394447Z,534.00,0.0600,0.9400,no
5f5e3dfb-2a64-4431-5692-f0fdc052d86d,KXMICHCOACH-26-JBRO,2025-12-24T17:05:07.394447Z,518.00,0.1000,0.9000,no
3e1ed44e-3561-4736-6c4b-67ec1082fffb,KXMICHCOACH-26-JBRO,2025-12-24T17:05:07.394447Z,1000.00,0.0700,0.9300,no
25af9085-b990-4afb-5a54-60c93540dac2,KXMICHCOACH-26-JBRO,2025-12-24T17:05:07.394447Z,78.00,0.1000,0.9000,no
20939de4-964e-46a1-46f3-75cd9e82c743,KXMICHCOACH-26-JBRO,2025-12-24T17:05:07.394447Z,20.00,0.0900,0.9100,no
f9897b5b-3199-7559-dd29-6994ec34596b,KXMICHCOACH-26-JBRO,2025-12-24T17:04:45.783674Z,1461.00,0.1200,0.8800,yes
d3e5f659-dae7-7aeb-eec7-11dea6d16329,KXMICHCOACH-26-JBRO,2025-12-24T17:04:45.783674Z,29.00,0.1200,0.8800,yes
739cff27-e9b6-7b18-d329-0f31e24acc36,KXMICHCOACH-26-JBRO,2025-12-24T17:04:45.783674Z,1000.00,0.1200,0.8800,yes
2ed09612-b5fd-64b5-f441-44cab7c99203,KXMICHCOACH-26-JBRO,2025-12-24T17:04:44.479315Z,39.00,0.1200,0.8800,yes
e81f6831-4765-6ff9-ef97-2b856a6c82d8,KXMICHCOACH-26-JBRO,2025-12-24T17:04:31.533732Z,149.00,0.1100,0.8900,yes
04036e58-8d0c-6e51-d9d5-5b4bf5a0337a,KXMICHCOACH-26-JBRO,2025-12-24T17:04:31.533732Z,81.00,0.1100,0.8900,yes
7298ede0-21c9-6259-5f89-1e50eadc3988,KXMICHCOACH-26-JBRO,2025-12-24T17:03:18.259206Z,100.00,0.1100,0.8900,yes
066b1581-fc30-4e25-0337-33f67a439b65,KXMICHCOACH-26-JBRO,2025-12-24T17:03:03.41555Z,392.00,0.1000,0.9000,no
2744431e-5e84-56c5-ec24-e93e50b942b1,KXMICHCOACH-26-JBRO,2025-12-24T17:01:29.841943Z,25.00,0.1000,0.9000,no
ef004e1c-6c01-7dc9-1bda-2d32b9393978,KXMICHCOACH-26-JBRO,2025-12-24T16:56:27.436485Z,25.00,0.1100,0.8900,yes
e4699d74-6e1d-4d71-1c16-60d3b1160cf0,KXMICHCOACH-26-JBRO,2025-12-24T16:52:07.378146Z,49.00,0.1100,0.8900,yes
d9c2e6c3-d6ac-79f5-b5bb-ce65a4407c7d,KXMICHCOACH-26-JBRO,2025-12-24T16:51:58.759302Z,65.00,0.1000,0.9000,no
8a0dcf4e-ead7-7e74-8b77-f22ca67a1fe7,KXMICHCOACH-26-JBRO,2025-12-24T16:51:58.759302Z,299.00,0.1000,0.9000,no
b4cbbd5d-f3ec-6706-d336-4a5770ca7d96,KXMICHCOACH-26-JBRO,2025-12-24T16:50:35.986685Z,39.00,0.1000,0.9000,no
128a0250-dfd7-6a44-dd0a-6c44a110dd1f,KXMICHCOACH-26-JBRO,2025-12-24T16:50:35.986685Z,101.00,0.1000,0.9000,no
03f87497-affd-5175-6ef7-106123933ba4,KXMICHCOACH-26-JBRO,2025-12-24T16:45:22.490304Z,157.00,0.1100,0.8900,yes
6f25802f-5f99-7ef9-b94e-ad2fb70059c4,KXMICHCOACH-26-JBRO,2025-12-24T16:44:23.884283Z,1.00,0.1100,0.8900,yes
762f6c06-1aa3-6a6f-7be1-6f76709f51dd,KXMICHCOACH-26-JBRO,2025-12-24T16:42:26.750961Z,69.00,0.1000,0.9000,yes
3bdda29e-d8fa-6eda-4ac2-89303fd10858,KXMICHCOACH-26-JBRO,2025-12-24T16:42:26.750961Z,72.00,0.1000,0.9000,yes
196a9fad-0ca5-5ac0-99b1-2c23193d8043,KXMICHCOACH-26-JBRO,2025-12-24T16:40:53.666387Z,100.00,0.1000,0.9000,yes
c20a07ba-9ff9-6ced-7aa1-9b7b9fd2da80,KXMICHCOACH-26-JBRO,2025-12-24T16:40:37.686763Z,419.00,0.1100,0.8900,yes
854abc9b-42d1-7229-abe1-f6f4f77f34fc,KXMICHCOACH-26-JBRO,2025-12-24T16:40:13.31834Z,100.00,0.1100,0.8900,yes
652f5342-e74e-4f18-bf80-59d004fcd49e,KXMICHCOACH-26-JBRO,2025-12-24T16:39:04.875465Z,101.00,0.1100,0.8900,yes
ed1f4584-1983-44c0-8773-5e99b2d41bdd,KXMICHCOACH-26-JBRO,2025-12-24T16:36:58.713073Z,17.00,0.1000,0.9000,no
de3fb440-6575-47a2-b5bf-d4c92b5786d9,KXMICHCOACH-26-JBRO,2025-12-24T16:36:58.713073Z,352.00,0.1000,0.9000,no
dab30c2a-c821-4150-abf1-2cf64ff1c776,KXMICHCOACH-26-JBRO,2025-12-24T16:36:58.713073Z,11.00,0.1000,0.9000,no
c9c995d6-a68b-41c5-aa2b-79f762864e5b,KXMICHCOACH-26-JBRO,2025-12-24T16:36:58.713073Z,1000.00,0.1000,0.9000,no
94938ba5-ebe2-40fa-9930-d88a97d4bd0a,KXMICHCOACH-26-JBRO,2025-12-24T16:36:58.713073Z,281.00,0.1000,0.9000,no
def4b1de-a6d6-7676-da72-cafd48bc4cda,KXMICHCOACH-26-JBRO,2025-12-24T16:35:49.66363Z,166.00,0.1000,0.9000,no
464144e8-e062-502e-0ff0-88c62ef45a06,KXMICHCOACH-26-JBRO,2025-12-24T16:35:24.338915Z,53.00,0.1000,0.9000,no
f2c50ea6-c974-4334-bf1e-0a66f919adde,KXMICHCOACH-26-JBRO,2025-12-24T16:34:06.980824Z,1000.00,0.1100,0.8900,no
c9770193-3df8-406b-90f3-ff44525da88d,KXMICHCOACH-26-JBRO,2025-12-24T16:34:06.980824Z,6.00,0.1100,0.8900,no
a6bfdca7-dc75-491a-8ae9-0e749751f0bd,KXMICHCOACH-26-JBRO,2025-12-24T16:34:06.980824Z,84.00,0.1100,0.8900,no
8e3fb035-5d5f-4ab1-afdf-6aff38a0bb14,KXMICHCOACH-26-JBRO,2025-12-24T16:34:06.980824Z,21.00,0.1100,0.8900,no
8040d663-1cdb-4ce1-8a81-c60983f44c7b,KXMICHCOACH-26-JBRO,2025-12-24T16:34:06.980824Z,355.00,0.1100,0.8900,no
71194c08-d6c7-4bca-8796-86aba1d6f7bc,KXMICHCOACH-26-JBRO,2025-12-24T16:34:06.980824Z,500.00,0.1200,0.8800,no
dbc6d58a-f5e7-7212-5e7c-748e56046ca7,KXMICHCOACH-26-JBRO,2025-12-24T16:30:02.216138Z,12.00,0.1200,0.8800,no
bd11066c-5837-5dbe-1266-d5103c771073,KXMICHCOACH-26-JBRO,2025-12-24T16:29:19.337531Z,3975.00,0.1200,0.8800,no
bcbd83f9-b36d-53bf-1dde-35601d127c4c,KXMICHCOACH-26-JBRO,2025-12-24T16:29:19.337531Z,1500.00,0.1300,0.8700,no
8d9987f7-2f37-5d19-3b1d-2ce3ee6e27f9,KXMICHCOACH-26-JBRO,2025-12-24T16:29:19.337531Z,7.00,0.1300,0.8700,no
1b3f62a9-b2cd-5faa-1825-3c3fd0b1ff7c,KXMICHCOACH-26-JBRO,2025-12-24T16:29:19.337531Z,28.00,0.1300,0.8700,no
1a8eea06-7961-56da-38b8-e194672864f5,KXMICHCOACH-26-JBRO,2025-12-24T16:29:19.337531Z,491.00,0.1200,0.8800,no
9c90bb87-d465-5a16-7a8c-d5d09bd1a754,KXMICHCOACH-26-JBRO,2025-12-24T16:26:38.534376Z,170.00,0.1300,0.8700,no
7c251af9-35ec-6820-a388-ab66aa0e5d90,KXMICHCOACH-26-JBRO,2025-12-24T16:21:55.861508Z,314.00,0.1400,0.8600,yes
8291d2a1-8984-5cfc-bcf8-061f775bfcd4,KXMICHCOACH-26-JBRO,2025-12-24T16:21:07.61365Z,12.00,0.1400,0.8600,yes
4216e737-9b81-7605-0143-aa2e00b52099,KXMICHCOACH-26-JBRO,2025-12-24T16:18:54.790563Z,798.00,0.1300,0.8700,no
1553d081-abab-71c9-28f1-032c77a6ca06,KXMICHCOACH-26-JBRO,2025-12-24T16:18:54.790563Z,50.00,0.1300,0.8700,no
006d27d0-f471-7282-21d1-8487c8016d3c,KXMICHCOACH-26-JBRO,2025-12-24T16:18:54.790563Z,2.00,0.1300,0.8700,no
4b3929bf-e9a1-59c5-a4d1-812d6abf8b9d,KXMICHCOACH-26-JBRO,2025-12-24T16:11:10.729326Z,173.00,0.1300,0.8700,no
7e49f22a-25a4-4918-a58f-cc39a8120fe6,KXMICHCOACH-26-JBRO,2025-12-24T16:11:08.083121Z,13.00,0.1400,0.8600,no
713c85e1-9d99-78e5-c419-4ad4d3ed0813,KXMICHCOACH-26-JBRO,2025-12-24T16:10:53.45695Z,27.00,0.1400,0.8600,no
a0ea3e2d-ba57-4c76-0038-ee637d06c976,KXMICHCOACH-26-JBRO,2025-12-24T16:10:37.28871Z,38.00,0.1400,0.8600,no
dae71b8c-1bae-4258-d6df-d215964be323,KXMICHCOACH-26-JBRO,2025-12-24T16:06:39.658299Z,16.00,0.1400,0.8600,no
cd91487f-7a79-6797-c231-41d6a4b95634,KXMICHCOACH-26-JBRO,2025-12-24T15:58:39.731218Z,29.00,0.1600,0.8400,yes
f30b581f-dfc1-4fed-9693-2f54985b4eed,KXMICHCOACH-26-JBRO,2025-12-24T15:57:18.869168Z,29.00,0.1300,0.8700,no
d0cff7c1-7b69-409a-a4ed-974a73d904f2,KXMICHCOACH-26-JBRO,2025-12-24T15:57:18.869168Z,111.00,0.1300,0.8700,no
f230fde2-cf64-70b8-24e5-3ddc8a55dda4,KXMICHCOACH-26-JBRO,2025-12-24T15:53:24.366058Z,5.00,0.1700,0.8300,yes
d893ab15-f2d8-5294-66bd-a7e0da5d42b4,KXMICHCOACH-26-JBRO,2025-12-24T15:52:11.867254Z,5.00,0.1700,0.8300,yes
d8ac957e-03f8-67f4-f303-6a6fa8cc69ec,KXMICHCOACH-26-JBRO,2025-12-24T15:51:41.786422Z,161.00,0.1700,0.8300,yes
462850c0-655e-631c-ef26-d432e3fc7ce4,KXMICHCOACH-26-JBRO,2025-12-24T15:51:41.786422Z,70.00,0.1600,0.8400,yes
e60e36ea-ab7f-622d-e28d-6a1832dc120c,KXMICHCOACH-26-JBRO,2025-12-24T15:46:58.154507Z,191.00,0.1500,0.8500,no
ca4a68e5-c0b4-63d9-f514-6ceb265e2efb,KXMICHCOACH-26-JBRO,2025-12-24T15:46:58.154507Z,37.00,0.1400,0.8600,no
2fd20d76-6819-6642-c519-6f051a795ac6,KXMICHCOACH-26-JBRO,2025-12-24T15:46:58.154507Z,74.00,0.1300,0.8700,no
d8338e6d-f070-415e-c282-7e125c173d2e,KXMICHCOACH-26-JBRO,2025-12-24T15:46:54.089895Z,473.00,0.1700,0.8300,yes
9dc6ffce-826c-4314-c850-9895e7277064,KXMICHCOACH-26-JBRO,2025-12-24T15:46:54.089895Z,263.00,0.1700,0.8300,yes
6506ad86-d151-7c70-8765-f0526d717711,KXMICHCOACH-26-JBRO,2025-12-24T15:46:19.650509Z,497.00,0.1600,0.8400,yes
5300babd-6ed6-76e0-8beb-367c22050f83,KXMICHCOACH-26-JBRO,2025-12-24T15:46:19.650509Z,166.00,0.1600,0.8400,yes
a398443e-4778-5a86-f0df-3066e4740793,KXMICHCOACH-26-JBRO,2025-12-24T15:43:49.697842Z,14.00,0.1600,0.8400,yes
5cf239fc-69a9-57bc-c830-27f477809afd,KXMICHCOACH-26-JBRO,2025-12-24T15:43:49.697842Z,3.00,0.1600,0.8400,yes
b683079f-9488-4cc6-b4ea-d678753822d3,KXMICHCOACH-26-JBRO,2025-12-24T15:41:52.385665Z,2.00,0.1600,0.8400,yes
22cccc4f-bcba-700a-2fcd-9f9b6327e989,KXMICHCOACH-26-JBRO,2025-12-24T15:39:16.411305Z,75.00,0.1500,0.8500,yes
8e1af70f-f2a5-79a6-aedb-22a2444b2d52,KXMICHCOACH-26-JBRO,2025-12-24T15:38:37.041774Z,79.00,0.1300,0.8700,no
8131313f-c0ed-52f2-1388-1e2ff26e194e,KXMICHCOACH-26-JBRO,2025-12-24T15:31:21.394493Z,300.00,0.1300,0.8700,no
77f8dd03-951c-4743-9bc5-abfe12ebeb12,KXMICHCOACH-26-JBRO,2025-12-24T15:31:00.992085Z,30.00,0.1400,0.8600,no
e304e121-2337-58b1-f219-b1afac0338e1,KXMICHCOACH-26-JBRO,2025-12-24T15:30:48.236647Z,38.00,0.1400,0.8600,no
ff255e3d-3667-41c2-430f-3a5895ad0909,KXMICHCOACH-26-JBRO,2025-12-24T15:30:32.476434Z,1.00,0.1500,0.8500,no
2f7505b3-6f48-4f72-3bed-67951af7de7f,KXMICHCOACH-26-JBRO,2025-12-24T15:30:08.643698Z,88.00,0.1600,0.8400,yes
b8a0ff2a-3949-5466-7958-24dd998a00e0,KXMICHCOACH-26-JBRO,2025-12-24T15:27:18.539633Z,100.00,0.1500,0.8500,yes
c3a352c6-abf1-6b6a-d4c0-f048dbf8efe6,KXMICHCOACH-26-JBRO,2025-12-24T15:26:42.34322Z,409.00,0.1300,0.8700,no
352a3d02-c5c1-6232-f2d3-5e383097e0df,KXMICHCOACH-26-JBRO,2025-12-24T15:26:42.34322Z,1.00,0.1400,0.8600,no
e9193d6f-0bbd-7c82-f7a1-99dd7358aa2e,KXMICHCOACH-26-JBRO,2025-12-24T15:24:32.553865Z,27.00,0.1300,0.8700,no
c6c983ce-73f5-7bd2-db34-3705aa3e4a94,KXMICHCOACH-26-JBRO,2025-12-24T15:24:32.553865Z,1.00,0.1500,0.8500,no
964f628a-f20c-7eb7-e094-a81177838640,KXMICHCOACH-26-JBRO,2025-12-24T15:24:32.553865Z,50.00,0.1500,0.8500,no
94931886-1f10-7f50-c993-b2de366fdf15,KXMICHCOACH-26-JBRO,2025-12-24T15:24:32.553865Z,1000.00,0.1300,0.8700,no
31794009-e766-7047-cde7-07e35eb520fd,KXMICHCOACH-26-JBRO,2025-12-24T15:24:32.553865Z,340.00,0.1400,0.8600,no
209e6f7a-5144-737e-73b2-7b93be5db593,KXMICHCOACH-26-JBRO,2025-12-24T15:23:29.711675Z,100.00,0.1600,0.8400,yes
7465a352-416a-7000-9ded-9842cdf82a1a,KXMICHCOACH-26-JBRO,2025-12-24T15:19:55.398871Z,3.00,0.1500,0.8500,no
3ab9fae3-2bb6-7a5b-a34e-570ef7dd6af5,KXMICHCOACH-26-JBRO,2025-12-24T15:19:55.398871Z,373.00,0.1400,0.8600,no
e41dabf6-7996-7333-b5eb-150f4234a2b1,KXMICHCOACH-26-JBRO,2025-12-24T15:19:32.87502Z,37.00,0.1400,0.8600,no
5b55fd12-a277-7a66-9b18-901fc3a4e8b0,KXMICHCOACH-26-JBRO,2025-12-24T15:19:32.87502Z,5.00,0.1400,0.8600,no
0a41f4ea-31a1-7dfd-836c-4d35611fbb21,KXMICHCOACH-26-JBRO,2025-12-24T15:19:32.87502Z,5.00,0.1500,0.8500,no
289dee31-4978-5c82-0d4e-c7435a82fb83,KXMICHCOACH-26-JBRO,2025-12-24T15:17:19.923179Z,11.00,0.1600,0.8400,yes
87d267f1-0c9e-615d-d324-8b89d26f212d,KXMICHCOACH-26-JBRO,2025-12-24T15:13:32.748047Z,11.00,0.1600,0.8400,no
4606c2d6-cd7c-6de6-cf57-3851859dac44,KXMICHCOACH-26-JBRO,2025-12-24T15:13:32.748047Z,9.00,0.1400,0.8600,no
15c769c6-ea48-5f3a-6d26-85813363c942,KXMICHCOACH-26-JBRO,2025-12-24T15:13:02.063646Z,27.00,0.1700,0.8300,yes
61929a25-4822-5301-46d8-45944afc1d38,KXMICHCOACH-26-JBRO,2025-12-24T15:11:13.296853Z,217.00,0.1500,0.8500,no
432f0453-ec44-5a12-5e2e-5b6d832aae08,KXMICHCOACH-26-JBRO,2025-12-24T15:11:13.296853Z,293.00,0.1400,0.8600,no
d3a92d49-078a-6677-3ac8-38d1198ecacf,KXMICHCOACH-26-JBRO,2025-12-24T15:10:29.058189Z,21.00,0.1600,0.8400,no
2f98f1d6-3112-62d9-2f87-d9eb405357c4,KXMICHCOACH-26-JBRO,2025-12-24T15:10:29.058189Z,43.00,0.1500,0.8500,no
6aef6d1c-935e-474b-5000-ec8594af41e8,KXMICHCOACH-26-JBRO,2025-12-24T15:04:46.103936Z,33.00,0.1900,0.8100,no
ebbf7cc8-14d7-5232-85ae-fdb9afee7a21,KXMICHCOACH-26-JBRO,2025-12-24T15:01:32.203268Z,1.00,0.1900,0.8100,yes
bfe2c349-e0cc-4afe-c3a8-7425119a986c,KXMICHCOACH-26-JBRO,2025-12-24T15:01:04.184759Z,12.00,0.1800,0.8200,no
68837fa7-e043-4e54-c344-49eab25a71d7,KXMICHCOACH-26-JBRO,2025-12-24T15:01:04.184759Z,42.00,0.1700,0.8300,no
2274eb26-5af2-4f91-c079-d6ca9e2985a0,KXMICHCOACH-26-JBRO,2025-12-24T15:01:04.184759Z,1446.00,0.1500,0.8500,no
947f6698-cff3-7978-97f3-2adc55b1eeb5,KXMICHCOACH-26-JBRO,2025-12-24T14:58:11.66575Z,47.00,0.2000,0.8000,yes
e4fef78d-5e87-41c8-397b-117f3e026cbd,KXMICHCOACH-26-JBRO,2025-12-24T14:57:51.797017Z,231.00,0.2000,0.8000,yes
ca6f0dc5-03c7-4cfd-2842-baf322f9fc39,KXMICHCOACH-26-JBRO,2025-12-24T14:57:51.797017Z,80.00,0.1900,0.8100,yes
f0751144-7cbd-5902-18ee-c0a8750a1185,KXMICHCOACH-26-JBRO,2025-12-24T14:57:35.89594Z,49.00,0.1900,0.8100,yes
d7258e58-e1fb-4bc4-6078-b231a04b373d,KXMICHCOACH-26-JBRO,2025-12-24T14:55:34.460344Z,50.00,0.2000,0.8000,yes
e5aebd10-b531-46c5-7b3e-35cc1795e33a,KXMICHCOACH-26-JBRO,2025-12-24T14:52:20.032693Z,4.00,0.1700,0.8300,no
ccd97bc1-07c2-4c50-4793-6e365c06efc6,KXMICHCOACH-26-JBRO,2025-12-24T14:52:20.032693Z,5.00,0.1800,0.8200,no
8d093ac6-7e46-43ee-6f64-a3cc350e3064,KXMICHCOACH-26-JBRO,2025-12-24T14:52:20.032693Z,167.00,0.1900,0.8100,no
59828619-712a-43e3-59ac-f2d64fce71c1,KXMICHCOACH-26-JBRO,2025-12-24T14:52:20.032693Z,5.00,0.1700,0.8300,no
2744e209-6b4d-4bbe-4c05-9cf546147e78,KXMICHCOACH-26-JBRO,2025-12-24T14:52:20.032693Z,5.00,0.1700,0.8300,no
1bfb873e-f856-43c1-7ba1-98c69b06e36c,KXMICHCOACH-26-JBRO,2025-12-24T14:52:20.032693Z,294.00,0.1500,0.8500,no
4eb3ba87-c1bb-5edc-26dc-81148354bfc1,KXMICHCOACH-26-JBRO,2025-12-24T14:45:35.959016Z,3.00,0.2000,0.8000,yes
e3384ce9-179a-5803-8e2f-710cb38b4826,KXMICHCOACH-26-JBRO,2025-12-24T14:40:09.354713Z,163.00,0.1900,0.8100,yes
ae16bfeb-dd0a-6b57-a700-4a68d12a70f2,KXMICHCOACH-26-JBRO,2025-12-24T14:37:44.409231Z,9.00,0.1900,0.8100,yes
86c0e762-95ae-62c3-345e-2b4030431096,KXMICHCOACH-26-JBRO,2025-12-24T14:37:24.48168Z,14.00,0.1800,0.8200,yes
5552c8ae-ebc0-6511-05fb-c940b0712572,KXMICHCOACH-26-JBRO,2025-12-24T14:37:24.48168Z,12.00,0.1700,0.8300,yes
f606b561-3875-6913-98b3-5d330e658fb8,KXMICHCOACH-26-JBRO,2025-12-24T14:37:20.564169Z,11.00,0.1400,0.8600,no
b7f3eeab-4b3a-6104-890a-e32a30ccf97d,KXMICHCOACH-26-JBRO,2025-12-24T14:37:20.564169Z,557.00,0.1400,0.8600,no
7e1de68e-72e3-6d33-beb4-8ed55122fc4b,KXMICHCOACH-26-JBRO,2025-12-24T14:37:20.564169Z,7.00,0.1400,0.8600,no
7c2421e1-e7cb-6d6d-a608-2f742d546322,KXMICHCOACH-26-JBRO,2025-12-24T14:37:20.564169Z,12.00,0.1400,0.8600,no
499c3e98-c1f6-6ab7-b1d4-36ea5a3d5a19,KXMICHCOACH-26-JBRO,2025-12-24T14:37:20.564169Z,72.00,0.1400,0.8600,no
fddd07ed-767f-499c-7909-2a9d2001ef27,KXMICHCOACH-26-JBRO,2025-12-24T14:37:10.221713Z,10.00,0.1500,0.8500,no
afa3bdbc-cd0c-57fb-3ef0-cbb194717b8b,KXMICHCOACH-26-JBRO,2025-12-24T14:36:58.154286Z,18.00,0.1600,0.8400,no
036a1b59-84bc-490f-bf35-897228f55fc3,KXMICHCOACH-26-JBRO,2025-12-24T14:36:49.650383Z,1.00,0.1600,0.8400,no
e7e589e7-d9b6-5e73-6156-cd3f99f2c359,KXMICHCOACH-26-JBRO,2025-12-24T14:32:23.266224Z,1300.00,0.1500,0.8500,no
ad8b2762-8506-5c10-6a15-27ba0cce88ec,KXMICHCOACH-26-JBRO,2025-12-24T14:32:23.266224Z,385.00,0.1500,0.8500,no
82f461d2-8eb7-5faf-5351-1ba12115fe44,KXMICHCOACH-26-JBRO,2025-12-24T14:32:23.266224Z,16.00,0.1500,0.8500,no
7c43fd68-3681-57b6-618e-05c7f9cc7e33,KXMICHCOACH-26-JBRO,2025-12-24T14:32:23.266224Z,1000.00,0.1600,0.8400,no
76388301-12be-549f-4a4c-e6e1eb95d341,KXMICHCOACH-26-JBRO,2025-12-24T14:32:23.266224Z,396.00,0.1400,0.8600,no
64a50290-d3dd-566d-64f6-0abbb6eb836d,KXMICHCOACH-26-JBRO,2025-12-24T14:32:23.266224Z,7.00,0.1500,0.8500,no
1f5769ed-357b-5553-6ceb-3629c0cb8949,KXMICHCOACH-26-JBRO,2025-12-24T14:32:23.266224Z,11.00,0.1700,0.8300,no
022d7c87-7910-5ddd-5434-19d08fcd62e6,KXMICHCOACH-26-JBRO,2025-12-24T14:32:23.266224Z,39.00,0.1600,0.8400,no
a79ccef9-5a53-6030-26e8-52c2181cf859,KXMICHCOACH-26-JBRO,2025-12-24T14:29:13.146301Z,66.00,0.2000,0.8000,yes
37842bb2-f9fc-6bf9-0820-b0f06a7e5d8e,KXMICHCOACH-26-JBRO,2025-12-24T14:29:13.146301Z,10.00,0.1900,0.8100,yes
223dadb9-6ea8-61ad-3a93-82bf7a7ed6a6,KXMICHCOACH-26-JBRO,2025-12-24T14:29:13.146301Z,45.00,0.1900,0.8100,yes
33d056b1-426d-4936-7aca-0d72b6af01db,KXMICHCOACH-26-JBRO,2025-12-24T14:28:04.394262Z,74.00,0.1900,0.8100,yes
b7ed3090-7bcd-5001-5b60-2c7305005172,KXMICHCOACH-26-JBRO,2025-12-24T14:19:15.128407Z,11.00,0.1900,0.8100,yes
fdb3644b-8c26-4d50-8262-108639b79bd8,KXMICHCOACH-26-JBRO,2025-12-24T14:11:24.791333Z,115.00,0.1500,0.8500,no
d03cd8f5-2768-4d2c-9192-8f58a1fcc1a3,KXMICHCOACH-26-JBRO,2025-12-24T14:11:24.791333Z,50.00,0.1500,0.8500,no
afffc337-57f9-4155-8830-dee94207402d,KXMICHCOACH-26-JBRO,2025-12-24T14:11:24.791333Z,4.00,0.1600,0.8400,no
fc6a8715-91ea-7185-a92a-8e8f9d4650ca,KXMICHCOACH-26-JBRO,2025-12-24T14:03:47.119739Z,1416.00,0.1700,0.8300,no
af934337-23fc-7097-8459-559a06f15768,KXMICHCOACH-26-JBRO,2025-12-24T14:03:47.119739Z,7.00,0.1800,0.8200,no
a985e612-c5a2-76e7-8945-b766b21baab6,KXMICHCOACH-26-JBRO,2025-12-24T14:03:47.119739Z,770.00,0.1500,0.8500,no
9cfdf981-0b1a-70d3-84a9-3122e8e63041,KXMICHCOACH-26-JBRO,2025-12-24T14:03:47.119739Z,338.00,0.1400,0.8600,no
07e37023-48bc-7bf1-b2da-e37f267d1fcb,KXMICHCOACH-26-JBRO,2025-12-24T14:03:47.119739Z,16.00,0.1900,0.8100,no
dbd65b9c-fe87-54d8-08d0-a15c8cc10059,KXMICHCOACH-26-JBRO,2025-12-24T13:50:17.712689Z,61.00,0.2000,0.8000,yes
2862737d-dceb-610c-02c8-2023c7227109,KXMICHCOACH-26-JBRO,2025-12-24T13:40:41.041505Z,47.00,0.2000,0.8000,yes
acdc4af7-238a-5609-fda8-d40c07650c62,KXMICHCOACH-26-JBRO,2025-12-24T13:38:02.061025Z,26.00,0.1700,0.8300,no
a46e03ea-41e3-59a5-d432-7be89b639240,KXMICHCOACH-26-JBRO,2025-12-24T13:38:02.061025Z,15.00,0.1800,0.8200,no
3daebedb-ecc9-474f-00ff-42dc8d702ffb,KXMICHCOACH-26-JBRO,2025-12-24T13:34:30.000357Z,30.00,0.1900,0.8100,yes
f2a5eb55-00c6-7f4a-afa9-87f4e7404cd2,KXMICHCOACH-26-JBRO,2025-12-24T13:32:31.642364Z,4.00,0.2000,0.8000,yes
e826b5ff-0ce7-787e-a7d6-86cb942f6799,KXMICHCOACH-26-JBRO,2025-12-24T13:32:31.642364Z,2.00,0.2000,0.8000,yes
a1bec8b2-2b70-7c5c-b002-a6b79a253996,KXMICHCOACH-26-JBRO,2025-12-24T13:32:31.642364Z,9.00,0.2000,0.8000,yes
73235adf-510b-7acb-a471-e66ed6822d50,KXMICHCOACH-26-JBRO,2025-12-24T13:32:31.642364Z,4.00,0.2000,0.8000,yes
6859b993-9e57-7c82-abb3-6a254f4d0ffe,KXMICHCOACH-26-JBRO,2025-12-24T13:32:31.642364Z,6.00,0.2000,0.8000,yes
270373fe-f55f-7ccc-8e73-6a27d904659d,KXMICHCOACH-26-JBRO,2025-12-24T13:32:31.642364Z,69.00,0.2000,0.8000,yes
8b8e957b-3c29-577c-1e12-ff4a713764c8,KXMICHCOACH-26-JBRO,2025-12-24T13:32:28.837596Z,12.00,0.1800,0.8200,no
1c92202e-494a-5f89-0070-a1918acc104e,KXMICHCOACH-26-JBRO,2025-12-24T13:32:28.837596Z,58.00,0.1700,0.8300,no
1d025dd6-5a0f-4096-7903-459c730581c6,KXMICHCOACH-26-JBRO,2025-12-24T13:30:16.137414Z,1.00,0.2000,0.8000,yes
3c94274a-93c8-7396-581e-fc8ced30bddc,KXMICHCOACH-26-JBRO,2025-12-24T13:24:29.736992Z,26.00,0.1800,0.8200,yes
bcc0d953-df03-4471-3f1b-a4409de8a435,KXMICHCOACH-26-JBRO,2025-12-24T13:20:12.312409Z,175.00,0.1700,0.8300,no
21de766c-2d67-6e37-cfea-75cf6b7d97c9,KXMICHCOACH-26-JBRO,2025-12-24T13:20:01.322272Z,11.00,0.1800,0.8200,no
ef896731-806c-7c76-8d12-2b920973a808,KXMICHCOACH-26-JBRO,2025-12-24T13:17:32.866969Z,24.00,0.1900,0.8100,yes
e46f03e4-97a9-5ecb-91a9-22ce7aed3564,KXMICHCOACH-26-JBRO,2025-12-24T12:52:27.613117Z,12.00,0.1800,0.8200,yes
527b71a3-ecdd-5899-81dc-898211efc783,KXMICHCOACH-26-JBRO,2025-12-24T12:52:27.613117Z,13.00,0.1900,0.8100,yes
71ee95c9-8e42-6f7b-7523-06a94f4b26b9,KXMICHCOACH-26-JBRO,2025-12-24T12:45:52.195487Z,20.00,0.1400,0.8600,no
c7d20f89-d92e-67c3-ee74-a81efd76fe95,KXMICHCOACH-26-JBRO,2025-12-24T12:37:58.899437Z,26.00,0.1400,0.8600,no
b1882a77-8489-6eac-0752-863603bf83be,KXMICHCOACH-26-JBRO,2025-12-24T12:37:46.947109Z,1.00,0.1500,0.8500,no
9c77427f-c970-4c92-fb04-102995467f39,KXMICHCOACH-26-JBRO,2025-12-24T12:37:30.106605Z,1.00,0.1500,0.8500,no
fd403855-26d9-4afc-9fe8-f7b8ad1fe93e,KXMICHCOACH-26-JBRO,2025-12-24T12:37:21.510202Z,2.00,0.1500,0.8500,no
4e198891-7728-6276-5b24-e0a066fed3e8,KXMICHCOACH-26-JBRO,2025-12-24T12:35:24.489196Z,3447.00,0.1500,0.8500,no
2ed4eb5f-147c-6a56-4999-6edcfec361da,KXMICHCOACH-26-JBRO,2025-12-24T12:35:24.489196Z,9.00,0.1500,0.8500,no
26602ff5-61c5-6817-58fd-1fc16e77444a,KXMICHCOACH-26-JBRO,2025-12-24T12:35:24.489196Z,4.00,0.1600,0.8400,no
0aa756fb-0492-6763-4a32-91899e84eebd,KXMICHCOACH-26-JBRO,2025-12-24T12:35:24.489196Z,4.00,0.1500,0.8500,no
daaa020a-551c-6126-ebeb-87943565c200,KXMICHCOACH-26-JBRO,2025-12-24T12:26:21.224783Z,47.00,0.1500,0.8500,no
d9177337-ee4e-6a73-cbce-8332d00bd877,KXMICHCOACH-26-JBRO,2025-12-24T12:25:21.150933Z,3.00,0.1600,0.8400,no
c4e076e6-e52c-4c72-ce08-11fa006dfd28,KXMICHCOACH-26-JBRO,2025-12-24T12:24:26.847234Z,67.00,0.1500,0.8500,no
7ba9bc2c-322e-4065-fe80-73a7d29ed63a,KXMICHCOACH-26-JBRO,2025-12-24T12:24:26.847234Z,33.00,0.1800,0.8200,no
ce4b1f0a-dcd0-7ec2-e515-47b23166ee81,KXMICHCOACH-26-JBRO,2025-12-24T12:24:19.951248Z,4.00,0.1800,0.8200,no
b17f409c-39bc-7679-ca60-ed2bad67e1dc,KXMICHCOACH-26-JBRO,2025-12-24T12:24:19.951248Z,40.00,0.1800,0.8200,no
a87b28c7-e13a-78ad-d24f-3b706f506eaa,KXMICHCOACH-26-JBRO,2025-12-24T12:24:19.951248Z,7.00,0.1800,0.8200,no
8866000f-864a-70a3-f67d-710176e085f6,KXMICHCOACH-26-JBRO,2025-12-24T12:24:19.951248Z,7.00,0.1900,0.8100,no
4b3765db-3552-79c8-c9d5-a06021d8418b,KXMICHCOACH-26-JBRO,2025-12-24T12:24:19.951248Z,40.00,0.1800,0.8200,no
110fd2ef-8a7b-7a69-e25f-c0cb19642de2,KXMICHCOACH-26-JBRO,2025-12-24T12:24:19.951248Z,2.00,0.1900,0.8100,no
fb1ca358-4865-5e27-202b-b35765024d2c,KXMICHCOACH-26-JBRO,2025-12-24T12:23:48.02213Z,9.00,0.2000,0.8000,no
62029c24-5307-5109-2915-b6019a099462,KXMICHCOACH-26-JBRO,2025-12-24T12:23:48.02213Z,4.00,0.1900,0.8100,no
5cd645ed-c678-58e4-1bfb-bb09c7fb7c6e,KXMICHCOACH-26-JBRO,2025-12-24T12:23:48.02213Z,7.00,0.1900,0.8100,no
cf15a422-a1ea-4d85-3bb2-af29df52c565,KXMICHCOACH-26-JBRO,2025-12-24T12:15:13.163435Z,2.00,0.2000,0.8000,no
b3f2b368-b957-443e-1f86-1f57acb273bd,KXMICHCOACH-26-JBRO,2025-12-24T12:15:13.163435Z,41.00,0.2200,0.7800,no
93b2a106-b2e6-4b6e-380c-b9b845824f6c,KXMICHCOACH-26-JBRO,2025-12-24T12:15:13.163435Z,14.00,0.2200,0.7800,no
38f7047f-8185-436a-3084-b9ab76271509,KXMICHCOACH-26-JBRO,2025-12-24T12:15:13.163435Z,4.00,0.2000,0.8000,no
09d4ed9a-9c50-6bb4-21b4-422e7c9b6b65,KXMICHCOACH-26-JBRO,2025-12-24T12:09:53.673408Z,41.00,0.2300,0.7700,yes
b711355a-8c68-4b68-8e27-500b0d671165,KXMICHCOACH-26-JBRO,2025-12-24T12:06:04.360972Z,5.00,0.2300,0.7700,yes
45c5c4f7-b2ec-56f0-1cef-85a630b97c29,KXMICHCOACH-26-JBRO,2025-12-24T11:55:42.589624Z,41.00,0.2300,0.7700,yes
c093868f-6c70-4433-de14-3869b7ec1ba5,KXMICHCOACH-26-JBRO,2025-12-24T11:17:21.314652Z,60.00,0.2400,0.7600,yes
934d154d-9ff1-40fc-e7e7-c92141b5707e,KXMICHCOACH-26-JBRO,2025-12-24T11:17:21.314652Z,233.00,0.2400,0.7600,yes
79d91f6e-ec70-525e-8af3-f078c19aaaf9,KXMICHCOACH-26-JBRO,2025-12-24T11:11:56.496038Z,28.00,0.2300,0.7700,no
14064f1d-5be4-5bbc-9abd-141a68b3cbfe,KXMICHCOACH-26-JBRO,2025-12-24T11:11:56.496038Z,77.00,0.2300,0.7700,no
048b26dc-1830-66d7-dfc5-74c3775131fd,KXMICHCOACH-26-JBRO,2025-12-24T10:58:50.418804Z,50.00,0.2400,0.7600,yes
fd8b266a-2b38-5407-4aea-abd15ee89769,KXMICHCOACH-26-JBRO,2025-12-24T10:57:38.713376Z,7.00,0.2400,0.7600,yes
b622b319-f5bc-682f-7cb6-439e549ae585,KXMICHCOACH-26-JBRO,2025-12-24T10:50:05.094032Z,1.00,0.2400,0.7600,yes
b6610bb5-8f9f-6991-091e-69b5b31d2d73,KXMICHCOACH-26-JBRO,2025-12-24T10:13:04.150223Z,32.00,0.2400,0.7600,yes
b019fe13-2d72-5e68-08ee-2bf99a317b8e,KXMICHCOACH-26-JBRO,2025-12-24T09:36:56.164431Z,33.00,0.2800,0.7200,yes
c7cadd01-14e6-5f54-f4cd-ccca2da44c72,KXMICHCOACH-26-JBRO,2025-12-24T09:27:36.837188Z,51.00,0.2800,0.7200,yes
da0c0de0-17ee-55bc-3090-bc724d017f1a,KXMICHCOACH-26-JBRO,2025-12-24T09:22:33.454291Z,7.00,0.2800,0.7200,yes
2837c4b1-72ad-57db-1bca-9494dac1fc0f,KXMICHCOACH-26-JBRO,2025-12-24T09:22:33.454291Z,10.00,0.2700,0.7300,yes
a157d9fc-4d26-42bd-b494-faa0a3e0f0b3,KXMICHCOACH-26-JBRO,2025-12-24T09:21:38.724994Z,148.00,0.2700,0.7300,yes
1dd8a61d-57a6-4a38-bfb3-279eecd93f5a,KXMICHCOACH-26-JBRO,2025-12-24T09:21:38.724994Z,48.00,0.2800,0.7200,yes
9e9dfe30-8290-459d-abf2-88a3d246a0c8,KXMICHCOACH-26-JBRO,2025-12-24T09:01:17.586382Z,9.00,0.2500,0.7500,no
33dae7b4-f9ea-4862-b558-ddbc2bf60992,KXMICHCOACH-26-JBRO,2025-12-24T09:01:17.586382Z,10.00,0.2400,0.7600,no
88814750-3a4d-6715-953d-92c4a25953fb,KXMICHCOACH-26-JBRO,2025-12-24T08:53:52.848607Z,3.00,0.2500,0.7500,yes
c8d5b1c9-8ffd-42cc-fd4a-6c61723439e1,KXMICHCOACH-26-JBRO,2025-12-24T08:32:07.715973Z,11.00,0.2300,0.7700,yes
bdc15fa6-9360-4850-ebbc-38687bcdf1b2,KXMICHCOACH-26-JBRO,2025-12-24T08:32:07.715973Z,79.00,0.2400,0.7600,yes
08774d79-6076-4e7e-c470-a6ff1b77e7e7,KXMICHCOACH-26-JBRO,2025-12-24T08:32:07.715973Z,12.00,0.2500,0.7500,yes
eeceb730-1cea-58dd-e6bf-87156cc3310f,KXMICHCOACH-26-JBRO,2025-12-24T08:29:06.279825Z,16.00,0.2300,0.7700,no
b82924a8-587a-5900-d876-dda37f43da69,KXMICHCOACH-26-JBRO,2025-12-24T08:29:06.279825Z,18.00,0.2300,0.7700,no
a5a896d3-2572-5755-cbc7-c5e1ab499b20,KXMICHCOACH-26-JBRO,2025-12-24T08:29:06.279825Z,12.00,0.2500,0.7500,no
8c4e655b-565c-55e1-ffe1-31a02be59e51,KXMICHCOACH-26-JBRO,2025-12-24T08:29:06.279825Z,6.00,0.2300,0.7700,no
8639b7b3-04b5-51b3-e940-1bdc4f2035f2,KXMICHCOACH-26-JBRO,2025-12-24T08:29:06.279825Z,137.00,0.2400,0.7600,no
6712052e-3d44-5753-fa94-7a9ea7169ba3,KXMICHCOACH-26-JBRO,2025-12-24T08:29:06.279825Z,18.00,0.2300,0.7700,no
5e6c660c-f09e-51ab-e2a5-aebb0129c5ed,KXMICHCOACH-26-JBRO,2025-12-24T08:29:06.279825Z,123.00,0.1400,0.8600,no
5552f79d-15f3-5598-ed5c-c38195c5c84c,KXMICHCOACH-26-JBRO,2025-12-24T08:29:06.279825Z,17.00,0.2300,0.7700,no
3baa7e9e-bc8e-5a45-f8f3-a70ff401d0e9,KXMICHCOACH-26-JBRO,2025-12-24T08:29:06.279825Z,45.00,0.2300,0.7700,no
80f58a95-e52f-592b-ca4b-8da7abcc170b,KXMICHCOACH-26-JBRO,2025-12-24T08:27:03.019273Z,12.00,0.2700,0.7300,yes
65589ba4-59fa-5c04-d179-9dae8cbe2672,KXMICHCOACH-26-JBRO,2025-12-24T08:27:03.019273Z,5.00,0.2800,0.7200,yes
e69a033e-49e0-46e3-261e-4b222d4a47f1,KXMICHCOACH-26-JBRO,2025-12-24T08:19:31.125365Z,20.00,0.2300,0.7700,no
75a50ad0-9a1a-4da3-1c01-c725fccc6a50,KXMICHCOACH-26-JBRO,2025-12-24T08:19:31.125365Z,11.00,0.2300,0.7700,no
3ce50b15-c99c-4bbd-1b5c-7af8fe32ca21,KXMICHCOACH-26-JBRO,2025-12-24T08:19:31.125365Z,5.00,0.2300,0.7700,no
bf27fe70-2790-610f-5ed2-5e991ea65297,KXMICHCOACH-26-JBRO,2025-12-24T08:19:06.178444Z,456.00,0.2400,0.7600,no
7117e690-01dd-6297-7162-5efaf0da74ef,KXMICHCOACH-26-JBRO,2025-12-24T08:19:06.178444Z,6.00,0.2400,0.7600,no
fe07e54d-8bb9-7c59-7718-9106dbe7fe45,KXMICHCOACH-26-JBRO,2025-12-24T08:18:49.677989Z,12.00,0.2500,0.7500,no
e9be854e-64f6-79f4-b9d0-276e9289892a,KXMICHCOACH-26-JBRO,2025-12-24T08:11:37.870399Z,16.00,0.2800,0.7200,yes
4f57dffa-b513-7ff9-8069-7ad7a0a427e8,KXMICHCOACH-26-JBRO,2025-12-24T08:11:37.870399Z,1.00,0.2700,0.7300,yes
94c26a56-27f6-4b9b-3585-448b40fa2876,KXMICHCOACH-26-JBRO,2025-12-24T07:14:14.41245Z,1.00,0.2600,0.7400,yes
f43904ff-cfec-4c05-c60e-c7bec9f75ff7,KXMICHCOACH-26-JBRO,2025-12-24T07:13:40.721897Z,15.00,0.2600,0.7400,yes
e61cb230-2324-4893-dae8-458bf17fa000,KXMICHCOACH-26-JBRO,2025-12-24T07:13:40.721897Z,7.00,0.2300,0.7700,yes
e18b006f-58a0-47b9-e781-a9467adc2134,KXMICHCOACH-26-JBRO,2025-12-24T07:13:40.721897Z,40.00,0.2400,0.7600,yes
e1368a6f-41fa-4d5b-f0bd-5d43f7c4abcf,KXMICHCOACH-26-JBRO,2025-12-24T07:13:40.721897Z,40.00,0.2400,0.7600,yes
d92b47db-4198-485e-e571-f50a6742bb86,KXMICHCOACH-26-JBRO,2025-12-24T07:13:40.721897Z,14.00,0.2600,0.7400,yes
d4e29702-ed6d-4b9c-fdf9-b7be27951e70,KXMICHCOACH-26-JBRO,2025-12-24T07:13:40.721897Z,20.00,0.2600,0.7400,yes
b78d6c75-7b9b-4779-d647-5e6ea010ade3,KXMICHCOACH-26-JBRO,2025-12-24T07:13:40.721897Z,58.00,0.2500,0.7500,yes
98123a21-861a-4476-deb9-dce90a24b74e,KXMICHCOACH-26-JBRO,2025-12-24T07:13:40.721897Z,1512.00,0.2700,0.7300,yes
4c63ace0-9b77-4a12-c2f5-d99d1e9b69a6,KXMICHCOACH-26-JBRO,2025-12-24T07:13:40.721897Z,38.00,0.2500,0.7500,yes
457d2eb7-f20e-4208-f887-560c5fac1780,KXMICHCOACH-26-JBRO,2025-12-24T07:13:40.721897Z,40.00,0.2400,0.7600,yes
ebde2ca3-1a79-494a-19da-1dce18d5bc25,KXMICHCOACH-26-JBRO,2025-12-24T06:47:27.034366Z,9.00,0.2400,0.7600,no
e0b04bc5-85ea-4cd3-3d42-ed35b0c29fd1,KXMICHCOACH-26-JBRO,2025-12-24T06:47:27.034366Z,25.00,0.1400,0.8600,no
bf0c0b63-3641-4f37-0dc4-f67f97c012a8,KXMICHCOACH-26-JBRO,2025-12-24T06:47:27.034366Z,52.00,0.2300,0.7700,no
eae06155-e493-6d3e-93f8-71a1b0b085e6,KXMICHCOACH-26-JBRO,2025-12-24T06:35:00.337645Z,10.00,0.2600,0.7400,yes
42c5cd4c-c3fb-47ca-55be-67b42a91b3c2,KXMICHCOACH-26-JBRO,2025-12-24T06:22:00.414786Z,115.00,0.2600,0.7400,yes
021e1611-5d68-4ea4-4c3b-81ea74327eea,KXMICHCOACH-26-JBRO,2025-12-24T06:22:00.414786Z,3.00,0.2500,0.7500,yes
df13b34a-df00-4f74-5ce2-cce4ed8b9cf6,KXMICHCOACH-26-JBRO,2025-12-24T06:20:37.702266Z,38.00,0.2500,0.7500,yes
dc122253-f28b-662a-f88d-07047236cab2,KXMICHCOACH-26-JBRO,2025-12-24T06:17:12.945277Z,28.00,0.2600,0.7400,yes
810cd30a-c5d7-6ba1-f314-7fc21886ef62,KXMICHCOACH-26-JBRO,2025-12-24T06:17:12.945277Z,82.00,0.2400,0.7600,yes
5c785397-bdca-6ed2-dc4b-8e8ac6c28594,KXMICHCOACH-26-JBRO,2025-12-24T06:17:12.945277Z,39.00,0.2400,0.7600,yes
14e227d2-045c-6548-e8cb-33377fee4071,KXMICHCOACH-26-JBRO,2025-12-24T06:17:12.945277Z,7.00,0.2300,0.7700,yes
1293aa77-3059-6fcc-c835-61f85c448628,KXMICHCOACH-26-JBRO,2025-12-24T06:17:12.945277Z,39.00,0.2400,0.7600,yes
76837d7c-6cd3-48c2-2cb5-bcfafa95d3ab,KXMICHCOACH-26-JBRO,2025-12-24T06:14:46.347927Z,64.00,0.1700,0.8300,no
6ff9453c-8773-458b-296d-dbe080f2f0ff,KXMICHCOACH-26-JBRO,2025-12-24T06:14:46.347927Z,40.00,0.1800,0.8200,no
40a5d657-3966-44e3-19f3-3e61abc9ce0e,KXMICHCOACH-26-JBRO,2025-12-24T06:14:46.347927Z,40.00,0.1800,0.8200,no
1bfc8d8c-1364-47ee-1d7f-68a81393d2bc,KXMICHCOACH-26-JBRO,2025-12-24T06:14:46.347927Z,9.00,0.1900,0.8100,no
0dc817c6-5242-4ac3-3580-2c68d6b56a3d,KXMICHCOACH-26-JBRO,2025-12-24T06:14:46.347927Z,40.00,0.1800,0.8200,no
4ad4988e-b4c4-58b6-5c47-ae586901ecdc,KXMICHCOACH-26-JBRO,2025-12-24T06:10:16.48453Z,12.00,0.1900,0.8100,no
0a705cad-02a1-5134-7c46-2e4d37e14736,KXMICHCOACH-26-JBRO,2025-12-24T06:10:16.48453Z,7.00,0.2000,0.8000,no
91a558cd-8658-7b5f-67f4-80ffbc0a326b,KXMICHCOACH-26-JBRO,2025-12-24T06:09:01.375309Z,39.00,0.2400,0.7600,yes
e551c2d1-d20b-4e2a-277a-3d3e7d10f762,KXMICHCOACH-26-JBRO,2025-12-24T06:04:37.537678Z,27.00,0.2600,0.7400,yes
dd3fd02a-ac09-4cec-0d3a-f21880b1e854,KXMICHCOACH-26-JBRO,2025-12-24T06:04:37.537678Z,9.00,0.2500,0.7500,yes
c443425c-b4e3-6ad2-9bdf-47cc10728949,KXMICHCOACH-26-JBRO,2025-12-24T06:04:07.608902Z,3.00,0.1900,0.8100,no
6f9199b9-1f27-6cf9-b5a2-7315c2a173dd,KXMICHCOACH-26-JBRO,2025-12-24T06:04:07.608902Z,61.00,0.1500,0.8500,no
6c005193-cb72-6979-a5fd-af35996f1904,KXMICHCOACH-26-JBRO,2025-12-24T06:04:07.608902Z,42.00,0.2200,0.7800,no
60018a53-fdd6-6744-8b44-fdd90c56c867,KXMICHCOACH-26-JBRO,2025-12-24T06:04:07.608902Z,18.00,0.2100,0.7900,no
47be0297-0143-69a7-b0fb-ec5af5a9acd8,KXMICHCOACH-26-JBRO,2025-12-24T06:04:07.608902Z,1.00,0.2000,0.8000,no
4499885f-e942-67f3-a910-8e40ed2fb1f4,KXMICHCOACH-26-JBRO,2025-12-24T06:04:07.608902Z,18.00,0.2100,0.7900,no
1eaed27f-bce8-6576-adc9-1850cdfe8a28,KXMICHCOACH-26-JBRO,2025-12-24T06:04:07.608902Z,10.00,0.2200,0.7800,no
0d2e8984-4cec-6beb-983a-183a7ee58178,KXMICHCOACH-26-JBRO,2025-12-24T06:04:07.608902Z,8.00,0.2300,0.7700,no
0b89591b-4554-6bc2-b64d-fd7572210cc3,KXMICHCOACH-26-JBRO,2025-12-24T06:04:07.608902Z,4.00,0.1900,0.8100,no
01efb685-a71c-6b87-b28a-61773bd42f27,KXMICHCOACH-26-JBRO,2025-12-24T06:04:07.608902Z,17.00,0.2100,0.7900,no
d53b795e-4705-7964-dd1e-7de737a31ce6,KXMICHCOACH-26-JBRO,2025-12-24T06:03:08.195613Z,9.00,0.2500,0.7500,yes
2c861b09-e9b3-7b0e-c9ce-c0e1fe497516,KXMICHCOACH-26-JBRO,2025-12-24T06:03:08.195613Z,82.00,0.2600,0.7400,yes
a3627cfa-0123-49c6-e74e-7be1b1d0dc56,KXMICHCOACH-26-JBRO,2025-12-24T05:55:58.057327Z,91.00,0.2600,0.7400,yes
f7e24819-ebbe-4a53-1034-f06394fe860b,KXMICHCOACH-26-JBRO,2025-12-24T05:55:43.496996Z,2.00,0.2500,0.7500,yes
25bc95fe-7557-485c-1077-e2286b6e3238,KXMICHCOACH-26-JBRO,2025-12-24T05:55:43.496996Z,7.00,0.2500,0.7500,yes
797ad841-7c8f-5452-8d86-4b0bfa612867,KXMICHCOACH-26-JBRO,2025-12-24T05:38:26.296776Z,85.00,0.2300,0.7700,yes
66e1cbc6-0d8e-50a0-bb59-9979110d0450,KXMICHCOACH-26-JBRO,2025-12-24T05:38:26.296776Z,46.00,0.2300,0.7700,yes
e78cc0a8-81e7-594d-6aca-d29bbd06827d,KXMICHCOACH-26-JBRO,2025-12-24T05:38:00.344218Z,590.00,0.2200,0.7800,no
6cb9834e-0a46-61d0-32b4-2a13ed17cbbe,KXMICHCOACH-26-JBRO,2025-12-24T05:36:23.194002Z,36.00,0.1400,0.8600,no
65e2f080-60c7-5a71-fa62-c03364125020,KXMICHCOACH-26-JBRO,2025-12-24T05:33:37.701788Z,1.00,0.1400,0.8600,no
53bd779e-ecf2-7620-38ee-6235ab490ddd,KXMICHCOACH-26-JBRO,2025-12-24T05:32:37.343015Z,3.00,0.2400,0.7600,yes
e723e45c-4faf-50a2-7764-00aa36ff5eeb,KXMICHCOACH-26-JBRO,2025-12-24T05:28:33.685688Z,500.00,0.1500,0.8500,no
e5e616e4-1da3-5616-5dee-da3c1f0712fb,KXMICHCOACH-26-JBRO,2025-12-24T05:28:33.685688Z,242.00,0.1200,0.8800,no
e19d7606-c9a6-583c-4d26-f24aaaceb968,KXMICHCOACH-26-JBRO,2025-12-24T05:28:33.685688Z,2500.00,0.1600,0.8400,no
d3ccb0fb-dc3b-5b53-4fc3-75cf7b0bcf43,KXMICHCOACH-26-JBRO,2025-12-24T05:28:33.685688Z,1.00,0.2100,0.7900,no
c7c72af2-838a-5ca4-413e-22d5d1e5d0a5,KXMICHCOACH-26-JBRO,2025-12-24T05:28:33.685688Z,800.00,0.1900,0.8100,no
afbb1dee-069b-5bfa-5ce9-8c39d13012d2,KXMICHCOACH-26-JBRO,2025-12-24T05:28:33.685688Z,91.00,0.1300,0.8700,no
acb08d5d-47e2-57e4-4308-227ab81103e1,KXMICHCOACH-26-JBRO,2025-12-24T05:28:33.685688Z,4000.00,0.1300,0.8700,no
9f36299f-ebf0-5056-6fc6-618a3277bfec,KXMICHCOACH-26-JBRO,2025-12-24T05:28:33.685688Z,81.00,0.1400,0.8600,no
8e412750-00f3-5b7a-43b6-90bab7bbfb48,KXMICHCOACH-26-JBRO,2025-12-24T05:28:33.685688Z,1500.00,0.1500,0.8500,no
87e414fd-e698-5a85-724b-f1bd3a5ad791,KXMICHCOACH-26-JBRO,2025-12-24T05:28:33.685688Z,188.00,0.1900,0.8100,no
2f8c0d6f-88e8-5865-4491-32d8dde98b9d,KXMICHCOACH-26-JBRO,2025-12-24T05:28:33.685688Z,81.00,0.1500,0.8500,no
1b8edc83-7931-54eb-5801-9670ac0238ee,KXMICHCOACH-26-JBRO,2025-12-24T05:28:33.685688Z,254.00,0.2000,0.8000,no
19f0869c-8d0f-5d31-73ad-01ef2ce0182d,KXMICHCOACH-26-JBRO,2025-12-24T05:28:33.685688Z,250.00,0.1700,0.8300,no
ad02c3b1-8951-72bf-1444-655a417a4992,KXMICHCOACH-26-JBRO,2025-12-24T05:26:03.975919Z,40.00,0.2000,0.8000,no
65af115b-05cf-5496-da89-5183c53d2555,KXMICHCOACH-26-JBRO,2025-12-24T05:25:26.555446Z,6.00,0.2100,0.7900,no
7f8cda50-fb76-79b0-8ac7-220126fc4350,KXMICHCOACH-26-JBRO,2025-12-24T05:23:27.804908Z,2.00,0.2500,0.7500,no
6caeb447-27d8-74be-9dff-822f07be43f0,KXMICHCOACH-26-JBRO,2025-12-24T05:23:27.804908Z,2.00,0.2400,0.7600,no
f3fa151f-3c07-69e2-d8d4-97cb3fb584f6,KXMICHCOACH-26-JBRO,2025-12-24T05:22:51.176498Z,13.00,0.2700,0.7300,yes
7e756556-d846-63ee-d296-7fc61e95385e,KXMICHCOACH-26-JBRO,2025-12-24T05:22:51.176498Z,8.00,0.2600,0.7400,yes
9d8d044e-65c5-4997-c588-4ef1cbad5232,KXMICHCOACH-26-JBRO,2025-12-24T05:22:32.010214Z,58.00,0.2000,0.8000,no
69282edc-bf6e-4bd7-f3a8-1ba694d252c7,KXMICHCOACH-26-JBRO,2025-12-24T05:22:32.010214Z,3.00,0.2200,0.7800,no
35c06bec-4371-4fb3-e4a6-17b27e113a1a,KXMICHCOACH-26-JBRO,2025-12-24T05:21:29.85083Z,34.00,0.2000,0.8000,no
0d78cd70-4f19-4b42-df28-c2f66c7cbd7c,KXMICHCOACH-26-JBRO,2025-12-24T05:21:29.85083Z,6.00,0.2300,0.7700,no
1e744218-49b5-60b5-bcfc-30688ceaec79,KXMICHCOACH-26-JBRO,2025-12-24T05:20:11.864141Z,13.00,0.2200,0.7800,no
d037f0be-a02d-73c3-63e1-11b252f04b3a,KXMICHCOACH-26-JBRO,2025-12-24T05:19:13.548887Z,10.00,0.2400,0.7600,no
9857caac-c3a3-7e50-4239-f264c6155c98,KXMICHCOACH-26-JBRO,2025-12-24T05:19:13.548887Z,25.00,0.2300,0.7700,no
999dc0ab-a1de-7994-7260-8de18d1d4b62,KXMICHCOACH-26-JBRO,2025-12-24T05:16:17.734115Z,187.00,0.2800,0.7200,yes
8fa07a39-234a-70a6-6a58-7be469b3fd66,KXMICHCOACH-26-JBRO,2025-12-24T05:16:17.734115Z,28.00,0.2700,0.7300,yes
f9355de3-0160-530c-2973-83231966020a,KXMICHCOACH-26-JBRO,2025-12-24T05:15:49.091838Z,40.00,0.2600,0.7400,yes
f6c8a268-ada2-5207-394d-fc41e5678f89,KXMICHCOACH-26-JBRO,2025-12-24T05:15:49.091838Z,40.00,0.2600,0.7400,yes
d59b1e99-3014-57ce-25bd-5a76e3514460,KXMICHCOACH-26-JBRO,2025-12-24T05:15:49.091838Z,40.00,0.2600,0.7400,yes
1b89f388-9c42-506a-0f95-b86381bda546,KXMICHCOACH-26-JBRO,2025-12-24T05:15:49.091838Z,61.00,0.2700,0.7300,yes
a4d034a2-5fd2-7b26-9327-bd488aa3d482,KXMICHCOACH-26-JBRO,2025-12-24T05:10:06.65401Z,17.00,0.2700,0.7300,yes
27c9238c-b132-7e32-be1a-6d064f6ce0da,KXMICHCOACH-26-JBRO,2025-12-24T05:09:49.10167Z,170.00,0.2700,0.7300,yes
c0d1a6d8-bffd-72eb-0844-48093533c6b9,KXMICHCOACH-26-JBRO,2025-12-24T05:08:55.31668Z,100.00,0.2500,0.7500,no
81d6763b-a361-7bef-04d7-766019b156be,KXMICHCOACH-26-JBRO,2025-12-24T05:08:55.31668Z,276.00,0.2000,0.8000,no
4282675a-9ce3-746f-31d1-8a80c2269826,KXMICHCOACH-26-JBRO,2025-12-24T05:08:55.31668Z,51.00,0.2700,0.7300,no
0b6c8e53-516f-73c8-2a58-6f3d5c772e55,KXMICHCOACH-26-JBRO,2025-12-24T05:08:55.31668Z,75.00,0.2500,0.7500,no
5457e240-2e3e-6bc8-a990-b5c23d76170e,KXMICHCOACH-26-JBRO,2025-12-24T05:04:14.909637Z,1020.00,0.2800,0.7200,yes
f50e916d-1f2a-5d28-e1e0-1f560e93c14a,KXMICHCOACH-26-JBRO,2025-12-24T04:54:33.479355Z,34.00,0.2800,0.7200,yes
a713dc3e-3902-4b74-df16-5ad8fa70938e,KXMICHCOACH-26-JBRO,2025-12-24T04:52:49.832307Z,13.00,0.2800,0.7200,yes
c75626d6-bd46-5a10-0d96-47bd01d2bede,KXMICHCOACH-26-JBRO,2025-12-24T04:43:50.201343Z,9.00,0.2800,0.7200,yes
94e52dc1-3a96-567e-180c-a9fb98c245f3,KXMICHCOACH-26-JBRO,2025-12-24T04:43:50.201343Z,8.00,0.2800,0.7200,yes
70c6db24-df54-51d2-014f-b572e35add21,KXMICHCOACH-26-JBRO,2025-12-24T04:43:50.201343Z,84.00,0.2800,0.7200,yes
35951a60-5ade-5c14-08a7-aaff86d34d5d,KXMICHCOACH-26-JBRO,2025-12-24T04:43:50.201343Z,232.00,0.2800,0.7200,yes
115321e9-4e3c-5607-0838-12c35ce31d6b,KXMICHCOACH-26-JBRO,2025-12-24T04:43:50.201343Z,3.00,0.2800,0.7200,yes
04061b67-b7d1-538e-0f0f-1686875da0ea,KXMICHCOACH-26-JBRO,2025-12-24T04:43:50.201343Z,4.00,0.2800,0.7200,yes
af3dd2a0-e269-7994-1d8f-40213dd86d7d,KXMICHCOACH-26-JBRO,2025-12-24T04:40:54.634762Z,84.00,0.2600,0.7400,no
812ed35a-5cff-7b77-0367-4ee746da1dc7,KXMICHCOACH-26-JBRO,2025-12-24T04:40:54.634762Z,18.00,0.2600,0.7400,no
7b7d2c8f-57fe-7ab1-27d3-e612fd01b835,KXMICHCOACH-26-JBRO,2025-12-24T04:40:54.634762Z,23.00,0.2600,0.7400,no
f318e080-fa55-76e4-513a-ed01111a27f1,KXMICHCOACH-26-JBRO,2025-12-24T04:36:51.539577Z,16.00,0.2600,0.7400,no
26d283f1-0ef2-6fbc-198a-00e19744a3f5,KXMICHCOACH-26-JBRO,2025-12-24T04:32:44.938041Z,51.00,0.2800,0.7200,yes
254f18be-e396-62d8-a8ad-3194a8ba6419,KXMICHCOACH-26-JBRO,2025-12-24T04:31:26.242832Z,510.00,0.2800,0.7200,yes
907883db-6e1a-77e4-4a80-386f81d9bd39,KXMICHCOACH-26-JBRO,2025-12-24T04:29:49.906505Z,3.00,0.2800,0.7200,yes
5f1f3c02-71fa-5024-7f4a-d099427e351d,KXMICHCOACH-26-JBRO,2025-12-24T04:27:27.143216Z,70.00,0.2800,0.7200,yes
6f39c022-48c6-5128-db4e-9d52ae1a4ad1,KXMICHCOACH-26-JBRO,2025-12-24T04:27:26.930419Z,1020.00,0.2800,0.7200,yes
e6fc8938-8da8-42ec-8791-17998341ac75,KXMICHCOACH-26-JBRO,2025-12-24T04:24:57.49802Z,12.00,0.2700,0.7300,yes
7646f883-c1ee-4ba4-9e5c-cdf083cf4abd,KXMICHCOACH-26-JBRO,2025-12-24T04:24:57.49802Z,90.00,0.2800,0.7200,yes
7e5d52dd-52f9-6fe9-c25e-7c37fd316c89,KXMICHCOACH-26-JBRO,2025-12-24T04:22:52.34696Z,12.00,0.2500,0.7500,no
69e30670-a4b4-6965-df75-8ca9ef795de7,KXMICHCOACH-26-JBRO,2025-12-24T04:22:52.34696Z,22.00,0.2400,0.7600,no
48abd92f-6e82-5f58-af75-e9e7b58af245,KXMICHCOACH-26-JBRO,2025-12-24T04:19:50.027593Z,150.00,0.2800,0.7200,yes
cb25de9d-ea4d-7c56-50ad-122cf0c97642,KXMICHCOACH-26-JBRO,2025-12-24T04:16:25.157524Z,2.00,0.2700,0.7300,yes
2b5679b9-5486-7d44-63c1-d7d6dbd70bb5,KXMICHCOACH-26-JBRO,2025-12-24T04:16:25.157524Z,32.00,0.2800,0.7200,yes
3f319a06-60bb-4e1f-99d1-f6d2ee26d775,KXMICHCOACH-26-JBRO,2025-12-24T04:15:28.328079Z,43.00,0.2800,0.7200,yes
38ee2635-d93e-47ec-9704-95f97a447ae9,KXMICHCOACH-26-JBRO,2025-12-24T04:15:28.328079Z,64.00,0.2800,0.7200,yes
ff395d97-da68-6683-9c31-d6a04024ce30,KXMICHCOACH-26-JBRO,2025-12-24T04:14:05.699305Z,4.00,0.2700,0.7300,yes
c84fce00-b437-6573-8eb1-79d3cd9f3961,KXMICHCOACH-26-JBRO,2025-12-24T04:14:05.699305Z,20.00,0.2800,0.7200,yes
bd528645-54b6-6704-9271-1694f61ebf06,KXMICHCOACH-26-JBRO,2025-12-24T04:14:05.699305Z,10.00,0.2600,0.7400,yes
68c83641-40ca-6a5a-7118-46a0f59201dd,KXMICHCOACH-26-JBRO,2025-12-24T04:13:31.290606Z,35.00,0.2100,0.7900,no
1d0deefa-2b58-6e91-665c-e482d84881c9,KXMICHCOACH-26-JBRO,2025-12-24T04:13:31.290606Z,12.00,0.2200,0.7800,no
1c939540-6be9-6d17-560e-66607c7712da,KXMICHCOACH-26-JBRO,2025-12-24T04:13:31.290606Z,4.00,0.2000,0.8000,no
9d4e64f0-b4bf-59ab-c26b-bf3a087cc42d,KXMICHCOACH-26-JBRO,2025-12-24T04:09:42.439071Z,6.00,0.2800,0.7200,yes
06b92e0a-f06f-401b-04df-d9a1aa173f69,KXMICHCOACH-26-JBRO,2025-12-24T04:09:27.794267Z,51.00,0.2800,0.7200,yes
ae013542-f3bf-62ca-0542-d6f035967fdc,KXMICHCOACH-26-JBRO,2025-12-24T04:07:24.538721Z,13.00,0.2600,0.7400,no
b25b98f3-3dff-683b-bf27-9959e71d3e25,KXMICHCOACH-26-JBRO,2025-12-24T04:07:21.049039Z,6.00,0.2800,0.7200,yes
4b960d20-2be6-57fa-0a74-ed6d6d87f34f,KXMICHCOACH-26-JBRO,2025-12-24T04:06:36.339951Z,10.00,0.2700,0.7300,yes
06e6b9dc-14eb-594f-2ba3-14ac647a6c61,KXMICHCOACH-26-JBRO,2025-12-24T04:06:36.339951Z,153.00,0.2800,0.7200,yes
eabba30e-8443-7b03-9086-a38523bcf0e4,KXMICHCOACH-26-JBRO,2025-12-24T04:04:49.703874Z,15.00,0.2700,0.7300,yes
30aac97d-41fd-7bb3-849b-91e766cdeab0,KXMICHCOACH-26-JBRO,2025-12-24T04:04:49.703874Z,34.00,0.2700,0.7300,yes
d2a03394-77ed-666d-ba10-acc420238fad,KXMICHCOACH-26-JBRO,2025-12-24T04:04:18.526831Z,42.00,0.2600,0.7400,yes
bfbc4ad2-3920-67a3-8847-2befc16f219f,KXMICHCOACH-26-JBRO,2025-12-24T04:04:18.526831Z,26.00,0.2700,0.7300,yes
1233cfbc-1b3c-63ec-824c-94d70473002b,KXMICHCOACH-26-JBRO,2025-12-24T04:04:18.526831Z,90.00,0.2700,0.7300,yes
e20e30e4-ec7d-5df5-658a-ac8d3e0f447f,KXMICHCOACH-26-JBRO,2025-12-24T04:04:09.851208Z,24.00,0.2500,0.7500,no
9548d447-3541-5f2f-6084-ec480ea26c56,KXMICHCOACH-26-JBRO,2025-12-24T04:04:09.851208Z,15.00,0.2000,0.8000,no
63d1a5fb-09a3-5995-6c57-22e4847f469b,KXMICHCOACH-26-JBRO,2025-12-24T04:04:09.851208Z,28.00,0.2600,0.7400,no
07d3f343-3b3a-5f07-6ca9-be5caef9231b,KXMICHCOACH-26-JBRO,2025-12-24T04:04:09.851208Z,10.00,0.2300,0.7700,no
123bc12f-13e8-7678-0c75-65888149c8d7,KXMICHCOACH-26-JBRO,2025-12-24T04:04:01.566309Z,21.00,0.2700,0.7300,yes
f31d1a71-f184-76dc-42c2-e2d23df93173,KXMICHCOACH-26-JBRO,2025-12-24T04:01:37.556371Z,70.00,0.2700,0.7300,yes
f66f0558-6bf3-748f-cba4-d4764148abec,KXMICHCOACH-26-JBRO,2025-12-24T04:00:51.983916Z,10.00,0.2600,0.7400,yes
06664ec2-e1b4-7fd8-c8c2-b30278be30a3,KXMICHCOACH-26-JBRO,2025-12-24T04:00:51.983916Z,76.00,0.2700,0.7300,yes
de49ebc7-fb68-4348-36cc-cd7cd5e0c4e0,KXMICHCOACH-26-JBRO,2025-12-24T03:58:44.355699Z,36.00,0.2600,0.7400,yes
fcff1fed-69ee-6790-7492-d351adb705f4,KXMICHCOACH-26-JBRO,2025-12-24T03:58:16.100959Z,10.00,0.2600,0.7400,yes
dafad030-eb0e-6a62-6022-3d2e67d5f50c,KXMICHCOACH-26-JBRO,2025-12-24T03:58:16.100959Z,31.00,0.2700,0.7300,yes
126c1951-f778-61fd-512a-05aef03cba7e,KXMICHCOACH-26-JBRO,2025-12-24T03:58:16.100959Z,36.00,0.2700,0.7300,yes
f8d409a2-06d0-6f81-4145-9a5a4e5b36b0,KXMICHCOACH-26-JBRO,2025-12-24T03:58:11.075491Z,9.00,0.2200,0.7800,no
8a998bb1-b916-60bf-4589-ae80855ca709,KXMICHCOACH-26-JBRO,2025-12-24T03:58:11.075491Z,40.00,0.2100,0.7900,no
760835f3-4c93-6910-5fdb-678a4cbd2069,KXMICHCOACH-26-JBRO,2025-12-24T03:58:11.075491Z,12.00,0.2200,0.7800,no
32ac4fdf-eec5-6497-5723-e93f58a95732,KXMICHCOACH-26-JBRO,2025-12-24T03:58:11.075491Z,257.00,0.2000,0.8000,no
aea4ec30-6fb0-429d-be76-1d75e1ea2c0c,KXMICHCOACH-26-JBRO,2025-12-24T03:58:06.029036Z,1.00,0.2200,0.7800,no
83a90486-1bf4-4c97-b44b-d74cdb569119,KXMICHCOACH-26-JBRO,2025-12-24T03:58:06.029036Z,23.00,0.2200,0.7800,no
e5f844a5-43c1-65a3-40ac-f5700671bd47,KXMICHCOACH-26-JBRO,2025-12-24T03:57:49.059283Z,47.00,0.2300,0.7700,no
f195fc80-32ca-60ae-7468-13e7de8c25bc,KXMICHCOACH-26-JBRO,2025-12-24T03:57:39.769371Z,31.00,0.2700,0.7300,yes
4012dc0e-8b7a-6364-130a-ddf21cb42eca,KXMICHCOACH-26-JBRO,2025-12-24T03:57:31.05134Z,80.00,0.2600,0.7400,yes
07358d34-c44c-6e40-2c40-182093d670f1,KXMICHCOACH-26-JBRO,2025-12-24T03:57:31.05134Z,89.00,0.2600,0.7400,yes
88df6144-b726-5954-6679-3ee41a56cedd,KXMICHCOACH-26-JBRO,2025-12-24T03:57:03.993202Z,26.00,0.2100,0.7900,no
5a911b59-bf7a-5dc6-4c2c-36419fc7ac9e,KXMICHCOACH-26-JBRO,2025-12-24T03:57:03.993202Z,5.00,0.2100,0.7900,no
e128a68f-aeac-5c4b-2bb0-f6169926b483,KXMICHCOACH-26-JBRO,2025-12-24T03:56:59.710922Z,53.00,0.2700,0.7300,yes
117a3c5b-94f8-5c06-2687-12875fa3d24d,KXMICHCOACH-26-JBRO,2025-12-24T03:56:59.710922Z,35.00,0.2700,0.7300,yes
ed75a7e6-5dff-42ad-671e-8540df838e12,KXMICHCOACH-26-JBRO,2025-12-24T03:56:59.303572Z,24.00,0.2100,0.7900,no
9528c7fc-4c61-4f39-6ad5-6308b9cfaa75,KXMICHCOACH-26-JBRO,2025-12-24T03:56:59.303572Z,2.00,0.2100,0.7900,no
80a0ae8c-8e1d-486e-5ad8-29664f8ec04d,KXMICHCOACH-26-JBRO,2025-12-24T03:56:59.303572Z,17.00,0.2100,0.7900,no
6b3f228f-f8d8-4fbe-43af-a9feebc45e21,KXMICHCOACH-26-JBRO,2025-12-24T03:56:59.303572Z,15.00,0.2100,0.7900,no
4d28b231-e107-4cf7-48fb-c302eaaa6549,KXMICHCOACH-26-JBRO,2025-12-24T03:56:59.303572Z,7.00,0.2100,0.7900,no
44a32be2-4c4d-4db3-5258-f7d72bfdbe0a,KXMICHCOACH-26-JBRO,2025-12-24T03:56:59.303572Z,62.00,0.2000,0.8000,no
3d3181be-669d-4a0d-5eff-33118d303eff,KXMICHCOACH-26-JBRO,2025-12-24T03:56:59.303572Z,4.00,0.2000,0.8000,no
1dff06fb-3698-4f26-69de-e337a9fb80f9,KXMICHCOACH-26-JBRO,2025-12-24T03:56:59.303572Z,1.00,0.2200,0.7800,no
32e3cc34-9e01-65a0-6766-1ae193e02393,KXMICHCOACH-26-JBRO,2025-12-24T03:56:51.037221Z,10.00,0.2600,0.7400,yes
c27043f9-448e-6620-545d-39dfa21a86a7,KXMICHCOACH-26-JBRO,2025-12-24T03:56:41.601579Z,1.00,0.2200,0.7800,no
08d8dfb7-d801-4eb2-3ef9-280e86a8cf16,KXMICHCOACH-26-JBRO,2025-12-24T03:56:23.880163Z,1.00,0.2200,0.7800,no
f99bd18a-4716-6f53-6b96-62b487c01d49,KXMICHCOACH-26-JBRO,2025-12-24T03:55:53.627219Z,3.00,0.2200,0.7800,no
7b51ccfa-976f-5701-5029-26023a1c6b26,KXMICHCOACH-26-JBRO,2025-12-24T03:55:32.742673Z,6.00,0.2200,0.7800,no
0f9ce0d2-cdc4-4c72-c237-095bd6ff31f2,KXMICHCOACH-26-JBRO,2025-12-24T03:55:18.902257Z,11.00,0.2200,0.7800,no
80d5e7a5-887d-5e34-c60a-145e08e71918,KXMICHCOACH-26-JBRO,2025-12-24T03:54:59.631968Z,22.00,0.2200,0.7800,no
5a7885ee-d7a3-700d-0f16-dae9bd4e8944,KXMICHCOACH-26-JBRO,2025-12-24T03:54:19.575683Z,44.00,0.2100,0.7900,no
13024cc4-08c7-7f97-ddac-ded5c6b85e1c,KXMICHCOACH-26-JBRO,2025-12-24T03:53:53.960921Z,16.00,0.2600,0.7400,no
11490090-128f-78e3-fb1c-8dfa61b655d7,KXMICHCOACH-26-JBRO,2025-12-24T03:53:53.960921Z,39.00,0.2600,0.7400,no
908ef950-d471-513f-41dc-23796af6ba1a,KXMICHCOACH-26-JBRO,2025-12-24T03:53:30.55256Z,245.00,0.2700,0.7300,no
8d945b61-8c7c-5e1e-51ec-244fc1dd9fea,KXMICHCOACH-26-JBRO,2025-12-24T03:53:30.55256Z,14.00,0.2700,0.7300,no
9760ba86-c08b-584b-12ec-0f3ebac56521,KXMICHCOACH-26-JBRO,2025-12-24T03:52:22.035773Z,221.00,0.2800,0.7200,yes
98021c51-f7a1-634a-f5c7-ed0e44d527e7,KXMICHCOACH-26-JBRO,2025-12-24T03:48:56.339728Z,3.00,0.2900,0.7100,yes
5309453c-f531-649a-7627-eb1082bf2597,KXMICHCOACH-26-JBRO,2025-12-24T03:48:48.285182Z,144.00,0.2900,0.7100,yes
9d643f0f-a497-481b-48f0-701cb82a0599,KXMICHCOACH-26-JBRO,2025-12-24T03:48:34.591885Z,236.00,0.2900,0.7100,yes
9100fa70-4109-4682-51cb-936afc0094cf,KXMICHCOACH-26-JBRO,2025-12-24T03:48:34.591885Z,420.00,0.2900,0.7100,yes
6da212c7-5e13-5f1b-d755-ccd9223c6ced,KXMICHCOACH-26-JBRO,2025-12-24T03:48:07.515446Z,174.00,0.2900,0.7100,yes
cfc6d02f-f58e-6fac-a91c-9ad72484d8a0,KXMICHCOACH-26-JBRO,2025-12-24T03:45:58.292836Z,5.00,0.2700,0.7300,no
3523c95f-54cf-7c9b-954e-c55a8becbcf9,KXMICHCOACH-26-JBRO,2025-12-24T03:45:40.191657Z,9.00,0.2900,0.7100,yes
150b60d4-ddbf-5e0b-542d-f0e1f4518a85,KXMICHCOACH-26-JBRO,2025-12-24T03:42:33.855829Z,16.00,0.2900,0.7100,yes
16c8a5c4-ef3d-4eb2-6854-ebbddaab329d,KXMICHCOACH-26-JBRO,2025-12-24T03:41:38.278249Z,5.00,0.2700,0.7300,no
226fa0ad-69d7-7327-c267-3c4cafb3a97b,KXMICHCOACH-26-JBRO,2025-12-24T03:40:54.692107Z,10.00,0.2500,0.7500,no
6cd3d557-c6b7-6327-ed9b-1a5033cbedd5,KXMICHCOACH-26-JBRO,2025-12-24T03:37:15.436176Z,500.00,0.2900,0.7100,yes
ee4da7e7-5ac2-7db4-5b4a-dfbe31e220fe,KXMICHCOACH-26-JBRO,2025-12-24T03:37:00.784649Z,39.00,0.2800,0.7200,yes
ddbb808a-9028-745a-497a-d4d02c1a98e2,KXMICHCOACH-26-JBRO,2025-12-24T03:37:00.784649Z,3.00,0.2800,0.7200,yes
ad41e17d-dc6c-7f66-6e7a-b89f5c49ab40,KXMICHCOACH-26-JBRO,2025-12-24T03:37:00.784649Z,4.00,0.2800,0.7200,yes
9295138f-59f0-70a3-5b23-f36bbfe6783c,KXMICHCOACH-26-JBRO,2025-12-24T03:37:00.784649Z,1000.00,0.2800,0.7200,yes
43b239a1-2d9e-714f-6892-47bc81e51f3d,KXMICHCOACH-26-JBRO,2025-12-24T03:37:00.784649Z,87.00,0.2800,0.7200,yes
1df96a16-bb0b-77f4-6d05-2365a46b64ff,KXMICHCOACH-26-JBRO,2025-12-24T03:37:00.784649Z,482.00,0.2900,0.7100,yes
038062a3-9b3b-7f6b-711b-748ac06c5b3d,KXMICHCOACH-26-JBRO,2025-12-24T03:37:00.784649Z,65.00,0.2900,0.7100,yes
fe42363a-e04a-49f2-afbf-2333155d13cf,KXMICHCOACH-26-JBRO,2025-12-24T03:35:05.148193Z,661.00,0.2600,0.7400,yes
fa0e5761-718e-4455-91c5-607e4dfca510,KXMICHCOACH-26-JBRO,2025-12-24T03:35:05.148193Z,1000.00,0.2700,0.7300,yes
e0834463-ef64-48f6-a6dc-f2a8f1ef9de0,KXMICHCOACH-26-JBRO,2025-12-24T03:35:05.148193Z,182.00,0.2700,0.7300,yes
d7afe0c4-fb1d-4dd2-bcde-e35793ae4e65,KXMICHCOACH-26-JBRO,2025-12-24T03:35:05.148193Z,40.00,0.2700,0.7300,yes
b07c9cfe-3825-47c1-9434-ab5c76d916ad,KXMICHCOACH-26-JBRO,2025-12-24T03:35:05.148193Z,14.00,0.2700,0.7300,yes
a5e9fb7e-72b5-4973-9cb6-efe6788b4f10,KXMICHCOACH-26-JBRO,2025-12-24T03:35:05.148193Z,40.00,0.2700,0.7300,yes
a06a88e5-c959-470c-9aa3-e138ada181fe,KXMICHCOACH-26-JBRO,2025-12-24T03:35:05.148193Z,21.00,0.2700,0.7300,yes
9e53b992-f59d-4aa1-8509-13d213752068,KXMICHCOACH-26-JBRO,2025-12-24T03:35:05.148193Z,40.00,0.2700,0.7300,yes
7f38e9a6-faba-4fed-879d-822a0c207605,KXMICHCOACH-26-JBRO,2025-12-24T03:35:05.148193Z,89.00,0.2600,0.7400,yes
52eea4dd-1886-43bb-8f52-9d4f31a17865,KXMICHCOACH-26-JBRO,2025-12-24T03:35:05.148193Z,913.00,0.2800,0.7200,yes
2848a5a9-1cb9-47ce-8020-7e9842d9f840,KXMICHCOACH-26-JBRO,2025-12-24T03:35:05.148193Z,1000.00,0.2700,0.7300,yes
2615ad74-03ef-4f56-86b0-f02c953560c4,KXMICHCOACH-26-JBRO,2025-12-24T03:35:05.148193Z,1000.00,0.2600,0.7400,yes
d5791731-cb3f-6f86-6d18-77d6481a23e5,KXMICHCOACH-26-JBRO,2025-12-24T03:34:59.644587Z,20.00,0.2100,0.7900,no
0e19e974-c4e5-6c29-5e88-8f24a6e214d7,KXMICHCOACH-26-JBRO,2025-12-24T03:34:59.644587Z,3.00,0.2000,0.8000,no
c9614437-313a-509e-43f7-2fac4fd04fbb,KXMICHCOACH-26-JBRO,2025-12-24T03:34:44.492475Z,18.00,0.2600,0.7400,yes
4bddf595-8476-6f02-5b3c-dbd56e1d03f7,KXMICHCOACH-26-JBRO,2025-12-24T03:31:12.972784Z,21.00,0.2600,0.7400,yes
de1ebe73-8fce-5810-feb0-d96fb814af84,KXMICHCOACH-26-JBRO,2025-12-24T03:30:49.714787Z,200.00,0.2100,0.7900,no
d5b0180b-9dde-6c38-54a4-062bf6bc5329,KXMICHCOACH-26-JBRO,2025-12-24T03:30:27.463722Z,1.00,0.2200,0.7800,no
1bb3e441-eb4d-7d7c-7751-69247cd71f9f,KXMICHCOACH-26-JBRO,2025-12-24T03:30:14.599722Z,1.00,0.2200,0.7800,no
fa4002b8-b0a1-56a8-282d-d5af2dc89d60,KXMICHCOACH-26-JBRO,2025-12-24T03:29:59.916281Z,2.00,0.2200,0.7800,no
7ef420e4-7451-76ea-78fe-70e61e2135fd,KXMICHCOACH-26-JBRO,2025-12-24T03:29:49.731786Z,4.00,0.2200,0.7800,no
792f9db0-14d6-733a-d836-4129ca1e0b40,KXMICHCOACH-26-JBRO,2025-12-24T03:29:40.338467Z,7.00,0.2200,0.7800,no
ecdb949d-c31f-6d79-ac3d-1fca787e2493,KXMICHCOACH-26-JBRO,2025-12-24T03:29:30.280038Z,15.00,0.2200,0.7800,no
ced1a596-5ba4-73c1-d8bc-3547ad602f98,KXMICHCOACH-26-JBRO,2025-12-24T03:29:18.290771Z,29.00,0.2200,0.7800,no
a8121683-653d-625e-ba40-d3988d164691,KXMICHCOACH-26-JBRO,2025-12-24T03:28:30.024695Z,58.00,0.2200,0.7800,no
6a1984a0-df14-4b8e-9453-fa9c303a0759,KXMICHCOACH-26-JBRO,2025-12-24T03:22:32.632298Z,5.00,0.2500,0.7500,yes
19f428a2-0252-46be-a7b7-504eb7668f43,KXMICHCOACH-26-JBRO,2025-12-24T03:22:32.632298Z,85.00,0.2600,0.7400,yes
c0ff3333-0ca0-79bb-1515-9ad8eaaebd94,KXMICHCOACH-26-JBRO,2025-12-24T03:21:17.779037Z,39.00,0.2400,0.7600,yes
ba343fb5-4268-7b54-2b86-d675705c3ddc,KXMICHCOACH-26-JBRO,2025-12-24T03:21:17.779037Z,31.00,0.2500,0.7500,yes
114abaeb-a814-5917-e4dc-3253b9cdfe84,KXMICHCOACH-26-JBRO,2025-12-24T03:16:16.115672Z,11.00,0.2400,0.7600,yes
c91ce81e-e43e-6eba-e4bd-6dd8c7775c73,KXMICHCOACH-26-JBRO,2025-12-24T03:05:30.169336Z,35.00,0.2600,0.7400,yes
9aac455b-6546-552e-81e0-d8bec43e4cdb,KXMICHCOACH-26-JBRO,2025-12-24T03:01:10.423783Z,35.00,0.2600,0.7400,yes
68ab7944-130e-4e8a-7b3d-83236a235927,KXMICHCOACH-26-JBRO,2025-12-24T02:53:19.315099Z,18.00,0.2600,0.7400,yes
eed8f629-951e-559e-84bb-c56bb6562c67,KXMICHCOACH-26-JBRO,2025-12-24T02:47:18.715114Z,127.00,0.2600,0.7400,yes
4b7e3f74-8b66-631f-63f4-754f88ca0f18,KXMICHCOACH-26-JBRO,2025-12-24T02:47:07.835663Z,259.00,0.2500,0.7500,yes
9d1341f5-9d8e-7334-c632-874e3b3bdcaa,KXMICHCOACH-26-JBRO,2025-12-24T02:46:47.596353Z,1000.00,0.2500,0.7500,yes
889a3da5-d7c3-5cc2-5fc6-df51762aa0c5,KXMICHCOACH-26-JBRO,2025-12-24T02:46:33.151341Z,276.00,0.2400,0.7600,yes
c072e830-b4c9-4b0d-92a2-cbac56f3fd68,KXMICHCOACH-26-JBRO,2025-12-24T02:46:17.65105Z,253.00,0.2300,0.7700,yes
b7c4cd02-7731-44af-92b7-a396def3f1bb,KXMICHCOACH-26-JBRO,2025-12-24T02:46:17.65105Z,85.00,0.2300,0.7700,yes
a669dcbf-44e5-4c61-ffa2-80b676461d0c,KXMICHCOACH-26-JBRO,2025-12-24T02:42:41.66591Z,206.00,0.2300,0.7700,yes
a784c5ba-c3a1-63fd-3bcb-303d79d93cec,KXMICHCOACH-26-JBRO,2025-12-24T02:37:44.162829Z,41.00,0.2300,0.7700,yes
de57888a-ad3d-4080-e3ca-dcb9e12b08e7,KXMICHCOACH-26-JBRO,2025-12-24T02:34:23.236512Z,1.00,0.2100,0.7900,no
af6c6be2-d57d-4f3d-e796-7302f604e5f7,KXMICHCOACH-26-JBRO,2025-12-24T02:34:23.236512Z,54.00,0.2000,0.8000,no
fc583f6f-e3af-7f61-f927-c075e4a02d4f,KXMICHCOACH-26-JBRO,2025-12-24T02:33:39.081823Z,1.00,0.2300,0.7700,no
ecd22ddf-2551-7981-e0ae-b599f8aa12e7,KXMICHCOACH-26-JBRO,2025-12-24T02:33:39.081823Z,700.00,0.2000,0.8000,no
ade18e0b-69e2-75cd-c27e-6fd5ba67bd36,KXMICHCOACH-26-JBRO,2025-12-24T02:33:39.081823Z,1000.00,0.2100,0.7900,no
584614fd-e32f-729d-c7aa-8950ece4bb81,KXMICHCOACH-26-JBRO,2025-12-24T02:33:39.081823Z,299.00,0.2200,0.7800,no
580ff9cd-c91f-6b05-72a9-1bc915eccff5,KXMICHCOACH-26-JBRO,2025-12-24T02:29:10.928398Z,311.00,0.2200,0.7800,no
4b296dcc-314c-6260-516f-b52c0cd00d08,KXMICHCOACH-26-JBRO,2025-12-24T02:29:10.928398Z,3.00,0.2300,0.7700,no
1f7166a6-f83b-4fe6-899a-2db83929e1e1,KXMICHCOACH-26-JBRO,2025-12-24T02:28:18.119502Z,15.00,0.2400,0.7600,yes
159a43eb-811f-6f0e-0acc-2f9a7b28fc01,KXMICHCOACH-26-JBRO,2025-12-24T02:24:48.167448Z,500.00,0.2400,0.7600,yes
92ce00f9-95ab-4455-9050-0808d1a4e363,KXMICHCOACH-26-JBRO,2025-12-24T02:22:03.898342Z,5.00,0.2300,0.7700,no
1ab017b7-ff6f-4cb9-9c4b-230a6c598581,KXMICHCOACH-26-JBRO,2025-12-24T02:22:03.898342Z,10.00,0.2200,0.7800,no
bad647f2-9cfa-4da4-df06-a6ea670f5560,KXMICHCOACH-26-JBRO,2025-12-24T02:21:49.798571Z,20.00,0.2300,0.7700,no
2cede9d0-1917-4a17-f909-ed3d153ffe74,KXMICHCOACH-26-JBRO,2025-12-24T02:21:49.798571Z,1.00,0.2300,0.7700,no
f9d7f85a-0e57-529e-0e96-b249d558ece5,KXMICHCOACH-26-JBRO,2025-12-24T02:21:16.33339Z,20.00,0.2400,0.7600,yes
79a0827b-1997-652a-c789-b1f71eb8fc69,KXMICHCOACH-26-JBRO,2025-12-24T02:15:27.543895Z,14.00,0.2400,0.7600,yes
d0536ed1-36e7-417e-6295-95ae3fc423cd,KXMICHCOACH-26-JBRO,2025-12-24T02:14:58.036019Z,138.00,0.2400,0.7600,yes
fe0115a7-45d3-642b-d8af-3690d6fa07a8,KXMICHCOACH-26-JBRO,2025-12-24T02:13:22.495566Z,9.00,0.2300,0.7700,no
7ff7c6ff-f3bb-65c2-5f4b-2a52c137b125,KXMICHCOACH-26-JBRO,2025-12-24T02:12:50.971996Z,17.00,0.2400,0.7600,yes
403e7ac3-0aa1-650a-64eb-edd0d7c0c1f2,KXMICHCOACH-26-JBRO,2025-12-24T02:11:22.385921Z,20.00,0.2400,0.7600,no
5c7afb2f-f792-6cd5-0cc3-56fd40f8d4f2,KXMICHCOACH-26-JBRO,2025-12-24T02:10:28.994383Z,259.00,0.2300,0.7700,no
57c5c50e-6332-6349-23ad-6039374f67f5,KXMICHCOACH-26-JBRO,2025-12-24T02:10:28.994383Z,347.00,0.2500,0.7500,no
1b592938-7de8-6162-19e2-fc500d68edcb,KXMICHCOACH-26-JBRO,2025-12-24T02:10:28.994383Z,41.00,0.2400,0.7600,no
aaf1c580-2e64-4caa-c227-08cfd1df6180,KXMICHCOACH-26-JBRO,2025-12-24T02:07:26.224782Z,176.00,0.2700,0.7300,yes
70fb7905-e1f8-6a0a-8f1c-7ae2c5690560,KXMICHCOACH-26-JBRO,2025-12-24T02:03:36.344627Z,35.00,0.2700,0.7300,yes
6e56751f-ae33-5bf4-1aac-94ab2768b0b1,KXMICHCOACH-26-JBRO,2025-12-24T02:01:04.827289Z,7.00,0.2700,0.7300,yes
2b5ea06b-d38c-53d2-3145-f13270346384,KXMICHCOACH-26-JBRO,2025-12-24T02:01:04.827289Z,107.00,0.2700,0.7300,yes
09165b19-db63-63a8-8e8b-96789b286341,KXMICHCOACH-26-JBRO,2025-12-24T02:00:06.38252Z,35.00,0.2700,0.7300,yes
58d9d378-1d16-64c9-1daf-d9e5de5ded51,KXMICHCOACH-26-JBRO,2025-12-24T01:58:15.113167Z,53.00,0.2500,0.7500,no
ec92350d-7753-6e20-37e3-4aa4905f7a5d,KXMICHCOACH-26-JBRO,2025-12-24T01:56:56.297384Z,489.00,0.2700,0.7300,yes
29ab5b3e-d5d3-420c-1fde-2f9bcf89e66d,KXMICHCOACH-26-JBRO,2025-12-24T01:55:23.436493Z,100.00,0.2700,0.7300,yes
e170ad21-79a7-7240-fc4b-d5195ba99a19,KXMICHCOACH-26-JBRO,2025-12-24T01:53:20.645078Z,569.00,0.2700,0.7300,yes
6909d921-315a-7953-c385-1b380c4702cb,KXMICHCOACH-26-JBRO,2025-12-24T01:53:20.645078Z,810.00,0.2600,0.7400,yes
a93f5caa-7989-607f-f7d9-ba476d20a6fc,KXMICHCOACH-26-JBRO,2025-12-24T01:52:53.789613Z,673.00,0.2600,0.7400,yes
e74f4eb9-e675-645b-bb4e-f905925d4b24,KXMICHCOACH-26-JBRO,2025-12-24T01:51:55.53972Z,342.00,0.2600,0.7400,yes
7e1e37c1-1ea9-676b-abee-ecb03229b448,KXMICHCOACH-26-JBRO,2025-12-24T01:51:39.079633Z,23.00,0.2600,0.7400,yes
e8634502-facd-5483-40d3-0bc31ba70d3c,KXMICHCOACH-26-JBRO,2025-12-24T01:49:58.633512Z,456.00,0.2600,0.7400,yes
e48905cc-c14f-58bb-793f-860403ff3443,KXMICHCOACH-26-JBRO,2025-12-24T01:49:58.633512Z,8.00,0.2600,0.7400,yes
b594d418-0a74-5c4b-733e-05a65e468a10,KXMICHCOACH-26-JBRO,2025-12-24T01:49:58.633512Z,194.00,0.2600,0.7400,yes
69db8b81-e038-54c4-47e8-047380d6b515,KXMICHCOACH-26-JBRO,2025-12-24T01:49:58.633512Z,150.00,0.2600,0.7400,yes
1fe13145-3ae5-5294-69a2-8ec62058690c,KXMICHCOACH-26-JBRO,2025-12-24T01:49:58.633512Z,16.00,0.2600,0.7400,yes
e0aab8b1-6826-628e-4f1d-7ed1c8c97a81,KXMICHCOACH-26-JBRO,2025-12-24T01:48:48.816205Z,1000.00,0.2600,0.7400,yes
8e8eb2ec-39db-66ad-4b8b-c23e25e93c66,KXMICHCOACH-26-JBRO,2025-12-24T01:48:48.816205Z,91.00,0.2600,0.7400,yes
0724cb07-4148-6f1b-4815-782171eebed8,KXMICHCOACH-26-JBRO,2025-12-24T01:48:48.816205Z,6.00,0.2600,0.7400,yes
b10b3dfd-20af-4c5c-f415-796a5bee26b6,KXMICHCOACH-26-JBRO,2025-12-24T01:42:15.528961Z,170.00,0.2500,0.7500,yes
70a0b02e-667b-4e89-feb3-5857422f69ee,KXMICHCOACH-26-JBRO,2025-12-24T01:42:15.528961Z,909.00,0.2600,0.7400,yes
1d10e26a-1071-4834-decc-3bf7c92e9fdf,KXMICHCOACH-26-JBRO,2025-12-24T01:42:15.528961Z,24.00,0.2600,0.7400,yes
a5419231-3d53-6878-e58d-f773dbfddbce,KXMICHCOACH-26-JBRO,2025-12-24T01:40:36.235728Z,1330.00,0.2500,0.7500,yes
a658e19f-0560-79f0-2b91-c3a6ee6a1529,KXMICHCOACH-26-JBRO,2025-12-24T01:36:12.828058Z,27.00,0.2200,0.7800,no
7871e43b-47af-746c-2920-998162ff4413,KXMICHCOACH-26-JBRO,2025-12-24T01:36:12.828058Z,8.00,0.2200,0.7800,no
fe92a43c-6693-48e0-6c65-fd4cdd3f284a,KXMICHCOACH-26-JBRO,2025-12-24T01:30:13.090604Z,1000.00,0.2500,0.7500,yes
bcc2814a-b095-47b4-c876-e7a068eedbe3,KXMICHCOACH-26-JBRO,2025-12-24T01:29:14.680477Z,91.00,0.2600,0.7400,yes
b7109ef0-89f9-4ffc-8a78-cb7a8fe99ee7,KXMICHCOACH-26-JBRO,2025-12-24T01:28:44.837621Z,34.00,0.2600,0.7400,yes
a94e3528-2bc1-7bd8-fb2c-ffc0760ed78f,KXMICHCOACH-26-JBRO,2025-12-24T01:27:34.458611Z,89.00,0.2600,0.7400,yes
dce372a9-fdac-77f8-c6a7-fc59748a0741,KXMICHCOACH-26-JBRO,2025-12-24T01:27:15.631635Z,82.00,0.2500,0.7500,yes
af9ef26c-8370-7fe8-e186-b5de398a1540,KXMICHCOACH-26-JBRO,2025-12-24T01:27:15.631635Z,145.00,0.2500,0.7500,yes
121ab457-076f-77a4-da43-2bcaa9a5116c,KXMICHCOACH-26-JBRO,2025-12-24T01:27:15.631635Z,3.00,0.2500,0.7500,yes
c4b9155a-eb50-4438-a1ab-4db5dc885980,KXMICHCOACH-26-JBRO,2025-12-24T01:26:15.925641Z,1535.00,0.2500,0.7500,yes
bc2a93c6-c821-48e2-9c54-47821e95c8ac,KXMICHCOACH-26-JBRO,2025-12-24T01:26:15.925641Z,1317.00,0.2400,0.7600,yes
844f86d5-d50f-43a0-9881-bac1da80630d,KXMICHCOACH-26-JBRO,2025-12-24T01:26:15.925641Z,1000.00,0.2500,0.7500,yes
837a364d-a13d-5912-cf22-cca38b0586ac,KXMICHCOACH-26-JBRO,2025-12-24T01:26:07.605636Z,39.00,0.2400,0.7600,yes
da0492d5-c9e9-66ea-e12f-bdc61325ef14,KXMICHCOACH-26-JBRO,2025-12-24T01:25:43.455137Z,138.00,0.2400,0.7600,yes
a411e6a0-6e39-477a-02e3-467611c60370,KXMICHCOACH-26-JBRO,2025-12-24T01:22:39.346544Z,6.00,0.2400,0.7600,yes
4e374c75-8fe0-4d9e-240c-0d6fa99d1814,KXMICHCOACH-26-JBRO,2025-12-24T01:22:39.346544Z,13.00,0.2400,0.7600,yes
ac1f7ca5-0f8a-772d-ce1e-683d7b66eb2c,KXMICHCOACH-26-JBRO,2025-12-24T01:22:28.909793Z,100.00,0.2300,0.7700,no
a2ddb1df-e129-7c42-e558-c1a7e4d7b16e,KXMICHCOACH-26-JBRO,2025-12-24T01:22:28.909793Z,26.00,0.2300,0.7700,no
6d5a5a9e-feec-5b7e-543b-f597f3af7d64,KXMICHCOACH-26-JBRO,2025-12-24T01:21:36.850491Z,4.00,0.2400,0.7600,yes
eff2e30a-3fa4-5e4a-064a-10c5beef67e0,KXMICHCOACH-26-JBRO,2025-12-24T01:11:18.489186Z,50.00,0.2500,0.7500,yes
403ce42f-1bdd-4ed4-7b18-9d3cb428ce89,KXMICHCOACH-26-JBRO,2025-12-24T01:05:52.72548Z,678.00,0.2500,0.7500,yes
213559b4-3200-49ba-5938-c6257c2b2700,KXMICHCOACH-26-JBRO,2025-12-24T01:05:52.72548Z,272.00,0.2500,0.7500,yes
3c505a4b-12ae-506f-2610-b0979d6cf549,KXMICHCOACH-26-JBRO,2025-12-24T01:04:10.268752Z,58.00,0.2500,0.7500,yes
26ab6fd4-6201-5280-1b9b-dc1f099dd679,KXMICHCOACH-26-JBRO,2025-12-24T01:04:10.268752Z,322.00,0.2500,0.7500,yes
b3e785f1-e30a-7f5f-1ef0-9d62f6840059,KXMICHCOACH-26-JBRO,2025-12-24T00:52:40.762495Z,10.00,0.2500,0.7500,yes
58edb735-08fa-4647-3eb4-9e8012fb6fe9,KXMICHCOACH-26-JBRO,2025-12-24T00:52:40.566705Z,100.00,0.2500,0.7500,yes
b97f767c-a57e-55d7-4e24-25cc6b211b95,KXMICHCOACH-26-JBRO,2025-12-24T00:44:33.871798Z,760.00,0.2500,0.7500,yes
eb65a40d-b91e-6b09-9711-5076fa0847e6,KXMICHCOACH-26-JBRO,2025-12-24T00:44:33.471947Z,87.00,0.2000,0.8000,no
eb61a333-b48f-4424-ea10-16e8633d167d,KXMICHCOACH-26-JBRO,2025-12-24T00:44:28.997236Z,25.00,0.2100,0.7900,no
e2001729-71ad-4196-d594-2247492764b1,KXMICHCOACH-26-JBRO,2025-12-24T00:44:28.997236Z,8.00,0.2100,0.7900,no
d9e9733b-c45e-4189-c1b4-fbd47759a21e,KXMICHCOACH-26-JBRO,2025-12-24T00:44:28.997236Z,43.00,0.2000,0.8000,no
9420b396-8303-44bd-c625-d8bcba7125e7,KXMICHCOACH-26-JBRO,2025-12-24T00:44:28.997236Z,16.00,0.2100,0.7900,no
516d2b30-b1bc-40fc-f3f3-773031e91763,KXMICHCOACH-26-JBRO,2025-12-24T00:44:28.997236Z,9.00,0.2100,0.7900,no
1c033cf4-c3f8-4218-ea06-4b74c55db574,KXMICHCOACH-26-JBRO,2025-12-24T00:44:28.997236Z,7.00,0.2300,0.7700,no
1069b75f-5670-4d2f-e410-838c8bee98fa,KXMICHCOACH-26-JBRO,2025-12-24T00:44:28.997236Z,17.00,0.2100,0.7900,no
c22eea81-7af8-74dc-9350-09daf0c52aa8,KXMICHCOACH-26-JBRO,2025-12-24T00:44:09.037937Z,46.00,0.2300,0.7700,no
819c1a7d-e35b-7877-9d8b-32dde95bfefc,KXMICHCOACH-26-JBRO,2025-12-24T00:44:09.037937Z,96.00,0.2400,0.7600,no
c4dafd5a-f5f6-769b-83ee-b7f6d5050a75,KXMICHCOACH-26-JBRO,2025-12-24T00:40:02.989238Z,72.00,0.2500,0.7500,yes
880238c0-34bf-727d-b6f3-c9ec2f200bca,KXMICHCOACH-26-JBRO,2025-12-24T00:40:02.989238Z,118.00,0.2500,0.7500,yes
f9f29ddc-c7e0-6356-8462-d6f9e11f92a2,KXMICHCOACH-26-JBRO,2025-12-24T00:37:58.816562Z,67.00,0.2400,0.7600,yes
ccd222e9-161d-6c3f-b02a-8fb9ad1ced18,KXMICHCOACH-26-JBRO,2025-12-24T00:37:58.816562Z,81.00,0.2400,0.7600,yes
1ab91ad9-1134-60f6-b014-9f16448441ba,KXMICHCOACH-26-JBRO,2025-12-24T00:36:54.543512Z,197.00,0.2400,0.7600,yes
a1dfd62e-068c-638a-df61-c6f6a9afe11e,KXMICHCOACH-26-JBRO,2025-12-24T00:35:54.836675Z,186.00,0.2400,0.7600,yes
6d6f65bd-219f-4a60-6160-771e0435f682,KXMICHCOACH-26-JBRO,2025-12-24T00:34:36.448194Z,25.00,0.2400,0.7600,no
98a4bb6e-a843-6d1d-e4b5-e243f10f1d46,KXMICHCOACH-26-JBRO,2025-12-24T00:32:25.760916Z,186.00,0.2500,0.7500,yes
92bb9548-61bf-57c4-9457-c6ccac00a417,KXMICHCOACH-26-JBRO,2025-12-24T00:32:11.632955Z,50.00,0.2400,0.7600,yes
58fb9001-134a-5ac6-9109-1e4cb2bc8542,KXMICHCOACH-26-JBRO,2025-12-24T00:32:11.632955Z,136.00,0.2400,0.7600,yes
e1b14c04-0635-494a-0c6c-e6c9b0aed4ab,KXMICHCOACH-26-JBRO,2025-12-24T00:30:16.594952Z,75.00,0.2200,0.7800,no
ddb0d78f-4ca9-4e9f-218d-fd6ca6936581,KXMICHCOACH-26-JBRO,2025-12-24T00:30:16.594952Z,49.00,0.2400,0.7600,no
adb6d804-9413-45d2-38b9-21a2bd6274f4,KXMICHCOACH-26-JBRO,2025-12-24T00:30:16.594952Z,50.00,0.2200,0.7800,no
9ebdce66-33e2-40db-20e8-b8c7a2fd8c75,KXMICHCOACH-26-JBRO,2025-12-24T00:30:16.594952Z,73.00,0.2400,0.7600,no
857e3bc7-3f9b-433a-05eb-f7e8116e250c,KXMICHCOACH-26-JBRO,2025-12-24T00:30:16.594952Z,3.00,0.2200,0.7800,no
5cf38475-4790-4514-2561-c608d0b41fc3,KXMICHCOACH-26-JBRO,2025-12-24T00:30:16.594952Z,521.00,0.2100,0.7900,no
ec108972-a17f-5ebd-1fb5-e25e54a5d1f6,KXMICHCOACH-26-JBRO,2025-12-24T00:30:06.681062Z,372.00,0.2500,0.7500,yes
d396438f-078f-7ccd-445c-c6ad073406e6,KXMICHCOACH-26-JBRO,2025-12-24T00:29:29.732823Z,59.00,0.2500,0.7500,yes
20228796-3da7-7f25-65ca-c93059c181ba,KXMICHCOACH-26-JBRO,2025-12-24T00:28:51.802084Z,250.00,0.2500,0.7500,yes
b1e9dd33-996b-74b9-5dd5-37a45ea11eea,KXMICHCOACH-26-JBRO,2025-12-24T00:25:12.234561Z,364.00,0.2500,0.7500,yes
526c4331-93cf-55a5-c505-b1d2dcc16136,KXMICHCOACH-26-JBRO,2025-12-24T00:25:06.140208Z,185.00,0.2500,0.7500,yes
d0256b4b-a8ff-4669-29fc-704983da5a72,KXMICHCOACH-26-JBRO,2025-12-24T00:23:17.370449Z,190.00,0.2500,0.7500,yes
e2ad423d-eeab-7c81-7cf0-c756e7fe0daa,KXMICHCOACH-26-JBRO,2025-12-24T00:22:27.949113Z,20.00,0.2500,0.7500,yes
5f6cc833-c8eb-7fa1-c798-695341e25cc2,KXMICHCOACH-26-JBRO,2025-12-24T00:22:12.130272Z,179.00,0.2500,0.7500,yes
93fd2aa5-32b3-5639-4911-c3634f34083e,KXMICHCOACH-26-JBRO,2025-12-24T00:21:23.122688Z,30.00,0.2500,0.7500,yes
2d0b74d7-c5db-70d5-2630-cd3fccd09692,KXMICHCOACH-26-JBRO,2025-12-24T00:19:27.509092Z,11.00,0.2500,0.7500,yes
786de5a4-fa15-6fe6-a3ea-5119caa57e01,KXMICHCOACH-26-JBRO,2025-12-24T00:18:53.545246Z,27.00,0.2500,0.7500,no
0922079e-d89e-64e1-a9bf-dbf30aed729e,KXMICHCOACH-26-JBRO,2025-12-24T00:18:53.545246Z,9.00,0.2500,0.7500,no
4e9b6198-3085-7f10-8e37-e1ee7e05b977,KXMICHCOACH-26-JBRO,2025-12-24T00:17:26.327117Z,35.00,0.2600,0.7400,yes
d21416e0-6c21-4488-ac03-a80456eff953,KXMICHCOACH-26-JBRO,2025-12-24T00:16:55.295894Z,127.00,0.2600,0.7400,yes
addf3323-be21-5134-8e1c-66a40c1a4653,KXMICHCOACH-26-JBRO,2025-12-24T00:16:40.291014Z,100.00,0.2600,0.7400,yes
646f3afb-0f96-6942-6bd0-4dcce61d8d4d,KXMICHCOACH-26-JBRO,2025-12-24T00:14:43.849381Z,350.00,0.2600,0.7400,yes
785e97b2-3a67-4558-a7b7-2fc7ece6523c,KXMICHCOACH-26-JBRO,2025-12-24T00:10:22.328087Z,179.00,0.2600,0.7400,yes
67c2d61f-ad13-462e-8bee-333d1d9d381a,KXMICHCOACH-26-JBRO,2025-12-24T00:10:22.328087Z,8.00,0.2600,0.7400,yes
60acdf8b-8caa-4c16-9495-5f590cee185d,KXMICHCOACH-26-JBRO,2025-12-24T00:10:22.328087Z,213.00,0.2600,0.7400,yes
e4469161-993b-5c58-2893-dfe27c8ce00c,KXMICHCOACH-26-JBRO,2025-12-24T00:08:34.87822Z,200.00,0.2600,0.7400,yes
9985ec86-0507-705c-e6a0-2f200e9a5940,KXMICHCOACH-26-JBRO,2025-12-24T00:07:37.961872Z,36.00,0.2600,0.7400,yes
05c015c8-ef76-5b91-8f47-3f128101f1da,KXMICHCOACH-26-JBRO,2025-12-24T00:07:32.293692Z,6.00,0.2500,0.7500,no
d9206892-426c-6237-f7a4-83b2a64e738b,KXMICHCOACH-26-JBRO,2025-12-24T00:07:30.078479Z,85.00,0.2500,0.7500,yes
7fe4aeda-7797-6585-cd65-a898b4a2760b,KXMICHCOACH-26-JBRO,2025-12-24T00:07:30.078479Z,100.00,0.2500,0.7500,yes
5c718f60-0583-6c01-ac6a-93c44d4d0218,KXMICHCOACH-26-JBRO,2025-12-24T00:05:59.461072Z,63.00,0.2400,0.7600,yes
f9182c96-8089-4a2e-9ff5-5a4be0b6c9e3,KXMICHCOACH-26-JBRO,2025-12-24T00:04:45.292383Z,802.00,0.2200,0.7800,no
5f766633-ed87-47ab-9bef-652fcead4401,KXMICHCOACH-26-JBRO,2025-12-24T00:04:45.292383Z,70.00,0.2400,0.7600,no
18ea9dd7-b3d5-4030-aa20-e6dd5be87aa4,KXMICHCOACH-26-JBRO,2025-12-24T00:04:45.292383Z,63.00,0.2300,0.7700,no
837c8fb6-5192-7922-13c4-60887745ddf1,KXMICHCOACH-26-JBRO,2025-12-24T00:04:34.412592Z,190.00,0.2500,0.7500,yes
e0347108-3ba5-4c0e-74da-e4d61da6450a,KXMICHCOACH-26-JBRO,2025-12-23T23:57:52.870289Z,37.00,0.2500,0.7500,yes
d760afd8-3c22-449e-42bc-a8ee574b7cc5,KXMICHCOACH-26-JBRO,2025-12-23T23:57:52.870289Z,35.00,0.2500,0.7500,yes
235cd00f-205b-404f-ed91-ab8aba271699,KXMICHCOACH-26-JBRO,2025-12-23T23:55:10.284926Z,57.00,0.2500,0.7500,yes
6a851b33-d9fd-4be0-17a4-de5fc5245950,KXMICHCOACH-26-JBRO,2025-12-23T23:51:17.302208Z,37.00,0.2300,0.7700,no
0e1bea21-9720-4585-1305-b356a418be14,KXMICHCOACH-26-JBRO,2025-12-23T23:51:17.302208Z,26.00,0.2300,0.7700,no
888ad33c-da0a-63d2-c3a4-d55c7716af4d,KXMICHCOACH-26-JBRO,2025-12-23T23:51:09.869149Z,3.00,0.2500,0.7500,yes
24dfb53e-f267-46a0-58af-414536218818,KXMICHCOACH-26-JBRO,2025-12-23T23:47:07.622039Z,13.00,0.2600,0.7400,yes
c24e24f1-3088-783d-f9d5-58ef239a761f,KXMICHCOACH-26-JBRO,2025-12-23T23:45:18.99068Z,5.00,0.2500,0.7500,yes
eca636bf-0650-59b6-678f-11f9fb797e57,KXMICHCOACH-26-JBRO,2025-12-23T23:39:06.766396Z,53.00,0.2300,0.7700,no
6bf6ed2f-a465-5ebe-7d19-fffac9c822e3,KXMICHCOACH-26-JBRO,2025-12-23T23:39:06.766396Z,123.00,0.2200,0.7800,no
6e214016-b720-66cd-9c23-0cf4cf3a35ca,KXMICHCOACH-26-JBRO,2025-12-23T23:36:48.957417Z,117.00,0.2400,0.7600,yes
519f37b0-fbf5-657a-8c2e-f542f8470dca,KXMICHCOACH-26-JBRO,2025-12-23T23:36:48.957417Z,712.00,0.2600,0.7400,yes
47157005-07f2-642f-8d8b-4ff83cadad13,KXMICHCOACH-26-JBRO,2025-12-23T23:36:48.957417Z,17.00,0.2400,0.7600,yes
4437a3a6-60e7-68e0-a226-5bc2fb5a5a20,KXMICHCOACH-26-JBRO,2025-12-23T23:36:48.957417Z,284.00,0.2600,0.7400,yes
431a97d0-9fe5-6910-ac6a-7f6f45b590cb,KXMICHCOACH-26-JBRO,2025-12-23T23:36:48.957417Z,81.00,0.2400,0.7600,yes
37862c9f-11e9-66d4-a3ad-bf5bb363539a,KXMICHCOACH-26-JBRO,2025-12-23T23:36:48.957417Z,1000.00,0.2500,0.7500,yes
d7511225-dfdc-7101-c428-1e5c84bc7326,KXMICHCOACH-26-JBRO,2025-12-23T23:36:39.568354Z,97.00,0.2400,0.7600,yes
c8d7ad45-d4d4-625d-7c91-00c90e298381,KXMICHCOACH-26-JBRO,2025-12-23T23:35:41.819312Z,63.00,0.1900,0.8100,no
67f7461d-286d-61b0-6125-f0da87b7bfd0,KXMICHCOACH-26-JBRO,2025-12-23T23:35:41.819312Z,131.00,0.2300,0.7700,no
42f4daad-bf17-6ca7-5b1f-8a3cfa7ddbd2,KXMICHCOACH-26-JBRO,2025-12-23T23:35:41.819312Z,24.00,0.2200,0.7800,no
05f0a794-c129-6e12-65e9-3a6aff79f501,KXMICHCOACH-26-JBRO,2025-12-23T23:35:41.819312Z,95.00,0.2000,0.8000,no
fae5ed9c-cdbc-7acd-9a8d-0313c1ae3d4a,KXMICHCOACH-26-JBRO,2025-12-23T23:35:37.624227Z,25.00,0.2400,0.7600,yes
bb8fe79e-1089-4878-fc32-41150ca49a64,KXMICHCOACH-26-JBRO,2025-12-23T23:35:11.618999Z,77.00,0.2300,0.7700,no
faa3df0f-2c41-60d8-ba52-11b5166528f4,KXMICHCOACH-26-JBRO,2025-12-23T23:34:52.087985Z,17.00,0.2300,0.7700,no
4f8bf560-276d-4b1c-5745-09f6df96e9c2,KXMICHCOACH-26-JBRO,2025-12-23T23:34:30.998845Z,95.00,0.2500,0.7500,yes
d6a159e9-0764-79a5-ebad-ce89759ae676,KXMICHCOACH-26-JBRO,2025-12-23T23:33:33.000675Z,17.00,0.2600,0.7400,yes
fc87b80a-06b8-462d-b3f5-d2cdd4612a52,KXMICHCOACH-26-JBRO,2025-12-23T23:33:00.483668Z,96.00,0.2600,0.7400,yes
a880b4e3-88b5-6503-75bd-b43f2f5f8aee,KXMICHCOACH-26-JBRO,2025-12-23T23:32:48.509468Z,27.00,0.2500,0.7500,yes
93e05f1d-ad39-5f34-0507-d4efbfd38c4d,KXMICHCOACH-26-JBRO,2025-12-23T23:32:34.464809Z,209.00,0.2500,0.7500,yes
da3dad89-5bd3-5405-65c7-5a40371d3c23,KXMICHCOACH-26-JBRO,2025-12-23T23:32:30.051383Z,40.00,0.2100,0.7900,no
d0450adb-2f84-5463-5615-24b17f4aa588,KXMICHCOACH-26-JBRO,2025-12-23T23:32:30.051383Z,38.00,0.2200,0.7800,no
b75cdb13-4e53-5929-6bc0-bb7c5922dbd5,KXMICHCOACH-26-JBRO,2025-12-23T23:32:30.051383Z,40.00,0.2100,0.7900,no
98bbc923-745f-5f7c-6116-f72f63a933b2,KXMICHCOACH-26-JBRO,2025-12-23T23:32:30.051383Z,77.00,0.2200,0.7800,no
97f96260-9aed-52e8-6a9c-b58607b8e495,KXMICHCOACH-26-JBRO,2025-12-23T23:32:30.051383Z,235.00,0.2300,0.7700,no
43f887fe-4d9c-5e1d-762b-af32aa1f528d,KXMICHCOACH-26-JBRO,2025-12-23T23:32:30.051383Z,749.00,0.1900,0.8100,no
1b5d3b1a-aaf8-5a2b-4876-957b8c52d717,KXMICHCOACH-26-JBRO,2025-12-23T23:32:30.051383Z,1000.00,0.2100,0.7900,no
0763f5ca-664d-5699-7ac0-dba137c5ef2a,KXMICHCOACH-26-JBRO,2025-12-23T23:32:30.051383Z,40.00,0.2100,0.7900,no
dec6995e-d3d8-7542-2b3d-bf0d0461d2dc,KXMICHCOACH-26-JBRO,2025-12-23T23:28:30.353577Z,86.00,0.2500,0.7500,yes
5d4387c7-ea5e-7bb6-1484-915d801987db,KXMICHCOACH-26-JBRO,2025-12-23T23:28:30.353577Z,25.00,0.2500,0.7500,yes
b36f394f-4ad8-70b7-7dce-b9000ce036eb,KXMICHCOACH-26-JBRO,2025-12-23T23:24:18.626583Z,52.00,0.2300,0.7700,no
a412aa19-3138-68ca-e246-b5f0034af4b1,KXMICHCOACH-26-JBRO,2025-12-23T23:23:50.025974Z,10.00,0.2400,0.7600,no
2bc9e5bc-3e9e-6936-6624-4968b4b0e763,KXMICHCOACH-26-JBRO,2025-12-23T23:21:41.549858Z,19.00,0.2500,0.7500,yes
52c74960-faa8-7c78-6788-3630c63db676,KXMICHCOACH-26-JBRO,2025-12-23T23:21:17.969139Z,143.00,0.2500,0.7500,yes
428162e1-4e21-7384-619f-b5b44142c3cb,KXMICHCOACH-26-JBRO,2025-12-23T23:21:17.969139Z,61.00,0.2500,0.7500,yes
37c3bc65-a0d3-62a4-3d95-23437cf1da96,KXMICHCOACH-26-JBRO,2025-12-23T23:19:42.592405Z,890.00,0.2100,0.7900,no
cbf25aef-b7b5-5792-d39d-80cb4d01df4a,KXMICHCOACH-26-JBRO,2025-12-23T23:19:33.25836Z,40.00,0.2100,0.7900,no
97684661-6a50-5c1e-ff67-527167427808,KXMICHCOACH-26-JBRO,2025-12-23T23:19:33.25836Z,735.00,0.2100,0.7900,no
4f222d43-589b-5700-d080-1555b1d44b99,KXMICHCOACH-26-JBRO,2025-12-23T23:19:33.25836Z,40.00,0.2100,0.7900,no
0c81cda7-78ed-51cb-ea20-312feb6162fa,KXMICHCOACH-26-JBRO,2025-12-23T23:19:33.25836Z,40.00,0.2100,0.7900,no
8b6242a6-44b1-6f41-ed0f-fec2744afab0,KXMICHCOACH-26-JBRO,2025-12-23T23:19:23.551538Z,44.00,0.2200,0.7800,no
3e7063b6-ec46-5ddb-0073-be40373a38d6,KXMICHCOACH-26-JBRO,2025-12-23T23:19:14.165312Z,12.00,0.2300,0.7700,no
e66bdcf2-e6fe-6d2c-0518-960d36e58abe,KXMICHCOACH-26-JBRO,2025-12-23T23:19:01.59675Z,31.00,0.2300,0.7700,no
d6e4a391-780c-62b9-9e65-5050171143aa,KXMICHCOACH-26-JBRO,2025-12-23T23:17:17.53854Z,4.00,0.2600,0.7400,yes
c361b930-0647-61aa-95c7-ec169c299181,KXMICHCOACH-26-JBRO,2025-12-23T23:17:17.53854Z,26.00,0.2500,0.7500,yes
38aa2ac2-67af-4c16-9a72-438773c6c611,KXMICHCOACH-26-JBRO,2025-12-23T23:16:57.445919Z,57.00,0.2500,0.7500,yes
3b6f832b-21f9-4e35-3fda-664c86471760,KXMICHCOACH-26-JBRO,2025-12-23T23:15:06.711383Z,56.00,0.2200,0.7800,no
41b57ddf-41f8-6031-ff93-a0f20dd441ce,KXMICHCOACH-26-JBRO,2025-12-23T23:12:06.225401Z,1.00,0.2500,0.7500,yes
9002ecbd-113c-7a20-e1ed-4ee590db1761,KXMICHCOACH-26-JBRO,2025-12-23T23:06:09.317421Z,4.00,0.2500,0.7500,yes
a519f21a-1608-64b6-0cb2-c21b1a6f65d4,KXMICHCOACH-26-JBRO,2025-12-23T23:05:53.134952Z,265.00,0.2100,0.7900,no
bbf6d7e5-9765-7b91-a3e9-7f0e63c0c816,KXMICHCOACH-26-JBRO,2025-12-23T23:02:10.603603Z,115.00,0.2200,0.7800,no
910d0ff5-fe3c-7326-af06-eb8a46f57b90,KXMICHCOACH-26-JBRO,2025-12-23T23:02:10.603603Z,33.00,0.2000,0.8000,no
697efc1b-ea07-78d2-b726-37a23faff6de,KXMICHCOACH-26-JBRO,2025-12-23T23:02:10.603603Z,219.00,0.2400,0.7600,no
4ec1b896-4dfa-78e7-bce0-53c2ec5ea26b,KXMICHCOACH-26-JBRO,2025-12-23T23:02:10.603603Z,9.00,0.2400,0.7600,no
eed92795-65d0-6bf1-5003-9cde2ba7cb41,KXMICHCOACH-26-JBRO,2025-12-23T23:01:58.725297Z,175.00,0.2500,0.7500,no
bf41adc9-8d62-6486-41d1-5f093bb094c9,KXMICHCOACH-26-JBRO,2025-12-23T23:01:58.725297Z,40.00,0.2500,0.7500,no
b5b3da19-4551-65f6-7d3b-05d77a718aac,KXMICHCOACH-26-JBRO,2025-12-23T23:01:58.725297Z,40.00,0.2500,0.7500,no
221e7373-0999-6e3f-7a34-74c837d0ea1b,KXMICHCOACH-26-JBRO,2025-12-23T23:01:58.725297Z,40.00,0.2500,0.7500,no
58045e1a-1c74-6bbd-51c8-07e4cfe1c4c5,KXMICHCOACH-26-JBRO,2025-12-23T23:01:38.828645Z,50.00,0.2500,0.7500,no
3f25d3d7-b52f-6b01-5f8d-f9011b824e31,KXMICHCOACH-26-JBRO,2025-12-23T23:01:38.828645Z,150.00,0.2600,0.7400,no
a64b6ae8-78ff-5ba0-8aa3-980d397cfddf,KXMICHCOACH-26-JBRO,2025-12-23T23:00:45.750731Z,95.00,0.2900,0.7100,yes
d55c21d7-25e7-5da8-b12e-8c7f58822413,KXMICHCOACH-26-JBRO,2025-12-23T23:00:25.743185Z,80.00,0.2900,0.7100,yes
d11261e7-3215-4989-7846-c80ab7737778,KXMICHCOACH-26-JBRO,2025-12-23T22:59:14.197851Z,36.00,0.2800,0.7200,no
cf247b64-7cb4-4e54-685c-1c024cdda237,KXMICHCOACH-26-JBRO,2025-12-23T22:59:14.197851Z,150.00,0.2600,0.7400,no
bd452c9d-46fc-4135-5cd3-1f89e4aba7b9,KXMICHCOACH-26-JBRO,2025-12-23T22:59:14.197851Z,461.00,0.2500,0.7500,no
4205127c-958e-4783-603e-17c1f908e54f,KXMICHCOACH-26-JBRO,2025-12-23T22:59:14.197851Z,465.00,0.2800,0.7200,no
82d318db-0500-7b3f-b45d-e2756bd29572,KXMICHCOACH-26-JBRO,2025-12-23T22:58:05.895976Z,437.00,0.2900,0.7100,yes
4e57b13e-30ab-7740-8e6a-377fbca1a9e3,KXMICHCOACH-26-JBRO,2025-12-23T22:58:05.895976Z,309.00,0.2900,0.7100,yes
10edfaac-e79e-48c7-96ee-6314c5bbc30b,KXMICHCOACH-26-JBRO,2025-12-23T22:54:36.20275Z,383.00,0.2800,0.7200,no
ec6aef5e-f21d-5409-a755-16d81a510a08,KXMICHCOACH-26-JBRO,2025-12-23T22:51:09.107123Z,40.00,0.2800,0.7200,yes
9f87deac-beaa-503a-b3dc-df268d5e3e66,KXMICHCOACH-26-JBRO,2025-12-23T22:51:09.107123Z,263.00,0.2800,0.7200,yes
76933a5a-1419-58af-a31e-3149299af882,KXMICHCOACH-26-JBRO,2025-12-23T22:51:09.107123Z,99.00,0.2800,0.7200,yes
718c55e1-f973-53c6-b245-3ea684e50e7d,KXMICHCOACH-26-JBRO,2025-12-23T22:51:09.107123Z,250.00,0.2800,0.7200,yes
1a861935-c9de-5d09-abd3-7fdbc9420570,KXMICHCOACH-26-JBRO,2025-12-23T22:51:09.107123Z,1000.00,0.2800,0.7200,yes
825ed503-bbae-60ae-f5e7-f587cf859b72,KXMICHCOACH-26-JBRO,2025-12-23T22:48:21.332873Z,334.00,0.2800,0.7200,yes
c19baebb-c3f2-474a-eb40-7371b716f9be,KXMICHCOACH-26-JBRO,2025-12-23T22:48:20.543979Z,10.00,0.2800,0.7200,yes
c4ad902e-83f6-7eba-caba-2c406949b3a6,KXMICHCOACH-26-JBRO,2025-12-23T22:45:02.401881Z,13.00,0.2800,0.7200,yes
18b59c57-b5aa-7212-4f46-2ab27ea6e212,KXMICHCOACH-26-JBRO,2025-12-23T22:43:38.576383Z,210.00,0.2800,0.7200,yes
18822e8d-0145-4413-1c8c-975959580e86,KXMICHCOACH-26-JBRO,2025-12-23T22:39:21.901716Z,197.00,0.2700,0.7300,yes
8e5abc3e-4739-745f-2d41-4f30af6cc8a2,KXMICHCOACH-26-JBRO,2025-12-23T22:35:14.340494Z,3.00,0.2700,0.7300,yes
11c7c5da-473a-5f5a-0b38-daf25fa1550e,KXMICHCOACH-26-JBRO,2025-12-23T22:35:00.214024Z,170.00,0.2800,0.7200,yes
4a877cca-9ecc-5df1-8e8b-f06a506f8be5,KXMICHCOACH-26-JBRO,2025-12-23T22:34:59.802396Z,191.00,0.2500,0.7500,no
0617c781-a285-502e-b1ac-8375057038a3,KXMICHCOACH-26-JBRO,2025-12-23T22:34:59.802396Z,100.00,0.2600,0.7400,no
baf15ead-ea1f-6951-5036-91d83a1cc270,KXMICHCOACH-26-JBRO,2025-12-23T22:33:49.160335Z,40.00,0.2700,0.7300,no
ef845ee6-f058-57df-b842-a30ffe57f9aa,KXMICHCOACH-26-JBRO,2025-12-23T22:29:09.089572Z,63.00,0.2900,0.7100,yes
84790bce-cadd-5796-9e00-95cea9fd4253,KXMICHCOACH-26-JBRO,2025-12-23T22:29:09.089572Z,2.00,0.2900,0.7100,yes
b8fc7a48-b60d-469a-cba4-9f0b96fc997b,KXMICHCOACH-26-JBRO,2025-12-23T22:28:17.876433Z,49.00,0.2900,0.7100,yes
1a45eedd-9ee5-5c9e-7359-f38e15ae2e3f,KXMICHCOACH-26-JBRO,2025-12-23T22:27:01.349673Z,82.00,0.2900,0.7100,yes
5fe23d1a-90c9-65c6-d750-57f04ef1fddb,KXMICHCOACH-26-JBRO,2025-12-23T22:25:43.407146Z,16.00,0.2900,0.7100,yes
8e1c653b-c009-7a36-bfec-9a2929952683,KXMICHCOACH-26-JBRO,2025-12-23T22:24:33.824717Z,49.00,0.2900,0.7100,yes
e0ece2db-1341-640a-e544-1c5eaddfcccb,KXMICHCOACH-26-JBRO,2025-12-23T22:23:30.534522Z,258.00,0.2900,0.7100,yes
a9a29662-7cfc-66f3-eeb2-5e8fc5225022,KXMICHCOACH-26-JBRO,2025-12-23T22:23:30.534522Z,66.00,0.2800,0.7200,yes
b52c2692-0c60-7637-6bad-46d1b3c1583a,KXMICHCOACH-26-JBRO,2025-12-23T22:21:38.069983Z,34.00,0.2800,0.7200,yes
96a8de46-92ea-4973-409c-0b6ae6d22a79,KXMICHCOACH-26-JBRO,2025-12-23T22:20:11.34816Z,22.00,0.2800,0.7200,yes
7854bde6-6535-4802-4c9a-03b99321da8f,KXMICHCOACH-26-JBRO,2025-12-23T22:20:11.34816Z,8.00,0.2900,0.7100,yes
83f7f0ff-2926-44e7-a32d-bc6955cbf45e,KXMICHCOACH-26-JBRO,2025-12-23T22:18:00.941033Z,1.00,0.2800,0.7200,yes
f5afee74-c422-645f-55e7-f12a8e407222,KXMICHCOACH-26-JBRO,2025-12-23T22:17:40.858715Z,3.00,0.2800,0.7200,yes
383bc661-e64e-4483-f97a-df907a9eb3de,KXMICHCOACH-26-JBRO,2025-12-23T22:16:18.296636Z,34.00,0.2800,0.7200,yes
9d609371-2fae-67f3-9374-8f9f6c89169a,KXMICHCOACH-26-JBRO,2025-12-23T22:14:41.127501Z,6.00,0.2800,0.7200,yes
ed90cb2a-98d6-4747-6c98-c5afab0b7a92,KXMICHCOACH-26-JBRO,2025-12-23T22:14:34.459925Z,34.00,0.2800,0.7200,yes
2f8b2ec1-6639-46cc-f15a-0cf512fbb775,KXMICHCOACH-26-JBRO,2025-12-23T22:12:17.685039Z,50.00,0.2700,0.7300,yes
1454adc9-a350-49ba-f6a5-2c1dc2391385,KXMICHCOACH-26-JBRO,2025-12-23T22:12:17.685039Z,451.00,0.2800,0.7200,yes
5fb5d485-28cd-6a24-2a79-3c1d0e3c5d8d,KXMICHCOACH-26-JBRO,2025-12-23T22:10:42.943221Z,50.00,0.2700,0.7300,yes
34c2f12f-caf0-6dee-eb46-23563f241fc1,KXMICHCOACH-26-JBRO,2025-12-23T22:09:43.728016Z,850.00,0.2800,0.7200,yes
196cbe57-1644-7b9e-0f7b-bfc82aa88f65,KXMICHCOACH-26-JBRO,2025-12-23T22:07:00.021182Z,30.00,0.2800,0.7200,yes
f12a21da-e1e8-753a-3553-a33f28214be9,KXMICHCOACH-26-JBRO,2025-12-23T22:04:47.878368Z,170.00,0.2800,0.7200,yes
87bbb267-6f2b-656b-05aa-c538e98fd23a,KXMICHCOACH-26-JBRO,2025-12-23T22:03:57.508744Z,49.00,0.2700,0.7300,yes
8421d1ce-ef20-62f2-035d-60a867ca96a1,KXMICHCOACH-26-JBRO,2025-12-23T22:03:57.508744Z,32.00,0.2800,0.7200,yes
22a89cce-bb37-4cb9-e594-ba36b04aa5d9,KXMICHCOACH-26-JBRO,2025-12-23T22:02:52.452683Z,80.00,0.2700,0.7300,yes
f31c84e6-7a93-4019-d106-9e97336d41d9,KXMICHCOACH-26-JBRO,2025-12-23T22:02:15.225435Z,17.00,0.2700,0.7300,yes
06be6f39-9542-4b72-b41a-c8f0e9c4fcd8,KXMICHCOACH-26-JBRO,2025-12-23T22:01:23.26849Z,136.00,0.2600,0.7400,no
8d9ca89c-46df-50f1-ab44-a6c8d6d54619,KXMICHCOACH-26-JBRO,2025-12-23T22:01:04.476479Z,206.00,0.2700,0.7300,yes
c10b54e5-241a-7569-7814-3dc0748172ce,KXMICHCOACH-26-JBRO,2025-12-23T22:00:09.758557Z,11.00,0.2600,0.7400,no
941ea47d-57f8-7421-4854-62c7dc6e0c55,KXMICHCOACH-26-JBRO,2025-12-23T22:00:09.758557Z,223.00,0.2500,0.7500,no
0b38bbf0-b2c4-6f2d-b20e-15bdcf24be24,KXMICHCOACH-26-JBRO,2025-12-23T22:00:08.420352Z,5.00,0.2700,0.7300,yes
909be319-6151-64e0-9f22-cc5bcc8c11ed,KXMICHCOACH-26-JBRO,2025-12-23T21:59:47.000572Z,219.00,0.2800,0.7200,no
3913c356-0c82-6e21-8804-d6ac26c21714,KXMICHCOACH-26-JBRO,2025-12-23T21:59:47.000572Z,72.00,0.2800,0.7200,no
e3abe154-fed2-53a7-04cc-0cb4c919208f,KXMICHCOACH-26-JBRO,2025-12-23T21:55:43.534436Z,40.00,0.2800,0.7200,yes
c706dfb8-2204-58a7-019f-d74c61950cde,KXMICHCOACH-26-JBRO,2025-12-23T21:55:43.534436Z,17.00,0.2800,0.7200,yes
b653b438-bdad-504d-3a93-ee9f6d17b3f2,KXMICHCOACH-26-JBRO,2025-12-23T21:55:43.534436Z,40.00,0.2800,0.7200,yes
9afa8717-da22-5bdf-09ea-2c14a7a67f23,KXMICHCOACH-26-JBRO,2025-12-23T21:55:43.534436Z,40.00,0.2800,0.7200,yes
92c9f551-f3e9-537b-38ea-9831651b1d84,KXMICHCOACH-26-JBRO,2025-12-23T21:55:43.534436Z,12.00,0.2800,0.7200,yes
8f936d23-7219-51a6-2dc7-f6b8ac2f700f,KXMICHCOACH-26-JBRO,2025-12-23T21:55:43.534436Z,36.00,0.2900,0.7100,yes
660803d1-099d-5a8f-143b-e9b63e6ed61c,KXMICHCOACH-26-JBRO,2025-12-23T21:55:43.534436Z,130.00,0.2800,0.7200,yes
040d120e-0f95-50bd-2b1b-99da691b9cc4,KXMICHCOACH-26-JBRO,2025-12-23T21:55:43.534436Z,22.00,0.2900,0.7100,yes
e2b3c1c7-2159-48d3-f7b1-79d13a87f950,KXMICHCOACH-26-JBRO,2025-12-23T21:54:58.377105Z,170.00,0.2800,0.7200,yes
5f3902ac-f35c-4de1-1165-2b9571ea7ab2,KXMICHCOACH-26-JBRO,2025-12-23T21:53:40.006137Z,286.00,0.2800,0.7200,yes
47019308-1c53-4ccb-2444-5b3702a22110,KXMICHCOACH-26-JBRO,2025-12-23T21:53:40.006137Z,500.00,0.2800,0.7200,yes
0200ec3e-7671-4c6b-214d-2ba84be3ff18,KXMICHCOACH-26-JBRO,2025-12-23T21:53:40.006137Z,200.00,0.2800,0.7200,yes
b63555c2-b6f3-5588-bf31-596887b0e524,KXMICHCOACH-26-JBRO,2025-12-23T21:53:31.844147Z,16.00,0.2700,0.7300,yes
74e19ead-c848-5fb5-b843-e408126f2e66,KXMICHCOACH-26-JBRO,2025-12-23T21:53:31.844147Z,145.00,0.2800,0.7200,yes
2ddebbae-f8aa-5139-9644-5d4f5745c16f,KXMICHCOACH-26-JBRO,2025-12-23T21:53:31.844147Z,1.00,0.2700,0.7300,yes
0a1f73b0-3fce-5093-9dbf-56dd152c2213,KXMICHCOACH-26-JBRO,2025-12-23T21:53:31.844147Z,8.00,0.2700,0.7300,yes
9315e51a-dff7-5d04-dc44-42deb0739e20,KXMICHCOACH-26-JBRO,2025-12-23T21:52:55.464761Z,8.00,0.2700,0.7300,yes
95a627dd-1e97-7b9c-5df7-17bea769915c,KXMICHCOACH-26-JBRO,2025-12-23T21:51:57.489448Z,7.00,0.2700,0.7300,yes
96dcafc9-afe7-521c-7810-5b5421b60870,KXMICHCOACH-26-JBRO,2025-12-23T21:51:44.797468Z,84.00,0.2700,0.7300,yes
8decc873-3043-4a8c-57be-a5d5ac84c488,KXMICHCOACH-26-JBRO,2025-12-23T21:49:21.950515Z,52.00,0.2700,0.7300,yes
c80c39e5-af67-5124-d737-d64acfd8c758,KXMICHCOACH-26-JBRO,2025-12-23T21:48:16.730418Z,102.00,0.2700,0.7300,yes
5b2decb2-44fc-5495-f251-f9dbb6f91cd9,KXMICHCOACH-26-JBRO,2025-12-23T21:48:16.730418Z,76.00,0.2600,0.7400,yes
35d51717-497c-4df1-6a88-5d42bfd8b3f5,KXMICHCOACH-26-JBRO,2025-12-23T21:48:07.667576Z,89.00,0.2600,0.7400,yes
df0fe27b-66cb-6274-e518-7477a6be9008,KXMICHCOACH-26-JBRO,2025-12-23T21:47:03.056382Z,172.00,0.2700,0.7300,yes
198807d5-aeeb-4510-cebb-0db5790643c4,KXMICHCOACH-26-JBRO,2025-12-23T21:46:30.529429Z,6.00,0.2700,0.7300,yes
8b6a3e22-8ae5-6276-9baf-c45706196406,KXMICHCOACH-26-JBRO,2025-12-23T21:46:20.162461Z,14.00,0.2500,0.7500,no
60c96e83-4b5b-4b90-f5c6-928776a09b34,KXMICHCOACH-26-JBRO,2025-12-23T21:45:42.938716Z,1.00,0.2700,0.7300,yes
da322d5e-14f7-79f0-2fd1-ced7243ba76c,KXMICHCOACH-26-JBRO,2025-12-23T21:45:31.386243Z,52.00,0.2700,0.7300,yes
52be63fc-8f30-7717-2211-5034e774960c,KXMICHCOACH-26-JBRO,2025-12-23T21:45:31.386243Z,201.00,0.2600,0.7400,yes
44dc57d4-a588-74ac-10be-ea1802d15c20,KXMICHCOACH-26-JBRO,2025-12-23T21:45:31.386243Z,104.00,0.2600,0.7400,yes
19c1fd15-34f8-470f-74bf-939109420290,KXMICHCOACH-26-JBRO,2025-12-23T21:45:23.396077Z,358.00,0.2600,0.7400,yes
f451df68-79cc-49d3-d3d2-697bd70c8d04,KXMICHCOACH-26-JBRO,2025-12-23T21:45:01.959783Z,2.00,0.2600,0.7400,yes
9c8419ef-5518-4d5b-dec1-030d2e39c9b8,KXMICHCOACH-26-JBRO,2025-12-23T21:45:01.181417Z,36.00,0.2600,0.7400,yes
b6746584-b555-6664-6cb7-bea6e7836fa5,KXMICHCOACH-26-JBRO,2025-12-23T21:44:53.800014Z,200.00,0.2500,0.7500,yes
08911465-3ca0-52cf-2e8f-794edd7e8b28,KXMICHCOACH-26-JBRO,2025-12-23T21:44:22.837902Z,21.00,0.2600,0.7400,yes
ec529817-ae0f-7032-b850-2fe67ac049d7,KXMICHCOACH-26-JBRO,2025-12-23T21:44:14.990135Z,200.00,0.2400,0.7600,no
69993c92-ded4-7730-8f8f-ce62cbbf7a24,KXMICHCOACH-26-JBRO,2025-12-23T21:44:14.990135Z,54.00,0.2400,0.7600,no
6f5fb451-20d4-73cf-780b-c283f310679c,KXMICHCOACH-26-JBRO,2025-12-23T21:43:43.837552Z,198.00,0.2600,0.7400,yes
fccac320-379f-757a-4380-6ce777659aec,KXMICHCOACH-26-JBRO,2025-12-23T21:43:40.35532Z,5.00,0.2600,0.7400,yes
016bfa40-39f4-77ab-5181-93c5f4ead800,KXMICHCOACH-26-JBRO,2025-12-23T21:43:40.35532Z,184.00,0.2600,0.7400,yes
6285c4be-4593-7b3a-2611-49dcb00764d0,KXMICHCOACH-26-JBRO,2025-12-23T21:39:00.857993Z,9.00,0.2600,0.7400,yes
06a4a142-ba8f-7c42-9efd-db395428a96c,KXMICHCOACH-26-JBRO,2025-12-23T21:35:45.977071Z,36.00,0.2600,0.7400,yes
0e300db0-ff3c-4a01-876d-05ebf7103984,KXMICHCOACH-26-JBRO,2025-12-23T21:35:31.207279Z,62.00,0.2500,0.7500,no
2ed39173-e573-6e8a-0e7b-e49a9036e384,KXMICHCOACH-26-JBRO,2025-12-23T21:35:14.032617Z,18.00,0.2600,0.7400,yes
436c9242-a286-40a1-cb41-1c34c7d98cc0,KXMICHCOACH-26-JBRO,2025-12-23T21:35:08.781966Z,10.00,0.2500,0.7500,no
17739b27-b67f-717f-5eb7-3a49e7bf57c3,KXMICHCOACH-26-JBRO,2025-12-23T21:26:40.726949Z,186.00,0.2500,0.7500,no
bbf8ca58-7137-52ca-a578-ba6a171c4f7c,KXMICHCOACH-26-JBRO,2025-12-23T21:25:16.325393Z,17.00,0.2600,0.7400,yes
603b0f89-5527-4196-050f-214b0d9c02e4,KXMICHCOACH-26-JBRO,2025-12-23T21:24:24.12656Z,182.00,0.2600,0.7400,yes
29b7ea5c-636f-4cd6-a803-337420bc195c,KXMICHCOACH-26-JBRO,2025-12-23T21:24:12.450896Z,291.00,0.2600,0.7400,yes
35e85309-04df-703e-aced-f9b8f18a3c5c,KXMICHCOACH-26-JBRO,2025-12-23T21:23:53.056406Z,36.00,0.2600,0.7400,yes
c1abd76f-7614-5eeb-b9ad-b420fa97da79,KXMICHCOACH-26-JBRO,2025-12-23T21:22:36.91695Z,36.00,0.2500,0.7500,yes
c09cecaf-172c-534f-9d7a-0897b5e24f48,KXMICHCOACH-26-JBRO,2025-12-23T21:22:36.91695Z,100.00,0.2500,0.7500,yes
5aa5ae60-699c-5e32-9b52-8089be776212,KXMICHCOACH-26-JBRO,2025-12-23T21:22:36.91695Z,475.00,0.2500,0.7500,yes
38a39dbb-8c23-50f6-a86b-6f40c8cd2178,KXMICHCOACH-26-JBRO,2025-12-23T21:22:36.91695Z,143.00,0.2600,0.7400,yes
54683755-ac37-6b94-5a53-0b678536a234,KXMICHCOACH-26-JBRO,2025-12-23T21:22:00.904139Z,164.00,0.2400,0.7600,yes
f182d2fd-c4e4-52da-90ef-ddb786d7ee74,KXMICHCOACH-26-JBRO,2025-12-23T21:21:44.123018Z,475.00,0.2300,0.7700,no
8133b4ad-7adb-5299-98dd-0939a913d18b,KXMICHCOACH-26-JBRO,2025-12-23T21:21:44.123018Z,100.00,0.2500,0.7500,no
75fec75c-7a61-5ac1-9df6-fc86eb2643fb,KXMICHCOACH-26-JBRO,2025-12-23T21:21:44.123018Z,100.00,0.2300,0.7700,no
66738c8a-bfe5-52f4-96dc-925ca6cd8856,KXMICHCOACH-26-JBRO,2025-12-23T21:21:44.123018Z,13.00,0.2400,0.7600,no
f0ee96fd-a557-5282-5d50-e5c514bed8e0,KXMICHCOACH-26-JBRO,2025-12-23T21:20:59.853354Z,18.00,0.2600,0.7400,yes
e44794df-6637-74a2-bf3f-4f1d4d9a5e44,KXMICHCOACH-26-JBRO,2025-12-23T21:20:39.382633Z,21.00,0.2600,0.7400,yes
ab134eb1-6aeb-4aee-e157-6d33c4b9eea4,KXMICHCOACH-26-JBRO,2025-12-23T21:19:46.702342Z,73.00,0.2600,0.7400,yes
76b1c0e9-dcc3-691e-30ee-b53389518fa8,KXMICHCOACH-26-JBRO,2025-12-23T21:19:21.657947Z,18.00,0.2600,0.7400,yes
e8ecaf1a-73a5-5bd8-e78e-ea7cc966cab4,KXMICHCOACH-26-JBRO,2025-12-23T21:14:00.379777Z,58.00,0.2200,0.7800,no
00859195-d585-44ca-da06-fe798c81033e,KXMICHCOACH-26-JBRO,2025-12-23T21:10:09.766483Z,492.00,0.2300,0.7700,no
f1088409-7905-77ca-94fc-71178af2ae5e,KXMICHCOACH-26-JBRO,2025-12-23T21:09:47.082871Z,156.00,0.2300,0.7700,no
7d8cfd50-8af3-7ecf-a0c0-d33e87201f42,KXMICHCOACH-26-JBRO,2025-12-23T21:09:47.082871Z,44.00,0.2300,0.7700,no
c0d6039f-f9bb-578d-1136-33b6ef732202,KXMICHCOACH-26-JBRO,2025-12-23T21:09:17.656662Z,139.00,0.2300,0.7700,no
ee7f8662-cc5f-6da6-ff8d-c8f3b995b3e8,KXMICHCOACH-26-JBRO,2025-12-23T21:07:57.731959Z,133.00,0.2600,0.7400,yes
a6369e1c-7875-66d4-f5d8-2faf943f0288,KXMICHCOACH-26-JBRO,2025-12-23T21:07:57.731959Z,9.00,0.2600,0.7400,yes
25ece59b-ec21-6507-fe19-28228cfa71e2,KXMICHCOACH-26-JBRO,2025-12-23T21:07:57.731959Z,112.00,0.2600,0.7400,yes
3e2c9010-9b8d-403d-44cc-a4fe3142c62a,KXMICHCOACH-26-JBRO,2025-12-23T21:07:11.632736Z,10.00,0.2500,0.7500,yes
749d72f6-e1f9-4f00-2791-c77552f41216,KXMICHCOACH-26-JBRO,2025-12-23T21:06:31.840936Z,275.00,0.2500,0.7500,yes
5ee417db-5721-4b68-31b8-907807ce34f1,KXMICHCOACH-26-JBRO,2025-12-23T21:06:31.840936Z,59.00,0.2500,0.7500,yes
3d7426c6-e657-5ee9-1592-601121741e1a,KXMICHCOACH-26-JBRO,2025-12-23T21:05:21.511538Z,2.00,0.2300,0.7700,no
3e1e96a9-5a87-722d-161c-df57e5b0e48e,KXMICHCOACH-26-JBRO,2025-12-23T21:05:13.637236Z,6.00,0.2300,0.7700,no
844c70e8-2b6e-4208-db83-52b789846d24,KXMICHCOACH-26-JBRO,2025-12-23T21:03:30.713696Z,63.00,0.2200,0.7800,no
6209b987-e411-7b54-3334-78541641540e,KXMICHCOACH-26-JBRO,2025-12-23T20:59:55.51013Z,75.00,0.2500,0.7500,yes
eeb402d7-aaad-6b80-19ae-b403a3d09dc6,KXMICHCOACH-26-JBRO,2025-12-23T20:56:27.306282Z,19.00,0.2500,0.7500,yes
83f00485-ba45-4530-2b9b-e7c531d0afb6,KXMICHCOACH-26-JBRO,2025-12-23T20:56:06.680542Z,190.00,0.2500,0.7500,yes
75f51b7c-9225-5980-f6ae-58d54919d8ee,KXMICHCOACH-26-JBRO,2025-12-23T20:55:48.891817Z,114.00,0.2500,0.7500,yes
9282b2ac-e3bd-6fc8-d504-0af121559e5a,KXMICHCOACH-26-JBRO,2025-12-23T20:53:36.573005Z,60.00,0.2500,0.7500,yes
6a0a3882-77ad-634a-c70f-d61a33fc96de,KXMICHCOACH-26-JBRO,2025-12-23T20:53:36.573005Z,39.00,0.2400,0.7600,yes
44e739cc-fe0c-49b0-6015-db022213c176,KXMICHCOACH-26-JBRO,2025-12-23T20:52:52.639569Z,28.00,0.2200,0.7800,no
5a9e1d98-3a7d-6df4-a35a-0f7e20b415ba,KXMICHCOACH-26-JBRO,2025-12-23T20:50:58.559222Z,267.00,0.2500,0.7500,yes
2b60e0ae-0ddf-6298-b0aa-644872f5e5bb,KXMICHCOACH-26-JBRO,2025-12-23T20:50:58.559222Z,480.00,0.2400,0.7600,yes
2a52ff88-608d-6729-bc05-fff9171e89f8,KXMICHCOACH-26-JBRO,2025-12-23T20:50:58.559222Z,31.00,0.2500,0.7500,yes
c72d4aa6-227f-4878-73d7-5f12d6a327c7,KXMICHCOACH-26-JBRO,2025-12-23T20:50:49.927948Z,189.00,0.2400,0.7600,yes
5c17a0d0-4ceb-4d05-5995-24b857d2e068,KXMICHCOACH-26-JBRO,2025-12-23T20:50:49.927948Z,60.00,0.2400,0.7600,yes
a48d67fc-a3bb-4181-6dd9-ca174c1188d4,KXMICHCOACH-26-JBRO,2025-12-23T20:50:09.115921Z,70.00,0.2400,0.7600,yes
f7ea5192-e794-61ee-8d2f-4a12f33e9574,KXMICHCOACH-26-JBRO,2025-12-23T20:49:40.130518Z,32.00,0.2100,0.7900,no
a99fdd83-511e-6152-8c8e-efc291fb9986,KXMICHCOACH-26-JBRO,2025-12-23T20:49:40.130518Z,46.00,0.2200,0.7800,no
c4270217-bc67-42e9-7495-6b94aabc8b5c,KXMICHCOACH-26-JBRO,2025-12-23T20:49:03.806358Z,97.00,0.2400,0.7600,yes
fbdfe5ab-d038-66dc-216e-acb9e23d3d1c,KXMICHCOACH-26-JBRO,2025-12-23T20:46:11.627393Z,250.00,0.2200,0.7800,no
8f2dc1b6-fddb-6a72-33ac-511271fbceda,KXMICHCOACH-26-JBRO,2025-12-23T20:46:11.627393Z,186.00,0.2200,0.7800,no
71a6ce0b-9b10-6496-3f8f-48699e2c0404,KXMICHCOACH-26-JBRO,2025-12-23T20:46:11.627393Z,5.00,0.2100,0.7900,no
0baff537-b783-5870-3771-f01c6bdf54b3,KXMICHCOACH-26-JBRO,2025-12-23T20:46:03.685276Z,380.00,0.2500,0.7500,yes
710b0c6e-711b-4a98-4da6-fe7d38e663df,KXMICHCOACH-26-JBRO,2025-12-23T20:45:34.488483Z,19.00,0.2500,0.7500,yes
d54a8fb1-7e79-4807-23b6-523c052752d6,KXMICHCOACH-26-JBRO,2025-12-23T20:44:07.429984Z,388.00,0.2600,0.7400,yes
bc3ffd6f-3084-44a5-3ba5-b8e8053b88f8,KXMICHCOACH-26-JBRO,2025-12-23T20:44:07.429984Z,40.00,0.2400,0.7600,yes
64cda6b4-aac2-4684-3b66-d360c0e9b9aa,KXMICHCOACH-26-JBRO,2025-12-23T20:44:07.429984Z,387.00,0.2600,0.7400,yes
587c594d-514b-4f29-0bd4-42354dc05d1c,KXMICHCOACH-26-JBRO,2025-12-23T20:44:07.429984Z,40.00,0.2400,0.7600,yes
577b38ab-bdcf-4a12-1a10-05b911fa45e4,KXMICHCOACH-26-JBRO,2025-12-23T20:44:07.429984Z,34.00,0.2400,0.7600,yes
416e6242-e81f-42bf-3296-4b70efda2363,KXMICHCOACH-26-JBRO,2025-12-23T20:44:07.429984Z,40.00,0.2400,0.7600,yes
2d4adae4-8e34-41a2-3520-740ad253ac5a,KXMICHCOACH-26-JBRO,2025-12-23T20:44:07.429984Z,800.00,0.2400,0.7600,yes
1d69a80b-fa14-4960-0e81-92d84c47707b,KXMICHCOACH-26-JBRO,2025-12-23T20:44:07.429984Z,193.00,0.2300,0.7700,yes
fc7bbb4c-7c51-679c-7897-cdd13c6c8a0d,KXMICHCOACH-26-JBRO,2025-12-23T20:43:45.024291Z,238.00,0.2300,0.7700,yes
84a44aa9-30c0-64c4-69bf-feddd47284db,KXMICHCOACH-26-JBRO,2025-12-23T20:43:45.024291Z,267.00,0.2300,0.7700,yes
afa8fa33-6d75-6860-1cef-22a375d3aba9,KXMICHCOACH-26-JBRO,2025-12-23T20:43:39.531834Z,607.00,0.2300,0.7700,yes
2cae63ff-f64c-61ce-d532-2ad10238b82c,KXMICHCOACH-26-JBRO,2025-12-23T20:41:47.613518Z,31.00,0.2100,0.7900,no
cc1f63f6-a46d-4238-896c-66b856c56989,KXMICHCOACH-26-JBRO,2025-12-23T20:40:24.675115Z,155.00,0.2300,0.7700,yes
ab565dfc-cdde-47ce-afa4-355fd371a0c2,KXMICHCOACH-26-JBRO,2025-12-23T20:40:24.675115Z,30.00,0.2200,0.7800,yes
978828a7-995d-415d-abcf-d6f610550c53,KXMICHCOACH-26-JBRO,2025-12-23T20:40:24.675115Z,454.00,0.2200,0.7800,yes
60e7bfc3-e62d-6f65-e5de-7b257c363dfb,KXMICHCOACH-26-JBRO,2025-12-23T20:40:09.870216Z,106.00,0.2200,0.7800,yes
17fb29d7-4fdd-7695-bdb2-554a58a6d12b,KXMICHCOACH-26-JBRO,2025-12-23T20:32:17.426498Z,21.00,0.2200,0.7800,yes
e7cd71d6-41d9-7ac5-35d2-4f2cd3f20a3f,KXMICHCOACH-26-JBRO,2025-12-23T20:32:00.282123Z,50.00,0.2200,0.7800,yes
4574d172-8931-4d65-ece3-46346499dfbf,KXMICHCOACH-26-JBRO,2025-12-23T20:30:47.3214Z,39.00,0.2200,0.7800,yes
1a489930-78af-50fa-76d8-fef7e7bcc1eb,KXMICHCOACH-26-JBRO,2025-12-23T20:30:36.983135Z,11.00,0.2100,0.7900,yes
eda18073-ffc2-4703-3874-b95863a5f9f0,KXMICHCOACH-26-JBRO,2025-12-23T20:30:29.622642Z,34.00,0.2000,0.8000,no
e8d439de-6bad-4f59-ddac-c14836c1d7fb,KXMICHCOACH-26-JBRO,2025-12-23T20:27:11.352015Z,96.00,0.2200,0.7800,yes
265cac54-7e1a-438f-d4e1-3ce7c1bfffcb,KXMICHCOACH-26-JBRO,2025-12-23T20:27:11.352015Z,119.00,0.2100,0.7900,yes
45fbec0a-d5f9-655c-9cee-7390c91a86d5,KXMICHCOACH-26-JBRO,2025-12-23T20:25:14.085072Z,228.00,0.1900,0.8100,no
2ca0afcb-e7eb-6628-aeb6-e8f6acba5e8d,KXMICHCOACH-26-JBRO,2025-12-23T20:25:14.085072Z,240.00,0.1900,0.8100,no
a9adc81d-0d15-70ce-a2e8-295e61217188,KXMICHCOACH-26-JBRO,2025-12-23T20:20:30.987921Z,8.00,0.2000,0.8000,no
e42aab4b-d24f-73c3-e226-eca2e7792a0f,KXMICHCOACH-26-JBRO,2025-12-23T20:20:19.469048Z,22.00,0.2100,0.7900,yes
9eb93a51-6b99-74a1-405e-5f91bed3f7ff,KXMICHCOACH-26-JBRO,2025-12-23T20:18:33.121168Z,20.00,0.2200,0.7800,yes
b8757acc-5a6f-69f0-8285-7b261edfaf59,KXMICHCOACH-26-JBRO,2025-12-23T20:17:58.216537Z,60.00,0.1900,0.8100,no
7bf71d5b-3861-765c-993a-d5272dd0c3c1,KXMICHCOACH-26-JBRO,2025-12-23T20:16:27.640983Z,60.00,0.1800,0.8200,no
65d17d31-664d-5450-b9e9-619b353967d1,KXMICHCOACH-26-JBRO,2025-12-23T20:15:49.075282Z,43.00,0.1800,0.8200,no
0761f264-3817-49ee-29b6-cd2c840cc2d5,KXMICHCOACH-26-JBRO,2025-12-23T20:15:22.058558Z,134.00,0.1900,0.8100,no
e0b4e51f-0489-5569-057e-0622364d1863,KXMICHCOACH-26-JBRO,2025-12-23T20:14:14.791635Z,41.00,0.2200,0.7800,yes
6d58067d-eb8d-5e99-900d-3f8ca4beb187,KXMICHCOACH-26-JBRO,2025-12-23T20:10:22.060406Z,4.00,0.2200,0.7800,yes
267b0294-1639-767d-d14c-303f0153211b,KXMICHCOACH-26-JBRO,2025-12-23T20:10:13.318512Z,5.00,0.2200,0.7800,yes
3eb015ef-5f81-7781-a256-de594eba8917,KXMICHCOACH-26-JBRO,2025-12-23T20:09:54.334956Z,500.00,0.2200,0.7800,yes
9e009f1d-9d59-6789-4937-c1db2348272b,KXMICHCOACH-26-JBRO,2025-12-23T20:09:33.162782Z,215.00,0.2200,0.7800,yes
e466b74f-6839-4991-1803-d79edd743003,KXMICHCOACH-26-JBRO,2025-12-23T20:09:23.501023Z,33.00,0.2200,0.7800,yes
56e83cd8-beb2-6819-646c-450a37d1db5b,KXMICHCOACH-26-JBRO,2025-12-23T20:09:11.678417Z,17.00,0.2100,0.7900,yes
47620c40-2a2b-62d8-6dd0-d0e69cd0dd41,KXMICHCOACH-26-JBRO,2025-12-23T20:08:46.772566Z,15.00,0.1900,0.8100,no
08a22496-6df1-7ac1-a270-02002d715c33,KXMICHCOACH-26-JBRO,2025-12-23T20:08:37.610132Z,211.00,0.2200,0.7800,yes
99a07109-85dc-5105-43da-71fc0fbd24d6,KXMICHCOACH-26-JBRO,2025-12-23T20:05:26.87632Z,10.00,0.2100,0.7900,yes
8cd35184-7d11-5fb1-56da-712e3a5245b7,KXMICHCOACH-26-JBRO,2025-12-23T20:05:26.87632Z,205.00,0.2200,0.7800,yes
b1498dbf-1b20-4825-cd74-43f1531e9a06,KXMICHCOACH-26-JBRO,2025-12-23T20:05:18.378854Z,100.00,0.2100,0.7900,yes
952b05d8-9e4b-54a2-994a-9e9a80ee6843,KXMICHCOACH-26-JBRO,2025-12-23T20:05:15.090287Z,111.00,0.1900,0.8100,no
7d66a57c-d6d9-55c8-a25e-33f4d0a5c50d,KXMICHCOACH-26-JBRO,2025-12-23T20:05:15.090287Z,322.00,0.1800,0.8200,no
2cc932a3-9253-5635-a49a-6754244b976a,KXMICHCOACH-26-JBRO,2025-12-23T20:05:15.090287Z,285.00,0.1900,0.8100,no
77e1c2e7-357d-7f6f-133a-1399f1e3ed32,KXMICHCOACH-26-JBRO,2025-12-23T20:05:07.042557Z,129.00,0.2000,0.8000,yes
74aae39b-4135-7797-26eb-6190ff7d9087,KXMICHCOACH-26-JBRO,2025-12-23T20:05:07.042557Z,335.00,0.2000,0.8000,yes
ddcba3a0-c48f-6cf8-c84a-c2b4670866ea,KXMICHCOACH-26-JBRO,2025-12-23T20:04:37.98166Z,10.00,0.1900,0.8100,no
a96caec1-92e9-6377-6855-2fd84d22272f,KXMICHCOACH-26-JBRO,2025-12-23T20:04:09.258431Z,465.00,0.2000,0.8000,yes
1b8e6f02-2181-470f-b328-25741aaa0857,KXMICHCOACH-26-JBRO,2025-12-23T20:03:07.834265Z,118.00,0.2000,0.8000,yes
a71cfe4f-22dd-5813-9ee0-ddcd73bcd783,KXMICHCOACH-26-JBRO,2025-12-23T20:02:30.685872Z,355.00,0.2000,0.8000,yes
5197ffb7-78c5-59d3-724d-7db3bb050ae7,KXMICHCOACH-26-JBRO,2025-12-23T20:01:55.075603Z,25.00,0.2000,0.8000,yes
bf763081-e369-4397-a763-3bacacca7aeb,KXMICHCOACH-26-JBRO,2025-12-23T20:01:50.228948Z,348.00,0.2000,0.8000,yes
af67e0e1-6179-576f-6f82-ca3c82a9a7e7,KXMICHCOACH-26-JBRO,2025-12-23T20:01:43.19532Z,134.00,0.2000,0.8000,yes
096d8bb4-4663-735d-51fe-848677e99df6,KXMICHCOACH-26-JBRO,2025-12-23T20:01:29.547911Z,80.00,0.2000,0.8000,no
02ffdc42-ee51-480c-ea3d-ea78bedde1d1,KXMICHCOACH-26-JBRO,2025-12-23T20:00:19.474688Z,212.00,0.2200,0.7800,yes
a7a2d70a-7b6f-46e5-a157-029ce41c9012,KXMICHCOACH-26-JBRO,2025-12-23T19:59:32.977874Z,20.00,0.2000,0.8000,no
ef07500f-eccc-7c70-4546-4f6bffe39995,KXMICHCOACH-26-JBRO,2025-12-23T19:56:38.870585Z,1000.00,0.2100,0.7900,no
cc4a86af-e5fe-7cb3-56fe-336a21e4bbb7,KXMICHCOACH-26-JBRO,2025-12-23T19:56:38.870585Z,1000.00,0.2400,0.7600,no
c90732b6-841b-7ee9-5ab9-4fd94041e800,KXMICHCOACH-26-JBRO,2025-12-23T19:56:38.870585Z,1000.00,0.2000,0.8000,no
bafc1081-e525-7c80-7281-271133b3fae5,KXMICHCOACH-26-JBRO,2025-12-23T19:56:38.870585Z,699.00,0.1800,0.8200,no
9b479cd6-0781-79dd-7f5f-578ef0c1ec6b,KXMICHCOACH-26-JBRO,2025-12-23T19:56:38.870585Z,1000.00,0.2300,0.7700,no
8bb2f2c9-5918-786b-77e1-29f094be6d95,KXMICHCOACH-26-JBRO,2025-12-23T19:56:38.870585Z,500.00,0.2200,0.7800,no
821efbc8-96ac-75d1-472f-a16876b1bf9c,KXMICHCOACH-26-JBRO,2025-12-23T19:56:38.870585Z,500.00,0.2000,0.8000,no
22437fe7-559d-7537-4da7-2649511c6255,KXMICHCOACH-26-JBRO,2025-12-23T19:56:38.870585Z,301.00,0.2400,0.7600,no
9d2b2c64-e666-7838-a548-ef373758d232,KXMICHCOACH-26-JBRO,2025-12-23T19:56:37.4669Z,52.00,0.2600,0.7400,yes
ed91b6ca-abd2-7cf8-5705-07cd6f0e0b16,KXMICHCOACH-26-JBRO,2025-12-23T19:56:17.111302Z,180.00,0.2600,0.7400,yes
c6490809-a7e5-43cf-9dda-8b1e96923865,KXMICHCOACH-26-JBRO,2025-12-23T19:55:37.623381Z,179.00,0.2400,0.7600,no
3e6d9f80-ad5f-4124-a829-cc56e98395c7,KXMICHCOACH-26-JBRO,2025-12-23T19:55:37.623381Z,34.00,0.2500,0.7500,no
9fbe5bdd-0d52-4f08-6511-bd295eb183ea,KXMICHCOACH-26-JBRO,2025-12-23T19:54:40.410865Z,3.00,0.2600,0.7400,yes
c9b7a79a-25f2-6608-41cf-4bd064db7f7e,KXMICHCOACH-26-JBRO,2025-12-23T19:54:19.969935Z,80.00,0.2600,0.7400,yes
01571915-d6c6-6c4c-d42a-83bec58e11ca,KXMICHCOACH-26-JBRO,2025-12-23T19:53:59.250495Z,7.00,0.2600,0.7400,yes
c58de8b5-e1ba-6304-fa84-1a2dac8ecc7a,KXMICHCOACH-26-JBRO,2025-12-23T19:51:33.946075Z,291.00,0.2600,0.7400,yes
32f9a2be-7193-48fe-6dfd-9094164d0437,KXMICHCOACH-26-JBRO,2025-12-23T19:50:16.84652Z,13.00,0.2500,0.7500,no
01f9b025-2c29-410b-7434-cfa42106af79,KXMICHCOACH-26-JBRO,2025-12-23T19:50:16.84652Z,247.00,0.2400,0.7600,no
d95c1723-59e0-4902-3a0c-df86b1b43c74,KXMICHCOACH-26-JBRO,2025-12-23T19:49:57.204068Z,54.00,0.2600,0.7400,yes
d7a3d7b7-a0c2-7e26-7e3a-1263e233c1b9,KXMICHCOACH-26-JBRO,2025-12-23T19:49:41.999475Z,124.00,0.2500,0.7500,no
70edecb7-cb31-7d23-5cd9-e1136b7da1a9,KXMICHCOACH-26-JBRO,2025-12-23T19:49:41.999475Z,273.00,0.2400,0.7600,no
ee8a7d99-a8e0-6571-3bea-616188308e56,KXMICHCOACH-26-JBRO,2025-12-23T19:48:27.677103Z,26.00,0.2800,0.7200,yes
155ff048-b34f-6a57-0d6f-252ffba65c2d,KXMICHCOACH-26-JBRO,2025-12-23T19:48:27.677103Z,350.00,0.2500,0.7500,yes
f2a5e26f-6dd0-5a60-f2fa-63f083ed444a,KXMICHCOACH-26-JBRO,2025-12-23T19:48:08.217216Z,40.00,0.2400,0.7600,yes
e5b0415f-e0d9-5756-d216-547a6ec94130,KXMICHCOACH-26-JBRO,2025-12-23T19:48:08.217216Z,40.00,0.2400,0.7600,yes
c5708eb8-0048-5d1c-daef-768d4be9f18e,KXMICHCOACH-26-JBRO,2025-12-23T19:48:08.217216Z,40.00,0.2400,0.7600,yes
c33a53ca-1855-5f40-dff2-46e0d31230e9,KXMICHCOACH-26-JBRO,2025-12-23T19:48:08.217216Z,73.00,0.2400,0.7600,yes
9a60e22f-532f-5762-4eb1-c8af8e3b68bd,KXMICHCOACH-26-JBRO,2025-12-23T19:46:30.844612Z,90.00,0.1900,0.8100,yes
6617e8e2-cae2-5fff-4d98-a29e86ca4ec0,KXMICHCOACH-26-JBRO,2025-12-23T19:46:30.844612Z,2000.00,0.1900,0.8100,yes
5bb0ceaf-9090-5f9f-7f65-5207c3005d14,KXMICHCOACH-26-JBRO,2025-12-23T19:46:30.844612Z,1916.00,0.1900,0.8100,yes
18579ac0-48a6-5e84-660e-8a869df3f7e1,KXMICHCOACH-26-JBRO,2025-12-23T19:46:30.844612Z,1000.00,0.1900,0.8100,yes
e55b6a42-3b6b-567b-4bd5-5ded1a4a27d3,KXMICHCOACH-26-JBRO,2025-12-23T19:45:47.747436Z,79.00,0.1700,0.8300,yes
611de367-9177-53ba-5625-1a8c5c13fe51,KXMICHCOACH-26-JBRO,2025-12-23T19:45:47.747436Z,336.00,0.1700,0.8300,yes
24d63232-7267-5503-66e2-a03e22e5bf2d,KXMICHCOACH-26-JBRO,2025-12-23T19:45:47.747436Z,2000.00,0.1700,0.8300,yes
07a3dbed-a5ba-5eb1-58ed-fc7dd9bcb080,KXMICHCOACH-26-JBRO,2025-12-23T19:45:47.747436Z,50.00,0.1700,0.8300,yes
c3e68cb8-0890-431a-14c1-7e678d54ae9a,KXMICHCOACH-26-JBRO,2025-12-23T19:42:55.423998Z,212.00,0.1600,0.8400,no
be5415ea-54a6-4a45-281d-a304b96ec455,KXMICHCOACH-26-JBRO,2025-12-23T19:42:55.423998Z,7.00,0.1500,0.8500,no
ad523f4a-175f-4d0d-3d3f-ed8b77fdf863,KXMICHCOACH-26-JBRO,2025-12-23T19:42:55.423998Z,2312.00,0.1400,0.8600,no
69a2b0b9-00ec-4424-257b-52aae436c3f2,KXMICHCOACH-26-JBRO,2025-12-23T19:42:55.423998Z,500.00,0.1500,0.8500,no
3856027d-fc95-4bfa-0e0e-30b31322a4e3,KXMICHCOACH-26-JBRO,2025-12-23T19:42:55.423998Z,9.00,0.1500,0.8500,no
1a8b0033-e19f-4e47-0a66-cb5cf5d675ba,KXMICHCOACH-26-JBRO,2025-12-23T19:42:55.423998Z,1000.00,0.1500,0.8500,no
e2d5754c-c924-55ce-4a3b-1d91bc07ae72,KXMICHCOACH-26-JBRO,2025-12-23T19:42:45.556879Z,41.00,0.1600,0.8400,no
dd21eedb-2a5c-4b26-45b3-bbfe4c559186,KXMICHCOACH-26-JBRO,2025-12-23T19:42:36.396039Z,148.00,0.1600,0.8400,no
03dacc5a-e851-4e88-bb27-be71e4b41c45,KXMICHCOACH-26-JBRO,2025-12-23T19:42:26.781355Z,50.00,0.1700,0.8300,no
2b2ad3cc-698e-7d89-d5f7-0a27f0e379ad,KXMICHCOACH-26-JBRO,2025-12-23T19:41:26.124397Z,24.00,0.1900,0.8100,yes
afd35153-e9ee-6158-1019-b06687fb4401,KXMICHCOACH-26-JBRO,2025-12-23T19:40:21.728977Z,9.00,0.2000,0.8000,yes
cfaf3ae1-7762-7056-9705-044933049509,KXMICHCOACH-26-JBRO,2025-12-23T19:39:31.222054Z,7.00,0.1600,0.8400,no
98bb9403-214c-763a-a68c-29f1fcabe13a,KXMICHCOACH-26-JBRO,2025-12-23T19:39:31.222054Z,599.00,0.1600,0.8400,no
30378454-9cdf-71bb-acfc-9c57c9cebf1f,KXMICHCOACH-26-JBRO,2025-12-23T19:39:31.222054Z,5.00,0.1600,0.8400,no
93364be1-0faf-747d-ca72-4ccce0dd9eec,KXMICHCOACH-26-JBRO,2025-12-23T19:39:24.66529Z,6.00,0.1800,0.8200,no
016f447d-c0dd-71d2-c303-c6d317c4f219,KXMICHCOACH-26-JBRO,2025-12-23T19:39:24.66529Z,500.00,0.1800,0.8200,no
b00950e0-9e3e-448c-41c1-273228e500d4,KXMICHCOACH-26-JBRO,2025-12-23T19:39:17.613069Z,109.00,0.1900,0.8100,no
e0d51231-1c32-778c-a28b-6dc68f991698,KXMICHCOACH-26-JBRO,2025-12-23T19:39:11.52962Z,105.00,0.2200,0.7800,yes
afeeef2d-d0ca-6b20-5b74-b466dbc05ea5,KXMICHCOACH-26-JBRO,2025-12-23T19:39:10.940197Z,500.00,0.2000,0.8000,no
6f7a1c1f-09c6-678c-4e69-a6ba05c7c6c2,KXMICHCOACH-26-JBRO,2025-12-23T19:39:10.940197Z,1.00,0.2100,0.7900,no
6a232178-0f0c-690f-482b-762bdcfc4595,KXMICHCOACH-26-JBRO,2025-12-23T19:39:10.940197Z,1000.00,0.2000,0.8000,no
9d24116e-548b-5900-1269-bdbe3cd86d16,KXMICHCOACH-26-JBRO,2025-12-23T19:39:03.763462Z,1.00,0.2100,0.7900,no
c5f3caf9-c876-6460-8da2-33871ec432c4,KXMICHCOACH-26-JBRO,2025-12-23T19:39:00.521069Z,215.00,0.2200,0.7800,yes
d71dd092-ac81-5137-6345-891540643e47,KXMICHCOACH-26-JBRO,2025-12-23T19:38:57.080381Z,500.00,0.2100,0.7900,no
baf88771-5c67-5b8f-7452-6b1b29c832d1,KXMICHCOACH-26-JBRO,2025-12-23T19:38:57.080381Z,5.00,0.2100,0.7900,no
7f29bed3-f978-5661-7f9a-17cd0e78cdad,KXMICHCOACH-26-JBRO,2025-12-23T19:38:57.080381Z,1.00,0.2100,0.7900,no
f4e45a3f-3f96-7460-eb76-57cdbfa5a974,KXMICHCOACH-26-JBRO,2025-12-23T19:38:51.237307Z,211.00,0.2200,0.7800,yes
7bd90208-70aa-7184-22be-35b6a3018f18,KXMICHCOACH-26-JBRO,2025-12-23T19:35:50.211831Z,8.00,0.2200,0.7800,yes
31f2a3ef-d42a-4bb0-b65b-08022bc6d11c,KXMICHCOACH-26-JBRO,2025-12-23T19:35:43.345395Z,84.00,0.2200,0.7800,yes
044dc28e-67e2-48ac-3dbb-a0819dd7644c,KXMICHCOACH-26-JBRO,2025-12-23T19:35:42.041455Z,8.00,0.2200,0.7800,yes
5cd7d80a-a12a-6f24-0367-73457c9185fc,KXMICHCOACH-26-JBRO,2025-12-23T19:34:56.786836Z,80.00,0.2200,0.7800,yes
b931c7de-c96d-70f6-632a-a6d57dcc9353,KXMICHCOACH-26-JBRO,2025-12-23T19:33:38.206854Z,50.00,0.2200,0.7800,no
46311ec8-2a40-7358-6fa6-6c7509bfa3dd,KXMICHCOACH-26-JBRO,2025-12-23T19:33:38.206854Z,3.00,0.2200,0.7800,no
72d57b47-be04-72ff-5b74-dce727a2a8c0,KXMICHCOACH-26-JBRO,2025-12-23T19:32:28.026094Z,78.00,0.2300,0.7700,yes
7fc0d20a-07bb-4f3e-acd1-82fff346c1fd,KXMICHCOACH-26-JBRO,2025-12-23T19:31:00.823651Z,6.00,0.2300,0.7700,no
8a52c1bd-92f0-4629-9ad1-72436180a866,KXMICHCOACH-26-JBRO,2025-12-23T19:29:41.189131Z,11.00,0.2200,0.7800,no
043f4905-ab17-47ef-b6a5-e6087f33c295,KXMICHCOACH-26-JBRO,2025-12-23T19:29:41.189131Z,869.00,0.2100,0.7900,no
ef8a579b-6b55-44b7-4534-0b0751dd0c15,KXMICHCOACH-26-JBRO,2025-12-23T19:29:34.251886Z,81.00,0.2200,0.7800,no
68195ce5-a927-4267-5605-bdaa3db80485,KXMICHCOACH-26-JBRO,2025-12-23T19:29:34.251886Z,8.00,0.2100,0.7900,no
2bca0605-b90e-4521-5eac-9066efac8e1d,KXMICHCOACH-26-JBRO,2025-12-23T19:29:34.251886Z,22.00,0.2300,0.7700,no
c347be6e-1f73-62d5-f838-8f3991790bdc,KXMICHCOACH-26-JBRO,2025-12-23T19:28:57.795527Z,81.00,0.2400,0.7600,yes
f6d79bd6-e224-71cd-9505-3aef16c0eee4,KXMICHCOACH-26-JBRO,2025-12-23T19:27:54.577137Z,500.00,0.2300,0.7700,no
df090711-17db-7943-b4d8-be4faf436891,KXMICHCOACH-26-JBRO,2025-12-23T19:27:54.577137Z,118.00,0.2100,0.7900,no
c01fd9de-28f7-7b17-a8d0-e538bb80c25c,KXMICHCOACH-26-JBRO,2025-12-23T19:27:54.577137Z,44.00,0.2500,0.7500,no
199a723a-8818-76b6-be97-58717511def3,KXMICHCOACH-26-JBRO,2025-12-23T19:27:54.577137Z,801.00,0.2500,0.7500,no
185773fb-6bcb-759f-973a-e9477e9fb133,KXMICHCOACH-26-JBRO,2025-12-23T19:27:54.577137Z,600.00,0.2300,0.7700,no
11479f06-d249-708c-b8dd-1df03b12e943,KXMICHCOACH-26-JBRO,2025-12-23T19:27:54.577137Z,7.00,0.2300,0.7700,no
30fa2bd7-2910-4756-31bb-624ec6b8245f,KXMICHCOACH-26-JBRO,2025-12-23T19:26:33.812668Z,65.00,0.2500,0.7500,no
5ee7c14b-1fc8-42fa-dc81-c62b6c8ac6c7,KXMICHCOACH-26-JBRO,2025-12-23T19:25:13.258879Z,172.00,0.2500,0.7500,no
f5587e8a-9c95-756a-ba04-f4278accd765,KXMICHCOACH-26-JBRO,2025-12-23T19:24:24.034951Z,83.00,0.2600,0.7400,yes
083b6aeb-fc21-7655-a719-eefc1a747b65,KXMICHCOACH-26-JBRO,2025-12-23T19:24:24.034951Z,89.00,0.2600,0.7400,yes
45539384-e49e-7eae-7ea6-ac2dfca520fa,KXMICHCOACH-26-JBRO,2025-12-23T19:23:10.829873Z,517.00,0.2600,0.7400,no
4446d945-e56c-6de5-80d4-34d5b23e45fa,KXMICHCOACH-26-JBRO,2025-12-23T19:22:54.587616Z,34.00,0.2800,0.7200,yes
d7cc19be-359d-7d9b-1669-714c34f9de3b,KXMICHCOACH-26-JBRO,2025-12-23T19:22:44.794135Z,70.00,0.2700,0.7300,no
730aa6dc-f7d2-76d1-1baf-77f8a13d63c4,KXMICHCOACH-26-JBRO,2025-12-23T19:22:44.794135Z,40.00,0.2600,0.7400,no
6a908dba-c5a0-7030-1cc5-88b5886b38ed,KXMICHCOACH-26-JBRO,2025-12-23T19:22:44.794135Z,40.00,0.2600,0.7400,no
67d3d44b-b9ca-7bba-131c-e3f3a4c67c62,KXMICHCOACH-26-JBRO,2025-12-23T19:22:44.794135Z,109.00,0.2600,0.7400,no
1910e519-8e4a-7357-0652-cf190b281e7b,KXMICHCOACH-26-JBRO,2025-12-23T19:22:44.794135Z,40.00,0.2600,0.7400,no
ec51d712-9be6-5cf5-0804-84a9d78ee3cc,KXMICHCOACH-26-JBRO,2025-12-23T19:22:41.159586Z,9.00,0.2800,0.7200,no
f3026137-b106-4ed5-2bfe-efb9fb8b6318,KXMICHCOACH-26-JBRO,2025-12-23T19:22:35.887913Z,1.00,0.2800,0.7200,no
033b0215-b129-7d1b-2fa9-9048032c4503,KXMICHCOACH-26-JBRO,2025-12-23T19:21:57.223815Z,39.00,0.2700,0.7300,no
d7f0b341-5bad-72ff-3e38-f4bbe4abf6e3,KXMICHCOACH-26-JBRO,2025-12-23T19:21:48.481963Z,391.00,0.2700,0.7300,no
c05ce578-4464-75e6-4204-c897d80f1221,KXMICHCOACH-26-JBRO,2025-12-23T19:21:27.272405Z,1.00,0.2800,0.7200,no
1ff79a9b-cfb8-7d1d-57c1-185838b29b3f,KXMICHCOACH-26-JBRO,2025-12-23T19:21:27.272405Z,10.00,0.2800,0.7200,no
50263c1f-ac7d-4602-c356-6ac267280044,KXMICHCOACH-26-JBRO,2025-12-23T19:21:07.095179Z,1.00,0.2800,0.7200,no
c9e23a34-3bc0-4328-b90d-c7f29d7fbf37,KXMICHCOACH-26-JBRO,2025-12-23T19:20:58.981726Z,15.00,0.3100,0.6900,yes
652b62d8-e40c-46ae-c0bf-9c17b9f85b0f,KXMICHCOACH-26-JBRO,2025-12-23T19:16:43.925764Z,1.00,0.3100,0.6900,yes
328958c6-ac1c-7eda-585a-b6c077dc4d2f,KXMICHCOACH-26-JBRO,2025-12-23T19:13:49.678467Z,14.00,0.3100,0.6900,yes
8f1cf9df-cb36-407a-5760-be8f49936382,KXMICHCOACH-26-JBRO,2025-12-23T19:13:25.365064Z,320.00,0.2400,0.7600,no
f8dcff81-a742-6d57-f0af-6c3676d47cc2,KXMICHCOACH-26-JBRO,2025-12-23T19:13:18.245055Z,11.00,0.2500,0.7500,no
f306ab5b-fce6-6042-eddd-c0ccb3b4e913,KXMICHCOACH-26-JBRO,2025-12-23T19:13:18.245055Z,15.00,0.2400,0.7600,no
deecdf7a-d8c1-68c9-e6d7-6bc09a6ad5d2,KXMICHCOACH-26-JBRO,2025-12-23T19:13:18.245055Z,1.00,0.2500,0.7500,no
bc84f2ab-013f-624a-d234-db8b7e6c0f38,KXMICHCOACH-26-JBRO,2025-12-23T19:13:18.245055Z,7.00,0.2400,0.7600,no
1728f8ec-ef5e-62a6-deda-ad8a57509bba,KXMICHCOACH-26-JBRO,2025-12-23T19:13:18.245055Z,239.00,0.2400,0.7600,no
d5c53f4f-8395-5fa9-5e8e-47031fe8e1f0,KXMICHCOACH-26-JBRO,2025-12-23T19:13:00.696751Z,2.00,0.2600,0.7400,no
b90d996a-4d7f-45c6-e500-4697d15062b7,KXMICHCOACH-26-JBRO,2025-12-23T19:12:37.473713Z,163.00,0.3000,0.7000,no
4b2c28b5-0588-4f44-f132-43bb97abece2,KXMICHCOACH-26-JBRO,2025-12-23T19:12:37.473713Z,21.00,0.3000,0.7000,no
20bfcf19-1844-4186-fa78-dd2998fbaeaf,KXMICHCOACH-26-JBRO,2025-12-23T19:12:37.473713Z,13.00,0.3000,0.7000,no
d7651f3c-242f-4816-57c6-3db979a27347,KXMICHCOACH-26-JBRO,2025-12-23T19:12:28.079587Z,2.00,0.3000,0.7000,no
dc102ad2-e093-49b8-8df2-6df0f97301e3,KXMICHCOACH-26-JBRO,2025-12-23T19:09:33.179676Z,4.00,0.3200,0.6800,no
d336451c-0a96-45b4-b91b-480e40a9ae7d,KXMICHCOACH-26-JBRO,2025-12-23T19:09:33.179676Z,1000.00,0.3200,0.6800,no
65ff13bd-e727-4d7b-9c0a-5b5df596a78b,KXMICHCOACH-26-JBRO,2025-12-23T19:09:33.179676Z,1.00,0.3100,0.6900,no
1c977f2e-2fe7-44ca-a015-6ad9a2923273,KXMICHCOACH-26-JBRO,2025-12-23T19:09:33.179676Z,835.00,0.3000,0.7000,no
72a4f2b4-5dc4-73f4-1fdf-fa6d34345d10,KXMICHCOACH-26-JBRO,2025-12-23T19:09:10.656025Z,2.00,0.3300,0.6700,yes
79b5cba9-eafc-7908-f0b2-a134b38054c8,KXMICHCOACH-26-JBRO,2025-12-23T19:09:05.066283Z,72.00,0.3300,0.6700,yes
e1c1508d-decc-58b0-e6b3-c7d33b26cc24,KXMICHCOACH-26-JBRO,2025-12-23T19:07:59.992211Z,144.00,0.3300,0.6700,yes
50b667ff-7328-6a1e-70d2-d9a9dd483e12,KXMICHCOACH-26-JBRO,2025-12-23T19:07:16.729998Z,10.00,0.3300,0.6700,no
d51105f0-bbff-5729-4b0d-6c8e2ea18082,KXMICHCOACH-26-JBRO,2025-12-23T19:05:53.281288Z,6.00,0.3300,0.6700,yes
849b3e73-ed0e-5f58-5fd2-4a8ea22804e8,KXMICHCOACH-26-JBRO,2025-12-23T19:05:53.281288Z,64.00,0.3400,0.6600,yes
e54989b8-c7ab-7b3b-404f-e04c68b8a09a,KXMICHCOACH-26-JBRO,2025-12-23T19:05:51.839142Z,40.00,0.3100,0.6900,no
ce7410ef-5c54-7735-7baa-7c37589d3460,KXMICHCOACH-26-JBRO,2025-12-23T19:05:51.839142Z,23.00,0.3100,0.6900,no
aa28badf-18f0-7a16-4778-0ddaad12b8d7,KXMICHCOACH-26-JBRO,2025-12-23T19:05:51.839142Z,8.00,0.3100,0.6900,no
a852262d-8322-7e17-4fd3-a08e916dac89,KXMICHCOACH-26-JBRO,2025-12-23T19:05:51.839142Z,8.00,0.3200,0.6800,no
93422107-624d-7e1c-7b8d-5690a4efc89b,KXMICHCOACH-26-JBRO,2025-12-23T19:05:51.839142Z,40.00,0.3100,0.6900,no
733aaaed-3a2c-71c1-662b-94970a8a5e77,KXMICHCOACH-26-JBRO,2025-12-23T19:05:51.839142Z,1000.00,0.3100,0.6900,no
13382e96-bc29-7907-4b7a-dbc1dbee54d8,KXMICHCOACH-26-JBRO,2025-12-23T19:05:51.839142Z,200.00,0.3100,0.6900,no
12ee48da-74ad-7216-7930-d1e8e64abf26,KXMICHCOACH-26-JBRO,2025-12-23T19:05:51.839142Z,40.00,0.3100,0.6900,no
12b25b35-e0d2-7c02-6804-f0f2248a62ae,KXMICHCOACH-26-JBRO,2025-12-23T19:05:51.839142Z,31.00,0.3100,0.6900,no
88d5c94a-930b-4019-0f41-2d4207743c5a,KXMICHCOACH-26-JBRO,2025-12-23T19:05:46.895736Z,20.00,0.3300,0.6700,yes
eeff83b8-5a6b-7e1d-b83f-ca207ae428da,KXMICHCOACH-26-JBRO,2025-12-23T19:05:28.960049Z,57.00,0.3300,0.6700,yes
e6e0af8d-6522-52ad-43b3-337c4eb4768b,KXMICHCOACH-26-JBRO,2025-12-23T19:05:10.03558Z,17.00,0.3300,0.6700,no
79462a3f-f9b8-6494-d3b2-03cfc514023c,KXMICHCOACH-26-JBRO,2025-12-23T19:04:10.911633Z,5.00,0.3400,0.6600,yes
d9d62a5b-9e9b-72aa-b8ad-2d150c78238d,KXMICHCOACH-26-JBRO,2025-12-23T19:04:04.331969Z,33.00,0.3300,0.6700,no
d54b4411-dc24-7214-8f64-95889bff82b4,KXMICHCOACH-26-JBRO,2025-12-23T19:04:04.331969Z,160.00,0.3300,0.6700,no
c7e5284a-d9e4-43cc-5bbb-a2a386446e38,KXMICHCOACH-26-JBRO,2025-12-23T19:03:53.666427Z,181.00,0.3300,0.6700,no
a3d42f9c-6590-5e8c-bec1-b1726199c1f8,KXMICHCOACH-26-JBRO,2025-12-23T19:02:41.083182Z,982.00,0.3300,0.6700,no
4e7ac8aa-d32d-565d-93d7-ad30fe87af48,KXMICHCOACH-26-JBRO,2025-12-23T19:02:41.083182Z,18.00,0.3400,0.6600,no
d622093a-caee-47bd-9a1d-95468f10cb6b,KXMICHCOACH-26-JBRO,2025-12-23T19:02:40.599907Z,12.00,0.3400,0.6600,no
d52052dd-79f4-42cc-b0b9-31aa3cc90290,KXMICHCOACH-26-JBRO,2025-12-23T19:02:40.599907Z,233.00,0.3300,0.6700,no
8c404ecc-9057-4854-8780-950ab118a580,KXMICHCOACH-26-JBRO,2025-12-23T19:02:40.599907Z,27.00,0.3400,0.6600,no
12de8de5-0e59-4a21-9618-ecc932c800bb,KXMICHCOACH-26-JBRO,2025-12-23T19:02:40.599907Z,45.00,0.3400,0.6600,no
9547b8a7-807e-72b0-a160-7378e61efae4,KXMICHCOACH-26-JBRO,2025-12-23T19:02:24.51988Z,273.00,0.3500,0.6500,yes
67140134-0f5a-6fdc-a959-6f08ecb08b38,KXMICHCOACH-26-JBRO,2025-12-23T19:02:22.693023Z,13.00,0.3500,0.6500,yes
5c31e0d7-8921-472a-6c5a-66dc602aa8fe,KXMICHCOACH-26-JBRO,2025-12-23T19:00:20.019789Z,43.00,0.3500,0.6500,yes
7d81133c-5948-5174-8c29-dac0f461f068,KXMICHCOACH-26-JBRO,2025-12-23T18:59:56.270398Z,80.00,0.3300,0.6700,no
9335a804-7e9c-5d40-cec0-a69f7fd62f48,KXMICHCOACH-26-JBRO,2025-12-23T18:58:47.530324Z,200.00,0.3300,0.6700,no
465a4ea5-b824-4884-70fc-fbee04633418,KXMICHCOACH-26-JBRO,2025-12-23T18:58:00.654611Z,56.00,0.3300,0.6700,no
422504d9-de2f-770f-1edc-06aeb1ed2332,KXMICHCOACH-26-JBRO,2025-12-23T18:57:44.518423Z,85.00,0.3400,0.6600,no
ca7e169b-fe2e-7426-d132-b4809b9eb0c5,KXMICHCOACH-26-JBRO,2025-12-23T18:57:30.978448Z,196.00,0.3600,0.6400,yes
3a184e0c-0856-74e8-c985-19242f952db1,KXMICHCOACH-26-JBRO,2025-12-23T18:57:30.978448Z,216.00,0.3600,0.6400,yes
763ac054-2d33-4c0f-8bba-abd4a8116f8a,KXMICHCOACH-26-JBRO,2025-12-23T18:56:26.918186Z,7.00,0.3400,0.6600,no
d26c5492-c3a3-6ddd-ed45-06adef83f09c,KXMICHCOACH-26-JBRO,2025-12-23T18:54:54.133953Z,97.00,0.3500,0.6500,yes
194d353b-00ae-6316-f86b-6526e098fa97,KXMICHCOACH-26-JBRO,2025-12-23T18:54:54.133953Z,9.00,0.3500,0.6500,yes
be470470-968e-4f4f-92cf-6c5d2d95f47b,KXMICHCOACH-26-JBRO,2025-12-23T18:50:23.197349Z,24.00,0.3400,0.6600,no
5ea07eb6-c2de-4a42-bdd6-2632ffd191d9,KXMICHCOACH-26-JBRO,2025-12-23T18:50:23.197349Z,482.00,0.3400,0.6600,no
383c86fb-46d0-4f6c-b02e-470deeed9cb8,KXMICHCOACH-26-JBRO,2025-12-23T18:50:23.197349Z,4.00,0.3300,0.6700,no
850a9498-fc5a-40f0-4456-c6a1b80f3d91,KXMICHCOACH-26-JBRO,2025-12-23T18:47:48.194088Z,2.00,0.3600,0.6400,yes
390868f3-2bbe-64d4-6853-01aea2c70361,KXMICHCOACH-26-JBRO,2025-12-23T18:47:38.505647Z,34.00,0.3600,0.6400,yes
5bfb1481-5907-49c8-65b1-17051f55776b,KXMICHCOACH-26-JBRO,2025-12-23T18:46:19.764149Z,10.00,0.3500,0.6500,yes
e24dcc03-029a-7efa-107b-d112c10a9719,KXMICHCOACH-26-JBRO,2025-12-23T18:45:57.422743Z,71.00,0.3400,0.6600,no
7e3bcbe1-37de-609e-b3ce-c073ad22f0a9,KXMICHCOACH-26-JBRO,2025-12-23T18:45:09.485323Z,31.00,0.3400,0.6600,no
0fe7858a-cc1a-43a0-43e3-398371199c75,KXMICHCOACH-26-JBRO,2025-12-23T18:43:25.185177Z,425.00,0.3600,0.6400,yes
288261b2-811e-56e8-f06e-ed97e7238329,KXMICHCOACH-26-JBRO,2025-12-23T18:41:49.038365Z,52.00,0.3600,0.6400,yes
c8e3ed9d-e922-61dc-3067-684d7e6f6155,KXMICHCOACH-26-JBRO,2025-12-23T18:38:14.525273Z,14.00,0.3600,0.6400,yes
ef51528f-3b4e-66cc-1d3e-e81d4b67c321,KXMICHCOACH-26-JBRO,2025-12-23T18:34:13.018383Z,131.00,0.3600,0.6400,yes
75ade9ad-2ed2-5630-f4c4-59db2fed2fe5,KXMICHCOACH-26-JBRO,2025-12-23T18:33:28.595741Z,100.00,0.3600,0.6400,yes
59574ac4-4d5e-5cca-f234-699a3a85a4a5,KXMICHCOACH-26-JBRO,2025-12-23T18:32:21.121548Z,145.00,0.3400,0.6600,no
d7de2c27-6992-46fa-75ca-54e47ef6d001,KXMICHCOACH-26-JBRO,2025-12-23T18:31:13.959735Z,73.00,0.3400,0.6600,no
c677593a-f6de-6578-8080-20d85876ff9d,KXMICHCOACH-26-JBRO,2025-12-23T18:30:19.701685Z,26.00,0.3600,0.6400,yes
935cf961-3f4e-4f16-5456-288b5340126a,KXMICHCOACH-26-JBRO,2025-12-23T18:28:04.488048Z,134.00,0.3500,0.6500,no
5ed80dc8-0e23-5b7c-3e50-4213f54d33b6,KXMICHCOACH-26-JBRO,2025-12-23T18:26:42.258989Z,712.00,0.3500,0.6500,no
fa7f43d2-e1f3-7cd8-cbab-d5f0b430d87a,KXMICHCOACH-26-JBRO,2025-12-23T18:24:31.532297Z,288.00,0.3500,0.6500,no
324655cc-2459-7faf-cbba-4d4c7ef2b67e,KXMICHCOACH-26-JBRO,2025-12-23T18:24:31.532297Z,28.00,0.3800,0.6200,no
cb71d04c-54dd-7751-c395-95cfb8a3e980,KXMICHCOACH-26-JBRO,2025-12-23T18:23:55.78459Z,11.00,0.3900,0.6100,yes
e14c4d55-ee74-6040-74d2-f1de1024d670,KXMICHCOACH-26-JBRO,2025-12-23T18:23:55.320476Z,8.00,0.3500,0.6500,no
d725bb9c-41fc-6532-784b-eec42e7736b0,KXMICHCOACH-26-JBRO,2025-12-23T18:23:55.320476Z,40.00,0.3500,0.6500,no
bff39437-36ae-6a5f-67e5-a45606ae6ca9,KXMICHCOACH-26-JBRO,2025-12-23T18:23:55.320476Z,107.00,0.3900,0.6100,no
abd2c0d9-c775-6b8f-513e-a10d7382f68c,KXMICHCOACH-26-JBRO,2025-12-23T18:23:55.320476Z,40.00,0.3500,0.6500,no
7243e549-9962-60b6-7f35-6cfd1727969b,KXMICHCOACH-26-JBRO,2025-12-23T18:23:55.320476Z,14.00,0.3700,0.6300,no
6222a585-2c8b-623b-472c-dfb758d857dd,KXMICHCOACH-26-JBRO,2025-12-23T18:23:55.320476Z,16.00,0.3600,0.6400,no
5569e99f-a73a-67e6-7861-89e37ee6ac49,KXMICHCOACH-26-JBRO,2025-12-23T18:23:55.320476Z,198.00,0.3400,0.6600,no
4e2901f0-11da-692c-4422-5a5315f77779,KXMICHCOACH-26-JBRO,2025-12-23T18:23:55.320476Z,37.00,0.3700,0.6300,no
3c6468b0-b4be-6641-4fba-a671e3557c29,KXMICHCOACH-26-JBRO,2025-12-23T18:23:55.320476Z,14.00,0.3500,0.6500,no
37187739-e6c6-6fc9-6a87-4e7d847756b3,KXMICHCOACH-26-JBRO,2025-12-23T18:23:55.320476Z,56.00,0.3800,0.6200,no
173b340e-2636-63a3-63b7-34afcc716204,KXMICHCOACH-26-JBRO,2025-12-23T18:23:55.320476Z,1000.00,0.3800,0.6200,no
16558673-2bef-6c34-47f3-04d65a11e07f,KXMICHCOACH-26-JBRO,2025-12-23T18:23:55.320476Z,641.00,0.3800,0.6200,no
0a9a9f7d-638e-6862-7fb6-7730cdb80fe5,KXMICHCOACH-26-JBRO,2025-12-23T18:23:55.320476Z,40.00,0.3500,0.6500,no
0a6b192a-f2e4-6753-7e6a-c28a9647f417,KXMICHCOACH-26-JBRO,2025-12-23T18:23:55.320476Z,1.00,0.3600,0.6400,no
01a9bfd7-4482-656a-725d-d37aca8733b7,KXMICHCOACH-26-JBRO,2025-12-23T18:23:55.320476Z,500.00,0.3700,0.6300,no
09e8bbb7-1642-4558-4763-b90221608267,KXMICHCOACH-26-JBRO,2025-12-23T18:23:16.424139Z,67.00,0.4000,0.6000,yes
41dce312-d572-5084-396b-15c05765be8f,KXMICHCOACH-26-JBRO,2025-12-23T18:22:06.388526Z,81.00,0.4000,0.6000,yes
dc6215c8-424f-60d8-34a4-170dfec43224,KXMICHCOACH-26-JBRO,2025-12-23T18:21:20.075897Z,51.00,0.3900,0.6100,yes
b8317aec-8664-659b-0ede-7021aef0fc4c,KXMICHCOACH-26-JBRO,2025-12-23T18:21:20.075897Z,1000.00,0.3900,0.6100,yes
0e688977-e0b6-6c93-3b67-eecc410b4c70,KXMICHCOACH-26-JBRO,2025-12-23T18:21:20.075897Z,500.00,0.3900,0.6100,yes
0cee7ef2-2205-6f0a-0df5-73d2cd163256,KXMICHCOACH-26-JBRO,2025-12-23T18:21:20.075897Z,104.00,0.3900,0.6100,yes
eab68a5e-56a7-5afc-701a-817227d0b8f8,KXMICHCOACH-26-JBRO,2025-12-23T18:17:38.648174Z,19.00,0.3900,0.6100,yes
ad1ac023-4363-6778-7a8a-68cadb16f86c,KXMICHCOACH-26-JBRO,2025-12-23T18:16:55.397102Z,24.00,0.3900,0.6100,yes
62ee1617-eeff-7acc-e1bd-798ece067187,KXMICHCOACH-26-JBRO,2025-12-23T18:15:18.866673Z,314.00,0.3800,0.6200,no
d32c767c-8d03-4eb8-f4c8-20a4a4d734a7,KXMICHCOACH-26-JBRO,2025-12-23T18:13:49.060895Z,276.00,0.3800,0.6200,no
20ff47e2-38ef-6770-cb72-52060e6566cb,KXMICHCOACH-26-JBRO,2025-12-23T18:13:39.22221Z,157.00,0.3800,0.6200,no
97ab9325-2c07-4374-6092-d68a133f90e7,KXMICHCOACH-26-JBRO,2025-12-23T18:13:09.866371Z,112.00,0.3800,0.6200,no
dba0e6cd-8d1b-4128-fae0-91c98217be40,KXMICHCOACH-26-JBRO,2025-12-23T18:13:05.614141Z,6.00,0.3900,0.6100,yes
2b634470-1f73-4a6d-e863-b08dcedf4ba6,KXMICHCOACH-26-JBRO,2025-12-23T18:13:05.614141Z,113.00,0.3900,0.6100,yes
5f4308d3-5ecf-4ead-5e6c-a027f86a60f2,KXMICHCOACH-26-JBRO,2025-12-23T18:12:58.130235Z,240.00,0.3900,0.6100,yes
e512b640-659f-6e55-27c9-f0546d242f1e,KXMICHCOACH-26-JBRO,2025-12-23T18:12:48.041726Z,2.00,0.3900,0.6100,yes
2ce7cc91-50d3-4a4d-cfb7-aaee99b0399a,KXMICHCOACH-26-JBRO,2025-12-23T18:11:33.518574Z,50.00,0.3900,0.6100,yes
8cd7ab96-a26f-75a5-f08c-73dd132194ce,KXMICHCOACH-26-JBRO,2025-12-23T18:10:30.611194Z,30.00,0.3900,0.6100,yes
49607652-de2e-704a-1d6c-c49db297e6ec,KXMICHCOACH-26-JBRO,2025-12-23T18:10:05.592803Z,50.00,0.3700,0.6300,no
ad231cca-144b-4361-9f6d-6b9cb883471a,KXMICHCOACH-26-JBRO,2025-12-23T18:09:59.572Z,565.00,0.3900,0.6100,yes
4edf4cf4-ade5-403f-8482-bbca8806f648,KXMICHCOACH-26-JBRO,2025-12-23T18:09:59.572Z,49.00,0.3900,0.6100,yes
1b28b0b6-c852-7d2e-11d0-3ff1a6050420,KXMICHCOACH-26-JBRO,2025-12-23T18:08:31.445921Z,21.00,0.3700,0.6300,no
9fd782ef-3091-47e7-d62e-741cd71166a8,KXMICHCOACH-26-JBRO,2025-12-23T18:08:23.155965Z,36.00,0.3900,0.6100,yes
a5b51990-abe1-458f-35cf-30cd2bf48634,KXMICHCOACH-26-JBRO,2025-12-23T18:08:15.054095Z,23.00,0.3900,0.6100,yes
e8d55544-6204-4bc2-f607-cfb8bb5a5734,KXMICHCOACH-26-JBRO,2025-12-23T18:08:07.958502Z,112.00,0.3800,0.6200,no
50f637ab-0d6e-4407-e742-8b1e84203895,KXMICHCOACH-26-JBRO,2025-12-23T18:08:07.958502Z,105.00,0.3800,0.6200,no
2545b670-7d27-4b9a-c70e-395005b05f41,KXMICHCOACH-26-JBRO,2025-12-23T18:08:07.958502Z,1500.00,0.3800,0.6200,no
17826461-bf9a-421a-eeee-9182b32eabb4,KXMICHCOACH-26-JBRO,2025-12-23T18:08:07.958502Z,369.00,0.3700,0.6300,no
775be701-1c95-522f-e35d-631dd28099f4,KXMICHCOACH-26-JBRO,2025-12-23T18:07:29.520945Z,240.00,0.3900,0.6100,yes
eb17ea2f-2a21-4d9f-6d68-4fa5ea2ad218,KXMICHCOACH-26-JBRO,2025-12-23T18:02:23.921586Z,121.00,0.3900,0.6100,yes
a2755275-1602-6f87-434d-7acf2c8fcfa4,KXMICHCOACH-26-JBRO,2025-12-23T18:01:57.747622Z,55.00,0.3900,0.6100,yes
85f8b673-f0c5-64f7-45fe-c61b0f76b908,KXMICHCOACH-26-JBRO,2025-12-23T18:01:57.747622Z,31.00,0.3900,0.6100,yes
cd900590-095b-7a52-931c-cfa003d663e1,KXMICHCOACH-26-JBRO,2025-12-23T18:01:42.861829Z,200.00,0.3800,0.6200,no
2cfbe6cf-8fd2-6803-1488-2699e39b6850,KXMICHCOACH-26-JBRO,2025-12-23T18:01:39.996807Z,45.00,0.3900,0.6100,yes
12e35f64-c89e-618f-0cb1-a66ee41c795c,KXMICHCOACH-26-JBRO,2025-12-23T18:01:39.996807Z,200.00,0.3900,0.6100,yes
393cb77a-ebca-67af-40ac-e888310d9fcc,KXMICHCOACH-26-JBRO,2025-12-23T18:01:22.124138Z,361.00,0.3900,0.6100,yes
e40deb94-2a79-663f-b821-b3b56d59ea01,KXMICHCOACH-26-JBRO,2025-12-23T18:00:35.140853Z,631.00,0.3900,0.6100,yes
cdbc7dfe-a932-605b-9f9d-d74300004d70,KXMICHCOACH-26-JBRO,2025-12-23T18:00:35.140853Z,439.00,0.3900,0.6100,yes
69ca29b4-c3c6-6391-9df0-5d18629fdeb1,KXMICHCOACH-26-JBRO,2025-12-23T18:00:35.140853Z,1000.00,0.3900,0.6100,yes
537e9c98-cc5d-41f3-c36a-b719e96f54a9,KXMICHCOACH-26-JBRO,2025-12-23T17:58:07.771571Z,36.00,0.3900,0.6100,yes
e056e0fc-fcf5-4a87-dc1d-e615f857be1d,KXMICHCOACH-26-JBRO,2025-12-23T17:57:43.367437Z,60.00,0.3900,0.6100,yes
e0ccd524-0231-7707-ddb8-516ccb006625,KXMICHCOACH-26-JBRO,2025-12-23T17:57:36.470764Z,123.00,0.3900,0.6100,yes
3ee47b68-ae36-75d6-bf20-d004805da78c,KXMICHCOACH-26-JBRO,2025-12-23T17:57:09.819879Z,100.00,0.3700,0.6300,no
f96de500-73b1-58d7-3c14-774a519dee91,KXMICHCOACH-26-JBRO,2025-12-23T17:57:03.629153Z,500.00,0.3800,0.6200,yes
3bfc7aae-504e-5cde-0832-2447ba3b4ca4,KXMICHCOACH-26-JBRO,2025-12-23T17:57:03.629153Z,1500.00,0.3800,0.6200,yes
a32ab51d-e019-7ac3-4c00-b3b4743cdb91,KXMICHCOACH-26-JBRO,2025-12-23T17:55:52.623171Z,500.00,0.3800,0.6200,yes
e0769366-f25a-618a-2862-8c8bac8f959c,KXMICHCOACH-26-JBRO,2025-12-23T17:55:49.32207Z,6.00,0.3700,0.6300,no
3202cae2-bbb2-7d4e-c4e1-e112501f9f98,KXMICHCOACH-26-JBRO,2025-12-23T17:55:12.926309Z,3.00,0.3700,0.6300,no
ffd945ad-6b49-553b-14a3-e81e3c76c391,KXMICHCOACH-26-JBRO,2025-12-23T17:54:50.965858Z,10.00,0.3700,0.6300,yes
af9149a5-1c08-52ed-3758-1ad086704979,KXMICHCOACH-26-JBRO,2025-12-23T17:54:50.965858Z,8.00,0.3700,0.6300,yes
a1bd1e92-3986-5f26-3325-62331924654a,KXMICHCOACH-26-JBRO,2025-12-23T17:54:50.965858Z,1000.00,0.3700,0.6300,yes
57af2cce-9ba0-51ef-1a42-1ecfdf795056,KXMICHCOACH-26-JBRO,2025-12-23T17:54:50.965858Z,5.00,0.3700,0.6300,yes
932503b6-b99f-7757-0ef1-f9dfcf92d721,KXMICHCOACH-26-JBRO,2025-12-23T17:54:42.854449Z,1.00,0.3600,0.6400,yes
6874d15f-4cda-79d5-0f21-df15c4cb2eb7,KXMICHCOACH-26-JBRO,2025-12-23T17:54:42.854449Z,1000.00,0.3600,0.6400,yes
63367cce-7e85-7b33-0989-10f70c82188d,KXMICHCOACH-26-JBRO,2025-12-23T17:54:42.854449Z,397.00,0.3600,0.6400,yes
158df1ce-05c6-7b43-11c6-9da283d6242d,KXMICHCOACH-26-JBRO,2025-12-23T17:54:42.854449Z,500.00,0.3600,0.6400,yes
154fbcdd-5d7d-52ab-b835-6976cb832469,KXMICHCOACH-26-JBRO,2025-12-23T17:54:42.747458Z,500.00,0.3600,0.6400,yes
91b753b6-9790-7e8e-6006-d7fe8e3f5531,KXMICHCOACH-26-JBRO,2025-12-23T17:54:14.938952Z,511.00,0.3500,0.6500,yes
594b87d0-c116-7a19-4a0e-89d395823343,KXMICHCOACH-26-JBRO,2025-12-23T17:54:14.938952Z,20.00,0.3500,0.6500,yes
3f51a2a4-c20c-7100-5bd2-a38dfb2e7b8e,KXMICHCOACH-26-JBRO,2025-12-23T17:54:14.938952Z,650.00,0.3500,0.6500,yes
257bf675-d604-737d-49dc-411015f522f6,KXMICHCOACH-26-JBRO,2025-12-23T17:54:14.938952Z,1000.00,0.3500,0.6500,yes
77377e9b-093c-6626-3ea7-69393ddac665,KXMICHCOACH-26-JBRO,2025-12-23T17:53:45.930389Z,27.00,0.3500,0.6500,yes
b05e6795-2a92-7fd1-4077-83cf7d9ca5e9,KXMICHCOACH-26-JBRO,2025-12-23T17:53:12.340016Z,500.00,0.3400,0.6600,no
63293af4-4bf2-44c3-9911-42abe080079a,KXMICHCOACH-26-JBRO,2025-12-23T17:50:29.01452Z,962.00,0.3400,0.6600,yes
431ac134-3740-4d6e-84c0-3a54e5529b4a,KXMICHCOACH-26-JBRO,2025-12-23T17:50:29.01452Z,105.00,0.3400,0.6600,yes
040082cc-0b7c-4b1e-8674-502802af7469,KXMICHCOACH-26-JBRO,2025-12-23T17:50:29.01452Z,301.00,0.3500,0.6500,yes
d05de9cb-cb82-5be7-a519-8271afbef74e,KXMICHCOACH-26-JBRO,2025-12-23T17:47:45.515736Z,11.00,0.3400,0.6600,yes
5dc7b446-ffde-5c1f-eef6-e6c2e577b68a,KXMICHCOACH-26-JBRO,2025-12-23T17:46:29.987411Z,8.00,0.3400,0.6600,yes
76cf9555-2c1b-5c10-6939-675da412f81c,KXMICHCOACH-26-JBRO,2025-12-23T17:44:54.115443Z,19.00,0.3400,0.6600,no
421e41b3-2874-43c2-2db9-889560aa6489,KXMICHCOACH-26-JBRO,2025-12-23T17:44:51.284558Z,1.00,0.3500,0.6500,yes
a760854b-35f0-4dce-cd9f-667a42da6df9,KXMICHCOACH-26-JBRO,2025-12-23T17:43:55.575403Z,27.00,0.3500,0.6500,yes
c5490b03-5b78-618e-a3e1-c8a38021e0e1,KXMICHCOACH-26-JBRO,2025-12-23T17:43:47.579137Z,133.00,0.3500,0.6500,yes
76270ec7-5b79-6660-a409-0529a777c658,KXMICHCOACH-26-JBRO,2025-12-23T17:43:47.579137Z,117.00,0.3500,0.6500,yes
fbc36453-21a5-684c-41f1-13e4a15f331c,KXMICHCOACH-26-JBRO,2025-12-23T17:41:06.912422Z,53.00,0.3500,0.6500,yes
fe34fca0-5a51-6894-f66e-022a9c47dabc,KXMICHCOACH-26-JBRO,2025-12-23T17:39:12.741037Z,2.00,0.3500,0.6500,yes
faa959d5-f78d-7e48-0813-827d6835343c,KXMICHCOACH-26-JBRO,2025-12-23T17:38:14.596943Z,54.00,0.3500,0.6500,yes
36de83d2-d769-7ca8-4793-dfbb8dd086b8,KXMICHCOACH-26-JBRO,2025-12-23T17:35:26.808635Z,15.00,0.3500,0.6500,yes
a5a411a6-e63d-70a0-3422-3ff497aaf5d0,KXMICHCOACH-26-JBRO,2025-12-23T17:33:31.067679Z,259.00,0.3500,0.6500,yes
4dc937e6-2af1-70f5-2f1d-0ae7aa36c2f1,KXMICHCOACH-26-JBRO,2025-12-23T17:33:31.067679Z,14.00,0.3500,0.6500,yes
8368e34a-73c8-4c84-9343-96f5008f4b50,KXMICHCOACH-26-JBRO,2025-12-23T17:32:49.629994Z,104.00,0.3300,0.6700,no
2a03ac5b-d8c0-4224-8ab0-a1ce6fa25ddd,KXMICHCOACH-26-JBRO,2025-12-23T17:32:49.629994Z,54.00,0.3400,0.6600,no
7b929afd-04ed-759d-0ef3-1f491cb9103d,KXMICHCOACH-26-JBRO,2025-12-23T17:30:51.620231Z,5.00,0.3500,0.6500,yes
e389d3d2-d5cd-4c3d-ec01-a751550ca59d,KXMICHCOACH-26-JBRO,2025-12-23T17:30:10.272468Z,142.00,0.3500,0.6500,yes
e7e93d78-d6f1-6239-5870-8132a31f6f75,KXMICHCOACH-26-JBRO,2025-12-23T17:29:42.93668Z,21.00,0.3500,0.6500,yes
15c82e58-cf21-656d-62ef-e84542f64331,KXMICHCOACH-26-JBRO,2025-12-23T17:29:40.823699Z,273.00,0.3500,0.6500,yes
1e9dddc1-24a9-7879-fbe5-96a8b99d2749,KXMICHCOACH-26-JBRO,2025-12-23T17:27:15.679094Z,24.00,0.3500,0.6500,yes
dca37f75-1609-4775-3fb7-f52b1f8ddd45,KXMICHCOACH-26-JBRO,2025-12-23T17:27:08.702152Z,21.00,0.3500,0.6500,yes
48fb5dd1-af32-7480-f597-7fe1ea430675,KXMICHCOACH-26-JBRO,2025-12-23T17:24:43.941406Z,10.00,0.3300,0.6700,no
076aea5e-3aef-6f69-338a-5d5a2dcdf0ec,KXMICHCOACH-26-JBRO,2025-12-23T17:23:35.581621Z,14.00,0.3400,0.6600,yes
5735765c-822a-6249-3c79-e93f51be068b,KXMICHCOACH-26-JBRO,2025-12-23T17:20:48.967032Z,14.00,0.3300,0.6700,no
86693d85-4025-5e6f-a2b4-1633ef3730ea,KXMICHCOACH-26-JBRO,2025-12-23T17:19:10.184067Z,14.00,0.3400,0.6600,yes
49c1b0b3-a38a-485d-5a4a-be817cf077b7,KXMICHCOACH-26-JBRO,2025-12-23T17:15:42.75792Z,35.00,0.3300,0.6700,no
a652dc1c-ef07-6b90-6715-d33e62c6e0a1,KXMICHCOACH-26-JBRO,2025-12-23T17:13:51.650259Z,167.00,0.3400,0.6600,yes
94b2b472-183d-63e0-483a-60f6daa8f2d3,KXMICHCOACH-26-JBRO,2025-12-23T17:13:51.650259Z,15.00,0.3500,0.6500,yes
71591cf1-9af2-6f90-6927-193b16552d53,KXMICHCOACH-26-JBRO,2025-12-23T17:13:51.650259Z,500.00,0.3500,0.6500,yes
6e1bd740-a878-6c1b-741c-af3fe9f3b790,KXMICHCOACH-26-JBRO,2025-12-23T17:13:51.650259Z,60.00,0.3400,0.6600,yes
606718c6-8f4f-6b4c-7e5d-0d3537a5cae5,KXMICHCOACH-26-JBRO,2025-12-23T17:13:51.650259Z,29.00,0.3500,0.6500,yes
4ba51f5c-45b8-6ef9-4a3f-3bd3a7e22430,KXMICHCOACH-26-JBRO,2025-12-23T17:13:51.650259Z,100.00,0.3400,0.6600,yes
49fa55c7-96ee-6fdc-5618-99aa0273f933,KXMICHCOACH-26-JBRO,2025-12-23T17:13:51.650259Z,1000.00,0.3500,0.6500,yes
2f8d886c-5649-699b-5581-63b8c197e261,KXMICHCOACH-26-JBRO,2025-12-23T17:13:51.650259Z,1000.00,0.3500,0.6500,yes
2c6b11e0-a697-6b22-50d1-aef69378ee11,KXMICHCOACH-26-JBRO,2025-12-23T17:13:51.650259Z,718.00,0.3400,0.6600,yes
b3fa3d96-b6db-7884-480c-717653fc2989,KXMICHCOACH-26-JBRO,2025-12-23T17:10:56.074565Z,10.00,0.3400,0.6600,yes
86a484fb-cd17-4680-02c1-71f7edd4b691,KXMICHCOACH-26-JBRO,2025-12-23T17:10:29.200514Z,23.00,0.3400,0.6600,yes
34c5efc9-aa1e-65e4-f046-2ccb5ed0c499,KXMICHCOACH-26-JBRO,2025-12-23T17:10:17.402472Z,176.00,0.3200,0.6800,no
47b9c79c-18d6-6b81-2ebe-5b9ba5f2e724,KXMICHCOACH-26-JBRO,2025-12-23T17:07:37.833079Z,14.00,0.3300,0.6700,yes
373206ff-cfb3-66da-5ad1-7f58448bf7cd,KXMICHCOACH-26-JBRO,2025-12-23T17:04:10.536868Z,13.00,0.3400,0.6600,yes
a66f3570-2735-639c-1757-9a6126dee05b,KXMICHCOACH-26-JBRO,2025-12-23T17:03:08.808366Z,90.00,0.3400,0.6600,yes
253f7689-0a2f-63e6-01f3-25d4c4688d6d,KXMICHCOACH-26-JBRO,2025-12-23T17:03:08.808366Z,22.00,0.3400,0.6600,yes
ddada977-5dc5-5350-f36e-ac75e44fa023,KXMICHCOACH-26-JBRO,2025-12-23T16:59:11.937871Z,140.00,0.3400,0.6600,yes
a636662e-cadc-634b-3d65-c2d5d12a4a18,KXMICHCOACH-26-JBRO,2025-12-23T16:55:31.823659Z,35.00,0.3300,0.6700,yes
7a144169-a2f1-68a0-0422-6f5382895f6f,KXMICHCOACH-26-JBRO,2025-12-23T16:55:31.823659Z,57.00,0.3400,0.6600,yes
5836a572-8c12-63a2-3329-63999a7d46c3,KXMICHCOACH-26-JBRO,2025-12-23T16:55:31.823659Z,50.00,0.3300,0.6700,yes
0eebda4c-5558-7033-194c-856f28dd1555,KXMICHCOACH-26-JBRO,2025-12-23T16:55:25.100746Z,36.00,0.3200,0.6800,no
f91b7f5a-f22d-59b0-262c-0d60d4177047,KXMICHCOACH-26-JBRO,2025-12-23T16:54:33.276004Z,69.00,0.3400,0.6600,yes
a9302894-b779-581c-5df3-97eaa8506d0b,KXMICHCOACH-26-JBRO,2025-12-23T16:53:38.239961Z,70.00,0.3400,0.6600,yes
b05879ac-8fe5-4bbc-483e-fc56c9416fb3,KXMICHCOACH-26-JBRO,2025-12-23T16:52:19.532869Z,200.00,0.3400,0.6600,yes
ad5216f2-2315-63bc-bfb1-0eae89756b7b,KXMICHCOACH-26-JBRO,2025-12-23T16:51:53.26805Z,13.00,0.3400,0.6600,yes
ae51c0c6-4c59-5860-15e2-d31c506da97d,KXMICHCOACH-26-JBRO,2025-12-23T16:51:04.416176Z,19.00,0.3200,0.6800,yes
8556bde5-5209-51e4-0430-99dd60d7c035,KXMICHCOACH-26-JBRO,2025-12-23T16:51:04.416176Z,123.00,0.3400,0.6600,yes
74ea9bbb-1525-521c-02e1-036bea226ecf,KXMICHCOACH-26-JBRO,2025-12-23T16:51:04.416176Z,361.00,0.3400,0.6600,yes
52bb3b18-029c-5d94-17d8-c52265cf8393,KXMICHCOACH-26-JBRO,2025-12-23T16:51:04.416176Z,200.00,0.3400,0.6600,yes
4d7fc9c7-432a-6919-e2ee-1fd5b8ac07e5,KXMICHCOACH-26-JBRO,2025-12-23T16:50:14.815248Z,6.00,0.3200,0.6800,no
4104f35d-ddf3-604e-db5c-2128086a40b4,KXMICHCOACH-26-JBRO,2025-12-23T16:50:14.815248Z,50.00,0.3300,0.6700,no
31a4d4b7-6e50-72a4-5d74-e0fcc8d2fdab,KXMICHCOACH-26-JBRO,2025-12-23T16:49:36.779521Z,300.00,0.3400,0.6600,yes
1dc9eab1-4ff0-7071-f329-02b685499bc7,KXMICHCOACH-26-JBRO,2025-12-23T16:47:57.877067Z,8.00,0.3400,0.6600,yes
f8ffd805-7e20-4d29-b5d8-45f6b8f0691b,KXMICHCOACH-26-JBRO,2025-12-23T16:47:43.945393Z,13.00,0.3400,0.6600,yes
552b1949-ec8c-41b1-a185-ec746f54e4ac,KXMICHCOACH-26-JBRO,2025-12-23T16:46:54.019739Z,150.00,0.3300,0.6700,yes
91dd5c70-826d-64dd-a19e-ffa5b1742d18,KXMICHCOACH-26-JBRO,2025-12-23T16:43:23.023731Z,15.00,0.3300,0.6700,no
419a5fcf-33bb-6c9c-9c3a-e55cdad28146,KXMICHCOACH-26-JBRO,2025-12-23T16:43:23.023731Z,119.00,0.3200,0.6800,no
789977ea-8fc3-6248-6d05-54052f39285e,KXMICHCOACH-26-JBRO,2025-12-23T16:43:22.277431Z,20.00,0.3200,0.6800,no
bb1ef940-4e8c-6ab9-fb7a-fd77d9aff1c7,KXMICHCOACH-26-JBRO,2025-12-23T16:38:20.940404Z,13.00,0.3400,0.6600,yes
e049c656-f5b8-4da1-e969-1d29b0c60fd3,KXMICHCOACH-26-JBRO,2025-12-23T16:36:40.174105Z,140.00,0.3400,0.6600,yes
61ec7a90-2ef0-7829-a96b-2cc60f4ef56b,KXMICHCOACH-26-JBRO,2025-12-23T16:35:57.800951Z,25.00,0.3400,0.6600,yes
ba0ae85c-6f00-7bd1-fc99-cf5bd1322a17,KXMICHCOACH-26-JBRO,2025-12-23T16:31:50.12382Z,40.00,0.3500,0.6500,yes
bb08bf2a-edb3-6ea4-0ee0-2b5150ffc412,KXMICHCOACH-26-JBRO,2025-12-23T16:30:44.795874Z,239.00,0.3200,0.6800,no
8e145cea-d5ec-6c31-2dc6-826846d79fed,KXMICHCOACH-26-JBRO,2025-12-23T16:30:44.795874Z,500.00,0.3200,0.6800,no
6a1e4584-3dd2-6e3a-3424-f208c459523b,KXMICHCOACH-26-JBRO,2025-12-23T16:30:44.795874Z,21.00,0.3300,0.6700,no
5f13bd06-fe39-6156-1623-fab025a92141,KXMICHCOACH-26-JBRO,2025-12-23T16:30:44.795874Z,40.00,0.3200,0.6800,no
66da4884-7420-53b5-7c12-71566d0c1b8f,KXMICHCOACH-26-JBRO,2025-12-23T16:30:21.860528Z,10.00,0.3500,0.6500,yes
813e2374-6604-53e1-f159-23a15fe6abaf,KXMICHCOACH-26-JBRO,2025-12-23T16:30:02.350035Z,250.00,0.3500,0.6500,yes
73c9de66-08db-4068-0616-cef77348b642,KXMICHCOACH-26-JBRO,2025-12-23T16:29:01.763585Z,874.00,0.3300,0.6700,no
60e98e22-a41c-406d-1bca-80fe3fa0a9fb,KXMICHCOACH-26-JBRO,2025-12-23T16:29:01.763585Z,150.00,0.3400,0.6600,no
3bb12e93-7291-4121-3d66-8cecd1bcc7c0,KXMICHCOACH-26-JBRO,2025-12-23T16:29:01.763585Z,88.00,0.3300,0.6700,no
c7c96fe3-7721-42e3-96e6-bbc120fc3d69,KXMICHCOACH-26-JBRO,2025-12-23T16:28:38.718242Z,50.00,0.3600,0.6400,yes
35ee74f4-31ec-44a2-89d6-9d09efbcfee8,KXMICHCOACH-26-JBRO,2025-12-23T16:28:38.718242Z,4.00,0.3500,0.6500,yes
badd21a8-64a0-7bd7-4d9e-b55e97e2d669,KXMICHCOACH-26-JBRO,2025-12-23T16:27:42.580882Z,117.00,0.3500,0.6500,yes
0aa75361-de90-7a42-7311-7d1da22621f4,KXMICHCOACH-26-JBRO,2025-12-23T16:27:42.580882Z,10.00,0.3500,0.6500,yes
f88dc332-247f-5470-256e-9a0e20592e4a,KXMICHCOACH-26-JBRO,2025-12-23T16:27:41.390334Z,14.00,0.3300,0.6700,no
d033cc92-fcc4-559e-0b24-1d1b2f53810e,KXMICHCOACH-26-JBRO,2025-12-23T16:27:41.390334Z,119.00,0.3300,0.6700,no
be886605-a3d9-417b-066a-9f44238ce081,KXMICHCOACH-26-JBRO,2025-12-23T16:27:31.936034Z,53.00,0.3600,0.6400,yes
acb2eab4-2a2d-7c82-2b5c-d3d92f93d500,KXMICHCOACH-26-JBRO,2025-12-23T16:26:07.288284Z,100.00,0.3700,0.6300,yes
bbb2471a-61ea-5678-71b2-7f425a429bae,KXMICHCOACH-26-JBRO,2025-12-23T16:25:37.475858Z,500.00,0.3600,0.6400,yes
7949a4a0-bfe9-59f1-6d03-63cc4bf4a08e,KXMICHCOACH-26-JBRO,2025-12-23T16:25:37.475858Z,1000.00,0.3600,0.6400,yes
34b5a904-1e66-4d0b-96bd-fd8f398a7d56,KXMICHCOACH-26-JBRO,2025-12-23T16:25:20.04189Z,1057.00,0.3500,0.6500,yes
f49bff15-f0a1-7013-04ba-6c298430902e,KXMICHCOACH-26-JBRO,2025-12-23T16:25:12.50374Z,500.00,0.3500,0.6500,yes
72516192-758e-7766-0555-9240419b6294,KXMICHCOACH-26-JBRO,2025-12-23T16:25:12.50374Z,32.00,0.3500,0.6500,yes
642d2dd1-4500-7e5f-0eac-2dc6379c3c36,KXMICHCOACH-26-JBRO,2025-12-23T16:25:12.50374Z,227.00,0.3500,0.6500,yes
0922286c-f126-783b-1b45-9cc097fc58c2,KXMICHCOACH-26-JBRO,2025-12-23T16:25:12.50374Z,1943.00,0.3500,0.6500,yes
c43e0d57-1430-74ab-6106-4abc0f0896d6,KXMICHCOACH-26-JBRO,2025-12-23T16:25:03.65555Z,273.00,0.3500,0.6500,yes
ec282ea2-1964-4132-2d4c-4e145487af78,KXMICHCOACH-26-JBRO,2025-12-23T16:24:53.453943Z,231.00,0.3400,0.6600,yes
d161fb34-ca18-6a2a-df0d-52f64b8fd5bc,KXMICHCOACH-26-JBRO,2025-12-23T16:24:43.640073Z,9.00,0.3400,0.6600,yes
1eaecd8a-1d14-4f6e-c333-758972e4c578,KXMICHCOACH-26-JBRO,2025-12-23T16:24:31.151685Z,6.00,0.3400,0.6600,yes
e89a08e3-6136-75ee-ee18-cd198f301fb3,KXMICHCOACH-26-JBRO,2025-12-23T16:24:07.279848Z,857.00,0.3400,0.6600,yes
e702ef54-8074-7dba-ccfb-7b6b03c5215c,KXMICHCOACH-26-JBRO,2025-12-23T16:24:07.279848Z,254.00,0.3400,0.6600,yes
25693977-d02e-46de-2578-cd0863db72d1,KXMICHCOACH-26-JBRO,2025-12-23T16:22:13.050424Z,1645.00,0.3200,0.6800,yes
55a860a5-0359-638f-86c5-6b8752452d2d,KXMICHCOACH-26-JBRO,2025-12-23T16:20:18.467829Z,1.00,0.3300,0.6700,yes
bd7be17a-3107-7d68-69c0-b551338b03f6,KXMICHCOACH-26-JBRO,2025-12-23T16:19:40.69035Z,1.00,0.3100,0.6900,no
d6cf12e5-c412-4226-06ab-6854adec175f,KXMICHCOACH-26-JBRO,2025-12-23T16:18:59.002073Z,143.00,0.3400,0.6600,yes
a734b36a-2d27-5b16-23f2-7a48a528d50c,KXMICHCOACH-26-JBRO,2025-12-23T16:18:44.601517Z,136.00,0.3500,0.6500,yes
381f2044-b817-465a-5316-fab3472da6a0,KXMICHCOACH-26-JBRO,2025-12-23T16:18:26.206418Z,273.00,0.3500,0.6500,yes
f9e231e6-449f-7c0f-3ff5-375f3a964aba,KXMICHCOACH-26-JBRO,2025-12-23T16:18:20.355527Z,623.00,0.3100,0.6900,yes
af8b1dd0-7304-7c7e-0518-881873bfa48f,KXMICHCOACH-26-JBRO,2025-12-23T16:18:20.355527Z,800.00,0.3000,0.7000,yes
8a34a302-d61a-7cd2-3723-4cb00b5c4e35,KXMICHCOACH-26-JBRO,2025-12-23T16:18:20.355527Z,1000.00,0.3100,0.6900,yes
817b6264-de80-748d-3032-dc2a49c90770,KXMICHCOACH-26-JBRO,2025-12-23T16:18:20.355527Z,40.00,0.3200,0.6800,yes
770319a9-5dd8-7c0d-04fa-350a9099c7cd,KXMICHCOACH-26-JBRO,2025-12-23T16:18:20.355527Z,500.00,0.3000,0.7000,yes
6d712e07-8821-73a9-0807-b053dc3fe7cd,KXMICHCOACH-26-JBRO,2025-12-23T16:18:20.355527Z,500.00,0.3100,0.6900,yes
66d6dfe7-a3a5-7d98-3762-9dadf24c1251,KXMICHCOACH-26-JBRO,2025-12-23T16:18:20.355527Z,1500.00,0.3400,0.6600,yes
5eb0d709-5bb9-7e2e-0b9c-c08b10197a2a,KXMICHCOACH-26-JBRO,2025-12-23T16:18:20.355527Z,631.00,0.3400,0.6600,yes
599f591a-390b-7ab2-2a7f-9236dbaf4980,KXMICHCOACH-26-JBRO,2025-12-23T16:18:20.355527Z,17.00,0.3500,0.6500,yes
58f4a1ce-6aba-77ee-19d8-23e61a01496a,KXMICHCOACH-26-JBRO,2025-12-23T16:18:20.355527Z,269.00,0.3000,0.7000,yes
51c7c215-c5ad-77ba-2b4d-23eeefe00d99,KXMICHCOACH-26-JBRO,2025-12-23T16:18:20.355527Z,37.00,0.3100,0.6900,yes
4a4744de-7b89-7dc0-14b2-fba6fd2a7704,KXMICHCOACH-26-JBRO,2025-12-23T16:18:20.355527Z,1000.00,0.3000,0.7000,yes
48cb82ad-6c5c-76c7-34d0-a8f17ba1421f,KXMICHCOACH-26-JBRO,2025-12-23T16:18:20.355527Z,40.00,0.3200,0.6800,yes
3d4c5877-d1ea-71ce-24da-003b26aaa3d6,KXMICHCOACH-26-JBRO,2025-12-23T16:18:20.355527Z,391.00,0.3300,0.6700,yes
374bc471-b1be-7ca9-3673-aaf147f4dd44,KXMICHCOACH-26-JBRO,2025-12-23T16:18:20.355527Z,2000.00,0.3200,0.6800,yes
2cc0b68e-02ab-7e0b-21a3-7d218a9803e6,KXMICHCOACH-26-JBRO,2025-12-23T16:18:20.355527Z,40.00,0.3200,0.6800,yes
0567ef6c-0be2-7fbf-1525-3f8350c1bf06,KXMICHCOACH-26-JBRO,2025-12-23T16:18:20.355527Z,555.00,0.3300,0.6700,yes
051e437b-f26a-7f39-104d-c5d5e48be503,KXMICHCOACH-26-JBRO,2025-12-23T16:18:20.355527Z,2116.00,0.3100,0.6900,yes
cca2a38a-b6ba-53da-5b64-981b0674e94a,KXMICHCOACH-26-JBRO,2025-12-23T16:17:06.72805Z,158.00,0.3000,0.7000,yes
7ca8ad31-23ba-45d6-1f50-e97d231217a2,KXMICHCOACH-26-JBRO,2025-12-23T16:15:52.659032Z,10.00,0.3000,0.7000,yes
5c64e612-7976-408a-0830-eb1f2f6d1a0e,KXMICHCOACH-26-JBRO,2025-12-23T16:15:52.659032Z,12.00,0.2900,0.7100,yes
550ad2fc-c45c-7f30-0c56-96e7b6f70076,KXMICHCOACH-26-JBRO,2025-12-23T16:13:33.914519Z,10.00,0.2800,0.7200,no
790d848b-af3a-5d4e-e7a6-dc32779a73e2,KXMICHCOACH-26-JBRO,2025-12-23T16:13:10.572913Z,63.00,0.3000,0.7000,yes
cef75cec-7e6e-574d-5434-f1c705a6311b,KXMICHCOACH-26-JBRO,2025-12-23T16:10:23.22054Z,30.00,0.3000,0.7000,yes
4aee43f9-6469-65b6-9e67-1f6f39b3c6f5,KXMICHCOACH-26-JBRO,2025-12-23T16:10:22.044525Z,758.00,0.3000,0.7000,yes
44915ae2-f3d6-68cd-bab7-f074953415fb,KXMICHCOACH-26-JBRO,2025-12-23T16:10:22.044525Z,354.00,0.3000,0.7000,yes
7ab99373-4bc5-5232-9113-44a559df73ed,KXMICHCOACH-26-JBRO,2025-12-23T16:10:05.123382Z,156.00,0.3000,0.7000,yes
3c203feb-15dd-685e-6680-ef8076374605,KXMICHCOACH-26-JBRO,2025-12-23T16:09:59.041147Z,15.00,0.3000,0.7000,yes
1669ae73-9de5-5206-91bb-f4404949cb4d,KXMICHCOACH-26-JBRO,2025-12-23T16:09:33.988745Z,6.00,0.3000,0.7000,yes
78ade344-cefb-737f-4dd2-197d1347b3b3,KXMICHCOACH-26-JBRO,2025-12-23T16:08:59.706094Z,500.00,0.3000,0.7000,yes
2a21d3f6-7b45-7e02-5ec2-4e57410c1611,KXMICHCOACH-26-JBRO,2025-12-23T16:08:59.706094Z,500.00,0.3000,0.7000,yes
fa43e83b-2bd1-52f0-636e-82934a0eacb5,KXMICHCOACH-26-JBRO,2025-12-23T16:08:17.146102Z,106.00,0.2900,0.7100,yes
d468f631-055b-5afe-50a2-34c56de4e424,KXMICHCOACH-26-JBRO,2025-12-23T16:08:17.146102Z,7.00,0.2900,0.7100,yes
cbb3160f-297c-5afc-7d68-8119d1399699,KXMICHCOACH-26-JBRO,2025-12-23T16:08:17.146102Z,1000.00,0.2900,0.7100,yes
72334b37-5059-5af9-48ac-c713190caf6b,KXMICHCOACH-26-JBRO,2025-12-23T16:08:17.146102Z,40.00,0.2900,0.7100,yes
6f2d4b71-97b3-471e-7a1a-fe686263dcac,KXMICHCOACH-26-JBRO,2025-12-23T16:08:06.001742Z,65.00,0.2900,0.7100,yes
bd3154d6-74a2-6199-f5de-cca0e8979270,KXMICHCOACH-26-JBRO,2025-12-23T16:07:49.330028Z,1000.00,0.2800,0.7200,yes
c3852fe5-7b87-429e-42be-ea593be58ed8,KXMICHCOACH-26-JBRO,2025-12-23T16:06:23.834287Z,32.00,0.2900,0.7100,yes
b20f5054-508b-778a-5a85-dc6e5df2e218,KXMICHCOACH-26-JBRO,2025-12-23T16:05:27.092258Z,98.00,0.2900,0.7100,yes
37cbf19d-12c3-591e-a5d9-ace850f2fd74,KXMICHCOACH-26-JBRO,2025-12-23T16:05:05.58349Z,164.00,0.2900,0.7100,yes
de941712-b81b-73f2-dfcd-38a6427d33c0,KXMICHCOACH-26-JBRO,2025-12-23T16:02:33.173784Z,134.00,0.2900,0.7100,yes
1337dae5-4719-711a-c199-02e122b9080a,KXMICHCOACH-26-JBRO,2025-12-23T16:02:33.173784Z,30.00,0.2900,0.7100,yes
ddaceee2-9b01-6612-4ba7-1c95fcfe37a8,KXMICHCOACH-26-JBRO,2025-12-23T16:00:31.385446Z,17.00,0.2800,0.7200,no
db4b3c6b-6f8a-6f2f-67aa-3d7ea018fe0c,KXMICHCOACH-26-JBRO,2025-12-23T16:00:31.385446Z,500.00,0.2600,0.7400,no
55e0892c-de95-6312-590e-5b5cf6b8c5a6,KXMICHCOACH-26-JBRO,2025-12-23T16:00:31.385446Z,33.00,0.2800,0.7200,no
2ec312b3-210b-6d1d-668c-84a63dbc673e,KXMICHCOACH-26-JBRO,2025-12-23T16:00:31.385446Z,26.00,0.2600,0.7400,no
1c8fd133-a7dc-6c16-7d99-6f3e9977f2ea,KXMICHCOACH-26-JBRO,2025-12-23T16:00:31.385446Z,18.00,0.2600,0.7400,no
fe4ba80a-4a2f-5aa6-4c0d-526865ca510c,KXMICHCOACH-26-JBRO,2025-12-23T15:59:10.555295Z,61.00,0.2900,0.7100,yes
be592aec-1181-5477-5a23-45f93480095e,KXMICHCOACH-26-JBRO,2025-12-23T15:59:10.555295Z,87.00,0.2900,0.7100,yes
fb94d5db-d681-6b82-6e6f-adfaac0b917c,KXMICHCOACH-26-JBRO,2025-12-23T15:55:07.471508Z,136.00,0.2800,0.7200,no
8341791b-b45e-73f0-3870-3d7100aff59b,KXMICHCOACH-26-JBRO,2025-12-23T15:55:06.523573Z,82.00,0.2900,0.7100,yes
1cb66a46-bbf5-4822-71c2-ca3fe491a909,KXMICHCOACH-26-JBRO,2025-12-23T15:54:41.925198Z,31.00,0.3000,0.7000,yes
2ddba3f3-a479-778a-b29f-9a47039344e5,KXMICHCOACH-26-JBRO,2025-12-23T15:54:28.887462Z,6.00,0.3000,0.7000,yes
9ef5d721-aaf1-5d82-1b3f-4cb770d61711,KXMICHCOACH-26-JBRO,2025-12-23T15:53:58.079586Z,314.00,0.3000,0.7000,yes
8ba636a8-d2f1-4199-6a03-45f1fb13053c,KXMICHCOACH-26-JBRO,2025-12-23T15:53:52.240915Z,79.00,0.2900,0.7100,no
83a3a3d1-79e9-4222-4c3a-e21881c8cd00,KXMICHCOACH-26-JBRO,2025-12-23T15:53:52.240915Z,347.00,0.2800,0.7200,no
a9a47e53-902d-672d-13a3-5232e554b2f0,KXMICHCOACH-26-JBRO,2025-12-23T15:53:10.100061Z,473.00,0.2900,0.7100,no
da4bd4e1-a4a5-7266-3e59-f59383809619,KXMICHCOACH-26-JBRO,2025-12-23T15:51:13.476022Z,158.00,0.3000,0.7000,yes
8805bba1-727d-624e-04b3-4e729017a7d9,KXMICHCOACH-26-JBRO,2025-12-23T15:50:45.414319Z,31.00,0.3000,0.7000,yes
912c268f-0d81-6a92-da48-1de73f69fcb9,KXMICHCOACH-26-JBRO,2025-12-23T15:50:44.491874Z,46.00,0.3000,0.7000,yes
e8e71ab4-c241-7e99-3d58-402775042088,KXMICHCOACH-26-JBRO,2025-12-23T15:50:36.11655Z,102.00,0.2900,0.7100,no
84acd0fe-75a9-467e-4638-efccd0aaf221,KXMICHCOACH-26-JBRO,2025-12-23T15:50:17.990098Z,100.00,0.3000,0.7000,yes
05ca7b72-a70d-635e-f65c-03aa0f4e5fd1,KXMICHCOACH-26-JBRO,2025-12-23T15:50:02.959847Z,72.00,0.3000,0.7000,yes
da0905aa-43b5-44b6-b568-bd3fdef7ed95,KXMICHCOACH-26-JBRO,2025-12-23T15:49:45.991495Z,31.00,0.3000,0.7000,yes
410a4c1a-9f71-6c25-1b5e-57f2beadf04c,KXMICHCOACH-26-JBRO,2025-12-23T15:48:48.268236Z,46.00,0.2900,0.7100,no
de430647-d805-642e-6c6b-7753f9abed6d,KXMICHCOACH-26-JBRO,2025-12-23T15:48:14.347968Z,397.00,0.3000,0.7000,yes
a3c61bbb-ff7b-7602-396f-91e836a510c1,KXMICHCOACH-26-JBRO,2025-12-23T15:48:01.722712Z,25.00,0.3000,0.7000,no
501098b0-8b23-7a03-3a29-5403527476bb,KXMICHCOACH-26-JBRO,2025-12-23T15:48:01.722712Z,89.00,0.3000,0.7000,no
f1de8bdc-7bf3-57af-afcb-15e3e5da3153,KXMICHCOACH-26-JBRO,2025-12-23T15:47:13.824372Z,54.00,0.3000,0.7000,no
db1f99aa-fcbe-54f9-ab6d-33f357c1f8c2,KXMICHCOACH-26-JBRO,2025-12-23T15:47:13.824372Z,50.00,0.3000,0.7000,no
614aacca-ccc5-50e8-9384-1f0df5669d2d,KXMICHCOACH-26-JBRO,2025-12-23T15:47:13.824372Z,71.00,0.3000,0.7000,no
5e96d108-0f2f-789f-410f-db7f4a22f49e,KXMICHCOACH-26-JBRO,2025-12-23T15:46:42.613398Z,30.00,0.3100,0.6900,yes
bfb39540-a5ef-6bfb-d59a-8249435f7eb2,KXMICHCOACH-26-JBRO,2025-12-23T15:45:35.989561Z,4.00,0.3100,0.6900,yes
48fc321e-2cc9-76e4-1806-252896317a4d,KXMICHCOACH-26-JBRO,2025-12-23T15:45:12.861277Z,41.00,0.3000,0.7000,no
a5b5a72a-257b-626b-5497-4c8e231cd156,KXMICHCOACH-26-JBRO,2025-12-23T15:43:51.594765Z,15.00,0.3100,0.6900,yes
0d2b10ad-4337-745b-a7be-47697e63ab62,KXMICHCOACH-26-JBRO,2025-12-23T15:42:19.489558Z,15.00,0.3100,0.6900,yes
6ae7b2f4-35f3-6691-881c-45d21532ada9,KXMICHCOACH-26-JBRO,2025-12-23T15:42:10.292398Z,5.00,0.3100,0.6900,yes
5146f750-cf27-613b-a4b7-aa45ae5af3e6,KXMICHCOACH-26-JBRO,2025-12-23T15:42:10.292398Z,10.00,0.3100,0.6900,yes
93883753-6396-488e-ffec-bb41a4e177aa,KXMICHCOACH-26-JBRO,2025-12-23T15:39:41.197095Z,153.00,0.3100,0.6900,yes
93ccacf5-9e16-4c96-8412-ae8e329982ca,KXMICHCOACH-26-JBRO,2025-12-23T15:38:09.89735Z,8.00,0.3100,0.6900,yes
d23de13d-11de-5362-5165-2c9e0ef61312,KXMICHCOACH-26-JBRO,2025-12-23T15:38:01.69811Z,30.00,0.3100,0.6900,yes
b0b3205a-8e2e-6a8e-f84d-3ce00c0d793e,KXMICHCOACH-26-JBRO,2025-12-23T15:37:49.551676Z,153.00,0.3100,0.6900,yes
7ffc26c0-397d-6f98-78d3-319d73f8ffbd,KXMICHCOACH-26-JBRO,2025-12-23T15:36:36.857637Z,4.00,0.3000,0.7000,no
d8819add-8bc6-5eaa-86ce-dfb5be54745a,KXMICHCOACH-26-JBRO,2025-12-23T15:35:32.327062Z,112.00,0.3100,0.6900,yes
fe98599e-ab7d-5360-2311-c053b4a290b9,KXMICHCOACH-26-JBRO,2025-12-23T15:35:00.157097Z,384.00,0.3000,0.7000,no
ab94a75a-62e6-55ba-1a85-a9ba139a0c12,KXMICHCOACH-26-JBRO,2025-12-23T15:34:14.125134Z,153.00,0.3100,0.6900,yes
fbf884f1-0fc8-7039-c0af-0dd38fb31215,KXMICHCOACH-26-JBRO,2025-12-23T15:31:07.58738Z,4.00,0.3000,0.7000,yes
e97d9b11-5d9d-7a0e-ca36-4758c4517d66,KXMICHCOACH-26-JBRO,2025-12-23T15:31:07.58738Z,2474.00,0.3000,0.7000,yes
d6544ce8-1173-7866-e49a-62897344a6f0,KXMICHCOACH-26-JBRO,2025-12-23T15:31:07.58738Z,5.00,0.3000,0.7000,yes
d5f96cbe-d8f1-7ab5-c2ad-8f5cda6845b3,KXMICHCOACH-26-JBRO,2025-12-23T15:31:07.58738Z,632.00,0.3000,0.7000,yes
b7ce65bb-1539-7e79-d3b3-5c5ac5cd5cf4,KXMICHCOACH-26-JBRO,2025-12-23T15:31:07.58738Z,3.00,0.3000,0.7000,yes
38bac202-b9fd-7006-7b3f-ff9757108e32,KXMICHCOACH-26-JBRO,2025-12-23T15:30:23.574653Z,317.00,0.3000,0.7000,yes
a4a6d457-fd95-6f12-a6dc-f5c29429dbda,KXMICHCOACH-26-JBRO,2025-12-23T15:29:16.503369Z,9.00,0.3000,0.7000,yes
c3f3744d-0485-6a5e-1463-b608bcf4c27d,KXMICHCOACH-26-JBRO,2025-12-23T15:28:21.357373Z,2.00,0.3000,0.7000,yes
32c877e9-1ef5-668e-0502-1ca8cbdfbada,KXMICHCOACH-26-JBRO,2025-12-23T15:28:21.357373Z,200.00,0.3000,0.7000,yes
4137bbc7-39a9-5b7e-4eb3-cfd169085009,KXMICHCOACH-26-JBRO,2025-12-23T15:28:05.928073Z,10.00,0.3000,0.7000,yes
febdb51d-33be-7877-90e9-878e8d61f700,KXMICHCOACH-26-JBRO,2025-12-23T15:27:17.839918Z,488.00,0.2900,0.7100,yes
e4304972-7c12-6b78-20bf-baaefff2910e,KXMICHCOACH-26-JBRO,2025-12-23T15:26:21.32932Z,93.00,0.2900,0.7100,yes
62b9a3e8-76c6-608b-1d3e-1003b067bc4c,KXMICHCOACH-26-JBRO,2025-12-23T15:26:21.32932Z,209.00,0.2900,0.7100,yes
0dbc4d4e-f46c-6e63-3a3b-7bbe4293428f,KXMICHCOACH-26-JBRO,2025-12-23T15:26:21.32932Z,10.00,0.2900,0.7100,yes
207efc8c-88aa-6718-a83c-ef276ddce3ee,KXMICHCOACH-26-JBRO,2025-12-23T15:26:07.009243Z,413.00,0.2900,0.7100,yes
c6cd76aa-6b06-4c28-cdc3-1f12d5c82a46,KXMICHCOACH-26-JBRO,2025-12-23T15:25:57.805891Z,494.00,0.2900,0.7100,yes
9f7995e1-8c4d-4087-eac4-8e9afd41ff3a,KXMICHCOACH-26-JBRO,2025-12-23T15:25:57.805891Z,163.00,0.2900,0.7100,yes
c5c124f2-7b95-6f94-0753-80f0a92ded86,KXMICHCOACH-26-JBRO,2025-12-23T15:24:00.027599Z,1000.00,0.2900,0.7100,yes
b73c0b6c-35f7-6e2c-1c56-01598445d46e,KXMICHCOACH-26-JBRO,2025-12-23T15:24:00.027599Z,365.00,0.2800,0.7200,yes
a84559e7-524d-6a2b-0f2f-60bcb25bd356,KXMICHCOACH-26-JBRO,2025-12-23T15:24:00.027599Z,837.00,0.2900,0.7100,yes
3d141714-77a0-621b-0bc2-34a43b365526,KXMICHCOACH-26-JBRO,2025-12-23T15:24:00.027599Z,7.00,0.2900,0.7100,yes
15499395-4284-6daf-1d1f-dbc7ee9f8865,KXMICHCOACH-26-JBRO,2025-12-23T15:24:00.027599Z,14.00,0.2900,0.7100,yes
19f12f0c-3507-5190-3515-db8b0a3458be,KXMICHCOACH-26-JBRO,2025-12-23T15:23:57.426835Z,40.00,0.2800,0.7200,yes
dec1d995-c24b-7f34-6c88-49fe086df4d6,KXMICHCOACH-26-JBRO,2025-12-23T15:23:54.478734Z,17.00,0.2800,0.7200,yes
9dc420ac-939f-567c-8fb8-a2fa895806aa,KXMICHCOACH-26-JBRO,2025-12-23T15:19:37.30592Z,210.00,0.2800,0.7200,yes
386957a7-6a1c-5a97-82d8-6773eb6fb0c3,KXMICHCOACH-26-JBRO,2025-12-23T15:19:37.30592Z,640.00,0.2800,0.7200,yes
e84ff643-e99c-552f-5490-c1151713e8c3,KXMICHCOACH-26-JBRO,2025-12-23T15:19:09.694954Z,85.00,0.2800,0.7200,yes
d092fbde-b698-6867-5e1f-1bd462978f7b,KXMICHCOACH-26-JBRO,2025-12-23T15:17:21.18212Z,17.00,0.2800,0.7200,yes
a22f8fa9-33c4-77d7-b43c-7db2fb0b5e5f,KXMICHCOACH-26-JBRO,2025-12-23T15:16:50.779118Z,34.00,0.2800,0.7200,yes
2431b517-9ea4-5327-f17a-72395a4cbdab,KXMICHCOACH-26-JBRO,2025-12-23T15:15:35.429169Z,166.00,0.2800,0.7200,yes
f0d7a73c-1626-7534-b698-d91ce92cbd3e,KXMICHCOACH-26-JBRO,2025-12-23T15:14:53.712279Z,11.00,0.2800,0.7200,yes
e7333559-2260-7fab-8fb9-4d1e79964deb,KXMICHCOACH-26-JBRO,2025-12-23T15:14:53.712279Z,58.00,0.2800,0.7200,yes
9a7d6f78-fc84-73bb-b7a2-f7808cd3cf88,KXMICHCOACH-26-JBRO,2025-12-23T15:14:53.712279Z,13.00,0.2800,0.7200,yes
51ae3eb6-382b-7046-832c-092b2bc07681,KXMICHCOACH-26-JBRO,2025-12-23T15:14:53.712279Z,42.00,0.2700,0.7300,yes
3ad930d6-c63f-712e-a032-a854fb75a457,KXMICHCOACH-26-JBRO,2025-12-23T15:14:53.712279Z,29.00,0.2800,0.7200,yes
24edb100-0d52-7e3e-99c7-307c42be3c38,KXMICHCOACH-26-JBRO,2025-12-23T15:14:53.712279Z,4.00,0.2800,0.7200,yes
82759834-32b7-76ee-290c-9b0172d303f5,KXMICHCOACH-26-JBRO,2025-12-23T15:13:31.583665Z,75.00,0.2700,0.7300,yes
f993d61e-cd37-738a-1615-00b37dde7dcd,KXMICHCOACH-26-JBRO,2025-12-23T15:13:05.404761Z,17.00,0.2700,0.7300,yes
22dbd67c-ef59-611e-30a1-50b14c46f265,KXMICHCOACH-26-JBRO,2025-12-23T15:11:37.533027Z,68.00,0.2600,0.7400,no
ef11e4de-0ea9-5c6b-1144-ed40b135fa6e,KXMICHCOACH-26-JBRO,2025-12-23T15:09:22.330443Z,66.00,0.2600,0.7400,no
c631829c-c76e-7bae-1f62-1ed19e215d03,KXMICHCOACH-26-JBRO,2025-12-23T15:09:12.850735Z,29.00,0.2700,0.7300,yes
cbb9bdfa-f9f6-657a-9152-3373e3cf2733,KXMICHCOACH-26-JBRO,2025-12-23T15:09:10.384343Z,10.00,0.2700,0.7300,yes
882a44a7-9bde-5a76-faff-4301a1e84a63,KXMICHCOACH-26-JBRO,2025-12-23T15:08:20.594784Z,55.00,0.2700,0.7300,yes
881f62e6-895b-5584-f941-5ecef514609c,KXMICHCOACH-26-JBRO,2025-12-23T15:08:20.594784Z,137.00,0.2700,0.7300,yes
e98ae022-47bb-4418-1785-8e8086318bf0,KXMICHCOACH-26-JBRO,2025-12-23T15:06:31.092944Z,863.00,0.2700,0.7300,yes
e3e00f77-7fcb-4c7c-2f42-05a165acf833,KXMICHCOACH-26-JBRO,2025-12-23T15:06:31.092944Z,181.00,0.2700,0.7300,yes
02bb59dd-b254-4b68-64b9-cd075ebc6419,KXMICHCOACH-26-JBRO,2025-12-23T15:04:44.397414Z,3.00,0.2600,0.7400,yes
5400c80a-5a9e-7a7d-4cbc-7b99b6159776,KXMICHCOACH-26-JBRO,2025-12-23T15:03:51.960423Z,7.00,0.2600,0.7400,yes
cd3cb541-efe6-47f5-d60f-5ec49335025e,KXMICHCOACH-26-JBRO,2025-12-23T15:02:07.577355Z,36.00,0.2600,0.7400,yes
b7554edb-f79d-72de-1b2c-27a9eec79310,KXMICHCOACH-26-JBRO,2025-12-23T15:00:10.040807Z,140.00,0.2500,0.7500,no
aa0b1bbc-7537-5f64-778d-f5bc39a653d3,KXMICHCOACH-26-JBRO,2025-12-23T14:59:56.527506Z,176.00,0.2700,0.7300,yes
d605f66b-ac2f-7d48-be24-652f49e12747,KXMICHCOACH-26-JBRO,2025-12-23T14:58:41.574724Z,143.00,0.2700,0.7300,yes
c48f61b0-c7c4-762c-8865-192b2e46699b,KXMICHCOACH-26-JBRO,2025-12-23T14:58:41.574724Z,383.00,0.2700,0.7300,yes
6f581919-fa0c-7694-90e1-620f4a6d5cc7,KXMICHCOACH-26-JBRO,2025-12-23T14:56:51.803377Z,66.00,0.2700,0.7300,yes
866e5aa6-f880-6630-c5fe-5ac9e1259ad7,KXMICHCOACH-26-JBRO,2025-12-23T14:55:24.952543Z,183.00,0.2700,0.7300,yes
52b275a7-2623-643f-eb3e-204f15e3a102,KXMICHCOACH-26-JBRO,2025-12-23T14:55:24.952543Z,10.00,0.2700,0.7300,yes
4646d19a-884d-6948-cf66-d07d7448b42f,KXMICHCOACH-26-JBRO,2025-12-23T14:55:24.952543Z,1000.00,0.2700,0.7300,yes
209038fc-6531-67ee-faef-1f914ea210df,KXMICHCOACH-26-JBRO,2025-12-23T14:55:24.952543Z,500.00,0.2700,0.7300,yes
03dfea08-7148-666b-cb0c-de92556f7748,KXMICHCOACH-26-JBRO,2025-12-23T14:55:24.952543Z,10.00,0.2700,0.7300,yes
aad15ac5-3457-7029-3e0e-86466e04e7fb,KXMICHCOACH-26-JBRO,2025-12-23T14:55:17.611412Z,277.00,0.2600,0.7400,yes
ae1a94c1-74b3-75bd-3bfd-7f64eb2fba2f,KXMICHCOACH-26-JBRO,2025-12-23T14:53:55.086222Z,355.00,0.2600,0.7400,yes
163b6807-ea93-731e-3d86-62c490e87fc9,KXMICHCOACH-26-JBRO,2025-12-23T14:53:55.086222Z,7.00,0.2600,0.7400,yes
f30fe8f2-63a3-541a-c213-a94e33d5be61,KXMICHCOACH-26-JBRO,2025-12-23T14:52:52.299085Z,36.00,0.2600,0.7400,yes
66fe29ac-8bfb-5246-2fd2-efba3422c62d,KXMICHCOACH-26-JBRO,2025-12-23T14:52:13.508792Z,142.00,0.2600,0.7400,yes
651fa8a3-fa0b-4b2e-99be-02a0a81b18bd,KXMICHCOACH-26-JBRO,2025-12-23T14:52:08.451794Z,274.00,0.2600,0.7400,yes
7f0e7b89-b0c5-7839-689a-51b7e50f459c,KXMICHCOACH-26-JBRO,2025-12-23T14:52:07.983054Z,14.00,0.2600,0.7400,yes
45199a32-788b-7c86-4fec-ca690461a321,KXMICHCOACH-26-JBRO,2025-12-23T14:52:07.983054Z,541.00,0.2600,0.7400,yes
847992cc-e5b4-6a59-0a45-93f862c65067,KXMICHCOACH-26-JBRO,2025-12-23T14:51:25.006743Z,498.00,0.2500,0.7500,yes
33755f64-3fc2-63ea-2cbd-0006b81a2c71,KXMICHCOACH-26-JBRO,2025-12-23T14:51:25.006743Z,779.00,0.2500,0.7500,yes
adc956db-288a-7006-4f30-e00039fb3b0d,KXMICHCOACH-26-JBRO,2025-12-23T14:47:02.494646Z,500.00,0.2500,0.7500,yes
502e6c95-7fae-7eea-d2bc-3048d7798585,KXMICHCOACH-26-JBRO,2025-12-23T14:45:08.563136Z,380.00,0.2500,0.7500,yes
cb1b4cb4-e499-7759-77b8-ca76f50e8c1c,KXMICHCOACH-26-JBRO,2025-12-23T14:44:43.804862Z,590.00,0.2500,0.7500,yes
1ee80bf6-175e-79c6-47ca-73a49ecee411,KXMICHCOACH-26-JBRO,2025-12-23T14:44:43.804862Z,341.00,0.2500,0.7500,yes
195b2412-90b5-61b5-49f8-377ee5d7db64,KXMICHCOACH-26-JBRO,2025-12-23T14:42:18.475755Z,17.00,0.2500,0.7500,yes
669d36c9-950d-7ff1-5928-c78ef226e834,KXMICHCOACH-26-JBRO,2025-12-23T14:41:27.418488Z,19.00,0.2500,0.7500,yes
9d843ef3-ceb7-46d0-447d-d9ca61eee616,KXMICHCOACH-26-JBRO,2025-12-23T14:40:29.734232Z,196.00,0.2500,0.7500,yes
29d1ed26-b339-499d-73d5-79a093414948,KXMICHCOACH-26-JBRO,2025-12-23T14:40:29.734232Z,374.00,0.2500,0.7500,yes
b194683c-7b07-66a8-ba16-8aa62bb77fee,KXMICHCOACH-26-JBRO,2025-12-23T14:39:32.611839Z,19.00,0.2500,0.7500,yes
2672217a-a15b-5008-3f8e-7086d1536d3e,KXMICHCOACH-26-JBRO,2025-12-23T14:37:21.817815Z,38.00,0.2500,0.7500,yes
7163dd0e-115f-7654-e500-fbb1523700ea,KXMICHCOACH-26-JBRO,2025-12-23T14:37:15.297425Z,37.00,0.2500,0.7500,yes
dcb06ef2-52e3-526c-98f1-935ef11c53c6,KXMICHCOACH-26-JBRO,2025-12-23T14:36:28.623404Z,383.00,0.2500,0.7500,yes
5b9a8813-2dd3-6438-e462-4982b7a228d2,KXMICHCOACH-26-JBRO,2025-12-23T14:29:42.709218Z,200.00,0.2500,0.7500,yes
210501ed-391b-6c54-ef1b-ca269d42c40e,KXMICHCOACH-26-JBRO,2025-12-23T14:29:23.569984Z,19.00,0.2500,0.7500,yes
5b1d8e48-8f50-4b54-cc48-dcb5578a10dc,KXMICHCOACH-26-JBRO,2025-12-23T14:29:06.829057Z,9.00,0.2400,0.7600,yes
271878f2-cbec-7b88-e25f-8a32663537ac,KXMICHCOACH-26-JBRO,2025-12-23T14:28:59.154653Z,16.00,0.2400,0.7600,yes
6d42ff5e-63d2-5997-d99a-d5d5d84bdc25,KXMICHCOACH-26-JBRO,2025-12-23T14:28:30.617024Z,25.00,0.2300,0.7700,no
2ff0469f-1d5b-5310-49b0-e02b3e3bcb12,KXMICHCOACH-26-JBRO,2025-12-23T14:25:49.22255Z,45.00,0.2500,0.7500,yes
9df3bc96-49cb-6d28-bab4-dcc7b91204b2,KXMICHCOACH-26-JBRO,2025-12-23T14:24:44.388326Z,484.00,0.2500,0.7500,yes
5fbc0ab1-95a4-6331-bcfb-c86f2e7f67c3,KXMICHCOACH-26-JBRO,2025-12-23T14:24:44.388326Z,93.00,0.2400,0.7600,yes
37ad1187-d7c1-6c02-af1f-dbc9e0513499,KXMICHCOACH-26-JBRO,2025-12-23T14:24:44.388326Z,67.00,0.2400,0.7600,yes
cda7bab0-cf98-7d65-2ec8-c688e155973a,KXMICHCOACH-26-JBRO,2025-12-23T14:24:35.772298Z,150.00,0.2100,0.7900,no
63e0f4f3-3f1c-72c1-1b6f-f167f034c32d,KXMICHCOACH-26-JBRO,2025-12-23T14:24:35.772298Z,4.00,0.2200,0.7800,no
0ce22992-9a2c-79e2-3779-623af5a0a4bf,KXMICHCOACH-26-JBRO,2025-12-23T14:24:35.772298Z,94.00,0.2300,0.7700,no
4ce58ef8-3015-5382-571e-9d6df3630481,KXMICHCOACH-26-JBRO,2025-12-23T14:24:09.31579Z,38.00,0.2400,0.7600,yes
1e7de2bb-4485-60b2-2e87-bb768513d8c5,KXMICHCOACH-26-JBRO,2025-12-23T14:24:04.945371Z,395.00,0.2400,0.7600,yes
c75e6d53-8dbb-776c-9a6d-c42123215302,KXMICHCOACH-26-JBRO,2025-12-23T14:22:03.091596Z,380.00,0.2500,0.7500,yes
f6821b42-c1a7-6494-ddb4-ac7b2836e84a,KXMICHCOACH-26-JBRO,2025-12-23T14:21:47.553404Z,13.00,0.2500,0.7500,yes
8bba6ff6-c8df-646a-d982-38ccf25a900f,KXMICHCOACH-26-JBRO,2025-12-23T14:20:51.980727Z,48.00,0.2500,0.7500,yes
7dac74f2-e959-60c3-ee61-8080f8d68465,KXMICHCOACH-26-JBRO,2025-12-23T14:20:51.980727Z,135.00,0.2400,0.7600,yes
299339f2-856e-6f4d-cc0b-ea47a0b8c5de,KXMICHCOACH-26-JBRO,2025-12-23T14:20:51.980727Z,17.00,0.2400,0.7600,yes
1c98584b-2247-6300-eef9-c6148dd06952,KXMICHCOACH-26-JBRO,2025-12-23T14:20:51.980727Z,186.00,0.2500,0.7500,yes
f48c3132-e5e9-53db-0c6e-c0084ecde201,KXMICHCOACH-26-JBRO,2025-12-23T14:19:58.185235Z,53.00,0.2400,0.7600,yes
163c52c0-8379-52fb-b465-c70c78790f85,KXMICHCOACH-26-JBRO,2025-12-23T14:19:24.751609Z,58.00,0.2400,0.7600,yes
ff4f351e-5421-7b9b-3e0c-109a73bb6a55,KXMICHCOACH-26-JBRO,2025-12-23T14:19:18.599358Z,395.00,0.2400,0.7600,yes
d9ff6f99-1391-4867-0ef3-387d4cda8d71,KXMICHCOACH-26-JBRO,2025-12-23T14:19:01.636831Z,359.00,0.2400,0.7600,yes
679cd59d-4871-4d4f-186d-a4945035e548,KXMICHCOACH-26-JBRO,2025-12-23T14:19:01.636831Z,36.00,0.2400,0.7600,yes
80f3aeda-0bd5-6337-8f3f-2c32b0b2bfec,KXMICHCOACH-26-JBRO,2025-12-23T14:18:40.618419Z,395.00,0.2400,0.7600,yes
1f853a52-0d18-6766-a4fa-4c4efa99b3ab,KXMICHCOACH-26-JBRO,2025-12-23T14:17:34.260487Z,41.00,0.2300,0.7700,yes
75080bca-9b6e-5953-e7c6-2059952cdbdf,KXMICHCOACH-26-JBRO,2025-12-23T14:16:55.779788Z,13.00,0.2200,0.7800,no
29dc3413-75f8-5ce6-b9d0-ee443c2e666a,KXMICHCOACH-26-JBRO,2025-12-23T14:14:55.953673Z,50.00,0.2200,0.7800,no
ac7483a6-d79d-5077-4f28-77e8c64d4c80,KXMICHCOACH-26-JBRO,2025-12-23T14:10:21.660865Z,190.00,0.2400,0.7600,yes
8838de04-8bfd-777f-135d-05db0e1f5a84,KXMICHCOACH-26-JBRO,2025-12-23T14:09:24.082274Z,14.00,0.2400,0.7600,yes
6e61ae97-3765-428f-cf77-da9686dd4d9c,KXMICHCOACH-26-JBRO,2025-12-23T14:07:00.180746Z,118.00,0.2400,0.7600,yes
ed516996-b841-7d3b-659e-f0514a0b17b4,KXMICHCOACH-26-JBRO,2025-12-23T14:05:15.146171Z,104.00,0.2400,0.7600,yes
e17bdd44-6be7-784b-70dc-65be92b54281,KXMICHCOACH-26-JBRO,2025-12-23T14:05:15.146171Z,10.00,0.2300,0.7700,yes
186e9f11-28fd-4c9b-fa61-191afcf25a6c,KXMICHCOACH-26-JBRO,2025-12-23T13:59:28.463267Z,135.00,0.2400,0.7600,yes
f30a8d27-f1ed-43f7-3311-fd20ce931f2c,KXMICHCOACH-26-JBRO,2025-12-23T13:58:08.886058Z,59.00,0.2400,0.7600,yes
74b9f2b1-d577-5c7e-6142-f72609b50d23,KXMICHCOACH-26-JBRO,2025-12-23T13:57:09.375952Z,380.00,0.2500,0.7500,yes
f340bab1-fd72-4b8c-784d-34d1d60f6798,KXMICHCOACH-26-JBRO,2025-12-23T13:55:11.97989Z,40.00,0.2300,0.7700,yes
d66742de-45c5-4f5c-49b5-f81bf8439679,KXMICHCOACH-26-JBRO,2025-12-23T13:55:11.97989Z,1171.00,0.2200,0.7800,yes
c7b46094-e1f9-407f-7fc8-cd5325db4a59,KXMICHCOACH-26-JBRO,2025-12-23T13:55:11.97989Z,206.00,0.2400,0.7600,yes
9aa67c1b-eb45-4b58-65c2-00d5a78a5f48,KXMICHCOACH-26-JBRO,2025-12-23T13:55:11.97989Z,85.00,0.2000,0.8000,yes
7f94b204-e867-4d24-4279-05b53efa8c40,KXMICHCOACH-26-JBRO,2025-12-23T13:55:11.97989Z,40.00,0.2300,0.7700,yes
5570d15d-6fda-4f7b-54e4-f13142cd8f5a,KXMICHCOACH-26-JBRO,2025-12-23T13:55:11.97989Z,137.00,0.2000,0.8000,yes
4bf8e776-d68c-4f56-762d-0c27357087ef,KXMICHCOACH-26-JBRO,2025-12-23T13:55:11.97989Z,814.00,0.2500,0.7500,yes
485c62ef-4e34-477d-40a3-336be296cb22,KXMICHCOACH-26-JBRO,2025-12-23T13:55:11.97989Z,40.00,0.2300,0.7700,yes
2eee2ffc-5d16-4d29-4556-23447d04697b,KXMICHCOACH-26-JBRO,2025-12-23T13:55:11.97989Z,500.00,0.2100,0.7900,yes
23482480-90aa-4e73-76df-4145d7ff6aa7,KXMICHCOACH-26-JBRO,2025-12-23T13:55:11.97989Z,35.00,0.2100,0.7900,yes
18dbbc6d-4dd3-421a-5f60-ca750b21f5e3,KXMICHCOACH-26-JBRO,2025-12-23T13:55:11.97989Z,572.00,0.2500,0.7500,yes
0fb9211e-f54e-4433-4c36-47327bff7f97,KXMICHCOACH-26-JBRO,2025-12-23T13:55:11.97989Z,400.00,0.2300,0.7700,yes
0207c78e-a125-72c0-e8f7-8b0db56543f0,KXMICHCOACH-26-JBRO,2025-12-23T13:53:53.785873Z,47.00,0.2000,0.8000,yes
a252de37-9811-4d44-d12a-378a277899f0,KXMICHCOACH-26-JBRO,2025-12-23T13:51:50.206162Z,116.00,0.2000,0.8000,yes
b9403e52-f68a-4ed8-2f62-7c95724e47b8,KXMICHCOACH-26-JBRO,2025-12-23T13:51:33.892598Z,196.00,0.1900,0.8100,no
b3cf4198-4f7b-4215-0e85-be98dd944803,KXMICHCOACH-26-JBRO,2025-12-23T13:51:33.892598Z,851.00,0.1900,0.8100,no
6a67d448-98ec-4c02-1658-d623b620e1a2,KXMICHCOACH-26-JBRO,2025-12-23T13:51:33.892598Z,500.00,0.1900,0.8100,no
b99efa03-f565-6b24-9288-be5a288c6028,KXMICHCOACH-26-JBRO,2025-12-23T13:50:16.063831Z,473.00,0.2000,0.8000,yes
a20cbcbf-aafb-4b55-e560-fc080830facf,KXMICHCOACH-26-JBRO,2025-12-23T13:49:53.856849Z,100.00,0.1900,0.8100,no
aa12e1b5-fcbb-79f4-eb81-2ac39717ce26,KXMICHCOACH-26-JBRO,2025-12-23T13:48:59.742002Z,66.00,0.2000,0.8000,yes
9d0336fd-89eb-7208-f865-ca87f4301e50,KXMICHCOACH-26-JBRO,2025-12-23T13:48:59.742002Z,47.00,0.2000,0.8000,yes
b6779b31-7eab-68e5-ce07-34dcd162396f,KXMICHCOACH-26-JBRO,2025-12-23T13:48:47.108899Z,49.00,0.1900,0.8100,no
5eac6aef-76f4-6b66-c791-70c33e7e2e75,KXMICHCOACH-26-JBRO,2025-12-23T13:48:47.108899Z,68.00,0.1900,0.8100,no
d005d81b-afa8-41e6-ceb2-720cf219f8f1,KXMICHCOACH-26-JBRO,2025-12-23T13:41:31.143663Z,80.00,0.1900,0.8100,no
ef7ec739-505f-6cac-078f-ab1cc4aaa8f0,KXMICHCOACH-26-JBRO,2025-12-23T13:36:01.033998Z,233.00,0.2000,0.8000,yes
2568567e-5203-77c4-00cd-229010eb2728,KXMICHCOACH-26-JBRO,2025-12-23T13:32:46.271428Z,23.00,0.2000,0.8000,yes
2ff13d26-c343-5884-b42c-da4857bcf204,KXMICHCOACH-26-JBRO,2025-12-23T13:31:25.305774Z,87.00,0.2000,0.8000,yes
5c6baada-ca2c-52b6-87fb-d1eec51e494d,KXMICHCOACH-26-JBRO,2025-12-23T13:29:22.683608Z,144.00,0.1900,0.8100,no
8180a384-ec9f-4614-f6d5-1f329e6c8688,KXMICHCOACH-26-JBRO,2025-12-23T13:27:17.546843Z,236.00,0.2000,0.8000,yes
2ff461c9-731b-51bc-b7be-9d66347c8164,KXMICHCOACH-26-JBRO,2025-12-23T13:26:34.510499Z,208.00,0.2000,0.8000,yes
d6e00a0a-6253-68ac-5b45-c228c0d5f8e4,KXMICHCOACH-26-JBRO,2025-12-23T13:25:46.094654Z,113.00,0.2000,0.8000,yes
c4a0495b-893b-5d50-e9e4-6627f8570684,KXMICHCOACH-26-JBRO,2025-12-23T13:18:49.440107Z,23.00,0.2000,0.8000,yes
20a72688-308f-7170-028d-0374340fb0d0,KXMICHCOACH-26-JBRO,2025-12-23T13:12:25.796752Z,142.00,0.2000,0.8000,yes
379926c9-1084-5562-a606-2cd2067433ed,KXMICHCOACH-26-JBRO,2025-12-23T13:01:57.549721Z,17.00,0.1900,0.8100,no
c460bad0-ff8b-60f0-3133-bbec313355f8,KXMICHCOACH-26-JBRO,2025-12-23T12:58:33.565345Z,236.00,0.2000,0.8000,yes
19df4aee-363b-706c-242b-b108cb3ec494,KXMICHCOACH-26-JBRO,2025-12-23T12:56:49.534198Z,23.00,0.2000,0.8000,yes
4f15d72e-bd9f-45cc-83ef-5bb3e991405c,KXMICHCOACH-26-JBRO,2025-12-23T12:52:34.657271Z,47.00,0.2000,0.8000,yes
154743f8-107b-5060-6a46-c16e3fe8b734,KXMICHCOACH-26-JBRO,2025-12-23T12:52:09.771989Z,4.00,0.2000,0.8000,yes
1f45a587-3e23-584c-3847-bcea1d9d495c,KXMICHCOACH-26-JBRO,2025-12-23T12:50:53.278234Z,46.00,0.2000,0.8000,yes
31ff5689-a653-4da0-6b2e-2a2c8184a058,KXMICHCOACH-26-JBRO,2025-12-23T12:38:24.7955Z,4.00,0.2000,0.8000,yes
fa0ecf1e-ad6b-5ac8-6413-5570f1c04a20,KXMICHCOACH-26-JBRO,2025-12-23T12:26:36.245896Z,500.00,0.2000,0.8000,yes
ff547d9f-749b-7ce4-9711-3fa85b202444,KXMICHCOACH-26-JBRO,2025-12-23T12:24:43.798087Z,37.00,0.2000,0.8000,yes
206df3c2-7787-5054-8007-7fc63e78a3cc,KXMICHCOACH-26-JBRO,2025-12-23T12:20:39.264172Z,234.00,0.2000,0.8000,yes
f0337f3e-30db-71e4-823d-630570451d58,KXMICHCOACH-26-JBRO,2025-12-23T12:18:29.897663Z,47.00,0.2000,0.8000,yes
dad68882-2261-5fed-d4db-38429e01d4fc,KXMICHCOACH-26-JBRO,2025-12-23T12:15:19.361004Z,1.00,0.2000,0.8000,no
7a8169ea-6399-56ad-c5f9-42697e417e80,KXMICHCOACH-26-JBRO,2025-12-23T12:15:19.361004Z,31.00,0.2000,0.8000,no
e4c1d003-7982-7e1c-ff8d-80653354b29c,KXMICHCOACH-26-JBRO,2025-12-23T12:14:38.764113Z,112.00,0.2100,0.7900,yes
e7fb062a-fcce-7a1c-29a3-19e63c48d2d0,KXMICHCOACH-26-JBRO,2025-12-23T12:09:02.646553Z,43.00,0.2100,0.7900,yes
4a91d65e-e5e6-4d58-bad7-cc0d0b061cfc,KXMICHCOACH-26-JBRO,2025-12-23T12:08:14.784838Z,105.00,0.2100,0.7900,yes
fab50004-3042-7900-f36c-096f7b999680,KXMICHCOACH-26-JBRO,2025-12-23T12:07:10.111454Z,22.00,0.2100,0.7900,yes
c5de26e6-eb32-61d0-13ac-944a6974db68,KXMICHCOACH-26-JBRO,2025-12-23T12:06:42.756586Z,451.00,0.2100,0.7900,yes
551edc01-1424-6dc6-cf27-1e994837a2e5,KXMICHCOACH-26-JBRO,2025-12-23T12:00:32.544247Z,1191.00,0.1900,0.8100,no
885be641-8893-6cb4-e0c9-bb70417bf7cd,KXMICHCOACH-26-JBRO,2025-12-23T12:00:25.658959Z,500.00,0.2000,0.8000,no
4a25176e-8486-695c-d9e3-eefbcfc24fc8,KXMICHCOACH-26-JBRO,2025-12-23T12:00:25.658959Z,1.00,0.2000,0.8000,no
0fe5c3e2-784b-6aaa-e41d-db996fcf7e5b,KXMICHCOACH-26-JBRO,2025-12-23T12:00:25.658959Z,108.00,0.2000,0.8000,no
41cb4291-18a2-5a3c-8af4-f55e9e97d900,KXMICHCOACH-26-JBRO,2025-12-23T12:00:23.276768Z,4.00,0.2100,0.7900,yes
7248f023-7b1a-6023-a333-e13fef5608a0,KXMICHCOACH-26-JBRO,2025-12-23T11:51:27.682108Z,1.00,0.2100,0.7900,no
f9229e8a-c4f5-6c58-4a58-f17c170340e1,KXMICHCOACH-26-JBRO,2025-12-23T11:51:23.150233Z,82.00,0.2200,0.7800,yes
9022ca26-4f7c-6e03-58af-2ab4b2be9cd1,KXMICHCOACH-26-JBRO,2025-12-23T11:51:23.150233Z,139.00,0.2100,0.7900,yes
95d0041e-5d86-6f95-d4a4-fea0453257a7,KXMICHCOACH-26-JBRO,2025-12-23T11:49:32.383402Z,837.00,0.2100,0.7900,no
f0a11d67-1795-6135-25bb-dfdeac2bf93b,KXMICHCOACH-26-JBRO,2025-12-23T11:47:18.034019Z,444.00,0.2200,0.7800,no
7b8add4a-e57c-66f1-344e-6944487d3f03,KXMICHCOACH-26-JBRO,2025-12-23T11:47:18.034019Z,800.00,0.2200,0.7800,no
30fe9b5d-f5a4-6973-16ab-6fa08b675cd9,KXMICHCOACH-26-JBRO,2025-12-23T11:47:18.034019Z,3.00,0.2200,0.7800,no
d3e0548e-5b85-68e5-ebe5-897af7829952,KXMICHCOACH-26-JBRO,2025-12-23T11:42:06.129516Z,200.00,0.2300,0.7700,no
ba141445-45b4-6893-f117-339e9e27a9e1,KXMICHCOACH-26-JBRO,2025-12-23T11:42:06.129516Z,27.00,0.2300,0.7700,no
f95a0dd3-ce85-7c91-a458-56369fa3b1b7,KXMICHCOACH-26-JBRO,2025-12-23T11:38:28.33076Z,21.00,0.2400,0.7600,yes
59f40feb-a9f6-7614-ac20-dda38beda111,KXMICHCOACH-26-JBRO,2025-12-23T11:38:28.33076Z,20.00,0.2400,0.7600,yes
5bee1945-72ae-4264-f527-a45e60b57715,KXMICHCOACH-26-JBRO,2025-12-23T11:31:54.452223Z,90.00,0.2400,0.7600,yes
9f8432e5-b6da-51d8-b03f-18eca3dd2ec1,KXMICHCOACH-26-JBRO,2025-12-23T11:18:05.960399Z,379.00,0.2400,0.7600,yes
a7f1779b-c116-5eae-fdb4-5e013f12df84,KXMICHCOACH-26-JBRO,2025-12-23T11:09:13.738631Z,11.00,0.2400,0.7600,no
a6b6f648-153d-7f4f-9e00-90382ed5f760,KXMICHCOACH-26-JBRO,2025-12-23T10:55:08.106894Z,33.00,0.2600,0.7400,yes
5eb7d7d4-0031-6123-76b9-27ee5cef9ad4,KXMICHCOACH-26-JBRO,2025-12-23T10:42:03.704993Z,29.00,0.2600,0.7400,yes
286526f9-9c59-6d6f-7032-9a89aa3009dc,KXMICHCOACH-26-JBRO,2025-12-23T10:00:10.400324Z,51.00,0.2600,0.7400,yes
d489d691-f4b1-762b-f046-d53a82f0368c,KXMICHCOACH-26-JBRO,2025-12-23T08:27:04.121673Z,15.00,0.2600,0.7400,yes
6cc27842-2fb1-547b-6392-d84bc7a774e4,KXMICHCOACH-26-JBRO,2025-12-23T08:15:25.325759Z,201.00,0.2600,0.7400,yes
d41442b4-d909-54a3-eab8-5e139dfb71f8,KXMICHCOACH-26-JBRO,2025-12-23T07:44:47.139497Z,50.00,0.2600,0.7400,yes
dcc804bb-ed39-6ed3-8ff9-d69c22625d70,KXMICHCOACH-26-JBRO,2025-12-23T07:24:15.975106Z,10.00,0.2600,0.7400,yes
6e09e721-412d-548b-ca96-7876c901abc4,KXMICHCOACH-26-JBRO,2025-12-23T07:17:16.00916Z,62.00,0.2600,0.7400,yes
d8a92106-878e-6a08-5330-8051c61e9121,KXMICHCOACH-26-JBRO,2025-12-23T07:05:11.031545Z,1.00,0.2500,0.7500,yes
47d420c8-eb69-749b-27c7-f7bc01bcedfc,KXMICHCOACH-26-JBRO,2025-12-23T07:04:06.031561Z,142.00,0.2600,0.7400,yes
ed01cc9f-15b5-6013-4fbf-0baa6396fe78,KXMICHCOACH-26-JBRO,2025-12-23T07:02:27.798385Z,43.00,0.2300,0.7700,no
d1b04f8a-ed36-6014-53dc-62329f53de0a,KXMICHCOACH-26-JBRO,2025-12-23T07:02:27.798385Z,18.00,0.2200,0.7800,no
d097e454-8115-6fe7-5b5e-93515a3fbabf,KXMICHCOACH-26-JBRO,2025-12-23T07:02:27.798385Z,14.00,0.2300,0.7700,no
bc6ce36b-e7a0-6397-5665-3574c72da3e4,KXMICHCOACH-26-JBRO,2025-12-23T07:02:27.798385Z,24.00,0.2400,0.7600,no
90e76a72-bc45-6115-420f-b4dcfe4e5c60,KXMICHCOACH-26-JBRO,2025-12-23T07:02:27.798385Z,25.00,0.2300,0.7700,no
902b3f30-1b6a-6e2e-7d35-292314b386b7,KXMICHCOACH-26-JBRO,2025-12-23T07:02:27.798385Z,22.00,0.2400,0.7600,no
22856051-0eee-64d5-4f99-c5e852fea92f,KXMICHCOACH-26-JBRO,2025-12-23T07:02:27.798385Z,163.00,0.2100,0.7900,no
fad7bf35-e8cd-64f7-feb2-d668bfd9ad28,KXMICHCOACH-26-JBRO,2025-12-23T06:57:40.210112Z,182.00,0.2600,0.7400,yes
1e229c1f-095d-5b8f-e075-2939fb3eb7d4,KXMICHCOACH-26-JBRO,2025-12-23T06:55:13.106597Z,91.00,0.2600,0.7400,yes
f4bab467-6425-5eb3-3ad1-388a2118a198,KXMICHCOACH-26-JBRO,2025-12-23T06:54:13.027228Z,3.00,0.2600,0.7400,yes
14821b01-fdd9-5f2b-dd49-1fd47a3469f0,KXMICHCOACH-26-JBRO,2025-12-23T06:54:01.43547Z,1.00,0.2600,0.7400,yes
e6b10961-16a7-53ef-830b-b9fd6e44edbd,KXMICHCOACH-26-JBRO,2025-12-23T06:45:36.897951Z,26.00,0.2500,0.7500,yes
c53e7f00-c2e4-412d-ae8e-4187a16e2f5e,KXMICHCOACH-26-JBRO,2025-12-23T06:42:45.881635Z,130.00,0.2500,0.7500,no
749d37b6-d194-6869-d685-622ed6904446,KXMICHCOACH-26-JBRO,2025-12-23T06:41:38.670892Z,95.00,0.2500,0.7500,yes
201c2ceb-b360-5eb5-0b90-f48895f03582,KXMICHCOACH-26-JBRO,2025-12-23T06:37:08.502061Z,86.00,0.2700,0.7300,yes
d00f3e91-93b7-772e-8dd9-cf6ae1eb5639,KXMICHCOACH-26-JBRO,2025-12-23T06:36:45.697488Z,8.00,0.2600,0.7400,yes
ff1e34b8-3fed-515e-3151-3d463cacee27,KXMICHCOACH-26-JBRO,2025-12-23T06:23:28.361044Z,500.00,0.2100,0.7900,no
e053462a-818a-5c7f-2d2b-90a20aba0d42,KXMICHCOACH-26-JBRO,2025-12-23T06:23:28.361044Z,8.00,0.2500,0.7500,no
d82236dd-da6b-5a82-1a47-720174dc5dac,KXMICHCOACH-26-JBRO,2025-12-23T06:23:28.361044Z,40.00,0.2300,0.7700,no
d62e5831-bd50-5e47-3aa0-72fa2d6b596d,KXMICHCOACH-26-JBRO,2025-12-23T06:23:28.361044Z,220.00,0.2100,0.7900,no
99a198d5-47d4-5df5-1271-2bcfd986b12a,KXMICHCOACH-26-JBRO,2025-12-23T06:23:28.361044Z,40.00,0.2300,0.7700,no
63fa6e5b-3e1b-50d2-3c9a-9f183881e31c,KXMICHCOACH-26-JBRO,2025-12-23T06:23:28.361044Z,222.00,0.2200,0.7800,no
53b4df3e-b1a5-59f2-2a9d-6c1d8aa6d5ce,KXMICHCOACH-26-JBRO,2025-12-23T06:23:28.361044Z,40.00,0.2300,0.7700,no
4a52defa-5610-55ed-3a86-4e7762ef90d1,KXMICHCOACH-26-JBRO,2025-12-23T06:23:28.361044Z,44.00,0.2400,0.7600,no
495af71e-225a-4a5a-fec7-3f40f31054ed,KXMICHCOACH-26-JBRO,2025-12-23T06:19:42.306646Z,91.00,0.2600,0.7400,yes
489e21eb-e99e-4a7e-5443-d1f787fea3e5,KXMICHCOACH-26-JBRO,2025-12-23T06:16:31.04146Z,17.00,0.2600,0.7400,yes
a1b61405-cdc2-460a-8158-11b1178ae08d,KXMICHCOACH-26-JBRO,2025-12-23T06:08:32.800398Z,3.00,0.2600,0.7400,yes
7f555a59-f49a-5ed6-be05-b04feb21f49d,KXMICHCOACH-26-JBRO,2025-12-23T05:55:13.659228Z,358.00,0.2600,0.7400,yes
29f88009-d066-7866-b3d4-c4a0e2c062ed,KXMICHCOACH-26-JBRO,2025-12-23T05:52:11.659858Z,28.00,0.2400,0.7600,yes
8c970a56-b3c4-4dd1-5ec9-903cf8bfd24e,KXMICHCOACH-26-JBRO,2025-12-23T05:50:38.155151Z,197.00,0.2400,0.7600,yes
e0d91e91-74da-7834-2c81-a2c036e6b110,KXMICHCOACH-26-JBRO,2025-12-23T05:47:50.789436Z,40.00,0.2600,0.7400,yes
b7bf16fc-c47c-7231-13ae-0cc7300d2fa6,KXMICHCOACH-26-JBRO,2025-12-23T05:47:50.789436Z,562.00,0.2700,0.7300,yes
6c8843e4-5166-7c43-03cf-ee2a68dd6a26,KXMICHCOACH-26-JBRO,2025-12-23T05:47:50.789436Z,84.00,0.2500,0.7500,yes
3b775972-b8d8-796e-1b4b-5529a032f4e2,KXMICHCOACH-26-JBRO,2025-12-23T05:47:50.789436Z,40.00,0.2600,0.7400,yes
2f785548-c971-7c78-2b54-0b6e2af502b0,KXMICHCOACH-26-JBRO,2025-12-23T05:47:50.789436Z,40.00,0.2600,0.7400,yes
19f9abdf-cf69-78bf-3893-0bba68c0e80b,KXMICHCOACH-26-JBRO,2025-12-23T05:47:50.789436Z,111.00,0.2600,0.7400,yes
3d2c5051-ece5-7dc2-0699-47bec4b467f5,KXMICHCOACH-26-JBRO,2025-12-23T05:47:46.772379Z,2.00,0.2100,0.7900,no
4a588ca7-3776-4e47-ddd4-baa7228e1b5e,KXMICHCOACH-26-JBRO,2025-12-23T05:47:36.92589Z,3.00,0.2500,0.7500,yes
6bef3361-8ce4-7abe-ca7a-125215c5ae09,KXMICHCOACH-26-JBRO,2025-12-23T05:42:44.596365Z,3.00,0.2300,0.7700,no
88863b7f-1252-72b6-0058-cb798d60293d,KXMICHCOACH-26-JBRO,2025-12-23T05:42:18.085298Z,118.00,0.2400,0.7600,yes
392f2778-4e96-7ff6-7e7b-893567b0cf01,KXMICHCOACH-26-JBRO,2025-12-23T05:41:24.814905Z,177.00,0.2400,0.7600,yes
233f5038-6ec2-76bc-62cb-a1c94ab4f0b2,KXMICHCOACH-26-JBRO,2025-12-23T05:37:16.38159Z,19.00,0.2500,0.7500,yes
a9061d2f-4380-5efc-ede5-66fd853be990,KXMICHCOACH-26-JBRO,2025-12-23T05:33:08.767269Z,40.00,0.2300,0.7700,no
a4c897de-c127-562c-dbc2-4c7a8357b2de,KXMICHCOACH-26-JBRO,2025-12-23T05:33:08.767269Z,40.00,0.2300,0.7700,no
a0a9612c-278b-57bd-e80c-763ee941f6db,KXMICHCOACH-26-JBRO,2025-12-23T05:33:08.767269Z,40.00,0.2300,0.7700,no
970d3683-e6b5-593c-c8fc-2bdc56572435,KXMICHCOACH-26-JBRO,2025-12-23T05:33:08.767269Z,10.00,0.2200,0.7800,no
7014c988-84c3-5116-ed49-1f08a79d2fc6,KXMICHCOACH-26-JBRO,2025-12-23T05:33:08.767269Z,6.00,0.2500,0.7500,no
6f87c871-e9b7-52a6-d97c-d346b3b39f38,KXMICHCOACH-26-JBRO,2025-12-23T05:33:08.767269Z,51.00,0.2100,0.7900,no
0cad473d-8505-5699-ff93-75d8a68742d0,KXMICHCOACH-26-JBRO,2025-12-23T05:33:08.767269Z,86.00,0.2400,0.7600,no
0489d7a3-af5c-5087-d2b7-3a5a275baba1,KXMICHCOACH-26-JBRO,2025-12-23T05:33:08.767269Z,294.00,0.2100,0.7900,no
b3f7e14a-d56f-7c09-39e2-43ab2af548cf,KXMICHCOACH-26-JBRO,2025-12-23T05:24:43.337336Z,10.00,0.2800,0.7200,yes
65b23c9c-8b5d-70be-192d-66d036dc0029,KXMICHCOACH-26-JBRO,2025-12-23T05:24:43.337336Z,74.00,0.2800,0.7200,yes
da1d4652-e15d-521e-7412-223d81c88772,KXMICHCOACH-26-JBRO,2025-12-23T05:23:39.200178Z,555.00,0.2200,0.7800,no
6f450ffc-8214-518f-4e3e-334d7ed6e451,KXMICHCOACH-26-JBRO,2025-12-23T05:23:39.200178Z,10.00,0.2300,0.7700,no
602aa397-00a5-5bcd-5187-a0300d73f29d,KXMICHCOACH-26-JBRO,2025-12-23T05:23:39.200178Z,1000.00,0.2300,0.7700,no
3c039f72-b472-5284-4f0b-1433fb0ee0b4,KXMICHCOACH-26-JBRO,2025-12-23T05:23:39.200178Z,12.00,0.2400,0.7600,no
2959f281-0c87-5d4a-688b-372b6cfd3000,KXMICHCOACH-26-JBRO,2025-12-23T05:23:39.200178Z,949.00,0.2100,0.7900,no
18827be4-0126-592e-c771-2bcecf4331f8,KXMICHCOACH-26-JBRO,2025-12-23T05:23:30.585785Z,25.00,0.2400,0.7600,no
c453fcad-4616-5f23-9306-5ec88cfe63d2,KXMICHCOACH-26-JBRO,2025-12-23T05:23:08.994365Z,49.00,0.2500,0.7500,no
f6f3b54b-d2ac-5650-6083-99ce0143cc7d,KXMICHCOACH-26-JBRO,2025-12-23T05:21:21.244611Z,10.00,0.3000,0.7000,yes
e38fda62-db3e-5bc6-686a-53c22c635f7b,KXMICHCOACH-26-JBRO,2025-12-23T05:21:21.244611Z,40.00,0.3000,0.7000,yes
db2a0324-423f-5426-713a-61446c05c0bd,KXMICHCOACH-26-JBRO,2025-12-23T05:21:21.244611Z,15.00,0.3000,0.7000,yes
d7a49442-95ec-5c3e-68e2-e16c3d562804,KXMICHCOACH-26-JBRO,2025-12-23T05:21:21.244611Z,995.00,0.2900,0.7100,yes
add245dd-8aa5-5dd3-6a71-053cea90ea69,KXMICHCOACH-26-JBRO,2025-12-23T05:21:21.244611Z,45.00,0.3000,0.7000,yes
0cd656b2-6999-5772-6ad2-366cfe063a28,KXMICHCOACH-26-JBRO,2025-12-23T05:21:21.244611Z,500.00,0.2900,0.7100,yes
df3e6571-5ad8-4572-c539-7bf54270a7a8,KXMICHCOACH-26-JBRO,2025-12-23T05:18:39.492186Z,5.00,0.2900,0.7100,yes
f397127e-7838-7758-5576-57938685baa5,KXMICHCOACH-26-JBRO,2025-12-23T05:15:51.351169Z,13.00,0.3000,0.7000,yes
aab6b3c4-6400-7348-7791-7eb7d8b7f103,KXMICHCOACH-26-JBRO,2025-12-23T05:15:51.351169Z,2.00,0.3000,0.7000,yes
03606e58-6198-681c-2fc8-2abe231368a7,KXMICHCOACH-26-JBRO,2025-12-23T05:15:26.334173Z,2.00,0.3000,0.7000,yes
fe48f407-e944-5798-75be-6c4982848927,KXMICHCOACH-26-JBRO,2025-12-23T05:12:53.733545Z,24.00,0.3000,0.7000,yes
d832ba4f-91a7-5f9b-4c65-0e587bcc1a5d,KXMICHCOACH-26-JBRO,2025-12-23T05:12:53.733545Z,26.00,0.3000,0.7000,yes
d47fcd99-bf03-5277-26c4-2851e1512b5d,KXMICHCOACH-26-JBRO,2025-12-23T05:12:44.152237Z,20.00,0.3000,0.7000,yes
a6bd1ee0-1f28-5c4f-2163-2916c8c1a93b,KXMICHCOACH-26-JBRO,2025-12-23T05:12:44.152237Z,5.00,0.3000,0.7000,yes
3775c581-1bf0-630f-6873-8a1b4c8cb1f3,KXMICHCOACH-26-JBRO,2025-12-23T05:09:17.815877Z,37.00,0.3000,0.7000,yes
680ac6a7-7ecd-5683-80ad-4f0d58245931,KXMICHCOACH-26-JBRO,2025-12-23T05:05:30.154493Z,30.00,0.3100,0.6900,yes
695a79fa-e631-781d-4c36-6b398626608c,KXMICHCOACH-26-JBRO,2025-12-23T05:05:09.955307Z,3.00,0.3000,0.7000,yes
b86d03c1-b105-68fb-72d0-58931f038595,KXMICHCOACH-26-JBRO,2025-12-23T05:03:42.48818Z,61.00,0.3100,0.6900,yes
bfb50d49-0265-4413-3e81-530ee6208121,KXMICHCOACH-26-JBRO,2025-12-23T05:02:34.198788Z,240.00,0.3100,0.6900,yes
f1f61276-857d-5707-15f6-887ee57cd3f5,KXMICHCOACH-26-JBRO,2025-12-23T05:00:51.782481Z,125.00,0.3100,0.6900,yes
e24db29d-7343-6f6a-9b5a-7d253c1dc26d,KXMICHCOACH-26-JBRO,2025-12-23T04:59:11.315223Z,10.00,0.2800,0.7200,yes
d9cdade6-2449-6bdb-99a0-9c666e224d8c,KXMICHCOACH-26-JBRO,2025-12-23T04:59:11.315223Z,289.00,0.3400,0.6600,yes
7c095587-1b11-6aa2-820e-ef24f14bb85f,KXMICHCOACH-26-JBRO,2025-12-23T04:59:11.315223Z,300.00,0.3300,0.6700,yes
52c18d5d-dd89-6db0-81c8-0c62d3df056e,KXMICHCOACH-26-JBRO,2025-12-23T04:59:11.315223Z,603.00,0.3000,0.7000,yes
491cf9c8-e817-6580-9a3f-3e6ed0ed5c57,KXMICHCOACH-26-JBRO,2025-12-23T04:59:11.315223Z,444.00,0.3200,0.6800,yes
47b3f54b-b8dc-6cd9-8075-42fa79b0f74b,KXMICHCOACH-26-JBRO,2025-12-23T04:59:11.315223Z,300.00,0.2900,0.7100,yes
2fe2f682-e79b-6c84-a4a4-7eac3160f2b5,KXMICHCOACH-26-JBRO,2025-12-23T04:59:11.315223Z,300.00,0.3300,0.6700,yes
1318d716-c00c-63ad-8859-8076041ebd55,KXMICHCOACH-26-JBRO,2025-12-23T04:59:11.315223Z,91.00,0.2900,0.7100,yes
892dfb7a-6400-6329-5536-f165ea9a5d1d,KXMICHCOACH-26-JBRO,2025-12-23T04:57:00.728726Z,7.00,0.2200,0.7800,no
61fbff77-8e26-6d62-4a1a-408e8c5e5250,KXMICHCOACH-26-JBRO,2025-12-23T04:57:00.728726Z,100.00,0.2300,0.7700,no
245b6c5b-73d8-6e66-7694-9a84e18e2412,KXMICHCOACH-26-JBRO,2025-12-23T04:57:00.728726Z,8.00,0.2400,0.7600,no
8b81b7d5-f595-6c3c-16bd-c94f0b2cff2a,KXMICHCOACH-26-JBRO,2025-12-23T04:54:06.327105Z,95.00,0.3000,0.7000,yes
ac7c841b-bcf0-48ae-46aa-04ad9da9ef86,KXMICHCOACH-26-JBRO,2025-12-23T04:53:23.556292Z,39.00,0.2900,0.7100,yes
9bc6d161-c621-46a8-6422-226246e1378e,KXMICHCOACH-26-JBRO,2025-12-23T04:53:23.556292Z,302.00,0.3000,0.7000,yes
9463bbbe-55cf-41da-633c-e0ef9935eb81,KXMICHCOACH-26-JBRO,2025-12-23T04:53:23.556292Z,447.00,0.3000,0.7000,yes
2f1d8a76-5fa9-4de1-700c-80512b48359c,KXMICHCOACH-26-JBRO,2025-12-23T04:53:23.556292Z,10.00,0.2900,0.7100,yes
c7fb20f7-b74a-4988-63d2-e3ad248308b7,KXMICHCOACH-26-JBRO,2025-12-23T04:52:38.981012Z,10.00,0.2300,0.7700,no
c66de9f4-e8b4-4e75-6884-a70e1810b6f5,KXMICHCOACH-26-JBRO,2025-12-23T04:52:38.981012Z,88.00,0.2200,0.7800,no
58e62494-6357-40de-7644-01e9b04c8d81,KXMICHCOACH-26-JBRO,2025-12-23T04:52:38.981012Z,15.00,0.2300,0.7700,no
95299aec-e02f-5da9-4233-cc0a901c3af4,KXMICHCOACH-26-JBRO,2025-12-23T04:52:09.111065Z,31.00,0.2300,0.7700,no
75dac2c0-7254-55a9-7a1a-baba922977e9,KXMICHCOACH-26-JBRO,2025-12-23T04:52:09.111065Z,113.00,0.2200,0.7800,no
21a9a5ab-a535-5480-6204-0e693c5e3b3d,KXMICHCOACH-26-JBRO,2025-12-23T04:52:09.111065Z,10.00,0.2300,0.7700,no
9a206d0d-923f-44c2-e016-293599ccc329,KXMICHCOACH-26-JBRO,2025-12-23T04:51:23.648012Z,53.00,0.3000,0.7000,yes
084fe238-3f96-4b78-e46e-f4b0f34da011,KXMICHCOACH-26-JBRO,2025-12-23T04:51:23.648012Z,10.00,0.3000,0.7000,yes
ffcb82a3-69bb-43d8-4faf-2753bd9cbcc9,KXMICHCOACH-26-JBRO,2025-12-23T04:50:33.121474Z,10.00,0.2600,0.7400,no
e395f4c8-7985-4362-6d13-893267ae73df,KXMICHCOACH-26-JBRO,2025-12-23T04:50:33.121474Z,62.00,0.2700,0.7300,no
d0de4731-992b-467b-5ff9-731b9f8439ad,KXMICHCOACH-26-JBRO,2025-12-23T04:50:33.121474Z,41.00,0.2800,0.7200,no
037ae850-b094-4f59-4fe6-e34286023e6d,KXMICHCOACH-26-JBRO,2025-12-23T04:50:33.121474Z,7.00,0.2200,0.7800,no
3d9f2c34-2706-6a20-42dd-8edd9064a5e7,KXMICHCOACH-26-JBRO,2025-12-23T04:48:20.92736Z,48.00,0.3400,0.6600,yes
1846b14a-d059-6b16-ad69-ddf5e710feff,KXMICHCOACH-26-JBRO,2025-12-23T04:47:59.798988Z,227.00,0.3000,0.7000,yes
c9067549-940e-690c-49bd-c3ab385bb26c,KXMICHCOACH-26-JBRO,2025-12-23T04:45:59.676737Z,5.00,0.2900,0.7100,yes
bda8f130-394d-6206-6fef-6a5df7c21273,KXMICHCOACH-26-JBRO,2025-12-23T04:45:59.676737Z,773.00,0.3000,0.7000,yes
c76b4cad-56c7-61be-0983-e828b3959b2c,KXMICHCOACH-26-JBRO,2025-12-23T04:43:24.0052Z,30.00,0.3000,0.7000,no
61aa5e28-6013-6306-461e-3fe80b94f570,KXMICHCOACH-26-JBRO,2025-12-23T04:42:55.277419Z,30.00,0.3000,0.7000,no
a1b7272a-2fea-6424-55a4-19de64c0703c,KXMICHCOACH-26-JBRO,2025-12-23T04:41:08.438876Z,5.00,0.3400,0.6600,yes
75131ff1-7c1b-7dbe-8d31-ba13c25c4cf8,KXMICHCOACH-26-JBRO,2025-12-23T04:40:03.084128Z,120.00,0.3500,0.6500,yes
ef91f8a9-9af3-7c15-31a1-717d7fced913,KXMICHCOACH-26-JBRO,2025-12-23T04:39:49.589368Z,24.00,0.3000,0.7000,yes
ebd21028-e08f-7019-0a10-550a230d3027,KXMICHCOACH-26-JBRO,2025-12-23T04:39:49.589368Z,28.00,0.3100,0.6900,yes
84d884c5-6643-76ce-245e-db7ad96c62dc,KXMICHCOACH-26-JBRO,2025-12-23T04:39:49.589368Z,215.00,0.3500,0.6500,yes
29680d75-9ac5-7870-142b-6dc372df8a95,KXMICHCOACH-26-JBRO,2025-12-23T04:39:49.589368Z,75.00,0.3100,0.6900,yes
5496e826-a2ff-77a1-2dc7-62490a59dc27,KXMICHCOACH-26-JBRO,2025-12-23T04:39:46.851305Z,149.00,0.3000,0.7000,yes
098cf9fd-2b45-716f-2f4f-62c71f9db5f7,KXMICHCOACH-26-JBRO,2025-12-23T04:39:46.851305Z,10.00,0.2900,0.7100,yes
65a0b3ce-486f-7c8d-0872-c7afb347b8e3,KXMICHCOACH-26-JBRO,2025-12-23T04:38:23.974398Z,29.00,0.3200,0.6800,yes
7d903460-db63-5be9-440b-6eb2249094b7,KXMICHCOACH-26-JBRO,2025-12-23T04:37:51.225671Z,6.00,0.3400,0.6600,yes
eb4fd522-433f-44c4-3db1-17fba6d8de1c,KXMICHCOACH-26-JBRO,2025-12-23T04:37:46.856627Z,10.00,0.2100,0.7900,no
ceed19c2-65a0-5bc1-8964-f53550448d8a,KXMICHCOACH-26-JBRO,2025-12-23T04:37:01.703739Z,96.00,0.2200,0.7800,no
a76d60b9-b615-5340-b0d9-8b76986b6d04,KXMICHCOACH-26-JBRO,2025-12-23T04:37:01.703739Z,208.00,0.2100,0.7900,no
7ebf4856-8551-53b8-bb15-5275f949c24d,KXMICHCOACH-26-JBRO,2025-12-23T04:37:01.703739Z,10.00,0.2600,0.7400,no
8141bd89-ab9c-652a-10b3-5720a4a98643,KXMICHCOACH-26-JBRO,2025-12-23T04:36:54.226801Z,15.00,0.2700,0.7300,no
658d557b-6bf7-608b-8970-ad10ecb90aed,KXMICHCOACH-26-JBRO,2025-12-23T04:36:06.631628Z,42.00,0.3000,0.7000,no
eb58e6c8-9e70-63d7-1957-34b7e45b4dd2,KXMICHCOACH-26-JBRO,2025-12-23T04:30:48.005289Z,26.00,0.3600,0.6400,yes
76a42530-c802-73d2-059e-ae861fc4ff15,KXMICHCOACH-26-JBRO,2025-12-23T04:30:41.153514Z,18.00,0.3500,0.6500,yes
719de9fc-95e4-7d0b-19ff-a0cc08f07d4e,KXMICHCOACH-26-JBRO,2025-12-23T04:30:41.153514Z,22.00,0.3600,0.6400,yes
f5b6426e-812b-423c-91e4-ff1e503db75e,KXMICHCOACH-26-JBRO,2025-12-23T04:29:48.67502Z,107.00,0.3100,0.6900,yes
bf73591f-8137-46bf-b55a-77e2e078ef42,KXMICHCOACH-26-JBRO,2025-12-23T04:29:48.67502Z,371.00,0.3500,0.6500,yes
9f84f6d2-565e-4084-81e1-25991b677d44,KXMICHCOACH-26-JBRO,2025-12-23T04:29:48.67502Z,100.00,0.3200,0.6800,yes
4a12e42e-0ef6-4212-850c-29d1496911e9,KXMICHCOACH-26-JBRO,2025-12-23T04:29:48.67502Z,82.00,0.3500,0.6500,yes
319e1897-a41f-42b3-9282-d86d4cff2353,KXMICHCOACH-26-JBRO,2025-12-23T04:29:48.67502Z,32.00,0.3200,0.6800,yes
d988df26-2768-5b38-84a6-0b469345b655,KXMICHCOACH-26-JBRO,2025-12-23T04:29:05.16597Z,10.00,0.3100,0.6900,yes
62ee8d0f-439f-5d8c-841d-239c0c807ca6,KXMICHCOACH-26-JBRO,2025-12-23T04:29:05.16597Z,143.00,0.3100,0.6900,yes
be5a82a7-e512-7741-c798-27a70c1c723b,KXMICHCOACH-26-JBRO,2025-12-23T04:27:46.407016Z,150.00,0.3400,0.6600,yes
8a124498-ed17-744b-ff9a-f9571fb2ba5a,KXMICHCOACH-26-JBRO,2025-12-23T04:27:46.407016Z,138.00,0.3500,0.6500,yes
433306bd-e8ed-73a1-dc3c-3aaeda01ef14,KXMICHCOACH-26-JBRO,2025-12-23T04:27:46.407016Z,36.00,0.3300,0.6700,yes
309abc46-d230-76f6-d2a5-4d868d5f5429,KXMICHCOACH-26-JBRO,2025-12-23T04:27:46.407016Z,100.00,0.3200,0.6800,yes
d2bdbd5b-adf4-6db4-9a5f-c09b25f6770b,KXMICHCOACH-26-JBRO,2025-12-23T04:27:34.483909Z,21.00,0.2900,0.7100,no
e4aef086-b393-7d8f-96fc-6d26e49f793a,KXMICHCOACH-26-JBRO,2025-12-23T04:25:48.774749Z,379.00,0.3500,0.6500,yes
e2d54e15-118c-761a-bbf4-b994b835365e,KXMICHCOACH-26-JBRO,2025-12-23T04:25:48.774749Z,87.00,0.3100,0.6900,yes
6fd168e9-036d-740e-8948-a959be7e308e,KXMICHCOACH-26-JBRO,2025-12-23T04:25:48.774749Z,70.00,0.3100,0.6900,yes
6affa309-0426-7e1f-afed-3704638ab0a0,KXMICHCOACH-26-JBRO,2025-12-23T04:25:48.774749Z,32.00,0.3000,0.7000,yes
fc47b3db-1056-7de3-9b1f-f7c67caeeb4c,KXMICHCOACH-26-JBRO,2025-12-23T04:24:51.215022Z,127.00,0.3000,0.7000,yes
970b3c08-bcaa-6397-a8bd-75a1e017da20,KXMICHCOACH-26-JBRO,2025-12-23T04:24:47.993061Z,41.00,0.3000,0.7000,yes
3cda9c65-3a83-5bcf-6c7c-f3301f5e2d94,KXMICHCOACH-26-JBRO,2025-12-23T04:24:43.252389Z,1575.00,0.1600,0.8400,no
d155f114-9670-4300-b684-0d3c764aef73,KXMICHCOACH-26-JBRO,2025-12-23T04:24:39.983895Z,37.00,0.1800,0.8200,no
cc780c82-af91-4f8b-8ed1-7d3191bbe3c4,KXMICHCOACH-26-JBRO,2025-12-23T04:24:39.983895Z,100.00,0.1700,0.8300,no
1b8a628f-5597-4b77-a62a-6a2dc274ad20,KXMICHCOACH-26-JBRO,2025-12-23T04:24:39.983895Z,511.00,0.1600,0.8400,no
fe01180f-d15a-42e6-17c6-cf65bcbea3b8,KXMICHCOACH-26-JBRO,2025-12-23T04:22:37.252521Z,88.00,0.2000,0.8000,no
fd73b0ce-0a9a-40c2-22f6-918a5ea331bf,KXMICHCOACH-26-JBRO,2025-12-23T04:22:37.252521Z,243.00,0.1600,0.8400,no
e26dbf62-2f1e-40f4-3792-dfcea7036c1d,KXMICHCOACH-26-JBRO,2025-12-23T04:22:37.252521Z,35.00,0.1600,0.8400,no
e13e076a-8cb1-4e28-21ae-e0f9ccc2caa2,KXMICHCOACH-26-JBRO,2025-12-23T04:22:37.252521Z,312.00,0.1500,0.8500,no
b907d322-ef74-4c49-12aa-901ab1dbdfb3,KXMICHCOACH-26-JBRO,2025-12-23T04:22:37.252521Z,1000.00,0.1900,0.8100,no
83d6dcab-e6fb-46d9-0392-c7de0c5a492f,KXMICHCOACH-26-JBRO,2025-12-23T04:22:37.252521Z,100.00,0.1800,0.8200,no
627e8a6f-7a5a-4b53-3d1f-fc391a4d56ae,KXMICHCOACH-26-JBRO,2025-12-23T04:22:37.252521Z,72.00,0.2100,0.7900,no
3162b369-35b1-47ef-0eb0-5bc2c299dde8,KXMICHCOACH-26-JBRO,2025-12-23T04:22:37.252521Z,50.00,0.1600,0.8400,no
23dbdb90-cdea-4387-3ec2-2c7daf31d511,KXMICHCOACH-26-JBRO,2025-12-23T04:22:37.252521Z,300.00,0.1600,0.8400,no
f6af1fe3-1775-50e6-3614-2cfdefcb6d98,KXMICHCOACH-26-JBRO,2025-12-23T04:21:29.541897Z,310.00,0.3700,0.6300,yes
71e01d2f-0973-4984-9b20-36103ca866cf,KXMICHCOACH-26-JBRO,2025-12-23T04:21:23.298106Z,876.00,0.3600,0.6400,yes
1d0bde2c-ae29-764b-4562-b7ed27809eaf,KXMICHCOACH-26-JBRO,2025-12-23T04:21:14.779106Z,68.00,0.3500,0.6500,yes
803a08c9-db4c-550b-dea5-c286b88e4dac,KXMICHCOACH-26-JBRO,2025-12-23T04:19:52.184306Z,63.00,0.2200,0.7800,no
5f0151b3-8b02-5e26-fc9e-1cd3acd5de7c,KXMICHCOACH-26-JBRO,2025-12-23T04:19:52.184306Z,112.00,0.2000,0.8000,no
458e40fc-2a47-5e79-ca4d-63e9b3c7fa66,KXMICHCOACH-26-JBRO,2025-12-23T04:19:52.184306Z,74.00,0.2100,0.7900,no
fa5a7979-bc56-679d-7680-410e191c9e26,KXMICHCOACH-26-JBRO,2025-12-23T04:19:05.878613Z,25.00,0.3200,0.6800,yes
5ef4b7dc-1edf-663f-4721-7d95f2e8b9f0,KXMICHCOACH-26-JBRO,2025-12-23T04:19:05.878613Z,100.00,0.3200,0.6800,yes
5a3b6a3e-8044-402e-2bcd-64d5ffc4cf2f,KXMICHCOACH-26-JBRO,2025-12-23T04:17:55.598614Z,66.00,0.3100,0.6900,yes
58c86953-aca7-40c4-7ac6-dd7af95e1203,KXMICHCOACH-26-JBRO,2025-12-23T04:16:29.475117Z,12.00,0.3600,0.6400,yes
503be5c1-b3d4-4e3c-6272-7fab11ea5bca,KXMICHCOACH-26-JBRO,2025-12-23T04:16:29.475117Z,40.00,0.2700,0.7300,yes
1f9b558d-2e70-4a50-41f5-23726e7f1c0f,KXMICHCOACH-26-JBRO,2025-12-23T04:16:29.475117Z,37.00,0.3600,0.6400,yes
4d83e258-6746-636b-e3dd-d621aaf65623,KXMICHCOACH-26-JBRO,2025-12-23T04:15:14.129516Z,394.00,0.3600,0.6400,yes
be0a0470-1cae-62e7-0236-de3c5272d267,KXMICHCOACH-26-JBRO,2025-12-23T04:15:09.428541Z,100.00,0.2800,0.7200,yes
a2d27253-3a43-644f-0f65-032a82f37720,KXMICHCOACH-26-JBRO,2025-12-23T04:15:09.428541Z,81.00,0.3500,0.6500,yes
8c5ff656-0cae-67b7-2608-75a945ea0d0b,KXMICHCOACH-26-JBRO,2025-12-23T04:15:09.428541Z,108.00,0.3600,0.6400,yes
d0d1ccd7-5bf7-4b1b-c85c-264a40d07bdc,KXMICHCOACH-26-JBRO,2025-12-23T04:14:55.376871Z,400.00,0.2500,0.7500,yes
7e0b3c2c-f202-5127-97b7-7c34f561e579,KXMICHCOACH-26-JBRO,2025-12-23T04:14:55.121451Z,20.00,0.2500,0.7500,yes
453cab37-4b83-5e10-9372-f526f8b901fd,KXMICHCOACH-26-JBRO,2025-12-23T04:14:55.121451Z,100.00,0.2500,0.7500,yes
348456e1-1b97-51bf-8b01-1c4c8ec2e55c,KXMICHCOACH-26-JBRO,2025-12-23T04:14:55.121451Z,155.00,0.2500,0.7500,yes
101be8ea-5f70-591d-9520-15d28b940018,KXMICHCOACH-26-JBRO,2025-12-23T04:14:55.121451Z,25.00,0.2500,0.7500,yes
f57c219c-100e-5bef-8451-b09f9cb83a25,KXMICHCOACH-26-JBRO,2025-12-23T04:14:13.157405Z,952.00,0.2500,0.7500,yes
ee5f9df6-31ba-57e2-9032-01cf0b0a4342,KXMICHCOACH-26-JBRO,2025-12-23T04:14:13.157405Z,655.00,0.2300,0.7700,yes
3753bd32-e411-5344-817b-44a4430312f0,KXMICHCOACH-26-JBRO,2025-12-23T04:14:13.157405Z,35.00,0.2400,0.7600,yes
3747b708-4a40-56d1-a9e6-49def7fe7f38,KXMICHCOACH-26-JBRO,2025-12-23T04:14:13.157405Z,2222.00,0.2400,0.7600,yes
e5049c9e-bc3e-634c-3f77-d73513cbdde1,KXMICHCOACH-26-JBRO,2025-12-23T04:12:14.513724Z,100.00,0.2200,0.7800,yes
5d28ace7-3d82-6c12-0935-53b4e2bb9f16,KXMICHCOACH-26-JBRO,2025-12-23T04:12:14.513724Z,151.00,0.2300,0.7700,yes
cdb6933f-4bfc-78b3-c262-3a26cb91d7d6,KXMICHCOACH-26-JBRO,2025-12-23T04:09:50.825692Z,58.00,0.1700,0.8300,no
c7977883-4bea-7ff0-d2b6-f89bdc6a5cf9,KXMICHCOACH-26-JBRO,2025-12-23T04:09:50.825692Z,46.00,0.1800,0.8200,no
5bfba5d1-9a6e-7769-f541-5e04983cc2ea,KXMICHCOACH-26-JBRO,2025-12-23T04:09:50.825692Z,19.00,0.1700,0.8300,no
32d58403-39b6-7e9a-c054-cdc36737cd67,KXMICHCOACH-26-JBRO,2025-12-23T04:09:50.825692Z,432.00,0.1600,0.8400,no
785f2b30-dd0e-62e0-f9cd-59c1bf0258b5,KXMICHCOACH-26-JBRO,2025-12-23T04:09:33.609799Z,51.00,0.2000,0.8000,no
609a2faf-98e2-6204-c31e-6134f6a135e9,KXMICHCOACH-26-JBRO,2025-12-23T04:09:33.609799Z,29.00,0.1800,0.8200,no
1349bb0d-50b6-7344-182a-2aceff707cd5,KXMICHCOACH-26-JBRO,2025-12-23T04:08:50.076954Z,49.00,0.2000,0.8000,no
a976c4fb-a2e2-66d2-5357-927757da7236,KXMICHCOACH-26-JBRO,2025-12-23T04:05:20.393554Z,41.00,0.2300,0.7700,yes
76b82983-50be-40d2-1d10-4d2f894b1b0e,KXMICHCOACH-26-JBRO,2025-12-23T04:00:34.43832Z,41.00,0.2300,0.7700,yes
9654d2bb-59ca-6b4b-1732-087e8cb2faed,KXMICHCOACH-26-JBRO,2025-12-23T03:56:48.690016Z,199.00,0.2500,0.7500,yes
30ca46e6-542e-66c7-9966-1b9f5429835d,KXMICHCOACH-26-JBRO,2025-12-23T03:55:32.519371Z,37.00,0.2500,0.7500,yes
93efb93b-6e0e-7d27-d989-b29a5def0c19,KXMICHCOACH-26-JBRO,2025-12-23T03:51:49.949705Z,77.00,0.2500,0.7500,yes
8128645a-0792-45ab-36d2-8332ea7e700d,KXMICHCOACH-26-JBRO,2025-12-23T03:50:09.102641Z,19.00,0.2500,0.7500,yes
e638277d-4603-7ee0-33ff-1d6b0e2e52a8,KXMICHCOACH-26-JBRO,2025-12-23T03:48:45.977439Z,2000.00,0.2200,0.7800,yes
d40b8868-250d-7f46-2e1b-06801d69d0da,KXMICHCOACH-26-JBRO,2025-12-23T03:48:45.977439Z,12.00,0.2300,0.7700,yes
c569a8b4-8d5c-7f53-0eb4-f2f204eba1e9,KXMICHCOACH-26-JBRO,2025-12-23T03:48:45.977439Z,1000.00,0.2400,0.7600,yes
bd8a7b2d-e459-700b-3bb2-8eeab9bb65ed,KXMICHCOACH-26-JBRO,2025-12-23T03:48:45.977439Z,1.00,0.2200,0.7800,yes
b32f19a9-aa91-74c7-38ec-b170345b0f2d,KXMICHCOACH-26-JBRO,2025-12-23T03:48:45.977439Z,79.00,0.2100,0.7900,yes
af440a5f-c38f-7f0c-06e1-155dcff2e0eb,KXMICHCOACH-26-JBRO,2025-12-23T03:48:45.977439Z,428.00,0.2100,0.7900,yes
98954187-ed67-78be-27f5-d6da4a9b9982,KXMICHCOACH-26-JBRO,2025-12-23T03:48:45.977439Z,4.00,0.2200,0.7800,yes
8252c474-50eb-7acf-238f-b317ff4cf700,KXMICHCOACH-26-JBRO,2025-12-23T03:48:45.977439Z,9.00,0.2100,0.7900,yes
7d251e2f-1d4a-76d5-3abe-92e88e0b5b67,KXMICHCOACH-26-JBRO,2025-12-23T03:48:45.977439Z,736.00,0.2200,0.7800,yes
73e504aa-e6c4-7b10-0148-c20df208dad7,KXMICHCOACH-26-JBRO,2025-12-23T03:48:45.977439Z,1.00,0.2200,0.7800,yes
4a9e5a3d-dd1e-7103-0e08-b2b523fbf4f1,KXMICHCOACH-26-JBRO,2025-12-23T03:48:45.977439Z,199.00,0.2500,0.7500,yes
46cb6406-e596-7c3c-3fa1-1eb14d685261,KXMICHCOACH-26-JBRO,2025-12-23T03:48:45.977439Z,500.00,0.2200,0.7800,yes
03133097-26fb-760a-03ea-510cd5062e63,KXMICHCOACH-26-JBRO,2025-12-23T03:48:45.977439Z,100.00,0.2400,0.7600,yes
800b1497-d93b-68d8-c4a7-c52c26a9c30b,KXMICHCOACH-26-JBRO,2025-12-23T03:43:52.555817Z,67.00,0.2100,0.7900,yes
d641b95b-68d3-5d7d-e815-891234e75a65,KXMICHCOACH-26-JBRO,2025-12-23T03:42:33.608496Z,9.00,0.2000,0.8000,yes
80d6f6dd-406b-5210-df68-113db2de5e87,KXMICHCOACH-26-JBRO,2025-12-23T03:42:33.608496Z,36.00,0.2100,0.7900,yes
34caf7ca-bfdf-799c-1334-91e9957d8d2a,KXMICHCOACH-26-JBRO,2025-12-23T03:41:09.063768Z,32.00,0.1800,0.8200,no
2e13652e-5ac2-7ccc-0241-727e04453e99,KXMICHCOACH-26-JBRO,2025-12-23T03:41:09.063768Z,51.00,0.1700,0.8300,no
14f098b1-9244-7d2b-3e36-810bb6bda4c1,KXMICHCOACH-26-JBRO,2025-12-23T03:41:09.063768Z,10.00,0.1900,0.8100,no
3b851c7d-7f6f-41d0-17eb-89cb326017fb,KXMICHCOACH-26-JBRO,2025-12-23T03:40:13.543924Z,135.00,0.2100,0.7900,yes
2e9f8cea-d956-5de9-4e36-c1e203da703f,KXMICHCOACH-26-JBRO,2025-12-23T03:38:01.84675Z,50.00,0.2200,0.7800,yes
cd1021df-6d2e-4c7d-07dc-25d10ed7c1fb,KXMICHCOACH-26-JBRO,2025-12-23T03:37:56.71634Z,20.00,0.2200,0.7800,yes
1a3eca16-f462-4515-1184-eb19f9df0d5b,KXMICHCOACH-26-JBRO,2025-12-23T03:37:50.887754Z,84.00,0.2200,0.7800,yes
9bfef71a-3e1e-5659-73d7-93af48fe20d3,KXMICHCOACH-26-JBRO,2025-12-23T03:36:52.664886Z,31.00,0.2100,0.7900,yes
455433a3-b37a-54a6-4cd3-ac634c034bbf,KXMICHCOACH-26-JBRO,2025-12-23T03:36:52.664886Z,83.00,0.2100,0.7900,yes
438a61d3-94b3-5d2d-65ac-479f40c7618e,KXMICHCOACH-26-JBRO,2025-12-23T03:36:52.664886Z,337.00,0.2100,0.7900,yes
298ffabc-c6fc-7ddf-40cf-31a0ebe99e62,KXMICHCOACH-26-JBRO,2025-12-23T03:36:48.286688Z,376.00,0.2000,0.8000,yes
877421f8-bd3c-524f-0f96-e176d6df0b2e,KXMICHCOACH-26-JBRO,2025-12-23T03:35:26.263768Z,47.00,0.2000,0.8000,yes
90c749ec-ba98-71c7-c537-929e4a40ce5a,KXMICHCOACH-26-JBRO,2025-12-23T03:34:28.761965Z,23.00,0.2000,0.8000,yes
27c240f9-e2b8-65a7-b2e7-8f82fe56f88e,KXMICHCOACH-26-JBRO,2025-12-23T03:34:22.798649Z,56.00,0.2000,0.8000,yes
f24fa0c9-5a52-584f-aae3-2516ef7bf077,KXMICHCOACH-26-JBRO,2025-12-23T03:34:04.831018Z,47.00,0.2000,0.8000,yes
141ad954-d4d2-66f3-7bac-e3008790630f,KXMICHCOACH-26-JBRO,2025-12-23T03:30:50.116963Z,23.00,0.2000,0.8000,yes
c0baa16d-c742-6347-ef5c-6e93214871fb,KXMICHCOACH-26-JBRO,2025-12-23T03:29:21.229898Z,23.00,0.2000,0.8000,yes
d2fe21d9-84c8-6207-a6e0-94d450934123,KXMICHCOACH-26-JBRO,2025-12-23T03:23:16.580866Z,7.00,0.2000,0.8000,yes
b757d87e-5bf0-66c6-a8b1-921b7be1959b,KXMICHCOACH-26-JBRO,2025-12-23T03:23:16.580866Z,10.00,0.2000,0.8000,yes
8fb5038b-b5be-6ed3-a983-566c00ceeb33,KXMICHCOACH-26-JBRO,2025-12-23T03:23:16.580866Z,12.00,0.2000,0.8000,yes
35797190-48e0-6835-8ed8-d9d510e64aaa,KXMICHCOACH-26-JBRO,2025-12-23T03:23:16.580866Z,28.00,0.2000,0.8000,yes
00337767-0b70-6f7e-8985-c3dca18e3341,KXMICHCOACH-26-JBRO,2025-12-23T03:23:16.580866Z,6.00,0.2000,0.8000,yes
00d8dfaf-cf10-473a-65c7-d550a1700ca5,KXMICHCOACH-26-JBRO,2025-12-23T03:21:16.448471Z,25.00,0.2000,0.8000,yes
ee4c6c89-181c-7d0e-5f43-7f0109be4525,KXMICHCOACH-26-JBRO,2025-12-23T03:20:38.797899Z,236.00,0.2000,0.8000,yes
99e541dc-d808-4616-80be-814588cde9a1,KXMICHCOACH-26-JBRO,2025-12-23T03:20:27.534007Z,5.00,0.2000,0.8000,yes
dc82b55d-3ef4-51d2-b698-1ad3f8e26831,KXMICHCOACH-26-JBRO,2025-12-23T03:17:30.54668Z,71.00,0.2000,0.8000,yes
c5deb50e-0760-6dca-23fd-0addb5d82a51,KXMICHCOACH-26-JBRO,2025-12-23T03:17:25.912628Z,236.00,0.2000,0.8000,yes
47321d5a-57a0-44c6-5231-c6e3c2b271d9,KXMICHCOACH-26-JBRO,2025-12-23T03:17:24.895873Z,71.00,0.2000,0.8000,yes
a0309fdb-55fa-40ce-e1f4-3fd1875cc3a7,KXMICHCOACH-26-JBRO,2025-12-23T03:16:58.585362Z,125.00,0.1600,0.8400,no
179f9276-3190-729e-bcc2-be7022326c51,KXMICHCOACH-26-JBRO,2025-12-23T03:14:17.894721Z,26.00,0.2000,0.8000,yes
f7bc8523-bfd8-6942-a806-9cd60a37eb75,KXMICHCOACH-26-JBRO,2025-12-23T03:11:34.65328Z,94.00,0.2000,0.8000,yes
f5b058d0-40ac-5eb4-b49b-bdbfefc0974c,KXMICHCOACH-26-JBRO,2025-12-23T03:08:46.080339Z,448.00,0.1900,0.8100,yes
b9981e6d-efb4-509a-8924-fd2f0220a1b9,KXMICHCOACH-26-JBRO,2025-12-23T03:08:46.080339Z,544.00,0.2000,0.8000,yes
21ffacad-3278-59df-a7d9-9ff813d89da7,KXMICHCOACH-26-JBRO,2025-12-23T03:08:46.080339Z,224.00,0.1900,0.8100,yes
94e3f13a-5874-6e4f-0324-812d82a4d71f,KXMICHCOACH-26-JBRO,2025-12-23T03:08:14.390199Z,74.00,0.1900,0.8100,yes
1288198f-ab48-5ecb-41c9-aa55fa213e67,KXMICHCOACH-26-JBRO,2025-12-23T03:06:41.160631Z,122.00,0.1900,0.8100,yes
ed8deba4-3a0b-5cd4-b3de-fecb97957a97,KXMICHCOACH-26-JBRO,2025-12-23T03:05:53.677684Z,420.00,0.1700,0.8300,no
1a13b4b0-320f-53d2-8379-8b1ceabc28ae,KXMICHCOACH-26-JBRO,2025-12-23T03:05:53.677684Z,250.00,0.1800,0.8200,no
a2718b7b-aa00-5b42-9aad-a000b9c064e5,KXMICHCOACH-26-JBRO,2025-12-23T03:03:17.584621Z,165.00,0.2000,0.8000,yes
67ddb4e6-d3e8-4f5a-b3fe-f0ab9b86ade1,KXMICHCOACH-26-JBRO,2025-12-23T03:02:29.819631Z,58.00,0.2000,0.8000,yes
3e823921-aafc-5222-c1b7-d0698a16fbad,KXMICHCOACH-26-JBRO,2025-12-23T03:01:16.328812Z,454.00,0.2000,0.8000,yes
45916c4e-f788-54ea-5f57-394ae140c501,KXMICHCOACH-26-JBRO,2025-12-23T03:00:51.525978Z,9.00,0.2000,0.8000,yes
a45d33ff-30ce-6888-fc7f-394bc28fd95a,KXMICHCOACH-26-JBRO,2025-12-23T03:00:48.882769Z,57.00,0.1900,0.8100,yes
67baea12-bc21-6887-c9ee-90c696b8906b,KXMICHCOACH-26-JBRO,2025-12-23T03:00:48.882769Z,19.00,0.1900,0.8100,yes
2fd28dba-eb6c-677b-e768-e7c24fc5208f,KXMICHCOACH-26-JBRO,2025-12-23T03:00:48.882769Z,4.00,0.1900,0.8100,yes
096ecec9-e4d8-62c4-c9ca-9f3bb07224c6,KXMICHCOACH-26-JBRO,2025-12-23T03:00:48.882769Z,284.00,0.1900,0.8100,yes
bab2f1bb-0f24-6208-3a7d-e5ec3a65a3be,KXMICHCOACH-26-JBRO,2025-12-23T02:59:20.644829Z,49.00,0.1900,0.8100,yes
720290e6-5e10-66a0-91c4-5e760cfd2c0a,KXMICHCOACH-26-JBRO,2025-12-23T02:58:58.934545Z,260.00,0.1900,0.8100,yes
215b5c74-dd28-4328-ab95-16840816591a,KXMICHCOACH-26-JBRO,2025-12-23T02:57:31.473843Z,388.00,0.1900,0.8100,yes
661a649c-fe6c-7f30-1ea2-de5866575c96,KXMICHCOACH-26-JBRO,2025-12-23T02:56:18.374028Z,249.00,0.1900,0.8100,yes
328d3f34-c974-6770-dfe6-cc9139979fbe,KXMICHCOACH-26-JBRO,2025-12-23T02:55:39.669858Z,512.00,0.1900,0.8100,yes
10e7269c-0470-47a0-711a-398303477d7a,KXMICHCOACH-26-JBRO,2025-12-23T02:53:17.035575Z,10.00,0.1900,0.8100,yes
92aa975c-7a8f-552c-3d7e-fb393eea6b32,KXMICHCOACH-26-JBRO,2025-12-23T02:51:47.418325Z,107.00,0.1800,0.8200,yes
8d0d741c-03a4-5d44-1429-2e64894e379a,KXMICHCOACH-26-JBRO,2025-12-23T02:51:47.418325Z,147.00,0.1900,0.8100,yes
ddcff083-ba2f-4e00-540a-76102197eb22,KXMICHCOACH-26-JBRO,2025-12-23T02:51:41.642375Z,156.00,0.1800,0.8200,yes
bb587559-2005-4cdc-b672-2d6df33b3123,KXMICHCOACH-26-JBRO,2025-12-23T02:51:35.99853Z,60.00,0.1700,0.8300,yes
52431936-9024-4476-8f65-04d6d5ef6b7a,KXMICHCOACH-26-JBRO,2025-12-23T02:51:35.99853Z,362.00,0.1700,0.8300,yes
39c58024-1a4b-4ee0-a4cf-ee0016f586f6,KXMICHCOACH-26-JBRO,2025-12-23T02:51:35.99853Z,158.00,0.1800,0.8200,yes
373bd2ff-a21e-4363-9a70-3db9cd235c43,KXMICHCOACH-26-JBRO,2025-12-23T02:51:35.99853Z,36.00,0.1800,0.8200,yes
78ba6080-d418-6426-7bcf-a9ec1201c2ea,KXMICHCOACH-26-JBRO,2025-12-23T02:51:06.268413Z,138.00,0.1700,0.8300,yes
cd0ac9bc-7ca7-7020-bcd3-3b872a7fa89e,KXMICHCOACH-26-JBRO,2025-12-23T02:50:41.220725Z,555.00,0.1700,0.8300,yes
2ad3c22c-0503-44fc-7af5-25d91cbcc0fa,KXMICHCOACH-26-JBRO,2025-12-23T02:47:38.922102Z,55.00,0.1700,0.8300,yes
d0c04f28-9773-5948-d08c-8b63c945d98e,KXMICHCOACH-26-JBRO,2025-12-23T02:47:09.499789Z,39.00,0.1700,0.8300,yes
81d01b0c-6b83-7a64-0bef-d25964999f86,KXMICHCOACH-26-JBRO,2025-12-23T02:47:02.020863Z,111.00,0.1700,0.8300,yes
98d629a3-3c57-6f58-6626-ca230480081a,KXMICHCOACH-26-JBRO,2025-12-23T02:45:12.961956Z,34.00,0.1700,0.8300,yes
51c4c992-c7ef-78dc-94ec-759376a8886e,KXMICHCOACH-26-JBRO,2025-12-23T02:36:53.318222Z,23.00,0.1700,0.8300,yes
4f1609f9-cb1b-70ac-bcf8-45c49927d78e,KXMICHCOACH-26-JBRO,2025-12-23T02:36:53.318222Z,25.00,0.1700,0.8300,yes
98182201-f3dc-7efa-c266-ead925cfee4f,KXMICHCOACH-26-JBRO,2025-12-23T02:36:43.360748Z,32.00,0.1500,0.8500,no
5511c2da-e511-7b2c-c791-cafdb9e71d82,KXMICHCOACH-26-JBRO,2025-12-23T02:36:43.360748Z,75.00,0.1500,0.8500,no
4da521ac-0c37-4674-6c34-44ada3905696,KXMICHCOACH-26-JBRO,2025-12-23T02:32:46.356538Z,555.00,0.1700,0.8300,yes
0d38372f-a937-4934-c25b-5f6c6ce0ece6,KXMICHCOACH-26-JBRO,2025-12-23T02:26:34.465238Z,26.00,0.1700,0.8300,yes
9d4c81d5-b1cf-66c4-623b-29fa8c380b6a,KXMICHCOACH-26-JBRO,2025-12-23T02:08:42.224679Z,55.00,0.1700,0.8300,yes
284dc247-390b-63ec-e7c0-64d1f7cf56af,KXMICHCOACH-26-JBRO,2025-12-23T01:52:15.195829Z,15.00,0.1400,0.8600,no
0b6bc548-4ac3-6dbc-c792-c95545878c3e,KXMICHCOACH-26-JBRO,2025-12-23T01:52:15.195829Z,63.00,0.1400,0.8600,no
b83f3f58-67eb-509c-6c09-21d2d4a23efe,KXMICHCOACH-26-JBRO,2025-12-23T01:45:10.955184Z,116.00,0.1700,0.8300,yes
0dfdb027-d8d9-5574-5263-bd4e8611969f,KXMICHCOACH-26-JBRO,2025-12-23T01:45:10.955184Z,439.00,0.1700,0.8300,yes
334c5d62-7f15-5df8-bc29-ef9422209b23,KXMICHCOACH-26-JBRO,2025-12-23T01:44:23.357987Z,222.00,0.1700,0.8300,yes
0bc84dc1-928b-6854-31f6-4a656289c184,KXMICHCOACH-26-JBRO,2025-12-23T01:40:32.435763Z,300.00,0.1700,0.8300,no
e50b5275-5fe3-6cbf-536a-5ab1874f72a1,KXMICHCOACH-26-JBRO,2025-12-23T01:40:22.075141Z,300.00,0.1700,0.8300,yes
d1de2574-72cf-57bc-af99-1a3652faf427,KXMICHCOACH-26-JBRO,2025-12-23T01:35:20.54068Z,325.00,0.1400,0.8600,no
926566bb-8ac3-5db0-9f4e-a5dfc8e8b4b7,KXMICHCOACH-26-JBRO,2025-12-23T01:34:55.000834Z,14.00,0.1400,0.8600,no
f26eb9d3-572c-77a3-53f2-d4d790f58abf,KXMICHCOACH-26-JBRO,2025-12-23T01:34:29.719919Z,13.00,0.1300,0.8700,no
bf674bda-97dd-44c4-f2f2-fbd27b5347d8,KXMICHCOACH-26-JBRO,2025-12-23T01:33:53.877296Z,69.00,0.1400,0.8600,no
55ed0d7c-20ed-40ad-e711-e6a594d01fcb,KXMICHCOACH-26-JBRO,2025-12-23T01:33:53.877296Z,23.00,0.1400,0.8600,no
4736a58d-a40a-4ce1-c229-f4aa12c774ec,KXMICHCOACH-26-JBRO,2025-12-23T01:33:53.877296Z,1000.00,0.1400,0.8600,no
b6d8681b-bbb7-59d8-856e-24f33867fda3,KXMICHCOACH-26-JBRO,2025-12-23T01:32:41.706601Z,648.00,0.1500,0.8500,yes
c567831c-9e89-77f0-6539-765c77172ed1,KXMICHCOACH-26-JBRO,2025-12-23T01:32:27.962042Z,45.00,0.1500,0.8500,no
c3c59b8c-f690-7b15-4f94-2eadf0c0c19c,KXMICHCOACH-26-JBRO,2025-12-23T01:32:27.962042Z,82.00,0.1500,0.8500,no
ee3ac7df-2b1c-673c-8b29-88f5f327a49e,KXMICHCOACH-26-JBRO,2025-12-23T01:32:26.166538Z,259.00,0.1900,0.8100,yes
66eaced4-582f-6e34-bf51-faf0d2689b10,KXMICHCOACH-26-JBRO,2025-12-23T01:32:26.166538Z,855.00,0.1600,0.8400,yes
f2a918dd-99d5-4fcd-7325-ab42c56fd3e8,KXMICHCOACH-26-JBRO,2025-12-23T01:16:57.472597Z,9.00,0.1800,0.8200,yes
a5d3bc8d-3b95-4194-6004-3f412e659465,KXMICHCOACH-26-JBRO,2025-12-23T01:16:57.472597Z,256.00,0.1800,0.8200,yes
613da35a-c028-4df4-437e-1b18f31bc922,KXMICHCOACH-26-JBRO,2025-12-23T01:16:57.472597Z,1213.00,0.1900,0.8100,yes
bc5bc79b-bdc9-6580-1b6a-51cf8d90ab0d,KXMICHCOACH-26-JBRO,2025-12-23T01:12:41.76972Z,5.00,0.1800,0.8200,yes
2021cfa6-0552-5f80-76f6-de82f4952f0c,KXMICHCOACH-26-JBRO,2025-12-23T01:05:44.078603Z,869.00,0.1800,0.8200,yes
12404ae2-56f9-5094-6c6f-b313b1452d49,KXMICHCOACH-26-JBRO,2025-12-23T01:05:44.078603Z,131.00,0.1800,0.8200,yes
948fa39e-012f-5529-0b11-d9f2acc82c42,KXMICHCOACH-26-JBRO,2025-12-23T00:59:51.284212Z,500.00,0.1700,0.8300,yes
631bbab2-8537-5c98-37d8-31d989e7f231,KXMICHCOACH-26-JBRO,2025-12-23T00:59:51.284212Z,451.00,0.1700,0.8300,yes
3d953ca2-96de-5978-14d6-e1833d919b78,KXMICHCOACH-26-JBRO,2025-12-23T00:59:51.284212Z,131.00,0.1800,0.8200,yes
11b98048-6093-6464-d386-f7d1792cb1a5,KXMICHCOACH-26-JBRO,2025-12-23T00:58:33.329717Z,10.00,0.1700,0.8300,yes
4d174ab5-605b-5718-1994-fe169029d489,KXMICHCOACH-26-JBRO,2025-12-23T00:43:39.622129Z,5.00,0.1700,0.8300,yes
a182fdb2-511a-67b7-d53c-c7de1288127f,KXMICHCOACH-26-JBRO,2025-12-23T00:37:28.448075Z,1500.00,0.1500,0.8500,no
93d9fafc-c292-6dfd-c386-e756f9e1a4a4,KXMICHCOACH-26-JBRO,2025-12-23T00:37:28.448075Z,466.00,0.1500,0.8500,no
3f6b4a62-5a3b-64cc-f597-f7b8c8bc77f9,KXMICHCOACH-26-JBRO,2025-12-23T00:37:28.448075Z,34.00,0.1500,0.8500,no
8ec4b870-e14f-4830-2603-ca4d91372615,KXMICHCOACH-26-JBRO,2025-12-23T00:35:42.609145Z,216.00,0.1500,0.8500,no
50ce2bda-0c54-487e-0d45-1a1c31d6329c,KXMICHCOACH-26-JBRO,2025-12-23T00:35:42.609145Z,481.00,0.1600,0.8400,no
ecc670de-6a38-4100-4ed2-022fc96f1b06,KXMICHCOACH-26-JBRO,2025-12-23T00:35:11.532105Z,109.00,0.1900,0.8100,yes
d4b361df-81b1-4df1-6942-267631c9713e,KXMICHCOACH-26-JBRO,2025-12-23T00:35:11.532105Z,36.00,0.1900,0.8100,yes
6a9cd057-7f93-484d-7384-a37ae8b4fc73,KXMICHCOACH-26-JBRO,2025-12-23T00:35:11.532105Z,1423.00,0.1800,0.8200,yes
03f8b946-5924-579a-9341-c90f0816cf34,KXMICHCOACH-26-JBRO,2025-12-23T00:33:25.83398Z,1.00,0.1600,0.8400,no
eb82ee87-1144-41ce-7308-2235b337d7a8,KXMICHCOACH-26-JBRO,2025-12-23T00:31:40.912232Z,18.00,0.1600,0.8400,no
cc59bdd1-0151-4a67-6e94-6283563a468d,KXMICHCOACH-26-JBRO,2025-12-23T00:31:40.912232Z,9.00,0.1600,0.8400,no
fc691d54-201b-6301-f03e-fccf0c59fd6b,KXMICHCOACH-26-JBRO,2025-12-23T00:27:46.502532Z,656.00,0.1800,0.8200,yes
c38f4d1c-e583-78b5-a0b0-b19fdc58eacb,KXMICHCOACH-26-JBRO,2025-12-23T00:24:58.731352Z,105.00,0.1800,0.8200,yes
25223994-ff1f-5ba1-23b2-96f642ef4417,KXMICHCOACH-26-JBRO,2025-12-23T00:22:49.698372Z,157.00,0.1800,0.8200,yes
9e0ed9f6-143d-7d09-7b92-f0e22a634b92,KXMICHCOACH-26-JBRO,2025-12-23T00:19:16.853965Z,23.00,0.1900,0.8100,yes
7e274259-703d-7e25-0016-c70e747bc272,KXMICHCOACH-26-JBRO,2025-12-23T00:11:40.595649Z,24.00,0.1900,0.8100,yes
54a12ad7-21d1-794d-9409-b605bcfe17be,KXMICHCOACH-26-JBRO,2025-12-23T00:05:44.621435Z,488.00,0.1900,0.8100,yes
e8f606da-8161-6531-841f-518c7b8db486,KXMICHCOACH-26-JBRO,2025-12-23T00:05:00.23108Z,373.00,0.1900,0.8100,yes
9118be26-412d-6560-96e9-facdcd9d6a1f,KXMICHCOACH-26-JBRO,2025-12-23T00:03:04.38609Z,17.00,0.1900,0.8100,yes
511a01d3-ca25-6dd1-9ddf-cd8060eabb72,KXMICHCOACH-26-JBRO,2025-12-23T00:03:04.38609Z,56.00,0.1900,0.8100,yes
bb5390eb-6d91-5324-5f81-fdc06951ccd3,KXMICHCOACH-26-JBRO,2025-12-22T23:59:10.483894Z,249.00,0.1900,0.8100,yes
f93f89d8-7d24-4c88-6a74-19b50e1b822a,KXMICHCOACH-26-JBRO,2025-12-22T23:53:43.568248Z,660.00,0.1900,0.8100,no
1293c832-1231-47ae-5e3c-cbec7a570293,KXMICHCOACH-26-JBRO,2025-12-22T23:53:43.568248Z,74.00,0.1900,0.8100,no
8c318d17-24c4-770c-a8ff-7c62e6fd8706,KXMICHCOACH-26-JBRO,2025-12-22T23:48:43.192214Z,30.00,0.1900,0.8100,no
3f447b1d-7814-4ba0-358f-5fbe24ded542,KXMICHCOACH-26-JBRO,2025-12-22T23:46:45.274629Z,60.00,0.1900,0.8100,no
c20bed68-738e-67ca-cde9-ee72b02c186b,KXMICHCOACH-26-JBRO,2025-12-22T23:44:59.530546Z,223.00,0.2100,0.7900,yes
d63af581-6476-7a4a-45d8-25fd94dbd8a3,KXMICHCOACH-26-JBRO,2025-12-22T23:43:33.656799Z,13.00,0.2100,0.7900,yes
d0e6b0fc-daa6-6996-3d96-25ae9db7d15f,KXMICHCOACH-26-JBRO,2025-12-22T23:43:32.854363Z,112.00,0.2100,0.7900,yes
e452495f-e2c2-577b-9579-bf4bfe6e2d79,KXMICHCOACH-26-JBRO,2025-12-22T23:43:24.088252Z,207.00,0.2000,0.8000,yes
e1f88d26-d90d-5b91-a686-beb3f600f262,KXMICHCOACH-26-JBRO,2025-12-22T23:43:24.088252Z,1.00,0.2100,0.7900,yes
d6c2aac8-990b-58aa-b515-228478c41d4a,KXMICHCOACH-26-JBRO,2025-12-22T23:43:24.088252Z,1000.00,0.2000,0.8000,yes
cc9cb711-3f2a-5672-911f-f4e6b778572b,KXMICHCOACH-26-JBRO,2025-12-22T23:43:24.088252Z,69.00,0.2100,0.7900,yes
82ea4d22-3bfd-544f-810e-7036a7a9322f,KXMICHCOACH-26-JBRO,2025-12-22T23:43:24.088252Z,1000.00,0.1900,0.8100,yes
7a71d342-2975-57b2-8c08-736c3379a334,KXMICHCOACH-26-JBRO,2025-12-22T23:43:24.088252Z,14.00,0.1900,0.8100,yes
3eb50870-05a5-5e05-b045-5d458a483a90,KXMICHCOACH-26-JBRO,2025-12-22T23:43:24.088252Z,1590.00,0.1800,0.8200,yes
31d48178-8017-5878-87f8-e3d2592540f6,KXMICHCOACH-26-JBRO,2025-12-22T23:43:24.088252Z,7.00,0.2000,0.8000,yes
2e5d53a4-4ba4-5bfd-907c-a922a0bc015c,KXMICHCOACH-26-JBRO,2025-12-22T23:43:24.088252Z,1.00,0.2100,0.7900,yes
10024db2-68a4-5e07-b650-a3d5b29cf85d,KXMICHCOACH-26-JBRO,2025-12-22T23:43:24.088252Z,1000.00,0.2100,0.7900,yes
62259706-cae5-5c6d-e642-5994c709870c,KXMICHCOACH-26-JBRO,2025-12-22T23:40:48.681321Z,101.00,0.1800,0.8200,yes
9756fdea-81e5-6959-bcb3-cb2eb5f07108,KXMICHCOACH-26-JBRO,2025-12-22T23:40:11.039295Z,500.00,0.1800,0.8200,yes
d47dde12-e699-4359-bc93-197e0c408aef,KXMICHCOACH-26-JBRO,2025-12-22T23:38:54.549943Z,15.00,0.1900,0.8100,yes
8a8aac10-4504-4dd1-af20-d57c6a6cd178,KXMICHCOACH-26-JBRO,2025-12-22T23:38:54.549943Z,192.00,0.2000,0.8000,yes
31c257e6-8346-47a3-a475-6cd1cb63d045,KXMICHCOACH-26-JBRO,2025-12-22T23:38:54.549943Z,293.00,0.2000,0.8000,yes
ab114c24-1abd-5484-54a0-57c25348bb0c,KXMICHCOACH-26-JBRO,2025-12-22T23:38:40.090414Z,17.00,0.1900,0.8100,yes
829125d4-1c78-5c51-609a-f5e6ad27a710,KXMICHCOACH-26-JBRO,2025-12-22T23:38:40.090414Z,108.00,0.2000,0.8000,yes
f8a261a4-9355-7f89-69ea-76c91fa005b2,KXMICHCOACH-26-JBRO,2025-12-22T23:36:34.303482Z,18.00,0.1700,0.8300,yes
f5414087-776b-7c06-523f-a4dc5f7ad36f,KXMICHCOACH-26-JBRO,2025-12-22T23:36:34.303482Z,12.00,0.1900,0.8100,yes
de23188b-25d1-7c33-5e20-2adb92e81537,KXMICHCOACH-26-JBRO,2025-12-22T23:36:34.303482Z,10.00,0.1900,0.8100,yes
c0737ea0-d7a3-7479-6691-e642d5edfbaa,KXMICHCOACH-26-JBRO,2025-12-22T23:36:34.303482Z,1000.00,0.1900,0.8100,yes
b1073e76-1524-7963-608a-94fa3f5aaaca,KXMICHCOACH-26-JBRO,2025-12-22T23:36:34.303482Z,419.00,0.1800,0.8200,yes
afb22b53-9d88-7d0e-445c-493ab77bf0ad,KXMICHCOACH-26-JBRO,2025-12-22T23:36:34.303482Z,1923.00,0.1900,0.8100,yes
92f16f32-0e14-7909-5c78-00f6f6c7d813,KXMICHCOACH-26-JBRO,2025-12-22T23:36:34.303482Z,1000.00,0.1800,0.8200,yes
31276023-fd61-75cb-6e63-7786684e69ab,KXMICHCOACH-26-JBRO,2025-12-22T23:36:34.303482Z,500.00,0.1900,0.8100,yes
1ded47e5-d0fa-7c35-4eef-569e44fbf68b,KXMICHCOACH-26-JBRO,2025-12-22T23:36:34.303482Z,146.00,0.1900,0.8100,yes
09f086db-3bd0-7d49-4985-928beda19f4d,KXMICHCOACH-26-JBRO,2025-12-22T23:36:34.303482Z,31.00,0.1700,0.8300,yes
97996843-ec60-5733-eb55-f3a8076b97f6,KXMICHCOACH-26-JBRO,2025-12-22T23:36:19.92907Z,100.00,0.1800,0.8200,yes
5923aaa4-d36e-5c8d-c354-7e41fbf63d39,KXMICHCOACH-26-JBRO,2025-12-22T23:36:19.92907Z,20.00,0.1700,0.8300,yes
ef71cab9-5fa0-465e-b15c-aa4ec4ba84ce,KXMICHCOACH-26-JBRO,2025-12-22T23:35:30.631549Z,9.00,0.1800,0.8200,yes
dd60e735-7b41-4f2f-a4f5-3d6949a27407,KXMICHCOACH-26-JBRO,2025-12-22T23:35:30.631549Z,1.00,0.1800,0.8200,yes
dcee0932-9a41-41ee-b1b2-5206d4992fe6,KXMICHCOACH-26-JBRO,2025-12-22T23:35:30.631549Z,1.00,0.1800,0.8200,yes
98337718-7140-4acf-b21d-91d672fec4ca,KXMICHCOACH-26-JBRO,2025-12-22T23:35:30.631549Z,481.00,0.1800,0.8200,yes
84b6a9e0-75d9-45c0-9492-2a4cada7aad7,KXMICHCOACH-26-JBRO,2025-12-22T23:35:30.631549Z,4.00,0.1800,0.8200,yes
43708c4a-9ecd-4ae8-a7da-17bf0d30976b,KXMICHCOACH-26-JBRO,2025-12-22T23:35:30.631549Z,29.00,0.1800,0.8200,yes
97d9ebe5-97b3-54b8-c3ca-f9c3c15f526b,KXMICHCOACH-26-JBRO,2025-12-22T23:35:06.410264Z,47.00,0.1700,0.8300,yes
8dc73e1c-8ce9-5435-d543-f82eeebf8c20,KXMICHCOACH-26-JBRO,2025-12-22T23:35:06.410264Z,1.00,0.1700,0.8300,yes
15cd272a-39d0-5c5c-c2c9-6c55fbc16a37,KXMICHCOACH-26-JBRO,2025-12-22T23:35:06.410264Z,930.00,0.1700,0.8300,yes
5e516a76-5953-5051-c1c2-afbe49c718c3,KXMICHCOACH-26-JBRO,2025-12-22T23:34:44.274255Z,22.00,0.1600,0.8400,yes
f2bf062b-1380-4406-c215-421578b2628a,KXMICHCOACH-26-JBRO,2025-12-22T23:34:18.45712Z,295.00,0.1600,0.8400,yes
f52454aa-a1c8-63be-7b76-c31c20365432,KXMICHCOACH-26-JBRO,2025-12-22T23:33:57.823935Z,17.00,0.1600,0.8400,yes
e898709c-1681-5b08-ed0f-c33ed5f4f73f,KXMICHCOACH-26-JBRO,2025-12-22T23:33:44.634452Z,606.00,0.1600,0.8400,yes
004070ad-32b4-5c72-d395-41470e6c02de,KXMICHCOACH-26-JBRO,2025-12-22T23:33:44.634452Z,72.00,0.1600,0.8400,yes
a23b1c3d-8a8e-7b2d-4c34-165805190981,KXMICHCOACH-26-JBRO,2025-12-22T23:32:59.532229Z,42.00,0.1600,0.8400,yes
75232085-1057-71b0-51b9-1c501aa1f447,KXMICHCOACH-26-JBRO,2025-12-22T23:32:59.532229Z,22.00,0.1600,0.8400,yes
1718f7ce-15d8-754a-60cc-7ebcff6033a8,KXMICHCOACH-26-JBRO,2025-12-22T23:32:59.532229Z,62.00,0.1600,0.8400,yes
1416eee6-cb84-750b-4122-aa780a3683b7,KXMICHCOACH-26-JBRO,2025-12-22T23:32:59.532229Z,35.00,0.1600,0.8400,yes
0595f2fe-5365-7c00-4738-82ddb1d46357,KXMICHCOACH-26-JBRO,2025-12-22T23:32:59.532229Z,394.00,0.1600,0.8400,yes
0365debc-2b00-7eb6-4037-d9a8b88bbdb9,KXMICHCOACH-26-JBRO,2025-12-22T23:32:59.532229Z,200.00,0.1600,0.8400,yes
cbf2581e-5362-66bf-c3f5-137ac41973ab,KXMICHCOACH-26-JBRO,2025-12-22T23:32:10.511007Z,64.00,0.1600,0.8400,yes
993e11ff-06e4-64eb-eeb3-e0020c219893,KXMICHCOACH-26-JBRO,2025-12-22T23:32:10.511007Z,24.00,0.1500,0.8500,yes
8d9033ad-1b4c-60b7-dda1-52529be4768f,KXMICHCOACH-26-JBRO,2025-12-22T23:32:10.511007Z,1.00,0.1600,0.8400,yes
5741b8db-9d2a-66f5-ff51-67705c2b31b3,KXMICHCOACH-26-JBRO,2025-12-22T23:32:10.511007Z,246.00,0.1500,0.8500,yes
dc650abf-62ca-54cd-f38f-51365068d57b,KXMICHCOACH-26-JBRO,2025-12-22T23:31:59.233394Z,380.00,0.1500,0.8500,yes
6685b54f-d302-7407-875f-ca08e320bdf4,KXMICHCOACH-26-JBRO,2025-12-22T23:26:44.599258Z,6.00,0.1500,0.8500,yes
537d38fd-fe96-7141-a62b-0b4fe3f0c55f,KXMICHCOACH-26-JBRO,2025-12-22T23:26:44.599258Z,2994.00,0.1500,0.8500,yes
87546efd-0422-7dff-3dc8-882eccb300a5,KXMICHCOACH-26-JBRO,2025-12-22T23:25:53.207735Z,33.00,0.1400,0.8600,yes
f50d1888-b45a-5d13-9d51-ccbb10ee1749,KXMICHCOACH-26-JBRO,2025-12-22T23:24:57.586588Z,1000.00,0.1400,0.8600,yes
d1122b75-fea2-764f-11e6-b758f5aa0ce9,KXMICHCOACH-26-JBRO,2025-12-22T23:22:20.480019Z,33.00,0.1400,0.8600,yes
ae6a7adf-a43e-4083-f913-2a3c0445cb9d,KXMICHCOACH-26-JBRO,2025-12-22T23:21:26.473434Z,13.00,0.1400,0.8600,yes
3ed1ac0c-239a-560b-a218-3f0d39881601,KXMICHCOACH-26-JBRO,2025-12-22T23:18:37.658704Z,7.00,0.1400,0.8600,yes
bf7f17af-25e2-742f-a3b5-dc76dfe9d5a5,KXMICHCOACH-26-JBRO,2025-12-22T23:18:05.11927Z,13.00,0.1400,0.8600,yes
c8f1377d-cdba-4233-266d-be34488492a1,KXMICHCOACH-26-JBRO,2025-12-22T23:16:05.393787Z,1.00,0.1400,0.8600,yes
168c57a2-af12-428f-79e7-78ce27e44331,KXMICHCOACH-26-JBRO,2025-12-22T23:15:24.361193Z,1.00,0.1400,0.8600,yes
c596c2ae-6d2a-72ab-8544-fc692fb82b3d,KXMICHCOACH-26-JBRO,2025-12-22T23:15:12.64287Z,5.00,0.1400,0.8600,yes
d7e6c1c5-e22f-6841-f73b-4c543d187416,KXMICHCOACH-26-JBRO,2025-12-22T23:14:35.007239Z,60.00,0.1300,0.8700,yes
ce1c71ae-9f81-627e-df88-d97c91db13a6,KXMICHCOACH-26-JBRO,2025-12-22T23:14:35.007239Z,220.00,0.1300,0.8700,yes
53b4ffc8-3412-6667-f02d-d05f121fe4ac,KXMICHCOACH-26-JBRO,2025-12-22T23:14:35.007239Z,1000.00,0.1300,0.8700,yes
2f224de7-f181-4bda-b09b-ccedd6df4d1a,KXMICHCOACH-26-JBRO,2025-12-22T23:07:27.04642Z,362.00,0.1300,0.8700,yes
5be59a07-d68f-6696-f3f6-ed81378296be,KXMICHCOACH-26-JBRO,2025-12-22T22:56:21.260931Z,225.00,0.1100,0.8900,no
e0e21f22-3691-660b-dbb8-57f9ed1727f0,KXMICHCOACH-26-JBRO,2025-12-22T22:41:15.089987Z,100.00,0.1200,0.8800,yes
da240ee1-9967-6f38-ec88-224b829ae68d,KXMICHCOACH-26-JBRO,2025-12-22T22:41:15.089987Z,200.00,0.1300,0.8700,yes
2b9855c9-fac5-6ef6-c6d5-68f0ea70144a,KXMICHCOACH-26-JBRO,2025-12-22T22:41:15.089987Z,418.00,0.1300,0.8700,yes
2f66befb-2d65-7757-2811-3789a250430c,KXMICHCOACH-26-JBRO,2025-12-22T22:39:49.289194Z,400.00,0.1200,0.8800,yes
d1cf7d7d-1565-48bd-9195-44bf46475092,KXMICHCOACH-26-JBRO,2025-12-22T22:20:33.503213Z,18.00,0.1100,0.8900,no
7c1cfbe2-5db4-4915-9ede-598849b57711,KXMICHCOACH-26-JBRO,2025-12-22T22:20:33.503213Z,350.00,0.1000,0.9000,no
32227f5c-3a15-4643-a809-2283a1b52bd4,KXMICHCOACH-26-JBRO,2025-12-22T21:54:38.878968Z,486.00,0.1200,0.8800,yes
2579ca10-37a9-429d-84c7-23172ddfb08f,KXMICHCOACH-26-JBRO,2025-12-22T21:54:38.878968Z,1165.00,0.1200,0.8800,yes
19a8ebbb-90b4-4854-9298-02fcafef5300,KXMICHCOACH-26-JBRO,2025-12-22T21:54:38.878968Z,716.00,0.1100,0.8900,yes
6e656fc1-398c-5958-8748-4f832f85400c,KXMICHCOACH-26-JBRO,2025-12-22T21:53:07.164004Z,721.00,0.1100,0.8900,yes
91f555ee-61f1-4408-a0c0-7e77896b6fca,KXMICHCOACH-26-JBRO,2025-12-22T21:48:25.562053Z,437.00,0.1100,0.8900,yes
77de4eed-aee8-4730-96c7-81f473de2e70,KXMICHCOACH-26-JBRO,2025-12-22T21:48:25.562053Z,63.00,0.1100,0.8900,yes
3f2bef9d-ffc5-6c14-6f26-1d51e5f2ef9e,KXMICHCOACH-26-JBRO,2025-12-22T21:37:37.057992Z,8.00,0.1100,0.8900,yes
7b59e5c3-17a9-7699-c4f9-c8e6f215651b,KXMICHCOACH-26-JBRO,2025-12-22T21:31:02.087984Z,235.00,0.1200,0.8800,yes
6e8a4c1f-b8f5-4e21-2d08-4e0ffab9cc0f,KXMICHCOACH-26-JBRO,2025-12-22T21:25:11.933968Z,392.00,0.1200,0.8800,yes
1d2ed36c-3749-7781-23dd-92b5ab202c0f,KXMICHCOACH-26-JBRO,2025-12-22T21:11:25.45556Z,678.00,0.1200,0.8800,yes
85c79953-d1b4-618c-6762-76b72042f3c3,KXMICHCOACH-26-JBRO,2025-12-22T21:11:08.306447Z,9.00,0.1100,0.8900,yes
28aab38e-e40c-43f8-2d3f-e2eca3c070eb,KXMICHCOACH-26-JBRO,2025-12-22T21:02:04.866559Z,59.00,0.1100,0.8900,yes
3c914a56-06fc-6630-36ba-25c6894767b7,KXMICHCOACH-26-JBRO,2025-12-22T20:58:53.834265Z,395.00,0.1100,0.8900,yes
cb485cfc-8a64-6627-77c3-51f585d5b6cb,KXMICHCOACH-26-JBRO,2025-12-22T20:52:00.584848Z,37.00,0.1100,0.8900,no
71921958-dfb5-6e11-ba8a-8723f6533243,KXMICHCOACH-26-JBRO,2025-12-22T19:53:41.789133Z,78.00,0.1200,0.8800,yes
24a88f0d-7f29-4381-7981-c0b7a2ea07c7,KXMICHCOACH-26-JBRO,2025-12-22T19:46:21.700128Z,274.00,0.1200,0.8800,yes
5f7c8271-b841-6939-6f7d-24f21730fedb,KXMICHCOACH-26-JBRO,2025-12-22T19:40:51.436195Z,178.00,0.1200,0.8800,yes
f5ecc00b-79ff-5e3f-106d-c1cd124a12de,KXMICHCOACH-26-JBRO,2025-12-22T19:27:02.190966Z,100.00,0.1200,0.8800,yes
f3925e40-e193-5d93-2064-a6d1db1115ca,KXMICHCOACH-26-JBRO,2025-12-22T19:27:02.190966Z,60.00,0.1200,0.8800,yes
641b6506-8dfd-5ad5-1cab-f1b48b249d3d,KXMICHCOACH-26-JBRO,2025-12-22T19:27:02.190966Z,149.00,0.1300,0.8700,yes
22d1e6ca-acc4-54b4-0074-06fd7c213a62,KXMICHCOACH-26-JBRO,2025-12-22T19:27:02.190966Z,247.00,0.1300,0.8700,yes
fdf35f50-5440-796d-f33a-86396a233e30,KXMICHCOACH-26-JBRO,2025-12-22T19:24:05.68185Z,100.00,0.1000,0.9000,no
f1fe3b9a-d30f-7dac-cdba-cd0128878086,KXMICHCOACH-26-JBRO,2025-12-22T19:24:05.68185Z,13.00,0.1100,0.8900,no
c5fc762f-edff-7d25-c7f1-1251fc9567c5,KXMICHCOACH-26-JBRO,2025-12-22T19:24:05.68185Z,500.00,0.1000,0.9000,no
9c611db8-9523-72c6-c532-b08e244dae53,KXMICHCOACH-26-JBRO,2025-12-22T19:24:05.68185Z,133.00,0.0900,0.9100,no
1831f1cd-1b97-7efa-dbf2-8eb9e6b2dcc6,KXMICHCOACH-26-JBRO,2025-12-22T19:24:05.68185Z,817.00,0.1100,0.8900,no
a782d059-c5e4-6f14-caaa-b6a20b6f0662,KXMICHCOACH-26-JBRO,2025-12-22T19:17:45.405721Z,333.00,0.1300,0.8700,yes
9f0d6093-a888-5b10-9f2e-a7eea87523a2,KXMICHCOACH-26-JBRO,2025-12-22T19:09:01.184337Z,72.00,0.1300,0.8700,yes
86300642-d350-7d90-759a-b1ae40770e92,KXMICHCOACH-26-JBRO,2025-12-22T18:58:20.057502Z,12.00,0.1300,0.8700,yes
5de00bb0-2ca8-79dc-f625-49976f9bf296,KXMICHCOACH-26-JBRO,2025-12-22T18:58:06.873749Z,36.00,0.1300,0.8700,yes
0c80de68-6268-7c0c-bb99-3b8422d7b5c6,KXMICHCOACH-26-JBRO,2025-12-22T18:27:14.4405Z,181.00,0.1300,0.8700,yes
ad33654b-850c-79b0-0db2-dbeb1cfe7dca,KXMICHCOACH-26-JBRO,2025-12-22T18:25:16.954263Z,350.00,0.1300,0.8700,yes
fe8cc30e-6db0-7c60-87bb-bb7a38c5451a,KXMICHCOACH-26-JBRO,2025-12-22T18:23:20.330241Z,33.00,0.1300,0.8700,yes
479ab540-65ec-57bc-cb17-330e8c03ec16,KXMICHCOACH-26-JBRO,2025-12-22T18:20:14.363419Z,36.00,0.1300,0.8700,yes
c3316f67-4a28-70a8-26a8-d1c2b0af61c6,KXMICHCOACH-26-JBRO,2025-12-22T18:04:25.189904Z,200.00,0.1300,0.8700,yes
f223e844-05b2-7e87-e3f2-6eaf4d30b803,KXMICHCOACH-26-JBRO,2025-12-22T18:02:39.70037Z,929.00,0.1200,0.8800,yes
c77b21ff-d2e5-724d-de6a-94d1e3849f31,KXMICHCOACH-26-JBRO,2025-12-22T18:02:39.70037Z,71.00,0.1200,0.8800,yes
119bba47-2fba-6d03-66b7-51b26516519f,KXMICHCOACH-26-JBRO,2025-12-22T17:59:50.451296Z,71.00,0.1200,0.8800,yes
06b9fe95-5821-5ee9-4ce1-6f02c908c205,KXMICHCOACH-26-JBRO,2025-12-22T17:54:50.625574Z,192.00,0.1100,0.8900,yes
f06fbf6a-42f7-7f42-e211-1e305d75368f,KXMICHCOACH-26-JBRO,2025-12-22T17:47:14.165723Z,33.00,0.0900,0.9100,no
b92a8cd0-142d-5ce9-4bee-ddb96816fe69,KXMICHCOACH-26-JBRO,2025-12-22T17:40:47.162386Z,79.00,0.1200,0.8800,yes
8db8b337-5678-5a1c-7177-9972e34c5b69,KXMICHCOACH-26-JBRO,2025-12-22T17:36:50.154393Z,31.00,0.1100,0.8900,no
22719279-ec4e-5f1f-4aac-aee9d4df9d10,KXMICHCOACH-26-JBRO,2025-12-22T17:36:50.154393Z,27.00,0.1100,0.8900,no
5f2220a5-e109-40ba-be6d-5caf8c0e8aed,KXMICHCOACH-26-JBRO,2025-12-22T17:23:42.952802Z,17.00,0.1000,0.9000,no
6c5e6357-5e83-5342-ca89-acdac884a27b,KXMICHCOACH-26-JBRO,2025-12-22T17:19:09.126213Z,670.00,0.0900,0.9100,no
c72d5dc5-6b7d-4835-5874-4cdc89d14919,KXMICHCOACH-26-JBRO,2025-12-22T17:14:13.664054Z,336.00,0.1400,0.8600,yes
1402587b-14e1-6bfd-0f83-fd6752e091c5,KXMICHCOACH-26-JBRO,2025-12-22T17:11:12.592688Z,134.00,0.1400,0.8600,yes
6db0a5a1-2849-6b75-d1a7-7ba957cfd02d,KXMICHCOACH-26-JBRO,2025-12-22T17:07:37.844283Z,132.00,0.1400,0.8600,yes
ef41dd3c-ed3e-7819-f19d-0d05b20c1e27,KXMICHCOACH-26-JBRO,2025-12-22T16:23:32.910582Z,138.00,0.1400,0.8600,yes
dedce1b0-7bb5-6517-52c3-cb1c99702092,KXMICHCOACH-26-JBRO,2025-12-22T16:20:02.543882Z,1000.00,0.1300,0.8700,yes
6bd160b3-aa49-679d-5095-e371a1d7ba07,KXMICHCOACH-26-JBRO,2025-12-22T16:20:02.543882Z,200.00,0.1300,0.8700,yes
3c6d3c64-2cec-640a-7c43-b6461875db55,KXMICHCOACH-26-JBRO,2025-12-22T16:20:02.543882Z,1261.00,0.1300,0.8700,yes
8d7c2820-d254-6613-c753-e5990fe00715,KXMICHCOACH-26-JBRO,2025-12-22T16:19:18.305775Z,340.00,0.1200,0.8800,yes
35b2acaa-fe54-647a-ce4c-1718ec03f61e,KXMICHCOACH-26-JBRO,2025-12-22T16:19:18.305775Z,61.00,0.1200,0.8800,yes
f24e7388-5654-44ab-d714-2b7263869055,KXMICHCOACH-26-JBRO,2025-12-22T16:09:54.215629Z,660.00,0.1200,0.8800,yes
0b088d57-6d6a-424e-f044-322db78422ce,KXMICHCOACH-26-JBRO,2025-12-22T16:09:40.475134Z,65.00,0.1000,0.9000,yes
f479faa6-1120-6ac0-fbe7-c14a71a35c42,KXMICHCOACH-26-JBRO,2025-12-22T16:07:11.600447Z,350.00,0.1000,0.9000,no
ec8e085a-6389-6593-c022-f81e1efe2258,KXMICHCOACH-26-JBRO,2025-12-22T16:07:11.600447Z,493.00,0.1100,0.8900,no
c597fd2a-0100-6f14-ca15-86c79e7886af,KXMICHCOACH-26-JBRO,2025-12-22T16:07:11.600447Z,1000.00,0.1000,0.9000,no
7d5cf61e-52e1-605a-cd60-7ef63fb19ad3,KXMICHCOACH-26-JBRO,2025-12-22T16:07:11.600447Z,200.00,0.0900,0.9100,no
7c4f99b5-3ece-6f9a-dfaf-6d4993b88b45,KXMICHCOACH-26-JBRO,2025-12-22T16:07:11.600447Z,9.00,0.1000,0.9000,no
674f4026-89f1-641c-d906-b49563fcf238,KXMICHCOACH-26-JBRO,2025-12-22T16:07:11.600447Z,181.00,0.0800,0.9200,no
49b30c89-a0ad-6bfe-d6f3-c6d1edfdd1f1,KXMICHCOACH-26-JBRO,2025-12-22T16:07:11.600447Z,660.00,0.0900,0.9100,no
3a6e0891-6fe0-6ac1-c67b-1e325e293522,KXMICHCOACH-26-JBRO,2025-12-22T16:07:11.600447Z,6.00,0.0800,0.9200,no
9a1e2781-5b05-5717-d08b-e21144ea3784,KXMICHCOACH-26-JBRO,2025-12-22T16:05:56.644878Z,7.00,0.1100,0.8900,no
83bc1419-c174-5e0a-8081-9ef33cd055e5,KXMICHCOACH-26-JBRO,2025-12-22T16:04:48.932914Z,36.00,0.1300,0.8700,yes
5a5c7eec-82fc-5bd0-82df-0a8d78426671,KXMICHCOACH-26-JBRO,2025-12-22T16:02:24.333496Z,10.00,0.1200,0.8800,no
56c645b5-3a5c-7996-a872-e5d16eddf0ad,KXMICHCOACH-26-JBRO,2025-12-22T15:59:03.146944Z,22.00,0.1300,0.8700,yes
ab1418f3-d620-6ee6-e690-317323cdf14d,KXMICHCOACH-26-JBRO,2025-12-22T15:48:33.211987Z,181.00,0.1300,0.8700,yes
c1eab28d-51de-5b0d-56bc-f2ff5b1a09b7,KXMICHCOACH-26-JBRO,2025-12-22T15:25:27.672655Z,589.00,0.1300,0.8700,yes
c5b607b1-33d5-60fe-1a65-80ecde0e8bd5,KXMICHCOACH-26-JBRO,2025-12-22T15:24:51.32009Z,310.00,0.0900,0.9100,no
328bee1f-7a26-6b72-2dda-4355ed5d5bb1,KXMICHCOACH-26-JBRO,2025-12-22T15:24:51.32009Z,19.00,0.1000,0.9000,no
867b6ef0-7989-57b0-2e1d-60acdf74e2e2,KXMICHCOACH-26-JBRO,2025-12-22T15:24:18.283056Z,411.00,0.1200,0.8800,yes
a0d1dc14-4841-5cc0-747f-6dad90ba02aa,KXMICHCOACH-26-JBRO,2025-12-22T15:23:40.586529Z,78.00,0.1200,0.8800,yes
e0fa5593-14b1-4de8-5fe3-466c6a1f50ca,KXMICHCOACH-26-JBRO,2025-12-22T15:16:23.586045Z,39.00,0.1200,0.8800,yes
c705c20e-f1ba-7ffd-0f74-e9db80054d9f,KXMICHCOACH-26-JBRO,2025-12-22T14:58:09.696477Z,353.00,0.1200,0.8800,yes
2e14ea8f-fda5-7733-03eb-d4543d7d2b0c,KXMICHCOACH-26-JBRO,2025-12-22T14:58:09.696477Z,4.00,0.1200,0.8800,yes
e62003c6-2a59-7028-5eba-3cf46ba9f599,KXMICHCOACH-26-JBRO,2025-12-22T14:57:55.22474Z,100.00,0.1100,0.8900,yes
bbcbef59-2601-5dc4-a48e-73aa6b8ea8fe,KXMICHCOACH-26-JBRO,2025-12-22T14:30:15.539492Z,15.00,0.1200,0.8800,yes
d861587b-cebd-6bd8-146d-4d6131202f8e,KXMICHCOACH-26-JBRO,2025-12-22T12:52:36.311054Z,23.00,0.1200,0.8800,yes
0f38b05f-c171-7c58-94d7-caaa05fa0302,KXMICHCOACH-26-JBRO,2025-12-22T12:46:43.525301Z,23.00,0.1200,0.8800,yes
d2886097-9a4e-6527-f6bb-514b7d4dd27c,KXMICHCOACH-26-JBRO,2025-12-22T12:44:30.047659Z,15.00,0.1100,0.8900,no
c11d3913-1021-6f6a-c5e3-51fe96796942,KXMICHCOACH-26-JBRO,2025-12-22T12:44:30.047659Z,37.00,0.1000,0.9000,no
86da61eb-3520-6f6b-df35-e0b6ae90f603,KXMICHCOACH-26-JBRO,2025-12-22T12:44:30.047659Z,100.00,0.0900,0.9100,no
1c5fb302-4420-6c69-cf42-fd922133c1b6,KXMICHCOACH-26-JBRO,2025-12-22T12:44:30.047659Z,4.00,0.0800,0.9200,no
f14b621c-7575-60e0-c7e5-396e2f00c3da,KXMICHCOACH-26-JBRO,2025-12-22T09:02:43.980657Z,338.00,0.1200,0.8800,yes
596ea15d-4193-6039-eaff-7ad7008e67b2,KXMICHCOACH-26-JBRO,2025-12-22T09:02:43.980657Z,59.00,0.1100,0.8900,yes
4f12d9ba-175b-74bc-67e5-267cd4ae409f,KXMICHCOACH-26-JBRO,2025-12-22T06:47:07.496928Z,40.00,0.1100,0.8900,yes
21ad5d0e-6c03-622c-65fe-2a4af3f74777,KXMICHCOACH-26-JBRO,2025-12-22T06:35:18.984173Z,94.00,0.1100,0.8900,yes
f236db4f-be5f-7768-d2dc-a7736fdd5667,KXMICHCOACH-26-JBRO,2025-12-22T06:23:40.412209Z,8.00,0.1100,0.8900,yes
7f72ea29-24ef-59c0-e697-890bad675513,KXMICHCOACH-26-JBRO,2025-12-22T05:50:46.297629Z,7.00,0.1100,0.8900,yes
00a19936-74ab-6edc-ed54-89a1b44eb39b,KXMICHCOACH-26-JBRO,2025-12-22T05:15:29.391607Z,1.00,0.1400,0.8600,yes
042e2741-b88d-7ece-5b20-178a3fb9bd95,KXMICHCOACH-26-JBRO,2025-12-22T05:13:17.20195Z,15.00,0.1400,0.8600,yes
2ab4b3d0-5635-7006-54bd-5ef5d1382389,KXMICHCOACH-26-JBRO,2025-12-22T04:39:04.920407Z,265.00,0.0700,0.9300,no
b633f434-b2ea-6e93-ad32-c9d8c8372197,KXMICHCOACH-26-JBRO,2025-12-22T04:33:27.618628Z,178.00,0.1600,0.8400,yes
72ff02aa-e965-6dd4-aabf-5f7d6670dc86,KXMICHCOACH-26-JBRO,2025-12-22T04:33:27.618628Z,87.00,0.1600,0.8400,yes
164925dd-f932-799b-4543-cd97cb5d5dab,KXMICHCOACH-26-JBRO,2025-12-22T04:31:23.376132Z,5.00,0.1600,0.8400,yes
9e084f53-ae02-4837-3c6b-5c5e149cabb7,KXMICHCOACH-26-JBRO,2025-12-22T04:08:01.31606Z,25.00,0.1600,0.8400,yes
ee82334d-8144-630d-58e3-5710427bfca4,KXMICHCOACH-26-JBRO,2025-12-22T04:00:51.888607Z,1.00,0.0700,0.9300,no
da537baa-7ad0-6a02-4e63-bc06eb324633,KXMICHCOACH-26-JBRO,2025-12-22T04:00:51.888607Z,16.00,0.1100,0.8900,no
d2674b82-a32f-6574-4f8d-3362ef0f9ebd,KXMICHCOACH-26-JBRO,2025-12-22T04:00:51.888607Z,193.00,0.0600,0.9400,no
ce16dcad-8c20-6562-56c3-e67a1fed2751,KXMICHCOACH-26-JBRO,2025-12-22T04:00:51.888607Z,1.00,0.0800,0.9200,no
c36afc13-5c8d-6676-7a82-c405fdacfd51,KXMICHCOACH-26-JBRO,2025-12-22T04:00:51.888607Z,41.00,0.0700,0.9300,no
ba8c7ebc-ca22-606e-5600-1da6bce9d432,KXMICHCOACH-26-JBRO,2025-12-22T04:00:51.888607Z,1000.00,0.0900,0.9100,no
b5382e60-3180-6eb8-7433-b997cb1e5bb6,KXMICHCOACH-26-JBRO,2025-12-22T04:00:51.888607Z,114.00,0.0700,0.9300,no
a695b8f3-60e1-64d7-4171-424852d5cf60,KXMICHCOACH-26-JBRO,2025-12-22T04:00:51.888607Z,1.00,0.0700,0.9300,no
9f86a839-62dd-6090-5d02-4933588894bc,KXMICHCOACH-26-JBRO,2025-12-22T04:00:51.888607Z,66.00,0.0800,0.9200,no
9b5d9a8e-64da-6671-6911-0bb16fd50485,KXMICHCOACH-26-JBRO,2025-12-22T04:00:51.888607Z,41.00,0.1400,0.8600,no
7ebbcc33-1994-6b42-5031-57d936eab1f9,KXMICHCOACH-26-JBRO,2025-12-22T04:00:51.888607Z,662.00,0.1400,0.8600,no
78a1541c-c5dd-64ea-5bac-670bf46311ac,KXMICHCOACH-26-JBRO,2025-12-22T04:00:51.888607Z,787.00,0.0900,0.9100,no
748bb82a-f26e-6f8c-52f5-02141fdc85ab,KXMICHCOACH-26-JBRO,2025-12-22T04:00:51.888607Z,111.00,0.0800,0.9200,no
742c1486-d7ec-6325-5c3b-9c15eec2f8cf,KXMICHCOACH-26-JBRO,2025-12-22T04:00:51.888607Z,12.00,0.1200,0.8800,no
6c3d8867-6f0b-6095-7466-62050fd26c73,KXMICHCOACH-26-JBRO,2025-12-22T04:00:51.888607Z,72.00,0.1200,0.8800,no
64e51681-671f-69a0-56c3-096a952cc1b4,KXMICHCOACH-26-JBRO,2025-12-22T04:00:51.888607Z,2000.00,0.1000,0.9000,no
6433419c-5fa4-64fd-480d-d286e22c7238,KXMICHCOACH-26-JBRO,2025-12-22T04:00:51.888607Z,76.00,0.1300,0.8700,no
60e7fe80-2365-651c-5323-d2e0dab19364,KXMICHCOACH-26-JBRO,2025-12-22T04:00:51.888607Z,43.00,0.1300,0.8700,no
54ddb719-ffb9-6cc7-6eb5-5ef7fea8bf51,KXMICHCOACH-26-JBRO,2025-12-22T04:00:51.888607Z,1000.00,0.1200,0.8800,no
4d4db18d-828a-6fe2-78bf-ae4f2f643af0,KXMICHCOACH-26-JBRO,2025-12-22T04:00:51.888607Z,2.00,0.0800,0.9200,no
4c7b37be-3fb9-6ff6-453b-0ba58b7a1f22,KXMICHCOACH-26-JBRO,2025-12-22T04:00:51.888607Z,1000.00,0.0800,0.9200,no
44f20424-1504-672b-5655-a3786bce9f0e,KXMICHCOACH-26-JBRO,2025-12-22T04:00:51.888607Z,11.00,0.1100,0.8900,no
3761160e-d1f2-6057-4590-864fb3642b64,KXMICHCOACH-26-JBRO,2025-12-22T04:00:51.888607Z,25.00,0.1300,0.8700,no
27022ea4-18e3-60f6-6634-2d6ae20dc995,KXMICHCOACH-26-JBRO,2025-12-22T04:00:51.888607Z,1.00,0.0700,0.9300,no
22b61915-2d66-60f3-4171-21e593828968,KXMICHCOACH-26-JBRO,2025-12-22T04:00:51.888607Z,1.00,0.1200,0.8800,no
201a0b41-62f5-6efe-7381-e81c4098f952,KXMICHCOACH-26-JBRO,2025-12-22T04:00:51.888607Z,2000.00,0.1100,0.8900,no
1aa8c9cc-f199-60d4-5df9-dc089c35a1ea,KXMICHCOACH-26-JBRO,2025-12-22T04:00:51.888607Z,2.00,0.1300,0.8700,no
105bbaae-c987-6738-5d36-0d1b9dedba16,KXMICHCOACH-26-JBRO,2025-12-22T04:00:51.888607Z,1000.00,0.0800,0.9200,no
1e23b53f-5eb8-7d56-ca89-6820f2d2b029,KXMICHCOACH-26-JBRO,2025-12-22T03:41:11.045365Z,7.00,0.1400,0.8600,no
c97d6569-a0fa-5f27-78d3-900c5ec50443,KXMICHCOACH-26-JBRO,2025-12-22T03:40:23.700858Z,1.00,0.1600,0.8400,yes
049f2adb-8a16-46f7-b52c-ce245829b7cf,KXMICHCOACH-26-JBRO,2025-12-22T03:40:10.425551Z,4.00,0.1600,0.8400,yes
e97a3e6d-b22c-4c02-3d1d-02b2c44274f5,KXMICHCOACH-26-JBRO,2025-12-22T03:18:40.467479Z,10.00,0.1400,0.8600,no
d9c479c0-2864-7ca2-a4d1-3bbf1241cb99,KXMICHCOACH-26-JBRO,2025-12-22T03:13:15.670307Z,321.00,0.1400,0.8600,no
65fbd931-f9fb-7962-8ae7-be2fd783b3ef,KXMICHCOACH-26-JBRO,2025-12-22T03:13:15.670307Z,337.00,0.1400,0.8600,no
584ba762-341c-707f-b74e-4dd2950170b1,KXMICHCOACH-26-JBRO,2025-12-22T03:13:15.670307Z,187.00,0.1500,0.8500,no
9eb20fd1-6b0a-67ab-0f96-9ac7013be447,KXMICHCOACH-26-JBRO,2025-12-22T03:08:35.938612Z,47.00,0.1600,0.8400,yes
feb580f2-f0de-7ac3-0606-9b671eafe24b,KXMICHCOACH-26-JBRO,2025-12-22T02:51:12.846888Z,33.00,0.1600,0.8400,yes
e7c0dae2-616e-76ef-5e69-f803cc9e1c77,KXMICHCOACH-26-JBRO,2025-12-22T02:45:32.860103Z,21.00,0.1600,0.8400,yes
b0ad59b4-8e44-4bdb-074e-5a7d16b42ed9,KXMICHCOACH-26-JBRO,2025-12-22T02:36:40.440227Z,5.00,0.1500,0.8500,no
098388fa-9ca2-59bb-a169-113f3655cb13,KXMICHCOACH-26-JBRO,2025-12-22T02:32:24.678765Z,5.00,0.1600,0.8400,yes
61ae9f65-efa6-4af7-06d9-be9f21887233,KXMICHCOACH-26-JBRO,2025-12-22T02:21:52.978366Z,1.00,0.1600,0.8400,yes
a0b7cb1f-4376-594f-db42-95b1ad5588cb,KXMICHCOACH-26-JBRO,2025-12-22T02:11:22.116625Z,81.00,0.1600,0.8400,yes
90820da1-5dda-7623-d0b1-35322a74e573,KXMICHCOACH-26-JBRO,2025-12-22T02:00:01.591676Z,55.00,0.1600,0.8400,yes
ce446ded-c730-4603-5a9f-be40edbadb61,KXMICHCOACH-26-JBRO,2025-12-22T01:46:15.626043Z,800.00,0.1500,0.8500,no
f73bfa30-06a4-7ffb-db23-bf572fb001c5,KXMICHCOACH-26-JBRO,2025-12-22T00:40:42.387929Z,1.00,0.1500,0.8500,no
17309697-cdd7-4270-fc6f-d1efb590a657,KXMICHCOACH-26-JBRO,2025-12-22T00:30:59.280246Z,159.00,0.1700,0.8300,yes
0ddbb661-6353-5abc-cbb3-5df1171fafcb,KXMICHCOACH-26-JBRO,2025-12-22T00:29:37.644455Z,244.00,0.1700,0.8300,yes
1a59f03a-45ff-66e4-2df7-9f9504dff3bf,KXMICHCOACH-26-JBRO,2025-12-22T00:14:08.931218Z,11.00,0.1700,0.8300,yes
fbaf3fad-eb38-522f-c125-c035a9954695,KXMICHCOACH-26-JBRO,2025-12-22T00:13:47.864714Z,7.00,0.1500,0.8500,no
5ab31f06-0cf7-4884-9bb3-8a66fe91e9cb,KXMICHCOACH-26-JBRO,2025-12-22T00:10:06.771513Z,55.00,0.1700,0.8300,yes
9a0c8e32-6f1b-5740-d126-8975f410eb33,KXMICHCOACH-26-JBRO,2025-12-21T23:32:51.100705Z,133.00,0.1700,0.8300,yes
711568ce-9a97-7d3c-e5ee-76821b1dbd37,KXMICHCOACH-26-JBRO,2025-12-21T23:13:31.105065Z,351.00,0.1700,0.8300,yes
e492bdae-9f6b-428d-19e6-943d47515083,KXMICHCOACH-26-JBRO,2025-12-21T22:27:37.634802Z,2.00,0.1700,0.8300,yes
73737dbf-df8f-7035-9b34-78f170170eeb,KXMICHCOACH-26-JBRO,2025-12-21T22:10:40.531743Z,2.00,0.1700,0.8300,yes
fe1543e7-fb3b-664e-7b25-87b73e47486b,KXMICHCOACH-26-JBRO,2025-12-21T22:00:39.714144Z,252.00,0.1400,0.8600,no
0444ea65-4807-6c32-dfa7-ca25b0eb941f,KXMICHCOACH-26-JBRO,2025-12-21T21:16:21.652928Z,100.00,0.1400,0.8600,no
9aae1b40-b1fb-69ea-0b87-b4bfc5687c07,KXMICHCOACH-26-JBRO,2025-12-21T20:56:46.748369Z,20.00,0.1400,0.8600,no
7bd8a4ec-3dc7-70e9-6fd7-872a02a910d7,KXMICHCOACH-26-JBRO,2025-12-21T20:52:12.643724Z,136.00,0.1700,0.8300,yes
c6327836-3c8f-6ffa-3a40-b60ac716d59b,KXMICHCOACH-26-JBRO,2025-12-21T20:33:46.493605Z,16.00,0.1400,0.8600,no
f4dd29e9-ed97-625e-71aa-8e6f608b4ac4,KXMICHCOACH-26-JBRO,2025-12-21T20:25:10.827571Z,3.00,0.1700,0.8300,yes
aa4a1572-567b-66f5-5a00-a0b567b30b57,KXMICHCOACH-26-JBRO,2025-12-21T20:25:10.827571Z,126.00,0.1700,0.8300,yes
11d1a79b-60f9-6e60-5170-0a1e911af10b,KXMICHCOACH-26-JBRO,2025-12-21T20:25:10.827571Z,660.00,0.1700,0.8300,yes
48ed1f30-de89-4ae8-c461-8932a2fbae67,KXMICHCOACH-26-JBRO,2025-12-21T20:20:09.461058Z,44.00,0.1700,0.8300,yes
511981c5-22c7-6836-1015-42771bd1f6bb,KXMICHCOACH-26-JBRO,2025-12-21T20:09:38.105092Z,73.00,0.1400,0.8600,no
6e7c0ff9-d10b-732e-0134-5c6ab4e6e8f7,KXMICHCOACH-26-JBRO,2025-12-21T19:58:45.519027Z,485.00,0.1400,0.8600,no
b282c025-4b0d-5830-10be-54c621d20da3,KXMICHCOACH-26-JBRO,2025-12-21T19:58:38.3484Z,26.00,0.1700,0.8300,yes
89231a79-1157-66c6-f424-c275c4ea0fb7,KXMICHCOACH-26-JBRO,2025-12-21T19:24:54.422627Z,115.00,0.1400,0.8600,no
a99ab4c8-0659-41a0-804a-02d61347c9bb,KXMICHCOACH-26-JBRO,2025-12-21T19:21:04.105369Z,5.00,0.1700,0.8300,yes
dcc54190-74c0-7860-4e1a-5b6fc3b59ee7,KXMICHCOACH-26-JBRO,2025-12-21T19:00:27.434012Z,40.00,0.1600,0.8400,yes
c11f61e6-a99f-7d9a-73c9-79b14e2e17b9,KXMICHCOACH-26-JBRO,2025-12-21T19:00:27.434012Z,157.00,0.1600,0.8400,yes
51b1d32a-9bb5-7d14-4c1b-61c4b9ddfba3,KXMICHCOACH-26-JBRO,2025-12-21T19:00:27.434012Z,65.00,0.1700,0.8300,yes
1165126b-b35e-7aee-40bf-f335a0348a8e,KXMICHCOACH-26-JBRO,2025-12-21T19:00:27.434012Z,26.00,0.1500,0.8500,yes
7328d9ec-356e-6af2-dbad-b685c4c70eb6,KXMICHCOACH-26-JBRO,2025-12-21T18:56:56.087376Z,125.00,0.1500,0.8500,yes
f4b36efa-eb06-5d4e-fac4-202fe86ee5c6,KXMICHCOACH-26-JBRO,2025-12-21T18:38:59.65792Z,49.00,0.1500,0.8500,no
b111fc07-54af-429e-0e9f-d6f6ed03cf61,KXMICHCOACH-26-JBRO,2025-12-21T18:23:32.38292Z,591.00,0.1600,0.8400,yes
79656f21-584f-5daa-8cf6-6807cd28f561,KXMICHCOACH-26-JBRO,2025-12-21T18:22:59.703739Z,29.00,0.1600,0.8400,yes
daaa2fe3-3be9-5bb5-4e64-14367e7065e2,KXMICHCOACH-26-JBRO,2025-12-21T17:33:06.489589Z,529.00,0.1700,0.8300,yes
be47194d-134c-531e-64a0-80e629d29d9f,KXMICHCOACH-26-JBRO,2025-12-21T17:33:06.489589Z,2689.00,0.1600,0.8400,yes
334afe4b-4478-41f2-297d-7d1372c03f7b,KXMICHCOACH-26-JBRO,2025-12-21T17:30:09.614606Z,1000.00,0.1600,0.8400,yes
6a59b8ab-b66c-4c3a-fd55-6c7b0dc5a94b,KXMICHCOACH-26-JBRO,2025-12-21T17:24:51.822752Z,30.00,0.1600,0.8400,yes
6e786c9f-e323-5c1e-03ea-0ce07c13e2e7,KXMICHCOACH-26-JBRO,2025-12-21T17:19:01.244702Z,18.00,0.1400,0.8600,no
7bac1b82-9548-5f92-8831-4ec5ee260f23,KXMICHCOACH-26-JBRO,2025-12-21T17:16:46.735444Z,23.00,0.1600,0.8400,yes
a6b22613-ba30-58e6-6da9-0d4914b279c3,KXMICHCOACH-26-JBRO,2025-12-21T17:15:20.531063Z,295.00,0.1600,0.8400,yes
ad8337f1-6d68-519e-6eaa-14ba5dcad823,KXMICHCOACH-26-JBRO,2025-12-21T17:07:40.356659Z,295.00,0.1600,0.8400,yes
08a55d9f-b10b-6aca-ad6b-17bb5606108b,KXMICHCOACH-26-JBRO,2025-12-21T17:01:50.758606Z,200.00,0.1400,0.8600,no
e9356bf7-2544-7682-2631-ab33dc32b7eb,KXMICHCOACH-26-JBRO,2025-12-21T16:52:28.518964Z,13.00,0.1600,0.8400,yes
b390053f-3fb8-716e-8aa2-42edc8ea9b0f,KXMICHCOACH-26-JBRO,2025-12-21T16:51:38.251587Z,41.00,0.1600,0.8400,yes
490f658a-b9d5-797c-b082-2675579e1c86,KXMICHCOACH-26-JBRO,2025-12-21T16:48:33.515082Z,61.00,0.1500,0.8500,yes
1174da58-5e20-7732-ac2f-85611392ccdb,KXMICHCOACH-26-JBRO,2025-12-21T16:48:33.515082Z,414.00,0.1600,0.8400,yes
1630481a-e879-4df4-1b90-6d65f3cef38e,KXMICHCOACH-26-JBRO,2025-12-21T16:48:16.047781Z,314.00,0.1500,0.8500,yes
c68609ac-061d-469c-91e4-1876e503b62e,KXMICHCOACH-26-JBRO,2025-12-21T16:44:48.294446Z,125.00,0.1500,0.8500,yes
a5c9f82d-4afb-47f6-e89b-9e1cee0ffbf3,KXMICHCOACH-26-JBRO,2025-12-21T16:28:49.560442Z,100.00,0.1400,0.8600,no
e31de249-c647-443b-38b5-43e2c2f91b4c,KXMICHCOACH-26-JBRO,2025-12-21T16:20:08.954658Z,1.00,0.1600,0.8400,yes
7aa98c48-dda3-774a-3242-cd5277a238ef,KXMICHCOACH-26-JBRO,2025-12-21T16:17:18.781069Z,109.00,0.1400,0.8600,no
5ed0743c-23f3-53c3-6f62-82344c519eec,KXMICHCOACH-26-JBRO,2025-12-21T16:09:09.235422Z,590.00,0.1600,0.8400,yes
9218aa70-3c9b-7726-b6f8-df87e51b94cb,KXMICHCOACH-26-JBRO,2025-12-21T16:06:56.925609Z,339.00,0.1400,0.8600,no
648cbe9c-3167-6567-79cb-f53a1249bea8,KXMICHCOACH-26-JBRO,2025-12-21T15:46:41.793954Z,94.00,0.1600,0.8400,yes
5ac8af97-0c9f-524b-9938-69960a164f98,KXMICHCOACH-26-JBRO,2025-12-21T15:14:01.135674Z,47.00,0.1500,0.8500,no
ddc47450-793b-78a3-d773-896962399656,KXMICHCOACH-26-JBRO,2025-12-21T15:12:55.434033Z,29.00,0.1500,0.8500,yes
c1143d30-2c84-7fa5-c8c0-8a11ecfbc41a,KXMICHCOACH-26-JBRO,2025-12-21T15:12:55.434033Z,44.00,0.1500,0.8500,yes
83e56855-f88f-714f-c42d-7764864d64dc,KXMICHCOACH-26-JBRO,2025-12-21T15:12:55.434033Z,315.00,0.1600,0.8400,yes
1fda7df5-e3b0-7a0b-e042-868936ad771d,KXMICHCOACH-26-JBRO,2025-12-21T15:12:55.434033Z,206.00,0.1600,0.8400,yes
1d097685-71c3-5d08-8612-5500a7e0deba,KXMICHCOACH-26-JBRO,2025-12-21T15:09:25.958537Z,51.00,0.1500,0.8500,no
4d7c1707-3058-46f7-e78f-29b36bf14881,KXMICHCOACH-26-JBRO,2025-12-21T14:56:33.751762Z,290.00,0.1600,0.8400,yes
0f52b9ea-830c-7bd7-e5cc-f8a5c11d8f41,KXMICHCOACH-26-JBRO,2025-12-21T14:56:28.854716Z,118.00,0.1600,0.8400,yes
8717e874-40a4-618b-7b5f-cadf74e2e811,KXMICHCOACH-26-JBRO,2025-12-21T14:53:44.15993Z,1.00,0.1600,0.8400,yes
9a9cef30-6890-51b7-6840-af584e8a4b9d,KXMICHCOACH-26-JBRO,2025-12-21T14:47:50.309228Z,118.00,0.1600,0.8400,yes
fc3bff4a-b8bc-5553-0f1a-6f5d85394ebd,KXMICHCOACH-26-JBRO,2025-12-21T14:47:13.40043Z,155.00,0.1600,0.8400,yes
5613f8ff-81bf-512a-1a1e-7c0915524c3a,KXMICHCOACH-26-JBRO,2025-12-21T14:46:17.157073Z,3.00,0.1500,0.8500,yes
36b0cefa-7a66-5412-04e2-f0f9b880a904,KXMICHCOACH-26-JBRO,2025-12-21T14:46:17.157073Z,842.00,0.1500,0.8500,yes
0968855e-3cd7-5e4a-203a-61760e51f0a1,KXMICHCOACH-26-JBRO,2025-12-21T14:46:17.157073Z,200.00,0.1500,0.8500,yes
41250287-4a4f-5cfe-f27b-666d664e9757,KXMICHCOACH-26-JBRO,2025-12-21T14:31:14.824005Z,36.00,0.1400,0.8600,no
a41f3203-253e-407e-3c41-b008738d9198,KXMICHCOACH-26-JBRO,2025-12-21T14:20:04.918018Z,339.00,0.1500,0.8500,yes
401ed771-8c0e-4e46-e64f-199597a78478,KXMICHCOACH-26-JBRO,2025-12-21T14:15:21.184349Z,314.00,0.1500,0.8500,yes
d15983d4-2e7a-456a-fc41-858399ba14a4,KXMICHCOACH-26-JBRO,2025-12-21T14:13:39.881204Z,69.00,0.1500,0.8500,yes
b9898be5-2922-4bfe-cfca-9a7592fff284,KXMICHCOACH-26-JBRO,2025-12-21T13:25:07.470877Z,62.00,0.1500,0.8500,yes
37e3692e-a376-5c56-7895-a387a835e884,KXMICHCOACH-26-JBRO,2025-12-21T13:20:34.584165Z,471.00,0.1500,0.8500,yes
88622938-69fe-6166-3a6c-bde7fb381988,KXMICHCOACH-26-JBRO,2025-12-21T13:06:54.75269Z,24.00,0.1500,0.8500,yes
3eab9658-fea2-6129-37e0-3d7401ba0bcd,KXMICHCOACH-26-JBRO,2025-12-21T13:06:54.75269Z,108.00,0.1400,0.8600,yes
54e63a9a-c5ca-7ddd-2c82-4ea40d703469,KXMICHCOACH-26-JBRO,2025-12-21T12:44:09.291409Z,579.00,0.1400,0.8600,yes
d07948dd-5e6a-5668-9026-ac71b5ea4e21,KXMICHCOACH-26-JBRO,2025-12-21T12:43:56.461075Z,31.00,0.1100,0.8900,no
b0a163e9-df98-504d-8158-e7dc3eb6a7ee,KXMICHCOACH-26-JBRO,2025-12-21T12:43:56.461075Z,64.00,0.0900,0.9100,no
644cf93b-7d45-5a46-901d-1f355c0f9274,KXMICHCOACH-26-JBRO,2025-12-21T12:43:56.461075Z,213.00,0.0900,0.9100,no
3ea2d222-4dd5-53eb-4317-950ad252cabe,KXMICHCOACH-26-JBRO,2025-12-21T12:27:14.31764Z,3.00,0.1400,0.8600,yes
1383f8fb-fcc2-504a-77d3-3997d72eb6a8,KXMICHCOACH-26-JBRO,2025-12-21T12:27:14.31764Z,28.00,0.1500,0.8500,yes
fcccb7ad-2531-7b24-e21c-edafcf9d2fcf,KXMICHCOACH-26-JBRO,2025-12-21T12:20:06.863963Z,11.00,0.1400,0.8600,yes
7e40710e-fc1f-78a4-f153-1dfa70eda77c,KXMICHCOACH-26-JBRO,2025-12-21T12:20:06.863963Z,20.00,0.1400,0.8600,yes
5454911c-5509-7cf3-dc1f-00a93915e0e6,KXMICHCOACH-26-JBRO,2025-12-21T12:20:06.863963Z,307.00,0.1400,0.8600,yes
ebd427aa-2eee-66ea-bd8e-46763370ad11,KXMICHCOACH-26-JBRO,2025-12-21T10:36:03.145147Z,273.00,0.1300,0.8700,yes
b511ac41-c06d-6904-8cfb-3cf2ac605a1f,KXMICHCOACH-26-JBRO,2025-12-21T10:36:03.145147Z,989.00,0.1400,0.8600,yes
a5a40dcb-4d1b-6119-8500-424ae1d70ec6,KXMICHCOACH-26-JBRO,2025-12-21T10:36:03.145147Z,555.00,0.1300,0.8700,yes
9fd26e6b-ee23-6730-ba3a-3d0849b3e659,KXMICHCOACH-26-JBRO,2025-12-21T10:36:03.145147Z,10.00,0.1300,0.8700,yes
6366b568-7a3e-6bd1-8514-5858b9e5c929,KXMICHCOACH-26-JBRO,2025-12-21T10:36:03.145147Z,24.00,0.1300,0.8700,yes
513cdaab-de16-68bc-aa6c-3436110c207c,KXMICHCOACH-26-JBRO,2025-12-21T10:36:03.145147Z,611.00,0.1300,0.8700,yes
99dc80bb-4698-6288-e6fc-19a1dafa3902,KXMICHCOACH-26-JBRO,2025-12-21T10:27:35.333633Z,348.00,0.1200,0.8800,yes
ba171d5d-1a38-75e9-4c99-e43d8256626e,KXMICHCOACH-26-JBRO,2025-12-21T09:47:26.116913Z,436.00,0.0900,0.9100,no
8bd78a16-423d-7a23-7280-4f9ca34e5e6d,KXMICHCOACH-26-JBRO,2025-12-21T09:47:26.116913Z,373.00,0.1000,0.9000,no
1db92fbf-be6a-7172-6822-abae0526e82a,KXMICHCOACH-26-JBRO,2025-12-21T09:47:26.116913Z,8.00,0.0900,0.9100,no
125ff2c9-01d3-721a-5783-2c36b671a4c6,KXMICHCOACH-26-JBRO,2025-12-21T09:47:26.116913Z,38.00,0.1100,0.8900,no
26cfb396-e958-5eac-f751-dfcef08b1346,KXMICHCOACH-26-JBRO,2025-12-21T08:34:56.202087Z,39.00,0.1200,0.8800,yes
4c69cfd5-6f70-6774-4fbf-b620b4659e0e,KXMICHCOACH-26-JBRO,2025-12-21T08:20:05.489109Z,392.00,0.1200,0.8800,yes
ce1d2034-f6c8-6ea4-1d7c-0e33249d4366,KXMICHCOACH-26-JBRO,2025-12-21T08:18:29.795505Z,332.00,0.1200,0.8800,yes
927f3e83-35f0-6a52-1c21-f6029a718d76,KXMICHCOACH-26-JBRO,2025-12-21T08:18:29.795505Z,60.00,0.1200,0.8800,yes
bbba9957-ecd8-7ddb-9a79-18e12677631b,KXMICHCOACH-26-JBRO,2025-12-21T06:38:56.524787Z,7.00,0.1200,0.8800,yes
3ac3ab93-cd74-5923-454f-4d688144fd1f,KXMICHCOACH-26-JBRO,2025-12-21T06:29:47.037458Z,3.00,0.1200,0.8800,yes
0c7cd65c-2a5c-487f-7d3f-2735d6cc0197,KXMICHCOACH-26-JBRO,2025-12-21T06:02:48.944779Z,392.00,0.1200,0.8800,yes
d82157f4-1580-7a8f-5221-00d57ce0b8d3,KXMICHCOACH-26-JBRO,2025-12-21T06:01:56.020958Z,7.00,0.1200,0.8800,yes
82fdbbaf-f3fc-709b-caaf-19b037095307,KXMICHCOACH-26-JBRO,2025-12-21T05:43:09.566023Z,71.00,0.1200,0.8800,yes
6b88aeee-3d75-5e93-8d13-3891a45e662d,KXMICHCOACH-26-JBRO,2025-12-21T05:33:41.345807Z,10.00,0.1000,0.9000,no
3a753068-e3e0-57cf-c7dd-dae7d59b1053,KXMICHCOACH-26-JBRO,2025-12-21T05:12:38.704531Z,193.00,0.1200,0.8800,yes
9e0ccff5-680a-761a-1784-d39a948c2301,KXMICHCOACH-26-JBRO,2025-12-21T04:58:45.658105Z,36.00,0.1300,0.8700,yes
dd6a6d51-9cb2-693a-39b3-8477dbf25ba1,KXMICHCOACH-26-JBRO,2025-12-21T04:58:32.158173Z,196.00,0.1300,0.8700,yes
e0328e2a-f577-7d46-f737-8f7a25910491,KXMICHCOACH-26-JBRO,2025-12-21T04:46:06.826574Z,17.00,0.1100,0.8900,no
bcd21db7-e7c9-7f4b-e01c-1954bfcd15e9,KXMICHCOACH-26-JBRO,2025-12-21T04:46:06.826574Z,505.00,0.1000,0.9000,no
613e55e6-192e-7771-e9e1-773b710c1e87,KXMICHCOACH-26-JBRO,2025-12-21T04:46:06.826574Z,413.00,0.1000,0.9000,no
e6f88b32-9176-631d-6aa0-8d96828c19af,KXMICHCOACH-26-JBRO,2025-12-21T04:45:28.243687Z,83.00,0.1000,0.9000,no
bf106749-e4d4-6269-70ae-2626acfe1e8c,KXMICHCOACH-26-JBRO,2025-12-21T04:45:28.243687Z,100.00,0.1100,0.8900,no
be250610-b89b-6808-4463-006dfb6df737,KXMICHCOACH-26-JBRO,2025-12-21T04:45:28.243687Z,33.00,0.1100,0.8900,no
9b82b96c-33ae-625d-4f31-68dcab9675d7,KXMICHCOACH-26-JBRO,2025-12-21T04:45:28.243687Z,100.00,0.1100,0.8900,no
6a12a471-0d6b-6ee1-51e1-36f472eb6120,KXMICHCOACH-26-JBRO,2025-12-21T04:45:28.243687Z,100.00,0.1100,0.8900,no
ee05b6ad-456a-75f9-bab8-cb810046c6bf,KXMICHCOACH-26-JBRO,2025-12-21T04:24:52.808421Z,4.00,0.1000,0.9000,no
e2a467d4-c39f-7864-814d-877cf10e8399,KXMICHCOACH-26-JBRO,2025-12-21T04:24:52.808421Z,67.00,0.1100,0.8900,no
85cb0709-f5af-75dd-8e90-1defe8078db5,KXMICHCOACH-26-JBRO,2025-12-21T04:24:52.808421Z,5.00,0.1100,0.8900,no
1fda798d-bbf7-72cf-9b10-0feeda389d02,KXMICHCOACH-26-JBRO,2025-12-21T04:24:52.808421Z,24.00,0.1100,0.8900,no
1a1c7a19-c8cd-7141-937e-68ac9673211f,KXMICHCOACH-26-JBRO,2025-12-21T04:24:52.808421Z,2.00,0.1100,0.8900,no
04c0f208-08cf-7e5f-bf8b-47b92c8da647,KXMICHCOACH-26-JBRO,2025-12-21T04:24:52.808421Z,210.00,0.1200,0.8800,no
25b5af2f-20e0-5cf0-68b2-047875bf01c6,KXMICHCOACH-26-JBRO,2025-12-21T04:09:51.263837Z,20.00,0.1400,0.8600,yes
a95e011e-78d8-5104-d955-8b9dcb21d44e,KXMICHCOACH-26-JBRO,2025-12-21T04:07:37.506199Z,3.00,0.1400,0.8600,yes
e6bb9cf6-5878-6a18-99fa-c1da793bf422,KXMICHCOACH-26-JBRO,2025-12-21T04:04:24.733199Z,134.00,0.1400,0.8600,yes
d0d3d6c1-1484-7298-9e15-63533e719eaa,KXMICHCOACH-26-JBRO,2025-12-21T04:02:18.009101Z,673.00,0.1400,0.8600,yes
c3497e2f-466f-46d7-23e7-c0a4c75bf7fb,KXMICHCOACH-26-JBRO,2025-12-21T03:53:56.093735Z,296.00,0.1200,0.8800,no
bc54e61c-1069-44bc-3938-0e16662f923e,KXMICHCOACH-26-JBRO,2025-12-21T03:53:56.093735Z,384.00,0.1200,0.8800,no
f3f62852-9ab2-5318-3ab2-6daed5a24238,KXMICHCOACH-26-JBRO,2025-12-21T03:29:45.687789Z,646.00,0.1400,0.8600,yes
aaaceec5-5774-5b74-0a36-989f1b2097e6,KXMICHCOACH-26-JBRO,2025-12-21T03:29:45.687789Z,34.00,0.1400,0.8600,yes
bf540f4f-178e-4300-8454-f179a223f264,KXMICHCOACH-26-JBRO,2025-12-21T03:28:46.890054Z,185.00,0.1400,0.8600,yes
310609c2-a1ae-7684-3a99-b3ff1f4ae530,KXMICHCOACH-26-JBRO,2025-12-21T03:06:30.347795Z,13.00,0.1400,0.8600,yes
b82ed763-5091-5a94-e76a-fc18a20a7cc6,KXMICHCOACH-26-JBRO,2025-12-21T03:05:24.904846Z,50.00,0.1200,0.8800,no
047dc28e-e5a2-6d6c-e141-c3551efeae1c,KXMICHCOACH-26-JBRO,2025-12-21T02:53:35.637478Z,31.00,0.1400,0.8600,yes
72d34b24-4719-64cc-2d70-a5be625199fa,KXMICHCOACH-26-JBRO,2025-12-21T02:31:47.22601Z,66.00,0.1200,0.8800,no
371a7b9c-5184-6f68-3a6a-377a78f89877,KXMICHCOACH-26-JBRO,2025-12-21T02:31:47.22601Z,500.00,0.1200,0.8800,no
1ef73705-be0e-6678-1b3c-f3925cc8fbdd,KXMICHCOACH-26-JBRO,2025-12-21T02:31:47.22601Z,10.00,0.1200,0.8800,no
1e198d25-44fa-6957-02fa-cd08686d34dc,KXMICHCOACH-26-JBRO,2025-12-21T02:31:47.22601Z,2.00,0.1300,0.8700,no
5278a8e1-37fd-6b2d-0ed4-5dd979f4956e,KXMICHCOACH-26-JBRO,2025-12-21T02:17:14.99514Z,125.00,0.1400,0.8600,no
c6232e22-280d-66bd-ec00-d27a06b45d9e,KXMICHCOACH-26-JBRO,2025-12-21T02:16:21.386271Z,93.00,0.1400,0.8600,no
6997fa1a-2f1e-5a6a-a042-2eb083a59a58,KXMICHCOACH-26-JBRO,2025-12-21T02:10:21.827034Z,8.00,0.1500,0.8500,yes
172e8bcc-f5a6-7b9a-06ac-067726a84af0,KXMICHCOACH-26-JBRO,2025-12-21T02:10:00.836451Z,3.00,0.1500,0.8500,yes
99caee2b-c1de-7192-7080-c653592878e8,KXMICHCOACH-26-JBRO,2025-12-21T01:56:17.33517Z,62.00,0.1500,0.8500,yes
b861eae4-3271-4c11-9fb8-cbebcbe703e6,KXMICHCOACH-26-JBRO,2025-12-21T01:44:03.285384Z,15.00,0.1400,0.8600,no
0fc3b326-d110-7644-02e7-b29adbdd160a,KXMICHCOACH-26-JBRO,2025-12-21T01:28:26.721628Z,25.00,0.1600,0.8400,yes
e59d8228-e68c-6001-0236-717f0cb92c61,KXMICHCOACH-26-JBRO,2025-12-21T01:28:18.122458Z,2.00,0.1400,0.8600,no
a7d33832-3a6e-65fc-3221-49a042f24c35,KXMICHCOACH-26-JBRO,2025-12-21T01:28:18.122458Z,651.00,0.1400,0.8600,no
a189affb-b0cd-603e-2364-a6bfc3b458fb,KXMICHCOACH-26-JBRO,2025-12-21T01:28:18.122458Z,100.00,0.1400,0.8600,no
7a296e86-5391-6aa5-0bc4-3d9d02cc7ee2,KXMICHCOACH-26-JBRO,2025-12-21T01:28:18.122458Z,78.00,0.1400,0.8600,no
a9a09d2c-6ed6-4e0c-728e-12ee0c676f81,KXMICHCOACH-26-JBRO,2025-12-21T01:27:19.234636Z,70.00,0.1400,0.8600,no
f21ee2dc-1aec-78f3-c416-fab01c360a7a,KXMICHCOACH-26-JBRO,2025-12-21T01:19:23.30556Z,133.00,0.1500,0.8500,no
5496bd1c-69aa-7054-dc2a-c4700b12b88d,KXMICHCOACH-26-JBRO,2025-12-21T01:19:23.30556Z,6.00,0.1400,0.8600,no
2444567a-25d6-594c-e633-43222118e550,KXMICHCOACH-26-JBRO,2025-12-21T01:00:31.508829Z,5.00,0.1600,0.8400,yes
c77b5175-9c36-6d00-8eb0-45f24a2bff91,KXMICHCOACH-26-JBRO,2025-12-21T00:52:01.341469Z,60.00,0.1400,0.8600,no
88521802-a1ba-6dac-768d-f3678f77a678,KXMICHCOACH-26-JBRO,2025-12-21T00:38:04.772977Z,177.00,0.1600,0.8400,yes
26c93cfd-02a2-6588-70d4-504a4c936838,KXMICHCOACH-26-JBRO,2025-12-21T00:31:21.820957Z,17.00,0.1600,0.8400,yes
0a2c3a93-fb52-691c-fa75-5f7b5076faa0,KXMICHCOACH-26-JBRO,2025-12-21T00:29:26.371883Z,5.00,0.1600,0.8400,yes
02be27e4-4c2a-629c-9af7-b7c92c9c1024,KXMICHCOACH-26-JBRO,2025-12-21T00:27:55.797359Z,5.00,0.1600,0.8400,yes
bb2e756a-0a82-4c30-2c9a-c8cddd118358,KXMICHCOACH-26-JBRO,2025-12-21T00:24:22.962053Z,472.00,0.1600,0.8400,yes
f0d1a069-ae3e-5eb0-a107-cb2869e22570,KXMICHCOACH-26-JBRO,2025-12-21T00:11:24.161781Z,59.00,0.1600,0.8400,yes
b7e4e0cc-898e-71e8-f467-e60e54c07419,KXMICHCOACH-26-JBRO,2025-12-21T00:06:05.979176Z,367.00,0.1400,0.8600,no
27afabc2-cdf0-7418-c87c-f904ea51f72e,KXMICHCOACH-26-JBRO,2025-12-21T00:06:05.979176Z,150.00,0.1500,0.8500,no
dfa30e86-e61a-7cd0-5c92-b2953ed29584,KXMICHCOACH-26-JBRO,2025-12-21T00:02:46.616401Z,100.00,0.1600,0.8400,yes
e4ec4e32-36a1-57b9-c2e9-942bf8625742,KXMICHCOACH-26-JBRO,2025-12-20T23:59:42.346924Z,26.00,0.1700,0.8300,yes
13be3741-98ad-4c75-f2a3-ff00b379ba5a,KXMICHCOACH-26-JBRO,2025-12-20T23:54:15.484061Z,2.00,0.1700,0.8300,yes
dd40c6a6-de40-7a62-5914-bf278653a4de,KXMICHCOACH-26-JBRO,2025-12-20T23:52:05.189206Z,100.00,0.1600,0.8400,yes
8bab58f9-d425-725c-687b-aa69cc803012,KXMICHCOACH-26-JBRO,2025-12-20T23:52:05.189206Z,18.00,0.1600,0.8400,yes
2fa520a9-1971-7615-45cd-c1c150b82f9e,KXMICHCOACH-26-JBRO,2025-12-20T23:52:05.189206Z,27.00,0.1700,0.8300,yes
5511c867-e072-7ba0-01af-ae9a1224da8f,KXMICHCOACH-26-JBRO,2025-12-20T23:50:06.602309Z,260.00,0.1600,0.8400,yes
3fdec817-40f1-7e60-2289-f3b4fafc206a,KXMICHCOACH-26-JBRO,2025-12-20T23:50:06.602309Z,182.00,0.1600,0.8400,yes
80d8c791-49e6-5c20-1592-ee6c5cf991a3,KXMICHCOACH-26-JBRO,2025-12-20T23:28:36.163168Z,59.00,0.1600,0.8400,yes
ae64f642-a1ca-5a00-9dfd-f327c833162f,KXMICHCOACH-26-JBRO,2025-12-20T23:28:06.562529Z,1.00,0.1600,0.8400,yes
f6da7152-88fe-5570-f7c7-9a74046cd345,KXMICHCOACH-26-JBRO,2025-12-20T23:06:13.940417Z,100.00,0.1400,0.8600,no
6c3270fc-ee3e-7b9c-de81-8a3c844f1dbd,KXMICHCOACH-26-JBRO,2025-12-20T23:04:51.439521Z,51.00,0.1400,0.8600,no
0a70ee85-320d-729d-76b3-2c12facb3cfe,KXMICHCOACH-26-JBRO,2025-12-20T23:04:44.750267Z,38.00,0.1700,0.8300,yes
ea77a376-f45e-6aa0-dcd2-04aeb245c6bd,KXMICHCOACH-26-JBRO,2025-12-20T23:03:43.054224Z,1425.00,0.1400,0.8600,no
a6f5e8d8-3495-5672-bba6-04d17b06ac4a,KXMICHCOACH-26-JBRO,2025-12-20T23:03:37.205316Z,75.00,0.1500,0.8500,no
70be8389-ebd6-57d8-ba64-771b1946d6b9,KXMICHCOACH-26-JBRO,2025-12-20T23:03:37.205316Z,250.00,0.1500,0.8500,no
47261970-0216-6daa-790d-ebad8e034d13,KXMICHCOACH-26-JBRO,2025-12-20T23:03:29.925777Z,250.00,0.1600,0.8400,no
9b062b58-945c-6c38-fcfc-8ad26f740b35,KXMICHCOACH-26-JBRO,2025-12-20T22:57:31.913024Z,52.00,0.1700,0.8300,yes
43b1d950-4cf4-45e8-cc2b-715fc8066c8d,KXMICHCOACH-26-JBRO,2025-12-20T22:52:39.197214Z,11.00,0.1700,0.8300,yes
9ea73e11-f874-4cb4-6c2b-cb55eda8a9a1,KXMICHCOACH-26-JBRO,2025-12-20T22:45:00.034802Z,166.00,0.1700,0.8300,yes
b5b67f4e-4489-6717-c35c-cc82dafb6da1,KXMICHCOACH-26-JBRO,2025-12-20T22:32:18.338793Z,80.00,0.1700,0.8300,no
2d92aa32-c455-6fc2-f56d-129bd6896e5f,KXMICHCOACH-26-JBRO,2025-12-20T22:32:18.338793Z,942.00,0.1700,0.8300,no
626c2066-01d8-5592-9c42-0a88cd31db1e,KXMICHCOACH-26-JBRO,2025-12-20T22:23:09.228193Z,24.00,0.1900,0.8100,yes
e2b636c1-5f84-6c5e-c7d2-1fdfaffcd682,KXMICHCOACH-26-JBRO,2025-12-20T22:13:32.266136Z,124.00,0.1900,0.8100,yes
d5685c21-ffbc-792e-182f-95ddc5a852d2,KXMICHCOACH-26-JBRO,2025-12-20T22:10:03.229013Z,1.00,0.1900,0.8100,yes
cc39d3a2-0344-4a5f-900c-93127ebc1470,KXMICHCOACH-26-JBRO,2025-12-20T22:04:20.635492Z,21.00,0.1700,0.8300,no
7d7df083-3a2b-48bc-bbc3-bd85efc6ce77,KXMICHCOACH-26-JBRO,2025-12-20T22:04:20.635492Z,38.00,0.1700,0.8300,no
66fc1990-2251-4042-82aa-d98aa7657cef,KXMICHCOACH-26-JBRO,2025-12-20T22:04:20.635492Z,58.00,0.1700,0.8300,no
d7b845dc-e2b8-7e5f-ca0b-92ff0e9c2904,KXMICHCOACH-26-JBRO,2025-12-20T22:03:42.58542Z,98.00,0.1700,0.8300,no
0bd1411c-b35c-7dcb-00e3-1213a39464fc,KXMICHCOACH-26-JBRO,2025-12-20T22:01:22.506063Z,42.00,0.1700,0.8300,no
bf961db3-8974-4b56-e2e3-875b0c7a4bf6,KXMICHCOACH-26-JBRO,2025-12-20T22:00:01.944253Z,249.00,0.1900,0.8100,yes
f8f861ab-52fc-7d8b-138f-f8850e474e64,KXMICHCOACH-26-JBRO,2025-12-20T21:58:30.538493Z,39.00,0.1700,0.8300,no
f5a32cfe-f91c-73fe-5720-db6ad8a51da6,KXMICHCOACH-26-JBRO,2025-12-20T21:53:51.083403Z,49.00,0.1900,0.8100,yes
e70d280a-4e58-609a-06ad-bb88f752a55a,KXMICHCOACH-26-JBRO,2025-12-20T21:49:29.589378Z,200.00,0.1900,0.8100,yes
ebea62a3-8708-6112-e80f-f39908521456,KXMICHCOACH-26-JBRO,2025-12-20T21:44:50.292371Z,57.00,0.1900,0.8100,yes
97ac7097-fd70-4586-d540-964b213ae6da,KXMICHCOACH-26-JBRO,2025-12-20T21:41:14.248198Z,238.00,0.1900,0.8100,yes
876399a1-7b04-7726-0fd7-77070128c5ca,KXMICHCOACH-26-JBRO,2025-12-20T21:39:34.504962Z,14.00,0.1900,0.8100,yes
e177854b-9945-4633-25a8-0e8453fe2d31,KXMICHCOACH-26-JBRO,2025-12-20T21:38:08.834687Z,422.00,0.1800,0.8200,yes
ccd22e01-59f4-75c2-2f76-39f1cf1ea32e,KXMICHCOACH-26-JBRO,2025-12-20T21:34:25.086936Z,24.00,0.1900,0.8100,yes
6cdaff81-b8a8-48f6-3a1f-6c8fae1c82c2,KXMICHCOACH-26-JBRO,2025-12-20T21:34:17.893457Z,49.00,0.1900,0.8100,yes
9de8cc95-69a0-7ea3-75a5-da42e12a5daf,KXMICHCOACH-26-JBRO,2025-12-20T21:32:05.694572Z,47.00,0.2000,0.8000,yes
7c92ce15-85c0-74ab-c7ba-8c7751ceeddf,KXMICHCOACH-26-JBRO,2025-12-20T21:31:00.040379Z,152.00,0.2000,0.8000,yes
197666f6-0c8d-7547-dc7f-279d7a0b06ce,KXMICHCOACH-26-JBRO,2025-12-20T21:31:00.040379Z,794.00,0.2000,0.8000,yes
9e5febfc-f845-6113-57bf-3ed58252a37a,KXMICHCOACH-26-JBRO,2025-12-20T21:23:28.588267Z,4.00,0.2000,0.8000,yes
7f4f1fa0-8f05-75a3-5cd8-0a086e77e2fa,KXMICHCOACH-26-JBRO,2025-12-20T21:22:27.676282Z,151.00,0.2000,0.8000,yes
255adca2-1885-509b-159f-cb0dcafa0712,KXMICHCOACH-26-JBRO,2025-12-20T21:20:27.719978Z,51.00,0.2000,0.8000,yes
23049b82-74f7-5e29-7847-9bb4ff82e251,KXMICHCOACH-26-JBRO,2025-12-20T21:19:13.40664Z,180.00,0.2100,0.7900,yes
2ace8b3e-ba24-7829-59d0-9f0bd2331bcd,KXMICHCOACH-26-JBRO,2025-12-20T21:11:52.558501Z,5.00,0.2200,0.7800,yes
f9537542-3620-6fd9-b905-1795335fb00d,KXMICHCOACH-26-JBRO,2025-12-20T21:11:06.051032Z,8.00,0.2200,0.7800,yes
dda302ee-0688-7a05-2110-fca4e6f2eb31,KXMICHCOACH-26-JBRO,2025-12-20T21:10:30.267881Z,215.00,0.2200,0.7800,yes
d95a53ac-60cb-6adb-435f-0a22722fe2ee,KXMICHCOACH-26-JBRO,2025-12-20T21:07:39.129636Z,148.00,0.2100,0.7900,yes
49cec4ad-b29e-6ca2-4bbb-d0c30319227a,KXMICHCOACH-26-JBRO,2025-12-20T21:07:39.129636Z,95.00,0.2200,0.7800,yes
5764260b-83b7-4cd3-edbb-a448ca0ef73e,KXMICHCOACH-26-JBRO,2025-12-20T21:03:24.774617Z,45.00,0.2100,0.7900,yes
69695c7f-f5db-4ec7-ef6b-991507f83cee,KXMICHCOACH-26-JBRO,2025-12-20T21:02:34.717541Z,321.00,0.2100,0.7900,yes
03193527-332e-4a22-cf96-bac03aee9da4,KXMICHCOACH-26-JBRO,2025-12-20T21:02:34.717541Z,3.00,0.2100,0.7900,yes
a5dde625-31e2-4412-5e9e-f63a78436470,KXMICHCOACH-26-JBRO,2025-12-20T21:01:20.535822Z,67.00,0.2100,0.7900,yes
c16d6de0-8c7b-4ca7-2839-e9ce63b677a2,KXMICHCOACH-26-JBRO,2025-12-20T21:00:44.115209Z,139.00,0.1900,0.8100,yes
bc7e7911-5e75-4f38-4c7e-c36895d0b494,KXMICHCOACH-26-JBRO,2025-12-20T21:00:34.724462Z,193.00,0.1500,0.8500,no
13179a54-02d1-51d0-7c94-e7b6b4f7eb5c,KXMICHCOACH-26-JBRO,2025-12-20T21:00:00.371216Z,460.00,0.1500,0.8500,no
53ef8776-a76c-4a45-7ec5-6404ba09b2e8,KXMICHCOACH-26-JBRO,2025-12-20T20:59:45.722529Z,250.00,0.1600,0.8400,no
4eb8e0bc-d114-4994-5d48-df9c516b6f45,KXMICHCOACH-26-JBRO,2025-12-20T20:59:45.722529Z,10.00,0.1600,0.8400,no
44a1b311-37a2-4f35-58d0-b1d015a46d9b,KXMICHCOACH-26-JBRO,2025-12-20T20:59:45.722529Z,20.00,0.1600,0.8400,no
16bd20fa-5e7a-4b90-4cbf-34f04b5bb7a3,KXMICHCOACH-26-JBRO,2025-12-20T20:59:45.722529Z,10.00,0.1600,0.8400,no
b4854893-ceda-5e79-7936-85903e531705,KXMICHCOACH-26-JBRO,2025-12-20T20:59:20.939751Z,250.00,0.1700,0.8300,no
616b3f24-4d0b-6dd0-b2d2-4bf6c976f30f,KXMICHCOACH-26-JBRO,2025-12-20T20:59:01.821821Z,22.00,0.2200,0.7800,yes
03e68aba-ca15-676a-be7d-b48b10ee4d6e,KXMICHCOACH-26-JBRO,2025-12-20T20:58:12.558028Z,59.00,0.2400,0.7600,yes
3c4618e2-0e21-65ea-1d20-3777859dfd36,KXMICHCOACH-26-JBRO,2025-12-20T20:56:07.214164Z,193.00,0.2400,0.7600,yes
b100656b-8432-5cff-d75f-e1b69b7d836d,KXMICHCOACH-26-JBRO,2025-12-20T20:54:57.139678Z,82.00,0.2500,0.7500,yes
bd28567e-24d2-7bbf-cd37-bcb8728a5ec1,KXMICHCOACH-26-JBRO,2025-12-20T20:53:27.825984Z,415.00,0.2500,0.7500,yes
9ee4cd89-bcd5-75fb-f57d-5346b1c5ff67,KXMICHCOACH-26-JBRO,2025-12-20T20:53:27.825984Z,200.00,0.2500,0.7500,yes
897ca6e9-5f16-7e0e-f4fc-10bb61bcbe7e,KXMICHCOACH-26-JBRO,2025-12-20T20:53:27.825984Z,522.00,0.2100,0.7900,yes
7d89c30a-3a50-76cc-deb7-348a837e8ddc,KXMICHCOACH-26-JBRO,2025-12-20T20:53:27.825984Z,2000.00,0.2200,0.7800,yes
61301b9d-93b2-7646-f95f-94938961ceeb,KXMICHCOACH-26-JBRO,2025-12-20T20:53:27.825984Z,23.00,0.2200,0.7800,yes
38ff3757-4386-77ba-bfc2-980ff0367cbe,KXMICHCOACH-26-JBRO,2025-12-20T20:53:07.213626Z,8.00,0.2100,0.7900,yes
06f2a8a6-414a-6f06-ca4a-2075782bcf26,KXMICHCOACH-26-JBRO,2025-12-20T20:52:50.710396Z,2.00,0.2100,0.7900,yes
f65f954e-cd56-5d0a-fab3-18057a893a9e,KXMICHCOACH-26-JBRO,2025-12-20T20:51:51.213621Z,112.00,0.2100,0.7900,yes
494fd4b4-d99a-4d45-2c30-e40bf4797cfb,KXMICHCOACH-26-JBRO,2025-12-20T20:50:40.10113Z,18.00,0.1600,0.8400,no
ce675f6b-a716-6e26-3081-81a651557b52,KXMICHCOACH-26-JBRO,2025-12-20T20:50:15.102273Z,45.00,0.2100,0.7900,yes
1b3acde9-fd22-6b92-934a-f771a5d365c2,KXMICHCOACH-26-JBRO,2025-12-20T20:49:33.745448Z,90.00,0.2100,0.7900,yes
85f2d3a4-502e-62c6-f639-80899b2f5b7a,KXMICHCOACH-26-JBRO,2025-12-20T20:48:59.375189Z,221.00,0.2100,0.7900,yes
b3fc017b-2ec2-5ed2-1658-fa633795660f,KXMICHCOACH-26-JBRO,2025-12-20T20:47:01.862297Z,37.00,0.2000,0.8000,yes
57ac55b7-3f3e-73de-31da-266b593928db,KXMICHCOACH-26-JBRO,2025-12-20T20:46:39.467188Z,94.00,0.2000,0.8000,yes
cc5786f7-bf92-70b2-433e-b7b5c64266ab,KXMICHCOACH-26-JBRO,2025-12-20T20:45:22.24134Z,100.00,0.2000,0.8000,yes
6ec2f03b-87e7-6626-a092-2508f87b5cb9,KXMICHCOACH-26-JBRO,2025-12-20T20:44:17.922311Z,25.00,0.1700,0.8300,no
527cd109-0946-72c2-b578-c8152a0f97d3,KXMICHCOACH-26-JBRO,2025-12-20T20:42:44.604906Z,232.00,0.2000,0.8000,yes
4899e2c8-cbee-6a7e-e0e1-67dadd4328cb,KXMICHCOACH-26-JBRO,2025-12-20T20:41:41.894176Z,151.00,0.2000,0.8000,yes
e985a952-3c70-5bd4-242d-76f2f94c9b28,KXMICHCOACH-26-JBRO,2025-12-20T20:41:09.660628Z,263.00,0.1800,0.8200,yes
d8de0472-fb61-5ef8-3995-a8ccca60d999,KXMICHCOACH-26-JBRO,2025-12-20T20:41:09.660628Z,250.00,0.2000,0.8000,yes
c4abdf80-d0ac-5eec-2e04-e61cfab8bd6d,KXMICHCOACH-26-JBRO,2025-12-20T20:41:09.660628Z,100.00,0.1800,0.8200,yes
c324dced-dc8d-5094-1b80-124cc3642a89,KXMICHCOACH-26-JBRO,2025-12-20T20:41:09.660628Z,1000.00,0.1900,0.8100,yes
bb893bd7-437f-570a-2716-bf941abda6ba,KXMICHCOACH-26-JBRO,2025-12-20T20:41:09.660628Z,13.00,0.2000,0.8000,yes
50519ab2-2377-509a-2a00-e73f36739114,KXMICHCOACH-26-JBRO,2025-12-20T20:41:09.660628Z,24.00,0.1900,0.8100,yes
41d60b8b-98b5-539a-0138-b6b469fef262,KXMICHCOACH-26-JBRO,2025-12-20T20:41:09.660628Z,2000.00,0.1800,0.8200,yes
075cb5d9-f4dc-5607-1ffb-e28bd39bb8c4,KXMICHCOACH-26-JBRO,2025-12-20T20:41:09.660628Z,185.00,0.2000,0.8000,yes
cf4d4117-b3bc-4724-1511-01857f5e5740,KXMICHCOACH-26-JBRO,2025-12-20T20:38:59.324124Z,21.00,0.1800,0.8200,yes
dc07a586-25e9-70e5-5014-0b44421cd6a2,KXMICHCOACH-26-JBRO,2025-12-20T20:34:36.663081Z,20.00,0.1700,0.8300,no
190265d3-412a-7799-678d-d1bfed475c37,KXMICHCOACH-26-JBRO,2025-12-20T20:34:36.663081Z,12.00,0.1600,0.8400,no
890d16fe-fec8-4a24-b434-34249902d578,KXMICHCOACH-26-JBRO,2025-12-20T20:34:15.790093Z,21.00,0.1800,0.8200,yes
45831668-2d80-7588-11f1-3439e7a542f8,KXMICHCOACH-26-JBRO,2025-12-20T20:33:43.485716Z,105.00,0.1800,0.8200,yes
a568f628-df54-4950-88ae-62f28612b678,KXMICHCOACH-26-JBRO,2025-12-20T20:33:18.953825Z,4.00,0.1800,0.8200,yes
87473df0-2a70-66cc-5093-6027110d9308,KXMICHCOACH-26-JBRO,2025-12-20T20:29:19.932909Z,131.00,0.1800,0.8200,yes
e781fdeb-5cfc-675c-7c9d-45b388a930e0,KXMICHCOACH-26-JBRO,2025-12-20T20:29:17.367031Z,78.00,0.1800,0.8200,yes
25aa8436-13c8-6560-1105-7a32bebbe970,KXMICHCOACH-26-JBRO,2025-12-20T20:26:37.316462Z,115.00,0.1800,0.8200,yes
778b366e-d398-77f4-8d6c-35b27b140270,KXMICHCOACH-26-JBRO,2025-12-20T20:25:24.653012Z,262.00,0.1800,0.8200,yes
9cab4bbe-b8c8-40f3-c634-671a8f0105b3,KXMICHCOACH-26-JBRO,2025-12-20T20:24:39.643289Z,400.00,0.1700,0.8300,yes
ec32be61-1484-4453-31b4-1b6e992b9262,KXMICHCOACH-26-JBRO,2025-12-20T20:23:49.060474Z,3.00,0.1600,0.8400,yes
c4ac2b36-99f9-5bd4-7ff4-4cd6898695d0,KXMICHCOACH-26-JBRO,2025-12-20T20:21:54.855444Z,3.00,0.1300,0.8700,no
47d5f29f-9057-69a6-c229-6dfa43a34211,KXMICHCOACH-26-JBRO,2025-12-20T20:20:48.155784Z,101.00,0.1600,0.8400,yes
84a4ef00-877f-5076-f0ef-cd0a6b58b6b9,KXMICHCOACH-26-JBRO,2025-12-20T20:20:42.367333Z,29.00,0.1600,0.8400,yes
9b611e12-7feb-64ee-85bf-3b35ef3117b1,KXMICHCOACH-26-JBRO,2025-12-20T20:20:39.900407Z,29.00,0.1600,0.8400,yes
cb1e0b92-d7d9-5178-dae4-00d6df4901a0,KXMICHCOACH-26-JBRO,2025-12-20T20:19:43.532997Z,159.00,0.1300,0.8700,no
a371b445-e9c9-5c81-d8bd-6e0b0b4762dd,KXMICHCOACH-26-JBRO,2025-12-20T20:19:43.532997Z,543.00,0.1300,0.8700,no
bf61b4bd-c106-67fa-3fab-cbbe3451a77c,KXMICHCOACH-26-JBRO,2025-12-20T20:17:30.0392Z,132.00,0.1700,0.8300,yes
a315ef5c-1fad-6f3f-3af0-2469904b1033,KXMICHCOACH-26-JBRO,2025-12-20T20:17:30.0392Z,1.00,0.1700,0.8300,yes
1bb63c37-3cb7-6606-2d54-640c8b5e3e5b,KXMICHCOACH-26-JBRO,2025-12-20T20:17:30.0392Z,283.00,0.1700,0.8300,yes
df756034-7722-568e-dac4-c9320b4777dc,KXMICHCOACH-26-JBRO,2025-12-20T20:16:58.940361Z,868.00,0.1700,0.8300,yes
269d94be-c92d-7be8-9a55-396f82f9ea1f,KXMICHCOACH-26-JBRO,2025-12-20T20:15:45.479261Z,12.00,0.1600,0.8400,yes
e0e92d56-1ad3-7879-4d09-1ec4a3da22ae,KXMICHCOACH-26-JBRO,2025-12-20T20:12:34.266704Z,85.00,0.1400,0.8600,yes
c49186ca-5263-7f62-617e-994451459775,KXMICHCOACH-26-JBRO,2025-12-20T20:12:34.266704Z,8.00,0.1500,0.8500,yes
94729a3b-f192-794c-4af3-21e5bc8c5dca,KXMICHCOACH-26-JBRO,2025-12-20T20:12:34.266704Z,267.00,0.1400,0.8600,yes
52ddd800-58dd-74d6-4569-5c524d13b13e,KXMICHCOACH-26-JBRO,2025-12-20T20:12:34.266704Z,1.00,0.1400,0.8600,yes
34127b44-6e20-7f32-6663-8556a0c08f5c,KXMICHCOACH-26-JBRO,2025-12-20T20:12:34.266704Z,10.00,0.1500,0.8500,yes
14f7d732-b61b-79bf-6a2e-4e4ca3bd75a4,KXMICHCOACH-26-JBRO,2025-12-20T20:12:34.266704Z,93.00,0.1600,0.8400,yes
055cdd8e-81e6-7cad-6697-e9b12769c0c8,KXMICHCOACH-26-JBRO,2025-12-20T20:12:34.266704Z,25.00,0.1500,0.8500,yes
b597ba3c-8cf6-7418-ba5f-41812e1a1866,KXMICHCOACH-26-JBRO,2025-12-20T20:07:06.238046Z,62.00,0.1400,0.8600,yes
58819ea6-3c86-6b08-9c90-9d1b461b83fa,KXMICHCOACH-26-JBRO,2025-12-20T20:06:05.615238Z,269.00,0.1400,0.8600,yes
e7a47fea-9ab7-553f-b8e1-5b554114e689,KXMICHCOACH-26-JBRO,2025-12-20T20:05:44.916056Z,2000.00,0.1300,0.8700,yes
a3888ead-d547-5547-9163-9e02a2905c31,KXMICHCOACH-26-JBRO,2025-12-20T20:05:44.916056Z,169.00,0.1400,0.8600,yes
721ad743-0438-512e-a1b8-c89f83ab6375,KXMICHCOACH-26-JBRO,2025-12-20T20:05:44.916056Z,1000.00,0.1300,0.8700,yes
70b7bdd3-05c2-5098-aed7-69fe374ac38e,KXMICHCOACH-26-JBRO,2025-12-20T20:05:44.916056Z,402.00,0.1400,0.8600,yes
6534e0e2-5eac-5d8d-8daa-b1f0f70f5d68,KXMICHCOACH-26-JBRO,2025-12-20T20:05:44.916056Z,3.00,0.1300,0.8700,yes
0326b54c-34eb-516d-aa70-3ab32d624a9c,KXMICHCOACH-26-JBRO,2025-12-20T20:05:44.916056Z,7.00,0.1300,0.8700,yes
eba2bb26-f60a-631f-35aa-fe529a46720d,KXMICHCOACH-26-JBRO,2025-12-20T20:05:05.163296Z,107.00,0.1200,0.8800,yes
f5c7eef4-81d2-695f-b01a-576376f82fdd,KXMICHCOACH-26-JBRO,2025-12-20T20:04:57.988638Z,392.00,0.1200,0.8800,yes
28765b10-8222-735b-a45e-734a67a012b5,KXMICHCOACH-26-JBRO,2025-12-20T20:04:02.933573Z,196.00,0.1200,0.8800,yes
5598bc90-56b6-72ab-915c-99a4973084cd,KXMICHCOACH-26-JBRO,2025-12-20T20:02:48.876441Z,7.00,0.1200,0.8800,yes
b4f40371-5481-57fe-9ad5-3f18d8a97b13,KXMICHCOACH-26-JBRO,2025-12-20T20:02:25.536213Z,6.00,0.1200,0.8800,yes
2eccab43-1cb4-553e-bc45-7be61182e690,KXMICHCOACH-26-JBRO,2025-12-20T20:02:25.536213Z,340.00,0.1200,0.8800,yes
0d2419bf-6b46-57d3-9f57-0da20cb9962d,KXMICHCOACH-26-JBRO,2025-12-20T20:02:25.536213Z,242.00,0.1200,0.8800,yes
f8d16a85-db3c-6026-f3f1-f1079c918064,KXMICHCOACH-26-JBRO,2025-12-20T19:59:38.413427Z,6.00,0.1200,0.8800,yes
bf9d0163-f047-5bb3-bc40-360ed0f0a7c7,KXMICHCOACH-26-JBRO,2025-12-20T19:58:41.262241Z,300.00,0.1000,0.9000,no
bde0f4d4-044e-5f16-bf8e-359eb07c68a6,KXMICHCOACH-26-JBRO,2025-12-20T19:58:41.262241Z,389.00,0.0900,0.9100,no
c715484e-d744-7ef2-b3c0-07e2c7ad2798,KXMICHCOACH-26-JBRO,2025-12-20T19:54:22.296586Z,392.00,0.1200,0.8800,yes
e9d8d458-115c-5902-d69f-37d792ddd6d0,KXMICHCOACH-26-JBRO,2025-12-20T19:51:11.523035Z,3.00,0.1200,0.8800,yes
80109425-fe50-7d62-275a-ebd1bbf6e48c,KXMICHCOACH-26-JBRO,2025-12-20T19:48:52.23436Z,5.00,0.1200,0.8800,yes
ef60b868-8c94-6b6e-cc73-4efd4c91d0b8,KXMICHCOACH-26-JBRO,2025-12-20T19:46:18.690522Z,78.00,0.1200,0.8800,yes
fb07c195-a358-51f0-a15a-c63e05933322,KXMICHCOACH-26-JBRO,2025-12-20T19:44:19.135612Z,240.00,0.1100,0.8900,yes
1d26f8b6-0a14-5156-b889-1bc29238310c,KXMICHCOACH-26-JBRO,2025-12-20T19:44:19.135612Z,62.00,0.1200,0.8800,yes
dcbf2118-4910-57cc-4ead-705220738602,KXMICHCOACH-26-JBRO,2025-12-20T19:37:13.951994Z,160.00,0.1100,0.8900,yes
baac1fdd-edbc-4a2a-fc42-bcc3cd3c6750,KXMICHCOACH-26-JBRO,2025-12-20T19:30:54.437039Z,100.00,0.1200,0.8800,yes
4898139e-1764-710e-6397-fed02c7d73a4,KXMICHCOACH-26-JBRO,2025-12-20T19:29:59.914118Z,14.00,0.1200,0.8800,yes
27b099fa-c52b-7d25-5433-b6c9be1b2207,KXMICHCOACH-26-JBRO,2025-12-20T19:29:59.914118Z,142.00,0.1200,0.8800,yes
6b42471d-43df-587d-8476-21c775232b87,KXMICHCOACH-26-JBRO,2025-12-20T19:29:57.197315Z,10.00,0.1200,0.8800,yes
4900e0cf-7333-68d1-333d-1785cd6e9ddf,KXMICHCOACH-26-JBRO,2025-12-20T19:29:13.65086Z,21.00,0.1200,0.8800,yes
8f782528-acdf-4145-0a18-d0aa0ffa3837,KXMICHCOACH-26-JBRO,2025-12-20T19:22:02.221768Z,827.00,0.1200,0.8800,yes
62955f47-2966-4898-3fbf-af1b21164cd5,KXMICHCOACH-26-JBRO,2025-12-20T19:22:02.221768Z,173.00,0.1200,0.8800,yes
aa48d985-e2c2-647c-2f99-f1f4b89e0d2d,KXMICHCOACH-26-JBRO,2025-12-20T19:21:53.783487Z,1000.00,0.1200,0.8800,yes
146dc831-19b6-4d34-5420-f36777c7c5cd,KXMICHCOACH-26-JBRO,2025-12-20T19:16:27.423814Z,39.00,0.1200,0.8800,yes
57c182ce-f772-4bf8-b1fb-7491e5ffdea5,KXMICHCOACH-26-JBRO,2025-12-20T19:14:57.443208Z,15.00,0.1200,0.8800,yes
5027efd3-d1da-6f1a-4acb-43033efa4d42,KXMICHCOACH-26-JBRO,2025-12-20T19:13:29.621851Z,78.00,0.0900,0.9100,no
a5bdecd8-11f6-710c-aaf2-a5dc2db160e1,KXMICHCOACH-26-JBRO,2025-12-20T19:09:50.14901Z,156.00,0.1200,0.8800,yes
e5792a9b-38cd-5dd3-53e4-0cee4a5324d0,KXMICHCOACH-26-JBRO,2025-12-20T18:57:24.303299Z,558.00,0.1100,0.8900,yes
c7f951fb-377a-53ac-681e-fe061454655d,KXMICHCOACH-26-JBRO,2025-12-20T18:57:24.303299Z,273.00,0.1200,0.8800,yes
a6257427-b6c9-6ec3-ecc9-ef862f33e88c,KXMICHCOACH-26-JBRO,2025-12-20T18:54:22.223916Z,25.00,0.1100,0.8900,yes
caa8bfd3-8c56-5c6a-31df-14a684fa42b6,KXMICHCOACH-26-JBRO,2025-12-20T18:53:47.484506Z,250.00,0.0900,0.9100,no
3d2b9a62-afaf-7b48-fcb3-44cc1cd515ef,KXMICHCOACH-26-JBRO,2025-12-20T18:47:48.354198Z,438.00,0.1100,0.8900,yes
324f0294-bf35-7b73-da5b-685ac15c7024,KXMICHCOACH-26-JBRO,2025-12-20T18:47:48.354198Z,417.00,0.1100,0.8900,yes
c913b46b-ec58-70f1-c72a-a1aa673c7d8b,KXMICHCOACH-26-JBRO,2025-12-20T18:45:26.548462Z,68.00,0.1100,0.8900,yes
90ddbabb-bf97-7368-c589-2913276797eb,KXMICHCOACH-26-JBRO,2025-12-20T18:45:26.548462Z,62.00,0.1100,0.8900,yes
53689837-2de6-7fdc-e264-06ba0e611c9f,KXMICHCOACH-26-JBRO,2025-12-20T18:45:26.548462Z,870.00,0.1100,0.8900,yes
9d6b2603-4804-7d85-d05b-e3c7c48df44f,KXMICHCOACH-26-JBRO,2025-12-20T18:43:47.624421Z,131.00,0.1100,0.8900,yes
81ee13fb-2b94-6ca9-3695-ba263c9d77eb,KXMICHCOACH-26-JBRO,2025-12-20T18:40:42.504427Z,100.00,0.1100,0.8900,yes
5e27156d-d7b8-782d-dd60-68a2d6d827df,KXMICHCOACH-26-JBRO,2025-12-20T18:36:39.256631Z,256.00,0.1100,0.8900,yes
45017500-9cc8-6951-d08b-fb08b482f0cb,KXMICHCOACH-26-JBRO,2025-12-20T18:35:07.959161Z,179.00,0.1100,0.8900,yes
b844038d-d7c8-68f5-17b6-4abd234af4c3,KXMICHCOACH-26-JBRO,2025-12-20T18:22:33.427749Z,59.00,0.1100,0.8900,yes
273f9149-2cee-65da-b740-e543774e89b6,KXMICHCOACH-26-JBRO,2025-12-20T18:08:34.185601Z,75.00,0.0900,0.9100,no
c1924412-5474-5ce5-f96e-7fe7cae0725b,KXMICHCOACH-26-JBRO,2025-12-20T18:03:12.838374Z,485.00,0.1100,0.8900,yes
305e7e27-759c-4049-2cc1-e078a216bec7,KXMICHCOACH-26-JBRO,2025-12-20T18:03:10.513996Z,1.00,0.1100,0.8900,yes
91bbd3c7-3e58-74d9-3cda-649c0670e387,KXMICHCOACH-26-JBRO,2025-12-20T17:42:32.572146Z,22.00,0.1100,0.8900,yes
3f6650aa-8774-5235-acf1-ca87d639912f,KXMICHCOACH-26-JBRO,2025-12-20T17:37:24.372101Z,4.00,0.1100,0.8900,yes
9a0dce92-e6f8-56e9-92a0-9277ac597baf,KXMICHCOACH-26-JBRO,2025-12-20T17:35:43.578225Z,85.00,0.1100,0.8900,yes
39f1f8d4-b304-5081-5245-885a60ba3a17,KXMICHCOACH-26-JBRO,2025-12-20T17:34:26.918974Z,213.00,0.1100,0.8900,yes
7cb6e7d5-7c6c-55fd-ca8a-d8553d53647b,KXMICHCOACH-26-JBRO,2025-12-20T17:34:15.016628Z,339.00,0.1100,0.8900,yes
3c9d8d3e-05ac-7269-8363-3bed760b7b47,KXMICHCOACH-26-JBRO,2025-12-20T17:32:52.645867Z,10.00,0.1100,0.8900,yes
0e1e0136-ce90-4f35-6e9b-3e6fa12d3453,KXMICHCOACH-26-JBRO,2025-12-20T17:21:26.392551Z,15.00,0.1100,0.8900,yes
3ec300e7-ace8-5911-8ef4-fb1b0964fe07,KXMICHCOACH-26-JBRO,2025-12-20T17:20:04.323233Z,213.00,0.1100,0.8900,yes
b684732f-b176-76fa-bb76-07003c19845c,KXMICHCOACH-26-JBRO,2025-12-20T17:15:28.417259Z,93.00,0.1000,0.9000,no
7522d6dc-7c00-73a9-825b-5c97eae12eeb,KXMICHCOACH-26-JBRO,2025-12-20T17:13:45.22241Z,42.00,0.1100,0.8900,yes
70ffb1d6-effe-4e58-87f6-4b9952b6d515,KXMICHCOACH-26-JBRO,2025-12-20T17:03:55.567699Z,227.00,0.1200,0.8800,yes
e9806ef5-813e-6730-c949-74f5ff62b309,KXMICHCOACH-26-JBRO,2025-12-20T16:55:15.896784Z,117.00,0.1200,0.8800,yes
cb1eb719-ebda-6a7d-ded2-aaf88a911ccd,KXMICHCOACH-26-JBRO,2025-12-20T16:54:03.377632Z,986.00,0.1200,0.8800,yes
80046287-f9c1-6102-cfb5-e5ab954c5a28,KXMICHCOACH-26-JBRO,2025-12-20T16:54:03.377632Z,500.00,0.1100,0.8900,yes
7e6be926-f140-69af-c85c-afd4fa9b2e23,KXMICHCOACH-26-JBRO,2025-12-20T16:54:03.377632Z,500.00,0.1100,0.8900,yes
610218ad-d9c9-61ca-ef05-647b667fd21c,KXMICHCOACH-26-JBRO,2025-12-20T16:54:03.377632Z,743.00,0.1100,0.8900,yes
5c93f793-a9f8-6068-e838-bfdc8779a352,KXMICHCOACH-26-JBRO,2025-12-20T16:54:03.377632Z,162.00,0.1200,0.8800,yes
3f20454e-cbf9-6f9e-0d76-3e6f78c50188,KXMICHCOACH-26-JBRO,2025-12-20T16:53:54.289524Z,85.00,0.1100,0.8900,yes
ccfd6702-b319-688e-d60c-7500a8bafc5c,KXMICHCOACH-26-JBRO,2025-12-20T16:49:05.806891Z,18.00,0.1100,0.8900,yes
2d1f02d1-1055-6b41-c8ca-0e85d9119090,KXMICHCOACH-26-JBRO,2025-12-20T16:49:05.806891Z,920.00,0.1000,0.9000,yes
835ddc58-d3f9-5f35-b434-f835b8a53da4,KXMICHCOACH-26-JBRO,2025-12-20T16:43:35.78875Z,80.00,0.1000,0.9000,yes
c59b27b5-6e5c-495b-c7ac-93b75643132a,KXMICHCOACH-26-JBRO,2025-12-20T16:40:54.351945Z,538.00,0.0800,0.9200,no
93390433-060e-45b1-cf94-17a80fc33551,KXMICHCOACH-26-JBRO,2025-12-20T16:40:54.351945Z,600.00,0.0900,0.9100,no
e0b640b6-632d-70c2-ae9b-c4b1baf67c4c,KXMICHCOACH-26-JBRO,2025-12-20T16:39:46.236786Z,213.00,0.1100,0.8900,yes
f297523a-7ea5-656a-f52d-2a86df400abc,KXMICHCOACH-26-JBRO,2025-12-20T16:22:57.419764Z,7.00,0.1100,0.8900,yes
b7cfcc19-6c8c-629a-cbe2-2fba4e66c3aa,KXMICHCOACH-26-JBRO,2025-12-20T16:22:57.419764Z,62.00,0.1000,0.9000,yes
6447cf1f-fac0-52f6-2ac6-fd3452dca92e,KXMICHCOACH-26-JBRO,2025-12-20T16:12:36.875706Z,208.00,0.1000,0.9000,yes
9aa5a235-acc0-5a6a-3834-651b3adec2b6,KXMICHCOACH-26-JBRO,2025-12-20T16:05:13.752045Z,9.00,0.1000,0.9000,yes
21ea398e-7f40-734a-6221-59be280f24ca,KXMICHCOACH-26-JBRO,2025-12-20T15:56:58.094924Z,38.00,0.1000,0.9000,yes
1382a48b-6aa0-44b6-0230-3f11a75378a2,KXMICHCOACH-26-JBRO,2025-12-20T15:56:11.525046Z,4.00,0.1000,0.9000,yes
e04286b1-7f20-4d9e-ef91-a59673cff1de,KXMICHCOACH-26-JBRO,2025-12-20T15:51:15.07649Z,141.00,0.1000,0.9000,yes
3d52fd2f-009c-5976-8879-5043a015c712,KXMICHCOACH-26-JBRO,2025-12-20T15:50:43.647062Z,38.00,0.1000,0.9000,yes
5447622e-1315-5c16-597e-f20104fc4b80,KXMICHCOACH-26-JBRO,2025-12-20T15:44:51.985912Z,213.00,0.1100,0.8900,yes
536edff8-e505-6ad6-a989-1f42436ef2d4,KXMICHCOACH-26-JBRO,2025-12-20T15:43:51.547055Z,8.00,0.1100,0.8900,yes
8e4b2ec0-99c1-7ed2-343c-afdf842488c8,KXMICHCOACH-26-JBRO,2025-12-20T15:43:00.618013Z,35.00,0.1100,0.8900,yes
b7286a06-f5f9-6f26-9449-2586eb1f7408,KXMICHCOACH-26-JBRO,2025-12-20T15:42:05.016745Z,2.00,0.1100,0.8900,yes
a571cdb8-ee57-69b6-a1b5-f1ba7528833c,KXMICHCOACH-26-JBRO,2025-12-20T15:42:05.016745Z,91.00,0.1000,0.9000,yes
bcc26693-c59d-4225-6e1a-b33d8721efc3,KXMICHCOACH-26-JBRO,2025-12-20T15:37:52.747289Z,852.00,0.0800,0.9200,no
1694bce0-ab48-4a4f-684c-46c0a9cce75e,KXMICHCOACH-26-JBRO,2025-12-20T15:37:52.747289Z,512.00,0.0800,0.9200,no
ad13b471-d1d9-40b8-bfff-7192e9673b04,KXMICHCOACH-26-JBRO,2025-12-20T15:37:45.981899Z,1000.00,0.0900,0.9100,no
e1fd00ab-972d-7c9a-9e40-537f5f053e7c,KXMICHCOACH-26-JBRO,2025-12-20T15:37:36.491182Z,21.00,0.1100,0.8900,yes
d45b0abf-532d-680a-b50b-157d9c281bac,KXMICHCOACH-26-JBRO,2025-12-20T15:36:52.553035Z,42.00,0.1100,0.8900,yes
514b883d-2218-7639-40a2-7631f4b4ace5,KXMICHCOACH-26-JBRO,2025-12-20T15:28:55.893596Z,400.00,0.1100,0.8900,no
040abd50-17e5-7c95-6cc7-673ba567b252,KXMICHCOACH-26-JBRO,2025-12-20T15:28:55.893596Z,100.00,0.1100,0.8900,no
5a484910-5654-4938-a07d-e7feaeec629e,KXMICHCOACH-26-JBRO,2025-12-20T15:27:42.367318Z,39.00,0.1200,0.8800,yes
31bf9ecb-84ec-71a4-f897-af34673306fa,KXMICHCOACH-26-JBRO,2025-12-20T15:12:14.540697Z,117.00,0.1200,0.8800,yes
4a923a8b-4bd4-4f80-6827-815873b0bc36,KXMICHCOACH-26-JBRO,2025-12-20T15:08:22.159266Z,78.00,0.1200,0.8800,yes
3c28b77d-db88-4d60-6de6-1b0e45b4c132,KXMICHCOACH-26-JBRO,2025-12-20T14:54:28.217665Z,78.00,0.1200,0.8800,yes
074da345-f1e4-6b94-0847-8ff8010fa442,KXMICHCOACH-26-JBRO,2025-12-20T14:51:19.639114Z,2.00,0.1200,0.8800,yes
a46580c6-2750-4608-b3d6-864df1069532,KXMICHCOACH-26-JBRO,2025-12-20T14:49:05.439328Z,78.00,0.1200,0.8800,yes
2da008de-606d-5df5-b40c-850fd6e35faf,KXMICHCOACH-26-JBRO,2025-12-20T14:43:43.930977Z,234.00,0.0800,0.9200,no
badb3b5a-9d85-7b41-0882-4967ab7dc04f,KXMICHCOACH-26-JBRO,2025-12-20T14:37:20.660304Z,15.00,0.0800,0.9200,no
2818cacd-92bf-75d0-29e0-d05968d0b5cf,KXMICHCOACH-26-JBRO,2025-12-20T14:37:20.660304Z,203.00,0.0900,0.9100,no
6cf311de-8960-4e48-88f1-c299ade6e44a,KXMICHCOACH-26-JBRO,2025-12-20T14:34:59.063013Z,23.00,0.1200,0.8800,yes
ceccb447-d240-77c0-b24c-ea36df2b470e,KXMICHCOACH-26-JBRO,2025-12-20T14:34:45.862189Z,107.00,0.1200,0.8800,yes
b20670a8-733c-4ef8-faee-a975b386c07e,KXMICHCOACH-26-JBRO,2025-12-20T14:26:48.202774Z,5.00,0.1200,0.8800,yes
597efe12-4cf4-5dd8-e822-a39bf50e8832,KXMICHCOACH-26-JBRO,2025-12-20T14:24:54.217833Z,39.00,0.1200,0.8800,yes
99c00d48-7d33-51bc-bd4d-b00216053d1f,KXMICHCOACH-26-JBRO,2025-12-20T14:20:45.378955Z,50.00,0.1200,0.8800,yes
5921017c-ee3c-632f-6873-2591ba8e9d25,KXMICHCOACH-26-JBRO,2025-12-20T14:20:41.029049Z,100.00,0.1200,0.8800,yes
495ace0c-2e43-631c-7f49-aee91f622a2b,KXMICHCOACH-26-JBRO,2025-12-20T14:20:41.029049Z,56.00,0.1200,0.8800,yes
55a8f319-49c7-6cc4-3eda-4876a5d5776f,KXMICHCOACH-26-JBRO,2025-12-20T14:20:39.077859Z,97.00,0.0900,0.9100,no
32ccab0f-f8a7-6e72-07e9-6fa63c03a764,KXMICHCOACH-26-JBRO,2025-12-20T14:20:39.077859Z,76.00,0.1000,0.9000,no
28d5ee9e-5ec3-66e0-19bf-a877a8bc6bfa,KXMICHCOACH-26-JBRO,2025-12-20T14:20:39.077859Z,14.00,0.1000,0.9000,no
92325a3d-77f6-5b0a-ecde-f3e03e9caa9f,KXMICHCOACH-26-JBRO,2025-12-20T14:13:43.664059Z,6.00,0.1000,0.9000,yes
7004d1d4-a839-581b-fdb4-99b7aece8bd2,KXMICHCOACH-26-JBRO,2025-12-20T14:13:43.664059Z,9.00,0.1000,0.9000,yes
61d744e3-9b8c-5fd0-d1e9-9f11b6a051eb,KXMICHCOACH-26-JBRO,2025-12-20T14:13:43.664059Z,8.00,0.1000,0.9000,yes
086cf1ec-ff59-50bc-c8bd-b64bd138f277,KXMICHCOACH-26-JBRO,2025-12-20T14:13:43.664059Z,1.00,0.1000,0.9000,yes
2f9ed50f-1d29-671c-f0fd-78b41a1e662b,KXMICHCOACH-26-JBRO,2025-12-20T14:12:10.117542Z,141.00,0.1000,0.9000,yes
e46b69bc-67e9-6620-b7af-aece8c6fff23,KXMICHCOACH-26-JBRO,2025-12-20T14:07:41.163015Z,188.00,0.1000,0.9000,yes
bb2a0679-ecf1-7a20-f960-f16f747a0a73,KXMICHCOACH-26-JBRO,2025-12-20T14:02:00.013119Z,150.00,0.1000,0.9000,yes
0de2f390-aa61-7c00-f173-fb157851bdb7,KXMICHCOACH-26-JBRO,2025-12-20T13:57:19.08559Z,100.00,0.1000,0.9000,yes
1b7afbc5-ca69-5758-a229-906ecedb4743,KXMICHCOACH-26-JBRO,2025-12-20T13:56:24.877064Z,75.00,0.1000,0.9000,yes
4dbebf8c-d525-53d4-ac4f-e02911013c0b,KXMICHCOACH-26-JBRO,2025-12-20T13:55:34.734291Z,47.00,0.1000,0.9000,yes
eef785ce-2bed-7994-634c-e8c18037826b,KXMICHCOACH-26-JBRO,2025-12-20T13:42:55.536369Z,47.00,0.1000,0.9000,yes
62126d1f-3611-7a20-b29b-44ba6fc53f27,KXMICHCOACH-26-JBRO,2025-12-20T13:40:16.605282Z,1.00,0.1000,0.9000,yes
4213c732-283a-7b54-b9d8-46f1c8cb2931,KXMICHCOACH-26-JBRO,2025-12-20T13:40:16.605282Z,469.00,0.1000,0.9000,yes
db5fd1bc-54d7-76c5-df90-e8e2be7277b7,KXMICHCOACH-26-JBRO,2025-12-20T13:38:02.87626Z,194.00,0.1000,0.9000,yes
d5aa3e1e-b106-7d4c-d8b7-622bb9a6d6a5,KXMICHCOACH-26-JBRO,2025-12-20T13:38:02.87626Z,31.00,0.1000,0.9000,yes
0f44e59c-79ff-6ba5-5a1d-11a7ca741e2e,KXMICHCOACH-26-JBRO,2025-12-20T13:37:04.969011Z,52.00,0.0900,0.9100,no
08ae2542-1a69-63a5-4640-c7b55fb87fbb,KXMICHCOACH-26-JBRO,2025-12-20T13:37:04.969011Z,10.00,0.0800,0.9200,no
dd40a068-5a6b-5715-8000-f20387a4a0eb,KXMICHCOACH-26-JBRO,2025-12-20T13:36:24.11Z,218.00,0.1000,0.9000,yes
9a0c54cb-2bdb-7f85-72ca-3717fca7ef6b,KXMICHCOACH-26-JBRO,2025-12-20T13:34:11.047538Z,79.00,0.1000,0.9000,yes
9fc1d739-9e4f-54e9-d211-3646212ad78b,KXMICHCOACH-26-JBRO,2025-12-20T13:25:18.15507Z,9.00,0.1000,0.9000,yes
f6ec76cf-108d-447e-61ca-115ce27118de,KXMICHCOACH-26-JBRO,2025-12-20T13:22:58.845977Z,3.00,0.0900,0.9100,yes
f1fc8481-1e95-44b8-5b75-fd125517775f,KXMICHCOACH-26-JBRO,2025-12-20T13:22:58.845977Z,10.00,0.0900,0.9100,yes
55685340-c042-41ff-5502-5f53f2e350a8,KXMICHCOACH-26-JBRO,2025-12-20T13:22:58.845977Z,3791.00,0.0900,0.9100,yes
434c3927-23cc-44e1-5abf-8a6ff43c75b4,KXMICHCOACH-26-JBRO,2025-12-20T13:22:58.845977Z,500.00,0.0900,0.9100,yes
7a489b60-ca69-471a-f8b3-2dd65dd4f7e1,KXMICHCOACH-26-JBRO,2025-12-20T13:04:42.788112Z,7.00,0.0700,0.9300,no
adf89f16-f312-657f-7d98-a27953075848,KXMICHCOACH-26-JBRO,2025-12-20T12:58:56.944485Z,250.00,0.0900,0.9100,yes
cea7e6d9-b272-56e1-2c0e-f094dc66b7de,KXMICHCOACH-26-JBRO,2025-12-20T12:28:58.917433Z,140.00,0.0800,0.9200,yes
9aad21a2-41f3-5ab8-0765-96a02ac8c2cd,KXMICHCOACH-26-JBRO,2025-12-20T12:28:58.917433Z,632.00,0.0800,0.9200,yes
14e9c134-b74f-473c-4af4-611f356f57b5,KXMICHCOACH-26-JBRO,2025-12-20T12:22:14.335244Z,75.00,0.0800,0.9200,yes
a147fe7d-16cc-568d-e038-3d89a4991044,KXMICHCOACH-26-JBRO,2025-12-20T12:08:50.729058Z,9.00,0.0700,0.9300,yes
63df0f28-0756-5dba-ec8f-1b54cb2d7dac,KXMICHCOACH-26-JBRO,2025-12-20T12:08:50.729058Z,7.00,0.0800,0.9200,yes
4c5ffd1c-f8db-54a0-ee2d-3259ba5106ad,KXMICHCOACH-26-JBRO,2025-12-20T12:08:50.729058Z,93.00,0.0800,0.9200,yes
38067e24-42bc-5db5-ea58-20209a4553cc,KXMICHCOACH-26-JBRO,2025-12-20T12:08:50.729058Z,1.00,0.0800,0.9200,yes
9d216a48-6f59-5ce5-0679-b7decb554f98,KXMICHCOACH-26-JBRO,2025-12-20T10:50:33.29969Z,87.00,0.0500,0.9500,no
95323da9-9f71-547f-0ac0-643f5f86c229,KXMICHCOACH-26-JBRO,2025-12-20T10:50:33.29969Z,78.00,0.0400,0.9600,no
4c558147-9204-51e3-02be-c871e1cea50d,KXMICHCOACH-26-JBRO,2025-12-20T10:50:33.29969Z,9.00,0.0600,0.9400,no
2cbbebe7-7d05-5270-375d-dd715cac3938,KXMICHCOACH-26-JBRO,2025-12-20T10:50:33.29969Z,60.00,0.0500,0.9500,no
65b49391-82dc-7f0d-9d66-8b7da4ff9d04,KXMICHCOACH-26-JBRO,2025-12-20T09:41:41.754362Z,46.00,0.0800,0.9200,yes
94666a8b-b56f-72df-6df4-f45b9e4ecf85,KXMICHCOACH-26-JBRO,2025-12-20T05:55:53.59517Z,293.00,0.0800,0.9200,yes
92e4a0d7-c3b7-6973-20f9-96865c266aad,KXMICHCOACH-26-JBRO,2025-12-20T05:54:02.361991Z,234.00,0.0800,0.9200,yes
495e8423-44a3-7913-a227-5e0092840fdd,KXMICHCOACH-26-JBRO,2025-12-20T05:33:18.205771Z,26.00,0.0800,0.9200,yes
ece76538-389b-4303-e6db-031f3c5c3cfd,KXMICHCOACH-26-JBRO,2025-12-20T05:29:06.743001Z,234.00,0.0800,0.9200,yes
6c438ce8-49b7-6f13-b488-90aaf9a3b039,KXMICHCOACH-26-JBRO,2025-12-20T05:24:51.93321Z,161.00,0.0800,0.9200,yes
38259860-b49c-43c8-c318-945a5ece1326,KXMICHCOACH-26-JBRO,2025-12-20T05:23:07.197478Z,81.00,0.0800,0.9200,yes
2ade6c25-f51f-4d77-d9d2-b73e804b1111,KXMICHCOACH-26-JBRO,2025-12-20T05:23:07.197478Z,40.00,0.0800,0.9200,yes
301af448-102b-56f6-41bd-5146ea8b8aae,KXMICHCOACH-26-JBRO,2025-12-20T04:57:03.299848Z,267.00,0.0700,0.9300,yes
b5ec16ff-2063-40e8-9e79-4f814d001249,KXMICHCOACH-26-JBRO,2025-12-20T04:53:03.639894Z,95.00,0.0700,0.9300,yes
5e0bc55b-bd13-42d2-8748-f966c445952a,KXMICHCOACH-26-JBRO,2025-12-20T04:53:03.639894Z,233.00,0.0700,0.9300,yes
017b7a04-47fb-52ac-28bf-e446c8a2151d,KXMICHCOACH-26-JBRO,2025-12-20T04:46:57.60943Z,51.00,0.0700,0.9300,yes
ae6d2a0c-cd8b-52f4-fe7d-4450a569b5a9,KXMICHCOACH-26-JBRO,2025-12-20T04:44:17.268803Z,536.00,0.0700,0.9300,yes
a8dd6827-d297-509c-67da-d9240ea86fe9,KXMICHCOACH-26-JBRO,2025-12-20T04:38:44.893771Z,818.00,0.0700,0.9300,yes
9da79a58-1314-5868-6d2d-e16f37669e54,KXMICHCOACH-26-JBRO,2025-12-20T04:38:44.893771Z,175.00,0.0700,0.9300,yes
68db74c0-5450-6ed8-098a-a08dd8c3a35c,KXMICHCOACH-26-JBRO,2025-12-20T04:33:55.064707Z,13.00,0.0700,0.9300,yes
1ff94b69-8f18-4594-197d-84f9ca2cd2d8,KXMICHCOACH-26-JBRO,2025-12-20T04:33:11.234469Z,3.00,0.0700,0.9300,yes
c6cbdacd-d63c-6c44-67ce-f5a235cea934,KXMICHCOACH-26-JBRO,2025-12-20T04:28:55.707603Z,670.00,0.0700,0.9300,yes
8b9b8a58-51a1-65eb-0d64-9bb8e9bebe61,KXMICHCOACH-26-JBRO,2025-12-20T04:27:34.866057Z,566.00,0.0700,0.9300,yes
2cb3c744-2240-6990-1d95-4b4b93b19dec,KXMICHCOACH-26-JBRO,2025-12-20T04:27:34.866057Z,545.00,0.0700,0.9300,yes
9beae697-cc85-585f-b716-044757525aa9,KXMICHCOACH-26-JBRO,2025-12-20T04:24:29.765134Z,100.00,0.0700,0.9300,yes
482d95ce-bc15-6fcf-51c4-3abb780d9cc9,KXMICHCOACH-26-JBRO,2025-12-20T04:24:28.521363Z,300.00,0.0700,0.9300,yes
90908092-af69-66f6-e261-25b7079ec033,KXMICHCOACH-26-JBRO,2025-12-20T04:19:23.852599Z,670.00,0.0700,0.9300,yes
353a58bc-0e5d-76e6-d77c-24f18e06eb57,KXMICHCOACH-26-JBRO,2025-12-20T04:16:34.68596Z,40.00,0.0700,0.9300,yes
15d1232d-3e2f-75a0-ff13-fb7bf46d7bf0,KXMICHCOACH-26-JBRO,2025-12-20T04:16:34.68596Z,23.00,0.0700,0.9300,yes
b3216d62-09e7-7e04-1a40-259fea5f4070,KXMICHCOACH-26-JBRO,2025-12-20T04:05:59.232202Z,477.00,0.0700,0.9300,yes
0f5414c3-77d9-7b42-0b30-54c75e1f3ec0,KXMICHCOACH-26-JBRO,2025-12-20T04:05:59.232202Z,153.00,0.0700,0.9300,yes
f6d0db29-1409-7c8e-20bf-d2687f6f4370,KXMICHCOACH-26-JBRO,2025-12-20T03:47:55.09237Z,134.00,0.0700,0.9300,yes
90a5aae3-f039-7d17-0842-4634b5c526f5,KXMICHCOACH-26-JBRO,2025-12-20T03:18:57.864258Z,12.00,0.0400,0.9600,no
ec6e5008-ec5d-7a76-c83f-9b29a81adf00,KXMICHCOACH-26-JBRO,2025-12-20T03:14:26.151313Z,10.00,0.0700,0.9300,yes
7cfef2a7-a6c9-7556-3d80-8724fc1df37c,KXMICHCOACH-26-JBRO,2025-12-20T02:52:34.175993Z,2.00,0.0700,0.9300,yes
112fc690-c1dd-41ce-10fc-a6b30b934fe0,KXMICHCOACH-26-JBRO,2025-12-20T02:44:35.110696Z,1.00,0.0700,0.9300,yes
7aa066b3-7f89-540b-8550-ec3ba45bef35,KXMICHCOACH-26-JBRO,2025-12-20T02:16:06.218028Z,68.00,0.0700,0.9300,yes
5f56a968-2c69-527a-ae56-64b74db7ff74,KXMICHCOACH-26-JBRO,2025-12-20T02:16:06.218028Z,200.00,0.0700,0.9300,yes
d85ea895-9399-7a6e-8b0e-481962d2c864,KXMICHCOACH-26-JBRO,2025-12-20T02:09:45.432413Z,36.00,0.0300,0.9700,no
30b7c19a-4466-7d60-915c-c4c32a9672df,KXMICHCOACH-26-JBRO,2025-12-20T02:09:45.432413Z,220.00,0.0400,0.9600,no
c839b7da-9614-4d13-0b6a-bb37f1e9f4b6,KXMICHCOACH-26-JBRO,2025-12-20T02:03:48.41568Z,7.00,0.0400,0.9600,no
06e65a71-2fb6-41d8-305a-c5cab374c88f,KXMICHCOACH-26-JBRO,2025-12-20T02:03:48.41568Z,397.00,0.0400,0.9600,no
dfbb12f0-af4c-6def-7d7e-b4631e54cc9e,KXMICHCOACH-26-JBRO,2025-12-20T01:46:47.795579Z,40.00,0.0400,0.9600,no
f86e7006-a54a-7523-2791-3b78d484a3ad,KXMICHCOACH-26-JBRO,2025-12-20T01:42:13.948724Z,156.00,0.0600,0.9400,yes
570a10ca-5e99-7593-7496-27106884ef19,KXMICHCOACH-26-JBRO,2025-12-20T01:38:02.430033Z,22.00,0.0700,0.9300,yes
9bf14451-f279-537d-eb48-e7e11432607e,KXMICHCOACH-26-JBRO,2025-12-20T01:33:35.169222Z,521.00,0.0400,0.9600,no
10e5b3be-16b8-5fee-c64c-7a8d1cf46167,KXMICHCOACH-26-JBRO,2025-12-20T01:33:35.169222Z,510.00,0.0500,0.9500,no
eea2ad7e-514c-572a-ebe4-7a1f00f4384b,KXMICHCOACH-26-JBRO,2025-12-20T00:59:19.254222Z,201.00,0.0500,0.9500,no
81a04b7c-ab71-5483-bf02-97104f582799,KXMICHCOACH-26-JBRO,2025-12-20T00:56:09.687264Z,134.00,0.0700,0.9300,yes
ee6aa127-f9f9-4f8f-fb29-37e7fb213915,KXMICHCOACH-26-JBRO,2025-12-19T23:55:32.05526Z,276.00,0.0700,0.9300,yes
6bcffb9f-d9ca-42cc-ed6a-c6d24c0b23c3,KXMICHCOACH-26-JBRO,2025-12-19T23:55:32.05526Z,93.00,0.0700,0.9300,yes
3f73acd9-ca11-4870-f578-d856f582769a,KXMICHCOACH-26-JBRO,2025-12-19T23:55:32.05526Z,34.00,0.0700,0.9300,yes
748909c0-f7b1-717c-90ec-254425dc6db6,KXMICHCOACH-26-JBRO,2025-12-19T23:41:01.040088Z,67.00,0.0700,0.9300,yes
9301bd26-b024-5596-5cc7-4709336e029f,KXMICHCOACH-26-JBRO,2025-12-19T23:36:14.259443Z,268.00,0.0500,0.9500,no
6e71287f-6c90-496a-7d68-2e3a42f1d24f,KXMICHCOACH-26-JBRO,2025-12-19T23:29:14.021109Z,21.00,0.0500,0.9500,no
c81d5368-498d-4774-825d-ce650a721486,KXMICHCOACH-26-JBRO,2025-12-19T23:21:55.224802Z,67.00,0.0700,0.9300,yes
f28e13a7-053d-50f0-9f2e-903faddb9e6a,KXMICHCOACH-26-JBRO,2025-12-19T23:17:44.250427Z,500.00,0.0700,0.9300,yes
6b88f26d-637d-6d3c-b449-39bb206a598a,KXMICHCOACH-26-JBRO,2025-12-19T23:13:20.609117Z,268.00,0.0700,0.9300,yes
e149a50d-7bc2-5a71-6530-caac53db1af7,KXMICHCOACH-26-JBRO,2025-12-19T22:59:56.161198Z,34.00,0.0700,0.9300,yes
99e006b7-65d1-5ca4-52b2-c7ad831a7166,KXMICHCOACH-26-JBRO,2025-12-19T22:59:56.161198Z,64.00,0.0700,0.9300,yes
b7e6fea6-7656-6f6d-7674-cab51ea19c6b,KXMICHCOACH-26-JBRO,2025-12-19T22:50:56.221202Z,20.00,0.0700,0.9300,yes
4d4fa05f-8099-67e9-30a3-4818a95b0652,KXMICHCOACH-26-JBRO,2025-12-19T22:44:44.733953Z,39.00,0.0400,0.9600,no
ffdf27af-fdce-406d-7249-d6fc4c81ebbb,KXMICHCOACH-26-JBRO,2025-12-19T22:38:24.890921Z,260.00,0.0700,0.9300,yes
db16c541-0672-784d-fd23-085b9a91a9db,KXMICHCOACH-26-JBRO,2025-12-19T22:23:04.322461Z,13.00,0.0700,0.9300,yes
e3c3d2c5-7f82-5f79-1127-52986dd3c747,KXMICHCOACH-26-JBRO,2025-12-19T22:16:13.748895Z,1314.00,0.0700,0.9300,yes
3f1043dc-7e4e-4c79-bbff-0e7faa25c6c3,KXMICHCOACH-26-JBRO,2025-12-19T22:12:44.843953Z,485.00,0.0700,0.9300,yes
6080723b-67ba-5c8d-c223-f01d09d81fbf,KXMICHCOACH-26-JBRO,2025-12-19T22:10:11.131691Z,15.00,0.0700,0.9300,yes
908d8c28-b58c-46c9-0009-224b4420717b,KXMICHCOACH-26-JBRO,2025-12-19T22:02:20.056537Z,21.00,0.0600,0.9400,yes
2dde9212-e21e-6435-bc61-39b6ef865e53,KXMICHCOACH-26-JBRO,2025-12-19T21:57:44.807667Z,81.00,0.0700,0.9300,yes
02f3a4e4-93f1-623f-9ca8-fd6f024f2923,KXMICHCOACH-26-JBRO,2025-12-19T21:57:44.807667Z,566.00,0.0700,0.9300,yes
4e03fe46-f753-459c-7efb-0ebe1419118d,KXMICHCOACH-26-JBRO,2025-12-19T21:48:06.234902Z,121.00,0.0400,0.9600,no
0407445b-b3cb-4eea-6ec2-4cbeff19c3de,KXMICHCOACH-26-JBRO,2025-12-19T21:48:06.234902Z,66.00,0.0400,0.9600,no
a57d5892-5359-5c6f-4963-dcf5e3c21073,KXMICHCOACH-26-JBRO,2025-12-19T21:38:27.188782Z,107.00,0.0700,0.9300,yes
04a27ca4-24f5-4a2f-20af-a122c443c3fb,KXMICHCOACH-26-JBRO,2025-12-19T21:37:44.905087Z,149.00,0.0700,0.9300,yes
523fdfa5-0fc5-48fb-9d3b-377b3a16b363,KXMICHCOACH-26-JBRO,2025-12-19T21:32:24.411343Z,26.00,0.0700,0.9300,yes
3df39b8b-0955-7c63-e8a9-8222485a4c93,KXMICHCOACH-26-JBRO,2025-12-19T21:32:00.506991Z,31.00,0.0700,0.9300,yes
fc71a73e-22b9-7373-71fd-cb4fdef50b9b,KXMICHCOACH-26-JBRO,2025-12-19T21:30:34.826704Z,3.00,0.0700,0.9300,yes
4315f67b-0775-46ef-652c-abcc4a82e7fb,KXMICHCOACH-26-JBRO,2025-12-19T21:30:16.552159Z,60.00,0.0700,0.9300,yes
957bfb3a-d101-69b7-bf0f-8d79251867df,KXMICHCOACH-26-JBRO,2025-12-19T21:29:42.838279Z,13.00,0.0700,0.9300,yes
d1cfb8f2-0a7e-694e-12ac-62952c84a712,KXMICHCOACH-26-JBRO,2025-12-19T21:13:44.409519Z,6.00,0.0600,0.9400,yes
a55793cf-eb79-6513-0392-3b031147c5c3,KXMICHCOACH-26-JBRO,2025-12-19T21:13:44.409519Z,45.00,0.0700,0.9300,yes
890470b7-ba40-601b-0d23-76524bef460d,KXMICHCOACH-26-JBRO,2025-12-19T21:13:44.409519Z,597.00,0.0600,0.9400,yes
3e0949a7-1948-685b-1024-22e4717f2742,KXMICHCOACH-26-JBRO,2025-12-19T21:13:44.409519Z,41.00,0.0700,0.9300,yes
694cbadb-e724-51d3-e0f8-650a40291e75,KXMICHCOACH-26-JBRO,2025-12-19T20:46:21.968224Z,31.00,0.0600,0.9400,yes
c9bf240d-1134-541b-da07-e3e918a51b61,KXMICHCOACH-26-JBRO,2025-12-19T20:44:44.710988Z,78.00,0.0600,0.9400,yes
e7b9a90b-56e4-7157-e06b-7eb1c95144f5,KXMICHCOACH-26-JBRO,2025-12-19T20:41:24.117517Z,78.00,0.0600,0.9400,yes
64d26c43-f171-62f6-acd0-9f2e745d1be0,KXMICHCOACH-26-JBRO,2025-12-19T20:33:05.283176Z,84.00,0.0400,0.9600,no
47b91aa1-589f-6eac-ac4d-97b3e59ee3a9,KXMICHCOACH-26-JBRO,2025-12-19T20:33:05.283176Z,6.00,0.0400,0.9600,no
3465ac07-2740-690c-ab59-0590fe93edbe,KXMICHCOACH-26-JBRO,2025-12-19T20:33:05.283176Z,27.00,0.0400,0.9600,no
7a6f9375-dfdc-5027-c6da-db0cde1ac4f5,KXMICHCOACH-26-JBRO,2025-12-19T20:19:06.140481Z,156.00,0.0600,0.9400,yes
824ff0c5-79c0-5b37-bb96-7fe3a2835bf5,KXMICHCOACH-26-JBRO,2025-12-19T20:12:39.825124Z,156.00,0.0600,0.9400,yes
84bafd90-f3f4-6f5e-1d5c-c46550b19beb,KXMICHCOACH-26-JBRO,2025-12-19T20:09:11.12162Z,500.00,0.0600,0.9400,yes
0a773740-b49c-5a56-b7c8-ea4a28b930ef,KXMICHCOACH-26-JBRO,2025-12-19T20:05:43.360698Z,5.00,0.0600,0.9400,yes
8042aa4c-44c0-6882-d694-1508829ae7a7,KXMICHCOACH-26-JBRO,2025-12-19T19:53:50.541344Z,3.00,0.0600,0.9400,yes
fa408f85-1598-5dd6-21a1-37526d98c59f,KXMICHCOACH-26-JBRO,2025-12-19T19:50:57.67727Z,18.00,0.0600,0.9400,yes
a6f19626-fcf4-7e76-4030-e31d8cdc7c63,KXMICHCOACH-26-JBRO,2025-12-19T19:49:44.343715Z,5.00,0.0600,0.9400,yes
b9085aa7-b328-7543-ac48-656b8dadff82,KXMICHCOACH-26-JBRO,2025-12-19T19:43:20.321265Z,26.00,0.0700,0.9300,yes
e4ed20b5-c050-511b-e678-22f2ce743086,KXMICHCOACH-26-JBRO,2025-12-19T18:45:22.649786Z,49.00,0.0700,0.9300,yes
a154a7c1-8813-5aae-cf6a-51dfe918f121,KXMICHCOACH-26-JBRO,2025-12-19T18:45:22.649786Z,836.00,0.0700,0.9300,yes
4b437d7f-2b42-5f71-cdcb-571f1319df38,KXMICHCOACH-26-JBRO,2025-12-19T18:45:22.649786Z,456.00,0.0700,0.9300,yes
89f2b05e-7b82-6c79-db86-8e8c1fe82528,KXMICHCOACH-26-JBRO,2025-12-19T18:30:25.896536Z,1044.00,0.0700,0.9300,yes
53ae6e8e-7cbd-417d-a013-0efdc3b73b5c,KXMICHCOACH-26-JBRO,2025-12-19T18:30:13.376225Z,1320.00,0.0600,0.9400,yes
799f5bfb-5d79-4765-dfb0-d9568e8ed348,KXMICHCOACH-26-JBRO,2025-12-19T18:29:06.402734Z,578.00,0.0600,0.9400,yes
05e1753c-1d2d-6230-792f-8e3a6060f4fc,KXMICHCOACH-26-JBRO,2025-12-19T18:24:31.484192Z,156.00,0.0500,0.9500,no
ac209d21-cf75-4fc1-3233-b4b350837edc,KXMICHCOACH-26-JBRO,2025-12-19T18:24:05.923987Z,312.00,0.0600,0.9400,yes
4246fd4e-fa69-5aed-102e-237fdc0531cc,KXMICHCOACH-26-JBRO,2025-12-19T17:57:42.550591Z,12.00,0.0600,0.9400,yes
de0a5acd-a19a-6f41-5249-4888ca3ca43f,KXMICHCOACH-26-JBRO,2025-12-19T17:25:04.945491Z,1.00,0.0600,0.9400,no
dbd84145-e303-6a30-52dd-d0bcea03fe9d,KXMICHCOACH-26-JBRO,2025-12-19T17:25:04.945491Z,43.00,0.0500,0.9500,no
d6276999-04a3-657e-746b-09b33af94d3b,KXMICHCOACH-26-JBRO,2025-12-19T17:25:04.945491Z,223.00,0.0600,0.9400,no
a273db65-a919-6a18-7809-e07f87b57d92,KXMICHCOACH-26-JBRO,2025-12-19T17:25:04.945491Z,123.00,0.0600,0.9400,no
2e086869-32e3-4aa2-af74-41d892e4cb03,KXMICHCOACH-26-JBRO,2025-12-19T17:14:13.903526Z,268.00,0.0600,0.9400,no
256ccd8f-f653-643a-a0ec-8b8b439da34b,KXMICHCOACH-26-JBRO,2025-12-19T17:11:05.660804Z,37.00,0.0600,0.9400,no
f8ae395c-4c6d-5a2e-60a3-7c82c9b58ec7,KXMICHCOACH-26-JBRO,2025-12-19T17:08:03.526083Z,60.00,0.0700,0.9300,no
2f7262d0-f6a7-4636-ad0f-b35115fc767f,KXMICHCOACH-26-JBRO,2025-12-19T17:01:25.882281Z,467.00,0.0600,0.9400,no
5610f43f-605e-6b3b-981b-6593dee868a9,KXMICHCOACH-26-JBRO,2025-12-19T16:42:14.605359Z,80.00,0.0800,0.9200,yes
22d1b246-8297-6416-b110-c32164e3830d,KXMICHCOACH-26-JBRO,2025-12-19T16:42:14.605359Z,207.00,0.0800,0.9200,yes
9de94752-d492-4def-19d5-b76353ddcc3c,KXMICHCOACH-26-JBRO,2025-12-19T14:40:46.735438Z,300.00,0.0900,0.9100,yes
00dc9613-e7fa-7a5b-644f-6d1ec6df1894,KXMICHCOACH-26-JBRO,2025-12-19T14:32:07.838076Z,52.00,0.0900,0.9100,yes
6d5a38a2-6d53-7d86-b9d2-db01fdb1a163,KXMICHCOACH-26-JBRO,2025-12-19T14:27:52.32898Z,5.00,0.0500,0.9500,no
c5975d49-cb4e-4bf3-b4d6-eef156fd2eaa,KXMICHCOACH-26-JBRO,2025-12-19T14:20:58.322609Z,1000.00,0.0800,0.9200,yes
5f79e114-4e72-4757-02bf-65687fee2c30,KXMICHCOACH-26-JBRO,2025-12-19T14:17:43.497946Z,51.00,0.0900,0.9100,yes
bc94da24-41fd-4641-e1be-4cc668257741,KXMICHCOACH-26-JBRO,2025-12-19T14:17:04.030991Z,8.00,0.0800,0.9200,yes
1a5d43e8-1e39-41ba-d2e6-fdb54ed41df8,KXMICHCOACH-26-JBRO,2025-12-19T14:17:04.030991Z,100.00,0.0800,0.9200,yes
9d82f3dd-0cc4-5efc-2feb-224c666b6dcc,KXMICHCOACH-26-JBRO,2025-12-19T14:09:31.968091Z,200.00,0.0700,0.9300,yes
83ff05c2-931b-5a20-395c-70468edc4375,KXMICHCOACH-26-JBRO,2025-12-19T14:09:31.968091Z,615.00,0.0700,0.9300,yes
d84edeb0-f429-448f-247e-fcd18ca23cbe,KXMICHCOACH-26-JBRO,2025-12-19T14:08:21.063188Z,21.00,0.0600,0.9400,yes
6139349a-4bc3-49b0-3505-f4603eaf1fef,KXMICHCOACH-26-JBRO,2025-12-19T14:08:21.063188Z,484.00,0.0600,0.9400,yes
aa5b1a64-8f68-5715-ae31-e97b0ca19777,KXMICHCOACH-26-JBRO,2025-12-19T14:05:24.596393Z,2021.00,0.0500,0.9500,yes
b0654f8d-de40-4881-6f95-6d0d9714873b,KXMICHCOACH-26-JBRO,2025-12-19T12:59:31.503904Z,18.00,0.0500,0.9500,yes
71240112-d724-5ee9-17b5-b7e382fd1cbb,KXMICHCOACH-26-JBRO,2025-12-19T12:16:00.930001Z,18.00,0.0500,0.9500,yes
72076f4d-0fc5-5335-c9a7-506c277eaed1,KXMICHCOACH-26-JBRO,2025-12-19T12:03:59.95607Z,156.00,0.0300,0.9700,no
34ec5843-6e09-5ea9-bfa2-aff990d383c9,KXMICHCOACH-26-JBRO,2025-12-19T10:20:58.56278Z,199.00,0.0300,0.9700,no
8f16076f-0559-5b2c-875e-9cc8140f6125,KXMICHCOACH-26-JBRO,2025-12-19T09:18:46.475171Z,603.00,0.0400,0.9600,yes
078a442f-cac3-57f8-bc93-062991d0beae,KXMICHCOACH-26-JBRO,2025-12-19T09:18:46.475171Z,1068.00,0.0400,0.9600,yes
b235bd2d-f2cb-4ae4-9158-f07cb76b246a,KXMICHCOACH-26-JBRO,2025-12-19T08:37:27.701231Z,351.00,0.0400,0.9600,yes
3dfd2995-fee7-4a68-6c34-fcc11b38d632,KXMICHCOACH-26-JBRO,2025-12-19T08:23:59.631774Z,100.00,0.0400,0.9600,yes
1e901623-0663-5574-7f64-415e70591ce2,KXMICHCOACH-26-JBRO,2025-12-19T07:02:04.626029Z,351.00,0.0400,0.9600,yes
4cafdf7e-a80f-4028-bc38-32d11b03e096,KXMICHCOACH-26-JBRO,2025-12-19T06:34:48.07358Z,234.00,0.0400,0.9600,yes
8c6a09c2-3c1d-4471-a86a-b84bcbb785b9,KXMICHCOACH-26-JBRO,2025-12-19T06:19:28.168384Z,1.00,0.0300,0.9700,no
7322045e-a3dc-4409-b753-7333665b2577,KXMICHCOACH-26-JBRO,2025-12-19T05:38:37.650675Z,7.00,0.0500,0.9500,yes
f7d1f5cd-e86c-4b25-1ae4-6a7286eafb57,KXMICHCOACH-26-JBRO,2025-12-19T05:25:34.449858Z,158.00,0.0500,0.9500,yes
358dd784-b48c-451d-35b3-dc9bd00ed092,KXMICHCOACH-26-JBRO,2025-12-19T05:25:34.449858Z,242.00,0.0500,0.9500,yes
bbb78a61-d31c-7e35-7ca5-86ec94620b4e,KXMICHCOACH-26-JBRO,2025-12-19T04:36:15.137106Z,37.00,0.0500,0.9500,yes
38c80e3e-3120-7ee5-b1b4-505d51f8955a,KXMICHCOACH-26-JBRO,2025-12-19T04:31:54.062531Z,262.00,0.0500,0.9500,yes
8dc1f07a-76e0-79bd-cee5-2142c7c74b06,KXMICHCOACH-26-JBRO,2025-12-19T04:25:16.350588Z,937.00,0.0500,0.9500,yes
af67b3d3-e585-5de9-890c-6a185dbc6205,KXMICHCOACH-26-JBRO,2025-12-19T02:34:34.150261Z,159.00,0.0300,0.9700,no
95eb6674-7e6b-4bca-a180-d0eb2f2c5833,KXMICHCOACH-26-JBRO,2025-12-19T02:02:39.718391Z,644.00,0.0500,0.9500,no
8b2f3eba-4c6f-4dfa-9be6-12345f578896,KXMICHCOACH-26-JBRO,2025-12-19T02:02:39.718391Z,100.00,0.0500,0.9500,no
d91d3b47-0c6d-75f0-5740-ac96b2e5dfa9,KXMICHCOACH-26-JBRO,2025-12-19T01:58:12.603516Z,156.00,0.0600,0.9400,yes
132b03bd-4e55-5340-2df9-254cb8795cc1,KXMICHCOACH-26-JBRO,2025-12-19T01:22:01.061123Z,39.00,0.0600,0.9400,yes
6f03506d-4afb-4c2e-e40b-37e0ac255c1f,KXMICHCOACH-26-JBRO,2025-12-19T01:14:51.046021Z,156.00,0.0500,0.9500,no
3c1ff97a-8251-7878-fff9-5e0f9f2ecc49,KXMICHCOACH-26-JBRO,2025-12-19T01:08:33.55954Z,15.00,0.0600,0.9400,yes
016ff25f-8075-6210-6aa7-c346d330f365,KXMICHCOACH-26-JBRO,2025-12-19T00:49:00.532272Z,31.00,0.0600,0.9400,yes
7a198fde-dba5-47ec-0cb9-995bc09ec075,KXMICHCOACH-26-JBRO,2025-12-19T00:47:59.909653Z,156.00,0.0600,0.9400,yes
4da8d13b-cc10-4424-2c36-8cce1a2d9a50,KXMICHCOACH-26-JBRO,2025-12-19T00:47:59.909653Z,625.00,0.0600,0.9400,yes
bcae7171-7370-4920-f4c0-c7dc06f1d9f0,KXMICHCOACH-26-JBRO,2025-12-19T00:04:26.560848Z,156.00,0.0600,0.9400,yes
cd663ba1-218c-7d04-4053-7a7a3b4bcb24,KXMICHCOACH-26-JBRO,2025-12-18T22:48:41.135202Z,62.00,0.0600,0.9400,yes
7b146671-cee4-6120-006c-2c61e9e73f9c,KXMICHCOACH-26-JBRO,2025-12-18T22:45:18.044995Z,324.00,0.0600,0.9400,yes
193f3e3c-da94-68ec-760a-16cb8c4febe8,KXMICHCOACH-26-JBRO,2025-12-18T22:43:32.362584Z,781.00,0.0600,0.9400,yes
130e1b32-8100-7954-999f-ad6084cc1678,KXMICHCOACH-26-JBRO,2025-12-18T22:17:06.323856Z,156.00,0.0600,0.9400,yes
874bf789-820c-6d24-dcf4-99f3bdb2d1e8,KXMICHCOACH-26-JBRO,2025-12-18T21:29:27.879206Z,3.00,0.0600,0.9400,yes
013edfc0-76ec-4750-28a2-66762f0d6520,KXMICHCOACH-26-JBRO,2025-12-18T20:41:31.437751Z,50.00,0.0600,0.9400,yes
e911b572-8be8-54e4-3c1a-3ba2812ddc70,KXMICHCOACH-26-JBRO,2025-12-18T20:35:00.959209Z,15.00,0.0600,0.9400,yes
966233bb-9bc4-44fc-49a3-b418c19f2044,KXMICHCOACH-26-JBRO,2025-12-18T20:32:28.988403Z,50.00,0.0600,0.9400,yes
6df27870-791f-6984-f85c-c4142c7cdc33,KXMICHCOACH-26-JBRO,2025-12-18T20:04:54.022245Z,268.00,0.0700,0.9300,yes
9becb174-d253-47c2-63dd-063b9168ffc3,KXMICHCOACH-26-JBRO,2025-12-18T19:36:30.816825Z,800.00,0.0500,0.9500,no
805ff618-09eb-410c-8836-ea10768b760f,KXMICHCOACH-26-JBRO,2025-12-18T19:36:28.412492Z,21.00,0.0700,0.9300,yes
a88039a1-6a1f-5414-8557-37fd98b6ed2b,KXMICHCOACH-26-JBRO,2025-12-18T19:22:40.954968Z,67.00,0.0700,0.9300,yes
0b3048c2-bf8f-6e98-af3a-43511b2b145f,KXMICHCOACH-26-JBRO,2025-12-18T19:06:07.454593Z,6.00,0.0700,0.9300,yes
587d4c1a-17db-7c58-fa66-b63d33591aa7,KXMICHCOACH-26-JBRO,2025-12-18T19:05:19.271435Z,134.00,0.0700,0.9300,yes
ccece4fe-cf2b-6098-d778-5344ca25452b,KXMICHCOACH-26-JBRO,2025-12-18T19:04:57.759428Z,201.00,0.0700,0.9300,yes
837135f7-f227-7b1c-4922-45fe74bef52f,KXMICHCOACH-26-JBRO,2025-12-18T18:42:45.120736Z,198.00,0.0700,0.9300,yes
e051b6e2-43d7-7524-0153-d3b7346c889b,KXMICHCOACH-26-JBRO,2025-12-18T18:39:51.535551Z,670.00,0.0700,0.9300,yes
b67031b0-ba2f-7cd0-f3e7-6150e0fd7ccf,KXMICHCOACH-26-JBRO,2025-12-18T18:15:23.521613Z,40.00,0.0700,0.9300,yes
a4201404-976c-436c-5b9a-3ecbbc9d6194,KXMICHCOACH-26-JBRO,2025-12-18T18:08:42.235307Z,200.00,0.0700,0.9300,yes
832cf80c-39af-4fb4-769b-2ccce9fb4267,KXMICHCOACH-26-JBRO,2025-12-18T18:08:42.235307Z,209.00,0.0700,0.9300,yes
424bc511-33a2-4451-763b-33a0de39c483,KXMICHCOACH-26-JBRO,2025-12-18T18:08:42.235307Z,261.00,0.0700,0.9300,yes
478ac541-9a9f-6838-dfd5-98f31055fbd6,KXMICHCOACH-26-JBRO,2025-12-18T17:38:56.421116Z,131.00,0.0700,0.9300,yes
95bef7a6-a49b-43b0-2fc0-62d7bec42af6,KXMICHCOACH-26-JBRO,2025-12-18T17:38:50.713585Z,134.00,0.0700,0.9300,yes
ec6699be-38bc-5caa-c022-547639f2529b,KXMICHCOACH-26-JBRO,2025-12-18T17:25:09.809823Z,1200.00,0.0700,0.9300,yes
cc2f55ad-db6b-57ec-dbf2-7730accbc93e,KXMICHCOACH-26-JBRO,2025-12-18T17:25:09.809823Z,2431.00,0.0700,0.9300,yes
a4796b96-79fc-5250-eb70-07e05583500a,KXMICHCOACH-26-JBRO,2025-12-18T17:25:09.809823Z,1369.00,0.0700,0.9300,yes
2db1fbde-7280-6250-00bc-5bfd3d981b0e,KXMICHCOACH-26-JBRO,2025-12-18T17:12:56.43108Z,31.00,0.0700,0.9300,yes
aeb02203-23ce-7315-58fa-3c27dfeb63e7,KXMICHCOACH-26-JBRO,2025-12-18T17:10:27.538459Z,200.00,0.0600,0.9400,yes
8e9150fc-b8e1-7bfd-78c4-6cabaff398d4,KXMICHCOACH-26-JBRO,2025-12-18T17:10:27.538459Z,1000.00,0.0600,0.9400,yes
453ad91f-a6e9-7572-7650-85782908626b,KXMICHCOACH-26-JBRO,2025-12-18T17:10:27.538459Z,601.00,0.0600,0.9400,yes
0c6126bc-fdc9-4572-037b-fe676fc4817f,KXMICHCOACH-26-JBRO,2025-12-18T16:47:43.357199Z,1.00,0.0600,0.9400,yes
5f60fe6b-89f5-625e-a69f-655bab11e8b3,KXMICHCOACH-26-JBRO,2025-12-18T16:32:31.189854Z,1563.00,0.0600,0.9400,yes
e49864df-ce33-768b-b7a9-4bf19bc633a7,KXMICHCOACH-26-JBRO,2025-12-18T16:04:19.305738Z,138.00,0.0500,0.9500,no
776fd6a4-718c-751c-927a-93b7dc04a485,KXMICHCOACH-26-JBRO,2025-12-18T16:04:19.305738Z,317.00,0.0400,0.9600,no
b622a047-53ff-4c4b-fc55-a66a6046cc6f,KXMICHCOACH-26-JBRO,2025-12-18T15:50:55.326697Z,325.00,0.0500,0.9500,no
71bbc538-48f5-6bfa-2147-588edef808fb,KXMICHCOACH-26-JBRO,2025-12-18T15:49:59.208704Z,49.00,0.0600,0.9400,yes
db1e14c1-e2f5-5e86-b517-15b9301bbe2f,KXMICHCOACH-26-JBRO,2025-12-18T15:45:24.842687Z,8.00,0.0600,0.9400,yes
a1c13349-2500-5037-b1c5-1f238537410c,KXMICHCOACH-26-JBRO,2025-12-18T15:45:24.842687Z,7.00,0.0600,0.9400,yes
97b9f4e9-9318-430b-fa51-4cf1a78fde80,KXMICHCOACH-26-JBRO,2025-12-18T15:36:55.554635Z,1000.00,0.0600,0.9400,yes
25c87381-fda0-51a3-1c15-246e596bb790,KXMICHCOACH-26-JBRO,2025-12-18T15:18:34.677398Z,156.00,0.0600,0.9400,yes
c96b0d8e-2528-7777-04b4-6d7ff9cc5594,KXMICHCOACH-26-JBRO,2025-12-18T15:11:36.555406Z,234.00,0.0600,0.9400,yes
61b2ed12-4118-6b9d-6722-e14f4ad21325,KXMICHCOACH-26-JBRO,2025-12-18T14:52:13.833477Z,22.00,0.0600,0.9400,yes
2569aa05-9228-62cb-6f68-3484ddaddacc,KXMICHCOACH-26-JBRO,2025-12-18T14:52:13.833477Z,103.00,0.0600,0.9400,yes
4d648f8b-0c34-4901-b9a6-849c502dc955,KXMICHCOACH-26-JBRO,2025-12-18T13:45:08.066129Z,78.00,0.0600,0.9400,yes
6440c493-5617-7447-9006-24a5af047b03,KXMICHCOACH-26-JBRO,2025-12-18T12:12:26.110093Z,374.00,0.0500,0.9500,no
810e2a20-e560-5545-3c52-87aa2016fa5f,KXMICHCOACH-26-JBRO,2025-12-18T11:19:05.67402Z,34.00,0.0600,0.9400,yes
41e093fc-6184-5074-1418-e44fa48edb52,KXMICHCOACH-26-JBRO,2025-12-18T11:19:05.67402Z,306.00,0.0700,0.9300,yes
d1ad6fc3-e160-5c71-3b55-d1d005a93807,KXMICHCOACH-26-JBRO,2025-12-18T07:24:37.52197Z,150.00,0.0600,0.9400,yes
e131803b-ad70-6d60-7f2f-3d9859ecb579,KXMICHCOACH-26-JBRO,2025-12-18T07:21:58.839195Z,328.00,0.0400,0.9600,no
d77899bc-6a63-6b5b-4427-202fa4e0b855,KXMICHCOACH-26-JBRO,2025-12-18T07:21:58.839195Z,178.00,0.0400,0.9600,no
6fb40991-70a8-6317-7840-1ab52cbbc4e4,KXMICHCOACH-26-JBRO,2025-12-18T07:21:58.839195Z,422.00,0.0500,0.9500,no
3b4c4c6a-af66-6233-6344-baf5557777c3,KXMICHCOACH-26-JBRO,2025-12-18T07:21:58.839195Z,500.00,0.0400,0.9600,no
451e036d-b058-6dc5-f7c2-ba9198a4cdab,KXMICHCOACH-26-JBRO,2025-12-18T05:11:13.562452Z,32.00,0.0600,0.9400,yes
af3db239-f59b-765f-ecc6-8ca3ae99a500,KXMICHCOACH-26-JBRO,2025-12-18T05:10:58.72823Z,241.00,0.0600,0.9400,yes
862241ec-9df0-785d-cbc6-d40aca9a21bf,KXMICHCOACH-26-JBRO,2025-12-18T05:10:58.72823Z,384.00,0.0600,0.9400,yes
096106b4-5f9b-477f-9b6c-428474f79658,KXMICHCOACH-26-JBRO,2025-12-18T04:46:41.524012Z,79.00,0.0600,0.9400,yes
4b0d75af-4d8b-7987-2575-d08f70ae88d4,KXMICHCOACH-26-JBRO,2025-12-18T03:34:56.326509Z,31.00,0.0600,0.9400,yes
ccd93e33-be87-6da3-6126-27f234634c94,KXMICHCOACH-26-JBRO,2025-12-18T03:23:26.045079Z,62.00,0.0600,0.9400,yes
8502ad77-e324-737f-40c9-73f927695550,KXMICHCOACH-26-JBRO,2025-12-18T03:20:37.492261Z,170.00,0.0500,0.9500,no
520668dd-c7e7-7d4b-17db-d281a8223e74,KXMICHCOACH-26-JBRO,2025-12-18T02:55:40.016208Z,39.00,0.0600,0.9400,yes
17748e34-e357-6463-2b52-8cc759f10974,KXMICHCOACH-26-JBRO,2025-12-18T02:55:23.476393Z,312.00,0.0600,0.9400,yes
555bf61a-16c0-7020-4ceb-e307cddf7a2a,KXMICHCOACH-26-JBRO,2025-12-18T01:55:12.767623Z,333.00,0.0700,0.9300,yes
5cb1ab89-73e8-578a-11ae-80366624d321,KXMICHCOACH-26-JBRO,2025-12-18T01:49:24.629164Z,234.00,0.0600,0.9400,yes
9a5b375e-f2a0-5398-11f4-b5fb9ea4b43e,KXMICHCOACH-26-JBRO,2025-12-18T01:38:53.418292Z,67.00,0.0700,0.9300,yes
fa86e05d-7cf2-55a1-386a-a2c3451e162f,KXMICHCOACH-26-JBRO,2025-12-18T01:32:46.234966Z,200.00,0.0600,0.9400,yes
4cf111e4-b7ec-559c-1301-eb2572f8dcd2,KXMICHCOACH-26-JBRO,2025-12-18T01:32:46.234966Z,16.00,0.0700,0.9300,yes
3928c5ea-9982-5697-1df2-317db11cee0b,KXMICHCOACH-26-JBRO,2025-12-18T01:32:46.234966Z,93.00,0.0600,0.9400,yes
dbd382ea-d92e-4183-ea4e-56f2a203066b,KXMICHCOACH-26-JBRO,2025-12-18T01:15:52.376537Z,100.00,0.0600,0.9400,yes
f417c0b0-5c32-526b-51e1-f5358094410b,KXMICHCOACH-26-JBRO,2025-12-18T01:12:33.711075Z,156.00,0.0600,0.9400,yes
c2ef8a38-2ab8-7b2f-9c62-5d9cfd8e1f88,KXMICHCOACH-26-JBRO,2025-12-18T01:05:24.676505Z,408.00,0.0500,0.9500,no
8d26d8b3-ecde-732b-4728-3a3f4d65f89f,KXMICHCOACH-26-JBRO,2025-12-18T00:49:32.523674Z,797.00,0.0600,0.9400,yes
41ae3762-bd3e-7d83-ea41-2aa1d6c38ff3,KXMICHCOACH-26-JBRO,2025-12-18T00:24:47.796549Z,469.00,0.0600,0.9400,yes
30e6f6a1-7c76-7e13-f0fc-112f87c73283,KXMICHCOACH-26-JBRO,2025-12-18T00:14:52.828901Z,8.00,0.0600,0.9400,yes
617ce080-2832-6ad2-4b4c-fce45a0abbd1,KXMICHCOACH-26-JBRO,2025-12-18T00:13:05.847373Z,12.00,0.0500,0.9500,no
2009695b-002a-7437-535b-0214683c9e03,KXMICHCOACH-26-JBRO,2025-12-17T23:47:17.271783Z,78.00,0.0600,0.9400,yes
a43d3675-6f12-5f5f-58c1-d45b829dc167,KXMICHCOACH-26-JBRO,2025-12-17T23:40:17.275747Z,400.00,0.0600,0.9400,yes
578f702f-9616-7fde-df7a-22a2db10ba08,KXMICHCOACH-26-JBRO,2025-12-17T23:38:11.74302Z,211.00,0.0600,0.9400,no
0934b42b-8884-7344-39ad-81c1466ed8c6,KXMICHCOACH-26-JBRO,2025-12-17T22:45:59.057531Z,100.00,0.0700,0.9300,yes
f958c755-693c-709a-4657-9ee0450ef84f,KXMICHCOACH-26-JBRO,2025-12-17T22:16:23.212369Z,8.00,0.0700,0.9300,yes
7252973b-f586-54de-a0c2-f1d82885d134,KXMICHCOACH-26-JBRO,2025-12-17T22:02:52.922188Z,187.00,0.0600,0.9400,no
b7692f9e-bb0c-7026-1e76-53fba19e1e83,KXMICHCOACH-26-JBRO,2025-12-17T21:56:24.71006Z,277.00,0.0700,0.9300,yes
2ed54399-4730-6596-84ad-7325f9cb8f4f,KXMICHCOACH-26-JBRO,2025-12-17T21:32:45.024162Z,22.00,0.0700,0.9300,yes
ebd4ddee-7678-56ba-3002-7753fb2082b7,KXMICHCOACH-26-JBRO,2025-12-17T21:20:23.403021Z,67.00,0.0700,0.9300,yes
d4d546fa-375a-6d42-2d13-aa21d631e730,KXMICHCOACH-26-JBRO,2025-12-17T20:58:06.23618Z,102.00,0.0600,0.9400,no
894a5070-8ceb-68f3-1e61-a623105c9e1d,KXMICHCOACH-26-JBRO,2025-12-17T20:58:06.23618Z,33.00,0.0600,0.9400,no
8dea56dd-8088-4736-e1ef-467c6158b613,KXMICHCOACH-26-JBRO,2025-12-17T20:51:46.632778Z,1.00,0.0700,0.9300,yes
0da5325e-30de-4c61-7f75-a96cb8f6353d,KXMICHCOACH-26-JBRO,2025-12-17T20:40:10.537779Z,78.00,0.0600,0.9400,yes
f03df417-269e-7b71-c0a6-16ff0cb58d05,KXMICHCOACH-26-JBRO,2025-12-17T20:37:35.696231Z,295.00,0.0600,0.9400,yes
501e034a-136e-5229-bdc9-52fd79684dc5,KXMICHCOACH-26-JBRO,2025-12-17T20:27:05.039102Z,384.00,0.0600,0.9400,yes
6d1a244a-bc06-6a36-2509-c54109367209,KXMICHCOACH-26-JBRO,2025-12-17T20:24:50.93039Z,216.00,0.0500,0.9500,no
5a3cd71e-3cea-4761-767d-a47b7ba9d649,KXMICHCOACH-26-JBRO,2025-12-17T20:21:36.42094Z,109.00,0.0600,0.9400,yes
8a715f53-351a-66de-3b7e-efec64b30251,KXMICHCOACH-26-JBRO,2025-12-17T20:18:54.507008Z,500.00,0.0500,0.9500,no
cebf1e65-3cb2-44b9-b6f9-d0a06d19eb29,KXMICHCOACH-26-JBRO,2025-12-17T20:17:30.627153Z,46.00,0.0600,0.9400,yes
90a741ac-1f4a-73b9-af67-7f0182ecaeb9,KXMICHCOACH-26-JBRO,2025-12-17T20:12:29.029382Z,100.00,0.0600,0.9400,yes
031bebd5-f1ee-58a9-3102-8d80ab01c971,KXMICHCOACH-26-JBRO,2025-12-17T20:04:05.649778Z,781.00,0.0600,0.9400,yes
48780f41-552a-78cd-93d8-5e81ed3c5c29,KXMICHCOACH-26-JBRO,2025-12-17T19:57:10.624849Z,15.00,0.0600,0.9400,yes
ae536ec0-aeda-6235-856f-2abfc97df4f5,KXMICHCOACH-26-JBRO,2025-12-17T19:49:53.201926Z,312.00,0.0600,0.9400,yes
fea69efe-ae73-4a14-47b4-891088ccdbb1,KXMICHCOACH-26-JBRO,2025-12-17T19:49:11.488033Z,1500.00,0.0500,0.9500,yes
cf06b713-6031-4bcb-7949-130a42c39925,KXMICHCOACH-26-JBRO,2025-12-17T19:49:11.488033Z,1400.00,0.0500,0.9500,yes
ccf52f01-1beb-47e5-638a-22c5336889e5,KXMICHCOACH-26-JBRO,2025-12-17T19:49:11.488033Z,2222.00,0.0500,0.9500,yes
8c6f6d38-3712-4225-6b4e-562771f6a4dd,KXMICHCOACH-26-JBRO,2025-12-17T19:49:11.488033Z,2557.00,0.0600,0.9400,yes
489fe41c-dc5c-49b5-6ed3-8b79a9390439,KXMICHCOACH-26-JBRO,2025-12-17T19:49:11.488033Z,1000.00,0.0500,0.9500,yes
921bb100-515d-78ef-2c1d-7ec1db2c20c5,KXMICHCOACH-26-JBRO,2025-12-17T19:34:21.120795Z,93.00,0.0500,0.9500,yes
b96e6bd5-a1f1-6443-b274-c76a4cc2d631,KXMICHCOACH-26-JBRO,2025-12-17T19:32:15.147577Z,7.00,0.0500,0.9500,yes
e2ffd888-8623-5353-d060-504a5f4bbc29,KXMICHCOACH-26-JBRO,2025-12-17T19:14:52.452288Z,10.00,0.0400,0.9600,no
f0e4fff4-caee-5f61-7a21-af2336be208d,KXMICHCOACH-26-JBRO,2025-12-17T19:02:54.399863Z,170.00,0.0600,0.9400,yes
eea619e6-7743-4d43-94f1-1c16ff08a4a5,KXMICHCOACH-26-JBRO,2025-12-17T18:58:55.674347Z,26.00,0.0400,0.9600,no
2293a55a-b4ae-4bfc-af1c-1c0bc72f6a05,KXMICHCOACH-26-JBRO,2025-12-17T18:58:55.674347Z,32.00,0.0500,0.9500,no
71ebbe1e-b0c8-4a7a-1008-8cfe91e82089,KXMICHCOACH-26-JBRO,2025-12-17T18:48:26.751076Z,200.00,0.0600,0.9400,no
1ed2883a-8db6-45ae-21ff-650a935148ab,KXMICHCOACH-26-JBRO,2025-12-17T18:48:26.751076Z,100.00,0.0600,0.9400,no
18a7ff15-b14f-4ec7-0272-a6b6c574c164,KXMICHCOACH-26-JBRO,2025-12-17T18:48:26.751076Z,500.00,0.0600,0.9400,no
541406c7-a192-5a46-a977-8a6618ff35ff,KXMICHCOACH-26-JBRO,2025-12-17T18:47:55.767814Z,100.00,0.0600,0.9400,no
32b22bf0-a6f7-773e-feeb-c6b150121c7c,KXMICHCOACH-26-JBRO,2025-12-17T18:45:13.846778Z,18.00,0.0700,0.9300,no
d7385da8-db5a-7487-4c6a-2522bfc11212,KXMICHCOACH-26-JBRO,2025-12-17T18:42:25.268134Z,1000.00,0.0700,0.9300,no
6b2d779f-c2f4-76cc-7904-bc81295d6183,KXMICHCOACH-26-JBRO,2025-12-17T18:42:25.268134Z,2045.00,0.0700,0.9300,no
3b69eeea-7aac-7aab-7737-255c0da97b32,KXMICHCOACH-26-JBRO,2025-12-17T18:42:25.268134Z,233.00,0.0700,0.9300,no
036658d2-f77a-7c6c-66a3-6ad10f6e4f74,KXMICHCOACH-26-JBRO,2025-12-17T18:42:25.268134Z,500.00,0.0700,0.9300,no
962db6e3-10d4-7c44-dbfe-9ae49ccfa593,KXMICHCOACH-26-JBRO,2025-12-17T18:39:24.947417Z,1.00,0.0700,0.9300,no
5c7c9b5b-38d0-55b4-1dba-bdcb3c501bab,KXMICHCOACH-26-JBRO,2025-12-17T18:33:39.189412Z,454.00,0.0700,0.9300,no
6cc4be3a-c5ce-684a-45e9-1029e5d04d13,KXMICHCOACH-26-JBRO,2025-12-17T18:25:08.147351Z,117.00,0.0800,0.9200,yes
aeb9e446-5a02-4466-9233-077dc262fcab,KXMICHCOACH-26-JBRO,2025-12-17T18:09:18.804902Z,35.00,0.0800,0.9200,yes
33937d1e-5486-7899-1f79-c262e9f8ca90,KXMICHCOACH-26-JBRO,2025-12-17T18:01:05.245876Z,78.00,0.0700,0.9300,no
d056c817-e88a-7282-8ae9-3c5acb969bfb,KXMICHCOACH-26-JBRO,2025-12-17T17:42:16.578434Z,233.00,0.0800,0.9200,yes
610a5d63-08b2-58f1-f09f-ab8ead4dcd2c,KXMICHCOACH-26-JBRO,2025-12-17T17:20:04.057454Z,57.00,0.0700,0.9300,no
46ea86d9-49bd-6b8e-bbe6-8b77915c33f1,KXMICHCOACH-26-JBRO,2025-12-17T17:15:27.610747Z,234.00,0.0800,0.9200,yes
f63a98c1-3bad-4596-9769-d7597694a51d,KXMICHCOACH-26-JBRO,2025-12-17T17:12:45.485669Z,117.00,0.0800,0.9200,yes
858da68a-e6a1-792e-ec4a-10e3f9734299,KXMICHCOACH-26-JBRO,2025-12-17T17:12:15.230912Z,293.00,0.0800,0.9200,yes
a0a80580-7eb9-432e-14ac-28130b5006d5,KXMICHCOACH-26-JBRO,2025-12-17T17:09:03.227323Z,117.00,0.0800,0.9200,yes
4381b7ff-c989-6ed2-6cf4-97392464fc41,KXMICHCOACH-26-JBRO,2025-12-17T17:08:06.969023Z,10.00,0.0800,0.9200,yes
36fce49c-7855-45be-57a8-f2c8c21f6221,KXMICHCOACH-26-JBRO,2025-12-17T17:03:41.347456Z,576.00,0.0800,0.9200,yes
a4978c31-8258-4aa6-a6b7-0e9173a28dc2,KXMICHCOACH-26-JBRO,2025-12-17T16:58:33.437163Z,92.00,0.0800,0.9200,yes
411409ba-281d-4d1a-8605-ced7832a08b5,KXMICHCOACH-26-JBRO,2025-12-17T16:58:33.437163Z,495.00,0.0800,0.9200,yes
b76a379a-3e38-51da-526e-b390d1e7ee4e,KXMICHCOACH-26-JBRO,2025-12-17T16:58:30.965772Z,58.00,0.0800,0.9200,yes
8d3e590c-bcec-4056-cb1f-d2e1980ce92e,KXMICHCOACH-26-JBRO,2025-12-17T16:35:33.990669Z,58.00,0.0800,0.9200,yes
2e1106b5-c5f4-609a-e2da-f728215a4a76,KXMICHCOACH-26-JBRO,2025-12-17T16:31:31.776269Z,35.00,0.0800,0.9200,yes
fe4973c5-c054-4ca0-70e4-f7259a8fc4be,KXMICHCOACH-26-JBRO,2025-12-17T16:26:08.340963Z,219.00,0.0700,0.9300,yes
fc7ddd9c-b700-45da-5eea-e3271c41e766,KXMICHCOACH-26-JBRO,2025-12-17T16:26:08.340963Z,43.00,0.0800,0.9200,yes
57f0c629-fdc7-5864-9381-3982b5f081e6,KXMICHCOACH-26-JBRO,2025-12-17T16:14:06.024145Z,223.00,0.0600,0.9400,no
2b49eab2-3512-5ccc-8492-bac4295a37b9,KXMICHCOACH-26-JBRO,2025-12-17T16:14:06.024145Z,11.00,0.0500,0.9500,no
1b4d4583-c411-452c-942c-9b50500b18f6,KXMICHCOACH-26-JBRO,2025-12-17T16:13:57.316718Z,126.00,0.0700,0.9300,yes
688654a3-d8c9-4038-287d-8bf94097125a,KXMICHCOACH-26-JBRO,2025-12-17T16:10:55.610272Z,73.00,0.0700,0.9300,yes
7440745e-528d-7e38-5ab6-0dabae2ebede,KXMICHCOACH-26-JBRO,2025-12-17T16:01:28.954687Z,1341.00,0.0700,0.9300,yes
769329a3-6f31-6920-5579-0af3063a9f9e,KXMICHCOACH-26-JBRO,2025-12-17T15:58:48.486067Z,67.00,0.0700,0.9300,yes
d68472ba-9045-4af8-e6db-d3a6319a4d9a,KXMICHCOACH-26-JBRO,2025-12-17T15:54:08.498178Z,615.00,0.0700,0.9300,yes
174a7083-752e-4335-dc49-df6e8b91473d,KXMICHCOACH-26-JBRO,2025-12-17T15:54:08.498178Z,500.00,0.0600,0.9400,yes
1311e2aa-1a3d-43ae-e6b6-8e5b02493402,KXMICHCOACH-26-JBRO,2025-12-17T15:54:08.498178Z,315.00,0.0600,0.9400,yes
aa01da4a-1f39-7e6e-cece-d6351eca8e4a,KXMICHCOACH-26-JBRO,2025-12-17T15:50:36.235238Z,185.00,0.0600,0.9400,yes
28530175-5f82-7702-f59a-a0fa9a487b4e,KXMICHCOACH-26-JBRO,2025-12-17T15:50:36.235238Z,215.00,0.0600,0.9400,yes
1ffda40e-dae6-7902-3cff-23e793aeac22,KXMICHCOACH-26-JBRO,2025-12-17T15:48:23.540938Z,625.00,0.0600,0.9400,yes
6c410ed1-8cea-6782-ac6f-b46e55b54a8e,KXMICHCOACH-26-JBRO,2025-12-17T15:46:07.674954Z,185.00,0.0600,0.9400,yes
e8e65807-8f7e-445e-a39b-180b11e2589a,KXMICHCOACH-26-JBRO,2025-12-17T15:45:27.409575Z,373.00,0.0600,0.9400,yes
ba6b6e5b-c326-7006-d0ba-5f1af7d5673a,KXMICHCOACH-26-JBRO,2025-12-17T15:33:22.270168Z,14.00,0.0600,0.9400,yes
f1d12084-04de-7b46-90c7-aa36216a7a6a,KXMICHCOACH-26-JBRO,2025-12-17T15:27:32.678334Z,88.00,0.0600,0.9400,yes
7f5eec0e-7443-76ef-94bc-a109a8f8192c,KXMICHCOACH-26-JBRO,2025-12-17T15:27:32.678334Z,71.00,0.0600,0.9400,yes
e5deffe8-e249-577d-a929-2e33d3058a9c,KXMICHCOACH-26-JBRO,2025-12-17T15:26:13.148769Z,113.00,0.0500,0.9500,yes
de682dab-3ee9-57cc-91ce-74c54b6fef27,KXMICHCOACH-26-JBRO,2025-12-17T15:26:13.148769Z,460.00,0.0600,0.9400,yes
aed27dfc-5571-58e6-8c6e-b68d297b9044,KXMICHCOACH-26-JBRO,2025-12-17T15:26:13.148769Z,8.00,0.0600,0.9400,yes
33b1beea-b13f-5847-abbd-66caf21da46c,KXMICHCOACH-26-JBRO,2025-12-17T15:26:13.148769Z,1001.00,0.0600,0.9400,yes
da3df8e2-77a1-50ad-0604-0cdbc214d7dc,KXMICHCOACH-26-JBRO,2025-12-17T15:10:58.688902Z,187.00,0.0500,0.9500,yes
5b8e690c-6961-6346-a7a9-01b45fca9908,KXMICHCOACH-26-JBRO,2025-12-17T14:47:09.641097Z,156.00,0.0600,0.9400,yes
a11f1d4a-e8f1-7912-b76a-dec3ac089acc,KXMICHCOACH-26-JBRO,2025-12-17T14:40:58.401391Z,200.00,0.0600,0.9400,yes
5f7ccc8f-e8a5-5c62-89d1-07653800dfc8,KXMICHCOACH-26-JBRO,2025-12-17T14:38:51.535428Z,136.00,0.0600,0.9400,yes
1eadc017-77c5-5c80-b4d6-3519c326cc4b,KXMICHCOACH-26-JBRO,2025-12-17T14:38:51.535428Z,4.00,0.0600,0.9400,yes
9c5f82fa-16f1-5bc4-8de9-47250893dd8b,KXMICHCOACH-26-JBRO,2025-12-17T14:37:07.263232Z,46.00,0.0600,0.9400,yes
066048d5-737d-470c-0365-3839c7bbe49f,KXMICHCOACH-26-JBRO,2025-12-17T14:31:18.794919Z,393.00,0.0600,0.9400,yes
aba5c981-b365-65bc-645f-93d4c80643c7,KXMICHCOACH-26-JBRO,2025-12-17T14:18:50.862642Z,156.00,0.0600,0.9400,yes
fd0732b3-dda1-5ba0-416e-a46de7ab423b,KXMICHCOACH-26-JBRO,2025-12-17T14:08:37.240855Z,28.00,0.0600,0.9400,yes
536e793e-88c1-5978-8187-7d6075921193,KXMICHCOACH-26-JBRO,2025-12-17T14:06:58.924516Z,15.00,0.0600,0.9400,yes
6334e420-e6f1-4334-055f-0af5e7497c3b,KXMICHCOACH-26-JBRO,2025-12-17T13:47:25.920138Z,234.00,0.0600,0.9400,yes
4a0f8159-c6f9-5e08-ae38-28386be241ef,KXMICHCOACH-26-JBRO,2025-12-17T13:16:58.587146Z,125.00,0.0600,0.9400,yes
23ee7f3b-aae5-40fc-a3f9-b118334c3c7f,KXMICHCOACH-26-JBRO,2025-12-17T11:31:42.670525Z,781.00,0.0600,0.9400,yes
d06640b1-d1a5-5fb8-2f7a-77218ec3a797,KXMICHCOACH-26-JBRO,2025-12-17T11:23:44.598479Z,4.00,0.0600,0.9400,yes
174c93a4-5d75-43e8-f22e-446c2e3d8917,KXMICHCOACH-26-JBRO,2025-12-17T11:17:12.582972Z,199.00,0.0600,0.9400,yes
4bf39114-a7c9-4898-2708-7d9d444e772b,KXMICHCOACH-26-JBRO,2025-12-17T11:13:10.13446Z,15.00,0.0600,0.9400,yes
e7592de4-3f6e-676a-dad9-26884b7d4d97,KXMICHCOACH-26-JBRO,2025-12-17T07:54:42.45031Z,500.00,0.0600,0.9400,yes
1389f53f-8a22-4065-582f-9849376e5e97,KXMICHCOACH-26-JBRO,2025-12-17T07:53:52.549382Z,415.00,0.0500,0.9500,yes
def87332-6b86-6269-ef4b-9acb780778a1,KXMICHCOACH-26-JBRO,2025-12-17T07:35:03.554851Z,1370.00,0.0500,0.9500,yes
07ebbf46-049e-61c3-f055-0816d2b4c6f6,KXMICHCOACH-26-JBRO,2025-12-17T07:35:03.554851Z,1871.00,0.0500,0.9500,yes
dc6b9ef5-3834-7702-47fb-d2ce1f823a73,KXMICHCOACH-26-JBRO,2025-12-17T06:57:29.034962Z,1171.00,0.0400,0.9600,yes
bd720a74-120c-59cb-8e7f-5523901f7597,KXMICHCOACH-26-JBRO,2025-12-17T04:31:39.958801Z,3.00,0.0300,0.9700,yes
8351913a-2f82-5279-bda3-28386b3661e9,KXMICHCOACH-26-JBRO,2025-12-17T04:31:39.958801Z,1921.00,0.0300,0.9700,yes
305061df-b7c7-5380-8f42-d5721a68513e,KXMICHCOACH-26-JBRO,2025-12-17T04:31:39.958801Z,1651.00,0.0300,0.9700,yes
776bb950-cec2-5c99-fe97-46b096e6e775,KXMICHCOACH-26-JBRO,2025-12-17T03:58:19.098584Z,43.00,0.0300,0.9700,yes
fc09d541-565a-66f1-5f2b-e1aaa5b25a41,KXMICHCOACH-26-JBRO,2025-12-17T03:44:45.244455Z,249.00,0.0300,0.9700,yes
c88e2664-936c-517b-37f2-051464cb386c,KXMICHCOACH-26-JBRO,2025-12-17T03:38:02.204428Z,701.00,0.0200,0.9800,no
434bb21c-f4cb-5e1c-3aec-e172a3bdbc37,KXMICHCOACH-26-JBRO,2025-12-17T03:38:02.204428Z,234.00,0.0200,0.9800,no
b94e348c-3d46-6ff1-5e6b-9f42384f8de9,KXMICHCOACH-26-JBRO,2025-12-17T02:40:00.805667Z,312.00,0.0300,0.9700,yes
745be0b7-5926-4681-564e-645f9f9e5be9,KXMICHCOACH-26-JBRO,2025-12-17T02:39:56.484429Z,62.00,0.0300,0.9700,yes
32267370-5302-6695-881d-cf2d8d8da895,KXMICHCOACH-26-JBRO,2025-12-17T01:43:38.934792Z,62.00,0.0300,0.9700,yes
87efdda7-3da2-5095-ad21-435694f4e4c9,KXMICHCOACH-26-JBRO,2025-12-17T01:29:40.454179Z,312.00,0.0300,0.9700,yes
17046b4b-5226-474d-05e1-5940b40a2efd,KXMICHCOACH-26-JBRO,2025-12-17T01:27:09.904063Z,10.00,0.0300,0.9700,yes
e5055923-587a-569d-9698-16fcbb059bfd,KXMICHCOACH-26-JBRO,2025-12-17T01:25:22.135216Z,218.00,0.0300,0.9700,yes
91881828-fe24-6f83-24c3-00819144734c,KXMICHCOACH-26-JBRO,2025-12-17T01:08:37.132896Z,9.00,0.0200,0.9800,no
f321db4e-dc7a-498d-0e3d-40bedb11d085,KXMICHCOACH-26-JBRO,2025-12-17T00:59:03.385969Z,354.00,0.0300,0.9700,yes
5a68b169-3159-57a0-e192-a44f42b14fbc,KXMICHCOACH-26-JBRO,2025-12-17T00:24:05.229798Z,1000.00,0.0300,0.9700,no
34b2c09b-cb73-5f32-cad5-a970fad0dfe9,KXMICHCOACH-26-JBRO,2025-12-17T00:24:05.229798Z,4502.00,0.0300,0.9700,no
1879fbf3-f82b-6ef2-701e-9ab9664504a1,KXMICHCOACH-26-JBRO,2025-12-17T00:08:02.39746Z,23.00,0.0300,0.9700,no
65fe9872-c00f-79aa-fec1-580cdacccfc5,KXMICHCOACH-26-JBRO,2025-12-17T00:00:19.759928Z,175.00,0.0300,0.9700,no
98e52f99-0d7f-5770-3e1f-55609c903162,KXMICHCOACH-26-JBRO,2025-12-16T23:51:30.806401Z,234.00,0.0400,0.9600,yes
dfebb9a9-15ff-45f4-54b6-7993d0bb8652,KXMICHCOACH-26-JBRO,2025-12-16T23:49:08.039176Z,115.00,0.0400,0.9600,yes
251317c3-fa92-47bf-67e9-d788fbc4dace,KXMICHCOACH-26-JBRO,2025-12-16T23:49:08.039176Z,259.00,0.0400,0.9600,yes
6324f333-4e8e-597b-445c-2f2ec5ad441a,KXMICHCOACH-26-JBRO,2025-12-16T23:48:27.033217Z,234.00,0.0400,0.9600,yes
78c11da4-3b72-6fff-794c-ce28c78369a6,KXMICHCOACH-26-JBRO,2025-12-16T23:42:25.998866Z,350.00,0.0400,0.9600,yes
37c0f89c-e2d3-5e1e-dbd3-4ae143e0d719,KXMICHCOACH-26-JBRO,2025-12-16T23:18:13.296867Z,300.00,0.0300,0.9700,no
e99b5bec-768c-4f6b-2a2b-35d9b10a09a8,KXMICHCOACH-26-JBRO,2025-12-16T23:14:47.635699Z,1.00,0.0200,0.9800,no
13de26df-f7e8-4687-860c-c6ca0926999c,KXMICHCOACH-26-JBRO,2025-12-16T23:13:56.072296Z,229.00,0.0200,0.9800,no
a1e3cac0-7b72-5c2b-0503-cb9958467a26,KXMICHCOACH-26-JBRO,2025-12-16T23:06:36.669508Z,1.00,0.0400,0.9600,yes
57de0a17-cc44-769a-eab3-a4f38f973a07,KXMICHCOACH-26-JBRO,2025-12-16T22:59:00.700784Z,1072.00,0.0300,0.9700,yes
4c162b4a-e518-7987-4f95-f655f3b8aa7c,KXMICHCOACH-26-JBRO,2025-12-16T22:46:06.393961Z,5.00,0.0200,0.9800,no
62bbf053-db30-6db2-cb2d-26ad8021fa3f,KXMICHCOACH-26-JBRO,2025-12-16T22:16:36.361005Z,150.00,0.0300,0.9700,yes
01cdb818-51bc-6c2e-6c67-3050cea187ab,KXMICHCOACH-26-JBRO,2025-12-16T22:01:26.676702Z,400.00,0.0300,0.9700,yes
fcbe16ca-53f0-71be-42af-552769b6e2c3,KXMICHCOACH-26-JBRO,2025-12-16T22:00:22.491166Z,600.00,0.0300,0.9700,yes
4b0abf88-1265-7a19-4828-8ce7a103e64b,KXMICHCOACH-26-JBRO,2025-12-16T22:00:22.491166Z,245.00,0.0300,0.9700,yes
59c1f8c9-3d75-7f4d-15e2-143089d2e5ab,KXMICHCOACH-26-JBRO,2025-12-16T21:56:35.406109Z,100.00,0.0300,0.9700,yes
11bb8ef7-da02-5d1b-b503-b7fd5201977a,KXMICHCOACH-26-JBRO,2025-12-16T21:30:31.405626Z,4.00,0.0400,0.9600,yes
635a265f-0cda-5b03-9371-7c56c899aaee,KXMICHCOACH-26-JBRO,2025-12-16T21:19:27.856974Z,117.00,0.0400,0.9600,yes
c11bf201-a1f8-79f3-22b5-2b635c1e5668,KXMICHCOACH-26-JBRO,2025-12-16T21:04:24.467714Z,545.00,0.0200,0.9800,no
4a6af43b-74c0-4897-6b12-02f113b298e8,KXMICHCOACH-26-JBRO,2025-12-16T21:04:10.516385Z,93.00,0.0200,0.9800,no
f65cf6db-68d1-702f-2663-f86faae59a85,KXMICHCOACH-26-JBRO,2025-12-16T20:57:29.613116Z,30.00,0.0300,0.9700,yes
b8dafa3b-8467-7061-39ed-d2bbbd80a246,KXMICHCOACH-26-JBRO,2025-12-16T20:57:29.613116Z,5704.00,0.0300,0.9700,yes
a3b00424-0376-7157-0e34-4ed0df92ed2a,KXMICHCOACH-26-JBRO,2025-12-16T20:57:29.613116Z,1245.00,0.0400,0.9600,yes
74fe54ac-42da-77fa-1db4-09b6a77296a0,KXMICHCOACH-26-JBRO,2025-12-16T20:57:29.613116Z,1000.00,0.0300,0.9700,yes
201aa6f9-86c1-783d-0ffb-caef94cad1a9,KXMICHCOACH-26-JBRO,2025-12-16T20:57:29.613116Z,2000.00,0.0300,0.9700,yes
1a6a72c0-b9a9-7b6d-2631-144730f8d826,KXMICHCOACH-26-JBRO,2025-12-16T20:57:29.613116Z,300.00,0.0300,0.9700,yes
7a78cac3-9f27-4d21-2c1b-e2c0323801c6,KXMICHCOACH-26-JBRO,2025-12-16T20:36:14.737012Z,156.00,0.0300,0.9700,yes
e2cabd04-7d6b-5611-08e6-b4efd12cfa2e,KXMICHCOACH-26-JBRO,2025-12-16T20:26:17.736558Z,749.00,0.0300,0.9700,yes
fc8f41cc-963f-6625-58cb-7232dfb54a4a,KXMICHCOACH-26-JBRO,2025-12-16T20:15:08.028489Z,57.00,0.0300,0.9700,yes
192ee334-f3dc-5d97-18c2-66aabbae4ed4,KXMICHCOACH-26-JBRO,2025-12-16T20:13:17.31869Z,344.00,0.0200,0.9800,no
4cd5f252-5cbc-7ba3-68e5-1f7b16f23e74,KXMICHCOACH-26-JBRO,2025-12-16T20:12:08.059885Z,73.00,0.0200,0.9800,no
00b87b19-cd76-72d7-75be-b39144c72658,KXMICHCOACH-26-JBRO,2025-12-16T20:12:08.059885Z,83.00,0.0200,0.9800,no
d04bd035-130c-5d64-83e9-9ef07e6d0116,KXMICHCOACH-26-JBRO,2025-12-16T20:05:53.305902Z,2183.00,0.0200,0.9800,no
afab3b5b-b835-5436-a4f2-5fc5873b4b9f,KXMICHCOACH-26-JBRO,2025-12-16T20:05:53.305902Z,10.00,0.0200,0.9800,no
a324aa58-2c92-5d0f-b2ff-519b7be747a8,KXMICHCOACH-26-JBRO,2025-12-16T20:05:53.305902Z,917.00,0.0200,0.9800,no
28fa32a7-ddab-58c7-9d46-c6884611cd43,KXMICHCOACH-26-JBRO,2025-12-16T20:05:53.305902Z,1004.00,0.0300,0.9700,no
ca334473-462d-754b-ab02-35f4098f9a43,KXMICHCOACH-26-JBRO,2025-12-16T20:04:25.382832Z,500.00,0.0400,0.9600,yes
3d494998-d6e6-796b-9d9a-39f0bb8cb91a,KXMICHCOACH-26-JBRO,2025-12-16T20:04:25.382832Z,400.00,0.0400,0.9600,yes
aee51de0-9473-61df-1c2c-7e1222614073,KXMICHCOACH-26-JBRO,2025-12-16T19:54:04.102433Z,1200.00,0.0300,0.9700,no
822d0758-574a-4467-f50b-5d7d63ff82ce,KXMICHCOACH-26-JBRO,2025-12-16T19:32:45.552644Z,37.00,0.0500,0.9500,yes
b7bcabfd-a6ce-457f-6b49-da4d8ff40496,KXMICHCOACH-26-JBRO,2025-12-16T19:24:38.673287Z,18.00,0.0500,0.9500,yes
ba763fe1-6254-6abb-8599-23d2c619860c,KXMICHCOACH-26-JBRO,2025-12-16T19:02:56.729912Z,100.00,0.0300,0.9700,no
43bf8258-129f-69c7-b903-a84b5658be23,KXMICHCOACH-26-JBRO,2025-12-16T19:02:56.729912Z,296.00,0.0300,0.9700,no
1a855eab-a74e-6c00-a763-0110b1bfd442,KXMICHCOACH-26-JBRO,2025-12-16T19:02:56.729912Z,31.00,0.0300,0.9700,no
a7ca0582-f6a2-433b-18d5-396491cc3196,KXMICHCOACH-26-JBRO,2025-12-16T18:38:47.978626Z,100.00,0.0500,0.9500,yes
9e9cf543-ce0a-6870-0e89-41d3a673841e,KXMICHCOACH-26-JBRO,2025-12-16T18:37:56.050032Z,100.00,0.0300,0.9700,no
9aa1f8f7-233a-4708-2505-deac89ae89be,KXMICHCOACH-26-JBRO,2025-12-16T17:57:56.943789Z,494.00,0.0300,0.9700,no
6f97bcd4-2cb1-4bd9-25af-a9cac6b92b82,KXMICHCOACH-26-JBRO,2025-12-16T17:57:56.943789Z,710.00,0.0400,0.9600,no
2f28ac4f-f0d1-4b89-4ed7-560578d502f6,KXMICHCOACH-26-JBRO,2025-12-16T17:40:36.46484Z,40.00,0.0400,0.9600,no
c4275060-212a-42f7-3000-b62e7f8cb4fe,KXMICHCOACH-26-JBRO,2025-12-16T17:06:26.434409Z,196.00,0.0500,0.9500,yes
b685de87-a008-43d0-d04f-ab3f5d16378c,KXMICHCOACH-26-JBRO,2025-12-16T16:57:36.136744Z,3.00,0.0400,0.9600,no
038a21ed-1f16-4e68-c9e1-1e81ba904b86,KXMICHCOACH-26-JBRO,2025-12-16T16:57:36.136744Z,75.00,0.0300,0.9700,no
95b7f69b-be6b-628d-0361-bcf17024a43b,KXMICHCOACH-26-JBRO,2025-12-16T16:56:50.145146Z,200.00,0.0400,0.9600,yes
255c1ac8-e380-6538-1228-27cef35fbbe8,KXMICHCOACH-26-JBRO,2025-12-16T16:56:50.145146Z,297.00,0.0400,0.9600,yes
1536a4b2-3620-5634-ac53-0843dab7c9f0,KXMICHCOACH-26-JBRO,2025-12-16T16:43:46.305772Z,117.00,0.0400,0.9600,yes
80888b20-9fe8-5fe0-c352-4b516f957488,KXMICHCOACH-26-JBRO,2025-12-16T16:08:52.353877Z,468.00,0.0400,0.9600,yes
46f2fb37-14c6-7958-c9b8-d28fd23c9cd2,KXMICHCOACH-26-JBRO,2025-12-16T15:42:11.356442Z,20.00,0.0300,0.9700,no
6551dae5-f1b0-40f0-4e6c-49e96bca3af8,KXMICHCOACH-26-JBRO,2025-12-16T15:26:46.914726Z,702.00,0.0400,0.9600,yes
a34f07b3-abe8-6c44-3d61-bf2fe2aec5a8,KXMICHCOACH-26-JBRO,2025-12-16T14:46:45.958686Z,40.00,0.0400,0.9600,yes
63aaa8f1-a57c-6a74-ae46-871b1db8bf3c,KXMICHCOACH-26-JBRO,2025-12-16T14:31:51.534405Z,50.00,0.0400,0.9600,yes
ede177f1-1b14-401a-b69a-bc29b638038d,KXMICHCOACH-26-JBRO,2025-12-16T12:53:05.124769Z,374.00,0.0400,0.9600,yes
7bd1b983-7f18-46c8-a8a3-8cb2960e57dc,KXMICHCOACH-26-JBRO,2025-12-16T12:53:05.124769Z,326.00,0.0400,0.9600,yes
8b5e9e18-0000-6cfe-89e5-dc77ec7afdcd,KXMICHCOACH-26-JBRO,2025-12-16T12:41:29.047639Z,562.00,0.0400,0.9600,yes
aabbc23f-a5f9-6227-7d5b-30c40ce83654,KXMICHCOACH-26-JBRO,2025-12-16T12:29:02.886013Z,436.00,0.0400,0.9600,yes
6d52f2b0-c9b8-697e-6a6f-0641966f4c59,KXMICHCOACH-26-JBRO,2025-12-16T12:29:02.886013Z,1064.00,0.0400,0.9600,yes
4d4bf5ed-9bf8-6f93-40f3-3c99e6aa3a06,KXMICHCOACH-26-JBRO,2025-12-16T12:29:02.886013Z,500.00,0.0400,0.9600,yes
20b585dc-c31d-7edb-de2b-fea8aa99de20,KXMICHCOACH-26-JBRO,2025-12-16T10:15:37.108941Z,81.00,0.0400,0.9600,yes
46bb13c1-baf2-71ac-1bb8-325ffaee1c36,KXMICHCOACH-26-JBRO,2025-12-16T08:21:42.611164Z,280.00,0.0300,0.9700,no
1d1d51ab-78a9-6f03-0b60-8723efa31d1c,KXMICHCOACH-26-JBRO,2025-12-16T08:17:40.34194Z,135.00,0.0400,0.9600,yes
e7b612c3-774d-4597-3f21-2677205ee1e0,KXMICHCOACH-26-JBRO,2025-12-16T06:48:43.013654Z,44.00,0.0400,0.9600,yes
05926adb-72e5-6813-e346-7b597615ad04,KXMICHCOACH-26-JBRO,2025-12-16T05:30:03.661829Z,234.00,0.0400,0.9600,yes
28edf20d-5ac1-529f-5507-2517896aea14,KXMICHCOACH-26-JBRO,2025-12-16T02:19:17.358068Z,70.00,0.0400,0.9600,yes
c4c51f4e-c57c-6098-efc6-576f438d6152,KXMICHCOACH-26-JBRO,2025-12-16T02:14:09.293926Z,317.00,0.0200,0.9800,no
bdbf8b66-02ed-6b32-fe99-503f6b092e71,KXMICHCOACH-26-JBRO,2025-12-16T02:14:09.293926Z,20.00,0.0200,0.9800,no
559f5f09-a8f9-6dca-f38d-8bfdef81da8f,KXMICHCOACH-26-JBRO,2025-12-16T02:14:09.293926Z,500.00,0.0300,0.9700,no
19200387-2cb1-6fad-d900-ea574249145e,KXMICHCOACH-26-JBRO,2025-12-16T02:14:09.293926Z,1000.00,0.0300,0.9700,no
00690c37-d0bc-67cf-db9c-feaf4f6a1b23,KXMICHCOACH-26-JBRO,2025-12-16T02:14:09.293926Z,500.00,0.0200,0.9800,no
7cec0f02-3dbc-4f07-916c-47972be1f78f,KXMICHCOACH-26-JBRO,2025-12-16T01:16:01.875646Z,25.00,0.0300,0.9700,no
78aa0501-f0f0-4289-9e60-2d9881798e7c,KXMICHCOACH-26-JBRO,2025-12-16T01:16:01.875646Z,67.00,0.0400,0.9600,no
5e2cad36-31f1-7822-e233-7a62e951aff0,KXMICHCOACH-26-JBRO,2025-12-16T00:55:07.835065Z,109.00,0.0600,0.9400,yes
52c7e90c-eedd-69fe-665b-8af80988f5f8,KXMICHCOACH-26-JBRO,2025-12-16T00:53:55.492219Z,312.00,0.0600,0.9400,yes
32ac52d6-62f1-6042-dc60-cc5f04c5b0bc,KXMICHCOACH-26-JBRO,2025-12-16T00:34:42.74587Z,25.00,0.0600,0.9400,yes
66db3d30-7c94-4ded-85a1-ced4dfdb1f84,KXMICHCOACH-26-JBRO,2025-12-16T00:08:14.550709Z,233.00,0.0400,0.9600,no
2d59d7d5-3fb1-60e6-ffc9-83e2c83d2b94,KXMICHCOACH-26-JBRO,2025-12-15T23:36:06.262573Z,10.00,0.0600,0.9400,yes
9e2b73cd-1b05-442e-8d64-dd23f5829c44,KXMICHCOACH-26-JBRO,2025-12-15T23:29:34.650666Z,100.00,0.0600,0.9400,yes
a9f41094-da15-7d4e-d387-d88c534f92cc,KXMICHCOACH-26-JBRO,2025-12-15T23:27:37.56966Z,156.00,0.0600,0.9400,yes
a2c6bb27-17b9-77ee-f90b-0c103564ba9c,KXMICHCOACH-26-JBRO,2025-12-15T23:13:10.73139Z,39.00,0.0600,0.9400,yes
176e4fe9-0add-6e12-dd5b-4d0f2b30d840,KXMICHCOACH-26-JBRO,2025-12-15T22:48:55.526888Z,74.00,0.0600,0.9400,yes
6ca682bf-8a1d-5afa-d17b-31f4faa6aee0,KXMICHCOACH-26-JBRO,2025-12-15T22:47:43.503441Z,31.00,0.0600,0.9400,yes
e933a274-a068-6265-ab22-410b322dce40,KXMICHCOACH-26-JBRO,2025-12-15T22:33:49.760894Z,233.00,0.0400,0.9600,no
d1a5df21-fc7c-72de-12d0-548e7fdebe63,KXMICHCOACH-26-JBRO,2025-12-15T21:37:31.727413Z,341.00,0.0500,0.9500,no
57b1c8f7-c80c-77dd-3d20-b389f7eb1a3e,KXMICHCOACH-26-JBRO,2025-12-15T21:37:31.727413Z,1500.00,0.0500,0.9500,no
3823f36a-451e-7c55-39a9-96c60aba0001,KXMICHCOACH-26-JBRO,2025-12-15T21:37:31.727413Z,500.00,0.0500,0.9500,no
27dd89fa-ea8a-7884-1274-ce23bab37ce0,KXMICHCOACH-26-JBRO,2025-12-15T21:32:25.866064Z,1.00,0.0600,0.9400,yes
326871e5-a6c6-4848-1110-f830926db128,KXMICHCOACH-26-JBRO,2025-12-15T21:20:18.251303Z,200.00,0.0600,0.9400,yes
0ccc1b28-f56c-7abd-d6da-56ebc3f8fd34,KXMICHCOACH-26-JBRO,2025-12-15T21:12:31.092206Z,467.00,0.0400,0.9600,no
cdc7649d-31a9-4bcd-266b-c3b04b36891a,KXMICHCOACH-26-JBRO,2025-12-15T20:35:05.527557Z,777.00,0.0500,0.9500,no
94cf261c-d06d-46da-1b16-2d5dfeeaeb02,KXMICHCOACH-26-JBRO,2025-12-15T20:35:05.527557Z,500.00,0.0500,0.9500,no
8b0e3078-77be-4b60-9554-52cd2f376a84,KXMICHCOACH-26-JBRO,2025-12-15T20:22:46.541333Z,344.00,0.0600,0.9400,yes
6204cd3e-316a-4202-ed41-ee868404b4d7,KXMICHCOACH-26-JBRO,2025-12-15T20:19:41.248339Z,67.00,0.0700,0.9300,yes
f485f358-9eb5-485f-e1df-4aedb7021fc3,KXMICHCOACH-26-JBRO,2025-12-15T19:55:22.467247Z,2.00,0.0500,0.9500,no
b5ca2b45-55f6-4fc5-67e0-b27bf905d274,KXMICHCOACH-26-JBRO,2025-12-15T19:54:19.743288Z,500.00,0.0600,0.9400,yes
24fa06eb-ceb4-4c89-66f1-6e49988ba27d,KXMICHCOACH-26-JBRO,2025-12-15T19:54:19.743288Z,418.00,0.0600,0.9400,yes
014c423c-b729-4547-7418-15ace4735326,KXMICHCOACH-26-JBRO,2025-12-15T19:54:19.743288Z,97.00,0.0600,0.9400,yes
8f9ae967-0f39-6350-a22d-2495a9f055c9,KXMICHCOACH-26-JBRO,2025-12-15T19:46:47.362634Z,22.00,0.0500,0.9500,no
1f980f0e-e8ee-6ffb-bbb5-b8cb216e6fae,KXMICHCOACH-26-JBRO,2025-12-15T19:46:47.362634Z,352.00,0.0500,0.9500,no
c6ec89ec-3515-7350-f95a-de10401be9b1,KXMICHCOACH-26-JBRO,2025-12-15T19:45:55.250308Z,23.00,0.0500,0.9500,no
cb65c80d-86b9-4827-f0a2-9fa0767440b2,KXMICHCOACH-26-JBRO,2025-12-15T19:42:22.407021Z,187.00,0.0600,0.9400,yes
648b2468-e396-523a-6017-c821fdda3d30,KXMICHCOACH-26-JBRO,2025-12-15T19:29:13.992982Z,53.00,0.0700,0.9300,yes
e8b4f3db-f973-5f55-2408-21fd820459fb,KXMICHCOACH-26-JBRO,2025-12-15T19:26:35.622957Z,474.00,0.0700,0.9300,yes
581207d9-4918-5d52-3bdd-2d70a5388da2,KXMICHCOACH-26-JBRO,2025-12-15T19:26:35.622957Z,172.00,0.0800,0.9200,yes
6ec9a20d-70cb-6fbd-7a50-6bcdea56d9bb,KXMICHCOACH-26-JBRO,2025-12-15T19:23:26.758353Z,26.00,0.0700,0.9300,yes
460fd9d9-b9b8-662a-2825-43514d497f02,KXMICHCOACH-26-JBRO,2025-12-15T19:21:06.524896Z,42.00,0.0800,0.9200,yes
0f25cf42-d749-6739-26d7-de8d1bc0c278,KXMICHCOACH-26-JBRO,2025-12-15T19:21:06.524896Z,100.00,0.0600,0.9400,yes
422b5c93-03dd-4868-9a0e-a9e15988836a,KXMICHCOACH-26-JBRO,2025-12-15T19:17:07.078357Z,933.00,0.0700,0.9300,yes
0317b2b6-cd72-401b-a384-fa7123aeb59b,KXMICHCOACH-26-JBRO,2025-12-15T19:17:07.078357Z,178.00,0.0700,0.9300,yes
3aac8085-aa91-7e3c-8bc5-734ae1f2bd1a,KXMICHCOACH-26-JBRO,2025-12-15T19:14:30.14376Z,67.00,0.0700,0.9300,yes
4c4ff6a4-cf2f-59d1-4d5b-0facd310dceb,KXMICHCOACH-26-JBRO,2025-12-15T18:42:25.457057Z,166.00,0.0400,0.9600,yes
a671f3b1-44ca-6450-a1a4-beee4894ac6e,KXMICHCOACH-26-JBRO,2025-12-15T18:30:59.520532Z,1000.00,0.0600,0.9400,yes
691bbc03-5af6-6178-f703-ed4a7b3d797f,KXMICHCOACH-26-JBRO,2025-12-15T18:07:16.947683Z,93.00,0.0500,0.9500,yes
a2fad629-2e31-5b60-77ae-2ee73e02ff34,KXMICHCOACH-26-JBRO,2025-12-15T18:06:02.378848Z,500.00,0.0500,0.9500,yes
84215b6d-a304-5e4d-56c7-f14f42e7a2e8,KXMICHCOACH-26-JBRO,2025-12-15T18:06:02.378848Z,200.00,0.0400,0.9600,yes
1eee5b0c-1cc7-5c88-7c7c-a6feb5b5ff7e,KXMICHCOACH-26-JBRO,2025-12-15T18:06:02.378848Z,14.00,0.0500,0.9500,yes
15b70ab4-a3eb-55d0-63d7-3835e7d1e5b8,KXMICHCOACH-26-JBRO,2025-12-15T18:06:02.378848Z,100.00,0.0400,0.9600,yes
00c1fa80-e786-5d3b-7fc9-6315bd59b32c,KXMICHCOACH-26-JBRO,2025-12-15T18:06:02.378848Z,1000.00,0.0500,0.9500,yes
fa9c4039-ffa4-73d1-c321-5a3ca7bbfcf1,KXMICHCOACH-26-JBRO,2025-12-15T18:04:10.859324Z,1000.00,0.0300,0.9700,yes
eab1cec5-bcd9-4df5-3971-0a69f185599f,KXMICHCOACH-26-JBRO,2025-12-15T18:03:39.754035Z,2755.00,0.0200,0.9800,yes
9f76ba76-f817-47f0-1d53-bb469fee1219,KXMICHCOACH-26-JBRO,2025-12-15T18:03:39.754035Z,1000.00,0.0200,0.9800,yes
912e7cd4-597e-4032-217d-74ecf6b5c1d0,KXMICHCOACH-26-JBRO,2025-12-15T18:03:39.754035Z,7000.00,0.0200,0.9800,yes
054ce7b7-3279-5aa9-edec-938fe1a301bb,KXMICHCOACH-26-JBRO,2025-12-15T17:23:17.182798Z,374.00,0.0200,0.9800,yes
b9acfc9e-faa1-6159-4e16-a3c6e944d8df,KXMICHCOACH-26-JBRO,2025-12-15T17:21:29.520608Z,4271.00,0.0200,0.9800,yes
0ce20666-b015-68f8-6860-a7749c277eee,KXMICHCOACH-26-JBRO,2025-12-15T17:21:29.520608Z,408.00,0.0200,0.9800,yes
8c0790d1-88ed-7940-18fd-64bbaa802242,KXMICHCOACH-26-JBRO,2025-12-15T17:05:40.494336Z,247.00,0.0200,0.9800,yes
0b9baa23-d2f1-796c-2d31-9a4074bae626,KXMICHCOACH-26-JBRO,2025-12-15T17:05:40.494336Z,2092.00,0.0200,0.9800,yes
1f0256a6-173d-5404-1518-7a0ab1bb116e,KXMICHCOACH-26-JBRO,2025-12-15T17:04:49.584009Z,1000.00,0.0200,0.9800,yes
45810476-a661-422c-1479-56f7f8258f92,KXMICHCOACH-26-JBRO,2025-12-15T16:58:55.119052Z,233.00,0.0200,0.9800,yes
6e3c65f6-8b5d-4874-71bc-7b621ae4bafe,KXMICHCOACH-26-JBRO,2025-12-15T16:53:17.05107Z,1000.00,0.0200,0.9800,yes
79923891-89fd-5618-0fa7-f0c8150ee44e,KXMICHCOACH-26-JBRO,2025-12-15T16:51:25.736236Z,1000.00,0.0200,0.9800,yes
be155560-e29d-6ab4-96f4-cea3ffc04ff6,KXMICHCOACH-26-JBRO,2025-12-15T16:50:59.592019Z,229.00,0.0200,0.9800,yes
e7d9eb09-0c41-59ec-b864-dcc54c50014a,KXMICHCOACH-26-JBRO,2025-12-15T16:47:35.500531Z,216.00,0.0200,0.9800,yes
a08caa17-bae5-54b0-2f11-624b9bd70b72,KXMICHCOACH-26-JBRO,2025-12-15T16:22:00.940668Z,233.00,0.0200,0.9800,yes
b9baa255-3765-6a9c-e6ec-4c216307602a,KXMICHCOACH-26-JBRO,2025-12-15T16:13:07.579966Z,233.00,0.0200,0.9800,yes
8378fa7b-d64d-6ca4-e6e9-2d0f91f013fe,KXMICHCOACH-26-JBRO,2025-12-15T15:45:08.278169Z,1169.00,0.0200,0.9800,yes
7e83745b-109d-5b04-ad06-07789ede5776,KXMICHCOACH-26-JBRO,2025-12-15T15:28:06.965041Z,1000.00,0.0200,0.9800,yes
83ec3ff9-9561-5754-cdb2-55062651d4ae,KXMICHCOACH-26-JBRO,2025-12-15T14:48:24.186619Z,12.00,0.0200,0.9800,yes
93fdba80-caa0-4663-244f-6e482184ed8d,KXMICHCOACH-26-JBRO,2025-12-15T14:30:38.464812Z,98.00,0.0100,0.9900,no
d0adcca4-6019-6aac-07e9-b662ce2b8a1a,KXMICHCOACH-26-JBRO,2025-12-15T08:18:32.313804Z,64.00,0.0200,0.9800,yes
8be7e751-72b9-57c0-f2d8-44d7ea02ead2,KXMICHCOACH-26-JBRO,2025-12-15T08:18:05.136967Z,10.00,0.0200,0.9800,yes
baf4edcc-7c0d-6050-7af9-f39320dab5e2,KXMICHCOACH-26-JBRO,2025-12-15T08:17:31.039482Z,20.00,0.0200,0.9800,yes
db760125-e3a9-7adf-a7c8-591120c0d4a1,KXMICHCOACH-26-JBRO,2025-12-15T06:30:28.348453Z,300.00,0.0100,0.9900,no
c2d46c33-6fda-7e5c-b924-aa981be4d361,KXMICHCOACH-26-JBRO,2025-12-15T06:30:28.348453Z,200.00,0.0100,0.9900,no
7c3009ef-904c-729b-8774-ab3980c3bdad,KXMICHCOACH-26-JBRO,2025-12-15T06:30:28.348453Z,902.00,0.0100,0.9900,no
593ed885-e28b-63a7-6039-3fe7bf142a8c,KXMICHCOACH-26-JBRO,2025-12-15T05:59:43.917794Z,136.00,0.0200,0.9800,no
ea490134-c1fa-5025-47ba-15bc03884b3f,KXMICHCOACH-26-JBRO,2025-12-15T05:59:39.597476Z,215.00,0.0200,0.9800,no
fe924529-9421-6450-8578-29192523a30a,KXMICHCOACH-26-JBRO,2025-12-15T05:59:34.679959Z,200.00,0.0200,0.9800,no
fda07a5e-5c4d-4b09-bbff-3c3fb71ddecb,KXMICHCOACH-26-JBRO,2025-12-15T05:36:54.705257Z,200.00,0.0300,0.9700,yes
995a3f27-d6ad-7e0d-2a31-83d1cb69e0d7,KXMICHCOACH-26-JBRO,2025-12-15T05:36:35.730041Z,600.00,0.0300,0.9700,yes
e1768f4d-3bb6-61fb-50ac-2414a0ae05af,KXMICHCOACH-26-JBRO,2025-12-15T05:18:14.264941Z,297.00,0.0400,0.9600,yes
a6984f9e-2424-6ce8-40b5-dfbd15733c5e,KXMICHCOACH-26-JBRO,2025-12-15T05:18:14.264941Z,225.00,0.0400,0.9600,yes
82e904cf-51fd-64ac-5853-b23ed26052ee,KXMICHCOACH-26-JBRO,2025-12-15T05:18:14.264941Z,834.00,0.0300,0.9700,yes
3b796c3f-4c25-59a4-07ed-b81626d4d2aa,KXMICHCOACH-26-JBRO,2025-12-15T05:16:48.480245Z,200.00,0.0300,0.9700,yes
9cef98d8-6505-4cb0-5fa4-10f426cda5b6,KXMICHCOACH-26-JBRO,2025-12-15T05:15:33.040215Z,200.00,0.0300,0.9700,yes
39fbe81a-d90e-411b-acba-2436b3e3f787,KXMICHCOACH-26-JBRO,2025-12-15T04:50:35.954045Z,84.00,0.0400,0.9600,yes
0a61c8e6-a6d3-49e7-bf3d-17a2bbc8847e,KXMICHCOACH-26-JBRO,2025-12-15T04:50:35.954045Z,200.00,0.0300,0.9700,yes
7fbb0324-aa22-7143-6afa-c98136a07f7f,KXMICHCOACH-26-JBRO,2025-12-15T03:23:14.684714Z,48.00,0.0400,0.9600,yes
b88b4c9a-8396-7acb-c0fd-acc66dcafbaa,KXMICHCOACH-26-JBRO,2025-12-15T01:23:30.089676Z,114.00,0.0400,0.9600,yes
13e5359d-62ce-785b-ea76-f7d87d15d777,KXMICHCOACH-26-JBRO,2025-12-15T01:23:30.089676Z,237.00,0.0400,0.9600,yes
d9647fa2-6ebe-675f-a3de-8f2ba9a232de,KXMICHCOACH-26-JBRO,2025-12-15T01:11:55.709889Z,11.00,0.0400,0.9600,yes
5dc33974-a728-4dff-a13d-9985e006b5c3,KXMICHCOACH-26-JBRO,2025-12-15T00:58:35.154309Z,7622.00,0.0100,0.9900,yes
44576299-3578-444e-8e39-4b5747648530,KXMICHCOACH-26-JBRO,2025-12-15T00:58:35.154309Z,1500.00,0.0100,0.9900,yes
393a0658-f9f3-4b9d-9fbf-4f03b77048a7,KXMICHCOACH-26-JBRO,2025-12-15T00:58:35.154309Z,200.00,0.0100,0.9900,yes
9c639fae-3e28-52df-3eed-e50ae9dea97f,KXMICHCOACH-26-JBRO,2025-12-15T00:56:58.461766Z,1000.00,0.0100,0.9900,yes
704a4841-dffd-4399-cdf8-b6464fc5ae34,KXMICHCOACH-26-JBRO,2025-12-15T00:55:05.918446Z,100.00,0.0100,0.9900,yes
523b02a5-c675-4607-f2bc-1d99f47abee6,KXMICHCOACH-26-JBRO,2025-12-15T00:55:05.918446Z,100.00,0.0100,0.9900,yes
21437d05-d2a4-47d3-fe19-6c0fd25f2d9b,KXMICHCOACH-26-JBRO,2025-12-15T00:55:05.918446Z,1044.00,0.0100,0.9900,yes
1fc646cd-92c2-4be9-c43c-00f504fa1e71,KXMICHCOACH-26-JBRO,2025-12-15T00:55:05.918446Z,1093.00,0.0100,0.9900,yes
c38f6a49-153f-6014-bcc5-e3c9ab3736cf,KXMICHCOACH-26-JBRO,2025-12-15T00:49:02.255006Z,4000.00,0.0100,0.9900,yes
80a02429-a7f6-649f-aa6c-42706569c595,KXMICHCOACH-26-JBRO,2025-12-15T00:49:02.255006Z,1000.00,0.0100,0.9900,yes
63b051e6-69f1-6779-9884-47170e6b7aa0,KXMICHCOACH-26-JBRO,2025-12-15T00:49:02.255006Z,1093.00,0.0100,0.9900,yes
1c43ab1a-35d2-6c39-b357-1314ad101e0d,KXMICHCOACH-26-JBRO,2025-12-15T00:49:02.255006Z,907.00,0.0100,0.9900,yes
4ec0dec2-c6ed-4cad-ddf9-f34ce96d8ba8,KXMICHCOACH-26-JBRO,2025-12-15T00:43:59.273181Z,907.00,0.0100,0.9900,yes
40895649-6a74-49c8-fec0-a2c7760feca5,KXMICHCOACH-26-JBRO,2025-12-15T00:43:59.273181Z,121.00,0.0100,0.9900,yes
2cf9243d-9afc-60d8-a1d4-53cec8b62b41,KXMICHCOACH-26-JBRO,2025-12-15T00:43:13.366447Z,748.00,0.0100,0.9900,yes
336c9ba7-8c02-5708-727f-3e640e3aa74e,KXMICHCOACH-26-JBRO,2025-12-15T00:36:15.569166Z,1206.00,0.0100,0.9900,yes
10fa7366-79c0-5b44-6fc8-fc2eeacc7c51,KXMICHCOACH-26-JBRO,2025-12-15T00:36:15.569166Z,1131.00,0.0100,0.9900,yes
1609a96c-fdea-7440-eb65-d911c924c0aa,KXMICHCOACH-26-JBRO,2025-12-15T00:24:00.962412Z,187.00,0.0100,0.9900,yes
24a950a5-f316-6ce8-9fc7-a445e3ba1cea,KXMICHCOACH-26-JBRO,2025-12-14T19:25:55.003321Z,1014.00,0.0100,0.9900,yes
c8cf9f1e-c18a-57c0-d176-f8940663f0ba,KXMICHCOACH-26-JBRO,2025-12-14T19:14:44.393077Z,400.00,0.0100,0.9900,yes
9643da8b-36de-69e0-8a3e-00f2975d64aa,KXMICHCOACH-26-JBRO,2025-12-14T18:43:07.799054Z,100.00,0.0100,0.9900,yes
0096b508-6a16-48f4-675a-b1b8e2e75446,KXMICHCOACH-26-JBRO,2025-12-14T16:48:14.93547Z,200.00,0.0100,0.9900,yes
b1ec0746-d316-697c-0928-50ed128587ae,KXMICHCOACH-26-JBRO,2025-12-14T15:49:01.975507Z,93.00,0.0100,0.9900,yes
3d55afdf-e0fe-5fc8-e086-29c137c09892,KXMICHCOACH-26-JBRO,2025-12-14T15:34:00.360471Z,9.00,0.0100,0.9900,yes
45b54eee-1b3a-5298-cbcf-06aa25d12c6e,KXMICHCOACH-26-JBRO,2025-12-14T14:54:32.839111Z,20.00,0.0100,0.9900,yes
f2219931-9016-6998-092c-5a8ba0c93b2a,KXMICHCOACH-26-JBRO,2025-12-14T14:28:47.065521Z,280.00,0.0100,0.9900,yes
8ac41afc-c812-7028-b5a9-d13b585cb52a,KXMICHCOACH-26-JBRO,2025-12-14T13:41:11.3254Z,93.00,0.0100,0.9900,yes
a154e1e5-b186-431c-6a3d-8c3b3bdc7a32,KXMICHCOACH-26-JBRO,2025-12-14T07:28:45.107488Z,467.00,0.0100,0.9900,yes
1d9ca027-2e3e-5d74-cef8-befd66b9a9c2,KXMICHCOACH-26-JBRO,2025-12-14T04:02:50.011354Z,467.00,0.0100,0.9900,yes
5da0476a-c1ce-5480-5cae-1f4c0f633562,KXMICHCOACH-26-JBRO,2025-12-14T02:31:57.340936Z,93.00,0.0100,0.9900,yes
8ad26e1f-e002-69e8-1e9f-cd02939c775e,KXMICHCOACH-26-JBRO,2025-12-14T01:53:58.458525Z,93.00,0.0100,0.9900,yes
40225fb5-f33e-7968-fdb7-68ac2809bfae,KXMICHCOACH-26-JBRO,2025-12-13T23:35:29.606578Z,100.00,0.0100,0.9900,yes
ccdfe515-100a-5a9c-6c37-33beb45eaa66,KXMICHCOACH-26-JBRO,2025-12-13T22:01:24.647706Z,200.00,0.0100,0.9900,yes
268a4dab-7b62-648c-da4c-d9b7347df47a,KXMICHCOACH-26-JBRO,2025-12-13T21:57:38.65205Z,250.00,0.0100,0.9900,yes
1679b8df-ec72-4744-b8ac-2ae9175103ca,KXMICHCOACH-26-JBRO,2025-12-13T21:40:22.44828Z,935.00,0.0100,0.9900,yes
00fe9643-4d72-4640-0daf-5ffcfd70d27a,KXMICHCOACH-26-JBRO,2025-12-13T21:31:29.396977Z,187.00,0.0100,0.9900,yes
36d34d10-e68e-448c-7659-13257dd48962,KXMICHCOACH-26-JBRO,2025-12-13T19:51:37.578191Z,600.00,0.0100,0.9900,yes
92e072d0-a696-5a70-90d1-38325c5177aa,KXMICHCOACH-26-JBRO,2025-12-13T19:43:35.632966Z,93.00,0.0100,0.9900,yes
f3bad65a-f63d-6d9e-148f-e03ac8f168a7,KXMICHCOACH-26-JBRO,2025-12-13T19:33:52.546497Z,100.00,0.0100,0.9900,yes
f0de2876-c756-69a8-29e4-aaeafeb66bca,KXMICHCOACH-26-JBRO,2025-12-13T19:33:52.546497Z,513.00,0.0100,0.9900,yes
27644e8a-13be-68bc-0094-153cf6c000ec,KXMICHCOACH-26-JBRO,2025-12-13T19:33:52.546497Z,322.00,0.0100,0.9900,yes
dc8d6be8-535a-5aac-cc40-81fa584686c4,KXMICHCOACH-26-JBRO,2025-12-13T19:29:58.900803Z,100.00,0.0100,0.9900,yes
aa6ef3ad-3d16-68e0-199c-d6cc62fd3448,KXMICHCOACH-26-JBRO,2025-12-13T18:55:22.656874Z,467.00,0.0100,0.9900,yes
a81bba73-0a9e-4328-c146-85b44bec3bd4,KXMICHCOACH-26-JBRO,2025-12-13T17:41:42.911645Z,611.00,0.0100,0.9900,yes
3c9127bf-2356-4844-cd9b-5067154a8589,KXMICHCOACH-26-JBRO,2025-12-13T17:41:42.911645Z,389.00,0.0100,0.9900,yes
557eb54f-cd2b-4587-b4e5-f1722e4b42f9,KXMICHCOACH-26-JBRO,2025-12-13T17:22:10.189558Z,2000.00,0.0100,0.9900,yes
d8dc2870-637f-60c7-c0c8-667cb2ceb536,KXMICHCOACH-26-JBRO,2025-12-13T17:12:53.214498Z,100.00,0.0100,0.9900,yes
b04dccc9-c058-60ab-c6ec-55aa4d30bebc,KXMICHCOACH-26-JBRO,2025-12-13T17:12:53.214498Z,1500.00,0.0100,0.9900,yes
73aeb4c5-bb83-6bf4-d727-20cf7fa434ce,KXMICHCOACH-26-JBRO,2025-12-13T17:12:53.214498Z,1500.00,0.0100,0.9900,yes
6b8d202c-262a-669f-f0f4-cef6d4751945,KXMICHCOACH-26-JBRO,2025-12-13T17:12:53.214498Z,488.00,0.0100,0.9900,yes
29649cb5-8d3e-64fc-d29b-4ba0d23b42f5,KXMICHCOACH-26-JBRO,2025-12-13T17:12:53.214498Z,611.00,0.0100,0.9900,yes
0b7c29e3-7773-6ddc-f0f0-a6d1d8a4d125,KXMICHCOACH-26-JBRO,2025-12-13T17:12:53.214498Z,1.00,0.0100,0.9900,yes
030ee2cb-c34f-6cd0-fee3-ac4ebe1b402c,KXMICHCOACH-26-JBRO,2025-12-13T17:12:53.214498Z,100.00,0.0100,0.9900,yes
ef461209-5d6a-414e-b270-344d6e6b87be,KXMICHCOACH-26-JBRO,2025-12-13T16:47:52.168069Z,200.00,0.0100,0.9900,yes
73baf0ff-efac-41da-9c01-0fae50a3af5b,KXMICHCOACH-26-JBRO,2025-12-13T16:47:52.168069Z,190.00,0.0100,0.9900,yes
3d2f1788-8d5a-41bf-9093-dd0402884159,KXMICHCOACH-26-JBRO,2025-12-13T16:47:52.168069Z,1012.00,0.0100,0.9900,yes
431c3891-ce3c-56ce-f662-b71c1f47e30f,KXMICHCOACH-26-JBRO,2025-12-13T16:28:19.838371Z,93.00,0.0100,0.9900,yes
ba5a6590-46bc-531a-d308-ea67ed922da7,KXMICHCOACH-26-JBRO,2025-12-13T16:18:50.919244Z,187.00,0.0100,0.9900,yes
249041c5-d2f4-451a-c14e-f02b510d384f,KXMICHCOACH-26-JBRO,2025-12-13T15:54:49.747689Z,93.00,0.0100,0.9900,yes
ba8354ae-b0c4-7186-dc0c-a5e867247dbf,KXMICHCOACH-26-JBRO,2025-12-13T15:46:09.928837Z,300.00,0.0100,0.9900,yes
d4c6fff1-7aa4-570a-ac4e-0f00cdc4d593,KXMICHCOACH-26-JBRO,2025-12-13T15:40:11.445445Z,500.00,0.0100,0.9900,yes
dc39ebd8-2db4-7352-ef7b-d66d984102b3,KXMICHCOACH-26-JBRO,2025-12-13T15:39:53.225688Z,13.00,0.0100,0.9900,yes
fbce3c92-b374-6a32-6e1b-9d134735d203,KXMICHCOACH-26-JBRO,2025-12-13T15:19:19.73006Z,1000.00,0.0100,0.9900,yes
28583272-f7f8-4356-2caf-936bfe9a5cbb,KXMICHCOACH-26-JBRO,2025-12-13T15:10:48.87493Z,374.00,0.0100,0.9900,yes
6b6ab032-2f83-72a2-fc19-fd9ed4c1a660,KXMICHCOACH-26-JBRO,2025-12-13T15:08:56.878953Z,617.00,0.0100,0.9900,yes
582fea53-e48c-7e0a-c6d4-8f468ce41fe7,KXMICHCOACH-26-JBRO,2025-12-13T15:08:56.878953Z,383.00,0.0100,0.9900,yes
3866db24-e2d3-59ca-69a6-d54204d53510,KXMICHCOACH-26-JBRO,2025-12-13T13:33:28.186127Z,935.00,0.0100,0.9900,yes
0f0bb42a-32df-48ca-b5a4-e29c211fc438,KXMICHCOACH-26-JBRO,2025-12-13T12:43:54.449326Z,935.00,0.0100,0.9900,yes
87465508-615f-622e-286e-7d330e935bb4,KXMICHCOACH-26-JBRO,2025-12-13T05:51:24.775121Z,2712.00,0.0100,0.9900,yes
cc4b6c53-9cc3-70aa-0af7-a018ac57f178,KXMICHCOACH-26-JBRO,2025-12-13T04:33:35.387024Z,467.00,0.0100,0.9900,yes
2d0e0e5f-5a1f-674e-240d-854c995ea438,KXMICHCOACH-26-JBRO,2025-12-13T04:13:49.330954Z,1000.00,0.0100,0.9900,yes
9dc348f4-8298-5c16-1d22-347890d3ae4b,KXMICHCOACH-26-JBRO,2025-12-13T02:38:29.966081Z,467.00,0.0200,0.9800,yes
9d09dd5a-f962-5823-c712-68461cfd9020,KXMICHCOACH-26-JBRO,2025-12-13T02:28:12.095511Z,312.00,0.0300,0.9700,yes
743360cc-e442-701b-b520-52686034238c,KXMICHCOACH-26-JBRO,2025-12-13T01:46:13.384015Z,31.00,0.0300,0.9700,yes
8beadc67-c1b4-6acc-9212-fbfb29af8376,KXMICHCOACH-26-JBRO,2025-12-13T00:49:24.540545Z,2222.00,0.0200,0.9800,yes
44c675b9-a22c-617f-adfd-062036841bee,KXMICHCOACH-26-JBRO,2025-12-13T00:49:24.540545Z,3666.00,0.0300,0.9700,yes
3f435318-9a82-6223-832f-b086223a5d70,KXMICHCOACH-26-JBRO,2025-12-13T00:49:24.540545Z,1094.00,0.0300,0.9700,yes
da2ab569-0126-6f52-a83a-4b52a116b1be,KXMICHCOACH-26-JBRO,2025-12-13T00:44:22.486522Z,295.00,0.0100,0.9900,yes
c865bbef-b084-6fe2-815f-3dee3bdf4fed,KXMICHCOACH-26-JBRO,2025-12-13T00:44:22.486522Z,121.00,0.0100,0.9900,yes
af3655e6-fc2c-61e0-a0e9-3eae1508dc9c,KXMICHCOACH-26-JBRO,2025-12-13T00:44:22.486522Z,26.00,0.0200,0.9800,yes
abbc4f5d-d4d5-6b05-bf64-f140e170c3ad,KXMICHCOACH-26-JBRO,2025-12-13T00:44:22.486522Z,6665.00,0.0200,0.9800,yes
8bb843e7-f6f3-6efc-93bc-bd09982348dc,KXMICHCOACH-26-JBRO,2025-12-13T00:44:22.486522Z,1866.00,0.0300,0.9700,yes
690878db-2030-667b-b6ec-8946d8d5b292,KXMICHCOACH-26-JBRO,2025-12-13T00:44:22.486522Z,1334.00,0.0300,0.9700,yes
434d77a1-6a84-4c06-c457-4d5811a1a889,KXMICHCOACH-26-JBRO,2025-12-12T23:58:57.217441Z,935.00,0.0100,0.9900,yes
b06d298a-bf0c-757e-4645-4cd34e1dc519,KXMICHCOACH-26-JBRO,2025-12-12T23:29:46.679482Z,93.00,0.0100,0.9900,yes
63b8faa7-73fc-50da-ceb5-6d948ee23469,KXMICHCOACH-26-JBRO,2025-12-12T23:11:20.490137Z,123.00,0.0100,0.9900,yes
68e80b6c-6776-6305-4f88-1ebda501dbc8,KXMICHCOACH-26-JBRO,2025-12-12T23:09:57.045719Z,728.00,0.0100,0.9900,no
c9c0ba28-dc65-71a0-a013-6d71ec341357,KXMICHCOACH-26-JBRO,2025-12-12T23:08:01.368876Z,1.00,0.0200,0.9800,no
e684fd38-530e-4ab5-cfb8-461a5ef13c5c,KXMICHCOACH-26-JBRO,2025-12-12T22:48:26.11274Z,12.00,0.0100,0.9900,no
f2149342-4af2-72dd-1af3-2b98d761fa98,KXMICHCOACH-26-JBRO,2025-12-12T22:48:24.568813Z,55.00,0.0100,0.9900,no
fca917d9-5b9a-6f05-56af-2e79d78faaa0,KXMICHCOACH-26-JBRO,2025-12-12T22:48:23.323547Z,185.00,0.0100,0.9900,no
19909886-5fa6-6001-2e0a-4d31229a5400,KXMICHCOACH-26-JBRO,2025-12-12T22:48:21.884679Z,13.00,0.0100,0.9900,no
b4b30046-95dc-7980-88e8-b1219a9dd6d2,KXMICHCOACH-26-JBRO,2025-12-12T22:48:20.557552Z,2.00,0.0200,0.9800,no
cdb2c5a3-1a19-4bb5-75ae-9b4ec75bd3a5,KXMICHCOACH-26-JBRO,2025-12-12T22:44:28.885204Z,3.00,0.0200,0.9800,no
be4f7b23-d116-43d1-3216-befab910b234,KXMICHCOACH-26-JBRO,2025-12-12T22:42:15.545277Z,160.00,0.0100,0.9900,no
661968f8-e7d6-72e9-d622-8953f1dc9020,KXMICHCOACH-26-JBRO,2025-12-12T22:42:00.861339Z,215.00,0.0100,0.9900,no
7367af37-880e-6651-fa30-970448a69ac0,KXMICHCOACH-26-JBRO,2025-12-12T22:41:32.312197Z,29.00,0.0100,0.9900,no
ad3425e8-b92a-4589-7cfc-c9c8d0292c9c,KXMICHCOACH-26-JBRO,2025-12-12T22:38:16.384366Z,60.00,0.0100,0.9900,no
b4cda9bb-2aa2-640d-e873-09f9fb6496a8,KXMICHCOACH-26-JBRO,2025-12-12T22:36:12.996809Z,43.00,0.0100,0.9900,no
83b492e3-3820-5729-9be9-0abefac70d68,KXMICHCOACH-26-JBRO,2025-12-12T22:36:11.752676Z,7.00,0.0200,0.9800,no
df44584b-cb89-608b-dbad-31d24de7ff48,KXMICHCOACH-26-JBRO,2025-12-12T22:09:04.735386Z,234.00,0.0200,0.9800,no
43b23e85-90a9-607f-e605-49f76184330c,KXMICHCOACH-26-JBRO,2025-12-12T22:06:27.784114Z,93.00,0.0200,0.9800,no
c9dc180c-ffc5-7793-b668-28788b97ded8,KXMICHCOACH-26-JBRO,2025-12-12T22:03:46.950045Z,142.00,0.0200,0.9800,no
14f37553-aed1-70a9-e05a-815edfce2705,KXMICHCOACH-26-JBRO,2025-12-12T21:54:11.282775Z,10.00,0.0300,0.9700,yes
61f711d6-0b55-6e59-4467-4fa8b9ca7911,KXMICHCOACH-26-JBRO,2025-12-12T21:37:05.557985Z,130.00,0.0300,0.9700,yes
d4553724-5e77-78bc-3b91-d0aad174f115,KXMICHCOACH-26-JBRO,2025-12-12T21:05:21.80498Z,435.00,0.0300,0.9700,yes
1449feea-ffe5-7fdd-3eae-f69952e71e1d,KXMICHCOACH-26-JBRO,2025-12-12T21:05:21.80498Z,565.00,0.0300,0.9700,yes
cc99e43a-145a-4c27-09ab-8f9eeb1a32c8,KXMICHCOACH-26-JBRO,2025-12-12T20:36:57.284307Z,13.00,0.0300,0.9700,no
5f13987d-ed77-40f3-1b0e-409aaa783211,KXMICHCOACH-26-JBRO,2025-12-12T20:36:57.284307Z,552.00,0.0300,0.9700,no
42d82bff-285f-404c-207c-2c8e58c4ec6c,KXMICHCOACH-26-JBRO,2025-12-12T19:59:46.401357Z,416.00,0.0400,0.9600,yes
053f18c4-da6f-6dcb-8bbb-fcd604e10855,KXMICHCOACH-26-JBRO,2025-12-12T19:16:34.1532Z,109.00,0.0300,0.9700,no
d3e6b450-42f7-42af-325e-82d2f43e318d,KXMICHCOACH-26-JBRO,2025-12-12T19:16:18.88817Z,50.00,0.0300,0.9700,no
796dcb04-8dfb-7177-4202-2529765f99f1,KXMICHCOACH-26-JBRO,2025-12-12T19:16:05.128399Z,29.00,0.0300,0.9700,no
f7a7cd99-7103-5efb-0a97-8d286e9291e1,KXMICHCOACH-26-JBRO,2025-12-12T19:15:41.392406Z,72.00,0.0300,0.9700,no
0d2788ac-3dbf-7de0-c203-c6f8c1a75e34,KXMICHCOACH-26-JBRO,2025-12-12T19:01:38.528031Z,23.00,0.0400,0.9600,yes
ffa113b3-f5cf-4ce8-9dcb-af6c74e8bb64,KXMICHCOACH-26-JBRO,2025-12-12T18:57:07.601796Z,234.00,0.0400,0.9600,yes
f4ab0053-6c5f-76cc-fefa-4b463da69930,KXMICHCOACH-26-JBRO,2025-12-12T18:56:05.571925Z,432.00,0.0400,0.9600,yes
73f24d26-e901-742a-cbb1-9a614009d021,KXMICHCOACH-26-JBRO,2025-12-12T18:56:05.571925Z,36.00,0.0400,0.9600,yes
341b5ba0-6513-68e7-97f5-70e3e321e351,KXMICHCOACH-26-JBRO,2025-12-12T18:52:04.488234Z,274.00,0.0300,0.9700,no
c4e8e78e-3d72-7491-61c0-49b43c121801,KXMICHCOACH-26-JBRO,2025-12-12T18:49:37.147447Z,86.00,0.0300,0.9700,no
c38f44df-3e2b-73af-778c-f7e2e476f979,KXMICHCOACH-26-JBRO,2025-12-12T18:49:37.147447Z,1914.00,0.0300,0.9700,no
9f56a5bb-9d19-7e4a-83d4-3e1a4e7492fd,KXMICHCOACH-26-JBRO,2025-12-12T18:00:55.936304Z,23.00,0.0400,0.9600,yes
b88ce20d-fead-5ed2-949b-30872e199af9,KXMICHCOACH-26-JBRO,2025-12-12T17:59:21.400998Z,538.00,0.0400,0.9600,yes
5ead0f2f-7761-493a-8c0a-634a7fef9151,KXMICHCOACH-26-JBRO,2025-12-12T17:53:01.998943Z,1.00,0.0400,0.9600,yes
6faf6041-77d5-7826-1cf1-cf223d5b7945,KXMICHCOACH-26-JBRO,2025-12-12T17:12:13.25009Z,27.00,0.0400,0.9600,yes
b54d8b7b-15ee-548d-563a-7ccfd4e420e1,KXMICHCOACH-26-JBRO,2025-12-12T17:10:41.991795Z,414.00,0.0300,0.9700,no
9436b290-e5a1-72ca-f434-f66083c5548d,KXMICHCOACH-26-JBRO,2025-12-12T16:53:55.557689Z,125.00,0.0400,0.9600,yes
4910dc1f-8605-6b12-9c97-a103a108808d,KXMICHCOACH-26-JBRO,2025-12-12T16:53:47.695216Z,125.00,0.0400,0.9600,yes
3810f94f-82de-6fa2-d81d-78662d873783,KXMICHCOACH-26-JBRO,2025-12-12T16:53:43.205617Z,125.00,0.0400,0.9600,no
5dfd55cd-5adb-7cd9-d9f3-80258558c637,KXMICHCOACH-26-JBRO,2025-12-12T15:41:02.428493Z,27.00,0.0400,0.9600,no
1faeaf53-db5f-76f4-161d-9eec0093d4c4,KXMICHCOACH-26-JBRO,2025-12-12T15:32:23.646779Z,142.00,0.0500,0.9500,yes
53fc184a-f43b-6044-be11-9eaaf8a06e1c,KXMICHCOACH-26-JBRO,2025-12-12T15:24:06.529771Z,187.00,0.0500,0.9500,yes
15f892d4-544f-60b4-a1f2-540b771a15ac,KXMICHCOACH-26-JBRO,2025-12-12T15:21:01.714559Z,300.00,0.0500,0.9500,yes
3bbeaa50-351f-7f65-c7b6-bab0b8956b5f,KXMICHCOACH-26-JBRO,2025-12-12T15:18:43.540483Z,91.00,0.0400,0.9600,no
d66f828c-4deb-63bd-9ef8-53598b8b7fcf,KXMICHCOACH-26-JBRO,2025-12-12T15:18:36.245437Z,125.00,0.0400,0.9600,no
124eb368-bbcc-5626-670e-5a311eaa6a0a,KXMICHCOACH-26-JBRO,2025-12-12T15:18:11.154093Z,93.00,0.0500,0.9500,yes
873bf06b-1cd0-53c2-1d5d-73ea9a25494e,KXMICHCOACH-26-JBRO,2025-12-12T15:15:50.032568Z,10.00,0.0500,0.9500,yes
f8653476-4144-4d4c-871f-50f5a385e45a,KXMICHCOACH-26-JBRO,2025-12-12T14:35:11.793769Z,13.00,0.0700,0.9300,yes
7247cb9b-ad9b-4eb1-fadd-8fc2962872b3,KXMICHCOACH-26-JBRO,2025-12-12T14:27:04.730774Z,4.00,0.0400,0.9600,no
6bcbd368-3c0f-5c49-d835-aebb471d3f53,KXMICHCOACH-26-JBRO,2025-12-12T14:24:19.930481Z,10.00,0.0400,0.9600,no
79bb8443-9f90-70e4-7d63-05fd58e59de6,KXMICHCOACH-26-JBRO,2025-12-12T14:03:08.872124Z,100.00,0.0700,0.9300,yes
9cfb12ad-fab0-64f8-89ab-d31a5cf0c9de,KXMICHCOACH-26-JBRO,2025-12-12T13:57:33.763582Z,182.00,0.0700,0.9300,yes
69e5b409-220d-6c94-997e-fadbd1a29381,KXMICHCOACH-26-JBRO,2025-12-12T13:57:33.763582Z,100.00,0.0600,0.9400,yes
bf6d1bee-b0ed-4e9e-5841-c57a681892aa,KXMICHCOACH-26-JBRO,2025-12-12T13:29:35.758195Z,12000.00,0.0400,0.9600,yes
7e18392d-f861-4c43-61de-9d72804ce98c,KXMICHCOACH-26-JBRO,2025-12-12T13:29:35.758195Z,1000.00,0.0400,0.9600,yes
47635d45-d25b-48c3-40e6-90f62291eab7,KXMICHCOACH-26-JBRO,2025-12-12T13:29:35.758195Z,1000.00,0.0400,0.9600,yes
42a4e1c6-f66b-4913-7e85-9a87f01e5381,KXMICHCOACH-26-JBRO,2025-12-12T13:29:35.758195Z,1136.00,0.0400,0.9600,yes
1c169de3-94b0-4745-5d8d-b571f1cfcbfc,KXMICHCOACH-26-JBRO,2025-12-12T13:29:35.758195Z,245.00,0.0400,0.9600,yes
0089fb8f-81f9-4098-4ee4-0ac389a4e8d4,KXMICHCOACH-26-JBRO,2025-12-12T13:29:35.758195Z,27.00,0.0400,0.9600,yes
08e032c5-6754-4dfd-c287-cc535afb5c2f,KXMICHCOACH-26-JBRO,2025-12-12T12:18:28.794379Z,12.00,0.0300,0.9700,no
ac2c0a24-c5f8-7721-f013-bffdcc21dfd8,KXMICHCOACH-26-JBRO,2025-12-12T12:17:23.663596Z,187.00,0.0400,0.9600,yes
271525ea-51fc-5709-6246-b0989c326cab,KXMICHCOACH-26-JBRO,2025-12-12T12:15:39.415168Z,13.00,0.0300,0.9700,no
6d616658-2ba8-7831-d296-5afe17380398,KXMICHCOACH-26-JBRO,2025-12-12T10:41:13.591795Z,234.00,0.0400,0.9600,yes
98282eba-f953-5a4b-8267-b809bd7fed59,KXMICHCOACH-26-JBRO,2025-12-12T06:49:00.598889Z,375.00,0.0500,0.9500,yes
b1da3d28-c5bf-677f-ed48-9139b758507d,KXMICHCOACH-26-JBRO,2025-12-12T05:26:55.20992Z,10.00,0.0500,0.9500,yes
3270c1cb-3efb-5b4f-c39e-4319f282f1f5,KXMICHCOACH-26-JBRO,2025-12-12T03:58:05.946042Z,1250.00,0.0500,0.9500,yes
18a31a7d-88ef-62a7-0470-5f396220d285,KXMICHCOACH-26-JBRO,2025-12-12T03:38:00.360589Z,142.00,0.0500,0.9500,yes
6b3a8212-d034-44a9-d5b9-119cc1d47c0b,KXMICHCOACH-26-JBRO,2025-12-12T03:30:49.227259Z,15.00,0.0300,0.9700,no
b865c8aa-720f-71df-55c0-1148e5de1c9d,KXMICHCOACH-26-JBRO,2025-12-12T03:15:56.230995Z,500.00,0.0500,0.9500,yes
a7ff74ca-47df-6f77-fa99-00b612df253d,KXMICHCOACH-26-JBRO,2025-12-12T02:44:19.823582Z,187.00,0.0500,0.9500,yes
d3fa528e-c35a-698f-ae3b-cf9928f26eb3,KXMICHCOACH-26-JBRO,2025-12-12T02:25:23.107146Z,183.00,0.0400,0.9600,no
719907af-2589-6ceb-903d-c34e7bfa9e31,KXMICHCOACH-26-JBRO,2025-12-12T02:25:23.107146Z,666.00,0.0400,0.9600,no
13bb3a91-7d0c-4de1-21c7-5b048d5ae5a8,KXMICHCOACH-26-JBRO,2025-12-12T01:48:06.30143Z,78.00,0.0600,0.9400,yes
81cbd7c6-7038-7965-0415-af17a618b67c,KXMICHCOACH-26-JBRO,2025-12-12T01:45:56.238059Z,34.00,0.0600,0.9400,yes
d40f5d83-8334-41f9-fca7-25f3d0078600,KXMICHCOACH-26-JBRO,2025-12-12T01:32:36.93041Z,39.00,0.0600,0.9400,yes
aa4caac1-2beb-4e46-ee69-72ae10dbb8a1,KXMICHCOACH-26-JBRO,2025-12-12T01:16:21.289478Z,201.00,0.0700,0.9300,yes
5a7322eb-3226-6dbe-57f2-aa94b4145557,KXMICHCOACH-26-JBRO,2025-12-12T01:16:13.073392Z,195.00,0.0600,0.9400,no
fa652411-3e72-4529-52a0-48cdd5df5fdd,KXMICHCOACH-26-JBRO,2025-12-12T01:13:24.611508Z,401.00,0.0700,0.9300,yes
ae9675e3-311e-4200-c3be-bda2a3a71978,KXMICHCOACH-26-JBRO,2025-12-12T00:48:37.680637Z,250.00,0.0700,0.9300,yes
a5bfe5cf-903a-4225-f6f4-a0b53c4d8cb9,KXMICHCOACH-26-JBRO,2025-12-12T00:48:37.680637Z,599.00,0.0700,0.9300,yes
985b142f-53be-4543-e60d-899484692ef1,KXMICHCOACH-26-JBRO,2025-12-12T00:48:37.680637Z,151.00,0.0700,0.9300,yes
cd08cb8e-ac02-56cf-218f-dc791ff59279,KXMICHCOACH-26-JBRO,2025-12-12T00:46:27.938874Z,26.00,0.0700,0.9300,yes
5e9f8f03-7aae-65db-f1f7-4f80d87c7e09,KXMICHCOACH-26-JBRO,2025-12-12T00:36:56.942409Z,268.00,0.0700,0.9300,yes
102b092d-ece2-7cff-df36-cf1e787c9255,KXMICHCOACH-26-JBRO,2025-12-11T23:58:06.436563Z,5.00,0.0700,0.9300,yes
c919c624-9472-52bb-59d1-4304f8e26589,KXMICHCOACH-26-JBRO,2025-12-11T23:50:23.143792Z,22.00,0.0700,0.9300,yes
1f799458-980e-7a8e-e5ff-ba9c992be313,KXMICHCOACH-26-JBRO,2025-12-11T23:11:02.370371Z,5.00,0.0600,0.9400,no
7c7ac676-74ae-57f9-793f-c2de3fb99712,KXMICHCOACH-26-JBRO,2025-12-11T23:00:52.698887Z,989.00,0.0400,0.9600,no
1e3af635-e9b2-592b-49a3-10763e1c5ee4,KXMICHCOACH-26-JBRO,2025-12-11T23:00:52.698887Z,211.00,0.0400,0.9600,no
d60693b2-2676-5e3c-0f7d-b1930b1b625f,KXMICHCOACH-26-JBRO,2025-12-11T23:00:34.626438Z,1800.00,0.0600,0.9400,no
5d169c9f-ae96-6d67-e93d-a1fbd48d9295,KXMICHCOACH-26-JBRO,2025-12-11T22:40:11.142861Z,268.00,0.0700,0.9300,yes
2fba1d27-8332-7aa1-dc0c-ed90d0384bd9,KXMICHCOACH-26-JBRO,2025-12-11T22:35:19.27988Z,12.00,0.0600,0.9400,yes
1ca944b9-4e56-76d7-db4f-2c46f2aea5cd,KXMICHCOACH-26-JBRO,2025-12-11T22:35:19.27988Z,257.00,0.0700,0.9300,yes
b31ddfea-097d-5d13-d81d-50cfb5249227,KXMICHCOACH-26-JBRO,2025-12-11T22:07:49.075823Z,95.00,0.0600,0.9400,no
9a6cebc4-d44a-572d-dab9-46d315789d7e,KXMICHCOACH-26-JBRO,2025-12-11T22:07:49.075823Z,11.00,0.0400,0.9600,no
4422de45-f239-6ee7-77aa-e4ae91ff3507,KXMICHCOACH-26-JBRO,2025-12-11T21:59:14.563005Z,105.00,0.0600,0.9400,no
0db483c6-7107-427f-e5e8-496b6ea8ce5d,KXMICHCOACH-26-JBRO,2025-12-11T21:57:06.078647Z,3.00,0.0700,0.9300,no
70deaed0-86de-6d90-2c67-f47061c4da8c,KXMICHCOACH-26-JBRO,2025-12-11T21:55:49.536758Z,73.00,0.0900,0.9100,yes
1c49309e-7c86-7bab-0b9e-1d785bf13120,KXMICHCOACH-26-JBRO,2025-12-11T21:16:02.607496Z,582.00,0.0400,0.9600,no
1fa24466-c79e-706b-fe0b-f6d44f668a1c,KXMICHCOACH-26-JBRO,2025-12-11T21:16:01.364181Z,10.00,0.0400,0.9600,no
8f53d7c5-804e-68d7-429c-fb6e89beddb0,KXMICHCOACH-26-JBRO,2025-12-11T21:15:18.979314Z,79.00,0.0400,0.9600,no
c1b16608-bbee-4953-03de-2383084b90f8,KXMICHCOACH-26-JBRO,2025-12-11T21:04:30.334544Z,55.00,0.0400,0.9600,no
831a8f22-d1ce-482b-3341-fe693c50b5c8,KXMICHCOACH-26-JBRO,2025-12-11T21:03:42.500911Z,21.00,0.0400,0.9600,no
d6048212-78ad-503a-163e-8561e1257989,KXMICHCOACH-26-JBRO,2025-12-11T20:45:24.712773Z,201.00,0.0600,0.9400,yes
5b7a5bb6-f0b4-53ce-322d-e253a5361016,KXMICHCOACH-26-JBRO,2025-12-11T20:45:24.712773Z,407.00,0.0500,0.9500,yes
36d3570d-ffc4-5a5e-0b26-65b151085171,KXMICHCOACH-26-JBRO,2025-12-11T20:45:24.712773Z,361.00,0.0400,0.9600,yes
e687fb67-0e58-55fe-f5fc-90171be0ef79,KXMICHCOACH-26-JBRO,2025-12-11T20:37:03.72725Z,105.00,0.0400,0.9600,yes
df34ed55-8f5c-7fa2-36c9-d8176339db09,KXMICHCOACH-26-JBRO,2025-12-11T20:11:42.772789Z,117.00,0.0400,0.9600,yes
c0b4b740-41e4-48d2-f60a-0367bfcbed19,KXMICHCOACH-26-JBRO,2025-12-11T20:02:49.851238Z,17.00,0.0400,0.9600,yes
a0998a87-2e20-7a1e-f5ab-c5103dec6399,KXMICHCOACH-26-JBRO,2025-12-11T19:56:46.587617Z,3000.00,0.0400,0.9600,yes
e9142e03-81cc-5796-1610-64a731259902,KXMICHCOACH-26-JBRO,2025-12-11T18:37:50.588583Z,93.00,0.0500,0.9500,yes
feff7eb1-7c91-5c49-9f59-6f859beb6c94,KXMICHCOACH-26-JBRO,2025-12-11T18:17:56.598979Z,645.00,0.0500,0.9500,yes
c766b2e1-8b25-5a80-bf09-49e537390484,KXMICHCOACH-26-JBRO,2025-12-11T18:17:56.598979Z,500.00,0.0500,0.9500,yes
42251421-e376-599f-b64a-3f2e6940af27,KXMICHCOACH-26-JBRO,2025-12-11T18:17:56.598979Z,500.00,0.0500,0.9500,yes
f4cbb01c-3d6d-4df9-43d4-90623d9966b0,KXMICHCOACH-26-JBRO,2025-12-11T18:17:14.046803Z,187.00,0.0500,0.9500,yes
dba3378b-05c9-729d-864e-f334604118ac,KXMICHCOACH-26-JBRO,2025-12-11T17:48:55.929974Z,93.00,0.0500,0.9500,yes
b5236eb8-5d15-686d-53c8-589418b81e38,KXMICHCOACH-26-JBRO,2025-12-11T17:45:55.310155Z,75.00,0.0500,0.9500,yes
b342ca78-55f1-53fa-f4e3-75ccea9a4f57,KXMICHCOACH-26-JBRO,2025-12-11T17:21:57.120499Z,100.00,0.0300,0.9700,no
c6454ef2-bc19-67ee-412c-1ea83937404f,KXMICHCOACH-26-JBRO,2025-12-11T17:17:20.808374Z,67.00,0.0300,0.9700,no
d9db6c9b-fdf4-6882-e1f2-2dd4dcd21497,KXMICHCOACH-26-JBRO,2025-12-11T17:16:45.015636Z,15.00,0.0600,0.9400,yes
32e3f69b-5ae9-78a6-1352-d5c972b360ef,KXMICHCOACH-26-JBRO,2025-12-11T17:14:27.968468Z,26.00,0.0300,0.9700,no
8208da33-6961-6822-1934-c1aaf7723803,KXMICHCOACH-26-JBRO,2025-12-11T17:14:26.713957Z,10.00,0.0300,0.9700,no
cbfe4ce0-421c-5475-8f3a-7c5a27fa3972,KXMICHCOACH-26-JBRO,2025-12-11T17:13:52.663033Z,18.00,0.0500,0.9500,yes
d9cf3358-97ae-5428-46dd-87d96464bdae,KXMICHCOACH-26-JBRO,2025-12-11T17:08:25.876375Z,15.00,0.0200,0.9800,no
baa981b6-73b3-590a-6833-81a768ba465c,KXMICHCOACH-26-JBRO,2025-12-11T17:08:25.876375Z,55.00,0.0200,0.9800,no
7fc86781-f57a-7690-e143-eeee382edef2,KXMICHCOACH-26-JBRO,2025-12-11T17:06:58.859208Z,15.00,0.0300,0.9700,no
3e7a142e-7b9e-5249-affa-daa705a043a0,KXMICHCOACH-26-JBRO,2025-12-11T17:04:10.751347Z,985.00,0.0600,0.9400,yes
12a3d46a-3155-5024-a793-0ef7d19f6985,KXMICHCOACH-26-JBRO,2025-12-11T17:04:10.751347Z,15.00,0.0600,0.9400,yes
f5a2235f-24fc-51da-f715-56b228cd4f3d,KXMICHCOACH-26-JBRO,2025-12-11T17:04:03.48098Z,1000.00,0.0300,0.9700,yes
e6cfef4f-c784-586b-d62f-a815595ccfce,KXMICHCOACH-26-JBRO,2025-12-11T17:04:03.48098Z,500.00,0.0300,0.9700,yes
825579c6-1c6b-5d7c-5475-3e6f9708470d,KXMICHCOACH-26-JBRO,2025-12-11T17:03:56.312023Z,500.00,0.0200,0.9800,yes
c902ab3d-2743-6d97-d4df-7f7995e15493,KXMICHCOACH-26-JBRO,2025-12-11T16:36:02.253786Z,880.00,0.0200,0.9800,no
88cd4d7c-0397-6dd7-f473-496bbc00feac,KXMICHCOACH-26-JBRO,2025-12-11T16:36:02.253786Z,28.00,0.0100,0.9900,no
b579dc54-2578-56fa-5b6c-73bf8020e93f,KXMICHCOACH-26-JBRO,2025-12-11T16:14:08.915807Z,3.00,0.0400,0.9600,yes
27893c46-6724-5ce4-7393-6bdb122e8834,KXMICHCOACH-26-JBRO,2025-12-11T16:14:08.915807Z,91.00,0.0500,0.9500,yes
d75d5bfc-3940-616b-44b8-12e8b7584318,KXMICHCOACH-26-JBRO,2025-12-11T16:11:52.123443Z,89.00,0.0500,0.9500,yes
2a65556e-9a26-6579-6789-045a136a103d,KXMICHCOACH-26-JBRO,2025-12-11T16:11:52.123443Z,96.00,0.0500,0.9500,yes
0b0ff3e5-3f57-6aa8-7748-f855462a1606,KXMICHCOACH-26-JBRO,2025-12-11T16:11:52.123443Z,3.00,0.0400,0.9600,yes
0852795a-b74e-7acd-ea17-662139090fc9,KXMICHCOACH-26-JBRO,2025-12-11T15:49:18.146421Z,4.00,0.0500,0.9500,yes
515bfe4f-90b2-78f9-70e7-16f83fc89588,KXMICHCOACH-26-JBRO,2025-12-11T15:40:30.876755Z,15.00,0.0600,0.9400,yes
d5610c93-b5d1-75bf-88d3-443460ced57c,KXMICHCOACH-26-JBRO,2025-12-11T15:07:37.877977Z,46.00,0.0600,0.9400,yes
33884a43-acfb-6213-8977-ae7a61db0633,KXMICHCOACH-26-JBRO,2025-12-11T14:58:37.979431Z,13.00,0.0200,0.9800,no
f8483cf5-1668-75c4-198e-d3c09d12b7f6,KXMICHCOACH-26-JBRO,2025-12-11T14:50:58.473307Z,208.00,0.0400,0.9600,yes
0f74ace0-7e22-71eb-2c51-3f585dc91b69,KXMICHCOACH-26-JBRO,2025-12-11T14:50:58.473307Z,26.00,0.0400,0.9600,yes
c9f1e53d-0b6e-6eef-684f-2027f20f8875,KXMICHCOACH-26-JBRO,2025-12-11T14:50:29.620373Z,234.00,0.0400,0.9600,yes
8309d788-f820-78fe-758f-f26c3a1e4cab,KXMICHCOACH-26-JBRO,2025-12-11T14:49:34.253807Z,88.00,0.0300,0.9700,no
00a090e5-ed18-7962-cc34-002f16c8e0c7,KXMICHCOACH-26-JBRO,2025-12-11T14:45:01.1859Z,12.00,0.0300,0.9700,no
cfbbe11b-28ee-559b-d665-b5fbac74b361,KXMICHCOACH-26-JBRO,2025-12-11T14:43:58.023906Z,23.00,0.0400,0.9600,yes
ad081748-db31-7b6d-9cb4-600c3a62c38a,KXMICHCOACH-26-JBRO,2025-12-11T14:40:39.048859Z,123.00,0.0400,0.9600,yes
80f74ac4-cf1d-70a5-be45-8834a99d05ee,KXMICHCOACH-26-JBRO,2025-12-11T14:40:39.048859Z,107.00,0.0300,0.9700,yes
2bb00539-a878-785a-926f-31545ba53f0a,KXMICHCOACH-26-JBRO,2025-12-11T14:40:39.048859Z,1000.00,0.0300,0.9700,yes
2522c56f-8e16-7063-8b7b-dacb5faa2b8d,KXMICHCOACH-26-JBRO,2025-12-11T14:40:39.048859Z,217.00,0.0400,0.9600,yes
143e2817-d871-4995-0f60-f940d500133e,KXMICHCOACH-26-JBRO,2025-12-11T14:36:30.412363Z,93.00,0.0300,0.9700,yes
fa31924b-e072-775a-36af-a2a9f41ef58b,KXMICHCOACH-26-JBRO,2025-12-11T14:28:59.895292Z,87.00,0.0300,0.9700,yes
7dd24f70-9f11-79e5-04a4-b68a647a8a36,KXMICHCOACH-26-JBRO,2025-12-11T14:28:59.895292Z,520.00,0.0400,0.9600,yes
74f21728-ac2e-6f92-34a3-0ee008ba1537,KXMICHCOACH-26-JBRO,2025-12-11T14:08:28.596444Z,31.00,0.0300,0.9700,yes
e94ca902-c47a-450e-a9ea-df7bbbae1d9f,KXMICHCOACH-26-JBRO,2025-12-11T13:36:15.270803Z,5.00,0.0300,0.9700,yes
e948c272-6f87-5527-c3aa-0ecff38d9edb,KXMICHCOACH-26-JBRO,2025-12-11T13:35:02.972124Z,15.00,0.0200,0.9800,no
3b6201b8-508f-6fe7-ddad-21a3f0a74b8b,KXMICHCOACH-26-JBRO,2025-12-11T13:14:11.700525Z,11.00,0.0200,0.9800,no
99e8f813-083b-745b-c123-8438dd4fd203,KXMICHCOACH-26-JBRO,2025-12-11T13:03:51.441368Z,24.00,0.0200,0.9800,no
4b84060e-b072-569a-4c49-70298d5b3d13,KXMICHCOACH-26-JBRO,2025-12-11T13:00:53.486711Z,300.00,0.0300,0.9700,yes
f5504c78-4027-5083-d133-4f144385840f,KXMICHCOACH-26-JBRO,2025-12-11T12:59:40.278077Z,45.00,0.0200,0.9800,no
84c7de23-ccfb-6f97-4fd2-105f4133195b,KXMICHCOACH-26-JBRO,2025-12-11T12:58:08.907973Z,12.00,0.0200,0.9800,no
ee7e38b9-bfc2-7d7e-6b50-a42b3d488417,KXMICHCOACH-26-JBRO,2025-12-11T12:52:21.07549Z,156.00,0.0300,0.9700,yes
ee6c68b1-3a52-6940-5f81-d14928dea1e5,KXMICHCOACH-26-JBRO,2025-12-11T12:23:15.411875Z,19.00,0.0200,0.9800,no
19b3267c-261a-5d5c-6462-fe0d50ab06d5,KXMICHCOACH-26-JBRO,2025-12-11T12:22:31.889045Z,9.00,0.0200,0.9800,no
9c8cc818-b56a-6a48-17c8-c52e5de00241,KXMICHCOACH-26-JBRO,2025-12-11T12:22:01.103726Z,9.00,0.0200,0.9800,no
310837ee-2caa-45c4-6493-7624453c6031,KXMICHCOACH-26-JBRO,2025-12-11T11:32:21.536929Z,63.00,0.0200,0.9800,no
1c701267-4606-77ba-e8b0-e0c071a1bed7,KXMICHCOACH-26-JBRO,2025-12-11T11:20:22.60914Z,5.00,0.0300,0.9700,yes
d67fa1e0-6922-75e2-6b5b-5681dcae7ccb,KXMICHCOACH-26-JBRO,2025-12-11T06:15:22.59919Z,10.00,0.0300,0.9700,yes
708eb396-6ffa-5632-6ac9-7575a601075f,KXMICHCOACH-26-JBRO,2025-12-11T05:45:55.346367Z,156.00,0.0300,0.9700,yes
ea7e2688-2a72-75f2-4d65-a9cef26d905b,KXMICHCOACH-26-JBRO,2025-12-11T05:20:00.98951Z,250.00,0.0300,0.9700,yes
219affec-6385-5109-2d06-8880952e3f4a,KXMICHCOACH-26-JBRO,2025-12-11T04:48:18.787646Z,23.00,0.0400,0.9600,yes
423eddf0-1042-637d-ff95-992aad5118a1,KXMICHCOACH-26-JBRO,2025-12-11T04:37:19.850887Z,290.00,0.0500,0.9500,yes
00e72542-74fb-6caf-e6e9-c4cc1889f914,KXMICHCOACH-26-JBRO,2025-12-11T04:37:19.850887Z,210.00,0.0400,0.9600,yes
b3c7b0af-fd37-7dc3-5bd0-927d1374e18c,KXMICHCOACH-26-JBRO,2025-12-11T04:28:22.669261Z,290.00,0.0400,0.9600,yes
4468d793-d512-7759-49f6-9d65dcb85188,KXMICHCOACH-26-JBRO,2025-12-11T04:28:22.669261Z,81.00,0.0300,0.9700,yes
8b941d67-055e-46e1-fc70-e7b2dfbfe400,KXMICHCOACH-26-JBRO,2025-12-11T04:27:18.612811Z,62.00,0.0300,0.9700,yes
8eef7589-88c6-501d-09c4-a3878227c908,KXMICHCOACH-26-JBRO,2025-12-11T03:41:12.708398Z,62.00,0.0300,0.9700,yes
9023ee1a-0ec6-43db-e3b6-f086e9212d68,KXMICHCOACH-26-JBRO,2025-12-11T03:23:29.188087Z,62.00,0.0300,0.9700,yes
f7bdcdf1-f173-443f-9bbe-c34797ca7cea,KXMICHCOACH-26-JBRO,2025-12-11T03:10:10.073452Z,21.00,0.0100,0.9900,yes
e90a7baf-8fad-436f-99ee-1c2cfc6fe846,KXMICHCOACH-26-JBRO,2025-12-11T03:10:10.073452Z,36.00,0.0100,0.9900,yes
a8174fa0-786f-405c-8fa0-f83a5c860843,KXMICHCOACH-26-JBRO,2025-12-11T03:10:10.073452Z,9.00,0.0100,0.9900,yes
a2a15b0f-47c4-4695-b9ae-ec2942f83929,KXMICHCOACH-26-JBRO,2025-12-11T03:10:10.073452Z,29.00,0.0100,0.9900,yes
9c6285a6-6836-4bff-bd84-0c15e3f0d4ae,KXMICHCOACH-26-JBRO,2025-12-11T03:10:10.073452Z,10.00,0.0100,0.9900,yes
758aa2f5-950b-4bc4-8639-c1a70c4e2c4c,KXMICHCOACH-26-JBRO,2025-12-11T03:10:10.073452Z,78.00,0.0100,0.9900,yes
6d1a3b04-53e8-406c-9b0c-5f95ce92a182,KXMICHCOACH-26-JBRO,2025-12-11T03:10:10.073452Z,2.00,0.0100,0.9900,yes
65e164c6-4e65-4833-85e3-45f5a9129668,KXMICHCOACH-26-JBRO,2025-12-11T03:10:10.073452Z,29.00,0.0100,0.9900,yes
508df586-6405-49e1-abfe-08590b554564,KXMICHCOACH-26-JBRO,2025-12-11T03:10:10.073452Z,300.00,0.0100,0.9900,yes
4dd33acc-8e89-4659-aca7-36cecd427fee,KXMICHCOACH-26-JBRO,2025-12-11T03:10:10.073452Z,57.00,0.0100,0.9900,yes
3b91ab08-9007-4bce-a880-c347a1aa7b84,KXMICHCOACH-26-JBRO,2025-12-11T03:10:10.073452Z,187.00,0.0100,0.9900,yes
2afbec83-8405-4661-a668-24057944db17,KXMICHCOACH-26-JBRO,2025-12-11T03:10:10.073452Z,34.00,0.0100,0.9900,yes
2ab81999-3552-406b-b9bf-482dda50306c,KXMICHCOACH-26-JBRO,2025-12-11T03:10:10.073452Z,14.00,0.0200,0.9800,yes
2a2f2cbc-cb8c-430a-9505-764f9b719c26,KXMICHCOACH-26-JBRO,2025-12-11T03:10:10.073452Z,14.00,0.0100,0.9900,yes
2713db76-fd18-4ec7-85a6-1bd524f4530a,KXMICHCOACH-26-JBRO,2025-12-11T03:10:10.073452Z,17.00,0.0100,0.9900,yes
173a1f7d-5a83-412f-ad9f-3c2144293295,KXMICHCOACH-26-JBRO,2025-12-11T03:10:10.073452Z,9.00,0.0100,0.9900,yes
0a7df699-8f4e-4eb7-abd9-99565501d060,KXMICHCOACH-26-JBRO,2025-12-11T03:10:10.073452Z,16.00,0.0100,0.9900,yes
04d587db-71d7-420c-8ea9-de904bf85a42,KXMICHCOACH-26-JBRO,2025-12-11T03:10:10.073452Z,24.00,0.0100,0.9900,yes
016ca5ec-3a2b-48a2-b2a3-08dd9aca1fe5,KXMICHCOACH-26-JBRO,2025-12-11T03:10:10.073452Z,35.00,0.0100,0.9900,yes
c2139005-928c-4d55-6d53-e49aa79d5edc,KXMICHCOACH-26-JBRO,2025-12-11T02:59:04.532047Z,15.00,0.0100,0.9900,yes
b9abd274-cf71-42ad-68bd-e0c56ed7dfc3,KXMICHCOACH-26-JBRO,2025-12-11T02:59:04.532047Z,1.00,0.0100,0.9900,yes
83c95833-ce80-510d-4522-0149b620ed0c,KXMICHCOACH-26-JBRO,2025-12-11T02:56:09.515687Z,193.00,0.0100,0.9900,yes
30e5405a-19fc-5025-199d-3ce6d5ce6110,KXMICHCOACH-26-JBRO,2025-12-11T02:53:59.33979Z,107.00,0.0100,0.9900,yes
f3be514e-9a8d-71cc-bf58-d9d6d5143a69,KXMICHCOACH-26-JBRO,2025-12-11T02:49:25.531365Z,53.00,0.0100,0.9900,yes
096703d3-1460-7d7d-bcd6-e1a79c944884,KXMICHCOACH-26-JBRO,2025-12-11T02:49:25.531365Z,40.00,0.0100,0.9900,yes
763dd5e5-e3ad-58c8-2d96-a5de3dd654b1,KXMICHCOACH-26-JBRO,2025-12-11T02:30:25.968384Z,16.00,0.0100,0.9900,no
b1d4ee15-d121-6cc4-83af-2389d2348be5,KXMICHCOACH-26-JBRO,2025-12-11T02:29:41.952184Z,47.00,0.0100,0.9900,no
295651e3-4809-7240-aa9c-ce3ed6095be5,KXMICHCOACH-26-JBRO,2025-12-11T02:29:20.978679Z,28.00,0.0100,0.9900,no
1f41e6b3-f795-6498-1765-3381254484c1,KXMICHCOACH-26-JBRO,2025-12-11T02:28:59.163394Z,134.00,0.0100,0.9900,no
368e39a3-a405-7490-083d-343d6a6f77b1,KXMICHCOACH-26-JBRO,2025-12-11T02:28:54.32027Z,19.00,0.0100,0.9900,no
2d23611c-6c15-5818-88f6-c44c753ea2a9,KXMICHCOACH-26-JBRO,2025-12-11T02:18:49.460003Z,9.00,0.0100,0.9900,no
df42200e-64e5-65ac-d530-97f1d768c785,KXMICHCOACH-26-JBRO,2025-12-11T02:17:16.346705Z,28.00,0.0100,0.9900,no
0a0ef293-5991-6808-5593-4de3294a4610,KXMICHCOACH-26-JBRO,2025-12-11T02:16:59.458057Z,41.00,0.0200,0.9800,no
85c472be-3d7d-7934-a603-94c5a02c42ef,KXMICHCOACH-26-JBRO,2025-12-11T02:15:46.933492Z,390.00,0.0600,0.9400,yes
eacfc3ab-b905-55dc-6575-f7d55484d4bc,KXMICHCOACH-26-JBRO,2025-12-11T02:12:43.954459Z,32.00,0.0200,0.9800,no
6956693e-adc6-6fdf-966e-2f178203f62e,KXMICHCOACH-26-JBRO,2025-12-11T02:05:35.562161Z,13.00,0.0600,0.9400,yes
5d1b0a66-cb4c-6d05-be70-08e4a9e9d0cb,KXMICHCOACH-26-JBRO,2025-12-11T02:05:35.562161Z,15.00,0.0700,0.9300,yes
c6ddba45-b3eb-7d87-6319-d34e9cf471f9,KXMICHCOACH-26-JBRO,2025-12-11T02:00:09.632881Z,78.00,0.0600,0.9400,yes
7694b8b6-0215-7b40-d242-fa9ff064b78c,KXMICHCOACH-26-JBRO,2025-12-11T01:59:23.86795Z,35.00,0.0200,0.9800,no
fac85179-9799-7270-f545-1c7161a90be4,KXMICHCOACH-26-JBRO,2025-12-11T01:57:29.989071Z,26.00,0.0200,0.9800,no
da8c0faf-80c5-72f8-881b-71dddbeaca58,KXMICHCOACH-26-JBRO,2025-12-11T01:56:55.224009Z,1.00,0.0200,0.9800,no
6de5baae-e1b1-7020-de80-076aa87147d8,KXMICHCOACH-26-JBRO,2025-12-11T01:56:51.735064Z,229.00,0.0200,0.9800,no
2a879f04-f6d9-6514-eb94-532743e4a5bc,KXMICHCOACH-26-JBRO,2025-12-11T01:55:14.374671Z,25.00,0.0200,0.9800,no
d5f77c5e-3a0d-6e74-ab1b-3ba571604ec4,KXMICHCOACH-26-JBRO,2025-12-11T01:54:27.875489Z,76.00,0.0200,0.9800,no
cd2741cf-6601-5f78-be9e-d842450bfc18,KXMICHCOACH-26-JBRO,2025-12-11T01:54:18.763435Z,12.00,0.0200,0.9800,no
58c6248b-aa71-452c-1176-cd5bce8f0d08,KXMICHCOACH-26-JBRO,2025-12-11T01:54:07.257151Z,31.00,0.0200,0.9800,no
9913971b-568d-719c-f664-7f95aa360518,KXMICHCOACH-26-JBRO,2025-12-11T01:53:32.447066Z,1.00,0.0200,0.9800,no
deabc3a9-dd1d-61c4-19fb-16112e872020,KXMICHCOACH-26-JBRO,2025-12-11T01:52:01.24762Z,5.00,0.0200,0.9800,no
eef2c257-5f6d-5354-7ba6-bb35d16886f4,KXMICHCOACH-26-JBRO,2025-12-11T01:51:19.077126Z,155.00,0.0200,0.9800,no
c59fccf5-7229-7b50-7d5d-48c7c5ffe168,KXMICHCOACH-26-JBRO,2025-12-11T01:38:46.493549Z,25.00,0.0200,0.9800,no
a0a1e622-ec28-5b73-77ec-09b3e57f14b2,KXMICHCOACH-26-JBRO,2025-12-11T01:36:35.882098Z,333.00,0.0700,0.9300,yes
02be2a79-3e15-4524-e192-63cc7f99f860,KXMICHCOACH-26-JBRO,2025-12-11T01:36:16.808397Z,82.00,0.0200,0.9800,no
5db816b9-faf0-4da4-96b2-453a363dd300,KXMICHCOACH-26-JBRO,2025-12-11T01:35:46.720451Z,333.00,0.0700,0.9300,yes
450d9d12-9f01-55b0-889b-beaa7d5ddb64,KXMICHCOACH-26-JBRO,2025-12-11T01:34:20.755264Z,25.00,0.0200,0.9800,no
00c05535-06b7-76f2-2b1c-8517c0653566,KXMICHCOACH-26-JBRO,2025-12-11T01:32:06.419632Z,15.00,0.0600,0.9400,yes
46f0f39b-4edb-6b06-48f4-61eb37285126,KXMICHCOACH-26-JBRO,2025-12-11T01:31:26.001628Z,55.00,0.0600,0.9400,yes
fbb6dc8c-5519-40b0-d34d-2d98ce225710,KXMICHCOACH-26-JBRO,2025-12-11T01:30:38.687852Z,28.00,0.0200,0.9800,no
05055336-606d-4114-9595-411a403defb4,KXMICHCOACH-26-JBRO,2025-12-11T01:30:37.641518Z,28.00,0.0200,0.9800,no
335ee73e-9aed-5190-5ba3-924cd5c05018,KXMICHCOACH-26-JBRO,2025-12-11T01:29:02.362539Z,10.00,0.0200,0.9800,no
bcceaec2-fce1-6e40-4176-980f978d2d6c,KXMICHCOACH-26-JBRO,2025-12-11T01:28:59.535305Z,10.00,0.0200,0.9800,no
0b4a6341-6591-5630-2b03-e9635a5a73b0,KXMICHCOACH-26-JBRO,2025-12-11T01:23:56.964688Z,12.00,0.0200,0.9800,no
0e920976-fc59-51dc-4554-300c941868e8,KXMICHCOACH-26-JBRO,2025-12-11T01:23:32.689166Z,22.00,0.0200,0.9800,no
1d073c39-ed11-645c-c0db-ace6195e2c0c,KXMICHCOACH-26-JBRO,2025-12-11T01:22:01.127846Z,4.00,0.0200,0.9800,no
2b87ed6c-295c-7302-0e5f-e9b328169cd9,KXMICHCOACH-26-JBRO,2025-12-11T01:15:42.613049Z,15.00,0.0300,0.9700,no
95967b1a-d960-6286-8c2f-574eae9654d1,KXMICHCOACH-26-JBRO,2025-12-11T01:13:26.158674Z,7.00,0.0300,0.9700,no
5915628f-052c-4171-9020-b9fcf44333fa,KXMICHCOACH-26-JBRO,2025-12-11T01:13:18.452895Z,1.00,0.9300,0.0700,yes
17f9d97a-a908-6ba2-a3e4-9dde142c6a95,KXMICHCOACH-26-JBRO,2025-12-11T01:12:51.806561Z,4.00,0.0300,0.9700,no
ff4c61b4-fe19-60b4-b795-ecb24a1065f4,KXMICHCOACH-26-JBRO,2025-12-11T01:12:12.294465Z,1.00,0.0200,0.9800,no
91fd55d9-687d-5f54-92d8-352c48cb6d68,KXMICHCOACH-26-JBRO,2025-12-11T01:11:35.472929Z,22.00,0.0200,0.9800,no
557f6f17-c48d-5b9c-eb64-9e3fcbb53128,KXMICHCOACH-26-JBRO,2025-12-11T01:10:45.482327Z,10.00,0.0200,0.9800,no
898f2a94-dd21-5320-89e1-6efb0d875254,KXMICHCOACH-26-JBRO,2025-12-11T01:10:31.533096Z,2.00,0.0200,0.9800,no
fcb02ba0-0d85-4e94-67f1-cbbdb7057434,KXMICHCOACH-26-JBRO,2025-12-11T01:09:39.600434Z,21.00,0.0200,0.9800,no
a23228ad-54c1-6438-38cd-4221e928bd0c,KXMICHCOACH-26-JBRO,2025-12-11T01:08:46.738925Z,10.00,0.0200,0.9800,no
b9f67e12-37ed-5f5c-3dda-5cf0e9bdc48c,KXMICHCOACH-26-JBRO,2025-12-11T01:08:45.693738Z,1.00,0.0200,0.9800,no
93da4dd0-6281-41e4-045b-441bc1a2556c,KXMICHCOACH-26-JBRO,2025-12-11T01:07:24.789258Z,4.00,0.0200,0.9800,no
84d65290-2869-6630-23cb-5c5e18e00644,KXMICHCOACH-26-JBRO,2025-12-11T01:07:19.99144Z,9.00,0.0200,0.9800,no
a3f55371-bb39-7618-a714-58fb808124f4,KXMICHCOACH-26-JBRO,2025-12-11T01:07:16.086639Z,9.00,0.0200,0.9800,no
29c23b3c-df91-7db0-8ba0-61b5068a0bac,KXMICHCOACH-26-JBRO,2025-12-11T01:07:13.547837Z,7.00,0.0200,0.9800,no
2f45a8ca-d0a9-60c4-32e7-279baa3dcc0c,KXMICHCOACH-26-JBRO,2025-12-11T01:07:09.483412Z,17.00,0.0200,0.9800,no
28ae9b31-fba9-68a8-94c8-1bcf86a78fa4,KXMICHCOACH-26-JBRO,2025-12-11T01:07:06.861467Z,19.00,0.0200,0.9800,no
ebaa4c1b-1cd5-7c54-ef53-8e7452b4abe0,KXMICHCOACH-26-JBRO,2025-12-11T01:07:05.807605Z,5.00,0.0200,0.9800,no
55ecd287-ad05-43b4-012d-040c0f6cb1b8,KXMICHCOACH-26-JBRO,2025-12-11T01:07:03.281213Z,1.00,0.0200,0.9800,no
d26aff3c-2b75-61dc-b04c-6b2e6ee7a6f8,KXMICHCOACH-26-JBRO,2025-12-11T01:06:49.773229Z,154.00,0.0200,0.9800,no
f5ed07be-7a51-7ce8-94ca-d5aad55b81e8,KXMICHCOACH-26-JBRO,2025-12-11T01:06:38.690565Z,96.00,0.0200,0.9800,no
ae27e106-b735-77f0-1829-a1e4f558cd30,KXMICHCOACH-26-JBRO,2025-12-11T01:06:33.614168Z,1.00,0.0200,0.9800,no
cd9b90a6-7811-5a28-cc59-2f92edbeaadc,KXMICHCOACH-26-JBRO,2025-12-11T01:05:15.746761Z,49.00,0.0200,0.9800,no
fd73d1b2-1617-5820-062b-f00368b2decc,KXMICHCOACH-26-JBRO,2025-12-11T01:05:12.453103Z,3.00,0.0300,0.9700,no
8e9017b4-e9e4-51b7-0f49-80c1894a2090,KXMICHCOACH-26-JBRO,2025-12-11T01:05:12.453103Z,20.00,0.0300,0.9700,no
531fd33c-bd3b-63f8-bf2c-a234aa0acd20,KXMICHCOACH-26-JBRO,2025-12-11T01:04:23.102831Z,34.00,0.0300,0.9700,no
2082fa42-8723-4b6c-6b2e-56459c0ed424,KXMICHCOACH-26-JBRO,2025-12-11T01:03:52.593004Z,5.00,0.0300,0.9700,no
edbde4aa-df21-6664-87ea-80174d1538a0,KXMICHCOACH-26-JBRO,2025-12-11T01:01:25.181182Z,14.00,0.0200,0.9800,no
52b28b8e-e3b9-59c2-ad5b-fd4e6ff43820,KXMICHCOACH-26-JBRO,2025-12-11T01:00:39.925473Z,10.00,0.0300,0.9700,no
98e6472d-38dd-5e72-cfc5-4e63ec488618,KXMICHCOACH-26-JBRO,2025-12-11T01:00:23.013808Z,32.00,0.0300,0.9700,no
bc994927-7cf9-7766-fde4-0c3f156661c0,KXMICHCOACH-26-JBRO,2025-12-11T01:00:21.981143Z,31.00,0.0300,0.9700,no
0ede2231-c269-53b0-cbbe-0826eef2ff50,KXMICHCOACH-26-JBRO,2025-12-11T00:58:48.910038Z,10.00,0.0200,0.9800,no
ac214a5c-9cf5-53e4-cd83-3d651dd221f8,KXMICHCOACH-26-JBRO,2025-12-11T00:58:21.01388Z,103.00,0.0200,0.9800,no
fece6339-64e6-5107-5d03-d108cb3ae7e9,KXMICHCOACH-26-JBRO,2025-12-11T00:56:50.392894Z,70.00,0.0300,0.9700,no
4181f589-b97d-591c-60c5-d651b9912f9c,KXMICHCOACH-26-JBRO,2025-12-11T00:56:50.392894Z,33.00,0.0200,0.9800,no
b00239ab-b7ca-40a3-1ceb-aef644d75d55,KXMICHCOACH-26-JBRO,2025-12-11T00:56:32.280042Z,47.00,0.0300,0.9700,no
7a925bc3-755a-48af-8595-ed5486f51099,KXMICHCOACH-26-JBRO,2025-12-11T00:54:40.803219Z,5.00,0.0300,0.9700,no
807f95d3-7e8a-6757-44d0-2e0775076305,KXMICHCOACH-26-JBRO,2025-12-11T00:54:19.245194Z,22.00,0.0300,0.9700,no
410ae889-b166-612b-30f5-80b9f90f7b19,KXMICHCOACH-26-JBRO,2025-12-11T00:54:04.471675Z,43.00,0.0300,0.9700,no
a3f6bab8-6a62-49ef-d8d6-03c46155d12d,KXMICHCOACH-26-JBRO,2025-12-11T00:53:29.965564Z,14.00,0.0300,0.9700,no
c3d4f9b9-dd75-7464-9d5b-33bae0d83908,KXMICHCOACH-26-JBRO,2025-12-11T00:53:27.866224Z,228.00,0.0200,0.9800,no
25b42ab8-3505-65d8-0d69-533f352be78c,KXMICHCOACH-26-JBRO,2025-12-11T00:53:11.790793Z,119.00,0.0200,0.9800,no
c1b17d8c-9179-4fa0-e6cb-91c14e647044,KXMICHCOACH-26-JBRO,2025-12-11T00:53:02.483003Z,43.00,0.0200,0.9800,no
d08ceddd-1305-687c-c4f5-8a2ee3e63f08,KXMICHCOACH-26-JBRO,2025-12-11T00:52:26.202125Z,34.00,0.0200,0.9800,no
b8cb86e2-8ca5-5f70-3067-eda938ec6f7c,KXMICHCOACH-26-JBRO,2025-12-11T00:51:43.756399Z,50.00,0.0200,0.9800,no
6833f501-b30c-5c29-c5e9-617027e0ba42,KXMICHCOACH-26-JBRO,2025-12-11T00:51:20.188089Z,64.00,0.0300,0.9700,no
05e83f37-1299-56f8-e897-df1ec1ad09d0,KXMICHCOACH-26-JBRO,2025-12-11T00:51:20.188089Z,27.00,0.0200,0.9800,no
a0d30915-0854-5565-d572-f20bf4958c92,KXMICHCOACH-26-JBRO,2025-12-11T00:51:04.788734Z,1.00,0.0300,0.9700,no
af07dd0b-85a5-7ec8-7199-2357920075cc,KXMICHCOACH-26-JBRO,2025-12-11T00:50:37.573414Z,64.00,0.0200,0.9800,no
da6d8056-1481-4260-8599-347ecc2d27ac,KXMICHCOACH-26-JBRO,2025-12-11T00:47:00.107126Z,10.00,0.0200,0.9800,no
2ef5029c-297d-7cb5-24db-1d1fc553abcd,KXMICHCOACH-26-JBRO,2025-12-11T00:46:50.719902Z,100.00,0.0800,0.9200,yes
18c96d27-78ab-71bb-3479-db2a388384a7,KXMICHCOACH-26-JBRO,2025-12-11T00:46:50.719902Z,1.00,0.9800,0.0200,yes
8e8d7b8f-2761-71f8-7f91-72f3867a92e8,KXMICHCOACH-26-JBRO,2025-12-11T00:42:40.953393Z,10.00,0.0200,0.9800,no
33c4d528-75f5-5568-585b-40bba5f73714,KXMICHCOACH-26-JBRO,2025-12-11T00:40:07.665527Z,45.00,0.0200,0.9800,no
8ac9e605-0a89-7630-e416-7c4526e1bd58,KXMICHCOACH-26-JBRO,2025-12-11T00:39:00.511217Z,109.00,0.0200,0.9800,no
02b30d9b-ccd9-7988-3a08-349b909e0794,KXMICHCOACH-26-JBRO,2025-12-11T00:38:41.255567Z,88.00,0.0200,0.9800,no
be2a3c0e-8991-7c1c-fe2c-25d600578fc0,KXMICHCOACH-26-JBRO,2025-12-11T00:37:59.765218Z,1.00,0.0200,0.9800,no
84932cd6-d1a1-5bcc-9d71-5d0580ac4870,KXMICHCOACH-26-JBRO,2025-12-11T00:36:22.100966Z,11.00,0.0200,0.9800,no
b8600e1f-4195-6594-185b-0c6d3c0b9be4,KXMICHCOACH-26-JBRO,2025-12-11T00:36:16.63332Z,7.00,0.0200,0.9800,no
ef229c07-a7b1-7c58-ccdc-b108ac26b9d0,KXMICHCOACH-26-JBRO,2025-12-11T00:28:22.882092Z,11.00,0.0200,0.9800,no
e1a6a43c-a6ab-59fe-3853-cd969ece5b04,KXMICHCOACH-26-JBRO,2025-12-11T00:02:04.341247Z,100.00,0.0400,0.9600,yes
c89b0644-2eee-5cb0-25a7-f023a830d8b8,KXMICHCOACH-26-JBRO,2025-12-11T00:02:04.341247Z,261.00,0.0500,0.9500,yes
64b2e459-1510-5033-2485-4d62f0ca52d2,KXMICHCOACH-26-JBRO,2025-12-11T00:02:04.341247Z,184.00,0.0600,0.9400,yes
7ed1d978-6299-7a7e-eb18-3eba0a7196d3,KXMICHCOACH-26-JBRO,2025-12-10T23:40:47.889055Z,3.00,0.0200,0.9800,no
9d040c2e-4b99-7ad6-a6f8-91be99fec663,KXMICHCOACH-26-JBRO,2025-12-10T23:40:46.3149Z,2.00,0.0200,0.9800,no
bed88844-5be9-46ef-a50d-bd4b2d4d36e7,KXMICHCOACH-26-JBRO,2025-12-10T23:35:04.29759Z,2.00,0.0200,0.9800,no
3bb9e2d3-cae1-4223-7583-bcfa1d338eab,KXMICHCOACH-26-JBRO,2025-12-10T23:31:21.048446Z,4.00,0.0200,0.9800,no
e5d81278-fdbd-578c-4ddf-d2f6f2711985,KXMICHCOACH-26-JBRO,2025-12-10T23:28:52.524094Z,25.00,0.0100,0.9900,no
9b282026-0419-43b8-6e70-4c48a767d199,KXMICHCOACH-26-JBRO,2025-12-10T23:28:48.64869Z,117.00,0.0100,0.9900,no
0a063bc0-36d5-5f74-f04b-73190cc51291,KXMICHCOACH-26-JBRO,2025-12-10T23:28:07.385409Z,114.00,0.0100,0.9900,no
781c05dc-4c9d-50d8-4269-7e5830dc4245,KXMICHCOACH-26-JBRO,2025-12-10T23:22:03.880243Z,5.00,0.0100,0.9900,no
72976369-1496-50aa-7999-8f0375425f51,KXMICHCOACH-26-JBRO,2025-12-10T23:22:03.880243Z,10.00,0.0200,0.9800,no
f55527ea-eb33-748a-8764-84c487cb1498,KXMICHCOACH-26-JBRO,2025-12-10T23:08:26.140117Z,100.00,0.0500,0.9500,yes
7f2bf4de-1a47-7b02-8418-08a4f52d23c3,KXMICHCOACH-26-JBRO,2025-12-10T23:03:17.454907Z,80.00,0.0500,0.9500,yes
513d4011-e42b-5c82-b3a0-dcd71bc60d71,KXMICHCOACH-26-JBRO,2025-12-10T22:59:45.233106Z,28.00,0.0400,0.9600,yes
93c1c265-2be5-7a3c-c8e0-197b215f8715,KXMICHCOACH-26-JBRO,2025-12-10T22:49:54.81826Z,117.00,0.0400,0.9600,yes
9807c89a-3ef1-46d4-6a9b-fafc8c83ad69,KXMICHCOACH-26-JBRO,2025-12-10T22:45:52.449647Z,2.00,0.0100,0.9900,no
06ffc4ec-1b39-4da4-b649-928344155e11,KXMICHCOACH-26-JBRO,2025-12-10T22:40:18.921007Z,26.00,0.0100,0.9900,no
