trade_id,ticker,created_time,count_fp,yes_price_dollars,no_price_dollars,taker_side
469199db-ac56-5b5a-5fbb-b8483442dd0e,KXNCAAF-26-OKL,2025-12-20T05:02:50.228497Z,1765.00,0.0100,0.9900,yes
aa46aa5a-24be-75fa-b86f-b6e575289d2e,KXNCAAF-26-OKL,2025-12-20T04:47:01.46279Z,87.00,0.0100,0.9900,yes
370e2e42-6f22-6682-ea99-b76aa56b7702,KXNCAAF-26-OKL,2025-12-20T04:40:19.374125Z,43.00,0.0100,0.9900,yes
947b23c5-a7c6-5e0a-3469-da5eaa9e496a,KXNCAAF-26-OKL,2025-12-20T04:33:29.682646Z,93.00,0.0100,0.9900,yes
cef6c426-a665-76c1-73c7-d28dbee947da,KXNCAAF-26-OKL,2025-12-20T04:19:02.305919Z,467.00,0.0100,0.9900,yes
7f8958ac-5215-4ba1-7b69-7594f50d8df6,KXNCAAF-26-OKL,2025-12-20T04:14:37.587717Z,46.00,0.0100,0.9900,yes
698e7337-ff59-4965-70ca-b61d8b83c7d2,KXNCAAF-26-OKL,2025-12-20T04:14:03.616826Z,93.00,0.0100,0.9900,yes
514b2e9c-ad95-7c65-745a-acc068409b5e,KXNCAAF-26-OKL,2025-12-20T04:13:52.380557Z,1800.00,0.0100,0.9900,yes
ccf03361-8d41-6345-efe6-5f6f7ebb80e2,KXNCAAF-26-OKL,2025-12-20T04:13:23.852797Z,5000.00,0.0100,0.9900,yes
7428387b-69c5-64f5-ada6-4fe817657e3a,KXNCAAF-26-OKL,2025-12-20T04:13:01.923181Z,2.00,0.0100,0.9900,yes
88c79f99-0729-53d9-3114-d44fe7cb715e,KXNCAAF-26-OKL,2025-12-20T04:12:47.025806Z,50.00,0.0100,0.9900,yes
b6c4a850-2692-4699-c1d0-54f470223655,KXNCAAF-26-OKL,2025-12-20T04:11:12.753339Z,1974.00,0.0100,0.9900,no
8414c2b7-15ca-754d-6445-2343befd9b9d,KXNCAAF-26-OKL,2025-12-20T04:11:02.348836Z,26.00,0.0100,0.9900,no
b5fedcba-0c87-5890-660f-ac590fe02d49,KXNCAAF-26-OKL,2025-12-20T04:10:07.647044Z,54.00,0.0200,0.9800,no
b9647bc5-0477-4340-f7fb-a7705b29b889,KXNCAAF-26-OKL,2025-12-20T04:09:58.0386Z,977.00,0.0200,0.9800,no
992e16f9-2b8b-4b48-f8bb-a4a3a591cfa1,KXNCAAF-26-OKL,2025-12-20T04:09:41.183029Z,1500.00,0.0200,0.9800,no
2a740fc6-402f-4fd0-0e78-b2fd6010368d,KXNCAAF-26-OKL,2025-12-20T04:09:09.58341Z,500.00,0.0200,0.9800,no
bbad83d5-535b-68a4-c582-1e548646c01d,KXNCAAF-26-OKL,2025-12-20T04:08:36.644049Z,1800.00,0.0200,0.9800,no
48a2a198-694c-4762-5820-2d13fd4d0825,KXNCAAF-26-OKL,2025-12-20T04:08:20.572577Z,23.00,0.0400,0.9600,yes
bb17b66b-0b1b-6e54-2370-d1b96a06c3e9,KXNCAAF-26-OKL,2025-12-20T04:08:01.780096Z,169.00,0.0200,0.9800,no
cae8690d-37ce-506b-cb7f-199d57d996f8,KXNCAAF-26-OKL,2025-12-20T04:03:12.272968Z,4000.00,0.0400,0.9600,no
a8e6272e-740a-6494-809e-8d9e42039c36,KXNCAAF-26-OKL,2025-12-20T04:01:20.336962Z,16.00,0.0500,0.9500,yes
bd64ba0c-b772-41ef-7e61-80fb862fba94,KXNCAAF-26-OKL,2025-12-20T04:01:09.141594Z,2183.00,0.0400,0.9600,no
490c74eb-4496-7908-a5f7-ad2df32b443e,KXNCAAF-26-OKL,2025-12-20T04:00:19.674255Z,18.00,0.0500,0.9500,yes
c3304b0d-1022-6474-9b12-750722e8955a,KXNCAAF-26-OKL,2025-12-20T03:59:50.582121Z,18.00,0.0500,0.9500,yes
204524e0-8082-695b-3a4f-c189dd678597,KXNCAAF-26-OKL,2025-12-20T03:58:36.234839Z,46.00,0.0600,0.9400,yes
d088f80e-313c-7980-9b36-1390ee20e2b9,KXNCAAF-26-OKL,2025-12-20T03:57:45.900028Z,155.00,0.0500,0.9500,no
7b64df9b-3801-4183-84ca-14b8c93a5d59,KXNCAAF-26-OKL,2025-12-20T03:57:04.531294Z,306.00,0.0500,0.9500,yes
85e17058-2863-4ec9-c8a9-923ee1dc9647,KXNCAAF-26-OKL,2025-12-20T03:56:51.544534Z,374.00,0.0400,0.9600,no
4c9e61c0-44f0-5f55-ff57-de5564880b69,KXNCAAF-26-OKL,2025-12-20T03:56:50.983433Z,100.00,0.0400,0.9600,yes
91f49991-95ac-69c5-601d-16563bda96b5,KXNCAAF-26-OKL,2025-12-20T03:56:40.465479Z,263.00,0.0300,0.9700,yes
4b808ddd-9a8f-7d03-61b6-daefde2214d1,KXNCAAF-26-OKL,2025-12-20T03:56:27.422463Z,279.00,0.0200,0.9800,yes
c1adcf62-e5a3-7c73-5872-b81297ae6a61,KXNCAAF-26-OKL,2025-12-20T03:54:55.83778Z,175.00,0.0200,0.9800,yes
aefbebe6-019f-5ef3-3f81-4a0a53df1d59,KXNCAAF-26-OKL,2025-12-20T03:54:13.89641Z,46.00,0.0200,0.9800,yes
824ce4b7-545c-4375-1af4-4dfb1a8446f9,KXNCAAF-26-OKL,2025-12-20T03:51:47.505278Z,25.00,0.0300,0.9700,yes
1fa0eaa1-d878-6fd5-229f-93578af569a5,KXNCAAF-26-OKL,2025-12-20T03:49:44.53884Z,31.00,0.0300,0.9700,yes
35c7a231-06bf-4401-b1c7-532ff82cb3ac,KXNCAAF-26-OKL,2025-12-20T03:49:29.741137Z,185.00,0.0100,0.9900,yes
fb1a2138-1e0a-7931-3506-9316be22cdf2,KXNCAAF-26-OKL,2025-12-20T03:47:43.38692Z,10.00,0.0100,0.9900,no
f590b6dd-5b8e-7785-2841-762f917c972e,KXNCAAF-26-OKL,2025-12-20T03:47:43.38692Z,1500.00,0.0100,0.9900,no
c99e9d5c-51c8-72db-0e01-1583d1b27d72,KXNCAAF-26-OKL,2025-12-20T03:47:43.38692Z,10000.00,0.0100,0.9900,no
c7050ea7-c9fe-7ad5-3201-0f5ee9448c9f,KXNCAAF-26-OKL,2025-12-20T03:47:43.38692Z,604.00,0.0100,0.9900,no
c564987f-dbd2-7a20-0531-e287f7f541c5,KXNCAAF-26-OKL,2025-12-20T03:47:43.38692Z,192.00,0.0100,0.9900,no
ab479b76-953b-750a-22b0-3edee2249fb9,KXNCAAF-26-OKL,2025-12-20T03:47:43.38692Z,380.00,0.0100,0.9900,no
9e62bab8-b1f5-75cb-2915-1c5f194d20c7,KXNCAAF-26-OKL,2025-12-20T03:47:43.38692Z,433.00,0.0100,0.9900,no
767b67d6-005c-7cbe-3e1f-ccf7980ae999,KXNCAAF-26-OKL,2025-12-20T03:47:43.38692Z,190.00,0.0100,0.9900,no
4e2685b8-034f-7f92-0887-ceec2e253a53,KXNCAAF-26-OKL,2025-12-20T03:47:43.38692Z,35.00,0.0100,0.9900,no
3888e1d3-75a7-7f14-1eb4-e223d0e22302,KXNCAAF-26-OKL,2025-12-20T03:47:43.38692Z,818.00,0.0100,0.9900,no
35192e6b-8726-7161-1c7e-ca6b6f152f45,KXNCAAF-26-OKL,2025-12-20T03:47:43.38692Z,360.00,0.0100,0.9900,no
2871716c-e80d-7b87-3029-c4faf95b0e69,KXNCAAF-26-OKL,2025-12-20T03:47:43.38692Z,248.00,0.0100,0.9900,no
1f3439a2-bfec-780c-231f-7b1d48974cc4,KXNCAAF-26-OKL,2025-12-20T03:47:43.38692Z,973.00,0.0100,0.9900,no
1eda2378-63bf-7e8f-0a06-58d85b7325dd,KXNCAAF-26-OKL,2025-12-20T03:47:43.38692Z,945.00,0.0100,0.9900,no
086c170a-5e3d-74c4-1669-4e7fd5e7c69f,KXNCAAF-26-OKL,2025-12-20T03:47:43.38692Z,5.00,0.0100,0.9900,no
76df9814-8117-675f-2259-2ec7daf2267d,KXNCAAF-26-OKL,2025-12-20T03:47:37.315653Z,185.00,0.0100,0.9900,no
038d79a9-f050-7239-0272-72d99b4a42b5,KXNCAAF-26-OKL,2025-12-20T03:42:50.37868Z,200.00,0.0300,0.9700,yes
b78fac60-bac4-4aa5-395e-0e0f1db8d9dd,KXNCAAF-26-OKL,2025-12-20T03:42:11.333062Z,287.00,0.0300,0.9700,yes
8e4c818d-37ea-43e8-993e-7788d1be5b9b,KXNCAAF-26-OKL,2025-12-20T03:41:45.580059Z,10.00,0.0200,0.9800,yes
76e25907-5163-7f4b-84c6-ba8033ee9939,KXNCAAF-26-OKL,2025-12-20T03:40:32.869148Z,117.00,0.0100,0.9900,no
e49e1ba8-98c3-452f-a35a-a74dc358ed41,KXNCAAF-26-OKL,2025-12-20T03:38:13.46408Z,10.00,0.0100,0.9900,no
eb5ed086-0d8d-54e2-9485-ee27ed4bee06,KXNCAAF-26-OKL,2025-12-20T03:38:10.852059Z,56.00,0.0300,0.9700,yes
871d4db6-3e34-54e1-90b2-5c355a58aa31,KXNCAAF-26-OKL,2025-12-20T03:38:10.852059Z,194.00,0.0300,0.9700,yes
ba731c5f-a6e3-448b-82c8-f7196ce3859d,KXNCAAF-26-OKL,2025-12-20T03:37:23.0347Z,743.00,0.0100,0.9900,no
34dbfc96-465f-4e5a-8b12-c9e2fd5e3e94,KXNCAAF-26-OKL,2025-12-20T03:37:23.0347Z,429.00,0.0100,0.9900,no
a3eb8cd3-aa39-712d-350d-25578b69615b,KXNCAAF-26-OKL,2025-12-20T03:36:19.098046Z,138.00,0.0100,0.9900,no
a124e71e-3c8b-7cef-0c88-67d6e058524e,KXNCAAF-26-OKL,2025-12-20T03:36:19.098046Z,331.00,0.0100,0.9900,no
8a9a3766-1a59-7b14-3196-2cdd027bea5e,KXNCAAF-26-OKL,2025-12-20T03:36:19.098046Z,113.00,0.0200,0.9800,no
3e21eeca-0137-7f08-3d56-28eb4171e87a,KXNCAAF-26-OKL,2025-12-20T03:36:19.098046Z,407.00,0.0100,0.9900,no
105a6223-ed7f-7032-3a81-269f7006a49c,KXNCAAF-26-OKL,2025-12-20T03:36:19.098046Z,571.00,0.0100,0.9900,no
7df8c855-e109-6ac0-3d63-168019106f1e,KXNCAAF-26-OKL,2025-12-20T03:35:56.500415Z,269.00,0.0200,0.9800,no
479d5e47-f4c9-43d8-6fdc-439935eeba4e,KXNCAAF-26-OKL,2025-12-20T03:35:44.862672Z,118.00,0.0200,0.9800,no
b2260fcd-43ce-7510-9545-3bf0a0df4b4c,KXNCAAF-26-OKL,2025-12-20T03:34:05.639539Z,50.00,0.0200,0.9800,no
13343959-3301-745e-5cec-de45db0e375a,KXNCAAF-26-OKL,2025-12-20T03:32:19.913437Z,36.00,0.0300,0.9700,yes
f9bd5851-0082-6260-49ab-17184eb402fc,KXNCAAF-26-OKL,2025-12-20T03:31:26.576879Z,400.00,0.0200,0.9800,no
ffab6dd2-35d9-7382-3adb-3d045197c472,KXNCAAF-26-OKL,2025-12-20T03:29:51.0653Z,25.00,0.0300,0.9700,yes
bc9c2140-58ee-6e84-0145-b203baafb560,KXNCAAF-26-OKL,2025-12-20T03:29:02.102635Z,46.00,0.0200,0.9800,no
ed02157e-c3d8-4269-9858-42e38c0ca48c,KXNCAAF-26-OKL,2025-12-20T03:27:22.787065Z,156.00,0.0300,0.9700,yes
910af123-93d2-4634-f902-30331bb1dba4,KXNCAAF-26-OKL,2025-12-20T03:26:28.146639Z,125.00,0.0200,0.9800,no
6f8969d5-f5be-6964-64b8-0c89306be1d0,KXNCAAF-26-OKL,2025-12-20T03:25:57.59213Z,12000.00,0.0200,0.9800,no
919719cf-034a-71a0-b6bd-5de69dbcf23c,KXNCAAF-26-OKL,2025-12-20T03:23:37.56148Z,292.00,0.0200,0.9800,no
820bb64a-32d0-73d4-b79a-95c89a4b5615,KXNCAAF-26-OKL,2025-12-20T03:23:37.56148Z,20.00,0.0200,0.9800,no
dabbcb8a-fd96-76b4-86af-1ac3cdd20692,KXNCAAF-26-OKL,2025-12-20T03:23:16.810377Z,428.00,0.0300,0.9700,no
03eb2036-63e9-74e0-ac24-6a8d1479cc50,KXNCAAF-26-OKL,2025-12-20T03:23:16.810377Z,42.00,0.0300,0.9700,no
a9956f27-100e-46f8-6106-bfd8c4fee0ee,KXNCAAF-26-OKL,2025-12-20T03:22:40.821812Z,572.00,0.0300,0.9700,no
47698141-aa1b-41a3-7274-21afa19117f7,KXNCAAF-26-OKL,2025-12-20T03:22:40.821812Z,36.00,0.0300,0.9700,no
318f934f-0d3e-5110-7c13-25b4db0f9b31,KXNCAAF-26-OKL,2025-12-20T03:15:13.787055Z,88.00,0.0500,0.9500,yes
07907df6-d4ae-6198-90ca-56a662463be1,KXNCAAF-26-OKL,2025-12-20T03:09:52.700124Z,450.00,0.0500,0.9500,yes
6d552e04-e85a-4f50-6f63-f4b04350a18d,KXNCAAF-26-OKL,2025-12-20T02:59:46.578512Z,5.00,0.0500,0.9500,yes
27e5e1a7-792a-5988-e046-ad6c0a344295,KXNCAAF-26-OKL,2025-12-20T02:53:40.324267Z,1199.00,0.0500,0.9500,yes
0bc1b329-6cb2-770c-28be-81b66ce60e29,KXNCAAF-26-OKL,2025-12-20T02:50:15.841533Z,92.00,0.0500,0.9500,yes
eb628a48-90ce-5304-e923-cde5941fa71d,KXNCAAF-26-OKL,2025-12-20T02:46:23.466256Z,22.00,0.0500,0.9500,yes
9a72d327-901b-509d-624c-82a92f014d08,KXNCAAF-26-OKL,2025-12-20T02:43:17.351564Z,100.00,0.0300,0.9700,no
a007444f-01c0-7eee-4e10-73943d9cbfa9,KXNCAAF-26-OKL,2025-12-20T02:43:08.658872Z,50.00,0.0300,0.9700,no
4216bdd7-2137-7ec1-6037-04397bd73cfc,KXNCAAF-26-OKL,2025-12-20T02:43:08.658872Z,511.00,0.0300,0.9700,no
e318e6b2-a50c-76a6-c768-cae56e8519c4,KXNCAAF-26-OKL,2025-12-20T02:40:14.838367Z,15.00,0.0600,0.9400,yes
e676180f-9fd8-7b4e-4008-b64a909fde24,KXNCAAF-26-OKL,2025-12-20T02:38:25.950534Z,156.00,0.0600,0.9400,yes
8aba7b28-0177-47e8-a9ca-3638352641dd,KXNCAAF-26-OKL,2025-12-20T02:34:45.111039Z,573.00,0.0400,0.9600,no
8faceec7-0af4-5746-bf83-560da52ef5cc,KXNCAAF-26-OKL,2025-12-20T02:32:45.321405Z,4258.00,0.0600,0.9400,yes
237f1fcd-78b7-543e-8fd1-d36fd0868ba8,KXNCAAF-26-OKL,2025-12-20T02:32:45.321405Z,574.00,0.0600,0.9400,yes
172dcf4b-758f-57d6-bbcb-35690f8022ad,KXNCAAF-26-OKL,2025-12-20T02:32:45.321405Z,250.00,0.0600,0.9400,yes
5b95c8c3-c70f-4386-7658-60acad2256cc,KXNCAAF-26-OKL,2025-12-20T02:26:00.42812Z,46.00,0.0600,0.9400,yes
91a48ee1-669f-73f4-e2dd-f2c8b41ea1f9,KXNCAAF-26-OKL,2025-12-20T02:21:49.705028Z,115.00,0.0400,0.9600,no
01e81ef9-366b-79ae-4dc8-4b3c8c18ed9c,KXNCAAF-26-OKL,2025-12-20T02:21:47.561365Z,15.00,0.0600,0.9400,yes
8be63f01-7c3f-7372-6745-cca914b15dd4,KXNCAAF-26-OKL,2025-12-20T02:18:24.422538Z,15.00,0.0600,0.9400,yes
535587dc-fa77-6fae-1986-0dc9e0c62b70,KXNCAAF-26-OKL,2025-12-20T02:14:46.605112Z,1172.00,0.0600,0.9400,yes
ec075d54-e1d3-630e-ccf5-e70acfb4f99c,KXNCAAF-26-OKL,2025-12-20T02:11:36.368697Z,200.00,0.0600,0.9400,yes
602b73d7-5817-6d16-9129-d996abd7a890,KXNCAAF-26-OKL,2025-12-20T02:10:17.064853Z,312.00,0.0600,0.9400,yes
fec94f0c-6567-631a-dc69-de6e5068b10c,KXNCAAF-26-OKL,2025-12-20T02:09:31.316403Z,185.00,0.0600,0.9400,yes
4c6c1641-49c7-5a8e-20b2-96c7503cd724,KXNCAAF-26-OKL,2025-12-20T02:09:20.136165Z,31.00,0.0600,0.9400,yes
ad8530f8-a8d7-4cb6-b6ed-c288fc068320,KXNCAAF-26-OKL,2025-12-20T02:08:31.4836Z,200.00,0.0600,0.9400,yes
9bbd6df8-5d3b-7cfe-541e-9d966b37ef3c,KXNCAAF-26-OKL,2025-12-20T02:07:57.814781Z,1250.00,0.0600,0.9400,yes
26cc4c01-2cb7-60fa-5021-7b2cc38d7e5a,KXNCAAF-26-OKL,2025-12-20T02:06:34.397242Z,100.00,0.0700,0.9300,yes
0e377f4a-9e5f-4ca6-2bfc-ac49037cbc16,KXNCAAF-26-OKL,2025-12-20T02:06:23.13582Z,198.00,0.0700,0.9300,yes
f6c56853-fa43-412e-cdc9-9393a42ec7d2,KXNCAAF-26-OKL,2025-12-20T02:06:15.210552Z,107.00,0.0700,0.9300,yes
8382459d-2897-59d6-9b7a-729bdfb32156,KXNCAAF-26-OKL,2025-12-20T02:06:06.066501Z,10.00,0.0700,0.9300,yes
5284e42a-3f57-5a92-d609-37ca4748dc2a,KXNCAAF-26-OKL,2025-12-20T02:06:02.419089Z,50.00,0.0700,0.9300,yes
a4b16fc7-4ba6-5538-537c-c319810e4e2a,KXNCAAF-26-OKL,2025-12-20T02:05:34.067814Z,876.00,0.0600,0.9400,no
60b2db9c-d86b-5503-4e4e-e5c4b7bc64bb,KXNCAAF-26-OKL,2025-12-20T02:05:34.067814Z,684.00,0.0500,0.9500,no
8b26acf2-5cf3-637a-02e5-456b8d773616,KXNCAAF-26-OKL,2025-12-20T02:04:59.325018Z,394.00,0.0700,0.9300,yes
763128e5-b887-57e2-25d8-1c1d0c47787a,KXNCAAF-26-OKL,2025-12-20T02:04:31.535631Z,281.00,0.0700,0.9300,yes
96a9d5c0-3f83-745a-3158-c2ae3628707a,KXNCAAF-26-OKL,2025-12-20T02:04:16.202196Z,1666.00,0.0700,0.9300,yes
86438f44-fe4f-55c6-ee14-6b9af6075f56,KXNCAAF-26-OKL,2025-12-20T02:04:11.654878Z,224.00,0.0700,0.9300,yes
be4f10e9-1ac3-7286-1c8d-ec672b2fe422,KXNCAAF-26-OKL,2025-12-20T02:04:05.832545Z,26.00,0.0700,0.9300,yes
ad0e1be2-f6f3-413e-1498-76ce1f8b2e52,KXNCAAF-26-OKL,2025-12-20T02:04:04.680216Z,6.00,0.0700,0.9300,yes
097dc1ab-4eb3-555e-4d2c-61775f450276,KXNCAAF-26-OKL,2025-12-20T02:04:00.847484Z,134.00,0.0700,0.9300,yes
97249c07-ab53-4876-d650-c79defc59fce,KXNCAAF-26-OKL,2025-12-20T02:03:42.593155Z,350.00,0.0700,0.9300,yes
abac3b6d-3896-6cf8-fd01-a8aa9136213e,KXNCAAF-26-OKL,2025-12-20T02:03:37.493932Z,624.00,0.0600,0.9400,no
6ff774ee-815f-5e42-d1cd-3e0de6b64612,KXNCAAF-26-OKL,2025-12-20T02:03:35.567916Z,65.00,0.0700,0.9300,yes
3a53fc44-6677-510e-7824-ff970ad80426,KXNCAAF-26-OKL,2025-12-20T02:03:21.954438Z,263.00,0.0700,0.9300,yes
6dd30823-0fc3-7026-d204-5a0abe6114c6,KXNCAAF-26-OKL,2025-12-20T02:03:21.732269Z,134.00,0.0700,0.9300,yes
396bbac1-a4df-49aa-8c13-2961764e02e2,KXNCAAF-26-OKL,2025-12-20T02:03:02.311945Z,100.00,0.0700,0.9300,yes
db928194-1c53-6071-8f29-7c24a020edce,KXNCAAF-26-OKL,2025-12-20T02:02:45.872223Z,120.00,0.0700,0.9300,yes
7d28841b-71c3-6c22-b537-dd7502993996,KXNCAAF-26-OKL,2025-12-20T02:02:45.872223Z,148.00,0.0700,0.9300,yes
2cc74dc4-e1c7-670d-ac7b-291740ee008a,KXNCAAF-26-OKL,2025-12-20T02:02:41.612106Z,6.00,0.0700,0.9300,yes
4195b8d2-e847-6b1d-953e-fbf3c62d6f1e,KXNCAAF-26-OKL,2025-12-20T02:02:41.017498Z,25.00,0.0700,0.9300,yes
6cd5b347-0bc3-6a01-3522-8a21f1fb8b52,KXNCAAF-26-OKL,2025-12-20T02:02:37.751079Z,26.00,0.0700,0.9300,yes
411abd1d-402f-4b51-a673-dee19ee38d12,KXNCAAF-26-OKL,2025-12-20T02:01:54.916961Z,53.00,0.0700,0.9300,yes
4f828ae1-a997-40d5-b60b-4c159fb27456,KXNCAAF-26-OKL,2025-12-20T02:01:34.94147Z,20.00,0.0700,0.9300,yes
bb5485c6-8e57-4d35-ea4d-968ba17de1e2,KXNCAAF-26-OKL,2025-12-20T02:01:25.199932Z,200.00,0.0700,0.9300,yes
ec10021e-c97b-4701-cf3d-8838ec146ffa,KXNCAAF-26-OKL,2025-12-20T02:01:20.717404Z,50.00,0.0700,0.9300,yes
acaaf678-e262-4464-6221-92e82ef0074c,KXNCAAF-26-OKL,2025-12-20T02:00:53.54433Z,250.00,0.0600,0.9400,yes
f5a93203-be92-6020-8f18-631abb141eb8,KXNCAAF-26-OKL,2025-12-20T02:00:44.108727Z,5000.00,0.0600,0.9400,yes
225d2fd7-405e-4b38-fc07-5c510103b894,KXNCAAF-26-OKL,2025-12-20T02:00:24.334232Z,20.00,0.0600,0.9400,yes
5fe5cccc-0a66-7794-e02e-94311a043e4c,KXNCAAF-26-OKL,2025-12-20T02:00:10.183565Z,20.00,0.0600,0.9400,yes
63891b52-4fd6-67c0-e6ea-2f7144c1065c,KXNCAAF-26-OKL,2025-12-20T01:59:33.843947Z,125.00,0.0600,0.9400,yes
d4c24deb-301e-6538-6067-a64e4cd125d8,KXNCAAF-26-OKL,2025-12-20T01:59:31.112103Z,312.00,0.0600,0.9400,yes
063a489d-8afe-4a74-6616-338d90b7d810,KXNCAAF-26-OKL,2025-12-20T01:59:11.871019Z,1.00,0.0600,0.9400,yes
00dcabdb-61ba-4a08-98df-367aa2f21b1c,KXNCAAF-26-OKL,2025-12-20T01:59:00.730592Z,168.00,0.0600,0.9400,yes
a0f2208a-d17e-6128-e500-920b5f79600c,KXNCAAF-26-OKL,2025-12-20T01:58:57.981479Z,156.00,0.0600,0.9400,yes
811721fa-9cd2-4644-4f94-c194a2ce09a0,KXNCAAF-26-OKL,2025-12-20T01:56:20.627129Z,1536.00,0.0600,0.9400,yes
73a399cd-25ca-78f2-c75c-473f1e9a9e42,KXNCAAF-26-OKL,2025-12-20T01:56:18.539628Z,932.00,0.0600,0.9400,no
04a5effc-19d7-5c65-3c62-70c1055b5ed6,KXNCAAF-26-OKL,2025-12-20T01:55:29.335249Z,37.00,0.0700,0.9300,yes
6e0f0a94-24de-6612-cb6e-5ed63973cada,KXNCAAF-26-OKL,2025-12-20T01:54:17.712443Z,26.00,0.0600,0.9400,no
c6b94230-43a7-6375-7096-74bcba1600ae,KXNCAAF-26-OKL,2025-12-20T01:53:48.202153Z,201.00,0.0700,0.9300,yes
6ee19d08-711a-7e12-23a8-7b5f189b5f1e,KXNCAAF-26-OKL,2025-12-20T01:53:22.17185Z,15.00,0.0600,0.9400,no
6a483bd0-0436-6d2a-1f09-c78e12c38032,KXNCAAF-26-OKL,2025-12-20T01:53:17.726495Z,15.00,0.0600,0.9400,no
9d4fbd58-108f-47a9-7213-9dc9ad2cf686,KXNCAAF-26-OKL,2025-12-20T01:53:06.787211Z,151.00,0.0700,0.9300,yes
3afcc308-b176-45a7-6f1b-69482e325d3d,KXNCAAF-26-OKL,2025-12-20T01:53:06.787211Z,50.00,0.0700,0.9300,yes
80dbf17e-b48e-4cf6-1c48-f366eae38806,KXNCAAF-26-OKL,2025-12-20T01:52:38.023356Z,27.00,0.0600,0.9400,no
7f5ff36e-5e04-4a34-6ae0-53f1b9035396,KXNCAAF-26-OKL,2025-12-20T01:52:17.215289Z,9395.00,0.0600,0.9400,yes
7e70d597-237e-49a5-7c37-2c1d82323825,KXNCAAF-26-OKL,2025-12-20T01:52:17.215289Z,10220.00,0.0600,0.9400,yes
5958f53c-46d9-43a3-447a-ecd5966182fd,KXNCAAF-26-OKL,2025-12-20T01:52:17.215289Z,299.00,0.0600,0.9400,yes
54cc5ee3-a7e1-46f7-4702-f3425a98fb1f,KXNCAAF-26-OKL,2025-12-20T01:52:17.215289Z,250.00,0.0600,0.9400,yes
2251d3d4-6af6-46f1-7268-2ce59f855371,KXNCAAF-26-OKL,2025-12-20T01:51:58.962872Z,15.00,0.0600,0.9400,yes
c2401e6f-e3f6-5139-1d23-96172ad8ec15,KXNCAAF-26-OKL,2025-12-20T01:51:53.680873Z,1000.00,0.0600,0.9400,yes
1439ad16-1016-7c3d-a7b5-4655fb898c65,KXNCAAF-26-OKL,2025-12-20T01:50:58.565921Z,312.00,0.0600,0.9400,yes
dc2a4e16-cf22-7f85-2517-5fd8f0b12a4d,KXNCAAF-26-OKL,2025-12-20T01:50:43.485551Z,625.00,0.0600,0.9400,yes
93c48114-3126-61ed-9b71-ae53c4aae761,KXNCAAF-26-OKL,2025-12-20T01:49:43.39789Z,156.00,0.0600,0.9400,yes
a1741da6-412e-5ffd-d6ff-c5d4f21d3851,KXNCAAF-26-OKL,2025-12-20T01:49:32.078677Z,500.00,0.0600,0.9400,yes
3b758173-842a-4d7d-440d-c6e606fbbfa9,KXNCAAF-26-OKL,2025-12-20T01:48:42.064239Z,177.00,0.0600,0.9400,yes
93b88f96-f8fb-42a4-df02-c8a597c3c5a5,KXNCAAF-26-OKL,2025-12-20T01:48:35.780935Z,156.00,0.0400,0.9600,no
cc95740a-f8e2-4c31-3477-d5d5ac07b8a9,KXNCAAF-26-OKL,2025-12-20T01:47:40.278247Z,156.00,0.0600,0.9400,yes
105e2873-00e2-57ad-9b7b-6647e3dcdc95,KXNCAAF-26-OKL,2025-12-20T01:47:30.362771Z,18.00,0.0600,0.9400,yes
0141de1f-2b26-5479-e549-eb00b1b3d665,KXNCAAF-26-OKL,2025-12-20T01:47:04.511177Z,1563.00,0.0600,0.9400,yes
b479ce26-fb57-7a54-d117-044ce31b45bd,KXNCAAF-26-OKL,2025-12-20T01:46:41.27257Z,156.00,0.0400,0.9600,no
4a5bd2ba-4876-6095-bbb3-95fa661498c1,KXNCAAF-26-OKL,2025-12-20T01:46:35.811404Z,250.00,0.0600,0.9400,yes
f154566c-130c-4cee-5d60-d578d413b570,KXNCAAF-26-OKL,2025-12-20T01:45:07.196598Z,72.00,0.0600,0.9400,yes
d95562a1-6942-4d95-634c-bfa35f7b5c41,KXNCAAF-26-OKL,2025-12-20T01:45:07.196598Z,8.00,0.0600,0.9400,yes
036347c8-45f8-54ca-9dc4-5f5cee980d80,KXNCAAF-26-OKL,2025-12-20T01:44:58.974584Z,1563.00,0.0600,0.9400,yes
c2f02555-c350-4532-1a31-d45bc5a35a14,KXNCAAF-26-OKL,2025-12-20T01:43:37.393261Z,200.00,0.0600,0.9400,yes
858e2b2b-3e00-7c7e-803b-8bc2c629d6cc,KXNCAAF-26-OKL,2025-12-20T01:43:20.177508Z,62.00,0.0600,0.9400,yes
ead56b86-1e2c-4953-3269-ccc8544e977e,KXNCAAF-26-OKL,2025-12-20T01:43:02.735695Z,7.00,0.0600,0.9400,yes
b72caf82-4628-44aa-2ed5-08d2e739cfa4,KXNCAAF-26-OKL,2025-12-20T01:43:02.735695Z,603.00,0.0600,0.9400,yes
3e4d877f-c396-476a-1a1d-6d661cd08dac,KXNCAAF-26-OKL,2025-12-20T01:43:02.735695Z,10.00,0.0600,0.9400,yes
1558dece-0c84-42f0-3688-ef31236cdd23,KXNCAAF-26-OKL,2025-12-20T01:43:02.735695Z,5.00,0.0600,0.9400,yes
6b6e3a47-e98a-489e-91d6-f9f1821828d3,KXNCAAF-26-OKL,2025-12-20T01:42:24.457421Z,393.00,0.0500,0.9500,yes
1a800e84-2f9a-722a-c5fe-cba82857c10b,KXNCAAF-26-OKL,2025-12-20T01:41:16.722598Z,1200.00,0.0500,0.9500,yes
b78180e3-d776-7fe6-ce06-4cebaa68a753,KXNCAAF-26-OKL,2025-12-20T01:40:44.385875Z,142.00,0.0500,0.9500,yes
4dd1dcdc-6f3a-731e-76c5-928dc6a76003,KXNCAAF-26-OKL,2025-12-20T01:40:44.015314Z,41.00,0.0500,0.9500,yes
10ec8adb-5e0e-58f6-f491-17624d5c019b,KXNCAAF-26-OKL,2025-12-20T01:40:33.472438Z,375.00,0.0500,0.9500,yes
b9b7290e-5d4a-4826-1743-2285922643d7,KXNCAAF-26-OKL,2025-12-20T01:40:17.663844Z,562.00,0.0500,0.9500,yes
aec5a15e-2766-4c9a-4f50-70ce6a69197f,KXNCAAF-26-OKL,2025-12-20T01:39:39.87986Z,2.00,0.0500,0.9500,yes
96669599-575e-5c12-dd7a-33e5d9d8ffeb,KXNCAAF-26-OKL,2025-12-20T01:39:22.958433Z,371.00,0.0500,0.9500,yes
e2d30f42-1e8a-6cfa-b3a4-994ebf9710e7,KXNCAAF-26-OKL,2025-12-20T01:38:15.682897Z,468.00,0.0500,0.9500,yes
0137b761-dc46-41a2-3419-2b543264d7cf,KXNCAAF-26-OKL,2025-12-20T01:37:53.038075Z,285.00,0.0500,0.9500,yes
7da1d856-d3be-6472-c858-d92bd899981f,KXNCAAF-26-OKL,2025-12-20T01:37:33.065089Z,200.00,0.0500,0.9500,yes
81d4199b-6816-7892-1cf6-e24dd09c24e3,KXNCAAF-26-OKL,2025-12-20T01:37:03.992039Z,1000.00,0.0500,0.9500,yes
2d3ec44a-bb66-76ba-12cf-44d3f483f98b,KXNCAAF-26-OKL,2025-12-20T01:36:59.089632Z,7.00,0.0500,0.9500,yes
1037e210-299e-791e-6e9c-b3a5a0462057,KXNCAAF-26-OKL,2025-12-20T01:36:50.027573Z,28.00,0.0500,0.9500,yes
bc51307f-f612-6fca-7f54-3a70b3a77bcb,KXNCAAF-26-OKL,2025-12-20T01:36:48.495184Z,75.00,0.0500,0.9500,yes
12cb8e59-3ff6-7a4e-d772-fd9104ccecab,KXNCAAF-26-OKL,2025-12-20T01:35:38.996419Z,93.00,0.0500,0.9500,yes
13c8aaff-b0c2-5fa6-3ea6-8762d6152377,KXNCAAF-26-OKL,2025-12-20T01:35:02.934558Z,14.00,0.0500,0.9500,yes
5c1802c6-f886-6bb2-3463-9e0ec9f387f3,KXNCAAF-26-OKL,2025-12-20T01:34:22.744605Z,214.00,0.0500,0.9500,yes
17b95457-98e2-45b6-a09d-fedc578e52c3,KXNCAAF-26-OKL,2025-12-20T01:34:03.660092Z,1865.00,0.0500,0.9500,yes
00f474ff-95d2-41aa-6155-e18ad909bbd7,KXNCAAF-26-OKL,2025-12-20T01:33:54.975748Z,200.00,0.0500,0.9500,yes
39ecc7e7-67fa-5ea2-5572-15fa4de66bdb,KXNCAAF-26-OKL,2025-12-20T01:33:09.168761Z,1000.00,0.0500,0.9500,yes
2f2731cf-0d7e-7f6a-4719-719004d8907f,KXNCAAF-26-OKL,2025-12-20T01:32:55.604851Z,37.00,0.0500,0.9500,yes
53434f1b-166a-713e-8573-20e164befa83,KXNCAAF-26-OKL,2025-12-20T01:32:25.301752Z,599.00,0.0500,0.9500,yes
ce6b73f8-526e-6052-e1b9-61dc737cc073,KXNCAAF-26-OKL,2025-12-20T01:32:03.127336Z,93.00,0.0500,0.9500,yes
61c05c7f-0cb2-7642-6191-9c03629dfad7,KXNCAAF-26-OKL,2025-12-20T01:31:54.916449Z,200.00,0.0500,0.9500,yes
54a1b5de-71c2-7722-e345-2c84cada31bf,KXNCAAF-26-OKL,2025-12-20T01:31:48.390791Z,195.00,0.0500,0.9500,yes
e02be7b4-7f58-4309-d4e2-36c56a4264df,KXNCAAF-26-OKL,2025-12-20T01:31:46.757887Z,359.00,0.0500,0.9500,yes
02dbe916-74aa-48c2-d010-a059fc1fb0b7,KXNCAAF-26-OKL,2025-12-20T01:31:46.757887Z,341.00,0.0500,0.9500,yes
c0ded9bc-5810-78e5-8b66-24b81c21f6f7,KXNCAAF-26-OKL,2025-12-20T01:31:40.037752Z,441.00,0.0500,0.9500,yes
1504b10c-3148-7e52-aa24-fa7cbe8df796,KXNCAAF-26-OKL,2025-12-20T01:31:40.037752Z,459.00,0.0500,0.9500,yes
fd800b65-2a1c-5578-ebd1-03ed6c0d5c3f,KXNCAAF-26-OKL,2025-12-20T01:30:45.62544Z,150.00,0.0500,0.9500,yes
657ecbe1-5348-5402-e00e-b72595872b02,KXNCAAF-26-OKL,2025-12-20T01:30:45.62544Z,1341.00,0.0500,0.9500,yes
17826b42-b399-5e48-e4e7-f6e4d59922c6,KXNCAAF-26-OKL,2025-12-20T01:30:45.62544Z,365.00,0.0500,0.9500,yes
30b66f81-ff51-78a0-596b-0a050f4cb40a,KXNCAAF-26-OKL,2025-12-20T01:30:15.980704Z,206.00,0.0500,0.9500,yes
371ee932-8c21-7e28-df1d-2f6c2d2c4f4a,KXNCAAF-26-OKL,2025-12-20T01:29:34.373301Z,150.00,0.0500,0.9500,yes
b0ff24d0-7049-4438-066c-4a3b703e007e,KXNCAAF-26-OKL,2025-12-20T01:29:27.176244Z,5.00,0.0500,0.9500,yes
ffc6f983-8035-55b8-1640-040613828df2,KXNCAAF-26-OKL,2025-12-20T01:28:32.521798Z,41.00,0.0500,0.9500,yes
f46a3f2c-1669-7204-64b5-d95d52f501a6,KXNCAAF-26-OKL,2025-12-20T01:25:29.179516Z,15.00,0.0500,0.9500,yes
ffe66563-639e-6ec5-f0b6-c679ab01b936,KXNCAAF-26-OKL,2025-12-20T01:16:03.35128Z,7.00,0.0500,0.9500,yes
f6aa1e42-b25f-6eb9-d196-5edfca3c0d18,KXNCAAF-26-OKL,2025-12-20T01:16:03.35128Z,7.00,0.0500,0.9500,yes
f4b93942-2a7b-608b-e6ae-17d73c0082de,KXNCAAF-26-OKL,2025-12-20T01:16:03.35128Z,1.00,0.0400,0.9600,yes
f0f2cbdc-66e7-61bf-cca1-79b7d887c274,KXNCAAF-26-OKL,2025-12-20T01:16:03.35128Z,2.00,0.0500,0.9500,yes
d999a053-e482-6050-d22c-790a52ad0b6a,KXNCAAF-26-OKL,2025-12-20T01:16:03.35128Z,1.00,0.0400,0.9600,yes
d7e42443-b394-6f18-f955-c7e97e4e43c3,KXNCAAF-26-OKL,2025-12-20T01:16:03.35128Z,5.00,0.0300,0.9700,yes
d66563dd-f6c8-6201-dd57-64c0a4b95024,KXNCAAF-26-OKL,2025-12-20T01:16:03.35128Z,9.00,0.0400,0.9600,yes
b495a52d-a1a5-6b1e-d6ab-c64ae2db324c,KXNCAAF-26-OKL,2025-12-20T01:16:03.35128Z,8.00,0.0400,0.9600,yes
ae00c117-7868-601c-f2f8-edfc05d0581d,KXNCAAF-26-OKL,2025-12-20T01:16:03.35128Z,3.00,0.0400,0.9600,yes
a9e9916a-a8c1-6354-c0d1-133cd832c97e,KXNCAAF-26-OKL,2025-12-20T01:16:03.35128Z,50.00,0.0400,0.9600,yes
957efbd9-7273-6a16-c170-c8eea3387e3d,KXNCAAF-26-OKL,2025-12-20T01:16:03.35128Z,3.00,0.0400,0.9600,yes
7bad534c-7af2-6ea1-ec49-222010ba01d9,KXNCAAF-26-OKL,2025-12-20T01:16:03.35128Z,31.00,0.0500,0.9500,yes
758db718-b6e9-62f8-d930-83564a35290e,KXNCAAF-26-OKL,2025-12-20T01:16:03.35128Z,218.00,0.0500,0.9500,yes
7570d564-c87e-6694-f6ef-fedf9fb7e648,KXNCAAF-26-OKL,2025-12-20T01:16:03.35128Z,3.00,0.0400,0.9600,yes
6579be41-7f22-65c9-e7a7-18847b4b18e8,KXNCAAF-26-OKL,2025-12-20T01:16:03.35128Z,4.00,0.0400,0.9600,yes
4509e01f-14f6-65cb-ffe0-2505caef4eaf,KXNCAAF-26-OKL,2025-12-20T01:16:03.35128Z,2.00,0.0400,0.9600,yes
3cb0318e-77c7-6f88-cd15-e536cd2138b2,KXNCAAF-26-OKL,2025-12-20T01:16:03.35128Z,1.00,0.0500,0.9500,yes
1331139d-bbfc-6f90-d062-a00e653bc74c,KXNCAAF-26-OKL,2025-12-20T01:16:03.35128Z,10.00,0.0500,0.9500,yes
0d707b1a-96b4-6dae-f7de-8925580c6e8e,KXNCAAF-26-OKL,2025-12-20T01:16:03.35128Z,6.00,0.0500,0.9500,yes
08e5f587-7b8c-69d8-ca3f-52d524be38c2,KXNCAAF-26-OKL,2025-12-20T01:16:03.35128Z,4.00,0.0500,0.9500,yes
4affa891-7501-6ce9-b710-bb01b7259eab,KXNCAAF-26-OKL,2025-12-20T01:13:27.456282Z,120.00,0.0300,0.9700,yes
baea9b9f-23c9-470d-d550-40ba004dd43b,KXNCAAF-26-OKL,2025-12-20T01:12:47.92088Z,200.00,0.0300,0.9700,yes
fcf94a7b-80dc-4d75-2ccd-7add8e385484,KXNCAAF-26-OKL,2025-12-20T01:11:31.445013Z,200.00,0.0300,0.9700,yes
794af4a1-1d44-40a1-25bc-e6d3165224fc,KXNCAAF-26-OKL,2025-12-20T01:11:31.445013Z,100.00,0.0300,0.9700,yes
6807f648-3e94-42ce-0c0d-319e115d9d30,KXNCAAF-26-OKL,2025-12-20T01:11:31.445013Z,24933.00,0.0300,0.9700,yes
52a56554-1825-497d-0779-15ee04ad83d7,KXNCAAF-26-OKL,2025-12-20T01:11:31.445013Z,3063.00,0.0300,0.9700,yes
3b980066-fb03-4c56-39ff-635096c5ce2d,KXNCAAF-26-OKL,2025-12-20T01:11:31.445013Z,6404.00,0.0300,0.9700,yes
2e031ef9-f234-4d8d-2174-2a19a111c179,KXNCAAF-26-OKL,2025-12-20T01:11:31.445013Z,4500.00,0.0300,0.9700,yes
0fe4b6f0-b1f3-4062-0061-a71bf1c14c0d,KXNCAAF-26-OKL,2025-12-20T01:11:31.445013Z,800.00,0.0300,0.9700,yes
ce4ce0d3-7480-5b96-ffeb-52b9d66241b0,KXNCAAF-26-OKL,2025-12-20T01:09:34.243742Z,52.00,0.0300,0.9700,yes
cada0517-78f8-4102-09d8-94a9a121df20,KXNCAAF-26-OKL,2025-12-20T01:06:29.548879Z,15.00,0.0300,0.9700,yes
74848612-00fa-5251-bbf4-8322a9c77cf5,KXNCAAF-26-OKL,2025-12-20T01:03:25.530473Z,500.00,0.0300,0.9700,yes
9bc47a0e-9966-745d-5700-6eb96c8c02a1,KXNCAAF-26-OKL,2025-12-20T01:02:02.547919Z,911.00,0.0300,0.9700,yes
c55de602-c57a-4229-4003-87a50d53e721,KXNCAAF-26-OKL,2025-12-20T01:01:55.405364Z,100.00,0.0300,0.9700,yes
97c48301-1002-6a9d-fc18-a731286578fd,KXNCAAF-26-OKL,2025-12-20T00:59:41.072363Z,400.00,0.0300,0.9700,yes
c399ede3-b3d2-4bc5-98bd-193f3485df15,KXNCAAF-26-OKL,2025-12-20T00:59:16.071928Z,1003.00,0.0300,0.9700,yes
73f10039-f5f6-48a1-3334-debf1a6f1491,KXNCAAF-26-OKL,2025-12-20T00:58:40.508928Z,5000.00,0.0300,0.9700,yes
19af9b3f-1902-6295-fda0-8147242cc135,KXNCAAF-26-OKL,2025-12-20T00:48:32.61101Z,200.00,0.0300,0.9700,yes
63defaaa-224a-748d-3ce3-0a6b12f6b1d9,KXNCAAF-26-OKL,2025-12-20T00:48:12.908437Z,166.00,0.0300,0.9700,yes
bad66468-9be2-4d5d-b126-db1534937d0d,KXNCAAF-26-OKL,2025-12-20T00:47:55.947649Z,111.00,0.0300,0.9700,yes
e3b5e818-6a76-7699-2e45-91150be91c4d,KXNCAAF-26-OKL,2025-12-20T00:44:54.901189Z,4000.00,0.0300,0.9700,yes
d41375c0-760a-56bd-dd0e-97f66af7b831,KXNCAAF-26-OKL,2025-12-20T00:43:30.084377Z,111.00,0.0300,0.9700,yes
edc73a1f-4746-5989-4627-c2457afd7ed9,KXNCAAF-26-OKL,2025-12-20T00:43:21.851488Z,10.00,0.0300,0.9700,yes
11a57972-28c6-4dad-92bf-3c7689b0e5f9,KXNCAAF-26-OKL,2025-12-20T00:38:29.163085Z,100.00,0.0300,0.9700,yes
414ef82c-de82-6ad9-9bef-bca1cf61015d,KXNCAAF-26-OKL,2025-12-20T00:37:09.661382Z,20.00,0.0300,0.9700,yes
cd0b87ad-d962-4e69-9966-5b355c8e8845,KXNCAAF-26-OKL,2025-12-20T00:35:05.771008Z,499.00,0.0300,0.9700,yes
c0c1c75e-4516-53c9-ca0a-8fc10ac8db29,KXNCAAF-26-OKL,2025-12-20T00:33:57.025097Z,403.00,0.0300,0.9700,yes
3a58932e-1da6-4b01-651a-037184571025,KXNCAAF-26-OKL,2025-12-20T00:32:43.607216Z,150.00,0.0300,0.9700,yes
996e4b2f-4bd6-5ae9-ae4a-f0752391c8c5,KXNCAAF-26-OKL,2025-12-20T00:29:49.355825Z,3121.00,0.0300,0.9700,yes
b89cffdb-a0e6-7361-6593-333f547a7671,KXNCAAF-26-OKL,2025-12-20T00:27:34.881943Z,800.00,0.0300,0.9700,yes
06c67a30-6c02-6ba5-ea18-7e969f751efd,KXNCAAF-26-OKL,2025-12-20T00:20:46.416167Z,20.00,0.0300,0.9700,yes
5f2e72c5-b442-7639-1727-9cc57d471cb5,KXNCAAF-26-OKL,2025-12-20T00:15:32.417572Z,312.00,0.0300,0.9700,yes
d845b756-ca7e-4001-831f-fe2181b52a09,KXNCAAF-26-OKL,2025-12-20T00:12:57.087793Z,100.00,0.0300,0.9700,yes
b438c070-b282-669d-fca9-b416d241c745,KXNCAAF-26-OKL,2025-12-20T00:12:05.481053Z,737.00,0.0300,0.9700,yes
dfe3cb2c-366e-40c1-39cc-2be0f2c75835,KXNCAAF-26-OKL,2025-12-20T00:06:28.434912Z,200.00,0.0300,0.9700,yes
a19a1ebb-2fca-68ed-5797-6c89ce934751,KXNCAAF-26-OKL,2025-12-20T00:06:21.725686Z,5.00,0.0300,0.9700,yes
778c60cc-1636-4219-9e08-102e42dbee85,KXNCAAF-26-OKL,2025-12-19T23:52:59.466673Z,312.00,0.0300,0.9700,yes
fdcfce3e-c6fa-69d5-c803-d65d53b13905,KXNCAAF-26-OKL,2025-12-19T23:46:46.031634Z,156.00,0.0300,0.9700,yes
9224fe8e-fac2-7ad5-4adb-7d08eb75300d,KXNCAAF-26-OKL,2025-12-19T23:40:39.033942Z,7803.00,0.0300,0.9700,yes
d065795b-6472-5bb1-498b-1c2dc4cb9635,KXNCAAF-26-OKL,2025-12-19T23:37:05.06935Z,300.00,0.0300,0.9700,yes
6b8072b2-7906-5239-94a3-7b0a952d69ad,KXNCAAF-26-OKL,2025-12-19T23:34:49.854601Z,62.00,0.0300,0.9700,yes
4d030f50-b00a-68e9-4202-7625270cdb6d,KXNCAAF-26-OKL,2025-12-19T23:31:44.904327Z,1500.00,0.0300,0.9700,yes
308a306c-7886-5cd5-1ca2-be977a7f8631,KXNCAAF-26-OKL,2025-12-19T23:24:22.902318Z,20000.00,0.0300,0.9700,yes
39d0f1a2-38c2-71f1-13fb-3c7f00eb95d9,KXNCAAF-26-OKL,2025-12-19T22:58:03.486906Z,25.00,0.0300,0.9700,yes
6e68834d-4ab2-55dd-ced7-5fee61353ca9,KXNCAAF-26-OKL,2025-12-19T22:56:23.733921Z,2000.00,0.0300,0.9700,yes
c8c6befa-68c6-7935-7ed3-5e0fcfe1e4cd,KXNCAAF-26-OKL,2025-12-19T22:54:20.83086Z,1560.00,0.0300,0.9700,yes
08ce9e89-a3c2-51f1-d4f7-925620b67555,KXNCAAF-26-OKL,2025-12-19T22:52:11.280836Z,780.00,0.0300,0.9700,yes
2b3a8bb5-4232-7ce9-71bb-b3ec66b44a4d,KXNCAAF-26-OKL,2025-12-19T22:39:58.547312Z,5000.00,0.0300,0.9700,yes
26244a76-c466-7a2d-a382-38a6e2cfbc61,KXNCAAF-26-OKL,2025-12-19T22:39:53.616959Z,300.00,0.0300,0.9700,yes
f378300e-be06-7251-27b0-2f7c1f71ced1,KXNCAAF-26-OKL,2025-12-19T22:39:05.4505Z,1560.00,0.0300,0.9700,yes
26e0bd3e-89e2-5c35-3011-5cca78f9ffb1,KXNCAAF-26-OKL,2025-12-19T22:38:31.030591Z,624.00,0.0300,0.9700,yes
489c7951-9b0e-672d-cd8a-18e0f56f453d,KXNCAAF-26-OKL,2025-12-19T22:37:52.560713Z,1529.00,0.0300,0.9700,yes
b6b46b1c-2516-4fd1-8a50-b5d905cc81bd,KXNCAAF-26-OKL,2025-12-19T22:33:19.50233Z,500.00,0.0300,0.9700,yes
fbd798f0-d7be-79b9-f4a1-727dae4d05e5,KXNCAAF-26-OKL,2025-12-19T22:32:09.173594Z,13.00,0.0300,0.9700,yes
1fac3a99-b5fe-668d-65a6-46269b509f69,KXNCAAF-26-OKL,2025-12-19T22:32:03.122228Z,1529.00,0.0300,0.9700,yes
a904275e-7916-6205-edf4-211c173ab79d,KXNCAAF-26-OKL,2025-12-19T22:30:41.489975Z,1000.00,0.0300,0.9700,yes
3bd88bc9-63ea-4189-6dc9-97ba53399061,KXNCAAF-26-OKL,2025-12-19T22:29:50.829352Z,156.00,0.0300,0.9700,yes
176b247f-d312-65c5-7e06-d4db5b98e7cd,KXNCAAF-26-OKL,2025-12-19T22:25:37.450323Z,62.00,0.0300,0.9700,yes
f249a8d2-0ff2-4a41-ee5c-4ba1bd691199,KXNCAAF-26-OKL,2025-12-19T22:24:29.8713Z,1400.00,0.0300,0.9700,yes
3309f181-aea6-6861-8118-5d1d54a97155,KXNCAAF-26-OKL,2025-12-19T22:22:26.218274Z,360.00,0.0300,0.9700,yes
c03352f7-9f7e-6e7d-fb4e-903e6aeb5115,KXNCAAF-26-OKL,2025-12-19T22:21:15.61726Z,780.00,0.0300,0.9700,yes
4905fc75-25d2-5a79-1342-e125218227e1,KXNCAAF-26-OKL,2025-12-19T22:19:08.529033Z,100.00,0.0300,0.9700,yes
badc0c5e-ab32-56c5-eb89-8bbe3c617635,KXNCAAF-26-OKL,2025-12-19T22:14:37.731739Z,400.00,0.0300,0.9700,yes
ff737a23-40aa-62d1-b6e7-14cb9249de05,KXNCAAF-26-OKL,2025-12-19T22:13:33.119502Z,769.00,0.0300,0.9700,yes
9dbfc9c6-424e-4be5-1639-366d42e6e1d5,KXNCAAF-26-OKL,2025-12-19T22:09:51.229786Z,1000.00,0.0300,0.9700,yes
42e1f106-efca-78a5-1751-7c47ec1cac55,KXNCAAF-26-OKL,2025-12-19T22:09:26.858049Z,312.00,0.0300,0.9700,yes
e1f676e3-70f6-7a75-4949-adc9c8dd25ed,KXNCAAF-26-OKL,2025-12-19T22:03:55.06423Z,500.00,0.0300,0.9700,yes
6ea6416c-bb1a-5d85-71cb-179f6a31dfc9,KXNCAAF-26-OKL,2025-12-19T22:02:42.590007Z,100.00,0.0300,0.9700,yes
7a08da9e-05d2-5be5-e790-93cb44d9f8b9,KXNCAAF-26-OKL,2025-12-19T22:02:15.997101Z,600.00,0.0300,0.9700,yes
8f8a0932-25ca-61b1-97b1-22ad40f9a5cd,KXNCAAF-26-OKL,2025-12-19T22:01:52.326045Z,624.00,0.0300,0.9700,yes
1fed91a6-7d7a-6c21-e120-a30941213711,KXNCAAF-26-OKL,2025-12-19T22:01:50.459066Z,2000.00,0.0300,0.9700,yes
28b71c18-d7de-58f5-676f-ffa57abde9a1,KXNCAAF-26-OKL,2025-12-19T21:56:58.014421Z,41.00,0.0300,0.9700,yes
406f80fb-5ba2-4325-fab4-e96c4b81b86d,KXNCAAF-26-OKL,2025-12-19T21:52:51.57367Z,31.00,0.0300,0.9700,yes
ab7d8508-40e2-691d-79e7-39957bfd25b5,KXNCAAF-26-OKL,2025-12-19T21:51:36.050663Z,62.00,0.0300,0.9700,yes
d193b672-c2ae-567c-4ee7-2c05801d6b51,KXNCAAF-26-OKL,2025-12-19T21:51:16.865675Z,27.00,0.0200,0.9800,no
ea6131da-552e-69ed-2212-82c5fd916271,KXNCAAF-26-OKL,2025-12-19T21:51:03.803312Z,27.00,0.0300,0.9700,yes
f8edc577-5162-6bfd-616a-1e3da071c161,KXNCAAF-26-OKL,2025-12-19T21:50:10.915821Z,200.00,0.0300,0.9700,yes
6c669f10-517a-4da1-5ac8-074071dff3a5,KXNCAAF-26-OKL,2025-12-19T21:43:22.309055Z,624.00,0.0300,0.9700,yes
200f2544-38c6-4111-a7cb-129672019c15,KXNCAAF-26-OKL,2025-12-19T21:41:21.556298Z,1300.00,0.0300,0.9700,yes
22b82d32-bc3a-7189-d49e-2760f7747781,KXNCAAF-26-OKL,2025-12-19T21:40:56.804258Z,2500.00,0.0300,0.9700,yes
ebd27003-cd25-5e96-77ae-10b9c01dade2,KXNCAAF-26-OKL,2025-12-19T21:40:26.838971Z,3714.00,0.0200,0.9800,yes
9229a9fe-e1be-587f-5878-a3fa795ee06b,KXNCAAF-26-OKL,2025-12-19T21:40:26.838971Z,10000.00,0.0200,0.9800,yes
348b176c-bfb2-5e3e-7c79-71fbc218d021,KXNCAAF-26-OKL,2025-12-19T21:40:26.838971Z,10000.00,0.0200,0.9800,yes
1c075e02-2edf-597c-46dc-f6a63733da2b,KXNCAAF-26-OKL,2025-12-19T21:40:26.838971Z,10000.00,0.0200,0.9800,yes
08209e08-4208-5cd6-614b-6391894ddddd,KXNCAAF-26-OKL,2025-12-19T21:40:26.838971Z,10000.00,0.0200,0.9800,yes
7e185924-55c5-71ba-d4a9-c9290c5821ce,KXNCAAF-26-OKL,2025-12-19T21:39:46.805879Z,500.00,0.0200,0.9800,yes
4793b480-f345-4996-c9c9-a554d08d83be,KXNCAAF-26-OKL,2025-12-19T21:38:05.41569Z,467.00,0.0200,0.9800,yes
4d63ba0e-d915-7c06-05d1-6adbb2346376,KXNCAAF-26-OKL,2025-12-19T21:36:35.178561Z,467.00,0.0200,0.9800,yes
9e003fa0-b1d7-6dda-bea4-d25d9978bef3,KXNCAAF-26-OKL,2025-12-19T21:31:44.814414Z,4852.00,0.0200,0.9800,no
e9e1e5a6-9edf-7382-1e84-0b4f80a297ef,KXNCAAF-26-OKL,2025-12-19T21:31:44.779562Z,10000.00,0.0200,0.9800,no
1834c794-9a03-6106-f619-c7d69cd3a703,KXNCAAF-26-OKL,2025-12-19T21:31:44.7732Z,10000.00,0.0200,0.9800,no
8d5c45c4-cd56-4a55-df09-54d851a08a35,KXNCAAF-26-OKL,2025-12-19T20:53:07.853907Z,23.00,0.0300,0.9700,yes
0279d101-e45a-7359-c244-43a2a2e92691,KXNCAAF-26-OKL,2025-12-19T20:53:05.119923Z,40000.00,0.0300,0.9700,yes
3d70d135-32d2-614d-53d0-904a9301174d,KXNCAAF-26-OKL,2025-12-19T20:46:52.253505Z,15.00,0.0300,0.9700,yes
6637e93b-0f22-48bd-c1b9-df1cf6027a99,KXNCAAF-26-OKL,2025-12-19T20:46:41.464816Z,15.00,0.0300,0.9700,yes
7fddaa8b-481e-57a1-15a3-1b8b51c03261,KXNCAAF-26-OKL,2025-12-19T20:43:22.344623Z,772.00,0.0300,0.9700,yes
1225e88b-b276-7d21-9b61-b7d15a67aa41,KXNCAAF-26-OKL,2025-12-19T20:36:13.565124Z,20.00,0.0300,0.9700,yes
57f070a6-e2ce-40e1-211f-888d9a053915,KXNCAAF-26-OKL,2025-12-19T20:34:08.357502Z,1529.00,0.0300,0.9700,yes
c2982772-3f62-6d9d-11af-0480eb85a845,KXNCAAF-26-OKL,2025-12-19T20:33:23.144157Z,156.00,0.0300,0.9700,yes
8f6fcc7d-15ce-45cd-496e-3902dea112e9,KXNCAAF-26-OKL,2025-12-19T20:24:42.749099Z,10.00,0.0300,0.9700,yes
7483f333-8a72-4155-d59e-46a62b37aa05,KXNCAAF-26-OKL,2025-12-19T20:23:46.634062Z,50.00,0.0300,0.9700,yes
cd29e6d0-9cf2-7dcd-d47b-01d830ad946d,KXNCAAF-26-OKL,2025-12-19T20:17:30.149525Z,4000.00,0.0300,0.9700,yes
1aebb41a-d0fe-7175-90ce-3259f265794d,KXNCAAF-26-OKL,2025-12-19T20:13:13.633952Z,764.00,0.0300,0.9700,yes
f9bd42d4-9976-5d61-6094-ac58b65bbe5d,KXNCAAF-26-OKL,2025-12-19T20:12:04.774813Z,200.00,0.0300,0.9700,yes
65f22e44-305e-40c1-52ee-c93a724c33f1,KXNCAAF-26-OKL,2025-12-19T20:09:02.872009Z,280.00,0.0300,0.9700,yes
fdf441ee-494e-7b7d-643c-c27d0492be89,KXNCAAF-26-OKL,2025-12-19T20:01:41.19421Z,312.00,0.0300,0.9700,yes
b53ef049-ed36-6201-9444-400bc914a469,KXNCAAF-26-OKL,2025-12-19T20:00:17.859229Z,13.00,0.0300,0.9700,yes
c64a8db0-b2b2-5915-08f5-2a3a7f61d499,KXNCAAF-26-OKL,2025-12-19T19:56:59.429746Z,44.00,0.0300,0.9700,yes
228d3422-fe12-5de5-c2aa-4f6d2ce5eedd,KXNCAAF-26-OKL,2025-12-19T19:56:41.247101Z,312.00,0.0300,0.9700,yes
a088dd08-3e3a-6e7d-4b6c-98718ea335d1,KXNCAAF-26-OKL,2025-12-19T19:53:00.672623Z,468.00,0.0300,0.9700,yes
db41b0ea-a83e-59a5-55b9-3e9a4a65f9c9,KXNCAAF-26-OKL,2025-12-19T19:51:48.615911Z,200.00,0.0300,0.9700,yes
a82806c0-9e4e-7c69-60ae-442264c6b34d,KXNCAAF-26-OKL,2025-12-19T19:47:42.260968Z,312.00,0.0300,0.9700,yes
5c31697e-bc8e-5b01-222c-2fbd4fe0b959,KXNCAAF-26-OKL,2025-12-19T19:46:52.249736Z,31.00,0.0300,0.9700,yes
30bf1ad6-5f46-65a5-c59a-da6bb71b1b3d,KXNCAAF-26-OKL,2025-12-19T19:34:14.40395Z,78.00,0.0300,0.9700,yes
64c4def5-0fc3-794a-4cf6-4ec1cfc72b07,KXNCAAF-26-OKL,2025-12-19T19:32:54.682738Z,48.00,0.0200,0.9800,no
e07452f8-3fca-7431-d55d-c81ca3744801,KXNCAAF-26-OKL,2025-12-19T19:31:54.341042Z,79.00,0.0300,0.9700,yes
8eb13e2f-4936-56dd-aff9-a7f3ea7d78e1,KXNCAAF-26-OKL,2025-12-19T19:05:07.334985Z,100.00,0.0300,0.9700,yes
8ad85b3d-33ae-52f1-f997-ebb6aede62bd,KXNCAAF-26-OKL,2025-12-19T19:04:10.62539Z,156.00,0.0300,0.9700,yes
ac9693e4-9302-75bd-7903-5bbb536008ad,KXNCAAF-26-OKL,2025-12-19T19:03:54.839378Z,3.00,0.0300,0.9700,yes
cefebec5-62c2-569d-c44d-987a88a23f0d,KXNCAAF-26-OKL,2025-12-19T18:56:31.514889Z,2000.00,0.0300,0.9700,yes
f30637ef-7f96-4bf5-c3ea-cdeb458ebc45,KXNCAAF-26-OKL,2025-12-19T18:52:13.829506Z,3824.00,0.0300,0.9700,yes
c991c8d6-bcca-6c65-a633-28f1e9f25c11,KXNCAAF-26-OKL,2025-12-19T18:51:21.999057Z,93.00,0.0300,0.9700,yes
b391bed2-9eee-7b49-d8a5-c982464203b1,KXNCAAF-26-OKL,2025-12-19T18:50:17.646288Z,4369.00,0.0300,0.9700,yes
033ea1a2-ca8a-7f49-f468-cb7fbb0a5c79,KXNCAAF-26-OKL,2025-12-19T18:48:46.135387Z,21433.00,0.0300,0.9700,yes
4a024694-134a-6021-b871-49392f86ed49,KXNCAAF-26-OKL,2025-12-19T18:43:37.93601Z,250.00,0.0300,0.9700,yes
fc311ef1-cff0-4e23-c96f-338f1c98863a,KXNCAAF-26-OKL,2025-12-19T18:42:30.507961Z,200.00,0.0300,0.9700,yes
d2773f41-a50e-4e75-e6a9-b8b02758e89d,KXNCAAF-26-OKL,2025-12-19T18:42:30.507961Z,239.00,0.0300,0.9700,yes
cf3c3da9-9d6d-4ffa-e290-19606b58c929,KXNCAAF-26-OKL,2025-12-19T18:42:30.507961Z,561.00,0.0300,0.9700,yes
e616a5e8-4371-5ee2-e950-e3c99a191669,KXNCAAF-26-OKL,2025-12-19T18:41:15.902218Z,1000.00,0.0300,0.9700,yes
91a74bdc-1b31-7126-de2b-800b9b14b46d,KXNCAAF-26-OKL,2025-12-19T18:40:18.122648Z,156.00,0.0300,0.9700,yes
00a8beab-dad3-7c9a-e8e6-07d08e17960b,KXNCAAF-26-OKL,2025-12-19T18:38:28.27733Z,100.00,0.0200,0.9800,no
f3735955-da71-577e-283d-af4b41e96735,KXNCAAF-26-OKL,2025-12-19T18:21:42.98193Z,624.00,0.0300,0.9700,yes
b111f01c-4759-7c66-8074-6a13b7d8152d,KXNCAAF-26-OKL,2025-12-19T18:14:03.074604Z,75.00,0.0300,0.9700,yes
2d478816-80c9-51de-8fdc-2c304a8c5565,KXNCAAF-26-OKL,2025-12-19T18:13:46.416507Z,25.00,0.0300,0.9700,yes
bc69e237-5db1-530e-a854-beb13eacc231,KXNCAAF-26-OKL,2025-12-19T18:13:26.277665Z,1.00,0.0300,0.9700,yes
4a33af70-f54d-50ca-6f05-c7f9f80e4e85,KXNCAAF-26-OKL,2025-12-19T18:09:10.642891Z,780.00,0.0300,0.9700,yes
c7194c35-9a4c-570e-ee14-fd8e8f3e42c9,KXNCAAF-26-OKL,2025-12-19T18:07:10.96204Z,531.00,0.0200,0.9800,no
1b8ee52c-f75d-7ae6-ffaa-83e3f4d2a3ad,KXNCAAF-26-OKL,2025-12-19T18:07:00.501296Z,3121.00,0.0300,0.9700,yes
fb326cac-3351-7fa9-99ec-fe647495e83a,KXNCAAF-26-OKL,2025-12-19T18:06:50.387861Z,44519.00,0.0200,0.9800,yes
acd87592-72ad-5129-1fa6-aae40a1a0ac6,KXNCAAF-26-OKL,2025-12-19T18:06:33.478576Z,500.00,0.0200,0.9800,yes
ae6db9cc-c527-6fb9-4007-e01dd9cf8cd4,KXNCAAF-26-OKL,2025-12-19T18:05:06.03609Z,8019.00,0.0200,0.9800,yes
5b0caaa7-057d-6f35-5814-f5b44fd0f772,KXNCAAF-26-OKL,2025-12-19T18:05:06.03609Z,4981.00,0.0200,0.9800,yes
2d68919b-2fb2-63de-54af-f31d2deb5577,KXNCAAF-26-OKL,2025-12-19T18:05:06.03609Z,2000.00,0.0200,0.9800,yes
9e24c14f-c50f-6be9-6b86-fea4ea193acc,KXNCAAF-26-OKL,2025-12-19T18:03:49.556517Z,4679.00,0.0200,0.9800,yes
039187ac-f6e3-5f49-ff85-c8a1e2fa61ec,KXNCAAF-26-OKL,2025-12-19T18:00:41.91743Z,600.00,0.0200,0.9800,yes
f0ad163c-76d7-47d5-8513-0f17b3d8012c,KXNCAAF-26-OKL,2025-12-19T17:59:52.314854Z,1250.00,0.0200,0.9800,yes
31b489cf-9707-5845-870e-2daf007921d8,KXNCAAF-26-OKL,2025-12-19T17:59:15.261836Z,935.00,0.0200,0.9800,yes
91590b75-e96f-6685-1994-c3ff42a0c2dc,KXNCAAF-26-OKL,2025-12-19T17:57:03.590863Z,1250.00,0.0200,0.9800,yes
15d31680-42fb-4389-8e40-af57beb855f0,KXNCAAF-26-OKL,2025-12-19T17:50:07.852314Z,5000.00,0.0200,0.9800,yes
b835905e-80bb-5a05-fbd2-d9e8c5d78ecc,KXNCAAF-26-OKL,2025-12-19T17:49:55.470863Z,32.00,0.0200,0.9800,yes
8633cb83-5d63-7731-9e0f-d4e2b26b9848,KXNCAAF-26-OKL,2025-12-19T17:41:26.266891Z,1000.00,0.0200,0.9800,yes
bbffd530-2bb7-5b65-31c6-3687e966cab8,KXNCAAF-26-OKL,2025-12-19T17:39:40.154647Z,935.00,0.0200,0.9800,yes
560c4cf5-0a2f-4041-5782-03308c627374,KXNCAAF-26-OKL,2025-12-19T17:37:33.106815Z,93.00,0.0200,0.9800,yes
1bb5b1a3-967f-461d-f3d0-cb5c224e9ab4,KXNCAAF-26-OKL,2025-12-19T17:32:52.73607Z,30.00,0.0200,0.9800,yes
cdbb5f3a-5b5b-51f9-2e56-312e7d390758,KXNCAAF-26-OKL,2025-12-19T17:32:32.40022Z,467.00,0.0200,0.9800,yes
ebfcfe49-1883-7dd9-803c-aee7efe84750,KXNCAAF-26-OKL,2025-12-19T17:31:30.95179Z,250.00,0.0200,0.9800,yes
c3ad182c-1193-70a5-7151-cd2fb1c525b0,KXNCAAF-26-OKL,2025-12-19T17:27:29.196837Z,280.00,0.0200,0.9800,yes
f486a851-d07b-588d-b307-7d594b09b42c,KXNCAAF-26-OKL,2025-12-19T17:23:26.925402Z,449.00,0.0200,0.9800,yes
cb0c33d6-872f-7431-18c5-56541009561c,KXNCAAF-26-OKL,2025-12-19T17:10:33.56526Z,9.00,0.0200,0.9800,yes
64ecc20f-ca83-4bc1-7f96-45a59d6a4948,KXNCAAF-26-OKL,2025-12-19T17:10:24.468856Z,1250.00,0.0200,0.9800,yes
a5e63195-ac3f-6f19-ce2b-45715033d07c,KXNCAAF-26-OKL,2025-12-19T17:09:27.802913Z,40.00,0.0200,0.9800,yes
17f50db3-1aa7-5349-9a6b-d22d945dce00,KXNCAAF-26-OKL,2025-12-19T17:08:35.538498Z,500.00,0.0200,0.9800,yes
1b5a89a9-f37f-754d-b540-3aa7e6a00074,KXNCAAF-26-OKL,2025-12-19T17:06:43.27321Z,56.00,0.0200,0.9800,yes
2e512e81-5d9f-7451-01d6-e5cb32c47d38,KXNCAAF-26-OKL,2025-12-19T17:02:13.366465Z,1169.00,0.0200,0.9800,yes
bf5b662f-90ab-6459-d7f0-6021c8cbd844,KXNCAAF-26-OKL,2025-12-19T17:01:01.99259Z,7.00,0.0200,0.9800,yes
0c2c2741-ae33-7d1d-1040-decc2f973ce8,KXNCAAF-26-OKL,2025-12-19T16:59:53.470058Z,4.00,0.0200,0.9800,yes
f0bd98a8-e02b-6fa9-e230-9fa7ccde5dbc,KXNCAAF-26-OKL,2025-12-19T16:59:46.450944Z,467.00,0.0200,0.9800,yes
76368eb2-02c5-5219-3092-ba19f54d1538,KXNCAAF-26-OKL,2025-12-19T16:54:58.391736Z,6229.00,0.0200,0.9800,no
fba10fed-5eb9-7dfa-75a4-1eee18bd8a61,KXNCAAF-26-OKL,2025-12-19T16:54:41.20887Z,100.00,0.0300,0.9700,yes
c4864107-d48d-6a5a-6915-dbe4e5564761,KXNCAAF-26-OKL,2025-12-19T16:51:55.95581Z,13557.00,0.0300,0.9700,yes
2024e860-a3ca-6e31-71f4-c3304bd5e9a3,KXNCAAF-26-OKL,2025-12-19T16:51:55.95581Z,2049.00,0.0300,0.9700,yes
e9e10011-e245-4bcd-fdc6-d9554e90e15c,KXNCAAF-26-OKL,2025-12-19T16:27:09.360918Z,23771.00,0.0200,0.9800,no
975700cc-595e-4066-f3b4-4cbdbe93114d,KXNCAAF-26-OKL,2025-12-19T16:27:09.360918Z,69.00,0.0200,0.9800,no
5409b05e-0b97-4942-dc00-47d50ec7db9d,KXNCAAF-26-OKL,2025-12-19T16:27:09.360918Z,150.00,0.0200,0.9800,no
4aaac7cd-7af6-46f9-d798-f5d9d2518f2c,KXNCAAF-26-OKL,2025-12-19T16:27:09.360918Z,1000.00,0.0200,0.9800,no
09951c58-25c8-4fa2-c861-ddc5564a4a9d,KXNCAAF-26-OKL,2025-12-19T16:27:09.360918Z,10.00,0.0200,0.9800,no
30b40920-f70e-5429-8b85-49bd41df438b,KXNCAAF-26-OKL,2025-12-19T16:23:52.579739Z,3121.00,0.0300,0.9700,yes
35921176-bc26-4739-eb75-ea25e2d76be3,KXNCAAF-26-OKL,2025-12-19T16:23:44.610743Z,156.00,0.0300,0.9700,yes
f6855f96-53a6-4752-50d2-e8962819fac9,KXNCAAF-26-OKL,2025-12-19T16:15:30.10971Z,31.00,0.0200,0.9800,no
de4a3c4e-d1f6-7759-1d82-50877b8b4be3,KXNCAAF-26-OKL,2025-12-19T16:14:54.773687Z,5000.00,0.0300,0.9700,yes
0ce7724e-9162-4ec9-f6d1-62f3fee6df23,KXNCAAF-26-OKL,2025-12-19T16:10:02.060691Z,711.00,0.0300,0.9700,yes
f589e514-ab36-4b7d-1f0f-222b1ff4049b,KXNCAAF-26-OKL,2025-12-19T15:56:21.294831Z,44.00,0.0300,0.9700,yes
dac3362f-d7a2-7315-2da3-49a93c1805af,KXNCAAF-26-OKL,2025-12-19T15:49:41.557113Z,1400.00,0.0300,0.9700,yes
1f0cfa5d-365a-5c85-00b3-63783d8b2e6b,KXNCAAF-26-OKL,2025-12-19T15:26:34.036241Z,156.00,0.0300,0.9700,yes
be45ced1-9482-7295-f881-2828ccf7b5f3,KXNCAAF-26-OKL,2025-12-19T14:55:28.134848Z,10.00,0.0300,0.9700,yes
372789b7-6652-6339-afd7-c8072c96e757,KXNCAAF-26-OKL,2025-12-19T14:31:52.661686Z,1000.00,0.0300,0.9700,yes
28cd765e-a9b2-6719-6338-b648669da95b,KXNCAAF-26-OKL,2025-12-19T13:34:16.967364Z,1.00,0.0300,0.9700,yes
782cce5f-c052-6055-39ef-a69bb42c7ee7,KXNCAAF-26-OKL,2025-12-19T13:34:05.196335Z,3.00,0.0300,0.9700,yes
78be4dce-1746-6ecd-d440-43598a3bfa3f,KXNCAAF-26-OKL,2025-12-19T13:32:19.833805Z,162.00,0.0300,0.9700,yes
9dcd7d34-aad6-61ed-16e1-2e0aaacfe567,KXNCAAF-26-OKL,2025-12-19T13:24:56.678649Z,31.00,0.0300,0.9700,yes
023d273f-0df2-65f9-bc60-f45f768db273,KXNCAAF-26-OKL,2025-12-19T13:24:28.897949Z,62.00,0.0300,0.9700,yes
2fd4c78d-2d52-783d-393b-e887a5e6cd0f,KXNCAAF-26-OKL,2025-12-19T13:16:13.709595Z,62.00,0.0300,0.9700,yes
01a03eae-8822-6399-9df9-e8be1ed4715b,KXNCAAF-26-OKL,2025-12-19T12:57:17.709867Z,200.00,0.0300,0.9700,yes
12525fb5-c9f6-4b41-48e3-4363efae7cbb,KXNCAAF-26-OKL,2025-12-19T12:49:05.581067Z,31.00,0.0300,0.9700,yes
816c53d1-269a-6601-45b9-ccd01de35d1f,KXNCAAF-26-OKL,2025-12-19T12:41:13.181725Z,2222.00,0.0300,0.9700,yes
559bd7b6-043a-7865-b5bf-c88a2fdee603,KXNCAAF-26-OKL,2025-12-19T12:36:01.06789Z,312.00,0.0300,0.9700,yes
ea8d2739-0efa-7cbd-4664-24fe87eaaebb,KXNCAAF-26-OKL,2025-12-19T08:04:55.00997Z,15.00,0.0300,0.9700,yes
31e6a445-1a56-6531-cf73-c94b7586470f,KXNCAAF-26-OKL,2025-12-19T08:01:43.316131Z,12.00,0.0300,0.9700,yes
fa41f10d-d292-6411-eecd-9b817264225b,KXNCAAF-26-OKL,2025-12-19T08:01:09.531207Z,15.00,0.0300,0.9700,yes
03a9c4aa-3862-60c5-d82b-6ad8f0979073,KXNCAAF-26-OKL,2025-12-19T07:25:59.726033Z,197.00,0.0300,0.9700,yes
8509efd9-588e-697d-44cb-ffdabaafadab,KXNCAAF-26-OKL,2025-12-19T06:59:54.556306Z,100.00,0.0300,0.9700,yes
b4897ca3-da4e-58f9-2e38-37a966fcfcc7,KXNCAAF-26-OKL,2025-12-19T06:27:54.780223Z,10.00,0.0300,0.9700,yes
bea60107-ac02-68dd-82ac-6c9ab30b8a9f,KXNCAAF-26-OKL,2025-12-19T06:10:33.43352Z,156.00,0.0300,0.9700,yes
accb18cb-1b1e-4f9d-ac19-204a43f96f2f,KXNCAAF-26-OKL,2025-12-19T06:08:29.199115Z,34.00,0.0300,0.9700,yes
3badd492-1a72-4525-db7f-d47de57a648f,KXNCAAF-26-OKL,2025-12-19T06:07:35.628061Z,41.00,0.0300,0.9700,yes
87e25cc7-eaa2-5b1d-4388-4902365d6773,KXNCAAF-26-OKL,2025-12-19T05:58:14.336987Z,15734.00,0.0300,0.9700,yes
c4cffa82-0d96-4865-713b-3d201f8ff663,KXNCAAF-26-OKL,2025-12-19T05:40:43.935618Z,436.00,0.0300,0.9700,yes
c6d457ba-7c4e-5ae5-dd59-510c708133df,KXNCAAF-26-OKL,2025-12-19T05:39:10.800951Z,600.00,0.0300,0.9700,yes
e34505e3-c14a-6599-9571-7d09a9091c77,KXNCAAF-26-OKL,2025-12-19T05:17:36.868359Z,161.00,0.0300,0.9700,yes
05c919bd-b8f6-6ce5-7e6a-cbff184e27f7,KXNCAAF-26-OKL,2025-12-19T05:00:59.188135Z,10.00,0.0300,0.9700,yes
5d00d38e-9b26-6301-7490-0fce28383a37,KXNCAAF-26-OKL,2025-12-19T04:35:45.358494Z,1001.00,0.0300,0.9700,yes
a8597d91-e486-7d25-d6a5-aeb972046d17,KXNCAAF-26-OKL,2025-12-19T04:33:35.855572Z,31.00,0.0300,0.9700,yes
9f9ceb1d-281a-4e69-456b-600ef109337b,KXNCAAF-26-OKL,2025-12-19T04:29:56.815559Z,50.00,0.0300,0.9700,yes
b11809df-699a-465d-013f-ac5154a79387,KXNCAAF-26-OKL,2025-12-19T04:15:55.239318Z,156.00,0.0300,0.9700,yes
969a706d-7c16-5b39-5205-1eaf29dba4a7,KXNCAAF-26-OKL,2025-12-19T04:10:08.866755Z,780.00,0.0300,0.9700,yes
a87793c0-9afa-5c51-41b2-8f6d8e46339b,KXNCAAF-26-OKL,2025-12-19T03:48:16.141752Z,62.00,0.0300,0.9700,yes
48449524-f16a-6b31-3e4c-25ee8f98c5b7,KXNCAAF-26-OKL,2025-12-19T03:38:58.67971Z,60.00,0.0300,0.9700,yes
27fa0f76-15d2-67e5-a54e-ea7233892523,KXNCAAF-26-OKL,2025-12-19T03:37:20.232458Z,200.00,0.0300,0.9700,yes
2d908eb9-ad5e-40d1-1471-5b48ca418b4f,KXNCAAF-26-OKL,2025-12-19T03:17:37.581978Z,400.00,0.0300,0.9700,yes
c68609e4-ccfe-728d-3206-db05ff88f627,KXNCAAF-26-OKL,2025-12-19T03:01:58.741936Z,200.00,0.0300,0.9700,yes
a76b6fed-e0b6-562d-bd8e-49918124395f,KXNCAAF-26-OKL,2025-12-19T02:50:01.93639Z,10.00,0.0300,0.9700,yes
0df40128-55d2-40d1-529e-3698623a80c7,KXNCAAF-26-OKL,2025-12-19T02:28:09.118251Z,1560.00,0.0300,0.9700,yes
7cc36a26-fcf6-480d-44d9-ffbcd81372cb,KXNCAAF-26-OKL,2025-12-19T02:21:32.43878Z,31.00,0.0300,0.9700,yes
dcee2d5f-8ee6-7bf0-571e-187622adb90e,KXNCAAF-26-OKL,2025-12-19T01:35:09.767482Z,55.00,0.0200,0.9800,no
d111a220-9546-5461-6508-729317313c53,KXNCAAF-26-OKL,2025-12-19T01:21:51.422367Z,20.00,0.0300,0.9700,yes
3eb4b652-f10e-57e5-d921-94f6d69f59db,KXNCAAF-26-OKL,2025-12-19T00:46:09.09225Z,130.00,0.0300,0.9700,yes
a2360559-8a82-4c69-19c9-8ac112fa55e3,KXNCAAF-26-OKL,2025-12-19T00:35:32.194213Z,2500.00,0.0300,0.9700,yes
3ca1d906-ee2e-5b75-177a-bf617de5a86b,KXNCAAF-26-OKL,2025-12-19T00:32:14.539137Z,624.00,0.0300,0.9700,yes
eab60818-9b32-636d-639b-32a9e14eef43,KXNCAAF-26-OKL,2025-12-19T00:28:12.43043Z,156.00,0.0300,0.9700,yes
16340bf9-b736-4af5-6c4f-599b0dc702ff,KXNCAAF-26-OKL,2025-12-19T00:04:17.580654Z,60.00,0.0300,0.9700,yes
346492a4-412a-7c71-db34-34bf3325cabb,KXNCAAF-26-OKL,2025-12-19T00:00:54.393724Z,1248.00,0.0300,0.9700,yes
e826fddc-0a62-7555-294a-3c28413b4e2b,KXNCAAF-26-OKL,2025-12-18T23:00:49.363724Z,1000.00,0.0300,0.9700,yes
75b853fe-db02-67a9-5209-85cb160a6417,KXNCAAF-26-OKL,2025-12-18T23:00:40.407153Z,2000.00,0.0300,0.9700,yes
66bf91e3-b93a-5b99-544f-2f7a09f45af7,KXNCAAF-26-OKL,2025-12-18T22:49:02.375506Z,780.00,0.0300,0.9700,yes
2b4f04b3-e556-6101-b740-ffe4bb962ff3,KXNCAAF-26-OKL,2025-12-18T22:39:34.818665Z,222.00,0.0300,0.9700,yes
97a9b81c-bc7e-451d-f035-ad4ed08280af,KXNCAAF-26-OKL,2025-12-18T22:34:51.465789Z,312.00,0.0300,0.9700,yes
ffb8a337-034e-7dd5-a82c-87f911b9d9df,KXNCAAF-26-OKL,2025-12-18T22:31:18.235251Z,25.00,0.0300,0.9700,yes
4642d5ff-8922-6fe5-e124-337c8a3b113f,KXNCAAF-26-OKL,2025-12-18T21:51:10.216583Z,5462.00,0.0300,0.9700,yes
2812dca7-4262-7521-9405-ba031ccd3eb3,KXNCAAF-26-OKL,2025-12-18T21:42:54.291256Z,1000.00,0.0300,0.9700,yes
065b5d4a-7722-5f85-a605-9509ac2b6c83,KXNCAAF-26-OKL,2025-12-18T21:40:55.723437Z,93.00,0.0300,0.9700,yes
10551dc2-dac6-64e5-963f-920e45b8ac47,KXNCAAF-26-OKL,2025-12-18T21:26:07.916787Z,31.00,0.0300,0.9700,yes
926484f5-4d76-706d-e800-6ab46e5632fb,KXNCAAF-26-OKL,2025-12-18T21:25:36.890802Z,156.00,0.0300,0.9700,yes
dd031d48-2b8e-4a99-edec-1b49dff42dcb,KXNCAAF-26-OKL,2025-12-18T21:19:33.640337Z,209.00,0.0300,0.9700,yes
8f901c3c-0bc2-7435-3bc1-fa5230f7e1df,KXNCAAF-26-OKL,2025-12-18T21:08:00.586199Z,10000.00,0.0300,0.9700,yes
21c63449-5d3e-746d-1f7e-6b860b9e1f3f,KXNCAAF-26-OKL,2025-12-18T21:07:44.143212Z,150.00,0.0300,0.9700,yes
bf7a164f-2e76-70d5-3598-7a4115fc6e0b,KXNCAAF-26-OKL,2025-12-18T20:38:36.632418Z,25.00,0.0300,0.9700,yes
6e9db4d7-87ce-439d-a243-e47c49eb83df,KXNCAAF-26-OKL,2025-12-18T20:37:53.703464Z,5.00,0.0300,0.9700,yes
3670b30d-d9ea-41fd-8895-c308565c9f93,KXNCAAF-26-OKL,2025-12-18T20:37:22.222758Z,30.00,0.0300,0.9700,yes
4d25064c-0fa2-6cfd-d2ff-e8ca1410ccdf,KXNCAAF-26-OKL,2025-12-18T20:29:34.483708Z,305.00,0.0300,0.9700,yes
7915b8d4-a40a-6c91-496f-b584bf190ec7,KXNCAAF-26-OKL,2025-12-18T20:02:07.277644Z,100.00,0.0300,0.9700,yes
7caf142b-d276-5975-fff7-233f5968b19b,KXNCAAF-26-OKL,2025-12-18T20:00:17.671485Z,300.00,0.0300,0.9700,yes
0fb17b03-f9b6-6165-828b-72ee32099c5b,KXNCAAF-26-OKL,2025-12-18T19:31:32.616868Z,53.00,0.0300,0.9700,yes
55b0a529-5a4a-6749-021c-a28e7b6640f3,KXNCAAF-26-OKL,2025-12-18T19:21:51.076244Z,306.00,0.0300,0.9700,yes
2415f3a4-6f3e-4779-7f74-ce7f85342b0f,KXNCAAF-26-OKL,2025-12-18T19:20:45.511737Z,25.00,0.0300,0.9700,yes
97a2fc27-6afa-5311-9b76-362efe2906ab,KXNCAAF-26-OKL,2025-12-18T19:19:56.17507Z,458.00,0.0300,0.9700,yes
6af53018-4432-547d-be78-d35272499dbf,KXNCAAF-26-OKL,2025-12-18T19:12:26.969034Z,222.00,0.0300,0.9700,yes
a8f914b3-d136-4c09-7d0d-99f0bea2ce1b,KXNCAAF-26-OKL,2025-12-18T19:04:26.616422Z,222.00,0.0300,0.9700,yes
dfcb7474-fd3a-7c81-4433-0bb90458674f,KXNCAAF-26-OKL,2025-12-18T18:45:38.432825Z,305.00,0.0300,0.9700,yes
28fce5e6-6c5e-4d11-1fe0-b6559ee7ad6b,KXNCAAF-26-OKL,2025-12-18T18:45:34.854431Z,31.00,0.0300,0.9700,yes
6efc068e-576a-65b9-3ebb-092b00f87b2f,KXNCAAF-26-OKL,2025-12-18T18:35:47.689978Z,3923.00,0.0300,0.9700,yes
5db727bd-766b-6bb1-1f61-ba8f5c581702,KXNCAAF-26-OKL,2025-12-18T18:35:47.689978Z,9377.00,0.0300,0.9700,yes
203949c2-acb8-6631-05e1-72fe4070521f,KXNCAAF-26-OKL,2025-12-18T18:35:47.689978Z,2700.00,0.0300,0.9700,yes
f0fc52a7-58c7-68f9-8991-98889bb8f266,KXNCAAF-26-OKL,2025-12-18T18:09:48.25845Z,15612.00,0.0300,0.9700,yes
a7179d5d-3967-4a69-186f-dd7f44d15d0e,KXNCAAF-26-OKL,2025-12-18T17:57:10.171131Z,2777.00,0.0300,0.9700,yes
565a39dc-245b-43e9-f4e1-4fa55de90166,KXNCAAF-26-OKL,2025-12-18T17:21:34.780459Z,111.00,0.0300,0.9700,yes
2a3c896a-aac9-5ff0-1457-704375030b4d,KXNCAAF-26-OKL,2025-12-18T16:36:03.837878Z,500.00,0.0300,0.9700,yes
135c8d1e-a163-5535-212e-2ab98167d21a,KXNCAAF-26-OKL,2025-12-18T16:36:03.837878Z,7123.00,0.0300,0.9700,yes
098ccd13-d147-5a7c-0396-85939a8b2423,KXNCAAF-26-OKL,2025-12-18T16:36:03.837878Z,2377.00,0.0300,0.9700,yes
00797b40-4f0f-5824-97e2-a1baa68574a7,KXNCAAF-26-OKL,2025-12-18T16:30:37.775032Z,150.00,0.0300,0.9700,yes
4e3b2fb2-c0a7-7d3c-f251-94281f595703,KXNCAAF-26-OKL,2025-12-18T16:12:40.581314Z,312.00,0.0300,0.9700,yes
61de1293-9743-7ee4-bc8f-6e4d04b12c1f,KXNCAAF-26-OKL,2025-12-18T16:10:34.987305Z,3121.00,0.0300,0.9700,yes
e3678354-d907-40b4-74f4-237a500884ff,KXNCAAF-26-OKL,2025-12-18T15:55:37.677036Z,850.00,0.0300,0.9700,yes
82923b48-4d5f-71f4-fc9e-1ed1688bb70b,KXNCAAF-26-OKL,2025-12-18T15:54:21.601603Z,299.00,0.0300,0.9700,yes
d91bd03f-e81b-6e14-6ad7-970b2c912987,KXNCAAF-26-OKL,2025-12-18T15:49:28.828074Z,312.00,0.0300,0.9700,yes
9cf4e6d3-8b2b-79dc-3d01-397c817515df,KXNCAAF-26-OKL,2025-12-18T15:47:54.63479Z,312.00,0.0300,0.9700,yes
de0acd5d-e7ff-7ebc-94a5-c6817e83d673,KXNCAAF-26-OKL,2025-12-18T15:18:00.880211Z,124.00,0.0300,0.9700,yes
747718c1-3b9f-4818-449a-89c637edb5c3,KXNCAAF-26-OKL,2025-12-18T14:55:56.167112Z,305.00,0.0300,0.9700,yes
deb0780d-af6b-50b0-9f1d-5ad599f9348f,KXNCAAF-26-OKL,2025-12-18T14:39:41.826599Z,2000.00,0.0300,0.9700,yes
b7c843b9-58eb-5624-9a7a-4a73a52cbc8b,KXNCAAF-26-OKL,2025-12-18T14:26:49.198415Z,333.00,0.0300,0.9700,yes
a2d05b32-caa3-6184-7474-ef82c5037ff7,KXNCAAF-26-OKL,2025-12-18T14:23:02.152256Z,156.00,0.0300,0.9700,yes
f3c80408-c17b-7d10-b6c3-f3fad694f75f,KXNCAAF-26-OKL,2025-12-18T14:11:42.983102Z,93.00,0.0300,0.9700,yes
f4b3e8cc-402e-5148-95df-acf5a956728d,KXNCAAF-26-OKL,2025-12-18T13:39:32.421352Z,500.00,0.0200,0.9800,no
ddbecfce-8115-5a5b-ab2e-323a9fc45e2e,KXNCAAF-26-OKL,2025-12-18T13:39:32.421352Z,150.00,0.0200,0.9800,no
be71b460-6d75-5ed9-96ed-f4d178f70fdb,KXNCAAF-26-OKL,2025-12-18T13:39:32.421352Z,400.00,0.0200,0.9800,no
a641c23f-25af-52ad-99d5-b29c8eb03f08,KXNCAAF-26-OKL,2025-12-18T13:39:32.421352Z,100.00,0.0200,0.9800,no
8d46265d-eb73-5b8b-bdcd-d7ccf384a46d,KXNCAAF-26-OKL,2025-12-18T13:39:32.421352Z,999.00,0.0200,0.9800,no
4fd20dbd-6ada-537d-81c3-0f913d27276e,KXNCAAF-26-OKL,2025-12-18T13:39:32.421352Z,500.00,0.0200,0.9800,no
312c3b65-70e9-5644-bc94-8ef54b02fd1b,KXNCAAF-26-OKL,2025-12-18T13:39:32.421352Z,500.00,0.0200,0.9800,no
31100ffb-aa9e-519c-90c4-cf7f6a0c8a0a,KXNCAAF-26-OKL,2025-12-18T13:39:32.421352Z,11851.00,0.0200,0.9800,no
20d0f618-2f63-7c08-8ad7-f9b25c56d2db,KXNCAAF-26-OKL,2025-12-18T13:33:23.05577Z,800.00,0.0300,0.9700,yes
edcadca5-073f-61f8-2c3f-b264a98b1c67,KXNCAAF-26-OKL,2025-12-18T12:28:35.879581Z,97.00,0.0300,0.9700,yes
61f055e3-db0f-79dc-5a7f-e019aadcf517,KXNCAAF-26-OKL,2025-12-18T12:03:59.513261Z,555.00,0.0300,0.9700,yes
d0804d50-277b-403c-1b1f-f867830a729b,KXNCAAF-26-OKL,2025-12-18T11:53:35.951125Z,50.00,0.0300,0.9700,yes
62fe92f1-2383-7c2c-bf5a-6ca25fe8cb6b,KXNCAAF-26-OKL,2025-12-18T11:51:41.85952Z,600.00,0.0300,0.9700,yes
15a56c33-9e8f-4408-1631-6967a729d0a3,KXNCAAF-26-OKL,2025-12-18T11:40:58.648194Z,4000.00,0.0300,0.9700,yes
0aadb095-f99f-5e0c-605b-aaf87b75af4b,KXNCAAF-26-OKL,2025-12-18T10:28:56.829925Z,436.00,0.0300,0.9700,yes
d95c7b3f-db0b-64f0-842b-a620a4afab73,KXNCAAF-26-OKL,2025-12-18T06:37:01.634265Z,31.00,0.0300,0.9700,yes
044863b2-1a47-5c90-9c2b-2c11d87911ff,KXNCAAF-26-OKL,2025-12-18T06:03:50.249635Z,93.00,0.0300,0.9700,yes
e9c8b056-e2b7-5de0-a7ae-ad6d2c18a4f3,KXNCAAF-26-OKL,2025-12-18T05:58:07.77952Z,312.00,0.0300,0.9700,yes
f5513e32-1563-4b58-e64a-98f8777444e3,KXNCAAF-26-OKL,2025-12-18T04:39:29.566203Z,624.00,0.0300,0.9700,yes
70ffe782-856f-4fd0-4cde-4a22df0359ff,KXNCAAF-26-OKL,2025-12-18T04:24:54.215593Z,50.00,0.0300,0.9700,yes
3c3a096a-afe7-5608-6866-8c834885af8f,KXNCAAF-26-OKL,2025-12-18T04:06:15.694911Z,367.00,0.0300,0.9700,yes
968ba1bf-153f-5c00-7d27-38c08143075b,KXNCAAF-26-OKL,2025-12-18T03:45:01.589912Z,444.00,0.0300,0.9700,yes
2c221654-c603-5fa0-91bf-bb15b58034cf,KXNCAAF-26-OKL,2025-12-18T03:35:09.348232Z,468.00,0.0300,0.9700,yes
c4a14b4a-9f73-7060-ef58-3d1b53854b3f,KXNCAAF-26-OKL,2025-12-18T03:24:27.954689Z,31.00,0.0300,0.9700,yes
1137d198-f09b-7c30-a7e9-563ab3df0007,KXNCAAF-26-OKL,2025-12-18T03:18:39.093821Z,624.00,0.0300,0.9700,yes
043342c0-52b3-6634-a9c3-36e7d2f8c3af,KXNCAAF-26-OKL,2025-12-18T02:57:42.320671Z,312.00,0.0300,0.9700,yes
33e58232-bdb7-6e80-dd4a-4071b434eec3,KXNCAAF-26-OKL,2025-12-18T02:48:04.029615Z,1000.00,0.0300,0.9700,yes
1eceb062-2523-6328-7bbf-9f83ccec8127,KXNCAAF-26-OKL,2025-12-18T02:14:17.162841Z,1114.00,0.0300,0.9700,yes
69cb056f-dd93-7f44-b3ed-f761e5cfeb93,KXNCAAF-26-OKL,2025-12-18T01:52:54.782864Z,31.00,0.0300,0.9700,yes
93cabdb3-fc83-6394-cd4e-ea004cb80a27,KXNCAAF-26-OKL,2025-12-18T01:52:35.940632Z,62.00,0.0300,0.9700,yes
fba5aa27-8bff-6a4c-00b7-1abf520b3e73,KXNCAAF-26-OKL,2025-12-18T01:39:28.848856Z,1248.00,0.0300,0.9700,yes
28a09ff6-840f-7270-3325-b58ca37d70e7,KXNCAAF-26-OKL,2025-12-18T01:20:24.790422Z,624.00,0.0300,0.9700,yes
9c7c6400-20c3-458c-f443-c6e0e1ab10a7,KXNCAAF-26-OKL,2025-12-18T00:04:44.515053Z,282.00,0.0300,0.9700,yes
8712caff-9b1c-4d1c-cc86-f33e82ddb722,KXNCAAF-26-OKL,2025-12-18T00:04:44.515053Z,248.00,0.0300,0.9700,yes
471b1e57-0120-4dc0-d224-0946aa768eca,KXNCAAF-26-OKL,2025-12-17T23:59:23.381126Z,300.00,0.0300,0.9700,yes
3cd22908-05b4-7540-98ed-18c7ec3b08a6,KXNCAAF-26-OKL,2025-12-17T23:44:11.022003Z,10.00,0.0300,0.9700,yes
1b555977-e010-6e54-53ea-5bc3dba8c702,KXNCAAF-26-OKL,2025-12-17T23:27:41.962416Z,10.00,0.0300,0.9700,yes
595b1bf1-3e4c-6bec-4330-9fc37a085082,KXNCAAF-26-OKL,2025-12-17T23:22:13.875112Z,1560.00,0.0300,0.9700,yes
ffdde1c1-0360-7c34-3f06-c8baa812aeda,KXNCAAF-26-OKL,2025-12-17T23:16:58.541351Z,2341.00,0.0300,0.9700,yes
cbdaf5fd-e234-7d44-b441-f026bcb32b66,KXNCAAF-26-OKL,2025-12-17T23:08:16.157995Z,20.00,0.0300,0.9700,yes
f7dc5465-4cec-42bc-da96-1e38129c88e6,KXNCAAF-26-OKL,2025-12-17T23:03:04.544038Z,37.00,0.0300,0.9700,yes
51457935-8100-72b4-7f1f-e812bb106232,KXNCAAF-26-OKL,2025-12-17T22:47:08.515453Z,312.00,0.0300,0.9700,yes
d9435c12-a774-6024-becb-709be3b4a946,KXNCAAF-26-OKL,2025-12-17T22:29:09.80897Z,300.00,0.0300,0.9700,yes
b53995e5-0284-7edc-9387-a28106914366,KXNCAAF-26-OKL,2025-12-17T21:26:55.342947Z,1560.00,0.0300,0.9700,yes
57691b9f-3c0c-5f38-b1be-ee7590b9a112,KXNCAAF-26-OKL,2025-12-17T21:25:49.357059Z,499.00,0.0300,0.9700,yes
7e5d7b8d-1a28-7360-3475-f6c2da5335e6,KXNCAAF-26-OKL,2025-12-17T21:12:58.221095Z,187.00,0.0300,0.9700,yes
d53ef30a-2c90-7458-4d3e-f6908ecbf83a,KXNCAAF-26-OKL,2025-12-17T20:26:20.812469Z,670.00,0.0300,0.9700,yes
3b0f0557-e66b-6607-a9dd-c128eb538225,KXNCAAF-26-OKL,2025-12-17T20:19:13.300341Z,1.00,0.0200,0.9800,no
b9ccd6fc-af90-6f60-7459-041d4c37184a,KXNCAAF-26-OKL,2025-12-17T19:56:27.076234Z,62.00,0.0300,0.9700,yes
b5d0078e-32a0-6c50-6a08-c8b6d7b82406,KXNCAAF-26-OKL,2025-12-17T19:07:23.220449Z,200.00,0.0300,0.9700,yes
bb008043-f7ec-473c-1f60-3fca02c50b3a,KXNCAAF-26-OKL,2025-12-17T18:58:10.514145Z,31.00,0.0300,0.9700,yes
a3bc63df-f334-4664-a260-aa8fd786d68a,KXNCAAF-26-OKL,2025-12-17T18:49:23.918682Z,31.00,0.0300,0.9700,yes
b883e404-a928-4b3c-2df1-0cdf81296506,KXNCAAF-26-OKL,2025-12-17T18:42:17.494831Z,151.00,0.0300,0.9700,yes
0ea0dccd-d5d4-6814-1bdb-a1136378cb16,KXNCAAF-26-OKL,2025-12-17T18:18:13.796488Z,100.00,0.0300,0.9700,yes
2a189937-9408-5bf8-a828-57a07b1a8cae,KXNCAAF-26-OKL,2025-12-17T18:15:59.829159Z,650.00,0.0300,0.9700,yes
ecc75c14-6f98-47b4-2ec4-0ff1348f831e,KXNCAAF-26-OKL,2025-12-17T17:59:01.71548Z,156.00,0.0300,0.9700,yes
e10dadab-2b84-49e8-b1a9-abee7487d16a,KXNCAAF-26-OKL,2025-12-17T17:42:46.47151Z,1560.00,0.0300,0.9700,yes
f58a5ac1-746c-6060-6058-450def3dbf96,KXNCAAF-26-OKL,2025-12-17T17:04:38.433286Z,222.00,0.0300,0.9700,yes
908a9038-9288-56d8-70e0-1ea6da4c7b96,KXNCAAF-26-OKL,2025-12-17T16:44:08.662231Z,772.00,0.0300,0.9700,yes
1af9c2c8-e754-5024-788b-fd4abb7dc95a,KXNCAAF-26-OKL,2025-12-17T16:32:27.005518Z,15.00,0.0300,0.9700,yes
a1986981-8214-6d60-77d5-db90c7e86af2,KXNCAAF-26-OKL,2025-12-17T16:11:44.210205Z,1179.00,0.0300,0.9700,yes
a4ef975a-24e4-71d4-ce83-3d8c3d35cb2e,KXNCAAF-26-OKL,2025-12-17T15:45:22.974086Z,10.00,0.0300,0.9700,yes
cb13f9a9-4414-405c-195b-d6cf849c89b2,KXNCAAF-26-OKL,2025-12-17T15:32:57.437372Z,611.00,0.0300,0.9700,yes
039cee66-da8c-4eac-7c0a-5f686daf8452,KXNCAAF-26-OKL,2025-12-17T15:29:35.631811Z,764.00,0.0300,0.9700,yes
1971856b-b2ac-510c-c38b-dbdcaad4574a,KXNCAAF-26-OKL,2025-12-17T15:20:21.8548Z,60.00,0.0300,0.9700,yes
632fff43-1850-4c38-ee5d-e38cae31384a,KXNCAAF-26-OKL,2025-12-17T15:10:32.457697Z,10.00,0.0300,0.9700,yes
a8053d63-ae70-4138-a46b-1c7382d60c2e,KXNCAAF-26-OKL,2025-12-17T13:47:06.824047Z,812.00,0.0300,0.9700,yes
f01d25ae-e044-546c-0306-7457b8a6668e,KXNCAAF-26-OKL,2025-12-17T13:27:43.286694Z,500.00,0.0300,0.9700,yes
847db17c-7738-7670-1d2d-f704879777e6,KXNCAAF-26-OKL,2025-12-17T13:21:43.091293Z,500.00,0.0300,0.9700,yes
59b65392-4db0-7470-682c-10145325cd2e,KXNCAAF-26-OKL,2025-12-17T13:18:25.909962Z,165.00,0.0300,0.9700,yes
6781cff5-fbf8-5110-fbbf-c8d2a016d7f2,KXNCAAF-26-OKL,2025-12-17T13:12:42.369938Z,400.00,0.0300,0.9700,yes
1efaadbf-9eec-7fcc-1189-6066189275a6,KXNCAAF-26-OKL,2025-12-17T09:27:19.158356Z,156.00,0.0300,0.9700,yes
92a0b9a8-ad0a-5784-b654-8bc2e1006aac,KXNCAAF-26-OKL,2025-12-17T08:18:15.080815Z,1535.00,0.0300,0.9700,yes
08f1a84d-5db4-5868-a906-ad6dceb9886a,KXNCAAF-26-OKL,2025-12-17T08:18:15.080815Z,7829.00,0.0300,0.9700,yes
240aa97a-dbe2-5808-6589-61a892726354,KXNCAAF-26-OKL,2025-12-17T07:34:45.274997Z,1529.00,0.0300,0.9700,yes
3c02d9be-2a7a-6d40-6ecb-ea4d191f904c,KXNCAAF-26-OKL,2025-12-17T06:50:57.364769Z,156.00,0.0300,0.9700,yes
c39a6b4b-3826-7118-17a2-945f9cf4fe1c,KXNCAAF-26-OKL,2025-12-17T06:20:27.538968Z,3380.00,0.0300,0.9700,yes
5263c17c-aa22-4a4c-cf11-02f74d3647d0,KXNCAAF-26-OKL,2025-12-17T05:56:02.048388Z,3121.00,0.0300,0.9700,yes
5eb96706-d9a0-4a0a-f945-66ab9d5a9c80,KXNCAAF-26-OKL,2025-12-17T05:11:07.442136Z,3721.00,0.0300,0.9700,yes
511168f2-9a8a-4a20-eeaf-319bd382ffb0,KXNCAAF-26-OKL,2025-12-17T05:11:07.442136Z,279.00,0.0300,0.9700,yes
d3e5fca7-d8a0-49c2-a7e4-69c9994f454c,KXNCAAF-26-OKL,2025-12-17T04:53:24.24581Z,75.00,0.0300,0.9700,yes
dcfed079-d400-7fd6-b83a-b54223232c70,KXNCAAF-26-OKL,2025-12-17T04:18:21.163412Z,1092.00,0.0300,0.9700,yes
bb07bd28-d5d0-6efe-18f1-6fdfba645a50,KXNCAAF-26-OKL,2025-12-17T03:51:54.919843Z,1.00,0.0300,0.9700,yes
66ac7ffe-0ec4-69aa-66a8-a55aff214c24,KXNCAAF-26-OKL,2025-12-17T03:51:51.510865Z,100.00,0.0300,0.9700,yes
b9dd9f97-5d04-6382-c460-aa820de99d20,KXNCAAF-26-OKL,2025-12-17T03:49:26.625338Z,100.00,0.0300,0.9700,yes
c65cdf1f-184c-5212-98b1-3a79e748b7c4,KXNCAAF-26-OKL,2025-12-17T03:48:50.087735Z,3.00,0.0300,0.9700,yes
be294161-5d70-5fca-34c8-d9a45b360d0c,KXNCAAF-26-OKL,2025-12-17T03:37:35.192383Z,10.00,0.0300,0.9700,yes
82116396-79fc-7f2a-9ff6-6f085ff13834,KXNCAAF-26-OKL,2025-12-17T03:18:04.036673Z,4026.00,0.0300,0.9700,yes
670b91c8-d0ec-511e-6eff-63f5ff1adafc,KXNCAAF-26-OKL,2025-12-17T03:06:37.453988Z,112.00,0.0300,0.9700,yes
b5b67b2b-535c-68c2-a786-927ddd27e1bc,KXNCAAF-26-OKL,2025-12-17T02:44:37.170428Z,30.00,0.0300,0.9700,yes
2447ee68-8024-44fa-aa63-72c5ba751018,KXNCAAF-26-OKL,2025-12-17T02:39:22.898576Z,78.00,0.0300,0.9700,yes
2ba5adb2-07ec-644a-ba8a-db87f04d885c,KXNCAAF-26-OKL,2025-12-17T02:38:13.149717Z,216.00,0.0300,0.9700,yes
cb5dd895-c5a0-6f62-b029-ec6de7c2f880,KXNCAAF-26-OKL,2025-12-17T02:29:10.160896Z,31.00,0.0300,0.9700,yes
e149de97-d680-7cda-bfb5-52d9024d1220,KXNCAAF-26-OKL,2025-12-17T02:27:37.085387Z,936.00,0.0300,0.9700,yes
4868bb1f-ef60-7bae-cffa-4070b69e4570,KXNCAAF-26-OKL,2025-12-17T02:21:19.980144Z,3.00,0.0300,0.9700,yes
06b3590b-4d2c-64fe-8389-34eb4a15e330,KXNCAAF-26-OKL,2025-12-17T02:13:17.037419Z,100.00,0.0300,0.9700,yes
f85f6a7d-6548-6b42-c665-5376bcfccad4,KXNCAAF-26-OKL,2025-12-17T02:03:57.079342Z,30.00,0.0300,0.9700,yes
0d685d16-a32b-4b32-9a26-7d8f22875f5c,KXNCAAF-26-OKL,2025-12-17T01:58:02.685543Z,100.00,0.0200,0.9800,no
b69f4da5-03a8-61aa-6d66-886f7bdb1444,KXNCAAF-26-OKL,2025-12-17T01:53:10.432612Z,44.00,0.0300,0.9700,yes
287c5765-2950-73ae-5e9d-feb3f65d886c,KXNCAAF-26-OKL,2025-12-17T01:22:34.294174Z,20.00,0.0300,0.9700,yes
2c2b945d-a420-4c2e-61b2-7cfa8135d0ec,KXNCAAF-26-OKL,2025-12-17T01:14:56.866649Z,100.00,0.0300,0.9700,yes
9975e20e-fbe0-6a8e-a5e8-dcd032c6ae4c,KXNCAAF-26-OKL,2025-12-17T01:08:46.682694Z,80.00,0.0300,0.9700,yes
8407c1a9-10bc-65d6-c6c8-275b59efbf1c,KXNCAAF-26-OKL,2025-12-17T01:08:29.957199Z,780.00,0.0300,0.9700,yes
c868532e-ad9c-6b9a-bb71-273fe206b0e0,KXNCAAF-26-OKL,2025-12-17T01:08:25.916311Z,156.00,0.0300,0.9700,yes
a35fd288-b2ec-630e-d4f5-16817445c7e8,KXNCAAF-26-OKL,2025-12-17T01:08:16.442396Z,2341.00,0.0300,0.9700,yes
80414d4a-6d44-6b46-207f-8248b150e7e4,KXNCAAF-26-OKL,2025-12-17T01:05:21.946389Z,624.00,0.0300,0.9700,yes
5d2215f1-2084-62a2-b1ac-b9a5bc9b5184,KXNCAAF-26-OKL,2025-12-17T00:42:04.898773Z,500.00,0.0300,0.9700,yes
2c34830a-bc4c-5aaa-4554-42ae3ce014f4,KXNCAAF-26-OKL,2025-12-17T00:07:36.059857Z,1000.00,0.0300,0.9700,yes
ef827a58-3f20-54ba-1c9e-95933b54f600,KXNCAAF-26-OKL,2025-12-16T23:55:33.447008Z,156.00,0.0300,0.9700,yes
e7247bf3-b710-7eaa-2d86-d6a0a37a9fc8,KXNCAAF-26-OKL,2025-12-16T23:16:32.647576Z,1000.00,0.0300,0.9700,yes
94255cc6-b187-5e0a-54fd-eb6baccc7464,KXNCAAF-26-OKL,2025-12-16T22:48:44.514922Z,1.00,0.0200,0.9800,no
aff4f76b-e450-5b02-4564-0e9d9806d9fc,KXNCAAF-26-OKL,2025-12-16T22:32:49.109334Z,5000.00,0.0300,0.9700,yes
25ce991a-4def-7fee-f21a-93e9b701c884,KXNCAAF-26-OKL,2025-12-16T22:13:46.058707Z,62.00,0.0200,0.9800,no
5249801b-c7c8-5676-b9d1-d78de5a7457c,KXNCAAF-26-OKL,2025-12-16T21:34:26.219038Z,93.00,0.0300,0.9700,yes
2b1145d2-5c37-59e2-4b9a-f78a4ec54154,KXNCAAF-26-OKL,2025-12-16T21:25:48.051235Z,49.00,0.0200,0.9800,no
4e3e75ea-1ed8-5c46-5c1c-966e32a3e9a4,KXNCAAF-26-OKL,2025-12-16T20:59:49.396909Z,1560.00,0.0300,0.9700,yes
f1c04630-710c-793e-6ab8-d8ce6bb11cc0,KXNCAAF-26-OKL,2025-12-16T20:58:49.423627Z,936.00,0.0300,0.9700,yes
ddcdb459-18b4-665e-d598-3e1a23e78d9c,KXNCAAF-26-OKL,2025-12-16T20:43:15.14047Z,624.00,0.0300,0.9700,yes
66f6267b-3d4c-64b6-4bfe-c5e2bc8221a8,KXNCAAF-26-OKL,2025-12-16T20:38:30.001915Z,10.00,0.0300,0.9700,yes
7551bf1c-2480-7e26-a03a-73614bf835b0,KXNCAAF-26-OKL,2025-12-16T20:25:00.491931Z,3121.00,0.0300,0.9700,yes
e98fda65-4598-7866-a054-6b35f856e6cc,KXNCAAF-26-OKL,2025-12-16T20:12:21.282378Z,1092.00,0.0300,0.9700,yes
b4cc2056-b254-690a-8342-633a38811ca4,KXNCAAF-26-OKL,2025-12-16T20:07:56.397847Z,312.00,0.0300,0.9700,yes
23497980-f45c-5d1a-8d55-eb56c664f54c,KXNCAAF-26-OKL,2025-12-16T19:45:35.086022Z,900.00,0.0300,0.9700,yes
722ba86d-c61c-5886-c855-62c5068695b8,KXNCAAF-26-OKL,2025-12-16T19:25:43.355182Z,3121.00,0.0300,0.9700,yes
6f9cb12c-b168-5266-9361-8f169df401dc,KXNCAAF-26-OKL,2025-12-16T18:59:11.42207Z,3121.00,0.0300,0.9700,yes
dc6abf72-0f18-4942-9f22-995b9a7ea978,KXNCAAF-26-OKL,2025-12-16T18:26:30.367505Z,500.00,0.0300,0.9700,yes
eb2416e9-2caf-65ca-e0aa-9d0dca06e148,KXNCAAF-26-OKL,2025-12-16T18:26:22.395843Z,660.00,0.0200,0.9800,no
2c258e39-8b04-7d72-7a07-ac160c01e69c,KXNCAAF-26-OKL,2025-12-16T17:54:56.971951Z,611.00,0.0300,0.9700,yes
d1367026-a904-6a82-b14c-31aa40edf964,KXNCAAF-26-OKL,2025-12-16T17:34:33.713099Z,40.00,0.0300,0.9700,yes
44857e0d-af8c-5d3e-dde0-c338a08a5d0c,KXNCAAF-26-OKL,2025-12-16T16:39:37.536026Z,3058.00,0.0300,0.9700,yes
e9494e80-f790-7362-ed96-26e39c3a75dc,KXNCAAF-26-OKL,2025-12-16T15:45:19.97532Z,80.00,0.0300,0.9700,yes
8d49630d-7084-6eca-38dc-223aba8f2470,KXNCAAF-26-OKL,2025-12-16T15:28:40.578013Z,312.00,0.0300,0.9700,yes
94abe187-3450-4b5e-3d77-ec4450bcfc8c,KXNCAAF-26-OKL,2025-12-16T15:17:54.538066Z,825.00,0.0300,0.9700,yes
545a3283-4d40-6ec2-6e33-62ff5c3ea760,KXNCAAF-26-OKL,2025-12-16T12:27:39.035951Z,1560.00,0.0300,0.9700,yes
4bc52adc-00c0-7df2-4fed-8fa3cfc8d0e0,KXNCAAF-26-OKL,2025-12-16T12:17:30.897159Z,20.00,0.0300,0.9700,yes
397319f3-fbcc-60de-3078-80bbd5b4f8b8,KXNCAAF-26-OKL,2025-12-16T12:09:14.812652Z,50.00,0.0300,0.9700,yes
e97804ae-9128-68e6-d257-c82ca164e81c,KXNCAAF-26-OKL,2025-12-16T12:04:42.657644Z,2000.00,0.0300,0.9700,yes
bd8bd0a3-d130-77fa-24bd-c25d1039fb74,KXNCAAF-26-OKL,2025-12-16T12:04:21.316385Z,3000.00,0.0300,0.9700,yes
facd9d10-4b40-507e-3d5a-72177a9327c8,KXNCAAF-26-OKL,2025-12-16T11:35:32.504064Z,100.00,0.0300,0.9700,yes
e95f05aa-7918-463a-ef38-be881603e45c,KXNCAAF-26-OKL,2025-12-16T11:30:51.357718Z,31.00,0.0300,0.9700,yes
7571e482-9d00-6352-0d37-7d48c6e203d0,KXNCAAF-26-OKL,2025-12-16T10:31:04.605887Z,1000.00,0.0300,0.9700,yes
1774bcaa-6d38-74fe-4e09-97f6e2517498,KXNCAAF-26-OKL,2025-12-16T09:34:10.298162Z,624.00,0.0300,0.9700,yes
34a8d098-ad9c-51ee-110d-ca15b1b39d50,KXNCAAF-26-OKL,2025-12-16T07:45:21.547448Z,1000.00,0.0300,0.9700,yes
c2395c8c-5a18-4cda-bc4e-e9e1e21dfcc4,KXNCAAF-26-OKL,2025-12-16T06:48:42.717141Z,156.00,0.0300,0.9700,yes
eac20bb4-d81c-5d0a-d912-047f963bdbf0,KXNCAAF-26-OKL,2025-12-16T06:15:27.352466Z,527.00,0.0300,0.9700,yes
25648a44-af14-4ffe-9ceb-cd5919c0222c,KXNCAAF-26-OKL,2025-12-16T05:45:31.594955Z,14889.00,0.0300,0.9700,yes
b3b0f185-b397-554a-6bd6-2fb9b6f99708,KXNCAAF-26-OKL,2025-12-16T05:28:19.118092Z,1811.00,0.0200,0.9800,no
4148e8e9-5d9f-416a-faaa-92f4536d12f8,KXNCAAF-26-OKL,2025-12-16T05:12:08.988197Z,200.00,0.0200,0.9800,no
0496b112-891b-479a-2af5-0fcdea2b6854,KXNCAAF-26-OKL,2025-12-16T05:10:39.532702Z,181.00,0.0200,0.9800,no
2574ab99-4ffc-6002-3cc8-8de5233bef80,KXNCAAF-26-OKL,2025-12-16T04:50:02.894109Z,312.00,0.0300,0.9700,yes
bd684058-8b2c-4d96-eaf0-dcbf37ba658c,KXNCAAF-26-OKL,2025-12-16T04:21:11.079566Z,62.00,0.0300,0.9700,yes
4851a1fd-b1a8-7816-1a9e-d471280f6b4c,KXNCAAF-26-OKL,2025-12-16T04:04:10.831024Z,60.00,0.0300,0.9700,yes
eb867d71-7f68-678e-538b-29f2954b8bac,KXNCAAF-26-OKL,2025-12-16T04:01:48.079206Z,31.00,0.0300,0.9700,yes
1926c933-3294-5912-9d51-f345bad6a8c8,KXNCAAF-26-OKL,2025-12-16T03:17:21.333001Z,13.00,0.0300,0.9700,yes
3aae8459-2450-52c2-4a5e-fa860fbe657c,KXNCAAF-26-OKL,2025-12-16T03:05:29.045987Z,2000.00,0.0300,0.9700,yes
87ec3460-5670-6da2-d2ac-eca46938efdc,KXNCAAF-26-OKL,2025-12-16T02:41:00.053499Z,156.00,0.0300,0.9700,yes
cf6cc2c3-300c-6dae-6c42-7ac7c60f5c58,KXNCAAF-26-OKL,2025-12-16T02:37:46.72565Z,156.00,0.0300,0.9700,yes
c0ddea29-e58c-65fe-8ea9-a05829503af4,KXNCAAF-26-OKL,2025-12-16T02:27:51.241232Z,312.00,0.0300,0.9700,yes
8a7580a9-56d8-4f52-9b67-7bd750e55688,KXNCAAF-26-OKL,2025-12-16T02:01:04.875467Z,100.00,0.0300,0.9700,yes
743a8796-544f-48c2-b46c-c881337503cc,KXNCAAF-26-OKL,2025-12-16T01:54:31.775445Z,62.00,0.0200,0.9800,no
27ee3d77-1c54-45c6-31d5-52241921d2fc,KXNCAAF-26-OKL,2025-12-16T01:32:39.510037Z,780.00,0.0300,0.9700,yes
f0435859-89e0-616a-00ab-4161d1216f50,KXNCAAF-26-OKL,2025-12-16T01:26:21.152377Z,25.00,0.0300,0.9700,yes
21ede11f-e1bc-7f0e-d0e1-16d53d183b08,KXNCAAF-26-OKL,2025-12-16T01:26:01.554068Z,100.00,0.0300,0.9700,yes
44612917-4244-5c22-0dc4-efbdad892734,KXNCAAF-26-OKL,2025-12-16T01:25:31.487996Z,200.00,0.0300,0.9700,yes
18c315cf-1838-5e06-b850-bc4ec8898994,KXNCAAF-26-OKL,2025-12-16T01:25:16.304484Z,500.00,0.0300,0.9700,yes
948a6db3-f62c-6772-a7aa-bbb486082648,KXNCAAF-26-OKL,2025-12-16T01:25:03.258472Z,1000.00,0.0300,0.9700,yes
315317cf-8dc0-70d2-dc75-48c714210280,KXNCAAF-26-OKL,2025-12-16T01:23:16.274752Z,400.00,0.0300,0.9700,yes
6b40f577-4564-7636-ab8c-0da3f9e1666c,KXNCAAF-26-OKL,2025-12-16T01:19:07.868397Z,5.00,0.0300,0.9700,yes
b9babe94-fa30-696a-8842-9dab950a5d00,KXNCAAF-26-OKL,2025-12-16T01:14:09.271857Z,555.00,0.0300,0.9700,yes
1f6f6d3a-2400-759a-1976-2d70197bb9fc,KXNCAAF-26-OKL,2025-12-16T01:10:08.394444Z,312.00,0.0300,0.9700,yes
213e51c5-cda4-7a92-587a-e125e6fe45bc,KXNCAAF-26-OKL,2025-12-16T01:08:23.390857Z,156.00,0.0300,0.9700,yes
00b95e69-de7c-4266-1ba5-ba698ed1dc50,KXNCAAF-26-OKL,2025-12-16T01:04:32.674963Z,222.00,0.0300,0.9700,yes
012a6a5f-49dc-7236-a447-f82c595da94c,KXNCAAF-26-OKL,2025-12-16T01:04:25.881589Z,100.00,0.0300,0.9700,yes
1500dbd3-3418-6fa6-5547-a03b4f7893f4,KXNCAAF-26-OKL,2025-12-16T00:44:53.903047Z,780.00,0.0300,0.9700,yes
876d3567-7c54-411a-2466-157fc4f9cfc8,KXNCAAF-26-OKL,2025-12-16T00:44:31.573583Z,111.00,0.0300,0.9700,yes
31f03f56-c364-5d1a-c97d-777fd0b5f68c,KXNCAAF-26-OKL,2025-12-16T00:30:48.301404Z,302.00,0.0300,0.9700,yes
2ecbaae0-52f0-733a-3775-91e868f030d8,KXNCAAF-26-OKL,2025-12-16T00:24:32.811834Z,111.00,0.0300,0.9700,yes
d7d61d47-2234-7652-9fc4-0303ceaed824,KXNCAAF-26-OKL,2025-12-16T00:01:46.31004Z,624.00,0.0300,0.9700,yes
0004af4d-b3f4-69d6-566e-47d9c867e414,KXNCAAF-26-OKL,2025-12-15T23:27:43.268881Z,500.00,0.0300,0.9700,yes
6d6b6200-9b3c-4ffa-615f-cd54b56ae370,KXNCAAF-26-OKL,2025-12-15T23:15:10.557617Z,312.00,0.0300,0.9700,yes
88591065-a3ac-70be-a77e-89568ddebc2c,KXNCAAF-26-OKL,2025-12-15T23:05:39.292907Z,151.00,0.0300,0.9700,yes
8bc1f204-ed48-60e6-292b-06aca2f2d608,KXNCAAF-26-OKL,2025-12-15T22:38:54.603447Z,400.00,0.0300,0.9700,yes
c8bba11a-e86c-611a-2d79-155f87e4f264,KXNCAAF-26-OKL,2025-12-15T22:17:28.514392Z,3776.00,0.0300,0.9700,yes
105bd2a1-7ed0-5006-2ca5-6fd7dd71a318,KXNCAAF-26-OKL,2025-12-15T22:12:37.24981Z,500.00,0.0300,0.9700,yes
38cd8bdc-1cb0-491e-9d5a-7bbc9a700814,KXNCAAF-26-OKL,2025-12-15T22:04:31.785666Z,305.00,0.0300,0.9700,yes
96f833f8-b098-526a-d7cf-81a792ef4854,KXNCAAF-26-OKL,2025-12-15T22:02:29.716524Z,31.00,0.0300,0.9700,yes
5369dd38-a4c0-4f26-05a1-3c5634bf9cf0,KXNCAAF-26-OKL,2025-12-15T21:40:25.692531Z,116.00,0.0300,0.9700,yes
0c87b6ee-2158-541e-cc57-0930efdf5ea8,KXNCAAF-26-OKL,2025-12-15T21:07:20.735514Z,15.00,0.0300,0.9700,yes
78610e19-e90f-7fde-5c8c-b2237f575ce4,KXNCAAF-26-OKL,2025-12-15T21:03:43.032768Z,44.00,0.0200,0.9800,no
12a3da59-6390-6556-5883-46c550eae468,KXNCAAF-26-OKL,2025-12-15T20:51:07.472552Z,300.00,0.0300,0.9700,yes
ad4325d3-8698-7e5a-92ab-dfba60ae52a4,KXNCAAF-26-OKL,2025-12-15T20:38:31.181417Z,312.00,0.0300,0.9700,yes
fd14b5ac-c188-6f9a-f75b-9a8f122ff260,KXNCAAF-26-OKL,2025-12-15T20:33:58.007208Z,312.00,0.0300,0.9700,yes
ab748ca7-21b8-64fe-4a5c-0310627f9d34,KXNCAAF-26-OKL,2025-12-15T20:06:12.384479Z,1248.00,0.0300,0.9700,yes
966d383f-c287-5cd2-e8fd-f0c9df5c1d9c,KXNCAAF-26-OKL,2025-12-15T19:57:22.6345Z,500.00,0.0200,0.9800,no
63a50528-b2a4-74a2-b715-c384251518fc,KXNCAAF-26-OKL,2025-12-15T19:38:35.853846Z,100.00,0.0300,0.9700,yes
a7c81d4c-d560-7066-2d53-3077a58702f0,KXNCAAF-26-OKL,2025-12-15T19:13:54.024636Z,100.00,0.0300,0.9700,yes
1a3f25b5-ac3c-4b9a-0603-bfe81dd8c11c,KXNCAAF-26-OKL,2025-12-15T19:01:03.781672Z,1560.00,0.0300,0.9700,yes
3b9749b8-a044-59b6-7c41-09d56fb1a0e0,KXNCAAF-26-OKL,2025-12-15T18:52:02.079793Z,31.00,0.0300,0.9700,yes
51b6a834-a518-49fa-5c69-2ba8068758d8,KXNCAAF-26-OKL,2025-12-15T18:39:57.197891Z,312.00,0.0300,0.9700,yes
3d469b0b-1268-7a9e-3efc-fbf6e63012c8,KXNCAAF-26-OKL,2025-12-15T18:39:38.214407Z,124.00,0.0300,0.9700,yes
9b1d7b64-5e4c-5182-6475-3c022183295c,KXNCAAF-26-OKL,2025-12-15T18:19:11.983843Z,111.00,0.0300,0.9700,yes
7d009e53-28e8-675e-9424-0aea131c7a28,KXNCAAF-26-OKL,2025-12-15T17:38:07.024114Z,222.00,0.0300,0.9700,yes
b4492f8f-8310-7ada-2f79-a3d6d7d92e88,KXNCAAF-26-OKL,2025-12-15T17:15:13.091746Z,111.00,0.0300,0.9700,yes
afceaaac-5498-668e-56c1-1e824b783b2c,KXNCAAF-26-OKL,2025-12-15T16:58:57.514565Z,110.00,0.0300,0.9700,yes
6346e3f6-7b6c-67ca-2911-1b130a4b3d0c,KXNCAAF-26-OKL,2025-12-15T16:57:00.710362Z,3058.00,0.0300,0.9700,yes
4b44bd97-6a7b-4352-0e23-7089b5a155bc,KXNCAAF-26-OKL,2025-12-15T16:54:29.322707Z,117.00,0.0200,0.9800,no
78627b7f-d154-72a6-7c62-af2971d5e718,KXNCAAF-26-OKL,2025-12-15T16:51:49.280765Z,200.00,0.0300,0.9700,yes
7c84c1b4-5784-567a-58cc-51386b57dea8,KXNCAAF-26-OKL,2025-12-15T16:48:57.787018Z,200.00,0.0300,0.9700,yes
8dbc388f-afb8-7b0e-4b73-52d4e685b524,KXNCAAF-26-OKL,2025-12-15T16:25:03.138053Z,312.00,0.0300,0.9700,yes
4230ce0c-79a4-79fa-a679-bd970899b8a4,KXNCAAF-26-OKL,2025-12-15T16:15:32.634093Z,780.00,0.0300,0.9700,yes
ee31d869-13b3-54ce-5aeb-3e3f22e1dce8,KXNCAAF-26-OKL,2025-12-15T16:12:59.304187Z,187.00,0.0200,0.9800,no
b66607b7-0a7c-73fa-c852-639f72ca3e60,KXNCAAF-26-OKL,2025-12-15T16:01:12.345319Z,156.00,0.0300,0.9700,yes
81b88cc1-1810-560a-3f51-23803ded11dc,KXNCAAF-26-OKL,2025-12-15T15:57:57.304451Z,6242.00,0.0300,0.9700,yes
5dcbb701-13a8-78f6-fd97-ea54166a54f4,KXNCAAF-26-OKL,2025-12-15T15:57:46.480196Z,6242.00,0.0300,0.9700,yes
da7e6648-6edc-42de-117b-c866137359ec,KXNCAAF-26-OKL,2025-12-15T15:56:22.191315Z,249.00,0.0300,0.9700,yes
4b8ca2d1-8e90-7d92-ca9e-901c959a44b0,KXNCAAF-26-OKL,2025-12-15T15:42:44.327179Z,239.00,0.0300,0.9700,yes
ba41557f-28f4-52d2-9069-c59d6674faa8,KXNCAAF-26-OKL,2025-12-15T15:13:07.322934Z,100.00,0.0300,0.9700,yes
eadcd3aa-7ff0-7526-3472-6a2e77208518,KXNCAAF-26-OKL,2025-12-15T15:12:22.630797Z,200.00,0.0300,0.9700,yes
c4878fdd-5744-6b66-175c-c8d24fc901b4,KXNCAAF-26-OKL,2025-12-15T15:08:10.268027Z,300.00,0.0300,0.9700,yes
12856683-5a6c-6bf6-c41f-c8d158d72b38,KXNCAAF-26-OKL,2025-12-15T14:58:22.773692Z,780.00,0.0300,0.9700,yes
e509dfd4-ca30-72ae-526e-71b0b73899a8,KXNCAAF-26-OKL,2025-12-15T14:50:00.955765Z,96.00,0.0300,0.9700,yes
ad4b5957-d6b4-50ca-0e1d-b3dcc6ba42ac,KXNCAAF-26-OKL,2025-12-15T14:46:26.526825Z,1000.00,0.0300,0.9700,yes
806d6522-ca60-5ab2-a6aa-9aaf4d598c98,KXNCAAF-26-OKL,2025-12-15T14:25:17.364165Z,503.00,0.0300,0.9700,yes
bc1c0d0d-f60c-753e-9773-a32308560fec,KXNCAAF-26-OKL,2025-12-15T14:07:50.729507Z,312.00,0.0300,0.9700,yes
154ebd5a-18bc-717a-b333-27a6682685b4,KXNCAAF-26-OKL,2025-12-15T13:38:42.282708Z,150.00,0.0300,0.9700,yes
51492f96-ed74-76c2-aa25-66af16cd9390,KXNCAAF-26-OKL,2025-12-15T13:34:00.414205Z,300.00,0.0300,0.9700,yes
f24d2d6b-326c-716a-4cd2-1c289b1fb7f8,KXNCAAF-26-OKL,2025-12-15T12:47:10.321026Z,1248.00,0.0300,0.9700,yes
f57d2457-77dc-7aae-c149-bd6ff93541ac,KXNCAAF-26-OKL,2025-12-15T09:45:07.280443Z,400.00,0.0300,0.9700,yes
a2ed8a4d-f5b0-676a-d673-9551a38c2600,KXNCAAF-26-OKL,2025-12-15T06:28:56.537815Z,400.00,0.0300,0.9700,yes
0972f5eb-dc0c-6d32-cdae-6b36874e64a8,KXNCAAF-26-OKL,2025-12-15T06:06:41.851996Z,16.00,0.0300,0.9700,yes
e33b4cc2-0e48-6c82-47c9-56a96a5164b8,KXNCAAF-26-OKL,2025-12-15T05:46:19.155673Z,31.00,0.0300,0.9700,yes
b4395349-a2bc-4182-f4a7-e2f52f22f18c,KXNCAAF-26-OKL,2025-12-15T04:39:13.84829Z,62.00,0.0300,0.9700,yes
3e093bc4-b768-753a-ca70-6866188ea7dc,KXNCAAF-26-OKL,2025-12-15T04:33:48.628071Z,22606.00,0.0300,0.9700,yes
c36e5be9-3db8-623a-e31f-838c25c6e148,KXNCAAF-26-OKL,2025-12-15T04:11:22.462331Z,305.00,0.0300,0.9700,yes
a2b0b7b5-be4c-792a-73c0-16b0cda47ec8,KXNCAAF-26-OKL,2025-12-15T02:47:05.559538Z,926.00,0.0300,0.9700,yes
7f3ce57a-9ce8-403a-8bb1-6b6b02c3f0c8,KXNCAAF-26-OKL,2025-12-15T02:44:59.191305Z,1000.00,0.0300,0.9700,yes
c14e6ccd-4974-713a-3e31-85b63876a9ec,KXNCAAF-26-OKL,2025-12-15T01:30:55.795003Z,312.00,0.0300,0.9700,yes
a6fc9871-633c-4c36-1475-34c8ba459be8,KXNCAAF-26-OKL,2025-12-15T01:29:12.629501Z,624.00,0.0300,0.9700,yes
1eb92ff9-ada0-5a6e-887d-75c46040f1a8,KXNCAAF-26-OKL,2025-12-15T01:24:36.949971Z,780.00,0.0300,0.9700,yes
e2cbf4c9-1f74-5676-fce6-e3b7c89e81a4,KXNCAAF-26-OKL,2025-12-15T00:45:31.710027Z,1248.00,0.0300,0.9700,yes
fa4438e7-e8df-72ce-395c-88ad78303578,KXNCAAF-26-OKL,2025-12-15T00:28:51.21504Z,165.00,0.0200,0.9800,no
0c7c9d03-0a58-5452-181d-bbb4c8b09638,KXNCAAF-26-OKL,2025-12-14T23:16:48.549142Z,31.00,0.0300,0.9700,yes
f49fefb2-cfc8-417e-796a-ebfacc7aeecc,KXNCAAF-26-OKL,2025-12-14T23:06:23.279942Z,20.00,0.0300,0.9700,yes
c1d76fbc-7823-7846-1880-0985caa0d474,KXNCAAF-26-OKL,2025-12-14T22:45:19.054829Z,5.00,0.0200,0.9800,no
3bc89d1d-dcc4-4082-c6b7-e787a810d298,KXNCAAF-26-OKL,2025-12-14T22:22:06.010135Z,62.00,0.0300,0.9700,yes
ff335cd9-6484-4072-7383-c792d3f8b318,KXNCAAF-26-OKL,2025-12-14T22:05:00.296006Z,177.00,0.0300,0.9700,yes
fc2af6eb-63e4-5c26-f6e6-e3fc389af2b8,KXNCAAF-26-OKL,2025-12-14T22:03:01.529241Z,500.00,0.0300,0.9700,yes
ec17aea9-43c4-4eea-9316-9e6950baf7e8,KXNCAAF-26-OKL,2025-12-14T21:39:08.353482Z,31.00,0.0300,0.9700,yes
426dc23e-c180-696e-1aa7-bf60260b5648,KXNCAAF-26-OKL,2025-12-14T21:36:31.749924Z,3000.00,0.0300,0.9700,yes
148cc37a-0e6c-5426-06b7-3e4cd9d59be4,KXNCAAF-26-OKL,2025-12-14T21:22:45.067783Z,40.00,0.0300,0.9700,yes
60bd1022-5854-45ba-decc-2b300dac027c,KXNCAAF-26-OKL,2025-12-14T21:20:28.733429Z,100.00,0.0300,0.9700,yes
873f1bf8-9174-63a2-346a-01efe377cb38,KXNCAAF-26-OKL,2025-12-14T20:58:38.336376Z,312.00,0.0300,0.9700,yes
df0c8861-ec38-7092-1b18-13b3bdcdb508,KXNCAAF-26-OKL,2025-12-14T20:53:30.931831Z,62.00,0.0300,0.9700,yes
390772bf-c56c-4bde-f239-de1d9a5b04f8,KXNCAAF-26-OKL,2025-12-14T20:37:23.363924Z,50.00,0.0300,0.9700,yes
ed16ad02-e55c-41ce-7ae0-b8a5f643b66c,KXNCAAF-26-OKL,2025-12-14T20:34:30.527999Z,400.00,0.0300,0.9700,yes
6ac1e0ab-632f-55e2-e9a2-f3c940309e64,KXNCAAF-26-OKL,2025-12-14T20:17:57.821095Z,11.00,0.0200,0.9800,no
d14c4fdf-c53c-5fda-8747-d257b1417024,KXNCAAF-26-OKL,2025-12-14T20:07:51.444304Z,23.00,0.0300,0.9700,yes
1d248d14-dbe0-6b86-c5a7-6c9efb2652e8,KXNCAAF-26-OKL,2025-12-14T19:41:32.549028Z,31.00,0.0300,0.9700,yes
9239dc6f-326c-6556-42bf-a5b66adfbeb0,KXNCAAF-26-OKL,2025-12-14T19:28:28.234369Z,1560.00,0.0300,0.9700,yes
81b20966-4ca8-656e-be2f-2dfc5f54fbb4,KXNCAAF-26-OKL,2025-12-14T18:56:44.711622Z,13.00,0.0300,0.9700,yes
7b2d2425-42e8-6b1e-8587-d2007f8aaed0,KXNCAAF-26-OKL,2025-12-14T18:54:29.271408Z,200.00,0.0300,0.9700,yes
a2188b9d-5294-4672-9ca1-db655f250d40,KXNCAAF-26-OKL,2025-12-14T18:49:23.802665Z,20.00,0.0300,0.9700,yes
c83ed5b3-4f68-6132-806c-1a6f64da7ed0,KXNCAAF-26-OKL,2025-12-14T18:21:42.337375Z,31.00,0.0300,0.9700,yes
6cae48f3-987c-6e0a-c981-c996f93f0188,KXNCAAF-26-OKL,2025-12-14T18:20:44.32079Z,312.00,0.0300,0.9700,yes
ebab3285-87c8-451a-453d-eea810fb0e20,KXNCAAF-26-OKL,2025-12-14T18:00:33.943179Z,156.00,0.0300,0.9700,yes
d7ae9a44-8b58-76ee-22df-b53bca3e0260,KXNCAAF-26-OKL,2025-12-14T16:45:10.001895Z,19.00,0.0300,0.9700,yes
4cbdc745-9c48-4ba2-1406-09f26b7e62d0,KXNCAAF-26-OKL,2025-12-14T16:44:46.897214Z,312.00,0.0300,0.9700,yes
a2652e8c-a960-42fa-a4cc-c5046d874a24,KXNCAAF-26-OKL,2025-12-14T16:16:18.960649Z,222.00,0.0300,0.9700,yes
78af08f4-744c-6f86-542d-7c8bbb4ea444,KXNCAAF-26-OKL,2025-12-14T14:06:06.817691Z,62.00,0.0300,0.9700,yes
2a01ae32-7ca8-51b2-3826-a1ac5cabd2a0,KXNCAAF-26-OKL,2025-12-14T13:16:48.42939Z,936.00,0.0300,0.9700,yes
02aeab51-6444-55aa-ffbc-123eb1bcf5dc,KXNCAAF-26-OKL,2025-12-14T12:46:45.520006Z,1000.00,0.0300,0.9700,yes
e3bbc88d-4e94-5116-7ff8-4d400d36982c,KXNCAAF-26-OKL,2025-12-14T10:38:34.430865Z,312.00,0.0300,0.9700,yes
dda13069-bb84-637e-4859-8de44e534218,KXNCAAF-26-OKL,2025-12-14T08:34:06.191139Z,200.00,0.0300,0.9700,yes
ed8eea68-57f4-461a-4a29-bb3b43b4e3b4,KXNCAAF-26-OKL,2025-12-14T07:22:42.746181Z,9.00,0.0300,0.9700,yes
b000e3da-2ec0-6412-16ea-68c73e9bf8a4,KXNCAAF-26-OKL,2025-12-14T06:54:27.365513Z,17.00,0.0300,0.9700,yes
348814b2-c598-695a-cdba-9c06a0f9bf8c,KXNCAAF-26-OKL,2025-12-14T05:14:07.52807Z,31.00,0.0300,0.9700,yes
8c27ba03-f4d8-5512-34ef-486513a70414,KXNCAAF-26-OKL,2025-12-14T04:15:22.079271Z,31.00,0.0300,0.9700,yes
8fd5bb9b-5ddc-6f52-7710-a0cc68c87488,KXNCAAF-26-OKL,2025-12-14T04:14:14.49731Z,1533.00,0.0300,0.9700,yes
8e9d9a09-3c68-6ce6-1921-ae76bde6bd30,KXNCAAF-26-OKL,2025-12-14T04:02:24.265991Z,312.00,0.0300,0.9700,yes
e4a7dfaa-28f4-5d4a-067b-a897eb527810,KXNCAAF-26-OKL,2025-12-14T03:09:58.252667Z,50.00,0.0300,0.9700,yes
2e2929e2-4924-69f2-ae6c-7f1b3e3d4ad4,KXNCAAF-26-OKL,2025-12-14T02:06:52.666257Z,624.00,0.0300,0.9700,yes
42b20ef8-4e58-5032-45c2-ead8d34b919c,KXNCAAF-26-OKL,2025-12-14T02:05:02.472918Z,315.00,0.0300,0.9700,yes
913fcb53-f590-4fda-f43b-4228bbd4c798,KXNCAAF-26-OKL,2025-12-14T01:54:21.3525Z,250.00,0.0300,0.9700,yes
d6f73791-b270-5622-e61c-8df1207af44c,KXNCAAF-26-OKL,2025-12-14T01:53:00.400306Z,1560.00,0.0300,0.9700,yes
c648ed03-c36c-592e-31ac-5391da6045cc,KXNCAAF-26-OKL,2025-12-14T01:50:35.677135Z,2000.00,0.0300,0.9700,yes
2ef3bb15-bec0-4842-0e10-30fde4df4130,KXNCAAF-26-OKL,2025-12-14T01:44:13.439628Z,312.00,0.0300,0.9700,yes
0e5d284e-a444-6f82-a062-627ed4bdfe5c,KXNCAAF-26-OKL,2025-12-14T01:44:04.49483Z,312.00,0.0300,0.9700,yes
2ec41328-bc4f-51b2-8b1b-f47dbf5fc840,KXNCAAF-26-OKL,2025-12-14T01:25:05.637594Z,3121.00,0.0200,0.9800,no
392bed0d-0354-7602-10b4-aba2f3c496f8,KXNCAAF-26-OKL,2025-12-14T01:20:24.598179Z,624.00,0.0300,0.9700,yes
4e80ca2f-3000-746a-ca69-25a3aa2daaa0,KXNCAAF-26-OKL,2025-12-14T01:20:13.571226Z,650.00,0.0300,0.9700,yes
1012e668-f204-6b7a-f981-43eafacf20e8,KXNCAAF-26-OKL,2025-12-14T01:19:42.526631Z,72.00,0.0300,0.9700,yes
6655472c-5fe0-505a-35ba-1ca703e40be0,KXNCAAF-26-OKL,2025-12-14T01:11:56.188821Z,3089.00,0.0300,0.9700,yes
027c5f77-4134-7666-82bd-47bf7234a9a4,KXNCAAF-26-OKL,2025-12-14T01:09:11.472798Z,312.00,0.0300,0.9700,yes
c38894c2-a804-6d2e-86cc-7c2d70c38e70,KXNCAAF-26-OKL,2025-12-14T01:01:11.185134Z,3058.00,0.0300,0.9700,yes
fd91212a-d810-5ab2-7228-c96aa6646c48,KXNCAAF-26-OKL,2025-12-14T00:51:18.426472Z,60.00,0.0300,0.9700,yes
7963b4e8-2824-5962-2ece-dc2a58bf7fe4,KXNCAAF-26-OKL,2025-12-14T00:34:28.690305Z,156.00,0.0300,0.9700,yes
420f86e6-f26c-4bda-c44d-d29fd58f784c,KXNCAAF-26-OKL,2025-12-14T00:24:52.506413Z,119.00,0.0300,0.9700,yes
278dee8b-e234-544e-7392-a1a40c38350c,KXNCAAF-26-OKL,2025-12-14T00:15:24.825043Z,150.00,0.0300,0.9700,yes
7aecf142-86ac-64ee-5d67-58d7e08b48cc,KXNCAAF-26-OKL,2025-12-13T23:54:42.141718Z,100.00,0.0300,0.9700,yes
87b66546-e480-791e-e9b4-9f4d7ebeb718,KXNCAAF-26-OKL,2025-12-13T23:41:52.509523Z,50.00,0.0300,0.9700,yes
2c3696a7-1ea8-677e-faf6-5b12b4f1c6d8,KXNCAAF-26-OKL,2025-12-13T23:36:14.018695Z,468.00,0.0300,0.9700,yes
3f0b3312-3a3c-653e-7b9e-1bf0d0346c28,KXNCAAF-26-OKL,2025-12-13T23:20:40.415084Z,156.00,0.0300,0.9700,yes
7af69d19-a430-5102-2647-de9d251e3e88,KXNCAAF-26-OKL,2025-12-13T23:06:47.203297Z,385.00,0.0300,0.9700,yes
d5b303fa-a560-464e-a726-0de86bce0fd0,KXNCAAF-26-OKL,2025-12-13T23:05:25.966393Z,22.00,0.0300,0.9700,yes
bb017243-4ef8-737e-a8a5-b7f9367ff964,KXNCAAF-26-OKL,2025-12-13T22:54:36.659198Z,100.00,0.0300,0.9700,yes
725f70ac-e854-4e66-1c7a-83b25a3c2f58,KXNCAAF-26-OKL,2025-12-13T22:07:51.9368Z,18.00,0.0300,0.9700,yes
0b3b2a54-84e0-6312-852a-fbab991222ac,KXNCAAF-26-OKL,2025-12-13T21:07:45.461518Z,31.00,0.0300,0.9700,yes
95aac696-6ce0-744c-a09b-885bfcd4a73b,KXNCAAF-26-OKL,2025-12-13T21:04:50.221904Z,100.00,0.0200,0.9800,no
54e8e731-e978-76c6-cbc3-c7ba13d9872c,KXNCAAF-26-OKL,2025-12-13T20:36:28.498466Z,151.00,0.0300,0.9700,yes
3247cae5-ac78-759e-9cb8-345c1574e3c8,KXNCAAF-26-OKL,2025-12-13T20:15:15.351957Z,180.00,0.0300,0.9700,yes
306d5754-0274-45ee-78be-5996f0ca6a10,KXNCAAF-26-OKL,2025-12-13T19:36:11.201258Z,1591.00,0.0300,0.9700,yes
9d08a18e-8100-4932-ceb1-7b6d976b0fe4,KXNCAAF-26-OKL,2025-12-13T19:30:01.921802Z,1000.00,0.0300,0.9700,yes
bb234401-2f98-7d6a-fb4e-03e6fa86b8fc,KXNCAAF-26-OKL,2025-12-13T19:19:42.401652Z,25.00,0.0300,0.9700,yes
1e862475-b874-69c2-3540-15d1ac1f61b8,KXNCAAF-26-OKL,2025-12-13T18:43:06.644348Z,624.00,0.0300,0.9700,yes
3f15d828-ddc0-5eb2-5e74-696c370e1fb4,KXNCAAF-26-OKL,2025-12-13T18:38:05.292356Z,30.00,0.0300,0.9700,yes
217a7ba5-2e4c-591a-ccb0-6cefe191dc00,KXNCAAF-26-OKL,2025-12-13T18:35:23.727555Z,21.00,0.0300,0.9700,yes
4b1ae837-e2a8-5a9a-c495-fe9f805765d8,KXNCAAF-26-OKL,2025-12-13T18:12:05.74815Z,1248.00,0.0300,0.9700,yes
e3a494b8-f6bc-59d2-861f-cc41649a466c,KXNCAAF-26-OKL,2025-12-13T18:11:35.909604Z,3.00,0.0300,0.9700,yes
5e066b80-86a0-506a-7ad5-2f6eb04fde14,KXNCAAF-26-OKL,2025-12-13T18:01:23.913349Z,31.00,0.0300,0.9700,yes
0f5ff7af-f8d0-4de6-79c5-7a6e58055064,KXNCAAF-26-OKL,2025-12-13T17:38:57.382938Z,155.00,0.0300,0.9700,yes
d6ede2f0-3130-7c0a-1166-368aa14fe030,KXNCAAF-26-OKL,2025-12-13T17:06:04.801537Z,1000.00,0.0300,0.9700,yes
6bf720fe-7840-657a-037d-bb3810d7f874,KXNCAAF-26-OKL,2025-12-13T16:59:21.580734Z,156.00,0.0300,0.9700,yes
9088aeec-7a84-6f86-59a7-56190e926748,KXNCAAF-26-OKL,2025-12-13T16:39:31.679598Z,312.00,0.0300,0.9700,yes
d9510c74-5cc8-6c96-c23e-8a8256de1034,KXNCAAF-26-OKL,2025-12-13T16:33:12.459126Z,4444.00,0.0300,0.9700,yes
fcd61a3f-311c-553a-7929-82b27621f654,KXNCAAF-26-OKL,2025-12-13T15:57:48.407603Z,360.00,0.0300,0.9700,yes
e04717d6-4470-4f0e-19ec-e389051098f8,KXNCAAF-26-OKL,2025-12-13T14:23:22.56786Z,312.00,0.0300,0.9700,yes
0cc1838e-3cf4-4976-8ccb-95d7a1bec37c,KXNCAAF-26-OKL,2025-12-13T13:46:56.148663Z,15606.00,0.0300,0.9700,yes
f1884718-9b58-6b82-e862-ea6d9050ba9c,KXNCAAF-26-OKL,2025-12-13T09:58:05.23642Z,312.00,0.0300,0.9700,yes
3b274df9-fe4c-780e-a99f-56944c778098,KXNCAAF-26-OKL,2025-12-13T09:12:03.295339Z,2000.00,0.0300,0.9700,yes
1ddc5926-f844-41ea-ceb1-940541f1b1a4,KXNCAAF-26-OKL,2025-12-13T06:31:44.912959Z,312.00,0.0300,0.9700,yes
94c04597-d668-6472-ab06-3ac705a0d7ac,KXNCAAF-26-OKL,2025-12-13T05:50:33.312701Z,468.00,0.0300,0.9700,yes
5487ee18-b8dc-5246-10f1-cd7724aa8ebc,KXNCAAF-26-OKL,2025-12-13T05:38:44.228701Z,305.00,0.0300,0.9700,yes
a97c7828-e7dc-5032-040f-42e85408063c,KXNCAAF-26-OKL,2025-12-13T05:13:25.055486Z,374.00,0.0300,0.9700,yes
ae8d13be-45a8-4626-1fb8-eb09bd642a6c,KXNCAAF-26-OKL,2025-12-13T04:25:26.185739Z,9.00,0.0300,0.9700,yes
8385d787-525c-7606-3eff-844df5bd85d8,KXNCAAF-26-OKL,2025-12-13T03:38:52.030213Z,312.00,0.0300,0.9700,yes
6a87057c-3224-6d1e-e039-3f24afada9cc,KXNCAAF-26-OKL,2025-12-13T02:35:57.627171Z,1872.00,0.0300,0.9700,yes
b714d8a3-16a8-5fee-2831-dbfd1b2f2434,KXNCAAF-26-OKL,2025-12-13T01:55:42.438773Z,4682.00,0.0300,0.9700,yes
b56bdfcc-5efc-5fd6-1f12-6b0106df673c,KXNCAAF-26-OKL,2025-12-13T01:43:34.000784Z,222.00,0.0300,0.9700,yes
6ba01ba3-6fc4-5696-24cc-01207503db44,KXNCAAF-26-OKL,2025-12-13T01:38:28.581633Z,333.00,0.0300,0.9700,yes
5a611cb0-48c8-67a2-63cc-62a41ecee89c,KXNCAAF-26-OKL,2025-12-13T01:34:53.809028Z,333.00,0.0300,0.9700,yes
209964da-ab88-624a-e185-7f9380c544c0,KXNCAAF-26-OKL,2025-12-12T23:11:21.419411Z,1541.00,0.0300,0.9700,yes
9bc61f46-ddd4-700a-10e7-d3ba86bf1874,KXNCAAF-26-OKL,2025-12-12T23:08:16.673272Z,100.00,0.0300,0.9700,yes
9ceca8de-a474-774e-909b-6a67eec21ea8,KXNCAAF-26-OKL,2025-12-12T23:02:39.59864Z,780.00,0.0300,0.9700,yes
e54e3e86-c9d4-427e-e746-1b5a1e08d004,KXNCAAF-26-OKL,2025-12-12T21:47:43.972033Z,305.00,0.0300,0.9700,yes
b54fede2-0950-4896-b220-7e04818d8fd8,KXNCAAF-26-OKL,2025-12-12T21:47:07.948695Z,31.00,0.0300,0.9700,yes
0cd434fc-5448-445a-8006-abe1d3c2417c,KXNCAAF-26-OKL,2025-12-12T21:43:12.673116Z,315.00,0.0300,0.9700,yes
908f621e-e270-792a-c76f-3c693617693c,KXNCAAF-26-OKL,2025-12-12T21:39:04.336163Z,305.00,0.0300,0.9700,yes
c0c80b12-e9b8-4452-d9cb-12bef509afa8,KXNCAAF-26-OKL,2025-12-12T20:57:19.813472Z,100.00,0.0300,0.9700,yes
a67cdea7-a73c-607a-86bf-1e7ec36f856c,KXNCAAF-26-OKL,2025-12-12T20:50:31.336631Z,100.00,0.0300,0.9700,yes
866555dd-2244-6212-5941-a79d171e2d0c,KXNCAAF-26-OKL,2025-12-12T20:23:06.34473Z,200.00,0.0300,0.9700,yes
d8550e6c-7464-50f6-ec5a-450043b4da4c,KXNCAAF-26-OKL,2025-12-12T19:18:57.308806Z,62.00,0.0300,0.9700,yes
79ad882c-73c4-476a-38e8-7ee9d5fa8358,KXNCAAF-26-OKL,2025-12-12T17:50:51.895715Z,6.00,0.0300,0.9700,yes
50433e24-96a0-5f22-89fb-b1ab781f6d0c,KXNCAAF-26-OKL,2025-12-12T17:49:19.778329Z,18.00,0.0300,0.9700,yes
d7e15fd2-68e8-6726-b86f-40d5e43d53a0,KXNCAAF-26-OKL,2025-12-12T17:24:08.270513Z,280.00,0.0300,0.9700,yes
b2549f78-89c0-5d72-c538-f2622e8ea9e8,KXNCAAF-26-OKL,2025-12-12T17:10:38.902229Z,62.00,0.0300,0.9700,yes
51e348ef-f2d8-543e-94cb-f20a64fa76dc,KXNCAAF-26-OKL,2025-12-12T17:07:10.950988Z,156.00,0.0300,0.9700,yes
68364399-fd68-4b3a-90ff-8d5b50448948,KXNCAAF-26-OKL,2025-12-12T16:26:42.879213Z,31.00,0.0300,0.9700,yes
7a1add54-3d24-66b6-3bd1-9baf14b0b690,KXNCAAF-26-OKL,2025-12-12T15:59:58.871306Z,1560.00,0.0300,0.9700,yes
5089690a-eee4-5592-d0f1-b810c0a78204,KXNCAAF-26-OKL,2025-12-12T15:18:28.317209Z,62.00,0.0300,0.9700,yes
4b0bd826-c474-512a-6a0a-c8e3428fee7c,KXNCAAF-26-OKL,2025-12-12T15:12:16.674978Z,100.00,0.0300,0.9700,yes
3805c846-4ab4-6992-faa6-eec71a46f410,KXNCAAF-26-OKL,2025-12-12T14:59:34.205588Z,561.00,0.0300,0.9700,yes
62604f12-3794-4ece-df81-b90e1f476624,KXNCAAF-26-OKL,2025-12-12T14:59:02.435946Z,111.00,0.0300,0.9700,yes
f39083fc-55b4-5df2-210c-0fccde3f0338,KXNCAAF-26-OKL,2025-12-12T14:50:37.118563Z,300.00,0.0300,0.9700,yes
2cfd180c-1e90-5fe2-bdb7-376e46ccdb50,KXNCAAF-26-OKL,2025-12-12T14:47:56.599512Z,31.00,0.0300,0.9700,yes
05837262-abe4-6aaa-cbfd-2a22b4e1dbdc,KXNCAAF-26-OKL,2025-12-12T14:39:23.370521Z,156.00,0.0300,0.9700,yes
f0d7ab9f-7304-769e-efcb-649e1a6f5058,KXNCAAF-26-OKL,2025-12-12T14:33:34.011513Z,400.00,0.0300,0.9700,yes
5988aa11-c218-6442-428f-6e55b6434b9c,KXNCAAF-26-OKL,2025-12-12T14:31:31.122995Z,31.00,0.0300,0.9700,yes
243482c7-0cbc-5992-ca5d-0a1542e6bf4c,KXNCAAF-26-OKL,2025-12-12T11:55:42.967784Z,156.00,0.0300,0.9700,yes
f7cb2588-62c4-4e7a-e1f4-661d90f39064,KXNCAAF-26-OKL,2025-12-12T11:00:01.158978Z,4588.00,0.0300,0.9700,yes
e3366bdf-efa4-7f2e-3662-d1751f160368,KXNCAAF-26-OKL,2025-12-12T10:16:06.445832Z,31.00,0.0300,0.9700,yes
7e01c763-a118-7f5a-ddbe-9b06e4283ec4,KXNCAAF-26-OKL,2025-12-12T07:24:10.119094Z,50.00,0.0300,0.9700,yes
3af03f84-d9a8-759e-7d32-fd3649638070,KXNCAAF-26-OKL,2025-12-12T06:33:50.440657Z,373.00,0.0300,0.9700,yes
a1efc278-e958-55ca-548d-9d0cb9ad0084,KXNCAAF-26-OKL,2025-12-12T05:59:30.506372Z,200.00,0.0300,0.9700,yes
63036294-2c90-4a72-3eba-06b0df0fbfe8,KXNCAAF-26-OKL,2025-12-12T05:33:31.341987Z,1000.00,0.0300,0.9700,yes
5312d0da-bb8c-74b2-b33f-402ed3ed54e8,KXNCAAF-26-OKL,2025-12-12T05:18:59.919019Z,1373.00,0.0300,0.9700,yes
ceb740cb-c804-4cae-0504-6fd9ab70a8e0,KXNCAAF-26-OKL,2025-12-12T05:06:19.195723Z,1.00,0.0300,0.9700,yes
03ddc0c6-2148-572e-cfa4-21cb00b17ebc,KXNCAAF-26-OKL,2025-12-12T04:54:28.011681Z,1000.00,0.0300,0.9700,yes
8dda1d7b-92bc-63d6-3563-4abecee6f804,KXNCAAF-26-OKL,2025-12-12T04:46:38.674335Z,624.00,0.0300,0.9700,yes
a250cfce-ce64-7d2e-221b-cd2b9056cec0,KXNCAAF-26-OKL,2025-12-12T04:27:52.008513Z,156.00,0.0300,0.9700,yes
134a7caf-b7b8-4df6-f73b-bfdeb81a52d4,KXNCAAF-26-OKL,2025-12-12T03:53:20.43018Z,312.00,0.0300,0.9700,yes
aba611b4-ab0c-7c8a-de1b-b47ac3c4cc1c,KXNCAAF-26-OKL,2025-12-12T03:51:44.672156Z,179.00,0.0300,0.9700,yes
ccde4fb8-cd88-553e-5d7d-965685531210,KXNCAAF-26-OKL,2025-12-12T03:16:57.619146Z,31.00,0.0300,0.9700,yes
9dab3336-ef38-741a-7e42-c2344f64b104,KXNCAAF-26-OKL,2025-12-12T03:16:15.818462Z,31.00,0.0300,0.9700,yes
741db39e-47c8-4336-3cb3-5a0840e70920,KXNCAAF-26-OKL,2025-12-12T02:42:56.262351Z,410.00,0.0300,0.9700,yes
78f29fb8-6500-417e-9e38-9d3ae97a7960,KXNCAAF-26-OKL,2025-12-12T02:31:28.055603Z,93.00,0.0300,0.9700,yes
dfd42fa1-3974-6abe-a836-9d123cb10858,KXNCAAF-26-OKL,2025-12-12T02:24:59.270448Z,312.00,0.0300,0.9700,yes
a32ff5cd-0c04-7ca2-9d95-d5c2dc8290a8,KXNCAAF-26-OKL,2025-12-12T02:21:00.02512Z,1154.00,0.0300,0.9700,yes
950988e8-4b78-74e6-24c8-492829ec516c,KXNCAAF-26-OKL,2025-12-12T02:15:42.569139Z,93.00,0.0300,0.9700,yes
4ddc6943-6cd0-4106-2f1b-9ffb4cd03e0c,KXNCAAF-26-OKL,2025-12-12T01:54:20.570441Z,780.00,0.0300,0.9700,yes
33d77fe2-cd50-5dca-f2e5-a604a589e8b4,KXNCAAF-26-OKL,2025-12-12T01:26:36.357592Z,312.00,0.0300,0.9700,yes
72ecb330-21a4-7216-1565-76afa6ea4030,KXNCAAF-26-OKL,2025-12-12T01:07:28.090495Z,780.00,0.0300,0.9700,yes
43d9658e-adc8-678e-98ef-7a5f7d9d7274,KXNCAAF-26-OKL,2025-12-12T00:41:21.255176Z,156.00,0.0300,0.9700,yes
e7c08571-c178-4446-179b-9690e0b50118,KXNCAAF-26-OKL,2025-12-12T00:31:15.203473Z,624.00,0.0300,0.9700,yes
a6cfab86-5598-7b7e-de86-e685e539f92c,KXNCAAF-26-OKL,2025-12-12T00:02:31.669973Z,1560.00,0.0300,0.9700,yes
6475330c-a01c-7396-dd5f-685340052fa4,KXNCAAF-26-OKL,2025-12-11T23:40:07.339209Z,187.00,0.0300,0.9700,yes
5c06bda9-36f0-5aa6-16ed-435ef123ddb0,KXNCAAF-26-OKL,2025-12-11T23:29:40.95657Z,9.00,0.0300,0.9700,yes
7ee9d936-9694-7772-035c-fb6a149a5edc,KXNCAAF-26-OKL,2025-12-11T23:10:42.722894Z,156.00,0.0300,0.9700,yes
2014afab-4adc-4f42-50dd-f03015a1c590,KXNCAAF-26-OKL,2025-12-11T22:20:02.027397Z,150.00,0.0300,0.9700,yes
1398f2c2-70ac-5d16-0b80-149f1cc3b108,KXNCAAF-26-OKL,2025-12-11T21:36:04.28427Z,600.00,0.0300,0.9700,yes
cebd8440-bcc0-59aa-7278-1be6294ff8a0,KXNCAAF-26-OKL,2025-12-11T21:34:42.572368Z,624.00,0.0300,0.9700,yes
090ce53a-20e8-4c36-2bf3-6c5dd5975844,KXNCAAF-26-OKL,2025-12-11T21:28:33.846489Z,156.00,0.0300,0.9700,yes
43951098-2fd8-494e-df3f-47b94784d8fc,KXNCAAF-26-OKL,2025-12-11T21:21:40.02796Z,765.00,0.0300,0.9700,yes
81c3afbb-4428-5f52-1d65-74e7af1c2904,KXNCAAF-26-OKL,2025-12-11T21:20:10.672486Z,1500.00,0.0300,0.9700,yes
b3365057-08e0-51e2-009d-a7582a50fe1c,KXNCAAF-26-OKL,2025-12-11T21:19:58.287787Z,624.00,0.0300,0.9700,yes
9b4a974a-55b0-42c2-9f5a-48cfcefd504c,KXNCAAF-26-OKL,2025-12-11T21:04:45.19096Z,200.00,0.0300,0.9700,yes
2e71d047-a16c-4806-14b0-44a2ff86a3bc,KXNCAAF-26-OKL,2025-12-11T21:03:47.432422Z,50.00,0.0300,0.9700,yes
df17d849-15f4-5b82-da3a-3307f2e0c4a4,KXNCAAF-26-OKL,2025-12-11T20:59:13.270313Z,308.00,0.0300,0.9700,yes
d2160920-f2d8-708e-8ca0-c47034d60340,KXNCAAF-26-OKL,2025-12-11T20:31:30.853024Z,6336.00,0.0300,0.9700,yes
f39d2c0e-3254-47e2-da68-c1c395a7380c,KXNCAAF-26-OKL,2025-12-11T20:29:19.344575Z,10.00,0.0300,0.9700,yes
5eba09af-d82c-41b6-8948-af24c04927ec,KXNCAAF-26-OKL,2025-12-11T20:21:44.142821Z,55.00,0.0300,0.9700,yes
09d182ac-2614-457e-33de-6f21f8c9e7f8,KXNCAAF-26-OKL,2025-12-11T20:17:51.208255Z,93.00,0.0300,0.9700,yes
d960f5dd-44a8-54ce-545b-9224bd1ba884,KXNCAAF-26-OKL,2025-12-11T20:06:28.424269Z,436.00,0.0300,0.9700,yes
9199c2a5-d3c0-5a2e-0519-1e2414cd6bc4,KXNCAAF-26-OKL,2025-12-11T20:02:39.224233Z,500.00,0.0300,0.9700,yes
72dd955e-9da8-6076-ec2b-97aaa3232560,KXNCAAF-26-OKL,2025-12-11T19:55:54.078445Z,1.00,0.0300,0.9700,yes
6df9f76a-9cfc-6036-a69d-0cb526127610,KXNCAAF-26-OKL,2025-12-11T18:53:58.205925Z,1223.00,0.0300,0.9700,yes
bf247fca-0378-68ca-19e9-71e749c76674,KXNCAAF-26-OKL,2025-12-11T18:52:25.826158Z,1.00,0.0300,0.9700,yes
0824035e-f504-6cba-6489-91002647d39c,KXNCAAF-26-OKL,2025-12-11T17:58:41.161294Z,93.00,0.0300,0.9700,yes
fbd05497-d600-77ba-d7e8-4f112f20a478,KXNCAAF-26-OKL,2025-12-11T17:21:18.51798Z,31.00,0.0300,0.9700,yes
c234a516-c810-6dd6-c571-809de352c9fc,KXNCAAF-26-OKL,2025-12-11T16:57:00.457677Z,156.00,0.0300,0.9700,yes
1ff5e731-54a0-6bee-995f-ed51d27eb218,KXNCAAF-26-OKL,2025-12-11T16:16:58.756113Z,1997.00,0.0300,0.9700,yes
56856ec5-d3d8-5c4e-92a7-f3534f923f40,KXNCAAF-26-OKL,2025-12-11T16:16:10.65251Z,156.00,0.0300,0.9700,yes
5517b874-31e4-655e-e73a-dce87d02dc28,KXNCAAF-26-OKL,2025-12-11T16:11:20.284351Z,156.00,0.0300,0.9700,yes
d4a5de7a-c698-54d2-0c1b-33796bcb7644,KXNCAAF-26-OKL,2025-12-11T16:08:13.607968Z,60.00,0.0300,0.9700,yes
1aa478b0-b77c-74e2-efeb-64cfce91e864,KXNCAAF-26-OKL,2025-12-11T14:46:32.97126Z,312.00,0.0300,0.9700,yes
0ffc6992-9ee8-45f2-4908-263bd7e74a54,KXNCAAF-26-OKL,2025-12-11T14:33:00.730369Z,62.00,0.0300,0.9700,yes
ada68707-da08-7822-c05a-d22aed7a0f0c,KXNCAAF-26-OKL,2025-12-11T13:57:22.332686Z,51.00,0.0300,0.9700,yes
5ded8c58-804c-6bbe-fa5d-3b23543c11e8,KXNCAAF-26-OKL,2025-12-11T13:31:30.138308Z,31.00,0.0300,0.9700,yes
b262e997-0078-6ef2-f47d-3b733442dc88,KXNCAAF-26-OKL,2025-12-11T12:24:56.312534Z,240.00,0.0300,0.9700,yes
3ff3716d-df68-6cce-40f4-a5d1fbb25494,KXNCAAF-26-OKL,2025-12-11T12:22:17.55744Z,140.00,0.0300,0.9700,yes
9b71e115-e4dc-6432-4afb-1d92efd26e0c,KXNCAAF-26-OKL,2025-12-11T06:30:45.459656Z,21.00,0.0300,0.9700,yes
2fd538ad-11c8-438a-dca2-b094852bc184,KXNCAAF-26-OKL,2025-12-11T06:02:10.306571Z,100.00,0.0300,0.9700,yes
ab756e9a-8f24-7676-b0cc-c84f8246020c,KXNCAAF-26-OKL,2025-12-11T05:55:25.124216Z,100.00,0.0300,0.9700,yes
504422e1-2c58-5426-be0a-f96c6469b640,KXNCAAF-26-OKL,2025-12-11T05:36:32.130181Z,62.00,0.0300,0.9700,yes
1b4f36a9-ff8c-4e76-2dbb-38883d942d04,KXNCAAF-26-OKL,2025-12-11T04:53:21.605236Z,300.00,0.0300,0.9700,yes
b8aef0ad-8cf4-68ba-fc86-8006fce695b8,KXNCAAF-26-OKL,2025-12-11T04:51:35.101663Z,144.00,0.0300,0.9700,yes
0b5f06ae-722c-4b16-2cd8-6e30293c9cc8,KXNCAAF-26-OKL,2025-12-11T04:39:08.58323Z,700.00,0.0300,0.9700,yes
227feefd-6b54-5bda-dbe3-b2559cb7d2e4,KXNCAAF-26-OKL,2025-12-11T04:34:17.929115Z,100.00,0.0300,0.9700,yes
89c9ed55-6930-4312-afbe-8415201e10e0,KXNCAAF-26-OKL,2025-12-11T04:24:11.166509Z,218.00,0.0300,0.9700,yes
5d8df9f8-94b8-6212-64ab-de4f0fbe1b58,KXNCAAF-26-OKL,2025-12-11T04:22:26.86366Z,62.00,0.0300,0.9700,yes
36c753a1-4504-46da-ae2e-c264099eebf8,KXNCAAF-26-OKL,2025-12-11T04:15:59.389198Z,1029.00,0.0300,0.9700,yes
223cea29-ddb3-40b0-b697-e435837ea8a0,KXNCAAF-26-OKL,2025-12-11T04:15:59.389198Z,971.00,0.0300,0.9700,yes
6746c764-c763-7c14-7c44-8de3ab0f5644,KXNCAAF-26-OKL,2025-12-11T04:14:49.117403Z,280.00,0.0300,0.9700,yes
fffdfd12-843b-6938-ead6-267ef9cc335c,KXNCAAF-26-OKL,2025-12-11T04:13:30.287276Z,124.00,0.0300,0.9700,yes
cdbde20d-c75b-6a2c-696f-4dc6743b0064,KXNCAAF-26-OKL,2025-12-11T04:12:57.585457Z,780.00,0.0300,0.9700,yes
05f21ba7-6687-5f78-2358-85c829307238,KXNCAAF-26-OKL,2025-12-11T04:12:28.862974Z,156.00,0.0300,0.9700,yes
c4924edc-b747-4150-6c81-f2eaff95ce64,KXNCAAF-26-OKL,2025-12-11T04:05:37.154655Z,2000.00,0.0300,0.9700,yes
55210454-8287-7d78-02dd-cc6ca883aa88,KXNCAAF-26-OKL,2025-12-11T03:58:24.984998Z,305.00,0.0300,0.9700,yes
d315cdc4-aecf-73a4-650a-5e13f28edb98,KXNCAAF-26-OKL,2025-12-11T03:25:56.475413Z,42.00,0.0300,0.9700,yes
d2145bad-b2bf-593c-4479-92cccd2d452c,KXNCAAF-26-OKL,2025-12-11T03:21:11.506684Z,312.00,0.0300,0.9700,yes
ebf46810-a0a3-6c08-511b-eae2520641d4,KXNCAAF-26-OKL,2025-12-11T03:18:01.47179Z,100.00,0.0300,0.9700,yes
0673c6d9-b284-6ed4-3e84-04f4d7ecd2eb,KXNCAAF-26-OKL,2025-12-11T03:12:25.927283Z,400.00,0.0200,0.9800,no
48ed37c6-8b33-6688-9410-e45aba01cc8c,KXNCAAF-26-OKL,2025-12-11T02:52:09.449822Z,156.00,0.0300,0.9700,yes
ba9fb250-170b-551c-fda2-59de39a0ef84,KXNCAAF-26-OKL,2025-12-11T02:44:22.393897Z,10.00,0.0300,0.9700,yes
ef555e85-1b1b-7e74-2161-09aadd65a454,KXNCAAF-26-OKL,2025-12-11T02:20:33.448782Z,31.00,0.0300,0.9700,yes
fe4f0c34-404f-4324-b117-f2b43bfeae00,KXNCAAF-26-OKL,2025-12-11T02:06:29.683207Z,1000.00,0.0300,0.9700,yes
98f62192-077f-5b54-db2c-53a7fefd702c,KXNCAAF-26-OKL,2025-12-11T01:51:50.787813Z,100.00,0.0300,0.9700,yes
7c8b4eee-7893-597c-932f-41ddc4c1c2d8,KXNCAAF-26-OKL,2025-12-11T01:51:43.032906Z,16.00,0.0300,0.9700,yes
50288900-21fb-7094-30aa-e45e3194ca74,KXNCAAF-26-OKL,2025-12-11T01:46:29.33699Z,93.00,0.0300,0.9700,yes
09eb173d-8967-6950-a821-b78ec388e0d8,KXNCAAF-26-OKL,2025-12-11T01:22:48.507133Z,31.00,0.0300,0.9700,yes
8d261780-b208-5dd8-094e-0e39d1f517ff,KXNCAAF-26-OKL,2025-12-11T01:14:28.838348Z,244.00,0.0200,0.9800,no
41950d8e-b57c-5af1-2169-cac0b6fde8e3,KXNCAAF-26-OKL,2025-12-11T01:14:28.838348Z,381.00,0.0200,0.9800,no
e3e6067a-1ca3-66d8-c326-4196d0e28e74,KXNCAAF-26-OKL,2025-12-11T01:09:11.76435Z,1560.00,0.0300,0.9700,yes
23379077-1a20-5b6d-b9a9-fc3e1ddc4213,KXNCAAF-26-OKL,2025-12-11T01:05:46.474742Z,119.00,0.0200,0.9800,no
8987bf6f-3a3f-6f10-2f63-f80199120670,KXNCAAF-26-OKL,2025-12-11T00:43:24.227013Z,200.00,0.0300,0.9700,yes
220eb0f7-adf3-4454-4db9-77f689eba434,KXNCAAF-26-OKL,2025-12-11T00:16:18.594794Z,513.00,0.0300,0.9700,yes
9f75fead-5e0f-79c4-6358-45d512b09a74,KXNCAAF-26-OKL,2025-12-11T00:02:58.27746Z,62.00,0.0300,0.9700,yes
042aac61-e9d3-67e0-2a81-f8641fb037a8,KXNCAAF-26-OKL,2025-12-10T23:13:22.840895Z,1000.00,0.0300,0.9700,yes
5752002e-090f-5e48-92af-da6183c2764c,KXNCAAF-26-OKL,2025-12-10T23:08:49.363305Z,1560.00,0.0300,0.9700,yes
dac6037b-d31f-5750-c80a-5ec0dcf9f73c,KXNCAAF-26-OKL,2025-12-10T23:06:57.188007Z,1560.00,0.0300,0.9700,yes
1ab91dcf-475b-7cd4-3833-aec69b12333c,KXNCAAF-26-OKL,2025-12-10T22:49:05.423824Z,62.00,0.0300,0.9700,yes
d33a9913-0687-4154-ee08-d0dcddcd3840,KXNCAAF-26-OKL,2025-12-10T22:44:05.369277Z,222.00,0.0300,0.9700,yes
f1540c58-bd6b-46f8-56e2-89670052663c,KXNCAAF-26-OKL,2025-12-10T22:30:22.445628Z,31.00,0.0300,0.9700,yes
e925fbf2-7e43-5d54-ad9a-3597ae851218,KXNCAAF-26-OKL,2025-12-10T22:29:43.084772Z,1530.00,0.0300,0.9700,yes
f9be2fe6-cfeb-5b3c-f08b-70aebd4067e8,KXNCAAF-26-OKL,2025-12-10T21:43:13.292988Z,1560.00,0.0300,0.9700,yes
a7954393-dd27-63c8-b85e-c567bb3fa744,KXNCAAF-26-OKL,2025-12-10T20:42:35.968499Z,156.00,0.0300,0.9700,yes
3278dbb9-556b-4a24-830a-66a47c5dfcbc,KXNCAAF-26-OKL,2025-12-10T20:28:44.898116Z,7.00,0.0300,0.9700,yes
90a66f7b-7f6b-6c68-a839-98deaf7f97e0,KXNCAAF-26-OKL,2025-12-10T20:13:19.596517Z,1111.00,0.0300,0.9700,yes
4f3f4ddd-c8ab-68a8-6fc5-da0307af7fb4,KXNCAAF-26-OKL,2025-12-10T19:55:43.89481Z,165.00,0.0300,0.9700,yes
98f4c442-a437-44e4-d1cb-b43c01b1b57c,KXNCAAF-26-OKL,2025-12-10T19:51:00.200865Z,31.00,0.0300,0.9700,yes
c531da2f-93c7-63a0-4444-1bb9d347decc,KXNCAAF-26-OKL,2025-12-10T18:48:58.787439Z,500.00,0.0300,0.9700,yes
4468f879-585f-797c-aa2c-c30fd7509388,KXNCAAF-26-OKL,2025-12-10T18:00:25.359062Z,444.00,0.0300,0.9700,yes
0768a556-e4a3-7eb0-3a68-b8d1608a9854,KXNCAAF-26-OKL,2025-12-10T17:34:30.715146Z,22.00,0.0300,0.9700,yes
1b54f35c-aec7-40a8-50bd-7e765239f1b0,KXNCAAF-26-OKL,2025-12-10T17:14:07.806027Z,31.00,0.0300,0.9700,yes
1a823b20-b4bf-4840-ec0a-edf28036db48,KXNCAAF-26-OKL,2025-12-10T16:54:11.286213Z,312.00,0.0300,0.9700,yes
ffe0b1d5-0177-6658-ff16-c342f1749538,KXNCAAF-26-OKL,2025-12-10T16:51:59.271878Z,1560.00,0.0300,0.9700,yes
66e21455-d41b-6234-99d0-351573274564,KXNCAAF-26-OKL,2025-12-10T16:37:56.646028Z,312.00,0.0300,0.9700,yes
92851652-8a93-68b0-e1dd-537b5c3b475c,KXNCAAF-26-OKL,2025-12-10T15:37:56.418086Z,80.00,0.0300,0.9700,yes
fdb62421-a357-6f68-590f-a4e5d005f7d4,KXNCAAF-26-OKL,2025-12-10T15:37:19.465313Z,200.00,0.0300,0.9700,yes
72087b8d-7893-522c-b671-b986e00c44a0,KXNCAAF-26-OKL,2025-12-10T14:57:42.408186Z,312.00,0.0300,0.9700,yes
5a6188d4-13d7-5800-df69-b9bccb0df9a8,KXNCAAF-26-OKL,2025-12-10T14:54:47.813723Z,312.00,0.0300,0.9700,yes
7b9b28bb-02b3-56f8-45ca-dcc7ab7fe828,KXNCAAF-26-OKL,2025-12-10T14:40:26.787098Z,300.00,0.0300,0.9700,yes
e1530d28-d513-69d0-1c0c-dd435d0cdff4,KXNCAAF-26-OKL,2025-12-10T14:10:07.579521Z,78.00,0.0300,0.9700,yes
89b95b6f-d0af-5378-d59d-2dfd99668254,KXNCAAF-26-OKL,2025-12-10T13:02:28.02032Z,62.00,0.0300,0.9700,yes
512f96b9-b58b-7708-ebe6-c3f1e8d8424c,KXNCAAF-26-OKL,2025-12-10T12:47:24.270748Z,500.00,0.0300,0.9700,yes
3994de07-1287-5840-0052-7831d380d5f4,KXNCAAF-26-OKL,2025-12-10T10:57:18.369274Z,124.00,0.0300,0.9700,yes
04d02bc9-56c7-5e84-e6d1-3d514e56d3ec,KXNCAAF-26-OKL,2025-12-10T08:57:44.994973Z,312.00,0.0300,0.9700,yes
917dc301-ec53-4410-474f-6c3778b6a400,KXNCAAF-26-OKL,2025-12-10T07:32:11.968721Z,117.00,0.0300,0.9700,yes
ec33f9ac-4d5f-59a2-3039-59a44517495e,KXNCAAF-26-OKL,2025-12-10T06:16:09.761644Z,457.00,0.0200,0.9800,yes
dd23714e-41bf-5a18-0bc6-a186e8115f8a,KXNCAAF-26-OKL,2025-12-10T06:16:09.761644Z,800.00,0.0200,0.9800,yes
8de66f95-cd93-5718-3cc9-2b8fde631b88,KXNCAAF-26-OKL,2025-12-10T06:16:09.761644Z,1585.00,0.0300,0.9700,yes
73911b44-d7e6-5c87-0e74-707d1004fd30,KXNCAAF-26-OKL,2025-12-10T06:16:09.761644Z,4000.00,0.0300,0.9700,yes
0620fdef-8581-5ef8-2b11-ff15d3fef213,KXNCAAF-26-OKL,2025-12-10T06:16:09.761644Z,4356.00,0.0300,0.9700,yes
0084443c-bbec-5e48-0753-d014539cfe52,KXNCAAF-26-OKL,2025-12-10T06:16:09.761644Z,6768.00,0.0200,0.9800,yes
fb10715b-f954-6994-d62e-232e14de9042,KXNCAAF-26-OKL,2025-12-10T06:06:47.617127Z,1169.00,0.0200,0.9800,yes
6b8c97ea-7d40-50ac-694b-206b7da943d2,KXNCAAF-26-OKL,2025-12-10T05:51:33.351024Z,46.00,0.0200,0.9800,yes
38aadb87-1a48-4540-7676-a4edd2399a36,KXNCAAF-26-OKL,2025-12-10T05:48:45.427794Z,200.00,0.0200,0.9800,yes
c44ea348-f324-45a8-888f-0a1eb0600662,KXNCAAF-26-OKL,2025-12-10T05:43:48.123676Z,187.00,0.0200,0.9800,yes
4522d906-206c-457c-ae7b-7ce3d7901796,KXNCAAF-26-OKL,2025-12-10T05:31:44.627098Z,46.00,0.0200,0.9800,yes
a5c55010-24d0-5354-5565-6445276348be,KXNCAAF-26-OKL,2025-12-10T05:22:13.62709Z,100.00,0.0200,0.9800,yes
470ebae7-0838-5c80-7074-8c48d5d849d2,KXNCAAF-26-OKL,2025-12-10T05:20:53.121873Z,300.00,0.0200,0.9800,yes
3f71b75e-cb1c-4714-f329-4c63b059b4e2,KXNCAAF-26-OKL,2025-12-10T05:00:25.405793Z,46.00,0.0200,0.9800,yes
51e83411-1d58-5a60-5753-3be205123ae6,KXNCAAF-26-OKL,2025-12-10T04:53:38.408917Z,233.00,0.0200,0.9800,yes
c180d036-158c-5a40-e84e-e634208978be,KXNCAAF-26-OKL,2025-12-10T04:31:25.317353Z,200.00,0.0200,0.9800,yes
45cbe4d2-71c4-6294-8291-2a837fe4c2d6,KXNCAAF-26-OKL,2025-12-10T04:31:01.737992Z,300.00,0.0200,0.9800,yes
19c9c827-da80-6634-1aab-cf84b78ad83a,KXNCAAF-26-OKL,2025-12-10T04:29:01.4521Z,200.00,0.0200,0.9800,yes
7a9cdab7-51fc-4ea0-5aaf-c95fc1900706,KXNCAAF-26-OKL,2025-12-10T04:19:32.66911Z,50.00,0.0200,0.9800,yes
66c2fba3-c1ec-5ff0-77e2-bce483f3de3a,KXNCAAF-26-OKL,2025-12-10T04:18:43.031795Z,140.00,0.0200,0.9800,yes
c097eb00-407c-7eb8-cfda-bfb6ae7481d2,KXNCAAF-26-OKL,2025-12-10T04:12:42.919064Z,15.00,0.0200,0.9800,yes
6582dfbb-5d51-78f5-c851-f1a205f31d25,KXNCAAF-26-OKL,2025-12-10T04:12:42.919064Z,4728.00,0.0200,0.9800,yes
6491b1fa-703d-70a1-1609-63e467becf81,KXNCAAF-26-OKL,2025-12-10T04:09:13.047522Z,233.00,0.0200,0.9800,yes
e1f8cbb3-ee15-7979-0c4a-50e899d969d5,KXNCAAF-26-OKL,2025-12-10T03:46:58.808274Z,935.00,0.0200,0.9800,yes
777e678c-a96d-4971-632d-963d9608b1ad,KXNCAAF-26-OKL,2025-12-10T03:37:14.225255Z,233.00,0.0200,0.9800,yes
9c187687-04a1-57e5-b79a-3b8a0289442d,KXNCAAF-26-OKL,2025-12-10T03:28:34.405544Z,46.00,0.0200,0.9800,yes
db311ade-3811-642d-8e5a-d9e5fe96c471,KXNCAAF-26-OKL,2025-12-10T03:14:42.788575Z,233.00,0.0200,0.9800,yes
27c800cc-b835-599d-16cc-8bb859ccf919,KXNCAAF-26-OKL,2025-12-10T03:03:55.433488Z,9170.00,0.0200,0.9800,yes
4a7d9343-6411-5f0d-74d2-2d51c168eb39,KXNCAAF-26-OKL,2025-12-10T03:02:28.111201Z,3000.00,0.0200,0.9800,yes
972d6a6d-e00d-436d-0d94-046eb74a0dad,KXNCAAF-26-OKL,2025-12-10T02:59:51.784385Z,93.00,0.0200,0.9800,yes
7e7aa9a3-2bb5-7529-839b-731d24ae2a15,KXNCAAF-26-OKL,2025-12-10T02:59:41.983462Z,233.00,0.0200,0.9800,yes
ce535ff2-f705-7b89-3767-52d4cf38b995,KXNCAAF-26-OKL,2025-12-10T02:46:44.714912Z,93.00,0.0200,0.9800,yes
1dd2d42d-afa2-7bc2-bce8-4e2af0ccb4fe,KXNCAAF-26-OKL,2025-12-10T02:46:32.261809Z,103.00,0.0100,0.9900,no
b0be9cb6-9d55-7941-ed93-ee2919873ff1,KXNCAAF-26-OKL,2025-12-10T02:44:52.676663Z,25.00,0.0200,0.9800,yes
e0a327ff-464d-5708-4a00-a1ee0e8094e2,KXNCAAF-26-OKL,2025-12-10T02:38:58.913436Z,278.00,0.0200,0.9800,no
5ba67822-5c5f-59ee-5ed3-137eb01702c6,KXNCAAF-26-OKL,2025-12-10T02:38:58.913436Z,600.00,0.0200,0.9800,no
39fa6146-8844-59f5-4368-5f403380c982,KXNCAAF-26-OKL,2025-12-10T02:38:58.913436Z,100.00,0.0200,0.9800,no
e6d3fb45-2245-4728-4944-c5cc17f68057,KXNCAAF-26-OKL,2025-12-10T02:33:48.54116Z,31.00,0.0300,0.9700,yes
84a75710-f4c5-4358-5720-150e34252ccb,KXNCAAF-26-OKL,2025-12-10T02:29:25.046986Z,10.00,0.0300,0.9700,yes
58cf9e1d-d22d-4220-eba2-24f7d24acc33,KXNCAAF-26-OKL,2025-12-10T02:12:58.7712Z,124.00,0.0300,0.9700,yes
3315989f-0235-6e40-711e-25379f87c4bf,KXNCAAF-26-OKL,2025-12-10T02:07:09.216324Z,31.00,0.0300,0.9700,yes
fb362590-3cf9-7674-0276-3ca11ef2792b,KXNCAAF-26-OKL,2025-12-10T01:59:06.082733Z,156.00,0.0300,0.9700,yes
098e61e8-9ce1-4e88-def7-54cbf7bf33c7,KXNCAAF-26-OKL,2025-12-10T01:45:43.513382Z,156.00,0.0300,0.9700,yes
1572b3fa-3509-424c-6b68-36eb3828bff3,KXNCAAF-26-OKL,2025-12-10T01:30:50.936848Z,300.00,0.0300,0.9700,yes
d49f6236-5045-674c-b23a-4b113c4994e3,KXNCAAF-26-OKL,2025-12-10T01:08:11.534284Z,468.00,0.0300,0.9700,yes
a12e1cae-9a25-63b9-1886-0a74047b25a0,KXNCAAF-26-OKL,2025-12-10T01:01:39.641744Z,314.00,0.0300,0.9700,yes
3a9a190e-3749-6edc-122d-22c398add603,KXNCAAF-26-OKL,2025-12-10T01:01:39.641744Z,4368.00,0.0300,0.9700,yes
e7b5ecb8-b229-5ce5-754b-92bf81cfecf4,KXNCAAF-26-OKL,2025-12-10T00:59:05.254879Z,62.00,0.0300,0.9700,yes
3f19a650-9ed1-6e01-a6f2-eeafa1cb83b0,KXNCAAF-26-OKL,2025-12-10T00:03:29.290132Z,589.00,0.0300,0.9700,yes
b2ed01db-d751-7605-a128-d5cbd0310ce0,KXNCAAF-26-OKL,2025-12-09T23:58:49.544577Z,114.00,0.0300,0.9700,yes
4cb308f3-91b1-6459-52b1-a5042fdff52c,KXNCAAF-26-OKL,2025-12-09T23:40:23.937551Z,156.00,0.0300,0.9700,yes
278950b2-7005-4b11-2b4d-9e67e27bea68,KXNCAAF-26-OKL,2025-12-09T23:08:29.454534Z,3121.00,0.0300,0.9700,yes
15e66712-2211-5d6d-ffad-120b753b135c,KXNCAAF-26-OKL,2025-12-09T22:40:19.133596Z,312.00,0.0300,0.9700,yes
7c6fec12-154d-7f79-10d8-fa1eb6209ea0,KXNCAAF-26-OKL,2025-12-09T22:35:18.679445Z,62.00,0.0300,0.9700,yes
1962ee73-d415-5521-0a27-090534119ff8,KXNCAAF-26-OKL,2025-12-09T21:55:33.306779Z,156.00,0.0300,0.9700,yes
a0ad7558-4a35-5211-fcd1-0b83c9667910,KXNCAAF-26-OKL,2025-12-09T21:50:45.314282Z,156.00,0.0300,0.9700,yes
04d06530-a9c9-46c5-1cea-efa2b081dbe4,KXNCAAF-26-OKL,2025-12-09T21:36:50.881125Z,249.00,0.0300,0.9700,yes
55a78ed6-8861-4381-09a0-37351431bba4,KXNCAAF-26-OKL,2025-12-09T21:36:25.59236Z,7.00,0.0300,0.9700,yes
707dfb43-8ab1-69d1-1aaa-75498e1a1090,KXNCAAF-26-OKL,2025-12-09T21:18:35.767786Z,30.00,0.0300,0.9700,yes
aefae324-bcd5-4e21-f7cb-5d2c029612b0,KXNCAAF-26-OKL,2025-12-09T21:16:21.060407Z,468.00,0.0300,0.9700,yes
6de6d303-1e71-75dd-82f4-ed35e62c9ba8,KXNCAAF-26-OKL,2025-12-09T21:14:19.595144Z,222.00,0.0300,0.9700,yes
df5a1786-94d1-41a1-5947-04f8823c7e24,KXNCAAF-26-OKL,2025-12-09T21:09:25.898667Z,570.00,0.0300,0.9700,yes
e2d49358-6c2d-6e71-1242-3fbfc5bfd108,KXNCAAF-26-OKL,2025-12-09T21:02:48.790916Z,8.00,0.0300,0.9700,yes
97e23e5d-d569-42cd-4de6-38f14df93744,KXNCAAF-26-OKL,2025-12-09T20:59:34.542651Z,468.00,0.0300,0.9700,yes
b8cb9a2c-7311-5cd5-bb86-07031cbb2198,KXNCAAF-26-OKL,2025-12-09T20:58:30.160639Z,50.00,0.0300,0.9700,yes
2dd713c4-4d55-5bf1-5c4f-bd839e67fd0c,KXNCAAF-26-OKL,2025-12-09T20:54:19.381587Z,31.00,0.0300,0.9700,yes
b5ba3122-499d-4801-c483-e1274d8dbdc8,KXNCAAF-26-OKL,2025-12-09T20:53:42.869834Z,1000.00,0.0300,0.9700,yes
a0a88687-6f29-7785-457d-7365792c85c8,KXNCAAF-26-OKL,2025-12-09T20:43:14.034787Z,312.00,0.0300,0.9700,yes
f6c609f8-2ac9-7949-17eb-69a39d9bd32c,KXNCAAF-26-OKL,2025-12-09T20:40:03.607645Z,5000.00,0.0300,0.9700,yes
62b2f2fd-6581-5ff9-66c7-eadd072fb5c8,KXNCAAF-26-OKL,2025-12-09T20:27:16.082157Z,222.00,0.0300,0.9700,yes
ff3cebdf-91f5-7da1-1166-c7746e46ecd4,KXNCAAF-26-OKL,2025-12-09T20:23:57.104625Z,80.00,0.0300,0.9700,yes
527580ff-7188-511f-543c-3f6ee636a43a,KXNCAAF-26-OKL,2025-12-09T20:22:18.086733Z,972.00,0.0200,0.9800,yes
4ec6177b-5b05-748c-8378-fe71ac8b49d2,KXNCAAF-26-OKL,2025-12-09T20:20:50.752644Z,28.00,0.0200,0.9800,no
6065b2ef-d183-442e-6c4b-bd06690d56bf,KXNCAAF-26-OKL,2025-12-09T20:15:20.622261Z,64.00,0.0200,0.9800,yes
35f242b6-e47c-48ea-4014-8d33f1c16b5e,KXNCAAF-26-OKL,2025-12-09T20:15:20.622261Z,169.00,0.0200,0.9800,yes
01bfd1a1-f2bc-568a-1e0c-976b33420f5e,KXNCAAF-26-OKL,2025-12-09T20:12:44.559595Z,476.00,0.0200,0.9800,yes
7a80b42d-7233-7565-c5c4-87450775fbed,KXNCAAF-26-OKL,2025-12-09T20:12:04.725933Z,200.00,0.0200,0.9800,no
403fb90d-8016-703e-da05-0ca807df4f35,KXNCAAF-26-OKL,2025-12-09T20:12:04.725933Z,155.00,0.0200,0.9800,no
f7f15000-2501-5027-d58b-5f2f6ef52f9e,KXNCAAF-26-OKL,2025-12-09T20:06:44.4774Z,2.00,0.0300,0.9700,yes
f110728b-18cc-5602-d92b-b06737628e1c,KXNCAAF-26-OKL,2025-12-09T20:06:44.4774Z,4.00,0.0300,0.9700,yes
da50ed61-7add-587d-e1b9-34139c725490,KXNCAAF-26-OKL,2025-12-09T20:06:44.4774Z,1241.00,0.0300,0.9700,yes
64ee99d8-c39d-584e-f5bd-d0c3ce359f60,KXNCAAF-26-OKL,2025-12-09T20:06:44.4774Z,1874.00,0.0300,0.9700,yes
22003f98-454d-67ae-1f1f-ec5ad29ef740,KXNCAAF-26-OKL,2025-12-09T20:05:31.546485Z,222.00,0.0300,0.9700,yes
8809e334-09b5-774e-7aee-ed4bcf81ffdc,KXNCAAF-26-OKL,2025-12-09T20:04:56.612442Z,62.00,0.0300,0.9700,yes
11332249-536d-6dd2-9dca-c757f573ca4c,KXNCAAF-26-OKL,2025-12-09T19:58:22.323566Z,686.00,0.0300,0.9700,yes
ab18eb26-c630-65b0-004a-c82172a9a919,KXNCAAF-26-OKL,2025-12-09T19:57:24.851364Z,704.00,0.0200,0.9800,yes
a3a8bdf6-e518-6c3d-2b47-7eff2bbac9bf,KXNCAAF-26-OKL,2025-12-09T19:57:24.851364Z,3600.00,0.0200,0.9800,yes
42727adf-49f5-61c2-0e04-72788b3a4cac,KXNCAAF-26-OKL,2025-12-09T19:57:24.851364Z,1810.00,0.0300,0.9700,yes
fbe41287-0640-559c-7b45-9c2b928b6b81,KXNCAAF-26-OKL,2025-12-09T19:57:20.568967Z,20.00,0.0200,0.9800,yes
cb9ede98-0014-78a0-fc04-99c38cb4e139,KXNCAAF-26-OKL,2025-12-09T19:55:00.687479Z,2339.00,0.0200,0.9800,yes
872773aa-d994-464c-a682-423ae4ed55cd,KXNCAAF-26-OKL,2025-12-09T19:53:04.694471Z,1000.00,0.0200,0.9800,yes
2dd087ef-40d0-5e34-bcef-34722c488101,KXNCAAF-26-OKL,2025-12-09T19:46:27.589976Z,100.00,0.0200,0.9800,yes
2dc1cf9e-7d18-6f80-8bf4-162ad41fd7f1,KXNCAAF-26-OKL,2025-12-09T19:39:06.97566Z,935.00,0.0200,0.9800,yes
9682e588-2ca0-4158-74eb-466455ee929d,KXNCAAF-26-OKL,2025-12-09T19:26:14.611498Z,4902.00,0.0200,0.9800,yes
0d6fa279-8772-47c2-6c90-5cecaf500981,KXNCAAF-26-OKL,2025-12-09T19:26:14.611498Z,6795.00,0.0200,0.9800,yes
b018d249-a456-5a06-5491-9d0f93279551,KXNCAAF-26-OKL,2025-12-09T19:23:13.547643Z,467.00,0.0200,0.9800,yes
c30e1158-f1c6-6fb2-dea0-ba316137a101,KXNCAAF-26-OKL,2025-12-09T19:09:08.95694Z,93.00,0.0200,0.9800,yes
85daed48-ee7e-5dfe-b6dd-1a2c13d28069,KXNCAAF-26-OKL,2025-12-09T19:08:37.115914Z,701.00,0.0200,0.9800,yes
d57739e1-9656-674a-713a-d77dc6b569dd,KXNCAAF-26-OKL,2025-12-09T19:07:05.985789Z,46.00,0.0200,0.9800,yes
f899144b-866e-6fea-ad7b-2a032a700e34,KXNCAAF-26-OKL,2025-12-09T19:03:12.178667Z,7602.00,0.0200,0.9800,yes
ba6dcbc9-68aa-6e66-9a3b-826871d73abd,KXNCAAF-26-OKL,2025-12-09T19:03:12.178667Z,1898.00,0.0200,0.9800,yes
57061d68-97b4-680c-981e-456b5387663a,KXNCAAF-26-OKL,2025-12-09T19:03:12.178667Z,500.00,0.0200,0.9800,yes
d7e0b09b-e906-757a-652e-7158769f872c,KXNCAAF-26-OKL,2025-12-09T18:57:57.789654Z,1076.00,0.0200,0.9800,yes
11e95e2a-e7f6-660e-13cf-78ffb0bb9450,KXNCAAF-26-OKL,2025-12-09T18:53:02.194591Z,233.00,0.0200,0.9800,yes
3113d1d2-12a6-57d2-c0d6-c908997e661c,KXNCAAF-26-OKL,2025-12-09T18:46:15.812683Z,250.00,0.0200,0.9800,yes
200e7d39-f3aa-653a-a879-f1846bb6c67c,KXNCAAF-26-OKL,2025-12-09T18:36:31.445238Z,5000.00,0.0200,0.9800,yes
89e060a4-70e6-4766-ba39-ec7ea59178a0,KXNCAAF-26-OKL,2025-12-09T18:28:56.578317Z,5.00,0.0200,0.9800,yes
00039e7e-33c6-5516-bdd8-7e5cca16a4f8,KXNCAAF-26-OKL,2025-12-09T18:24:27.399703Z,166.00,0.0200,0.9800,yes
ab4530d7-cc22-7a06-a42d-f5e0a0d02f64,KXNCAAF-26-OKL,2025-12-09T18:20:21.046367Z,2500.00,0.0200,0.9800,yes
e5c13266-a484-7d5b-d4a3-fb79bf73a829,KXNCAAF-26-OKL,2025-12-09T18:11:30.70566Z,1511.00,0.0200,0.9800,yes
097ea3bb-5f16-755a-fb1d-1ee9352d9208,KXNCAAF-26-OKL,2025-12-09T18:11:30.70566Z,3168.00,0.0200,0.9800,yes
5d7b6486-f574-4c0b-555c-9235461e3851,KXNCAAF-26-OKL,2025-12-09T18:09:36.446463Z,233.00,0.0200,0.9800,yes
4f077b08-f8c8-77df-b998-7a80a1e81275,KXNCAAF-26-OKL,2025-12-09T18:08:52.321403Z,187.00,0.0200,0.9800,yes
5997cfc7-b514-730f-a195-413584ea7e39,KXNCAAF-26-OKL,2025-12-09T18:04:11.711837Z,140.00,0.0200,0.9800,yes
9b01d2ee-5120-5fc7-6742-60aab4d87ec5,KXNCAAF-26-OKL,2025-12-09T17:57:27.813503Z,46.00,0.0200,0.9800,yes
e9d53f0d-0308-5be7-2f5c-f4c976e9cf21,KXNCAAF-26-OKL,2025-12-09T17:50:17.789161Z,485.00,0.0200,0.9800,yes
384e89c7-9b28-4853-e0f5-ae5be9f2ab3d,KXNCAAF-26-OKL,2025-12-09T17:49:56.839142Z,125.00,0.0200,0.9800,yes
c6e2bf7e-4235-59b7-a92d-21f4c0c6c840,KXNCAAF-26-OKL,2025-12-09T17:47:11.144734Z,150.00,0.0200,0.9800,yes
4ae9ff20-8cbc-5a6f-90a1-c83f2e267b1d,KXNCAAF-26-OKL,2025-12-09T17:47:11.144734Z,873.00,0.0200,0.9800,yes
24ce3784-fbc6-5425-8a4c-cb1f1a208604,KXNCAAF-26-OKL,2025-12-09T17:47:11.144734Z,1477.00,0.0200,0.9800,yes
7818baac-308a-6821-5708-5e13fddf2ce8,KXNCAAF-26-OKL,2025-12-09T17:39:47.896443Z,71.00,0.0200,0.9800,yes
04643626-b272-48e6-2bb0-7fc457ef6dae,KXNCAAF-26-OKL,2025-12-09T17:31:40.805107Z,233.00,0.0100,0.9900,no
b05c0476-dfce-5c81-8ac6-2314c5101ac8,KXNCAAF-26-OKL,2025-12-09T17:31:05.425045Z,233.00,0.0200,0.9800,yes
f3c83277-88c2-6dfd-f86f-fb79a10ec950,KXNCAAF-26-OKL,2025-12-09T17:28:24.27291Z,171.00,0.0200,0.9800,yes
265f799c-9215-61e2-dba9-514fca26d6b9,KXNCAAF-26-OKL,2025-12-09T17:28:24.27291Z,296.00,0.0200,0.9800,yes
f148a9d2-0ba1-6172-2f6d-a26cde47f68d,KXNCAAF-26-OKL,2025-12-09T17:14:47.769284Z,1204.00,0.0200,0.9800,yes
2d7c8918-9bb2-6460-3ecb-9db0f555723d,KXNCAAF-26-OKL,2025-12-09T17:14:47.769284Z,146.00,0.0200,0.9800,yes
074e85a4-7e1a-7f00-8df2-70d4ae8491a9,KXNCAAF-26-OKL,2025-12-09T17:14:31.920153Z,233.00,0.0200,0.9800,yes
b7cb9cd2-aee2-6f3c-c767-8a2ab83c4155,KXNCAAF-26-OKL,2025-12-09T17:11:53.457042Z,4688.00,0.0200,0.9800,yes
7daae481-80ea-77a8-aa4c-9a1ac69d5ea1,KXNCAAF-26-OKL,2025-12-09T17:03:50.140602Z,3000.00,0.0200,0.9800,yes
c718c3ed-d27e-6694-3edb-4f184899b9c5,KXNCAAF-26-OKL,2025-12-09T16:53:46.39194Z,200.00,0.0200,0.9800,yes
a8d24116-8d1a-6428-fa6c-3075f3db7a9d,KXNCAAF-26-OKL,2025-12-09T16:42:40.859005Z,100.00,0.0200,0.9800,yes
f748f8bf-d2e6-466c-5ba6-63112d84398d,KXNCAAF-26-OKL,2025-12-09T16:37:29.912572Z,1633.00,0.0200,0.9800,yes
a124a3b0-ffff-4752-788c-187f88ca4a84,KXNCAAF-26-OKL,2025-12-09T16:37:29.912572Z,1000.00,0.0200,0.9800,yes
1c50398f-c795-4041-6e7d-f74dbad92bba,KXNCAAF-26-OKL,2025-12-09T16:37:29.912572Z,5367.00,0.0200,0.9800,yes
822bbd52-d099-6ed9-62d2-07136a87bf76,KXNCAAF-26-OKL,2025-12-09T16:33:12.421633Z,175.00,0.0200,0.9800,yes
eb08e920-1cc9-6381-9feb-a4bf530e4d1e,KXNCAAF-26-OKL,2025-12-09T16:27:59.462455Z,46.00,0.0200,0.9800,yes
f2cfc79f-c8c5-4e45-60e2-35299595308a,KXNCAAF-26-OKL,2025-12-09T16:26:40.986413Z,93.00,0.0200,0.9800,yes
e726c4ac-727d-69f5-82f3-bdc1e0546a32,KXNCAAF-26-OKL,2025-12-09T16:25:48.571556Z,500.00,0.0200,0.9800,yes
bd0da495-9309-4d39-2138-79ca56d1cf36,KXNCAAF-26-OKL,2025-12-09T16:24:57.758397Z,100.00,0.0200,0.9800,yes
4aee1c92-b141-5655-107f-32675ff06dee,KXNCAAF-26-OKL,2025-12-09T16:22:01.21366Z,100.00,0.0200,0.9800,yes
94df8603-b771-4531-c90d-ecc898e91462,KXNCAAF-26-OKL,2025-12-09T16:20:44.382887Z,2000.00,0.0200,0.9800,yes
a69fb8e1-0e79-56e5-c4c5-d600d8a2785a,KXNCAAF-26-OKL,2025-12-09T16:11:23.419494Z,333.00,0.0200,0.9800,yes
d8cdf766-4d31-6aed-d49f-400353f2e56a,KXNCAAF-26-OKL,2025-12-09T16:06:33.100393Z,467.00,0.0200,0.9800,yes
cc505dd7-3bad-58a1-8f8f-a937f1e0b7ee,KXNCAAF-26-OKL,2025-12-09T15:49:57.571384Z,46.00,0.0200,0.9800,yes
83c07991-820d-6389-5ffd-7336dd54a02a,KXNCAAF-26-OKL,2025-12-09T15:47:01.286095Z,93.00,0.0200,0.9800,yes
cd1db51c-6b05-5d4d-42d8-0e070c794aca,KXNCAAF-26-OKL,2025-12-09T15:43:40.473482Z,30.00,0.0200,0.9800,yes
ada6fd0f-174d-5dd9-866a-96bf18564592,KXNCAAF-26-OKL,2025-12-09T15:43:15.899667Z,650.00,0.0200,0.9800,yes
27258fb4-cfd6-5e71-a318-1e07db79b2bd,KXNCAAF-26-OKL,2025-12-09T15:43:15.899667Z,1689.00,0.0200,0.9800,yes
a9d33d7b-0be2-6a15-25e1-d1c06525f4f5,KXNCAAF-26-OKL,2025-12-09T15:31:37.571133Z,93.00,0.0200,0.9800,yes
cd33d9e9-848a-5f92-38e9-514883b61e32,KXNCAAF-26-OKL,2025-12-09T15:28:06.301043Z,20.00,0.0100,0.9900,no
c3e2efa1-fe16-4b85-dfcd-b598a6fe2245,KXNCAAF-26-OKL,2025-12-09T15:22:39.026078Z,46.00,0.0200,0.9800,yes
45eadeef-8bb2-6a1d-06a5-cc41adfc3619,KXNCAAF-26-OKL,2025-12-09T15:13:39.278642Z,46.00,0.0200,0.9800,yes
5ed79fc3-c7f6-6ad9-8bc1-85d4cf7aea81,KXNCAAF-26-OKL,2025-12-09T15:04:10.726184Z,207.00,0.0200,0.9800,yes
7fa9119e-35be-6571-4016-587538274aa1,KXNCAAF-26-OKL,2025-12-09T15:03:00.81507Z,93.00,0.0200,0.9800,yes
a501f3d2-d306-57f5-11fb-cc832ffb1c31,KXNCAAF-26-OKL,2025-12-09T14:59:57.201432Z,233.00,0.0200,0.9800,yes
35e6fea0-96be-43b9-7262-ae5e3b508789,KXNCAAF-26-OKL,2025-12-09T14:57:05.349132Z,140.00,0.0200,0.9800,yes
fbbc835c-9006-5e91-a5b8-2ac8b5d5b075,KXNCAAF-26-OKL,2025-12-09T14:56:44.351367Z,1040.00,0.0200,0.9800,yes
fea9e66f-ea55-40e8-b018-5aefd1f7872e,KXNCAAF-26-OKL,2025-12-09T14:53:39.036043Z,5400.00,0.0200,0.9800,yes
5ead79c1-8271-4238-80e6-c3c9c36aaeb2,KXNCAAF-26-OKL,2025-12-09T14:53:39.036043Z,3187.00,0.0200,0.9800,yes
32c35197-07ca-4069-8116-c9d23065103d,KXNCAAF-26-OKL,2025-12-09T14:53:39.036043Z,1413.00,0.0200,0.9800,yes
237ba772-4211-5b2c-3f94-3c9331b99532,KXNCAAF-26-OKL,2025-12-09T14:53:11.925309Z,50.00,0.0200,0.9800,yes
29ed87b0-ab99-7154-75e5-3046fa10ad22,KXNCAAF-26-OKL,2025-12-09T14:52:59.87827Z,233.00,0.0200,0.9800,yes
90a121a8-2179-5660-5e8a-50838fa53162,KXNCAAF-26-OKL,2025-12-09T14:34:57.645013Z,46.00,0.0200,0.9800,yes
fb60d9a5-7a2d-675c-e8a4-d008f50a6e46,KXNCAAF-26-OKL,2025-12-09T14:24:18.377857Z,500.00,0.0200,0.9800,yes
35308bb8-4655-5698-2de1-4be206067206,KXNCAAF-26-OKL,2025-12-09T14:17:41.401138Z,91.00,0.0200,0.9800,yes
ce94efdc-2bb1-7e30-ec99-617d54cecea2,KXNCAAF-26-OKL,2025-12-09T13:23:54.350164Z,1169.00,0.0200,0.9800,yes
8d7fcdec-781d-5f98-e233-e6f59bbab4aa,KXNCAAF-26-OKL,2025-12-09T13:15:26.009796Z,467.00,0.0200,0.9800,yes
f1a3b4d3-d159-5738-2225-b32c98060b46,KXNCAAF-26-OKL,2025-12-09T13:15:06.485634Z,1169.00,0.0200,0.9800,yes
0795510d-4d5d-7010-256c-9693c44f6cae,KXNCAAF-26-OKL,2025-12-09T13:10:46.515619Z,46.00,0.0200,0.9800,yes
d95be228-70f9-70a8-b833-37aa668dfaca,KXNCAAF-26-OKL,2025-12-09T12:47:23.151718Z,1637.00,0.0200,0.9800,yes
6625bf94-0401-7a5c-9490-e4f81d70804a,KXNCAAF-26-OKL,2025-12-09T12:47:23.151718Z,3042.00,0.0200,0.9800,yes
68c05535-e941-7348-15c2-f1a6ec189086,KXNCAAF-26-OKL,2025-12-09T12:38:58.571099Z,9000.00,0.0200,0.9800,yes
0031c7c3-ba0d-7a88-c239-7dba479d37ee,KXNCAAF-26-OKL,2025-12-09T12:01:22.007789Z,4679.00,0.0200,0.9800,yes
4c34a4f3-3e91-5d7c-27a2-34cfac93a9da,KXNCAAF-26-OKL,2025-12-09T11:50:12.383674Z,1100.00,0.0200,0.9800,yes
e21ac517-afcd-4580-aee8-79dc472f0dea,KXNCAAF-26-OKL,2025-12-09T11:48:37.331842Z,3584.00,0.0200,0.9800,yes
26f61512-77e7-43fd-8fa1-51b60c70b9d8,KXNCAAF-26-OKL,2025-12-09T11:48:37.331842Z,2916.00,0.0200,0.9800,yes
8d94a207-6477-5e41-b493-7a5eb4558270,KXNCAAF-26-OKL,2025-12-09T11:47:47.809297Z,467.00,0.0200,0.9800,yes
6d793955-cb4b-6d91-f26e-f84789c6fe38,KXNCAAF-26-OKL,2025-12-09T11:10:16.143121Z,233.00,0.0200,0.9800,yes
480fec32-cb0f-4fc1-0578-9d52f8c9b710,KXNCAAF-26-OKL,2025-12-09T11:07:14.752974Z,233.00,0.0200,0.9800,yes
53ba36ab-2b8f-5fc1-3f07-cbb1a6b371dc,KXNCAAF-26-OKL,2025-12-09T10:44:30.935448Z,100.00,0.0200,0.9800,yes
31791eff-0183-5c55-9089-32b5b99f5174,KXNCAAF-26-OKL,2025-12-09T09:18:32.313539Z,467.00,0.0200,0.9800,yes
f15c6d99-b5af-4449-4a16-609a5daba4bc,KXNCAAF-26-OKL,2025-12-09T09:18:15.412247Z,561.00,0.0200,0.9800,yes
4c823023-bce7-6791-4d2e-33136e06c680,KXNCAAF-26-OKL,2025-12-09T09:16:53.422822Z,1310.00,0.0200,0.9800,yes
4911ee5b-6ac7-4b0d-ae43-e3e33c5adf58,KXNCAAF-26-OKL,2025-12-09T08:56:28.478283Z,514.00,0.0200,0.9800,yes
e2557ba0-e903-5bb9-79ca-4576210fed58,KXNCAAF-26-OKL,2025-12-09T06:40:07.140959Z,467.00,0.0200,0.9800,yes
c48abd5f-2df7-6c75-753c-2ecf1db94460,KXNCAAF-26-OKL,2025-12-09T06:34:10.080792Z,459.00,0.0200,0.9800,yes
1138cc35-b54b-4055-53d1-d2fdeb25c198,KXNCAAF-26-OKL,2025-12-09T06:33:28.19785Z,1029.00,0.0200,0.9800,yes
5f7affa2-27fb-579d-1eb0-619adc65d248,KXNCAAF-26-OKL,2025-12-09T06:27:26.205022Z,140.00,0.0200,0.9800,yes
58c6fa01-26f3-7bf1-6703-0ab13e0f7ffc,KXNCAAF-26-OKL,2025-12-09T06:20:14.286508Z,250.00,0.0200,0.9800,yes
58e3c605-021f-7a3d-f781-122977edb6f4,KXNCAAF-26-OKL,2025-12-09T06:17:00.457128Z,467.00,0.0200,0.9800,yes
c8219bee-2197-6969-1a21-225b28f695e8,KXNCAAF-26-OKL,2025-12-09T06:14:16.154606Z,25.00,0.0200,0.9800,yes
32e401c1-b1f7-4e09-d303-93626a0f1cd0,KXNCAAF-26-OKL,2025-12-09T06:04:12.29227Z,5000.00,0.0200,0.9800,yes
3de231d6-6fc3-725d-fc7a-53f648645360,KXNCAAF-26-OKL,2025-12-09T06:03:03.958068Z,78.00,0.0200,0.9800,yes
20e15f61-672f-5e29-044c-8dd72dfd9470,KXNCAAF-26-OKL,2025-12-09T05:57:46.698473Z,889.00,0.0200,0.9800,yes
ee36541f-c667-4eb9-66de-22093bd15040,KXNCAAF-26-OKL,2025-12-09T05:56:56.082397Z,284.00,0.0200,0.9800,yes
658642ce-7403-4355-5c4f-86cee0ca0af0,KXNCAAF-26-OKL,2025-12-09T05:56:56.082397Z,4395.00,0.0200,0.9800,yes
a9b2dcc2-199b-4e91-259f-86a0fa696934,KXNCAAF-26-OKL,2025-12-09T05:52:48.306967Z,1169.00,0.0200,0.9800,yes
14e30417-229b-7059-0673-2d520321a634,KXNCAAF-26-OKL,2025-12-09T05:52:37.213633Z,1403.00,0.0200,0.9800,yes
67a160c1-026f-4969-00c8-b85b4603fd88,KXNCAAF-26-OKL,2025-12-09T05:50:22.162355Z,500.00,0.0200,0.9800,yes
2da9b739-1b27-68ad-129a-25821a9ced20,KXNCAAF-26-OKL,2025-12-09T05:17:43.975479Z,150.00,0.0200,0.9800,yes
7333a003-220b-712d-19d8-a8f18a7eb980,KXNCAAF-26-OKL,2025-12-09T05:13:57.767187Z,21.00,0.0200,0.9800,yes
c9fd9662-c163-4ca9-860f-1dee55e40f7c,KXNCAAF-26-OKL,2025-12-09T05:11:59.055687Z,1146.00,0.0200,0.9800,yes
919a0e23-a107-66f5-d251-5f6aca99ad00,KXNCAAF-26-OKL,2025-12-09T05:11:31.036075Z,500.00,0.0200,0.9800,yes
74bb0f9e-9c4f-5421-a4ac-aed95ed9716c,KXNCAAF-26-OKL,2025-12-09T05:10:07.203637Z,250.00,0.0200,0.9800,yes
f5f432b5-de6f-6245-45eb-acfaed45b6b4,KXNCAAF-26-OKL,2025-12-09T05:09:21.670539Z,467.00,0.0200,0.9800,yes
c1e64f51-9a8b-6a6d-e171-ed0cfea43fdc,KXNCAAF-26-OKL,2025-12-09T05:04:32.15131Z,561.00,0.0200,0.9800,yes
9a24dbdc-cc87-7c81-ec7f-4b3182635054,KXNCAAF-26-OKL,2025-12-09T04:51:09.808705Z,233.00,0.0200,0.9800,yes
77f8971d-b143-6e91-d867-32e5c4506bb4,KXNCAAF-26-OKL,2025-12-09T04:42:55.232819Z,701.00,0.0200,0.9800,yes
229432b8-bd17-5791-029f-cd7db53c1474,KXNCAAF-26-OKL,2025-12-09T04:07:20.244812Z,100.00,0.0200,0.9800,yes
9ab86915-9597-74c9-1609-52d98d94a544,KXNCAAF-26-OKL,2025-12-09T04:01:47.028415Z,233.00,0.0200,0.9800,yes
0c92c0f1-8dff-7079-990f-617d2f034230,KXNCAAF-26-OKL,2025-12-09T04:00:25.99351Z,467.00,0.0200,0.9800,yes
3a7d2670-9f9b-5195-b074-3c2ebeaf2fd8,KXNCAAF-26-OKL,2025-12-09T03:56:48.698586Z,459.00,0.0200,0.9800,yes
56d8dd3b-a8df-4dc5-154e-0500a559f13c,KXNCAAF-26-OKL,2025-12-09T03:47:44.699646Z,200.00,0.0200,0.9800,yes
71b8ad50-3713-55e1-49fa-b58d8acd18c0,KXNCAAF-26-OKL,2025-12-09T03:19:21.069218Z,6.00,0.0200,0.9800,yes
cdbc8c45-7ce3-5741-566e-f0a13bd89a30,KXNCAAF-26-OKL,2025-12-09T03:13:15.449942Z,93.00,0.0200,0.9800,yes
6a143485-7f6b-7219-ddf4-ddb85304f3d8,KXNCAAF-26-OKL,2025-12-09T02:53:55.928425Z,93.00,0.0200,0.9800,yes
4c1c3f06-bcaf-4121-bee7-562f26330af0,KXNCAAF-26-OKL,2025-12-09T02:52:40.785276Z,100.00,0.0200,0.9800,yes
db515a54-61cb-6a99-d4df-c35108a2aacc,KXNCAAF-26-OKL,2025-12-09T02:47:41.434143Z,4679.00,0.0200,0.9800,yes
fc847fe3-0e0f-5539-27b8-69d1d53f1844,KXNCAAF-26-OKL,2025-12-09T02:42:01.31172Z,3500.00,0.0200,0.9800,yes
58601bda-518b-4cdd-b5f8-b329b53c8ec4,KXNCAAF-26-OKL,2025-12-09T02:34:36.02573Z,10.00,0.0200,0.9800,yes
1e275fa9-2b67-4ca1-2424-c20833c09ef4,KXNCAAF-26-OKL,2025-12-09T02:33:27.696684Z,1000.00,0.0200,0.9800,yes
dce6c547-bc2b-6299-3343-7a9218cf6cc4,KXNCAAF-26-OKL,2025-12-09T02:30:31.836478Z,93.00,0.0200,0.9800,yes
3440aa61-f86b-6251-1884-637687ab9788,KXNCAAF-26-OKL,2025-12-09T02:26:51.706494Z,233.00,0.0200,0.9800,yes
ce23cb45-3587-48c5-a758-9199ce0d5e6c,KXNCAAF-26-OKL,2025-12-09T02:24:04.470728Z,166.00,0.0200,0.9800,yes
95ae47cf-dcdb-7ef9-10f4-70070acf55c0,KXNCAAF-26-OKL,2025-12-09T02:03:26.843997Z,18.00,0.0200,0.9800,yes
ca64369d-1e1b-4d7d-add7-14820e057848,KXNCAAF-26-OKL,2025-12-09T01:51:11.464241Z,1.00,0.0200,0.9800,yes
f7959b01-8683-74e5-e57e-dc0ffef83f28,KXNCAAF-26-OKL,2025-12-09T01:50:51.36503Z,140.00,0.0200,0.9800,yes
c913b229-1477-7209-c050-f58a37d75f30,KXNCAAF-26-OKL,2025-12-09T01:50:01.246645Z,1.00,0.0200,0.9800,yes
5e2d7305-776f-471d-3e8f-dbd74a72c3ac,KXNCAAF-26-OKL,2025-12-09T01:48:20.595774Z,1023.00,0.0200,0.9800,yes
1d0477ee-2702-47b7-3c53-2942712d5fdd,KXNCAAF-26-OKL,2025-12-09T01:48:20.595774Z,1550.00,0.0200,0.9800,yes
57e946c7-196e-6c5f-21e0-a515cd276939,KXNCAAF-26-OKL,2025-12-09T01:48:17.252081Z,584.00,0.0200,0.9800,yes
3d55d6c4-cace-6203-95a3-ea672350899d,KXNCAAF-26-OKL,2025-12-09T01:46:49.447333Z,1169.00,0.0200,0.9800,yes
3d599fdc-9572-607b-c3d1-8e4786fed67d,KXNCAAF-26-OKL,2025-12-09T01:34:14.799515Z,200.00,0.0200,0.9800,yes
56242c87-7d12-7fcf-29f8-9fd4c94c26e1,KXNCAAF-26-OKL,2025-12-09T01:27:18.676734Z,125.00,0.0200,0.9800,yes
8766243f-8572-63af-115f-92fcc2113561,KXNCAAF-26-OKL,2025-12-09T01:25:56.294937Z,166.00,0.0200,0.9800,yes
9407ea1a-58d6-492f-4329-06ae4261c4a1,KXNCAAF-26-OKL,2025-12-09T01:20:28.597867Z,93.00,0.0200,0.9800,yes
57d63e81-1514-775c-3957-b4b6b1a1ee0a,KXNCAAF-26-OKL,2025-12-09T01:18:23.413867Z,287.00,0.0200,0.9800,yes
46cc4b76-0a92-7587-1fa9-652ede1e592d,KXNCAAF-26-OKL,2025-12-09T01:18:23.413867Z,113.00,0.0200,0.9800,yes
51f073a9-3a50-6ea8-537b-19cadd08010e,KXNCAAF-26-OKL,2025-12-09T01:05:24.811839Z,233.00,0.0200,0.9800,yes
61268ab7-73c0-60b4-cb4a-b828cf7193ae,KXNCAAF-26-OKL,2025-12-09T01:03:28.654877Z,500.00,0.0200,0.9800,yes
5a0a002b-5090-7c6c-f6d6-961b58b541c2,KXNCAAF-26-OKL,2025-12-09T00:57:57.318673Z,467.00,0.0200,0.9800,yes
835ecfdc-9df0-4560-c6a4-2133ed8e99d2,KXNCAAF-26-OKL,2025-12-09T00:55:50.431404Z,100.00,0.0200,0.9800,yes
bde1f433-9710-4ec0-2984-6e25afb6e706,KXNCAAF-26-OKL,2025-12-09T00:49:36.240602Z,625.00,0.0200,0.9800,yes
8dca828e-4450-4144-2bfb-48719af61416,KXNCAAF-26-OKL,2025-12-09T00:49:11.430718Z,233.00,0.0200,0.9800,yes
2873164e-5618-4c14-20e0-8c97d42cf8a2,KXNCAAF-26-OKL,2025-12-09T00:49:08.372705Z,750.00,0.0200,0.9800,yes
09040f63-32a0-4248-a708-8ef8309722ce,KXNCAAF-26-OKL,2025-12-09T00:48:41.159349Z,150.00,0.0200,0.9800,yes
cb12162a-e158-4e54-5ee8-7103849a3dd2,KXNCAAF-26-OKL,2025-12-09T00:47:40.785633Z,400.00,0.0200,0.9800,yes
331e291f-288c-6f50-d654-8901ffa1f5a6,KXNCAAF-26-OKL,2025-12-09T00:40:05.416205Z,935.00,0.0200,0.9800,yes
94279164-accc-6fe4-7846-c99f2a97d4be,KXNCAAF-26-OKL,2025-12-09T00:39:52.926583Z,467.00,0.0200,0.9800,yes
44deba7a-4bfc-7678-45d6-d2f3f052a486,KXNCAAF-26-OKL,2025-12-09T00:37:16.734746Z,935.00,0.0200,0.9800,yes
e5bf733d-2604-5478-2f82-de502b6d5a2a,KXNCAAF-26-OKL,2025-12-09T00:29:30.712315Z,2500.00,0.0200,0.9800,yes
34b9dbd6-c570-43e0-5078-6c3212e22e3a,KXNCAAF-26-OKL,2025-12-09T00:28:35.048929Z,166.00,0.0200,0.9800,yes
72acc3fb-8cfc-7c9c-6a31-32d211fe5732,KXNCAAF-26-OKL,2025-12-09T00:25:45.353096Z,5.00,0.0200,0.9800,yes
cdd4e723-e13c-77a0-4ade-85c203bda20e,KXNCAAF-26-OKL,2025-12-09T00:25:12.022967Z,200.00,0.0200,0.9800,yes
414d9dd5-a19a-6de2-f1fb-6d1f18846966,KXNCAAF-26-OKL,2025-12-09T00:24:22.54648Z,3000.00,0.0100,0.9900,no
e37e31dd-1390-7d24-4169-3fa941b1c45a,KXNCAAF-26-OKL,2025-12-09T00:18:40.815212Z,23.00,0.0200,0.9800,yes
7342dd81-1d48-6aac-426e-f84779bc2fca,KXNCAAF-26-OKL,2025-12-09T00:14:46.348698Z,2500.00,0.0200,0.9800,yes
836ca748-4350-7924-dab5-9b23123cf99e,KXNCAAF-26-OKL,2025-12-09T00:12:10.561845Z,250.00,0.0200,0.9800,yes
8ce68f64-31dc-7ad0-e5ac-c7584f4f6ec6,KXNCAAF-26-OKL,2025-12-09T00:01:21.61271Z,982.00,0.0200,0.9800,yes
0633d2e0-46ec-5e84-3b06-87e0d1fddc5e,KXNCAAF-26-OKL,2025-12-08T23:51:22.154163Z,191.00,0.0200,0.9800,yes
f95c2b2f-7111-5d24-154b-c7a7757bcc91,KXNCAAF-26-OKL,2025-12-08T23:47:49.763801Z,1081.00,0.0200,0.9800,no
d8cdf417-0f52-5f90-0b2d-86b5bc0ed584,KXNCAAF-26-OKL,2025-12-08T23:47:49.763801Z,50.00,0.0200,0.9800,no
5ac4c685-eea6-5022-3dde-c75259d6a7bb,KXNCAAF-26-OKL,2025-12-08T23:47:49.763801Z,500.00,0.0200,0.9800,no
3e79b2d7-b3f6-5f70-13f5-e16dbd7859ab,KXNCAAF-26-OKL,2025-12-08T23:47:49.763801Z,100.00,0.0200,0.9800,no
2fb5de17-92b0-5533-34f2-1b3a2116b5e8,KXNCAAF-26-OKL,2025-12-08T23:47:49.763801Z,300.00,0.0200,0.9800,no
2953b9c4-eaa0-53b5-3567-4239e88dac10,KXNCAAF-26-OKL,2025-12-08T23:47:49.763801Z,50.00,0.0200,0.9800,no
1426447b-c807-587c-0759-b518f0181de7,KXNCAAF-26-OKL,2025-12-08T23:47:49.763801Z,20.00,0.0200,0.9800,no
5bdcbc53-76a5-6362-91b5-68dcec828888,KXNCAAF-26-OKL,2025-12-08T23:35:53.633964Z,1000.00,0.0300,0.9700,yes
959e9775-fb0d-5ce2-1f00-d2c144e21378,KXNCAAF-26-OKL,2025-12-08T23:13:02.697238Z,100.00,0.0300,0.9700,yes
dcf59144-5491-55e2-58ec-43e24bb98908,KXNCAAF-26-OKL,2025-12-08T23:04:19.716568Z,1000.00,0.0300,0.9700,yes
16566988-9531-6c7a-d9dc-99b314bf07b8,KXNCAAF-26-OKL,2025-12-08T23:04:19.578893Z,156.00,0.0300,0.9700,yes
ca54e4f1-0db9-7136-1a52-c5ced7d6adf4,KXNCAAF-26-OKL,2025-12-08T22:57:26.594436Z,62.00,0.0300,0.9700,yes
6a3ce140-2a41-5db2-7883-fa56017a68a8,KXNCAAF-26-OKL,2025-12-08T22:38:33.596403Z,780.00,0.0300,0.9700,yes
2fd6fe8b-5251-402e-e82c-10454a0e3f98,KXNCAAF-26-OKL,2025-12-08T22:37:59.268039Z,218.00,0.0300,0.9700,yes
37f2218b-a93d-5a6a-bc67-03c4741339e0,KXNCAAF-26-OKL,2025-12-08T22:24:12.548346Z,2.00,0.0300,0.9700,yes
03185d5a-cc89-5592-3962-2ae3482ecef0,KXNCAAF-26-OKL,2025-12-08T22:06:55.722785Z,312.00,0.0300,0.9700,yes
c3cc06ed-b10d-450e-75d8-a8c784d0b36c,KXNCAAF-26-OKL,2025-12-08T22:06:17.182937Z,444.00,0.0300,0.9700,yes
9d732f0b-c48d-7792-77bb-a67cd388fe48,KXNCAAF-26-OKL,2025-12-08T22:03:52.072643Z,3058.00,0.0300,0.9700,yes
0f22e5c4-2c29-4852-fdc8-95274cbea690,KXNCAAF-26-OKL,2025-12-08T21:56:16.604319Z,400.00,0.0300,0.9700,yes
e61860e9-d701-5986-bfaf-940ad2fc0744,KXNCAAF-26-OKL,2025-12-08T21:46:29.569848Z,374.00,0.0300,0.9700,yes
1042786f-db5d-7446-7ba1-b08ca3018190,KXNCAAF-26-OKL,2025-12-08T21:40:23.300864Z,1.00,0.0300,0.9700,yes
a4c8934e-2e8d-7aca-0291-4823b0e207f8,KXNCAAF-26-OKL,2025-12-08T21:33:03.032645Z,93.00,0.0300,0.9700,yes
21610488-384d-4e36-b226-c04936dc71e0,KXNCAAF-26-OKL,2025-12-08T21:31:43.36553Z,1000.00,0.0300,0.9700,yes
bd30258e-1461-6ad0-e2a4-48d1254b988d,KXNCAAF-26-OKL,2025-12-08T21:05:53.227194Z,11000.00,0.0200,0.9800,no
6899233e-e0b5-7a6a-e71d-53961b1efe0c,KXNCAAF-26-OKL,2025-12-08T20:19:09.030629Z,100.00,0.0300,0.9700,yes
756145fa-cd41-765e-1eef-fc8cfceb2968,KXNCAAF-26-OKL,2025-12-08T20:10:17.936314Z,100.00,0.0300,0.9700,yes
473b10b1-5f45-53ce-4ba7-1ba72abceb24,KXNCAAF-26-OKL,2025-12-08T19:48:14.466624Z,3121.00,0.0300,0.9700,yes
97fa4559-1c39-5eb6-5f68-9ffc175e822c,KXNCAAF-26-OKL,2025-12-08T19:47:38.122023Z,15.00,0.0300,0.9700,yes
12d93313-7a35-6626-5553-c7bc626940dc,KXNCAAF-26-OKL,2025-12-08T19:43:31.322768Z,40.00,0.0300,0.9700,yes
7ded3958-82f5-48b8-75c9-829cd7caeecd,KXNCAAF-26-OKL,2025-12-08T19:37:19.174403Z,5000.00,0.0200,0.9800,no
8eb7aba1-282d-5d02-774e-f25e91f8451c,KXNCAAF-26-OKL,2025-12-08T19:35:23.691269Z,56.00,0.0300,0.9700,yes
f4984cf5-b0a9-6a8a-cbba-af691ea0c884,KXNCAAF-26-OKL,2025-12-08T19:33:03.280676Z,100.00,0.0300,0.9700,yes
25d251b8-4669-60a6-594e-32418b7a8418,KXNCAAF-26-OKL,2025-12-08T19:29:43.204387Z,312.00,0.0300,0.9700,yes
87ee2a68-78f1-7dba-42c5-353722bf698c,KXNCAAF-26-OKL,2025-12-08T19:24:20.08764Z,31.00,0.0300,0.9700,yes
d6c158f7-be61-413e-c4cb-434ea33875e8,KXNCAAF-26-OKL,2025-12-08T19:18:45.176174Z,500.00,0.0300,0.9700,yes
3a5af21c-0d51-4aca-b2c9-6ad93d051034,KXNCAAF-26-OKL,2025-12-08T19:10:37.209507Z,284.00,0.0300,0.9700,yes
088b6310-cb61-4ebe-6010-39aeb60112a8,KXNCAAF-26-OKL,2025-12-08T18:59:24.504826Z,100.00,0.0300,0.9700,yes
a766461e-30a9-48ca-e733-8d9c057e97ac,KXNCAAF-26-OKL,2025-12-08T18:55:42.381464Z,354.00,0.0300,0.9700,yes
d2bb28eb-7325-7d86-67a1-526c14ebbf0c,KXNCAAF-26-OKL,2025-12-08T18:52:17.214859Z,200.00,0.0300,0.9700,yes
7f11ff08-a55d-4fa6-0e9f-a2bc56ab7ad8,KXNCAAF-26-OKL,2025-12-08T18:51:23.28182Z,25.00,0.0300,0.9700,yes
4fbe4953-f1f9-40aa-5e2b-7f8cc5fa0a04,KXNCAAF-26-OKL,2025-12-08T18:48:05.602891Z,150.00,0.0300,0.9700,yes
200921e6-dd2d-7a6a-cb3e-02c1684ccf58,KXNCAAF-26-OKL,2025-12-08T18:40:45.850561Z,3121.00,0.0300,0.9700,yes
fb66d366-9549-58ba-bac6-a7a48d4c9818,KXNCAAF-26-OKL,2025-12-08T18:24:10.06616Z,156.00,0.0300,0.9700,yes
ac2f48f8-bb15-500e-5726-125545302890,KXNCAAF-26-OKL,2025-12-08T18:21:40.004916Z,62.00,0.0300,0.9700,yes
12eb2c0d-153d-498e-ce0e-04bfbe70dd44,KXNCAAF-26-OKL,2025-12-08T18:03:32.587424Z,2326.00,0.0300,0.9700,yes
3c45629d-1879-7796-d863-a7f7ce729520,KXNCAAF-26-OKL,2025-12-08T17:35:37.75097Z,555.00,0.0300,0.9700,yes
8e3bd9e8-8efd-6e56-27a4-8dd0ba40813c,KXNCAAF-26-OKL,2025-12-08T17:23:28.004459Z,156.00,0.0300,0.9700,yes
dc88d47c-e55d-7ef6-8884-efe38c43b898,KXNCAAF-26-OKL,2025-12-08T17:04:23.372401Z,3121.00,0.0300,0.9700,yes
00ab2f6e-67f1-7042-60c0-ceaed2ca1f24,KXNCAAF-26-OKL,2025-12-08T16:53:55.890801Z,40.00,0.0300,0.9700,yes
3e609c6b-8d51-5c22-9cce-24239fec6664,KXNCAAF-26-OKL,2025-12-08T16:35:47.260955Z,156.00,0.0300,0.9700,yes
7b8d5376-f3c9-65de-8d66-1c9fc24fd808,KXNCAAF-26-OKL,2025-12-08T16:34:37.058867Z,111.00,0.0300,0.9700,yes
13595c36-bd99-448a-61eb-bc8f62d906c4,KXNCAAF-26-OKL,2025-12-08T16:24:20.008015Z,3121.00,0.0300,0.9700,yes
be051545-90f1-4c2e-9ceb-521e99074d8c,KXNCAAF-26-OKL,2025-12-08T16:17:08.149957Z,312.00,0.0300,0.9700,yes
ce175401-7581-4d0a-823b-d195eee45280,KXNCAAF-26-OKL,2025-12-08T16:11:26.908288Z,998.00,0.0300,0.9700,yes
c0a05894-cedd-6aa8-7863-2a35a3008301,KXNCAAF-26-OKL,2025-12-08T16:10:42.141344Z,3556.00,0.0200,0.9800,no
f0017eeb-c1f1-66ae-e539-49c1da01b378,KXNCAAF-26-OKL,2025-12-08T16:10:15.934151Z,200.00,0.0300,0.9700,yes
643d486a-55dd-4936-bd58-80ecaa94eff8,KXNCAAF-26-OKL,2025-12-08T15:32:57.282972Z,100.00,0.0300,0.9700,yes
42be846f-ba05-7f4e-43b4-ec33dc6b69b0,KXNCAAF-26-OKL,2025-12-08T15:05:58.644098Z,100.00,0.0300,0.9700,yes
651234bd-c865-5052-74c2-cd44bddad6ec,KXNCAAF-26-OKL,2025-12-08T14:58:40.80033Z,140.00,0.0300,0.9700,yes
4afc63c5-7c85-6eca-b369-564651de3844,KXNCAAF-26-OKL,2025-12-08T14:52:47.680112Z,15.00,0.0300,0.9700,yes
dea51002-2e31-799e-d2f3-76aaf91bb1ec,KXNCAAF-26-OKL,2025-12-08T14:48:44.888033Z,502.00,0.0300,0.9700,yes
b7d62663-a075-7042-1b68-8ac644d2bc78,KXNCAAF-26-OKL,2025-12-08T14:45:51.527787Z,936.00,0.0300,0.9700,yes
e68eab20-e669-4d22-333d-a0ff501a3438,KXNCAAF-26-OKL,2025-12-08T14:42:31.617712Z,305.00,0.0300,0.9700,yes
4eb64061-5789-725e-63a2-58d7873cf7b8,KXNCAAF-26-OKL,2025-12-08T14:38:55.145625Z,10.00,0.0300,0.9700,yes
5c388d3d-eb5d-6336-8fe7-a33e46df7f90,KXNCAAF-26-OKL,2025-12-08T14:32:04.648483Z,200.00,0.0300,0.9700,yes
bfd02526-3c39-5312-3ed4-2109ad6633a8,KXNCAAF-26-OKL,2025-12-08T14:11:30.630275Z,4115.00,0.0300,0.9700,yes
04d35581-ac35-5ff7-2ceb-9260c09112d4,KXNCAAF-26-OKL,2025-12-08T14:11:30.630275Z,885.00,0.0300,0.9700,yes
a2d073bb-902d-4c13-63bc-2b16b1f4ec84,KXNCAAF-26-OKL,2025-12-08T14:11:24.137218Z,31.00,0.0300,0.9700,yes
660d9f0c-cff5-6c6b-e4a4-d10c96190464,KXNCAAF-26-OKL,2025-12-08T14:08:39.192353Z,200.00,0.0300,0.9700,yes
004c8639-7af5-4d10-af6f-667f0d64aba5,KXNCAAF-26-OKL,2025-12-08T13:52:10.147771Z,5.00,0.0200,0.9800,no
3d231606-ebc1-73e3-948d-31d79acd9c60,KXNCAAF-26-OKL,2025-12-08T13:52:09.371272Z,1575.00,0.0300,0.9700,yes
c605a115-3b6d-5f33-7930-90c2b4127da4,KXNCAAF-26-OKL,2025-12-08T13:44:33.227308Z,46.00,0.0300,0.9700,yes
66c4e4a8-9be9-720f-60f9-7dc42aeb1234,KXNCAAF-26-OKL,2025-12-08T13:44:25.795848Z,2403.00,0.0300,0.9700,yes
89d879f2-25d1-6a3b-e70b-ab5377038518,KXNCAAF-26-OKL,2025-12-08T13:41:30.703895Z,1560.00,0.0300,0.9700,yes
c0629986-fb81-7a4f-8b56-26ab9fd90b08,KXNCAAF-26-OKL,2025-12-08T12:55:28.574506Z,31.00,0.0300,0.9700,yes
c281c22c-2ab5-64f3-3f00-11d699ecc8e0,KXNCAAF-26-OKL,2025-12-08T12:22:54.738391Z,15.00,0.0300,0.9700,yes
a355f121-868e-4b3d-b879-3ede01065330,KXNCAAF-26-OKL,2025-12-08T11:49:50.243654Z,2546.00,0.0300,0.9700,yes
1baba084-5e35-4f2f-83cf-5373fa690e14,KXNCAAF-26-OKL,2025-12-08T11:49:50.243654Z,454.00,0.0300,0.9700,yes
ca027e41-a8ee-5505-dc88-8c8b7c011df0,KXNCAAF-26-OKL,2025-12-08T11:36:00.924156Z,1559.00,0.0300,0.9700,yes
6a98ca13-2a72-597d-d90a-0ad5850d67f4,KXNCAAF-26-OKL,2025-12-08T10:53:53.790845Z,444.00,0.0300,0.9700,yes
dba79898-36ae-7af1-0214-9c225dae2ab0,KXNCAAF-26-OKL,2025-12-08T09:56:47.751945Z,780.00,0.0300,0.9700,yes
6564d140-29fa-6915-0c22-0da7b0f91220,KXNCAAF-26-OKL,2025-12-08T08:37:24.521735Z,66.00,0.0300,0.9700,yes
adeabced-aa56-49e1-7afa-ce39fd942970,KXNCAAF-26-OKL,2025-12-08T07:37:04.883369Z,156.00,0.0300,0.9700,yes
113518dd-95be-5a59-bd07-e2f4da859bd8,KXNCAAF-26-OKL,2025-12-08T07:28:33.494772Z,5.00,0.0300,0.9700,yes
2939a191-a1ae-5729-2d25-8014241f5db8,KXNCAAF-26-OKL,2025-12-08T07:25:52.210675Z,20.00,0.0300,0.9700,yes
9d1782c8-c376-4591-f7a3-da31a23375f8,KXNCAAF-26-OKL,2025-12-08T07:21:55.977654Z,30.00,0.0300,0.9700,yes
bb5ac1d3-95b2-6ced-e629-f60fae316d9c,KXNCAAF-26-OKL,2025-12-08T07:14:01.78376Z,2000.00,0.0300,0.9700,yes
e4a3abbd-127a-4825-5af9-48530e058f7c,KXNCAAF-26-OKL,2025-12-08T06:27:56.72647Z,389.00,0.0300,0.9700,yes
4269e55f-a0d6-5579-c422-d9652fcde7c0,KXNCAAF-26-OKL,2025-12-08T05:57:32.792553Z,20.00,0.0300,0.9700,yes
ff3ec18e-9932-7cfd-ddbb-c00352f2e28c,KXNCAAF-26-OKL,2025-12-08T05:56:21.272648Z,93.00,0.0300,0.9700,yes
15ab96a9-f57e-72b5-5dd6-e7bd3ad39e24,KXNCAAF-26-OKL,2025-12-08T05:49:16.20648Z,93.00,0.0300,0.9700,yes
c82ba9b6-04b6-725d-0ca3-b60ec624bb28,KXNCAAF-26-OKL,2025-12-08T05:29:40.166105Z,250.00,0.0300,0.9700,yes
ad860111-c19a-73b5-066d-67e0c779b898,KXNCAAF-26-OKL,2025-12-08T05:29:33.076189Z,93.00,0.0300,0.9700,yes
44315344-e979-7e1c-5c1d-3b9da8bbb5e1,KXNCAAF-26-OKL,2025-12-08T05:27:08.387269Z,3000.00,0.0200,0.9800,no
c56fd5ee-c392-49e9-d01a-b141a91f026c,KXNCAAF-26-OKL,2025-12-08T05:27:02.868962Z,100.00,0.0300,0.9700,yes
c626cba5-b8ae-74c5-b0df-7e0051160bc8,KXNCAAF-26-OKL,2025-12-08T05:18:28.053116Z,150.00,0.0300,0.9700,yes
ed37d260-1a1e-6f7d-3c66-bf9a31cc1fd0,KXNCAAF-26-OKL,2025-12-08T05:11:19.463528Z,10.00,0.0300,0.9700,yes
ad8e8e70-82b2-7639-0b95-b23675f51408,KXNCAAF-26-OKL,2025-12-08T04:59:40.815436Z,66.00,0.0300,0.9700,yes
21fb7349-359a-5d2d-f265-d6b43c1c01f4,KXNCAAF-26-OKL,2025-12-08T04:54:37.022954Z,93.00,0.0300,0.9700,yes
d5b0737d-a965-7c8c-8bb4-c702aa85c10b,KXNCAAF-26-OKL,2025-12-08T04:47:05.418751Z,2848.00,0.0300,0.9700,yes
5d65590d-9146-7645-8b4a-3cd1d9e67b68,KXNCAAF-26-OKL,2025-12-08T04:47:05.418751Z,1037.00,0.0300,0.9700,yes
b3906236-a76d-5530-29a1-c19385021d57,KXNCAAF-26-OKL,2025-12-08T04:44:49.806932Z,30.00,0.0300,0.9700,yes
919f2040-0d31-74b8-3e57-171e0d369897,KXNCAAF-26-OKL,2025-12-08T04:36:15.335554Z,40.00,0.0300,0.9700,yes
137d54e6-c671-55b4-8b85-4e11ea572fbf,KXNCAAF-26-OKL,2025-12-08T04:35:18.03611Z,27.00,0.0300,0.9700,yes
93e6aa44-db2d-709c-32ba-0f3fffc09957,KXNCAAF-26-OKL,2025-12-08T04:33:35.35465Z,500.00,0.0300,0.9700,yes
f7205d7a-f575-4f08-8293-4341dd9d214f,KXNCAAF-26-OKL,2025-12-08T04:28:39.961734Z,20.00,0.0300,0.9700,yes
2c72027d-bab5-4ac8-19d7-f3c6a40d6fd7,KXNCAAF-26-OKL,2025-12-08T04:15:24.427792Z,156.00,0.0300,0.9700,yes
27436d6b-5b5d-7114-90f1-a611309da2d3,KXNCAAF-26-OKL,2025-12-08T04:12:27.900917Z,624.00,0.0300,0.9700,yes
ae85fbd7-ca9d-4810-aa64-0c86b9301d1f,KXNCAAF-26-OKL,2025-12-08T03:53:30.63559Z,100.00,0.0300,0.9700,yes
837e0e0d-baa9-5e94-644c-f87d4d423717,KXNCAAF-26-OKL,2025-12-08T03:53:08.1598Z,31.00,0.0300,0.9700,yes
77cfa991-168a-6e19-aab2-34e1d2cc9aab,KXNCAAF-26-OKL,2025-12-08T03:40:32.934784Z,142.00,0.0200,0.9800,no
3b47c057-e885-6723-ac72-34e5db77bffb,KXNCAAF-26-OKL,2025-12-08T03:40:32.934784Z,1000.00,0.0200,0.9800,no
20e162a2-5904-6e07-8f50-2351ac47f693,KXNCAAF-26-OKL,2025-12-08T03:40:32.934784Z,2500.00,0.0200,0.9800,no
1f15bdb9-36a5-6b1c-9fe0-a107cd74270d,KXNCAAF-26-OKL,2025-12-08T03:40:32.934784Z,1358.00,0.0200,0.9800,no
96071a43-f76d-6d64-e7da-17ed184a075f,KXNCAAF-26-OKL,2025-12-08T03:33:05.940105Z,624.00,0.0300,0.9700,yes
976f3f72-6615-4418-da87-015f47e42b6b,KXNCAAF-26-OKL,2025-12-08T03:31:21.965158Z,600.00,0.0300,0.9700,yes
7c4190d5-ca45-6dd8-3309-82651ad7d01f,KXNCAAF-26-OKL,2025-12-08T03:26:47.009181Z,48.00,0.0300,0.9700,yes
11f9be71-fe51-6f90-5b86-3aa1d0bb985b,KXNCAAF-26-OKL,2025-12-08T03:07:47.966301Z,936.00,0.0300,0.9700,yes
f3ff9c14-668d-655c-4ad5-99423d84a1df,KXNCAAF-26-OKL,2025-12-08T02:56:01.552294Z,31.00,0.0300,0.9700,yes
8bee7635-1a5a-7401-a565-f79ffc7b04ab,KXNCAAF-26-OKL,2025-12-08T02:49:26.651711Z,1.00,0.0200,0.9800,no
de506dbb-7d35-454c-00f2-a4a4474bda9f,KXNCAAF-26-OKL,2025-12-08T02:42:28.440764Z,305.00,0.0300,0.9700,yes
739bd228-9b09-6274-f78b-f95fd38c1c5b,KXNCAAF-26-OKL,2025-12-08T02:32:45.031569Z,17.00,0.0300,0.9700,yes
f1a95b36-a925-4bec-af80-53f107977737,KXNCAAF-26-OKL,2025-12-08T02:31:49.53711Z,624.00,0.0300,0.9700,yes
d09b4d60-5a62-541d-bcbb-f92d3d2549e7,KXNCAAF-26-OKL,2025-12-08T02:27:44.72058Z,156.00,0.0200,0.9800,no
69e06512-d749-603c-14b6-df628c49baff,KXNCAAF-26-OKL,2025-12-08T02:17:50.752527Z,222.00,0.0300,0.9700,yes
7933957a-856d-4de0-18c4-5174ead8e9eb,KXNCAAF-26-OKL,2025-12-08T02:05:16.095911Z,200.00,0.0300,0.9700,yes
637fb6c5-5189-5458-aa17-45a565631553,KXNCAAF-26-OKL,2025-12-08T01:46:50.904803Z,312.00,0.0300,0.9700,yes
cf769d37-b1b9-6c00-e8c5-225827faeaf3,KXNCAAF-26-OKL,2025-12-08T01:36:45.30584Z,10.00,0.0300,0.9700,yes
74652e49-a2bd-72b0-5ec7-455f922ade47,KXNCAAF-26-OKL,2025-12-08T01:34:20.121392Z,312.00,0.0300,0.9700,yes
0c890347-33d1-50d8-5704-3e1297a4a37f,KXNCAAF-26-OKL,2025-12-08T01:31:38.725173Z,62.00,0.0300,0.9700,yes
2f0eef1f-0979-73d0-c74d-e43154b7f45b,KXNCAAF-26-OKL,2025-12-08T01:30:53.151555Z,50.00,0.0300,0.9700,yes
b1ffc8eb-18b9-7e54-4f47-c770b66ced8b,KXNCAAF-26-OKL,2025-12-08T01:29:53.930501Z,44.00,0.0300,0.9700,yes
65e8c0bd-abd1-6220-8d69-b95fe3d26d0b,KXNCAAF-26-OKL,2025-12-08T01:18:19.273445Z,10.00,0.0300,0.9700,yes
4ad58158-c7e9-5d08-3b39-fa407e59ca1b,KXNCAAF-26-OKL,2025-12-08T01:12:37.462373Z,500.00,0.0300,0.9700,yes
9379cccf-862d-5fe0-1882-86e7d9995027,KXNCAAF-26-OKL,2025-12-08T00:44:50.538853Z,20.00,0.0300,0.9700,yes
3270581e-5ea9-5c2c-9be9-868ca6257aab,KXNCAAF-26-OKL,2025-12-08T00:40:50.688879Z,312.00,0.0300,0.9700,yes
fe220285-592d-5450-92db-bb009cd30857,KXNCAAF-26-OKL,2025-12-08T00:33:04.469915Z,10.00,0.0300,0.9700,yes
a0de0c29-7825-6ee4-d2a9-980ca955dc27,KXNCAAF-26-OKL,2025-12-08T00:01:04.254219Z,15.00,0.0300,0.9700,yes
82f40953-a3dd-5044-f507-a96ce4403363,KXNCAAF-26-OKL,2025-12-07T23:54:46.611807Z,360.00,0.0300,0.9700,yes
613d59b1-5687-515b-d954-0f7f3d7e8688,KXNCAAF-26-OKL,2025-12-07T23:54:46.611807Z,640.00,0.0300,0.9700,yes
6ab4c41b-e247-7567-c48b-72d7e63eb6d8,KXNCAAF-26-OKL,2025-12-07T23:54:09.217711Z,312.00,0.0300,0.9700,yes
8bbed7e0-50f3-7243-a5a4-385a4b04da4c,KXNCAAF-26-OKL,2025-12-07T23:48:23.895658Z,31.00,0.0300,0.9700,yes
2821543e-9533-5223-2307-0d9b5c090d3c,KXNCAAF-26-OKL,2025-12-07T23:46:43.770144Z,200.00,0.0300,0.9700,yes
bbd25e1c-9d1f-4d57-a3b1-da928dae96fc,KXNCAAF-26-OKL,2025-12-07T23:43:49.408061Z,624.00,0.0300,0.9700,yes
7c385d45-29d7-737f-b7e9-27b2bdd8adcc,KXNCAAF-26-OKL,2025-12-07T23:42:01.037502Z,1226.00,0.0300,0.9700,yes
b5f2d8f8-e4b3-7f5b-952b-dac9944ed060,KXNCAAF-26-OKL,2025-12-07T23:39:01.99389Z,44.00,0.0300,0.9700,yes
d9c34d8f-60fb-46a3-bd88-34177eff7b68,KXNCAAF-26-OKL,2025-12-07T23:36:55.349129Z,624.00,0.0300,0.9700,yes
6665ac5b-8f23-7083-3007-01d34e6763c8,KXNCAAF-26-OKL,2025-12-07T23:35:50.136545Z,99.00,0.0300,0.9700,yes
fd730693-1a7b-671b-a161-68fe5fce7a00,KXNCAAF-26-OKL,2025-12-07T23:32:02.717321Z,100.00,0.0300,0.9700,yes
23ca969f-11eb-7003-f43b-519ea691ca94,KXNCAAF-26-OKL,2025-12-07T23:29:22.394966Z,156.00,0.0300,0.9700,yes
2c9f1484-91d7-45d7-91d1-56d56fc4ad60,KXNCAAF-26-OKL,2025-12-07T23:14:57.407081Z,1.00,0.0300,0.9700,yes
7a8ddfb5-4796-5695-b0e3-20ecb1326833,KXNCAAF-26-OKL,2025-12-07T23:00:33.443647Z,1.00,0.0200,0.9800,no
273be547-fe8f-4fbb-140c-d5b404589f78,KXNCAAF-26-OKL,2025-12-07T22:56:04.75104Z,45.00,0.0300,0.9700,yes
0492aa2f-196f-49a7-0852-71df060e43c4,KXNCAAF-26-OKL,2025-12-07T22:33:31.452518Z,1000.00,0.0300,0.9700,yes
d767739e-cedf-5a1f-b203-75785d613fbc,KXNCAAF-26-OKL,2025-12-07T22:27:56.640473Z,229.00,0.0300,0.9700,yes
4eef4dfb-8e03-5d4f-187b-534bad779aec,KXNCAAF-26-OKL,2025-12-07T22:19:32.543741Z,200.00,0.0300,0.9700,yes
44193904-d35d-5c9b-c7b2-e3e03f34e3eb,KXNCAAF-26-OKL,2025-12-07T22:19:01.979218Z,700.00,0.0200,0.9800,yes
69c82650-7200-6cc0-10a3-c25b4262ee21,KXNCAAF-26-OKL,2025-12-07T22:14:44.253215Z,14300.00,0.0200,0.9800,no
0c1eac4e-bb23-6def-c471-3af5a7f35100,KXNCAAF-26-OKL,2025-12-07T22:11:39.676093Z,624.00,0.0300,0.9700,yes
7d2a479f-aa20-501c-215f-ed9a7f7c1de5,KXNCAAF-26-OKL,2025-12-07T22:11:15.743488Z,10700.00,0.0200,0.9800,no
6238da14-8483-5bdc-24cf-bc6c8483981b,KXNCAAF-26-OKL,2025-12-07T22:11:15.743488Z,500.00,0.0200,0.9800,no
51a36dee-646c-5742-22eb-91ecc67ee5de,KXNCAAF-26-OKL,2025-12-07T22:11:15.743488Z,800.00,0.0200,0.9800,no
23a9ddce-36f7-57af-05b5-39000b125d4c,KXNCAAF-26-OKL,2025-12-07T22:06:53.047462Z,156.00,0.0300,0.9700,yes
1dd40673-336b-7543-cd74-46b3539fde9c,KXNCAAF-26-OKL,2025-12-07T21:50:23.787532Z,124.00,0.0300,0.9700,yes
a12f153d-67df-6413-f6f4-4ef41cd45e40,KXNCAAF-26-OKL,2025-12-07T21:40:43.907792Z,635.00,0.0300,0.9700,yes
1087ab12-5517-643f-e4ec-d3833771a504,KXNCAAF-26-OKL,2025-12-07T21:32:54.003287Z,59.00,0.0300,0.9700,yes
31ddf11a-0087-6feb-ac41-2136d2073624,KXNCAAF-26-OKL,2025-12-07T21:27:17.085406Z,1248.00,0.0300,0.9700,yes
fe7d2694-7677-5383-0710-72e7cc6214d0,KXNCAAF-26-OKL,2025-12-07T21:12:14.148995Z,100.00,0.0300,0.9700,yes
1ae8149c-a093-68cf-4491-e665a0b31cdc,KXNCAAF-26-OKL,2025-12-07T21:10:47.7965Z,312.00,0.0300,0.9700,yes
3533c5e7-b823-5e87-7a0b-4dc180c40568,KXNCAAF-26-OKL,2025-12-07T21:05:30.054793Z,312.00,0.0300,0.9700,yes
bcebfd94-fe83-4b8f-e355-67c751a17718,KXNCAAF-26-OKL,2025-12-07T21:04:51.722853Z,655.00,0.0300,0.9700,yes
e72a6fa7-4395-432a-4652-132132343ea0,KXNCAAF-26-OKL,2025-12-07T20:15:49.543853Z,536.00,0.0300,0.9700,yes
b0e3a4ca-f027-4cab-6a94-607548e7fe6c,KXNCAAF-26-OKL,2025-12-07T20:15:49.543853Z,244.00,0.0300,0.9700,yes
9f7e7f79-9861-4efa-bcf0-30d36d2c8524,KXNCAAF-26-OKL,2025-12-07T20:05:09.869796Z,5000.00,0.0300,0.9700,yes
f383fba2-c2c1-595e-5a97-430b556ae280,KXNCAAF-26-OKL,2025-12-07T19:52:40.29847Z,131.00,0.0300,0.9700,yes
593a492e-0d69-7aa2-067a-b176b9b3b540,KXNCAAF-26-OKL,2025-12-07T19:51:06.917942Z,312.00,0.0300,0.9700,yes
12b829e9-756d-434a-bd5b-f3b4bdaf5280,KXNCAAF-26-OKL,2025-12-07T19:49:31.181024Z,200.00,0.0300,0.9700,yes
b4874f2d-efd1-737a-5b1d-f3cbbb495090,KXNCAAF-26-OKL,2025-12-07T19:49:12.693581Z,3821.00,0.0300,0.9700,yes
12827835-d3ef-7814-7219-e72022a4c39b,KXNCAAF-26-OKL,2025-12-07T19:49:12.693581Z,1179.00,0.0300,0.9700,yes
17e322bf-b98b-6148-a322-91ba8ffc64ab,KXNCAAF-26-OKL,2025-12-07T19:44:10.974753Z,500.00,0.0300,0.9700,yes
a59a8173-506b-6910-427d-609f59457a6b,KXNCAAF-26-OKL,2025-12-07T19:33:36.653496Z,222.00,0.0300,0.9700,yes
a3502d55-f013-69fc-6942-cec0b29c7b37,KXNCAAF-26-OKL,2025-12-07T19:24:55.123703Z,3121.00,0.0300,0.9700,yes
3006c5e0-4133-5944-bd8f-7ea83484b997,KXNCAAF-26-OKL,2025-12-07T19:13:45.790934Z,50.00,0.0300,0.9700,yes
41d2571c-a607-7e00-2592-142e824a2e9b,KXNCAAF-26-OKL,2025-12-07T19:05:14.198614Z,444.00,0.0300,0.9700,yes
b2b81ad7-23cf-5980-144c-a9933e72bd3b,KXNCAAF-26-OKL,2025-12-07T19:01:43.101486Z,3.00,0.0300,0.9700,yes
78d76d78-2277-5d5c-efa3-a0b382d5191f,KXNCAAF-26-OKL,2025-12-07T18:59:32.352496Z,50.00,0.0300,0.9700,yes
7317adee-91cb-628c-8283-ae24780a0a9b,KXNCAAF-26-OKL,2025-12-07T18:57:49.245091Z,5.00,0.0300,0.9700,yes
91ca3133-4a93-6bbd-b30a-5ee8b9860b83,KXNCAAF-26-OKL,2025-12-07T18:50:18.396483Z,9200.00,0.0200,0.9800,yes
e44a0e87-5c43-7939-a572-4137c5a53fa4,KXNCAAF-26-OKL,2025-12-07T18:48:48.168007Z,4200.00,0.0200,0.9800,yes
3a9c3b52-c643-7879-9006-ad98b11d08cb,KXNCAAF-26-OKL,2025-12-07T18:48:48.168007Z,800.00,0.0200,0.9800,yes
62579c20-6377-6e29-f3aa-964566988944,KXNCAAF-26-OKL,2025-12-07T18:48:20.399826Z,1500.00,0.0200,0.9800,yes
f2cfdbfb-9267-70e1-efc0-faf3ed4a9374,KXNCAAF-26-OKL,2025-12-07T18:48:17.593232Z,250.00,0.0200,0.9800,yes
4475b5f8-604f-7955-863d-e242a6603474,KXNCAAF-26-OKL,2025-12-07T18:34:28.587423Z,1000.00,0.0200,0.9800,yes
1e2dcdff-73d7-5ead-a934-31b5b6d01110,KXNCAAF-26-OKL,2025-12-07T18:29:14.516353Z,500.00,0.0200,0.9800,yes
c3f53138-ada3-4db7-7815-4fe985addae2,KXNCAAF-26-OKL,2025-12-07T18:27:40.953802Z,1006.00,0.0200,0.9800,yes
1e727d3d-dd2f-4561-6442-4096a3e5a774,KXNCAAF-26-OKL,2025-12-07T18:27:40.953802Z,2550.00,0.0200,0.9800,yes
f81527de-eb0b-5baf-aa83-6270771c75a6,KXNCAAF-26-OKL,2025-12-07T18:27:21.343882Z,200.00,0.0200,0.9800,yes
993d8988-8873-6723-272d-f6bf15ae6956,KXNCAAF-26-OKL,2025-12-07T18:25:08.5141Z,1645.00,0.0200,0.9800,yes
76399e8b-dcd3-4a1f-34da-991fed86fbb2,KXNCAAF-26-OKL,2025-12-07T18:24:57.691463Z,421.00,0.0200,0.9800,yes
df0cb83c-39eb-4c33-ec33-eafa0a5b967a,KXNCAAF-26-OKL,2025-12-07T18:22:52.587499Z,233.00,0.0200,0.9800,yes
cad30b02-1f93-71db-cba6-87e52479e556,KXNCAAF-26-OKL,2025-12-07T18:22:08.76194Z,233.00,0.0200,0.9800,yes
36c7c18a-8b37-5fb3-2545-8fa3e16c149a,KXNCAAF-26-OKL,2025-12-07T18:21:14.627025Z,1169.00,0.0200,0.9800,yes
e3dccfa9-3117-578b-0caa-2284f914da7a,KXNCAAF-26-OKL,2025-12-07T18:21:05.040437Z,93.00,0.0200,0.9800,yes
b24b052e-68e4-78cb-82d6-5cf504d92c7e,KXNCAAF-26-OKL,2025-12-07T18:14:55.894945Z,25000.00,0.0200,0.9800,no
672e25e4-2e9b-7ce4-59fa-2cc733e32c23,KXNCAAF-26-OKL,2025-12-07T18:03:02.317616Z,780.00,0.0300,0.9700,yes
842bfc56-096f-4a2c-28ef-4becf173790f,KXNCAAF-26-OKL,2025-12-07T17:59:27.836203Z,3121.00,0.0300,0.9700,yes
d89f144e-85f7-60f4-14e9-83d26f4549e7,KXNCAAF-26-OKL,2025-12-07T17:59:01.390876Z,156.00,0.0300,0.9700,yes
6bebc0c6-96c7-4e68-d96a-72592a07dff3,KXNCAAF-26-OKL,2025-12-07T17:50:38.597466Z,475.00,0.0300,0.9700,yes
61ddb7ea-89d7-551c-f0de-15db4585647b,KXNCAAF-26-OKL,2025-12-07T17:37:30.556928Z,50.00,0.0300,0.9700,yes
868d4fd9-0edb-79c8-b44b-e9d86e7fa4fb,KXNCAAF-26-OKL,2025-12-07T17:26:42.208048Z,200.00,0.0300,0.9700,yes
fd6c706c-819f-4264-d812-d157acf7a9b7,KXNCAAF-26-OKL,2025-12-07T17:23:31.71857Z,400.00,0.0300,0.9700,yes
cad8f212-5d57-4d44-e660-ce42f721e63f,KXNCAAF-26-OKL,2025-12-07T17:15:32.681243Z,3000.00,0.0300,0.9700,yes
3b869ad4-703b-5040-de84-d91e761dac4b,KXNCAAF-26-OKL,2025-12-07T16:50:47.293776Z,500.00,0.0300,0.9700,yes
58d1bb27-17eb-4480-d5dc-00fb71842083,KXNCAAF-26-OKL,2025-12-07T16:29:16.973335Z,400.00,0.0300,0.9700,yes
001f065a-c31f-6560-bb41-9748283254db,KXNCAAF-26-OKL,2025-12-07T16:18:16.754878Z,100.00,0.0300,0.9700,yes
5bf03329-89f7-5c30-2a37-5297aad79657,KXNCAAF-26-OKL,2025-12-07T16:12:58.805131Z,2.00,0.0300,0.9700,yes
c9e5ad56-cb93-6d28-355c-b947c9e999f3,KXNCAAF-26-OKL,2025-12-07T16:07:02.82534Z,200.00,0.0300,0.9700,yes
ea58d827-0b9f-5384-ef40-cb2d5969a377,KXNCAAF-26-OKL,2025-12-07T15:54:17.324709Z,500.00,0.0300,0.9700,yes
90cd0735-a837-6590-266c-e475805b417b,KXNCAAF-26-OKL,2025-12-07T15:32:03.554457Z,100.00,0.0300,0.9700,yes
95403214-12af-69f8-f017-2cd47b831abb,KXNCAAF-26-OKL,2025-12-07T15:17:17.463456Z,2000.00,0.0300,0.9700,yes
7d0c0f52-849b-6e10-2b60-94a83c42afcf,KXNCAAF-26-OKL,2025-12-07T14:41:19.587205Z,100.00,0.0300,0.9700,yes
b5dee4ef-05cf-5cd4-fd43-988014ba119b,KXNCAAF-26-OKL,2025-12-07T14:05:28.325796Z,1030.00,0.0300,0.9700,yes
9e0267e1-9f37-7b40-1089-e7d5ba1dd8ef,KXNCAAF-26-OKL,2025-12-07T13:27:21.543678Z,14.00,0.0300,0.9700,yes
58233184-744f-78c4-2082-f222a6b9ffb3,KXNCAAF-26-OKL,2025-12-07T12:26:18.051473Z,3121.00,0.0300,0.9700,yes
ee5d05e9-cc53-458c-e7d4-1f3629784f0f,KXNCAAF-26-OKL,2025-12-07T08:14:31.224727Z,312.00,0.0300,0.9700,yes
e8fca4d1-d3d3-5a6f-626e-8ee818995062,KXNCAAF-26-OKL,2025-12-07T07:55:12.476687Z,83.00,0.0200,0.9800,yes
b61fe045-7fcb-56fb-8c2e-04154325d52a,KXNCAAF-26-OKL,2025-12-07T07:51:49.996051Z,917.00,0.0200,0.9800,yes
d9693f80-eb37-6a28-b941-7de8c80c6797,KXNCAAF-26-OKL,2025-12-07T06:53:10.632336Z,100.00,0.0300,0.9700,yes
09ddd9db-d12b-5884-779b-4aa127a72d97,KXNCAAF-26-OKL,2025-12-07T06:43:41.1769Z,8000.00,0.0300,0.9700,yes
f2511280-b19b-7144-beaa-e71858b5453b,KXNCAAF-26-OKL,2025-12-07T06:29:31.818776Z,5218.00,0.0300,0.9700,yes
dc92dafb-2b7b-796e-bb8c-7ac36ac7531d,KXNCAAF-26-OKL,2025-12-07T06:29:31.818776Z,20000.00,0.0300,0.9700,yes
c79dd29c-8e0e-7cfc-aab1-9620fb573c78,KXNCAAF-26-OKL,2025-12-07T06:29:31.818776Z,12331.00,0.0300,0.9700,yes
bd9f95b7-9b41-7e58-b3fc-5fe1b243f2e0,KXNCAAF-26-OKL,2025-12-07T06:29:31.818776Z,232.00,0.0200,0.9800,yes
a569a234-e291-740e-922c-8af46b662bf0,KXNCAAF-26-OKL,2025-12-07T06:29:31.818776Z,1625.00,0.0200,0.9800,yes
8be79751-2401-7fcd-b522-e670076bb6c5,KXNCAAF-26-OKL,2025-12-07T06:29:31.818776Z,400.00,0.0200,0.9800,yes
7d9ef73f-6d0d-7090-af1a-38278c455dab,KXNCAAF-26-OKL,2025-12-07T06:29:31.818776Z,1000.00,0.0200,0.9800,yes
76a283ef-00c7-7e31-9640-37121b40362f,KXNCAAF-26-OKL,2025-12-07T06:29:31.818776Z,570.00,0.0200,0.9800,yes
6b00a156-d758-722f-a94c-8a8d0ed2b49c,KXNCAAF-26-OKL,2025-12-07T06:29:31.818776Z,255111.00,0.0300,0.9700,yes
688deeb6-8583-750b-ad7b-bbc7d0937046,KXNCAAF-26-OKL,2025-12-07T06:29:31.818776Z,100.00,0.0300,0.9700,yes
627d3dd0-8816-7e21-a80d-3f58d647f9ad,KXNCAAF-26-OKL,2025-12-07T06:29:31.818776Z,307.00,0.0300,0.9700,yes
57050fd2-2919-7266-a77e-b10c5ee9cb4a,KXNCAAF-26-OKL,2025-12-07T06:29:31.818776Z,2000.00,0.0200,0.9800,yes
489ece48-50e9-7852-b55d-8890dd16bdcf,KXNCAAF-26-OKL,2025-12-07T06:29:31.818776Z,9279.00,0.0200,0.9800,yes
30c6d28e-ee65-7310-a8b3-d2d57094ca3b,KXNCAAF-26-OKL,2025-12-07T06:29:31.818776Z,3500.00,0.0200,0.9800,yes
2cf65478-c1b2-74d2-9335-5503338df129,KXNCAAF-26-OKL,2025-12-07T06:29:31.818776Z,200.00,0.0200,0.9800,yes
1d0eb24b-b18f-74c1-acd6-7c9696149be9,KXNCAAF-26-OKL,2025-12-07T06:29:31.818776Z,8000.00,0.0200,0.9800,yes
11978905-a63c-75c7-a830-2700b7434acb,KXNCAAF-26-OKL,2025-12-07T06:29:31.818776Z,1000.00,0.0300,0.9700,yes
09977899-1d84-7453-92d3-bdf5c1e23c5a,KXNCAAF-26-OKL,2025-12-07T06:29:31.818776Z,96.00,0.0300,0.9700,yes
08ce28dd-ee19-7640-bb34-2296578d1a1f,KXNCAAF-26-OKL,2025-12-07T06:29:31.818776Z,91.00,0.0300,0.9700,yes
006a345e-fe88-7662-8b0d-b9768acb8f6e,KXNCAAF-26-OKL,2025-12-07T06:29:31.818776Z,2.00,0.0300,0.9700,yes
da784080-b912-4eb2-bc5e-9d8e93925cd3,KXNCAAF-26-OKL,2025-12-07T06:13:05.047527Z,3279.00,0.0200,0.9800,yes
6ee267f5-e529-44a6-a878-7e57683957eb,KXNCAAF-26-OKL,2025-12-07T06:13:05.047527Z,721.00,0.0200,0.9800,yes
5cfcedc0-6992-439a-d4ac-36a3b2a70b8b,KXNCAAF-26-OKL,2025-12-07T06:07:59.745887Z,200.00,0.0200,0.9800,yes
12303c22-056a-5ef2-e71b-5af0da9bc2ab,KXNCAAF-26-OKL,2025-12-07T05:48:06.901275Z,5000.00,0.0200,0.9800,yes
e7f67dad-d606-4f52-4b6a-a37296fc853b,KXNCAAF-26-OKL,2025-12-07T05:46:21.508571Z,280.00,0.0200,0.9800,yes
8f2180ff-97ca-5ae2-f3eb-4ec8f537963b,KXNCAAF-26-OKL,2025-12-07T05:44:31.987688Z,50.00,0.0200,0.9800,yes
7a7d49c5-859a-46da-001c-40809fe2b31e,KXNCAAF-26-OKL,2025-12-07T05:44:17.950386Z,2018.00,0.0100,0.9900,no
e92d376d-2e3a-6782-1fc6-b6721d3e685a,KXNCAAF-26-OKL,2025-12-07T05:39:30.927041Z,300.00,0.0100,0.9900,no
598abef6-ff8a-74e6-82b4-23d330a8b676,KXNCAAF-26-OKL,2025-12-07T05:37:45.63457Z,362.00,0.0100,0.9900,no
1b2a5354-578e-7ec2-afc2-3473fabd4ef2,KXNCAAF-26-OKL,2025-12-07T05:37:44.381698Z,50.00,0.0100,0.9900,no
3043d7ae-eb58-6e77-0207-fa88deff45d4,KXNCAAF-26-OKL,2025-12-07T05:34:35.963857Z,31.00,0.0300,0.9700,yes
9f7f0355-8ecc-5343-5c4c-01e4022dccdc,KXNCAAF-26-OKL,2025-12-07T05:34:24.741435Z,31.00,0.0300,0.9700,yes
b42ed760-4a6b-5855-2d93-35a31d0fc5e9,KXNCAAF-26-OKL,2025-12-07T05:33:06.164941Z,150.00,0.0200,0.9800,no
93a52bdf-7dc4-5508-0622-b1961ff7a678,KXNCAAF-26-OKL,2025-12-07T05:33:06.164941Z,250.00,0.0200,0.9800,no
1c22867d-188f-4a89-35cf-11de7b689c29,KXNCAAF-26-OKL,2025-12-07T05:33:04.925744Z,50.00,0.0200,0.9800,no
1ac5681f-fdb0-5497-162a-5fb3fab8fdbc,KXNCAAF-26-OKL,2025-12-07T05:27:07.000924Z,31.00,0.0300,0.9700,yes
12818613-25ec-7bbb-4533-addf58aa0ba4,KXNCAAF-26-OKL,2025-12-07T05:23:19.373112Z,156.00,0.0300,0.9700,yes
f3ad21dd-4634-4e13-0ab8-9381de2ac848,KXNCAAF-26-OKL,2025-12-07T05:16:15.580294Z,1560.00,0.0300,0.9700,yes
1453c4d1-c3c4-65f3-dca3-22af4da24d18,KXNCAAF-26-OKL,2025-12-07T05:11:00.813746Z,5000.00,0.0300,0.9700,yes
85a3cb78-9e04-4cb7-ac58-e50d90094d68,KXNCAAF-26-OKL,2025-12-07T05:05:44.466937Z,21.00,0.0300,0.9700,yes
21a67479-2d34-501f-9a2e-a599d6993d54,KXNCAAF-26-OKL,2025-12-07T04:48:46.784196Z,300.00,0.0300,0.9700,yes
d252dfae-0434-5773-ac1d-fe4c17fedf38,KXNCAAF-26-OKL,2025-12-07T04:39:41.30841Z,156.00,0.0300,0.9700,yes
2398df8a-5e01-71c3-cc80-fcff87a919e4,KXNCAAF-26-OKL,2025-12-07T04:33:16.489075Z,6500.00,0.0200,0.9800,no
a27974c2-4029-416f-2c44-5c0eb490388c,KXNCAAF-26-OKL,2025-12-07T04:32:00.097092Z,85.00,0.0200,0.9800,no
c89b833c-64e5-47fb-bdba-abfc028f957c,KXNCAAF-26-OKL,2025-12-07T04:29:37.674463Z,50.00,0.0200,0.9800,no
95c57245-1925-6f73-e703-2c9fe8987478,KXNCAAF-26-OKL,2025-12-07T04:26:07.643828Z,558.00,0.0200,0.9800,no
cec72f88-84e9-5bb3-3e20-993708e4adec,KXNCAAF-26-OKL,2025-12-07T04:26:06.407728Z,322.00,0.0200,0.9800,no
3f0ded42-71e5-6513-a3ca-ffceab2b0a7c,KXNCAAF-26-OKL,2025-12-07T04:24:45.270133Z,78.00,0.0200,0.9800,no
176ad486-35ad-77af-cc8f-3eeffe93260c,KXNCAAF-26-OKL,2025-12-07T03:48:02.017369Z,600.00,0.0200,0.9800,no
17761d13-e35c-6987-f00f-dd416264b21c,KXNCAAF-26-OKL,2025-12-07T02:58:43.747388Z,780.00,0.0300,0.9700,yes
d92f396a-5d94-6627-7d40-3e0f221be1fc,KXNCAAF-26-OKL,2025-12-07T02:51:27.719628Z,93.00,0.0300,0.9700,yes
7c8665fd-0620-4fb7-0d75-aef362cd9660,KXNCAAF-26-OKL,2025-12-07T02:35:31.596077Z,1872.00,0.0300,0.9700,yes
71b231b4-28e0-4ee3-58c6-5fe73b50da04,KXNCAAF-26-OKL,2025-12-07T02:29:20.045556Z,5000.00,0.0300,0.9700,yes
703d6c42-1779-5c27-3565-5d179a0c8bac,KXNCAAF-26-OKL,2025-12-07T02:16:19.697329Z,644.00,0.0200,0.9800,no
694ab23a-e5ec-4443-c81f-a20c4552dca8,KXNCAAF-26-OKL,2025-12-07T02:15:16.787761Z,5000.00,0.0300,0.9700,yes
15b9658a-29a1-64a7-a94a-486c8b910b88,KXNCAAF-26-OKL,2025-12-07T02:11:57.900565Z,136.00,0.0200,0.9800,no
47064544-ccd1-731b-cf69-3046298b4310,KXNCAAF-26-OKL,2025-12-07T02:11:56.664325Z,18.00,0.0200,0.9800,no
e2d49909-e208-4373-9a0a-eb887b2eaf20,KXNCAAF-26-OKL,2025-12-07T02:11:27.725852Z,1000.00,0.0300,0.9700,yes
47242895-ec89-5693-9ffb-fa2cd4e2e6d8,KXNCAAF-26-OKL,2025-12-07T02:09:51.325771Z,107.00,0.0200,0.9800,no
85f2b3d5-7fe4-76eb-757d-51d20cc2c964,KXNCAAF-26-OKL,2025-12-07T02:03:51.213219Z,62.00,0.0300,0.9700,yes
cc448674-be80-4163-1325-f6632b254ef0,KXNCAAF-26-OKL,2025-12-07T01:53:05.53524Z,3121.00,0.0300,0.9700,yes
91159e46-41e0-5e9b-11da-3ab492240df4,KXNCAAF-26-OKL,2025-12-07T01:51:26.105844Z,259.00,0.0300,0.9700,yes
3281dbad-35b5-7b97-e3b9-0648130bff8c,KXNCAAF-26-OKL,2025-12-07T01:42:54.597306Z,100.00,0.0200,0.9800,no
9492730d-a5d1-4fa3-51f9-5325857f54e0,KXNCAAF-26-OKL,2025-12-07T01:42:21.879214Z,50.00,0.0200,0.9800,no
ce222c8e-56e5-4af3-3de5-1d03627bcc54,KXNCAAF-26-OKL,2025-12-07T01:39:11.379665Z,175.00,0.0200,0.9800,no
743593d8-82a8-4f0f-4585-9f4e260f700c,KXNCAAF-26-OKL,2025-12-07T01:38:33.979363Z,62.00,0.0300,0.9700,yes
e673da05-b348-738b-23a8-093e0d3f18ac,KXNCAAF-26-OKL,2025-12-07T01:37:30.640109Z,624.00,0.0300,0.9700,yes
1bdf8fee-3f98-5427-eba6-094a5b4d9fbc,KXNCAAF-26-OKL,2025-12-07T01:30:26.087232Z,306.00,0.0300,0.9700,yes
531cc918-60c5-6c1f-982d-39a86d672e6c,KXNCAAF-26-OKL,2025-12-07T01:29:58.448833Z,677.00,0.0200,0.9800,no
5a9fc577-0191-6f77-3e07-1ee19a717698,KXNCAAF-26-OKL,2025-12-07T01:28:24.99593Z,7.00,0.0200,0.9800,no
f79f7e6b-7b31-68ff-ae34-f9d60abe9f84,KXNCAAF-26-OKL,2025-12-07T01:25:07.114582Z,93.00,0.0200,0.9800,no
eee840e2-560d-5faf-ff38-cdb40b19aadc,KXNCAAF-26-OKL,2025-12-07T01:22:35.645761Z,1.00,0.0200,0.9800,no
898de03f-8281-51f3-710d-3029721642ec,KXNCAAF-26-OKL,2025-12-07T01:20:33.07963Z,13.00,0.0200,0.9800,no
12def75c-34ac-6a4b-b18e-f522053bf270,KXNCAAF-26-OKL,2025-12-07T01:17:56.178174Z,312.00,0.0300,0.9700,yes
89190540-f739-5323-4885-720d3e8bbdfc,KXNCAAF-26-OKL,2025-12-07T01:16:23.205619Z,10.00,0.0200,0.9800,no
89d18845-9e5d-4a47-99f7-d0221abb288c,KXNCAAF-26-OKL,2025-12-07T00:49:34.916136Z,302.00,0.0200,0.9800,no
01f574c6-3391-4da7-bce5-a7b36a56f028,KXNCAAF-26-OKL,2025-12-07T00:46:33.308395Z,37.00,0.0200,0.9800,no
84ffb991-44a5-44a3-c5eb-5027433f5844,KXNCAAF-26-OKL,2025-12-07T00:46:17.563328Z,176.00,0.0200,0.9800,no
73b0e0c4-0919-555f-92cb-768ddaf141bc,KXNCAAF-26-OKL,2025-12-07T00:44:20.997911Z,65.00,0.0200,0.9800,no
ea45fda5-36b5-6e2b-74ad-4e2b1a64f570,KXNCAAF-26-OKL,2025-12-07T00:44:19.764415Z,52.00,0.0200,0.9800,no
16dbfdbd-8ba9-6f37-853e-20e075ff20ac,KXNCAAF-26-OKL,2025-12-07T00:43:51.235597Z,18.00,0.0200,0.9800,no
26115f38-30a9-79db-943f-96855e649288,KXNCAAF-26-OKL,2025-12-07T00:43:45.14494Z,6.00,0.0200,0.9800,no
a17e0ca0-5a65-68df-3166-e8b9543d9a74,KXNCAAF-26-OKL,2025-12-07T00:40:00.162489Z,20.00,0.0200,0.9800,no
4ff75a11-f0bd-480b-453f-247d1b5a6610,KXNCAAF-26-OKL,2025-12-07T00:37:37.285627Z,89.00,0.0200,0.9800,no
7abd50bb-a2d1-7267-17de-cba70ada2504,KXNCAAF-26-OKL,2025-12-07T00:37:30.841067Z,34.00,0.0200,0.9800,no
96b0da20-795d-5003-1611-f175d9135994,KXNCAAF-26-OKL,2025-12-07T00:37:29.597572Z,4.00,0.0200,0.9800,no
d57060b6-aa65-6c57-d38f-13b46a7219d8,KXNCAAF-26-OKL,2025-12-07T00:34:13.179192Z,228.00,0.0200,0.9800,no
efbe696d-2445-72eb-ce22-7bcef98db3b0,KXNCAAF-26-OKL,2025-12-07T00:34:11.950181Z,178.00,0.0200,0.9800,no
2c4162d4-fbf5-5a23-2914-876c67a27c4c,KXNCAAF-26-OKL,2025-12-07T00:33:33.486037Z,564.00,0.0200,0.9800,no
8e33f291-1e35-6b67-9409-484cbb9eb48c,KXNCAAF-26-OKL,2025-12-07T00:33:32.252848Z,91.00,0.0200,0.9800,no
0a30cb49-17c9-5067-66d4-77e2e6249780,KXNCAAF-26-OKL,2025-12-07T00:32:30.278154Z,301.00,0.0200,0.9800,no
2ae9d929-3341-44db-6931-13603f1b52d0,KXNCAAF-26-OKL,2025-12-07T00:32:29.039516Z,344.00,0.0200,0.9800,no
a44c4102-55f9-683f-7981-74a062bb58ac,KXNCAAF-26-OKL,2025-12-07T00:32:27.801755Z,195.00,0.0200,0.9800,no
21bbdf10-0039-58e3-a25e-495bcdcc42f8,KXNCAAF-26-OKL,2025-12-07T00:26:16.452352Z,132.00,0.0200,0.9800,no
00a342d0-7411-4daf-b172-04673a0d2488,KXNCAAF-26-OKL,2025-12-07T00:23:27.43599Z,269.00,0.0200,0.9800,no
06b03479-e9bd-62d3-00e3-99181decc6b4,KXNCAAF-26-OKL,2025-12-07T00:22:55.217232Z,60.00,0.0200,0.9800,no
c639eefd-cd08-622f-d8b3-ddceb038b0f8,KXNCAAF-26-OKL,2025-12-07T00:22:47.904849Z,624.00,0.0300,0.9700,yes
1211d811-158d-52e3-dccb-bce6d004fe4c,KXNCAAF-26-OKL,2025-12-07T00:20:27.828774Z,500.00,0.0200,0.9800,no
c3a80661-3a5d-6a9f-0c5c-80cf169d0320,KXNCAAF-26-OKL,2025-12-07T00:19:56.12003Z,75.00,0.0200,0.9800,no
2815f390-8165-6033-75c2-d226d4038fdc,KXNCAAF-26-OKL,2025-12-07T00:19:46.123135Z,500.00,0.0200,0.9800,no
928dc632-64d5-60b3-506c-238edb655d6c,KXNCAAF-26-OKL,2025-12-07T00:18:58.95954Z,250.00,0.0200,0.9800,no
4f57efe2-3af1-7217-2471-c0ac23b01238,KXNCAAF-26-OKL,2025-12-07T00:17:22.241036Z,246.00,0.0200,0.9800,no
2f6559e0-9a09-51f7-e875-9a8a1ded0038,KXNCAAF-26-OKL,2025-12-07T00:16:09.793851Z,42.00,0.0200,0.9800,no
4ccd38d8-4725-5f13-1f57-354a45fca724,KXNCAAF-26-OKL,2025-12-07T00:13:32.116356Z,500.00,0.0200,0.9800,no
213d2b3e-b509-4fa7-10aa-805f9b30703c,KXNCAAF-26-OKL,2025-12-07T00:13:17.706569Z,87.00,0.0200,0.9800,no
0aa4ffa5-4cc5-6083-92e1-ecfd5578ae5c,KXNCAAF-26-OKL,2025-12-07T00:13:16.468312Z,50.00,0.0200,0.9800,no
3a6c6637-12e9-45a3-355d-beafaff6a8f4,KXNCAAF-26-OKL,2025-12-07T00:10:08.404508Z,10.00,0.0200,0.9800,no
dca0e731-92e9-72cf-11b4-e50177e9ac5c,KXNCAAF-26-OKL,2025-12-07T00:09:31.467989Z,45.00,0.0200,0.9800,no
5a5e49f7-9949-6ddf-230e-02ae04dd7738,KXNCAAF-26-OKL,2025-12-07T00:09:30.233196Z,20.00,0.0200,0.9800,no
26e88db2-911c-7d6b-d0fa-a900941f5bf0,KXNCAAF-26-OKL,2025-12-07T00:08:15.792757Z,1199.00,0.0300,0.9700,yes
4d9f5f82-0f08-5737-ac69-adef976e5304,KXNCAAF-26-OKL,2025-12-07T00:04:29.5047Z,20.00,0.0300,0.9700,yes
e874c9a9-640c-4ae7-78de-800f25e83b20,KXNCAAF-26-OKL,2025-12-07T00:02:26.788459Z,30.00,0.0300,0.9700,yes
30ba6c34-1871-47c3-92ec-e53702a5cd44,KXNCAAF-26-OKL,2025-12-06T23:59:35.421732Z,192.00,0.0200,0.9800,no
36368804-58bc-5803-ccca-52217e2461fc,KXNCAAF-26-OKL,2025-12-06T23:59:34.931076Z,50.00,0.0300,0.9700,yes
bed82a02-a069-4f0f-f83e-fe567d937154,KXNCAAF-26-OKL,2025-12-06T23:59:34.177916Z,27.00,0.0200,0.9800,no
41b530f9-4518-4147-1b5c-0d8de9f2e6bc,KXNCAAF-26-OKL,2025-12-06T23:55:29.265069Z,80.00,0.0300,0.9700,yes
3407c9aa-1ea9-60cf-b503-238cf5514a88,KXNCAAF-26-OKL,2025-12-06T23:54:48.443352Z,49.00,0.0200,0.9800,no
5eff9c54-6b69-662b-638b-7bb9ac3df5e8,KXNCAAF-26-OKL,2025-12-06T23:54:47.206418Z,1.00,0.0200,0.9800,no
66690184-0e94-6faf-c0db-b8aea9d80770,KXNCAAF-26-OKL,2025-12-06T23:52:49.022146Z,20.00,0.0300,0.9700,yes
72540959-fc6c-475b-0a24-14c0dd7b924c,KXNCAAF-26-OKL,2025-12-06T23:51:37.230582Z,15.00,0.0300,0.9700,yes
f7b131b8-07d8-6213-be51-868fb761aee4,KXNCAAF-26-OKL,2025-12-06T23:48:32.509028Z,100.00,0.0300,0.9700,yes
0f4dcb35-31d9-579b-c7ac-b4f725eca108,KXNCAAF-26-OKL,2025-12-06T23:45:08.372477Z,39.00,0.0200,0.9800,no
20600073-6011-6fe3-3f74-8b4300cab9f0,KXNCAAF-26-OKL,2025-12-06T23:43:44.118804Z,389.00,0.0200,0.9800,no
009bb577-6455-6727-08f2-14f13d229490,KXNCAAF-26-OKL,2025-12-06T23:43:13.482646Z,50.00,0.0200,0.9800,no
2e28e4c2-302c-5c3b-aece-e7cd06406dac,KXNCAAF-26-OKL,2025-12-06T23:42:32.346189Z,10.00,0.0300,0.9700,yes
31f3d114-1fa5-5cb3-213f-151cb9146784,KXNCAAF-26-OKL,2025-12-06T23:39:39.680885Z,33.00,0.0200,0.9800,no
a37891ca-d7a9-46ef-8906-6227138bb884,KXNCAAF-26-OKL,2025-12-06T23:39:04.147717Z,20.00,0.0200,0.9800,no
93aefb2d-5c25-6677-5ab9-180c64cd9fc8,KXNCAAF-26-OKL,2025-12-06T23:38:30.23442Z,170.00,0.0200,0.9800,no
d90891bd-b73d-7a73-4416-50c92c914834,KXNCAAF-26-OKL,2025-12-06T23:37:35.171529Z,12.00,0.0200,0.9800,no
56ecd27b-db61-5a7f-356c-a4169219eb28,KXNCAAF-26-OKL,2025-12-06T23:35:15.969513Z,10.00,0.0200,0.9800,no
28b35497-e4ad-5453-74ba-84bf238f5c0c,KXNCAAF-26-OKL,2025-12-06T23:33:14.398742Z,10.00,0.0200,0.9800,no
c6a40187-a9a9-6fcf-8e5a-0a77f1ac7f4c,KXNCAAF-26-OKL,2025-12-06T23:33:09.092266Z,571.00,0.0200,0.9800,no
d0db704c-a395-4fd3-5ecd-e240dddfc6ac,KXNCAAF-26-OKL,2025-12-06T23:32:29.545846Z,10.00,0.0200,0.9800,no
9e41d651-8be1-5bb3-9b96-68332da18810,KXNCAAF-26-OKL,2025-12-06T23:30:26.692644Z,43.00,0.0200,0.9800,no
51246612-79f5-7f2f-2a3f-20aec0d5e15c,KXNCAAF-26-OKL,2025-12-06T23:30:11.837206Z,50.00,0.0200,0.9800,no
102389a8-31d4-5917-8972-6f460c2f6bc0,KXNCAAF-26-OKL,2025-12-06T23:28:39.303089Z,21.00,0.0300,0.9700,yes
930f19d8-0b6d-5833-61bc-bcd103b98a74,KXNCAAF-26-OKL,2025-12-06T23:28:37.797589Z,20.00,0.0200,0.9800,no
2bedd2b9-bc0d-710b-8fc9-ac3cc87875b4,KXNCAAF-26-OKL,2025-12-06T23:28:23.956991Z,20.00,0.0200,0.9800,no
3a1e7fc1-25c1-4913-7908-b9e4010c6414,KXNCAAF-26-OKL,2025-12-06T23:26:47.664163Z,7.00,0.0200,0.9800,no
88e689a0-6efd-5c63-0974-500fcabd3320,KXNCAAF-26-OKL,2025-12-06T23:25:40.798105Z,10.00,0.0200,0.9800,no
3cfa4639-957c-4aab-f756-e359dbdd1ee4,KXNCAAF-26-OKL,2025-12-06T23:25:34.41428Z,1560.00,0.0300,0.9700,yes
a9a7c54b-b505-7507-67ba-37c09d57c358,KXNCAAF-26-OKL,2025-12-06T23:25:22.323304Z,54.00,0.0200,0.9800,no
86d4c059-eab5-47ef-1e8b-0c731a2219b0,KXNCAAF-26-OKL,2025-12-06T23:25:21.085581Z,14.00,0.0200,0.9800,no
90598c1d-9a65-42e3-b42b-74955e8063c0,KXNCAAF-26-OKL,2025-12-06T23:25:19.849641Z,16.00,0.0200,0.9800,no
937af0c5-19bd-53b7-c093-035d6a29dfe4,KXNCAAF-26-OKL,2025-12-06T23:24:52.096229Z,10.00,0.0200,0.9800,no
70c76039-4929-6097-65d4-9f3259d3992c,KXNCAAF-26-OKL,2025-12-06T23:24:36.098991Z,215.00,0.0200,0.9800,no
d9ae538f-83f1-6233-d945-796438003464,KXNCAAF-26-OKL,2025-12-06T23:23:34.165975Z,7.00,0.0200,0.9800,no
522e11e3-d475-709b-8fde-dfdff813c904,KXNCAAF-26-OKL,2025-12-06T23:23:20.442332Z,35.00,0.0200,0.9800,no
db3e9af2-c559-6a9b-a02d-e935b062ec54,KXNCAAF-26-OKL,2025-12-06T23:23:19.213561Z,108.00,0.0200,0.9800,no
9fe0cb7c-65c1-63e7-3df0-3ae18ff5e424,KXNCAAF-26-OKL,2025-12-06T23:23:06.281912Z,46.00,0.0200,0.9800,no
dbadb1ad-ffe9-465b-3d0a-f90d254bae80,KXNCAAF-26-OKL,2025-12-06T23:20:37.740427Z,55.00,0.0200,0.9800,no
0304e291-1089-6c3b-2c8a-91958909b660,KXNCAAF-26-OKL,2025-12-06T23:20:36.49178Z,15.00,0.0200,0.9800,no
6b6bb211-2fa5-71bb-2d00-695a2c9513c8,KXNCAAF-26-OKL,2025-12-06T23:10:39.754522Z,30.00,0.0200,0.9800,no
c8bd85e2-cbcd-7487-72b8-ffa7935abeb0,KXNCAAF-26-OKL,2025-12-06T23:10:38.515981Z,100.00,0.0200,0.9800,no
2bafbcd4-aad9-7f17-12a1-645c88559618,KXNCAAF-26-OKL,2025-12-06T23:07:31.175054Z,10.00,0.0200,0.9800,no
bffd6b4e-3e45-4f67-65a1-0ae65800911c,KXNCAAF-26-OKL,2025-12-06T23:05:21.365508Z,169.00,0.0200,0.9800,no
26b65247-b3d8-463b-2a9f-39efb5afb53c,KXNCAAF-26-OKL,2025-12-06T23:04:26.854631Z,3500.00,0.0300,0.9700,yes
092c9267-e351-6da7-5b89-d9244f69f168,KXNCAAF-26-OKL,2025-12-06T22:45:08.817751Z,140.00,0.0200,0.9800,no
92c573b5-0508-71a7-c5c0-4d6d34aa536c,KXNCAAF-26-OKL,2025-12-06T22:41:42.335521Z,10000.00,0.0300,0.9700,yes
c2dd576c-69a1-7733-dbbd-a81d97a0e30c,KXNCAAF-26-OKL,2025-12-06T22:41:20.918566Z,92.00,0.0200,0.9800,no
1b813ef5-b0cc-562b-a468-9fde5fdf29fc,KXNCAAF-26-OKL,2025-12-06T22:37:48.161731Z,200.00,0.0300,0.9700,yes
6e59c307-1a3d-4de7-2a5d-79d425788e28,KXNCAAF-26-OKL,2025-12-06T22:32:50.649374Z,319.00,0.0200,0.9800,no
59c93551-d809-463f-5267-471a5f899c28,KXNCAAF-26-OKL,2025-12-06T22:32:49.415979Z,323.00,0.0200,0.9800,no
a994ff0a-33ad-7477-9445-25a4d33e4dc8,KXNCAAF-26-OKL,2025-12-06T22:27:52.491718Z,94.00,0.0200,0.9800,no
047205a1-7e5d-70a7-811b-c89f961829c0,KXNCAAF-26-OKL,2025-12-06T22:18:13.536808Z,20.00,0.0200,0.9800,no
a6bb5f90-e325-5cbf-1057-410f839f71f0,KXNCAAF-26-OKL,2025-12-06T22:13:13.648457Z,115.00,0.0200,0.9800,no
95831aa2-fa3d-616f-7f23-9bf36ea7cf48,KXNCAAF-26-OKL,2025-12-06T22:13:12.395416Z,95.00,0.0200,0.9800,no
df55d876-1610-6ad3-8dfc-d6e8ada65788,KXNCAAF-26-OKL,2025-12-06T22:09:45.544848Z,156.00,0.0300,0.9700,yes
88606fc0-58d9-7e33-8624-da05aa8fb190,KXNCAAF-26-OKL,2025-12-06T22:01:10.42612Z,100.00,0.0200,0.9800,no
10aa2e63-5fd5-468f-59fe-8dc52a776300,KXNCAAF-26-OKL,2025-12-06T22:01:02.738384Z,148.00,0.0200,0.9800,no
19ef0e51-ef91-6f03-818c-33384f16a4b4,KXNCAAF-26-OKL,2025-12-06T22:00:09.691961Z,256.00,0.0200,0.9800,no
7c88bff5-8fc1-674b-233a-2b1fc3c6eb9c,KXNCAAF-26-OKL,2025-12-06T21:59:21.831791Z,56.00,0.0200,0.9800,no
28097f20-51cd-5193-f373-934030f95b50,KXNCAAF-26-OKL,2025-12-06T21:59:20.593505Z,50.00,0.0200,0.9800,no
32390416-5dc9-569b-4275-fd6fb2f7e748,KXNCAAF-26-OKL,2025-12-06T21:58:59.922019Z,24.00,0.0200,0.9800,no
daf0ee58-aab5-6c1b-2004-2781bd5b20c4,KXNCAAF-26-OKL,2025-12-06T21:56:20.506637Z,20.00,0.0200,0.9800,no
f3f060ca-0da9-738f-baf0-302c7ea268d8,KXNCAAF-26-OKL,2025-12-06T21:52:32.58937Z,25.00,0.0200,0.9800,no
789a2c7b-7f59-45af-af72-3dd0fac7e130,KXNCAAF-26-OKL,2025-12-06T21:48:36.238844Z,20.00,0.0200,0.9800,no
758bea56-667d-6f83-f3ef-b3b9b461e7b4,KXNCAAF-26-OKL,2025-12-06T21:46:35.460539Z,10.00,0.0200,0.9800,no
d90dc3e5-f481-5373-55a0-393b36310a2c,KXNCAAF-26-OKL,2025-12-06T21:43:07.185873Z,336.00,0.0200,0.9800,no
609d6213-d119-5aeb-b327-250e1e43d138,KXNCAAF-26-OKL,2025-12-06T21:41:56.083235Z,59.00,0.0200,0.9800,no
c8a74cea-c124-5547-1bd3-f738e009288c,KXNCAAF-26-OKL,2025-12-06T21:41:35.59695Z,2000.00,0.0300,0.9700,yes
fb243287-75bd-4353-4393-ba728b895448,KXNCAAF-26-OKL,2025-12-06T21:41:19.475334Z,360.00,0.0200,0.9800,no
c0ef134d-9d15-6177-60c5-e7db7c4f2bd0,KXNCAAF-26-OKL,2025-12-06T21:40:28.599962Z,10.00,0.0200,0.9800,no
a179c0c6-b775-53cb-d94f-a534addb9da0,KXNCAAF-26-OKL,2025-12-06T21:39:26.36695Z,3000.00,0.0200,0.9800,no
8370dbd8-b8c1-5c13-ee45-5c81d7559cac,KXNCAAF-26-OKL,2025-12-06T21:39:08.61942Z,73.00,0.0200,0.9800,no
776a5601-b63d-585f-ecce-3c81f575a588,KXNCAAF-26-OKL,2025-12-06T21:39:01.440964Z,10.00,0.0200,0.9800,no
48879854-ca15-440f-3d27-14a7f8bbc6c0,KXNCAAF-26-OKL,2025-12-06T21:38:46.430491Z,7.00,0.0200,0.9800,no
074c095c-f015-7733-b8ae-711f0ffe78e4,KXNCAAF-26-OKL,2025-12-06T21:38:45.195061Z,3.00,0.0200,0.9800,no
bf40ee05-8ba5-5d43-e5b3-179c85f19684,KXNCAAF-26-OKL,2025-12-06T21:37:46.696931Z,10.00,0.0200,0.9800,no
9f8aebc0-1170-7a7f-1603-ed4440aee328,KXNCAAF-26-OKL,2025-12-06T21:32:36.939529Z,249.00,0.0300,0.9700,yes
29fc924c-a7e9-599b-49c3-49e163defea4,KXNCAAF-26-OKL,2025-12-06T21:28:03.082176Z,10.00,0.0200,0.9800,no
08235163-15ed-7107-56ee-5846d9616c6c,KXNCAAF-26-OKL,2025-12-06T21:26:54.521845Z,50.00,0.0200,0.9800,no
ff904e1a-7b88-7e4f-9e59-935ae91e9268,KXNCAAF-26-OKL,2025-12-06T21:26:42.505469Z,500.00,0.0300,0.9700,yes
922d4056-2155-4193-8a10-2a7d2f10f67c,KXNCAAF-26-OKL,2025-12-06T21:26:09.626209Z,10.00,0.0200,0.9800,no
4c0c63d2-c221-519b-9551-954ce49f74a4,KXNCAAF-26-OKL,2025-12-06T21:25:48.617474Z,97.00,0.0200,0.9800,no
07ea2b9f-d0c5-5b13-4990-adae7293a9e4,KXNCAAF-26-OKL,2025-12-06T21:21:24.065164Z,65.00,0.0200,0.9800,no
6b7355b9-8905-5bff-aeb8-0f66fee53950,KXNCAAF-26-OKL,2025-12-06T21:19:27.889364Z,281.00,0.0200,0.9800,no
ecc83f5b-faed-5b23-a33c-4b3af59af67c,KXNCAAF-26-OKL,2025-12-06T21:19:26.648917Z,19.00,0.0200,0.9800,no
777fc4d7-0aa1-53f7-76f2-134a2740bc80,KXNCAAF-26-OKL,2025-12-06T21:08:15.679995Z,364.00,0.0200,0.9800,no
aaa3470b-86d1-4da7-bf8f-ba0ca6d9b088,KXNCAAF-26-OKL,2025-12-06T21:07:10.784755Z,169.00,0.0200,0.9800,no
618cc1ba-9239-64eb-8ec3-a3f50a1b0b00,KXNCAAF-26-OKL,2025-12-06T21:07:09.541744Z,81.00,0.0200,0.9800,no
15ae4d6f-0395-49b3-5d20-60cd274acd84,KXNCAAF-26-OKL,2025-12-06T21:05:44.022727Z,21.00,0.0200,0.9800,no
627a6537-fc81-746b-5000-b96232cc3cf0,KXNCAAF-26-OKL,2025-12-06T21:04:36.162723Z,19.00,0.0200,0.9800,no
c9c18084-9701-4a5f-ea9e-5e19fe7d1dec,KXNCAAF-26-OKL,2025-12-06T21:02:52.61746Z,6.00,0.0200,0.9800,no
01c1d13a-9dec-6e7b-25d8-920deb408d78,KXNCAAF-26-OKL,2025-12-06T20:59:25.877831Z,1560.00,0.0300,0.9700,yes
8947a3eb-9ae1-60b3-a99d-71c8a04146ec,KXNCAAF-26-OKL,2025-12-06T20:57:02.296302Z,54.00,0.0200,0.9800,no
8742e095-e3d8-4bbf-21e4-37dbcf0b9254,KXNCAAF-26-OKL,2025-12-06T20:47:14.98736Z,400.00,0.0300,0.9700,yes
62b73986-6695-4213-30f4-4b2db9beeb80,KXNCAAF-26-OKL,2025-12-06T20:45:35.159297Z,100.00,0.0200,0.9800,no
140f09aa-6531-6e97-cc58-3d4b4e7738e0,KXNCAAF-26-OKL,2025-12-06T20:45:18.348411Z,205.00,0.0200,0.9800,no
78428087-6e75-7363-2e65-c1515aecb5c8,KXNCAAF-26-OKL,2025-12-06T20:36:03.577564Z,2.00,0.0200,0.9800,no
c052699d-d13d-5827-f644-5e976afa9f70,KXNCAAF-26-OKL,2025-12-06T20:35:56.703005Z,5500.00,0.0200,0.9800,no
8aee4ec6-3dff-632c-0549-dcd773322c30,KXNCAAF-26-OKL,2025-12-06T20:25:34.213767Z,163.00,0.0200,0.9800,no
81569d69-4d3c-64ad-333d-e967ebb7ca7f,KXNCAAF-26-OKL,2025-12-06T20:25:34.213767Z,69.00,0.0200,0.9800,no
4916321b-bc49-6a6b-2026-544c324ed2b0,KXNCAAF-26-OKL,2025-12-06T20:25:34.213767Z,4294.00,0.0200,0.9800,no
0884da39-fcb7-6f58-1724-63f8bcb5f041,KXNCAAF-26-OKL,2025-12-06T20:25:34.213767Z,15474.00,0.0200,0.9800,no
40e969dc-9810-552f-97fe-d4ad5aadb330,KXNCAAF-26-OKL,2025-12-06T19:54:57.43828Z,4000.00,0.0300,0.9700,yes
d23ee75b-85fc-563b-2b5f-33c604e278e8,KXNCAAF-26-OKL,2025-12-06T19:54:47.235815Z,31.00,0.0300,0.9700,yes
55231a2b-dad8-601b-1191-3dd7f96a36d0,KXNCAAF-26-OKL,2025-12-06T19:21:57.572919Z,156.00,0.0300,0.9700,yes
0585b753-c2e0-5e17-354e-6c89ae5ac2f0,KXNCAAF-26-OKL,2025-12-06T19:09:25.15908Z,1000.00,0.0300,0.9700,yes
c4eb3b80-67a0-4b73-f54e-0adfa06547c4,KXNCAAF-26-OKL,2025-12-06T18:33:10.015604Z,156.00,0.0300,0.9700,yes
462e2355-1260-66cb-cad9-46672c5aeab0,KXNCAAF-26-OKL,2025-12-06T18:31:55.163683Z,1000.00,0.0300,0.9700,yes
002368cc-051c-5e6f-0fac-cf859d31c848,KXNCAAF-26-OKL,2025-12-06T17:08:39.516766Z,3121.00,0.0300,0.9700,yes
d23be04d-b5f0-6297-8fa5-45a3df713bbc,KXNCAAF-26-OKL,2025-12-06T16:50:54.875379Z,624.00,0.0300,0.9700,yes
c2dc1f4c-e068-51af-77f0-9c0d1a60122c,KXNCAAF-26-OKL,2025-12-06T16:47:24.794111Z,2500.00,0.0300,0.9700,yes
543d6f91-79f8-78df-12f4-42e81c4eb954,KXNCAAF-26-OKL,2025-12-06T16:22:03.305408Z,31.00,0.0300,0.9700,yes
440c2b11-d51c-5307-5366-02077ed70008,KXNCAAF-26-OKL,2025-12-06T15:13:13.36496Z,20.00,0.0300,0.9700,yes
dfda8223-15c0-4f0b-ada4-a1c7c63c9c7c,KXNCAAF-26-OKL,2025-12-06T14:48:44.76796Z,250.00,0.0300,0.9700,yes
3f144f21-9008-450f-65bd-0ac62c1d2f28,KXNCAAF-26-OKL,2025-12-06T14:37:26.48116Z,93.00,0.0300,0.9700,yes
705d5c61-f3a8-61db-fedf-30a6d7c84ce0,KXNCAAF-26-OKL,2025-12-06T08:36:43.631599Z,641.00,0.0300,0.9700,yes
c67158cb-6938-76cb-cb72-e1da08ea6540,KXNCAAF-26-OKL,2025-12-06T08:19:57.704331Z,312.00,0.0300,0.9700,yes
6957f48c-72ff-539c-c5f9-0b7f81a9d901,KXNCAAF-26-OKL,2025-12-06T08:03:59.837162Z,10000.00,0.0200,0.9800,no
bb8e956e-f74b-7e48-11aa-e392ccfca9a5,KXNCAAF-26-OKL,2025-12-06T08:03:59.837152Z,5000.00,0.0200,0.9800,no
bdf385bb-a317-4db4-9b6e-d56b7a2a0259,KXNCAAF-26-OKL,2025-12-06T08:03:59.835863Z,9813.00,0.0200,0.9800,no
880f0186-2866-4574-9d6c-b102e3da138a,KXNCAAF-26-OKL,2025-12-06T08:03:59.835863Z,96.00,0.0200,0.9800,no
05dc8057-c56e-4d0a-be94-2d07a331cd93,KXNCAAF-26-OKL,2025-12-06T08:03:59.835863Z,91.00,0.0200,0.9800,no
f3ac953e-c9b0-7a17-e5b9-b0dab27a4774,KXNCAAF-26-OKL,2025-12-06T07:01:25.311544Z,156.00,0.0300,0.9700,yes
d97b0a2e-3372-6fee-0590-81a19fb9f243,KXNCAAF-26-OKL,2025-12-06T05:18:52.431744Z,2.00,0.0200,0.9800,no
c6b8b18d-600c-72ef-5c3d-9addf86649f4,KXNCAAF-26-OKL,2025-12-06T04:57:52.449243Z,20.00,0.0300,0.9700,yes
2ea0b2b2-2258-5993-9f18-cd3b8e380494,KXNCAAF-26-OKL,2025-12-06T04:14:22.692408Z,1000.00,0.0300,0.9700,yes
d8d62271-820a-766a-a3cb-e4a1ecca43a3,KXNCAAF-26-OKL,2025-12-06T03:54:57.210176Z,1.00,0.0200,0.9800,no
d90082de-1a3c-4fd3-0f4b-2297eb1558c0,KXNCAAF-26-OKL,2025-12-06T03:26:13.476937Z,312.00,0.0300,0.9700,yes
771d4660-ec62-41a2-9ca3-8394e09040e7,KXNCAAF-26-OKL,2025-12-06T03:10:19.26107Z,306.00,0.0200,0.9800,no
8b89e77c-7568-646f-2c7b-94066c0396dc,KXNCAAF-26-OKL,2025-12-06T02:24:15.248408Z,100.00,0.0300,0.9700,yes
47cfde3c-4cc0-536f-b6d3-5790a9825484,KXNCAAF-26-OKL,2025-12-06T02:22:44.933692Z,156.00,0.0300,0.9700,yes
44ef9042-9474-5667-40d2-fc29f1fd9f2c,KXNCAAF-26-OKL,2025-12-06T00:36:48.843007Z,3121.00,0.0300,0.9700,yes
f754b793-7504-42af-b477-c756531de67c,KXNCAAF-26-OKL,2025-12-05T22:48:45.403335Z,312.00,0.0300,0.9700,yes
89d3aee7-7e18-7e83-68b5-826735c02728,KXNCAAF-26-OKL,2025-12-05T21:13:25.471801Z,74.00,0.0300,0.9700,yes
d374e870-7a4c-6783-95e8-e5681c15cecc,KXNCAAF-26-OKL,2025-12-05T20:44:12.636844Z,7648.00,0.0300,0.9700,yes
59b12c88-0d7c-59e7-a84e-b1c55375e578,KXNCAAF-26-OKL,2025-12-05T20:02:57.719414Z,124.00,0.0300,0.9700,yes
0bf09963-0670-693f-ad64-b4070909d144,KXNCAAF-26-OKL,2025-12-05T19:09:36.974557Z,62.00,0.0300,0.9700,yes
0da51c37-9c9c-5fa3-7fb4-7756a78dbdd8,KXNCAAF-26-OKL,2025-12-05T18:35:11.265314Z,156.00,0.0300,0.9700,yes
191a8542-9f7c-4957-c08a-19b346cc7a48,KXNCAAF-26-OKL,2025-12-05T18:02:12.603569Z,34.00,0.0300,0.9700,yes
c0fe5d89-d2f0-498b-35c1-3a3114f347b0,KXNCAAF-26-OKL,2025-12-05T17:45:30.052216Z,1000.00,0.0300,0.9700,yes
53a36ab5-1b84-48ab-9848-dfcc53034c50,KXNCAAF-26-OKL,2025-12-05T16:48:31.341846Z,2500.00,0.0300,0.9700,yes
ccd5d462-75dc-60ef-ae46-4c2226bcb914,KXNCAAF-26-OKL,2025-12-05T16:39:07.248741Z,78.00,0.0300,0.9700,yes
a2b32a63-6f7e-6be6-95b7-9f315374cbff,KXNCAAF-26-OKL,2025-12-05T16:18:41.330486Z,100.00,0.0200,0.9800,no
5c34d497-7d68-474b-d1ad-bfec24d2bc44,KXNCAAF-26-OKL,2025-12-05T15:25:02.876798Z,10.00,0.0300,0.9700,yes
eb36621d-d660-74d3-641b-bcc1840b31ec,KXNCAAF-26-OKL,2025-12-05T12:32:07.534421Z,2500.00,0.0300,0.9700,yes
67889fdb-4df4-42a7-e070-d07a1ddb2d5c,KXNCAAF-26-OKL,2025-12-05T07:32:27.847879Z,799.00,0.0300,0.9700,yes
177248bb-dce4-61a7-fc93-5ac798922ddc,KXNCAAF-26-OKL,2025-12-05T07:08:34.029575Z,150.00,0.0300,0.9700,yes
d3c91518-2d70-743f-0693-2e1d4eaa9cd0,KXNCAAF-26-OKL,2025-12-05T04:34:47.864887Z,500.00,0.0300,0.9700,yes
730f53c5-8d38-7303-9fea-b62358cfe274,KXNCAAF-26-OKL,2025-12-05T04:14:44.421775Z,85.00,0.0300,0.9700,yes
a352e390-bcb2-54bf-05bb-3e1575501c4b,KXNCAAF-26-OKL,2025-12-05T04:13:12.260692Z,23.00,0.0200,0.9800,no
28bba933-55d4-736b-9cba-fd6645397e58,KXNCAAF-26-OKL,2025-12-05T02:00:41.653923Z,780.00,0.0300,0.9700,yes
2cad1f62-89f0-46b7-6e43-0d466240c7f8,KXNCAAF-26-OKL,2025-12-05T01:34:34.931236Z,2341.00,0.0300,0.9700,yes
a60dbdd5-10d2-48ff-e35d-804793fb7c7b,KXNCAAF-26-OKL,2025-12-05T01:19:40.64577Z,547.00,0.0200,0.9800,no
70dc8090-6d31-4882-f794-db344e3d59f3,KXNCAAF-26-OKL,2025-12-05T01:19:40.64577Z,77.00,0.0200,0.9800,no
3e797964-3c1c-6647-7736-509a22a2fa2c,KXNCAAF-26-OKL,2025-12-05T01:07:26.95647Z,100.00,0.0300,0.9700,yes
761482fe-4500-672f-82dd-fc38fd61c42c,KXNCAAF-26-OKL,2025-12-04T23:52:11.503665Z,624.00,0.0300,0.9700,yes
a49ec51c-df44-79b3-0f6d-0aa12b008f28,KXNCAAF-26-OKL,2025-12-04T23:47:20.042524Z,93.00,0.0300,0.9700,yes
0c31a00e-1a14-7197-135e-5d4be6af5884,KXNCAAF-26-OKL,2025-12-04T23:33:02.4594Z,10000.00,0.0300,0.9700,yes
71e47aa1-508c-7aab-3db4-ce28ba300240,KXNCAAF-26-OKL,2025-12-04T23:02:37.577993Z,1000.00,0.0300,0.9700,yes
be15fca7-f6cc-4d5f-603c-314bcdd040a8,KXNCAAF-26-OKL,2025-12-04T21:31:58.355906Z,20.00,0.0300,0.9700,yes
917eb0d9-76fc-78cb-00d8-75f2e164dc84,KXNCAAF-26-OKL,2025-12-04T19:58:02.295228Z,111.00,0.0300,0.9700,yes
02d03ab3-e22c-7a3b-1341-0c5aabbb253c,KXNCAAF-26-OKL,2025-12-04T19:20:23.690761Z,780.00,0.0300,0.9700,yes
fefa54e2-a96c-56df-7cba-bafed34cf750,KXNCAAF-26-OKL,2025-12-04T18:38:56.375049Z,2.00,0.0300,0.9700,yes
f2ec1ba4-ac98-72c3-f73d-61f6964013a8,KXNCAAF-26-OKL,2025-12-04T18:16:09.536228Z,300.00,0.0300,0.9700,yes
9abc3ed6-b94c-5e2f-3124-8072bb947ac0,KXNCAAF-26-OKL,2025-12-04T17:06:34.618314Z,124.00,0.0300,0.9700,yes
146b689a-7864-55ef-e48a-2c7656902e84,KXNCAAF-26-OKL,2025-12-04T16:30:11.263056Z,306.00,0.0300,0.9700,yes
c092a80d-216c-4677-c53a-e3b29d06e4d0,KXNCAAF-26-OKL,2025-12-04T16:24:52.138338Z,200.00,0.0300,0.9700,yes
c95bf040-9ab8-4d8f-8e9e-5c998f1efe0c,KXNCAAF-26-OKL,2025-12-04T15:59:07.589762Z,156.00,0.0300,0.9700,yes
bc6a2e86-cf44-5a6b-dbfa-5e167c3d4f54,KXNCAAF-26-OKL,2025-12-04T12:59:50.69953Z,100.00,0.0300,0.9700,yes
c6768356-d2d1-7972-bed6-78cc29db797b,KXNCAAF-26-OKL,2025-12-04T11:02:50.974487Z,1.00,0.0200,0.9800,no
57708b6f-7a90-79af-2074-f3e5ca7fd970,KXNCAAF-26-OKL,2025-12-04T07:11:47.495976Z,350.00,0.0300,0.9700,yes
0bf5287e-320c-5547-1e9f-ed0ded96c938,KXNCAAF-26-OKL,2025-12-04T06:11:04.483964Z,400.00,0.0300,0.9700,yes
54d139bc-43a4-6c4b-5010-d8fa06f926d0,KXNCAAF-26-OKL,2025-12-04T03:45:37.770156Z,22.00,0.0300,0.9700,yes
f5c6c456-74ec-66df-ea54-f3a87a60b4c0,KXNCAAF-26-OKL,2025-12-04T03:21:50.630422Z,1.00,0.0300,0.9700,yes
de07e2ed-86fc-5e7f-149a-72cd4f1d7e1c,KXNCAAF-26-OKL,2025-12-04T02:57:41.463269Z,100.00,0.0300,0.9700,yes
cb6dc637-9f4c-535f-23d7-045b75681fc0,KXNCAAF-26-OKL,2025-12-04T02:25:03.812424Z,44.00,0.0300,0.9700,yes
31541844-f250-61fb-7258-028f3a330658,KXNCAAF-26-OKL,2025-12-04T01:56:03.507629Z,888.00,0.0300,0.9700,yes
0f3f383b-3650-441f-d251-ee19b7253ab0,KXNCAAF-26-OKL,2025-12-04T00:45:57.074528Z,100.00,0.0300,0.9700,yes
10b557eb-58b0-6e43-1e63-dbe4ac719ac0,KXNCAAF-26-OKL,2025-12-04T00:07:35.372879Z,100.00,0.0300,0.9700,yes
b4df78e5-3fc8-6d5b-845f-71da78846bc0,KXNCAAF-26-OKL,2025-12-03T23:57:50.885465Z,4.00,0.0300,0.9700,yes
0eb68735-ccd4-5adb-82a8-93e6a8b74f00,KXNCAAF-26-OKL,2025-12-03T23:09:42.79585Z,100.00,0.0300,0.9700,yes
0c78a813-575c-5bbf-460d-d15b7df20fc4,KXNCAAF-26-OKL,2025-12-03T22:02:37.597392Z,1000.00,0.0300,0.9700,yes
cf3e7d7a-b1ec-7fff-d1cb-96f39f585784,KXNCAAF-26-OKL,2025-12-03T21:21:57.772811Z,200.00,0.0300,0.9700,yes
dcad49ff-3a2c-7ce3-fd6a-652e7fc8e440,KXNCAAF-26-OKL,2025-12-03T21:15:57.049187Z,624.00,0.0300,0.9700,yes
8606a0c1-17b0-55ab-4a1a-dc578d44bffc,KXNCAAF-26-OKL,2025-12-03T21:07:29.32711Z,305.00,0.0300,0.9700,yes
9f67d112-8684-757f-6d36-4c473ad05778,KXNCAAF-26-OKL,2025-12-03T21:07:00.218884Z,187.00,0.0300,0.9700,yes
87616619-972c-4f3f-210b-bc0040dd3640,KXNCAAF-26-OKL,2025-12-03T20:56:22.24471Z,500.00,0.0300,0.9700,yes
ac831ec4-0348-78ff-3adc-2b7540419a7c,KXNCAAF-26-OKL,2025-12-03T20:47:55.048178Z,312.00,0.0300,0.9700,yes
52c9f433-16e8-7fe3-8df9-c3244202b11c,KXNCAAF-26-OKL,2025-12-03T20:33:41.64489Z,1000.00,0.0300,0.9700,yes
2ef6e92a-0370-501b-cedd-407ff64b7b9c,KXNCAAF-26-OKL,2025-12-03T20:31:41.528555Z,100.00,0.0300,0.9700,yes
fc788da0-45e8-77b7-c892-f73af635ce88,KXNCAAF-26-OKL,2025-12-03T20:22:17.368989Z,156.00,0.0300,0.9700,yes
dc77bcfd-4ed4-7fa3-81b3-e486f8dc9ee8,KXNCAAF-26-OKL,2025-12-03T20:21:50.959841Z,300.00,0.0300,0.9700,yes
460afcda-beb4-6b47-7f69-2a98260af138,KXNCAAF-26-OKL,2025-12-03T20:04:24.553713Z,163.00,0.0300,0.9700,yes
08ceb1dc-fa10-5f6f-b84a-e8a367a92360,KXNCAAF-26-OKL,2025-12-03T19:51:27.760583Z,58.00,0.0300,0.9700,yes
7b57a88b-b6a8-5187-95fc-7cddb77d4280,KXNCAAF-26-OKL,2025-12-03T19:18:16.228233Z,1000.00,0.0300,0.9700,yes
0c2c2344-4fb5-76b2-8a1d-70fca45dac33,KXNCAAF-26-OKL,2025-12-03T19:09:15.589748Z,172.00,0.0200,0.9800,no
8aa82ae0-74e0-577f-3b2e-6aa8712685cc,KXNCAAF-26-OKL,2025-12-03T18:52:31.199104Z,764.00,0.0300,0.9700,yes
3cc19330-47f4-58eb-9237-c7134d82aae4,KXNCAAF-26-OKL,2025-12-03T18:32:02.571515Z,100.00,0.0300,0.9700,yes
bcf8a337-506c-5a23-7493-51f22012438c,KXNCAAF-26-OKL,2025-12-03T18:11:25.61035Z,5000.00,0.0300,0.9700,yes
ff9651e3-6c14-601b-2630-653490214f3c,KXNCAAF-26-OKL,2025-12-03T16:31:15.496505Z,238.00,0.0300,0.9700,yes
fb6fe4c8-2498-5373-209d-5f28e4f362f4,KXNCAAF-26-OKL,2025-12-03T16:27:36.932262Z,312.00,0.0300,0.9700,yes
6dade1ed-51e4-5817-ac12-783547f3e910,KXNCAAF-26-OKL,2025-12-03T15:52:25.206784Z,100.00,0.0300,0.9700,yes
7eadfa87-f9ec-67e3-2e04-f1aa64b41eb4,KXNCAAF-26-OKL,2025-12-03T15:50:29.780706Z,3121.00,0.0300,0.9700,yes
73a61461-a0cc-5fd7-b62d-b1a0ea101a48,KXNCAAF-26-OKL,2025-12-03T15:47:51.235073Z,200.00,0.0300,0.9700,yes
347abef9-c0a0-7bf7-5946-1be032125d30,KXNCAAF-26-OKL,2025-12-03T15:47:18.335713Z,700.00,0.0300,0.9700,yes
1b9a45b4-e4cc-7f0b-9473-c699142d2518,KXNCAAF-26-OKL,2025-12-03T15:44:00.221711Z,1000.00,0.0300,0.9700,yes
39c10ce5-3348-5d27-f920-6e384b8933fc,KXNCAAF-26-OKL,2025-12-03T15:07:08.498446Z,100.00,0.0300,0.9700,yes
3f5b3c25-4540-6a8b-9eee-1d873a84dcdc,KXNCAAF-26-OKL,2025-12-03T14:47:36.042499Z,1500.00,0.0300,0.9700,yes
018bd754-1e50-5ea7-6507-b017a100fbb4,KXNCAAF-26-OKL,2025-12-03T13:05:27.627142Z,468.00,0.0300,0.9700,yes
631a92d0-1ffc-7a3f-8685-903a4e422dbc,KXNCAAF-26-OKL,2025-12-03T11:08:01.694774Z,312.00,0.0300,0.9700,yes
9350050f-8f34-62a7-dc73-02b4b141b9ac,KXNCAAF-26-OKL,2025-12-03T07:44:16.541818Z,156.00,0.0300,0.9700,yes
df82095d-5754-6f33-3809-817c6a4478f8,KXNCAAF-26-OKL,2025-12-03T05:52:14.920092Z,307.00,0.0300,0.9700,yes
4f643a8f-42f8-4857-e522-3bbd5cc47038,KXNCAAF-26-OKL,2025-12-03T05:19:12.653848Z,612.00,0.0300,0.9700,yes
d189527f-dcec-6b6b-875d-1779ee4826fc,KXNCAAF-26-OKL,2025-12-03T03:29:45.990975Z,31.00,0.0300,0.9700,yes
91023281-4b6c-78eb-a34d-b189049b85a0,KXNCAAF-26-OKL,2025-12-03T03:09:48.28987Z,312.00,0.0300,0.9700,yes
40b27f79-8790-45af-fd89-f07338165b10,KXNCAAF-26-OKL,2025-12-03T02:57:04.951533Z,400.00,0.0300,0.9700,yes
26acc777-e3bc-623b-98f9-1198b41d7944,KXNCAAF-26-OKL,2025-12-03T02:54:24.884691Z,31.00,0.0300,0.9700,yes
60fbdae3-50c4-6397-9440-86849666d5b8,KXNCAAF-26-OKL,2025-12-03T02:05:46.230694Z,1498.00,0.0300,0.9700,yes
1934c207-86da-436e-db01-311da69d8fbd,KXNCAAF-26-OKL,2025-12-03T01:25:20.849726Z,62.00,0.0200,0.9800,no
054d068e-1ae8-4d47-3968-7dbf5b784124,KXNCAAF-26-OKL,2025-12-03T01:23:15.254002Z,62.00,0.0300,0.9700,yes
1d753730-ec14-6227-6980-baf9afdfae38,KXNCAAF-26-OKL,2025-12-03T01:21:51.734244Z,1000.00,0.0300,0.9700,yes
dc723f54-2120-4e8f-a3b2-2d0e5bc558a8,KXNCAAF-26-OKL,2025-12-03T00:45:39.211251Z,9971.00,0.0300,0.9700,yes
e3c0578e-a42c-5d0b-eef5-ea7475d4ba00,KXNCAAF-26-OKL,2025-12-03T00:30:47.436896Z,50.00,0.0300,0.9700,yes
49ead786-b148-56cf-6cd6-eea827399ed4,KXNCAAF-26-OKL,2025-12-03T00:22:01.070943Z,354.00,0.0300,0.9700,yes
a98fa8d2-4158-7d23-dda6-333dd6216d3c,KXNCAAF-26-OKL,2025-12-02T23:52:23.120401Z,315.00,0.0300,0.9700,yes
488ffe46-8698-4707-0c9b-eb8b40126d70,KXNCAAF-26-OKL,2025-12-02T23:52:11.450751Z,312.00,0.0300,0.9700,yes
c48dc274-2998-655f-3bc1-893f411eb990,KXNCAAF-26-OKL,2025-12-02T23:47:25.710074Z,1000.00,0.0300,0.9700,yes
28768c90-70dc-4c3b-e5c3-94162de00064,KXNCAAF-26-OKL,2025-12-02T23:34:47.390022Z,133.00,0.0300,0.9700,yes
b9d1c2dd-ed18-620b-4ba3-2ce329e15438,KXNCAAF-26-OKL,2025-12-02T23:32:12.716821Z,90.00,0.0300,0.9700,yes
1573d47f-3840-6a23-057b-cd8d2142a33c,KXNCAAF-26-OKL,2025-12-02T22:27:56.034571Z,500.00,0.0300,0.9700,yes
df037c09-9634-4cc3-9754-baa9d2ea9788,KXNCAAF-26-OKL,2025-12-02T19:20:13.635072Z,31.00,0.0300,0.9700,yes
d1e38730-f760-450f-4ce3-5bb005fedfd4,KXNCAAF-26-OKL,2025-12-02T19:16:14.933514Z,30.00,0.0300,0.9700,yes
e3b9fa9c-049a-7b7e-a34e-34d4ff2caf5d,KXNCAAF-26-OKL,2025-12-02T19:12:32.162213Z,5.00,0.0200,0.9800,no
96d54a98-11f6-5462-595d-2d88958867a9,KXNCAAF-26-OKL,2025-12-02T18:37:33.697184Z,1293.00,0.0200,0.9800,no
3d47f8cc-d9cd-5b37-749f-822176cde15b,KXNCAAF-26-OKL,2025-12-02T18:37:33.697184Z,82.00,0.0200,0.9800,no
09da9173-1c58-4a57-ec7a-e8388ac52be4,KXNCAAF-26-OKL,2025-12-02T18:33:26.803392Z,624.00,0.0300,0.9700,yes
d9d72965-1bc8-6833-4dfa-6677518c658c,KXNCAAF-26-OKL,2025-12-02T18:23:18.111942Z,1350.00,0.0300,0.9700,yes
6ab0b08e-21c4-425b-7c74-48b505c70700,KXNCAAF-26-OKL,2025-12-02T18:06:05.693967Z,50.00,0.0300,0.9700,yes
abedc7a3-2954-63e7-cb00-d293ff75abd8,KXNCAAF-26-OKL,2025-12-02T17:32:14.77756Z,774.00,0.0300,0.9700,yes
156c8d29-e20e-4f31-e6a7-0cf68cec2d3e,KXNCAAF-26-OKL,2025-12-02T16:34:16.358532Z,1625.00,0.0200,0.9800,no
6d123ac0-a4d0-72cb-34a5-c117ff1ae544,KXNCAAF-26-OKL,2025-12-02T16:10:23.920075Z,75.00,0.0300,0.9700,yes
2270db19-3678-6e77-8f1c-e4a6fe9eae68,KXNCAAF-26-OKL,2025-12-02T15:49:44.479638Z,2000.00,0.0300,0.9700,yes
f7d4955e-d474-4267-b84d-45e138432768,KXNCAAF-26-OKL,2025-12-02T15:43:11.361053Z,780.00,0.0300,0.9700,yes
c7b4c49d-1e53-6fe6-e98d-bd1c2668cbab,KXNCAAF-26-OKL,2025-12-02T15:31:56.865064Z,172.00,0.0300,0.9700,no
93794cb6-6895-77ed-1bd5-45eac4e05c37,KXNCAAF-26-OKL,2025-12-02T15:06:58.558601Z,200.00,0.0400,0.9600,yes
eb2932ef-9caa-63cf-d5c7-b238f8ca4c12,KXNCAAF-26-OKL,2025-12-02T14:50:22.286214Z,30000.00,0.0300,0.9700,yes
a6f35f05-7577-6b6f-e468-9627653ef289,KXNCAAF-26-OKL,2025-12-02T14:50:22.286214Z,4000.00,0.0300,0.9700,yes
4f65d09f-5b35-6ddd-c736-e7119f07b2fb,KXNCAAF-26-OKL,2025-12-02T14:50:22.286214Z,13829.00,0.0400,0.9600,yes
36f03ca0-08c7-6792-c31e-e5c5752b9dc1,KXNCAAF-26-OKL,2025-12-02T14:50:22.286214Z,10000.00,0.0300,0.9700,yes
f7769c44-0c21-785f-410c-f4cc431616e5,KXNCAAF-26-OKL,2025-12-02T14:06:13.535567Z,718.00,0.0200,0.9800,yes
f39fd5ce-7fb6-7556-504f-d05c1c2b6d6e,KXNCAAF-26-OKL,2025-12-02T14:06:13.535567Z,5000.00,0.0300,0.9700,yes
e0a91368-1291-712c-632b-ae707ef4c273,KXNCAAF-26-OKL,2025-12-02T14:06:13.535567Z,200000.00,0.0300,0.9700,yes
d6106aca-349a-7c30-7b95-fb0640526343,KXNCAAF-26-OKL,2025-12-02T14:06:13.535567Z,5000.00,0.0200,0.9800,yes
d1ac5357-6bf3-730d-4cc0-b10758a7b0fd,KXNCAAF-26-OKL,2025-12-02T14:06:13.535567Z,10000.00,0.0200,0.9800,yes
c4a3c732-9a3c-7cc8-5e7d-58cf04ad08cc,KXNCAAF-26-OKL,2025-12-02T14:06:13.535567Z,4000.00,0.0300,0.9700,yes
aa1745ad-6155-780a-64dd-c7449644152c,KXNCAAF-26-OKL,2025-12-02T14:06:13.535567Z,4024.00,0.0200,0.9800,yes
a7a60b1c-cec5-733d-4056-32280bfe3eba,KXNCAAF-26-OKL,2025-12-02T14:06:13.535567Z,10000.00,0.0200,0.9800,yes
a75b222d-d8fb-7421-624a-301d54558c83,KXNCAAF-26-OKL,2025-12-02T14:06:13.535567Z,10000.00,0.0200,0.9800,yes
a1db5053-648d-7dfc-5dd5-34aad57f459f,KXNCAAF-26-OKL,2025-12-02T14:06:13.535567Z,65072.00,0.0200,0.9800,yes
9e1e9b7d-9c23-783b-40bd-90061aab1cab,KXNCAAF-26-OKL,2025-12-02T14:06:13.535567Z,7759.00,0.0300,0.9700,yes
9ce438c5-1d64-7826-78f7-e0536a1f1c08,KXNCAAF-26-OKL,2025-12-02T14:06:13.535567Z,14000.00,0.0200,0.9800,yes
941d1380-82d6-7973-7e70-3363312572ad,KXNCAAF-26-OKL,2025-12-02T14:06:13.535567Z,4000.00,0.0200,0.9800,yes
91c27b0a-fc4f-7828-7d9d-bf8224fc4ee1,KXNCAAF-26-OKL,2025-12-02T14:06:13.535567Z,8.00,0.0300,0.9700,yes
62b40ab7-87b2-739c-46e3-380cd8f82462,KXNCAAF-26-OKL,2025-12-02T14:06:13.535567Z,100.00,0.0300,0.9700,yes
5dd56dfe-5091-7cd3-45c5-6ae98a9580d2,KXNCAAF-26-OKL,2025-12-02T14:06:13.535567Z,10000.00,0.0200,0.9800,yes
35790a34-6718-76bb-58e4-00a7533a6937,KXNCAAF-26-OKL,2025-12-02T14:06:13.535567Z,5000.00,0.0200,0.9800,yes
0740e894-bae4-7e62-7b1d-3e29757401a0,KXNCAAF-26-OKL,2025-12-02T14:06:13.535567Z,5000.00,0.0200,0.9800,yes
5d071705-b0ed-7d1c-a5c8-7e11a20da7bb,KXNCAAF-26-OKL,2025-12-02T13:07:07.968527Z,233.00,0.0200,0.9800,yes
32cc1b5a-e89d-53cc-1bea-d530faf242ff,KXNCAAF-26-OKL,2025-12-02T11:42:57.05298Z,1500.00,0.0200,0.9800,yes
1443c34e-c4bd-7198-2acf-9634f691c07b,KXNCAAF-26-OKL,2025-12-02T11:10:43.140707Z,60.00,0.0200,0.9800,yes
e3da6a16-a201-62f8-9ea0-d8225367cd47,KXNCAAF-26-OKL,2025-12-02T06:35:15.965321Z,50.00,0.0200,0.9800,yes
ff7dfd26-15b1-4cf8-621e-0f246e3db9bb,KXNCAAF-26-OKL,2025-12-02T06:02:32.157905Z,100.00,0.0200,0.9800,yes
e1d46dae-1cc5-5030-1824-a737282b4297,KXNCAAF-26-OKL,2025-12-02T05:20:57.036219Z,116.00,0.0200,0.9800,yes
a712d208-5535-6268-2e1b-3c3fc996c2e3,KXNCAAF-26-OKL,2025-12-02T04:48:12.216673Z,100.00,0.0200,0.9800,yes
24f2d153-970d-57b8-df26-545013be09bb,KXNCAAF-26-OKL,2025-12-02T04:30:06.643616Z,25.00,0.0200,0.9800,yes
4f5d918e-87d5-436c-da60-493bfbfc89ab,KXNCAAF-26-OKL,2025-12-02T04:19:31.646065Z,9.00,0.0200,0.9800,yes
f4cc87c5-2769-52f0-79dc-9092cf3cadc7,KXNCAAF-26-OKL,2025-12-02T04:18:03.535758Z,50.00,0.0200,0.9800,yes
c956f0be-c5dd-46e0-4af8-9ede65ffe80b,KXNCAAF-26-OKL,2025-12-02T04:17:24.838592Z,50.00,0.0200,0.9800,yes
025a63b2-1e09-66c0-aebc-3c39b3394ea3,KXNCAAF-26-OKL,2025-12-02T04:12:50.152355Z,10.00,0.0200,0.9800,yes
131805d2-4edd-7a08-e391-4a7ea4cf5e2f,KXNCAAF-26-OKL,2025-12-02T03:52:27.940547Z,2000.00,0.0200,0.9800,yes
daaf917f-cc01-783c-69fe-ded4624f5c13,KXNCAAF-26-OKL,2025-12-02T03:34:59.602397Z,2.00,0.0200,0.9800,yes
b359aa4a-9a6d-6340-1f01-4596bc36cd5f,KXNCAAF-26-OKL,2025-12-02T00:42:19.218365Z,187.00,0.0200,0.9800,yes
8f0630ef-a7dd-5b9c-1c1b-485a7bfc40c3,KXNCAAF-26-OKL,2025-12-02T00:22:06.833398Z,327.00,0.0200,0.9800,yes
023fe7d8-f8e1-5cb8-972f-fd99a46d30d7,KXNCAAF-26-OKL,2025-12-01T23:55:47.307894Z,46.00,0.0200,0.9800,yes
2853c18d-3dd9-5fbc-8bd5-c8281fc0ebd3,KXNCAAF-26-OKL,2025-12-01T23:00:16.603846Z,46.00,0.0200,0.9800,yes
bc60698b-a579-69ac-2809-927ca71c76bf,KXNCAAF-26-OKL,2025-12-01T22:58:01.764786Z,72.00,0.0200,0.9800,yes
166fff55-6141-7eb0-890c-94e4d5b1df2f,KXNCAAF-26-OKL,2025-12-01T22:26:23.678358Z,6.00,0.0200,0.9800,yes
1f082291-d88d-4104-7fc1-82e5f06187bb,KXNCAAF-26-OKL,2025-12-01T22:15:22.630579Z,2339.00,0.0200,0.9800,yes
b5d9aca4-90d9-7560-6bb8-9f82a1651d5b,KXNCAAF-26-OKL,2025-12-01T21:59:43.095988Z,233.00,0.0200,0.9800,yes
72c6598a-2dc5-4e3c-d5d0-d7653b678f9f,KXNCAAF-26-OKL,2025-12-01T21:37:55.647817Z,176.00,0.0200,0.9800,yes
2b16da2a-ad19-7114-88f1-b91ee31431ff,KXNCAAF-26-OKL,2025-12-01T21:25:36.521905Z,46.00,0.0200,0.9800,yes
d146d432-e17d-49ec-7a20-41d8e7d8959b,KXNCAAF-26-OKL,2025-12-01T21:14:29.70395Z,100.00,0.0200,0.9800,yes
6541beb1-fb59-6c5c-ddf4-af490c259c37,KXNCAAF-26-OKL,2025-12-01T20:55:38.007999Z,264.00,0.0200,0.9800,yes
0cb711eb-7d21-4f00-0c5e-14794ce58b6f,KXNCAAF-26-OKL,2025-12-01T20:27:54.485298Z,1169.00,0.0200,0.9800,yes
f952a22b-bfdd-6b78-a573-cc93df490463,KXNCAAF-26-OKL,2025-12-01T19:59:57.824013Z,25.00,0.0200,0.9800,yes
8d82b681-ffd9-4cc8-4953-887e5db6c4c7,KXNCAAF-26-OKL,2025-12-01T19:54:46.694738Z,100.00,0.0200,0.9800,yes
68ceeeed-b4ad-4534-2ee5-70d3a986c1bb,KXNCAAF-26-OKL,2025-12-01T19:39:29.50714Z,2000.00,0.0200,0.9800,yes
26266472-7539-5f68-3223-56abffebaee7,KXNCAAF-26-OKL,2025-12-01T19:35:35.050289Z,140.00,0.0200,0.9800,yes
1d9dfc1c-7555-432c-bf23-45d8babcb027,KXNCAAF-26-OKL,2025-12-01T17:50:41.525532Z,2000.00,0.0200,0.9800,yes
2aa6b707-a051-7218-1e8d-13850014cf17,KXNCAAF-26-OKL,2025-12-01T17:42:41.091968Z,500.00,0.0200,0.9800,yes
64452afe-20a9-7e6c-2e23-b4233acaca13,KXNCAAF-26-OKL,2025-12-01T16:07:22.33305Z,30.00,0.0200,0.9800,yes
449eba2b-7489-73b8-76f8-304e9181d64f,KXNCAAF-26-OKL,2025-12-01T15:56:42.885273Z,3000.00,0.0200,0.9800,yes
ffd49680-3b35-4d40-2400-d52e458fe4a7,KXNCAAF-26-OKL,2025-12-01T15:40:07.217373Z,233.00,0.0200,0.9800,yes
93ff0448-b8b1-62a4-6171-e9f69b0b19d7,KXNCAAF-26-OKL,2025-12-01T15:32:48.191062Z,500.00,0.0200,0.9800,yes
68bc42b5-3ff9-4930-dab6-9918413c399b,KXNCAAF-26-OKL,2025-12-01T15:25:03.583047Z,333.00,0.0200,0.9800,yes
2699b583-25a9-4854-f16a-8cd687e9b827,KXNCAAF-26-OKL,2025-12-01T15:22:24.808419Z,166.00,0.0200,0.9800,yes
61497fbf-91e9-7884-4ac2-ffff739d7e23,KXNCAAF-26-OKL,2025-12-01T15:02:08.388816Z,1000.00,0.0200,0.9800,yes
fb06c419-8535-5c8c-fc94-f5530843de2b,KXNCAAF-26-OKL,2025-12-01T14:44:36.312825Z,50.00,0.0200,0.9800,yes
2e2a5d25-b141-6430-bbda-6bb7f147e4ff,KXNCAAF-26-OKL,2025-12-01T14:26:00.955377Z,20.00,0.0200,0.9800,yes
57f766d1-6921-7c58-d3db-7362020a27af,KXNCAAF-26-OKL,2025-12-01T13:42:06.33346Z,500.00,0.0200,0.9800,yes
a1c3faa7-a2a9-6984-0def-d5a4cc27bfcf,KXNCAAF-26-OKL,2025-12-01T13:08:04.056631Z,2500.00,0.0200,0.9800,yes
6e2c286d-d9d9-48f0-2cd4-c00f2030c533,KXNCAAF-26-OKL,2025-12-01T12:37:55.879049Z,1000.00,0.0200,0.9800,yes
be11807d-a565-4cf0-1a07-09ff9f97ca37,KXNCAAF-26-OKL,2025-12-01T09:06:46.635869Z,125.00,0.0200,0.9800,yes
f250eb0e-944d-6fd4-6f42-282e758d0d0f,KXNCAAF-26-OKL,2025-12-01T07:32:03.977906Z,1000.00,0.0200,0.9800,yes
d71b126b-3c9d-73b0-7415-c67c426547eb,KXNCAAF-26-OKL,2025-12-01T06:11:06.584372Z,1169.00,0.0200,0.9800,yes
9456fdeb-d575-79f4-b3b0-43efbdf41aa7,KXNCAAF-26-OKL,2025-12-01T05:07:56.139657Z,500.00,0.0200,0.9800,yes
993b72ed-2d39-5498-1464-516707a332bf,KXNCAAF-26-OKL,2025-12-01T04:21:12.466407Z,2245.00,0.0200,0.9800,yes
1b8f940a-8446-4cbe-621b-64a330150866,KXNCAAF-26-OKL,2025-12-01T04:13:22.733379Z,93.00,0.0100,0.9900,no
5e16edbc-d791-5688-a315-e08695f30fa7,KXNCAAF-26-OKL,2025-12-01T04:11:21.486521Z,2245.00,0.0200,0.9800,yes
965a6e3f-2fc9-419c-7773-e69caa8b9c3f,KXNCAAF-26-OKL,2025-12-01T04:09:18.578027Z,2339.00,0.0200,0.9800,yes
4bb7a75a-4e51-5600-648e-764fdc387e5f,KXNCAAF-26-OKL,2025-12-01T04:04:56.299581Z,1432.00,0.0200,0.9800,yes
363a6453-e731-4dc8-5234-481f6a4583db,KXNCAAF-26-OKL,2025-12-01T03:06:42.288997Z,1346.00,0.0200,0.9800,yes
c362234d-a065-6178-d521-d3136c096347,KXNCAAF-26-OKL,2025-12-01T03:05:53.806158Z,1500.00,0.0200,0.9800,yes
e60837ce-35b5-678c-e4a3-ccb77f1f6b97,KXNCAAF-26-OKL,2025-12-01T03:05:04.349643Z,1375.00,0.0200,0.9800,yes
ada34dac-5315-503c-3a19-13888789480b,KXNCAAF-26-OKL,2025-12-01T03:00:11.094559Z,293.00,0.0200,0.9800,yes
355374e2-56c6-4786-d165-8a4e4d0e6316,KXNCAAF-26-OKL,2025-12-01T02:36:55.947163Z,1.00,0.0100,0.9900,no
fe4ec3e8-0f11-7c18-405e-18d6936b3a23,KXNCAAF-26-OKL,2025-12-01T01:48:56.234918Z,2000.00,0.0200,0.9800,yes
cab39855-58fd-7b44-4ec7-ce04b48b77cb,KXNCAAF-26-OKL,2025-12-01T01:48:27.249715Z,1000.00,0.0200,0.9800,yes
315f9667-c579-68b8-c959-246ec3698123,KXNCAAF-26-OKL,2025-12-01T01:48:13.165088Z,2000.00,0.0200,0.9800,yes
ede43ca3-6ed1-475c-269c-5d1aeb6b2387,KXNCAAF-26-OKL,2025-12-01T01:40:51.383868Z,1000.00,0.0200,0.9800,yes
b66c68c6-bbdd-5eb8-5e94-cbc6a923a773,KXNCAAF-26-OKL,2025-12-01T01:32:24.285012Z,18716.00,0.0200,0.9800,yes
f567aa15-5831-7850-4347-780f7c182f2b,KXNCAAF-26-OKL,2025-12-01T01:30:21.006352Z,93.00,0.0200,0.9800,yes
a233029f-d81d-7a90-e904-c9d3ec2d52d7,KXNCAAF-26-OKL,2025-12-01T01:12:22.480948Z,233.00,0.0200,0.9800,yes
9a4502c5-99d5-5d3c-835b-c4d79b57805b,KXNCAAF-26-OKL,2025-12-01T01:10:37.174531Z,2339.00,0.0200,0.9800,yes
099451f5-e569-78f8-c0cf-8a052bd0f663,KXNCAAF-26-OKL,2025-12-01T01:07:19.622703Z,1169.00,0.0200,0.9800,yes
83dcb2d7-d535-6638-9d78-94953445483f,KXNCAAF-26-OKL,2025-12-01T00:58:49.63949Z,1000.00,0.0200,0.9800,yes
ab86e2d6-0a85-4e90-3d6f-b1ed0eb0ef33,KXNCAAF-26-OKL,2025-12-01T00:55:54.282913Z,2500.00,0.0200,0.9800,yes
ce32ee9f-9809-6cec-65f2-62f474ae6bab,KXNCAAF-26-OKL,2025-12-01T00:54:37.748268Z,1523.00,0.0200,0.9800,yes
5a88ff04-0dc9-4a68-d817-5d2f91ff85eb,KXNCAAF-26-OKL,2025-12-01T00:31:09.304896Z,5.00,0.0200,0.9800,yes
8c206753-cd51-7fd4-35d5-d169dde017bf,KXNCAAF-26-OKL,2025-12-01T00:30:54.368572Z,11.00,0.0200,0.9800,yes
48dae6bd-941d-5c50-53a4-086b29f9ff83,KXNCAAF-26-OKL,2025-12-01T00:30:48.605875Z,5.00,0.0200,0.9800,yes
8e5a2e35-ece6-7892-d6c0-12c596c3add2,KXNCAAF-26-OKL,2025-12-01T00:30:47.638028Z,5.00,0.0100,0.9900,no
e86adb9c-68b9-7012-4642-98e2e5569a76,KXNCAAF-26-OKL,2025-12-01T00:29:40.691473Z,1.00,0.0200,0.9800,no
d5fcfc6d-87ea-7dc5-66da-12bd1d073c09,KXNCAAF-26-OKL,2025-12-01T00:29:40.691473Z,25000.00,0.0200,0.9800,no
c83ccf61-3248-7f1e-5a1a-387723986bf7,KXNCAAF-26-OKL,2025-12-01T00:29:40.691473Z,81.00,0.0200,0.9800,no
c5b7614a-bac7-705c-7f84-487c4f8278d4,KXNCAAF-26-OKL,2025-12-01T00:29:40.691473Z,2.00,0.0200,0.9800,no
c225b488-df68-77c8-77b8-ed66c6ceae83,KXNCAAF-26-OKL,2025-12-01T00:29:40.691473Z,314.00,0.0200,0.9800,no
a3fb7e6d-6302-7f11-7d6b-50f6b2103112,KXNCAAF-26-OKL,2025-12-01T00:29:40.691473Z,8.00,0.0200,0.9800,no
49550602-885c-738b-48ea-55192c8dae99,KXNCAAF-26-OKL,2025-12-01T00:29:40.691473Z,29184.00,0.0200,0.9800,no
402cc90d-87ef-7a3c-506d-98a82e924c9a,KXNCAAF-26-OKL,2025-12-01T00:29:40.691473Z,500.00,0.0200,0.9800,no
2ab96a78-cdc2-796a-64d9-93310d7fcfd6,KXNCAAF-26-OKL,2025-12-01T00:29:40.691473Z,232.00,0.0200,0.9800,no
27bb4fe4-8566-745b-5e08-262e3535d164,KXNCAAF-26-OKL,2025-12-01T00:29:40.691473Z,1000.00,0.0200,0.9800,no
1ef4af24-2525-7c55-72ea-101c6bcfd412,KXNCAAF-26-OKL,2025-12-01T00:29:40.691473Z,17.00,0.0200,0.9800,no
0ca57998-0a76-7ef5-4a99-566b7244a83f,KXNCAAF-26-OKL,2025-12-01T00:29:40.691473Z,1000.00,0.0200,0.9800,no
0693923c-0562-795f-70cb-3c52ba4b72f0,KXNCAAF-26-OKL,2025-12-01T00:29:40.691473Z,13.00,0.0200,0.9800,no
04ee9769-4548-7eda-6551-3e2e7684f833,KXNCAAF-26-OKL,2025-12-01T00:29:40.691473Z,5000.00,0.0200,0.9800,no
766de633-71f1-50ea-700d-9b95adce5088,KXNCAAF-26-OKL,2025-12-01T00:04:44.983753Z,1560.00,0.0300,0.9700,yes
8f9fde9f-feb5-50a2-4ef9-428fcbfafae0,KXNCAAF-26-OKL,2025-11-30T22:49:42.26955Z,20.00,0.0300,0.9700,yes
1cfb224c-75c1-61f6-0569-e32b5bb71178,KXNCAAF-26-OKL,2025-11-30T22:44:08.319181Z,305.00,0.0300,0.9700,yes
b92cb59a-1bd5-676a-22f9-3fcdf5d172b0,KXNCAAF-26-OKL,2025-11-30T22:34:37.83483Z,141.00,0.0300,0.9700,yes
b4bccbaa-c561-4b5e-cc47-becceb948534,KXNCAAF-26-OKL,2025-11-30T21:55:31.402578Z,300.00,0.0300,0.9700,yes
91e1488f-5249-7f6a-e1aa-745784810ae8,KXNCAAF-26-OKL,2025-11-30T21:40:34.208585Z,222.00,0.0300,0.9700,yes
ea63099c-7495-705e-6ff4-1b59b9178984,KXNCAAF-26-OKL,2025-11-30T20:49:34.967014Z,156.00,0.0300,0.9700,yes
b5c7a606-0bc1-4be6-9d6b-94ace880fde0,KXNCAAF-26-OKL,2025-11-30T19:21:36.450444Z,53.00,0.0300,0.9700,yes
4d40fe6b-14a2-40f7-a188-28e5ce26a7ee,KXNCAAF-26-OKL,2025-11-30T19:21:36.450444Z,715.00,0.0300,0.9700,yes
22980f68-ccff-4786-8914-eb207aec7116,KXNCAAF-26-OKL,2025-11-30T19:21:36.450444Z,232.00,0.0300,0.9700,yes
a9a5a2be-f1ea-6aa3-b316-dd993bf2e38a,KXNCAAF-26-OKL,2025-11-30T16:13:06.627844Z,936.00,0.0300,0.9700,yes
5b2d650d-7c40-790f-3996-0da3712f6cd9,KXNCAAF-26-OKL,2025-11-30T15:17:05.466106Z,1018.00,0.0200,0.9800,no
38fd858b-59ba-7bcb-d0fe-feac2a148bea,KXNCAAF-26-OKL,2025-11-30T15:06:15.927582Z,312.00,0.0300,0.9700,yes
1ae94d3d-bac2-601b-572a-aa7de294f5ea,KXNCAAF-26-OKL,2025-11-30T14:45:23.377397Z,8.00,0.0300,0.9700,yes
3c2fb0fb-c18e-6663-09da-a73526478f42,KXNCAAF-26-OKL,2025-11-30T13:59:20.566262Z,62.00,0.0300,0.9700,yes
6260cbaf-4f4a-532f-3db4-9cbef5c92f16,KXNCAAF-26-OKL,2025-11-30T13:52:31.556518Z,3333.00,0.0300,0.9700,yes
cc3bb6f4-0a76-6013-e2fe-aac3b98db1ba,KXNCAAF-26-OKL,2025-11-30T13:06:00.318223Z,200.00,0.0300,0.9700,yes
3fe9fdf9-cf9a-4b0f-38ff-91a4d1e3f7ca,KXNCAAF-26-OKL,2025-11-30T12:11:35.811763Z,936.00,0.0300,0.9700,yes
6eae0d52-5e7a-6ac3-ea9d-1dc2ddfa2936,KXNCAAF-26-OKL,2025-11-30T07:34:20.240042Z,4.00,0.0300,0.9700,yes
2c7e2c8c-54a6-68eb-28bb-f033b6bd08a2,KXNCAAF-26-OKL,2025-11-30T06:16:46.687375Z,1560.00,0.0300,0.9700,yes
e1e3241e-458e-50bf-4066-db8a20ee6e12,KXNCAAF-26-OKL,2025-11-30T05:41:05.289873Z,312.00,0.0300,0.9700,yes
df103546-ea0e-77db-0fe9-807b4f55ed12,KXNCAAF-26-OKL,2025-11-30T05:34:51.893906Z,100.00,0.0300,0.9700,yes
1ecc5f9f-92aa-55ff-b089-4555c58d0f7e,KXNCAAF-26-OKL,2025-11-30T05:19:06.709435Z,22.00,0.0300,0.9700,yes
a40ab05a-5d6e-7f8f-c46b-8a43d6a24de6,KXNCAAF-26-OKL,2025-11-30T04:44:13.169899Z,500.00,0.0300,0.9700,yes
fd926366-e908-4f49-5330-4828a8737b8b,KXNCAAF-26-OKL,2025-11-30T04:41:10.785874Z,271.00,0.0300,0.9700,no
58fe2891-13bd-465d-6e21-b64cf8834898,KXNCAAF-26-OKL,2025-11-30T04:41:10.785874Z,1000.00,0.0300,0.9700,no
852291cd-c811-5492-3442-26aaad4edc9c,KXNCAAF-26-OKL,2025-11-30T04:41:09.765257Z,4.00,0.0400,0.9600,yes
0b9a0e9a-20fd-5046-a365-617c8b5ba0cc,KXNCAAF-26-OKL,2025-11-30T04:40:32.491022Z,23.00,0.0400,0.9600,yes
0b139ffc-16e5-44de-66eb-2c8d46e209a4,KXNCAAF-26-OKL,2025-11-30T04:12:55.695631Z,1000.00,0.0400,0.9600,yes
a1189ee7-0979-6bfe-b096-b3d84ead4178,KXNCAAF-26-OKL,2025-11-30T03:39:00.062108Z,93.00,0.0400,0.9600,yes
e431567e-eaf5-46ba-9b6b-9434c936e290,KXNCAAF-26-OKL,2025-11-30T03:28:31.277641Z,500.00,0.0400,0.9600,yes
e392b0aa-2c21-5a12-fc7a-e4a81c06eac0,KXNCAAF-26-OKL,2025-11-30T03:22:55.584693Z,117.00,0.0400,0.9600,yes
d0db4b21-a9f9-68f6-d795-3b4d896df818,KXNCAAF-26-OKL,2025-11-30T03:20:27.195251Z,234.00,0.0400,0.9600,yes
661038b2-87ad-5aba-0662-713ead30cc54,KXNCAAF-26-OKL,2025-11-30T02:55:56.536639Z,44.00,0.0400,0.9600,yes
ea1bfd6e-c7a1-738a-7e99-be216b200cb8,KXNCAAF-26-OKL,2025-11-30T02:55:30.610813Z,46.00,0.0400,0.9600,yes
466eafe2-9c21-61be-543b-e272fc761544,KXNCAAF-26-OKL,2025-11-30T00:33:49.571161Z,75.00,0.0400,0.9600,yes
d32309d7-2b51-7a9a-7d08-342d1c5ba9b4,KXNCAAF-26-OKL,2025-11-30T00:32:32.82452Z,234.00,0.0400,0.9600,yes
9c7b55d4-1355-54a2-a4b2-bd18dbb40480,KXNCAAF-26-OKL,2025-11-30T00:27:31.627517Z,46.00,0.0400,0.9600,yes
fb4ba122-ef52-763a-8aad-ed3949e52f60,KXNCAAF-26-OKL,2025-11-30T00:27:06.136873Z,80.00,0.0400,0.9600,yes
6c507e61-00b1-7e8e-bf77-508185cd8920,KXNCAAF-26-OKL,2025-11-30T00:27:06.136873Z,803.00,0.0400,0.9600,yes
60287b86-f06a-7a87-9fbf-4ddf547010b5,KXNCAAF-26-OKL,2025-11-30T00:27:06.136873Z,1419.00,0.0400,0.9600,yes
95701435-d716-58f3-606e-58a0ba2b444d,KXNCAAF-26-OKL,2025-11-30T00:23:31.155171Z,1416.00,0.0400,0.9600,yes
b24fb2b3-2fd6-5893-8932-2c267f76a519,KXNCAAF-26-OKL,2025-11-30T00:21:15.52486Z,23.00,0.0400,0.9600,yes
529ed8ed-40aa-53a7-09e4-2c5da0dd14bd,KXNCAAF-26-OKL,2025-11-30T00:15:41.305488Z,117.00,0.0400,0.9600,yes
f19ec09c-6c07-650a-2a9f-79a8ff4c6ae6,KXNCAAF-26-OKL,2025-11-30T00:15:39.716515Z,6.00,0.0400,0.9600,yes
bf8e0af5-4789-6fc8-3408-458ed6a4fc95,KXNCAAF-26-OKL,2025-11-30T00:15:39.716515Z,10.00,0.0400,0.9600,yes
6d6728f0-7d4d-670f-3850-045a27f20889,KXNCAAF-26-OKL,2025-11-30T00:15:39.716515Z,8.00,0.0400,0.9600,yes
580b6d47-d921-682e-05e9-bd75eff61c51,KXNCAAF-26-OKL,2025-11-30T00:15:39.716515Z,1.00,0.0400,0.9600,yes
1b2331c7-017a-6eb3-3235-10461a080721,KXNCAAF-26-OKL,2025-11-30T00:15:39.716515Z,25.00,0.0400,0.9600,yes
f4621b16-535d-59d2-a34c-d3ae5f06dce9,KXNCAAF-26-OKL,2025-11-30T00:07:13.550588Z,16.00,0.0400,0.9600,yes
f1581b1e-1b19-4502-13d3-7b06ce53f405,KXNCAAF-26-OKL,2025-11-30T00:06:58.708274Z,1.00,0.0400,0.9600,yes
e9275774-5c84-4f65-358a-179addb1559a,KXNCAAF-26-OKL,2025-11-30T00:06:58.708274Z,4.00,0.0400,0.9600,yes
cae68d69-78a3-6896-6275-d4490c49a03f,KXNCAAF-26-OKL,2025-11-30T00:06:25.675294Z,5000.00,0.0300,0.9700,yes
c1bf4e5f-d9e4-6ea3-6431-f0e227793f09,KXNCAAF-26-OKL,2025-11-30T00:06:25.675294Z,6110.00,0.0300,0.9700,yes
92b928c1-86fc-68bf-831f-087126f23bc1,KXNCAAF-26-OKL,2025-11-30T00:01:12.369681Z,62.00,0.0300,0.9700,yes
f3d59e82-45e8-6503-2acb-867e701a343d,KXNCAAF-26-OKL,2025-11-30T00:01:09.496678Z,100.00,0.0300,0.9700,yes
a5d71bd9-734c-6e07-abfa-468de62df75d,KXNCAAF-26-OKL,2025-11-29T23:56:14.623841Z,500.00,0.0300,0.9700,yes
31ef8776-f6f0-4a67-be12-8a579fd6cac1,KXNCAAF-26-OKL,2025-11-29T23:54:54.965394Z,905.00,0.0300,0.9700,yes
f4d9d659-0b8c-7f3b-9c3e-da44cb39a209,KXNCAAF-26-OKL,2025-11-29T23:47:55.80445Z,1500.00,0.0200,0.9800,no
a4de2f91-d444-6a23-d782-dde6090b69cd,KXNCAAF-26-OKL,2025-11-29T23:47:49.035834Z,1248.00,0.0200,0.9800,no
b928537f-94ec-49e7-5b30-61489e7a4f4d,KXNCAAF-26-OKL,2025-11-29T23:47:44.703219Z,2099.00,0.0200,0.9800,no
f1214b6c-5454-55b3-fa15-2fc15d23ad41,KXNCAAF-26-OKL,2025-11-29T23:37:30.453163Z,500.00,0.0200,0.9800,no
e2571b09-c790-48a3-6552-6a984da11281,KXNCAAF-26-OKL,2025-11-29T23:17:34.752701Z,1248.00,0.0300,0.9700,yes
bc4f979b-7404-7b2f-72ea-274e7edf61b9,KXNCAAF-26-OKL,2025-11-29T23:12:59.630407Z,903.00,0.0200,0.9800,no
08195543-e240-603b-e448-fa65a3c2386d,KXNCAAF-26-OKL,2025-11-29T23:11:25.602434Z,2730.00,0.0200,0.9800,no
4cdc7c05-9804-5993-b8b5-1729b0fcc649,KXNCAAF-26-OKL,2025-11-29T23:11:20.525018Z,1248.00,0.0200,0.9800,no
a089f46b-82e8-759f-38cb-42fc8005e54d,KXNCAAF-26-OKL,2025-11-29T23:01:37.64197Z,231.00,0.0200,0.9800,no
e7505e74-1250-4c33-24df-a3d9843795b5,KXNCAAF-26-OKL,2025-11-29T22:40:39.817429Z,1560.00,0.0300,0.9700,yes
3b3c7eca-0160-75fb-7e62-53df59fdd37d,KXNCAAF-26-OKL,2025-11-29T22:00:22.783718Z,3500.00,0.0200,0.9800,no
3990fb06-6160-7417-2716-2eeb00929255,KXNCAAF-26-OKL,2025-11-29T21:59:36.239357Z,911.00,0.0300,0.9700,yes
ca5edb7f-f350-5f3f-0dba-3999f2c80625,KXNCAAF-26-OKL,2025-11-29T21:53:42.345087Z,312.00,0.0300,0.9700,yes
e175b7de-9445-7e7b-a289-9ddce79126b5,KXNCAAF-26-OKL,2025-11-29T21:21:53.947031Z,11.00,0.0300,0.9700,yes
950a3027-8e8c-72f7-bf3d-3e7f904249d9,KXNCAAF-26-OKL,2025-11-29T21:21:53.947031Z,792.00,0.0300,0.9700,yes
510ab960-8953-7882-a6a9-08a2d1a2b909,KXNCAAF-26-OKL,2025-11-29T21:21:53.947031Z,10000.00,0.0300,0.9700,yes
4787ca61-e7e5-70d2-b505-94aade250955,KXNCAAF-26-OKL,2025-11-29T21:21:53.947031Z,10.00,0.0300,0.9700,yes
462647f1-ae3b-7f8f-a650-751501009c4e,KXNCAAF-26-OKL,2025-11-29T21:21:53.947031Z,9186.00,0.0300,0.9700,yes
286cd62a-75e0-7f23-9e14-fdd037eaf651,KXNCAAF-26-OKL,2025-11-29T21:21:53.947031Z,5000.00,0.0300,0.9700,yes
f860b7c1-dc27-52ff-380a-a80bac3d99b8,KXNCAAF-26-OKL,2025-11-29T20:56:11.824279Z,5428.00,0.0300,0.9700,yes
82966b0a-e6c7-5883-2aad-21d04db66dca,KXNCAAF-26-OKL,2025-11-29T20:56:11.824279Z,814.00,0.0300,0.9700,yes
a8d1edc3-20af-7d27-db9e-de4b30fcf85c,KXNCAAF-26-OKL,2025-11-29T20:55:06.46656Z,66.00,0.0300,0.9700,yes
b2292109-3baf-5773-7f22-6e7940cb14f8,KXNCAAF-26-OKL,2025-11-29T20:53:17.842363Z,600.00,0.0300,0.9700,yes
df267953-7168-6e27-12f1-90a3a2396835,KXNCAAF-26-OKL,2025-11-29T20:51:05.814319Z,10000.00,0.0200,0.9800,no
7b940524-0b3f-48d7-6564-7855bf21a74c,KXNCAAF-26-OKL,2025-11-29T20:40:57.06767Z,78.00,0.0300,0.9700,yes
4f0040aa-4df0-59a3-68f9-de40e78e8fe1,KXNCAAF-26-OKL,2025-11-29T20:17:03.857724Z,9478.00,0.0200,0.9800,no
0e4468e2-3397-6307-9eec-b91c1e980a98,KXNCAAF-26-OKL,2025-11-29T20:08:12.316287Z,22.00,0.0300,0.9700,yes
eb5f8866-27a7-5bf7-2314-eda3ec4be6bc,KXNCAAF-26-OKL,2025-11-29T18:53:12.96029Z,8.00,0.0300,0.9700,yes
ee7bff2f-0fb7-512b-4695-7df9a85c7ed4,KXNCAAF-26-OKL,2025-11-29T17:51:28.982138Z,1560.00,0.0300,0.9700,yes
68e84004-a2bb-576b-46ce-4416c6cc168c,KXNCAAF-26-OKL,2025-11-29T16:32:42.19641Z,5.00,0.0300,0.9700,yes
b45d2039-13a7-43f3-55fd-597700230854,KXNCAAF-26-OKL,2025-11-29T15:37:52.984354Z,40.00,0.0300,0.9700,yes
147567bc-bc03-770f-f766-0ff0363b4c84,KXNCAAF-26-OKL,2025-11-29T15:33:22.828816Z,312.00,0.0300,0.9700,yes
6e7100e5-892c-4df7-f87b-3d7547042125,KXNCAAF-26-OKL,2025-11-29T15:31:32.163894Z,3121.00,0.0200,0.9800,no
141f25ed-e423-6507-d242-fb519af1da50,KXNCAAF-26-OKL,2025-11-29T14:52:02.514869Z,124.00,0.0300,0.9700,yes
db59782c-96e7-4777-ece3-e2d8a9ab307c,KXNCAAF-26-OKL,2025-11-29T14:49:46.995856Z,62.00,0.0300,0.9700,yes
8ef47385-ba87-41eb-6d3c-a8b3305c4384,KXNCAAF-26-OKL,2025-11-29T14:40:35.261174Z,100.00,0.0300,0.9700,yes
ed366ede-abdb-4d1f-01db-e15bac6eff4c,KXNCAAF-26-OKL,2025-11-29T13:57:08.538999Z,1560.00,0.0300,0.9700,yes
ac62369f-c407-532b-f312-c2bbbc523110,KXNCAAF-26-OKL,2025-11-29T13:37:56.122199Z,35.00,0.0300,0.9700,yes
52c168b9-a546-50a4-e3ed-d33099ab9d9d,KXNCAAF-26-OKL,2025-11-29T13:37:56.122199Z,465.00,0.0300,0.9700,yes
cf165f7f-9d3a-7978-540e-44b643f054dd,KXNCAAF-26-OKL,2025-11-29T10:34:45.444931Z,100.00,0.0300,0.9700,yes
37485cd9-ba06-44a0-c551-84fe0e6c79ed,KXNCAAF-26-OKL,2025-11-29T09:22:25.134632Z,749.00,0.0300,0.9700,yes
5dbb8573-9bd2-6350-317e-45363714ef61,KXNCAAF-26-OKL,2025-11-29T07:28:04.451553Z,111.00,0.0300,0.9700,yes
628a1105-fb32-5440-85f8-48c9fb2592a1,KXNCAAF-26-OKL,2025-11-29T07:21:57.527194Z,93.00,0.0300,0.9700,yes
6b919d7d-0d02-64cc-42f2-d12895607cfd,KXNCAAF-26-OKL,2025-11-29T06:20:53.174467Z,2.00,0.0300,0.9700,yes
6ea209c7-5666-54fc-4750-cd5d82ba738d,KXNCAAF-26-OKL,2025-11-29T06:04:57.99743Z,22.00,0.0300,0.9700,yes
c7fbc8ab-da4c-7df3-5b2c-f5cd313b7131,KXNCAAF-26-OKL,2025-11-29T02:53:13.379978Z,174.00,0.0200,0.9800,no
a9fd8fea-3fc6-5c2c-dda7-6c79512e2e25,KXNCAAF-26-OKL,2025-11-29T02:52:43.357634Z,19.00,0.0300,0.9700,yes
2c1b669b-730c-7613-07c3-caa8b6d86a89,KXNCAAF-26-OKL,2025-11-29T01:52:33.911164Z,222.00,0.0200,0.9800,no
67a98830-d736-4e88-2758-f7d42e31231d,KXNCAAF-26-OKL,2025-11-29T01:42:22.852454Z,156.00,0.0300,0.9700,yes
b6675f5d-516a-53a0-3095-a82f09ee36e5,KXNCAAF-26-OKL,2025-11-29T01:15:35.468722Z,156.00,0.0300,0.9700,yes
4834befd-b452-538c-0288-e7ff87e97af1,KXNCAAF-26-OKL,2025-11-29T00:13:08.534913Z,624.00,0.0300,0.9700,yes
fbeb7aa1-bb82-4270-d973-c5a9f544e4a1,KXNCAAF-26-OKL,2025-11-28T23:59:02.702844Z,111.00,0.0300,0.9700,yes
e52ea9cf-c5aa-4748-75b5-e02774f05671,KXNCAAF-26-OKL,2025-11-28T23:43:46.381624Z,500.00,0.0300,0.9700,yes
c81508bc-ed1a-6c84-ee35-6a4a3f090ac1,KXNCAAF-26-OKL,2025-11-28T23:25:12.039499Z,30.00,0.0300,0.9700,yes
e1f4c78e-e8de-4c4c-629a-08df71668d75,KXNCAAF-26-OKL,2025-11-28T21:54:45.217178Z,468.00,0.0300,0.9700,yes
f03a8939-b4b8-40a7-e812-f46777750399,KXNCAAF-26-OKL,2025-11-28T21:06:15.332362Z,93.00,0.0200,0.9800,no
36c87197-998a-4564-75ec-275d5d102db9,KXNCAAF-26-OKL,2025-11-28T20:57:20.592419Z,549.00,0.0300,0.9700,yes
a38faedf-8b8a-4788-2f68-c66ea2378ab1,KXNCAAF-26-OKL,2025-11-28T20:47:15.721589Z,624.00,0.0300,0.9700,yes
47648743-ea4a-6f94-b669-6aa12c11ded1,KXNCAAF-26-OKL,2025-11-28T20:36:39.56004Z,3121.00,0.0300,0.9700,yes
476aae10-9e26-6034-b47a-7831aa5ae009,KXNCAAF-26-OKL,2025-11-28T19:32:49.10008Z,2000.00,0.0300,0.9700,yes
7bf45ecf-57fe-7ddc-4cda-b0ece0ddb571,KXNCAAF-26-OKL,2025-11-28T18:47:40.384525Z,100.00,0.0300,0.9700,yes
b7a4f7bc-726c-410a-5708-285f1cf6342c,KXNCAAF-26-OKL,2025-11-28T16:48:56.828509Z,100.00,0.0300,0.9700,yes
3ed6a516-cf50-6faa-c3b3-c9636860ab9c,KXNCAAF-26-OKL,2025-11-28T16:21:28.745875Z,500.00,0.0300,0.9700,yes
f004d04a-a660-7aae-fd41-b72f217d7588,KXNCAAF-26-OKL,2025-11-28T16:07:09.426157Z,1000.00,0.0300,0.9700,yes
6631cfad-8f04-566a-43eb-123c29b919e0,KXNCAAF-26-OKL,2025-11-28T15:56:54.117595Z,222.00,0.0300,0.9700,yes
1ff1cf79-9a50-7b32-2785-77620e2dd5b0,KXNCAAF-26-OKL,2025-11-28T13:55:33.079642Z,101.00,0.0300,0.9700,yes
034c4475-ad14-40aa-0353-45e6cd8d30c4,KXNCAAF-26-OKL,2025-11-28T13:08:55.168469Z,200.00,0.0300,0.9700,yes
b88aca9f-50cc-5e36-6ad4-7ba61884cb40,KXNCAAF-26-OKL,2025-11-28T12:07:02.145524Z,1219.00,0.0300,0.9700,yes
448320b2-d39a-5e81-73ad-b5a3e6d5df8e,KXNCAAF-26-OKL,2025-11-28T12:07:02.145524Z,1781.00,0.0300,0.9700,yes
d601e230-dfea-77e5-0cbe-b6ce18b6bbee,KXNCAAF-26-OKL,2025-11-28T12:00:03.375078Z,936.00,0.0300,0.9700,yes
aee820f0-686a-66ed-971a-1944606178ce,KXNCAAF-26-OKL,2025-11-28T11:42:54.184379Z,583.00,0.0300,0.9700,yes
972eec11-6db6-6a15-8550-96901c7d5063,KXNCAAF-26-OKL,2025-11-28T11:42:54.184379Z,1342.00,0.0300,0.9700,yes
4ebdd733-d8bd-6d3a-982f-9f30e0a820ea,KXNCAAF-26-OKL,2025-11-28T11:42:54.184379Z,12121.00,0.0300,0.9700,yes
d4472a45-4112-5115-8a54-f2500fa62f5f,KXNCAAF-26-OKL,2025-11-28T05:40:37.225047Z,468.00,0.0300,0.9700,yes
d7186747-be8e-49b9-f9fc-19d29ee8b643,KXNCAAF-26-OKL,2025-11-28T05:04:38.726349Z,15.00,0.0300,0.9700,yes
84a59ae1-4048-415f-710a-85a0a01b0081,KXNCAAF-26-OKL,2025-11-28T04:39:10.433687Z,281.00,0.0200,0.9800,no
fb3dcb58-f18e-5551-5bca-b0eda46ebf57,KXNCAAF-26-OKL,2025-11-28T03:01:16.466717Z,3.00,0.0300,0.9700,yes
59b0a7a4-0846-6615-d414-315c3b812a7f,KXNCAAF-26-OKL,2025-11-28T00:14:35.56434Z,312.00,0.0300,0.9700,yes
fdb810d3-0e8e-5db1-d972-c0a9b1a91507,KXNCAAF-26-OKL,2025-11-27T23:26:40.428024Z,611.00,0.0300,0.9700,yes
887d169a-781a-6591-b53b-8cc56ec222e3,KXNCAAF-26-OKL,2025-11-27T22:18:50.610873Z,222.00,0.0300,0.9700,yes
aecd7d0c-b1ee-5645-db4a-cde876dca49f,KXNCAAF-26-OKL,2025-11-27T21:21:45.067444Z,502.00,0.0300,0.9700,yes
2b94d496-451a-43e5-1cfd-9f0eb8cea53f,KXNCAAF-26-OKL,2025-11-27T21:01:26.068478Z,312.00,0.0300,0.9700,yes
1009b26e-ecf6-50e5-5529-ee3c3165783f,KXNCAAF-26-OKL,2025-11-27T19:11:32.860478Z,652.00,0.0300,0.9700,yes
88704bd6-685e-6001-b171-654da6349637,KXNCAAF-26-OKL,2025-11-27T18:23:39.383649Z,160.00,0.0300,0.9700,yes
64bca288-ccda-5365-6705-68096805da0f,KXNCAAF-26-OKL,2025-11-27T16:28:19.810924Z,31.00,0.0300,0.9700,yes
feb2bc39-0b3e-4b2d-f8ad-5f6fe558e20f,KXNCAAF-26-OKL,2025-11-27T16:22:21.185459Z,950.00,0.0300,0.9700,yes
b0c7f450-964e-7d91-d8a5-2bc30988d3ab,KXNCAAF-26-OKL,2025-11-27T16:21:58.266244Z,1000.00,0.0300,0.9700,yes
98c78037-24ee-4061-c634-f53096217833,KXNCAAF-26-OKL,2025-11-27T16:00:34.436154Z,222.00,0.0300,0.9700,yes
91c74070-ff68-743f-7625-eb846945a145,KXNCAAF-26-OKL,2025-11-27T15:29:36.375272Z,31.00,0.0200,0.9800,no
8113409a-e2b0-6203-befc-f483266db0ed,KXNCAAF-26-OKL,2025-11-27T15:25:59.586343Z,81.00,0.0200,0.9800,no
e3ee21ba-47da-55a9-e4c9-9d0786a4b17f,KXNCAAF-26-OKL,2025-11-27T15:14:38.772873Z,500.00,0.0300,0.9700,yes
d1e21b24-97f2-4e85-625c-958cfeb5e9d3,KXNCAAF-26-OKL,2025-11-27T14:04:46.351842Z,1500.00,0.0300,0.9700,yes
a7067234-2f6a-4d79-9ea6-7a4d4b36372f,KXNCAAF-26-OKL,2025-11-27T07:09:46.149704Z,1198.00,0.0300,0.9700,yes
6692a2ab-c5ad-4d39-8083-1ff0329fd3ce,KXNCAAF-26-OKL,2025-11-27T07:09:46.149704Z,357.00,0.0300,0.9700,yes
57bc1d03-d1d5-41c0-bb03-0cbc3be5a57f,KXNCAAF-26-OKL,2025-11-27T07:09:46.149704Z,5.00,0.0300,0.9700,yes
253f7fd9-0869-6535-3380-a6f62e6e77fa,KXNCAAF-26-OKL,2025-11-27T07:08:54.521225Z,1092.00,0.0300,0.9700,yes
306dd180-1e11-68a1-95a8-3520581471f2,KXNCAAF-26-OKL,2025-11-27T00:14:14.521013Z,717.00,0.0300,0.9700,yes
2072eea5-4355-7f89-2b09-435a3214151a,KXNCAAF-26-OKL,2025-11-27T00:02:22.545129Z,300.00,0.0300,0.9700,yes
d9e48542-6545-7af9-cc28-15d6aca88b8e,KXNCAAF-26-OKL,2025-11-26T23:06:12.643992Z,31.00,0.0300,0.9700,yes
54307546-c76d-66a5-29b4-10555e9f3d7a,KXNCAAF-26-OKL,2025-11-26T22:26:25.567571Z,3121.00,0.0300,0.9700,yes
74ead06c-aa35-67f1-f048-d7a2db159a8a,KXNCAAF-26-OKL,2025-11-26T21:08:32.682122Z,50.00,0.0300,0.9700,yes
19f65730-9c19-4d65-4bcc-aaec8d16a516,KXNCAAF-26-OKL,2025-11-26T20:35:42.806526Z,31.00,0.0300,0.9700,yes
30d80fc8-7651-74d9-c2ba-70bd52c13a9a,KXNCAAF-26-OKL,2025-11-26T18:34:20.709072Z,20.00,0.0300,0.9700,yes
02b05ca9-b9a1-4211-2bdf-5e8ca4837826,KXNCAAF-26-OKL,2025-11-26T17:15:20.068871Z,500.00,0.0300,0.9700,yes
b82f4e36-d4d5-6869-212e-ac18e07ea762,KXNCAAF-26-OKL,2025-11-26T16:19:50.904737Z,100.00,0.0300,0.9700,yes
dd982d2f-6d99-567d-5562-23a2b28afb9e,KXNCAAF-26-OKL,2025-11-26T14:20:27.731116Z,31.00,0.0300,0.9700,yes
03dbc3ad-61a1-7d85-56d5-0a5840f0597a,KXNCAAF-26-OKL,2025-11-26T06:53:20.741819Z,93.00,0.0300,0.9700,yes
7d101ef6-5c35-6e55-4716-52ddca665972,KXNCAAF-26-OKL,2025-11-26T05:52:01.915907Z,111.00,0.0300,0.9700,yes
db62465d-84e5-55b5-fc02-4fe30d6baea2,KXNCAAF-26-OKL,2025-11-26T04:41:57.303826Z,155.00,0.0300,0.9700,yes
084d900e-41d9-5c19-254e-757177681dbe,KXNCAAF-26-OKL,2025-11-26T03:32:54.361601Z,222.00,0.0300,0.9700,yes
37e4ac42-9b75-46e1-5e22-d90a64a4c41a,KXNCAAF-26-OKL,2025-11-26T02:49:21.647052Z,1560.00,0.0300,0.9700,yes
eb4f4783-c0e9-6a1d-0a81-e8a79eb0fe3a,KXNCAAF-26-OKL,2025-11-26T02:30:46.774219Z,200.00,0.0300,0.9700,yes
8b445684-f2a5-56a9-cffd-e0e892ba3d7e,KXNCAAF-26-OKL,2025-11-26T02:30:07.053378Z,333.00,0.0300,0.9700,yes
471be770-19b9-63b1-5dc1-688e6cd9ed4e,KXNCAAF-26-OKL,2025-11-26T02:22:08.634082Z,40.00,0.0300,0.9700,yes
e5c5ce6c-35f5-400d-961d-7cbcf1433a1a,KXNCAAF-26-OKL,2025-11-26T00:10:56.94256Z,624.00,0.0300,0.9700,yes
6772c554-dc91-5b81-6197-5c55fd8c50c6,KXNCAAF-26-OKL,2025-11-25T23:34:55.261862Z,300.00,0.0300,0.9700,yes
fcdced9d-30d9-4711-af4f-b7f202d8aaee,KXNCAAF-26-OKL,2025-11-25T23:34:26.404438Z,500.00,0.0300,0.9700,yes
fe70332a-a431-7e09-7667-56ab0181a56e,KXNCAAF-26-OKL,2025-11-25T23:24:07.499313Z,20.00,0.0300,0.9700,yes
ddc082ab-47fd-71e1-aa71-b697f32efb02,KXNCAAF-26-OKL,2025-11-25T23:00:32.458588Z,561.00,0.0300,0.9700,yes
7385da67-6a21-7f49-78bf-b0405bd1e5a6,KXNCAAF-26-OKL,2025-11-25T22:57:15.351819Z,133.00,0.0300,0.9700,yes
2cb6bf4b-572d-6e4d-da4d-d7f390808736,KXNCAAF-26-OKL,2025-11-25T22:07:57.123639Z,100.00,0.0300,0.9700,yes
e19ad10a-db6d-6501-2c1b-c7c2246358ba,KXNCAAF-26-OKL,2025-11-25T21:38:29.163171Z,31.00,0.0300,0.9700,yes
0d147ca7-39e5-47e9-8680-f732769ccf3e,KXNCAAF-26-OKL,2025-11-25T21:25:22.409854Z,62.00,0.0300,0.9700,yes
2d6af186-bfa5-6f15-2b6e-b36d9e31608e,KXNCAAF-26-OKL,2025-11-25T18:38:00.565844Z,624.00,0.0300,0.9700,yes
29205390-97fd-7645-27c0-d564609c9142,KXNCAAF-26-OKL,2025-11-25T18:18:25.057493Z,156.00,0.0300,0.9700,yes
2c453c8f-5be1-4f25-280e-06a66446c46e,KXNCAAF-26-OKL,2025-11-25T17:31:16.683406Z,344.00,0.0300,0.9700,yes
ecdc8f63-50e0-5a23-cd06-6bafba635a3d,KXNCAAF-26-OKL,2025-11-25T16:02:24.703022Z,1.00,0.0200,0.9800,no
146ef2a2-63a1-5e51-b2bf-19c83c45ded6,KXNCAAF-26-OKL,2025-11-25T15:04:05.739799Z,100.00,0.0300,0.9700,yes
db6c75d7-c749-6809-ef55-6776bd5439ba,KXNCAAF-26-OKL,2025-11-25T14:50:35.500028Z,222.00,0.0300,0.9700,yes
bd31bef0-b75d-6f99-3d1d-249a89f306f6,KXNCAAF-26-OKL,2025-11-25T13:50:18.25447Z,100.00,0.0300,0.9700,yes
68f7bbf8-9a8d-6575-3988-4b1bcbe76f5e,KXNCAAF-26-OKL,2025-11-25T11:22:58.336656Z,31.00,0.0300,0.9700,yes
7d467c04-c3e5-7e0d-569e-c6388da8179e,KXNCAAF-26-OKL,2025-11-25T11:05:44.505786Z,468.00,0.0300,0.9700,yes
66dac02e-5859-4e0d-5f75-f6fe58c9e46e,KXNCAAF-26-OKL,2025-11-25T08:44:24.691683Z,100.00,0.0300,0.9700,yes
44fca0ef-d5ad-7049-2f1f-a3af64a9e8a2,KXNCAAF-26-OKL,2025-11-25T06:33:18.45251Z,101.00,0.0300,0.9700,yes
c9905382-2a6d-6d09-e4bd-8cc9784820c2,KXNCAAF-26-OKL,2025-11-25T05:29:59.366288Z,218.00,0.0300,0.9700,yes
516e3353-1cf1-7ff5-7f00-885eb457f17e,KXNCAAF-26-OKL,2025-11-25T05:16:20.263436Z,156.00,0.0300,0.9700,yes
19fdaacd-8e89-79b5-15df-9278d77e3cd6,KXNCAAF-26-OKL,2025-11-25T04:22:49.924303Z,333.00,0.0300,0.9700,yes
bf375ed6-f589-6e29-c5a9-6f933ddd4126,KXNCAAF-26-OKL,2025-11-25T04:18:45.095622Z,30.00,0.0300,0.9700,yes
4f59b6f2-c5f5-5705-ce9d-f23a8fed1726,KXNCAAF-26-OKL,2025-11-25T03:29:19.975555Z,2222.00,0.0300,0.9700,yes
ee55de1d-d2c1-64d5-a7c6-7756eeb50dc6,KXNCAAF-26-OKL,2025-11-25T00:50:14.873877Z,500.00,0.0300,0.9700,yes
4847613d-9e5d-6951-f0ee-e46104880a52,KXNCAAF-26-OKL,2025-11-24T23:39:46.535612Z,31.00,0.0300,0.9700,yes
e5abf67c-7521-4c89-f6a5-7a97b86236a2,KXNCAAF-26-OKL,2025-11-24T22:39:05.780213Z,100.00,0.0300,0.9700,yes
c8a3b78b-2355-6469-c52d-c4a40e7bf806,KXNCAAF-26-OKL,2025-11-24T20:07:52.739527Z,1000.00,0.0300,0.9700,yes
f9243c51-9135-7b21-71b3-a4ee627f83d2,KXNCAAF-26-OKL,2025-11-24T20:01:51.205619Z,624.00,0.0300,0.9700,yes
3905a9b1-bbcd-6aed-0917-8294b21d1c32,KXNCAAF-26-OKL,2025-11-24T18:10:27.157025Z,100.00,0.0300,0.9700,yes
624f28c0-b961-44e1-0665-a1295374e306,KXNCAAF-26-OKL,2025-11-24T17:54:59.741396Z,312.00,0.0300,0.9700,yes
0af22ffa-4c5d-7861-88f5-dff4a72ebc56,KXNCAAF-26-OKL,2025-11-24T17:40:07.247614Z,65.00,0.0300,0.9700,yes
5c22ad9a-1ac1-69c5-af5e-f8e13ba00efa,KXNCAAF-26-OKL,2025-11-24T15:14:25.07691Z,93.00,0.0300,0.9700,yes
04ffdc59-8929-5a65-0246-1d89a0beb396,KXNCAAF-26-OKL,2025-11-24T15:10:48.686596Z,10.00,0.0300,0.9700,yes
cb796266-c371-60fd-b9a6-099d5eb9f236,KXNCAAF-26-OKL,2025-11-24T14:33:22.433615Z,312.00,0.0300,0.9700,yes
1e1ba618-5e21-7115-f7e0-c9e26db2d732,KXNCAAF-26-OKL,2025-11-24T11:27:28.180427Z,18.00,0.0300,0.9700,yes
a376ab5c-926e-6cbf-58ac-bc0ffc5bc443,KXNCAAF-26-OKL,2025-11-24T04:45:15.181807Z,4765.00,0.0300,0.9700,yes
207dbaa4-5e4d-6705-4b2f-4338f1a84e02,KXNCAAF-26-OKL,2025-11-24T04:45:15.181807Z,235.00,0.0300,0.9700,yes
c6106f25-6362-75e7-8444-55d7cd4213fb,KXNCAAF-26-OKL,2025-11-24T04:12:47.890667Z,111.00,0.0300,0.9700,yes
3c97e10e-b5be-5233-0979-ceb0aea8841b,KXNCAAF-26-OKL,2025-11-24T04:11:53.628478Z,611.00,0.0300,0.9700,yes
2137f1fc-cdd2-7a4b-be1c-458db82221b3,KXNCAAF-26-OKL,2025-11-24T02:57:24.321375Z,100.00,0.0300,0.9700,yes
eb70de21-83fe-56b3-eedc-991bb2187eaf,KXNCAAF-26-OKL,2025-11-24T01:04:36.062745Z,312.00,0.0300,0.9700,yes
d9d4d1ed-daa2-7fff-c287-0e4acdd413bb,KXNCAAF-26-OKL,2025-11-23T22:30:05.398167Z,20.00,0.0300,0.9700,yes
49fa65f0-ef6e-40db-630a-97cc76c35027,KXNCAAF-26-OKL,2025-11-23T21:57:43.23066Z,10.00,0.0300,0.9700,yes
31d6903d-f992-54c7-73ac-e96f0b70a997,KXNCAAF-26-OKL,2025-11-23T21:22:38.792806Z,780.00,0.0300,0.9700,yes
47028976-bf0e-7ea3-912f-c421033ef0fb,KXNCAAF-26-OKL,2025-11-23T20:08:04.931856Z,1560.00,0.0300,0.9700,yes
b48de69a-995a-5a67-083b-a79655608d67,KXNCAAF-26-OKL,2025-11-23T19:09:33.73509Z,312.00,0.0300,0.9700,yes
76be823f-4302-596b-7c19-cfcdca4b4893,KXNCAAF-26-OKL,2025-11-23T18:15:07.111918Z,1.00,0.0300,0.9700,yes
91937f42-15c2-467f-4d46-87b0ccfc74df,KXNCAAF-26-OKL,2025-11-23T17:46:37.695394Z,312.00,0.0300,0.9700,yes
cc701536-2b3e-7d6b-bf60-d6b2db5ee59b,KXNCAAF-26-OKL,2025-11-23T15:47:36.107587Z,150.00,0.0300,0.9700,yes
757ce514-ca1e-6f9b-85ad-c3f4c90fa903,KXNCAAF-26-OKL,2025-11-23T09:15:44.588286Z,124.00,0.0300,0.9700,yes
a0661694-cd02-6867-913a-788a7cf96f0b,KXNCAAF-26-OKL,2025-11-23T04:32:58.984059Z,3.00,0.0300,0.9700,yes
c1ad0899-beba-7e23-f209-14746c26914f,KXNCAAF-26-OKL,2025-11-23T04:22:18.973801Z,304.00,0.0300,0.9700,yes
1c80c715-ccda-4303-522e-a8687314858f,KXNCAAF-26-OKL,2025-11-23T04:10:23.140458Z,340.00,0.0300,0.9700,yes
fdc80874-6b3e-40eb-df11-de367a479a17,KXNCAAF-26-OKL,2025-11-23T04:03:03.626505Z,300.00,0.0300,0.9700,yes
8d5becf4-4e4e-6d73-735c-3d5387392fc3,KXNCAAF-26-OKL,2025-11-23T03:57:01.751595Z,624.00,0.0300,0.9700,yes
7e8e4f36-e702-6e97-f5ea-72deb2e43a27,KXNCAAF-26-OKL,2025-11-23T03:54:45.098997Z,156.00,0.0300,0.9700,yes
403f3435-664a-4c13-3f0f-66f4e47ff5e7,KXNCAAF-26-OKL,2025-11-23T03:48:53.462261Z,1001.00,0.0300,0.9700,yes
9bf781d2-335e-494f-a09f-20def1cc7f87,KXNCAAF-26-OKL,2025-11-23T03:44:28.021491Z,312.00,0.0300,0.9700,yes
ac7f892b-5786-72b7-a656-eca855f4523b,KXNCAAF-26-OKL,2025-11-23T03:42:06.260023Z,292.00,0.0300,0.9700,yes
4e61f85d-3612-71d7-ab0f-ec5286fd5e3f,KXNCAAF-26-OKL,2025-11-23T03:42:06.260023Z,16.00,0.0300,0.9700,yes
03f2a18b-36be-7265-bd53-3d7fc49b0238,KXNCAAF-26-OKL,2025-11-23T03:42:06.260023Z,4.00,0.0300,0.9700,yes
47964b4c-5f90-4503-eaa9-cae1fefefaf9,KXNCAAF-26-OKL,2025-11-23T03:15:33.721946Z,78.00,0.0200,0.9800,no
c2a8f17c-8d5a-7777-6ed9-ab9e81511c93,KXNCAAF-26-OKL,2025-11-23T01:28:42.688862Z,312.00,0.0300,0.9700,yes
0c11b60d-085a-4907-ff77-4284f916672b,KXNCAAF-26-OKL,2025-11-23T00:45:44.205029Z,351.00,0.0300,0.9700,yes
66c15a4f-b356-6a47-a48f-bd29b815e1b3,KXNCAAF-26-OKL,2025-11-23T00:16:30.11772Z,31.00,0.0300,0.9700,yes
2a28d45a-1ef2-5cb3-5b3d-76e018130a57,KXNCAAF-26-OKL,2025-11-23T00:14:18.32183Z,1560.00,0.0300,0.9700,yes
c91706d7-8c72-6793-3fa0-a31cbe819b1b,KXNCAAF-26-OKL,2025-11-22T23:42:01.865608Z,100.00,0.0300,0.9700,yes
02cb1710-ace2-5e5b-caca-fb40fc22b94b,KXNCAAF-26-OKL,2025-11-22T23:40:50.308554Z,156.00,0.0300,0.9700,yes
337fffe1-86de-512f-6697-c82e0a2dd16b,KXNCAAF-26-OKL,2025-11-22T23:27:17.152561Z,221.00,0.0300,0.9700,yes
41b5a41a-55c2-40bb-1938-3e79efc93e7b,KXNCAAF-26-OKL,2025-11-22T23:15:36.397755Z,2000.00,0.0300,0.9700,yes
9a9ea5ff-aa0e-6b5f-ed1c-745b1c9cd49b,KXNCAAF-26-OKL,2025-11-22T23:15:35.881418Z,29.00,0.0300,0.9700,yes
35209e1a-73c2-69b3-8861-23759736d37f,KXNCAAF-26-OKL,2025-11-22T22:52:58.537591Z,312.00,0.0300,0.9700,yes
442f91ce-977a-6e63-3837-9dac64a6640b,KXNCAAF-26-OKL,2025-11-22T22:46:39.214507Z,156.00,0.0300,0.9700,yes
ba6e3ea4-d5de-4f53-925b-36d3616e7973,KXNCAAF-26-OKL,2025-11-22T22:39:09.254092Z,250.00,0.0300,0.9700,yes
b1b93837-2d7e-57cb-e331-c7f7c87e3c43,KXNCAAF-26-OKL,2025-11-22T21:33:14.507378Z,100.00,0.0300,0.9700,yes
48fb010d-9d26-5e37-8478-eb8637d7ec8f,KXNCAAF-26-OKL,2025-11-22T20:43:40.82954Z,93.00,0.0300,0.9700,yes
9c036b75-c11a-7a27-d4d9-129a3d72f647,KXNCAAF-26-OKL,2025-11-22T20:41:07.492124Z,100.00,0.0300,0.9700,yes
d8f8a04c-1f92-5ed3-1e02-afcafe663c13,KXNCAAF-26-OKL,2025-11-22T20:41:05.672045Z,50.00,0.0300,0.9700,yes
af5fae66-cd4e-5b33-4dfb-ec984a8f488f,KXNCAAF-26-OKL,2025-11-22T20:41:00.186511Z,31.00,0.0300,0.9700,yes
f4ec2f03-995e-761b-990f-6f8d6afbb507,KXNCAAF-26-OKL,2025-11-22T20:34:19.352958Z,1800.00,0.0300,0.9700,yes
c1653012-7376-6f8b-c0fe-c5749c574b27,KXNCAAF-26-OKL,2025-11-22T20:32:41.506231Z,50.00,0.0300,0.9700,yes
aacb2297-a33a-45df-8f18-ef90d479538f,KXNCAAF-26-OKL,2025-11-22T20:16:39.333221Z,200.00,0.0300,0.9700,yes
f2b85bfd-5a1e-7d3b-2676-a07a211ffbc7,KXNCAAF-26-OKL,2025-11-22T20:12:31.427434Z,500.00,0.0300,0.9700,yes
fbb9c891-e1a6-62eb-f706-fd04fbc7eb13,KXNCAAF-26-OKL,2025-11-22T20:11:55.689365Z,500.00,0.0300,0.9700,yes
601bdeb1-011a-5a5f-5498-9aaed865b2f3,KXNCAAF-26-OKL,2025-11-22T20:10:38.935602Z,80.00,0.0300,0.9700,yes
f92c6420-4385-6468-cfe1-291217927a9a,KXNCAAF-26-OKL,2025-11-22T19:58:49.52812Z,719.00,0.0300,0.9700,yes
9899e6a2-08fe-6233-f649-a7a8b015eff7,KXNCAAF-26-OKL,2025-11-22T19:58:49.52812Z,1002.00,0.0300,0.9700,yes
8c4551ff-5fd2-6006-ffa5-50db37533930,KXNCAAF-26-OKL,2025-11-22T19:58:49.52812Z,1400.00,0.0300,0.9700,yes
da3cb4b0-a4f2-763e-acb2-0aaa7c28ae44,KXNCAAF-26-OKL,2025-11-22T19:51:46.413979Z,25.00,0.0300,0.9700,yes
b29bb4da-d3f9-7670-8807-3c3a2cebcdda,KXNCAAF-26-OKL,2025-11-22T19:51:46.413979Z,2281.00,0.0300,0.9700,yes
3433c48b-d291-70b9-8054-676f1df0744e,KXNCAAF-26-OKL,2025-11-22T19:51:46.413979Z,815.00,0.0300,0.9700,yes
11d59a4c-6775-7289-86b9-8bb67a5f006e,KXNCAAF-26-OKL,2025-11-22T19:49:21.680923Z,75.00,0.0300,0.9700,yes
fae52887-51c5-4259-712e-9b6db0579c8a,KXNCAAF-26-OKL,2025-11-22T19:40:50.891519Z,1000.00,0.0300,0.9700,yes
b94d27af-e344-6507-a15b-a436bdb9dbd5,KXNCAAF-26-OKL,2025-11-22T19:36:35.421781Z,97.00,0.0300,0.9700,yes
2e8e6dd1-9768-64f0-9020-092219aa063f,KXNCAAF-26-OKL,2025-11-22T19:36:35.421781Z,1914.00,0.0300,0.9700,yes
0727d89a-afd5-6f99-8435-5719fa3999de,KXNCAAF-26-OKL,2025-11-22T19:36:35.421781Z,1110.00,0.0300,0.9700,yes
eaa4fd52-237c-50dc-fe69-d667928d811b,KXNCAAF-26-OKL,2025-11-22T19:04:51.605505Z,50.00,0.0300,0.9700,yes
eb4a6bfc-23c8-7038-5be9-e81da5f426b3,KXNCAAF-26-OKL,2025-11-22T19:01:46.739746Z,1000.00,0.0300,0.9700,yes
0ca7a4f8-1a30-76ec-0bac-6d2ac9f48263,KXNCAAF-26-OKL,2025-11-22T18:56:12.697146Z,500.00,0.0300,0.9700,yes
15f7065f-f588-766c-aea5-407126f6762f,KXNCAAF-26-OKL,2025-11-22T18:55:26.311103Z,500.00,0.0300,0.9700,yes
1f207a8b-fc88-7478-25bd-9e75dbe6abe7,KXNCAAF-26-OKL,2025-11-22T18:54:55.628029Z,1000.00,0.0300,0.9700,yes
7cca8573-ab5c-5770-fcb4-d0bd6e24b0f7,KXNCAAF-26-OKL,2025-11-22T18:39:34.718708Z,780.00,0.0300,0.9700,yes
2678cda3-f690-4b30-5747-5bb96e6aa6bb,KXNCAAF-26-OKL,2025-11-22T18:37:07.174269Z,100.00,0.0300,0.9700,yes
b9a75078-21e8-6dc8-c57f-4568e169ac9f,KXNCAAF-26-OKL,2025-11-22T18:35:41.306485Z,50.00,0.0300,0.9700,yes
7f404da9-b0d8-4160-57e5-929f3ef7904f,KXNCAAF-26-OKL,2025-11-22T18:35:23.410264Z,50.00,0.0300,0.9700,yes
b7c76dcd-cbc4-5df0-3ba4-1533a825f177,KXNCAAF-26-OKL,2025-11-22T18:15:53.344972Z,1000.00,0.0300,0.9700,yes
22e1822b-acf4-55cb-f701-dcd82b23de1d,KXNCAAF-26-OKL,2025-11-22T18:07:41.544152Z,8223.00,0.0200,0.9800,no
355b9911-814c-64f7-7e72-189dc322286d,KXNCAAF-26-OKL,2025-11-22T18:03:17.998221Z,765.00,0.0200,0.9800,no
5f6e30f8-f8cc-4218-e3a7-0927142f3bdb,KXNCAAF-26-OKL,2025-11-22T17:17:04.842182Z,306.00,0.0300,0.9700,yes
ce069699-e6c1-7833-6701-ca96474c90e4,KXNCAAF-26-OKL,2025-11-22T16:50:01.689922Z,200.00,0.0300,0.9700,yes
501a58ec-1369-6367-dca1-bf5d3cbf9914,KXNCAAF-26-OKL,2025-11-22T16:49:25.117777Z,374.00,0.0300,0.9700,yes
edef3eff-2495-4533-f23e-09ad7988b7ec,KXNCAAF-26-OKL,2025-11-22T13:16:31.383491Z,16.00,0.0300,0.9700,yes
a10b1af1-3f86-445e-c404-82cd703c53ce,KXNCAAF-26-OKL,2025-11-22T13:16:31.383491Z,639.00,0.0300,0.9700,yes
00eaec51-081a-5d2a-1c54-00e3180e71ce,KXNCAAF-26-OKL,2025-11-22T07:00:37.731226Z,156.00,0.0300,0.9700,yes
581b2cd4-3696-571e-be0f-a454da25d79e,KXNCAAF-26-OKL,2025-11-22T05:55:53.631168Z,50.00,0.0300,0.9700,yes
f03c5787-49e6-61f2-c747-9920f6667b1a,KXNCAAF-26-OKL,2025-11-22T04:59:49.950093Z,3121.00,0.0300,0.9700,yes
30150a21-8c1a-799e-2b29-383de135b3b6,KXNCAAF-26-OKL,2025-11-22T03:40:36.636642Z,1560.00,0.0300,0.9700,yes
62c39514-ed86-4ee2-0d30-1f10ce862a06,KXNCAAF-26-OKL,2025-11-22T02:27:32.352546Z,624.00,0.0300,0.9700,yes
83995002-a962-798e-2c9e-881d70da0b66,KXNCAAF-26-OKL,2025-11-22T02:21:43.646112Z,764.00,0.0300,0.9700,yes
74f19281-957e-6c7e-3cca-f79babdc8e62,KXNCAAF-26-OKL,2025-11-22T00:45:33.846202Z,1000.00,0.0300,0.9700,yes
11aa8bbe-e36e-6f0e-89a5-6782a77de766,KXNCAAF-26-OKL,2025-11-22T00:28:08.28246Z,31.00,0.0300,0.9700,yes
9f67c74c-d932-604e-6262-1d79e906ecea,KXNCAAF-26-OKL,2025-11-21T23:33:45.535159Z,765.00,0.0300,0.9700,yes
11a2d69f-d43e-4f4a-f6b3-9234ab330f26,KXNCAAF-26-OKL,2025-11-21T23:02:00.278093Z,81.00,0.0300,0.9700,yes
60cb0c68-cf66-7392-a8a3-899f89470202,KXNCAAF-26-OKL,2025-11-21T19:45:43.565402Z,300.00,0.0300,0.9700,yes
5ed03657-9636-4e06-0486-007050dbb1da,KXNCAAF-26-OKL,2025-11-21T16:45:31.977253Z,78.00,0.0300,0.9700,yes
7188548c-79e2-6816-e609-5cb45d574f06,KXNCAAF-26-OKL,2025-11-21T15:30:54.04499Z,222.00,0.0300,0.9700,yes
c506ebb0-4996-72aa-2c14-7c5085dd437a,KXNCAAF-26-OKL,2025-11-21T15:23:32.543732Z,500.00,0.0300,0.9700,yes
98d03b3b-5fc6-6f9e-ef25-5c78e5016522,KXNCAAF-26-OKL,2025-11-21T15:00:09.642725Z,50.00,0.0300,0.9700,yes
b895cb32-5618-472f-8f28-69b289c6d455,KXNCAAF-26-OKL,2025-11-21T11:37:45.378931Z,5.00,0.0200,0.9800,no
c093af32-c51c-5eb3-fefe-81269e593125,KXNCAAF-26-OKL,2025-11-21T11:37:32.837281Z,5.00,0.0200,0.9800,no
e99bda66-ec7a-7e26-4aee-cb997ab653a6,KXNCAAF-26-OKL,2025-11-21T07:17:21.573695Z,59.00,0.0300,0.9700,yes
71acd452-4ed1-76a4-7063-19989c7726e9,KXNCAAF-26-OKL,2025-11-21T07:17:21.573695Z,1501.00,0.0300,0.9700,yes
f241e876-2c9c-5a4f-df20-f754c540513d,KXNCAAF-26-OKL,2025-11-21T06:06:07.832828Z,3121.00,0.0200,0.9800,no
3d67db33-b6b5-5a58-c95f-a3d1d6071785,KXNCAAF-26-OKL,2025-11-21T03:24:08.318376Z,25.00,0.0300,0.9700,yes
a2fc542f-8281-6220-0d35-b0bbd6f10781,KXNCAAF-26-OKL,2025-11-21T03:13:08.213588Z,15.00,0.0300,0.9700,yes
4eb7c4ae-4f34-497f-44e8-4826d628a9d5,KXNCAAF-26-OKL,2025-11-21T01:46:37.986675Z,31.00,0.0200,0.9800,no
ad7030f8-a91d-78ec-f5eb-f9a0b5f57669,KXNCAAF-26-OKL,2025-11-21T01:05:56.952932Z,124.00,0.0300,0.9700,yes
8cbe8161-b994-7dab-bda6-ca0eeafb748d,KXNCAAF-26-OKL,2025-11-21T00:57:54.968268Z,31.00,0.0200,0.9800,no
3cc3abe4-e4e1-4218-2d9d-39082199e9c5,KXNCAAF-26-OKL,2025-11-20T23:52:10.76005Z,165.00,0.0300,0.9700,yes
6ecd5e0c-e425-69d0-a8ec-65bcacbf8999,KXNCAAF-26-OKL,2025-11-20T22:36:46.187503Z,15.00,0.0300,0.9700,yes
344061ab-d105-5dac-e368-b40bc9108ba5,KXNCAAF-26-OKL,2025-11-20T19:52:26.664697Z,62.00,0.0300,0.9700,yes
a4632db5-b11d-6ed8-6197-19b58e881251,KXNCAAF-26-OKL,2025-11-20T12:29:57.025573Z,1000.00,0.0300,0.9700,yes
462f5f0b-5525-5310-c502-076b340d998d,KXNCAAF-26-OKL,2025-11-20T06:37:22.709585Z,31.00,0.0300,0.9700,yes
ba68ed92-f299-6b60-d32e-aafff2d61ea5,KXNCAAF-26-OKL,2025-11-20T05:13:45.576265Z,62.00,0.0300,0.9700,yes
9ee0cca4-a776-62a7-e45e-b2ecb105daaa,KXNCAAF-26-OKL,2025-11-20T05:13:45.576265Z,250.00,0.0300,0.9700,yes
b625f31b-22a2-7b93-8d08-ec35323a054e,KXNCAAF-26-OKL,2025-11-20T04:54:14.888031Z,624.00,0.0300,0.9700,yes
4da8098a-815a-511b-cfae-48a3ab047742,KXNCAAF-26-OKL,2025-11-20T04:34:23.619233Z,500.00,0.0300,0.9700,yes
42b8fba7-fd7a-7d07-7e82-4df4a156b7aa,KXNCAAF-26-OKL,2025-11-20T04:15:42.979596Z,100.00,0.0300,0.9700,yes
d4d5cd58-b2a2-61b7-e69f-308c2af842c6,KXNCAAF-26-OKL,2025-11-20T03:15:31.333625Z,169.00,0.0300,0.9700,yes
570fea48-ee2e-74f3-7bc9-97569872d566,KXNCAAF-26-OKL,2025-11-20T01:08:57.182732Z,312.00,0.0300,0.9700,yes
829c09f2-6a02-74ff-93c1-dc3359ec88aa,KXNCAAF-26-OKL,2025-11-20T00:03:48.121918Z,100.00,0.0300,0.9700,yes
c9b326d3-4a7a-6c6b-a516-89c2ca18501e,KXNCAAF-26-OKL,2025-11-20T00:01:58.576646Z,500.00,0.0300,0.9700,yes
1806f647-fffe-4b9b-71c6-39405ac6d7ca,KXNCAAF-26-OKL,2025-11-19T23:39:37.267261Z,62.00,0.0300,0.9700,yes
e4edcffb-3af2-7653-4f49-05ce80bbcfc2,KXNCAAF-26-OKL,2025-11-19T22:51:22.509538Z,1383.00,0.0300,0.9700,yes
c9246df5-a902-7302-590f-b89b38920d46,KXNCAAF-26-OKL,2025-11-19T22:51:22.509538Z,177.00,0.0300,0.9700,yes
bd9c0139-e0a6-661a-65ca-1cb220893eea,KXNCAAF-26-OKL,2025-11-19T20:53:33.201173Z,156.00,0.0300,0.9700,yes
f9f2b93d-c016-7c0e-8f89-6f359eb8a43a,KXNCAAF-26-OKL,2025-11-19T18:13:13.559075Z,3121.00,0.0300,0.9700,yes
8cf4b9b3-bb26-4b76-3976-e9b857f5c28a,KXNCAAF-26-OKL,2025-11-19T17:52:17.197534Z,530.00,0.0300,0.9700,yes
91b00e78-531a-4ac6-2af8-380fde7ff04a,KXNCAAF-26-OKL,2025-11-19T17:45:47.55058Z,195.00,0.0300,0.9700,yes
62dfa4f4-033a-7c5e-aaf3-0a9a2feb2b36,KXNCAAF-26-OKL,2025-11-19T17:45:32.035463Z,17.00,0.0300,0.9700,yes
9280b390-7732-6f2e-d804-70a7653cae3e,KXNCAAF-26-OKL,2025-11-19T17:13:25.247607Z,515.00,0.0300,0.9700,yes
85ba25d4-a8ae-70d6-e58e-a64391b98c0a,KXNCAAF-26-OKL,2025-11-19T15:47:15.883572Z,1100.00,0.0300,0.9700,yes
34d6c7f7-344a-6ac6-4313-c43bd5b472aa,KXNCAAF-26-OKL,2025-11-19T15:13:36.485666Z,400.00,0.0300,0.9700,yes
7d828933-81c6-44c2-d0e1-f4be687fa636,KXNCAAF-26-OKL,2025-11-19T14:19:55.089645Z,200.00,0.0300,0.9700,yes
989a8b15-6a76-5642-5a6c-93142f8dd076,KXNCAAF-26-OKL,2025-11-19T11:40:24.475533Z,31.00,0.0300,0.9700,yes
f1e8c9df-d82a-603e-e20f-5687958d9ec6,KXNCAAF-26-OKL,2025-11-19T10:11:26.379378Z,135.00,0.0300,0.9700,yes
b66b6a2c-0eda-567a-0449-503176c4cfa6,KXNCAAF-26-OKL,2025-11-19T09:41:13.033484Z,3000.00,0.0300,0.9700,yes
25530c61-755e-668e-76af-09cf4e9e9eee,KXNCAAF-26-OKL,2025-11-19T08:34:28.530421Z,5.00,0.0300,0.9700,yes
460e0139-a3fa-4482-e6c1-2a9ea705af62,KXNCAAF-26-OKL,2025-11-19T08:20:54.414664Z,124.00,0.0300,0.9700,yes
48e98373-c1f6-6342-b67b-2acbeb7c5a9e,KXNCAAF-26-OKL,2025-11-19T06:14:54.60009Z,156.00,0.0300,0.9700,yes
ef644d0b-6442-5532-fcbc-2a64897dbf2e,KXNCAAF-26-OKL,2025-11-19T04:26:59.15705Z,138.00,0.0300,0.9700,yes
6fb09d48-ed24-5670-c2fd-f34f26dac1d3,KXNCAAF-26-OKL,2025-11-19T04:26:59.15705Z,84.00,0.0300,0.9700,yes
fa5e4a56-a078-6904-a694-e30092880717,KXNCAAF-26-OKL,2025-11-19T03:32:02.685486Z,156.00,0.0300,0.9700,yes
d5362935-b74c-5c08-2a48-a2d20ef58bd7,KXNCAAF-26-OKL,2025-11-19T03:11:31.65312Z,24.00,0.0300,0.9700,yes
ee464906-18d0-5b4c-0283-ed84bd08a727,KXNCAAF-26-OKL,2025-11-19T02:38:47.914259Z,156.00,0.0300,0.9700,yes
0488c639-eee4-65a0-d9ab-c45fccc7ed43,KXNCAAF-26-OKL,2025-11-19T02:38:45.483391Z,156.00,0.0300,0.9700,yes
ea12b592-1f5c-621c-2e63-84ff4e3ad0f3,KXNCAAF-26-OKL,2025-11-19T02:35:31.854457Z,222.00,0.0300,0.9700,yes
18f7defc-e0d0-7764-60bb-b4a32777bb57,KXNCAAF-26-OKL,2025-11-19T01:49:15.399093Z,500.00,0.0300,0.9700,yes
cd54fb3f-4984-6c93-7f40-53d7ddaf59c5,KXNCAAF-26-OKL,2025-11-19T01:34:09.666413Z,117.00,0.0200,0.9800,no
d96d979c-945c-5890-6a11-dad39f8687db,KXNCAAF-26-OKL,2025-11-19T00:46:00.328839Z,100.00,0.0300,0.9700,yes
0c1e0a77-37c0-66b8-b7a6-cc0dad4e1f7b,KXNCAAF-26-OKL,2025-11-19T00:22:45.21551Z,5000.00,0.0300,0.9700,yes
50f4cd25-12b8-7530-6530-9cc892c9e49f,KXNCAAF-26-OKL,2025-11-18T22:57:54.666511Z,100.00,0.0300,0.9700,yes
c7e29c7f-c02c-47f8-f6d9-c4c4256aa033,KXNCAAF-26-OKL,2025-11-18T18:45:45.409205Z,1092.00,0.0300,0.9700,yes
d8433c13-8bf0-4388-27f1-0aa32ed7c5ab,KXNCAAF-26-OKL,2025-11-18T16:08:38.732834Z,300.00,0.0300,0.9700,yes
4a77a020-b6b0-58cc-bdbe-12815e3845d3,KXNCAAF-26-OKL,2025-11-18T13:47:09.448671Z,62.00,0.0300,0.9700,yes
b5e61717-59d0-6d10-1a8c-517289cb58db,KXNCAAF-26-OKL,2025-11-18T08:23:02.303519Z,100.00,0.0300,0.9700,yes
4658b266-72e4-5a60-086b-f46ebb4694d7,KXNCAAF-26-OKL,2025-11-18T06:00:54.095514Z,22.00,0.0300,0.9700,yes
691910b4-21b4-69a8-7715-b372d79b5b57,KXNCAAF-26-OKL,2025-11-18T05:54:40.642129Z,343.00,0.0300,0.9700,yes
97b24d78-6240-54bc-0e64-b7cfac88c1b7,KXNCAAF-26-OKL,2025-11-18T05:50:06.999339Z,444.00,0.0300,0.9700,yes
d059b3fe-a278-5074-9115-e18758996c93,KXNCAAF-26-OKL,2025-11-18T04:56:27.839744Z,577.00,0.0300,0.9700,yes
dbfb847e-c4d8-51a7-8095-8c44c6bd8b6e,KXNCAAF-26-OKL,2025-11-18T04:22:03.70221Z,33.00,0.0300,0.9700,no
9b3c76a4-e424-52e2-9232-ad3e337d551f,KXNCAAF-26-OKL,2025-11-18T04:22:03.70221Z,529.00,0.0300,0.9700,no
03223798-5c74-53d4-46fa-c4b3442f462f,KXNCAAF-26-OKL,2025-11-18T04:20:56.82466Z,67.00,0.0400,0.9600,yes
17e13e58-72bc-4240-bc40-1233198104db,KXNCAAF-26-OKL,2025-11-18T04:17:37.395736Z,1147.00,0.0400,0.9600,yes
8389dea5-d660-4dee-127e-5dfb7994ff07,KXNCAAF-26-OKL,2025-11-18T03:51:23.259514Z,188.00,0.0300,0.9700,no
519060df-5de8-6e14-cf53-bb6630719be3,KXNCAAF-26-OKL,2025-11-18T03:48:54.052486Z,6536.00,0.0400,0.9600,yes
4febf556-3ca6-6aa4-f4d6-f5cdc3c6e5ba,KXNCAAF-26-OKL,2025-11-18T03:48:54.052486Z,23461.00,0.0400,0.9600,yes
168a6cbb-6c6b-63f3-cda6-b580cd19db18,KXNCAAF-26-OKL,2025-11-18T03:48:54.052486Z,3.00,0.0400,0.9600,yes
78d58466-6c03-5b77-0175-70934a98aec8,KXNCAAF-26-OKL,2025-11-18T03:48:26.271994Z,10000.00,0.0400,0.9600,yes
f321b787-e415-5bef-4980-7843f901cf24,KXNCAAF-26-OKL,2025-11-18T03:48:11.09353Z,5003.00,0.0400,0.9600,yes
157c29bf-b7a7-502b-527c-4612491261a8,KXNCAAF-26-OKL,2025-11-18T03:48:11.09353Z,4997.00,0.0400,0.9600,yes
532bd451-8a25-70e3-bbf9-f2c69ec3993c,KXNCAAF-26-OKL,2025-11-18T02:19:55.736314Z,1200.00,0.0400,0.9600,yes
fd05aeb5-d5ed-425b-404c-034a6c05c5e0,KXNCAAF-26-OKL,2025-11-18T00:39:34.487525Z,11.00,0.0400,0.9600,yes
a74eb325-5a3d-6243-e649-7d0c15b989c0,KXNCAAF-26-OKL,2025-11-18T00:37:27.6539Z,100.00,0.0400,0.9600,yes
48f648ee-815d-4093-a335-d6ab06b75e5c,KXNCAAF-26-OKL,2025-11-17T23:50:21.91963Z,93.00,0.0400,0.9600,yes
bf955e76-1fe1-7d67-bd48-4793048aa088,KXNCAAF-26-OKL,2025-11-17T21:49:21.582399Z,50.00,0.0400,0.9600,yes
30aa6cfd-2cc5-7b17-95bc-cb7387f00100,KXNCAAF-26-OKL,2025-11-17T20:19:18.121751Z,234.00,0.0400,0.9600,yes
d66ff8e8-8f24-5c8b-5940-3ec9fe279328,KXNCAAF-26-OKL,2025-11-17T19:25:57.235367Z,68.00,0.0300,0.9700,no
96c0bf37-0bcc-5116-480e-cf8502527d0f,KXNCAAF-26-OKL,2025-11-17T19:25:57.235367Z,283.00,0.0300,0.9700,no
12231ea7-ca39-516c-77d5-c7372537156d,KXNCAAF-26-OKL,2025-11-17T19:25:57.235367Z,999.00,0.0300,0.9700,no
43a8250a-27ed-64af-d73f-d6ccc416a1b0,KXNCAAF-26-OKL,2025-11-17T16:39:48.998986Z,117.00,0.0400,0.9600,yes
2cbaf763-50f5-5767-dae4-2f9fd2fb34d8,KXNCAAF-26-OKL,2025-11-17T14:46:39.04587Z,2000.00,0.0400,0.9600,yes
bb6b705d-28c5-54bb-ff41-16a0aa290988,KXNCAAF-26-OKL,2025-11-17T14:45:48.167302Z,100.00,0.0400,0.9600,yes
68651926-37bd-60a3-c2bc-c546a040dcd4,KXNCAAF-26-OKL,2025-11-17T08:18:22.378565Z,70.00,0.0400,0.9600,yes
1bb0b35f-acf5-5bff-9bad-abf4c9b9c320,KXNCAAF-26-OKL,2025-11-17T07:56:27.223475Z,1.00,0.0400,0.9600,yes
ec4940bf-8f99-6563-0f2f-cdb922a253b0,KXNCAAF-26-OKL,2025-11-17T07:26:59.36319Z,50.00,0.0400,0.9600,yes
89a72154-4829-49eb-9512-0d8ccadaf9a4,KXNCAAF-26-OKL,2025-11-17T05:23:18.942815Z,351.00,0.0400,0.9600,yes
cad363fd-e565-618f-c0e5-b3dd8de075bc,KXNCAAF-26-OKL,2025-11-17T03:55:18.826246Z,150.00,0.0400,0.9600,yes
58f5bf5a-6d51-67bb-7c87-be5500e91224,KXNCAAF-26-OKL,2025-11-17T03:27:10.565839Z,83.00,0.0400,0.9600,yes
2e624534-21e5-59d7-40b9-052f52df802c,KXNCAAF-26-OKL,2025-11-17T02:10:59.368375Z,250.00,0.0400,0.9600,yes
4f5b2706-2ea1-64a0-27a7-014f7434c041,KXNCAAF-26-OKL,2025-11-17T01:45:16.965647Z,1.00,0.0300,0.9700,no
24ac9eb3-cad2-6db1-3acf-00908a1918c0,KXNCAAF-26-OKL,2025-11-17T01:45:16.965647Z,41.00,0.0300,0.9700,no
6f4665fd-85d1-6133-10e0-cb3a1f20b604,KXNCAAF-26-OKL,2025-11-17T00:57:12.009854Z,117.00,0.0400,0.9600,yes
8bac81da-64b9-7bcb-32ff-df5fe0e276c8,KXNCAAF-26-OKL,2025-11-16T20:55:13.152959Z,459.00,0.0400,0.9600,yes
78f60876-cc65-404b-d706-e74124d66040,KXNCAAF-26-OKL,2025-11-16T20:06:10.409874Z,702.00,0.0400,0.9600,yes
fc527c97-a94d-5293-1a48-7a88374fcf24,KXNCAAF-26-OKL,2025-11-16T19:11:19.066323Z,117.00,0.0400,0.9600,yes
ba65e70f-8d61-7f0f-1512-16ae1de65af0,KXNCAAF-26-OKL,2025-11-16T18:55:55.474631Z,11.00,0.0400,0.9600,yes
8fe2820d-1c85-416f-fec6-27999f8633c8,KXNCAAF-26-OKL,2025-11-16T18:48:09.67262Z,60.00,0.0400,0.9600,yes
4193644c-67d9-6cf3-30a9-4ce67237c6fc,KXNCAAF-26-OKL,2025-11-16T18:15:47.544099Z,100.00,0.0400,0.9600,yes
45dcbf94-95a9-7397-2644-b6fd8b1a76b8,KXNCAAF-26-OKL,2025-11-16T15:55:53.108385Z,10.00,0.0400,0.9600,yes
13313781-418d-43f7-ebee-c0eea156a558,KXNCAAF-26-OKL,2025-11-16T15:47:14.608018Z,351.00,0.0400,0.9600,yes
5d79eeed-a4fd-52ab-fca6-9ac21726f700,KXNCAAF-26-OKL,2025-11-16T15:03:05.578161Z,585.00,0.0400,0.9600,yes
bb1884f0-d8b1-4e13-0a04-3fe93b028c38,KXNCAAF-26-OKL,2025-11-16T14:13:10.603122Z,100.00,0.0400,0.9600,yes
b3675fa1-8fc1-77e3-e80e-c0041f75a358,KXNCAAF-26-OKL,2025-11-16T12:14:52.503483Z,468.00,0.0400,0.9600,yes
6f79f132-b019-434b-41d9-60b77246ede8,KXNCAAF-26-OKL,2025-11-16T08:35:42.438656Z,33.00,0.0400,0.9600,yes
cf234291-41e1-5847-3075-94da9c0eca90,KXNCAAF-26-OKL,2025-11-16T07:08:59.99029Z,234.00,0.0400,0.9600,yes
47bbc774-1995-52af-fe2c-5895f0f37814,KXNCAAF-26-OKL,2025-11-16T06:04:19.547032Z,12.00,0.0400,0.9600,yes
ca77ea78-1f79-60db-dcd1-711e8dd1910c,KXNCAAF-26-OKL,2025-11-16T05:53:54.325056Z,5000.00,0.0400,0.9600,yes
2365384d-bb99-6a4f-87a1-649b603c49a8,KXNCAAF-26-OKL,2025-11-16T05:45:51.413041Z,100.00,0.0400,0.9600,yes
55cfcabe-e131-4fe7-f6ab-e0f98e5828b0,KXNCAAF-26-OKL,2025-11-16T05:08:11.31398Z,1000.00,0.0400,0.9600,yes
808bf6d8-1b36-463d-f65d-ccfe5ab79374,KXNCAAF-26-OKL,2025-11-16T03:35:56.828463Z,59.00,0.0300,0.9700,no
ef72cf35-ff51-47b3-6e17-65090e1ef4f4,KXNCAAF-26-OKL,2025-11-16T02:42:23.627535Z,5000.00,0.0400,0.9600,yes
09aad5d9-5769-65a7-4404-478a9a2233a0,KXNCAAF-26-OKL,2025-11-16T02:31:20.29446Z,117.00,0.0400,0.9600,yes
de21da40-a611-64ef-cbd7-6d9e2af25530,KXNCAAF-26-OKL,2025-11-16T02:02:20.194366Z,46.00,0.0400,0.9600,yes
bc7997eb-14a9-461b-259f-4f56f402960c,KXNCAAF-26-OKL,2025-11-16T01:10:31.547173Z,421.00,0.0400,0.9600,yes
40847341-9b4e-43e9-5994-9691adb19a98,KXNCAAF-26-OKL,2025-11-16T01:05:32.110798Z,300.00,0.0200,0.9800,no
0f9b9d37-09df-4f2b-47e6-d3f28f4d6eb2,KXNCAAF-26-OKL,2025-11-16T01:05:32.110798Z,12.00,0.0200,0.9800,no
9d45ec37-6545-48e7-2f7b-59519b5d59a4,KXNCAAF-26-OKL,2025-11-16T01:02:22.511075Z,40.00,0.0400,0.9600,yes
c7683874-8019-52f3-deab-fec1723558c0,KXNCAAF-26-OKL,2025-11-16T01:02:04.809626Z,50.00,0.0400,0.9600,yes
c32c69e3-8829-42a1-44e3-351663f37842,KXNCAAF-26-OKL,2025-11-16T01:00:28.882075Z,296.00,0.0400,0.9600,yes
a3869bf8-5b39-44ab-60ea-9d013acae1e8,KXNCAAF-26-OKL,2025-11-16T01:00:28.882075Z,4.00,0.0400,0.9600,yes
ad7dd286-d37d-5939-298e-bb6c72075762,KXNCAAF-26-OKL,2025-11-16T01:00:05.066908Z,30.00,0.0400,0.9600,yes
f00a55cc-2189-6ed9-765e-6d391d523972,KXNCAAF-26-OKL,2025-11-16T00:59:12.41635Z,10.00,0.0400,0.9600,yes
3ac7d16f-36c2-69ce-6e34-670392b52eed,KXNCAAF-26-OKL,2025-11-16T00:59:12.41635Z,190.00,0.0400,0.9600,yes
8e32e1ad-ee2a-734e-5db8-2ac65d408911,KXNCAAF-26-OKL,2025-11-16T00:52:24.734227Z,1000.00,0.0400,0.9600,yes
8711273e-4d72-532a-d6bd-a08fe182313d,KXNCAAF-26-OKL,2025-11-16T00:43:45.323759Z,76.00,0.0400,0.9600,yes
0b80b984-1e4e-4f9e-2b46-ce032f62c44d,KXNCAAF-26-OKL,2025-11-16T00:33:14.36693Z,585.00,0.0400,0.9600,yes
04ffa4dc-ada2-55b2-47ea-ddc9b0c5b8b1,KXNCAAF-26-OKL,2025-11-16T00:24:15.975886Z,500.00,0.0400,0.9600,yes
c4baa911-7ba2-5c9e-a2c1-f05198559799,KXNCAAF-26-OKL,2025-11-16T00:16:57.95579Z,450.00,0.0400,0.9600,yes
2110802f-4d2e-49dc-fae6-3ab213ab0c66,KXNCAAF-26-OKL,2025-11-16T00:06:48.627936Z,190.00,0.0300,0.9700,yes
979a19c5-b96e-6a98-1a8e-310569bce126,KXNCAAF-26-OKL,2025-11-16T00:05:03.218046Z,9.00,0.0300,0.9700,yes
291794b6-c18e-5e24-b4e2-4579f3dd2826,KXNCAAF-26-OKL,2025-11-16T00:01:53.51639Z,40.00,0.0300,0.9700,yes
c5f95e2c-f2ee-5164-adaf-741b6f351e4a,KXNCAAF-26-OKL,2025-11-15T23:59:42.748107Z,300.00,0.0300,0.9700,yes
cea26383-d155-5f17-8fbd-c74715096774,KXNCAAF-26-OKL,2025-11-15T23:58:22.084833Z,156.00,0.0300,0.9700,yes
eb2c3072-3f69-7f63-fa07-a8409592df84,KXNCAAF-26-OKL,2025-11-15T22:55:38.309152Z,294.00,0.0300,0.9700,yes
ab20b27c-59c9-7db4-fbe6-dcb4d50cbf80,KXNCAAF-26-OKL,2025-11-15T22:55:38.309152Z,18.00,0.0300,0.9700,yes
ad0fe424-e372-406b-4a90-3ec79176856b,KXNCAAF-26-OKL,2025-11-15T22:46:37.199049Z,1959.00,0.0200,0.9800,yes
42a8aaac-7a9c-42e2-5615-e739a99e2d66,KXNCAAF-26-OKL,2025-11-15T22:46:37.199049Z,1.00,0.0200,0.9800,yes
024186e7-c0e2-4f8c-6aab-6458a4244779,KXNCAAF-26-OKL,2025-11-15T22:46:37.199049Z,100.00,0.0200,0.9800,yes
6621d496-fdda-6347-9fac-540ff16426a7,KXNCAAF-26-OKL,2025-11-15T22:46:16.640302Z,500.00,0.0200,0.9800,yes
a12311cb-4dde-75cf-7b78-c111d1f8ab97,KXNCAAF-26-OKL,2025-11-15T22:35:26.755822Z,46.00,0.0200,0.9800,yes
c66f9a44-49d2-61c3-0947-c8e677a0af5f,KXNCAAF-26-OKL,2025-11-15T22:11:45.36894Z,467.00,0.0200,0.9800,yes
a67e4d91-47f2-7de3-49af-4dd641248abf,KXNCAAF-26-OKL,2025-11-15T21:47:26.081202Z,467.00,0.0200,0.9800,yes
bef877d2-c0ea-54ab-0c3e-721321073e8b,KXNCAAF-26-OKL,2025-11-15T21:21:24.475229Z,1523.00,0.0200,0.9800,yes
bf15e601-b032-6ca3-295c-d324c7940d87,KXNCAAF-26-OKL,2025-11-15T21:19:33.592024Z,38.00,0.0200,0.9800,yes
6cfdd0f0-96ff-6681-148a-d26c7d6eb5bc,KXNCAAF-26-OKL,2025-11-15T21:19:33.592024Z,962.00,0.0200,0.9800,yes
b0bf02ad-824b-55d1-6d8e-10291c886668,KXNCAAF-26-OKL,2025-11-15T21:17:53.427597Z,2000.00,0.0200,0.9800,yes
e7593222-902e-6272-402c-34438faf68ee,KXNCAAF-26-OKL,2025-11-15T21:15:56.172907Z,14.00,0.0100,0.9900,no
36cffaf5-b45b-7921-b034-3f165047a418,KXNCAAF-26-OKL,2025-11-15T21:02:30.326974Z,1938.00,0.0200,0.9800,yes
2f2be7f0-3971-4f7b-76b4-a1ec73f7c3ec,KXNCAAF-26-OKL,2025-11-15T20:54:00.537838Z,2500.00,0.0200,0.9800,yes
367aae22-8041-4e7b-86ca-586edbb32314,KXNCAAF-26-OKL,2025-11-15T20:38:49.910356Z,327.00,0.0200,0.9800,yes
448532fd-091a-67aa-2b81-130c2547b0d2,KXNCAAF-26-OKL,2025-11-15T20:38:06.272464Z,10.00,0.0100,0.9900,no
97bb2b4d-1cbd-62ff-254f-4637a9d68748,KXNCAAF-26-OKL,2025-11-15T20:34:35.914727Z,1390.00,0.0200,0.9800,yes
56155760-d9b7-6b86-0569-e8246330f159,KXNCAAF-26-OKL,2025-11-15T20:34:35.914727Z,7988.00,0.0200,0.9800,yes
315d7d7c-3b45-64f2-164b-ce48634a975c,KXNCAAF-26-OKL,2025-11-15T20:34:35.914727Z,100.00,0.0200,0.9800,yes
2b2b5f1e-58fb-47c6-be0a-eb62ce6d2efd,KXNCAAF-26-OKL,2025-11-15T20:31:47.068482Z,1169.00,0.0200,0.9800,yes
f2ce7723-f477-6c86-2fab-ede3d1d7d389,KXNCAAF-26-OKL,2025-11-15T19:13:09.529272Z,843.00,0.0200,0.9800,yes
95c12c99-8d93-641c-1df4-59755d1f6d9f,KXNCAAF-26-OKL,2025-11-15T19:13:09.529272Z,157.00,0.0200,0.9800,yes
04f69a9a-48e7-6240-042e-46a05686be5f,KXNCAAF-26-OKL,2025-11-15T18:59:58.624576Z,2776.00,0.0200,0.9800,yes
c697dd7d-4d17-74e0-a09f-9b00899d773f,KXNCAAF-26-OKL,2025-11-15T18:16:23.635185Z,250.00,0.0200,0.9800,yes
1b596ce9-761f-79d0-f4cf-00b9c713c673,KXNCAAF-26-OKL,2025-11-14T21:22:38.214422Z,396.00,0.0200,0.9800,yes
44fdd977-eb13-511c-898b-c83964d11d13,KXNCAAF-26-OKL,2025-11-14T19:20:35.323173Z,100.00,0.0200,0.9800,yes
6565777c-fd5f-7f28-8baa-895495dd83f7,KXNCAAF-26-OKL,2025-11-14T19:17:29.957821Z,2271.00,0.0200,0.9800,yes
4cb45671-9e97-4108-26bf-edc388f60c47,KXNCAAF-26-OKL,2025-11-14T19:00:55.120662Z,1551.00,0.0200,0.9800,yes
06cb1a2e-4055-4ba6-d6eb-0b4eed980300,KXNCAAF-26-OKL,2025-11-14T17:43:15.591479Z,467.00,0.0100,0.9900,no
aadcc80b-022f-79ac-3ca3-1427572d7bdf,KXNCAAF-26-OKL,2025-11-14T12:52:51.572948Z,2339.00,0.0200,0.9800,yes
c3c8bdb5-7aa3-7c44-3ded-a42778d3f01b,KXNCAAF-26-OKL,2025-11-14T07:38:24.192795Z,160.00,0.0200,0.9800,yes
a2d9b268-3200-7de7-3d1f-73a759b2f035,KXNCAAF-26-OKL,2025-11-14T07:38:24.192795Z,839.00,0.0200,0.9800,yes
776e06e3-d15b-7e93-1efa-d9ccfc95fb77,KXNCAAF-26-OKL,2025-11-14T07:38:24.192795Z,1.00,0.0200,0.9800,yes
5b9c14a7-c41e-72d3-1e27-8c82fdc26f34,KXNCAAF-26-OKL,2025-11-14T07:38:24.192795Z,4000.00,0.0200,0.9800,yes
4983cf09-fdf0-679b-d43b-c218605419e9,KXNCAAF-26-OKL,2025-11-14T05:00:26.885378Z,187.00,0.0200,0.9800,yes
49cb5a17-8fe5-5d56-a9ec-5d0541550840,KXNCAAF-26-OKL,2025-11-14T03:04:22.383519Z,2018.00,0.0100,0.9900,no
9322d606-17d8-4b6f-e0ae-da1a593b2edd,KXNCAAF-26-OKL,2025-11-13T12:58:51.858745Z,5.00,0.0200,0.9800,yes
a14f03a5-bd84-5fc3-46ed-378497962aa9,KXNCAAF-26-OKL,2025-11-13T04:12:18.795096Z,25.00,0.0200,0.9800,yes
c43dc365-9d0c-7b5f-5aea-c86419a34db5,KXNCAAF-26-OKL,2025-11-13T00:23:02.732049Z,500.00,0.0200,0.9800,yes
73441575-3450-5843-9543-d8dac4887c7d,KXNCAAF-26-OKL,2025-11-12T20:47:51.958156Z,5.00,0.0200,0.9800,yes
4f035a6b-2304-4bef-5f97-6c17df9e55bd,KXNCAAF-26-OKL,2025-11-12T20:10:18.308007Z,20.00,0.0200,0.9800,yes
60934eed-4d64-6263-2964-08629862ead9,KXNCAAF-26-OKL,2025-11-12T16:42:29.129747Z,1.00,0.0200,0.9800,yes
6bb0247d-fd91-5e86-2348-d9a1b987ed4c,KXNCAAF-26-OKL,2025-11-12T14:56:12.476095Z,250.00,0.0100,0.9900,no
770aa453-3c4c-6277-6377-916121056879,KXNCAAF-26-OKL,2025-11-11T21:32:27.827485Z,25.00,0.0200,0.9800,yes
3441cc4e-b320-770b-6314-a9d4a720f885,KXNCAAF-26-OKL,2025-11-11T20:54:40.880876Z,105.00,0.0200,0.9800,yes
f90db4cf-9bac-603f-5d5b-86060dc3f889,KXNCAAF-26-OKL,2025-11-11T05:57:50.298865Z,25.00,0.0200,0.9800,yes
10d56bca-752c-49f3-a4a2-a57c2592968d,KXNCAAF-26-OKL,2025-11-11T04:33:48.852162Z,25.00,0.0200,0.9800,yes
e742d3d6-7724-4663-0416-59d4b3d2e491,KXNCAAF-26-OKL,2025-11-10T23:40:14.316015Z,467.00,0.0200,0.9800,yes
cbabd7f1-094c-65e3-166c-455136deee89,KXNCAAF-26-OKL,2025-11-10T22:29:20.206687Z,11.00,0.0200,0.9800,yes
a5465771-5b44-567f-b73e-63d67fd02af1,KXNCAAF-26-OKL,2025-11-10T17:07:08.506404Z,467.00,0.0200,0.9800,yes
a46127e2-3a89-5008-b7a4-28cef1935457,KXNCAAF-26-OKL,2025-11-10T15:37:45.797256Z,3032.00,0.0200,0.9800,yes
6a23af89-95c1-5289-a597-5f9d4f29630e,KXNCAAF-26-OKL,2025-11-10T15:37:45.797256Z,1675.00,0.0200,0.9800,yes
5148b99f-dc18-5790-b32d-e01050d604fd,KXNCAAF-26-OKL,2025-11-10T15:37:45.797256Z,3000.00,0.0200,0.9800,yes
37fb26bc-ee88-54e3-8e25-89ee3ea8da29,KXNCAAF-26-OKL,2025-11-10T15:37:45.797256Z,12293.00,0.0200,0.9800,yes
807bb42f-66f1-6e5d-9461-ca5e71cad292,KXNCAAF-26-OKL,2025-11-10T13:38:00.497017Z,1169.00,0.0200,0.9800,yes
56896106-6531-4382-a830-43bb915b6f54,KXNCAAF-26-OKL,2025-11-10T08:05:44.741446Z,201.00,0.0100,0.9900,no
b1c7e9cc-5931-6d76-be87-579ea59be248,KXNCAAF-26-OKL,2025-11-10T08:04:10.355717Z,201.00,0.0100,0.9900,no
53ce94b7-d0b5-6b55-86e2-dd7e213ba67e,KXNCAAF-26-OKL,2025-11-10T01:44:12.494504Z,140.00,0.0200,0.9800,yes
270d1cbf-be05-46bd-604a-12c55365e036,KXNCAAF-26-OKL,2025-11-10T01:02:45.377331Z,16.00,0.0200,0.9800,yes
1b4c8aa0-47a1-43e1-7512-77eba8bff7be,KXNCAAF-26-OKL,2025-11-10T01:02:45.377331Z,217.00,0.0200,0.9800,yes
b7f61d71-f20d-6449-e0a3-364b68d9aa96,KXNCAAF-26-OKL,2025-11-09T23:13:12.977996Z,46.00,0.0200,0.9800,yes
4baaac4d-4d2d-44d5-5869-967762795fd6,KXNCAAF-26-OKL,2025-11-09T15:17:54.508485Z,4.00,0.0200,0.9800,yes
6c3ef333-cce9-4c45-1b4c-9181718c8826,KXNCAAF-26-OKL,2025-11-09T05:33:35.382223Z,233.00,0.0200,0.9800,yes
8bcc14ed-5331-4836-f6a2-74a89f56cd08,KXNCAAF-26-OKL,2025-11-08T23:08:14.17007Z,7.00,0.0100,0.9900,no
e2b55574-0e81-6c46-07f1-288c2a7689b0,KXNCAAF-26-OKL,2025-11-08T23:06:55.617175Z,51.00,0.0100,0.9900,no
37c9eb61-da55-413e-9951-0a1d36fdc3ac,KXNCAAF-26-OKL,2025-11-08T23:02:57.806753Z,432.00,0.0100,0.9900,no
851f9662-8721-468a-6d02-78bb61f16fe4,KXNCAAF-26-OKL,2025-11-08T23:02:13.838259Z,7.00,0.0100,0.9900,no
cd4fa21e-9615-7f7e-338d-2d6b2e6b94ec,KXNCAAF-26-OKL,2025-11-08T23:02:09.611009Z,2.00,0.0100,0.9900,no
1b474778-bca1-591e-05b2-f833db9b7e54,KXNCAAF-26-OKL,2025-11-08T21:28:51.5858Z,15.00,0.0100,0.9900,no
b4752b09-b8d5-7cde-d938-95691e450f28,KXNCAAF-26-OKL,2025-11-08T21:27:36.716072Z,197.00,0.0100,0.9900,no
502966c0-00d1-617e-8150-6cacba9c47a4,KXNCAAF-26-OKL,2025-11-08T21:18:34.953814Z,400.00,0.0100,0.9900,no
c7653684-5731-5326-d2eb-50cb90a5d020,KXNCAAF-26-OKL,2025-11-08T21:16:19.478939Z,414.00,0.0100,0.9900,no
fc79d0d2-1639-7c3a-a51f-6b7bee8a6aa8,KXNCAAF-26-OKL,2025-11-08T21:15:29.334511Z,100.00,0.0100,0.9900,no
bf63d046-805d-7eca-261a-c2d9a1c98ac4,KXNCAAF-26-OKL,2025-11-08T21:08:40.803842Z,392.00,0.0100,0.9900,no
1f225bc3-190d-7b42-aff8-e39c8ee3e118,KXNCAAF-26-OKL,2025-11-08T21:01:29.637975Z,9.00,0.0100,0.9900,no
7b0e1e40-053d-407e-8ec5-1c99f5911b38,KXNCAAF-26-OKL,2025-11-08T21:00:31.585957Z,84.00,0.0100,0.9900,no
f132c38b-3a49-526a-8db1-974a4216af90,KXNCAAF-26-OKL,2025-11-08T20:51:43.032344Z,72.00,0.0100,0.9900,no
4e6947b1-6261-7606-f6d9-4a512f629cec,KXNCAAF-26-OKL,2025-11-08T20:43:38.870446Z,32.00,0.0100,0.9900,no
677ac9e3-176d-463e-10ce-52de7e781620,KXNCAAF-26-OKL,2025-11-08T20:38:21.94171Z,260.00,0.0100,0.9900,no
02f8ed54-e66d-7e0a-3273-dff57ea06c1c,KXNCAAF-26-OKL,2025-11-08T20:37:33.272018Z,10.00,0.0100,0.9900,no
24d39ede-8271-53d6-88b6-0c0d0e61dcd0,KXNCAAF-26-OKL,2025-11-08T20:36:14.035016Z,36.00,0.0100,0.9900,no
8f60b457-dee1-41de-50cb-5278af9caa7c,KXNCAAF-26-OKL,2025-11-08T20:32:27.123584Z,5.00,0.0100,0.9900,no
e1a6089a-4929-50ee-20e3-28ba0dae92f0,KXNCAAF-26-OKL,2025-11-08T20:30:24.875801Z,50.00,0.0100,0.9900,no
eec94026-2ffd-60c6-4463-ce1eb515e198,KXNCAAF-26-OKL,2025-11-08T20:30:07.284361Z,1.00,0.0100,0.9900,no
06693408-1251-6892-b906-822e6e842fc4,KXNCAAF-26-OKL,2025-11-08T20:29:37.581011Z,27.00,0.0100,0.9900,no
bcea43da-32e5-7cfd-220f-fe918249ead7,KXNCAAF-26-OKL,2025-11-07T19:23:06.686081Z,403.00,0.0200,0.9800,yes
2664570d-bc51-5f12-9bf4-5fb245302570,KXNCAAF-26-OKL,2025-11-07T19:22:41.544616Z,403.00,0.0100,0.9900,no
acd146ed-8211-4309-1752-94ad60ddbf6f,KXNCAAF-26-OKL,2025-11-07T17:21:39.949299Z,233.00,0.0200,0.9800,yes
61fbf429-eafd-72ed-448c-10064ca31f9b,KXNCAAF-26-OKL,2025-11-07T15:13:45.137773Z,500.00,0.0200,0.9800,yes
f9f81732-6ce1-71b1-e24a-d3b26527fac3,KXNCAAF-26-OKL,2025-11-07T05:21:21.829199Z,50.00,0.0200,0.9800,yes
d720e402-fd2d-45b5-dfff-3f35d3ddea9b,KXNCAAF-26-OKL,2025-11-06T04:12:13.538496Z,46.00,0.0200,0.9800,yes
bedde39d-0a19-628d-b9e5-f7939a1771cb,KXNCAAF-26-OKL,2025-11-05T21:30:17.597241Z,3.00,0.0200,0.9800,yes
705e34e2-c975-7539-ebce-9cc1f9106f7b,KXNCAAF-26-OKL,2025-11-05T14:53:14.146095Z,187.00,0.0200,0.9800,yes
a8b3a35a-39c1-66f1-7581-609db1a4c0ff,KXNCAAF-26-OKL,2025-11-05T13:03:21.793433Z,26.00,0.0200,0.9800,yes
323ddab4-6a29-634e-48cc-4c4105b955c0,KXNCAAF-26-OKL,2025-11-05T13:03:01.939714Z,26.00,0.0100,0.9900,no
542bc010-f465-7179-3bb5-47d5224da043,KXNCAAF-26-OKL,2025-11-05T05:33:54.001395Z,467.00,0.0200,0.9800,yes
d25617c6-dd89-741d-af37-d74ed9c93e3b,KXNCAAF-26-OKL,2025-11-05T01:28:21.578121Z,7.00,0.0200,0.9800,yes
599bac6f-c319-4ef9-3af3-7aa667a26e3b,KXNCAAF-26-OKL,2025-11-04T17:37:56.535271Z,46.00,0.0200,0.9800,yes
da89ff7e-d8b9-7c15-e3eb-3b33e1838f67,KXNCAAF-26-OKL,2025-11-04T03:12:01.528343Z,1169.00,0.0200,0.9800,yes
fc53cbfb-0cdd-609d-b0d3-bc797252ef5f,KXNCAAF-26-OKL,2025-11-03T23:03:30.6145Z,275.00,0.0200,0.9800,yes
d3e4b5f2-55b9-68f5-4e2a-c9b91584e07b,KXNCAAF-26-OKL,2025-11-03T22:16:53.392118Z,350.00,0.0200,0.9800,yes
f3f0dd6b-68dd-43ad-28eb-5c85aa22e1c0,KXNCAAF-26-OKL,2025-11-03T21:44:40.378022Z,2000.00,0.0200,0.9800,yes
ce201de7-260d-49e1-2046-98ea24af5e27,KXNCAAF-26-OKL,2025-11-03T21:44:40.378022Z,1431.00,0.0200,0.9800,yes
cc01fa08-72bb-4c86-3b21-dd0d5e0bb962,KXNCAAF-26-OKL,2025-11-03T21:44:40.378022Z,4000.00,0.0200,0.9800,yes
b68b80b9-3bf7-41ab-15ce-97ff02c6979d,KXNCAAF-26-OKL,2025-11-03T21:44:40.378022Z,25.00,0.0200,0.9800,yes
8e565f3f-0c19-4bf5-107e-14b9568b0c52,KXNCAAF-26-OKL,2025-11-03T21:44:40.378022Z,7444.00,0.0200,0.9800,yes
67589a74-e3b8-4da2-0971-630fdf4970a9,KXNCAAF-26-OKL,2025-11-03T21:44:40.378022Z,100.00,0.0200,0.9800,yes
e6fe1298-7811-7e79-c81a-51991234d7f6,KXNCAAF-26-OKL,2025-11-03T02:33:51.171791Z,140.00,0.0200,0.9800,yes
ec64290e-70f1-428a-7aa4-60acab1cacb8,KXNCAAF-26-OKL,2025-11-02T23:25:56.357358Z,2000.00,0.0100,0.9900,no
9f953a43-3107-4172-5bb7-bd3705b52c8f,KXNCAAF-26-OKL,2025-11-02T23:25:56.357358Z,1000.00,0.0100,0.9900,no
39e43e3a-a131-4601-f0f4-9d93d898f11e,KXNCAAF-26-OKL,2025-11-02T18:49:26.072631Z,1000.00,0.0200,0.9800,yes
d02103f7-07f1-7339-36b5-412e46a27cf2,KXNCAAF-26-OKL,2025-11-02T16:40:49.006206Z,20.00,0.0200,0.9800,yes
6d716e9b-4f0d-4d45-7b93-71938a587bbe,KXNCAAF-26-OKL,2025-11-02T16:40:29.361066Z,150.00,0.0200,0.9800,yes
b793d99a-4929-61fd-dfdf-63649f729e62,KXNCAAF-26-OKL,2025-11-02T14:30:47.62016Z,701.00,0.0200,0.9800,yes
ea013f90-18c1-7615-dca5-7acc955bd9ba,KXNCAAF-26-OKL,2025-11-02T14:26:11.127933Z,22.00,0.0200,0.9800,yes
7fb689f9-0fd7-7ec4-fc4b-44d0f77698c3,KXNCAAF-26-OKL,2025-11-02T14:26:11.127933Z,220.00,0.0100,0.9900,yes
43916136-0da9-75b9-d155-6554a713b3e6,KXNCAAF-26-OKL,2025-11-02T14:26:11.127933Z,545.00,0.0200,0.9800,yes
0955dc62-8f64-7d31-e2ca-cc2542080c36,KXNCAAF-26-OKL,2025-11-02T14:26:11.127933Z,24.00,0.0200,0.9800,yes
b42c1113-ec6f-63f4-0196-42c4460dddcb,KXNCAAF-26-OKL,2025-11-02T06:49:54.360171Z,5.00,0.0100,0.9900,yes
40052472-d8cb-4c44-9e94-048c921874a3,KXNCAAF-26-OKL,2025-11-02T05:29:38.715152Z,280.00,0.0100,0.9900,yes
9d9ecb40-3183-5e94-4cb1-35e63cdfa9f7,KXNCAAF-26-OKL,2025-11-02T03:43:23.643336Z,10.00,0.0100,0.9900,yes
7c8c8a55-a5b7-6cdc-c218-b409d5eac36a,KXNCAAF-26-OKL,2025-11-02T02:55:58.971653Z,100.00,0.0100,0.9900,yes
61fc08a7-f476-60f7-e98a-688688360a3a,KXNCAAF-26-OKL,2025-11-02T02:55:58.971653Z,1415.00,0.0100,0.9900,yes
60320245-23f3-6e80-f808-fba8a22cfbdf,KXNCAAF-26-OKL,2025-11-02T02:55:58.971653Z,3485.00,0.0100,0.9900,yes
f997d85b-1c13-4b51-eda9-98a8dc484801,KXNCAAF-26-OKL,2025-11-02T02:44:05.959158Z,515.00,0.0100,0.9900,yes
c52ba0d3-46b0-47ae-f98b-bd573107ea01,KXNCAAF-26-OKL,2025-11-02T02:44:05.959158Z,1900.00,0.0100,0.9900,yes
49139d2d-d261-42b1-ea32-a6bfe8e8a259,KXNCAAF-26-OKL,2025-11-02T02:44:05.959158Z,5000.00,0.0100,0.9900,yes
3bac528b-9b7d-4982-f1ea-9d0734f2bafd,KXNCAAF-26-OKL,2025-11-02T02:44:05.959158Z,1000.00,0.0100,0.9900,yes
334e4eaa-d282-4a17-c293-53f53c5e545e,KXNCAAF-26-OKL,2025-11-02T02:44:05.959158Z,585.00,0.0100,0.9900,yes
29388ceb-7c9a-4dad-c80d-2336333edc76,KXNCAAF-26-OKL,2025-11-02T02:44:05.959158Z,5000.00,0.0100,0.9900,yes
2121d029-f874-4fd0-e724-32150b0889e5,KXNCAAF-26-OKL,2025-11-02T02:44:05.959158Z,6000.00,0.0100,0.9900,yes
f56fc554-77e7-7831-38a6-d7e3b3d9e2a1,KXNCAAF-26-OKL,2025-11-01T22:04:53.323157Z,935.00,0.0100,0.9900,yes
7ca0a123-0dcf-4399-1d3c-936cc77fe1ed,KXNCAAF-26-OKL,2025-11-01T20:29:11.082543Z,500.00,0.0100,0.9900,yes
4a4712b1-bd17-6471-9f1d-2915f0821819,KXNCAAF-26-OKL,2025-11-01T20:24:49.331718Z,1000.00,0.0100,0.9900,yes
89644fcf-1e8b-75bd-6273-55043eb776c9,KXNCAAF-26-OKL,2025-11-01T20:00:31.189127Z,100.00,0.0100,0.9900,yes
9ad8ba58-d273-602d-9fde-1322c3b81bb1,KXNCAAF-26-OKL,2025-10-30T17:13:42.810206Z,250.00,0.0100,0.9900,yes
169d527f-8c1b-490d-86a2-fc7c30ae0ab1,KXNCAAF-26-OKL,2025-10-29T14:08:59.496165Z,1.00,0.0100,0.9900,yes
f2c4f303-345f-7ce1-96a3-b18c18ce3179,KXNCAAF-26-OKL,2025-10-26T21:57:32.509617Z,5.00,0.0100,0.9900,yes
bb3c96c1-52c7-4f79-a7ec-b08099511935,KXNCAAF-26-OKL,2025-10-26T05:13:25.033899Z,1.00,0.0100,0.9900,yes
6d99afee-f3c7-6fd2-33ec-4b0cb15a9b94,KXNCAAF-26-OKL,2025-10-26T01:51:15.274056Z,6193.00,0.0100,0.9900,no
52ac3742-b050-6b87-2166-3bf52262a197,KXNCAAF-26-OKL,2025-10-26T01:51:15.274056Z,500.00,0.0100,0.9900,no
255f08e8-6182-6056-1335-446450580d08,KXNCAAF-26-OKL,2025-10-26T01:31:56.904659Z,467.00,0.0200,0.9800,yes
74afed6f-49a2-6906-c2fc-70d23df09324,KXNCAAF-26-OKL,2025-10-26T00:57:47.420632Z,1375.00,0.0200,0.9800,yes
ecf6cfbd-9337-6b66-fd46-c4532baf33e8,KXNCAAF-26-OKL,2025-10-26T00:12:11.767217Z,5000.00,0.0100,0.9900,no
e20d1492-ac1f-631a-f5bc-0ae8cc601dc8,KXNCAAF-26-OKL,2025-10-25T23:15:41.256615Z,1.00,0.0100,0.9900,no
32a8b9a8-818f-5bf6-fdc4-d10e46be7338,KXNCAAF-26-OKL,2025-10-25T22:55:40.896917Z,4679.00,0.0100,0.9900,no
feb7d29c-25e3-44a2-2c8b-59223639780c,KXNCAAF-26-OKL,2025-10-25T21:59:53.515041Z,468.00,0.0100,0.9900,no
14673209-b3ff-51de-6e5b-4793931bc9c4,KXNCAAF-26-OKL,2025-10-25T20:51:36.711946Z,1169.00,0.0100,0.9900,no
fd369814-5fa8-7e40-b630-5d14b59da4a2,KXNCAAF-26-OKL,2025-10-25T19:35:27.990793Z,250.00,0.0200,0.9800,no
ca0f7cd1-ac1f-7226-9bec-fdb6e685394c,KXNCAAF-26-OKL,2025-10-25T19:35:27.990793Z,100.00,0.0100,0.9900,no
a24a7256-126c-7bd9-8999-b4b0cd064742,KXNCAAF-26-OKL,2025-10-25T19:35:27.990793Z,24.00,0.0200,0.9800,no
3cdc5137-3faa-4013-d718-2fdf170d6805,KXNCAAF-26-OKL,2025-10-25T18:28:20.113077Z,5000.00,0.0200,0.9800,no
25204537-e3e3-4e59-c633-c594b179850f,KXNCAAF-26-OKL,2025-10-25T17:43:05.181305Z,250.00,0.0300,0.9700,no
eec812a5-77f5-7986-fc5f-c3b3e42258fb,KXNCAAF-26-OKL,2025-10-25T09:35:29.1739Z,1007.00,0.0300,0.9700,no
1b713117-ed06-7a01-e562-84cf888b45c3,KXNCAAF-26-OKL,2025-10-25T09:35:29.1739Z,8993.00,0.0300,0.9700,no
550af007-d365-6601-7428-0376c641df21,KXNCAAF-26-OKL,2025-10-25T05:41:50.83104Z,10.00,0.0400,0.9600,yes
98252cde-3fa9-5d99-b35e-8344d104312d,KXNCAAF-26-OKL,2025-10-25T02:24:26.631986Z,117.00,0.0400,0.9600,yes
71523d3b-3061-7131-04b1-096c2db64469,KXNCAAF-26-OKL,2025-10-25T01:27:43.352108Z,277.00,0.0400,0.9600,yes
9698d7af-cebd-49f9-07e7-15d6fb42ebcd,KXNCAAF-26-OKL,2025-10-25T00:03:23.94105Z,93.00,0.0400,0.9600,yes
e61d658a-8da6-6ddd-f05c-97091c2ba407,KXNCAAF-26-OKL,2025-10-24T22:03:08.006091Z,640.00,0.0300,0.9700,no
1eee6923-ace8-67b8-c74c-036946f70fbb,KXNCAAF-26-OKL,2025-10-24T22:03:08.006091Z,360.00,0.0300,0.9700,no
27bfe250-00d0-7af4-f030-d885a3e8b997,KXNCAAF-26-OKL,2025-10-24T19:17:36.437578Z,1500.00,0.0300,0.9700,no
a4304890-0d9d-7dc9-8499-23ba05bfe9e1,KXNCAAF-26-OKL,2025-10-24T13:48:02.729092Z,1000.00,0.0400,0.9600,yes
b2e1a138-6be1-69a1-e3f0-3b1fc37a1d35,KXNCAAF-26-OKL,2025-10-24T06:11:48.671366Z,55.00,0.0400,0.9600,yes
f7ebc686-5159-72f5-0042-6b7308cbfef9,KXNCAAF-26-OKL,2025-10-23T02:52:04.146782Z,117.00,0.0400,0.9600,yes
57edfcf1-ff2d-79a1-0d5c-4759c32a9a49,KXNCAAF-26-OKL,2025-10-22T22:37:43.126024Z,1.00,0.0400,0.9600,yes
eefdcc33-4914-43a0-6cc0-bacc30209993,KXNCAAF-26-OKL,2025-10-22T21:16:07.179894Z,1000.00,0.0300,0.9700,no
d1752a71-1735-55e1-1532-c71ff9091ef9,KXNCAAF-26-OKL,2025-10-22T17:44:27.614154Z,117.00,0.0400,0.9600,yes
a628521c-b165-5991-9901-78344dc26465,KXNCAAF-26-OKL,2025-10-21T20:17:27.125974Z,15.00,0.0400,0.9600,yes
211b6dad-1024-5bac-7cc1-88a0473a9f2f,KXNCAAF-26-OKL,2025-10-21T19:01:50.534562Z,1.00,0.0300,0.9700,no
6e356c8f-2095-49c1-d030-25a7844e02c1,KXNCAAF-26-OKL,2025-10-21T13:36:09.932797Z,3.00,0.0400,0.9600,yes
355fad81-dfad-59cd-3e06-52212ce57b05,KXNCAAF-26-OKL,2025-10-21T06:49:12.371507Z,1.00,0.0400,0.9600,yes
4ef84f81-3f09-6b29-da42-0d81a0de99f5,KXNCAAF-26-OKL,2025-10-21T06:46:53.747538Z,1.00,0.0400,0.9600,yes
a30afe57-46bd-4e35-d951-7ef85694e995,KXNCAAF-26-OKL,2025-10-21T06:25:38.677226Z,38.00,0.0400,0.9600,yes
2cc06a62-bc11-4e81-45f2-29afe6804d3d,KXNCAAF-26-OKL,2025-10-21T00:17:21.836725Z,100.00,0.0400,0.9600,yes
438b6d85-af01-4ad9-0699-32deab5b0939,KXNCAAF-26-OKL,2025-10-20T21:58:04.129265Z,1.00,0.0400,0.9600,yes
25e1d53e-91b5-589d-944d-0a2a7a661ca9,KXNCAAF-26-OKL,2025-10-20T06:54:25.984253Z,1.00,0.0400,0.9600,yes
55881638-d3fc-4218-b14a-38d382c3838f,KXNCAAF-26-OKL,2025-10-20T03:16:56.750625Z,5.00,0.0300,0.9700,no
5efd4945-92d4-5fd4-c517-7cf67942bb7f,KXNCAAF-26-OKL,2025-10-20T01:08:18.392457Z,234.00,0.0300,0.9700,no
2d9907fc-5625-44e1-9ea7-e692eb53c98d,KXNCAAF-26-OKL,2025-10-19T16:35:34.789794Z,20.00,0.0400,0.9600,yes
8c0e48d7-d859-4721-55ad-9700266778c1,KXNCAAF-26-OKL,2025-10-18T23:47:07.277011Z,229.00,0.0400,0.9600,yes
ece31ef9-ce65-67d1-f5a3-03b353f40ee5,KXNCAAF-26-OKL,2025-10-18T23:08:03.74793Z,6216.00,0.0400,0.9600,yes
f05ce3e0-52b9-5835-6e12-a354ec5cbdd5,KXNCAAF-26-OKL,2025-10-18T22:09:09.950268Z,234.00,0.0400,0.9600,yes
5b84fa49-87d6-6561-2cc5-05f62b7f757a,KXNCAAF-26-OKL,2025-10-18T19:23:55.404675Z,1900.00,0.0300,0.9700,yes
50e31d78-51a9-4ae7-dbb9-7a47c28405b7,KXNCAAF-26-OKL,2025-10-18T18:00:20.577159Z,9094.00,0.0300,0.9700,yes
339208e3-17dd-4895-e605-442b42be0d92,KXNCAAF-26-OKL,2025-10-18T18:00:20.577159Z,906.00,0.0300,0.9700,yes
ff1ceab4-1c8d-7bcb-c71e-cf783c34b563,KXNCAAF-26-OKL,2025-10-18T17:45:16.193385Z,20.00,0.0300,0.9700,yes
0b83c798-d831-6bc3-a686-76c48ab21353,KXNCAAF-26-OKL,2025-10-18T17:03:28.241028Z,30.00,0.0300,0.9700,yes
fe5122f0-3576-71ba-4a9b-99c91020a62b,KXNCAAF-26-OKL,2025-10-18T16:40:54.898778Z,4250.00,0.0300,0.9700,yes
f9db4bd1-8bc5-7547-5bf1-c3b0058c6ae3,KXNCAAF-26-OKL,2025-10-18T16:40:54.898778Z,856.00,0.0300,0.9700,yes
918c6291-07b3-740b-74a0-6d5fcdc75b51,KXNCAAF-26-OKL,2025-10-18T16:40:54.898778Z,10000.00,0.0300,0.9700,yes
712322ac-b2de-7678-59bf-0fd44bc0cf6a,KXNCAAF-26-OKL,2025-10-18T16:40:54.898778Z,500.00,0.0300,0.9700,yes
8a378995-77d3-700a-747f-8f7d6a43a978,KXNCAAF-26-OKL,2025-10-18T08:04:57.724417Z,325.00,0.0200,0.9800,no
2eec9126-bad3-7923-6b1a-2e3ebed1ca6e,KXNCAAF-26-OKL,2025-10-18T08:04:57.724417Z,142.00,0.0200,0.9800,no
2a2f7d12-ae02-6eb2-4fd5-1f35334d8b43,KXNCAAF-26-OKL,2025-10-18T04:43:33.033701Z,100.00,0.0300,0.9700,yes
25d23804-a176-753e-87dd-41d00674ed9f,KXNCAAF-26-OKL,2025-10-18T04:42:54.480757Z,600.00,0.0300,0.9700,yes
42a1c11c-b442-4666-6554-02047fedd337,KXNCAAF-26-OKL,2025-10-18T03:02:06.182427Z,50.00,0.0300,0.9700,yes
b32e8717-db5c-51e5-3aae-5ad906b0f58a,KXNCAAF-26-OKL,2025-10-17T17:36:50.77482Z,50.00,0.0300,0.9700,yes
1e47e92e-acdc-54a5-974d-fb14d5f96af2,KXNCAAF-26-OKL,2025-10-17T04:35:57.760556Z,14.00,0.0300,0.9700,yes
020af509-2c94-4ad5-baa9-7557a7879af6,KXNCAAF-26-OKL,2025-10-17T01:22:46.803603Z,310.00,0.0300,0.9700,yes
f91abcb7-1908-614d-7240-e25178d0a6d2,KXNCAAF-26-OKL,2025-10-16T02:22:35.422584Z,10.00,0.0300,0.9700,yes
4481a6b5-06fb-486a-a428-d6ac6de55e88,KXNCAAF-26-OKL,2025-10-16T01:08:23.921211Z,105.00,0.0200,0.9800,no
c6aae22b-104c-6f2d-5aa8-abf477f91a8a,KXNCAAF-26-OKL,2025-10-15T17:41:24.773876Z,62.00,0.0300,0.9700,yes
2b95af51-7f7b-5796-ede1-fba5f88c4118,KXNCAAF-26-OKL,2025-10-15T01:39:10.137397Z,2150.00,0.0200,0.9800,no
889c3eee-a380-6265-cf78-bb213e02d63a,KXNCAAF-26-OKL,2025-10-15T00:56:43.300276Z,3.00,0.0300,0.9700,yes
ac845dd1-8de4-6285-c70b-b971e1f03466,KXNCAAF-26-OKL,2025-10-14T22:29:16.39784Z,1000.00,0.0300,0.9700,yes
b057ccde-05cc-7518-52ba-5e8dd297da0f,KXNCAAF-26-OKL,2025-10-14T22:29:00.759363Z,3151.00,0.0300,0.9700,yes
0c739e8a-a214-7e3d-5448-11ace1b56092,KXNCAAF-26-OKL,2025-10-14T22:29:00.759363Z,1849.00,0.0300,0.9700,yes
31bd68ca-832f-57c2-1545-76c815f7d610,KXNCAAF-26-OKL,2025-10-14T22:14:42.464312Z,31.00,0.0200,0.9800,no
3a3d0ac4-5288-777c-948c-be126aaae2d7,KXNCAAF-26-OKL,2025-10-13T23:24:04.248777Z,100.00,0.0300,0.9700,yes
313ae632-5e9c-53ac-b1a5-dd8f7610fd8f,KXNCAAF-26-OKL,2025-10-13T20:05:43.115316Z,20.00,0.0300,0.9700,yes
f24ea2a6-343c-6c10-e63f-59bea3052a27,KXNCAAF-26-OKL,2025-10-13T19:55:33.296036Z,191.00,0.0200,0.9800,no
d0846c4c-a1f4-6ef4-b32c-1da4c1b25fd7,KXNCAAF-26-OKL,2025-10-13T01:38:24.286974Z,8.00,0.0300,0.9700,yes
b8b6bde3-0d2c-6d8a-b153-f82c2b6ad7fa,KXNCAAF-26-OKL,2025-10-13T01:38:24.286974Z,500.00,0.0300,0.9700,yes
6c4d46dd-aa41-66b7-8d48-ba774cbb2997,KXNCAAF-26-OKL,2025-10-13T01:38:24.286974Z,23.00,0.0300,0.9700,yes
31f3e1c1-a206-6078-b259-d21166e1d7b7,KXNCAAF-26-OKL,2025-10-13T01:38:24.286974Z,240.00,0.0300,0.9700,yes
2aa6384c-c0a0-612c-bbad-81dbff147e7f,KXNCAAF-26-OKL,2025-10-13T01:38:24.286974Z,729.00,0.0300,0.9700,yes
95e654d9-7eca-47f4-31ee-4fe189df6303,KXNCAAF-26-OKL,2025-10-12T22:42:35.79774Z,66.00,0.0300,0.9700,yes
88174974-fa32-62f0-1a89-a06fff0ad1e7,KXNCAAF-26-OKL,2025-10-12T18:41:37.535249Z,100.00,0.0300,0.9700,yes
0b12da8f-5037-5c76-0262-168fd0f18d44,KXNCAAF-26-OKL,2025-10-12T14:55:15.326151Z,30.00,0.0100,0.9900,no
e461c263-4eae-6614-682a-9891ae0aa0e3,KXNCAAF-26-OKL,2025-10-12T03:23:52.587456Z,8.00,0.0300,0.9700,yes
7ab77d65-8ca2-47fc-ab45-04525d2772b3,KXNCAAF-26-OKL,2025-10-12T02:06:25.797318Z,100.00,0.0300,0.9700,yes
d4ab2c71-ebf0-5ac3-8541-3ed08bdb7de6,KXNCAAF-26-OKL,2025-10-12T00:51:42.950212Z,34.00,0.0300,0.9700,yes
ec7d59a7-66d9-7979-d509-8eb5e0c27b31,KXNCAAF-26-OKL,2025-10-11T23:05:20.59733Z,269.00,0.0400,0.9600,yes
776bdea2-0fbb-64de-920c-30f710c32a99,KXNCAAF-26-OKL,2025-10-11T23:03:38.778679Z,5000.00,0.0200,0.9800,no
bca6809b-af60-5973-6948-ff8456f39f08,KXNCAAF-26-OKL,2025-10-11T22:50:54.875687Z,40.00,0.0300,0.9700,no
b7bdc866-d408-5af8-4b73-3dbb3e53b73a,KXNCAAF-26-OKL,2025-10-11T22:50:54.875687Z,30.00,0.0300,0.9700,no
653fc3e0-1c93-5f4a-6ad7-4d977a9ffbfa,KXNCAAF-26-OKL,2025-10-11T22:50:54.875687Z,500.00,0.0300,0.9700,no
21295670-2205-5b21-647a-950442a68d35,KXNCAAF-26-OKL,2025-10-11T22:50:54.875687Z,500.00,0.0300,0.9700,no
cd7e19bb-ae50-68da-19d5-c771d2b54116,KXNCAAF-26-OKL,2025-10-11T22:40:38.090426Z,1000.00,0.0300,0.9700,no
745393a1-628c-4814-24b8-224b9e1e229d,KXNCAAF-26-OKL,2025-10-11T22:39:34.844012Z,22.00,0.0400,0.9600,no
a6017cb7-fc70-503a-8fce-38523f6082f6,KXNCAAF-26-OKL,2025-10-11T22:30:35.028346Z,750.00,0.0300,0.9700,no
027168eb-02d8-44b9-093a-e8bc5c132d16,KXNCAAF-26-OKL,2025-10-11T22:30:22.013852Z,12.00,0.0500,0.9500,yes
ba42afe5-06e8-5a3e-39d2-cec1cb455c0e,KXNCAAF-26-OKL,2025-10-11T22:28:03.119895Z,578.00,0.0300,0.9700,no
999a76e8-4e78-7275-a222-193995c20c5e,KXNCAAF-26-OKL,2025-10-11T22:22:14.607901Z,10.00,0.0500,0.9500,yes
93f483a3-df44-701a-f890-3119b151b9fe,KXNCAAF-26-OKL,2025-10-11T22:04:15.791589Z,682.00,0.0300,0.9700,no
385d5cd7-a720-752a-e89f-a6b3cf49a8fe,KXNCAAF-26-OKL,2025-10-11T22:04:15.791589Z,65.00,0.0400,0.9600,no
154a5333-d51e-6cc4-3c29-a9fac980684b,KXNCAAF-26-OKL,2025-10-11T21:47:52.79044Z,50.00,0.0600,0.9400,yes
519a7a3d-6252-409c-b1e6-1ebc81cf1fbb,KXNCAAF-26-OKL,2025-10-11T21:30:36.528855Z,100.00,0.0600,0.9400,yes
bc3667f8-ac7e-5c48-12c8-bed79e40baa7,KXNCAAF-26-OKL,2025-10-11T20:28:37.139452Z,250.00,0.0600,0.9400,yes
1745f6d4-8992-4d58-a5fd-1e376bf093c3,KXNCAAF-26-OKL,2025-10-11T20:05:04.060824Z,781.00,0.0600,0.9400,yes
0f6f6648-77d6-6ea4-a380-cef56338a633,KXNCAAF-26-OKL,2025-10-11T20:02:29.25842Z,5.00,0.0600,0.9400,yes
0b9413bf-e8d5-4373-26c5-4236e0550e6d,KXNCAAF-26-OKL,2025-10-11T16:03:27.292064Z,225.00,0.0700,0.9300,yes
e5b6d43a-235a-6059-522c-344e4f60959d,KXNCAAF-26-OKL,2025-10-11T15:10:39.441985Z,78.00,0.0600,0.9400,yes
4266d1aa-2b76-609d-388d-61821aded259,KXNCAAF-26-OKL,2025-10-11T14:56:31.769091Z,187.00,0.0600,0.9400,yes
a3fc75c9-2119-6844-4992-f9d3714a9abd,KXNCAAF-26-OKL,2025-10-11T00:30:11.956987Z,31.00,0.0600,0.9400,yes
5f753e7c-1439-5a70-8344-7ade8245d529,KXNCAAF-26-OKL,2025-10-10T21:58:03.75468Z,10.00,0.0600,0.9400,yes
25752fae-9232-6c04-777c-138d2aa9c1b8,KXNCAAF-26-OKL,2025-10-10T19:53:03.52264Z,114.00,0.0600,0.9400,yes
26e2d9e0-1636-4424-ac67-f1ae18a78f1c,KXNCAAF-26-OKL,2025-10-10T17:53:51.537371Z,2000.00,0.0600,0.9400,yes
c7e27dc8-2c62-57e4-0f9d-2846a8ab852c,KXNCAAF-26-OKL,2025-10-10T17:41:11.484028Z,250.00,0.0600,0.9400,yes
d9ebecb1-e0d8-60ab-6bc1-2fa8d8959646,KXNCAAF-26-OKL,2025-10-10T16:18:23.1432Z,700.00,0.0700,0.9300,yes
246c22c2-8940-5a93-29f2-47b3f454905e,KXNCAAF-26-OKL,2025-10-10T16:17:52.714206Z,90.00,0.0700,0.9300,yes
6569293b-1798-6477-8925-3a767f9e5172,KXNCAAF-26-OKL,2025-10-10T16:17:39.419885Z,78.00,0.0700,0.9300,yes
e5cd8c15-293b-47c1-9866-335f6910220b,KXNCAAF-26-OKL,2025-10-10T16:17:13.571631Z,1632.00,0.0600,0.9400,yes
bbb8ebcc-7f63-4fdf-a30c-8f2abeb91adb,KXNCAAF-26-OKL,2025-10-10T16:17:13.571631Z,500.00,0.0600,0.9400,yes
29858af6-1b57-4732-b93e-e7a29ad5a0e0,KXNCAAF-26-OKL,2025-10-10T16:17:13.571631Z,10000.00,0.0600,0.9400,yes
cecabc8a-02b7-74a5-0198-ed39b24e6ef3,KXNCAAF-26-OKL,2025-10-10T12:26:57.800255Z,100.00,0.0600,0.9400,yes
ed09dcb0-facf-5da1-43ba-784134d99173,KXNCAAF-26-OKL,2025-10-10T12:24:47.578296Z,268.00,0.0600,0.9400,yes
a9d2d765-0b5e-588e-71cc-2da666d2ef3e,KXNCAAF-26-OKL,2025-10-10T12:24:47.578296Z,2122.00,0.0600,0.9400,yes
d83bcc67-8cc2-5e86-fe08-819d6c0ac3f6,KXNCAAF-26-OKL,2025-10-10T04:14:43.726292Z,10.00,0.0600,0.9400,yes
91dcbe56-4d17-4bb2-6840-81ad8a15f9ed,KXNCAAF-26-OKL,2025-10-10T02:21:32.287302Z,85.00,0.0400,0.9600,no
854aee71-1a66-55d4-cb52-deaf06f6bc7a,KXNCAAF-26-OKL,2025-10-10T00:27:57.726645Z,500.00,0.0500,0.9500,no
c7fc2391-98c2-769e-6d55-590de6bc8bde,KXNCAAF-26-OKL,2025-10-09T22:16:04.333039Z,10.00,0.0600,0.9400,yes
71c8a54d-c7e6-4c12-a54c-46607df4f9b6,KXNCAAF-26-OKL,2025-10-09T19:10:11.006985Z,12.00,0.0600,0.9400,yes
c9f033fb-437e-4d2a-e02f-ecdc1fe15b7e,KXNCAAF-26-OKL,2025-10-09T17:28:17.603695Z,50.00,0.0600,0.9400,yes
f38104a0-93c6-49ce-5eed-faabfd6eca66,KXNCAAF-26-OKL,2025-10-09T15:21:24.23026Z,50.00,0.0600,0.9400,yes
a8dd3c9b-f4ea-61e6-171d-aa6e68e0891a,KXNCAAF-26-OKL,2025-10-09T05:11:54.965623Z,100.00,0.0600,0.9400,yes
3faf6896-f2ca-4b16-70bb-9ffeaaf8303e,KXNCAAF-26-OKL,2025-10-08T23:49:47.839811Z,312.00,0.0600,0.9400,yes
4588c14e-368e-4a52-d063-eadd9852a6fa,KXNCAAF-26-OKL,2025-10-08T23:19:12.50782Z,20.00,0.0600,0.9400,yes
90d49598-ae36-5a16-bc5f-0ef89f2e61ae,KXNCAAF-26-OKL,2025-10-08T22:38:56.506435Z,12.00,0.0600,0.9400,yes
592bb048-dd2d-66b5-ee82-51cda0a60545,KXNCAAF-26-OKL,2025-10-08T19:33:36.559011Z,941.00,0.0500,0.9500,no
f8c02e48-a8e6-61c6-0da3-de84a8cd398a,KXNCAAF-26-OKL,2025-10-08T17:58:20.085663Z,200.00,0.0600,0.9400,yes
f313fc4e-793a-48ba-57ad-6d8d3a36a28a,KXNCAAF-26-OKL,2025-10-08T00:42:04.270805Z,15.00,0.0600,0.9400,yes
5c245030-9b96-506e-144d-b8449d483976,KXNCAAF-26-OKL,2025-10-07T23:32:43.591295Z,500.00,0.0600,0.9400,yes
fd12a857-4a4a-71e2-d910-0a59924522d2,KXNCAAF-26-OKL,2025-10-07T21:02:09.043233Z,17.00,0.0600,0.9400,yes
02447905-c7f5-50bd-99df-ddada44c3959,KXNCAAF-26-OKL,2025-10-07T20:04:37.534078Z,1000.00,0.0500,0.9500,no
638ea3af-aa9a-79fe-33ce-09b984ac7516,KXNCAAF-26-OKL,2025-10-07T20:03:13.289342Z,156.00,0.0600,0.9400,yes
c2ee7076-b1f9-524d-259c-c2dc792c0a91,KXNCAAF-26-OKL,2025-10-07T19:26:30.708532Z,468.00,0.0500,0.9500,no
656c24bd-8b22-7e06-a56e-e81f2d265c52,KXNCAAF-26-OKL,2025-10-07T18:50:19.031898Z,414.00,0.0600,0.9400,yes
01b1f59d-32da-7c38-a16f-321d6906de5a,KXNCAAF-26-OKL,2025-10-07T18:50:19.031898Z,1086.00,0.0600,0.9400,yes
693d0bf9-a79e-66ac-b067-5edbdffed84e,KXNCAAF-26-OKL,2025-10-07T14:26:40.702207Z,1.00,0.0600,0.9400,yes
7fe0341f-ef02-6b5c-292b-74424e586072,KXNCAAF-26-OKL,2025-10-07T13:24:22.505359Z,500.00,0.0600,0.9400,yes
9daa5af5-ba12-5f38-30ba-3be6c0ad7f4a,KXNCAAF-26-OKL,2025-10-06T23:59:34.794805Z,1250.00,0.0600,0.9400,yes
a1aaf52f-4086-622c-904c-8dfeff3deb62,KXNCAAF-26-OKL,2025-10-06T23:58:30.044599Z,1563.00,0.0600,0.9400,yes
3720a877-efbb-74ea-79e8-03c03e8c2151,KXNCAAF-26-OKL,2025-10-06T20:38:02.974538Z,15.00,0.0400,0.9600,no
f1531afc-3baa-5278-2f44-a2b3e57d7722,KXNCAAF-26-OKL,2025-10-06T17:33:53.483343Z,100.00,0.0600,0.9400,yes
8a8ba001-b14a-69cc-25dc-0594ed4af642,KXNCAAF-26-OKL,2025-10-06T15:29:16.350234Z,1000.00,0.0600,0.9400,yes
8a6478e4-14bb-47dd-7ad3-6c5410cb9d7e,KXNCAAF-26-OKL,2025-10-06T05:53:13.94171Z,14.00,0.0600,0.9400,yes
5c8384a8-43b8-42a0-52ca-8757288ef52d,KXNCAAF-26-OKL,2025-10-06T05:53:13.94171Z,33.00,0.0600,0.9400,yes
02ade7c8-c8a8-40a4-1f28-61484a53c1a5,KXNCAAF-26-OKL,2025-10-06T04:39:19.347546Z,17.00,0.0600,0.9400,yes
569e1ecd-4670-5820-495b-820b2adbd40d,KXNCAAF-26-OKL,2025-10-06T02:57:04.251172Z,50.00,0.0600,0.9400,yes
6793c639-8a78-6040-e967-3c85c6a1c6b0,KXNCAAF-26-OKL,2025-10-05T23:14:07.602976Z,14.00,0.0500,0.9500,no
329c9ba0-9228-531f-b5d1-592fd18525d6,KXNCAAF-26-OKL,2025-10-05T20:34:39.048271Z,25.00,0.0700,0.9300,yes
f743b1a4-0b80-7c2f-e63a-dcd1ba4ac6c6,KXNCAAF-26-OKL,2025-10-05T20:33:48.643008Z,20.00,0.0700,0.9300,yes
7f057d5e-d400-76eb-909c-c863d0bf27d2,KXNCAAF-26-OKL,2025-10-05T15:15:45.762286Z,70.00,0.0700,0.9300,yes
36e2188c-336c-41ab-f358-6eadc8274b9a,KXNCAAF-26-OKL,2025-10-05T13:22:51.493366Z,2.00,0.0700,0.9300,yes
589a3d71-ef7e-6914-a648-d7fbe1027e9c,KXNCAAF-26-OKL,2025-10-05T05:26:41.241122Z,10000.00,0.0600,0.9400,yes
f59926c2-b5e4-5d7f-4eba-fe62d9aae752,KXNCAAF-26-OKL,2025-10-05T04:06:47.539542Z,1875.00,0.0500,0.9500,yes
2a92b691-223c-4c33-d730-d0810ccbaffa,KXNCAAF-26-OKL,2025-10-05T03:26:52.758102Z,100.00,0.0500,0.9500,yes
84706e00-1abc-68eb-a9ef-b1c614e391be,KXNCAAF-26-OKL,2025-10-05T03:15:44.268389Z,72.00,0.0500,0.9500,yes
166ff316-b6a8-5463-a685-6e4011db361e,KXNCAAF-26-OKL,2025-10-05T02:03:11.728359Z,100.00,0.0500,0.9500,yes
c933832a-df54-52c7-d03c-2b74e270ca96,KXNCAAF-26-OKL,2025-10-05T01:28:22.592379Z,93.00,0.0500,0.9500,yes
4371bcb6-40a8-6477-5b11-f41ee9774882,KXNCAAF-26-OKL,2025-10-05T00:35:47.314131Z,15.00,0.0500,0.9500,yes
3befc60c-c834-7bb3-c9d8-7edd3cc14292,KXNCAAF-26-OKL,2025-10-04T22:45:12.891435Z,25.00,0.0500,0.9500,yes
bdcae354-bfeb-7334-c2e7-ad676c6973b4,KXNCAAF-26-OKL,2025-10-04T22:35:24.400265Z,7351.00,0.0400,0.9600,yes
bd9e5547-1d98-7b65-f0fd-12aff0b4420b,KXNCAAF-26-OKL,2025-10-04T22:35:24.400265Z,40.00,0.0400,0.9600,yes
b5a191e9-8b6f-6d28-79b7-101d3c992ad0,KXNCAAF-26-OKL,2025-10-04T22:30:04.422688Z,200.00,0.0400,0.9600,yes
4b9f625c-ddef-6628-d364-3db488d3aa24,KXNCAAF-26-OKL,2025-10-04T21:02:47.700722Z,4.00,0.0400,0.9600,yes
49d926e2-652f-5b80-ce57-4457d18aeb5c,KXNCAAF-26-OKL,2025-10-04T19:45:54.849135Z,50.00,0.0400,0.9600,yes
9b0ec36b-cc40-4472-831d-ff4eb51595fa,KXNCAAF-26-OKL,2025-10-04T17:55:37.449034Z,1.00,0.0300,0.9700,no
d0aa6a68-98bb-4800-a3b7-602d7192d670,KXNCAAF-26-OKL,2025-10-04T02:05:15.86345Z,1171.00,0.0400,0.9600,yes
ec0d2dd6-0cb7-7674-b6a6-5ce8e3196524,KXNCAAF-26-OKL,2025-10-03T20:53:06.371922Z,200.00,0.0400,0.9600,yes
a0bec4f9-4ce3-4e8c-ab7c-7299da6b12dc,KXNCAAF-26-OKL,2025-10-03T14:27:48.940252Z,2.00,0.0400,0.9600,yes
d8ffb91b-056d-42c4-d3d0-a7b38048511c,KXNCAAF-26-OKL,2025-10-03T03:42:06.486112Z,1320.00,0.0400,0.9600,yes
2a83f524-4713-45f0-d03f-057b1361c030,KXNCAAF-26-OKL,2025-10-03T03:42:06.486112Z,1022.00,0.0400,0.9600,yes
6336398c-a3ac-7e36-58ef-a1859d9a6ffa,KXNCAAF-26-OKL,2025-10-03T02:36:55.267198Z,36.00,0.0300,0.9700,no
8cd19f0b-46c5-7d9c-96a0-8ab67375d680,KXNCAAF-26-OKL,2025-10-02T19:04:42.364265Z,150.00,0.0400,0.9600,yes
cbfa1914-017d-5c8c-d4fc-eb492e9d0410,KXNCAAF-26-OKL,2025-10-02T14:21:15.593072Z,200.00,0.0400,0.9600,yes
2e768477-0071-44e8-b73f-026f2a7c3a60,KXNCAAF-26-OKL,2025-10-02T14:17:02.901603Z,300.00,0.0400,0.9600,yes
86d79828-75c1-7230-1d5a-2e89f566eda0,KXNCAAF-26-OKL,2025-10-01T18:46:51.289666Z,2.00,0.0400,0.9600,yes
dbc55262-15c9-56d8-9c88-29632e261258,KXNCAAF-26-OKL,2025-10-01T12:32:42.548415Z,350.00,0.0400,0.9600,yes
5a7a96f9-92f5-5c14-92aa-1bc1ad1f2154,KXNCAAF-26-OKL,2025-10-01T06:21:36.03381Z,2175.00,0.0400,0.9600,yes
3c60b0a8-1843-55ce-9b18-5e2f9996f193,KXNCAAF-26-OKL,2025-10-01T06:21:36.03381Z,2825.00,0.0400,0.9600,yes
d271fbf4-1bc7-48ea-a787-3065cec49623,KXNCAAF-26-OKL,2025-10-01T05:50:17.077276Z,1.00,0.0400,0.9600,yes
3f91e23a-f0af-64aa-ce6a-128d67b5449f,KXNCAAF-26-OKL,2025-09-30T05:38:55.070904Z,1000.00,0.0400,0.9600,yes
151c3bc5-641b-6bd2-3c05-c99d56fabe6b,KXNCAAF-26-OKL,2025-09-30T04:30:32.666766Z,1.00,0.0400,0.9600,yes
50eb4e3f-77a7-6baa-1fc0-ac495af11e47,KXNCAAF-26-OKL,2025-09-29T23:51:30.697613Z,1.00,0.0400,0.9600,yes
a2804513-8144-55a2-ba79-98e7a5423fca,KXNCAAF-26-OKL,2025-09-29T22:37:09.263151Z,117.00,0.0300,0.9700,no
77d5a29f-e01c-516a-2a05-84581c5d1b16,KXNCAAF-26-OKL,2025-09-29T17:44:32.694061Z,514.00,0.0300,0.9700,no
8d134464-307b-6d56-dc1b-e14739e6eff7,KXNCAAF-26-OKL,2025-09-29T16:53:26.935505Z,70.00,0.0400,0.9600,yes
47524748-0343-7e1a-4cd5-6b88b73b1723,KXNCAAF-26-OKL,2025-09-29T15:21:19.670571Z,117.00,0.0400,0.9600,yes
2824f981-e737-5b1e-2cf4-16f63a17b553,KXNCAAF-26-OKL,2025-09-29T04:14:15.416491Z,2342.00,0.0400,0.9600,yes
cfa27986-36bf-52f6-5f47-ac70dfdbd75b,KXNCAAF-26-OKL,2025-09-29T02:18:28.457136Z,20.00,0.0400,0.9600,yes
cfc37ba1-427f-4956-5a19-4cd00bb92613,KXNCAAF-26-OKL,2025-09-29T02:10:24.090898Z,100.00,0.0400,0.9600,yes
04b0ded7-a097-6b4a-646b-26738577816f,KXNCAAF-26-OKL,2025-09-29T02:09:19.707354Z,100.00,0.0400,0.9600,yes
61ecd499-b84b-5f62-eac5-fa487c0841ab,KXNCAAF-26-OKL,2025-09-29T00:33:30.500248Z,100.00,0.0400,0.9600,yes
52974935-bbaf-6d0e-c13f-233604f73377,KXNCAAF-26-OKL,2025-09-28T18:16:03.132119Z,93.00,0.0400,0.9600,yes
79183076-5ddf-5cc6-d2de-ec568419ddb7,KXNCAAF-26-OKL,2025-09-28T16:26:41.102268Z,200.00,0.0400,0.9600,yes
575fe50e-00af-50ba-71a5-25675dfe8b0b,KXNCAAF-26-OKL,2025-09-28T04:42:30.266478Z,1000.00,0.0400,0.9600,yes
1417a1a2-d5bf-6816-2400-7d3f84c92503,KXNCAAF-26-OKL,2025-09-28T03:32:22.328823Z,117.00,0.0400,0.9600,yes
77457000-e983-6b32-e7ef-98f88c232d63,KXNCAAF-26-OKL,2025-09-28T03:21:26.291439Z,1700.00,0.0400,0.9600,yes
e5ecae60-4f03-7066-6759-1c2952b72843,KXNCAAF-26-OKL,2025-09-28T02:42:55.434719Z,213.00,0.0400,0.9600,yes
727eca6b-aab8-7bda-4401-7b5b1c910516,KXNCAAF-26-OKL,2025-09-28T02:42:55.434719Z,489.00,0.0400,0.9600,yes
994f576d-258c-527e-1265-b12db7f7514a,KXNCAAF-26-OKL,2025-09-28T01:34:52.374343Z,167.00,0.0400,0.9600,yes
6234a518-c44c-735e-9b96-d7c47717e6b6,KXNCAAF-26-OKL,2025-09-28T01:10:18.771545Z,117.00,0.0400,0.9600,yes
69242911-5a58-667a-96f6-a0f7a4093f1a,KXNCAAF-26-OKL,2025-09-27T20:10:01.876961Z,468.00,0.0400,0.9600,yes
50e8eed3-a458-669e-97d2-415240941506,KXNCAAF-26-OKL,2025-09-27T20:07:03.213338Z,59.00,0.0400,0.9600,yes
1b1a6acd-0163-6e93-b9bc-2f69fdc54472,KXNCAAF-26-OKL,2025-09-27T20:07:03.213338Z,41.00,0.0400,0.9600,yes
ba6c7b9f-e193-6cd3-745a-ae10aded7cfe,KXNCAAF-26-OKL,2025-09-27T16:39:26.875001Z,234.00,0.0400,0.9600,yes
99b7dafd-9ad3-49c3-48e9-4fae97407802,KXNCAAF-26-OKL,2025-09-27T03:56:01.886923Z,125.00,0.0400,0.9600,yes
f3162307-ab83-420b-c9c9-ed5aa5b16792,KXNCAAF-26-OKL,2025-09-27T03:55:27.381961Z,100.00,0.0400,0.9600,yes
6570c043-9f75-5980-3062-23458077788c,KXNCAAF-26-OKL,2025-09-25T20:48:02.98112Z,150.00,0.0500,0.9500,yes
ffa9dbf1-7e32-42b1-83c0-572aafb1cd0e,KXNCAAF-26-OKL,2025-09-25T17:47:13.71647Z,20.00,0.0300,0.9700,no
f508b6e5-c4ef-40fb-8d5c-b6ca2c42bf69,KXNCAAF-26-OKL,2025-09-25T15:40:32.31947Z,1551.00,0.0500,0.9500,yes
aa155672-2f55-4eac-98ab-1ee2d5497ca4,KXNCAAF-26-OKL,2025-09-25T15:40:32.31947Z,332.00,0.0500,0.9500,yes
36388034-e11f-43fc-9ad4-27e83a695eb4,KXNCAAF-26-OKL,2025-09-25T15:40:32.31947Z,117.00,0.0500,0.9500,yes
1c8f1c1f-042f-6c4e-5ce8-3b9cee667cb3,KXNCAAF-26-OKL,2025-09-25T15:28:21.890438Z,750.00,0.0400,0.9600,yes
27d54ce9-a0d7-5bc2-7663-1dd4096aba4b,KXNCAAF-26-OKL,2025-09-25T01:46:13.212243Z,40.00,0.0400,0.9600,yes
2f072456-ca0f-436a-952a-c46a6f541187,KXNCAAF-26-OKL,2025-09-24T20:43:05.371826Z,100.00,0.0400,0.9600,yes
a29cbcc3-c79d-6b36-99cc-92c02adbd758,KXNCAAF-26-OKL,2025-09-24T18:08:03.036776Z,56.00,0.0400,0.9600,yes
345eb783-5653-6562-b99e-330e6b825f67,KXNCAAF-26-OKL,2025-09-24T18:08:03.036776Z,109.00,0.0400,0.9600,yes
d87a37ce-0c58-75bd-dda1-445ac95fd77f,KXNCAAF-26-OKL,2025-09-24T06:59:38.964771Z,150.00,0.0300,0.9700,no
e0f274a5-a76f-4e13-003d-a26a07f139d7,KXNCAAF-26-OKL,2025-09-24T03:43:20.890896Z,200.00,0.0300,0.9700,yes
7cc2acc7-0813-4604-5b5a-e13091f5ed9b,KXNCAAF-26-OKL,2025-09-24T02:46:35.334555Z,93.00,0.0200,0.9800,no
a27286d9-e5f7-7243-eccc-445bb2916d37,KXNCAAF-26-OKL,2025-09-24T00:29:49.898343Z,280.00,0.0300,0.9700,yes
14c5b468-52d1-5bbe-1ec6-359070760ff4,KXNCAAF-26-OKL,2025-09-23T21:08:26.843029Z,234.00,0.0400,0.9600,yes
e589a5a5-1cc0-6fec-cb34-4658a53f33af,KXNCAAF-26-OKL,2025-09-23T20:41:46.176489Z,6.00,0.0200,0.9800,no
001b3422-e092-6af3-f5b4-c9261d555e76,KXNCAAF-26-OKL,2025-09-23T20:41:46.176489Z,2.00,0.0200,0.9800,no
ad674cbe-741f-4662-ead1-f326b3621c66,KXNCAAF-26-OKL,2025-09-23T20:23:18.248408Z,1900.00,0.0300,0.9700,no
7b1c10ad-74b2-4f14-edae-33e20308df3d,KXNCAAF-26-OKL,2025-09-23T20:23:18.248408Z,2000.00,0.0300,0.9700,no
16cae007-1721-4a7d-cf35-f1c8d9abf043,KXNCAAF-26-OKL,2025-09-23T20:23:18.248408Z,10000.00,0.0300,0.9700,no
320fe8aa-1111-54ce-0cd0-201c7b096120,KXNCAAF-26-OKL,2025-09-23T17:51:30.795349Z,1000.00,0.0400,0.9600,yes
d10334ea-5451-5d4e-8dbb-43eb91163c1c,KXNCAAF-26-OKL,2025-09-23T17:01:23.020476Z,10.00,0.0400,0.9600,yes
7e2ed141-b75b-5cc6-1d59-9edbcb6f6dbe,KXNCAAF-26-OKL,2025-09-23T12:50:14.557879Z,100.00,0.0300,0.9700,no
0c4cfccc-8a33-428d-abba-d904fa0bbfdd,KXNCAAF-26-OKL,2025-09-23T05:08:26.751367Z,125.00,0.0500,0.9500,yes
b724e7ca-94cf-49ca-817a-80fc8e968135,KXNCAAF-26-OKL,2025-09-23T01:48:20.354211Z,150.00,0.0400,0.9600,no
d64bf1e6-edbe-4114-a26d-ea52eb871426,KXNCAAF-26-OKL,2025-09-23T00:20:44.088704Z,500.00,0.0500,0.9500,yes
fa173251-b543-4051-815d-b6a69d2dcfc1,KXNCAAF-26-OKL,2025-09-22T22:05:48.297077Z,300.00,0.0400,0.9600,yes
c4b68412-70b5-4665-b53a-01e8f9a857c8,KXNCAAF-26-OKL,2025-09-22T22:05:48.297077Z,86.00,0.0400,0.9600,yes
fd658f8d-7e16-4538-8e49-aedf31b537b7,KXNCAAF-26-OKL,2025-09-22T21:02:49.489594Z,1.00,0.0400,0.9600,yes
dbcbcc60-c226-4b82-9010-bd944a65c8c4,KXNCAAF-26-OKL,2025-09-22T19:34:57.153509Z,113.00,0.0400,0.9600,yes
fcc069e2-ce5f-4e33-a098-6665c71b11f8,KXNCAAF-26-OKL,2025-09-22T15:17:35.242845Z,543.00,0.0500,0.9500,yes
f86cf751-a081-4699-8263-4f967921937a,KXNCAAF-26-OKL,2025-09-22T15:10:14.785861Z,2.00,0.0500,0.9500,yes
b9d54def-93a1-4abf-a24f-d1999c93b997,KXNCAAF-26-OKL,2025-09-22T15:10:14.785861Z,76.00,0.0500,0.9500,yes
b8afcb8b-87f6-4769-8551-f88e59a7fbf1,KXNCAAF-26-OKL,2025-09-22T15:10:14.785861Z,78.00,0.0500,0.9500,yes
414c13eb-9cbd-476b-957b-b19781d3c097,KXNCAAF-26-OKL,2025-09-22T15:10:14.785861Z,500.00,0.0500,0.9500,yes
0c6c3cbd-af1f-4f98-b782-78826e027d8e,KXNCAAF-26-OKL,2025-09-22T15:10:14.785861Z,281.00,0.0500,0.9500,yes
3fc5ef6b-7470-460a-98e9-bc0dc0ed5aab,KXNCAAF-26-OKL,2025-09-22T06:49:37.577898Z,2.00,0.0300,0.9700,no
9754b5a0-d6ac-4d74-b8b4-ae44a59f711a,KXNCAAF-26-OKL,2025-09-22T03:49:43.479437Z,281.00,0.0500,0.9500,yes
19568bfd-448e-41c0-89d5-d1a8e6f96e24,KXNCAAF-26-OKL,2025-09-22T02:24:50.482014Z,50.00,0.0500,0.9500,yes
542d9893-d026-4905-9405-175773697fe7,KXNCAAF-26-OKL,2025-09-22T01:44:25.014273Z,93.00,0.0500,0.9500,yes
cec7d4a9-7443-456a-961e-67a24f560367,KXNCAAF-26-OKL,2025-09-21T21:06:35.185009Z,25.00,0.0600,0.9400,yes
c1dcc84e-586b-4110-b7d1-ec1adad93c51,KXNCAAF-26-OKL,2025-09-21T21:06:35.185009Z,21.00,0.0600,0.9400,yes
958d48a5-8e62-47ba-ad84-e80341dfafdb,KXNCAAF-26-OKL,2025-09-21T20:56:08.725022Z,90.00,0.0500,0.9500,yes
3efaa5e3-fdb4-4e36-954c-d49d1c9266ca,KXNCAAF-26-OKL,2025-09-21T20:56:08.725022Z,5519.00,0.0500,0.9500,yes
192ca4f8-c252-4807-b4da-66446c3ebbf8,KXNCAAF-26-OKL,2025-09-21T20:56:08.725022Z,13108.00,0.0500,0.9500,yes
02e35b4b-b70a-449b-a3d0-85e4bf6c3340,KXNCAAF-26-OKL,2025-09-21T20:56:08.725022Z,35.00,0.0500,0.9500,yes
c584d939-9bf2-4a53-a5c7-d18a1e9ae614,KXNCAAF-26-OKL,2025-09-21T20:49:05.090551Z,7.00,0.0500,0.9500,yes
72681c67-da6c-4646-969e-c8ed8358331f,KXNCAAF-26-OKL,2025-09-21T20:28:31.277684Z,1875.00,0.0500,0.9500,yes
c8e7b8f8-0bbe-4d7c-80a5-8865924d2329,KXNCAAF-26-OKL,2025-09-21T19:27:58.981959Z,10.00,0.0500,0.9500,yes
0326bee0-9273-49f9-bb9e-f2febaa7f7ea,KXNCAAF-26-OKL,2025-09-21T19:27:58.981959Z,90.00,0.0500,0.9500,yes
643eb2d5-2285-4478-aac0-ff53b8173ff8,KXNCAAF-26-OKL,2025-09-21T16:44:34.786665Z,43.00,0.0400,0.9600,yes
8ec83b91-9543-4027-80dc-e140105be2cf,KXNCAAF-26-OKL,2025-09-21T16:26:44.178701Z,50.00,0.0400,0.9600,yes
531ce01e-0c70-4ce8-a8ce-4a8b3b7b88b4,KXNCAAF-26-OKL,2025-09-21T14:35:47.782142Z,93.00,0.0300,0.9700,no
015f85e4-c4b8-45b9-9f6c-153f33ffe051,KXNCAAF-26-OKL,2025-09-21T14:17:46.193886Z,10.00,0.0500,0.9500,yes
a0d6034d-8962-405c-8d3b-ffd6990bd773,KXNCAAF-26-OKL,2025-09-21T06:43:33.888812Z,7790.00,0.0600,0.9400,yes
2cbdda86-3d87-4d69-927d-af99c8558c51,KXNCAAF-26-OKL,2025-09-21T06:43:33.888812Z,34.00,0.0500,0.9500,yes
7cfc8697-2270-4044-bcee-a0deb301266f,KXNCAAF-26-OKL,2025-09-21T06:34:17.539682Z,34.00,0.0400,0.9600,no
d5ca15dc-c35e-495a-b5d7-d8c9029242c6,KXNCAAF-26-OKL,2025-09-21T05:11:57.592643Z,2.00,0.0600,0.9400,yes
bdf788ac-873c-449a-aa7c-b9f0eeb5dd76,KXNCAAF-26-OKL,2025-09-21T05:11:57.592643Z,34.00,0.0500,0.9500,yes
a959de12-9c2e-4a9d-915e-95e8fe2f8619,KXNCAAF-26-OKL,2025-09-21T04:40:59.422915Z,77.00,0.0400,0.9600,no
7e505723-c0ff-48bc-86d4-b44d06f92b03,KXNCAAF-26-OKL,2025-09-21T04:40:59.422915Z,9.00,0.0400,0.9600,no
893dd301-29dd-4db7-8032-83d029803314,KXNCAAF-26-OKL,2025-09-21T04:19:54.123488Z,78.00,0.0600,0.9400,yes
97307562-dbcb-42bf-93b8-2a3f178839f7,KXNCAAF-26-OKL,2025-09-21T03:20:27.591675Z,50.00,0.0500,0.9500,yes
843e052d-d837-456b-8e58-a2201f4904fd,KXNCAAF-26-OKL,2025-09-21T01:23:06.581813Z,17.00,0.0500,0.9500,yes
e3c88967-a247-4acd-bf87-94eec9a59040,KXNCAAF-26-OKL,2025-09-21T01:06:21.15091Z,13.00,0.0400,0.9600,yes
702b4b1e-bc0e-4207-a3cc-56cb64e6194b,KXNCAAF-26-OKL,2025-09-21T01:06:21.15091Z,100.00,0.0400,0.9600,yes
0a5034bb-34a3-475d-98e7-a88cd51e476f,KXNCAAF-26-OKL,2025-09-20T23:39:56.67992Z,2.00,0.0400,0.9600,yes
54e4637f-9668-4d1c-aa5e-2ebb04a6b491,KXNCAAF-26-OKL,2025-09-20T23:25:05.480606Z,100.00,0.0400,0.9600,yes
e2c572e8-93a1-4dd7-a190-0fe7cb96e63d,KXNCAAF-26-OKL,2025-09-20T22:55:45.933337Z,12954.00,0.0300,0.9700,no
bc2b7d0e-ca0f-4113-bcce-5be20473688a,KXNCAAF-26-OKL,2025-09-20T22:55:45.933337Z,500.00,0.0200,0.9800,no
b88203cd-c9e7-4dfa-81f6-d915cca79625,KXNCAAF-26-OKL,2025-09-20T22:55:45.933337Z,6398.00,0.0100,0.9900,no
51d4b5e5-9f31-4be9-9a7e-d778b172f266,KXNCAAF-26-OKL,2025-09-20T22:55:45.933337Z,2000.00,0.0300,0.9700,no
22fb9427-7f70-4cc0-a76f-34f56718713c,KXNCAAF-26-OKL,2025-09-20T22:55:45.933337Z,1.00,0.0300,0.9700,no
109ecedf-99ae-4bc6-b49d-1721b65732cf,KXNCAAF-26-OKL,2025-09-20T22:55:45.933337Z,10000.00,0.0300,0.9700,no
45044fdd-5813-450b-ada8-80756714682f,KXNCAAF-26-OKL,2025-09-20T22:43:44.664657Z,1.00,0.0500,0.9500,yes
4fc167c8-bc0e-4d4f-a7ba-cae227c89e84,KXNCAAF-26-OKL,2025-09-20T21:02:53.890369Z,62.00,0.0400,0.9600,yes
cc135a9a-b791-48c6-bfb5-d7fc6de574fc,KXNCAAF-26-OKL,2025-09-20T20:23:39.717044Z,81.00,0.0400,0.9600,no
b0a60736-3b4f-4c48-b82b-67aa4e7d0500,KXNCAAF-26-OKL,2025-09-20T20:23:39.717044Z,500.00,0.0400,0.9600,no
fc130afb-e73a-4a10-8ea0-fbd104d677c8,KXNCAAF-26-OKL,2025-09-20T20:20:54.849229Z,36.00,0.0500,0.9500,no
76d6107b-5414-4542-b084-1db445a6152d,KXNCAAF-26-OKL,2025-09-20T20:20:54.849229Z,78.00,0.0500,0.9500,no
f872f6fc-ddba-4ecc-9f06-fb7578ab4a23,KXNCAAF-26-OKL,2025-09-20T19:05:03.905361Z,46.00,0.0500,0.9500,yes
73fbae85-69ee-458b-b569-8df0d3171221,KXNCAAF-26-OKL,2025-09-20T19:05:03.905361Z,1939.00,0.0500,0.9500,yes
ec271387-6fda-417d-9610-356f3335e098,KXNCAAF-26-OKL,2025-09-20T16:00:35.326131Z,37.00,0.0500,0.9500,yes
6994e6e5-499c-4e9d-adfa-733650c65e41,KXNCAAF-26-OKL,2025-09-20T15:59:13.537134Z,24.00,0.0500,0.9500,yes
db144115-6134-46bb-a03e-5a9523f07303,KXNCAAF-26-OKL,2025-09-20T14:16:50.920549Z,250.00,0.0600,0.9400,yes
bf5beae9-f517-48ee-bef9-caf6a9b5c71b,KXNCAAF-26-OKL,2025-09-20T13:30:28.244196Z,100.00,0.0600,0.9400,yes
723c6652-6c41-4e7d-9015-751d9bede275,KXNCAAF-26-OKL,2025-09-20T12:03:09.665026Z,100.00,0.0600,0.9400,yes
a5eb49e5-5293-4cd6-9ebd-92e49bf8f713,KXNCAAF-26-OKL,2025-09-20T07:53:06.796758Z,89.00,0.0600,0.9400,yes
37e91b41-cb63-47f2-9cbc-54f041fbfe7d,KXNCAAF-26-OKL,2025-09-20T04:06:03.411653Z,767.00,0.0600,0.9400,yes
08f9aeca-9bf5-4c47-ab62-d353e660313d,KXNCAAF-26-OKL,2025-09-20T03:37:10.852047Z,1563.00,0.0600,0.9400,yes
79430feb-f70d-4ffd-9d6a-591872418363,KXNCAAF-26-OKL,2025-09-20T01:26:05.58236Z,78.00,0.0600,0.9400,yes
0e441902-a738-4e68-b77d-ea2f242a0aa2,KXNCAAF-26-OKL,2025-09-19T17:36:51.056877Z,781.00,0.0600,0.9400,yes
db68c436-ca04-465e-b2f1-121654b121f9,KXNCAAF-26-OKL,2025-09-19T03:11:15.183661Z,1563.00,0.0600,0.9400,yes
2c828d91-624a-41c0-8b83-fff0cf665dd5,KXNCAAF-26-OKL,2025-09-18T23:41:39.796063Z,200.00,0.0600,0.9400,yes
21c8e751-2da4-4419-9783-999ade08205f,KXNCAAF-26-OKL,2025-09-18T19:43:19.883909Z,312.00,0.0600,0.9400,yes
7ac71a75-0ab4-46d3-9577-0b270fee2dcf,KXNCAAF-26-OKL,2025-09-18T18:05:58.975013Z,156.00,0.0600,0.9400,yes
c15842b1-1871-4de4-916c-700c33960e45,KXNCAAF-26-OKL,2025-09-18T16:12:05.737177Z,50.00,0.0600,0.9400,yes
07c57c98-4666-4173-bf3f-1f916ce4c0cf,KXNCAAF-26-OKL,2025-09-18T11:28:51.958104Z,15.00,0.0600,0.9400,yes
fc38c9c4-2251-4c32-9b2d-4d3606cf2c41,KXNCAAF-26-OKL,2025-09-18T06:29:40.624112Z,5000.00,0.0500,0.9500,yes
de94b4d9-72d0-4b5c-b0c9-33751aaacb41,KXNCAAF-26-OKL,2025-09-18T06:29:40.624112Z,70.00,0.0400,0.9600,yes
dd39ed2f-ee9f-416b-9269-555e65acc702,KXNCAAF-26-OKL,2025-09-18T06:29:40.624112Z,60.00,0.0500,0.9500,yes
d3e410da-14fa-4209-83fc-1f08d2275411,KXNCAAF-26-OKL,2025-09-18T06:29:40.624112Z,10.00,0.0400,0.9600,yes
d363cf65-e25a-4211-bb8a-fd5a5c6e8ecc,KXNCAAF-26-OKL,2025-09-18T06:29:40.624112Z,185.00,0.0400,0.9600,yes
6f9e78f5-4e8b-401a-a993-7c5a22e2bdf8,KXNCAAF-26-OKL,2025-09-18T06:29:40.624112Z,500.00,0.0500,0.9500,yes
58db0985-78a6-4d41-84f7-3ed917b2431a,KXNCAAF-26-OKL,2025-09-18T06:29:40.624112Z,10000.00,0.0500,0.9500,yes
4424f25d-778c-4acd-944b-50d4623e8bf4,KXNCAAF-26-OKL,2025-09-18T06:29:40.624112Z,13.00,0.0400,0.9600,yes
38c87b9c-5c31-49c1-a69a-19060a3b8989,KXNCAAF-26-OKL,2025-09-18T06:29:40.624112Z,72.00,0.0500,0.9500,yes
186c4f7a-51a9-4b73-9bc4-cad78aa2ef63,KXNCAAF-26-OKL,2025-09-18T06:29:40.624112Z,125.00,0.0400,0.9600,yes
18695f22-1c88-4dbb-9262-0164f5784b50,KXNCAAF-26-OKL,2025-09-18T06:29:40.624112Z,10000.00,0.0400,0.9600,yes
0d6bea65-207a-48e2-acf7-1e2e21134278,KXNCAAF-26-OKL,2025-09-18T06:29:40.624112Z,3476.00,0.0600,0.9400,yes
f23e632d-aefd-4e89-a4db-b1674c946602,KXNCAAF-26-OKL,2025-09-18T06:13:13.10323Z,2000.00,0.0400,0.9600,yes
c44dd8c0-db97-4ac3-af1c-96dead8f8326,KXNCAAF-26-OKL,2025-09-18T06:13:13.10323Z,11.00,0.0400,0.9600,yes
6b2fc7b6-b132-4277-833c-bea5c63ffa73,KXNCAAF-26-OKL,2025-09-18T06:13:13.10323Z,331.00,0.0400,0.9600,yes
0a7f15aa-852b-45fb-a85a-535c9b0754f6,KXNCAAF-26-OKL,2025-09-18T04:25:51.842329Z,25.00,0.0400,0.9600,yes
c8480421-7400-4eb0-ad6f-e216ec51a9c1,KXNCAAF-26-OKL,2025-09-18T02:02:37.788872Z,585.00,0.0400,0.9600,yes
efaee7c5-9f61-4657-9053-1c0078c04dec,KXNCAAF-26-OKL,2025-09-17T21:00:03.687236Z,1171.00,0.0400,0.9600,yes
781c6e94-3e29-4eb1-b6b4-04d5822fbd5a,KXNCAAF-26-OKL,2025-09-17T20:58:26.437817Z,167.00,0.0400,0.9600,yes
8782b8c1-b7e7-4bd4-8da9-9db7108915a1,KXNCAAF-26-OKL,2025-09-17T20:03:25.302829Z,2500.00,0.0400,0.9600,yes
7d98f777-2ea7-46ab-8c84-ad4c608b05f6,KXNCAAF-26-OKL,2025-09-17T18:43:18.971844Z,250.00,0.0400,0.9600,yes
11ea4c5b-d62d-486a-ace4-0278e76690ba,KXNCAAF-26-OKL,2025-09-17T18:43:11.21671Z,100.00,0.0400,0.9600,yes
150cb86f-8697-4a72-a71d-05e2e1e499ed,KXNCAAF-26-OKL,2025-09-17T15:55:12.725514Z,40.00,0.0400,0.9600,yes
09c32e81-b1ea-4be1-8faa-e310a92ed199,KXNCAAF-26-OKL,2025-09-17T15:55:03.007602Z,37.00,0.0400,0.9600,yes
c49766b6-9b71-47ff-8faf-22bd58d3c23d,KXNCAAF-26-OKL,2025-09-17T02:07:22.729063Z,117.00,0.0400,0.9600,yes
5f1ef3f8-ee0c-4f99-8da2-d1166aa1d940,KXNCAAF-26-OKL,2025-09-17T00:27:31.958845Z,20.00,0.0400,0.9600,yes
566d2c9e-e443-4f78-afb2-1ade82958407,KXNCAAF-26-OKL,2025-09-16T23:20:12.762067Z,200.00,0.0400,0.9600,yes
be24f573-2213-4b35-8fde-b0a18d1cae2b,KXNCAAF-26-OKL,2025-09-16T20:35:00.691631Z,100.00,0.0400,0.9600,yes
b33e311e-9618-41dd-8f38-b7e9e80c4545,KXNCAAF-26-OKL,2025-09-16T20:15:59.819185Z,2000.00,0.0400,0.9600,yes
4ac6ff4b-3630-4038-b236-4222cf58a41c,KXNCAAF-26-OKL,2025-09-16T20:15:41.021346Z,2000.00,0.0400,0.9600,yes
1e3906d6-4b43-4414-89bd-c02a775552ee,KXNCAAF-26-OKL,2025-09-16T17:19:13.639151Z,125.00,0.0300,0.9700,no
d4726294-32a1-4356-a973-982a0b0e1af3,KXNCAAF-26-OKL,2025-09-16T15:46:10.939825Z,643.00,0.0400,0.9600,yes
bd441e0e-9723-4684-b46e-10d6afcf432f,KXNCAAF-26-OKL,2025-09-16T15:46:10.939825Z,357.00,0.0400,0.9600,yes
3e70e367-5d21-4149-8af5-4ded9d4ecbf2,KXNCAAF-26-OKL,2025-09-16T14:03:38.981188Z,1.00,0.0400,0.9600,yes
71d64d41-c5a1-4efb-8cfe-957d526f3988,KXNCAAF-26-OKL,2025-09-16T14:00:18.131315Z,10.00,0.0300,0.9700,no
3f63e6ba-b2d6-4842-b329-ac895b10ab0b,KXNCAAF-26-OKL,2025-09-16T05:12:53.597599Z,1.00,0.0400,0.9600,yes
df15fe16-29c3-49ee-b94d-88d5674a8748,KXNCAAF-26-OKL,2025-09-16T03:35:46.316161Z,100.00,0.0400,0.9600,yes
3882c080-24e6-412e-8306-fa2d8729b320,KXNCAAF-26-OKL,2025-09-16T03:22:19.965179Z,70.00,0.0300,0.9700,no
b042e4d8-c5e8-4e8c-be7f-dccea8f6b442,KXNCAAF-26-OKL,2025-09-16T02:00:53.633997Z,1171.00,0.0400,0.9600,yes
5b640368-69d2-4f23-8b81-c108227d527e,KXNCAAF-26-OKL,2025-09-16T00:00:03.498294Z,234.00,0.0400,0.9600,yes
c596ae5f-eb98-488d-9f9e-7275991d01ea,KXNCAAF-26-OKL,2025-09-15T22:51:38.053858Z,185.00,0.0300,0.9700,no
fd222bfa-759e-4143-8f48-0c79f959033a,KXNCAAF-26-OKL,2025-09-15T21:55:14.740486Z,50.00,0.0400,0.9600,yes
be15cd9c-9263-4fe9-a560-ceeaefbcc684,KXNCAAF-26-OKL,2025-09-15T19:40:38.788901Z,7870.00,0.0400,0.9600,no
7eacab87-d7c4-4fe9-9cc9-db2ddd94fa0c,KXNCAAF-26-OKL,2025-09-15T19:40:38.788901Z,500.00,0.0400,0.9600,no
e440b333-472a-4dd4-a71a-083f5c645ca2,KXNCAAF-26-OKL,2025-09-15T18:41:51.655276Z,50.00,0.0500,0.9500,yes
764c8e69-00bb-4d80-a5b0-4203ffadb88d,KXNCAAF-26-OKL,2025-09-15T16:08:13.984016Z,50.00,0.0500,0.9500,yes
30109967-abe1-4e2b-90e0-c394ce0b20be,KXNCAAF-26-OKL,2025-09-15T15:37:09.820692Z,23.00,0.0500,0.9500,yes
8e296fd6-4108-4774-99a1-1419427339e5,KXNCAAF-26-OKL,2025-09-15T14:06:00.658392Z,5.00,0.0500,0.9500,yes
f5ecdb3b-4905-4d51-8056-bc516be7f72a,KXNCAAF-26-OKL,2025-09-15T06:51:01.860058Z,5.00,0.0600,0.9400,yes
e3664400-eac6-42e2-ac2c-7ce9c4c2c6f0,KXNCAAF-26-OKL,2025-09-15T06:51:01.860058Z,155.00,0.0600,0.9400,yes
ee2138c9-aa55-4568-a366-1f211b3cff27,KXNCAAF-26-OKL,2025-09-15T03:17:04.152436Z,87.00,0.0500,0.9500,yes
aeb3a666-dc2c-46de-9f0b-fe86618227e7,KXNCAAF-26-OKL,2025-09-15T03:17:04.152436Z,776.00,0.0600,0.9400,yes
4321a60c-6dfe-4bca-9f05-2aa5befe18d6,KXNCAAF-26-OKL,2025-09-15T03:17:04.152436Z,2.00,0.0500,0.9500,yes
5b5e65a0-c3b7-49ea-b4d2-8b4c39131ff4,KXNCAAF-26-OKL,2025-09-15T00:11:12.485955Z,281.00,0.0500,0.9500,yes
6928b547-ef1c-435f-98c1-ff0c4f91c4f1,KXNCAAF-26-OKL,2025-09-15T00:03:51.763942Z,17.00,0.0400,0.9600,no
b682b5aa-60db-48c1-967e-3fe54ade9ee9,KXNCAAF-26-OKL,2025-09-14T22:38:01.032972Z,17.00,0.0500,0.9500,yes
40e78cc0-7be5-408e-a94a-fc1e308d1142,KXNCAAF-26-OKL,2025-09-14T16:57:57.963162Z,1563.00,0.0600,0.9400,yes
8b1e0a9d-ab1d-4ae9-9eb1-0075f4147276,KXNCAAF-26-OKL,2025-09-14T16:15:01.214996Z,300.00,0.0600,0.9400,yes
06a84d1f-2524-4257-bc83-30aa4b8ad671,KXNCAAF-26-OKL,2025-09-14T14:04:59.534936Z,156.00,0.0600,0.9400,yes
12afb963-d370-4f05-90b3-c4bfd54ba73d,KXNCAAF-26-OKL,2025-09-14T06:35:35.672174Z,469.00,0.0600,0.9400,yes
c7968909-afd5-4c2f-9ce8-93eb2f9cf485,KXNCAAF-26-OKL,2025-09-14T04:35:08.49612Z,702.00,0.0600,0.9400,yes
e43cd887-1065-4431-9f36-bc6a3b37394c,KXNCAAF-26-OKL,2025-09-14T03:41:01.078964Z,500.00,0.0600,0.9400,yes
6820573f-cb99-46de-b0e8-baa485218603,KXNCAAF-26-OKL,2025-09-14T03:41:01.078964Z,912.00,0.0700,0.9300,yes
3e3b2374-a258-4968-95e7-a35f29edb21d,KXNCAAF-26-OKL,2025-09-14T02:36:45.595878Z,200.00,0.0500,0.9500,no
9836d7f0-848c-40ff-873a-3051833fb816,KXNCAAF-26-OKL,2025-09-14T02:36:12.270654Z,250.00,0.0500,0.9500,no
3541288e-ec97-42b2-9543-1eb0eae76966,KXNCAAF-26-OKL,2025-09-14T02:25:14.502792Z,20.00,0.0700,0.9300,yes
6c353f67-7cd1-41f3-a44e-a0bd485ab683,KXNCAAF-26-OKL,2025-09-14T02:08:48.647178Z,500.00,0.0500,0.9500,no
4512570d-5659-4074-92d3-40c3f20de4f0,KXNCAAF-26-OKL,2025-09-14T02:08:48.647178Z,871.00,0.0500,0.9500,no
65fa5038-5347-41ab-875e-9ca5146e49a9,KXNCAAF-26-OKL,2025-09-14T01:14:07.192244Z,941.00,0.0700,0.9300,yes
96eb9ee0-1823-4727-890a-e1a5bcb9511f,KXNCAAF-26-OKL,2025-09-14T00:34:36.137081Z,1.00,0.0700,0.9300,yes
963fcfe0-0af9-4e2b-af6c-ff77359b3426,KXNCAAF-26-OKL,2025-09-13T23:40:45.444463Z,49.00,0.0600,0.9400,yes
1b6058de-793e-4b78-bcf0-adbc1e3159e3,KXNCAAF-26-OKL,2025-09-13T23:40:45.444463Z,628.00,0.0700,0.9300,yes
0264a0d5-08b5-4a2f-af40-a381fc00ca64,KXNCAAF-26-OKL,2025-09-13T23:20:35.529274Z,100.00,0.0600,0.9400,yes
8fe7b69c-a35b-4054-b9d1-9e83caa9984b,KXNCAAF-26-OKL,2025-09-13T22:49:43.111271Z,150.00,0.0500,0.9500,yes
074c0c17-9f4c-49e3-b4b6-0d6fd4f2d756,KXNCAAF-26-OKL,2025-09-13T22:49:43.111271Z,350.00,0.0500,0.9500,yes
0417abbd-7047-4307-8f39-ac3845097934,KXNCAAF-26-OKL,2025-09-13T22:49:43.111271Z,502.00,0.0600,0.9400,yes
ef4cd3bd-b139-40e4-8e9c-aa1b9aa72c18,KXNCAAF-26-OKL,2025-09-13T22:32:47.467113Z,113.00,0.0400,0.9600,no
9389b2d9-72f0-46ec-9442-6b717e8861bc,KXNCAAF-26-OKL,2025-09-13T22:32:47.467113Z,350.00,0.0400,0.9600,no
f389685e-d2b4-4298-a79f-e6c9f363f04e,KXNCAAF-26-OKL,2025-09-13T20:17:56.381676Z,150.00,0.0400,0.9600,no
b965a901-589c-4ffe-8cb5-82ec2f10697d,KXNCAAF-26-OKL,2025-09-13T19:31:00.446885Z,306.00,0.0600,0.9400,yes
c47c0761-facd-46d9-b258-95e363f6663b,KXNCAAF-26-OKL,2025-09-13T18:52:22.653203Z,50.00,0.0600,0.9400,yes
f6724c2f-6d56-4d72-8431-febd31043bb7,KXNCAAF-26-OKL,2025-09-13T18:36:50.704858Z,650.00,0.0600,0.9400,yes
9924d731-6857-41f3-b6be-d527947918e1,KXNCAAF-26-OKL,2025-09-13T17:06:52.886227Z,300.00,0.0600,0.9400,yes
a64bcc87-7541-4b1a-88e3-f9b15527ce5f,KXNCAAF-26-OKL,2025-09-13T16:46:38.636751Z,42.00,0.0500,0.9500,yes
508a4069-d872-4d1c-928e-6556e4d804ad,KXNCAAF-26-OKL,2025-09-13T16:46:38.636751Z,43.00,0.0600,0.9400,yes
1a428a13-369f-410a-8776-287f8ff8f6a8,KXNCAAF-26-OKL,2025-09-13T16:22:09.73418Z,25.00,0.0500,0.9500,yes
a565443b-e263-4b0c-945d-9cd5299f35de,KXNCAAF-26-OKL,2025-09-13T16:21:28.681868Z,200.00,0.0500,0.9500,yes
094a7943-0be0-4f73-8a70-51c04a5e13b7,KXNCAAF-26-OKL,2025-09-13T14:37:39.140418Z,250.00,0.0500,0.9500,yes
13a11012-3c01-44b8-9c52-ed3715dbd4ca,KXNCAAF-26-OKL,2025-09-13T14:34:17.057934Z,10.00,0.0500,0.9500,yes
e206ee25-402b-48d4-afa8-be20a529da3b,KXNCAAF-26-OKL,2025-09-13T14:30:05.378457Z,45.00,0.0500,0.9500,yes
4b400e8a-53db-49bd-ac75-2f9ef3203504,KXNCAAF-26-OKL,2025-09-13T14:30:05.378457Z,60.00,0.0400,0.9600,yes
e2bad3c3-8ebf-4f57-b2f3-549f4987af5d,KXNCAAF-26-OKL,2025-09-13T07:44:34.761902Z,25.00,0.0400,0.9600,yes
a0afd47c-0778-43a7-be83-5799dd74309f,KXNCAAF-26-OKL,2025-09-13T07:44:34.761902Z,45.00,0.0400,0.9600,yes
e1ed0b4c-7bda-47e0-9908-7a2008f37287,KXNCAAF-26-OKL,2025-09-13T04:20:00.786161Z,100.00,0.0400,0.9600,yes
e2b6fea2-14d7-4f72-a772-f2cdc92b0176,KXNCAAF-26-OKL,2025-09-13T02:43:42.480651Z,468.00,0.0400,0.9600,yes
b7bd68c6-f500-4814-8b33-53c1002b4439,KXNCAAF-26-OKL,2025-09-13T01:58:27.512369Z,250.00,0.0400,0.9600,yes
6fe4538c-cf32-4a12-86dd-c1ee71b60f4e,KXNCAAF-26-OKL,2025-09-13T01:57:54.786912Z,13.00,0.0400,0.9600,yes
10df94b5-6017-40d5-b098-5474714d2475,KXNCAAF-26-OKL,2025-09-13T01:57:54.786912Z,137.00,0.0400,0.9600,yes
a5bbc1ee-a2e4-4c33-b945-616c37da6b8a,KXNCAAF-26-OKL,2025-09-13T01:51:11.98938Z,50.00,0.0400,0.9600,yes
f9f128f6-f444-48e3-bd41-626fa52f3e58,KXNCAAF-26-OKL,2025-09-12T20:28:30.182811Z,1000.00,0.0300,0.9700,no
cef075f9-1365-4c82-af3d-aacad1c8b79b,KXNCAAF-26-OKL,2025-09-12T20:28:30.182811Z,56.00,0.0300,0.9700,no
8b1a75aa-4caa-4cd0-8d03-2fd1f4489a35,KXNCAAF-26-OKL,2025-09-12T14:57:52.062455Z,1.00,0.0400,0.9600,yes
c156347e-56ff-4528-bd92-5c16c09743d2,KXNCAAF-26-OKL,2025-09-12T13:59:56.820866Z,23.00,0.0400,0.9600,yes
08f3d77b-90da-412f-8b8b-3de87c111363,KXNCAAF-26-OKL,2025-09-12T04:34:36.663191Z,750.00,0.0500,0.9500,yes
ee8bd2fe-1a4d-4f15-9ee8-c81e6660465e,KXNCAAF-26-OKL,2025-09-12T03:26:57.94902Z,969.00,0.0200,0.9800,no
ec36a3a8-6ac1-4c07-9b29-7b2184ca15ee,KXNCAAF-26-OKL,2025-09-12T03:26:57.94902Z,203.00,0.0300,0.9700,no
e755d54b-325f-4368-af42-2d88fef5bf59,KXNCAAF-26-OKL,2025-09-12T03:26:57.94902Z,1000.00,0.0200,0.9800,no
bd57df18-3f00-4261-b4e0-56c583103b66,KXNCAAF-26-OKL,2025-09-12T03:26:57.94902Z,150.00,0.0300,0.9700,no
40bd698d-0f55-4ed4-8218-fc7decdf3de0,KXNCAAF-26-OKL,2025-09-12T03:26:57.94902Z,17.00,0.0400,0.9600,no
fbce3057-1536-4b88-9b34-b1076a268796,KXNCAAF-26-OKL,2025-09-12T03:15:16.263572Z,68.00,0.0400,0.9600,yes
aab1e203-254b-4c11-a97e-a80814fddced,KXNCAAF-26-OKL,2025-09-12T03:15:16.263572Z,274.00,0.0700,0.9300,yes
894345c3-bc98-4b7e-86e6-598e411d42f8,KXNCAAF-26-OKL,2025-09-12T03:15:16.263572Z,254.00,0.0600,0.9400,yes
17d7cbd1-4176-407b-a7d0-150a63ffa6c0,KXNCAAF-26-OKL,2025-09-12T03:15:16.263572Z,212.00,0.0400,0.9600,yes
02d42b38-16fe-45de-9cf7-3532541eb4a2,KXNCAAF-26-OKL,2025-09-12T03:15:16.263572Z,213.00,0.0500,0.9500,yes
4eacfaa0-0eba-45f5-9f89-59f9cbd2e347,KXNCAAF-26-OKL,2025-09-12T02:13:26.560909Z,85.00,0.0400,0.9600,yes
12efea6d-584c-4e8c-9461-38ce773ad5a2,KXNCAAF-26-OKL,2025-09-12T02:13:26.560909Z,945.00,0.0400,0.9600,yes
78ad0a3c-099c-43b4-badf-d8756b3bc3c1,KXNCAAF-26-OKL,2025-09-11T21:58:23.570711Z,400.00,0.0400,0.9600,yes
bfa3dfb9-a2fc-4ca5-a517-9a551ed99e2a,KXNCAAF-26-OKL,2025-09-11T21:28:52.76032Z,234.00,0.0400,0.9600,yes
a49e76e2-479a-4e58-a366-f5d98027f30e,KXNCAAF-26-OKL,2025-09-11T21:02:35.3173Z,79.00,0.0400,0.9600,yes
815767e9-43fa-4b0c-b41f-b3cd9adfce72,KXNCAAF-26-OKL,2025-09-11T21:02:35.3173Z,421.00,0.0400,0.9600,yes
696f2ac2-fb4e-4376-bab4-7cf915b55b7d,KXNCAAF-26-OKL,2025-09-11T16:36:33.885947Z,100.00,0.0400,0.9600,yes
62b1087e-c549-46fa-85d5-6d80d59f424d,KXNCAAF-26-OKL,2025-09-11T02:39:41.511207Z,8.00,0.0400,0.9600,yes
c898a407-626e-480a-9f6f-6a0bb160f615,KXNCAAF-26-OKL,2025-09-11T01:24:20.96776Z,150.00,0.0400,0.9600,yes
c59de130-08db-4158-a2ad-c3e9daa327a0,KXNCAAF-26-OKL,2025-09-10T21:52:38.856428Z,117.00,0.0400,0.9600,yes
72e6e97f-21c9-4f9a-92b9-473945125dee,KXNCAAF-26-OKL,2025-09-10T20:12:26.316926Z,297.00,0.0300,0.9700,no
3a4a0eca-b372-47ed-bb94-6bdf2184ca5f,KXNCAAF-26-OKL,2025-09-10T18:42:27.268064Z,46.00,0.0400,0.9600,yes
0541235a-d0ec-4d40-ae24-933d4b95e73c,KXNCAAF-26-OKL,2025-09-10T18:34:49.094642Z,500.00,0.0400,0.9600,no
dd4f89ad-0eb5-4ed5-b461-bafc86bd6013,KXNCAAF-26-OKL,2025-09-10T17:44:03.898419Z,93.00,0.0500,0.9500,yes
85ab8e4f-75f9-4e83-8f16-60a12a746e72,KXNCAAF-26-OKL,2025-09-10T17:44:03.898419Z,282.00,0.0500,0.9500,yes
e74803fd-e55b-491e-b27f-16c82f48b88d,KXNCAAF-26-OKL,2025-09-10T13:50:42.397684Z,10.00,0.0400,0.9600,no
59aca475-211d-4f76-bbf5-849b23f6a733,KXNCAAF-26-OKL,2025-09-10T02:02:44.963401Z,5.00,0.0500,0.9500,yes
c697bada-1e23-4d11-9396-cff2bf3753d5,KXNCAAF-26-OKL,2025-09-10T01:47:27.539202Z,495.00,0.0400,0.9600,no
f26ef0b1-c2a6-4ba7-aad6-cd2701b8e22f,KXNCAAF-26-OKL,2025-09-10T00:04:54.695125Z,95.00,0.0500,0.9500,yes
6250355c-7c8f-4b68-a589-56102471389d,KXNCAAF-26-OKL,2025-09-10T00:04:54.695125Z,5.00,0.0500,0.9500,yes
d70a469c-a555-449a-a219-d90e9ad32eb4,KXNCAAF-26-OKL,2025-09-09T21:31:37.525884Z,72.00,0.0500,0.9500,yes
476732a5-b336-42ae-88ec-bca974c43906,KXNCAAF-26-OKL,2025-09-09T21:31:37.525884Z,128.00,0.0500,0.9500,yes
ccdf3cb8-b1be-4297-861b-301a0b83c6a7,KXNCAAF-26-OKL,2025-09-09T19:35:13.361544Z,5.00,0.0400,0.9600,no
43e704c5-c999-4677-8cc2-150f58506c15,KXNCAAF-26-OKL,2025-09-09T14:45:33.743713Z,1.00,0.0500,0.9500,yes
20b4fd64-fc6d-4986-9077-8b7f17e02109,KXNCAAF-26-OKL,2025-09-09T12:05:53.468814Z,10.00,0.0600,0.9400,yes
2544063c-e9d7-44d4-ad86-6c9976025117,KXNCAAF-26-OKL,2025-09-09T04:41:04.657615Z,390.00,0.0600,0.9400,yes
940cdb6e-c5e4-4d10-8e21-e9cfd4fdf573,KXNCAAF-26-OKL,2025-09-09T04:15:06.272042Z,900.00,0.0600,0.9400,yes
72ecbd51-e71a-46d8-92d9-8793b0e4c9f9,KXNCAAF-26-OKL,2025-09-09T04:08:25.66407Z,361.00,0.0500,0.9500,yes
1fdd469f-5ced-4c1b-b4db-a14691792acf,KXNCAAF-26-OKL,2025-09-09T04:08:25.66407Z,29.00,0.0500,0.9500,yes
78df1d49-91ea-42b1-88f6-374414084e65,KXNCAAF-26-OKL,2025-09-09T03:56:23.495349Z,37.00,0.0500,0.9500,yes
ddbbe73d-7086-447e-a282-11c410ff78b6,KXNCAAF-26-OKL,2025-09-09T03:12:37.470036Z,156.00,0.0600,0.9400,yes
f39725b5-626a-4687-aa33-22ff55468c87,KXNCAAF-26-OKL,2025-09-09T03:11:01.012254Z,1704.00,0.0600,0.9400,yes
d62acf7c-6dca-4b6c-a51f-b67a123f9a8d,KXNCAAF-26-OKL,2025-09-09T03:11:01.012254Z,1975.00,0.0400,0.9600,yes
a7fa5311-8127-47d3-8d91-6417ad0c0f14,KXNCAAF-26-OKL,2025-09-09T03:11:01.012254Z,125.00,0.0500,0.9500,yes
538b882c-fe0f-4f26-96af-2a08b6eab0ff,KXNCAAF-26-OKL,2025-09-09T03:07:55.772226Z,25.00,0.0400,0.9600,yes
e48296c5-c068-4872-9f3f-f671972588a4,KXNCAAF-26-OKL,2025-09-08T23:19:26.758261Z,1288.00,0.0400,0.9600,yes
d4e3a194-19e8-4284-a6a5-606629377841,KXNCAAF-26-OKL,2025-09-08T22:40:00.790177Z,1.00,0.0400,0.9600,yes
6be81a8a-0a47-4c60-8170-562525d11e4d,KXNCAAF-26-OKL,2025-09-08T22:39:37.75571Z,15.00,0.0400,0.9600,yes
43c163fa-8cb5-4445-b0c1-49ecbbe7459d,KXNCAAF-26-OKL,2025-09-08T20:29:43.751339Z,2.00,0.0400,0.9600,yes
70a2cb53-169b-4029-bfe3-3b16c71bceaf,KXNCAAF-26-OKL,2025-09-08T19:02:10.280519Z,500.00,0.0400,0.9600,yes
3266de8d-5018-43e8-9f9a-ad5e7b232905,KXNCAAF-26-OKL,2025-09-08T18:33:13.501516Z,478.00,0.0400,0.9600,yes
68763faf-9b54-41a6-89ab-5e3ba23d21b1,KXNCAAF-26-OKL,2025-09-08T16:23:00.807859Z,100.00,0.0400,0.9600,yes
540fc1d2-ad66-43d7-a9f3-1d9e6d7cbea2,KXNCAAF-26-OKL,2025-09-08T15:30:58.766375Z,1000.00,0.0400,0.9600,yes
34941bc6-f9c7-4a5c-a164-8770f45508a6,KXNCAAF-26-OKL,2025-09-08T13:55:29.188738Z,2.00,0.0400,0.9600,yes
cebaf559-ff4f-4955-8738-7caae47ff759,KXNCAAF-26-OKL,2025-09-08T13:17:14.86598Z,33.00,0.0400,0.9600,yes
d2260670-21b2-4f52-828f-770b8af14e21,KXNCAAF-26-OKL,2025-09-08T12:05:58.24616Z,166.00,0.0400,0.9600,yes
a46b0ffb-e5b4-4df7-8d12-1b8e425d1362,KXNCAAF-26-OKL,2025-09-08T11:15:51.46893Z,46.00,0.0400,0.9600,yes
b8a75d1f-3b0d-4456-9000-4900fa5f14af,KXNCAAF-26-OKL,2025-09-08T05:38:56.651439Z,1507.00,0.0300,0.9700,yes
b636f2bc-3e0c-4b41-a2d6-b9d4f8c3a493,KXNCAAF-26-OKL,2025-09-08T05:38:56.651439Z,2000.00,0.0300,0.9700,yes
6ec2bf3b-e3ba-4edb-88b6-704d9e145000,KXNCAAF-26-OKL,2025-09-08T05:38:56.651439Z,164.00,0.0400,0.9600,yes
65fbc8f3-f521-499d-a948-a84514666282,KXNCAAF-26-OKL,2025-09-08T05:38:56.651439Z,4196.00,0.0400,0.9600,yes
34b92b7b-441f-44d7-b7db-34ea4ea5cf9c,KXNCAAF-26-OKL,2025-09-08T05:38:56.651439Z,5556.00,0.0400,0.9600,yes
2be37d9f-988f-407e-946c-3ab364472384,KXNCAAF-26-OKL,2025-09-08T05:38:56.651439Z,14360.00,0.0300,0.9700,yes
14818183-017f-4c93-808e-d78b6da6cc7d,KXNCAAF-26-OKL,2025-09-08T05:38:56.651439Z,100.00,0.0400,0.9600,yes
864a9a16-0d5c-42ec-9920-e16141a9da11,KXNCAAF-26-OKL,2025-09-08T04:38:55.453507Z,100.00,0.0300,0.9700,yes
1c09dc6e-79e8-423d-b0fb-f71e57dce655,KXNCAAF-26-OKL,2025-09-08T04:32:41.254397Z,25.00,0.0300,0.9700,yes
a46d3bf2-c08d-414a-b1b9-0f81b6a84fed,KXNCAAF-26-OKL,2025-09-08T03:51:11.424259Z,2177.00,0.0300,0.9700,yes
f54d6a10-40f3-42f1-8530-8dd1ede67917,KXNCAAF-26-OKL,2025-09-07T22:09:38.247476Z,50.00,0.0300,0.9700,yes
ba52fbff-b189-4127-ad6a-877344555932,KXNCAAF-26-OKL,2025-09-07T17:30:15.643194Z,1.00,0.0300,0.9700,yes
37ab6c37-f944-4d64-b530-ddf5edab085f,KXNCAAF-26-OKL,2025-09-07T17:10:14.833749Z,1000.00,0.0300,0.9700,yes
c8d0a0cb-62de-4957-9890-1573e7011866,KXNCAAF-26-OKL,2025-09-07T16:50:08.222337Z,31.00,0.0300,0.9700,yes
61c7afad-1735-4b60-a2d8-fe47ab6ac162,KXNCAAF-26-OKL,2025-09-07T16:33:00.503335Z,1000.00,0.0300,0.9700,yes
22b91b97-7b1d-4cf2-a097-bd8ac3546b86,KXNCAAF-26-OKL,2025-09-07T14:55:37.574762Z,200.00,0.0300,0.9700,yes
6cd3d41c-7eac-4bea-90d8-04e5638397f7,KXNCAAF-26-OKL,2025-09-07T14:39:16.17345Z,350.00,0.0300,0.9700,yes
45d629cc-92d5-47a7-85aa-4552a4bf3220,KXNCAAF-26-OKL,2025-09-07T14:38:43.117903Z,93.00,0.0300,0.9700,yes
e27bbecc-7677-4102-984b-1b9a5920edbf,KXNCAAF-26-OKL,2025-09-07T13:50:29.891795Z,200.00,0.0300,0.9700,yes
ea5d5fda-e40f-46cd-8a75-9ba09a740962,KXNCAAF-26-OKL,2025-09-07T13:40:48.214379Z,200.00,0.0300,0.9700,yes
8717eb03-4ac1-4374-8490-78691a4e71e9,KXNCAAF-26-OKL,2025-09-07T11:13:45.830483Z,31.00,0.0300,0.9700,yes
a1070e8a-7850-4680-b75e-d0ccdbd44477,KXNCAAF-26-OKL,2025-09-07T05:39:48.926545Z,182.00,0.0300,0.9700,yes
29b32827-19a0-4abd-9a0e-dd272a12c653,KXNCAAF-26-OKL,2025-09-07T05:39:48.926545Z,18.00,0.0300,0.9700,yes
cd6c699d-abea-40b6-b528-ead66669d0ce,KXNCAAF-26-OKL,2025-09-07T05:24:42.777434Z,500.00,0.0300,0.9700,yes
eedef772-2c20-4094-a9dc-cff8fd240285,KXNCAAF-26-OKL,2025-09-07T05:18:45.285224Z,482.00,0.0300,0.9700,yes
6c4047f5-fb74-4f59-b9f6-89a253dd5ded,KXNCAAF-26-OKL,2025-09-07T05:18:45.285224Z,446.00,0.0200,0.9800,yes
e9a00253-4088-43a0-803e-7d8ca28285a2,KXNCAAF-26-OKL,2025-09-07T04:20:50.18185Z,3.00,0.0200,0.9800,yes
55885d4e-856c-4681-b57d-ff5a71b18b80,KXNCAAF-26-OKL,2025-09-07T03:40:52.330902Z,250.00,0.0200,0.9800,yes
002d0e87-d674-4eb4-9ced-56800386ecb4,KXNCAAF-26-OKL,2025-09-07T03:32:34.393012Z,250.00,0.0200,0.9800,yes
c06f8e2b-624f-46a6-a61e-366538a82c35,KXNCAAF-26-OKL,2025-09-07T03:30:50.370609Z,51.00,0.0200,0.9800,yes
d0251f44-222a-4463-96c0-8cfc48462a86,KXNCAAF-26-OKL,2025-09-07T03:19:11.594663Z,50.00,0.0200,0.9800,yes
9950bea7-f79b-4a72-8920-fbb2ca776a30,KXNCAAF-26-OKL,2025-09-07T03:17:11.063535Z,500.00,0.0200,0.9800,yes
6063a9be-ce3e-4301-bce0-ac8b5de3521d,KXNCAAF-26-OKL,2025-09-07T02:56:01.83319Z,1065.00,0.0200,0.9800,yes
5afaf11f-5df5-4e20-9967-d0e700d813fd,KXNCAAF-26-OKL,2025-09-07T02:56:01.83319Z,1435.00,0.0200,0.9800,yes
658cb993-c088-4cbf-9acc-8d6de6b4a9a6,KXNCAAF-26-OKL,2025-09-07T02:51:50.43506Z,935.00,0.0200,0.9800,yes
dea3e74f-7e7b-4a89-add5-530ae7e6c2c0,KXNCAAF-26-OKL,2025-09-07T02:06:59.873732Z,100.00,0.0200,0.9800,yes
5e14b7d4-60c7-4cbd-bc7b-cd045f77ea73,KXNCAAF-26-OKL,2025-09-07T01:32:56.103193Z,100.00,0.0200,0.9800,yes
2e6138ef-b3ad-461d-bec7-9f1d8a1d1482,KXNCAAF-26-OKL,2025-09-07T01:32:56.103193Z,2000.00,0.0200,0.9800,yes
16729273-018c-482a-a33d-7e00cddcd8b8,KXNCAAF-26-OKL,2025-09-07T01:32:56.103193Z,2900.00,0.0200,0.9800,yes
26c38829-5cb1-4f4d-9c99-a377c15b4732,KXNCAAF-26-OKL,2025-09-07T00:15:14.815397Z,467.00,0.0200,0.9800,yes
35e4d9f1-6ad2-48a0-8ae9-07c093fd09b4,KXNCAAF-26-OKL,2025-09-07T00:04:18.141935Z,2339.00,0.0200,0.9800,yes
9b359935-474b-4968-afd4-d09d0274d3de,KXNCAAF-26-OKL,2025-09-06T23:33:07.414922Z,935.00,0.0200,0.9800,yes
254d48c7-2097-4870-bcac-f4beaf97c75b,KXNCAAF-26-OKL,2025-09-06T23:22:53.738478Z,2339.00,0.0200,0.9800,yes
2205254d-bac6-492c-9d75-c0553b740866,KXNCAAF-26-OKL,2025-09-06T23:02:50.571166Z,50.00,0.0200,0.9800,yes
58f0d3fa-14c6-43fa-8da4-4d7c47012ab3,KXNCAAF-26-OKL,2025-09-06T20:25:15.015358Z,46.00,0.0200,0.9800,yes
59968750-8e34-4a81-9732-6a9070fb09cb,KXNCAAF-26-OKL,2025-09-06T14:02:34.555978Z,1000.00,0.0200,0.9800,yes
8f69b9a8-7ac2-43ba-b454-11f2d59d2cbf,KXNCAAF-26-OKL,2025-09-05T22:50:14.100699Z,100.00,0.0200,0.9800,yes
b96d2f9a-a458-486d-8045-d6e36cf8cf7e,KXNCAAF-26-OKL,2025-09-05T21:22:41.249294Z,1217.00,0.0200,0.9800,yes
85cb5dd8-cdd4-4cf7-a6c6-36d169a25e45,KXNCAAF-26-OKL,2025-09-05T21:22:41.249294Z,783.00,0.0200,0.9800,yes
12a9bf0a-2ee4-49c5-8a8c-3843a3698ad2,KXNCAAF-26-OKL,2025-09-05T19:43:15.63997Z,50.00,0.0200,0.9800,yes
47a9673d-29e0-4cf9-94a0-9e5e871119ab,KXNCAAF-26-OKL,2025-09-05T13:34:11.87993Z,5.00,0.0200,0.9800,yes
8a0a485f-1274-4ec3-949b-39be640b40c9,KXNCAAF-26-OKL,2025-09-05T03:21:14.775942Z,250.00,0.0200,0.9800,yes
0e9257af-730c-4338-9b5d-3b7d39c78265,KXNCAAF-26-OKL,2025-09-04T19:12:30.18224Z,46.00,0.0200,0.9800,yes
cdf6f0ff-3e27-4282-a40c-9a5b2ec1ea81,KXNCAAF-26-OKL,2025-09-04T05:28:20.271245Z,19.00,0.0200,0.9800,yes
8e2b833a-c241-45d0-8a83-d780248cd56f,KXNCAAF-26-OKL,2025-09-03T15:30:52.342156Z,100.00,0.0200,0.9800,yes
039e1ff1-c924-4b5e-8720-8e46107e0670,KXNCAAF-26-OKL,2025-09-03T04:50:20.384195Z,93.00,0.0200,0.9800,yes
d7a23b73-8768-412c-af99-57cbcfc44574,KXNCAAF-26-OKL,2025-09-03T02:28:42.02037Z,420.00,0.0200,0.9800,yes
ff3a59e9-1dbf-475e-b9fc-396f22d3380e,KXNCAAF-26-OKL,2025-09-03T00:49:42.638809Z,20.00,0.0200,0.9800,yes
e077c763-b79c-4f4a-b4b8-74f167405d1a,KXNCAAF-26-OKL,2025-09-02T18:07:27.956666Z,1403.00,0.0200,0.9800,yes
689f998a-94c6-4302-9eb1-58af47aa7da0,KXNCAAF-26-OKL,2025-09-02T01:45:32.726961Z,10.00,0.0200,0.9800,yes
1ef25323-e7af-4ff8-a2b2-19cda1cec612,KXNCAAF-26-OKL,2025-09-01T22:14:34.899518Z,500.00,0.0200,0.9800,yes
728c8e32-8cc1-42e8-a7d6-ec17d45aff15,KXNCAAF-26-OKL,2025-09-01T22:10:27.253847Z,467.00,0.0200,0.9800,yes
802e7833-5e69-4c3a-b94e-2db0e4a1217d,KXNCAAF-26-OKL,2025-09-01T20:08:33.761238Z,3509.00,0.0200,0.9800,yes
d733fa39-4d56-4709-8850-08a4c14ec3f1,KXNCAAF-26-OKL,2025-09-01T18:07:38.917812Z,2325.00,0.0200,0.9800,yes
9dc45dc9-623b-4601-8fa2-0ff5bfb87389,KXNCAAF-26-OKL,2025-09-01T18:07:38.917812Z,2354.00,0.0200,0.9800,yes
c6411da6-adf5-4d34-87bc-a3b72e1a216f,KXNCAAF-26-OKL,2025-09-01T04:58:09.589752Z,17.00,0.0200,0.9800,yes
399adf23-1d31-49d3-b7f7-243b8591f4b9,KXNCAAF-26-OKL,2025-09-01T02:00:44.469775Z,25.00,0.0200,0.9800,yes
35f259e2-3e46-4604-a173-ad2400947d2a,KXNCAAF-26-OKL,2025-08-31T21:39:53.461353Z,50.00,0.0200,0.9800,yes
a91ac8e3-8bd6-4aba-b91a-ea03f806214c,KXNCAAF-26-OKL,2025-08-31T20:18:25.711544Z,125.00,0.0200,0.9800,yes
1e30c992-e973-4ef6-8c9f-d2c8ea41f810,KXNCAAF-26-OKL,2025-08-31T17:25:49.78421Z,467.00,0.0200,0.9800,yes
f6597fe4-7062-400d-91e4-9e4ca7aac23c,KXNCAAF-26-OKL,2025-08-31T16:42:12.833945Z,1000.00,0.0200,0.9800,yes
90f5fbf5-6b28-4f6c-a87f-79ebc6820b50,KXNCAAF-26-OKL,2025-08-31T04:31:57.270234Z,46.00,0.0200,0.9800,yes
b049d041-9e7e-43c9-8f2e-f5d4519c17ac,KXNCAAF-26-OKL,2025-08-31T03:40:19.137558Z,100.00,0.0200,0.9800,yes
1c5eeded-2afd-4906-8bc3-18fd165933f3,KXNCAAF-26-OKL,2025-08-31T00:53:18.542045Z,250.00,0.0200,0.9800,yes
493bbf4a-b600-4b27-8505-5eea26d06ab3,KXNCAAF-26-OKL,2025-08-30T23:49:27.826435Z,120.00,0.0200,0.9800,yes
dbec0939-4950-45a2-b70e-8ec932cba3ff,KXNCAAF-26-OKL,2025-08-30T16:12:54.624171Z,446.00,0.0200,0.9800,yes
41df9b83-a6ba-4474-80da-b2c753c936c7,KXNCAAF-26-OKL,2025-08-30T16:12:54.624171Z,54.00,0.0200,0.9800,yes
fa061b0a-c2e4-4598-811e-2bd2fb7057af,KXNCAAF-26-OKL,2025-08-30T15:36:33.248602Z,46.00,0.0200,0.9800,yes
09c137bd-9147-4db6-8792-20b8fc19ec51,KXNCAAF-26-OKL,2025-08-30T02:44:19.784965Z,463.00,0.0100,0.9900,no
6cd44dd4-0d38-4e0d-8de7-b70140637850,KXNCAAF-26-OKL,2025-08-29T22:53:04.979799Z,124.00,0.0200,0.9800,yes
92412da9-8f21-4065-b330-16980c604245,KXNCAAF-26-OKL,2025-08-29T20:55:33.804233Z,500.00,0.0200,0.9800,yes
dc47dd24-e708-4dc7-abb5-97f757547f42,KXNCAAF-26-OKL,2025-08-29T11:42:43.803839Z,2339.00,0.0200,0.9800,yes
c93e0d12-8c44-4754-8cbf-977fa794df89,KXNCAAF-26-OKL,2025-08-29T05:54:11.88583Z,3930.00,0.0200,0.9800,yes
4e296d2f-bb21-4987-91bf-5138e2f12ba6,KXNCAAF-26-OKL,2025-08-29T05:54:11.88583Z,1070.00,0.0200,0.9800,yes
dab53a86-d65f-49f0-bc7c-d7255139aee2,KXNCAAF-26-OKL,2025-08-29T03:40:20.824809Z,625.00,0.0200,0.9800,yes
f70b9087-4e42-4516-8ace-9d79b2c1ae27,KXNCAAF-26-OKL,2025-08-29T01:00:39.85413Z,1169.00,0.0200,0.9800,yes
ba818d27-6aed-4f43-8871-11be95bfff98,KXNCAAF-26-OKL,2025-08-28T22:18:05.547091Z,40.00,0.0200,0.9800,yes
a80a394c-f878-41c6-938e-c798872a55de,KXNCAAF-26-OKL,2025-08-28T20:37:18.781108Z,100.00,0.0200,0.9800,yes
496c5e0c-7b4e-4dfa-b586-861bd1f84aed,KXNCAAF-26-OKL,2025-08-28T16:52:26.544948Z,500.00,0.0200,0.9800,yes
d33e2cff-c986-4aca-b40c-e6200adaa76e,KXNCAAF-26-OKL,2025-08-28T16:39:21.382814Z,300.00,0.0200,0.9800,yes
0da31088-6f89-4456-b624-ed22c79d995a,KXNCAAF-26-OKL,2025-08-28T15:58:13.575556Z,200.00,0.0200,0.9800,yes
d0487d37-61a1-4c20-9678-18befb4b200a,KXNCAAF-26-OKL,2025-08-28T03:32:54.311795Z,35.00,0.0200,0.9800,yes
313b3a7c-1cca-44cf-b712-17c03e6af06e,KXNCAAF-26-OKL,2025-08-27T21:24:59.159388Z,961.00,0.0200,0.9800,yes
04b13cf6-ff7a-4f36-b09b-106c916cba94,KXNCAAF-26-OKL,2025-08-27T21:24:59.159388Z,339.00,0.0200,0.9800,yes
e8fcc35b-77fd-4c0b-b019-b0011e705c00,KXNCAAF-26-OKL,2025-08-27T13:56:45.4957Z,1.00,0.0200,0.9800,yes
f965ab2f-f609-4aec-bc44-681879511251,KXNCAAF-26-OKL,2025-08-27T01:57:21.814229Z,125.00,0.0200,0.9800,yes
eec22c4e-fc82-47d6-83f1-dea962a24057,KXNCAAF-26-OKL,2025-08-26T21:46:51.082481Z,4535.00,0.0200,0.9800,yes
add2ad33-e2fd-4b63-a810-47190b461540,KXNCAAF-26-OKL,2025-08-26T21:46:51.082481Z,1500.00,0.0200,0.9800,yes
5bbf0331-999c-48d5-a9e8-76a0a1d9b14b,KXNCAAF-26-OKL,2025-08-26T21:46:51.082481Z,3965.00,0.0200,0.9800,yes
ad627d0b-7b01-402a-8600-7b873aa40ed9,KXNCAAF-26-OKL,2025-08-26T16:43:56.295628Z,1000.00,0.0200,0.9800,yes
9869510d-7f41-4961-b391-8e10dcdabf2c,KXNCAAF-26-OKL,2025-08-26T04:30:48.431857Z,25.00,0.0200,0.9800,yes
122da3eb-fd67-4623-a4fb-648109af7354,KXNCAAF-26-OKL,2025-08-25T23:03:19.200146Z,10.00,0.0200,0.9800,yes
bf2117ee-27b7-4258-af97-11e238a20897,KXNCAAF-26-OKL,2025-08-25T18:22:54.242425Z,100.00,0.0200,0.9800,yes
41f4f858-0fa6-46b4-887e-0d19405cc289,KXNCAAF-26-OKL,2025-08-25T18:22:54.242425Z,400.00,0.0200,0.9800,yes
a99ec6fa-20c1-4010-9235-49f5c179c3ef,KXNCAAF-26-OKL,2025-08-25T17:23:33.874037Z,5000.00,0.0200,0.9800,yes
a2b9036c-b0eb-41ec-a989-35dbdff0b873,KXNCAAF-26-OKL,2025-08-25T17:23:33.874037Z,4600.00,0.0200,0.9800,yes
8f366e99-5de3-4b0d-b5ca-fe8c8223f2e9,KXNCAAF-26-OKL,2025-08-25T17:23:33.874037Z,2071.00,0.0200,0.9800,yes
0ff9a1fd-67b9-46b5-94d4-9b847d19a9d9,KXNCAAF-26-OKL,2025-08-25T17:23:33.874037Z,3334.00,0.0200,0.9800,yes
ee9f2bbe-8ae2-425d-9596-15f5e1e40789,KXNCAAF-26-OKL,2025-08-25T15:20:19.752127Z,405.00,0.0200,0.9800,yes
3fdafd42-bff1-4558-a9ba-6458adf5aa87,KXNCAAF-26-OKL,2025-08-25T15:20:19.752127Z,1262.00,0.0200,0.9800,yes
28f77fda-cba0-4b69-a723-27a24c340169,KXNCAAF-26-OKL,2025-08-25T15:20:19.752127Z,3333.00,0.0200,0.9800,yes
8c526b96-f775-4e1f-97ba-cf14d10b223d,KXNCAAF-26-OKL,2025-08-25T15:19:32.913484Z,500.00,0.0200,0.9800,yes
848fbdcf-3c5c-4b46-912f-7e4e766cfed7,KXNCAAF-26-OKL,2025-08-25T13:11:38.94048Z,187.00,0.0200,0.9800,yes
844df4e4-ae90-4d8c-8fc5-c064c6deaf30,KXNCAAF-26-OKL,2025-08-25T02:16:41.319932Z,100.00,0.0200,0.9800,yes
5488cf10-d819-474d-af6a-3550a961b595,KXNCAAF-26-OKL,2025-08-25T00:16:48.791737Z,5292.00,0.0200,0.9800,yes
22e138f4-fc14-4792-8ed6-5b2fba8cd547,KXNCAAF-26-OKL,2025-08-25T00:16:48.791737Z,3808.00,0.0200,0.9800,yes
00361b3a-3eb7-4aa4-aa2f-3f6f5a289c2b,KXNCAAF-26-OKL,2025-08-25T00:16:48.791737Z,900.00,0.0200,0.9800,yes
4e78ad03-28a1-43e7-b16e-16a65f2054c8,KXNCAAF-26-OKL,2025-08-24T19:01:18.808856Z,100.00,0.0200,0.9800,yes
f14b5665-dfa0-433a-a6f0-c436558008fe,KXNCAAF-26-OKL,2025-08-24T16:38:06.972796Z,87.00,0.0200,0.9800,yes
22f1b881-b0bf-4df4-821d-829af0cbdc70,KXNCAAF-26-OKL,2025-08-24T16:38:06.972796Z,163.00,0.0200,0.9800,yes
b68d6951-756c-44bf-bb87-c428885266db,KXNCAAF-26-OKL,2025-08-24T16:22:13.167601Z,935.00,0.0200,0.9800,yes
e7b49ff3-07cf-4c23-93aa-366a19c951ef,KXNCAAF-26-OKL,2025-08-24T12:44:23.489918Z,46.00,0.0200,0.9800,yes
1b776213-f89a-414d-b461-3f4dcdd6f4c1,KXNCAAF-26-OKL,2025-08-24T00:53:24.641272Z,1000.00,0.0200,0.9800,yes
bbf1925f-f744-4a14-84c4-e810cedcd5ed,KXNCAAF-26-OKL,2025-08-23T21:48:17.277924Z,150.00,0.0200,0.9800,yes
d60dcf4d-6879-4222-ac44-e8a8844cf5c7,KXNCAAF-26-OKL,2025-08-23T21:25:53.32738Z,100.00,0.0200,0.9800,yes
4f618033-d277-43a9-920f-c013e2091c69,KXNCAAF-26-OKL,2025-08-23T17:23:45.106837Z,100.00,0.0200,0.9800,yes
e8c11c10-239f-446c-8534-32ebad5fc369,KXNCAAF-26-OKL,2025-08-23T14:08:48.345475Z,1000.00,0.0200,0.9800,yes
97f761ff-f927-482a-adfb-8cebd7698b87,KXNCAAF-26-OKL,2025-08-23T06:25:15.244642Z,374.00,0.0200,0.9800,yes
061ce2b8-fa49-4653-89fd-95f26384256b,KXNCAAF-26-OKL,2025-08-23T03:08:29.289022Z,187.00,0.0200,0.9800,yes
c2ee5ae0-16f5-4195-9949-8e52ed86757b,KXNCAAF-26-OKL,2025-08-23T02:54:30.878647Z,356.00,0.0200,0.9800,yes
1f8b80b7-85eb-422d-93ce-1f90bddb5cb7,KXNCAAF-26-OKL,2025-08-23T02:54:30.878647Z,1021.00,0.0200,0.9800,yes
b7f11f66-b824-47ac-ba38-9fc83835e527,KXNCAAF-26-OKL,2025-08-23T02:53:59.696622Z,46.00,0.0200,0.9800,yes
3da0f3e3-3046-4756-8324-680e5a271566,KXNCAAF-26-OKL,2025-08-22T23:34:40.930832Z,2.00,0.0200,0.9800,yes
ece3e11f-90ab-4814-bd32-826c9928bfa7,KXNCAAF-26-OKL,2025-08-22T22:00:37.981482Z,50.00,0.0200,0.9800,yes
fe1fb969-c9aa-47e5-8665-7329a9e48afe,KXNCAAF-26-OKL,2025-08-22T15:13:00.582828Z,1954.00,0.0200,0.9800,yes
fbd251d0-d90a-4ab5-9bf6-5e6366c51437,KXNCAAF-26-OKL,2025-08-22T15:13:00.582828Z,46.00,0.0200,0.9800,yes
c0fb6dfb-9dce-4883-abd3-c0e58843e131,KXNCAAF-26-OKL,2025-08-22T14:44:48.463303Z,100.00,0.0200,0.9800,yes
1338a76b-968e-4a8b-a9a3-6ce0a0a1eeba,KXNCAAF-26-OKL,2025-08-22T03:11:24.224279Z,1146.00,0.0200,0.9800,yes
6a2a8c1a-b58b-4977-a3cb-2356885b10cf,KXNCAAF-26-OKL,2025-08-21T23:40:20.953222Z,1658.00,0.0200,0.9800,yes
a3ec40e2-61a0-4f4e-a4ea-c80a5698b639,KXNCAAF-26-OKL,2025-08-21T18:49:24.302139Z,100.00,0.0200,0.9800,yes
25446133-e0da-4a54-ab3f-9bbebd909d23,KXNCAAF-26-OKL,2025-08-21T18:49:24.302139Z,1943.00,0.0200,0.9800,yes
140677cf-30a0-4d9e-ac6d-f338708024f2,KXNCAAF-26-OKL,2025-08-21T18:49:24.302139Z,142.00,0.0200,0.9800,yes
078d6361-0353-4664-bf2d-63dd44672404,KXNCAAF-26-OKL,2025-08-21T18:49:24.302139Z,815.00,0.0200,0.9800,yes
8c804c89-e113-48fc-a152-d5e26edbb942,KXNCAAF-26-OKL,2025-08-21T18:09:33.595632Z,700.00,0.0200,0.9800,yes
6c7d2879-fb55-454f-a814-26cd44937035,KXNCAAF-26-OKL,2025-08-21T15:12:45.703976Z,800.00,0.0200,0.9800,yes
05c11e81-93a0-4f28-a395-ff494b74f419,KXNCAAF-26-OKL,2025-08-21T13:04:33.651306Z,500.00,0.0200,0.9800,yes
2ce49e29-c761-4f01-bf6c-02d569e5d68d,KXNCAAF-26-OKL,2025-08-21T10:43:52.919732Z,1.00,0.0100,0.9900,no
43e03af2-2a7e-42d9-b4f4-926fcaf4ba2a,KXNCAAF-26-OKL,2025-08-20T22:15:36.257451Z,467.00,0.0200,0.9800,yes
fc111415-268c-4179-81ca-f6d2032d6da7,KXNCAAF-26-OKL,2025-08-17T21:31:13.755318Z,781.00,0.0200,0.9800,yes
50a20995-726f-4612-93d4-a859715deb92,KXNCAAF-26-OKL,2025-08-17T21:31:13.755318Z,590.00,0.0200,0.9800,yes
636c5c6f-673e-4b21-963a-1d1f745e3b88,KXNCAAF-26-OKL,2025-08-14T09:25:18.778252Z,46.00,0.0200,0.9800,yes
960025d8-0336-4ce5-9104-6576807046e5,KXNCAAF-26-OKL,2025-08-14T06:58:23.441422Z,323.00,0.0200,0.9800,yes
245563fb-9a71-4ab4-9d1a-855254ceee62,KXNCAAF-26-OKL,2025-08-14T04:32:32.386041Z,1871.00,0.0200,0.9800,yes
d7f523d9-6040-4005-a758-fac184b3ab55,KXNCAAF-26-OKL,2025-08-13T21:10:08.9129Z,460.00,0.0200,0.9800,yes
af25fcac-2b4b-46d6-8d07-266e7f5f6c99,KXNCAAF-26-OKL,2025-08-12T22:55:57.5024Z,1192.00,0.0200,0.9800,yes
9a1b93d8-56e4-46a5-8e6e-cc4d74e45e00,KXNCAAF-26-OKL,2025-08-11T17:03:18.499651Z,46.00,0.0200,0.9800,yes
ea74a573-bb83-456e-99b4-c10e12ee072a,KXNCAAF-26-OKL,2025-08-10T21:06:09.817516Z,701.00,0.0200,0.9800,yes
fea9f166-a2ce-4e5d-a1e3-facfcc340167,KXNCAAF-26-OKL,2025-08-10T00:43:45.861885Z,1000.00,0.0100,0.9900,no
7624fb10-2638-4377-96f1-61a0b7ccb995,KXNCAAF-26-OKL,2025-08-10T00:43:45.861885Z,2000.00,0.0100,0.9900,no
08679ba0-0acf-48e8-9c0f-3f56c7c520fd,KXNCAAF-26-OKL,2025-08-09T10:23:15.230926Z,93.00,0.0200,0.9800,yes
a5dd6fb5-cf5b-4789-a380-eb665f757cfd,KXNCAAF-26-OKL,2025-08-04T17:44:50.157292Z,350.00,0.0200,0.9800,yes
4ac66ece-b56c-4868-b8e7-b0a08b9a07b1,KXNCAAF-26-OKL,2025-08-04T03:33:36.495794Z,46.00,0.0200,0.9800,yes
fa75fd30-baf7-43db-a40c-18764df8d8a2,KXNCAAF-26-OKL,2025-08-02T20:43:55.504757Z,467.00,0.0200,0.9800,yes
22a86f2c-646a-4b22-a7e3-616f5262a9f7,KXNCAAF-26-OKL,2025-08-02T01:06:22.872979Z,343.00,0.0200,0.9800,yes
1b76a2b0-2690-40f3-9f11-58ba24baea4c,KXNCAAF-26-OKL,2025-08-02T01:06:22.872979Z,124.00,0.0200,0.9800,yes
94b97cae-e753-47b2-a0a1-097dc2c912aa,KXNCAAF-26-OKL,2025-08-01T21:33:03.549469Z,458.00,0.0200,0.9800,yes
88f670a5-3823-47f0-9f4c-4d18c8a6614c,KXNCAAF-26-OKL,2025-07-31T18:02:19.710645Z,699.00,0.0200,0.9800,yes
5e14a61a-a502-4703-9ae8-8bc90377c4e4,KXNCAAF-26-OKL,2025-07-31T18:02:19.710645Z,301.00,0.0200,0.9800,yes
86c43e38-6711-47eb-8593-9fa1dd61b766,KXNCAAF-26-OKL,2025-07-29T05:05:27.212429Z,93.00,0.0200,0.9800,yes
c5a04395-1def-4e32-ab30-829605ad2afc,KXNCAAF-26-OKL,2025-07-14T21:56:18.867056Z,33.00,0.0200,0.9800,yes
ab628699-4e36-4a8e-a146-2873895b1f4d,KXNCAAF-26-OKL,2025-07-14T21:56:18.867056Z,500.00,0.0200,0.9800,yes
1591825d-e044-47f7-984f-91f71700b3d0,KXNCAAF-26-OKL,2025-07-14T21:56:18.867056Z,1606.00,0.0200,0.9800,yes
0ed33fd1-8237-48bd-b4f5-2dadcc417ce8,KXNCAAF-26-OKL,2025-07-14T21:56:18.867056Z,399.00,0.0100,0.9900,yes
b3b4d081-21af-4858-90d7-486c38c4ac4e,KXNCAAF-26-OKL,2025-07-12T02:47:36.010149Z,1.00,0.0100,0.9900,yes
3a7c41b5-7bee-4830-b381-d79dab183247,KXNCAAF-26-OKL,2025-07-10T02:23:21.46632Z,1000.00,0.0200,0.9800,yes
c2127151-df70-4311-a515-6a3b2eca9e00,KXNCAAF-26-OKL,2025-07-08T17:22:52.877812Z,467.00,0.0200,0.9800,yes
de29b59b-419f-42f2-b8cd-d95d803ca505,KXNCAAF-26-OKL,2025-07-08T16:20:17.28044Z,130.00,0.0200,0.9800,yes
88edb025-9b6c-4966-b37d-a9502c4c4c60,KXNCAAF-26-OKL,2025-07-08T16:20:17.28044Z,500.00,0.0200,0.9800,yes
75582d39-5bd7-42a5-8ca7-07a436379d09,KXNCAAF-26-OKL,2025-07-08T16:20:17.28044Z,203.00,0.0300,0.9700,yes
0ae5e678-fa5c-4210-bb55-a1c2c8094cc6,KXNCAAF-26-OKL,2025-07-06T02:26:43.839095Z,297.00,0.0200,0.9800,yes
ad62a6db-4908-4406-9d74-b39479098be7,KXNCAAF-26-OKL,2025-07-04T20:43:13.126583Z,863.00,0.0200,0.9800,yes
42ede1a2-d470-46c2-9245-08458d9470e0,KXNCAAF-26-OKL,2025-07-04T20:43:13.126583Z,72.00,0.0200,0.9800,yes
ad7a0a77-fdb1-45eb-88f3-1f2a10e149f7,KXNCAAF-26-OKL,2025-07-03T00:35:50.03992Z,2000.00,0.0100,0.9900,yes
61690b45-1aa1-49e4-af4d-53512db0516b,KXNCAAF-26-OKL,2025-07-03T00:35:50.03992Z,1023.00,0.0200,0.9800,yes
1ce645cf-04a6-4c59-90db-056a1967c1a4,KXNCAAF-26-OKL,2025-07-03T00:35:50.03992Z,162.00,0.0100,0.9900,yes
43453dbd-1b25-412f-b023-1a90a91ba715,KXNCAAF-26-OKL,2025-06-26T02:32:51.239424Z,46.00,0.0200,0.9800,yes
496f6b6d-79c0-455a-ac37-f6167ed73f9b,KXNCAAF-26-OKL,2025-06-12T22:51:36.010447Z,93.00,0.0100,0.9900,yes
b5b8c284-a70b-4f01-b30e-cf4ef8ee8fbf,KXNCAAF-26-OKL,2025-06-08T23:37:50.208605Z,88.00,0.0100,0.9900,yes
3d576268-802a-40c7-b13e-81c4c7f153a8,KXNCAAF-26-OKL,2025-06-08T23:37:50.208605Z,745.00,0.0100,0.9900,yes
1b300f76-f76b-4d70-9660-c4158f4c1866,KXNCAAF-26-OKL,2025-06-08T23:37:50.208605Z,100.00,0.0100,0.9900,yes
bd712f41-c6f8-4181-a9b0-06d3a0fb798c,KXNCAAF-26-OKL,2025-06-08T13:44:38.745837Z,425.00,0.0100,0.9900,yes
03797877-56f6-43d6-bb96-449036d75b02,KXNCAAF-26-OKL,2025-06-08T13:44:38.745837Z,1912.00,0.0100,0.9900,yes
e2ea89d0-e3f0-48e5-8f43-5e105f9e2029,KXNCAAF-26-OKL,2025-06-07T22:53:14.987157Z,93.00,0.0100,0.9900,yes
b5b691ce-b839-4af5-a446-9683aed0c5b8,KXNCAAF-26-OKL,2025-06-06T20:37:57.956299Z,82.00,0.0100,0.9900,yes
f4898b90-a651-45a8-92da-d13a76472dd7,KXNCAAF-26-OKL,2025-05-27T05:59:33.516086Z,50.00,0.0100,0.9900,yes
07ccd67e-5587-46ed-8e60-1c292fe34641,KXNCAAF-26-OKL,2025-05-27T05:59:33.516086Z,68.00,0.0200,0.9800,yes
bb6f8601-d5d7-4228-83d4-bcc838cfc83d,KXNCAAF-26-OKL,2025-05-26T23:08:35.78436Z,250.00,0.0100,0.9900,yes
431eef38-11eb-4bc6-9c4a-7b1f59bc490d,KXNCAAF-26-OKL,2025-05-26T23:08:35.78436Z,100.00,0.0100,0.9900,yes
945968d7-0a63-418a-86db-f74fcabace30,KXNCAAF-26-OKL,2025-04-17T16:31:06.389757Z,34.00,0.0200,0.9800,yes
012396fe-0334-4502-82be-092c230b39e7,KXNCAAF-26-OKL,2025-04-17T16:31:06.389757Z,2.00,0.1200,0.8800,yes
781b5b86-7bf0-475a-a8ca-666bd43d719b,KXNCAAF-26-OKL,2025-04-03T05:45:37.529644Z,466.00,0.0200,0.9800,yes
42a5b43f-4458-4fc6-8e72-7d168c5b04b0,KXNCAAF-26-OKL,2025-04-03T05:45:37.529644Z,1.00,0.0200,0.9800,yes
7cbb1c4c-0f78-4307-bd0a-99880f87ade2,KXNCAAF-26-OKL,2025-03-24T01:07:25.621321Z,31.00,0.0300,0.9700,yes
bf0587a4-985d-418c-b54f-1d168a716d61,KXNCAAF-26-OKL,2025-03-16T13:06:12.137156Z,4.00,0.0100,0.9900,no
54e7e906-0f2a-4826-a1db-38e695c4182b,KXNCAAF-26-OKL,2025-03-16T04:54:50.7578Z,5.00,0.0200,0.9800,no
343763cb-cfd7-46c5-a5b6-2cece25e4851,KXNCAAF-26-OKL,2025-03-16T04:54:50.7578Z,1.00,0.0100,0.9900,no
12f3ab5b-592b-4345-805e-fbbdb4d5f55b,KXNCAAF-26-OKL,2025-03-15T20:58:08.467875Z,10.00,0.0100,0.9900,no
a31382d0-bce3-4d49-af00-1d59f81f741d,KXNCAAF-26-OKL,2025-03-15T02:27:23.90855Z,1.00,0.0100,0.9900,no
c9f11c39-24fa-4858-9a4c-679ae376b4c0,KXNCAAF-26-OKL,2025-03-14T04:25:59.568913Z,2.00,0.0200,0.9800,no
52dfd458-deb6-4852-935d-87874d5d01a2,KXNCAAF-26-OKL,2025-03-14T04:19:50.74478Z,2.00,0.0200,0.9800,no
92eee33e-72aa-4b15-84c4-57ca01775662,KXNCAAF-26-OKL,2025-03-13T20:47:46.994805Z,1.00,0.0200,0.9800,no
6ea79f8a-30a7-4d52-adb5-45f6d087f5ee,KXNCAAF-26-OKL,2025-03-13T19:34:17.618595Z,1.00,0.0200,0.9800,no
2179a286-c9a2-4b14-afc0-e4dc9fe9e11b,KXNCAAF-26-OKL,2025-03-13T17:42:32.58006Z,119.00,0.0100,0.9900,no
a2670c71-2059-4d85-8f36-d54f99f055c0,KXNCAAF-26-OKL,2025-03-13T17:41:46.999926Z,34.00,0.0100,0.9900,no
19d29395-3374-4c27-b4e3-26b8f9b1271e,KXNCAAF-26-OKL,2025-03-12T04:46:11.197857Z,63.00,0.0100,0.9900,yes
2e9a2aac-7d11-4eb0-9377-89a2b453793d,KXNCAAF-26-OKL,2025-03-04T13:30:00.820549Z,46.00,0.0200,0.9800,yes
c0844534-3e2b-4a3a-b209-11496c928456,KXNCAAF-26-OKL,2025-02-27T01:20:29.667807Z,2523.00,0.0300,0.9700,yes
6296fd37-9d96-49ca-88c9-b58dfed694c3,KXNCAAF-26-OKL,2025-02-27T01:20:29.667807Z,100.00,0.0100,0.9900,yes
d910a975-8edf-4b82-b640-072bbad68156,KXNCAAF-26-OKL,2025-02-11T19:36:52.486511Z,124.00,0.0300,0.9700,yes
