trade_id,ticker,created_time,count_fp,yes_price_dollars,no_price_dollars,taker_side
c63c0403-e0c7-73a2-ec1c-2a56b4612165,KXNCAAF-26-LSU,2025-12-08T06:39:16.250511Z,467.00,0.0100,0.9900,yes
51b803f6-9093-7e0a-dba6-fb2d665e6489,KXNCAAF-26-LSU,2025-12-02T19:30:43.876011Z,935.00,0.0100,0.9900,yes
6d2faa42-f163-78fe-5e9e-bfe2912c63b9,KXNCAAF-26-LSU,2025-11-30T15:28:28.61166Z,100.00,0.0100,0.9900,yes
bb227476-a9c3-5bfe-3f7e-299c136946a1,KXNCAAF-26-LSU,2025-11-28T20:31:00.588233Z,93.00,0.0100,0.9900,yes
364563e5-f833-45b6-d88e-ddef26314ae5,KXNCAAF-26-LSU,2025-11-20T16:52:14.952916Z,93.00,0.0100,0.9900,yes
e381ae70-ad0b-7606-52ef-0bff54256855,KXNCAAF-26-LSU,2025-11-17T15:06:35.567876Z,93.00,0.0100,0.9900,yes
022e0021-a397-45a6-12f8-b709572f806d,KXNCAAF-26-LSU,2025-11-17T02:03:10.761144Z,187.00,0.0100,0.9900,yes
f7cb4475-ea19-40a6-01c9-2c7b20f567b9,KXNCAAF-26-LSU,2025-11-17T01:31:48.023867Z,751.00,0.0100,0.9900,yes
2c83f8f9-07cb-40ba-3a32-c521e9838f91,KXNCAAF-26-LSU,2025-11-17T01:31:48.023867Z,1306.00,0.0100,0.9900,yes
361f096d-2375-6f46-10b5-de97abfd8d35,KXNCAAF-26-LSU,2025-11-17T01:26:03.224273Z,1122.00,0.0100,0.9900,yes
1b79516b-2a05-7ce6-7914-971534adba55,KXNCAAF-26-LSU,2025-11-11T19:42:22.988969Z,26.00,0.0100,0.9900,yes
19c39a8b-8271-6e3e-60b2-fb765e3f4565,KXNCAAF-26-LSU,2025-11-11T17:08:48.170783Z,100.00,0.0100,0.9900,yes
ec128c73-d6c5-4992-b9fe-3dd2156413d9,KXNCAAF-26-LSU,2025-11-10T13:57:42.645341Z,150.00,0.0100,0.9900,yes
08506422-bd09-765e-0ef0-dc8975252fad,KXNCAAF-26-LSU,2025-11-01T19:49:25.483422Z,467.00,0.0100,0.9900,yes
df18b8df-3929-4c02-ef55-2f61c2d268bd,KXNCAAF-26-LSU,2025-10-27T00:46:19.269825Z,100.00,0.0100,0.9900,yes
1f89529e-1461-6bc6-12a3-05b69f0709d5,KXNCAAF-26-LSU,2025-10-26T23:29:59.610224Z,93.00,0.0100,0.9900,yes
64f3e767-7041-59de-33c3-fdbc93308b59,KXNCAAF-26-LSU,2025-10-25T20:06:42.703851Z,100.00,0.0100,0.9900,yes
162d6e55-f840-541b-ec7b-c6bea1e6e2f6,KXNCAAF-26-LSU,2025-10-24T15:15:01.376061Z,450.00,0.0100,0.9900,yes
3dc7f088-5768-7a73-470f-91dc525f77ba,KXNCAAF-26-LSU,2025-10-24T15:14:42.379793Z,386.00,0.0100,0.9900,yes
75cecccf-e2a0-52c3-6e2d-ff1fc72d49ba,KXNCAAF-26-LSU,2025-10-23T04:23:06.779538Z,100.00,0.0100,0.9900,yes
8839b40a-5e6c-6ff7-d48a-6a0e18ffb882,KXNCAAF-26-LSU,2025-10-19T21:40:23.495118Z,7.00,0.0100,0.9900,yes
49400a1e-1ad4-6dfb-99e4-8227b49d658a,KXNCAAF-26-LSU,2025-10-19T02:49:16.617181Z,200.00,0.0100,0.9900,yes
dba61229-bec1-7d86-7bca-14756d2e9195,KXNCAAF-26-LSU,2025-10-18T19:44:10.390787Z,5.00,0.0200,0.9800,yes
f6f481b1-50c6-43c6-99cb-a065912a3c19,KXNCAAF-26-LSU,2025-10-18T19:12:49.515079Z,8170.00,0.0100,0.9900,no
9786771a-640f-4a6d-b5e8-87d6582dcf79,KXNCAAF-26-LSU,2025-10-18T19:12:49.515079Z,147.00,0.0100,0.9900,no
e00c8257-8a29-62c2-ec09-263fd6e46779,KXNCAAF-26-LSU,2025-10-18T18:23:27.761476Z,625.00,0.0200,0.9800,yes
a0816e56-d06b-5345-52bf-23591ce94c91,KXNCAAF-26-LSU,2025-10-18T18:10:15.542499Z,853.00,0.0100,0.9900,no
113b600b-7fe1-5ff3-64d1-ed4bb5a9a14b,KXNCAAF-26-LSU,2025-10-18T18:10:15.542499Z,147.00,0.0100,0.9900,no
055d4d67-67bd-630e-209d-3db2b6774b85,KXNCAAF-26-LSU,2025-10-18T17:10:46.710953Z,4.00,0.0200,0.9800,yes
efb31527-6cd1-6676-8ffd-8b242b3ab615,KXNCAAF-26-LSU,2025-10-18T16:49:36.121005Z,1457.00,0.0200,0.9800,yes
9cf659d9-d2eb-6740-939c-0d3df168cbfd,KXNCAAF-26-LSU,2025-10-18T16:49:36.121005Z,500.00,0.0200,0.9800,yes
990f9cf1-f9f1-6938-865d-03c000c3fd26,KXNCAAF-26-LSU,2025-10-18T16:49:36.121005Z,29.00,0.0200,0.9800,yes
7e61a4de-c6db-60f9-b1ef-46e2d6f63abe,KXNCAAF-26-LSU,2025-10-18T16:49:36.121005Z,356.00,0.0200,0.9800,yes
0f78efea-3b2c-64b4-ac60-57403c202231,KXNCAAF-26-LSU,2025-10-18T16:49:36.121005Z,158.00,0.0200,0.9800,yes
98b43e87-5223-5f69-4d23-83539bad68a6,KXNCAAF-26-LSU,2025-10-18T16:14:33.477435Z,459.00,0.0200,0.9800,yes
1b176728-79d7-598d-3b39-b29e1a5f234e,KXNCAAF-26-LSU,2025-10-18T16:00:16.743549Z,1596.00,0.0200,0.9800,yes
8910d24a-d2af-5389-a535-ee0a62c7aac2,KXNCAAF-26-LSU,2025-10-18T12:43:01.243039Z,500.00,0.0200,0.9800,yes
fc515d79-7a17-6891-1040-2ae8bb693b02,KXNCAAF-26-LSU,2025-10-18T04:07:23.367144Z,100.00,0.0200,0.9800,yes
d642b23b-042b-6631-a3a3-8d866b074f96,KXNCAAF-26-LSU,2025-10-18T00:35:16.755655Z,1000.00,0.0200,0.9800,yes
079ed2e8-6fb7-4f81-851c-4249e4416ee6,KXNCAAF-26-LSU,2025-10-18T00:32:14.604542Z,1000.00,0.0200,0.9800,yes
73675bc7-2ce7-7609-b841-ed8ebc2e483a,KXNCAAF-26-LSU,2025-10-17T23:29:58.005877Z,458.00,0.0200,0.9800,yes
db34c77a-67af-7e7d-d7e9-b87f72ff379a,KXNCAAF-26-LSU,2025-10-17T20:48:27.999992Z,200.00,0.0200,0.9800,yes
fae91228-7ba3-5711-511b-ff089267ca82,KXNCAAF-26-LSU,2025-10-17T18:02:10.910382Z,412.00,0.0200,0.9800,yes
421f3916-bacb-6cdd-264d-94db9195bd7a,KXNCAAF-26-LSU,2025-10-17T07:50:42.501328Z,2339.00,0.0200,0.9800,yes
dc2d612a-d5bb-6a41-6bd2-3a06559b26be,KXNCAAF-26-LSU,2025-10-17T03:42:34.24953Z,14.00,0.0200,0.9800,yes
8381ebbb-9a3f-59bd-d533-aa2192f41532,KXNCAAF-26-LSU,2025-10-16T19:44:49.189251Z,50.00,0.0200,0.9800,yes
bb717a67-854b-5931-f949-d7a9a95c4b0e,KXNCAAF-26-LSU,2025-10-15T15:54:00.590612Z,701.00,0.0200,0.9800,yes
a899e630-4eb7-4a01-6645-701ebf34f702,KXNCAAF-26-LSU,2025-10-15T15:52:37.209361Z,500.00,0.0200,0.9800,yes
bcc8c66e-e43f-7405-2825-5ba7fda9b352,KXNCAAF-26-LSU,2025-10-15T00:35:46.089992Z,25.00,0.0200,0.9800,yes
3df367b2-f1fb-4b6d-84a6-b6491ad0d34a,KXNCAAF-26-LSU,2025-10-14T20:12:21.998596Z,290.00,0.0200,0.9800,yes
096e7f16-31d8-4048-a581-c0f1128d6b6b,KXNCAAF-26-LSU,2025-10-14T20:12:21.998596Z,598.00,0.0200,0.9800,yes
fa018a8e-297c-6074-03d0-5cb0fa839257,KXNCAAF-26-LSU,2025-10-14T16:54:26.940768Z,187.00,0.0200,0.9800,yes
9d17cd27-a8a9-6b6b-8e3e-f3cbf0a981ff,KXNCAAF-26-LSU,2025-10-14T16:11:28.664281Z,158.00,0.0100,0.9900,no
0c62c78e-2858-6ad7-9ff3-356f1d2fe3e7,KXNCAAF-26-LSU,2025-10-14T16:11:28.664281Z,29.00,0.0100,0.9900,no
13f751c2-9ea8-60c8-86ae-c73eee22417f,KXNCAAF-26-LSU,2025-10-14T15:25:36.017644Z,250.00,0.0200,0.9800,yes
f4e1a590-637c-7b9c-3498-bfc360dae563,KXNCAAF-26-LSU,2025-10-14T04:27:28.88227Z,2965.00,0.0200,0.9800,yes
12715105-91d8-765f-45cf-b4856402f79d,KXNCAAF-26-LSU,2025-10-14T02:40:33.505045Z,109.00,0.0200,0.9800,no
c903976a-ca64-75eb-6539-d947cc410ce1,KXNCAAF-26-LSU,2025-10-14T02:16:10.716133Z,94.00,0.0200,0.9800,no
75f2a491-0b88-5712-e940-cfc45645e2cd,KXNCAAF-26-LSU,2025-10-13T20:15:25.785112Z,100.00,0.0300,0.9700,yes
e5ef0971-4754-5a67-6727-034d89612275,KXNCAAF-26-LSU,2025-10-13T17:30:03.025664Z,35.00,0.0200,0.9800,no
2e508a1f-e4a0-4913-07ae-e92d66f434d7,KXNCAAF-26-LSU,2025-10-13T08:16:19.525547Z,143.00,0.0100,0.9900,no
9285c7e7-dbc8-78ea-679b-9d61d0c0e38d,KXNCAAF-26-LSU,2025-10-13T06:44:30.579962Z,312.00,0.0300,0.9700,yes
f3c13535-c6f0-4076-db19-1b8c38def009,KXNCAAF-26-LSU,2025-10-13T05:05:11.358437Z,2.00,0.0300,0.9700,yes
c023782a-4654-737e-8cd4-50ad5b850f7d,KXNCAAF-26-LSU,2025-10-13T04:36:20.795158Z,711.00,0.0300,0.9700,yes
491b3c85-1086-7ec7-8b85-8530f335f69e,KXNCAAF-26-LSU,2025-10-13T04:36:20.795158Z,43.00,0.0300,0.9700,yes
aae6740f-57c6-635f-dad9-b06c66a96832,KXNCAAF-26-LSU,2025-10-13T02:25:41.44006Z,10.00,0.0300,0.9700,yes
4761675b-758a-6d43-7565-aec87e38de32,KXNCAAF-26-LSU,2025-10-13T02:19:26.813831Z,134.00,0.0300,0.9700,yes
1db53a64-ccd0-6f79-7345-22fd247a4905,KXNCAAF-26-LSU,2025-10-13T02:19:26.813831Z,490.00,0.0300,0.9700,yes
dc03ac50-5258-47b2-aac5-0f2740e27ee7,KXNCAAF-26-LSU,2025-10-13T00:40:30.097131Z,13.00,0.0200,0.9800,yes
38b788dd-0bf0-405f-3b55-4f18b23fa2d3,KXNCAAF-26-LSU,2025-10-12T20:25:10.563804Z,23.00,0.0100,0.9900,no
6af0dc6d-55b1-7b70-3db8-7ccc0f12cb61,KXNCAAF-26-LSU,2025-10-12T01:18:44.207214Z,198.00,0.0200,0.9800,yes
16052a72-d70d-5bac-8b45-3709df300331,KXNCAAF-26-LSU,2025-10-11T22:53:45.623897Z,250.00,0.0200,0.9800,yes
3b83ec8f-2545-43a8-9a0e-4cbd4f5b3889,KXNCAAF-26-LSU,2025-10-11T21:48:11.303575Z,1250.00,0.0200,0.9800,yes
75458ed3-2189-44a4-f4af-242be75f5dc5,KXNCAAF-26-LSU,2025-10-11T20:22:33.214105Z,2.00,0.0200,0.9800,yes
9081732f-1834-6995-5e40-14f4bdb5b65d,KXNCAAF-26-LSU,2025-10-11T19:07:23.304888Z,10.00,0.0300,0.9700,yes
0e2d8601-cae3-4ecc-0f90-4443bfdac829,KXNCAAF-26-LSU,2025-10-11T18:30:27.143509Z,305.00,0.0200,0.9800,yes
00890819-eb77-4edd-3471-a84b98f561bd,KXNCAAF-26-LSU,2025-10-11T18:30:27.143509Z,695.00,0.0200,0.9800,yes
41010f0e-5c0f-500d-40f9-8f308c942851,KXNCAAF-26-LSU,2025-10-11T18:13:45.311063Z,962.00,0.0200,0.9800,yes
faa4db89-312b-4f11-b106-4642786bb083,KXNCAAF-26-LSU,2025-10-11T16:35:16.885461Z,332.00,0.0200,0.9800,yes
4c170e95-478f-4fe1-ab2c-94860af7d425,KXNCAAF-26-LSU,2025-10-11T16:35:16.885461Z,343.00,0.0200,0.9800,yes
32b657dd-1bd8-492f-baaf-c61da15c92af,KXNCAAF-26-LSU,2025-10-11T16:16:18.430352Z,305.00,0.0100,0.9900,no
6b8be0b8-dab3-4e21-90b4-43a1de422843,KXNCAAF-26-LSU,2025-10-11T12:49:39.208124Z,125.00,0.0200,0.9800,yes
06139903-a6a7-6f8d-3620-1fe780433dd7,KXNCAAF-26-LSU,2025-10-11T04:01:57.028367Z,13.00,0.0200,0.9800,yes
b3bf9e98-1f97-4819-1415-3ffd5ffaee77,KXNCAAF-26-LSU,2025-10-11T03:53:23.619834Z,11.00,0.0200,0.9800,yes
9885a783-5ce7-5491-3598-96df3864e603,KXNCAAF-26-LSU,2025-10-11T03:51:05.02131Z,2.00,0.0200,0.9800,yes
66c36d2e-2aa3-6361-58f4-2273b02ba50f,KXNCAAF-26-LSU,2025-10-11T03:50:33.101022Z,17.00,0.0200,0.9800,yes
98026527-f2ca-7a9a-9770-b2582a2f8acf,KXNCAAF-26-LSU,2025-10-10T18:44:45.564796Z,156.00,0.0100,0.9900,no
614d5a44-16e7-4ed7-8afa-3e0eb31ef3a6,KXNCAAF-26-LSU,2025-10-10T12:20:33.147263Z,400.00,0.0300,0.9700,yes
7529b01e-ac33-558b-e982-ad787936bea6,KXNCAAF-26-LSU,2025-10-10T03:54:15.251043Z,624.00,0.0300,0.9700,yes
5904ab3e-0663-5bbb-107d-90617ae3de4e,KXNCAAF-26-LSU,2025-10-10T03:37:37.851539Z,156.00,0.0300,0.9700,yes
8bc16c4b-bbf3-60eb-7eaf-d89b34f003ca,KXNCAAF-26-LSU,2025-10-09T23:34:16.541539Z,1000.00,0.0300,0.9700,yes
6cbadd4c-631b-74b1-c306-36fa3e35254d,KXNCAAF-26-LSU,2025-10-09T21:07:56.18445Z,197.00,0.0200,0.9800,yes
bfafa4b4-8727-51bd-6a8f-82b40d6109a9,KXNCAAF-26-LSU,2025-10-09T19:10:33.006437Z,187.00,0.0200,0.9800,yes
720965e6-b23b-405b-3eb3-54f56c645e4e,KXNCAAF-26-LSU,2025-10-09T02:51:35.559698Z,3.00,0.0300,0.9700,yes
8cbfa2f3-6896-4aea-045f-be2f7dc9b2c3,KXNCAAF-26-LSU,2025-10-09T02:28:13.716391Z,602.00,0.0100,0.9900,no
5adc329e-9c4c-4430-0c85-dbb9f44bcdb8,KXNCAAF-26-LSU,2025-10-09T02:28:13.716391Z,961.00,0.0100,0.9900,no
8d26534f-8ccb-6d0f-122d-d5a8bf02c9da,KXNCAAF-26-LSU,2025-10-08T17:01:47.61033Z,231.00,0.0300,0.9700,yes
335d7b65-c38b-6efe-3104-0c9bc6d0c946,KXNCAAF-26-LSU,2025-10-08T17:01:47.61033Z,121.00,0.0200,0.9800,yes
c42545ed-3b10-4f1c-d89e-af44988ed6a8,KXNCAAF-26-LSU,2025-10-08T15:02:56.021538Z,96.00,0.0100,0.9900,no
5d937db5-48a0-40cf-ebd8-4cc1d5de3c64,KXNCAAF-26-LSU,2025-10-08T15:02:56.021538Z,279.00,0.0100,0.9900,no
986926fd-37ec-5b97-0875-6fbf49ff43a4,KXNCAAF-26-LSU,2025-10-08T13:02:10.162585Z,35.00,0.0200,0.9800,no
6c75c637-4f84-509f-1919-c7215cc09f74,KXNCAAF-26-LSU,2025-10-08T13:02:10.162585Z,121.00,0.0100,0.9900,no
23bd6302-7278-607f-ea29-aa6eab5721e0,KXNCAAF-26-LSU,2025-10-08T08:44:48.083077Z,468.00,0.0200,0.9800,no
f2f8eac3-eeb3-6b83-ab6c-967e592f67f2,KXNCAAF-26-LSU,2025-10-08T06:42:52.173403Z,500.00,0.0300,0.9700,yes
fcd7a864-348f-7b8f-e436-e2104c07a976,KXNCAAF-26-LSU,2025-10-08T05:07:16.279106Z,200.00,0.0300,0.9700,yes
9298b79e-bd50-546f-78c9-4b0705d9f1f8,KXNCAAF-26-LSU,2025-10-08T01:22:53.041493Z,10.00,0.0200,0.9800,no
41315b7a-6ca4-71af-6a20-e34241c9dc18,KXNCAAF-26-LSU,2025-10-07T23:30:40.633882Z,2062.00,0.0200,0.9800,no
f59dcbc3-8a10-71b3-c24d-b1b77cc47d30,KXNCAAF-26-LSU,2025-10-07T23:02:23.872949Z,375.00,0.0200,0.9800,no
3c901fae-f1a0-516b-b965-56e9b1fb23b8,KXNCAAF-26-LSU,2025-10-07T20:32:54.09678Z,214.00,0.0200,0.9800,no
7cdc9f0b-8534-7593-f320-10913dbe9fc8,KXNCAAF-26-LSU,2025-10-07T16:32:09.711179Z,17.00,0.0200,0.9800,no
7e5ba718-fd0f-603f-028f-4c0137155206,KXNCAAF-26-LSU,2025-10-07T04:23:02.955216Z,50.00,0.0300,0.9700,yes
bede8a13-53cb-75cb-337e-74eaac9270a2,KXNCAAF-26-LSU,2025-10-07T01:41:41.450202Z,1500.00,0.0300,0.9700,yes
f3f60744-10df-61d7-c273-9f1bdb067f52,KXNCAAF-26-LSU,2025-10-06T18:45:16.453628Z,31.00,0.0300,0.9700,yes
9500e01c-f2cb-7737-a35c-4281befd8bea,KXNCAAF-26-LSU,2025-10-06T05:52:38.561926Z,50.00,0.0300,0.9700,yes
9e1c7e9f-136b-4313-4e38-77968711a5ba,KXNCAAF-26-LSU,2025-10-06T02:57:45.962756Z,25.00,0.0300,0.9700,yes
0da89a9c-1ea7-63cf-4724-b19f925cc1aa,KXNCAAF-26-LSU,2025-10-06T01:29:07.472594Z,1000.00,0.0300,0.9700,yes
a5da7a4d-a768-5d63-cf95-ae6d36f44804,KXNCAAF-26-LSU,2025-10-05T23:22:45.082318Z,1.00,0.0200,0.9800,no
870b53af-c1cf-7a57-8f9b-85afe1de529e,KXNCAAF-26-LSU,2025-10-05T22:17:26.512502Z,1.00,0.0300,0.9700,yes
fb0f2420-24d3-593b-c7e4-92845e943d42,KXNCAAF-26-LSU,2025-10-05T20:10:32.410181Z,1.00,0.0300,0.9700,yes
09142df2-3b54-7b77-e480-7751ee7b887c,KXNCAAF-26-LSU,2025-10-05T16:57:47.21964Z,100.00,0.0100,0.9900,no
9c5ddda7-14dc-4379-1d27-61e8dbeb8165,KXNCAAF-26-LSU,2025-10-05T06:52:55.519132Z,11.00,0.0300,0.9700,yes
9607fb1c-3c24-4301-269b-b8ff7c67f8ef,KXNCAAF-26-LSU,2025-10-05T06:52:55.519132Z,500.00,0.0300,0.9700,yes
55da3d55-6c07-46ea-1ade-0015b1a6b0f1,KXNCAAF-26-LSU,2025-10-05T06:52:55.519132Z,1000.00,0.0300,0.9700,yes
4e07c996-3db7-45e3-14ab-99ec270e277a,KXNCAAF-26-LSU,2025-10-05T06:52:55.519132Z,4079.00,0.0300,0.9700,yes
3f226482-bf86-419e-2c94-54b64b9d7eec,KXNCAAF-26-LSU,2025-10-05T06:52:55.519132Z,2225.00,0.0300,0.9700,yes
3a190800-12b6-423d-2506-fe3ca837ac8e,KXNCAAF-26-LSU,2025-10-05T06:52:55.519132Z,185.00,0.0300,0.9700,yes
291949b6-ff82-4762-e773-b97ee1865224,KXNCAAF-26-LSU,2025-10-05T05:10:41.041834Z,8.00,0.0300,0.9700,yes
0d18e7d7-2045-409f-f9df-fef0c574ae84,KXNCAAF-26-LSU,2025-10-05T05:10:41.041834Z,34.00,0.0200,0.9800,yes
eaa10a1a-6c52-5196-eb43-1f15e60a0370,KXNCAAF-26-LSU,2025-10-05T01:25:55.411764Z,250.00,0.0300,0.9700,yes
442e1c56-af02-7786-9f3f-e1133a696e60,KXNCAAF-26-LSU,2025-10-04T22:58:04.352939Z,3.00,0.0300,0.9700,yes
7f6d09dd-811a-734e-e00c-0552820f658c,KXNCAAF-26-LSU,2025-10-04T21:33:33.273073Z,250.00,0.0300,0.9700,yes
cfa09c37-a679-77e7-83c8-f8a9554fe9e2,KXNCAAF-26-LSU,2025-10-04T21:24:24.350118Z,5.00,0.0200,0.9800,no
30b25d1b-e406-63de-5e5a-171dd98ee198,KXNCAAF-26-LSU,2025-10-04T21:11:57.316638Z,58.00,0.0300,0.9700,yes
91218075-bbe2-744a-fcba-03162c9d3b68,KXNCAAF-26-LSU,2025-10-04T21:11:00.288207Z,199.00,0.0300,0.9700,yes
dcc35beb-c63e-4b86-e8e6-2cfc4fbfcc38,KXNCAAF-26-LSU,2025-10-04T21:08:13.524782Z,100.00,0.0300,0.9700,yes
98bb50ba-05a6-593a-c4ca-138708ea0e20,KXNCAAF-26-LSU,2025-10-04T21:00:53.101338Z,103.00,0.0300,0.9700,yes
23b33f07-c13e-68be-b4ca-239ad4b64590,KXNCAAF-26-LSU,2025-10-04T20:53:45.198933Z,374.00,0.0300,0.9700,yes
92244505-81a6-5cc2-32d2-c3a7dc95cfcc,KXNCAAF-26-LSU,2025-10-04T20:49:31.821646Z,50.00,0.0300,0.9700,yes
d5285ec9-44ba-5e06-a65a-7ac08cbbb6d4,KXNCAAF-26-LSU,2025-10-04T20:49:03.761928Z,300.00,0.0300,0.9700,yes
62f03961-461a-53c6-97bb-fcb816769124,KXNCAAF-26-LSU,2025-10-04T20:22:55.893558Z,340.00,0.0300,0.9700,yes
88f96fb5-0e52-7186-1a41-5858648ff114,KXNCAAF-26-LSU,2025-10-04T19:59:49.384512Z,156.00,0.0300,0.9700,yes
14ca8847-48d2-4856-f620-963a8a651d1c,KXNCAAF-26-LSU,2025-10-04T12:04:19.535553Z,2.00,0.0300,0.9700,yes
4aecf0e6-3122-5e46-dbd0-b1687e356910,KXNCAAF-26-LSU,2025-10-04T12:04:09.505376Z,3.00,0.0300,0.9700,yes
9f910bf6-b84a-627a-b5a7-e6ecb4f61cd0,KXNCAAF-26-LSU,2025-10-04T05:10:58.027941Z,24.00,0.0300,0.9700,yes
01ed0500-7116-7bbe-7b85-01be480426b4,KXNCAAF-26-LSU,2025-10-04T05:10:43.997546Z,1.00,0.0300,0.9700,yes
506b4cc2-98b2-7f36-58fa-a089fded5648,KXNCAAF-26-LSU,2025-10-04T01:22:03.209587Z,1000.00,0.0300,0.9700,yes
ccc62efc-37c8-7a5c-07a0-c404cac7743a,KXNCAAF-26-LSU,2025-10-03T23:47:47.088153Z,446.00,0.0200,0.9800,no
9a4eca9a-b0ee-5dd6-02da-3200fbf35a14,KXNCAAF-26-LSU,2025-10-03T17:24:42.43054Z,500.00,0.0300,0.9700,yes
8c674435-cfca-4a82-11fe-40b971210230,KXNCAAF-26-LSU,2025-10-03T13:28:29.264988Z,20.00,0.0300,0.9700,yes
cae15f4e-8ec7-432f-f13d-ae7297f64e82,KXNCAAF-26-LSU,2025-10-02T23:10:16.608882Z,500.00,0.0200,0.9800,no
71f859e5-5522-55f6-059f-33c9649e9ad8,KXNCAAF-26-LSU,2025-10-02T11:35:42.466165Z,31.00,0.0300,0.9700,yes
48cbbd28-14f2-6fda-d3cc-961f8b86c4f8,KXNCAAF-26-LSU,2025-10-01T18:40:45.789037Z,43.00,0.0300,0.9700,yes
25ef2ba6-1342-5072-1b5e-a809ea9c3b98,KXNCAAF-26-LSU,2025-10-01T05:37:08.098259Z,2007.00,0.0300,0.9700,yes
80e56c0f-4d63-419f-b526-fd831f27fd7e,KXNCAAF-26-LSU,2025-10-01T01:26:25.285736Z,114.00,0.0200,0.9800,no
744e247d-02be-748e-f18a-5d41c25609ac,KXNCAAF-26-LSU,2025-09-30T18:30:46.031906Z,100.00,0.0300,0.9700,yes
adb89405-1a22-5c7e-1148-4dfdea22bc78,KXNCAAF-26-LSU,2025-09-30T18:02:21.512092Z,10.00,0.0300,0.9700,yes
555a21be-9413-6afb-b3b7-744a261f3ab2,KXNCAAF-26-LSU,2025-09-30T16:19:10.618816Z,150.00,0.0200,0.9800,no
8855fe89-4e97-5323-962d-10c9fc37652a,KXNCAAF-26-LSU,2025-09-30T11:40:57.708479Z,261.00,0.0200,0.9800,no
bd0e8511-9b8a-6e6e-6833-208e17f8ebf4,KXNCAAF-26-LSU,2025-09-30T03:46:00.252624Z,31.00,0.0300,0.9700,yes
4e9e140d-525b-75b7-ea3c-f934d9a59e1e,KXNCAAF-26-LSU,2025-09-29T22:29:04.866089Z,129.00,0.0200,0.9800,no
0b8927e9-2126-4c36-5aca-82b365498518,KXNCAAF-26-LSU,2025-09-29T22:10:12.044291Z,312.00,0.0300,0.9700,yes
778dadb8-f70a-6656-6ba5-8d337ddd8de4,KXNCAAF-26-LSU,2025-09-29T21:49:32.429099Z,1500.00,0.0300,0.9700,yes
bfebae42-6307-519f-5e2e-bce7908eb3ee,KXNCAAF-26-LSU,2025-09-29T16:16:56.763882Z,60.00,0.0200,0.9800,no
2a5783c9-01d7-790f-6202-8de430f27e76,KXNCAAF-26-LSU,2025-09-29T13:41:05.961768Z,134.00,0.0200,0.9800,no
cf7c76c1-692d-7103-1858-cd9903f24ae3,KXNCAAF-26-LSU,2025-09-29T02:27:47.046191Z,833.00,0.0400,0.9600,yes
7d1d5387-d921-5f87-bbf8-5a83de3a742b,KXNCAAF-26-LSU,2025-09-28T21:17:48.151613Z,117.00,0.0400,0.9600,yes
a9f863a8-2fd4-79db-47d7-a1cebd489e62,KXNCAAF-26-LSU,2025-09-28T20:17:59.476805Z,1716.00,0.0200,0.9800,no
038900b6-10e8-71d8-5130-e5ce43344da2,KXNCAAF-26-LSU,2025-09-28T20:17:59.476805Z,8423.00,0.0200,0.9800,no
f52f567a-d039-76c7-f47f-9bca5b99dd13,KXNCAAF-26-LSU,2025-09-28T16:10:33.353643Z,2276.00,0.0400,0.9600,yes
ae521586-d3ad-7563-e092-a739786cd03b,KXNCAAF-26-LSU,2025-09-28T16:10:33.353643Z,66.00,0.0400,0.9600,yes
445f9fa2-6dbe-4ef9-2593-5a09dbfb4fd3,KXNCAAF-26-LSU,2025-09-28T15:34:06.434877Z,2000.00,0.0300,0.9700,no
959ed578-eaa5-7567-22c0-b7404d2e47ab,KXNCAAF-26-LSU,2025-09-28T05:08:27.254592Z,5.00,0.0400,0.9600,yes
cf531b52-54ad-4dd7-47ba-c16dc7ef9efb,KXNCAAF-26-LSU,2025-09-28T05:06:38.016318Z,10.00,0.0400,0.9600,yes
72c2ed99-d1ec-57b3-45d7-74456fa4a152,KXNCAAF-26-LSU,2025-09-28T03:31:29.506772Z,187.00,0.0200,0.9800,no
ba69bf9c-e1b4-73a3-394d-176f73ddd16e,KXNCAAF-26-LSU,2025-09-28T03:24:24.326396Z,10.00,0.0200,0.9800,no
5cb06ddb-6729-677f-63a7-53d1bda49827,KXNCAAF-26-LSU,2025-09-28T03:09:32.534317Z,13.00,0.0300,0.9700,no
99d8ce3d-2ba0-5ad7-69cf-4043ea8e9592,KXNCAAF-26-LSU,2025-09-28T01:40:27.297069Z,1044.00,0.0200,0.9800,no
ee12e0a9-f594-47ff-d8d1-06e061a99602,KXNCAAF-26-LSU,2025-09-28T01:21:04.657348Z,21.00,0.0200,0.9800,no
0e691bb7-ef8c-6803-dd33-8efbbaa49882,KXNCAAF-26-LSU,2025-09-28T00:12:40.861662Z,44.00,0.0200,0.9800,no
9ead85d6-c418-626f-8d98-79176f86bcf6,KXNCAAF-26-LSU,2025-09-28T00:12:21.018574Z,134.00,0.0200,0.9800,no
9c165e7b-596b-55a5-c8b8-8b9e726e4f4d,KXNCAAF-26-LSU,2025-09-27T23:41:54.101537Z,58.00,0.0400,0.9600,yes
7bd7b6b3-80c9-5134-fcd8-829656694b5f,KXNCAAF-26-LSU,2025-09-27T23:41:54.101537Z,42.00,0.0400,0.9600,yes
9b47104c-d2b4-63f3-3a91-8aecb99145b2,KXNCAAF-26-LSU,2025-09-27T23:37:27.591225Z,100.00,0.0200,0.9800,no
fb0a840e-5234-5f2b-08d2-26911f761ad2,KXNCAAF-26-LSU,2025-09-27T23:32:04.505217Z,100.00,0.0200,0.9800,no
4d330cf6-7798-46a3-c712-7e2160849a32,KXNCAAF-26-LSU,2025-09-27T23:19:37.919737Z,94.00,0.0200,0.9800,no
486c079b-a374-5087-5d3f-d59b4fe09f26,KXNCAAF-26-LSU,2025-09-27T23:17:56.681322Z,2081.00,0.0200,0.9800,no
bfe0d461-079d-53c7-8c92-816d3299f1b8,KXNCAAF-26-LSU,2025-09-27T23:15:51.198082Z,98.00,0.0200,0.9800,no
7e02c005-1625-5f81-a1e6-cd72b84742e0,KXNCAAF-26-LSU,2025-09-27T23:15:51.198082Z,82.00,0.0200,0.9800,no
4c7fe1f0-7490-56c3-9ffd-dfd03395d922,KXNCAAF-26-LSU,2025-09-27T23:15:51.198082Z,4469.00,0.0200,0.9800,no
1cfa91fc-5a4a-58f4-be0a-64d8ffa3f32a,KXNCAAF-26-LSU,2025-09-27T23:15:51.198082Z,6.00,0.0200,0.9800,no
0bda1fbd-56ef-5145-af1d-aee160853d35,KXNCAAF-26-LSU,2025-09-27T23:15:51.198082Z,20.00,0.0200,0.9800,no
cf75c14c-d559-54b8-2f71-d1fca843d91b,KXNCAAF-26-LSU,2025-09-27T23:03:44.258595Z,18.00,0.0400,0.9600,yes
6269ce0b-32b1-61e9-766f-8e197034b848,KXNCAAF-26-LSU,2025-09-27T23:01:04.494945Z,10.00,0.0200,0.9800,no
8d446d75-8a45-7d9c-e445-4b1e2caef7af,KXNCAAF-26-LSU,2025-09-27T22:55:18.237447Z,84.00,0.0400,0.9600,yes
377937f2-b9ff-7809-fb98-99f87c1799ab,KXNCAAF-26-LSU,2025-09-27T22:55:18.237447Z,33.00,0.0400,0.9600,yes
d43dc16d-9205-56d9-7a4a-a7c39ed8b3e4,KXNCAAF-26-LSU,2025-09-27T22:51:38.946526Z,9.00,0.0200,0.9800,no
2a9c405b-7b78-5db2-5bec-28f5a36c212c,KXNCAAF-26-LSU,2025-09-27T22:51:38.946526Z,41.00,0.0200,0.9800,no
8b80a464-bc13-56b5-1c43-e43cb7c6bf37,KXNCAAF-26-LSU,2025-09-27T22:02:02.202328Z,6.00,0.0400,0.9600,yes
e95d68fb-137b-5db9-dd09-c69cfc36a5bf,KXNCAAF-26-LSU,2025-09-27T21:59:08.213915Z,20.00,0.0400,0.9600,yes
a1a1d712-fb7d-5874-4a8a-4a513c308fe4,KXNCAAF-26-LSU,2025-09-27T21:42:49.747535Z,33.00,0.0300,0.9700,no
8bf3ec92-b70f-57a7-45e6-89a80af609ed,KXNCAAF-26-LSU,2025-09-27T21:42:49.747535Z,135.00,0.0300,0.9700,no
1dbaed97-c5b7-49bb-c8bd-9a857278cb01,KXNCAAF-26-LSU,2025-09-27T21:40:22.973329Z,835.00,0.0300,0.9700,no
79892d0a-c76f-4327-068d-ef9b0d117e92,KXNCAAF-26-LSU,2025-09-27T21:39:54.963643Z,95.00,0.0500,0.9500,yes
7546134c-63fc-4d2d-32e3-7c9e05731a8a,KXNCAAF-26-LSU,2025-09-27T21:39:54.963643Z,30.00,0.0500,0.9500,yes
d4c6b98c-d827-501a-4fc1-6adc4edbe86b,KXNCAAF-26-LSU,2025-09-27T21:31:17.169773Z,56.00,0.0400,0.9600,no
63485c04-c90f-5d2b-78c9-180b5e7fdb55,KXNCAAF-26-LSU,2025-09-27T21:31:17.169773Z,144.00,0.0300,0.9700,no
68408978-1819-7062-8536-760af858c180,KXNCAAF-26-LSU,2025-09-27T21:30:46.977802Z,78.00,0.0600,0.9400,yes
38f4269b-4fc5-7a56-e1ad-6da5a25c7638,KXNCAAF-26-LSU,2025-09-27T20:59:47.611451Z,109.00,0.0600,0.9400,yes
a54c10f2-fb75-78da-d8ea-a4138e239430,KXNCAAF-26-LSU,2025-09-27T20:33:37.606302Z,100.00,0.0600,0.9400,yes
27e5728d-ed95-60ae-8ce6-59d41a63b6bc,KXNCAAF-26-LSU,2025-09-27T20:09:39.340298Z,100.00,0.0600,0.9400,yes
2ed73c80-8409-5166-16f1-2f6cffb4f8b0,KXNCAAF-26-LSU,2025-09-27T19:28:19.807551Z,150.00,0.0600,0.9400,yes
8c979475-a375-642e-de06-e82c37d4f8fc,KXNCAAF-26-LSU,2025-09-27T19:19:28.077069Z,38.00,0.0600,0.9400,yes
9795a8ba-9a1e-76ba-95c4-55fc4523d1f5,KXNCAAF-26-LSU,2025-09-27T19:08:27.538104Z,818.00,0.0500,0.9500,no
65ede942-fde4-7c31-9beb-95ac8a01ada2,KXNCAAF-26-LSU,2025-09-27T19:08:27.538104Z,500.00,0.0500,0.9500,no
c9b9a022-eb45-569e-b9fa-bf8a10b32160,KXNCAAF-26-LSU,2025-09-27T16:19:22.666021Z,1250.00,0.0600,0.9400,yes
c0391d3d-f27a-5e28-2ed2-c04b4a7f71b1,KXNCAAF-26-LSU,2025-09-27T15:27:56.81312Z,256.00,0.0600,0.9400,yes
80761a5c-3931-57ee-112d-0c77f67d653c,KXNCAAF-26-LSU,2025-09-27T15:27:56.81312Z,3500.00,0.0600,0.9400,yes
a755dd4e-26ca-4a78-56e6-6a2d75190dc5,KXNCAAF-26-LSU,2025-09-27T15:18:49.755942Z,13.00,0.0600,0.9400,yes
df6e4cff-d75e-7594-90e6-ab1dca629db5,KXNCAAF-26-LSU,2025-09-27T14:05:42.508205Z,31.00,0.0600,0.9400,yes
94081a0b-2de6-7ca4-0ad3-cffb20a345e5,KXNCAAF-26-LSU,2025-09-27T12:57:39.931193Z,1000.00,0.0600,0.9400,yes
10581214-3d60-725f-c3ff-0c2de557a6a8,KXNCAAF-26-LSU,2025-09-27T01:21:17.466088Z,1.00,0.0700,0.9300,yes
70fdc63f-b318-69d7-9685-c1cfd164da30,KXNCAAF-26-LSU,2025-09-26T23:13:09.575556Z,67.00,0.0700,0.9300,yes
19191a53-1386-7eed-bd3d-e5f4d9265e67,KXNCAAF-26-LSU,2025-09-26T21:55:25.623529Z,1300.00,0.0600,0.9400,no
87172f77-b29c-6163-f110-bf1c910efb48,KXNCAAF-26-LSU,2025-09-26T21:34:16.085715Z,134.00,0.0700,0.9300,yes
4bb5018d-d782-43ed-cec2-f95f69a21eff,KXNCAAF-26-LSU,2025-09-26T21:27:07.117948Z,50.00,0.0600,0.9400,no
d3770dcf-d2c8-57e3-aabf-f4df30d45fbc,KXNCAAF-26-LSU,2025-09-26T21:16:26.253818Z,111.00,0.0700,0.9300,yes
cf8b97ac-d180-5ebf-dc3f-44afcd2ceab8,KXNCAAF-26-LSU,2025-09-26T21:08:20.96889Z,3.00,0.0700,0.9300,yes
9c9c53d8-6b4a-4ab9-02bf-dff67ecf9ee3,KXNCAAF-26-LSU,2025-09-26T20:45:31.87965Z,134.00,0.0600,0.9400,no
4f9d1a31-e6ae-4f15-bd94-c6b09bfd7f2f,KXNCAAF-26-LSU,2025-09-26T19:51:21.369213Z,1100.00,0.0600,0.9400,no
7aeab442-eb00-4587-8364-453f1517f444,KXNCAAF-26-LSU,2025-09-26T18:51:55.58509Z,53.00,0.0700,0.9300,yes
7e77b056-849e-708d-904a-1e471f3270e7,KXNCAAF-26-LSU,2025-09-26T17:07:19.468014Z,798.00,0.0600,0.9400,no
1d438dc7-3b39-76ff-bdbd-657e8a6b49a7,KXNCAAF-26-LSU,2025-09-26T17:07:19.468014Z,251.00,0.0600,0.9400,no
dcc714d2-bb18-6507-8b36-f5a31fbd4be0,KXNCAAF-26-LSU,2025-09-26T15:40:41.037088Z,25.00,0.0700,0.9300,yes
c4386795-c81d-4817-3cc6-cd6370dad1ab,KXNCAAF-26-LSU,2025-09-26T14:47:19.786671Z,500.00,0.0600,0.9400,no
009f5da8-f3c4-7baf-aa81-db1b4b424658,KXNCAAF-26-LSU,2025-09-26T02:50:40.921334Z,53.00,0.0700,0.9300,yes
9dc82e0c-cca5-624b-1151-8a7ac5a84593,KXNCAAF-26-LSU,2025-09-26T01:57:02.116525Z,249.00,0.0600,0.9400,no
0385f6f9-6358-6a81-2e03-41c86a6fcb78,KXNCAAF-26-LSU,2025-09-26T01:57:02.116525Z,338.00,0.0600,0.9400,no
51ebfb97-5acc-49bb-4ca3-f3edbe2df420,KXNCAAF-26-LSU,2025-09-25T01:40:18.523402Z,125.00,0.0700,0.9300,yes
bba0d22d-1ddc-53f3-5dac-956eed9b4a78,KXNCAAF-26-LSU,2025-09-24T17:13:46.22744Z,134.00,0.0700,0.9300,yes
cb53b5ac-1400-7df9-ddb7-af64e964e5ac,KXNCAAF-26-LSU,2025-09-24T17:02:28.078299Z,2.00,0.0600,0.9400,no
d20a9bd9-711b-5e88-506d-0f6b08cc985b,KXNCAAF-26-LSU,2025-09-24T14:17:07.707389Z,94.00,0.0700,0.9300,yes
1eec1bdf-22d8-534b-699f-d38b71e9d858,KXNCAAF-26-LSU,2025-09-24T14:17:07.707389Z,6.00,0.0700,0.9300,yes
3aaeb9e1-08e8-4e21-7737-01de078e7d78,KXNCAAF-26-LSU,2025-09-24T14:12:37.591451Z,75.00,0.0600,0.9400,no
bddaf372-515c-651d-75dc-c947fb4a661c,KXNCAAF-26-LSU,2025-09-24T12:01:34.920726Z,525.00,0.0600,0.9400,no
38b93e73-4633-5394-f9e0-329368717513,KXNCAAF-26-LSU,2025-09-24T04:04:55.550405Z,100.00,0.0700,0.9300,yes
ea45dacc-2e2f-79d8-98ba-a8660eca51ab,KXNCAAF-26-LSU,2025-09-24T03:56:41.100591Z,268.00,0.0700,0.9300,yes
704632bb-c1b7-53fc-923b-084362234957,KXNCAAF-26-LSU,2025-09-24T03:37:12.628681Z,1207.00,0.0700,0.9300,yes
1272f4b8-9763-6730-3275-a2daa7af1937,KXNCAAF-26-LSU,2025-09-24T00:52:14.313211Z,1000.00,0.0700,0.9300,yes
93dff538-7887-5ed4-3776-5a5fc59f5217,KXNCAAF-26-LSU,2025-09-23T23:59:00.935156Z,1207.00,0.0700,0.9300,yes
8d315187-f964-65a9-9e32-5df4fdeb47e8,KXNCAAF-26-LSU,2025-09-23T15:52:06.049868Z,200.00,0.0600,0.9400,no
8c5d2017-b02c-5449-438d-0e2ce7d65314,KXNCAAF-26-LSU,2025-09-23T12:50:45.450032Z,100.00,0.0600,0.9400,no
20920e31-58fa-458a-a8c5-0371a1addaf8,KXNCAAF-26-LSU,2025-09-23T04:44:30.473902Z,500.00,0.0700,0.9300,yes
7918931b-de8d-4c2b-9320-ee6efe13c68e,KXNCAAF-26-LSU,2025-09-23T00:48:00.240445Z,32.00,0.0600,0.9400,no
aad8f19f-20c8-4caa-9e3f-396d068be24f,KXNCAAF-26-LSU,2025-09-22T22:33:46.947074Z,20.00,0.0700,0.9300,yes
2d543215-8d97-4493-848f-b7bc25015823,KXNCAAF-26-LSU,2025-09-22T21:08:17.461984Z,15.00,0.0700,0.9300,yes
a61059fd-a626-4ac1-8eef-6db6d4127264,KXNCAAF-26-LSU,2025-09-22T20:02:12.335061Z,33.00,0.0700,0.9300,yes
2e64b1df-38b6-4e35-a80d-87d0b04c2265,KXNCAAF-26-LSU,2025-09-22T19:31:18.008217Z,10.00,0.0700,0.9300,yes
bc2df5f3-8214-4b58-8dd4-4528f77fc954,KXNCAAF-26-LSU,2025-09-22T19:22:36.286756Z,300.00,0.0700,0.9300,yes
dda6c727-ab0c-43e2-9fed-32f05d80cbcc,KXNCAAF-26-LSU,2025-09-22T16:55:07.230361Z,246.00,0.0700,0.9300,yes
7b806b3a-e20e-4798-9fb8-d6389e60221d,KXNCAAF-26-LSU,2025-09-22T16:55:07.230361Z,58.00,0.0700,0.9300,yes
6c6f4859-1c59-43a6-8e34-f15de039a02b,KXNCAAF-26-LSU,2025-09-22T16:55:07.230361Z,96.00,0.0700,0.9300,yes
bea417ee-3060-40f2-8232-1643ff9ab1ab,KXNCAAF-26-LSU,2025-09-22T15:17:26.982423Z,600.00,0.0600,0.9400,no
fc654ac8-9c97-48eb-89ea-a8399d25ea28,KXNCAAF-26-LSU,2025-09-22T14:43:08.369236Z,100.00,0.0700,0.9300,yes
2f938432-24c8-4791-9b9e-94b46921aeb1,KXNCAAF-26-LSU,2025-09-22T14:10:27.750065Z,100.00,0.0600,0.9400,no
9ff5c2f9-2152-483d-9dc7-e8ff7cfd68e1,KXNCAAF-26-LSU,2025-09-22T06:47:44.309356Z,25.00,0.0700,0.9300,yes
802ac63f-5fb8-413a-975f-4e5fb06d8b84,KXNCAAF-26-LSU,2025-09-22T00:09:32.027342Z,200.00,0.0700,0.9300,yes
bb7f4d1b-d129-41a4-ab17-27ff98ab1768,KXNCAAF-26-LSU,2025-09-21T20:33:20.759038Z,134.00,0.0700,0.9300,yes
7fc63e1f-888f-4e72-9f8a-f955b872baca,KXNCAAF-26-LSU,2025-09-21T17:15:45.61435Z,12.00,0.0700,0.9300,yes
dab8ac37-00af-4cf3-9141-d40ce06f95a1,KXNCAAF-26-LSU,2025-09-21T16:44:23.083089Z,500.00,0.0700,0.9300,yes
675471b6-5da4-4df1-91db-b22c51d6a5ad,KXNCAAF-26-LSU,2025-09-21T14:50:27.981551Z,28.00,0.0600,0.9400,no
516f892a-4e9b-4349-83f9-fdc28e4fb911,KXNCAAF-26-LSU,2025-09-21T14:50:27.981551Z,442.00,0.0600,0.9400,no
9d5045b2-898e-4815-98b6-6717f92eb8f0,KXNCAAF-26-LSU,2025-09-21T05:28:35.190374Z,1000.00,0.0700,0.9300,yes
893d810f-316f-4f42-8046-053d5e4c6253,KXNCAAF-26-LSU,2025-09-21T05:18:29.498956Z,670.00,0.0700,0.9300,yes
f2a390bd-50b9-4c08-8eab-985a94f37fba,KXNCAAF-26-LSU,2025-09-21T03:53:02.470314Z,500.00,0.0700,0.9300,yes
851f671d-cefa-429c-b9aa-4145558bae95,KXNCAAF-26-LSU,2025-09-21T02:44:59.295638Z,20.00,0.0700,0.9300,yes
ffeb17ce-cecf-430d-8f8e-b5a3de2b4c4f,KXNCAAF-26-LSU,2025-09-21T01:44:50.392882Z,3.00,0.0700,0.9300,yes
fb3b68a4-ea80-4062-9162-89b1e32b59d1,KXNCAAF-26-LSU,2025-09-21T01:41:29.945134Z,200.00,0.0700,0.9300,yes
7bb2e270-3ccc-4b41-8414-c9123003b92b,KXNCAAF-26-LSU,2025-09-21T00:16:49.267398Z,58.00,0.0600,0.9400,no
fe0b3305-d76e-472e-97ed-2a67bbb28c72,KXNCAAF-26-LSU,2025-09-20T22:40:15.242412Z,1000.00,0.0700,0.9300,yes
a47c45e1-cbf3-4fbb-a2a5-3f126a5e2d40,KXNCAAF-26-LSU,2025-09-20T21:00:51.577328Z,460.00,0.0700,0.9300,yes
3da527bf-3284-459b-8f74-2d1d3af55b1c,KXNCAAF-26-LSU,2025-09-20T21:00:51.577328Z,540.00,0.0700,0.9300,yes
52d8751b-1f27-4a48-a66a-cff57a47ff36,KXNCAAF-26-LSU,2025-09-20T17:06:26.769965Z,20.00,0.0700,0.9300,yes
9f41251c-1ed9-4679-ac04-d9dcdc9ff7e0,KXNCAAF-26-LSU,2025-09-20T13:20:48.708467Z,20.00,0.0700,0.9300,yes
5ca96eac-2963-4daf-aa38-028748699d75,KXNCAAF-26-LSU,2025-09-20T10:37:41.478578Z,134.00,0.0700,0.9300,yes
b4106eed-3817-4531-9d66-b0d6db3f9a9c,KXNCAAF-26-LSU,2025-09-20T06:22:53.737558Z,1100.00,0.0700,0.9300,yes
49d88538-0a50-4e58-9504-4065263a8598,KXNCAAF-26-LSU,2025-09-20T03:30:52.489197Z,35.00,0.0700,0.9300,yes
e3df61ff-792b-44c0-becb-c79732550109,KXNCAAF-26-LSU,2025-09-20T01:52:22.006101Z,128.00,0.0700,0.9300,yes
1ae53bdc-4246-4aad-b2d6-289a1a80c82b,KXNCAAF-26-LSU,2025-09-19T21:00:34.192603Z,222.00,0.0700,0.9300,yes
a620b51d-7a27-4bce-be50-5fe29b2bcfd6,KXNCAAF-26-LSU,2025-09-19T20:53:01.836085Z,50.00,0.0700,0.9300,yes
07a625d2-74ac-46ed-9299-606370e9b68e,KXNCAAF-26-LSU,2025-09-19T20:14:31.293958Z,2778.00,0.0700,0.9300,yes
67afe61f-f3b2-42fb-9870-594f12b31db0,KXNCAAF-26-LSU,2025-09-19T19:12:25.741314Z,8.00,0.0700,0.9300,yes
6b4ecfe4-2a34-460a-96d4-14701fe636f6,KXNCAAF-26-LSU,2025-09-19T18:25:26.640155Z,3000.00,0.0700,0.9300,yes
b21d41a3-31a7-4a99-8255-d8b8b042e601,KXNCAAF-26-LSU,2025-09-19T18:24:58.361779Z,1871.00,0.0700,0.9300,yes
8f8a1087-be3c-43e2-8ea6-d0fff174b3f1,KXNCAAF-26-LSU,2025-09-19T18:24:58.361779Z,476.00,0.0700,0.9300,yes
2687e765-0fda-42ff-ad2f-c03730201691,KXNCAAF-26-LSU,2025-09-19T18:24:58.361779Z,4653.00,0.0700,0.9300,yes
9de34fb9-bd92-47cf-a4ad-427ade6afc6d,KXNCAAF-26-LSU,2025-09-19T15:46:26.601311Z,100.00,0.0700,0.9300,yes
34490506-56f2-4632-8ebc-3a1d2a9c7f4e,KXNCAAF-26-LSU,2025-09-19T12:52:06.000119Z,750.00,0.0700,0.9300,yes
b5e19704-6202-4227-9399-f8f6260443dd,KXNCAAF-26-LSU,2025-09-19T12:51:42.623292Z,911.00,0.0600,0.9400,no
adf1e3a9-1698-416f-bdf6-03ab400129d4,KXNCAAF-26-LSU,2025-09-19T12:51:42.623292Z,12.00,0.0600,0.9400,no
c5e21a0e-1fe2-4af7-94e8-256ca8facb94,KXNCAAF-26-LSU,2025-09-19T02:07:36.256444Z,150.00,0.0700,0.9300,yes
a203db67-ceb5-4eb7-9b2e-a29b09656b6c,KXNCAAF-26-LSU,2025-09-19T01:41:27.308993Z,268.00,0.0700,0.9300,yes
5cbdff64-541d-4a35-b6e0-e70509cb8921,KXNCAAF-26-LSU,2025-09-19T01:33:19.754823Z,1000.00,0.0700,0.9300,yes
76339e49-7264-48cc-b348-bc4e8d54d4fe,KXNCAAF-26-LSU,2025-09-18T20:59:42.309151Z,1318.00,0.0700,0.9300,yes
c79e2cbc-c5e7-45d7-905f-afeb59b225bf,KXNCAAF-26-LSU,2025-09-18T19:45:36.496918Z,13.00,0.0600,0.9400,no
0c81b476-a494-47f5-8120-96fad71b0704,KXNCAAF-26-LSU,2025-09-18T19:38:57.568999Z,13.00,0.0700,0.9300,yes
b9b6983c-e8ac-4f89-9693-fe80a70cb5f6,KXNCAAF-26-LSU,2025-09-18T16:50:21.535644Z,50.00,0.0700,0.9300,yes
80e5345f-98a9-4fff-a90f-ea896c50c1ce,KXNCAAF-26-LSU,2025-09-18T16:45:23.261805Z,150.00,0.0700,0.9300,yes
969eba23-178d-46d7-bb58-ef83539730c0,KXNCAAF-26-LSU,2025-09-18T16:45:00.964803Z,100.00,0.0700,0.9300,yes
6a130a5f-1423-4a4d-a3f8-601fc1c94edc,KXNCAAF-26-LSU,2025-09-18T15:35:03.052542Z,1.00,0.0700,0.9300,yes
bd5c1cec-1330-4a82-af76-c9b053520717,KXNCAAF-26-LSU,2025-09-18T14:19:26.110972Z,67.00,0.0700,0.9300,yes
33dcdc14-1a65-490c-ae39-c820284fa229,KXNCAAF-26-LSU,2025-09-18T13:34:52.283114Z,65.00,0.0700,0.9300,yes
d4e12457-7ed8-47fc-8492-930daaa2476f,KXNCAAF-26-LSU,2025-09-18T12:21:11.966652Z,1.00,0.0700,0.9300,yes
7f567714-21f6-4843-8584-d8f9c323ec0a,KXNCAAF-26-LSU,2025-09-18T11:28:18.268646Z,26.00,0.0700,0.9300,yes
7adf56e4-2c65-4cb2-8f16-25231ab1a405,KXNCAAF-26-LSU,2025-09-18T06:40:23.886824Z,100.00,0.0700,0.9300,yes
fce9e8de-925d-4b1c-aaa7-38493e2c3579,KXNCAAF-26-LSU,2025-09-18T05:31:25.996287Z,670.00,0.0700,0.9300,yes
e2b9a8ae-d0af-43ff-af8a-dfd4b06be1d1,KXNCAAF-26-LSU,2025-09-18T03:35:50.565829Z,400.00,0.0700,0.9300,yes
d6b493c7-f2d5-48b9-a4f1-e7bb0a754907,KXNCAAF-26-LSU,2025-09-18T03:05:23.030313Z,100.00,0.0700,0.9300,yes
aff322cf-977e-41d5-8cd5-45dd4a5d6cc2,KXNCAAF-26-LSU,2025-09-18T01:52:31.124845Z,305.00,0.0700,0.9300,yes
7435216b-cffa-4082-8bc7-500f45a4607e,KXNCAAF-26-LSU,2025-09-18T01:52:31.124845Z,18.00,0.0700,0.9300,yes
a6d4345a-d0b1-43f5-9a59-3e4250796068,KXNCAAF-26-LSU,2025-09-18T01:14:06.822632Z,50.00,0.0700,0.9300,yes
ff4f4fb1-0579-4561-a0c5-7e7d4991e075,KXNCAAF-26-LSU,2025-09-17T22:42:39.501349Z,429.00,0.0700,0.9300,yes
1f31cf27-9353-4f98-a650-5ccdd14225e8,KXNCAAF-26-LSU,2025-09-17T21:42:02.15373Z,200.00,0.0700,0.9300,yes
dded9f3d-96ff-48a0-a0b5-d037a3b8d21d,KXNCAAF-26-LSU,2025-09-17T21:18:11.890633Z,1.00,0.0700,0.9300,yes
233a3362-f074-4a33-ad65-bfe8525b73fe,KXNCAAF-26-LSU,2025-09-17T20:51:44.235858Z,134.00,0.0700,0.9300,yes
f9694df1-3689-4bd2-9fc8-7e6b0cb0d444,KXNCAAF-26-LSU,2025-09-17T20:45:11.444568Z,5.00,0.0700,0.9300,yes
a4762592-8686-4c09-8d68-3876b9b09f53,KXNCAAF-26-LSU,2025-09-17T20:35:58.676452Z,120.00,0.0700,0.9300,yes
71147c33-e912-4c1c-891d-34e5d6f7b588,KXNCAAF-26-LSU,2025-09-17T20:06:47.13213Z,71.00,0.0700,0.9300,yes
d132b3ff-5b88-40f8-8387-346b3ae9c42c,KXNCAAF-26-LSU,2025-09-17T16:56:19.904505Z,2.00,0.0700,0.9300,yes
ff78ff2c-8bd7-4698-92fc-44281b4f66c1,KXNCAAF-26-LSU,2025-09-17T16:21:34.790729Z,1875.00,0.0600,0.9400,no
df906eab-5872-42a7-bb87-04271008b0a6,KXNCAAF-26-LSU,2025-09-17T16:17:49.738761Z,20.00,0.0700,0.9300,yes
5068d8d9-e041-4042-8b1c-160c3cb642bf,KXNCAAF-26-LSU,2025-09-17T16:13:41.707292Z,250.00,0.0700,0.9300,yes
3abdd03c-9321-4a71-9162-453d9a40d5d3,KXNCAAF-26-LSU,2025-09-17T15:21:03.36114Z,100.00,0.0700,0.9300,yes
2feac263-d782-4d11-990d-5ff872b569a0,KXNCAAF-26-LSU,2025-09-17T14:20:01.798426Z,2.00,0.0700,0.9300,yes
acdb2bf0-170d-4178-a29c-3b8afa423e2f,KXNCAAF-26-LSU,2025-09-17T04:43:30.218959Z,50.00,0.0700,0.9300,yes
50cb9cd9-e359-456c-9121-6738c5ab0ac1,KXNCAAF-26-LSU,2025-09-17T04:21:08.600186Z,10.00,0.0700,0.9300,yes
29d5fb72-8351-462b-8ed8-9e4f66d7c3ab,KXNCAAF-26-LSU,2025-09-17T02:11:26.511168Z,100.00,0.0700,0.9300,yes
f8ea2dfe-2f04-4e82-979b-a76d0c4ed593,KXNCAAF-26-LSU,2025-09-16T23:36:11.452247Z,500.00,0.0700,0.9300,yes
7252ae16-bb42-4f76-8670-7decdb9f94d4,KXNCAAF-26-LSU,2025-09-16T21:00:14.899465Z,134.00,0.0700,0.9300,yes
d21ce9b6-21ab-478c-8941-321173fda11f,KXNCAAF-26-LSU,2025-09-16T20:08:27.160642Z,483.00,0.0700,0.9300,yes
0cfbb68d-b06b-4939-87f4-e3992e35a76b,KXNCAAF-26-LSU,2025-09-16T20:08:27.160642Z,17.00,0.0700,0.9300,yes
9d47b865-c912-429f-bd5c-8072642e4343,KXNCAAF-26-LSU,2025-09-16T20:08:15.417608Z,558.00,0.0700,0.9300,yes
87c628bc-2b6e-4a3d-90cd-ed023d3098b4,KXNCAAF-26-LSU,2025-09-16T19:54:09.211683Z,90.00,0.0600,0.9400,no
c21b28dc-ad65-4c47-9f84-c4fc716a5ad0,KXNCAAF-26-LSU,2025-09-16T17:55:30.618581Z,25.00,0.0700,0.9300,yes
de348b40-1782-4e60-94aa-b3f12f20bcab,KXNCAAF-26-LSU,2025-09-16T17:40:28.443514Z,600.00,0.0700,0.9300,yes
8bb6234c-0d24-470c-9d30-b60113d984aa,KXNCAAF-26-LSU,2025-09-16T15:30:28.734573Z,500.00,0.0700,0.9300,yes
7f64f4f0-7a12-48d3-86d5-3f7b1690e6a4,KXNCAAF-26-LSU,2025-09-16T15:28:13.39889Z,33.00,0.0700,0.9300,yes
8ca44104-c2fc-4f34-b45b-e55084fe1764,KXNCAAF-26-LSU,2025-09-16T15:26:29.203925Z,275.00,0.0700,0.9300,yes
70e5c8ee-fcda-4e87-9f65-4ec03af09a35,KXNCAAF-26-LSU,2025-09-16T13:59:49.420489Z,10.00,0.0600,0.9400,no
cf8e541b-9629-4953-a013-22c5d8869d5c,KXNCAAF-26-LSU,2025-09-16T13:12:07.230269Z,1000.00,0.0700,0.9300,yes
3e192b47-b243-4f29-b225-8ff44de4259b,KXNCAAF-26-LSU,2025-09-16T12:45:29.370644Z,46.00,0.0700,0.9300,yes
d90bd69e-c612-49c4-8ae2-5141b6c4f0bf,KXNCAAF-26-LSU,2025-09-16T09:21:25.12042Z,603.00,0.0700,0.9300,yes
75522339-c656-4f8f-8573-e97ea046a60c,KXNCAAF-26-LSU,2025-09-16T09:16:46.245557Z,50.00,0.0700,0.9300,yes
31e90bbc-ebfa-4d7b-a905-b68fa9f60be8,KXNCAAF-26-LSU,2025-09-16T05:02:44.999516Z,14.00,0.0700,0.9300,yes
555f4c68-0528-4d01-aa4b-512cff4e2df0,KXNCAAF-26-LSU,2025-09-16T03:51:02.030973Z,134.00,0.0700,0.9300,yes
bc59ccb6-ed07-4657-a4b1-0763baa5c940,KXNCAAF-26-LSU,2025-09-16T03:43:15.263915Z,67.00,0.0700,0.9300,yes
66d1f255-48a3-477e-b837-e17548f8cc3c,KXNCAAF-26-LSU,2025-09-16T03:42:39.157685Z,166.00,0.0700,0.9300,yes
a23596e2-01ea-447a-8bae-df93db46e021,KXNCAAF-26-LSU,2025-09-16T02:26:43.198852Z,1500.00,0.0700,0.9300,yes
36dbfd8b-ac3d-43c2-aae0-f31901a5e75f,KXNCAAF-26-LSU,2025-09-16T02:13:44.015225Z,100.00,0.0700,0.9300,yes
0d5451f8-6a7b-4bbe-af34-e9b17fea2533,KXNCAAF-26-LSU,2025-09-15T23:36:26.860102Z,1500.00,0.0600,0.9400,no
1abad92f-750d-4273-8da6-2b1382cb2c54,KXNCAAF-26-LSU,2025-09-15T22:21:45.569845Z,1000.00,0.0700,0.9300,yes
119b9cd5-1fb9-4be8-a190-a2a2f18753eb,KXNCAAF-26-LSU,2025-09-15T22:08:55.21213Z,502.00,0.0700,0.9300,yes
e701d917-4fab-421e-b870-3c2a2d82b2f4,KXNCAAF-26-LSU,2025-09-15T20:23:47.986857Z,500.00,0.0700,0.9300,yes
229264ff-5012-4c59-b8b0-c86c5f460d95,KXNCAAF-26-LSU,2025-09-15T16:19:15.045121Z,500.00,0.0700,0.9300,yes
8884a12d-80cc-4742-9ff8-8c41a89a424c,KXNCAAF-26-LSU,2025-09-15T16:17:02.311471Z,1000.00,0.0700,0.9300,yes
12b63638-420e-41de-8300-4b9e9acfedab,KXNCAAF-26-LSU,2025-09-15T16:03:44.716354Z,1.00,0.0700,0.9300,yes
6abb71ab-43c8-4149-9f6d-cab10a603c8e,KXNCAAF-26-LSU,2025-09-15T15:59:13.312552Z,13.00,0.0700,0.9300,yes
44f8b76f-9618-4033-8d46-7980788ed75c,KXNCAAF-26-LSU,2025-09-15T15:58:55.460749Z,13.00,0.0700,0.9300,yes
be22b8d3-8b8b-4404-9823-dacc23b4445d,KXNCAAF-26-LSU,2025-09-15T15:31:04.344974Z,150.00,0.0700,0.9300,yes
84eea11c-0c83-4c23-9109-6e32d0c5ea64,KXNCAAF-26-LSU,2025-09-15T14:38:54.257775Z,1000.00,0.0600,0.9400,no
8e1829f6-a6d2-43dd-ad34-fb2b158a130b,KXNCAAF-26-LSU,2025-09-15T12:51:07.569522Z,100.00,0.0700,0.9300,yes
94a869d6-5fea-4cb0-93c2-24bf6deb17d6,KXNCAAF-26-LSU,2025-09-15T12:44:21.157121Z,67.00,0.0700,0.9300,yes
db84afda-3eae-4efa-aa61-31f213458570,KXNCAAF-26-LSU,2025-09-15T12:34:23.175266Z,3886.00,0.0300,0.9700,no
a460a105-0270-498c-9902-c7b35c978015,KXNCAAF-26-LSU,2025-09-15T12:34:10.693045Z,1000.00,0.0400,0.9600,no
81207e16-0ac2-44b9-b016-1b3f0a3ffbcb,KXNCAAF-26-LSU,2025-09-15T12:34:01.985268Z,2043.00,0.0500,0.9500,no
0552f358-ed00-4cc5-b2ba-68424640529a,KXNCAAF-26-LSU,2025-09-15T12:34:01.985268Z,1000.00,0.0500,0.9500,no
d7db0904-6ddf-4e96-9082-ed743edf220a,KXNCAAF-26-LSU,2025-09-15T12:33:51.485044Z,259.00,0.0600,0.9400,no
00b37878-0fdc-400b-b654-7ff3c871b8ec,KXNCAAF-26-LSU,2025-09-15T12:33:51.485044Z,241.00,0.0600,0.9400,no
5425ef18-9648-4860-8dd7-fbf30e9aacb2,KXNCAAF-26-LSU,2025-09-15T12:33:41.701846Z,1500.00,0.0700,0.9300,no
08e31354-f9b7-449f-8bb0-fa54e8ddbfd6,KXNCAAF-26-LSU,2025-09-15T12:33:41.701846Z,499.00,0.0700,0.9300,no
ecad5b1b-f4d0-4a15-8f8e-f6fb30ae5cfb,KXNCAAF-26-LSU,2025-09-15T12:12:43.121224Z,1.00,0.0700,0.9300,no
f1c10718-2d02-4d3b-8410-2ebc716b99f5,KXNCAAF-26-LSU,2025-09-15T04:55:58.137854Z,100.00,0.0800,0.9200,yes
f80a0d8b-cbee-49c2-8852-10e13aa7714f,KXNCAAF-26-LSU,2025-09-15T04:28:47.14527Z,100.00,0.0800,0.9200,yes
02228fed-18a5-4c4f-a37d-ac35f6f68865,KXNCAAF-26-LSU,2025-09-15T02:34:14.576072Z,100.00,0.0800,0.9200,yes
bead5ab0-f3f6-43eb-956d-9a9227c3a6f4,KXNCAAF-26-LSU,2025-09-15T02:28:11.677254Z,781.00,0.0800,0.9200,no
2b62cb0f-05d5-4ed9-bd72-24bcb6520002,KXNCAAF-26-LSU,2025-09-15T02:28:11.677254Z,1000.00,0.0800,0.9200,no
06008014-5386-441a-8bd3-4c126fe02260,KXNCAAF-26-LSU,2025-09-15T02:28:11.677254Z,225.00,0.0800,0.9200,no
42bde0ac-8722-447c-bc6a-cd4da3771123,KXNCAAF-26-LSU,2025-09-15T00:47:52.721508Z,10.00,0.0900,0.9100,yes
6e982476-4aeb-4e1c-a86a-60c5b0eb65fe,KXNCAAF-26-LSU,2025-09-14T23:49:48.232541Z,104.00,0.0900,0.9100,yes
9c752d0c-3607-47db-82ac-32dd3866bce9,KXNCAAF-26-LSU,2025-09-14T23:28:02.827093Z,1.00,0.0900,0.9100,yes
ab71f5ee-a186-4948-a7bc-f92c65fc42c4,KXNCAAF-26-LSU,2025-09-14T22:16:15.599068Z,31.00,0.0900,0.9100,yes
c0cca848-a37d-435c-ada0-d0d9972eb138,KXNCAAF-26-LSU,2025-09-14T18:46:33.89116Z,492.00,0.0900,0.9100,yes
aad4b12b-51aa-4426-b92a-9c97b89e4990,KXNCAAF-26-LSU,2025-09-14T15:39:49.630855Z,1.00,0.0900,0.9100,yes
1d427ed0-b702-411b-a921-c3d2a5c2356f,KXNCAAF-26-LSU,2025-09-14T15:37:06.766306Z,5.00,0.0900,0.9100,yes
f8315d76-c994-459f-86d7-7161463a3281,KXNCAAF-26-LSU,2025-09-14T14:29:18.602113Z,3.00,0.0900,0.9100,yes
e70a02ac-87d8-47e6-a7db-2fac95ba186f,KXNCAAF-26-LSU,2025-09-14T14:18:46.200842Z,2482.00,0.0900,0.9100,yes
b1697bfb-ce56-4a41-bfa6-886aff9c968e,KXNCAAF-26-LSU,2025-09-14T14:18:46.200842Z,2518.00,0.0900,0.9100,yes
9d0920f2-933f-4e33-ae46-3c57930bd6d1,KXNCAAF-26-LSU,2025-09-14T13:24:29.556391Z,1044.00,0.0900,0.9100,yes
f833a2cf-4a67-4bbb-ac68-cd019ec84797,KXNCAAF-26-LSU,2025-09-14T03:40:05.121245Z,511.00,0.0900,0.9100,yes
b93da7fe-b268-4330-b7e1-724ec677cae3,KXNCAAF-26-LSU,2025-09-14T02:58:38.831557Z,117.00,0.0900,0.9100,yes
22b16da2-3ded-400b-a21e-4e636184d262,KXNCAAF-26-LSU,2025-09-14T02:58:38.831557Z,927.00,0.0900,0.9100,yes
12d6ea37-982b-48fd-94a0-7e29d0255885,KXNCAAF-26-LSU,2025-09-14T02:25:58.622581Z,75.00,0.0900,0.9100,yes
7b37a4b7-a39e-46d7-b9f5-8722e1ccfbc8,KXNCAAF-26-LSU,2025-09-14T02:24:52.343598Z,46.00,0.0900,0.9100,yes
763ba8bc-204b-4404-a6e5-2d822113fabb,KXNCAAF-26-LSU,2025-09-14T02:21:53.621753Z,4.00,0.0900,0.9100,yes
f3c3a2db-9ee1-418f-a58b-29eafda105fd,KXNCAAF-26-LSU,2025-09-14T02:13:55.036756Z,1.00,0.0900,0.9100,yes
4eb45242-fe6c-45f2-a3df-0283449d3dca,KXNCAAF-26-LSU,2025-09-14T02:13:49.465839Z,1.00,0.0900,0.9100,yes
2ba1c203-058e-48e1-8e40-8caaade4f28e,KXNCAAF-26-LSU,2025-09-14T02:11:19.524801Z,250.00,0.0900,0.9100,yes
b2912f9b-998f-4981-890d-2b69eb348e09,KXNCAAF-26-LSU,2025-09-14T01:15:46.780137Z,219.00,0.0800,0.9200,no
9e7cdfad-6b67-4506-8cc5-553ac0e5204c,KXNCAAF-26-LSU,2025-09-14T01:15:46.780137Z,275.00,0.0800,0.9200,no
88238ebb-c788-410a-ac25-90e7b1994460,KXNCAAF-26-LSU,2025-09-14T01:15:46.780137Z,6.00,0.0800,0.9200,no
11653b45-e567-46ad-bbf7-1c85b39ad0cb,KXNCAAF-26-LSU,2025-09-14T00:37:26.342242Z,50.00,0.1000,0.9000,yes
117533e8-743c-4659-8c46-697b25c140fd,KXNCAAF-26-LSU,2025-09-13T23:47:23.152732Z,100.00,0.1000,0.9000,yes
1f28d4e5-8437-4594-8540-7fa022079d7a,KXNCAAF-26-LSU,2025-09-13T22:54:15.64425Z,100.00,0.1000,0.9000,yes
1ecc7ce8-5085-408f-85a8-65854d39f2be,KXNCAAF-26-LSU,2025-09-13T22:11:45.252105Z,3.00,0.1000,0.9000,yes
ce4cac76-3801-47d3-bfae-2a7eb95160ae,KXNCAAF-26-LSU,2025-09-13T21:51:23.273525Z,4.00,0.0800,0.9200,no
6aa39f77-c042-4027-bf7a-bea7cdba26ad,KXNCAAF-26-LSU,2025-09-13T21:51:23.273525Z,6.00,0.0800,0.9200,no
bcd76a53-5d81-48d4-acaa-2094f40517ee,KXNCAAF-26-LSU,2025-09-13T18:10:02.981472Z,6.00,0.1000,0.9000,yes
78f5de06-3391-48ce-a572-3ad1ac4cd3e3,KXNCAAF-26-LSU,2025-09-13T17:19:33.612099Z,10.00,0.1000,0.9000,yes
3e58e13d-a641-489e-a8c1-fc5e924e9f85,KXNCAAF-26-LSU,2025-09-13T14:31:18.024496Z,219.00,0.0900,0.9100,yes
bb7256be-175d-4feb-bf99-ebe476979e9e,KXNCAAF-26-LSU,2025-09-13T12:55:03.663476Z,173.00,0.0900,0.9100,yes
a07136f2-3180-4584-b5a9-e67ed49b19bd,KXNCAAF-26-LSU,2025-09-13T12:55:03.663476Z,78.00,0.0900,0.9100,yes
9d911bd1-9193-4df1-9a55-779788549133,KXNCAAF-26-LSU,2025-09-13T12:55:03.663476Z,12.00,0.0900,0.9100,yes
9bd32eec-313e-41a1-bdee-56803960cfd3,KXNCAAF-26-LSU,2025-09-13T12:55:03.663476Z,45.00,0.0900,0.9100,yes
30695bbf-c6d1-4643-a817-5f81236bb546,KXNCAAF-26-LSU,2025-09-13T12:55:03.663476Z,30.00,0.0900,0.9100,yes
455f9394-e30e-46e9-a472-5218761f200c,KXNCAAF-26-LSU,2025-09-13T04:28:15.006897Z,114.00,0.0900,0.9100,yes
4a00ab79-8029-416c-a0f6-c33b2189eb3a,KXNCAAF-26-LSU,2025-09-13T02:34:53.520442Z,29.00,0.0900,0.9100,yes
85a587fd-36d1-4b69-99a2-8e2d94201db7,KXNCAAF-26-LSU,2025-09-13T01:18:46.531578Z,522.00,0.0900,0.9100,yes
ce733944-2933-4793-932c-99deed3df46e,KXNCAAF-26-LSU,2025-09-13T01:06:41.01168Z,100.00,0.0900,0.9100,yes
b5ae0dfa-4a81-4d75-8aac-04b6568b9b54,KXNCAAF-26-LSU,2025-09-12T23:33:29.451474Z,1000.00,0.0900,0.9100,yes
8fa0eef4-be19-4dc0-87f8-354ee30a71e2,KXNCAAF-26-LSU,2025-09-12T17:21:49.59316Z,100.00,0.0900,0.9100,yes
3c1bb6bf-1ab0-45d6-94c3-0d1adabc911d,KXNCAAF-26-LSU,2025-09-12T17:11:43.027643Z,50.00,0.0900,0.9100,yes
7e9f5577-4d7a-4e6d-9b5c-260f990d2dfb,KXNCAAF-26-LSU,2025-09-12T16:49:02.197562Z,90.00,0.0900,0.9100,yes
4e3e0c7b-0a40-4462-b434-32779f45232c,KXNCAAF-26-LSU,2025-09-12T15:43:06.733958Z,536.00,0.0900,0.9100,yes
20841545-b59b-49b8-bf49-bc2ae404efa9,KXNCAAF-26-LSU,2025-09-12T04:07:52.192445Z,31.00,0.0900,0.9100,yes
ec86d028-2b2d-4ece-9402-20aad33b8fc9,KXNCAAF-26-LSU,2025-09-12T03:52:58.456445Z,586.00,0.0900,0.9100,yes
14c11b2b-c9ae-4a0d-b5cc-52c5c08c18b2,KXNCAAF-26-LSU,2025-09-12T03:50:53.761025Z,79.00,0.0800,0.9200,yes
a42b2232-6f69-4a7d-8fc0-63274c1e8969,KXNCAAF-26-LSU,2025-09-11T23:21:17.641966Z,36.00,0.0800,0.9200,yes
1c57f542-ccf3-4c6e-b595-31a1814c919d,KXNCAAF-26-LSU,2025-09-11T23:21:17.641966Z,22.00,0.0800,0.9200,yes
6de5d073-b141-4870-a3a6-16458b7d8f8b,KXNCAAF-26-LSU,2025-09-11T22:19:20.74883Z,23.00,0.0800,0.9200,yes
fab231ff-adc3-42fc-b1f1-65e518aa2985,KXNCAAF-26-LSU,2025-09-11T21:19:47.825705Z,300.00,0.0800,0.9200,yes
c3f55c64-aafc-44bd-afc1-4cd16d9723f1,KXNCAAF-26-LSU,2025-09-11T21:19:47.825705Z,200.00,0.0800,0.9200,yes
9102f438-4f41-457a-9504-9bcc95eb56c9,KXNCAAF-26-LSU,2025-09-11T19:48:54.50386Z,200.00,0.0800,0.9200,yes
46a1e1b5-e5eb-4748-bf29-e3eb0f1d0148,KXNCAAF-26-LSU,2025-09-11T19:39:03.808627Z,259.00,0.0600,0.9400,no
5ffcef2e-1ea5-467e-9661-ca000dc63ea8,KXNCAAF-26-LSU,2025-09-11T19:38:48.192942Z,900.00,0.0700,0.9300,no
ecf85200-a366-4dba-ada0-fbdd3e892e7e,KXNCAAF-26-LSU,2025-09-11T18:57:38.131876Z,400.00,0.0700,0.9300,no
abc11645-1d02-4137-8aec-7a10cfa021e1,KXNCAAF-26-LSU,2025-09-11T18:57:38.131876Z,1100.00,0.0700,0.9300,no
a75313f6-773c-4d49-8689-4427da15ee66,KXNCAAF-26-LSU,2025-09-11T18:57:38.131876Z,500.00,0.0700,0.9300,no
cdb5cdc8-38b9-43c7-a0dc-b3c7eb62269c,KXNCAAF-26-LSU,2025-09-11T17:33:25.297307Z,134.00,0.0900,0.9100,yes
434588fb-5c5a-40b8-9089-111c9ce2ce33,KXNCAAF-26-LSU,2025-09-11T16:32:35.97797Z,13.00,0.0900,0.9100,yes
dc025682-a651-470a-a4e3-0a2dedc34cd7,KXNCAAF-26-LSU,2025-09-11T16:32:09.947025Z,25.00,0.0900,0.9100,yes
d69dedaa-a5eb-49f1-abc7-28e671ced946,KXNCAAF-26-LSU,2025-09-11T16:31:56.875003Z,100.00,0.0900,0.9100,yes
ac0efa56-1042-45b3-bb0a-8039a0833890,KXNCAAF-26-LSU,2025-09-11T16:31:44.215921Z,20.00,0.0900,0.9100,yes
49309b5e-d67c-48a7-af2d-ca52f5c00182,KXNCAAF-26-LSU,2025-09-11T13:21:01.990582Z,249.00,0.0800,0.9200,no
9dc0a4cc-c026-4586-9c5c-61a5f6928796,KXNCAAF-26-LSU,2025-09-11T12:28:37.290756Z,909.00,0.0900,0.9100,yes
1df57b1e-60ee-4dd3-996c-975648f9ed11,KXNCAAF-26-LSU,2025-09-11T04:30:40.191253Z,78.00,0.0800,0.9200,no
3ca7451d-cb4d-4599-8e2a-84eb32c5bdf1,KXNCAAF-26-LSU,2025-09-11T02:22:04.072546Z,10.00,0.0900,0.9100,yes
9ed061b6-a5ff-4a27-bfa9-ab7037320ad3,KXNCAAF-26-LSU,2025-09-11T01:40:45.878419Z,261.00,0.0900,0.9100,yes
d3256303-d630-44d9-81a3-39d6b625927a,KXNCAAF-26-LSU,2025-09-11T01:25:28.2979Z,208.00,0.0900,0.9100,yes
3b55ebeb-dfa1-4f7d-a948-255530a7f10b,KXNCAAF-26-LSU,2025-09-10T20:55:43.313429Z,1000.00,0.0900,0.9100,yes
279b397a-ee82-42f9-b9b5-d2866f4d6f27,KXNCAAF-26-LSU,2025-09-10T17:55:53.505936Z,52.00,0.0900,0.9100,yes
2d7565b7-2191-4e46-9adf-14dbb2d556e9,KXNCAAF-26-LSU,2025-09-10T16:25:24.954119Z,522.00,0.0900,0.9100,yes
e00586bc-b34b-4bba-82b9-90e58f017750,KXNCAAF-26-LSU,2025-09-10T13:55:20.541407Z,100.00,0.0900,0.9100,yes
4ffc2148-031e-40a1-9059-42bfddad0a8a,KXNCAAF-26-LSU,2025-09-10T05:23:22.702664Z,200.00,0.0900,0.9100,yes
9ac0a72f-581b-475c-807c-a96edbd9c93e,KXNCAAF-26-LSU,2025-09-09T23:25:47.783615Z,50.00,0.0900,0.9100,yes
20c1e5ec-4366-4531-9770-9d1db2e33bfc,KXNCAAF-26-LSU,2025-09-09T23:23:30.831003Z,4.00,0.0900,0.9100,yes
60876ec7-ae06-4e50-9989-a65461d01e86,KXNCAAF-26-LSU,2025-09-09T23:08:03.000405Z,156.00,0.0900,0.9100,yes
4c844331-0bce-4f80-afb1-3eecefe77fd4,KXNCAAF-26-LSU,2025-09-09T21:31:49.439265Z,104.00,0.0900,0.9100,yes
e64314d4-b937-480f-aee6-f3527d3902b5,KXNCAAF-26-LSU,2025-09-09T19:46:36.082776Z,2.00,0.0900,0.9100,yes
4d91063c-b996-47c7-8b6a-4053b4b8c616,KXNCAAF-26-LSU,2025-09-09T19:34:40.187364Z,100.00,0.0900,0.9100,yes
96db88f6-33d8-4055-a929-c96eaf8355a8,KXNCAAF-26-LSU,2025-09-09T17:54:37.800295Z,173.00,0.0800,0.9200,no
81609a87-8aba-4ce4-b672-49480221b7a8,KXNCAAF-26-LSU,2025-09-09T16:07:22.595386Z,35.00,0.0900,0.9100,yes
6f6789e0-1c8a-47e6-a668-2954e21d3c1b,KXNCAAF-26-LSU,2025-09-09T15:22:41.961475Z,125.00,0.0900,0.9100,yes
b0238313-7dfc-4fa3-b818-b9697b57f0f7,KXNCAAF-26-LSU,2025-09-09T15:14:51.993348Z,700.00,0.0900,0.9100,yes
cbd1c0e0-074d-47bb-8121-5288a35009bc,KXNCAAF-26-LSU,2025-09-09T14:51:23.580363Z,4.00,0.0900,0.9100,no
96750d58-1fb5-41ce-9ac3-a4d882bc4cdb,KXNCAAF-26-LSU,2025-09-09T14:51:23.580363Z,26.00,0.0900,0.9100,no
8ec29f8e-234c-4c29-8902-d468da272982,KXNCAAF-26-LSU,2025-09-09T14:51:23.580363Z,500.00,0.0900,0.9100,no
6f5a6fc5-8066-481c-904a-cf351b105aea,KXNCAAF-26-LSU,2025-09-09T13:20:46.484664Z,100.00,0.1100,0.8900,yes
5755c102-6492-41e7-8d05-1247586df04e,KXNCAAF-26-LSU,2025-09-09T12:48:20.912909Z,27.00,0.1100,0.8900,yes
ff663c83-13e7-4212-938e-d6c62642d8e0,KXNCAAF-26-LSU,2025-09-09T12:09:10.70642Z,42.00,0.1100,0.8900,yes
ec9953d5-706d-460c-ac76-cde998cd2573,KXNCAAF-26-LSU,2025-09-09T04:13:27.548798Z,427.00,0.1100,0.8900,yes
9fa069d2-4e0c-4137-baf5-97fcb872a2ae,KXNCAAF-26-LSU,2025-09-09T04:07:12.271288Z,500.00,0.1100,0.8900,yes
3c262b90-4494-4aa8-b2df-650bf6bf2d76,KXNCAAF-26-LSU,2025-09-09T03:08:31.397516Z,85.00,0.1100,0.8900,yes
532fb907-df48-4c29-9c72-2b492ebf7966,KXNCAAF-26-LSU,2025-09-08T22:56:35.052766Z,40.00,0.1000,0.9000,no
c4f27c58-f43c-4c44-8edf-5f74502870ad,KXNCAAF-26-LSU,2025-09-08T21:27:33.998207Z,1000.00,0.1100,0.8900,yes
89ea7cde-98ef-4168-ac3d-ccada05be2e4,KXNCAAF-26-LSU,2025-09-08T20:13:33.581823Z,100.00,0.1100,0.8900,yes
cab995cc-453d-483b-80c2-9ff62136aff2,KXNCAAF-26-LSU,2025-09-08T19:34:40.750658Z,51.00,0.1100,0.8900,yes
5ff35368-1443-4bce-9c4d-bbb3634b7b94,KXNCAAF-26-LSU,2025-09-08T18:13:32.832493Z,10.00,0.1000,0.9000,no
91d64629-f625-4dee-825b-da39fd6ec974,KXNCAAF-26-LSU,2025-09-08T16:21:20.874867Z,100.00,0.1100,0.8900,yes
0f8012c2-2330-4b91-8ef0-783b06c51a55,KXNCAAF-26-LSU,2025-09-08T15:58:05.85452Z,100.00,0.1100,0.8900,yes
d1de91d7-af15-48e4-81b0-cbc8af67e5b6,KXNCAAF-26-LSU,2025-09-08T15:12:37.952857Z,50.00,0.1100,0.8900,yes
47cd65df-ae93-4a80-bf10-72d5dc079cb7,KXNCAAF-26-LSU,2025-09-08T14:15:46.28326Z,500.00,0.1100,0.8900,yes
f3f58e1d-9036-4da0-bf34-c25c8d8cd18b,KXNCAAF-26-LSU,2025-09-08T14:15:45.665574Z,18.00,0.1100,0.8900,yes
97a094e6-f2a8-4de1-bbfa-e8739e7f7f21,KXNCAAF-26-LSU,2025-09-08T14:15:22.994455Z,4.00,0.1000,0.9000,yes
ee83c0f6-39ca-4dfd-8219-286b488390d5,KXNCAAF-26-LSU,2025-09-08T04:45:45.619529Z,500.00,0.1100,0.8900,yes
b6500a05-f848-4f95-9d91-390a314a65b2,KXNCAAF-26-LSU,2025-09-08T02:45:13.642712Z,10.00,0.1100,0.8900,yes
5c907b4f-f576-4548-bee0-5a5e76b38f02,KXNCAAF-26-LSU,2025-09-08T01:28:56.77886Z,50.00,0.1000,0.9000,yes
3c7c206b-1cbf-4803-928a-171dd09aa4a5,KXNCAAF-26-LSU,2025-09-08T01:28:56.77886Z,87.00,0.1000,0.9000,yes
bbed24f6-b0a2-4ddd-9d8e-b889dddffeb0,KXNCAAF-26-LSU,2025-09-08T01:01:01.392812Z,50.00,0.0900,0.9100,no
ec09565b-a140-4e87-8ec4-104b83b76e34,KXNCAAF-26-LSU,2025-09-08T00:00:22.42208Z,1.00,0.1000,0.9000,yes
70b40f5f-1e7b-4621-8df4-b7c0bc5365b5,KXNCAAF-26-LSU,2025-09-07T21:01:59.37701Z,16.00,0.1000,0.9000,yes
0c15c9df-3d0b-4a9f-b9c7-1867ece1e358,KXNCAAF-26-LSU,2025-09-07T21:01:59.37701Z,9.00,0.1000,0.9000,yes
e0de387b-a4c1-4a61-afeb-b57ab9906a2e,KXNCAAF-26-LSU,2025-09-07T20:08:21.024702Z,104.00,0.0900,0.9100,no
ce401e32-27d5-4381-81e9-5abbd05152a4,KXNCAAF-26-LSU,2025-09-07T19:45:22.807991Z,12.00,0.1000,0.9000,yes
76af361e-084a-4928-8cae-f7e499983ddb,KXNCAAF-26-LSU,2025-09-07T19:45:22.807991Z,14.00,0.1000,0.9000,yes
733396b3-3607-41bc-a3ef-3be69a2d6079,KXNCAAF-26-LSU,2025-09-07T19:45:22.807991Z,24.00,0.1000,0.9000,yes
6cbaf43b-0745-4360-be96-d8bee6ffd2e0,KXNCAAF-26-LSU,2025-09-07T16:00:20.33331Z,490.00,0.0900,0.9100,yes
f30d9d0d-52ca-4a97-90f4-de69d433a354,KXNCAAF-26-LSU,2025-09-07T15:41:37.125617Z,10.00,0.0900,0.9100,yes
934d20af-107b-4918-b575-546a14f1e64c,KXNCAAF-26-LSU,2025-09-07T15:04:20.969526Z,1029.00,0.0900,0.9100,yes
17d00fb8-941c-4842-be64-aece566d1f4d,KXNCAAF-26-LSU,2025-09-07T14:39:03.005569Z,31.00,0.0900,0.9100,yes
a82f51db-3e4f-4a1e-8067-b80a1593b053,KXNCAAF-26-LSU,2025-09-07T13:56:30.974349Z,85.00,0.0900,0.9100,yes
70ac0037-2d5a-45cc-846d-b8d6449018fb,KXNCAAF-26-LSU,2025-09-07T13:56:30.974349Z,15.00,0.0900,0.9100,yes
33f4cdc5-58ff-40f0-b81f-96c04058c53a,KXNCAAF-26-LSU,2025-09-07T12:41:15.042905Z,20.00,0.0900,0.9100,yes
94409a81-deae-4b09-aee2-d955a858836a,KXNCAAF-26-LSU,2025-09-07T05:20:26.401224Z,30.00,0.0800,0.9200,yes
48681e58-c8a6-4a43-9488-a86010a58b94,KXNCAAF-26-LSU,2025-09-07T05:20:26.401224Z,234.00,0.0900,0.9100,yes
900c0dc6-acc9-4ff2-b482-44a33ae145bd,KXNCAAF-26-LSU,2025-09-07T04:27:36.265462Z,104.00,0.0900,0.9100,yes
d486afce-a913-4f96-aa15-8d8588f6b396,KXNCAAF-26-LSU,2025-09-07T04:04:17.781248Z,52.00,0.0900,0.9100,yes
0804a12e-bf4a-45ed-b440-b1f787989a0e,KXNCAAF-26-LSU,2025-09-07T03:58:48.292946Z,4.00,0.0900,0.9100,yes
66b25a89-cc39-40a9-b6cb-f18be2981094,KXNCAAF-26-LSU,2025-09-07T03:27:38.942644Z,1.00,0.0900,0.9100,yes
a032cf4d-b96a-4652-ad8e-49b55e960a6e,KXNCAAF-26-LSU,2025-09-07T01:22:02.231594Z,500.00,0.0600,0.9400,no
15bd0a69-f82b-481a-99fb-77f9613c1dff,KXNCAAF-26-LSU,2025-09-07T01:21:25.505201Z,7494.00,0.0600,0.9400,no
8433b293-e059-45e3-a4a7-37f89ad03f64,KXNCAAF-26-LSU,2025-09-07T01:21:15.491927Z,3.00,0.0700,0.9300,no
8060d78e-2c95-4c1d-b631-063f6d700dd4,KXNCAAF-26-LSU,2025-09-07T01:21:15.491927Z,383.00,0.0700,0.9300,no
6489fab6-b1cb-42f1-824b-39ed291745a6,KXNCAAF-26-LSU,2025-09-07T01:21:15.491927Z,117.00,0.0700,0.9300,no
be53e073-a475-4214-82fb-16e85af79bda,KXNCAAF-26-LSU,2025-09-07T01:02:55.982754Z,594.00,0.0800,0.9200,yes
8232a88c-a62c-49f5-ae37-e4420a08e5ed,KXNCAAF-26-LSU,2025-09-07T01:02:55.982754Z,92.00,0.0800,0.9200,yes
57ebc5d4-8ab8-49bd-ab02-da025294ac5d,KXNCAAF-26-LSU,2025-09-07T01:02:55.982754Z,1.00,0.0800,0.9200,yes
11dcdba6-fe03-4580-a6f2-ba07fdcc27aa,KXNCAAF-26-LSU,2025-09-07T01:02:55.982754Z,313.00,0.0800,0.9200,yes
9b78a341-9338-4fd0-b212-92f918e70d41,KXNCAAF-26-LSU,2025-09-07T00:57:13.402136Z,70.00,0.0800,0.9200,yes
1cdb5141-d00a-4d8a-b398-89f298e97998,KXNCAAF-26-LSU,2025-09-07T00:37:00.608618Z,117.00,0.0800,0.9200,yes
051262ef-ab25-4173-9c94-a54008f0329e,KXNCAAF-26-LSU,2025-09-07T00:18:33.862797Z,374.00,0.0700,0.9300,yes
030e55e5-a728-4bd9-9c71-ae9b3271e375,KXNCAAF-26-LSU,2025-09-07T00:18:33.862797Z,68.00,0.0700,0.9300,yes
7bbec4b5-601d-41ca-a5de-2035c7e5e0d1,KXNCAAF-26-LSU,2025-09-07T00:06:27.671701Z,3.00,0.0700,0.9300,yes
8b97eb4e-ceac-4377-80d1-f40705777d99,KXNCAAF-26-LSU,2025-09-07T00:02:49.755448Z,6.00,0.0700,0.9300,yes
ddb788b2-e958-439a-a3f3-68c6e948253e,KXNCAAF-26-LSU,2025-09-07T00:01:38.332529Z,143.00,0.0700,0.9300,yes
2590cd9e-4646-4446-8010-3f52be596777,KXNCAAF-26-LSU,2025-09-07T00:01:38.332529Z,90.00,0.0700,0.9300,yes
2726a997-3850-4bee-bef2-9594651c1973,KXNCAAF-26-LSU,2025-09-06T23:51:14.111314Z,100.00,0.0700,0.9300,yes
57f8143a-55bb-4504-b380-c250ae222050,KXNCAAF-26-LSU,2025-09-06T23:24:52.993705Z,10.00,0.0700,0.9300,yes
bc0a6108-7c32-48d5-9874-c99c36179c78,KXNCAAF-26-LSU,2025-09-06T23:24:30.273456Z,80.00,0.0700,0.9300,yes
60ff42e4-0774-4e42-b4ff-669e77b4f736,KXNCAAF-26-LSU,2025-09-06T22:56:29.932113Z,110.00,0.0700,0.9300,yes
a8aca75f-b41b-48e8-82bd-71188b80e488,KXNCAAF-26-LSU,2025-09-06T22:53:41.460947Z,406.00,0.0600,0.9400,no
6fb49b21-a470-48dd-8494-ff429a7a920f,KXNCAAF-26-LSU,2025-09-06T22:53:41.460947Z,594.00,0.0600,0.9400,no
cb9a8e1d-b45f-472b-9333-f8eaea99c2c6,KXNCAAF-26-LSU,2025-09-06T22:48:28.98581Z,13.00,0.0700,0.9300,yes
4205c56e-f20c-4573-a6a7-45cbfb39f533,KXNCAAF-26-LSU,2025-09-06T22:43:15.594229Z,3.00,0.0700,0.9300,yes
ea37ff78-3965-4006-9a33-a55d0b563037,KXNCAAF-26-LSU,2025-09-06T22:35:28.334321Z,400.00,0.0600,0.9400,no
78ac9b81-8dfe-4e41-b337-db77f5c0bfd8,KXNCAAF-26-LSU,2025-09-06T22:35:14.383586Z,1.00,0.0600,0.9400,no
636b0c88-bca8-4a64-aa9d-6c3a4522a323,KXNCAAF-26-LSU,2025-09-06T22:35:14.383586Z,6.00,0.0600,0.9400,no
a48b56a4-f5c3-4f01-8621-deb38cdeacdc,KXNCAAF-26-LSU,2025-09-06T22:35:05.503934Z,93.00,0.0700,0.9300,no
60a5f83e-a602-47da-bbb9-ff8fd2fd970b,KXNCAAF-26-LSU,2025-09-06T22:34:59.193225Z,500.00,0.0700,0.9300,no
cdb83e9b-d0e7-48ea-9f99-2ad4c74b56c9,KXNCAAF-26-LSU,2025-09-06T22:28:53.589098Z,90.00,0.0700,0.9300,yes
bd15ad14-b588-490e-b5f5-37c3f2617bb6,KXNCAAF-26-LSU,2025-09-06T22:28:53.589098Z,8.00,0.0800,0.9200,yes
b42b4652-c28f-4c78-9659-e1748612ae67,KXNCAAF-26-LSU,2025-09-06T22:28:53.589098Z,500.00,0.0800,0.9200,yes
5ea6529d-02c0-4005-9c7e-fe96559b7e17,KXNCAAF-26-LSU,2025-09-06T22:27:45.593562Z,35.00,0.0700,0.9300,yes
57c00b14-e2dd-4d7e-81b3-23a2829863bd,KXNCAAF-26-LSU,2025-09-06T22:27:45.593562Z,99.00,0.0700,0.9300,yes
df5561cd-d15b-4c6a-8969-f95c0c2b112f,KXNCAAF-26-LSU,2025-09-06T22:27:28.447717Z,134.00,0.0700,0.9300,yes
c369a3d4-df1f-4e4e-9c0a-a59839c0a70e,KXNCAAF-26-LSU,2025-09-06T22:27:08.968923Z,67.00,0.0700,0.9300,yes
b0f72456-7bcc-41e7-ba9f-ac6e84dc6f46,KXNCAAF-26-LSU,2025-09-06T22:26:41.843607Z,200.00,0.0700,0.9300,yes
61032aaf-5597-4914-96cb-ee4944c83611,KXNCAAF-26-LSU,2025-09-06T22:17:02.511293Z,94.00,0.0600,0.9400,yes
333417fd-30a3-4a5b-bd50-206f768740ee,KXNCAAF-26-LSU,2025-09-06T22:13:57.71465Z,900.00,0.0500,0.9500,no
c0e46178-99f1-4eb8-8ddd-4d7d861a386a,KXNCAAF-26-LSU,2025-09-06T22:13:50.331961Z,57.00,0.0500,0.9500,no
c6b9bb1a-ff86-4163-bffb-753c1ea42c28,KXNCAAF-26-LSU,2025-09-06T22:09:16.643096Z,3043.00,0.0600,0.9400,no
02894ec8-b09e-44f5-a9e2-26720653b004,KXNCAAF-26-LSU,2025-09-06T22:09:16.643096Z,10000.00,0.0600,0.9400,no
90deac1c-1b2f-4d04-9775-6fa3b1c174cb,KXNCAAF-26-LSU,2025-09-06T22:09:09.431938Z,500.00,0.0700,0.9300,no
970bc6e7-0936-42c2-82c7-ce0fc28d0197,KXNCAAF-26-LSU,2025-09-06T22:09:02.332988Z,500.00,0.0800,0.9200,no
76076c72-cd32-4231-a3bf-64a41acc1a60,KXNCAAF-26-LSU,2025-09-06T22:02:26.064468Z,25.00,0.0900,0.9100,yes
44bf3995-cfd6-4ad8-9d3a-11a8429902e2,KXNCAAF-26-LSU,2025-09-06T22:00:05.133765Z,835.00,0.0600,0.9400,no
559b204a-6c6c-4f12-9b58-2e02c0355134,KXNCAAF-26-LSU,2025-09-06T21:57:58.516375Z,2.00,0.0700,0.9300,no
082241ac-1586-427a-a73f-ac5b6f451be6,KXNCAAF-26-LSU,2025-09-06T21:57:58.516375Z,272.00,0.0700,0.9300,no
a573f2d4-64be-47ea-a28f-480055963282,KXNCAAF-26-LSU,2025-09-06T21:57:46.91464Z,2491.00,0.0800,0.9200,no
8bb5b6ac-f624-42f3-a511-8cfc6de532af,KXNCAAF-26-LSU,2025-09-06T21:57:46.91464Z,500.00,0.0800,0.9200,no
21f2e657-3324-4f97-8aef-4da1654a51d4,KXNCAAF-26-LSU,2025-09-06T21:57:46.91464Z,400.00,0.0800,0.9200,no
7a7669c4-9ac6-4160-9bd4-7529551c64ae,KXNCAAF-26-LSU,2025-09-06T21:57:34.903979Z,500.00,0.0900,0.9100,no
8df47dc8-71fb-4eab-b7a4-5bd088553599,KXNCAAF-26-LSU,2025-09-06T21:49:27.173833Z,25.00,0.1000,0.9000,yes
2a96a97a-4f87-47d8-b303-d4bbed9c5746,KXNCAAF-26-LSU,2025-09-06T21:22:34.916155Z,47.00,0.1000,0.9000,yes
63958c3e-7569-42e7-895e-854b5403b52c,KXNCAAF-26-LSU,2025-09-06T20:31:56.727535Z,250.00,0.1000,0.9000,yes
af3a05a8-ecd0-4ca8-8e17-c3cee0c3f444,KXNCAAF-26-LSU,2025-09-06T20:24:18.021194Z,34.00,0.0900,0.9100,no
845bdfaa-80d1-428a-9612-0a4b0eb6a4c1,KXNCAAF-26-LSU,2025-09-06T20:24:18.021194Z,100.00,0.0900,0.9100,no
600db684-f473-4009-a785-941045667cd3,KXNCAAF-26-LSU,2025-09-06T20:24:18.021194Z,40.00,0.0900,0.9100,no
3f354479-6469-4854-8a82-7144c7306210,KXNCAAF-26-LSU,2025-09-06T20:24:18.021194Z,413.00,0.0800,0.9200,no
e1c12975-db92-481f-a18f-c0342a6ff14e,KXNCAAF-26-LSU,2025-09-06T20:14:37.292698Z,25.00,0.1000,0.9000,yes
6f19200c-4de0-4cd1-9e69-1d436095e0ac,KXNCAAF-26-LSU,2025-09-06T19:52:50.330423Z,1500.00,0.1000,0.9000,yes
d6de96b1-3870-489e-95ae-fd829929a422,KXNCAAF-26-LSU,2025-09-06T19:52:15.681368Z,500.00,0.1000,0.9000,yes
a63b35b9-5966-45a2-9c1a-5a37b9d6e7ea,KXNCAAF-26-LSU,2025-09-06T19:21:27.247403Z,47.00,0.1000,0.9000,yes
ca3a218e-7343-4e85-a17c-5030dc0d5379,KXNCAAF-26-LSU,2025-09-06T19:11:48.803966Z,100.00,0.1000,0.9000,yes
52a72788-d6d7-44d4-a6bf-025e5d4e72b9,KXNCAAF-26-LSU,2025-09-06T18:12:44.766854Z,94.00,0.1000,0.9000,yes
ad7f01b3-b896-413e-9ef9-c5dc37d494ab,KXNCAAF-26-LSU,2025-09-06T18:02:52.770783Z,376.00,0.1000,0.9000,yes
987fab19-5057-447c-b3a5-a6831ca8ba3b,KXNCAAF-26-LSU,2025-09-06T17:45:03.637982Z,103.00,0.1000,0.9000,yes
6ef5d481-ad95-427b-853a-b777c84a4c79,KXNCAAF-26-LSU,2025-09-06T17:09:19.549925Z,9.00,0.1000,0.9000,yes
5a6b99f9-4897-4d94-b1fc-838f171da1be,KXNCAAF-26-LSU,2025-09-06T16:30:53.423445Z,50.00,0.1000,0.9000,yes
629da065-287f-4709-a627-63dbd7b1eeae,KXNCAAF-26-LSU,2025-09-06T16:23:58.909056Z,19.00,0.1000,0.9000,no
35498c0e-922d-4f21-95f9-01d02b074132,KXNCAAF-26-LSU,2025-09-06T16:16:17.835727Z,1000.00,0.1100,0.8900,yes
cd79ac84-bb62-4f7d-8c7d-25f89b26a0a8,KXNCAAF-26-LSU,2025-09-06T15:16:58.632797Z,400.00,0.1100,0.8900,yes
0a9985b7-0853-4eab-9864-d82c8e475efb,KXNCAAF-26-LSU,2025-09-06T15:16:58.632797Z,100.00,0.1100,0.8900,yes
8730df8f-d418-488b-b26e-03123c31252e,KXNCAAF-26-LSU,2025-09-06T15:02:52.722828Z,272.00,0.1000,0.9000,yes
4b62a18b-2c0b-4a8b-a5fc-4a2f27ec83e8,KXNCAAF-26-LSU,2025-09-06T15:02:52.722828Z,10.00,0.1000,0.9000,yes
fac0b511-3761-4015-883b-7774752aec4d,KXNCAAF-26-LSU,2025-09-06T14:53:17.967105Z,300.00,0.0800,0.9200,no
77b84a0a-b6fb-4e8f-b366-d5477754672c,KXNCAAF-26-LSU,2025-09-06T14:19:23.876105Z,50.00,0.1000,0.9000,yes
4b99eede-28c5-4c21-a7bb-1f6a8dfc7a5d,KXNCAAF-26-LSU,2025-09-06T14:00:47.807264Z,300.00,0.1000,0.9000,yes
811434f4-f2ed-4765-8b14-4d9251dae3e6,KXNCAAF-26-LSU,2025-09-06T13:53:32.169294Z,25.00,0.1000,0.9000,yes
7de0e574-9456-48d9-b6b7-0f608315dcd4,KXNCAAF-26-LSU,2025-09-06T13:42:16.639641Z,350.00,0.1000,0.9000,yes
d53c02cd-a633-4a0b-8f4f-4e9b747b4937,KXNCAAF-26-LSU,2025-09-06T13:20:31.143235Z,3.00,0.1000,0.9000,yes
7e488261-8942-43a9-ac43-08bb1ef5c32f,KXNCAAF-26-LSU,2025-09-06T13:20:31.143235Z,2.00,0.1000,0.9000,yes
d8794125-ca36-42c5-ac0d-fbffe747f9d8,KXNCAAF-26-LSU,2025-09-06T12:20:08.536057Z,835.00,0.1000,0.9000,yes
2c0850dc-8dab-4974-a8a0-4bff0c5abba5,KXNCAAF-26-LSU,2025-09-06T06:33:24.137208Z,100.00,0.1000,0.9000,yes
def99d99-f5c3-4d8c-a7aa-a082a9d72cfb,KXNCAAF-26-LSU,2025-09-06T04:19:27.762511Z,23.00,0.1000,0.9000,yes
da70e819-a86d-498d-89ed-5f2871ce5a3c,KXNCAAF-26-LSU,2025-09-06T03:16:55.788628Z,470.00,0.1000,0.9000,yes
fc2b5549-d21a-4500-9dbf-e9eacc9416e6,KXNCAAF-26-LSU,2025-09-06T02:59:55.740536Z,453.00,0.1000,0.9000,yes
a228e2e4-bb27-4690-bcb1-0ec9c38a81c7,KXNCAAF-26-LSU,2025-09-06T02:59:55.740536Z,78.00,0.1000,0.9000,yes
334dad97-e448-4b88-9b9e-be10e1529d22,KXNCAAF-26-LSU,2025-09-06T02:59:55.740536Z,29.00,0.1000,0.9000,yes
10fa5646-3c13-4205-acc1-548f52b6cac2,KXNCAAF-26-LSU,2025-09-06T02:10:00.504419Z,141.00,0.1000,0.9000,yes
7ee288d7-8463-460e-a9ff-3ee16bbb58ed,KXNCAAF-26-LSU,2025-09-06T01:33:53.423891Z,1000.00,0.1000,0.9000,yes
5a28b54d-5cc9-4465-aacb-6168bcb64b5a,KXNCAAF-26-LSU,2025-09-06T01:26:44.226543Z,277.00,0.1000,0.9000,yes
146fcf2e-91e8-4389-9d77-5cabf5b43755,KXNCAAF-26-LSU,2025-09-06T00:32:40.552655Z,10.00,0.1000,0.9000,yes
65f2fcb9-d6eb-4ff0-bff6-cf355390b48f,KXNCAAF-26-LSU,2025-09-05T23:49:47.694577Z,470.00,0.1000,0.9000,yes
756631c9-da84-4701-a55b-857da3315cc0,KXNCAAF-26-LSU,2025-09-05T23:15:32.750048Z,47.00,0.1000,0.9000,yes
2f94bacd-6d75-4654-9333-03d59d268f4c,KXNCAAF-26-LSU,2025-09-05T23:13:57.993701Z,200.00,0.1000,0.9000,yes
d324a66b-cbdc-43b0-a4b3-757489f57314,KXNCAAF-26-LSU,2025-09-05T22:24:02.213676Z,10.00,0.1000,0.9000,yes
63dd3983-e1d7-43de-8d8e-8c8a2fb30d0a,KXNCAAF-26-LSU,2025-09-05T22:10:11.353849Z,650.00,0.1000,0.9000,yes
4d7b0786-16ee-4cc4-9e32-881b898568d0,KXNCAAF-26-LSU,2025-09-05T21:29:47.892806Z,350.00,0.1000,0.9000,yes
66825d27-92fe-4552-8874-2ce67f9c54d9,KXNCAAF-26-LSU,2025-09-05T20:44:23.397016Z,932.00,0.1000,0.9000,yes
208676be-5be7-4526-9f40-24411baf34da,KXNCAAF-26-LSU,2025-09-05T20:37:23.713515Z,100.00,0.1000,0.9000,yes
55bb730a-35bb-4225-8435-e1d92eed68d2,KXNCAAF-26-LSU,2025-09-05T18:00:30.783929Z,1000.00,0.1000,0.9000,yes
e1604b98-c76a-4667-a891-a6e2c1666700,KXNCAAF-26-LSU,2025-09-05T17:33:35.543377Z,1.00,0.1000,0.9000,yes
3452534a-1936-4d6b-b001-0f74080a5747,KXNCAAF-26-LSU,2025-09-05T16:16:21.671157Z,78.00,0.0800,0.9200,no
cc9abe49-b66a-4928-8080-da6691398ff0,KXNCAAF-26-LSU,2025-09-05T12:42:34.681549Z,100.00,0.1000,0.9000,yes
38509baa-c975-450b-b9bb-9ee2a67e39b2,KXNCAAF-26-LSU,2025-09-05T06:15:02.572813Z,1000.00,0.1000,0.9000,yes
e299c3b8-4c31-4087-b4ca-2f96f1d5f01f,KXNCAAF-26-LSU,2025-09-05T05:25:31.839951Z,6.00,0.1000,0.9000,yes
94668e5c-0ddd-4769-bba6-669b9d099648,KXNCAAF-26-LSU,2025-09-05T00:01:04.684403Z,18.00,0.1000,0.9000,yes
edd25925-3ef4-48ed-a8b9-eae55b4b5f71,KXNCAAF-26-LSU,2025-09-04T22:45:43.049439Z,188.00,0.1000,0.9000,yes
0f10916d-e5e1-4ff7-aa50-938b1392c2f2,KXNCAAF-26-LSU,2025-09-04T21:34:27.518871Z,400.00,0.1000,0.9000,yes
0b12bdeb-4be2-4f44-aa14-ea6d508ee102,KXNCAAF-26-LSU,2025-09-04T19:17:03.301734Z,2.00,0.1000,0.9000,yes
228e838c-a31a-4fbd-9523-493a59b6e901,KXNCAAF-26-LSU,2025-09-04T18:59:02.202111Z,630.00,0.1000,0.9000,yes
232f78f8-565e-43d7-b806-3c5fb3f038b4,KXNCAAF-26-LSU,2025-09-04T18:19:09.292057Z,500.00,0.1000,0.9000,yes
ff719004-61da-4f7c-9952-ba54086c4135,KXNCAAF-26-LSU,2025-09-04T17:28:38.034156Z,152.00,0.0800,0.9200,no
c4264310-7a8c-4ab7-8056-c34bf659e7f2,KXNCAAF-26-LSU,2025-09-04T17:28:38.034156Z,848.00,0.0800,0.9200,no
49f70b19-f1ee-47b8-92fa-58e5a5df0f52,KXNCAAF-26-LSU,2025-09-04T16:49:53.308743Z,1.00,0.1000,0.9000,yes
b06c6362-2fef-4298-a008-5b37382c3bdd,KXNCAAF-26-LSU,2025-09-04T16:37:15.502032Z,100.00,0.1000,0.9000,yes
ce3a7656-32d4-4ef9-9766-a2e8e7e9b4bf,KXNCAAF-26-LSU,2025-09-04T15:44:02.745185Z,25.00,0.1000,0.9000,yes
885b5ff1-0cbe-4524-8608-3aa3d1c92b2b,KXNCAAF-26-LSU,2025-09-04T15:04:24.933382Z,500.00,0.1000,0.9000,yes
08d464f9-9c2d-456b-89bf-eb9f353e8043,KXNCAAF-26-LSU,2025-09-04T14:06:10.914172Z,94.00,0.1000,0.9000,yes
6d765db4-5ea5-4539-acdf-0b6b48da2ae4,KXNCAAF-26-LSU,2025-09-04T12:53:35.469396Z,100.00,0.1000,0.9000,yes
4e7abca3-44c4-4c24-983c-0f229acb0a94,KXNCAAF-26-LSU,2025-09-04T12:26:52.269544Z,1000.00,0.1000,0.9000,yes
678deff0-ad6e-4ee2-bfba-a177b89d9e93,KXNCAAF-26-LSU,2025-09-04T12:03:40.734229Z,470.00,0.1000,0.9000,yes
d2ec0ebc-8f87-4bc5-9b1c-388f9ecb026e,KXNCAAF-26-LSU,2025-09-04T05:29:17.770247Z,150.00,0.1000,0.9000,yes
14c8e84c-d411-4509-9903-731bdb53c178,KXNCAAF-26-LSU,2025-09-04T03:50:51.988378Z,23.00,0.1000,0.9000,yes
e0e105b9-9c21-4c37-b9ee-417020e4d3b9,KXNCAAF-26-LSU,2025-09-04T01:41:19.430054Z,250.00,0.0900,0.9100,no
685bf91b-c025-4ba1-9618-f1295be627ab,KXNCAAF-26-LSU,2025-09-04T01:41:19.430054Z,57.00,0.0900,0.9100,no
25213732-d571-4d5e-83aa-17396985c42c,KXNCAAF-26-LSU,2025-09-04T00:57:49.586254Z,470.00,0.1000,0.9000,yes
f0809570-8c35-482c-a142-83cf83ed7aa2,KXNCAAF-26-LSU,2025-09-04T00:56:32.490464Z,693.00,0.0900,0.9100,no
e2b3a77c-1143-4402-a26c-2ba36f27e2da,KXNCAAF-26-LSU,2025-09-04T00:41:56.576919Z,470.00,0.1000,0.9000,yes
78e8ac26-9378-444f-978e-f435e1e78710,KXNCAAF-26-LSU,2025-09-03T23:47:31.320972Z,11.00,0.1000,0.9000,yes
e5a5f7f0-942d-42b4-a5db-bf8a3c7593f3,KXNCAAF-26-LSU,2025-09-03T23:39:24.799225Z,4698.00,0.1000,0.9000,yes
928d26bb-3ff7-4e7e-b750-2f0cc0bf154e,KXNCAAF-26-LSU,2025-09-03T22:44:57.47417Z,3.00,0.1000,0.9000,yes
5895eafb-16d1-4197-9a27-6bf162dd4804,KXNCAAF-26-LSU,2025-09-03T22:23:43.540096Z,500.00,0.1000,0.9000,yes
d0038aa2-0c7a-4fa2-955e-b13e67e63bcb,KXNCAAF-26-LSU,2025-09-03T20:41:14.548837Z,18.00,0.1000,0.9000,yes
46fbe9e5-589f-4549-a4b4-7307222ebba3,KXNCAAF-26-LSU,2025-09-03T20:12:07.287549Z,100.00,0.1000,0.9000,yes
eb58f33b-f3d5-4a26-bb4d-091559d5b516,KXNCAAF-26-LSU,2025-09-03T19:29:27.325066Z,30.00,0.1000,0.9000,yes
898dfc9f-1948-42ce-be6a-4b8095d1cce1,KXNCAAF-26-LSU,2025-09-03T18:53:54.838783Z,100.00,0.1000,0.9000,yes
a4358f25-7205-4803-a2c5-427a2c6e2783,KXNCAAF-26-LSU,2025-09-03T18:14:43.319785Z,200.00,0.1000,0.9000,yes
8d600120-c9df-4d2f-889a-17644bb0959b,KXNCAAF-26-LSU,2025-09-03T17:48:16.535161Z,84.00,0.1000,0.9000,yes
04e1065a-4b9f-43ff-ac0d-9f7b90354cc5,KXNCAAF-26-LSU,2025-09-03T17:06:55.972098Z,9.00,0.1000,0.9000,yes
6f6cbd33-0abe-488c-8d90-23c9f9d7f960,KXNCAAF-26-LSU,2025-09-03T15:27:49.720547Z,100.00,0.1000,0.9000,yes
6c9273f6-1815-4f22-a894-d7821f02d52c,KXNCAAF-26-LSU,2025-09-03T14:59:18.824449Z,20.00,0.1000,0.9000,yes
8ac1acfc-35b1-4932-a71a-54824a6e4b8a,KXNCAAF-26-LSU,2025-09-03T14:55:19.689356Z,2000.00,0.1000,0.9000,yes
ddd273dd-f2d9-4316-866a-51d14aa3e8f0,KXNCAAF-26-LSU,2025-09-03T14:32:56.978852Z,47.00,0.1000,0.9000,yes
a06ecf74-3858-40c2-9720-7daaa13336a5,KXNCAAF-26-LSU,2025-09-03T14:03:30.462509Z,40.00,0.1000,0.9000,yes
e622b10e-a531-4967-ac6c-4ecf8f3ebda0,KXNCAAF-26-LSU,2025-09-03T13:48:26.731036Z,14.00,0.1000,0.9000,yes
7105dc4c-e751-4c11-845d-50c497996c27,KXNCAAF-26-LSU,2025-09-03T12:49:24.240506Z,500.00,0.1000,0.9000,yes
646d5f92-38e3-4233-b65d-d339d1c3107e,KXNCAAF-26-LSU,2025-09-03T12:19:32.892019Z,13.00,0.1000,0.9000,yes
0faca7be-0bfb-421c-9ad6-0c66ff2430b4,KXNCAAF-26-LSU,2025-09-03T12:19:32.892019Z,67.00,0.1000,0.9000,yes
dbbb0675-17b9-4862-8c90-93c318981601,KXNCAAF-26-LSU,2025-09-03T12:06:12.769725Z,1.00,0.1000,0.9000,yes
b8583e64-5e62-4af6-ba8d-16d4c780f27a,KXNCAAF-26-LSU,2025-09-03T03:46:14.407324Z,46.00,0.1000,0.9000,yes
9b92e0a4-b844-4271-bd9d-87d1dbf0d569,KXNCAAF-26-LSU,2025-09-03T03:46:14.407324Z,54.00,0.1000,0.9000,yes
d8f444f1-fbcc-4191-a220-ece34ba43521,KXNCAAF-26-LSU,2025-09-03T03:17:12.117415Z,1.00,0.1000,0.9000,yes
cbaa685b-ae25-4aed-8679-0d36b26cd6e5,KXNCAAF-26-LSU,2025-09-03T03:10:43.265663Z,2.00,0.0800,0.9200,no
ee7ad09f-dce6-4334-a0ea-ab82dbfeab97,KXNCAAF-26-LSU,2025-09-03T02:51:15.617896Z,159.00,0.0900,0.9100,no
5985f898-ddea-4dc1-88c3-779614814239,KXNCAAF-26-LSU,2025-09-03T02:35:56.250566Z,47.00,0.0900,0.9100,no
946ca955-96ec-4d4f-b6a5-86efaed9a0a9,KXNCAAF-26-LSU,2025-09-03T01:09:13.38088Z,200.00,0.1100,0.8900,yes
d8f1caa5-3b5e-414e-9291-cb036e88130f,KXNCAAF-26-LSU,2025-09-03T01:06:22.199693Z,150.00,0.1100,0.8900,yes
97d70555-b2aa-4c3d-9990-625e3b7c2208,KXNCAAF-26-LSU,2025-09-03T00:32:02.759816Z,42.00,0.1100,0.8900,yes
4b994f15-2134-4fae-b846-cb1a285bdca9,KXNCAAF-26-LSU,2025-09-03T00:15:49.460558Z,100.00,0.1100,0.8900,yes
43020c7f-a2db-4962-a397-6ffc10ea18ea,KXNCAAF-26-LSU,2025-09-02T23:37:38.715823Z,150.00,0.1100,0.8900,yes
d6e79831-bc9a-437c-aa47-11349bef24aa,KXNCAAF-26-LSU,2025-09-02T22:43:40.461732Z,1.00,0.1100,0.8900,yes
ef7fb35d-f03e-4371-9694-42d1b9068ac2,KXNCAAF-26-LSU,2025-09-02T22:32:30.117732Z,213.00,0.1100,0.8900,yes
0504ba6a-35e3-422f-9298-3f64d25160eb,KXNCAAF-26-LSU,2025-09-02T20:24:11.647845Z,10.00,0.1100,0.8900,yes
5c3deaad-1f02-481e-9f6b-882b6e5f4212,KXNCAAF-26-LSU,2025-09-02T20:00:42.965978Z,171.00,0.1100,0.8900,yes
023b1399-720b-4149-9cc6-6c716f0fbd1a,KXNCAAF-26-LSU,2025-09-02T19:39:12.430243Z,25.00,0.1100,0.8900,yes
0f50e951-b1d5-4f01-a391-e442afda9d77,KXNCAAF-26-LSU,2025-09-02T19:15:11.260848Z,42.00,0.1100,0.8900,yes
13ff01cc-7685-4c44-9e61-90a9bba1fd41,KXNCAAF-26-LSU,2025-09-02T18:38:25.010384Z,50.00,0.1100,0.8900,yes
781c3aad-38f0-4418-a700-45e23e929b73,KXNCAAF-26-LSU,2025-09-02T18:25:32.167307Z,240.00,0.1100,0.8900,yes
76480b6b-2a21-4113-b793-1fa611fd162b,KXNCAAF-26-LSU,2025-09-02T18:25:32.167307Z,206.00,0.1000,0.9000,yes
9bc4c223-7002-4bde-8474-57426bc97b9c,KXNCAAF-26-LSU,2025-09-02T18:22:54.781224Z,206.00,0.0900,0.9100,no
8a7b22f3-0996-4088-b614-c80415ac8e2a,KXNCAAF-26-LSU,2025-09-02T17:37:25.302711Z,70.00,0.1100,0.8900,yes
ca464d7b-0a31-421d-8aae-bdb8b1d577cb,KXNCAAF-26-LSU,2025-09-02T17:34:32.842959Z,25.00,0.1100,0.8900,yes
da421624-52f9-455e-ac44-0cafb1308b01,KXNCAAF-26-LSU,2025-09-02T17:13:03.882385Z,17.00,0.1100,0.8900,yes
2f8a6ade-c786-461c-9618-964313f056b3,KXNCAAF-26-LSU,2025-09-02T17:10:26.480059Z,206.00,0.1000,0.9000,yes
27e6a01a-afd8-4d50-87e4-1d0208ca2187,KXNCAAF-26-LSU,2025-09-02T17:10:26.480059Z,19.00,0.1000,0.9000,yes
c33ff4d7-7fc8-4043-8f70-5a6d3ed7cfa1,KXNCAAF-26-LSU,2025-09-02T16:42:32.918426Z,209.00,0.0900,0.9100,no
45832533-166c-4b91-81aa-6a39cb699b51,KXNCAAF-26-LSU,2025-09-02T15:48:33.865367Z,42.00,0.1100,0.8900,yes
15ccd213-26a0-4d57-872b-9f848ca1d08e,KXNCAAF-26-LSU,2025-09-02T15:19:24.011128Z,7000.00,0.1100,0.8900,yes
7704e987-2408-43a7-a0e8-52f05284dd38,KXNCAAF-26-LSU,2025-09-02T15:18:37.879878Z,252.00,0.1000,0.9000,yes
71ed4dbc-b4d2-477d-a65e-ead27e42546e,KXNCAAF-26-LSU,2025-09-02T14:31:51.590775Z,100.00,0.1000,0.9000,yes
4f81e2f5-bc50-4112-8bd6-eb0bf9a2e376,KXNCAAF-26-LSU,2025-09-02T14:23:29.916686Z,47.00,0.1000,0.9000,yes
8b2483b1-24ae-4df5-b8e9-9758a33ca82f,KXNCAAF-26-LSU,2025-09-02T14:03:12.599504Z,188.00,0.1000,0.9000,yes
f867bf05-2cb0-4ed3-877a-968f966a5c1e,KXNCAAF-26-LSU,2025-09-02T13:53:13.31031Z,100.00,0.1000,0.9000,yes
67c0b917-17aa-4b54-b456-d226aece15d9,KXNCAAF-26-LSU,2025-09-02T13:12:33.018808Z,1000.00,0.1000,0.9000,yes
df10487a-b720-441c-8341-c06ff36a7013,KXNCAAF-26-LSU,2025-09-02T11:51:09.911387Z,141.00,0.1000,0.9000,yes
43d40e14-a800-4e6d-a0a6-2a3422c72d4d,KXNCAAF-26-LSU,2025-09-02T05:31:42.018015Z,250.00,0.1000,0.9000,yes
c2e3c442-fb94-4c04-94b5-b76c527dccb1,KXNCAAF-26-LSU,2025-09-02T04:46:44.942519Z,47.00,0.1000,0.9000,yes
9a54802c-471f-44a9-91ed-799bcc4a4972,KXNCAAF-26-LSU,2025-09-02T04:13:59.222639Z,492.00,0.1000,0.9000,yes
9357168e-0c27-491c-9c50-7ff15ae65e32,KXNCAAF-26-LSU,2025-09-02T04:13:59.222639Z,2408.00,0.1000,0.9000,yes
08f5f399-284a-47ef-8b91-3ec2b035d791,KXNCAAF-26-LSU,2025-09-02T04:13:59.222639Z,100.00,0.1000,0.9000,yes
fa18e095-20cb-4eef-8378-ec35de06cd87,KXNCAAF-26-LSU,2025-09-02T04:12:42.130402Z,10.00,0.1000,0.9000,yes
9de1ddf2-24a4-400a-8725-5b6f6fb8ba73,KXNCAAF-26-LSU,2025-09-02T04:06:22.338915Z,100.00,0.1000,0.9000,yes
2b7646ae-adce-4223-9bbc-d3d8e49a78d0,KXNCAAF-26-LSU,2025-09-02T03:44:41.094225Z,50.00,0.1000,0.9000,yes
b6b8ed6d-1b0b-4771-90c3-433c600fe6a7,KXNCAAF-26-LSU,2025-09-02T03:40:44.418197Z,32.00,0.1000,0.9000,yes
cd3b33bb-e819-470d-b9cb-a6a74d30e28c,KXNCAAF-26-LSU,2025-09-02T03:35:48.529287Z,2500.00,0.1000,0.9000,yes
10632600-068d-47a3-ba16-c3dd8b19e10f,KXNCAAF-26-LSU,2025-09-02T03:33:26.153495Z,4900.00,0.1000,0.9000,yes
b1ff7b39-89c0-49e5-86c3-33e1de9367c5,KXNCAAF-26-LSU,2025-09-02T03:33:08.802471Z,292.00,0.0900,0.9100,yes
ad5c06b8-9870-494f-b469-ea2c11fca35d,KXNCAAF-26-LSU,2025-09-02T03:32:34.093139Z,30.00,0.0900,0.9100,yes
a3b77c9f-3e6e-4f07-a000-5453ecc3356f,KXNCAAF-26-LSU,2025-09-02T03:32:34.093139Z,708.00,0.0900,0.9100,yes
0bf03f0a-40f5-4716-bc6b-6566d5aeb796,KXNCAAF-26-LSU,2025-09-02T03:32:34.093139Z,9262.00,0.0900,0.9100,yes
f73ddac3-398e-44bc-ac44-7ede2731c3ed,KXNCAAF-26-LSU,2025-09-02T03:27:39.605878Z,738.00,0.0900,0.9100,yes
efed07ff-71e6-4cd9-bed0-5fbd664ffe56,KXNCAAF-26-LSU,2025-09-02T03:27:39.605878Z,6262.00,0.0900,0.9100,yes
c26e0f28-7b54-4ce5-82b3-10213883c1a4,KXNCAAF-26-LSU,2025-09-02T03:27:39.605878Z,2000.00,0.0900,0.9100,yes
188c53a3-da0b-400e-807f-734c491b3975,KXNCAAF-26-LSU,2025-09-02T03:27:34.76684Z,2.00,0.0900,0.9100,yes
2367a4bf-eb3c-41a9-85a2-cebd5eddcadf,KXNCAAF-26-LSU,2025-09-02T03:27:22.798563Z,900.00,0.0900,0.9100,yes
a3deb1c2-81dc-47c5-aa35-a7b1e7973de2,KXNCAAF-26-LSU,2025-09-02T02:52:37.437478Z,100.00,0.0900,0.9100,yes
9f45e04c-aeb8-445e-bb90-554774927766,KXNCAAF-26-LSU,2025-09-02T02:11:43.439057Z,250.00,0.0800,0.9200,no
c0d4010f-245c-4cd3-b247-42c291c7b097,KXNCAAF-26-LSU,2025-09-02T02:00:13.598426Z,5.00,0.0900,0.9100,yes
fb5e4a84-4579-40cf-a677-240d1cfb9669,KXNCAAF-26-LSU,2025-09-02T00:43:27.102713Z,888.00,0.0900,0.9100,yes
79f870d3-9e83-4359-a3ae-16c2e5a25434,KXNCAAF-26-LSU,2025-09-02T00:41:58.786458Z,50.00,0.0900,0.9100,yes
1cb6a10f-12c6-4493-9a82-55ec45eec87d,KXNCAAF-26-LSU,2025-09-01T23:52:48.030511Z,100.00,0.0900,0.9100,yes
351f42f1-00a3-4c79-b287-66e21c11a1ba,KXNCAAF-26-LSU,2025-09-01T23:51:32.445352Z,100.00,0.0900,0.9100,yes
57b1bfce-ad2a-4065-acdf-1361f96d3e38,KXNCAAF-26-LSU,2025-09-01T23:36:50.42817Z,500.00,0.0900,0.9100,yes
6783e4ef-b261-4410-90a6-5026d4af496f,KXNCAAF-26-LSU,2025-09-01T23:15:14.301634Z,100.00,0.0900,0.9100,yes
d74b4104-f971-42bd-9e92-dd771edd05d9,KXNCAAF-26-LSU,2025-09-01T23:02:56.647731Z,993.00,0.0900,0.9100,yes
101da18f-da68-45b9-b891-93b98f12478e,KXNCAAF-26-LSU,2025-09-01T23:02:56.647731Z,51.00,0.0900,0.9100,yes
128ff666-233b-4730-997f-fade610ddef8,KXNCAAF-26-LSU,2025-09-01T21:45:47.671767Z,32.00,0.0900,0.9100,yes
41fe1132-6c1b-4958-854f-4185d655c103,KXNCAAF-26-LSU,2025-09-01T21:45:10.928276Z,1.00,0.0900,0.9100,yes
8c6a6900-4acf-4156-8fc0-108017aae767,KXNCAAF-26-LSU,2025-09-01T21:39:54.556227Z,100.00,0.0900,0.9100,yes
8a96825f-882d-44a1-ac33-307d86f54db9,KXNCAAF-26-LSU,2025-09-01T21:39:05.322603Z,100.00,0.0900,0.9100,yes
1b255af6-b2f2-4624-a62c-36fcd316bde4,KXNCAAF-26-LSU,2025-09-01T21:35:36.178255Z,3.00,0.0900,0.9100,yes
2cb1b0b5-c7f5-4918-a4eb-6a867e4dc3a4,KXNCAAF-26-LSU,2025-09-01T21:24:08.998712Z,6.00,0.0900,0.9100,yes
7e6dbb8b-bfa1-4c91-9133-b623c1e6a740,KXNCAAF-26-LSU,2025-09-01T21:19:56.918158Z,2.00,0.0900,0.9100,yes
e849e470-ac26-46db-8794-eb53fdf246d9,KXNCAAF-26-LSU,2025-09-01T21:18:14.811193Z,23.00,0.0900,0.9100,yes
855d2c80-e5ed-4e54-8c83-12b4c35fcb5a,KXNCAAF-26-LSU,2025-09-01T20:49:28.644524Z,1023.00,0.0900,0.9100,yes
c90ee835-fefd-4b58-b6eb-b492df8bdaa2,KXNCAAF-26-LSU,2025-09-01T20:47:08.757123Z,1000.00,0.0900,0.9100,yes
e5edebf8-c014-4705-a092-2e196823f3d1,KXNCAAF-26-LSU,2025-09-01T20:35:16.661003Z,100.00,0.0900,0.9100,yes
01b2eecd-ab1f-49c0-9a59-fd4e00e73e3b,KXNCAAF-26-LSU,2025-09-01T20:24:28.20608Z,940.00,0.0900,0.9100,yes
4a039780-f12d-4425-8ef4-913eb5be9153,KXNCAAF-26-LSU,2025-09-01T20:22:35.493046Z,500.00,0.0900,0.9100,yes
2f8aa225-8710-4199-9844-6fc64ffd3b11,KXNCAAF-26-LSU,2025-09-01T20:12:13.245688Z,1044.00,0.0900,0.9100,yes
9338b673-c4cb-4d05-8264-11a6a58ee2c3,KXNCAAF-26-LSU,2025-09-01T20:08:44.638446Z,7.00,0.0900,0.9100,yes
d6d6a977-cc90-4017-8ea0-e4e3e13b9679,KXNCAAF-26-LSU,2025-09-01T19:35:55.971865Z,70.00,0.0900,0.9100,yes
6fac65a2-0cc5-48e0-9f8b-8e7138edf665,KXNCAAF-26-LSU,2025-09-01T19:21:03.09755Z,522.00,0.0900,0.9100,yes
f757f625-d270-4090-8851-12921b75c1f0,KXNCAAF-26-LSU,2025-09-01T18:45:59.163301Z,104.00,0.0900,0.9100,yes
665ef9e2-cb24-4df1-b6f3-37ebbe6426f9,KXNCAAF-26-LSU,2025-09-01T18:44:57.485864Z,1000.00,0.0900,0.9100,yes
72052059-b809-417c-875f-8efa6409aec6,KXNCAAF-26-LSU,2025-09-01T18:13:48.488709Z,10.00,0.0900,0.9100,yes
f5643900-14e7-4c88-9bb0-adb00819aa54,KXNCAAF-26-LSU,2025-09-01T18:12:33.553283Z,52.00,0.0900,0.9100,yes
fbfca4ca-e3b8-4104-89aa-b2b4764f9ccb,KXNCAAF-26-LSU,2025-09-01T18:05:49.030427Z,1000.00,0.0900,0.9100,yes
c4b842d4-a622-429a-a78a-28ff2d507c05,KXNCAAF-26-LSU,2025-09-01T17:59:19.643164Z,522.00,0.0900,0.9100,yes
cf6cfcd3-f647-44e6-a131-14635c90ffb0,KXNCAAF-26-LSU,2025-09-01T17:06:02.96292Z,82.00,0.0900,0.9100,yes
6ecf98f8-6682-4a02-9fda-865b6b4b474f,KXNCAAF-26-LSU,2025-09-01T16:05:47.26155Z,261.00,0.0900,0.9100,yes
546c9f37-33ee-42c2-90b7-35447beb54c7,KXNCAAF-26-LSU,2025-09-01T16:00:56.012028Z,2.00,0.0900,0.9100,yes
5493d739-4f00-4013-8b06-876bef988d97,KXNCAAF-26-LSU,2025-09-01T15:37:09.547073Z,135.00,0.0900,0.9100,yes
521aa66d-dec2-4486-af08-0471506e5a70,KXNCAAF-26-LSU,2025-09-01T15:36:31.730817Z,300.00,0.0900,0.9100,yes
62c01adc-af45-4890-b9c1-d0ece5b32f0a,KXNCAAF-26-LSU,2025-09-01T15:24:09.683906Z,48.00,0.0800,0.9200,yes
2cdebe21-79a2-4f98-a08a-29d5ca7ec3ce,KXNCAAF-26-LSU,2025-09-01T15:24:09.683906Z,1001.00,0.0900,0.9100,yes
fead8c7b-a98e-440b-98e3-f8e46c4c97df,KXNCAAF-26-LSU,2025-09-01T15:19:01.527912Z,400.00,0.0800,0.9200,yes
d7670b3f-21e5-4876-bb51-35d5a00a31fe,KXNCAAF-26-LSU,2025-09-01T15:19:01.527912Z,450.00,0.0800,0.9200,yes
d603a263-1acf-4ffa-85cb-5029220cdef6,KXNCAAF-26-LSU,2025-09-01T15:19:01.527912Z,7.00,0.0900,0.9100,yes
28528c5e-ff94-467a-99d6-a8f73059d779,KXNCAAF-26-LSU,2025-09-01T15:19:01.527912Z,20.00,0.0900,0.9100,yes
d7de3c6e-d4ad-4cbc-b7dd-5674bcdbafc2,KXNCAAF-26-LSU,2025-09-01T12:31:09.993603Z,50.00,0.0800,0.9200,yes
d9b472ca-a774-41f0-9341-edd21f8a7311,KXNCAAF-26-LSU,2025-09-01T12:02:33.249137Z,59.00,0.0800,0.9200,yes
7f2658bf-57fb-4593-a910-d7d81a0ccb57,KXNCAAF-26-LSU,2025-09-01T12:02:33.249137Z,941.00,0.0800,0.9200,yes
be7ab9fd-fb99-419b-af81-e7d77a06449b,KXNCAAF-26-LSU,2025-09-01T05:33:57.879451Z,1000.00,0.0800,0.9200,yes
8683330e-e650-45e9-b3ae-8403e933248d,KXNCAAF-26-LSU,2025-09-01T05:33:53.290869Z,280.00,0.0600,0.9400,no
4b8feabc-a16f-4d25-9f17-f0239544cbff,KXNCAAF-26-LSU,2025-09-01T05:27:35.888376Z,668.00,0.0600,0.9400,no
d4635172-a308-43b6-9ea6-0947a389164f,KXNCAAF-26-LSU,2025-09-01T05:24:53.952424Z,280.00,0.0800,0.9200,yes
70c370d9-d662-4673-9049-3e25061f9f46,KXNCAAF-26-LSU,2025-09-01T04:52:32.928158Z,49.00,0.0800,0.9200,yes
573ed8f6-0c9a-4e09-bdb0-4a4354193302,KXNCAAF-26-LSU,2025-09-01T04:52:32.928158Z,9.00,0.0800,0.9200,yes
e741dbce-51fa-4ae5-90b1-dcb87c04c6c4,KXNCAAF-26-LSU,2025-09-01T03:35:11.260163Z,10.00,0.0700,0.9300,no
bf2f95be-1e5b-4a13-ae65-205f5257166b,KXNCAAF-26-LSU,2025-09-01T03:33:48.418995Z,50.00,0.0900,0.9100,yes
68035f59-b45b-4d4f-8c54-bfe994e3db94,KXNCAAF-26-LSU,2025-09-01T03:29:41.964871Z,25.00,0.0900,0.9100,yes
a0aff46d-8075-4708-a333-20e12f9b7774,KXNCAAF-26-LSU,2025-09-01T03:04:12.154237Z,58.00,0.0800,0.9200,yes
71ccd478-06a2-4904-92b0-bf3ea0c51b47,KXNCAAF-26-LSU,2025-09-01T02:38:28.826276Z,1174.00,0.0800,0.9200,yes
0f3c9e9b-3972-4e2c-a418-0738818f4277,KXNCAAF-26-LSU,2025-09-01T02:32:03.675449Z,117.00,0.0800,0.9200,yes
fd0b4bc3-ecb5-4015-98a9-7e951fe40ff6,KXNCAAF-26-LSU,2025-09-01T01:30:04.1172Z,300.00,0.0800,0.9200,yes
cf24382d-a81e-4d88-80a1-c5e122b64139,KXNCAAF-26-LSU,2025-09-01T00:34:05.097666Z,4000.00,0.0800,0.9200,yes
173a3293-9d09-4e00-9b7d-8b097aa5748c,KXNCAAF-26-LSU,2025-08-31T23:11:56.574771Z,258.00,0.0800,0.9200,yes
f0b7bb8b-2db5-4f5c-8060-cacb1a1d3652,KXNCAAF-26-LSU,2025-08-31T23:05:59.251433Z,100.00,0.0800,0.9200,yes
b2082288-6094-4902-96b9-27e2da6881a4,KXNCAAF-26-LSU,2025-08-31T23:03:55.669356Z,174.00,0.0600,0.9400,no
4d5b352d-4a15-4251-b216-fecd38cd1caa,KXNCAAF-26-LSU,2025-08-31T22:28:42.561674Z,100.00,0.0800,0.9200,yes
355914fc-dd71-493c-907e-4da0d93171b1,KXNCAAF-26-LSU,2025-08-31T22:07:07.699329Z,1000.00,0.0800,0.9200,yes
a9a10cea-eee1-4aae-b937-b42062cca1ab,KXNCAAF-26-LSU,2025-08-31T21:50:25.333288Z,1000.00,0.0800,0.9200,yes
29c2ce22-cdeb-4927-8109-113efaa37d72,KXNCAAF-26-LSU,2025-08-31T21:30:06.645686Z,117.00,0.0800,0.9200,yes
3d9580aa-b0b6-402a-9e74-bba79ca52dc0,KXNCAAF-26-LSU,2025-08-31T21:10:23.971032Z,1000.00,0.0800,0.9200,yes
59d7bf61-41f6-4e53-a06a-3c35e104c99d,KXNCAAF-26-LSU,2025-08-31T20:56:39.422623Z,6844.00,0.0800,0.9200,yes
467a25e0-a812-4495-9bb0-3b42db4448e5,KXNCAAF-26-LSU,2025-08-31T20:25:15.143705Z,1000.00,0.0800,0.9200,yes
8bd66280-9df1-44e1-955d-f1156c9a9ba3,KXNCAAF-26-LSU,2025-08-31T20:18:19.636455Z,1.00,0.0800,0.9200,yes
7b818874-dac5-48e7-b418-40aa9e7ba1cd,KXNCAAF-26-LSU,2025-08-31T20:18:19.636455Z,999.00,0.0800,0.9200,yes
ad9502c6-e6ff-4b4e-9e58-c67cbc29118e,KXNCAAF-26-LSU,2025-08-31T20:03:11.808573Z,1174.00,0.0800,0.9200,yes
9199b122-8579-4cb1-aae6-b9b55072c5db,KXNCAAF-26-LSU,2025-08-31T19:21:12.791759Z,100.00,0.0800,0.9200,yes
576b4d45-5e0e-45f1-a4ba-041520684729,KXNCAAF-26-LSU,2025-08-31T19:11:18.810628Z,5.00,0.0900,0.9100,yes
1577056c-84ed-40b3-9760-37b35d31612c,KXNCAAF-26-LSU,2025-08-31T19:10:29.17029Z,1000.00,0.0800,0.9200,yes
250f430e-0940-43e6-9887-aeae8c9709d6,KXNCAAF-26-LSU,2025-08-31T19:08:09.790333Z,58.00,0.0800,0.9200,yes
c90b70e5-ba09-4a60-8ec2-b4dd440d196f,KXNCAAF-26-LSU,2025-08-31T18:36:36.586Z,25.00,0.0900,0.9100,yes
6b7f7688-a53c-4775-8d0b-eff7ea097abd,KXNCAAF-26-LSU,2025-08-31T18:24:43.958952Z,100.00,0.0900,0.9100,yes
5c337c50-8ba1-4b11-879f-d19f26ef6ac2,KXNCAAF-26-LSU,2025-08-31T18:07:46.242184Z,1000.00,0.0900,0.9100,yes
ad9c38b8-247e-4af2-81a8-21288c77c522,KXNCAAF-26-LSU,2025-08-31T17:52:39.295908Z,250.00,0.0900,0.9100,yes
910b52ae-49f6-4293-b3a1-226c61796c70,KXNCAAF-26-LSU,2025-08-31T17:49:09.016014Z,2559.00,0.0900,0.9100,yes
c29a45f4-a914-4416-874e-965474a04f85,KXNCAAF-26-LSU,2025-08-31T17:14:34.498767Z,500.00,0.0900,0.9100,yes
75c3ab5e-f2ea-4523-8ae5-cf55375e44dc,KXNCAAF-26-LSU,2025-08-31T17:11:58.2634Z,5.00,0.0900,0.9100,yes
4cca8037-23e8-428c-9cfe-45425280ece6,KXNCAAF-26-LSU,2025-08-31T16:59:03.443569Z,100.00,0.0900,0.9100,yes
085fac7a-6efa-4bda-b319-b588d7cb8d49,KXNCAAF-26-LSU,2025-08-31T16:46:50.948725Z,138.00,0.0900,0.9100,yes
a78f5de6-1cfd-4463-9bfd-55ae32c06524,KXNCAAF-26-LSU,2025-08-31T16:08:41.128381Z,20.00,0.1100,0.8900,yes
a76a8b2d-4144-4690-96c3-686693401b3d,KXNCAAF-26-LSU,2025-08-31T16:03:01.248869Z,25.00,0.1200,0.8800,yes
7dd33f81-d9d2-45dc-b0e5-97a6b3af9aee,KXNCAAF-26-LSU,2025-08-31T15:50:47.042298Z,90.00,0.1200,0.8800,yes
207bfee1-db08-4785-a58b-8b90e47fa0f7,KXNCAAF-26-LSU,2025-08-31T15:44:10.288829Z,2000.00,0.1200,0.8800,yes
765adfd8-248a-4080-b65e-be8a5238d5a8,KXNCAAF-26-LSU,2025-08-31T15:26:42.965016Z,2.00,0.1100,0.8900,yes
0d417a85-b236-4b6e-9750-425581e9b78f,KXNCAAF-26-LSU,2025-08-31T15:26:42.965016Z,76.00,0.1200,0.8800,yes
cd5d431c-0957-421b-b2c2-41fab3c64619,KXNCAAF-26-LSU,2025-08-31T15:22:02.392692Z,40.00,0.1200,0.8800,yes
ad75c958-234f-4d64-9bea-0f0d80e9ae24,KXNCAAF-26-LSU,2025-08-31T15:17:46.147698Z,15.00,0.1100,0.8900,yes
926528b5-171b-40f5-a355-742979ab795b,KXNCAAF-26-LSU,2025-08-31T15:03:18.548964Z,200.00,0.0900,0.9100,yes
c2fe0f6c-234c-41d0-b2c3-603b623383cb,KXNCAAF-26-LSU,2025-08-31T14:55:30.499539Z,52.00,0.0900,0.9100,yes
fd41775f-44d1-4c01-9e9b-389916f09137,KXNCAAF-26-LSU,2025-08-31T14:54:24.898775Z,330.00,0.0900,0.9100,yes
0ad6f12d-1716-4d59-bd7e-fedddb63c6a0,KXNCAAF-26-LSU,2025-08-31T14:54:24.898775Z,1670.00,0.0900,0.9100,yes
f72a9cb9-6065-439f-9bb6-4ac6e9be3dc6,KXNCAAF-26-LSU,2025-08-31T14:15:02.74671Z,38.00,0.0900,0.9100,yes
bcad0df3-061a-432d-87b2-64ec7ef6852a,KXNCAAF-26-LSU,2025-08-31T14:14:48.8079Z,25.00,0.0900,0.9100,yes
1f69447d-5739-4bb9-8003-b97f82e8e646,KXNCAAF-26-LSU,2025-08-31T14:06:53.816169Z,1044.00,0.0900,0.9100,yes
9f683c16-0b60-421d-b2da-efe8ee1bb1c3,KXNCAAF-26-LSU,2025-08-31T13:55:49.078296Z,10.00,0.0900,0.9100,yes
7d832f97-c8ca-4667-b716-935487050840,KXNCAAF-26-LSU,2025-08-31T13:52:51.369105Z,25.00,0.0900,0.9100,yes
c94851e6-1641-4c6c-83f0-a71a2d516597,KXNCAAF-26-LSU,2025-08-31T13:39:19.822286Z,50.00,0.0900,0.9100,yes
833e2f11-9700-4b8d-8910-44b295bac034,KXNCAAF-26-LSU,2025-08-31T13:21:28.928734Z,846.00,0.0800,0.9200,yes
661c48ae-67dc-4a69-9e7e-0d27ed194160,KXNCAAF-26-LSU,2025-08-31T13:19:09.55994Z,100.00,0.0800,0.9200,yes
4d735d4c-2229-4f66-9062-bf9a101d61c7,KXNCAAF-26-LSU,2025-08-31T12:58:35.055035Z,250.00,0.0800,0.9200,yes
c2a79b2a-6e4b-4519-94db-c28de0623a56,KXNCAAF-26-LSU,2025-08-31T12:57:31.217053Z,587.00,0.0800,0.9200,yes
b7be1351-2ffd-4f9c-ab7e-82988aeea172,KXNCAAF-26-LSU,2025-08-31T07:32:27.913994Z,117.00,0.0800,0.9200,yes
e7cd150b-4667-44c0-95c3-a3c5e1cfa350,KXNCAAF-26-LSU,2025-08-31T06:00:01.806642Z,100.00,0.0800,0.9200,yes
1e7cd71c-cd56-4443-abb1-cf516fbefb8e,KXNCAAF-26-LSU,2025-08-31T05:49:26.691604Z,250.00,0.0900,0.9100,yes
f733f809-9ed0-4f7e-8a03-876e1c327f64,KXNCAAF-26-LSU,2025-08-31T05:49:18.322882Z,20.00,0.0800,0.9200,yes
4a51e508-046a-43c7-b0b0-25cc3810a028,KXNCAAF-26-LSU,2025-08-31T05:49:18.322882Z,2980.00,0.0800,0.9200,yes
0e71dc76-b54c-4d02-9805-26fb65ba3b66,KXNCAAF-26-LSU,2025-08-31T05:49:18.322882Z,2000.00,0.0800,0.9200,yes
6bda663b-d265-4b4e-a5e1-ad5bfea1d418,KXNCAAF-26-LSU,2025-08-31T04:47:37.968977Z,5871.00,0.0800,0.9200,yes
da312fdf-ca17-437d-9bfd-a28b3ef5bc17,KXNCAAF-26-LSU,2025-08-31T04:45:45.576094Z,1.00,0.0800,0.9200,yes
0120d749-4fe1-4268-96c0-99c49bf0f18a,KXNCAAF-26-LSU,2025-08-31T04:41:06.081864Z,21.00,0.0600,0.9400,no
ab1abe1b-d295-47b1-b44b-e1d8f91473fb,KXNCAAF-26-LSU,2025-08-31T04:33:41.141535Z,100.00,0.0900,0.9100,yes
d00eb8bb-ede0-46bb-9132-fdb28870805b,KXNCAAF-26-LSU,2025-08-31T04:32:48.205672Z,21.00,0.0800,0.9200,yes
0896176a-e1a9-4485-9d13-5b1ba66eed64,KXNCAAF-26-LSU,2025-08-31T04:31:16.579367Z,20.00,0.0800,0.9200,yes
3372158d-daad-453e-a5e1-3aae19fadc0e,KXNCAAF-26-LSU,2025-08-31T04:27:53.159738Z,400.00,0.0900,0.9100,yes
39d24d9e-1400-4448-9dd7-caaa1cae56cb,KXNCAAF-26-LSU,2025-08-31T04:10:39.518708Z,104.00,0.0900,0.9100,yes
c6162a87-61d8-4e5c-b885-72b4821b6aaa,KXNCAAF-26-LSU,2025-08-31T04:03:50.69687Z,10.00,0.0900,0.9100,yes
6673fcc1-9a01-4956-a00b-a516f7c28460,KXNCAAF-26-LSU,2025-08-31T03:54:13.915881Z,900.00,0.0900,0.9100,yes
874ab12b-7b4f-4479-ae49-b7f01171555f,KXNCAAF-26-LSU,2025-08-31T03:52:12.041958Z,16.00,0.0900,0.9100,yes
4bf16b98-c670-42c3-bfa7-8f58590df5d1,KXNCAAF-26-LSU,2025-08-31T03:48:42.155926Z,208.00,0.0900,0.9100,yes
8947018b-6584-45b9-a006-4a664acc2991,KXNCAAF-26-LSU,2025-08-31T03:44:23.304168Z,1000.00,0.0900,0.9100,yes
8133f64b-ebbf-4872-8e04-b22cd1726db3,KXNCAAF-26-LSU,2025-08-31T03:43:31.411166Z,2611.00,0.0900,0.9100,yes
c3de408b-e7c2-4c3d-b6c0-3aa8fbb08003,KXNCAAF-26-LSU,2025-08-31T03:33:29.108132Z,675.00,0.0900,0.9100,yes
93ab03e3-5ee6-4484-ad0a-7604138e6a07,KXNCAAF-26-LSU,2025-08-31T03:31:59.250176Z,650.00,0.0900,0.9100,yes
f6bddbc8-3c99-454c-adc9-93ab7d0b12d4,KXNCAAF-26-LSU,2025-08-31T03:31:32.162461Z,250.00,0.0800,0.9200,yes
8733106d-03f1-43ce-b5b9-184dddfe33ee,KXNCAAF-26-LSU,2025-08-31T03:25:58.711412Z,500.00,0.0900,0.9100,no
176b9348-84ab-44f8-937d-f211a4b5e1a0,KXNCAAF-26-LSU,2025-08-31T03:25:13.453035Z,7.00,0.1000,0.9000,yes
6fe612f5-2f24-46f9-909c-f758b07512d8,KXNCAAF-26-LSU,2025-08-31T03:23:29.71619Z,1000.00,0.1000,0.9000,yes
34cacb19-90ad-4315-aec0-a6f2eceedd5e,KXNCAAF-26-LSU,2025-08-31T03:23:25.021736Z,37.00,0.1000,0.9000,yes
8c1d5d77-82b4-4465-9acf-e95d98bfcc5e,KXNCAAF-26-LSU,2025-08-31T03:22:32.863132Z,18.00,0.1000,0.9000,yes
66eb6dff-0baa-41cb-8d6f-209a78201637,KXNCAAF-26-LSU,2025-08-31T03:21:31.609085Z,47.00,0.1000,0.9000,yes
7e74ba6b-7239-46e3-8c0f-d1acd6e48b35,KXNCAAF-26-LSU,2025-08-31T03:20:23.330643Z,200.00,0.1000,0.9000,yes
ec2099c9-c649-4084-a5a6-6dda019d94e5,KXNCAAF-26-LSU,2025-08-31T03:20:11.866948Z,1.00,0.1000,0.9000,yes
3edc17b8-94f4-4366-9fbd-7c5906f0a0ee,KXNCAAF-26-LSU,2025-08-31T03:20:11.044447Z,100.00,0.1000,0.9000,yes
c8eb1ee7-3839-4f51-a6ca-b03c0509f274,KXNCAAF-26-LSU,2025-08-31T03:19:40.65505Z,250.00,0.1000,0.9000,yes
4fbc6e72-07af-4d6f-b364-174babb94c39,KXNCAAF-26-LSU,2025-08-31T03:19:25.915729Z,4.00,0.1000,0.9000,yes
5ccb0f5c-c1e1-49e1-b788-b89ba0522450,KXNCAAF-26-LSU,2025-08-31T03:19:17.447712Z,500.00,0.1000,0.9000,yes
a1e9140e-e12e-4a16-aee9-aabe5528a8bc,KXNCAAF-26-LSU,2025-08-31T03:19:06.826279Z,600.00,0.1000,0.9000,yes
faaa862b-bec1-4279-abee-4f4031a3cac3,KXNCAAF-26-LSU,2025-08-31T03:18:09.194494Z,141.00,0.1000,0.9000,yes
0f1a96cc-405f-46a9-94c3-a4b663588be0,KXNCAAF-26-LSU,2025-08-31T03:17:37.537535Z,18.00,0.1000,0.9000,yes
9ba42556-6b0c-4a88-9844-37c968d4193d,KXNCAAF-26-LSU,2025-08-31T03:04:56.539346Z,112.00,0.0700,0.9300,yes
eb0d065f-96b3-4d7f-b225-e045f1da20bd,KXNCAAF-26-LSU,2025-08-31T03:03:43.7465Z,670.00,0.0700,0.9300,yes
d42138a2-4929-483b-bb6c-6995a3ea5ede,KXNCAAF-26-LSU,2025-08-31T02:58:25.227442Z,1000.00,0.0700,0.9300,yes
20b20985-ed1e-44ab-a3d0-111f954d8898,KXNCAAF-26-LSU,2025-08-31T02:55:59.496074Z,587.00,0.0600,0.9400,yes
6391ed19-25e5-4c73-9724-87c86e5c31c5,KXNCAAF-26-LSU,2025-08-31T02:55:56.698765Z,1000.00,0.0600,0.9400,yes
bbf72a52-0f53-4c14-b048-ec02ce75a87c,KXNCAAF-26-LSU,2025-08-31T02:54:57.925073Z,100.00,0.0600,0.9400,yes
e47574f8-d7a5-4ba0-be98-a8e383593a59,KXNCAAF-26-LSU,2025-08-31T02:53:04.133653Z,500.00,0.0600,0.9400,yes
b07e72ad-b653-4c9e-b2e6-036eed2e8be6,KXNCAAF-26-LSU,2025-08-31T02:50:20.018492Z,78.00,0.0600,0.9400,yes
d345128f-95cd-4ef1-aa99-9cfd403ce110,KXNCAAF-26-LSU,2025-08-31T02:49:35.070267Z,781.00,0.0600,0.9400,yes
55d7293f-820d-4f9b-8ac2-9d60e4e43913,KXNCAAF-26-LSU,2025-08-31T02:39:13.272356Z,500.00,0.0600,0.9400,yes
db9ac961-edea-43b5-8888-bd172720f3fd,KXNCAAF-26-LSU,2025-08-31T02:37:29.325316Z,70.00,0.0600,0.9400,yes
13c7ac5d-7bdd-4861-855e-da34b9de47cb,KXNCAAF-26-LSU,2025-08-31T02:14:22.403738Z,156.00,0.0600,0.9400,yes
8bbfa400-c43a-4cd5-b77c-efd97673cb75,KXNCAAF-26-LSU,2025-08-31T02:11:44.337028Z,1000.00,0.0600,0.9400,yes
257837fb-be91-4508-bfcf-c13778713aca,KXNCAAF-26-LSU,2025-08-31T02:08:55.488858Z,62.00,0.0600,0.9400,yes
7a6d0fb9-8187-40ec-9385-73edeb8eb7ae,KXNCAAF-26-LSU,2025-08-31T02:06:13.923976Z,30.00,0.0500,0.9500,yes
361c0785-d64c-44e6-a8ec-883c672a8129,KXNCAAF-26-LSU,2025-08-31T02:06:13.923976Z,6.00,0.0600,0.9400,yes
52215625-f5b0-41f0-b6b9-28f787f007e4,KXNCAAF-26-LSU,2025-08-31T01:46:41.109472Z,30.00,0.0400,0.9600,no
c1e57b6a-5687-4ec4-b4bb-8f22d2b76702,KXNCAAF-26-LSU,2025-08-31T00:57:01.597983Z,100.00,0.0600,0.9400,yes
b8df24a2-dbdf-4e3a-a7be-bc0f2f11fcd1,KXNCAAF-26-LSU,2025-08-31T00:14:09.614172Z,60.00,0.0600,0.9400,yes
6656bcd0-15cd-4375-ab65-15d38183dee8,KXNCAAF-26-LSU,2025-08-31T00:07:57.432952Z,18.00,0.0500,0.9500,yes
96d37107-03b9-4a54-9805-ad7fbc399d84,KXNCAAF-26-LSU,2025-08-31T00:04:57.38237Z,500.00,0.0500,0.9500,yes
db29160e-c8b0-4d9d-9e22-fe81fb57ef60,KXNCAAF-26-LSU,2025-08-30T23:19:53.660109Z,56.00,0.0500,0.9500,yes
97db9f3f-0795-4916-8608-7f9a8f6aec6a,KXNCAAF-26-LSU,2025-08-30T21:20:34.387406Z,10.00,0.0700,0.9300,yes
b60ce7a3-9ed4-424c-bdf0-c057a2f6c458,KXNCAAF-26-LSU,2025-08-30T21:14:05.210193Z,6.00,0.0500,0.9500,yes
7c6549cd-b195-4935-b0cf-9956cf38dcb4,KXNCAAF-26-LSU,2025-08-30T20:20:40.118214Z,100.00,0.0600,0.9400,yes
f5b509dc-a932-41d4-a789-ce37612bbbcc,KXNCAAF-26-LSU,2025-08-30T19:43:37.65197Z,170.00,0.0500,0.9500,no
ed311820-8d73-4787-b45f-3f9dff472fa1,KXNCAAF-26-LSU,2025-08-30T19:43:37.65197Z,408.00,0.0500,0.9500,no
aaf1d0bf-466c-4573-9a3b-ee9ab7900060,KXNCAAF-26-LSU,2025-08-30T19:43:37.65197Z,76.00,0.0500,0.9500,no
c3d3f0ab-1749-43e8-b195-89e1e06dbdf2,KXNCAAF-26-LSU,2025-08-30T16:51:15.057222Z,20.00,0.0800,0.9200,yes
43d34c27-e503-4127-b386-152d1b1fe7b4,KXNCAAF-26-LSU,2025-08-30T16:47:18.436055Z,1341.00,0.0700,0.9300,yes
2bdbef47-4d3c-48fd-bbd3-198d441a77ad,KXNCAAF-26-LSU,2025-08-30T16:32:58.644126Z,400.00,0.0700,0.9300,yes
29575c56-13d7-45db-b140-5c161ec195eb,KXNCAAF-26-LSU,2025-08-30T16:24:52.624532Z,500.00,0.0700,0.9300,yes
8ff0f310-4a2b-4970-b143-ab8dbd0422ea,KXNCAAF-26-LSU,2025-08-30T15:34:27.112358Z,100.00,0.0700,0.9300,yes
1e8ed283-caf1-45cc-985e-f6c4880f6ccb,KXNCAAF-26-LSU,2025-08-30T15:33:31.805267Z,24.00,0.0700,0.9300,yes
5c3d3205-0974-4877-9207-74724a9353a2,KXNCAAF-26-LSU,2025-08-30T15:29:21.27542Z,15.00,0.0700,0.9300,yes
9b4a04e3-c410-4394-8307-95d5f9115603,KXNCAAF-26-LSU,2025-08-30T15:29:14.890544Z,10.00,0.0700,0.9300,yes
29e7cc52-4b32-4bc1-bd93-f68a8e3cd345,KXNCAAF-26-LSU,2025-08-30T15:23:18.370867Z,100.00,0.0700,0.9300,yes
8e410ab9-2ede-4415-b65d-83ddbc019089,KXNCAAF-26-LSU,2025-08-30T15:17:28.436541Z,50.00,0.0700,0.9300,yes
90e9d9cb-0d22-45ed-8f98-693bd17ec036,KXNCAAF-26-LSU,2025-08-30T15:12:00.086011Z,100.00,0.0700,0.9300,yes
f8fa7f13-5158-405f-812d-ea586dd9ad68,KXNCAAF-26-LSU,2025-08-30T15:10:36.745989Z,2884.00,0.0700,0.9300,yes
e66467cd-7ff3-4501-8f3b-934d35629fec,KXNCAAF-26-LSU,2025-08-30T15:10:36.745989Z,96.00,0.0700,0.9300,yes
11b37dd0-3f62-487f-a03a-a30de92871c7,KXNCAAF-26-LSU,2025-08-30T15:10:36.745989Z,20.00,0.0700,0.9300,yes
5eca4d2e-f7c8-4374-9246-b83db0396fd5,KXNCAAF-26-LSU,2025-08-30T15:09:39.725926Z,83.00,0.0600,0.9400,yes
5c052a7e-19fb-432a-bf79-1ea082ea14f1,KXNCAAF-26-LSU,2025-08-30T15:09:39.725926Z,60.00,0.0700,0.9300,yes
ce4580ff-1529-4408-9192-0a91adbcdb53,KXNCAAF-26-LSU,2025-08-30T15:04:43.700994Z,1083.00,0.0600,0.9400,yes
bf014e2e-617b-437a-83cb-8330b4bcad66,KXNCAAF-26-LSU,2025-08-30T15:04:43.700994Z,5000.00,0.0600,0.9400,yes
7e150e7e-bedd-4ba2-8ebf-532cd80e50ff,KXNCAAF-26-LSU,2025-08-30T15:04:43.700994Z,1000.00,0.0600,0.9400,yes
14696c3b-0799-49ac-a51e-c749ff2aeae9,KXNCAAF-26-LSU,2025-08-30T15:04:43.700994Z,4917.00,0.0600,0.9400,yes
42d397d8-b51f-4e86-8fa8-38df0d16c027,KXNCAAF-26-LSU,2025-08-30T14:57:01.855247Z,15.00,0.0600,0.9400,yes
7d5e7574-cb78-4396-8605-35914cbaa83f,KXNCAAF-26-LSU,2025-08-30T13:16:03.681696Z,100.00,0.0600,0.9400,yes
ec5765a9-0acd-4308-8b92-974594cd936a,KXNCAAF-26-LSU,2025-08-30T12:52:36.866895Z,500.00,0.0600,0.9400,yes
7edf561b-440f-4038-927f-b854c9bf10da,KXNCAAF-26-LSU,2025-08-30T02:28:14.011453Z,1248.00,0.0600,0.9400,yes
a6c77554-3f50-4d88-9c2a-25992b8993f2,KXNCAAF-26-LSU,2025-08-29T17:41:17.710839Z,1923.00,0.0500,0.9500,no
92ca2152-2e26-4fa7-9bce-dfb7cfbce23b,KXNCAAF-26-LSU,2025-08-29T17:41:17.710839Z,419.00,0.0500,0.9500,no
e155c1c2-ffdf-4620-b44b-e2b881053c5f,KXNCAAF-26-LSU,2025-08-29T16:52:39.77048Z,25.00,0.0600,0.9400,yes
4fe8ea21-382b-4b1c-b7d4-003af8cbd48f,KXNCAAF-26-LSU,2025-08-29T14:46:11.212053Z,180.00,0.0600,0.9400,yes
092b7a5f-392f-4f11-961b-00af5487c4d8,KXNCAAF-26-LSU,2025-08-29T14:43:13.544722Z,15.00,0.0600,0.9400,yes
a7e1a94f-f199-4f8e-a2f1-66129f7f3719,KXNCAAF-26-LSU,2025-08-29T04:26:45.186194Z,62.00,0.0600,0.9400,yes
8b3d6995-b828-40d7-813a-7ceb14cc3eed,KXNCAAF-26-LSU,2025-08-28T23:28:51.785259Z,300.00,0.0600,0.9400,yes
5e0723b9-1e90-4923-a72d-93fdbfb5289d,KXNCAAF-26-LSU,2025-08-28T16:43:56.38466Z,50.00,0.0600,0.9400,yes
b4164a65-d662-4595-8ad4-06ee98910731,KXNCAAF-26-LSU,2025-08-28T16:05:21.346291Z,150.00,0.0600,0.9400,yes
39686e61-fd58-4713-8185-a1035d0d96b4,KXNCAAF-26-LSU,2025-08-28T11:18:16.722389Z,312.00,0.0600,0.9400,yes
c4fa0721-3ad5-435e-8e35-2ce4663eb98a,KXNCAAF-26-LSU,2025-08-28T04:29:18.543075Z,500.00,0.0600,0.9400,yes
198c217c-6c2e-43b7-a6c6-d3780c6997e6,KXNCAAF-26-LSU,2025-08-28T02:38:44.156232Z,200.00,0.0600,0.9400,yes
c3713c26-36ad-401d-a915-ed05b4d13014,KXNCAAF-26-LSU,2025-08-28T02:16:50.824347Z,1.00,0.0600,0.9400,yes
5847d1f1-5df6-443b-9c4d-922355069679,KXNCAAF-26-LSU,2025-08-28T00:46:00.76208Z,100.00,0.0600,0.9400,yes
6a9b3c95-f0d5-4f3e-a6fb-bed3af5a4fdf,KXNCAAF-26-LSU,2025-08-27T22:50:50.234446Z,20.00,0.0600,0.9400,yes
e987b87e-050a-4ccd-a4e7-7a5d0d813f0e,KXNCAAF-26-LSU,2025-08-27T22:46:20.789344Z,20.00,0.0600,0.9400,yes
d8a691be-b4ca-4523-a950-59451158828d,KXNCAAF-26-LSU,2025-08-27T20:14:38.899416Z,131.00,0.0600,0.9400,yes
8f8e0857-9732-464b-81d2-8e273cc9d2c8,KXNCAAF-26-LSU,2025-08-27T20:14:38.899416Z,119.00,0.0600,0.9400,yes
4c54906b-0dcd-4ef4-9d56-4087bd173c2b,KXNCAAF-26-LSU,2025-08-27T19:04:05.230937Z,100.00,0.0600,0.9400,yes
f3d6b21f-7a06-491e-9dc7-355a668ea0a4,KXNCAAF-26-LSU,2025-08-27T15:41:05.473455Z,64.00,0.0600,0.9400,yes
50993879-0788-4211-ac5e-fcd50913c5a1,KXNCAAF-26-LSU,2025-08-27T07:49:29.361305Z,234.00,0.0600,0.9400,yes
bbb6f530-8e32-4ddc-9fb4-a74b32b4035c,KXNCAAF-26-LSU,2025-08-27T02:53:30.633775Z,600.00,0.0600,0.9400,yes
5e5e9808-5294-45c8-9096-8af1f873b0cf,KXNCAAF-26-LSU,2025-08-26T21:22:58.997266Z,170.00,0.0600,0.9400,yes
50725c9b-9aa5-48d1-838b-37a7bec3df1e,KXNCAAF-26-LSU,2025-08-26T20:47:54.888907Z,100.00,0.0600,0.9400,yes
ef9ef281-7722-4c1f-9075-6b2e19c04f0d,KXNCAAF-26-LSU,2025-08-26T19:43:36.631594Z,50.00,0.0600,0.9400,yes
53e55b43-76df-4799-8204-b347bdc4cb7e,KXNCAAF-26-LSU,2025-08-26T17:23:37.75291Z,225.00,0.0600,0.9400,yes
f874a8bd-f7ce-412d-ad20-e6b70e2c6e3e,KXNCAAF-26-LSU,2025-08-26T14:11:05.976007Z,35.00,0.0600,0.9400,yes
d20324fc-e57f-443e-8cb5-306e9d1ec66b,KXNCAAF-26-LSU,2025-08-25T17:59:03.210181Z,25.00,0.0600,0.9400,yes
c252c87e-8d45-433d-a1cb-ed810be0824b,KXNCAAF-26-LSU,2025-08-25T16:33:07.884707Z,1563.00,0.0600,0.9400,yes
76bb723e-5960-491b-ad35-62fd9751f70b,KXNCAAF-26-LSU,2025-08-25T16:31:06.112554Z,963.00,0.0600,0.9400,yes
39c8e64d-f4af-41b2-9163-12f6c6950a33,KXNCAAF-26-LSU,2025-08-25T16:31:06.112554Z,37.00,0.0600,0.9400,yes
c8dead34-7f5b-47d4-ab85-78649dd917a0,KXNCAAF-26-LSU,2025-08-25T16:05:00.180447Z,300.00,0.0600,0.9400,yes
e7a2b852-5299-4417-a1fc-23cd2f96131c,KXNCAAF-26-LSU,2025-08-25T02:48:10.176378Z,78.00,0.0600,0.9400,yes
8c34ba16-a2be-436a-9617-1c54b4689dff,KXNCAAF-26-LSU,2025-08-25T01:40:23.354743Z,5000.00,0.0500,0.9500,yes
5f724d91-8dc4-4182-b203-67da6550ade5,KXNCAAF-26-LSU,2025-08-25T01:40:23.354743Z,4481.00,0.0500,0.9500,yes
3e3b1db8-e845-4f85-9b1d-ac1dd9a0d67d,KXNCAAF-26-LSU,2025-08-25T01:40:23.354743Z,100.00,0.0500,0.9500,yes
0b602c52-af1b-4f0d-9d8c-d7c4b77ccffb,KXNCAAF-26-LSU,2025-08-24T22:24:01.071566Z,181.00,0.0500,0.9500,yes
09deaa4f-0d48-4b16-baf8-cfbf9ee7ed29,KXNCAAF-26-LSU,2025-08-24T22:24:01.071566Z,519.00,0.0500,0.9500,yes
79d77d7d-45d7-4500-9743-b93fa8ef9707,KXNCAAF-26-LSU,2025-08-24T21:20:27.391303Z,291.00,0.0500,0.9500,yes
8fa9f4b4-259b-41ad-970e-cb0667c53e6b,KXNCAAF-26-LSU,2025-08-24T20:40:46.382336Z,1.00,0.0500,0.9500,yes
ce39376b-b907-4e99-ae18-26bdc5490b6c,KXNCAAF-26-LSU,2025-08-24T19:58:32.444142Z,400.00,0.0500,0.9500,yes
37ad5deb-7e63-41a4-b1b7-97ca682634cf,KXNCAAF-26-LSU,2025-08-24T16:37:11.031778Z,50.00,0.0500,0.9500,yes
adebc4db-c2bb-409e-9bdb-99dec041b1bf,KXNCAAF-26-LSU,2025-08-24T15:07:21.583319Z,1.00,0.0500,0.9500,yes
83007718-5d03-4f83-968e-53ccc2cf4d69,KXNCAAF-26-LSU,2025-08-24T14:49:10.847413Z,562.00,0.0500,0.9500,yes
e0f22a48-d26a-4eef-8f77-8f5cc464c368,KXNCAAF-26-LSU,2025-08-24T13:10:17.122249Z,500.00,0.0500,0.9500,yes
cd10bdd0-4a0b-47d1-bc90-ca3999e97417,KXNCAAF-26-LSU,2025-08-24T04:36:29.848336Z,2000.00,0.0500,0.9500,yes
03c4b952-831d-4425-a086-a432d0fa209c,KXNCAAF-26-LSU,2025-08-24T04:11:19.074066Z,15.00,0.0500,0.9500,yes
cbfed814-a665-449a-9dde-f64126cd680c,KXNCAAF-26-LSU,2025-08-24T03:13:45.024694Z,1.00,0.0500,0.9500,yes
56b45e1f-90d0-41a4-9ea7-1999e8f819f5,KXNCAAF-26-LSU,2025-08-24T03:13:45.024694Z,999.00,0.0500,0.9500,yes
9b95b824-861e-48a9-9a5c-084f83a24109,KXNCAAF-26-LSU,2025-08-23T22:32:14.754171Z,18.00,0.0500,0.9500,yes
96e17793-bb72-4a74-99bd-25d1ca83a2d1,KXNCAAF-26-LSU,2025-08-23T22:08:55.495318Z,93.00,0.0500,0.9500,yes
dc0e5492-b798-4977-9784-c3a8096d7be2,KXNCAAF-26-LSU,2025-08-23T22:03:57.254186Z,100.00,0.0500,0.9500,yes
f2e2c4b2-0fb5-43c7-a6e0-7a1ea1c146a6,KXNCAAF-26-LSU,2025-08-23T21:50:48.467748Z,500.00,0.0500,0.9500,yes
866a4f0e-0fc6-475a-86c0-f8b39154b6c4,KXNCAAF-26-LSU,2025-08-23T19:31:30.89774Z,50.00,0.0400,0.9600,no
2fe12b0e-4a50-41b8-9c71-98affb504d6a,KXNCAAF-26-LSU,2025-08-23T17:30:08.750557Z,150.00,0.0500,0.9500,yes
5389ff76-15da-4798-9885-2323460bef48,KXNCAAF-26-LSU,2025-08-23T17:18:42.190901Z,100.00,0.0500,0.9500,yes
6fa6b1e7-78d6-4ecb-9c96-b0f62943e1f2,KXNCAAF-26-LSU,2025-08-23T15:43:50.239261Z,50.00,0.0500,0.9500,yes
a3dd8edb-cab3-4409-b1d9-24bb18e3cc5d,KXNCAAF-26-LSU,2025-08-23T14:33:46.870683Z,37.00,0.0500,0.9500,yes
46348aea-144b-409c-bd41-5293af49bf89,KXNCAAF-26-LSU,2025-08-23T14:20:42.023316Z,11.00,0.0500,0.9500,yes
8f8c83d9-83df-423e-a1f2-909e61483b3a,KXNCAAF-26-LSU,2025-08-23T02:52:26.225532Z,1.00,0.0400,0.9600,no
ffd77726-0faa-4d37-9339-f466b2aa30d6,KXNCAAF-26-LSU,2025-08-23T01:13:00.52912Z,30.00,0.0500,0.9500,yes
3221e996-cfab-4ca3-b204-9194577d7f2f,KXNCAAF-26-LSU,2025-08-22T23:37:02.263312Z,5.00,0.0500,0.9500,yes
d5bf8435-7533-47b9-9fb7-5890b9b5cc00,KXNCAAF-26-LSU,2025-08-22T23:03:51.674389Z,30.00,0.0500,0.9500,yes
fc9886e4-023f-41f3-bcb7-84cfce2ecf55,KXNCAAF-26-LSU,2025-08-22T21:00:20.46046Z,375.00,0.0500,0.9500,yes
cbed323f-1599-4ba3-8605-21e266651341,KXNCAAF-26-LSU,2025-08-22T14:29:03.622154Z,25.00,0.0600,0.9400,yes
ea393589-8b34-429a-98d8-352c5686c94c,KXNCAAF-26-LSU,2025-08-22T14:12:08.38556Z,300.00,0.0600,0.9400,yes
7e1e5d52-414e-4086-a587-4dcd74db142f,KXNCAAF-26-LSU,2025-08-22T01:16:59.436813Z,50.00,0.0600,0.9400,yes
c78a3c5f-3237-4e23-b3c0-bd773a763287,KXNCAAF-26-LSU,2025-08-22T00:05:51.310684Z,1563.00,0.0600,0.9400,yes
4e0a66d8-8ceb-4279-bc91-4903ee21f437,KXNCAAF-26-LSU,2025-08-21T23:40:42.999806Z,1509.00,0.0600,0.9400,yes
03979896-85ee-4b66-98ed-be8a84956253,KXNCAAF-26-LSU,2025-08-21T23:40:42.999806Z,54.00,0.0600,0.9400,yes
8d5a1218-fb54-4874-91f6-8b2686c0f987,KXNCAAF-26-LSU,2025-08-21T23:37:20.84513Z,10.00,0.0600,0.9400,yes
fa676604-67d6-46f7-9681-d4d5a3ed3502,KXNCAAF-26-LSU,2025-08-21T23:28:50.442243Z,5.00,0.0600,0.9400,yes
96a307b5-dfb1-47d4-b35e-14dccf568b28,KXNCAAF-26-LSU,2025-08-21T20:43:20.503598Z,5.00,0.0600,0.9400,yes
553be8f3-3ebf-48cf-95e2-7ebf23e3bfb2,KXNCAAF-26-LSU,2025-08-21T17:29:21.302466Z,800.00,0.0600,0.9400,yes
d6d96936-2aed-4f74-839d-8928a1c5feaf,KXNCAAF-26-LSU,2025-08-21T16:45:09.332354Z,125.00,0.0600,0.9400,yes
a5521350-5937-4f85-b78a-9417c449008e,KXNCAAF-26-LSU,2025-08-21T16:44:33.085055Z,109.00,0.0600,0.9400,yes
607cdf9c-d014-4d12-a3c3-990fdc62c9dd,KXNCAAF-26-LSU,2025-08-21T16:44:33.085055Z,141.00,0.0600,0.9400,yes
c7ad8c77-43b2-43d6-9ff9-3cb78aa549be,KXNCAAF-26-LSU,2025-08-21T15:18:59.104625Z,18.00,0.0500,0.9500,yes
8e2c5821-efc5-42a9-9982-b4a5794c3bf3,KXNCAAF-26-LSU,2025-08-21T13:21:52.565257Z,100.00,0.0500,0.9500,yes
7c3e4528-b055-4158-a131-db2933a49cd5,KXNCAAF-26-LSU,2025-08-21T12:54:52.404059Z,574.00,0.0500,0.9500,yes
3cc93062-b802-45d6-91d3-b7b3748b2e0d,KXNCAAF-26-LSU,2025-08-21T12:54:52.404059Z,855.00,0.0500,0.9500,yes
c98ebdbf-25fd-4d20-a1c9-2bc76fb825e2,KXNCAAF-26-LSU,2025-08-21T12:52:42.077545Z,500.00,0.0500,0.9500,yes
622d9afb-b480-4ef9-9cbb-06f2bc985094,KXNCAAF-26-LSU,2025-08-21T12:42:31.584122Z,214.00,0.0500,0.9500,yes
85d917a1-e316-4eb8-82d9-507f623e43d9,KXNCAAF-26-LSU,2025-08-21T10:43:52.925686Z,1.00,0.0300,0.9700,no
196c7e56-33f9-44cc-b1ea-3ea07ccdeb9e,KXNCAAF-26-LSU,2025-08-21T03:53:57.501674Z,375.00,0.0500,0.9500,yes
3fe3128e-d2a7-49d2-af77-9c54c86e8b8b,KXNCAAF-26-LSU,2025-08-20T23:59:47.270511Z,19.00,0.0500,0.9500,yes
79439c1b-0d46-4282-bd0e-e2656e906441,KXNCAAF-26-LSU,2025-08-20T21:41:59.711752Z,37.00,0.0500,0.9500,yes
08290aac-327c-4047-a4e8-6a53b656692e,KXNCAAF-26-LSU,2025-08-20T14:20:01.535649Z,46.00,0.0600,0.9400,yes
878c94f5-ef82-4fa2-8986-976b74634927,KXNCAAF-26-LSU,2025-08-19T17:35:30.577237Z,5000.00,0.0500,0.9500,yes
62524b00-836e-4016-b06f-9bd81a496aa6,KXNCAAF-26-LSU,2025-08-19T17:35:30.577237Z,428.00,0.0500,0.9500,yes
2d76c5c6-6911-4ff9-b437-03d98fea6d32,KXNCAAF-26-LSU,2025-08-19T17:35:30.577237Z,5000.00,0.0500,0.9500,yes
cfd539f4-fca0-45e0-9395-93ce76d59539,KXNCAAF-26-LSU,2025-08-18T21:50:01.864288Z,284.00,0.0500,0.9500,yes
3dce0253-6ab3-4a48-b0e8-c041d568edbe,KXNCAAF-26-LSU,2025-08-18T21:50:01.864288Z,72.00,0.0500,0.9500,yes
515d8ae5-9a87-4e7d-af62-93f1896b0d87,KXNCAAF-26-LSU,2025-08-17T18:38:41.372369Z,1.00,0.0300,0.9700,no
3201eaac-1bc4-49be-ad7e-46feac3d3eec,KXNCAAF-26-LSU,2025-08-16T02:53:41.123039Z,100.00,0.0500,0.9500,yes
d21f0475-8d15-448c-abef-ca893eb4d61d,KXNCAAF-26-LSU,2025-08-15T03:58:29.893491Z,40.00,0.0300,0.9700,no
c0eb666f-5d8e-459e-9500-d179a3b1df86,KXNCAAF-26-LSU,2025-08-14T09:25:48.531457Z,18.00,0.0500,0.9500,yes
dd0b5a77-4431-4f09-b370-94ff17f18b37,KXNCAAF-26-LSU,2025-08-14T04:58:47.198584Z,18.00,0.0500,0.9500,yes
5cdf7105-9a3c-4466-8e72-abec594bdf90,KXNCAAF-26-LSU,2025-08-14T01:45:31.131307Z,20.00,0.0400,0.9600,no
d3df0e2f-34d9-40ad-8ca4-34d76113ee93,KXNCAAF-26-LSU,2025-08-14T01:40:02.404421Z,20.00,0.0400,0.9600,no
873d7f69-02f1-4ea8-aed9-9087a5a39344,KXNCAAF-26-LSU,2025-08-14T01:33:15.871831Z,56.00,0.0500,0.9500,yes
eae2dbad-4bbd-45bb-af34-10bf48a7957e,KXNCAAF-26-LSU,2025-08-14T01:06:00.912869Z,20.00,0.0400,0.9600,yes
3ae3ecac-b850-4f01-80a0-790960527b72,KXNCAAF-26-LSU,2025-08-11T20:52:54.104794Z,1875.00,0.0500,0.9500,yes
669b8059-01b7-40bf-9030-4e3cb1d7accc,KXNCAAF-26-LSU,2025-08-10T11:36:40.562584Z,4.00,0.0400,0.9600,yes
56a18133-58f0-4ccc-9dad-3c71d194c5a2,KXNCAAF-26-LSU,2025-08-10T11:36:40.562584Z,13.00,0.0500,0.9500,yes
00422828-fd48-4789-be6f-33f6b8edf04f,KXNCAAF-26-LSU,2025-08-10T11:36:40.562584Z,2.00,0.0400,0.9600,yes
e5f8e045-571f-4c53-8154-c1862a90a541,KXNCAAF-26-LSU,2025-08-09T15:51:12.767962Z,187.00,0.0500,0.9500,yes
271e6113-ca7a-42f4-8f38-4adaf3ea176c,KXNCAAF-26-LSU,2025-08-07T21:46:30.544599Z,356.00,0.0500,0.9500,yes
c0865051-d840-4919-b022-f627c116e115,KXNCAAF-26-LSU,2025-08-07T18:19:07.24405Z,1.00,0.0500,0.9500,yes
48a7cc6f-c742-4ca4-807d-deab41813cf4,KXNCAAF-26-LSU,2025-08-07T18:13:18.600516Z,200.00,0.0500,0.9500,yes
4397e74a-2645-4376-a7cb-da698e056126,KXNCAAF-26-LSU,2025-08-07T12:20:17.73074Z,18.00,0.0500,0.9500,yes
a6eb0c12-495b-4ef7-bcf7-525990533a37,KXNCAAF-26-LSU,2025-08-06T19:11:05.763342Z,37.00,0.0500,0.9500,yes
af9b8c2c-0b80-453b-81f7-f43da3cd5c5f,KXNCAAF-26-LSU,2025-08-06T06:01:53.08216Z,1837.00,0.0500,0.9500,yes
79110494-3898-4a95-a8eb-7133ea9687c3,KXNCAAF-26-LSU,2025-08-06T06:01:53.08216Z,163.00,0.0500,0.9500,yes
00f5dc31-5982-4f00-9ae7-e3bd9699dd9e,KXNCAAF-26-LSU,2025-08-06T01:49:55.882432Z,56.00,0.0500,0.9500,yes
6e61b0b8-e432-440c-84a0-279485478e61,KXNCAAF-26-LSU,2025-08-05T22:26:06.210768Z,93.00,0.0500,0.9500,yes
7030f05f-e743-4939-8ac2-e6f1190dbf5a,KXNCAAF-26-LSU,2025-08-05T20:45:36.694181Z,18.00,0.0500,0.9500,yes
f0ea60c5-934a-4bf7-b225-aee2ed09fbe0,KXNCAAF-26-LSU,2025-08-05T20:16:42.243545Z,187.00,0.0500,0.9500,yes
598748b5-76ec-445e-8de8-cd96a7128e2a,KXNCAAF-26-LSU,2025-08-05T19:39:18.344428Z,282.00,0.0500,0.9500,yes
eef3c1d7-3da2-4da4-8a62-7482896ddddd,KXNCAAF-26-LSU,2025-08-05T17:50:19.830587Z,10.00,0.0500,0.9500,yes
c8c54a62-8030-4766-a891-7daf01913341,KXNCAAF-26-LSU,2025-08-05T15:59:53.684867Z,468.00,0.0500,0.9500,yes
ed125a46-eff2-456d-92bc-8a20f375194d,KXNCAAF-26-LSU,2025-08-05T14:49:46.997987Z,187.00,0.0500,0.9500,yes
0ac9c321-1646-4596-ada0-24b16e9c89af,KXNCAAF-26-LSU,2025-08-05T14:03:55.217862Z,187.00,0.0500,0.9500,yes
0f271040-9eae-42c6-82fd-2d6bf738ff24,KXNCAAF-26-LSU,2025-08-05T13:11:25.671309Z,200.00,0.0500,0.9500,yes
d23d17c6-ab9f-4f9d-8a6e-fcff1987d287,KXNCAAF-26-LSU,2025-08-05T12:36:05.065896Z,37.00,0.0500,0.9500,yes
b01d3705-8421-421c-ba45-2b7b90e63cb9,KXNCAAF-26-LSU,2025-08-05T05:11:24.791659Z,468.00,0.0500,0.9500,yes
073d88f4-734e-415d-937c-122100fca2d2,KXNCAAF-26-LSU,2025-08-05T04:59:27.941202Z,187.00,0.0500,0.9500,yes
07dae0be-722c-4e32-b115-c5c15cdbea60,KXNCAAF-26-LSU,2025-08-05T03:56:44.36674Z,56.00,0.0500,0.9500,yes
80ebf2f9-cd40-404d-85c4-a557e92036e8,KXNCAAF-26-LSU,2025-08-05T03:44:40.749545Z,93.00,0.0500,0.9500,yes
69c3e0eb-3bcc-441e-93d4-db83b1d14bff,KXNCAAF-26-LSU,2025-08-05T02:58:24.231402Z,93.00,0.0500,0.9500,yes
cc7497cc-8fc2-477d-bf4a-e32c3c28a1b4,KXNCAAF-26-LSU,2025-08-05T02:30:31.2499Z,187.00,0.0500,0.9500,yes
0e4a02d7-44ed-4a87-8a6d-2b8da6267a1e,KXNCAAF-26-LSU,2025-08-05T01:59:08.623705Z,58.00,0.0500,0.9500,yes
7384e426-e96b-4ee9-8001-ca85c455f2f3,KXNCAAF-26-LSU,2025-08-05T01:37:59.179147Z,937.00,0.0500,0.9500,yes
9411efcd-a14c-4a86-9eb7-30589313e5d2,KXNCAAF-26-LSU,2025-08-05T01:28:49.642247Z,187.00,0.0500,0.9500,yes
1cb4c577-6ed0-445e-bbc5-cece0347d337,KXNCAAF-26-LSU,2025-08-05T01:27:08.804705Z,375.00,0.0500,0.9500,yes
96fe2a4b-5bad-43da-9cfb-9c385680ce27,KXNCAAF-26-LSU,2025-08-05T01:24:00.012371Z,187.00,0.0500,0.9500,yes
367135ab-27f8-43fe-b321-78f235e07ef3,KXNCAAF-26-LSU,2025-08-05T01:06:51.268896Z,10.00,0.0500,0.9500,yes
55c1ab24-379b-4a33-a0db-4266d0d47add,KXNCAAF-26-LSU,2025-08-05T01:02:27.656061Z,93.00,0.0500,0.9500,yes
6e0f93a1-fc98-4c61-9086-d8a0935ea5a5,KXNCAAF-26-LSU,2025-08-04T23:35:50.779067Z,9.00,0.0500,0.9500,yes
079412e8-ee52-4fe2-8da3-8def5aab82b8,KXNCAAF-26-LSU,2025-08-04T23:35:50.779067Z,181.00,0.0500,0.9500,yes
a9011ca4-0389-4fda-ae5a-ccb0d6082e6e,KXNCAAF-26-LSU,2025-08-04T23:34:58.344625Z,17.00,0.0500,0.9500,yes
bbf14bed-57b2-4b0d-8074-da66aa6dae9c,KXNCAAF-26-LSU,2025-08-04T23:23:26.031096Z,375.00,0.0500,0.9500,yes
562b1c3e-2d43-475d-aae7-437fc75be668,KXNCAAF-26-LSU,2025-08-04T23:19:48.743848Z,93.00,0.0500,0.9500,yes
14c04153-3341-4bc7-a772-806e50037c57,KXNCAAF-26-LSU,2025-08-04T23:16:21.326348Z,93.00,0.0500,0.9500,yes
ffc3281b-682d-4987-aaa3-54138acd8040,KXNCAAF-26-LSU,2025-08-04T23:12:04.710615Z,339.00,0.0500,0.9500,yes
30459509-c1a4-414d-acd2-6ef5aa1e9167,KXNCAAF-26-LSU,2025-08-04T23:12:04.710615Z,3411.00,0.0500,0.9500,yes
9e636ce4-5861-4316-8416-f6e4ff85a95f,KXNCAAF-26-LSU,2025-08-04T23:10:32.592139Z,2062.00,0.0500,0.9500,yes
2e387812-53ae-4f89-b836-a788ee8b66fa,KXNCAAF-26-LSU,2025-08-04T23:03:53.238773Z,93.00,0.0500,0.9500,yes
dd17e19a-016d-43e5-8637-fcad4e465041,KXNCAAF-26-LSU,2025-08-04T22:48:59.994497Z,100.00,0.0500,0.9500,yes
fb11aa8e-a62b-407d-aa4f-7d28ed3ee1fe,KXNCAAF-26-LSU,2025-08-04T22:43:12.557458Z,187.00,0.0500,0.9500,yes
d36b2fa2-3f82-4d0e-babc-e705e4784510,KXNCAAF-26-LSU,2025-08-04T20:26:34.067565Z,647.00,0.0500,0.9500,yes
5aa933db-2d9b-4bd1-a546-892cbaea7689,KXNCAAF-26-LSU,2025-08-04T20:26:34.067565Z,272.00,0.0500,0.9500,yes
f67d9f3b-3df4-458c-bd75-2d7884db1d71,KXNCAAF-26-LSU,2025-08-04T20:26:11.539983Z,4.00,0.0500,0.9500,yes
b1848cb7-d8f4-4b10-9bf5-fc4245b351e1,KXNCAAF-26-LSU,2025-08-02T23:50:13.535682Z,85.00,0.0400,0.9600,yes
340ed697-b2b1-486e-85fc-1bc535824a71,KXNCAAF-26-LSU,2025-08-02T23:50:13.535682Z,218.00,0.0400,0.9600,yes
251c8afd-c8ee-4b26-89df-53225af90c95,KXNCAAF-26-LSU,2025-08-02T23:50:13.535682Z,694.00,0.0500,0.9500,yes
3500ebd2-584e-41ce-8747-c7f39051b2cc,KXNCAAF-26-LSU,2025-08-02T23:40:19.435395Z,15.00,0.0400,0.9600,yes
4d533729-7535-401e-9f8e-46c22ec873f8,KXNCAAF-26-LSU,2025-07-18T02:59:23.902291Z,375.00,0.0500,0.9500,yes
26fb6786-baa3-49c5-a320-f756c001f80a,KXNCAAF-26-LSU,2025-07-17T00:45:33.618007Z,184.00,0.0500,0.9500,yes
fd1e0a5b-5c53-4c0e-9a5e-4744c45ac557,KXNCAAF-26-LSU,2025-07-16T00:53:21.847621Z,93.00,0.0500,0.9500,yes
b5d309b8-c224-485e-ae71-2ff0bddce50d,KXNCAAF-26-LSU,2025-07-15T06:32:47.161957Z,955.00,0.0500,0.9500,yes
aaff6360-a605-4bd1-a597-8cd987d4e46c,KXNCAAF-26-LSU,2025-07-15T06:32:47.161957Z,1149.00,0.0400,0.9600,yes
7bcbf3f8-1a64-44e0-a259-c9cad71e384c,KXNCAAF-26-LSU,2025-07-14T22:54:01.312101Z,234.00,0.0400,0.9600,yes
ea556ea6-c15d-4ad0-bc0c-17b4aa2ed77b,KXNCAAF-26-LSU,2025-07-14T20:20:35.922351Z,117.00,0.0400,0.9600,yes
158d3831-da4c-4a42-bf35-11cce22a7dac,KXNCAAF-26-LSU,2025-07-13T23:36:49.717818Z,375.00,0.0500,0.9500,yes
c09155c1-d53f-4b1e-9616-14897e793229,KXNCAAF-26-LSU,2025-07-12T05:10:00.837919Z,187.00,0.0500,0.9500,yes
4bc4b721-ea85-44f2-a25e-db471b2297ba,KXNCAAF-26-LSU,2025-07-12T05:10:00.837919Z,583.00,0.0600,0.9400,yes
2af64b02-6323-4627-98fb-72dff8264c83,KXNCAAF-26-LSU,2025-07-12T05:10:00.837919Z,360.00,0.0500,0.9500,yes
2348e227-3468-4904-be3f-e9690ecc0f80,KXNCAAF-26-LSU,2025-07-12T05:10:00.837919Z,552.00,0.0500,0.9500,yes
1f774cb5-ca00-4f5b-9149-fa4ac82713a3,KXNCAAF-26-LSU,2025-07-12T05:10:00.837919Z,500.00,0.0500,0.9500,yes
ff8bdf5c-9ee3-4eb0-856d-d102927f3a1a,KXNCAAF-26-LSU,2025-07-11T17:21:21.197154Z,210.00,0.0500,0.9500,yes
97c32558-9491-46a9-a497-b78712d66b0a,KXNCAAF-26-LSU,2025-07-11T17:21:21.197154Z,2.00,0.0500,0.9500,yes
3d4b93b9-51a0-40e8-8652-301d1ce5a227,KXNCAAF-26-LSU,2025-07-11T17:21:21.197154Z,1748.00,0.0500,0.9500,yes
07e6d010-a2d5-4847-9210-46a2fa0755ae,KXNCAAF-26-LSU,2025-07-11T17:21:21.197154Z,40.00,0.0500,0.9500,yes
fe248549-d304-4618-a1b1-de20c0fa461a,KXNCAAF-26-LSU,2025-07-09T04:22:30.233746Z,187.00,0.0500,0.9500,yes
e2f8bc07-07d5-4d0c-ba7b-05fda0c9656f,KXNCAAF-26-LSU,2025-07-09T02:47:12.166554Z,231.00,0.0400,0.9600,no
66af6a1f-d2b1-445b-a958-6108ca8f4159,KXNCAAF-26-LSU,2025-07-08T16:21:36.379119Z,187.00,0.0500,0.9500,yes
7ea8fa04-5b0e-4e64-a0d3-c0954c02d843,KXNCAAF-26-LSU,2025-07-07T22:43:08.854026Z,5.00,0.0500,0.9500,yes
b6eac8a9-c604-4b2e-a1a7-6c41d834c260,KXNCAAF-26-LSU,2025-07-07T20:49:43.301187Z,10.00,0.0400,0.9600,no
b1a42d93-d677-47d8-ad3b-c841d10aacf3,KXNCAAF-26-LSU,2025-07-03T20:31:42.544903Z,1000.00,0.0500,0.9500,yes
d88fb9e9-5d4d-4814-bc07-1a3d222f6a4c,KXNCAAF-26-LSU,2025-07-03T03:07:22.591671Z,575.00,0.0500,0.9500,yes
becc0581-84c0-4c86-a902-9725ab7ba504,KXNCAAF-26-LSU,2025-07-03T03:07:22.591671Z,214.00,0.0500,0.9500,yes
b9453968-812a-4473-a36b-d0ff1f4845e1,KXNCAAF-26-LSU,2025-07-03T03:07:22.591671Z,100.00,0.0500,0.9500,yes
9bdfc3aa-c899-47fb-b2f0-89c0603fe87f,KXNCAAF-26-LSU,2025-07-03T02:24:12.657685Z,871.00,0.0500,0.9500,yes
31df2483-b8c9-44cd-a98e-3b40fd441a59,KXNCAAF-26-LSU,2025-07-03T02:24:12.657685Z,66.00,0.0500,0.9500,yes
d4b1c5c4-744b-4588-b1c5-9143b20fa6c0,KXNCAAF-26-LSU,2025-06-27T00:31:09.117969Z,129.00,0.0500,0.9500,yes
8ab3be54-456d-436e-8c9d-ac38164231ab,KXNCAAF-26-LSU,2025-06-27T00:31:09.117969Z,710.00,0.0500,0.9500,yes
547bc70d-cbfd-4513-89ab-5b5e3e84ff9d,KXNCAAF-26-LSU,2025-06-27T00:31:09.117969Z,1036.00,0.0500,0.9500,yes
e8b1f009-bbe6-4e42-9f09-c7eb806d2bcd,KXNCAAF-26-LSU,2025-06-25T14:49:27.147033Z,187.00,0.0500,0.9500,yes
42c7cd59-9925-43d1-af7a-0cd5c7bad4de,KXNCAAF-26-LSU,2025-06-21T23:20:00.958088Z,187.00,0.0500,0.9500,yes
6a36eacd-73e4-4ccf-8f40-ada92b6e9e12,KXNCAAF-26-LSU,2025-06-05T19:00:24.686742Z,93.00,0.0500,0.9500,yes
7c9e0b45-6e22-475c-8d28-7244f23dc02b,KXNCAAF-26-LSU,2025-06-05T02:47:23.367037Z,200.00,0.0500,0.9500,yes
df7c9b12-4c93-4003-9a97-1398607294e5,KXNCAAF-26-LSU,2025-06-01T03:52:32.065134Z,100.00,0.0500,0.9500,yes
da66d9b2-4609-4556-8366-387b27534c57,KXNCAAF-26-LSU,2025-05-31T14:01:46.007616Z,20.00,0.0500,0.9500,yes
e118d00f-c370-4c6d-bde3-aa50c24b8b90,KXNCAAF-26-LSU,2025-05-26T17:06:00.017649Z,56.00,0.0600,0.9400,yes
d81859f9-e4ec-43d1-a51f-05bbaa592a16,KXNCAAF-26-LSU,2025-05-26T17:06:00.017649Z,100.00,0.0600,0.9400,yes
f1594e6a-305f-45b6-83d6-f067ddbdfd74,KXNCAAF-26-LSU,2025-05-21T14:16:37.202697Z,10.00,0.0600,0.9400,yes
e27e973a-7255-4e0a-8541-50a665bc8eec,KXNCAAF-26-LSU,2025-05-21T14:16:37.202697Z,39.00,0.0700,0.9300,yes
61922dba-bafa-42f9-8325-41e0c01c5956,KXNCAAF-26-LSU,2025-05-21T14:16:37.202697Z,100.00,0.0600,0.9400,yes
e4dd1946-ccf7-44d2-867b-b10eee05a4f7,KXNCAAF-26-LSU,2025-05-14T15:48:00.861027Z,26.00,0.0700,0.9300,yes
dea12940-6dae-452b-a5b2-727ace387ef9,KXNCAAF-26-LSU,2025-04-29T02:07:03.385268Z,100.00,0.0400,0.9600,yes
20564dd1-4777-4f62-9c43-5493946b5126,KXNCAAF-26-LSU,2025-04-29T02:07:03.385268Z,100.00,0.0400,0.9600,yes
5f4340ff-a2b3-4085-8f17-e4541144e269,KXNCAAF-26-LSU,2025-04-05T15:21:26.249842Z,1560.00,0.0300,0.9700,no
f571e06b-5be1-4337-9182-1e3756038855,KXNCAAF-26-LSU,2025-03-23T16:43:50.74405Z,31.00,0.0300,0.9700,yes
0c03670e-d357-4fc0-9aea-784711b7c66d,KXNCAAF-26-LSU,2025-03-16T20:15:45.068784Z,1560.00,0.0300,0.9700,yes
f62305d1-d41f-40d9-8151-87ab2476679c,KXNCAAF-26-LSU,2025-02-25T15:23:12.010122Z,668.00,0.0400,0.9600,yes
75b0bae2-f839-4387-910c-f62871990f13,KXNCAAF-26-LSU,2025-02-24T22:27:23.798599Z,750.00,0.0200,0.9800,no
a46b8a70-8c6a-4523-9fab-11a6f42ec2de,KXNCAAF-26-LSU,2025-02-24T22:25:21.822316Z,250.00,0.0200,0.9800,no
1b81ca07-060a-4298-94bc-2b3e72d2958c,KXNCAAF-26-LSU,2025-02-24T22:20:05.85138Z,392.00,0.0200,0.9800,no
fc0cf35c-61eb-47b0-a228-ffb29dad0ff7,KXNCAAF-26-LSU,2025-02-24T19:18:32.606324Z,2342.00,0.0400,0.9600,yes
0387aadb-bd52-4551-a508-d3a0caa5300a,KXNCAAF-26-LSU,2025-02-24T18:16:21.817057Z,456.00,0.0200,0.9800,no
e25b3dde-ca21-486f-9519-3acf3a6d22ef,KXNCAAF-26-LSU,2025-02-24T15:07:32.312929Z,43.00,0.0300,0.9700,no
76b40bd1-9bc6-40e0-bdde-d428bfe41339,KXNCAAF-26-LSU,2025-02-24T15:07:32.312929Z,198.00,0.0200,0.9800,no
8bb1f606-cedb-4944-95a9-d98f8b65a66c,KXNCAAF-26-LSU,2025-02-24T15:06:30.006455Z,241.00,0.0300,0.9700,no
f730b9c7-b4ec-4c9a-8df7-40716a17856b,KXNCAAF-26-LSU,2025-02-24T15:05:28.913431Z,241.00,0.0200,0.9800,no
b48169c1-dd86-4666-8f23-2c5b0397914c,KXNCAAF-26-LSU,2025-02-24T15:04:31.7226Z,241.00,0.0200,0.9800,no
bdb6bbe6-3ce0-41ea-a718-f0d56c38784c,KXNCAAF-26-LSU,2025-02-24T13:36:46.06361Z,5000.00,0.0200,0.9800,yes
9f3754e7-331e-40ba-8a05-2579a46db936,KXNCAAF-26-LSU,2025-02-24T13:36:46.06361Z,4022.00,0.0200,0.9800,yes
d317b497-98f4-41a6-b908-b3977704804e,KXNCAAF-26-LSU,2025-02-24T13:34:54.354686Z,978.00,0.0200,0.9800,yes
f45cb66d-a29f-413e-80b8-8c27396d207a,KXNCAAF-26-LSU,2025-02-24T13:34:43.854388Z,2342.00,0.0200,0.9800,yes
d6c33e20-b6ed-423e-af23-4485ac15c314,KXNCAAF-26-LSU,2025-02-24T13:34:43.854388Z,5000.00,0.0200,0.9800,yes
a2ef5d68-017a-4f07-ada7-59bdca762628,KXNCAAF-26-LSU,2025-02-24T13:05:33.632065Z,39.00,0.0200,0.9800,yes
a98295bf-fb8d-4c9e-932d-dca9669214ee,KXNCAAF-26-LSU,2025-02-24T13:05:24.406153Z,4.00,0.0300,0.9700,no
8aa5ae35-1923-48c7-910b-75d8ceb75d91,KXNCAAF-26-LSU,2025-02-24T13:05:24.406153Z,27.00,0.0300,0.9700,no
5db40e4e-46fb-4196-affd-eb7f54650574,KXNCAAF-26-LSU,2025-02-24T13:05:24.406153Z,2500.00,0.0400,0.9600,no
589a1715-9467-49bc-9b62-642f5c46dca8,KXNCAAF-26-LSU,2025-02-24T13:05:24.406153Z,87.00,0.0500,0.9500,no
0d9e26c0-38c4-47c2-92b5-d3aab3fa1ad0,KXNCAAF-26-LSU,2025-02-24T13:05:24.406153Z,1.00,0.0300,0.9700,no
95aa7ca0-92a6-4d02-b6f6-4cf2c84e0d3c,KXNCAAF-26-LSU,2025-02-22T06:21:49.732005Z,11.00,0.0500,0.9500,no
e7250115-5360-4a8a-a311-35b7222595d2,KXNCAAF-26-LSU,2025-02-22T01:30:55.62439Z,11.00,0.0600,0.9400,yes
3c6ffc00-3222-45e9-bd8a-724d9f73ffa1,KXNCAAF-26-LSU,2025-02-22T01:30:55.62439Z,95.00,0.0600,0.9400,yes
3815ecb0-a38a-45b9-86be-2170e4d7555e,KXNCAAF-26-LSU,2025-02-22T01:30:55.62439Z,1319.00,0.0600,0.9400,yes
00abfb53-7abd-4729-afe7-9155c74b32e4,KXNCAAF-26-LSU,2025-02-22T01:30:55.62439Z,138.00,0.0600,0.9400,yes
94739c33-14c9-432e-85f1-2e02c0a4abbb,KXNCAAF-26-LSU,2025-02-14T01:29:31.728346Z,2.00,0.0300,0.9700,no
e95961bd-5034-4f36-9a6d-30a31482f94f,KXNCAAF-26-LSU,2025-02-12T17:35:53.995584Z,1.00,0.0600,0.9400,yes
e76628ab-b05f-4e38-bd24-33059b2977f8,KXNCAAF-26-LSU,2025-02-12T17:35:53.995584Z,4.00,0.0600,0.9400,yes
3b6fcc68-b9bf-4df6-ac66-1ab6f6d3077b,KXNCAAF-26-LSU,2025-02-12T17:35:53.995584Z,151.00,0.0600,0.9400,yes
