trade_id,ticker,created_time,count_fp,yes_price_dollars,no_price_dollars,taker_side
c9b28001-971e-5f32-3ab7-1aa6eca88c73,KXNEXTIRANLEADER-45JAN01-ALAR,2026-03-08T21:26:38.638102Z,200.00,0.0100,0.9900,yes
b4ca4bea-0159-58ba-0ad4-50ab0d1ad73d,KXNEXTIRANLEADER-45JAN01-ALAR,2026-03-08T21:26:38.638102Z,129.00,0.0100,0.9900,yes
922d3818-5b47-571a-2e55-31b54ecc62a1,KXNEXTIRANLEADER-45JAN01-ALAR,2026-03-08T21:26:38.638102Z,171.00,0.0100,0.9900,yes
36b85f14-71df-5fe6-c429-1e357d6a3105,KXNEXTIRANLEADER-45JAN01-ALAR,2026-03-08T19:37:48.742319Z,1500.00,0.0100,0.9900,yes
69e02f73-8a4f-6fee-9827-c53b46f16d09,KXNEXTIRANLEADER-45JAN01-ALAR,2026-03-08T19:24:20.831945Z,50.00,0.0100,0.9900,yes
9e3e41ff-0110-4827-8e69-cc6b0d5a2ded,KXNEXTIRANLEADER-45JAN01-ALAR,2026-03-08T18:50:24.66991Z,10.00,0.0100,0.9900,no
8fb2c00c-6b69-4556-efd3-cc8a3c338682,KXNEXTIRANLEADER-45JAN01-ALAR,2026-03-08T18:48:23.00629Z,10.00,0.0100,0.9900,no
eeeb41e7-b0b1-7ec4-08f6-193520594642,KXNEXTIRANLEADER-45JAN01-ALAR,2026-03-08T18:41:38.673886Z,10.00,0.0100,0.9900,no
b7156fc2-42d6-6fa8-ae2b-7314fe48779b,KXNEXTIRANLEADER-45JAN01-ALAR,2026-03-08T18:29:57.695146Z,100.00,0.0100,0.9900,no
b09b274f-39d6-7b19-d179-7277dd6ccaee,KXNEXTIRANLEADER-45JAN01-ALAR,2026-03-08T18:09:10.588249Z,25.00,0.0200,0.9800,yes
295e921e-7855-7dc0-d75b-51a0e552af43,KXNEXTIRANLEADER-45JAN01-ALAR,2026-03-08T18:09:10.588249Z,57.00,0.0200,0.9800,yes
d5bd96ed-887a-4560-381d-619715272a68,KXNEXTIRANLEADER-45JAN01-ALAR,2026-03-08T17:52:25.296131Z,100.00,0.0100,0.9900,no
087c5d81-dfdc-4cfb-2f75-d8111ac615b0,KXNEXTIRANLEADER-45JAN01-ALAR,2026-03-08T17:52:25.296131Z,394.00,0.0100,0.9900,no
05ebaf99-3f1c-7bbf-a8cf-91fdbb5d64bc,KXNEXTIRANLEADER-45JAN01-ALAR,2026-03-08T17:48:56.930794Z,33.00,0.0100,0.9900,no
679a1b3e-13e5-6849-934e-e1877bea050d,KXNEXTIRANLEADER-45JAN01-ALAR,2026-03-08T17:45:59.339215Z,424.00,0.0200,0.9800,yes
43d03525-b15c-6c96-b170-0bb2e73cf059,KXNEXTIRANLEADER-45JAN01-ALAR,2026-03-08T17:45:59.339215Z,67.00,0.0200,0.9800,yes
13de45a2-ce00-66fe-b724-2decaeed64d3,KXNEXTIRANLEADER-45JAN01-ALAR,2026-03-08T17:45:59.339215Z,59.00,0.0200,0.9800,yes
00db0480-0a43-66e2-8157-e756b402743d,KXNEXTIRANLEADER-45JAN01-ALAR,2026-03-08T17:45:59.339215Z,200.00,0.0200,0.9800,yes
f77adf2a-3f3c-445f-c5cf-2b97db33b130,KXNEXTIRANLEADER-45JAN01-ALAR,2026-03-08T17:45:16.057453Z,50.00,0.0100,0.9900,no
dab9ca9b-4fbd-5059-b878-e175e4a0a2c5,KXNEXTIRANLEADER-45JAN01-ALAR,2026-03-08T17:41:20.035431Z,50.00,0.0200,0.9800,yes
4c6a2014-1204-40ef-1cde-4709f4978450,KXNEXTIRANLEADER-45JAN01-ALAR,2026-03-08T17:26:06.419506Z,35.00,0.0100,0.9900,no
cb43c81e-e948-790b-452e-7ceb4de65760,KXNEXTIRANLEADER-45JAN01-ALAR,2026-03-08T17:25:41.553757Z,53.00,0.0100,0.9900,no
be30c743-74d1-6f6d-a5ae-b287bcb25e85,KXNEXTIRANLEADER-45JAN01-ALAR,2026-03-08T16:49:42.436359Z,17.00,0.0200,0.9800,yes
01b52957-3dbb-67a9-9238-3a83b71441ef,KXNEXTIRANLEADER-45JAN01-ALAR,2026-03-08T16:49:42.436359Z,983.00,0.0200,0.9800,yes
3f4820ed-3487-44d9-e695-51ca43fefe7b,KXNEXTIRANLEADER-45JAN01-ALAR,2026-03-08T16:08:10.60086Z,50.00,0.0200,0.9800,yes
d2e0cb9b-20c7-6c1d-86ed-de47ec4aea7f,KXNEXTIRANLEADER-45JAN01-ALAR,2026-03-08T15:44:25.133458Z,1.00,0.0200,0.9800,yes
e7b027e5-9f92-4834-d9f4-408144ad5160,KXNEXTIRANLEADER-45JAN01-ALAR,2026-03-08T15:35:14.324919Z,211.00,0.0100,0.9900,no
f63bf125-9e1a-713f-c302-b04061a4f955,KXNEXTIRANLEADER-45JAN01-ALAR,2026-03-08T15:29:51.617556Z,1.00,0.0200,0.9800,yes
892cbf01-17b4-7670-f2a8-df9bafa84934,KXNEXTIRANLEADER-45JAN01-ALAR,2026-03-08T15:29:51.617556Z,91.00,0.0200,0.9800,yes
38c7ce70-fb29-7434-d264-edf4cab19d28,KXNEXTIRANLEADER-45JAN01-ALAR,2026-03-08T15:29:51.617556Z,8.00,0.0200,0.9800,yes
33ede2f0-6802-4b93-526a-5254d39efafd,KXNEXTIRANLEADER-45JAN01-ALAR,2026-03-08T15:22:02.376631Z,103.00,0.0200,0.9800,yes
cc6f97a4-e4de-74bf-7a29-e44073fd6745,KXNEXTIRANLEADER-45JAN01-ALAR,2026-03-08T15:10:03.348829Z,50.00,0.0200,0.9800,yes
fa9f3f4e-56e0-7b54-75be-b8e923dbbb1f,KXNEXTIRANLEADER-45JAN01-ALAR,2026-03-08T15:00:03.22099Z,35.00,0.0200,0.9800,yes
d8b6ce2d-e1ea-7b3b-7318-b903ae650b5d,KXNEXTIRANLEADER-45JAN01-ALAR,2026-03-08T15:00:03.22099Z,215.00,0.0200,0.9800,yes
90d4cbe8-abd0-6a7c-1248-85508d2841c7,KXNEXTIRANLEADER-45JAN01-ALAR,2026-03-08T14:07:48.7658Z,1.00,0.0200,0.9800,yes
c7f77da9-5221-48cc-62a5-6728470c6460,KXNEXTIRANLEADER-45JAN01-ALAR,2026-03-08T14:01:54.767109Z,500.00,0.0100,0.9900,yes
947488b4-e733-4c39-6be3-8c0a6ea70ba0,KXNEXTIRANLEADER-45JAN01-ALAR,2026-03-08T14:01:54.767109Z,90.00,0.0100,0.9900,yes
13a91386-e385-442b-5915-2396115b3f2a,KXNEXTIRANLEADER-45JAN01-ALAR,2026-03-08T14:01:54.767109Z,99.00,0.0100,0.9900,yes
0cf9e816-82a7-4834-5079-89ad77bdd57f,KXNEXTIRANLEADER-45JAN01-ALAR,2026-03-08T14:01:54.767109Z,1500.00,0.0100,0.9900,yes
51e91b3f-05e1-502f-3b27-61d13ddae22e,KXNEXTIRANLEADER-45JAN01-ALAR,2026-03-08T13:56:17.613544Z,100.00,0.0100,0.9900,yes
8c5ccbb8-f0c9-6027-ff71-8f55dae2123e,KXNEXTIRANLEADER-45JAN01-ALAR,2026-03-08T13:51:21.881727Z,199.00,0.0100,0.9900,yes
88e94142-f725-6973-2a4a-5086e78679d2,KXNEXTIRANLEADER-45JAN01-ALAR,2026-03-08T13:44:09.048958Z,69.00,0.0100,0.9900,yes
3afaaf83-01f1-5eff-2881-1f8e2910ad3a,KXNEXTIRANLEADER-45JAN01-ALAR,2026-03-08T13:39:42.160396Z,299.00,0.0100,0.9900,yes
2a472fa0-ee69-55fb-75b5-08386c5747e6,KXNEXTIRANLEADER-45JAN01-ALAR,2026-03-08T12:52:10.823449Z,100.00,0.0100,0.9900,yes
94aba051-88c1-4e73-eeb7-087e24fba202,KXNEXTIRANLEADER-45JAN01-ALAR,2026-03-08T12:48:52.873598Z,67.00,0.0100,0.9900,yes
3b94ef8e-bced-4cd2-ec2e-bc38c9dd6195,KXNEXTIRANLEADER-45JAN01-ALAR,2026-03-08T12:48:52.873598Z,33.00,0.0100,0.9900,yes
61c68bbc-fe64-6979-abc6-2a720d0aaaf6,KXNEXTIRANLEADER-45JAN01-ALAR,2026-03-08T12:07:30.475308Z,100.00,0.0100,0.9900,yes
5ac500dd-83fe-6e04-8165-16f988ba6196,KXNEXTIRANLEADER-45JAN01-ALAR,2026-03-08T12:07:30.475308Z,314.00,0.0100,0.9900,yes
24ff1377-f679-690a-8074-d2950dea6abd,KXNEXTIRANLEADER-45JAN01-ALAR,2026-03-08T12:07:30.475308Z,86.00,0.0100,0.9900,yes
d937042d-1c2b-5343-14ef-7211c3b6a9c7,KXNEXTIRANLEADER-45JAN01-ALAR,2026-03-08T11:41:53.018145Z,33.00,0.0100,0.9900,no
e2d95242-dcbc-4f44-1aa9-7bbbccdb7177,KXNEXTIRANLEADER-45JAN01-ALAR,2026-03-08T11:40:29.437085Z,5.00,0.0200,0.9800,yes
80066374-a779-500f-27b6-503c18b3ecc0,KXNEXTIRANLEADER-45JAN01-ALAR,2026-03-08T10:41:15.002104Z,33.00,0.0300,0.9700,yes
23b2ddce-13b9-6009-0c72-9916b88d06fb,KXNEXTIRANLEADER-45JAN01-ALAR,2026-03-08T10:20:17.024025Z,50.00,0.0200,0.9800,yes
82618f42-a426-7f29-2c1b-8f08992e4cb1,KXNEXTIRANLEADER-45JAN01-ALAR,2026-03-08T09:36:58.578128Z,28.00,0.0100,0.9900,no
68493312-8d06-5179-99d9-1cc2fb854b79,KXNEXTIRANLEADER-45JAN01-ALAR,2026-03-08T07:53:16.003878Z,26.00,0.0100,0.9900,no
d13c65f2-0292-7ded-6006-645bbf3c364d,KXNEXTIRANLEADER-45JAN01-ALAR,2026-03-08T07:49:29.744276Z,2.00,0.0100,0.9900,no
9e6fa4f9-c8f0-7161-61ea-f9b276d2fac2,KXNEXTIRANLEADER-45JAN01-ALAR,2026-03-08T07:49:08.231915Z,3.00,0.0200,0.9800,no
e9b92df9-0e54-5345-9b6f-cfbf5430d5ae,KXNEXTIRANLEADER-45JAN01-ALAR,2026-03-08T07:48:34.635773Z,17.00,0.0200,0.9800,no
8afe07e2-2182-6e25-c0f2-160afd16113d,KXNEXTIRANLEADER-45JAN01-ALAR,2026-03-08T07:18:47.084675Z,77.00,0.0100,0.9900,no
762339d4-69ac-6415-f86a-85ddfbe47f71,KXNEXTIRANLEADER-45JAN01-ALAR,2026-03-08T07:18:47.084675Z,25.00,0.0200,0.9800,no
f33415cd-953f-7ccb-898a-1b34ab6228c6,KXNEXTIRANLEADER-45JAN01-ALAR,2026-03-08T07:13:15.185221Z,66.00,0.0300,0.9700,yes
9d809bf2-4c57-4e1b-d3f6-53d3a118e25a,KXNEXTIRANLEADER-45JAN01-ALAR,2026-03-08T06:00:40.048797Z,400.00,0.0300,0.9700,yes
5ade78b8-d5f1-4d6a-38cd-afb83a15f5db,KXNEXTIRANLEADER-45JAN01-ALAR,2026-03-08T05:02:16.011034Z,17.00,0.0200,0.9800,no
eb0874ae-d9ef-6f0f-f3c3-a6870e7a5e26,KXNEXTIRANLEADER-45JAN01-ALAR,2026-03-08T04:49:08.087286Z,110.00,0.0300,0.9700,yes
c78ca58a-36a7-6d4b-f4e3-1e988026b12a,KXNEXTIRANLEADER-45JAN01-ALAR,2026-03-08T03:42:28.359476Z,333.00,0.0300,0.9700,yes
b561d708-9b53-504f-3187-35f0b2d895e2,KXNEXTIRANLEADER-45JAN01-ALAR,2026-03-08T03:29:30.497559Z,33.00,0.0300,0.9700,yes
d4634adb-3de3-7723-b4f4-8acd91bbf27e,KXNEXTIRANLEADER-45JAN01-ALAR,2026-03-08T03:12:38.15637Z,109.00,0.0300,0.9700,yes
590fe430-e5dd-4e02-c6c3-b06d623a70e7,KXNEXTIRANLEADER-45JAN01-ALAR,2026-03-08T02:13:42.496325Z,6.00,0.0200,0.9800,no
9f6c5005-f37b-783b-74b9-7b923cea422a,KXNEXTIRANLEADER-45JAN01-ALAR,2026-03-08T01:25:02.548979Z,100.00,0.0300,0.9700,yes
81853610-1c77-77ba-21b0-0d099d713fa8,KXNEXTIRANLEADER-45JAN01-ALAR,2026-03-08T01:23:04.200315Z,14.00,0.0200,0.9800,yes
5b3e51c6-311c-7a75-2be6-5162c018f6f3,KXNEXTIRANLEADER-45JAN01-ALAR,2026-03-08T01:23:04.200315Z,774.00,0.0200,0.9800,yes
f60da243-210b-50f2-9d3f-a0f16eb7eabc,KXNEXTIRANLEADER-45JAN01-ALAR,2026-03-08T01:02:21.033846Z,1000.00,0.0200,0.9800,yes
d181469a-4d2f-77e6-4f14-8f1254ee4fe0,KXNEXTIRANLEADER-45JAN01-ALAR,2026-03-08T01:02:08.326856Z,100.00,0.0200,0.9800,yes
8ac30a66-b29e-4de8-c171-885fd1bde290,KXNEXTIRANLEADER-45JAN01-ALAR,2026-03-08T01:02:02.495333Z,32.00,0.0200,0.9800,no
26d0f7c1-0bb3-7983-a064-46b81458593a,KXNEXTIRANLEADER-45JAN01-ALAR,2026-03-08T00:58:33.372355Z,15.00,0.0300,0.9700,yes
0f6841e9-b838-62f3-07f1-2b99359b31c2,KXNEXTIRANLEADER-45JAN01-ALAR,2026-03-07T23:27:45.680215Z,100.00,0.0300,0.9700,yes
7ff4c411-0c30-6ded-d458-6ea2e65ff98f,KXNEXTIRANLEADER-45JAN01-ALAR,2026-03-07T23:27:14.714857Z,6.00,0.0200,0.9800,no
6baae767-aa3c-7bc5-343c-711ec470cef7,KXNEXTIRANLEADER-45JAN01-ALAR,2026-03-07T23:26:36.838203Z,4.00,0.0200,0.9800,no
48c1d78d-3920-7d91-646a-f099db7d4ff7,KXNEXTIRANLEADER-45JAN01-ALAR,2026-03-07T23:12:58.385415Z,425.00,0.0200,0.9800,no
02dac496-d1c5-72ab-6cb5-cb781996e84d,KXNEXTIRANLEADER-45JAN01-ALAR,2026-03-07T23:12:58.385415Z,34.00,0.0200,0.9800,no
577fd740-b5a6-59d6-b973-1407976e60cc,KXNEXTIRANLEADER-45JAN01-ALAR,2026-03-07T23:06:05.800261Z,150.00,0.0200,0.9800,no
a0b62469-3456-5ab2-3d08-cbf0a41b1e60,KXNEXTIRANLEADER-45JAN01-ALAR,2026-03-07T23:01:03.813891Z,500.00,0.0200,0.9800,no
f5dc7e2b-daae-63d6-fde7-f11f8e542514,KXNEXTIRANLEADER-45JAN01-ALAR,2026-03-07T22:42:30.916365Z,5.00,0.0200,0.9800,no
a6ed6d3c-def6-5a72-3748-b5b9a1b6fef0,KXNEXTIRANLEADER-45JAN01-ALAR,2026-03-07T21:03:31.115981Z,12.00,0.0200,0.9800,no
afc39632-3956-42ce-1236-5d32681637f0,KXNEXTIRANLEADER-45JAN01-ALAR,2026-03-07T20:37:08.833837Z,5.00,0.0200,0.9800,no
81c0bfb6-50dc-411c-9da7-b775bcab37fb,KXNEXTIRANLEADER-45JAN01-ALAR,2026-03-07T20:31:55.224423Z,59.00,0.0500,0.9500,yes
56fdb0fc-4095-45b7-844d-8d0a99fa2f4f,KXNEXTIRANLEADER-45JAN01-ALAR,2026-03-07T20:31:55.224423Z,316.00,0.0400,0.9600,yes
45be38ff-5ad0-419b-88c3-5a68e16a85f8,KXNEXTIRANLEADER-45JAN01-ALAR,2026-03-07T20:31:55.224423Z,109.00,0.0400,0.9600,yes
10d1cd7f-0c7e-4a2e-c419-0eb40a76dc48,KXNEXTIRANLEADER-45JAN01-ALAR,2026-03-07T20:29:10.738834Z,474.00,0.0200,0.9800,no
0ea0f7e4-f7e5-482f-d86e-9ec8f5393e01,KXNEXTIRANLEADER-45JAN01-ALAR,2026-03-07T20:29:10.738834Z,26.00,0.0200,0.9800,no
3d83448a-6859-712b-74a9-63d08080d7fd,KXNEXTIRANLEADER-45JAN01-ALAR,2026-03-07T20:29:01.66355Z,2.00,0.0200,0.9800,no
b5c8fef3-21b7-7829-75f9-e23469618aff,KXNEXTIRANLEADER-45JAN01-ALAR,2026-03-07T20:03:03.006516Z,9.00,0.0300,0.9700,yes
0ff4de0a-049d-7cb3-79eb-36e8043f2be3,KXNEXTIRANLEADER-45JAN01-ALAR,2026-03-07T20:03:03.006516Z,618.00,0.0400,0.9600,yes
590a6db0-be36-5aa7-9cb7-a519c6f4e71c,KXNEXTIRANLEADER-45JAN01-ALAR,2026-03-07T19:46:57.399065Z,550.00,0.0200,0.9800,no
55096ee9-0199-5a98-abb1-eda4a809b1f2,KXNEXTIRANLEADER-45JAN01-ALAR,2026-03-07T19:46:57.399065Z,1500.00,0.0200,0.9800,no
03c4a528-5e11-5d1b-baa7-c8d21a2f712d,KXNEXTIRANLEADER-45JAN01-ALAR,2026-03-07T19:46:57.399065Z,20.00,0.0200,0.9800,no
76323e0e-e7e3-5a65-2e45-078829cd25cb,KXNEXTIRANLEADER-45JAN01-ALAR,2026-03-07T19:10:48.914334Z,16.00,0.0300,0.9700,yes
b8d0cf31-9d7a-6157-57fc-bb6ea44aa724,KXNEXTIRANLEADER-45JAN01-ALAR,2026-03-07T18:24:19.239679Z,500.00,0.0200,0.9800,no
ed3dcf80-ed56-780b-7831-5afa997c9af4,KXNEXTIRANLEADER-45JAN01-ALAR,2026-03-07T17:44:29.722863Z,446.00,0.0200,0.9800,no
b0b26e65-a144-62d9-553b-3bbbf8b44019,KXNEXTIRANLEADER-45JAN01-ALAR,2026-03-07T17:22:29.752091Z,100.00,0.0200,0.9800,no
a41bb725-4d20-6495-69c9-fb691660cb6f,KXNEXTIRANLEADER-45JAN01-ALAR,2026-03-07T17:22:29.752091Z,60.00,0.0200,0.9800,no
995fa6af-03e7-6fbd-7392-43f1d36fe72b,KXNEXTIRANLEADER-45JAN01-ALAR,2026-03-07T17:22:29.752091Z,1335.00,0.0200,0.9800,no
760f2363-fd0e-6886-6e45-4abb00a77a1b,KXNEXTIRANLEADER-45JAN01-ALAR,2026-03-07T17:22:29.752091Z,1000.00,0.0200,0.9800,no
72d23522-c8ea-68fb-5a0c-3142f22670a4,KXNEXTIRANLEADER-45JAN01-ALAR,2026-03-07T17:22:29.752091Z,354.00,0.0200,0.9800,no
693b6eb2-588f-7e05-232c-8ce1644f115f,KXNEXTIRANLEADER-45JAN01-ALAR,2026-03-07T17:02:35.406468Z,167.00,0.0200,0.9800,no
e9a778d1-f1a4-409c-5987-c63dd26d10fb,KXNEXTIRANLEADER-45JAN01-ALAR,2026-03-07T16:45:24.205286Z,10.00,0.0300,0.9700,yes
dd071e46-cd99-4216-78d2-9247660db092,KXNEXTIRANLEADER-45JAN01-ALAR,2026-03-07T16:45:24.205286Z,22.00,0.0300,0.9700,yes
9fc29889-34de-4663-44f3-d59a45c53490,KXNEXTIRANLEADER-45JAN01-ALAR,2026-03-07T16:45:24.205286Z,301.00,0.0300,0.9700,yes
dd8b91f1-b2e5-680a-1aca-a94ad2523c9e,KXNEXTIRANLEADER-45JAN01-ALAR,2026-03-07T16:11:08.11207Z,11.00,0.0300,0.9700,yes
594baf92-0d3d-5192-7d9d-e60487379e12,KXNEXTIRANLEADER-45JAN01-ALAR,2026-03-07T15:47:34.929979Z,167.00,0.0300,0.9700,yes
afe357fe-6c0d-7d17-ea2e-dc066c6460cf,KXNEXTIRANLEADER-45JAN01-ALAR,2026-03-07T13:38:16.73314Z,7.00,0.0400,0.9600,yes
8a72a210-12b7-5fc5-1848-1b75eaa3faf3,KXNEXTIRANLEADER-45JAN01-ALAR,2026-03-07T13:36:25.789207Z,390.00,0.0200,0.9800,no
f905eec0-442f-7429-8544-3b51e5e830ef,KXNEXTIRANLEADER-45JAN01-ALAR,2026-03-07T09:50:32.241382Z,171.00,0.0200,0.9800,no
d1f56f55-3d99-4d8b-c725-b9b1417acdd7,KXNEXTIRANLEADER-45JAN01-ALAR,2026-03-07T09:49:13.854739Z,12.00,0.0400,0.9600,yes
64063142-1a97-6b81-7be7-b934f5fcd697,KXNEXTIRANLEADER-45JAN01-ALAR,2026-03-07T07:34:03.813608Z,3.00,0.0200,0.9800,no
906f2ce6-e549-5d5b-cb89-a08a904dcdfb,KXNEXTIRANLEADER-45JAN01-ALAR,2026-03-07T06:50:58.839824Z,250.00,0.0400,0.9600,yes
d547fa32-411b-639d-8d6c-18c72390dff7,KXNEXTIRANLEADER-45JAN01-ALAR,2026-03-07T05:53:41.362493Z,476.00,0.0200,0.9800,no
94b638bb-2be5-7873-1b51-0109839c77ef,KXNEXTIRANLEADER-45JAN01-ALAR,2026-03-07T05:26:01.122922Z,2.00,0.0400,0.9600,yes
4083d8e6-e24f-7191-b819-7910ea5a7813,KXNEXTIRANLEADER-45JAN01-ALAR,2026-03-07T05:23:59.576472Z,1.00,0.0200,0.9800,no
89247881-479b-7705-57e2-713190205e3f,KXNEXTIRANLEADER-45JAN01-ALAR,2026-03-07T05:23:57.353329Z,2.00,0.0200,0.9800,no
3c6603d4-759f-4a99-7ca5-04b1f505dd43,KXNEXTIRANLEADER-45JAN01-ALAR,2026-03-07T05:23:52.023985Z,2.00,0.0200,0.9800,no
bd444194-83c7-43d1-d4ae-d337b77ffb83,KXNEXTIRANLEADER-45JAN01-ALAR,2026-03-07T05:23:46.690509Z,2.00,0.0200,0.9800,no
ca28b143-15ed-475f-bc55-210aceca777b,KXNEXTIRANLEADER-45JAN01-ALAR,2026-03-07T05:03:55.107554Z,200.00,0.0400,0.9600,yes
372ad2fe-1e3d-6fcb-0670-12e6b7e353e3,KXNEXTIRANLEADER-45JAN01-ALAR,2026-03-07T04:20:45.833959Z,25.00,0.0400,0.9600,yes
67f3f253-f429-4a5f-fbaf-b59b7c811e07,KXNEXTIRANLEADER-45JAN01-ALAR,2026-03-07T03:45:25.353915Z,25.00,0.0400,0.9600,yes
d5b0da19-12eb-625d-c2d8-c1f5ab10b21b,KXNEXTIRANLEADER-45JAN01-ALAR,2026-03-07T03:39:12.660996Z,148.00,0.0200,0.9800,no
e972eb84-4bff-7021-8d74-c5c822fc505b,KXNEXTIRANLEADER-45JAN01-ALAR,2026-03-07T02:45:48.552371Z,33.00,0.0200,0.9800,no
7e33961b-b9c3-4a55-45be-e924d517e2bf,KXNEXTIRANLEADER-45JAN01-ALAR,2026-03-07T02:37:05.921482Z,6.00,0.0200,0.9800,no
b36bd4e9-2dc3-73c1-edf3-d4ecab7ba94b,KXNEXTIRANLEADER-45JAN01-ALAR,2026-03-07T02:19:40.378282Z,1917.00,0.0200,0.9800,no
ce159aa3-96e7-65a9-07ba-f67225762087,KXNEXTIRANLEADER-45JAN01-ALAR,2026-03-07T00:59:49.625502Z,4.00,0.0200,0.9800,no
e0a87c24-2a4f-5151-7f82-97a2e2a4d157,KXNEXTIRANLEADER-45JAN01-ALAR,2026-03-07T00:57:11.400366Z,117.00,0.0200,0.9800,no
aa67189e-79e5-47ef-32ca-a0ae5e6d3697,KXNEXTIRANLEADER-45JAN01-ALAR,2026-03-07T00:43:07.07165Z,10.00,0.0400,0.9600,yes
c1d40239-0057-635c-29fc-cb93ca63af2d,KXNEXTIRANLEADER-45JAN01-ALAR,2026-03-07T00:01:00.097171Z,200.00,0.0300,0.9700,yes
ac7a15de-8e61-604e-1e62-e674b5ebb397,KXNEXTIRANLEADER-45JAN01-ALAR,2026-03-07T00:01:00.097171Z,100.00,0.0300,0.9700,yes
9f487e28-828e-6f0c-34f0-1d9bdeec5b8a,KXNEXTIRANLEADER-45JAN01-ALAR,2026-03-07T00:01:00.097171Z,386.00,0.0300,0.9700,yes
56a9b834-fc22-63cb-2a96-f29bdcfaf428,KXNEXTIRANLEADER-45JAN01-ALAR,2026-03-07T00:01:00.097171Z,313.00,0.0300,0.9700,yes
2d30063f-2de3-74c5-fb25-8e50858b9ea7,KXNEXTIRANLEADER-45JAN01-ALAR,2026-03-06T23:45:23.534764Z,100.00,0.0200,0.9800,no
010912e5-64fa-74f0-8bab-bc118883849e,KXNEXTIRANLEADER-45JAN01-ALAR,2026-03-06T23:08:40.459011Z,1.00,0.0300,0.9700,yes
173f3bc9-c702-5cc4-7e32-1d2f50ca9626,KXNEXTIRANLEADER-45JAN01-ALAR,2026-03-06T23:08:35.159821Z,1.00,0.0300,0.9700,yes
782e8851-3e32-5498-fcf4-0f6d3c4dba9e,KXNEXTIRANLEADER-45JAN01-ALAR,2026-03-06T23:08:29.58478Z,1.00,0.0300,0.9700,yes
12c535f8-f2d6-4cd0-03d5-4537438b3502,KXNEXTIRANLEADER-45JAN01-ALAR,2026-03-06T23:08:24.312349Z,1.00,0.0300,0.9700,yes
d42bfc14-5dd2-63d0-1f70-54fff94f32ee,KXNEXTIRANLEADER-45JAN01-ALAR,2026-03-06T23:08:19.030343Z,1.00,0.0300,0.9700,yes
e0a8cdfe-714e-61b0-26e8-1b753ae78816,KXNEXTIRANLEADER-45JAN01-ALAR,2026-03-06T22:59:07.259514Z,99.00,0.0300,0.9700,yes
4433b35a-2a1f-41b1-6126-0a7851df9a3b,KXNEXTIRANLEADER-45JAN01-ALAR,2026-03-06T20:54:21.274976Z,126.00,0.0200,0.9800,no
0a32ef05-1276-443a-77ad-42b25851b42c,KXNEXTIRANLEADER-45JAN01-ALAR,2026-03-06T20:54:21.274976Z,35.00,0.0200,0.9800,no
8f5dc84b-a1a6-6cb0-2d17-ae64c480b036,KXNEXTIRANLEADER-45JAN01-ALAR,2026-03-06T20:45:27.347537Z,16.00,0.0300,0.9700,yes
5ce56803-aaaa-6702-f6b0-56cdafb100c4,KXNEXTIRANLEADER-45JAN01-ALAR,2026-03-06T20:42:34.862012Z,1.00,0.0200,0.9800,no
843ffff3-44ea-602c-82ba-a4fc78677e4e,KXNEXTIRANLEADER-45JAN01-ALAR,2026-03-06T19:58:45.0606Z,239.00,0.0300,0.9700,yes
abf3c694-f8a6-69a4-eb8f-21386e11449a,KXNEXTIRANLEADER-45JAN01-ALAR,2026-03-06T19:52:47.355994Z,55.00,0.0300,0.9700,yes
c1964941-19eb-75d7-ee7a-2093fdd021b4,KXNEXTIRANLEADER-45JAN01-ALAR,2026-03-06T19:40:22.539589Z,12.00,0.0300,0.9700,yes
3d1d807c-6e8b-78c4-d2aa-bb3424674fe6,KXNEXTIRANLEADER-45JAN01-ALAR,2026-03-06T19:40:22.539589Z,154.00,0.0300,0.9700,yes
ecb6fbc8-e537-78b7-dc64-5efef7e7a634,KXNEXTIRANLEADER-45JAN01-ALAR,2026-03-06T19:29:19.087916Z,13.00,0.0300,0.9700,yes
ff76ca5d-05da-52a2-4d9c-60d7e6ebbe64,KXNEXTIRANLEADER-45JAN01-ALAR,2026-03-06T19:20:32.707817Z,100.00,0.0200,0.9800,no
f08fff10-eb4e-481c-2d22-fabf3d2ef5b7,KXNEXTIRANLEADER-45JAN01-ALAR,2026-03-06T18:51:04.223775Z,1420.00,0.0300,0.9700,no
e3e278f5-a6fc-4342-0e9b-657bfb1d4682,KXNEXTIRANLEADER-45JAN01-ALAR,2026-03-06T18:51:04.223775Z,300.00,0.0300,0.9700,no
ab58ec9c-2879-61a7-bc7a-7a7a70781733,KXNEXTIRANLEADER-45JAN01-ALAR,2026-03-06T18:37:40.732496Z,10.00,0.0400,0.9600,yes
322b97cf-a902-6770-65ad-e82610084dd7,KXNEXTIRANLEADER-45JAN01-ALAR,2026-03-06T18:33:17.26583Z,125.00,0.0300,0.9700,no
7c328174-9946-421c-02f9-3744095a20b5,KXNEXTIRANLEADER-45JAN01-ALAR,2026-03-06T18:30:59.824721Z,975.00,0.0400,0.9600,yes
0a8486b0-bb4d-4d4b-2a38-90a37438672b,KXNEXTIRANLEADER-45JAN01-ALAR,2026-03-06T18:30:59.824721Z,1525.00,0.0400,0.9600,yes
d090a433-6043-6658-473c-b5862ebd5ee3,KXNEXTIRANLEADER-45JAN01-ALAR,2026-03-06T16:56:28.606454Z,200.00,0.0400,0.9600,yes
a5702e18-8f9b-62c2-475a-2b13979ff62c,KXNEXTIRANLEADER-45JAN01-ALAR,2026-03-06T16:56:28.606454Z,25.00,0.0400,0.9600,yes
726e24f5-8f0e-6b7c-4623-7594bd8bb945,KXNEXTIRANLEADER-45JAN01-ALAR,2026-03-06T16:56:28.606454Z,1025.00,0.0400,0.9600,yes
951fb64b-7d36-4df0-5e65-a8cb97eba4df,KXNEXTIRANLEADER-45JAN01-ALAR,2026-03-06T16:17:33.341077Z,1000.00,0.0300,0.9700,no
99f9b1c3-276d-7594-3723-e70673898d97,KXNEXTIRANLEADER-45JAN01-ALAR,2026-03-06T15:45:16.585398Z,200.00,0.0400,0.9600,yes
8eed575e-d7d2-63f2-9edb-c7f6fa946a20,KXNEXTIRANLEADER-45JAN01-ALAR,2026-03-06T15:41:59.52382Z,2875.00,0.0400,0.9600,no
c863c749-3633-7eec-d59b-7c8482e87f66,KXNEXTIRANLEADER-45JAN01-ALAR,2026-03-06T15:37:07.432705Z,400.00,0.0500,0.9500,no
31421f6c-63eb-7181-ee68-2a50900e1df5,KXNEXTIRANLEADER-45JAN01-ALAR,2026-03-06T15:37:07.432705Z,416.00,0.0500,0.9500,no
0f615077-24fb-7645-7173-039469a8453d,KXNEXTIRANLEADER-45JAN01-ALAR,2026-03-06T15:32:58.284192Z,69.00,0.0500,0.9500,no
bd79128e-2b25-5214-94a4-6c3b5b31a42b,KXNEXTIRANLEADER-45JAN01-ALAR,2026-03-06T15:06:53.53369Z,500.00,0.0600,0.9400,yes
631cb6e8-209b-4775-1c8f-15d509ba4911,KXNEXTIRANLEADER-45JAN01-ALAR,2026-03-06T14:48:27.177946Z,15.00,0.0500,0.9500,no
685b54ac-25dd-62ac-3e20-9a3d13baa78b,KXNEXTIRANLEADER-45JAN01-ALAR,2026-03-06T14:43:46.579601Z,16.00,0.0600,0.9400,yes
ba34c784-9f3d-78f0-91d9-0e2093011c63,KXNEXTIRANLEADER-45JAN01-ALAR,2026-03-06T14:39:49.425992Z,513.00,0.0600,0.9400,yes
8827c738-6cbc-71ec-bd17-6b5a5a621265,KXNEXTIRANLEADER-45JAN01-ALAR,2026-03-06T14:39:49.425992Z,320.00,0.0600,0.9400,yes
addf9114-d93a-68f2-55b3-eaaf86545898,KXNEXTIRANLEADER-45JAN01-ALAR,2026-03-06T14:16:00.151774Z,125.00,0.0400,0.9600,no
ff8dbcb1-05fc-4058-7949-757e6af69749,KXNEXTIRANLEADER-45JAN01-ALAR,2026-03-06T12:56:52.630179Z,780.00,0.0600,0.9400,yes
106021db-5b79-4a0a-6639-897a92bdefed,KXNEXTIRANLEADER-45JAN01-ALAR,2026-03-06T12:56:52.630179Z,39.00,0.0500,0.9500,yes
0f93a232-614e-4588-7347-10bb7d714266,KXNEXTIRANLEADER-45JAN01-ALAR,2026-03-06T12:56:52.630179Z,25.00,0.0500,0.9500,yes
dadf32a2-9c26-6445-3c0d-861a0841ed1a,KXNEXTIRANLEADER-45JAN01-ALAR,2026-03-06T12:33:33.796228Z,7.00,0.0600,0.9400,yes
72f07886-37de-6103-1d02-3e649561a72d,KXNEXTIRANLEADER-45JAN01-ALAR,2026-03-06T12:33:33.796228Z,55.00,0.0600,0.9400,yes
4a774f76-5696-67df-016a-95b52ee91cc0,KXNEXTIRANLEADER-45JAN01-ALAR,2026-03-06T12:33:33.796228Z,161.00,0.0700,0.9300,yes
f67efba7-66a8-6d92-f046-ee81e0d940fd,KXNEXTIRANLEADER-45JAN01-ALAR,2026-03-06T12:21:48.096291Z,832.00,0.0500,0.9500,yes
e73c34c8-0162-6427-f982-d67d61b712f5,KXNEXTIRANLEADER-45JAN01-ALAR,2026-03-06T12:21:48.096291Z,800.00,0.0500,0.9500,yes
ba20bbef-77a2-6395-c746-ba6d3b823e8f,KXNEXTIRANLEADER-45JAN01-ALAR,2026-03-06T12:21:48.096291Z,112.00,0.0600,0.9400,yes
99fef082-7a8e-6c1f-d03a-a36075a38f68,KXNEXTIRANLEADER-45JAN01-ALAR,2026-03-06T12:21:48.096291Z,1595.00,0.0700,0.9300,yes
fd5261a8-4afe-6740-7441-83f647bf6617,KXNEXTIRANLEADER-45JAN01-ALAR,2026-03-06T11:57:32.915491Z,379.00,0.0300,0.9700,no
6a0ad558-850a-7fbc-9de7-c68a65e88db3,KXNEXTIRANLEADER-45JAN01-ALAR,2026-03-06T08:20:54.985623Z,3.00,0.0300,0.9700,no
4c60b356-2446-7084-ded5-56a5d4049923,KXNEXTIRANLEADER-45JAN01-ALAR,2026-03-06T08:16:33.7928Z,25.00,0.0300,0.9700,no
85396fe1-0b72-67dc-b0d4-28f13b8d86a7,KXNEXTIRANLEADER-45JAN01-ALAR,2026-03-06T08:10:22.145968Z,48.00,0.0300,0.9700,no
2f60d840-c8c6-6d07-5c35-7a6e283d68c5,KXNEXTIRANLEADER-45JAN01-ALAR,2026-03-06T07:58:25.212599Z,20.00,0.0500,0.9500,yes
5e6463ba-d76a-6e0f-4be5-5f2d4b9a1a35,KXNEXTIRANLEADER-45JAN01-ALAR,2026-03-06T07:21:55.684096Z,100.00,0.0500,0.9500,yes
b0561937-d7af-6081-7961-1a81b6a23fe0,KXNEXTIRANLEADER-45JAN01-ALAR,2026-03-06T07:12:47.700645Z,25.00,0.0400,0.9600,yes
8f70e161-b602-6153-6b2a-3234a0a63bc9,KXNEXTIRANLEADER-45JAN01-ALAR,2026-03-06T07:12:47.700645Z,20.00,0.0500,0.9500,yes
df46bdcc-5636-55eb-4a43-71010a25606d,KXNEXTIRANLEADER-45JAN01-ALAR,2026-03-06T06:49:20.347634Z,40.00,0.0500,0.9500,yes
71470da5-07d6-5f17-6703-354892279881,KXNEXTIRANLEADER-45JAN01-ALAR,2026-03-06T06:11:38.116565Z,20.00,0.0500,0.9500,yes
4eb9dbcb-c9e6-646a-b27e-e224cbd15b08,KXNEXTIRANLEADER-45JAN01-ALAR,2026-03-06T05:53:36.320852Z,3.00,0.0200,0.9800,no
e53440cf-4c92-487a-28fb-7ed43e0cee00,KXNEXTIRANLEADER-45JAN01-ALAR,2026-03-06T05:34:48.594698Z,4.00,0.0200,0.9800,no
b9516b90-ae86-7655-f2d6-de9425235267,KXNEXTIRANLEADER-45JAN01-ALAR,2026-03-06T04:53:22.573244Z,83.00,0.0600,0.9400,yes
da98c734-819a-5aad-a4ea-1b377c15f2ab,KXNEXTIRANLEADER-45JAN01-ALAR,2026-03-06T04:43:27.517478Z,4.00,0.0600,0.9400,yes
ce0905a7-7672-5302-abe4-085827ea2ea8,KXNEXTIRANLEADER-45JAN01-ALAR,2026-03-06T04:30:45.186189Z,1.00,0.0200,0.9800,no
f0c7ac50-b97e-7eb5-9d11-cf8546a0ab21,KXNEXTIRANLEADER-45JAN01-ALAR,2026-03-06T04:18:52.73511Z,500.00,0.0300,0.9700,yes
e929b9ee-09a8-7a59-9a54-9d2563695630,KXNEXTIRANLEADER-45JAN01-ALAR,2026-03-06T04:18:52.73511Z,5.00,0.0500,0.9500,yes
c3419a4d-6f5a-7a51-8648-2e00c2758fbb,KXNEXTIRANLEADER-45JAN01-ALAR,2026-03-06T04:18:52.73511Z,101.00,0.0600,0.9400,yes
b2c94242-9ae4-7983-b0d5-083d4c55cc94,KXNEXTIRANLEADER-45JAN01-ALAR,2026-03-06T04:18:52.73511Z,37.00,0.0500,0.9500,yes
8cab7539-4f69-7b94-9a18-bde30d78017d,KXNEXTIRANLEADER-45JAN01-ALAR,2026-03-06T04:18:52.73511Z,25.00,0.0300,0.9700,yes
1483f3c7-ee98-766d-a16d-f1324863b7e2,KXNEXTIRANLEADER-45JAN01-ALAR,2026-03-06T04:18:52.73511Z,1.00,0.0400,0.9600,yes
9ae47d94-4a4a-775a-93e7-46e7da5e9828,KXNEXTIRANLEADER-45JAN01-ALAR,2026-03-06T02:30:06.932591Z,15.00,0.0200,0.9800,no
7b53d88f-bab6-7831-59d2-7325e3d80f88,KXNEXTIRANLEADER-45JAN01-ALAR,2026-03-06T02:01:49.628425Z,18.00,0.0300,0.9700,no
2ccc954a-6c8d-74a6-7e59-fe357f39350b,KXNEXTIRANLEADER-45JAN01-ALAR,2026-03-06T02:01:49.628425Z,10.00,0.0300,0.9700,no
b9128c79-0540-5304-d144-95e4eea6b600,KXNEXTIRANLEADER-45JAN01-ALAR,2026-03-06T01:59:08.582515Z,126.00,0.0300,0.9700,yes
a5e98834-4fa6-5cbb-f307-5238cad5fa46,KXNEXTIRANLEADER-45JAN01-ALAR,2026-03-06T01:59:08.582515Z,250.00,0.0300,0.9700,yes
84734ea1-7a17-576c-c0c2-41d27560b91a,KXNEXTIRANLEADER-45JAN01-ALAR,2026-03-06T01:59:08.582515Z,294.00,0.0300,0.9700,yes
83476b21-24ec-507e-cc0d-3491d09326b0,KXNEXTIRANLEADER-45JAN01-ALAR,2026-03-06T01:59:08.582515Z,250.00,0.0300,0.9700,yes
52d5a430-a76a-57e8-da5e-490fd4ef9920,KXNEXTIRANLEADER-45JAN01-ALAR,2026-03-06T01:59:08.582515Z,200.00,0.0700,0.9300,yes
50ac861b-118b-5803-c0ac-b95836ca6379,KXNEXTIRANLEADER-45JAN01-ALAR,2026-03-06T01:59:08.582515Z,984.00,0.0600,0.9400,yes
33c404a5-085b-5002-dca5-c6782e69a18b,KXNEXTIRANLEADER-45JAN01-ALAR,2026-03-06T01:59:08.582515Z,500.00,0.0300,0.9700,yes
21b2541c-2d22-544f-d7dd-f6e2baa447c8,KXNEXTIRANLEADER-45JAN01-ALAR,2026-03-06T01:59:08.582515Z,31.00,0.0700,0.9300,yes
158b2290-3401-5ecf-c064-e436282f057d,KXNEXTIRANLEADER-45JAN01-ALAR,2026-03-06T01:59:08.582515Z,500.00,0.0500,0.9500,yes
082c8d3f-510b-5ece-d6bd-cdbeaf630b5e,KXNEXTIRANLEADER-45JAN01-ALAR,2026-03-06T01:59:08.582515Z,43.00,0.0500,0.9500,yes
bab1b8ce-b9eb-494c-a64f-82d2d2b354de,KXNEXTIRANLEADER-45JAN01-ALAR,2026-03-06T01:55:58.60377Z,6.00,0.0300,0.9700,yes
d2642851-1dc2-4e47-e2fc-c79c52c480e2,KXNEXTIRANLEADER-45JAN01-ALAR,2026-03-06T00:24:45.144474Z,30.00,0.0300,0.9700,no
34518813-7d1a-4ea2-caf1-df4f2720654b,KXNEXTIRANLEADER-45JAN01-ALAR,2026-03-06T00:24:45.144474Z,10.00,0.0300,0.9700,no
bb5e30aa-3735-53d9-7800-e14f8bb3c03a,KXNEXTIRANLEADER-45JAN01-ALAR,2026-03-06T00:24:03.116054Z,25.00,0.0400,0.9600,yes
5f8eaa93-d0c4-585a-7d9d-ee3f521a41f4,KXNEXTIRANLEADER-45JAN01-ALAR,2026-03-06T00:24:03.116054Z,100.00,0.0400,0.9600,yes
abad0f95-62d0-7138-0fd1-7e419b456945,KXNEXTIRANLEADER-45JAN01-ALAR,2026-03-06T00:15:47.445331Z,10.00,0.0400,0.9600,yes
65a848bb-0e6e-7831-2816-a824715657f1,KXNEXTIRANLEADER-45JAN01-ALAR,2026-03-06T00:15:47.445331Z,12.00,0.0500,0.9500,yes
f8d58eaf-cb52-52e2-f3d0-fcdbf08a8187,KXNEXTIRANLEADER-45JAN01-ALAR,2026-03-06T00:15:24.551909Z,40.00,0.0300,0.9700,yes
e5449511-4a3c-582b-dc8e-c906392dbcde,KXNEXTIRANLEADER-45JAN01-ALAR,2026-03-06T00:15:24.551909Z,47.00,0.0400,0.9600,yes
c3fce214-ac2a-5bb4-ea47-4091f3002340,KXNEXTIRANLEADER-45JAN01-ALAR,2026-03-06T00:15:24.551909Z,250.00,0.0300,0.9700,yes
98acb816-e049-5286-e5f7-f56d5ebe521d,KXNEXTIRANLEADER-45JAN01-ALAR,2026-03-06T00:15:24.551909Z,30.00,0.0300,0.9700,yes
932d705b-58ad-5956-e5b8-e00ad34d3069,KXNEXTIRANLEADER-45JAN01-ALAR,2026-03-06T00:15:24.551909Z,254.00,0.0500,0.9500,yes
35d811b6-9f6c-55e7-c556-34f8dff854e6,KXNEXTIRANLEADER-45JAN01-ALAR,2026-03-06T00:15:24.551909Z,26.00,0.0300,0.9700,yes
d2f3098b-9374-5423-a1bd-5570011642da,KXNEXTIRANLEADER-45JAN01-ALAR,2026-03-06T00:13:25.096539Z,833.00,0.0300,0.9700,yes
547728be-9de6-64ca-eb64-1246587001d8,KXNEXTIRANLEADER-45JAN01-ALAR,2026-03-05T23:42:22.921963Z,7.00,0.0200,0.9800,no
c9a9d6ec-390e-68d6-b693-b8875b65af70,KXNEXTIRANLEADER-45JAN01-ALAR,2026-03-05T23:40:27.252729Z,325.00,0.0200,0.9800,no
d026b0d3-be5c-43e8-36ba-7c6f2abaec42,KXNEXTIRANLEADER-45JAN01-ALAR,2026-03-05T23:27:55.855924Z,25.00,0.0300,0.9700,yes
bf295f8c-b7b0-4497-0471-65ee1b8ec9b6,KXNEXTIRANLEADER-45JAN01-ALAR,2026-03-05T23:27:55.855924Z,41.00,0.0300,0.9700,yes
51217d0a-6c16-6e22-dd28-b4382250a948,KXNEXTIRANLEADER-45JAN01-ALAR,2026-03-05T23:05:58.870859Z,8.00,0.0200,0.9800,no
3d6456c3-7bbe-7d6a-c194-537d596b763c,KXNEXTIRANLEADER-45JAN01-ALAR,2026-03-05T22:43:19.344298Z,20.00,0.0200,0.9800,no
73bad992-ef96-518a-0a62-eb54b680e6c0,KXNEXTIRANLEADER-45JAN01-ALAR,2026-03-05T22:06:55.488077Z,3.00,0.0200,0.9800,no
a2cd3727-ec0e-79da-9234-a604f0598738,KXNEXTIRANLEADER-45JAN01-ALAR,2026-03-05T20:40:13.772752Z,25.00,0.0200,0.9800,no
fc4735f9-59de-788e-b829-fc1fd90f39d4,KXNEXTIRANLEADER-45JAN01-ALAR,2026-03-05T19:53:14.610983Z,2.00,0.0200,0.9800,no
f67cab4d-5b71-77fa-65ec-fb71e4011850,KXNEXTIRANLEADER-45JAN01-ALAR,2026-03-05T19:42:44.559675Z,19.00,0.0300,0.9700,yes
db8c718b-62e4-75de-6c1d-0c437cd7942b,KXNEXTIRANLEADER-45JAN01-ALAR,2026-03-05T19:42:44.559675Z,25.00,0.0300,0.9700,yes
71e54441-87f1-7cbf-6733-f15d11680615,KXNEXTIRANLEADER-45JAN01-ALAR,2026-03-05T19:42:44.559675Z,250.00,0.0300,0.9700,yes
571756b8-4d89-74c2-6107-83df213241b5,KXNEXTIRANLEADER-45JAN01-ALAR,2026-03-05T19:42:44.559675Z,25.00,0.0300,0.9700,yes
2f8e9f46-65bb-7857-5240-ba4b320b2b93,KXNEXTIRANLEADER-45JAN01-ALAR,2026-03-05T19:42:44.559675Z,14.00,0.0300,0.9700,yes
2819e05a-3d38-7277-5559-9e6a2d5176d4,KXNEXTIRANLEADER-45JAN01-ALAR,2026-03-05T19:42:44.559675Z,250.00,0.0300,0.9700,yes
268ea4cf-f329-7500-5358-e5de8fd8c546,KXNEXTIRANLEADER-45JAN01-ALAR,2026-03-05T19:42:44.559675Z,250.00,0.0300,0.9700,yes
b9000860-d286-4d2e-d268-fe0aaea42624,KXNEXTIRANLEADER-45JAN01-ALAR,2026-03-05T19:40:26.169458Z,3.00,0.0200,0.9800,no
974de4cf-eeae-5eb6-bd45-8f02723c8b98,KXNEXTIRANLEADER-45JAN01-ALAR,2026-03-05T19:39:03.659645Z,2.00,0.0200,0.9800,no
5334d652-4536-4e7a-bb34-2a4d5d73b260,KXNEXTIRANLEADER-45JAN01-ALAR,2026-03-05T19:38:15.925079Z,4.00,0.0200,0.9800,no
24ffd63f-080a-55b2-2b98-a753ff8c7d34,KXNEXTIRANLEADER-45JAN01-ALAR,2026-03-05T19:25:07.418458Z,212.00,0.0200,0.9800,no
4906cade-2db3-6f73-3681-99708b79040f,KXNEXTIRANLEADER-45JAN01-ALAR,2026-03-05T19:23:34.459232Z,100.00,0.0300,0.9700,yes
54689a6c-b9e6-685b-517f-b27104df5ef6,KXNEXTIRANLEADER-45JAN01-ALAR,2026-03-05T19:22:22.663403Z,30.00,0.0300,0.9700,yes
0b45e446-471b-6593-7fbd-56f3eee94397,KXNEXTIRANLEADER-45JAN01-ALAR,2026-03-05T19:22:22.663403Z,136.00,0.0300,0.9700,yes
93cacc09-b34a-401a-e359-05ed95db15dc,KXNEXTIRANLEADER-45JAN01-ALAR,2026-03-05T18:48:33.662312Z,200.00,0.0200,0.9800,no
f87d1a02-2d4b-5213-969b-b8ad2f57f329,KXNEXTIRANLEADER-45JAN01-ALAR,2026-03-05T18:19:55.433015Z,16.00,0.0600,0.9400,yes
f63ac351-18ee-5dce-8a11-0c06cfe9c3ea,KXNEXTIRANLEADER-45JAN01-ALAR,2026-03-05T18:19:55.433015Z,25.00,0.0300,0.9700,yes
ed228ac3-f10e-51ed-a053-6b13843ff016,KXNEXTIRANLEADER-45JAN01-ALAR,2026-03-05T18:19:55.433015Z,53.00,0.0400,0.9600,yes
e9b9bb5d-7a6f-5f67-bd22-ebbe1afa73c9,KXNEXTIRANLEADER-45JAN01-ALAR,2026-03-05T18:19:55.433015Z,500.00,0.0300,0.9700,yes
cfbfbfb2-58c1-5e73-b2d1-d4c091e0da87,KXNEXTIRANLEADER-45JAN01-ALAR,2026-03-05T18:19:55.433015Z,11.00,0.0400,0.9600,yes
8f2da696-29ed-5926-9a4e-a0dfb8779e18,KXNEXTIRANLEADER-45JAN01-ALAR,2026-03-05T18:19:55.433015Z,765.00,0.0300,0.9700,yes
a0b70623-36a6-40bc-b5b5-2c32ad92a46b,KXNEXTIRANLEADER-45JAN01-ALAR,2026-03-05T18:13:33.900326Z,298.00,0.0300,0.9700,yes
4069787d-837d-42b2-9046-060978ba2ee8,KXNEXTIRANLEADER-45JAN01-ALAR,2026-03-05T18:13:33.900326Z,35.00,0.0300,0.9700,yes
e1eaef9e-2f02-72d0-03d0-8933f6766d4f,KXNEXTIRANLEADER-45JAN01-ALAR,2026-03-05T17:44:59.533665Z,96.00,0.0300,0.9700,yes
176d2e19-55f0-77d9-1d9e-a9c20c870713,KXNEXTIRANLEADER-45JAN01-ALAR,2026-03-05T17:44:59.533665Z,404.00,0.0300,0.9700,yes
8595da8e-292b-6a78-0d43-874d85ba5bc0,KXNEXTIRANLEADER-45JAN01-ALAR,2026-03-05T17:25:41.398662Z,30.00,0.0200,0.9800,yes
a20987b4-28e6-7b91-bfa2-3423cae56b09,KXNEXTIRANLEADER-45JAN01-ALAR,2026-03-05T17:25:11.922889Z,67.00,0.0100,0.9900,no
99b10b91-515f-7692-a225-47d07b523cce,KXNEXTIRANLEADER-45JAN01-ALAR,2026-03-05T17:25:11.922889Z,708.00,0.0100,0.9900,no
65575228-0447-777e-2bf7-889fd05af626,KXNEXTIRANLEADER-45JAN01-ALAR,2026-03-05T17:19:16.882142Z,1111.00,0.0100,0.9900,no
b4f3339d-b1a7-5c36-5f0a-f2dfc6d8e36a,KXNEXTIRANLEADER-45JAN01-ALAR,2026-03-05T17:16:56.563287Z,31.00,0.0100,0.9900,no
de9aeec8-a23f-68ca-8c26-fbf1284190c6,KXNEXTIRANLEADER-45JAN01-ALAR,2026-03-05T17:13:27.307742Z,100.00,0.0100,0.9900,no
c566ded8-a8e7-5ac2-b3cd-6ecba58a5fee,KXNEXTIRANLEADER-45JAN01-ALAR,2026-03-05T17:03:18.685436Z,400.00,0.0100,0.9900,no
9eecde74-4dd7-5f6e-40ea-17fa170434f2,KXNEXTIRANLEADER-45JAN01-ALAR,2026-03-05T16:53:50.962499Z,682.00,0.0100,0.9900,no
bb2016d7-6fe8-5da0-6dde-b2597336fe1d,KXNEXTIRANLEADER-45JAN01-ALAR,2026-03-05T16:52:37.017407Z,288.00,0.0200,0.9800,no
1f766ac2-0a1e-57b9-6ae7-4e2218b95526,KXNEXTIRANLEADER-45JAN01-ALAR,2026-03-05T16:52:37.017407Z,30.00,0.0200,0.9800,no
e64caa40-1aff-6b92-e0ae-3b943d9d58aa,KXNEXTIRANLEADER-45JAN01-ALAR,2026-03-05T16:42:19.790391Z,464.00,0.0100,0.9900,no
f0eeb23a-aff0-65d8-df4c-666ae28e8fdc,KXNEXTIRANLEADER-45JAN01-ALAR,2026-03-05T16:42:07.294818Z,38.00,0.0200,0.9800,no
eac8a34d-3aa0-6ce1-c99a-bdb2cc0574bc,KXNEXTIRANLEADER-45JAN01-ALAR,2026-03-05T16:42:07.294818Z,37.00,0.0200,0.9800,no
ccd53cbb-8859-6886-e779-047e1600e9a8,KXNEXTIRANLEADER-45JAN01-ALAR,2026-03-05T16:42:07.294818Z,61.00,0.0200,0.9800,no
d658fe3c-b601-5297-eee1-2b5c6ec00a1b,KXNEXTIRANLEADER-45JAN01-ALAR,2026-03-05T16:37:14.83994Z,2000.00,0.0200,0.9800,no
d1fa99ff-f58d-5f51-ec66-f0655374109c,KXNEXTIRANLEADER-45JAN01-ALAR,2026-03-05T16:37:14.83994Z,356.00,0.0300,0.9700,no
97454e41-a163-5dad-c85e-a437110c22f1,KXNEXTIRANLEADER-45JAN01-ALAR,2026-03-05T16:37:14.83994Z,2982.00,0.0200,0.9800,no
1536fe52-4b7d-5f2d-ee7f-f17ea26bb387,KXNEXTIRANLEADER-45JAN01-ALAR,2026-03-05T16:37:14.83994Z,47.00,0.0200,0.9800,no
12a00be3-ea19-5239-4068-dd16db7c6eb0,KXNEXTIRANLEADER-45JAN01-ALAR,2026-03-05T16:30:52.350927Z,500.00,0.0300,0.9700,no
ad08e889-df3e-6586-d58f-a0d182ad8c7c,KXNEXTIRANLEADER-45JAN01-ALAR,2026-03-05T16:14:50.600999Z,323.00,0.0400,0.9600,no
52e398a4-168b-6c55-cad6-bb4f2e61af93,KXNEXTIRANLEADER-45JAN01-ALAR,2026-03-05T16:14:50.600999Z,200.00,0.0400,0.9600,no
0e2b7dfd-881c-6ce2-dcca-c3d16901efee,KXNEXTIRANLEADER-45JAN01-ALAR,2026-03-05T16:14:50.600999Z,90.00,0.0400,0.9600,no
0b7ba441-ce2e-79ce-bebb-c519e396e4d8,KXNEXTIRANLEADER-45JAN01-ALAR,2026-03-05T15:55:50.986141Z,100.00,0.0400,0.9600,no
f9d86f2d-13ca-5bba-f1fa-0025cca52014,KXNEXTIRANLEADER-45JAN01-ALAR,2026-03-05T15:47:08.790715Z,47.00,0.0400,0.9600,no
93334364-7ac6-4eca-9af8-d7d029f8da34,KXNEXTIRANLEADER-45JAN01-ALAR,2026-03-05T15:44:36.242202Z,20.00,0.0400,0.9600,no
c6611fdb-e91e-55e2-28a3-90f459f02a20,KXNEXTIRANLEADER-45JAN01-ALAR,2026-03-05T15:37:56.314952Z,5.00,0.0400,0.9600,no
630ea1f5-0c52-78be-f406-25725f185ff0,KXNEXTIRANLEADER-45JAN01-ALAR,2026-03-05T15:36:22.223091Z,5.00,0.0400,0.9600,no
211b41f3-a3c9-4eb9-bcd7-587736a18770,KXNEXTIRANLEADER-45JAN01-ALAR,2026-03-05T15:08:11.081971Z,100.00,0.0300,0.9700,no
bb2c609d-eaf5-5b31-654d-4aae48f81cd4,KXNEXTIRANLEADER-45JAN01-ALAR,2026-03-05T14:59:47.211671Z,31.00,0.0300,0.9700,no
d9293bba-5a36-6590-c9b9-2260bbe79d7f,KXNEXTIRANLEADER-45JAN01-ALAR,2026-03-05T14:55:42.9622Z,100.00,0.0600,0.9400,yes
354bbc68-c48a-6cfb-d686-07fb4d567752,KXNEXTIRANLEADER-45JAN01-ALAR,2026-03-05T14:55:42.9622Z,5.00,0.0600,0.9400,yes
f2ac4e9e-4dcf-46bf-5b78-af1a45d17025,KXNEXTIRANLEADER-45JAN01-ALAR,2026-03-05T14:13:01.486339Z,20.00,0.0400,0.9600,yes
a7a7c3d6-d07a-4d42-7b00-52757660f8f8,KXNEXTIRANLEADER-45JAN01-ALAR,2026-03-05T14:13:01.486339Z,100.00,0.0500,0.9500,yes
71484761-74a4-4066-6345-144669051a38,KXNEXTIRANLEADER-45JAN01-ALAR,2026-03-05T14:13:01.486339Z,45.00,0.0600,0.9400,yes
6a6af091-e46b-4008-4270-3bc494bbdacb,KXNEXTIRANLEADER-45JAN01-ALAR,2026-03-05T14:13:01.486339Z,4.00,0.0600,0.9400,yes
68e3b9fd-6376-4e8b-6324-8407c7a609c5,KXNEXTIRANLEADER-45JAN01-ALAR,2026-03-05T14:13:01.486339Z,30.00,0.0400,0.9600,yes
e2eeafb4-1389-47c5-96cc-01902a2344d0,KXNEXTIRANLEADER-45JAN01-ALAR,2026-03-05T14:04:17.768331Z,500.00,0.0300,0.9700,no
ceadd231-b0e5-445d-708f-7d72809a8c60,KXNEXTIRANLEADER-45JAN01-ALAR,2026-03-05T13:35:23.170898Z,7.00,0.0300,0.9700,no
80bb40ba-ded9-479d-65ca-03c69e391520,KXNEXTIRANLEADER-45JAN01-ALAR,2026-03-05T13:35:23.170898Z,179.00,0.0300,0.9700,no
ae0534a3-8a6d-6b46-1384-706bbc8fdbe6,KXNEXTIRANLEADER-45JAN01-ALAR,2026-03-05T12:38:44.609629Z,5.00,0.0500,0.9500,yes
78e2141d-83db-708a-2dd2-b1cc8cab5485,KXNEXTIRANLEADER-45JAN01-ALAR,2026-03-05T12:09:42.23871Z,28.00,0.0300,0.9700,yes
ce21b50e-2a87-4945-5f12-a9672af33761,KXNEXTIRANLEADER-45JAN01-ALAR,2026-03-05T12:04:47.816643Z,18.00,0.0200,0.9800,no
63bb7139-4893-493e-7542-292671f6993a,KXNEXTIRANLEADER-45JAN01-ALAR,2026-03-05T12:04:47.816643Z,54.00,0.0300,0.9700,no
3dc92ae3-e958-47db-6c2b-690ae1a8a478,KXNEXTIRANLEADER-45JAN01-ALAR,2026-03-05T12:04:47.816643Z,21.00,0.0200,0.9800,no
4863f021-bf77-7fa2-668f-120a9f8df55a,KXNEXTIRANLEADER-45JAN01-ALAR,2026-03-05T10:00:07.326979Z,6.00,0.0300,0.9700,no
c99cf02b-6637-689a-fe68-87833accbc66,KXNEXTIRANLEADER-45JAN01-ALAR,2026-03-05T10:00:02.147716Z,8.00,0.0300,0.9700,no
04c5c9d2-0b03-61a6-3e66-47b0b2242fda,KXNEXTIRANLEADER-45JAN01-ALAR,2026-03-05T10:00:00.923821Z,2.00,0.0300,0.9700,no
5e453d20-9159-5cb1-6dfd-13975a2ef51e,KXNEXTIRANLEADER-45JAN01-ALAR,2026-03-05T07:58:55.600789Z,2.00,0.0400,0.9600,yes
a6b93994-7a2b-4b79-a3e8-a303fe9775cc,KXNEXTIRANLEADER-45JAN01-ALAR,2026-03-05T06:53:56.975753Z,353.00,0.0300,0.9700,yes
9dee8548-0df5-4536-a7d6-b01901bfd003,KXNEXTIRANLEADER-45JAN01-ALAR,2026-03-05T06:53:56.975753Z,25.00,0.0300,0.9700,yes
7807d879-90a2-42a4-99ec-892b849e1559,KXNEXTIRANLEADER-45JAN01-ALAR,2026-03-05T06:53:56.975753Z,88.00,0.0300,0.9700,yes
5245c534-1dcf-4951-bebb-ed79572824d8,KXNEXTIRANLEADER-45JAN01-ALAR,2026-03-05T06:53:56.975753Z,470.00,0.0300,0.9700,yes
0e9f000a-4ab2-434b-bcae-0e9909f2068d,KXNEXTIRANLEADER-45JAN01-ALAR,2026-03-05T06:53:56.975753Z,64.00,0.0300,0.9700,yes
e2d1427b-f2ff-6bfd-b8e3-8d20a440bd70,KXNEXTIRANLEADER-45JAN01-ALAR,2026-03-05T06:00:28.873933Z,3.00,0.0300,0.9700,yes
f5f88385-e193-4169-f917-98ded62a1184,KXNEXTIRANLEADER-45JAN01-ALAR,2026-03-05T05:50:29.268373Z,333.00,0.0300,0.9700,yes
b4695b31-6213-4035-802d-130353843d68,KXNEXTIRANLEADER-45JAN01-ALAR,2026-03-05T05:41:28.559633Z,166.00,0.0300,0.9700,yes
1bb88f81-5ee6-7c88-0b13-e6b3b381085a,KXNEXTIRANLEADER-45JAN01-ALAR,2026-03-05T05:18:51.789368Z,31.00,0.0300,0.9700,no
623012bd-2b68-7fc0-d5fe-d11a0799bb4c,KXNEXTIRANLEADER-45JAN01-ALAR,2026-03-05T05:18:06.368044Z,75.00,0.0400,0.9600,yes
f037ff92-41fc-751c-e897-dec185074a38,KXNEXTIRANLEADER-45JAN01-ALAR,2026-03-05T05:14:11.621081Z,250.00,0.0400,0.9600,yes
9cd74017-f35a-4d78-79c3-82dd0471458a,KXNEXTIRANLEADER-45JAN01-ALAR,2026-03-05T05:12:27.506771Z,6.00,0.0300,0.9700,no
94436552-262c-6e40-31ee-ba460c7d0997,KXNEXTIRANLEADER-45JAN01-ALAR,2026-03-05T04:53:04.622579Z,197.00,0.0400,0.9600,no
5191be3a-279c-66f2-268f-e63c91b8d951,KXNEXTIRANLEADER-45JAN01-ALAR,2026-03-05T04:53:04.622579Z,2000.00,0.0300,0.9700,no
3a24750f-18e6-67c4-27e6-90a952452016,KXNEXTIRANLEADER-45JAN01-ALAR,2026-03-05T04:53:04.622579Z,164.00,0.0300,0.9700,no
141a04b3-dcc9-66fa-1d96-e1b70061b91e,KXNEXTIRANLEADER-45JAN01-ALAR,2026-03-05T04:53:04.622579Z,218.00,0.0300,0.9700,no
eea9471f-86dd-792a-dca8-19ffde2cb006,KXNEXTIRANLEADER-45JAN01-ALAR,2026-03-05T04:43:44.617577Z,50.00,0.0300,0.9700,no
c54c0cc9-203d-5b12-02dc-2c73ee1ca47a,KXNEXTIRANLEADER-45JAN01-ALAR,2026-03-05T04:32:18.421559Z,10.00,0.0300,0.9700,no
6b7df16d-a88b-7f4d-6344-3e40d389a2d9,KXNEXTIRANLEADER-45JAN01-ALAR,2026-03-05T04:31:21.677245Z,12.00,0.0400,0.9600,no
5f72f62d-73d2-77fb-788f-73596f5901de,KXNEXTIRANLEADER-45JAN01-ALAR,2026-03-05T04:31:21.677245Z,2.00,0.0400,0.9600,no
6223e90b-14e2-7233-462b-cf3be0ed51aa,KXNEXTIRANLEADER-45JAN01-ALAR,2026-03-05T04:31:20.45239Z,6.00,0.0400,0.9600,no
fc574412-8326-6823-f0bf-a6f8a5a09b5e,KXNEXTIRANLEADER-45JAN01-ALAR,2026-03-05T04:31:11.566822Z,10.00,0.0400,0.9600,no
d746a180-c106-4ebf-7fe5-1d1a9e3d23ce,KXNEXTIRANLEADER-45JAN01-ALAR,2026-03-05T04:30:48.881052Z,14.00,0.0400,0.9600,no
430f66e1-6e8a-7083-a712-f84f2574118a,KXNEXTIRANLEADER-45JAN01-ALAR,2026-03-05T04:30:41.151744Z,5.00,0.0400,0.9600,no
3437bcc6-0c52-49a7-bdce-8ed77803a3d2,KXNEXTIRANLEADER-45JAN01-ALAR,2026-03-05T04:30:27.092813Z,195.00,0.0400,0.9600,no
f2d1fb7f-9792-7287-8b74-c604cf1be75a,KXNEXTIRANLEADER-45JAN01-ALAR,2026-03-05T04:30:16.90068Z,10.00,0.0400,0.9600,no
80dfaab8-d0a2-417b-73cf-45fdbf2ef3d2,KXNEXTIRANLEADER-45JAN01-ALAR,2026-03-05T04:30:00.975135Z,717.00,0.0400,0.9600,no
e7854632-10ea-5aeb-e2a2-58e1e6f2a346,KXNEXTIRANLEADER-45JAN01-ALAR,2026-03-05T04:29:44.325731Z,41.00,0.0400,0.9600,no
d7afde3d-1baf-5329-f79e-171c4f7b117d,KXNEXTIRANLEADER-45JAN01-ALAR,2026-03-05T04:29:44.325731Z,50.00,0.0400,0.9600,no
9d4dc045-d8ea-5914-c896-45b153a1fc17,KXNEXTIRANLEADER-45JAN01-ALAR,2026-03-05T04:29:44.325731Z,13.00,0.0400,0.9600,no
33a0cc18-240b-6ff9-7638-3b6a6eba79a9,KXNEXTIRANLEADER-45JAN01-ALAR,2026-03-05T04:27:51.009255Z,10.00,0.0400,0.9600,no
45f54e33-267f-7575-19c6-ad754b76003d,KXNEXTIRANLEADER-45JAN01-ALAR,2026-03-05T04:26:44.384558Z,10.00,0.0400,0.9600,no
9911f8cc-9f4f-642d-6989-6ba45b3fbbad,KXNEXTIRANLEADER-45JAN01-ALAR,2026-03-05T04:25:37.776555Z,10.00,0.0400,0.9600,no
acd8096c-392f-6cf5-532b-fe857f6e22e9,KXNEXTIRANLEADER-45JAN01-ALAR,2026-03-05T04:25:13.862424Z,20.00,0.0400,0.9600,no
dc959a59-3739-6ffa-39e2-13992ae8c6fe,KXNEXTIRANLEADER-45JAN01-ALAR,2026-03-05T04:16:16.412117Z,4.00,0.0300,0.9700,no
c0fa1a45-2566-6df1-e9e3-51840ec726d2,KXNEXTIRANLEADER-45JAN01-ALAR,2026-03-05T04:03:55.410136Z,320.00,0.0400,0.9600,yes
7a569a95-eee0-614b-ea62-31732859b53c,KXNEXTIRANLEADER-45JAN01-ALAR,2026-03-05T04:03:55.410136Z,100.00,0.0400,0.9600,yes
df7e78c7-6841-4cc2-ea0a-f0f77c225e2e,KXNEXTIRANLEADER-45JAN01-ALAR,2026-03-05T03:57:26.794979Z,1341.00,0.0300,0.9700,no
bb17d45e-fcf9-530e-22d5-164f32b17ec2,KXNEXTIRANLEADER-45JAN01-ALAR,2026-03-05T03:40:35.350234Z,24.00,0.0300,0.9700,no
11d927e0-c701-4f8e-2c08-c8bf4cec8ece,KXNEXTIRANLEADER-45JAN01-ALAR,2026-03-05T03:39:19.578622Z,40.00,0.0300,0.9700,no
56ba1a94-48f1-5d06-14ca-743caa523cb2,KXNEXTIRANLEADER-45JAN01-ALAR,2026-03-05T03:39:13.800147Z,10.00,0.0300,0.9700,no
980f1342-cd35-568a-4673-7ab1fcad2d3e,KXNEXTIRANLEADER-45JAN01-ALAR,2026-03-05T03:39:08.47398Z,40.00,0.0300,0.9700,no
ecf64d2b-beb9-5d46-332b-9979135786fe,KXNEXTIRANLEADER-45JAN01-ALAR,2026-03-05T03:39:04.90614Z,20.00,0.0300,0.9700,no
470cff91-1da9-7d1e-d2e9-f865bc8cf552,KXNEXTIRANLEADER-45JAN01-ALAR,2026-03-05T03:38:47.949337Z,21.00,0.0300,0.9700,no
0358176b-2e6d-7eda-e7b9-b5e8b84d67fe,KXNEXTIRANLEADER-45JAN01-ALAR,2026-03-05T03:38:17.86461Z,60.00,0.0300,0.9700,no
fddc8d79-1bb9-7886-aae4-a0a0b4b2127a,KXNEXTIRANLEADER-45JAN01-ALAR,2026-03-05T03:37:42.84038Z,10.00,0.0300,0.9700,no
64261391-bb3d-5d3e-afd6-56ffe2f2d3ba,KXNEXTIRANLEADER-45JAN01-ALAR,2026-03-05T03:37:11.460892Z,10.00,0.0300,0.9700,no
9bc5d6e5-7e45-7f2a-0a19-276e5c23c42a,KXNEXTIRANLEADER-45JAN01-ALAR,2026-03-05T03:37:03.75458Z,9.00,0.0300,0.9700,no
fa6d0b75-9a9d-669e-144a-e468c5fc477a,KXNEXTIRANLEADER-45JAN01-ALAR,2026-03-05T03:36:04.157735Z,36.00,0.0300,0.9700,no
9116d23f-a781-48ce-79e5-ec1914d106fe,KXNEXTIRANLEADER-45JAN01-ALAR,2026-03-05T03:35:59.763912Z,60.00,0.0300,0.9700,no
5fe0145b-1a45-6546-510f-eb405457b9e6,KXNEXTIRANLEADER-45JAN01-ALAR,2026-03-05T03:34:20.267599Z,10.00,0.0300,0.9700,no
b20021be-f49d-415e-78ee-be5c5dd4d132,KXNEXTIRANLEADER-45JAN01-ALAR,2026-03-05T03:34:08.072647Z,10.00,0.0300,0.9700,no
c7698ab0-4ff1-69b6-abf3-03004bf2927e,KXNEXTIRANLEADER-45JAN01-ALAR,2026-03-05T03:33:39.894649Z,10.00,0.0300,0.9700,no
d1e72998-7d8d-42e2-31f2-410b9066cf3a,KXNEXTIRANLEADER-45JAN01-ALAR,2026-03-05T03:33:35.517Z,7.00,0.0300,0.9700,no
c4644f7c-0009-5c4d-3e4b-255bdff4a29e,KXNEXTIRANLEADER-45JAN01-ALAR,2026-03-05T03:33:07.305687Z,10.00,0.0300,0.9700,no
5d16f18a-d992-7767-fb4c-cde12055dbbc,KXNEXTIRANLEADER-45JAN01-ALAR,2026-03-05T03:27:49.458338Z,10.00,0.0400,0.9600,no
fd77100f-3850-587c-83a8-b382f06f34d4,KXNEXTIRANLEADER-45JAN01-ALAR,2026-03-05T03:26:53.563754Z,48.00,0.0300,0.9700,yes
fd6f0572-7f1c-57fe-98ae-c79239b27bd1,KXNEXTIRANLEADER-45JAN01-ALAR,2026-03-05T03:26:53.563754Z,1170.00,0.0400,0.9600,yes
dd9e631f-6269-5369-9ec4-fd106302d0f7,KXNEXTIRANLEADER-45JAN01-ALAR,2026-03-05T03:26:53.563754Z,1411.00,0.0900,0.9100,yes
dd07a9ce-c4c9-5876-aef5-f7a1a490797d,KXNEXTIRANLEADER-45JAN01-ALAR,2026-03-05T03:26:53.563754Z,25.00,0.0400,0.9600,yes
d0e7737f-577e-5693-9059-72ebdbe06edf,KXNEXTIRANLEADER-45JAN01-ALAR,2026-03-05T03:26:53.563754Z,3.00,0.0600,0.9400,yes
c2eb6e33-37f7-506f-8358-f13171fb27f0,KXNEXTIRANLEADER-45JAN01-ALAR,2026-03-05T03:26:53.563754Z,25.00,0.0200,0.9800,yes
c1894eac-7706-5236-8446-55864e53f78b,KXNEXTIRANLEADER-45JAN01-ALAR,2026-03-05T03:26:53.563754Z,9.00,0.0600,0.9400,yes
b3d00dc6-2f4b-54d1-9b2d-b38b0498f716,KXNEXTIRANLEADER-45JAN01-ALAR,2026-03-05T03:26:53.563754Z,500.00,0.0300,0.9700,yes
8c6f32a9-3ca4-5746-be0c-c1865723ba16,KXNEXTIRANLEADER-45JAN01-ALAR,2026-03-05T03:26:53.563754Z,9.00,0.0500,0.9500,yes
7ce6d67f-dee8-5283-b621-599de2cbe0d7,KXNEXTIRANLEADER-45JAN01-ALAR,2026-03-05T03:26:53.563754Z,172.00,0.0800,0.9200,yes
7cc2b94a-5bfa-5603-a76d-4b4a6fdc06cf,KXNEXTIRANLEADER-45JAN01-ALAR,2026-03-05T03:26:53.563754Z,669.00,0.0300,0.9700,yes
789159c9-ba80-5f18-be8b-d388b107c8e1,KXNEXTIRANLEADER-45JAN01-ALAR,2026-03-05T03:26:53.563754Z,50.00,0.0700,0.9300,yes
68b50723-bb73-5a63-834e-312371dfe4ed,KXNEXTIRANLEADER-45JAN01-ALAR,2026-03-05T03:26:53.563754Z,12.00,0.0300,0.9700,yes
668f2f69-77c3-50e1-9cb4-ca8ecca44b03,KXNEXTIRANLEADER-45JAN01-ALAR,2026-03-05T03:26:53.563754Z,200.00,0.0500,0.9500,yes
554c536b-e9d2-5117-92f4-84d92e977f83,KXNEXTIRANLEADER-45JAN01-ALAR,2026-03-05T03:26:53.563754Z,382.00,0.0500,0.9500,yes
45ed2a11-fae4-55aa-a680-442ca8ae3582,KXNEXTIRANLEADER-45JAN01-ALAR,2026-03-05T03:26:53.563754Z,2000.00,0.0600,0.9400,yes
416a9d53-3575-58f1-a507-94fb4b2fab18,KXNEXTIRANLEADER-45JAN01-ALAR,2026-03-05T03:26:53.563754Z,5914.00,0.0500,0.9500,yes
1df8be78-44e1-5cb8-ac10-cae418f94651,KXNEXTIRANLEADER-45JAN01-ALAR,2026-03-05T03:26:53.563754Z,1450.00,0.0300,0.9700,yes
fb45c1b2-fdc7-721a-5999-77ab809d1206,KXNEXTIRANLEADER-45JAN01-ALAR,2026-03-05T03:21:11.176544Z,10.00,0.0100,0.9900,no
cd9647fb-c99b-7036-3d15-852a833665e2,KXNEXTIRANLEADER-45JAN01-ALAR,2026-03-05T03:20:38.811412Z,5.00,0.0100,0.9900,no
15ac079a-c193-467a-79af-35a621678fae,KXNEXTIRANLEADER-45JAN01-ALAR,2026-03-05T03:18:00.693171Z,10.00,0.0100,0.9900,no
185a7223-dcdf-44b6-2467-d5db47eed2fe,KXNEXTIRANLEADER-45JAN01-ALAR,2026-03-05T03:16:59.705339Z,10.00,0.0100,0.9900,no
8a0e666f-9cc7-70ea-196e-198ad75f0b1a,KXNEXTIRANLEADER-45JAN01-ALAR,2026-03-05T02:52:15.785504Z,5.00,0.0100,0.9900,no
25083980-84c3-4fde-a31a-d013e306120e,KXNEXTIRANLEADER-45JAN01-ALAR,2026-03-05T02:13:28.869845Z,7.00,0.0100,0.9900,no
a480fa86-ae13-7deb-6ffc-34ffcb84c4f2,KXNEXTIRANLEADER-45JAN01-ALAR,2026-03-05T01:56:27.402001Z,100.00,0.0300,0.9700,yes
acaf9fc7-69d3-79c7-11e5-9f4653104fee,KXNEXTIRANLEADER-45JAN01-ALAR,2026-03-05T01:29:27.379203Z,16.00,0.0300,0.9700,yes
6041ca4f-fd8b-7ac3-c889-e2680047deba,KXNEXTIRANLEADER-45JAN01-ALAR,2026-03-05T01:23:13.295541Z,8.00,0.0300,0.9700,yes
84c4b6a4-cbcb-6b27-0dd7-5f7dd97cd426,KXNEXTIRANLEADER-45JAN01-ALAR,2026-03-05T01:10:15.462586Z,333.00,0.0300,0.9700,yes
6dc21791-de23-7d43-e842-99d57afa3264,KXNEXTIRANLEADER-45JAN01-ALAR,2026-03-05T00:35:44.289463Z,1.00,0.0200,0.9800,no
174148c0-3f93-6b27-5b5c-5b63585a6f96,KXNEXTIRANLEADER-45JAN01-ALAR,2026-03-05T00:14:27.824969Z,333.00,0.0300,0.9700,yes
0cacc278-e6e7-77ac-c241-0126a349d788,KXNEXTIRANLEADER-45JAN01-ALAR,2026-03-05T00:09:22.777993Z,14.00,0.0200,0.9800,no
c77af869-9257-6433-4f8f-9d0f6c94b5fa,KXNEXTIRANLEADER-45JAN01-ALAR,2026-03-04T23:16:15.438815Z,50.00,0.0300,0.9700,yes
a411114f-b5b5-51d9-5029-3d2d197d0234,KXNEXTIRANLEADER-45JAN01-ALAR,2026-03-04T23:09:21.305176Z,226.00,0.0200,0.9800,yes
655e792c-a725-519b-6fe2-0e00c5f69a37,KXNEXTIRANLEADER-45JAN01-ALAR,2026-03-04T23:09:21.305176Z,274.00,0.0200,0.9800,yes
e23818f9-b6bd-44d7-5920-dc69255c233f,KXNEXTIRANLEADER-45JAN01-ALAR,2026-03-04T23:09:07.58877Z,226.00,0.0200,0.9800,yes
cf83c4bb-6500-4e98-5bbf-c048c3f127cc,KXNEXTIRANLEADER-45JAN01-ALAR,2026-03-04T23:09:07.58877Z,188.00,0.0200,0.9800,yes
a1bc9b45-6777-4940-6252-3e2946fa87e5,KXNEXTIRANLEADER-45JAN01-ALAR,2026-03-04T23:09:07.58877Z,86.00,0.0200,0.9800,yes
8183d658-9d6b-5bc8-7c55-babde4aa2b61,KXNEXTIRANLEADER-45JAN01-ALAR,2026-03-04T23:08:53.9044Z,500.00,0.0200,0.9800,yes
983d3534-e563-6c20-ae71-f713c6e2ffdc,KXNEXTIRANLEADER-45JAN01-ALAR,2026-03-04T22:42:12.392266Z,50.00,0.0200,0.9800,yes
5effcc71-6bf3-614c-accf-4c2d084dcb28,KXNEXTIRANLEADER-45JAN01-ALAR,2026-03-04T22:41:06.238056Z,500.00,0.0200,0.9800,yes
bc8f282d-b938-747e-ded9-4ddef836d429,KXNEXTIRANLEADER-45JAN01-ALAR,2026-03-04T22:40:37.953542Z,195.00,0.0200,0.9800,yes
76915a54-496b-7ac4-f51c-d32353945814,KXNEXTIRANLEADER-45JAN01-ALAR,2026-03-04T22:40:37.953542Z,305.00,0.0200,0.9800,yes
f64dd792-d4a0-7b16-6055-155c9c3022ad,KXNEXTIRANLEADER-45JAN01-ALAR,2026-03-04T22:15:02.838345Z,150.00,0.0200,0.9800,yes
87a395c6-6a8f-7b22-7820-5786d9e2fa9e,KXNEXTIRANLEADER-45JAN01-ALAR,2026-03-04T21:56:43.63201Z,234.00,0.0100,0.9900,no
ebfd5879-0222-7b0d-b901-509e7a5cbf5d,KXNEXTIRANLEADER-45JAN01-ALAR,2026-03-04T21:22:07.022158Z,30.00,0.0200,0.9800,yes
8c9dcd3c-6a7a-7715-9556-5837e3b69693,KXNEXTIRANLEADER-45JAN01-ALAR,2026-03-04T21:22:07.022158Z,13.00,0.0300,0.9700,yes
fd871a0e-50d7-6d0e-8d65-764110f4d02a,KXNEXTIRANLEADER-45JAN01-ALAR,2026-03-04T20:54:28.627052Z,24.00,0.0100,0.9900,no
2b323bb7-b46a-6bf9-ddf2-1f600fc8b85f,KXNEXTIRANLEADER-45JAN01-ALAR,2026-03-04T20:52:00.00834Z,8.00,0.0300,0.9700,yes
692aad55-abfa-49f9-4670-108263e41dbb,KXNEXTIRANLEADER-45JAN01-ALAR,2026-03-04T20:42:55.371364Z,66.00,0.0300,0.9700,yes
2aa29df5-7dcb-562e-a484-e3916d03b412,KXNEXTIRANLEADER-45JAN01-ALAR,2026-03-04T20:20:27.029537Z,7.00,0.0100,0.9900,no
cdf196e8-ac16-7941-a96b-bf3d9e3504e7,KXNEXTIRANLEADER-45JAN01-ALAR,2026-03-04T19:54:20.154654Z,33.00,0.0300,0.9700,yes
1903cd5a-3e0f-683e-fefc-b26ae7a58862,KXNEXTIRANLEADER-45JAN01-ALAR,2026-03-04T19:45:50.043975Z,5.00,0.0100,0.9900,no
113c2910-5ab3-755a-ca1a-fbb311582066,KXNEXTIRANLEADER-45JAN01-ALAR,2026-03-04T19:45:30.508229Z,17.00,0.0100,0.9900,no
c3e19d21-8464-6137-d6bd-903a07a3c2ac,KXNEXTIRANLEADER-45JAN01-ALAR,2026-03-04T19:42:49.055562Z,3906.00,0.0200,0.9800,no
92d2ac22-03a0-6312-f623-41fa1ec94157,KXNEXTIRANLEADER-45JAN01-ALAR,2026-03-04T19:42:49.055562Z,20.00,0.0200,0.9800,no
7f94f86e-8bc3-6eb2-c43a-35b83e819aea,KXNEXTIRANLEADER-45JAN01-ALAR,2026-03-04T19:42:49.055562Z,27.00,0.0200,0.9800,no
753b1908-a592-6f51-c4be-4b835fb1452b,KXNEXTIRANLEADER-45JAN01-ALAR,2026-03-04T19:42:49.055562Z,184.00,0.0200,0.9800,no
4545fb79-698c-66d2-ff1f-b551a2e0236a,KXNEXTIRANLEADER-45JAN01-ALAR,2026-03-04T19:42:49.055562Z,800.00,0.0200,0.9800,no
2a762481-3fd0-6fc3-9962-9a7375525c0c,KXNEXTIRANLEADER-45JAN01-ALAR,2026-03-04T19:36:28.375551Z,5.00,0.0200,0.9800,no
40fe648f-82d0-4d53-5b8e-cdb9792a37d4,KXNEXTIRANLEADER-45JAN01-ALAR,2026-03-04T19:20:44.344093Z,600.00,0.0200,0.9800,no
533f32f7-9a1a-5849-758a-da9540594d47,KXNEXTIRANLEADER-45JAN01-ALAR,2026-03-04T19:08:01.278951Z,33.00,0.0300,0.9700,yes
a39e5057-90a4-51c7-d5dd-64c6d41a29a8,KXNEXTIRANLEADER-45JAN01-ALAR,2026-03-04T18:46:32.153964Z,42.00,0.0200,0.9800,no
ede95e77-2304-4b07-4750-960d1b5bcdc8,KXNEXTIRANLEADER-45JAN01-ALAR,2026-03-04T18:31:37.180794Z,16.00,0.0200,0.9800,no
f330d1ee-8ecd-53a2-9711-bc27a0166895,KXNEXTIRANLEADER-45JAN01-ALAR,2026-03-04T17:47:48.310548Z,10.00,0.0300,0.9700,yes
cd33735c-4a97-484b-5b4a-1ba2cb62430f,KXNEXTIRANLEADER-45JAN01-ALAR,2026-03-04T17:37:22.993087Z,166.00,0.0300,0.9700,yes
ddc14cbd-4354-4f86-e9d2-bd38bc162955,KXNEXTIRANLEADER-45JAN01-ALAR,2026-03-04T17:14:26.072491Z,50.00,0.0400,0.9600,yes
e8a9a17e-6738-70be-e967-9c77c20730f9,KXNEXTIRANLEADER-45JAN01-ALAR,2026-03-04T17:12:07.287322Z,5.00,0.0400,0.9600,yes
983d9c2c-16c0-7ad2-dddc-a9b557770a45,KXNEXTIRANLEADER-45JAN01-ALAR,2026-03-04T17:12:07.287322Z,6.00,0.0300,0.9700,yes
48d9da39-8343-7510-c104-7dcf08f24197,KXNEXTIRANLEADER-45JAN01-ALAR,2026-03-04T17:12:07.287322Z,10.00,0.0400,0.9600,yes
0b657d6a-f35a-7b3d-d9f8-17dc70426dbf,KXNEXTIRANLEADER-45JAN01-ALAR,2026-03-04T17:12:07.287322Z,5.00,0.0400,0.9600,yes
8fd6d869-e623-4f05-aa47-a3e54694468e,KXNEXTIRANLEADER-45JAN01-ALAR,2026-03-04T17:11:12.015923Z,5.00,0.0300,0.9700,yes
68937fe4-d2e1-4be1-9343-f0d0167371f9,KXNEXTIRANLEADER-45JAN01-ALAR,2026-03-04T17:11:12.015923Z,231.00,0.0300,0.9700,yes
23d2eac6-9d1c-4e5e-8323-165523fa3bf3,KXNEXTIRANLEADER-45JAN01-ALAR,2026-03-04T17:11:12.015923Z,263.00,0.0300,0.9700,yes
7264af04-8ba5-7157-3c9e-03a6bec6ba08,KXNEXTIRANLEADER-45JAN01-ALAR,2026-03-04T17:05:02.877838Z,310.00,0.0300,0.9700,yes
52a71f8f-6861-74b5-3e05-5f51aa90abf1,KXNEXTIRANLEADER-45JAN01-ALAR,2026-03-04T17:05:02.877838Z,23.00,0.0300,0.9700,yes
e5260877-242c-488f-7c7a-24de038a4c35,KXNEXTIRANLEADER-45JAN01-ALAR,2026-03-04T16:51:07.868039Z,33.00,0.0300,0.9700,yes
b3ad2420-7063-5c1e-cd05-7f4cbacea1ec,KXNEXTIRANLEADER-45JAN01-ALAR,2026-03-04T16:47:23.227657Z,40.00,0.0300,0.9700,no
b246411d-2ab1-5267-e254-fbe26ccecc7d,KXNEXTIRANLEADER-45JAN01-ALAR,2026-03-04T16:47:23.227657Z,21.00,0.0300,0.9700,no
7cbbcbf5-41b6-5b17-ede4-08900188f0c2,KXNEXTIRANLEADER-45JAN01-ALAR,2026-03-04T16:47:23.227657Z,10.00,0.0300,0.9700,no
4cbdc0e7-4731-571a-c4dc-308345542d0e,KXNEXTIRANLEADER-45JAN01-ALAR,2026-03-04T16:47:23.227657Z,5.00,0.0300,0.9700,no
3b472e4b-68a8-5567-ee84-1072d21d9770,KXNEXTIRANLEADER-45JAN01-ALAR,2026-03-04T16:47:23.227657Z,424.00,0.0200,0.9800,no
b9835a6e-1755-6756-462f-bdc17278c4ee,KXNEXTIRANLEADER-45JAN01-ALAR,2026-03-04T16:41:44.739307Z,14.00,0.0300,0.9700,no
260f06b5-a47f-62e5-6b86-23ff44cfe327,KXNEXTIRANLEADER-45JAN01-ALAR,2026-03-04T16:41:44.739307Z,486.00,0.0300,0.9700,no
e6b9c5ff-af53-4469-7aae-8d409de8623b,KXNEXTIRANLEADER-45JAN01-ALAR,2026-03-04T16:37:54.473867Z,164.00,0.0300,0.9700,no
9e5ab8d1-acce-44cb-6bda-2dbd963d018f,KXNEXTIRANLEADER-45JAN01-ALAR,2026-03-04T16:37:54.473867Z,36.00,0.0300,0.9700,no
300500ba-938e-7227-2df7-c4b644d4432f,KXNEXTIRANLEADER-45JAN01-ALAR,2026-03-04T16:36:44.716923Z,59.00,0.0300,0.9700,no
98fba782-15f6-7abf-fbf1-dd379b8777ef,KXNEXTIRANLEADER-45JAN01-ALAR,2026-03-04T16:25:35.289579Z,100.00,0.0300,0.9700,no
5a2eb2c6-a4d2-7de8-0933-9a5f5779d644,KXNEXTIRANLEADER-45JAN01-ALAR,2026-03-04T16:21:05.25006Z,175.00,0.0400,0.9600,yes
8b9b2f44-15c4-5517-a63d-047e267c2278,KXNEXTIRANLEADER-45JAN01-ALAR,2026-03-04T16:20:50.371946Z,6.00,0.0400,0.9600,yes
70f4c9f9-f3c2-5848-a609-f75dc6c1aff8,KXNEXTIRANLEADER-45JAN01-ALAR,2026-03-04T16:20:50.371946Z,15.00,0.0400,0.9600,yes
64a4694c-641b-507e-90e2-87a91951f2c7,KXNEXTIRANLEADER-45JAN01-ALAR,2026-03-04T16:20:50.371946Z,4.00,0.0400,0.9600,yes
4da59212-3fb2-658f-5c86-cd22358afa27,KXNEXTIRANLEADER-45JAN01-ALAR,2026-03-04T16:19:36.251283Z,4.00,0.0300,0.9700,no
ffb778bd-ac92-51f3-c355-fb3a9a650beb,KXNEXTIRANLEADER-45JAN01-ALAR,2026-03-04T16:18:11.292628Z,5.00,0.0300,0.9700,no
322d5483-396e-62d7-f2e7-52f4f1fe4bf7,KXNEXTIRANLEADER-45JAN01-ALAR,2026-03-04T16:17:50.996959Z,4.00,0.0300,0.9700,no
c9e9ff2a-5b7a-6a2d-ada0-b0b5f9f91f0f,KXNEXTIRANLEADER-45JAN01-ALAR,2026-03-04T16:15:31.362986Z,4.00,0.0300,0.9700,no
7c0c2249-5a8a-652f-aa02-b74354486fb7,KXNEXTIRANLEADER-45JAN01-ALAR,2026-03-04T16:15:31.362986Z,2.00,0.0300,0.9700,no
843b1cb3-93fd-6719-9933-9926ecb04940,KXNEXTIRANLEADER-45JAN01-ALAR,2026-03-04T15:45:17.927472Z,100.00,0.0500,0.9500,yes
0eee0a55-055d-642d-c9c2-32a0b1e7dc14,KXNEXTIRANLEADER-45JAN01-ALAR,2026-03-04T15:43:54.589587Z,59.00,0.0500,0.9500,yes
dc8bb260-0a05-4f49-4517-9c6376803854,KXNEXTIRANLEADER-45JAN01-ALAR,2026-03-04T15:38:29.148333Z,1058.00,0.0500,0.9500,yes
bee09ba6-4b75-4887-65bc-36efe12f5840,KXNEXTIRANLEADER-45JAN01-ALAR,2026-03-04T15:38:29.148333Z,61.00,0.0400,0.9600,yes
bd3a86e3-cdbc-4f6a-5b0f-1da574494d4b,KXNEXTIRANLEADER-45JAN01-ALAR,2026-03-04T15:38:29.148333Z,38.00,0.0400,0.9600,yes
a3f0f28f-4cb8-4472-4113-db62d5a0ee6c,KXNEXTIRANLEADER-45JAN01-ALAR,2026-03-04T15:38:29.148333Z,433.00,0.0400,0.9600,yes
97f65a0a-2423-438d-4e77-3110ddb77141,KXNEXTIRANLEADER-45JAN01-ALAR,2026-03-04T15:38:29.148333Z,80.00,0.0400,0.9600,yes
5780a31c-2fd0-4639-6737-263be742cee4,KXNEXTIRANLEADER-45JAN01-ALAR,2026-03-04T15:38:29.148333Z,500.00,0.0400,0.9600,yes
1d2bfebe-a438-4374-7437-af18f4d803a0,KXNEXTIRANLEADER-45JAN01-ALAR,2026-03-04T15:38:29.148333Z,55.00,0.0400,0.9600,yes
0f96d4f9-581f-4b22-4b42-7415ca3ffa93,KXNEXTIRANLEADER-45JAN01-ALAR,2026-03-04T15:38:29.148333Z,10.00,0.0400,0.9600,yes
850138e9-2f31-65f0-d946-272c5284b9df,KXNEXTIRANLEADER-45JAN01-ALAR,2026-03-04T15:31:21.973958Z,33.00,0.0300,0.9700,no
7a49ec41-e965-6746-d158-9ee953a95e60,KXNEXTIRANLEADER-45JAN01-ALAR,2026-03-04T15:31:21.973958Z,32.00,0.0300,0.9700,no
535d1147-11b6-6b99-f6a1-844be926a723,KXNEXTIRANLEADER-45JAN01-ALAR,2026-03-04T15:31:21.973958Z,15.00,0.0300,0.9700,no
72e5be4d-77c9-5ee4-5afb-941d007c4943,KXNEXTIRANLEADER-45JAN01-ALAR,2026-03-04T15:14:30.093344Z,10.00,0.0300,0.9700,no
f6300952-df21-697c-2a3d-c4b392e05a33,KXNEXTIRANLEADER-45JAN01-ALAR,2026-03-04T15:05:07.412149Z,3.00,0.0300,0.9700,no
0f9970ce-64ba-740c-d1cc-650b6184e69b,KXNEXTIRANLEADER-45JAN01-ALAR,2026-03-04T15:04:12.099862Z,500.00,0.0300,0.9700,no
1a22c56e-411b-57b1-315a-c03c4b1b9dcb,KXNEXTIRANLEADER-45JAN01-ALAR,2026-03-04T14:45:40.141758Z,60.00,0.0400,0.9600,yes
d57f95d8-5229-533a-d623-e5ba38822fa5,KXNEXTIRANLEADER-45JAN01-ALAR,2026-03-04T14:44:00.15291Z,300.00,0.0400,0.9600,yes
ce5dbb27-64e1-53c2-f191-41208a921249,KXNEXTIRANLEADER-45JAN01-ALAR,2026-03-04T14:44:00.15291Z,196.00,0.0400,0.9600,yes
bef31c22-ec67-5a3b-d468-7a07d2cdb977,KXNEXTIRANLEADER-45JAN01-ALAR,2026-03-04T14:44:00.15291Z,1000.00,0.0400,0.9600,yes
98ab29c6-58a0-5fb6-c227-6010dc34f13a,KXNEXTIRANLEADER-45JAN01-ALAR,2026-03-04T14:44:00.15291Z,25.00,0.0400,0.9600,yes
88b5ba72-b125-5bb9-dc11-69e751448e0c,KXNEXTIRANLEADER-45JAN01-ALAR,2026-03-04T14:44:00.15291Z,369.00,0.0500,0.9500,yes
762beb4d-d9a4-5f58-dc41-05821ee481d5,KXNEXTIRANLEADER-45JAN01-ALAR,2026-03-04T14:44:00.15291Z,8.00,0.0400,0.9600,yes
5742d45c-431f-58cf-c685-5aa9476f0135,KXNEXTIRANLEADER-45JAN01-ALAR,2026-03-04T14:44:00.15291Z,13.00,0.0400,0.9600,yes
463cc115-dabf-50dd-fbc6-5e334fb09c19,KXNEXTIRANLEADER-45JAN01-ALAR,2026-03-04T14:44:00.15291Z,496.00,0.0400,0.9600,yes
19eba65f-a573-619b-1724-96144fa60a61,KXNEXTIRANLEADER-45JAN01-ALAR,2026-03-04T14:23:37.67756Z,50.00,0.0400,0.9600,yes
da85d4ca-15cb-7a8b-063b-9f9f12d3ad11,KXNEXTIRANLEADER-45JAN01-ALAR,2026-03-04T13:49:09.845976Z,121.00,0.0400,0.9600,yes
be7fe0c7-b07f-643b-91fd-f3706e630f2d,KXNEXTIRANLEADER-45JAN01-ALAR,2026-03-04T13:48:48.707752Z,125.00,0.0400,0.9600,yes
9724202e-77ef-7f93-055e-d5059a53812d,KXNEXTIRANLEADER-45JAN01-ALAR,2026-03-04T13:44:18.843034Z,111.00,0.0400,0.9600,yes
b1091338-35e2-55b6-bb5d-a827b5c43d31,KXNEXTIRANLEADER-45JAN01-ALAR,2026-03-04T13:03:38.024879Z,835.00,0.0300,0.9700,no
87c3fa94-69d6-5d00-b7c7-6e5d43dc2ae6,KXNEXTIRANLEADER-45JAN01-ALAR,2026-03-04T13:03:38.024879Z,3.00,0.0300,0.9700,no
28d711a1-2ae8-5bd3-814b-2fe7e1fd3eac,KXNEXTIRANLEADER-45JAN01-ALAR,2026-03-04T13:03:38.024879Z,965.00,0.0200,0.9800,no
398640f2-c539-572b-a33e-51dc6beaaba6,KXNEXTIRANLEADER-45JAN01-ALAR,2026-03-04T12:52:37.158737Z,3.00,0.0600,0.9400,yes
84de179c-7f2e-6015-c6cf-19309ce7d394,KXNEXTIRANLEADER-45JAN01-ALAR,2026-03-04T12:06:09.065102Z,50.00,0.0400,0.9600,yes
6e97f909-4910-6634-dd0f-7950abc24040,KXNEXTIRANLEADER-45JAN01-ALAR,2026-03-04T12:06:09.065102Z,4.00,0.0600,0.9400,yes
42752159-a401-6212-eb4d-7c0be3ea6a35,KXNEXTIRANLEADER-45JAN01-ALAR,2026-03-04T12:06:09.065102Z,46.00,0.0600,0.9400,yes
65c798d8-eeab-741d-99b5-d30bffbd4d56,KXNEXTIRANLEADER-45JAN01-ALAR,2026-03-04T12:04:20.753153Z,570.00,0.0300,0.9700,yes
51ae1012-7058-7d84-a045-5759719225f7,KXNEXTIRANLEADER-45JAN01-ALAR,2026-03-04T12:04:20.753153Z,200.00,0.0300,0.9700,yes
2a423ddb-7c48-7a5f-8743-e24e17ac3271,KXNEXTIRANLEADER-45JAN01-ALAR,2026-03-04T12:04:20.753153Z,356.00,0.0300,0.9700,yes
267d6a16-1c63-7a11-6e59-438637287426,KXNEXTIRANLEADER-45JAN01-ALAR,2026-03-04T11:49:14.216904Z,33.00,0.0300,0.9700,yes
e3850615-0401-44c4-ed65-6078e91bb60f,KXNEXTIRANLEADER-45JAN01-ALAR,2026-03-04T11:12:46.400224Z,218.00,0.0200,0.9800,no
f3bf8b2c-edab-6e4d-3d62-8159efb9076e,KXNEXTIRANLEADER-45JAN01-ALAR,2026-03-04T10:56:10.958265Z,21.00,0.0300,0.9700,yes
1718700a-6717-434d-8dfb-c0a8e2f42fd6,KXNEXTIRANLEADER-45JAN01-ALAR,2026-03-04T08:30:50.290127Z,376.00,0.0300,0.9700,yes
eaad550a-997b-721e-dc1f-04c65c72191b,KXNEXTIRANLEADER-45JAN01-ALAR,2026-03-04T08:20:37.624066Z,30.00,0.0200,0.9800,yes
a9de5627-09d2-7d79-58ce-ce47ee3cf5f8,KXNEXTIRANLEADER-45JAN01-ALAR,2026-03-04T08:17:37.988858Z,53.00,0.0200,0.9800,no
74a66cd5-7e6f-70b7-5b6a-b428bccbf4ab,KXNEXTIRANLEADER-45JAN01-ALAR,2026-03-04T08:17:37.988858Z,16.00,0.0200,0.9800,no
fb66e2b3-11b6-6cf6-7eee-63c8dab5c711,KXNEXTIRANLEADER-45JAN01-ALAR,2026-03-04T08:10:23.08054Z,30.00,0.0200,0.9800,yes
dd0e746e-2dc5-6d39-5e08-dea9a8d1ac69,KXNEXTIRANLEADER-45JAN01-ALAR,2026-03-04T08:10:23.08054Z,30.00,0.0200,0.9800,yes
34a3c983-239c-668a-7b42-4b29c1cf1dfc,KXNEXTIRANLEADER-45JAN01-ALAR,2026-03-04T08:10:23.08054Z,60.00,0.0200,0.9800,yes
ed0ad29c-03cb-43e2-b555-ff7819be1e9e,KXNEXTIRANLEADER-45JAN01-ALAR,2026-03-04T08:03:44.567265Z,43.00,0.0100,0.9900,no
17e507de-ef9b-738a-3541-0bc9076c2236,KXNEXTIRANLEADER-45JAN01-ALAR,2026-03-04T07:52:04.408365Z,142.00,0.0100,0.9900,no
f210b3ad-c35c-55dc-7c24-d7fe51fcdce2,KXNEXTIRANLEADER-45JAN01-ALAR,2026-03-04T06:15:44.225711Z,67.00,0.0200,0.9800,no
6479c82d-d47c-7b60-b1db-ffe372c645b2,KXNEXTIRANLEADER-45JAN01-ALAR,2026-03-04T06:14:08.242924Z,11.00,0.0200,0.9800,no
5c7c79d7-09dc-491c-0ee9-8962bcff084e,KXNEXTIRANLEADER-45JAN01-ALAR,2026-03-04T06:10:42.211754Z,13.00,0.0200,0.9800,no
daa2162b-4d90-6288-dd37-7c8e0515a7ea,KXNEXTIRANLEADER-45JAN01-ALAR,2026-03-04T06:04:16.962478Z,30.00,0.0200,0.9800,no
e15a6752-86a4-7cc8-9c2e-2c8d209c84c6,KXNEXTIRANLEADER-45JAN01-ALAR,2026-03-04T06:03:12.858499Z,14.00,0.0200,0.9800,no
baf7895c-a6b4-66bc-8579-4e4265f00d2e,KXNEXTIRANLEADER-45JAN01-ALAR,2026-03-04T06:03:03.668531Z,41.00,0.0200,0.9800,no
fbb47a1b-91ec-4ee8-2211-1de8bcf1f50a,KXNEXTIRANLEADER-45JAN01-ALAR,2026-03-04T05:55:29.975439Z,10.00,0.0200,0.9800,no
16e979da-0d4c-4b44-20df-fa54fba57dae,KXNEXTIRANLEADER-45JAN01-ALAR,2026-03-04T05:54:03.900811Z,2.00,0.0200,0.9800,no
629b8f10-b4c0-6974-67a3-be4767b3f72a,KXNEXTIRANLEADER-45JAN01-ALAR,2026-03-04T05:53:04.678932Z,30.00,0.0200,0.9800,no
6480bada-4800-48d4-f597-941854606ae2,KXNEXTIRANLEADER-45JAN01-ALAR,2026-03-04T05:53:01.812974Z,30.00,0.0200,0.9800,no
e0b71abf-537c-4284-99cd-96ffe3702e26,KXNEXTIRANLEADER-45JAN01-ALAR,2026-03-04T05:38:59.060422Z,190.00,0.0200,0.9800,no
cb707fc3-0540-74c0-d7d0-3c5116af4d42,KXNEXTIRANLEADER-45JAN01-ALAR,2026-03-04T05:38:57.691774Z,6.00,0.0200,0.9800,no
561a1f33-e808-7436-fc09-ceb07455bf7e,KXNEXTIRANLEADER-45JAN01-ALAR,2026-03-04T05:38:57.691774Z,11.00,0.0200,0.9800,no
39c7b2a4-f247-7b56-d23d-120c26fa1c4c,KXNEXTIRANLEADER-45JAN01-ALAR,2026-03-04T05:38:57.691774Z,164.00,0.0200,0.9800,no
da07ca91-31e7-4252-2f6d-611a3c9b4a48,KXNEXTIRANLEADER-45JAN01-ALAR,2026-03-04T05:38:52.845551Z,20.00,0.0200,0.9800,no
c7c146b9-6733-443e-57ec-a69617caa5d0,KXNEXTIRANLEADER-45JAN01-ALAR,2026-03-04T05:38:34.846229Z,448.00,0.0200,0.9800,no
b7684747-6bcb-7f26-b9a5-bf62e49da0b0,KXNEXTIRANLEADER-45JAN01-ALAR,2026-03-04T05:20:02.977531Z,8.00,0.0200,0.9800,no
cf202fee-cf39-7c03-4ee9-9efc89dd7e83,KXNEXTIRANLEADER-45JAN01-ALAR,2026-03-04T05:17:47.418583Z,117.00,0.0400,0.9600,yes
c17314c7-5cc4-7475-7f54-6cbf520522c6,KXNEXTIRANLEADER-45JAN01-ALAR,2026-03-04T05:17:47.418583Z,10.00,0.0300,0.9700,yes
0f88cfab-d59b-408a-73b6-965be606dfdc,KXNEXTIRANLEADER-45JAN01-ALAR,2026-03-04T05:17:28.582607Z,21.00,0.0200,0.9800,no
b46ae84a-826c-7735-f1b3-95cfdcc9cd3e,KXNEXTIRANLEADER-45JAN01-ALAR,2026-03-04T05:14:15.800517Z,20.00,0.0300,0.9700,yes
b357fe83-4e96-4809-d9cf-95df88333ed5,KXNEXTIRANLEADER-45JAN01-ALAR,2026-03-04T05:12:53.078867Z,1000.00,0.0300,0.9700,yes
3e75e551-c4a3-43fe-d4ed-7173492b2f3c,KXNEXTIRANLEADER-45JAN01-ALAR,2026-03-04T04:57:43.567876Z,7.00,0.0200,0.9800,no
c025efbf-53e0-66f3-7b81-88c562b7b836,KXNEXTIRANLEADER-45JAN01-ALAR,2026-03-04T04:17:30.180978Z,236.00,0.0300,0.9700,yes
11f34cbd-d9ee-697f-79c5-da4aae697092,KXNEXTIRANLEADER-45JAN01-ALAR,2026-03-04T04:17:30.180978Z,30.00,0.0300,0.9700,yes
a34a2002-819b-6b82-ada7-a92f769b7710,KXNEXTIRANLEADER-45JAN01-ALAR,2026-03-04T04:16:56.851947Z,4.00,0.0200,0.9800,no
059605e4-7b1f-6a22-57ed-995b0dd46908,KXNEXTIRANLEADER-45JAN01-ALAR,2026-03-04T04:12:17.613611Z,1007.00,0.0200,0.9800,no
d1d76edd-d123-5dbe-cc86-34b050363f74,KXNEXTIRANLEADER-45JAN01-ALAR,2026-03-04T03:38:36.940769Z,321.00,0.0200,0.9800,no
ae9e31a0-d87b-5b4c-d4ae-d92a60f1e346,KXNEXTIRANLEADER-45JAN01-ALAR,2026-03-04T03:38:36.940769Z,13.00,0.0200,0.9800,no
6286f481-d3ae-523b-d02c-25218f218fb0,KXNEXTIRANLEADER-45JAN01-ALAR,2026-03-04T03:38:36.940769Z,404.00,0.0200,0.9800,no
7f8a103d-aa72-5f7f-9c19-e2a81a8cf63c,KXNEXTIRANLEADER-45JAN01-ALAR,2026-03-04T03:01:35.839201Z,8.00,0.0200,0.9800,no
42858337-784e-4d4b-9513-ce968a85221c,KXNEXTIRANLEADER-45JAN01-ALAR,2026-03-04T02:56:32.253828Z,364.00,0.0200,0.9800,no
25c8671c-d914-6351-0407-16a5bb093a65,KXNEXTIRANLEADER-45JAN01-ALAR,2026-03-04T02:50:10.688546Z,100.00,0.0300,0.9700,yes
777d394e-ae0e-76b3-af00-0d1a56d70fd4,KXNEXTIRANLEADER-45JAN01-ALAR,2026-03-04T02:34:50.445931Z,31.00,0.0200,0.9800,no
364f7fd7-9232-54cf-57f3-df4917c74248,KXNEXTIRANLEADER-45JAN01-ALAR,2026-03-04T02:31:56.072542Z,157.00,0.0200,0.9800,no
e4b83cd4-1d0a-5437-5ca3-472b10a52830,KXNEXTIRANLEADER-45JAN01-ALAR,2026-03-04T02:23:20.913953Z,30.00,0.0200,0.9800,no
2a73a889-9dc6-4e4b-f8f3-c2aacfbd84d0,KXNEXTIRANLEADER-45JAN01-ALAR,2026-03-04T02:19:35.487729Z,6.00,0.0200,0.9800,no
0eea702f-31d0-40f6-d877-b6eca10bb2bb,KXNEXTIRANLEADER-45JAN01-ALAR,2026-03-04T02:19:35.487729Z,14.00,0.0200,0.9800,no
5a0e3ebf-f4ea-5927-8a9c-a0a20d8bc7fb,KXNEXTIRANLEADER-45JAN01-ALAR,2026-03-04T02:12:29.185059Z,333.00,0.0600,0.9400,yes
d42b5682-c8ae-6134-914b-94652b164c57,KXNEXTIRANLEADER-45JAN01-ALAR,2026-03-04T02:07:35.729767Z,16.00,0.0200,0.9800,no
9d9c1bda-131b-6a92-9bbf-8f88f652f92a,KXNEXTIRANLEADER-45JAN01-ALAR,2026-03-04T02:07:35.729767Z,142.00,0.0100,0.9900,no
4382510c-e908-64d2-811f-0be7bb6f214b,KXNEXTIRANLEADER-45JAN01-ALAR,2026-03-04T02:07:35.729767Z,29.00,0.0200,0.9800,no
f1c7ce4d-f28c-6d1e-5e72-4d80c3f1941b,KXNEXTIRANLEADER-45JAN01-ALAR,2026-03-04T01:54:02.417265Z,67.00,0.0200,0.9800,no
58d8dcb4-0db8-550a-5e5c-9185cf85ed0b,KXNEXTIRANLEADER-45JAN01-ALAR,2026-03-04T01:52:03.358831Z,4.00,0.0200,0.9800,no
28991a50-a79f-4672-bdbb-f44470ac7c7e,KXNEXTIRANLEADER-45JAN01-ALAR,2026-03-04T01:51:05.423575Z,63.00,0.0100,0.9900,no
6ed440b5-3367-53ad-5c48-f8a9c05cdc21,KXNEXTIRANLEADER-45JAN01-ALAR,2026-03-04T01:26:21.689848Z,67.00,0.0200,0.9800,no
aca047ec-2249-5917-671b-f94c61424ec5,KXNEXTIRANLEADER-45JAN01-ALAR,2026-03-04T01:25:43.562541Z,60.00,0.0200,0.9800,no
a313543a-0e95-5c7f-5801-df0fccb8cc32,KXNEXTIRANLEADER-45JAN01-ALAR,2026-03-04T01:25:43.562541Z,17.00,0.0200,0.9800,no
8ca01c68-6fb3-5eda-6380-51639e9e19c6,KXNEXTIRANLEADER-45JAN01-ALAR,2026-03-04T01:25:43.562541Z,274.00,0.0100,0.9900,no
86a80a03-0ab1-709b-ec16-25b21340667b,KXNEXTIRANLEADER-45JAN01-ALAR,2026-03-04T01:09:44.387005Z,18.00,0.0200,0.9800,no
eeee9c6a-02ff-710a-16cc-076d6422c1d2,KXNEXTIRANLEADER-45JAN01-ALAR,2026-03-04T01:08:36.621232Z,696.00,0.0200,0.9800,no
be81aa21-1ef3-7a33-0850-87bdec24eaaa,KXNEXTIRANLEADER-45JAN01-ALAR,2026-03-04T01:08:36.621232Z,33.00,0.0300,0.9700,no
b7d7538a-f763-7424-2d08-e113b61d6919,KXNEXTIRANLEADER-45JAN01-ALAR,2026-03-04T01:08:36.621232Z,19.00,0.0200,0.9800,no
b70182e8-a981-7967-05e6-0f3338c7b0c1,KXNEXTIRANLEADER-45JAN01-ALAR,2026-03-04T01:08:36.621232Z,100.00,0.0200,0.9800,no
59440d01-af67-7102-18e1-da4d1bc17bae,KXNEXTIRANLEADER-45JAN01-ALAR,2026-03-04T01:08:36.621232Z,506.00,0.0100,0.9900,no
4f2ed82c-46bd-70d0-333d-477ab81070e9,KXNEXTIRANLEADER-45JAN01-ALAR,2026-03-04T01:08:36.621232Z,724.00,0.0100,0.9900,no
00e3ab26-5522-7510-160a-7a60245636c4,KXNEXTIRANLEADER-45JAN01-ALAR,2026-03-04T01:08:36.621232Z,30.00,0.0200,0.9800,no
a329db7e-7b36-53fe-c244-1b79766bc5a1,KXNEXTIRANLEADER-45JAN01-ALAR,2026-03-04T01:06:29.978514Z,84.00,0.0300,0.9700,no
d5f24989-bf50-4d1f-4446-18c399cb22ee,KXNEXTIRANLEADER-45JAN01-ALAR,2026-03-04T01:04:39.412326Z,349.00,0.0300,0.9700,no
c0c043b9-09a5-4a36-7fb4-cc5599f49e46,KXNEXTIRANLEADER-45JAN01-ALAR,2026-03-04T01:04:39.412326Z,7.00,0.0300,0.9700,no
494bb7ad-9b31-5c5e-5149-c7d82f7bcda2,KXNEXTIRANLEADER-45JAN01-ALAR,2026-03-04T01:02:51.103363Z,12.00,0.0300,0.9700,no
ead90a85-c1a8-5b3e-c508-fa1ede5d2d62,KXNEXTIRANLEADER-45JAN01-ALAR,2026-03-04T00:59:55.739171Z,92.00,0.0400,0.9600,yes
dc537168-e20a-517f-e089-40cfe61c534c,KXNEXTIRANLEADER-45JAN01-ALAR,2026-03-04T00:59:55.739171Z,51.00,0.0600,0.9400,yes
c94e4df5-ae48-5c7b-d612-d9489503b527,KXNEXTIRANLEADER-45JAN01-ALAR,2026-03-04T00:59:55.739171Z,28.00,0.0800,0.9200,yes
c81b7dfe-51df-5f6f-efc0-075dfc592928,KXNEXTIRANLEADER-45JAN01-ALAR,2026-03-04T00:59:55.739171Z,485.00,0.0400,0.9600,yes
c2674721-cc90-5df2-e667-2e1ac8dd0fc1,KXNEXTIRANLEADER-45JAN01-ALAR,2026-03-04T00:59:55.739171Z,32.00,0.0500,0.9500,yes
7c838a94-4340-5cb7-ea0d-c245d1847709,KXNEXTIRANLEADER-45JAN01-ALAR,2026-03-04T00:59:55.739171Z,1000.00,0.0500,0.9500,yes
1edf16ec-a139-5f1f-fdc6-53497543671d,KXNEXTIRANLEADER-45JAN01-ALAR,2026-03-04T00:59:55.739171Z,500.00,0.0400,0.9600,yes
5dadded6-b658-468a-9000-3551d09b3a12,KXNEXTIRANLEADER-45JAN01-ALAR,2026-03-04T00:55:50.068783Z,12.00,0.0400,0.9600,yes
bc9842e4-4a27-780a-6953-8492dfe1c9b1,KXNEXTIRANLEADER-45JAN01-ALAR,2026-03-04T00:42:28.212553Z,25.00,0.0400,0.9600,yes
707fa5a5-3688-7752-7a0c-6d7056415f1c,KXNEXTIRANLEADER-45JAN01-ALAR,2026-03-04T00:42:28.212553Z,1975.00,0.0400,0.9600,yes
55b39b29-3030-7b27-4736-da61a41340c1,KXNEXTIRANLEADER-45JAN01-ALAR,2026-03-04T00:42:28.212553Z,400.00,0.0500,0.9500,yes
e6fb51e8-e61b-6c9e-5365-d6fa5edf7342,KXNEXTIRANLEADER-45JAN01-ALAR,2026-03-04T00:42:16.574251Z,104.00,0.0200,0.9800,no
920a9f88-061f-6c64-7382-d22b64d8d290,KXNEXTIRANLEADER-45JAN01-ALAR,2026-03-04T00:42:16.574251Z,896.00,0.0200,0.9800,no
939bfb68-deaf-5c68-f274-4974cbc293e8,KXNEXTIRANLEADER-45JAN01-ALAR,2026-03-04T00:38:41.960181Z,90.00,0.0200,0.9800,no
543eeabd-a61f-6688-2884-7733fccd6108,KXNEXTIRANLEADER-45JAN01-ALAR,2026-03-04T00:38:41.384706Z,18.00,0.0200,0.9800,no
f4c4e0b5-b783-6148-b147-70bb1ea1c0ec,KXNEXTIRANLEADER-45JAN01-ALAR,2026-03-04T00:37:37.731855Z,1.00,0.0200,0.9800,no
f210ad55-4edb-587c-150c-4b44e340e1e0,KXNEXTIRANLEADER-45JAN01-ALAR,2026-03-04T00:37:26.57504Z,4.00,0.0200,0.9800,no
538c2a50-dc1c-6b9a-2ec7-67b0c6aaa294,KXNEXTIRANLEADER-45JAN01-ALAR,2026-03-04T00:35:29.74151Z,1000.00,0.0400,0.9600,yes
146e0ad9-2aac-77fe-5ed1-2d9654eba914,KXNEXTIRANLEADER-45JAN01-ALAR,2026-03-04T00:35:12.513249Z,25.00,0.0400,0.9600,yes
7a94f7f0-09bf-7530-07b9-56ab8324be80,KXNEXTIRANLEADER-45JAN01-ALAR,2026-03-04T00:34:37.166169Z,82.00,0.0200,0.9800,no
603cf99d-ad44-5033-bfd7-9f14f6d65b61,KXNEXTIRANLEADER-45JAN01-ALAR,2026-03-04T00:33:56.968661Z,125.00,0.0400,0.9600,yes
f53cb2f9-1b80-5987-b735-96a3486e568d,KXNEXTIRANLEADER-45JAN01-ALAR,2026-03-04T00:26:15.134403Z,75.00,0.0400,0.9600,yes
a086d131-1fab-6f1e-2f94-80bf4831cdb1,KXNEXTIRANLEADER-45JAN01-ALAR,2026-03-04T00:20:21.608561Z,354.00,0.0300,0.9700,yes
2d401898-e28f-6c80-033c-eb32f60f2d95,KXNEXTIRANLEADER-45JAN01-ALAR,2026-03-04T00:20:21.608561Z,55.00,0.0300,0.9700,yes
b08cfd22-f46b-75f2-d9da-e23578b2602d,KXNEXTIRANLEADER-45JAN01-ALAR,2026-03-04T00:20:13.243805Z,33.00,0.0300,0.9700,yes
bae64ed6-356f-61c6-45b8-11eb62e1e8b9,KXNEXTIRANLEADER-45JAN01-ALAR,2026-03-04T00:16:44.180843Z,147.00,0.0300,0.9700,yes
403f413d-e5d5-6040-a16d-0c680254b589,KXNEXTIRANLEADER-45JAN01-ALAR,2026-03-04T00:11:30.919609Z,1246.00,0.0100,0.9900,no
c1cc8e6e-6861-5e08-b53a-2b9895b45869,KXNEXTIRANLEADER-45JAN01-ALAR,2026-03-04T00:05:03.135478Z,3192.00,0.0100,0.9900,no
14c578f8-00b1-7b9c-88ee-17a37e580d09,KXNEXTIRANLEADER-45JAN01-ALAR,2026-03-04T00:02:55.883645Z,50.00,0.0100,0.9900,no
e47c35ab-f7c1-60f4-1ee9-3ca3ec090d6d,KXNEXTIRANLEADER-45JAN01-ALAR,2026-03-04T00:01:28.46084Z,20.00,0.0100,0.9900,no
6b42cf28-3d41-4d90-72b2-5cf4d21ca135,KXNEXTIRANLEADER-45JAN01-ALAR,2026-03-03T23:57:53.305224Z,15.00,0.0100,0.9900,no
a118b2b1-a2b5-6acc-2f9a-4452a6dccc0d,KXNEXTIRANLEADER-45JAN01-ALAR,2026-03-03T23:54:57.314248Z,3000.00,0.0100,0.9900,no
34977657-dec1-7230-77ae-3981d22c7381,KXNEXTIRANLEADER-45JAN01-ALAR,2026-03-03T23:53:36.016578Z,18.00,0.0100,0.9900,no
d0edce88-f1d3-6ec0-4eed-fe9eefbfc536,KXNEXTIRANLEADER-45JAN01-ALAR,2026-03-03T23:52:52.018849Z,500.00,0.0200,0.9800,yes
dfd8c61a-490d-4398-5b23-b565fc7d4161,KXNEXTIRANLEADER-45JAN01-ALAR,2026-03-03T23:43:36.865959Z,20.00,0.0100,0.9900,no
c50fe7f9-020b-62cc-abf9-766df6498052,KXNEXTIRANLEADER-45JAN01-ALAR,2026-03-03T23:38:56.581155Z,14.00,0.0200,0.9800,yes
8125d079-17f1-79b0-1c5d-1ba96deed665,KXNEXTIRANLEADER-45JAN01-ALAR,2026-03-03T23:37:36.254083Z,50.00,0.0100,0.9900,no
d8077d16-6729-5a58-f6fd-df1611860cf5,KXNEXTIRANLEADER-45JAN01-ALAR,2026-03-03T23:32:42.936168Z,158.00,0.0100,0.9900,no
1725bd77-b36d-67e8-9eb3-cc7f38b56e29,KXNEXTIRANLEADER-45JAN01-ALAR,2026-03-03T23:30:53.171418Z,85.00,0.0100,0.9900,no
ff3f8b34-c880-65c6-efdf-1015223e4875,KXNEXTIRANLEADER-45JAN01-ALAR,2026-03-03T23:27:46.223992Z,101.00,0.0200,0.9800,yes
43cee12a-0545-67a7-d3d4-45f240ef5cbb,KXNEXTIRANLEADER-45JAN01-ALAR,2026-03-03T23:27:46.223992Z,266.00,0.0200,0.9800,yes
f473a588-7ab4-42f2-43b6-72ce2af28bb9,KXNEXTIRANLEADER-45JAN01-ALAR,2026-03-03T23:27:25.366631Z,50.00,0.0200,0.9800,yes
047a530c-0d51-54d8-8bbe-06335496dbe9,KXNEXTIRANLEADER-45JAN01-ALAR,2026-03-03T23:27:24.551047Z,277.00,0.0100,0.9900,no
cda94837-4600-50fe-ce71-c77656d1d3a9,KXNEXTIRANLEADER-45JAN01-ALAR,2026-03-03T23:27:06.911068Z,50.00,0.0200,0.9800,yes
ed8fd493-f9c9-7d74-67a5-374664a6f11d,KXNEXTIRANLEADER-45JAN01-ALAR,2026-03-03T23:27:04.413507Z,24.00,0.0100,0.9900,no
d730b1a3-3f2d-53d4-bc0c-d4d0e21d770d,KXNEXTIRANLEADER-45JAN01-ALAR,2026-03-03T23:27:01.155105Z,30.00,0.0100,0.9900,no
517773e8-7c91-695c-e06e-296526143289,KXNEXTIRANLEADER-45JAN01-ALAR,2026-03-03T23:26:36.019296Z,1000.00,0.0100,0.9900,no
c13b2d40-7209-6348-ec46-1a4ffafb6d1d,KXNEXTIRANLEADER-45JAN01-ALAR,2026-03-03T23:26:34.66266Z,37.00,0.0100,0.9900,no
e4229be0-3239-5144-c534-eb2dd5056fa5,KXNEXTIRANLEADER-45JAN01-ALAR,2026-03-03T23:26:30.563466Z,2.00,0.0100,0.9900,no
f91c41e5-ebbd-4614-7fa7-391de70de869,KXNEXTIRANLEADER-45JAN01-ALAR,2026-03-03T23:26:29.069643Z,47.00,0.0100,0.9900,no
3b36a8a7-0aa5-4104-282b-c38bf79ff315,KXNEXTIRANLEADER-45JAN01-ALAR,2026-03-03T23:26:23.006339Z,5.00,0.0100,0.9900,no
5eeef90c-79b8-45fb-7d53-e72080011bd9,KXNEXTIRANLEADER-45JAN01-ALAR,2026-03-03T23:25:38.772932Z,46.00,0.0100,0.9900,no
49e28087-a9dc-53b7-505f-3e5c62000e69,KXNEXTIRANLEADER-45JAN01-ALAR,2026-03-03T23:25:32.60327Z,46.00,0.0100,0.9900,no
42dcb24e-5d50-5f47-8762-673b17bd6631,KXNEXTIRANLEADER-45JAN01-ALAR,2026-03-03T23:24:24.636273Z,251.00,0.0100,0.9900,no
29e87dcd-d168-6e07-21ac-016daefdf1a5,KXNEXTIRANLEADER-45JAN01-ALAR,2026-03-03T23:24:23.412971Z,341.00,0.0100,0.9900,no
c8822ed9-b54c-41ca-46a1-a003922ef4c5,KXNEXTIRANLEADER-45JAN01-ALAR,2026-03-03T23:20:16.251345Z,50.00,0.0200,0.9800,yes
540baca0-3374-756b-e37c-2fad835e3225,KXNEXTIRANLEADER-45JAN01-ALAR,2026-03-03T23:16:50.368213Z,285.00,0.0100,0.9900,no
b2faf5b1-986c-43c7-7772-050430acb825,KXNEXTIRANLEADER-45JAN01-ALAR,2026-03-03T23:16:49.142774Z,144.00,0.0100,0.9900,no
2e990d22-43ec-5ec7-1186-23f6466f4fbd,KXNEXTIRANLEADER-45JAN01-ALAR,2026-03-03T23:16:47.913258Z,42.00,0.0100,0.9900,no
afab59dd-6840-53e7-1969-56e574299471,KXNEXTIRANLEADER-45JAN01-ALAR,2026-03-03T23:16:03.794872Z,455.00,0.0100,0.9900,no
dbf17c43-1d24-73fa-00f4-4688f9a90269,KXNEXTIRANLEADER-45JAN01-ALAR,2026-03-03T23:15:50.803629Z,50.00,0.0200,0.9800,yes
beffec14-ccbc-4ad7-2ac0-dd1d56cd9969,KXNEXTIRANLEADER-45JAN01-ALAR,2026-03-03T23:15:48.774986Z,117.00,0.0100,0.9900,no
7f9727c6-a738-4a8f-792e-0d63e68e9225,KXNEXTIRANLEADER-45JAN01-ALAR,2026-03-03T23:13:49.551762Z,398.00,0.0100,0.9900,no
0c15c4c3-ebf8-60e3-17bf-b8da78cf4ce1,KXNEXTIRANLEADER-45JAN01-ALAR,2026-03-03T23:11:10.016161Z,8470.00,0.0100,0.9900,no
4ca8e4e9-bfc8-4e1b-b75a-3bee248308fd,KXNEXTIRANLEADER-45JAN01-ALAR,2026-03-03T23:06:37.8611Z,50.00,0.0100,0.9900,no
702d5966-b388-43c7-f757-323008338921,KXNEXTIRANLEADER-45JAN01-ALAR,2026-03-03T23:05:33.273016Z,57.00,0.0100,0.9900,no
5fb3cdb6-3fb0-48c4-f24a-f62b92f789a3,KXNEXTIRANLEADER-45JAN01-ALAR,2026-03-03T23:05:33.273016Z,115.00,0.0100,0.9900,no
b9230588-8c64-6fbc-a0c9-e0fc582fcb27,KXNEXTIRANLEADER-45JAN01-ALAR,2026-03-03T22:59:39.120534Z,36.00,0.0100,0.9900,no
60a6a20d-6494-6c4c-dd94-08bc6c0bc7d7,KXNEXTIRANLEADER-45JAN01-ALAR,2026-03-03T22:53:15.135074Z,468.00,0.0100,0.9900,no
5952887e-e764-6998-ad97-ab3975ad8dc3,KXNEXTIRANLEADER-45JAN01-ALAR,2026-03-03T22:50:42.504141Z,181.00,0.0100,0.9900,no
94b1e9a6-8a68-5c96-eb88-41ace8171589,KXNEXTIRANLEADER-45JAN01-ALAR,2026-03-03T22:48:44.707835Z,199.00,0.0200,0.9800,yes
ab395664-8e44-48e1-8f36-9c5bf567d49b,KXNEXTIRANLEADER-45JAN01-ALAR,2026-03-03T22:41:11.286411Z,642.00,0.0200,0.9800,yes
2a886298-fda9-4450-bbce-cda4a5eaa612,KXNEXTIRANLEADER-45JAN01-ALAR,2026-03-03T22:41:11.286411Z,608.00,0.0200,0.9800,yes
9c79a879-6885-5906-cfd9-feb09698a336,KXNEXTIRANLEADER-45JAN01-ALAR,2026-03-03T22:37:28.887124Z,62.00,0.0100,0.9900,no
cb77e94b-e06b-6461-9174-8916c5e12b52,KXNEXTIRANLEADER-45JAN01-ALAR,2026-03-03T22:36:18.451455Z,1.00,0.0200,0.9800,yes
f624786f-0647-4030-c0bd-32486bf2a41b,KXNEXTIRANLEADER-45JAN01-ALAR,2026-03-03T22:34:50.066192Z,10.00,0.0100,0.9900,no
f314d0f9-23e2-445e-ef82-dafe580781bd,KXNEXTIRANLEADER-45JAN01-ALAR,2026-03-03T22:34:50.066192Z,99.00,0.0100,0.9900,no
c6dd848a-9f79-4149-d05e-bd793fd5b807,KXNEXTIRANLEADER-45JAN01-ALAR,2026-03-03T22:34:50.066192Z,500.00,0.0100,0.9900,no
68a91dce-505e-4aa7-ca9f-a5364b9d48af,KXNEXTIRANLEADER-45JAN01-ALAR,2026-03-03T22:34:50.066192Z,585.00,0.0100,0.9900,no
37c238a0-eafd-4fc2-c0be-b067da7fb6a6,KXNEXTIRANLEADER-45JAN01-ALAR,2026-03-03T22:34:50.066192Z,238.00,0.0100,0.9900,no
bb648c68-ba80-528f-d1d5-e98ac88eba29,KXNEXTIRANLEADER-45JAN01-ALAR,2026-03-03T22:25:11.1993Z,18.00,0.0200,0.9800,no
f5264552-5efb-6d36-5ecd-d30beeb6e8f9,KXNEXTIRANLEADER-45JAN01-ALAR,2026-03-03T22:25:07.969697Z,66.00,0.0300,0.9700,yes
58b7e2b7-e6f0-74d6-7d18-0afd6c3b8ff9,KXNEXTIRANLEADER-45JAN01-ALAR,2026-03-03T22:24:16.572951Z,500.00,0.0200,0.9800,yes
54f9d3bb-abc2-7d4e-821d-221ce422fadf,KXNEXTIRANLEADER-45JAN01-ALAR,2026-03-03T22:15:19.672746Z,230.00,0.0200,0.9800,no
22e24948-7dd8-7f5a-cdea-cbd9610dd3b7,KXNEXTIRANLEADER-45JAN01-ALAR,2026-03-03T22:14:26.798558Z,500.00,0.0200,0.9800,yes
fe0dcacc-b67e-7247-159c-944920653167,KXNEXTIRANLEADER-45JAN01-ALAR,2026-03-03T22:11:25.728399Z,12.00,0.0100,0.9900,no
97539762-7452-4f1e-8f7b-11761e72b5d7,KXNEXTIRANLEADER-45JAN01-ALAR,2026-03-03T22:11:12.205462Z,25.00,0.0200,0.9800,yes
e8682ee7-745e-6d9f-5c94-c4f4ab68c2f7,KXNEXTIRANLEADER-45JAN01-ALAR,2026-03-03T22:09:51.880929Z,100.00,0.0100,0.9900,no
7061b8ae-2ad6-6e5b-8bf3-c1bbc4426457,KXNEXTIRANLEADER-45JAN01-ALAR,2026-03-03T22:07:26.36695Z,404.00,0.0100,0.9900,no
f2be85fe-5108-5ab0-ac3f-36281be64b24,KXNEXTIRANLEADER-45JAN01-ALAR,2026-03-03T22:06:37.624006Z,67.00,0.0200,0.9800,yes
980c314b-2705-55dd-a3b6-300699c23429,KXNEXTIRANLEADER-45JAN01-ALAR,2026-03-03T22:06:37.624006Z,50.00,0.0200,0.9800,yes
79735b1d-7564-5db9-9128-1cb96bc50478,KXNEXTIRANLEADER-45JAN01-ALAR,2026-03-03T22:06:37.624006Z,83.00,0.0200,0.9800,yes
03865bdf-aa9a-44ff-e63b-b313537cf47f,KXNEXTIRANLEADER-45JAN01-ALAR,2026-03-03T21:58:05.97788Z,200.00,0.0100,0.9900,no
ed509f38-ea4e-4393-c8b3-61293bd6e21f,KXNEXTIRANLEADER-45JAN01-ALAR,2026-03-03T21:58:03.724896Z,1000.00,0.0100,0.9900,no
ea16c546-b7cd-4d2c-ce22-7a200d2d4234,KXNEXTIRANLEADER-45JAN01-ALAR,2026-03-03T21:57:53.504243Z,800.00,0.0200,0.9800,no
bcde9536-1d93-58e1-1046-e616e6077c76,KXNEXTIRANLEADER-45JAN01-ALAR,2026-03-03T21:56:12.805261Z,30.00,0.0200,0.9800,no
74bf8e10-fa56-58e7-1699-02b33ad0d8fb,KXNEXTIRANLEADER-45JAN01-ALAR,2026-03-03T21:56:12.805261Z,70.00,0.0100,0.9900,no
c077d20b-9646-64ed-8cd6-741f2a82f05d,KXNEXTIRANLEADER-45JAN01-ALAR,2026-03-03T21:41:47.494665Z,250.00,0.0400,0.9600,yes
354d3ed3-a375-6618-9a54-09dad8955198,KXNEXTIRANLEADER-45JAN01-ALAR,2026-03-03T21:39:50.976698Z,50.00,0.0200,0.9800,yes
157d21d9-9b74-693c-b06c-15a807f151d1,KXNEXTIRANLEADER-45JAN01-ALAR,2026-03-03T21:39:50.976698Z,76.00,0.0200,0.9800,yes
0ee275fd-e723-6c30-9479-9ab1359025fa,KXNEXTIRANLEADER-45JAN01-ALAR,2026-03-03T21:39:50.976698Z,1044.00,0.0200,0.9800,yes
0d4e9282-1046-7ddb-7f35-2dfed78c092b,KXNEXTIRANLEADER-45JAN01-ALAR,2026-03-03T21:38:35.833121Z,18.00,0.0100,0.9900,no
1478af36-e50f-4a0f-e1c0-442881251b9e,KXNEXTIRANLEADER-45JAN01-ALAR,2026-03-03T21:33:46.489539Z,187.00,0.0200,0.9800,no
3d59e42d-9c3e-53a7-cda2-0055c5f0eb6b,KXNEXTIRANLEADER-45JAN01-ALAR,2026-03-03T21:31:18.396461Z,3.00,0.0100,0.9900,no
5d0e8831-ee2d-586b-af8c-6c4d88503886,KXNEXTIRANLEADER-45JAN01-ALAR,2026-03-03T21:30:21.701561Z,14252.00,0.0100,0.9900,no
363e1f96-fee6-5537-8704-f190bd5a3d0f,KXNEXTIRANLEADER-45JAN01-ALAR,2026-03-03T21:30:21.701561Z,3248.00,0.0100,0.9900,no
9b4491ef-fd32-5e1d-8ed9-9c4cd2c731a8,KXNEXTIRANLEADER-45JAN01-ALAR,2026-03-03T21:23:18.250127Z,241.00,0.0200,0.9800,yes
0fa533e0-2619-5445-9147-11029837bf0b,KXNEXTIRANLEADER-45JAN01-ALAR,2026-03-03T21:23:18.250127Z,6.00,0.0200,0.9800,yes
8e6539f7-256d-68ef-ab69-356a7f160112,KXNEXTIRANLEADER-45JAN01-ALAR,2026-03-03T21:17:44.416195Z,1.00,0.0100,0.9900,no
9696a4fc-2d29-4e5f-756e-8f228af5250a,KXNEXTIRANLEADER-45JAN01-ALAR,2026-03-03T21:15:33.58314Z,375.00,0.0100,0.9900,no
c8c19d2c-4259-62db-7f6b-8d8c131cee86,KXNEXTIRANLEADER-45JAN01-ALAR,2026-03-03T21:15:28.126217Z,400.00,0.0100,0.9900,no
d2a4158d-f695-70b7-c099-40c59fdd36b6,KXNEXTIRANLEADER-45JAN01-ALAR,2026-03-03T21:14:12.571305Z,33.00,0.0100,0.9900,no
ae45c5a5-df69-503c-3deb-06876d934e41,KXNEXTIRANLEADER-45JAN01-ALAR,2026-03-03T21:06:45.865304Z,1.00,0.0200,0.9800,no
7114c9e7-0eb5-5597-148d-70d3054e699a,KXNEXTIRANLEADER-45JAN01-ALAR,2026-03-03T21:06:45.865304Z,231.00,0.0100,0.9900,no
168f6a9c-0b0f-56d5-0cff-1263535fca4c,KXNEXTIRANLEADER-45JAN01-ALAR,2026-03-03T21:06:45.865304Z,61.00,0.0200,0.9800,no
a5d2ba58-93f4-49ee-d013-250002456b56,KXNEXTIRANLEADER-45JAN01-ALAR,2026-03-03T21:04:28.788572Z,41.00,0.0200,0.9800,no
fa856769-7f9c-7396-5627-9a3f620dcf7e,KXNEXTIRANLEADER-45JAN01-ALAR,2026-03-03T21:02:25.326614Z,208.00,0.0200,0.9800,no
f4dfa34e-de14-6282-9bf8-d79c59533e2a,KXNEXTIRANLEADER-45JAN01-ALAR,2026-03-03T21:02:25.313865Z,64.00,0.0200,0.9800,no
e022e145-6358-5836-604f-1875fe7464c2,KXNEXTIRANLEADER-45JAN01-ALAR,2026-03-03T21:02:19.617129Z,65.00,0.0200,0.9800,no
7eb9addd-23b0-6296-15e1-8672435d358e,KXNEXTIRANLEADER-45JAN01-ALAR,2026-03-03T21:02:09.814115Z,208.00,0.0200,0.9800,no
b5731514-9ac0-5f1e-c6de-547cc1898f36,KXNEXTIRANLEADER-45JAN01-ALAR,2026-03-03T21:02:08.594904Z,5.00,0.0200,0.9800,no
8ca3a9e4-1180-7c52-a40a-22e5bac60c6e,KXNEXTIRANLEADER-45JAN01-ALAR,2026-03-03T21:01:45.32441Z,152.00,0.0200,0.9800,no
b76d2cb9-a27c-4386-599e-4c10af372126,KXNEXTIRANLEADER-45JAN01-ALAR,2026-03-03T21:01:44.099684Z,6.00,0.0200,0.9800,no
ee4c8a1c-1b97-5d34-cc93-f83c15594a27,KXNEXTIRANLEADER-45JAN01-ALAR,2026-03-03T21:01:34.059977Z,6.00,0.0300,0.9700,no
e6dd14b2-7956-5a19-e347-1d5858f26106,KXNEXTIRANLEADER-45JAN01-ALAR,2026-03-03T21:01:34.059977Z,1.00,0.0300,0.9700,no
71950f1a-35e8-7356-71c5-7314802bc2ea,KXNEXTIRANLEADER-45JAN01-ALAR,2026-03-03T20:56:12.904011Z,1000.00,0.0200,0.9800,no
d69dae92-2596-4ba3-9d3b-7f2ee8b286d7,KXNEXTIRANLEADER-45JAN01-ALAR,2026-03-03T20:55:34.644161Z,300.00,0.0200,0.9800,no
cb430700-d357-462f-9369-84da534fc7ce,KXNEXTIRANLEADER-45JAN01-ALAR,2026-03-03T20:55:34.644161Z,1279.00,0.0200,0.9800,no
463ae35a-26d4-4f8a-8513-f48785b82f52,KXNEXTIRANLEADER-45JAN01-ALAR,2026-03-03T20:55:34.644161Z,184.00,0.0200,0.9800,no
1adec2b7-9e7f-50dc-05e2-37007cbced0b,KXNEXTIRANLEADER-45JAN01-ALAR,2026-03-03T20:51:12.132471Z,15.00,0.0300,0.9700,no
0e075e1e-a74f-5f94-2a34-6487b174b673,KXNEXTIRANLEADER-45JAN01-ALAR,2026-03-03T20:51:12.132471Z,1.00,0.0300,0.9700,no
f1fac540-e765-5f3a-bf59-383eedd16984,KXNEXTIRANLEADER-45JAN01-ALAR,2026-03-03T20:49:10.530261Z,9.00,0.0700,0.9300,yes
1632216f-7e95-5037-aead-7d599d39b96d,KXNEXTIRANLEADER-45JAN01-ALAR,2026-03-03T20:49:10.530261Z,25.00,0.0400,0.9600,yes
09f00fe9-07d1-53a2-bec4-998ae76fbb65,KXNEXTIRANLEADER-45JAN01-ALAR,2026-03-03T20:49:10.530261Z,8.00,0.0400,0.9600,yes
8e4b9370-c43a-6a12-5568-d372f088a75d,KXNEXTIRANLEADER-45JAN01-ALAR,2026-03-03T20:48:39.174242Z,2.00,0.0300,0.9700,no
810d9d3e-3977-642f-4287-e4979a69180e,KXNEXTIRANLEADER-45JAN01-ALAR,2026-03-03T20:48:39.174242Z,1641.00,0.0200,0.9800,no
5b68bc86-23d9-6c9a-5677-9c3c74056329,KXNEXTIRANLEADER-45JAN01-ALAR,2026-03-03T20:48:39.174242Z,41.00,0.0300,0.9700,no
fd5314e8-c6a1-686f-92ad-1a0f8a99fee0,KXNEXTIRANLEADER-45JAN01-ALAR,2026-03-03T20:48:26.288155Z,41.00,0.0300,0.9700,no
301ec851-e17e-68bb-9b5c-b2ddbfcc281f,KXNEXTIRANLEADER-45JAN01-ALAR,2026-03-03T20:48:26.288155Z,2.00,0.0300,0.9700,no
0c65cbc9-eaff-6a0f-ba57-3db6be30e4c2,KXNEXTIRANLEADER-45JAN01-ALAR,2026-03-03T20:48:26.288155Z,45.00,0.0200,0.9800,no
fdf05df5-4a10-5fd6-7b67-cb8c2db87316,KXNEXTIRANLEADER-45JAN01-ALAR,2026-03-03T20:48:07.194968Z,40.00,0.0300,0.9700,no
6d23f53a-8cb9-5718-71f3-ea5b0d811e7b,KXNEXTIRANLEADER-45JAN01-ALAR,2026-03-03T20:48:07.194968Z,3.00,0.0300,0.9700,no
061564ef-47a3-6aeb-79fc-9f5b27c50412,KXNEXTIRANLEADER-45JAN01-ALAR,2026-03-03T20:47:52.316894Z,75.00,0.0200,0.9800,no
90b5cc84-195b-6a23-1d8c-24e9258ee2d2,KXNEXTIRANLEADER-45JAN01-ALAR,2026-03-03T20:47:51.79798Z,1.00,0.0200,0.9800,no
98de71ac-4667-57a3-630f-70942dbdcba6,KXNEXTIRANLEADER-45JAN01-ALAR,2026-03-03T20:47:49.833232Z,79.00,0.0200,0.9800,no
d3e970ab-456b-4fe7-f335-e0f3e369df0e,KXNEXTIRANLEADER-45JAN01-ALAR,2026-03-03T20:47:48.756239Z,4761.00,0.0200,0.9800,no
6a64e81e-17a7-4bbb-a58d-5a80e2e22092,KXNEXTIRANLEADER-45JAN01-ALAR,2026-03-03T20:47:48.606362Z,4.00,0.0300,0.9700,no
ec9a0c56-104b-573f-97b2-1534dfee831e,KXNEXTIRANLEADER-45JAN01-ALAR,2026-03-03T20:47:44.950312Z,150.00,0.0200,0.9800,no
78ce56ac-fa6b-6507-0272-ffc2233f0fee,KXNEXTIRANLEADER-45JAN01-ALAR,2026-03-03T20:47:41.557441Z,22.00,0.0200,0.9800,no
5dce00d2-a4b3-44ab-bfa6-e00df17979be,KXNEXTIRANLEADER-45JAN01-ALAR,2026-03-03T20:47:40.3279Z,12.00,0.0200,0.9800,no
18f643ec-c4d6-6786-0233-48b62d11c249,KXNEXTIRANLEADER-45JAN01-ALAR,2026-03-03T20:47:39.096253Z,6.00,0.0300,0.9700,no
3eeb7088-aa78-6901-048f-d656cca8e891,KXNEXTIRANLEADER-45JAN01-ALAR,2026-03-03T20:47:35.175637Z,21.00,0.0300,0.9700,no
203a09ef-7748-6d38-335b-c7df77e56439,KXNEXTIRANLEADER-45JAN01-ALAR,2026-03-03T20:47:35.175637Z,41.00,0.0300,0.9700,no
8491ef6f-09f0-609c-7c7a-0803496d5879,KXNEXTIRANLEADER-45JAN01-ALAR,2026-03-03T20:47:32.825465Z,14.00,0.0300,0.9700,no
8c35ba93-5dcb-7a58-e8fb-998cd4fca7ec,KXNEXTIRANLEADER-45JAN01-ALAR,2026-03-03T20:46:59.381753Z,9.00,0.0300,0.9700,no
766399f7-6440-7e6c-db51-d245ec4882e1,KXNEXTIRANLEADER-45JAN01-ALAR,2026-03-03T20:46:59.381753Z,6.00,0.0300,0.9700,no
e57c3427-9239-5892-efd5-d86c58a57099,KXNEXTIRANLEADER-45JAN01-ALAR,2026-03-03T20:43:48.956051Z,25.00,0.0400,0.9600,yes
f96ff5ed-ce67-60ef-9b53-67b0acbf7642,KXNEXTIRANLEADER-45JAN01-ALAR,2026-03-03T20:41:54.464037Z,235.00,0.0200,0.9800,no
c4f50280-3c76-75a6-dec1-009f1bbb93d6,KXNEXTIRANLEADER-45JAN01-ALAR,2026-03-03T20:41:49.480884Z,162.00,0.0200,0.9800,no
be08ae09-0250-792f-d566-24f300de9a20,KXNEXTIRANLEADER-45JAN01-ALAR,2026-03-03T20:41:49.480884Z,12.00,0.0300,0.9700,no
60a73b11-a16b-73ab-f8eb-f0cd99ce4682,KXNEXTIRANLEADER-45JAN01-ALAR,2026-03-03T20:41:49.480884Z,1700.00,0.0200,0.9800,no
8b8892bf-1552-46ba-93a5-cf18506ac17a,KXNEXTIRANLEADER-45JAN01-ALAR,2026-03-03T20:41:45.446788Z,50.00,0.0200,0.9800,no
84805e5a-0b62-44c6-1e98-4fd68b6180de,KXNEXTIRANLEADER-45JAN01-ALAR,2026-03-03T20:41:44.153509Z,64.00,0.0200,0.9800,no
361cd29d-288b-45ae-ac4d-35f161c0f1cf,KXNEXTIRANLEADER-45JAN01-ALAR,2026-03-03T20:41:42.931893Z,18.00,0.0300,0.9700,no
42333571-e9d0-679e-8fff-1001069e65e7,KXNEXTIRANLEADER-45JAN01-ALAR,2026-03-03T20:41:41.705188Z,57.00,0.0300,0.9700,no
bab266a3-d640-7e32-7784-3ef461006a97,KXNEXTIRANLEADER-45JAN01-ALAR,2026-03-03T20:41:40.47989Z,3.00,0.0300,0.9700,no
861fa00e-12ef-75a9-76f2-87685ca5a7ac,KXNEXTIRANLEADER-45JAN01-ALAR,2026-03-03T20:41:40.47989Z,40.00,0.0300,0.9700,no
4b42cdde-2b39-755a-5685-2ae06f2fdcfc,KXNEXTIRANLEADER-45JAN01-ALAR,2026-03-03T20:41:40.47989Z,6.00,0.0300,0.9700,no
5640f4b6-e7df-7a55-c57c-d20e89118584,KXNEXTIRANLEADER-45JAN01-ALAR,2026-03-03T20:41:39.253623Z,142.00,0.0300,0.9700,no
42ed2c2d-0f3a-53b7-1ea4-271ec85355f8,KXNEXTIRANLEADER-45JAN01-ALAR,2026-03-03T20:41:37.668518Z,24.00,0.0300,0.9700,no
f919e389-1c57-5e83-e823-1e9de46dfbf8,KXNEXTIRANLEADER-45JAN01-ALAR,2026-03-03T20:40:45.111827Z,55.00,0.0300,0.9700,no
a2ad53eb-f71e-59c7-dad2-5adf883b9508,KXNEXTIRANLEADER-45JAN01-ALAR,2026-03-03T20:40:45.111827Z,1.00,0.0300,0.9700,no
c4b7edc2-bcab-6adb-c7d5-28d43cb2f068,KXNEXTIRANLEADER-45JAN01-ALAR,2026-03-03T20:40:41.363009Z,6.00,0.0300,0.9700,no
11c783d2-347f-6fea-d5ea-ca6752b25261,KXNEXTIRANLEADER-45JAN01-ALAR,2026-03-03T20:40:41.363009Z,2.00,0.0300,0.9700,no
e3b05079-7f86-7f16-fdf1-d5898842dc30,KXNEXTIRANLEADER-45JAN01-ALAR,2026-03-03T20:37:56.204622Z,21.00,0.0600,0.9400,yes
c45fbd2d-059f-7ca1-f4b5-1fda8e88c1a3,KXNEXTIRANLEADER-45JAN01-ALAR,2026-03-03T20:37:56.204622Z,98.00,0.0700,0.9300,yes
bd0a74b9-ce54-726d-e72c-905b48665934,KXNEXTIRANLEADER-45JAN01-ALAR,2026-03-03T20:37:56.204622Z,54.00,0.0600,0.9400,yes
acadbc6f-4a9b-7a61-df08-348abb75fca4,KXNEXTIRANLEADER-45JAN01-ALAR,2026-03-03T20:37:56.204622Z,6.00,0.0700,0.9300,yes
98e0398f-b224-79a4-c9f5-5a2139a40406,KXNEXTIRANLEADER-45JAN01-ALAR,2026-03-03T20:37:56.204622Z,106.00,0.0700,0.9300,yes
7fd17797-a89e-737f-dac5-85e1ebce2842,KXNEXTIRANLEADER-45JAN01-ALAR,2026-03-03T20:37:56.204622Z,71.00,0.0700,0.9300,yes
3ddfa0aa-e36f-775a-d130-8581eb64fa94,KXNEXTIRANLEADER-45JAN01-ALAR,2026-03-03T20:37:56.204622Z,11.00,0.0700,0.9300,yes
d73cfeb7-a4d9-63c6-1afb-92e5347ad77b,KXNEXTIRANLEADER-45JAN01-ALAR,2026-03-03T20:36:41.533665Z,33.00,0.0300,0.9700,no
95cc5e09-5900-692f-1a94-2d3f35af7359,KXNEXTIRANLEADER-45JAN01-ALAR,2026-03-03T20:36:41.533665Z,31.00,0.0300,0.9700,no
862ada47-dfda-6732-0d4b-332e0149e9e2,KXNEXTIRANLEADER-45JAN01-ALAR,2026-03-03T20:36:41.533665Z,67.00,0.0200,0.9800,no
750e0d80-c942-601e-0364-a1f3ceaac45f,KXNEXTIRANLEADER-45JAN01-ALAR,2026-03-03T20:36:41.533665Z,29.00,0.0400,0.9600,no
744b144c-0491-600e-306d-5e44c61fccc1,KXNEXTIRANLEADER-45JAN01-ALAR,2026-03-03T20:36:41.533665Z,61.00,0.0300,0.9700,no
4fa98926-c502-6220-34e7-c461d934dc91,KXNEXTIRANLEADER-45JAN01-ALAR,2026-03-03T20:36:41.533665Z,8.00,0.0300,0.9700,no
e717ec92-2206-6a12-1e7b-94f062b3f532,KXNEXTIRANLEADER-45JAN01-ALAR,2026-03-03T20:30:29.628531Z,396.00,0.0200,0.9800,no
a54d0eec-e787-6f64-0d02-7286399d3edc,KXNEXTIRANLEADER-45JAN01-ALAR,2026-03-03T20:30:29.628531Z,150.00,0.0300,0.9700,no
856b8456-b152-6e45-2ed1-fdfd92dca7f4,KXNEXTIRANLEADER-45JAN01-ALAR,2026-03-03T20:30:29.628531Z,9.00,0.0300,0.9700,no
edf58e06-179b-4ad6-9ff0-a5cf387fa209,KXNEXTIRANLEADER-45JAN01-ALAR,2026-03-03T20:30:08.069264Z,72.00,0.0300,0.9700,no
ed83f875-497b-4fd4-8d45-ada4fce17168,KXNEXTIRANLEADER-45JAN01-ALAR,2026-03-03T20:30:08.069264Z,12.00,0.0300,0.9700,no
8cbd5944-5c8e-43b6-8796-d02a838048e2,KXNEXTIRANLEADER-45JAN01-ALAR,2026-03-03T20:30:08.069264Z,50.00,0.0200,0.9800,no
3df2baba-d913-5686-e508-5a7f1fab6681,KXNEXTIRANLEADER-45JAN01-ALAR,2026-03-03T20:28:40.169326Z,13.00,0.0300,0.9700,no
64b09469-a3f7-5aaa-2d7d-4fd3a20d8389,KXNEXTIRANLEADER-45JAN01-ALAR,2026-03-03T20:28:33.809049Z,50.00,0.0300,0.9700,no
1605a401-6a43-69a6-83c5-06ed6100e7f9,KXNEXTIRANLEADER-45JAN01-ALAR,2026-03-03T20:28:27.487086Z,50.00,0.0300,0.9700,no
bf7921a8-4a8b-531e-53c2-bebb8a2f7dd1,KXNEXTIRANLEADER-45JAN01-ALAR,2026-03-03T20:28:26.261342Z,26.00,0.0300,0.9700,no
f106862d-1603-6ada-f69b-fb7d5805ec05,KXNEXTIRANLEADER-45JAN01-ALAR,2026-03-03T20:28:20.990966Z,21.00,0.0300,0.9700,no
e747d473-6fd3-75c6-b43b-90b2cb34a2a5,KXNEXTIRANLEADER-45JAN01-ALAR,2026-03-03T20:28:15.638045Z,29.00,0.0300,0.9700,no
ec258d23-58bf-4c02-6916-23261c4858fd,KXNEXTIRANLEADER-45JAN01-ALAR,2026-03-03T20:28:14.410265Z,26.00,0.0300,0.9700,no
b765f6eb-f413-4362-2929-4e8c044d1415,KXNEXTIRANLEADER-45JAN01-ALAR,2026-03-03T20:28:13.183037Z,6.00,0.0300,0.9700,no
a5e56b70-0ba3-70fa-d728-887fb588942d,KXNEXTIRANLEADER-45JAN01-ALAR,2026-03-03T20:28:11.955629Z,2.00,0.0300,0.9700,no
b868da0b-d50b-684b-c0fe-b35811a54091,KXNEXTIRANLEADER-45JAN01-ALAR,2026-03-03T20:28:03.038558Z,13.00,0.0300,0.9700,no
f801f9e9-5bcb-69ff-38e9-ec225494d60d,KXNEXTIRANLEADER-45JAN01-ALAR,2026-03-03T20:28:01.80447Z,2.00,0.0300,0.9700,no
fc88096e-9d06-40cf-d3fb-ec9a36042bcd,KXNEXTIRANLEADER-45JAN01-ALAR,2026-03-03T20:26:27.164158Z,12.00,0.0300,0.9700,no
f7880792-562b-7864-4a45-358a57e97328,KXNEXTIRANLEADER-45JAN01-ALAR,2026-03-03T20:17:20.07391Z,24.00,0.0400,0.9600,yes
b3379260-95ea-6544-7e42-e2aea41d8cad,KXNEXTIRANLEADER-45JAN01-ALAR,2026-03-03T20:10:31.681433Z,159.00,0.0400,0.9600,yes
953a7feb-0165-6551-5d9d-eb775d6ad2dd,KXNEXTIRANLEADER-45JAN01-ALAR,2026-03-03T20:10:31.681433Z,7.00,0.0400,0.9600,yes
66571815-9792-650c-dfd7-814a18d38eb1,KXNEXTIRANLEADER-45JAN01-ALAR,2026-03-03T20:10:21.87382Z,16.00,0.0300,0.9700,no
1ba4df9b-0e56-62aa-dda9-bf0b9b2b945e,KXNEXTIRANLEADER-45JAN01-ALAR,2026-03-03T20:10:21.87382Z,13.00,0.0300,0.9700,no
cd2d75bd-0ca5-63db-be55-89674687d061,KXNEXTIRANLEADER-45JAN01-ALAR,2026-03-03T20:06:55.315487Z,20.00,0.0500,0.9500,yes
78cd59e0-1ba8-7686-70eb-c8ef9bf9fd55,KXNEXTIRANLEADER-45JAN01-ALAR,2026-03-03T20:06:41.419082Z,500.00,0.0300,0.9700,no
684ccd7b-bf0e-7956-55d5-36a6661c08ae,KXNEXTIRANLEADER-45JAN01-ALAR,2026-03-03T20:06:41.419082Z,207.00,0.0200,0.9800,no
1ddb7b8b-3a1d-79c9-4934-d4472ab6e90e,KXNEXTIRANLEADER-45JAN01-ALAR,2026-03-03T20:06:41.419082Z,20.00,0.0300,0.9700,no
19f45569-75ac-70b5-746d-1fb647c526fd,KXNEXTIRANLEADER-45JAN01-ALAR,2026-03-03T20:06:41.419082Z,212.00,0.0300,0.9700,no
0b55e2d0-2dd1-7926-5afe-245b1054acf3,KXNEXTIRANLEADER-45JAN01-ALAR,2026-03-03T20:06:41.419082Z,61.00,0.0200,0.9800,no
e0d02e4c-878b-506d-73cb-10f892f64b9f,KXNEXTIRANLEADER-45JAN01-ALAR,2026-03-03T20:02:22.946671Z,2.00,0.0700,0.9300,yes
a89ff8bf-ed3b-4b85-0c95-3a1d5cbe2176,KXNEXTIRANLEADER-45JAN01-ALAR,2026-03-03T19:57:53.293709Z,25.00,0.0300,0.9700,no
213a9cd2-470a-4252-35a0-b4832d51d23e,KXNEXTIRANLEADER-45JAN01-ALAR,2026-03-03T19:57:53.293709Z,1010.00,0.0300,0.9700,no
ee802fcc-f5ed-7247-ce41-5d3e368a6317,KXNEXTIRANLEADER-45JAN01-ALAR,2026-03-03T19:56:59.22436Z,316.00,0.0100,0.9900,no
c2199d3d-0e42-70dd-da1d-8e9ee1569f8d,KXNEXTIRANLEADER-45JAN01-ALAR,2026-03-03T19:56:59.22436Z,18.00,0.0300,0.9700,no
8eda1d6b-6497-786a-cbdc-c43368e2cc82,KXNEXTIRANLEADER-45JAN01-ALAR,2026-03-03T19:56:59.22436Z,56.00,0.0300,0.9700,no
8dd44fa1-758c-7b03-cd70-4c4d1ed823f6,KXNEXTIRANLEADER-45JAN01-ALAR,2026-03-03T19:56:59.22436Z,116.00,0.0300,0.9700,no
6119c1d1-252a-7849-eb55-032d4bc49bd3,KXNEXTIRANLEADER-45JAN01-ALAR,2026-03-03T19:56:59.22436Z,96.00,0.0500,0.9500,no
1d92bbb8-f3e1-75f6-ff59-c521c5165d9a,KXNEXTIRANLEADER-45JAN01-ALAR,2026-03-03T19:56:59.22436Z,13.00,0.0400,0.9600,no
1b2cbeab-d876-7248-ff77-ac26bdff6ceb,KXNEXTIRANLEADER-45JAN01-ALAR,2026-03-03T19:56:59.22436Z,60.00,0.0300,0.9700,no
186996b5-a2d3-7999-f75c-81bd8daa9aa5,KXNEXTIRANLEADER-45JAN01-ALAR,2026-03-03T19:56:59.22436Z,680.00,0.0200,0.9800,no
16b28f69-5805-708b-cc9b-3cec8f7c2ed2,KXNEXTIRANLEADER-45JAN01-ALAR,2026-03-03T19:56:59.22436Z,698.00,0.0100,0.9900,no
0b11d1dd-c9b6-7fd8-d3f7-49cfd3b1b1dd,KXNEXTIRANLEADER-45JAN01-ALAR,2026-03-03T19:56:59.22436Z,96.00,0.0300,0.9700,no
019de1bc-d33f-7c96-c160-4f75ff083c55,KXNEXTIRANLEADER-45JAN01-ALAR,2026-03-03T19:56:59.22436Z,71.00,0.0200,0.9800,no
dbd5aa3e-a8d2-5ff5-0590-fdec5e3f656b,KXNEXTIRANLEADER-45JAN01-ALAR,2026-03-03T19:56:47.082289Z,6.00,0.0500,0.9500,no
8a699326-ae2e-6ff9-c325-2a35205e0bc3,KXNEXTIRANLEADER-45JAN01-ALAR,2026-03-03T19:56:44.392693Z,8.00,0.0500,0.9500,no
749cab99-f90e-4af1-682c-4f05df6206f7,KXNEXTIRANLEADER-45JAN01-ALAR,2026-03-03T19:56:43.143413Z,39.00,0.0500,0.9500,no
ef5a3c6c-7cea-6699-cb70-974366f8a463,KXNEXTIRANLEADER-45JAN01-ALAR,2026-03-03T19:56:40.417647Z,32.00,0.0500,0.9500,no
069d55e0-8272-6f89-e127-4c8787b23953,KXNEXTIRANLEADER-45JAN01-ALAR,2026-03-03T19:56:39.173663Z,18.00,0.0500,0.9500,no
f970c616-2ae1-4de7-8633-a45d75855de1,KXNEXTIRANLEADER-45JAN01-ALAR,2026-03-03T19:56:37.948895Z,42.00,0.0500,0.9500,no
2d6ddab7-ec22-46b1-9bc9-ca94d309d633,KXNEXTIRANLEADER-45JAN01-ALAR,2026-03-03T19:56:37.948895Z,1.00,0.0500,0.9500,no
045d86cd-4177-417c-bab0-8e7cea0c6ee5,KXNEXTIRANLEADER-45JAN01-ALAR,2026-03-03T19:56:37.948895Z,4.00,0.0500,0.9500,no
e016a276-f7f7-5c90-1f07-0a01bb43a19d,KXNEXTIRANLEADER-45JAN01-ALAR,2026-03-03T19:56:36.723049Z,6.00,0.0500,0.9500,no
f67ca723-db83-5060-9874-f6dfeedb8d51,KXNEXTIRANLEADER-45JAN01-ALAR,2026-03-03T19:56:30.173233Z,50.00,0.0500,0.9500,no
1bc4185d-eb33-545c-29e4-f323efb8751d,KXNEXTIRANLEADER-45JAN01-ALAR,2026-03-03T19:55:33.207782Z,240.00,0.0500,0.9500,no
1704c051-c35c-5f27-1498-52175b07a539,KXNEXTIRANLEADER-45JAN01-ALAR,2026-03-03T19:55:33.207782Z,300.00,0.0500,0.9500,no
c9b2959f-c9ac-7aef-bf85-4f27927ae0f9,KXNEXTIRANLEADER-45JAN01-ALAR,2026-03-03T19:55:33.104501Z,263.00,0.0500,0.9500,no
1d0a6bf7-1e2c-58b3-9587-ffa48d44bff1,KXNEXTIRANLEADER-45JAN01-ALAR,2026-03-03T19:55:23.812215Z,7.00,0.0500,0.9500,no
d56e6ee0-4cc8-5463-384b-75d087788531,KXNEXTIRANLEADER-45JAN01-ALAR,2026-03-03T19:55:23.714952Z,138.00,0.0500,0.9500,no
7e1edb67-b9d8-46cb-e0fd-a48e680c3f5d,KXNEXTIRANLEADER-45JAN01-ALAR,2026-03-03T19:55:22.484796Z,5.00,0.0500,0.9500,no
47e3edd9-32bc-49bb-57e6-e777c17cbd7d,KXNEXTIRANLEADER-45JAN01-ALAR,2026-03-03T19:55:22.467754Z,148.00,0.0500,0.9500,no
970cf5af-0730-55e8-1438-a8d4fdd2e41e,KXNEXTIRANLEADER-45JAN01-ALAR,2026-03-03T19:53:57.179426Z,5.00,0.0900,0.9100,yes
e8a32d7d-2e80-5f13-6062-d3dae8f87b3d,KXNEXTIRANLEADER-45JAN01-ALAR,2026-03-03T19:42:27.054044Z,1.00,0.0500,0.9500,no
e8dc372c-8220-7bd1-0b33-3dda1d9b9bd2,KXNEXTIRANLEADER-45JAN01-ALAR,2026-03-03T19:29:22.504864Z,88.00,0.0900,0.9100,yes
d2cce34d-5918-7ee4-1e28-0e0cd0cece3e,KXNEXTIRANLEADER-45JAN01-ALAR,2026-03-03T19:29:22.504864Z,176.00,0.0900,0.9100,yes
604597af-33bd-71fc-364d-6dc94c3a7eb1,KXNEXTIRANLEADER-45JAN01-ALAR,2026-03-03T19:29:22.504864Z,100.00,0.0900,0.9100,yes
4c2bfa0d-f20f-7ea6-1404-3f30a4668a5a,KXNEXTIRANLEADER-45JAN01-ALAR,2026-03-03T19:29:22.504864Z,200.00,0.0800,0.9200,yes
1775fbae-d6d7-7f7d-380c-b75f492a157c,KXNEXTIRANLEADER-45JAN01-ALAR,2026-03-03T19:29:22.504864Z,20.00,0.0600,0.9400,yes
5e5417f2-12de-6fe2-7620-86081da05885,KXNEXTIRANLEADER-45JAN01-ALAR,2026-03-03T18:05:57.125379Z,105.00,0.0500,0.9500,no
6c48cee8-2685-707b-c7c7-1dbe94eed2a5,KXNEXTIRANLEADER-45JAN01-ALAR,2026-03-03T17:58:44.557484Z,42.00,0.0500,0.9500,no
ad7b5f5a-dc4f-4914-87e9-bf965f03eca2,KXNEXTIRANLEADER-45JAN01-ALAR,2026-03-03T17:57:36.978405Z,81.00,0.0600,0.9400,yes
402979bc-6bb4-44d4-889c-54d946e0e112,KXNEXTIRANLEADER-45JAN01-ALAR,2026-03-03T17:57:36.978405Z,752.00,0.0600,0.9400,yes
b14e1397-01f3-5045-d8cb-7f6e7a59a786,KXNEXTIRANLEADER-45JAN01-ALAR,2026-03-03T17:34:50.736091Z,14.00,0.0700,0.9300,yes
f6e0ef54-4824-6dae-a4bd-383960c48dd5,KXNEXTIRANLEADER-45JAN01-ALAR,2026-03-03T17:33:55.385899Z,21.00,0.0500,0.9500,no
715ad665-a65d-6bee-917a-23bb77f873d0,KXNEXTIRANLEADER-45JAN01-ALAR,2026-03-03T17:33:55.385899Z,1.00,0.0500,0.9500,no
a38f5fa5-4a83-7978-d540-c91c5dda97ea,KXNEXTIRANLEADER-45JAN01-ALAR,2026-03-03T17:31:48.922068Z,38.00,0.0600,0.9400,yes
a07aa146-f8d3-789d-e0a3-0e61e3718af6,KXNEXTIRANLEADER-45JAN01-ALAR,2026-03-03T17:31:48.922068Z,40.00,0.0600,0.9400,yes
33731d73-782d-4dd3-bdbe-eef47427dd76,KXNEXTIRANLEADER-45JAN01-ALAR,2026-03-03T17:25:28.448323Z,689.00,0.0400,0.9600,no
a98786c2-4ba4-6545-bca1-5d2801583bda,KXNEXTIRANLEADER-45JAN01-ALAR,2026-03-03T17:25:00.990697Z,58.00,0.0500,0.9500,yes
a5b87c9a-34b3-6f4a-8fa2-317dfd6453f5,KXNEXTIRANLEADER-45JAN01-ALAR,2026-03-03T17:25:00.990697Z,71.00,0.0500,0.9500,yes
518a5c47-2dc7-6d34-b022-4276d218921e,KXNEXTIRANLEADER-45JAN01-ALAR,2026-03-03T17:25:00.990697Z,42.00,0.0500,0.9500,yes
3ebf6f45-7423-6e0e-80f0-3302b52e6be1,KXNEXTIRANLEADER-45JAN01-ALAR,2026-03-03T17:25:00.990697Z,329.00,0.0500,0.9500,yes
2e165777-f98f-7bda-e1db-ce24a5e0b909,KXNEXTIRANLEADER-45JAN01-ALAR,2026-03-03T17:22:51.338858Z,72.00,0.0500,0.9500,yes
e5ba0f0b-b885-4943-c52e-0d72a7a958a6,KXNEXTIRANLEADER-45JAN01-ALAR,2026-03-03T17:22:49.183907Z,331.00,0.0400,0.9600,no
c001a67a-6303-4036-e482-629cfadd97dd,KXNEXTIRANLEADER-45JAN01-ALAR,2026-03-03T17:22:49.183907Z,18.00,0.0400,0.9600,no
d591d171-3d8f-5e4a-db7d-c919c9a70e8d,KXNEXTIRANLEADER-45JAN01-ALAR,2026-03-03T17:22:09.594585Z,2.00,0.0500,0.9500,yes
c6e93ede-e3ab-755e-e748-042e44caa2b1,KXNEXTIRANLEADER-45JAN01-ALAR,2026-03-03T17:17:40.78606Z,200.00,0.0500,0.9500,yes
317f6c40-be23-797e-e005-886dda2716c9,KXNEXTIRANLEADER-45JAN01-ALAR,2026-03-03T17:17:09.777987Z,100.00,0.0500,0.9500,yes
80f9bd61-7a8b-4d4e-63f7-d036fe69259d,KXNEXTIRANLEADER-45JAN01-ALAR,2026-03-03T17:16:49.431963Z,97.00,0.0500,0.9500,yes
1e0f7e91-31e4-4845-58d2-9e5866654ebb,KXNEXTIRANLEADER-45JAN01-ALAR,2026-03-03T17:16:49.431963Z,3.00,0.0500,0.9500,yes
8271728b-9640-6dfd-6b68-4b7dc07930a3,KXNEXTIRANLEADER-45JAN01-ALAR,2026-03-03T17:08:09.412191Z,10.00,0.0500,0.9500,yes
41ee2f47-93e7-6d8e-9e3e-a4ecff29dbe5,KXNEXTIRANLEADER-45JAN01-ALAR,2026-03-03T16:58:51.797472Z,2.00,0.0400,0.9600,no
26ed4d1f-7c38-4b61-3349-4e864d78e8b7,KXNEXTIRANLEADER-45JAN01-ALAR,2026-03-03T16:58:43.701971Z,2.00,0.0500,0.9500,yes
40912d84-b668-5bbf-02ed-95c0a61518df,KXNEXTIRANLEADER-45JAN01-ALAR,2026-03-03T16:46:52.242662Z,17.00,0.0300,0.9700,no
21193d74-ab8c-49cb-b122-acfe870f6693,KXNEXTIRANLEADER-45JAN01-ALAR,2026-03-03T16:46:51.020347Z,11.00,0.0300,0.9700,no
baed71da-5b68-5637-a7be-515ce0535e9f,KXNEXTIRANLEADER-45JAN01-ALAR,2026-03-03T16:46:49.801417Z,2.00,0.0300,0.9700,no
e7840865-f0d4-5b13-915a-d7c0e2ad6ddf,KXNEXTIRANLEADER-45JAN01-ALAR,2026-03-03T16:46:48.581316Z,11.00,0.0300,0.9700,no
291e5165-149c-48e7-b3ec-88d70d1ad257,KXNEXTIRANLEADER-45JAN01-ALAR,2026-03-03T16:46:47.36065Z,7.00,0.0300,0.9700,no
21531491-96cc-5493-798a-281ab5097d27,KXNEXTIRANLEADER-45JAN01-ALAR,2026-03-03T16:46:46.142156Z,2.00,0.0300,0.9700,no
67ab7cf7-813c-6fc7-f4d2-864e5ccb9097,KXNEXTIRANLEADER-45JAN01-ALAR,2026-03-03T16:46:44.91785Z,8.00,0.0300,0.9700,no
1ade9119-b9b4-6253-7178-8f6a8382af7f,KXNEXTIRANLEADER-45JAN01-ALAR,2026-03-03T16:46:43.69277Z,21.00,0.0300,0.9700,no
1a4fec02-de5c-5b5f-fb7a-c0d0dcfa8cc7,KXNEXTIRANLEADER-45JAN01-ALAR,2026-03-03T16:46:41.718826Z,4.00,0.0300,0.9700,no
847bee43-b338-6acb-7678-90bf35240e17,KXNEXTIRANLEADER-45JAN01-ALAR,2026-03-03T16:46:40.495676Z,2.00,0.0300,0.9700,no
4ce20b06-e1b3-67a0-4d16-ab379a2abf99,KXNEXTIRANLEADER-45JAN01-ALAR,2026-03-03T16:46:40.495676Z,6.00,0.0300,0.9700,no
1cf58c8b-5ba7-510c-8461-1ffeac7ad505,KXNEXTIRANLEADER-45JAN01-ALAR,2026-03-03T16:46:39.265734Z,3.00,0.0300,0.9700,no
f234f645-4e7b-6898-98a0-c54993b4b94d,KXNEXTIRANLEADER-45JAN01-ALAR,2026-03-03T16:46:36.973457Z,7.00,0.0300,0.9700,no
d731d723-8c83-401b-67c6-73cf999378e6,KXNEXTIRANLEADER-45JAN01-ALAR,2026-03-03T16:36:14.74626Z,13.00,0.0900,0.9100,yes
1dc8e7a4-7c1d-741a-c6db-8da413ee446b,KXNEXTIRANLEADER-45JAN01-ALAR,2026-03-03T16:32:08.02256Z,39.00,0.0700,0.9300,yes
eaef941e-08f8-6b33-03db-3f7efc979ca2,KXNEXTIRANLEADER-45JAN01-ALAR,2026-03-03T16:05:03.691896Z,17.00,0.0500,0.9500,no
db95e5db-70d2-678d-b9d8-2c137b502077,KXNEXTIRANLEADER-45JAN01-ALAR,2026-03-03T15:18:21.585618Z,24.00,0.0500,0.9500,no
b4a0f97e-5116-4b4f-1914-6eb1d16e741d,KXNEXTIRANLEADER-45JAN01-ALAR,2026-03-03T15:11:47.875713Z,31.00,0.0600,0.9400,yes
91fbdde2-3297-5714-0b8f-60589778c858,KXNEXTIRANLEADER-45JAN01-ALAR,2026-03-03T14:53:17.863399Z,9.00,0.0600,0.9400,yes
a589ea76-6773-5552-ae93-01ac6cfc29b7,KXNEXTIRANLEADER-45JAN01-ALAR,2026-03-03T14:34:36.755191Z,39.00,0.0600,0.9400,no
3ec1847a-9677-53a6-8399-679418d25e89,KXNEXTIRANLEADER-45JAN01-ALAR,2026-03-03T14:34:36.755191Z,19.00,0.0600,0.9400,no
e33686eb-886a-5137-c86a-7c915058ba4d,KXNEXTIRANLEADER-45JAN01-ALAR,2026-03-03T14:21:50.933698Z,71.00,0.0700,0.9300,yes
d6be6a85-e82f-5f21-e507-68897321d56d,KXNEXTIRANLEADER-45JAN01-ALAR,2026-03-03T14:21:50.933698Z,50.00,0.0700,0.9300,yes
49e98750-94b5-570b-cc5b-30780ddd7548,KXNEXTIRANLEADER-45JAN01-ALAR,2026-03-03T14:21:50.933698Z,618.00,0.0700,0.9300,yes
ed803180-dcda-4f9f-c7c6-05ff4b1177a1,KXNEXTIRANLEADER-45JAN01-ALAR,2026-03-03T14:21:01.581069Z,929.00,0.0700,0.9300,yes
ce976d21-d1b9-4911-ebe9-71ee78623aab,KXNEXTIRANLEADER-45JAN01-ALAR,2026-03-03T14:21:01.581069Z,55.00,0.0700,0.9300,yes
5da33b96-f30e-419f-d86d-53c26ceac752,KXNEXTIRANLEADER-45JAN01-ALAR,2026-03-03T14:21:01.581069Z,1698.00,0.0700,0.9300,yes
ce1e050d-6f1f-5f06-868f-a92fc209428f,KXNEXTIRANLEADER-45JAN01-ALAR,2026-03-03T14:16:05.764864Z,467.00,0.0600,0.9400,no
e6bed6c5-9b27-7ece-0c89-2715210e3dab,KXNEXTIRANLEADER-45JAN01-ALAR,2026-03-03T14:13:28.144417Z,468.00,0.0600,0.9400,no
f250ee40-827a-78ef-eb36-00ba8071c18e,KXNEXTIRANLEADER-45JAN01-ALAR,2026-03-03T11:38:32.272098Z,67.00,0.0700,0.9300,yes
205d8cbc-b93b-598a-9754-f385cb239233,KXNEXTIRANLEADER-45JAN01-ALAR,2026-03-03T09:33:34.253383Z,4.00,0.0600,0.9400,no
d8ed7a66-e716-48af-9491-742abaca98ca,KXNEXTIRANLEADER-45JAN01-ALAR,2026-03-03T09:10:34.234102Z,15.00,0.0700,0.9300,yes
dc68529e-7d06-4e33-85f9-f97c570ec65e,KXNEXTIRANLEADER-45JAN01-ALAR,2026-03-03T08:56:01.226029Z,1.00,0.0700,0.9300,yes
a9bb2302-e97e-5087-68e2-4dc4f7e50432,KXNEXTIRANLEADER-45JAN01-ALAR,2026-03-03T08:51:35.324456Z,106.00,0.0700,0.9300,yes
fef08f58-01c6-46d7-3658-8ea29104530e,KXNEXTIRANLEADER-45JAN01-ALAR,2026-03-03T07:40:01.452026Z,25.00,0.0700,0.9300,yes
1a2da2f9-c542-6eeb-6d3f-844d4c7f5c86,KXNEXTIRANLEADER-45JAN01-ALAR,2026-03-03T06:35:00.065004Z,13.00,0.0700,0.9300,yes
93c9c9ed-81e2-6059-1ff5-303c04e7e20b,KXNEXTIRANLEADER-45JAN01-ALAR,2026-03-03T06:30:18.050242Z,1.00,0.0500,0.9500,no
b5b1209e-eb26-51e5-3b0f-c5524f88b953,KXNEXTIRANLEADER-45JAN01-ALAR,2026-03-03T06:29:25.970593Z,4.00,0.0500,0.9500,no
4d3c2bab-0ffe-63f5-ce08-27e3044ff0b3,KXNEXTIRANLEADER-45JAN01-ALAR,2026-03-03T06:27:04.780576Z,4.00,0.0500,0.9500,no
494e9235-ebca-63b9-d4d9-7071fd2f02bf,KXNEXTIRANLEADER-45JAN01-ALAR,2026-03-03T06:26:51.860933Z,8.00,0.0500,0.9500,no
4b8d3423-fd5a-5909-1aec-50aa56ae9cc7,KXNEXTIRANLEADER-45JAN01-ALAR,2026-03-03T06:18:38.517155Z,16.00,0.0500,0.9500,no
c678bb83-e482-71a9-191e-86734b5b65f3,KXNEXTIRANLEADER-45JAN01-ALAR,2026-03-03T06:18:16.906221Z,9.00,0.0500,0.9500,no
acb71a98-f94e-43b3-5d1c-6666fea7de7a,KXNEXTIRANLEADER-45JAN01-ALAR,2026-03-03T05:47:57.557103Z,6.00,0.0700,0.9300,yes
34f9b57e-98e6-6b4d-2243-566bc594a6eb,KXNEXTIRANLEADER-45JAN01-ALAR,2026-03-03T05:40:54.912866Z,1500.00,0.0500,0.9500,no
a4332398-2732-4bb9-3b83-890b199eb267,KXNEXTIRANLEADER-45JAN01-ALAR,2026-03-03T05:40:04.258053Z,82.00,0.0500,0.9500,no
c024807a-3ee2-6593-ee5e-e05c6ab56332,KXNEXTIRANLEADER-45JAN01-ALAR,2026-03-03T05:12:54.141854Z,67.00,0.0700,0.9300,yes
45e76c22-e8ae-63a6-0b81-c395f2680d2e,KXNEXTIRANLEADER-45JAN01-ALAR,2026-03-03T05:04:50.501211Z,20.00,0.0600,0.9400,no
ab5d8be6-b7fa-7117-b6e7-ba23bdb9e92e,KXNEXTIRANLEADER-45JAN01-ALAR,2026-03-03T04:38:39.984294Z,2.00,0.0700,0.9300,yes
e0727bb2-7a66-6d32-06ba-e44e1a83e47a,KXNEXTIRANLEADER-45JAN01-ALAR,2026-03-03T04:25:18.399176Z,93.00,0.0600,0.9400,no
6730b943-249f-6715-9db0-ba0138a984a4,KXNEXTIRANLEADER-45JAN01-ALAR,2026-03-03T04:15:37.318612Z,469.00,0.0700,0.9300,yes
fdf894ac-310f-741a-7f8a-5466704e9f32,KXNEXTIRANLEADER-45JAN01-ALAR,2026-03-03T04:10:54.175779Z,30.00,0.0700,0.9300,yes
3affc57b-7a0b-7dd9-56a4-b9e5f674c351,KXNEXTIRANLEADER-45JAN01-ALAR,2026-03-03T04:10:54.175779Z,37.00,0.0700,0.9300,yes
b2969eee-55f1-4513-ddb6-fceb341a38d2,KXNEXTIRANLEADER-45JAN01-ALAR,2026-03-03T03:42:52.776704Z,134.00,0.0700,0.9300,yes
b204af0f-d910-59dc-9c91-0cf8b52274ad,KXNEXTIRANLEADER-45JAN01-ALAR,2026-03-03T03:19:56.71848Z,234.00,0.0600,0.9400,yes
cfd32263-1369-489f-b3ee-0ebbadc8cf82,KXNEXTIRANLEADER-45JAN01-ALAR,2026-03-03T03:05:00.439725Z,53.00,0.0700,0.9300,yes
c0f7018a-280d-6c53-e03c-4e9db56deeea,KXNEXTIRANLEADER-45JAN01-ALAR,2026-03-03T03:03:56.394268Z,67.00,0.0700,0.9300,yes
3fea1246-9a3d-706f-07d1-80269a111526,KXNEXTIRANLEADER-45JAN01-ALAR,2026-03-03T03:03:44.515159Z,80.00,0.0700,0.9300,yes
e0d3d922-1461-71f3-fba5-99cecf2a5d46,KXNEXTIRANLEADER-45JAN01-ALAR,2026-03-03T03:03:01.846239Z,107.00,0.0700,0.9300,yes
7551c981-0555-4bd7-f372-fcc61d38c796,KXNEXTIRANLEADER-45JAN01-ALAR,2026-03-03T03:02:39.400575Z,120.00,0.0700,0.9300,yes
e76fa3b8-f875-466f-c54d-9e5456eb4dde,KXNEXTIRANLEADER-45JAN01-ALAR,2026-03-03T03:02:30.78658Z,120.00,0.0700,0.9300,yes
24422e84-8eb5-4def-976e-9957eb92838a,KXNEXTIRANLEADER-45JAN01-ALAR,2026-03-03T03:02:20.526635Z,120.00,0.0700,0.9300,yes
8bb0d4db-f911-773b-4e46-911db47120e6,KXNEXTIRANLEADER-45JAN01-ALAR,2026-03-03T03:01:11.872476Z,70.00,0.0700,0.9300,yes
5710f4db-97e4-72f5-7cab-7d6f7ccad426,KXNEXTIRANLEADER-45JAN01-ALAR,2026-03-03T03:01:11.872476Z,50.00,0.0700,0.9300,yes
2909d892-bad9-59f6-36de-a2fcc8523518,KXNEXTIRANLEADER-45JAN01-ALAR,2026-03-03T02:59:13.789491Z,15.00,0.0600,0.9400,yes
9bf532f1-14cd-6b6a-8629-10e10c6da278,KXNEXTIRANLEADER-45JAN01-ALAR,2026-03-03T02:59:00.350832Z,78.00,0.0600,0.9400,yes
003c2e0f-7429-629a-200f-b4658eb147d0,KXNEXTIRANLEADER-45JAN01-ALAR,2026-03-03T02:57:03.306825Z,140.00,0.0600,0.9400,yes
74aaa286-9965-73d2-9e6a-5c8fb4dc1064,KXNEXTIRANLEADER-45JAN01-ALAR,2026-03-03T02:53:13.237884Z,15.00,0.0600,0.9400,yes
f4acc3bf-4b36-6745-9353-00961418c00b,KXNEXTIRANLEADER-45JAN01-ALAR,2026-03-03T02:39:45.755115Z,31.00,0.0500,0.9500,no
123dff43-e41f-6346-7eb5-2e2f84e64751,KXNEXTIRANLEADER-45JAN01-ALAR,2026-03-03T02:33:10.776935Z,15.00,0.0600,0.9400,yes
82c7ab67-ab60-6674-c958-425c4b99d108,KXNEXTIRANLEADER-45JAN01-ALAR,2026-03-03T02:23:52.53717Z,375.00,0.0600,0.9400,yes
58167aa8-21b9-6a30-d1ed-e8b3edb814be,KXNEXTIRANLEADER-45JAN01-ALAR,2026-03-03T02:23:52.53717Z,188.00,0.0600,0.9400,yes
20bce91b-4bb7-6f0f-f9f3-4af185281416,KXNEXTIRANLEADER-45JAN01-ALAR,2026-03-03T02:23:52.53717Z,1000.00,0.0600,0.9400,yes
b996590a-50e6-6dd5-6ae2-4014f348f4e3,KXNEXTIRANLEADER-45JAN01-ALAR,2026-03-03T01:49:12.198686Z,34.00,0.0500,0.9500,no
d8048c81-7e96-5e31-4dbf-d7fa4b79aeab,KXNEXTIRANLEADER-45JAN01-ALAR,2026-03-03T01:47:07.910998Z,13.00,0.0500,0.9500,no
f36b7415-858f-4c2c-11d6-e39d5d7e1055,KXNEXTIRANLEADER-45JAN01-ALAR,2026-03-03T01:41:56.751584Z,40.00,0.0600,0.9400,no
c99cbb5f-8592-71aa-40df-c983c5615a86,KXNEXTIRANLEADER-45JAN01-ALAR,2026-03-03T01:37:11.907419Z,310.00,0.0600,0.9400,yes
c97e781b-efc6-41fd-6b6d-9590c6ebd2bb,KXNEXTIRANLEADER-45JAN01-ALAR,2026-03-03T01:25:42.772021Z,7.00,0.0500,0.9500,no
5f55e6b5-0daa-7896-dadd-b52c31a7e192,KXNEXTIRANLEADER-45JAN01-ALAR,2026-03-03T00:56:12.768713Z,11.00,0.0600,0.9400,yes
ca2523c4-43de-6b21-eebf-f67e9f51e4d7,KXNEXTIRANLEADER-45JAN01-ALAR,2026-03-03T00:55:31.048903Z,287.00,0.0500,0.9500,no
7b245896-22fa-6565-d70b-a91828ce6433,KXNEXTIRANLEADER-45JAN01-ALAR,2026-03-03T00:51:19.582776Z,34.00,0.0500,0.9500,no
f3184b39-3ab6-75ed-ea16-7bd43ff980af,KXNEXTIRANLEADER-45JAN01-ALAR,2026-03-03T00:44:22.528121Z,74.00,0.0500,0.9500,no
3a2abdc3-f9d1-5935-d370-57ae0b7d7f40,KXNEXTIRANLEADER-45JAN01-ALAR,2026-03-03T00:42:53.417281Z,504.00,0.0600,0.9400,yes
2383a285-7fb2-50e6-e398-692e28f62c5a,KXNEXTIRANLEADER-45JAN01-ALAR,2026-03-03T00:42:53.417281Z,1975.00,0.0600,0.9400,yes
05373456-09ff-5760-dc9c-d7f74e3f0539,KXNEXTIRANLEADER-45JAN01-ALAR,2026-03-03T00:42:53.417281Z,21.00,0.0600,0.9400,yes
2cccf4a4-3c9a-61ad-4e65-28f202f263bb,KXNEXTIRANLEADER-45JAN01-ALAR,2026-03-03T00:30:09.027525Z,158.00,0.0500,0.9500,no
4a546290-791e-739d-1fd3-c2b1fc830032,KXNEXTIRANLEADER-45JAN01-ALAR,2026-03-03T00:10:14.943453Z,264.00,0.0500,0.9500,yes
3203e6b2-8155-6e4f-80e3-9951ee5fb523,KXNEXTIRANLEADER-45JAN01-ALAR,2026-03-03T00:06:41.939095Z,236.00,0.0500,0.9500,no
b3ff65e1-2f1d-50ab-c73f-dbf91632b073,KXNEXTIRANLEADER-45JAN01-ALAR,2026-03-03T00:03:34.192863Z,629.00,0.0500,0.9500,no
f4bf386c-ddfd-6d6f-ddcc-a4e26a22149d,KXNEXTIRANLEADER-45JAN01-ALAR,2026-03-02T23:53:21.049151Z,15.00,0.0600,0.9400,no
23a8dd8f-fbd5-5505-cf08-197b1c7ef469,KXNEXTIRANLEADER-45JAN01-ALAR,2026-03-02T23:39:28.869963Z,25.00,0.0500,0.9500,yes
e48e893f-9e1b-6a15-338d-fa426a0aa394,KXNEXTIRANLEADER-45JAN01-ALAR,2026-03-02T23:38:43.915552Z,116.00,0.0600,0.9400,yes
d19e15c0-f7dc-6c88-1dde-bc8ac67e45d1,KXNEXTIRANLEADER-45JAN01-ALAR,2026-03-02T23:38:43.915552Z,500.00,0.0600,0.9400,yes
9dfc46e0-1377-6f39-12f4-438af861550f,KXNEXTIRANLEADER-45JAN01-ALAR,2026-03-02T23:38:43.915552Z,200.00,0.0500,0.9500,yes
63ae2781-48a0-66d8-238f-8273b1243ecd,KXNEXTIRANLEADER-45JAN01-ALAR,2026-03-02T23:38:43.915552Z,250.00,0.0600,0.9400,yes
11094a6b-5e12-6217-047b-926221575f1a,KXNEXTIRANLEADER-45JAN01-ALAR,2026-03-02T23:38:43.915552Z,11.00,0.0500,0.9500,yes
0cac78e8-b14a-6cc6-358e-3372c246e053,KXNEXTIRANLEADER-45JAN01-ALAR,2026-03-02T23:38:43.915552Z,25.00,0.0500,0.9500,yes
04f5b2bb-aa3a-6ba3-03fe-d9e6af0a0bb5,KXNEXTIRANLEADER-45JAN01-ALAR,2026-03-02T23:38:43.915552Z,500.00,0.0600,0.9400,yes
3ee4e120-0d22-5822-37f3-c5b3719d9f1e,KXNEXTIRANLEADER-45JAN01-ALAR,2026-03-02T23:36:23.456385Z,375.00,0.0500,0.9500,yes
beb6477c-f791-4bb8-6734-e0f0276cd1f6,KXNEXTIRANLEADER-45JAN01-ALAR,2026-03-02T23:35:48.522689Z,121.00,0.0500,0.9500,yes
47d09518-cb29-6abe-141f-ad6e5bec1757,KXNEXTIRANLEADER-45JAN01-ALAR,2026-03-02T23:19:31.570378Z,20.00,0.0400,0.9600,no
976f9590-5605-7820-1107-f8931c798636,KXNEXTIRANLEADER-45JAN01-ALAR,2026-03-02T23:18:34.737936Z,35.00,0.0500,0.9500,yes
fca2b368-da15-744a-535c-19f54e14aec7,KXNEXTIRANLEADER-45JAN01-ALAR,2026-03-02T22:59:29.549003Z,34.00,0.0400,0.9600,no
dc08ec02-25c7-7a6f-9f00-17af495a427c,KXNEXTIRANLEADER-45JAN01-ALAR,2026-03-02T22:57:03.512529Z,25.00,0.0500,0.9500,no
5f79f0c0-8b64-76cc-83b7-e3f508ae2f93,KXNEXTIRANLEADER-45JAN01-ALAR,2026-03-02T22:57:03.512529Z,7.00,0.0500,0.9500,no
71e11730-6868-5518-e769-22300182a483,KXNEXTIRANLEADER-45JAN01-ALAR,2026-03-02T22:53:52.122466Z,24.00,0.0500,0.9500,no
dc0a7f7e-e3bb-5e0a-f7db-5223fbecc7e7,KXNEXTIRANLEADER-45JAN01-ALAR,2026-03-02T22:45:37.299404Z,25.00,0.0600,0.9400,no
c7a9b424-1218-5660-e0d9-5c22c2ab36a7,KXNEXTIRANLEADER-45JAN01-ALAR,2026-03-02T22:45:37.299404Z,26.00,0.0500,0.9500,no
f55f1a9f-cb2c-41b4-ac32-0af06007d54b,KXNEXTIRANLEADER-45JAN01-ALAR,2026-03-02T22:40:57.703054Z,8.00,0.0500,0.9500,no
5c88720e-522e-422e-af55-51b5935f492e,KXNEXTIRANLEADER-45JAN01-ALAR,2026-03-02T22:40:57.703054Z,25.00,0.0600,0.9400,no
902bab8d-1cb2-4e29-a89b-d46edca49911,KXNEXTIRANLEADER-45JAN01-ALAR,2026-03-02T22:12:17.746628Z,15.00,0.0700,0.9300,yes
741cd9c3-b6da-4f3c-83bf-5b3bc0e29dae,KXNEXTIRANLEADER-45JAN01-ALAR,2026-03-02T22:12:17.746628Z,25.00,0.0600,0.9400,yes
14f168a2-b974-49ce-95b6-7eb9e5aa770c,KXNEXTIRANLEADER-45JAN01-ALAR,2026-03-02T22:12:17.746628Z,23.00,0.0500,0.9500,yes
f11cdde6-2486-5330-d7e8-1bfe5b989b56,KXNEXTIRANLEADER-45JAN01-ALAR,2026-03-02T22:10:48.651111Z,860.00,0.0500,0.9500,yes
74b00568-8c84-579a-f548-c2dff3682350,KXNEXTIRANLEADER-45JAN01-ALAR,2026-03-02T22:10:48.651111Z,77.00,0.0500,0.9500,yes
a393f487-d526-63e0-8357-030e84e073d6,KXNEXTIRANLEADER-45JAN01-ALAR,2026-03-02T22:07:25.184549Z,779.00,0.0500,0.9500,yes
4631324b-a434-6599-ba78-0e1a57717e17,KXNEXTIRANLEADER-45JAN01-ALAR,2026-03-02T22:07:25.184549Z,1000.00,0.0400,0.9600,yes
90a3cd69-7fda-5870-3580-207252feed3f,KXNEXTIRANLEADER-45JAN01-ALAR,2026-03-02T21:57:37.790673Z,247.00,0.0400,0.9600,yes
18fef6ab-61c9-5a26-3be2-7d02f5c637e4,KXNEXTIRANLEADER-45JAN01-ALAR,2026-03-02T21:57:37.790673Z,924.00,0.0400,0.9600,yes
81fe2ecc-30ae-4858-6b35-cbebaeb18683,KXNEXTIRANLEADER-45JAN01-ALAR,2026-03-02T21:47:19.317589Z,253.00,0.0400,0.9600,yes
77ae2b65-cf09-4c48-65aa-d6d0bd233b01,KXNEXTIRANLEADER-45JAN01-ALAR,2026-03-02T21:47:19.317589Z,500.00,0.0400,0.9600,yes
27bcc2f4-7813-415b-5049-e62f404932d4,KXNEXTIRANLEADER-45JAN01-ALAR,2026-03-02T21:47:19.317589Z,1589.00,0.0400,0.9600,yes
c1308627-4dee-4c96-a81c-e52d63f67135,KXNEXTIRANLEADER-45JAN01-ALAR,2026-03-02T21:45:51.006891Z,54.00,0.0400,0.9600,yes
b30c7325-b947-4a57-97ba-3d50cba7744c,KXNEXTIRANLEADER-45JAN01-ALAR,2026-03-02T21:45:51.006891Z,411.00,0.0400,0.9600,yes
73d20bf8-a173-45d5-ae9d-c28aed22777a,KXNEXTIRANLEADER-45JAN01-ALAR,2026-03-02T21:45:51.006891Z,1500.00,0.0400,0.9600,yes
72988a47-d2d3-4cc3-b172-fec304a21c78,KXNEXTIRANLEADER-45JAN01-ALAR,2026-03-02T21:45:51.006891Z,2.00,0.0400,0.9600,yes
33366d1f-9635-4a43-a5e5-9e4aa59529cc,KXNEXTIRANLEADER-45JAN01-ALAR,2026-03-02T21:45:51.006891Z,375.00,0.0400,0.9600,yes
537401a6-5bde-7ee6-68ac-b89d14b32a85,KXNEXTIRANLEADER-45JAN01-ALAR,2026-03-02T21:33:33.299395Z,23.00,0.0400,0.9600,yes
9aff4e1c-7e5e-7a2a-6ed0-355aae368fc5,KXNEXTIRANLEADER-45JAN01-ALAR,2026-03-02T21:32:24.089483Z,93.00,0.0400,0.9600,yes
2d872af4-a73a-7746-7841-1f886ac24d71,KXNEXTIRANLEADER-45JAN01-ALAR,2026-03-02T21:29:09.84514Z,117.00,0.0400,0.9600,yes
44809629-b797-4a84-534a-5ed20d34ad43,KXNEXTIRANLEADER-45JAN01-ALAR,2026-03-02T21:13:49.792424Z,690.00,0.0300,0.9700,no
b8826eaf-b087-4374-6914-526e0177c23f,KXNEXTIRANLEADER-45JAN01-ALAR,2026-03-02T21:05:55.84889Z,236.00,0.0300,0.9700,no
fbb14c95-0dda-5da6-fbea-c2cca09f58ad,KXNEXTIRANLEADER-45JAN01-ALAR,2026-03-02T21:00:08.377378Z,500.00,0.0400,0.9600,yes
f570be02-a85e-7da2-9ab0-996a9bbe9161,KXNEXTIRANLEADER-45JAN01-ALAR,2026-03-02T20:52:45.255304Z,25.00,0.0400,0.9600,yes
ce611dc1-faea-46ea-50a6-984d34995649,KXNEXTIRANLEADER-45JAN01-ALAR,2026-03-02T20:52:34.451938Z,166.00,0.0400,0.9600,yes
a5addab6-642b-4d24-72c8-ad3cf158d3f7,KXNEXTIRANLEADER-45JAN01-ALAR,2026-03-02T20:51:47.328747Z,3.00,0.0300,0.9700,no
d9861d9e-f6f6-75c6-eb13-f6ac489d80fd,KXNEXTIRANLEADER-45JAN01-ALAR,2026-03-02T20:48:35.164454Z,117.00,0.0400,0.9600,yes
5e88c311-7a16-704e-5c6d-bf4aa4c94271,KXNEXTIRANLEADER-45JAN01-ALAR,2026-03-02T20:04:55.514868Z,905.00,0.0400,0.9600,yes
159efdad-87df-7719-48f2-689a3d88e0d2,KXNEXTIRANLEADER-45JAN01-ALAR,2026-03-02T20:04:55.514868Z,898.00,0.0400,0.9600,yes
10541178-83d7-6a29-8263-9c6ceac2a9ae,KXNEXTIRANLEADER-45JAN01-ALAR,2026-03-02T19:53:57.525809Z,50.00,0.0400,0.9600,yes
223475a6-518b-7ac9-74f7-a542400ed31a,KXNEXTIRANLEADER-45JAN01-ALAR,2026-03-02T19:37:10.124461Z,73.00,0.0400,0.9600,yes
40cc32f9-0c8c-73e6-4858-b042be6e0a36,KXNEXTIRANLEADER-45JAN01-ALAR,2026-03-02T19:20:06.201062Z,289.00,0.0400,0.9600,yes
09a42910-3213-75d1-511f-697b5fb53e5a,KXNEXTIRANLEADER-45JAN01-ALAR,2026-03-02T19:20:06.201062Z,179.00,0.0400,0.9600,yes
33d2bedc-971c-7e4e-8a5a-99acc33c0452,KXNEXTIRANLEADER-45JAN01-ALAR,2026-03-02T19:16:29.166804Z,86.00,0.0400,0.9600,yes
0d6fce44-b21f-74e8-97f0-7ece2da94692,KXNEXTIRANLEADER-45JAN01-ALAR,2026-03-02T19:16:29.166804Z,289.00,0.0400,0.9600,yes
59f223f1-3963-5010-f316-2851bfb5659e,KXNEXTIRANLEADER-45JAN01-ALAR,2026-03-02T18:51:35.441217Z,58.00,0.0400,0.9600,yes
b27f5b12-ec5f-4f38-cb63-d409ea06d182,KXNEXTIRANLEADER-45JAN01-ALAR,2026-03-02T18:38:09.974013Z,453.00,0.0400,0.9600,yes
8bd15874-dac0-45fa-dbbd-e05f16392eba,KXNEXTIRANLEADER-45JAN01-ALAR,2026-03-02T18:38:09.974013Z,380.00,0.0400,0.9600,yes
195dc3c3-ef38-44b6-4f46-84d3f2b55422,KXNEXTIRANLEADER-45JAN01-ALAR,2026-03-02T18:31:51.859024Z,2319.00,0.0400,0.9600,yes
e865ec31-3dbb-5148-2f94-9349c63ecca7,KXNEXTIRANLEADER-45JAN01-ALAR,2026-03-02T18:24:36.807476Z,5.00,0.0300,0.9700,no
370d8f87-816f-7a54-8717-3ddf4ada43e3,KXNEXTIRANLEADER-45JAN01-ALAR,2026-03-02T18:07:47.626355Z,20.00,0.0300,0.9700,no
6795d5b5-04cb-6534-123b-d3e613f249d3,KXNEXTIRANLEADER-45JAN01-ALAR,2026-03-02T18:04:38.65815Z,336.00,0.0300,0.9700,no
2abd479a-6b1c-6b8a-065e-6b26e7ce255e,KXNEXTIRANLEADER-45JAN01-ALAR,2026-03-02T18:04:07.180288Z,1.00,0.0400,0.9600,yes
4394512a-bbf0-6c6a-62cc-8b96d2d48b2e,KXNEXTIRANLEADER-45JAN01-ALAR,2026-03-02T17:57:16.562079Z,500.00,0.0400,0.9600,yes
f8bd1bca-8f44-670a-c97b-8aafa7b2a51c,KXNEXTIRANLEADER-45JAN01-ALAR,2026-03-02T17:46:32.640126Z,25.00,0.0400,0.9600,yes
f3ecc272-4a44-64d2-f568-fd36ed566695,KXNEXTIRANLEADER-45JAN01-ALAR,2026-03-02T17:46:32.640126Z,1.00,0.0400,0.9600,yes
96832f84-1520-659e-c55f-721dda3813e9,KXNEXTIRANLEADER-45JAN01-ALAR,2026-03-02T17:46:32.640126Z,7.00,0.0400,0.9600,yes
7a0933d3-6d0b-66b8-f6bf-c485ebfa4d10,KXNEXTIRANLEADER-45JAN01-ALAR,2026-03-02T17:46:32.640126Z,380.00,0.0400,0.9600,yes
39a9ce3f-20ca-6188-fc84-453c13ce040b,KXNEXTIRANLEADER-45JAN01-ALAR,2026-03-02T17:46:32.640126Z,375.00,0.0400,0.9600,yes
0332eb18-314b-67f4-f1fa-be14faf6ebac,KXNEXTIRANLEADER-45JAN01-ALAR,2026-03-02T17:46:32.640126Z,212.00,0.0400,0.9600,yes
8af6cb26-85b7-7b7c-fe12-599d8a2378f4,KXNEXTIRANLEADER-45JAN01-ALAR,2026-03-02T17:34:37.79277Z,23.00,0.0400,0.9600,yes
1207c7ab-d82b-711c-a87d-9358f73bfa57,KXNEXTIRANLEADER-45JAN01-ALAR,2026-03-02T17:33:34.818462Z,36.00,0.0300,0.9700,no
dc7fdc6c-85cb-6d58-ba7c-42c309a3f3e3,KXNEXTIRANLEADER-45JAN01-ALAR,2026-03-02T17:12:20.39351Z,35.00,0.0300,0.9700,no
73bc0d22-3aa7-5768-405c-456b02d29dcc,KXNEXTIRANLEADER-45JAN01-ALAR,2026-03-02T17:10:16.888815Z,800.00,0.0400,0.9600,yes
85c01da7-3133-4bfc-fef3-9e95bfbfcd13,KXNEXTIRANLEADER-45JAN01-ALAR,2026-03-02T16:58:49.501135Z,85.00,0.0300,0.9700,no
51d9c572-9c93-7534-313c-a063363ca818,KXNEXTIRANLEADER-45JAN01-ALAR,2026-03-02T16:49:38.529776Z,11.00,0.0400,0.9600,yes
43a06329-cb93-5044-69c0-ff9dff59f72b,KXNEXTIRANLEADER-45JAN01-ALAR,2026-03-02T16:31:05.28026Z,24.00,0.0300,0.9700,no
597fcc5c-0047-4f08-3318-6cc9828e9248,KXNEXTIRANLEADER-45JAN01-ALAR,2026-03-02T16:30:06.609988Z,100.00,0.0400,0.9600,yes
1626d5f4-efdb-47b0-7223-54ae321d4bd4,KXNEXTIRANLEADER-45JAN01-ALAR,2026-03-02T16:18:40.503741Z,46.00,0.0400,0.9600,yes
491ab7e4-b777-50a0-8d43-7985fbf904b3,KXNEXTIRANLEADER-45JAN01-ALAR,2026-03-02T16:11:22.531921Z,166.00,0.0300,0.9700,no
ef89cff7-4c3f-47bc-e8b7-fadd302e2e18,KXNEXTIRANLEADER-45JAN01-ALAR,2026-03-02T15:59:07.832169Z,234.00,0.0400,0.9600,yes
c46df98b-526b-48ac-1373-672af8fb10bc,KXNEXTIRANLEADER-45JAN01-ALAR,2026-03-02T15:49:18.924999Z,117.00,0.0400,0.9600,yes
a82f1ec3-72a7-6cec-2f44-8f9f792969df,KXNEXTIRANLEADER-45JAN01-ALAR,2026-03-02T15:44:28.722938Z,4.00,0.0300,0.9700,no
ff7e94a4-5902-4d3a-7f0e-f5b0e8e69e3b,KXNEXTIRANLEADER-45JAN01-ALAR,2026-03-02T15:13:23.656115Z,375.00,0.0400,0.9600,yes
97dedf7c-38ed-49b4-5f88-34c039a993be,KXNEXTIRANLEADER-45JAN01-ALAR,2026-03-02T15:13:23.656115Z,1.00,0.0400,0.9600,yes
8cae05df-584f-4298-663c-e72556cc0e14,KXNEXTIRANLEADER-45JAN01-ALAR,2026-03-02T15:13:23.656115Z,457.00,0.0400,0.9600,yes
decd44e2-a72a-612a-0ab3-d727e0f211c9,KXNEXTIRANLEADER-45JAN01-ALAR,2026-03-02T15:04:35.369882Z,25.00,0.0300,0.9700,no
80133e2b-78df-6aa8-263b-4af586d049af,KXNEXTIRANLEADER-45JAN01-ALAR,2026-03-02T15:04:35.369882Z,18.00,0.0300,0.9700,no
38117210-1768-615d-170b-d2fe06e1fb7b,KXNEXTIRANLEADER-45JAN01-ALAR,2026-03-02T15:04:35.369882Z,16.00,0.0300,0.9700,no
d1be04e8-6958-6d38-7d6d-8520262f1b09,KXNEXTIRANLEADER-45JAN01-ALAR,2026-03-02T14:46:23.026429Z,92.00,0.0400,0.9600,yes
9fb01a09-cbb5-6eef-5d1c-e867e3d797b7,KXNEXTIRANLEADER-45JAN01-ALAR,2026-03-02T14:46:23.026429Z,25.00,0.0400,0.9600,yes
89e9ffbc-b9bd-42e2-fa56-b4437c4c6644,KXNEXTIRANLEADER-45JAN01-ALAR,2026-03-02T14:38:31.219217Z,25.00,0.0400,0.9600,no
3561b5cc-b5d2-44f5-c997-d44b2bc6409f,KXNEXTIRANLEADER-45JAN01-ALAR,2026-03-02T14:38:31.219217Z,21.00,0.0300,0.9700,no
06cdfae4-c982-4a3c-f18f-8494bc3732c7,KXNEXTIRANLEADER-45JAN01-ALAR,2026-03-02T14:38:31.219217Z,10.00,0.0300,0.9700,no
d34b9dd3-74be-5ff5-472e-dc9bdaf70c3a,KXNEXTIRANLEADER-45JAN01-ALAR,2026-03-02T14:32:34.034744Z,249.00,0.0400,0.9600,yes
73a80746-396d-51c4-6dd4-f35073b15b43,KXNEXTIRANLEADER-45JAN01-ALAR,2026-03-02T14:32:34.034744Z,1.00,0.0400,0.9600,yes
4647d07f-579e-7895-36a3-bbddaa8e8c52,KXNEXTIRANLEADER-45JAN01-ALAR,2026-03-02T14:31:50.447121Z,1.00,0.0400,0.9600,yes
ee713981-f13c-5636-573c-1a7639734665,KXNEXTIRANLEADER-45JAN01-ALAR,2026-03-02T14:31:39.267583Z,75.00,0.0400,0.9600,yes
cbcb47d0-fd36-590c-7768-add23f9c400c,KXNEXTIRANLEADER-45JAN01-ALAR,2026-03-02T14:31:39.267583Z,850.00,0.0400,0.9600,yes
5b87f258-1c86-5fe6-5d55-4aedbedbd2fb,KXNEXTIRANLEADER-45JAN01-ALAR,2026-03-02T14:31:39.267583Z,21.00,0.0400,0.9600,yes
45d19b91-8ffe-4376-b421-8d53ea0911cb,KXNEXTIRANLEADER-45JAN01-ALAR,2026-03-02T14:30:48.286939Z,162.00,0.0400,0.9600,yes
7c18b0b0-83c6-7936-1069-7c9cca0d2427,KXNEXTIRANLEADER-45JAN01-ALAR,2026-03-02T14:30:29.830386Z,575.00,0.0400,0.9600,yes
4269df11-7436-797e-5f5d-3094741c59ab,KXNEXTIRANLEADER-45JAN01-ALAR,2026-03-02T14:29:17.79725Z,1171.00,0.0400,0.9600,yes
5c37f966-7556-63f2-8788-c3dada1ec69f,KXNEXTIRANLEADER-45JAN01-ALAR,2026-03-02T14:27:25.765186Z,117.00,0.0400,0.9600,yes
2880f3ee-4692-422a-cfa2-3390e7491f9f,KXNEXTIRANLEADER-45JAN01-ALAR,2026-03-02T14:25:52.404525Z,23.00,0.0400,0.9600,yes
53f80026-9b46-6926-5ec9-ad0a2a37acc7,KXNEXTIRANLEADER-45JAN01-ALAR,2026-03-02T14:16:58.340146Z,250.00,0.0400,0.9600,yes
3be162e1-a2dc-5d33-af64-052129addc77,KXNEXTIRANLEADER-45JAN01-ALAR,2026-03-02T14:11:28.983969Z,25.00,0.0400,0.9600,yes
31e90a98-8956-5826-b270-e5c923d79238,KXNEXTIRANLEADER-45JAN01-ALAR,2026-03-02T14:11:28.983969Z,24.00,0.0400,0.9600,yes
10532f8e-de5a-5172-b86b-118bf6332407,KXNEXTIRANLEADER-45JAN01-ALAR,2026-03-02T14:11:28.983969Z,401.00,0.0400,0.9600,yes
6c5add04-c8d2-453a-5b8f-ec11f48fe118,KXNEXTIRANLEADER-45JAN01-ALAR,2026-03-02T14:09:52.333463Z,351.00,0.0400,0.9600,yes
ff902364-b60b-5c3b-5156-601855d662a8,KXNEXTIRANLEADER-45JAN01-ALAR,2026-03-02T14:06:03.140375Z,12.00,0.0300,0.9700,no
f3f1482e-08c5-53b0-479f-ed2a7f92ea3f,KXNEXTIRANLEADER-45JAN01-ALAR,2026-03-02T14:06:03.140375Z,16.00,0.0400,0.9600,no
de889c9f-02f0-5223-4497-190dd0d53eb9,KXNEXTIRANLEADER-45JAN01-ALAR,2026-03-02T14:06:03.140375Z,1.00,0.0400,0.9600,no
b7909c61-7d85-5c8c-7b95-bcddc4f6adcc,KXNEXTIRANLEADER-45JAN01-ALAR,2026-03-02T14:06:03.140375Z,8.00,0.0400,0.9600,no
84816795-8bb0-599d-7e69-cb84b717d4d6,KXNEXTIRANLEADER-45JAN01-ALAR,2026-03-02T14:06:03.140375Z,21.00,0.0300,0.9700,no
814f8631-a29d-5349-68e5-6a67b0ba20e5,KXNEXTIRANLEADER-45JAN01-ALAR,2026-03-02T14:06:03.140375Z,24.00,0.0300,0.9700,no
72367768-123e-5e81-5fcc-eca242006d5e,KXNEXTIRANLEADER-45JAN01-ALAR,2026-03-02T14:06:03.140375Z,162.00,0.0200,0.9800,no
6c0ec62c-324b-502f-7270-84af14a8f207,KXNEXTIRANLEADER-45JAN01-ALAR,2026-03-02T14:06:03.140375Z,22.00,0.0300,0.9700,no
3b59ac81-c984-5dfe-5768-389ec73aac53,KXNEXTIRANLEADER-45JAN01-ALAR,2026-03-02T14:06:03.140375Z,118.00,0.0300,0.9700,no
d5fef026-90c6-6c74-7c49-b931ad92ee82,KXNEXTIRANLEADER-45JAN01-ALAR,2026-03-02T14:05:57.369817Z,187.00,0.0500,0.9500,yes
0795d47b-2dd2-4a8c-8048-634fa4cef0d6,KXNEXTIRANLEADER-45JAN01-ALAR,2026-03-02T13:55:46.022127Z,1000.00,0.0500,0.9500,yes
a698b974-a516-5ab0-e7e5-0ec67a68ac86,KXNEXTIRANLEADER-45JAN01-ALAR,2026-03-02T13:54:25.150765Z,100.00,0.0500,0.9500,yes
da0be427-aa9e-6744-01b3-0f91b6c193d2,KXNEXTIRANLEADER-45JAN01-ALAR,2026-03-02T13:53:42.704043Z,56.00,0.0500,0.9500,yes
2a361926-c49e-4100-2157-0fad589842a2,KXNEXTIRANLEADER-45JAN01-ALAR,2026-03-02T13:50:12.591663Z,18.00,0.0500,0.9500,yes
77a1b882-f389-7654-c026-311ae063c943,KXNEXTIRANLEADER-45JAN01-ALAR,2026-03-02T13:45:08.739922Z,8.00,0.0400,0.9600,no
60b92530-04e2-78b6-f2ed-3156f503ad95,KXNEXTIRANLEADER-45JAN01-ALAR,2026-03-02T13:44:36.244422Z,16.00,0.0500,0.9500,yes
5258b4e9-99c6-7348-c88d-43e9450a8256,KXNEXTIRANLEADER-45JAN01-ALAR,2026-03-02T13:44:36.244422Z,2.00,0.0500,0.9500,yes
f8340a84-67c5-58c8-23d6-d2606ebb5f17,KXNEXTIRANLEADER-45JAN01-ALAR,2026-03-02T13:37:26.968152Z,1.00,0.0400,0.9600,no
eca5043e-caa6-4adf-2795-267d782b71c1,KXNEXTIRANLEADER-45JAN01-ALAR,2026-03-02T13:30:42.766811Z,8.00,0.0500,0.9500,yes
d7211b24-47b3-4e60-3442-96084be373eb,KXNEXTIRANLEADER-45JAN01-ALAR,2026-03-02T13:30:42.766811Z,5.00,0.0400,0.9600,yes
cd88573b-39df-442b-2862-adf9319b9755,KXNEXTIRANLEADER-45JAN01-ALAR,2026-03-02T13:30:42.766811Z,12.00,0.0500,0.9500,yes
c0be9619-f9c8-4990-25d0-40bafbb1fe13,KXNEXTIRANLEADER-45JAN01-ALAR,2026-03-02T13:30:42.766811Z,2.00,0.0400,0.9600,yes
9bd979d7-d78d-4d6e-08ec-632e519f2f53,KXNEXTIRANLEADER-45JAN01-ALAR,2026-03-02T13:30:42.766811Z,164.00,0.0600,0.9400,yes
5869d57f-e185-4f6b-2e1f-e0dc2706311b,KXNEXTIRANLEADER-45JAN01-ALAR,2026-03-02T13:30:42.766811Z,55.00,0.0500,0.9500,yes
0e037dfb-007c-4220-3b14-59bf24ebd0cb,KXNEXTIRANLEADER-45JAN01-ALAR,2026-03-02T13:30:42.766811Z,20.00,0.0400,0.9600,yes
ccfe57f9-f0ef-77d8-5fd4-57be07cc56fb,KXNEXTIRANLEADER-45JAN01-ALAR,2026-03-02T13:28:57.061792Z,20.00,0.0400,0.9600,yes
362fb1f3-e22e-4357-64d9-1b6330dc9ef5,KXNEXTIRANLEADER-45JAN01-ALAR,2026-03-02T13:20:33.955887Z,20.00,0.0300,0.9700,no
f6da2d40-d1ab-7cc3-837a-fbe73126ab59,KXNEXTIRANLEADER-45JAN01-ALAR,2026-03-02T13:19:16.385222Z,25.00,0.0300,0.9700,yes
d0a2b429-e36a-7f5a-b142-22cd7cbeae5d,KXNEXTIRANLEADER-45JAN01-ALAR,2026-03-02T13:19:16.385222Z,5.00,0.0300,0.9700,yes
916798a1-564d-7254-ae49-df217fe10527,KXNEXTIRANLEADER-45JAN01-ALAR,2026-03-02T13:19:16.385222Z,370.00,0.0300,0.9700,yes
ff0a2d40-0f49-6eef-f643-45ef10b83626,KXNEXTIRANLEADER-45JAN01-ALAR,2026-03-02T13:16:46.93331Z,300.00,0.0200,0.9800,no
f00e0c0f-c872-6716-dc31-a9d9f52c87ee,KXNEXTIRANLEADER-45JAN01-ALAR,2026-03-02T13:16:46.93331Z,36.00,0.0300,0.9700,no
d5eaadfa-d514-62c5-c0fa-83f0e18bdc0c,KXNEXTIRANLEADER-45JAN01-ALAR,2026-03-02T13:16:46.93331Z,25.00,0.0300,0.9700,no
cab30bfc-fc96-6fab-e5b4-d8724c072a82,KXNEXTIRANLEADER-45JAN01-ALAR,2026-03-02T13:16:46.93331Z,2768.00,0.0300,0.9700,no
113278ad-206a-6c89-ea8f-7bbeeeb2b06a,KXNEXTIRANLEADER-45JAN01-ALAR,2026-03-02T13:16:46.93331Z,531.00,0.0200,0.9800,no
d613148c-49b8-6387-025d-df693b80ba8d,KXNEXTIRANLEADER-45JAN01-ALAR,2026-03-02T13:14:45.867151Z,25.00,0.0600,0.9400,no
c1e875af-99ea-67f4-1c23-41e349da9fb7,KXNEXTIRANLEADER-45JAN01-ALAR,2026-03-02T13:14:45.867151Z,100.00,0.0500,0.9500,no
93f37358-f3aa-6487-0884-4333bfc15086,KXNEXTIRANLEADER-45JAN01-ALAR,2026-03-02T13:14:45.867151Z,497.00,0.0300,0.9700,no
92169f2a-8023-66a2-1094-c3520fff8b56,KXNEXTIRANLEADER-45JAN01-ALAR,2026-03-02T13:14:45.867151Z,91.00,0.0500,0.9500,no
8eb5082a-c507-69e5-2237-b763669ccdbe,KXNEXTIRANLEADER-45JAN01-ALAR,2026-03-02T13:14:45.867151Z,15.00,0.0400,0.9600,no
7b44c0e1-ac8a-6b50-273b-ea0b0439a693,KXNEXTIRANLEADER-45JAN01-ALAR,2026-03-02T13:14:45.867151Z,41.00,0.0600,0.9400,no
74b09fc4-23ac-6f85-19e0-7639c12ba122,KXNEXTIRANLEADER-45JAN01-ALAR,2026-03-02T13:14:45.867151Z,150.00,0.0600,0.9400,no
403dc2c2-6e10-65a7-1a19-e6807e60474b,KXNEXTIRANLEADER-45JAN01-ALAR,2026-03-02T13:14:45.867151Z,91.00,0.0400,0.9600,no
3a156c3b-ac1e-6ecc-2b42-e8467bb40bc7,KXNEXTIRANLEADER-45JAN01-ALAR,2026-03-02T13:14:45.867151Z,20.00,0.0400,0.9600,no
ca70878a-92ee-6b0c-ce4b-4f28bb5caffc,KXNEXTIRANLEADER-45JAN01-ALAR,2026-03-02T13:05:28.107247Z,25.00,0.0700,0.9300,yes
5b1a2ae7-d8ed-6237-d9d1-b278fcc2c575,KXNEXTIRANLEADER-45JAN01-ALAR,2026-03-02T13:05:28.107247Z,55.00,0.0800,0.9200,yes
ecd9513b-f3c1-4c98-e062-fc74ecc8c0cf,KXNEXTIRANLEADER-45JAN01-ALAR,2026-03-02T13:02:56.71335Z,25.00,0.0800,0.9200,no
abc4cec2-82e5-480e-cd85-bda24616cae1,KXNEXTIRANLEADER-45JAN01-ALAR,2026-03-02T13:02:56.71335Z,50.00,0.0800,0.9200,no
7ca6a699-e3e0-4937-d802-cb09c0d9ac14,KXNEXTIRANLEADER-45JAN01-ALAR,2026-03-02T13:02:56.71335Z,2.00,0.0700,0.9300,no
4da5addf-5e2e-492e-ce53-fec9f6be756a,KXNEXTIRANLEADER-45JAN01-ALAR,2026-03-02T13:02:56.71335Z,17.00,0.0800,0.9200,no
1727d192-b383-465e-ddf2-a69756a17138,KXNEXTIRANLEADER-45JAN01-ALAR,2026-03-02T13:02:56.71335Z,77.00,0.0700,0.9300,no
439f35fa-b3f2-766d-bcf8-eba8a207f8e2,KXNEXTIRANLEADER-45JAN01-ALAR,2026-03-02T12:56:48.853008Z,20.00,0.0900,0.9100,yes
0b442882-a380-7a52-addd-37c993796558,KXNEXTIRANLEADER-45JAN01-ALAR,2026-03-02T12:56:48.853008Z,25.00,0.0900,0.9100,yes
88d27443-c8e5-69b6-615f-09c32ec30a89,KXNEXTIRANLEADER-45JAN01-ALAR,2026-03-02T12:54:44.957208Z,50.00,0.0800,0.9200,no
bc909ca1-e5e6-7b8f-2f19-1cfe0cdd7cfb,KXNEXTIRANLEADER-45JAN01-ALAR,2026-03-02T12:44:26.796025Z,100.00,0.0900,0.9100,no
9b61e33d-d158-6a98-263a-5f1190a9505b,KXNEXTIRANLEADER-45JAN01-ALAR,2026-03-02T12:40:28.75351Z,47.00,0.1000,0.9000,yes
00c67526-56d4-6f28-de1f-d834e0c4bcdf,KXNEXTIRANLEADER-45JAN01-ALAR,2026-03-02T12:34:02.266743Z,10.00,0.1000,0.9000,yes
c39f3fba-283c-5c8c-ad25-eab05235338f,KXNEXTIRANLEADER-45JAN01-ALAR,2026-03-02T12:28:23.982516Z,9.00,0.1000,0.9000,yes
27fc2e1c-ac64-7b6c-8c15-e59b478614b7,KXNEXTIRANLEADER-45JAN01-ALAR,2026-03-02T12:14:17.298222Z,907.00,0.1000,0.9000,yes
7faacaa8-7926-5cff-59c6-8bdfd5df2cb7,KXNEXTIRANLEADER-45JAN01-ALAR,2026-03-02T12:09:15.415832Z,120.00,0.1000,0.9000,no
67ccf75a-d369-5ea4-7360-11b45c43bfe2,KXNEXTIRANLEADER-45JAN01-ALAR,2026-03-02T12:09:15.415832Z,50.00,0.1000,0.9000,no
b7dcc9f4-ae9a-653f-f791-d24ea938e45f,KXNEXTIRANLEADER-45JAN01-ALAR,2026-03-02T11:59:56.117389Z,680.00,0.1000,0.9000,no
922e1721-ee22-6422-41a2-75b906deaebf,KXNEXTIRANLEADER-45JAN01-ALAR,2026-03-02T11:47:27.587297Z,10.00,0.1100,0.8900,no
82fb8a7c-53ed-6b2f-5e77-e58fe6d7be03,KXNEXTIRANLEADER-45JAN01-ALAR,2026-03-02T11:47:27.587297Z,888.00,0.1100,0.8900,no
783b11f9-5821-6758-751b-e1ba64cc2419,KXNEXTIRANLEADER-45JAN01-ALAR,2026-03-02T11:47:27.587297Z,25.00,0.1100,0.8900,no
70602acc-f464-6b75-509c-14f4d0768fbb,KXNEXTIRANLEADER-45JAN01-ALAR,2026-03-02T11:47:27.587297Z,55.00,0.1100,0.8900,no
ba64c922-a628-60aa-c702-9511553ff112,KXNEXTIRANLEADER-45JAN01-ALAR,2026-03-02T11:38:50.207239Z,18.00,0.1200,0.8800,yes
81fd7284-caf0-6b52-cf5b-b7a9a11f06ce,KXNEXTIRANLEADER-45JAN01-ALAR,2026-03-02T11:38:50.207239Z,1.00,0.1200,0.8800,yes
08bf562d-6776-6cc3-d767-4344aca34752,KXNEXTIRANLEADER-45JAN01-ALAR,2026-03-02T11:38:50.207239Z,22.00,0.1200,0.8800,yes
453445fb-09f8-564e-2a71-a7b50d157552,KXNEXTIRANLEADER-45JAN01-ALAR,2026-03-02T11:19:35.948255Z,7.00,0.1200,0.8800,yes
2a76d4ab-3492-56e6-738f-2baf23f32cd7,KXNEXTIRANLEADER-45JAN01-ALAR,2026-03-02T11:15:44.805734Z,323.00,0.1100,0.8900,no
d627bd79-2f4e-4b36-d733-517cced5cfc7,KXNEXTIRANLEADER-45JAN01-ALAR,2026-03-02T11:08:39.000739Z,103.00,0.1100,0.8900,no
896c2006-122a-617f-c8f5-b61fb434136f,KXNEXTIRANLEADER-45JAN01-ALAR,2026-03-02T11:00:55.361604Z,22.00,0.1200,0.8800,no
a92c7e8c-ebd6-469a-fc89-88cbae31eeeb,KXNEXTIRANLEADER-45JAN01-ALAR,2026-03-02T10:59:14.11203Z,86.00,0.1100,0.8900,no
645360b6-607e-4dfa-dba6-27c802ed4218,KXNEXTIRANLEADER-45JAN01-ALAR,2026-03-02T10:59:14.11203Z,25.00,0.1200,0.8800,no
779b8866-e533-6889-f3a9-ab5287390b82,KXNEXTIRANLEADER-45JAN01-ALAR,2026-03-02T10:51:25.71955Z,1.00,0.1300,0.8700,yes
27d800e8-b717-6e15-16e6-9b23975dd29e,KXNEXTIRANLEADER-45JAN01-ALAR,2026-03-02T10:42:24.12126Z,2.00,0.1300,0.8700,yes
9bf7abb9-4a73-78e1-ebfa-535f91eb44fe,KXNEXTIRANLEADER-45JAN01-ALAR,2026-03-02T10:19:44.920751Z,25.00,0.1200,0.8800,yes
9afee822-b461-74dd-e041-447a92be04dd,KXNEXTIRANLEADER-45JAN01-ALAR,2026-03-02T10:19:44.920751Z,1226.00,0.1500,0.8500,yes
927de71a-ea75-7da7-d96b-b0eaa1ca2195,KXNEXTIRANLEADER-45JAN01-ALAR,2026-03-02T10:19:44.920751Z,25.00,0.1400,0.8600,yes
4c70edb5-3d64-77b1-e891-a4129c05bc5b,KXNEXTIRANLEADER-45JAN01-ALAR,2026-03-02T10:19:44.920751Z,13.00,0.1200,0.8800,yes
472d736b-03e4-74a9-e14a-3f3ce4fd4e06,KXNEXTIRANLEADER-45JAN01-ALAR,2026-03-02T10:19:44.920751Z,1.00,0.1300,0.8700,yes
283d6d24-460d-713d-de34-feacf8779390,KXNEXTIRANLEADER-45JAN01-ALAR,2026-03-02T10:19:44.920751Z,144.00,0.1400,0.8600,yes
c8d4bb63-3059-5187-bc7e-2e1133689e72,KXNEXTIRANLEADER-45JAN01-ALAR,2026-03-02T10:04:08.88962Z,25.00,0.0800,0.9200,yes
9c5d02b5-8544-545e-a520-e423f92310f7,KXNEXTIRANLEADER-45JAN01-ALAR,2026-03-02T10:04:08.88962Z,25.00,0.0800,0.9200,yes
b0eb7b9b-42a6-78b7-4f3f-a8ca408ba728,KXNEXTIRANLEADER-45JAN01-ALAR,2026-03-02T09:57:13.492711Z,55.00,0.0800,0.9200,no
a1bfea03-4ba8-7e8b-4774-37cd3fd407bd,KXNEXTIRANLEADER-45JAN01-ALAR,2026-03-02T09:57:13.492711Z,50.00,0.0900,0.9100,no
9fead32e-1446-7d84-6255-01ad89b3b2c3,KXNEXTIRANLEADER-45JAN01-ALAR,2026-03-02T09:57:13.492711Z,25.00,0.1000,0.9000,no
4a472956-b71f-7624-64a0-f92159dd6db5,KXNEXTIRANLEADER-45JAN01-ALAR,2026-03-02T09:57:13.492711Z,144.00,0.0700,0.9300,no
30647ed8-ba04-78a5-572d-f52785df4244,KXNEXTIRANLEADER-45JAN01-ALAR,2026-03-02T09:57:13.492711Z,27.00,0.0800,0.9200,no
6d9078db-09cd-4c6a-05b6-537f25f7c192,KXNEXTIRANLEADER-45JAN01-ALAR,2026-03-02T09:35:43.349588Z,2.00,0.1000,0.9000,no
e57f2da2-a3df-5c49-07b3-d29455c33f91,KXNEXTIRANLEADER-45JAN01-ALAR,2026-03-02T09:35:02.580173Z,13.00,0.0800,0.9200,no
dfc52d3d-6fa1-567b-3e03-348fd2b0dc31,KXNEXTIRANLEADER-45JAN01-ALAR,2026-03-02T09:35:02.580173Z,25.00,0.1300,0.8700,no
6110a1ce-f9b4-59d2-274f-595cb2cff7f2,KXNEXTIRANLEADER-45JAN01-ALAR,2026-03-02T09:35:02.580173Z,2.00,0.0900,0.9100,no
60123226-cca1-5803-0ebe-b14f569454f7,KXNEXTIRANLEADER-45JAN01-ALAR,2026-03-02T09:35:02.580173Z,12.00,0.0900,0.9100,no
4a2a3ddc-3f69-5a95-3839-4c74fa39aafe,KXNEXTIRANLEADER-45JAN01-ALAR,2026-03-02T09:35:02.580173Z,32.00,0.1200,0.8800,no
212bdea6-1859-5ab3-2027-ea5f89472514,KXNEXTIRANLEADER-45JAN01-ALAR,2026-03-02T09:35:02.580173Z,55.00,0.0900,0.9100,no
1583a027-fb27-5586-0d05-e8e4b8b3d8d9,KXNEXTIRANLEADER-45JAN01-ALAR,2026-03-02T09:35:02.580173Z,8.00,0.0900,0.9100,no
fe37b8d8-41af-7cb1-5638-75cac8b0fc7a,KXNEXTIRANLEADER-45JAN01-ALAR,2026-03-02T09:30:54.851754Z,1000.00,0.1500,0.8500,yes
c6f921c1-9419-7446-5e28-e67eb0b07417,KXNEXTIRANLEADER-45JAN01-ALAR,2026-03-02T09:30:54.851754Z,1000.00,0.1500,0.8500,yes
be2b21d7-8173-7528-62e3-3497d1e55f4c,KXNEXTIRANLEADER-45JAN01-ALAR,2026-03-02T09:30:54.851754Z,577.00,0.1500,0.8500,yes
366ecfd8-7d7d-7501-5f62-4693c2a32fc1,KXNEXTIRANLEADER-45JAN01-ALAR,2026-03-02T09:30:54.851754Z,569.00,0.1500,0.8500,yes
49662d4d-3723-6f2c-6366-f3892eca1d98,KXNEXTIRANLEADER-45JAN01-ALAR,2026-03-02T09:30:33.921343Z,31.00,0.1500,0.8500,yes
0485c675-fbed-7aec-2f63-053e62ce27f5,KXNEXTIRANLEADER-45JAN01-ALAR,2026-03-02T09:21:14.228119Z,20.00,0.1400,0.8600,yes
f5c125c9-8c58-6eb8-ee48-a12719e24bb9,KXNEXTIRANLEADER-45JAN01-ALAR,2026-03-02T09:20:19.348445Z,25.00,0.1300,0.8700,no
4929c9a0-15e9-65f5-d1ac-d4ad00f5e48e,KXNEXTIRANLEADER-45JAN01-ALAR,2026-03-02T09:20:19.348445Z,90.00,0.1200,0.8800,no
c02ac2c9-5573-78de-7e19-321656bb6643,KXNEXTIRANLEADER-45JAN01-ALAR,2026-03-02T09:15:34.317105Z,13.00,0.1300,0.8700,no
cd94063e-d601-44f0-d012-53f17cf41f21,KXNEXTIRANLEADER-45JAN01-ALAR,2026-03-02T09:07:50.648939Z,25.00,0.1400,0.8600,yes
c8a29860-6cf9-4960-c9d5-2d66f8e79d7b,KXNEXTIRANLEADER-45JAN01-ALAR,2026-03-02T09:07:50.648939Z,42.00,0.1400,0.8600,yes
29f2105b-23a1-5d31-b947-fd7bb642d3e2,KXNEXTIRANLEADER-45JAN01-ALAR,2026-03-02T08:56:08.054971Z,11.00,0.1300,0.8700,no
cc50bb66-8fd6-5e9f-28b4-593362654205,KXNEXTIRANLEADER-45JAN01-ALAR,2026-03-02T08:53:25.082065Z,24.00,0.1300,0.8700,yes
bd1fe5a5-8659-5c54-1389-730ec31b10d2,KXNEXTIRANLEADER-45JAN01-ALAR,2026-03-02T08:53:25.082065Z,55.00,0.1400,0.8600,yes
0361d74f-755b-5ca4-1ff5-5e191f96d2fc,KXNEXTIRANLEADER-45JAN01-ALAR,2026-03-02T08:53:25.082065Z,556.00,0.1500,0.8500,yes
348abf7b-ca8a-5323-66d6-e68ab23fef19,KXNEXTIRANLEADER-45JAN01-ALAR,2026-03-02T08:53:23.433906Z,1.00,0.1300,0.8700,yes
c107f115-a6f9-4fc9-b9fd-3cf3472ae50a,KXNEXTIRANLEADER-45JAN01-ALAR,2026-03-02T08:51:48.63738Z,8.00,0.1200,0.8800,no
0d167411-f2b3-4821-80a6-549eb81569dc,KXNEXTIRANLEADER-45JAN01-ALAR,2026-03-02T08:51:48.63738Z,25.00,0.1300,0.8700,no
258c2fc6-d08b-4da4-7a4c-0a83e459bcc4,KXNEXTIRANLEADER-45JAN01-ALAR,2026-03-02T08:38:15.665514Z,33.00,0.1500,0.8500,yes
c83b9aa0-be8f-6a08-8a45-595fdb4e775c,KXNEXTIRANLEADER-45JAN01-ALAR,2026-03-02T08:37:21.497783Z,62.00,0.1500,0.8500,yes
70cfbba1-ddaf-5398-7201-99518b77190c,KXNEXTIRANLEADER-45JAN01-ALAR,2026-03-02T08:33:58.414465Z,41.00,0.1500,0.8500,yes
802d83f3-d693-490c-73a5-e16f3184cb48,KXNEXTIRANLEADER-45JAN01-ALAR,2026-03-02T08:14:51.571575Z,31.00,0.1500,0.8500,yes
16b44bc9-2193-7060-d4f3-ca99b1c6de1c,KXNEXTIRANLEADER-45JAN01-ALAR,2026-03-02T08:09:45.778529Z,69.00,0.1500,0.8500,yes
fff77210-1c04-4622-0a2f-f3c3e0cfe020,KXNEXTIRANLEADER-45JAN01-ALAR,2026-03-02T08:06:22.63928Z,1.00,0.1400,0.8600,no
6310f14a-6c5b-7d20-fa0f-6c5cd1ee569c,KXNEXTIRANLEADER-45JAN01-ALAR,2026-03-02T07:59:19.34748Z,844.00,0.1500,0.8500,yes
68ec1d3c-6b37-4791-0184-500f84493b00,KXNEXTIRANLEADER-45JAN01-ALAR,2026-03-02T07:49:22.216357Z,31.00,0.1400,0.8600,no
fe8a66f3-e87f-75c1-3df8-86c856d8913c,KXNEXTIRANLEADER-45JAN01-ALAR,2026-03-02T07:49:16.375254Z,12.00,0.1400,0.8600,no
b3105d16-7dc3-5729-a9f7-3de487ce6eac,KXNEXTIRANLEADER-45JAN01-ALAR,2026-03-02T07:47:24.734685Z,88.00,0.1400,0.8600,no
4b614a44-f766-76f5-e866-2ad89148a9c1,KXNEXTIRANLEADER-45JAN01-ALAR,2026-03-02T07:47:00.509129Z,25.00,0.1400,0.8600,yes
8a16f897-f80f-59b4-317c-4e6ae13c1c28,KXNEXTIRANLEADER-45JAN01-ALAR,2026-03-02T07:42:42.348193Z,25.00,0.1400,0.8600,yes
3437ae72-dc5f-54a8-3b54-d80137379e9c,KXNEXTIRANLEADER-45JAN01-ALAR,2026-03-02T07:42:42.348193Z,133.00,0.1500,0.8500,yes
f2a8bfa9-179c-7668-03ae-cbe582474986,KXNEXTIRANLEADER-45JAN01-ALAR,2026-03-02T07:30:19.633498Z,11.00,0.1300,0.8700,no
cf8a52be-65a0-6ab8-05fc-dcfaac6e6eae,KXNEXTIRANLEADER-45JAN01-ALAR,2026-03-02T07:20:10.723436Z,6.00,0.1300,0.8700,no
b1542d02-58b7-6c3e-2c47-06c123d588da,KXNEXTIRANLEADER-45JAN01-ALAR,2026-03-02T07:20:10.723436Z,25.00,0.1400,0.8600,no
671e3c52-2e27-6cf4-8040-f7bc319bc4f8,KXNEXTIRANLEADER-45JAN01-ALAR,2026-03-02T07:17:18.180768Z,31.00,0.1500,0.8500,yes
19ce2c82-5967-5940-0f0b-19f9024e88a8,KXNEXTIRANLEADER-45JAN01-ALAR,2026-03-02T07:15:50.793941Z,12.00,0.1500,0.8500,yes
361716fc-9933-5f04-450e-be54661391c8,KXNEXTIRANLEADER-45JAN01-ALAR,2026-03-02T07:03:59.896329Z,56.00,0.1500,0.8500,yes
33096b88-6c5f-71a0-e7e1-6ca8313bcac4,KXNEXTIRANLEADER-45JAN01-ALAR,2026-03-02T07:02:35.471201Z,1635.00,0.1500,0.8500,yes
25cb3081-5a59-79dc-c9e4-2de695cab299,KXNEXTIRANLEADER-45JAN01-ALAR,2026-03-02T07:02:35.471201Z,32.00,0.1500,0.8500,yes
48f7f928-6d7d-4d7e-085b-93a7c41dafdc,KXNEXTIRANLEADER-45JAN01-ALAR,2026-03-02T06:54:27.777793Z,1.00,0.1600,0.8400,yes
017c2ab3-6c96-5c4b-3103-4c3939d17f78,KXNEXTIRANLEADER-45JAN01-ALAR,2026-03-02T06:54:09.261681Z,8.00,0.1500,0.8500,yes
241f47c3-5351-4abd-131a-670c1cfefe5b,KXNEXTIRANLEADER-45JAN01-ALAR,2026-03-02T06:46:26.083285Z,18.00,0.1600,0.8400,no
acbffabc-c130-441a-0cc4-898e16af22c1,KXNEXTIRANLEADER-45JAN01-ALAR,2026-03-02T06:45:39.927978Z,17.00,0.1600,0.8400,no
1df8960c-6c24-5d2e-b6e6-c349ba6dd32f,KXNEXTIRANLEADER-45JAN01-ALAR,2026-03-02T06:45:23.34853Z,22.00,0.1700,0.8300,yes
ee51c772-aac1-69fb-eedb-3fbd7ba087ec,KXNEXTIRANLEADER-45JAN01-ALAR,2026-03-02T06:45:18.522376Z,26.00,0.1700,0.8300,yes
48e25707-eb54-6e9e-f4e0-e96e2170ab2b,KXNEXTIRANLEADER-45JAN01-ALAR,2026-03-02T06:45:18.522376Z,24.00,0.1700,0.8300,yes
b6034443-8867-4b41-eb25-efa4b9c43677,KXNEXTIRANLEADER-45JAN01-ALAR,2026-03-02T06:45:03.418669Z,12.00,0.1600,0.8400,yes
ccfbd5ca-5c75-5c8f-f0b0-628d582349c3,KXNEXTIRANLEADER-45JAN01-ALAR,2026-03-02T06:43:17.79136Z,10.00,0.1700,0.8300,yes
a27b032e-731b-564b-dfc8-93ccb170d4c3,KXNEXTIRANLEADER-45JAN01-ALAR,2026-03-02T06:43:17.79136Z,12.00,0.1600,0.8400,yes
97fbb964-08fe-5935-f75a-f1bc0a9b0991,KXNEXTIRANLEADER-45JAN01-ALAR,2026-03-02T06:43:17.79136Z,11.00,0.1600,0.8400,yes
71df3ca4-b110-5423-e52d-994ad2faacd1,KXNEXTIRANLEADER-45JAN01-ALAR,2026-03-02T06:43:17.79136Z,25.00,0.1500,0.8500,yes
638f40a8-f28d-5a9b-f72a-ceaa5af934e0,KXNEXTIRANLEADER-45JAN01-ALAR,2026-03-02T06:43:17.79136Z,29.00,0.1700,0.8300,yes
017bce32-4a95-5c1d-f959-097ca48ad14a,KXNEXTIRANLEADER-45JAN01-ALAR,2026-03-02T06:43:17.79136Z,1.00,0.1500,0.8500,yes
20f2b253-4987-482a-65d6-3082265bb24b,KXNEXTIRANLEADER-45JAN01-ALAR,2026-03-02T06:42:31.377885Z,20.00,0.1200,0.8800,yes
c77e7392-3880-7ae4-60aa-d6d374be6a90,KXNEXTIRANLEADER-45JAN01-ALAR,2026-03-02T06:42:08.627243Z,82.00,0.1200,0.8800,no
a91014b9-dffd-7976-68b3-d9f3486422fd,KXNEXTIRANLEADER-45JAN01-ALAR,2026-03-02T06:42:08.627243Z,39.00,0.1100,0.8900,no
817e98db-30d9-782e-7cf4-a25d1054b5fa,KXNEXTIRANLEADER-45JAN01-ALAR,2026-03-02T06:42:08.627243Z,11.00,0.1100,0.8900,no
65166d5e-d3f0-7d37-69f9-9f4f76890d43,KXNEXTIRANLEADER-45JAN01-ALAR,2026-03-02T06:42:08.627243Z,25.00,0.1400,0.8600,no
4ef6298e-1d35-7f05-7a32-ad4bbb14c81c,KXNEXTIRANLEADER-45JAN01-ALAR,2026-03-02T06:42:08.627243Z,20.00,0.1300,0.8700,no
e9b463fe-16a6-444a-4eea-3da5b7556a94,KXNEXTIRANLEADER-45JAN01-ALAR,2026-03-02T06:37:11.897336Z,25.00,0.1400,0.8600,no
c09c41de-9d27-47c5-61a5-ff5aaf282fae,KXNEXTIRANLEADER-45JAN01-ALAR,2026-03-02T06:37:11.897336Z,55.00,0.1200,0.8800,no
950a4e74-d65e-4d61-7b2c-4c5452a579b0,KXNEXTIRANLEADER-45JAN01-ALAR,2026-03-02T06:37:11.897336Z,32.00,0.1300,0.8700,no
93bf5353-6da2-4230-5d5a-457576fef725,KXNEXTIRANLEADER-45JAN01-ALAR,2026-03-02T06:37:11.897336Z,20.00,0.1200,0.8800,no
638dc3dc-92f9-41f4-7ac2-98b739aeb22e,KXNEXTIRANLEADER-45JAN01-ALAR,2026-03-02T06:37:11.897336Z,2.00,0.1200,0.8800,no
7f30be2a-6981-40fc-8e49-96c11a66c8cb,KXNEXTIRANLEADER-45JAN01-ALAR,2026-03-02T06:31:51.89125Z,27.00,0.1700,0.8300,yes
e476e7cc-e091-4dc0-7e94-a38d0831d8d7,KXNEXTIRANLEADER-45JAN01-ALAR,2026-03-02T06:28:24.348144Z,177.00,0.1700,0.8300,yes
82f29aeb-cda5-7600-937f-a5f59ac3b33b,KXNEXTIRANLEADER-45JAN01-ALAR,2026-03-02T06:27:13.584241Z,13.00,0.1700,0.8300,yes
d909106a-f3ff-4917-9f37-d652cdfd7e57,KXNEXTIRANLEADER-45JAN01-ALAR,2026-03-02T06:27:00.4748Z,55.00,0.1600,0.8400,yes
6db53cee-39ad-4c5c-9bd7-7c1e4d0a350f,KXNEXTIRANLEADER-45JAN01-ALAR,2026-03-02T06:27:00.4748Z,999.00,0.1700,0.8300,yes
4ad8de10-6064-44a5-9d93-0371e7768451,KXNEXTIRANLEADER-45JAN01-ALAR,2026-03-02T06:27:00.4748Z,500.00,0.1600,0.8400,yes
11dbeb8a-0eb1-44b4-a10e-014bc23e2706,KXNEXTIRANLEADER-45JAN01-ALAR,2026-03-02T06:27:00.4748Z,155.00,0.1600,0.8400,yes
2399d36e-2eb1-7718-b646-8c7e9d084a1a,KXNEXTIRANLEADER-45JAN01-ALAR,2026-03-02T06:26:23.946738Z,2.00,0.1600,0.8400,yes
abed8903-d8a5-67e8-ce71-076d2bfd7046,KXNEXTIRANLEADER-45JAN01-ALAR,2026-03-02T06:26:20.270272Z,60.00,0.1600,0.8400,yes
982a03dc-4105-7de0-770c-8f1ec17645a6,KXNEXTIRANLEADER-45JAN01-ALAR,2026-03-02T06:25:58.215204Z,23.00,0.1600,0.8400,yes
ef869547-f5a3-6b93-ff21-40dbd1806a09,KXNEXTIRANLEADER-45JAN01-ALAR,2026-03-02T06:25:28.496202Z,25.00,0.1500,0.8500,no
aafd8be7-eb7c-69b3-da4c-528113059fda,KXNEXTIRANLEADER-45JAN01-ALAR,2026-03-02T06:25:28.496202Z,475.00,0.1500,0.8500,no
8a0e6cee-b8f5-75c8-3b4d-6915972e136e,KXNEXTIRANLEADER-45JAN01-ALAR,2026-03-02T06:25:27.831067Z,32.00,0.1600,0.8400,yes
53d6d0be-80da-707d-3d23-15934455fbda,KXNEXTIRANLEADER-45JAN01-ALAR,2026-03-02T06:25:27.831067Z,27.00,0.1600,0.8400,yes
1e383dd4-2a06-6c09-60ff-3fd59865f58a,KXNEXTIRANLEADER-45JAN01-ALAR,2026-03-02T06:23:42.931886Z,59.00,0.1600,0.8400,yes
f6b4a653-e1aa-5c35-9530-2f7cc6ddf25a,KXNEXTIRANLEADER-45JAN01-ALAR,2026-03-02T06:22:48.679695Z,5.00,0.1600,0.8400,yes
4d6ccc0b-6aa3-59b1-6ab4-a8c8547e4e66,KXNEXTIRANLEADER-45JAN01-ALAR,2026-03-02T06:22:29.936509Z,25.00,0.1500,0.8500,yes
9d60abc3-6a24-6e87-866f-16f94b5a7c6c,KXNEXTIRANLEADER-45JAN01-ALAR,2026-03-02T06:22:18.108836Z,9.00,0.1500,0.8500,yes
df19c2bc-8154-4762-985a-3980195d0799,KXNEXTIRANLEADER-45JAN01-ALAR,2026-03-02T06:19:58.055891Z,25.00,0.1300,0.8700,no
7be9425d-e131-56d8-1988-88d1bc61d397,KXNEXTIRANLEADER-45JAN01-ALAR,2026-03-02T06:18:30.988453Z,27.00,0.1700,0.8300,yes
a11c17b8-9165-66e8-0f03-506416f9303b,KXNEXTIRANLEADER-45JAN01-ALAR,2026-03-02T06:18:16.254211Z,905.00,0.1700,0.8300,yes
5052e6b9-78e4-6d14-0c3d-a8d57df2159d,KXNEXTIRANLEADER-45JAN01-ALAR,2026-03-02T06:18:16.254211Z,55.00,0.1600,0.8400,yes
2391761b-6c0f-6ce8-3b54-d61bda4323c6,KXNEXTIRANLEADER-45JAN01-ALAR,2026-03-02T06:18:16.254211Z,40.00,0.1600,0.8400,yes
b578dbb2-3e6a-4afb-bfd3-f16a3b474c11,KXNEXTIRANLEADER-45JAN01-ALAR,2026-03-02T06:16:44.57718Z,32.00,0.1500,0.8500,yes
4fa4498b-b0c4-4bfa-9cea-9ad6dac5d668,KXNEXTIRANLEADER-45JAN01-ALAR,2026-03-02T06:16:44.57718Z,97.00,0.1500,0.8500,yes
340aa120-3798-4ea6-ffd0-54a5dff2e2a4,KXNEXTIRANLEADER-45JAN01-ALAR,2026-03-02T06:15:50.309475Z,3.00,0.1500,0.8500,yes
8c9a3455-d071-6838-4dff-0d2754c9c3d7,KXNEXTIRANLEADER-45JAN01-ALAR,2026-03-02T06:15:32.68641Z,36.00,0.1400,0.8600,yes
39e02bbd-7384-6f93-7005-043ae07b5a09,KXNEXTIRANLEADER-45JAN01-ALAR,2026-03-02T06:15:32.68641Z,11.00,0.1400,0.8600,yes
26840308-378d-41d4-cc3f-7602667f812d,KXNEXTIRANLEADER-45JAN01-ALAR,2026-03-02T06:08:55.884449Z,20.00,0.1400,0.8600,yes
5cbca883-5adc-45db-9500-99ba6acdde60,KXNEXTIRANLEADER-45JAN01-ALAR,2026-03-02T06:07:59.837981Z,20.00,0.1400,0.8600,yes
d9bb6783-e2d6-418d-c713-35cc98d4155c,KXNEXTIRANLEADER-45JAN01-ALAR,2026-03-02T06:07:58.023588Z,55.00,0.1400,0.8600,yes
c033d78b-2c84-42f8-f5a6-488733c4b3fb,KXNEXTIRANLEADER-45JAN01-ALAR,2026-03-02T06:07:58.023588Z,25.00,0.1400,0.8600,yes
93f67328-6388-4373-de1a-ef98c582fb49,KXNEXTIRANLEADER-45JAN01-ALAR,2026-03-02T06:07:58.023588Z,43.00,0.1400,0.8600,yes
7cef11e3-6864-4e37-dd92-e1b3e5fe9780,KXNEXTIRANLEADER-45JAN01-ALAR,2026-03-02T06:07:58.023588Z,25.00,0.1400,0.8600,yes
0de00354-acf4-5ff7-003a-533aefd3ce85,KXNEXTIRANLEADER-45JAN01-ALAR,2026-03-02T06:05:51.512342Z,134.00,0.1400,0.8600,yes
d1ff493b-542a-662e-778c-c11752d94ca1,KXNEXTIRANLEADER-45JAN01-ALAR,2026-03-02T06:04:53.608863Z,125.00,0.1200,0.8800,yes
cbf44475-8221-62db-4945-4ea8260c34d7,KXNEXTIRANLEADER-45JAN01-ALAR,2026-03-02T06:04:53.608863Z,55.00,0.1300,0.8700,yes
a15ba02c-ea89-6f23-59a6-c30e21c621f6,KXNEXTIRANLEADER-45JAN01-ALAR,2026-03-02T06:04:53.608863Z,27.00,0.1100,0.8900,yes
307c4759-4d4a-6d46-5ebf-632960603cf5,KXNEXTIRANLEADER-45JAN01-ALAR,2026-03-02T06:04:53.608863Z,43.00,0.1400,0.8600,yes
dc19f024-b191-4fc1-c897-6d5c469cb3c4,KXNEXTIRANLEADER-45JAN01-ALAR,2026-03-02T06:00:49.933799Z,28.00,0.1000,0.9000,yes
c55727a1-ac3b-42fa-d875-9f9c6ff3dc45,KXNEXTIRANLEADER-45JAN01-ALAR,2026-03-02T06:00:49.933799Z,666.00,0.1200,0.8800,yes
b1bfaa4b-294c-46ef-ec51-67e47a3c04a8,KXNEXTIRANLEADER-45JAN01-ALAR,2026-03-02T06:00:49.933799Z,9.00,0.1000,0.9000,yes
9a34a904-1a5f-4884-cf79-18823702905a,KXNEXTIRANLEADER-45JAN01-ALAR,2026-03-02T06:00:49.933799Z,55.00,0.1100,0.8900,yes
8ccfd286-6daa-44db-c4a5-38978654e8f3,KXNEXTIRANLEADER-45JAN01-ALAR,2026-03-02T06:00:49.933799Z,40.00,0.1100,0.8900,yes
791c18a3-0952-4a89-e116-4e6e76491c2e,KXNEXTIRANLEADER-45JAN01-ALAR,2026-03-02T06:00:49.933799Z,152.00,0.1000,0.9000,yes
62733d8c-a1c2-4e76-cce8-b00fa3b0f2ac,KXNEXTIRANLEADER-45JAN01-ALAR,2026-03-02T06:00:49.933799Z,18.00,0.1000,0.9000,yes
55d998af-2abf-42c5-cf0c-8806254e73b0,KXNEXTIRANLEADER-45JAN01-ALAR,2026-03-02T06:00:49.933799Z,965.00,0.1100,0.8900,yes
2c74e8ae-79de-4fe2-fa53-6722caa42af9,KXNEXTIRANLEADER-45JAN01-ALAR,2026-03-02T06:00:49.933799Z,222.00,0.1200,0.8800,yes
232ac819-6613-4ecf-cd80-3b2e155544a0,KXNEXTIRANLEADER-45JAN01-ALAR,2026-03-02T06:00:49.933799Z,42.00,0.1000,0.9000,yes
1db0589c-002a-44af-e015-7ec0805020ab,KXNEXTIRANLEADER-45JAN01-ALAR,2026-03-02T06:00:49.933799Z,25.00,0.1100,0.8900,yes
d58b0fb6-9826-5456-97bb-7f8a2962b510,KXNEXTIRANLEADER-45JAN01-ALAR,2026-03-02T05:55:56.265315Z,9.00,0.1000,0.9000,yes
0e1469cb-aa76-7cf2-43f1-44c53ca26d68,KXNEXTIRANLEADER-45JAN01-ALAR,2026-03-02T05:55:39.149331Z,9.00,0.1000,0.9000,yes
3e3c4333-439e-6c4e-6ef7-98db68eb5078,KXNEXTIRANLEADER-45JAN01-ALAR,2026-03-02T05:52:50.726276Z,94.00,0.1000,0.9000,yes
cc8347a4-e88a-4f1a-b86d-fef4fe42de28,KXNEXTIRANLEADER-45JAN01-ALAR,2026-03-02T05:52:06.112188Z,1111.00,0.1000,0.9000,yes
95e5c7a2-615f-6fd0-6453-4925bc3504c7,KXNEXTIRANLEADER-45JAN01-ALAR,2026-03-02T05:43:15.897687Z,617.00,0.0700,0.9300,no
853f12d5-0181-6de2-5958-f18e508134f0,KXNEXTIRANLEADER-45JAN01-ALAR,2026-03-02T05:43:15.897687Z,55.00,0.0800,0.9200,no
8291f9b9-f668-6cc5-71d9-f7555ebd6bf4,KXNEXTIRANLEADER-45JAN01-ALAR,2026-03-02T05:43:15.897687Z,13.00,0.0800,0.9200,no
6c330e4e-5055-6eb5-6cc5-c84a9347dd14,KXNEXTIRANLEADER-45JAN01-ALAR,2026-03-02T05:43:15.897687Z,715.00,0.0700,0.9300,no
6570098f-1700-6902-6f23-e57aa6c68a85,KXNEXTIRANLEADER-45JAN01-ALAR,2026-03-02T05:43:15.897687Z,11.00,0.0800,0.9200,no
5eaf4f76-93e2-690d-7fba-3c8aeb790f5e,KXNEXTIRANLEADER-45JAN01-ALAR,2026-03-02T05:43:15.897687Z,25.00,0.0900,0.9100,no
3dc7b3b9-3eb5-6f61-5f99-f5634818c3c8,KXNEXTIRANLEADER-45JAN01-ALAR,2026-03-02T05:43:15.897687Z,9.00,0.0800,0.9200,no
2f2421ea-119a-63b1-5d3b-4997b97b3fbd,KXNEXTIRANLEADER-45JAN01-ALAR,2026-03-02T05:43:15.897687Z,55.00,0.0800,0.9200,no
c009786f-0953-4af2-7288-e549b03b1d49,KXNEXTIRANLEADER-45JAN01-ALAR,2026-03-02T05:41:38.016831Z,180.00,0.1200,0.8800,yes
c9b32619-151a-66c2-a969-3959cb67ed8e,KXNEXTIRANLEADER-45JAN01-ALAR,2026-03-02T05:38:21.848412Z,55.00,0.1100,0.8900,yes
c7a5b46a-b800-6b5a-85ee-769b523dc0be,KXNEXTIRANLEADER-45JAN01-ALAR,2026-03-02T05:38:21.848412Z,110.00,0.1100,0.8900,yes
a7761997-4d43-62c6-bd8d-d4526b63687c,KXNEXTIRANLEADER-45JAN01-ALAR,2026-03-02T05:38:21.848412Z,1.00,0.1200,0.8800,yes
7294ba36-47ee-66d7-9a8c-54be74822531,KXNEXTIRANLEADER-45JAN01-ALAR,2026-03-02T05:38:21.848412Z,210.00,0.1100,0.8900,yes
63b33647-7bda-61c0-948c-b6ced1ae885e,KXNEXTIRANLEADER-45JAN01-ALAR,2026-03-02T05:38:21.848412Z,6.00,0.1100,0.8900,yes
32045ec1-93f7-681d-8e08-4cc78a4fa3f4,KXNEXTIRANLEADER-45JAN01-ALAR,2026-03-02T05:38:21.848412Z,305.00,0.1100,0.8900,yes
14cb2e7e-817f-63e6-b950-0097df4e2375,KXNEXTIRANLEADER-45JAN01-ALAR,2026-03-02T05:38:21.848412Z,154.00,0.1200,0.8800,yes
19d0bf4e-c32f-7325-b3f3-e32789da27f4,KXNEXTIRANLEADER-45JAN01-ALAR,2026-03-02T05:38:06.16545Z,170.00,0.1100,0.8900,yes
1699b1a5-5d52-763a-9037-e388d746e6b8,KXNEXTIRANLEADER-45JAN01-ALAR,2026-03-02T05:38:06.16545Z,11.00,0.1000,0.9000,yes
0bb92b70-cfc0-7bc3-bab7-e6beab397f33,KXNEXTIRANLEADER-45JAN01-ALAR,2026-03-02T05:38:06.16545Z,55.00,0.1000,0.9000,yes
33cbcbd8-5713-6991-caa8-c00880982020,KXNEXTIRANLEADER-45JAN01-ALAR,2026-03-02T05:30:06.48109Z,900.00,0.1100,0.8900,yes
8e0d425b-573f-7b85-8461-3c262f7ef9f8,KXNEXTIRANLEADER-45JAN01-ALAR,2026-03-02T05:27:08.429604Z,1625.00,0.1100,0.8900,yes
7d473f29-9029-7e12-b01a-9b910eb7f94e,KXNEXTIRANLEADER-45JAN01-ALAR,2026-03-02T05:27:08.429604Z,3375.00,0.1100,0.8900,yes
b7c3cb60-e4b2-4587-eb6d-2f1a33dcc13e,KXNEXTIRANLEADER-45JAN01-ALAR,2026-03-02T05:27:00.428952Z,55.00,0.1000,0.9000,yes
80fe8566-0147-4e04-eb13-96c115566bb9,KXNEXTIRANLEADER-45JAN01-ALAR,2026-03-02T05:27:00.428952Z,10.00,0.1000,0.9000,yes
d4335305-5cfd-42f5-9d4e-6e88987b88e4,KXNEXTIRANLEADER-45JAN01-ALAR,2026-03-02T05:23:26.647593Z,22.00,0.1000,0.9000,yes
b06cbc63-a523-4821-bba4-0f1d1c6902fc,KXNEXTIRANLEADER-45JAN01-ALAR,2026-03-02T05:23:26.647593Z,25.00,0.1000,0.9000,yes
ae4df1ed-5cba-495a-b77c-11aaa49d09fa,KXNEXTIRANLEADER-45JAN01-ALAR,2026-03-02T05:23:26.647593Z,206.00,0.1100,0.8900,yes
a63bfacc-dee1-4a72-a17d-e6b9904882c6,KXNEXTIRANLEADER-45JAN01-ALAR,2026-03-02T05:23:26.647593Z,632.00,0.1100,0.8900,yes
9e87a3c6-0837-4fb1-9cb2-b49ae2b1af84,KXNEXTIRANLEADER-45JAN01-ALAR,2026-03-02T05:23:26.647593Z,55.00,0.1000,0.9000,yes
7f790382-50fd-6cb1-64f3-0844624b28b4,KXNEXTIRANLEADER-45JAN01-ALAR,2026-03-02T05:22:34.275741Z,1338.00,0.1000,0.9000,yes
31e01e09-554f-6834-6445-341daf86df3d,KXNEXTIRANLEADER-45JAN01-ALAR,2026-03-02T05:22:34.275741Z,328.00,0.1000,0.9000,yes
f34b7fdb-bfce-7fae-31b9-c4c29a0d5e14,KXNEXTIRANLEADER-45JAN01-ALAR,2026-03-02T05:20:07.113214Z,579.00,0.0800,0.9200,yes
ca8783aa-3885-7d4a-371e-cd617e12becf,KXNEXTIRANLEADER-45JAN01-ALAR,2026-03-02T05:20:07.113214Z,815.00,0.0800,0.9200,yes
609ff129-6a27-724f-2bf1-d3c7a25e718c,KXNEXTIRANLEADER-45JAN01-ALAR,2026-03-02T05:20:07.113214Z,1000.00,0.0800,0.9200,yes
c9a1542d-13a2-483e-edab-086e3e73ff40,KXNEXTIRANLEADER-45JAN01-ALAR,2026-03-02T05:12:51.902215Z,293.00,0.0800,0.9200,yes
81d42492-1b3e-5c92-43aa-4dd4c9c0db10,KXNEXTIRANLEADER-45JAN01-ALAR,2026-03-02T05:12:18.761398Z,150.00,0.0800,0.9200,yes
fe642251-dff6-7fa6-67b6-235d15647134,KXNEXTIRANLEADER-45JAN01-ALAR,2026-03-02T05:10:05.418024Z,11.00,0.0800,0.9200,yes
30d0dd0b-a176-4182-19d7-d4dd3695e5fc,KXNEXTIRANLEADER-45JAN01-ALAR,2026-03-02T05:08:21.253361Z,175.00,0.0800,0.9200,yes
15b8d858-d095-443d-1b58-4395dd8036c3,KXNEXTIRANLEADER-45JAN01-ALAR,2026-03-02T05:08:21.253361Z,300.00,0.0800,0.9200,yes
b221ba3c-7f07-48cd-01ea-703441290058,KXNEXTIRANLEADER-45JAN01-ALAR,2026-03-02T05:08:07.981635Z,25.00,0.0700,0.9300,yes
daa15c69-847d-52bc-c4e2-db9b65ab0edc,KXNEXTIRANLEADER-45JAN01-ALAR,2026-03-02T04:41:03.146471Z,107.00,0.0700,0.9300,no
d594a3f9-1ee8-5ebe-ec89-b3a09a6a5cad,KXNEXTIRANLEADER-45JAN01-ALAR,2026-03-02T04:41:03.146471Z,581.00,0.0700,0.9300,no
bbbfe681-7379-5f7d-cb0a-86d4c11aa7fc,KXNEXTIRANLEADER-45JAN01-ALAR,2026-03-02T04:41:03.146471Z,300.00,0.0700,0.9300,no
6f53e156-4646-5166-e8fe-88e9922aae37,KXNEXTIRANLEADER-45JAN01-ALAR,2026-03-02T04:41:03.146471Z,1185.00,0.0700,0.9300,no
64295f16-8777-5aac-d648-9da4a5529172,KXNEXTIRANLEADER-45JAN01-ALAR,2026-03-02T04:41:03.146471Z,500.00,0.0600,0.9400,no
49eb4f9b-21b1-5522-cca4-2e8c9076bce1,KXNEXTIRANLEADER-45JAN01-ALAR,2026-03-02T04:41:03.146471Z,25.00,0.0800,0.9200,no
32bd0d67-440f-5475-f117-a3ac4aaed110,KXNEXTIRANLEADER-45JAN01-ALAR,2026-03-02T04:41:03.146471Z,353.00,0.0700,0.9300,no
e7ff116d-1a75-593d-a598-d148bcb2fcec,KXNEXTIRANLEADER-45JAN01-ALAR,2026-03-02T04:33:10.089308Z,18.00,0.0800,0.9200,yes
78941f6e-db8a-5ac1-8729-3deb7d92d318,KXNEXTIRANLEADER-45JAN01-ALAR,2026-03-02T04:33:10.089308Z,25.00,0.0800,0.9200,yes
7329977d-5618-57e8-bf3e-99a00e9d5022,KXNEXTIRANLEADER-45JAN01-ALAR,2026-03-02T04:33:10.089308Z,191.00,0.0800,0.9200,yes
e8f18d77-7019-6555-d3a5-80504e23df77,KXNEXTIRANLEADER-45JAN01-ALAR,2026-03-02T04:20:40.642998Z,475.00,0.0800,0.9200,no
e5f5f415-545e-6bbf-eb94-162eb92e1f5e,KXNEXTIRANLEADER-45JAN01-ALAR,2026-03-02T04:20:40.642998Z,2.00,0.0800,0.9200,no
a87bcba8-c331-62ab-d193-2e055e825386,KXNEXTIRANLEADER-45JAN01-ALAR,2026-03-02T04:20:40.642998Z,12.00,0.0800,0.9200,no
b45bfb0f-84e8-6e73-b0ac-3ef01db7d4f8,KXNEXTIRANLEADER-45JAN01-ALAR,2026-03-02T04:19:41.834203Z,25.00,0.0900,0.9100,no
27dfb086-b69b-54dd-b7a7-af940ce71afb,KXNEXTIRANLEADER-45JAN01-ALAR,2026-03-02T04:12:27.648724Z,4.00,0.1000,0.9000,no
6c9d976c-c192-699e-d5fe-7c860535fa4e,KXNEXTIRANLEADER-45JAN01-ALAR,2026-03-02T04:10:04.234726Z,17.00,0.1100,0.8900,yes
aa233284-e6e6-485a-551f-eb42e6563102,KXNEXTIRANLEADER-45JAN01-ALAR,2026-03-02T04:06:44.346018Z,77.00,0.1100,0.8900,yes
836a8e86-6c55-40c4-46f9-b22c022d0fef,KXNEXTIRANLEADER-45JAN01-ALAR,2026-03-02T04:06:44.346018Z,8.00,0.1100,0.8900,yes
059c4e60-cf59-63ec-9774-f71fc1a87357,KXNEXTIRANLEADER-45JAN01-ALAR,2026-03-02T04:05:17.572158Z,81.00,0.1100,0.8900,yes
fb255c43-ae3a-4b3a-dd68-fc3243223add,KXNEXTIRANLEADER-45JAN01-ALAR,2026-03-02T03:51:27.314982Z,169.00,0.1000,0.9000,yes
e75008aa-e787-40b6-e664-7525c278ad89,KXNEXTIRANLEADER-45JAN01-ALAR,2026-03-02T03:51:27.314982Z,333.00,0.1000,0.9000,yes
cffe4268-0263-42fc-d33f-c0b192ef55a1,KXNEXTIRANLEADER-45JAN01-ALAR,2026-03-02T03:51:27.314982Z,175.00,0.1000,0.9000,yes
912325a8-11c7-45d8-eac9-46d821e6ca22,KXNEXTIRANLEADER-45JAN01-ALAR,2026-03-02T03:51:27.314982Z,185.00,0.1000,0.9000,yes
19b5e381-6bd9-42e8-d4f1-df4f07776283,KXNEXTIRANLEADER-45JAN01-ALAR,2026-03-02T03:51:27.314982Z,71.00,0.1100,0.8900,yes
d17e979e-0e6f-4560-09e5-100d82448bf6,KXNEXTIRANLEADER-45JAN01-ALAR,2026-03-02T03:51:08.348682Z,4.00,0.1000,0.9000,yes
11636f33-616b-6fa8-b753-79949327ba46,KXNEXTIRANLEADER-45JAN01-ALAR,2026-03-02T03:50:53.413436Z,250.00,0.1000,0.9000,yes
a855b2c8-73b3-41c4-0bcf-edcb73e3799a,KXNEXTIRANLEADER-45JAN01-ALAR,2026-03-02T03:49:02.158378Z,125.00,0.1000,0.9000,yes
7537e186-0683-436c-acfc-749281b9ddc6,KXNEXTIRANLEADER-45JAN01-ALAR,2026-03-02T03:43:16.119075Z,37.00,0.1000,0.9000,yes
94af9c9e-9a2f-73a0-06a6-14fb58906c6a,KXNEXTIRANLEADER-45JAN01-ALAR,2026-03-02T03:40:51.005991Z,28.00,0.1000,0.9000,yes
a7ea55fa-5c0f-7e14-0c78-ad2f0147177a,KXNEXTIRANLEADER-45JAN01-ALAR,2026-03-02T03:37:50.272781Z,35.00,0.1000,0.9000,yes
b4bc8657-ddc3-7c7c-cd82-986c79e4322e,KXNEXTIRANLEADER-45JAN01-ALAR,2026-03-02T03:37:06.374918Z,800.00,0.1000,0.9000,yes
30040270-c973-61a0-a273-6222a4b1f332,KXNEXTIRANLEADER-45JAN01-ALAR,2026-03-02T03:34:40.414645Z,376.00,0.1000,0.9000,yes
e3464752-ac1f-6b64-0976-e00392af71ad,KXNEXTIRANLEADER-45JAN01-ALAR,2026-03-02T03:33:16.389519Z,2116.00,0.0900,0.9100,yes
be6e285a-b9a4-604c-3508-190b7fc25c5d,KXNEXTIRANLEADER-45JAN01-ALAR,2026-03-02T03:33:16.389519Z,250.00,0.0900,0.9100,yes
90fa855e-8073-653c-161b-e1a36b8e06c6,KXNEXTIRANLEADER-45JAN01-ALAR,2026-03-02T03:33:16.389519Z,1129.00,0.1000,0.9000,yes
5a94649b-4938-655b-09d9-12a9c6416bde,KXNEXTIRANLEADER-45JAN01-ALAR,2026-03-02T03:33:16.389519Z,2000.00,0.0900,0.9100,yes
a868f3ed-518f-64d4-bd16-1d27cad85139,KXNEXTIRANLEADER-45JAN01-ALAR,2026-03-02T03:29:37.108286Z,25.00,0.0900,0.9100,yes
73f96f6c-165b-4d50-8403-66536f1fcfe9,KXNEXTIRANLEADER-45JAN01-ALAR,2026-03-02T03:28:50.665435Z,5.00,0.0900,0.9100,yes
bf4eac29-2767-72f1-704a-1f452e1608f2,KXNEXTIRANLEADER-45JAN01-ALAR,2026-03-02T03:28:18.089699Z,25.00,0.0800,0.9200,yes
e24b39ce-4898-4613-3b05-1df18a09dec1,KXNEXTIRANLEADER-45JAN01-ALAR,2026-03-02T03:24:49.813381Z,97.00,0.0700,0.9300,no
ccdab0b5-69c8-4c75-17fb-3c6c47cf3847,KXNEXTIRANLEADER-45JAN01-ALAR,2026-03-02T03:24:49.813381Z,19.00,0.0600,0.9400,no
c58bd5ab-79b2-4481-340a-0f9e09ba4aa1,KXNEXTIRANLEADER-45JAN01-ALAR,2026-03-02T03:24:49.813381Z,163.00,0.0700,0.9300,no
b65d5b9d-fe9f-4963-0ba4-ca36a7ba2314,KXNEXTIRANLEADER-45JAN01-ALAR,2026-03-02T03:24:49.813381Z,25.00,0.0800,0.9200,no
b0da2565-6570-4509-31da-d007233cf223,KXNEXTIRANLEADER-45JAN01-ALAR,2026-03-02T03:24:49.813381Z,98.00,0.0700,0.9300,no
a8837135-2173-4fa8-3bef-1d0b1e3ad2b7,KXNEXTIRANLEADER-45JAN01-ALAR,2026-03-02T03:24:49.813381Z,52.00,0.0700,0.9300,no
9ff28c1f-d5a4-4a68-3abf-7b838d26aa09,KXNEXTIRANLEADER-45JAN01-ALAR,2026-03-02T03:24:49.813381Z,471.00,0.0800,0.9200,no
78a697c3-c79f-4e5e-0764-5dc0e6645bbf,KXNEXTIRANLEADER-45JAN01-ALAR,2026-03-02T03:24:49.813381Z,8.00,0.0700,0.9300,no
3d0f73a3-c44b-4cbc-0777-66666b06a072,KXNEXTIRANLEADER-45JAN01-ALAR,2026-03-02T03:24:49.813381Z,104.00,0.0700,0.9300,no
0fc9f213-d7a4-4684-1318-59fe626c7733,KXNEXTIRANLEADER-45JAN01-ALAR,2026-03-02T03:24:49.813381Z,67.00,0.0700,0.9300,no
0811243d-0f7f-4e60-242a-c3d9380c67d2,KXNEXTIRANLEADER-45JAN01-ALAR,2026-03-02T03:24:49.813381Z,459.00,0.0600,0.9400,no
5ea4dc03-de8b-4478-5af7-084e239da649,KXNEXTIRANLEADER-45JAN01-ALAR,2026-03-02T03:19:19.379233Z,52.00,0.0900,0.9100,yes
08777c3b-679b-77e4-ecc8-115c2c3fca99,KXNEXTIRANLEADER-45JAN01-ALAR,2026-03-02T03:17:48.418147Z,104.00,0.0900,0.9100,yes
7813251a-b9cb-62f8-92b8-41b64ea0d9ed,KXNEXTIRANLEADER-45JAN01-ALAR,2026-03-02T03:12:00.725091Z,104.00,0.0900,0.9100,yes
4e341e16-2143-5274-ff31-64397079ad89,KXNEXTIRANLEADER-45JAN01-ALAR,2026-03-02T03:07:39.058711Z,104.00,0.0900,0.9100,yes
d5d3ef50-d648-4744-d0ad-b8308943c635,KXNEXTIRANLEADER-45JAN01-ALAR,2026-03-02T03:04:03.119307Z,1.00,0.0800,0.9200,no
97b8e420-16f3-6660-1434-b4df7557892d,KXNEXTIRANLEADER-45JAN01-ALAR,2026-03-02T03:01:11.216739Z,156.00,0.0900,0.9100,yes
292b8792-35a3-6380-533e-fcf153e879ad,KXNEXTIRANLEADER-45JAN01-ALAR,2026-03-02T02:58:44.87276Z,24.00,0.0900,0.9100,yes
129fd31e-243b-6090-491c-90f9f9d1dea1,KXNEXTIRANLEADER-45JAN01-ALAR,2026-03-02T02:58:04.639497Z,208.00,0.0900,0.9100,yes
4ca129bf-d597-4a28-8dd6-df4b3740a2d1,KXNEXTIRANLEADER-45JAN01-ALAR,2026-03-02T02:38:50.168168Z,27.00,0.0900,0.9100,yes
20939bca-1146-4a07-b4b3-3684a04180db,KXNEXTIRANLEADER-45JAN01-ALAR,2026-03-02T02:38:50.168168Z,25.00,0.0900,0.9100,yes
5df56ca1-9dba-72e7-4d1c-f675411fefbd,KXNEXTIRANLEADER-45JAN01-ALAR,2026-03-02T02:29:56.426519Z,10.00,0.0900,0.9100,no
5029e960-21bc-71e8-4bca-720dac251db5,KXNEXTIRANLEADER-45JAN01-ALAR,2026-03-02T02:29:56.426519Z,161.00,0.0800,0.9200,no
f9b17872-d4cf-7a7c-cff2-bf646885a5b2,KXNEXTIRANLEADER-45JAN01-ALAR,2026-03-02T02:21:31.861917Z,7.00,0.1000,0.9000,yes
32cbe9a8-7f16-617a-6084-4cd50305453f,KXNEXTIRANLEADER-45JAN01-ALAR,2026-03-02T02:19:42.702202Z,25.00,0.1000,0.9000,no
0f819622-8db1-6268-2874-d2eb2a4c1b27,KXNEXTIRANLEADER-45JAN01-ALAR,2026-03-02T02:14:02.123937Z,40.00,0.1100,0.8900,yes
66f21e32-dce0-5de1-c502-20bc32a35446,KXNEXTIRANLEADER-45JAN01-ALAR,2026-03-02T02:12:02.991231Z,43.00,0.1000,0.9000,yes
3f486d8a-728f-5506-e330-41886f0dacd3,KXNEXTIRANLEADER-45JAN01-ALAR,2026-03-02T02:12:02.991231Z,51.00,0.1000,0.9000,yes
ca8d8134-3b5e-7f8a-d1e1-eab2319a3bdf,KXNEXTIRANLEADER-45JAN01-ALAR,2026-03-02T02:08:28.553509Z,25.00,0.0900,0.9100,yes
9f82ef39-7ebb-7816-c6ca-88abb4f2c22b,KXNEXTIRANLEADER-45JAN01-ALAR,2026-03-02T02:08:28.553509Z,24.00,0.1000,0.9000,yes
f8577414-9600-52c0-c29e-7c4fa10c52fd,KXNEXTIRANLEADER-45JAN01-ALAR,2026-03-02T02:01:34.702023Z,1367.00,0.0800,0.9200,no
f6f82fec-4903-5f24-d413-cea2fadacc62,KXNEXTIRANLEADER-45JAN01-ALAR,2026-03-02T02:01:34.702023Z,25.00,0.0900,0.9100,no
1902a56c-c789-590c-ee2e-e9c0ade89433,KXNEXTIRANLEADER-45JAN01-ALAR,2026-03-02T02:01:34.702023Z,459.00,0.0900,0.9100,no
d6307627-1e1f-409e-9648-63378e3ddf2d,KXNEXTIRANLEADER-45JAN01-ALAR,2026-03-02T01:58:44.904089Z,25.00,0.1000,0.9000,no
e31d90c6-7bb8-52b4-4646-1b6cebf2b722,KXNEXTIRANLEADER-45JAN01-ALAR,2026-03-02T01:58:19.828552Z,7.00,0.1200,0.8800,yes
f2d36a9c-2cb7-73a4-69a5-259b338516f5,KXNEXTIRANLEADER-45JAN01-ALAR,2026-03-02T01:51:48.884819Z,5.00,0.1000,0.9000,no
d01c57d0-1c61-79cc-7c20-2de898415e57,KXNEXTIRANLEADER-45JAN01-ALAR,2026-03-02T01:51:48.884819Z,4.00,0.0900,0.9100,no
78cae918-eaef-7dcd-4ddb-e12c64b87cb5,KXNEXTIRANLEADER-45JAN01-ALAR,2026-03-02T01:51:48.884819Z,25.00,0.1000,0.9000,no
f11c1cbe-4e85-49fa-d6ac-86bbc33e6051,KXNEXTIRANLEADER-45JAN01-ALAR,2026-03-02T01:51:42.90953Z,8.00,0.1200,0.8800,yes
a6e2d751-9336-405a-c969-e23c280b3b72,KXNEXTIRANLEADER-45JAN01-ALAR,2026-03-02T01:51:42.90953Z,5.00,0.1100,0.8900,yes
99139dbd-5dff-4e0e-ca62-2bba0f34dbe5,KXNEXTIRANLEADER-45JAN01-ALAR,2026-03-02T01:51:42.90953Z,25.00,0.1100,0.8900,yes
f2e32fc3-4c70-5150-39f8-4f279fe48b67,KXNEXTIRANLEADER-45JAN01-ALAR,2026-03-02T01:34:59.738674Z,43.00,0.1300,0.8700,yes
df580131-f1de-5194-2714-dada86a100da,KXNEXTIRANLEADER-45JAN01-ALAR,2026-03-02T01:34:59.738674Z,200.00,0.1100,0.8900,yes
a6ea4ca0-ba04-5475-3b2c-9c3112a9cab4,KXNEXTIRANLEADER-45JAN01-ALAR,2026-03-02T01:34:59.738674Z,25.00,0.1000,0.9000,yes
93ffcaf4-ee68-5e1d-232e-380ce076ae43,KXNEXTIRANLEADER-45JAN01-ALAR,2026-03-02T01:34:59.738674Z,100.00,0.1300,0.8700,yes
720fdb04-534c-5354-139a-98256f3f2452,KXNEXTIRANLEADER-45JAN01-ALAR,2026-03-02T01:34:59.738674Z,11.00,0.1300,0.8700,yes
a96ef904-3280-6f0b-1548-a67f7b9226d1,KXNEXTIRANLEADER-45JAN01-ALAR,2026-03-02T01:33:00.598752Z,2220.00,0.0700,0.9300,no
49eaef24-956c-6b03-2328-e71faf5b5d25,KXNEXTIRANLEADER-45JAN01-ALAR,2026-03-02T01:33:00.598752Z,25.00,0.0800,0.9200,no
0ec15056-83b5-6ca6-f20e-ac3eb83ccb65,KXNEXTIRANLEADER-45JAN01-ALAR,2026-03-02T01:20:03.193787Z,25.00,0.0800,0.9200,no
0416e957-51f9-6733-f709-7edf38abb41b,KXNEXTIRANLEADER-45JAN01-ALAR,2026-03-02T01:20:03.193787Z,2.00,0.0800,0.9200,no
e49f31f8-be27-6c78-4cbf-1d9734cd7325,KXNEXTIRANLEADER-45JAN01-ALAR,2026-03-02T01:18:54.775092Z,26.00,0.1200,0.8800,yes
d7fbfedb-1ab0-6df8-44d8-3cfae4a2fc02,KXNEXTIRANLEADER-45JAN01-ALAR,2026-03-02T01:18:54.775092Z,25.00,0.0900,0.9100,yes
80fd3c79-d86b-6bcd-6e21-40157bdbdc28,KXNEXTIRANLEADER-45JAN01-ALAR,2026-03-02T01:18:54.775092Z,10.00,0.1000,0.9000,yes
71396823-4fcd-6951-4ea5-1fdaaa9095d6,KXNEXTIRANLEADER-45JAN01-ALAR,2026-03-02T01:18:54.775092Z,43.00,0.0700,0.9300,yes
5ce56178-a66c-621d-fc60-dff986d7065b,KXNEXTIRANLEADER-45JAN01-ALAR,2026-03-02T01:17:30.454375Z,3.00,0.0600,0.9400,no
cd2b171e-02a9-57ed-30f5-ea93424d9966,KXNEXTIRANLEADER-45JAN01-ALAR,2026-03-02T01:17:00.402867Z,82.00,0.0700,0.9300,yes
87ef2a4a-9c17-5190-2e9e-3c82ae07ba9c,KXNEXTIRANLEADER-45JAN01-ALAR,2026-03-02T01:17:00.402867Z,320.00,0.0700,0.9300,yes
47b491b5-2ad0-59a9-fa5c-812937e9ef1f,KXNEXTIRANLEADER-45JAN01-ALAR,2026-03-02T00:51:52.748166Z,28.00,0.0600,0.9400,no
0917d380-de1d-512c-d47b-333d9621acea,KXNEXTIRANLEADER-45JAN01-ALAR,2026-03-02T00:51:52.748166Z,18.00,0.0600,0.9400,no
b3699882-e791-6378-343a-6621f41a7e52,KXNEXTIRANLEADER-45JAN01-ALAR,2026-03-02T00:50:53.684245Z,7.00,0.0600,0.9400,no
8ec0e825-2e83-5d8c-2ba4-4d1785bd90a0,KXNEXTIRANLEADER-45JAN01-ALAR,2026-03-02T00:34:22.881415Z,670.00,0.0700,0.9300,yes
f9440ba6-38d7-467c-5239-39487deb501c,KXNEXTIRANLEADER-45JAN01-ALAR,2026-03-02T00:27:24.135933Z,10.00,0.0700,0.9300,yes
b1c74b8a-02a0-45e2-40cd-9420f23ae7c3,KXNEXTIRANLEADER-45JAN01-ALAR,2026-03-02T00:27:24.135933Z,100.00,0.0700,0.9300,yes
32d1c034-af54-45c8-683f-0feab9d6c93f,KXNEXTIRANLEADER-45JAN01-ALAR,2026-03-02T00:27:24.135933Z,50.00,0.0700,0.9300,yes
0e38c2e7-8e50-4e90-4b2e-e8739c398738,KXNEXTIRANLEADER-45JAN01-ALAR,2026-03-02T00:27:24.135933Z,175.00,0.0700,0.9300,yes
e004cc68-a7ea-6527-43d8-37193f7564fd,KXNEXTIRANLEADER-45JAN01-ALAR,2026-03-02T00:22:55.404994Z,3.00,0.0600,0.9400,no
e9258933-a504-69a4-f166-7263ac2dfb2c,KXNEXTIRANLEADER-45JAN01-ALAR,2026-03-02T00:19:57.182192Z,1341.00,0.0700,0.9300,yes
c52ddf2b-fa34-5fb4-bfb0-524eafdb295c,KXNEXTIRANLEADER-45JAN01-ALAR,2026-03-02T00:14:22.429559Z,177.00,0.0700,0.9300,yes
afab9c03-90de-574f-2f23-b01dc4793711,KXNEXTIRANLEADER-45JAN01-ALAR,2026-03-02T00:12:43.772516Z,36.00,0.0600,0.9400,no
2f7a33a8-306f-599a-28e8-4f757ef5cf01,KXNEXTIRANLEADER-45JAN01-ALAR,2026-03-02T00:12:43.772516Z,764.00,0.0600,0.9400,no
be6fd177-7ab8-5bf4-3f28-e1e5487e35ac,KXNEXTIRANLEADER-45JAN01-ALAR,2026-03-02T00:05:58.498634Z,402.00,0.0700,0.9300,yes
0440ec59-4c2f-78e6-dd5e-911ce04a5d71,KXNEXTIRANLEADER-45JAN01-ALAR,2026-03-01T23:30:35.54215Z,52.00,0.0600,0.9400,no
dc066cd1-23c4-6660-943e-f5fc5b497794,KXNEXTIRANLEADER-45JAN01-ALAR,2026-03-01T23:20:48.93456Z,228.00,0.0700,0.9300,yes
6f609b8b-a158-7424-dd3b-fb264f0efae0,KXNEXTIRANLEADER-45JAN01-ALAR,2026-03-01T23:14:30.468878Z,67.00,0.0700,0.9300,yes
41b0a5f3-8fcf-6152-c204-10e7a863b169,KXNEXTIRANLEADER-45JAN01-ALAR,2026-03-01T23:12:53.648347Z,29.00,0.0600,0.9400,no
590e068d-0f33-7c1e-dfa9-3fdc0038df41,KXNEXTIRANLEADER-45JAN01-ALAR,2026-03-01T23:10:44.150468Z,209.00,0.0600,0.9400,no
df29af5a-5bdb-7bd2-d27e-6f47e79cc4cd,KXNEXTIRANLEADER-45JAN01-ALAR,2026-03-01T23:10:01.060971Z,8.00,0.0600,0.9400,no
33ca72f1-31b3-7d32-688a-d71b917f4331,KXNEXTIRANLEADER-45JAN01-ALAR,2026-03-01T23:08:36.843818Z,3.00,0.0600,0.9400,no
0b8df6a8-4e2b-562a-5275-7468ffca8b79,KXNEXTIRANLEADER-45JAN01-ALAR,2026-03-01T23:02:40.881904Z,13.00,0.0600,0.9400,no
bf6410fc-572f-5d8a-d8cf-6f006005a189,KXNEXTIRANLEADER-45JAN01-ALAR,2026-03-01T22:40:31.365279Z,2.00,0.0600,0.9400,no
85313fef-ec40-44c0-9727-8d4965598c90,KXNEXTIRANLEADER-45JAN01-ALAR,2026-03-01T22:39:59.072954Z,134.00,0.0700,0.9300,yes
ad683f0f-b637-402e-442f-944d4837adf9,KXNEXTIRANLEADER-45JAN01-ALAR,2026-03-01T22:31:06.471586Z,10.00,0.0600,0.9400,no
8f0d2800-0f50-5d38-3786-25d5938f6e40,KXNEXTIRANLEADER-45JAN01-ALAR,2026-03-01T22:21:51.703068Z,40.00,0.0700,0.9300,yes
5fc0a135-aeef-5bba-b361-6a5e2e135425,KXNEXTIRANLEADER-45JAN01-ALAR,2026-03-01T22:21:20.934288Z,359.00,0.0600,0.9400,no
a1555bb9-3a0b-4a66-f733-10d7c84a5981,KXNEXTIRANLEADER-45JAN01-ALAR,2026-03-01T22:20:40.283669Z,80.00,0.0600,0.9400,no
6959d486-4a54-40dc-bef5-0fb12638045c,KXNEXTIRANLEADER-45JAN01-ALAR,2026-03-01T22:20:37.321598Z,70.00,0.0700,0.9300,yes
bba6a3ba-c173-5bce-1bd0-0b8eb5df9b0d,KXNEXTIRANLEADER-45JAN01-ALAR,2026-03-01T22:16:55.125043Z,1.00,0.0600,0.9400,no
c861e803-afc7-7942-9ba6-89db9cc347c9,KXNEXTIRANLEADER-45JAN01-ALAR,2026-03-01T22:13:45.365786Z,10.00,0.0600,0.9400,no
bba79720-f058-5980-ebdf-35c36748d7fc,KXNEXTIRANLEADER-45JAN01-ALAR,2026-03-01T22:08:34.215787Z,6.00,0.0700,0.9300,yes
f6e45bf0-81b4-6a9c-dd85-2c7cef7ed6f4,KXNEXTIRANLEADER-45JAN01-ALAR,2026-03-01T22:07:16.827639Z,114.00,0.0700,0.9300,yes
27abd990-0bac-4c70-6b3b-ad23d996583c,KXNEXTIRANLEADER-45JAN01-ALAR,2026-03-01T22:03:03.116715Z,555.00,0.0700,0.9300,yes
8c34a8f3-46a0-7cc8-0826-388defb26f18,KXNEXTIRANLEADER-45JAN01-ALAR,2026-03-01T22:02:05.414772Z,13.00,0.0700,0.9300,yes
6f05350b-0913-4de6-fbf8-605e3a159181,KXNEXTIRANLEADER-45JAN01-ALAR,2026-03-01T21:59:07.892444Z,1400.00,0.0600,0.9400,no
3332522b-b0fb-5b32-eea4-a2a99a9d3289,KXNEXTIRANLEADER-45JAN01-ALAR,2026-03-01T21:49:31.31184Z,67.00,0.0600,0.9400,no
0985a035-5003-452a-94f9-ad1b8d5523fd,KXNEXTIRANLEADER-45JAN01-ALAR,2026-03-01T21:48:12.340899Z,20.00,0.0600,0.9400,no
9cb0109e-5488-7020-c572-0a430d6cbbbc,KXNEXTIRANLEADER-45JAN01-ALAR,2026-03-01T21:32:20.128133Z,13.00,0.0700,0.9300,yes
390120c9-0758-50cc-ed66-2b7996bc2e70,KXNEXTIRANLEADER-45JAN01-ALAR,2026-03-01T21:32:11.428284Z,13.00,0.0700,0.9300,yes
6c9be68e-d1a4-6420-b5d5-f56aa6365af0,KXNEXTIRANLEADER-45JAN01-ALAR,2026-03-01T21:27:38.297851Z,106.00,0.0700,0.9300,yes
8cfa6871-1e98-72f8-fd77-e0d9e822bbe8,KXNEXTIRANLEADER-45JAN01-ALAR,2026-03-01T21:24:28.388455Z,67.00,0.0700,0.9300,yes
6169d57e-db10-5838-5e05-3911a154384c,KXNEXTIRANLEADER-45JAN01-ALAR,2026-03-01T21:24:08.863056Z,13.00,0.0700,0.9300,yes
9fdcc1e2-6578-6d54-178c-9bfe4f2201e8,KXNEXTIRANLEADER-45JAN01-ALAR,2026-03-01T21:23:28.304392Z,65.00,0.0700,0.9300,yes
3296fb2f-16a0-47c4-0c25-cb68b971f560,KXNEXTIRANLEADER-45JAN01-ALAR,2026-03-01T21:17:05.521238Z,250.00,0.0700,0.9300,yes
0b568187-9d5f-494e-3446-e75590053789,KXNEXTIRANLEADER-45JAN01-ALAR,2026-03-01T21:13:18.774334Z,36.00,0.0600,0.9400,no
843b3ab9-65cc-5bc8-f3cb-21b950d2ed54,KXNEXTIRANLEADER-45JAN01-ALAR,2026-03-01T21:10:30.846043Z,250.00,0.0700,0.9300,yes
b69bac9c-8f58-6cac-6741-18f40f182ed4,KXNEXTIRANLEADER-45JAN01-ALAR,2026-03-01T21:09:56.070318Z,16.00,0.0700,0.9300,yes
ef1b4aec-3290-6480-3740-c240ad7d9fe4,KXNEXTIRANLEADER-45JAN01-ALAR,2026-03-01T21:06:32.984446Z,7.00,0.0700,0.9300,yes
e36cd6c9-0250-73e8-e646-5fd61fb2460c,KXNEXTIRANLEADER-45JAN01-ALAR,2026-03-01T21:05:43.141243Z,10.00,0.0700,0.9300,yes
1a642083-8954-64f8-6ce0-635e8b21bb6c,KXNEXTIRANLEADER-45JAN01-ALAR,2026-03-01T21:05:36.088457Z,7.00,0.0700,0.9300,yes
e553b421-6100-4acc-8433-adc939f5b600,KXNEXTIRANLEADER-45JAN01-ALAR,2026-03-01T21:00:14.114246Z,861.00,0.0700,0.9300,yes
c7f64bb4-12b5-44bc-99c2-eb0e6f624f01,KXNEXTIRANLEADER-45JAN01-ALAR,2026-03-01T21:00:14.114246Z,539.00,0.0700,0.9300,yes
9de5420f-55f9-4a18-f703-42f8f65bf1d9,KXNEXTIRANLEADER-45JAN01-ALAR,2026-03-01T20:58:03.868755Z,46.00,0.0700,0.9300,yes
f0a8a259-d965-6498-46c5-ffadc9ba6381,KXNEXTIRANLEADER-45JAN01-ALAR,2026-03-01T20:50:49.903001Z,1341.00,0.0700,0.9300,yes
da19fda2-18f5-7d1c-b93f-b04b70b26815,KXNEXTIRANLEADER-45JAN01-ALAR,2026-03-01T20:49:30.372599Z,67.00,0.0700,0.9300,yes
aa6acb43-aeac-78d5-fe09-1c1cefddfbf0,KXNEXTIRANLEADER-45JAN01-ALAR,2026-03-01T20:46:25.244667Z,25.00,0.0700,0.9300,yes
a39ce681-3a5e-7566-dd3c-2963f664c5d9,KXNEXTIRANLEADER-45JAN01-ALAR,2026-03-01T20:46:25.244667Z,315.00,0.0700,0.9300,yes
99a41008-a365-7568-e623-0ef6f8cefc55,KXNEXTIRANLEADER-45JAN01-ALAR,2026-03-01T20:46:25.244667Z,507.00,0.0700,0.9300,yes
27d0df7f-f66a-7c19-dcb4-a3df6d805d0d,KXNEXTIRANLEADER-45JAN01-ALAR,2026-03-01T20:46:25.244667Z,106.00,0.0700,0.9300,yes
cfa28515-176a-783e-21fc-e89eb3657129,KXNEXTIRANLEADER-45JAN01-ALAR,2026-03-01T20:43:14.192243Z,134.00,0.0700,0.9300,yes
a4431bad-9126-6afe-a1f4-a87ca051a1c5,KXNEXTIRANLEADER-45JAN01-ALAR,2026-03-01T20:42:59.056891Z,67.00,0.0700,0.9300,yes
92076808-8dfe-62c6-1c9a-ad5ca7b4a83d,KXNEXTIRANLEADER-45JAN01-ALAR,2026-03-01T20:35:51.780763Z,1341.00,0.0700,0.9300,yes
ad37576b-f411-5b19-02e6-4a4db241e8cf,KXNEXTIRANLEADER-45JAN01-ALAR,2026-03-01T20:35:00.592521Z,698.00,0.0700,0.9300,yes
79a6ce40-9afe-55f2-12e2-fd170164e291,KXNEXTIRANLEADER-45JAN01-ALAR,2026-03-01T20:35:00.592521Z,643.00,0.0700,0.9300,yes
9131e9c8-36b3-7902-62f5-9df7dc7d9635,KXNEXTIRANLEADER-45JAN01-ALAR,2026-03-01T20:33:35.027618Z,5.00,0.0600,0.9400,no
03d62f78-8ac9-636d-80d2-ad174160ca33,KXNEXTIRANLEADER-45JAN01-ALAR,2026-03-01T20:33:28.414171Z,335.00,0.0700,0.9300,yes
83ba6743-5cfb-5612-e327-1c70ab229a69,KXNEXTIRANLEADER-45JAN01-ALAR,2026-03-01T20:18:08.57731Z,171.00,0.0600,0.9400,no
e3552f02-8135-43ad-2785-de6ac896ab4f,KXNEXTIRANLEADER-45JAN01-ALAR,2026-03-01T20:15:46.21746Z,800.00,0.0700,0.9300,yes
7bdccd9a-735d-527d-0e7b-6dab15a93d67,KXNEXTIRANLEADER-45JAN01-ALAR,2026-03-01T20:11:29.459761Z,67.00,0.0700,0.9300,yes
41e018a6-f711-69dd-f0e8-758def936067,KXNEXTIRANLEADER-45JAN01-ALAR,2026-03-01T20:11:19.699788Z,67.00,0.0700,0.9300,yes
cb0bd4a1-c1df-7a7a-b93b-61c5373adb15,KXNEXTIRANLEADER-45JAN01-ALAR,2026-03-01T20:10:13.75685Z,1283.00,0.0600,0.9400,no
97a216c8-5945-5e85-1005-ccb32979f39b,KXNEXTIRANLEADER-45JAN01-ALAR,2026-03-01T20:08:42.251827Z,33.00,0.0700,0.9300,yes
b1858f5e-9d3e-4b23-09cd-8135a7c8fb5d,KXNEXTIRANLEADER-45JAN01-ALAR,2026-03-01T20:03:47.975535Z,25.00,0.0600,0.9400,no
1928a0c1-444f-4592-0e3e-a36e0e23f39d,KXNEXTIRANLEADER-45JAN01-ALAR,2026-03-01T20:03:47.975535Z,44.00,0.0600,0.9400,no
91c8222d-da55-4aba-7285-5c7e888c1a2c,KXNEXTIRANLEADER-45JAN01-ALAR,2026-03-01T20:01:07.635712Z,134.00,0.0700,0.9300,yes
05e53da8-58b1-5f62-22a9-14638aefc4c8,KXNEXTIRANLEADER-45JAN01-ALAR,2026-03-01T19:54:38.271786Z,80.00,0.0700,0.9300,yes
42bc5097-1803-6abb-f224-0d82a28c54fc,KXNEXTIRANLEADER-45JAN01-ALAR,2026-03-01T19:48:19.997056Z,6.00,0.0500,0.9500,no
f9683a4f-97a8-6974-bc9e-ed8cfdba91e2,KXNEXTIRANLEADER-45JAN01-ALAR,2026-03-01T19:48:13.36088Z,14.00,0.0700,0.9300,yes
c403f923-55ae-6fbc-a8e4-b5610983cddf,KXNEXTIRANLEADER-45JAN01-ALAR,2026-03-01T19:48:13.36088Z,500.00,0.0600,0.9400,yes
b1fd0121-da59-6a18-8f86-986b3e7d9474,KXNEXTIRANLEADER-45JAN01-ALAR,2026-03-01T19:48:13.36088Z,33.00,0.0600,0.9400,yes
a0aa232d-89fd-6e00-b116-ab9b74d24bfd,KXNEXTIRANLEADER-45JAN01-ALAR,2026-03-01T19:48:13.36088Z,1000.00,0.0600,0.9400,yes
89e70665-3fd2-6ccc-869d-f25c428711c6,KXNEXTIRANLEADER-45JAN01-ALAR,2026-03-01T19:48:13.36088Z,180.00,0.0600,0.9400,yes
6642a2c9-4a23-6086-89a4-89b22393095f,KXNEXTIRANLEADER-45JAN01-ALAR,2026-03-01T19:48:13.36088Z,1750.00,0.0700,0.9300,yes
3ccfa635-8e69-689d-9a7a-3d6091bf38a5,KXNEXTIRANLEADER-45JAN01-ALAR,2026-03-01T19:48:13.36088Z,578.00,0.0600,0.9400,yes
14b60136-b654-6eb2-bc99-76b706e94b24,KXNEXTIRANLEADER-45JAN01-ALAR,2026-03-01T19:48:13.36088Z,1500.00,0.0600,0.9400,yes
a9b480fd-6a4f-5387-e35c-61bb1e8d5c38,KXNEXTIRANLEADER-45JAN01-ALAR,2026-03-01T19:38:16.415197Z,100.00,0.0500,0.9500,no
95552034-aa35-4a7d-0b2a-a99ad5fb7179,KXNEXTIRANLEADER-45JAN01-ALAR,2026-03-01T19:32:41.10392Z,422.00,0.0600,0.9400,yes
61860e10-6c4c-4579-0d84-f67bc63b803b,KXNEXTIRANLEADER-45JAN01-ALAR,2026-03-01T19:32:41.10392Z,359.00,0.0600,0.9400,yes
ae0f9aa0-dcb4-7311-d297-fbbb961627ab,KXNEXTIRANLEADER-45JAN01-ALAR,2026-03-01T19:30:08.549621Z,78.00,0.0600,0.9400,yes
7a059932-c3c0-712d-f872-ff2e083245bf,KXNEXTIRANLEADER-45JAN01-ALAR,2026-03-01T19:27:18.019982Z,563.00,0.0600,0.9400,yes
3d639031-66a0-7ac8-fc38-ccd0c8342a93,KXNEXTIRANLEADER-45JAN01-ALAR,2026-03-01T19:27:18.019982Z,1000.00,0.0600,0.9400,yes
611fc976-9508-4383-2216-fd20c706bfb6,KXNEXTIRANLEADER-45JAN01-ALAR,2026-03-01T19:21:38.81114Z,78.00,0.0600,0.9400,yes
1d1b1a20-2064-6719-059d-36c891d2a9f9,KXNEXTIRANLEADER-45JAN01-ALAR,2026-03-01T19:21:14.366728Z,78.00,0.0600,0.9400,yes
fe6d0e4e-8968-7db1-16bf-a6dbdc6cc361,KXNEXTIRANLEADER-45JAN01-ALAR,2026-03-01T19:19:41.372653Z,50.00,0.0600,0.9400,yes
fa8fa451-6c74-7c01-3ae3-9106c366cfda,KXNEXTIRANLEADER-45JAN01-ALAR,2026-03-01T19:19:41.372653Z,2.00,0.0700,0.9300,yes
eb5b86f4-2398-76e0-3c04-8bf4f4e03979,KXNEXTIRANLEADER-45JAN01-ALAR,2026-03-01T19:19:41.372653Z,1.00,0.0700,0.9300,yes
b26715f1-4bae-7561-1c09-245432c084cf,KXNEXTIRANLEADER-45JAN01-ALAR,2026-03-01T19:19:41.372653Z,450.00,0.0600,0.9400,yes
15385295-e5df-7806-17e4-628a65ed4307,KXNEXTIRANLEADER-45JAN01-ALAR,2026-03-01T19:19:41.372653Z,2250.00,0.0700,0.9300,yes
b0f935f1-2a41-5f86-38d9-79e69cd1788c,KXNEXTIRANLEADER-45JAN01-ALAR,2026-03-01T19:18:59.969724Z,30.00,0.0600,0.9400,yes
9097a1aa-bad4-50b1-1f56-c44abbd3c934,KXNEXTIRANLEADER-45JAN01-ALAR,2026-03-01T19:18:59.969724Z,25.00,0.0600,0.9400,yes
6d683bb6-f914-5f28-13f2-22066f010cd8,KXNEXTIRANLEADER-45JAN01-ALAR,2026-03-01T19:18:59.969724Z,13.00,0.0600,0.9400,yes
2f6af599-1272-5a02-33ae-7267d9a54bf3,KXNEXTIRANLEADER-45JAN01-ALAR,2026-03-01T19:18:59.969724Z,38.00,0.0600,0.9400,yes
28113ed4-784e-50f1-3b22-eadc13aa3387,KXNEXTIRANLEADER-45JAN01-ALAR,2026-03-01T19:18:59.969724Z,50.00,0.0600,0.9400,yes
571a36d5-e503-6b23-3808-ff7bdd632984,KXNEXTIRANLEADER-45JAN01-ALAR,2026-03-01T19:13:59.500312Z,38.00,0.0500,0.9500,no
0140bda9-bf26-64e5-0648-645c5f5e726e,KXNEXTIRANLEADER-45JAN01-ALAR,2026-03-01T19:13:59.500312Z,25.00,0.0500,0.9500,no
e7472a46-890e-4a60-3ff8-1b7d3ec3c148,KXNEXTIRANLEADER-45JAN01-ALAR,2026-03-01T19:13:55.308461Z,50.00,0.0600,0.9400,yes
6a5691d2-df96-41b0-11e5-74f9bfacb2f5,KXNEXTIRANLEADER-45JAN01-ALAR,2026-03-01T19:13:55.308461Z,8.00,0.0600,0.9400,yes
33e122c7-a720-4fb4-384e-6258b117aa52,KXNEXTIRANLEADER-45JAN01-ALAR,2026-03-01T19:13:55.308461Z,25.00,0.0600,0.9400,yes
2c781d1a-4f5c-43e0-2ca3-5928dc9e1dbc,KXNEXTIRANLEADER-45JAN01-ALAR,2026-03-01T19:13:55.308461Z,15.00,0.0600,0.9400,yes
dc5491e4-4d84-5174-2c92-55868672d893,KXNEXTIRANLEADER-45JAN01-ALAR,2026-03-01T19:12:41.23764Z,1.00,0.0600,0.9400,yes
cf8491a5-2e3a-5d4c-31de-20131f28a321,KXNEXTIRANLEADER-45JAN01-ALAR,2026-03-01T19:12:41.23764Z,77.00,0.0600,0.9400,yes
e9b95bed-8dcb-4f98-531b-27d24cb85dce,KXNEXTIRANLEADER-45JAN01-ALAR,2026-03-01T19:11:09.806693Z,30.00,0.0600,0.9400,yes
46229388-5b7b-7c94-60ca-3d27347704b6,KXNEXTIRANLEADER-45JAN01-ALAR,2026-03-01T19:11:05.515475Z,78.00,0.0600,0.9400,yes
e6b9d3e7-d1af-536c-7593-db911dd69a4a,KXNEXTIRANLEADER-45JAN01-ALAR,2026-03-01T19:09:18.867804Z,156.00,0.0600,0.9400,yes
dca14b78-efdb-4f60-1256-88f9f61f033a,KXNEXTIRANLEADER-45JAN01-ALAR,2026-03-01T19:09:11.962418Z,15.00,0.0600,0.9400,yes
cba060ba-4a6b-61c8-b66c-e67236311fda,KXNEXTIRANLEADER-45JAN01-ALAR,2026-03-01T19:08:07.025287Z,1000.00,0.0600,0.9400,yes
8f9122ea-af63-5ad4-63f7-1c110c9ae90a,KXNEXTIRANLEADER-45JAN01-ALAR,2026-03-01T19:01:30.020706Z,78.00,0.0600,0.9400,yes
410ef700-33df-6e64-9793-fd33f1faa73e,KXNEXTIRANLEADER-45JAN01-ALAR,2026-03-01T19:00:58.693276Z,15.00,0.0600,0.9400,yes
c5496b6d-d353-4ea0-fb68-7b404362fb32,KXNEXTIRANLEADER-45JAN01-ALAR,2026-03-01T19:00:44.191225Z,125.00,0.0600,0.9400,yes
d77f1b8a-4a53-5254-1208-1ca31c7b31be,KXNEXTIRANLEADER-45JAN01-ALAR,2026-03-01T19:00:28.62335Z,78.00,0.0600,0.9400,yes
ef062dd5-6c5f-7280-d7cc-747d5e33c6a6,KXNEXTIRANLEADER-45JAN01-ALAR,2026-03-01T19:00:14.44811Z,78.00,0.0600,0.9400,yes
d9b589c1-c746-6d50-2c0c-431a5f532f51,KXNEXTIRANLEADER-45JAN01-ALAR,2026-03-01T18:59:51.374905Z,25.00,0.0500,0.9500,yes
cdf10e66-59ab-6394-3ada-51c8c8d087b2,KXNEXTIRANLEADER-45JAN01-ALAR,2026-03-01T18:59:51.374905Z,57.00,0.0600,0.9400,yes
9c824b2f-5f67-5554-8586-b45a035a68e2,KXNEXTIRANLEADER-45JAN01-ALAR,2026-03-01T18:58:43.334912Z,15.00,0.0600,0.9400,yes
2d17f40e-5eaf-7c60-12cb-bfeeff9148ea,KXNEXTIRANLEADER-45JAN01-ALAR,2026-03-01T18:58:27.895449Z,15.00,0.0600,0.9400,yes
e42e8402-72d7-6d9d-2455-73aaea51c7dc,KXNEXTIRANLEADER-45JAN01-ALAR,2026-03-01T18:58:01.105153Z,16.00,0.0500,0.9500,no
a63d86bf-2192-6503-29c0-3c6ea9235215,KXNEXTIRANLEADER-45JAN01-ALAR,2026-03-01T18:58:01.105153Z,59.00,0.0400,0.9600,no
96939a5b-5c80-6c1c-0216-5978e9e513b4,KXNEXTIRANLEADER-45JAN01-ALAR,2026-03-01T18:58:01.105153Z,25.00,0.0500,0.9500,no
b864eea0-e587-5dd0-e234-b7a224b58246,KXNEXTIRANLEADER-45JAN01-ALAR,2026-03-01T18:57:55.134797Z,140.00,0.0600,0.9400,yes
85e76bad-f3db-520c-207e-aae003198d3e,KXNEXTIRANLEADER-45JAN01-ALAR,2026-03-01T18:57:29.859346Z,78.00,0.0600,0.9400,yes
6364ba02-302f-476c-5997-c12b1c7e71ee,KXNEXTIRANLEADER-45JAN01-ALAR,2026-03-01T18:57:09.254749Z,15.00,0.0600,0.9400,yes
a6bb3c77-297b-64f8-2199-e556fb1de91e,KXNEXTIRANLEADER-45JAN01-ALAR,2026-03-01T18:56:33.289472Z,15.00,0.0600,0.9400,yes
f321fa24-894b-66b4-4325-090272b1056c,KXNEXTIRANLEADER-45JAN01-ALAR,2026-03-01T18:56:10.536562Z,93.00,0.0500,0.9500,yes
02808296-9c37-725e-2158-287e505e5088,KXNEXTIRANLEADER-45JAN01-ALAR,2026-03-01T18:55:30.261734Z,25.00,0.0500,0.9500,yes
0005f9e0-9153-7c3c-2b69-830661910e38,KXNEXTIRANLEADER-45JAN01-ALAR,2026-03-01T18:55:30.261734Z,68.00,0.0500,0.9500,yes
a8fed6d5-b621-78c0-a525-9b5f2c4a3267,KXNEXTIRANLEADER-45JAN01-ALAR,2026-03-01T18:54:17.281808Z,18.00,0.0500,0.9500,no
6919684b-2e00-78ee-9d4e-1a5b4504455b,KXNEXTIRANLEADER-45JAN01-ALAR,2026-03-01T18:54:17.281808Z,7.00,0.0500,0.9500,no
26a12510-78cf-7410-6267-d8c8b3ca9dbe,KXNEXTIRANLEADER-45JAN01-ALAR,2026-03-01T18:53:38.877819Z,78.00,0.0600,0.9400,yes
ad60ef08-f9eb-7858-6796-14821d0acee2,KXNEXTIRANLEADER-45JAN01-ALAR,2026-03-01T18:52:39.324606Z,15.00,0.0600,0.9400,yes
b5efb2e5-580b-7c5c-848d-83df4c74355e,KXNEXTIRANLEADER-45JAN01-ALAR,2026-03-01T18:52:02.99014Z,15.00,0.0600,0.9400,yes
c7101af2-ba67-7e9c-94bd-85885401baa2,KXNEXTIRANLEADER-45JAN01-ALAR,2026-03-01T18:49:20.564112Z,514.00,0.0600,0.9400,yes
b0c7ce9b-9ea1-610c-0d54-6cc1e6bbb7cb,KXNEXTIRANLEADER-45JAN01-ALAR,2026-03-01T18:49:20.362317Z,7.00,0.0500,0.9500,no
4317812d-ad13-75cc-f021-cad8cba1db0a,KXNEXTIRANLEADER-45JAN01-ALAR,2026-03-01T18:49:08.382352Z,21.00,0.0600,0.9400,yes
f9efa5cb-be22-46ab-7fdd-ff15a8f371a6,KXNEXTIRANLEADER-45JAN01-ALAR,2026-03-01T18:42:45.67192Z,100.00,0.0500,0.9500,yes
c4a7e37b-5a9f-42d9-43f4-c97cc2f141df,KXNEXTIRANLEADER-45JAN01-ALAR,2026-03-01T18:42:45.67192Z,10.00,0.0500,0.9500,yes
887eb0e0-90ae-4d23-6047-0bb7fd2b506e,KXNEXTIRANLEADER-45JAN01-ALAR,2026-03-01T18:42:45.67192Z,111.00,0.0600,0.9400,yes
7d7efc92-ebdf-4690-7559-b81c5c6070ee,KXNEXTIRANLEADER-45JAN01-ALAR,2026-03-01T18:42:45.67192Z,386.00,0.0600,0.9400,yes
704386aa-fd20-4590-61a0-0c2d31905e51,KXNEXTIRANLEADER-45JAN01-ALAR,2026-03-01T18:42:45.67192Z,10.00,0.0600,0.9400,yes
6b76f566-2493-485d-41af-499fc11e5a2d,KXNEXTIRANLEADER-45JAN01-ALAR,2026-03-01T18:42:45.67192Z,333.00,0.0500,0.9500,yes
5110ecd2-180b-4b45-6188-35f538d6fb76,KXNEXTIRANLEADER-45JAN01-ALAR,2026-03-01T18:42:45.67192Z,824.00,0.0500,0.9500,yes
f614dceb-3c0b-4cc5-2cf1-dca01d6a39fe,KXNEXTIRANLEADER-45JAN01-ALAR,2026-03-01T18:29:08.649107Z,20.00,0.0500,0.9500,yes
ff98567b-d736-7bf7-0ed4-641332a23929,KXNEXTIRANLEADER-45JAN01-ALAR,2026-03-01T18:27:49.364461Z,6.00,0.0400,0.9600,no
75d42768-bb7b-7101-c6f9-2d77d3058496,KXNEXTIRANLEADER-45JAN01-ALAR,2026-03-01T18:24:20.074449Z,156.00,0.0500,0.9500,yes
4ac4a14c-79a8-7fe6-fb76-9c63e471c313,KXNEXTIRANLEADER-45JAN01-ALAR,2026-03-01T18:24:20.074449Z,31.00,0.0500,0.9500,yes
62bf1849-0340-75ae-b84e-5fe7eea2bc5b,KXNEXTIRANLEADER-45JAN01-ALAR,2026-03-01T18:23:09.082412Z,4.00,0.0500,0.9500,yes
6a4ecec3-eadc-52fe-e216-58ba44e40887,KXNEXTIRANLEADER-45JAN01-ALAR,2026-03-01T18:11:51.378017Z,10.00,0.0500,0.9500,yes
31441785-3426-6bfb-12ba-866f86f72255,KXNEXTIRANLEADER-45JAN01-ALAR,2026-03-01T18:10:00.778481Z,13.00,0.0400,0.9600,no
a3528eb4-4b7e-4c93-e6d0-2d144a8cee49,KXNEXTIRANLEADER-45JAN01-ALAR,2026-03-01T18:09:45.098502Z,31.00,0.0400,0.9600,no
665ba36d-e8b6-6db3-d404-34a15379f679,KXNEXTIRANLEADER-45JAN01-ALAR,2026-03-01T18:03:23.137586Z,40.00,0.0400,0.9600,no
0294797b-4dc0-4236-933c-f61ad051059b,KXNEXTIRANLEADER-45JAN01-ALAR,2026-03-01T18:02:52.549306Z,5.00,0.0500,0.9500,yes
e467951a-3301-574e-2dd7-71ec39363f07,KXNEXTIRANLEADER-45JAN01-ALAR,2026-03-01T18:01:03.085258Z,24.00,0.0500,0.9500,yes
8bfddd0f-caa3-5a07-3d4e-f2ab6245903f,KXNEXTIRANLEADER-45JAN01-ALAR,2026-03-01T18:01:03.085258Z,69.00,0.0500,0.9500,yes
bfefd17d-ee2b-6e73-cd2b-be6eb4ed65d3,KXNEXTIRANLEADER-45JAN01-ALAR,2026-03-01T17:55:59.460937Z,18.00,0.0500,0.9500,yes
e86e51b7-aecf-6e43-0591-c6117d72a7e7,KXNEXTIRANLEADER-45JAN01-ALAR,2026-03-01T17:53:09.025915Z,13.00,0.0500,0.9500,yes
9124b2a0-94d4-6dba-1968-e6334d5dea1a,KXNEXTIRANLEADER-45JAN01-ALAR,2026-03-01T17:53:09.025915Z,36.00,0.0500,0.9500,yes
8e87bfbf-b131-6736-1c7f-77dc689c3afc,KXNEXTIRANLEADER-45JAN01-ALAR,2026-03-01T17:53:09.025915Z,1.00,0.0500,0.9500,yes
015a11ba-80e0-5cd6-244e-8edf867d5f9a,KXNEXTIRANLEADER-45JAN01-ALAR,2026-03-01T17:43:08.529485Z,93.00,0.0500,0.9500,yes
7231599a-8112-455f-b6b4-3b5ffcf3d6ed,KXNEXTIRANLEADER-45JAN01-ALAR,2026-03-01T17:38:39.324768Z,2022.00,0.0400,0.9600,no
671a6762-bf68-6eba-98f4-206771b7be76,KXNEXTIRANLEADER-45JAN01-ALAR,2026-03-01T17:36:13.816164Z,18.00,0.0500,0.9500,yes
a21348d7-7dc0-75de-5a09-1397df5251fa,KXNEXTIRANLEADER-45JAN01-ALAR,2026-03-01T17:30:58.81851Z,28.00,0.0500,0.9500,yes
ed4d1582-0db2-7a09-d06a-b5ad0c2aeddd,KXNEXTIRANLEADER-45JAN01-ALAR,2026-03-01T17:19:00.338883Z,310.00,0.0500,0.9500,yes
deae4a40-b0cf-7bef-dc25-c0c879618f29,KXNEXTIRANLEADER-45JAN01-ALAR,2026-03-01T17:19:00.338883Z,25.00,0.0500,0.9500,yes
dcab29a8-75e4-7c0f-e382-63718221a717,KXNEXTIRANLEADER-45JAN01-ALAR,2026-03-01T17:19:00.338883Z,600.00,0.0500,0.9500,yes
c9ce4b07-a394-7502-c738-0861e71484b2,KXNEXTIRANLEADER-45JAN01-ALAR,2026-03-01T17:19:00.338883Z,25.00,0.0500,0.9500,yes
39c097b1-1b56-79f1-f87c-4da16869b3c1,KXNEXTIRANLEADER-45JAN01-ALAR,2026-03-01T17:15:32.426695Z,18.00,0.0500,0.9500,yes
cb85255e-692a-7431-51ed-3474f22ebf69,KXNEXTIRANLEADER-45JAN01-ALAR,2026-03-01T17:12:59.198381Z,187.00,0.0500,0.9500,yes
0a1a50ed-fb62-6ea1-0f4e-1e80db4c0bd5,KXNEXTIRANLEADER-45JAN01-ALAR,2026-03-01T17:08:47.620067Z,50.00,0.0500,0.9500,yes
fbd495b0-9f3e-7d81-f76e-44c46b6171ed,KXNEXTIRANLEADER-45JAN01-ALAR,2026-03-01T17:07:59.884319Z,187.00,0.0500,0.9500,yes
e8c6be68-7d67-62dc-9422-9a5aff429e75,KXNEXTIRANLEADER-45JAN01-ALAR,2026-03-01T17:07:48.44079Z,220.00,0.0500,0.9500,yes
bcbbc102-7c46-6fd9-857d-c9bdeeccf8c1,KXNEXTIRANLEADER-45JAN01-ALAR,2026-03-01T17:07:48.44079Z,248.00,0.0500,0.9500,yes
876d31f6-5dea-6d23-2bb7-296c40a39d05,KXNEXTIRANLEADER-45JAN01-ALAR,2026-03-01T17:05:19.378957Z,4.00,0.0400,0.9600,no
4d97226c-268e-6fb3-4a9e-f35654568a4d,KXNEXTIRANLEADER-45JAN01-ALAR,2026-03-01T17:04:57.608491Z,20.00,0.0400,0.9600,no
68b8eb3f-084a-6a67-60ba-8a51e907a6a5,KXNEXTIRANLEADER-45JAN01-ALAR,2026-03-01T16:54:01.411509Z,1000.00,0.0400,0.9600,no
4cc1e3f8-71e3-546c-b7e8-c234f8ec4c11,KXNEXTIRANLEADER-45JAN01-ALAR,2026-03-01T16:48:38.562712Z,131.00,0.0500,0.9500,yes
46d940d4-b6d3-5ad8-564f-91c154406bad,KXNEXTIRANLEADER-45JAN01-ALAR,2026-03-01T16:44:40.706871Z,18.00,0.0500,0.9500,yes
cc2a21a2-b163-61ec-e8ae-0b31d453fb49,KXNEXTIRANLEADER-45JAN01-ALAR,2026-03-01T16:42:27.965698Z,18.00,0.0500,0.9500,yes
b3201af5-175b-7588-a359-ed0ea84ad095,KXNEXTIRANLEADER-45JAN01-ALAR,2026-03-01T16:39:41.392814Z,93.00,0.0500,0.9500,yes
9ce01c35-3a07-72ac-b6d4-3f816c647105,KXNEXTIRANLEADER-45JAN01-ALAR,2026-03-01T16:38:08.130435Z,20.00,0.0500,0.9500,yes
e9982972-f010-641e-cfc5-d85cdbdc9863,KXNEXTIRANLEADER-45JAN01-ALAR,2026-03-01T16:37:41.931825Z,170.00,0.0400,0.9600,no
e6b4eced-1cee-6c90-e8d2-f2fd9d80c0fb,KXNEXTIRANLEADER-45JAN01-ALAR,2026-03-01T16:37:41.931825Z,25.00,0.0400,0.9600,no
18b50a7c-0c5e-6313-c37f-b70b0a3443ed,KXNEXTIRANLEADER-45JAN01-ALAR,2026-03-01T16:37:41.931825Z,174.00,0.0400,0.9600,no
f2b160b8-15e1-624c-2f00-d26664cbe84f,KXNEXTIRANLEADER-45JAN01-ALAR,2026-03-01T16:32:59.581553Z,37.00,0.0500,0.9500,yes
3371a750-edad-72f0-c27b-bc62ae261f87,KXNEXTIRANLEADER-45JAN01-ALAR,2026-03-01T16:29:59.712475Z,93.00,0.0500,0.9500,yes
01bb1fd7-7409-5328-26a7-0e9093bceb43,KXNEXTIRANLEADER-45JAN01-ALAR,2026-03-01T16:28:58.167608Z,187.00,0.0500,0.9500,yes
a05cd5c8-cfd4-592e-7d03-fd9374feb523,KXNEXTIRANLEADER-45JAN01-ALAR,2026-03-01T16:19:43.844779Z,36.00,0.0400,0.9600,no
4b7b98d0-caa4-7866-8b16-ef6bb9fbf9e3,KXNEXTIRANLEADER-45JAN01-ALAR,2026-03-01T16:19:40.574907Z,62.00,0.0400,0.9600,no
fe6bed66-8621-4954-52fe-d7aa3f3016ef,KXNEXTIRANLEADER-45JAN01-ALAR,2026-03-01T16:19:36.952342Z,93.00,0.0500,0.9500,yes
6737d11d-6ca1-6104-eda4-dc4314e6d3b3,KXNEXTIRANLEADER-45JAN01-ALAR,2026-03-01T16:18:47.762845Z,18.00,0.0500,0.9500,yes
3a60a2b8-f5d4-52fa-7911-46e1bca0c0d7,KXNEXTIRANLEADER-45JAN01-ALAR,2026-03-01T16:13:47.405837Z,22.00,0.0400,0.9600,no
0873cbcf-7fb5-4340-f8ce-f32ecf08bdbf,KXNEXTIRANLEADER-45JAN01-ALAR,2026-03-01T16:11:36.866109Z,187.00,0.0500,0.9500,yes
2c400cdc-0669-6998-9213-d29cd532bb0f,KXNEXTIRANLEADER-45JAN01-ALAR,2026-03-01T16:10:34.73815Z,10.00,0.0500,0.9500,yes
868c1f17-bbe3-691b-b582-ac2710b4e987,KXNEXTIRANLEADER-45JAN01-ALAR,2026-03-01T16:00:32.832311Z,10.00,0.0400,0.9600,yes
387f6546-a88a-4579-fcc1-f75f14c7d838,KXNEXTIRANLEADER-45JAN01-ALAR,2026-03-01T15:58:46.386554Z,23.00,0.0400,0.9600,yes
a910fdf6-572a-7686-4702-d120fa0ef239,KXNEXTIRANLEADER-45JAN01-ALAR,2026-03-01T15:57:16.292473Z,34.00,0.0300,0.9700,no
7bd1d252-a3ee-4322-a585-ca456994d59d,KXNEXTIRANLEADER-45JAN01-ALAR,2026-03-01T15:55:22.895213Z,6.00,0.0400,0.9600,yes
d2872dd7-7511-7362-8df3-222cc08cbf93,KXNEXTIRANLEADER-45JAN01-ALAR,2026-03-01T15:54:55.481983Z,49.00,0.0400,0.9600,no
4dc62283-9f35-628c-30ad-c7ace25d0637,KXNEXTIRANLEADER-45JAN01-ALAR,2026-03-01T15:54:14.088208Z,18.00,0.0500,0.9500,yes
aaf6c8f3-6ec1-6a58-ab43-8fb62bc67553,KXNEXTIRANLEADER-45JAN01-ALAR,2026-03-01T15:49:41.930148Z,37.00,0.0500,0.9500,yes
6669aedd-7eed-65dc-8c85-58b411e23f8f,KXNEXTIRANLEADER-45JAN01-ALAR,2026-03-01T15:48:31.887612Z,37.00,0.0500,0.9500,yes
3462c764-8c21-67d4-dd2a-0135cc5624bb,KXNEXTIRANLEADER-45JAN01-ALAR,2026-03-01T15:46:58.059645Z,937.00,0.0500,0.9500,yes
9ea8d0d0-8217-4668-474f-2aa91ef4f3ca,KXNEXTIRANLEADER-45JAN01-ALAR,2026-03-01T15:46:31.055228Z,25.00,0.0400,0.9600,no
1904c8df-1baa-42b5-7bea-892cbb6e41b1,KXNEXTIRANLEADER-45JAN01-ALAR,2026-03-01T15:46:31.055228Z,42.00,0.0400,0.9600,no
a9f7e47f-9615-4eb0-24a3-122b338c8a6f,KXNEXTIRANLEADER-45JAN01-ALAR,2026-03-01T15:38:40.99497Z,346.00,0.0500,0.9500,yes
763db848-eae8-452c-3005-ab17cecc17a8,KXNEXTIRANLEADER-45JAN01-ALAR,2026-03-01T15:38:40.99497Z,1856.00,0.0400,0.9600,yes
4a703879-5467-4848-115b-f7a0c337ac05,KXNEXTIRANLEADER-45JAN01-ALAR,2026-03-01T15:38:40.99497Z,43.00,0.0500,0.9500,yes
3c558716-2b68-6f68-c193-219b25e31fa8,KXNEXTIRANLEADER-45JAN01-ALAR,2026-03-01T15:35:30.631183Z,100.00,0.0400,0.9600,yes
b0dfebe0-d680-76e8-897f-118a564e3f34,KXNEXTIRANLEADER-45JAN01-ALAR,2026-03-01T15:28:37.713926Z,962.00,0.0400,0.9600,yes
fa19999e-83e4-55f8-0a93-4a45791c3e18,KXNEXTIRANLEADER-45JAN01-ALAR,2026-03-01T15:26:49.124182Z,1114.00,0.0400,0.9600,yes
1e8c91f9-a734-47d0-a20c-372b42c4ba04,KXNEXTIRANLEADER-45JAN01-ALAR,2026-03-01T15:21:18.92586Z,968.00,0.0400,0.9600,yes
0d6fb445-ad60-4e60-9462-6c34ff2f743f,KXNEXTIRANLEADER-45JAN01-ALAR,2026-03-01T15:21:18.92586Z,203.00,0.0400,0.9600,yes
a11eb45d-a47e-4996-871b-26a4e2a45cc9,KXNEXTIRANLEADER-45JAN01-ALAR,2026-03-01T15:19:46.1214Z,585.00,0.0300,0.9700,no
d1884288-1838-72b0-92d1-7c2039288217,KXNEXTIRANLEADER-45JAN01-ALAR,2026-03-01T15:18:48.731548Z,374.00,0.0400,0.9600,yes
6410d695-cadc-7f10-a928-2def3e081913,KXNEXTIRANLEADER-45JAN01-ALAR,2026-03-01T15:18:48.731548Z,797.00,0.0400,0.9600,yes
a345ddd0-bd79-422e-7aa4-5a9cbaba3876,KXNEXTIRANLEADER-45JAN01-ALAR,2026-03-01T15:10:51.19764Z,35.00,0.0400,0.9600,yes
4ba0617f-26f1-4b00-55f0-d97b88dd2ac3,KXNEXTIRANLEADER-45JAN01-ALAR,2026-03-01T15:10:51.19764Z,91.00,0.0400,0.9600,yes
44f125ec-270c-4230-548f-13282c5c806f,KXNEXTIRANLEADER-45JAN01-ALAR,2026-03-01T15:10:51.19764Z,1540.00,0.0400,0.9600,yes
b6436206-2efa-7a52-8f1f-2ee7bb13b161,KXNEXTIRANLEADER-45JAN01-ALAR,2026-03-01T15:09:33.273848Z,2785.00,0.0300,0.9700,no
aa4964be-46f9-55fc-1223-b3c204b2c2a3,KXNEXTIRANLEADER-45JAN01-ALAR,2026-03-01T15:09:17.648628Z,234.00,0.0400,0.9600,yes
583a01be-d889-7f34-c4a2-b0a959ad6113,KXNEXTIRANLEADER-45JAN01-ALAR,2026-03-01T15:09:16.035115Z,234.00,0.0400,0.9600,yes
92323be0-ba92-712b-bb63-c8276c9f8087,KXNEXTIRANLEADER-45JAN01-ALAR,2026-03-01T15:02:16.520169Z,261.00,0.0400,0.9600,yes
5c84878f-a8b1-7274-86b0-50d51743b3ff,KXNEXTIRANLEADER-45JAN01-ALAR,2026-03-01T15:02:16.520169Z,441.00,0.0400,0.9600,yes
e738f7f5-59de-6e67-620b-083545d4568f,KXNEXTIRANLEADER-45JAN01-ALAR,2026-03-01T14:57:10.396042Z,23.00,0.0400,0.9600,yes
1215e707-e482-6fcb-892e-b8c055e9f597,KXNEXTIRANLEADER-45JAN01-ALAR,2026-03-01T14:53:19.36017Z,10.00,0.0400,0.9600,yes
f37af9a4-ffc2-78b6-a247-31e8d3a274cd,KXNEXTIRANLEADER-45JAN01-ALAR,2026-03-01T14:51:16.301425Z,15.00,0.0300,0.9700,no
494c743a-3546-5a6f-2c85-e0acc1d4488f,KXNEXTIRANLEADER-45JAN01-ALAR,2026-03-01T14:46:18.338966Z,585.00,0.0400,0.9600,yes
1cd72048-d502-646f-f0b3-65832a9cf9ff,KXNEXTIRANLEADER-45JAN01-ALAR,2026-03-01T14:37:16.526915Z,117.00,0.0400,0.9600,yes
27b748dd-2cba-55f3-5243-0869ffa457d3,KXNEXTIRANLEADER-45JAN01-ALAR,2026-03-01T14:36:26.037561Z,23.00,0.0400,0.9600,yes
b99910ff-e9aa-4c5f-5c4b-c6c366e428ff,KXNEXTIRANLEADER-45JAN01-ALAR,2026-03-01T14:33:37.935005Z,468.00,0.0400,0.9600,yes
41e4d43c-17ab-7f0f-aa8c-2c34ec158a76,KXNEXTIRANLEADER-45JAN01-ALAR,2026-03-01T14:18:42.905293Z,25.00,0.0300,0.9700,yes
3730c0c0-b280-77c2-b9ee-e34759a1f80b,KXNEXTIRANLEADER-45JAN01-ALAR,2026-03-01T14:18:42.905293Z,155.00,0.0300,0.9700,yes
84f2742c-af22-727e-9668-4e5006a94b7a,KXNEXTIRANLEADER-45JAN01-ALAR,2026-03-01T14:17:51.014241Z,39.00,0.0200,0.9800,no
3b570ed5-ee0e-4cf7-916b-090f5998de03,KXNEXTIRANLEADER-45JAN01-ALAR,2026-03-01T14:12:13.389646Z,3513.00,0.0400,0.9600,yes
2e8e5342-1553-4bad-47d0-47a7878c4d9a,KXNEXTIRANLEADER-45JAN01-ALAR,2026-03-01T14:10:56.999097Z,25.00,0.0300,0.9700,no
0bfd77fd-24f2-45ba-7d23-0c9087230bce,KXNEXTIRANLEADER-45JAN01-ALAR,2026-03-01T14:10:56.999097Z,265.00,0.0200,0.9800,no
24df3355-fd5f-4ba8-b290-0061e912e196,KXNEXTIRANLEADER-45JAN01-ALAR,2026-03-01T13:49:11.469302Z,26.00,0.0300,0.9700,no
8da8a1e1-f455-7162-92ae-d1b4fb6d6b4a,KXNEXTIRANLEADER-45JAN01-ALAR,2026-03-01T13:49:09.149072Z,22.00,0.0300,0.9700,no
180a1177-08a7-7ebc-bae5-5985701f6c42,KXNEXTIRANLEADER-45JAN01-ALAR,2026-03-01T13:49:09.149072Z,1.00,0.0300,0.9700,no
0c94e6f4-0f35-73e3-b4ec-cf10103551c6,KXNEXTIRANLEADER-45JAN01-ALAR,2026-03-01T13:49:09.149072Z,5.00,0.0300,0.9700,no
7307360c-ae7d-61d2-f5d7-c74031c71b56,KXNEXTIRANLEADER-45JAN01-ALAR,2026-03-01T13:47:56.280304Z,3.00,0.0300,0.9700,no
2212601b-60c1-62a5-1443-c5d06694a858,KXNEXTIRANLEADER-45JAN01-ALAR,2026-03-01T13:46:24.321434Z,67.00,0.0700,0.9300,yes
079c5642-0961-6721-bcf5-d7bd5cb304d8,KXNEXTIRANLEADER-45JAN01-ALAR,2026-03-01T13:45:51.898253Z,67.00,0.0700,0.9300,yes
e7e0339c-2369-7dba-f940-8e8f76c2e4f2,KXNEXTIRANLEADER-45JAN01-ALAR,2026-03-01T13:43:19.297626Z,170.00,0.0600,0.9400,yes
d093a52c-6f41-791d-dd48-8c18929fc850,KXNEXTIRANLEADER-45JAN01-ALAR,2026-03-01T13:43:19.297626Z,189.00,0.0700,0.9300,yes
acd9f5e6-db16-6f2a-fa50-4c54076b8533,KXNEXTIRANLEADER-45JAN01-ALAR,2026-03-01T13:42:44.268708Z,25.00,0.0300,0.9700,yes
80216c26-b763-6298-c41a-c03fdda692a0,KXNEXTIRANLEADER-45JAN01-ALAR,2026-03-01T13:42:44.268708Z,55.00,0.0600,0.9400,yes
70b7f34a-a1a1-63fd-f7dc-46bfca3519a0,KXNEXTIRANLEADER-45JAN01-ALAR,2026-03-01T13:42:44.268708Z,202.00,0.0700,0.9300,yes
1eaeead3-683d-6050-f450-5cd35003e89a,KXNEXTIRANLEADER-45JAN01-ALAR,2026-03-01T13:42:44.268708Z,8.00,0.0700,0.9300,yes
b2fc5ddf-9487-7ed5-5c1a-fd756a5e0400,KXNEXTIRANLEADER-45JAN01-ALAR,2026-03-01T13:38:00.169016Z,17.00,0.0200,0.9800,no
0de3234a-5b74-76f8-7e90-99ee4e9af2bf,KXNEXTIRANLEADER-45JAN01-ALAR,2026-03-01T13:38:00.169016Z,25.00,0.0200,0.9800,no
a928dd8f-493d-5201-4157-70483f0a3b96,KXNEXTIRANLEADER-45JAN01-ALAR,2026-03-01T13:32:42.790369Z,100.00,0.0500,0.9500,yes
98c9cee2-a9fe-5f52-69d2-a1171284be17,KXNEXTIRANLEADER-45JAN01-ALAR,2026-03-01T13:32:42.790369Z,96.00,0.0400,0.9600,yes
7783741e-2fd1-5328-4938-45add819b04e,KXNEXTIRANLEADER-45JAN01-ALAR,2026-03-01T13:32:42.790369Z,16.00,0.0700,0.9300,yes
456b1dd1-fe1d-54a4-4fcd-233ee9f29f0e,KXNEXTIRANLEADER-45JAN01-ALAR,2026-03-01T13:32:42.790369Z,25.00,0.0300,0.9700,yes
0babda84-4cde-5b44-56d8-174abe1e8838,KXNEXTIRANLEADER-45JAN01-ALAR,2026-03-01T13:32:42.790369Z,155.00,0.0500,0.9500,yes
f6fddab2-44c5-7b22-1431-6cd3fa5bb075,KXNEXTIRANLEADER-45JAN01-ALAR,2026-03-01T13:31:57.287047Z,25.00,0.0200,0.9800,yes
a00e0cac-f3fe-7860-3bfc-f212e9f57a68,KXNEXTIRANLEADER-45JAN01-ALAR,2026-03-01T13:31:57.287047Z,68.00,0.0400,0.9600,yes
0d00b629-8db8-72c2-1a35-8e1a49e7c0b5,KXNEXTIRANLEADER-45JAN01-ALAR,2026-03-01T13:31:57.287047Z,36.00,0.0400,0.9600,yes
6597812b-153b-44c1-a776-4450e9acf274,KXNEXTIRANLEADER-45JAN01-ALAR,2026-03-01T13:20:55.034611Z,66.00,0.0100,0.9900,no
a04c222c-8fff-49d1-b300-5c7018ef8518,KXNEXTIRANLEADER-45JAN01-ALAR,2026-03-01T13:20:53.803374Z,56.00,0.0100,0.9900,no
84487b31-1df7-5299-18bb-d52c189c6074,KXNEXTIRANLEADER-45JAN01-ALAR,2026-03-01T13:20:52.569552Z,5.00,0.0100,0.9900,no
a177f89e-8a7b-4591-9517-43271b53f544,KXNEXTIRANLEADER-45JAN01-ALAR,2026-03-01T13:20:46.993934Z,7.00,0.0100,0.9900,no
63d645c6-834f-504d-e1ea-84d8a214f46c,KXNEXTIRANLEADER-45JAN01-ALAR,2026-03-01T13:20:45.216351Z,5.00,0.0100,0.9900,no
8dac0e4b-f833-53d1-a82b-bfb8db813830,KXNEXTIRANLEADER-45JAN01-ALAR,2026-03-01T13:19:24.45088Z,50.00,0.0100,0.9900,no
e6825cdc-5acb-6ad2-e315-f89a8efbe357,KXNEXTIRANLEADER-45JAN01-ALAR,2026-03-01T13:19:06.978396Z,1000.00,0.0200,0.9800,yes
e39ddece-398a-6673-e4f8-5d53b9a78170,KXNEXTIRANLEADER-45JAN01-ALAR,2026-03-01T13:19:06.978396Z,100.00,0.0200,0.9800,yes
d4dd2b93-7b4c-65fb-d87f-b78320133790,KXNEXTIRANLEADER-45JAN01-ALAR,2026-03-01T13:19:06.978396Z,25.00,0.0200,0.9800,yes
d3122db3-4e4b-6383-fa4b-d050372808c5,KXNEXTIRANLEADER-45JAN01-ALAR,2026-03-01T13:19:06.978396Z,24.00,0.0400,0.9600,yes
c560a8a3-0ee2-66c7-e680-cfd211d5b028,KXNEXTIRANLEADER-45JAN01-ALAR,2026-03-01T13:19:06.978396Z,100.00,0.0400,0.9600,yes
c338144e-bb64-68a4-c583-b4a32fbc6654,KXNEXTIRANLEADER-45JAN01-ALAR,2026-03-01T13:19:06.978396Z,34.00,0.0300,0.9700,yes
ba119b67-a3e1-6a35-d8cc-8f9fc069dc66,KXNEXTIRANLEADER-45JAN01-ALAR,2026-03-01T13:19:06.978396Z,2125.00,0.0200,0.9800,yes
9dfbe541-4da4-6841-e007-0dd2dc051c0a,KXNEXTIRANLEADER-45JAN01-ALAR,2026-03-01T13:19:06.978396Z,395.00,0.1000,0.9000,yes
94d5cec6-4d30-6bb0-ee51-62fb10706259,KXNEXTIRANLEADER-45JAN01-ALAR,2026-03-01T13:19:06.978396Z,765.00,0.0200,0.9800,yes
7e4335a4-f3cf-6e73-d9b7-3342fd8d9250,KXNEXTIRANLEADER-45JAN01-ALAR,2026-03-01T13:19:06.978396Z,64.00,0.0400,0.9600,yes
5c4c041a-28d6-6539-c792-58d13e5f609b,KXNEXTIRANLEADER-45JAN01-ALAR,2026-03-01T13:19:06.978396Z,84.00,0.0900,0.9100,yes
41ebace6-7ba0-6773-d0d0-963819262c32,KXNEXTIRANLEADER-45JAN01-ALAR,2026-03-01T13:19:06.978396Z,873.00,0.0200,0.9800,yes
2c447fcb-d5e4-656b-c95d-bfd3025898c3,KXNEXTIRANLEADER-45JAN01-ALAR,2026-03-01T13:19:06.978396Z,362.00,0.0300,0.9700,yes
1bc63948-45a3-67ec-ed3f-50947227fff1,KXNEXTIRANLEADER-45JAN01-ALAR,2026-03-01T13:19:06.978396Z,24.00,0.0400,0.9600,yes
19275ed9-4e84-6eb6-fd19-f2807d92e4e0,KXNEXTIRANLEADER-45JAN01-ALAR,2026-03-01T13:19:06.978396Z,40.00,0.0200,0.9800,yes
11b4c18b-5c25-63f1-cc00-d31f04a18c23,KXNEXTIRANLEADER-45JAN01-ALAR,2026-03-01T13:19:06.978396Z,24.00,0.0300,0.9700,yes
0dcdf1a9-fe9b-6739-e9bb-38cda18f6d07,KXNEXTIRANLEADER-45JAN01-ALAR,2026-03-01T13:19:06.978396Z,47.00,0.0300,0.9700,yes
031d0183-9c55-6996-e495-ee9ceb5e942f,KXNEXTIRANLEADER-45JAN01-ALAR,2026-03-01T13:19:06.978396Z,500.00,0.0800,0.9200,yes
22be2e6b-6c69-6f71-ff05-b4422ad86da6,KXNEXTIRANLEADER-45JAN01-ALAR,2026-03-01T13:18:24.395676Z,1029.00,0.0200,0.9800,yes
95870225-952b-7224-b383-552b40126ed8,KXNEXTIRANLEADER-45JAN01-ALAR,2026-03-01T13:17:49.298916Z,8.00,0.0100,0.9900,no
27db457a-b6fb-723d-be3b-6f1cdca3b7c4,KXNEXTIRANLEADER-45JAN01-ALAR,2026-03-01T13:17:49.298916Z,7.00,0.0100,0.9900,no
d877a9ca-131f-46a4-7b53-78ced2654718,KXNEXTIRANLEADER-45JAN01-ALAR,2026-03-01T13:17:47.50035Z,35.00,0.0100,0.9900,no
40cf5d9f-3535-6609-d5ae-4571a56466a2,KXNEXTIRANLEADER-45JAN01-ALAR,2026-03-01T13:12:22.160176Z,1000.00,0.0200,0.9800,yes
4e6bba54-f629-63b1-253c-5b4b17ba7346,KXNEXTIRANLEADER-45JAN01-ALAR,2026-03-01T13:09:54.969169Z,467.00,0.0200,0.9800,yes
9dae0808-2481-728d-ba86-50aadd861a46,KXNEXTIRANLEADER-45JAN01-ALAR,2026-03-01T13:04:52.640333Z,260.00,0.0200,0.9800,yes
db748501-d624-7aac-af4a-f5f67fa0e68c,KXNEXTIRANLEADER-45JAN01-ALAR,2026-03-01T12:56:40.245801Z,23.00,0.0200,0.9800,no
85a65b9b-e52c-7a0a-ad16-afa1f3ce6de0,KXNEXTIRANLEADER-45JAN01-ALAR,2026-03-01T12:56:40.245801Z,6.00,0.0200,0.9800,no
32cf7f91-e4cc-737b-a0aa-d5d9a1b4da48,KXNEXTIRANLEADER-45JAN01-ALAR,2026-03-01T12:56:40.245801Z,25.00,0.0200,0.9800,no
298e9acc-0f69-7414-af73-9ae6665869e4,KXNEXTIRANLEADER-45JAN01-ALAR,2026-03-01T12:56:40.245801Z,10.00,0.0200,0.9800,no
038ceb71-a635-7f9d-b0b8-67f4d98764a1,KXNEXTIRANLEADER-45JAN01-ALAR,2026-03-01T12:56:40.245801Z,55.00,0.0200,0.9800,no
ddca6e5f-4a30-4814-4d01-1af73f13ede8,KXNEXTIRANLEADER-45JAN01-ALAR,2026-03-01T12:52:39.163825Z,63.00,0.0200,0.9800,no
e4e73dd6-400c-4f0c-2d48-962189d642a0,KXNEXTIRANLEADER-45JAN01-ALAR,2026-03-01T12:51:22.932038Z,104.00,0.0200,0.9800,no
e599c756-aec8-6854-a4d3-3b157e69a311,KXNEXTIRANLEADER-45JAN01-ALAR,2026-03-01T12:51:08.118573Z,235.00,0.0300,0.9700,yes
c1cc5f86-39f6-6174-9083-79445d05d298,KXNEXTIRANLEADER-45JAN01-ALAR,2026-03-01T12:51:08.118573Z,701.00,0.0300,0.9700,yes
863ed10f-cc97-6965-952a-7464b7c503c0,KXNEXTIRANLEADER-45JAN01-ALAR,2026-03-01T12:51:08.118573Z,64.00,0.0300,0.9700,yes
2fd0ec18-8f0e-6800-0d9f-f569db0ad2f0,KXNEXTIRANLEADER-45JAN01-ALAR,2026-03-01T12:46:22.278612Z,31.00,0.0300,0.9700,yes
82995cdd-bb06-7c88-ee50-1ae33a7d3754,KXNEXTIRANLEADER-45JAN01-ALAR,2026-03-01T12:42:45.703729Z,132.00,0.0300,0.9700,yes
90307fd9-56b7-6e74-b0db-c2c9e19688e3,KXNEXTIRANLEADER-45JAN01-ALAR,2026-03-01T12:37:19.830538Z,20.00,0.0300,0.9700,yes
3081cee7-b89e-6370-9092-c55795f54058,KXNEXTIRANLEADER-45JAN01-ALAR,2026-03-01T12:37:19.830538Z,136.00,0.0300,0.9700,yes
287807a9-04fc-57f0-f30b-6e04d1d7b210,KXNEXTIRANLEADER-45JAN01-ALAR,2026-03-01T12:33:22.671005Z,57.00,0.0200,0.9800,no
8ca91274-0798-44b4-e583-f66d30f65d48,KXNEXTIRANLEADER-45JAN01-ALAR,2026-03-01T12:31:37.945825Z,15.00,0.0200,0.9800,no
8b9e144a-0c0c-7cfe-01f8-a57f135a5aae,KXNEXTIRANLEADER-45JAN01-ALAR,2026-03-01T12:19:16.972754Z,1.00,0.0300,0.9700,yes
1f44b607-cd22-7d3f-362f-45b6e622183b,KXNEXTIRANLEADER-45JAN01-ALAR,2026-03-01T12:19:16.972754Z,30.00,0.0300,0.9700,yes
a3f71812-6f50-47c4-7d95-7748be411c84,KXNEXTIRANLEADER-45JAN01-ALAR,2026-03-01T11:56:34.982168Z,217.00,0.0200,0.9800,no
c24c1ded-78ea-713c-85d2-f8d193b176e6,KXNEXTIRANLEADER-45JAN01-ALAR,2026-03-01T11:52:48.079232Z,8.00,0.0300,0.9700,yes
51e79523-9d94-7e8e-8153-bedcd82d134a,KXNEXTIRANLEADER-45JAN01-ALAR,2026-03-01T11:52:48.079232Z,27.00,0.0300,0.9700,yes
4270d7ae-e61c-7e45-b63c-962a906b4997,KXNEXTIRANLEADER-45JAN01-ALAR,2026-03-01T11:52:48.079232Z,55.00,0.0300,0.9700,yes
c832bd8d-0e05-45c8-d137-8938efc6283f,KXNEXTIRANLEADER-45JAN01-ALAR,2026-03-01T11:45:36.081931Z,55.00,0.0200,0.9800,no
a39c8bcc-1e35-4ede-cf15-b1a172b51c8e,KXNEXTIRANLEADER-45JAN01-ALAR,2026-03-01T11:45:36.081931Z,1.00,0.0300,0.9700,no
55598273-892d-4872-d2b8-9f020ed1f219,KXNEXTIRANLEADER-45JAN01-ALAR,2026-03-01T11:45:36.081931Z,149.00,0.0300,0.9700,no
122dc5c3-b9a8-4e2c-f6db-00edccdbd2f4,KXNEXTIRANLEADER-45JAN01-ALAR,2026-03-01T11:45:36.081931Z,21.00,0.0200,0.9800,no
ac0675d9-bf44-6613-c82d-1d832d1ca04e,KXNEXTIRANLEADER-45JAN01-ALAR,2026-03-01T11:40:39.251606Z,2.00,0.0400,0.9600,yes
254901d5-bc7f-5b36-41d3-7a8664115829,KXNEXTIRANLEADER-45JAN01-ALAR,2026-03-01T11:39:13.77129Z,3.00,0.0300,0.9700,no
93f39d5b-82c3-7b42-43c6-79ba5507c9c9,KXNEXTIRANLEADER-45JAN01-ALAR,2026-03-01T11:39:12.538958Z,2.00,0.0300,0.9700,no
2ff28b82-c711-73e9-64d7-abdf2276d4ca,KXNEXTIRANLEADER-45JAN01-ALAR,2026-03-01T11:39:12.538958Z,1.00,0.0300,0.9700,no
97867ff9-6fa1-5e18-f304-7463f52342e0,KXNEXTIRANLEADER-45JAN01-ALAR,2026-03-01T11:37:52.175137Z,2.00,0.0300,0.9700,no
73fc0abe-3715-5db2-d6c2-5ee21e6b0133,KXNEXTIRANLEADER-45JAN01-ALAR,2026-03-01T11:37:52.175137Z,53.00,0.0300,0.9700,no
274c156a-e201-587b-f827-876276bc165c,KXNEXTIRANLEADER-45JAN01-ALAR,2026-03-01T11:37:52.175137Z,50.00,0.0300,0.9700,no
84c5f5a2-b171-53bf-25da-55c437aa1650,KXNEXTIRANLEADER-45JAN01-ALAR,2026-03-01T11:37:50.943173Z,119.00,0.0300,0.9700,no
6b9ea90c-0a7d-4a0b-3e1b-fd6d1ee97044,KXNEXTIRANLEADER-45JAN01-ALAR,2026-03-01T11:37:49.712647Z,7.00,0.0300,0.9700,no
42c6e1a7-e55b-4a17-3eb6-caed5b1f5df7,KXNEXTIRANLEADER-45JAN01-ALAR,2026-03-01T11:37:49.712647Z,1.00,0.0300,0.9700,no
39450fc1-6a0c-7210-3763-835187bce186,KXNEXTIRANLEADER-45JAN01-ALAR,2026-03-01T11:37:36.597448Z,14.00,0.0300,0.9700,no
1ae01475-3310-7cfb-1341-5890c1d672e1,KXNEXTIRANLEADER-45JAN01-ALAR,2026-03-01T11:37:36.597448Z,3.00,0.0300,0.9700,no
d83dfd10-3db3-531d-b940-747f99e55a42,KXNEXTIRANLEADER-45JAN01-ALAR,2026-03-01T11:24:30.368746Z,21.00,0.0500,0.9500,yes
c1f94c0a-1292-5acf-a457-637377029e8f,KXNEXTIRANLEADER-45JAN01-ALAR,2026-03-01T11:24:30.368746Z,25.00,0.0300,0.9700,yes
aa9ab6bf-f148-56b7-bf19-327373687ca4,KXNEXTIRANLEADER-45JAN01-ALAR,2026-03-01T11:24:30.368746Z,253.00,0.0600,0.9400,yes
95eb05ee-397b-5831-b45c-70ade96e645c,KXNEXTIRANLEADER-45JAN01-ALAR,2026-03-01T11:24:30.368746Z,55.00,0.0500,0.9500,yes
6b8e6b81-57a5-56ea-8c96-44beb0a19927,KXNEXTIRANLEADER-45JAN01-ALAR,2026-03-01T11:24:30.368746Z,153.00,0.0300,0.9700,yes
053add62-9e0d-7d52-a938-651d429d6c6a,KXNEXTIRANLEADER-45JAN01-ALAR,2026-03-01T11:23:48.494538Z,6.00,0.0300,0.9700,no
ef0272ce-e8c5-40bc-70b8-884091f44d67,KXNEXTIRANLEADER-45JAN01-ALAR,2026-03-01T11:23:44.615186Z,500.00,0.0500,0.9500,yes
b8a47ad8-77f7-4036-7dcc-30797fc77b8f,KXNEXTIRANLEADER-45JAN01-ALAR,2026-03-01T11:23:44.615186Z,55.00,0.0500,0.9500,yes
7c66c4a3-859c-4f37-436e-c65560cfa39c,KXNEXTIRANLEADER-45JAN01-ALAR,2026-03-01T11:23:44.615186Z,419.00,0.0600,0.9400,yes
768cdcee-0e95-4b03-48ad-d66b9e780067,KXNEXTIRANLEADER-45JAN01-ALAR,2026-03-01T11:23:44.615186Z,1.00,0.0400,0.9600,yes
501345d7-57e7-47a5-7554-da048d675574,KXNEXTIRANLEADER-45JAN01-ALAR,2026-03-01T11:23:44.615186Z,25.00,0.0400,0.9600,yes
106fe649-2693-58ef-65b9-1e8397f55505,KXNEXTIRANLEADER-45JAN01-ALAR,2026-03-01T11:19:18.692133Z,7.00,0.0600,0.9400,yes
c460eb0b-cfec-51be-2a22-767b71ec147e,KXNEXTIRANLEADER-45JAN01-ALAR,2026-03-01T11:15:14.417577Z,26.00,0.0500,0.9500,no
a28705c1-33f8-550b-06ce-7637bc602863,KXNEXTIRANLEADER-45JAN01-ALAR,2026-03-01T11:15:14.417577Z,51.00,0.0400,0.9600,no
9029df07-9103-5b82-2a52-db11ff71ef87,KXNEXTIRANLEADER-45JAN01-ALAR,2026-03-01T11:15:14.417577Z,217.00,0.0400,0.9600,no
80dbbbe2-a036-5267-3e8d-818cb9219f32,KXNEXTIRANLEADER-45JAN01-ALAR,2026-03-01T11:15:14.417577Z,6.00,0.0600,0.9400,no
7c14625f-701f-58c8-28c3-6cff0074322c,KXNEXTIRANLEADER-45JAN01-ALAR,2026-03-01T11:15:14.417577Z,5457.00,0.0100,0.9900,no
5a57a08a-a327-5927-36f1-c8a034191975,KXNEXTIRANLEADER-45JAN01-ALAR,2026-03-01T11:15:14.417577Z,55.00,0.0200,0.9800,no
19bff830-06f7-547a-12bd-f7f6f8890c5f,KXNEXTIRANLEADER-45JAN01-ALAR,2026-03-01T11:15:14.417577Z,12.00,0.0500,0.9500,no
cc9da261-2cd4-40f5-4f18-cd2eeded5f13,KXNEXTIRANLEADER-45JAN01-ALAR,2026-03-01T11:09:13.747042Z,5.00,0.0800,0.9200,yes
cbfc6a19-4544-47a8-5b0d-d3e352df9ffd,KXNEXTIRANLEADER-45JAN01-ALAR,2026-03-01T11:09:13.747042Z,13.00,0.0900,0.9100,yes
ae4f0f26-01cf-49d8-40aa-09df6d760b7c,KXNEXTIRANLEADER-45JAN01-ALAR,2026-03-01T11:09:13.747042Z,7.00,0.0900,0.9100,yes
6c60fa26-57bd-440f-779c-6d74d85af204,KXNEXTIRANLEADER-45JAN01-ALAR,2026-03-01T11:09:13.747042Z,33.00,0.1000,0.9000,yes
5d0b150e-2383-4ea3-7a5d-2d7c9c819ae3,KXNEXTIRANLEADER-45JAN01-ALAR,2026-03-01T11:09:13.747042Z,20.00,0.1000,0.9000,yes
5a0b5ae9-c204-4b98-546d-ca71f5d9f16a,KXNEXTIRANLEADER-45JAN01-ALAR,2026-03-01T11:09:13.747042Z,37.00,0.0600,0.9400,yes
48864e08-659c-4009-5654-2e78be7d196c,KXNEXTIRANLEADER-45JAN01-ALAR,2026-03-01T11:09:13.747042Z,50.00,0.0700,0.9300,yes
31895558-8ffc-44ae-4ab6-fed97cb8d68d,KXNEXTIRANLEADER-45JAN01-ALAR,2026-03-01T11:09:13.747042Z,18.00,0.0500,0.9500,yes
231f8920-3162-4c90-7536-68c45b259afb,KXNEXTIRANLEADER-45JAN01-ALAR,2026-03-01T11:09:13.747042Z,7.00,0.0500,0.9500,yes
1af510d7-21e9-4262-6fa0-31bc97b76020,KXNEXTIRANLEADER-45JAN01-ALAR,2026-03-01T11:09:13.747042Z,39.00,0.1100,0.8900,yes
fb34a69d-32bc-49ee-8efd-e42973b0f9c5,KXNEXTIRANLEADER-45JAN01-ALAR,2026-03-01T11:08:28.413823Z,7.00,0.0500,0.9500,yes
16923698-0fff-65b2-1545-c2f95490f371,KXNEXTIRANLEADER-45JAN01-ALAR,2026-03-01T11:07:47.682838Z,10.00,0.0400,0.9600,yes
dedd3dbe-2bc0-7d7c-60c2-3dfe92a82646,KXNEXTIRANLEADER-45JAN01-ALAR,2026-03-01T11:04:59.711735Z,4.00,0.0200,0.9800,no
8c89cdf5-490c-675c-68f2-5b0d70366a6d,KXNEXTIRANLEADER-45JAN01-ALAR,2026-03-01T11:04:51.226569Z,28.00,0.0200,0.9800,no
15e53cf4-5d5b-5fa1-af0a-aa780eaffbe5,KXNEXTIRANLEADER-45JAN01-ALAR,2026-03-01T11:03:59.065915Z,15.00,0.0100,0.9900,yes
5327bda7-eee9-69e4-f8f6-f24662911db8,KXNEXTIRANLEADER-45JAN01-ALAR,2026-03-01T11:03:20.193483Z,23.00,0.0100,0.9900,no
4db96236-acf9-6031-d666-85e2f64b20c4,KXNEXTIRANLEADER-45JAN01-ALAR,2026-03-01T11:03:20.193483Z,2.00,0.0100,0.9900,no
0d93c6a9-8731-60fc-af26-8ed453fcaa14,KXNEXTIRANLEADER-45JAN01-ALAR,2026-03-01T10:49:45.181853Z,2.00,0.0100,0.9900,no
f96a5c5c-a87b-4673-a0a8-dc9eaa919f9a,KXNEXTIRANLEADER-45JAN01-ALAR,2026-03-01T10:47:05.852282Z,16.00,0.0200,0.9800,no
f6035de2-9b56-49b6-8ec8-f0b35ef56293,KXNEXTIRANLEADER-45JAN01-ALAR,2026-03-01T10:47:05.852282Z,23.00,0.0200,0.9800,no
d887722a-fbac-4ebf-b47d-5e8123c40e94,KXNEXTIRANLEADER-45JAN01-ALAR,2026-03-01T10:47:05.852282Z,500.00,0.0700,0.9300,no
d425c9bf-309a-4b19-83c5-e544b7f0f91a,KXNEXTIRANLEADER-45JAN01-ALAR,2026-03-01T10:47:05.852282Z,50.00,0.0100,0.9900,no
d3cd8c04-95da-4040-af1d-17ada856c6b1,KXNEXTIRANLEADER-45JAN01-ALAR,2026-03-01T10:47:05.852282Z,55.00,0.0800,0.9200,no
d3a6bd14-c989-4edb-83b3-33af31b050dc,KXNEXTIRANLEADER-45JAN01-ALAR,2026-03-01T10:47:05.852282Z,24.00,0.0200,0.9800,no
c2d5fd09-013d-4cf0-824f-c47c36d4caff,KXNEXTIRANLEADER-45JAN01-ALAR,2026-03-01T10:47:05.852282Z,5.00,0.0100,0.9900,no
c095cd9b-195e-4a03-b493-81a56d14a6b8,KXNEXTIRANLEADER-45JAN01-ALAR,2026-03-01T10:47:05.852282Z,16.00,0.0200,0.9800,no
beadf4f5-5560-4c4e-8509-0f6bfc8d781d,KXNEXTIRANLEADER-45JAN01-ALAR,2026-03-01T10:47:05.852282Z,28.00,0.0300,0.9700,no
9d3767c7-ba27-4d4c-adc3-0cbe940b46f8,KXNEXTIRANLEADER-45JAN01-ALAR,2026-03-01T10:47:05.852282Z,72.00,0.0200,0.9800,no
99275449-6c6d-4e35-a10e-15f64fa0db94,KXNEXTIRANLEADER-45JAN01-ALAR,2026-03-01T10:47:05.852282Z,10.00,0.0400,0.9600,no
80e39c02-a153-46a9-be3d-23740b157d60,KXNEXTIRANLEADER-45JAN01-ALAR,2026-03-01T10:47:05.852282Z,45.00,0.0200,0.9800,no
70411528-a287-41ce-b15a-1ce3c4749302,KXNEXTIRANLEADER-45JAN01-ALAR,2026-03-01T10:47:05.852282Z,59.00,0.0200,0.9800,no
66f1312a-410b-4412-8d4a-30b1cb9984e0,KXNEXTIRANLEADER-45JAN01-ALAR,2026-03-01T10:47:05.852282Z,25.00,0.0400,0.9600,no
4c9b8a8b-d31e-4e61-96e4-dbf758c754e2,KXNEXTIRANLEADER-45JAN01-ALAR,2026-03-01T10:47:05.852282Z,14.00,0.0800,0.9200,no
24af7067-35ae-44e0-b4f8-ab36459563f2,KXNEXTIRANLEADER-45JAN01-ALAR,2026-03-01T10:47:05.852282Z,28.00,0.0200,0.9800,no
1aac110b-2765-4d9d-8353-23055c3529a4,KXNEXTIRANLEADER-45JAN01-ALAR,2026-03-01T10:47:05.852282Z,161.00,0.0400,0.9600,no
0503ba1e-f690-4cb7-a88f-cd0b95d2215c,KXNEXTIRANLEADER-45JAN01-ALAR,2026-03-01T10:47:05.852282Z,39.00,0.0200,0.9800,no
f979c01c-7b48-7bbf-a044-ed3211af6bc2,KXNEXTIRANLEADER-45JAN01-ALAR,2026-03-01T10:45:45.898524Z,66.00,0.0800,0.9200,no
df713687-060d-7de4-bc92-37b9e1e1c499,KXNEXTIRANLEADER-45JAN01-ALAR,2026-03-01T10:45:45.898524Z,139.00,0.1000,0.9000,no
cbe92d03-a7c9-751b-9f8c-a256bfcd25b2,KXNEXTIRANLEADER-45JAN01-ALAR,2026-03-01T10:45:45.898524Z,20.00,0.0800,0.9200,no
7dbe8b1f-989d-79b0-91e3-0eb91bdbbb02,KXNEXTIRANLEADER-45JAN01-ALAR,2026-03-01T10:45:45.898524Z,30.00,0.0800,0.9200,no
4eb0e720-f6f7-72cc-9cf2-7d14e58ddb6d,KXNEXTIRANLEADER-45JAN01-ALAR,2026-03-01T10:45:45.898524Z,7.00,0.0900,0.9100,no
2a29d404-b407-7b8b-8d5a-ef841a79da24,KXNEXTIRANLEADER-45JAN01-ALAR,2026-03-01T10:45:45.898524Z,65.00,0.0800,0.9200,no
090424e2-1f8a-75e3-ab4b-e71765f0a406,KXNEXTIRANLEADER-45JAN01-ALAR,2026-03-01T10:45:45.898524Z,100.00,0.0800,0.9200,no
e1d7d3c9-7709-77e4-3c37-c710ab7eba15,KXNEXTIRANLEADER-45JAN01-ALAR,2026-03-01T10:45:36.458098Z,1.00,0.1000,0.9000,no
82fd707b-9401-786c-fb04-65266d40e3c5,KXNEXTIRANLEADER-45JAN01-ALAR,2026-03-01T10:41:55.342765Z,58.00,0.1000,0.9000,no
7a16a5c7-1f25-4f84-8564-cd25ef9502a5,KXNEXTIRANLEADER-45JAN01-ALAR,2026-03-01T10:40:38.964649Z,13.00,0.1000,0.9000,no
5227fa38-8681-56a8-8c7b-218b218e1655,KXNEXTIRANLEADER-45JAN01-ALAR,2026-03-01T10:40:30.665496Z,28.00,0.1000,0.9000,no
5efd31ab-8dfd-6254-0ee0-fb2f24b5cd15,KXNEXTIRANLEADER-45JAN01-ALAR,2026-03-01T10:40:24.875857Z,21.00,0.1000,0.9000,no
412f6474-adad-7550-60f1-f9a660661965,KXNEXTIRANLEADER-45JAN01-ALAR,2026-03-01T10:32:44.873418Z,72.00,0.1000,0.9000,no
25fc4d4f-30a1-4722-ea26-a9a831a136bc,KXNEXTIRANLEADER-45JAN01-ALAR,2026-03-01T10:28:42.383715Z,427.00,0.1100,0.8900,yes
50a37f39-5e11-43dc-f1ca-f2223ced5005,KXNEXTIRANLEADER-45JAN01-ALAR,2026-03-01T10:23:20.157665Z,20.00,0.1000,0.9000,no
94fbabc0-fd99-6a20-51de-ecefa119f991,KXNEXTIRANLEADER-45JAN01-ALAR,2026-03-01T10:21:03.621863Z,4.00,0.1000,0.9000,no
6d9f446d-56a5-7e3a-7722-a8f1d23b9a50,KXNEXTIRANLEADER-45JAN01-ALAR,2026-03-01T10:19:01.982008Z,42.00,0.1100,0.8900,yes
b4e34b47-7ee9-5da0-85c1-67fa3c08ef35,KXNEXTIRANLEADER-45JAN01-ALAR,2026-03-01T10:15:27.131264Z,2.00,0.1000,0.9000,no
056cf5db-3685-56a2-bf98-0325ece0b344,KXNEXTIRANLEADER-45JAN01-ALAR,2026-03-01T10:15:13.301115Z,42.00,0.1100,0.8900,yes
de335f12-1cb4-5afb-747a-f340578abea9,KXNEXTIRANLEADER-45JAN01-ALAR,2026-03-01T10:13:06.394022Z,18.00,0.1100,0.8900,no
b0ca4945-bb5d-5e4c-6c2c-55285a562c29,KXNEXTIRANLEADER-45JAN01-ALAR,2026-03-01T10:13:06.394022Z,119.00,0.1000,0.9000,no
4661ffb4-85e0-5828-5dbb-a7b4f9adcb35,KXNEXTIRANLEADER-45JAN01-ALAR,2026-03-01T10:13:06.394022Z,55.00,0.1100,0.8900,no
9fccb0ea-b170-4c26-dd36-315e5648d723,KXNEXTIRANLEADER-45JAN01-ALAR,2026-03-01T10:10:18.344377Z,33.00,0.1000,0.9000,no
959e05a1-55a1-4e3c-efbe-2269f9c16eb1,KXNEXTIRANLEADER-45JAN01-ALAR,2026-03-01T10:10:18.344377Z,23.00,0.1000,0.9000,no
f87bc9d6-7a18-41fe-3047-b68af775fc0f,KXNEXTIRANLEADER-45JAN01-ALAR,2026-03-01T10:10:17.116565Z,6.00,0.1000,0.9000,no
a518a0b6-a420-727a-6c78-8879049da763,KXNEXTIRANLEADER-45JAN01-ALAR,2026-03-01T10:10:13.203371Z,6.00,0.1000,0.9000,no
0e95cda7-e0d8-73e6-9ef8-55993fd1c627,KXNEXTIRANLEADER-45JAN01-ALAR,2026-03-01T10:10:11.97511Z,41.00,0.1000,0.9000,no
1ad93620-b3b0-517a-2b0a-64806386ed0f,KXNEXTIRANLEADER-45JAN01-ALAR,2026-03-01T10:10:10.750221Z,19.00,0.1000,0.9000,no
f1d533d8-50fc-5e66-6ead-d7a8f6a9755f,KXNEXTIRANLEADER-45JAN01-ALAR,2026-03-01T10:10:09.52255Z,7.00,0.1000,0.9000,no
92153d4e-eb3c-7082-65b6-a880ac92405f,KXNEXTIRANLEADER-45JAN01-ALAR,2026-03-01T10:10:08.29025Z,6.00,0.1000,0.9000,no
16ad4969-8610-56fa-e673-859a7fa5456b,KXNEXTIRANLEADER-45JAN01-ALAR,2026-03-01T10:10:07.054789Z,6.00,0.1000,0.9000,no
f60ccc33-d92c-585e-fdf7-37b5652b53ab,KXNEXTIRANLEADER-45JAN01-ALAR,2026-03-01T10:08:05.496486Z,77.00,0.1000,0.9000,no
cad5e19b-47a2-586c-ffc0-00fbf4eaa9ea,KXNEXTIRANLEADER-45JAN01-ALAR,2026-03-01T10:08:05.496486Z,55.00,0.1100,0.8900,no
c05a7785-cf3d-5630-f664-d0edcdcca72d,KXNEXTIRANLEADER-45JAN01-ALAR,2026-03-01T10:08:05.496486Z,78.00,0.1100,0.8900,no
12332e85-9b6c-5c70-d097-f01b2dc6cc22,KXNEXTIRANLEADER-45JAN01-ALAR,2026-03-01T10:08:05.496486Z,25.00,0.1100,0.8900,no
d6dc0f81-6249-6968-7926-0dd061b01b91,KXNEXTIRANLEADER-45JAN01-ALAR,2026-03-01T10:07:53.819788Z,3.00,0.1100,0.8900,no
b96432ba-be69-5db0-bd41-3b4d7d3e2a15,KXNEXTIRANLEADER-45JAN01-ALAR,2026-03-01T10:07:52.591885Z,5.00,0.1100,0.8900,no
87c6df54-2cad-4f50-2bcd-a867034125ad,KXNEXTIRANLEADER-45JAN01-ALAR,2026-03-01T10:07:51.36552Z,10.00,0.1100,0.8900,no
190f442d-0815-4f10-2fd7-8c47ceafdfd9,KXNEXTIRANLEADER-45JAN01-ALAR,2026-03-01T10:07:50.135848Z,11.00,0.1100,0.8900,no
6837fa92-06b1-6ffc-784d-5fef855f67c9,KXNEXTIRANLEADER-45JAN01-ALAR,2026-03-01T10:07:48.906114Z,35.00,0.1100,0.8900,no
9dfabefe-9085-4844-7828-bfa653aa9155,KXNEXTIRANLEADER-45JAN01-ALAR,2026-03-01T10:04:55.213612Z,30.00,0.1100,0.8900,no
6aad1382-581d-6a68-d823-08869bad7329,KXNEXTIRANLEADER-45JAN01-ALAR,2026-03-01T10:04:06.805439Z,39.00,0.1100,0.8900,no
c0aafa24-371b-756c-5907-0c2488e5203a,KXNEXTIRANLEADER-45JAN01-ALAR,2026-03-01T10:01:41.661053Z,10.00,0.1200,0.8800,yes
afa4450c-21e4-72cb-4e36-d5d3c62ec772,KXNEXTIRANLEADER-45JAN01-ALAR,2026-03-01T10:01:41.661053Z,55.00,0.1300,0.8700,yes
7c46767e-cbc2-768f-55ff-e14b4c75b03c,KXNEXTIRANLEADER-45JAN01-ALAR,2026-03-01T10:01:41.661053Z,25.00,0.1200,0.8800,yes
4c1966ba-d90f-77a2-57c0-5e988ccaab61,KXNEXTIRANLEADER-45JAN01-ALAR,2026-03-01T10:01:41.661053Z,42.00,0.1300,0.8700,yes
2ce92f87-6c67-7b31-68c1-29df009f8f8a,KXNEXTIRANLEADER-45JAN01-ALAR,2026-03-01T10:01:41.661053Z,216.00,0.1400,0.8600,yes
79fe597c-b5d1-7844-6bee-2d45c574c069,KXNEXTIRANLEADER-45JAN01-ALAR,2026-03-01T09:58:54.795114Z,2.00,0.1100,0.8900,no
42514fa2-3ccd-73d8-e2f1-561e5ad3767d,KXNEXTIRANLEADER-45JAN01-ALAR,2026-03-01T09:58:41.652556Z,16.00,0.1100,0.8900,no
10db8c1a-0f79-569c-971b-20cb3cc3be41,KXNEXTIRANLEADER-45JAN01-ALAR,2026-03-01T09:54:52.81897Z,9.00,0.1100,0.8900,no
db44c651-ff4d-79bc-749d-bed499c312a1,KXNEXTIRANLEADER-45JAN01-ALAR,2026-03-01T09:54:38.011745Z,16.00,0.1100,0.8900,no
8b4e17ee-9821-76bc-264c-ab2ec40ee8ed,KXNEXTIRANLEADER-45JAN01-ALAR,2026-03-01T09:54:36.775176Z,16.00,0.1100,0.8900,no
4a7bcbc7-9ac5-5ee8-5a2d-68b19bf84051,KXNEXTIRANLEADER-45JAN01-ALAR,2026-03-01T09:54:35.543144Z,16.00,0.1100,0.8900,no
ee79b9fe-a9a5-6430-4ea8-914c19902d15,KXNEXTIRANLEADER-45JAN01-ALAR,2026-03-01T09:53:48.127221Z,10.00,0.1100,0.8900,no
4f7cb76b-d3d1-7b98-6923-19632a1f276d,KXNEXTIRANLEADER-45JAN01-ALAR,2026-03-01T09:53:29.968697Z,23.00,0.1100,0.8900,no
19ffc271-b5e5-418c-6b12-213aa259a885,KXNEXTIRANLEADER-45JAN01-ALAR,2026-03-01T09:52:43.382481Z,20.00,0.1100,0.8900,no
25b2d925-e3b9-4a5c-9907-618b1b66b779,KXNEXTIRANLEADER-45JAN01-ALAR,2026-03-01T09:43:31.877045Z,5.00,0.1100,0.8900,no
a15bf5bb-98d5-6d98-e874-51c6b9f72619,KXNEXTIRANLEADER-45JAN01-ALAR,2026-03-01T09:40:14.428553Z,54.00,0.1100,0.8900,no
3e920beb-37f1-4730-f690-dc6021f4db3d,KXNEXTIRANLEADER-45JAN01-ALAR,2026-03-01T09:40:13.197066Z,3.00,0.1100,0.8900,no
61088cc7-3351-6508-943c-f0d15c4a6d75,KXNEXTIRANLEADER-45JAN01-ALAR,2026-03-01T09:38:37.229095Z,5.00,0.1100,0.8900,no
28c8b684-f339-74b4-6268-4396b00d36f5,KXNEXTIRANLEADER-45JAN01-ALAR,2026-03-01T09:38:35.987864Z,6.00,0.1100,0.8900,no
b64a27c9-0389-69e4-db81-ba2ca9e99961,KXNEXTIRANLEADER-45JAN01-ALAR,2026-03-01T09:34:33.670752Z,60.00,0.1100,0.8900,no
36fbe8ab-05ff-6253-dad9-84f7c9deba4c,KXNEXTIRANLEADER-45JAN01-ALAR,2026-03-01T09:34:33.670752Z,25.00,0.1200,0.8800,no
dd6df87c-0710-4f1a-84c9-86130dc3965a,KXNEXTIRANLEADER-45JAN01-ALAR,2026-03-01T09:21:34.344247Z,10.00,0.1300,0.8700,yes
b52d87d1-a190-42fa-b01f-65a382cdbe45,KXNEXTIRANLEADER-45JAN01-ALAR,2026-03-01T09:21:34.344247Z,10.00,0.1200,0.8800,yes
b0f73133-d5d2-4693-bc60-8a2920b4b81f,KXNEXTIRANLEADER-45JAN01-ALAR,2026-03-01T09:21:34.344247Z,10.00,0.1200,0.8800,yes
9cfa14d3-2dc7-4e7a-9dea-500b6d5c315b,KXNEXTIRANLEADER-45JAN01-ALAR,2026-03-01T09:21:34.344247Z,18.00,0.1200,0.8800,yes
665af993-70bc-4215-8aad-c2f39fc869f8,KXNEXTIRANLEADER-45JAN01-ALAR,2026-03-01T09:21:34.344247Z,7.00,0.1200,0.8800,yes
18441680-e15f-46b1-ab12-0dd9e125965e,KXNEXTIRANLEADER-45JAN01-ALAR,2026-03-01T09:21:34.344247Z,154.00,0.1400,0.8600,yes
5496daec-4d59-4808-a5d8-6a2d35d0cd1d,KXNEXTIRANLEADER-45JAN01-ALAR,2026-03-01T09:13:49.353113Z,1.00,0.1100,0.8900,no
f10a5e38-3051-7780-3992-b4f8b821225d,KXNEXTIRANLEADER-45JAN01-ALAR,2026-03-01T08:54:34.119683Z,17.00,0.1100,0.8900,no
074f35d8-a6cb-517a-46ef-6a72f5d749bf,KXNEXTIRANLEADER-45JAN01-ALAR,2026-03-01T08:32:34.086651Z,7.00,0.1200,0.8800,yes
f471f2cf-3fd7-49a9-2909-180cd1cf1feb,KXNEXTIRANLEADER-45JAN01-ALAR,2026-03-01T08:29:10.175308Z,11.00,0.1100,0.8900,no
4dbe8d57-d2eb-4bbd-5760-0884589f6af7,KXNEXTIRANLEADER-45JAN01-ALAR,2026-03-01T08:26:14.721661Z,10.00,0.1100,0.8900,no
871e4589-8a4f-494d-8064-0b5655d11767,KXNEXTIRANLEADER-45JAN01-ALAR,2026-03-01T08:26:12.727396Z,6.00,0.1100,0.8900,no
3a2faa6b-2727-597d-a273-a5d5bf33b48f,KXNEXTIRANLEADER-45JAN01-ALAR,2026-03-01T08:26:01.593265Z,3.00,0.1100,0.8900,no
38beb7ec-2875-6252-d599-b27f8bb9d808,KXNEXTIRANLEADER-45JAN01-ALAR,2026-03-01T08:24:02.708863Z,1.00,0.1200,0.8800,no
1ee9026a-b20b-6cfb-d434-815a0ce5a9ed,KXNEXTIRANLEADER-45JAN01-ALAR,2026-03-01T08:24:02.708863Z,2.00,0.1200,0.8800,no
3df52452-9f09-6c76-6ab7-d4d24d29e8a4,KXNEXTIRANLEADER-45JAN01-ALAR,2026-03-01T08:24:01.478293Z,19.00,0.1200,0.8800,no
45333d4c-5969-4fee-22a2-b2d53430685c,KXNEXTIRANLEADER-45JAN01-ALAR,2026-03-01T08:23:53.17383Z,2.00,0.1200,0.8800,no
e5ffe4dc-aab1-592a-0b30-09ada1f0db84,KXNEXTIRANLEADER-45JAN01-ALAR,2026-03-01T08:23:51.938762Z,3.00,0.1200,0.8800,no
c46357d3-22d2-5f46-245d-5a59bafb811b,KXNEXTIRANLEADER-45JAN01-ALAR,2026-03-01T08:21:51.081305Z,10.00,0.1300,0.8700,no
82d84b3b-e082-54d6-8bd7-84e29c1a52cb,KXNEXTIRANLEADER-45JAN01-ALAR,2026-03-01T08:21:49.853731Z,2.00,0.1300,0.8700,no
52f8a3ed-11b6-5c22-de48-5c7a1f7d9323,KXNEXTIRANLEADER-45JAN01-ALAR,2026-03-01T08:21:48.790573Z,1.00,0.1300,0.8700,no
59ad5cdf-a7fe-78ea-3a74-3e64770dfb33,KXNEXTIRANLEADER-45JAN01-ALAR,2026-03-01T08:21:48.615599Z,2.00,0.1300,0.8700,no
973ef172-dba3-7889-9c42-55586d1e04ff,KXNEXTIRANLEADER-45JAN01-ALAR,2026-03-01T08:21:33.991909Z,11.00,0.1100,0.8900,no
dba28abf-a403-55c6-4898-804423d0cae3,KXNEXTIRANLEADER-45JAN01-ALAR,2026-03-01T08:21:32.737583Z,21.00,0.1300,0.8700,no
3374ef11-07f1-51ff-4600-4a2340d906bc,KXNEXTIRANLEADER-45JAN01-ALAR,2026-03-01T08:21:32.737583Z,1.00,0.1300,0.8700,no
24567b1b-ee8b-4f3a-eac8-c404ffb5eb27,KXNEXTIRANLEADER-45JAN01-ALAR,2026-03-01T08:21:31.514736Z,3.00,0.1300,0.8700,no
cb5f51f0-4324-42f8-a6ca-f7197663e80a,KXNEXTIRANLEADER-45JAN01-ALAR,2026-03-01T08:21:30.337906Z,15.00,0.1300,0.8700,no
5feac169-4d13-49be-84b8-a850a21ff56b,KXNEXTIRANLEADER-45JAN01-ALAR,2026-03-01T08:21:30.337906Z,1.00,0.1300,0.8700,no
6b32484b-f6d8-6a28-c60c-f883228d36c6,KXNEXTIRANLEADER-45JAN01-ALAR,2026-03-01T08:21:30.285678Z,31.00,0.1300,0.8700,no
58745e71-1bd8-6168-6e85-762bb544ed3a,KXNEXTIRANLEADER-45JAN01-ALAR,2026-03-01T08:21:29.06124Z,4.00,0.1300,0.8700,no
1e85c2a1-6ee6-6bea-ba00-fda3bd710236,KXNEXTIRANLEADER-45JAN01-ALAR,2026-03-01T08:21:06.843258Z,25.00,0.1200,0.8800,yes
c017418a-a2da-438a-daed-c97adf5b7f57,KXNEXTIRANLEADER-45JAN01-ALAR,2026-03-01T08:20:48.106022Z,1.00,0.1300,0.8700,yes
a970ba62-1eed-4c40-f3dd-498e949cff8a,KXNEXTIRANLEADER-45JAN01-ALAR,2026-03-01T08:20:48.106022Z,29.00,0.1400,0.8600,yes
8120fb43-c192-44db-fcb9-818ed8898c39,KXNEXTIRANLEADER-45JAN01-ALAR,2026-03-01T08:20:48.106022Z,120.00,0.1400,0.8600,yes
60a496f8-a4ce-4c03-fccc-f0add0526ae3,KXNEXTIRANLEADER-45JAN01-ALAR,2026-03-01T08:20:48.106022Z,55.00,0.1300,0.8700,yes
407bfec5-0114-4787-f2e1-99c06e9c0c9d,KXNEXTIRANLEADER-45JAN01-ALAR,2026-03-01T08:20:48.106022Z,29.00,0.1400,0.8600,yes
38928bf9-d2cf-4980-e9aa-3c99b3db5985,KXNEXTIRANLEADER-45JAN01-ALAR,2026-03-01T08:20:48.106022Z,16.00,0.1400,0.8600,yes
346f00b1-227c-4ea8-d9d1-c4d01686b373,KXNEXTIRANLEADER-45JAN01-ALAR,2026-03-01T08:20:48.106022Z,100.00,0.1300,0.8700,yes
241ba58e-48df-4afb-ea1d-fc52a90e4ca8,KXNEXTIRANLEADER-45JAN01-ALAR,2026-03-01T08:20:48.106022Z,25.00,0.1200,0.8800,yes
220fd3fe-ef53-4a31-ef59-5d3023bfbd0a,KXNEXTIRANLEADER-45JAN01-ALAR,2026-03-01T08:20:48.106022Z,111.00,0.1400,0.8600,yes
45f930d5-87e3-645e-fb8e-bdab8206fb4c,KXNEXTIRANLEADER-45JAN01-ALAR,2026-03-01T08:20:28.996218Z,5.00,0.1100,0.8900,no
9c90a910-b213-408e-3469-276d350da9a0,KXNEXTIRANLEADER-45JAN01-ALAR,2026-03-01T08:20:28.96583Z,16.00,0.1100,0.8900,no
ec8a429b-9238-67e7-d01a-836174d5a782,KXNEXTIRANLEADER-45JAN01-ALAR,2026-03-01T08:19:04.651864Z,45.00,0.1200,0.8800,yes
b1e7a4dd-2ab5-6e4b-e335-ecd6c8e076c0,KXNEXTIRANLEADER-45JAN01-ALAR,2026-03-01T08:19:04.651864Z,12.00,0.1200,0.8800,yes
ae1b0605-8f90-6788-e6d8-be68bcdbf77b,KXNEXTIRANLEADER-45JAN01-ALAR,2026-03-01T08:19:04.651864Z,50.00,0.1100,0.8900,yes
94232c7d-d733-67c0-d4b0-230fd9066b1f,KXNEXTIRANLEADER-45JAN01-ALAR,2026-03-01T08:19:04.651864Z,2.00,0.1100,0.8900,yes
87e0b793-08ed-61d4-ed68-ef5965e929a8,KXNEXTIRANLEADER-45JAN01-ALAR,2026-03-01T08:19:04.651864Z,20.00,0.1100,0.8900,yes
33a1d603-6f80-6991-e240-0fba203dad9a,KXNEXTIRANLEADER-45JAN01-ALAR,2026-03-01T08:19:04.651864Z,35.00,0.1100,0.8900,yes
0cde10c1-0674-69d7-dd34-c88717494d2c,KXNEXTIRANLEADER-45JAN01-ALAR,2026-03-01T08:19:04.651864Z,1000.00,0.1200,0.8800,yes
033c3ec2-d3f4-63fd-d955-cef381e8f831,KXNEXTIRANLEADER-45JAN01-ALAR,2026-03-01T08:19:04.651864Z,5.00,0.1200,0.8800,yes
7c664395-9708-5637-c832-e1a555dcfb21,KXNEXTIRANLEADER-45JAN01-ALAR,2026-03-01T08:18:37.237507Z,25.00,0.1000,0.9000,yes
d4bce2c8-fd5b-4e23-bdc5-7997404ae104,KXNEXTIRANLEADER-45JAN01-ALAR,2026-03-01T08:17:58.653165Z,3.00,0.0900,0.9100,no
9e12b223-7978-4f72-bfb6-c34bc85309cc,KXNEXTIRANLEADER-45JAN01-ALAR,2026-03-01T08:17:58.653165Z,15.00,0.0900,0.9100,no
2c7b4bdc-a26e-4b6f-989a-91e56f3b2ecf,KXNEXTIRANLEADER-45JAN01-ALAR,2026-03-01T08:17:58.653165Z,5.00,0.0900,0.9100,no
26fc885a-8ae7-4c9b-8bc4-9e0d0542b8ca,KXNEXTIRANLEADER-45JAN01-ALAR,2026-03-01T08:17:58.653165Z,2.00,0.0900,0.9100,no
0c4e4951-30bc-6bfe-691d-53778c83cdfc,KXNEXTIRANLEADER-45JAN01-ALAR,2026-03-01T08:16:33.512771Z,2.00,0.0900,0.9100,no
ba09c3de-4124-6332-04cf-d4d505acb304,KXNEXTIRANLEADER-45JAN01-ALAR,2026-03-01T08:13:40.169804Z,3.00,0.0900,0.9100,no
e07a9913-b034-5322-7750-39d770d495e8,KXNEXTIRANLEADER-45JAN01-ALAR,2026-03-01T08:12:28.661348Z,5.00,0.0900,0.9100,no
ea3b3163-d3f0-5670-a9d1-bbc7abd0fab0,KXNEXTIRANLEADER-45JAN01-ALAR,2026-03-01T08:11:17.149809Z,25.00,0.1000,0.9000,yes
d4698eff-3f18-5e31-9d51-7fd576866b66,KXNEXTIRANLEADER-45JAN01-ALAR,2026-03-01T08:11:17.149809Z,20.00,0.1100,0.8900,yes
9abdf0c3-55cd-506a-cf8c-f3e30f2d9580,KXNEXTIRANLEADER-45JAN01-ALAR,2026-03-01T08:10:13.244986Z,10.00,0.1000,0.9000,yes
1f0a9d2c-b66d-53ca-e51e-879fffa529e0,KXNEXTIRANLEADER-45JAN01-ALAR,2026-03-01T08:08:09.252916Z,4.00,0.1000,0.9000,yes
617dd9ae-bfbb-548f-ab01-ed32f2d9801c,KXNEXTIRANLEADER-45JAN01-ALAR,2026-03-01T08:02:46.604762Z,408.00,0.0800,0.9200,no
899d5e1e-0e7f-4ce7-0477-3de482a861cc,KXNEXTIRANLEADER-45JAN01-ALAR,2026-03-01T08:00:11.581013Z,14.00,0.0800,0.9200,no
34f8f5e7-8315-616e-9b52-415acb7eb6c0,KXNEXTIRANLEADER-45JAN01-ALAR,2026-03-01T07:59:57.656816Z,7.00,0.1000,0.9000,yes
cdc5d5f7-a43f-5d5f-54eb-26764d4af608,KXNEXTIRANLEADER-45JAN01-ALAR,2026-03-01T07:59:24.500345Z,119.00,0.0800,0.9200,no
7bc1c61f-5ce5-5f6d-48ed-a26ecd351c9c,KXNEXTIRANLEADER-45JAN01-ALAR,2026-03-01T07:59:24.500345Z,168.00,0.0900,0.9100,no
446a3bcb-dd43-5af4-629e-f57ea4b3c1d1,KXNEXTIRANLEADER-45JAN01-ALAR,2026-03-01T07:59:24.500345Z,8.00,0.0900,0.9100,no
42d3f8a2-71a6-5eba-6059-73a4c60ce996,KXNEXTIRANLEADER-45JAN01-ALAR,2026-03-01T07:59:24.500345Z,50.00,0.0900,0.9100,no
076b135a-eb8f-572f-7766-4bbdfbbf1d69,KXNEXTIRANLEADER-45JAN01-ALAR,2026-03-01T07:59:24.500345Z,55.00,0.0900,0.9100,no
8d7eea0e-4f23-4000-85c4-a4263bba5f48,KXNEXTIRANLEADER-45JAN01-ALAR,2026-03-01T07:59:06.199131Z,25.00,0.1000,0.9000,no
e090936e-5eb0-401b-c01a-5677954154e4,KXNEXTIRANLEADER-45JAN01-ALAR,2026-03-01T07:57:20.572014Z,25.00,0.1000,0.9000,yes
af2ea2da-ca4a-468d-f4aa-95f007bb6240,KXNEXTIRANLEADER-45JAN01-ALAR,2026-03-01T07:57:20.572014Z,32.00,0.1200,0.8800,yes
9e10321d-d7c9-4822-fadb-a1e0be283202,KXNEXTIRANLEADER-45JAN01-ALAR,2026-03-01T07:57:20.572014Z,55.00,0.1100,0.8900,yes
825f735f-dd63-4de5-d35e-577958441f5c,KXNEXTIRANLEADER-45JAN01-ALAR,2026-03-01T07:57:20.572014Z,20.00,0.1100,0.8900,yes
64fe2d40-7d3c-4b1e-fce3-250ef88da0f4,KXNEXTIRANLEADER-45JAN01-ALAR,2026-03-01T07:57:20.572014Z,22.00,0.1100,0.8900,yes
09df6387-9490-4790-fb67-23b4efebba38,KXNEXTIRANLEADER-45JAN01-ALAR,2026-03-01T07:57:20.572014Z,250.00,0.1200,0.8800,yes
12edcdcf-4041-5135-a7ed-9cf734c68e08,KXNEXTIRANLEADER-45JAN01-ALAR,2026-03-01T07:56:53.620285Z,22.00,0.0900,0.9100,no
0e8c806d-8e9d-4799-a08a-4953768b355c,KXNEXTIRANLEADER-45JAN01-ALAR,2026-03-01T07:55:41.153729Z,10.00,0.0900,0.9100,no
54a37c14-9ebb-4507-29ae-64ebafefb150,KXNEXTIRANLEADER-45JAN01-ALAR,2026-03-01T07:53:39.453926Z,5.00,0.0800,0.9200,no
79d24349-ecca-4760-07f9-a422fe1b134f,KXNEXTIRANLEADER-45JAN01-ALAR,2026-03-01T07:53:23.259998Z,13.00,0.1000,0.9000,yes
0e73b48b-dffb-5daf-6682-c8de83a406a0,KXNEXTIRANLEADER-45JAN01-ALAR,2026-03-01T07:52:44.791843Z,10.00,0.0800,0.9200,no
8955f6e8-b03f-5fa7-e054-f09892643d48,KXNEXTIRANLEADER-45JAN01-ALAR,2026-03-01T07:51:51.088507Z,9.00,0.0800,0.9200,no
f08be922-057e-61ac-9e93-55cea1e9738f,KXNEXTIRANLEADER-45JAN01-ALAR,2026-03-01T07:51:29.668772Z,9.00,0.1000,0.9000,yes
397bfa49-e5df-59f3-4ba9-c91ec11f4234,KXNEXTIRANLEADER-45JAN01-ALAR,2026-03-01T07:50:03.301094Z,20.00,0.0800,0.9200,no
d6106c67-a1ff-6a7d-7af4-8fa0ab6218f8,KXNEXTIRANLEADER-45JAN01-ALAR,2026-03-01T07:49:33.153754Z,7.00,0.0800,0.9200,no
77c0a6de-56b6-64ca-765e-156d2ec37af3,KXNEXTIRANLEADER-45JAN01-ALAR,2026-03-01T07:49:33.153754Z,15.00,0.0800,0.9200,no
223bb022-d034-6ef8-5f3a-407e2d5f1f59,KXNEXTIRANLEADER-45JAN01-ALAR,2026-03-01T07:49:33.153754Z,5.00,0.0800,0.9200,no
17a371d3-a9bb-63cf-43fe-5a4a8eb3a920,KXNEXTIRANLEADER-45JAN01-ALAR,2026-03-01T07:49:33.153754Z,32.00,0.0800,0.9200,no
ff779d53-df5e-5f6c-c873-763903c6f98e,KXNEXTIRANLEADER-45JAN01-ALAR,2026-03-01T07:48:35.275499Z,13.00,0.0800,0.9200,no
d96c1104-8c4a-59ee-d9f8-1c81cd2d241c,KXNEXTIRANLEADER-45JAN01-ALAR,2026-03-01T07:48:35.275499Z,1.00,0.0800,0.9200,no
d62ef746-7af8-55c8-f268-79503d8a594a,KXNEXTIRANLEADER-45JAN01-ALAR,2026-03-01T07:48:35.275499Z,15.00,0.0800,0.9200,no
1e317205-38c0-5c1a-dfe8-a4ecc2d9e5dc,KXNEXTIRANLEADER-45JAN01-ALAR,2026-03-01T07:48:35.275499Z,25.00,0.0900,0.9100,no
cea3bded-538d-6ef9-f997-9d14c014003f,KXNEXTIRANLEADER-45JAN01-ALAR,2026-03-01T07:48:34.047165Z,25.00,0.0900,0.9100,no
3519cd8b-acf4-672e-51a3-7f7c2aac749f,KXNEXTIRANLEADER-45JAN01-ALAR,2026-03-01T07:47:39.951425Z,20.00,0.0900,0.9100,yes
f8f176f3-e99e-6ae0-f548-cfc05c369312,KXNEXTIRANLEADER-45JAN01-ALAR,2026-03-01T07:47:20.439316Z,7.00,0.0800,0.9200,no
e96edd59-8c38-78ff-064d-88a8c2dc4dca,KXNEXTIRANLEADER-45JAN01-ALAR,2026-03-01T07:47:19.223435Z,3.00,0.0800,0.9200,no
7ba28743-7f1e-71f0-0099-ea1cf9cd6ac6,KXNEXTIRANLEADER-45JAN01-ALAR,2026-03-01T07:47:19.223435Z,12.00,0.0800,0.9200,no
dcd82ab7-a7c8-754b-78c1-0de1a62864f6,KXNEXTIRANLEADER-45JAN01-ALAR,2026-03-01T07:47:17.989281Z,5.00,0.0800,0.9200,no
e401899b-f39c-45d3-161a-d05a87fb76fe,KXNEXTIRANLEADER-45JAN01-ALAR,2026-03-01T07:47:16.764129Z,15.00,0.0800,0.9200,no
1aea214b-4ca5-6798-800a-a210cde257a7,KXNEXTIRANLEADER-45JAN01-ALAR,2026-03-01T07:47:15.524306Z,15.00,0.0800,0.9200,no
e848961a-4092-4507-a8ab-e4bb46adb062,KXNEXTIRANLEADER-45JAN01-ALAR,2026-03-01T07:47:14.29169Z,1.00,0.0800,0.9200,no
80f34853-6561-4d28-a519-c7fa583885da,KXNEXTIRANLEADER-45JAN01-ALAR,2026-03-01T07:47:14.29169Z,21.00,0.0800,0.9200,no
6ad6e405-fe9c-4aa9-9751-d78c73e77c55,KXNEXTIRANLEADER-45JAN01-ALAR,2026-03-01T07:47:14.29169Z,32.00,0.0800,0.9200,no
3dceb716-9711-412c-bc8f-757ec40b3b03,KXNEXTIRANLEADER-45JAN01-ALAR,2026-03-01T07:47:14.29169Z,10.00,0.0800,0.9200,no
7b4231d5-27f0-4c35-60f4-94e0f749feb1,KXNEXTIRANLEADER-45JAN01-ALAR,2026-03-01T07:47:13.064426Z,23.00,0.0800,0.9200,no
de434f5b-808d-53e2-7fcb-7e638988910a,KXNEXTIRANLEADER-45JAN01-ALAR,2026-03-01T07:47:05.972793Z,55.00,0.1000,0.9000,yes
d23c810d-7050-589c-6d73-f13b49834077,KXNEXTIRANLEADER-45JAN01-ALAR,2026-03-01T07:47:05.972793Z,16.00,0.1100,0.8900,yes
afded242-b03d-5c7a-5efb-0df87c08b254,KXNEXTIRANLEADER-45JAN01-ALAR,2026-03-01T07:47:05.972793Z,506.00,0.1100,0.8900,yes
a05ef5a0-20c6-5820-4bdd-383f582a5a50,KXNEXTIRANLEADER-45JAN01-ALAR,2026-03-01T07:47:05.972793Z,12.00,0.0900,0.9100,yes
900c2d4f-b5e3-5606-704b-08891eabe1b9,KXNEXTIRANLEADER-45JAN01-ALAR,2026-03-01T07:47:05.972793Z,25.00,0.0900,0.9100,yes
85fdb398-a176-5335-70f3-35fa37757374,KXNEXTIRANLEADER-45JAN01-ALAR,2026-03-01T07:47:05.972793Z,54.00,0.1000,0.9000,yes
79bbc2f8-9e8e-59a1-599b-a22126415d6a,KXNEXTIRANLEADER-45JAN01-ALAR,2026-03-01T07:47:05.972793Z,95.00,0.1100,0.8900,yes
55456412-85d3-5111-613f-9f5ace76c870,KXNEXTIRANLEADER-45JAN01-ALAR,2026-03-01T07:47:05.972793Z,138.00,0.1100,0.8900,yes
407e7899-fef4-568b-7623-0e8ea33a5bd7,KXNEXTIRANLEADER-45JAN01-ALAR,2026-03-01T07:47:05.972793Z,63.00,0.1100,0.8900,yes
33fb0d46-e5ed-5016-630d-02050640f886,KXNEXTIRANLEADER-45JAN01-ALAR,2026-03-01T07:47:05.972793Z,122.00,0.1100,0.8900,yes
bdbf6a0a-aebd-6e76-e35d-23309bf9d59f,KXNEXTIRANLEADER-45JAN01-ALAR,2026-03-01T07:46:24.169862Z,11.00,0.0800,0.9200,no
61495a61-f6d9-6048-ebb1-5700d64ab792,KXNEXTIRANLEADER-45JAN01-ALAR,2026-03-01T07:46:24.169862Z,4.00,0.0800,0.9200,no
a4980893-b601-4d80-401b-82911ff878c5,KXNEXTIRANLEADER-45JAN01-ALAR,2026-03-01T07:46:20.502416Z,17.00,0.0800,0.9200,no
9b357814-48e7-6873-b9e5-4febf5a4fcf1,KXNEXTIRANLEADER-45JAN01-ALAR,2026-03-01T07:43:20.526781Z,13.00,0.1000,0.9000,yes
800c0a94-3d93-69fa-b230-bed8ea850701,KXNEXTIRANLEADER-45JAN01-ALAR,2026-03-01T07:43:20.526781Z,11.00,0.1000,0.9000,yes
1eebf394-15cf-6f34-b607-e4abbab5e468,KXNEXTIRANLEADER-45JAN01-ALAR,2026-03-01T07:43:20.526781Z,25.00,0.0900,0.9100,yes
54a6a715-e77d-59ee-c911-dff1bd785ce2,KXNEXTIRANLEADER-45JAN01-ALAR,2026-03-01T07:43:08.014035Z,640.00,0.0700,0.9300,no
923c2ad3-128d-5806-f178-755c0a00664e,KXNEXTIRANLEADER-45JAN01-ALAR,2026-03-01T07:42:23.859636Z,92.00,0.0700,0.9300,no
e7f0e9a1-8277-4f6a-1824-d5d88acfe0f2,KXNEXTIRANLEADER-45JAN01-ALAR,2026-03-01T07:41:15.029904Z,3.00,0.0800,0.9200,no
286aea41-202a-4f84-14ed-f6be635b4bb0,KXNEXTIRANLEADER-45JAN01-ALAR,2026-03-01T07:41:15.029904Z,55.00,0.0800,0.9200,no
282fbf0a-b191-4bab-05cf-4c3b32a3de2b,KXNEXTIRANLEADER-45JAN01-ALAR,2026-03-01T07:41:15.029904Z,13.00,0.0800,0.9200,no
483d7745-2993-4a4a-3195-9b4b53b8558a,KXNEXTIRANLEADER-45JAN01-ALAR,2026-03-01T07:41:08.274248Z,70.00,0.0800,0.9200,no
7140a645-b3ef-6fde-d77e-fb3e1db4a847,KXNEXTIRANLEADER-45JAN01-ALAR,2026-03-01T07:40:41.946562Z,55.00,0.0800,0.9200,no
563b6034-acf7-617a-c90a-cb20476b378e,KXNEXTIRANLEADER-45JAN01-ALAR,2026-03-01T07:40:41.946562Z,25.00,0.0800,0.9200,no
84bec1ed-264f-5859-59af-7644411ffa14,KXNEXTIRANLEADER-45JAN01-ALAR,2026-03-01T07:40:19.063265Z,25.00,0.0900,0.9100,no
698d8b3b-c23b-57fc-588e-8e229c6c483b,KXNEXTIRANLEADER-45JAN01-ALAR,2026-03-01T07:40:19.063265Z,7.00,0.0900,0.9100,no
3b05dd41-b4ba-5537-528c-23b29d2b4c3a,KXNEXTIRANLEADER-45JAN01-ALAR,2026-03-01T07:40:19.063265Z,25.00,0.0900,0.9100,no
6ab15ad3-e3e6-7a8f-dac7-23b93d412f62,KXNEXTIRANLEADER-45JAN01-ALAR,2026-03-01T07:40:08.952435Z,56.00,0.0900,0.9100,no
7a5728e4-bc86-41bb-8f0e-d7b446f4ccd6,KXNEXTIRANLEADER-45JAN01-ALAR,2026-03-01T07:40:05.688534Z,14.00,0.0900,0.9100,no
af79b33c-32e6-7487-7c5c-7b8141298ad2,KXNEXTIRANLEADER-45JAN01-ALAR,2026-03-01T07:40:04.444232Z,80.00,0.0900,0.9100,no
9f339aff-d57e-7473-b7bd-31467f3af84f,KXNEXTIRANLEADER-45JAN01-ALAR,2026-03-01T07:39:42.175342Z,25.00,0.0900,0.9100,yes
addeae2a-910b-4fb5-b850-2d400bd8ed09,KXNEXTIRANLEADER-45JAN01-ALAR,2026-03-01T07:38:12.728613Z,15.00,0.0800,0.9200,no
ab5d67a3-7078-4298-9041-a23ae20dc5cc,KXNEXTIRANLEADER-45JAN01-ALAR,2026-03-01T07:38:12.728613Z,25.00,0.0800,0.9200,no
6bc9960f-18a3-4917-a519-8bcaf69eb69f,KXNEXTIRANLEADER-45JAN01-ALAR,2026-03-01T07:38:12.728613Z,55.00,0.0800,0.9200,no
82752f20-1af4-5e8c-53d1-dee5ec6aa257,KXNEXTIRANLEADER-45JAN01-ALAR,2026-03-01T07:38:01.871173Z,25.00,0.0800,0.9200,no
aa7bbed8-a25a-7e20-c288-98feacafae09,KXNEXTIRANLEADER-45JAN01-ALAR,2026-03-01T07:37:59.281602Z,55.00,0.1000,0.9000,yes
a729963a-7f49-75aa-c698-5ee1253abb5e,KXNEXTIRANLEADER-45JAN01-ALAR,2026-03-01T07:37:59.281602Z,785.00,0.1100,0.8900,yes
7a81054a-2201-7687-e907-e43d32227a8b,KXNEXTIRANLEADER-45JAN01-ALAR,2026-03-01T07:37:59.281602Z,25.00,0.0900,0.9100,yes
9d3eab99-bf1d-56b2-fc50-6092a356e466,KXNEXTIRANLEADER-45JAN01-ALAR,2026-03-01T07:37:51.712645Z,91.00,0.0700,0.9300,no
fa304746-a4b9-44ae-1a7a-2371ace99836,KXNEXTIRANLEADER-45JAN01-ALAR,2026-03-01T07:37:50.486856Z,69.00,0.0700,0.9300,no
8b2f9d79-eba9-777e-2387-a7a3c7678635,KXNEXTIRANLEADER-45JAN01-ALAR,2026-03-01T07:37:49.253245Z,55.00,0.0800,0.9200,no
33064b89-da9a-71f2-1b09-c48ee815a6a5,KXNEXTIRANLEADER-45JAN01-ALAR,2026-03-01T07:37:49.253245Z,22.00,0.0800,0.9200,no
7810abe7-2689-51b5-4c87-61cc3d510433,KXNEXTIRANLEADER-45JAN01-ALAR,2026-03-01T07:37:09.232142Z,16.00,0.0800,0.9200,no
1a769fda-ffd2-574d-4f57-0c7b2c5141ad,KXNEXTIRANLEADER-45JAN01-ALAR,2026-03-01T07:37:09.232142Z,12.00,0.0800,0.9200,no
1307cdbb-4bc1-554d-7ca7-2414962b21f3,KXNEXTIRANLEADER-45JAN01-ALAR,2026-03-01T07:37:09.232142Z,55.00,0.0800,0.9200,no
8b5d27fc-8cf0-56d0-8b6d-7bad48ac7de5,KXNEXTIRANLEADER-45JAN01-ALAR,2026-03-01T07:36:51.048175Z,27.00,0.1100,0.8900,yes
7b2b158e-b9b6-5d93-91c7-b93ada409eec,KXNEXTIRANLEADER-45JAN01-ALAR,2026-03-01T07:36:51.048175Z,11.00,0.1100,0.8900,yes
77657c48-bf4c-5722-91ad-df27f0f9c08c,KXNEXTIRANLEADER-45JAN01-ALAR,2026-03-01T07:36:51.048175Z,185.00,0.1000,0.9000,yes
541fd552-f9f5-5474-a05e-2ff3fcb5605c,KXNEXTIRANLEADER-45JAN01-ALAR,2026-03-01T07:36:51.048175Z,55.00,0.1000,0.9000,yes
5331527e-af6c-5911-9f76-5e79f698ddd4,KXNEXTIRANLEADER-45JAN01-ALAR,2026-03-01T07:36:51.048175Z,63.00,0.1000,0.9000,yes
447e1905-5d80-5fbb-9c03-167e71022af2,KXNEXTIRANLEADER-45JAN01-ALAR,2026-03-01T07:36:51.048175Z,4.00,0.0900,0.9100,yes
33884b06-d33d-5c42-b169-af12416c5a02,KXNEXTIRANLEADER-45JAN01-ALAR,2026-03-01T07:36:51.048175Z,93.00,0.1100,0.8900,yes
2eaaecaa-b24b-55c6-a6fb-f340bd87b3c5,KXNEXTIRANLEADER-45JAN01-ALAR,2026-03-01T07:36:51.048175Z,21.00,0.0900,0.9100,yes
c928b468-f794-5bc2-7733-b6c801792ee1,KXNEXTIRANLEADER-45JAN01-ALAR,2026-03-01T07:36:31.758048Z,25.00,0.0800,0.9200,no
2904b286-f04a-59a5-7091-4c122ed85738,KXNEXTIRANLEADER-45JAN01-ALAR,2026-03-01T07:36:31.758048Z,10.00,0.0800,0.9200,no
86ac891b-0ea5-77b6-d99c-bc7acbe3a9c6,KXNEXTIRANLEADER-45JAN01-ALAR,2026-03-01T07:36:29.526152Z,140.00,0.0700,0.9300,no
ee52189d-01b2-69d3-a408-3a3a7e500992,KXNEXTIRANLEADER-45JAN01-ALAR,2026-03-01T07:36:28.291705Z,19.00,0.0800,0.9200,no
db59d532-ed68-649c-a47a-3fbe497a3d9a,KXNEXTIRANLEADER-45JAN01-ALAR,2026-03-01T07:36:28.291705Z,25.00,0.0800,0.9200,no
4b6e98bf-da7d-6f74-9da9-86907f8856d0,KXNEXTIRANLEADER-45JAN01-ALAR,2026-03-01T07:36:28.291705Z,5.00,0.0800,0.9200,no
178cf7d1-b5b8-6351-b926-b5af23986be8,KXNEXTIRANLEADER-45JAN01-ALAR,2026-03-01T07:36:28.291705Z,36.00,0.0800,0.9200,no
d3f1fa48-fb5f-5870-4a9a-1b271686cfee,KXNEXTIRANLEADER-45JAN01-ALAR,2026-03-01T07:36:27.067235Z,14.00,0.0800,0.9200,no
8a9483a4-4794-5351-56d7-6af21dd39018,KXNEXTIRANLEADER-45JAN01-ALAR,2026-03-01T07:36:27.067235Z,19.00,0.0800,0.9200,no
fecf244f-8827-4d0c-33c7-b60dc6a9e532,KXNEXTIRANLEADER-45JAN01-ALAR,2026-03-01T07:36:18.971108Z,67.00,0.0800,0.9200,no
9990e41e-13fb-40b8-df35-1346f5dabdba,KXNEXTIRANLEADER-45JAN01-ALAR,2026-03-01T07:36:17.735199Z,42.00,0.0800,0.9200,no
5a3ea98e-a8d0-754b-5dc9-127f775f7282,KXNEXTIRANLEADER-45JAN01-ALAR,2026-03-01T07:35:58.581689Z,21.00,0.0900,0.9100,yes
536b3af5-56bf-79c3-62c6-ec42ce24dd5d,KXNEXTIRANLEADER-45JAN01-ALAR,2026-03-01T07:35:58.581689Z,4.00,0.0900,0.9100,yes
caadd5bd-8ff3-79a4-f509-b931a8c980f2,KXNEXTIRANLEADER-45JAN01-ALAR,2026-03-01T07:34:46.285814Z,3.00,0.0800,0.9200,no
7e1e15ba-76ea-7c0a-df91-126f12366f36,KXNEXTIRANLEADER-45JAN01-ALAR,2026-03-01T07:34:46.285814Z,5.00,0.0800,0.9200,no
2b7f4045-b327-7e2e-c771-70dba6c32203,KXNEXTIRANLEADER-45JAN01-ALAR,2026-03-01T07:34:46.285814Z,25.00,0.0800,0.9200,no
f48d513b-9125-784c-3d6e-5a339355e376,KXNEXTIRANLEADER-45JAN01-ALAR,2026-03-01T07:34:28.329329Z,19.00,0.0800,0.9200,no
717a56f3-570d-7b04-031e-2f75e9de47ca,KXNEXTIRANLEADER-45JAN01-ALAR,2026-03-01T07:34:12.731775Z,20.00,0.0800,0.9200,no
3d2cd7b5-68dd-76e9-133e-f463e09678b6,KXNEXTIRANLEADER-45JAN01-ALAR,2026-03-01T07:34:12.731775Z,4.00,0.0800,0.9200,no
08b84c01-8589-40a9-cd84-9cf428995bf6,KXNEXTIRANLEADER-45JAN01-ALAR,2026-03-01T07:33:43.901144Z,3.00,0.0800,0.9200,no
d73e5f89-8c21-5129-f1c1-7637c833f966,KXNEXTIRANLEADER-45JAN01-ALAR,2026-03-01T07:33:29.582231Z,105.00,0.0800,0.9200,no
10116f21-5e95-5ca5-f2ad-c88efb60119e,KXNEXTIRANLEADER-45JAN01-ALAR,2026-03-01T07:33:15.320075Z,91.00,0.0800,0.9200,no
8d83a936-8ce9-4aa5-1269-2a4688507326,KXNEXTIRANLEADER-45JAN01-ALAR,2026-03-01T07:32:53.385946Z,16.00,0.0800,0.9200,no
8a0f46cf-5c73-5397-4b91-e926c6920bc1,KXNEXTIRANLEADER-45JAN01-ALAR,2026-03-01T07:32:38.199998Z,16.00,0.0900,0.9100,yes
0403e7eb-827a-5026-4843-abd6e6cf41ad,KXNEXTIRANLEADER-45JAN01-ALAR,2026-03-01T07:32:38.199998Z,25.00,0.0900,0.9100,yes
d0e9fab4-1f9b-596b-3c29-2fd2c6c8aec7,KXNEXTIRANLEADER-45JAN01-ALAR,2026-03-01T07:32:28.258382Z,5.00,0.0800,0.9200,no
afa23efa-b4fa-5263-2ddd-b1dfa79c5c9c,KXNEXTIRANLEADER-45JAN01-ALAR,2026-03-01T07:32:28.258382Z,19.00,0.0800,0.9200,no
fe4bf92a-ff67-666f-ae32-23f650f097af,KXNEXTIRANLEADER-45JAN01-ALAR,2026-03-01T07:32:27.027593Z,1.00,0.0800,0.9200,no
e8fefb7c-bfb5-6541-b455-9041c3711d80,KXNEXTIRANLEADER-45JAN01-ALAR,2026-03-01T07:32:27.027593Z,22.00,0.0800,0.9200,no
a070bf1e-6599-60b1-b558-27e33e115a2b,KXNEXTIRANLEADER-45JAN01-ALAR,2026-03-01T07:32:27.027593Z,20.00,0.0800,0.9200,no
29029efd-19d8-633d-bdf9-52415184896d,KXNEXTIRANLEADER-45JAN01-ALAR,2026-03-01T07:32:27.027593Z,11.00,0.0800,0.9200,no
d57ca9f4-5a59-4bad-41f0-ab1288bca270,KXNEXTIRANLEADER-45JAN01-ALAR,2026-03-01T07:32:21.879174Z,13.00,0.0800,0.9200,no
72f800e8-49fa-4bbc-5770-0350f462ca55,KXNEXTIRANLEADER-45JAN01-ALAR,2026-03-01T07:32:21.879174Z,19.00,0.0800,0.9200,no
3331be0f-2ea7-4dbf-69d3-8171a9a582e8,KXNEXTIRANLEADER-45JAN01-ALAR,2026-03-01T07:32:21.879174Z,63.00,0.0800,0.9200,no
c75b98bd-5a4b-5c4b-4b91-e7fbe2da0fe4,KXNEXTIRANLEADER-45JAN01-ALAR,2026-03-01T07:32:20.64877Z,114.00,0.0800,0.9200,no
7c67b9b9-f5a7-5373-b0ea-9ace0ee69e6c,KXNEXTIRANLEADER-45JAN01-ALAR,2026-03-01T07:32:13.268304Z,30.00,0.0800,0.9200,no
0323f34a-41f7-4113-53f6-8824393297c0,KXNEXTIRANLEADER-45JAN01-ALAR,2026-03-01T07:32:00.715571Z,56.00,0.0800,0.9200,no
8aed6606-7bed-4212-b00c-8409b7e33cc0,KXNEXTIRANLEADER-45JAN01-ALAR,2026-03-01T07:31:57.376435Z,42.00,0.1000,0.9000,yes
7e242ef6-1789-44e0-8365-7f0195d10f92,KXNEXTIRANLEADER-45JAN01-ALAR,2026-03-01T07:31:57.376435Z,14.00,0.1000,0.9000,yes
63da67ce-d5dc-45a2-bbfa-f6199e42fe58,KXNEXTIRANLEADER-45JAN01-ALAR,2026-03-01T07:31:57.376435Z,15.00,0.1000,0.9000,yes
5fdae702-807f-4166-b659-d24f7d602745,KXNEXTIRANLEADER-45JAN01-ALAR,2026-03-01T07:31:57.376435Z,25.00,0.0900,0.9100,yes
48a8cc73-f277-73df-2b3e-f6291e555290,KXNEXTIRANLEADER-45JAN01-ALAR,2026-03-01T07:31:56.61441Z,23.00,0.0800,0.9200,no
d7bde17a-5b9b-5557-cb42-37ea9c9623c0,KXNEXTIRANLEADER-45JAN01-ALAR,2026-03-01T07:31:55.39364Z,34.00,0.0800,0.9200,no
f4e10a8e-d90e-7984-3336-eeb84ad0a8d7,KXNEXTIRANLEADER-45JAN01-ALAR,2026-03-01T07:31:39.405079Z,7.00,0.0800,0.9200,no
ed31b3f9-9547-795f-008b-4c3061063460,KXNEXTIRANLEADER-45JAN01-ALAR,2026-03-01T07:31:39.405079Z,20.00,0.0800,0.9200,no
52ea69a5-f22e-7c73-1bd5-1e0a162de1b2,KXNEXTIRANLEADER-45JAN01-ALAR,2026-03-01T07:31:39.405079Z,2.00,0.0800,0.9200,no
36dfa509-474e-7e86-1574-66b5efc20151,KXNEXTIRANLEADER-45JAN01-ALAR,2026-03-01T07:31:39.405079Z,40.00,0.0800,0.9200,no
0f7f18b9-042f-78c3-0d54-0431152b7384,KXNEXTIRANLEADER-45JAN01-ALAR,2026-03-01T07:31:39.405079Z,3.00,0.0800,0.9200,no
64a726a9-351e-782a-5a81-d2eb67728e61,KXNEXTIRANLEADER-45JAN01-ALAR,2026-03-01T07:31:29.591525Z,2.00,0.0800,0.9200,no
ef20fea8-8fbd-4bdd-5c35-547cb96851ea,KXNEXTIRANLEADER-45JAN01-ALAR,2026-03-01T07:27:12.007845Z,25.00,0.0900,0.9100,no
cbf33bce-5e7e-4572-48c5-4327e630dc6d,KXNEXTIRANLEADER-45JAN01-ALAR,2026-03-01T07:27:12.007845Z,13.00,0.0800,0.9200,no
bf055926-5d59-46e7-6e25-83db2f795f19,KXNEXTIRANLEADER-45JAN01-ALAR,2026-03-01T07:27:12.007845Z,35.00,0.0800,0.9200,no
3f492b58-ea81-6e5e-f3b8-4018f03d7f4c,KXNEXTIRANLEADER-45JAN01-ALAR,2026-03-01T07:26:40.68074Z,18.00,0.1000,0.9000,yes
51b67e53-938d-7c1e-e9d8-5e08fe12032e,KXNEXTIRANLEADER-45JAN01-ALAR,2026-03-01T07:18:20.127623Z,9.00,0.1000,0.9000,yes
c3979c27-d2e9-51de-3680-0474c9879e96,KXNEXTIRANLEADER-45JAN01-ALAR,2026-03-01T07:18:04.549249Z,20.00,0.1000,0.9000,yes
e314d007-5a06-53e9-687e-a577af35751b,KXNEXTIRANLEADER-45JAN01-ALAR,2026-03-01T07:16:52.708743Z,8.00,0.0900,0.9100,yes
cfee2e14-01ea-5c14-7598-61b20251884e,KXNEXTIRANLEADER-45JAN01-ALAR,2026-03-01T07:16:52.708743Z,77.00,0.0900,0.9100,yes
c07c7d40-ea5c-5567-7909-fc8b767252d9,KXNEXTIRANLEADER-45JAN01-ALAR,2026-03-01T07:16:52.708743Z,41.00,0.0900,0.9100,yes
9b5eec37-4cee-5115-5572-750b4505206e,KXNEXTIRANLEADER-45JAN01-ALAR,2026-03-01T07:16:52.708743Z,97.00,0.1000,0.9000,yes
97ce5246-caf5-5e50-539f-6cc554e4bc8e,KXNEXTIRANLEADER-45JAN01-ALAR,2026-03-01T07:16:52.708743Z,15.00,0.0900,0.9100,yes
971383db-cb57-5f54-596d-ae8ef5bf60b0,KXNEXTIRANLEADER-45JAN01-ALAR,2026-03-01T07:16:52.708743Z,42.00,0.0900,0.9100,yes
8cc02fac-d227-5786-53b9-3d11e6678525,KXNEXTIRANLEADER-45JAN01-ALAR,2026-03-01T07:16:52.708743Z,25.00,0.0900,0.9100,yes
747116cf-15dd-5a8c-4e18-9f7d01735296,KXNEXTIRANLEADER-45JAN01-ALAR,2026-03-01T07:16:52.708743Z,1.00,0.0900,0.9100,yes
56548281-1a5d-571c-5432-ff79188bad53,KXNEXTIRANLEADER-45JAN01-ALAR,2026-03-01T07:16:52.708743Z,33.00,0.0900,0.9100,yes
42a65529-2ebb-5c7c-52f9-45cbd0ff09c3,KXNEXTIRANLEADER-45JAN01-ALAR,2026-03-01T07:16:52.708743Z,207.00,0.0900,0.9100,yes
4134c37c-da2c-54ed-59f1-c87eacfbf5df,KXNEXTIRANLEADER-45JAN01-ALAR,2026-03-01T07:16:52.708743Z,27.00,0.0900,0.9100,yes
26d331a4-5c8b-514e-7895-c5116cd3fdfc,KXNEXTIRANLEADER-45JAN01-ALAR,2026-03-01T07:16:52.708743Z,67.00,0.0900,0.9100,yes
192a0e73-9b19-5182-621f-e8e572eecd62,KXNEXTIRANLEADER-45JAN01-ALAR,2026-03-01T07:16:52.708743Z,341.00,0.1000,0.9000,yes
d53489fb-ca4f-7bd2-c6a2-c35da991dcb3,KXNEXTIRANLEADER-45JAN01-ALAR,2026-03-01T07:10:44.366474Z,3.00,0.0800,0.9200,no
1623acfb-7a29-774f-fb71-a832d1a33e89,KXNEXTIRANLEADER-45JAN01-ALAR,2026-03-01T07:10:44.366474Z,20.00,0.0800,0.9200,no
db55fc2e-f7d0-6637-e044-fbcac0832e99,KXNEXTIRANLEADER-45JAN01-ALAR,2026-03-01T07:08:15.986646Z,4.00,0.0800,0.9200,no
c9b3782b-4e8f-6f7e-ef36-c27679921d04,KXNEXTIRANLEADER-45JAN01-ALAR,2026-03-01T07:08:15.986646Z,55.00,0.0800,0.9200,no
c34a4e7a-cf8f-66ce-c2d0-ef49954b3591,KXNEXTIRANLEADER-45JAN01-ALAR,2026-03-01T07:08:15.986646Z,10.00,0.0800,0.9200,no
a2a1e4fd-38f3-6e41-d632-fd33350b8890,KXNEXTIRANLEADER-45JAN01-ALAR,2026-03-01T07:08:15.986646Z,2.00,0.0800,0.9200,no
7a829426-7b7e-680e-c92a-c6020d8e5d7b,KXNEXTIRANLEADER-45JAN01-ALAR,2026-03-01T07:08:15.986646Z,3.00,0.0700,0.9300,no
1d20104b-b079-640e-e921-dbe019f2b872,KXNEXTIRANLEADER-45JAN01-ALAR,2026-03-01T07:08:15.986646Z,354.00,0.0700,0.9300,no
b7fe7d9f-7896-55a3-e1ee-77a47545538d,KXNEXTIRANLEADER-45JAN01-ALAR,2026-03-01T07:08:01.169129Z,41.00,0.0800,0.9200,no
a5282ccc-0559-5553-db56-25685a2e4d4a,KXNEXTIRANLEADER-45JAN01-ALAR,2026-03-01T07:08:01.169129Z,16.00,0.0800,0.9200,no
09e6cbc5-725f-5bb9-dc8a-b161e00f4900,KXNEXTIRANLEADER-45JAN01-ALAR,2026-03-01T07:08:01.169129Z,10.00,0.0800,0.9200,no
0ad15f89-e0c2-73c7-fb50-04daf7b18301,KXNEXTIRANLEADER-45JAN01-ALAR,2026-03-01T07:06:20.928795Z,42.00,0.0800,0.9200,no
e929f629-84a2-40b3-bc00-eb3a99217319,KXNEXTIRANLEADER-45JAN01-ALAR,2026-03-01T07:05:41.493432Z,33.00,0.0800,0.9200,no
c7aaa6d8-d5cf-7a9c-2cbe-7afcfb2a336b,KXNEXTIRANLEADER-45JAN01-ALAR,2026-03-01T07:00:25.625812Z,2.00,0.0900,0.9100,yes
008b3f7f-ac57-6d70-b4fd-b05f3dae23ab,KXNEXTIRANLEADER-45JAN01-ALAR,2026-03-01T06:57:25.569714Z,104.00,0.0900,0.9100,yes
ab553a76-869a-5513-90c2-a2d74060e4c1,KXNEXTIRANLEADER-45JAN01-ALAR,2026-03-01T06:55:41.715217Z,1.00,0.0800,0.9200,no
e9080dd4-f47a-4279-2c69-ccbf8f56bf42,KXNEXTIRANLEADER-45JAN01-ALAR,2026-03-01T06:54:47.172164Z,189.00,0.0900,0.9100,yes
ac78fc93-5083-4264-0091-c1b1b40a21cb,KXNEXTIRANLEADER-45JAN01-ALAR,2026-03-01T06:54:47.172164Z,19.00,0.0900,0.9100,yes
b8b0d52c-6702-6603-8a82-7fa28b601011,KXNEXTIRANLEADER-45JAN01-ALAR,2026-03-01T06:53:48.840843Z,27.00,0.0800,0.9200,no
a0a6638b-1068-68e4-6a59-8be002eb0cda,KXNEXTIRANLEADER-45JAN01-ALAR,2026-03-01T06:53:10.273022Z,5.00,0.0900,0.9100,no
86da7bde-e24e-6647-59cf-18fd58b511c1,KXNEXTIRANLEADER-45JAN01-ALAR,2026-03-01T06:53:10.273022Z,189.00,0.0800,0.9200,no
81e43e15-3a2e-6cf1-6524-0f4ed6a1c938,KXNEXTIRANLEADER-45JAN01-ALAR,2026-03-01T06:53:10.273022Z,12.00,0.0800,0.9200,no
d15ad459-556b-530f-d632-e8ce513df73f,KXNEXTIRANLEADER-45JAN01-ALAR,2026-03-01T06:49:12.286788Z,47.00,0.1000,0.9000,yes
c84ec44c-56cf-43a3-142a-a72e3e118f97,KXNEXTIRANLEADER-45JAN01-ALAR,2026-03-01T06:49:04.912895Z,47.00,0.1000,0.9000,yes
68514bd5-f577-5fe7-5780-322544f1bd6f,KXNEXTIRANLEADER-45JAN01-ALAR,2026-03-01T06:48:57.378688Z,47.00,0.1000,0.9000,yes
33226cbc-b7ff-74eb-336f-256cb2c231eb,KXNEXTIRANLEADER-45JAN01-ALAR,2026-03-01T06:48:11.336342Z,47.00,0.1000,0.9000,yes
5f48cbd2-804f-4167-7c1e-e34739a01c77,KXNEXTIRANLEADER-45JAN01-ALAR,2026-03-01T06:47:53.33263Z,9.00,0.1000,0.9000,yes
1d9128f6-a91d-5f17-224e-9f4278865e4e,KXNEXTIRANLEADER-45JAN01-ALAR,2026-03-01T06:47:15.907576Z,24.00,0.0900,0.9100,no
0a457aa8-6111-5124-1142-7133f0ff3136,KXNEXTIRANLEADER-45JAN01-ALAR,2026-03-01T06:47:15.907576Z,7.00,0.0900,0.9100,no
bd73c898-27a7-7463-35fb-61d81e1b56c7,KXNEXTIRANLEADER-45JAN01-ALAR,2026-03-01T06:46:13.600383Z,18.00,0.1000,0.9000,yes
83ba3664-a2fb-433b-ad6b-15421848b233,KXNEXTIRANLEADER-45JAN01-ALAR,2026-03-01T06:44:51.219124Z,188.00,0.1000,0.9000,yes
ee3654e0-dcd3-5b37-b431-2fea8079556f,KXNEXTIRANLEADER-45JAN01-ALAR,2026-03-01T06:43:47.249683Z,9.00,0.1000,0.9000,yes
f512de6b-7aaf-7adf-9252-01724a73df73,KXNEXTIRANLEADER-45JAN01-ALAR,2026-03-01T06:43:46.873412Z,47.00,0.1000,0.9000,yes
875d048f-66ab-597b-ebfc-ecd1a2a4eb7b,KXNEXTIRANLEADER-45JAN01-ALAR,2026-03-01T06:43:02.384745Z,188.00,0.1000,0.9000,yes
88adeede-19c6-60ce-b03b-84e9bd42a3f7,KXNEXTIRANLEADER-45JAN01-ALAR,2026-03-01T06:42:42.16097Z,25.00,0.1000,0.9000,no
c81f664d-29a8-42c9-d902-087ef0854710,KXNEXTIRANLEADER-45JAN01-ALAR,2026-03-01T06:42:33.021386Z,924.00,0.0900,0.9100,no
8db97e99-60e2-4612-d4de-59a5e6cfd6ae,KXNEXTIRANLEADER-45JAN01-ALAR,2026-03-01T06:42:33.021386Z,125.00,0.0900,0.9100,no
8c8a7034-814b-48fa-e8e8-7b1d7942046f,KXNEXTIRANLEADER-45JAN01-ALAR,2026-03-01T06:42:33.021386Z,6.00,0.0900,0.9100,no
8bbe3777-fafe-4bf9-e9af-df3267d62f51,KXNEXTIRANLEADER-45JAN01-ALAR,2026-03-01T06:42:33.021386Z,6.00,0.1000,0.9000,no
728a241f-ecb0-45cb-f995-780f5da73586,KXNEXTIRANLEADER-45JAN01-ALAR,2026-03-01T06:42:33.021386Z,25.00,0.1000,0.9000,no
6b9af731-ac78-79ab-e811-eabc7d47a7ed,KXNEXTIRANLEADER-45JAN01-ALAR,2026-03-01T06:41:43.489156Z,17.00,0.1100,0.8900,yes
85be927d-8574-465c-6520-3a053a8acd62,KXNEXTIRANLEADER-45JAN01-ALAR,2026-03-01T06:39:17.482217Z,10.00,0.1000,0.9000,yes
3969128c-c3c6-4a0b-226b-2d1bc515c8ae,KXNEXTIRANLEADER-45JAN01-ALAR,2026-03-01T06:39:01.750769Z,18.00,0.1000,0.9000,yes
48b84593-c9e8-557f-d13b-74e981d719ed,KXNEXTIRANLEADER-45JAN01-ALAR,2026-03-01T06:36:01.432042Z,20.00,0.1100,0.8900,yes
41e11052-6c1b-5aee-d513-2d3004db5548,KXNEXTIRANLEADER-45JAN01-ALAR,2026-03-01T06:36:01.432042Z,25.00,0.1000,0.9000,yes
ad539852-17a4-5f33-d6ed-7f1db25ebf91,KXNEXTIRANLEADER-45JAN01-ALAR,2026-03-01T06:35:37.069359Z,11.00,0.1100,0.8900,yes
5a63a855-d91a-5405-eaa0-931189da79ec,KXNEXTIRANLEADER-45JAN01-ALAR,2026-03-01T06:35:37.069359Z,25.00,0.1000,0.9000,yes
a0d0d4b6-2e5c-5475-9afd-2eb69db08a18,KXNEXTIRANLEADER-45JAN01-ALAR,2026-03-01T06:34:32.031078Z,3.00,0.0900,0.9100,no
ca071506-9187-5a0a-f002-6fb3bc9b845b,KXNEXTIRANLEADER-45JAN01-ALAR,2026-03-01T06:33:54.095368Z,18.00,0.1000,0.9000,yes
af805a0d-a2d8-5deb-e122-846c8fbccc45,KXNEXTIRANLEADER-45JAN01-ALAR,2026-03-01T06:33:54.095368Z,3.00,0.1100,0.8900,yes
2f325a55-97ac-5fb1-f0ef-417201a4de55,KXNEXTIRANLEADER-45JAN01-ALAR,2026-03-01T06:33:54.095368Z,25.00,0.1000,0.9000,yes
fd3b9e10-93a9-5463-ad60-603f41659d6d,KXNEXTIRANLEADER-45JAN01-ALAR,2026-03-01T06:32:00.018123Z,7.00,0.1000,0.9000,no
0aa354da-98f5-55ca-83d1-38ea84f6f346,KXNEXTIRANLEADER-45JAN01-ALAR,2026-03-01T06:32:00.018123Z,9.00,0.1000,0.9000,no
ea0df88c-05fc-742a-fb6c-af786fbe7640,KXNEXTIRANLEADER-45JAN01-ALAR,2026-03-01T06:31:52.629223Z,21.00,0.1000,0.9000,no
e288ed53-abae-74eb-c634-984c67bc3bbb,KXNEXTIRANLEADER-45JAN01-ALAR,2026-03-01T06:31:52.629223Z,11.00,0.1000,0.9000,no
a567001c-34da-7ad3-fa40-1a63c4b024db,KXNEXTIRANLEADER-45JAN01-ALAR,2026-03-01T06:31:52.629223Z,16.00,0.1000,0.9000,no
a50967f9-bdeb-77b7-da5a-7f6da88b5dca,KXNEXTIRANLEADER-45JAN01-ALAR,2026-03-01T06:31:52.629223Z,4.00,0.1000,0.9000,no
8621a9f1-ccc8-7133-f347-bc834f95e853,KXNEXTIRANLEADER-45JAN01-ALAR,2026-03-01T06:31:52.629223Z,7.00,0.1000,0.9000,no
6bf9216c-e980-79b1-d9b2-d66118007ea8,KXNEXTIRANLEADER-45JAN01-ALAR,2026-03-01T06:31:52.629223Z,26.00,0.0900,0.9100,no
4cbcfca5-e05a-7816-fb7d-e6bc11d85414,KXNEXTIRANLEADER-45JAN01-ALAR,2026-03-01T06:31:52.629223Z,25.00,0.1000,0.9000,no
f52175c0-aae0-5976-44b7-54388a569d08,KXNEXTIRANLEADER-45JAN01-ALAR,2026-03-01T06:31:45.148373Z,4.00,0.1000,0.9000,no
33f11c8a-15dc-5ae3-67c6-d40a1bd43331,KXNEXTIRANLEADER-45JAN01-ALAR,2026-03-01T06:31:45.148373Z,9.00,0.1000,0.9000,no
1864d225-94a9-5502-5529-1d57cf319139,KXNEXTIRANLEADER-45JAN01-ALAR,2026-03-01T06:31:45.148373Z,3.00,0.1000,0.9000,no
4b1d2fca-8131-6852-6e8e-c549e3993635,KXNEXTIRANLEADER-45JAN01-ALAR,2026-03-01T06:30:33.165699Z,16.00,0.1000,0.9000,no
c469969e-c421-62b1-a81d-20cb75f3b6fd,KXNEXTIRANLEADER-45JAN01-ALAR,2026-03-01T06:30:31.925156Z,4.00,0.1000,0.9000,no
9a2244cd-fb89-6946-bdc7-1af45432b099,KXNEXTIRANLEADER-45JAN01-ALAR,2026-03-01T06:30:31.925156Z,7.00,0.1000,0.9000,no
61458347-1586-626c-8a9c-a935332257f8,KXNEXTIRANLEADER-45JAN01-ALAR,2026-03-01T06:30:31.925156Z,5.00,0.1000,0.9000,no
96db6a34-f1d4-7be3-4ed7-9ef0441d4f89,KXNEXTIRANLEADER-45JAN01-ALAR,2026-03-01T06:30:03.528784Z,4.00,0.1100,0.8900,yes
dc43bdee-0943-7923-6efb-9a97f07b68be,KXNEXTIRANLEADER-45JAN01-ALAR,2026-03-01T06:27:41.973775Z,18.00,0.1000,0.9000,no
89953f18-a8c1-7fb4-50d4-21a5888fb4d1,KXNEXTIRANLEADER-45JAN01-ALAR,2026-03-01T06:27:41.973775Z,25.00,0.1000,0.9000,no
2fe07906-9341-78bd-6c41-7d96632911a5,KXNEXTIRANLEADER-45JAN01-ALAR,2026-03-01T06:27:41.973775Z,7.00,0.1000,0.9000,no
bbcfd17b-d010-4e7d-957b-0de29a739cf4,KXNEXTIRANLEADER-45JAN01-ALAR,2026-03-01T06:27:30.807004Z,6.00,0.1000,0.9000,no
b8b3b02d-89af-4367-96b2-0b54a1cd06ee,KXNEXTIRANLEADER-45JAN01-ALAR,2026-03-01T06:27:30.807004Z,10.00,0.1000,0.9000,no
99ce34a8-3975-43bf-8f40-600bb8ed8755,KXNEXTIRANLEADER-45JAN01-ALAR,2026-03-01T06:27:30.807004Z,11.00,0.1000,0.9000,no
f7411d03-55e0-42e1-09da-2811517a0a2c,KXNEXTIRANLEADER-45JAN01-ALAR,2026-03-01T06:27:29.566625Z,10.00,0.1000,0.9000,no
bbc18702-57fc-6c50-5473-3774d287af36,KXNEXTIRANLEADER-45JAN01-ALAR,2026-03-01T06:25:13.246439Z,23.00,0.1100,0.8900,yes
0f770721-2404-63eb-4b4e-ef963a7ce09d,KXNEXTIRANLEADER-45JAN01-ALAR,2026-03-01T06:25:13.246439Z,148.00,0.1100,0.8900,yes
5314384c-af50-79a0-59ef-ccc32c40b5fe,KXNEXTIRANLEADER-45JAN01-ALAR,2026-03-01T06:23:45.157081Z,2.00,0.1100,0.8900,yes
8fe6e96e-3d54-4072-551a-d83b643364d9,KXNEXTIRANLEADER-45JAN01-ALAR,2026-03-01T06:23:10.785527Z,19.00,0.1000,0.9000,no
198b8359-4f95-4cdd-7b53-9a53691bb95b,KXNEXTIRANLEADER-45JAN01-ALAR,2026-03-01T06:23:10.785527Z,11.00,0.1000,0.9000,no
aabe75c5-76a9-7906-ea1d-d01569a0e097,KXNEXTIRANLEADER-45JAN01-ALAR,2026-03-01T06:22:51.652471Z,25.00,0.1100,0.8900,no
cd71a0ff-a61c-5c91-2c3d-e007e0428ba1,KXNEXTIRANLEADER-45JAN01-ALAR,2026-03-01T06:21:31.677766Z,17.00,0.1100,0.8900,yes
06df1254-5b51-553a-232d-aadd1bd2c061,KXNEXTIRANLEADER-45JAN01-ALAR,2026-03-01T06:21:31.677766Z,25.00,0.1100,0.8900,yes
a20e1927-386b-6ec8-4858-44349702b34a,KXNEXTIRANLEADER-45JAN01-ALAR,2026-03-01T06:19:35.061855Z,25.00,0.1100,0.8900,yes
865ebae4-bcbd-6c57-658e-88bca69926e7,KXNEXTIRANLEADER-45JAN01-ALAR,2026-03-01T06:19:35.061855Z,16.00,0.1200,0.8800,yes
dbbc6c7f-bf49-4429-a080-3cda7da69017,KXNEXTIRANLEADER-45JAN01-ALAR,2026-03-01T06:18:53.357493Z,28.00,0.1000,0.9000,no
d883cb38-1a62-42ec-84ab-7a00fcbf2ea5,KXNEXTIRANLEADER-45JAN01-ALAR,2026-03-01T06:18:53.357493Z,25.00,0.1100,0.8900,no
53d0714c-5e95-6c77-d582-401d4e43648f,KXNEXTIRANLEADER-45JAN01-ALAR,2026-03-01T06:18:22.497346Z,41.00,0.1200,0.8800,yes
7f0b3f70-0e08-6e5e-34ce-afa118127b4e,KXNEXTIRANLEADER-45JAN01-ALAR,2026-03-01T06:17:11.434872Z,1177.00,0.1200,0.8800,yes
f49edbd2-2dfd-55d1-7cc5-342b31a90aab,KXNEXTIRANLEADER-45JAN01-ALAR,2026-03-01T06:16:16.358739Z,16.00,0.1000,0.9000,no
e689af30-fa70-5452-6b69-4ab1301b5da4,KXNEXTIRANLEADER-45JAN01-ALAR,2026-03-01T06:16:16.358739Z,25.00,0.1100,0.8900,no
8b9840eb-69ea-5d4a-69be-b8a26c8c70fa,KXNEXTIRANLEADER-45JAN01-ALAR,2026-03-01T06:16:16.358739Z,6.00,0.1100,0.8900,no
50731a6f-1bf4-718a-86ee-115da89eb5f2,KXNEXTIRANLEADER-45JAN01-ALAR,2026-03-01T06:15:36.057424Z,11.00,0.1200,0.8800,yes
c10f402c-0df0-44da-ab41-8c070da64916,KXNEXTIRANLEADER-45JAN01-ALAR,2026-03-01T06:15:07.099089Z,54.00,0.1200,0.8800,yes
afb0cd3a-f400-6552-1cd0-2fe7cbdd0b4e,KXNEXTIRANLEADER-45JAN01-ALAR,2026-03-01T06:14:38.554205Z,7.00,0.1200,0.8800,yes
d3a4367b-8299-5a52-b56b-8bab9668f8e6,KXNEXTIRANLEADER-45JAN01-ALAR,2026-03-01T06:14:32.679207Z,283.00,0.1100,0.8900,no
23cdbec5-b598-66be-f576-a24901636196,KXNEXTIRANLEADER-45JAN01-ALAR,2026-03-01T06:13:12.758132Z,690.00,0.1200,0.8800,yes
4eb19288-3250-787e-0654-81395aadcdaa,KXNEXTIRANLEADER-45JAN01-ALAR,2026-03-01T06:12:33.982823Z,1.00,0.1200,0.8800,yes
0ca12090-c1f0-58de-830f-0fbe1deda1aa,KXNEXTIRANLEADER-45JAN01-ALAR,2026-03-01T06:11:15.992716Z,15.00,0.1200,0.8800,yes
c795dadf-be1e-7cbf-3ade-23f9089d5ba6,KXNEXTIRANLEADER-45JAN01-ALAR,2026-03-01T06:09:29.721523Z,20.00,0.1200,0.8800,yes
67a62aaa-89b0-7a56-15f1-385e47625196,KXNEXTIRANLEADER-45JAN01-ALAR,2026-03-01T06:09:29.721523Z,3.00,0.1200,0.8800,yes
4a0a90e2-afe5-434e-8f1f-c07ce82f70b2,KXNEXTIRANLEADER-45JAN01-ALAR,2026-03-01T06:06:57.317086Z,22.00,0.1100,0.8900,no
631eec85-eda1-7996-1690-89f2c0a47cda,KXNEXTIRANLEADER-45JAN01-ALAR,2026-03-01T06:06:30.052332Z,85.00,0.1100,0.8900,no
a06d1a34-35d9-71da-a430-5edaf2dded7e,KXNEXTIRANLEADER-45JAN01-ALAR,2026-03-01T06:06:21.209764Z,5.00,0.1100,0.8900,no
a0335eb4-849d-4eaa-8f31-02b656fdd84e,KXNEXTIRANLEADER-45JAN01-ALAR,2026-03-01T06:06:11.100862Z,28.00,0.1100,0.8900,no
0de1b9c5-d6f9-4bf2-0545-8c105791dc12,KXNEXTIRANLEADER-45JAN01-ALAR,2026-03-01T06:06:04.396532Z,81.00,0.1100,0.8900,no
eea75a9d-e6e6-6db2-6699-8e6d95ecd77b,KXNEXTIRANLEADER-45JAN01-ALAR,2026-03-01T06:04:58.737714Z,19.00,0.1200,0.8800,yes
453ad14d-e207-66fa-51a9-c52147a0fec6,KXNEXTIRANLEADER-45JAN01-ALAR,2026-03-01T06:04:58.737714Z,4.00,0.1200,0.8800,yes
8db53458-f7c9-608a-9300-1a6ea53657a6,KXNEXTIRANLEADER-45JAN01-ALAR,2026-03-01T06:04:43.659423Z,24.00,0.1100,0.8900,no
672ed7af-ad5a-4052-c402-ebc05823b0eb,KXNEXTIRANLEADER-45JAN01-ALAR,2026-03-01T06:04:04.284151Z,6.00,0.1200,0.8800,yes
022b6a4d-e988-446f-d7ab-88f58f692789,KXNEXTIRANLEADER-45JAN01-ALAR,2026-03-01T06:04:04.284151Z,72.00,0.1200,0.8800,yes
c24b3e86-8400-4a2a-ac9e-5135aa7c2451,KXNEXTIRANLEADER-45JAN01-ALAR,2026-03-01T06:02:54.731214Z,1.00,0.1200,0.8800,no
64c36d5e-1f6a-498c-a51c-f18e73aa8bef,KXNEXTIRANLEADER-45JAN01-ALAR,2026-03-01T06:02:54.731214Z,25.00,0.1200,0.8800,no
25d0c92e-92df-49ce-ace3-adffcea9f3a0,KXNEXTIRANLEADER-45JAN01-ALAR,2026-03-01T06:02:54.731214Z,2.00,0.1200,0.8800,no
09b58abc-cedf-6df9-cc14-c5104374e37c,KXNEXTIRANLEADER-45JAN01-ALAR,2026-03-01T06:02:11.13592Z,200.00,0.1300,0.8700,yes
f206e5f0-aef3-605f-1248-3931e0d9d2a8,KXNEXTIRANLEADER-45JAN01-ALAR,2026-03-01T06:00:21.544866Z,1.00,0.1200,0.8800,yes
8a796ef8-6112-6097-1e80-6f9caa04bac0,KXNEXTIRANLEADER-45JAN01-ALAR,2026-03-01T06:00:21.544866Z,55.00,0.1200,0.8800,yes
6c701928-be9d-6eb6-0952-fb27aba2eaba,KXNEXTIRANLEADER-45JAN01-ALAR,2026-03-01T06:00:21.544866Z,25.00,0.1000,0.9000,yes
41405727-8f2f-69e9-32d3-222207ec0f78,KXNEXTIRANLEADER-45JAN01-ALAR,2026-03-01T06:00:21.544866Z,146.00,0.1300,0.8700,yes
dff8d32a-67a7-78a5-d136-489411994be0,KXNEXTIRANLEADER-45JAN01-ALAR,2026-03-01T06:00:18.903182Z,331.00,0.1000,0.9000,yes
8bbb6235-3d21-7b85-c61a-20e673cbdcc7,KXNEXTIRANLEADER-45JAN01-ALAR,2026-03-01T06:00:18.903182Z,25.00,0.1000,0.9000,yes
c3226600-4321-6008-eaa0-05528fbb086a,KXNEXTIRANLEADER-45JAN01-ALAR,2026-03-01T05:59:41.440097Z,7.00,0.1100,0.8900,no
bd98bbe5-e28d-64bb-d832-0c1fce4a591d,KXNEXTIRANLEADER-45JAN01-ALAR,2026-03-01T05:59:41.440097Z,1500.00,0.1000,0.9000,no
b9c68eb4-4b74-69fd-d919-8d1dfd3cfccc,KXNEXTIRANLEADER-45JAN01-ALAR,2026-03-01T05:59:41.440097Z,1157.00,0.1100,0.8900,no
9f4f6c4b-cba7-68fc-e557-c6d551388de2,KXNEXTIRANLEADER-45JAN01-ALAR,2026-03-01T05:59:41.440097Z,30000.00,0.1000,0.9000,no
8414b93b-bc37-6150-c27e-292ad598cea4,KXNEXTIRANLEADER-45JAN01-ALAR,2026-03-01T05:59:41.440097Z,44.00,0.1000,0.9000,no
76ed32cf-b1aa-6628-fbfa-0379fc37ec20,KXNEXTIRANLEADER-45JAN01-ALAR,2026-03-01T05:59:41.440097Z,54.00,0.1100,0.8900,no
7609268d-25dc-6628-d3d4-85578bdfb646,KXNEXTIRANLEADER-45JAN01-ALAR,2026-03-01T05:59:41.440097Z,880.00,0.1200,0.8800,no
5f151e7e-5b0c-6190-f89f-92cd42ad8aa7,KXNEXTIRANLEADER-45JAN01-ALAR,2026-03-01T05:59:41.440097Z,25.00,0.1200,0.8800,no
4152a7aa-4191-6c57-df8d-f5c3af52c9e8,KXNEXTIRANLEADER-45JAN01-ALAR,2026-03-01T05:59:41.440097Z,5000.00,0.1100,0.8900,no
26ce9e1a-93f3-6c37-f313-0032cf117781,KXNEXTIRANLEADER-45JAN01-ALAR,2026-03-01T05:59:41.440097Z,44.00,0.1100,0.8900,no
ce0c5f62-a8b8-74bc-2051-0b9ec8e4548a,KXNEXTIRANLEADER-45JAN01-ALAR,2026-03-01T05:59:25.026357Z,331.00,0.1200,0.8800,no
21b0ba87-e468-4864-dd05-0e91ba7d0b46,KXNEXTIRANLEADER-45JAN01-ALAR,2026-03-01T05:58:16.358575Z,12.00,0.1200,0.8800,no
415709c1-9ce4-5e80-820f-bd979d9b4c12,KXNEXTIRANLEADER-45JAN01-ALAR,2026-03-01T05:57:56.211471Z,14.00,0.1200,0.8800,no
a48fb0f4-bf13-47e5-07aa-65e3e3adea88,KXNEXTIRANLEADER-45JAN01-ALAR,2026-03-01T05:57:52.221114Z,36.00,0.1300,0.8700,yes
7d9712bb-6af0-4414-56d7-6afc5b87e946,KXNEXTIRANLEADER-45JAN01-ALAR,2026-03-01T05:57:21.834476Z,80.00,0.1200,0.8800,no
f5b99bd0-b17b-46b5-fbcc-e684233ec218,KXNEXTIRANLEADER-45JAN01-ALAR,2026-03-01T05:56:07.002013Z,72.00,0.1300,0.8700,yes
836581ca-364f-61b1-c683-c03af9d1b298,KXNEXTIRANLEADER-45JAN01-ALAR,2026-03-01T05:54:44.52709Z,36.00,0.1300,0.8700,yes
2746a4d1-0184-6bec-9ec3-46d415bb59fa,KXNEXTIRANLEADER-45JAN01-ALAR,2026-03-01T05:54:11.492883Z,98.00,0.1200,0.8800,no
afbbbc4d-bc7b-44dd-bf2a-c69107b239f4,KXNEXTIRANLEADER-45JAN01-ALAR,2026-03-01T05:53:18.430395Z,58.00,0.1300,0.8700,yes
9258f767-9de3-4455-c9d1-1b30beffafc4,KXNEXTIRANLEADER-45JAN01-ALAR,2026-03-01T05:52:22.698399Z,2022.00,0.1300,0.8700,yes
a5135b71-6c83-5785-8dfc-3e3b60366988,KXNEXTIRANLEADER-45JAN01-ALAR,2026-03-01T05:51:13.966826Z,36.00,0.1300,0.8700,yes
57613685-9daf-7bfd-2bd4-25b3bd0cd564,KXNEXTIRANLEADER-45JAN01-ALAR,2026-03-01T05:51:05.00456Z,72.00,0.1300,0.8700,yes
9d0a27d8-912f-7d41-e9c8-957f0a47b8b4,KXNEXTIRANLEADER-45JAN01-ALAR,2026-03-01T05:50:32.399122Z,36.00,0.1300,0.8700,yes
745672ff-171c-617c-56f5-fdaebe8681e2,KXNEXTIRANLEADER-45JAN01-ALAR,2026-03-01T05:50:20.944492Z,34.00,0.1200,0.8800,no
d3ffb5b9-1a2f-5af9-b012-d6f3ec6b2490,KXNEXTIRANLEADER-45JAN01-ALAR,2026-03-01T05:50:18.830727Z,100.00,0.1300,0.8700,yes
c9537828-f210-5a8c-3182-e8f0501a1fa6,KXNEXTIRANLEADER-45JAN01-ALAR,2026-03-01T05:49:37.419552Z,70.00,0.1200,0.8800,no
3b121567-9032-636b-f2a0-4edabd53f999,KXNEXTIRANLEADER-45JAN01-ALAR,2026-03-01T05:48:46.920236Z,2.00,0.1400,0.8600,yes
1d1e0872-47b4-4c54-734c-7768d924dfe1,KXNEXTIRANLEADER-45JAN01-ALAR,2026-03-01T05:47:58.638399Z,14.00,0.1300,0.8700,yes
85576627-6fb0-7810-ac6f-9ea44a7e3caa,KXNEXTIRANLEADER-45JAN01-ALAR,2026-03-01T05:47:42.749439Z,125.00,0.1200,0.8800,no
6a42c414-c562-7077-900f-d7d3ade9ea50,KXNEXTIRANLEADER-45JAN01-ALAR,2026-03-01T05:47:42.749439Z,10.00,0.1300,0.8700,no
0dd6f20c-9ae3-7d95-a264-adbf378a06cc,KXNEXTIRANLEADER-45JAN01-ALAR,2026-03-01T05:47:42.749439Z,34.00,0.1300,0.8700,no
e80703e9-acd7-6d01-836a-a8397993d82c,KXNEXTIRANLEADER-45JAN01-ALAR,2026-03-01T05:47:17.419508Z,66.00,0.1300,0.8700,no
63280cf1-ce48-624b-a072-53bff6a5c62a,KXNEXTIRANLEADER-45JAN01-ALAR,2026-03-01T05:47:17.419508Z,35.00,0.1300,0.8700,no
11fb4918-172a-5483-5099-a4d5cec8c829,KXNEXTIRANLEADER-45JAN01-ALAR,2026-03-01T05:46:38.091036Z,6.00,0.1400,0.8600,yes
b41e48fa-75aa-465f-8bc5-6992cff9d345,KXNEXTIRANLEADER-45JAN01-ALAR,2026-03-01T05:46:35.120198Z,20.00,0.1400,0.8600,yes
c359cf23-59aa-473f-16ee-6c9c429414b1,KXNEXTIRANLEADER-45JAN01-ALAR,2026-03-01T05:46:32.063225Z,80.00,0.1400,0.8600,yes
4970fe28-6fe2-4d9b-1372-c691a4350ca9,KXNEXTIRANLEADER-45JAN01-ALAR,2026-03-01T05:46:22.73516Z,6.00,0.1400,0.8600,yes
d0ae18c5-c822-43f7-16d6-9a5258b18d71,KXNEXTIRANLEADER-45JAN01-ALAR,2026-03-01T05:45:18.304266Z,23.00,0.1400,0.8600,yes
cba96d39-b36e-458a-0c3c-152055263e8c,KXNEXTIRANLEADER-45JAN01-ALAR,2026-03-01T05:45:18.304266Z,25.00,0.1400,0.8600,yes
b183f586-e0a4-457e-1011-2ebd94f9fc8e,KXNEXTIRANLEADER-45JAN01-ALAR,2026-03-01T05:45:18.304266Z,2.00,0.1400,0.8600,yes
3d30a719-dbf1-4bba-1a95-7b967113cda5,KXNEXTIRANLEADER-45JAN01-ALAR,2026-03-01T05:45:18.304266Z,3.00,0.1400,0.8600,yes
9d071508-e190-6194-69a1-0512bdfd3a76,KXNEXTIRANLEADER-45JAN01-ALAR,2026-03-01T05:44:01.695413Z,181.00,0.1200,0.8800,no
f301ecdb-2b28-44fc-3b16-af3c5da369fe,KXNEXTIRANLEADER-45JAN01-ALAR,2026-03-01T05:44:01.664498Z,100.00,0.1200,0.8800,no
3dde632b-f374-4c28-5d3c-4a61308b4fc2,KXNEXTIRANLEADER-45JAN01-ALAR,2026-03-01T05:43:58.291542Z,5.00,0.1200,0.8800,no
22c79f34-ff50-617c-02a1-aa64e35ad0e2,KXNEXTIRANLEADER-45JAN01-ALAR,2026-03-01T05:43:57.059844Z,29.00,0.1200,0.8800,no
58fd4840-ef98-5e0c-cc7c-0473a715564e,KXNEXTIRANLEADER-45JAN01-ALAR,2026-03-01T05:43:57.022058Z,327.00,0.1200,0.8800,no
f94a534d-dc85-5a22-9349-6217b4e1cee5,KXNEXTIRANLEADER-45JAN01-ALAR,2026-03-01T05:43:50.287748Z,24.00,0.1400,0.8600,yes
dc523d80-3f15-5627-a8c9-b8dad658b402,KXNEXTIRANLEADER-45JAN01-ALAR,2026-03-01T05:43:50.287748Z,10.00,0.1300,0.8700,yes
416cc995-20b8-7c60-b551-77289aeb18d6,KXNEXTIRANLEADER-45JAN01-ALAR,2026-03-01T05:43:47.970922Z,441.00,0.1200,0.8800,no
f4b21876-3604-4834-9e37-517bb2b7ae16,KXNEXTIRANLEADER-45JAN01-ALAR,2026-03-01T05:43:47.683275Z,6.00,0.1200,0.8800,no
e811a549-5c50-505c-11cd-5f66235edbf2,KXNEXTIRANLEADER-45JAN01-ALAR,2026-03-01T05:43:46.454411Z,122.00,0.1200,0.8800,no
72561f9c-e661-686e-5032-db87c553cb39,KXNEXTIRANLEADER-45JAN01-ALAR,2026-03-01T05:43:45.353278Z,13.00,0.1400,0.8600,yes
4be3148b-f0e0-6c90-0072-c82667e55d82,KXNEXTIRANLEADER-45JAN01-ALAR,2026-03-01T05:43:45.229699Z,28.00,0.1200,0.8800,no
b7bed84d-d904-4c20-8545-f8f4b658b202,KXNEXTIRANLEADER-45JAN01-ALAR,2026-03-01T05:43:43.713066Z,31.00,0.1200,0.8800,no
84cc5d52-3294-7914-f9c7-3b31896f38ea,KXNEXTIRANLEADER-45JAN01-ALAR,2026-03-01T05:43:42.459024Z,22.00,0.1200,0.8800,no
ae6bfe8c-cff0-456c-a0e8-7c75ee33a11e,KXNEXTIRANLEADER-45JAN01-ALAR,2026-03-01T05:43:40.932046Z,59.00,0.1200,0.8800,no
6a3520a4-4ad4-71f8-084f-7f4fa142a446,KXNEXTIRANLEADER-45JAN01-ALAR,2026-03-01T05:43:39.699945Z,77.00,0.1200,0.8800,no
976994c2-2804-64c8-41c0-660e66a36f36,KXNEXTIRANLEADER-45JAN01-ALAR,2026-03-01T05:43:19.431416Z,10.00,0.1200,0.8800,no
d134ed15-8b98-5b64-409f-738771c822c2,KXNEXTIRANLEADER-45JAN01-ALAR,2026-03-01T05:43:18.379465Z,196.00,0.1200,0.8800,no
fdb42933-07ac-4488-92ca-7814585f21fa,KXNEXTIRANLEADER-45JAN01-ALAR,2026-03-01T05:43:18.139458Z,25.00,0.1200,0.8800,no
fb8c2bd0-3ed8-6f94-9e1e-e1e57c75b4fa,KXNEXTIRANLEADER-45JAN01-ALAR,2026-03-01T05:43:16.551272Z,58.00,0.1200,0.8800,no
f216a6c6-2b3d-6749-d808-7087779b510f,KXNEXTIRANLEADER-45JAN01-ALAR,2026-03-01T05:43:16.349964Z,3.00,0.1300,0.8700,no
f12ab2f8-89ad-6e33-e7de-4fef02d4e3fa,KXNEXTIRANLEADER-45JAN01-ALAR,2026-03-01T05:43:16.349964Z,2.00,0.1300,0.8700,no
1e641fbd-8a74-60f0-c37d-7edab2afca4a,KXNEXTIRANLEADER-45JAN01-ALAR,2026-03-01T05:43:16.349964Z,2.00,0.1200,0.8800,no
094b07c3-555b-507c-5de7-9b2272c6a829,KXNEXTIRANLEADER-45JAN01-ALAR,2026-03-01T05:43:15.323909Z,25.00,0.1400,0.8600,no
c37fbd91-7335-65ff-b7f9-3400fb0d8293,KXNEXTIRANLEADER-45JAN01-ALAR,2026-03-01T05:43:13.002987Z,14.00,0.1400,0.8600,no
43b093fc-4577-6a91-8706-b47c720284d2,KXNEXTIRANLEADER-45JAN01-ALAR,2026-03-01T05:43:13.002987Z,11.00,0.1400,0.8600,no
293182d6-a845-6e33-ba21-de3db65bc44e,KXNEXTIRANLEADER-45JAN01-ALAR,2026-03-01T05:43:13.002987Z,12.00,0.1300,0.8700,no
726b909a-3981-6547-fafb-5bc9022634ce,KXNEXTIRANLEADER-45JAN01-ALAR,2026-03-01T05:43:05.790994Z,36.00,0.1300,0.8700,no
10963e22-1167-67fb-f20e-23d67d3291b0,KXNEXTIRANLEADER-45JAN01-ALAR,2026-03-01T05:43:05.790994Z,14.00,0.1400,0.8600,no
c766090c-2bdb-489b-1d9d-1626b752ed8c,KXNEXTIRANLEADER-45JAN01-ALAR,2026-03-01T05:43:04.127495Z,11.00,0.1400,0.8600,no
5fdb618f-397e-413d-344e-9997575b0b33,KXNEXTIRANLEADER-45JAN01-ALAR,2026-03-01T05:42:51.728196Z,3.00,0.1300,0.8700,no
50a36117-58d7-4caa-2caf-9f1a6c09df4d,KXNEXTIRANLEADER-45JAN01-ALAR,2026-03-01T05:42:51.728196Z,65.00,0.1300,0.8700,no
284a1b85-a095-49bb-021f-4aa1cd4b8bde,KXNEXTIRANLEADER-45JAN01-ALAR,2026-03-01T05:42:51.728196Z,60.00,0.1300,0.8700,no
00add7e0-29bb-4ddb-1416-e8b181cd9b4f,KXNEXTIRANLEADER-45JAN01-ALAR,2026-03-01T05:42:51.728196Z,61.00,0.1300,0.8700,no
df863cd6-200d-54a5-8da8-c45830d75e35,KXNEXTIRANLEADER-45JAN01-ALAR,2026-03-01T05:42:50.555749Z,8.00,0.1400,0.8600,no
66ba3fdf-1799-72a1-6c0f-0d0b86deaf75,KXNEXTIRANLEADER-45JAN01-ALAR,2026-03-01T05:42:49.311603Z,13.00,0.1400,0.8600,no
e4d1f0a6-4292-5d88-0b52-787644350290,KXNEXTIRANLEADER-45JAN01-ALAR,2026-03-01T05:42:48.758578Z,4.00,0.1400,0.8600,no
ee1d28f2-0526-51d4-1cf2-cfb3aa1276ac,KXNEXTIRANLEADER-45JAN01-ALAR,2026-03-01T05:42:43.861271Z,21.00,0.1400,0.8600,no
f849706b-2294-5dd2-a13d-d06c130f0a5d,KXNEXTIRANLEADER-45JAN01-ALAR,2026-03-01T05:41:59.840168Z,12.00,0.1500,0.8500,yes
93ecc70f-2330-5746-6257-1541567d96b5,KXNEXTIRANLEADER-45JAN01-ALAR,2026-03-01T05:40:43.765861Z,125.00,0.1500,0.8500,yes
04935b16-0cec-626a-8694-a3b2f911814d,KXNEXTIRANLEADER-45JAN01-ALAR,2026-03-01T05:39:16.638926Z,25.00,0.1500,0.8500,yes
c59503c6-dc90-69ee-0aa9-a0fe4b4f726d,KXNEXTIRANLEADER-45JAN01-ALAR,2026-03-01T05:38:57.365616Z,5.00,0.1500,0.8500,yes
715658ca-2156-61e5-0064-01985e808c80,KXNEXTIRANLEADER-45JAN01-ALAR,2026-03-01T05:38:57.365616Z,38.00,0.1400,0.8600,yes
0957cb9a-320f-6396-05d1-6e9d07080881,KXNEXTIRANLEADER-45JAN01-ALAR,2026-03-01T05:38:57.365616Z,10.00,0.1400,0.8600,yes
ea9715de-445e-675d-10c1-00198ec680e0,KXNEXTIRANLEADER-45JAN01-ALAR,2026-03-01T05:37:22.332785Z,13.00,0.1400,0.8600,yes
0cea3105-af56-58a1-fd83-883178a3c6f8,KXNEXTIRANLEADER-45JAN01-ALAR,2026-03-01T05:37:15.710276Z,67.00,0.1400,0.8600,yes
1cf27075-9366-4ca9-89ac-d4184b86d258,KXNEXTIRANLEADER-45JAN01-ALAR,2026-03-01T05:36:53.986826Z,6.00,0.1400,0.8600,yes
f199e383-d5b6-7862-81e4-1f4dee9ac335,KXNEXTIRANLEADER-45JAN01-ALAR,2026-03-01T05:36:27.173263Z,1000.00,0.1400,0.8600,yes
90c8d458-52f6-79b1-958f-28f4393a733c,KXNEXTIRANLEADER-45JAN01-ALAR,2026-03-01T05:36:27.173263Z,376.00,0.1400,0.8600,yes
79f32ced-9fe3-7182-add9-6adad82c359d,KXNEXTIRANLEADER-45JAN01-ALAR,2026-03-01T05:36:27.173263Z,283.00,0.1400,0.8600,yes
5f9cbfd2-c24a-7062-8f88-1d3e4cd79174,KXNEXTIRANLEADER-45JAN01-ALAR,2026-03-01T05:36:27.173263Z,25.00,0.1400,0.8600,yes
34ce8a57-0833-53de-95ac-7be4d547f465,KXNEXTIRANLEADER-45JAN01-ALAR,2026-03-01T05:35:49.285373Z,33.00,0.1400,0.8600,yes
c3514b22-a52f-6e2e-284f-1cc476b143f5,KXNEXTIRANLEADER-45JAN01-ALAR,2026-03-01T05:35:08.769952Z,6.00,0.1400,0.8600,yes
e170c7ee-a79b-71ea-724a-7b6c2f641755,KXNEXTIRANLEADER-45JAN01-ALAR,2026-03-01T05:34:23.171744Z,50.00,0.1400,0.8600,yes
cee575cc-34b7-4c0e-7b0c-34791a2f7639,KXNEXTIRANLEADER-45JAN01-ALAR,2026-03-01T05:33:44.695855Z,33.00,0.1400,0.8600,yes
614e5946-76f7-7136-2404-3bf4c100b289,KXNEXTIRANLEADER-45JAN01-ALAR,2026-03-01T05:33:21.245918Z,2.00,0.1400,0.8600,yes
b49c1ab9-2fc7-6856-faae-1fcf8a926fe5,KXNEXTIRANLEADER-45JAN01-ALAR,2026-03-01T05:32:12.369735Z,30.00,0.1400,0.8600,yes
6070b365-517b-6ccf-c883-15f5af0a2513,KXNEXTIRANLEADER-45JAN01-ALAR,2026-03-01T05:31:58.751515Z,6.00,0.1300,0.8700,no
c766b112-a9b7-6e26-6063-7af962f4fb55,KXNEXTIRANLEADER-45JAN01-ALAR,2026-03-01T05:31:31.415759Z,235.00,0.1400,0.8600,yes
7256abca-ddab-6c16-c4c5-0f1d270294f1,KXNEXTIRANLEADER-45JAN01-ALAR,2026-03-01T05:31:27.230821Z,20.00,0.1400,0.8600,yes
63055d7d-86c7-4e36-0d18-771c63b4f3bd,KXNEXTIRANLEADER-45JAN01-ALAR,2026-03-01T05:30:49.895434Z,13.00,0.1400,0.8600,yes
b957cee9-5e2f-5066-a8dd-9bd1dd0478b5,KXNEXTIRANLEADER-45JAN01-ALAR,2026-03-01T05:30:45.048009Z,13.00,0.1400,0.8600,yes
0d32fd02-582b-4366-d055-2189b8cfc2f5,KXNEXTIRANLEADER-45JAN01-ALAR,2026-03-01T05:24:38.522737Z,20.00,0.1400,0.8600,yes
f55b9877-a64b-4be2-f211-83cfe7998aed,KXNEXTIRANLEADER-45JAN01-ALAR,2026-03-01T05:23:30.452383Z,202.00,0.1400,0.8600,yes
5560ba07-a6bb-6beb-356f-b303de4dc8ef,KXNEXTIRANLEADER-45JAN01-ALAR,2026-03-01T05:23:24.38935Z,19.00,0.1300,0.8700,no
cdca2d05-ba93-4be6-d5ba-89b1070c2a09,KXNEXTIRANLEADER-45JAN01-ALAR,2026-03-01T05:22:12.710206Z,101.00,0.1400,0.8600,yes
1627bab0-2463-6f0a-d11c-be06dc9e4fa1,KXNEXTIRANLEADER-45JAN01-ALAR,2026-03-01T05:22:12.260303Z,67.00,0.1400,0.8600,yes
fbed2393-4da3-569e-8d83-ebca4b7fb2c5,KXNEXTIRANLEADER-45JAN01-ALAR,2026-03-01T05:21:09.986567Z,3051.00,0.1400,0.8600,yes
0eaead15-306b-4dae-5fbf-227fcbe784fd,KXNEXTIRANLEADER-45JAN01-ALAR,2026-03-01T05:19:57.554064Z,16.00,0.1400,0.8600,yes
44b968e1-c063-6256-42da-e532bb323429,KXNEXTIRANLEADER-45JAN01-ALAR,2026-03-01T05:19:50.659231Z,67.00,0.1400,0.8600,yes
b348bee7-fbff-5dc7-0da4-8890fc2f3f57,KXNEXTIRANLEADER-45JAN01-ALAR,2026-03-01T05:19:47.915228Z,200.00,0.1300,0.8700,no
19aacfb2-5763-4bb2-2fa9-8f7f4aa91459,KXNEXTIRANLEADER-45JAN01-ALAR,2026-03-01T05:19:28.622983Z,62.00,0.1400,0.8600,yes
5f3dddab-0947-4ba6-8564-b91d20daf25d,KXNEXTIRANLEADER-45JAN01-ALAR,2026-03-01T05:19:12.298265Z,6.00,0.1400,0.8600,yes
7164e982-761b-55d6-988c-05dd5c460d89,KXNEXTIRANLEADER-45JAN01-ALAR,2026-03-01T05:19:08.954374Z,67.00,0.1400,0.8600,yes
e7cf1872-fe0b-60c7-1aac-6cf15760dd3b,KXNEXTIRANLEADER-45JAN01-ALAR,2026-03-01T05:18:55.096538Z,11.00,0.1300,0.8700,no
3bdea395-444b-6f76-a355-a2b3cecaeab1,KXNEXTIRANLEADER-45JAN01-ALAR,2026-03-01T05:14:37.039366Z,67.00,0.1400,0.8600,yes
b7cd829a-468f-579f-e09d-b40364a405c3,KXNEXTIRANLEADER-45JAN01-ALAR,2026-03-01T05:14:36.263624Z,404.00,0.1300,0.8700,no
8a2ff1df-0587-7d9e-f253-0ae929505791,KXNEXTIRANLEADER-45JAN01-ALAR,2026-03-01T05:14:19.45028Z,50.00,0.1400,0.8600,yes
d216d8a8-375f-56ff-7455-231c3ee1581b,KXNEXTIRANLEADER-45JAN01-ALAR,2026-03-01T05:14:14.907331Z,45.00,0.1300,0.8700,no
c3741f1a-554f-4eda-a5fb-838b20e45b15,KXNEXTIRANLEADER-45JAN01-ALAR,2026-03-01T05:14:00.341306Z,82.00,0.1400,0.8600,yes
dd08dc50-536f-4632-de42-cf61aa4a65f1,KXNEXTIRANLEADER-45JAN01-ALAR,2026-03-01T05:13:29.224207Z,25.00,0.1400,0.8600,yes
db282b94-35eb-7152-a6f1-f059ce21cb1d,KXNEXTIRANLEADER-45JAN01-ALAR,2026-03-01T05:12:35.201179Z,67.00,0.1400,0.8600,yes
b5ab5918-747b-4682-2a87-4a616f912571,KXNEXTIRANLEADER-45JAN01-ALAR,2026-03-01T05:12:17.30362Z,6.00,0.1400,0.8600,yes
57fd159a-db8b-4f17-094c-eefc5519c7a7,KXNEXTIRANLEADER-45JAN01-ALAR,2026-03-01T05:11:49.230881Z,1889.00,0.1300,0.8700,no
ba09dce2-d3c6-57cb-c431-e314eb35b509,KXNEXTIRANLEADER-45JAN01-ALAR,2026-03-01T05:09:51.3884Z,9.00,0.1400,0.8600,yes
25ffe036-dde7-5d2e-decd-876b391e9c51,KXNEXTIRANLEADER-45JAN01-ALAR,2026-03-01T05:09:51.3884Z,327.00,0.1400,0.8600,yes
238ff8fd-106a-50e3-06e2-1c370d378309,KXNEXTIRANLEADER-45JAN01-ALAR,2026-03-01T05:09:49.955349Z,16.00,0.1400,0.8600,yes
8fe0c839-f108-6c74-880c-6a99d7c9ae2d,KXNEXTIRANLEADER-45JAN01-ALAR,2026-03-01T05:09:06.481589Z,25.00,0.1400,0.8600,yes
2e1b9031-9a64-6272-8d24-33c65b318b29,KXNEXTIRANLEADER-45JAN01-ALAR,2026-03-01T05:09:06.481589Z,1864.00,0.1500,0.8500,yes
da6e8e01-f924-7996-1e46-7a039803e545,KXNEXTIRANLEADER-45JAN01-ALAR,2026-03-01T05:07:37.682528Z,8.00,0.1500,0.8500,yes
6529aca3-b92c-7ed3-2b5a-230dfd951e46,KXNEXTIRANLEADER-45JAN01-ALAR,2026-03-01T05:07:37.682528Z,25.00,0.1400,0.8600,yes
b76e9a57-1967-7f8b-197c-9f5590b0b057,KXNEXTIRANLEADER-45JAN01-ALAR,2026-03-01T05:05:56.762673Z,38.00,0.1300,0.8700,no
7b90dde0-e176-7256-3f80-d31d54c1d6a6,KXNEXTIRANLEADER-45JAN01-ALAR,2026-03-01T05:05:56.762673Z,20.00,0.1400,0.8600,no
9c1d9b15-758a-5662-a6fb-372fa1923c0e,KXNEXTIRANLEADER-45JAN01-ALAR,2026-03-01T05:04:55.762045Z,206.00,0.1400,0.8600,no
97328419-3806-65a6-419d-fc7a9f1713ee,KXNEXTIRANLEADER-45JAN01-ALAR,2026-03-01T05:02:30.259762Z,270.00,0.1400,0.8600,no
3ee7d6b4-fe54-5a0a-cb5c-5da2c14fadad,KXNEXTIRANLEADER-45JAN01-ALAR,2026-03-01T05:01:50.392889Z,18.00,0.1500,0.8500,yes
3901d4f5-5e6d-70eb-aba3-e2e6b8d0b014,KXNEXTIRANLEADER-45JAN01-ALAR,2026-03-01T05:01:45.63659Z,25.00,0.1400,0.8600,no
3841d536-010e-72fe-8af5-ef528d7d7026,KXNEXTIRANLEADER-45JAN01-ALAR,2026-03-01T05:01:45.63659Z,224.00,0.1400,0.8600,no
5a3c041e-60a8-4dde-058c-fce5022bcf3d,KXNEXTIRANLEADER-45JAN01-ALAR,2026-03-01T05:00:39.803357Z,408.00,0.1500,0.8500,yes
4f1017c0-3998-6c5a-6593-dc30fa404ecd,KXNEXTIRANLEADER-45JAN01-ALAR,2026-03-01T04:59:34.090525Z,31.00,0.1500,0.8500,yes
f4f772c6-7ad4-6fe6-f6a0-203607aa50a1,KXNEXTIRANLEADER-45JAN01-ALAR,2026-03-01T04:58:31.777251Z,215.00,0.1500,0.8500,yes
2229cf30-e035-6d82-d0ff-02add0cb374d,KXNEXTIRANLEADER-45JAN01-ALAR,2026-03-01T04:58:31.777251Z,72.00,0.1400,0.8600,yes
817a91b7-106d-7712-23fb-28f75c19fa45,KXNEXTIRANLEADER-45JAN01-ALAR,2026-03-01T04:58:24.984594Z,16.00,0.1400,0.8600,yes
c4a7adcd-af31-463e-ef30-af6753a6bf61,KXNEXTIRANLEADER-45JAN01-ALAR,2026-03-01T04:58:10.608127Z,3.00,0.1400,0.8600,yes
a91c2d59-ea82-5cc4-b119-c93f749fc934,KXNEXTIRANLEADER-45JAN01-ALAR,2026-03-01T04:57:47.770138Z,127.00,0.1300,0.8700,yes
48c54657-fd9e-47d8-f938-2cb12df2b8d0,KXNEXTIRANLEADER-45JAN01-ALAR,2026-03-01T04:57:21.217632Z,108.00,0.1300,0.8700,yes
f34aec45-f3ac-7d8a-8992-8caa79966d23,KXNEXTIRANLEADER-45JAN01-ALAR,2026-03-01T04:56:43.889705Z,25.00,0.1300,0.8700,no
4766bbb3-5b11-6116-73f7-4e4c022bac01,KXNEXTIRANLEADER-45JAN01-ALAR,2026-03-01T04:54:32.551713Z,336.00,0.1400,0.8600,yes
698121d3-a1e1-4812-16dc-fae04df8bd75,KXNEXTIRANLEADER-45JAN01-ALAR,2026-03-01T04:53:57.952157Z,33.00,0.1400,0.8600,yes
576f5bf2-2e79-7796-2264-a178bf1001dd,KXNEXTIRANLEADER-45JAN01-ALAR,2026-03-01T04:53:47.862964Z,250.00,0.1400,0.8600,yes
b17868ca-429b-7ad8-ba8b-10779ffe03c6,KXNEXTIRANLEADER-45JAN01-ALAR,2026-03-01T04:53:05.125127Z,375.00,0.1400,0.8600,yes
aeb2bea4-b6cd-7af6-9760-51323faf09c0,KXNEXTIRANLEADER-45JAN01-ALAR,2026-03-01T04:53:05.125127Z,1000.00,0.1400,0.8600,yes
4178960d-5d24-7f40-aa27-18e59598ff1e,KXNEXTIRANLEADER-45JAN01-ALAR,2026-03-01T04:53:05.125127Z,4000.00,0.1400,0.8600,yes
34b9321f-abb6-7155-be9e-19206f1063e8,KXNEXTIRANLEADER-45JAN01-ALAR,2026-03-01T04:53:05.125127Z,25.00,0.1400,0.8600,yes
2fd6fcb4-6b55-793a-a8d3-8821d2b66295,KXNEXTIRANLEADER-45JAN01-ALAR,2026-03-01T04:53:05.125127Z,1290.00,0.1400,0.8600,yes
31ac8352-ffa3-58d0-2695-f5a98201e9fa,KXNEXTIRANLEADER-45JAN01-ALAR,2026-03-01T04:52:28.691361Z,20.00,0.1400,0.8600,yes
02065145-fbff-7830-9153-10ce1eaf07ea,KXNEXTIRANLEADER-45JAN01-ALAR,2026-03-01T04:52:00.339861Z,6.00,0.1400,0.8600,yes
60b66ee8-7413-565c-e8bd-a7f3c9a0a3de,KXNEXTIRANLEADER-45JAN01-ALAR,2026-03-01T04:51:53.533673Z,168.00,0.1400,0.8600,yes
600747e9-063f-638c-a82b-2e766768ec6a,KXNEXTIRANLEADER-45JAN01-ALAR,2026-03-01T04:51:11.936149Z,33.00,0.1400,0.8600,yes
dcd23ee1-8cdb-7a78-d6a1-cac517ed6fb6,KXNEXTIRANLEADER-45JAN01-ALAR,2026-03-01T04:50:21.346796Z,316.00,0.1400,0.8600,yes
27b3ac70-2667-65f8-acbe-2ba63521bb1a,KXNEXTIRANLEADER-45JAN01-ALAR,2026-03-01T04:49:56.608526Z,67.00,0.1400,0.8600,yes
703d9468-3403-709c-fa53-18eba9012e12,KXNEXTIRANLEADER-45JAN01-ALAR,2026-03-01T04:48:27.190566Z,13.00,0.1400,0.8600,yes
748579a7-7c6f-4120-7c14-ad465b0dd326,KXNEXTIRANLEADER-45JAN01-ALAR,2026-03-01T04:47:47.185756Z,6.00,0.1400,0.8600,yes
2a0a555e-216f-61f4-04f1-3353c4c45ece,KXNEXTIRANLEADER-45JAN01-ALAR,2026-03-01T04:47:30.695441Z,100.00,0.1400,0.8600,yes
39b39af9-e64b-525c-ac12-8b9d445b6a5e,KXNEXTIRANLEADER-45JAN01-ALAR,2026-03-01T04:47:03.048322Z,43.00,0.1400,0.8600,yes
c265d390-033f-7030-e7b9-b4fea80825e2,KXNEXTIRANLEADER-45JAN01-ALAR,2026-03-01T04:45:43.847581Z,33.00,0.1400,0.8600,yes
8152f764-ffbf-5778-8e42-76e211e7cbea,KXNEXTIRANLEADER-45JAN01-ALAR,2026-03-01T04:45:13.866573Z,33.00,0.1400,0.8600,yes
ee09c563-768b-674c-26a6-53ab8b533dc6,KXNEXTIRANLEADER-45JAN01-ALAR,2026-03-01T04:44:01.76111Z,87.00,0.1400,0.8600,yes
d649ce13-60c3-6677-3612-0ff09d989cfe,KXNEXTIRANLEADER-45JAN01-ALAR,2026-03-01T04:44:01.76111Z,1.00,0.1300,0.8700,yes
78026623-003a-6944-16a3-36c2bdf542e4,KXNEXTIRANLEADER-45JAN01-ALAR,2026-03-01T04:44:01.76111Z,50.00,0.1300,0.8700,yes
8129dd1d-a41c-4ecc-3784-d107d0786772,KXNEXTIRANLEADER-45JAN01-ALAR,2026-03-01T04:42:41.535522Z,12.00,0.1200,0.8800,no
fb231ed7-1a34-7bc2-52be-966ae505fdc0,KXNEXTIRANLEADER-45JAN01-ALAR,2026-03-01T04:42:17.502626Z,25.00,0.1200,0.8800,yes
bf890dfd-d79d-707a-4b01-827300f2102d,KXNEXTIRANLEADER-45JAN01-ALAR,2026-03-01T04:42:17.502626Z,1678.00,0.1200,0.8800,yes
76817b83-4d64-7ce4-424a-b3a4a03678d1,KXNEXTIRANLEADER-45JAN01-ALAR,2026-03-01T04:42:17.502626Z,2.00,0.1200,0.8800,yes
39882e0e-c2c2-7de9-6d9e-20e41412a71d,KXNEXTIRANLEADER-45JAN01-ALAR,2026-03-01T04:42:17.502626Z,4810.00,0.1200,0.8800,yes
2f8b68da-7381-731a-76b4-37e4d38f268e,KXNEXTIRANLEADER-45JAN01-ALAR,2026-03-01T04:42:17.502626Z,40.00,0.1200,0.8800,yes
1cee61e6-b8dc-7b86-4b97-7cd3794adcb1,KXNEXTIRANLEADER-45JAN01-ALAR,2026-03-01T04:42:17.502626Z,70.00,0.1200,0.8800,yes
7c4b83c5-bf78-4d41-fcc0-8f698090bdb0,KXNEXTIRANLEADER-45JAN01-ALAR,2026-03-01T04:40:53.951783Z,287.00,0.1100,0.8900,no
f8a09adc-3b7d-53bd-3104-e164ca0e1419,KXNEXTIRANLEADER-45JAN01-ALAR,2026-03-01T04:40:22.646221Z,7.00,0.1200,0.8800,yes
ad2653e2-a878-5e71-a8e9-a6610913e658,KXNEXTIRANLEADER-45JAN01-ALAR,2026-03-01T04:39:56.070696Z,10.00,0.1100,0.8900,no
2069227e-2295-59a5-9d2f-31c5318bebf1,KXNEXTIRANLEADER-45JAN01-ALAR,2026-03-01T04:38:47.530616Z,78.00,0.1200,0.8800,yes
53e3e621-e1b9-7b31-48d9-ca24532bf011,KXNEXTIRANLEADER-45JAN01-ALAR,2026-03-01T04:38:38.996043Z,50.00,0.1200,0.8800,yes
f7cc45c5-1401-7bad-f7a5-2a4ff0971009,KXNEXTIRANLEADER-45JAN01-ALAR,2026-03-01T04:38:29.384797Z,156.00,0.1200,0.8800,yes
66ce8d4c-2650-6881-07f5-4302e603e288,KXNEXTIRANLEADER-45JAN01-ALAR,2026-03-01T04:37:44.515903Z,20.00,0.1100,0.8900,no
b7edbc7d-89dd-64fd-0f93-314aa56e72f9,KXNEXTIRANLEADER-45JAN01-ALAR,2026-03-01T04:36:22.403614Z,690.00,0.1200,0.8800,yes
229a774c-e275-6bc9-67e8-4e32a1eb54a9,KXNEXTIRANLEADER-45JAN01-ALAR,2026-03-01T04:36:20.84642Z,200.00,0.1200,0.8800,yes
c94fbb8f-5b10-57e9-4ab0-293fbe28ebec,KXNEXTIRANLEADER-45JAN01-ALAR,2026-03-01T04:35:56.142412Z,1.00,0.1100,0.8900,no
95916598-1761-6cb9-aeac-f3c94f9083ad,KXNEXTIRANLEADER-45JAN01-ALAR,2026-03-01T04:35:46.976985Z,174.00,0.1200,0.8800,yes
f842e45e-f2fd-5289-3539-af1a715b1a71,KXNEXTIRANLEADER-45JAN01-ALAR,2026-03-01T04:35:23.977974Z,196.00,0.1200,0.8800,yes
69810f42-805d-4bfd-6baa-5158fa1a8dc5,KXNEXTIRANLEADER-45JAN01-ALAR,2026-03-01T04:35:11.06228Z,5.00,0.1200,0.8800,yes
7afffb55-06fd-5e2d-c2ee-6b104c167025,KXNEXTIRANLEADER-45JAN01-ALAR,2026-03-01T04:35:10.661935Z,15.00,0.1200,0.8800,yes
6fa137e7-917d-7e69-4846-bce3048316e5,KXNEXTIRANLEADER-45JAN01-ALAR,2026-03-01T04:34:43.380046Z,25.00,0.1200,0.8800,yes
3c6ea0e0-4640-4d2d-d4f4-38fe78a18f94,KXNEXTIRANLEADER-45JAN01-ALAR,2026-03-01T04:33:54.498796Z,7.00,0.1100,0.8900,no
3a184d3b-820d-7211-d0f8-4d7f88022b41,KXNEXTIRANLEADER-45JAN01-ALAR,2026-03-01T04:32:49.056165Z,123.00,0.1200,0.8800,yes
0eb6e85a-2695-4319-f9b1-5c5b5e481829,KXNEXTIRANLEADER-45JAN01-ALAR,2026-03-01T04:32:39.87495Z,196.00,0.1200,0.8800,yes
b1b741ed-4d44-5775-1445-ca7187309b48,KXNEXTIRANLEADER-45JAN01-ALAR,2026-03-01T04:32:36.337448Z,12.00,0.1100,0.8900,no
39dc8b54-c059-7079-b519-65b21123efe5,KXNEXTIRANLEADER-45JAN01-ALAR,2026-03-01T04:29:25.755941Z,78.00,0.1200,0.8800,yes
34d4b905-2ed9-40c5-30e9-26a3ef4fd5b1,KXNEXTIRANLEADER-45JAN01-ALAR,2026-03-01T04:28:30.77574Z,7.00,0.1200,0.8800,yes
123b0067-e679-6631-b0bc-a53e4cee08f1,KXNEXTIRANLEADER-45JAN01-ALAR,2026-03-01T04:28:19.67289Z,23.00,0.1200,0.8800,yes
a77e6a1d-e1b4-5c51-2d8b-aed97e6f895c,KXNEXTIRANLEADER-45JAN01-ALAR,2026-03-01T04:26:34.614653Z,354.00,0.1100,0.8900,no
3b2307df-a4d1-4411-457a-2a3475f97f41,KXNEXTIRANLEADER-45JAN01-ALAR,2026-03-01T04:26:10.612393Z,117.00,0.1200,0.8800,yes
8fea94c1-5a35-5e01-07b4-ee5be4954501,KXNEXTIRANLEADER-45JAN01-ALAR,2026-03-01T04:24:59.620362Z,7.00,0.1200,0.8800,yes
3878ebe9-0155-57e5-6cd7-346e0a969389,KXNEXTIRANLEADER-45JAN01-ALAR,2026-03-01T04:24:18.263325Z,70.00,0.1200,0.8800,yes
6217e1ff-7019-5821-3725-3c9285764ac1,KXNEXTIRANLEADER-45JAN01-ALAR,2026-03-01T04:24:15.837477Z,2.00,0.1200,0.8800,yes
9a50c5b0-0725-7c49-3701-879170676831,KXNEXTIRANLEADER-45JAN01-ALAR,2026-03-01T04:24:01.803006Z,39.00,0.1200,0.8800,yes
8a27858b-310d-58bd-9a2d-5e70972c66d1,KXNEXTIRANLEADER-45JAN01-ALAR,2026-03-01T04:23:56.268299Z,15.00,0.1200,0.8800,yes
b4253d43-4e90-5335-8c3b-9fa8639fd030,KXNEXTIRANLEADER-45JAN01-ALAR,2026-03-01T04:23:27.782942Z,12.00,0.1100,0.8900,no
f69c231a-10ad-6471-a096-a071969398f1,KXNEXTIRANLEADER-45JAN01-ALAR,2026-03-01T04:23:04.89547Z,27.00,0.1200,0.8800,yes
853f6593-0e72-7fde-5823-11c4a6ca9925,KXNEXTIRANLEADER-45JAN01-ALAR,2026-03-01T04:21:16.549735Z,122.00,0.1100,0.8900,no
33ff2b5b-bcf8-7d2d-5109-24fc9b418034,KXNEXTIRANLEADER-45JAN01-ALAR,2026-03-01T04:21:16.549735Z,140.00,0.1100,0.8900,no
a24e15f4-7589-6535-22da-7e8b2dde352d,KXNEXTIRANLEADER-45JAN01-ALAR,2026-03-01T04:21:10.390303Z,2000.00,0.1200,0.8800,yes
22c5b278-cd29-554d-50f1-822e03216865,KXNEXTIRANLEADER-45JAN01-ALAR,2026-03-01T04:20:33.922791Z,31.00,0.1200,0.8800,yes
1100ee2e-5bb1-6651-ffa5-18915f0d9bbd,KXNEXTIRANLEADER-45JAN01-ALAR,2026-03-01T04:19:50.266258Z,39.00,0.1200,0.8800,yes
72b21dad-7b85-4285-b6e9-1f8917435875,KXNEXTIRANLEADER-45JAN01-ALAR,2026-03-01T04:19:03.864738Z,2.00,0.1200,0.8800,yes
a82719c8-c81d-66c1-9a60-085f2086f24d,KXNEXTIRANLEADER-45JAN01-ALAR,2026-03-01T04:17:51.35412Z,196.00,0.1200,0.8800,yes
23ecfdc2-92b6-6eca-e40f-2832190f6eed,KXNEXTIRANLEADER-45JAN01-ALAR,2026-03-01T04:17:25.441258Z,61.00,0.1100,0.8900,no
3584f8c1-f8e9-7ce9-5600-e8238de085c9,KXNEXTIRANLEADER-45JAN01-ALAR,2026-03-01T04:17:01.084533Z,78.00,0.1200,0.8800,yes
16110ccd-72a5-60a9-4d5d-dac67bdd42d9,KXNEXTIRANLEADER-45JAN01-ALAR,2026-03-01T04:16:46.53926Z,39.00,0.1200,0.8800,yes
693609c6-e635-7875-5af7-dab1c5de3fb5,KXNEXTIRANLEADER-45JAN01-ALAR,2026-03-01T04:16:25.948211Z,967.00,0.1200,0.8800,yes
1291a381-7d9a-7ffa-e9ed-5a7f168ee5e5,KXNEXTIRANLEADER-45JAN01-ALAR,2026-03-01T04:16:02.398108Z,100.00,0.1100,0.8900,no
c2d843f8-2c25-4995-bc45-d76cf9b97781,KXNEXTIRANLEADER-45JAN01-ALAR,2026-03-01T04:14:15.84105Z,23.00,0.1200,0.8800,yes
db8c75dd-befa-6526-078a-95f095ad1829,KXNEXTIRANLEADER-45JAN01-ALAR,2026-03-01T04:13:31.192389Z,66.00,0.1100,0.8900,no
82d7f534-3311-6348-3820-e459196d76ca,KXNEXTIRANLEADER-45JAN01-ALAR,2026-03-01T04:13:31.192389Z,11.00,0.1100,0.8900,no
185005d0-67a0-699a-147b-b09d61b65a6f,KXNEXTIRANLEADER-45JAN01-ALAR,2026-03-01T04:13:31.192389Z,34.00,0.1100,0.8900,no
f47aef79-d994-7ce6-7b90-63247fec514f,KXNEXTIRANLEADER-45JAN01-ALAR,2026-03-01T04:11:03.271951Z,66.00,0.1100,0.8900,no
d4208bab-336d-7918-7704-9e57c00caddf,KXNEXTIRANLEADER-45JAN01-ALAR,2026-03-01T04:11:03.271951Z,534.00,0.1100,0.8900,no
30f768dd-f569-477d-2567-68d48b6bb55d,KXNEXTIRANLEADER-45JAN01-ALAR,2026-03-01T04:10:58.953183Z,7.00,0.1200,0.8800,yes
6a5d1919-2bad-5a71-3090-7a2b5abcec19,KXNEXTIRANLEADER-45JAN01-ALAR,2026-03-01T04:10:57.170503Z,31.00,0.1200,0.8800,yes
b5a054fe-dc8d-7368-207e-47d297bf9c77,KXNEXTIRANLEADER-45JAN01-ALAR,2026-03-01T04:10:55.417435Z,466.00,0.1100,0.8900,no
975cd20c-91ab-7fcb-0c20-d10e45cd631d,KXNEXTIRANLEADER-45JAN01-ALAR,2026-03-01T04:10:55.417435Z,350.00,0.1100,0.8900,no
f1e5041f-4102-70ff-c955-ce25b897fbb5,KXNEXTIRANLEADER-45JAN01-ALAR,2026-03-01T04:10:42.057833Z,1174.00,0.1200,0.8800,no
2b52bc3a-fb16-5395-b988-22b0b408a869,KXNEXTIRANLEADER-45JAN01-ALAR,2026-03-01T04:10:11.501958Z,5.00,0.1300,0.8700,yes
e67d0821-80aa-5845-1a54-8dff8a9c3725,KXNEXTIRANLEADER-45JAN01-ALAR,2026-03-01T04:09:52.278018Z,53.00,0.1300,0.8700,yes
ba684f89-e186-5cd9-5eef-1b8132e85799,KXNEXTIRANLEADER-45JAN01-ALAR,2026-03-01T04:09:51.794908Z,7.00,0.1300,0.8700,yes
fd71d777-d622-6e9d-3cf9-a5faf181284d,KXNEXTIRANLEADER-45JAN01-ALAR,2026-03-01T04:09:36.023628Z,72.00,0.1300,0.8700,yes
22e44ae3-9efe-7265-e005-c60d97a880b5,KXNEXTIRANLEADER-45JAN01-ALAR,2026-03-01T04:08:34.358614Z,9.00,0.1300,0.8700,yes
aada54de-0f66-5377-a0ea-2121f5e1db29,KXNEXTIRANLEADER-45JAN01-ALAR,2026-03-01T04:08:00.516135Z,15.00,0.1200,0.8800,no
1aa8b7a9-193a-5059-5d32-5eb9899a7649,KXNEXTIRANLEADER-45JAN01-ALAR,2026-03-01T04:07:35.765974Z,200.00,0.1300,0.8700,yes
a9cebb62-6cfa-5429-c831-3c56be271f29,KXNEXTIRANLEADER-45JAN01-ALAR,2026-03-01T04:07:17.772846Z,145.00,0.1300,0.8700,yes
1f086a7e-9266-71ed-9744-4bbf482c2c91,KXNEXTIRANLEADER-45JAN01-ALAR,2026-03-01T04:07:13.625583Z,36.00,0.1300,0.8700,yes
e02f1a8e-dcca-5933-15d8-8536245a0901,KXNEXTIRANLEADER-45JAN01-ALAR,2026-03-01T04:07:13.57986Z,311.00,0.1200,0.8800,no
d4a13634-36ee-550d-2c1d-a38b40d8c8f0,KXNEXTIRANLEADER-45JAN01-ALAR,2026-03-01T04:07:13.57986Z,6.00,0.1200,0.8800,no
da4c63c3-3b9e-7b29-03ca-49383d944d41,KXNEXTIRANLEADER-45JAN01-ALAR,2026-03-01T04:06:52.252351Z,36.00,0.1300,0.8700,yes
feab350a-e48a-4dbd-20b8-2b2047183600,KXNEXTIRANLEADER-45JAN01-ALAR,2026-03-01T04:06:43.565976Z,10.00,0.1200,0.8800,no
b128ce4a-ffca-7799-a731-48af8b1bdf38,KXNEXTIRANLEADER-45JAN01-ALAR,2026-03-01T04:06:28.77376Z,31.00,0.1200,0.8800,no
395ba577-5705-6d87-2adc-8a35ae931bbf,KXNEXTIRANLEADER-45JAN01-ALAR,2026-03-01T04:05:07.148878Z,7.00,0.1300,0.8700,yes
24779dc5-dddd-5d73-b672-b61d4cdcf603,KXNEXTIRANLEADER-45JAN01-ALAR,2026-03-01T04:05:04.925411Z,14.00,0.1300,0.8700,yes
79d09698-c765-590f-a1cb-a517a5d60cb7,KXNEXTIRANLEADER-45JAN01-ALAR,2026-03-01T04:04:44.817131Z,36.00,0.1300,0.8700,yes
ac2a9bc6-f301-7747-3d25-89d0c6341de3,KXNEXTIRANLEADER-45JAN01-ALAR,2026-03-01T04:02:49.80804Z,13.00,0.1300,0.8700,yes
c42ba93a-a88d-7a03-6368-c05833ba6d37,KXNEXTIRANLEADER-45JAN01-ALAR,2026-03-01T04:02:45.920117Z,33.00,0.1300,0.8700,yes
85151973-98da-6875-693f-169c5836b9b0,KXNEXTIRANLEADER-45JAN01-ALAR,2026-03-01T04:02:39.386663Z,40.00,0.1200,0.8800,no
c43ed58c-390d-7ccb-eaa5-282c8e2cf50f,KXNEXTIRANLEADER-45JAN01-ALAR,2026-03-01T04:01:56.71191Z,29.00,0.1300,0.8700,yes
5d2ce6fb-95b1-79eb-34f3-87d4cc2f1767,KXNEXTIRANLEADER-45JAN01-ALAR,2026-03-01T04:01:51.409296Z,36.00,0.1300,0.8700,yes
26eeee82-fb39-617b-000b-4a7ddde6b9ab,KXNEXTIRANLEADER-45JAN01-ALAR,2026-03-01T04:01:13.575396Z,7.00,0.1300,0.8700,yes
7b6d1b3e-295b-5c28-b7a0-83e189d5e7e3,KXNEXTIRANLEADER-45JAN01-ALAR,2026-03-01T04:00:25.449517Z,6.00,0.1400,0.8600,yes
37c512a8-e0da-6a29-0062-3a17bcf6f72c,KXNEXTIRANLEADER-45JAN01-ALAR,2026-03-01T04:00:24.64807Z,13.00,0.1200,0.8800,no
50aafb14-8a56-40fa-ffbe-9e7816642611,KXNEXTIRANLEADER-45JAN01-ALAR,2026-03-01T04:00:09.015221Z,88.00,0.1300,0.8700,no
4df2e58e-a45e-423d-ddb9-0217ed04666c,KXNEXTIRANLEADER-45JAN01-ALAR,2026-03-01T04:00:09.015221Z,47.00,0.1300,0.8700,no
ea5a2a36-52cb-6960-5a4e-b69647b33cd3,KXNEXTIRANLEADER-45JAN01-ALAR,2026-03-01T04:00:08.519613Z,6.00,0.1400,0.8600,yes
97e45961-926b-4a38-cb5f-95e17bb30e5b,KXNEXTIRANLEADER-45JAN01-ALAR,2026-03-01T03:59:58.882591Z,13.00,0.1400,0.8600,yes
43d903df-ad17-7170-b80d-2c9d0d355833,KXNEXTIRANLEADER-45JAN01-ALAR,2026-03-01T03:59:54.988903Z,134.00,0.1400,0.8600,yes
853b3124-81b9-7340-0cba-9fef976d89d5,KXNEXTIRANLEADER-45JAN01-ALAR,2026-03-01T03:59:41.278364Z,25.00,0.1400,0.8600,no
a297a77d-2ae8-58d2-d83e-004108a131f9,KXNEXTIRANLEADER-45JAN01-ALAR,2026-03-01T03:59:31.846285Z,629.00,0.1500,0.8500,yes
3f066162-d574-6a5a-d0ea-5a109909aac1,KXNEXTIRANLEADER-45JAN01-ALAR,2026-03-01T03:59:29.139288Z,125.00,0.1500,0.8500,yes
da6b9412-1f04-43b2-fc9b-4df60bfe3561,KXNEXTIRANLEADER-45JAN01-ALAR,2026-03-01T03:59:22.28077Z,12.00,0.1500,0.8500,yes
de57583d-c964-4886-d92d-a932353a9a15,KXNEXTIRANLEADER-45JAN01-ALAR,2026-03-01T03:59:07.454629Z,20.00,0.1500,0.8500,yes
2f6e9f29-4880-4eb6-c844-547c652e9a2d,KXNEXTIRANLEADER-45JAN01-ALAR,2026-03-01T03:58:59.543718Z,31.00,0.1500,0.8500,yes
fc31fdc2-051c-55d2-740e-e8a12ea1bae5,KXNEXTIRANLEADER-45JAN01-ALAR,2026-03-01T03:58:15.756156Z,106.00,0.1500,0.8500,yes
c3f56c58-5df2-7cbd-f716-dfcbad70f737,KXNEXTIRANLEADER-45JAN01-ALAR,2026-03-01T03:57:01.619551Z,25.00,0.1400,0.8600,no
18900186-349c-7124-fc1f-a531bc3730ab,KXNEXTIRANLEADER-45JAN01-ALAR,2026-03-01T03:57:01.619551Z,36.00,0.1400,0.8600,no
48a0a3ec-eb4c-5cf6-be68-bd0d9dad248d,KXNEXTIRANLEADER-45JAN01-ALAR,2026-03-01T03:56:50.425874Z,94.00,0.1500,0.8500,yes
5ac3bb09-3378-4bce-aba0-747c7963c325,KXNEXTIRANLEADER-45JAN01-ALAR,2026-03-01T03:56:21.140887Z,6.00,0.1500,0.8500,yes
790c5e80-1638-4f0e-42d4-88bfb0922e1d,KXNEXTIRANLEADER-45JAN01-ALAR,2026-03-01T03:55:46.147828Z,31.00,0.1500,0.8500,yes
e7db10b8-1669-6d2b-50b3-d7f5b6a5a155,KXNEXTIRANLEADER-45JAN01-ALAR,2026-03-01T03:55:28.98444Z,64.00,0.1500,0.8500,yes
28569a8c-0356-6007-4a4a-bc7f3f906c0a,KXNEXTIRANLEADER-45JAN01-ALAR,2026-03-01T03:55:28.98444Z,25.00,0.1500,0.8500,yes
06fe441c-ca68-611a-5a70-fb01e64ceaed,KXNEXTIRANLEADER-45JAN01-ALAR,2026-03-01T03:55:28.98444Z,525.00,0.1500,0.8500,yes
830acf1a-f1f5-6173-299d-25815a83e989,KXNEXTIRANLEADER-45JAN01-ALAR,2026-03-01T03:54:23.021765Z,18.00,0.1500,0.8500,yes
5b799cc0-29c5-69c3-93c5-aef8a07cb389,KXNEXTIRANLEADER-45JAN01-ALAR,2026-03-01T03:54:22.527537Z,31.00,0.1500,0.8500,yes
d36ed702-7bc1-475f-8beb-bc50a561a211,KXNEXTIRANLEADER-45JAN01-ALAR,2026-03-01T03:54:01.213317Z,29.00,0.1500,0.8500,yes
f7e47687-4b9d-749f-2f50-9389ee440525,KXNEXTIRANLEADER-45JAN01-ALAR,2026-03-01T03:53:54.308252Z,72.00,0.1500,0.8500,yes
16d18eea-9631-52ab-3d9e-53c67f179d2d,KXNEXTIRANLEADER-45JAN01-ALAR,2026-03-01T03:53:51.164681Z,94.00,0.1500,0.8500,yes
747d8326-cd25-628b-4efa-262781235ffd,KXNEXTIRANLEADER-45JAN01-ALAR,2026-03-01T03:53:44.253201Z,125.00,0.1500,0.8500,yes
c0acccee-f4cd-526b-1e4b-de516cf5f381,KXNEXTIRANLEADER-45JAN01-ALAR,2026-03-01T03:53:31.137269Z,6.00,0.1500,0.8500,yes
6291ad61-b0c9-58d3-753a-e2271ebe09b5,KXNEXTIRANLEADER-45JAN01-ALAR,2026-03-01T03:53:21.51877Z,31.00,0.1500,0.8500,yes
ac25aa3d-c211-67f3-a033-d810a81fc9ed,KXNEXTIRANLEADER-45JAN01-ALAR,2026-03-01T03:52:50.456444Z,5.00,0.1500,0.8500,yes
95b294a7-f7c6-76bb-fb6e-a382fbc1f00a,KXNEXTIRANLEADER-45JAN01-ALAR,2026-03-01T03:52:44.143746Z,25.00,0.1500,0.8500,no
552ea9ac-f0d2-660b-38f4-385f0bf1f44d,KXNEXTIRANLEADER-45JAN01-ALAR,2026-03-01T03:52:28.337372Z,14.00,0.1600,0.8400,yes
618cace5-cdd7-4c82-b36f-2edbfd028c0a,KXNEXTIRANLEADER-45JAN01-ALAR,2026-03-01T03:52:21.238447Z,25.00,0.1500,0.8500,yes
3e029339-4c2d-4e46-a274-ab704b3ccad6,KXNEXTIRANLEADER-45JAN01-ALAR,2026-03-01T03:52:21.238447Z,4.00,0.1500,0.8500,yes
2ac089b9-0643-4383-b0b3-d0b99dfc04c2,KXNEXTIRANLEADER-45JAN01-ALAR,2026-03-01T03:52:21.238447Z,12.00,0.1500,0.8500,yes
0c2a9d4e-402a-4da3-bf20-dae90839f895,KXNEXTIRANLEADER-45JAN01-ALAR,2026-03-01T03:52:21.238447Z,59.00,0.1600,0.8400,yes
f82b214a-5111-5cc6-6762-fe603fb6fc2a,KXNEXTIRANLEADER-45JAN01-ALAR,2026-03-01T03:52:19.84113Z,62.00,0.1500,0.8500,yes
e9342ad0-f4eb-5cff-2a98-aef753dd6271,KXNEXTIRANLEADER-45JAN01-ALAR,2026-03-01T03:50:42.516761Z,50.00,0.1500,0.8500,yes
e85d85d9-3665-519a-0cce-41ed7949c73e,KXNEXTIRANLEADER-45JAN01-ALAR,2026-03-01T03:50:42.516761Z,19.00,0.1500,0.8500,yes
affa2d22-267e-56fd-f4c4-8780db5194ec,KXNEXTIRANLEADER-45JAN01-ALAR,2026-03-01T03:50:18.400973Z,303.00,0.1300,0.8700,no
81e02023-6817-504c-e61c-eff5fde5830e,KXNEXTIRANLEADER-45JAN01-ALAR,2026-03-01T03:50:18.400973Z,200.00,0.1300,0.8700,no
47f0c813-4482-5d11-eaa6-10b4a5563a53,KXNEXTIRANLEADER-45JAN01-ALAR,2026-03-01T03:50:18.400973Z,897.00,0.1400,0.8600,no
5c173ef2-18b6-46db-526e-0f33e168c8e5,KXNEXTIRANLEADER-45JAN01-ALAR,2026-03-01T03:50:18.004927Z,17.00,0.1600,0.8400,yes
21d504e1-cf09-4c02-72f5-9c889e88e2bf,KXNEXTIRANLEADER-45JAN01-ALAR,2026-03-01T03:50:18.004927Z,25.00,0.1500,0.8500,yes
3deb9011-b7f6-78df-cbee-3ef5dd123b05,KXNEXTIRANLEADER-45JAN01-ALAR,2026-03-01T03:49:51.491293Z,29.00,0.1600,0.8400,yes
51ae4678-c3b4-6d9b-d2c9-51bb2dbd15c7,KXNEXTIRANLEADER-45JAN01-ALAR,2026-03-01T03:49:36.737878Z,5.00,0.1500,0.8500,no
33c44ed6-e6bc-6855-da39-0a2154772915,KXNEXTIRANLEADER-45JAN01-ALAR,2026-03-01T03:49:36.737878Z,20.00,0.1500,0.8500,no
24080a2b-cb42-6c49-dfde-e0900bf5ba5b,KXNEXTIRANLEADER-45JAN01-ALAR,2026-03-01T03:49:36.737878Z,70.00,0.1400,0.8600,no
e867bf1a-faa6-400b-2108-4cb6e4adbcb1,KXNEXTIRANLEADER-45JAN01-ALAR,2026-03-01T03:49:03.924583Z,3.00,0.1600,0.8400,yes
47da4afa-d0e0-7a17-8bf3-22292c59539f,KXNEXTIRANLEADER-45JAN01-ALAR,2026-03-01T03:48:11.655474Z,20.00,0.1500,0.8500,no
b9e5a0b2-0d86-6c1f-7743-6b947969b6d5,KXNEXTIRANLEADER-45JAN01-ALAR,2026-03-01T03:48:00.482737Z,600.00,0.1600,0.8400,yes
f4cffc39-2d1a-656b-07b4-c09972773725,KXNEXTIRANLEADER-45JAN01-ALAR,2026-03-01T03:47:53.320088Z,118.00,0.1600,0.8400,yes
71225802-f6ae-4143-bf04-a73c10fa0ab5,KXNEXTIRANLEADER-45JAN01-ALAR,2026-03-01T03:47:38.045533Z,11.00,0.1600,0.8400,yes
491354b5-7dae-73b7-50c0-a0359af09e21,KXNEXTIRANLEADER-45JAN01-ALAR,2026-03-01T03:47:33.240791Z,55.00,0.1600,0.8400,yes
0a965df7-a622-6be3-1ba7-3b38da5dd7fd,KXNEXTIRANLEADER-45JAN01-ALAR,2026-03-01T03:47:30.145412Z,118.00,0.1600,0.8400,yes
c2b3c211-91ee-7b57-b29c-31aa7ac3c42d,KXNEXTIRANLEADER-45JAN01-ALAR,2026-03-01T03:47:20.119781Z,29.00,0.1600,0.8400,yes
24d720c8-c74e-568b-7888-e85c7286b2e1,KXNEXTIRANLEADER-45JAN01-ALAR,2026-03-01T03:47:12.321851Z,166.00,0.1600,0.8400,yes
a16b2a97-fe0a-4e37-c525-6239c43b13ed,KXNEXTIRANLEADER-45JAN01-ALAR,2026-03-01T03:46:55.472365Z,295.00,0.1600,0.8400,yes
2c331ee4-df26-53cb-3fe1-3790583782b5,KXNEXTIRANLEADER-45JAN01-ALAR,2026-03-01T03:46:52.933465Z,59.00,0.1600,0.8400,yes
7120e4fe-1526-4073-c277-910255d947e1,KXNEXTIRANLEADER-45JAN01-ALAR,2026-03-01T03:46:42.464365Z,581.00,0.1600,0.8400,yes
3cd9374b-ed31-4d52-8945-5f43f3fc9ec9,KXNEXTIRANLEADER-45JAN01-ALAR,2026-03-01T03:45:56.089044Z,27.00,0.1700,0.8300,yes
5304937c-8f7b-4646-5499-3256a724e2c5,KXNEXTIRANLEADER-45JAN01-ALAR,2026-03-01T03:45:50.164274Z,45.00,0.1700,0.8300,yes
08fc86d7-b6d9-49aa-604f-ec7b3de35e19,KXNEXTIRANLEADER-45JAN01-ALAR,2026-03-01T03:45:50.164274Z,10.00,0.1700,0.8300,yes
c9ec35fc-f492-4b68-87ff-eda34ece05a9,KXNEXTIRANLEADER-45JAN01-ALAR,2026-03-01T03:45:42.419536Z,25.00,0.1600,0.8400,yes
3408f4d4-37b7-4812-a8dc-b4fca5cbfe41,KXNEXTIRANLEADER-45JAN01-ALAR,2026-03-01T03:45:42.419536Z,5.00,0.1700,0.8300,yes
0b3ab892-de1b-4ba6-bde0-d05641ebaf98,KXNEXTIRANLEADER-45JAN01-ALAR,2026-03-01T03:45:42.419536Z,10.00,0.1700,0.8300,yes
c61f5640-e5fe-5947-f95e-983b15b5dd35,KXNEXTIRANLEADER-45JAN01-ALAR,2026-03-01T03:45:40.32202Z,25.00,0.1600,0.8400,yes
42815b35-0e28-5fd1-dc12-c7b7c1861b75,KXNEXTIRANLEADER-45JAN01-ALAR,2026-03-01T03:45:40.32202Z,1.00,0.1600,0.8400,yes
3c0c6052-0337-57aa-cab0-76d6df259e9c,KXNEXTIRANLEADER-45JAN01-ALAR,2026-03-01T03:45:40.32202Z,31.00,0.1700,0.8300,yes
13b52258-49e3-5a1a-084b-4820b16710cc,KXNEXTIRANLEADER-45JAN01-ALAR,2026-03-01T03:45:15.769591Z,25.00,0.1600,0.8400,no
10e79d2f-ebba-5b9d-2b85-48a755164463,KXNEXTIRANLEADER-45JAN01-ALAR,2026-03-01T03:45:15.769591Z,563.00,0.1400,0.8600,no
ab2941b6-f7f7-51f6-e812-181433a60bd7,KXNEXTIRANLEADER-45JAN01-ALAR,2026-03-01T03:45:07.980337Z,300.00,0.1700,0.8300,no
f4422f21-09f3-546a-f0b4-4520f0409e63,KXNEXTIRANLEADER-45JAN01-ALAR,2026-03-01T03:44:52.751511Z,50.00,0.1800,0.8200,yes
c5881ec4-f73a-55fb-ccbc-b3029fc2d315,KXNEXTIRANLEADER-45JAN01-ALAR,2026-03-01T03:44:52.751511Z,212.00,0.1800,0.8200,yes
f61a0ae2-311c-6aca-4c98-a0d5d123075d,KXNEXTIRANLEADER-45JAN01-ALAR,2026-03-01T03:44:43.459823Z,75.00,0.1800,0.8200,yes
f619af65-52d4-66c6-7d86-eaafdf5b8a43,KXNEXTIRANLEADER-45JAN01-ALAR,2026-03-01T03:44:43.459823Z,10.00,0.1800,0.8200,yes
1efd2206-9cd7-6082-7a29-717b81a82e90,KXNEXTIRANLEADER-45JAN01-ALAR,2026-03-01T03:44:43.459823Z,19.00,0.1900,0.8100,yes
dfda97c0-853a-73ea-095f-6efb1f743c21,KXNEXTIRANLEADER-45JAN01-ALAR,2026-03-01T03:44:32.818243Z,1.00,0.1800,0.8200,no
a783fab1-d80e-74be-15c2-4f5006ea7b16,KXNEXTIRANLEADER-45JAN01-ALAR,2026-03-01T03:44:32.818243Z,24.00,0.1800,0.8200,no
63349fd8-2077-7f76-2aa8-1dc090752020,KXNEXTIRANLEADER-45JAN01-ALAR,2026-03-01T03:44:13.647935Z,49.00,0.1900,0.8100,yes
eadd97e1-f16f-598a-0e20-74ae7060a6f8,KXNEXTIRANLEADER-45JAN01-ALAR,2026-03-01T03:43:57.30366Z,736.00,0.1900,0.8100,yes
1fe90558-17ff-5866-c9d5-a69083c6f8a8,KXNEXTIRANLEADER-45JAN01-ALAR,2026-03-01T03:43:47.726444Z,14.00,0.1900,0.8100,yes
64f7e3ad-d943-5326-147d-b1d884ce5b50,KXNEXTIRANLEADER-45JAN01-ALAR,2026-03-01T03:43:42.463375Z,24.00,0.1900,0.8100,yes
8d654958-6eb2-726a-7905-cd61ee4fbc4a,KXNEXTIRANLEADER-45JAN01-ALAR,2026-03-01T03:43:36.984004Z,1.00,0.1800,0.8200,no
4930fb19-93b7-71d2-2d68-91e8f1385858,KXNEXTIRANLEADER-45JAN01-ALAR,2026-03-01T03:43:33.147828Z,124.00,0.1900,0.8100,yes
ef0ddd52-d7f5-4ab6-8421-9f1180e2c278,KXNEXTIRANLEADER-45JAN01-ALAR,2026-03-01T03:43:21.141605Z,198.00,0.1800,0.8200,no
da21d3ba-785b-5b6e-48c6-b5ea6de3eef4,KXNEXTIRANLEADER-45JAN01-ALAR,2026-03-01T03:43:02.806014Z,1.00,0.1900,0.8100,yes
9645b43d-ead1-5eb6-7c89-a9ef8fc5ead8,KXNEXTIRANLEADER-45JAN01-ALAR,2026-03-01T03:42:51.905295Z,4.00,0.1800,0.8200,no
97c8b59c-cd53-7fa2-0fe1-f7fb77df1ac4,KXNEXTIRANLEADER-45JAN01-ALAR,2026-03-01T03:42:38.558874Z,24.00,0.1900,0.8100,yes
9b69459b-0b8b-46fe-88ba-ac4e9a20597c,KXNEXTIRANLEADER-45JAN01-ALAR,2026-03-01T03:42:31.883357Z,4.00,0.1900,0.8100,yes
aa22d2f0-2d87-589e-f51d-8abd824a37bc,KXNEXTIRANLEADER-45JAN01-ALAR,2026-03-01T03:42:24.695361Z,49.00,0.1900,0.8100,yes
a178dbdb-a639-4d92-58d2-a2aa577771d4,KXNEXTIRANLEADER-45JAN01-ALAR,2026-03-01T03:42:16.664505Z,8.00,0.1800,0.8200,no
f20d523e-8b7e-6516-9879-86b07ba3c02c,KXNEXTIRANLEADER-45JAN01-ALAR,2026-03-01T03:42:15.058022Z,1.00,0.1900,0.8100,yes
e9487631-6369-6b4f-bad4-65074ef17f3b,KXNEXTIRANLEADER-45JAN01-ALAR,2026-03-01T03:42:15.058022Z,24.00,0.1900,0.8100,yes
d26c37ff-9403-6e2a-b7d1-0c34ffe25f43,KXNEXTIRANLEADER-45JAN01-ALAR,2026-03-01T03:42:15.058022Z,16.00,0.2000,0.8000,yes
a7c7353c-2170-6cec-89a2-cbf0fd818005,KXNEXTIRANLEADER-45JAN01-ALAR,2026-03-01T03:42:15.058022Z,7.00,0.1900,0.8100,yes
8f969e73-fc69-62bd-5520-7285308507d1,KXNEXTIRANLEADER-45JAN01-ALAR,2026-03-01T03:41:42.472191Z,1.00,0.1900,0.8100,yes
6f3b252c-e348-6eb4-551f-7fde649f66e5,KXNEXTIRANLEADER-45JAN01-ALAR,2026-03-01T03:41:42.472191Z,23.00,0.1900,0.8100,yes
eb34ef75-2be5-4421-2261-bd4af18a994d,KXNEXTIRANLEADER-45JAN01-ALAR,2026-03-01T03:41:35.895556Z,24.00,0.1900,0.8100,yes
b045a392-6e78-5a96-2e85-faa1cba776bd,KXNEXTIRANLEADER-45JAN01-ALAR,2026-03-01T03:41:20.774858Z,1.00,0.1900,0.8100,no
a6b05e68-9ccd-59e6-2685-59d76bd7515c,KXNEXTIRANLEADER-45JAN01-ALAR,2026-03-01T03:41:20.774858Z,144.00,0.1800,0.8200,no
83e36ccb-c8b4-4fa1-b429-dc986ad32f45,KXNEXTIRANLEADER-45JAN01-ALAR,2026-03-01T03:41:02.741212Z,35.00,0.2000,0.8000,no
80d4873c-c191-4018-b368-3b6db0bf5c5b,KXNEXTIRANLEADER-45JAN01-ALAR,2026-03-01T03:41:02.741212Z,1.00,0.2000,0.8000,no
c4345938-ccd4-67cd-b5a1-626ecb4d61ad,KXNEXTIRANLEADER-45JAN01-ALAR,2026-03-01T03:40:46.43722Z,15.00,0.2000,0.8000,no
c833c1d4-294f-7ce6-5383-5f2c99549428,KXNEXTIRANLEADER-45JAN01-ALAR,2026-03-01T03:40:20.146185Z,135.00,0.2100,0.7900,yes
50e6cec5-6f74-5799-3784-f727597856bd,KXNEXTIRANLEADER-45JAN01-ALAR,2026-03-01T03:40:17.709632Z,50.00,0.2000,0.8000,no
d418790f-0de3-5cbb-f68e-129ac5576b52,KXNEXTIRANLEADER-45JAN01-ALAR,2026-03-01T03:40:09.868951Z,1.00,0.2100,0.7900,no
b25c8e97-a19b-5700-fb09-0378a9619316,KXNEXTIRANLEADER-45JAN01-ALAR,2026-03-01T03:40:09.868951Z,1.00,0.2100,0.7900,no
f7e3e4d4-447b-7af0-9b3d-49233a8aeb82,KXNEXTIRANLEADER-45JAN01-ALAR,2026-03-01T03:39:37.585943Z,644.00,0.2200,0.7800,no
bed0336c-9240-7c81-86f2-7add1599c48f,KXNEXTIRANLEADER-45JAN01-ALAR,2026-03-01T03:39:37.585943Z,3.00,0.2200,0.7800,no
ce93f3ac-1b7d-6588-888e-cfac6e6ab353,KXNEXTIRANLEADER-45JAN01-ALAR,2026-03-01T03:39:25.638723Z,25.00,0.2200,0.7800,no
7d120453-f839-6519-aa8c-72d22668ade8,KXNEXTIRANLEADER-45JAN01-ALAR,2026-03-01T03:39:25.638723Z,63.00,0.2200,0.7800,no
6bf42a6c-d234-62e6-952f-02b754acc73e,KXNEXTIRANLEADER-45JAN01-ALAR,2026-03-01T03:39:25.638723Z,1500.00,0.2200,0.7800,no
41f2199b-dee2-6bfa-96c1-d2665c826fc4,KXNEXTIRANLEADER-45JAN01-ALAR,2026-03-01T03:39:25.638723Z,50.00,0.2200,0.7800,no
407424df-663f-6364-a25b-bd7a7af4c2ea,KXNEXTIRANLEADER-45JAN01-ALAR,2026-03-01T03:39:25.638723Z,1356.00,0.2200,0.7800,no
146d69ec-182d-6edf-9cb5-920efc487cd4,KXNEXTIRANLEADER-45JAN01-ALAR,2026-03-01T03:39:25.638723Z,6.00,0.2200,0.7800,no
7c91cb15-2125-5bc1-4bdf-5ba04e944fd8,KXNEXTIRANLEADER-45JAN01-ALAR,2026-03-01T03:39:01.459759Z,30.00,0.2200,0.7800,no
de784356-b549-5b1d-348b-4aed82fa1230,KXNEXTIRANLEADER-45JAN01-ALAR,2026-03-01T03:38:31.059511Z,153.00,0.2200,0.7800,no
19f0c3d6-fed8-5ec7-b7ff-802d5571a152,KXNEXTIRANLEADER-45JAN01-ALAR,2026-03-01T03:38:22.82882Z,20.00,0.2300,0.7700,yes
f3c5bf78-afe8-5dd7-ec6f-698568c94ee2,KXNEXTIRANLEADER-45JAN01-ALAR,2026-03-01T03:38:12.054253Z,350.00,0.2300,0.7700,yes
ff6f3724-be24-411b-8fc3-c0f33de3ba0e,KXNEXTIRANLEADER-45JAN01-ALAR,2026-03-01T03:38:06.634159Z,20.00,0.2300,0.7700,yes
6f74a2e5-b1dc-4887-5177-042dc5d95c7a,KXNEXTIRANLEADER-45JAN01-ALAR,2026-03-01T03:37:28.85581Z,206.00,0.2300,0.7700,yes
5dc2c4b1-6a4d-436d-f33c-e13af9ce1928,KXNEXTIRANLEADER-45JAN01-ALAR,2026-03-01T03:37:06.555945Z,42.00,0.2200,0.7800,no
b09df59d-1554-4d8f-0e1a-f06d27c52e56,KXNEXTIRANLEADER-45JAN01-ALAR,2026-03-01T03:36:32.617143Z,4.00,0.2300,0.7700,yes
f533b510-c009-6315-087a-0a53abb08774,KXNEXTIRANLEADER-45JAN01-ALAR,2026-03-01T03:36:31.089802Z,30.00,0.2200,0.7800,no
f213473a-3aa0-51d3-2a3f-82dc24aaec1e,KXNEXTIRANLEADER-45JAN01-ALAR,2026-03-01T03:36:28.872493Z,210.00,0.2300,0.7700,yes
19f2152c-20a4-4f63-470b-cd053372d606,KXNEXTIRANLEADER-45JAN01-ALAR,2026-03-01T03:36:20.860442Z,20.00,0.2300,0.7700,yes
bc0a9995-3208-4fff-f58c-b569be10d8a6,KXNEXTIRANLEADER-45JAN01-ALAR,2026-03-01T03:36:12.430752Z,8.00,0.2300,0.7700,yes
e0c8d1f1-5780-7097-b564-8e064419322e,KXNEXTIRANLEADER-45JAN01-ALAR,2026-03-01T03:36:09.574108Z,82.00,0.2300,0.7700,yes
0fe4ab2e-4b44-76b7-4e0c-694abbe21e72,KXNEXTIRANLEADER-45JAN01-ALAR,2026-03-01T03:36:00.01773Z,20.00,0.2300,0.7700,yes
a9dbf8df-73a6-77c2-880b-a5e106250126,KXNEXTIRANLEADER-45JAN01-ALAR,2026-03-01T03:35:54.865272Z,4.00,0.2300,0.7700,yes
50752a0f-ff3c-719b-b6c7-abef1edcb3b2,KXNEXTIRANLEADER-45JAN01-ALAR,2026-03-01T03:35:54.865272Z,35.00,0.2300,0.7700,yes
c38e8b36-b9ba-72a2-4348-1824e0c2f4da,KXNEXTIRANLEADER-45JAN01-ALAR,2026-03-01T03:35:48.04257Z,20.00,0.2300,0.7700,yes
028c6fff-6448-6d0b-a1e9-f52f0e4106bd,KXNEXTIRANLEADER-45JAN01-ALAR,2026-03-01T03:35:45.12571Z,76.00,0.2300,0.7700,no
53912994-f57c-65dc-e37a-508fc4f800ef,KXNEXTIRANLEADER-45JAN01-ALAR,2026-03-01T03:35:29.152093Z,98.00,0.2400,0.7600,yes
fbea8d54-75bf-7d2f-9323-0d7f150a4d06,KXNEXTIRANLEADER-45JAN01-ALAR,2026-03-01T03:35:21.589012Z,5.00,0.2300,0.7700,no
a73a1900-40a4-775f-b8ee-1cf96a353e2d,KXNEXTIRANLEADER-45JAN01-ALAR,2026-03-01T03:35:21.589012Z,9.00,0.2300,0.7700,no
a22dde87-d384-75c9-aac1-f891ac64fdaa,KXNEXTIRANLEADER-45JAN01-ALAR,2026-03-01T03:35:21.589012Z,12.00,0.2300,0.7700,no
9614ecdf-c75b-7193-e0bd-961f9e1e4dd2,KXNEXTIRANLEADER-45JAN01-ALAR,2026-03-01T03:35:20.579616Z,20.00,0.2300,0.7700,no
965aaf49-6cc4-4aa4-c9ec-da9fb1121c4b,KXNEXTIRANLEADER-45JAN01-ALAR,2026-03-01T03:35:09.558768Z,19.00,0.2400,0.7600,yes
0934bfd9-8d00-7d84-8f89-2b29ea8f0fbf,KXNEXTIRANLEADER-45JAN01-ALAR,2026-03-01T03:35:07.212091Z,25.00,0.2400,0.7600,yes
48739a2f-595c-78ec-8525-4586511c344f,KXNEXTIRANLEADER-45JAN01-ALAR,2026-03-01T03:33:51.021459Z,19.00,0.2400,0.7600,yes
25dae1b5-ee2c-488c-1f35-e5262ca1a543,KXNEXTIRANLEADER-45JAN01-ALAR,2026-03-01T03:33:32.775653Z,19.00,0.2400,0.7600,yes
9af39622-a528-7734-4bf1-3c5cb831aabf,KXNEXTIRANLEADER-45JAN01-ALAR,2026-03-01T03:32:43.208398Z,2.00,0.2400,0.7600,yes
886760aa-bac8-56f0-eff7-b9cc742ae923,KXNEXTIRANLEADER-45JAN01-ALAR,2026-03-01T03:32:34.280025Z,3.00,0.2400,0.7600,yes
dff8c2a0-48e0-6c90-8109-85af0486feeb,KXNEXTIRANLEADER-45JAN01-ALAR,2026-03-01T03:32:13.579591Z,11.00,0.2400,0.7600,yes
a0d316ad-c23c-4930-4bbe-a718366a149f,KXNEXTIRANLEADER-45JAN01-ALAR,2026-03-01T03:32:06.049957Z,79.00,0.2400,0.7600,yes
9a4a2ff0-4974-487c-7178-7d0913ac6f9b,KXNEXTIRANLEADER-45JAN01-ALAR,2026-03-01T03:30:50.133152Z,15.00,0.2400,0.7600,yes
c0f2e1b0-7778-7d70-227d-96644fc61203,KXNEXTIRANLEADER-45JAN01-ALAR,2026-03-01T03:30:41.073327Z,395.00,0.2400,0.7600,yes
8d7f2c29-c6cc-6960-f1c1-c1809432c73f,KXNEXTIRANLEADER-45JAN01-ALAR,2026-03-01T03:30:34.164911Z,79.00,0.2400,0.7600,yes
e48b1de6-d178-7c68-5ea2-65fc69e7abf7,KXNEXTIRANLEADER-45JAN01-ALAR,2026-03-01T03:30:23.865531Z,369.00,0.2400,0.7600,yes
d88ea346-614e-733b-7857-528897b10377,KXNEXTIRANLEADER-45JAN01-ALAR,2026-03-01T03:30:23.865531Z,15.00,0.2300,0.7700,yes
7362cd93-3604-762b-64f7-6bae112e844b,KXNEXTIRANLEADER-45JAN01-ALAR,2026-03-01T03:30:23.865531Z,25.00,0.2300,0.7700,yes
345ef7c9-c246-4233-1f7e-67b314a8cf43,KXNEXTIRANLEADER-45JAN01-ALAR,2026-03-01T03:29:56.060319Z,4.00,0.2300,0.7700,yes
f1411fe4-d90a-467f-8709-00e4c251aaeb,KXNEXTIRANLEADER-45JAN01-ALAR,2026-03-01T03:29:34.589944Z,41.00,0.2300,0.7700,yes
23fef32c-63fe-60df-0190-bda79eca654b,KXNEXTIRANLEADER-45JAN01-ALAR,2026-03-01T03:29:29.765905Z,20.00,0.2300,0.7700,yes
deeb1fe4-9e76-4173-69ec-157d208ded63,KXNEXTIRANLEADER-45JAN01-ALAR,2026-03-01T03:29:09.35336Z,20.00,0.2300,0.7700,yes
a646a788-7e71-4401-eecb-551bcecaa0f8,KXNEXTIRANLEADER-45JAN01-ALAR,2026-03-01T03:28:51.82127Z,6.00,0.2200,0.7800,no
35a124d5-04d8-54d0-2ce4-9d9e5ba49eff,KXNEXTIRANLEADER-45JAN01-ALAR,2026-03-01T03:28:43.108133Z,98.00,0.2400,0.7600,yes
f83104b4-4bb9-441d-b1c0-2c26c360e278,KXNEXTIRANLEADER-45JAN01-ALAR,2026-03-01T03:28:19.126256Z,26.00,0.2200,0.7800,no
217b6ea8-6e84-41e2-80e0-d745f32533de,KXNEXTIRANLEADER-45JAN01-ALAR,2026-03-01T03:28:19.126256Z,23.00,0.2300,0.7700,no
876c0120-47b4-6ec4-2893-1fd055770ce3,KXNEXTIRANLEADER-45JAN01-ALAR,2026-03-01T03:28:03.348287Z,3.00,0.2400,0.7600,yes
afe35579-021e-48a5-9593-97911ed9c2f4,KXNEXTIRANLEADER-45JAN01-ALAR,2026-03-01T03:27:59.510719Z,46.00,0.2300,0.7700,no
26f52c3b-df18-7588-cfd0-247fec3ff9bf,KXNEXTIRANLEADER-45JAN01-ALAR,2026-03-01T03:27:58.541329Z,9.00,0.2400,0.7600,yes
151d7437-e390-7414-dc89-4dbe5d551547,KXNEXTIRANLEADER-45JAN01-ALAR,2026-03-01T03:27:17.128311Z,6.00,0.2400,0.7600,yes
f7e7b74b-c4b9-653b-fb7f-b74a6b3b3dba,KXNEXTIRANLEADER-45JAN01-ALAR,2026-03-01T03:27:07.672561Z,2.00,0.2300,0.7700,no
e94f4e57-1d54-6dfb-c5fc-c158b0cbcca9,KXNEXTIRANLEADER-45JAN01-ALAR,2026-03-01T03:27:07.672561Z,1.00,0.2300,0.7700,no
92dc6689-28f2-6e42-cb2b-dac77e0b80c1,KXNEXTIRANLEADER-45JAN01-ALAR,2026-03-01T03:27:07.672561Z,16.00,0.2300,0.7700,no
3de54a5f-8fa4-4274-ef4f-3b0b5ce79a37,KXNEXTIRANLEADER-45JAN01-ALAR,2026-03-01T03:27:03.210664Z,586.00,0.2400,0.7600,yes
527f7a14-27ac-51a0-4365-f53435da152f,KXNEXTIRANLEADER-45JAN01-ALAR,2026-03-01T03:26:33.955147Z,573.00,0.2400,0.7600,yes
8f8bacb3-a6c0-7c9c-8433-fc0585a0e6d3,KXNEXTIRANLEADER-45JAN01-ALAR,2026-03-01T03:26:28.062442Z,19.00,0.2400,0.7600,yes
e1d3264c-d443-4d61-7019-66a7e9987c81,KXNEXTIRANLEADER-45JAN01-ALAR,2026-03-01T03:26:18.57074Z,25.00,0.2700,0.7300,no
e08d350d-e795-492e-68a2-fbdb9829182d,KXNEXTIRANLEADER-45JAN01-ALAR,2026-03-01T03:26:18.57074Z,100.00,0.2700,0.7300,no
ca02a2ab-7a37-4d69-5df7-5115da21e9e1,KXNEXTIRANLEADER-45JAN01-ALAR,2026-03-01T03:26:18.57074Z,100.00,0.2500,0.7500,no
abac2bde-4322-4c9a-6375-092cc12bc198,KXNEXTIRANLEADER-45JAN01-ALAR,2026-03-01T03:26:18.57074Z,1.00,0.2500,0.7500,no
93c37519-ee28-444f-4962-5ddce30ff5e8,KXNEXTIRANLEADER-45JAN01-ALAR,2026-03-01T03:26:18.57074Z,1000.00,0.2400,0.7600,no
92f4b195-20d2-43a3-5d24-fea49e13b15a,KXNEXTIRANLEADER-45JAN01-ALAR,2026-03-01T03:26:18.57074Z,30.00,0.2700,0.7300,no
3ea3e307-eda9-48aa-40db-7bef780c0925,KXNEXTIRANLEADER-45JAN01-ALAR,2026-03-01T03:26:18.57074Z,206.00,0.2600,0.7400,no
37c243a4-ba9d-4674-50b0-efb5769bba54,KXNEXTIRANLEADER-45JAN01-ALAR,2026-03-01T03:26:18.57074Z,1000.00,0.2600,0.7400,no
16dbb7fb-a558-4867-4a76-034e3ff6363d,KXNEXTIRANLEADER-45JAN01-ALAR,2026-03-01T03:26:18.57074Z,350.00,0.2500,0.7500,no
1169ff3d-ebb3-4435-6648-58a037e00377,KXNEXTIRANLEADER-45JAN01-ALAR,2026-03-01T03:26:18.57074Z,1.00,0.2500,0.7500,no
01ccaf4c-382f-4dd1-6adb-0f0c8e3a7b30,KXNEXTIRANLEADER-45JAN01-ALAR,2026-03-01T03:26:18.57074Z,23.00,0.2700,0.7300,no
dbafb88f-df2e-567f-c37d-8f20ce5135bd,KXNEXTIRANLEADER-45JAN01-ALAR,2026-03-01T03:25:39.711992Z,197.00,0.2800,0.7200,yes
2ea49f37-9096-749f-cdae-7572cc75c88d,KXNEXTIRANLEADER-45JAN01-ALAR,2026-03-01T03:24:20.838653Z,85.00,0.2800,0.7200,yes
434c1929-200a-645f-3517-00644d8c3149,KXNEXTIRANLEADER-45JAN01-ALAR,2026-03-01T03:24:12.015589Z,8.00,0.2800,0.7200,yes
fa1abd8f-6662-64e7-f795-471261e1b675,KXNEXTIRANLEADER-45JAN01-ALAR,2026-03-01T03:24:10.725862Z,337.00,0.2800,0.7200,yes
98ec40ac-7b35-6f1e-f07c-7810bfd0dd38,KXNEXTIRANLEADER-45JAN01-ALAR,2026-03-01T03:24:10.725862Z,1363.00,0.2800,0.7200,yes
fffc88cc-10fd-5b0e-f56a-b4019f2c6fc8,KXNEXTIRANLEADER-45JAN01-ALAR,2026-03-01T03:24:06.756007Z,17.00,0.2800,0.7200,yes
6e597e58-7fbd-76e2-1647-ae06bbacaaa0,KXNEXTIRANLEADER-45JAN01-ALAR,2026-03-01T03:23:43.252903Z,3.00,0.2800,0.7200,yes
3810c4d1-1c6d-70fa-a3fd-02f2fc4b9c6c,KXNEXTIRANLEADER-45JAN01-ALAR,2026-03-01T03:23:42.333137Z,3.00,0.2800,0.7200,yes
5663df80-8ead-570e-50c2-22b0afdcd338,KXNEXTIRANLEADER-45JAN01-ALAR,2026-03-01T03:23:38.785641Z,51.00,0.2800,0.7200,yes
ca427f57-8635-6326-2d8d-3d32a9b7b840,KXNEXTIRANLEADER-45JAN01-ALAR,2026-03-01T03:23:31.596829Z,17.00,0.2800,0.7200,yes
505cc6d3-b43d-4026-f0f6-0b6d9d262f88,KXNEXTIRANLEADER-45JAN01-ALAR,2026-03-01T03:23:21.845164Z,26.00,0.2800,0.7200,yes
ed476ae1-ece5-4d12-318c-ceeaf4399aec,KXNEXTIRANLEADER-45JAN01-ALAR,2026-03-01T03:23:19.427129Z,17.00,0.2800,0.7200,yes
79295b95-9869-416e-b0c7-70978716725c,KXNEXTIRANLEADER-45JAN01-ALAR,2026-03-01T03:23:02.333416Z,17.00,0.2800,0.7200,yes
62651e5b-adb1-51ae-bcfd-df03c8c9c820,KXNEXTIRANLEADER-45JAN01-ALAR,2026-03-01T03:22:55.641125Z,85.00,0.2800,0.7200,yes
a90bb439-11a9-560a-120e-c04d45899d98,KXNEXTIRANLEADER-45JAN01-ALAR,2026-03-01T03:22:38.870681Z,401.00,0.2800,0.7200,yes
86cfd952-43ab-5f7a-1f83-a96e814dba17,KXNEXTIRANLEADER-45JAN01-ALAR,2026-03-01T03:22:38.870681Z,41.00,0.2800,0.7200,yes
807b9843-9ad0-5830-3699-f9353b07404a,KXNEXTIRANLEADER-45JAN01-ALAR,2026-03-01T03:22:38.870681Z,78.00,0.2800,0.7200,yes
7e5705ae-5763-542b-11a8-30e69e53a5cb,KXNEXTIRANLEADER-45JAN01-ALAR,2026-03-01T03:22:38.870681Z,25.00,0.2800,0.7200,yes
1e268073-c059-5901-1be8-fe1acde4be07,KXNEXTIRANLEADER-45JAN01-ALAR,2026-03-01T03:22:38.870681Z,309.00,0.2800,0.7200,yes
e43c9932-c261-64ed-d54d-94baf4fde117,KXNEXTIRANLEADER-45JAN01-ALAR,2026-03-01T03:22:29.246728Z,17.00,0.2800,0.7200,yes
ad5bff4a-3be9-7af1-9144-b2b961f575ab,KXNEXTIRANLEADER-45JAN01-ALAR,2026-03-01T03:22:25.517179Z,6.00,0.2800,0.7200,yes
a8e0cb54-1705-66a9-5f40-f709c6ef4573,KXNEXTIRANLEADER-45JAN01-ALAR,2026-03-01T03:21:51.343964Z,17.00,0.2800,0.7200,yes
5c2ea387-7d95-7fed-2b1f-b6ee310b376b,KXNEXTIRANLEADER-45JAN01-ALAR,2026-03-01T03:21:51.037964Z,6.00,0.2800,0.7200,yes
5a52d7a2-83d1-401d-e7ee-e62baa468107,KXNEXTIRANLEADER-45JAN01-ALAR,2026-03-01T03:21:42.228891Z,47.00,0.2800,0.7200,yes
df1fb46c-be41-57b1-27c2-3ff50da09a67,KXNEXTIRANLEADER-45JAN01-ALAR,2026-03-01T03:21:33.71225Z,18.00,0.2800,0.7200,yes
be145a76-8b6d-4ec9-1e9f-4d18593471a7,KXNEXTIRANLEADER-45JAN01-ALAR,2026-03-01T03:21:19.165687Z,42.00,0.2800,0.7200,yes
8ba25380-1a0d-4a02-f076-628be3d68216,KXNEXTIRANLEADER-45JAN01-ALAR,2026-03-01T03:21:13.914539Z,11.00,0.2700,0.7300,no
7dd3a3c4-d9ce-425b-f631-f8b681647b5d,KXNEXTIRANLEADER-45JAN01-ALAR,2026-03-01T03:21:13.914539Z,232.00,0.2600,0.7400,no
0973a46c-8af1-42f2-dbc1-69192cd92ed9,KXNEXTIRANLEADER-45JAN01-ALAR,2026-03-01T03:21:13.914539Z,594.00,0.2600,0.7400,no
4c428d15-72e9-4439-2a12-ce3bb28d7b97,KXNEXTIRANLEADER-45JAN01-ALAR,2026-03-01T03:20:54.754963Z,95.00,0.2800,0.7200,yes
40eacf88-38a6-7117-9e21-3e6a0fd01925,KXNEXTIRANLEADER-45JAN01-ALAR,2026-03-01T03:20:44.267851Z,33.00,0.2600,0.7400,no
f07c9464-a3c1-7fbd-1ed5-9eab9e0dafe3,KXNEXTIRANLEADER-45JAN01-ALAR,2026-03-01T03:20:42.06281Z,17.00,0.2800,0.7200,yes
e36bdfd5-0a7e-4fc0-59b1-7da3458f1eed,KXNEXTIRANLEADER-45JAN01-ALAR,2026-03-01T03:20:41.270674Z,11.00,0.2700,0.7300,no
67ef012a-3d51-456d-76d5-262562ded6b3,KXNEXTIRANLEADER-45JAN01-ALAR,2026-03-01T03:20:41.270674Z,15.00,0.2700,0.7300,no
4607c026-57a3-4fbc-788d-c6f30ca8c2ec,KXNEXTIRANLEADER-45JAN01-ALAR,2026-03-01T03:20:41.270674Z,10.00,0.2700,0.7300,no
0301bb33-0858-47e7-736c-dbeef4d3299e,KXNEXTIRANLEADER-45JAN01-ALAR,2026-03-01T03:20:41.270674Z,25.00,0.2700,0.7300,no
de7a604e-14e1-4785-7075-7027c4308f9b,KXNEXTIRANLEADER-45JAN01-ALAR,2026-03-01T03:20:32.926178Z,1700.00,0.2800,0.7200,yes
91357c6e-b59d-570d-8d04-6b4be666f09b,KXNEXTIRANLEADER-45JAN01-ALAR,2026-03-01T03:20:05.865737Z,20.00,0.2800,0.7200,yes
c7f0a6ce-b55d-6201-2db2-843b554c01e3,KXNEXTIRANLEADER-45JAN01-ALAR,2026-03-01T03:19:20.548488Z,85.00,0.2800,0.7200,yes
fe5b7ded-7859-57d1-2af0-85a1064888d3,KXNEXTIRANLEADER-45JAN01-ALAR,2026-03-01T03:19:19.549627Z,34.00,0.2800,0.7200,yes
05a0fca9-72ed-5381-52d8-eda5d99782c3,KXNEXTIRANLEADER-45JAN01-ALAR,2026-03-01T03:18:37.38106Z,34.00,0.2800,0.7200,yes
f705fadf-2d89-6631-d8db-17b5df69408f,KXNEXTIRANLEADER-45JAN01-ALAR,2026-03-01T03:18:16.764654Z,50.00,0.2800,0.7200,yes
5b765a85-c489-5839-052b-013525a54047,KXNEXTIRANLEADER-45JAN01-ALAR,2026-03-01T03:17:45.653565Z,35.00,0.2800,0.7200,yes
00233795-7675-6fe9-e18a-a0588cc1b49f,KXNEXTIRANLEADER-45JAN01-ALAR,2026-03-01T03:17:08.075993Z,17.00,0.2800,0.7200,yes
d3923de8-f6b5-5fad-14a7-6a4c5d6be0cf,KXNEXTIRANLEADER-45JAN01-ALAR,2026-03-01T03:17:05.405967Z,17.00,0.2800,0.7200,yes
33ba2c97-2db2-5c04-3861-2e75325879c1,KXNEXTIRANLEADER-45JAN01-ALAR,2026-03-01T03:17:03.350161Z,10.00,0.2700,0.7300,no
7e834135-18cd-5d01-ddb0-b55bcb32306f,KXNEXTIRANLEADER-45JAN01-ALAR,2026-03-01T03:16:53.833745Z,6.00,0.2800,0.7200,yes
417b9cc9-e881-48d1-fc35-1ed2d2d921ef,KXNEXTIRANLEADER-45JAN01-ALAR,2026-03-01T03:16:38.217755Z,3.00,0.2800,0.7200,yes
f47e0a29-fce9-57c5-0509-3ca85bf3ca1f,KXNEXTIRANLEADER-45JAN01-ALAR,2026-03-01T03:16:32.491274Z,34.00,0.2800,0.7200,yes
a7b61ae5-5db9-5ae9-ce04-28693af600b7,KXNEXTIRANLEADER-45JAN01-ALAR,2026-03-01T03:16:23.214689Z,6.00,0.2800,0.7200,yes
46140329-b0ed-6421-2427-16892a1a52f3,KXNEXTIRANLEADER-45JAN01-ALAR,2026-03-01T03:16:09.264074Z,20.00,0.2800,0.7200,yes
7b3e297c-9889-5c9d-4044-e1054684ed33,KXNEXTIRANLEADER-45JAN01-ALAR,2026-03-01T03:16:03.827928Z,40.00,0.2800,0.7200,yes
7a91ac32-5638-4ae7-9088-720b3305a10e,KXNEXTIRANLEADER-45JAN01-ALAR,2026-03-01T03:15:49.79587Z,235.00,0.2700,0.7300,no
643d5a12-d2f5-5239-3fbd-924d7d0cb307,KXNEXTIRANLEADER-45JAN01-ALAR,2026-03-01T03:15:45.728502Z,91.00,0.2800,0.7200,yes
051b8f22-0a05-420d-dcf3-bcf11463c10b,KXNEXTIRANLEADER-45JAN01-ALAR,2026-03-01T03:15:27.533027Z,71.00,0.2800,0.7200,yes
faf6fba1-24dc-501f-f73a-967f55acf406,KXNEXTIRANLEADER-45JAN01-ALAR,2026-03-01T03:15:26.885233Z,65.00,0.2700,0.7300,no
6276be51-91f9-4b7d-dcd2-0d19953612c7,KXNEXTIRANLEADER-45JAN01-ALAR,2026-03-01T03:15:14.067259Z,61.00,0.2800,0.7200,yes
976701f8-df51-65d1-dcb9-cbab79e64273,KXNEXTIRANLEADER-45JAN01-ALAR,2026-03-01T03:15:08.656312Z,17.00,0.2800,0.7200,yes
432709f0-986d-6afd-2c33-672f963880f3,KXNEXTIRANLEADER-45JAN01-ALAR,2026-03-01T03:14:38.469228Z,17.00,0.2800,0.7200,yes
37cf5841-f48d-6b35-2026-663f9715b78f,KXNEXTIRANLEADER-45JAN01-ALAR,2026-03-01T03:14:31.481828Z,17.00,0.2800,0.7200,yes
825ba6dc-bc25-5d95-7f55-a8e79a524fd3,KXNEXTIRANLEADER-45JAN01-ALAR,2026-03-01T03:14:25.849814Z,85.00,0.2800,0.7200,yes
016d503e-d24d-7ad9-47f7-d84aba3ae097,KXNEXTIRANLEADER-45JAN01-ALAR,2026-03-01T03:14:05.967055Z,13.00,0.2800,0.7200,yes
156a3359-6529-61b1-c615-6957a5c86a2b,KXNEXTIRANLEADER-45JAN01-ALAR,2026-03-01T03:13:06.316077Z,129.00,0.2800,0.7200,yes
5a4d0ad7-1fa5-6c55-ef0a-0a08af2c97c3,KXNEXTIRANLEADER-45JAN01-ALAR,2026-03-01T03:12:18.630729Z,1.00,0.2800,0.7200,yes
04ed777a-9075-4bf9-9e08-6e0fb1292c2b,KXNEXTIRANLEADER-45JAN01-ALAR,2026-03-01T03:12:13.841363Z,6.00,0.2800,0.7200,yes
c0b83c55-5a25-6fd1-4c22-cb531c392777,KXNEXTIRANLEADER-45JAN01-ALAR,2026-03-01T03:11:47.372865Z,25.00,0.2800,0.7200,yes
a3e36bf1-fdd4-7f43-66eb-2d395061cd52,KXNEXTIRANLEADER-45JAN01-ALAR,2026-03-01T03:11:42.760453Z,86.00,0.2700,0.7300,no
41c453fd-2b3d-7ecc-6fd1-3d7e075f92af,KXNEXTIRANLEADER-45JAN01-ALAR,2026-03-01T03:11:42.760453Z,29.00,0.2700,0.7300,no
24df0375-1664-7833-457b-b060590a2972,KXNEXTIRANLEADER-45JAN01-ALAR,2026-03-01T03:11:42.760453Z,120.00,0.2700,0.7300,no
e705b156-1fa1-7e35-06a9-5f1b4a9aac9b,KXNEXTIRANLEADER-45JAN01-ALAR,2026-03-01T03:11:40.242632Z,5.00,0.2800,0.7200,yes
f9ca193a-f15d-6665-01a0-bf287195de13,KXNEXTIRANLEADER-45JAN01-ALAR,2026-03-01T03:11:30.107751Z,68.00,0.2800,0.7200,yes
51c6b491-2ef9-5a45-06d1-faba6712d9b7,KXNEXTIRANLEADER-45JAN01-ALAR,2026-03-01T03:11:08.024142Z,34.00,0.2800,0.7200,yes
c3805700-cdf9-4151-f4fa-d9594f341b83,KXNEXTIRANLEADER-45JAN01-ALAR,2026-03-01T03:10:58.644777Z,34.00,0.2800,0.7200,yes
ebf746d4-1b4d-71a5-6125-8527da7551bb,KXNEXTIRANLEADER-45JAN01-ALAR,2026-03-01T03:09:57.085166Z,88.00,0.2800,0.7200,yes
fbd54f8e-a09a-7857-7396-68d67801ec83,KXNEXTIRANLEADER-45JAN01-ALAR,2026-03-01T03:09:45.83461Z,24.00,0.2800,0.7200,no
e29298c4-79c3-75e0-618d-a9a5c9b6b09e,KXNEXTIRANLEADER-45JAN01-ALAR,2026-03-01T03:09:45.83461Z,69.00,0.2800,0.7200,no
77fa9d9e-22b9-7f78-7876-e0cc864320fb,KXNEXTIRANLEADER-45JAN01-ALAR,2026-03-01T03:09:45.83461Z,2000.00,0.2800,0.7200,no
48f203eb-df9a-7208-57ff-084b7e7a0846,KXNEXTIRANLEADER-45JAN01-ALAR,2026-03-01T03:09:45.83461Z,25.00,0.2800,0.7200,no
67b20df1-e09a-6750-cbff-0b5ef966d337,KXNEXTIRANLEADER-45JAN01-ALAR,2026-03-01T03:09:42.627842Z,794.00,0.3000,0.7000,yes
1a802b2d-82b7-7168-e0e3-89a8e6ef2eba,KXNEXTIRANLEADER-45JAN01-ALAR,2026-03-01T03:09:32.694446Z,31.00,0.2800,0.7200,no
0a8f5344-af36-4eb4-15af-94823c5d3eab,KXNEXTIRANLEADER-45JAN01-ALAR,2026-03-01T03:09:06.830392Z,15.00,0.3000,0.7000,yes
7f70658b-fa86-5750-550a-a34147d36187,KXNEXTIRANLEADER-45JAN01-ALAR,2026-03-01T03:09:04.88924Z,63.00,0.3000,0.7000,yes
901a17dd-d6fe-5ffc-f3a3-cf7cbe42f6db,KXNEXTIRANLEADER-45JAN01-ALAR,2026-03-01T03:08:53.639144Z,31.00,0.3000,0.7000,yes
6e29d496-8e86-7bc4-3d16-302de273dadb,KXNEXTIRANLEADER-45JAN01-ALAR,2026-03-01T03:08:40.244245Z,283.00,0.3000,0.7000,yes
51f0de70-8227-7671-27ac-061e83e09dde,KXNEXTIRANLEADER-45JAN01-ALAR,2026-03-01T03:08:40.244245Z,25.00,0.2900,0.7100,yes
41a73f38-8b12-45c0-c187-b4fc2acb772b,KXNEXTIRANLEADER-45JAN01-ALAR,2026-03-01T03:08:29.131914Z,15.00,0.3000,0.7000,yes
facd2ef2-7bfc-5799-76e5-ad6a75166c98,KXNEXTIRANLEADER-45JAN01-ALAR,2026-03-01T03:08:24.327055Z,25.00,0.3000,0.7000,yes
4d861248-aea5-5804-74d0-09109e36d06e,KXNEXTIRANLEADER-45JAN01-ALAR,2026-03-01T03:08:24.327055Z,4.00,0.3000,0.7000,yes
40d15856-97cb-5721-47cb-93b25cc29103,KXNEXTIRANLEADER-45JAN01-ALAR,2026-03-01T03:08:24.327055Z,1.00,0.3000,0.7000,yes
3eae4994-5cbe-533c-5d7c-e45f72e6913a,KXNEXTIRANLEADER-45JAN01-ALAR,2026-03-01T03:08:24.327055Z,1.00,0.3000,0.7000,yes
044fc5b4-212a-5337-9f32-31eb164cab9e,KXNEXTIRANLEADER-45JAN01-ALAR,2026-03-01T03:08:23.995803Z,11.00,0.2800,0.7200,no
ab41f0c7-adf5-5468-6da9-1a30e8d45c16,KXNEXTIRANLEADER-45JAN01-ALAR,2026-03-01T03:08:08.045184Z,2.00,0.3000,0.7000,yes
6687f647-80b9-5625-5271-5eb0db39c10a,KXNEXTIRANLEADER-45JAN01-ALAR,2026-03-01T03:08:08.045184Z,15.00,0.3000,0.7000,yes
292d900b-af5e-5f93-580e-352c335d71b9,KXNEXTIRANLEADER-45JAN01-ALAR,2026-03-01T03:08:08.045184Z,3.00,0.3000,0.7000,yes
0854a33e-f76d-7415-bd5b-d49ba15c76ba,KXNEXTIRANLEADER-45JAN01-ALAR,2026-03-01T03:07:53.254845Z,1.00,0.3000,0.7000,yes
858db262-dced-5bd9-1695-06f37d1a1b2e,KXNEXTIRANLEADER-45JAN01-ALAR,2026-03-01T03:07:24.877561Z,6.00,0.3000,0.7000,yes
fa392e4c-e9f5-6d51-85c5-ef0ac3537d72,KXNEXTIRANLEADER-45JAN01-ALAR,2026-03-01T03:07:15.40005Z,3.00,0.3000,0.7000,yes
968e7f4d-dd1f-5952-ab82-8095b17ea2a0,KXNEXTIRANLEADER-45JAN01-ALAR,2026-03-01T03:07:05.184812Z,63.00,0.3000,0.7000,yes
dea8e638-66a3-7316-0aea-021bc1e01bf0,KXNEXTIRANLEADER-45JAN01-ALAR,2026-03-01T03:06:53.130035Z,15.00,0.3000,0.7000,yes
d4003f2b-0c05-5cda-521a-ea896d0c5ceb,KXNEXTIRANLEADER-45JAN01-ALAR,2026-03-01T03:06:51.515021Z,9.00,0.2900,0.7100,no
d17ddc14-3c83-5ade-8760-4d2f60af6c80,KXNEXTIRANLEADER-45JAN01-ALAR,2026-03-01T03:06:39.949846Z,15.00,0.3000,0.7000,yes
ad2ba99f-b458-7274-a55e-1ba4150d3106,KXNEXTIRANLEADER-45JAN01-ALAR,2026-03-01T03:06:33.132989Z,791.00,0.3000,0.7000,yes
258030c4-ac43-75be-9354-c968e347efdc,KXNEXTIRANLEADER-45JAN01-ALAR,2026-03-01T03:06:33.132989Z,3.00,0.3000,0.7000,yes
26426aca-74f8-7f10-256a-723fb015fc7e,KXNEXTIRANLEADER-45JAN01-ALAR,2026-03-01T03:06:32.066555Z,63.00,0.3000,0.7000,yes
7c924681-88e4-5424-ef23-55428a935cde,KXNEXTIRANLEADER-45JAN01-ALAR,2026-03-01T03:06:15.814225Z,9.00,0.3000,0.7000,yes
82da6172-7dd1-6536-0efe-f9d6a31dd2df,KXNEXTIRANLEADER-45JAN01-ALAR,2026-03-01T03:06:15.511431Z,10.00,0.2900,0.7100,no
fc76da4d-bd1c-63ec-5e06-903e49374c86,KXNEXTIRANLEADER-45JAN01-ALAR,2026-03-01T03:06:10.929497Z,31.00,0.3000,0.7000,yes
2acae56a-c268-67c4-480c-fcdaaa3d8042,KXNEXTIRANLEADER-45JAN01-ALAR,2026-03-01T03:05:55.864221Z,9.00,0.3000,0.7000,yes
d6fa73e0-a2b0-5118-b0ad-1e178906eeee,KXNEXTIRANLEADER-45JAN01-ALAR,2026-03-01T03:05:52.510094Z,31.00,0.3000,0.7000,yes
e1fd3421-2f88-4575-1294-16554fa4040a,KXNEXTIRANLEADER-45JAN01-ALAR,2026-03-01T03:05:52.156722Z,92.00,0.3000,0.7000,yes
08b22a46-5494-4978-0d40-4c487e3568de,KXNEXTIRANLEADER-45JAN01-ALAR,2026-03-01T03:05:52.156722Z,66.00,0.3000,0.7000,yes
3bb91ca7-19b8-6485-6ba2-7e9b15d66db2,KXNEXTIRANLEADER-45JAN01-ALAR,2026-03-01T03:05:30.427092Z,19.00,0.3000,0.7000,yes
dbb5b039-5e78-42a1-054c-32ebe1b7adf2,KXNEXTIRANLEADER-45JAN01-ALAR,2026-03-01T03:05:03.545293Z,3.00,0.3000,0.7000,yes
142a0b20-2b34-58fd-d2b2-39b61d93994a,KXNEXTIRANLEADER-45JAN01-ALAR,2026-03-01T03:04:57.049908Z,317.00,0.3000,0.7000,yes
8d2ede72-bd3c-4d11-b244-cef1cdb59a62,KXNEXTIRANLEADER-45JAN01-ALAR,2026-03-01T03:04:47.430887Z,476.00,0.3000,0.7000,yes
6d3c7039-f548-45e1-86ab-df81071a2222,KXNEXTIRANLEADER-45JAN01-ALAR,2026-03-01T03:04:30.046343Z,31.00,0.3000,0.7000,yes
61fce761-9818-734d-7275-ecec1e12d2e6,KXNEXTIRANLEADER-45JAN01-ALAR,2026-03-01T03:04:24.801126Z,24.00,0.3000,0.7000,yes
cbf3dd49-91c0-4525-b477-8cffe2d5ff3e,KXNEXTIRANLEADER-45JAN01-ALAR,2026-03-01T03:04:22.673871Z,3.00,0.3000,0.7000,yes
c4205cdb-7e44-67b9-3ac7-8b0974a3564a,KXNEXTIRANLEADER-45JAN01-ALAR,2026-03-01T03:04:18.858135Z,79.00,0.3000,0.7000,yes
5cb06842-970c-70a1-d05d-54e8f6a7f9aa,KXNEXTIRANLEADER-45JAN01-ALAR,2026-03-01T03:04:10.525563Z,100.00,0.3000,0.7000,yes
b7eb5a74-8f18-640d-473f-03c515c5924e,KXNEXTIRANLEADER-45JAN01-ALAR,2026-03-01T03:04:06.946194Z,31.00,0.3000,0.7000,yes
48de3ab4-96d8-4b91-d425-b7b280fcd766,KXNEXTIRANLEADER-45JAN01-ALAR,2026-03-01T03:03:58.301357Z,1.00,0.3000,0.7000,yes
7ebdcb85-cc58-7c7d-13de-b3ec54d37b22,KXNEXTIRANLEADER-45JAN01-ALAR,2026-03-01T03:03:35.684446Z,63.00,0.3000,0.7000,yes
b4c9509b-44cc-6e42-dba9-cbb6f281a343,KXNEXTIRANLEADER-45JAN01-ALAR,2026-03-01T03:03:33.181172Z,13.00,0.2900,0.7100,no
3375ff99-1afe-6a40-d4a8-548b2259bbd2,KXNEXTIRANLEADER-45JAN01-ALAR,2026-03-01T03:03:33.181172Z,100.00,0.2900,0.7100,no
239f806d-06e4-5fd5-7cb2-836ea82f22a6,KXNEXTIRANLEADER-45JAN01-ALAR,2026-03-01T03:03:16.521793Z,3.00,0.3000,0.7000,yes
dc3ba572-db5c-4b1d-40e1-a971ba057db6,KXNEXTIRANLEADER-45JAN01-ALAR,2026-03-01T03:03:13.863424Z,3.00,0.3000,0.7000,yes
73f9c85a-4950-4319-1fd4-faecbac0dc42,KXNEXTIRANLEADER-45JAN01-ALAR,2026-03-01T03:03:11.774407Z,3.00,0.3000,0.7000,yes
74261eb7-8fe8-6939-cf25-a10405159ef6,KXNEXTIRANLEADER-45JAN01-ALAR,2026-03-01T03:03:11.056091Z,111.00,0.3000,0.7000,yes
00fe35fa-6ee8-6c39-57ba-b3b842d5cefe,KXNEXTIRANLEADER-45JAN01-ALAR,2026-03-01T03:03:09.54965Z,6.00,0.3000,0.7000,yes
50694da6-52d8-63f1-a4a5-c222c1f9647a,KXNEXTIRANLEADER-45JAN01-ALAR,2026-03-01T03:02:55.673256Z,79.00,0.3000,0.7000,yes
5a9d2365-7170-6afd-be18-9a20f2d5adc2,KXNEXTIRANLEADER-45JAN01-ALAR,2026-03-01T03:02:52.32196Z,15.00,0.3000,0.7000,yes
c7c00077-0e4c-6519-6cf1-cf998cf6a646,KXNEXTIRANLEADER-45JAN01-ALAR,2026-03-01T03:02:30.897623Z,22.00,0.3000,0.7000,yes
a9fa43c3-4344-649b-524e-6f0e2e633caa,KXNEXTIRANLEADER-45JAN01-ALAR,2026-03-01T03:02:30.897623Z,1.00,0.2900,0.7100,yes
058dbccd-2590-68a8-5fcd-2d44123bcba9,KXNEXTIRANLEADER-45JAN01-ALAR,2026-03-01T03:02:30.897623Z,10.00,0.2900,0.7100,yes
788bd9d2-bbfc-5b55-3b33-13128ca7da32,KXNEXTIRANLEADER-45JAN01-ALAR,2026-03-01T03:01:49.082008Z,31.00,0.3000,0.7000,yes
50a58b4a-649c-4bd5-b45a-329e3ae3adee,KXNEXTIRANLEADER-45JAN01-ALAR,2026-03-01T03:01:29.458102Z,47.00,0.3000,0.7000,yes
9ea04a6f-760a-5fc4-9587-d4d0944ae6a3,KXNEXTIRANLEADER-45JAN01-ALAR,2026-03-01T03:01:24.812473Z,20.00,0.2900,0.7100,yes
6f5ce4aa-f964-54cd-bfc3-439e5de1b0be,KXNEXTIRANLEADER-45JAN01-ALAR,2026-03-01T03:01:24.812473Z,20.00,0.3000,0.7000,yes
fc0edb6f-888c-70d1-ddae-79ecc28155ae,KXNEXTIRANLEADER-45JAN01-ALAR,2026-03-01T03:00:51.908916Z,31.00,0.3000,0.7000,yes
fa5b827d-abac-7141-4b23-c741030a45c2,KXNEXTIRANLEADER-45JAN01-ALAR,2026-03-01T03:00:39.259647Z,369.00,0.3000,0.7000,yes
f6fbe834-06e1-7f92-d213-00b65aa81d52,KXNEXTIRANLEADER-45JAN01-ALAR,2026-03-01T03:00:31.060418Z,2.00,0.2700,0.7300,no
f001f6a7-127e-748f-c68d-77f697737911,KXNEXTIRANLEADER-45JAN01-ALAR,2026-03-01T03:00:31.060418Z,235.00,0.2600,0.7400,no
7df99b95-1fff-70c0-f9b9-a1fa2abaf898,KXNEXTIRANLEADER-45JAN01-ALAR,2026-03-01T03:00:31.060418Z,20.00,0.2600,0.7400,no
3fd96f1a-979a-7846-fdc7-5b026c34d31c,KXNEXTIRANLEADER-45JAN01-ALAR,2026-03-01T03:00:31.060418Z,10.00,0.2700,0.7300,no
38150c9d-a933-7984-dee5-945e3d38059a,KXNEXTIRANLEADER-45JAN01-ALAR,2026-03-01T03:00:31.060418Z,25.00,0.2800,0.7200,no
2e9af00f-01d0-79d7-c78c-bdf06ed36da8,KXNEXTIRANLEADER-45JAN01-ALAR,2026-03-01T03:00:31.060418Z,2.00,0.2700,0.7300,no
4702e3a1-b890-63b1-383c-09adf44cc49e,KXNEXTIRANLEADER-45JAN01-ALAR,2026-03-01T03:00:28.219282Z,21.00,0.3000,0.7000,yes
f87746ad-d310-5583-ca7d-b4ef9e15792a,KXNEXTIRANLEADER-45JAN01-ALAR,2026-03-01T03:00:26.651929Z,66.00,0.3000,0.7000,yes
bd1f5651-9b12-551c-f84b-d3fff3a1b898,KXNEXTIRANLEADER-45JAN01-ALAR,2026-03-01T03:00:26.651929Z,25.00,0.3000,0.7000,yes
56b70947-ce2a-53c3-c70a-8b50c9f4ea1b,KXNEXTIRANLEADER-45JAN01-ALAR,2026-03-01T03:00:26.651929Z,67.00,0.3000,0.7000,yes
62d35717-9b98-607f-6d71-1d096ba3115e,KXNEXTIRANLEADER-45JAN01-ALAR,2026-03-01T03:00:13.202824Z,79.00,0.3000,0.7000,yes
bb6f0569-2424-43eb-c2b8-af93cc36cf46,KXNEXTIRANLEADER-45JAN01-ALAR,2026-03-01T02:59:21.325219Z,63.00,0.3000,0.7000,yes
1cc9f0ae-2ea0-7733-34e0-7d3d921ac016,KXNEXTIRANLEADER-45JAN01-ALAR,2026-03-01T02:59:02.698689Z,15.00,0.3000,0.7000,yes
58ecc9eb-81cb-4c43-4f48-dac17e5312cd,KXNEXTIRANLEADER-45JAN01-ALAR,2026-03-01T02:58:42.649591Z,730.00,0.3000,0.7000,yes
3054879b-8a80-40fb-616c-3d7beb5ce2e2,KXNEXTIRANLEADER-45JAN01-ALAR,2026-03-01T02:58:42.649591Z,223.00,0.3000,0.7000,yes
f78cd606-8377-4987-1e5b-d0484a60d6a5,KXNEXTIRANLEADER-45JAN01-ALAR,2026-03-01T02:57:38.052185Z,34.00,0.3000,0.7000,yes
8166d1a3-3573-5213-2192-e6b28aa4ae4d,KXNEXTIRANLEADER-45JAN01-ALAR,2026-03-01T02:57:36.507764Z,76.00,0.3000,0.7000,yes
6bdbcc67-3864-6e3a-d43a-3bdd4e847767,KXNEXTIRANLEADER-45JAN01-ALAR,2026-03-01T02:57:26.142336Z,1.00,0.3000,0.7000,yes
692693a3-d503-6fe3-eb02-bcea572e1b39,KXNEXTIRANLEADER-45JAN01-ALAR,2026-03-01T02:57:26.142336Z,160.00,0.3000,0.7000,yes
51b3a990-4fc9-6dc7-c32f-494d0681adad,KXNEXTIRANLEADER-45JAN01-ALAR,2026-03-01T02:57:26.142336Z,82.00,0.3000,0.7000,yes
36530d90-6071-64ea-d9f9-0eb279e42a9c,KXNEXTIRANLEADER-45JAN01-ALAR,2026-03-01T02:57:26.142336Z,392.00,0.3000,0.7000,yes
5b506ced-8ab9-6bf6-0dbe-a3465d13f69c,KXNEXTIRANLEADER-45JAN01-ALAR,2026-03-01T02:57:14.604772Z,3.00,0.3000,0.7000,yes
d22ae3ab-dec7-584d-c4d8-9b0d9060ac3d,KXNEXTIRANLEADER-45JAN01-ALAR,2026-03-01T02:57:07.81662Z,12.00,0.2800,0.7200,no
b81e5cfc-cbb1-6e16-3891-dbd0e25727a0,KXNEXTIRANLEADER-45JAN01-ALAR,2026-03-01T02:56:59.22299Z,31.00,0.3000,0.7000,yes
8e719052-e251-6f1e-6396-2e181c60cd70,KXNEXTIRANLEADER-45JAN01-ALAR,2026-03-01T02:56:31.660168Z,63.00,0.3000,0.7000,yes
950aa1d7-37d5-6d1e-d5ef-1550d6580950,KXNEXTIRANLEADER-45JAN01-ALAR,2026-03-01T02:56:06.517979Z,31.00,0.3000,0.7000,yes
911e7d73-cbe1-4d8a-0604-ccbaa94fa5bc,KXNEXTIRANLEADER-45JAN01-ALAR,2026-03-01T02:56:04.1183Z,15.00,0.3000,0.7000,yes
e9ec4ec8-0805-6152-26f3-294c16fb09dc,KXNEXTIRANLEADER-45JAN01-ALAR,2026-03-01T02:56:00.31511Z,6.00,0.3000,0.7000,yes
43b20eb5-4609-4cea-cc54-a2c4f89aace8,KXNEXTIRANLEADER-45JAN01-ALAR,2026-03-01T02:55:52.519509Z,31.00,0.3000,0.7000,yes
0c245399-fbad-786e-8555-2315e8c80460,KXNEXTIRANLEADER-45JAN01-ALAR,2026-03-01T02:55:10.892427Z,174.00,0.3000,0.7000,yes
d8a4aa1c-d371-50b6-98f5-3382223c11c4,KXNEXTIRANLEADER-45JAN01-ALAR,2026-03-01T02:55:02.329203Z,12.00,0.3000,0.7000,yes
916decc8-5ec9-7d92-336e-042004989584,KXNEXTIRANLEADER-45JAN01-ALAR,2026-03-01T02:54:55.864644Z,1.00,0.3000,0.7000,yes
d1a41631-ebb9-4d1e-2851-81915ba75088,KXNEXTIRANLEADER-45JAN01-ALAR,2026-03-01T02:54:42.348902Z,50.00,0.3000,0.7000,yes
d46cb39f-0961-7c26-b072-53da3001a3b0,KXNEXTIRANLEADER-45JAN01-ALAR,2026-03-01T02:54:35.285624Z,22.00,0.3000,0.7000,yes
31c5f35e-abed-691e-7f58-19c728e68898,KXNEXTIRANLEADER-45JAN01-ALAR,2026-03-01T02:54:16.270253Z,78.00,0.3000,0.7000,yes
2e68ed19-73cd-453a-ff5b-c3fe4352f900,KXNEXTIRANLEADER-45JAN01-ALAR,2026-03-01T02:54:00.068019Z,31.00,0.3000,0.7000,yes
fd71a8fc-e01f-78a8-0af9-2c7049159c65,KXNEXTIRANLEADER-45JAN01-ALAR,2026-03-01T02:53:43.873218Z,3.00,0.3000,0.7000,yes
c00835b6-4a21-722b-0430-eba5d1c4afb2,KXNEXTIRANLEADER-45JAN01-ALAR,2026-03-01T02:53:43.873218Z,9.00,0.2900,0.7100,yes
6f3ec9dd-8bbd-75e1-1f20-1e8ae8c69c19,KXNEXTIRANLEADER-45JAN01-ALAR,2026-03-01T02:53:43.873218Z,55.00,0.3000,0.7000,yes
20ee4d8a-aa85-7606-0cdb-ed87ee016978,KXNEXTIRANLEADER-45JAN01-ALAR,2026-03-01T02:53:43.873218Z,60.00,0.3000,0.7000,yes
4d11a7ae-b968-40de-3df8-0cc9b280215b,KXNEXTIRANLEADER-45JAN01-ALAR,2026-03-01T02:53:11.520282Z,4.00,0.3000,0.7000,yes
3226a088-1610-58f6-b26f-d23daf28905f,KXNEXTIRANLEADER-45JAN01-ALAR,2026-03-01T02:52:17.694206Z,6.00,0.3000,0.7000,yes
37195431-11d1-4766-adca-a14abde996da,KXNEXTIRANLEADER-45JAN01-ALAR,2026-03-01T02:52:03.027377Z,14.00,0.3100,0.6900,yes
d6ad5d57-4aa8-7166-2e7c-3a468485b408,KXNEXTIRANLEADER-45JAN01-ALAR,2026-03-01T02:52:02.966453Z,4.00,0.2400,0.7600,no
becfe9de-84e6-7cf1-1ac1-a26d255fe2c7,KXNEXTIRANLEADER-45JAN01-ALAR,2026-03-01T02:52:02.966453Z,19.00,0.2400,0.7600,no
83890bab-5c6a-79e7-32a8-0e1cd88c683a,KXNEXTIRANLEADER-45JAN01-ALAR,2026-03-01T02:52:02.966453Z,25.00,0.2700,0.7300,no
7bb88413-2bf5-75ea-1315-baad403c0688,KXNEXTIRANLEADER-45JAN01-ALAR,2026-03-01T02:52:02.966453Z,52.00,0.2500,0.7500,no
e407e179-9075-55c2-3850-4ff48786ee69,KXNEXTIRANLEADER-45JAN01-ALAR,2026-03-01T02:51:41.418632Z,285.00,0.3200,0.6800,yes
e129ce88-188a-5031-12cd-c995c29a7b16,KXNEXTIRANLEADER-45JAN01-ALAR,2026-03-01T02:51:41.418632Z,1.00,0.2800,0.7200,yes
de55e99c-2f86-5fc9-0d63-297ac320b35e,KXNEXTIRANLEADER-45JAN01-ALAR,2026-03-01T02:51:41.418632Z,85.00,0.2900,0.7100,yes
7163701a-8921-5d1a-1ac4-737aa440eda2,KXNEXTIRANLEADER-45JAN01-ALAR,2026-03-01T02:51:41.418632Z,302.00,0.2900,0.7100,yes
6ca44dee-f613-566c-0bbf-85737c74bb63,KXNEXTIRANLEADER-45JAN01-ALAR,2026-03-01T02:51:41.418632Z,25.00,0.3000,0.7000,yes
47d7b9dd-dcf4-5f6f-3330-129dc5ef888d,KXNEXTIRANLEADER-45JAN01-ALAR,2026-03-01T02:51:41.418632Z,55.00,0.2800,0.7200,yes
3fe860af-2864-5eef-1475-51f96606a166,KXNEXTIRANLEADER-45JAN01-ALAR,2026-03-01T02:51:41.418632Z,30.00,0.3100,0.6900,yes
a9fe7fa9-f459-57ab-f802-ad384c2b27fa,KXNEXTIRANLEADER-45JAN01-ALAR,2026-03-01T02:51:35.224674Z,1.00,0.2600,0.7400,no
47abc7a6-901d-622a-bfe3-4c72572dbaaa,KXNEXTIRANLEADER-45JAN01-ALAR,2026-03-01T02:51:24.633999Z,11.00,0.2900,0.7100,yes
637ba1b9-8001-6b92-eb83-03b809973a4a,KXNEXTIRANLEADER-45JAN01-ALAR,2026-03-01T02:51:08.172256Z,16.00,0.2900,0.7100,yes
418c683c-688d-749a-92d9-714f328c8f76,KXNEXTIRANLEADER-45JAN01-ALAR,2026-03-01T02:51:05.843716Z,101.00,0.2900,0.7100,yes
2c07c196-b9d1-5ee6-b705-96fb26ad8d9e,KXNEXTIRANLEADER-45JAN01-ALAR,2026-03-01T02:50:31.495884Z,16.00,0.2900,0.7100,yes
1a2fb24b-496d-6ee6-79b5-93fac50aca9a,KXNEXTIRANLEADER-45JAN01-ALAR,2026-03-01T02:50:27.152086Z,157.00,0.2900,0.7100,yes
eca97257-a339-59a2-44b8-c9f6a2f63d79,KXNEXTIRANLEADER-45JAN01-ALAR,2026-03-01T02:50:24.428837Z,613.00,0.2900,0.7100,yes
a4326ef7-db85-517a-744e-4cf2c009a806,KXNEXTIRANLEADER-45JAN01-ALAR,2026-03-01T02:50:24.428837Z,952.00,0.2900,0.7100,yes
9f8dde09-c670-5475-5712-d38f9e0d3b15,KXNEXTIRANLEADER-45JAN01-ALAR,2026-03-01T02:50:24.428837Z,7.00,0.2600,0.7400,yes
95e00c35-f1d9-59f2-4805-6fbcd430b7ab,KXNEXTIRANLEADER-45JAN01-ALAR,2026-03-01T02:50:24.428837Z,72.00,0.2800,0.7200,yes
3650ba16-15c7-5289-7492-4ff752e418ff,KXNEXTIRANLEADER-45JAN01-ALAR,2026-03-01T02:50:24.428837Z,1.00,0.2800,0.7200,yes
a49fe9df-7a70-52f9-1166-94940fb93e3d,KXNEXTIRANLEADER-45JAN01-ALAR,2026-03-01T02:50:13.812341Z,3.00,0.2600,0.7400,yes
0f4aaad5-47c0-6ddf-16ae-258d8960f917,KXNEXTIRANLEADER-45JAN01-ALAR,2026-03-01T02:49:46.752228Z,3.00,0.2700,0.7300,yes
df76cc79-5735-4def-b50f-6a423ba1619d,KXNEXTIRANLEADER-45JAN01-ALAR,2026-03-01T02:49:27.790182Z,100.00,0.2800,0.7200,yes
df1136ce-ea9d-45ee-9f84-91d1648dbde7,KXNEXTIRANLEADER-45JAN01-ALAR,2026-03-01T02:49:27.790182Z,28.00,0.2800,0.7200,yes
d4122a8b-b183-40fb-b28e-67bee0180704,KXNEXTIRANLEADER-45JAN01-ALAR,2026-03-01T02:49:27.790182Z,17.00,0.2800,0.7200,yes
a69e0838-696d-4885-967b-7b2b0e238ab8,KXNEXTIRANLEADER-45JAN01-ALAR,2026-03-01T02:49:27.790182Z,4.00,0.2700,0.7300,yes
a5c64663-3d04-4759-a40a-48445ffe46cc,KXNEXTIRANLEADER-45JAN01-ALAR,2026-03-01T02:49:27.790182Z,21.00,0.2700,0.7300,yes
a0c1c123-d5fe-548d-ced8-a188be22f482,KXNEXTIRANLEADER-45JAN01-ALAR,2026-03-01T02:48:58.287077Z,19.00,0.2600,0.7400,no
e97049c1-d238-58fd-11d1-d5a4a397c7e8,KXNEXTIRANLEADER-45JAN01-ALAR,2026-03-01T02:48:58.005896Z,4.00,0.2700,0.7300,yes
b762231e-0ade-63d3-ebcf-af7c20029956,KXNEXTIRANLEADER-45JAN01-ALAR,2026-03-01T02:48:42.609483Z,10.00,0.2400,0.7600,no
651d21fb-3078-603f-f01c-2edb73829cbd,KXNEXTIRANLEADER-45JAN01-ALAR,2026-03-01T02:48:42.609483Z,1.00,0.2600,0.7400,no
35f446aa-b6e6-6b7a-d0a4-7c65128b31ef,KXNEXTIRANLEADER-45JAN01-ALAR,2026-03-01T02:48:42.609483Z,25.00,0.2600,0.7400,no
7d42d443-3233-5aa3-f714-d9b27f3ad4a8,KXNEXTIRANLEADER-45JAN01-ALAR,2026-03-01T02:48:40.808641Z,17.00,0.2800,0.7200,yes
fdd01c73-50b3-530f-9244-ff77b9bac10c,KXNEXTIRANLEADER-45JAN01-ALAR,2026-03-01T02:48:39.579569Z,13.00,0.2800,0.7200,yes
86b4d586-5e8f-5a2b-b117-7e3ea1cc8a78,KXNEXTIRANLEADER-45JAN01-ALAR,2026-03-01T02:48:39.579569Z,13.00,0.2800,0.7200,yes
6597e2ef-2416-57df-8056-c8a71dad856a,KXNEXTIRANLEADER-45JAN01-ALAR,2026-03-01T02:48:39.579569Z,14.00,0.2700,0.7300,yes
5a581ae2-7d07-5f70-8c1b-a9937e125d9b,KXNEXTIRANLEADER-45JAN01-ALAR,2026-03-01T02:48:39.579569Z,11.00,0.2700,0.7300,yes
8ef85afb-703b-4b9c-c7a1-8fe93ddd503b,KXNEXTIRANLEADER-45JAN01-ALAR,2026-03-01T02:48:32.713662Z,14.00,0.2700,0.7300,yes
d03fda98-6883-5a85-37e2-ecaa8f5e354a,KXNEXTIRANLEADER-45JAN01-ALAR,2026-03-01T02:47:23.394695Z,20.00,0.2500,0.7500,no
813c63ef-2abb-5aa2-3d45-e1bd5b231ea6,KXNEXTIRANLEADER-45JAN01-ALAR,2026-03-01T02:47:23.394695Z,25.00,0.2700,0.7300,no
0acb081d-36af-6a87-03ee-e8f1a06d7954,KXNEXTIRANLEADER-45JAN01-ALAR,2026-03-01T02:46:31.987169Z,34.00,0.2800,0.7200,yes
7a09372a-9141-5c7e-3fad-1ef3cb57eec2,KXNEXTIRANLEADER-45JAN01-ALAR,2026-03-01T02:46:23.425629Z,6.00,0.2600,0.7400,no
2bd24051-5689-52d6-3994-eb2ab794a051,KXNEXTIRANLEADER-45JAN01-ALAR,2026-03-01T02:46:23.425629Z,9.00,0.2700,0.7300,no
f13e940a-5ed7-5dd3-da84-eb3cebaf795c,KXNEXTIRANLEADER-45JAN01-ALAR,2026-03-01T02:45:05.64031Z,1.00,0.2800,0.7200,yes
ebbaf772-ebcf-69bf-8d3d-bd9929c32ae8,KXNEXTIRANLEADER-45JAN01-ALAR,2026-03-01T02:44:44.760809Z,52.00,0.2800,0.7200,yes
b09928db-6abc-65a4-a5b9-b716880f0946,KXNEXTIRANLEADER-45JAN01-ALAR,2026-03-01T02:44:44.760809Z,3.00,0.2800,0.7200,yes
a0ed1bef-fa94-771c-dd02-6ed9be61005a,KXNEXTIRANLEADER-45JAN01-ALAR,2026-03-01T02:44:17.483745Z,34.00,0.2800,0.7200,yes
0b2b537f-0d4c-562c-a7a9-e716c7965a0a,KXNEXTIRANLEADER-45JAN01-ALAR,2026-03-01T02:44:09.945906Z,5.00,0.2800,0.7200,yes
1fd06019-ac10-6310-5a5f-4d2e8eabec62,KXNEXTIRANLEADER-45JAN01-ALAR,2026-03-01T02:43:39.052055Z,102.00,0.2800,0.7200,yes
a7d49169-e121-550a-5b15-060f56e0a4b5,KXNEXTIRANLEADER-45JAN01-ALAR,2026-03-01T02:43:10.214227Z,82.00,0.2900,0.7100,yes
257976fe-69dd-5c16-f2c0-f5a70cbb1cdd,KXNEXTIRANLEADER-45JAN01-ALAR,2026-03-01T02:42:50.981245Z,50.00,0.2900,0.7100,yes
6aac291b-19b5-6602-da30-b7f36646820d,KXNEXTIRANLEADER-45JAN01-ALAR,2026-03-01T02:42:31.508944Z,164.00,0.2900,0.7100,yes
6b61e9e9-6b5d-5f76-4bf2-f9fbc7bb7669,KXNEXTIRANLEADER-45JAN01-ALAR,2026-03-01T02:42:27.255706Z,6.00,0.2900,0.7100,yes
1a0e2cf9-2651-6b3e-b947-651013baebc1,KXNEXTIRANLEADER-45JAN01-ALAR,2026-03-01T02:42:18.444673Z,65.00,0.2900,0.7100,yes
56fbbe35-52d5-6172-8e43-c43419ada0c1,KXNEXTIRANLEADER-45JAN01-ALAR,2026-03-01T02:42:14.661973Z,322.00,0.2900,0.7100,yes
fe519b83-7e95-58b6-55f6-3cf33ff030f9,KXNEXTIRANLEADER-45JAN01-ALAR,2026-03-01T02:41:52.755188Z,253.00,0.2900,0.7100,yes
e103fb24-e4ed-5fee-5729-43d27c113ed4,KXNEXTIRANLEADER-45JAN01-ALAR,2026-03-01T02:41:52.755188Z,8.00,0.2600,0.7400,yes
c578226e-8313-5670-5fdb-11f5cd5b8a3f,KXNEXTIRANLEADER-45JAN01-ALAR,2026-03-01T02:41:52.755188Z,55.00,0.2800,0.7200,yes
c35df80e-b4da-5cb6-77ba-ff0149ce20bd,KXNEXTIRANLEADER-45JAN01-ALAR,2026-03-01T02:41:52.755188Z,9.00,0.2700,0.7300,yes
9bb0ec63-0fe2-5a65-4b04-c485113fa95d,KXNEXTIRANLEADER-45JAN01-ALAR,2026-03-01T02:41:52.755188Z,5.00,0.2800,0.7200,yes
560aa99c-4b66-50ac-799e-737177a15cd3,KXNEXTIRANLEADER-45JAN01-ALAR,2026-03-01T02:41:52.755188Z,1.00,0.2700,0.7300,yes
bf8fd94d-6133-446e-167e-f14731ee1344,KXNEXTIRANLEADER-45JAN01-ALAR,2026-03-01T02:41:39.952687Z,2.00,0.2700,0.7300,yes
bb280e78-c1fe-4e2e-3023-2b75e45dde57,KXNEXTIRANLEADER-45JAN01-ALAR,2026-03-01T02:41:39.952687Z,9.00,0.2400,0.7600,yes
a363054e-94a6-4dad-3e56-d080db578155,KXNEXTIRANLEADER-45JAN01-ALAR,2026-03-01T02:41:39.952687Z,40.00,0.2800,0.7200,yes
8f29a3ea-fd1e-47d7-061a-a2c1ea671b12,KXNEXTIRANLEADER-45JAN01-ALAR,2026-03-01T02:41:39.952687Z,10.00,0.2400,0.7600,yes
4ff79f68-acfe-463a-1878-785270769691,KXNEXTIRANLEADER-45JAN01-ALAR,2026-03-01T02:41:39.952687Z,11.00,0.2400,0.7600,yes
79cedb5a-f43e-49fe-e5dd-5c543148c239,KXNEXTIRANLEADER-45JAN01-ALAR,2026-03-01T02:41:28.009964Z,3.00,0.2400,0.7600,yes
93626e87-645e-5c62-0601-09f50ed73bbd,KXNEXTIRANLEADER-45JAN01-ALAR,2026-03-01T02:41:25.658185Z,3.00,0.2400,0.7600,yes
4f6b95c1-1c6e-6e7e-6200-e2ceeadbb8b9,KXNEXTIRANLEADER-45JAN01-ALAR,2026-03-01T02:41:21.177304Z,39.00,0.2400,0.7600,yes
79b77da4-e506-6dba-2dad-26eb6d3ab945,KXNEXTIRANLEADER-45JAN01-ALAR,2026-03-01T02:41:17.510858Z,3.00,0.2400,0.7600,yes
14f67639-3af6-5da6-6637-55c467cbe789,KXNEXTIRANLEADER-45JAN01-ALAR,2026-03-01T02:40:57.581832Z,200.00,0.2400,0.7600,yes
7c225a13-5ada-48d2-a77c-75c333287f75,KXNEXTIRANLEADER-45JAN01-ALAR,2026-03-01T02:40:57.05158Z,98.00,0.2400,0.7600,yes
96755403-75e6-46ce-65b9-91fecfbd7089,KXNEXTIRANLEADER-45JAN01-ALAR,2026-03-01T02:40:55.750832Z,100.00,0.2400,0.7600,yes
eb3736cc-efab-41ca-c437-469390eeb9de,KXNEXTIRANLEADER-45JAN01-ALAR,2026-03-01T02:40:50.5441Z,17.00,0.3000,0.7000,no
d5fbb53a-3e28-47b5-d5e5-b6f11504d2ae,KXNEXTIRANLEADER-45JAN01-ALAR,2026-03-01T02:40:50.5441Z,409.00,0.2500,0.7500,no
cf76ced3-b94c-49fd-ff59-07e6184c8c66,KXNEXTIRANLEADER-45JAN01-ALAR,2026-03-01T02:40:50.5441Z,45.00,0.2500,0.7500,no
67eb14c9-026a-4ac5-d525-d8694e853696,KXNEXTIRANLEADER-45JAN01-ALAR,2026-03-01T02:40:50.5441Z,3.00,0.2500,0.7500,no
4ac618ee-904b-4254-e537-478370ea41df,KXNEXTIRANLEADER-45JAN01-ALAR,2026-03-01T02:40:50.5441Z,26.00,0.3000,0.7000,no
2aa59e57-822a-4d79-ef5b-6db35f195719,KXNEXTIRANLEADER-45JAN01-ALAR,2026-03-01T02:40:50.5441Z,10.00,0.3000,0.7000,no
2826f8aa-a773-497a-f944-189287d5800d,KXNEXTIRANLEADER-45JAN01-ALAR,2026-03-01T02:40:50.5441Z,8.00,0.2500,0.7500,no
0264fef6-c3c0-4ffc-c91a-aeb83c354bb6,KXNEXTIRANLEADER-45JAN01-ALAR,2026-03-01T02:40:50.5441Z,25.00,0.2900,0.7100,no
6a8a3a2b-7038-56d9-d88c-9c32dc5dc058,KXNEXTIRANLEADER-45JAN01-ALAR,2026-03-01T02:40:49.614881Z,14.00,0.3400,0.6600,yes
92b76120-790e-4678-3abd-a179da004b1f,KXNEXTIRANLEADER-45JAN01-ALAR,2026-03-01T02:40:20.922548Z,5.00,0.3300,0.6700,yes
05234aa1-1fd7-430c-1d1e-04e8b1daf4ce,KXNEXTIRANLEADER-45JAN01-ALAR,2026-03-01T02:40:20.922548Z,8.00,0.3400,0.6600,yes
eda8e748-b600-54db-70c0-7397d7fdd5f9,KXNEXTIRANLEADER-45JAN01-ALAR,2026-03-01T02:40:15.74101Z,15.00,0.3000,0.7000,no
d5821d2d-1c63-6137-0679-a219b7996ef8,KXNEXTIRANLEADER-45JAN01-ALAR,2026-03-01T02:40:14.539988Z,3.00,0.3500,0.6500,yes
c779ee10-1886-6b6c-20e1-f16ee750a230,KXNEXTIRANLEADER-45JAN01-ALAR,2026-03-01T02:40:14.539988Z,5.00,0.3400,0.6600,yes
556ddf2f-2cc8-40c0-d1b0-9a2b4d4c2dde,KXNEXTIRANLEADER-45JAN01-ALAR,2026-03-01T02:40:14.321024Z,5.00,0.3200,0.6800,no
4ce4039c-d636-4f4b-d2f7-4c91253568ea,KXNEXTIRANLEADER-45JAN01-ALAR,2026-03-01T02:40:14.321024Z,101.00,0.2900,0.7100,no
0f3eecb9-2378-4ec3-c27a-3055ddc435b4,KXNEXTIRANLEADER-45JAN01-ALAR,2026-03-01T02:40:14.321024Z,18.00,0.2800,0.7200,no
6681b46d-762a-4bed-8ba1-6895afac02a2,KXNEXTIRANLEADER-45JAN01-ALAR,2026-03-01T02:39:50.108628Z,50.00,0.2900,0.7100,yes
200b9cb0-8d25-4b1b-8534-81d516a47f3a,KXNEXTIRANLEADER-45JAN01-ALAR,2026-03-01T02:39:50.108628Z,849.00,0.2900,0.7100,yes
d6c53b23-b109-61af-04bf-f8c8fe30ee42,KXNEXTIRANLEADER-45JAN01-ALAR,2026-03-01T02:39:33.727563Z,45.00,0.2900,0.7100,yes
12682980-b511-74ab-36af-3adf7250eb0a,KXNEXTIRANLEADER-45JAN01-ALAR,2026-03-01T02:39:24.477416Z,16.00,0.2900,0.7100,yes
ee749c0c-8e39-7873-17cc-d2ae7181afc2,KXNEXTIRANLEADER-45JAN01-ALAR,2026-03-01T02:39:18.70679Z,6.00,0.2900,0.7100,yes
d843b747-9ee1-461f-673f-e2f07f21a9c2,KXNEXTIRANLEADER-45JAN01-ALAR,2026-03-01T02:39:11.627868Z,345.00,0.2900,0.7100,yes
1614bb05-660e-491b-650c-db9713b746ba,KXNEXTIRANLEADER-45JAN01-ALAR,2026-03-01T02:39:11.627868Z,492.00,0.2800,0.7200,yes
8dc56be1-9ee6-4967-8d7a-84e5258784fe,KXNEXTIRANLEADER-45JAN01-ALAR,2026-03-01T02:39:02.638275Z,8.00,0.2800,0.7200,yes
4f6e9fc3-0cc1-649b-20f7-af8a920bda76,KXNEXTIRANLEADER-45JAN01-ALAR,2026-03-01T02:38:42.351074Z,6.00,0.2900,0.7100,yes
52df099f-f490-6235-38b8-a073d478192a,KXNEXTIRANLEADER-45JAN01-ALAR,2026-03-01T02:38:32.337432Z,3.00,0.2800,0.7200,yes
398d4414-65b5-6fb7-2804-495bf6f2c87a,KXNEXTIRANLEADER-45JAN01-ALAR,2026-03-01T02:38:32.337432Z,287.00,0.2900,0.7100,yes
321bd0a0-c42d-634f-2e64-e62302cd6c5c,KXNEXTIRANLEADER-45JAN01-ALAR,2026-03-01T02:38:32.337432Z,34.00,0.2700,0.7300,yes
e1c1a5d2-2109-605f-d032-0d88dfe57220,KXNEXTIRANLEADER-45JAN01-ALAR,2026-03-01T02:38:28.665051Z,16.00,0.2700,0.7300,yes
d373ec17-16be-4d38-6505-0ff5f91c2e8b,KXNEXTIRANLEADER-45JAN01-ALAR,2026-03-01T02:38:15.483407Z,2.00,0.2800,0.7200,yes
a3ffa3f3-75a2-46bb-43d0-852b4b3151c4,KXNEXTIRANLEADER-45JAN01-ALAR,2026-03-01T02:38:15.483407Z,15.00,0.2800,0.7200,yes
2ca3134c-706d-507f-3984-cd04a59513e5,KXNEXTIRANLEADER-45JAN01-ALAR,2026-03-01T02:38:00.758578Z,34.00,0.2800,0.7200,yes
f81bbb2e-3c33-4775-7ad4-37c620a0ef78,KXNEXTIRANLEADER-45JAN01-ALAR,2026-03-01T02:37:58.629275Z,15.00,0.2800,0.7200,yes
82ad1b55-242d-4447-52e5-1bf01c848c97,KXNEXTIRANLEADER-45JAN01-ALAR,2026-03-01T02:37:58.629275Z,2.00,0.2800,0.7200,yes
c70b901d-037f-73b2-470b-83aeb3f55ca5,KXNEXTIRANLEADER-45JAN01-ALAR,2026-03-01T02:37:52.495585Z,1.00,0.3300,0.6700,no
d07dd37c-89d1-41b2-4480-a5595c7d0999,KXNEXTIRANLEADER-45JAN01-ALAR,2026-03-01T02:37:46.078814Z,39.00,0.3300,0.6700,yes
5403cd0a-8815-735c-dd68-a168007e5af1,KXNEXTIRANLEADER-45JAN01-ALAR,2026-03-01T02:37:43.112641Z,1.00,0.3400,0.6600,yes
e0592827-f957-69f6-f258-86ebfb9884eb,KXNEXTIRANLEADER-45JAN01-ALAR,2026-03-01T02:37:41.734051Z,24.00,0.3500,0.6500,no
be57c98d-9ca0-65f0-e315-8243aa5c5b08,KXNEXTIRANLEADER-45JAN01-ALAR,2026-03-01T02:37:41.734051Z,91.00,0.2500,0.7500,no
b8d2ad25-b779-6053-e3b9-c75573ed7884,KXNEXTIRANLEADER-45JAN01-ALAR,2026-03-01T02:37:41.734051Z,20.00,0.3300,0.6700,no
b52bc866-b9e4-6c2c-fa9c-bab3c281914d,KXNEXTIRANLEADER-45JAN01-ALAR,2026-03-01T02:37:41.734051Z,101.00,0.2400,0.7600,no
ace60fca-af2a-6038-df35-09093d97f60c,KXNEXTIRANLEADER-45JAN01-ALAR,2026-03-01T02:37:41.734051Z,250.00,0.3200,0.6800,no
63931f5c-be59-6f47-e814-547f10c9a853,KXNEXTIRANLEADER-45JAN01-ALAR,2026-03-01T02:37:41.734051Z,39.00,0.2900,0.7100,no
48169138-d4fb-6ee3-fc08-ab190531ca83,KXNEXTIRANLEADER-45JAN01-ALAR,2026-03-01T02:37:41.734051Z,50.00,0.2900,0.7100,no
2c1e8d36-ef6f-6ed4-c384-07a6356c98bd,KXNEXTIRANLEADER-45JAN01-ALAR,2026-03-01T02:37:41.734051Z,50.00,0.3400,0.6600,no
2bfff82b-8451-67c1-d478-adc7154da9fc,KXNEXTIRANLEADER-45JAN01-ALAR,2026-03-01T02:37:41.734051Z,39.00,0.1900,0.8100,no
2544a822-cad2-6f7c-cc28-dbb8a43f2576,KXNEXTIRANLEADER-45JAN01-ALAR,2026-03-01T02:37:41.734051Z,12.00,0.2900,0.7100,no
1f2291c5-bfd3-64c2-ed52-29685f101d91,KXNEXTIRANLEADER-45JAN01-ALAR,2026-03-01T02:37:41.734051Z,12.00,0.2900,0.7100,no
100eec66-f42a-6dec-c28c-7ae1663375ae,KXNEXTIRANLEADER-45JAN01-ALAR,2026-03-01T02:37:41.734051Z,2.00,0.3400,0.6600,no
9d32c574-749b-5cb3-29ed-6f60cfc1766e,KXNEXTIRANLEADER-45JAN01-ALAR,2026-03-01T02:37:20.700725Z,24.00,0.3900,0.6100,yes
3dc4add3-ceaf-5a85-3908-30c08bc113c1,KXNEXTIRANLEADER-45JAN01-ALAR,2026-03-01T02:37:20.700725Z,36.00,0.3900,0.6100,yes
24bf1d5d-5391-5d9d-338e-4b43be1af765,KXNEXTIRANLEADER-45JAN01-ALAR,2026-03-01T02:37:20.700725Z,1.00,0.3900,0.6100,yes
949f0348-6831-55fa-ea03-fff4c8de7a5e,KXNEXTIRANLEADER-45JAN01-ALAR,2026-03-01T02:37:10.77132Z,5.00,0.4000,0.6000,yes
84d5bbdf-d781-585b-dcd9-a513c0a63bed,KXNEXTIRANLEADER-45JAN01-ALAR,2026-03-01T02:37:10.77132Z,114.00,0.4000,0.6000,yes
07961408-e699-40b6-986a-18112d18e67e,KXNEXTIRANLEADER-45JAN01-ALAR,2026-03-01T02:36:59.516368Z,11.00,0.4000,0.6000,yes
f8b49d2f-0254-7364-ab24-040a9124f396,KXNEXTIRANLEADER-45JAN01-ALAR,2026-03-01T02:36:57.399534Z,1.00,0.3200,0.6800,no
cae90725-2e71-7055-98f2-91c40acddf72,KXNEXTIRANLEADER-45JAN01-ALAR,2026-03-01T02:36:57.399534Z,1.00,0.3800,0.6200,no
bc62964a-039b-7366-a550-10fbc9607cd3,KXNEXTIRANLEADER-45JAN01-ALAR,2026-03-01T02:36:57.399534Z,22.00,0.3300,0.6700,no
b57bb6ad-c6ca-7cda-9628-058719f20cd3,KXNEXTIRANLEADER-45JAN01-ALAR,2026-03-01T02:36:57.399534Z,18.00,0.3200,0.6800,no
95d1c642-0863-7be1-8018-de214bbe25b1,KXNEXTIRANLEADER-45JAN01-ALAR,2026-03-01T02:36:57.399534Z,49.00,0.3700,0.6300,no
8a5ee36f-8fed-715f-a259-e5e5e1dedb7b,KXNEXTIRANLEADER-45JAN01-ALAR,2026-03-01T02:36:57.399534Z,50.00,0.3800,0.6200,no
4fd82b06-3472-7f9e-8949-e5ff9a4aae64,KXNEXTIRANLEADER-45JAN01-ALAR,2026-03-01T02:36:57.399534Z,18.00,0.3300,0.6700,no
166119ec-2b47-796e-b2c8-8448b4f8acbb,KXNEXTIRANLEADER-45JAN01-ALAR,2026-03-01T02:36:57.399534Z,5.00,0.3800,0.6200,no
edf631d8-5329-537e-a812-9f92d50c7c22,KXNEXTIRANLEADER-45JAN01-ALAR,2026-03-01T02:36:48.952368Z,14.00,0.4000,0.6000,yes
32d45cc6-ede4-598a-aa04-1eedbddc2ad2,KXNEXTIRANLEADER-45JAN01-ALAR,2026-03-01T02:36:48.952368Z,10.00,0.3900,0.6100,yes
c552f63c-ee6d-7543-37d6-073410bd89ad,KXNEXTIRANLEADER-45JAN01-ALAR,2026-03-01T02:36:39.665862Z,41.00,0.3700,0.6300,yes
b8c8d974-5d45-4c07-9d31-d313e7c39425,KXNEXTIRANLEADER-45JAN01-ALAR,2026-03-01T02:36:31.499751Z,9.00,0.3700,0.6300,yes
972d6556-8332-409c-93e2-d2c10edac2ec,KXNEXTIRANLEADER-45JAN01-ALAR,2026-03-01T02:36:31.499751Z,1.00,0.3700,0.6300,yes
1a9b3a18-5262-4d0f-9398-88665ae61fd3,KXNEXTIRANLEADER-45JAN01-ALAR,2026-03-01T02:36:31.499751Z,1.00,0.3300,0.6700,yes
134ec4ee-f13e-4d3b-a4e2-e46aa418f3db,KXNEXTIRANLEADER-45JAN01-ALAR,2026-03-01T02:36:31.499751Z,1.00,0.3700,0.6300,yes
f1776cf2-cb56-6f1a-28cf-26cd395dc6c1,KXNEXTIRANLEADER-45JAN01-ALAR,2026-03-01T02:36:17.429765Z,5.00,0.3700,0.6300,yes
a5b21bd5-a2e0-66e8-4a55-61e35d089113,KXNEXTIRANLEADER-45JAN01-ALAR,2026-03-01T02:36:08.179741Z,30.00,0.3600,0.6400,yes
a480d55d-5fc2-6307-56af-39ecd61299bc,KXNEXTIRANLEADER-45JAN01-ALAR,2026-03-01T02:36:08.179741Z,122.00,0.3300,0.6700,yes
9e9ac3c3-4777-62b3-64d2-28e6bc339148,KXNEXTIRANLEADER-45JAN01-ALAR,2026-03-01T02:36:08.179741Z,18.00,0.3700,0.6300,yes
1f7dbcf8-cfbd-6b7e-5c75-9dbef6b54714,KXNEXTIRANLEADER-45JAN01-ALAR,2026-03-01T02:36:08.179741Z,62.00,0.3400,0.6600,yes
0ba9663f-e38d-6fd6-5902-9690548f1394,KXNEXTIRANLEADER-45JAN01-ALAR,2026-03-01T02:36:08.179741Z,50.00,0.3300,0.6700,yes
e77b89ee-264e-59e3-b46b-d26d7340775c,KXNEXTIRANLEADER-45JAN01-ALAR,2026-03-01T02:36:02.526305Z,28.00,0.3300,0.6700,yes
edda935a-c6a8-7bb8-ca11-26bcabdbb0ca,KXNEXTIRANLEADER-45JAN01-ALAR,2026-03-01T02:35:54.867454Z,91.00,0.2900,0.7100,yes
5931edff-acc6-7b62-ce69-5bdfa4aa2ab4,KXNEXTIRANLEADER-45JAN01-ALAR,2026-03-01T02:35:54.867454Z,7.00,0.3000,0.7000,yes
1b903768-1498-4bf2-af4c-499b3e5238f9,KXNEXTIRANLEADER-45JAN01-ALAR,2026-03-01T02:35:52.661437Z,10.00,0.2800,0.7200,no
12bcc910-f998-7450-0f9d-94e822be09ba,KXNEXTIRANLEADER-45JAN01-ALAR,2026-03-01T02:35:49.328725Z,164.00,0.2900,0.7100,yes
b1fc496f-2758-6a84-c68e-02ce8eb7d5e6,KXNEXTIRANLEADER-45JAN01-ALAR,2026-03-01T02:35:42.193885Z,323.00,0.2900,0.7100,yes
cc2bb975-d330-4624-bcf8-f141bf70b296,KXNEXTIRANLEADER-45JAN01-ALAR,2026-03-01T02:35:25.414816Z,328.00,0.2900,0.7100,yes
c6dc97c0-446c-6654-23cb-b34edb8bcad2,KXNEXTIRANLEADER-45JAN01-ALAR,2026-03-01T02:35:11.533728Z,6.00,0.2900,0.7100,yes
ad826245-56c0-4e18-ffed-84c4746da217,KXNEXTIRANLEADER-45JAN01-ALAR,2026-03-01T02:35:10.788978Z,33.00,0.2800,0.7200,yes
88d79973-0867-4e2c-f97f-b65699bf26e4,KXNEXTIRANLEADER-45JAN01-ALAR,2026-03-01T02:35:10.788978Z,6.00,0.2700,0.7300,yes
3ecd6aa0-7e00-438c-f857-17137f3199d0,KXNEXTIRANLEADER-45JAN01-ALAR,2026-03-01T02:35:10.788978Z,17.00,0.2800,0.7200,yes
949908eb-3424-6bc0-c842-adda5d77ed8c,KXNEXTIRANLEADER-45JAN01-ALAR,2026-03-01T02:35:01.896503Z,2.00,0.2500,0.7500,no
e49a23a7-42c8-74ec-564b-a72e9929f2f4,KXNEXTIRANLEADER-45JAN01-ALAR,2026-03-01T02:34:58.709361Z,7.00,0.2500,0.7500,no
9f57cb03-e3e6-7836-5b2b-5b745c077f57,KXNEXTIRANLEADER-45JAN01-ALAR,2026-03-01T02:34:58.709361Z,10.00,0.2500,0.7500,no
10e5e167-bc34-7e0c-68fe-f94a8b4ad31b,KXNEXTIRANLEADER-45JAN01-ALAR,2026-03-01T02:34:55.85143Z,17.00,0.2800,0.7200,yes
b0339de7-8f72-6188-bf13-0d213acc82c8,KXNEXTIRANLEADER-45JAN01-ALAR,2026-03-01T02:34:51.41972Z,7.00,0.2800,0.7200,yes
1b23b569-3830-6996-8dfc-aa193f5131ea,KXNEXTIRANLEADER-45JAN01-ALAR,2026-03-01T02:34:51.41972Z,10.00,0.2700,0.7300,yes
180615e5-b6bb-6304-8093-704b640a8f2c,KXNEXTIRANLEADER-45JAN01-ALAR,2026-03-01T02:34:51.41972Z,17.00,0.2800,0.7200,yes
e6f4ca16-0a4b-7958-3934-7600a37e4688,KXNEXTIRANLEADER-45JAN01-ALAR,2026-03-01T02:34:41.194278Z,50.00,0.3000,0.7000,no
e6e18837-3fda-7256-252e-e278639206fd,KXNEXTIRANLEADER-45JAN01-ALAR,2026-03-01T02:34:41.194278Z,20.00,0.3100,0.6900,no
e34a6ca3-7bad-75b1-1cd2-1ad4644d08ac,KXNEXTIRANLEADER-45JAN01-ALAR,2026-03-01T02:34:41.194278Z,55.00,0.3700,0.6300,no
dd137440-aa6d-7ef6-2bb7-e57140e215fa,KXNEXTIRANLEADER-45JAN01-ALAR,2026-03-01T02:34:41.194278Z,90.00,0.3000,0.7000,no
d2ca298a-814e-7fae-2fa8-7b37f147f05b,KXNEXTIRANLEADER-45JAN01-ALAR,2026-03-01T02:34:41.194278Z,30.00,0.3300,0.6700,no
ca00ca74-bc74-7332-196e-8008cc29671f,KXNEXTIRANLEADER-45JAN01-ALAR,2026-03-01T02:34:41.194278Z,150.00,0.3300,0.6700,no
af129664-aed5-7d24-1cfd-f6126702b9ae,KXNEXTIRANLEADER-45JAN01-ALAR,2026-03-01T02:34:41.194278Z,27.00,0.3300,0.6700,no
608c7444-f982-799b-2a42-ff9897689701,KXNEXTIRANLEADER-45JAN01-ALAR,2026-03-01T02:34:41.194278Z,5.00,0.3300,0.6700,no
59c76b58-6683-77fb-167b-d6bc78267f4f,KXNEXTIRANLEADER-45JAN01-ALAR,2026-03-01T02:34:41.194278Z,5.00,0.4000,0.6000,no
57f8aca5-cf1d-7e81-35f2-efe31eea9dc9,KXNEXTIRANLEADER-45JAN01-ALAR,2026-03-01T02:34:41.194278Z,10.00,0.4100,0.5900,no
1e5087fd-92a0-73f5-1cec-34f6b9598091,KXNEXTIRANLEADER-45JAN01-ALAR,2026-03-01T02:34:41.194278Z,30.00,0.3700,0.6300,no
17f86abf-0c07-78c3-2d99-6e1e8ca421f5,KXNEXTIRANLEADER-45JAN01-ALAR,2026-03-01T02:34:41.194278Z,100.00,0.3600,0.6400,no
175f395f-0208-71e6-17c7-45e5e9e10998,KXNEXTIRANLEADER-45JAN01-ALAR,2026-03-01T02:34:41.194278Z,21.00,0.3400,0.6600,no
0dbf16e2-ed4f-7681-2387-a9a5f516dcfb,KXNEXTIRANLEADER-45JAN01-ALAR,2026-03-01T02:34:41.194278Z,50.00,0.4000,0.6000,no
e9822e9f-34e5-7f93-588f-644053bd65c6,KXNEXTIRANLEADER-45JAN01-ALAR,2026-03-01T02:34:12.833468Z,14.00,0.4300,0.5700,yes
6df6a3ea-5118-7793-56c4-f860c370277d,KXNEXTIRANLEADER-45JAN01-ALAR,2026-03-01T02:34:12.833468Z,3.00,0.4200,0.5800,yes
ed052347-b3e0-647c-7c02-69692f6b4904,KXNEXTIRANLEADER-45JAN01-ALAR,2026-03-01T02:33:59.530214Z,9.00,0.3800,0.6200,no
bfac62d5-fb28-60dc-76dc-be630f5b02b3,KXNEXTIRANLEADER-45JAN01-ALAR,2026-03-01T02:33:59.530214Z,13.00,0.4100,0.5900,no
bbab2ce7-69cd-6492-5fd0-1154f494fff0,KXNEXTIRANLEADER-45JAN01-ALAR,2026-03-01T02:33:59.530214Z,9.00,0.4100,0.5900,no
b38cb322-004f-637e-4b85-824765f0494d,KXNEXTIRANLEADER-45JAN01-ALAR,2026-03-01T02:33:59.530214Z,50.00,0.3800,0.6200,no
3ff10d36-c046-691c-7f2d-0239e5de74ad,KXNEXTIRANLEADER-45JAN01-ALAR,2026-03-01T02:33:59.530214Z,50.00,0.4000,0.6000,no
3e88448b-2953-6cb4-555a-cf7c3aa72012,KXNEXTIRANLEADER-45JAN01-ALAR,2026-03-01T02:33:59.530214Z,61.00,0.3800,0.6200,no
223ce155-7212-66ed-651c-e8a3df9177d2,KXNEXTIRANLEADER-45JAN01-ALAR,2026-03-01T02:33:59.530214Z,3.00,0.4100,0.5900,no
e041a4b0-559a-6e3e-2aaa-5f44456a7646,KXNEXTIRANLEADER-45JAN01-ALAR,2026-03-01T02:33:52.916509Z,13.00,0.4700,0.5300,yes
b9e81129-542f-674d-2e29-eb31c90615b1,KXNEXTIRANLEADER-45JAN01-ALAR,2026-03-01T02:33:52.916509Z,7.00,0.4800,0.5200,yes
76929c81-f74e-5af6-eea8-6a73499a05b2,KXNEXTIRANLEADER-45JAN01-ALAR,2026-03-01T02:33:43.697195Z,171.00,0.4200,0.5800,yes
2796b8a2-76be-533d-c759-0a0a48ca2c4c,KXNEXTIRANLEADER-45JAN01-ALAR,2026-03-01T02:33:43.697195Z,14.00,0.4100,0.5900,yes
1397ebb1-a0b7-5baf-f996-5459cf6c0d7f,KXNEXTIRANLEADER-45JAN01-ALAR,2026-03-01T02:33:43.697195Z,55.00,0.4100,0.5900,yes
b27aac32-32f8-65d5-17fe-f4d07d7d0803,KXNEXTIRANLEADER-45JAN01-ALAR,2026-03-01T02:33:41.166133Z,13.00,0.4200,0.5800,no
5bb6ceda-910e-62ab-c7e8-b1a69bdb1a78,KXNEXTIRANLEADER-45JAN01-ALAR,2026-03-01T02:33:33.165924Z,9.00,0.4100,0.5900,yes
49822f5f-a3fa-68b7-cd7e-8afd2d25694e,KXNEXTIRANLEADER-45JAN01-ALAR,2026-03-01T02:33:33.165924Z,8.00,0.4200,0.5800,yes
43b58645-8298-6542-deef-aa7d7e882d72,KXNEXTIRANLEADER-45JAN01-ALAR,2026-03-01T02:33:33.165924Z,17.00,0.4200,0.5800,yes
b5c8ab2e-eece-557f-c83e-572c790ddddd,KXNEXTIRANLEADER-45JAN01-ALAR,2026-03-01T02:33:30.207345Z,15.00,0.3700,0.6300,no
6d8769a7-040f-593c-efc9-cc2d32dcb565,KXNEXTIRANLEADER-45JAN01-ALAR,2026-03-01T02:33:30.207345Z,10.00,0.3600,0.6400,no
545d1d30-5ee0-5de2-d63e-63b0b178b312,KXNEXTIRANLEADER-45JAN01-ALAR,2026-03-01T02:33:30.207345Z,14.00,0.3700,0.6300,no
25c42d46-8f1e-4e76-e723-e3b69c0bbc97,KXNEXTIRANLEADER-45JAN01-ALAR,2026-03-01T02:33:29.372873Z,3.00,0.4300,0.5700,yes
fe9a9390-93ba-7b52-621d-271624308097,KXNEXTIRANLEADER-45JAN01-ALAR,2026-03-01T02:33:25.332663Z,4.00,0.4300,0.5700,yes
e0ea5794-3ec8-4cf3-97a7-4f1408216b8e,KXNEXTIRANLEADER-45JAN01-ALAR,2026-03-01T02:33:12.810479Z,136.00,0.4900,0.5100,yes
dfa5470a-1103-4812-9be3-24f23a492885,KXNEXTIRANLEADER-45JAN01-ALAR,2026-03-01T02:33:12.810479Z,80.00,0.3700,0.6300,yes
b63c2c58-c148-4a78-8744-05c2ddee3895,KXNEXTIRANLEADER-45JAN01-ALAR,2026-03-01T02:33:12.810479Z,50.00,0.5000,0.5000,yes
a936ae31-cb6a-45cf-b30f-6107f37b00eb,KXNEXTIRANLEADER-45JAN01-ALAR,2026-03-01T02:33:12.810479Z,10.00,0.3700,0.6300,yes
a1d0ceb7-0115-4e5b-9d6b-8f2c1a7db266,KXNEXTIRANLEADER-45JAN01-ALAR,2026-03-01T02:33:12.810479Z,15.00,0.3800,0.6200,yes
8023c884-ecdc-4dcb-a3be-a68bdd3324ce,KXNEXTIRANLEADER-45JAN01-ALAR,2026-03-01T02:33:12.810479Z,54.00,0.5000,0.5000,yes
7c0802b0-eda0-4551-ba34-559831ed8a13,KXNEXTIRANLEADER-45JAN01-ALAR,2026-03-01T02:33:12.810479Z,60.00,0.3800,0.6200,yes
7664c1c2-f709-43b4-9de3-3849c5e9ad70,KXNEXTIRANLEADER-45JAN01-ALAR,2026-03-01T02:33:12.810479Z,500.00,0.3800,0.6200,yes
74359e05-bdfa-4a0c-b838-d1665a765305,KXNEXTIRANLEADER-45JAN01-ALAR,2026-03-01T02:33:12.810479Z,15.00,0.3800,0.6200,yes
41c51e06-0967-46cc-9e2a-368063a5b5e9,KXNEXTIRANLEADER-45JAN01-ALAR,2026-03-01T02:33:12.810479Z,100.00,0.5000,0.5000,yes
3927c7e3-88fb-4aa5-9878-e1417f25712d,KXNEXTIRANLEADER-45JAN01-ALAR,2026-03-01T02:33:12.810479Z,17.00,0.3800,0.6200,yes
2737a716-d6ba-4c3e-b8b0-3a0ad53b7ef7,KXNEXTIRANLEADER-45JAN01-ALAR,2026-03-01T02:33:12.810479Z,20.00,0.4000,0.6000,yes
1e54afaa-39f7-4063-bb7d-d5c31b4b22a4,KXNEXTIRANLEADER-45JAN01-ALAR,2026-03-01T02:33:12.810479Z,3.00,0.3800,0.6200,yes
18b15218-44d8-48d9-a744-9ee9f04daf82,KXNEXTIRANLEADER-45JAN01-ALAR,2026-03-01T02:33:12.810479Z,10.00,0.4500,0.5500,yes
1515c8ae-b721-4c93-8714-3096885e0973,KXNEXTIRANLEADER-45JAN01-ALAR,2026-03-01T02:33:12.810479Z,32.00,0.3700,0.6300,yes
0812848b-96b2-4a13-a1ae-062d0753f6d8,KXNEXTIRANLEADER-45JAN01-ALAR,2026-03-01T02:33:12.810479Z,20.00,0.3700,0.6300,yes
03182001-a0a7-4eca-9de0-afef415a8db9,KXNEXTIRANLEADER-45JAN01-ALAR,2026-03-01T02:33:12.810479Z,25.00,0.3700,0.6300,yes
0046c74f-dc45-460d-9c38-2dc0635fd0d6,KXNEXTIRANLEADER-45JAN01-ALAR,2026-03-01T02:33:12.810479Z,15.00,0.3800,0.6200,yes
d97507cc-a2ff-4969-8c31-9e273288a9ed,KXNEXTIRANLEADER-45JAN01-ALAR,2026-03-01T02:32:54.988818Z,31.00,0.3600,0.6400,yes
3062c920-c292-4b55-9508-c6085c33716a,KXNEXTIRANLEADER-45JAN01-ALAR,2026-03-01T02:32:54.988818Z,19.00,0.3600,0.6400,yes
2738be1f-0986-4888-b38e-17f2e9cda7f3,KXNEXTIRANLEADER-45JAN01-ALAR,2026-03-01T02:32:54.988818Z,50.00,0.3600,0.6400,yes
167e1600-5cab-4b66-87fd-fbf6b10c2dfd,KXNEXTIRANLEADER-45JAN01-ALAR,2026-03-01T02:32:54.988818Z,5.00,0.3700,0.6300,yes
1bd03417-4c26-607d-cbee-284fdd76dc4a,KXNEXTIRANLEADER-45JAN01-ALAR,2026-03-01T02:32:51.102998Z,5.00,0.3600,0.6400,yes
f084925b-f656-62ad-7d9b-8df4bc9df882,KXNEXTIRANLEADER-45JAN01-ALAR,2026-03-01T02:32:50.80301Z,26.00,0.3600,0.6400,yes
ee90002c-5a6a-7bb6-b22d-1d3c14e2ca1e,KXNEXTIRANLEADER-45JAN01-ALAR,2026-03-01T02:32:25.170629Z,20.00,0.2800,0.7200,no
e96f2027-9954-774b-929a-172640eb5e1b,KXNEXTIRANLEADER-45JAN01-ALAR,2026-03-01T02:32:25.170629Z,1.00,0.3600,0.6400,no
d183c889-3c98-701a-beb3-050727c51aaf,KXNEXTIRANLEADER-45JAN01-ALAR,2026-03-01T02:32:25.170629Z,500.00,0.3500,0.6500,no
c880b7d8-bcd0-70a8-94bb-c919c6381904,KXNEXTIRANLEADER-45JAN01-ALAR,2026-03-01T02:32:25.170629Z,20.00,0.2900,0.7100,no
bfb800a9-8225-7ab9-b21d-5d612d1ea233,KXNEXTIRANLEADER-45JAN01-ALAR,2026-03-01T02:32:25.170629Z,100.00,0.2500,0.7500,no
ac381491-634e-77e9-af25-3ddfbed3b3a6,KXNEXTIRANLEADER-45JAN01-ALAR,2026-03-01T02:32:25.170629Z,4.00,0.3800,0.6200,no
a9a94086-60d1-7b03-8175-4ebff3e4ba4e,KXNEXTIRANLEADER-45JAN01-ALAR,2026-03-01T02:32:25.170629Z,50.00,0.3500,0.6500,no
a9479506-00af-704e-9ca6-19f4c2ea2ad8,KXNEXTIRANLEADER-45JAN01-ALAR,2026-03-01T02:32:25.170629Z,32.00,0.3500,0.6500,no
9d6ebd00-1ce1-725d-93d8-4cc7513c9df0,KXNEXTIRANLEADER-45JAN01-ALAR,2026-03-01T02:32:25.170629Z,3.00,0.3900,0.6100,no
8e64dd89-5d1d-7858-98f3-63d2e67719ea,KXNEXTIRANLEADER-45JAN01-ALAR,2026-03-01T02:32:25.170629Z,20.00,0.1800,0.8200,no
6e42b512-cd7d-7983-b66b-b89b508529ca,KXNEXTIRANLEADER-45JAN01-ALAR,2026-03-01T02:32:25.170629Z,30.00,0.3500,0.6500,no
443a39f4-ccfc-7b65-ba18-f771b5efb85e,KXNEXTIRANLEADER-45JAN01-ALAR,2026-03-01T02:32:25.170629Z,64.00,0.2600,0.7400,no
36760903-4d90-7d32-89b0-9f78721bd66c,KXNEXTIRANLEADER-45JAN01-ALAR,2026-03-01T02:32:25.170629Z,30.00,0.3200,0.6800,no
343d244b-07e2-7935-8b02-e2dcba0b015c,KXNEXTIRANLEADER-45JAN01-ALAR,2026-03-01T02:32:25.170629Z,50.00,0.3500,0.6500,no
2fac43e0-37b5-7a5d-bed2-dfa96235e60d,KXNEXTIRANLEADER-45JAN01-ALAR,2026-03-01T02:32:25.170629Z,15.00,0.3600,0.6400,no
1c05785c-6bd3-78d8-ad7d-4a1a74871adc,KXNEXTIRANLEADER-45JAN01-ALAR,2026-03-01T02:32:25.170629Z,100.00,0.1700,0.8300,no
1523bdf0-2693-79ea-912b-df2fdbff6523,KXNEXTIRANLEADER-45JAN01-ALAR,2026-03-01T02:32:25.170629Z,15.00,0.1700,0.8300,no
12105492-ba7c-79ea-8757-9e407aa6800a,KXNEXTIRANLEADER-45JAN01-ALAR,2026-03-01T02:32:25.170629Z,85.00,0.3500,0.6500,no
02ce11fc-b630-77f9-8752-1437712be104,KXNEXTIRANLEADER-45JAN01-ALAR,2026-03-01T02:32:25.170629Z,20.00,0.3600,0.6400,no
5c7cb31e-d52e-7b53-0087-4bc652143866,KXNEXTIRANLEADER-45JAN01-ALAR,2026-03-01T02:31:55.49502Z,4.00,0.4300,0.5700,yes
addde8c6-5ff0-78d8-9ad0-913c0d585a31,KXNEXTIRANLEADER-45JAN01-ALAR,2026-03-01T02:31:54.308292Z,27.00,0.3900,0.6100,yes
94e1dbdc-fa69-76bb-be56-953114799af6,KXNEXTIRANLEADER-45JAN01-ALAR,2026-03-01T02:31:54.308292Z,20.00,0.4100,0.5900,yes
341d5b00-bb92-7f8b-b8ea-126a6a42930a,KXNEXTIRANLEADER-45JAN01-ALAR,2026-03-01T02:31:54.308292Z,48.00,0.4300,0.5700,yes
6c2838c9-9be4-66dc-31ad-93009be99529,KXNEXTIRANLEADER-45JAN01-ALAR,2026-03-01T02:31:01.49331Z,12.00,0.3900,0.6100,yes
176244ce-9498-7334-fe18-34f51d7ecded,KXNEXTIRANLEADER-45JAN01-ALAR,2026-03-01T02:31:00.793325Z,61.00,0.3900,0.6100,yes
17274922-4387-6b0c-ccd2-178d1ec33ac7,KXNEXTIRANLEADER-45JAN01-ALAR,2026-03-01T02:30:22.723562Z,24.00,0.3900,0.6100,yes
d396d779-dddf-5cfc-0358-269aa76070ff,KXNEXTIRANLEADER-45JAN01-ALAR,2026-03-01T02:30:22.209908Z,49.00,0.3900,0.6100,yes
b5f3bf06-2266-74c4-40b8-e9c4e691284c,KXNEXTIRANLEADER-45JAN01-ALAR,2026-03-01T02:30:16.406716Z,4.00,0.3800,0.6200,yes
77ed1718-f7b1-71a4-6017-d44713af97fb,KXNEXTIRANLEADER-45JAN01-ALAR,2026-03-01T02:30:16.406716Z,1.00,0.3800,0.6200,yes
3ed369cd-9b32-7f27-4f4c-185fdd68dc08,KXNEXTIRANLEADER-45JAN01-ALAR,2026-03-01T02:30:16.406716Z,45.00,0.3800,0.6200,yes
c11f5e37-390b-75b1-e4a0-dc285f044bda,KXNEXTIRANLEADER-45JAN01-ALAR,2026-03-01T02:29:59.57483Z,20.00,0.3800,0.6200,no
0f9cb57e-b5db-7c55-f45e-89ae05c11ca9,KXNEXTIRANLEADER-45JAN01-ALAR,2026-03-01T02:29:59.57483Z,30.00,0.3900,0.6100,no
cc2c1b7d-dc5e-554a-67d5-6555139515f6,KXNEXTIRANLEADER-45JAN01-ALAR,2026-03-01T02:29:57.95716Z,10.00,0.4400,0.5600,no
8843d6e6-9889-6a7d-ca56-3218a4166a8f,KXNEXTIRANLEADER-45JAN01-ALAR,2026-03-01T02:29:52.53347Z,2.00,0.4800,0.5200,yes
c8475b47-cbca-448c-cac0-80fd7b3a2b63,KXNEXTIRANLEADER-45JAN01-ALAR,2026-03-01T02:29:51.25198Z,3.00,0.4300,0.5700,no
9cac3b85-83a1-4bf5-c80f-83cab19d5855,KXNEXTIRANLEADER-45JAN01-ALAR,2026-03-01T02:29:51.25198Z,1.00,0.4400,0.5600,no
70be0fe5-9fe4-4f0e-feb0-4fbde17dcf4f,KXNEXTIRANLEADER-45JAN01-ALAR,2026-03-01T02:29:51.25198Z,55.00,0.4200,0.5800,no
619d69e3-6a86-4d93-d8ea-e1f42ea2b9ce,KXNEXTIRANLEADER-45JAN01-ALAR,2026-03-01T02:29:51.25198Z,50.00,0.4200,0.5800,no
34b1207c-66c7-46a4-ffbc-8a8f9672c3ec,KXNEXTIRANLEADER-45JAN01-ALAR,2026-03-01T02:29:51.25198Z,28.00,0.4100,0.5900,no
1923ccb4-c8ad-4faa-d167-262f86364181,KXNEXTIRANLEADER-45JAN01-ALAR,2026-03-01T02:29:51.25198Z,100.00,0.4100,0.5900,no
063ee63c-df4d-4743-f57c-16ffcc6ba1bf,KXNEXTIRANLEADER-45JAN01-ALAR,2026-03-01T02:29:51.25198Z,10.00,0.4200,0.5800,no
d67197c1-48ee-7310-2091-67fd1626c5cb,KXNEXTIRANLEADER-45JAN01-ALAR,2026-03-01T02:29:49.298918Z,8.00,0.4400,0.5600,no
77d1ed9f-8645-5e49-555f-8e3f9c32537b,KXNEXTIRANLEADER-45JAN01-ALAR,2026-03-01T02:29:49.194629Z,6.00,0.4800,0.5200,yes
f1040361-a78c-60ed-7320-cd0b8655e636,KXNEXTIRANLEADER-45JAN01-ALAR,2026-03-01T02:29:48.201523Z,4.00,0.4700,0.5300,yes
cc0dc799-d6a5-66ab-4355-af4b367ab993,KXNEXTIRANLEADER-45JAN01-ALAR,2026-03-01T02:29:48.201523Z,2.00,0.4700,0.5300,yes
0e1bab0a-2538-6212-4d7d-aae6cb796d66,KXNEXTIRANLEADER-45JAN01-ALAR,2026-03-01T02:29:48.201523Z,5.00,0.4700,0.5300,yes
8b7c0bfa-97bd-60c1-2320-756a46661c80,KXNEXTIRANLEADER-45JAN01-ALAR,2026-03-01T02:29:41.397712Z,9.00,0.4400,0.5600,no
dd5fe760-9d3b-655f-3f23-0be20ab7bb8d,KXNEXTIRANLEADER-45JAN01-ALAR,2026-03-01T02:29:36.792761Z,47.00,0.4900,0.5100,yes
74c24c9b-0eda-6ae8-0446-987488e9969e,KXNEXTIRANLEADER-45JAN01-ALAR,2026-03-01T02:29:36.792761Z,2.00,0.4900,0.5100,yes
35875891-0632-58fc-99b7-bfb4e91d605a,KXNEXTIRANLEADER-45JAN01-ALAR,2026-03-01T02:29:36.460753Z,3.00,0.4900,0.5100,yes
939dd1a2-d710-48fd-6c43-f47545861b00,KXNEXTIRANLEADER-45JAN01-ALAR,2026-03-01T02:29:15.741336Z,9.00,0.4800,0.5200,yes
783406c8-2cba-4050-6720-7e7af22da043,KXNEXTIRANLEADER-45JAN01-ALAR,2026-03-01T02:29:15.741336Z,28.00,0.4900,0.5100,yes
285061eb-761b-464b-5204-857902c979bf,KXNEXTIRANLEADER-45JAN01-ALAR,2026-03-01T02:29:15.741336Z,2.00,0.4800,0.5200,yes
afc912d8-9528-53b6-b7b3-65920dadf8a1,KXNEXTIRANLEADER-45JAN01-ALAR,2026-03-01T02:29:11.772519Z,3.00,0.4400,0.5600,no
4ecb74c4-0168-52cb-9a21-1e0343e3d239,KXNEXTIRANLEADER-45JAN01-ALAR,2026-03-01T02:29:11.772519Z,14.00,0.4400,0.5600,no
f94233f5-e21a-4e0c-2301-b5a3fb9ba1b7,KXNEXTIRANLEADER-45JAN01-ALAR,2026-03-01T02:28:47.857945Z,20.00,0.4100,0.5900,no
e5935995-7bd3-4892-2367-585786336ece,KXNEXTIRANLEADER-45JAN01-ALAR,2026-03-01T02:28:47.857945Z,9.00,0.4400,0.5600,no
bd62237b-89d9-4a6c-1019-d1a2ea75dc52,KXNEXTIRANLEADER-45JAN01-ALAR,2026-03-01T02:28:47.857945Z,42.00,0.3700,0.6300,no
8bc5b6cd-c46d-4f8e-3aa0-443c637a473d,KXNEXTIRANLEADER-45JAN01-ALAR,2026-03-01T02:28:47.857945Z,4.00,0.4300,0.5700,no
59d179d5-be5e-4186-100f-e76baedb910e,KXNEXTIRANLEADER-45JAN01-ALAR,2026-03-01T02:28:47.857945Z,9.00,0.4300,0.5700,no
36a781d8-720b-41ae-102c-6a821f658fa7,KXNEXTIRANLEADER-45JAN01-ALAR,2026-03-01T02:28:47.857945Z,16.00,0.3700,0.6300,no
e95a3ac9-2df2-407d-7a4c-4cebeddab960,KXNEXTIRANLEADER-45JAN01-ALAR,2026-03-01T02:28:46.244176Z,100.00,0.5000,0.5000,yes
e3affbd6-1b0f-4a3f-65ba-da5d62728497,KXNEXTIRANLEADER-45JAN01-ALAR,2026-03-01T02:28:46.244176Z,100.00,0.4800,0.5200,yes
adf7876d-a970-42ef-6490-16b5acc97a7a,KXNEXTIRANLEADER-45JAN01-ALAR,2026-03-01T02:28:46.244176Z,50.00,0.4800,0.5200,yes
8d9b1fc0-2137-4726-5fa0-5bd26812e188,KXNEXTIRANLEADER-45JAN01-ALAR,2026-03-01T02:28:46.244176Z,100.00,0.5000,0.5000,yes
6eee5aa8-6946-49c4-58c7-9e533161615a,KXNEXTIRANLEADER-45JAN01-ALAR,2026-03-01T02:28:46.244176Z,3.00,0.4700,0.5300,yes
6a2d9aee-ae91-45fc-62ff-64761c44f265,KXNEXTIRANLEADER-45JAN01-ALAR,2026-03-01T02:28:46.244176Z,429.00,0.5100,0.4900,yes
6495c646-8257-4740-4b73-8cc657a12862,KXNEXTIRANLEADER-45JAN01-ALAR,2026-03-01T02:28:46.244176Z,30.00,0.4900,0.5100,yes
21bf9676-c5a7-4ac0-5f60-5e227ad9e50b,KXNEXTIRANLEADER-45JAN01-ALAR,2026-03-01T02:28:46.244176Z,100.00,0.5000,0.5000,yes
1988a98e-8304-40be-762d-2cc1c34c4222,KXNEXTIRANLEADER-45JAN01-ALAR,2026-03-01T02:28:46.244176Z,55.00,0.4700,0.5300,yes
df174b2a-71cd-58ea-29d7-35a3ef491c01,KXNEXTIRANLEADER-45JAN01-ALAR,2026-03-01T02:28:42.953358Z,5.00,0.4500,0.5500,yes
c65bf716-6b46-5000-287b-fce9b781b022,KXNEXTIRANLEADER-45JAN01-ALAR,2026-03-01T02:28:42.953358Z,64.00,0.4700,0.5300,yes
b63b9a02-b2ec-5679-1afb-302b31e40b7c,KXNEXTIRANLEADER-45JAN01-ALAR,2026-03-01T02:28:42.953358Z,1.00,0.4500,0.5500,yes
5263a113-7222-5963-13c2-128ab6b96c7d,KXNEXTIRANLEADER-45JAN01-ALAR,2026-03-01T02:28:42.953358Z,75.00,0.4600,0.5400,yes
3317dc33-3714-5476-0d15-299a131d13a7,KXNEXTIRANLEADER-45JAN01-ALAR,2026-03-01T02:28:42.953358Z,58.00,0.4600,0.5400,yes
34adefed-2af4-5a19-aa9f-a003889920b4,KXNEXTIRANLEADER-45JAN01-ALAR,2026-03-01T02:28:42.847294Z,2.00,0.4500,0.5500,yes
3e7986f1-c1d6-6d27-ff2a-518785032a01,KXNEXTIRANLEADER-45JAN01-ALAR,2026-03-01T02:28:39.292056Z,15.00,0.4600,0.5400,yes
32c75c2c-669e-742b-dd0b-90116b045e59,KXNEXTIRANLEADER-45JAN01-ALAR,2026-03-01T02:28:38.797525Z,10.00,0.4600,0.5400,yes
aa3254ac-ae8a-76c7-9b89-18f1331e6797,KXNEXTIRANLEADER-45JAN01-ALAR,2026-03-01T02:28:34.181918Z,4.00,0.4700,0.5300,yes
115b90cd-aeae-7d84-9067-1dc220b8356f,KXNEXTIRANLEADER-45JAN01-ALAR,2026-03-01T02:28:34.181918Z,6.00,0.4600,0.5400,yes
004800a7-fc5a-5d9c-2663-372b5f124f4a,KXNEXTIRANLEADER-45JAN01-ALAR,2026-03-01T02:28:28.886077Z,20.00,0.4700,0.5300,yes
ec1ad2c5-dffa-5ed0-3bf4-2b722524eb36,KXNEXTIRANLEADER-45JAN01-ALAR,2026-03-01T02:28:17.488999Z,6.00,0.4300,0.5700,yes
e237428f-3b96-5b40-22c4-7d98069c342d,KXNEXTIRANLEADER-45JAN01-ALAR,2026-03-01T02:28:17.488999Z,100.00,0.5000,0.5000,yes
e1c668e8-409e-564b-29e9-f568787c2139,KXNEXTIRANLEADER-45JAN01-ALAR,2026-03-01T02:28:17.488999Z,7.00,0.4300,0.5700,yes
cba86612-ddb2-53c1-23ca-7893712a84a5,KXNEXTIRANLEADER-45JAN01-ALAR,2026-03-01T02:28:17.488999Z,16.00,0.4500,0.5500,yes
cafd42b0-f6c1-5afb-25e2-0af166ebdfc8,KXNEXTIRANLEADER-45JAN01-ALAR,2026-03-01T02:28:17.488999Z,37.00,0.5500,0.4500,yes
754f8d2b-cb72-5f4d-12c1-38b053e5042b,KXNEXTIRANLEADER-45JAN01-ALAR,2026-03-01T02:28:17.488999Z,15.00,0.4600,0.5400,yes
1ac20d21-911e-5bfd-0a04-93a6d5086869,KXNEXTIRANLEADER-45JAN01-ALAR,2026-03-01T02:28:17.488999Z,14.00,0.4400,0.5600,yes
00801d92-e9ed-5c8a-be8d-486532084a8e,KXNEXTIRANLEADER-45JAN01-ALAR,2026-03-01T02:28:13.517995Z,39.00,0.3200,0.6800,no
ffc49ea1-94de-627c-25e8-7f69b4a5b4ac,KXNEXTIRANLEADER-45JAN01-ALAR,2026-03-01T02:28:10.56783Z,28.00,0.4000,0.6000,no
f9202ebd-9ff5-62f5-23e2-aaf163d4840f,KXNEXTIRANLEADER-45JAN01-ALAR,2026-03-01T02:28:10.56783Z,66.00,0.2500,0.7500,no
f7aa4325-fef0-687b-0d6a-3b2dba00c388,KXNEXTIRANLEADER-45JAN01-ALAR,2026-03-01T02:28:10.56783Z,60.00,0.4000,0.6000,no
dc96b824-0d05-61d7-32a0-e08cf1950ce2,KXNEXTIRANLEADER-45JAN01-ALAR,2026-03-01T02:28:10.56783Z,11.00,0.4600,0.5400,no
da0d430a-b73a-6fa3-16e5-7cd01fc8ed12,KXNEXTIRANLEADER-45JAN01-ALAR,2026-03-01T02:28:10.56783Z,23.00,0.4400,0.5600,no
ab6a81f0-46b4-6aa7-3f66-916375aa3931,KXNEXTIRANLEADER-45JAN01-ALAR,2026-03-01T02:28:10.56783Z,50.00,0.3100,0.6900,no
9c611ed3-d400-6949-1d67-061259416403,KXNEXTIRANLEADER-45JAN01-ALAR,2026-03-01T02:28:10.56783Z,28.00,0.4300,0.5700,no
8de4a69e-3073-61af-3167-8f00f412e431,KXNEXTIRANLEADER-45JAN01-ALAR,2026-03-01T02:28:10.56783Z,45.00,0.4200,0.5800,no
778263a5-c21a-69bc-3fec-ac94eb700f4c,KXNEXTIRANLEADER-45JAN01-ALAR,2026-03-01T02:28:10.56783Z,4.00,0.4600,0.5400,no
753b78a9-25ff-6f0f-186e-c61319e606ea,KXNEXTIRANLEADER-45JAN01-ALAR,2026-03-01T02:28:10.56783Z,14.00,0.4200,0.5800,no
4588f6d7-228c-60b1-3bf3-3194ef58f47b,KXNEXTIRANLEADER-45JAN01-ALAR,2026-03-01T02:28:10.56783Z,20.00,0.4400,0.5600,no
37967939-13e6-61e5-3d95-adcec396a35f,KXNEXTIRANLEADER-45JAN01-ALAR,2026-03-01T02:28:10.56783Z,50.00,0.2500,0.7500,no
2d8051e7-aff6-6b76-156a-7c08206a3c69,KXNEXTIRANLEADER-45JAN01-ALAR,2026-03-01T02:28:10.56783Z,20.00,0.3900,0.6100,no
f28e6914-88de-624d-c086-f5bc5aa07dd7,KXNEXTIRANLEADER-45JAN01-ALAR,2026-03-01T02:28:06.753764Z,100.00,0.5800,0.4200,yes
d1a573fb-8815-609d-e45c-ecbe61b02cdc,KXNEXTIRANLEADER-45JAN01-ALAR,2026-03-01T02:28:06.753764Z,2.00,0.6100,0.3900,yes
af1724b0-9032-6e31-ee4c-3341172e20ac,KXNEXTIRANLEADER-45JAN01-ALAR,2026-03-01T02:28:06.753764Z,71.00,0.5700,0.4300,yes
7ed4aa8d-fa8a-6a6f-d789-368c40162670,KXNEXTIRANLEADER-45JAN01-ALAR,2026-03-01T02:28:06.753764Z,37.00,0.6300,0.3700,yes
4fde38a8-abe2-6caf-ffed-f110a8fff741,KXNEXTIRANLEADER-45JAN01-ALAR,2026-03-01T02:28:06.753764Z,1.00,0.6200,0.3800,yes
190b8b7d-416f-6c8c-caca-daa7dc25308d,KXNEXTIRANLEADER-45JAN01-ALAR,2026-03-01T02:28:06.753764Z,100.00,0.6000,0.4000,yes
738baa55-6edb-7a32-2e47-abfdf6888f93,KXNEXTIRANLEADER-45JAN01-ALAR,2026-03-01T02:28:04.140715Z,5.00,0.5000,0.5000,yes
6e5a2934-9fa0-6f5f-5b82-da1c33948ce0,KXNEXTIRANLEADER-45JAN01-ALAR,2026-03-01T02:27:51.51236Z,1.00,0.4300,0.5700,no
5f6a39a3-1b34-6662-64d5-eb9de3acffd7,KXNEXTIRANLEADER-45JAN01-ALAR,2026-03-01T02:27:51.51236Z,3.00,0.4500,0.5500,no
31d3060a-cc35-631c-6acb-0cd9ac61faa0,KXNEXTIRANLEADER-45JAN01-ALAR,2026-03-01T02:27:51.51236Z,5.00,0.4400,0.5600,no
b5b95f1e-7cb4-79ec-493f-7fe6fae5c97f,KXNEXTIRANLEADER-45JAN01-ALAR,2026-03-01T02:27:43.200945Z,11.00,0.5100,0.4900,yes
e9a0fc02-2248-6e48-6d84-2002aa2de847,KXNEXTIRANLEADER-45JAN01-ALAR,2026-03-01T02:27:42.081474Z,23.00,0.5100,0.4900,yes
c47bea83-9070-637f-43f7-8ce869e3fd91,KXNEXTIRANLEADER-45JAN01-ALAR,2026-03-01T02:27:42.081474Z,15.00,0.5000,0.5000,yes
7c2390d7-dfdc-7862-71ae-7527b0c5faef,KXNEXTIRANLEADER-45JAN01-ALAR,2026-03-01T02:27:33.253718Z,2.00,0.4500,0.5500,no
c1d1e480-3bcc-5950-3ea7-8e8d5ed26b83,KXNEXTIRANLEADER-45JAN01-ALAR,2026-03-01T02:27:29.744026Z,16.00,0.5100,0.4900,yes
52056ab4-5b8e-54f8-243f-5e570ea19895,KXNEXTIRANLEADER-45JAN01-ALAR,2026-03-01T02:27:29.744026Z,1.00,0.5100,0.4900,yes
4c70bd64-d097-5473-382e-6830079ac8e2,KXNEXTIRANLEADER-45JAN01-ALAR,2026-03-01T02:27:29.744026Z,1.00,0.4900,0.5100,yes
214deefd-0197-5687-008e-92663036c491,KXNEXTIRANLEADER-45JAN01-ALAR,2026-03-01T02:27:29.744026Z,9.00,0.4900,0.5100,yes
bd6591b6-3643-6747-e822-a6741550260e,KXNEXTIRANLEADER-45JAN01-ALAR,2026-03-01T02:27:28.860471Z,10.00,0.4900,0.5100,yes
366b0124-fa0f-4d74-982e-7c8db642e96b,KXNEXTIRANLEADER-45JAN01-ALAR,2026-03-01T02:27:28.049584Z,9.00,0.4700,0.5300,yes
1db976cc-69b7-41df-bbfe-fa0a66740cda,KXNEXTIRANLEADER-45JAN01-ALAR,2026-03-01T02:27:28.049584Z,89.00,0.4900,0.5100,yes
b7ae346c-6af1-6b58-02ef-cb1150a0f178,KXNEXTIRANLEADER-45JAN01-ALAR,2026-03-01T02:27:19.924608Z,10.00,0.5000,0.5000,yes
a53fef6e-c809-6a03-369d-0c7d04c6f71a,KXNEXTIRANLEADER-45JAN01-ALAR,2026-03-01T02:27:19.924608Z,1.00,0.4900,0.5100,yes
93c0acfb-6771-6668-270a-074099ea4160,KXNEXTIRANLEADER-45JAN01-ALAR,2026-03-01T02:27:19.924608Z,19.00,0.6100,0.3900,yes
b59a0a44-a301-42ff-7aa2-17d03c73ff8a,KXNEXTIRANLEADER-45JAN01-ALAR,2026-03-01T02:27:14.481179Z,5.00,0.4900,0.5100,yes
adea6513-af25-7c83-9d15-f6630940948a,KXNEXTIRANLEADER-45JAN01-ALAR,2026-03-01T02:27:05.225183Z,22.00,0.4900,0.5100,yes
97f47bcc-e4e2-705c-8198-a23be15ae830,KXNEXTIRANLEADER-45JAN01-ALAR,2026-03-01T02:27:03.781529Z,3.00,0.4500,0.5500,no
684b3224-d9ef-75cb-bb69-01744b1954b9,KXNEXTIRANLEADER-45JAN01-ALAR,2026-03-01T02:27:03.781529Z,5.00,0.4500,0.5500,no
4b99fae3-5121-7ba7-a251-9ba4b678f924,KXNEXTIRANLEADER-45JAN01-ALAR,2026-03-01T02:27:03.781529Z,4.00,0.4600,0.5400,no
8dbf0301-722d-69ba-e7eb-f417ddb57a58,KXNEXTIRANLEADER-45JAN01-ALAR,2026-03-01T02:26:59.658882Z,5.00,0.4600,0.5400,no
02348c86-de03-597f-b4a9-7cbe1c985c1c,KXNEXTIRANLEADER-45JAN01-ALAR,2026-03-01T02:26:54.255121Z,471.00,0.4500,0.5500,yes
f821d8c5-1d29-4f3c-51a0-26fd44a2694c,KXNEXTIRANLEADER-45JAN01-ALAR,2026-03-01T02:26:44.29464Z,3.00,0.4400,0.5600,no
0c83a8b5-8a6b-4c7e-6208-1a2084058834,KXNEXTIRANLEADER-45JAN01-ALAR,2026-03-01T02:26:44.29464Z,6.00,0.4400,0.5600,no
ee0b9ee4-d5e7-43b8-9f33-038edce8ee74,KXNEXTIRANLEADER-45JAN01-ALAR,2026-03-01T02:26:44.235087Z,29.00,0.4400,0.5600,no
e6a2af73-a7f7-4cfe-8827-1ff8fb89ec36,KXNEXTIRANLEADER-45JAN01-ALAR,2026-03-01T02:26:44.235087Z,2.00,0.4400,0.5600,no
d9c69273-9b53-4f72-acf6-d70395e7d510,KXNEXTIRANLEADER-45JAN01-ALAR,2026-03-01T02:26:44.235087Z,34.00,0.4400,0.5600,no
0fc6d1b5-1a0c-6531-226a-32be2776d3f9,KXNEXTIRANLEADER-45JAN01-ALAR,2026-03-01T02:26:27.087097Z,10.00,0.4400,0.5600,yes
fe392ef9-97f4-5e9e-39a4-58694dd05d06,KXNEXTIRANLEADER-45JAN01-ALAR,2026-03-01T02:26:25.893754Z,13.00,0.4400,0.5600,yes
f9eb965c-f12b-506b-2110-6dde78b81b68,KXNEXTIRANLEADER-45JAN01-ALAR,2026-03-01T02:26:25.893754Z,23.00,0.4500,0.5500,yes
11b57f22-4a7d-5dc4-1d5a-e315f2b029f3,KXNEXTIRANLEADER-45JAN01-ALAR,2026-03-01T02:26:25.893754Z,29.00,0.4400,0.5600,yes
fe4f496d-3617-7fd2-ca70-0968980b24a2,KXNEXTIRANLEADER-45JAN01-ALAR,2026-03-01T02:26:16.19208Z,8.00,0.4100,0.5900,yes
ec3047e7-d509-7772-f199-e864e53c90fc,KXNEXTIRANLEADER-45JAN01-ALAR,2026-03-01T02:26:16.19208Z,5.00,0.4200,0.5800,yes
bc6b624a-d17e-75be-cf32-b91ad3bf442f,KXNEXTIRANLEADER-45JAN01-ALAR,2026-03-01T02:26:16.19208Z,5.00,0.4000,0.6000,yes
9a1a6e91-964f-7e77-e88e-68e3ad465acc,KXNEXTIRANLEADER-45JAN01-ALAR,2026-03-01T02:26:16.19208Z,6.00,0.4500,0.5500,yes
99456f7a-3c3a-7dad-e4f0-3e01b0a83efd,KXNEXTIRANLEADER-45JAN01-ALAR,2026-03-01T02:26:16.19208Z,20.00,0.4100,0.5900,yes
737f2459-8394-7465-d743-d8ba62405510,KXNEXTIRANLEADER-45JAN01-ALAR,2026-03-01T02:26:16.19208Z,5.00,0.4100,0.5900,yes
611d395a-bf31-74b6-c215-a7f4e6f5f6b1,KXNEXTIRANLEADER-45JAN01-ALAR,2026-03-01T02:26:16.19208Z,39.00,0.4400,0.5600,yes
5d643746-4c2b-791a-e15e-03fff46cebb3,KXNEXTIRANLEADER-45JAN01-ALAR,2026-03-01T02:26:16.19208Z,9.00,0.4000,0.6000,yes
31a1fab4-342f-79d6-ee57-43041bff498e,KXNEXTIRANLEADER-45JAN01-ALAR,2026-03-01T02:26:16.19208Z,20.00,0.4400,0.5600,yes
2e10fd90-0c53-74f1-cac0-3e5c619f8be7,KXNEXTIRANLEADER-45JAN01-ALAR,2026-03-01T02:26:16.19208Z,7.00,0.4200,0.5800,yes
36f1848b-b511-668a-6ff5-16945c6cd7d2,KXNEXTIRANLEADER-45JAN01-ALAR,2026-03-01T02:26:05.52812Z,1.00,0.4000,0.6000,yes
284fa58f-a742-6038-5bbf-e44681dd370f,KXNEXTIRANLEADER-45JAN01-ALAR,2026-03-01T02:26:05.52812Z,10.00,0.4000,0.6000,yes
dc1699ba-960d-6bc8-7fe5-c8bb37864047,KXNEXTIRANLEADER-45JAN01-ALAR,2026-03-01T02:25:59.591301Z,8.00,0.2800,0.7200,no
a95c8718-f3b1-6ce8-563e-f48062fb92b8,KXNEXTIRANLEADER-45JAN01-ALAR,2026-03-01T02:25:59.591301Z,5.00,0.2800,0.7200,no
8b81bb1d-3d8a-6206-6d91-93f2e8cf096a,KXNEXTIRANLEADER-45JAN01-ALAR,2026-03-01T02:25:59.591301Z,5.00,0.2700,0.7300,no
82cd02a0-15b3-6849-499f-08ae1136a782,KXNEXTIRANLEADER-45JAN01-ALAR,2026-03-01T02:25:59.591301Z,22.00,0.2600,0.7400,no
62b1fa77-46d9-6b75-5efa-d930d7d4d733,KXNEXTIRANLEADER-45JAN01-ALAR,2026-03-01T02:25:59.591301Z,29.00,0.2500,0.7500,no
198bbed3-267d-6b0a-7b45-d286b41aecb5,KXNEXTIRANLEADER-45JAN01-ALAR,2026-03-01T02:25:59.591301Z,32.00,0.2800,0.7200,no
afd9d948-d4e3-46ed-1f6d-bcefae03b251,KXNEXTIRANLEADER-45JAN01-ALAR,2026-03-01T02:25:57.266225Z,10.00,0.4000,0.6000,yes
6db5d165-a64d-4422-3be5-7cb7b47d4bef,KXNEXTIRANLEADER-45JAN01-ALAR,2026-03-01T02:25:57.266225Z,9.00,0.3900,0.6100,yes
4f1d5e28-efb7-467e-1ea4-73fbcb7d8cdd,KXNEXTIRANLEADER-45JAN01-ALAR,2026-03-01T02:25:57.266225Z,10.00,0.4000,0.6000,yes
3a793ae1-7790-4285-01d7-a051f0e21ab6,KXNEXTIRANLEADER-45JAN01-ALAR,2026-03-01T02:25:57.266225Z,10.00,0.4000,0.6000,yes
307c066c-964b-42e2-3caa-c156d65fe042,KXNEXTIRANLEADER-45JAN01-ALAR,2026-03-01T02:25:57.266225Z,8.00,0.4400,0.5600,yes
20ef926b-7e72-4231-09d2-09a123cac11f,KXNEXTIRANLEADER-45JAN01-ALAR,2026-03-01T02:25:57.266225Z,10.00,0.4100,0.5900,yes
0b190f06-8475-4e99-1f05-83cbb6230b13,KXNEXTIRANLEADER-45JAN01-ALAR,2026-03-01T02:25:57.266225Z,2.00,0.4000,0.6000,yes
5ccd03e1-94a4-71f3-fe6a-d1efb9390a68,KXNEXTIRANLEADER-45JAN01-ALAR,2026-03-01T02:25:54.17118Z,9.00,0.3900,0.6100,yes
083b5bce-db5f-7679-d270-4941d5d1bba9,KXNEXTIRANLEADER-45JAN01-ALAR,2026-03-01T02:25:54.17118Z,14.00,0.4000,0.6000,yes
fa543665-ec28-7bf7-5d43-723402a2fbca,KXNEXTIRANLEADER-45JAN01-ALAR,2026-03-01T02:25:53.844788Z,2.00,0.3900,0.6100,no
f950d281-6264-7613-6579-9851ac6d9728,KXNEXTIRANLEADER-45JAN01-ALAR,2026-03-01T02:25:53.844788Z,5.00,0.2900,0.7100,no
deab6889-ed51-7224-472c-252eada78f9e,KXNEXTIRANLEADER-45JAN01-ALAR,2026-03-01T02:25:53.844788Z,20.00,0.2800,0.7200,no
b4c230a3-423b-72bf-5e39-b987ebcdb003,KXNEXTIRANLEADER-45JAN01-ALAR,2026-03-01T02:25:53.844788Z,40.00,0.3800,0.6200,no
6ac59d8e-d8f2-78be-7fda-13c630599a4e,KXNEXTIRANLEADER-45JAN01-ALAR,2026-03-01T02:25:53.844788Z,2.00,0.2700,0.7300,no
3fd3eb4d-66c8-7d5a-441e-8709e7bc6b61,KXNEXTIRANLEADER-45JAN01-ALAR,2026-03-01T02:25:53.844788Z,13.00,0.2800,0.7200,no
0ef60335-4482-758b-6e19-a81d74a9e70e,KXNEXTIRANLEADER-45JAN01-ALAR,2026-03-01T02:25:53.844788Z,20.00,0.3900,0.6100,no
702edee3-a0cf-4eca-6569-dc889c4f2349,KXNEXTIRANLEADER-45JAN01-ALAR,2026-03-01T02:25:43.590874Z,4.00,0.3900,0.6100,yes
299485b3-8243-4c2b-acb4-62a06aaac27b,KXNEXTIRANLEADER-45JAN01-ALAR,2026-03-01T02:25:34.569097Z,4.00,0.3900,0.6100,no
30734d07-c21f-4dc9-6ad2-5c5c67cbcd19,KXNEXTIRANLEADER-45JAN01-ALAR,2026-03-01T02:25:32.276788Z,2.00,0.4000,0.6000,yes
f1fd7d20-774b-53c5-1e4c-ecc0ba73a395,KXNEXTIRANLEADER-45JAN01-ALAR,2026-03-01T02:25:27.648589Z,11.00,0.4000,0.6000,yes
5acc9f55-95fb-7514-826c-649431cc063e,KXNEXTIRANLEADER-45JAN01-ALAR,2026-03-01T02:25:25.86003Z,9.00,0.3900,0.6100,yes
13c71491-3813-78b9-bff9-1bfc82997545,KXNEXTIRANLEADER-45JAN01-ALAR,2026-03-01T02:25:25.86003Z,3.00,0.4000,0.6000,yes
fabdd756-984e-440c-bb8b-6b153f7d1c80,KXNEXTIRANLEADER-45JAN01-ALAR,2026-03-01T02:25:19.518444Z,20.00,0.4000,0.6000,yes
d2059c21-67cb-4512-b5e2-ace0ba54b11a,KXNEXTIRANLEADER-45JAN01-ALAR,2026-03-01T02:25:19.518444Z,2.00,0.4400,0.5600,yes
49ed116a-ed36-4355-bfcd-8be9d2c4731c,KXNEXTIRANLEADER-45JAN01-ALAR,2026-03-01T02:25:19.518444Z,24.00,0.3900,0.6100,yes
70a2effb-36d1-633b-c2ec-bc1a3dbc7140,KXNEXTIRANLEADER-45JAN01-ALAR,2026-03-01T02:25:13.021938Z,4.00,0.4300,0.5700,yes
e8e92b65-617d-5aca-a140-070e37f58de3,KXNEXTIRANLEADER-45JAN01-ALAR,2026-03-01T02:25:04.891362Z,10.00,0.4300,0.5700,yes
000aff74-378f-43b7-bd5d-a7865e0e1e39,KXNEXTIRANLEADER-45JAN01-ALAR,2026-03-01T02:25:00.142052Z,10.00,0.4500,0.5500,yes
ef7d70b3-ca45-594e-9009-ae42e60a2781,KXNEXTIRANLEADER-45JAN01-ALAR,2026-03-01T02:24:56.310935Z,3.00,0.4600,0.5400,yes
d86e2ccb-0657-5be7-8ab4-59fd371f7ee4,KXNEXTIRANLEADER-45JAN01-ALAR,2026-03-01T02:24:56.310935Z,340.00,0.4700,0.5300,yes
d358cd3d-cfe9-5238-858e-5f8b250d78ca,KXNEXTIRANLEADER-45JAN01-ALAR,2026-03-01T02:24:56.310935Z,11.00,0.4700,0.5300,yes
c66cde0a-c9ca-563b-ac96-7ec6b0e3b4e2,KXNEXTIRANLEADER-45JAN01-ALAR,2026-03-01T02:24:56.310935Z,11.00,0.4600,0.5400,yes
581539b7-3484-55d0-bc5d-79b7f4016a7e,KXNEXTIRANLEADER-45JAN01-ALAR,2026-03-01T02:24:56.310935Z,13.00,0.4400,0.5600,yes
2e4ee96c-2651-5983-8c47-63b5ab7d53ca,KXNEXTIRANLEADER-45JAN01-ALAR,2026-03-01T02:24:56.310935Z,22.00,0.4900,0.5100,yes
a6104c00-81d9-4dc8-7ff8-66de1375c72d,KXNEXTIRANLEADER-45JAN01-ALAR,2026-03-01T02:24:54.261797Z,7.00,0.4500,0.5500,yes
28830db7-4a5f-46c6-6216-f2e3ecab059f,KXNEXTIRANLEADER-45JAN01-ALAR,2026-03-01T02:24:54.261797Z,13.00,0.4400,0.5600,yes
6197e03d-2b73-6a41-eb0b-9f31afc20bdf,KXNEXTIRANLEADER-45JAN01-ALAR,2026-03-01T02:24:53.0393Z,4.00,0.4600,0.5400,yes
ebc541c1-7d8c-41d5-9036-f7fcb464c0d6,KXNEXTIRANLEADER-45JAN01-ALAR,2026-03-01T02:24:51.704367Z,2.00,0.2000,0.8000,no
ce8f06ba-8e22-450c-8281-2d72c1dd7f5e,KXNEXTIRANLEADER-45JAN01-ALAR,2026-03-01T02:24:51.704367Z,10.00,0.1400,0.8600,no
c8607a6a-8e73-48c9-a19a-ed5875018706,KXNEXTIRANLEADER-45JAN01-ALAR,2026-03-01T02:24:51.704367Z,4.00,0.1600,0.8400,no
c7293635-1251-426f-86f8-6359e9143def,KXNEXTIRANLEADER-45JAN01-ALAR,2026-03-01T02:24:51.704367Z,10.00,0.2500,0.7500,no
b4b6b93c-596b-4dea-ac00-5f7d3f7c25b9,KXNEXTIRANLEADER-45JAN01-ALAR,2026-03-01T02:24:51.704367Z,30.00,0.2100,0.7900,no
ac7d1ea5-b0a8-4ed6-8bb9-3c023c7d60bc,KXNEXTIRANLEADER-45JAN01-ALAR,2026-03-01T02:24:51.704367Z,12.00,0.2800,0.7200,no
a5ef6d0a-9efd-45a5-ac24-d59a0a984eeb,KXNEXTIRANLEADER-45JAN01-ALAR,2026-03-01T02:24:51.704367Z,35.00,0.2400,0.7600,no
8252a785-00af-4db9-984f-32f428bdccfe,KXNEXTIRANLEADER-45JAN01-ALAR,2026-03-01T02:24:51.704367Z,46.00,0.3600,0.6400,no
7c8b1cf9-2b21-4ff6-8dd0-6bd2d5b86831,KXNEXTIRANLEADER-45JAN01-ALAR,2026-03-01T02:24:51.704367Z,118.00,0.3600,0.6400,no
68f04aaa-92da-47c7-a02d-79c4818fa973,KXNEXTIRANLEADER-45JAN01-ALAR,2026-03-01T02:24:51.704367Z,20.00,0.2600,0.7400,no
1e0b956f-d6d4-42c8-84e7-cb6ff6666c12,KXNEXTIRANLEADER-45JAN01-ALAR,2026-03-01T02:24:51.704367Z,10.00,0.1600,0.8400,no
5abd5a8b-46c9-6a42-ee24-d551b7ecbcb9,KXNEXTIRANLEADER-45JAN01-ALAR,2026-03-01T02:24:47.790684Z,62.00,0.3600,0.6400,no
8d692d18-e35f-4e8a-0836-0a802c3661cf,KXNEXTIRANLEADER-45JAN01-ALAR,2026-03-01T02:24:46.457147Z,2.00,0.3700,0.6300,no
7f1219d4-81dc-6ad8-b5fd-e2eff30cd171,KXNEXTIRANLEADER-45JAN01-ALAR,2026-03-01T02:24:45.207302Z,2.00,0.3800,0.6200,no
171075e6-1098-5991-bb28-4ef5f7be4fbc,KXNEXTIRANLEADER-45JAN01-ALAR,2026-03-01T02:24:45.154837Z,1.00,0.4200,0.5800,yes
fa61901f-4291-5114-881b-f66d13c7a7e9,KXNEXTIRANLEADER-45JAN01-ALAR,2026-03-01T02:24:38.063528Z,25.00,0.4900,0.5100,yes
96426560-866c-5322-8e30-d77f1a48f332,KXNEXTIRANLEADER-45JAN01-ALAR,2026-03-01T02:24:38.063528Z,11.00,0.3800,0.6200,yes
417accc7-cbbf-595c-b480-bf55b43717fe,KXNEXTIRANLEADER-45JAN01-ALAR,2026-03-01T02:24:38.063528Z,2.00,0.3700,0.6300,yes
26ee24cb-2feb-5e71-a2ce-816840049914,KXNEXTIRANLEADER-45JAN01-ALAR,2026-03-01T02:24:38.063528Z,2.00,0.3700,0.6300,yes
033af410-b768-58e5-8072-808b484a1299,KXNEXTIRANLEADER-45JAN01-ALAR,2026-03-01T02:24:38.063528Z,3.00,0.3600,0.6400,yes
87d8abf3-732f-7448-e991-68ac9a9f4156,KXNEXTIRANLEADER-45JAN01-ALAR,2026-03-01T02:24:27.281855Z,4.00,0.3700,0.6300,yes
17714004-6bde-555d-6691-b708eee0ac31,KXNEXTIRANLEADER-45JAN01-ALAR,2026-03-01T02:24:22.857061Z,5.00,0.3500,0.6500,yes
6ef1e283-ddee-7e1f-de82-e50ee9b6bffd,KXNEXTIRANLEADER-45JAN01-ALAR,2026-03-01T02:24:20.8035Z,2.00,0.3100,0.6900,yes
92495394-8324-459f-efd2-e2bd2bbf5535,KXNEXTIRANLEADER-45JAN01-ALAR,2026-03-01T02:24:16.453127Z,57.00,0.3300,0.6700,yes
1b2f632c-9132-4563-6f59-904d55c476a4,KXNEXTIRANLEADER-45JAN01-ALAR,2026-03-01T02:24:16.198946Z,5.00,0.3300,0.6700,yes
c508f342-e4f4-45aa-20a0-4fe8b35a0823,KXNEXTIRANLEADER-45JAN01-ALAR,2026-03-01T02:24:15.200979Z,4.00,0.3000,0.7000,yes
cebc6a4c-ff4b-4c8b-e2fe-96aca153117c,KXNEXTIRANLEADER-45JAN01-ALAR,2026-03-01T02:24:13.123277Z,36.00,0.3600,0.6400,yes
ebe1257b-c71d-7b5a-1ee7-c7321ccc3ccc,KXNEXTIRANLEADER-45JAN01-ALAR,2026-03-01T02:24:12.319581Z,23.00,0.3400,0.6600,yes
cb9199bf-f016-78ac-1e11-7328279c9348,KXNEXTIRANLEADER-45JAN01-ALAR,2026-03-01T02:24:12.319581Z,17.00,0.3000,0.7000,yes
28aa13f3-0d51-7346-065c-62b8cc6e86ec,KXNEXTIRANLEADER-45JAN01-ALAR,2026-03-01T02:24:12.319581Z,3.00,0.3200,0.6800,yes
02a75731-dcb9-7438-0a1f-ce476566b7d1,KXNEXTIRANLEADER-45JAN01-ALAR,2026-03-01T02:24:12.319581Z,26.00,0.3700,0.6300,yes
408fb207-24a3-438d-cdbe-854af68a6d3a,KXNEXTIRANLEADER-45JAN01-ALAR,2026-03-01T02:23:21.054901Z,1.00,0.7200,0.2800,yes
fdaa7d53-913b-46f6-e153-1cdff1d1785d,KXNEXTIRANLEADER-45JAN01-ALAR,2026-03-01T02:23:20.666129Z,9.00,0.3000,0.7000,no
77a37619-1d28-595d-4e03-b24bb1da3e67,KXNEXTIRANLEADER-45JAN01-ALAR,2026-03-01T02:23:09.444579Z,14.00,0.7400,0.2600,yes
048e1b29-ce8e-5f2b-4fa9-1a604ab3aca1,KXNEXTIRANLEADER-45JAN01-ALAR,2026-03-01T02:23:09.444579Z,4.00,0.7300,0.2700,yes
966090d7-255b-641d-497c-35f3e3ae9709,KXNEXTIRANLEADER-45JAN01-ALAR,2026-03-01T02:23:07.401403Z,55.00,0.3400,0.6600,no
82fa77c3-738e-6a00-601c-0d21e162c9be,KXNEXTIRANLEADER-45JAN01-ALAR,2026-03-01T02:23:07.401403Z,5.00,0.3400,0.6600,no
05eef5de-c34b-78ac-4dba-1ba40e4c24d5,KXNEXTIRANLEADER-45JAN01-ALAR,2026-03-01T02:23:06.224345Z,10.00,0.3600,0.6400,no
afcfb085-1cd0-4502-eb12-a4216e4680e6,KXNEXTIRANLEADER-45JAN01-ALAR,2026-03-01T02:23:06.168474Z,6.00,0.3600,0.6400,no
11ab409b-e0bb-4fd9-17bd-afbceabfd3ae,KXNEXTIRANLEADER-45JAN01-ALAR,2026-03-01T02:23:04.937331Z,7.00,0.3200,0.6800,no
703fa28f-8ffc-58e2-e4c8-873389e68777,KXNEXTIRANLEADER-45JAN01-ALAR,2026-03-01T02:23:03.945439Z,1.00,0.9500,0.0500,yes
5ea6b9d5-e004-4823-a9bc-05a0310db11a,KXNEXTIRANLEADER-45JAN01-ALAR,2026-03-01T02:23:03.698429Z,11.00,0.2900,0.7100,no
f91bba4e-969f-6671-1343-4e8235a65d81,KXNEXTIRANLEADER-45JAN01-ALAR,2026-03-01T02:23:01.324865Z,10.00,0.2900,0.7100,yes
8d177bc1-5620-67ea-2ab9-858077023794,KXNEXTIRANLEADER-45JAN01-ALAR,2026-03-01T02:23:01.324865Z,7.00,0.9600,0.0400,yes
8c63bf0f-c1d0-7889-ecc2-accf5e561563,KXNEXTIRANLEADER-45JAN01-ALAR,2026-03-01T02:22:53.230928Z,2.00,0.4200,0.5800,yes
db310c01-682e-5b34-cfc2-ffcd3c848fc3,KXNEXTIRANLEADER-45JAN01-ALAR,2026-03-01T02:22:52.410034Z,6.00,0.3400,0.6600,yes
d5eaeca7-056f-5d09-d8cb-784f1910e56d,KXNEXTIRANLEADER-45JAN01-ALAR,2026-03-01T02:22:52.410034Z,298.00,0.3300,0.6700,yes
c30000bc-ba02-566b-d73e-2573042ea23d,KXNEXTIRANLEADER-45JAN01-ALAR,2026-03-01T02:22:52.410034Z,98.00,0.9700,0.0300,yes
a664a914-1a48-58fa-ccb1-97de7880bb62,KXNEXTIRANLEADER-45JAN01-ALAR,2026-03-01T02:22:52.410034Z,15.00,0.4400,0.5600,yes
0dc84d10-12aa-579c-fe96-5e9e946e7c84,KXNEXTIRANLEADER-45JAN01-ALAR,2026-03-01T02:22:52.410034Z,10.00,0.5000,0.5000,yes
fd0fab91-107a-6d58-9bc4-416ffd1a34c0,KXNEXTIRANLEADER-45JAN01-ALAR,2026-03-01T02:22:50.097155Z,10.00,0.5000,0.5000,yes
5881ca9b-ae34-67ca-8663-43cc71fb0629,KXNEXTIRANLEADER-45JAN01-ALAR,2026-03-01T02:22:50.097155Z,18.00,0.2800,0.7200,yes
1df4b0f5-f8f4-647e-a74c-4a9fbab339b3,KXNEXTIRANLEADER-45JAN01-ALAR,2026-03-01T02:22:50.097155Z,17.00,0.2700,0.7300,yes
c134b42b-508c-7070-5344-7293b7431262,KXNEXTIRANLEADER-45JAN01-ALAR,2026-03-01T02:22:45.968584Z,7.00,0.3000,0.7000,yes
8b97c247-6cb1-6344-f442-bc85003c2450,KXNEXTIRANLEADER-45JAN01-ALAR,2026-03-01T02:22:45.184207Z,17.00,0.2700,0.7300,yes
e3d90cdc-27a8-74bd-c374-76ac201282a2,KXNEXTIRANLEADER-45JAN01-ALAR,2026-03-01T02:22:35.829769Z,18.00,0.2100,0.7900,no
d5be3229-c431-712e-cf11-fd092921450b,KXNEXTIRANLEADER-45JAN01-ALAR,2026-03-01T02:22:35.829769Z,43.00,0.2500,0.7500,no
d3f8ace2-2394-7633-d105-90e0a85b820d,KXNEXTIRANLEADER-45JAN01-ALAR,2026-03-01T02:22:35.829769Z,22.00,0.2100,0.7900,no
ca2f05ad-fd73-7b26-e4f9-fd60248b64b2,KXNEXTIRANLEADER-45JAN01-ALAR,2026-03-01T02:22:35.829769Z,9.00,0.2200,0.7800,no
c250b664-1291-7c1d-e958-0d2f82faf412,KXNEXTIRANLEADER-45JAN01-ALAR,2026-03-01T02:22:35.829769Z,55.00,0.2400,0.7600,no
b111eb6e-232e-7846-c9dc-0efbf8682975,KXNEXTIRANLEADER-45JAN01-ALAR,2026-03-01T02:22:35.829769Z,89.00,0.2000,0.8000,no
8c79236d-bcac-7730-dff4-b8dd09b7ba6a,KXNEXTIRANLEADER-45JAN01-ALAR,2026-03-01T02:22:35.829769Z,340.00,0.1600,0.8400,no
6bd84aaf-b82e-7bd0-cd99-e12d5980d8c5,KXNEXTIRANLEADER-45JAN01-ALAR,2026-03-01T02:22:35.829769Z,25.00,0.2300,0.7700,no
4abdb93e-693f-7e67-ffc4-a7371748f0cd,KXNEXTIRANLEADER-45JAN01-ALAR,2026-03-01T02:22:35.829769Z,166.00,0.2100,0.7900,no
2c53d98d-a17d-7c7c-c8cb-7ad038dc5fe6,KXNEXTIRANLEADER-45JAN01-ALAR,2026-03-01T02:22:35.829769Z,7.00,0.2100,0.7900,no
0d96d792-3abe-7c16-da27-7a63be9a1dbb,KXNEXTIRANLEADER-45JAN01-ALAR,2026-03-01T02:22:35.829769Z,120.00,0.1800,0.8200,no
85419abf-ea78-5f08-fa83-b2daa0f243fc,KXNEXTIRANLEADER-45JAN01-ALAR,2026-03-01T02:22:34.232793Z,79.00,0.3000,0.7000,yes
1036f4e4-adbe-4f5c-1682-5f2e3ddfb8bd,KXNEXTIRANLEADER-45JAN01-ALAR,2026-03-01T02:22:32.848695Z,8.00,0.2900,0.7100,no
3895e185-9fea-457a-8555-9fb0a1d51418,KXNEXTIRANLEADER-45JAN01-ALAR,2026-03-01T02:22:32.802465Z,2.00,0.2900,0.7100,yes
70b759fc-78ce-40f2-90f7-c3e85abcb6d0,KXNEXTIRANLEADER-45JAN01-ALAR,2026-03-01T02:22:32.77606Z,1.00,0.2900,0.7100,yes
f3a9631a-4ada-675e-add0-c151cec6f2f4,KXNEXTIRANLEADER-45JAN01-ALAR,2026-03-01T02:22:27.943682Z,1.00,0.2900,0.7100,yes
011950ce-a7f1-64b3-affd-795e1282133a,KXNEXTIRANLEADER-45JAN01-ALAR,2026-03-01T02:22:27.943682Z,8.00,0.2900,0.7100,yes
1adbe147-c7d9-7c27-e2d2-0c817c3b86de,KXNEXTIRANLEADER-45JAN01-ALAR,2026-03-01T02:22:22.394542Z,32.00,0.2900,0.7100,yes
42bc434d-b06a-6640-16fc-70bf96e3448a,KXNEXTIRANLEADER-45JAN01-ALAR,2026-03-01T02:22:18.004632Z,2.00,0.9000,0.1000,yes
a64a684b-5e1a-6e27-0f12-4f83ca662c3f,KXNEXTIRANLEADER-45JAN01-ALAR,2026-03-01T02:22:17.515801Z,11.00,0.2800,0.7200,no
efd83fe5-484e-5b74-a25d-bf0f07a3c19f,KXNEXTIRANLEADER-45JAN01-ALAR,2026-03-01T02:22:12.382079Z,4.00,0.2800,0.7200,no
d8877f47-9462-5326-92e4-d4c3e56372b3,KXNEXTIRANLEADER-45JAN01-ALAR,2026-03-01T02:22:12.382079Z,55.00,0.2800,0.7200,no
3879ff33-795c-5872-baa6-58e7776c28ec,KXNEXTIRANLEADER-45JAN01-ALAR,2026-03-01T02:22:12.382079Z,15.00,0.2800,0.7200,no
24066758-4b5e-5c6f-bb13-9ed9fa993072,KXNEXTIRANLEADER-45JAN01-ALAR,2026-03-01T02:22:12.382079Z,11.00,0.2800,0.7200,no
577a5de7-8b20-5d06-cc0a-5cef5fd1d4c4,KXNEXTIRANLEADER-45JAN01-ALAR,2026-03-01T02:22:11.147593Z,4.00,0.2800,0.7200,no
465fa442-8765-72cd-b501-4831866ec9b0,KXNEXTIRANLEADER-45JAN01-ALAR,2026-03-01T02:22:08.890729Z,12.00,0.2600,0.7400,no
d9cdc1cb-4272-43e2-6b0b-e450c68e9984,KXNEXTIRANLEADER-45JAN01-ALAR,2026-03-01T02:22:08.736178Z,7.00,0.2800,0.7200,yes
d510091e-937e-4d97-66b4-482780190ec1,KXNEXTIRANLEADER-45JAN01-ALAR,2026-03-01T02:22:08.736178Z,572.00,0.9700,0.0300,yes
cc03de8b-19f2-45b7-5af8-e293d837dd26,KXNEXTIRANLEADER-45JAN01-ALAR,2026-03-01T02:22:08.736178Z,493.00,0.2800,0.7200,yes
c0e47a07-926b-4952-684e-f3b8950d58bf,KXNEXTIRANLEADER-45JAN01-ALAR,2026-03-01T02:22:08.736178Z,10.00,0.5900,0.4100,yes
56fcdb84-8a6b-4274-4dfd-e02538781d28,KXNEXTIRANLEADER-45JAN01-ALAR,2026-03-01T02:22:08.736178Z,1.00,0.8200,0.1800,yes
52cf6f10-b9a1-419f-403a-714c8c5b1c80,KXNEXTIRANLEADER-45JAN01-ALAR,2026-03-01T02:22:08.736178Z,47.00,0.5900,0.4100,yes
29df8d1e-8eb7-4f3f-737b-bfd6e913c69b,KXNEXTIRANLEADER-45JAN01-ALAR,2026-03-01T02:22:08.736178Z,10.00,0.6000,0.4000,yes
2005fb81-7862-57af-19e2-09e7a45c8672,KXNEXTIRANLEADER-45JAN01-ALAR,2026-03-01T02:22:06.242036Z,7.00,0.2800,0.7200,yes
50677e21-cdc5-46de-579b-20e7abd4a8c7,KXNEXTIRANLEADER-45JAN01-ALAR,2026-03-01T02:21:51.081756Z,12.00,0.2500,0.7500,no
7b144b2e-6088-54fc-f1f5-46c2f392b8a3,KXNEXTIRANLEADER-45JAN01-ALAR,2026-03-01T02:21:51.009164Z,35.00,0.2500,0.7500,yes
c66a3532-a248-5b48-6a4a-f15346cf35d7,KXNEXTIRANLEADER-45JAN01-ALAR,2026-03-01T02:21:37.936055Z,95.00,0.2500,0.7500,yes
8e7bb321-ccd0-5458-87d6-c6454f647783,KXNEXTIRANLEADER-45JAN01-ALAR,2026-03-01T02:21:25.89532Z,3.00,0.2500,0.7500,yes
8b4b38d4-4694-7b64-98a0-9b0ad5e7c25b,KXNEXTIRANLEADER-45JAN01-ALAR,2026-03-01T02:20:48.048479Z,19.00,0.2500,0.7500,yes
565f2587-b6c8-6fc4-e403-b74f7bf8e63f,KXNEXTIRANLEADER-45JAN01-ALAR,2026-03-01T02:19:54.566957Z,40.00,0.2500,0.7500,yes
54660724-e44a-6090-f41b-cd2fcc5c76ff,KXNEXTIRANLEADER-45JAN01-ALAR,2026-03-01T02:19:54.566957Z,10.00,0.2400,0.7600,yes
3721e793-a454-685c-d576-cb299023f898,KXNEXTIRANLEADER-45JAN01-ALAR,2026-03-01T02:19:54.566957Z,7.00,0.2400,0.7600,yes
6674c4d2-7438-68a1-a71d-01b585544aba,KXNEXTIRANLEADER-45JAN01-ALAR,2026-03-01T02:19:24.075966Z,7.00,0.2100,0.7900,no
b1d1b69b-b5fc-7cba-baee-7d8ecb23da2b,KXNEXTIRANLEADER-45JAN01-ALAR,2026-03-01T02:19:18.06105Z,163.00,0.2500,0.7500,yes
0c7f95dc-0584-7a84-a790-50b71d9f836f,KXNEXTIRANLEADER-45JAN01-ALAR,2026-03-01T02:19:18.06105Z,8.00,0.2500,0.7500,yes
8f4e9d1f-a8a3-6ce7-50a9-2969fad81140,KXNEXTIRANLEADER-45JAN01-ALAR,2026-03-01T02:19:13.182054Z,20.00,0.2300,0.7700,yes
2f08dc1c-66a7-436c-d766-7854a9c58057,KXNEXTIRANLEADER-45JAN01-ALAR,2026-03-01T02:19:11.575623Z,20.00,0.2300,0.7700,yes
3ed12be9-4fd2-7ba6-02d0-14531c53e109,KXNEXTIRANLEADER-45JAN01-ALAR,2026-03-01T02:19:03.347704Z,11.00,0.2000,0.8000,no
43f29085-6f43-5b78-d3d4-5a8df5b630ff,KXNEXTIRANLEADER-45JAN01-ALAR,2026-03-01T02:19:03.231612Z,20.00,0.2300,0.7700,yes
7be53f29-69b1-57d2-4755-8f43c88bf463,KXNEXTIRANLEADER-45JAN01-ALAR,2026-03-01T02:19:02.116674Z,17.00,0.2200,0.7800,no
01beeb85-2e49-59de-a594-826d286049db,KXNEXTIRANLEADER-45JAN01-ALAR,2026-03-01T02:19:00.866867Z,3.00,0.2200,0.7800,no
b6a24a38-f6e8-460e-e0b5-ba2d15ad8e9f,KXNEXTIRANLEADER-45JAN01-ALAR,2026-03-01T02:18:52.55087Z,714.00,0.2500,0.7500,yes
184bb68a-d383-5fa1-71ca-e2a56fc89f33,KXNEXTIRANLEADER-45JAN01-ALAR,2026-03-01T02:18:08.216433Z,1.00,0.2400,0.7600,yes
fa5fc898-3890-5c39-782d-e4c4281df466,KXNEXTIRANLEADER-45JAN01-ALAR,2026-03-01T02:18:04.125941Z,2.00,0.2400,0.7600,yes
748fc8e8-dab0-75e6-f23b-b18e7c6a62ec,KXNEXTIRANLEADER-45JAN01-ALAR,2026-03-01T02:17:45.630366Z,4.00,0.2300,0.7700,yes
f1187528-aab3-5ee1-22fd-4c52b162f0bd,KXNEXTIRANLEADER-45JAN01-ALAR,2026-03-01T02:17:30.592374Z,12.00,0.2400,0.7600,yes
cf0319de-f5c0-58a2-1e44-30cd675e604f,KXNEXTIRANLEADER-45JAN01-ALAR,2026-03-01T02:17:30.592374Z,88.00,0.2500,0.7500,yes
f228eb64-a656-6fd5-5341-8b1f82175e0b,KXNEXTIRANLEADER-45JAN01-ALAR,2026-03-01T02:17:10.039255Z,10.00,0.2100,0.7900,yes
ef1ced5e-fa9c-642a-4272-5633cd57bd58,KXNEXTIRANLEADER-45JAN01-ALAR,2026-03-01T02:17:10.039255Z,14.00,0.2400,0.7600,yes
51beabeb-1917-6ef0-76d8-27bbe60d8191,KXNEXTIRANLEADER-45JAN01-ALAR,2026-03-01T02:17:10.039255Z,20.00,0.2400,0.7600,yes
27ecbc3a-6770-6356-7871-9b51f6150a3f,KXNEXTIRANLEADER-45JAN01-ALAR,2026-03-01T02:17:10.039255Z,148.00,0.2500,0.7500,yes
c023e0e6-b76c-7f81-8ee7-b8eb138a46d5,KXNEXTIRANLEADER-45JAN01-ALAR,2026-03-01T02:16:57.167243Z,7.00,0.2200,0.7800,yes
ea258369-e291-65c1-2c52-5b6ad296bb23,KXNEXTIRANLEADER-45JAN01-ALAR,2026-03-01T02:16:54.799938Z,14.00,0.2300,0.7700,yes
a04f287d-0344-6c52-380c-a92c9f4b2b43,KXNEXTIRANLEADER-45JAN01-ALAR,2026-03-01T02:16:54.799938Z,7.00,0.2500,0.7500,yes
633cde91-84e1-6b96-20bf-ace6eb9a64fd,KXNEXTIRANLEADER-45JAN01-ALAR,2026-03-01T02:16:54.799938Z,18.00,0.2400,0.7600,yes
cd5f1167-966a-6888-84e1-22f3dcf83b9b,KXNEXTIRANLEADER-45JAN01-ALAR,2026-03-01T02:16:45.469967Z,15.00,0.2200,0.7800,yes
865f88ec-3442-6b07-b332-f307e4b46b9d,KXNEXTIRANLEADER-45JAN01-ALAR,2026-03-01T02:16:45.469967Z,14.00,0.2400,0.7600,yes
7b7ce88b-e3a9-60ce-9dd8-2d5eff45fb80,KXNEXTIRANLEADER-45JAN01-ALAR,2026-03-01T02:16:45.469967Z,11.00,0.2400,0.7600,yes
024c1e8f-5489-4fbd-fb9b-6a9c407b5113,KXNEXTIRANLEADER-45JAN01-ALAR,2026-03-01T02:16:34.820882Z,50.00,0.1900,0.8100,no
fd7cff6b-1fb7-659d-fe03-468b186949d5,KXNEXTIRANLEADER-45JAN01-ALAR,2026-03-01T02:16:19.314818Z,5.00,0.2000,0.8000,no
f946c9fc-11eb-6f4c-c075-195c8d9b8687,KXNEXTIRANLEADER-45JAN01-ALAR,2026-03-01T02:16:19.314818Z,15.00,0.2000,0.8000,no
a1920379-46d6-6aba-ecbb-2ab5997cff11,KXNEXTIRANLEADER-45JAN01-ALAR,2026-03-01T02:16:19.314818Z,28.00,0.1900,0.8100,no
6e91ec5d-0496-60ba-c73a-0e303def27eb,KXNEXTIRANLEADER-45JAN01-ALAR,2026-03-01T02:16:19.314818Z,39.00,0.1800,0.8200,no
e00ac678-a723-7a8b-4c08-3e6536693b8c,KXNEXTIRANLEADER-45JAN01-ALAR,2026-03-01T02:16:16.351997Z,10.00,0.2200,0.7800,yes
d266a1e0-8235-787a-0e5d-30365e01b2e2,KXNEXTIRANLEADER-45JAN01-ALAR,2026-03-01T02:15:22.609847Z,16.00,0.2300,0.7700,yes
50cd8b76-5dab-7078-1315-6c3a88d123d4,KXNEXTIRANLEADER-45JAN01-ALAR,2026-03-01T02:15:22.609847Z,24.00,0.2400,0.7600,yes
6cd54435-b34b-4668-9e9a-71993b035ab0,KXNEXTIRANLEADER-45JAN01-ALAR,2026-03-01T02:14:50.289617Z,39.00,0.2400,0.7600,yes
52b746b4-0e64-7050-5fb6-35c152616cf9,KXNEXTIRANLEADER-45JAN01-ALAR,2026-03-01T02:14:48.46859Z,93.00,0.2400,0.7600,yes
3da86f7d-2a94-7db4-6dda-51b58b988ba1,KXNEXTIRANLEADER-45JAN01-ALAR,2026-03-01T02:14:48.46859Z,4.00,0.2300,0.7700,yes
a3ec2258-ad1c-74ac-1dfc-9845a332587d,KXNEXTIRANLEADER-45JAN01-ALAR,2026-03-01T02:14:42.199315Z,8.00,0.2200,0.7800,yes
c6c3b7d6-af74-6af1-d03c-1bfa4f4fdb62,KXNEXTIRANLEADER-45JAN01-ALAR,2026-03-01T02:14:19.359498Z,2.00,0.2300,0.7700,yes
0fc4d6d1-81c7-79a1-2b5e-097eaf0274a8,KXNEXTIRANLEADER-45JAN01-ALAR,2026-03-01T02:13:57.940741Z,4.00,0.2200,0.7800,yes
30ab5234-720a-678a-b3f1-85c3b710a7ee,KXNEXTIRANLEADER-45JAN01-ALAR,2026-03-01T02:13:20.471669Z,75.00,0.2400,0.7600,yes
0db6625e-680a-6308-9a08-694ce4dfae32,KXNEXTIRANLEADER-45JAN01-ALAR,2026-03-01T02:13:20.471669Z,12.00,0.2300,0.7700,yes
d05d7866-9700-471d-658f-44a2fec3d7c2,KXNEXTIRANLEADER-45JAN01-ALAR,2026-03-01T02:13:08.457059Z,28.00,0.2400,0.7600,yes
261224f2-98a9-40e8-6b32-1ff87a89762a,KXNEXTIRANLEADER-45JAN01-ALAR,2026-03-01T02:13:08.457059Z,12.00,0.2300,0.7700,yes
df57f704-9766-78a1-c6d6-9e9b3c4727ee,KXNEXTIRANLEADER-45JAN01-ALAR,2026-03-01T02:12:48.224541Z,20.00,0.2000,0.8000,no
cb13491d-60d9-754f-d457-d59018367cf8,KXNEXTIRANLEADER-45JAN01-ALAR,2026-03-01T02:12:48.224541Z,24.00,0.2000,0.8000,no
2e67e4e3-5a9c-5a96-6a49-f026e46f2faf,KXNEXTIRANLEADER-45JAN01-ALAR,2026-03-01T02:12:39.577512Z,3.00,0.2500,0.7500,yes
f8814a9f-d988-602d-c832-436a73e7298a,KXNEXTIRANLEADER-45JAN01-ALAR,2026-03-01T02:12:38.097289Z,71.00,0.2400,0.7600,yes
e89e6e23-8be4-6d6e-c8f2-bc7a5bda991c,KXNEXTIRANLEADER-45JAN01-ALAR,2026-03-01T02:12:38.097289Z,22.00,0.2400,0.7600,yes
7d4e321c-d95c-6616-c53a-6b71d8388003,KXNEXTIRANLEADER-45JAN01-ALAR,2026-03-01T02:12:38.097289Z,659.00,0.2500,0.7500,yes
20d2cb0e-8915-6c06-dcfb-31b272bcc3e9,KXNEXTIRANLEADER-45JAN01-ALAR,2026-03-01T02:12:38.097289Z,407.00,0.2400,0.7600,yes
acfbe908-d951-71b6-8a59-8aca0a2f0085,KXNEXTIRANLEADER-45JAN01-ALAR,2026-03-01T02:12:34.497361Z,5.00,0.2400,0.7600,yes
dcf3c660-1301-4092-020a-1e6019913c69,KXNEXTIRANLEADER-45JAN01-ALAR,2026-03-01T02:12:29.910319Z,27.00,0.2400,0.7600,yes
8f29adf7-47e1-69b2-e49a-d70346f53f0d,KXNEXTIRANLEADER-45JAN01-ALAR,2026-03-01T02:12:28.307433Z,39.00,0.2400,0.7600,yes
35675997-5835-6572-acfe-8e3fc432f849,KXNEXTIRANLEADER-45JAN01-ALAR,2026-03-01T02:12:19.347702Z,3.00,0.2400,0.7600,yes
58eb6c5d-7a3d-740e-4611-cb5d1e207891,KXNEXTIRANLEADER-45JAN01-ALAR,2026-03-01T02:12:15.631218Z,19.00,0.2400,0.7600,yes
e98af2a5-1ba0-75f3-b882-fedd31341b85,KXNEXTIRANLEADER-45JAN01-ALAR,2026-03-01T02:11:16.033574Z,19.00,0.2400,0.7600,yes
4e6273d6-e0be-62fa-fdd1-dd4a6326ccf4,KXNEXTIRANLEADER-45JAN01-ALAR,2026-03-01T02:11:05.294852Z,25.00,0.2300,0.7700,yes
45051ae8-11f8-6adf-db63-125cb10cdb51,KXNEXTIRANLEADER-45JAN01-ALAR,2026-03-01T02:11:05.294852Z,18.00,0.2400,0.7600,yes
b3b77c6d-35ba-4120-dcff-14760f4d6a28,KXNEXTIRANLEADER-45JAN01-ALAR,2026-03-01T02:10:23.171662Z,500.00,0.2300,0.7700,yes
4f46056f-31e9-4e3b-e7ee-d9a9adc88378,KXNEXTIRANLEADER-45JAN01-ALAR,2026-03-01T02:10:23.171662Z,51.00,0.2400,0.7600,yes
4049c58d-3317-401f-e796-a031218f1c02,KXNEXTIRANLEADER-45JAN01-ALAR,2026-03-01T02:10:23.171662Z,25.00,0.2200,0.7800,yes
12e8837d-c9ec-4ff6-c339-ef4e5c7d7763,KXNEXTIRANLEADER-45JAN01-ALAR,2026-03-01T02:10:23.171662Z,218.00,0.2500,0.7500,yes
2b75f70e-8102-432e-28f7-fdec0df0d769,KXNEXTIRANLEADER-45JAN01-ALAR,2026-03-01T02:09:55.589647Z,25.00,0.1900,0.8100,no
ebc4a5ea-50c1-4c3d-f1ce-bb87dbc03c12,KXNEXTIRANLEADER-45JAN01-ALAR,2026-03-01T02:09:44.9402Z,25.00,0.1900,0.8100,no
274cba1c-bdcd-4224-f70a-f3f622802ce9,KXNEXTIRANLEADER-45JAN01-ALAR,2026-03-01T02:09:44.9402Z,52.00,0.1900,0.8100,no
82f2bf58-3012-7c94-03c4-b0f5ef112098,KXNEXTIRANLEADER-45JAN01-ALAR,2026-03-01T02:09:26.573426Z,4.00,0.2400,0.7600,yes
54cc021b-c220-752b-2918-f8c3bdba8c4f,KXNEXTIRANLEADER-45JAN01-ALAR,2026-03-01T02:09:26.573426Z,55.00,0.2300,0.7700,yes
1234de38-f1be-7913-3836-c1be3d7ecfd0,KXNEXTIRANLEADER-45JAN01-ALAR,2026-03-01T02:09:26.573426Z,9.00,0.2300,0.7700,yes
0fb660e0-8720-7aaf-11ab-11fecd1bee5f,KXNEXTIRANLEADER-45JAN01-ALAR,2026-03-01T02:09:26.573426Z,16.00,0.1900,0.8100,yes
6d60ee66-a27c-7b0b-01eb-68ddcbfe025b,KXNEXTIRANLEADER-45JAN01-ALAR,2026-03-01T02:09:24.160767Z,12.00,0.1900,0.8100,yes
d50fa176-7940-6066-5600-6d5bc4278e33,KXNEXTIRANLEADER-45JAN01-ALAR,2026-03-01T02:08:54.726692Z,10.00,0.2400,0.7600,yes
2747cd51-5242-63a8-4c78-c1a0c1c2de8b,KXNEXTIRANLEADER-45JAN01-ALAR,2026-03-01T02:08:54.726692Z,13.00,0.2400,0.7600,yes
c31ea737-0983-56f4-3d70-2751cd3d707d,KXNEXTIRANLEADER-45JAN01-ALAR,2026-03-01T02:08:28.16437Z,19.00,0.1800,0.8200,no
a06351e3-c241-54c3-199a-41c30c98064f,KXNEXTIRANLEADER-45JAN01-ALAR,2026-03-01T02:08:28.16437Z,8.00,0.1700,0.8300,no
391ac707-cba1-50c1-39ff-1af77e4bc4a2,KXNEXTIRANLEADER-45JAN01-ALAR,2026-03-01T02:08:28.16437Z,20.00,0.1700,0.8300,no
1b8a5fb9-4d25-5540-a696-2f886ce6ab3e,KXNEXTIRANLEADER-45JAN01-ALAR,2026-03-01T02:08:18.099165Z,6.00,0.2400,0.7600,yes
0efa84cf-e09b-5847-a4d4-a588b15ff1af,KXNEXTIRANLEADER-45JAN01-ALAR,2026-03-01T02:08:18.099165Z,15.00,0.2100,0.7900,yes
6ae26e1a-1e40-66be-423b-ee14c8ae2d94,KXNEXTIRANLEADER-45JAN01-ALAR,2026-03-01T02:07:59.935685Z,47.00,0.2000,0.8000,no
5757b014-be01-796d-d314-fb3fc04092cc,KXNEXTIRANLEADER-45JAN01-ALAR,2026-03-01T02:07:59.896471Z,132.00,0.2000,0.8000,yes
e961b589-b589-73f5-e970-d503687b9fd8,KXNEXTIRANLEADER-45JAN01-ALAR,2026-03-01T02:07:59.819547Z,47.00,0.2000,0.8000,yes
0082bc64-f905-40d9-ffed-7ab436d4a818,KXNEXTIRANLEADER-45JAN01-ALAR,2026-03-01T02:07:31.527448Z,298.00,0.2000,0.8000,yes
8ba5c6f2-6da9-49a1-f56b-41ccb36f2c2c,KXNEXTIRANLEADER-45JAN01-ALAR,2026-03-01T02:06:59.99679Z,4.00,0.2000,0.8000,yes
42e87094-5d6d-5e05-e774-24023ae224f0,KXNEXTIRANLEADER-45JAN01-ALAR,2026-03-01T02:06:59.94977Z,121.00,0.2000,0.8000,yes
1a3bd78c-e8ff-54fe-cc61-08e6004e752e,KXNEXTIRANLEADER-45JAN01-ALAR,2026-03-01T02:06:59.94977Z,166.00,0.1900,0.8100,yes
bc9eeef3-97a6-5e40-eae3-c8989df3fc44,KXNEXTIRANLEADER-45JAN01-ALAR,2026-03-01T02:06:56.728327Z,94.00,0.1900,0.8100,yes
14f64243-ba25-5998-fda0-5acb3c97d78f,KXNEXTIRANLEADER-45JAN01-ALAR,2026-03-01T02:06:56.728327Z,5.00,0.1800,0.8200,yes
9fed1df5-3a8c-573a-0377-7adbde50fb81,KXNEXTIRANLEADER-45JAN01-ALAR,2026-03-01T02:06:42.543094Z,249.00,0.1900,0.8100,yes
ed055e84-00b6-785b-fa6a-88fc41b67c24,KXNEXTIRANLEADER-45JAN01-ALAR,2026-03-01T02:06:39.565869Z,6.00,0.1800,0.8200,yes
61f86707-cf33-7b5c-c0b8-4409f185695a,KXNEXTIRANLEADER-45JAN01-ALAR,2026-03-01T02:06:39.565869Z,55.00,0.1800,0.8200,yes
59275da0-06f4-70a4-d2e8-115e01f32da9,KXNEXTIRANLEADER-45JAN01-ALAR,2026-03-01T02:06:39.565869Z,191.00,0.1900,0.8100,yes
2be6883f-b1e8-7efe-1a4a-ae1eb9329057,KXNEXTIRANLEADER-45JAN01-ALAR,2026-03-01T02:06:31.752921Z,11.00,0.1600,0.8400,no
f662d235-cc19-6be5-56be-b6a1150b00eb,KXNEXTIRANLEADER-45JAN01-ALAR,2026-03-01T02:06:10.101769Z,46.00,0.1700,0.8300,yes
a8ac787a-d969-6573-4d83-1a3e8162adb9,KXNEXTIRANLEADER-45JAN01-ALAR,2026-03-01T02:06:10.101769Z,131.00,0.1800,0.8200,yes
04c96d05-5c44-6249-7737-e451e7ea0b08,KXNEXTIRANLEADER-45JAN01-ALAR,2026-03-01T02:06:10.101769Z,394.00,0.1600,0.8400,yes
39d3d8f7-8b08-411c-4c81-f119f9270eec,KXNEXTIRANLEADER-45JAN01-ALAR,2026-03-01T02:05:38.647528Z,500.00,0.1500,0.8500,yes
20523aa9-db44-4a44-570d-32709586890e,KXNEXTIRANLEADER-45JAN01-ALAR,2026-03-01T02:05:38.647528Z,15.00,0.1500,0.8500,yes
190a6612-f334-4531-44b6-413a566d3950,KXNEXTIRANLEADER-45JAN01-ALAR,2026-03-01T02:05:38.647528Z,350.00,0.1500,0.8500,yes
07a56b7f-2428-4af1-720b-d96ec7a0a408,KXNEXTIRANLEADER-45JAN01-ALAR,2026-03-01T02:05:38.647528Z,175.00,0.1600,0.8400,yes
06e37604-d5f9-4540-7ac2-1bcc89cbaf4b,KXNEXTIRANLEADER-45JAN01-ALAR,2026-03-01T02:05:38.647528Z,206.00,0.1500,0.8500,yes
d5bddef5-b5bd-4b6c-5fa9-f4ed9173af33,KXNEXTIRANLEADER-45JAN01-ALAR,2026-03-01T02:00:12.188912Z,294.00,0.1500,0.8500,yes
5801a996-e090-6721-e75d-fb6e850949f0,KXNEXTIRANLEADER-45JAN01-ALAR,2026-03-01T01:59:33.495838Z,29.00,0.1600,0.8400,yes
67bcec58-67d3-6776-f894-786d8bb51322,KXNEXTIRANLEADER-45JAN01-ALAR,2026-03-01T01:58:58.047418Z,123.00,0.1500,0.8500,yes
2c6969bc-c7aa-6bf6-e0db-881ffb119d94,KXNEXTIRANLEADER-45JAN01-ALAR,2026-03-01T01:58:58.047418Z,25.00,0.1500,0.8500,yes
16b6f7f3-3c98-634e-f6ec-5fb8a49f34aa,KXNEXTIRANLEADER-45JAN01-ALAR,2026-03-01T01:58:58.047418Z,1.00,0.1500,0.8500,yes
14563ed1-a20c-6d01-f003-d63ce43aba1c,KXNEXTIRANLEADER-45JAN01-ALAR,2026-03-01T01:58:58.047418Z,745.00,0.1600,0.8400,yes
80ca22b9-080f-7db2-ccc3-2e0056146506,KXNEXTIRANLEADER-45JAN01-ALAR,2026-03-01T01:58:47.265918Z,441.00,0.1500,0.8500,yes
58061ab5-321f-6a8e-7860-059cf11ec65e,KXNEXTIRANLEADER-45JAN01-ALAR,2026-03-01T01:58:43.24359Z,15.00,0.1500,0.8500,yes
7afdf39a-22f7-6236-884c-e0a541b197b6,KXNEXTIRANLEADER-45JAN01-ALAR,2026-03-01T01:58:28.785632Z,12.00,0.1500,0.8500,yes
a6f1493c-8c77-7e62-3d5a-1a17e48fc5c2,KXNEXTIRANLEADER-45JAN01-ALAR,2026-03-01T01:57:34.386831Z,100.00,0.1500,0.8500,yes
21520be4-4fe7-62be-cf25-d5d639dec542,KXNEXTIRANLEADER-45JAN01-ALAR,2026-03-01T01:55:36.234611Z,12.00,0.1500,0.8500,yes
47bdda99-9a2c-533e-3387-99082c3b0da1,KXNEXTIRANLEADER-45JAN01-ALAR,2026-03-01T01:55:17.1609Z,8.00,0.1400,0.8600,no
f3c275a8-ffcf-7976-4c81-6804f36ea786,KXNEXTIRANLEADER-45JAN01-ALAR,2026-03-01T01:55:08.899206Z,5.00,0.1500,0.8500,yes
f628a4e0-ba67-79fa-ded7-840b3f286ade,KXNEXTIRANLEADER-45JAN01-ALAR,2026-03-01T01:54:34.356832Z,31.00,0.1500,0.8500,yes
fbda9b38-40ff-4a7a-6348-cb7cc6df8972,KXNEXTIRANLEADER-45JAN01-ALAR,2026-03-01T01:54:13.671751Z,125.00,0.1500,0.8500,yes
1843609b-b15b-5762-c6c8-358ddf6a69d6,KXNEXTIRANLEADER-45JAN01-ALAR,2026-03-01T01:53:45.429552Z,5.00,0.1500,0.8500,yes
456bb86f-6c33-42be-8b20-7bfff4d28dd6,KXNEXTIRANLEADER-45JAN01-ALAR,2026-03-01T01:53:41.633908Z,500.00,0.1500,0.8500,yes
9d5acbb6-8154-6aa6-fdcc-392334240bed,KXNEXTIRANLEADER-45JAN01-ALAR,2026-03-01T01:52:51.082628Z,75.00,0.1400,0.8600,no
acc38ba3-267f-51f6-343a-13b2e96bba9e,KXNEXTIRANLEADER-45JAN01-ALAR,2026-03-01T01:52:04.098951Z,500.00,0.1500,0.8500,yes
a0704a87-fa2f-6db6-5b1b-56d5a10b2cae,KXNEXTIRANLEADER-45JAN01-ALAR,2026-03-01T01:51:52.783983Z,125.00,0.1500,0.8500,yes
f556b90e-5c91-6697-2bd1-6e70e996cc8b,KXNEXTIRANLEADER-45JAN01-ALAR,2026-03-01T01:50:40.364528Z,25.00,0.1500,0.8500,yes
277ef8f5-446f-6236-0924-b298e23185ae,KXNEXTIRANLEADER-45JAN01-ALAR,2026-03-01T01:50:40.364528Z,6.00,0.1500,0.8500,yes
7b0096a1-2bdc-687d-f60a-753040d17260,KXNEXTIRANLEADER-45JAN01-ALAR,2026-03-01T01:49:38.135022Z,657.00,0.1600,0.8400,yes
4fa21795-1b78-6e51-ec6a-a9e8a322cba1,KXNEXTIRANLEADER-45JAN01-ALAR,2026-03-01T01:49:38.135022Z,43.00,0.1600,0.8400,yes
c6a226b3-c404-7805-8e2f-5ca304bb8325,KXNEXTIRANLEADER-45JAN01-ALAR,2026-03-01T01:49:24.521184Z,57.00,0.1600,0.8400,yes
1b3bdf87-6e4f-72e9-9464-1a0b3c1d268a,KXNEXTIRANLEADER-45JAN01-ALAR,2026-03-01T01:49:24.521184Z,2.00,0.1600,0.8400,yes
282ed521-23a8-5386-a634-e4de060496f9,KXNEXTIRANLEADER-45JAN01-ALAR,2026-03-01T01:47:35.921285Z,13.00,0.1400,0.8600,no
e8d5c8fe-0b04-55aa-de36-de165ed74f99,KXNEXTIRANLEADER-45JAN01-ALAR,2026-03-01T01:47:32.881753Z,10.00,0.1400,0.8600,no
9e32f6ae-a5b2-5452-c673-69da6e4c9367,KXNEXTIRANLEADER-45JAN01-ALAR,2026-03-01T01:47:32.881753Z,1.00,0.1500,0.8500,no
ec4b125e-cece-7d39-de73-56d5ddd45f51,KXNEXTIRANLEADER-45JAN01-ALAR,2026-03-01T01:47:11.766458Z,3.00,0.1800,0.8200,yes
edc63fb0-6fc0-74ca-baac-7ace1da6735e,KXNEXTIRANLEADER-45JAN01-ALAR,2026-03-01T01:46:45.839226Z,6.00,0.1800,0.8200,yes
48bcb7a1-36cc-7260-bca8-8cf471ae6643,KXNEXTIRANLEADER-45JAN01-ALAR,2026-03-01T01:46:45.839226Z,4.00,0.1800,0.8200,yes
fa9ecc31-17e4-42e0-0af4-1bf8b95887af,KXNEXTIRANLEADER-45JAN01-ALAR,2026-03-01T01:45:59.48854Z,1.00,0.1800,0.8200,yes
4a43b4ba-98e3-480d-3ec3-5ebc31c594c9,KXNEXTIRANLEADER-45JAN01-ALAR,2026-03-01T01:45:59.48854Z,14.00,0.1800,0.8200,yes
e317eb59-7f97-71cc-e0c6-c79b7af20f60,KXNEXTIRANLEADER-45JAN01-ALAR,2026-03-01T01:44:50.45978Z,2.00,0.1100,0.8900,no
d035e24b-e4c1-7db3-fab8-197076a0c2fe,KXNEXTIRANLEADER-45JAN01-ALAR,2026-03-01T01:44:50.45978Z,14.00,0.1200,0.8800,no
c79791a5-c224-7878-c59b-a0959c24a84e,KXNEXTIRANLEADER-45JAN01-ALAR,2026-03-01T01:44:50.45978Z,55.00,0.1000,0.9000,no
4b667029-f646-7fa8-c986-385d7674e836,KXNEXTIRANLEADER-45JAN01-ALAR,2026-03-01T01:44:50.45978Z,100.00,0.1000,0.9000,no
3f2c0d2a-244f-7aac-ea61-c068639f958d,KXNEXTIRANLEADER-45JAN01-ALAR,2026-03-01T01:44:50.45978Z,16.00,0.1100,0.8900,no
39fcf45f-914c-7ba9-f833-7e731f180a03,KXNEXTIRANLEADER-45JAN01-ALAR,2026-03-01T01:44:50.45978Z,14.00,0.1200,0.8800,no
0d7f7fc9-39f0-7225-fa0f-c0c22b1cbbac,KXNEXTIRANLEADER-45JAN01-ALAR,2026-03-01T01:44:50.45978Z,1047.00,0.0900,0.9100,no
0af5d04d-e2e9-77b8-d513-f1a5ae516dfb,KXNEXTIRANLEADER-45JAN01-ALAR,2026-03-01T01:44:50.45978Z,120.00,0.1100,0.8900,no
9d30501d-167e-4a4f-a615-d49734d384c4,KXNEXTIRANLEADER-45JAN01-ALAR,2026-03-01T01:44:06.791376Z,16.00,0.1500,0.8500,no
0f8e4cc2-82fb-4740-ac7f-09107b381e70,KXNEXTIRANLEADER-45JAN01-ALAR,2026-03-01T01:44:06.791376Z,48.00,0.1500,0.8500,no
c18f57b3-0bab-662c-96d3-b25fb262c78c,KXNEXTIRANLEADER-45JAN01-ALAR,2026-03-01T01:43:34.827044Z,59.00,0.1500,0.8500,no
8059c8c3-7357-40e0-e11c-c99464061348,KXNEXTIRANLEADER-45JAN01-ALAR,2026-03-01T01:43:33.603542Z,36.00,0.1500,0.8500,no
1af4b95e-78db-4400-74bb-21dc74fbba80,KXNEXTIRANLEADER-45JAN01-ALAR,2026-03-01T01:43:32.374649Z,36.00,0.1500,0.8500,no
9607d6a6-001b-6900-bee5-2cf35d089784,KXNEXTIRANLEADER-45JAN01-ALAR,2026-03-01T01:43:31.14869Z,20.00,0.1500,0.8500,no
6d8fabc7-e21f-4c20-b2c8-f616a5a4ee98,KXNEXTIRANLEADER-45JAN01-ALAR,2026-03-01T01:43:29.913771Z,23.00,0.1500,0.8500,no
641d51ff-0707-424e-1759-5a7a04235954,KXNEXTIRANLEADER-45JAN01-ALAR,2026-03-01T01:43:26.569042Z,20.00,0.1600,0.8400,no
563d5d37-d273-6c1a-b40e-b2820f80f6f0,KXNEXTIRANLEADER-45JAN01-ALAR,2026-03-01T01:43:25.343405Z,10.00,0.1600,0.8400,no
a096d51b-c8bf-58d0-d6ae-66b0e15a7100,KXNEXTIRANLEADER-45JAN01-ALAR,2026-03-01T01:43:24.100689Z,88.00,0.1500,0.8500,no
9a5e2434-a6e7-4e41-305b-06d50cadc720,KXNEXTIRANLEADER-45JAN01-ALAR,2026-03-01T01:43:24.052811Z,290.00,0.1400,0.8600,yes
d2b3051d-8cfa-663a-b1a4-8cec905c749e,KXNEXTIRANLEADER-45JAN01-ALAR,2026-03-01T01:42:51.668427Z,50.00,0.1200,0.8800,yes
c74507e5-dd35-65db-8cca-22a2308d61f0,KXNEXTIRANLEADER-45JAN01-ALAR,2026-03-01T01:42:51.668427Z,47.00,0.1300,0.8700,yes
9f0142ab-b941-687a-8a3c-69ab74e66c73,KXNEXTIRANLEADER-45JAN01-ALAR,2026-03-01T01:42:51.668427Z,100.00,0.1200,0.8800,yes
9a4ff267-3a22-64a2-b8af-73d80f31d388,KXNEXTIRANLEADER-45JAN01-ALAR,2026-03-01T01:42:51.668427Z,127.00,0.1300,0.8700,yes
9a440297-bdb3-6039-a6fd-1a0eb7ea1980,KXNEXTIRANLEADER-45JAN01-ALAR,2026-03-01T01:42:51.668427Z,742.00,0.1400,0.8600,yes
37ddf378-2a1d-6265-bdf7-0b03bccc1d9a,KXNEXTIRANLEADER-45JAN01-ALAR,2026-03-01T01:42:51.668427Z,100.00,0.1200,0.8800,yes
1a36b90e-fa8b-6ce2-a9b6-b5fdf43aa003,KXNEXTIRANLEADER-45JAN01-ALAR,2026-03-01T01:42:51.668427Z,100.00,0.1200,0.8800,yes
0467dd49-ff23-6f2b-a5f1-5c9d8ef814a1,KXNEXTIRANLEADER-45JAN01-ALAR,2026-03-01T01:42:51.668427Z,66.00,0.1200,0.8800,yes
0242595f-91c1-6e3e-b3bf-aee7c638bc78,KXNEXTIRANLEADER-45JAN01-ALAR,2026-03-01T01:42:51.668427Z,100.00,0.1200,0.8800,yes
e440194b-73d3-51bf-e2f6-0a54103ef87d,KXNEXTIRANLEADER-45JAN01-ALAR,2026-03-01T01:41:56.464373Z,5.00,0.1200,0.8800,yes
1bad7512-3867-510f-2b45-f15e349c4c55,KXNEXTIRANLEADER-45JAN01-ALAR,2026-03-01T01:40:07.568564Z,7.00,0.1200,0.8800,yes
e7f554de-cebb-6d1f-b668-3b994d46c715,KXNEXTIRANLEADER-45JAN01-ALAR,2026-03-01T01:38:39.259559Z,15.00,0.1200,0.8800,yes
c5101e45-d0f7-7a0b-38ce-c4c41f83bd55,KXNEXTIRANLEADER-45JAN01-ALAR,2026-03-01T01:36:11.156915Z,7.00,0.1200,0.8800,yes
c67ba755-13de-4306-805a-cf445d745e84,KXNEXTIRANLEADER-45JAN01-ALAR,2026-03-01T01:36:02.459538Z,7.00,0.1300,0.8700,yes
c691884a-c709-71ff-1e54-3ae4b09d9e9c,KXNEXTIRANLEADER-45JAN01-ALAR,2026-03-01T01:35:39.489276Z,268.00,0.1100,0.8900,yes
979bc268-3c92-7d56-0546-b69375816e8c,KXNEXTIRANLEADER-45JAN01-ALAR,2026-03-01T01:35:39.489276Z,310.00,0.1300,0.8700,yes
60be19c7-767d-736a-1a35-c2d690b84448,KXNEXTIRANLEADER-45JAN01-ALAR,2026-03-01T01:35:39.489276Z,85.00,0.1200,0.8800,yes
4b785f5c-d52d-7631-0e83-1ce380c49621,KXNEXTIRANLEADER-45JAN01-ALAR,2026-03-01T01:35:39.489276Z,500.00,0.1100,0.8900,yes
42325fce-51d8-7ce2-1f26-63eb6a2ff43f,KXNEXTIRANLEADER-45JAN01-ALAR,2026-03-01T01:35:39.489276Z,52.00,0.1200,0.8800,yes
8878428f-ae91-4cd7-d7d8-a84ddce0a630,KXNEXTIRANLEADER-45JAN01-ALAR,2026-03-01T01:33:46.15439Z,732.00,0.1100,0.8900,yes
48d5b9d9-7d37-46f6-fbab-60b1071dde44,KXNEXTIRANLEADER-45JAN01-ALAR,2026-03-01T01:33:46.15439Z,23.00,0.1100,0.8900,yes
0578487e-b20e-4c71-e90a-9f83881a8478,KXNEXTIRANLEADER-45JAN01-ALAR,2026-03-01T01:33:46.15439Z,100.00,0.1100,0.8900,yes
62bf8afd-61cb-5952-1b12-c740b48d5090,KXNEXTIRANLEADER-45JAN01-ALAR,2026-03-01T01:32:53.342371Z,77.00,0.1100,0.8900,yes
6d2d8516-a933-4046-1012-0d7840d3b984,KXNEXTIRANLEADER-45JAN01-ALAR,2026-03-01T01:32:41.966663Z,8.00,0.1100,0.8900,yes
f9cc42b4-dd6b-472e-d005-29fead93bf48,KXNEXTIRANLEADER-45JAN01-ALAR,2026-03-01T01:32:34.208333Z,8.00,0.1100,0.8900,yes
9d93d201-8e0b-5aae-e9b1-7aead60af4bc,KXNEXTIRANLEADER-45JAN01-ALAR,2026-03-01T01:32:25.474273Z,8.00,0.1100,0.8900,yes
e510974a-99d7-593e-af8f-2c9b10093608,KXNEXTIRANLEADER-45JAN01-ALAR,2026-03-01T01:32:15.56489Z,8.00,0.1100,0.8900,yes
d6d60549-e7a7-643e-f99d-bf562cb4b2f0,KXNEXTIRANLEADER-45JAN01-ALAR,2026-03-01T01:31:59.802469Z,8.00,0.1100,0.8900,yes
18a0f657-616f-51be-12fe-01e01cc7f480,KXNEXTIRANLEADER-45JAN01-ALAR,2026-03-01T01:31:50.772793Z,8.00,0.1100,0.8900,yes
ee207f7b-84e7-4fda-0be7-fe82abcefc14,KXNEXTIRANLEADER-45JAN01-ALAR,2026-03-01T01:31:39.966748Z,8.00,0.1100,0.8900,yes
10152eae-5adb-66ee-50b4-f3aba7834d08,KXNEXTIRANLEADER-45JAN01-ALAR,2026-03-01T01:31:28.548122Z,8.00,0.1100,0.8900,yes
39a23f92-b193-5986-af02-c748ed9da10c,KXNEXTIRANLEADER-45JAN01-ALAR,2026-03-01T01:30:54.314076Z,8.00,0.1100,0.8900,yes
2639fd36-8267-6096-140d-315c60d99f38,KXNEXTIRANLEADER-45JAN01-ALAR,2026-03-01T01:30:45.831818Z,17.00,0.1100,0.8900,yes
7eda69b7-ba8f-420a-2151-80e8348ea988,KXNEXTIRANLEADER-45JAN01-ALAR,2026-03-01T01:30:34.581406Z,17.00,0.1100,0.8900,yes
60968c91-122f-5c72-b057-e17c31fad86c,KXNEXTIRANLEADER-45JAN01-ALAR,2026-03-01T01:30:31.964942Z,1.00,0.1100,0.8900,yes
84905b3d-d62f-512e-7367-b65e04acfe60,KXNEXTIRANLEADER-45JAN01-ALAR,2026-03-01T01:29:02.831217Z,42.00,0.1100,0.8900,yes
915f3b15-f88b-508a-7fa7-b1dd21b0e980,KXNEXTIRANLEADER-45JAN01-ALAR,2026-03-01T01:26:53.784741Z,8.00,0.1100,0.8900,yes
7ff824c5-16c3-55ae-d660-830922d62584,KXNEXTIRANLEADER-45JAN01-ALAR,2026-03-01T01:24:48.296425Z,4.00,0.1100,0.8900,yes
b4a8ed90-1ee3-517e-fd15-8e5b877c0314,KXNEXTIRANLEADER-45JAN01-ALAR,2026-03-01T01:23:49.665284Z,739.00,0.1100,0.8900,yes
a1bbfac9-a5b5-55b1-ebfb-2acccdaa7f98,KXNEXTIRANLEADER-45JAN01-ALAR,2026-03-01T01:23:49.665284Z,444.00,0.1100,0.8900,yes
73924256-cad6-5571-deff-d0ffbf4260d8,KXNEXTIRANLEADER-45JAN01-ALAR,2026-03-01T01:23:49.665284Z,100.00,0.1100,0.8900,yes
27d9cdfe-f861-7651-7bc0-0b84c14273c4,KXNEXTIRANLEADER-45JAN01-ALAR,2026-03-01T01:21:42.85688Z,4.00,0.1100,0.8900,yes
8967a93e-4935-792d-eb8f-2a1b7d89a904,KXNEXTIRANLEADER-45JAN01-ALAR,2026-03-01T01:21:28.524004Z,5.00,0.1100,0.8900,yes
c97958d9-9f65-7725-4e49-e623c96f6464,KXNEXTIRANLEADER-45JAN01-ALAR,2026-03-01T01:20:19.96947Z,42.00,0.1100,0.8900,yes
278b7658-5469-64a9-e947-7a902e280e10,KXNEXTIRANLEADER-45JAN01-ALAR,2026-03-01T01:19:01.371348Z,1.00,0.1100,0.8900,yes
da1cdc36-c394-7380-50be-743892aa1ecb,KXNEXTIRANLEADER-45JAN01-ALAR,2026-03-01T01:18:35.240369Z,13.00,0.1100,0.8900,yes
8fc3c036-9801-77dd-5200-53458fdebc9c,KXNEXTIRANLEADER-45JAN01-ALAR,2026-03-01T01:18:35.240369Z,4.00,0.1100,0.8900,yes
cc175ee7-0cec-5548-6a9f-659c06e95d92,KXNEXTIRANLEADER-45JAN01-ALAR,2026-03-01T01:17:59.276482Z,10.00,0.1000,0.9000,no
31e528e3-3da0-47c0-e4fa-6239ed5580eb,KXNEXTIRANLEADER-45JAN01-ALAR,2026-03-01T01:15:11.386043Z,85.00,0.1100,0.8900,yes
59a28277-7800-4820-54a3-317dd7c3cee7,KXNEXTIRANLEADER-45JAN01-ALAR,2026-03-01T01:14:56.195244Z,200.00,0.1100,0.8900,yes
14e18c2f-9870-759c-9960-584ff645baef,KXNEXTIRANLEADER-45JAN01-ALAR,2026-03-01T01:13:16.409537Z,42.00,0.1100,0.8900,yes
7ec7aae6-3050-7f88-1234-64225bf2c7e7,KXNEXTIRANLEADER-45JAN01-ALAR,2026-03-01T01:11:39.030583Z,8.00,0.1100,0.8900,yes
ab6f4d83-5d3c-4d50-7d54-2325b5492bbf,KXNEXTIRANLEADER-45JAN01-ALAR,2026-03-01T01:07:47.809853Z,128.00,0.1100,0.8900,yes
ac93efb3-473c-429c-aee9-d8fd0a368d1f,KXNEXTIRANLEADER-45JAN01-ALAR,2026-03-01T01:07:46.810355Z,1.00,0.1100,0.8900,yes
dbc8a677-d2a0-718c-63cd-aa35a9f3fb1b,KXNEXTIRANLEADER-45JAN01-ALAR,2026-03-01T01:07:26.119972Z,419.00,0.1100,0.8900,yes
b5169929-7107-5a9a-627b-9a926495178f,KXNEXTIRANLEADER-45JAN01-ALAR,2026-03-01T01:06:38.085253Z,67.00,0.1100,0.8900,yes
1641390d-7444-5fec-573c-0e4574061743,KXNEXTIRANLEADER-45JAN01-ALAR,2026-03-01T01:06:38.085253Z,104.00,0.1100,0.8900,yes
b164c08c-8a27-5156-45f4-034fe86ba353,KXNEXTIRANLEADER-45JAN01-ALAR,2026-03-01T01:05:44.488346Z,8.00,0.1100,0.8900,yes
401711fc-a42f-496e-43bd-eccbf8529c93,KXNEXTIRANLEADER-45JAN01-ALAR,2026-03-01T01:04:47.826022Z,42.00,0.1100,0.8900,yes
a0a5ade2-8604-42fc-0149-636c0c9a395e,KXNEXTIRANLEADER-45JAN01-ALAR,2026-03-01T01:04:34.699427Z,812.00,0.1000,0.9000,no
108ced2c-d6af-765a-56c6-fc6fa4b16927,KXNEXTIRANLEADER-45JAN01-ALAR,2026-03-01T01:03:39.311588Z,42.00,0.1100,0.8900,yes
404e5de8-eaf3-7a1a-5b8a-2a4d6ab12837,KXNEXTIRANLEADER-45JAN01-ALAR,2026-03-01T01:00:56.128044Z,192.00,0.1100,0.8900,yes
dc7f1c01-207b-5a8e-d680-962cd9fd5b27,KXNEXTIRANLEADER-45JAN01-ALAR,2026-03-01T01:00:48.215939Z,42.00,0.1100,0.8900,yes
1bbe6794-92df-463a-ae89-84631fb76a37,KXNEXTIRANLEADER-45JAN01-ALAR,2026-03-01T00:57:49.539623Z,8.00,0.1100,0.8900,yes
d380cb09-19bb-5766-4355-ab8d0c79450b,KXNEXTIRANLEADER-45JAN01-ALAR,2026-03-01T00:57:40.578466Z,8.00,0.1100,0.8900,yes
8e87d79f-6a1b-4b0e-106e-a2a15a9a3e7b,KXNEXTIRANLEADER-45JAN01-ALAR,2026-03-01T00:57:28.348081Z,8.00,0.1100,0.8900,yes
b37b3c24-e447-5dea-eb11-f07f10303eaf,KXNEXTIRANLEADER-45JAN01-ALAR,2026-03-01T00:57:06.032529Z,8.00,0.1100,0.8900,yes
0a7b6e7a-51e3-757a-259f-9266ab8cc5eb,KXNEXTIRANLEADER-45JAN01-ALAR,2026-03-01T00:56:57.949487Z,812.00,0.1100,0.8900,yes
f3c4b033-e058-4aa0-fe49-df1cf90d7ce2,KXNEXTIRANLEADER-45JAN01-ALAR,2026-03-01T00:56:51.220416Z,55.00,0.1000,0.9000,no
939a4d35-466b-6682-bef6-70652742eb13,KXNEXTIRANLEADER-45JAN01-ALAR,2026-03-01T00:56:50.864456Z,8.00,0.1100,0.8900,yes
0ddce04b-7a87-4b9a-349e-b9c66ab73a3b,KXNEXTIRANLEADER-45JAN01-ALAR,2026-03-01T00:56:36.257563Z,8.00,0.1100,0.8900,yes
17062dc7-8673-5bce-020e-d1ad2a8d889f,KXNEXTIRANLEADER-45JAN01-ALAR,2026-03-01T00:56:24.579542Z,8.00,0.1100,0.8900,yes
a70ec6db-e87f-56b6-a9ae-5599cacebdf3,KXNEXTIRANLEADER-45JAN01-ALAR,2026-03-01T00:56:10.588927Z,8.00,0.1100,0.8900,yes
94fe255f-2277-4696-80e5-273a7cd14c8b,KXNEXTIRANLEADER-45JAN01-ALAR,2026-03-01T00:56:04.294087Z,4.00,0.1100,0.8900,yes
afe4b982-e7d7-7f2e-3141-6ac7857748db,KXNEXTIRANLEADER-45JAN01-ALAR,2026-03-01T00:55:57.117486Z,8.00,0.1100,0.8900,yes
ca2cf47c-b997-6ca2-a3c1-f093cee19917,KXNEXTIRANLEADER-45JAN01-ALAR,2026-03-01T00:55:43.055983Z,8.00,0.1100,0.8900,yes
e768a381-ea13-7e86-8c3a-9ce7c143d813,KXNEXTIRANLEADER-45JAN01-ALAR,2026-03-01T00:55:31.478165Z,8.00,0.1100,0.8900,yes
2b03f613-3337-4752-6978-f1522a5e6397,KXNEXTIRANLEADER-45JAN01-ALAR,2026-03-01T00:55:18.781312Z,8.00,0.1100,0.8900,yes
c877061b-5f57-6a66-7b28-9ca8b837c0c7,KXNEXTIRANLEADER-45JAN01-ALAR,2026-03-01T00:54:46.455137Z,8.00,0.1100,0.8900,yes
48c661f0-fd3b-58c6-4ae1-a498f5102a43,KXNEXTIRANLEADER-45JAN01-ALAR,2026-03-01T00:54:37.639504Z,8.00,0.1100,0.8900,yes
f87b22d5-48bb-7102-f23e-85254f8c4d9f,KXNEXTIRANLEADER-45JAN01-ALAR,2026-03-01T00:54:24.753898Z,8.00,0.1100,0.8900,yes
d78a384b-b40f-5772-74c3-8c98d9bf9177,KXNEXTIRANLEADER-45JAN01-ALAR,2026-03-01T00:53:55.054894Z,8.00,0.1100,0.8900,yes
f3f85171-3333-5466-a462-8f30470c20f3,KXNEXTIRANLEADER-45JAN01-ALAR,2026-03-01T00:53:39.826314Z,17.00,0.1100,0.8900,yes
798f3d4f-6793-41e2-25db-567585bc701f,KXNEXTIRANLEADER-45JAN01-ALAR,2026-03-01T00:53:08.18394Z,17.00,0.1100,0.8900,yes
2cfdbc3a-aecf-5eca-a75a-bc2efe516c83,KXNEXTIRANLEADER-45JAN01-ALAR,2026-03-01T00:52:49.211711Z,17.00,0.1100,0.8900,yes
b0d385a4-5cc3-5c42-0f47-d3a042a414d7,KXNEXTIRANLEADER-45JAN01-ALAR,2026-03-01T00:52:11.665589Z,17.00,0.1100,0.8900,yes
1103f058-abff-7fa6-0d9e-addaf0db2c03,KXNEXTIRANLEADER-45JAN01-ALAR,2026-03-01T00:51:39.350491Z,25.00,0.1100,0.8900,yes
e4409126-01cb-55ae-e10c-8d412adf27a3,KXNEXTIRANLEADER-45JAN01-ALAR,2026-03-01T00:51:35.02767Z,8.00,0.1100,0.8900,yes
be31b65e-509f-461a-6aa6-be3d166be03b,KXNEXTIRANLEADER-45JAN01-ALAR,2026-03-01T00:51:28.318742Z,855.00,0.1100,0.8900,yes
fbd2a52e-ee17-647e-6573-7365651d4e4f,KXNEXTIRANLEADER-45JAN01-ALAR,2026-03-01T00:51:26.548205Z,17.00,0.1100,0.8900,yes
6dea746d-b498-6040-7e7e-0502aea2d4c2,KXNEXTIRANLEADER-45JAN01-ALAR,2026-03-01T00:51:18.571685Z,1.00,0.1000,0.9000,no
6211bf51-f750-62cc-f4cc-930cd6b39486,KXNEXTIRANLEADER-45JAN01-ALAR,2026-03-01T00:45:51.903196Z,47.00,0.1000,0.9000,no
33c5194c-05bb-611e-bdd9-37c89b6f3a2f,KXNEXTIRANLEADER-45JAN01-ALAR,2026-03-01T00:45:51.337227Z,8.00,0.1100,0.8900,yes
b41a5c1c-e863-4aba-cc65-918bb9014cf3,KXNEXTIRANLEADER-45JAN01-ALAR,2026-03-01T00:44:32.475681Z,1.00,0.1100,0.8900,yes
34bec8a2-50e0-4498-c4a4-0059f5896482,KXNEXTIRANLEADER-45JAN01-ALAR,2026-03-01T00:43:38.632866Z,1.00,0.1000,0.9000,no
7bdf6e56-7d4f-422a-4e9c-09b44f50a2d7,KXNEXTIRANLEADER-45JAN01-ALAR,2026-03-01T00:42:40.780448Z,85.00,0.1100,0.8900,yes
3d449d24-baef-6812-2ff6-4768208aca4b,KXNEXTIRANLEADER-45JAN01-ALAR,2026-03-01T00:40:33.170649Z,85.00,0.1100,0.8900,yes
09ca7423-2483-7422-018e-50b4b955fa53,KXNEXTIRANLEADER-45JAN01-ALAR,2026-03-01T00:39:26.099164Z,6.00,0.1100,0.8900,yes
ccd470b7-7793-53ee-a55f-1541e404864f,KXNEXTIRANLEADER-45JAN01-ALAR,2026-03-01T00:39:14.313834Z,25.00,0.1100,0.8900,yes
84eb59a2-ad9b-735a-f88a-7aac96caa26f,KXNEXTIRANLEADER-45JAN01-ALAR,2026-03-01T00:39:00.2249Z,171.00,0.1100,0.8900,yes
0a5ae8af-582b-5446-4ced-354f40838897,KXNEXTIRANLEADER-45JAN01-ALAR,2026-03-01T00:38:42.945818Z,85.00,0.1100,0.8900,yes
e14338bc-71cc-438c-352e-8c4cffd5942a,KXNEXTIRANLEADER-45JAN01-ALAR,2026-03-01T00:38:06.733917Z,42.00,0.1000,0.9000,no
f751731f-a3db-7d1a-0417-ddddec25507b,KXNEXTIRANLEADER-45JAN01-ALAR,2026-03-01T00:37:16.133081Z,17.00,0.1100,0.8900,yes
b0c72fb0-f3f5-45c6-064a-7112b02d3f59,KXNEXTIRANLEADER-45JAN01-ALAR,2026-03-01T00:37:06.567376Z,20.00,0.1100,0.8900,yes
630260aa-a4a2-4d4b-2041-b5ec7db8a31e,KXNEXTIRANLEADER-45JAN01-ALAR,2026-03-01T00:37:06.567376Z,200.00,0.1100,0.8900,yes
1b950b43-9e67-4492-2bd6-3282cbd0f1d7,KXNEXTIRANLEADER-45JAN01-ALAR,2026-03-01T00:37:06.567376Z,207.00,0.1100,0.8900,yes
21ecbf7e-f1d5-5e9e-b027-eaa81743471d,KXNEXTIRANLEADER-45JAN01-ALAR,2026-03-01T00:35:30.069744Z,171.00,0.1100,0.8900,yes
ad8388e3-a65b-6960-7e2a-bc4ee315453e,KXNEXTIRANLEADER-45JAN01-ALAR,2026-03-01T00:34:23.690236Z,8.00,0.1100,0.8900,yes
6dbbfe6a-4535-67c2-4d1c-333dd2e17c85,KXNEXTIRANLEADER-45JAN01-ALAR,2026-03-01T00:34:23.690236Z,9.00,0.1100,0.8900,yes
02e6ada5-6d17-5bd0-4f59-6070ed800282,KXNEXTIRANLEADER-45JAN01-ALAR,2026-03-01T00:33:51.943652Z,150.00,0.1100,0.8900,yes
25fb68b9-7c27-699c-de92-53225f1c795a,KXNEXTIRANLEADER-45JAN01-ALAR,2026-03-01T00:33:49.204022Z,42.00,0.1100,0.8900,yes
11177553-fd6c-6693-e554-67a92eed1318,KXNEXTIRANLEADER-45JAN01-ALAR,2026-03-01T00:33:49.204022Z,43.00,0.1100,0.8900,yes
ff6daeab-ba7c-6ddb-6d82-8063da2d7870,KXNEXTIRANLEADER-45JAN01-ALAR,2026-03-01T00:33:10.264791Z,29.00,0.1100,0.8900,yes
86af8176-5f4c-54bf-9efe-d014907c7b04,KXNEXTIRANLEADER-45JAN01-ALAR,2026-03-01T00:32:15.54771Z,31.00,0.1100,0.8900,yes
3c774a62-26d4-456b-a1bb-29794780d120,KXNEXTIRANLEADER-45JAN01-ALAR,2026-03-01T00:32:04.566775Z,59.00,0.1100,0.8900,yes
f622566c-9298-52cc-70b7-052e3b5478de,KXNEXTIRANLEADER-45JAN01-ALAR,2026-03-01T00:30:44.07208Z,70.00,0.1100,0.8900,yes
de7aa56b-a02e-50be-724f-30b04bbc7735,KXNEXTIRANLEADER-45JAN01-ALAR,2026-03-01T00:30:44.07208Z,200.00,0.1100,0.8900,yes
9aedaf2b-77f0-544b-5fd4-f475ca64703c,KXNEXTIRANLEADER-45JAN01-ALAR,2026-03-01T00:30:44.07208Z,38.00,0.1100,0.8900,yes
7fb7d00f-a4b3-5134-61d7-b2d703a4d530,KXNEXTIRANLEADER-45JAN01-ALAR,2026-03-01T00:30:44.07208Z,100.00,0.1100,0.8900,yes
4a2e0a94-9082-56a1-5e27-661fe0f1391c,KXNEXTIRANLEADER-45JAN01-ALAR,2026-03-01T00:30:44.07208Z,100.00,0.1100,0.8900,yes
4181c678-7c3b-5441-4bb6-b0dccb0bc30e,KXNEXTIRANLEADER-45JAN01-ALAR,2026-03-01T00:30:44.07208Z,300.00,0.1100,0.8900,yes
01040d92-b9d0-534d-7d7d-02b5bacfdbbf,KXNEXTIRANLEADER-45JAN01-ALAR,2026-03-01T00:30:44.07208Z,47.00,0.1100,0.8900,yes
4bbd66f9-840c-5cc5-8507-c5ce4e3a15ab,KXNEXTIRANLEADER-45JAN01-ALAR,2026-03-01T00:29:55.939982Z,42.00,0.1100,0.8900,yes
1e0e5371-b834-50f9-6d6a-97f2f9eb821f,KXNEXTIRANLEADER-45JAN01-ALAR,2026-03-01T00:29:16.208907Z,17.00,0.1100,0.8900,yes
6c20de3f-5250-6561-46f3-b13a2c67c373,KXNEXTIRANLEADER-45JAN01-ALAR,2026-03-01T00:28:30.061046Z,171.00,0.1100,0.8900,yes
5a4def0c-f7a8-5429-8a99-7b4145b2f79b,KXNEXTIRANLEADER-45JAN01-ALAR,2026-03-01T00:27:44.658308Z,8.00,0.1100,0.8900,yes
88c04868-ff84-43f1-3ce3-5198edd14f9f,KXNEXTIRANLEADER-45JAN01-ALAR,2026-03-01T00:26:59.890192Z,427.00,0.1100,0.8900,yes
0187f5b9-1310-4cb0-5042-446e77fc5b7e,KXNEXTIRANLEADER-45JAN01-ALAR,2026-03-01T00:25:18.746345Z,20.00,0.1000,0.9000,no
8713f097-e474-72e1-967f-9c1767c7b763,KXNEXTIRANLEADER-45JAN01-ALAR,2026-03-01T00:25:06.84885Z,51.00,0.1100,0.8900,yes
e707393b-131b-7b6f-8140-21f3e3135cde,KXNEXTIRANLEADER-45JAN01-ALAR,2026-03-01T00:22:01.890814Z,46.00,0.1100,0.8900,yes
bf75aa3b-4140-7839-bf40-a9d1d8d3ea87,KXNEXTIRANLEADER-45JAN01-ALAR,2026-03-01T00:22:01.890814Z,1237.00,0.1100,0.8900,yes
7ad87e64-2583-75b7-5273-b997bc1ba7e2,KXNEXTIRANLEADER-45JAN01-ALAR,2026-03-01T00:20:53.815402Z,42.00,0.1100,0.8900,yes
7b40cd1e-a483-761b-67ec-38e8faf147ce,KXNEXTIRANLEADER-45JAN01-ALAR,2026-03-01T00:20:53.41235Z,171.00,0.1100,0.8900,yes
2e76f9fe-6013-6fdf-0ea0-8bb57e7d5dbe,KXNEXTIRANLEADER-45JAN01-ALAR,2026-03-01T00:20:00.72329Z,100.00,0.1100,0.8900,yes
2873dd14-0b37-4d9f-7e85-e7d9eef40402,KXNEXTIRANLEADER-45JAN01-ALAR,2026-03-01T00:19:32.538842Z,1.00,0.1100,0.8900,yes
0aa3d46c-c187-443b-65b1-fd1ec6d3ead2,KXNEXTIRANLEADER-45JAN01-ALAR,2026-03-01T00:19:20.077882Z,42.00,0.1100,0.8900,yes
5b8d46c4-842b-57a7-8543-52e36757c46e,KXNEXTIRANLEADER-45JAN01-ALAR,2026-03-01T00:19:12.441928Z,17.00,0.1100,0.8900,yes
c34c7d2b-4207-505b-1632-9657c044ebea,KXNEXTIRANLEADER-45JAN01-ALAR,2026-03-01T00:18:52.866472Z,580.00,0.1100,0.8900,yes
17463e87-cb1e-59c0-339b-78156a827106,KXNEXTIRANLEADER-45JAN01-ALAR,2026-03-01T00:18:52.866472Z,275.00,0.1100,0.8900,yes
eec7ad4e-02ea-6194-dc72-3fead364ede2,KXNEXTIRANLEADER-45JAN01-ALAR,2026-03-01T00:18:20.800205Z,256.00,0.1100,0.8900,yes
2b6f938e-08ec-476c-6be4-013fd625e08e,KXNEXTIRANLEADER-45JAN01-ALAR,2026-03-01T00:17:38.523356Z,1.00,0.1000,0.9000,no
f9e0443e-f552-6254-a63a-40471edd584a,KXNEXTIRANLEADER-45JAN01-ALAR,2026-03-01T00:15:20.60052Z,42.00,0.1100,0.8900,yes
50c90bf6-076a-6d54-7a0b-20230f053286,KXNEXTIRANLEADER-45JAN01-ALAR,2026-03-01T00:11:39.934199Z,8.00,0.1100,0.8900,yes
0cc70b54-3a4e-457c-4c47-195dc78b179a,KXNEXTIRANLEADER-45JAN01-ALAR,2026-03-01T00:11:22.749713Z,8.00,0.1100,0.8900,yes
e399ecce-ad0e-723e-33f8-26363ddfb643,KXNEXTIRANLEADER-45JAN01-ALAR,2026-03-01T00:09:18.009791Z,484.00,0.1100,0.8900,yes
bb42959d-7862-7fec-0617-8fbca64ba8d6,KXNEXTIRANLEADER-45JAN01-ALAR,2026-03-01T00:09:18.009791Z,371.00,0.1100,0.8900,yes
f4aa7cd3-22d6-5126-d8e6-b877663d9e33,KXNEXTIRANLEADER-45JAN01-ALAR,2026-03-01T00:08:07.906493Z,17.00,0.1100,0.8900,yes
18cf53bd-269a-662e-55e1-d329f5bd39c3,KXNEXTIRANLEADER-45JAN01-ALAR,2026-03-01T00:06:50.232831Z,85.00,0.1100,0.8900,yes
bde85c0e-22ae-68ce-f0b7-384285a94eaf,KXNEXTIRANLEADER-45JAN01-ALAR,2026-03-01T00:05:07.447761Z,8.00,0.1100,0.8900,yes
79c4f796-7bde-7fde-2b1c-bc707a69c48f,KXNEXTIRANLEADER-45JAN01-ALAR,2026-03-01T00:02:00.992286Z,8.00,0.1100,0.8900,yes
407b0510-ac74-51c8-4a5b-16a80dba8392,KXNEXTIRANLEADER-45JAN01-ALAR,2026-03-01T00:01:55.870601Z,156.00,0.1000,0.9000,no
38459d78-98fa-67b2-b715-f4f1a7854cbf,KXNEXTIRANLEADER-45JAN01-ALAR,2026-02-28T23:59:58.179375Z,85.00,0.1100,0.8900,yes
a5dad20d-4ea2-5542-772b-79cd99238857,KXNEXTIRANLEADER-45JAN01-ALAR,2026-02-28T23:59:24.834063Z,17.00,0.1100,0.8900,yes
7bb38660-9976-6cba-997f-56c21ed0f6b7,KXNEXTIRANLEADER-45JAN01-ALAR,2026-02-28T23:59:24.385306Z,8.00,0.1100,0.8900,yes
49f481fd-342a-75ba-d579-d67d3089027f,KXNEXTIRANLEADER-45JAN01-ALAR,2026-02-28T23:58:55.534152Z,171.00,0.1100,0.8900,yes
4b983e6a-3da6-765a-3fdb-bd1b10ff717f,KXNEXTIRANLEADER-45JAN01-ALAR,2026-02-28T23:58:46.707273Z,17.00,0.1100,0.8900,yes
41878b84-234a-6256-3d0a-91c4215b809b,KXNEXTIRANLEADER-45JAN01-ALAR,2026-02-28T23:58:27.500932Z,42.00,0.1100,0.8900,yes
6b68b093-69e2-5eb2-3324-4db09752eeb3,KXNEXTIRANLEADER-45JAN01-ALAR,2026-02-28T23:54:41.314439Z,1558.00,0.1100,0.8900,yes
01d36d1d-a32d-5169-0a46-cb92f307008b,KXNEXTIRANLEADER-45JAN01-ALAR,2026-02-28T23:54:41.314439Z,1242.00,0.1100,0.8900,yes
1b31e67d-1e35-7f0d-5643-c1a580738b33,KXNEXTIRANLEADER-45JAN01-ALAR,2026-02-28T23:54:23.006384Z,34.00,0.1100,0.8900,yes
d6b135e2-82d1-6f1d-8d64-6bb54f93567f,KXNEXTIRANLEADER-45JAN01-ALAR,2026-02-28T23:54:20.403288Z,25.00,0.1100,0.8900,yes
a800945e-b10d-5cad-d0bd-2445f1e6e123,KXNEXTIRANLEADER-45JAN01-ALAR,2026-02-28T23:52:58.038097Z,128.00,0.1100,0.8900,yes
71b36b2d-1cc9-7965-ec16-6fdc4e172767,KXNEXTIRANLEADER-45JAN01-ALAR,2026-02-28T23:52:08.426307Z,17.00,0.1100,0.8900,yes
730b1f9e-a141-5299-c9a4-64a8a9643d67,KXNEXTIRANLEADER-45JAN01-ALAR,2026-02-28T23:49:11.162383Z,85.00,0.1100,0.8900,yes
95b1739a-fd52-6b1d-0ce4-266a735cb4f2,KXNEXTIRANLEADER-45JAN01-ALAR,2026-02-28T23:49:10.163144Z,178.00,0.1100,0.8900,yes
8407a1d1-6059-6ec5-1aca-0d9b4ff17bb3,KXNEXTIRANLEADER-45JAN01-ALAR,2026-02-28T23:49:10.163144Z,249.00,0.1100,0.8900,yes
2105493f-301a-6e4d-5fef-d2d97855b4aa,KXNEXTIRANLEADER-45JAN01-ALAR,2026-02-28T23:47:43.314321Z,372.00,0.1100,0.8900,yes
08d28d73-f8fc-6cb8-4dc9-d8f3ae8c18fd,KXNEXTIRANLEADER-45JAN01-ALAR,2026-02-28T23:47:43.314321Z,55.00,0.1100,0.8900,yes
f6197750-35b5-6522-49ed-83fe802b7a90,KXNEXTIRANLEADER-45JAN01-ALAR,2026-02-28T23:41:49.638528Z,399.00,0.1200,0.8800,yes
cf181d8c-83b9-60c8-5c2c-d031b3c66bd9,KXNEXTIRANLEADER-45JAN01-ALAR,2026-02-28T23:41:49.638528Z,351.00,0.1200,0.8800,yes
aed0825e-915e-64c9-64ab-e35c447ba450,KXNEXTIRANLEADER-45JAN01-ALAR,2026-02-28T23:41:49.638528Z,550.00,0.1100,0.8900,yes
859362fa-0019-7c64-fe31-12dfe7be1531,KXNEXTIRANLEADER-45JAN01-ALAR,2026-02-28T23:37:15.622016Z,78.00,0.1200,0.8800,yes
1fe49071-d54d-58ec-664a-992f082bd66d,KXNEXTIRANLEADER-45JAN01-ALAR,2026-02-28T23:35:34.547421Z,7.00,0.1200,0.8800,yes
4b66b8a9-555a-48aa-0efd-1fcdbfd887ed,KXNEXTIRANLEADER-45JAN01-ALAR,2026-02-28T23:30:53.147883Z,3.00,0.1500,0.8500,yes
0d118044-7b18-640a-0467-f4256c79a5ed,KXNEXTIRANLEADER-45JAN01-ALAR,2026-02-28T23:29:55.758536Z,5.00,0.1600,0.8400,yes
efda4e30-d302-5393-95c7-2890981c9fbb,KXNEXTIRANLEADER-45JAN01-ALAR,2026-02-28T23:28:50.400943Z,55.00,0.1100,0.8900,yes
c220b203-4aa0-7e60-5092-2c552871e5af,KXNEXTIRANLEADER-45JAN01-ALAR,2026-02-28T23:28:31.601806Z,57.00,0.1000,0.9000,yes
054028f1-4cb0-6cec-2426-fad033b185b3,KXNEXTIRANLEADER-45JAN01-ALAR,2026-02-28T23:27:29.212482Z,4.00,0.1000,0.9000,yes
8b1c0bfd-50c8-51f8-5afd-a02a143e11af,KXNEXTIRANLEADER-45JAN01-ALAR,2026-02-28T23:27:21.118802Z,100.00,0.1000,0.9000,yes
d35d04ae-50b0-6550-a944-93f5c09b9f33,KXNEXTIRANLEADER-45JAN01-ALAR,2026-02-28T23:24:48.960571Z,181.00,0.1000,0.9000,yes
b72c0a1c-1a7e-6f30-ad2f-752142904ca6,KXNEXTIRANLEADER-45JAN01-ALAR,2026-02-28T23:24:48.960571Z,7.00,0.1000,0.9000,yes
b4ff92b7-8a36-4064-6dc2-5e65fa554f32,KXNEXTIRANLEADER-45JAN01-ALAR,2026-02-28T23:23:59.666251Z,100.00,0.1000,0.9000,yes
68e3821e-ba42-4e70-6255-d36fc7c4766a,KXNEXTIRANLEADER-45JAN01-ALAR,2026-02-28T23:22:48.132478Z,235.00,0.1000,0.9000,yes
b1dec12a-757a-53f8-9f3a-8ece001235da,KXNEXTIRANLEADER-45JAN01-ALAR,2026-02-28T23:22:03.197892Z,94.00,0.1000,0.9000,yes
82ba58e3-8694-55dc-f7de-04f0f355de04,KXNEXTIRANLEADER-45JAN01-ALAR,2026-02-28T23:21:07.060155Z,235.00,0.1000,0.9000,yes
b5fbe319-8408-4908-fd44-d4bb7da93140,KXNEXTIRANLEADER-45JAN01-ALAR,2026-02-28T23:20:28.768251Z,94.00,0.1000,0.9000,yes
279ca975-8bc8-4a88-692a-c3c7d4710f60,KXNEXTIRANLEADER-45JAN01-ALAR,2026-02-28T23:20:28.707445Z,200.00,0.1000,0.9000,yes
f837ff06-3eeb-6ae7-c41f-c5a21bce6b19,KXNEXTIRANLEADER-45JAN01-ALAR,2026-02-28T23:19:32.179737Z,427.00,0.1100,0.8900,yes
6c744503-7499-694f-b539-70546e61bc58,KXNEXTIRANLEADER-45JAN01-ALAR,2026-02-28T23:18:41.025613Z,1.00,0.1100,0.8900,yes
744b23b8-3292-6fd2-ad13-a60d11d1194d,KXNEXTIRANLEADER-45JAN01-ALAR,2026-02-28T23:16:16.581359Z,117.00,0.1200,0.8800,yes
aa0be5e9-e8f4-46b6-36cd-65fe7d5c2b19,KXNEXTIRANLEADER-45JAN01-ALAR,2026-02-28T23:16:09.812679Z,1.00,0.1200,0.8800,yes
7da2170f-cf06-4dd6-1315-f2b4c6ce4b45,KXNEXTIRANLEADER-45JAN01-ALAR,2026-02-28T23:16:09.812679Z,33.00,0.1200,0.8800,yes
17b9d518-5ae4-43e6-355c-5e22808e4527,KXNEXTIRANLEADER-45JAN01-ALAR,2026-02-28T23:16:09.812679Z,13.00,0.1200,0.8800,yes
a7f73414-0f94-503a-e1ca-0188f7b88043,KXNEXTIRANLEADER-45JAN01-ALAR,2026-02-28T23:15:37.616246Z,235.00,0.1200,0.8800,yes
c9493e66-a9f8-4a9a-5b80-53e38ccc074b,KXNEXTIRANLEADER-45JAN01-ALAR,2026-02-28T23:15:32.156886Z,15.00,0.1200,0.8800,yes
bc84e59c-7e90-4572-0142-5155f1357f0b,KXNEXTIRANLEADER-45JAN01-ALAR,2026-02-28T23:15:04.175721Z,15.00,0.1200,0.8800,yes
8a56ddf7-1178-588a-26fd-5a9e400808d7,KXNEXTIRANLEADER-45JAN01-ALAR,2026-02-28T23:15:02.636452Z,31.00,0.1200,0.8800,yes
cdadef30-95bf-5f0a-4ddb-9dbd93d9f08c,KXNEXTIRANLEADER-45JAN01-ALAR,2026-02-28T23:14:01.281258Z,1.00,0.1000,0.9000,no
b35c9ff1-41ee-542b-510e-3c99d1bbb469,KXNEXTIRANLEADER-45JAN01-ALAR,2026-02-28T23:14:01.281258Z,55.00,0.0700,0.9300,no
8d455a52-87f7-5d89-42e7-83f26488d297,KXNEXTIRANLEADER-45JAN01-ALAR,2026-02-28T23:14:01.281258Z,41.00,0.0600,0.9400,no
1b152dd3-72c5-5bba-7076-4037be0c14d4,KXNEXTIRANLEADER-45JAN01-ALAR,2026-02-28T23:14:01.281258Z,9.00,0.1100,0.8900,no
879c5e9a-2278-752a-3bae-33f0f57ca69b,KXNEXTIRANLEADER-45JAN01-ALAR,2026-02-28T23:13:25.749094Z,117.00,0.1200,0.8800,yes
41bb25e0-2850-73de-3224-b3ef0eb96e83,KXNEXTIRANLEADER-45JAN01-ALAR,2026-02-28T23:13:11.418518Z,156.00,0.1200,0.8800,yes
4f492b27-6b5c-702a-d99c-ce6d9a4049ab,KXNEXTIRANLEADER-45JAN01-ALAR,2026-02-28T23:12:36.982386Z,15.00,0.1200,0.8800,yes
0450ab3d-5ef0-66fe-86a4-c95014987fc3,KXNEXTIRANLEADER-45JAN01-ALAR,2026-02-28T23:12:20.649185Z,102.00,0.1200,0.8800,yes
e6d609d2-1ef0-4b2b-424d-eda649b29ba1,KXNEXTIRANLEADER-45JAN01-ALAR,2026-02-28T23:11:40.5856Z,1.00,0.1100,0.8900,yes
d5db8630-14a6-7c91-ca6b-e6bc24e28dc4,KXNEXTIRANLEADER-45JAN01-ALAR,2026-02-28T23:11:03.732003Z,1.00,0.1200,0.8800,no
27fe8d93-0b56-5eba-8ced-14996a886ed2,KXNEXTIRANLEADER-45JAN01-ALAR,2026-02-28T23:10:31.745401Z,29.00,0.1300,0.8700,yes
85d04f3b-98ba-59aa-32d7-d76b631ffafe,KXNEXTIRANLEADER-45JAN01-ALAR,2026-02-28T23:10:23.254886Z,895.00,0.1300,0.8700,yes
4d352b67-b1f2-5c4a-2555-25d9fc54dd87,KXNEXTIRANLEADER-45JAN01-ALAR,2026-02-28T23:10:23.254886Z,112.00,0.1300,0.8700,yes
d089148b-613a-7cd2-2217-2e33164bba4f,KXNEXTIRANLEADER-45JAN01-ALAR,2026-02-28T23:09:49.836643Z,145.00,0.1300,0.8700,yes
e291930a-9b4e-4552-146d-29f9f6f7e767,KXNEXTIRANLEADER-45JAN01-ALAR,2026-02-28T23:08:52.095675Z,43.00,0.1300,0.8700,yes
ba2f86b5-badf-75f2-c6b3-ff97e29f6ff1,KXNEXTIRANLEADER-45JAN01-ALAR,2026-02-28T23:07:17.088372Z,55.00,0.1500,0.8500,yes
3c1923ee-2bfd-7435-e577-d688e968a1c2,KXNEXTIRANLEADER-45JAN01-ALAR,2026-02-28T23:07:17.088372Z,1.00,0.1300,0.8700,yes
20b1f84f-49ef-79f3-c008-e7a6874798a0,KXNEXTIRANLEADER-45JAN01-ALAR,2026-02-28T23:07:17.088372Z,69.00,0.1500,0.8500,yes
6a12531f-56e4-4b87-a854-7c4a31cf28c5,KXNEXTIRANLEADER-45JAN01-ALAR,2026-02-28T23:06:32.533045Z,181.00,0.1300,0.8700,yes
89e182b2-d943-5e15-330a-4b14d84e90cc,KXNEXTIRANLEADER-45JAN01-ALAR,2026-02-28T23:06:12.720702Z,2997.00,0.1000,0.9000,yes
2c5b5317-33c1-5eaa-2fdc-473decbb7c08,KXNEXTIRANLEADER-45JAN01-ALAR,2026-02-28T23:06:12.720702Z,1.00,0.0900,0.9100,yes
df2fc83e-7c87-75ed-91ff-95607981c848,KXNEXTIRANLEADER-45JAN01-ALAR,2026-02-28T23:05:50.072048Z,2.00,0.1000,0.9000,yes
8db26f70-cfd8-7689-8df0-7685ff3f194e,KXNEXTIRANLEADER-45JAN01-ALAR,2026-02-28T23:05:50.072048Z,1.00,0.0800,0.9200,yes
cac30cc4-2387-53c8-426d-1c53d96a73cb,KXNEXTIRANLEADER-45JAN01-ALAR,2026-02-28T23:05:15.486683Z,1.00,0.1100,0.8900,no
fd11e4f5-8209-7be1-9714-5e436aa78c11,KXNEXTIRANLEADER-45JAN01-ALAR,2026-02-28T23:05:07.055443Z,2000.00,0.0900,0.9100,yes
2635d24b-a2e9-74f7-8ee9-b2b43e31942e,KXNEXTIRANLEADER-45JAN01-ALAR,2026-02-28T23:05:07.055443Z,1.00,0.0900,0.9100,yes
eb189845-5edb-49fc-ceb4-3f8336954295,KXNEXTIRANLEADER-45JAN01-ALAR,2026-02-28T23:04:06.327237Z,1.00,0.0900,0.9100,yes
6db4baf5-ab63-5299-92b0-2278b2d8d63e,KXNEXTIRANLEADER-45JAN01-ALAR,2026-02-28T23:04:01.61684Z,1.00,0.1500,0.8500,no
f6084b38-8020-4e02-0581-99b76e5157a6,KXNEXTIRANLEADER-45JAN01-ALAR,2026-02-28T23:04:00.552825Z,1.00,0.2800,0.7200,no
75d8a184-26d2-6aef-1b3a-e0b379d3a5c3,KXNEXTIRANLEADER-45JAN01-ALAR,2026-02-28T23:03:59.320136Z,1.00,0.5300,0.4700,no
9904dc69-34ec-7539-c3a4-6c6f7dfc8f2f,KXNEXTIRANLEADER-45JAN01-ALAR,2026-02-28T23:03:58.959116Z,1.00,0.1200,0.8800,yes
8cccbe7f-f5b5-7a14-d756-f2cb91b53b6e,KXNEXTIRANLEADER-45JAN01-ALAR,2026-02-28T23:03:58.959116Z,141.00,0.1200,0.8800,yes
8fee3b12-2cf9-507b-924e-ae7a4438e6b4,KXNEXTIRANLEADER-45JAN01-ALAR,2026-02-28T23:01:44.621829Z,1.00,0.2400,0.7600,no
640892e3-8a97-6428-7a4f-8417b7927eca,KXNEXTIRANLEADER-45JAN01-ALAR,2026-02-28T23:01:43.385066Z,1.00,0.4800,0.5200,no
