trade_id,ticker,created_time,count_fp,yes_price_dollars,no_price_dollars,taker_side
4ef32676-5f5d-7417-7911-83222a920710,KXNEXTIRANLEADER-45JAN01-MMIR,2026-03-08T21:10:34.562207Z,7914.00,0.0100,0.9900,no
a1404998-cb49-52cf-f4c9-3e5b8bb8eba8,KXNEXTIRANLEADER-45JAN01-MMIR,2026-03-08T21:10:23.543374Z,750.00,0.0100,0.9900,no
0a03fc3d-d5f9-6547-cec1-65f244cdf485,KXNEXTIRANLEADER-45JAN01-MMIR,2026-03-08T21:09:13.49206Z,10.00,0.0200,0.9800,yes
e80d0fec-3fb1-513b-495d-57728befbbd1,KXNEXTIRANLEADER-45JAN01-MMIR,2026-03-08T21:04:15.26895Z,10.00,0.0200,0.9800,yes
9b07c6f1-8b01-4ddb-a59d-1ada8cffe244,KXNEXTIRANLEADER-45JAN01-MMIR,2026-03-08T20:59:28.880593Z,440.00,0.0100,0.9900,no
125b6e1b-6305-5c17-5da8-916c8cdab701,KXNEXTIRANLEADER-45JAN01-MMIR,2026-03-08T20:59:12.88273Z,10.00,0.0200,0.9800,yes
445d1d23-5fc5-5513-a662-1c0996b26415,KXNEXTIRANLEADER-45JAN01-MMIR,2026-03-08T20:54:12.526409Z,10.00,0.0200,0.9800,yes
27967977-8b19-4037-c418-c42b02e360f5,KXNEXTIRANLEADER-45JAN01-MMIR,2026-03-08T20:49:43.653631Z,750.00,0.0200,0.9800,yes
0bdc2400-15f9-46fb-bef3-2bb5976a4735,KXNEXTIRANLEADER-45JAN01-MMIR,2026-03-08T20:49:12.513401Z,10.00,0.0200,0.9800,yes
ec473666-adc5-6d73-069a-7a5692991664,KXNEXTIRANLEADER-45JAN01-MMIR,2026-03-08T20:48:19.059854Z,60.00,0.0100,0.9900,no
c850550e-94b9-72ab-42a4-f56efcd324c1,KXNEXTIRANLEADER-45JAN01-MMIR,2026-03-08T20:44:09.555826Z,10.00,0.0200,0.9800,yes
fa3cce8a-02e8-7ab0-5e89-0f00783f2cff,KXNEXTIRANLEADER-45JAN01-MMIR,2026-03-08T20:42:22.874468Z,10.00,0.0200,0.9800,no
b71a05e1-0832-74cb-7f8d-56e835231425,KXNEXTIRANLEADER-45JAN01-MMIR,2026-03-08T20:42:22.874468Z,11.00,0.0200,0.9800,no
5a8c309a-1dde-7196-62c5-3ab29d320f49,KXNEXTIRANLEADER-45JAN01-MMIR,2026-03-08T20:25:02.552814Z,10.00,0.0200,0.9800,yes
0dd5e3af-ace2-5636-622a-038eebff8ca1,KXNEXTIRANLEADER-45JAN01-MMIR,2026-03-08T20:22:51.326298Z,27.00,0.0200,0.9800,yes
821f0e38-dd46-7c65-cec8-5ab5b2bb9226,KXNEXTIRANLEADER-45JAN01-MMIR,2026-03-08T20:19:55.403471Z,10.00,0.0200,0.9800,yes
d0ab015d-96d2-56a5-d5a1-b825f73a2aae,KXNEXTIRANLEADER-45JAN01-MMIR,2026-03-08T20:14:52.28869Z,10.00,0.0200,0.9800,yes
829a5fc4-78a9-4abf-852a-a7d53d9d1e98,KXNEXTIRANLEADER-45JAN01-MMIR,2026-03-08T20:13:39.048065Z,10.00,0.0100,0.9900,no
7003d142-f63e-4886-6e67-979f04d97e62,KXNEXTIRANLEADER-45JAN01-MMIR,2026-03-08T20:10:46.063817Z,10.00,0.0200,0.9800,no
5085d9af-3221-47ff-1007-bb2fc6d14a0c,KXNEXTIRANLEADER-45JAN01-MMIR,2026-03-08T19:54:28.08257Z,31.00,0.0100,0.9900,no
326c40d9-ac11-6267-336a-d1f0983be30c,KXNEXTIRANLEADER-45JAN01-MMIR,2026-03-08T19:41:16.014521Z,55.00,0.0100,0.9900,no
9b1675fa-bfe5-798b-4643-725610240e80,KXNEXTIRANLEADER-45JAN01-MMIR,2026-03-08T19:11:53.388819Z,1740.00,0.0100,0.9900,no
819e9b34-30d8-78f9-7d11-adeae690568a,KXNEXTIRANLEADER-45JAN01-MMIR,2026-03-08T19:11:53.388819Z,614.00,0.0100,0.9900,no
6c2588c4-469e-771d-7854-4dabf53a24bf,KXNEXTIRANLEADER-45JAN01-MMIR,2026-03-08T19:11:53.388819Z,10.00,0.0100,0.9900,no
62354b15-743c-6fc9-7304-a7243066da6e,KXNEXTIRANLEADER-45JAN01-MMIR,2026-03-08T18:53:06.719892Z,400.00,0.0100,0.9900,no
e4a2ad08-4571-7838-712f-b9b425a147a8,KXNEXTIRANLEADER-45JAN01-MMIR,2026-03-08T18:30:17.222927Z,150.00,0.0300,0.9700,yes
437baf1d-9be6-722d-42a4-07d4203144f7,KXNEXTIRANLEADER-45JAN01-MMIR,2026-03-08T18:30:17.222927Z,25.00,0.0200,0.9800,yes
734a4624-e9d4-5719-2072-7e95e7c220ae,KXNEXTIRANLEADER-45JAN01-MMIR,2026-03-08T18:29:31.288152Z,100.00,0.0100,0.9900,no
bba4d002-1ba7-4797-5318-1b677639bfb7,KXNEXTIRANLEADER-45JAN01-MMIR,2026-03-08T18:27:34.09109Z,25.00,0.0200,0.9800,yes
573b7aab-979a-4503-44d7-c802d2b5fccd,KXNEXTIRANLEADER-45JAN01-MMIR,2026-03-08T18:27:34.09109Z,25.00,0.0200,0.9800,yes
1f5dc1fc-1d1f-6a0f-635e-563aa14f6a17,KXNEXTIRANLEADER-45JAN01-MMIR,2026-03-08T18:25:18.914608Z,50.00,0.0200,0.9800,yes
c961aa1b-73a1-671d-47a1-a552b5d7fac7,KXNEXTIRANLEADER-45JAN01-MMIR,2026-03-08T17:45:34.127423Z,11.00,0.0200,0.9800,no
e5724eab-3ad1-4860-e72c-53d3966c3ea9,KXNEXTIRANLEADER-45JAN01-MMIR,2026-03-08T17:40:28.130512Z,381.00,0.0200,0.9800,no
855f6657-500f-468c-fea4-ae0fdd29cc0a,KXNEXTIRANLEADER-45JAN01-MMIR,2026-03-08T17:40:28.130512Z,19.00,0.0200,0.9800,no
ea1c00e3-9515-5d22-1226-b6e3148dd55e,KXNEXTIRANLEADER-45JAN01-MMIR,2026-03-08T17:37:41.001696Z,266.00,0.0300,0.9700,yes
fc049a2a-ac0c-65f3-4d52-20fa5a4455e7,KXNEXTIRANLEADER-45JAN01-MMIR,2026-03-08T17:35:04.187765Z,150.00,0.0200,0.9800,no
d6d5a19b-1d06-463b-1d95-80bc6872768b,KXNEXTIRANLEADER-45JAN01-MMIR,2026-03-08T17:31:17.965202Z,20.00,0.0300,0.9700,no
eef60bf6-7088-7793-0b05-e6cd1e801587,KXNEXTIRANLEADER-45JAN01-MMIR,2026-03-08T17:26:06.42557Z,6.00,0.0200,0.9800,no
379b7b56-426b-78ed-38e0-e71dc889533f,KXNEXTIRANLEADER-45JAN01-MMIR,2026-03-08T17:26:06.42557Z,29.00,0.0300,0.9700,no
f32b5ca8-e6bc-4457-3477-ce0287895c12,KXNEXTIRANLEADER-45JAN01-MMIR,2026-03-08T17:25:41.556977Z,41.00,0.0300,0.9700,no
ce35eb35-6f00-482f-2077-b80cefe5a013,KXNEXTIRANLEADER-45JAN01-MMIR,2026-03-08T17:25:41.556977Z,12.00,0.0200,0.9800,no
75413076-90b1-5120-08a8-e8d4c0f46e94,KXNEXTIRANLEADER-45JAN01-MMIR,2026-03-08T16:53:13.579278Z,600.00,0.0400,0.9600,yes
3d19ca38-267b-7e51-2637-74bd9c8752c1,KXNEXTIRANLEADER-45JAN01-MMIR,2026-03-08T16:46:42.510041Z,200.00,0.0400,0.9600,yes
1afdae60-cbc8-7375-177d-aae8c5c713b9,KXNEXTIRANLEADER-45JAN01-MMIR,2026-03-08T16:46:42.510041Z,200.00,0.0400,0.9600,yes
67ee5bce-92f8-7ea5-6089-4b55dfff1fba,KXNEXTIRANLEADER-45JAN01-MMIR,2026-03-08T16:16:01.425816Z,70.00,0.0400,0.9600,yes
5a6b673a-ca1e-7d71-5f60-1d95a7efd774,KXNEXTIRANLEADER-45JAN01-MMIR,2026-03-08T16:16:01.425816Z,59.00,0.0400,0.9600,yes
c9b3dbad-3fe9-6ab3-b3c7-02b9a1572c08,KXNEXTIRANLEADER-45JAN01-MMIR,2026-03-08T15:34:12.240017Z,10.00,0.0300,0.9700,no
b67ec271-b50b-7ac8-8323-ff2afe9f639f,KXNEXTIRANLEADER-45JAN01-MMIR,2026-03-08T15:29:13.103186Z,40.00,0.0500,0.9500,yes
04c5dc3e-a493-6da4-083b-86b5051cd0ef,KXNEXTIRANLEADER-45JAN01-MMIR,2026-03-08T15:10:31.884609Z,20.00,0.0500,0.9500,yes
d2705405-2582-4878-f0fd-64b0f9589fd2,KXNEXTIRANLEADER-45JAN01-MMIR,2026-03-08T15:08:05.311178Z,10.00,0.0500,0.9500,no
47d70cc5-8b91-5d79-2206-5388034ed1fa,KXNEXTIRANLEADER-45JAN01-MMIR,2026-03-08T15:04:05.833749Z,83.00,0.0600,0.9400,yes
68801b34-0d45-4221-0a85-0402f3d57ae2,KXNEXTIRANLEADER-45JAN01-MMIR,2026-03-08T15:03:29.68998Z,5.00,0.0600,0.9400,yes
6b66c6d0-7d51-5e26-f135-e5f3e4d64a00,KXNEXTIRANLEADER-45JAN01-MMIR,2026-03-08T14:57:57.677271Z,222.00,0.0300,0.9700,no
0bdf7a02-c0ea-518c-f698-dc6e93b8d0ad,KXNEXTIRANLEADER-45JAN01-MMIR,2026-03-08T14:57:57.677271Z,9.00,0.0400,0.9600,no
2acf34a9-748c-63ce-0cea-3b2a740ec655,KXNEXTIRANLEADER-45JAN01-MMIR,2026-03-08T14:53:05.208981Z,12.00,0.0800,0.9200,yes
eb5cbced-e904-4d22-fe60-c8e0d38a4f75,KXNEXTIRANLEADER-45JAN01-MMIR,2026-03-08T14:50:12.854928Z,62.00,0.0800,0.9200,yes
c23fbd64-b5e9-536a-f41e-50d2665fe209,KXNEXTIRANLEADER-45JAN01-MMIR,2026-03-08T14:40:58.704499Z,10.00,0.0700,0.9300,yes
e53e012d-7811-7a00-991f-d2fe7e5c87e4,KXNEXTIRANLEADER-45JAN01-MMIR,2026-03-08T14:18:41.527713Z,11.00,0.0900,0.9100,yes
492a2a12-3f6f-7a93-943f-bf2296186b02,KXNEXTIRANLEADER-45JAN01-MMIR,2026-03-08T14:18:41.527713Z,55.00,0.0900,0.9100,yes
183672e3-b345-79c1-8a88-c8d2bfa4a31d,KXNEXTIRANLEADER-45JAN01-MMIR,2026-03-08T14:18:41.527713Z,475.00,0.0900,0.9100,yes
120169ad-bea2-76e3-ae48-d8db11db7302,KXNEXTIRANLEADER-45JAN01-MMIR,2026-03-08T14:18:41.527713Z,16.00,0.0800,0.9200,yes
edc52317-e938-4deb-679b-2e354fd89a53,KXNEXTIRANLEADER-45JAN01-MMIR,2026-03-08T14:17:52.950866Z,250.00,0.0200,0.9800,no
e5d5b39f-55f0-4043-52f7-1264399c59da,KXNEXTIRANLEADER-45JAN01-MMIR,2026-03-08T14:17:52.950866Z,1.00,0.0400,0.9600,no
93b35b11-c49c-4933-63a3-55640bacac13,KXNEXTIRANLEADER-45JAN01-MMIR,2026-03-08T14:17:52.950866Z,6.00,0.0500,0.9500,no
79f6ade1-229f-49ba-6156-f29fbef2c5eb,KXNEXTIRANLEADER-45JAN01-MMIR,2026-03-08T14:17:52.950866Z,18.00,0.0300,0.9700,no
49655769-dba9-4a45-543a-269a309ea9a2,KXNEXTIRANLEADER-45JAN01-MMIR,2026-03-08T14:17:52.950866Z,17.00,0.0200,0.9800,no
3c0a13f6-5bcc-4968-67f7-03844677138b,KXNEXTIRANLEADER-45JAN01-MMIR,2026-03-08T14:17:52.950866Z,35.00,0.0400,0.9600,no
14ef0fe8-e116-40ac-4f27-b54defdf5501,KXNEXTIRANLEADER-45JAN01-MMIR,2026-03-08T14:17:52.950866Z,55.00,0.0300,0.9700,no
0d44c745-e1ad-4201-76d3-6f6bec22c25a,KXNEXTIRANLEADER-45JAN01-MMIR,2026-03-08T14:17:52.950866Z,10.00,0.0400,0.9600,no
31567534-de6a-5b5b-a0e8-5b31494eceba,KXNEXTIRANLEADER-45JAN01-MMIR,2026-03-08T14:13:29.21092Z,11.00,0.0900,0.9100,yes
fcd3b566-54f7-4e55-5d05-d793628a36b2,KXNEXTIRANLEADER-45JAN01-MMIR,2026-03-08T14:10:25.086964Z,19.00,0.1900,0.8100,yes
fc68b179-8b33-40be-5b80-2a84873f011f,KXNEXTIRANLEADER-45JAN01-MMIR,2026-03-08T14:10:25.086964Z,6.00,0.0900,0.9100,yes
e60e7145-d874-4f4e-704a-84377b33e99b,KXNEXTIRANLEADER-45JAN01-MMIR,2026-03-08T14:10:25.086964Z,75.00,0.2000,0.8000,yes
b38c8de7-5f8c-4cb2-7fc4-a6346575a8f5,KXNEXTIRANLEADER-45JAN01-MMIR,2026-03-08T14:10:25.086964Z,35.00,0.2000,0.8000,yes
82ff0bee-4e4a-45b1-4b79-574e14fbd26b,KXNEXTIRANLEADER-45JAN01-MMIR,2026-03-08T14:10:25.086964Z,7.00,0.1000,0.9000,yes
824eef8e-3504-440d-59a4-5db4a5e3ee48,KXNEXTIRANLEADER-45JAN01-MMIR,2026-03-08T14:10:25.086964Z,25.00,0.1100,0.8900,yes
54413663-e937-475f-4421-0555034f4a37,KXNEXTIRANLEADER-45JAN01-MMIR,2026-03-08T14:10:25.086964Z,111.00,0.0500,0.9500,yes
2a818956-a6ac-4239-6f26-8bdbfafd77ad,KXNEXTIRANLEADER-45JAN01-MMIR,2026-03-08T14:10:25.086964Z,37.00,0.2100,0.7900,yes
29fd6473-10b7-4cd4-6b61-3ff26ebfaa9b,KXNEXTIRANLEADER-45JAN01-MMIR,2026-03-08T14:10:25.086964Z,77.00,0.0900,0.9100,yes
58ef4b44-9138-500d-cbaf-538bcdaec205,KXNEXTIRANLEADER-45JAN01-MMIR,2026-03-08T14:02:28.498627Z,483.00,0.0200,0.9800,yes
0f2284ca-efcb-6479-397c-11c0ab9ffeb9,KXNEXTIRANLEADER-45JAN01-MMIR,2026-03-08T13:34:53.094856Z,17.00,0.0200,0.9800,no
41b9e3cb-0133-5b7f-3ee4-4787b45c681f,KXNEXTIRANLEADER-45JAN01-MMIR,2026-03-08T13:29:34.009331Z,39.00,0.0500,0.9500,yes
d0ee22ae-2b19-48f3-620f-db5039c3228f,KXNEXTIRANLEADER-45JAN01-MMIR,2026-03-08T13:22:58.811149Z,22.00,0.0200,0.9800,no
7348cc8e-d6af-49ab-bb20-173537d6c25f,KXNEXTIRANLEADER-45JAN01-MMIR,2026-03-08T13:18:06.748453Z,48.00,0.0500,0.9500,yes
03cc338b-d050-45b8-ad54-63167db6c6ff,KXNEXTIRANLEADER-45JAN01-MMIR,2026-03-08T13:18:06.748453Z,361.00,0.0500,0.9500,yes
6206a638-6340-5cfc-30f0-19aa0d7f2833,KXNEXTIRANLEADER-45JAN01-MMIR,2026-03-08T13:08:07.003839Z,50.00,0.0500,0.9500,yes
8528a1d7-be9f-5352-f5b0-88ebb1258df6,KXNEXTIRANLEADER-45JAN01-MMIR,2026-03-08T12:53:54.137536Z,10.00,0.0400,0.9600,yes
7c23ba50-c540-5c98-ef93-73add51fc873,KXNEXTIRANLEADER-45JAN01-MMIR,2026-03-08T12:53:54.137536Z,12.00,0.0500,0.9500,yes
f6ac882c-7bcf-786b-2e6b-4cf84e0da246,KXNEXTIRANLEADER-45JAN01-MMIR,2026-03-08T12:50:51.475514Z,103.00,0.0200,0.9800,no
aa968217-3b64-78b9-0444-0fde4ca9280e,KXNEXTIRANLEADER-45JAN01-MMIR,2026-03-08T12:50:51.475514Z,503.00,0.0100,0.9900,no
5533884e-5526-7b03-3f94-15edcc9f53d0,KXNEXTIRANLEADER-45JAN01-MMIR,2026-03-08T12:50:51.475514Z,27.00,0.0300,0.9700,no
39667173-b673-6d19-0a7f-accf76a01b77,KXNEXTIRANLEADER-45JAN01-MMIR,2026-03-08T12:34:21.857968Z,10.00,0.0400,0.9600,yes
2955da87-4334-6a5c-014f-db1806efbe9f,KXNEXTIRANLEADER-45JAN01-MMIR,2026-03-08T12:34:21.857968Z,32.00,0.0500,0.9500,yes
dd547934-a4e7-41b4-cd39-ed6f59b5f3ac,KXNEXTIRANLEADER-45JAN01-MMIR,2026-03-08T12:03:26.044473Z,754.00,0.0200,0.9800,no
9a51d771-fe9f-426f-c138-d2448bdd860e,KXNEXTIRANLEADER-45JAN01-MMIR,2026-03-08T12:03:26.044473Z,117.00,0.0200,0.9800,no
cc2280da-d79d-473d-fc85-74bdbdacf449,KXNEXTIRANLEADER-45JAN01-MMIR,2026-03-08T12:03:21.105293Z,24.00,0.0300,0.9700,no
a3c3293e-817f-43e0-d1a4-069386f974c7,KXNEXTIRANLEADER-45JAN01-MMIR,2026-03-08T12:03:21.105293Z,39.00,0.0300,0.9700,no
b6c4a901-3490-7dec-5556-96f28c671728,KXNEXTIRANLEADER-45JAN01-MMIR,2026-03-08T11:42:18.820978Z,101.00,0.0200,0.9800,no
832fe6c9-03cf-70cc-6128-12f3433e1dec,KXNEXTIRANLEADER-45JAN01-MMIR,2026-03-08T11:42:18.820978Z,246.00,0.0200,0.9800,no
ff0adce9-3394-4368-875a-b323361bc31f,KXNEXTIRANLEADER-45JAN01-MMIR,2026-03-08T11:27:24.414645Z,100.00,0.0500,0.9500,yes
e62e1f3c-8846-5803-ce66-d7b417f38488,KXNEXTIRANLEADER-45JAN01-MMIR,2026-03-08T11:26:13.32428Z,20.00,0.0200,0.9800,no
11c7742e-4d70-5158-e8e2-7100011fa434,KXNEXTIRANLEADER-45JAN01-MMIR,2026-03-08T11:26:13.32428Z,99.00,0.0200,0.9800,no
898f8795-e40a-69bf-7a69-054a4760abc4,KXNEXTIRANLEADER-45JAN01-MMIR,2026-03-08T11:20:52.047561Z,42.00,0.0200,0.9800,no
d9f322eb-267b-6ef2-4915-d88f7161babd,KXNEXTIRANLEADER-45JAN01-MMIR,2026-03-08T11:20:47.842888Z,26.00,0.0300,0.9700,no
bbdac80a-e190-6cd7-5440-970b21467585,KXNEXTIRANLEADER-45JAN01-MMIR,2026-03-08T11:20:43.204753Z,32.00,0.0400,0.9600,no
8ccfe1aa-d7ba-412f-67c9-c17689a16290,KXNEXTIRANLEADER-45JAN01-MMIR,2026-03-08T11:17:32.320218Z,28.00,0.0200,0.9800,no
5f5af8d7-25db-4f2c-5562-f87451d7a402,KXNEXTIRANLEADER-45JAN01-MMIR,2026-03-08T11:17:32.320218Z,9.00,0.0300,0.9700,no
56fb9447-a2ab-41bc-6028-d287e040e19e,KXNEXTIRANLEADER-45JAN01-MMIR,2026-03-08T11:17:32.320218Z,33.00,0.0400,0.9600,no
40cf3333-8004-5656-e6fe-50bba6d766b2,KXNEXTIRANLEADER-45JAN01-MMIR,2026-03-08T10:59:26.748995Z,25.00,0.0500,0.9500,yes
c89a331a-b700-63aa-1883-f498f9e679b2,KXNEXTIRANLEADER-45JAN01-MMIR,2026-03-08T10:58:29.32397Z,30.00,0.0500,0.9500,yes
4bf574d2-e468-5532-6692-e661847e60ee,KXNEXTIRANLEADER-45JAN01-MMIR,2026-03-08T10:41:30.167945Z,39.00,0.0500,0.9500,yes
e4112ad9-f4f0-6c5e-fa2b-ab5431e19fde,KXNEXTIRANLEADER-45JAN01-MMIR,2026-03-08T10:17:35.575544Z,77.00,0.0500,0.9500,yes
2eb75595-4e3b-6420-eba4-638dcf925bd9,KXNEXTIRANLEADER-45JAN01-MMIR,2026-03-08T10:17:35.575544Z,21.00,0.0500,0.9500,yes
98c40e0c-f919-681c-25f1-58ce3d17b63c,KXNEXTIRANLEADER-45JAN01-MMIR,2026-03-08T09:42:50.363607Z,5.00,0.0800,0.9200,yes
b3865040-e1d7-600c-fb3b-215189b285f2,KXNEXTIRANLEADER-45JAN01-MMIR,2026-03-08T09:36:58.57631Z,7.00,0.0400,0.9600,no
a39997eb-3878-6010-d413-41a0f0151295,KXNEXTIRANLEADER-45JAN01-MMIR,2026-03-08T09:36:58.57631Z,21.00,0.0500,0.9500,no
1a00576d-79ab-5660-93b1-0363eabacf2a,KXNEXTIRANLEADER-45JAN01-MMIR,2026-03-08T09:22:33.253685Z,11.00,0.0900,0.9100,yes
9c73eb65-ca44-74f6-e1b2-45ed6e5be353,KXNEXTIRANLEADER-45JAN01-MMIR,2026-03-08T09:20:48.525218Z,36.00,0.0700,0.9300,yes
40d880a1-e78e-72b3-faf8-fdceb0992378,KXNEXTIRANLEADER-45JAN01-MMIR,2026-03-08T09:20:48.525218Z,21.00,0.0600,0.9400,yes
392b19cb-fd48-7435-cf32-9f2fead2d08d,KXNEXTIRANLEADER-45JAN01-MMIR,2026-03-08T09:20:48.525218Z,43.00,0.1000,0.9000,yes
9d0a9615-bc4f-5400-b615-59160783d572,KXNEXTIRANLEADER-45JAN01-MMIR,2026-03-08T07:57:59.657438Z,20.00,0.0300,0.9700,no
e1a5d4cf-4389-49c5-fd5f-ac4e02444d39,KXNEXTIRANLEADER-45JAN01-MMIR,2026-03-08T07:55:51.148298Z,29.00,0.0600,0.9400,no
9e471814-bc4b-4965-ee4b-c124fc062527,KXNEXTIRANLEADER-45JAN01-MMIR,2026-03-08T07:55:51.148298Z,37.00,0.0600,0.9400,no
71653aa4-d726-49a6-c854-93d965c7b59f,KXNEXTIRANLEADER-45JAN01-MMIR,2026-03-08T07:55:51.148298Z,21.00,0.0600,0.9400,no
ffc5fdd7-bcf4-760c-6727-dea9e95f0db7,KXNEXTIRANLEADER-45JAN01-MMIR,2026-03-08T07:55:33.422288Z,17.00,0.0500,0.9500,no
f63d4820-f57e-7941-4fd5-5970a3eca43e,KXNEXTIRANLEADER-45JAN01-MMIR,2026-03-08T07:55:33.422288Z,35.00,0.1300,0.8700,no
b3a4ebdc-5117-710c-747f-3647e913d194,KXNEXTIRANLEADER-45JAN01-MMIR,2026-03-08T07:55:33.422288Z,20.00,0.0600,0.9400,no
b38d4371-6929-7548-6b04-016b3367d004,KXNEXTIRANLEADER-45JAN01-MMIR,2026-03-08T07:55:33.422288Z,33.00,0.0600,0.9400,no
1d01dd04-eaa5-7787-7dc4-3872566e9577,KXNEXTIRANLEADER-45JAN01-MMIR,2026-03-08T07:55:33.422288Z,55.00,0.0700,0.9300,no
17f93bed-1c04-7857-49a3-dc6532673ea7,KXNEXTIRANLEADER-45JAN01-MMIR,2026-03-08T07:55:33.422288Z,40.00,0.1200,0.8800,no
c864b5d8-4e50-4a5d-a128-574076c17258,KXNEXTIRANLEADER-45JAN01-MMIR,2026-03-08T07:55:01.755815Z,74.00,0.1100,0.8900,no
9164f74a-9252-4f41-adf0-ea9d721d4fd1,KXNEXTIRANLEADER-45JAN01-MMIR,2026-03-08T07:55:01.755815Z,71.00,0.2000,0.8000,no
8b8f75c7-5842-4779-8eb2-f0dc0a6ac125,KXNEXTIRANLEADER-45JAN01-MMIR,2026-03-08T07:55:01.755815Z,40.00,0.1600,0.8400,no
836dc752-0a1e-401c-84b8-fb363b5ed239,KXNEXTIRANLEADER-45JAN01-MMIR,2026-03-08T07:55:01.755815Z,3.00,0.2100,0.7900,no
4cddc21b-83c3-4b7b-b75d-2be316d8ef72,KXNEXTIRANLEADER-45JAN01-MMIR,2026-03-08T07:55:01.755815Z,60.00,0.1600,0.8400,no
42407235-cd7d-4fb0-9c04-a2a61acb8f10,KXNEXTIRANLEADER-45JAN01-MMIR,2026-03-08T07:55:01.755815Z,100.00,0.2000,0.8000,no
31dd4ae0-0115-416d-9a38-1a4b73229bdd,KXNEXTIRANLEADER-45JAN01-MMIR,2026-03-08T07:55:01.755815Z,115.00,0.1800,0.8200,no
1fb0a2b8-090d-4e61-9b78-d385e25109cc,KXNEXTIRANLEADER-45JAN01-MMIR,2026-03-08T07:55:01.755815Z,14.00,0.1900,0.8100,no
8f003e86-dc10-4b79-5e3f-fd06c26c9f5f,KXNEXTIRANLEADER-45JAN01-MMIR,2026-03-08T07:54:51.17659Z,2.00,0.2100,0.7900,yes
a7f84c59-41e0-7b31-9a2b-e3c3d5836cb7,KXNEXTIRANLEADER-45JAN01-MMIR,2026-03-08T07:54:51.082668Z,7.00,0.2100,0.7900,yes
616ea1cf-043c-6cf9-aa3f-4c33be89b05f,KXNEXTIRANLEADER-45JAN01-MMIR,2026-03-08T07:54:50.986817Z,9.00,0.2100,0.7900,yes
f4c6882c-7394-6575-ed18-6a49d804dd87,KXNEXTIRANLEADER-45JAN01-MMIR,2026-03-08T07:54:50.874987Z,11.00,0.2100,0.7900,yes
9636b117-5ddc-5919-fe3d-9d3e015359ce,KXNEXTIRANLEADER-45JAN01-MMIR,2026-03-08T07:54:24.99722Z,20.00,0.2100,0.7900,yes
79921a33-21c0-7f2e-d6d3-2efcc76a94b5,KXNEXTIRANLEADER-45JAN01-MMIR,2026-03-08T07:53:50.661769Z,29.00,0.2000,0.8000,yes
c506f4cb-f291-4bbe-2366-54875859cb21,KXNEXTIRANLEADER-45JAN01-MMIR,2026-03-08T07:53:31.819094Z,9.00,0.1700,0.8300,yes
9265f093-dc36-47b1-233b-24c1dc44d9e6,KXNEXTIRANLEADER-45JAN01-MMIR,2026-03-08T07:53:31.819094Z,71.00,0.1800,0.8200,yes
4669a01b-2dd8-4cb6-02be-110a1d9a3f3d,KXNEXTIRANLEADER-45JAN01-MMIR,2026-03-08T07:53:31.819094Z,5.00,0.1800,0.8200,yes
bef6796c-4890-6682-ff76-b3f1cb388ff5,KXNEXTIRANLEADER-45JAN01-MMIR,2026-03-08T07:53:15.93481Z,26.00,0.1100,0.8900,yes
1e165aeb-e19e-4466-4dd6-ea4868b9c231,KXNEXTIRANLEADER-45JAN01-MMIR,2026-03-08T07:49:43.942765Z,4.00,0.1000,0.9000,yes
a36bdc4f-55d3-72bd-7f2b-a718dde2e695,KXNEXTIRANLEADER-45JAN01-MMIR,2026-03-08T07:49:29.744686Z,2.00,0.1100,0.8900,no
75617089-8328-7d07-d896-362d9408be42,KXNEXTIRANLEADER-45JAN01-MMIR,2026-03-08T07:49:08.230963Z,3.00,0.0800,0.9200,no
7e8bded1-8ab8-77f4-c9cf-976a08c151a4,KXNEXTIRANLEADER-45JAN01-MMIR,2026-03-08T07:48:34.633646Z,13.00,0.1000,0.9000,no
215ced70-cb72-758e-ed02-5cf43167c603,KXNEXTIRANLEADER-45JAN01-MMIR,2026-03-08T07:48:34.633646Z,4.00,0.1100,0.8900,no
8e0e0e54-6a54-6cd3-436c-1a1f1ebdf472,KXNEXTIRANLEADER-45JAN01-MMIR,2026-03-08T07:48:26.412306Z,1434.00,0.2200,0.7800,yes
7513315e-1c74-6418-4169-7f16925a0c2c,KXNEXTIRANLEADER-45JAN01-MMIR,2026-03-08T07:48:26.412306Z,1143.00,0.1700,0.8300,yes
559fc8a3-9866-6e9b-440a-58e9d2859801,KXNEXTIRANLEADER-45JAN01-MMIR,2026-03-08T07:48:26.412306Z,20.00,0.1700,0.8300,yes
1eca180e-7424-64e5-7926-83377b5ee4bb,KXNEXTIRANLEADER-45JAN01-MMIR,2026-03-08T07:48:26.412306Z,15.00,0.1600,0.8400,yes
f3a7e943-3213-4d1a-04cd-439909ba6d33,KXNEXTIRANLEADER-45JAN01-MMIR,2026-03-08T07:48:13.925321Z,9.00,0.1500,0.8500,yes
c16ae5aa-8cf6-4780-08e7-566adb9b29dc,KXNEXTIRANLEADER-45JAN01-MMIR,2026-03-08T07:48:13.925321Z,6.00,0.1300,0.8700,yes
b3b7c7e2-0459-417d-351d-6672e8f8f086,KXNEXTIRANLEADER-45JAN01-MMIR,2026-03-08T07:48:13.925321Z,20.00,0.1600,0.8400,yes
acf7e2f4-538c-46f4-09b8-73b098c73d80,KXNEXTIRANLEADER-45JAN01-MMIR,2026-03-08T07:48:13.925321Z,357.00,0.1700,0.8300,yes
95b8cd13-e95f-49b2-389e-05fa9e723d7c,KXNEXTIRANLEADER-45JAN01-MMIR,2026-03-08T07:48:13.925321Z,55.00,0.1600,0.8400,yes
83b74ffd-fee6-44b9-0e86-f63cc9655ab1,KXNEXTIRANLEADER-45JAN01-MMIR,2026-03-08T07:48:13.925321Z,47.00,0.1500,0.8500,yes
77ff58df-7b45-423f-283a-1966014fb4ea,KXNEXTIRANLEADER-45JAN01-MMIR,2026-03-08T07:48:13.925321Z,55.00,0.1400,0.8600,yes
6206b678-4e90-4a42-2985-c8137aaa83e4,KXNEXTIRANLEADER-45JAN01-MMIR,2026-03-08T07:48:13.925321Z,17.00,0.1600,0.8400,yes
2ae815aa-578e-488c-0cec-d62257af913a,KXNEXTIRANLEADER-45JAN01-MMIR,2026-03-08T07:48:13.925321Z,30.00,0.1600,0.8400,yes
2a996630-5fa3-48cd-2cf8-96ab17e6ce49,KXNEXTIRANLEADER-45JAN01-MMIR,2026-03-08T07:48:13.925321Z,7.00,0.1400,0.8600,yes
2fdeb1fc-3720-6bb7-ef98-becf5f36eeda,KXNEXTIRANLEADER-45JAN01-MMIR,2026-03-08T07:18:29.019423Z,500.00,0.0500,0.9500,yes
c07a7762-2cf9-7546-c31b-032d0899e873,KXNEXTIRANLEADER-45JAN01-MMIR,2026-03-08T07:13:14.750899Z,91.00,0.0400,0.9600,yes
ba96cee6-bc38-7dab-cbea-828c97bce97e,KXNEXTIRANLEADER-45JAN01-MMIR,2026-03-08T07:13:14.750899Z,409.00,0.0400,0.9600,yes
b9e59324-908d-770a-d676-6dff81c042df,KXNEXTIRANLEADER-45JAN01-MMIR,2026-03-08T07:09:54.293885Z,1000.00,0.0400,0.9600,yes
0f889885-6041-59a2-9d8f-c7f77999b8e7,KXNEXTIRANLEADER-45JAN01-MMIR,2026-03-08T07:08:08.967092Z,25.00,0.0400,0.9600,yes
6c049950-9705-4030-bd94-67a67b560b2e,KXNEXTIRANLEADER-45JAN01-MMIR,2026-03-08T07:06:00.479695Z,780.00,0.0300,0.9700,yes
590b110d-7a91-6260-b91a-6ef0ec82652e,KXNEXTIRANLEADER-45JAN01-MMIR,2026-03-08T07:00:55.028368Z,1120.00,0.0300,0.9700,yes
c596a1d2-3f1a-5800-7cce-e22a5aae8b2e,KXNEXTIRANLEADER-45JAN01-MMIR,2026-03-08T05:50:20.430665Z,49.00,0.0300,0.9700,yes
8f109f80-4f29-5ed6-7292-60dc957d143f,KXNEXTIRANLEADER-45JAN01-MMIR,2026-03-08T05:50:20.430665Z,1.00,0.0400,0.9600,yes
9fd90e6b-0612-5a17-d5ba-8cb43e9f8afc,KXNEXTIRANLEADER-45JAN01-MMIR,2026-03-08T05:49:00.272707Z,12.00,0.0200,0.9800,no
e41ca191-c095-7ea6-cd23-bc3d4e0af3f3,KXNEXTIRANLEADER-45JAN01-MMIR,2026-03-08T05:18:28.361938Z,883.00,0.0400,0.9600,yes
2d03469c-40b2-7bab-ed9e-b72c362f3c3f,KXNEXTIRANLEADER-45JAN01-MMIR,2026-03-08T05:18:28.361938Z,774.00,0.0400,0.9600,yes
121f04c1-33dc-7fe2-f52d-d64d7ea37eb6,KXNEXTIRANLEADER-45JAN01-MMIR,2026-03-08T05:18:28.361938Z,842.00,0.0400,0.9600,yes
1ae36248-b4fe-760b-8088-a1394291cc14,KXNEXTIRANLEADER-45JAN01-MMIR,2026-03-08T03:51:37.806322Z,46.00,0.0200,0.9800,no
f9b57493-28b4-731a-6f44-c130159cd286,KXNEXTIRANLEADER-45JAN01-MMIR,2026-03-08T03:09:24.920597Z,10.00,0.0400,0.9600,yes
726b12d7-8a6c-7eee-bab4-589946bfd97a,KXNEXTIRANLEADER-45JAN01-MMIR,2026-03-08T03:06:20.304933Z,125.00,0.0400,0.9600,yes
7f44ad56-d504-7c2e-cca3-a59fb22034c6,KXNEXTIRANLEADER-45JAN01-MMIR,2026-03-08T02:49:25.918597Z,23.00,0.0400,0.9600,yes
0e684a7c-6aa5-67e7-c3b6-7964bef46aea,KXNEXTIRANLEADER-45JAN01-MMIR,2026-03-08T00:35:57.768308Z,2.00,0.0200,0.9800,yes
0defb6fb-033b-46af-779e-5cc7da337579,KXNEXTIRANLEADER-45JAN01-MMIR,2026-03-07T23:55:57.341373Z,1.00,0.0400,0.9600,yes
79b5ef37-416b-57e7-8cb6-d0d38c5c9b85,KXNEXTIRANLEADER-45JAN01-MMIR,2026-03-07T23:53:57.430695Z,250.00,0.0400,0.9600,yes
eb81716a-3f35-7e81-6f68-a8bedd75b321,KXNEXTIRANLEADER-45JAN01-MMIR,2026-03-07T23:41:45.935041Z,18.00,0.0200,0.9800,no
c45f75a0-f713-72c0-6ae6-bccf40babc4b,KXNEXTIRANLEADER-45JAN01-MMIR,2026-03-07T23:41:45.935041Z,500.00,0.0200,0.9800,no
46c62c36-6af2-78c9-48f0-d3ede25d5221,KXNEXTIRANLEADER-45JAN01-MMIR,2026-03-07T23:41:45.935041Z,372.00,0.0200,0.9800,no
344a465c-0268-7325-7f73-645d252ba536,KXNEXTIRANLEADER-45JAN01-MMIR,2026-03-07T23:41:45.935041Z,279.00,0.0100,0.9900,no
75df525d-3c26-571d-2f1a-3ea3bf009c5d,KXNEXTIRANLEADER-45JAN01-MMIR,2026-03-07T23:11:33.436978Z,450.00,0.0200,0.9800,no
ee20a4f9-f4e0-6a0c-0486-8097ba5a2ca0,KXNEXTIRANLEADER-45JAN01-MMIR,2026-03-07T23:05:55.618366Z,250.00,0.0200,0.9800,no
a2918b69-fc60-63f7-22c3-5dcab0d96ffa,KXNEXTIRANLEADER-45JAN01-MMIR,2026-03-07T23:05:55.618366Z,100.00,0.0400,0.9600,no
9aa638c3-a267-6bc6-3d69-d4bfdfc93326,KXNEXTIRANLEADER-45JAN01-MMIR,2026-03-07T23:05:55.618366Z,250.00,0.0300,0.9700,no
7c529b66-c09d-6435-36d7-715af12cbc63,KXNEXTIRANLEADER-45JAN01-MMIR,2026-03-07T23:05:55.618366Z,20.00,0.0200,0.9800,no
68933580-a4a0-6704-3d2a-658cda164fed,KXNEXTIRANLEADER-45JAN01-MMIR,2026-03-07T23:05:55.618366Z,500.00,0.0300,0.9700,no
4984267b-4739-6dc5-0cb0-eebe890358f8,KXNEXTIRANLEADER-45JAN01-MMIR,2026-03-07T23:05:55.618366Z,1.00,0.0400,0.9600,no
1821aefe-4c8a-69b1-173a-febc9404eb01,KXNEXTIRANLEADER-45JAN01-MMIR,2026-03-07T23:05:55.618366Z,178.00,0.0200,0.9800,no
c5fbb53a-ec03-5a15-2bec-4b8386f7fa32,KXNEXTIRANLEADER-45JAN01-MMIR,2026-03-07T23:00:16.946171Z,50.00,0.0500,0.9500,no
a7e8b601-dc75-48d2-7681-7a1c72c413c4,KXNEXTIRANLEADER-45JAN01-MMIR,2026-03-07T21:33:22.270829Z,46.00,0.0600,0.9400,no
38a9b90f-8536-60dc-2b7c-f854aabe53bd,KXNEXTIRANLEADER-45JAN01-MMIR,2026-03-07T21:07:04.715166Z,2.00,0.0600,0.9400,no
b1fc38bf-e1b7-5596-f3ec-2c1361c1e441,KXNEXTIRANLEADER-45JAN01-MMIR,2026-03-07T21:06:09.867969Z,8.00,0.0700,0.9300,yes
7251320a-f15c-51ea-ceec-5447e999fae3,KXNEXTIRANLEADER-45JAN01-MMIR,2026-03-07T21:06:09.867969Z,500.00,0.0800,0.9200,yes
c2aa0d9c-8bee-58c6-372f-7016ba5db616,KXNEXTIRANLEADER-45JAN01-MMIR,2026-03-07T20:58:02.902335Z,8.00,0.0700,0.9300,yes
983a204e-9ce1-5ee8-3dde-0b2b618e1dd2,KXNEXTIRANLEADER-45JAN01-MMIR,2026-03-07T20:58:02.902335Z,500.00,0.0700,0.9300,yes
fa179b12-da8a-42d7-c6e4-ed1fb0be095d,KXNEXTIRANLEADER-45JAN01-MMIR,2026-03-07T20:40:49.771189Z,3.00,0.0500,0.9500,no
caf678da-dfed-411e-f7ba-825fe366e8b9,KXNEXTIRANLEADER-45JAN01-MMIR,2026-03-07T20:40:49.771189Z,2.00,0.0500,0.9500,no
beb4e679-59f9-4f10-f4d5-d76b8665135d,KXNEXTIRANLEADER-45JAN01-MMIR,2026-03-07T20:40:49.771189Z,50.00,0.0500,0.9500,no
2ce883b5-96e5-4f9c-fa5e-8d798be70fc5,KXNEXTIRANLEADER-45JAN01-MMIR,2026-03-07T20:40:49.771189Z,1.00,0.0800,0.9200,no
2c7059a1-bb67-4c7f-e8e0-913ef1d480b5,KXNEXTIRANLEADER-45JAN01-MMIR,2026-03-07T20:40:49.771189Z,2.00,0.0700,0.9300,no
21f0aaee-bbcf-4677-d845-f7e90a65cf28,KXNEXTIRANLEADER-45JAN01-MMIR,2026-03-07T20:40:49.771189Z,45.00,0.0500,0.9500,no
1f2a5eea-6a3f-4cd4-dddb-e3970d8207ff,KXNEXTIRANLEADER-45JAN01-MMIR,2026-03-07T20:40:49.771189Z,2.00,0.0600,0.9400,no
96495a63-cb89-5546-a2d0-65f6e0c5d669,KXNEXTIRANLEADER-45JAN01-MMIR,2026-03-07T20:34:52.141007Z,1.00,0.1000,0.9000,yes
de862efd-9f69-4136-a4fc-703ad28cc40d,KXNEXTIRANLEADER-45JAN01-MMIR,2026-03-07T20:34:45.637123Z,1.00,0.1000,0.9000,yes
a125046e-85b1-762a-ca89-21a9a8dfb111,KXNEXTIRANLEADER-45JAN01-MMIR,2026-03-07T20:34:35.949698Z,1.00,0.1000,0.9000,yes
ae05c30a-df15-4e02-f424-961a6f872929,KXNEXTIRANLEADER-45JAN01-MMIR,2026-03-07T20:34:33.392026Z,1.00,0.1000,0.9000,yes
9aeed954-125a-70d1-d4f3-ed8e784f558c,KXNEXTIRANLEADER-45JAN01-MMIR,2026-03-07T20:34:28.157937Z,3.00,0.1100,0.8900,no
9834f652-25c4-754f-d503-1c1631928ec3,KXNEXTIRANLEADER-45JAN01-MMIR,2026-03-07T20:34:28.157937Z,1.00,0.1000,0.9000,no
549d40dc-94e1-43fe-5d66-e4c212ef6033,KXNEXTIRANLEADER-45JAN01-MMIR,2026-03-07T20:30:08.627743Z,5.00,0.1400,0.8600,yes
1f97f3d1-ce8b-4a1f-42fc-66c708351d41,KXNEXTIRANLEADER-45JAN01-MMIR,2026-03-07T20:30:08.627743Z,5.00,0.1500,0.8500,yes
8ef5bb70-6669-6dca-cf57-19b2dc58b79c,KXNEXTIRANLEADER-45JAN01-MMIR,2026-03-07T20:29:54.013155Z,5.00,0.1400,0.8600,yes
c118f476-52bb-4f71-7f89-df0e1f7e0f70,KXNEXTIRANLEADER-45JAN01-MMIR,2026-03-07T20:29:13.050711Z,3.00,0.1000,0.9000,no
76be3aad-0655-4832-4782-368d08e86247,KXNEXTIRANLEADER-45JAN01-MMIR,2026-03-07T20:29:13.050711Z,16.00,0.0500,0.9500,no
036a3561-b1d4-4b3a-703c-897d03a0dc41,KXNEXTIRANLEADER-45JAN01-MMIR,2026-03-07T20:29:13.050711Z,1.00,0.0600,0.9400,no
f256169c-8538-67bb-c76a-942c39b60e94,KXNEXTIRANLEADER-45JAN01-MMIR,2026-03-07T20:29:01.581458Z,2.00,0.1300,0.8700,yes
8c4cbbd6-4701-707b-710f-f6c8001b945b,KXNEXTIRANLEADER-45JAN01-MMIR,2026-03-07T20:28:45.713988Z,17.00,0.0500,0.9500,yes
20a29cce-c2a1-436b-e180-1137157cd267,KXNEXTIRANLEADER-45JAN01-MMIR,2026-03-07T20:28:23.662835Z,1.00,0.0500,0.9500,yes
ada4e2d4-f2b9-6a9f-5dc4-a7f8032d25f3,KXNEXTIRANLEADER-45JAN01-MMIR,2026-03-07T20:28:23.55227Z,1.00,0.0500,0.9500,yes
b8359170-3b1d-7ccf-965f-8aa71fa1f027,KXNEXTIRANLEADER-45JAN01-MMIR,2026-03-07T20:28:23.436051Z,1.00,0.0500,0.9500,yes
2facb03c-94c1-5a8b-eaf7-44e2e118e8b3,KXNEXTIRANLEADER-45JAN01-MMIR,2026-03-07T20:28:20.177608Z,1.00,0.0500,0.9500,yes
3d428f56-0bd4-6d02-b214-713e0d007e28,KXNEXTIRANLEADER-45JAN01-MMIR,2026-03-07T20:28:20.088358Z,1.00,0.0500,0.9500,no
098c6744-518e-659d-8a71-9f80660fed6e,KXNEXTIRANLEADER-45JAN01-MMIR,2026-03-07T20:28:20.088358Z,4.00,0.0500,0.9500,no
ce33d9c3-2952-5589-fb50-4953132158fb,KXNEXTIRANLEADER-45JAN01-MMIR,2026-03-07T20:24:48.940107Z,68.00,0.0900,0.9100,yes
c42ee0a6-8ac1-573f-f443-10ae372f2d6b,KXNEXTIRANLEADER-45JAN01-MMIR,2026-03-07T20:24:48.940107Z,500.00,0.0900,0.9100,yes
84190f44-d35d-50e5-c2da-94646eebe534,KXNEXTIRANLEADER-45JAN01-MMIR,2026-03-07T20:24:48.940107Z,8.00,0.0900,0.9100,yes
365b3a96-9915-51b7-c639-c603a1012c78,KXNEXTIRANLEADER-45JAN01-MMIR,2026-03-07T20:24:48.940107Z,74.00,0.1000,0.9000,yes
f4dfd626-ef31-4a99-1127-a01774cdde0e,KXNEXTIRANLEADER-45JAN01-MMIR,2026-03-07T20:15:50.041037Z,23.00,0.0400,0.9600,yes
c088bf8f-6768-47dc-3357-23d6c16e4d74,KXNEXTIRANLEADER-45JAN01-MMIR,2026-03-07T20:15:50.041037Z,1.00,0.0500,0.9500,yes
b3ea557f-cbb9-44d5-0499-59691475cbe1,KXNEXTIRANLEADER-45JAN01-MMIR,2026-03-07T20:15:50.041037Z,1551.00,0.0500,0.9500,yes
99cbe12a-fbfd-436a-3fc6-5b833874c7bd,KXNEXTIRANLEADER-45JAN01-MMIR,2026-03-07T20:15:50.041037Z,382.00,0.0500,0.9500,yes
28f6e178-412f-4c71-2ef2-218ae4920f67,KXNEXTIRANLEADER-45JAN01-MMIR,2026-03-07T20:15:50.041037Z,8.00,0.2900,0.7100,yes
3148a7b7-c5b0-5099-2f54-dadb438b9242,KXNEXTIRANLEADER-45JAN01-MMIR,2026-03-07T19:47:13.373474Z,1560.00,0.0100,0.9900,no
b8443c84-99f1-4161-74d1-26d0888cb84d,KXNEXTIRANLEADER-45JAN01-MMIR,2026-03-07T19:30:32.209507Z,2.00,0.0500,0.9500,yes
1bcb26f4-7b40-60f9-095b-ad2da00fc634,KXNEXTIRANLEADER-45JAN01-MMIR,2026-03-07T19:11:22.938689Z,12.00,0.0400,0.9600,yes
e646b537-271a-6f7b-5fdd-c18fe7e5439a,KXNEXTIRANLEADER-45JAN01-MMIR,2026-03-07T18:37:05.441636Z,1.00,0.0300,0.9700,yes
e0e792fd-cb9a-6c43-5851-a67d84f0a9f1,KXNEXTIRANLEADER-45JAN01-MMIR,2026-03-07T18:37:05.441636Z,49.00,0.0300,0.9700,yes
df92e512-80d4-6bfa-75ba-2b43ebb0c043,KXNEXTIRANLEADER-45JAN01-MMIR,2026-03-07T18:37:05.441636Z,2592.00,0.0300,0.9700,yes
be7d7d0f-c076-64fe-7036-a2069bcea55f,KXNEXTIRANLEADER-45JAN01-MMIR,2026-03-07T18:37:05.441636Z,500.00,0.0400,0.9600,yes
a1d67b76-c634-6af3-4220-64f01376e846,KXNEXTIRANLEADER-45JAN01-MMIR,2026-03-07T18:37:05.441636Z,500.00,0.0200,0.9800,yes
65330b36-7839-68fd-5d72-134601b7d285,KXNEXTIRANLEADER-45JAN01-MMIR,2026-03-07T18:37:05.441636Z,5947.00,0.0500,0.9500,yes
384a5a9d-8a8d-6207-4467-4872242e143a,KXNEXTIRANLEADER-45JAN01-MMIR,2026-03-07T18:37:05.441636Z,385.00,0.0200,0.9800,yes
1ea38d2e-a6ab-626a-4163-d4b73b8d826b,KXNEXTIRANLEADER-45JAN01-MMIR,2026-03-07T18:37:05.441636Z,1.00,0.0300,0.9700,yes
1842fccb-c836-6d88-5aa2-d2a69d911131,KXNEXTIRANLEADER-45JAN01-MMIR,2026-03-07T18:37:05.441636Z,25.00,0.0300,0.9700,yes
1110b5e8-5a7e-64da-38ef-9325949a78bf,KXNEXTIRANLEADER-45JAN01-MMIR,2026-03-07T18:26:52.486189Z,26.00,0.0200,0.9800,yes
6d797e71-9713-4110-7206-6ffdbf1a6b5b,KXNEXTIRANLEADER-45JAN01-MMIR,2026-03-07T18:26:11.233489Z,8.00,0.0200,0.9800,no
845d8308-00ec-7b11-8354-462a0fc0943a,KXNEXTIRANLEADER-45JAN01-MMIR,2026-03-07T18:24:41.254467Z,445.00,0.0100,0.9900,no
be440a6c-b430-7ee1-aa04-66aeddd6bb0b,KXNEXTIRANLEADER-45JAN01-MMIR,2026-03-07T18:24:33.921718Z,18.00,0.0200,0.9800,no
a7627a68-1e14-7e10-9bc7-0cdf47944077,KXNEXTIRANLEADER-45JAN01-MMIR,2026-03-07T18:24:33.921718Z,20.00,0.0200,0.9800,no
6dab8e3a-f8bd-7b93-819b-64da27203ec3,KXNEXTIRANLEADER-45JAN01-MMIR,2026-03-07T18:24:33.921718Z,17.00,0.0200,0.9800,no
563f2fbe-1310-69de-97ec-fb99d7ac1b3b,KXNEXTIRANLEADER-45JAN01-MMIR,2026-03-07T17:07:25.671876Z,2.00,0.0300,0.9700,yes
5ff52c30-ff58-506a-0b23-a92943e0e407,KXNEXTIRANLEADER-45JAN01-MMIR,2026-03-07T16:45:34.989883Z,406.00,0.0300,0.9700,yes
3c01cb5b-5765-5143-2762-5782c90058b8,KXNEXTIRANLEADER-45JAN01-MMIR,2026-03-07T16:45:34.989883Z,927.00,0.0300,0.9700,yes
fa32a590-5b2c-45e5-22b1-a8a5bcdcadcf,KXNEXTIRANLEADER-45JAN01-MMIR,2026-03-07T16:19:45.711023Z,10.00,0.0200,0.9800,no
8029cfaa-bfb0-70b1-453a-b6bdbc0b9e46,KXNEXTIRANLEADER-45JAN01-MMIR,2026-03-07T14:19:47.837685Z,666.00,0.0100,0.9900,no
953b9201-0494-7d7d-bfa2-154b5c2a6816,KXNEXTIRANLEADER-45JAN01-MMIR,2026-03-07T13:41:42.68307Z,390.00,0.0100,0.9900,no
d72a6656-d040-69e1-5f3d-af98ac270a56,KXNEXTIRANLEADER-45JAN01-MMIR,2026-03-07T02:36:50.917373Z,18.00,0.0100,0.9900,no
668ac17f-15bb-4f70-4fab-b59eda280625,KXNEXTIRANLEADER-45JAN01-MMIR,2026-03-07T02:26:20.824776Z,625.00,0.0200,0.9800,yes
25211f39-ad01-4d5b-8b71-77a901770478,KXNEXTIRANLEADER-45JAN01-MMIR,2026-03-07T01:08:13.892674Z,100.00,0.0300,0.9700,yes
a4d7cabf-1de9-4d9b-0c89-e62b82c60228,KXNEXTIRANLEADER-45JAN01-MMIR,2026-03-07T01:00:09.506548Z,6.00,0.0300,0.9700,yes
2b331b36-c1d5-59b7-0fce-aad155e3907c,KXNEXTIRANLEADER-45JAN01-MMIR,2026-03-07T00:36:15.656526Z,8.00,0.0300,0.9700,yes
fef95df5-10c1-7933-8043-2df1be8e221c,KXNEXTIRANLEADER-45JAN01-MMIR,2026-03-07T00:33:06.431204Z,19.00,0.0300,0.9700,yes
404fa0a3-3981-495d-092e-83a28db87abe,KXNEXTIRANLEADER-45JAN01-MMIR,2026-03-06T23:45:47.400405Z,100.00,0.0200,0.9800,no
f2b6c9c1-b60d-7f93-14f0-84eb5204f48c,KXNEXTIRANLEADER-45JAN01-MMIR,2026-03-06T20:44:53.242682Z,2.00,0.0300,0.9700,yes
f591d1c0-5763-7752-199c-5d2aabd2861b,KXNEXTIRANLEADER-45JAN01-MMIR,2026-03-06T20:37:05.405954Z,25.00,0.0100,0.9900,yes
d86c7758-f95b-4d72-c6d3-8e9a6db9baf3,KXNEXTIRANLEADER-45JAN01-MMIR,2026-03-06T19:38:37.783652Z,75.00,0.0100,0.9900,yes
126cfaba-13ec-4e23-f449-e9fb55eea340,KXNEXTIRANLEADER-45JAN01-MMIR,2026-03-06T19:38:37.783652Z,25.00,0.0100,0.9900,yes
fd2820c9-8a31-518c-e4bb-55df59ad773c,KXNEXTIRANLEADER-45JAN01-MMIR,2026-03-06T19:21:23.563978Z,5000.00,0.0100,0.9900,no
d9799ca5-049c-7548-9a81-989ed32334e0,KXNEXTIRANLEADER-45JAN01-MMIR,2026-03-06T18:51:42.495177Z,375.00,0.0100,0.9900,no
7ba682b7-31f9-7e4c-80d4-d1a9fcb952bf,KXNEXTIRANLEADER-45JAN01-MMIR,2026-03-06T18:51:42.495177Z,4.00,0.0100,0.9900,no
3d6e2163-6ed8-63a0-ac28-4c8aa2f6df8c,KXNEXTIRANLEADER-45JAN01-MMIR,2026-03-06T18:32:48.097647Z,125.00,0.0100,0.9900,no
bb918301-0cc3-7e3b-ccb7-5055c2b3bdf3,KXNEXTIRANLEADER-45JAN01-MMIR,2026-03-06T18:32:45.722793Z,200.00,0.0200,0.9800,yes
69713440-92d0-71a1-f388-55024e6e498b,KXNEXTIRANLEADER-45JAN01-MMIR,2026-03-06T18:32:45.722793Z,629.00,0.0200,0.9800,yes
4b6d0ebe-2265-78ab-c671-8090664c3490,KXNEXTIRANLEADER-45JAN01-MMIR,2026-03-06T18:32:45.722793Z,938.00,0.0300,0.9700,yes
4ad425a9-ee62-77d0-e48e-f3eb90ade7b5,KXNEXTIRANLEADER-45JAN01-MMIR,2026-03-06T18:32:45.722793Z,200.00,0.0200,0.9800,yes
19a57f6f-b2b8-7ac3-ef8d-8c79814fd775,KXNEXTIRANLEADER-45JAN01-MMIR,2026-03-06T18:32:45.722793Z,64.00,0.0200,0.9800,yes
f748f9aa-145d-71cb-531e-6986bc9fae77,KXNEXTIRANLEADER-45JAN01-MMIR,2026-03-06T17:39:52.058808Z,25.00,0.0200,0.9800,yes
e8569643-d462-766a-46f0-91e2f52e67d2,KXNEXTIRANLEADER-45JAN01-MMIR,2026-03-06T17:39:52.058808Z,25.00,0.0200,0.9800,yes
cedf2ad5-f43a-7e43-ce8f-a35778ed1a5d,KXNEXTIRANLEADER-45JAN01-MMIR,2026-03-06T15:42:34.949693Z,30.00,0.0200,0.9800,no
9bcc7b13-66f9-768a-ea18-b732e1959f73,KXNEXTIRANLEADER-45JAN01-MMIR,2026-03-06T15:42:34.949693Z,11.00,0.0200,0.9800,no
ee51ae3b-ba72-58de-0e92-9d459e4a5f6a,KXNEXTIRANLEADER-45JAN01-MMIR,2026-03-06T14:44:45.857271Z,55.00,0.0200,0.9800,no
d575265a-53f1-5c0c-39cf-cf019c0ac72e,KXNEXTIRANLEADER-45JAN01-MMIR,2026-03-06T14:44:45.857271Z,13.00,0.0200,0.9800,no
15be6827-72e5-5d6e-06b2-0ee7fe8f671f,KXNEXTIRANLEADER-45JAN01-MMIR,2026-03-06T14:44:45.857271Z,55.00,0.0200,0.9800,no
bec6be9c-3574-54e9-da15-fc0dff161d3f,KXNEXTIRANLEADER-45JAN01-MMIR,2026-03-06T14:42:17.792401Z,166.00,0.0300,0.9700,yes
a654a957-cad4-452a-02c4-000ee644fc51,KXNEXTIRANLEADER-45JAN01-MMIR,2026-03-06T14:34:49.432317Z,25.00,0.0300,0.9700,yes
628acccb-7a24-4c51-11cf-87a1c864b41b,KXNEXTIRANLEADER-45JAN01-MMIR,2026-03-06T14:34:49.432317Z,305.00,0.0300,0.9700,yes
3b3b10dc-bce8-488e-1152-7a8b32df8274,KXNEXTIRANLEADER-45JAN01-MMIR,2026-03-06T14:34:49.432317Z,336.00,0.0300,0.9700,yes
958b95be-34f0-729e-cbf6-cc357a974374,KXNEXTIRANLEADER-45JAN01-MMIR,2026-03-06T14:25:18.932028Z,290.00,0.0300,0.9700,yes
168dee83-e420-7824-fcf5-bac0de73b64c,KXNEXTIRANLEADER-45JAN01-MMIR,2026-03-06T14:25:18.932028Z,43.00,0.0300,0.9700,yes
b1f46f42-213c-5aec-edaa-7e77eddd5100,KXNEXTIRANLEADER-45JAN01-MMIR,2026-03-06T14:10:26.84026Z,5.00,0.0300,0.9700,yes
8ee0ec8d-fc60-4928-b666-7b905bc93098,KXNEXTIRANLEADER-45JAN01-MMIR,2026-03-06T14:10:18.027809Z,9.00,0.0300,0.9700,yes
45dee867-d0c7-445d-a8c7-4389310e61c6,KXNEXTIRANLEADER-45JAN01-MMIR,2026-03-06T14:10:18.027809Z,1.00,0.0300,0.9700,yes
123c80bf-8a7a-5ae6-e12d-d08462f4c497,KXNEXTIRANLEADER-45JAN01-MMIR,2026-03-06T14:10:03.340411Z,5.00,0.0300,0.9700,yes
0251de4d-7b4a-79d2-7b27-3ea34e69f8f2,KXNEXTIRANLEADER-45JAN01-MMIR,2026-03-06T10:32:04.156687Z,218.00,0.0200,0.9800,no
20e2561b-5336-4f0a-6e61-0f140abf7d1a,KXNEXTIRANLEADER-45JAN01-MMIR,2026-03-06T08:16:42.59638Z,10.00,0.0200,0.9800,no
8cce2763-a91a-5030-964a-d2617cd0c100,KXNEXTIRANLEADER-45JAN01-MMIR,2026-03-06T02:36:16.117956Z,291.00,0.0300,0.9700,yes
0e7942e7-7a1f-5747-8fa9-432f033c365a,KXNEXTIRANLEADER-45JAN01-MMIR,2026-03-06T02:36:16.117956Z,124.00,0.0300,0.9700,yes
043aaeb5-cbe3-53a7-aef6-a6548ec835b8,KXNEXTIRANLEADER-45JAN01-MMIR,2026-03-06T02:36:16.117956Z,18.00,0.0300,0.9700,yes
51817d0c-8f63-53f7-2f31-1ff236420c6e,KXNEXTIRANLEADER-45JAN01-MMIR,2026-03-06T02:05:54.788512Z,666.00,0.0300,0.9700,yes
ef8a2f1d-6cd6-4ace-86de-0f5b0ac5f66a,KXNEXTIRANLEADER-45JAN01-MMIR,2026-03-06T01:48:03.094077Z,50.00,0.0200,0.9800,no
e701d460-be8a-4ad0-a832-1ca1d7bc1a09,KXNEXTIRANLEADER-45JAN01-MMIR,2026-03-06T01:48:03.094077Z,1369.00,0.0200,0.9800,no
6dcb1dff-9a7b-44d2-bb5f-2af877f401ff,KXNEXTIRANLEADER-45JAN01-MMIR,2026-03-06T01:48:03.094077Z,14.00,0.0200,0.9800,no
0bcb64bc-14c2-5e7d-ad2d-26e261ce1565,KXNEXTIRANLEADER-45JAN01-MMIR,2026-03-06T01:46:27.782719Z,374.00,0.0300,0.9700,no
fe5cb42f-d82a-44c8-7391-87ff7b0cf034,KXNEXTIRANLEADER-45JAN01-MMIR,2026-03-05T22:55:01.051317Z,500.00,0.0300,0.9700,yes
fcb464da-e1a5-44ed-5cab-916a9b2631e4,KXNEXTIRANLEADER-45JAN01-MMIR,2026-03-05T22:55:01.051317Z,250.00,0.0300,0.9700,yes
f9a1ac25-833b-4bd1-7b66-ed1edb5e11bc,KXNEXTIRANLEADER-45JAN01-MMIR,2026-03-05T22:55:01.051317Z,138.00,0.0300,0.9700,yes
f3ba2b3b-10dc-4505-438f-938faff455bf,KXNEXTIRANLEADER-45JAN01-MMIR,2026-03-05T22:55:01.051317Z,4.00,0.0300,0.9700,yes
c4d63608-e8c3-4ff4-5142-3c090e937b13,KXNEXTIRANLEADER-45JAN01-MMIR,2026-03-05T22:55:01.051317Z,394.00,0.0300,0.9700,yes
a379fbdc-bdd1-4648-7d0b-ae3f862a2438,KXNEXTIRANLEADER-45JAN01-MMIR,2026-03-05T22:55:01.051317Z,250.00,0.0300,0.9700,yes
986324d0-089b-4977-6fb1-5406452e0805,KXNEXTIRANLEADER-45JAN01-MMIR,2026-03-05T22:55:01.051317Z,250.00,0.0300,0.9700,yes
7b39349d-adc4-4a2d-6f86-8cb95e062508,KXNEXTIRANLEADER-45JAN01-MMIR,2026-03-05T22:55:01.051317Z,150.00,0.0300,0.9700,yes
787be812-3a68-4d88-5c4f-d289af780026,KXNEXTIRANLEADER-45JAN01-MMIR,2026-03-05T22:55:01.051317Z,25.00,0.0300,0.9700,yes
6b8d3153-d0e1-4c8b-4e3b-da58bc486a70,KXNEXTIRANLEADER-45JAN01-MMIR,2026-03-05T22:55:01.051317Z,800.00,0.0300,0.9700,yes
5b481dfc-3855-48db-6551-2adf59eb4439,KXNEXTIRANLEADER-45JAN01-MMIR,2026-03-05T22:55:01.051317Z,100.00,0.0300,0.9700,yes
57919dc1-4d32-4bd1-5398-0e2d5747ad29,KXNEXTIRANLEADER-45JAN01-MMIR,2026-03-05T22:55:01.051317Z,250.00,0.0300,0.9700,yes
52d1def7-cdcd-427b-61de-e0d4d96a2075,KXNEXTIRANLEADER-45JAN01-MMIR,2026-03-05T22:55:01.051317Z,500.00,0.0300,0.9700,yes
321431fd-ab8d-411b-5c54-5e54ef589a42,KXNEXTIRANLEADER-45JAN01-MMIR,2026-03-05T22:55:01.051317Z,250.00,0.0300,0.9700,yes
306c0ae3-eafd-447c-6e31-a6e69a8d006d,KXNEXTIRANLEADER-45JAN01-MMIR,2026-03-05T22:55:01.051317Z,500.00,0.0300,0.9700,yes
2f66c13c-0616-432e-4c25-c851281d6782,KXNEXTIRANLEADER-45JAN01-MMIR,2026-03-05T22:55:01.051317Z,250.00,0.0300,0.9700,yes
21e2bcca-e75d-4905-4d10-0730127803d1,KXNEXTIRANLEADER-45JAN01-MMIR,2026-03-05T22:55:01.051317Z,404.00,0.0300,0.9700,yes
1ee6332b-e768-4500-786a-d117174bcf10,KXNEXTIRANLEADER-45JAN01-MMIR,2026-03-05T22:55:01.051317Z,270.00,0.0300,0.9700,yes
17ac5859-ab54-47af-535f-d3af5f973aa7,KXNEXTIRANLEADER-45JAN01-MMIR,2026-03-05T22:55:01.051317Z,250.00,0.0300,0.9700,yes
0e162742-c0f8-41e1-6675-2ee562f44ea4,KXNEXTIRANLEADER-45JAN01-MMIR,2026-03-05T22:55:01.051317Z,8.00,0.0300,0.9700,yes
01d65ea2-b945-49d0-56f7-939f7e200e36,KXNEXTIRANLEADER-45JAN01-MMIR,2026-03-05T22:55:01.051317Z,64.00,0.0300,0.9700,yes
69b6f512-917c-6384-f47e-e8d1a1ab5e2c,KXNEXTIRANLEADER-45JAN01-MMIR,2026-03-05T20:41:23.992787Z,5.00,0.0300,0.9700,yes
4147443e-39c6-4e40-1c30-994973044229,KXNEXTIRANLEADER-45JAN01-MMIR,2026-03-05T20:40:08.250984Z,25.00,0.0200,0.9800,no
9c950b50-2fb6-763c-9714-fa91e80a4b51,KXNEXTIRANLEADER-45JAN01-MMIR,2026-03-05T19:25:07.430021Z,212.00,0.0200,0.9800,no
96aeb311-d98e-72d8-8c1d-c3587698390d,KXNEXTIRANLEADER-45JAN01-MMIR,2026-03-05T18:48:33.665265Z,200.00,0.0200,0.9800,no
4e24ab03-883e-4b08-4d33-b648af58c4c5,KXNEXTIRANLEADER-45JAN01-MMIR,2026-03-05T17:24:48.913654Z,775.00,0.0200,0.9800,no
abd7e747-9da6-66b0-c245-31ca0f243395,KXNEXTIRANLEADER-45JAN01-MMIR,2026-03-05T17:13:04.227396Z,100.00,0.0200,0.9800,no
3134c213-01ba-6ea4-4860-cf35106c14ed,KXNEXTIRANLEADER-45JAN01-MMIR,2026-03-05T17:02:52.846396Z,400.00,0.0200,0.9800,no
5af89eed-93ba-6178-5168-3fd52a8ad979,KXNEXTIRANLEADER-45JAN01-MMIR,2026-03-05T16:52:08.041826Z,1000.00,0.0200,0.9800,no
6a3cd86d-2886-7f8c-34f9-ad9671baff81,KXNEXTIRANLEADER-45JAN01-MMIR,2026-03-05T16:42:27.028252Z,600.00,0.0200,0.9800,no
433b24f8-e03e-59f0-d2b6-b482c71ccbf1,KXNEXTIRANLEADER-45JAN01-MMIR,2026-03-05T16:31:10.765484Z,500.00,0.0200,0.9800,no
ccb1310f-eb52-5b74-1ca9-ce97e6dc43ed,KXNEXTIRANLEADER-45JAN01-MMIR,2026-03-05T15:55:57.717357Z,100.00,0.0200,0.9800,no
56de8044-9352-4be8-8f13-a566c52b7231,KXNEXTIRANLEADER-45JAN01-MMIR,2026-03-05T15:37:56.306439Z,5.00,0.0200,0.9800,no
fde36cf5-0eae-47ec-2dde-346f29be61b1,KXNEXTIRANLEADER-45JAN01-MMIR,2026-03-05T15:08:18.401976Z,100.00,0.0200,0.9800,no
4594700d-31ec-57c8-9487-1f51eb3c6070,KXNEXTIRANLEADER-45JAN01-MMIR,2026-03-05T14:27:13.993397Z,2.00,0.0300,0.9700,yes
c5f60787-6310-5af4-1eca-047fc35df3f4,KXNEXTIRANLEADER-45JAN01-MMIR,2026-03-05T14:14:26.746099Z,3.00,0.0300,0.9700,yes
eafd3197-4a52-7f94-b110-172483852f1d,KXNEXTIRANLEADER-45JAN01-MMIR,2026-03-05T14:04:22.7518Z,500.00,0.0200,0.9800,no
a3f33b37-942e-52d0-8ffd-d5770e3b4355,KXNEXTIRANLEADER-45JAN01-MMIR,2026-03-05T13:35:45.437273Z,186.00,0.0200,0.9800,no
6022b61f-4e04-47bc-89c6-df773898dae4,KXNEXTIRANLEADER-45JAN01-MMIR,2026-03-05T12:39:06.990767Z,4.00,0.0300,0.9700,yes
68b7f5d2-5658-7574-5951-586e3c3ef848,KXNEXTIRANLEADER-45JAN01-MMIR,2026-03-05T12:06:17.034985Z,10.00,0.0300,0.9700,yes
35975b3b-c050-659c-e7f9-5e4c9dd24eb0,KXNEXTIRANLEADER-45JAN01-MMIR,2026-03-05T12:05:58.802326Z,6.00,0.0300,0.9700,yes
01abf78f-07ba-7578-fbcd-18005c678a2d,KXNEXTIRANLEADER-45JAN01-MMIR,2026-03-05T10:00:07.330178Z,6.00,0.0200,0.9800,no
48369be7-bb26-5590-1a40-db3097540c91,KXNEXTIRANLEADER-45JAN01-MMIR,2026-03-05T10:00:02.146208Z,8.00,0.0200,0.9800,no
4ef90e0f-4e4e-6e8c-d139-597b0db05c89,KXNEXTIRANLEADER-45JAN01-MMIR,2026-03-05T10:00:00.919989Z,2.00,0.0200,0.9800,no
8ef59e0e-5f1c-4688-c8c5-a100780e1ea8,KXNEXTIRANLEADER-45JAN01-MMIR,2026-03-05T06:00:19.621155Z,3.00,0.0300,0.9700,yes
b2b17faf-54e6-7bfc-c0ce-739f9d2f95b9,KXNEXTIRANLEADER-45JAN01-MMIR,2026-03-05T04:32:18.425101Z,10.00,0.0200,0.9800,no
a36e073b-82be-507c-1c15-07c5b30e6f81,KXNEXTIRANLEADER-45JAN01-MMIR,2026-03-05T04:31:21.680775Z,14.00,0.0200,0.9800,no
42557578-c712-5838-f8a9-5a1f37418fa1,KXNEXTIRANLEADER-45JAN01-MMIR,2026-03-05T04:31:20.45268Z,6.00,0.0200,0.9800,no
7cdc5fc0-4d24-59d8-543b-1fd66e69c1d4,KXNEXTIRANLEADER-45JAN01-MMIR,2026-03-05T04:31:16.068634Z,197.00,0.0300,0.9700,yes
01d24e4f-d0bb-5522-7be6-b0f26b4aa25b,KXNEXTIRANLEADER-45JAN01-MMIR,2026-03-05T04:31:16.068634Z,803.00,0.0300,0.9700,yes
307cecb8-7fde-7b94-d2f6-2237c4183a05,KXNEXTIRANLEADER-45JAN01-MMIR,2026-03-05T04:31:11.566945Z,10.00,0.0200,0.9800,no
c87faaab-490b-67da-d3fb-fa1504ce8ee7,KXNEXTIRANLEADER-45JAN01-MMIR,2026-03-05T04:31:10.745393Z,33.00,0.0300,0.9700,yes
ea7a541b-d57e-7f00-27c8-c48f33508019,KXNEXTIRANLEADER-45JAN01-MMIR,2026-03-05T04:30:48.879398Z,14.00,0.0200,0.9800,no
9dc5c298-9b5a-6aec-c7be-1bfbc9c1d9dd,KXNEXTIRANLEADER-45JAN01-MMIR,2026-03-05T04:30:41.151698Z,5.00,0.0200,0.9800,no
183c9215-bf9a-5d48-744b-8109c6a1850d,KXNEXTIRANLEADER-45JAN01-MMIR,2026-03-05T04:30:27.093031Z,195.00,0.0200,0.9800,no
4bf52ef5-e006-6c14-9ba7-cc35a5009de1,KXNEXTIRANLEADER-45JAN01-MMIR,2026-03-05T04:30:16.90068Z,10.00,0.0200,0.9800,no
b201ff9a-07c6-5914-ef3d-7a6454f5603d,KXNEXTIRANLEADER-45JAN01-MMIR,2026-03-05T04:30:00.971763Z,717.00,0.0200,0.9800,no
180a6a47-bbce-7cdc-43d2-a5148e1de6b5,KXNEXTIRANLEADER-45JAN01-MMIR,2026-03-05T04:29:44.325829Z,104.00,0.0200,0.9800,no
84dd7b01-fe8e-67d4-860e-d2a5762f7b49,KXNEXTIRANLEADER-45JAN01-MMIR,2026-03-05T04:27:51.007025Z,10.00,0.0200,0.9800,no
951ce42c-163a-600c-afd8-98e48db114d1,KXNEXTIRANLEADER-45JAN01-MMIR,2026-03-05T04:26:44.384258Z,10.00,0.0200,0.9800,no
73c47ae1-5de2-57ec-7020-f1630dd9937d,KXNEXTIRANLEADER-45JAN01-MMIR,2026-03-05T04:25:37.777762Z,10.00,0.0200,0.9800,no
3a64e577-2c3e-66ec-6033-58ffaf4e5239,KXNEXTIRANLEADER-45JAN01-MMIR,2026-03-05T04:25:13.861148Z,20.00,0.0200,0.9800,no
947ec86b-f1cb-4aca-122c-210bae02791b,KXNEXTIRANLEADER-45JAN01-MMIR,2026-03-05T04:22:43.251007Z,333.00,0.0300,0.9700,yes
914f9e84-18be-53ec-8ee8-c6d6ed6178f1,KXNEXTIRANLEADER-45JAN01-MMIR,2026-03-05T03:40:35.352039Z,24.00,0.0200,0.9800,no
20343d28-1af6-46a8-c90c-af8f27b8bc8d,KXNEXTIRANLEADER-45JAN01-MMIR,2026-03-05T03:39:19.579022Z,40.00,0.0200,0.9800,no
997c0c82-049e-7b88-86aa-1df31f4aa24d,KXNEXTIRANLEADER-45JAN01-MMIR,2026-03-05T03:39:13.795848Z,10.00,0.0200,0.9800,no
25884e34-63ae-4fbc-ba5b-f2c2869594cd,KXNEXTIRANLEADER-45JAN01-MMIR,2026-03-05T03:39:08.460058Z,40.00,0.0200,0.9800,no
f312ceb3-f6e6-44e8-5d0b-9a1da466577d,KXNEXTIRANLEADER-45JAN01-MMIR,2026-03-05T03:39:04.90629Z,20.00,0.0200,0.9800,no
4814805b-719e-4450-aecc-9c078a48bdfd,KXNEXTIRANLEADER-45JAN01-MMIR,2026-03-05T03:38:47.952952Z,21.00,0.0200,0.9800,no
3235d075-99c2-6754-0f9f-78a863396fd1,KXNEXTIRANLEADER-45JAN01-MMIR,2026-03-05T03:38:17.86686Z,60.00,0.0200,0.9800,no
c5049fd7-494e-5868-4302-f18278e3a16d,KXNEXTIRANLEADER-45JAN01-MMIR,2026-03-05T03:37:42.85898Z,10.00,0.0200,0.9800,no
7989d612-25ea-5234-1e6d-d609e5e491b9,KXNEXTIRANLEADER-45JAN01-MMIR,2026-03-05T03:37:11.46441Z,10.00,0.0200,0.9800,no
6160b0ee-92ae-5310-bb65-0f24405d3a71,KXNEXTIRANLEADER-45JAN01-MMIR,2026-03-05T03:37:03.758739Z,9.00,0.0200,0.9800,no
3372674c-fd18-7763-7b82-a57ef9c4d69f,KXNEXTIRANLEADER-45JAN01-MMIR,2026-03-05T03:36:04.15802Z,36.00,0.0300,0.9700,no
8320bee8-e9d6-409c-1611-4ad6690ab7f1,KXNEXTIRANLEADER-45JAN01-MMIR,2026-03-05T03:35:59.763578Z,60.00,0.0200,0.9800,no
af68e54b-8bc6-7b94-9f09-bf40bf9d5a6d,KXNEXTIRANLEADER-45JAN01-MMIR,2026-03-05T03:34:20.268928Z,10.00,0.0200,0.9800,no
45bd7163-736a-77a4-a9b5-b99df0b191e1,KXNEXTIRANLEADER-45JAN01-MMIR,2026-03-05T03:34:08.073605Z,10.00,0.0200,0.9800,no
92eb0bd2-82ee-431c-e93f-67083c051091,KXNEXTIRANLEADER-45JAN01-MMIR,2026-03-05T03:33:39.893792Z,10.00,0.0200,0.9800,no
8e0102b5-0f86-707c-f289-1b047cca2639,KXNEXTIRANLEADER-45JAN01-MMIR,2026-03-05T03:33:35.516407Z,7.00,0.0200,0.9800,no
3f969522-51c0-750e-2431-f912591b5d88,KXNEXTIRANLEADER-45JAN01-MMIR,2026-03-05T03:33:07.305195Z,10.00,0.0300,0.9700,no
66ee4a0d-f0e2-7f58-031f-2d47fed62e69,KXNEXTIRANLEADER-45JAN01-MMIR,2026-03-05T03:27:49.459935Z,10.00,0.0200,0.9800,no
c39175a9-c40c-537b-6fb7-99bd708a5e0f,KXNEXTIRANLEADER-45JAN01-MMIR,2026-03-05T03:21:11.175807Z,10.00,0.0300,0.9700,no
73bb2c4c-72a8-745f-ecb7-cd4a274b3883,KXNEXTIRANLEADER-45JAN01-MMIR,2026-03-05T03:20:38.813666Z,5.00,0.0300,0.9700,no
31adb293-9722-59f8-107f-b3914f745231,KXNEXTIRANLEADER-45JAN01-MMIR,2026-03-05T03:18:00.695794Z,10.00,0.0200,0.9800,no
e52c7e01-8772-7528-9b04-7be811e21895,KXNEXTIRANLEADER-45JAN01-MMIR,2026-03-05T03:16:59.705136Z,10.00,0.0200,0.9800,no
3ebb233f-bcea-666e-1468-1f334740d0a3,KXNEXTIRANLEADER-45JAN01-MMIR,2026-03-05T02:49:29.12738Z,25.00,0.0300,0.9700,yes
8c08f7c1-a562-62c4-9195-8e3d38ec45f5,KXNEXTIRANLEADER-45JAN01-MMIR,2026-03-05T02:13:11.905199Z,46.00,0.0200,0.9800,no
410e17ab-9c2e-564c-24d8-d5acb669a4ce,KXNEXTIRANLEADER-45JAN01-MMIR,2026-03-05T01:29:05.972893Z,8.00,0.0400,0.9600,yes
0e9524bc-66bb-546b-15a8-d707e051ce88,KXNEXTIRANLEADER-45JAN01-MMIR,2026-03-05T01:29:05.972893Z,4.00,0.0400,0.9600,yes
af642e23-b703-41fe-9b35-cecd60c8edf3,KXNEXTIRANLEADER-45JAN01-MMIR,2026-03-05T00:09:39.885617Z,14.00,0.0300,0.9700,no
8fd6b7d0-d08a-4888-36af-7bcb43aa6169,KXNEXTIRANLEADER-45JAN01-MMIR,2026-03-04T22:32:08.252493Z,16.00,0.0200,0.9800,no
2650f0f4-0e04-4446-3247-49033b5893f3,KXNEXTIRANLEADER-45JAN01-MMIR,2026-03-04T22:32:08.252493Z,30.00,0.0300,0.9700,no
d8d4e38d-2b03-59a9-a0c6-7e1b704cddc5,KXNEXTIRANLEADER-45JAN01-MMIR,2026-03-04T22:08:14.876906Z,1000.00,0.0300,0.9700,yes
c2a37a7b-4acc-5705-b978-0bdb9b54a90f,KXNEXTIRANLEADER-45JAN01-MMIR,2026-03-04T22:08:14.876906Z,41.00,0.0300,0.9700,yes
9b809e20-0a18-5762-95e3-9669e74370e9,KXNEXTIRANLEADER-45JAN01-MMIR,2026-03-04T22:08:14.876906Z,1.00,0.0300,0.9700,yes
99be56e1-cfca-5b84-824e-865f3fe88c77,KXNEXTIRANLEADER-45JAN01-MMIR,2026-03-04T22:08:14.876906Z,500.00,0.0300,0.9700,yes
7297868e-bad9-51a1-9653-fad5d852761e,KXNEXTIRANLEADER-45JAN01-MMIR,2026-03-04T22:08:14.876906Z,700.00,0.0300,0.9700,yes
6b93e1fe-71c5-5b83-bd16-48c6ec3475bf,KXNEXTIRANLEADER-45JAN01-MMIR,2026-03-04T22:08:14.876906Z,433.00,0.0300,0.9700,yes
590be5e1-9fd5-5a87-be89-55869830e79f,KXNEXTIRANLEADER-45JAN01-MMIR,2026-03-04T22:08:14.876906Z,59.00,0.0300,0.9700,yes
4e20c5ff-8359-55d4-b27b-be3c69475421,KXNEXTIRANLEADER-45JAN01-MMIR,2026-03-04T22:08:14.876906Z,100.00,0.0300,0.9700,yes
3d9347ca-dd4e-53a2-b873-778cf05045f6,KXNEXTIRANLEADER-45JAN01-MMIR,2026-03-04T22:08:14.876906Z,500.00,0.0300,0.9700,yes
1f9dca80-cdc0-5188-b059-b2c0e0462246,KXNEXTIRANLEADER-45JAN01-MMIR,2026-03-04T22:08:14.876906Z,500.00,0.0300,0.9700,yes
195d75f2-7c6d-5519-a72c-2392eeb17b2d,KXNEXTIRANLEADER-45JAN01-MMIR,2026-03-04T22:08:14.876906Z,33.00,0.0300,0.9700,yes
153742eb-fb08-5f71-ae3a-e4ab24bac990,KXNEXTIRANLEADER-45JAN01-MMIR,2026-03-04T22:08:14.876906Z,300.00,0.0300,0.9700,yes
7cd3df41-bde5-4db7-40bf-5fc70957c223,KXNEXTIRANLEADER-45JAN01-MMIR,2026-03-04T21:52:41.392311Z,26.00,0.0300,0.9700,yes
f39633bb-360d-52bb-7ff2-796112a0a203,KXNEXTIRANLEADER-45JAN01-MMIR,2026-03-04T19:54:39.446119Z,33.00,0.0300,0.9700,yes
98b11ab4-3e86-6dfc-4384-5c840e321ab9,KXNEXTIRANLEADER-45JAN01-MMIR,2026-03-04T19:21:01.658517Z,362.00,0.0200,0.9800,no
81c1ff4f-0049-6085-4d4a-577cf3870722,KXNEXTIRANLEADER-45JAN01-MMIR,2026-03-04T19:21:01.658517Z,172.00,0.0200,0.9800,no
5bc95d2d-c927-6fa9-5ee6-7d9f60561c2c,KXNEXTIRANLEADER-45JAN01-MMIR,2026-03-04T19:21:01.658517Z,50.00,0.0200,0.9800,no
4c53dc3a-ebb7-6b4b-661b-26f3222e9bf4,KXNEXTIRANLEADER-45JAN01-MMIR,2026-03-04T19:21:01.658517Z,16.00,0.0200,0.9800,no
47c316d9-975d-6d29-ab27-0245f0a17b86,KXNEXTIRANLEADER-45JAN01-MMIR,2026-03-04T17:51:08.609707Z,46.00,0.0200,0.9800,no
3b58f52a-19c5-4419-cd94-efe826d33d5e,KXNEXTIRANLEADER-45JAN01-MMIR,2026-03-04T16:47:30.730758Z,500.00,0.0200,0.9800,no
b230da09-dba5-4ac5-e0f0-57362d81dbda,KXNEXTIRANLEADER-45JAN01-MMIR,2026-03-04T16:41:56.130281Z,82.00,0.0200,0.9800,no
acb5b5c8-b03e-404e-c9ac-8c211fddd6f6,KXNEXTIRANLEADER-45JAN01-MMIR,2026-03-04T16:41:56.130281Z,408.00,0.0200,0.9800,no
412803ce-e694-4796-d49e-4b9649ec0602,KXNEXTIRANLEADER-45JAN01-MMIR,2026-03-04T16:41:56.130281Z,10.00,0.0200,0.9800,no
f4d12dbc-8799-49e7-6235-cf1315dce9a7,KXNEXTIRANLEADER-45JAN01-MMIR,2026-03-04T16:38:38.464188Z,8.00,0.0300,0.9700,yes
d1fff0f5-c174-4281-6438-a8723bbde7c0,KXNEXTIRANLEADER-45JAN01-MMIR,2026-03-04T16:38:38.464188Z,115.00,0.0300,0.9700,yes
c36be4de-47a4-4cda-7594-4ff53ced4241,KXNEXTIRANLEADER-45JAN01-MMIR,2026-03-04T16:38:38.464188Z,65.00,0.0300,0.9700,yes
80acb53e-ce44-428f-4fc9-6e6ff060a4c9,KXNEXTIRANLEADER-45JAN01-MMIR,2026-03-04T16:38:38.464188Z,300.00,0.0300,0.9700,yes
3e3aa5fa-552e-4023-44c8-c063e31dbeeb,KXNEXTIRANLEADER-45JAN01-MMIR,2026-03-04T16:38:38.464188Z,12.00,0.0300,0.9700,yes
1f3613c2-32aa-7e12-5961-044eefc6ca5a,KXNEXTIRANLEADER-45JAN01-MMIR,2026-03-04T16:38:02.088585Z,200.00,0.0200,0.9800,no
907ac2eb-48f2-5462-4207-45871c233242,KXNEXTIRANLEADER-45JAN01-MMIR,2026-03-04T16:26:11.71243Z,100.00,0.0200,0.9800,no
ee7f26e0-9cb6-6ace-4856-4849ab8a4d82,KXNEXTIRANLEADER-45JAN01-MMIR,2026-03-04T16:03:42.061069Z,312.00,0.0200,0.9800,no
bb08064f-c942-5b4a-bd4a-b62a19295e72,KXNEXTIRANLEADER-45JAN01-MMIR,2026-03-04T15:31:36.906146Z,80.00,0.0200,0.9800,no
39573bc2-1b5a-4e5e-5c54-5ba67a763aaa,KXNEXTIRANLEADER-45JAN01-MMIR,2026-03-04T15:14:49.712203Z,10.00,0.0200,0.9800,no
da7bac06-d3da-7832-ea38-ea913cd6a032,KXNEXTIRANLEADER-45JAN01-MMIR,2026-03-04T14:51:30.977691Z,25.00,0.0200,0.9800,no
f18e5061-45e0-5864-0f6a-f6e6ba034a95,KXNEXTIRANLEADER-45JAN01-MMIR,2026-03-04T13:03:47.002637Z,6.00,0.0200,0.9800,no
7529b13a-05b2-5eb6-3d86-6b94c15ffd3e,KXNEXTIRANLEADER-45JAN01-MMIR,2026-03-04T13:03:47.002637Z,865.00,0.0200,0.9800,no
14f54718-f623-5129-0945-03df66cc947f,KXNEXTIRANLEADER-45JAN01-MMIR,2026-03-04T13:03:47.002637Z,118.00,0.0200,0.9800,no
01fae81b-87f8-5134-230e-2c6aaeb8c775,KXNEXTIRANLEADER-45JAN01-MMIR,2026-03-04T13:03:47.002637Z,11.00,0.0200,0.9800,no
7929cf45-1e49-49d1-0dc5-24f74aaab3e0,KXNEXTIRANLEADER-45JAN01-MMIR,2026-03-04T12:07:49.894216Z,14.00,0.0400,0.9600,yes
1673b10e-112f-476e-06ab-32bafdc9a945,KXNEXTIRANLEADER-45JAN01-MMIR,2026-03-04T12:07:49.894216Z,11.00,0.0400,0.9600,yes
114fe296-aff9-410d-1b77-d05baafc9f2e,KXNEXTIRANLEADER-45JAN01-MMIR,2026-03-04T12:07:49.894216Z,25.00,0.0400,0.9600,yes
df1e54bc-2f8c-7184-8996-e45d2804709f,KXNEXTIRANLEADER-45JAN01-MMIR,2026-03-04T12:01:02.191103Z,1000.00,0.0200,0.9800,yes
628ce337-728b-7c07-87e7-5f962b95dcd3,KXNEXTIRANLEADER-45JAN01-MMIR,2026-03-04T12:01:02.191103Z,200.00,0.0200,0.9800,yes
585cb64a-8a24-79e2-b527-1e4b7fd444d6,KXNEXTIRANLEADER-45JAN01-MMIR,2026-03-04T12:01:02.191103Z,831.00,0.0200,0.9800,yes
2627b951-be45-74ae-a652-6676a0669f83,KXNEXTIRANLEADER-45JAN01-MMIR,2026-03-04T12:01:02.191103Z,6.00,0.0200,0.9800,yes
443cd521-1c68-627a-36d7-1521de7f7f82,KXNEXTIRANLEADER-45JAN01-MMIR,2026-03-04T11:51:56.558867Z,50.00,0.0200,0.9800,yes
c6452c98-e4cc-57b2-13d6-bf00df8ded56,KXNEXTIRANLEADER-45JAN01-MMIR,2026-03-04T11:02:31.290562Z,4.00,0.0200,0.9800,yes
c6827131-cd67-733c-4dca-8d9daca27f67,KXNEXTIRANLEADER-45JAN01-MMIR,2026-03-04T10:20:28.859219Z,15.00,0.0200,0.9800,yes
1f9c6bfb-16ac-7486-5f25-bd1ce5e38bb6,KXNEXTIRANLEADER-45JAN01-MMIR,2026-03-04T10:20:28.859219Z,115.00,0.0200,0.9800,yes
f71cb3a1-eafa-773e-fd28-b2dad894ea06,KXNEXTIRANLEADER-45JAN01-MMIR,2026-03-04T08:17:37.986277Z,69.00,0.0100,0.9900,no
7d199756-1cc2-77fa-d225-f2e912c24f5a,KXNEXTIRANLEADER-45JAN01-MMIR,2026-03-04T07:52:04.321598Z,142.00,0.0100,0.9900,no
1919ec52-d5a6-4c9a-3e97-ec8d29b9f8e6,KXNEXTIRANLEADER-45JAN01-MMIR,2026-03-04T06:14:08.244099Z,11.00,0.0100,0.9900,no
a8533936-295a-40d2-2ecf-c77ffd2e4852,KXNEXTIRANLEADER-45JAN01-MMIR,2026-03-04T06:10:42.209462Z,13.00,0.0100,0.9900,no
9bc4b390-9d7a-591e-33d2-64164348f77e,KXNEXTIRANLEADER-45JAN01-MMIR,2026-03-04T06:04:16.963621Z,30.00,0.0100,0.9900,no
bf92ea51-ac3e-7c32-192e-72a65574a6b6,KXNEXTIRANLEADER-45JAN01-MMIR,2026-03-04T06:03:12.856531Z,14.00,0.0100,0.9900,no
2f8feabf-6b6a-52b6-55f4-682a6d1d9212,KXNEXTIRANLEADER-45JAN01-MMIR,2026-03-04T06:03:03.673348Z,41.00,0.0100,0.9900,no
32a0d3a0-b602-5636-9ab1-0986ea45ed56,KXNEXTIRANLEADER-45JAN01-MMIR,2026-03-04T05:55:29.975532Z,10.00,0.0100,0.9900,no
8d6f06c0-1992-5ac2-b58d-2c06f24f3bea,KXNEXTIRANLEADER-45JAN01-MMIR,2026-03-04T05:54:03.899739Z,2.00,0.0100,0.9900,no
de483c9c-6e62-7c3a-1e97-7dc08d4a9272,KXNEXTIRANLEADER-45JAN01-MMIR,2026-03-04T05:53:04.67513Z,30.00,0.0100,0.9900,no
cb3ea1b8-33c2-4766-8014-9791f63eac52,KXNEXTIRANLEADER-45JAN01-MMIR,2026-03-04T05:53:01.813686Z,30.00,0.0100,0.9900,no
ebba6491-a78e-5152-f618-1502b398956a,KXNEXTIRANLEADER-45JAN01-MMIR,2026-03-04T05:38:59.055872Z,190.00,0.0100,0.9900,no
cde43289-8c2a-7532-e38d-7f2c33ce033a,KXNEXTIRANLEADER-45JAN01-MMIR,2026-03-04T05:38:57.729736Z,181.00,0.0100,0.9900,no
4fe09264-34da-6692-fe1f-84836204950a,KXNEXTIRANLEADER-45JAN01-MMIR,2026-03-04T05:38:34.84821Z,448.00,0.0100,0.9900,no
9db5d158-7752-548a-02e2-bd58483fa692,KXNEXTIRANLEADER-45JAN01-MMIR,2026-03-04T05:17:28.574878Z,21.00,0.0100,0.9900,no
6e1ac7f4-ab76-772e-83d0-d00da2b6f186,KXNEXTIRANLEADER-45JAN01-MMIR,2026-03-04T04:17:25.257473Z,31.00,0.0100,0.9900,no
0dff8d44-22d2-5d22-905c-8e87073f2c52,KXNEXTIRANLEADER-45JAN01-MMIR,2026-03-04T02:23:20.913773Z,30.00,0.0100,0.9900,no
cb9faefd-385e-6a52-6ba9-4567cdf6fbfe,KXNEXTIRANLEADER-45JAN01-MMIR,2026-03-04T01:02:51.103116Z,12.00,0.0100,0.9900,no
7318de20-3d02-79f2-4cfd-23c304e3bdda,KXNEXTIRANLEADER-45JAN01-MMIR,2026-03-04T00:55:42.956992Z,29.00,0.0100,0.9900,no
9cd08e66-fd8b-6710-b553-1c6e49c624b3,KXNEXTIRANLEADER-45JAN01-MMIR,2026-03-04T00:55:29.710206Z,25.00,0.0200,0.9800,yes
ed4459e2-d8b6-44fe-087c-5e0e3137ea2a,KXNEXTIRANLEADER-45JAN01-MMIR,2026-03-04T00:54:59.609121Z,2342.00,0.0100,0.9900,no
6cfd4e16-1d82-7dd2-4d5d-9bf58baeb9de,KXNEXTIRANLEADER-45JAN01-MMIR,2026-03-04T00:42:01.242687Z,9005.00,0.0100,0.9900,no
1dbe77e2-319a-7262-f597-a507aef85042,KXNEXTIRANLEADER-45JAN01-MMIR,2026-03-04T00:38:41.902435Z,90.00,0.0100,0.9900,no
61aa2ca3-e8c6-687a-9767-9a6946788372,KXNEXTIRANLEADER-45JAN01-MMIR,2026-03-04T00:38:41.384583Z,18.00,0.0100,0.9900,no
80170426-7a2e-774a-66f4-0233dd6ab242,KXNEXTIRANLEADER-45JAN01-MMIR,2026-03-04T00:37:37.631604Z,1.00,0.0100,0.9900,no
8a126f72-901e-452e-3247-b9e63e672d82,KXNEXTIRANLEADER-45JAN01-MMIR,2026-03-04T00:37:26.575019Z,4.00,0.0100,0.9900,no
007102cb-9da6-6dba-aa93-e63ce5b08e06,KXNEXTIRANLEADER-45JAN01-MMIR,2026-03-04T00:11:17.679155Z,30.00,0.0100,0.9900,no
923b0ef6-1357-4ff4-3b60-ec5d6bd7a13b,KXNEXTIRANLEADER-45JAN01-MMIR,2026-03-03T23:56:14.781259Z,50.00,0.0200,0.9800,yes
55dd4d0b-0d3b-4328-fa84-9bed98dcb4b7,KXNEXTIRANLEADER-45JAN01-MMIR,2026-03-03T23:55:37.994053Z,50.00,0.0200,0.9800,yes
6ad83843-8bb6-566e-d95c-f34e5e1e173a,KXNEXTIRANLEADER-45JAN01-MMIR,2026-03-03T23:55:26.732266Z,1000.00,0.0100,0.9900,no
b062d39b-2ee7-7d1c-bb16-160d5127fb17,KXNEXTIRANLEADER-45JAN01-MMIR,2026-03-03T23:55:16.641931Z,50.00,0.0200,0.9800,yes
9820e80a-47eb-5a44-ead3-878b153b156f,KXNEXTIRANLEADER-45JAN01-MMIR,2026-03-03T23:54:52.721654Z,50.00,0.0200,0.9800,yes
ece6b561-4f9f-4f40-cbc6-abc894407bdf,KXNEXTIRANLEADER-45JAN01-MMIR,2026-03-03T23:54:27.601327Z,50.00,0.0200,0.9800,yes
c884c396-0777-6608-07a2-5781b4e1086b,KXNEXTIRANLEADER-45JAN01-MMIR,2026-03-03T23:54:03.401452Z,50.00,0.0200,0.9800,yes
f8d25aea-3477-75d8-f296-279a36b13b4f,KXNEXTIRANLEADER-45JAN01-MMIR,2026-03-03T23:53:42.689317Z,50.00,0.0200,0.9800,yes
777fd8b5-231e-6bfe-7554-47f5cadb50d6,KXNEXTIRANLEADER-45JAN01-MMIR,2026-03-03T23:42:01.908246Z,93.00,0.0100,0.9900,no
d0050d4f-39b7-7cfc-5241-a74691b2a8f3,KXNEXTIRANLEADER-45JAN01-MMIR,2026-03-03T23:38:54.249095Z,1169.00,0.0200,0.9800,yes
4a05faad-3ba3-507c-d3b9-76922c99b913,KXNEXTIRANLEADER-45JAN01-MMIR,2026-03-03T23:20:00.865902Z,50.00,0.0200,0.9800,yes
8800320f-9d9b-7234-0feb-4813b905298f,KXNEXTIRANLEADER-45JAN01-MMIR,2026-03-03T23:15:43.465906Z,50.00,0.0200,0.9800,yes
15a43c5e-bf76-6657-7d63-d0c418be4a94,KXNEXTIRANLEADER-45JAN01-MMIR,2026-03-03T23:13:02.78104Z,2857.00,0.0100,0.9900,no
783105ac-0f66-707f-0915-d1abd1154c74,KXNEXTIRANLEADER-45JAN01-MMIR,2026-03-03T23:03:46.020271Z,31.00,0.0100,0.9900,no
fd5931ed-0dd3-5291-973f-feaa31d271e7,KXNEXTIRANLEADER-45JAN01-MMIR,2026-03-03T22:39:49.689768Z,402.00,0.0100,0.9900,yes
25cb1e7b-b553-599c-9868-776b276b9f1a,KXNEXTIRANLEADER-45JAN01-MMIR,2026-03-03T22:39:49.689768Z,98.00,0.0100,0.9900,yes
8debb9d4-91e9-78fa-6755-9723a44d5a49,KXNEXTIRANLEADER-45JAN01-MMIR,2026-03-03T22:35:52.359093Z,48.00,0.0100,0.9900,yes
89063254-74c7-7bc4-4b0f-f17f34173ca6,KXNEXTIRANLEADER-45JAN01-MMIR,2026-03-03T22:35:52.359093Z,52.00,0.0100,0.9900,yes
2cd0fb29-0077-7b05-843e-cc0e59684f0e,KXNEXTIRANLEADER-45JAN01-MMIR,2026-03-03T21:42:30.857609Z,200.00,0.0100,0.9900,no
188dc3a6-6155-5761-5acd-c8505766cc66,KXNEXTIRANLEADER-45JAN01-MMIR,2026-03-03T21:39:40.434479Z,50.00,0.0200,0.9800,yes
fc9c07fb-69d9-511e-5181-cccb82809787,KXNEXTIRANLEADER-45JAN01-MMIR,2026-03-03T21:34:51.456121Z,254.00,0.0100,0.9900,yes
9ce8f969-0e15-5cc0-7694-e61b84b962ff,KXNEXTIRANLEADER-45JAN01-MMIR,2026-03-03T21:34:51.456121Z,306.00,0.0100,0.9900,yes
7421d851-1a61-7b64-33bb-92aec2a7bfe3,KXNEXTIRANLEADER-45JAN01-MMIR,2026-03-03T21:24:40.755841Z,594.00,0.0100,0.9900,yes
519cef7e-5295-5f5c-35cd-211fefe5334f,KXNEXTIRANLEADER-45JAN01-MMIR,2026-03-03T21:16:23.298435Z,100.00,0.0100,0.9900,yes
56b9afcf-3d9a-5eba-9c4f-163bc7a2b75a,KXNEXTIRANLEADER-45JAN01-MMIR,2026-03-03T21:12:29.204781Z,5.00,0.0300,0.9700,yes
9ac01aea-a82d-7ef1-0641-432f1765c0ae,KXNEXTIRANLEADER-45JAN01-MMIR,2026-03-03T21:11:39.718567Z,32135.00,0.0100,0.9900,yes
5b097af0-2216-6858-69fa-1248882a1a61,KXNEXTIRANLEADER-45JAN01-MMIR,2026-03-03T21:05:14.539113Z,10000.00,0.0100,0.9900,no
0a5c6c5b-93fa-631b-5ca3-448da500cf2d,KXNEXTIRANLEADER-45JAN01-MMIR,2026-03-03T21:05:14.539113Z,947.00,0.0100,0.9900,no
b5ded731-06c6-4cab-4bab-b9b0be732769,KXNEXTIRANLEADER-45JAN01-MMIR,2026-03-03T21:04:46.72332Z,1.00,0.0100,0.9900,no
f68d7597-cb9a-6e4b-d3bf-0aaed0f11971,KXNEXTIRANLEADER-45JAN01-MMIR,2026-03-03T21:02:25.314797Z,64.00,0.0100,0.9900,no
dd1a783b-138e-78a7-6b3c-4405c5a7a69d,KXNEXTIRANLEADER-45JAN01-MMIR,2026-03-03T21:02:19.613977Z,65.00,0.0100,0.9900,no
cdd386a6-efe6-5cbf-97cf-19100a8d05f1,KXNEXTIRANLEADER-45JAN01-MMIR,2026-03-03T21:02:09.815587Z,208.00,0.0100,0.9900,no
e22342b8-9b8a-5ab3-a2e1-69097a871301,KXNEXTIRANLEADER-45JAN01-MMIR,2026-03-03T21:02:08.57001Z,5.00,0.0100,0.9900,no
28447b06-48d2-55fb-2f80-fd6b6c5943a1,KXNEXTIRANLEADER-45JAN01-MMIR,2026-03-03T21:01:45.324236Z,152.00,0.0100,0.9900,no
fe4934b9-4e2e-7893-0569-997b78a98b09,KXNEXTIRANLEADER-45JAN01-MMIR,2026-03-03T21:01:44.102924Z,6.00,0.0100,0.9900,no
8ff9e8b3-3c72-622f-6a9c-0fcaf1c21d61,KXNEXTIRANLEADER-45JAN01-MMIR,2026-03-03T21:01:34.062725Z,7.00,0.0100,0.9900,no
18ef6da8-1c32-48c9-eb4d-e62597cb9553,KXNEXTIRANLEADER-45JAN01-MMIR,2026-03-03T21:00:54.581236Z,33.00,0.0300,0.9700,yes
3547545a-829e-6463-5692-08a0610cdd6d,KXNEXTIRANLEADER-45JAN01-MMIR,2026-03-03T20:55:44.777963Z,2682.00,0.0100,0.9900,no
042f6d7e-a312-512b-bf5a-bf751c6a63c1,KXNEXTIRANLEADER-45JAN01-MMIR,2026-03-03T20:47:52.316804Z,75.00,0.0100,0.9900,no
e13348d6-38ce-64cb-50bd-f630ce536ded,KXNEXTIRANLEADER-45JAN01-MMIR,2026-03-03T20:47:51.798672Z,1.00,0.0100,0.9900,no
6047cbb3-e8ea-4b6f-07c1-a9d6be628019,KXNEXTIRANLEADER-45JAN01-MMIR,2026-03-03T20:47:49.833312Z,79.00,0.0100,0.9900,no
a3965fbe-2536-5b63-de7f-5502b292ae11,KXNEXTIRANLEADER-45JAN01-MMIR,2026-03-03T20:47:48.663259Z,4761.00,0.0100,0.9900,no
33442f59-647a-600b-3036-9983f2183d29,KXNEXTIRANLEADER-45JAN01-MMIR,2026-03-03T20:47:48.606186Z,4.00,0.0100,0.9900,no
1f430366-22ee-63c3-efea-7a5810298ee9,KXNEXTIRANLEADER-45JAN01-MMIR,2026-03-03T20:47:44.949927Z,150.00,0.0100,0.9900,no
5bd5f107-0e8a-4c3f-5d43-8190ba873ac1,KXNEXTIRANLEADER-45JAN01-MMIR,2026-03-03T20:47:41.55831Z,22.00,0.0100,0.9900,no
e58b28d4-2cba-51e3-1785-a297d570e831,KXNEXTIRANLEADER-45JAN01-MMIR,2026-03-03T20:47:40.32905Z,12.00,0.0100,0.9900,no
7a71c0a4-e29e-6617-c9cc-75c497d071c5,KXNEXTIRANLEADER-45JAN01-MMIR,2026-03-03T20:47:39.095778Z,6.00,0.0100,0.9900,no
01f0d8ae-2182-414b-650a-920780bf0461,KXNEXTIRANLEADER-45JAN01-MMIR,2026-03-03T20:47:35.17574Z,62.00,0.0100,0.9900,no
40d244c0-5252-6987-8697-69bfa9828d31,KXNEXTIRANLEADER-45JAN01-MMIR,2026-03-03T20:47:32.825151Z,14.00,0.0100,0.9900,no
006b0eb0-4753-70a6-42be-cf4b8c56e061,KXNEXTIRANLEADER-45JAN01-MMIR,2026-03-03T20:43:32.190249Z,25.00,0.0400,0.9600,yes
c25251e8-4076-479f-b45f-732c8b2398fd,KXNEXTIRANLEADER-45JAN01-MMIR,2026-03-03T20:41:54.464614Z,235.00,0.0100,0.9900,no
ed85b7ea-63a6-50a3-4ba4-9f8aedf3c899,KXNEXTIRANLEADER-45JAN01-MMIR,2026-03-03T20:41:49.364715Z,1874.00,0.0100,0.9900,no
9791d023-cfc6-64c3-1079-5dfd7e79ab5d,KXNEXTIRANLEADER-45JAN01-MMIR,2026-03-03T20:41:45.439733Z,50.00,0.0100,0.9900,no
865ca71d-0022-7acb-fabb-fae16c9e2df5,KXNEXTIRANLEADER-45JAN01-MMIR,2026-03-03T20:41:44.156121Z,64.00,0.0100,0.9900,no
442ce5c4-1c16-692f-ec54-edcda90001a5,KXNEXTIRANLEADER-45JAN01-MMIR,2026-03-03T20:41:42.930475Z,18.00,0.0100,0.9900,no
622e308a-e916-58ab-fd97-e161fede4fc5,KXNEXTIRANLEADER-45JAN01-MMIR,2026-03-03T20:41:41.707833Z,57.00,0.0100,0.9900,no
8eacd602-1ac2-4f3f-3a02-1a34f1a39151,KXNEXTIRANLEADER-45JAN01-MMIR,2026-03-03T20:41:40.480809Z,49.00,0.0100,0.9900,no
1e16e993-f162-73ff-7ddb-3246d33d7ab9,KXNEXTIRANLEADER-45JAN01-MMIR,2026-03-03T20:41:39.253164Z,142.00,0.0100,0.9900,no
c2231d5f-591e-79c3-1e34-20718c7275bd,KXNEXTIRANLEADER-45JAN01-MMIR,2026-03-03T20:41:37.668499Z,24.00,0.0100,0.9900,no
8f4543a6-9da6-415f-9611-b255196d2d2d,KXNEXTIRANLEADER-45JAN01-MMIR,2026-03-03T20:40:45.147836Z,56.00,0.0100,0.9900,no
ba36c307-f462-6b0f-4e38-8144d4ed37f9,KXNEXTIRANLEADER-45JAN01-MMIR,2026-03-03T20:40:41.362706Z,8.00,0.0100,0.9900,no
b71a7f99-0ca3-6a1a-d717-870f1bc5debd,KXNEXTIRANLEADER-45JAN01-MMIR,2026-03-03T20:39:45.396501Z,1.00,0.0400,0.9600,yes
e0bea4bf-3f52-6857-7ac8-83498a4cb1e9,KXNEXTIRANLEADER-45JAN01-MMIR,2026-03-03T20:38:38.232588Z,2656.00,0.0100,0.9900,no
7542cd4a-b4fe-51ba-5b5f-3567de7a7403,KXNEXTIRANLEADER-45JAN01-MMIR,2026-03-03T20:34:54.431072Z,1556.00,0.0100,0.9900,no
74e8a3d4-c84e-563f-5979-12782f0d42a9,KXNEXTIRANLEADER-45JAN01-MMIR,2026-03-03T20:34:54.431072Z,444.00,0.0100,0.9900,no
95e80abf-b2a4-7f42-3b2d-f345fdfcb9d9,KXNEXTIRANLEADER-45JAN01-MMIR,2026-03-03T20:28:40.171072Z,9.00,0.0200,0.9800,no
328eed5a-1b78-7ec3-0c17-a79f404e840b,KXNEXTIRANLEADER-45JAN01-MMIR,2026-03-03T20:28:40.171072Z,4.00,0.0200,0.9800,no
1daae0c0-0e08-426b-f729-599132c72d07,KXNEXTIRANLEADER-45JAN01-MMIR,2026-03-03T20:28:33.809497Z,50.00,0.0200,0.9800,no
e5a648aa-9708-46da-103b-2bd8ab42484c,KXNEXTIRANLEADER-45JAN01-MMIR,2026-03-03T20:28:27.485967Z,46.00,0.0200,0.9800,no
dc35b0cc-46dc-423f-36cd-f184cf03e7d3,KXNEXTIRANLEADER-45JAN01-MMIR,2026-03-03T20:28:27.485967Z,4.00,0.0200,0.9800,no
a087066b-497c-60ca-5af2-39f0df070144,KXNEXTIRANLEADER-45JAN01-MMIR,2026-03-03T20:28:26.260522Z,26.00,0.0200,0.9800,no
913f00e0-58e0-727e-abfe-b4dd9baf1e38,KXNEXTIRANLEADER-45JAN01-MMIR,2026-03-03T20:28:20.992689Z,11.00,0.0200,0.9800,no
0781f402-5a41-7a19-9ce5-d15c062309d3,KXNEXTIRANLEADER-45JAN01-MMIR,2026-03-03T20:28:20.992689Z,10.00,0.0200,0.9800,no
16f7b11c-3b8b-5887-8704-ed2c27a84b41,KXNEXTIRANLEADER-45JAN01-MMIR,2026-03-03T20:28:15.63419Z,29.00,0.0300,0.9700,no
fc5eb13b-9ed3-7007-a60d-dc2477ec2651,KXNEXTIRANLEADER-45JAN01-MMIR,2026-03-03T20:28:14.410214Z,26.00,0.0300,0.9700,no
1585b808-8ddf-6f33-24a3-7d56c5f6d6b9,KXNEXTIRANLEADER-45JAN01-MMIR,2026-03-03T20:28:13.183681Z,6.00,0.0300,0.9700,no
96a32098-b507-78db-7684-81809fc9b209,KXNEXTIRANLEADER-45JAN01-MMIR,2026-03-03T20:28:11.955518Z,2.00,0.0300,0.9700,no
a7d8b1ab-221f-5393-ed73-c12a521495b1,KXNEXTIRANLEADER-45JAN01-MMIR,2026-03-03T20:28:03.039036Z,13.00,0.0300,0.9700,no
0d695f55-ccb7-43ff-395a-db0ce0ad7a2d,KXNEXTIRANLEADER-45JAN01-MMIR,2026-03-03T20:28:01.803577Z,2.00,0.0300,0.9700,no
4f4050ee-fc4b-5d9f-73f5-e7c0cba30d71,KXNEXTIRANLEADER-45JAN01-MMIR,2026-03-03T20:21:44.221682Z,93.00,0.0300,0.9700,no
8aa24a7b-fc53-51a2-98d4-b11f3dc8b075,KXNEXTIRANLEADER-45JAN01-MMIR,2026-03-03T20:02:32.384301Z,2.00,0.0400,0.9600,yes
1b76d787-ea13-62a7-34a8-9b22e3dc24a1,KXNEXTIRANLEADER-45JAN01-MMIR,2026-03-03T19:56:47.083457Z,6.00,0.0300,0.9700,no
dcbb2f86-72f7-77a7-ceb4-fdd17b9ba239,KXNEXTIRANLEADER-45JAN01-MMIR,2026-03-03T19:56:44.657917Z,8.00,0.0300,0.9700,no
2a0e980d-f4d7-75c1-9174-f43f7a387d97,KXNEXTIRANLEADER-45JAN01-MMIR,2026-03-03T19:56:44.125515Z,1308.00,0.0400,0.9600,no
035dda44-59bf-73b1-9474-b7e058c0c51f,KXNEXTIRANLEADER-45JAN01-MMIR,2026-03-03T19:56:44.125515Z,9.00,0.0400,0.9600,no
cfb2487a-2f4f-63f9-fae0-b0ff80e50163,KXNEXTIRANLEADER-45JAN01-MMIR,2026-03-03T19:56:43.236473Z,39.00,0.0400,0.9600,no
f724b12b-af37-6579-b31d-33bfee661913,KXNEXTIRANLEADER-45JAN01-MMIR,2026-03-03T19:56:40.422798Z,32.00,0.0400,0.9600,no
c9e0f665-29eb-547d-3caf-e6ae2511114f,KXNEXTIRANLEADER-45JAN01-MMIR,2026-03-03T19:56:39.173699Z,18.00,0.0400,0.9600,no
f9401e77-c9eb-53c1-56bb-4ecdb4b25cc7,KXNEXTIRANLEADER-45JAN01-MMIR,2026-03-03T19:56:37.949964Z,47.00,0.0400,0.9600,no
0fc2e5b3-4e37-7511-8f1a-4beb41fbb17b,KXNEXTIRANLEADER-45JAN01-MMIR,2026-03-03T19:56:36.722688Z,6.00,0.0400,0.9600,no
2386813e-f85b-58dd-119f-0004a9a6b867,KXNEXTIRANLEADER-45JAN01-MMIR,2026-03-03T19:56:30.174484Z,50.00,0.0400,0.9600,no
05cefd84-04f3-51bb-6717-e1bac06a0214,KXNEXTIRANLEADER-45JAN01-MMIR,2026-03-03T19:55:33.313853Z,263.00,0.0400,0.9600,no
ea7576d7-66ab-7703-750a-1c8ba13dfadc,KXNEXTIRANLEADER-45JAN01-MMIR,2026-03-03T19:55:33.206278Z,540.00,0.0400,0.9600,no
11b4f347-f77f-463b-6c9a-5588e3554034,KXNEXTIRANLEADER-45JAN01-MMIR,2026-03-03T19:55:24.018908Z,7.00,0.0400,0.9600,no
d0ee3aa3-6c77-58f7-0115-8e7f3330a2cc,KXNEXTIRANLEADER-45JAN01-MMIR,2026-03-03T19:55:23.715608Z,138.00,0.0400,0.9600,no
b663d6d0-48f3-66eb-6169-8500213fd08c,KXNEXTIRANLEADER-45JAN01-MMIR,2026-03-03T19:55:22.642332Z,148.00,0.0400,0.9600,no
253b496e-f6cf-7513-2157-a699cf9defb4,KXNEXTIRANLEADER-45JAN01-MMIR,2026-03-03T19:55:22.483088Z,5.00,0.0400,0.9600,no
2443b60f-b6ff-594e-d2ba-10999dd34788,KXNEXTIRANLEADER-45JAN01-MMIR,2026-03-03T19:50:50.320788Z,18.00,0.0500,0.9500,yes
cb36a401-ba4b-4f3f-79a9-718c3e1a4e98,KXNEXTIRANLEADER-45JAN01-MMIR,2026-03-03T19:46:33.908062Z,10.00,0.0400,0.9600,no
ccad2338-de63-5f7b-f101-1f511eebbc68,KXNEXTIRANLEADER-45JAN01-MMIR,2026-03-03T19:26:27.112325Z,10.00,0.0400,0.9600,no
5a48984c-1cf3-6eda-4363-f065414494a8,KXNEXTIRANLEADER-45JAN01-MMIR,2026-03-03T19:22:02.788083Z,5.00,0.0500,0.9500,yes
5bf66a7a-c3f3-4873-9400-d5bf78ab7fe8,KXNEXTIRANLEADER-45JAN01-MMIR,2026-03-03T19:12:14.65792Z,816.00,0.0400,0.9600,no
465ec5a5-5147-78c7-349c-1e63648d5070,KXNEXTIRANLEADER-45JAN01-MMIR,2026-03-03T19:06:19.040152Z,10.00,0.0400,0.9600,no
b8381781-7162-7d1e-c460-57ec9e7d0b6c,KXNEXTIRANLEADER-45JAN01-MMIR,2026-03-03T18:54:03.474132Z,120.00,0.0500,0.9500,yes
677c1ca8-c31b-5463-9e8b-b992e778d51c,KXNEXTIRANLEADER-45JAN01-MMIR,2026-03-03T18:46:00.195323Z,10.00,0.0400,0.9600,no
3842e749-8406-7ea2-56d0-81f8ae468c84,KXNEXTIRANLEADER-45JAN01-MMIR,2026-03-03T18:42:35.98297Z,1000.00,0.0500,0.9500,yes
be4ad789-85e2-5862-21d7-ccd7f2846b48,KXNEXTIRANLEADER-45JAN01-MMIR,2026-03-03T18:39:42.651139Z,5.00,0.0500,0.9500,yes
91ee4570-ba7a-7b1e-fea4-ddb434254124,KXNEXTIRANLEADER-45JAN01-MMIR,2026-03-03T18:39:30.159281Z,5.00,0.0500,0.9500,yes
962a8c21-ea43-7a33-bfd9-f88687d5f820,KXNEXTIRANLEADER-45JAN01-MMIR,2026-03-03T18:25:47.657973Z,10.00,0.0400,0.9600,no
d9aa4011-a057-54cb-4bb2-1a753b890bd0,KXNEXTIRANLEADER-45JAN01-MMIR,2026-03-03T18:15:48.443365Z,10.00,0.0400,0.9600,no
800911d7-34bb-702b-52f3-99534e571ba0,KXNEXTIRANLEADER-45JAN01-MMIR,2026-03-03T18:12:27.390084Z,1000.00,0.0400,0.9600,no
cc7523f7-7a17-58e7-39f1-0d04e7f8ee14,KXNEXTIRANLEADER-45JAN01-MMIR,2026-03-03T18:04:51.098393Z,5.00,0.0400,0.9600,no
19feb161-7703-577b-da3c-2a03ce2bdfd8,KXNEXTIRANLEADER-45JAN01-MMIR,2026-03-03T18:04:50.179863Z,5.00,0.0400,0.9600,no
46ccddf7-177b-452f-6d40-06751aeec238,KXNEXTIRANLEADER-45JAN01-MMIR,2026-03-03T18:04:50.090031Z,5.00,0.0400,0.9600,no
0ad6bd50-4ee6-4647-6675-b284bbd6be2f,KXNEXTIRANLEADER-45JAN01-MMIR,2026-03-03T17:40:53.82771Z,5.00,0.0700,0.9300,yes
08fcb69b-ea88-5271-511b-9acaa0041d35,KXNEXTIRANLEADER-45JAN01-MMIR,2026-03-03T17:27:08.449566Z,90.00,0.0500,0.9500,no
7a00ec49-4480-6dde-6cf9-48f4720bec4b,KXNEXTIRANLEADER-45JAN01-MMIR,2026-03-03T17:24:25.839419Z,133.00,0.0500,0.9500,no
38fef2bc-382b-653b-700f-84c1cd299508,KXNEXTIRANLEADER-45JAN01-MMIR,2026-03-03T17:24:25.839419Z,23.00,0.0400,0.9600,no
f7326e30-75df-4936-97a8-3d8c30a4c00e,KXNEXTIRANLEADER-45JAN01-MMIR,2026-03-03T17:13:40.70198Z,50.00,0.0600,0.9400,no
49b79553-4f8f-6c7b-585a-9fa854106c12,KXNEXTIRANLEADER-45JAN01-MMIR,2026-03-03T17:11:22.621495Z,5.00,0.0700,0.9300,no
e957bc3a-fea9-4ba0-2cd3-d31c73fc73cf,KXNEXTIRANLEADER-45JAN01-MMIR,2026-03-03T17:11:06.223967Z,1.00,0.0900,0.9100,yes
4a4ed1bd-cff6-6782-de0b-0e0436ed4711,KXNEXTIRANLEADER-45JAN01-MMIR,2026-03-03T17:10:52.583074Z,115.00,0.0700,0.9300,yes
3be64da6-a1d0-6f9a-cc23-90145f20f7c6,KXNEXTIRANLEADER-45JAN01-MMIR,2026-03-03T17:10:52.583074Z,30.00,0.0700,0.9300,yes
b02c2039-974c-56d8-81d5-22213fb0a569,KXNEXTIRANLEADER-45JAN01-MMIR,2026-03-03T17:10:39.457419Z,484.00,0.0500,0.9500,no
ee6ca51b-2472-7b62-b642-ee68744f695d,KXNEXTIRANLEADER-45JAN01-MMIR,2026-03-03T17:10:08.288059Z,1.00,0.0700,0.9300,yes
86616db9-caf4-61e4-debc-9e88c1a889eb,KXNEXTIRANLEADER-45JAN01-MMIR,2026-03-03T17:09:31.145887Z,4.00,0.0500,0.9500,no
3a20f1d0-1624-6c48-fa66-8b391cd27a3d,KXNEXTIRANLEADER-45JAN01-MMIR,2026-03-03T17:09:31.145887Z,51.00,0.0500,0.9500,no
09ba5e38-0214-625a-fae1-74b3f4c04fae,KXNEXTIRANLEADER-45JAN01-MMIR,2026-03-03T17:09:31.145887Z,50.00,0.0500,0.9500,no
054a1350-869e-512a-36a1-aab897e8c0e8,KXNEXTIRANLEADER-45JAN01-MMIR,2026-03-03T17:07:46.183392Z,5.00,0.0600,0.9400,yes
e14fbb0e-dea3-5c8e-8537-f7f288534464,KXNEXTIRANLEADER-45JAN01-MMIR,2026-03-03T17:07:32.354213Z,5.00,0.0600,0.9400,yes
dceade25-4667-609a-d1fa-07c99372c178,KXNEXTIRANLEADER-45JAN01-MMIR,2026-03-03T17:07:19.941964Z,5.00,0.0600,0.9400,yes
ffc8f0de-5db3-6b4e-c652-e938874aada4,KXNEXTIRANLEADER-45JAN01-MMIR,2026-03-03T17:06:40.002221Z,5.00,0.0600,0.9400,yes
8c611d17-14ab-757e-c607-dbe437ccbdc4,KXNEXTIRANLEADER-45JAN01-MMIR,2026-03-03T17:06:24.686871Z,5.00,0.0600,0.9400,yes
6eab6f3f-e071-6274-1c56-30107ca3d6bb,KXNEXTIRANLEADER-45JAN01-MMIR,2026-03-03T16:49:53.707127Z,117.00,0.0300,0.9700,no
2f9326a7-7083-5926-bc58-b9e9c0c42350,KXNEXTIRANLEADER-45JAN01-MMIR,2026-03-03T16:46:52.242344Z,17.00,0.0300,0.9700,no
5f543737-1733-5ae6-17df-c9be0ec0c55c,KXNEXTIRANLEADER-45JAN01-MMIR,2026-03-03T16:46:51.020569Z,11.00,0.0300,0.9700,no
afeef442-b6f7-750a-5c0a-5555990e22d4,KXNEXTIRANLEADER-45JAN01-MMIR,2026-03-03T16:46:49.802156Z,2.00,0.0300,0.9700,no
71fc9234-e81f-75f2-9baa-d9694637a04c,KXNEXTIRANLEADER-45JAN01-MMIR,2026-03-03T16:46:48.581503Z,11.00,0.0300,0.9700,no
25e5e72c-e767-4d0e-cff3-b691ad9c5e40,KXNEXTIRANLEADER-45JAN01-MMIR,2026-03-03T16:46:47.360673Z,7.00,0.0300,0.9700,no
2d298168-42b7-656e-0e56-45ac72ed40dc,KXNEXTIRANLEADER-45JAN01-MMIR,2026-03-03T16:46:46.138649Z,2.00,0.0300,0.9700,no
5fde054a-9637-559a-6ba4-9c9b0468a22c,KXNEXTIRANLEADER-45JAN01-MMIR,2026-03-03T16:46:44.916912Z,8.00,0.0300,0.9700,no
3e6adfee-507b-7ef2-ab8f-a4090832ede4,KXNEXTIRANLEADER-45JAN01-MMIR,2026-03-03T16:46:43.692946Z,21.00,0.0300,0.9700,no
9d6dc9b9-088f-5bca-2d42-410025e97200,KXNEXTIRANLEADER-45JAN01-MMIR,2026-03-03T16:46:41.717941Z,4.00,0.0300,0.9700,no
df5e6713-9c8f-44d2-1dc6-dc75b1104f6c,KXNEXTIRANLEADER-45JAN01-MMIR,2026-03-03T16:46:40.495446Z,8.00,0.0300,0.9700,no
f885da73-fd87-7cb6-9d1a-1838371ebeb8,KXNEXTIRANLEADER-45JAN01-MMIR,2026-03-03T16:46:39.265561Z,3.00,0.0300,0.9700,no
ae775e01-36af-6daa-c908-a893b70ee3e4,KXNEXTIRANLEADER-45JAN01-MMIR,2026-03-03T16:46:36.972711Z,7.00,0.0300,0.9700,no
b8a365bd-0a23-43da-422b-b90bad3c78c8,KXNEXTIRANLEADER-45JAN01-MMIR,2026-03-03T16:46:13.324687Z,15.00,0.0300,0.9700,no
f34d0567-68e3-400a-a6aa-98212ce3819a,KXNEXTIRANLEADER-45JAN01-MMIR,2026-03-03T16:06:55.935329Z,1.00,0.0100,0.9900,no
8012ae5d-54af-7bce-7e7b-520ed4995fcd,KXNEXTIRANLEADER-45JAN01-MMIR,2026-03-03T15:53:42.533247Z,1.00,0.0300,0.9700,yes
fcaae725-a389-78ea-c766-b2e45efeb839,KXNEXTIRANLEADER-45JAN01-MMIR,2026-03-03T15:51:49.664518Z,150.00,0.0300,0.9700,no
d4222cd6-9115-7d0a-d0ba-29b9a1454bfc,KXNEXTIRANLEADER-45JAN01-MMIR,2026-03-03T15:51:49.664518Z,6.00,0.0300,0.9700,no
c6fc99e6-ae57-7688-e286-113a94800333,KXNEXTIRANLEADER-45JAN01-MMIR,2026-03-03T15:51:49.664518Z,29.00,0.0300,0.9700,no
b8d2b165-854f-721a-f122-8b81a61e3ea3,KXNEXTIRANLEADER-45JAN01-MMIR,2026-03-03T15:51:49.664518Z,227.00,0.0300,0.9700,no
4dddc063-445a-72e6-e6ec-45c137f47ee6,KXNEXTIRANLEADER-45JAN01-MMIR,2026-03-03T15:51:49.664518Z,2900.00,0.0300,0.9700,no
23fa4b88-a885-7273-ef98-4eb7b531792c,KXNEXTIRANLEADER-45JAN01-MMIR,2026-03-03T15:51:49.664518Z,1000.00,0.0300,0.9700,no
d859df56-29e9-6a16-8fc0-449eda792212,KXNEXTIRANLEADER-45JAN01-MMIR,2026-03-03T15:13:37.152581Z,50.00,0.0400,0.9600,yes
9b978004-7a1f-600f-8e7f-e8196a6bb2a9,KXNEXTIRANLEADER-45JAN01-MMIR,2026-03-03T15:13:37.152581Z,184.00,0.0400,0.9600,yes
0338c05f-017a-6a52-f08d-d0661187c82a,KXNEXTIRANLEADER-45JAN01-MMIR,2026-03-03T08:48:25.377601Z,2000.00,0.0300,0.9700,no
7217f5d9-74ba-7523-1566-cdbbba8d4352,KXNEXTIRANLEADER-45JAN01-MMIR,2026-03-03T07:03:27.328389Z,124.00,0.0400,0.9600,no
7790e68e-42e7-79d9-c356-65531e68d0dd,KXNEXTIRANLEADER-45JAN01-MMIR,2026-03-03T05:48:29.381309Z,7.00,0.0600,0.9400,yes
ddeb88c5-0ee8-71a3-6d39-40b6ea989262,KXNEXTIRANLEADER-45JAN01-MMIR,2026-03-03T05:06:37.703809Z,179.00,0.0500,0.9500,yes
74c79031-b6ae-76c3-644b-dc0317fd11b0,KXNEXTIRANLEADER-45JAN01-MMIR,2026-03-03T05:06:37.703809Z,10.00,0.0400,0.9600,yes
18ef183b-b88f-5869-0ec0-0358a671a4c0,KXNEXTIRANLEADER-45JAN01-MMIR,2026-03-03T04:14:41.515832Z,187.00,0.0500,0.9500,yes
5e84365c-d073-6c11-7957-8311adde41be,KXNEXTIRANLEADER-45JAN01-MMIR,2026-03-03T03:46:42.075685Z,93.00,0.0500,0.9500,yes
9ca354a6-277a-4c0f-27ab-b2bf8e3b9bf6,KXNEXTIRANLEADER-45JAN01-MMIR,2026-03-03T02:55:02.017667Z,30.00,0.0500,0.9500,yes
c5084358-5bbb-6875-1f97-21d099354176,KXNEXTIRANLEADER-45JAN01-MMIR,2026-03-03T00:44:54.904202Z,234.00,0.0400,0.9600,yes
8cf93dcf-9d23-563d-150c-b54a9a66609a,KXNEXTIRANLEADER-45JAN01-MMIR,2026-03-02T23:28:12.553755Z,70.00,0.0400,0.9600,yes
55be8067-bbfb-5cfd-7d5f-6fc350bc9bda,KXNEXTIRANLEADER-45JAN01-MMIR,2026-03-02T22:55:18.733398Z,117.00,0.0400,0.9600,yes
8cf63bec-cd07-5711-e27e-8e6b4009b5de,KXNEXTIRANLEADER-45JAN01-MMIR,2026-03-02T22:27:58.874065Z,150.00,0.0400,0.9600,yes
b060f7c6-42ff-66c9-318b-f3862c400c3a,KXNEXTIRANLEADER-45JAN01-MMIR,2026-03-02T22:00:24.201296Z,168.00,0.0400,0.9600,yes
95bf7202-1941-5f83-3f43-a4bddc15138d,KXNEXTIRANLEADER-45JAN01-MMIR,2026-03-02T21:56:54.890214Z,1359.00,0.0400,0.9600,yes
4cc356f3-acef-5e55-117e-8ebd8ca68a7e,KXNEXTIRANLEADER-45JAN01-MMIR,2026-03-02T21:56:54.890214Z,983.00,0.0400,0.9600,yes
92039277-7125-7d1f-239c-5eb2d47439b5,KXNEXTIRANLEADER-45JAN01-MMIR,2026-03-02T21:46:58.813924Z,46.00,0.0400,0.9600,yes
8e2068fa-23e1-5f87-c8a1-87a25cd3bb31,KXNEXTIRANLEADER-45JAN01-MMIR,2026-03-02T21:37:33.128297Z,95.00,0.0400,0.9600,yes
4da52021-6345-5c28-f62c-9779564f151c,KXNEXTIRANLEADER-45JAN01-MMIR,2026-03-02T21:37:33.128297Z,5.00,0.0400,0.9600,yes
ed775d8f-5c09-7dc0-35af-5c74d3451b5c,KXNEXTIRANLEADER-45JAN01-MMIR,2026-03-02T21:34:05.848081Z,100.00,0.0400,0.9600,yes
4e2b0565-8b0a-4606-4fa1-5bc561cd2ec6,KXNEXTIRANLEADER-45JAN01-MMIR,2026-03-02T20:56:14.265808Z,95.00,0.0300,0.9700,no
5c5003a2-2199-6f10-8896-522ed3c8121c,KXNEXTIRANLEADER-45JAN01-MMIR,2026-03-02T20:52:46.095307Z,10.00,0.0400,0.9600,yes
eae4adc6-4399-68f8-0c7e-b0457cac63fc,KXNEXTIRANLEADER-45JAN01-MMIR,2026-03-02T20:20:46.977456Z,51.00,0.0400,0.9600,yes
6b56d4ff-4c21-6ef0-2db1-e91180b35750,KXNEXTIRANLEADER-45JAN01-MMIR,2026-03-02T20:12:53.286482Z,8.00,0.0400,0.9600,yes
abb50474-d8e1-7358-2d73-03eb563f6388,KXNEXTIRANLEADER-45JAN01-MMIR,2026-03-02T20:01:28.375285Z,117.00,0.0400,0.9600,yes
7cbf7d5f-e856-606e-ff81-3992db0df24a,KXNEXTIRANLEADER-45JAN01-MMIR,2026-03-02T19:21:57.782071Z,5.00,0.0300,0.9700,no
cf73010a-3795-5f84-2efb-86393fe926d8,KXNEXTIRANLEADER-45JAN01-MMIR,2026-03-02T18:45:55.880308Z,84.00,0.0400,0.9600,yes
71d94d64-8fa2-5a61-08ae-9edffdca7a1a,KXNEXTIRANLEADER-45JAN01-MMIR,2026-03-02T18:45:55.880308Z,9.00,0.0400,0.9600,yes
9822387a-4d29-7112-4093-46f759046263,KXNEXTIRANLEADER-45JAN01-MMIR,2026-03-02T18:07:38.768951Z,1.00,0.0400,0.9600,no
5b03323b-e26d-7bbf-26f3-4133f9383318,KXNEXTIRANLEADER-45JAN01-MMIR,2026-03-02T17:59:23.203692Z,10.00,0.0400,0.9600,yes
29f08ad3-f907-735b-3895-2c89910a6750,KXNEXTIRANLEADER-45JAN01-MMIR,2026-03-02T17:59:23.203692Z,85.00,0.0500,0.9500,yes
92590ad0-b8d7-57d5-bbaf-44228b7a9ea5,KXNEXTIRANLEADER-45JAN01-MMIR,2026-03-02T17:24:10.015282Z,19.00,0.0600,0.9400,yes
7acb8b94-e9cd-570b-aad5-ef70141593c5,KXNEXTIRANLEADER-45JAN01-MMIR,2026-03-02T17:24:10.015282Z,21.00,0.0500,0.9500,yes
6663d646-b2f6-5d08-bec2-f8f6981d298f,KXNEXTIRANLEADER-45JAN01-MMIR,2026-03-02T17:24:10.015282Z,10.00,0.0500,0.9500,yes
cb4ed62d-cac6-752b-57ca-45426e760617,KXNEXTIRANLEADER-45JAN01-MMIR,2026-03-02T16:46:50.156008Z,99.00,0.0500,0.9500,yes
c5dbce4a-1d43-7229-4dcf-d81a26afdefc,KXNEXTIRANLEADER-45JAN01-MMIR,2026-03-02T16:46:50.156008Z,21.00,0.0500,0.9500,yes
aa206ec1-cf10-7744-6a87-b30d203ec1a0,KXNEXTIRANLEADER-45JAN01-MMIR,2026-03-02T16:46:50.156008Z,2.00,0.0500,0.9500,yes
8e179aa1-ab56-7401-654e-c0c65a3ca9a3,KXNEXTIRANLEADER-45JAN01-MMIR,2026-03-02T16:46:50.156008Z,12.00,0.0500,0.9500,yes
708af327-1bdb-7d75-751c-ff103d807481,KXNEXTIRANLEADER-45JAN01-MMIR,2026-03-02T16:46:50.156008Z,669.00,0.0600,0.9400,yes
63c6a542-4ef3-79e8-56b0-cb84ffd975f1,KXNEXTIRANLEADER-45JAN01-MMIR,2026-03-02T16:46:50.156008Z,1.00,0.0500,0.9500,yes
5f5212e2-aa26-6283-123e-3d91aa99abaf,KXNEXTIRANLEADER-45JAN01-MMIR,2026-03-02T16:41:10.668361Z,21.00,0.0500,0.9500,yes
e8260b3f-aff3-408a-a049-2722cc446735,KXNEXTIRANLEADER-45JAN01-MMIR,2026-03-02T16:38:17.18643Z,14.00,0.0400,0.9600,no
d08b363b-44f8-4bb1-bb8d-340a8cc2f77b,KXNEXTIRANLEADER-45JAN01-MMIR,2026-03-02T16:38:17.18643Z,1.00,0.0400,0.9600,no
37cbc7a6-887d-4a07-90a6-2ec62dd0aec0,KXNEXTIRANLEADER-45JAN01-MMIR,2026-03-02T16:11:14.723179Z,234.00,0.0400,0.9600,no
bed90f92-38b6-56db-8f06-2c364fcc9bcb,KXNEXTIRANLEADER-45JAN01-MMIR,2026-03-02T16:09:03.854064Z,1800.00,0.0500,0.9500,yes
6ca42391-cdb2-5c3f-e775-75fcfcc30c37,KXNEXTIRANLEADER-45JAN01-MMIR,2026-03-02T16:02:41.687078Z,80.00,0.0500,0.9500,yes
bf767527-5727-402b-5ba9-dfd54fda97a2,KXNEXTIRANLEADER-45JAN01-MMIR,2026-03-02T15:47:29.749077Z,1.00,0.0400,0.9600,yes
47de2fe2-3367-4f1b-669c-bbbb8484ef68,KXNEXTIRANLEADER-45JAN01-MMIR,2026-03-02T15:47:29.749077Z,690.00,0.0400,0.9600,yes
2a96da00-a8ed-4659-46e0-cca105b5aa32,KXNEXTIRANLEADER-45JAN01-MMIR,2026-03-02T15:47:29.749077Z,375.00,0.0400,0.9600,yes
f4b472c8-8f3b-7137-54c9-21adc268c265,KXNEXTIRANLEADER-45JAN01-MMIR,2026-03-02T15:32:01.704437Z,1.00,0.0400,0.9600,no
7fd4f39e-722c-5e90-7790-65748912f251,KXNEXTIRANLEADER-45JAN01-MMIR,2026-03-02T15:27:33.268168Z,18.00,0.0500,0.9500,yes
9d0ab7e2-e68a-6b8a-d2d9-80a349ccd1d4,KXNEXTIRANLEADER-45JAN01-MMIR,2026-03-02T15:18:26.201006Z,2000.00,0.0500,0.9500,yes
794e407b-d99b-6a2c-fbcc-a6354d913ca9,KXNEXTIRANLEADER-45JAN01-MMIR,2026-03-02T15:18:26.201006Z,14.00,0.0400,0.9600,yes
4a4ee0ab-e266-6835-e921-7fa57bcc6129,KXNEXTIRANLEADER-45JAN01-MMIR,2026-03-02T15:18:26.201006Z,19.00,0.0500,0.9500,yes
1a5b2bcc-fe8c-6541-d606-fc7124d3778e,KXNEXTIRANLEADER-45JAN01-MMIR,2026-03-02T15:18:26.201006Z,167.00,0.0500,0.9500,yes
d460da28-af5a-7f9d-0ba1-74c2ede06325,KXNEXTIRANLEADER-45JAN01-MMIR,2026-03-02T15:16:34.816277Z,181.00,0.0500,0.9500,yes
5aaf2619-cb48-71cb-17df-298f0d430f52,KXNEXTIRANLEADER-45JAN01-MMIR,2026-03-02T15:16:34.816277Z,6.00,0.0500,0.9500,yes
caafaef4-5fce-66ca-af05-9ecd0ee362fd,KXNEXTIRANLEADER-45JAN01-MMIR,2026-03-02T14:53:24.605052Z,18.00,0.0500,0.9500,yes
e389e5f8-ee8f-762d-0079-17a3f066445b,KXNEXTIRANLEADER-45JAN01-MMIR,2026-03-02T14:37:04.913643Z,259.00,0.0500,0.9500,yes
cb04061d-1c34-7bc3-31f1-1cd45648c148,KXNEXTIRANLEADER-45JAN01-MMIR,2026-03-02T14:37:04.913643Z,375.00,0.0500,0.9500,yes
bdf0ef55-1684-7aed-0576-9a14df403b71,KXNEXTIRANLEADER-45JAN01-MMIR,2026-03-02T14:37:04.913643Z,151.00,0.0500,0.9500,yes
afe64f3c-0a47-72da-0d84-cb411b6309f9,KXNEXTIRANLEADER-45JAN01-MMIR,2026-03-02T14:37:04.913643Z,4215.00,0.0500,0.9500,yes
c0a731e3-18bf-5e7d-016d-90b2670927bf,KXNEXTIRANLEADER-45JAN01-MMIR,2026-03-02T14:26:18.88251Z,250.00,0.0500,0.9500,no
bf0a75cf-787e-5159-08fd-27c036a665ea,KXNEXTIRANLEADER-45JAN01-MMIR,2026-03-02T14:26:18.88251Z,526.00,0.0500,0.9500,no
6eba376c-faa4-59d8-2f89-96803aef4bc5,KXNEXTIRANLEADER-45JAN01-MMIR,2026-03-02T14:26:18.88251Z,568.00,0.0500,0.9500,no
ba1a36d7-562a-4559-df2f-c37632a39e5a,KXNEXTIRANLEADER-45JAN01-MMIR,2026-03-02T14:07:18.817623Z,300.00,0.0500,0.9500,no
5205fad5-919f-6c1d-10a0-9703c20fec2d,KXNEXTIRANLEADER-45JAN01-MMIR,2026-03-02T13:48:37.455521Z,749.00,0.0600,0.9400,yes
26d3a25f-2885-6be3-2d11-e452a31124f6,KXNEXTIRANLEADER-45JAN01-MMIR,2026-03-02T13:48:37.455521Z,32.00,0.0600,0.9400,yes
20d66a07-cf4b-6d14-3cac-59cce68642cc,KXNEXTIRANLEADER-45JAN01-MMIR,2026-03-02T13:48:37.455521Z,219.00,0.0600,0.9400,yes
7da585b7-b3f7-6894-8f35-38487631f5ac,KXNEXTIRANLEADER-45JAN01-MMIR,2026-03-02T13:23:08.852587Z,156.00,0.0600,0.9400,yes
7b84cf4d-3976-5af1-ecfc-6a38b436434c,KXNEXTIRANLEADER-45JAN01-MMIR,2026-03-02T13:03:15.644203Z,1000.00,0.0600,0.9400,yes
a0f26d1c-0135-7280-5419-74c3a35ec7ba,KXNEXTIRANLEADER-45JAN01-MMIR,2026-03-02T12:59:42.516807Z,22.00,0.0600,0.9400,yes
8dd50ef7-622a-7ce5-7b0b-a95c4e459070,KXNEXTIRANLEADER-45JAN01-MMIR,2026-03-02T12:59:42.516807Z,260.00,0.0600,0.9400,yes
1b7262df-27ef-75b9-6703-1808c2b68f49,KXNEXTIRANLEADER-45JAN01-MMIR,2026-03-02T12:59:42.516807Z,4.00,0.0600,0.9400,yes
e9c0afac-83c7-5c4d-be71-9672cf211e3d,KXNEXTIRANLEADER-45JAN01-MMIR,2026-03-02T12:55:53.429647Z,10.00,0.0600,0.9400,yes
c3ac59d9-7875-6c71-bb23-8039aaa8dcb5,KXNEXTIRANLEADER-45JAN01-MMIR,2026-03-02T11:52:48.015566Z,32.00,0.0600,0.9400,no
99c74e53-cd1d-66b6-bb8d-7d6e66bcd526,KXNEXTIRANLEADER-45JAN01-MMIR,2026-03-02T11:52:48.015566Z,1.00,0.0700,0.9300,no
7d3ee1c7-66a5-616f-bb44-2ac5b290e426,KXNEXTIRANLEADER-45JAN01-MMIR,2026-03-02T11:52:48.015566Z,55.00,0.0600,0.9400,no
4e55edba-040f-6f13-87e4-d3cbe2698c9a,KXNEXTIRANLEADER-45JAN01-MMIR,2026-03-02T11:52:48.015566Z,1.00,0.0700,0.9300,no
41f5d1e0-4417-6e6a-8fc6-768fb13ca511,KXNEXTIRANLEADER-45JAN01-MMIR,2026-03-02T11:52:48.015566Z,22.00,0.0800,0.9200,no
3da3a51f-29ee-6f57-9145-581375818261,KXNEXTIRANLEADER-45JAN01-MMIR,2026-03-02T11:52:48.015566Z,1.00,0.0700,0.9300,no
001957ef-2bab-69de-90e0-e853aaf40551,KXNEXTIRANLEADER-45JAN01-MMIR,2026-03-02T11:52:48.015566Z,200.00,0.0700,0.9300,no
062969ce-707e-6153-3d55-c3551574609a,KXNEXTIRANLEADER-45JAN01-MMIR,2026-03-02T11:20:33.501282Z,3.00,0.1100,0.8900,yes
4042402e-ebf6-430b-c0a4-219fbbf6c037,KXNEXTIRANLEADER-45JAN01-MMIR,2026-03-02T10:46:03.431126Z,174.00,0.0500,0.9500,yes
3e5763d0-b86e-772f-6f5e-d9ca8488d907,KXNEXTIRANLEADER-45JAN01-MMIR,2026-03-02T10:33:53.718937Z,11.00,0.0500,0.9500,yes
2f074eef-0fce-5208-26c7-418b4d81acae,KXNEXTIRANLEADER-45JAN01-MMIR,2026-03-02T09:51:01.736576Z,21.00,0.0400,0.9600,yes
5517a34c-1b99-61e2-1962-5c83e7a40313,KXNEXTIRANLEADER-45JAN01-MMIR,2026-03-02T09:43:50.672659Z,152.00,0.0400,0.9600,yes
4645a7fa-d166-6d13-02a1-66ea8f7b4317,KXNEXTIRANLEADER-45JAN01-MMIR,2026-03-02T09:43:50.672659Z,815.00,0.0500,0.9500,yes
bb2a0b20-984e-7705-9659-4121f783115b,KXNEXTIRANLEADER-45JAN01-MMIR,2026-03-02T09:42:45.739566Z,6.00,0.0400,0.9600,yes
ae256148-f03f-7939-9f0e-f6881755bac5,KXNEXTIRANLEADER-45JAN01-MMIR,2026-03-02T09:42:45.739566Z,1717.00,0.0400,0.9600,yes
31399695-120c-7c3f-ad93-5f05d486836b,KXNEXTIRANLEADER-45JAN01-MMIR,2026-03-02T09:42:45.739566Z,6.00,0.0400,0.9600,yes
f24101de-1e5f-7d15-a254-db35267934c0,KXNEXTIRANLEADER-45JAN01-MMIR,2026-03-02T09:35:33.312942Z,25.00,0.0300,0.9700,yes
de4447f1-ff3b-5e39-66b7-3c7d33538359,KXNEXTIRANLEADER-45JAN01-MMIR,2026-03-02T09:26:54.823668Z,2449.00,0.0300,0.9700,yes
d65911ff-4ddd-5122-466c-1eafaf9a9e8a,KXNEXTIRANLEADER-45JAN01-MMIR,2026-03-02T09:26:54.823668Z,534.00,0.0300,0.9700,yes
b2a1e0b9-a43f-5ebd-7ca8-bb8f879f0c9b,KXNEXTIRANLEADER-45JAN01-MMIR,2026-03-02T09:26:54.823668Z,1000.00,0.0300,0.9700,yes
6bda0821-3703-50d2-5457-61b4d3a24e1b,KXNEXTIRANLEADER-45JAN01-MMIR,2026-03-02T09:26:54.823668Z,1000.00,0.0300,0.9700,yes
66ae6e1f-5d24-5ec4-5040-85524eaba21a,KXNEXTIRANLEADER-45JAN01-MMIR,2026-03-02T09:26:54.823668Z,641.00,0.0300,0.9700,yes
65f71775-157c-540c-6809-3af445199002,KXNEXTIRANLEADER-45JAN01-MMIR,2026-03-02T09:26:54.823668Z,90.00,0.0300,0.9700,yes
5825c567-a55a-5331-68d2-de4db853e8d2,KXNEXTIRANLEADER-45JAN01-MMIR,2026-03-02T09:26:54.823668Z,1000.00,0.0300,0.9700,yes
5689f6a2-bf4c-5dbe-46fd-b39b06993bd3,KXNEXTIRANLEADER-45JAN01-MMIR,2026-03-02T09:26:54.823668Z,1.00,0.0300,0.9700,yes
2daf4aed-a168-5c24-5053-cefea62cc3aa,KXNEXTIRANLEADER-45JAN01-MMIR,2026-03-02T09:26:54.823668Z,66.00,0.0300,0.9700,yes
2bc957ac-4fad-5df2-782f-d1a8c58f139a,KXNEXTIRANLEADER-45JAN01-MMIR,2026-03-02T09:26:54.823668Z,1.00,0.0300,0.9700,yes
22594bc9-be7a-5252-7ee0-f6a533cd468d,KXNEXTIRANLEADER-45JAN01-MMIR,2026-03-02T09:26:54.823668Z,200.00,0.0300,0.9700,yes
0ede0b71-359d-5036-797a-91744c4467ec,KXNEXTIRANLEADER-45JAN01-MMIR,2026-03-02T09:26:54.823668Z,18.00,0.0300,0.9700,yes
27e9dd1d-ea1c-5098-5021-e55a614be80e,KXNEXTIRANLEADER-45JAN01-MMIR,2026-03-02T08:56:46.923378Z,31.00,0.0300,0.9700,yes
e4cc7f64-ee1c-7844-fefc-b403bd3f8ea2,KXNEXTIRANLEADER-45JAN01-MMIR,2026-03-02T08:53:41.198266Z,1.00,0.0300,0.9700,yes
8c26eff4-17c9-6af2-8490-d2f9b8a828fa,KXNEXTIRANLEADER-45JAN01-MMIR,2026-03-02T08:17:02.259317Z,1.00,0.0200,0.9800,no
af9357e9-33a8-5294-cc21-4dd53522dcde,KXNEXTIRANLEADER-45JAN01-MMIR,2026-03-02T06:56:35.568174Z,156.00,0.0300,0.9700,yes
73569a17-d335-7166-8840-dd9f1bb70ce6,KXNEXTIRANLEADER-45JAN01-MMIR,2026-03-02T06:46:26.085407Z,18.00,0.0200,0.9800,no
897dcfea-c854-4ba4-cc9b-fb9652cc57ea,KXNEXTIRANLEADER-45JAN01-MMIR,2026-03-02T05:38:53.707935Z,156.00,0.0300,0.9700,yes
4a737633-6410-7eb8-1a7d-70ff2e7d19aa,KXNEXTIRANLEADER-45JAN01-MMIR,2026-03-02T05:20:24.899823Z,15.00,0.0300,0.9700,yes
c83b57c1-0b64-4bfb-39e8-540e1bfeca8b,KXNEXTIRANLEADER-45JAN01-MMIR,2026-03-02T03:54:01.900225Z,47.00,0.0200,0.9800,yes
a3a69eab-37b2-49f2-20c0-27167630a7fb,KXNEXTIRANLEADER-45JAN01-MMIR,2026-03-02T03:54:01.900225Z,100.00,0.0200,0.9800,yes
876932bc-36bf-4e32-36c6-f4420ad3be73,KXNEXTIRANLEADER-45JAN01-MMIR,2026-03-02T03:54:01.900225Z,50.00,0.0200,0.9800,yes
4a2c0500-ae0f-4934-1cdb-c32b760921d1,KXNEXTIRANLEADER-45JAN01-MMIR,2026-03-02T03:54:01.900225Z,173.00,0.0300,0.9700,yes
22d9219e-5ca4-4814-3a8c-6412a43e7bc5,KXNEXTIRANLEADER-45JAN01-MMIR,2026-03-02T03:54:01.900225Z,11.00,0.0200,0.9800,yes
6257636f-2cdc-713f-505b-2d3f7046c097,KXNEXTIRANLEADER-45JAN01-MMIR,2026-03-02T03:29:21.331118Z,11.00,0.0200,0.9800,yes
c8661175-b04c-5b5e-ccb9-79b823ac5f95,KXNEXTIRANLEADER-45JAN01-MMIR,2026-03-02T02:31:46.437296Z,1017.00,0.0200,0.9800,yes
8668f0c2-316a-57a6-f22c-f6133eb0b0cc,KXNEXTIRANLEADER-45JAN01-MMIR,2026-03-02T02:31:46.437296Z,18.00,0.0200,0.9800,yes
2ba6fffa-b790-5c07-c061-11b739b6bc93,KXNEXTIRANLEADER-45JAN01-MMIR,2026-03-02T02:31:46.437296Z,134.00,0.0200,0.9800,yes
929651a3-d540-4b7e-3b2e-221be6cabf81,KXNEXTIRANLEADER-45JAN01-MMIR,2026-03-02T02:11:11.629247Z,467.00,0.0200,0.9800,yes
4a8ca4f5-e54c-6982-6fad-1f613650a135,KXNEXTIRANLEADER-45JAN01-MMIR,2026-03-02T00:51:00.900326Z,935.00,0.0200,0.9800,yes
1ce784ce-db98-7ea6-365e-4f75991b6635,KXNEXTIRANLEADER-45JAN01-MMIR,2026-03-02T00:44:13.92645Z,81.00,0.0200,0.9800,yes
1bfa4f6f-9d24-7f53-2707-5fec382f143b,KXNEXTIRANLEADER-45JAN01-MMIR,2026-03-02T00:44:13.92645Z,19.00,0.0200,0.9800,yes
1906dbcb-6111-7473-fb6f-73841cf7c905,KXNEXTIRANLEADER-45JAN01-MMIR,2026-03-02T00:43:03.656505Z,1.00,0.0100,0.9900,no
3cb606cc-96e5-67c3-60af-6a3950b61729,KXNEXTIRANLEADER-45JAN01-MMIR,2026-03-01T23:33:41.683396Z,5.00,0.0100,0.9900,no
5173a527-a8ab-6bb4-5d4f-d85f17f56cc1,KXNEXTIRANLEADER-45JAN01-MMIR,2026-03-01T23:16:41.935595Z,62.00,0.0300,0.9700,yes
97a0e228-2247-42e0-9685-e05dd040171d,KXNEXTIRANLEADER-45JAN01-MMIR,2026-03-01T23:02:08.39174Z,780.00,0.0300,0.9700,yes
11ece104-85a3-6198-b11c-e071720035a9,KXNEXTIRANLEADER-45JAN01-MMIR,2026-03-01T22:17:53.825352Z,100.00,0.0300,0.9700,yes
dc24c623-4727-452c-1d91-7a1dbf233ecd,KXNEXTIRANLEADER-45JAN01-MMIR,2026-03-01T22:05:13.576063Z,31.00,0.0300,0.9700,yes
6b338107-d58b-7ab0-c938-0debc22430d5,KXNEXTIRANLEADER-45JAN01-MMIR,2026-03-01T22:01:45.033059Z,31.00,0.0300,0.9700,yes
9f2d618d-f27f-44ef-c06c-8524ce1a78d5,KXNEXTIRANLEADER-45JAN01-MMIR,2026-03-01T21:58:10.504066Z,4.00,0.0200,0.9800,no
9ba5ff73-0598-4343-cda1-6f3807192c26,KXNEXTIRANLEADER-45JAN01-MMIR,2026-03-01T21:58:10.504066Z,6.00,0.0200,0.9800,no
f6ffdd08-856b-504c-e6bd-d5effca44415,KXNEXTIRANLEADER-45JAN01-MMIR,2026-03-01T21:52:45.887018Z,187.00,0.0300,0.9700,yes
cb992245-673f-4b5b-1c77-447008bf56a9,KXNEXTIRANLEADER-45JAN01-MMIR,2026-03-01T21:48:08.782828Z,10.00,0.0200,0.9800,no
e7dfba77-907b-589c-22f6-a62b75fde1ed,KXNEXTIRANLEADER-45JAN01-MMIR,2026-03-01T21:34:41.545037Z,200.00,0.0300,0.9700,yes
1857279c-c323-5e9b-2940-889b5ad0b030,KXNEXTIRANLEADER-45JAN01-MMIR,2026-03-01T21:28:07.858598Z,10.00,0.0200,0.9800,no
65ad8c01-0077-65f4-fa00-99244f462d6d,KXNEXTIRANLEADER-45JAN01-MMIR,2026-03-01T21:15:03.483903Z,31.00,0.0300,0.9700,yes
6f69df5c-9267-4137-9e54-e0b7fa63e7ac,KXNEXTIRANLEADER-45JAN01-MMIR,2026-03-01T21:08:04.072047Z,10.00,0.0200,0.9800,no
5b2208f6-8b0f-7978-258d-208de687706d,KXNEXTIRANLEADER-45JAN01-MMIR,2026-03-01T21:06:32.980554Z,7.00,0.0300,0.9700,yes
25f5a7a0-5de7-5a2c-cda7-07d0735e377d,KXNEXTIRANLEADER-45JAN01-MMIR,2026-03-01T21:05:43.140522Z,10.00,0.0300,0.9700,yes
b8639bbb-aa77-4528-df42-751b1b23c329,KXNEXTIRANLEADER-45JAN01-MMIR,2026-03-01T21:05:36.087129Z,7.00,0.0300,0.9700,yes
b58974b5-cddf-579c-31de-82939bac2809,KXNEXTIRANLEADER-45JAN01-MMIR,2026-03-01T21:04:57.021179Z,31.00,0.0300,0.9700,yes
3fc0ea23-6e3f-7d57-b6ce-6b97c41ad9c0,KXNEXTIRANLEADER-45JAN01-MMIR,2026-03-01T20:58:09.481377Z,10.00,0.0200,0.9800,no
fd9aec4c-a398-61e9-14b6-65f4c92e7063,KXNEXTIRANLEADER-45JAN01-MMIR,2026-03-01T20:55:11.949697Z,59.00,0.0300,0.9700,yes
acd8efc9-dc8d-64db-2b4d-d9c0347280e6,KXNEXTIRANLEADER-45JAN01-MMIR,2026-03-01T20:55:11.949697Z,81.00,0.0300,0.9700,yes
566231ec-c00a-67fe-2981-64cbe6335cbd,KXNEXTIRANLEADER-45JAN01-MMIR,2026-03-01T20:55:11.949697Z,10.00,0.0300,0.9700,yes
3f65f521-afa8-6193-0ce5-0ad362da9aea,KXNEXTIRANLEADER-45JAN01-MMIR,2026-03-01T20:55:11.949697Z,1.00,0.0300,0.9700,yes
27243b24-9486-602a-1fdb-be105b843619,KXNEXTIRANLEADER-45JAN01-MMIR,2026-03-01T20:55:11.949697Z,28.00,0.0300,0.9700,yes
2041b97c-ded3-69f9-1124-525cc6cbcfb1,KXNEXTIRANLEADER-45JAN01-MMIR,2026-03-01T20:55:11.949697Z,284.00,0.0300,0.9700,yes
00d9cf34-1173-6230-1eea-419345540dc9,KXNEXTIRANLEADER-45JAN01-MMIR,2026-03-01T20:55:11.949697Z,537.00,0.0300,0.9700,yes
0a364534-115b-489b-ee0e-6f1fcde2e894,KXNEXTIRANLEADER-45JAN01-MMIR,2026-03-01T20:38:02.647992Z,10.00,0.0200,0.9800,no
bff79838-0c75-4c05-4997-51e25f302ad8,KXNEXTIRANLEADER-45JAN01-MMIR,2026-03-01T20:31:05.842117Z,1344.00,0.0300,0.9700,yes
75dc535c-7d63-4195-6806-0bfeb34a43d9,KXNEXTIRANLEADER-45JAN01-MMIR,2026-03-01T20:31:05.842117Z,216.00,0.0300,0.9700,yes
54b1a018-1337-5c23-d709-44830f791adc,KXNEXTIRANLEADER-45JAN01-MMIR,2026-03-01T20:06:15.090032Z,93.00,0.0200,0.9800,no
80efff23-4f63-63c7-877c-fe223d03b714,KXNEXTIRANLEADER-45JAN01-MMIR,2026-03-01T19:22:48.991014Z,20.00,0.0200,0.9800,no
b1e759e7-09d1-54e5-82ab-9804cc89f378,KXNEXTIRANLEADER-45JAN01-MMIR,2026-03-01T19:17:52.164862Z,156.00,0.0300,0.9700,yes
50c72d8a-1241-468d-ea68-4e0197ea5f6c,KXNEXTIRANLEADER-45JAN01-MMIR,2026-03-01T18:40:09.564395Z,3121.00,0.0300,0.9700,yes
7259f850-7479-6b35-1155-cad8746eeea4,KXNEXTIRANLEADER-45JAN01-MMIR,2026-03-01T18:38:12.517892Z,31.00,0.0300,0.9700,yes
383609e1-2a6d-4289-39d3-f8c389b5ee04,KXNEXTIRANLEADER-45JAN01-MMIR,2026-03-01T18:29:50.868277Z,20.00,0.0300,0.9700,yes
ad6f869c-3e23-7a4b-a637-e04038c9a544,KXNEXTIRANLEADER-45JAN01-MMIR,2026-03-01T18:29:48.220272Z,143.00,0.0200,0.9800,no
2cceafe2-8ca5-6579-a796-5090c21c751c,KXNEXTIRANLEADER-45JAN01-MMIR,2026-03-01T18:15:38.714263Z,17.00,0.0300,0.9700,yes
ab893c5c-6a5e-5ffa-fff3-17f2ca754c17,KXNEXTIRANLEADER-45JAN01-MMIR,2026-03-01T17:25:30.376215Z,283.00,0.0300,0.9700,no
6a4886e1-45b8-5f02-c964-5aa463679c74,KXNEXTIRANLEADER-45JAN01-MMIR,2026-03-01T17:25:30.376215Z,28.00,0.0300,0.9700,no
474ec5e4-2992-469e-e306-bcccbc861c5b,KXNEXTIRANLEADER-45JAN01-MMIR,2026-03-01T17:07:15.964071Z,624.00,0.0300,0.9700,no
04ccd122-5730-76f9-057d-628029f56a65,KXNEXTIRANLEADER-45JAN01-MMIR,2026-03-01T16:34:11.238572Z,35.00,0.0500,0.9500,yes
e2330dc4-6400-6953-ce42-3063eb01ecd6,KXNEXTIRANLEADER-45JAN01-MMIR,2026-03-01T16:28:59.878694Z,44.00,0.0500,0.9500,yes
a5955f02-6635-6152-d0c7-40ee1bd577e4,KXNEXTIRANLEADER-45JAN01-MMIR,2026-03-01T16:28:59.878694Z,20.00,0.0500,0.9500,yes
66d0a282-e97c-6095-d8df-ca4f63b8b07d,KXNEXTIRANLEADER-45JAN01-MMIR,2026-03-01T16:28:59.878694Z,26.00,0.0500,0.9500,yes
93ba2972-e7d9-45bb-1b29-efd5b0f0bfbd,KXNEXTIRANLEADER-45JAN01-MMIR,2026-03-01T16:25:46.825579Z,10.00,0.0400,0.9600,no
f4280934-cfbc-7a5d-b1f5-77df0fa14cd5,KXNEXTIRANLEADER-45JAN01-MMIR,2026-03-01T15:35:36.409727Z,1000.00,0.0300,0.9700,yes
c432da82-8cfb-78d1-ba0b-9b3a893c785f,KXNEXTIRANLEADER-45JAN01-MMIR,2026-03-01T15:35:36.409727Z,100.00,0.0300,0.9700,yes
b94edb79-7131-7c97-ae66-f5c1526ded32,KXNEXTIRANLEADER-45JAN01-MMIR,2026-03-01T15:35:36.409727Z,1000.00,0.0300,0.9700,yes
7edd2b04-fcdd-76e1-aa4e-2c21615dc5a5,KXNEXTIRANLEADER-45JAN01-MMIR,2026-03-01T15:35:36.409727Z,10.00,0.0300,0.9700,yes
4d96a884-6dd8-71e3-a827-be3fa150ba47,KXNEXTIRANLEADER-45JAN01-MMIR,2026-03-01T15:35:36.409727Z,4467.00,0.0300,0.9700,yes
3171041f-fdf7-7fe5-999a-b430ce8a65aa,KXNEXTIRANLEADER-45JAN01-MMIR,2026-03-01T15:35:36.409727Z,516.00,0.0300,0.9700,yes
2b77a444-c5be-72bb-93d4-e64de821558c,KXNEXTIRANLEADER-45JAN01-MMIR,2026-03-01T15:35:36.409727Z,1000.00,0.0300,0.9700,yes
19660af3-9f3c-7326-8cb2-57298e5187d3,KXNEXTIRANLEADER-45JAN01-MMIR,2026-03-01T15:35:36.409727Z,1000.00,0.0300,0.9700,yes
1311a8a1-5514-70ce-9606-83f5bfa93c2e,KXNEXTIRANLEADER-45JAN01-MMIR,2026-03-01T15:35:36.409727Z,1000.00,0.0300,0.9700,yes
a920800c-8ef8-6193-1620-7052cdb4ed9f,KXNEXTIRANLEADER-45JAN01-MMIR,2026-03-01T15:16:29.456296Z,31.00,0.0300,0.9700,yes
3cd42edb-d07f-4f2b-ce35-48738915ec6c,KXNEXTIRANLEADER-45JAN01-MMIR,2026-03-01T14:51:16.304768Z,15.00,0.0200,0.9800,no
87dee781-119c-6127-c561-f6058804cf97,KXNEXTIRANLEADER-45JAN01-MMIR,2026-03-01T14:46:13.961447Z,624.00,0.0300,0.9700,yes
58058001-e773-5ab7-016c-a41bc9da4420,KXNEXTIRANLEADER-45JAN01-MMIR,2026-03-01T14:38:43.708333Z,10.00,0.0200,0.9800,no
50b20589-0b30-79cb-109b-89aeb2468f6b,KXNEXTIRANLEADER-45JAN01-MMIR,2026-03-01T14:34:39.104256Z,1000.00,0.0300,0.9700,yes
82723823-aaf0-668f-d336-f357b0eeb84f,KXNEXTIRANLEADER-45JAN01-MMIR,2026-03-01T14:32:53.402759Z,249.00,0.0300,0.9700,yes
e7e891a4-ec37-7daf-0746-94b92d12805c,KXNEXTIRANLEADER-45JAN01-MMIR,2026-03-01T14:28:43.329914Z,10.00,0.0200,0.9800,no
fbe6212e-5980-760b-1ec5-0b3411c9e9ef,KXNEXTIRANLEADER-45JAN01-MMIR,2026-03-01T14:26:16.042233Z,30.00,0.0300,0.9700,yes
cf901a92-b3d7-7f5b-edd7-82dba75050cc,KXNEXTIRANLEADER-45JAN01-MMIR,2026-03-01T13:49:33.714871Z,500.00,0.0200,0.9800,no
538f483f-f893-4727-b577-03440d082d90,KXNEXTIRANLEADER-45JAN01-MMIR,2026-03-01T13:49:11.471216Z,26.00,0.0200,0.9800,no
d07eaf19-b66f-7497-a1e7-7d6b34925988,KXNEXTIRANLEADER-45JAN01-MMIR,2026-03-01T13:49:09.147665Z,28.00,0.0200,0.9800,no
38917575-d9c4-77df-905b-7019ebc60153,KXNEXTIRANLEADER-45JAN01-MMIR,2026-03-01T13:39:09.159426Z,187.00,0.0300,0.9700,yes
51fdca2e-923c-4c47-a252-80bc6b246fb3,KXNEXTIRANLEADER-45JAN01-MMIR,2026-03-01T13:32:20.484392Z,249.00,0.0300,0.9700,yes
6bfbe397-15ff-7adf-a662-b8007afdd8e4,KXNEXTIRANLEADER-45JAN01-MMIR,2026-03-01T13:20:55.034028Z,66.00,0.0200,0.9800,no
113730b6-2897-5ab7-b861-275c1eebcf14,KXNEXTIRANLEADER-45JAN01-MMIR,2026-03-01T13:20:53.802988Z,56.00,0.0200,0.9800,no
0048b1f8-48d7-4717-63dd-9e9f6847ae64,KXNEXTIRANLEADER-45JAN01-MMIR,2026-03-01T13:20:52.571359Z,5.00,0.0200,0.9800,no
fac2fb2a-c30b-73bb-2c46-e7fad9362968,KXNEXTIRANLEADER-45JAN01-MMIR,2026-03-01T13:20:46.995118Z,7.00,0.0200,0.9800,no
cc44bbb0-521f-4ba3-7be1-f38e9cbba278,KXNEXTIRANLEADER-45JAN01-MMIR,2026-03-01T13:20:45.213508Z,5.00,0.0200,0.9800,no
ee9e2b7d-8aaf-5b7b-af2f-11687a394f88,KXNEXTIRANLEADER-45JAN01-MMIR,2026-03-01T13:19:24.456143Z,50.00,0.0200,0.9800,no
4f3a6044-cdf7-6043-8274-ed8d0ee72004,KXNEXTIRANLEADER-45JAN01-MMIR,2026-03-01T13:17:49.299799Z,15.00,0.0200,0.9800,no
8cfd0a25-042f-696b-9c13-01cec0210cec,KXNEXTIRANLEADER-45JAN01-MMIR,2026-03-01T13:17:47.499008Z,35.00,0.0200,0.9800,no
142dfaea-ab9f-4abf-3e59-33253c103240,KXNEXTIRANLEADER-45JAN01-MMIR,2026-03-01T12:37:52.939367Z,17.00,0.0200,0.9800,no
c5ce050b-854f-5d3f-a242-bf5a6122b5c4,KXNEXTIRANLEADER-45JAN01-MMIR,2026-03-01T12:33:22.673109Z,57.00,0.0200,0.9800,no
e1bfcd60-be7f-50c7-956e-16c756269148,KXNEXTIRANLEADER-45JAN01-MMIR,2026-03-01T12:31:37.943918Z,15.00,0.0200,0.9800,no
e3daac67-3a5f-6487-c5f9-6334f3c0ef68,KXNEXTIRANLEADER-45JAN01-MMIR,2026-03-01T12:28:41.735053Z,374.00,0.0200,0.9800,no
b92c43ba-e63b-568b-3c30-5d68257153f4,KXNEXTIRANLEADER-45JAN01-MMIR,2026-03-01T12:05:07.256485Z,28.00,0.0200,0.9800,no
433b5257-186f-458f-82ac-8257466c37cc,KXNEXTIRANLEADER-45JAN01-MMIR,2026-03-01T11:40:49.176248Z,17.00,0.0200,0.9800,no
4870fb6a-30cb-4beb-e121-08f163da1244,KXNEXTIRANLEADER-45JAN01-MMIR,2026-03-01T11:39:13.775794Z,3.00,0.0200,0.9800,no
cb3ca975-040f-79bf-85f7-fd70466d5a50,KXNEXTIRANLEADER-45JAN01-MMIR,2026-03-01T11:39:12.540568Z,3.00,0.0200,0.9800,no
bcb12c4b-b56f-784b-d883-1d388520c0b0,KXNEXTIRANLEADER-45JAN01-MMIR,2026-03-01T11:37:52.171715Z,105.00,0.0200,0.9800,no
64035061-0d4b-5747-af91-6983dc6fe078,KXNEXTIRANLEADER-45JAN01-MMIR,2026-03-01T11:37:50.946147Z,87.00,0.0200,0.9800,no
62a96057-2066-5116-a80d-90da1c5c6076,KXNEXTIRANLEADER-45JAN01-MMIR,2026-03-01T11:37:50.946147Z,32.00,0.0200,0.9800,no
fa79636e-6992-7ae2-e789-2f459130178a,KXNEXTIRANLEADER-45JAN01-MMIR,2026-03-01T11:37:49.713628Z,8.00,0.0200,0.9800,no
5c13529c-bd6e-56b6-3d1e-c27f0aa5e3b2,KXNEXTIRANLEADER-45JAN01-MMIR,2026-03-01T11:37:36.598527Z,17.00,0.0200,0.9800,no
a18a1c6a-70f2-580e-2cd3-b693ea6d9f3e,KXNEXTIRANLEADER-45JAN01-MMIR,2026-03-01T11:28:21.512491Z,374.00,0.0200,0.9800,no
bdd19f48-6232-5292-03cc-8984f1efbd5a,KXNEXTIRANLEADER-45JAN01-MMIR,2026-03-01T11:04:59.710426Z,4.00,0.0200,0.9800,no
11e04eb2-886a-49e6-0d16-cb121a30656e,KXNEXTIRANLEADER-45JAN01-MMIR,2026-03-01T11:04:51.229472Z,28.00,0.0200,0.9800,no
a81f38fa-fe58-4e0b-6e38-2d8d773a375f,KXNEXTIRANLEADER-45JAN01-MMIR,2026-03-01T10:50:44.600537Z,93.00,0.0300,0.9700,yes
7fd066c5-036a-495a-60c6-f3dcad46a602,KXNEXTIRANLEADER-45JAN01-MMIR,2026-03-01T10:41:55.342092Z,58.00,0.0200,0.9800,no
f8726c74-9266-767a-6629-f9341d47b46e,KXNEXTIRANLEADER-45JAN01-MMIR,2026-03-01T10:40:38.967711Z,13.00,0.0200,0.9800,no
7b6ba7eb-eb86-52da-f910-718e677d48d2,KXNEXTIRANLEADER-45JAN01-MMIR,2026-03-01T10:40:30.666487Z,28.00,0.0200,0.9800,no
466e12d9-2b40-7973-d40a-e101766430ef,KXNEXTIRANLEADER-45JAN01-MMIR,2026-03-01T10:40:24.878904Z,4.00,0.0200,0.9800,no
27b91eb4-95c2-766a-ea7c-7126895a036a,KXNEXTIRANLEADER-45JAN01-MMIR,2026-03-01T10:40:24.878904Z,17.00,0.0200,0.9800,no
a85f09f5-6d13-7d21-8925-b710a210079a,KXNEXTIRANLEADER-45JAN01-MMIR,2026-03-01T10:25:17.617508Z,22.00,0.0300,0.9700,no
7c362a34-85aa-7781-9659-e90dccef1a7f,KXNEXTIRANLEADER-45JAN01-MMIR,2026-03-01T10:25:17.617508Z,396.00,0.0300,0.9700,no
5cec35f6-0195-7fbf-93c0-1fc6ba06b3a9,KXNEXTIRANLEADER-45JAN01-MMIR,2026-03-01T10:25:17.617508Z,252.00,0.0300,0.9700,no
5a8c6a41-ff0a-72bc-8b16-998182f22fca,KXNEXTIRANLEADER-45JAN01-MMIR,2026-03-01T10:25:17.617508Z,22.00,0.0300,0.9700,no
55984560-f956-7e16-940e-a5170d6c6125,KXNEXTIRANLEADER-45JAN01-MMIR,2026-03-01T10:25:17.617508Z,57.00,0.0300,0.9700,no
5160fafe-1707-79d3-920f-1fef72921984,KXNEXTIRANLEADER-45JAN01-MMIR,2026-03-01T10:25:17.617508Z,21.00,0.0300,0.9700,no
814b11be-7066-6bc7-6b49-2c24e0499636,KXNEXTIRANLEADER-45JAN01-MMIR,2026-03-01T10:23:20.157336Z,20.00,0.0500,0.9500,no
91dcccd0-ac7e-5edb-df5f-649d231c3bb2,KXNEXTIRANLEADER-45JAN01-MMIR,2026-03-01T10:10:18.348289Z,56.00,0.0500,0.9500,no
e21e8b7c-c722-62d7-995e-10d644ae8fce,KXNEXTIRANLEADER-45JAN01-MMIR,2026-03-01T10:10:17.115931Z,6.00,0.0500,0.9500,no
4b3a0d64-0146-53ff-13f0-f2e12c67c846,KXNEXTIRANLEADER-45JAN01-MMIR,2026-03-01T10:10:13.201838Z,6.00,0.0500,0.9500,no
9fcacbfc-72a6-56df-e61b-b03919ecac2a,KXNEXTIRANLEADER-45JAN01-MMIR,2026-03-01T10:10:11.977718Z,41.00,0.0500,0.9500,no
ca1f2394-2ef6-723b-9f29-be4fa345ff2a,KXNEXTIRANLEADER-45JAN01-MMIR,2026-03-01T10:10:10.754585Z,19.00,0.0500,0.9500,no
bf728306-5d5a-4c7b-c760-46a60c770472,KXNEXTIRANLEADER-45JAN01-MMIR,2026-03-01T10:10:09.522309Z,7.00,0.0500,0.9500,no
1793e50c-e4f6-5333-6493-c4502344ab72,KXNEXTIRANLEADER-45JAN01-MMIR,2026-03-01T10:10:08.291323Z,6.00,0.0500,0.9500,no
f3f8ca63-2bfa-7643-4683-056732d913be,KXNEXTIRANLEADER-45JAN01-MMIR,2026-03-01T10:10:07.055249Z,6.00,0.0500,0.9500,no
dbcdda6f-c2b6-6f73-44d5-4241362f3d7a,KXNEXTIRANLEADER-45JAN01-MMIR,2026-03-01T10:07:53.82417Z,3.00,0.0500,0.9500,no
734decff-99d6-6237-425c-3c56f6b3c6ca,KXNEXTIRANLEADER-45JAN01-MMIR,2026-03-01T10:07:52.592327Z,5.00,0.0500,0.9500,no
7d0c81a1-346e-40f7-82cd-8d61324d8c8e,KXNEXTIRANLEADER-45JAN01-MMIR,2026-03-01T10:07:51.364901Z,10.00,0.0500,0.9500,no
14e08653-9936-7cdb-a4af-741e6571bcfa,KXNEXTIRANLEADER-45JAN01-MMIR,2026-03-01T10:07:50.135381Z,11.00,0.0500,0.9500,no
c9c5cd51-8792-74df-a095-17b667f50526,KXNEXTIRANLEADER-45JAN01-MMIR,2026-03-01T10:07:48.905665Z,35.00,0.0500,0.9500,no
b87475df-3c12-5713-74be-0dd32db37342,KXNEXTIRANLEADER-45JAN01-MMIR,2026-03-01T10:04:55.211867Z,30.00,0.0500,0.9500,no
f7046e7a-7dee-4d87-0564-b5fe8f18cfd6,KXNEXTIRANLEADER-45JAN01-MMIR,2026-03-01T10:04:06.807581Z,39.00,0.0500,0.9500,no
7f1d0a50-d046-66f8-ff75-8ce2030c82b3,KXNEXTIRANLEADER-45JAN01-MMIR,2026-03-01T09:58:41.656588Z,16.00,0.0500,0.9500,no
36bc1beb-a5a6-6878-f7a8-7081ce536797,KXNEXTIRANLEADER-45JAN01-MMIR,2026-03-01T09:54:52.817754Z,9.00,0.0500,0.9500,no
23b701af-b20a-4620-3038-8b90ede68f4b,KXNEXTIRANLEADER-45JAN01-MMIR,2026-03-01T09:54:38.013045Z,16.00,0.0500,0.9500,no
fb020e3a-e872-4c54-9e60-4437f0808f0f,KXNEXTIRANLEADER-45JAN01-MMIR,2026-03-01T09:54:36.773345Z,16.00,0.0500,0.9500,no
16f8966c-8852-6a30-144b-931cff49e2f3,KXNEXTIRANLEADER-45JAN01-MMIR,2026-03-01T09:54:35.542763Z,16.00,0.0500,0.9500,no
5164de35-2e46-7e54-76cb-9d983e615363,KXNEXTIRANLEADER-45JAN01-MMIR,2026-03-01T09:53:48.129875Z,10.00,0.0500,0.9500,no
8e0b5cc5-cff6-5b88-4eba-3d726a519c0f,KXNEXTIRANLEADER-45JAN01-MMIR,2026-03-01T09:53:29.972186Z,17.00,0.0500,0.9500,no
3a50edbe-e86a-50ca-6874-313df73e7945,KXNEXTIRANLEADER-45JAN01-MMIR,2026-03-01T09:53:29.972186Z,6.00,0.0500,0.9500,no
ba487571-fd67-4910-210b-2ad90be90eb7,KXNEXTIRANLEADER-45JAN01-MMIR,2026-03-01T09:52:52.729608Z,10.00,0.0700,0.9300,yes
4fbd333e-23ef-4df5-1e5e-df6856e0a41d,KXNEXTIRANLEADER-45JAN01-MMIR,2026-03-01T09:52:52.729608Z,216.00,0.0800,0.9200,yes
415111dc-11b3-48a9-1d24-b86ac1bf18af,KXNEXTIRANLEADER-45JAN01-MMIR,2026-03-01T09:52:52.729608Z,10.00,0.0800,0.9200,yes
86e14b3c-3032-50ca-f169-6c20cb6fc375,KXNEXTIRANLEADER-45JAN01-MMIR,2026-03-01T09:52:43.377937Z,20.00,0.0500,0.9500,no
0a461ed6-dc7a-5b22-b46a-c8683fd63599,KXNEXTIRANLEADER-45JAN01-MMIR,2026-03-01T09:43:31.873711Z,5.00,0.0500,0.9500,no
6b98a17e-183a-7336-aac3-4e4145f8baf1,KXNEXTIRANLEADER-45JAN01-MMIR,2026-03-01T09:40:14.428798Z,54.00,0.0500,0.9500,no
27e7d4d9-8e7e-59ce-f0c2-e7ca7506a1f9,KXNEXTIRANLEADER-45JAN01-MMIR,2026-03-01T09:40:13.192868Z,3.00,0.0500,0.9500,no
9a56d034-c616-7852-c22d-e95300fd2b59,KXNEXTIRANLEADER-45JAN01-MMIR,2026-03-01T09:38:37.224635Z,5.00,0.0500,0.9500,no
a97140f9-96e2-7952-4bb9-f2285ace7f89,KXNEXTIRANLEADER-45JAN01-MMIR,2026-03-01T09:38:35.990182Z,6.00,0.0500,0.9500,no
cb8e3bc8-b702-4c9a-fac0-cce39e55f29d,KXNEXTIRANLEADER-45JAN01-MMIR,2026-03-01T09:13:49.353146Z,1.00,0.0400,0.9600,no
2c2dd466-0d86-411e-ffef-5898bea767a1,KXNEXTIRANLEADER-45JAN01-MMIR,2026-03-01T08:26:14.718689Z,10.00,0.0300,0.9700,no
b74c08dd-43fe-7caa-b74a-e550d45dbead,KXNEXTIRANLEADER-45JAN01-MMIR,2026-03-01T08:26:12.729705Z,6.00,0.0300,0.9700,no
604e1588-0c8a-41da-be80-8ad491d9eddd,KXNEXTIRANLEADER-45JAN01-MMIR,2026-03-01T08:26:01.592414Z,3.00,0.0300,0.9700,no
5caf5d84-1e16-5572-29cb-24d12cff3cb5,KXNEXTIRANLEADER-45JAN01-MMIR,2026-03-01T08:24:02.709419Z,3.00,0.0300,0.9700,no
e0e7981b-f622-59fe-3a67-b81cfef58fe5,KXNEXTIRANLEADER-45JAN01-MMIR,2026-03-01T08:24:01.479565Z,19.00,0.0300,0.9700,no
65b47036-0a1e-7c66-8a46-52075e2c8fa5,KXNEXTIRANLEADER-45JAN01-MMIR,2026-03-01T08:23:53.175309Z,2.00,0.0300,0.9700,no
23ff2eaa-a6cd-49ea-fb99-1be19a93f51e,KXNEXTIRANLEADER-45JAN01-MMIR,2026-03-01T08:23:51.938222Z,3.00,0.0400,0.9600,no
8fa08a92-91e8-59f9-0b34-d3b1f38c5457,KXNEXTIRANLEADER-45JAN01-MMIR,2026-03-01T08:21:51.081532Z,10.00,0.0200,0.9800,no
9b687d39-1368-4865-d6da-646c5368cd53,KXNEXTIRANLEADER-45JAN01-MMIR,2026-03-01T08:21:49.85671Z,2.00,0.0200,0.9800,no
2f85bd6a-da6c-6b29-156d-6da156a02a6f,KXNEXTIRANLEADER-45JAN01-MMIR,2026-03-01T08:21:48.612609Z,2.00,0.0200,0.9800,no
f4e5f1ee-57b4-46fd-3c6e-46caa91dce1f,KXNEXTIRANLEADER-45JAN01-MMIR,2026-03-01T08:21:48.560378Z,1.00,0.0200,0.9800,no
8e1548b5-91ac-6cc9-504e-4f04be8e10d3,KXNEXTIRANLEADER-45JAN01-MMIR,2026-03-01T08:21:33.990208Z,11.00,0.0200,0.9800,no
86052309-cb30-7111-8367-7390ba45fb2b,KXNEXTIRANLEADER-45JAN01-MMIR,2026-03-01T08:21:32.738248Z,22.00,0.0200,0.9800,no
72c5912a-0630-5849-b5e7-8d09621eaf97,KXNEXTIRANLEADER-45JAN01-MMIR,2026-03-01T08:21:31.514579Z,3.00,0.0200,0.9800,no
9cf69e62-c7ec-4fed-d284-b0d4f52fa6bf,KXNEXTIRANLEADER-45JAN01-MMIR,2026-03-01T08:21:30.332191Z,16.00,0.0200,0.9800,no
1100c33f-94e0-4069-5122-1583b8f3b8d7,KXNEXTIRANLEADER-45JAN01-MMIR,2026-03-01T08:21:30.287835Z,31.00,0.0200,0.9800,no
3b86d53f-5df0-429d-afbb-01aca465a93f,KXNEXTIRANLEADER-45JAN01-MMIR,2026-03-01T08:21:29.056914Z,4.00,0.0200,0.9800,no
cf65caec-eda4-70fd-763a-3a145e10f7c7,KXNEXTIRANLEADER-45JAN01-MMIR,2026-03-01T08:20:28.997657Z,5.00,0.0200,0.9800,no
423cd9a0-3418-40fd-335a-c8d044d2c6c3,KXNEXTIRANLEADER-45JAN01-MMIR,2026-03-01T08:20:28.960287Z,16.00,0.0200,0.9800,no
fb46a553-c20f-45a5-426a-0926facb38d4,KXNEXTIRANLEADER-45JAN01-MMIR,2026-03-01T08:20:25.385243Z,171.00,0.0400,0.9600,yes
f41a418b-ebc5-49f3-718c-41114db07f8a,KXNEXTIRANLEADER-45JAN01-MMIR,2026-03-01T08:20:25.385243Z,334.00,0.0300,0.9700,yes
9df26c7f-279c-4eb1-596e-0dd5b0d21433,KXNEXTIRANLEADER-45JAN01-MMIR,2026-03-01T08:20:25.385243Z,283.00,0.0300,0.9700,yes
9ade38a5-e3a3-45d6-5f70-c1a156758778,KXNEXTIRANLEADER-45JAN01-MMIR,2026-03-01T08:20:25.385243Z,45.00,0.0400,0.9600,yes
8d1db27d-f7dd-43bb-66f6-273a13a94caf,KXNEXTIRANLEADER-45JAN01-MMIR,2026-03-01T08:20:25.385243Z,1.00,0.0300,0.9700,yes
3fff19de-df26-4dcc-5bd0-3ec86aff5c93,KXNEXTIRANLEADER-45JAN01-MMIR,2026-03-01T08:20:25.385243Z,10.00,0.0300,0.9700,yes
2953f236-c48d-4aae-58ab-3595f1f019d3,KXNEXTIRANLEADER-45JAN01-MMIR,2026-03-01T08:20:25.385243Z,20.00,0.0300,0.9700,yes
86bc6ae6-2da4-742d-3bba-ac68e6cc74d7,KXNEXTIRANLEADER-45JAN01-MMIR,2026-03-01T08:17:58.652457Z,25.00,0.0200,0.9800,no
578f8557-7dec-61d1-52fa-fd0b18eec937,KXNEXTIRANLEADER-45JAN01-MMIR,2026-03-01T08:16:33.513399Z,2.00,0.0200,0.9800,no
d358baa4-ed4c-6e31-46e0-f626f0700c6f,KXNEXTIRANLEADER-45JAN01-MMIR,2026-03-01T08:13:40.170525Z,3.00,0.0200,0.9800,no
40be7eb7-317c-4ad1-0709-5e2ac0aab51f,KXNEXTIRANLEADER-45JAN01-MMIR,2026-03-01T08:12:28.645347Z,5.00,0.0200,0.9800,no
588825e4-b8c0-5975-b460-1e877e81ce1b,KXNEXTIRANLEADER-45JAN01-MMIR,2026-03-01T08:00:11.574148Z,14.00,0.0200,0.9800,no
959edb6c-aae8-6dd5-5bda-9805c102952f,KXNEXTIRANLEADER-45JAN01-MMIR,2026-03-01T07:59:06.199694Z,25.00,0.0200,0.9800,no
6e59bd9c-a27c-5075-ce4f-b4782452739b,KXNEXTIRANLEADER-45JAN01-MMIR,2026-03-01T07:56:53.620623Z,22.00,0.0200,0.9800,no
a82eb62f-d964-5fcd-0626-7513a8e222bb,KXNEXTIRANLEADER-45JAN01-MMIR,2026-03-01T07:55:41.154977Z,10.00,0.0200,0.9800,no
408f8723-21d8-6d3d-a7c2-c9bea8d66ec3,KXNEXTIRANLEADER-45JAN01-MMIR,2026-03-01T07:52:44.792676Z,10.00,0.0200,0.9800,no
8a9b9a89-6c8c-49f1-61fe-2c533d51dacf,KXNEXTIRANLEADER-45JAN01-MMIR,2026-03-01T07:50:03.300539Z,20.00,0.0200,0.9800,no
f58a681d-4e50-72d5-ff56-84904ed135af,KXNEXTIRANLEADER-45JAN01-MMIR,2026-03-01T07:49:33.154863Z,59.00,0.0200,0.9800,no
380bde24-ec70-560d-12fb-3bf461072ce3,KXNEXTIRANLEADER-45JAN01-MMIR,2026-03-01T07:48:35.276158Z,54.00,0.0200,0.9800,no
57a8e5ad-131c-7f11-0a61-47d80ff93657,KXNEXTIRANLEADER-45JAN01-MMIR,2026-03-01T07:48:34.049446Z,25.00,0.0200,0.9800,no
29470a55-77a0-4389-b27b-39852580441b,KXNEXTIRANLEADER-45JAN01-MMIR,2026-03-01T07:47:20.440429Z,7.00,0.0200,0.9800,no
b7e54cbc-eebc-48ed-82c5-a10aa9cce463,KXNEXTIRANLEADER-45JAN01-MMIR,2026-03-01T07:47:19.216503Z,15.00,0.0200,0.9800,no
79a497af-19d4-4e35-023f-470bac4ce7fb,KXNEXTIRANLEADER-45JAN01-MMIR,2026-03-01T07:47:17.994122Z,5.00,0.0200,0.9800,no
3f568639-faf4-61ad-4bf1-bfa93cfb32ff,KXNEXTIRANLEADER-45JAN01-MMIR,2026-03-01T07:47:16.76893Z,15.00,0.0200,0.9800,no
690a5ca8-5d48-4d29-9044-0cdfc746dc7f,KXNEXTIRANLEADER-45JAN01-MMIR,2026-03-01T07:47:15.522901Z,15.00,0.0200,0.9800,no
e101ec8f-1048-4a01-dfa8-cda0e9f01813,KXNEXTIRANLEADER-45JAN01-MMIR,2026-03-01T07:47:14.292805Z,64.00,0.0200,0.9800,no
9c69159e-c064-7761-c8ab-423916f1344f,KXNEXTIRANLEADER-45JAN01-MMIR,2026-03-01T07:47:13.062269Z,23.00,0.0200,0.9800,no
d7724b28-9354-7795-6979-854855806f7f,KXNEXTIRANLEADER-45JAN01-MMIR,2026-03-01T07:46:24.171065Z,15.00,0.0200,0.9800,no
ebef9306-7eec-7775-f606-82e47fb63aef,KXNEXTIRANLEADER-45JAN01-MMIR,2026-03-01T07:46:20.50112Z,17.00,0.0200,0.9800,no
d7bc1ea4-6450-7329-1363-81c5ceb1fd13,KXNEXTIRANLEADER-45JAN01-MMIR,2026-03-01T07:42:23.859957Z,92.00,0.0200,0.9800,no
bfb0d4e5-c38c-7965-6365-db0893a62533,KXNEXTIRANLEADER-45JAN01-MMIR,2026-03-01T07:41:15.029218Z,71.00,0.0200,0.9800,no
a4449f55-01c0-5535-e54f-b9fcbe35b44b,KXNEXTIRANLEADER-45JAN01-MMIR,2026-03-01T07:41:08.27493Z,70.00,0.0200,0.9800,no
4d1dd1c1-f6e8-4ec9-438c-02f14645d72f,KXNEXTIRANLEADER-45JAN01-MMIR,2026-03-01T07:40:41.947002Z,80.00,0.0200,0.9800,no
3f10c28b-4e54-6d85-c1bb-75d3be3a84c7,KXNEXTIRANLEADER-45JAN01-MMIR,2026-03-01T07:40:19.066287Z,57.00,0.0200,0.9800,no
7dfa0f18-c7a0-4d21-dd51-4868eb621db3,KXNEXTIRANLEADER-45JAN01-MMIR,2026-03-01T07:40:08.953807Z,56.00,0.0200,0.9800,no
7e21b84f-8d2c-727d-5ac3-2f30bd8b9003,KXNEXTIRANLEADER-45JAN01-MMIR,2026-03-01T07:40:05.700864Z,14.00,0.0200,0.9800,no
e60fc763-ab50-6b25-1397-36e90dcb32eb,KXNEXTIRANLEADER-45JAN01-MMIR,2026-03-01T07:40:04.447525Z,80.00,0.0200,0.9800,no
c3763db3-efbc-772d-57f4-bebf5afaa20b,KXNEXTIRANLEADER-45JAN01-MMIR,2026-03-01T07:38:12.730255Z,95.00,0.0200,0.9800,no
52fcde59-3cc8-63b1-3ad2-0a3de9b29407,KXNEXTIRANLEADER-45JAN01-MMIR,2026-03-01T07:38:01.87547Z,25.00,0.0200,0.9800,no
9614d40c-9c68-63c5-8c9c-5d2c399a6de3,KXNEXTIRANLEADER-45JAN01-MMIR,2026-03-01T07:37:51.71285Z,91.00,0.0200,0.9800,no
ba2ee03f-9fc8-51ad-758f-bfb4097c0abb,KXNEXTIRANLEADER-45JAN01-MMIR,2026-03-01T07:37:50.484195Z,69.00,0.0200,0.9800,no
9075a8c9-15f8-514d-e048-b7b3a13bdf5f,KXNEXTIRANLEADER-45JAN01-MMIR,2026-03-01T07:37:49.255614Z,9.00,0.0200,0.9800,no
5c8369e7-3bef-5ffb-fff2-6c0df9e5c4ae,KXNEXTIRANLEADER-45JAN01-MMIR,2026-03-01T07:37:49.255614Z,2.00,0.0200,0.9800,no
523a915b-07af-5a9c-c491-4afebbe11bca,KXNEXTIRANLEADER-45JAN01-MMIR,2026-03-01T07:37:49.255614Z,5.00,0.0200,0.9800,no
09e43075-74db-59f4-c037-1184f39acd47,KXNEXTIRANLEADER-45JAN01-MMIR,2026-03-01T07:37:49.255614Z,61.00,0.0200,0.9800,no
fd5624ad-fb97-7e9c-1d98-9496654a797b,KXNEXTIRANLEADER-45JAN01-MMIR,2026-03-01T07:37:09.230829Z,83.00,0.0200,0.9800,no
430cbb20-27cb-68e4-8c51-747ccbe2201f,KXNEXTIRANLEADER-45JAN01-MMIR,2026-03-01T07:36:31.76174Z,35.00,0.0200,0.9800,no
d415971b-72d7-6da8-34a0-bbee14dfb51b,KXNEXTIRANLEADER-45JAN01-MMIR,2026-03-01T07:36:29.52309Z,140.00,0.0200,0.9800,no
7bae14ac-4b8b-4f64-4a72-974849904853,KXNEXTIRANLEADER-45JAN01-MMIR,2026-03-01T07:36:28.293498Z,85.00,0.0200,0.9800,no
685969f2-4317-6994-b3f4-39b04faa2ab3,KXNEXTIRANLEADER-45JAN01-MMIR,2026-03-01T07:36:27.064814Z,33.00,0.0200,0.9800,no
9b19557a-6033-7218-f6f6-f3484635c4ff,KXNEXTIRANLEADER-45JAN01-MMIR,2026-03-01T07:36:18.970128Z,67.00,0.0200,0.9800,no
21675a0f-b15f-63f0-a473-78eb2a3f31a7,KXNEXTIRANLEADER-45JAN01-MMIR,2026-03-01T07:36:17.73436Z,42.00,0.0200,0.9800,no
2fcad0b4-37af-4a38-41e6-807bf44f67bb,KXNEXTIRANLEADER-45JAN01-MMIR,2026-03-01T07:34:46.283672Z,33.00,0.0200,0.9800,no
917b183a-ab97-7378-afe5-5eda69c9aacf,KXNEXTIRANLEADER-45JAN01-MMIR,2026-03-01T07:34:28.327158Z,19.00,0.0200,0.9800,no
c7cc334c-339b-488c-c1b3-a13e5bd1302b,KXNEXTIRANLEADER-45JAN01-MMIR,2026-03-01T07:34:12.73336Z,24.00,0.0200,0.9800,no
ad1a8334-37db-7ae0-7a93-1fa2f7f6c61f,KXNEXTIRANLEADER-45JAN01-MMIR,2026-03-01T07:33:43.900627Z,3.00,0.0200,0.9800,no
eeb675a1-b0b3-702c-91d5-7e739cff59ff,KXNEXTIRANLEADER-45JAN01-MMIR,2026-03-01T07:33:29.581962Z,105.00,0.0200,0.9800,no
9cae291c-eaad-7a73-4ef3-22648fa1bbe2,KXNEXTIRANLEADER-45JAN01-MMIR,2026-03-01T07:33:22.695502Z,31.00,0.0300,0.9700,yes
92f8d97d-8c97-6f48-0ca4-b745cc7d5db7,KXNEXTIRANLEADER-45JAN01-MMIR,2026-03-01T07:33:15.322855Z,91.00,0.0200,0.9800,no
d7519b28-89a3-7788-e444-06ce47b4726f,KXNEXTIRANLEADER-45JAN01-MMIR,2026-03-01T07:32:53.386935Z,16.00,0.0200,0.9800,no
9c300cef-13ef-55d4-2136-291617b90167,KXNEXTIRANLEADER-45JAN01-MMIR,2026-03-01T07:32:28.263375Z,24.00,0.0200,0.9800,no
016a7fde-712b-4098-4462-6650f3d17683,KXNEXTIRANLEADER-45JAN01-MMIR,2026-03-01T07:32:27.029738Z,54.00,0.0200,0.9800,no
f7ad3a91-0dbf-5344-1d3b-e65748a81c3f,KXNEXTIRANLEADER-45JAN01-MMIR,2026-03-01T07:32:21.880948Z,95.00,0.0200,0.9800,no
12a6a5b9-b14f-573c-02e9-1150a99f9d0f,KXNEXTIRANLEADER-45JAN01-MMIR,2026-03-01T07:32:20.64718Z,114.00,0.0200,0.9800,no
f1f52760-8a43-6f48-85e1-f33a319f594f,KXNEXTIRANLEADER-45JAN01-MMIR,2026-03-01T07:32:13.268585Z,30.00,0.0200,0.9800,no
0459274b-fe2b-4e50-687b-aef2846ae63b,KXNEXTIRANLEADER-45JAN01-MMIR,2026-03-01T07:32:00.714492Z,56.00,0.0200,0.9800,no
a14aa439-cb87-6f88-a31b-7d479d5fa3f7,KXNEXTIRANLEADER-45JAN01-MMIR,2026-03-01T07:31:55.392234Z,34.00,0.0200,0.9800,no
e441bc85-cf4f-7080-29ff-08e6d6efc19f,KXNEXTIRANLEADER-45JAN01-MMIR,2026-03-01T07:31:39.405542Z,72.00,0.0200,0.9800,no
a9dddaaf-ed9d-748b-f631-e7449eb094d2,KXNEXTIRANLEADER-45JAN01-MMIR,2026-03-01T07:14:15.641148Z,218.00,0.0300,0.9700,yes
51434f07-327f-5860-ee4d-381f0de6334b,KXNEXTIRANLEADER-45JAN01-MMIR,2026-03-01T07:10:44.36827Z,23.00,0.0200,0.9800,no
a6a1f018-fd43-57d4-bf08-7da0a140cfff,KXNEXTIRANLEADER-45JAN01-MMIR,2026-03-01T07:06:20.928002Z,42.00,0.0200,0.9800,no
f87a0527-86ef-46b8-b268-566f9fbbd2cf,KXNEXTIRANLEADER-45JAN01-MMIR,2026-03-01T07:05:41.49358Z,33.00,0.0200,0.9800,no
7893aa9f-e709-6fd7-0f1b-ab6957eb8172,KXNEXTIRANLEADER-45JAN01-MMIR,2026-03-01T06:46:14.478579Z,374.00,0.0300,0.9700,yes
0c6ec30e-6b3f-4750-86df-c4d398a84d3b,KXNEXTIRANLEADER-45JAN01-MMIR,2026-03-01T06:32:00.017231Z,16.00,0.0200,0.9800,no
4203d539-630f-6f8c-f4c7-452788589b2b,KXNEXTIRANLEADER-45JAN01-MMIR,2026-03-01T06:31:45.147202Z,16.00,0.0200,0.9800,no
c43595a4-0937-5da8-eed7-93aaa41656fb,KXNEXTIRANLEADER-45JAN01-MMIR,2026-03-01T06:30:33.165631Z,16.00,0.0200,0.9800,no
129f10b2-42df-5348-8620-fa21ca9ab217,KXNEXTIRANLEADER-45JAN01-MMIR,2026-03-01T06:30:31.927965Z,16.00,0.0200,0.9800,no
6d2c82d1-8f67-7094-0b49-cc98fa5a260b,KXNEXTIRANLEADER-45JAN01-MMIR,2026-03-01T06:27:41.975186Z,50.00,0.0200,0.9800,no
11b6f1c1-f023-66f0-6509-0e7a18d008e7,KXNEXTIRANLEADER-45JAN01-MMIR,2026-03-01T06:27:30.805376Z,27.00,0.0200,0.9800,no
4d66b136-c70b-5c38-5cbb-2f632cf2730b,KXNEXTIRANLEADER-45JAN01-MMIR,2026-03-01T06:27:29.566457Z,10.00,0.0200,0.9800,no
508e227c-221f-511c-dd5c-df7e4f27aa53,KXNEXTIRANLEADER-45JAN01-MMIR,2026-03-01T06:23:10.784469Z,30.00,0.0200,0.9800,no
7bea25d9-24af-4a20-cde9-c84a3e5fa593,KXNEXTIRANLEADER-45JAN01-MMIR,2026-03-01T06:22:51.650521Z,25.00,0.0200,0.9800,no
2f19fc15-07bb-4a88-25f8-b7eaa4368e3f,KXNEXTIRANLEADER-45JAN01-MMIR,2026-03-01T06:16:48.8731Z,76.00,0.0200,0.9800,no
42ad0e34-d505-7fbb-cec1-0ed49f70e97e,KXNEXTIRANLEADER-45JAN01-MMIR,2026-03-01T06:16:03.869195Z,31.00,0.0300,0.9700,yes
df0651e3-82c7-736c-595d-2cdbafd9c0df,KXNEXTIRANLEADER-45JAN01-MMIR,2026-03-01T06:15:37.800315Z,31.00,0.0200,0.9800,no
671aca37-1415-661b-f16c-053e546bb95e,KXNEXTIRANLEADER-45JAN01-MMIR,2026-03-01T06:13:07.295291Z,12.00,0.0300,0.9700,yes
499cf5a9-f7c9-6f6f-c0b5-a1c07138b330,KXNEXTIRANLEADER-45JAN01-MMIR,2026-03-01T06:13:07.295291Z,19.00,0.0300,0.9700,yes
5ba90b34-9345-59c3-2107-006c16f4943c,KXNEXTIRANLEADER-45JAN01-MMIR,2026-03-01T06:06:58.57554Z,10.00,0.0300,0.9700,yes
0cb4b54b-67ef-7e2c-ca98-e3a9d6f272b3,KXNEXTIRANLEADER-45JAN01-MMIR,2026-03-01T06:06:21.208846Z,5.00,0.0200,0.9800,no
6bbfa099-8ff3-4da0-d72d-9e12c1862a0f,KXNEXTIRANLEADER-45JAN01-MMIR,2026-03-01T06:06:11.10012Z,28.00,0.0200,0.9800,no
b6fa7d66-2f3b-6bdc-2ff1-5cdccf913b27,KXNEXTIRANLEADER-45JAN01-MMIR,2026-03-01T05:58:16.359687Z,12.00,0.0200,0.9800,no
5f171c50-75a3-40d0-dec5-695da9dabd87,KXNEXTIRANLEADER-45JAN01-MMIR,2026-03-01T05:44:01.693887Z,181.00,0.0200,0.9800,no
a2974f60-3cd3-614c-2cfd-d2d2d605d97b,KXNEXTIRANLEADER-45JAN01-MMIR,2026-03-01T05:44:01.661927Z,100.00,0.0200,0.9800,no
71f95521-088b-5f3c-c313-71e08335137b,KXNEXTIRANLEADER-45JAN01-MMIR,2026-03-01T05:43:58.290252Z,5.00,0.0200,0.9800,no
deacf37a-fd9f-462c-a913-c7dc7f52c8ab,KXNEXTIRANLEADER-45JAN01-MMIR,2026-03-01T05:43:57.022321Z,255.00,0.0200,0.9800,no
27a50c5b-6dc5-4b7e-91cc-457da53f1830,KXNEXTIRANLEADER-45JAN01-MMIR,2026-03-01T05:43:57.022321Z,72.00,0.0300,0.9700,no
bdfe5bea-785b-5bb0-1780-373e4a59d8b3,KXNEXTIRANLEADER-45JAN01-MMIR,2026-03-01T05:43:47.972885Z,441.00,0.0200,0.9800,no
6f379be9-c4ff-61b4-35cc-e0eceb76a267,KXNEXTIRANLEADER-45JAN01-MMIR,2026-03-01T05:43:46.455746Z,122.00,0.0200,0.9800,no
596c3721-e613-6ae0-140c-17285f5266a7,KXNEXTIRANLEADER-45JAN01-MMIR,2026-03-01T05:43:45.506552Z,124.00,0.0200,0.9800,no
506dc0cf-6063-624b-0de0-850f70329f10,KXNEXTIRANLEADER-45JAN01-MMIR,2026-03-01T05:43:45.506552Z,5.00,0.0200,0.9800,no
8f191318-6ba1-7e47-f755-3a744adb92d9,KXNEXTIRANLEADER-45JAN01-MMIR,2026-03-01T05:43:45.227664Z,28.00,0.0300,0.9700,no
c084e8ef-0859-731f-2a36-bcd3ef19ef45,KXNEXTIRANLEADER-45JAN01-MMIR,2026-03-01T05:43:43.7106Z,31.00,0.0300,0.9700,no
5a585f1b-fa99-79ff-b1a0-761092786365,KXNEXTIRANLEADER-45JAN01-MMIR,2026-03-01T05:43:42.466335Z,22.00,0.0300,0.9700,no
76b9a407-9111-73eb-d52d-f390d8dde759,KXNEXTIRANLEADER-45JAN01-MMIR,2026-03-01T05:43:40.930515Z,59.00,0.0300,0.9700,no
2cd82629-b849-49f3-8751-7dfe1fbf971d,KXNEXTIRANLEADER-45JAN01-MMIR,2026-03-01T05:43:39.701121Z,77.00,0.0300,0.9700,no
3d2d6da7-7b41-5aff-d162-05a68ea194cd,KXNEXTIRANLEADER-45JAN01-MMIR,2026-03-01T05:43:19.016145Z,10.00,0.0300,0.9700,no
a3bdfd3f-86c9-6797-d2c0-b7567821dae1,KXNEXTIRANLEADER-45JAN01-MMIR,2026-03-01T05:43:18.379819Z,196.00,0.0300,0.9700,no
701f3037-f5b1-5b97-9efd-30dca891343d,KXNEXTIRANLEADER-45JAN01-MMIR,2026-03-01T05:43:16.547991Z,58.00,0.0300,0.9700,no
3fe1672e-5749-703b-20de-9e785a83a795,KXNEXTIRANLEADER-45JAN01-MMIR,2026-03-01T05:43:16.049688Z,7.00,0.0300,0.9700,no
a0eb3ada-a265-795f-5e83-6e6fa46a4939,KXNEXTIRANLEADER-45JAN01-MMIR,2026-03-01T05:43:15.319939Z,25.00,0.0300,0.9700,no
eabfc176-aa55-49b3-47f6-cda88f67c959,KXNEXTIRANLEADER-45JAN01-MMIR,2026-03-01T05:43:13.001257Z,37.00,0.0300,0.9700,no
f536c2a4-4385-7beb-6d51-cae60b2d5445,KXNEXTIRANLEADER-45JAN01-MMIR,2026-03-01T05:43:05.348545Z,50.00,0.0300,0.9700,no
fdd03ca7-6b15-6497-cd21-db52568e88ed,KXNEXTIRANLEADER-45JAN01-MMIR,2026-03-01T05:43:03.848889Z,11.00,0.0300,0.9700,no
c88a7ebe-3bd9-6cd3-6591-9557d6d37325,KXNEXTIRANLEADER-45JAN01-MMIR,2026-03-01T05:42:51.697495Z,189.00,0.0300,0.9700,no
654da3b9-7b4d-72db-e63c-b90ee02d62c5,KXNEXTIRANLEADER-45JAN01-MMIR,2026-03-01T05:42:50.556622Z,8.00,0.0300,0.9700,no
f7e35cb4-7ad9-64db-25f3-d09a48959ff1,KXNEXTIRANLEADER-45JAN01-MMIR,2026-03-01T05:42:49.308796Z,13.00,0.0300,0.9700,no
639076a5-31c5-6e77-1252-2e0d45194799,KXNEXTIRANLEADER-45JAN01-MMIR,2026-03-01T05:42:48.756111Z,3.00,0.0300,0.9700,no
63746dec-4d3f-62a3-074d-79dbe19a56ba,KXNEXTIRANLEADER-45JAN01-MMIR,2026-03-01T05:42:48.756111Z,1.00,0.0400,0.9600,no
acdb681e-709f-5dbb-10c0-76777d3bedf6,KXNEXTIRANLEADER-45JAN01-MMIR,2026-03-01T05:42:43.853017Z,1.00,0.0400,0.9600,no
73a5aa89-a925-5c0b-08e4-5a3d53f55667,KXNEXTIRANLEADER-45JAN01-MMIR,2026-03-01T05:42:43.853017Z,20.00,0.0500,0.9500,no
c300c6f3-1956-4c90-e915-b3670371f5a8,KXNEXTIRANLEADER-45JAN01-MMIR,2026-03-01T05:42:32.821704Z,26.00,0.0700,0.9300,yes
218ef134-deaf-4966-c5f5-79e84b911bed,KXNEXTIRANLEADER-45JAN01-MMIR,2026-03-01T05:26:57.825913Z,105.00,0.0900,0.9100,yes
d449ff79-4b96-5233-aced-1b1be2677b56,KXNEXTIRANLEADER-45JAN01-MMIR,2026-03-01T05:21:23.330563Z,100.00,0.0400,0.9600,yes
7c89aa0b-f484-54cf-9bfc-c0d1dffc223c,KXNEXTIRANLEADER-45JAN01-MMIR,2026-03-01T05:21:23.330563Z,2.00,0.1800,0.8200,yes
127a1ddc-03e6-51ea-bc83-d1d7c11ad508,KXNEXTIRANLEADER-45JAN01-MMIR,2026-03-01T05:21:23.330563Z,100.00,0.0300,0.9700,yes
e319d403-1cb2-7b80-60a5-9129f4687c7a,KXNEXTIRANLEADER-45JAN01-MMIR,2026-03-01T05:20:58.523584Z,10.00,0.0200,0.9800,yes
e14cde8e-ab60-776b-4f02-4b085234fd11,KXNEXTIRANLEADER-45JAN01-MMIR,2026-03-01T05:20:58.523584Z,1000.00,0.0200,0.9800,yes
d59f4b83-d082-78d3-6a5b-6a6f8556824b,KXNEXTIRANLEADER-45JAN01-MMIR,2026-03-01T05:20:58.523584Z,50.00,0.0200,0.9800,yes
d4ab3561-bb30-7bb8-4b3a-651f75f6e8f8,KXNEXTIRANLEADER-45JAN01-MMIR,2026-03-01T05:20:58.523584Z,3758.00,0.0200,0.9800,yes
d3ea5715-561f-7a4c-7135-0ca66d5639f9,KXNEXTIRANLEADER-45JAN01-MMIR,2026-03-01T05:20:58.523584Z,2000.00,0.0200,0.9800,yes
cec93179-d6aa-735a-6a93-124379877cdb,KXNEXTIRANLEADER-45JAN01-MMIR,2026-03-01T05:20:58.523584Z,231.00,0.0200,0.9800,yes
c6ca1cdc-cd1f-7fd9-6589-e03afbdd2415,KXNEXTIRANLEADER-45JAN01-MMIR,2026-03-01T05:20:58.523584Z,1000.00,0.0200,0.9800,yes
c0184f2b-b9df-7a25-7ba8-f5251daaf899,KXNEXTIRANLEADER-45JAN01-MMIR,2026-03-01T05:20:58.523584Z,2000.00,0.0200,0.9800,yes
b62a5882-86c5-7075-5a41-f5ef9e215573,KXNEXTIRANLEADER-45JAN01-MMIR,2026-03-01T05:20:58.523584Z,1000.00,0.0200,0.9800,yes
9b38e614-ce98-76c5-5ce5-37f1058380cb,KXNEXTIRANLEADER-45JAN01-MMIR,2026-03-01T05:20:58.523584Z,1000.00,0.0200,0.9800,yes
8f716cc2-ed78-7424-7fa4-0bbaf9e89ed3,KXNEXTIRANLEADER-45JAN01-MMIR,2026-03-01T05:20:58.523584Z,10.00,0.0200,0.9800,yes
6a49822f-5e56-771a-56a7-1a083bd5d28b,KXNEXTIRANLEADER-45JAN01-MMIR,2026-03-01T05:20:58.523584Z,2000.00,0.0200,0.9800,yes
5882e18f-3e51-7c23-429e-8b6c8b53d7ac,KXNEXTIRANLEADER-45JAN01-MMIR,2026-03-01T05:20:58.523584Z,5000.00,0.0200,0.9800,yes
52f55653-606f-76ce-7549-3ffd2520fa4f,KXNEXTIRANLEADER-45JAN01-MMIR,2026-03-01T05:20:58.523584Z,1000.00,0.0200,0.9800,yes
2ae22de8-4df5-79c4-65a3-1a6e0d78ef89,KXNEXTIRANLEADER-45JAN01-MMIR,2026-03-01T05:20:58.523584Z,1000.00,0.0200,0.9800,yes
22f65608-69ed-7966-410e-455c8a1cd9d7,KXNEXTIRANLEADER-45JAN01-MMIR,2026-03-01T05:20:58.523584Z,2000.00,0.0200,0.9800,yes
e14edc0a-e0e8-7590-a0a2-d949554181dc,KXNEXTIRANLEADER-45JAN01-MMIR,2026-03-01T05:15:48.0082Z,46.00,0.0200,0.9800,yes
c144e16e-258c-6980-a754-347dc960a6a0,KXNEXTIRANLEADER-45JAN01-MMIR,2026-03-01T05:07:35.618234Z,46.00,0.0200,0.9800,yes
02b0dd86-298d-694b-6215-5dd395ebe321,KXNEXTIRANLEADER-45JAN01-MMIR,2026-03-01T05:01:45.636734Z,249.00,0.0100,0.9900,no
e57cc646-f718-56f6-5d96-a70f826a5814,KXNEXTIRANLEADER-45JAN01-MMIR,2026-03-01T04:54:43.932083Z,930.00,0.0200,0.9800,yes
772c8899-6354-57b0-56c6-68526177a8a0,KXNEXTIRANLEADER-45JAN01-MMIR,2026-03-01T04:54:43.932083Z,150.00,0.0200,0.9800,yes
4922cc57-edfc-6112-009e-9f5d003e539c,KXNEXTIRANLEADER-45JAN01-MMIR,2026-03-01T04:49:30.677884Z,1.00,0.0200,0.9800,yes
75af469b-2cac-6826-f0df-303cb2ca3dc0,KXNEXTIRANLEADER-45JAN01-MMIR,2026-03-01T04:47:46.129054Z,46.00,0.0200,0.9800,yes
90c5952b-7324-4fca-35f8-adf6efd0220c,KXNEXTIRANLEADER-45JAN01-MMIR,2026-03-01T04:38:08.330433Z,129.00,0.0200,0.9800,yes
ce94e901-8b00-7542-78e7-36321a5a3348,KXNEXTIRANLEADER-45JAN01-MMIR,2026-03-01T04:33:44.656742Z,50.00,0.0200,0.9800,yes
66e46a24-ad38-501e-8665-7046170991a0,KXNEXTIRANLEADER-45JAN01-MMIR,2026-03-01T04:30:22.465905Z,46.00,0.0200,0.9800,yes
f7ca937b-18f8-5862-1576-cf60626c080c,KXNEXTIRANLEADER-45JAN01-MMIR,2026-03-01T04:30:20.334175Z,1000.00,0.0200,0.9800,yes
a3538287-6954-691e-291f-7d82c02f16d4,KXNEXTIRANLEADER-45JAN01-MMIR,2026-03-01T04:24:24.431593Z,46.00,0.0200,0.9800,yes
936f233d-3721-4407-1f76-b6c5d6a1ac3d,KXNEXTIRANLEADER-45JAN01-MMIR,2026-03-01T04:22:24.16509Z,10.00,0.0100,0.9900,no
d1048f46-ce31-52d7-ca7d-33100395e265,KXNEXTIRANLEADER-45JAN01-MMIR,2026-03-01T04:11:17.407219Z,41.00,0.0100,0.9900,no
c7629fc1-974c-6d92-3111-d98644cd0dc0,KXNEXTIRANLEADER-45JAN01-MMIR,2026-03-01T04:08:59.300353Z,23.00,0.0200,0.9800,yes
e111583a-daec-63ae-dce2-25d0b2370978,KXNEXTIRANLEADER-45JAN01-MMIR,2026-03-01T04:04:37.104715Z,17.00,0.0200,0.9800,yes
c90abdc1-16a5-6cd7-a34f-efeb3a74a519,KXNEXTIRANLEADER-45JAN01-MMIR,2026-03-01T04:03:19.742504Z,1500.00,0.0100,0.9900,no
4780a845-ad60-5cd2-e3bc-e46e691823ec,KXNEXTIRANLEADER-45JAN01-MMIR,2026-03-01T03:55:15.68212Z,23.00,0.0200,0.9800,yes
2f903a80-881e-69e2-e9da-1c6a7486c7a6,KXNEXTIRANLEADER-45JAN01-MMIR,2026-03-01T03:38:31.0606Z,153.00,0.0100,0.9900,no
11b2fd7b-c0aa-5676-ae53-ce9b767f2436,KXNEXTIRANLEADER-45JAN01-MMIR,2026-03-01T03:37:06.566147Z,42.00,0.0100,0.9900,no
8f48c318-7d74-78be-36eb-b3b08988dc9c,KXNEXTIRANLEADER-45JAN01-MMIR,2026-03-01T03:32:27.944773Z,46.00,0.0200,0.9800,yes
ece8c5f7-bd08-5d42-6d07-4984f6d2d670,KXNEXTIRANLEADER-45JAN01-MMIR,2026-03-01T03:26:28.999513Z,1637.00,0.0200,0.9800,yes
7a0b8b63-34ca-7584-2666-c8dad137aa3d,KXNEXTIRANLEADER-45JAN01-MMIR,2026-03-01T03:19:18.743305Z,6.00,0.0200,0.9800,no
431183f1-dca8-79b5-1735-f3035d2de3f6,KXNEXTIRANLEADER-45JAN01-MMIR,2026-03-01T03:19:18.743305Z,1000.00,0.0200,0.9800,no
fb06ce80-3d76-6846-2d61-59772f393724,KXNEXTIRANLEADER-45JAN01-MMIR,2026-03-01T02:46:42.801807Z,33.00,0.0100,0.9900,no
a801d9a3-bb4a-6856-3407-98bbf502d57e,KXNEXTIRANLEADER-45JAN01-MMIR,2026-03-01T02:46:42.801807Z,36.00,0.0100,0.9900,no
0d8f1b69-703e-65e1-0e01-fe05e93053a4,KXNEXTIRANLEADER-45JAN01-MMIR,2026-03-01T02:46:42.801807Z,1.00,0.0100,0.9900,no
aa3afa47-b092-698a-79e5-ef0b805ad1a2,KXNEXTIRANLEADER-45JAN01-MMIR,2026-03-01T02:44:54.516077Z,9.00,0.0200,0.9800,yes
1c5763bc-40ed-6e48-7bc0-672c38fb515f,KXNEXTIRANLEADER-45JAN01-MMIR,2026-03-01T02:44:54.516077Z,1241.00,0.0300,0.9700,yes
167290c6-af8e-6541-5ec5-05235a8ddc44,KXNEXTIRANLEADER-45JAN01-MMIR,2026-03-01T02:44:54.516077Z,1406.00,0.0400,0.9600,yes
3f2913c9-e3ee-7556-340e-39e9414f85c0,KXNEXTIRANLEADER-45JAN01-MMIR,2026-03-01T02:29:49.299409Z,8.00,0.0100,0.9900,no
6221eee1-d0c6-7337-ee5d-0cbd82676107,KXNEXTIRANLEADER-45JAN01-MMIR,2026-03-01T02:29:41.396361Z,9.00,0.0200,0.9800,no
a302efa5-f3b6-6987-d864-92e90742aa33,KXNEXTIRANLEADER-45JAN01-MMIR,2026-03-01T02:29:21.367169Z,1241.00,0.0200,0.9800,no
30e38887-d0a7-6c54-f57d-13b8c0d6e65a,KXNEXTIRANLEADER-45JAN01-MMIR,2026-03-01T02:29:21.367169Z,1559.00,0.0200,0.9800,no
9a69c314-c307-4a68-c047-9b0cd7291f22,KXNEXTIRANLEADER-45JAN01-MMIR,2026-03-01T02:28:06.784267Z,71.00,0.0200,0.9800,no
2050b736-9d27-689c-0ec2-08663839ec0e,KXNEXTIRANLEADER-45JAN01-MMIR,2026-03-01T02:26:59.660033Z,5.00,0.0200,0.9800,no
34dbb08d-b37e-5771-308b-0b8a0b550a4c,KXNEXTIRANLEADER-45JAN01-MMIR,2026-03-01T02:26:46.256022Z,4.00,0.0400,0.9600,yes
04520f84-330a-5e25-0afd-b0d7d06cb29f,KXNEXTIRANLEADER-45JAN01-MMIR,2026-03-01T02:26:46.256022Z,25.00,0.0300,0.9700,yes
82fddf61-7f7f-5f78-402e-8f538e333582,KXNEXTIRANLEADER-45JAN01-MMIR,2026-03-01T02:24:47.791188Z,62.00,0.0200,0.9800,no
8c0c72ff-0cab-5b74-b750-fb157714e4ca,KXNEXTIRANLEADER-45JAN01-MMIR,2026-03-01T02:24:46.455431Z,2.00,0.0200,0.9800,no
475b6978-ac17-7224-189d-06d72d4c107a,KXNEXTIRANLEADER-45JAN01-MMIR,2026-03-01T02:24:45.209258Z,2.00,0.0200,0.9800,no
6f09b0a1-8f83-5b84-f76b-24ab921c544a,KXNEXTIRANLEADER-45JAN01-MMIR,2026-03-01T02:24:45.180859Z,1.00,0.0200,0.9800,no
e5a7112a-b58f-5cf0-2b18-01383bac18ba,KXNEXTIRANLEADER-45JAN01-MMIR,2026-03-01T02:24:22.892472Z,5.00,0.0200,0.9800,no
dbdbed37-f607-4058-2301-5f7fa5b86f62,KXNEXTIRANLEADER-45JAN01-MMIR,2026-03-01T02:24:20.840262Z,2.00,0.0200,0.9800,no
2b7e331f-3a2b-43dc-c611-7c7383ad90c2,KXNEXTIRANLEADER-45JAN01-MMIR,2026-03-01T02:24:16.717461Z,57.00,0.0200,0.9800,no
03813abc-d7b3-544c-2c85-d9eda9a5e6f2,KXNEXTIRANLEADER-45JAN01-MMIR,2026-03-01T02:24:16.228196Z,5.00,0.0200,0.9800,no
f0891a5b-8fab-5b8c-26f5-4fdb1570d5c6,KXNEXTIRANLEADER-45JAN01-MMIR,2026-03-01T02:24:15.239795Z,4.00,0.0200,0.9800,no
40749d0c-7bfb-4ef4-83ee-eac37af59652,KXNEXTIRANLEADER-45JAN01-MMIR,2026-03-01T02:24:13.151372Z,36.00,0.0200,0.9800,no
f57245cd-672f-6964-5c8b-7a989196e656,KXNEXTIRANLEADER-45JAN01-MMIR,2026-03-01T02:23:20.665386Z,9.00,0.0200,0.9800,no
b964f585-e6af-7ed8-7eb4-79e98645fe1a,KXNEXTIRANLEADER-45JAN01-MMIR,2026-03-01T02:23:09.463856Z,14.00,0.0200,0.9800,no
b94c91b3-7bcf-66a0-09fd-0a21f63aee5a,KXNEXTIRANLEADER-45JAN01-MMIR,2026-03-01T02:23:07.402273Z,60.00,0.0200,0.9800,no
2eeffd0c-50ab-5614-1718-313e24faf74a,KXNEXTIRANLEADER-45JAN01-MMIR,2026-03-01T02:23:06.168318Z,6.00,0.0200,0.9800,no
2783c621-8783-6dd8-33ec-c3340dd6d1f2,KXNEXTIRANLEADER-45JAN01-MMIR,2026-03-01T02:23:04.936892Z,7.00,0.0200,0.9800,no
fc0ce49d-e10b-668c-91bf-4c273e06e6ca,KXNEXTIRANLEADER-45JAN01-MMIR,2026-03-01T02:23:03.697191Z,11.00,0.0200,0.9800,no
996b32e8-0deb-6c70-402f-f21b8f555d3e,KXNEXTIRANLEADER-45JAN01-MMIR,2026-03-01T02:22:53.512413Z,2.00,0.0200,0.9800,no
525d86a4-3f1f-50d4-f5ba-d4a3c7128966,KXNEXTIRANLEADER-45JAN01-MMIR,2026-03-01T02:22:52.450609Z,298.00,0.0200,0.9800,no
fb0991d6-d9b7-4574-a5f4-2b6d775e0d0e,KXNEXTIRANLEADER-45JAN01-MMIR,2026-03-01T02:22:50.136097Z,17.00,0.0200,0.9800,no
c082e4fa-a99f-5f14-6667-3f6c80aad782,KXNEXTIRANLEADER-45JAN01-MMIR,2026-03-01T02:22:32.849448Z,8.00,0.0200,0.9800,no
a1cca142-eab7-7998-3883-90b6538eeb3e,KXNEXTIRANLEADER-45JAN01-MMIR,2026-03-01T02:22:17.512247Z,11.00,0.0200,0.9800,no
db1ee483-952f-7f50-2b70-7eef90df5bba,KXNEXTIRANLEADER-45JAN01-MMIR,2026-03-01T02:22:12.382623Z,85.00,0.0200,0.9800,no
41860ecd-6a9b-51a8-ccaa-8e2b1d79917e,KXNEXTIRANLEADER-45JAN01-MMIR,2026-03-01T02:22:11.147292Z,4.00,0.0200,0.9800,no
95aba782-471b-6030-4288-d6edb40d225a,KXNEXTIRANLEADER-45JAN01-MMIR,2026-03-01T02:22:08.890162Z,12.00,0.0200,0.9800,no
7a6347d5-237b-4ac0-7e20-cd8c2f97cdf6,KXNEXTIRANLEADER-45JAN01-MMIR,2026-03-01T02:21:51.066062Z,12.00,0.0200,0.9800,no
6fdff2ea-5cd6-4de1-f5fd-600e790bd693,KXNEXTIRANLEADER-45JAN01-MMIR,2026-03-01T02:19:29.992744Z,31.00,0.0300,0.9700,yes
cc5c5e34-03fb-4f80-3b57-13dc4eca676a,KXNEXTIRANLEADER-45JAN01-MMIR,2026-03-01T02:19:24.070254Z,7.00,0.0200,0.9800,no
4ef124d7-6a73-69a8-936b-36b1c7324a0a,KXNEXTIRANLEADER-45JAN01-MMIR,2026-03-01T02:19:11.614321Z,20.00,0.0200,0.9800,no
83391ca0-0933-6edc-a3cd-8f5023843b42,KXNEXTIRANLEADER-45JAN01-MMIR,2026-03-01T02:19:03.349607Z,11.00,0.0200,0.9800,no
8c36a88e-444b-7a20-60e3-584bdfb3648e,KXNEXTIRANLEADER-45JAN01-MMIR,2026-03-01T02:19:03.281739Z,20.00,0.0200,0.9800,no
9efdd677-e81b-73e4-2653-b89c86f0848a,KXNEXTIRANLEADER-45JAN01-MMIR,2026-03-01T02:19:02.119929Z,17.00,0.0200,0.9800,no
61132da4-aa3f-52bc-773f-3043fb920806,KXNEXTIRANLEADER-45JAN01-MMIR,2026-03-01T02:19:00.869341Z,3.00,0.0200,0.9800,no
6b00e977-2e03-67f0-3b2e-6c8a6193d09e,KXNEXTIRANLEADER-45JAN01-MMIR,2026-03-01T02:18:08.273889Z,1.00,0.0200,0.9800,no
7333be55-9617-5dd4-b838-4ee61d491b32,KXNEXTIRANLEADER-45JAN01-MMIR,2026-03-01T02:18:04.153087Z,2.00,0.0200,0.9800,no
b51e2330-6573-4344-98a2-b8dd7b58232e,KXNEXTIRANLEADER-45JAN01-MMIR,2026-03-01T02:17:45.649559Z,4.00,0.0200,0.9800,no
5b93c15b-b8ff-760c-d9af-0e2c1c36793a,KXNEXTIRANLEADER-45JAN01-MMIR,2026-03-01T02:17:30.63163Z,12.00,0.0200,0.9800,no
e49a3a76-0e6f-7b24-8544-b804fa5149c6,KXNEXTIRANLEADER-45JAN01-MMIR,2026-03-01T02:16:57.21434Z,7.00,0.0200,0.9800,no
31d90e8a-2aef-52b8-a63b-4bbd50060aae,KXNEXTIRANLEADER-45JAN01-MMIR,2026-03-01T02:16:55.241169Z,14.00,0.0200,0.9800,no
c3692127-a113-7d60-4fe0-6d8a7e4aca26,KXNEXTIRANLEADER-45JAN01-MMIR,2026-03-01T02:16:45.51079Z,15.00,0.0200,0.9800,no
33f82c06-b14f-5fcc-fd87-7e85759b0af6,KXNEXTIRANLEADER-45JAN01-MMIR,2026-03-01T02:16:16.418595Z,10.00,0.0200,0.9800,no
9146ef29-4113-6f3c-5c27-867ebae98df6,KXNEXTIRANLEADER-45JAN01-MMIR,2026-03-01T02:15:22.644912Z,16.00,0.0200,0.9800,no
79010691-a1fb-4f38-39d8-3777c2614c76,KXNEXTIRANLEADER-45JAN01-MMIR,2026-03-01T02:14:42.278131Z,8.00,0.0200,0.9800,no
e2eef71e-835b-53e0-09cb-5922620fd94e,KXNEXTIRANLEADER-45JAN01-MMIR,2026-03-01T02:14:19.379438Z,2.00,0.0200,0.9800,no
284ba4b4-24f3-45b0-ce3e-0dd4b486917e,KXNEXTIRANLEADER-45JAN01-MMIR,2026-03-01T02:13:57.981483Z,4.00,0.0200,0.9800,no
4881c3f9-aa97-5b24-4920-755cb88a0af6,KXNEXTIRANLEADER-45JAN01-MMIR,2026-03-01T02:12:48.224201Z,44.00,0.0200,0.9800,no
0d68db8c-36ca-65e1-6d9c-e0488c9c39e7,KXNEXTIRANLEADER-45JAN01-MMIR,2026-03-01T02:11:21.161678Z,62.00,0.0300,0.9700,yes
0bd77c73-59a3-7ac4-4645-4aa56c066196,KXNEXTIRANLEADER-45JAN01-MMIR,2026-03-01T02:09:55.591496Z,25.00,0.0200,0.9800,no
998e504c-23bf-4f14-cf6d-beae3ba0db82,KXNEXTIRANLEADER-45JAN01-MMIR,2026-03-01T02:09:44.943004Z,77.00,0.0200,0.9800,no
8995ac8a-e153-6bac-40ae-e97c39765cee,KXNEXTIRANLEADER-45JAN01-MMIR,2026-03-01T02:09:20.28644Z,28.00,0.0200,0.9800,no
261f5e23-c9af-6458-49a6-ad58f12803de,KXNEXTIRANLEADER-45JAN01-MMIR,2026-03-01T02:09:00.729991Z,31.00,0.0200,0.9800,no
4c768a99-e7e7-5a78-e183-82a2cdec5fba,KXNEXTIRANLEADER-45JAN01-MMIR,2026-03-01T02:08:28.158955Z,47.00,0.0200,0.9800,no
b63a3052-bc6f-43fc-6c90-0a705e00de12,KXNEXTIRANLEADER-45JAN01-MMIR,2026-03-01T02:07:59.935812Z,47.00,0.0200,0.9800,no
17c17d99-4a82-5df5-28de-f12814681b43,KXNEXTIRANLEADER-45JAN01-MMIR,2026-03-01T01:57:41.329718Z,312.00,0.0300,0.9700,yes
c5ab7436-6243-4e9c-4d94-6d32f4bb8cd6,KXNEXTIRANLEADER-45JAN01-MMIR,2026-03-01T01:55:17.162203Z,8.00,0.0200,0.9800,no
b069e062-5ccf-6ebc-e54f-3c943a9a11c2,KXNEXTIRANLEADER-45JAN01-MMIR,2026-03-01T01:52:51.083448Z,75.00,0.0200,0.9800,no
be3f2ce1-0cce-4a71-512a-3da8919a02db,KXNEXTIRANLEADER-45JAN01-MMIR,2026-03-01T01:50:53.089868Z,1236.00,0.0300,0.9700,yes
a5590353-212e-4146-70a1-febb7bb7c755,KXNEXTIRANLEADER-45JAN01-MMIR,2026-03-01T01:50:53.089868Z,382.00,0.0300,0.9700,yes
9ad4d026-a68b-40eb-51da-1099a957d0cd,KXNEXTIRANLEADER-45JAN01-MMIR,2026-03-01T01:50:53.089868Z,64.00,0.0300,0.9700,yes
972d1b03-a8dc-4e61-637c-f297db2cef6a,KXNEXTIRANLEADER-45JAN01-MMIR,2026-03-01T01:50:53.089868Z,2000.00,0.0300,0.9700,yes
22156136-0376-48e1-74e9-d5b5f0c5d8af,KXNEXTIRANLEADER-45JAN01-MMIR,2026-03-01T01:50:53.089868Z,1000.00,0.0300,0.9700,yes
d39c37b0-a67b-5f94-aa71-6f92183a930e,KXNEXTIRANLEADER-45JAN01-MMIR,2026-03-01T01:47:35.921086Z,13.00,0.0200,0.9800,no
896d1328-06eb-76c4-94d4-05af46cc4fd2,KXNEXTIRANLEADER-45JAN01-MMIR,2026-03-01T01:44:06.79627Z,64.00,0.0200,0.9800,no
90953e51-c877-5420-e322-dc4846f88a3a,KXNEXTIRANLEADER-45JAN01-MMIR,2026-03-01T01:43:34.847601Z,59.00,0.0200,0.9800,no
ccf23000-07f3-6fd8-13dc-8a5777e4d512,KXNEXTIRANLEADER-45JAN01-MMIR,2026-03-01T01:43:33.613012Z,36.00,0.0200,0.9800,no
d54749b3-72a3-59a0-1781-7fa2bd8442ce,KXNEXTIRANLEADER-45JAN01-MMIR,2026-03-01T01:43:32.375342Z,36.00,0.0200,0.9800,no
830b3abd-32cf-4668-7d85-825522003f5e,KXNEXTIRANLEADER-45JAN01-MMIR,2026-03-01T01:43:31.152098Z,20.00,0.0200,0.9800,no
1eb2dc58-0c5f-4560-7328-af5427e9f562,KXNEXTIRANLEADER-45JAN01-MMIR,2026-03-01T01:43:29.916814Z,23.00,0.0200,0.9800,no
b0a42cb2-3e03-52a8-2a82-403d4524644a,KXNEXTIRANLEADER-45JAN01-MMIR,2026-03-01T01:43:26.571869Z,20.00,0.0200,0.9800,no
94b5abc8-5b1f-4e3c-eb6e-801a603d09fa,KXNEXTIRANLEADER-45JAN01-MMIR,2026-03-01T01:43:25.341339Z,10.00,0.0200,0.9800,no
c558ba01-55cb-5998-6c12-9320fed1f76e,KXNEXTIRANLEADER-45JAN01-MMIR,2026-03-01T01:43:24.096985Z,88.00,0.0200,0.9800,no
6c41466e-7a0e-7bc4-851c-3e8a81467136,KXNEXTIRANLEADER-45JAN01-MMIR,2026-03-01T01:42:31.720164Z,942.00,0.0300,0.9700,yes
58ffbbd8-323a-78ce-9f15-d72d8a2fbff1,KXNEXTIRANLEADER-45JAN01-MMIR,2026-03-01T01:42:31.720164Z,618.00,0.0300,0.9700,yes
e0086c80-1b52-7f60-947d-202371d0cc3a,KXNEXTIRANLEADER-45JAN01-MMIR,2026-03-01T01:25:40.054941Z,15.00,0.0300,0.9700,yes
72a99672-69b6-5e80-e976-5e08e27facc2,KXNEXTIRANLEADER-45JAN01-MMIR,2026-03-01T01:04:22.514475Z,500.00,0.0300,0.9700,yes
1099fb8b-1b6a-646c-1073-8be276f228d2,KXNEXTIRANLEADER-45JAN01-MMIR,2026-03-01T00:41:06.347444Z,312.00,0.0300,0.9700,yes
bbd1f9f3-5bc6-4ed0-48aa-08e792fe6b6a,KXNEXTIRANLEADER-45JAN01-MMIR,2026-03-01T00:33:45.108712Z,31.00,0.0300,0.9700,yes
310c5e2e-6dfb-4e8f-3ac2-eae70a249a5b,KXNEXTIRANLEADER-45JAN01-MMIR,2026-02-28T23:41:47.542426Z,2.00,0.0300,0.9700,no
4f736848-3cac-67c2-c410-cf776320e262,KXNEXTIRANLEADER-45JAN01-MMIR,2026-02-28T23:37:20.455827Z,2.00,0.0300,0.9700,yes
c805f243-a107-6f1c-8823-1ec56491f7de,KXNEXTIRANLEADER-45JAN01-MMIR,2026-02-28T23:35:36.985499Z,1.00,0.0300,0.9700,no
e36c02b7-85ca-5172-0d8e-c3bd3140525a,KXNEXTIRANLEADER-45JAN01-MMIR,2026-02-28T23:35:32.513644Z,1366.00,0.0300,0.9700,yes
c3a268ce-c93a-566c-2b69-22f3da4d9fde,KXNEXTIRANLEADER-45JAN01-MMIR,2026-02-28T23:35:32.513644Z,4000.00,0.0300,0.9700,yes
c0f8c846-3b17-5231-3dfe-54a002e860fd,KXNEXTIRANLEADER-45JAN01-MMIR,2026-02-28T23:35:32.513644Z,55.00,0.0300,0.9700,yes
3c314462-ff6c-5833-33e6-7cbd3a1ed13d,KXNEXTIRANLEADER-45JAN01-MMIR,2026-02-28T23:35:32.513644Z,2.00,0.0300,0.9700,yes
f8417815-f95b-64ec-f76c-f7aad95f0a06,KXNEXTIRANLEADER-45JAN01-MMIR,2026-02-28T23:18:27.554276Z,3.00,0.0200,0.9800,no
1db72d34-b0f6-772a-8123-9bd30508fb2e,KXNEXTIRANLEADER-45JAN01-MMIR,2026-02-28T23:11:27.292771Z,100.00,0.0300,0.9700,yes
82fdba9d-d157-450c-d949-ae19d99451f6,KXNEXTIRANLEADER-45JAN01-MMIR,2026-02-28T23:06:32.559481Z,181.00,0.0200,0.9800,no
9c6b0eba-717b-59c8-3b62-e6ab090414c6,KXNEXTIRANLEADER-45JAN01-MMIR,2026-02-28T23:04:00.553198Z,1.00,0.0200,0.9800,no
c5a5aa2b-77ab-4cdc-2fb6-e02e557dfd3e,KXNEXTIRANLEADER-45JAN01-MMIR,2026-02-28T23:03:59.318979Z,1.00,0.0200,0.9800,no
d510eaae-c647-4988-b7bb-752676d230ee,KXNEXTIRANLEADER-45JAN01-MMIR,2026-02-28T23:03:59.021042Z,141.00,0.0200,0.9800,no
97b0ba0f-f133-41c0-b216-2b2caf5014fe,KXNEXTIRANLEADER-45JAN01-MMIR,2026-02-28T23:01:44.625262Z,1.00,0.0200,0.9800,no
23c0976d-0d6b-5b88-2b57-81a20de0948a,KXNEXTIRANLEADER-45JAN01-MMIR,2026-02-28T23:01:43.387744Z,1.00,0.0200,0.9800,no
8a2f36a6-689e-74d6-05d9-5aa40a7d3e92,KXNEXTIRANLEADER-45JAN01-MMIR,2026-02-28T22:37:58.405744Z,93.00,0.0300,0.9700,yes
4482e00a-8e52-451a-bddf-b86a79fcd736,KXNEXTIRANLEADER-45JAN01-MMIR,2026-02-28T22:31:41.799941Z,6.00,0.0300,0.9700,yes
c0cdec0b-e15e-4f1e-ed19-da7a8ba67bae,KXNEXTIRANLEADER-45JAN01-MMIR,2026-02-28T22:27:48.549483Z,31.00,0.0300,0.9700,yes
c9d07b1f-fc5e-50f2-559f-93e5710e090e,KXNEXTIRANLEADER-45JAN01-MMIR,2026-02-28T22:26:11.962437Z,780.00,0.0300,0.9700,yes
c8d253f8-9797-7b38-df83-ed7b593a2652,KXNEXTIRANLEADER-45JAN01-MMIR,2026-02-28T22:21:21.527263Z,300.00,0.0200,0.9800,no
0004ef06-a77f-7564-6cd5-8f79868127ce,KXNEXTIRANLEADER-45JAN01-MMIR,2026-02-28T22:21:16.020313Z,47.00,0.0200,0.9800,no
a164c273-7692-77de-fdad-8f903d621e0a,KXNEXTIRANLEADER-45JAN01-MMIR,2026-02-28T22:18:51.8097Z,624.00,0.0300,0.9700,yes
7a545420-599c-57d4-138f-8db4035bfc4b,KXNEXTIRANLEADER-45JAN01-MMIR,2026-02-28T22:09:12.250331Z,31.00,0.0300,0.9700,yes
7cfad879-71f7-5f5c-ff47-f3eb24e9769a,KXNEXTIRANLEADER-45JAN01-MMIR,2026-02-28T22:03:33.437336Z,33.00,0.0200,0.9800,no
7a90a136-1b4e-681a-41d1-1990fd01c53b,KXNEXTIRANLEADER-45JAN01-MMIR,2026-02-28T21:58:06.973571Z,124.00,0.0300,0.9700,yes
a141cd6a-aff4-605c-6198-b1967464dc0f,KXNEXTIRANLEADER-45JAN01-MMIR,2026-02-28T21:56:21.61701Z,70.00,0.0400,0.9600,yes
91206315-7a14-5e7c-ed84-3862415dbef7,KXNEXTIRANLEADER-45JAN01-MMIR,2026-02-28T21:51:03.938959Z,23.00,0.0400,0.9600,yes
1e9d4c1e-e7a8-5fa4-fe29-67ae747582cf,KXNEXTIRANLEADER-45JAN01-MMIR,2026-02-28T21:47:33.894388Z,26.00,0.0400,0.9600,yes
d96c56ef-1b9c-7508-0363-0005b987e30b,KXNEXTIRANLEADER-45JAN01-MMIR,2026-02-28T21:34:41.191732Z,70.00,0.0400,0.9600,yes
ac5dead4-9ec0-7ce0-fdf2-df94e8f068ab,KXNEXTIRANLEADER-45JAN01-MMIR,2026-02-28T21:33:46.602872Z,117.00,0.0400,0.9600,yes
02420fda-a03c-5623-60ad-500d044506ee,KXNEXTIRANLEADER-45JAN01-MMIR,2026-02-28T21:30:30.748166Z,33.00,0.0200,0.9800,no
68d45156-7178-6737-c417-96e2ccc53f22,KXNEXTIRANLEADER-45JAN01-MMIR,2026-02-28T21:30:24.676199Z,20.00,0.0200,0.9800,no
ec07fc13-a4e0-4b97-05d0-31361bde6762,KXNEXTIRANLEADER-45JAN01-MMIR,2026-02-28T21:30:16.84467Z,11.00,0.0200,0.9800,no
bb0655c7-c224-6b9b-0e08-8af0cbf6f9fa,KXNEXTIRANLEADER-45JAN01-MMIR,2026-02-28T21:30:09.67464Z,10.00,0.0200,0.9800,no
79eff9d8-c40d-732e-4f73-868401ecf724,KXNEXTIRANLEADER-45JAN01-MMIR,2026-02-28T21:25:26.218941Z,25.00,0.0300,0.9700,no
31a404bc-7dc8-7bbc-fbac-cffee9d9e9ef,KXNEXTIRANLEADER-45JAN01-MMIR,2026-02-28T21:21:41.380059Z,234.00,0.0400,0.9600,yes
970edde8-4334-6be0-997d-aede1fa623cb,KXNEXTIRANLEADER-45JAN01-MMIR,2026-02-28T21:11:24.361687Z,200.00,0.0400,0.9600,yes
d6d142f1-02f8-6a3c-5f8d-ac6fd84d9eef,KXNEXTIRANLEADER-45JAN01-MMIR,2026-02-28T21:07:38.091282Z,21.00,0.0400,0.9600,yes
314d6e14-72b5-63cd-7ffc-aae8e649a9e4,KXNEXTIRANLEADER-45JAN01-MMIR,2026-02-28T21:07:38.091282Z,79.00,0.0300,0.9700,yes
cdbcf693-5deb-4677-0865-9ddaf6975c7b,KXNEXTIRANLEADER-45JAN01-MMIR,2026-02-28T21:04:53.628837Z,10.00,0.0300,0.9700,yes
ac670a0c-3e99-425d-17cb-840795897694,KXNEXTIRANLEADER-45JAN01-MMIR,2026-02-28T21:04:53.628837Z,21.00,0.0300,0.9700,yes
2d540a41-dc34-5a47-4ebc-4400fde98cca,KXNEXTIRANLEADER-45JAN01-MMIR,2026-02-28T20:59:17.707861Z,89.00,0.0200,0.9800,no
1ada4029-d73c-53bb-7862-9ba9fa74e75e,KXNEXTIRANLEADER-45JAN01-MMIR,2026-02-28T20:59:03.421317Z,18.00,0.0200,0.9800,no
ef3367e2-655c-6d7b-59ae-341c39d3e0c2,KXNEXTIRANLEADER-45JAN01-MMIR,2026-02-28T20:58:56.461273Z,16.00,0.0200,0.9800,no
5bf6187b-89c8-50f7-e9d7-a19e633b3cba,KXNEXTIRANLEADER-45JAN01-MMIR,2026-02-28T20:58:51.434446Z,33.00,0.0200,0.9800,no
1436c595-5fd0-6f97-02ff-5157d304c6b6,KXNEXTIRANLEADER-45JAN01-MMIR,2026-02-28T20:58:50.587572Z,7.00,0.0200,0.9800,no
286c84c5-e5e4-543b-da94-c405a9b8acf2,KXNEXTIRANLEADER-45JAN01-MMIR,2026-02-28T20:58:48.339482Z,21.00,0.0200,0.9800,no
771b2fd5-3658-7fbf-a50f-037b1ec2dfba,KXNEXTIRANLEADER-45JAN01-MMIR,2026-02-28T20:58:44.065134Z,4.00,0.0200,0.9800,no
24686fc4-898c-4e1f-6b6c-1c78f4cde632,KXNEXTIRANLEADER-45JAN01-MMIR,2026-02-28T20:58:43.983403Z,27.00,0.0200,0.9800,no
f7a2be00-fe28-4bf3-5649-838ee343423e,KXNEXTIRANLEADER-45JAN01-MMIR,2026-02-28T20:58:43.955921Z,27.00,0.0200,0.9800,no
49094afb-b048-593f-4800-e1d1e42bdcb2,KXNEXTIRANLEADER-45JAN01-MMIR,2026-02-28T20:58:40.066961Z,10.00,0.0200,0.9800,no
fd9489db-aae4-50a3-dd42-74d5040955ca,KXNEXTIRANLEADER-45JAN01-MMIR,2026-02-28T20:58:35.756955Z,7.00,0.0200,0.9800,no
c192afbf-a964-63a7-001d-b27c20400042,KXNEXTIRANLEADER-45JAN01-MMIR,2026-02-28T20:57:46.380382Z,8.00,0.0200,0.9800,no
8a53409d-ff9e-5187-64c7-d78bb36982da,KXNEXTIRANLEADER-45JAN01-MMIR,2026-02-28T20:55:59.330895Z,208.00,0.0400,0.9600,yes
00111f97-73f6-5f8a-6619-8fb6ce14024e,KXNEXTIRANLEADER-45JAN01-MMIR,2026-02-28T20:55:59.330895Z,21.00,0.0500,0.9500,yes
72c46632-1f74-795b-0ba7-7d5c02723c7a,KXNEXTIRANLEADER-45JAN01-MMIR,2026-02-28T20:51:07.838924Z,202.00,0.0200,0.9800,no
9bbdb4d8-176c-6ff7-148d-f0ade1653a2e,KXNEXTIRANLEADER-45JAN01-MMIR,2026-02-28T20:49:46.593632Z,23.00,0.0200,0.9800,no
1ff5f42f-87ee-692e-8602-69363d0a3bb4,KXNEXTIRANLEADER-45JAN01-MMIR,2026-02-28T20:48:48.112922Z,55.00,0.0100,0.9900,no
4ec027cc-980a-5a3a-972c-18ada7c7187c,KXNEXTIRANLEADER-45JAN01-MMIR,2026-02-28T20:48:29.19478Z,18.00,0.0100,0.9900,no
a8251c4c-7fb6-5f5e-31ab-64f2849174e0,KXNEXTIRANLEADER-45JAN01-MMIR,2026-02-28T20:48:27.973273Z,3.00,0.0100,0.9900,no
e8ff155e-4ae2-4216-6aa8-ae354fe97470,KXNEXTIRANLEADER-45JAN01-MMIR,2026-02-28T20:45:06.489843Z,4.00,0.0100,0.9900,no
bfb8a213-606e-602e-2fe3-a30ef8617480,KXNEXTIRANLEADER-45JAN01-MMIR,2026-02-28T20:44:57.802649Z,15.00,0.0100,0.9900,no
469e327d-7222-742e-7903-f92b7d6c5ce8,KXNEXTIRANLEADER-45JAN01-MMIR,2026-02-28T20:44:50.325678Z,7.00,0.0100,0.9900,no
0f09adef-fd86-6e32-ba36-af0a902972cc,KXNEXTIRANLEADER-45JAN01-MMIR,2026-02-28T20:44:45.441862Z,1.00,0.0100,0.9900,no
1834e405-fa22-566e-9f9d-5968988f43fc,KXNEXTIRANLEADER-45JAN01-MMIR,2026-02-28T20:44:43.534817Z,9.00,0.0100,0.9900,no
ea0ce6f3-4b6a-5bc2-94e2-4f76b3968350,KXNEXTIRANLEADER-45JAN01-MMIR,2026-02-28T20:44:42.310676Z,2.00,0.0100,0.9900,no
ecf858cb-e06a-75de-a20b-8a77f8539078,KXNEXTIRANLEADER-45JAN01-MMIR,2026-02-28T20:44:41.672433Z,1.00,0.0100,0.9900,no
d9bb2769-9bc6-6077-adcd-5368ce438cab,KXNEXTIRANLEADER-45JAN01-MMIR,2026-02-28T20:44:40.067727Z,1.00,0.0200,0.9800,no
f09de099-a7a2-619a-5d8d-c60516703fc8,KXNEXTIRANLEADER-45JAN01-MMIR,2026-02-28T20:44:29.489916Z,2.00,0.0100,0.9900,no
8e6a2182-b116-70e6-66fc-61189902bc68,KXNEXTIRANLEADER-45JAN01-MMIR,2026-02-28T20:44:28.25398Z,1.00,0.0100,0.9900,no
cb785efa-774a-536e-6810-1c016944122c,KXNEXTIRANLEADER-45JAN01-MMIR,2026-02-28T20:44:26.969231Z,55.00,0.0100,0.9900,no
f6b2bf85-bb9a-5292-e8ef-2c26a9ef0328,KXNEXTIRANLEADER-45JAN01-MMIR,2026-02-28T20:44:26.159073Z,1.00,0.0100,0.9900,no
74be8186-653a-4566-6fb1-e9ea0ec76bb8,KXNEXTIRANLEADER-45JAN01-MMIR,2026-02-28T20:44:23.24625Z,12.00,0.0100,0.9900,no
9ac23dd5-dc16-69d6-13eb-59f92caa6d50,KXNEXTIRANLEADER-45JAN01-MMIR,2026-02-28T20:44:22.020286Z,7.00,0.0100,0.9900,no
f68f4edb-7be8-501e-750a-235ed7f8cf1d,KXNEXTIRANLEADER-45JAN01-MMIR,2026-02-28T20:44:20.844246Z,1.00,0.0200,0.9800,no
b60266ef-7779-586f-458f-77daa4a76062,KXNEXTIRANLEADER-45JAN01-MMIR,2026-02-28T20:44:20.844246Z,4.00,0.0300,0.9700,no
74ecb54e-e039-5103-9df2-6c22e0004bba,KXNEXTIRANLEADER-45JAN01-MMIR,2026-02-28T20:44:20.797105Z,1.00,0.0300,0.9700,no
674ee5ac-bd1c-56bc-90f6-e1ff5f5f1989,KXNEXTIRANLEADER-45JAN01-MMIR,2026-02-28T20:40:35.889742Z,1.00,0.0300,0.9700,no
a908e29a-ad4c-5ae7-84b9-c72e7e81e987,KXNEXTIRANLEADER-45JAN01-MMIR,2026-02-28T20:40:31.930136Z,17.00,0.2500,0.7500,yes
68276fb1-ec2a-5edf-8b6c-ff77c7ad5ac2,KXNEXTIRANLEADER-45JAN01-MMIR,2026-02-28T20:40:31.930136Z,3.00,0.1600,0.8400,yes
0e8c69e2-f984-500d-d68f-6d4a17c3349a,KXNEXTIRANLEADER-45JAN01-MMIR,2026-02-28T20:40:22.244153Z,7.00,0.0300,0.9700,no
e9bbad48-8980-6559-395a-edf691dc856e,KXNEXTIRANLEADER-45JAN01-MMIR,2026-02-28T20:39:33.109351Z,26.00,0.0300,0.9700,no
7a4bbdc7-16da-6977-0bf3-e3eb4587d21e,KXNEXTIRANLEADER-45JAN01-MMIR,2026-02-28T20:39:33.109351Z,82.00,0.0500,0.9500,no
fe2d058d-d366-67bf-58b7-69f642ab9b5a,KXNEXTIRANLEADER-45JAN01-MMIR,2026-02-28T20:39:13.856786Z,59.00,0.0500,0.9500,no
762b823d-cc66-7c57-326b-6542a84399a6,KXNEXTIRANLEADER-45JAN01-MMIR,2026-02-28T20:38:59.51597Z,3.00,0.0500,0.9500,no
c87e94a8-62b2-636b-342d-027759bd49b6,KXNEXTIRANLEADER-45JAN01-MMIR,2026-02-28T20:38:19.850975Z,20.00,0.0500,0.9500,no
db6cbc06-d152-5687-b8dc-3be6d77d856a,KXNEXTIRANLEADER-45JAN01-MMIR,2026-02-28T20:37:37.84467Z,9.00,0.0500,0.9500,no
86853a4e-fec2-67c7-bdba-7c743cbda346,KXNEXTIRANLEADER-45JAN01-MMIR,2026-02-28T20:36:33.289359Z,22.00,0.0500,0.9500,no
9068f1ea-5c5e-68f7-0d30-9976431ef196,KXNEXTIRANLEADER-45JAN01-MMIR,2026-02-28T20:36:32.527809Z,1.00,0.0500,0.9500,no
92c68667-128e-5ae7-a67f-dd1ea0a393d2,KXNEXTIRANLEADER-45JAN01-MMIR,2026-02-28T20:36:24.990049Z,4.00,0.0500,0.9500,no
0ec405a0-e7ba-479b-a2dc-8e13c9f3821a,KXNEXTIRANLEADER-45JAN01-MMIR,2026-02-28T20:36:11.205477Z,21.00,0.0500,0.9500,no
7e3c36de-bfda-66df-34cb-19805d8d0b7a,KXNEXTIRANLEADER-45JAN01-MMIR,2026-02-28T20:35:58.174909Z,10.00,0.0500,0.9500,no
adad6c08-8fbe-640f-df1b-ddd5cfc8f60e,KXNEXTIRANLEADER-45JAN01-MMIR,2026-02-28T20:35:48.733003Z,74.00,0.0500,0.9500,no
6e7f9225-aaa6-66e3-c3ef-e7a11ac651ea,KXNEXTIRANLEADER-45JAN01-MMIR,2026-02-28T20:35:17.374916Z,6.00,0.0500,0.9500,no
fcf373b0-fcf2-45a7-b126-8cc0e7a45612,KXNEXTIRANLEADER-45JAN01-MMIR,2026-02-28T20:35:14.230896Z,122.00,0.0500,0.9500,no
0ab6135c-5a4a-58af-3dbb-caab8494d666,KXNEXTIRANLEADER-45JAN01-MMIR,2026-02-28T20:35:07.93723Z,2.00,0.0500,0.9500,no
28650a39-d886-4fb7-1968-bd7c2ae79b46,KXNEXTIRANLEADER-45JAN01-MMIR,2026-02-28T20:35:05.815527Z,9.00,0.0500,0.9500,no
683f73ce-b4ea-7fc7-3160-84d07cf16dca,KXNEXTIRANLEADER-45JAN01-MMIR,2026-02-28T20:35:03.817242Z,4.00,0.0500,0.9500,no
573448f1-d0ae-736b-2b24-2c1925195dc2,KXNEXTIRANLEADER-45JAN01-MMIR,2026-02-28T20:34:58.788151Z,3.00,0.0500,0.9500,no
fb6f1e78-b942-5747-55e2-08ea7ad3e36e,KXNEXTIRANLEADER-45JAN01-MMIR,2026-02-28T20:34:54.677208Z,17.00,0.0500,0.9500,no
84bdde0b-5f9e-5fc3-8804-51cdf8b16ec2,KXNEXTIRANLEADER-45JAN01-MMIR,2026-02-28T20:34:36.85961Z,66.00,0.0500,0.9500,no
0cbe4bda-fec6-665f-1c87-6a3597ff447e,KXNEXTIRANLEADER-45JAN01-MMIR,2026-02-28T20:34:35.043165Z,26.00,0.0500,0.9500,no
97fc51d9-4bc2-4647-cb7b-1d255772d436,KXNEXTIRANLEADER-45JAN01-MMIR,2026-02-28T20:34:28.349726Z,10.00,0.0500,0.9500,no
b075f474-410e-59df-8aab-0f395f181046,KXNEXTIRANLEADER-45JAN01-MMIR,2026-02-28T20:34:25.884182Z,53.00,0.0500,0.9500,no
b6febc3d-cb32-7943-f72a-ce6f47203ba6,KXNEXTIRANLEADER-45JAN01-MMIR,2026-02-28T20:34:22.790899Z,63.00,0.0500,0.9500,no
e1b8452b-463e-4ecf-2af8-a984db0c6a1a,KXNEXTIRANLEADER-45JAN01-MMIR,2026-02-28T20:34:20.839107Z,56.00,0.0500,0.9500,no
715d1368-6e62-7fa7-af20-12aded4d6f0a,KXNEXTIRANLEADER-45JAN01-MMIR,2026-02-28T20:34:17.161604Z,16.00,0.0500,0.9500,no
0aa3af5f-8fd2-6ba7-ac0c-b77120e150b2,KXNEXTIRANLEADER-45JAN01-MMIR,2026-02-28T20:34:02.506303Z,42.00,0.0500,0.9500,no
06f6de69-89d6-62c1-a263-34a634990e9a,KXNEXTIRANLEADER-45JAN01-MMIR,2026-02-28T20:34:02.506303Z,3.00,0.0500,0.9500,no
f7df4a71-45ae-5445-3168-7a0bd186b766,KXNEXTIRANLEADER-45JAN01-MMIR,2026-02-28T20:33:53.726543Z,3.00,0.0500,0.9500,no
162fb93b-9bde-4ced-e6f1-70f669476b82,KXNEXTIRANLEADER-45JAN01-MMIR,2026-02-28T20:33:45.541727Z,5.00,0.0500,0.9500,no
d89ad91c-7a5e-6ed5-14ad-9f7754b15bc6,KXNEXTIRANLEADER-45JAN01-MMIR,2026-02-28T20:33:44.480372Z,10.00,0.0500,0.9500,no
4115366e-3612-54e5-840c-c6756e271e1e,KXNEXTIRANLEADER-45JAN01-MMIR,2026-02-28T20:32:52.881393Z,18.00,0.0500,0.9500,no
46bb7a11-f1aa-6955-d466-c5a75c6cf102,KXNEXTIRANLEADER-45JAN01-MMIR,2026-02-28T20:32:16.111984Z,30.00,0.0500,0.9500,no
e313c3f6-dd3e-41a1-2494-b620226376e2,KXNEXTIRANLEADER-45JAN01-MMIR,2026-02-28T20:32:12.911579Z,9.00,0.0500,0.9500,no
a93d644c-dcd5-721e-5f65-b6d047ea5135,KXNEXTIRANLEADER-45JAN01-MMIR,2026-02-28T20:31:49.745405Z,5.00,0.0600,0.9400,no
9adf5697-8b92-7cd9-45ac-f2c63f2df3c2,KXNEXTIRANLEADER-45JAN01-MMIR,2026-02-28T20:31:49.745405Z,13.00,0.0500,0.9500,no
1e70531e-4a36-5bd9-6450-370c6447430e,KXNEXTIRANLEADER-45JAN01-MMIR,2026-02-28T20:31:42.509793Z,2.00,0.0500,0.9500,no
91c78d8d-47ae-6399-b3f3-ab1cd3401bfa,KXNEXTIRANLEADER-45JAN01-MMIR,2026-02-28T20:31:34.693714Z,22.00,0.0500,0.9500,no
995a100c-1316-582d-f792-f659a2305202,KXNEXTIRANLEADER-45JAN01-MMIR,2026-02-28T20:31:11.221203Z,3.00,0.0500,0.9500,no
6a0e7a66-624e-49c5-2852-354617d3e2c2,KXNEXTIRANLEADER-45JAN01-MMIR,2026-02-28T20:30:41.834467Z,26.00,0.0500,0.9500,no
03ed71cc-3fee-709d-14cb-7793ee34c562,KXNEXTIRANLEADER-45JAN01-MMIR,2026-02-28T20:30:38.318066Z,1.00,0.0500,0.9500,no
4fbaa36b-8422-51c9-5035-29a23e0df1c6,KXNEXTIRANLEADER-45JAN01-MMIR,2026-02-28T20:27:35.460828Z,18.00,0.0500,0.9500,no
0200db7f-21cd-589d-a2f5-906cffe13208,KXNEXTIRANLEADER-45JAN01-MMIR,2026-02-28T20:12:24.823798Z,20.00,0.0900,0.9100,yes
054c5418-e1f6-4369-07be-160c099c2eae,KXNEXTIRANLEADER-45JAN01-MMIR,2026-02-28T20:08:56.255665Z,5.00,0.0500,0.9500,no
9a1fe2bf-0812-4148-5e69-e771654bab73,KXNEXTIRANLEADER-45JAN01-MMIR,2026-02-28T19:58:59.857445Z,32.00,0.0500,0.9500,yes
057f32dc-38a6-79e4-7f58-7a05394486f3,KXNEXTIRANLEADER-45JAN01-MMIR,2026-02-28T18:44:38.090349Z,7.00,0.0500,0.9500,yes
5ecebee2-ff1e-6fc0-0a36-9c61f7e9aae3,KXNEXTIRANLEADER-45JAN01-MMIR,2026-02-28T18:11:15.742739Z,10.00,0.0500,0.9500,yes
46a76958-9342-6cd6-bf1f-92f208b1e030,KXNEXTIRANLEADER-45JAN01-MMIR,2026-02-28T17:08:39.603059Z,4.00,0.0100,0.9900,no
741ab03f-8e36-4596-7acd-d4d8d80a9f7c,KXNEXTIRANLEADER-45JAN01-MMIR,2026-02-28T14:49:05.726269Z,55.00,0.0100,0.9900,no
fc14e569-3236-58fe-53dd-8c0ea85ffef4,KXNEXTIRANLEADER-45JAN01-MMIR,2026-02-28T14:47:48.629689Z,40.00,0.0100,0.9900,no
ef56df37-85e2-5bee-dc4f-cc708f719958,KXNEXTIRANLEADER-45JAN01-MMIR,2026-02-28T12:43:24.625806Z,25.00,0.0100,0.9900,no
c16a39df-1956-5d9a-e5fa-d1389d6939e8,KXNEXTIRANLEADER-45JAN01-MMIR,2026-02-28T12:09:17.490265Z,2.00,0.0100,0.9900,no
d7a1da6f-5cd2-411a-041c-fb2694a85914,KXNEXTIRANLEADER-45JAN01-MMIR,2026-02-28T11:45:29.019049Z,5.00,0.0100,0.9900,no
8110a14f-b8c2-6b12-36bb-d562f8dcf04c,KXNEXTIRANLEADER-45JAN01-MMIR,2026-02-28T10:38:51.275598Z,5.00,0.0100,0.9900,no
942343ab-0e92-5962-23f3-892ba4863654,KXNEXTIRANLEADER-45JAN01-MMIR,2026-02-28T10:38:23.097531Z,3.00,0.0100,0.9900,no
d18852be-3ad6-59ce-1e2c-f4b25f51f874,KXNEXTIRANLEADER-45JAN01-MMIR,2026-02-28T10:38:21.872267Z,1.00,0.0100,0.9900,no
0d2e7513-2d8a-67a2-045f-31d4f8d3a934,KXNEXTIRANLEADER-45JAN01-MMIR,2026-02-28T08:58:38.159291Z,4.00,0.0100,0.9900,no
46e63505-7932-69cb-8021-4ff2fe7e88fe,KXNEXTIRANLEADER-45JAN01-MMIR,2026-02-28T08:13:08.730799Z,4.00,0.0300,0.9700,no
e1018db3-11a6-6276-2d10-c2e8c13440dc,KXNEXTIRANLEADER-45JAN01-MMIR,2026-02-19T18:14:36.131396Z,10.00,0.0100,0.9900,no
bef59bbb-3dad-6323-3e94-8ca7eba9f7f8,KXNEXTIRANLEADER-45JAN01-MMIR,2026-02-19T16:57:15.588702Z,1.00,0.0200,0.9800,no
a4a3a189-1a96-6eaa-1c5f-a6d35ccbedb0,KXNEXTIRANLEADER-45JAN01-MMIR,2026-02-19T16:57:15.588702Z,612.00,0.0100,0.9900,no
9a69b062-9f3d-67a2-002f-f0c67885c7fe,KXNEXTIRANLEADER-45JAN01-MMIR,2026-02-19T16:57:15.588702Z,10.00,0.0300,0.9700,no
4d69038b-21c4-6a3d-1b57-0826133c8051,KXNEXTIRANLEADER-45JAN01-MMIR,2026-02-19T16:57:15.588702Z,48.00,0.0200,0.9800,no
2b85e8b0-befb-6ba4-227e-47375fb4dd33,KXNEXTIRANLEADER-45JAN01-MMIR,2026-02-19T16:57:15.588702Z,200.00,0.0200,0.9800,no
32c4c93e-7ec8-5959-3022-cebb3624c395,KXNEXTIRANLEADER-45JAN01-MMIR,2026-02-04T08:17:28.717318Z,1.00,0.0200,0.9800,no
7a031e82-92bc-4cc7-4e73-6f652cc7c651,KXNEXTIRANLEADER-45JAN01-MMIR,2026-02-03T13:46:30.212602Z,1.00,0.0700,0.9300,yes
a06378f3-256a-4b7e-ab4e-4129934e3f75,KXNEXTIRANLEADER-45JAN01-MMIR,2026-02-02T03:09:07.819978Z,1.00,0.0400,0.9600,no
a25982c5-3b82-6ef6-db49-ad6237ebb185,KXNEXTIRANLEADER-45JAN01-MMIR,2026-02-02T02:09:51.473065Z,1.00,0.0800,0.9200,yes
606170ba-c6a0-512d-762f-2c9baf84fc3b,KXNEXTIRANLEADER-45JAN01-MMIR,2026-01-31T21:28:06.666553Z,7.00,0.0500,0.9500,no
cefefedc-4e9a-7c99-6ea3-ce375d7b8b03,KXNEXTIRANLEADER-45JAN01-MMIR,2026-01-31T15:06:50.06775Z,1.00,0.1600,0.8400,no
af0a359d-56ec-787e-4deb-34dd6204d73a,KXNEXTIRANLEADER-45JAN01-MMIR,2026-01-31T15:06:50.06775Z,49.00,0.0900,0.9100,no
8e386131-dd18-7aa0-6ee4-cad5faf5b539,KXNEXTIRANLEADER-45JAN01-MMIR,2026-01-31T15:06:50.06775Z,48.00,0.0900,0.9100,no
85ef8b6e-aed5-7f19-5624-405e7a0a3cb5,KXNEXTIRANLEADER-45JAN01-MMIR,2026-01-31T15:06:50.06775Z,1.00,0.1700,0.8300,no
6ead2e54-f476-7a33-79d1-ff59827be449,KXNEXTIRANLEADER-45JAN01-MMIR,2026-01-31T15:06:50.06775Z,1.00,0.1500,0.8500,no
50678950-b5bf-7e18-5cda-3886959058fb,KXNEXTIRANLEADER-45JAN01-MMIR,2026-01-31T15:06:50.06775Z,1.00,0.1500,0.8500,no
4f3994ba-ffe6-7d94-60a4-104b5286f882,KXNEXTIRANLEADER-45JAN01-MMIR,2026-01-31T15:06:50.06775Z,1.00,0.1500,0.8500,no
4349b4a8-2374-737c-638e-62b735139026,KXNEXTIRANLEADER-45JAN01-MMIR,2026-01-31T15:06:50.06775Z,48.00,0.0900,0.9100,no
42558250-c1c0-78ff-614a-5a9f429f39d0,KXNEXTIRANLEADER-45JAN01-MMIR,2026-01-31T15:06:50.06775Z,5.00,0.0800,0.9200,no
0ac77b92-25b0-7265-75f8-998711bb6727,KXNEXTIRANLEADER-45JAN01-MMIR,2026-01-31T15:06:50.06775Z,5.00,0.1800,0.8200,no
f198d22f-79cd-7ce2-e2a6-ee9563cc3c15,KXNEXTIRANLEADER-45JAN01-MMIR,2026-01-31T15:06:32.246762Z,1.00,0.2900,0.7100,no
b5fb0354-1da0-7c96-ed0f-554fe5c14ae4,KXNEXTIRANLEADER-45JAN01-MMIR,2026-01-31T15:06:32.246762Z,1.00,0.2900,0.7100,no
a7e3b355-924d-7822-0e6d-ea360bed14dc,KXNEXTIRANLEADER-45JAN01-MMIR,2026-01-30T06:46:03.624221Z,50.00,0.0400,0.9600,yes
81935632-cc02-75c6-2f34-abf3d468a54f,KXNEXTIRANLEADER-45JAN01-MMIR,2026-01-30T06:46:03.624221Z,5.00,0.6200,0.3800,yes
351d05ea-b294-7890-3707-5311980dadc1,KXNEXTIRANLEADER-45JAN01-MMIR,2026-01-30T06:46:03.624221Z,800.00,0.0400,0.9600,yes
1e94ec54-1bec-7cf6-248e-c7610bff11ea,KXNEXTIRANLEADER-45JAN01-MMIR,2026-01-30T06:46:03.624221Z,16.00,0.6200,0.3800,yes
a97b08f2-b0fe-676a-deef-2b5236d3606d,KXNEXTIRANLEADER-45JAN01-MMIR,2026-01-11T16:17:31.034183Z,12.00,0.0100,0.9900,no
923ea162-0f76-4d6e-52ea-8f1439be2435,KXNEXTIRANLEADER-45JAN01-MMIR,2026-01-11T16:17:31.026315Z,11.00,0.0100,0.9900,no
