trade_id,ticker,created_time,count_fp,yes_price_dollars,no_price_dollars,taker_side
161095d4-8db2-70cd-8b32-a75934133ff1,KXNEXTIRANLEADER-45JAN01-GMOH,2026-03-08T21:10:17.401128Z,10.00,0.0100,0.9900,no
8ccbc257-7d80-6b88-0032-7cf88e1e6ecb,KXNEXTIRANLEADER-45JAN01-GMOH,2026-03-08T20:37:20.789868Z,10.00,0.0100,0.9900,no
ce8575d0-ca01-500d-beec-a1c29b80b471,KXNEXTIRANLEADER-45JAN01-GMOH,2026-03-08T20:32:58.314565Z,20.00,0.0200,0.9800,yes
856b9c63-9916-550c-97f4-06ea0032f6d4,KXNEXTIRANLEADER-45JAN01-GMOH,2026-03-08T20:32:58.314565Z,922.00,0.0200,0.9800,yes
817834f7-c02f-5eec-a289-5601d3e35bf1,KXNEXTIRANLEADER-45JAN01-GMOH,2026-03-08T20:32:58.314565Z,58.00,0.0200,0.9800,yes
2f828806-5988-4934-a17d-48d16b03eff4,KXNEXTIRANLEADER-45JAN01-GMOH,2026-03-08T20:06:05.605997Z,10.00,0.0100,0.9900,no
595c48eb-aadb-6c7e-ba3c-4a53aff7dd9d,KXNEXTIRANLEADER-45JAN01-GMOH,2026-03-08T19:57:59.703341Z,967.00,0.0100,0.9900,no
189670e4-739b-62e6-2359-b620dfd368d1,KXNEXTIRANLEADER-45JAN01-GMOH,2026-03-08T19:54:18.762597Z,23.00,0.0100,0.9900,no
6e4f2cd8-3adb-4f82-aa73-26a05bf191f1,KXNEXTIRANLEADER-45JAN01-GMOH,2026-03-08T19:52:10.246401Z,10.00,0.0100,0.9900,no
6373b71a-98fb-4914-a2c2-f3875cf8f2c5,KXNEXTIRANLEADER-45JAN01-GMOH,2026-03-08T19:44:24.344213Z,10.00,0.0200,0.9800,yes
38242e7e-8423-5914-8ec7-8767478bc2d9,KXNEXTIRANLEADER-45JAN01-GMOH,2026-03-08T19:40:30.903124Z,10.00,0.0200,0.9800,yes
e6285912-11c4-5cca-1865-24d274b1023e,KXNEXTIRANLEADER-45JAN01-GMOH,2026-03-08T19:37:39.90351Z,580.00,0.0100,0.9900,yes
c3c507da-d70a-5d8d-16b4-b275d8e3f92c,KXNEXTIRANLEADER-45JAN01-GMOH,2026-03-08T19:37:39.90351Z,400.00,0.0100,0.9900,yes
48780f2c-4d67-5962-3237-5bc132416240,KXNEXTIRANLEADER-45JAN01-GMOH,2026-03-08T19:37:39.90351Z,20.00,0.0100,0.9900,yes
7da13aac-b3a8-74cb-6203-4548aa8faa6f,KXNEXTIRANLEADER-45JAN01-GMOH,2026-03-08T18:51:15.884895Z,10.00,0.0100,0.9900,no
14eaf8d4-0c52-55fd-70a1-ebf54194a3dd,KXNEXTIRANLEADER-45JAN01-GMOH,2026-03-08T18:37:02.705751Z,100.00,0.0200,0.9800,yes
1ff53caf-1051-7b75-6516-23b10955bda5,KXNEXTIRANLEADER-45JAN01-GMOH,2026-03-08T17:32:51.553221Z,349.00,0.0200,0.9800,yes
034e9862-81f1-7089-534f-d6bcf45ec183,KXNEXTIRANLEADER-45JAN01-GMOH,2026-03-08T17:32:51.553221Z,100.00,0.0200,0.9800,yes
2f6c5bfd-47d9-7e54-bab4-fe961f18dd52,KXNEXTIRANLEADER-45JAN01-GMOH,2026-03-08T17:26:06.424939Z,35.00,0.0100,0.9900,no
4cfc3181-154d-4458-b414-75a9aa01e24a,KXNEXTIRANLEADER-45JAN01-GMOH,2026-03-08T17:25:41.555534Z,43.00,0.0100,0.9900,no
26b0999b-49e9-4382-aa4c-6eba0a111ada,KXNEXTIRANLEADER-45JAN01-GMOH,2026-03-08T17:25:41.555534Z,10.00,0.0100,0.9900,no
e2bee707-f920-40eb-8a80-310f74d1c352,KXNEXTIRANLEADER-45JAN01-GMOH,2026-03-08T17:16:10.215606Z,200.00,0.0200,0.9800,yes
a2767675-61c5-4d42-95e8-75b8b341fda8,KXNEXTIRANLEADER-45JAN01-GMOH,2026-03-08T17:16:10.215606Z,200.00,0.0200,0.9800,yes
9512e5dd-01e7-4c05-8b2b-487edb00e51b,KXNEXTIRANLEADER-45JAN01-GMOH,2026-03-08T17:16:10.215606Z,260.00,0.0200,0.9800,yes
4e913afd-af7c-4f34-acec-a1cab619b056,KXNEXTIRANLEADER-45JAN01-GMOH,2026-03-08T17:16:10.215606Z,200.00,0.0200,0.9800,yes
4ce1501b-f315-451e-9bd4-81775ef388fd,KXNEXTIRANLEADER-45JAN01-GMOH,2026-03-08T17:16:10.215606Z,59.00,0.0200,0.9800,yes
23704c6a-4b81-42c9-be11-3fca761092f0,KXNEXTIRANLEADER-45JAN01-GMOH,2026-03-08T17:16:10.215606Z,25.00,0.0200,0.9800,yes
dbd40e5f-2f38-5ae0-af6f-137983b6c1d4,KXNEXTIRANLEADER-45JAN01-GMOH,2026-03-08T17:10:59.373874Z,800.00,0.0200,0.9800,yes
b02e6bcc-6090-534e-9412-684ffff9d073,KXNEXTIRANLEADER-45JAN01-GMOH,2026-03-08T17:10:59.373874Z,10.00,0.0200,0.9800,yes
9ed79abd-0477-51d1-ab48-f23555de7993,KXNEXTIRANLEADER-45JAN01-GMOH,2026-03-08T17:10:59.373874Z,240.00,0.0200,0.9800,yes
b9c66941-6fc8-50a0-a044-6c36825141ec,KXNEXTIRANLEADER-45JAN01-GMOH,2026-03-08T16:49:54.432118Z,300.00,0.0200,0.9800,yes
353d47ed-26fc-5c3c-a6aa-09b6b41f21ec,KXNEXTIRANLEADER-45JAN01-GMOH,2026-03-08T16:49:54.432118Z,700.00,0.0200,0.9800,yes
e0d138f0-0564-70e8-2b8e-e49cfb086e00,KXNEXTIRANLEADER-45JAN01-GMOH,2026-03-08T15:36:25.292577Z,1000.00,0.0200,0.9800,yes
9d7f2076-b904-622c-48ab-e43dee27409c,KXNEXTIRANLEADER-45JAN01-GMOH,2026-03-08T15:32:27.260884Z,100.00,0.0200,0.9800,yes
76bb3f6b-29a8-73a8-ee6b-5247f1b5d2fc,KXNEXTIRANLEADER-45JAN01-GMOH,2026-03-08T15:14:18.98063Z,565.00,0.0200,0.9800,yes
1aa3272d-a6fc-7915-d22e-b6d2a499147d,KXNEXTIRANLEADER-45JAN01-GMOH,2026-03-08T15:14:18.98063Z,685.00,0.0200,0.9800,yes
0e8e6c00-4834-4929-4fb5-9d6a74898a71,KXNEXTIRANLEADER-45JAN01-GMOH,2026-03-08T15:11:56.919349Z,50.00,0.0200,0.9800,yes
852cb357-1118-6fd9-4a31-725e5a1a608d,KXNEXTIRANLEADER-45JAN01-GMOH,2026-03-08T14:14:18.934691Z,50.00,0.0200,0.9800,yes
4a54b16c-ad04-7859-ebdc-3c2ea504d4e9,KXNEXTIRANLEADER-45JAN01-GMOH,2026-03-08T13:50:44.457836Z,49.00,0.0200,0.9800,yes
0501a47d-df78-406e-f2eb-2ffded503834,KXNEXTIRANLEADER-45JAN01-GMOH,2026-03-08T13:22:39.121111Z,10.00,0.0100,0.9900,no
61717ad7-5218-7295-8a19-47f372c580a1,KXNEXTIRANLEADER-45JAN01-GMOH,2026-03-08T12:53:02.459773Z,100.00,0.0200,0.9800,yes
d784adf7-65c0-68bd-6f04-71d570fff936,KXNEXTIRANLEADER-45JAN01-GMOH,2026-03-08T11:54:32.624975Z,10.00,0.0100,0.9900,yes
8761387f-cf0e-6514-4d65-747e3b5bd004,KXNEXTIRANLEADER-45JAN01-GMOH,2026-03-08T11:54:32.624975Z,337.00,0.0100,0.9900,yes
6b3d57ed-c8cf-6b63-5906-6a71134c50ee,KXNEXTIRANLEADER-45JAN01-GMOH,2026-03-08T11:54:32.624975Z,807.00,0.0400,0.9600,yes
37cfbafb-fd9c-6b99-7635-6aa0761b8009,KXNEXTIRANLEADER-45JAN01-GMOH,2026-03-08T11:54:32.624975Z,89.00,0.0100,0.9900,yes
33d767c7-1b5a-6838-71fb-35c731817620,KXNEXTIRANLEADER-45JAN01-GMOH,2026-03-08T11:54:32.624975Z,63.00,0.0200,0.9800,yes
2892b484-5375-69fd-7c94-99ccceb2b190,KXNEXTIRANLEADER-45JAN01-GMOH,2026-03-08T11:54:32.624975Z,369.00,0.0300,0.9700,yes
238448aa-f6b3-6600-449e-c4a64663471f,KXNEXTIRANLEADER-45JAN01-GMOH,2026-03-08T11:54:32.624975Z,100.00,0.0100,0.9900,yes
bbcffaa6-d539-6370-2d1d-80e877aee1e6,KXNEXTIRANLEADER-45JAN01-GMOH,2026-03-08T11:41:37.908056Z,10.00,0.0100,0.9900,no
f7362a8d-0192-5326-dc13-5d9a9b59fd26,KXNEXTIRANLEADER-45JAN01-GMOH,2026-03-08T11:28:53.116316Z,2.00,0.0200,0.9800,no
da0e4acd-f501-58eb-fb5c-c322f4909fce,KXNEXTIRANLEADER-45JAN01-GMOH,2026-03-08T11:28:53.116316Z,28.00,0.0200,0.9800,no
12419f90-3c83-494f-6c6f-bd6c8d4698a2,KXNEXTIRANLEADER-45JAN01-GMOH,2026-03-08T10:41:25.109464Z,24.00,0.0400,0.9600,yes
ddef9fe3-2b77-5389-027b-493401f2ac5d,KXNEXTIRANLEADER-45JAN01-GMOH,2026-03-08T10:29:20.536889Z,69.00,0.0300,0.9700,yes
b354a8cb-cbe2-5e19-3972-9dfe935c9cd8,KXNEXTIRANLEADER-45JAN01-GMOH,2026-03-08T10:29:20.536889Z,183.00,0.0400,0.9600,yes
8c5366df-003f-518f-2cf7-f953320c51ff,KXNEXTIRANLEADER-45JAN01-GMOH,2026-03-08T10:29:20.536889Z,312.00,0.0300,0.9700,yes
51f6b5bb-4fab-5997-3c1a-d70bacbd740a,KXNEXTIRANLEADER-45JAN01-GMOH,2026-03-08T10:29:20.536889Z,531.00,0.0400,0.9600,yes
6a069513-0816-5842-b303-bf7c6474cdeb,KXNEXTIRANLEADER-45JAN01-GMOH,2026-03-08T09:36:58.571858Z,10.00,0.0200,0.9800,no
48339c8b-0a00-5bc0-99b1-86e5887939ed,KXNEXTIRANLEADER-45JAN01-GMOH,2026-03-08T09:36:58.571858Z,18.00,0.0300,0.9700,no
fa081dc0-4d42-61dd-4a47-1fe80c8ef6e8,KXNEXTIRANLEADER-45JAN01-GMOH,2026-03-08T08:06:45.08782Z,50.00,0.0400,0.9600,yes
a9b81689-1606-5ad9-e5d2-fb433e6dc3c4,KXNEXTIRANLEADER-45JAN01-GMOH,2026-03-08T08:01:15.066499Z,72.00,0.0400,0.9600,yes
d7ee078e-b74a-5da2-44f1-3bd31bc16007,KXNEXTIRANLEADER-45JAN01-GMOH,2026-03-08T07:53:15.998973Z,26.00,0.0200,0.9800,no
17f59baf-f936-7084-e547-694968b15272,KXNEXTIRANLEADER-45JAN01-GMOH,2026-03-08T07:49:29.744146Z,2.00,0.0300,0.9700,no
4ada07e7-c69a-68a8-fa1f-cf485e8d799e,KXNEXTIRANLEADER-45JAN01-GMOH,2026-03-08T07:49:08.232462Z,3.00,0.0300,0.9700,no
eeba686a-93d6-6280-a602-b7d3a66d46c2,KXNEXTIRANLEADER-45JAN01-GMOH,2026-03-08T07:48:34.632238Z,17.00,0.0300,0.9700,no
22376e9b-4de6-45f1-55a4-414d444385ec,KXNEXTIRANLEADER-45JAN01-GMOH,2026-03-08T07:17:16.523416Z,469.00,0.0400,0.9600,yes
1734c0e0-4112-4eb9-7d0b-38470f3bdbc9,KXNEXTIRANLEADER-45JAN01-GMOH,2026-03-08T07:17:16.523416Z,208.00,0.0300,0.9700,yes
d9da76c6-8cd9-74ff-6acb-ef93f4938cbd,KXNEXTIRANLEADER-45JAN01-GMOH,2026-03-08T04:50:25.222064Z,16.00,0.0300,0.9700,no
d256c5fb-a0fe-7b5a-5fe2-a363f45996bb,KXNEXTIRANLEADER-45JAN01-GMOH,2026-03-08T04:50:25.222064Z,101.00,0.0200,0.9800,no
2bb86214-4231-61e7-5ec0-ddf5a9d9db39,KXNEXTIRANLEADER-45JAN01-GMOH,2026-03-08T03:58:51.03104Z,12.00,0.0300,0.9700,no
cf8a8da9-b4b3-518b-6633-56414a3893d3,KXNEXTIRANLEADER-45JAN01-GMOH,2026-03-08T02:46:07.986037Z,1500.00,0.0400,0.9600,yes
c61bbf6f-8d4f-6810-ab32-57a2d09f2334,KXNEXTIRANLEADER-45JAN01-GMOH,2026-03-08T02:19:50.753891Z,8.00,0.0400,0.9600,yes
1974f19c-8123-61eb-8737-e7bc4bca3acf,KXNEXTIRANLEADER-45JAN01-GMOH,2026-03-08T02:19:50.753891Z,492.00,0.0400,0.9600,yes
b54758f7-d585-412a-76f8-3f1caa3f289b,KXNEXTIRANLEADER-45JAN01-GMOH,2026-03-07T23:02:13.853784Z,465.00,0.0300,0.9700,yes
640cd840-c5ee-7a0a-45a8-f98af6ca1bca,KXNEXTIRANLEADER-45JAN01-GMOH,2026-03-07T23:00:56.812068Z,35.00,0.0300,0.9700,no
2c3f9dda-69be-4e75-e6e5-f9cddc47cf56,KXNEXTIRANLEADER-45JAN01-GMOH,2026-03-07T21:28:02.059202Z,30.00,0.0300,0.9700,no
5b7e2c5d-978e-440e-b9c4-edeb01c7a5a3,KXNEXTIRANLEADER-45JAN01-GMOH,2026-03-07T20:29:01.662161Z,2.00,0.0200,0.9800,no
3188d2a4-406e-5232-28a7-50f650c9ef33,KXNEXTIRANLEADER-45JAN01-GMOH,2026-03-07T20:28:39.988086Z,449.00,0.0200,0.9800,no
b220f0c4-6fac-5fbe-1a69-7034779527f4,KXNEXTIRANLEADER-45JAN01-GMOH,2026-03-07T20:28:26.822119Z,51.00,0.0300,0.9700,no
e29984b3-df14-60a5-0f57-b818f5a4d34a,KXNEXTIRANLEADER-45JAN01-GMOH,2026-03-07T20:11:23.645484Z,44.00,0.0600,0.9400,yes
b2a1b86b-9bc9-6e44-2503-e805e80fd03c,KXNEXTIRANLEADER-45JAN01-GMOH,2026-03-07T20:11:23.645484Z,100.00,0.0600,0.9400,yes
70539875-a5a2-6f94-23aa-c169a2108152,KXNEXTIRANLEADER-45JAN01-GMOH,2026-03-07T20:11:23.645484Z,785.00,0.0700,0.9300,yes
5eee648e-227c-632f-2f60-3f8aa2ec8087,KXNEXTIRANLEADER-45JAN01-GMOH,2026-03-07T20:11:23.645484Z,516.00,0.0600,0.9400,yes
10bae16b-5dcc-6776-1e5d-7f994b80fe91,KXNEXTIRANLEADER-45JAN01-GMOH,2026-03-07T20:11:23.645484Z,136.00,0.0400,0.9600,yes
c5f84300-b36c-5cca-fa72-6550663ac5ed,KXNEXTIRANLEADER-45JAN01-GMOH,2026-03-07T20:01:14.085218Z,22.00,0.0400,0.9600,yes
e7ad5218-d270-739a-5953-b9990c0c3135,KXNEXTIRANLEADER-45JAN01-GMOH,2026-03-07T19:11:03.350864Z,12.00,0.0400,0.9600,yes
18aed01e-af38-5d4e-16ff-f2ad21a091fd,KXNEXTIRANLEADER-45JAN01-GMOH,2026-03-07T18:51:07.755932Z,14.00,0.0400,0.9600,yes
e0491a54-1870-6623-6bd8-daaaf36a94e8,KXNEXTIRANLEADER-45JAN01-GMOH,2026-03-07T18:26:05.667078Z,500.00,0.0300,0.9700,yes
594feeac-16b8-6e7f-44e9-8c7dd9305cfd,KXNEXTIRANLEADER-45JAN01-GMOH,2026-03-07T18:26:05.667078Z,410.00,0.0300,0.9700,yes
0c046772-589c-6bf5-7cfa-79d2a8f7cc27,KXNEXTIRANLEADER-45JAN01-GMOH,2026-03-07T18:26:05.667078Z,25.00,0.0300,0.9700,yes
c5ee5e83-d882-4252-dad4-f40bb11a401f,KXNEXTIRANLEADER-45JAN01-GMOH,2026-03-07T18:24:26.056112Z,500.00,0.0200,0.9800,no
f6960e72-1d56-5e96-bbf5-469cf6eac247,KXNEXTIRANLEADER-45JAN01-GMOH,2026-03-07T17:07:35.429244Z,587.00,0.0200,0.9800,no
1439a2fe-b58c-4280-0aa5-db935d9c93bd,KXNEXTIRANLEADER-45JAN01-GMOH,2026-03-07T16:52:00.436517Z,66.00,0.0300,0.9700,yes
a748413b-2f77-7d7c-8ac5-ffda125861ad,KXNEXTIRANLEADER-45JAN01-GMOH,2026-03-07T16:48:10.944465Z,500.00,0.0300,0.9700,no
f6fd09e7-b3b0-41b6-50fd-f3115bbcd751,KXNEXTIRANLEADER-45JAN01-GMOH,2026-03-07T16:45:44.497185Z,250.00,0.0400,0.9600,yes
d4350b02-2f88-5032-4d74-cbc000f1dee5,KXNEXTIRANLEADER-45JAN01-GMOH,2026-03-07T16:26:29.771408Z,740.00,0.0400,0.9600,yes
d0b84063-506e-464a-d70b-8f248f66eccb,KXNEXTIRANLEADER-45JAN01-GMOH,2026-03-07T16:20:33.916166Z,10.00,0.0200,0.9800,no
40a0ac2c-3efb-410a-df6b-6b03828de387,KXNEXTIRANLEADER-45JAN01-GMOH,2026-03-07T14:46:45.825282Z,192.00,0.0300,0.9700,no
b652efdc-b3ed-7019-8079-7df99df04a88,KXNEXTIRANLEADER-45JAN01-GMOH,2026-03-07T13:36:18.474022Z,82.00,0.0300,0.9700,no
58c8a082-1b67-718e-b236-9664857155cb,KXNEXTIRANLEADER-45JAN01-GMOH,2026-03-07T13:36:18.474022Z,308.00,0.0300,0.9700,no
632fbb1b-b7a5-510d-7f08-b44813ab9880,KXNEXTIRANLEADER-45JAN01-GMOH,2026-03-07T12:36:51.108175Z,14.00,0.0300,0.9700,no
a0f99870-5e21-42f9-634e-8304fb954b04,KXNEXTIRANLEADER-45JAN01-GMOH,2026-03-07T08:31:25.566355Z,4.00,0.0300,0.9700,no
48b60fd0-ed98-48ca-823b-93b14c80a2dd,KXNEXTIRANLEADER-45JAN01-GMOH,2026-03-07T06:57:53.034837Z,500.00,0.0400,0.9600,yes
1eb78a29-a49c-4b06-acc6-b7463eda5021,KXNEXTIRANLEADER-45JAN01-GMOH,2026-03-07T06:52:57.635395Z,625.00,0.0400,0.9600,yes
f7eff80b-d04c-64ae-32f5-556e060340a5,KXNEXTIRANLEADER-45JAN01-GMOH,2026-03-07T04:01:30.624457Z,10.00,0.0400,0.9600,yes
faead52b-e17c-73ce-fcf8-fe34762616c5,KXNEXTIRANLEADER-45JAN01-GMOH,2026-03-07T01:08:55.173182Z,125.00,0.0400,0.9600,yes
8e7fe53d-0a90-709a-9391-0a2a439383f9,KXNEXTIRANLEADER-45JAN01-GMOH,2026-03-07T00:59:56.152869Z,6.00,0.0400,0.9600,yes
3ff8c6e4-a7b9-55bd-4fff-9ff470046562,KXNEXTIRANLEADER-45JAN01-GMOH,2026-03-07T00:25:44.203551Z,65.00,0.0400,0.9600,yes
37c10eae-c0cc-52d6-77f6-f81ac9196ab9,KXNEXTIRANLEADER-45JAN01-GMOH,2026-03-07T00:25:44.203551Z,560.00,0.0400,0.9600,yes
5b0bf3eb-9941-713d-36a5-1a20187f86ba,KXNEXTIRANLEADER-45JAN01-GMOH,2026-03-06T23:52:25.627155Z,75.00,0.0400,0.9600,yes
acbd995e-9797-73f5-a0d4-db7d695d7414,KXNEXTIRANLEADER-45JAN01-GMOH,2026-03-06T23:46:48.105182Z,25.00,0.0400,0.9600,no
738026c9-b97d-73da-38d1-c99a79d25653,KXNEXTIRANLEADER-45JAN01-GMOH,2026-03-06T23:46:25.041795Z,500.00,0.0500,0.9500,yes
d5410b02-e88b-4007-b374-74d6658341d7,KXNEXTIRANLEADER-45JAN01-GMOH,2026-03-06T23:45:31.021453Z,25.00,0.0400,0.9600,no
ba3dda73-131d-40a9-a21e-02b0faedc2d5,KXNEXTIRANLEADER-45JAN01-GMOH,2026-03-06T23:45:31.021453Z,25.00,0.0400,0.9600,no
52138604-c9fd-40ca-8cab-cccc468e8cd8,KXNEXTIRANLEADER-45JAN01-GMOH,2026-03-06T23:45:31.021453Z,25.00,0.0400,0.9600,no
4f8d1be1-38ff-4ca6-992d-1563f7173251,KXNEXTIRANLEADER-45JAN01-GMOH,2026-03-06T23:45:31.021453Z,25.00,0.0400,0.9600,no
6ec0638f-8287-4d5e-545b-35009166ae8a,KXNEXTIRANLEADER-45JAN01-GMOH,2026-03-06T23:08:24.326913Z,91.00,0.0300,0.9700,no
8e392787-dd26-65bb-d8dc-4efd7b786fb8,KXNEXTIRANLEADER-45JAN01-GMOH,2026-03-06T21:53:06.718558Z,10.00,0.0400,0.9600,yes
47521600-a103-646f-9305-9674f8cd0d67,KXNEXTIRANLEADER-45JAN01-GMOH,2026-03-06T21:50:35.130226Z,20.00,0.0500,0.9500,yes
38ccc5ee-b794-649f-bf39-dce1e0afeec7,KXNEXTIRANLEADER-45JAN01-GMOH,2026-03-06T21:50:35.130226Z,500.00,0.0500,0.9500,yes
8290a981-c77e-4c5d-bd47-f1861c0e1ae7,KXNEXTIRANLEADER-45JAN01-GMOH,2026-03-06T21:38:26.014368Z,500.00,0.0300,0.9700,no
798f48ba-f3ae-4612-8537-550ff3b93c9f,KXNEXTIRANLEADER-45JAN01-GMOH,2026-03-06T21:38:26.014368Z,707.00,0.0200,0.9800,no
610a1d0f-fc23-7a34-58b1-e49c8f91d7cc,KXNEXTIRANLEADER-45JAN01-GMOH,2026-03-06T21:07:24.121671Z,40.00,0.0500,0.9500,yes
b3a225b5-7898-5d09-1326-1671b757766f,KXNEXTIRANLEADER-45JAN01-GMOH,2026-03-06T20:19:34.989347Z,100.00,0.0300,0.9700,yes
b1277193-e9e9-5213-028d-2574fd64c810,KXNEXTIRANLEADER-45JAN01-GMOH,2026-03-06T20:19:34.989347Z,200.00,0.0300,0.9700,yes
9cf7a930-2858-52d9-3139-6ec7c083f9e5,KXNEXTIRANLEADER-45JAN01-GMOH,2026-03-06T20:19:34.989347Z,500.00,0.0400,0.9600,yes
7be076df-20e9-5d97-3646-47a9109d8bcc,KXNEXTIRANLEADER-45JAN01-GMOH,2026-03-06T20:19:34.989347Z,200.00,0.0300,0.9700,yes
2d3226b7-a0b9-57ee-2a29-cebcfb1907f6,KXNEXTIRANLEADER-45JAN01-GMOH,2026-03-06T20:19:34.989347Z,25.00,0.0300,0.9700,yes
a5b314a3-3c79-472c-b9f6-e2357fc8d0de,KXNEXTIRANLEADER-45JAN01-GMOH,2026-03-06T18:50:42.950436Z,536.00,0.0400,0.9600,yes
1ec6c346-c37c-4a14-9a6b-6c28b7f4ba4c,KXNEXTIRANLEADER-45JAN01-GMOH,2026-03-06T18:50:42.950436Z,200.00,0.0400,0.9600,yes
c370d18a-b35b-5d7e-4c18-36e03d45f126,KXNEXTIRANLEADER-45JAN01-GMOH,2026-03-06T18:33:03.746689Z,12.00,0.0200,0.9800,no
b8bc754a-a56a-5a5a-4faf-a68b0a07e64b,KXNEXTIRANLEADER-45JAN01-GMOH,2026-03-06T18:33:03.746689Z,113.00,0.0200,0.9800,no
c9a99266-9c93-7ace-9a1c-cc55e3e2c76e,KXNEXTIRANLEADER-45JAN01-GMOH,2026-03-06T18:14:04.799691Z,12.00,0.0200,0.9800,no
711e4b38-8bf1-4ee8-c9f5-76a09e126e5a,KXNEXTIRANLEADER-45JAN01-GMOH,2026-03-06T18:04:40.051027Z,225.00,0.0400,0.9600,yes
5033ab35-9de5-4888-fe85-9c938465a53f,KXNEXTIRANLEADER-45JAN01-GMOH,2026-03-06T18:04:40.051027Z,500.00,0.0300,0.9700,yes
38430224-18b4-4a8b-e6b8-96f6ac2aff79,KXNEXTIRANLEADER-45JAN01-GMOH,2026-03-06T18:04:40.051027Z,200.00,0.0300,0.9700,yes
fcc61ca2-107c-6e4e-1a0d-b1cddc645fa2,KXNEXTIRANLEADER-45JAN01-GMOH,2026-03-06T17:13:28.63746Z,37.00,0.0500,0.9500,yes
ac9fbd39-e873-6b06-351e-d5dbb91da715,KXNEXTIRANLEADER-45JAN01-GMOH,2026-03-06T17:13:28.63746Z,25.00,0.0300,0.9700,yes
77c4482e-4d0b-6a67-0823-d17309acab73,KXNEXTIRANLEADER-45JAN01-GMOH,2026-03-06T17:13:28.63746Z,41.00,0.0500,0.9500,yes
66ec85ab-fb1d-67aa-003b-8efd16da99cb,KXNEXTIRANLEADER-45JAN01-GMOH,2026-03-06T17:13:28.63746Z,7.00,0.0500,0.9500,yes
96d4c708-eddb-7025-b226-7ab8b3d256f5,KXNEXTIRANLEADER-45JAN01-GMOH,2026-03-06T16:18:16.570301Z,1000.00,0.0300,0.9700,no
4096ac8f-45cb-7695-3358-985fd489dd65,KXNEXTIRANLEADER-45JAN01-GMOH,2026-03-06T15:37:02.525661Z,2.00,0.0300,0.9700,no
7050e779-e5b6-65ca-4cd1-55fd3e252425,KXNEXTIRANLEADER-45JAN01-GMOH,2026-03-06T15:08:09.397317Z,1577.00,0.0300,0.9700,yes
e04d7f5b-7d29-48a6-7d60-620e5443748b,KXNEXTIRANLEADER-45JAN01-GMOH,2026-03-06T14:57:51.768539Z,427.00,0.0300,0.9700,yes
83cb1dba-26ae-48a6-413f-4f5ed623e149,KXNEXTIRANLEADER-45JAN01-GMOH,2026-03-06T14:57:51.768539Z,423.00,0.0300,0.9700,yes
7c2196c4-84d2-4220-4102-8d1e4e3530ab,KXNEXTIRANLEADER-45JAN01-GMOH,2026-03-06T14:57:51.768539Z,25.00,0.0300,0.9700,yes
5b721c76-5a1d-44d3-6646-5b452952775e,KXNEXTIRANLEADER-45JAN01-GMOH,2026-03-06T14:57:51.768539Z,1100.00,0.0300,0.9700,yes
2c316e61-0daf-4616-5b04-1355446cc1bd,KXNEXTIRANLEADER-45JAN01-GMOH,2026-03-06T14:57:51.768539Z,25.00,0.0300,0.9700,yes
fc6ecc9e-3fcd-612e-1e38-bb1e03fc41db,KXNEXTIRANLEADER-45JAN01-GMOH,2026-03-06T14:51:35.425951Z,100.00,0.0300,0.9700,yes
fbf7aeea-2bab-64dd-b641-9ec9babb23f5,KXNEXTIRANLEADER-45JAN01-GMOH,2026-03-06T14:38:25.162261Z,29.00,0.0200,0.9800,no
3037267e-fb9d-6732-ea7a-8e152b0f0e23,KXNEXTIRANLEADER-45JAN01-GMOH,2026-03-06T13:55:47.784206Z,75.00,0.0300,0.9700,yes
245bb215-9294-4825-a131-ae24d1283d24,KXNEXTIRANLEADER-45JAN01-GMOH,2026-03-06T06:34:07.03761Z,100.00,0.0300,0.9700,no
3733f246-b656-7f5d-fa5f-718dcb713206,KXNEXTIRANLEADER-45JAN01-GMOH,2026-03-06T06:08:17.67688Z,416.00,0.0600,0.9400,yes
97067250-b92e-47f5-c16b-f066ee32d3d6,KXNEXTIRANLEADER-45JAN01-GMOH,2026-03-06T05:53:35.089279Z,1.00,0.0600,0.9400,yes
34e3b3c9-bc36-6565-fffa-4bf89cca5b66,KXNEXTIRANLEADER-45JAN01-GMOH,2026-03-06T05:17:02.81301Z,1.00,0.0600,0.9400,yes
8fa1afcc-dfba-5f25-4368-120369080452,KXNEXTIRANLEADER-45JAN01-GMOH,2026-03-06T05:17:02.087852Z,1.00,0.0600,0.9400,yes
c9d577d7-7027-4d42-34b4-23e065dfb536,KXNEXTIRANLEADER-45JAN01-GMOH,2026-03-06T04:35:31.91011Z,79.00,0.0500,0.9500,yes
a8273200-ef22-4dc8-3d8b-c4b4d95ada81,KXNEXTIRANLEADER-45JAN01-GMOH,2026-03-06T04:35:31.91011Z,20.00,0.0500,0.9500,yes
049d8999-796e-46ad-276d-28f2ef5fe529,KXNEXTIRANLEADER-45JAN01-GMOH,2026-03-06T04:35:31.91011Z,1.00,0.0400,0.9600,yes
b765bb73-af45-5a35-59ff-a419a60ee889,KXNEXTIRANLEADER-45JAN01-GMOH,2026-03-06T03:38:11.485431Z,5.00,0.0400,0.9600,yes
adeacc7d-ef12-558e-7adc-d6868505b497,KXNEXTIRANLEADER-45JAN01-GMOH,2026-03-06T03:38:11.485431Z,25.00,0.0400,0.9600,yes
988c0835-6587-5c6b-4819-f7c4d5fdfd24,KXNEXTIRANLEADER-45JAN01-GMOH,2026-03-06T03:38:11.485431Z,595.00,0.0400,0.9600,yes
bd2639ac-dc82-7c2b-8ab7-18e8b708b9dd,KXNEXTIRANLEADER-45JAN01-GMOH,2026-03-06T03:09:40.13943Z,25.00,0.0400,0.9600,yes
700085fe-4632-713b-bec3-162cc88f684b,KXNEXTIRANLEADER-45JAN01-GMOH,2026-03-06T03:09:40.13943Z,100.00,0.0400,0.9600,yes
6c83909d-3400-5749-3241-69c53f72cf64,KXNEXTIRANLEADER-45JAN01-GMOH,2026-03-05T23:58:52.041836Z,78.00,0.0300,0.9700,no
9c9e1167-6cbc-48d1-8d57-8da406d8ad20,KXNEXTIRANLEADER-45JAN01-GMOH,2026-03-05T23:40:27.187427Z,32.00,0.0300,0.9700,no
e11384ca-8efc-525e-d1a4-0081f557882d,KXNEXTIRANLEADER-45JAN01-GMOH,2026-03-05T23:28:06.675439Z,40.00,0.0500,0.9500,yes
c82dadae-1254-4fbd-ede4-032db7b2aa88,KXNEXTIRANLEADER-45JAN01-GMOH,2026-03-05T23:14:39.607162Z,4.00,0.0300,0.9700,no
b72a24d8-bbfb-430f-f080-1e2626f2e6d1,KXNEXTIRANLEADER-45JAN01-GMOH,2026-03-05T22:54:05.987936Z,30.00,0.0500,0.9500,yes
7e4f6a7b-a51b-4dd9-e4ff-979fa5314a9c,KXNEXTIRANLEADER-45JAN01-GMOH,2026-03-05T22:54:05.987936Z,500.00,0.0500,0.9500,yes
fb8b02be-4e7e-5dd8-8a9b-ce1bd07c9d72,KXNEXTIRANLEADER-45JAN01-GMOH,2026-03-05T22:53:55.270068Z,254.00,0.0400,0.9600,yes
d27e46c8-a256-5aa2-afb5-247b9f3ce61c,KXNEXTIRANLEADER-45JAN01-GMOH,2026-03-05T22:53:55.270068Z,25.00,0.0400,0.9600,yes
f6010d33-3c07-69fe-5c13-7d57818aa235,KXNEXTIRANLEADER-45JAN01-GMOH,2026-03-05T21:07:22.262327Z,250.00,0.0400,0.9600,yes
f4387ac6-bded-6cf9-7c47-d47082534fb5,KXNEXTIRANLEADER-45JAN01-GMOH,2026-03-05T21:07:22.262327Z,50.00,0.0500,0.9500,yes
e5f87009-5a36-6a0e-6a5c-0336d4059ac8,KXNEXTIRANLEADER-45JAN01-GMOH,2026-03-05T21:07:22.262327Z,250.00,0.0400,0.9600,yes
e43c1b1b-87ae-6f1e-4d6b-7891d255fd45,KXNEXTIRANLEADER-45JAN01-GMOH,2026-03-05T21:07:22.262327Z,250.00,0.0400,0.9600,yes
dd46b9aa-d99a-6f34-43f8-170032582e9a,KXNEXTIRANLEADER-45JAN01-GMOH,2026-03-05T21:07:22.262327Z,134.00,0.0700,0.9300,yes
c392b035-d0f6-6235-4df8-dd637fe633b7,KXNEXTIRANLEADER-45JAN01-GMOH,2026-03-05T21:07:22.262327Z,138.00,0.0400,0.9600,yes
a0e46204-1ac3-6c3b-7467-8af73f5eed1b,KXNEXTIRANLEADER-45JAN01-GMOH,2026-03-05T21:07:22.262327Z,279.00,0.0500,0.9500,yes
9deeb3ef-c0b4-6045-6e9b-66fcf23ea6cd,KXNEXTIRANLEADER-45JAN01-GMOH,2026-03-05T21:07:22.262327Z,25.00,0.0400,0.9600,yes
8dc2d39b-1bcc-6e9d-7474-d8a68068c8cc,KXNEXTIRANLEADER-45JAN01-GMOH,2026-03-05T21:07:22.262327Z,159.00,0.0600,0.9400,yes
60d79e6d-fd48-6c07-624e-c3f6db60fac8,KXNEXTIRANLEADER-45JAN01-GMOH,2026-03-05T21:07:22.262327Z,250.00,0.0400,0.9600,yes
304cd55e-9ee6-6ddb-718f-b40737239ac3,KXNEXTIRANLEADER-45JAN01-GMOH,2026-03-05T21:07:22.262327Z,8.00,0.0400,0.9600,yes
27da0b61-2c9b-6c72-4b2a-707b57e8abf9,KXNEXTIRANLEADER-45JAN01-GMOH,2026-03-05T21:07:22.262327Z,97.00,0.0400,0.9600,yes
0f4b4bbd-a596-6b84-6b2f-353478471145,KXNEXTIRANLEADER-45JAN01-GMOH,2026-03-05T21:07:22.262327Z,278.00,0.0500,0.9500,yes
f0385574-c410-5e22-62d3-ab4c02e07b79,KXNEXTIRANLEADER-45JAN01-GMOH,2026-03-05T20:50:29.435037Z,117.00,0.0400,0.9600,yes
6e1576a1-4897-5fe6-53f6-023e37852865,KXNEXTIRANLEADER-45JAN01-GMOH,2026-03-05T20:50:29.435037Z,153.00,0.0400,0.9600,yes
1245b0c1-c8e2-5a0c-7fc1-a046909875a0,KXNEXTIRANLEADER-45JAN01-GMOH,2026-03-05T20:50:29.435037Z,30.00,0.0400,0.9600,yes
1bb568a1-dcf8-6ab5-55d2-19c1a08c9854,KXNEXTIRANLEADER-45JAN01-GMOH,2026-03-05T20:44:53.440931Z,187.00,0.0300,0.9700,no
e4838d14-da74-792e-f4c9-71197b41a3fd,KXNEXTIRANLEADER-45JAN01-GMOH,2026-03-05T19:41:56.206427Z,83.00,0.0400,0.9600,yes
77311ad5-c344-4b7a-25da-4f470716f589,KXNEXTIRANLEADER-45JAN01-GMOH,2026-03-05T19:28:04.518042Z,50.00,0.0400,0.9600,yes
b82d333d-33dc-683d-487f-abd77dd11398,KXNEXTIRANLEADER-45JAN01-GMOH,2026-03-05T19:25:07.434574Z,201.00,0.0300,0.9700,no
abbc02b2-76f2-6fda-6877-5a7f30c0274e,KXNEXTIRANLEADER-45JAN01-GMOH,2026-03-05T19:25:07.434574Z,11.00,0.0300,0.9700,no
5bdc5f65-6a70-6f34-dfc2-1acf5ea9110e,KXNEXTIRANLEADER-45JAN01-GMOH,2026-03-05T19:10:04.359356Z,25.00,0.0400,0.9600,yes
f914cf6f-13c2-4b42-37c8-d6549185943e,KXNEXTIRANLEADER-45JAN01-GMOH,2026-03-05T18:48:33.662142Z,200.00,0.0300,0.9700,no
7785c2b0-94d6-60d6-4c36-616b2d4421e6,KXNEXTIRANLEADER-45JAN01-GMOH,2026-03-05T18:48:29.828499Z,28.00,0.0300,0.9700,no
fa6b59d0-87e6-4e5b-27d8-350562350aa3,KXNEXTIRANLEADER-45JAN01-GMOH,2026-03-05T18:46:38.88813Z,1242.00,0.0400,0.9600,yes
eddca600-6484-4fea-2e5e-8b16aecf4668,KXNEXTIRANLEADER-45JAN01-GMOH,2026-03-05T18:46:38.88813Z,500.00,0.0400,0.9600,yes
5ba187f5-b14e-44a7-11c2-f9ffe5f1cc78,KXNEXTIRANLEADER-45JAN01-GMOH,2026-03-05T18:46:38.88813Z,19.00,0.0400,0.9600,yes
ef6ed9ea-d58a-68c3-c002-9eee80e8b168,KXNEXTIRANLEADER-45JAN01-GMOH,2026-03-05T18:38:54.51567Z,6.00,0.0400,0.9600,yes
332e1c7f-506a-64f4-f1e4-4c1e06a993c6,KXNEXTIRANLEADER-45JAN01-GMOH,2026-03-05T18:38:54.51567Z,194.00,0.0400,0.9600,yes
025b785a-a0b7-6e28-fb15-48be100f8a47,KXNEXTIRANLEADER-45JAN01-GMOH,2026-03-05T18:38:54.51567Z,50.00,0.0400,0.9600,yes
c9564313-58be-75c6-26da-be5d14f56973,KXNEXTIRANLEADER-45JAN01-GMOH,2026-03-05T17:54:11.819859Z,30.00,0.0400,0.9600,yes
bb56a257-e19d-72e8-1c96-8fd9ae43ad76,KXNEXTIRANLEADER-45JAN01-GMOH,2026-03-05T17:54:11.819859Z,30.00,0.0400,0.9600,yes
25738f35-2c1a-7f64-048c-5e967595a9f2,KXNEXTIRANLEADER-45JAN01-GMOH,2026-03-05T17:54:11.819859Z,606.00,0.0400,0.9600,yes
eca9cb07-b136-7f82-9d6c-768af3ec425a,KXNEXTIRANLEADER-45JAN01-GMOH,2026-03-05T17:24:33.201422Z,775.00,0.0300,0.9700,no
827ad8b6-1b7e-53a2-1bd3-42a9c7e4ab12,KXNEXTIRANLEADER-45JAN01-GMOH,2026-03-05T17:12:49.338996Z,100.00,0.0300,0.9700,no
4baddb25-4fd6-783e-9583-442fa2d75b56,KXNEXTIRANLEADER-45JAN01-GMOH,2026-03-05T17:08:24.343004Z,489.00,0.0300,0.9700,no
d7af9aa0-e9aa-76d6-5ada-fb931de9e0e6,KXNEXTIRANLEADER-45JAN01-GMOH,2026-03-05T17:02:23.085266Z,397.00,0.0300,0.9700,no
84112ce9-f9e2-7754-44b0-c6d2ee495b28,KXNEXTIRANLEADER-45JAN01-GMOH,2026-03-05T17:02:23.085266Z,3.00,0.0300,0.9700,no
982ce2cb-2db5-5e80-9ed6-2049bf7fecb1,KXNEXTIRANLEADER-45JAN01-GMOH,2026-03-05T16:58:21.722412Z,1164.00,0.0400,0.9600,no
362a3a18-7965-5017-9a27-98cdbca1627c,KXNEXTIRANLEADER-45JAN01-GMOH,2026-03-05T16:58:21.722412Z,32.00,0.0400,0.9600,no
8733b27b-ada1-56c0-822d-95f31f674805,KXNEXTIRANLEADER-45JAN01-GMOH,2026-03-05T16:51:42.388727Z,1000.00,0.0400,0.9600,no
7d15f7fd-d591-60df-554a-82f38321806a,KXNEXTIRANLEADER-45JAN01-GMOH,2026-03-05T16:50:14.164494Z,17.00,0.0500,0.9500,yes
0c13fe7c-d5a1-756b-73b1-efb89aaf86fa,KXNEXTIRANLEADER-45JAN01-GMOH,2026-03-05T16:49:20.276041Z,500.00,0.0500,0.9500,yes
c7657d50-a991-599b-de01-28149ce413c2,KXNEXTIRANLEADER-45JAN01-GMOH,2026-03-05T16:48:41.351623Z,226.00,0.0500,0.9500,yes
c366701c-e709-546c-d8e4-8259f101d67e,KXNEXTIRANLEADER-45JAN01-GMOH,2026-03-05T16:48:41.351623Z,24.00,0.0500,0.9500,yes
ef605c30-bc31-6070-6f87-22db4892f7c9,KXNEXTIRANLEADER-45JAN01-GMOH,2026-03-05T16:41:52.435492Z,336.00,0.0400,0.9600,no
784e4915-c635-67f5-7736-d111fda800bd,KXNEXTIRANLEADER-45JAN01-GMOH,2026-03-05T16:41:52.435492Z,59.00,0.0400,0.9600,no
07b7b393-402a-6aec-7c6c-f77c8a458abc,KXNEXTIRANLEADER-45JAN01-GMOH,2026-03-05T16:41:52.435492Z,205.00,0.0400,0.9600,no
e98f9dce-50ea-6f98-7d5e-d22063343354,KXNEXTIRANLEADER-45JAN01-GMOH,2026-03-05T16:31:01.218699Z,500.00,0.0400,0.9600,no
f1869b67-4d8e-59b0-50d2-fa9857b00fa8,KXNEXTIRANLEADER-45JAN01-GMOH,2026-03-05T16:28:23.639005Z,500.00,0.0400,0.9600,no
72981a5e-54aa-7d40-368d-3bfb4767c76c,KXNEXTIRANLEADER-45JAN01-GMOH,2026-03-05T15:55:37.85845Z,100.00,0.0400,0.9600,no
f64843ac-fc7a-685c-02e1-caa5bc9162cc,KXNEXTIRANLEADER-45JAN01-GMOH,2026-03-05T15:37:56.308039Z,5.00,0.0400,0.9600,no
067e87c2-878a-5340-6de4-90df9ed2a0e4,KXNEXTIRANLEADER-45JAN01-GMOH,2026-03-05T15:07:52.101575Z,100.00,0.0400,0.9600,no
31dac7e0-cb26-42ec-f7d5-d1babb474e40,KXNEXTIRANLEADER-45JAN01-GMOH,2026-03-05T14:04:06.970766Z,500.00,0.0400,0.9600,no
e7f987a7-8caa-46cc-a82c-4373d5b90778,KXNEXTIRANLEADER-45JAN01-GMOH,2026-03-05T13:55:31.281048Z,100.00,0.0400,0.9600,no
74d914d6-0906-4c4c-fa57-b742f1a4c734,KXNEXTIRANLEADER-45JAN01-GMOH,2026-03-05T13:54:27.376073Z,418.00,0.0400,0.9600,no
1cc3c17e-82c6-6fc0-57cc-b1baeef09920,KXNEXTIRANLEADER-45JAN01-GMOH,2026-03-05T13:35:30.945565Z,186.00,0.0400,0.9600,no
b7de3565-86cd-7c24-4fcc-83d892c78016,KXNEXTIRANLEADER-45JAN01-GMOH,2026-03-05T12:38:34.931677Z,5.00,0.0500,0.9500,yes
f3e2687c-8d6e-6754-8e55-bde28575a548,KXNEXTIRANLEADER-45JAN01-GMOH,2026-03-05T10:37:58.437088Z,134.00,0.0400,0.9600,no
9a3c45fe-15f2-5d48-2646-05964de785b4,KXNEXTIRANLEADER-45JAN01-GMOH,2026-03-05T10:00:07.328366Z,6.00,0.0400,0.9600,no
e26f2104-d3c6-4a7c-c2a2-09361e3c67bc,KXNEXTIRANLEADER-45JAN01-GMOH,2026-03-05T10:00:02.15016Z,8.00,0.0400,0.9600,no
1d2cac03-f296-6820-5a00-350962d07b40,KXNEXTIRANLEADER-45JAN01-GMOH,2026-03-05T10:00:00.920044Z,2.00,0.0400,0.9600,no
d23d2dab-cb65-483c-e5a3-84996ae04e4a,KXNEXTIRANLEADER-45JAN01-GMOH,2026-03-05T07:05:01.778667Z,1.00,0.0500,0.9500,yes
e8b2b4e7-2bff-6b7f-0759-55609c830572,KXNEXTIRANLEADER-45JAN01-GMOH,2026-03-05T06:15:22.479814Z,313.00,0.0500,0.9500,yes
b554f78c-df9b-6740-191c-f9ebbeb497f6,KXNEXTIRANLEADER-45JAN01-GMOH,2026-03-05T06:15:22.479814Z,662.00,0.0500,0.9500,yes
009c8938-6054-63f7-036d-c52aa57f30ad,KXNEXTIRANLEADER-45JAN01-GMOH,2026-03-05T06:15:22.479814Z,25.00,0.0500,0.9500,yes
779928d1-bab7-7f64-2cb7-c4c178d9627e,KXNEXTIRANLEADER-45JAN01-GMOH,2026-03-05T06:00:49.298131Z,2.00,0.0500,0.9500,yes
5cb9cc39-526f-6c58-8948-51fe70ed1762,KXNEXTIRANLEADER-45JAN01-GMOH,2026-03-05T05:27:01.074117Z,7.00,0.0500,0.9500,yes
0af82c73-6942-4378-f92a-f517607fae08,KXNEXTIRANLEADER-45JAN01-GMOH,2026-03-05T04:32:18.422459Z,10.00,0.0400,0.9600,no
06d28cea-6fea-5edc-5eca-560f133509d8,KXNEXTIRANLEADER-45JAN01-GMOH,2026-03-05T04:31:21.676791Z,14.00,0.0400,0.9600,no
6c8a9ce5-f19e-7e80-6294-687f0cc79a08,KXNEXTIRANLEADER-45JAN01-GMOH,2026-03-05T04:31:20.452347Z,6.00,0.0400,0.9600,no
48142178-907a-5538-1c13-bfc60ab31d4c,KXNEXTIRANLEADER-45JAN01-GMOH,2026-03-05T04:31:11.570163Z,10.00,0.0400,0.9600,no
8f3a56a5-95a6-5bac-9841-b63cf586f0dc,KXNEXTIRANLEADER-45JAN01-GMOH,2026-03-05T04:30:48.879365Z,14.00,0.0400,0.9600,no
36aa8d55-d9f2-6474-44be-a11c13f0d224,KXNEXTIRANLEADER-45JAN01-GMOH,2026-03-05T04:30:41.151097Z,5.00,0.0400,0.9600,no
7c8e8237-a8e6-7518-e655-9feea58844f0,KXNEXTIRANLEADER-45JAN01-GMOH,2026-03-05T04:30:27.094376Z,195.00,0.0400,0.9600,no
0d090fa7-000a-5ed4-d049-e8079feee1d8,KXNEXTIRANLEADER-45JAN01-GMOH,2026-03-05T04:30:16.900484Z,10.00,0.0400,0.9600,no
633d9ebe-2952-5fdc-8226-a04786f06a2c,KXNEXTIRANLEADER-45JAN01-GMOH,2026-03-05T04:30:00.971721Z,717.00,0.0400,0.9600,no
74a71cf6-5f26-75d4-eab7-665a743262a8,KXNEXTIRANLEADER-45JAN01-GMOH,2026-03-05T04:29:44.325079Z,104.00,0.0400,0.9600,no
c937f2a8-9f46-507c-a62b-6ed5e8683838,KXNEXTIRANLEADER-45JAN01-GMOH,2026-03-05T04:27:51.007227Z,10.00,0.0400,0.9600,no
545f3285-594e-49e0-768f-caeab4a1343c,KXNEXTIRANLEADER-45JAN01-GMOH,2026-03-05T04:26:44.384868Z,10.00,0.0400,0.9600,no
c5ad17b9-8292-7bd4-fb09-89b089484e7c,KXNEXTIRANLEADER-45JAN01-GMOH,2026-03-05T04:25:37.776911Z,10.00,0.0400,0.9600,no
76de5f37-2322-7fe0-311f-0d15341ceb5c,KXNEXTIRANLEADER-45JAN01-GMOH,2026-03-05T04:25:13.861823Z,20.00,0.0400,0.9600,no
ad6fe83e-3ce6-5938-a202-9a9101d4aad4,KXNEXTIRANLEADER-45JAN01-GMOH,2026-03-05T03:40:35.351006Z,24.00,0.0400,0.9600,no
d475cd47-f466-6fa4-d866-69fb79119d28,KXNEXTIRANLEADER-45JAN01-GMOH,2026-03-05T03:39:19.578837Z,40.00,0.0400,0.9600,no
55fdb038-393a-44f4-22c2-a0f8a3fad53c,KXNEXTIRANLEADER-45JAN01-GMOH,2026-03-05T03:39:13.79582Z,10.00,0.0400,0.9600,no
1cce6a6e-571a-79b4-2c89-ff165d251354,KXNEXTIRANLEADER-45JAN01-GMOH,2026-03-05T03:39:08.46072Z,40.00,0.0400,0.9600,no
395f0d0c-77ae-55cc-9f81-46c2ce1f0068,KXNEXTIRANLEADER-45JAN01-GMOH,2026-03-05T03:39:04.903883Z,20.00,0.0400,0.9600,no
5bff7455-c982-5098-fa0f-d9de697787b4,KXNEXTIRANLEADER-45JAN01-GMOH,2026-03-05T03:38:47.949947Z,21.00,0.0400,0.9600,no
66b936b4-58da-4d84-813b-b01653ac169c,KXNEXTIRANLEADER-45JAN01-GMOH,2026-03-05T03:38:17.864718Z,60.00,0.0400,0.9600,no
1c44c5a7-334e-4b5c-e253-f10e474dad80,KXNEXTIRANLEADER-45JAN01-GMOH,2026-03-05T03:37:42.838815Z,10.00,0.0400,0.9600,no
04274c77-616a-6b90-e8ad-0fb817254e54,KXNEXTIRANLEADER-45JAN01-GMOH,2026-03-05T03:37:11.464023Z,10.00,0.0400,0.9600,no
21b7d6e0-37de-7904-fcdd-674e499c67a0,KXNEXTIRANLEADER-45JAN01-GMOH,2026-03-05T03:37:03.7551Z,9.00,0.0400,0.9600,no
db9dfba9-6f4a-48d8-2a93-ea3ab8860e70,KXNEXTIRANLEADER-45JAN01-GMOH,2026-03-05T03:36:04.153908Z,36.00,0.0400,0.9600,no
a9bcd279-5ace-6578-13d3-65f8e2d11944,KXNEXTIRANLEADER-45JAN01-GMOH,2026-03-05T03:35:59.764784Z,60.00,0.0400,0.9600,no
3565f9c1-b5ae-5574-86ee-7bfbf20bde18,KXNEXTIRANLEADER-45JAN01-GMOH,2026-03-05T03:34:20.273739Z,10.00,0.0400,0.9600,no
b8d68a81-1f46-5858-d60c-cac963591770,KXNEXTIRANLEADER-45JAN01-GMOH,2026-03-05T03:34:08.072976Z,10.00,0.0400,0.9600,no
dbdf47d2-163a-74c0-d091-e68c3549746c,KXNEXTIRANLEADER-45JAN01-GMOH,2026-03-05T03:33:39.894161Z,10.00,0.0400,0.9600,no
36e44443-1c96-664c-2310-b01256c86ba4,KXNEXTIRANLEADER-45JAN01-GMOH,2026-03-05T03:33:35.520753Z,7.00,0.0400,0.9600,no
f45c8fa1-b2ae-6fac-3047-88f3573d0798,KXNEXTIRANLEADER-45JAN01-GMOH,2026-03-05T03:33:07.306434Z,10.00,0.0400,0.9600,no
c79d7359-92c2-586c-d966-4c955c0d8a04,KXNEXTIRANLEADER-45JAN01-GMOH,2026-03-05T03:27:49.457696Z,10.00,0.0400,0.9600,no
233bbced-90f2-7338-a93d-ba877b982598,KXNEXTIRANLEADER-45JAN01-GMOH,2026-03-05T03:21:11.176856Z,10.00,0.0400,0.9600,no
a882dba8-e7fe-42d8-6501-2d187a184630,KXNEXTIRANLEADER-45JAN01-GMOH,2026-03-05T03:20:38.811523Z,5.00,0.0400,0.9600,no
bfa74dc2-7522-7aac-8dcf-1e75f68467a0,KXNEXTIRANLEADER-45JAN01-GMOH,2026-03-05T03:18:00.696222Z,10.00,0.0400,0.9600,no
c56bfa75-0d46-7518-1163-36c79f24d0d8,KXNEXTIRANLEADER-45JAN01-GMOH,2026-03-05T03:17:45.907195Z,1169.00,0.0400,0.9600,no
d404991b-b9c6-5434-2bbc-b1c10f90e430,KXNEXTIRANLEADER-45JAN01-GMOH,2026-03-05T03:16:59.705284Z,10.00,0.0400,0.9600,no
4bdf8fd5-950f-4980-f0ed-3bcc4a45209a,KXNEXTIRANLEADER-45JAN01-GMOH,2026-03-05T02:53:54.691084Z,399.00,0.0500,0.9500,yes
4739a3cd-a99f-6cbc-e3de-5e84a3251796,KXNEXTIRANLEADER-45JAN01-GMOH,2026-03-05T02:28:16.831411Z,5.00,0.0500,0.9500,yes
641f2846-9fa7-6a3c-8ccc-e07df22f9c7e,KXNEXTIRANLEADER-45JAN01-GMOH,2026-03-05T02:26:47.805762Z,25.00,0.0500,0.9500,yes
bddce197-1427-4264-befe-c1d4f1e5979e,KXNEXTIRANLEADER-45JAN01-GMOH,2026-03-05T02:21:29.98164Z,500.00,0.0500,0.9500,yes
731a97cb-63a1-7041-eff7-9cd621489dcb,KXNEXTIRANLEADER-45JAN01-GMOH,2026-03-05T02:18:09.959246Z,500.00,0.0400,0.9600,yes
2ba7be11-6c3f-7754-f0f2-0ae127f4dc2d,KXNEXTIRANLEADER-45JAN01-GMOH,2026-03-05T02:18:09.959246Z,4000.00,0.0400,0.9600,yes
a0699247-1886-64fe-4917-cf504be6519b,KXNEXTIRANLEADER-45JAN01-GMOH,2026-03-05T01:45:00.317801Z,169.00,0.0500,0.9500,yes
72573995-96f0-6384-7a7e-fc8ec3e9da45,KXNEXTIRANLEADER-45JAN01-GMOH,2026-03-05T01:45:00.317801Z,13.00,0.0400,0.9600,yes
55c0f906-d830-6dc9-440a-1fd0b443e996,KXNEXTIRANLEADER-45JAN01-GMOH,2026-03-05T01:45:00.317801Z,25.00,0.0400,0.9600,yes
01539cec-026c-4ea1-b42c-0e28d97d75f0,KXNEXTIRANLEADER-45JAN01-GMOH,2026-03-05T01:29:19.385987Z,8.00,0.0600,0.9400,yes
295fb8b2-ab14-5523-a486-7565a75f561a,KXNEXTIRANLEADER-45JAN01-GMOH,2026-03-05T00:08:55.176519Z,14.00,0.0300,0.9700,no
1b0fb138-30b0-6fad-c288-3a1a885e07d8,KXNEXTIRANLEADER-45JAN01-GMOH,2026-03-05T00:04:41.91718Z,10.00,0.0600,0.9400,yes
43e8d1e7-fb11-568b-20b6-ca9fdd40bfb7,KXNEXTIRANLEADER-45JAN01-GMOH,2026-03-04T23:53:37.294835Z,200.00,0.0500,0.9500,yes
ec220e39-5f27-78b5-33de-9bed15b65e80,KXNEXTIRANLEADER-45JAN01-GMOH,2026-03-04T23:24:01.748932Z,33.00,0.0500,0.9500,yes
d2ff230c-5fd4-7b55-3066-712397218a9f,KXNEXTIRANLEADER-45JAN01-GMOH,2026-03-04T23:24:01.748932Z,183.00,0.0500,0.9500,yes
c4a92b47-5b98-7e11-138a-11de383780ac,KXNEXTIRANLEADER-45JAN01-GMOH,2026-03-04T23:24:01.748932Z,110.00,0.0600,0.9400,yes
91effd71-6ad3-7650-1e84-e2472d5f87e3,KXNEXTIRANLEADER-45JAN01-GMOH,2026-03-04T23:24:01.748932Z,30.00,0.0500,0.9500,yes
85828f1e-5e94-7f61-1b02-bda7a92f7b80,KXNEXTIRANLEADER-45JAN01-GMOH,2026-03-04T23:24:01.748932Z,500.00,0.0500,0.9500,yes
5dd2df2c-d599-7cdb-3431-cfe4909b59d2,KXNEXTIRANLEADER-45JAN01-GMOH,2026-03-04T23:24:01.748932Z,500.00,0.0500,0.9500,yes
53521251-4fae-7164-1edd-a81ea43a15fe,KXNEXTIRANLEADER-45JAN01-GMOH,2026-03-04T23:24:01.748932Z,500.00,0.0500,0.9500,yes
3db07b98-8cd5-79ec-23aa-99671495ccc1,KXNEXTIRANLEADER-45JAN01-GMOH,2026-03-04T23:24:01.748932Z,122.00,0.0500,0.9500,yes
49d9f54f-c222-6ab3-a368-c6fbe14d9b31,KXNEXTIRANLEADER-45JAN01-GMOH,2026-03-04T20:36:59.294734Z,140.00,0.0400,0.9600,no
34f18837-6054-6078-a853-7df53b4d14d1,KXNEXTIRANLEADER-45JAN01-GMOH,2026-03-04T20:36:59.294734Z,196.00,0.0400,0.9600,no
0b6866e1-c880-40f8-9c62-d0b98d43c9d9,KXNEXTIRANLEADER-45JAN01-GMOH,2026-03-04T19:23:44.626807Z,233.00,0.0400,0.9600,no
f59a3e01-6b24-5508-c675-b64fc7d07f45,KXNEXTIRANLEADER-45JAN01-GMOH,2026-03-04T19:20:32.868471Z,571.00,0.0400,0.9600,no
cc190222-3287-5c1b-e4df-47c1a4e0e5b2,KXNEXTIRANLEADER-45JAN01-GMOH,2026-03-04T19:20:32.868471Z,29.00,0.0400,0.9600,no
6ce91f9e-a1a4-50d9-87f4-b5a9b823e107,KXNEXTIRANLEADER-45JAN01-GMOH,2026-03-04T19:20:10.835477Z,199.00,0.0500,0.9500,yes
74016b8b-7113-428f-a12e-e3190bf0cbe2,KXNEXTIRANLEADER-45JAN01-GMOH,2026-03-04T19:09:31.136961Z,112.00,0.0400,0.9600,no
56d43e8b-c653-4fe5-9c81-1fa79357c02f,KXNEXTIRANLEADER-45JAN01-GMOH,2026-03-04T19:09:31.136961Z,569.00,0.0400,0.9600,no
bc4be1f5-5983-5e61-da49-38fd5ac7b4b3,KXNEXTIRANLEADER-45JAN01-GMOH,2026-03-04T18:57:09.288735Z,100.00,0.0400,0.9600,no
593356dd-e293-6f3d-1a0e-f232cc46d6f7,KXNEXTIRANLEADER-45JAN01-GMOH,2026-03-04T18:57:06.410649Z,15.00,0.0400,0.9600,no
b0bfa1aa-4cf2-6032-4dd9-ac4f7b8b6d75,KXNEXTIRANLEADER-45JAN01-GMOH,2026-03-04T18:40:01.237416Z,100.00,0.0500,0.9500,yes
86dee890-00f0-6556-4f5f-52a3a6937340,KXNEXTIRANLEADER-45JAN01-GMOH,2026-03-04T18:40:01.237416Z,988.00,0.0500,0.9500,yes
08315669-bab3-61b6-4793-42d22023e977,KXNEXTIRANLEADER-45JAN01-GMOH,2026-03-04T18:40:01.237416Z,912.00,0.0500,0.9500,yes
87a2d0e1-e5dd-5504-68c4-ca9d79bf135e,KXNEXTIRANLEADER-45JAN01-GMOH,2026-03-04T17:53:18.531958Z,188.00,0.0500,0.9500,yes
28e66f69-a6fa-50c1-5a67-779af1b53c98,KXNEXTIRANLEADER-45JAN01-GMOH,2026-03-04T17:53:18.531958Z,12.00,0.0500,0.9500,yes
276a3f11-be20-588b-7a9a-53474638e34e,KXNEXTIRANLEADER-45JAN01-GMOH,2026-03-04T17:53:18.531958Z,300.00,0.0500,0.9500,yes
e04847ff-99eb-4861-22e3-625386bf0775,KXNEXTIRANLEADER-45JAN01-GMOH,2026-03-04T17:10:59.302413Z,22.00,0.0500,0.9500,yes
5e9d6d1b-8735-4080-224c-5a579170b2e2,KXNEXTIRANLEADER-45JAN01-GMOH,2026-03-04T17:10:59.302413Z,50.00,0.0500,0.9500,yes
4110ddb8-bfd0-4fc7-12a8-9548a2b83d97,KXNEXTIRANLEADER-45JAN01-GMOH,2026-03-04T17:10:59.302413Z,16.00,0.0500,0.9500,yes
03ec0bf7-8f8d-4450-185d-d10c73b29dca,KXNEXTIRANLEADER-45JAN01-GMOH,2026-03-04T17:10:59.302413Z,312.00,0.0500,0.9500,yes
56be4913-26eb-42f9-8ae1-bcb0a47a9d93,KXNEXTIRANLEADER-45JAN01-GMOH,2026-03-04T16:59:51.958935Z,14.00,0.0400,0.9600,no
e5236515-187f-7771-5f71-c5c8158b4413,KXNEXTIRANLEADER-45JAN01-GMOH,2026-03-04T16:47:14.181295Z,500.00,0.0400,0.9600,no
6e160620-0de7-7dad-756e-6e9ff91601cf,KXNEXTIRANLEADER-45JAN01-GMOH,2026-03-04T16:44:02.171537Z,2.00,0.0400,0.9600,no
a6784249-c7ab-6a35-c57e-bae3680c2c73,KXNEXTIRANLEADER-45JAN01-GMOH,2026-03-04T16:41:35.812367Z,500.00,0.0400,0.9600,no
6b803147-d69b-7049-2bd6-0ba022b91db7,KXNEXTIRANLEADER-45JAN01-GMOH,2026-03-04T16:37:37.656998Z,200.00,0.0400,0.9600,no
958e0b8e-937f-548d-ed15-23419d60187f,KXNEXTIRANLEADER-45JAN01-GMOH,2026-03-04T16:25:28.158134Z,100.00,0.0400,0.9600,no
b9797ee4-6ba8-4943-638d-54b959d9961b,KXNEXTIRANLEADER-45JAN01-GMOH,2026-03-04T16:23:07.545087Z,100.00,0.0500,0.9500,yes
9dd73ec0-fba0-4ee7-64fe-34f76dc9507b,KXNEXTIRANLEADER-45JAN01-GMOH,2026-03-04T15:38:37.42428Z,1600.00,0.0500,0.9500,yes
1aebd4d3-2fc2-4b67-4dfc-4456b0619e9d,KXNEXTIRANLEADER-45JAN01-GMOH,2026-03-04T15:38:37.42428Z,500.00,0.0400,0.9600,yes
f85bff1e-0a7c-5693-477a-9dd77299e8b3,KXNEXTIRANLEADER-45JAN01-GMOH,2026-03-04T15:37:12.69883Z,784.00,0.0500,0.9500,yes
e8702936-cf36-579d-7945-a74f9f797852,KXNEXTIRANLEADER-45JAN01-GMOH,2026-03-04T15:37:12.69883Z,23.00,0.0500,0.9500,yes
b6e55221-1598-540c-69fe-be11d9d5d7a0,KXNEXTIRANLEADER-45JAN01-GMOH,2026-03-04T15:37:12.69883Z,7.00,0.0400,0.9600,yes
a23bd412-8f90-5686-46bb-ad7b025fd516,KXNEXTIRANLEADER-45JAN01-GMOH,2026-03-04T15:37:12.69883Z,430.00,0.0400,0.9600,yes
5cbb4ce4-92e1-523c-4ec2-e5a2c39241de,KXNEXTIRANLEADER-45JAN01-GMOH,2026-03-04T15:37:12.69883Z,229.00,0.0400,0.9600,yes
45dace3b-ee10-57a0-4ab3-ccdb0e596588,KXNEXTIRANLEADER-45JAN01-GMOH,2026-03-04T15:37:12.69883Z,300.00,0.0400,0.9600,yes
3fe89e45-d1a9-5517-7d3c-3d79e299b6aa,KXNEXTIRANLEADER-45JAN01-GMOH,2026-03-04T15:37:12.69883Z,25.00,0.0400,0.9600,yes
15fa11e9-c1e6-5f15-54e3-505d3aac1ba6,KXNEXTIRANLEADER-45JAN01-GMOH,2026-03-04T15:37:12.69883Z,500.00,0.0400,0.9600,yes
c731b126-e7c0-4f5c-ee09-087b45c9ca96,KXNEXTIRANLEADER-45JAN01-GMOH,2026-03-04T15:31:28.565272Z,53.00,0.0300,0.9700,no
c1a1af71-7cb4-488b-e591-7dbbdbfce90e,KXNEXTIRANLEADER-45JAN01-GMOH,2026-03-04T15:31:28.565272Z,27.00,0.0300,0.9700,no
69cf20e6-d254-4f00-ced6-0e7d027c0d0e,KXNEXTIRANLEADER-45JAN01-GMOH,2026-03-04T15:27:53.297923Z,142.00,0.0300,0.9700,no
a0b16511-2058-46ab-d9a9-e65b74adbee3,KXNEXTIRANLEADER-45JAN01-GMOH,2026-03-04T15:14:22.275223Z,5.00,0.0300,0.9700,no
3c191767-0524-4e1c-cbac-aab7d4a90b02,KXNEXTIRANLEADER-45JAN01-GMOH,2026-03-04T15:14:22.275223Z,5.00,0.0300,0.9700,no
dd0322a2-7e49-6cec-dec0-dd962321a91e,KXNEXTIRANLEADER-45JAN01-GMOH,2026-03-04T15:07:32.101992Z,125.00,0.0400,0.9600,yes
ff142cb8-9c2a-6a04-5d8e-1378be2f0131,KXNEXTIRANLEADER-45JAN01-GMOH,2026-03-04T14:23:25.867893Z,11.00,0.0400,0.9600,yes
20a97397-11d5-620c-6a1b-4c610dd3ba8e,KXNEXTIRANLEADER-45JAN01-GMOH,2026-03-04T14:23:25.867893Z,77.00,0.0400,0.9600,yes
0730e696-2ea3-604b-736f-ed89f2bc50c3,KXNEXTIRANLEADER-45JAN01-GMOH,2026-03-04T14:23:25.867893Z,12.00,0.0400,0.9600,yes
e3db9413-3d30-479f-5519-43063bd8d6fb,KXNEXTIRANLEADER-45JAN01-GMOH,2026-03-04T13:47:52.862192Z,18.00,0.0300,0.9700,no
ddb96e7a-bfd0-657b-4b93-d314e3e28ca3,KXNEXTIRANLEADER-45JAN01-GMOH,2026-03-04T13:43:47.083011Z,2.00,0.0300,0.9700,no
c6affdcf-a945-467f-a8c9-b76e7a5073d3,KXNEXTIRANLEADER-45JAN01-GMOH,2026-03-04T12:53:06.291554Z,3.00,0.0600,0.9400,yes
e66ccd2d-9a45-5f3a-c418-1e5d601edbc6,KXNEXTIRANLEADER-45JAN01-GMOH,2026-03-04T12:31:21.216554Z,37.00,0.0300,0.9700,no
e57c2477-b733-56c9-d9d9-f4b3c6e4c276,KXNEXTIRANLEADER-45JAN01-GMOH,2026-03-04T12:31:21.216554Z,353.00,0.0500,0.9500,no
b11fd6ce-e8c2-504a-eec9-f8a3f9572fc2,KXNEXTIRANLEADER-45JAN01-GMOH,2026-03-04T12:31:21.216554Z,17.00,0.0300,0.9700,no
7d99396a-80d6-561e-eac7-a3cd19dd5f65,KXNEXTIRANLEADER-45JAN01-GMOH,2026-03-04T12:31:21.216554Z,1000.00,0.0400,0.9600,no
6965eaaf-4946-54cd-c426-993b5e5c21b9,KXNEXTIRANLEADER-45JAN01-GMOH,2026-03-04T12:31:21.216554Z,333.00,0.0500,0.9500,no
63a18943-f48d-5af9-cd2b-18a4d9786e28,KXNEXTIRANLEADER-45JAN01-GMOH,2026-03-04T12:31:21.216554Z,786.00,0.0200,0.9800,no
4fc3b7a4-362e-56b0-eec1-bcda6842d7e0,KXNEXTIRANLEADER-45JAN01-GMOH,2026-03-04T12:31:21.216554Z,12.00,0.0500,0.9500,no
45418772-836b-5f17-fc64-b01f4bf637aa,KXNEXTIRANLEADER-45JAN01-GMOH,2026-03-04T12:31:21.216554Z,218.00,0.0200,0.9800,no
410b7eb9-4407-5eaa-e733-2c4db4c2a800,KXNEXTIRANLEADER-45JAN01-GMOH,2026-03-04T12:31:21.216554Z,2000.00,0.0300,0.9700,no
a911a472-4442-5a65-4d1e-18bfe768b57d,KXNEXTIRANLEADER-45JAN01-GMOH,2026-03-04T12:27:26.963734Z,33.00,0.0500,0.9500,no
ecb9661e-49c3-6cb7-d609-36c0a326e835,KXNEXTIRANLEADER-45JAN01-GMOH,2026-03-04T12:17:40.034772Z,20.00,0.0700,0.9300,yes
e4daeb78-fe38-6f39-32c8-5dca91e5f322,KXNEXTIRANLEADER-45JAN01-GMOH,2026-03-04T11:48:59.214422Z,200.00,0.0600,0.9400,yes
a439a066-b434-6594-39c2-0e06cb773320,KXNEXTIRANLEADER-45JAN01-GMOH,2026-03-04T11:48:59.214422Z,200.00,0.0600,0.9400,yes
1e1197f9-4e23-673e-24bf-6219168ea3c8,KXNEXTIRANLEADER-45JAN01-GMOH,2026-03-04T11:48:59.214422Z,961.00,0.0600,0.9400,yes
edbcbfa5-be23-7b52-a99b-5d279fd96a50,KXNEXTIRANLEADER-45JAN01-GMOH,2026-03-04T10:23:06.859315Z,22.00,0.0600,0.9400,yes
d2dd9690-d067-51ee-360e-cd0a3594a698,KXNEXTIRANLEADER-45JAN01-GMOH,2026-03-04T10:20:08.619167Z,17.00,0.0600,0.9400,yes
a86f4e86-401a-5bce-06cc-7c8905e3f6d7,KXNEXTIRANLEADER-45JAN01-GMOH,2026-03-04T10:20:08.619167Z,24.00,0.0600,0.9400,yes
546be1f5-3e00-5233-daa5-1708daad6da2,KXNEXTIRANLEADER-45JAN01-GMOH,2026-03-04T10:18:15.579474Z,42.00,0.0500,0.9500,yes
44b686eb-76da-529d-e6f9-ce1483f40f90,KXNEXTIRANLEADER-45JAN01-GMOH,2026-03-04T10:18:15.579474Z,24.00,0.0500,0.9500,yes
069ee4fc-ccd3-5fd0-d0d8-29341abad389,KXNEXTIRANLEADER-45JAN01-GMOH,2026-03-04T10:18:15.579474Z,14.00,0.0500,0.9500,yes
faa3d900-d5d9-63fc-13ea-917b2c418dba,KXNEXTIRANLEADER-45JAN01-GMOH,2026-03-04T09:34:25.745833Z,30.00,0.0300,0.9700,yes
edaaf557-2171-6f9c-2adf-4f87ccdb155a,KXNEXTIRANLEADER-45JAN01-GMOH,2026-03-04T09:34:25.745833Z,182.00,0.0500,0.9500,yes
d64a7764-8f94-6a0f-35ec-ce337392596a,KXNEXTIRANLEADER-45JAN01-GMOH,2026-03-04T09:34:25.745833Z,27.00,0.0500,0.9500,yes
d257c9a1-ac64-6a3b-1931-fc6def4e188e,KXNEXTIRANLEADER-45JAN01-GMOH,2026-03-04T09:34:25.745833Z,107.00,0.0500,0.9500,yes
b27309e2-8cf9-62b9-39d1-cee085a0d832,KXNEXTIRANLEADER-45JAN01-GMOH,2026-03-04T09:34:25.745833Z,30.00,0.0400,0.9600,yes
5c027e1e-ebc0-6a15-1153-50196a161099,KXNEXTIRANLEADER-45JAN01-GMOH,2026-03-04T09:34:25.745833Z,11.00,0.0500,0.9500,yes
2c69adab-fae8-6db8-1c6d-ca93c73dff22,KXNEXTIRANLEADER-45JAN01-GMOH,2026-03-04T09:34:25.745833Z,30.00,0.0400,0.9600,yes
71969dbb-56cb-4963-1605-a8b6f7a89e0a,KXNEXTIRANLEADER-45JAN01-GMOH,2026-03-04T08:17:37.986582Z,69.00,0.0200,0.9800,no
743fb59b-34cb-7fcf-720c-aa2955ef7792,KXNEXTIRANLEADER-45JAN01-GMOH,2026-03-04T08:09:05.034793Z,11.00,0.0200,0.9800,no
89b3e564-a6b8-5677-d0d9-985db5f382de,KXNEXTIRANLEADER-45JAN01-GMOH,2026-03-04T07:52:04.292935Z,104.00,0.0200,0.9800,no
4f24ee45-386b-54f3-ea80-180532c30676,KXNEXTIRANLEADER-45JAN01-GMOH,2026-03-04T07:52:04.292935Z,3.00,0.0200,0.9800,no
1b1c0c52-e787-5fff-e2d2-5350cfa79062,KXNEXTIRANLEADER-45JAN01-GMOH,2026-03-04T07:52:04.292935Z,35.00,0.0200,0.9800,no
b5e09548-0c34-6713-a1a8-a14c42e9ad02,KXNEXTIRANLEADER-45JAN01-GMOH,2026-03-04T06:22:00.514996Z,11.00,0.0200,0.9800,no
ec468922-11ca-7df2-b936-4984c4692ccb,KXNEXTIRANLEADER-45JAN01-GMOH,2026-03-04T06:20:10.780856Z,1.00,0.0600,0.9400,yes
fe53d345-e2a3-4dbf-1d5d-56ad41f0b6f6,KXNEXTIRANLEADER-45JAN01-GMOH,2026-03-04T06:14:08.240841Z,11.00,0.0500,0.9500,no
67ec6536-327b-4f87-6a1c-a3cb708ad8de,KXNEXTIRANLEADER-45JAN01-GMOH,2026-03-04T06:10:42.212368Z,13.00,0.0500,0.9500,no
4e1a6d2a-e203-477b-d23b-95a02fc9bb4a,KXNEXTIRANLEADER-45JAN01-GMOH,2026-03-04T06:04:16.963221Z,30.00,0.0500,0.9500,no
8270a588-ebef-489b-d439-cdd47bcfa07e,KXNEXTIRANLEADER-45JAN01-GMOH,2026-03-04T06:03:12.855417Z,14.00,0.0500,0.9500,no
67902d08-3b63-7d37-97c6-09b0b7815af2,KXNEXTIRANLEADER-45JAN01-GMOH,2026-03-04T06:03:03.6682Z,41.00,0.0500,0.9500,no
deb6fbc6-d0c5-4ca3-e6ef-39521d25829d,KXNEXTIRANLEADER-45JAN01-GMOH,2026-03-04T06:00:39.910026Z,6.00,0.0800,0.9200,yes
d7a63dc1-6331-463f-fe0e-4baf79be9616,KXNEXTIRANLEADER-45JAN01-GMOH,2026-03-04T06:00:39.910026Z,20.00,0.0700,0.9300,yes
5eba3829-6992-48ff-fecb-1566d163c02d,KXNEXTIRANLEADER-45JAN01-GMOH,2026-03-04T06:00:39.910026Z,25.00,0.0600,0.9400,yes
1c663c8f-e173-40a1-effa-d4a81b2afada,KXNEXTIRANLEADER-45JAN01-GMOH,2026-03-04T06:00:39.910026Z,25.00,0.0700,0.9300,yes
8cd80dcc-cad3-4857-69b4-913da00bacee,KXNEXTIRANLEADER-45JAN01-GMOH,2026-03-04T05:55:29.976979Z,10.00,0.0500,0.9500,no
383640f1-fddb-76ef-1b45-cc078acc746e,KXNEXTIRANLEADER-45JAN01-GMOH,2026-03-04T05:54:03.901086Z,2.00,0.0500,0.9500,no
53619478-b303-711b-e3b3-35a80371565e,KXNEXTIRANLEADER-45JAN01-GMOH,2026-03-04T05:53:04.67604Z,30.00,0.0500,0.9500,no
9e833756-09ef-4e6f-7ed2-4f84136e3a32,KXNEXTIRANLEADER-45JAN01-GMOH,2026-03-04T05:53:01.80856Z,30.00,0.0500,0.9500,no
e0518c19-2ced-73c3-446f-055569cc2108,KXNEXTIRANLEADER-45JAN01-GMOH,2026-03-04T05:49:28.997615Z,4.00,0.1100,0.8900,yes
51107a1f-5a9c-7075-7f2b-c1273bbe2029,KXNEXTIRANLEADER-45JAN01-GMOH,2026-03-04T05:49:28.997615Z,20.00,0.1000,0.9000,yes
09abfaff-0818-77ba-65da-68c09bff11a6,KXNEXTIRANLEADER-45JAN01-GMOH,2026-03-04T05:49:28.997615Z,119.00,0.0900,0.9100,yes
a1645258-3363-41b3-6d45-6ad6b593ac5a,KXNEXTIRANLEADER-45JAN01-GMOH,2026-03-04T05:38:59.055606Z,190.00,0.0500,0.9500,no
79580a26-c773-4f3f-b618-25173e77a922,KXNEXTIRANLEADER-45JAN01-GMOH,2026-03-04T05:38:57.690929Z,181.00,0.0500,0.9500,no
50ce77c5-0583-54b3-aee1-36e7c4b80fee,KXNEXTIRANLEADER-45JAN01-GMOH,2026-03-04T05:38:34.846192Z,448.00,0.0500,0.9500,no
e47feed2-b34b-7900-30d4-62a1693abe09,KXNEXTIRANLEADER-45JAN01-GMOH,2026-03-04T05:30:30.279495Z,52.00,0.0400,0.9600,yes
d7d4ae91-b520-7417-0a43-7f1fa227f6dc,KXNEXTIRANLEADER-45JAN01-GMOH,2026-03-04T05:30:30.279495Z,52.00,0.0300,0.9700,yes
d5fab813-3647-7e8a-29fd-12b232f679f3,KXNEXTIRANLEADER-45JAN01-GMOH,2026-03-04T05:30:30.279495Z,392.00,0.1700,0.8300,yes
cc6a24da-c089-7cac-048a-766cb289312f,KXNEXTIRANLEADER-45JAN01-GMOH,2026-03-04T05:30:30.279495Z,1044.00,0.0500,0.9500,yes
c6ab1f19-4442-7da5-39dc-81c9b744d29f,KXNEXTIRANLEADER-45JAN01-GMOH,2026-03-04T05:30:30.279495Z,1000.00,0.0400,0.9600,yes
bac25080-7bbb-7e43-2e79-b013f49a18f8,KXNEXTIRANLEADER-45JAN01-GMOH,2026-03-04T05:30:30.279495Z,52.00,0.0400,0.9600,yes
5ee9ee7d-9cdf-7799-0d2c-7effbb0d0d0c,KXNEXTIRANLEADER-45JAN01-GMOH,2026-03-04T05:30:30.279495Z,986.00,0.0400,0.9600,yes
418db4de-018a-7035-2c15-33dda57b8d94,KXNEXTIRANLEADER-45JAN01-GMOH,2026-03-04T05:30:30.279495Z,66.00,0.1500,0.8500,yes
40506e9a-6a8c-7d25-1d15-cba485a3ebbd,KXNEXTIRANLEADER-45JAN01-GMOH,2026-03-04T05:30:30.279495Z,30.00,0.0400,0.9600,yes
3d35cc40-2b9a-7640-0667-50a973ce286d,KXNEXTIRANLEADER-45JAN01-GMOH,2026-03-04T05:30:30.279495Z,40.00,0.1200,0.8800,yes
2f2f20f0-48cd-7973-29b7-1d4d542f6ad2,KXNEXTIRANLEADER-45JAN01-GMOH,2026-03-04T05:30:30.279495Z,999.00,0.0300,0.9700,yes
ac386ef2-6b6f-7126-f2b3-bf69e12651ea,KXNEXTIRANLEADER-45JAN01-GMOH,2026-03-04T05:24:15.73452Z,30.00,0.0300,0.9700,yes
1bcafcfc-b86f-790d-f1e9-96e4b4e17768,KXNEXTIRANLEADER-45JAN01-GMOH,2026-03-04T05:24:15.73452Z,2.00,0.0400,0.9600,yes
7fcd51c8-1ff7-7671-703a-1bc705adeb25,KXNEXTIRANLEADER-45JAN01-GMOH,2026-03-04T05:17:28.583068Z,21.00,0.0100,0.9900,no
42907ee3-b30b-4d7d-4f71-45523b669831,KXNEXTIRANLEADER-45JAN01-GMOH,2026-03-04T04:54:07.173152Z,18.00,0.0100,0.9900,no
6014b26a-00db-7eed-d135-5cd80f2f303c,KXNEXTIRANLEADER-45JAN01-GMOH,2026-03-04T04:46:43.737724Z,12.00,0.0400,0.9600,yes
eb6594b3-8869-6f36-60e3-4d665cd4771f,KXNEXTIRANLEADER-45JAN01-GMOH,2026-03-04T04:35:37.476229Z,509.00,0.0200,0.9800,no
aa7e9b6c-95ea-6c33-5543-62b5de0006f2,KXNEXTIRANLEADER-45JAN01-GMOH,2026-03-04T04:35:37.476229Z,700.00,0.0200,0.9800,no
a6240ef4-2213-66de-7b67-3ef2a03b8baf,KXNEXTIRANLEADER-45JAN01-GMOH,2026-03-04T04:35:37.476229Z,24.00,0.0200,0.9800,no
6c950958-37f4-69aa-6318-d9e83b99e679,KXNEXTIRANLEADER-45JAN01-GMOH,2026-03-04T04:35:37.476229Z,825.00,0.0200,0.9800,no
2e539ceb-0c7a-688b-54b9-7fcc8a2abda8,KXNEXTIRANLEADER-45JAN01-GMOH,2026-03-04T04:35:37.476229Z,3000.00,0.0200,0.9800,no
0c8cf257-db9b-6a57-7669-e18aafa14049,KXNEXTIRANLEADER-45JAN01-GMOH,2026-03-04T04:35:37.476229Z,21.00,0.0300,0.9700,no
47411a1f-f567-4a5b-8824-d4b1f02c97ad,KXNEXTIRANLEADER-45JAN01-GMOH,2026-03-04T04:24:57.43928Z,118.00,0.0300,0.9700,no
fbe2093f-2a9b-5fe3-a484-df41722b0035,KXNEXTIRANLEADER-45JAN01-GMOH,2026-03-04T04:16:56.277774Z,158.00,0.0300,0.9700,no
b6cd2a9a-e3f9-50e5-30da-6816197b758e,KXNEXTIRANLEADER-45JAN01-GMOH,2026-03-04T04:08:28.759244Z,25.00,0.0400,0.9600,yes
c8c8ce59-b027-7dc7-9265-079c69ad87e5,KXNEXTIRANLEADER-45JAN01-GMOH,2026-03-04T03:46:25.384013Z,8.00,0.0300,0.9700,no
a7a91628-9f9b-7af3-4122-35fa78e13db5,KXNEXTIRANLEADER-45JAN01-GMOH,2026-03-04T03:32:09.810407Z,173.00,0.0300,0.9700,no
a9187005-5cdb-4337-aa15-ec953f78d8d9,KXNEXTIRANLEADER-45JAN01-GMOH,2026-03-04T03:25:41.511837Z,114.00,0.0300,0.9700,no
c40f9d0d-cf9f-745f-a85b-b72162bc194d,KXNEXTIRANLEADER-45JAN01-GMOH,2026-03-04T03:23:41.205323Z,6.00,0.0300,0.9700,no
3284e165-b23b-7aa3-9725-7f333a7dc0ad,KXNEXTIRANLEADER-45JAN01-GMOH,2026-03-04T03:19:42.394162Z,8.00,0.0300,0.9700,no
f46a5b2e-6333-4d27-8bdf-24d4d642a131,KXNEXTIRANLEADER-45JAN01-GMOH,2026-03-04T03:16:23.936976Z,64.00,0.0300,0.9700,no
f6548262-05dd-4872-1a24-a27d481bc4ee,KXNEXTIRANLEADER-45JAN01-GMOH,2026-03-04T03:12:11.994321Z,166.00,0.0400,0.9600,yes
c0c07fa7-053f-4f13-3764-c5593a04acdb,KXNEXTIRANLEADER-45JAN01-GMOH,2026-03-04T03:12:11.994321Z,89.00,0.0400,0.9600,yes
a2965a7f-c1bb-4bb1-14da-a30a3ce51746,KXNEXTIRANLEADER-45JAN01-GMOH,2026-03-04T03:12:11.994321Z,30.00,0.0400,0.9600,yes
0a28aea3-8479-4df4-39f5-5f30fe5550e3,KXNEXTIRANLEADER-45JAN01-GMOH,2026-03-04T03:12:11.994321Z,23.00,0.0500,0.9500,yes
2983f2a1-b28b-7a5b-8e3c-cea60f735a7d,KXNEXTIRANLEADER-45JAN01-GMOH,2026-03-04T02:59:32.772969Z,28.00,0.0300,0.9700,no
08331657-a6e3-5713-a5be-65fa14f70d53,KXNEXTIRANLEADER-45JAN01-GMOH,2026-03-04T02:51:42.063453Z,250.00,0.0400,0.9600,yes
c1df199c-925f-6c23-d02c-30ba8a7f008f,KXNEXTIRANLEADER-45JAN01-GMOH,2026-03-04T02:48:49.701097Z,250.00,0.0400,0.9600,yes
84628cf2-a1c3-60c7-4685-37bc055451f5,KXNEXTIRANLEADER-45JAN01-GMOH,2026-03-04T02:43:12.973785Z,110.00,0.0300,0.9700,no
f1c54fcf-75e7-439b-5b1e-bff1471e5899,KXNEXTIRANLEADER-45JAN01-GMOH,2026-03-04T02:41:16.097557Z,23.00,0.0300,0.9700,no
8c0edd51-59cf-4e27-7e80-bf55b29c9b9f,KXNEXTIRANLEADER-45JAN01-GMOH,2026-03-04T02:23:50.633386Z,14.00,0.0400,0.9600,yes
53687bff-c22f-70d7-b4ad-e742ba7db749,KXNEXTIRANLEADER-45JAN01-GMOH,2026-03-04T02:23:49.576516Z,208.00,0.0300,0.9700,no
46fbc144-e0ad-7cfb-858e-73133227a373,KXNEXTIRANLEADER-45JAN01-GMOH,2026-03-04T02:23:49.576516Z,87.00,0.0300,0.9700,no
6c3daa9f-1231-5f27-573d-0bc9c6b6f747,KXNEXTIRANLEADER-45JAN01-GMOH,2026-03-04T02:23:20.914137Z,30.00,0.0300,0.9700,no
994a9ca6-2ebb-60ef-4fcf-b683a98b3e0f,KXNEXTIRANLEADER-45JAN01-GMOH,2026-03-04T02:00:43.484423Z,125.00,0.0400,0.9600,yes
703234c6-48d1-6b63-3bd6-0a8c573e3123,KXNEXTIRANLEADER-45JAN01-GMOH,2026-03-04T01:57:29.120473Z,1120.00,0.0300,0.9700,no
df0d5414-3b35-54a3-a055-375c25789567,KXNEXTIRANLEADER-45JAN01-GMOH,2026-03-04T01:26:05.468818Z,125.00,0.0300,0.9700,no
373d9993-bff9-723b-5d50-1635009ad13f,KXNEXTIRANLEADER-45JAN01-GMOH,2026-03-04T01:25:31.081151Z,638.00,0.0300,0.9700,no
ee1f43c9-c2b7-7de2-a9d3-640d8248c78c,KXNEXTIRANLEADER-45JAN01-GMOH,2026-03-04T01:07:09.205393Z,800.00,0.0300,0.9700,yes
5d3ab9fe-2660-7dde-0871-25a3c4d03ca1,KXNEXTIRANLEADER-45JAN01-GMOH,2026-03-04T01:02:51.099176Z,12.00,0.0200,0.9800,no
39b4a638-b774-7dba-6707-ee60aeae9075,KXNEXTIRANLEADER-45JAN01-GMOH,2026-03-04T00:55:36.110146Z,163.00,0.0200,0.9800,no
255b7820-6552-7468-6470-432871003fc0,KXNEXTIRANLEADER-45JAN01-GMOH,2026-03-04T00:55:36.110146Z,722.00,0.0200,0.9800,no
b43e64ac-be97-43bc-c0c8-2117620bd028,KXNEXTIRANLEADER-45JAN01-GMOH,2026-03-04T00:52:32.905765Z,25.00,0.0400,0.9600,yes
bb4957fa-7d32-6a08-25d1-fbd7fb05539c,KXNEXTIRANLEADER-45JAN01-GMOH,2026-03-04T00:41:42.490577Z,78.00,0.0200,0.9800,no
b716ba6b-dfdd-6f0d-2c66-8b05f5ce9905,KXNEXTIRANLEADER-45JAN01-GMOH,2026-03-04T00:41:42.490577Z,2000.00,0.0300,0.9700,no
5da85c51-effa-6a3d-1cf4-21d65fe61004,KXNEXTIRANLEADER-45JAN01-GMOH,2026-03-04T00:41:42.490577Z,3827.00,0.0300,0.9700,no
3b236dd6-ab89-6a02-1f71-fdba6a303369,KXNEXTIRANLEADER-45JAN01-GMOH,2026-03-04T00:41:42.490577Z,650.00,0.0300,0.9700,no
7701af8b-d322-509d-84b5-0746a0e46110,KXNEXTIRANLEADER-45JAN01-GMOH,2026-03-04T00:38:42.056791Z,90.00,0.0300,0.9700,no
5b6bdb55-7eb2-4809-00e4-58a6952f12e8,KXNEXTIRANLEADER-45JAN01-GMOH,2026-03-04T00:38:41.387384Z,18.00,0.0300,0.9700,no
746ece5f-31c6-5729-8533-d398d541eb98,KXNEXTIRANLEADER-45JAN01-GMOH,2026-03-04T00:37:37.768038Z,1.00,0.0300,0.9700,no
4b299f78-4fb6-66b1-a69e-7c8740f1f040,KXNEXTIRANLEADER-45JAN01-GMOH,2026-03-04T00:37:26.575691Z,4.00,0.0300,0.9700,no
fa4e0523-a34b-5428-00ca-be064e5614ae,KXNEXTIRANLEADER-45JAN01-GMOH,2026-03-04T00:35:31.596685Z,1.00,0.0400,0.9600,yes
9782ea87-2ab1-52ab-02c4-2cbf021f2930,KXNEXTIRANLEADER-45JAN01-GMOH,2026-03-04T00:35:31.596685Z,700.00,0.0400,0.9600,yes
6b093d1c-80dc-5755-3cd2-28e4cafabbe5,KXNEXTIRANLEADER-45JAN01-GMOH,2026-03-04T00:35:31.596685Z,271.00,0.0500,0.9500,yes
47633b32-1971-5278-3257-f1e32761f64f,KXNEXTIRANLEADER-45JAN01-GMOH,2026-03-04T00:35:31.596685Z,368.00,0.0500,0.9500,yes
3f44e582-05ca-5a9f-3c41-2acab7077721,KXNEXTIRANLEADER-45JAN01-GMOH,2026-03-04T00:35:31.596685Z,1200.00,0.0500,0.9500,yes
a46b809b-575c-50e5-59a3-1d811cabb09d,KXNEXTIRANLEADER-45JAN01-GMOH,2026-03-04T00:29:45.06582Z,68.00,0.0300,0.9700,yes
2b4befdc-eea9-56d1-705e-4b4082c6de94,KXNEXTIRANLEADER-45JAN01-GMOH,2026-03-04T00:29:45.06582Z,990.00,0.0300,0.9700,yes
21f29751-9ef9-5ade-77a2-85cd361a6bb5,KXNEXTIRANLEADER-45JAN01-GMOH,2026-03-04T00:29:45.06582Z,2.00,0.0300,0.9700,yes
ee9cb924-4eb7-6374-edf1-5ac36a9a226e,KXNEXTIRANLEADER-45JAN01-GMOH,2026-03-04T00:22:39.46343Z,20.00,0.0300,0.9700,no
d4c0a457-b4c0-6a05-d371-06cf989c0e8e,KXNEXTIRANLEADER-45JAN01-GMOH,2026-03-04T00:22:39.46343Z,650.00,0.0300,0.9700,no
7c4e00da-bf82-6cc5-e3e2-38f5f814ac66,KXNEXTIRANLEADER-45JAN01-GMOH,2026-03-04T00:22:39.46343Z,2.00,0.0300,0.9700,no
607a07b9-476e-61bb-e39b-1e56efce91a9,KXNEXTIRANLEADER-45JAN01-GMOH,2026-03-04T00:22:39.46343Z,2618.00,0.0300,0.9700,no
756b137a-dedf-6d46-a37d-6d9f5ad93c99,KXNEXTIRANLEADER-45JAN01-GMOH,2026-03-04T00:17:57.109426Z,64.00,0.0400,0.9600,yes
25624508-8674-6a37-9f00-c5a982ce1219,KXNEXTIRANLEADER-45JAN01-GMOH,2026-03-04T00:17:57.109426Z,61.00,0.0400,0.9600,yes
0613ea22-c7fa-4a73-ea83-babe6bcc9225,KXNEXTIRANLEADER-45JAN01-GMOH,2026-03-04T00:11:39.525752Z,130.00,0.0300,0.9700,no
2bd49389-e1c6-554b-0a5f-4e41170d9101,KXNEXTIRANLEADER-45JAN01-GMOH,2026-03-04T00:08:17.73808Z,252.00,0.0300,0.9700,no
1d57609d-dae1-5900-29b3-ab372d1a515f,KXNEXTIRANLEADER-45JAN01-GMOH,2026-03-04T00:08:17.73808Z,16.00,0.0300,0.9700,no
bc69561d-d2cf-7386-2bfb-0c2a9a67be35,KXNEXTIRANLEADER-45JAN01-GMOH,2026-03-04T00:06:50.071543Z,1.00,0.0400,0.9600,yes
555aa1ef-3d50-7b5c-1410-2f23ab503e4a,KXNEXTIRANLEADER-45JAN01-GMOH,2026-03-04T00:06:50.071543Z,46.00,0.0400,0.9600,yes
107dae49-d8d5-7fb2-1495-cc8833faee27,KXNEXTIRANLEADER-45JAN01-GMOH,2026-03-04T00:06:50.071543Z,3.00,0.0400,0.9600,yes
d72e6316-75b5-4ca7-e86f-16ab7569e82e,KXNEXTIRANLEADER-45JAN01-GMOH,2026-03-03T23:54:42.745214Z,31.00,0.0400,0.9600,yes
a44d7451-4f48-4de0-c3cd-e74f72ff78b2,KXNEXTIRANLEADER-45JAN01-GMOH,2026-03-03T23:54:42.745214Z,554.00,0.0400,0.9600,yes
e2387859-20ef-508d-1240-959d8d608751,KXNEXTIRANLEADER-45JAN01-GMOH,2026-03-03T23:54:28.922137Z,23.00,0.0300,0.9700,no
e6a7d133-842d-463b-c0c8-fae98eba5807,KXNEXTIRANLEADER-45JAN01-GMOH,2026-03-03T23:54:10.412233Z,32.00,0.0300,0.9700,no
532844ce-2f8d-4dce-ec7d-339e965a0c82,KXNEXTIRANLEADER-45JAN01-GMOH,2026-03-03T23:54:10.412233Z,692.00,0.0300,0.9700,no
7734eabe-66b9-43aa-758e-a64ce58ad4ce,KXNEXTIRANLEADER-45JAN01-GMOH,2026-03-03T23:49:20.487626Z,67.00,0.0300,0.9700,no
08272955-1635-6962-a23b-7b3557321dc2,KXNEXTIRANLEADER-45JAN01-GMOH,2026-03-03T23:46:06.365376Z,233.00,0.0300,0.9700,no
5dbae0e9-d359-7f1a-cfd2-c3748bf3297a,KXNEXTIRANLEADER-45JAN01-GMOH,2026-03-03T23:44:57.302056Z,517.00,0.0300,0.9700,no
7d3a2f00-5081-64c7-e998-46c11116645e,KXNEXTIRANLEADER-45JAN01-GMOH,2026-03-03T23:44:03.720325Z,501.00,0.0400,0.9600,yes
f6cf5ff6-21e9-78e2-cb90-31aa7bd3f142,KXNEXTIRANLEADER-45JAN01-GMOH,2026-03-03T23:42:46.374868Z,58.00,0.0300,0.9700,no
2262557d-065d-6883-0c51-fe5996c46b32,KXNEXTIRANLEADER-45JAN01-GMOH,2026-03-03T23:41:36.749943Z,374.00,0.0400,0.9600,yes
223d5021-c4ff-470b-c30a-d17fe2556915,KXNEXTIRANLEADER-45JAN01-GMOH,2026-03-03T23:31:29.158787Z,6.00,0.0400,0.9600,yes
10bca104-8495-4c87-c633-cb850c9660d2,KXNEXTIRANLEADER-45JAN01-GMOH,2026-03-03T23:31:29.158787Z,94.00,0.0400,0.9600,yes
1b1878d8-d749-6c8a-6106-1dcaa3d6898a,KXNEXTIRANLEADER-45JAN01-GMOH,2026-03-03T23:28:34.937105Z,933.00,0.0300,0.9700,no
0a41c0df-3bdd-6f06-4b15-27075639bcbd,KXNEXTIRANLEADER-45JAN01-GMOH,2026-03-03T23:28:34.937105Z,217.00,0.0300,0.9700,no
fd5cea23-335f-7af1-5f7f-773675a169f9,KXNEXTIRANLEADER-45JAN01-GMOH,2026-03-03T23:27:24.548736Z,194.00,0.0300,0.9700,no
406f0a0a-7949-711a-4554-ca81175a99a5,KXNEXTIRANLEADER-45JAN01-GMOH,2026-03-03T23:27:24.548736Z,83.00,0.0300,0.9700,no
95e2f67b-968f-67ed-0f13-b0a484d1f4d9,KXNEXTIRANLEADER-45JAN01-GMOH,2026-03-03T23:27:04.41252Z,24.00,0.0300,0.9700,no
60960eca-c797-58c5-2d09-a8548fd3b629,KXNEXTIRANLEADER-45JAN01-GMOH,2026-03-03T23:27:01.154852Z,30.00,0.0300,0.9700,no
d8f074e3-cf0f-7fc9-d6f8-e03e29c55b41,KXNEXTIRANLEADER-45JAN01-GMOH,2026-03-03T23:26:36.022321Z,402.00,0.0300,0.9700,no
1c3f5d16-f178-7c0c-ef6c-276c9cd8e940,KXNEXTIRANLEADER-45JAN01-GMOH,2026-03-03T23:26:36.022321Z,598.00,0.0300,0.9700,no
a0962d5f-1938-6be8-565a-89f4eddac620,KXNEXTIRANLEADER-45JAN01-GMOH,2026-03-03T23:26:34.661706Z,37.00,0.0300,0.9700,no
665168b0-27a0-595c-fbcd-3e9740b78484,KXNEXTIRANLEADER-45JAN01-GMOH,2026-03-03T23:26:30.564745Z,2.00,0.0300,0.9700,no
a546dd01-8a94-676c-790e-c30986fd054c,KXNEXTIRANLEADER-45JAN01-GMOH,2026-03-03T23:26:29.068422Z,47.00,0.0300,0.9700,no
445edbdd-9d04-6334-4be4-d7696ef627e4,KXNEXTIRANLEADER-45JAN01-GMOH,2026-03-03T23:26:23.006167Z,5.00,0.0300,0.9700,no
f2d1581f-9824-5740-5a32-6da9b941c358,KXNEXTIRANLEADER-45JAN01-GMOH,2026-03-03T23:26:07.779543Z,11.00,0.0300,0.9700,no
b9ca94a7-d994-64e8-5e6c-7d78b0d49888,KXNEXTIRANLEADER-45JAN01-GMOH,2026-03-03T23:25:38.773602Z,46.00,0.0300,0.9700,no
ebede07b-d790-7bec-110f-a7d16252ee80,KXNEXTIRANLEADER-45JAN01-GMOH,2026-03-03T23:25:32.603569Z,46.00,0.0300,0.9700,no
7e18ebe2-5acc-5530-e8c5-5a47e82a68b4,KXNEXTIRANLEADER-45JAN01-GMOH,2026-03-03T23:24:24.63503Z,251.00,0.0300,0.9700,no
ef6e49b8-cbde-5b8b-983a-52c6c9c09142,KXNEXTIRANLEADER-45JAN01-GMOH,2026-03-03T23:24:23.411484Z,314.00,0.0400,0.9600,no
c3f0d6b7-a7cf-5bec-b5aa-f6669719161f,KXNEXTIRANLEADER-45JAN01-GMOH,2026-03-03T23:24:23.411484Z,27.00,0.0400,0.9600,no
ef596fe6-119a-6c7f-5231-7b50bcc40aa2,KXNEXTIRANLEADER-45JAN01-GMOH,2026-03-03T23:24:09.88499Z,2000.00,0.0400,0.9600,no
633fb831-7252-7b5b-7fff-db47646f7c36,KXNEXTIRANLEADER-45JAN01-GMOH,2026-03-03T23:17:50.737388Z,3.00,0.0400,0.9600,no
70afc362-ebae-4913-ea20-781476fd1f32,KXNEXTIRANLEADER-45JAN01-GMOH,2026-03-03T23:16:50.365616Z,285.00,0.0400,0.9600,no
425cc397-ab8a-6747-e3d5-131a8eff3752,KXNEXTIRANLEADER-45JAN01-GMOH,2026-03-03T23:16:49.141974Z,144.00,0.0400,0.9600,no
41d9f776-9f16-661f-d3dd-d0ffa5cd4e36,KXNEXTIRANLEADER-45JAN01-GMOH,2026-03-03T23:16:47.912343Z,42.00,0.0400,0.9600,no
206bf397-9348-5455-feb9-6b8b5deb49ed,KXNEXTIRANLEADER-45JAN01-GMOH,2026-03-03T23:15:19.279067Z,20.00,0.0500,0.9500,yes
2963430e-c79e-7897-3b48-fbecedaa3a8a,KXNEXTIRANLEADER-45JAN01-GMOH,2026-03-03T23:15:13.644287Z,62.00,0.0400,0.9600,no
c4ee721a-c5d6-5dcb-a365-fc581b673756,KXNEXTIRANLEADER-45JAN01-GMOH,2026-03-03T23:13:09.428424Z,2150.00,0.0400,0.9600,no
52d29c5b-a421-5d94-81a6-ddc0189420c1,KXNEXTIRANLEADER-45JAN01-GMOH,2026-03-03T23:13:09.428424Z,34.00,0.0400,0.9600,no
93f9f953-bfa8-5021-fe0f-defad4476571,KXNEXTIRANLEADER-45JAN01-GMOH,2026-03-03T23:12:18.741608Z,109.00,0.0500,0.9500,yes
daa07309-bda7-55ee-9a31-a1a8aa663113,KXNEXTIRANLEADER-45JAN01-GMOH,2026-03-03T22:58:11.118579Z,11.00,0.0400,0.9600,no
cf6db908-7a29-57f5-ab43-3359668a97ce,KXNEXTIRANLEADER-45JAN01-GMOH,2026-03-03T22:58:11.118579Z,20.00,0.0400,0.9600,no
570a14d3-f524-501c-86c3-e342d7332164,KXNEXTIRANLEADER-45JAN01-GMOH,2026-03-03T22:58:11.118579Z,68.00,0.0300,0.9700,no
4db93f62-d866-5284-a99c-fa3b5789bd81,KXNEXTIRANLEADER-45JAN01-GMOH,2026-03-03T22:58:11.118579Z,154.00,0.0400,0.9600,no
32867dc2-5099-5243-a45a-85c8ef321144,KXNEXTIRANLEADER-45JAN01-GMOH,2026-03-03T22:58:11.118579Z,42.00,0.0400,0.9600,no
9ae0f351-ef67-7c1a-9352-dd48f13d82ff,KXNEXTIRANLEADER-45JAN01-GMOH,2026-03-03T22:56:29.366597Z,375.00,0.0400,0.9600,no
eef3c017-f4d4-49d5-6656-451e407162d0,KXNEXTIRANLEADER-45JAN01-GMOH,2026-03-03T22:55:48.57913Z,1023.00,0.0400,0.9600,no
7acb390b-3117-435e-4226-16164aad61ff,KXNEXTIRANLEADER-45JAN01-GMOH,2026-03-03T22:55:48.57913Z,214.00,0.0400,0.9600,no
174dad67-25d0-4ff5-d450-4730c08a60a0,KXNEXTIRANLEADER-45JAN01-GMOH,2026-03-03T22:55:03.270873Z,1761.00,0.0400,0.9600,no
a9aaa938-f4bd-4c9c-553b-1a0f14eb21a0,KXNEXTIRANLEADER-45JAN01-GMOH,2026-03-03T22:54:05.467944Z,477.00,0.0500,0.9500,no
60771f2c-f8f9-50e8-16cb-6c82a0eff2bc,KXNEXTIRANLEADER-45JAN01-GMOH,2026-03-03T22:53:47.393973Z,512.00,0.0500,0.9500,no
27b412f2-4b08-5d85-70fb-66c053778f84,KXNEXTIRANLEADER-45JAN01-GMOH,2026-03-03T22:52:08.122659Z,17.00,0.0700,0.9300,yes
1e9b397b-f5bf-5150-61fc-ef00b3a0b851,KXNEXTIRANLEADER-45JAN01-GMOH,2026-03-03T22:52:08.122659Z,25.00,0.0700,0.9300,yes
e04436a2-8885-79fc-da1d-9d8f8024bb90,KXNEXTIRANLEADER-45JAN01-GMOH,2026-03-03T22:50:42.504109Z,181.00,0.0500,0.9500,no
f7963532-f805-5db0-6760-4006f3a6ece8,KXNEXTIRANLEADER-45JAN01-GMOH,2026-03-03T22:50:39.313723Z,30.00,0.0500,0.9500,no
21688f85-7859-5a78-b59e-0d1a006d0259,KXNEXTIRANLEADER-45JAN01-GMOH,2026-03-03T22:48:57.473212Z,166.00,0.0500,0.9500,no
ea73eb6d-7640-63d3-0490-b659c527c45a,KXNEXTIRANLEADER-45JAN01-GMOH,2026-03-03T22:47:37.713005Z,12.00,0.0600,0.9400,no
32bd537a-32ee-56a2-077b-f96c2f906256,KXNEXTIRANLEADER-45JAN01-GMOH,2026-03-03T22:47:15.669591Z,15.00,0.1400,0.8600,yes
2c80d1b3-6332-731e-1145-a00f68563fa5,KXNEXTIRANLEADER-45JAN01-GMOH,2026-03-03T22:47:14.995798Z,31.00,0.0700,0.9300,no
e2aef5f1-686b-69d4-06ea-bce5fa59f932,KXNEXTIRANLEADER-45JAN01-GMOH,2026-03-03T22:46:32.698313Z,1.00,0.1200,0.8800,no
50cf6c6e-dfd0-7695-ce2c-6ac4aebfee9e,KXNEXTIRANLEADER-45JAN01-GMOH,2026-03-03T22:45:23.70103Z,25.00,0.1100,0.8900,yes
4ba04323-4781-76b9-d445-30a50a8a2d6e,KXNEXTIRANLEADER-45JAN01-GMOH,2026-03-03T22:45:23.70103Z,884.00,0.1100,0.8900,yes
d34360a7-2100-67af-182e-e9d6e6a16819,KXNEXTIRANLEADER-45JAN01-GMOH,2026-03-03T22:45:15.800128Z,20.00,0.0900,0.9100,no
7a5c5445-720c-65a1-2a0f-b63dd1e3f5d2,KXNEXTIRANLEADER-45JAN01-GMOH,2026-03-03T22:45:15.800128Z,400.00,0.0700,0.9300,no
5b2c589a-6c57-61a0-1348-b24622fa25a0,KXNEXTIRANLEADER-45JAN01-GMOH,2026-03-03T22:45:15.800128Z,94.00,0.0600,0.9400,no
3dda5f91-825a-61f6-2644-2760132c1b33,KXNEXTIRANLEADER-45JAN01-GMOH,2026-03-03T22:45:15.800128Z,50.00,0.0900,0.9100,no
29b151cf-46ff-603c-3d16-90ce78226e31,KXNEXTIRANLEADER-45JAN01-GMOH,2026-03-03T22:45:15.800128Z,61.00,0.0800,0.9200,no
5781243e-5e82-47ac-681d-dff6b0327a36,KXNEXTIRANLEADER-45JAN01-GMOH,2026-03-03T22:45:07.616457Z,50.00,0.1200,0.8800,yes
794abfd0-9878-76a4-ddd3-11775c1a2c31,KXNEXTIRANLEADER-45JAN01-GMOH,2026-03-03T22:44:44.377178Z,1000.00,0.1100,0.8900,yes
fac9f649-b526-5920-ac53-ca7c4a11197c,KXNEXTIRANLEADER-45JAN01-GMOH,2026-03-03T22:44:17.078882Z,2002.00,0.0800,0.9200,yes
f2c952b0-9204-5a65-a96f-2eca594f13cf,KXNEXTIRANLEADER-45JAN01-GMOH,2026-03-03T22:44:17.078882Z,1.00,0.8000,0.2000,yes
e044012f-597e-574a-bec1-b300fb31ca47,KXNEXTIRANLEADER-45JAN01-GMOH,2026-03-03T22:44:17.078882Z,154.00,0.0800,0.9200,yes
cd923fac-8b47-5d82-b97d-db462bf3c344,KXNEXTIRANLEADER-45JAN01-GMOH,2026-03-03T22:44:17.078882Z,1000.00,0.0700,0.9300,yes
c038c558-e0f3-57de-b279-61ec543024ab,KXNEXTIRANLEADER-45JAN01-GMOH,2026-03-03T22:44:17.078882Z,50.00,0.0600,0.9400,yes
a60c859d-f418-5310-aed0-02e9e982da0d,KXNEXTIRANLEADER-45JAN01-GMOH,2026-03-03T22:44:17.078882Z,20.00,0.9000,0.1000,yes
89b40892-f6bb-55db-be8e-f3c5ae86dffd,KXNEXTIRANLEADER-45JAN01-GMOH,2026-03-03T22:44:17.078882Z,66.00,0.9300,0.0700,yes
66a3d914-1a22-59e9-9ba3-2a68a9cff6ce,KXNEXTIRANLEADER-45JAN01-GMOH,2026-03-03T22:44:17.078882Z,1500.00,0.1000,0.9000,yes
473595cd-8c77-53c1-8b9a-fc153b4a40ca,KXNEXTIRANLEADER-45JAN01-GMOH,2026-03-03T22:44:17.078882Z,24.00,0.0600,0.9400,yes
1ffe2802-3f1b-51e0-a449-34681ef29b83,KXNEXTIRANLEADER-45JAN01-GMOH,2026-03-03T22:44:17.078882Z,10.00,0.5900,0.4100,yes
05393dce-eb34-5252-bda0-82d02a0aa364,KXNEXTIRANLEADER-45JAN01-GMOH,2026-03-03T22:44:17.078882Z,52.00,0.0800,0.9200,yes
00d526d2-2f4c-57b6-b32a-e44c6f717ec2,KXNEXTIRANLEADER-45JAN01-GMOH,2026-03-03T22:44:17.078882Z,200.00,0.0600,0.9400,yes
bebfb551-75b0-6b1d-8d82-259fe5218c54,KXNEXTIRANLEADER-45JAN01-GMOH,2026-03-03T22:41:49.104646Z,780.00,0.0400,0.9600,no
fe611115-9c8c-5198-4f72-3c9d970c147d,KXNEXTIRANLEADER-45JAN01-GMOH,2026-03-03T22:38:17.167556Z,600.00,0.0500,0.9500,no
7fbc518b-409d-6101-c67e-01d15b92a57a,KXNEXTIRANLEADER-45JAN01-GMOH,2026-03-03T22:35:50.829243Z,142.00,0.0700,0.9300,yes
b4c51bf3-b138-4158-31d3-8f9dcf79d2b1,KXNEXTIRANLEADER-45JAN01-GMOH,2026-03-03T22:35:38.766152Z,9.00,0.0500,0.9500,no
5b7f6631-7614-4288-a5f2-d3845d101165,KXNEXTIRANLEADER-45JAN01-GMOH,2026-03-03T22:34:37.783696Z,427.00,0.0500,0.9500,no
3a6554e9-84f8-51e0-e7eb-f1674933bc8d,KXNEXTIRANLEADER-45JAN01-GMOH,2026-03-03T22:34:17.009599Z,11.00,0.0500,0.9500,no
eca313d6-7450-6264-9cae-c361589af515,KXNEXTIRANLEADER-45JAN01-GMOH,2026-03-03T22:33:45.092186Z,13.00,0.0500,0.9500,no
209d1156-6d74-4684-0e82-01e29357e5e5,KXNEXTIRANLEADER-45JAN01-GMOH,2026-03-03T22:31:09.413475Z,167.00,0.0500,0.9500,no
1fc944ad-a3c2-4af1-1a80-c66610fd82bb,KXNEXTIRANLEADER-45JAN01-GMOH,2026-03-03T22:31:09.413475Z,145.00,0.0600,0.9400,no
ab67ba55-56ec-6413-4a68-14fafcc2619b,KXNEXTIRANLEADER-45JAN01-GMOH,2026-03-03T22:24:00.83333Z,714.00,0.0700,0.9300,yes
9b8775fb-dc4f-53da-c1fb-e7330bb183af,KXNEXTIRANLEADER-45JAN01-GMOH,2026-03-03T22:23:27.480088Z,70.00,0.0700,0.9300,yes
4f97849e-6582-561a-dbc6-ac788bab967b,KXNEXTIRANLEADER-45JAN01-GMOH,2026-03-03T22:23:27.480088Z,195.00,0.0800,0.9200,yes
3a59a320-24c8-5e85-fea3-a21b5c419f27,KXNEXTIRANLEADER-45JAN01-GMOH,2026-03-03T22:23:27.480088Z,506.00,0.0700,0.9300,yes
363ae87e-c053-52cb-f8d3-0dca1e547aec,KXNEXTIRANLEADER-45JAN01-GMOH,2026-03-03T22:23:27.480088Z,1000.00,0.0700,0.9300,yes
f10efa86-1910-7a00-42fe-30aa4b77fe69,KXNEXTIRANLEADER-45JAN01-GMOH,2026-03-03T22:20:13.936941Z,248.00,0.0500,0.9500,no
c8a2c0bd-2d68-4f6c-cad1-9b633cea60e9,KXNEXTIRANLEADER-45JAN01-GMOH,2026-03-03T22:14:39.87192Z,230.00,0.0500,0.9500,no
357ab694-5120-435c-6f1b-73dfa946fc6d,KXNEXTIRANLEADER-45JAN01-GMOH,2026-03-03T22:10:08.916969Z,88.00,0.0500,0.9500,no
0f9fa66e-194c-58e4-cbd8-28571b69c601,KXNEXTIRANLEADER-45JAN01-GMOH,2026-03-03T22:08:06.682957Z,100.00,0.0500,0.9500,no
f6117699-4075-6a5e-7683-b459055e7381,KXNEXTIRANLEADER-45JAN01-GMOH,2026-03-03T22:05:47.118435Z,4.00,0.0500,0.9500,no
926eda36-f068-66a0-7772-a4f3ad2c1499,KXNEXTIRANLEADER-45JAN01-GMOH,2026-03-03T22:05:47.118435Z,107.00,0.0500,0.9500,no
6ae4462b-647c-6e0a-5ecb-3fd27eca6660,KXNEXTIRANLEADER-45JAN01-GMOH,2026-03-03T22:05:47.118435Z,6.00,0.0500,0.9500,no
672ef25c-0c4c-497d-1b7d-292f8b5210a4,KXNEXTIRANLEADER-45JAN01-GMOH,2026-03-03T22:03:45.353381Z,50.00,0.0400,0.9600,no
71e1c6a6-4d84-4bcd-ce34-052175f3c00c,KXNEXTIRANLEADER-45JAN01-GMOH,2026-03-03T22:02:47.01054Z,1250.00,0.0400,0.9600,no
74fc5785-3423-6f82-b766-498f3f255c41,KXNEXTIRANLEADER-45JAN01-GMOH,2026-03-03T22:02:05.232626Z,136.00,0.0400,0.9600,yes
2e433071-d6ab-7b4e-ff0a-45f451feefdd,KXNEXTIRANLEADER-45JAN01-GMOH,2026-03-03T21:58:55.97557Z,6.00,0.0400,0.9600,yes
db1f590a-0afb-4126-e43a-6dafbdfcb249,KXNEXTIRANLEADER-45JAN01-GMOH,2026-03-03T21:48:30.867344Z,250.00,0.0400,0.9600,yes
791b3ba9-4577-690e-ff3c-304313ee2d6d,KXNEXTIRANLEADER-45JAN01-GMOH,2026-03-03T21:46:01.866984Z,1474.00,0.0400,0.9600,yes
944907df-40c3-66d6-8dc9-c95d4df86b31,KXNEXTIRANLEADER-45JAN01-GMOH,2026-03-03T21:43:29.780288Z,1000.00,0.0400,0.9600,yes
fa8e8b87-686f-4d71-7b7a-4a17fd4e917b,KXNEXTIRANLEADER-45JAN01-GMOH,2026-03-03T21:43:29.617609Z,10.00,0.0400,0.9600,no
f786d021-0634-453a-4bfa-0373a9ceb327,KXNEXTIRANLEADER-45JAN01-GMOH,2026-03-03T21:43:29.617609Z,4710.00,0.0400,0.9600,no
e7780f74-a087-4ee4-4b54-291dbb533a46,KXNEXTIRANLEADER-45JAN01-GMOH,2026-03-03T21:43:29.617609Z,2000.00,0.0400,0.9600,no
1c240bc2-2b56-4480-758c-7767dbef57d3,KXNEXTIRANLEADER-45JAN01-GMOH,2026-03-03T21:43:29.617609Z,26.00,0.0400,0.9600,no
55e5c34e-ce07-41e6-fb42-567bf1a63ee5,KXNEXTIRANLEADER-45JAN01-GMOH,2026-03-03T21:42:38.691741Z,90.00,0.0500,0.9500,yes
45669657-bc72-4690-7844-cc2f911efe7f,KXNEXTIRANLEADER-45JAN01-GMOH,2026-03-03T21:42:27.933918Z,34.00,0.0500,0.9500,no
21ce2a65-b9e0-42a3-418f-9cf8d1c952c3,KXNEXTIRANLEADER-45JAN01-GMOH,2026-03-03T21:42:27.933918Z,201.00,0.0500,0.9500,no
c5d2b99c-e5fe-4365-7c1d-921b0c3cf1e3,KXNEXTIRANLEADER-45JAN01-GMOH,2026-03-03T21:42:09.844137Z,2.00,0.0600,0.9400,no
5552b0d8-ba50-46b6-7695-0be4091008d2,KXNEXTIRANLEADER-45JAN01-GMOH,2026-03-03T21:42:09.844137Z,61.00,0.0600,0.9400,no
2cc0bb78-c11a-68e5-b641-efcd9e737685,KXNEXTIRANLEADER-45JAN01-GMOH,2026-03-03T21:41:56.476691Z,11.00,0.0900,0.9100,yes
5aa7b289-9fdd-7945-d311-1b781ede2ae6,KXNEXTIRANLEADER-45JAN01-GMOH,2026-03-03T21:41:50.615481Z,70.00,0.0800,0.9200,yes
08c5383a-e542-7485-fc28-cdd1ceace11d,KXNEXTIRANLEADER-45JAN01-GMOH,2026-03-03T21:41:50.615481Z,60.00,0.0900,0.9100,yes
b707fdd5-01e8-44c7-04f3-89e39bb4a883,KXNEXTIRANLEADER-45JAN01-GMOH,2026-03-03T21:40:53.942803Z,1000.00,0.0500,0.9500,no
6ae59eb8-4f31-4c69-079b-ac2ea2020874,KXNEXTIRANLEADER-45JAN01-GMOH,2026-03-03T21:39:55.036059Z,3789.00,0.0500,0.9500,yes
160fe730-20d0-423b-17ec-ca0a5a151b1c,KXNEXTIRANLEADER-45JAN01-GMOH,2026-03-03T21:39:55.036059Z,10.00,0.0500,0.9500,yes
08fbc55c-ca7c-4a9e-71f7-1acbc41610cb,KXNEXTIRANLEADER-45JAN01-GMOH,2026-03-03T21:39:01.704832Z,68.00,0.0400,0.9600,no
fc6341ca-0ce9-63ed-4fb0-332226aca50c,KXNEXTIRANLEADER-45JAN01-GMOH,2026-03-03T21:36:41.326618Z,999.00,0.0500,0.9500,yes
2d5ae149-135d-5741-fc08-172d6ccca6e0,KXNEXTIRANLEADER-45JAN01-GMOH,2026-03-03T21:35:50.852475Z,196.00,0.0500,0.9500,yes
0b0109e7-f3e5-5459-3b60-4edd2cf50764,KXNEXTIRANLEADER-45JAN01-GMOH,2026-03-03T21:35:41.456299Z,716.00,0.0400,0.9600,yes
04422d78-5e3f-5d08-1b6a-500cbc5e53cb,KXNEXTIRANLEADER-45JAN01-GMOH,2026-03-03T21:35:41.456299Z,1000.00,0.0400,0.9600,yes
f280197a-1f8d-5529-bbd3-5347b283de4c,KXNEXTIRANLEADER-45JAN01-GMOH,2026-03-03T21:33:33.377719Z,8.00,0.0400,0.9600,yes
aa1c5aa9-bda1-6335-041b-857809678de4,KXNEXTIRANLEADER-45JAN01-GMOH,2026-03-03T21:32:22.469466Z,40.00,0.0400,0.9600,yes
7bccf7dd-4e59-573d-700d-f7c297496acc,KXNEXTIRANLEADER-45JAN01-GMOH,2026-03-03T21:31:49.81185Z,375.00,0.0400,0.9600,yes
48c12ff3-25c8-424d-22e0-acc1b225eecb,KXNEXTIRANLEADER-45JAN01-GMOH,2026-03-03T21:31:03.526048Z,1.00,0.0300,0.9700,no
e270e50a-1979-5f45-c995-dcb3c056ead0,KXNEXTIRANLEADER-45JAN01-GMOH,2026-03-03T21:30:28.242154Z,44.00,0.0300,0.9700,yes
2b704416-96d9-73b1-a554-f7eb92a917b4,KXNEXTIRANLEADER-45JAN01-GMOH,2026-03-03T21:30:23.722171Z,600.00,0.0300,0.9700,yes
b6e6a18b-637d-56f5-b368-9122d4fe84c0,KXNEXTIRANLEADER-45JAN01-GMOH,2026-03-03T21:29:51.671421Z,33.00,0.0300,0.9700,yes
3c7a8d21-1d16-50d6-2eff-b34830955a09,KXNEXTIRANLEADER-45JAN01-GMOH,2026-03-03T21:18:55.950954Z,47.00,0.0300,0.9700,yes
4d1c1536-d7f8-7d9d-9e8c-cc36b50b0f69,KXNEXTIRANLEADER-45JAN01-GMOH,2026-03-03T21:17:16.906534Z,6.00,0.0200,0.9800,no
d45568b4-5435-7658-ef60-75bcf0cff144,KXNEXTIRANLEADER-45JAN01-GMOH,2026-03-03T21:16:01.170634Z,32.00,0.0300,0.9700,yes
38156e64-c8bc-7f11-ccd3-1a231b06f25f,KXNEXTIRANLEADER-45JAN01-GMOH,2026-03-03T21:16:01.170634Z,28.00,0.0300,0.9700,yes
59ba4277-c6a6-7c87-bb61-cfb069a019d1,KXNEXTIRANLEADER-45JAN01-GMOH,2026-03-03T21:13:37.236604Z,33.00,0.0300,0.9700,yes
ed0b8f1e-1b78-57d5-5420-eb9178c614d9,KXNEXTIRANLEADER-45JAN01-GMOH,2026-03-03T21:13:07.986875Z,962.00,0.0200,0.9800,no
b974fe1d-0b68-5471-a4a9-9e29aec958c9,KXNEXTIRANLEADER-45JAN01-GMOH,2026-03-03T21:12:59.142312Z,94.00,0.0200,0.9800,no
b91f25c3-cb41-5287-237c-6548e23c8620,KXNEXTIRANLEADER-45JAN01-GMOH,2026-03-03T21:08:13.838717Z,1937.00,0.0200,0.9800,no
9f704df6-8b3c-5769-3881-b1fb783fc0e9,KXNEXTIRANLEADER-45JAN01-GMOH,2026-03-03T21:08:13.838717Z,2735.00,0.0200,0.9800,no
95a1ee5d-8f21-5824-2764-9f157359cddb,KXNEXTIRANLEADER-45JAN01-GMOH,2026-03-03T21:08:13.838717Z,28.00,0.0200,0.9800,no
23618fbb-26c6-5704-2545-ebb3d9031b2b,KXNEXTIRANLEADER-45JAN01-GMOH,2026-03-03T21:08:13.838717Z,300.00,0.0200,0.9800,no
5598832f-8fcd-4fff-8ade-18ffb1e350e0,KXNEXTIRANLEADER-45JAN01-GMOH,2026-03-03T21:08:12.803566Z,17.00,0.0200,0.9800,no
a6574bd8-b33f-74cb-6d8a-4d8f25afa82f,KXNEXTIRANLEADER-45JAN01-GMOH,2026-03-03T21:07:22.902152Z,981.00,0.0300,0.9700,no
d9b8c241-2af9-6e9c-4d42-83391c29c660,KXNEXTIRANLEADER-45JAN01-GMOH,2026-03-03T21:06:21.293594Z,23.00,0.0300,0.9700,no
b587f1b2-a5fd-65c4-563b-d22378bba830,KXNEXTIRANLEADER-45JAN01-GMOH,2026-03-03T21:04:50.520736Z,72.00,0.0300,0.9700,yes
6f56c0cc-0351-6f1d-7ced-b4ab276926ac,KXNEXTIRANLEADER-45JAN01-GMOH,2026-03-03T21:04:50.520736Z,196.00,0.0400,0.9600,yes
2a492a25-b804-49fe-3868-586859afb59e,KXNEXTIRANLEADER-45JAN01-GMOH,2026-03-03T21:04:25.924036Z,15.00,0.0300,0.9700,no
fd69771e-c82d-524a-932f-1545a27c8872,KXNEXTIRANLEADER-45JAN01-GMOH,2026-03-03T21:04:16.389621Z,26.00,0.0300,0.9700,no
32211164-6919-700a-17fd-e55f6e2f2296,KXNEXTIRANLEADER-45JAN01-GMOH,2026-03-03T21:02:25.31483Z,64.00,0.0300,0.9700,no
29b757ad-4999-61d6-4a3e-d1d298c3c292,KXNEXTIRANLEADER-45JAN01-GMOH,2026-03-03T21:02:19.617645Z,65.00,0.0300,0.9700,no
e0026f56-be37-655e-13d0-028bb095b679,KXNEXTIRANLEADER-45JAN01-GMOH,2026-03-03T21:02:13.881869Z,1546.00,0.0400,0.9600,yes
8f3c4c8c-38b5-6711-2234-a582c5b4fd40,KXNEXTIRANLEADER-45JAN01-GMOH,2026-03-03T21:02:13.881869Z,954.00,0.0400,0.9600,yes
cb571e86-3d4d-4c1a-5eca-703bde736e02,KXNEXTIRANLEADER-45JAN01-GMOH,2026-03-03T21:02:09.81452Z,208.00,0.0300,0.9700,no
0810022c-ce95-7bba-0771-907c7256a042,KXNEXTIRANLEADER-45JAN01-GMOH,2026-03-03T21:02:08.570766Z,5.00,0.0300,0.9700,no
59739459-1d6d-48ee-7c11-5ec2af84410a,KXNEXTIRANLEADER-45JAN01-GMOH,2026-03-03T21:01:45.321423Z,152.00,0.0300,0.9700,no
bb219595-3eb1-7dca-9e69-01902d8fc166,KXNEXTIRANLEADER-45JAN01-GMOH,2026-03-03T21:01:44.100065Z,6.00,0.0300,0.9700,no
dd2fc90c-dcc9-6f42-d2cf-377f6e97f032,KXNEXTIRANLEADER-45JAN01-GMOH,2026-03-03T21:01:34.061194Z,7.00,0.0300,0.9700,no
4c634012-a535-4102-eb40-81c81a15a67a,KXNEXTIRANLEADER-45JAN01-GMOH,2026-03-03T21:01:27.611333Z,31.00,0.0300,0.9700,no
be4e0c9f-d19f-6dee-2411-b8c29f27ac61,KXNEXTIRANLEADER-45JAN01-GMOH,2026-03-03T20:59:20.382314Z,625.00,0.0400,0.9600,yes
2c064800-964f-63b6-44f3-ce3a95f25019,KXNEXTIRANLEADER-45JAN01-GMOH,2026-03-03T20:55:32.349831Z,750.00,0.0400,0.9600,yes
cc3fdd1d-8875-4876-609e-9baae3e688e6,KXNEXTIRANLEADER-45JAN01-GMOH,2026-03-03T20:55:20.964671Z,46.00,0.0300,0.9700,no
9b0e7ffd-e51b-59da-4384-6036e7f1f5b5,KXNEXTIRANLEADER-45JAN01-GMOH,2026-03-03T20:55:05.403505Z,124.00,0.0400,0.9600,yes
19d36f08-4d25-62a6-6bf3-8168832cb0fe,KXNEXTIRANLEADER-45JAN01-GMOH,2026-03-03T20:54:34.572639Z,37.00,0.0300,0.9700,no
b953da5b-5658-6eb3-c690-92fb183af15a,KXNEXTIRANLEADER-45JAN01-GMOH,2026-03-03T20:53:48.751371Z,1159.00,0.0400,0.9600,no
a47e53b4-bb8f-6bac-c69c-b63ef0db11ad,KXNEXTIRANLEADER-45JAN01-GMOH,2026-03-03T20:53:48.751371Z,1000.00,0.0400,0.9600,no
7fb42603-9608-788b-bfda-6961a0014d42,KXNEXTIRANLEADER-45JAN01-GMOH,2026-03-03T20:53:27.782706Z,20.00,0.0400,0.9600,no
ce2b75d3-0040-7e18-55b0-bb8789f36263,KXNEXTIRANLEADER-45JAN01-GMOH,2026-03-03T20:53:24.706828Z,16.00,0.0500,0.9500,no
bd944ac3-6eec-4d10-4850-fc58a71b1287,KXNEXTIRANLEADER-45JAN01-GMOH,2026-03-03T20:53:24.200218Z,25.00,0.0500,0.9500,no
e2b39c10-c790-72e1-7b49-9f0315432dba,KXNEXTIRANLEADER-45JAN01-GMOH,2026-03-03T20:49:48.858025Z,1000.00,0.0800,0.9200,yes
932c4042-e2ba-7333-753a-bd9ba89d1c1c,KXNEXTIRANLEADER-45JAN01-GMOH,2026-03-03T20:49:48.858025Z,79.00,0.0800,0.9200,yes
e1e14ba3-bab2-6c1a-fe6e-c90db9d5b434,KXNEXTIRANLEADER-45JAN01-GMOH,2026-03-03T20:48:17.293883Z,8.00,0.0500,0.9500,no
39eafa05-a0b7-6f99-f09e-e54242ed6d24,KXNEXTIRANLEADER-45JAN01-GMOH,2026-03-03T20:48:17.293883Z,25.00,0.0500,0.9500,no
bbf386a1-7a9e-627a-7f8f-f04f8da1b035,KXNEXTIRANLEADER-45JAN01-GMOH,2026-03-03T20:48:04.933291Z,12.00,0.1400,0.8600,yes
7d0f49a0-e8e2-6d29-3f1a-cbc68b1cc2c7,KXNEXTIRANLEADER-45JAN01-GMOH,2026-03-03T20:47:52.318322Z,75.00,0.0500,0.9500,no
131e9d0b-0872-4e2d-beb8-1f880e76028b,KXNEXTIRANLEADER-45JAN01-GMOH,2026-03-03T20:47:52.157828Z,18.00,0.0500,0.9500,no
4f214654-3972-72d1-e522-e236bdb0b94b,KXNEXTIRANLEADER-45JAN01-GMOH,2026-03-03T20:47:51.799294Z,1.00,0.0500,0.9500,no
bfb9a413-5bde-50d5-bb6b-539022fa2af7,KXNEXTIRANLEADER-45JAN01-GMOH,2026-03-03T20:47:49.833282Z,79.00,0.0500,0.9500,no
e44b73d0-4246-561d-6aee-45be8195795f,KXNEXTIRANLEADER-45JAN01-GMOH,2026-03-03T20:47:48.60601Z,4.00,0.0500,0.9500,no
68c75b20-94e2-4531-5ab2-00ca136126f7,KXNEXTIRANLEADER-45JAN01-GMOH,2026-03-03T20:47:48.59806Z,4761.00,0.0500,0.9500,no
a8996a17-7a12-6e8d-fabb-fa590d790d13,KXNEXTIRANLEADER-45JAN01-GMOH,2026-03-03T20:47:44.950495Z,150.00,0.0500,0.9500,no
bf9628b5-68ee-4e5d-8d3a-e7c68540d463,KXNEXTIRANLEADER-45JAN01-GMOH,2026-03-03T20:47:41.558443Z,22.00,0.0500,0.9500,no
01d3fc1e-0e1e-6e61-e1c8-1f2c9e9cf187,KXNEXTIRANLEADER-45JAN01-GMOH,2026-03-03T20:47:40.3296Z,12.00,0.0500,0.9500,no
af83e580-64c2-5659-3f3d-85f16ff0a0fb,KXNEXTIRANLEADER-45JAN01-GMOH,2026-03-03T20:47:39.094865Z,6.00,0.0500,0.9500,no
1e4673e4-99ae-64c5-7aea-2cd4baee7c33,KXNEXTIRANLEADER-45JAN01-GMOH,2026-03-03T20:47:35.178887Z,62.00,0.0500,0.9500,no
5bc0e7d5-858e-64b5-b0e6-93153edcfc1f,KXNEXTIRANLEADER-45JAN01-GMOH,2026-03-03T20:47:32.824865Z,14.00,0.0500,0.9500,no
6db92a21-1d59-56e4-152a-1d53b4236c98,KXNEXTIRANLEADER-45JAN01-GMOH,2026-03-03T20:46:56.017715Z,33.00,0.0700,0.9300,no
6594114c-1c59-5b1e-0e0c-7b482b41ee71,KXNEXTIRANLEADER-45JAN01-GMOH,2026-03-03T20:46:56.017715Z,8.00,0.0500,0.9500,no
33698376-efe0-544b-29c5-1fb4c699a882,KXNEXTIRANLEADER-45JAN01-GMOH,2026-03-03T20:46:56.017715Z,821.00,0.0400,0.9600,no
20af961e-c081-51e6-204e-f8eea75acdff,KXNEXTIRANLEADER-45JAN01-GMOH,2026-03-03T20:46:56.017715Z,82.00,0.1300,0.8700,no
4a7f5ac6-b57e-7ec2-d51d-8a8f69a6ed67,KXNEXTIRANLEADER-45JAN01-GMOH,2026-03-03T20:46:14.589178Z,9.00,0.0900,0.9100,yes
3d5942bd-fce6-78de-d014-03528b4cf06c,KXNEXTIRANLEADER-45JAN01-GMOH,2026-03-03T20:46:14.589178Z,24.00,0.0600,0.9400,yes
0f1611d2-184d-7599-d359-871fe2812bae,KXNEXTIRANLEADER-45JAN01-GMOH,2026-03-03T20:46:14.589178Z,25.00,0.0700,0.9300,yes
ff70e5d9-2751-7a54-d701-5e2bd618eff6,KXNEXTIRANLEADER-45JAN01-GMOH,2026-03-03T20:44:36.466959Z,61.00,0.0400,0.9600,no
c325c016-12a1-7d2e-d737-6a8d5f00b09a,KXNEXTIRANLEADER-45JAN01-GMOH,2026-03-03T20:44:36.466959Z,828.00,0.0300,0.9700,no
bdee0dce-7f68-7aa3-d169-544dcb1503d7,KXNEXTIRANLEADER-45JAN01-GMOH,2026-03-03T20:44:36.466959Z,4.00,0.0500,0.9500,no
64962853-33e9-74bd-d0bd-5556f2a1e6da,KXNEXTIRANLEADER-45JAN01-GMOH,2026-03-03T20:44:36.466959Z,53.00,0.0600,0.9400,no
36b0cbc5-ac43-78c9-e896-a45b51a68999,KXNEXTIRANLEADER-45JAN01-GMOH,2026-03-03T20:44:36.466959Z,28.00,0.0500,0.9500,no
7fde6403-985d-5089-968f-429550ae9212,KXNEXTIRANLEADER-45JAN01-GMOH,2026-03-03T20:44:23.272706Z,111.00,0.0900,0.9100,yes
3172c82c-8037-7418-b840-2010e05b4a64,KXNEXTIRANLEADER-45JAN01-GMOH,2026-03-03T20:43:54.845715Z,12.00,0.0800,0.9200,yes
822d5cc6-0a8a-6ae7-5abd-7f8aed3d88a4,KXNEXTIRANLEADER-45JAN01-GMOH,2026-03-03T20:41:56.823304Z,10.00,0.0700,0.9300,yes
745c6227-b08e-6a29-6739-a9b180e7bd14,KXNEXTIRANLEADER-45JAN01-GMOH,2026-03-03T20:41:56.823304Z,61.00,0.0700,0.9300,yes
d3c774be-8c4e-508f-8f4d-4bc1dd88a24b,KXNEXTIRANLEADER-45JAN01-GMOH,2026-03-03T20:41:54.464425Z,235.00,0.0400,0.9600,no
c25f35e9-4e49-631d-03a9-1e9410b62aac,KXNEXTIRANLEADER-45JAN01-GMOH,2026-03-03T20:41:49.363066Z,5.00,0.0500,0.9500,no
9fcf8bae-0d26-6e23-3b1f-2b1c40c1a407,KXNEXTIRANLEADER-45JAN01-GMOH,2026-03-03T20:41:49.363066Z,765.00,0.0400,0.9600,no
25136732-e0af-6e13-2485-dd287e115717,KXNEXTIRANLEADER-45JAN01-GMOH,2026-03-03T20:41:49.363066Z,1104.00,0.0500,0.9500,no
46510bd3-8caf-5c4b-554c-ececd8033c73,KXNEXTIRANLEADER-45JAN01-GMOH,2026-03-03T20:41:45.440262Z,50.00,0.0500,0.9500,no
aef12017-0423-413b-d430-0eac8855349f,KXNEXTIRANLEADER-45JAN01-GMOH,2026-03-03T20:41:44.152843Z,64.00,0.0500,0.9500,no
a0062b6f-d8cb-4973-e717-d07fa4125d07,KXNEXTIRANLEADER-45JAN01-GMOH,2026-03-03T20:41:42.930691Z,18.00,0.0500,0.9500,no
104c7755-530b-6dff-f1f2-45b45aee4303,KXNEXTIRANLEADER-45JAN01-GMOH,2026-03-03T20:41:41.706618Z,57.00,0.0500,0.9500,no
f03ea455-07e7-5d3f-4206-fdfa50cbefab,KXNEXTIRANLEADER-45JAN01-GMOH,2026-03-03T20:41:40.48109Z,49.00,0.0500,0.9500,no
16dff94d-4493-78f3-a2fe-4c8faba76d27,KXNEXTIRANLEADER-45JAN01-GMOH,2026-03-03T20:41:39.253522Z,142.00,0.0500,0.9500,no
93dc5538-ddc7-498b-7487-74e26acdf4db,KXNEXTIRANLEADER-45JAN01-GMOH,2026-03-03T20:41:37.718137Z,90.00,0.0500,0.9500,no
22d01453-f95f-591f-c64d-c560def1011f,KXNEXTIRANLEADER-45JAN01-GMOH,2026-03-03T20:41:37.668261Z,24.00,0.0500,0.9500,no
23def211-3f5f-5ce7-04fd-78c4e1f8491b,KXNEXTIRANLEADER-45JAN01-GMOH,2026-03-03T20:41:26.442778Z,156.00,0.0500,0.9500,no
62da1891-bbd3-58a7-8c0d-f4d0c7dfbae3,KXNEXTIRANLEADER-45JAN01-GMOH,2026-03-03T20:40:45.110374Z,56.00,0.0500,0.9500,no
21229b29-0e73-40e8-0f79-3dd3c0b72da9,KXNEXTIRANLEADER-45JAN01-GMOH,2026-03-03T20:40:41.362378Z,8.00,0.0600,0.9400,no
eabe8ca9-627d-77dd-39f5-e14064cda810,KXNEXTIRANLEADER-45JAN01-GMOH,2026-03-03T20:39:03.381724Z,919.00,0.0700,0.9300,no
c79b0b35-f9ce-7187-37f2-2c47ec45132f,KXNEXTIRANLEADER-45JAN01-GMOH,2026-03-03T20:39:03.381724Z,5.00,0.0700,0.9300,no
5e473f77-bead-793d-2be1-4f4171502f51,KXNEXTIRANLEADER-45JAN01-GMOH,2026-03-03T20:39:03.381724Z,5.00,0.0700,0.9300,no
3cb8369e-b547-7eb7-0cee-d39bef9e35d7,KXNEXTIRANLEADER-45JAN01-GMOH,2026-03-03T20:39:03.381724Z,3190.00,0.0500,0.9500,no
30f77027-0d0a-7015-008f-40d955305a13,KXNEXTIRANLEADER-45JAN01-GMOH,2026-03-03T20:39:03.381724Z,624.00,0.0500,0.9500,no
59c1ff01-b0c5-6a61-9c24-190368d4938c,KXNEXTIRANLEADER-45JAN01-GMOH,2026-03-03T20:38:46.296574Z,1724.00,0.0700,0.9300,no
1b761d6c-4c55-7f7d-50c8-e057dd81174c,KXNEXTIRANLEADER-45JAN01-GMOH,2026-03-03T20:35:57.339013Z,117.00,0.0700,0.9300,no
643a06e6-cd80-74e9-bb66-e923b9dce41d,KXNEXTIRANLEADER-45JAN01-GMOH,2026-03-03T20:33:41.773989Z,61.00,0.0800,0.9200,yes
5c006d85-a307-77a3-a731-513965c57ce7,KXNEXTIRANLEADER-45JAN01-GMOH,2026-03-03T20:33:41.773989Z,7.00,0.0800,0.9200,yes
428fde9d-7601-7471-ba39-915f15548ade,KXNEXTIRANLEADER-45JAN01-GMOH,2026-03-03T20:33:41.773989Z,161.00,0.0900,0.9100,yes
df9cbcf4-bdc6-4564-c709-f095398386d3,KXNEXTIRANLEADER-45JAN01-GMOH,2026-03-03T20:33:23.02101Z,41.00,0.0800,0.9200,no
80543b08-db6d-4fed-cd78-11019772f058,KXNEXTIRANLEADER-45JAN01-GMOH,2026-03-03T20:33:23.02101Z,221.00,0.0700,0.9300,no
7d516c85-6a2c-4a3b-f928-ec5a0da06210,KXNEXTIRANLEADER-45JAN01-GMOH,2026-03-03T20:33:23.02101Z,21.00,0.0800,0.9200,no
b1834ae3-59e9-4fa1-4da3-1d3502009c8f,KXNEXTIRANLEADER-45JAN01-GMOH,2026-03-03T20:33:17.211226Z,35.00,0.0800,0.9200,yes
78be836a-f815-4a51-44d4-22352b9dffba,KXNEXTIRANLEADER-45JAN01-GMOH,2026-03-03T20:33:17.211226Z,238.00,0.0900,0.9100,yes
63b9f100-ac0a-4ec5-40b1-1673ef0fe174,KXNEXTIRANLEADER-45JAN01-GMOH,2026-03-03T20:33:17.211226Z,8.00,0.0900,0.9100,yes
bd3d7593-28e9-54a1-3054-8c61b766f430,KXNEXTIRANLEADER-45JAN01-GMOH,2026-03-03T20:30:07.548545Z,19.00,0.0700,0.9300,no
4d61027e-13e5-5175-3b5e-bf76865a6d24,KXNEXTIRANLEADER-45JAN01-GMOH,2026-03-03T20:30:07.548545Z,34.00,0.0800,0.9200,no
234902e6-09f1-5d47-3ac4-d8b61b45a0cd,KXNEXTIRANLEADER-45JAN01-GMOH,2026-03-03T20:30:07.548545Z,3.00,0.0800,0.9200,no
062848a1-cee2-505d-0998-d08990c87848,KXNEXTIRANLEADER-45JAN01-GMOH,2026-03-03T20:30:07.548545Z,4.00,0.0900,0.9100,no
fa4d90f7-0935-5b25-6edc-760e5991277a,KXNEXTIRANLEADER-45JAN01-GMOH,2026-03-03T20:29:23.371337Z,18.00,0.1100,0.8900,yes
a645d64f-6590-6f33-9425-cdd576cdc2e2,KXNEXTIRANLEADER-45JAN01-GMOH,2026-03-03T20:28:40.17061Z,13.00,0.1000,0.9000,no
bb3165b5-636c-455b-cf2e-d68eaf0ac58a,KXNEXTIRANLEADER-45JAN01-GMOH,2026-03-03T20:28:33.806634Z,50.00,0.1000,0.9000,no
8af3d03f-4c9c-5c07-69f0-2e2d3e6b2c3e,KXNEXTIRANLEADER-45JAN01-GMOH,2026-03-03T20:28:27.487568Z,50.00,0.1000,0.9000,no
f4047494-b6dc-6ddf-5457-ea08d3f22f86,KXNEXTIRANLEADER-45JAN01-GMOH,2026-03-03T20:28:26.261196Z,26.00,0.1000,0.9000,no
26830d3b-4458-4c33-92c1-faa9e3dbc4ce,KXNEXTIRANLEADER-45JAN01-GMOH,2026-03-03T20:28:20.990762Z,21.00,0.1000,0.9000,no
10514442-97bc-7b57-7fa2-7654c07401fe,KXNEXTIRANLEADER-45JAN01-GMOH,2026-03-03T20:28:15.640799Z,29.00,0.1000,0.9000,no
a5be9211-5954-4ef7-007f-dcc04b69c3ba,KXNEXTIRANLEADER-45JAN01-GMOH,2026-03-03T20:28:14.410248Z,26.00,0.1000,0.9000,no
e08ee4de-5f7c-5b0f-854b-029d46b5aaa6,KXNEXTIRANLEADER-45JAN01-GMOH,2026-03-03T20:28:13.184256Z,6.00,0.1000,0.9000,no
98582b47-5d2c-6c5b-f9a7-bd25cea3cb82,KXNEXTIRANLEADER-45JAN01-GMOH,2026-03-03T20:28:11.955457Z,2.00,0.1000,0.9000,no
77bd501b-dfa0-7673-9ce6-92bca48c8e0a,KXNEXTIRANLEADER-45JAN01-GMOH,2026-03-03T20:28:03.038607Z,13.00,0.1000,0.9000,no
8e3b06ff-6f7c-7d9b-306b-2c305b23055e,KXNEXTIRANLEADER-45JAN01-GMOH,2026-03-03T20:28:01.806199Z,2.00,0.1000,0.9000,no
677cbcce-32e8-7833-b24c-10aa4f5818e6,KXNEXTIRANLEADER-45JAN01-GMOH,2026-03-03T20:27:56.355941Z,29.00,0.1000,0.9000,no
56340567-1998-686f-30d6-1532837d5c6e,KXNEXTIRANLEADER-45JAN01-GMOH,2026-03-03T20:26:20.878697Z,17.00,0.1000,0.9000,no
49f3d831-00c8-4a17-45c2-2c4dfc99e66e,KXNEXTIRANLEADER-45JAN01-GMOH,2026-03-03T20:25:34.1534Z,233.00,0.1000,0.9000,no
242c3240-22e4-69a7-71f7-270d14b3e412,KXNEXTIRANLEADER-45JAN01-GMOH,2026-03-03T20:24:48.737475Z,100.00,0.1000,0.9000,no
2e0f27cc-9f84-66d3-6ec1-0828cde49b5a,KXNEXTIRANLEADER-45JAN01-GMOH,2026-03-03T20:21:11.496498Z,31.00,0.1000,0.9000,no
820dae5d-e4e7-6110-b1b1-b20799a34067,KXNEXTIRANLEADER-45JAN01-GMOH,2026-03-03T20:14:44.975015Z,21.00,0.1000,0.9000,no
72c67b84-1100-62f3-a347-d5b3a6302dd2,KXNEXTIRANLEADER-45JAN01-GMOH,2026-03-03T20:14:44.975015Z,41.00,0.1000,0.9000,no
5ba0e4bc-0fd1-52cd-ab37-c417bf9fb6ee,KXNEXTIRANLEADER-45JAN01-GMOH,2026-03-03T20:11:01.382629Z,500.00,0.1100,0.8900,yes
ac7f9d57-96fd-4161-7abd-7ff6bf5c7c82,KXNEXTIRANLEADER-45JAN01-GMOH,2026-03-03T20:10:34.464473Z,90.00,0.1100,0.8900,yes
693fe67b-57fe-62a5-67c4-1024ba60ea76,KXNEXTIRANLEADER-45JAN01-GMOH,2026-03-03T20:10:11.010804Z,12.00,0.1000,0.9000,no
64235778-3b5c-6bd9-563f-9e1154d833a1,KXNEXTIRANLEADER-45JAN01-GMOH,2026-03-03T20:10:11.010804Z,26.00,0.1000,0.9000,no
13735028-19a6-610c-5df9-eb7f47e9d330,KXNEXTIRANLEADER-45JAN01-GMOH,2026-03-03T20:10:11.010804Z,4.00,0.1000,0.9000,no
a7ea40b5-f485-7a65-552f-65b334c09762,KXNEXTIRANLEADER-45JAN01-GMOH,2026-03-03T20:07:17.310394Z,4.00,0.1100,0.8900,yes
d17a7849-48ae-718c-1de3-9410972419cb,KXNEXTIRANLEADER-45JAN01-GMOH,2026-03-03T20:05:51.037588Z,24.00,0.1100,0.8900,yes
c81d008f-e35a-7809-3abc-62dc1d519a9c,KXNEXTIRANLEADER-45JAN01-GMOH,2026-03-03T20:05:51.037588Z,16.00,0.1200,0.8800,yes
bd359551-001e-7d00-2b5d-1b467b1f3a43,KXNEXTIRANLEADER-45JAN01-GMOH,2026-03-03T20:05:51.037588Z,61.00,0.1200,0.8800,yes
ac5482b0-8867-7160-3266-7d45b718951b,KXNEXTIRANLEADER-45JAN01-GMOH,2026-03-03T20:05:51.037588Z,24.00,0.1200,0.8800,yes
11ed384e-8de4-7618-03e3-15006d30a91b,KXNEXTIRANLEADER-45JAN01-GMOH,2026-03-03T20:05:51.037588Z,43.00,0.1200,0.8800,yes
ec523050-8cde-5ff7-1407-bca493696b5b,KXNEXTIRANLEADER-45JAN01-GMOH,2026-03-03T20:04:08.075543Z,31.00,0.1000,0.9000,no
54cc8edf-a270-7902-abaf-bfd211daed34,KXNEXTIRANLEADER-45JAN01-GMOH,2026-03-03T20:01:51.615369Z,2.00,0.1300,0.8700,yes
a5b4d223-dc9f-68b9-dc3d-334f2549017b,KXNEXTIRANLEADER-45JAN01-GMOH,2026-03-03T20:01:31.231672Z,383.00,0.1000,0.9000,no
030984af-972a-61d5-de66-f25f9ba7f0e3,KXNEXTIRANLEADER-45JAN01-GMOH,2026-03-03T20:01:31.231672Z,33.00,0.1000,0.9000,no
f92335ab-449f-783e-e623-5373b22b9f6e,KXNEXTIRANLEADER-45JAN01-GMOH,2026-03-03T19:58:45.731984Z,6.00,0.1300,0.8700,yes
f8a23b7f-a9fc-7244-f453-4dee2e399764,KXNEXTIRANLEADER-45JAN01-GMOH,2026-03-03T19:58:45.731984Z,200.00,0.0500,0.9500,yes
eb140bc4-0452-7838-efdc-7fe154cddaad,KXNEXTIRANLEADER-45JAN01-GMOH,2026-03-03T19:58:45.731984Z,4.00,0.1300,0.8700,yes
df90bdec-f816-758d-df92-52edc84a1221,KXNEXTIRANLEADER-45JAN01-GMOH,2026-03-03T19:58:45.731984Z,71.00,0.1500,0.8500,yes
ab51c1e7-8e91-7c59-c142-2c0a02d66f52,KXNEXTIRANLEADER-45JAN01-GMOH,2026-03-03T19:58:45.731984Z,48.00,0.1200,0.8800,yes
6eccd0cf-3160-7923-df6c-e9d6be4a08bb,KXNEXTIRANLEADER-45JAN01-GMOH,2026-03-03T19:58:45.731984Z,48.00,0.1500,0.8500,yes
463ec207-bf7f-783c-eac6-ca3f6833a8cb,KXNEXTIRANLEADER-45JAN01-GMOH,2026-03-03T19:58:45.731984Z,75.00,0.1300,0.8700,yes
3ccd6cb4-bddb-7a3f-e682-cb43a007f430,KXNEXTIRANLEADER-45JAN01-GMOH,2026-03-03T19:58:45.731984Z,2.00,0.1400,0.8600,yes
fe2bb9c8-6a20-797a-eb90-633ab5b82eae,KXNEXTIRANLEADER-45JAN01-GMOH,2026-03-03T19:57:00.818944Z,30.00,0.0600,0.9400,no
eece2c3e-7e8e-7acb-d900-4369b3c1b3b6,KXNEXTIRANLEADER-45JAN01-GMOH,2026-03-03T19:57:00.818944Z,15.00,0.0200,0.9800,no
e91e8e92-0e3a-7cd2-c60e-e6a27980ce12,KXNEXTIRANLEADER-45JAN01-GMOH,2026-03-03T19:57:00.818944Z,8.00,0.0500,0.9500,no
c77022ea-1907-7eed-cde8-ecc6f182860f,KXNEXTIRANLEADER-45JAN01-GMOH,2026-03-03T19:57:00.818944Z,447.00,0.0600,0.9400,no
ba424786-1ce2-74e6-d5b7-ce2f96aa4b29,KXNEXTIRANLEADER-45JAN01-GMOH,2026-03-03T19:57:00.818944Z,63.00,0.0200,0.9800,no
b6e0ee71-ffc3-7185-ff84-c5dbbfd942b6,KXNEXTIRANLEADER-45JAN01-GMOH,2026-03-03T19:57:00.818944Z,22.00,0.0200,0.9800,no
b283f26b-2e52-7153-e45e-aec28fb3be31,KXNEXTIRANLEADER-45JAN01-GMOH,2026-03-03T19:57:00.818944Z,500.00,0.0500,0.9500,no
9719ccc2-bc14-7497-fc66-19d89c7669ed,KXNEXTIRANLEADER-45JAN01-GMOH,2026-03-03T19:57:00.818944Z,1256.00,0.0400,0.9600,no
87b0727f-85c8-7752-f142-86fbf03405fd,KXNEXTIRANLEADER-45JAN01-GMOH,2026-03-03T19:57:00.818944Z,22.00,0.0200,0.9800,no
72c2d579-f5db-78b5-dee3-7be72c04d51f,KXNEXTIRANLEADER-45JAN01-GMOH,2026-03-03T19:57:00.818944Z,255.00,0.0200,0.9800,no
726ae4a8-183c-79f7-d6f1-a9fd5668a2b6,KXNEXTIRANLEADER-45JAN01-GMOH,2026-03-03T19:57:00.818944Z,14.00,0.0300,0.9700,no
572a08b0-c153-74a5-c81f-41062fc1e101,KXNEXTIRANLEADER-45JAN01-GMOH,2026-03-03T19:57:00.818944Z,339.00,0.0100,0.9900,no
36326917-cbbb-7aad-c569-e166c2e05dbb,KXNEXTIRANLEADER-45JAN01-GMOH,2026-03-03T19:57:00.818944Z,61.00,0.0500,0.9500,no
0e8f4570-1976-7437-face-eb34f3723e3c,KXNEXTIRANLEADER-45JAN01-GMOH,2026-03-03T19:57:00.818944Z,139.00,0.0500,0.9500,no
02949dad-d700-7b0a-d1a1-36aa807ced84,KXNEXTIRANLEADER-45JAN01-GMOH,2026-03-03T19:57:00.818944Z,27.00,0.0500,0.9500,no
624813d8-704f-586d-0fe5-649228b31cb7,KXNEXTIRANLEADER-45JAN01-GMOH,2026-03-03T19:56:47.087392Z,6.00,0.0600,0.9400,no
1f0c8e2f-29cf-70d1-6729-0f8fa182dd03,KXNEXTIRANLEADER-45JAN01-GMOH,2026-03-03T19:56:44.395359Z,8.00,0.0600,0.9400,no
17825e16-6e43-5f6d-a081-7c4033deab93,KXNEXTIRANLEADER-45JAN01-GMOH,2026-03-03T19:56:43.142803Z,39.00,0.0600,0.9400,no
df2229ff-e393-6fbd-430b-888f8156c3df,KXNEXTIRANLEADER-45JAN01-GMOH,2026-03-03T19:56:40.418038Z,32.00,0.0600,0.9400,no
c1154e24-65ef-5ac9-3ef4-f4248fcda5fb,KXNEXTIRANLEADER-45JAN01-GMOH,2026-03-03T19:56:39.172777Z,18.00,0.0600,0.9400,no
befdf468-33e3-60d1-0b12-69e3ec3b7ceb,KXNEXTIRANLEADER-45JAN01-GMOH,2026-03-03T19:56:37.949361Z,47.00,0.0600,0.9400,no
4be99c63-55ce-42d2-afa4-2b01224ce2fa,KXNEXTIRANLEADER-45JAN01-GMOH,2026-03-03T19:56:36.72234Z,6.00,0.0500,0.9500,no
22f23495-9432-7106-2f8b-5c3f3800c2f2,KXNEXTIRANLEADER-45JAN01-GMOH,2026-03-03T19:56:30.173832Z,27.00,0.0500,0.9500,no
1ddbdf00-3083-7066-092b-da3bed3913ad,KXNEXTIRANLEADER-45JAN01-GMOH,2026-03-03T19:56:30.173832Z,23.00,0.0500,0.9500,no
b2dd8a05-afa0-476b-2adc-d86f0005e87d,KXNEXTIRANLEADER-45JAN01-GMOH,2026-03-03T19:55:33.209642Z,540.00,0.0400,0.9600,no
b910c0e6-07cc-48cf-0a13-bb5fe9c91cf9,KXNEXTIRANLEADER-45JAN01-GMOH,2026-03-03T19:55:33.119758Z,204.00,0.0400,0.9600,no
8047a7b0-1e03-4f7d-2692-5f17538a0237,KXNEXTIRANLEADER-45JAN01-GMOH,2026-03-03T19:55:33.119758Z,42.00,0.0500,0.9500,no
7189aa1c-495c-4c6b-3658-bc8c7db6980c,KXNEXTIRANLEADER-45JAN01-GMOH,2026-03-03T19:55:33.119758Z,14.00,0.0500,0.9500,no
15d87f0c-67fc-4e8c-28e2-82adaa495a9c,KXNEXTIRANLEADER-45JAN01-GMOH,2026-03-03T19:55:33.119758Z,3.00,0.0500,0.9500,no
17e16d78-b994-4a24-5902-a0a006cdacfc,KXNEXTIRANLEADER-45JAN01-GMOH,2026-03-03T19:55:23.877149Z,7.00,0.0500,0.9500,no
7efdd613-dd25-4a76-2afd-7016ad2ec0bf,KXNEXTIRANLEADER-45JAN01-GMOH,2026-03-03T19:55:23.715235Z,57.00,0.0500,0.9500,no
535554af-8870-4b30-13e3-adaaa8c4adf4,KXNEXTIRANLEADER-45JAN01-GMOH,2026-03-03T19:55:23.715235Z,22.00,0.0500,0.9500,no
40e4cc82-b19d-49cc-20b4-ad07c80295f8,KXNEXTIRANLEADER-45JAN01-GMOH,2026-03-03T19:55:23.715235Z,59.00,0.0500,0.9500,no
e33bf558-e919-72a6-1768-5ccdefb06c13,KXNEXTIRANLEADER-45JAN01-GMOH,2026-03-03T19:55:22.486266Z,148.00,0.0500,0.9500,no
11268403-9261-527e-94bd-ae4dfcaee607,KXNEXTIRANLEADER-45JAN01-GMOH,2026-03-03T19:55:22.482312Z,5.00,0.0500,0.9500,no
fbd65b22-79ae-4069-611b-6980c5968841,KXNEXTIRANLEADER-45JAN01-GMOH,2026-03-03T19:54:53.472478Z,59.00,0.1300,0.8700,no
fa24e433-c149-43d2-602c-dc2d1fa38397,KXNEXTIRANLEADER-45JAN01-GMOH,2026-03-03T19:54:53.472478Z,90.00,0.0500,0.9500,no
fa2042c6-1902-45c1-5ada-a5c2edc00484,KXNEXTIRANLEADER-45JAN01-GMOH,2026-03-03T19:54:53.472478Z,59.00,0.1200,0.8800,no
ed9295c9-2c8d-467c-66da-a95435c23696,KXNEXTIRANLEADER-45JAN01-GMOH,2026-03-03T19:54:53.472478Z,19.00,0.1100,0.8900,no
947e7e08-e197-4296-7ff7-d14dce41e8ff,KXNEXTIRANLEADER-45JAN01-GMOH,2026-03-03T19:54:53.472478Z,86.00,0.1500,0.8500,no
5e0c496b-6e4d-4637-5f98-a780cb9b2dcc,KXNEXTIRANLEADER-45JAN01-GMOH,2026-03-03T19:54:53.472478Z,500.00,0.1500,0.8500,no
10e9ea10-3388-463b-4c85-d5390cb2a456,KXNEXTIRANLEADER-45JAN01-GMOH,2026-03-03T19:54:53.472478Z,15.00,0.0600,0.9400,no
8c853732-e13e-4513-8471-034e49b2ad97,KXNEXTIRANLEADER-45JAN01-GMOH,2026-03-03T19:53:58.239719Z,1499.00,0.1500,0.8500,no
d34a3559-f896-484b-b028-2676979dfc3f,KXNEXTIRANLEADER-45JAN01-GMOH,2026-03-03T19:51:46.722795Z,2711.00,0.1500,0.8500,no
76c6c2b5-7c56-4e7f-be6c-ae31361f6d59,KXNEXTIRANLEADER-45JAN01-GMOH,2026-03-03T19:51:46.722795Z,95.00,0.1600,0.8400,no
b6bc771a-c43a-5293-df3d-4f0d30f4491d,KXNEXTIRANLEADER-45JAN01-GMOH,2026-03-03T19:50:20.002633Z,1.00,0.1600,0.8400,no
e7618352-bfe3-6641-69fd-ff3e1353a58e,KXNEXTIRANLEADER-45JAN01-GMOH,2026-03-03T19:41:52.053769Z,1.00,0.1800,0.8200,yes
69cbc21e-05b8-6163-59d2-9acd13e9b389,KXNEXTIRANLEADER-45JAN01-GMOH,2026-03-03T19:41:52.053769Z,9.00,0.1600,0.8400,yes
300eb432-803b-676d-5472-eadf48f16cbb,KXNEXTIRANLEADER-45JAN01-GMOH,2026-03-03T19:41:52.053769Z,1.00,0.1600,0.8400,yes
20dbc222-8dfd-6dd2-4371-9266db39ca9d,KXNEXTIRANLEADER-45JAN01-GMOH,2026-03-03T19:41:52.053769Z,1.00,0.1700,0.8300,yes
11ebc4c6-1d2c-6b43-13af-8de36f80f729,KXNEXTIRANLEADER-45JAN01-GMOH,2026-03-03T19:31:04.17572Z,1.00,0.1600,0.8400,yes
f4534c44-f58a-5ffb-71c7-a0d2bee7e443,KXNEXTIRANLEADER-45JAN01-GMOH,2026-03-03T19:16:10.516349Z,50.00,0.1600,0.8400,yes
daaf8a41-e969-525d-5d2d-372a06a55630,KXNEXTIRANLEADER-45JAN01-GMOH,2026-03-03T19:16:10.516349Z,84.00,0.1700,0.8300,yes
88e78c7d-a53b-5bf1-73a5-268c4047bbc9,KXNEXTIRANLEADER-45JAN01-GMOH,2026-03-03T19:16:10.516349Z,12.00,0.1700,0.8300,yes
6cc84a9b-3aca-5077-5ab3-f8f75e8cece8,KXNEXTIRANLEADER-45JAN01-GMOH,2026-03-03T19:16:10.516349Z,115.00,0.1700,0.8300,yes
66a5d996-7577-537b-51d8-bea1d7d376e6,KXNEXTIRANLEADER-45JAN01-GMOH,2026-03-03T19:16:10.516349Z,2.00,0.1600,0.8400,yes
4e522819-8120-5ce8-6210-e617ab4e68ad,KXNEXTIRANLEADER-45JAN01-GMOH,2026-03-03T19:16:10.516349Z,61.00,0.1700,0.8300,yes
1ed6d202-a635-5ad2-6a63-fdba6f0a9ef1,KXNEXTIRANLEADER-45JAN01-GMOH,2026-03-03T19:16:10.516349Z,267.00,0.1700,0.8300,yes
7ab38b10-e126-540f-181a-3da502fecea7,KXNEXTIRANLEADER-45JAN01-GMOH,2026-03-03T19:09:48.392262Z,138.00,0.1500,0.8500,no
45621e00-f3e6-7def-bf70-c3854b135313,KXNEXTIRANLEADER-45JAN01-GMOH,2026-03-03T19:06:18.696451Z,10.00,0.1500,0.8500,no
6167a7b9-ab9f-64dd-ebef-8d9d0c83a393,KXNEXTIRANLEADER-45JAN01-GMOH,2026-03-03T19:01:14.100098Z,31.00,0.1600,0.8400,yes
5eb3f9cd-7b46-4bb3-3f1b-63ca990b902f,KXNEXTIRANLEADER-45JAN01-GMOH,2026-03-03T18:56:08.783432Z,10.00,0.1500,0.8500,no
efc9b4e0-6446-6fff-7d03-12f6d8632b2f,KXNEXTIRANLEADER-45JAN01-GMOH,2026-03-03T18:52:35.745368Z,162.00,0.1500,0.8500,no
7db36607-6497-6d65-4efb-9422824144c4,KXNEXTIRANLEADER-45JAN01-GMOH,2026-03-03T18:52:35.745368Z,425.00,0.1600,0.8400,no
754b60a8-a7e6-6b63-1e6a-1013b72ec547,KXNEXTIRANLEADER-45JAN01-GMOH,2026-03-03T18:25:48.012354Z,10.00,0.1500,0.8500,no
d7abe2ab-464e-5e2b-1bdc-68b150773c59,KXNEXTIRANLEADER-45JAN01-GMOH,2026-03-03T18:21:09.570217Z,6.00,0.1600,0.8400,yes
d6b70745-3839-571e-3cfb-46599e5d14ec,KXNEXTIRANLEADER-45JAN01-GMOH,2026-03-03T18:21:09.570217Z,34.00,0.1600,0.8400,yes
a81612b6-f62b-5d1a-3622-86c7b4f66d77,KXNEXTIRANLEADER-45JAN01-GMOH,2026-03-03T18:21:09.570217Z,28.00,0.1600,0.8400,yes
38bfa350-4846-6fc7-6658-7aeb073b5c5f,KXNEXTIRANLEADER-45JAN01-GMOH,2026-03-03T18:04:50.845908Z,10.00,0.1500,0.8500,no
b5cbd66a-4a2b-79b6-1782-01aebef1ccbb,KXNEXTIRANLEADER-45JAN01-GMOH,2026-03-03T17:54:11.443572Z,119.00,0.1600,0.8400,yes
c8563583-c47f-608a-2f7a-cbcb0246914f,KXNEXTIRANLEADER-45JAN01-GMOH,2026-03-03T17:51:22.787425Z,500.00,0.1600,0.8400,yes
b1229a61-93be-557f-544f-207889744f97,KXNEXTIRANLEADER-45JAN01-GMOH,2026-03-03T17:41:13.272438Z,10.00,0.1500,0.8500,no
5d5f8b11-4a53-64c2-43fe-663b3e64a12b,KXNEXTIRANLEADER-45JAN01-GMOH,2026-03-03T17:40:13.063159Z,5.00,0.1600,0.8400,yes
5d06d76e-3312-42a3-47d8-7a560bd062a3,KXNEXTIRANLEADER-45JAN01-GMOH,2026-03-03T17:27:46.569702Z,62.00,0.1500,0.8500,no
ec3d5c75-da92-7731-5fe1-b8a713296f11,KXNEXTIRANLEADER-45JAN01-GMOH,2026-03-03T17:24:21.563496Z,83.00,0.1500,0.8500,yes
8073105b-8fd0-73f5-7d15-4c13debf7b2a,KXNEXTIRANLEADER-45JAN01-GMOH,2026-03-03T17:24:21.563496Z,4.00,0.1500,0.8500,yes
6d997a27-a692-7352-42e9-51e6076847bb,KXNEXTIRANLEADER-45JAN01-GMOH,2026-03-03T17:24:21.563496Z,13.00,0.1500,0.8500,yes
0cb024cc-bfc8-7731-717c-01a6b857a9d5,KXNEXTIRANLEADER-45JAN01-GMOH,2026-03-03T17:24:21.563496Z,5000.00,0.1500,0.8500,yes
c15bed63-1c10-6e7d-39a1-4903ca6de216,KXNEXTIRANLEADER-45JAN01-GMOH,2026-03-03T17:24:20.042708Z,162.00,0.1400,0.8600,no
850ca4a8-f42e-6b32-e8f3-13784cec0cc7,KXNEXTIRANLEADER-45JAN01-GMOH,2026-03-03T17:24:01.584989Z,10.00,0.1500,0.8500,yes
ae10d0df-c3c0-6bc9-d7ec-40c13599d2a2,KXNEXTIRANLEADER-45JAN01-GMOH,2026-03-03T17:20:57.497895Z,10.00,0.1400,0.8600,no
9537b376-7068-61b0-e855-cc5d965565c8,KXNEXTIRANLEADER-45JAN01-GMOH,2026-03-03T16:54:00.36993Z,2.00,0.1500,0.8500,yes
13a7ea12-faae-685b-d42b-73c8f7e38b8f,KXNEXTIRANLEADER-45JAN01-GMOH,2026-03-03T16:54:00.36993Z,8.00,0.1500,0.8500,yes
79d3115e-3411-53ec-ffba-020d72027511,KXNEXTIRANLEADER-45JAN01-GMOH,2026-03-03T16:53:37.55159Z,2.00,0.1400,0.8600,no
3351d5b2-381a-4176-f38d-0bc4429f6f39,KXNEXTIRANLEADER-45JAN01-GMOH,2026-03-03T16:51:28.111174Z,38.00,0.1500,0.8500,yes
8b0365f1-471e-625d-3794-1ad0dd2000b2,KXNEXTIRANLEADER-45JAN01-GMOH,2026-03-03T16:46:52.242551Z,17.00,0.0100,0.9900,no
31909c7b-2ffe-5cd5-d955-d081804c4336,KXNEXTIRANLEADER-45JAN01-GMOH,2026-03-03T16:46:51.020736Z,11.00,0.0100,0.9900,no
d3160820-6a4e-4ff9-1a15-f57e9de57912,KXNEXTIRANLEADER-45JAN01-GMOH,2026-03-03T16:46:49.802107Z,2.00,0.0100,0.9900,no
cf4557ac-35ce-7ecd-1455-f09d4e92c0a2,KXNEXTIRANLEADER-45JAN01-GMOH,2026-03-03T16:46:48.580357Z,11.00,0.0100,0.9900,no
f63fbce1-611e-7d71-b172-ffe85aa1729e,KXNEXTIRANLEADER-45JAN01-GMOH,2026-03-03T16:46:47.35801Z,7.00,0.0100,0.9900,no
9586f052-b29c-75d9-af88-36583c64d06e,KXNEXTIRANLEADER-45JAN01-GMOH,2026-03-03T16:46:46.138058Z,2.00,0.0200,0.9800,no
395aed46-234c-5d69-c0cb-d604ad54fe8e,KXNEXTIRANLEADER-45JAN01-GMOH,2026-03-03T16:46:44.917193Z,8.00,0.0200,0.9800,no
b3b19430-f8c0-608a-ea0f-8e235a436d1e,KXNEXTIRANLEADER-45JAN01-GMOH,2026-03-03T16:46:43.693479Z,4.00,0.0200,0.9800,no
49024933-b1a8-6d3c-e57a-af7fc580853a,KXNEXTIRANLEADER-45JAN01-GMOH,2026-03-03T16:46:43.693479Z,6.00,0.0200,0.9800,no
33b2130a-f1f0-6c0a-f893-467705e6ef36,KXNEXTIRANLEADER-45JAN01-GMOH,2026-03-03T16:46:43.693479Z,8.00,0.0200,0.9800,no
2781d9ea-a91a-65d8-c512-bb2ccf2989a7,KXNEXTIRANLEADER-45JAN01-GMOH,2026-03-03T16:46:43.693479Z,3.00,0.0200,0.9800,no
f0852daa-11fc-4096-aa74-b6d79aea67ce,KXNEXTIRANLEADER-45JAN01-GMOH,2026-03-03T16:46:41.717395Z,3.00,0.0200,0.9800,no
d9142dbf-5b35-44e0-8fda-c6febea4bfdf,KXNEXTIRANLEADER-45JAN01-GMOH,2026-03-03T16:46:41.717395Z,1.00,0.0200,0.9800,no
39d52c77-a479-56f8-8b31-6d0a5c64caf7,KXNEXTIRANLEADER-45JAN01-GMOH,2026-03-03T16:46:40.496056Z,8.00,0.0200,0.9800,no
67b09568-4155-5018-b602-103d4d43342b,KXNEXTIRANLEADER-45JAN01-GMOH,2026-03-03T16:46:39.266625Z,3.00,0.0200,0.9800,no
b8a0870d-0c79-6190-ef21-17ba07b42beb,KXNEXTIRANLEADER-45JAN01-GMOH,2026-03-03T16:46:36.970216Z,7.00,0.0200,0.9800,no
29540a16-b333-594b-39ef-78de4c339d4d,KXNEXTIRANLEADER-45JAN01-GMOH,2026-03-03T16:46:13.324984Z,15.00,0.0800,0.9200,no
b2d3cdaa-592e-4d22-b023-e59ffddd9d6f,KXNEXTIRANLEADER-45JAN01-GMOH,2026-03-03T16:41:42.598166Z,3.00,0.1800,0.8200,yes
694d41fe-6406-4cbf-ae00-11e88476e4b7,KXNEXTIRANLEADER-45JAN01-GMOH,2026-03-03T16:41:42.598166Z,7.00,0.1700,0.8300,yes
67624bc9-9d6b-624e-2287-b25e9245f09e,KXNEXTIRANLEADER-45JAN01-GMOH,2026-03-03T16:28:34.487542Z,42.00,0.1500,0.8500,yes
5a64a323-4ab3-640e-176b-e8d15b9f2592,KXNEXTIRANLEADER-45JAN01-GMOH,2026-03-03T16:28:34.487542Z,5.00,0.1600,0.8400,yes
2df286d4-1b06-6444-1bec-fb726d2ac11d,KXNEXTIRANLEADER-45JAN01-GMOH,2026-03-03T16:28:34.487542Z,15.00,0.1500,0.8500,yes
ff30b72e-9e92-6518-0b0e-44446670f35b,KXNEXTIRANLEADER-45JAN01-GMOH,2026-03-03T16:20:29.666862Z,15.00,0.1200,0.8800,no
d5029f88-139c-6d11-3b0d-5cb18d8d8754,KXNEXTIRANLEADER-45JAN01-GMOH,2026-03-03T16:20:29.666862Z,29.00,0.1600,0.8400,no
b9087068-b2b0-62c4-02d5-466996afc21f,KXNEXTIRANLEADER-45JAN01-GMOH,2026-03-03T16:20:29.666862Z,222.00,0.1200,0.8800,no
8e0f4c86-e87b-6052-203f-5a025f21d9f3,KXNEXTIRANLEADER-45JAN01-GMOH,2026-03-03T16:20:29.666862Z,10.00,0.1600,0.8400,no
50a9ecf5-8f1f-674e-01c2-a6c21945bf4b,KXNEXTIRANLEADER-45JAN01-GMOH,2026-03-03T16:20:29.666862Z,32.00,0.1300,0.8700,no
ffc8fa0f-d202-6adc-4ade-a70c70c10536,KXNEXTIRANLEADER-45JAN01-GMOH,2026-03-03T16:15:15.155669Z,138.00,0.1700,0.8300,yes
a8d4c03a-d487-715d-3d7d-23ebf24d1730,KXNEXTIRANLEADER-45JAN01-GMOH,2026-03-03T16:12:30.428384Z,22.00,0.2100,0.7900,yes
dd3029af-8a1a-6a4b-2854-86f106caae44,KXNEXTIRANLEADER-45JAN01-GMOH,2026-03-03T16:04:17.647869Z,10.00,0.1900,0.8100,yes
a1ce67b4-0ad3-6fb9-03f5-ca0c3badf548,KXNEXTIRANLEADER-45JAN01-GMOH,2026-03-03T16:04:17.647869Z,3.00,0.2100,0.7900,yes
25e5c63a-5216-62cb-04a9-540ae9387520,KXNEXTIRANLEADER-45JAN01-GMOH,2026-03-03T16:04:17.647869Z,5.00,0.2000,0.8000,yes
4378a1fe-debe-5a33-efb7-b82290684cdc,KXNEXTIRANLEADER-45JAN01-GMOH,2026-03-03T16:01:47.660041Z,4.00,0.1900,0.8100,yes
d7952909-89bd-62b4-8272-5f7c015e3ded,KXNEXTIRANLEADER-45JAN01-GMOH,2026-03-03T15:49:35.329064Z,1915.00,0.1400,0.8600,no
61695731-3a5e-4369-7663-e5b14c0326dc,KXNEXTIRANLEADER-45JAN01-GMOH,2026-03-03T15:39:49.161268Z,5.00,0.1500,0.8500,no
4e13ca86-541c-700f-0311-ffc860e3410f,KXNEXTIRANLEADER-45JAN01-GMOH,2026-03-03T15:30:45.239437Z,11.00,0.1500,0.8500,yes
41aa5bc4-a21f-6dad-91ca-a753199767c1,KXNEXTIRANLEADER-45JAN01-GMOH,2026-03-03T15:30:26.76123Z,294.00,0.1500,0.8500,yes
71bc0b48-68df-4a25-e7a0-1e62eda82619,KXNEXTIRANLEADER-45JAN01-GMOH,2026-03-03T15:29:47.176331Z,207.00,0.1500,0.8500,yes
e7c7c185-aa8f-5025-7b23-9b4f677216d1,KXNEXTIRANLEADER-45JAN01-GMOH,2026-03-03T15:25:26.962814Z,4.00,0.1500,0.8500,yes
aae6bc78-c1e6-5d5e-866c-610306b913cf,KXNEXTIRANLEADER-45JAN01-GMOH,2026-03-03T15:18:17.648392Z,55.00,0.1500,0.8500,no
427b1a78-0b16-5ae8-a785-cec1fdee6c3f,KXNEXTIRANLEADER-45JAN01-GMOH,2026-03-03T15:18:17.648392Z,5.00,0.1500,0.8500,no
60b5e939-531c-73e8-a06a-9b6ddf7c4a1d,KXNEXTIRANLEADER-45JAN01-GMOH,2026-03-03T15:13:43.877797Z,46.00,0.1600,0.8400,yes
30a2c127-52e0-7e05-b433-54c1fdd9b613,KXNEXTIRANLEADER-45JAN01-GMOH,2026-03-03T15:13:43.877797Z,1.00,0.1600,0.8400,yes
fae62500-6824-54ec-477a-5978e31bb669,KXNEXTIRANLEADER-45JAN01-GMOH,2026-03-03T15:10:10.204009Z,6.00,0.1600,0.8400,yes
8065304b-299b-5487-573a-83c2a7ca27f8,KXNEXTIRANLEADER-45JAN01-GMOH,2026-03-03T15:10:10.204009Z,5.00,0.1600,0.8400,yes
9241fd47-ec45-5c07-414c-c51355846d45,KXNEXTIRANLEADER-45JAN01-GMOH,2026-03-03T15:05:34.603763Z,33.00,0.1400,0.8600,no
606b5ef7-ef44-450e-163c-8f40374d2750,KXNEXTIRANLEADER-45JAN01-GMOH,2026-03-03T14:33:27.363074Z,5.00,0.1600,0.8400,yes
11a4a5dd-bf80-4e8f-1ec8-fbc85dd4661d,KXNEXTIRANLEADER-45JAN01-GMOH,2026-03-03T14:33:27.363074Z,24.00,0.1600,0.8400,yes
65a32083-6768-48d8-09f9-67c44b0fd846,KXNEXTIRANLEADER-45JAN01-GMOH,2026-03-03T14:24:17.296409Z,85.00,0.1700,0.8300,yes
5b2f5111-815b-4269-08cb-26f06f69efe5,KXNEXTIRANLEADER-45JAN01-GMOH,2026-03-03T14:24:17.296409Z,3.00,0.1700,0.8300,yes
456bc90b-e483-46eb-1343-c858f06a425c,KXNEXTIRANLEADER-45JAN01-GMOH,2026-03-03T14:24:17.296409Z,4.00,0.1700,0.8300,yes
19000d85-82dc-4cc4-3696-edc3852d4c1e,KXNEXTIRANLEADER-45JAN01-GMOH,2026-03-03T14:24:17.296409Z,144.00,0.1700,0.8300,yes
04dd03a7-60c0-4da4-045d-5f5dd26e59d7,KXNEXTIRANLEADER-45JAN01-GMOH,2026-03-03T14:24:17.296409Z,35.00,0.1700,0.8300,yes
115bab00-cf99-4b6b-2536-d72e0a3bff9d,KXNEXTIRANLEADER-45JAN01-GMOH,2026-03-03T14:13:14.711941Z,131.00,0.1400,0.8600,no
a20f8b45-119d-76b8-231e-16ef85a4ac2c,KXNEXTIRANLEADER-45JAN01-GMOH,2026-03-03T13:58:14.293459Z,346.00,0.1400,0.8600,yes
2515cb7d-037b-76ad-3ebc-6c4d6dc6e8c4,KXNEXTIRANLEADER-45JAN01-GMOH,2026-03-03T13:58:14.293459Z,649.00,0.1400,0.8600,yes
fd18230b-49d5-6f0a-39a8-7c89e3fd387d,KXNEXTIRANLEADER-45JAN01-GMOH,2026-03-03T13:56:22.517112Z,20.00,0.1300,0.8700,no
1c63b11f-2893-63a1-1478-ee7b2217f350,KXNEXTIRANLEADER-45JAN01-GMOH,2026-03-03T13:52:56.745447Z,168.00,0.1400,0.8600,yes
24e2cefc-27a3-41ed-e53a-6e7b58add074,KXNEXTIRANLEADER-45JAN01-GMOH,2026-03-03T13:47:49.958864Z,37.00,0.1400,0.8600,yes
ac272a3f-6e9f-72a1-8235-453b708af0d8,KXNEXTIRANLEADER-45JAN01-GMOH,2026-03-03T13:44:34.532621Z,134.00,0.1400,0.8600,yes
16ca2958-eec3-73a9-9368-9efb0075dd88,KXNEXTIRANLEADER-45JAN01-GMOH,2026-03-03T13:29:34.1649Z,67.00,0.1400,0.8600,yes
403d6480-029f-6df9-1cfa-5e634cdbb558,KXNEXTIRANLEADER-45JAN01-GMOH,2026-03-03T13:28:29.546173Z,802.00,0.1400,0.8600,yes
23446139-6a40-6089-192c-02bc5b9c9338,KXNEXTIRANLEADER-45JAN01-GMOH,2026-03-03T13:28:29.546173Z,151.00,0.1300,0.8700,yes
f505f011-d207-62b1-564f-45d1a862f258,KXNEXTIRANLEADER-45JAN01-GMOH,2026-03-03T13:15:29.290617Z,10.00,0.1400,0.8600,yes
ecc8a4d2-6cde-6b46-c18f-9e2752ad29e4,KXNEXTIRANLEADER-45JAN01-GMOH,2026-03-03T12:53:43.52438Z,69.00,0.1200,0.8800,no
abd903ae-08ad-6c56-d8dd-23ec3f3ac9b0,KXNEXTIRANLEADER-45JAN01-GMOH,2026-03-03T12:53:43.52438Z,65.00,0.1200,0.8800,no
50916528-a2ca-6c57-cb75-150b2647d340,KXNEXTIRANLEADER-45JAN01-GMOH,2026-03-03T12:53:43.52438Z,6.00,0.1200,0.8800,no
48a757f4-9a72-6729-dc8b-90736cfc2112,KXNEXTIRANLEADER-45JAN01-GMOH,2026-03-03T12:53:43.52438Z,4.00,0.1200,0.8800,no
45d5c33e-06f3-653f-f2f0-89a2fa03c077,KXNEXTIRANLEADER-45JAN01-GMOH,2026-03-03T12:53:43.52438Z,255.00,0.1300,0.8700,no
21781bc2-9c94-68ce-c793-11cb9ed5b27d,KXNEXTIRANLEADER-45JAN01-GMOH,2026-03-03T12:53:43.52438Z,8.00,0.1200,0.8800,no
018b6dd7-8b67-669b-e873-a4aa68d87b0f,KXNEXTIRANLEADER-45JAN01-GMOH,2026-03-03T12:53:43.52438Z,20.00,0.1200,0.8800,no
ea62452e-65a7-416d-b539-7fa03efa78d8,KXNEXTIRANLEADER-45JAN01-GMOH,2026-03-03T12:50:17.39301Z,33.00,0.1400,0.8600,yes
260e84ba-ed9b-4955-533c-d4518951f480,KXNEXTIRANLEADER-45JAN01-GMOH,2026-03-03T12:27:37.463899Z,100.00,0.1400,0.8600,yes
f0a3f6ed-f2d1-7bc8-d40e-1d0829759b54,KXNEXTIRANLEADER-45JAN01-GMOH,2026-03-03T11:51:02.177633Z,248.00,0.1500,0.8500,yes
8de29699-2091-4e00-e63e-a700d92762d4,KXNEXTIRANLEADER-45JAN01-GMOH,2026-03-03T11:41:34.637887Z,62.00,0.1500,0.8500,yes
c5aeed41-0f95-479c-929f-ff635f91b530,KXNEXTIRANLEADER-45JAN01-GMOH,2026-03-03T11:40:24.304913Z,125.00,0.1500,0.8500,yes
958d601a-03f5-43fc-2711-555edf6530f0,KXNEXTIRANLEADER-45JAN01-GMOH,2026-03-03T11:36:25.091459Z,125.00,0.1500,0.8500,yes
368bee5f-72ed-4998-0740-49d7d8771d28,KXNEXTIRANLEADER-45JAN01-GMOH,2026-03-03T11:35:10.123445Z,94.00,0.1500,0.8500,yes
5958edf0-718f-71d2-2b20-6703caae5c90,KXNEXTIRANLEADER-45JAN01-GMOH,2026-03-03T11:18:07.305649Z,10.00,0.1500,0.8500,yes
0b0433c9-8ddf-4502-9518-386b6bff8dd8,KXNEXTIRANLEADER-45JAN01-GMOH,2026-03-03T11:17:55.124507Z,10.00,0.1500,0.8500,yes
0f84c0b8-0e4b-540a-36d5-f3bc18fca9f8,KXNEXTIRANLEADER-45JAN01-GMOH,2026-03-03T10:53:22.795731Z,31.00,0.1500,0.8500,yes
ea02d221-9a25-69f4-f516-48233c40e6a3,KXNEXTIRANLEADER-45JAN01-GMOH,2026-03-03T09:38:13.515894Z,60.00,0.1400,0.8600,yes
9b0e796c-b4f0-6434-ee08-177ba6de0b32,KXNEXTIRANLEADER-45JAN01-GMOH,2026-03-03T09:38:13.515894Z,30.00,0.1400,0.8600,yes
27647590-6954-6437-d0a5-4b6ed06942d3,KXNEXTIRANLEADER-45JAN01-GMOH,2026-03-03T09:38:13.515894Z,30.00,0.1400,0.8600,yes
2ca79909-7e25-70c8-5e8c-0d52348aba4f,KXNEXTIRANLEADER-45JAN01-GMOH,2026-03-03T08:46:48.109683Z,134.00,0.1400,0.8600,yes
fd131d93-cc01-591c-6512-0d58bfa124d7,KXNEXTIRANLEADER-45JAN01-GMOH,2026-03-03T08:43:00.108032Z,1.00,0.1400,0.8600,yes
7bcd914b-cd61-5704-3522-296c0dc829bf,KXNEXTIRANLEADER-45JAN01-GMOH,2026-03-03T08:26:45.449051Z,6.00,0.1400,0.8600,yes
947d00a6-bd41-4788-590b-cc19fe37c797,KXNEXTIRANLEADER-45JAN01-GMOH,2026-03-03T08:25:37.268524Z,6.00,0.1400,0.8600,yes
d65db947-3293-78bb-c519-d0e984c6c12b,KXNEXTIRANLEADER-45JAN01-GMOH,2026-03-03T07:33:07.925255Z,4.00,0.1300,0.8700,no
9a65a468-73e5-7004-b579-fb19146d86eb,KXNEXTIRANLEADER-45JAN01-GMOH,2026-03-03T07:26:47.869514Z,6.00,0.1400,0.8600,yes
194b5307-9cd1-6c40-c595-477102a86ab3,KXNEXTIRANLEADER-45JAN01-GMOH,2026-03-03T07:22:13.541991Z,33.00,0.1400,0.8600,yes
bea78239-81fd-7bf0-118d-650e40352a8f,KXNEXTIRANLEADER-45JAN01-GMOH,2026-03-03T06:55:31.830439Z,168.00,0.1400,0.8600,yes
9d5fd8dc-e759-55f0-1f18-2d3ef7533fdf,KXNEXTIRANLEADER-45JAN01-GMOH,2026-03-03T06:36:19.186605Z,33.00,0.1400,0.8600,yes
0fc03511-1261-5ee8-28d2-46ce8c4adde3,KXNEXTIRANLEADER-45JAN01-GMOH,2026-03-03T06:27:39.558434Z,37.00,0.1400,0.8600,yes
6407039c-9fd1-7690-5823-fa7ae9b1581f,KXNEXTIRANLEADER-45JAN01-GMOH,2026-03-03T05:49:05.596104Z,6.00,0.1400,0.8600,yes
64b7ad08-672f-68f3-0dcf-8f1b8dcb258b,KXNEXTIRANLEADER-45JAN01-GMOH,2026-03-03T05:21:58.747163Z,60.00,0.1300,0.8700,no
d92feb7f-06b1-4124-c837-e988644be197,KXNEXTIRANLEADER-45JAN01-GMOH,2026-03-03T04:24:32.045397Z,10.00,0.1400,0.8600,yes
606298ce-fd9b-4f1d-f6d5-6efb30c9f9d5,KXNEXTIRANLEADER-45JAN01-GMOH,2026-03-03T04:24:32.045397Z,146.00,0.1400,0.8600,yes
be05c021-8037-40cd-b84a-a9704ba24fe9,KXNEXTIRANLEADER-45JAN01-GMOH,2026-03-03T04:16:00.322979Z,33.00,0.1400,0.8600,yes
c7a812f5-da83-79c1-069c-c3e503c41a01,KXNEXTIRANLEADER-45JAN01-GMOH,2026-03-03T04:03:25.977206Z,4.00,0.1400,0.8600,yes
97203baf-8457-73b3-28fe-4a58af436349,KXNEXTIRANLEADER-45JAN01-GMOH,2026-03-03T04:03:25.977206Z,8.00,0.1400,0.8600,yes
15de743f-f087-4ec3-1eb4-7ac59eb5038d,KXNEXTIRANLEADER-45JAN01-GMOH,2026-03-03T03:46:07.246386Z,33.00,0.1400,0.8600,yes
93b9e38c-3907-6a17-a4e7-b364edc92043,KXNEXTIRANLEADER-45JAN01-GMOH,2026-03-03T03:44:30.402711Z,93.00,0.1300,0.8700,no
4709b523-7143-4247-9347-cb915f2c99d3,KXNEXTIRANLEADER-45JAN01-GMOH,2026-03-03T03:44:13.087438Z,29.00,0.1300,0.8700,no
d8e40eda-696f-452f-5162-5bc1f583dd49,KXNEXTIRANLEADER-45JAN01-GMOH,2026-03-03T03:41:41.8624Z,13.00,0.1400,0.8600,yes
b209ce40-ad51-6855-c1e7-4d62bc07bea6,KXNEXTIRANLEADER-45JAN01-GMOH,2026-03-03T03:18:06.308113Z,495.00,0.1400,0.8600,yes
8d3001a9-aa2e-63ad-d969-2dc01040c5fd,KXNEXTIRANLEADER-45JAN01-GMOH,2026-03-03T03:18:06.308113Z,30.00,0.1400,0.8600,yes
802815d2-561f-637d-d7c4-5743d4abae48,KXNEXTIRANLEADER-45JAN01-GMOH,2026-03-03T03:18:06.308113Z,20.00,0.1400,0.8600,yes
7c0ef46b-9c7b-66fc-dd0d-b6dccd0c80a0,KXNEXTIRANLEADER-45JAN01-GMOH,2026-03-03T03:18:06.308113Z,30.00,0.1400,0.8600,yes
4eac4674-24b8-63f2-e4d8-7a03a0307a6a,KXNEXTIRANLEADER-45JAN01-GMOH,2026-03-03T03:18:06.308113Z,30.00,0.1400,0.8600,yes
40570fb2-4977-6f3f-dfc8-6248d6a13595,KXNEXTIRANLEADER-45JAN01-GMOH,2026-03-03T03:18:06.308113Z,68.00,0.1400,0.8600,yes
c06a03e9-9e8b-75af-b09a-7c14a0b508af,KXNEXTIRANLEADER-45JAN01-GMOH,2026-03-03T02:56:30.271949Z,10.00,0.1300,0.8700,no
9dad0e8f-3cfb-7ceb-112a-be546cd05393,KXNEXTIRANLEADER-45JAN01-GMOH,2026-03-03T02:48:40.890534Z,79.00,0.1300,0.8700,no
f1fd99ef-bf0f-4167-79d3-81778e7ad27d,KXNEXTIRANLEADER-45JAN01-GMOH,2026-03-03T02:44:14.791719Z,134.00,0.1400,0.8600,yes
6f57acfd-92bf-7083-83dd-62d0b05cb9df,KXNEXTIRANLEADER-45JAN01-GMOH,2026-03-03T02:31:01.216027Z,118.00,0.1300,0.8700,no
257ba943-4eaf-4c63-64b9-877cfcf44b63,KXNEXTIRANLEADER-45JAN01-GMOH,2026-03-03T01:46:08.735494Z,1326.00,0.1300,0.8700,no
238e4d72-34cf-4d03-8af7-551c252de0cf,KXNEXTIRANLEADER-45JAN01-GMOH,2026-03-03T01:30:44.278218Z,21.00,0.1300,0.8700,no
889e4ed7-51c4-6bb1-3676-3860a3bee6b2,KXNEXTIRANLEADER-45JAN01-GMOH,2026-03-03T01:29:51.863872Z,33.00,0.1400,0.8600,yes
906a936d-c58f-6573-47b0-3bb89a85e603,KXNEXTIRANLEADER-45JAN01-GMOH,2026-03-03T01:21:35.572063Z,5.00,0.1300,0.8700,no
d89670a6-948c-5d4d-509d-1472a19bb9b2,KXNEXTIRANLEADER-45JAN01-GMOH,2026-03-03T01:20:04.485938Z,6.00,0.1400,0.8600,yes
e80cf99d-0920-6761-63c4-c47ac703f212,KXNEXTIRANLEADER-45JAN01-GMOH,2026-03-03T00:55:45.95646Z,35.00,0.1400,0.8600,yes
9168b3da-ebae-59c0-0eac-eccdc4ced12c,KXNEXTIRANLEADER-45JAN01-GMOH,2026-03-03T00:42:33.658666Z,40.00,0.1400,0.8600,no
32c4022f-c831-525f-20ee-3684eac6d630,KXNEXTIRANLEADER-45JAN01-GMOH,2026-03-03T00:42:33.658666Z,141.00,0.1400,0.8600,no
34228b7e-7c63-7c86-a37e-99e400bdf404,KXNEXTIRANLEADER-45JAN01-GMOH,2026-03-03T00:32:43.944833Z,210.00,0.1500,0.8500,yes
5348625b-60b7-47ba-5ea4-5877515cda04,KXNEXTIRANLEADER-45JAN01-GMOH,2026-03-03T00:31:43.102909Z,12.00,0.1500,0.8500,yes
f45e7766-06b3-6702-bb64-744b72d07e2c,KXNEXTIRANLEADER-45JAN01-GMOH,2026-03-03T00:23:44.387426Z,12.00,0.1500,0.8500,yes
a7e05ece-02a1-602b-49f1-2e97c9ab12a4,KXNEXTIRANLEADER-45JAN01-GMOH,2026-03-03T00:20:24.33607Z,59.00,0.1400,0.8600,no
162819d9-5dc7-6daa-a047-8bb7897b487c,KXNEXTIRANLEADER-45JAN01-GMOH,2026-03-03T00:19:47.282441Z,31.00,0.1500,0.8500,yes
166d7f22-1273-55d2-0eba-e9f9ff138374,KXNEXTIRANLEADER-45JAN01-GMOH,2026-03-03T00:09:05.678983Z,4.00,0.1500,0.8500,yes
a960039c-004f-7212-73d7-567625d5e5d2,KXNEXTIRANLEADER-45JAN01-GMOH,2026-03-03T00:06:23.498694Z,2000.00,0.1500,0.8500,no
a8b0370d-49cf-7d61-5cf2-5baf8f29652d,KXNEXTIRANLEADER-45JAN01-GMOH,2026-03-03T00:06:23.498694Z,2.00,0.1500,0.8500,no
206f9b58-5342-74a5-5994-9337f8bc4ded,KXNEXTIRANLEADER-45JAN01-GMOH,2026-03-03T00:06:23.498694Z,1568.00,0.1500,0.8500,no
1bb10fb1-0072-7936-4865-628955390875,KXNEXTIRANLEADER-45JAN01-GMOH,2026-03-03T00:06:23.498694Z,315.00,0.1500,0.8500,no
4f34de26-c112-7886-18bc-2447d2aecc0d,KXNEXTIRANLEADER-45JAN01-GMOH,2026-03-02T23:53:18.031411Z,9.00,0.1500,0.8500,no
a4555780-2d0e-4d46-d945-b127a1d4ce5a,KXNEXTIRANLEADER-45JAN01-GMOH,2026-03-02T23:44:37.744695Z,11.00,0.1600,0.8400,yes
b7eb725e-7a4e-56b2-bbcb-de0b1bceb786,KXNEXTIRANLEADER-45JAN01-GMOH,2026-03-02T23:44:08.384154Z,17.00,0.1600,0.8400,yes
8d6d93d1-14ea-6102-79fd-88bd6ba30986,KXNEXTIRANLEADER-45JAN01-GMOH,2026-03-02T23:26:57.847295Z,5.00,0.1600,0.8400,yes
d00ad683-22da-6f9e-c005-bdeedffbbe22,KXNEXTIRANLEADER-45JAN01-GMOH,2026-03-02T23:02:27.167781Z,3.00,0.1600,0.8400,yes
fd5f5f94-51e2-70e2-b7a6-9d85ced5b866,KXNEXTIRANLEADER-45JAN01-GMOH,2026-03-02T23:00:03.010884Z,12.00,0.1600,0.8400,yes
4f07d339-5b96-59ae-1a96-a11912f82506,KXNEXTIRANLEADER-45JAN01-GMOH,2026-03-02T22:59:20.991862Z,2.00,0.1600,0.8400,yes
5c3f6c6f-2a67-4ec0-e556-c795f10851e1,KXNEXTIRANLEADER-45JAN01-GMOH,2026-03-02T22:43:31.057623Z,1.00,0.1500,0.8500,no
4d7f3c0a-3f39-4b67-e96c-bb56d8f6bd0d,KXNEXTIRANLEADER-45JAN01-GMOH,2026-03-02T22:43:31.057623Z,107.00,0.1500,0.8500,no
1a48218a-81c2-4522-eef3-c4766629c471,KXNEXTIRANLEADER-45JAN01-GMOH,2026-03-02T22:43:31.057623Z,69.00,0.1500,0.8500,no
7ff62ceb-f9d6-4f9e-3d2b-094b515c9312,KXNEXTIRANLEADER-45JAN01-GMOH,2026-03-02T22:43:29.461629Z,59.00,0.1600,0.8400,yes
70347784-330a-5296-bdbf-5214b8d9a9fa,KXNEXTIRANLEADER-45JAN01-GMOH,2026-03-02T22:31:36.675449Z,12.00,0.1600,0.8400,yes
dd14e6b7-2d56-6a62-56aa-be2f8f286432,KXNEXTIRANLEADER-45JAN01-GMOH,2026-03-02T22:30:58.245951Z,5.00,0.1600,0.8400,yes
f6a7bcc3-0dc7-7fa8-cd4c-e269728ded3c,KXNEXTIRANLEADER-45JAN01-GMOH,2026-03-02T22:27:56.805705Z,300.00,0.1600,0.8400,yes
6709ee84-458a-74d6-e4c5-61c950e6d32e,KXNEXTIRANLEADER-45JAN01-GMOH,2026-03-02T22:27:56.805705Z,265.00,0.1600,0.8400,yes
59843fa9-7b98-76a2-d0aa-862df8941b23,KXNEXTIRANLEADER-45JAN01-GMOH,2026-03-02T22:27:56.805705Z,320.00,0.1600,0.8400,yes
8d000193-2f4c-6952-43a4-340a5df69acf,KXNEXTIRANLEADER-45JAN01-GMOH,2026-03-02T22:26:24.895922Z,29.00,0.1600,0.8400,yes
861650d8-8918-65f2-e698-888df6cd37a3,KXNEXTIRANLEADER-45JAN01-GMOH,2026-03-02T22:25:28.419679Z,17.00,0.1600,0.8400,yes
3d0aab92-5050-6122-d5d9-13e85a962aaf,KXNEXTIRANLEADER-45JAN01-GMOH,2026-03-02T22:24:41.071485Z,59.00,0.1600,0.8400,yes
9adf7cd0-8f0d-420f-7da5-e67502d75d7d,KXNEXTIRANLEADER-45JAN01-GMOH,2026-03-02T22:23:07.805185Z,2.00,0.1500,0.8500,no
91ec6998-34f8-7142-c2b9-8a6f691a3e07,KXNEXTIRANLEADER-45JAN01-GMOH,2026-03-02T22:20:00.703484Z,29.00,0.1600,0.8400,yes
09f56314-c4a9-7ccf-1e8a-652ed969d759,KXNEXTIRANLEADER-45JAN01-GMOH,2026-03-02T22:18:11.541913Z,134.00,0.1500,0.8500,no
892bcf83-a014-537a-e463-733a43d9e4bb,KXNEXTIRANLEADER-45JAN01-GMOH,2026-03-02T22:15:29.657466Z,46.00,0.1600,0.8400,yes
16cfd61f-8d93-54da-ee28-d2a45d322de1,KXNEXTIRANLEADER-45JAN01-GMOH,2026-03-02T22:15:29.657466Z,42.00,0.1600,0.8400,yes
f1bb4f1b-9c3b-4792-14a7-3ce66dbe32c1,KXNEXTIRANLEADER-45JAN01-GMOH,2026-03-02T22:15:08.853688Z,377.00,0.1600,0.8400,yes
6eb5fc12-f4b3-559a-8dac-5e8e8280ab05,KXNEXTIRANLEADER-45JAN01-GMOH,2026-03-02T22:12:51.902536Z,59.00,0.1600,0.8400,yes
f1262775-8863-7702-ba41-75af986fc78d,KXNEXTIRANLEADER-45JAN01-GMOH,2026-03-02T22:12:42.587264Z,1.00,0.1600,0.8400,yes
cb6c1560-9e36-532b-4d4e-51f4ca8148f6,KXNEXTIRANLEADER-45JAN01-GMOH,2026-03-02T22:11:22.472431Z,97.00,0.1600,0.8400,yes
cab35f91-96d3-5ac2-7116-0e519b321ae1,KXNEXTIRANLEADER-45JAN01-GMOH,2026-03-02T22:11:22.472431Z,21.00,0.1600,0.8400,yes
4c0c6e89-c21e-79f3-eac0-ce8b6bafd88e,KXNEXTIRANLEADER-45JAN01-GMOH,2026-03-02T22:07:44.069261Z,29.00,0.1600,0.8400,yes
697e4afd-42ce-4d1b-420c-618904e17b06,KXNEXTIRANLEADER-45JAN01-GMOH,2026-03-02T22:07:38.631563Z,32.00,0.1600,0.8400,yes
f63cd246-b046-4ea3-05cd-e8e28e937b42,KXNEXTIRANLEADER-45JAN01-GMOH,2026-03-02T22:07:18.042208Z,29.00,0.1600,0.8400,yes
6fddc7fb-971e-7d3b-7ca0-4f546c39eb46,KXNEXTIRANLEADER-45JAN01-GMOH,2026-03-02T22:06:16.842959Z,11.00,0.1600,0.8400,yes
38b18cc6-82c2-6ef3-86e9-dddee5095786,KXNEXTIRANLEADER-45JAN01-GMOH,2026-03-02T22:04:38.981333Z,5.00,0.1600,0.8400,yes
a2927fe2-15b6-5117-dd18-af4301f5498e,KXNEXTIRANLEADER-45JAN01-GMOH,2026-03-02T22:04:31.667346Z,29.00,0.1600,0.8400,yes
1f583b26-14fa-7c87-ecce-d153dacf649e,KXNEXTIRANLEADER-45JAN01-GMOH,2026-03-02T22:01:51.740249Z,118.00,0.1600,0.8400,yes
c4315796-26be-58e7-859a-c0bab6d04c4a,KXNEXTIRANLEADER-45JAN01-GMOH,2026-03-02T21:57:26.573511Z,17.00,0.1600,0.8400,yes
10256c29-0a32-4313-bf2d-be48f7b7276e,KXNEXTIRANLEADER-45JAN01-GMOH,2026-03-02T21:55:26.385408Z,295.00,0.1600,0.8400,yes
72031f4f-eb16-7203-68e2-7cf405739e62,KXNEXTIRANLEADER-45JAN01-GMOH,2026-03-02T21:54:03.652959Z,29.00,0.1600,0.8400,yes
5ea7181b-e82a-510f-3d3a-1d03f0e325e6,KXNEXTIRANLEADER-45JAN01-GMOH,2026-03-02T21:52:48.681546Z,150.00,0.1600,0.8400,yes
adedacfa-4a02-75ef-15e6-8bd542cbddee,KXNEXTIRANLEADER-45JAN01-GMOH,2026-03-02T21:51:48.986445Z,4.00,0.1600,0.8400,yes
bb97069e-9f84-6317-c257-af9c49ac2e70,KXNEXTIRANLEADER-45JAN01-GMOH,2026-03-02T21:51:39.217272Z,375.00,0.1600,0.8400,yes
a85f5b03-8b96-6067-ecbf-2b6333c8ca3a,KXNEXTIRANLEADER-45JAN01-GMOH,2026-03-02T21:51:39.217272Z,155.00,0.1600,0.8400,yes
9227d451-37ec-632b-d0fc-1ca37720ba8f,KXNEXTIRANLEADER-45JAN01-GMOH,2026-03-02T21:51:39.217272Z,609.00,0.1600,0.8400,yes
a94ec0ee-e900-4923-f6cd-2e6bdb259567,KXNEXTIRANLEADER-45JAN01-GMOH,2026-03-02T21:51:02.828937Z,11.00,0.1600,0.8400,yes
8b29185a-c8b5-7117-a06e-b1a89ae298bc,KXNEXTIRANLEADER-45JAN01-GMOH,2026-03-02T21:50:54.808258Z,1000.00,0.1600,0.8400,yes
73b53edf-bd8e-7b64-a59a-c5a7412560f8,KXNEXTIRANLEADER-45JAN01-GMOH,2026-03-02T21:50:54.808258Z,88.00,0.1600,0.8400,yes
5071a5f8-5e30-794b-9fc4-f58933989323,KXNEXTIRANLEADER-45JAN01-GMOH,2026-03-02T21:50:54.808258Z,380.00,0.1600,0.8400,yes
24ee1a04-deb9-703f-bd54-7672529f110b,KXNEXTIRANLEADER-45JAN01-GMOH,2026-03-02T21:50:54.808258Z,7.00,0.1600,0.8400,yes
27442935-ddb2-7998-eb80-167d4fd47378,KXNEXTIRANLEADER-45JAN01-GMOH,2026-03-02T21:48:46.234337Z,236.00,0.1600,0.8400,yes
e9eadfd6-b132-7c04-16a7-f496faae23ec,KXNEXTIRANLEADER-45JAN01-GMOH,2026-03-02T21:46:00.7162Z,9.00,0.1600,0.8400,yes
dc4b491f-c39a-70e0-255b-6cb3d2a325b8,KXNEXTIRANLEADER-45JAN01-GMOH,2026-03-02T21:39:43.039324Z,25.00,0.1600,0.8400,yes
6de8be9a-c1c6-675c-aefb-f76540ef804c,KXNEXTIRANLEADER-45JAN01-GMOH,2026-03-02T21:33:23.218432Z,53.00,0.1600,0.8400,yes
9de04150-09f6-403c-b6d6-cc2013747970,KXNEXTIRANLEADER-45JAN01-GMOH,2026-03-02T21:25:49.374374Z,118.00,0.1600,0.8400,yes
68a5c073-f7ea-5fc0-4e71-f16e622f6530,KXNEXTIRANLEADER-45JAN01-GMOH,2026-03-02T21:24:38.668345Z,471.00,0.1600,0.8400,yes
0862a429-e6e2-5156-633f-8ee3bbf8ff18,KXNEXTIRANLEADER-45JAN01-GMOH,2026-03-02T21:24:38.668345Z,532.00,0.1600,0.8400,yes
025e994a-826e-46d2-3bae-03160dbc515c,KXNEXTIRANLEADER-45JAN01-GMOH,2026-03-02T21:20:01.456592Z,59.00,0.1600,0.8400,yes
bbe3eceb-cc02-445a-c7d1-f56e7ab42ed0,KXNEXTIRANLEADER-45JAN01-GMOH,2026-03-02T21:17:41.449871Z,59.00,0.1600,0.8400,yes
2fb887eb-ef86-43fa-9a54-511f7e55a690,KXNEXTIRANLEADER-45JAN01-GMOH,2026-03-02T21:16:56.380462Z,28.00,0.1600,0.8400,yes
6f0c21b6-dfca-783a-713c-a89cb4fd9e38,KXNEXTIRANLEADER-45JAN01-GMOH,2026-03-02T21:07:49.157433Z,55.00,0.1600,0.8400,yes
8117c637-728a-55d6-7e98-b2d3d36e00f0,KXNEXTIRANLEADER-45JAN01-GMOH,2026-03-02T21:02:52.688292Z,17.00,0.1600,0.8400,yes
e4fe72b1-77de-49ce-4a83-165ac346be84,KXNEXTIRANLEADER-45JAN01-GMOH,2026-03-02T20:52:43.966242Z,10.00,0.1600,0.8400,yes
121b8639-6b26-6f16-430f-20aaac06ed98,KXNEXTIRANLEADER-45JAN01-GMOH,2026-03-02T20:48:16.945871Z,590.00,0.1600,0.8400,yes
d37b939d-437e-5c2e-f24d-c033ee02f6ec,KXNEXTIRANLEADER-45JAN01-GMOH,2026-03-02T20:43:19.940524Z,19.00,0.1600,0.8400,yes
8819b671-4cf2-4a2e-46bb-c10996b1d844,KXNEXTIRANLEADER-45JAN01-GMOH,2026-03-02T20:43:03.978525Z,5.00,0.1600,0.8400,yes
c164bbf9-3cfd-7caf-128d-abbe52ce4231,KXNEXTIRANLEADER-45JAN01-GMOH,2026-03-02T20:38:37.731903Z,156.00,0.1500,0.8500,no
96ffc111-9056-73ca-db37-1e3f3017f7c8,KXNEXTIRANLEADER-45JAN01-GMOH,2026-03-02T20:36:56.286145Z,1305.00,0.1600,0.8400,yes
12ece914-9c9e-4592-d006-c02096b1eaec,KXNEXTIRANLEADER-45JAN01-GMOH,2026-03-02T20:36:44.881058Z,5.00,0.1600,0.8400,yes
82caee4d-2ad2-51e6-1542-cd662cec1dc4,KXNEXTIRANLEADER-45JAN01-GMOH,2026-03-02T20:34:18.575335Z,5.00,0.1600,0.8400,yes
e399e790-b412-6c7a-61e8-76d064a0bd6c,KXNEXTIRANLEADER-45JAN01-GMOH,2026-03-02T20:34:12.582462Z,4.00,0.1600,0.8400,yes
3267b792-6912-5fd2-36f6-e5383645474c,KXNEXTIRANLEADER-45JAN01-GMOH,2026-03-02T20:33:50.353384Z,14.00,0.1600,0.8400,yes
0355325f-b40e-4dfa-8dd7-d11fd93e85cc,KXNEXTIRANLEADER-45JAN01-GMOH,2026-03-02T20:25:53.650783Z,88.00,0.1600,0.8400,yes
2a5a05a6-c31e-5646-1369-ebdc1ae3a944,KXNEXTIRANLEADER-45JAN01-GMOH,2026-03-02T20:23:41.419589Z,11.00,0.1600,0.8400,yes
f7919b44-39ab-6145-d835-5af104cb04de,KXNEXTIRANLEADER-45JAN01-GMOH,2026-03-02T20:15:00.320961Z,56.00,0.1600,0.8400,yes
2a56f76a-2d6a-60fe-e1d5-41d283e29828,KXNEXTIRANLEADER-45JAN01-GMOH,2026-03-02T20:15:00.320961Z,194.00,0.1600,0.8400,yes
e6512774-1f21-4683-d03e-c3b62a330bc5,KXNEXTIRANLEADER-45JAN01-GMOH,2026-03-02T20:06:31.019984Z,10.00,0.1500,0.8500,no
91639b2e-7257-737d-65da-599077ef5c7a,KXNEXTIRANLEADER-45JAN01-GMOH,2026-03-02T20:05:45.398568Z,111.00,0.1600,0.8400,yes
b1ca2e1b-ec4f-7c2d-6f67-c6347b4280e6,KXNEXTIRANLEADER-45JAN01-GMOH,2026-03-02T19:56:33.774501Z,17.00,0.1600,0.8400,yes
16a84310-88c9-6337-46cd-e4613b2d8879,KXNEXTIRANLEADER-45JAN01-GMOH,2026-03-02T19:55:37.79053Z,352.00,0.1500,0.8500,no
c1777604-80ff-5151-4d5d-850862969a1a,KXNEXTIRANLEADER-45JAN01-GMOH,2026-03-02T19:53:44.316526Z,11.00,0.1600,0.8400,yes
954e8798-aecf-49c1-52ec-1b8c2518bf42,KXNEXTIRANLEADER-45JAN01-GMOH,2026-03-02T19:44:43.18709Z,29.00,0.1600,0.8400,yes
55569fd7-c9f7-6131-398a-b55cd8a5a832,KXNEXTIRANLEADER-45JAN01-GMOH,2026-03-02T19:40:02.633575Z,29.00,0.1600,0.8400,yes
4fe468c4-b1eb-4971-7223-94aeda0cb58e,KXNEXTIRANLEADER-45JAN01-GMOH,2026-03-02T19:35:38.809977Z,2.00,0.1600,0.8400,yes
fac47e4c-c34b-65ed-8220-2a7268d5387a,KXNEXTIRANLEADER-45JAN01-GMOH,2026-03-02T19:29:14.374999Z,1800.00,0.1600,0.8400,yes
d9a36be2-5d39-7073-c8cb-668658653bc1,KXNEXTIRANLEADER-45JAN01-GMOH,2026-03-02T19:24:33.217984Z,25.00,0.1500,0.8500,no
301b7747-6e17-63f1-277b-a85e96cca00a,KXNEXTIRANLEADER-45JAN01-GMOH,2026-03-02T19:24:22.65964Z,175.00,0.1600,0.8400,yes
4b5d18e5-16d1-70a3-61af-6df84b7b6aad,KXNEXTIRANLEADER-45JAN01-GMOH,2026-03-02T19:19:56.437264Z,5.00,0.1500,0.8500,no
23ca6a23-e4c5-4ad3-02c7-636904170911,KXNEXTIRANLEADER-45JAN01-GMOH,2026-03-02T19:14:40.570508Z,42.00,0.1500,0.8500,no
79fe0e27-70f3-5cb5-4126-83ec959c23ee,KXNEXTIRANLEADER-45JAN01-GMOH,2026-03-02T19:14:20.414595Z,1.00,0.1600,0.8400,yes
99d1067b-b833-6439-5c54-934ca71e5402,KXNEXTIRANLEADER-45JAN01-GMOH,2026-03-02T19:12:57.533176Z,29.00,0.1600,0.8400,yes
d688775f-26fd-494f-90ea-d0e70d2068b5,KXNEXTIRANLEADER-45JAN01-GMOH,2026-03-02T19:10:31.650253Z,10.00,0.1500,0.8500,no
793690d2-8327-4245-0cdf-a2981c68b20a,KXNEXTIRANLEADER-45JAN01-GMOH,2026-03-02T19:06:31.65526Z,29.00,0.1600,0.8400,yes
8ae4cc2b-693b-65dd-cbcc-af0290e4cb92,KXNEXTIRANLEADER-45JAN01-GMOH,2026-03-02T19:01:18.767448Z,29.00,0.1600,0.8400,yes
bf2205ff-9b0f-58f9-81a6-209f509c336e,KXNEXTIRANLEADER-45JAN01-GMOH,2026-03-02T18:58:50.328395Z,177.00,0.1600,0.8400,yes
a38ba8c8-e6e7-64c1-40f6-875dcd5083fe,KXNEXTIRANLEADER-45JAN01-GMOH,2026-03-02T18:58:18.539056Z,147.00,0.1600,0.8400,yes
57ce4fd3-9977-7ae9-5110-18354e577c76,KXNEXTIRANLEADER-45JAN01-GMOH,2026-03-02T18:48:09.507148Z,324.00,0.1600,0.8400,yes
da8735b9-c20b-7ed6-7d03-1227b496c03e,KXNEXTIRANLEADER-45JAN01-GMOH,2026-03-02T18:47:27.617508Z,57.00,0.1600,0.8400,yes
60535c9c-7763-77d5-7876-f30dbbad3f42,KXNEXTIRANLEADER-45JAN01-GMOH,2026-03-02T18:47:27.617508Z,34.00,0.1600,0.8400,yes
f8f0d86a-350b-70fe-e4ad-f96298c15672,KXNEXTIRANLEADER-45JAN01-GMOH,2026-03-02T18:46:47.676256Z,29.00,0.1600,0.8400,yes
f6472b4a-0f0f-4eaa-ade7-e39becf91446,KXNEXTIRANLEADER-45JAN01-GMOH,2026-03-02T18:43:13.06656Z,289.00,0.1600,0.8400,yes
49780cf5-b27b-46c0-b5a1-83215b16a1d3,KXNEXTIRANLEADER-45JAN01-GMOH,2026-03-02T18:43:13.06656Z,6.00,0.1600,0.8400,yes
8c899741-09d3-6220-50d1-fbdad3ae3077,KXNEXTIRANLEADER-45JAN01-GMOH,2026-03-02T18:40:45.362908Z,21.00,0.1600,0.8400,yes
300013eb-347f-6f1c-e0b1-79a2120f344b,KXNEXTIRANLEADER-45JAN01-GMOH,2026-03-02T18:40:38.452451Z,59.00,0.1600,0.8400,yes
3e0209c8-7383-7dd4-346f-90860640fb47,KXNEXTIRANLEADER-45JAN01-GMOH,2026-03-02T18:38:35.0648Z,5.00,0.1600,0.8400,yes
09d72a92-d321-444b-9a90-f41e2fbb97a9,KXNEXTIRANLEADER-45JAN01-GMOH,2026-03-02T18:27:40.427482Z,10.00,0.1500,0.8500,no
b8daa76e-47eb-67ec-5d35-9a95345aa7bb,KXNEXTIRANLEADER-45JAN01-GMOH,2026-03-02T18:27:26.034902Z,236.00,0.1600,0.8400,yes
6014058a-cfb3-5e1c-0a4e-b817cf703133,KXNEXTIRANLEADER-45JAN01-GMOH,2026-03-02T18:26:14.833766Z,147.00,0.1600,0.8400,yes
fa9d690d-f1d1-6557-9b1f-d1463b9ee62d,KXNEXTIRANLEADER-45JAN01-GMOH,2026-03-02T18:17:38.539969Z,10.00,0.1500,0.8500,no
a908efb3-2c3f-59fc-3b9f-915fa9f7279f,KXNEXTIRANLEADER-45JAN01-GMOH,2026-03-02T18:16:16.566605Z,1109.00,0.1600,0.8400,yes
92eee9ab-9993-699c-1518-f2725d01ec4b,KXNEXTIRANLEADER-45JAN01-GMOH,2026-03-02T18:15:51.661678Z,590.00,0.1600,0.8400,yes
89a60700-0607-5314-b9a1-e9e2556aaefb,KXNEXTIRANLEADER-45JAN01-GMOH,2026-03-02T18:11:27.024001Z,59.00,0.1600,0.8400,yes
63a90d97-4f0f-63e4-ed4b-b942960f310b,KXNEXTIRANLEADER-45JAN01-GMOH,2026-03-02T18:07:39.02503Z,88.00,0.1600,0.8400,yes
c59f8db9-9323-407c-2e1b-4f9b65ec803b,KXNEXTIRANLEADER-45JAN01-GMOH,2026-03-02T18:02:25.839987Z,295.00,0.1600,0.8400,yes
aba254aa-f29f-6418-c9a1-903e31b4e76b,KXNEXTIRANLEADER-45JAN01-GMOH,2026-03-02T17:58:31.086232Z,94.00,0.1600,0.8400,yes
1fb15315-3945-6e77-abc2-6ffc21563a15,KXNEXTIRANLEADER-45JAN01-GMOH,2026-03-02T17:57:38.558115Z,10.00,0.1500,0.8500,no
7353778f-260b-778c-1b0e-a7fa9f8f8b1f,KXNEXTIRANLEADER-45JAN01-GMOH,2026-03-02T17:52:46.178787Z,118.00,0.1600,0.8400,yes
b33db07d-de93-6ad4-8aa3-bb4261b2bc67,KXNEXTIRANLEADER-45JAN01-GMOH,2026-03-02T17:49:08.589846Z,55.00,0.1600,0.8400,yes
70798d21-d23f-46f0-d06d-44111de4537f,KXNEXTIRANLEADER-45JAN01-GMOH,2026-03-02T17:47:38.891617Z,1000.00,0.1600,0.8400,yes
9ba69027-0273-4ce8-32d0-3dbc612d3f6b,KXNEXTIRANLEADER-45JAN01-GMOH,2026-03-02T17:46:01.296368Z,29.00,0.1600,0.8400,yes
111c299f-5357-7ffc-48c1-3cbcc97dc08f,KXNEXTIRANLEADER-45JAN01-GMOH,2026-03-02T17:43:57.59066Z,29.00,0.1600,0.8400,yes
019e34c7-661b-46dc-5db6-c138c1cfd2db,KXNEXTIRANLEADER-45JAN01-GMOH,2026-03-02T17:43:27.140769Z,27.00,0.1600,0.8400,yes
d458dbef-37fd-52cf-b594-cf7340f7e275,KXNEXTIRANLEADER-45JAN01-GMOH,2026-03-02T17:37:35.977273Z,10.00,0.1500,0.8500,no
6c517e20-9393-7768-268c-67ebf6bb619b,KXNEXTIRANLEADER-45JAN01-GMOH,2026-03-02T17:36:33.9333Z,50.00,0.1600,0.8400,yes
9c18f8ec-022c-4dcf-a784-d8b675e12a3d,KXNEXTIRANLEADER-45JAN01-GMOH,2026-03-02T17:35:47.47494Z,289.00,0.1700,0.8300,yes
12a15499-42d8-5ec3-39ac-07e80b019cc9,KXNEXTIRANLEADER-45JAN01-GMOH,2026-03-02T17:35:15.706797Z,1000.00,0.1700,0.8300,yes
b3965200-7825-5b8b-dc7a-7dbbf7793bfd,KXNEXTIRANLEADER-45JAN01-GMOH,2026-03-02T17:31:55.508519Z,117.00,0.1500,0.8500,no
9ae57be8-8772-7842-815e-2aebfe7a0c77,KXNEXTIRANLEADER-45JAN01-GMOH,2026-03-02T17:30:55.143714Z,24.00,0.1600,0.8400,yes
568aa370-91f3-7860-bbe8-e2e25750315a,KXNEXTIRANLEADER-45JAN01-GMOH,2026-03-02T17:30:55.143714Z,5.00,0.1500,0.8500,yes
2f961e0c-5a91-6a39-e9b2-cafc40581cf1,KXNEXTIRANLEADER-45JAN01-GMOH,2026-03-02T17:24:16.640475Z,93.00,0.1400,0.8600,no
d9ecc3a4-a9fd-5f10-52fd-2338e544893d,KXNEXTIRANLEADER-45JAN01-GMOH,2026-03-02T17:20:23.317781Z,5.00,0.1700,0.8300,yes
3d675ef4-afa0-73b3-3192-7e6e3e8950b9,KXNEXTIRANLEADER-45JAN01-GMOH,2026-03-02T17:16:11.332001Z,1480.00,0.1800,0.8200,yes
0fdc5a34-1d38-7459-3469-881820fbe46e,KXNEXTIRANLEADER-45JAN01-GMOH,2026-03-02T17:16:11.332001Z,20.00,0.1800,0.8200,yes
dc5fc32c-383a-66e4-9e72-470d0992c2ec,KXNEXTIRANLEADER-45JAN01-GMOH,2026-03-02T17:11:36.344821Z,25.00,0.1900,0.8100,yes
fbc8c707-b6c8-68d4-df99-379686223771,KXNEXTIRANLEADER-45JAN01-GMOH,2026-03-02T17:10:46.696313Z,50.00,0.1900,0.8100,yes
be23905d-fb41-628e-d9f1-e06937af03dd,KXNEXTIRANLEADER-45JAN01-GMOH,2026-03-02T17:10:46.696313Z,40.00,0.1800,0.8200,yes
aa14a0e0-3926-63f0-eed1-68cbf7afe6c0,KXNEXTIRANLEADER-45JAN01-GMOH,2026-03-02T17:10:46.696313Z,17.00,0.1900,0.8100,yes
7d84885b-1178-6261-c96d-da54ef333ef8,KXNEXTIRANLEADER-45JAN01-GMOH,2026-03-02T17:10:46.696313Z,17.00,0.1500,0.8500,yes
181c06ca-d414-692d-de31-34501ab66af8,KXNEXTIRANLEADER-45JAN01-GMOH,2026-03-02T17:03:55.417718Z,6.00,0.1500,0.8500,yes
b7762f22-53e4-7249-cf16-1c97ee8008b4,KXNEXTIRANLEADER-45JAN01-GMOH,2026-03-02T16:59:19.707723Z,471.00,0.1500,0.8500,yes
2d545e1b-5e70-4471-9f20-1f7ed3480cd8,KXNEXTIRANLEADER-45JAN01-GMOH,2026-03-02T16:48:03.804834Z,6.00,0.1500,0.8500,yes
b01a3eba-036e-693a-7370-822d28e0ec03,KXNEXTIRANLEADER-45JAN01-GMOH,2026-03-02T16:39:25.841654Z,20.00,0.1400,0.8600,yes
a1dd2780-2a5b-5bbb-6283-d8384d3ebd7b,KXNEXTIRANLEADER-45JAN01-GMOH,2026-03-02T16:38:00.283628Z,15.00,0.1300,0.8700,no
55d92864-5963-7ceb-cc8d-0c4c26c6be43,KXNEXTIRANLEADER-45JAN01-GMOH,2026-03-02T16:37:46.572654Z,8.00,0.1300,0.8700,no
22b68b4f-7f6d-45f0-2408-69f2c4363e5d,KXNEXTIRANLEADER-45JAN01-GMOH,2026-03-02T16:30:14.377161Z,100.00,0.1400,0.8600,no
613cc953-a8f4-6803-0c90-a4c4220351e5,KXNEXTIRANLEADER-45JAN01-GMOH,2026-03-02T16:17:06.374965Z,368.00,0.1400,0.8600,yes
4a1fcf35-f3ef-65f4-2871-6f87ed85aacc,KXNEXTIRANLEADER-45JAN01-GMOH,2026-03-02T16:17:06.374965Z,132.00,0.1400,0.8600,yes
f0d279cb-e848-7bcb-5534-849213e290a5,KXNEXTIRANLEADER-45JAN01-GMOH,2026-03-02T16:16:53.665624Z,500.00,0.1400,0.8600,yes
830948ee-1968-4557-7de2-fcfcc6b23025,KXNEXTIRANLEADER-45JAN01-GMOH,2026-03-02T16:16:28.689207Z,5.00,0.1400,0.8600,yes
1bafbe37-22f3-441f-1f17-ee4b50ce7413,KXNEXTIRANLEADER-45JAN01-GMOH,2026-03-02T16:10:55.303209Z,156.00,0.1300,0.8700,no
53f5102b-09c8-4893-4759-94e04f574501,KXNEXTIRANLEADER-45JAN01-GMOH,2026-03-02T16:08:25.015383Z,800.00,0.1400,0.8600,yes
234c02cb-c308-7517-378e-9492a65adb89,KXNEXTIRANLEADER-45JAN01-GMOH,2026-03-02T16:08:00.859551Z,1684.00,0.1400,0.8600,yes
787ef5b8-6908-7f9f-4713-703ebbe9d6c9,KXNEXTIRANLEADER-45JAN01-GMOH,2026-03-02T16:07:13.743504Z,356.00,0.1400,0.8600,yes
48747f5a-287d-71d3-7712-e44382e5676d,KXNEXTIRANLEADER-45JAN01-GMOH,2026-03-02T16:07:13.743504Z,1444.00,0.1400,0.8600,yes
b376e9fe-ed69-58fb-54b6-36c0e712acc1,KXNEXTIRANLEADER-45JAN01-GMOH,2026-03-02T16:05:58.538926Z,56.00,0.1400,0.8600,yes
04648548-3f4f-57ac-6a8b-5262b49f0acf,KXNEXTIRANLEADER-45JAN01-GMOH,2026-03-02T16:05:58.538926Z,4.00,0.1400,0.8600,yes
e4d8ef67-3c7e-4c53-0a18-8d15c065fa2f,KXNEXTIRANLEADER-45JAN01-GMOH,2026-03-02T16:05:54.235553Z,12.00,0.1300,0.8700,yes
2cc6c0c5-e248-4bf4-1194-794bdeb6344d,KXNEXTIRANLEADER-45JAN01-GMOH,2026-03-02T16:05:54.235553Z,5.00,0.1300,0.8700,yes
2b189a8e-f9cd-5cbf-9df4-b8f22e25cff9,KXNEXTIRANLEADER-45JAN01-GMOH,2026-03-02T16:03:43.599652Z,1.00,0.1200,0.8800,yes
c4fb2d84-9eea-406b-d737-d828d3b4c9b5,KXNEXTIRANLEADER-45JAN01-GMOH,2026-03-02T15:42:49.961389Z,50.00,0.1200,0.8800,yes
1682f106-b896-6ccd-be79-ba054cb35e25,KXNEXTIRANLEADER-45JAN01-GMOH,2026-03-02T15:36:51.182351Z,7.00,0.1300,0.8700,yes
900a393c-7ea8-7a03-2f11-dd589df45c45,KXNEXTIRANLEADER-45JAN01-GMOH,2026-03-02T15:36:09.962528Z,1.00,0.1200,0.8800,yes
6d710fce-9ff7-750d-2f7c-849387c722b6,KXNEXTIRANLEADER-45JAN01-GMOH,2026-03-02T15:36:09.962528Z,12.00,0.1200,0.8800,yes
fe82ed41-af4c-66d6-8f1e-e706daefe104,KXNEXTIRANLEADER-45JAN01-GMOH,2026-03-02T15:22:53.102229Z,909.00,0.1100,0.8900,yes
eae1851a-1c32-6be5-8a02-c6f9083b8a35,KXNEXTIRANLEADER-45JAN01-GMOH,2026-03-02T15:22:53.102229Z,520.00,0.1300,0.8700,yes
d4121ee9-0d61-64c1-8c86-5e202eb0200f,KXNEXTIRANLEADER-45JAN01-GMOH,2026-03-02T15:22:53.102229Z,125.00,0.1100,0.8900,yes
b98f88d3-c56a-63ca-980f-edb8e4842e06,KXNEXTIRANLEADER-45JAN01-GMOH,2026-03-02T15:22:53.102229Z,375.00,0.1100,0.8900,yes
93165a38-7c85-6ac4-8abd-4384aa961a07,KXNEXTIRANLEADER-45JAN01-GMOH,2026-03-02T15:22:53.102229Z,39.00,0.1000,0.9000,yes
87f78ca5-42d8-6e1e-a632-ef8b4db0ba53,KXNEXTIRANLEADER-45JAN01-GMOH,2026-03-02T15:22:53.102229Z,614.00,0.1100,0.8900,yes
3a69b360-1ac1-65cd-8251-daca7877dad6,KXNEXTIRANLEADER-45JAN01-GMOH,2026-03-02T15:22:53.102229Z,2001.00,0.1200,0.8800,yes
2975d9c2-84bc-6e0d-ba39-e012c10802f5,KXNEXTIRANLEADER-45JAN01-GMOH,2026-03-02T15:22:53.102229Z,113.00,0.1200,0.8800,yes
1200bd63-6e38-6a5a-ba0e-8c22152f8f78,KXNEXTIRANLEADER-45JAN01-GMOH,2026-03-02T15:22:53.102229Z,47.00,0.1200,0.8800,yes
bef8b2b6-e744-5608-30c8-4ac207919725,KXNEXTIRANLEADER-45JAN01-GMOH,2026-03-02T15:20:46.976893Z,32.00,0.0900,0.9100,yes
b258c04e-4e17-54ad-0f85-c1d22baa279a,KXNEXTIRANLEADER-45JAN01-GMOH,2026-03-02T15:20:46.976893Z,50.00,0.1000,0.9000,yes
a21bb025-d714-5596-147f-beaff47998df,KXNEXTIRANLEADER-45JAN01-GMOH,2026-03-02T15:20:46.976893Z,1676.00,0.1100,0.8900,yes
1d885b7d-f476-5f39-1cad-9a7d7bd87464,KXNEXTIRANLEADER-45JAN01-GMOH,2026-03-02T15:20:46.976893Z,42.00,0.1000,0.9000,yes
c2a909c8-6cc4-6792-754e-a9e731519077,KXNEXTIRANLEADER-45JAN01-GMOH,2026-03-02T14:55:05.387875Z,42.00,0.1100,0.8900,yes
8d8f373c-7db4-56f6-a91c-33f7dc1c5fef,KXNEXTIRANLEADER-45JAN01-GMOH,2026-03-02T14:53:14.931874Z,8.00,0.1100,0.8900,yes
a43b76ce-2970-4102-ae71-9f3dccc865bc,KXNEXTIRANLEADER-45JAN01-GMOH,2026-03-02T14:36:13.235053Z,2000.00,0.1100,0.8900,yes
6e57f03a-1948-4bfa-bf3b-d8ecfc6d37af,KXNEXTIRANLEADER-45JAN01-GMOH,2026-03-02T14:36:13.235053Z,667.00,0.1100,0.8900,yes
0fc34e77-8687-468e-8913-9eef265dfaa9,KXNEXTIRANLEADER-45JAN01-GMOH,2026-03-02T14:36:13.235053Z,933.00,0.1100,0.8900,yes
f60038bd-7402-719d-779e-a0f1730aacad,KXNEXTIRANLEADER-45JAN01-GMOH,2026-03-02T14:34:24.953599Z,453.00,0.1000,0.9000,no
9ea49d13-0a43-493e-5b91-6cbd8944111d,KXNEXTIRANLEADER-45JAN01-GMOH,2026-03-02T14:32:08.795955Z,25.00,0.1100,0.8900,yes
d65a66e1-a4da-54f1-2d83-02960c800dfd,KXNEXTIRANLEADER-45JAN01-GMOH,2026-03-02T14:20:47.87373Z,3.00,0.1000,0.9000,no
5864a018-36af-40d2-8cc0-bd69ae790b05,KXNEXTIRANLEADER-45JAN01-GMOH,2026-03-02T14:15:10.531043Z,85.00,0.1100,0.8900,yes
a38212b0-7393-4c22-028e-394e2c35281d,KXNEXTIRANLEADER-45JAN01-GMOH,2026-03-02T14:13:18.499739Z,85.00,0.1100,0.8900,yes
f0b4edd8-8caf-5252-6585-c819223e9809,KXNEXTIRANLEADER-45JAN01-GMOH,2026-03-02T14:10:37.960943Z,601.00,0.1100,0.8900,yes
a7d474b8-8592-54a2-7a93-19fb1ff5b90f,KXNEXTIRANLEADER-45JAN01-GMOH,2026-03-02T14:10:37.960943Z,170.00,0.1100,0.8900,yes
22d03eb4-0c26-5a2f-7d8b-bc7ba933869c,KXNEXTIRANLEADER-45JAN01-GMOH,2026-03-02T14:10:37.960943Z,375.00,0.1100,0.8900,yes
0279eff0-1dee-46ee-27b8-81c88a262cf7,KXNEXTIRANLEADER-45JAN01-GMOH,2026-03-02T14:09:58.899167Z,213.00,0.1100,0.8900,yes
1d2aec07-ce2a-7caa-9caa-94102881d8ab,KXNEXTIRANLEADER-45JAN01-GMOH,2026-03-02T13:57:48.805835Z,128.00,0.1100,0.8900,yes
21c96ddd-2e6e-6b12-cf8a-e22317abd547,KXNEXTIRANLEADER-45JAN01-GMOH,2026-03-02T13:48:57.584709Z,42.00,0.1100,0.8900,yes
a5220dab-87d6-6986-ef73-4bce48a3f153,KXNEXTIRANLEADER-45JAN01-GMOH,2026-03-02T13:00:50.652864Z,85.00,0.1100,0.8900,yes
3e6fd543-174a-6366-f2cc-5a5a21787037,KXNEXTIRANLEADER-45JAN01-GMOH,2026-03-02T12:59:46.044792Z,111.00,0.1100,0.8900,yes
29179971-af4e-6376-f7c3-152773b4ac5f,KXNEXTIRANLEADER-45JAN01-GMOH,2026-03-02T12:16:29.541658Z,906.00,0.1100,0.8900,yes
4929426f-46b6-7866-5558-520011f11b2f,KXNEXTIRANLEADER-45JAN01-GMOH,2026-03-02T11:59:55.726558Z,300.00,0.1100,0.8900,yes
8b7c687f-86ad-48ba-4313-bdad07810480,KXNEXTIRANLEADER-45JAN01-GMOH,2026-03-02T11:54:06.649191Z,94.00,0.1000,0.9000,no
662c902e-d8ce-45da-7154-d699ab693a50,KXNEXTIRANLEADER-45JAN01-GMOH,2026-03-02T11:54:06.649191Z,32.00,0.1000,0.9000,no
71308382-f49e-5ef2-7cb6-5488bc46441f,KXNEXTIRANLEADER-45JAN01-GMOH,2026-03-02T11:48:35.66341Z,45.00,0.1100,0.8900,yes
f696ed9b-f5c1-632c-8277-76ed1f42894e,KXNEXTIRANLEADER-45JAN01-GMOH,2026-03-02T11:32:30.942244Z,392.00,0.1200,0.8800,yes
45f6bbae-be21-5a28-ff48-c851144e3ca2,KXNEXTIRANLEADER-45JAN01-GMOH,2026-03-02T11:31:17.2214Z,7.00,0.1200,0.8800,yes
f23c7ab6-3ad6-7ca9-568f-964cb0daf9c5,KXNEXTIRANLEADER-45JAN01-GMOH,2026-03-02T11:20:17.265076Z,5.00,0.1300,0.8700,yes
290dc1bd-6cde-6da5-a148-20f6232c3211,KXNEXTIRANLEADER-45JAN01-GMOH,2026-03-02T11:20:15.389097Z,7.00,0.1300,0.8700,yes
58e1e374-c9b0-7cc9-d038-ff114b93ef38,KXNEXTIRANLEADER-45JAN01-GMOH,2026-03-02T11:19:25.206305Z,107.00,0.1400,0.8600,yes
c1a186eb-fd98-4f19-e6b4-c5c1b5f171d4,KXNEXTIRANLEADER-45JAN01-GMOH,2026-03-02T11:16:14.924628Z,164.00,0.1400,0.8600,yes
5071ee0f-8d30-4a2d-c30f-7a4c2e008a62,KXNEXTIRANLEADER-45JAN01-GMOH,2026-03-02T11:16:14.924628Z,58.00,0.1400,0.8600,yes
b4619901-db3c-743d-1c1b-b489df525152,KXNEXTIRANLEADER-45JAN01-GMOH,2026-03-02T10:59:43.557886Z,10.00,0.1400,0.8600,yes
5ff110c1-eb24-7780-11ac-cfba0da3bcbf,KXNEXTIRANLEADER-45JAN01-GMOH,2026-03-02T10:59:43.557886Z,25.00,0.1300,0.8700,yes
f794cb7d-bf1c-4fa1-d654-ab8bf8e31b9a,KXNEXTIRANLEADER-45JAN01-GMOH,2026-03-02T10:37:01.177097Z,134.00,0.1400,0.8600,yes
17a336fc-a08c-6d61-00db-cd59c8a1cf32,KXNEXTIRANLEADER-45JAN01-GMOH,2026-03-02T09:51:14.860807Z,33.00,0.1400,0.8600,yes
8be9884c-e15f-6e6e-d7b5-34b5a0061e45,KXNEXTIRANLEADER-45JAN01-GMOH,2026-03-02T09:33:25.330859Z,13.00,0.1300,0.8700,yes
3dd84981-101d-6cc2-f18e-dbfbae1296ed,KXNEXTIRANLEADER-45JAN01-GMOH,2026-03-02T09:33:25.330859Z,25.00,0.1300,0.8700,yes
056e4792-d340-6c79-f676-bffb3479be5e,KXNEXTIRANLEADER-45JAN01-GMOH,2026-03-02T09:33:25.330859Z,301.00,0.1400,0.8600,yes
a803ee30-97e4-6629-b487-2f2f830a57ce,KXNEXTIRANLEADER-45JAN01-GMOH,2026-03-02T09:31:00.113137Z,33.00,0.1400,0.8600,yes
6028aa71-09a9-6e16-a6f5-9af592b9f703,KXNEXTIRANLEADER-45JAN01-GMOH,2026-03-02T08:51:57.120967Z,13.00,0.1000,0.9000,no
54d0c742-dee0-6a3f-8f29-2bb9b146da9a,KXNEXTIRANLEADER-45JAN01-GMOH,2026-03-02T08:51:57.120967Z,4.00,0.1200,0.8800,no
2b213e96-7c82-6d34-b7bc-053ebec23b18,KXNEXTIRANLEADER-45JAN01-GMOH,2026-03-02T08:51:57.120967Z,18.00,0.0900,0.9100,no
f65aed4f-e790-4491-6a21-b3270edf9792,KXNEXTIRANLEADER-45JAN01-GMOH,2026-03-02T08:50:52.214525Z,336.00,0.1400,0.8600,yes
c9e6b88e-4f94-40ed-1916-3d0d06b2c2ee,KXNEXTIRANLEADER-45JAN01-GMOH,2026-03-02T08:32:54.275053Z,673.00,0.1400,0.8600,yes
f9d728dd-0478-4875-6137-21e3ac345e52,KXNEXTIRANLEADER-45JAN01-GMOH,2026-03-02T08:28:46.80739Z,6.00,0.1400,0.8600,yes
1cc6e9c7-0360-7695-7f5b-d69353eb8186,KXNEXTIRANLEADER-45JAN01-GMOH,2026-03-02T08:26:03.731115Z,20.00,0.1400,0.8600,yes
60918f34-0864-4d03-1e65-1a7a9ee9b1de,KXNEXTIRANLEADER-45JAN01-GMOH,2026-03-02T08:07:34.853824Z,1.00,0.1200,0.8800,no
d61c10b4-7f5c-6b41-3ddc-38599f5f7eea,KXNEXTIRANLEADER-45JAN01-GMOH,2026-03-02T08:04:28.190094Z,1598.00,0.1400,0.8600,yes
e97d9ad4-46df-6a8b-a96a-4733d075515f,KXNEXTIRANLEADER-45JAN01-GMOH,2026-03-02T08:03:09.13919Z,55.00,0.1300,0.8700,yes
b1929f1a-aed9-630e-b1b5-2aa5f95e4208,KXNEXTIRANLEADER-45JAN01-GMOH,2026-03-02T08:03:09.13919Z,689.00,0.1300,0.8700,yes
a73ac3ae-4dfa-67ff-b5f8-0c9d73b8a09e,KXNEXTIRANLEADER-45JAN01-GMOH,2026-03-02T08:03:09.13919Z,553.00,0.1300,0.8700,yes
644e760e-19d6-6b44-9f6a-788b1b8d3603,KXNEXTIRANLEADER-45JAN01-GMOH,2026-03-02T08:03:09.13919Z,460.00,0.1300,0.8700,yes
0096b704-7f64-6b05-a604-27ae1172b54e,KXNEXTIRANLEADER-45JAN01-GMOH,2026-03-02T08:03:09.13919Z,818.00,0.1400,0.8600,yes
a5697e73-c4c9-6cfa-faf4-cb060c3a0890,KXNEXTIRANLEADER-45JAN01-GMOH,2026-03-02T07:54:20.13801Z,2.00,0.1300,0.8700,yes
9efb32dc-ad30-5259-d318-5baafe6c15e2,KXNEXTIRANLEADER-45JAN01-GMOH,2026-03-02T07:50:31.965592Z,78.00,0.1400,0.8600,yes
9a35473c-ff0b-6b65-8ed9-d8aec561fe48,KXNEXTIRANLEADER-45JAN01-GMOH,2026-03-02T07:50:22.377246Z,20.00,0.1400,0.8600,yes
90d9ec8d-f4f4-6bb5-8192-2ac5a8adebda,KXNEXTIRANLEADER-45JAN01-GMOH,2026-03-02T07:50:22.377246Z,13.00,0.1400,0.8600,yes
8b59422a-364e-6569-a81a-2cdd2d15ed1b,KXNEXTIRANLEADER-45JAN01-GMOH,2026-03-02T07:50:22.377246Z,5.00,0.1300,0.8700,yes
845a2931-73d8-602a-a661-26a0298f63db,KXNEXTIRANLEADER-45JAN01-GMOH,2026-03-02T07:50:22.377246Z,3.00,0.1300,0.8700,yes
53e4ef85-7b38-7696-e683-2c7e8ec4b481,KXNEXTIRANLEADER-45JAN01-GMOH,2026-03-02T06:46:26.083771Z,18.00,0.1200,0.8800,no
7a59fd5d-178d-6cfb-b69c-1776b518542a,KXNEXTIRANLEADER-45JAN01-GMOH,2026-03-02T06:16:41.243818Z,1.00,0.1200,0.8800,yes
4c0fb859-1727-680d-b297-8226284880dc,KXNEXTIRANLEADER-45JAN01-GMOH,2026-03-02T06:16:41.243818Z,32.00,0.1400,0.8600,yes
cc1b37f9-b185-5a83-c8e8-45fc8ce8843a,KXNEXTIRANLEADER-45JAN01-GMOH,2026-03-02T05:49:21.244622Z,523.00,0.1100,0.8900,no
a540b35e-cb8f-5536-e466-0fb392f77f93,KXNEXTIRANLEADER-45JAN01-GMOH,2026-03-02T05:49:21.244622Z,482.00,0.1100,0.8900,no
878f028c-b8ba-5686-ff14-ef759ba206e7,KXNEXTIRANLEADER-45JAN01-GMOH,2026-03-02T05:49:21.244622Z,143.00,0.1100,0.8900,no
cf1aa41e-b1cc-4bc7-fea3-332ddad20e1a,KXNEXTIRANLEADER-45JAN01-GMOH,2026-03-02T05:37:51.741312Z,17.00,0.1100,0.8900,yes
07c54dae-b083-430a-e2be-6a3672eea524,KXNEXTIRANLEADER-45JAN01-GMOH,2026-03-02T05:37:51.741312Z,422.00,0.1100,0.8900,yes
4931b00b-3807-7342-b0ab-d325e4649b18,KXNEXTIRANLEADER-45JAN01-GMOH,2026-03-02T05:34:33.168332Z,70.00,0.1100,0.8900,yes
3de6ffd0-09bf-497e-71a5-9c21475029a8,KXNEXTIRANLEADER-45JAN01-GMOH,2026-03-02T05:31:46.900604Z,8.00,0.1100,0.8900,yes
e0322969-6cfb-4411-f50a-168e55f28b29,KXNEXTIRANLEADER-45JAN01-GMOH,2026-03-02T05:29:54.336837Z,111.00,0.1000,0.9000,yes
c5225d49-5c4f-41c8-c2b1-7314d7d82079,KXNEXTIRANLEADER-45JAN01-GMOH,2026-03-02T05:29:54.336837Z,270.00,0.1000,0.9000,yes
84965441-4d52-4a37-e267-bb2241a73f14,KXNEXTIRANLEADER-45JAN01-GMOH,2026-03-02T05:29:54.336837Z,4666.00,0.1000,0.9000,yes
2e1211d3-5228-453a-dc7a-3863ef3ccdc7,KXNEXTIRANLEADER-45JAN01-GMOH,2026-03-02T05:29:54.336837Z,32.00,0.1000,0.9000,yes
e60a9c90-1d8e-590d-19d3-fdf4f75021b2,KXNEXTIRANLEADER-45JAN01-GMOH,2026-03-02T05:26:31.836581Z,97.00,0.0900,0.9100,yes
9929ef0c-7a6b-564f-0d32-4a6a2d551cc7,KXNEXTIRANLEADER-45JAN01-GMOH,2026-03-02T05:26:31.836581Z,75.00,0.0900,0.9100,yes
1ee6ade8-d511-59af-3824-63b55c69b8d0,KXNEXTIRANLEADER-45JAN01-GMOH,2026-03-02T05:26:31.836581Z,238.00,0.0900,0.9100,yes
134cd9ac-da54-4955-9fcb-9cd0a816adab,KXNEXTIRANLEADER-45JAN01-GMOH,2026-03-02T05:25:57.598341Z,460.00,0.0800,0.9200,no
009e2841-3678-4f7a-bde5-b9a4507b3fc9,KXNEXTIRANLEADER-45JAN01-GMOH,2026-03-02T05:25:57.598341Z,100.00,0.0800,0.9200,no
10eb42c2-fef5-6c27-b142-d9e8687da8b8,KXNEXTIRANLEADER-45JAN01-GMOH,2026-03-02T05:17:01.980185Z,11.00,0.0900,0.9100,yes
484148c5-35e5-7683-9190-cb9f8d001dd8,KXNEXTIRANLEADER-45JAN01-GMOH,2026-03-02T04:31:13.113756Z,94.00,0.0900,0.9100,yes
933e1842-fcc1-5557-acb6-a83b406b34bc,KXNEXTIRANLEADER-45JAN01-GMOH,2026-03-02T04:25:07.952355Z,156.00,0.0900,0.9100,yes
7ab0620d-e3ce-7bf9-e12e-11138b988a27,KXNEXTIRANLEADER-45JAN01-GMOH,2026-03-02T04:21:15.19978Z,543.00,0.0900,0.9100,yes
71c5d12c-7995-759b-d665-3f6744edeeb4,KXNEXTIRANLEADER-45JAN01-GMOH,2026-03-02T04:21:15.19978Z,501.00,0.0900,0.9100,yes
437c4957-ef92-6b79-439d-566cf53ea637,KXNEXTIRANLEADER-45JAN01-GMOH,2026-03-02T04:20:11.416164Z,52.00,0.0900,0.9100,yes
c4c960fb-62f2-7ffd-3ab2-6b3d1616f103,KXNEXTIRANLEADER-45JAN01-GMOH,2026-03-02T04:18:24.973791Z,104.00,0.0900,0.9100,yes
54755240-6b2e-6a3d-8575-4c3dab34c5af,KXNEXTIRANLEADER-45JAN01-GMOH,2026-03-02T04:16:46.421144Z,208.00,0.0900,0.9100,yes
82a21a83-5e6a-6301-a913-53e8564565ab,KXNEXTIRANLEADER-45JAN01-GMOH,2026-03-02T04:02:32.972108Z,1.00,0.0900,0.9100,yes
fccd99c2-67d6-5811-e4a5-eb4614fd50c3,KXNEXTIRANLEADER-45JAN01-GMOH,2026-03-02T03:54:19.511442Z,2.00,0.0900,0.9100,yes
87ea19c6-887a-6a1d-0be8-7ef45a0d1167,KXNEXTIRANLEADER-45JAN01-GMOH,2026-03-02T03:53:58.584757Z,17.00,0.0900,0.9100,yes
61e1566b-ad57-6378-13e6-0adeff85c082,KXNEXTIRANLEADER-45JAN01-GMOH,2026-03-02T03:53:58.584757Z,139.00,0.0900,0.9100,yes
8e63c4af-9a85-4dc0-bb91-8830cf25e94b,KXNEXTIRANLEADER-45JAN01-GMOH,2026-03-02T03:36:08.137179Z,91.00,0.0800,0.9200,no
8baf1aa9-b4e3-40af-98cb-b35ed1ab36bf,KXNEXTIRANLEADER-45JAN01-GMOH,2026-03-02T03:36:08.137179Z,425.00,0.0800,0.9200,no
7bd864ae-574f-4c85-96d0-d66e35a79719,KXNEXTIRANLEADER-45JAN01-GMOH,2026-03-02T03:36:08.137179Z,213.00,0.0800,0.9200,no
1e2409f2-bac7-4fb5-a996-7b1f584ff714,KXNEXTIRANLEADER-45JAN01-GMOH,2026-03-02T03:36:08.137179Z,475.00,0.0800,0.9200,no
29678c10-49b7-6e01-ec87-b0051f7201a4,KXNEXTIRANLEADER-45JAN01-GMOH,2026-03-02T03:28:04.192072Z,500.00,0.0800,0.9200,no
ec59785e-7f87-59af-c061-0ff1f3026e94,KXNEXTIRANLEADER-45JAN01-GMOH,2026-03-02T03:19:38.8839Z,545.00,0.1000,0.9000,yes
df8c0911-c8ae-5b43-d6c7-a756c8066038,KXNEXTIRANLEADER-45JAN01-GMOH,2026-03-02T03:19:38.8839Z,335.00,0.1000,0.9000,yes
67875a8f-8d6b-6567-e759-dd8d02e7574c,KXNEXTIRANLEADER-45JAN01-GMOH,2026-03-02T03:00:19.528127Z,94.00,0.1000,0.9000,yes
71cf546d-d637-7e77-8f64-d8339d7f11a4,KXNEXTIRANLEADER-45JAN01-GMOH,2026-03-02T02:52:50.593981Z,46.00,0.1000,0.9000,yes
ef9990b8-7a47-68cf-1e14-9cce53236860,KXNEXTIRANLEADER-45JAN01-GMOH,2026-03-02T02:35:07.965849Z,18.00,0.1000,0.9000,yes
8da16fc8-8ff9-7008-3e6b-7debcc223c8f,KXNEXTIRANLEADER-45JAN01-GMOH,2026-03-02T02:24:24.579717Z,258.00,0.1000,0.9000,yes
8aa37e57-99f3-7eb3-3d94-89a025b7c8e4,KXNEXTIRANLEADER-45JAN01-GMOH,2026-03-02T02:24:24.579717Z,297.00,0.1000,0.9000,yes
1243f970-ab79-4ebc-04da-e745c75c4cbb,KXNEXTIRANLEADER-45JAN01-GMOH,2026-03-02T02:23:14.93112Z,1.00,0.1000,0.9000,yes
8858cb9d-537d-7734-d690-68ed06a0f077,KXNEXTIRANLEADER-45JAN01-GMOH,2026-03-02T02:11:36.06682Z,94.00,0.1000,0.9000,yes
930f2578-3295-6e4d-0a20-dcb94f32ac38,KXNEXTIRANLEADER-45JAN01-GMOH,2026-03-02T01:57:53.671997Z,254.00,0.0900,0.9100,yes
c87ed559-980d-470c-ef24-f77cdb422b8f,KXNEXTIRANLEADER-45JAN01-GMOH,2026-03-02T01:45:47.198699Z,4222.00,0.1000,0.9000,yes
a98423c9-b70c-496b-d5df-8405cebeff00,KXNEXTIRANLEADER-45JAN01-GMOH,2026-03-02T01:45:47.198699Z,41.00,0.0900,0.9100,yes
9f1d5df9-3174-47af-ff9f-ea0915cf2a79,KXNEXTIRANLEADER-45JAN01-GMOH,2026-03-02T01:45:47.198699Z,128.00,0.0900,0.9100,yes
9c3951c9-a37c-456e-cac6-a8b074104829,KXNEXTIRANLEADER-45JAN01-GMOH,2026-03-02T01:45:47.198699Z,253.00,0.0900,0.9100,yes
5c83a292-63ea-470d-f11a-98dd67e33b4a,KXNEXTIRANLEADER-45JAN01-GMOH,2026-03-02T01:45:47.198699Z,3.00,0.0900,0.9100,yes
01b38a0f-c6cf-4104-dc1c-b5db4a38682d,KXNEXTIRANLEADER-45JAN01-GMOH,2026-03-02T01:45:47.198699Z,109.00,0.0900,0.9100,yes
2d27a8d6-f32b-69a8-7103-405850d7da79,KXNEXTIRANLEADER-45JAN01-GMOH,2026-03-02T01:43:17.525322Z,20.00,0.0900,0.9100,yes
a91dae2c-2997-750f-e827-e2d5e9881d46,KXNEXTIRANLEADER-45JAN01-GMOH,2026-03-02T01:19:56.94664Z,187.00,0.0800,0.9200,yes
9dc7e52d-8f69-7ffa-f413-071934a69d1d,KXNEXTIRANLEADER-45JAN01-GMOH,2026-03-02T01:19:56.94664Z,47.00,0.0800,0.9200,yes
1139fc31-b719-4bc6-4643-316b6bcc834d,KXNEXTIRANLEADER-45JAN01-GMOH,2026-03-02T01:09:21.675249Z,58.00,0.0800,0.9200,yes
627d1831-3412-7e70-11b9-455bb248ee14,KXNEXTIRANLEADER-45JAN01-GMOH,2026-03-02T00:49:25.859338Z,163.00,0.0700,0.9300,no
573d7605-43fd-57be-7ee0-c35a48d04aa5,KXNEXTIRANLEADER-45JAN01-GMOH,2026-03-02T00:48:24.04929Z,105.00,0.0800,0.9200,yes
1c002a6b-d2c1-41e2-1da2-94e9705164d1,KXNEXTIRANLEADER-45JAN01-GMOH,2026-03-02T00:47:57.7196Z,340.00,0.0800,0.9200,yes
45597f5d-f381-455a-ccdf-57a455dc7a31,KXNEXTIRANLEADER-45JAN01-GMOH,2026-03-02T00:45:31.006291Z,234.00,0.0800,0.9200,yes
e9af083d-02d0-431f-2a2d-0e3df2d45640,KXNEXTIRANLEADER-45JAN01-GMOH,2026-03-02T00:40:24.49002Z,18.00,0.0800,0.9200,yes
6b9deebe-74c1-4f16-296e-91ed59aafd3d,KXNEXTIRANLEADER-45JAN01-GMOH,2026-03-02T00:40:24.49002Z,216.00,0.0800,0.9200,yes
6b8303a9-3834-56e9-1843-d326f66ea2db,KXNEXTIRANLEADER-45JAN01-GMOH,2026-03-02T00:39:59.509085Z,270.00,0.0800,0.9200,yes
bd0244df-4aa4-47e1-216e-135052dfa5bb,KXNEXTIRANLEADER-45JAN01-GMOH,2026-03-02T00:33:59.181433Z,7.00,0.0800,0.9200,yes
8e309f20-4f18-6449-e4a2-752543781b93,KXNEXTIRANLEADER-45JAN01-GMOH,2026-03-02T00:05:33.399025Z,58.00,0.0800,0.9200,yes
0c8e3ca2-0620-7edd-1e26-a642b2dd37c7,KXNEXTIRANLEADER-45JAN01-GMOH,2026-03-01T23:42:24.205887Z,23.00,0.0800,0.9200,yes
bf1d6def-a4c0-57ed-b58a-5c327b738dc3,KXNEXTIRANLEADER-45JAN01-GMOH,2026-03-01T23:39:03.301003Z,117.00,0.0800,0.9200,yes
5984373f-6b80-4b15-f629-13e7135e05b3,KXNEXTIRANLEADER-45JAN01-GMOH,2026-03-01T23:34:59.157683Z,10.00,0.0800,0.9200,yes
ec152d4a-11df-70e4-239d-e7a1add67e9a,KXNEXTIRANLEADER-45JAN01-GMOH,2026-03-01T23:32:53.574915Z,34.00,0.0700,0.9300,yes
e4a6c579-69d6-4dca-c278-76b3cbf6f802,KXNEXTIRANLEADER-45JAN01-GMOH,2026-03-01T23:32:19.924437Z,1.00,0.0700,0.9300,no
c9001bd5-6656-43e7-cf7d-b263c51fd002,KXNEXTIRANLEADER-45JAN01-GMOH,2026-03-01T23:32:19.924437Z,12.00,0.0700,0.9300,no
2f5a30de-63e0-40d9-c663-56d4ed23bfd6,KXNEXTIRANLEADER-45JAN01-GMOH,2026-03-01T23:32:19.924437Z,153.00,0.0700,0.9300,no
acb9b14b-41bc-6cc5-9c97-34893ad8e2c7,KXNEXTIRANLEADER-45JAN01-GMOH,2026-03-01T23:26:40.424231Z,1000.00,0.0800,0.9200,yes
123a93d0-1814-7551-88fc-2af6431e78f3,KXNEXTIRANLEADER-45JAN01-GMOH,2026-03-01T23:17:27.158231Z,11.00,0.0800,0.9200,yes
7e8665dd-96d4-6631-852d-a70ade5f6ea3,KXNEXTIRANLEADER-45JAN01-GMOH,2026-03-01T23:11:22.325935Z,117.00,0.0800,0.9200,yes
82ba4375-4da0-74b5-e283-0c713b0b7032,KXNEXTIRANLEADER-45JAN01-GMOH,2026-03-01T23:03:48.298953Z,8.00,0.0700,0.9300,no
7ada4634-e814-4bb9-6477-a31ac824281f,KXNEXTIRANLEADER-45JAN01-GMOH,2026-03-01T22:58:20.475007Z,35.00,0.0800,0.9200,yes
ca85d8fb-4c10-5739-e31e-4ce41a1f51a7,KXNEXTIRANLEADER-45JAN01-GMOH,2026-03-01T22:58:15.085439Z,93.00,0.0800,0.9200,yes
16a51e70-488c-66a9-3266-53d642df3eb7,KXNEXTIRANLEADER-45JAN01-GMOH,2026-03-01T22:51:31.083755Z,352.00,0.0800,0.9200,yes
74102f40-9190-62e5-3239-d30c571d636a,KXNEXTIRANLEADER-45JAN01-GMOH,2026-03-01T22:50:20.495616Z,29.00,0.0700,0.9300,no
f0c05ee4-44a0-7cae-2522-56c6605988c8,KXNEXTIRANLEADER-45JAN01-GMOH,2026-03-01T22:35:27.577497Z,5.00,0.0800,0.9200,yes
ebca4451-595c-7f25-3502-536fcbbec837,KXNEXTIRANLEADER-45JAN01-GMOH,2026-03-01T22:35:27.577497Z,520.00,0.0800,0.9200,yes
dd5460b4-54b3-7b8c-10a3-4c70e1d1bdfe,KXNEXTIRANLEADER-45JAN01-GMOH,2026-03-01T22:35:27.577497Z,62.00,0.0800,0.9200,yes
e2f9bb4a-cba6-4bb9-cad4-f3f9eeb2c10f,KXNEXTIRANLEADER-45JAN01-GMOH,2026-03-01T22:11:48.86435Z,86.00,0.0800,0.9200,yes
b12095e3-5899-4311-e2f7-61d0591d0510,KXNEXTIRANLEADER-45JAN01-GMOH,2026-03-01T22:11:48.86435Z,313.00,0.0800,0.9200,yes
a80210c8-76ac-4e79-d11d-e21d127055a5,KXNEXTIRANLEADER-45JAN01-GMOH,2026-03-01T22:11:48.86435Z,8.00,0.0800,0.9200,yes
53e44f4e-5114-4b42-e5c2-ba4a9afe1f34,KXNEXTIRANLEADER-45JAN01-GMOH,2026-03-01T22:11:48.86435Z,63.00,0.0800,0.9200,yes
42895509-ec34-42ae-cc4d-34eb825aa128,KXNEXTIRANLEADER-45JAN01-GMOH,2026-03-01T22:11:48.86435Z,530.00,0.0800,0.9200,yes
65d1a148-caec-7b5e-811e-5e52b038af20,KXNEXTIRANLEADER-45JAN01-GMOH,2026-03-01T22:07:16.918884Z,87.00,0.0800,0.9200,yes
79e3b8c6-ac1c-63ce-df0f-68910741d714,KXNEXTIRANLEADER-45JAN01-GMOH,2026-03-01T22:02:20.961397Z,11.00,0.0800,0.9200,yes
c68860fd-5d0c-7c59-5be4-5e55e9b01866,KXNEXTIRANLEADER-45JAN01-GMOH,2026-03-01T21:58:10.593167Z,10.00,0.0700,0.9300,no
729f08de-6ff4-439e-44e9-0851bd5690ac,KXNEXTIRANLEADER-45JAN01-GMOH,2026-03-01T21:51:41.340699Z,587.00,0.0800,0.9200,yes
b67bce89-a4c8-5554-6fc9-773635dfc370,KXNEXTIRANLEADER-45JAN01-GMOH,2026-03-01T21:50:24.782945Z,50.00,0.0700,0.9300,yes
3a91a4bc-55b1-5e50-4853-b45dc1402b9f,KXNEXTIRANLEADER-45JAN01-GMOH,2026-03-01T21:50:24.782945Z,100.00,0.0700,0.9300,yes
b8288e19-45e4-4d22-74f0-69b57ba04539,KXNEXTIRANLEADER-45JAN01-GMOH,2026-03-01T21:48:08.863586Z,10.00,0.0600,0.9400,no
2e67026a-ae66-452a-5a59-8e55062a1dff,KXNEXTIRANLEADER-45JAN01-GMOH,2026-03-01T21:42:02.135914Z,428.00,0.0700,0.9300,yes
0b010194-d8a8-4c2f-43a8-711c8f0b2455,KXNEXTIRANLEADER-45JAN01-GMOH,2026-03-01T21:42:02.135914Z,2254.00,0.0700,0.9300,yes
0a7fc39b-c75c-7cd6-c113-a413ac17a979,KXNEXTIRANLEADER-45JAN01-GMOH,2026-03-01T21:28:07.951988Z,10.00,0.0600,0.9400,no
abc476d5-c520-6b17-dbfc-410c33bc1525,KXNEXTIRANLEADER-45JAN01-GMOH,2026-03-01T21:27:01.879455Z,300.00,0.0700,0.9300,yes
a23424bd-ba6c-64ee-2536-8b2f3ab37cd9,KXNEXTIRANLEADER-45JAN01-GMOH,2026-03-01T21:26:37.539132Z,104.00,0.0600,0.9400,no
205e3285-8c7c-57bf-469c-9db63d8eee19,KXNEXTIRANLEADER-45JAN01-GMOH,2026-03-01T21:24:57.043386Z,67.00,0.0700,0.9300,yes
7b91911b-50bc-7d3e-6a3c-7a85289e8675,KXNEXTIRANLEADER-45JAN01-GMOH,2026-03-01T21:22:24.047838Z,52.00,0.0600,0.9400,no
b83c34f2-97b4-5f56-0a51-663af33ac9c5,KXNEXTIRANLEADER-45JAN01-GMOH,2026-03-01T21:20:35.397776Z,1699.00,0.0600,0.9400,no
5171c80c-3a49-59bf-331f-1bb90c0409e4,KXNEXTIRANLEADER-45JAN01-GMOH,2026-03-01T21:20:35.397776Z,4301.00,0.0600,0.9400,no
a01c041b-bd52-7a24-2769-5bfadf7ec30d,KXNEXTIRANLEADER-45JAN01-GMOH,2026-03-01T21:17:42.677817Z,13.00,0.0700,0.9300,no
7d7b11a4-063f-7892-2c44-5567b9881fd4,KXNEXTIRANLEADER-45JAN01-GMOH,2026-03-01T21:17:42.677817Z,841.00,0.0700,0.9300,no
61be9b25-e09f-7920-2e45-956865c6086a,KXNEXTIRANLEADER-45JAN01-GMOH,2026-03-01T21:17:42.677817Z,74.00,0.0700,0.9300,no
559c3800-fa69-7861-3103-4ee4b96e5bf5,KXNEXTIRANLEADER-45JAN01-GMOH,2026-03-01T21:17:42.677817Z,5.00,0.0700,0.9300,no
335d34bf-c5ed-7025-0fd8-81e97947c6cd,KXNEXTIRANLEADER-45JAN01-GMOH,2026-03-01T21:17:42.677817Z,58.00,0.0700,0.9300,no
31a60948-84dd-73c4-2f4c-e0047f908f0e,KXNEXTIRANLEADER-45JAN01-GMOH,2026-03-01T21:17:42.677817Z,328.00,0.0700,0.9300,no
0742b86f-a278-7072-15b0-9468c793b0bd,KXNEXTIRANLEADER-45JAN01-GMOH,2026-03-01T21:17:42.677817Z,60.00,0.0700,0.9300,no
0b7eba61-f310-5996-a7e8-414b63391644,KXNEXTIRANLEADER-45JAN01-GMOH,2026-03-01T21:15:14.460287Z,11.00,0.0800,0.9200,yes
c0a9410f-2848-56ba-a0ae-30f0fc802e90,KXNEXTIRANLEADER-45JAN01-GMOH,2026-03-01T21:13:25.993072Z,11.00,0.0800,0.9200,yes
5c5caad5-217f-43ea-41f0-4e0ae4ed1d80,KXNEXTIRANLEADER-45JAN01-GMOH,2026-03-01T21:08:04.154557Z,10.00,0.0700,0.9300,no
be31444b-bd30-431a-c442-1f7c1ee05798,KXNEXTIRANLEADER-45JAN01-GMOH,2026-03-01T21:06:48.907057Z,308.00,0.0800,0.9200,yes
f69ae281-8e70-5c3e-314d-2c56bbb1d8dc,KXNEXTIRANLEADER-45JAN01-GMOH,2026-03-01T21:06:32.978795Z,7.00,0.0800,0.9200,yes
de8faa89-0f24-403a-8c5e-d450e1718ee8,KXNEXTIRANLEADER-45JAN01-GMOH,2026-03-01T21:05:43.139156Z,10.00,0.0800,0.9200,yes
0f82bb80-dae0-42be-1918-10a070feb5a0,KXNEXTIRANLEADER-45JAN01-GMOH,2026-03-01T21:05:36.090704Z,7.00,0.0800,0.9200,yes
e2233a9a-3e67-61a6-f966-ae5941160e79,KXNEXTIRANLEADER-45JAN01-GMOH,2026-03-01T21:04:10.21262Z,1094.00,0.0800,0.9200,yes
651faee0-f0e8-620e-f5ba-9fba25831cfc,KXNEXTIRANLEADER-45JAN01-GMOH,2026-03-01T21:04:10.21262Z,431.00,0.0800,0.9200,yes
45ba9cab-9867-6c17-f1c7-add11ddf0462,KXNEXTIRANLEADER-45JAN01-GMOH,2026-03-01T21:04:10.21262Z,475.00,0.0800,0.9200,yes
029eb2a9-e10b-6326-3c3b-a6bfd5655c80,KXNEXTIRANLEADER-45JAN01-GMOH,2026-03-01T21:02:50.312765Z,1000.00,0.0700,0.9300,no
d2b92c71-9437-7fa6-6576-9f05d203f215,KXNEXTIRANLEADER-45JAN01-GMOH,2026-03-01T21:01:41.04758Z,234.00,0.0800,0.9200,yes
5377f128-e373-500e-87fe-d3156ad647dd,KXNEXTIRANLEADER-45JAN01-GMOH,2026-03-01T21:01:29.511227Z,11.00,0.0800,0.9200,yes
9681693a-1f1f-72a6-aa12-525a08c6a0cc,KXNEXTIRANLEADER-45JAN01-GMOH,2026-03-01T20:58:09.557571Z,10.00,0.0700,0.9300,no
c75e7cee-23df-7286-4940-162d4e64f97d,KXNEXTIRANLEADER-45JAN01-GMOH,2026-03-01T20:54:20.927487Z,117.00,0.0800,0.9200,yes
c25441ec-632f-6f6a-eaae-3b440626b93d,KXNEXTIRANLEADER-45JAN01-GMOH,2026-03-01T20:53:03.577971Z,44.00,0.0800,0.9200,yes
94c1f1f9-d5d3-6ff2-f2d7-974082d13626,KXNEXTIRANLEADER-45JAN01-GMOH,2026-03-01T20:53:03.577971Z,543.00,0.0800,0.9200,yes
7df31024-be93-65ce-7f52-34c857f387e2,KXNEXTIRANLEADER-45JAN01-GMOH,2026-03-01T20:45:43.44979Z,58.00,0.0800,0.9200,yes
777bd3e3-2fb7-6536-36d6-8205b193e722,KXNEXTIRANLEADER-45JAN01-GMOH,2026-03-01T20:43:29.625912Z,117.00,0.0800,0.9200,yes
36967091-b7a3-4d16-577d-f24f6da76030,KXNEXTIRANLEADER-45JAN01-GMOH,2026-03-01T20:38:02.726444Z,10.00,0.0700,0.9300,no
ff451cac-6657-5426-cb31-8e830ab869c6,KXNEXTIRANLEADER-45JAN01-GMOH,2026-03-01T20:37:49.889612Z,117.00,0.0800,0.9200,yes
352195c7-2cff-55ce-f850-d9d88adbe2f6,KXNEXTIRANLEADER-45JAN01-GMOH,2026-03-01T20:35:29.750263Z,295.00,0.0800,0.9200,yes
f22ffc63-eea7-6936-6140-160fc6d51272,KXNEXTIRANLEADER-45JAN01-GMOH,2026-03-01T20:34:47.237583Z,10.00,0.0800,0.9200,yes
a2ebabd5-148f-57e6-3df4-99fe75eed232,KXNEXTIRANLEADER-45JAN01-GMOH,2026-03-01T20:30:47.840027Z,176.00,0.0800,0.9200,yes
4fa5e276-1c0b-6dae-6cfa-d5fa47d55a0a,KXNEXTIRANLEADER-45JAN01-GMOH,2026-03-01T20:22:43.494748Z,1761.00,0.0800,0.9200,yes
5be04f6a-3a97-607a-7d1d-652e675670e6,KXNEXTIRANLEADER-45JAN01-GMOH,2026-03-01T20:21:44.988472Z,234.00,0.0800,0.9200,yes
f9bafced-5593-7102-8dc0-1eacc959fb26,KXNEXTIRANLEADER-45JAN01-GMOH,2026-03-01T20:08:27.234511Z,35.00,0.0800,0.9200,yes
eae06b1e-691f-6a7a-fd92-acc4c9d07fe2,KXNEXTIRANLEADER-45JAN01-GMOH,2026-03-01T20:06:43.798192Z,293.00,0.0800,0.9200,yes
3850235d-c073-45ea-9a6a-b4209ceb2cb2,KXNEXTIRANLEADER-45JAN01-GMOH,2026-03-01T20:06:39.311193Z,637.00,0.0800,0.9200,yes
6bc2421e-532b-7466-5d7f-62d20c26552e,KXNEXTIRANLEADER-45JAN01-GMOH,2026-03-01T19:59:29.019451Z,466.00,0.0800,0.9200,yes
41be3752-9283-70a2-ef7f-dfe44aa6dbd4,KXNEXTIRANLEADER-45JAN01-GMOH,2026-03-01T19:54:36.738583Z,606.00,0.0700,0.9300,no
e66687b6-cfef-64b6-dc8e-d314d2f8218c,KXNEXTIRANLEADER-45JAN01-GMOH,2026-03-01T19:49:11.569855Z,70.00,0.0700,0.9300,no
12091106-277f-633a-62ca-d6f8f5f328ba,KXNEXTIRANLEADER-45JAN01-GMOH,2026-03-01T19:44:22.030166Z,117.00,0.0800,0.9200,yes
cacaeafc-7b86-46bb-443f-64dae9a2d555,KXNEXTIRANLEADER-45JAN01-GMOH,2026-03-01T19:34:22.685996Z,14.00,0.0800,0.9200,no
9b133e07-024b-42cf-647f-f79355905eef,KXNEXTIRANLEADER-45JAN01-GMOH,2026-03-01T19:34:22.685996Z,376.00,0.0800,0.9200,no
8a0a630b-406a-4eca-6a6f-4d138afea932,KXNEXTIRANLEADER-45JAN01-GMOH,2026-03-01T19:34:22.685996Z,31.00,0.0800,0.9200,no
7ac302ff-5e09-4bc0-6b78-7461ab2c5283,KXNEXTIRANLEADER-45JAN01-GMOH,2026-03-01T19:34:22.685996Z,1892.00,0.0800,0.9200,no
06692243-8524-4ffc-61b2-9345703dc00e,KXNEXTIRANLEADER-45JAN01-GMOH,2026-03-01T19:34:22.685996Z,269.00,0.0800,0.9200,no
f8c5fc36-6c16-7e81-d5c9-f302d2585780,KXNEXTIRANLEADER-45JAN01-GMOH,2026-03-01T19:29:04.115004Z,459.00,0.0900,0.9100,yes
0cb8082d-6015-7411-d638-d020bcbe50ba,KXNEXTIRANLEADER-45JAN01-GMOH,2026-03-01T19:29:04.115004Z,541.00,0.0900,0.9100,yes
21649762-1ad6-6569-adae-7e375fb2696c,KXNEXTIRANLEADER-45JAN01-GMOH,2026-03-01T19:26:38.975375Z,10.00,0.0900,0.9100,yes
53345314-ee62-5991-f442-644988348fec,KXNEXTIRANLEADER-45JAN01-GMOH,2026-03-01T19:26:12.454483Z,10.00,0.0900,0.9100,yes
9cfaa68b-2dc0-5b7a-666d-3dc01435d2f8,KXNEXTIRANLEADER-45JAN01-GMOH,2026-03-01T19:10:54.740527Z,52.00,0.0900,0.9100,yes
5d516ac1-94c0-7b2e-b124-d2b23133bc30,KXNEXTIRANLEADER-45JAN01-GMOH,2026-03-01T19:09:10.921125Z,104.00,0.0900,0.9100,yes
2cf7d59b-c45d-6484-5ecb-a39bad1dccc7,KXNEXTIRANLEADER-45JAN01-GMOH,2026-03-01T19:03:27.881996Z,94.00,0.1000,0.9000,yes
0c7b9ce8-5a59-429c-290c-45272e2570ab,KXNEXTIRANLEADER-45JAN01-GMOH,2026-03-01T19:03:04.31358Z,47.00,0.1000,0.9000,yes
0038c2d9-41cd-456a-3499-a55a7ad6996f,KXNEXTIRANLEADER-45JAN01-GMOH,2026-03-01T18:55:13.771283Z,500.00,0.0900,0.9100,no
43ea187c-4bb5-40e0-6634-8789ae6def93,KXNEXTIRANLEADER-45JAN01-GMOH,2026-03-01T18:53:51.340846Z,28.00,0.1000,0.9000,yes
ba122dd4-4400-6c6e-fd77-839f349f23f1,KXNEXTIRANLEADER-45JAN01-GMOH,2026-03-01T18:53:49.291371Z,53.00,0.1000,0.9000,yes
5a82e26a-6301-6130-cf50-014282f233bf,KXNEXTIRANLEADER-45JAN01-GMOH,2026-03-01T18:53:49.291371Z,257.00,0.1000,0.9000,yes
6b40c5fd-c904-6c2a-fea2-34854fcbcefd,KXNEXTIRANLEADER-45JAN01-GMOH,2026-03-01T18:53:24.229121Z,9.00,0.1000,0.9000,yes
fb9f337e-6ab0-728b-fc77-8c9815955182,KXNEXTIRANLEADER-45JAN01-GMOH,2026-03-01T18:50:44.59921Z,296.00,0.0800,0.9200,yes
7d8ae503-143f-7efa-e67d-87441833bc1c,KXNEXTIRANLEADER-45JAN01-GMOH,2026-03-01T18:50:44.59921Z,1.00,0.0800,0.9200,yes
6005195f-fd68-7431-da28-b6130fb7641d,KXNEXTIRANLEADER-45JAN01-GMOH,2026-03-01T18:50:44.59921Z,111.00,0.0800,0.9200,yes
17a6884c-1597-4271-47fb-90a340d3c322,KXNEXTIRANLEADER-45JAN01-GMOH,2026-03-01T18:46:55.023055Z,11.00,0.0800,0.9200,yes
c727dd9a-d2e0-4580-dade-705b48dfbc01,KXNEXTIRANLEADER-45JAN01-GMOH,2026-03-01T18:38:52.577105Z,18.00,0.0800,0.9200,no
8961dfb9-a85e-4afe-d249-73d01bd1ecaa,KXNEXTIRANLEADER-45JAN01-GMOH,2026-03-01T18:38:52.577105Z,667.00,0.0800,0.9200,no
74e3d7db-ea58-41b9-ea0f-229daa8b10c1,KXNEXTIRANLEADER-45JAN01-GMOH,2026-03-01T18:38:52.577105Z,333.00,0.0800,0.9200,no
6ddda09d-01f7-49b0-f4b2-cedaf35291cf,KXNEXTIRANLEADER-45JAN01-GMOH,2026-03-01T18:38:52.577105Z,2.00,0.0800,0.9200,no
5b2ec474-453b-4d31-d376-feb9f519e986,KXNEXTIRANLEADER-45JAN01-GMOH,2026-03-01T18:38:52.577105Z,389.00,0.0800,0.9200,no
afdea9e6-75b8-540c-8f9b-5c50d5b24627,KXNEXTIRANLEADER-45JAN01-GMOH,2026-03-01T18:29:25.830259Z,18.00,0.0900,0.9100,yes
68fca82e-bb42-5c1a-a54e-21a1a0476b2e,KXNEXTIRANLEADER-45JAN01-GMOH,2026-03-01T18:29:25.830259Z,2.00,0.0900,0.9100,yes
121ad838-bfb4-4f35-a456-bacf8a337b00,KXNEXTIRANLEADER-45JAN01-GMOH,2026-03-01T18:22:19.477571Z,10.00,0.0900,0.9100,yes
ef510665-953c-70da-a1b0-c14b5124ad55,KXNEXTIRANLEADER-45JAN01-GMOH,2026-03-01T18:19:12.135923Z,24.00,0.1000,0.9000,yes
bf147a57-774e-75ce-8da2-14aab04a28ff,KXNEXTIRANLEADER-45JAN01-GMOH,2026-03-01T18:19:12.135923Z,14.00,0.0900,0.9100,yes
539687b8-3eda-7b50-bdaf-fc99160cc930,KXNEXTIRANLEADER-45JAN01-GMOH,2026-03-01T18:19:12.135923Z,10.00,0.0900,0.9100,yes
def43b5f-08eb-68fd-d3b5-54560528af2e,KXNEXTIRANLEADER-45JAN01-GMOH,2026-03-01T18:04:36.556147Z,611.00,0.0800,0.9200,no
de317afb-45fa-7920-7465-7ec14843f055,KXNEXTIRANLEADER-45JAN01-GMOH,2026-03-01T18:03:29.006704Z,28.00,0.0900,0.9100,no
c2b01425-e385-77ce-7e6a-b0a4b027c454,KXNEXTIRANLEADER-45JAN01-GMOH,2026-03-01T18:03:29.006704Z,2962.00,0.0900,0.9100,no
bc0d29c4-b8cd-724f-617f-dfac767ca875,KXNEXTIRANLEADER-45JAN01-GMOH,2026-03-01T18:03:29.006704Z,24.00,0.0900,0.9100,no
ab7ffa43-0eea-7802-6b2e-4be0e874a180,KXNEXTIRANLEADER-45JAN01-GMOH,2026-03-01T18:03:29.006704Z,30.00,0.0900,0.9100,no
940ca1ed-929a-7c49-5120-8ac734a07c43,KXNEXTIRANLEADER-45JAN01-GMOH,2026-03-01T18:03:29.006704Z,50.00,0.0900,0.9100,no
392d6ced-f68f-7669-5efa-2c735c35d276,KXNEXTIRANLEADER-45JAN01-GMOH,2026-03-01T18:03:29.006704Z,177.00,0.0900,0.9100,no
bedabf47-1d65-7b46-1318-e4e52db9188c,KXNEXTIRANLEADER-45JAN01-GMOH,2026-03-01T17:57:28.285096Z,993.00,0.0900,0.9100,no
028c2614-ff7a-7b12-34e3-d12d6bd5269e,KXNEXTIRANLEADER-45JAN01-GMOH,2026-03-01T17:57:28.285096Z,455.00,0.1000,0.9000,no
007cf3cf-e61d-70e3-33b8-202b42bc4e65,KXNEXTIRANLEADER-45JAN01-GMOH,2026-03-01T17:57:28.285096Z,112.00,0.1000,0.9000,no
9398a5da-483e-5199-602d-f3c210a0d6c4,KXNEXTIRANLEADER-45JAN01-GMOH,2026-03-01T17:49:43.483413Z,61.00,0.1100,0.8900,yes
ff73438f-c246-4bae-9859-e842354d53fe,KXNEXTIRANLEADER-45JAN01-GMOH,2026-03-01T17:33:34.718273Z,17.00,0.1000,0.9000,no
3183f101-70c6-7175-c2e5-29c9aab334b8,KXNEXTIRANLEADER-45JAN01-GMOH,2026-03-01T17:27:42.176543Z,17.00,0.1100,0.8900,yes
b7477234-6996-53e9-b0ac-eb80f65c6bfc,KXNEXTIRANLEADER-45JAN01-GMOH,2026-03-01T17:27:36.485408Z,134.00,0.1100,0.8900,yes
8bbbcd08-0196-428e-3dda-52be7d4b3b0f,KXNEXTIRANLEADER-45JAN01-GMOH,2026-03-01T17:25:54.576394Z,28.00,0.1000,0.9000,yes
531e058b-59a9-435e-fca2-01c9d7ce7ae0,KXNEXTIRANLEADER-45JAN01-GMOH,2026-03-01T17:25:21.322286Z,1045.00,0.0900,0.9100,no
1257e182-ba9a-4d9f-e84e-1fa3d7d7ba7e,KXNEXTIRANLEADER-45JAN01-GMOH,2026-03-01T17:25:21.322286Z,55.00,0.0900,0.9100,no
59ea690e-fcd6-59c9-3b68-c43cbb144758,KXNEXTIRANLEADER-45JAN01-GMOH,2026-03-01T17:18:52.867867Z,130.00,0.1100,0.8900,yes
cc07871a-6a92-50dd-7d68-71b560ac2490,KXNEXTIRANLEADER-45JAN01-GMOH,2026-03-01T17:17:52.344238Z,267.00,0.1100,0.8900,yes
07d67d2d-4c14-51ec-4c27-9564bdc1d235,KXNEXTIRANLEADER-45JAN01-GMOH,2026-03-01T17:17:52.344238Z,32.00,0.1100,0.8900,yes
50f988d3-3c4c-7b68-db7c-b89ead0e183d,KXNEXTIRANLEADER-45JAN01-GMOH,2026-03-01T17:17:19.272796Z,42.00,0.1100,0.8900,yes
d75caa23-6a28-6732-8ffd-8e8a873e9fc6,KXNEXTIRANLEADER-45JAN01-GMOH,2026-03-01T17:11:16.547545Z,12.00,0.1000,0.9000,yes
4e7405f3-4e18-67d0-a705-bb3fd91ee411,KXNEXTIRANLEADER-45JAN01-GMOH,2026-03-01T17:11:16.547545Z,117.00,0.1100,0.8900,yes
40c8d762-9978-7f5c-605d-3e6742e726d5,KXNEXTIRANLEADER-45JAN01-GMOH,2026-03-01T17:07:46.370313Z,9.00,0.1100,0.8900,yes
6f29052f-8528-6827-e95c-df1ae633b8ba,KXNEXTIRANLEADER-45JAN01-GMOH,2026-03-01T17:00:18.948435Z,55.00,0.1100,0.8900,yes
3631aa29-be20-6ebe-e3b5-22d0e19798b9,KXNEXTIRANLEADER-45JAN01-GMOH,2026-03-01T17:00:18.948435Z,402.00,0.1200,0.8800,yes
2a303a5c-ebb0-6e77-d493-48063dfea1c8,KXNEXTIRANLEADER-45JAN01-GMOH,2026-03-01T17:00:18.948435Z,9.00,0.1100,0.8900,yes
3caf585b-87a8-587b-c7f6-590ac844356c,KXNEXTIRANLEADER-45JAN01-GMOH,2026-03-01T16:58:49.67311Z,128.00,0.1100,0.8900,yes
b2a02460-ac42-61fb-d32a-5b61f3cb702b,KXNEXTIRANLEADER-45JAN01-GMOH,2026-03-01T16:54:13.735718Z,418.00,0.1100,0.8900,yes
03598eb2-eaac-623e-dd6a-efcc3fb5330d,KXNEXTIRANLEADER-45JAN01-GMOH,2026-03-01T16:54:13.735718Z,9.00,0.1200,0.8800,yes
fc7c80a7-8de6-693f-6f3f-70bf23aea4c7,KXNEXTIRANLEADER-45JAN01-GMOH,2026-03-01T16:53:19.378642Z,8.00,0.1100,0.8900,yes
d214c7a0-2a2e-7f48-70eb-e9edd8e0a5dd,KXNEXTIRANLEADER-45JAN01-GMOH,2026-03-01T16:53:08.410644Z,500.00,0.0900,0.9100,yes
bc707ba4-571a-7e13-74f6-42d130b2f19f,KXNEXTIRANLEADER-45JAN01-GMOH,2026-03-01T16:53:08.410644Z,74.00,0.1100,0.8900,yes
9bae44fb-6499-70c9-4e2c-a04099e207e5,KXNEXTIRANLEADER-45JAN01-GMOH,2026-03-01T16:53:08.410644Z,158.00,0.0900,0.9100,yes
9117f586-c6e8-7470-5389-488e0c436777,KXNEXTIRANLEADER-45JAN01-GMOH,2026-03-01T16:53:08.410644Z,48.00,0.0900,0.9100,yes
73acfbef-1a32-7197-53fe-038d973f877e,KXNEXTIRANLEADER-45JAN01-GMOH,2026-03-01T16:53:08.410644Z,1663.00,0.0900,0.9100,yes
65cf5c3a-1f35-71da-4adf-b201edabc049,KXNEXTIRANLEADER-45JAN01-GMOH,2026-03-01T16:53:08.410644Z,374.00,0.0800,0.9200,yes
3d94ce8e-6ae5-7cf1-7658-5de4dc53ddf7,KXNEXTIRANLEADER-45JAN01-GMOH,2026-03-01T16:53:08.410644Z,11.00,0.1000,0.9000,yes
2e06be3c-7879-7a79-68cd-b6f73810a04d,KXNEXTIRANLEADER-45JAN01-GMOH,2026-03-01T16:53:08.410644Z,370.00,0.0800,0.9200,yes
cb2e6d5a-0091-431a-6318-a6bc8b1bc4d9,KXNEXTIRANLEADER-45JAN01-GMOH,2026-03-01T16:48:41.411426Z,126.00,0.0800,0.9200,yes
8f8ea6e4-9c52-4b97-6b91-45d01070b743,KXNEXTIRANLEADER-45JAN01-GMOH,2026-03-01T16:48:41.411426Z,1074.00,0.0800,0.9200,yes
cdf4840b-6eee-6db3-15fb-252a19e568a7,KXNEXTIRANLEADER-45JAN01-GMOH,2026-03-01T16:48:14.641454Z,105.00,0.0800,0.9200,yes
32f5af65-8d2e-5753-0830-2a7f84022637,KXNEXTIRANLEADER-45JAN01-GMOH,2026-03-01T16:44:14.016805Z,11.00,0.0800,0.9200,yes
ced6255c-f692-7927-5538-e59ca8392593,KXNEXTIRANLEADER-45JAN01-GMOH,2026-03-01T16:44:08.313688Z,140.00,0.0800,0.9200,yes
dc9489b8-b72a-45af-07d8-3bc07ad2e79b,KXNEXTIRANLEADER-45JAN01-GMOH,2026-03-01T16:38:31.962952Z,258.00,0.0800,0.9200,yes
481a8966-a646-7417-680a-b680beb3bd5b,KXNEXTIRANLEADER-45JAN01-GMOH,2026-03-01T16:33:50.909199Z,22.00,0.0800,0.9200,yes
6451e73e-539f-5f76-6f81-e45e8def5a5c,KXNEXTIRANLEADER-45JAN01-GMOH,2026-03-01T16:33:35.970389Z,1000.00,0.0700,0.9300,no
f25c7fca-1bd2-4897-b158-afb6de3a6fcb,KXNEXTIRANLEADER-45JAN01-GMOH,2026-03-01T16:32:06.924572Z,200.00,0.0800,0.9200,yes
e1dbccd2-21b3-65b6-03d3-49f4df778458,KXNEXTIRANLEADER-45JAN01-GMOH,2026-03-01T16:30:57.575052Z,500.00,0.0700,0.9300,yes
a03e72fe-0a9d-6ebe-16c9-163a1a956ef2,KXNEXTIRANLEADER-45JAN01-GMOH,2026-03-01T16:30:57.575052Z,953.00,0.0700,0.9300,yes
5eebb854-d505-54de-c3bd-49e4b3b3f246,KXNEXTIRANLEADER-45JAN01-GMOH,2026-03-01T16:26:06.192263Z,47.00,0.0700,0.9300,yes
1bf70e2c-3332-518f-012b-147a7d5d7ddf,KXNEXTIRANLEADER-45JAN01-GMOH,2026-03-01T16:09:55.799566Z,117.00,0.0800,0.9200,yes
e1d2474a-5738-7b74-cb42-c94378faa9f7,KXNEXTIRANLEADER-45JAN01-GMOH,2026-03-01T16:05:43.36115Z,40.00,0.0700,0.9300,yes
d7be9875-36b4-7b25-c8da-a99aac0e74cd,KXNEXTIRANLEADER-45JAN01-GMOH,2026-03-01T16:05:43.36115Z,10.00,0.0700,0.9300,yes
0c9d07cf-db52-7cf3-d2b7-0087306e785b,KXNEXTIRANLEADER-45JAN01-GMOH,2026-03-01T16:05:43.36115Z,73.00,0.0800,0.9200,yes
b81275ff-2640-743c-dbdd-e523b9c5c6d7,KXNEXTIRANLEADER-45JAN01-GMOH,2026-03-01T16:03:37.10749Z,737.00,0.0700,0.9300,yes
9e9f40b8-25ec-79fc-db97-650f82263cd7,KXNEXTIRANLEADER-45JAN01-GMOH,2026-03-01T16:02:34.130904Z,13.00,0.0700,0.9300,yes
4aa7d427-9600-78f0-c800-bf73eb1071ef,KXNEXTIRANLEADER-45JAN01-GMOH,2026-03-01T15:58:04.998734Z,13.00,0.0700,0.9300,yes
37fde81b-32ad-682b-7aba-71541e8acf84,KXNEXTIRANLEADER-45JAN01-GMOH,2026-03-01T15:54:01.349217Z,846.00,0.0600,0.9400,no
8536ad5a-d834-66fc-f0ac-c9c0f0f79c93,KXNEXTIRANLEADER-45JAN01-GMOH,2026-03-01T15:39:49.569391Z,134.00,0.0700,0.9300,yes
80f36efe-9e20-6a60-6638-cd80bd9927db,KXNEXTIRANLEADER-45JAN01-GMOH,2026-03-01T15:35:41.692345Z,63.00,0.0700,0.9300,yes
5fd04b7a-5520-6353-7946-6dc72957ed29,KXNEXTIRANLEADER-45JAN01-GMOH,2026-03-01T15:35:41.692345Z,37.00,0.0700,0.9300,yes
e5cc7e85-b5ff-6eab-39c4-90c5039072f3,KXNEXTIRANLEADER-45JAN01-GMOH,2026-03-01T15:22:42.453157Z,8.00,0.0600,0.9400,yes
e3f3cd27-93d2-6bda-1d32-dd8b851cb6b8,KXNEXTIRANLEADER-45JAN01-GMOH,2026-03-01T15:22:42.453157Z,119.00,0.0600,0.9400,yes
220b01a2-be02-6bb7-1d33-448b8264706f,KXNEXTIRANLEADER-45JAN01-GMOH,2026-03-01T15:22:42.453157Z,10.00,0.0600,0.9400,yes
189b9574-bfa7-6abe-0162-bee70e445622,KXNEXTIRANLEADER-45JAN01-GMOH,2026-03-01T15:22:42.453157Z,271.00,0.0600,0.9400,yes
7a632640-6654-4553-a217-bfbb322b7cb5,KXNEXTIRANLEADER-45JAN01-GMOH,2026-03-01T15:17:00.41989Z,13.00,0.0700,0.9300,yes
d8f2a2c7-69b8-4684-b29a-7b761f8bf526,KXNEXTIRANLEADER-45JAN01-GMOH,2026-03-01T15:13:23.781104Z,9.00,0.0600,0.9400,no
c1b37934-f211-4bea-8c84-f710cdb780e7,KXNEXTIRANLEADER-45JAN01-GMOH,2026-03-01T15:13:23.781104Z,5.00,0.0800,0.9200,no
be896de5-dcaf-448f-93c1-9e7599adf11c,KXNEXTIRANLEADER-45JAN01-GMOH,2026-03-01T15:13:23.781104Z,21.00,0.0800,0.9200,no
b034e6d6-c272-4771-92c2-a921075a8262,KXNEXTIRANLEADER-45JAN01-GMOH,2026-03-01T15:13:23.781104Z,72.00,0.0700,0.9300,no
a5cea095-4e7b-45b4-9b55-6b1ea4a6dbc0,KXNEXTIRANLEADER-45JAN01-GMOH,2026-03-01T15:13:23.781104Z,52.00,0.0600,0.9400,no
949bfea3-8803-4b69-b5b8-019c072b21ff,KXNEXTIRANLEADER-45JAN01-GMOH,2026-03-01T15:13:23.781104Z,3.00,0.0800,0.9200,no
924389fd-79e6-426a-a50c-dc26f1fe624b,KXNEXTIRANLEADER-45JAN01-GMOH,2026-03-01T15:13:23.781104Z,4.00,0.0700,0.9300,no
8e4e29ee-99c4-4d84-97c3-ad1b26ea6b18,KXNEXTIRANLEADER-45JAN01-GMOH,2026-03-01T15:13:23.781104Z,774.00,0.0500,0.9500,no
80956796-0cdd-452b-b29b-346f8b76b446,KXNEXTIRANLEADER-45JAN01-GMOH,2026-03-01T15:13:23.781104Z,5.00,0.0800,0.9200,no
77e9df5b-3122-4c21-8d3e-47974faf917f,KXNEXTIRANLEADER-45JAN01-GMOH,2026-03-01T15:13:23.781104Z,18.00,0.0700,0.9300,no
60da1518-57e0-4a70-9d0b-7bce1069f171,KXNEXTIRANLEADER-45JAN01-GMOH,2026-03-01T15:13:23.781104Z,1000.00,0.0800,0.9200,no
4542be3b-d630-49c3-aa63-a83d5757cb7b,KXNEXTIRANLEADER-45JAN01-GMOH,2026-03-01T15:13:23.781104Z,106.00,0.0600,0.9400,no
3acc6544-4d38-42bf-a2b1-153b4a2c967d,KXNEXTIRANLEADER-45JAN01-GMOH,2026-03-01T15:13:23.781104Z,20.00,0.0600,0.9400,no
c84da000-3561-6bab-2de1-d5d2bd1e0b4a,KXNEXTIRANLEADER-45JAN01-GMOH,2026-03-01T15:11:31.768621Z,10.00,0.0800,0.9200,no
37b7f096-b6c3-68cb-2559-223cc7c26a8c,KXNEXTIRANLEADER-45JAN01-GMOH,2026-03-01T15:11:31.768621Z,83.00,0.0800,0.9200,no
cb0bbecb-64de-63a3-b662-f0bae904f9c2,KXNEXTIRANLEADER-45JAN01-GMOH,2026-03-01T15:03:23.211309Z,98.00,0.0900,0.9100,yes
eb77881b-be7a-6a57-1cf1-f0edbb310536,KXNEXTIRANLEADER-45JAN01-GMOH,2026-03-01T15:02:24.188391Z,39.00,0.0900,0.9100,yes
d8b7c5d4-fdf9-6e1b-0a1e-3436d82d4a12,KXNEXTIRANLEADER-45JAN01-GMOH,2026-03-01T15:02:24.188391Z,13.00,0.0900,0.9100,yes
4c32e952-d248-7ae1-09c3-bdcd4fd5a2f8,KXNEXTIRANLEADER-45JAN01-GMOH,2026-03-01T14:58:25.820841Z,2.00,0.0900,0.9100,yes
2ed0ef66-e8c9-72c3-359b-a85f93dee6c2,KXNEXTIRANLEADER-45JAN01-GMOH,2026-03-01T14:58:25.820841Z,3.00,0.0900,0.9100,yes
2ca2d927-12fd-58b3-0b8d-28d96ab2cd92,KXNEXTIRANLEADER-45JAN01-GMOH,2026-03-01T14:51:16.301531Z,15.00,0.0800,0.9200,no
51668a0e-61ac-5b11-47e8-53bacf77d67c,KXNEXTIRANLEADER-45JAN01-GMOH,2026-03-01T14:45:40.628986Z,104.00,0.0900,0.9100,yes
40ca0b80-61e0-6491-b4cc-2cc9a05f2f34,KXNEXTIRANLEADER-45JAN01-GMOH,2026-03-01T14:44:31.744159Z,31.00,0.0900,0.9100,yes
386de341-8d03-645d-a666-ba3dfdb35b96,KXNEXTIRANLEADER-45JAN01-GMOH,2026-03-01T14:44:31.744159Z,1160.00,0.0900,0.9100,yes
27ebd02a-b0fb-6b1e-b860-632b661dbcea,KXNEXTIRANLEADER-45JAN01-GMOH,2026-03-01T14:44:31.744159Z,898.00,0.0900,0.9100,yes
e05fd3a1-f3bf-65f5-87fb-9fadadb50dee,KXNEXTIRANLEADER-45JAN01-GMOH,2026-03-01T14:44:04.976829Z,16.00,0.0900,0.9100,yes
d34d642a-f7c3-6eb7-b061-f7740e2b8c81,KXNEXTIRANLEADER-45JAN01-GMOH,2026-03-01T14:44:04.976829Z,32.00,0.0800,0.9200,yes
c638f519-d8de-6af9-9dc7-fc06d5560948,KXNEXTIRANLEADER-45JAN01-GMOH,2026-03-01T14:44:04.976829Z,10.00,0.0800,0.9200,yes
ba8b691a-2e6a-6735-857d-197208056127,KXNEXTIRANLEADER-45JAN01-GMOH,2026-03-01T14:44:04.976829Z,57.00,0.0800,0.9200,yes
746b8b61-aacc-6418-2a46-a4ce8f413b57,KXNEXTIRANLEADER-45JAN01-GMOH,2026-03-01T14:40:10.004314Z,423.00,0.0700,0.9300,no
56cb64f8-ba38-67cc-3cd7-5763d88f0dec,KXNEXTIRANLEADER-45JAN01-GMOH,2026-03-01T14:40:10.004314Z,45.00,0.0800,0.9200,no
43a1b85c-a575-6fee-833c-ab232c527691,KXNEXTIRANLEADER-45JAN01-GMOH,2026-03-01T14:38:43.789274Z,10.00,0.0800,0.9200,no
84bed639-d1bf-7d1d-a1bf-c7ba57c1587a,KXNEXTIRANLEADER-45JAN01-GMOH,2026-03-01T14:36:54.945318Z,20.00,0.0900,0.9100,yes
238d9199-e050-4255-6c8d-201da4baed39,KXNEXTIRANLEADER-45JAN01-GMOH,2026-03-01T14:36:26.628074Z,13.00,0.0800,0.9200,no
096f308a-e9cd-4f75-6afe-f8e68bbc18eb,KXNEXTIRANLEADER-45JAN01-GMOH,2026-03-01T14:36:26.628074Z,12.00,0.0800,0.9200,no
946f6c75-25bb-5f79-4aac-aa219dbfdf86,KXNEXTIRANLEADER-45JAN01-GMOH,2026-03-01T14:34:34.490588Z,104.00,0.0900,0.9100,yes
b8ad69ad-dc88-70f1-c6d3-6fc291f0f5dd,KXNEXTIRANLEADER-45JAN01-GMOH,2026-03-01T14:29:47.962084Z,602.00,0.0800,0.9200,no
ae22ed5a-4d75-789e-ed29-dff41e77edc3,KXNEXTIRANLEADER-45JAN01-GMOH,2026-03-01T14:29:47.962084Z,22.00,0.0800,0.9200,no
dd7db53d-e829-671e-eb34-245d57d14163,KXNEXTIRANLEADER-45JAN01-GMOH,2026-03-01T14:28:43.428145Z,10.00,0.0800,0.9200,no
489e9f73-6461-77f9-8e42-6ca5dbc62c27,KXNEXTIRANLEADER-45JAN01-GMOH,2026-03-01T14:16:25.292013Z,416.00,0.1000,0.9000,yes
c905764e-dc01-4781-c3d5-f412f8bb1493,KXNEXTIRANLEADER-45JAN01-GMOH,2026-03-01T14:13:30.813934Z,282.00,0.1000,0.9000,yes
d0ea0176-0ed4-445e-0106-1c1eb9192de4,KXNEXTIRANLEADER-45JAN01-GMOH,2026-03-01T13:54:31.975473Z,14.00,0.1100,0.8900,yes
aef8c77e-083f-48d2-38c7-e02f71173986,KXNEXTIRANLEADER-45JAN01-GMOH,2026-03-01T13:54:31.975473Z,102.00,0.1100,0.8900,yes
42fb4d73-4410-49cc-390b-61c453184f66,KXNEXTIRANLEADER-45JAN01-GMOH,2026-03-01T13:54:31.975473Z,55.00,0.1100,0.8900,yes
63fd5574-aee4-430d-a7f9-8e6872a1decf,KXNEXTIRANLEADER-45JAN01-GMOH,2026-03-01T13:49:11.473141Z,26.00,0.1200,0.8800,no
5e965914-6cc4-77b5-ce40-17847b6c828f,KXNEXTIRANLEADER-45JAN01-GMOH,2026-03-01T13:49:09.151487Z,28.00,0.1200,0.8800,no
e09b3dcb-76fd-78c5-3ddc-f55ae0d3a08b,KXNEXTIRANLEADER-45JAN01-GMOH,2026-03-01T13:32:56.8199Z,9.00,0.1300,0.8700,yes
7207d10e-8731-74a1-0ec0-ba2c495871f4,KXNEXTIRANLEADER-45JAN01-GMOH,2026-03-01T13:32:56.8199Z,1421.00,0.1400,0.8600,yes
65f1fe89-6df3-7a7e-1e5d-76d1e9c452db,KXNEXTIRANLEADER-45JAN01-GMOH,2026-03-01T13:32:56.8199Z,1500.00,0.1400,0.8600,yes
368bb2e5-162a-7c29-1d7b-343d8eb3fb8b,KXNEXTIRANLEADER-45JAN01-GMOH,2026-03-01T13:32:56.8199Z,55.00,0.1300,0.8700,yes
1132010b-7b71-7983-0482-2e21dfef2af5,KXNEXTIRANLEADER-45JAN01-GMOH,2026-03-01T13:32:56.8199Z,15.00,0.1200,0.8800,yes
f5b14bb4-c8d1-61aa-5784-4490899957fd,KXNEXTIRANLEADER-45JAN01-GMOH,2026-03-01T13:25:12.496262Z,3.00,0.1300,0.8700,yes
efa1e076-8c9f-4169-a164-79b98f1c46d3,KXNEXTIRANLEADER-45JAN01-GMOH,2026-03-01T13:20:55.034048Z,11.00,0.1100,0.8900,no
b7c75411-16fb-4bb7-b282-65496222e04f,KXNEXTIRANLEADER-45JAN01-GMOH,2026-03-01T13:20:55.034048Z,55.00,0.1100,0.8900,no
d577a262-710b-4bca-6680-4c68a9d38985,KXNEXTIRANLEADER-45JAN01-GMOH,2026-03-01T13:20:53.798441Z,24.00,0.1000,0.9000,no
5de88ab9-0a3e-4fe8-5908-6918bfa2d847,KXNEXTIRANLEADER-45JAN01-GMOH,2026-03-01T13:20:53.798441Z,32.00,0.1000,0.9000,no
efe62a8f-ccf5-63f7-b690-11688a5fec46,KXNEXTIRANLEADER-45JAN01-GMOH,2026-03-01T13:20:52.572582Z,5.00,0.1100,0.8900,no
ed197bbb-16dc-43da-e77e-00c382c8368a,KXNEXTIRANLEADER-45JAN01-GMOH,2026-03-01T13:20:46.99059Z,7.00,0.1100,0.8900,no
35e53f90-3244-523e-3bad-49d8083887ae,KXNEXTIRANLEADER-45JAN01-GMOH,2026-03-01T13:20:45.216682Z,5.00,0.1100,0.8900,no
e48f6913-14f0-6684-54d0-197682cf09f0,KXNEXTIRANLEADER-45JAN01-GMOH,2026-03-01T13:20:28.585452Z,12.00,0.1000,0.9000,yes
bf42f5ea-d7bc-66dc-5af9-39db7c0eed45,KXNEXTIRANLEADER-45JAN01-GMOH,2026-03-01T13:20:28.585452Z,6.00,0.1100,0.8900,yes
9b639ae6-8787-69c1-53d5-660ae94bab53,KXNEXTIRANLEADER-45JAN01-GMOH,2026-03-01T13:20:28.585452Z,15.00,0.1900,0.8100,yes
8f64341a-5248-6fed-60af-da82b32fa431,KXNEXTIRANLEADER-45JAN01-GMOH,2026-03-01T13:20:28.585452Z,7.00,0.1700,0.8300,yes
6e631e50-d673-6ac2-64fd-bcb82d070357,KXNEXTIRANLEADER-45JAN01-GMOH,2026-03-01T13:20:28.585452Z,49.00,0.1800,0.8200,yes
6adbe3f5-113b-63cf-5cd3-2ae5653e01dd,KXNEXTIRANLEADER-45JAN01-GMOH,2026-03-01T13:20:28.585452Z,16.00,0.1000,0.9000,yes
4d3d4069-e8ca-6920-7308-a6105f8b2cdc,KXNEXTIRANLEADER-45JAN01-GMOH,2026-03-01T13:20:28.585452Z,55.00,0.1700,0.8300,yes
31b3ab39-bc29-6596-48cf-d918d85481cb,KXNEXTIRANLEADER-45JAN01-GMOH,2026-03-01T13:20:28.585452Z,6.00,0.1600,0.8400,yes
16a2d5df-b5b7-67bc-630b-1f9c8638f0ea,KXNEXTIRANLEADER-45JAN01-GMOH,2026-03-01T13:20:28.585452Z,1.00,0.1200,0.8800,yes
035b7a64-eabd-624a-5edc-af7b01fe2baa,KXNEXTIRANLEADER-45JAN01-GMOH,2026-03-01T13:20:28.585452Z,20.00,0.1100,0.8900,yes
da4f1db6-432f-4611-8b48-3313e7871ce7,KXNEXTIRANLEADER-45JAN01-GMOH,2026-03-01T13:19:24.451514Z,50.00,0.0900,0.9100,no
fc4a0da0-ea87-70b5-e9e5-6719915023a9,KXNEXTIRANLEADER-45JAN01-GMOH,2026-03-01T13:19:24.408986Z,1000.00,0.0900,0.9100,yes
fc03e00b-95c6-753b-fe25-9f24e0a30695,KXNEXTIRANLEADER-45JAN01-GMOH,2026-03-01T13:19:24.408986Z,100.00,0.0900,0.9100,yes
f69aa840-d874-7dd9-f8ce-9e49562d9434,KXNEXTIRANLEADER-45JAN01-GMOH,2026-03-01T13:19:24.408986Z,64.00,0.0900,0.9100,yes
d0fc4c90-ede9-7735-da64-f89744625f39,KXNEXTIRANLEADER-45JAN01-GMOH,2026-03-01T13:19:24.408986Z,3.00,0.0900,0.9100,yes
b8a0c9b6-754c-71ee-e70f-a660dfe420fd,KXNEXTIRANLEADER-45JAN01-GMOH,2026-03-01T13:19:24.408986Z,1108.00,0.0900,0.9100,yes
2c791ebc-7bef-701c-ce24-620f16005381,KXNEXTIRANLEADER-45JAN01-GMOH,2026-03-01T13:19:24.408986Z,4.00,0.0900,0.9100,yes
0213e536-4f47-72cb-fea3-bf6d799afff6,KXNEXTIRANLEADER-45JAN01-GMOH,2026-03-01T13:19:24.408986Z,1000.00,0.0900,0.9100,yes
57df99a6-3c08-45b6-7ef1-dc588ee74449,KXNEXTIRANLEADER-45JAN01-GMOH,2026-03-01T13:18:35.801616Z,350.00,0.0900,0.9100,yes
56975d6b-7c2a-5297-762d-0a8a06c02186,KXNEXTIRANLEADER-45JAN01-GMOH,2026-03-01T13:17:49.29995Z,15.00,0.0800,0.9200,no
7daba8fb-4522-46a7-602d-4fa96efc467e,KXNEXTIRANLEADER-45JAN01-GMOH,2026-03-01T13:17:47.4988Z,35.00,0.0800,0.9200,no
8db45607-554d-4831-5371-2104f85d23e5,KXNEXTIRANLEADER-45JAN01-GMOH,2026-03-01T13:07:58.369745Z,100.00,0.0800,0.9200,yes
783c09ce-b884-544a-c48f-6959fd15cd61,KXNEXTIRANLEADER-45JAN01-GMOH,2026-03-01T13:01:01.07186Z,8.00,0.0900,0.9100,yes
7293be74-dec5-5bf0-eaa5-61931d4439d7,KXNEXTIRANLEADER-45JAN01-GMOH,2026-03-01T13:01:01.07186Z,55.00,0.0800,0.9200,yes
501c4c6b-f1ad-542c-c63e-0f967614be82,KXNEXTIRANLEADER-45JAN01-GMOH,2026-03-01T13:01:01.07186Z,89.00,0.0800,0.9200,yes
4e328448-f963-5382-d471-660a0f772ae8,KXNEXTIRANLEADER-45JAN01-GMOH,2026-03-01T13:01:01.07186Z,25.00,0.0700,0.9300,yes
d3950943-7658-7c22-d9be-0ab42ad03985,KXNEXTIRANLEADER-45JAN01-GMOH,2026-03-01T12:55:47.541415Z,34.00,0.0900,0.9100,yes
1986adf1-1b9c-731c-f5dd-ec31e8471b71,KXNEXTIRANLEADER-45JAN01-GMOH,2026-03-01T12:55:47.541415Z,66.00,0.0900,0.9100,yes
e20ea140-2130-67fc-1a4c-e491cc5b0e55,KXNEXTIRANLEADER-45JAN01-GMOH,2026-03-01T12:45:59.917816Z,55.00,0.0800,0.9200,yes
c65efdd2-3d0b-657b-22a9-0257cba9d155,KXNEXTIRANLEADER-45JAN01-GMOH,2026-03-01T12:45:59.917816Z,25.00,0.0800,0.9200,yes
6e08a2cb-d3cc-6836-3b09-302b7e6c352f,KXNEXTIRANLEADER-45JAN01-GMOH,2026-03-01T12:45:59.917816Z,100.00,0.0800,0.9200,yes
8fa22865-b857-51b5-0f0c-167be62f1e8f,KXNEXTIRANLEADER-45JAN01-GMOH,2026-03-01T12:33:22.676331Z,57.00,0.0900,0.9100,no
50df86db-7c73-6fe5-05dc-8748c2619103,KXNEXTIRANLEADER-45JAN01-GMOH,2026-03-01T12:31:37.94381Z,15.00,0.0900,0.9100,no
ee5eecfe-52f2-58f1-5e3f-5b7eb7abae7b,KXNEXTIRANLEADER-45JAN01-GMOH,2026-03-01T12:30:55.992926Z,50.00,0.0900,0.9100,yes
cf8dbf75-d161-418f-d2c7-90a110c3aaa6,KXNEXTIRANLEADER-45JAN01-GMOH,2026-03-01T12:26:33.152552Z,20.00,0.0500,0.9500,no
ca38db48-10a7-4f00-c016-fa4fe0c78e1c,KXNEXTIRANLEADER-45JAN01-GMOH,2026-03-01T12:26:33.152552Z,32.00,0.0500,0.9500,no
879ef250-a7e1-411e-e1af-6074b7e8413d,KXNEXTIRANLEADER-45JAN01-GMOH,2026-03-01T12:26:33.152552Z,32.00,0.0400,0.9600,no
587d620e-a0a9-4880-c12c-1eda891efe39,KXNEXTIRANLEADER-45JAN01-GMOH,2026-03-01T12:26:33.152552Z,68.00,0.0400,0.9600,no
3d5c6169-733c-4e0d-dec7-a2813c7ec899,KXNEXTIRANLEADER-45JAN01-GMOH,2026-03-01T12:26:33.152552Z,105.00,0.0500,0.9500,no
3b0bcfeb-2d27-4303-c2cc-5270dc6ca9f7,KXNEXTIRANLEADER-45JAN01-GMOH,2026-03-01T12:26:33.152552Z,14.00,0.0500,0.9500,no
2dfb0b16-5da9-442f-c735-f0840d9152aa,KXNEXTIRANLEADER-45JAN01-GMOH,2026-03-01T12:26:33.152552Z,50.00,0.0600,0.9400,no
29d5bf92-4400-4fb9-dcd5-c70332f17d97,KXNEXTIRANLEADER-45JAN01-GMOH,2026-03-01T12:26:33.152552Z,55.00,0.0600,0.9400,no
e2e2fffe-a8e8-49b6-ebd5-1a3c8a409d7b,KXNEXTIRANLEADER-45JAN01-GMOH,2026-03-01T12:24:06.368458Z,160.00,0.0900,0.9100,no
c3594520-f6fa-4afe-f61c-87bd2ee102b7,KXNEXTIRANLEADER-45JAN01-GMOH,2026-03-01T12:24:06.368458Z,50.00,0.0900,0.9100,no
fafb3f4e-30eb-4079-ae7c-dd42c843752a,KXNEXTIRANLEADER-45JAN01-GMOH,2026-03-01T12:16:16.216809Z,641.00,0.0800,0.9200,yes
aae286b1-f1f7-40bb-ad4f-a52bb37038af,KXNEXTIRANLEADER-45JAN01-GMOH,2026-03-01T12:16:16.216809Z,920.00,0.0800,0.9200,yes
2ded7a09-4607-48a3-a585-d0d01ce6aeac,KXNEXTIRANLEADER-45JAN01-GMOH,2026-03-01T12:15:54.105989Z,279.00,0.0700,0.9300,yes
ec2384de-ea43-4089-193e-7780269be24e,KXNEXTIRANLEADER-45JAN01-GMOH,2026-03-01T12:13:56.345976Z,178.00,0.0800,0.9200,yes
1a26351a-2baf-54e1-7c97-93e15199577e,KXNEXTIRANLEADER-45JAN01-GMOH,2026-03-01T12:12:49.072024Z,11.00,0.0800,0.9200,yes
da7aeafc-f705-4937-169d-bc275bc83b06,KXNEXTIRANLEADER-45JAN01-GMOH,2026-03-01T12:12:37.540255Z,397.00,0.0700,0.9300,yes
cfc47045-2b31-7133-9faf-273953ad2a7a,KXNEXTIRANLEADER-45JAN01-GMOH,2026-03-01T12:11:03.350443Z,603.00,0.0700,0.9300,yes
b614d87f-0b0f-7ca6-82c2-37a364436c6a,KXNEXTIRANLEADER-45JAN01-GMOH,2026-03-01T12:11:03.350443Z,297.00,0.0700,0.9300,yes
c5f3d116-15ef-7828-8039-95733c3b2931,KXNEXTIRANLEADER-45JAN01-GMOH,2026-03-01T12:09:34.650745Z,55.00,0.0600,0.9400,yes
c3390ae9-d7f5-78ff-afbe-86c07fdf1239,KXNEXTIRANLEADER-45JAN01-GMOH,2026-03-01T12:09:34.650745Z,28.00,0.0600,0.9400,yes
462d127c-efb3-60e5-1fc7-ec8be0c7597f,KXNEXTIRANLEADER-45JAN01-GMOH,2026-03-01T12:09:10.074567Z,55.00,0.0600,0.9400,yes
3d494693-307f-6da2-15da-6b28b01e7ab2,KXNEXTIRANLEADER-45JAN01-GMOH,2026-03-01T12:09:10.074567Z,129.00,0.0700,0.9300,yes
1bb2c5e7-855c-67cc-26d8-fc9c0deb1e99,KXNEXTIRANLEADER-45JAN01-GMOH,2026-03-01T12:09:10.074567Z,28.00,0.0600,0.9400,yes
3ef5f5e6-a26c-54e2-f686-313fc170402e,KXNEXTIRANLEADER-45JAN01-GMOH,2026-03-01T12:00:33.368433Z,15.00,0.0700,0.9300,no
3a106c61-2081-559a-f03f-a324f35e92de,KXNEXTIRANLEADER-45JAN01-GMOH,2026-03-01T12:00:33.368433Z,125.00,0.0600,0.9400,no
13ef4c29-9aa5-79b3-8ae2-064417925385,KXNEXTIRANLEADER-45JAN01-GMOH,2026-03-01T11:56:48.626156Z,6.00,0.0800,0.9200,no
117c3d1e-f4b8-7e85-8a2b-12f507db17be,KXNEXTIRANLEADER-45JAN01-GMOH,2026-03-01T11:56:48.626156Z,56.00,0.0700,0.9300,no
0773a27a-a7fc-748d-d97f-80aa3ac73ccc,KXNEXTIRANLEADER-45JAN01-GMOH,2026-03-01T11:53:17.572077Z,1.00,0.1000,0.9000,no
957062b7-4f48-54fe-b93b-120010f0159d,KXNEXTIRANLEADER-45JAN01-GMOH,2026-03-01T11:39:17.222816Z,9.00,0.1700,0.8300,yes
90428bd7-bc9e-79a0-c4c1-958407038e41,KXNEXTIRANLEADER-45JAN01-GMOH,2026-03-01T11:39:13.775671Z,3.00,0.0500,0.9500,no
2a06f774-deea-43a9-7510-ce7cf782c034,KXNEXTIRANLEADER-45JAN01-GMOH,2026-03-01T11:39:12.538135Z,3.00,0.0500,0.9500,no
ef2da72a-26a9-47dc-e231-16c28bbc3960,KXNEXTIRANLEADER-45JAN01-GMOH,2026-03-01T11:38:43.423776Z,9.00,0.1000,0.9000,yes
cacc4a47-9ce6-45d2-ea36-7deb9293f647,KXNEXTIRANLEADER-45JAN01-GMOH,2026-03-01T11:38:43.423776Z,500.00,0.1100,0.8900,yes
1cb2f35f-71c8-4ba0-fb91-f73b9c4f4b54,KXNEXTIRANLEADER-45JAN01-GMOH,2026-03-01T11:38:43.423776Z,55.00,0.1000,0.9000,yes
d855e753-034d-5d10-4d07-aff5f9783b29,KXNEXTIRANLEADER-45JAN01-GMOH,2026-03-01T11:38:30.88369Z,9.00,0.1000,0.9000,yes
9eb1d1e6-a187-5939-464a-a252175e70f5,KXNEXTIRANLEADER-45JAN01-GMOH,2026-03-01T11:38:30.88369Z,55.00,0.1000,0.9000,yes
d0fc8d7e-7920-5f02-4cc5-c25a296455bc,KXNEXTIRANLEADER-45JAN01-GMOH,2026-03-01T11:38:19.156723Z,100.00,0.0600,0.9400,yes
c26aa0b5-7d33-54da-5c61-4eda210f789f,KXNEXTIRANLEADER-45JAN01-GMOH,2026-03-01T11:38:19.156723Z,2.00,0.0600,0.9400,yes
bd7604fd-4361-510b-71a9-48672a3c6452,KXNEXTIRANLEADER-45JAN01-GMOH,2026-03-01T11:38:19.156723Z,2.00,0.0600,0.9400,yes
8c796fe4-74cd-5002-5507-4c9b5cec1b8e,KXNEXTIRANLEADER-45JAN01-GMOH,2026-03-01T11:38:19.156723Z,5000.00,0.0600,0.9400,yes
e3b35fe3-7392-4ede-056b-734c4c523d9b,KXNEXTIRANLEADER-45JAN01-GMOH,2026-03-01T11:38:06.413813Z,577.00,0.0500,0.9500,yes
ccac7a93-9814-4d1d-1806-3932ec4d6096,KXNEXTIRANLEADER-45JAN01-GMOH,2026-03-01T11:38:06.413813Z,4000.00,0.0500,0.9500,yes
333ee9ac-ce3c-5c9e-d76b-cd0cc26f2134,KXNEXTIRANLEADER-45JAN01-GMOH,2026-03-01T11:37:54.028509Z,56.00,0.0400,0.9600,yes
0577b0ba-caf3-59c5-db95-61daefb43369,KXNEXTIRANLEADER-45JAN01-GMOH,2026-03-01T11:37:54.028509Z,55.00,0.0400,0.9600,yes
a1351865-85a5-6912-8c06-71792588e6ad,KXNEXTIRANLEADER-45JAN01-GMOH,2026-03-01T11:37:52.175986Z,105.00,0.0300,0.9700,no
32816d9b-a0e1-4fd6-926d-f901c76d73e9,KXNEXTIRANLEADER-45JAN01-GMOH,2026-03-01T11:37:50.943863Z,119.00,0.0300,0.9700,no
c84d80e9-0651-6e66-0ef1-92584d357e81,KXNEXTIRANLEADER-45JAN01-GMOH,2026-03-01T11:37:49.708971Z,8.00,0.0300,0.9700,no
ad0e6cdf-44f5-7fda-fb99-230636fb0c41,KXNEXTIRANLEADER-45JAN01-GMOH,2026-03-01T11:37:36.597923Z,17.00,0.0300,0.9700,no
b6bdd524-4a98-51aa-7be9-fb079d5ee861,KXNEXTIRANLEADER-45JAN01-GMOH,2026-03-01T11:37:08.986338Z,5000.00,0.0300,0.9700,yes
9d9583f6-2240-5d3a-5350-f7e0fa374003,KXNEXTIRANLEADER-45JAN01-GMOH,2026-03-01T11:37:08.986338Z,482.00,0.0300,0.9700,yes
38fc571b-cda8-5c65-b1fa-3869055ced95,KXNEXTIRANLEADER-45JAN01-GMOH,2026-03-01T11:05:33.068994Z,467.00,0.0200,0.9800,no
d87a0e4b-5d98-448d-77c2-f635a1e22ced,KXNEXTIRANLEADER-45JAN01-GMOH,2026-03-01T11:04:59.710634Z,4.00,0.0200,0.9800,no
158ace0c-adac-5665-ca5c-792842883e21,KXNEXTIRANLEADER-45JAN01-GMOH,2026-03-01T11:04:51.230357Z,28.00,0.0200,0.9800,no
203300a3-0c14-5775-ad94-d871ce9f5395,KXNEXTIRANLEADER-45JAN01-GMOH,2026-03-01T10:41:55.34316Z,58.00,0.0200,0.9800,no
883a0575-39f4-5c4d-0839-19e5e5aa1259,KXNEXTIRANLEADER-45JAN01-GMOH,2026-03-01T10:40:38.965224Z,13.00,0.0200,0.9800,no
8fd82f15-c0a0-6f51-60a0-7fb753ec5fbd,KXNEXTIRANLEADER-45JAN01-GMOH,2026-03-01T10:40:30.666116Z,28.00,0.0200,0.9800,no
cc4e4335-c27c-45ad-3045-94cf53ab9e31,KXNEXTIRANLEADER-45JAN01-GMOH,2026-03-01T10:40:24.876215Z,21.00,0.0200,0.9800,no
d1649ca0-3f30-496e-82ac-64c89912367d,KXNEXTIRANLEADER-45JAN01-GMOH,2026-03-01T10:23:20.156631Z,4.00,0.0300,0.9700,no
b359cf0d-ac51-41cd-bb0a-962527b9fcb5,KXNEXTIRANLEADER-45JAN01-GMOH,2026-03-01T10:23:20.156631Z,16.00,0.0300,0.9700,no
65327f51-fd7c-5146-1eda-04fc0e8a6cd5,KXNEXTIRANLEADER-45JAN01-GMOH,2026-03-01T10:10:18.344871Z,56.00,0.0300,0.9700,no
c0a08717-eec0-5c8e-ee89-641cd8a7bc69,KXNEXTIRANLEADER-45JAN01-GMOH,2026-03-01T10:10:17.115974Z,6.00,0.0300,0.9700,no
a632853f-56dc-50ba-02de-3ec0d92e31fd,KXNEXTIRANLEADER-45JAN01-GMOH,2026-03-01T10:10:13.200886Z,6.00,0.0300,0.9700,no
33f29137-f608-54fa-0240-e19e488813d1,KXNEXTIRANLEADER-45JAN01-GMOH,2026-03-01T10:10:11.978263Z,41.00,0.0300,0.9700,no
2f49f288-5c90-4e06-3159-a24629fc58bd,KXNEXTIRANLEADER-45JAN01-GMOH,2026-03-01T10:10:10.750446Z,19.00,0.0300,0.9700,no
9a027973-e32c-6462-a78e-e8e3c589ed09,KXNEXTIRANLEADER-45JAN01-GMOH,2026-03-01T10:10:09.521809Z,7.00,0.0300,0.9700,no
63fcaccc-da50-46c2-46e3-15420f6cafe5,KXNEXTIRANLEADER-45JAN01-GMOH,2026-03-01T10:10:08.29021Z,6.00,0.0300,0.9700,no
07d8b9d6-86b0-7a1e-b1ae-5cf50f4ee6c5,KXNEXTIRANLEADER-45JAN01-GMOH,2026-03-01T10:10:07.055356Z,6.00,0.0300,0.9700,no
773095b8-4a8c-667a-deb8-3e5468c214a1,KXNEXTIRANLEADER-45JAN01-GMOH,2026-03-01T10:07:53.823425Z,3.00,0.0300,0.9700,no
54647072-85e4-5816-6094-9c040578ffc5,KXNEXTIRANLEADER-45JAN01-GMOH,2026-03-01T10:07:52.591952Z,5.00,0.0300,0.9700,no
87e165c8-9290-4436-9b57-175f24a907dd,KXNEXTIRANLEADER-45JAN01-GMOH,2026-03-01T10:07:51.365569Z,10.00,0.0300,0.9700,no
35fedfc0-40e4-57fe-5996-4777df4d9a85,KXNEXTIRANLEADER-45JAN01-GMOH,2026-03-01T10:07:50.134945Z,11.00,0.0300,0.9700,no
4b9c7996-f018-707e-8931-253b8a086bd1,KXNEXTIRANLEADER-45JAN01-GMOH,2026-03-01T10:07:48.909839Z,35.00,0.0300,0.9700,no
c0e1092d-d678-58fa-bc9c-8e28b5bb3095,KXNEXTIRANLEADER-45JAN01-GMOH,2026-03-01T10:04:55.210949Z,30.00,0.0300,0.9700,no
d3cf0c82-bac8-5456-ca2a-1d1bc8f4e3e9,KXNEXTIRANLEADER-45JAN01-GMOH,2026-03-01T10:04:06.805461Z,39.00,0.0300,0.9700,no
db58ec7c-f4e0-6ede-059c-5e9618eb5781,KXNEXTIRANLEADER-45JAN01-GMOH,2026-03-01T09:58:41.656182Z,16.00,0.0300,0.9700,no
f739cb6d-9ccc-5309-f3b2-57fc6863cda5,KXNEXTIRANLEADER-45JAN01-GMOH,2026-03-01T09:54:52.820979Z,9.00,0.0200,0.9800,no
607691f5-4e94-7a21-0169-4e89e4c6374d,KXNEXTIRANLEADER-45JAN01-GMOH,2026-03-01T09:54:38.304952Z,16.00,0.0200,0.9800,no
9e5fdcaf-f27c-4809-ea72-f67e593b9e25,KXNEXTIRANLEADER-45JAN01-GMOH,2026-03-01T09:54:36.773975Z,16.00,0.0200,0.9800,no
2ae25d9f-0e8c-46d9-b78c-4a69dee34669,KXNEXTIRANLEADER-45JAN01-GMOH,2026-03-01T09:54:35.541311Z,16.00,0.0200,0.9800,no
bb2b91c3-2120-7365-3db1-ce5a769603cd,KXNEXTIRANLEADER-45JAN01-GMOH,2026-03-01T09:53:48.131421Z,10.00,0.0200,0.9800,no
7dcac03a-fd00-64ed-58cf-2327cb900959,KXNEXTIRANLEADER-45JAN01-GMOH,2026-03-01T09:53:29.972522Z,23.00,0.0200,0.9800,no
933f1f5e-6ea4-5a29-8abc-59f87f179cb9,KXNEXTIRANLEADER-45JAN01-GMOH,2026-03-01T09:52:43.378702Z,20.00,0.0200,0.9800,no
a0a7dd6e-6ebc-5011-82fe-9db8bbd2c02d,KXNEXTIRANLEADER-45JAN01-GMOH,2026-03-01T09:43:31.874771Z,5.00,0.0200,0.9800,no
d673e3c3-d924-6e4d-207e-2bbba172060d,KXNEXTIRANLEADER-45JAN01-GMOH,2026-03-01T09:40:14.430934Z,54.00,0.0200,0.9800,no
3e4f5546-e080-7495-f808-9da32272b1cd,KXNEXTIRANLEADER-45JAN01-GMOH,2026-03-01T09:40:13.197707Z,3.00,0.0200,0.9800,no
ebb94995-8254-5009-e934-ed4b41099885,KXNEXTIRANLEADER-45JAN01-GMOH,2026-03-01T09:38:37.224788Z,5.00,0.0200,0.9800,no
47310f07-552c-4a0d-e722-8c67377bab85,KXNEXTIRANLEADER-45JAN01-GMOH,2026-03-01T09:38:35.988781Z,6.00,0.0200,0.9800,no
605db63e-8da8-57ac-bb62-fd73442c65c0,KXNEXTIRANLEADER-45JAN01-GMOH,2026-03-01T09:34:42.732178Z,24.00,0.0300,0.9700,no
2a0c6c7d-9121-57d9-bac8-0287b1f5c38f,KXNEXTIRANLEADER-45JAN01-GMOH,2026-03-01T09:34:42.732178Z,62.00,0.0300,0.9700,no
195e1f70-a729-5b91-8863-df4ac9c98385,KXNEXTIRANLEADER-45JAN01-GMOH,2026-03-01T09:34:42.732178Z,3.00,0.0200,0.9800,no
0d47f2a1-eb14-583d-8054-557556a2e9f5,KXNEXTIRANLEADER-45JAN01-GMOH,2026-03-01T09:34:42.732178Z,223.00,0.0200,0.9800,no
57fbed96-bea8-6a12-57b9-666762e8783d,KXNEXTIRANLEADER-45JAN01-GMOH,2026-03-01T09:13:49.354663Z,1.00,0.0400,0.9600,no
e0a8fa51-cad2-6881-f40a-aefc86a62a51,KXNEXTIRANLEADER-45JAN01-GMOH,2026-03-01T08:31:06.788759Z,172.00,0.0400,0.9600,no
9642afda-6aed-62d7-ed41-8e4ea3e58259,KXNEXTIRANLEADER-45JAN01-GMOH,2026-03-01T08:31:06.788759Z,553.00,0.0300,0.9700,no
695691ee-13ca-68a8-f8c3-195487a8d8f5,KXNEXTIRANLEADER-45JAN01-GMOH,2026-03-01T08:31:06.788759Z,55.00,0.0400,0.9600,no
495a3223-3410-6190-f87a-9e5bec59f26c,KXNEXTIRANLEADER-45JAN01-GMOH,2026-03-01T08:31:06.788759Z,1.00,0.0400,0.9600,no
323df20f-52dd-6887-c71b-66e71883a35c,KXNEXTIRANLEADER-45JAN01-GMOH,2026-03-01T08:31:06.788759Z,15.00,0.0300,0.9700,no
164d7514-5398-6d99-c3b5-3e3822058e11,KXNEXTIRANLEADER-45JAN01-GMOH,2026-03-01T08:31:06.788759Z,764.00,0.0200,0.9800,no
b16a6727-5c0e-4b1d-f9e5-378354fcf75d,KXNEXTIRANLEADER-45JAN01-GMOH,2026-03-01T08:26:14.7212Z,10.00,0.0400,0.9600,no
351161ca-441a-5e79-e591-7494c3c999e9,KXNEXTIRANLEADER-45JAN01-GMOH,2026-03-01T08:26:12.729484Z,6.00,0.0400,0.9600,no
3a5aadd1-bbf6-5a39-319c-ff48bd349851,KXNEXTIRANLEADER-45JAN01-GMOH,2026-03-01T08:26:01.592322Z,3.00,0.0400,0.9600,no
988cb6bb-3526-6fb1-d23f-79b1da1d4b35,KXNEXTIRANLEADER-45JAN01-GMOH,2026-03-01T08:24:02.713338Z,3.00,0.0400,0.9600,no
83d8a4de-928a-5639-b268-218df76af261,KXNEXTIRANLEADER-45JAN01-GMOH,2026-03-01T08:24:01.480196Z,19.00,0.0400,0.9600,no
423baeea-c65e-5821-5e99-4005c0cc79c1,KXNEXTIRANLEADER-45JAN01-GMOH,2026-03-01T08:23:53.173709Z,2.00,0.0400,0.9600,no
2374d6f6-99ca-6949-223d-470df40701cd,KXNEXTIRANLEADER-45JAN01-GMOH,2026-03-01T08:23:51.941451Z,3.00,0.0400,0.9600,no
276a0e48-fa6e-5bcd-7081-a9f163cef9c9,KXNEXTIRANLEADER-45JAN01-GMOH,2026-03-01T08:21:51.080174Z,10.00,0.0400,0.9600,no
47332ad7-98ae-75cd-07f3-ae6882327a31,KXNEXTIRANLEADER-45JAN01-GMOH,2026-03-01T08:21:49.8519Z,2.00,0.0400,0.9600,no
9fd2d02a-cf7a-582d-abed-1771bbab0561,KXNEXTIRANLEADER-45JAN01-GMOH,2026-03-01T08:21:48.773562Z,1.00,0.0400,0.9600,no
9d3f4bb6-27c2-579d-271f-988442b69fb5,KXNEXTIRANLEADER-45JAN01-GMOH,2026-03-01T08:21:48.613029Z,2.00,0.0400,0.9600,no
b7dd9014-6016-6f05-62ac-3c884b8d9d59,KXNEXTIRANLEADER-45JAN01-GMOH,2026-03-01T08:21:33.989061Z,11.00,0.0400,0.9600,no
dce620cb-042a-72c5-bff0-7c95a95ca1c1,KXNEXTIRANLEADER-45JAN01-GMOH,2026-03-01T08:21:32.73871Z,22.00,0.0400,0.9600,no
78391077-982e-5cbd-567a-aed672c9d879,KXNEXTIRANLEADER-45JAN01-GMOH,2026-03-01T08:21:31.513741Z,3.00,0.0400,0.9600,no
e1da9b77-9052-5955-b081-b3353a2f57b1,KXNEXTIRANLEADER-45JAN01-GMOH,2026-03-01T08:21:30.341239Z,16.00,0.0400,0.9600,no
3cb291ea-5cf2-4ec3-4cd2-3ec2cbc78d90,KXNEXTIRANLEADER-45JAN01-GMOH,2026-03-01T08:21:30.28247Z,3.00,0.0400,0.9600,no
3327020a-616a-4ccd-7870-c83377cb4275,KXNEXTIRANLEADER-45JAN01-GMOH,2026-03-01T08:21:30.28247Z,28.00,0.0400,0.9600,no
98e6149e-79e2-75df-0f81-cd377a543928,KXNEXTIRANLEADER-45JAN01-GMOH,2026-03-01T08:21:29.05803Z,4.00,0.0400,0.9600,no
b814cf84-9d0a-528b-acf6-f45f23a2c7d8,KXNEXTIRANLEADER-45JAN01-GMOH,2026-03-01T08:20:28.998329Z,5.00,0.0400,0.9600,no
f2ca468c-55da-46e3-a468-cfe48f302b90,KXNEXTIRANLEADER-45JAN01-GMOH,2026-03-01T08:20:28.967187Z,5.00,0.0400,0.9600,no
47f4d49a-f28b-4043-ad63-c33f46510a74,KXNEXTIRANLEADER-45JAN01-GMOH,2026-03-01T08:20:28.967187Z,11.00,0.0500,0.9500,no
faeaf8be-be61-5272-0287-c332595e56b3,KXNEXTIRANLEADER-45JAN01-GMOH,2026-03-01T08:19:13.525563Z,264.00,0.0500,0.9500,yes
15cbe3a4-7e8b-517d-1e5e-91300fb84678,KXNEXTIRANLEADER-45JAN01-GMOH,2026-03-01T08:19:13.525563Z,143.00,0.0500,0.9500,yes
82995593-bc1a-5447-2615-cdf155d665c0,KXNEXTIRANLEADER-45JAN01-GMOH,2026-03-01T08:17:58.65268Z,25.00,0.0400,0.9600,no
b3591625-fbf5-5af4-aee5-8ff352cff9f5,KXNEXTIRANLEADER-45JAN01-GMOH,2026-03-01T08:17:43.793603Z,54.00,0.0400,0.9600,yes
a363fb1e-d512-5a7b-91c2-352ffdec3d98,KXNEXTIRANLEADER-45JAN01-GMOH,2026-03-01T08:17:43.793603Z,17.00,0.0400,0.9600,yes
76c9c3c7-64bf-57b0-a463-872e7b567f66,KXNEXTIRANLEADER-45JAN01-GMOH,2026-03-01T08:17:43.793603Z,24.00,0.0400,0.9600,yes
25bcee11-6f76-52c6-bc0b-6e937dd1a649,KXNEXTIRANLEADER-45JAN01-GMOH,2026-03-01T08:17:43.793603Z,268.00,0.0400,0.9600,yes
11563243-e74a-5b5a-a706-bc94f5dc1ae8,KXNEXTIRANLEADER-45JAN01-GMOH,2026-03-01T08:17:43.793603Z,95.00,0.0400,0.9600,yes
2a816280-7409-6497-1f08-3f3580758281,KXNEXTIRANLEADER-45JAN01-GMOH,2026-03-01T08:16:33.509605Z,2.00,0.0300,0.9700,no
dd193fc7-ded8-5b46-aaaa-c69288f940f6,KXNEXTIRANLEADER-45JAN01-GMOH,2026-03-01T08:13:40.170683Z,3.00,0.0200,0.9800,no
69b4f3cb-b117-6be7-0878-5c73b3d33838,KXNEXTIRANLEADER-45JAN01-GMOH,2026-03-01T08:12:28.656352Z,5.00,0.0300,0.9700,no
bdcc3c63-6e9f-7ef8-7dda-ecd95f29d5df,KXNEXTIRANLEADER-45JAN01-GMOH,2026-03-01T08:00:11.570377Z,2.00,0.0200,0.9800,no
a48c55d5-b61d-74b6-61c6-3641abd8bc70,KXNEXTIRANLEADER-45JAN01-GMOH,2026-03-01T08:00:11.570377Z,6.00,0.0200,0.9800,no
959e5293-45bc-7215-62a5-f2f58b480153,KXNEXTIRANLEADER-45JAN01-GMOH,2026-03-01T08:00:11.570377Z,4.00,0.0200,0.9800,no
461ec364-2756-7694-43a5-f71aefbe2d45,KXNEXTIRANLEADER-45JAN01-GMOH,2026-03-01T08:00:11.570377Z,2.00,0.0200,0.9800,no
1c803214-2a73-7544-2eab-c1499e9bd003,KXNEXTIRANLEADER-45JAN01-GMOH,2026-03-01T07:59:06.199045Z,25.00,0.0200,0.9800,no
5e63e6bf-98ba-601b-4fc3-d8605770aaf4,KXNEXTIRANLEADER-45JAN01-GMOH,2026-03-01T07:56:58.146874Z,57.00,0.0400,0.9600,yes
3e499ba4-f55b-74ac-b40a-61572b58ddbf,KXNEXTIRANLEADER-45JAN01-GMOH,2026-03-01T07:56:53.620518Z,22.00,0.0200,0.9800,no
b49bdae5-70bb-5be4-1964-95025838030b,KXNEXTIRANLEADER-45JAN01-GMOH,2026-03-01T07:55:41.155567Z,6.00,0.0200,0.9800,no
1bbf4132-3142-5b13-2b56-c9222fa15535,KXNEXTIRANLEADER-45JAN01-GMOH,2026-03-01T07:55:41.155567Z,4.00,0.0200,0.9800,no
60f861d1-95df-55c1-6882-7b2dcbe88259,KXNEXTIRANLEADER-45JAN01-GMOH,2026-03-01T07:52:44.792277Z,10.00,0.0100,0.9900,no
4cd7d0df-968b-6175-5146-059430af5bad,KXNEXTIRANLEADER-45JAN01-GMOH,2026-03-01T07:50:03.299717Z,20.00,0.0100,0.9900,no
7e74a531-8c50-60d4-479d-4e265b4b6f13,KXNEXTIRANLEADER-45JAN01-GMOH,2026-03-01T07:49:33.153309Z,4.00,0.0200,0.9800,no
3a18c543-375c-6547-5621-8993992b11af,KXNEXTIRANLEADER-45JAN01-GMOH,2026-03-01T07:49:33.153309Z,55.00,0.0200,0.9800,no
fb87497d-3bb7-6e0a-a2c0-a4312927cc25,KXNEXTIRANLEADER-45JAN01-GMOH,2026-03-01T07:48:35.280239Z,2.00,0.0200,0.9800,no
840bece0-6ca4-6e03-b46c-45eaa2231a06,KXNEXTIRANLEADER-45JAN01-GMOH,2026-03-01T07:48:35.280239Z,5.00,0.0200,0.9800,no
276d4cee-9327-6c8e-a447-44c0893b1850,KXNEXTIRANLEADER-45JAN01-GMOH,2026-03-01T07:48:35.280239Z,47.00,0.0200,0.9800,no
5fa58e47-a69a-6b51-aee8-f3a72e44e7d7,KXNEXTIRANLEADER-45JAN01-GMOH,2026-03-01T07:48:34.04736Z,17.00,0.0200,0.9800,no
183aa07c-c8a3-6426-a9e1-d78e91f37d70,KXNEXTIRANLEADER-45JAN01-GMOH,2026-03-01T07:48:34.04736Z,8.00,0.0200,0.9800,no
60d5ffbe-68e7-7a51-7dde-2957c32cd03d,KXNEXTIRANLEADER-45JAN01-GMOH,2026-03-01T07:47:20.442115Z,7.00,0.0100,0.9900,no
3351da99-3c03-48ad-41ab-4d2ae1a856d5,KXNEXTIRANLEADER-45JAN01-GMOH,2026-03-01T07:47:19.215195Z,15.00,0.0100,0.9900,no
463f6fbe-c7db-77c1-8190-eec0d9879eb5,KXNEXTIRANLEADER-45JAN01-GMOH,2026-03-01T07:47:17.994322Z,5.00,0.0100,0.9900,no
5b150894-82c7-70d1-afb0-0a95a2d66791,KXNEXTIRANLEADER-45JAN01-GMOH,2026-03-01T07:47:16.766052Z,15.00,0.0100,0.9900,no
895aa021-6b2f-7151-e1a3-fb41707eb5fd,KXNEXTIRANLEADER-45JAN01-GMOH,2026-03-01T07:47:15.52235Z,15.00,0.0100,0.9900,no
eb45f135-3343-4711-8efe-471151de49c5,KXNEXTIRANLEADER-45JAN01-GMOH,2026-03-01T07:47:14.293558Z,64.00,0.0100,0.9900,no
65a34540-09ef-643d-6c88-b6ee5d639961,KXNEXTIRANLEADER-45JAN01-GMOH,2026-03-01T07:47:13.060594Z,23.00,0.0100,0.9900,no
55c1c9a3-aa77-6119-446b-c8b63ee4ac5d,KXNEXTIRANLEADER-45JAN01-GMOH,2026-03-01T07:46:24.172888Z,15.00,0.0100,0.9900,no
3ee8af2d-322b-79d1-d55f-15d357ef9235,KXNEXTIRANLEADER-45JAN01-GMOH,2026-03-01T07:46:20.501646Z,17.00,0.0100,0.9900,no
382a2261-eb25-7bd5-fd6e-640d74ac06ac,KXNEXTIRANLEADER-45JAN01-GMOH,2026-03-01T07:43:57.096361Z,312.00,0.0300,0.9700,yes
e1d0845d-3028-4cd4-fd5a-0d4c37a425e5,KXNEXTIRANLEADER-45JAN01-GMOH,2026-03-01T07:42:30.704196Z,5.00,0.0200,0.9800,no
9c85a2ed-b907-497d-dc80-0fdf93a52fd1,KXNEXTIRANLEADER-45JAN01-GMOH,2026-03-01T07:42:30.704196Z,57.00,0.0100,0.9900,no
7c680921-9888-41be-f1a9-e1bfb6f5f8f1,KXNEXTIRANLEADER-45JAN01-GMOH,2026-03-01T07:42:30.704196Z,203.00,0.0200,0.9800,no
c99415e8-a3e4-7cd0-69de-38115ebe4ffa,KXNEXTIRANLEADER-45JAN01-GMOH,2026-03-01T07:42:23.859306Z,55.00,0.0200,0.9800,no
6069af19-6140-7fe1-6502-f02db62d6403,KXNEXTIRANLEADER-45JAN01-GMOH,2026-03-01T07:42:23.859306Z,6.00,0.0200,0.9800,no
57b662c0-5bb4-78da-6267-3561e5cc9aa9,KXNEXTIRANLEADER-45JAN01-GMOH,2026-03-01T07:42:23.859306Z,31.00,0.0200,0.9800,no
d12c397b-8b2d-5d91-bb31-309db5bcffd6,KXNEXTIRANLEADER-45JAN01-GMOH,2026-03-01T07:41:15.031626Z,22.00,0.0200,0.9800,no
582376a8-6d14-5317-ae6a-8c5d401af353,KXNEXTIRANLEADER-45JAN01-GMOH,2026-03-01T07:41:15.031626Z,49.00,0.0200,0.9800,no
67664bde-ab83-66b1-3743-e4ae1a8f9441,KXNEXTIRANLEADER-45JAN01-GMOH,2026-03-01T07:41:08.275333Z,70.00,0.0100,0.9900,no
500b3b8a-8a1b-4b81-e306-f20d91728e99,KXNEXTIRANLEADER-45JAN01-GMOH,2026-03-01T07:40:41.94789Z,80.00,0.0100,0.9900,no
d5ef2f6b-98c0-7d25-900c-980f06e7db0a,KXNEXTIRANLEADER-45JAN01-GMOH,2026-03-01T07:40:19.88999Z,156.00,0.0300,0.9700,yes
a765ffeb-868f-4189-2c51-1135dc53d8d5,KXNEXTIRANLEADER-45JAN01-GMOH,2026-03-01T07:40:19.065917Z,57.00,0.0100,0.9900,no
9479d492-d4ff-6261-8689-9dae917fd071,KXNEXTIRANLEADER-45JAN01-GMOH,2026-03-01T07:40:08.957705Z,56.00,0.0100,0.9900,no
de48ba80-8457-7c61-19e9-fe8eaba90101,KXNEXTIRANLEADER-45JAN01-GMOH,2026-03-01T07:40:05.683484Z,14.00,0.0100,0.9900,no
806835ea-e43f-4139-cb32-b2a31c32f3d1,KXNEXTIRANLEADER-45JAN01-GMOH,2026-03-01T07:40:04.446093Z,80.00,0.0100,0.9900,no
41a53a4f-3bcb-76c5-6638-8090e54c2e69,KXNEXTIRANLEADER-45JAN01-GMOH,2026-03-01T07:38:12.729788Z,95.00,0.0100,0.9900,no
cbfc2240-0b2b-7ac5-a4bb-ceacc5af4c15,KXNEXTIRANLEADER-45JAN01-GMOH,2026-03-01T07:38:01.871896Z,25.00,0.0100,0.9900,no
b66f1023-9a4b-44bb-174d-f651b8123ba6,KXNEXTIRANLEADER-45JAN01-GMOH,2026-03-01T07:37:51.712706Z,67.00,0.0100,0.9900,no
2afbd113-d203-4e0d-2f82-05453249508d,KXNEXTIRANLEADER-45JAN01-GMOH,2026-03-01T07:37:51.712706Z,24.00,0.0100,0.9900,no
91e7f649-e8dc-7758-ccb6-9985e1883a91,KXNEXTIRANLEADER-45JAN01-GMOH,2026-03-01T07:37:50.484603Z,66.00,0.0100,0.9900,no
3c4c9a28-8427-7f13-e59c-b98acb73cd76,KXNEXTIRANLEADER-45JAN01-GMOH,2026-03-01T07:37:50.484603Z,3.00,0.0100,0.9900,no
e0370cb4-7b54-6b48-7568-865a05c0dea5,KXNEXTIRANLEADER-45JAN01-GMOH,2026-03-01T07:37:49.253471Z,77.00,0.0100,0.9900,no
bebe3c16-8cfc-5a0e-aa25-5e2bfbf23f26,KXNEXTIRANLEADER-45JAN01-GMOH,2026-03-01T07:37:09.229728Z,18.00,0.0200,0.9800,no
b2deb797-dfc4-5c69-a0c6-bf84eabf0734,KXNEXTIRANLEADER-45JAN01-GMOH,2026-03-01T07:37:09.229728Z,55.00,0.0200,0.9800,no
83d6a9a7-acb6-5ed4-bb8b-e4d7e1a78355,KXNEXTIRANLEADER-45JAN01-GMOH,2026-03-01T07:37:09.229728Z,7.00,0.0200,0.9800,no
5d0b18d4-b9ab-5530-bda4-67f5fbf3d39b,KXNEXTIRANLEADER-45JAN01-GMOH,2026-03-01T07:37:09.229728Z,3.00,0.0200,0.9800,no
b268037a-6f82-7a44-0648-e6c921cad6b8,KXNEXTIRANLEADER-45JAN01-GMOH,2026-03-01T07:36:31.758018Z,2.00,0.0200,0.9800,no
8c6e6a27-68ed-75e3-2c29-4263d15d4bba,KXNEXTIRANLEADER-45JAN01-GMOH,2026-03-01T07:36:31.758018Z,28.00,0.0200,0.9800,no
03dd2222-e3d0-7f5f-16cc-7d6a53277c52,KXNEXTIRANLEADER-45JAN01-GMOH,2026-03-01T07:36:31.758018Z,5.00,0.0200,0.9800,no
f0dc269d-99f0-626d-c54a-a211c0a0cc2e,KXNEXTIRANLEADER-45JAN01-GMOH,2026-03-01T07:36:29.525342Z,25.00,0.0200,0.9800,no
85981317-95bf-6976-e31c-764f169102da,KXNEXTIRANLEADER-45JAN01-GMOH,2026-03-01T07:36:29.525342Z,113.00,0.0200,0.9800,no
0aa0713c-5880-6ba7-fd18-05bba394e7ea,KXNEXTIRANLEADER-45JAN01-GMOH,2026-03-01T07:36:29.525342Z,2.00,0.0200,0.9800,no
f9df4ade-e213-7112-27a0-b37aa3ca0ad2,KXNEXTIRANLEADER-45JAN01-GMOH,2026-03-01T07:36:28.295232Z,85.00,0.0200,0.9800,no
9c4cc6f9-c24b-6346-bac6-0c94a669a61e,KXNEXTIRANLEADER-45JAN01-GMOH,2026-03-01T07:36:27.063377Z,33.00,0.0200,0.9800,no
cd6bfca7-cbef-5c72-c3c3-32c82cbba1e6,KXNEXTIRANLEADER-45JAN01-GMOH,2026-03-01T07:36:18.970329Z,65.00,0.0200,0.9800,no
2b153468-8792-5955-cca1-79ef036380bc,KXNEXTIRANLEADER-45JAN01-GMOH,2026-03-01T07:36:18.970329Z,2.00,0.0200,0.9800,no
ac016308-0156-7c21-f048-f7929b2c7008,KXNEXTIRANLEADER-45JAN01-GMOH,2026-03-01T07:36:17.735902Z,17.00,0.0200,0.9800,no
92576804-187a-7ff1-d70a-c692043c3930,KXNEXTIRANLEADER-45JAN01-GMOH,2026-03-01T07:36:17.735902Z,11.00,0.0200,0.9800,no
29f57369-f882-7d37-cf0b-c85c03e3849c,KXNEXTIRANLEADER-45JAN01-GMOH,2026-03-01T07:36:17.735902Z,14.00,0.0200,0.9800,no
dd49a689-22a2-416b-9244-a6ba07d6ee0c,KXNEXTIRANLEADER-45JAN01-GMOH,2026-03-01T07:36:14.644765Z,24.00,0.0400,0.9600,yes
b0ebbccf-d741-4ff8-a0d1-f29b8d888127,KXNEXTIRANLEADER-45JAN01-GMOH,2026-03-01T07:36:14.644765Z,123.00,0.0300,0.9700,yes
f8e4b138-9986-43a5-d1ed-5f871b437fd8,KXNEXTIRANLEADER-45JAN01-GMOH,2026-03-01T07:34:46.284193Z,8.00,0.0200,0.9800,no
9b3bb36f-164d-464a-f37e-85041f2e3272,KXNEXTIRANLEADER-45JAN01-GMOH,2026-03-01T07:34:46.284193Z,8.00,0.0200,0.9800,no
7c786266-c509-4132-d76c-c0523c6476cc,KXNEXTIRANLEADER-45JAN01-GMOH,2026-03-01T07:34:46.284193Z,17.00,0.0200,0.9800,no
6c9bf7ea-61fd-47ce-8120-6b117becfd60,KXNEXTIRANLEADER-45JAN01-GMOH,2026-03-01T07:34:28.330942Z,19.00,0.0200,0.9800,no
e3b61868-5c4d-5846-61b3-6fa2f8514c30,KXNEXTIRANLEADER-45JAN01-GMOH,2026-03-01T07:34:12.735601Z,19.00,0.0200,0.9800,no
8850d1ae-4764-5c3b-63c8-b207f97c80df,KXNEXTIRANLEADER-45JAN01-GMOH,2026-03-01T07:34:12.735601Z,5.00,0.0200,0.9800,no
b36a371f-78c0-403b-8ed2-c8fdbf2df137,KXNEXTIRANLEADER-45JAN01-GMOH,2026-03-01T07:33:43.900779Z,3.00,0.0200,0.9800,no
ff986b57-124a-4393-9e15-d1b764dbf819,KXNEXTIRANLEADER-45JAN01-GMOH,2026-03-01T07:33:29.58198Z,22.00,0.0200,0.9800,no
f46734da-987c-415c-94c8-a7d67bba0105,KXNEXTIRANLEADER-45JAN01-GMOH,2026-03-01T07:33:29.58198Z,39.00,0.0200,0.9800,no
df4676ed-a100-47d3-ae24-3a1a19f6d81b,KXNEXTIRANLEADER-45JAN01-GMOH,2026-03-01T07:33:29.58198Z,27.00,0.0200,0.9800,no
c47de1f0-dfcd-43c0-b0f6-53b128bdd04f,KXNEXTIRANLEADER-45JAN01-GMOH,2026-03-01T07:33:29.58198Z,17.00,0.0200,0.9800,no
4dd26ea7-bbe6-6c43-3dec-65caa415fad4,KXNEXTIRANLEADER-45JAN01-GMOH,2026-03-01T07:33:16.506504Z,16.00,0.0400,0.9600,yes
1af263b4-b98d-6977-2d83-a67f5ec750de,KXNEXTIRANLEADER-45JAN01-GMOH,2026-03-01T07:33:16.506504Z,16.00,0.0300,0.9700,yes
14f6614d-fc04-61df-157b-592091133768,KXNEXTIRANLEADER-45JAN01-GMOH,2026-03-01T07:33:16.506504Z,30.00,0.0400,0.9600,yes
f731a79c-0004-4366-7603-637063a97b84,KXNEXTIRANLEADER-45JAN01-GMOH,2026-03-01T07:33:15.320684Z,5.00,0.0200,0.9800,no
8b03633f-eca0-4e34-6c5f-c38abd2e90bd,KXNEXTIRANLEADER-45JAN01-GMOH,2026-03-01T07:33:15.320684Z,59.00,0.0200,0.9800,no
4b65dab6-a34c-4398-7c89-ca735ef0ef96,KXNEXTIRANLEADER-45JAN01-GMOH,2026-03-01T07:33:15.320684Z,9.00,0.0200,0.9800,no
18c4d4cc-17ac-4216-6f37-9e37caa34bc5,KXNEXTIRANLEADER-45JAN01-GMOH,2026-03-01T07:33:15.320684Z,18.00,0.0200,0.9800,no
68581a2b-38d2-7d1b-7e9a-90cd9e2e52d0,KXNEXTIRANLEADER-45JAN01-GMOH,2026-03-01T07:32:53.404086Z,16.00,0.0300,0.9700,no
eb1be53a-288a-72ff-9db2-0de05d3deaac,KXNEXTIRANLEADER-45JAN01-GMOH,2026-03-01T07:32:28.26034Z,24.00,0.0300,0.9700,no
a1408f25-1e4a-67f3-4103-32369480776c,KXNEXTIRANLEADER-45JAN01-GMOH,2026-03-01T07:32:27.027106Z,54.00,0.0300,0.9700,no
85fbc160-e1d6-41bb-7083-b490814f3db4,KXNEXTIRANLEADER-45JAN01-GMOH,2026-03-01T07:32:21.880692Z,95.00,0.0300,0.9700,no
6049f28b-a5fa-5f97-ba13-6aee83d27684,KXNEXTIRANLEADER-45JAN01-GMOH,2026-03-01T07:32:20.645839Z,114.00,0.0300,0.9700,no
8cee6824-6e2e-6faf-a350-548531cf6918,KXNEXTIRANLEADER-45JAN01-GMOH,2026-03-01T07:32:13.268349Z,30.00,0.0300,0.9700,no
be421e4c-bf4f-53b5-0381-d2f5648c2097,KXNEXTIRANLEADER-45JAN01-GMOH,2026-03-01T07:32:00.715466Z,47.00,0.0400,0.9600,no
7df3d7c2-904b-52bf-1df0-f5b046c1b7e4,KXNEXTIRANLEADER-45JAN01-GMOH,2026-03-01T07:32:00.715466Z,9.00,0.0400,0.9600,no
cda0d576-ee37-43c9-6d4f-3b142e098465,KXNEXTIRANLEADER-45JAN01-GMOH,2026-03-01T07:31:55.392876Z,2.00,0.0400,0.9600,no
89209e93-6f14-4364-69c7-48849a4be2ec,KXNEXTIRANLEADER-45JAN01-GMOH,2026-03-01T07:31:55.392876Z,2.00,0.0400,0.9600,no
313e5709-6d53-4689-7a1b-4016d1b1fc7b,KXNEXTIRANLEADER-45JAN01-GMOH,2026-03-01T07:31:55.392876Z,30.00,0.0400,0.9600,no
9eb170c2-a21b-5861-d8d4-b14cccfce149,KXNEXTIRANLEADER-45JAN01-GMOH,2026-03-01T07:31:39.404893Z,39.00,0.0400,0.9600,no
42d99024-748f-53be-fc17-6bfd3e5e49f7,KXNEXTIRANLEADER-45JAN01-GMOH,2026-03-01T07:31:39.404893Z,13.00,0.0400,0.9600,no
1be5d35a-75bb-53bd-fb1b-98f4932b1c40,KXNEXTIRANLEADER-45JAN01-GMOH,2026-03-01T07:31:39.404893Z,20.00,0.0400,0.9600,no
f507f216-3d81-5cf1-029d-8a4e7586f127,KXNEXTIRANLEADER-45JAN01-GMOH,2026-03-01T07:28:17.51605Z,5.00,0.0500,0.9500,yes
5cddaba9-bea2-4f2e-6540-2b9e6af406aa,KXNEXTIRANLEADER-45JAN01-GMOH,2026-03-01T07:27:06.307263Z,12.00,0.0600,0.9400,no
0bb24ba3-e2a5-4021-5d5b-95777423cfc7,KXNEXTIRANLEADER-45JAN01-GMOH,2026-03-01T07:27:06.307263Z,250.00,0.0600,0.9400,no
788eaef9-9c68-5e18-1908-a6f4a904eba8,KXNEXTIRANLEADER-45JAN01-GMOH,2026-03-01T07:21:04.11738Z,80.00,0.0700,0.9300,yes
9484d469-2758-4b68-996c-ef0195416ab8,KXNEXTIRANLEADER-45JAN01-GMOH,2026-03-01T07:18:40.820427Z,67.00,0.0700,0.9300,yes
e61871f3-8650-765c-59a0-3c219f9702dc,KXNEXTIRANLEADER-45JAN01-GMOH,2026-03-01T07:17:37.536647Z,134.00,0.0700,0.9300,yes
8e0d028a-d99e-74d8-ed11-e239ba267b57,KXNEXTIRANLEADER-45JAN01-GMOH,2026-03-01T07:15:43.553256Z,327.00,0.0800,0.9200,yes
fdede165-78d6-5458-7635-f173ebdc7023,KXNEXTIRANLEADER-45JAN01-GMOH,2026-03-01T07:14:07.907712Z,23.00,0.0800,0.9200,yes
83ff6787-3011-578d-678e-5dbd14cdc223,KXNEXTIRANLEADER-45JAN01-GMOH,2026-03-01T07:10:44.367017Z,23.00,0.0700,0.9300,no
e4541ec1-d050-72e6-219c-db26359d6adf,KXNEXTIRANLEADER-45JAN01-GMOH,2026-03-01T07:06:37.157112Z,37.00,0.0800,0.9200,no
7d17b23c-1737-7f79-08a1-7c7cb609f41f,KXNEXTIRANLEADER-45JAN01-GMOH,2026-03-01T07:06:37.157112Z,27.00,0.0800,0.9200,no
5a6521b9-0fa2-7116-12b2-5468cd69695c,KXNEXTIRANLEADER-45JAN01-GMOH,2026-03-01T07:06:37.157112Z,175.00,0.0800,0.9200,no
7f240967-aabe-611a-a6a7-ece2587ef194,KXNEXTIRANLEADER-45JAN01-GMOH,2026-03-01T07:06:20.929857Z,42.00,0.0800,0.9200,no
9e11dece-281e-7ec6-5a24-b4928c02c348,KXNEXTIRANLEADER-45JAN01-GMOH,2026-03-01T07:05:41.496561Z,33.00,0.0800,0.9200,no
88ea3421-2d3b-7b91-7857-329f310cfda1,KXNEXTIRANLEADER-45JAN01-GMOH,2026-03-01T07:04:24.069241Z,4.00,0.0900,0.9100,yes
b131656c-01eb-51a5-7a00-4fa970fa8265,KXNEXTIRANLEADER-45JAN01-GMOH,2026-03-01T07:02:41.771083Z,355.00,0.0900,0.9100,yes
72b9c180-623a-7c03-9d47-8efe0c67f660,KXNEXTIRANLEADER-45JAN01-GMOH,2026-03-01T07:00:53.28131Z,44.00,0.0900,0.9100,yes
22c86b41-b197-70e1-ac2f-4c38f52b0225,KXNEXTIRANLEADER-45JAN01-GMOH,2026-03-01T07:00:53.28131Z,133.00,0.0900,0.9100,yes
b0d9bb0f-6086-5b6f-79d0-6e81d4951b10,KXNEXTIRANLEADER-45JAN01-GMOH,2026-03-01T06:53:14.197954Z,3.00,0.0900,0.9100,yes
8df4421f-f4e4-5a59-58d5-15fb5911e32e,KXNEXTIRANLEADER-45JAN01-GMOH,2026-03-01T06:53:14.197954Z,20.00,0.0800,0.9200,yes
1d18d2dd-493a-5a13-7bb8-c93015a14f39,KXNEXTIRANLEADER-45JAN01-GMOH,2026-03-01T06:53:14.197954Z,10.00,0.0900,0.9100,yes
b447673c-ab4a-4d17-1616-11f3d97d6079,KXNEXTIRANLEADER-45JAN01-GMOH,2026-03-01T06:53:09.768595Z,2.00,0.0600,0.9400,no
a0391e33-ca57-4dd1-3947-e41290f6a190,KXNEXTIRANLEADER-45JAN01-GMOH,2026-03-01T06:53:09.768595Z,34.00,0.0400,0.9600,no
104b2560-f6fd-4193-248f-440edd1c1ea4,KXNEXTIRANLEADER-45JAN01-GMOH,2026-03-01T06:53:09.768595Z,2.00,0.0500,0.9500,no
0d303edb-630e-4ffe-036a-c846fb516bfa,KXNEXTIRANLEADER-45JAN01-GMOH,2026-03-01T06:53:09.768595Z,55.00,0.0500,0.9500,no
b0a2b6dc-258d-5efb-ea8b-73629b34e80e,KXNEXTIRANLEADER-45JAN01-GMOH,2026-03-01T06:51:05.853291Z,43.00,0.0900,0.9100,yes
a9f9ff76-9939-5a5b-f8a3-b3a5defc1386,KXNEXTIRANLEADER-45JAN01-GMOH,2026-03-01T06:51:05.853291Z,5.00,0.1000,0.9000,yes
598d9c3f-8e51-5788-cb5f-374185e7eabb,KXNEXTIRANLEADER-45JAN01-GMOH,2026-03-01T06:51:05.853291Z,3.00,0.1000,0.9000,yes
133f26bc-3d59-5847-44e3-930e72895446,KXNEXTIRANLEADER-45JAN01-GMOH,2026-03-01T06:45:52.19722Z,5.00,0.1000,0.9000,yes
b43e43a2-09be-4fd7-5369-d2e1da54b944,KXNEXTIRANLEADER-45JAN01-GMOH,2026-03-01T06:42:51.888917Z,100.00,0.1100,0.8900,yes
335d1aeb-7fae-7b9f-169a-45c66bd23810,KXNEXTIRANLEADER-45JAN01-GMOH,2026-03-01T06:41:29.737922Z,17.00,0.1100,0.8900,yes
c4ac0c2a-b54a-7d69-3b30-01fbaac24dc1,KXNEXTIRANLEADER-45JAN01-GMOH,2026-03-01T06:37:39.227136Z,8.00,0.1000,0.9000,yes
ae85fbab-3802-7585-2e18-b6fc1bbf9982,KXNEXTIRANLEADER-45JAN01-GMOH,2026-03-01T06:37:39.227136Z,7.00,0.1000,0.9000,yes
7c80dc18-0ac9-745f-0125-2dc72b14b003,KXNEXTIRANLEADER-45JAN01-GMOH,2026-03-01T06:37:39.227136Z,26.00,0.0900,0.9100,yes
0a83ea45-64d2-705d-134d-592d4b2475f0,KXNEXTIRANLEADER-45JAN01-GMOH,2026-03-01T06:37:39.227136Z,9.00,0.0900,0.9100,yes
ef176355-bbfd-5f68-66e7-9aca2249cdb9,KXNEXTIRANLEADER-45JAN01-GMOH,2026-03-01T06:35:23.717061Z,23.00,0.1200,0.8800,yes
2628af09-77eb-686a-6b75-78a13d2175e5,KXNEXTIRANLEADER-45JAN01-GMOH,2026-03-01T06:32:00.020707Z,16.00,0.1100,0.8900,no
f201dd0b-1e31-439b-54d8-c815b0c82a2f,KXNEXTIRANLEADER-45JAN01-GMOH,2026-03-01T06:31:45.147687Z,16.00,0.1100,0.8900,no
f224d121-53d1-6966-9e31-e9c940f9f08f,KXNEXTIRANLEADER-45JAN01-GMOH,2026-03-01T06:31:13.774351Z,8.00,0.1100,0.8900,yes
ea34074f-0bce-616c-9916-e7954748fcd8,KXNEXTIRANLEADER-45JAN01-GMOH,2026-03-01T06:31:13.774351Z,16.00,0.1000,0.9000,yes
35e6fff7-998c-656b-b2de-65d7b5bd7640,KXNEXTIRANLEADER-45JAN01-GMOH,2026-03-01T06:31:13.774351Z,17.00,0.1300,0.8700,yes
81908c40-2918-5233-a311-0f6c4f75574c,KXNEXTIRANLEADER-45JAN01-GMOH,2026-03-01T06:30:33.161688Z,16.00,0.1300,0.8700,no
c3778f05-7004-7504-b42c-74082c4c471f,KXNEXTIRANLEADER-45JAN01-GMOH,2026-03-01T06:30:31.924386Z,16.00,0.1200,0.8800,no
394ca681-dac8-5de5-bbdf-4c5066d0a474,KXNEXTIRANLEADER-45JAN01-GMOH,2026-03-01T06:29:51.082049Z,11.00,0.1400,0.8600,yes
2346d01f-86a4-54d9-b898-5be06bd9918e,KXNEXTIRANLEADER-45JAN01-GMOH,2026-03-01T06:29:51.082049Z,34.00,0.1400,0.8600,yes
e8a54399-005e-5366-127a-d21bb27f9b7a,KXNEXTIRANLEADER-45JAN01-GMOH,2026-03-01T06:29:42.625757Z,55.00,0.1500,0.8500,yes
dac50cb8-ba08-5e3c-2eee-2436a6b22f84,KXNEXTIRANLEADER-45JAN01-GMOH,2026-03-01T06:29:42.625757Z,4.00,0.1600,0.8400,yes
8ab363a6-705d-56f0-006c-a36a2d6ea768,KXNEXTIRANLEADER-45JAN01-GMOH,2026-03-01T06:29:42.625757Z,3.00,0.1500,0.8500,yes
e32fa3c8-d503-6724-62ca-56e85198a234,KXNEXTIRANLEADER-45JAN01-GMOH,2026-03-01T06:27:56.155615Z,12.00,0.1100,0.8900,yes
dab82394-8759-6023-612b-d677f0350675,KXNEXTIRANLEADER-45JAN01-GMOH,2026-03-01T06:27:56.155615Z,54.00,0.1100,0.8900,yes
7b18707a-60b8-6a09-42e2-78a6e643fb9a,KXNEXTIRANLEADER-45JAN01-GMOH,2026-03-01T06:27:56.155615Z,19.00,0.1100,0.8900,yes
8a9df96e-8bc8-483d-ca00-80b2465b8c0e,KXNEXTIRANLEADER-45JAN01-GMOH,2026-03-01T06:27:51.594924Z,1.00,0.1100,0.8900,yes
2fe7aa38-cfdc-6085-e011-2d626095386a,KXNEXTIRANLEADER-45JAN01-GMOH,2026-03-01T06:27:49.326864Z,1.00,0.1100,0.8900,yes
16ffbcf5-de1a-594c-5dca-f64c0a542713,KXNEXTIRANLEADER-45JAN01-GMOH,2026-03-01T06:27:45.905118Z,1.00,0.1200,0.8800,yes
44e16091-e646-6574-e3cd-646083e5dc5b,KXNEXTIRANLEADER-45JAN01-GMOH,2026-03-01T06:27:45.806118Z,2.00,0.1200,0.8800,yes
919d1925-f91a-5fca-e1ff-1a56740c76c0,KXNEXTIRANLEADER-45JAN01-GMOH,2026-03-01T06:27:41.979321Z,4.00,0.1100,0.8900,no
11750e17-4294-5d6a-e985-c4e9f65dec31,KXNEXTIRANLEADER-45JAN01-GMOH,2026-03-01T06:27:41.979321Z,46.00,0.1100,0.8900,no
9358c92c-5881-4d47-920a-91f3817b3872,KXNEXTIRANLEADER-45JAN01-GMOH,2026-03-01T06:27:30.805944Z,21.00,0.1200,0.8800,no
50751415-1869-4ed0-9999-cc58465a63f7,KXNEXTIRANLEADER-45JAN01-GMOH,2026-03-01T06:27:30.805944Z,6.00,0.1200,0.8800,no
d0647417-4e40-6828-b2e8-bf38b4b8107a,KXNEXTIRANLEADER-45JAN01-GMOH,2026-03-01T06:27:29.566755Z,10.00,0.1200,0.8800,no
cbf3bf3d-028e-7bdf-1ed3-de0b1e51abd4,KXNEXTIRANLEADER-45JAN01-GMOH,2026-03-01T06:27:23.930322Z,8.00,0.1300,0.8700,yes
90cd2122-0280-7d28-2281-80363869aae0,KXNEXTIRANLEADER-45JAN01-GMOH,2026-03-01T06:27:23.930322Z,4.00,0.1700,0.8300,yes
232eb74d-6ee1-7b0a-3c06-714f3724f489,KXNEXTIRANLEADER-45JAN01-GMOH,2026-03-01T06:27:23.930322Z,12.00,0.1400,0.8600,yes
19d5cbc2-1240-7484-254f-f420ce9b3342,KXNEXTIRANLEADER-45JAN01-GMOH,2026-03-01T06:27:23.930322Z,2.00,0.1700,0.8300,yes
e51f355e-90f9-6c25-d852-5a007cb3cbdb,KXNEXTIRANLEADER-45JAN01-GMOH,2026-03-01T06:27:19.266161Z,2.00,0.1200,0.8800,no
ae276937-4c13-6774-c87c-f2dc2a1c007b,KXNEXTIRANLEADER-45JAN01-GMOH,2026-03-01T06:27:19.266161Z,8.00,0.1100,0.8900,no
ed9b041f-2815-6b2c-0758-b1d418af6795,KXNEXTIRANLEADER-45JAN01-GMOH,2026-03-01T06:27:05.887104Z,16.00,0.1100,0.8900,no
adc1dd6b-0859-67a4-1358-5cdb0cdf079e,KXNEXTIRANLEADER-45JAN01-GMOH,2026-03-01T06:27:05.887104Z,11.00,0.1100,0.8900,no
b4fe6482-5c13-6eb0-d47c-88e9ea1be157,KXNEXTIRANLEADER-45JAN01-GMOH,2026-03-01T06:25:54.930831Z,44.00,0.1700,0.8300,yes
65e6519d-7a05-69f8-e0ba-95250d55fd7b,KXNEXTIRANLEADER-45JAN01-GMOH,2026-03-01T06:25:54.930831Z,12.00,0.1500,0.8500,yes
5cf69d2f-7182-62f5-d95b-43d5e331ed6e,KXNEXTIRANLEADER-45JAN01-GMOH,2026-03-01T06:25:54.930831Z,1.00,0.1600,0.8400,yes
7e77e2b5-fc0f-528e-850e-2a4b60aea218,KXNEXTIRANLEADER-45JAN01-GMOH,2026-03-01T06:23:18.14508Z,1.00,0.1700,0.8300,yes
49c020e9-c307-73cc-86d1-bd0c57865ab8,KXNEXTIRANLEADER-45JAN01-GMOH,2026-03-01T06:23:10.782808Z,30.00,0.1400,0.8600,no
d4e3aa34-1a50-6ab6-831a-3dbc27b7800c,KXNEXTIRANLEADER-45JAN01-GMOH,2026-03-01T06:22:51.651589Z,25.00,0.1400,0.8600,no
f027fcfa-dc74-5aa9-753e-fcff2961055c,KXNEXTIRANLEADER-45JAN01-GMOH,2026-03-01T06:22:48.59438Z,24.00,0.1900,0.8100,yes
b67cd8b3-9226-5999-42f4-f7ce504b1bcc,KXNEXTIRANLEADER-45JAN01-GMOH,2026-03-01T06:22:48.59438Z,55.00,0.1800,0.8200,yes
72f6d90c-e60c-5d3b-751f-74068027e58b,KXNEXTIRANLEADER-45JAN01-GMOH,2026-03-01T06:22:48.59438Z,13.00,0.1800,0.8200,yes
f7bd2f00-41d6-59b0-4ab8-cd38d35a0725,KXNEXTIRANLEADER-45JAN01-GMOH,2026-03-01T06:22:44.144733Z,1.00,0.1800,0.8200,yes
da8ab7cb-0578-5a1a-5cc2-4bf1731487d7,KXNEXTIRANLEADER-45JAN01-GMOH,2026-03-01T06:22:44.144733Z,1.00,0.1600,0.8400,yes
c913769e-164d-5104-69b9-7fe09004d226,KXNEXTIRANLEADER-45JAN01-GMOH,2026-03-01T06:22:44.144733Z,55.00,0.1800,0.8200,yes
99528ec3-c251-55c5-5e08-486c293a0352,KXNEXTIRANLEADER-45JAN01-GMOH,2026-03-01T06:22:44.144733Z,35.00,0.1800,0.8200,yes
7667fec6-3c70-5cbc-69b5-1dc927162f5c,KXNEXTIRANLEADER-45JAN01-GMOH,2026-03-01T06:22:44.144733Z,4.00,0.1800,0.8200,yes
6dbf4682-4ea8-5c2c-53eb-507fbffee20f,KXNEXTIRANLEADER-45JAN01-GMOH,2026-03-01T06:22:44.144733Z,7.00,0.1700,0.8300,yes
68ffd622-baa3-518e-6b25-e3ccef408b76,KXNEXTIRANLEADER-45JAN01-GMOH,2026-03-01T06:22:44.144733Z,1.00,0.1800,0.8200,yes
9d541814-ab39-6028-8835-8733f6e0f7d2,KXNEXTIRANLEADER-45JAN01-GMOH,2026-03-01T06:19:27.199964Z,2.00,0.1700,0.8300,yes
6c44888b-5c40-661b-af27-97447d303012,KXNEXTIRANLEADER-45JAN01-GMOH,2026-03-01T06:19:27.199964Z,7.00,0.1700,0.8300,yes
2ff28d95-7357-6a4c-9692-619b79457e01,KXNEXTIRANLEADER-45JAN01-GMOH,2026-03-01T06:19:27.199964Z,17.00,0.1700,0.8300,yes
cb651ed7-f5da-6435-8578-e33c2f9e4138,KXNEXTIRANLEADER-45JAN01-GMOH,2026-03-01T06:17:45.291927Z,5.00,0.1600,0.8400,yes
6c907893-8f48-6869-830e-7753970f9de9,KXNEXTIRANLEADER-45JAN01-GMOH,2026-03-01T06:17:45.291927Z,13.00,0.0900,0.9100,yes
67f7d1f2-12a4-6abf-8869-54d93be752dd,KXNEXTIRANLEADER-45JAN01-GMOH,2026-03-01T06:17:45.291927Z,11.00,0.1600,0.8400,yes
51fe4054-f083-63a5-96c5-458e558fcfec,KXNEXTIRANLEADER-45JAN01-GMOH,2026-03-01T06:17:45.291927Z,46.00,0.0900,0.9100,yes
39ffcfc1-1446-66e4-8a79-fa8ee2de9823,KXNEXTIRANLEADER-45JAN01-GMOH,2026-03-01T06:17:45.291927Z,10.00,0.1500,0.8500,yes
0a61f7d9-8ec3-6af7-8fc9-d017514932ee,KXNEXTIRANLEADER-45JAN01-GMOH,2026-03-01T06:17:45.291927Z,51.00,0.0900,0.9100,yes
ff055b71-4dad-6f9f-21ef-35d21325fefe,KXNEXTIRANLEADER-45JAN01-GMOH,2026-03-01T06:16:23.097663Z,10.00,0.0900,0.9100,yes
eaf87a7c-3bd4-6815-c6c4-25f3f966eadc,KXNEXTIRANLEADER-45JAN01-GMOH,2026-03-01T06:15:33.537201Z,392.00,0.0600,0.9400,no
d0e10421-c93c-6b44-f3c2-69c0ed30fde4,KXNEXTIRANLEADER-45JAN01-GMOH,2026-03-01T06:15:33.537201Z,748.00,0.0200,0.9800,no
87398ca2-3309-615a-df0e-7a3f181edbba,KXNEXTIRANLEADER-45JAN01-GMOH,2026-03-01T06:15:33.537201Z,5.00,0.0900,0.9100,no
6cb0017e-1055-68fc-c3fe-c1e419f01ede,KXNEXTIRANLEADER-45JAN01-GMOH,2026-03-01T06:15:33.537201Z,10.00,0.0300,0.9700,no
666e97f8-66b8-6b08-df3c-018f2ca0ec7b,KXNEXTIRANLEADER-45JAN01-GMOH,2026-03-01T06:15:33.537201Z,55.00,0.0700,0.9300,no
d90bb9cf-9607-6059-b2d6-df0448a4cc47,KXNEXTIRANLEADER-45JAN01-GMOH,2026-03-01T06:12:02.035122Z,2.00,0.0500,0.9500,no
be291715-5990-6af8-af88-3019507201e8,KXNEXTIRANLEADER-45JAN01-GMOH,2026-03-01T06:12:02.035122Z,523.00,0.0200,0.9800,no
b0ed3d95-372f-6bc8-854a-613de5264821,KXNEXTIRANLEADER-45JAN01-GMOH,2026-03-01T06:12:02.035122Z,5.00,0.0300,0.9700,no
b05a9f63-3f41-612f-8b3c-ba1c05a47c4c,KXNEXTIRANLEADER-45JAN01-GMOH,2026-03-01T06:12:02.035122Z,92.00,0.0200,0.9800,no
9e675ab6-0cf2-68dc-af3f-66ea63e404cd,KXNEXTIRANLEADER-45JAN01-GMOH,2026-03-01T06:12:02.035122Z,8.00,0.0200,0.9800,no
68285c48-5db7-64b6-a3c0-91c34a0bdac8,KXNEXTIRANLEADER-45JAN01-GMOH,2026-03-01T06:12:02.035122Z,93.00,0.0200,0.9800,no
626367ec-45c1-6b69-aa55-b14df1ec11f2,KXNEXTIRANLEADER-45JAN01-GMOH,2026-03-01T06:12:02.035122Z,2.00,0.0400,0.9600,no
5f6ab43f-5969-69d9-9745-70b0b5edd10d,KXNEXTIRANLEADER-45JAN01-GMOH,2026-03-01T06:12:02.035122Z,46.00,0.0300,0.9700,no
56e8e785-e117-619b-966b-9805723c896c,KXNEXTIRANLEADER-45JAN01-GMOH,2026-03-01T06:12:02.035122Z,10.00,0.0200,0.9800,no
558e3bc0-1498-68ec-810d-76ed677917f4,KXNEXTIRANLEADER-45JAN01-GMOH,2026-03-01T06:12:02.035122Z,55.00,0.0400,0.9600,no
1fa6ccdf-a521-6d57-91ba-73df9616991c,KXNEXTIRANLEADER-45JAN01-GMOH,2026-03-01T06:12:02.035122Z,2.00,0.0500,0.9500,no
1897c983-4964-610b-8ded-26b1899815dc,KXNEXTIRANLEADER-45JAN01-GMOH,2026-03-01T06:12:02.035122Z,14.00,0.0300,0.9700,no
022961a8-57cb-6e29-b2d2-05c5c79f94b1,KXNEXTIRANLEADER-45JAN01-GMOH,2026-03-01T06:12:02.035122Z,5.00,0.0900,0.9100,no
fc86d8b8-d690-7e88-0f31-b3693ae46b6f,KXNEXTIRANLEADER-45JAN01-GMOH,2026-03-01T06:11:35.374375Z,1.00,0.1500,0.8500,yes
bf9adc8c-1b7b-4394-5ae9-49251fe11b86,KXNEXTIRANLEADER-45JAN01-GMOH,2026-03-01T06:08:47.299338Z,5.00,0.1600,0.8400,yes
b08a1447-4d91-490a-5b30-6edb8d87fa4a,KXNEXTIRANLEADER-45JAN01-GMOH,2026-03-01T06:08:47.299338Z,4.00,0.1700,0.8300,yes
6c37b57d-9562-4839-6346-adc165741bc5,KXNEXTIRANLEADER-45JAN01-GMOH,2026-03-01T06:08:47.299338Z,1.00,0.1600,0.8400,yes
4b86d139-e5c9-4296-60c3-fd91419c9f67,KXNEXTIRANLEADER-45JAN01-GMOH,2026-03-01T06:08:47.299338Z,18.00,0.1700,0.8300,yes
f0dbceaa-9e99-69b4-28eb-e9bb31ded253,KXNEXTIRANLEADER-45JAN01-GMOH,2026-03-01T06:08:44.894748Z,51.00,0.0700,0.9300,no
ec35bb47-4c1f-631e-1d9e-b2642658f65e,KXNEXTIRANLEADER-45JAN01-GMOH,2026-03-01T06:08:44.894748Z,33.00,0.0700,0.9300,no
cf8bb13b-0c9b-60f1-3300-e23272aa50e5,KXNEXTIRANLEADER-45JAN01-GMOH,2026-03-01T06:08:44.894748Z,7.00,0.0800,0.9200,no
c139a9ad-dfb7-609c-3212-2cf08b910d1c,KXNEXTIRANLEADER-45JAN01-GMOH,2026-03-01T06:08:44.894748Z,2.00,0.0600,0.9400,no
77ffe32f-de2d-6057-3376-f44399419584,KXNEXTIRANLEADER-45JAN01-GMOH,2026-03-01T06:08:44.894748Z,13.00,0.0700,0.9300,no
520ef7a6-4b05-6b15-2b8e-9ca1ad0f7e67,KXNEXTIRANLEADER-45JAN01-GMOH,2026-03-01T06:08:44.894748Z,2.00,0.0600,0.9400,no
3cf182ad-f3fb-6781-1036-a384e1eb7223,KXNEXTIRANLEADER-45JAN01-GMOH,2026-03-01T06:08:44.894748Z,3.00,0.1100,0.8900,no
0b0dd306-dc01-6012-2682-cb0f2554fb16,KXNEXTIRANLEADER-45JAN01-GMOH,2026-03-01T06:08:44.894748Z,1.00,0.1000,0.9000,no
ab65965c-322e-7d20-ab31-884355089d54,KXNEXTIRANLEADER-45JAN01-GMOH,2026-03-01T06:06:21.20673Z,2.00,0.1500,0.8500,no
04653ea4-ade6-7a4f-91cc-7709515937d9,KXNEXTIRANLEADER-45JAN01-GMOH,2026-03-01T06:06:21.20673Z,3.00,0.1500,0.8500,no
5fabbdf9-cfeb-679d-f277-4b981bb6dfe7,KXNEXTIRANLEADER-45JAN01-GMOH,2026-03-01T06:06:11.099983Z,28.00,0.1500,0.8500,no
98c4d728-e85d-78e4-9fc1-69aa5b0aef7b,KXNEXTIRANLEADER-45JAN01-GMOH,2026-03-01T06:05:50.781443Z,5.00,0.1900,0.8100,yes
92f63616-64f0-7eb8-a98f-a164d5e24a39,KXNEXTIRANLEADER-45JAN01-GMOH,2026-03-01T06:05:50.781443Z,15.00,0.1900,0.8100,yes
801c0251-d789-766a-bc0c-4e1756cea9d9,KXNEXTIRANLEADER-45JAN01-GMOH,2026-03-01T06:05:50.781443Z,4.00,0.1800,0.8200,yes
2d11fd7c-7a1d-7e78-a4e5-c8dd9ba002df,KXNEXTIRANLEADER-45JAN01-GMOH,2026-03-01T06:05:50.781443Z,1.00,0.2000,0.8000,yes
ddf2df1f-061a-499e-488e-cbd1787b2d07,KXNEXTIRANLEADER-45JAN01-GMOH,2026-03-01T06:05:33.088415Z,5.00,0.1800,0.8200,yes
428edede-1e4c-5a5d-ff86-29f6983a5fb3,KXNEXTIRANLEADER-45JAN01-GMOH,2026-03-01T06:04:58.638448Z,2779.00,0.0500,0.9500,yes
266264e1-f5b9-5b08-d2f6-abe9ea5685ff,KXNEXTIRANLEADER-45JAN01-GMOH,2026-03-01T06:04:58.638448Z,65.00,0.0500,0.9500,yes
fcc9787b-ef3c-53dd-ec55-3b07f7e9a677,KXNEXTIRANLEADER-45JAN01-GMOH,2026-03-01T06:03:43.660397Z,3.00,0.0500,0.9500,yes
9953d855-47fc-6b91-6490-fca83ed1d51b,KXNEXTIRANLEADER-45JAN01-GMOH,2026-03-01T06:03:34.960562Z,93.00,0.0500,0.9500,yes
f966b41e-6f38-6b4d-c8c9-2f63a2d2d363,KXNEXTIRANLEADER-45JAN01-GMOH,2026-03-01T06:01:36.631922Z,18.00,0.0500,0.9500,yes
3c5b919b-c4e4-50c5-7acb-ad4626d9b537,KXNEXTIRANLEADER-45JAN01-GMOH,2026-03-01T05:58:52.746102Z,18.00,0.0500,0.9500,yes
b5e91ae7-f6b6-68ac-f81b-0875a6e5012c,KXNEXTIRANLEADER-45JAN01-GMOH,2026-03-01T05:58:16.358854Z,12.00,0.0400,0.9600,no
ea3d7e55-2348-6ae5-e96d-85d8a02be65b,KXNEXTIRANLEADER-45JAN01-GMOH,2026-03-01T05:58:12.003226Z,89.00,0.0500,0.9500,yes
53a7039e-b2a0-6656-e768-f89caa99defa,KXNEXTIRANLEADER-45JAN01-GMOH,2026-03-01T05:58:12.003226Z,4.00,0.0500,0.9500,yes
79364f23-01d8-4c3a-7cb6-65fc6802c9fa,KXNEXTIRANLEADER-45JAN01-GMOH,2026-03-01T05:54:57.34991Z,6.00,0.0500,0.9500,yes
f1e493dc-d072-6c65-57c1-0152ef8bbfeb,KXNEXTIRANLEADER-45JAN01-GMOH,2026-03-01T05:52:35.163171Z,837.00,0.0300,0.9700,yes
ebef4d3b-b249-663c-73d7-4dac3a7584f7,KXNEXTIRANLEADER-45JAN01-GMOH,2026-03-01T05:52:35.163171Z,46.00,0.0300,0.9700,yes
dc49b65b-0474-6adb-4032-6b792d707a5b,KXNEXTIRANLEADER-45JAN01-GMOH,2026-03-01T05:52:35.163171Z,46.00,0.0200,0.9800,yes
dbbf3ee5-5ccc-6c9f-6747-1347a13ee53c,KXNEXTIRANLEADER-45JAN01-GMOH,2026-03-01T05:52:35.163171Z,3000.00,0.0300,0.9700,yes
a15bb3b4-65bc-6476-474a-bae8d31eb134,KXNEXTIRANLEADER-45JAN01-GMOH,2026-03-01T05:52:35.163171Z,220.00,0.0200,0.9800,yes
9ed022ea-8b29-60da-71ff-dfaff2479b81,KXNEXTIRANLEADER-45JAN01-GMOH,2026-03-01T05:52:35.163171Z,44.00,0.0200,0.9800,yes
8f463126-9af8-6cee-4219-cf48ca344158,KXNEXTIRANLEADER-45JAN01-GMOH,2026-03-01T05:52:35.163171Z,47.00,0.0300,0.9700,yes
649f998b-995e-6126-573a-f706d0b89f27,KXNEXTIRANLEADER-45JAN01-GMOH,2026-03-01T05:52:35.163171Z,1000.00,0.0200,0.9800,yes
367125cb-fc81-6a9b-6fb5-d142b1280bc5,KXNEXTIRANLEADER-45JAN01-GMOH,2026-03-01T05:52:35.163171Z,10.00,0.0200,0.9800,yes
17ab0f54-c11a-61ef-7e07-c91830c16d87,KXNEXTIRANLEADER-45JAN01-GMOH,2026-03-01T05:52:35.163171Z,1062.00,0.0200,0.9800,yes
9faf1e2b-3a96-5f5f-f0d9-e114cb97c773,KXNEXTIRANLEADER-45JAN01-GMOH,2026-03-01T05:51:01.673248Z,93.00,0.0200,0.9800,yes
d5efdbad-1dfc-7d44-060f-5adb9e254ad5,KXNEXTIRANLEADER-45JAN01-GMOH,2026-03-01T05:44:01.699792Z,181.00,0.0100,0.9900,no
651bd7f6-79f8-7dd8-7fc7-89619787c9c1,KXNEXTIRANLEADER-45JAN01-GMOH,2026-03-01T05:44:01.663309Z,100.00,0.0100,0.9900,no
6b766a0e-f95c-73d8-00c0-93391326a5b5,KXNEXTIRANLEADER-45JAN01-GMOH,2026-03-01T05:43:58.588189Z,5.00,0.0100,0.9900,no
25abe32a-2058-58e4-6d82-6baa07bde165,KXNEXTIRANLEADER-45JAN01-GMOH,2026-03-01T05:43:57.059228Z,29.00,0.0100,0.9900,no
5875e2c1-1818-7d6c-1fcc-6b325cf40b8d,KXNEXTIRANLEADER-45JAN01-GMOH,2026-03-01T05:43:57.021627Z,327.00,0.0100,0.9900,no
ab959fd9-95c4-4e84-05b7-ba9a2024f539,KXNEXTIRANLEADER-45JAN01-GMOH,2026-03-01T05:43:47.978713Z,441.00,0.0100,0.9900,no
9fc38d5a-82e4-5044-a7c8-3a83f702dc59,KXNEXTIRANLEADER-45JAN01-GMOH,2026-03-01T05:43:46.751262Z,122.00,0.0100,0.9900,no
5d83f70c-63d8-7370-5e9b-24e8fa9a8ab5,KXNEXTIRANLEADER-45JAN01-GMOH,2026-03-01T05:43:45.232505Z,28.00,0.0100,0.9900,no
ba272a7b-b8ac-6864-7465-c14ce66728d5,KXNEXTIRANLEADER-45JAN01-GMOH,2026-03-01T05:43:44.009485Z,31.00,0.0100,0.9900,no
1cdb39bb-d7b0-44b0-39ce-7ff22f1730fd,KXNEXTIRANLEADER-45JAN01-GMOH,2026-03-01T05:43:42.46328Z,22.00,0.0100,0.9900,no
fbd60def-34bc-5940-11ce-21cf473e930d,KXNEXTIRANLEADER-45JAN01-GMOH,2026-03-01T05:43:41.229238Z,59.00,0.0100,0.9900,no
eeeec07a-be60-7a28-919b-a1ec6d059931,KXNEXTIRANLEADER-45JAN01-GMOH,2026-03-01T05:43:39.703657Z,77.00,0.0100,0.9900,no
f84f2971-b202-7127-126b-634fcd63327b,KXNEXTIRANLEADER-45JAN01-GMOH,2026-03-01T05:43:26.392365Z,50.00,0.0200,0.9800,yes
bf5ee960-9fe8-5178-08d4-2b9394ae16bd,KXNEXTIRANLEADER-45JAN01-GMOH,2026-03-01T05:43:19.430178Z,10.00,0.0100,0.9900,no
db3ee6b6-8bb4-4fb8-9374-d0227fde2d11,KXNEXTIRANLEADER-45JAN01-GMOH,2026-03-01T05:43:18.377846Z,196.00,0.0100,0.9900,no
dc4025de-fc68-7a58-f1b2-76b86dfffff5,KXNEXTIRANLEADER-45JAN01-GMOH,2026-03-01T05:43:16.851096Z,58.00,0.0100,0.9900,no
b77da643-f808-633c-ee16-516d8b170415,KXNEXTIRANLEADER-45JAN01-GMOH,2026-03-01T05:43:16.085399Z,7.00,0.0100,0.9900,no
f118b6cb-4234-687c-3e5f-ced57d99a0b5,KXNEXTIRANLEADER-45JAN01-GMOH,2026-03-01T05:43:15.319299Z,25.00,0.0100,0.9900,no
65635756-3a44-4ebc-af36-62bf6367e2dd,KXNEXTIRANLEADER-45JAN01-GMOH,2026-03-01T05:43:12.999404Z,37.00,0.0100,0.9900,no
e9658197-0828-4dd4-0352-e6b46ce64c41,KXNEXTIRANLEADER-45JAN01-GMOH,2026-03-01T05:43:05.348546Z,50.00,0.0100,0.9900,no
d2f5e2e0-1d34-69f4-91e8-344a66354e5d,KXNEXTIRANLEADER-45JAN01-GMOH,2026-03-01T05:43:04.057207Z,11.00,0.0100,0.9900,no
712337da-61a0-64c8-e1ee-d6a103c997b5,KXNEXTIRANLEADER-45JAN01-GMOH,2026-03-01T05:42:51.75526Z,189.00,0.0100,0.9900,no
ec838dff-e404-72ac-3d01-11ecc4eccf65,KXNEXTIRANLEADER-45JAN01-GMOH,2026-03-01T05:42:50.852965Z,8.00,0.0100,0.9900,no
7b62d3d7-fb78-40f8-f15e-88356663c9c9,KXNEXTIRANLEADER-45JAN01-GMOH,2026-03-01T05:42:49.31235Z,13.00,0.0100,0.9900,no
420bca1c-30d4-52dc-eb5f-9c0e3985dae1,KXNEXTIRANLEADER-45JAN01-GMOH,2026-03-01T05:42:48.759823Z,4.00,0.0100,0.9900,no
66b81ffc-9248-5b28-e7c5-286c685b8715,KXNEXTIRANLEADER-45JAN01-GMOH,2026-03-01T05:42:43.861376Z,21.00,0.0100,0.9900,no
1c7345f4-efea-7023-756e-3e22a815c287,KXNEXTIRANLEADER-45JAN01-GMOH,2026-03-01T05:42:17.493735Z,981.00,0.0200,0.9800,yes
b7037287-179e-7c07-344e-51b0c00072b7,KXNEXTIRANLEADER-45JAN01-GMOH,2026-03-01T05:39:23.27505Z,233.00,0.0200,0.9800,yes
baea53e2-4c0a-49d7-aa9b-04396f1f23d3,KXNEXTIRANLEADER-45JAN01-GMOH,2026-03-01T05:32:27.198515Z,467.00,0.0200,0.9800,yes
e7e60867-b1e2-7fb3-a3fd-1333938c760f,KXNEXTIRANLEADER-45JAN01-GMOH,2026-03-01T05:25:01.18914Z,1250.00,0.0200,0.9800,yes
390250af-e65e-6bf7-011b-1435d0c8e353,KXNEXTIRANLEADER-45JAN01-GMOH,2026-03-01T05:24:40.655638Z,46.00,0.0200,0.9800,yes
3f81451e-8996-73a3-8b6f-7ae3c0c12f7b,KXNEXTIRANLEADER-45JAN01-GMOH,2026-03-01T05:22:49.931388Z,467.00,0.0200,0.9800,yes
99ec929f-7826-5727-4acf-c473100fa893,KXNEXTIRANLEADER-45JAN01-GMOH,2026-03-01T05:12:52.536725Z,46.00,0.0200,0.9800,yes
bd71eb06-6916-5987-3144-cf0237819f8f,KXNEXTIRANLEADER-45JAN01-GMOH,2026-03-01T05:10:38.756697Z,305.00,0.0200,0.9800,yes
8999d3c9-0f47-5ac1-27d9-dd683df27f84,KXNEXTIRANLEADER-45JAN01-GMOH,2026-03-01T05:10:38.756697Z,552.00,0.0200,0.9800,yes
f62a643b-ba2b-73e9-6626-adcf700b5b70,KXNEXTIRANLEADER-45JAN01-GMOH,2026-03-01T05:08:19.424037Z,46.00,0.0200,0.9800,yes
fdcab437-6dd8-752c-00ba-4fbe045fc02d,KXNEXTIRANLEADER-45JAN01-GMOH,2026-03-01T05:01:45.636674Z,249.00,0.0100,0.9900,no
3e940390-00fb-43a1-4b26-f99fce1bbb74,KXNEXTIRANLEADER-45JAN01-GMOH,2026-03-01T05:01:32.654359Z,402.00,0.0200,0.9800,yes
29ecc4cf-349b-4e4e-6477-5759b6213397,KXNEXTIRANLEADER-45JAN01-GMOH,2026-03-01T05:01:32.654359Z,598.00,0.0200,0.9800,yes
13c01197-b50f-61ae-c39a-4c49423b80a7,KXNEXTIRANLEADER-45JAN01-GMOH,2026-03-01T05:00:59.302734Z,1169.00,0.0200,0.9800,yes
8a9e7133-9ccf-6462-6010-b4ca945f5f53,KXNEXTIRANLEADER-45JAN01-GMOH,2026-03-01T04:58:17.712422Z,233.00,0.0200,0.9800,yes
46bbfc8c-8526-603d-7dac-9117973fc0e1,KXNEXTIRANLEADER-45JAN01-GMOH,2026-03-01T04:43:33.655431Z,2.00,0.0200,0.9800,yes
384b5823-610e-6dbd-5738-17385bf90f71,KXNEXTIRANLEADER-45JAN01-GMOH,2026-03-01T04:43:33.655431Z,258.00,0.0200,0.9800,yes
28d2428f-f288-6361-66e7-f0af09c936b3,KXNEXTIRANLEADER-45JAN01-GMOH,2026-03-01T04:43:33.655431Z,50.00,0.0200,0.9800,yes
159c4bdb-4cff-6014-60a4-a9d7b9f75186,KXNEXTIRANLEADER-45JAN01-GMOH,2026-03-01T04:43:33.655431Z,2000.00,0.0200,0.9800,yes
0a06f665-6c86-7fb9-04d9-86ad65f24ec1,KXNEXTIRANLEADER-45JAN01-GMOH,2026-03-01T04:43:09.426565Z,50.00,0.0200,0.9800,yes
aa0c448a-723d-4e7c-e3a8-dd04c79720e6,KXNEXTIRANLEADER-45JAN01-GMOH,2026-03-01T04:38:34.245315Z,233.00,0.0200,0.9800,yes
890fe35a-fc31-5ee4-f81d-3e06c07d5cfe,KXNEXTIRANLEADER-45JAN01-GMOH,2026-03-01T04:36:40.334741Z,100.00,0.0200,0.9800,yes
c589df28-10ed-4664-38dc-9bfd9b4afce6,KXNEXTIRANLEADER-45JAN01-GMOH,2026-03-01T04:30:02.269357Z,46.00,0.0200,0.9800,yes
fa5e3e3f-7d35-4058-9d1c-38408b08942a,KXNEXTIRANLEADER-45JAN01-GMOH,2026-03-01T04:27:30.173885Z,46.00,0.0200,0.9800,yes
bb65b9a5-a31c-5c10-2053-017f56af0391,KXNEXTIRANLEADER-45JAN01-GMOH,2026-03-01T04:22:24.254134Z,10.00,0.0100,0.9900,no
f232c246-2fb5-5b78-cb06-fee05e4b1a66,KXNEXTIRANLEADER-45JAN01-GMOH,2026-03-01T04:22:00.942641Z,1575.00,0.0200,0.9800,yes
cc049df9-5a19-542c-f7dc-faf803fc98f2,KXNEXTIRANLEADER-45JAN01-GMOH,2026-03-01T04:22:00.942641Z,2151.00,0.0200,0.9800,yes
b2d4cd6e-880b-573b-f761-ab0ffc87d55e,KXNEXTIRANLEADER-45JAN01-GMOH,2026-03-01T04:22:00.942641Z,1000.00,0.0200,0.9800,yes
ad99798f-5d6f-5fea-e98a-dc766eaabf3d,KXNEXTIRANLEADER-45JAN01-GMOH,2026-03-01T04:22:00.942641Z,10.00,0.0200,0.9800,yes
e7380ecc-f669-4ddc-5849-d1cbb288aa06,KXNEXTIRANLEADER-45JAN01-GMOH,2026-03-01T04:13:51.692616Z,28.00,0.0200,0.9800,yes
8664b233-e40d-7098-cc22-eb32a59553aa,KXNEXTIRANLEADER-45JAN01-GMOH,2026-03-01T04:13:51.444931Z,1250.00,0.0200,0.9800,yes
d476267e-66b0-6ce4-9578-9f16a5260389,KXNEXTIRANLEADER-45JAN01-GMOH,2026-03-01T04:13:26.402178Z,1000.00,0.0200,0.9800,yes
c3e22e35-0e67-6cda-aa12-e3edde496354,KXNEXTIRANLEADER-45JAN01-GMOH,2026-03-01T04:13:26.402178Z,2679.00,0.0200,0.9800,yes
a37776cd-6cd5-66a8-bd28-432cdd006382,KXNEXTIRANLEADER-45JAN01-GMOH,2026-03-01T04:13:26.402178Z,571.00,0.0200,0.9800,yes
42464cf4-8555-6c85-a3de-5e0305bfc07b,KXNEXTIRANLEADER-45JAN01-GMOH,2026-03-01T04:13:26.402178Z,1000.00,0.0200,0.9800,yes
29b08adf-24a6-64e6-aef1-4e85fe40e478,KXNEXTIRANLEADER-45JAN01-GMOH,2026-03-01T04:13:26.402178Z,1000.00,0.0200,0.9800,yes
166f21c5-3514-728c-eff9-d63ff6404c85,KXNEXTIRANLEADER-45JAN01-GMOH,2026-03-01T04:11:22.953232Z,500.00,0.0100,0.9900,no
715de70a-a907-53aa-a430-3eacd7a2f880,KXNEXTIRANLEADER-45JAN01-GMOH,2026-03-01T04:08:58.016857Z,46.00,0.0200,0.9800,yes
46fa68bc-276c-62b8-1037-a8e86e853ced,KXNEXTIRANLEADER-45JAN01-GMOH,2026-03-01T04:03:01.741467Z,1000.00,0.0100,0.9900,no
c7bc42b8-9a03-4e6e-c541-923a44bd2d1c,KXNEXTIRANLEADER-45JAN01-GMOH,2026-03-01T03:58:24.8693Z,90.00,0.0200,0.9800,yes
eb152441-bcd7-4c6e-d0ac-584f897ffa6c,KXNEXTIRANLEADER-45JAN01-GMOH,2026-03-01T03:52:56.255494Z,130.00,0.0200,0.9800,yes
eb1fa5e5-0d9f-5bae-126e-7a918b783adc,KXNEXTIRANLEADER-45JAN01-GMOH,2026-03-01T03:45:31.316117Z,23.00,0.0200,0.9800,yes
ce43cdc1-c1f3-5502-4a64-0e8a933638ac,KXNEXTIRANLEADER-45JAN01-GMOH,2026-03-01T03:44:38.475839Z,1032.00,0.0200,0.9800,yes
a0732b1a-9c6f-5d4b-4ff7-a8194af19fe6,KXNEXTIRANLEADER-45JAN01-GMOH,2026-03-01T03:44:38.475839Z,41.00,0.0200,0.9800,yes
07026786-b814-5b45-7e80-e9a819bea068,KXNEXTIRANLEADER-45JAN01-GMOH,2026-03-01T03:44:38.475839Z,96.00,0.0200,0.9800,yes
7ed9b064-4154-4b95-a2aa-b59478889f44,KXNEXTIRANLEADER-45JAN01-GMOH,2026-03-01T03:42:41.794493Z,327.00,0.0200,0.9800,yes
6eba9e33-f5c0-405d-5353-e4028544e7dc,KXNEXTIRANLEADER-45JAN01-GMOH,2026-03-01T03:40:24.341215Z,233.00,0.0200,0.9800,yes
d6b89c6e-0974-717d-aba3-57b32a51c430,KXNEXTIRANLEADER-45JAN01-GMOH,2026-03-01T03:39:49.53431Z,100.00,0.0200,0.9800,yes
24f03de8-d8f8-6025-0c55-872548b9f648,KXNEXTIRANLEADER-45JAN01-GMOH,2026-03-01T03:39:48.245545Z,93.00,0.0200,0.9800,yes
5a21f28f-9a34-4df9-5b03-2c03dcbd9704,KXNEXTIRANLEADER-45JAN01-GMOH,2026-03-01T03:39:17.841416Z,93.00,0.0200,0.9800,yes
bdfba765-6af5-4f9d-57cf-018faaeffba8,KXNEXTIRANLEADER-45JAN01-GMOH,2026-03-01T03:38:31.061537Z,106.00,0.0100,0.9900,no
28c7f10d-1938-4398-4642-82042c42f3b5,KXNEXTIRANLEADER-45JAN01-GMOH,2026-03-01T03:38:31.061537Z,47.00,0.0100,0.9900,no
cf2005f8-d405-7735-7317-c2d863e1834d,KXNEXTIRANLEADER-45JAN01-GMOH,2026-03-01T03:38:13.902321Z,192.00,0.0200,0.9800,yes
cb38ec55-8de0-770d-6fd4-e9e495f691f0,KXNEXTIRANLEADER-45JAN01-GMOH,2026-03-01T03:38:13.902321Z,58.00,0.0200,0.9800,yes
e9694a45-fe85-7e81-9262-35d509c9bd51,KXNEXTIRANLEADER-45JAN01-GMOH,2026-03-01T03:37:34.433752Z,1600.00,0.0200,0.9800,yes
88e70212-b741-57d1-9cca-aa42c6170975,KXNEXTIRANLEADER-45JAN01-GMOH,2026-03-01T03:37:16.624784Z,233.00,0.0200,0.9800,yes
b5a8f417-e6a1-688d-af5c-1b282eb9fe00,KXNEXTIRANLEADER-45JAN01-GMOH,2026-03-01T03:37:06.562091Z,42.00,0.0100,0.9900,no
3105a1b2-e559-5d71-4e20-7014846f42d5,KXNEXTIRANLEADER-45JAN01-GMOH,2026-03-01T03:29:22.204805Z,467.00,0.0200,0.9800,yes
71ad200c-aa29-40e1-ea12-55618c927509,KXNEXTIRANLEADER-45JAN01-GMOH,2026-03-01T03:24:38.555546Z,1637.00,0.0200,0.9800,yes
06daa865-0de1-7a0d-0d0d-81a8046cf105,KXNEXTIRANLEADER-45JAN01-GMOH,2026-03-01T03:19:15.630987Z,46.00,0.0200,0.9800,yes
48e5c923-490d-4cf5-d98d-e7cdf51779b5,KXNEXTIRANLEADER-45JAN01-GMOH,2026-03-01T03:18:42.669777Z,467.00,0.0200,0.9800,yes
e14dcdb5-c3e1-5e71-f25a-3875276dad45,KXNEXTIRANLEADER-45JAN01-GMOH,2026-03-01T03:18:16.463813Z,33.00,0.0200,0.9800,yes
da1b29fb-612d-4929-d9f2-f6cad3172e19,KXNEXTIRANLEADER-45JAN01-GMOH,2026-03-01T03:17:04.677646Z,79.00,0.0200,0.9800,yes
9f2639ef-c105-77e5-b4b4-a3685a25d605,KXNEXTIRANLEADER-45JAN01-GMOH,2026-03-01T03:05:30.214838Z,200.00,0.0200,0.9800,yes
a7614e36-eddd-5441-9d52-c33fe535000d,KXNEXTIRANLEADER-45JAN01-GMOH,2026-03-01T03:02:23.312661Z,46.00,0.0200,0.9800,yes
8d09d459-230a-4ead-b624-8116c657e3b7,KXNEXTIRANLEADER-45JAN01-GMOH,2026-03-01T02:42:53.947781Z,31.00,0.0300,0.9700,yes
f9c8cd29-07b6-55f5-066d-8ca1c3de6b20,KXNEXTIRANLEADER-45JAN01-GMOH,2026-03-01T02:41:44.874133Z,268.00,0.0300,0.9700,yes
88042a72-1a32-5805-1944-826969d2e857,KXNEXTIRANLEADER-45JAN01-GMOH,2026-03-01T02:41:44.874133Z,132.00,0.0300,0.9700,yes
81be58a3-61c0-58f8-395e-e1a03ae7c1bb,KXNEXTIRANLEADER-45JAN01-GMOH,2026-03-01T02:41:44.874133Z,100.00,0.0300,0.9700,yes
3cb6743f-dd2a-57a9-7abe-56742817a2bc,KXNEXTIRANLEADER-45JAN01-GMOH,2026-03-01T02:34:23.693997Z,1560.00,0.0300,0.9700,yes
bb48d4e5-1a69-7c9d-6e8c-868b919a4be0,KXNEXTIRANLEADER-45JAN01-GMOH,2026-03-01T02:29:49.297561Z,8.00,0.0100,0.9900,no
d9ee6465-a93e-4b45-e782-cdc6b8ca11c8,KXNEXTIRANLEADER-45JAN01-GMOH,2026-03-01T02:29:45.937216Z,10.00,0.0300,0.9700,yes
4933964f-c029-7205-0ab8-2d5ff16a72b8,KXNEXTIRANLEADER-45JAN01-GMOH,2026-03-01T02:29:41.399447Z,9.00,0.0100,0.9900,no
753eeb63-5832-40cd-349a-ef4bd1c5e798,KXNEXTIRANLEADER-45JAN01-GMOH,2026-03-01T02:29:16.329813Z,156.00,0.0300,0.9700,yes
3896fd8a-4089-6c19-712e-3be90f5097c0,KXNEXTIRANLEADER-45JAN01-GMOH,2026-03-01T02:28:06.787435Z,71.00,0.0100,0.9900,no
42553111-dfad-78c5-d709-60a0838f9f7c,KXNEXTIRANLEADER-45JAN01-GMOH,2026-03-01T02:26:59.658942Z,5.00,0.0100,0.9900,no
ee8df7b7-cc55-65db-099d-e11f4438e0f5,KXNEXTIRANLEADER-45JAN01-GMOH,2026-03-01T02:26:25.245163Z,2.00,0.0300,0.9700,yes
b9b87a02-e442-6385-33c2-ba9be96f54cc,KXNEXTIRANLEADER-45JAN01-GMOH,2026-03-01T02:26:25.245163Z,6.00,0.0300,0.9700,yes
346e77c0-6592-5759-33d0-0f427fb13266,KXNEXTIRANLEADER-45JAN01-GMOH,2026-03-01T02:24:48.406727Z,312.00,0.0300,0.9700,yes
482e13fc-968d-45d5-102c-b5ff3478d2e8,KXNEXTIRANLEADER-45JAN01-GMOH,2026-03-01T02:24:47.791145Z,62.00,0.0100,0.9900,no
01adeada-ee45-67c1-7168-75c2847634f8,KXNEXTIRANLEADER-45JAN01-GMOH,2026-03-01T02:24:46.455322Z,2.00,0.0100,0.9900,no
984c8c98-c9d9-45e5-5f7a-d582b9f1203c,KXNEXTIRANLEADER-45JAN01-GMOH,2026-03-01T02:24:45.209249Z,2.00,0.0100,0.9900,no
ca2f2158-d30d-543d-4534-01a08a58147c,KXNEXTIRANLEADER-45JAN01-GMOH,2026-03-01T02:24:45.182595Z,1.00,0.0100,0.9900,no
e9b9f7e1-673e-52ed-7945-980856da7416,KXNEXTIRANLEADER-45JAN01-GMOH,2026-03-01T02:24:38.165662Z,70.00,0.0300,0.9700,yes
b8c1e220-ee21-5ad0-62a7-7aceed547682,KXNEXTIRANLEADER-45JAN01-GMOH,2026-03-01T02:24:38.165662Z,692.00,0.0200,0.9800,yes
4bad303f-57bc-5144-7896-766976ff45b4,KXNEXTIRANLEADER-45JAN01-GMOH,2026-03-01T02:24:38.165662Z,11.00,0.0200,0.9800,yes
06806f60-ffce-5103-4c36-105a90b95386,KXNEXTIRANLEADER-45JAN01-GMOH,2026-03-01T02:24:38.165662Z,15.00,0.0200,0.9800,yes
dae8fde9-9111-786d-a917-295a622b1004,KXNEXTIRANLEADER-45JAN01-GMOH,2026-03-01T02:24:22.892844Z,5.00,0.0100,0.9900,no
12f6be75-6bc9-61a9-2a76-110e50ca0f98,KXNEXTIRANLEADER-45JAN01-GMOH,2026-03-01T02:24:20.838258Z,2.00,0.0100,0.9900,no
6b70400e-3c99-6fa1-290a-18eaa008bedc,KXNEXTIRANLEADER-45JAN01-GMOH,2026-03-01T02:24:16.479897Z,57.00,0.0100,0.9900,no
5230841d-cbd9-5959-37c0-c6aa3b9d7f98,KXNEXTIRANLEADER-45JAN01-GMOH,2026-03-01T02:24:16.228746Z,5.00,0.0100,0.9900,no
f1f7af99-134d-5805-96b4-eef6d9190a1c,KXNEXTIRANLEADER-45JAN01-GMOH,2026-03-01T02:24:15.237862Z,4.00,0.0100,0.9900,no
f362c880-43d1-5a91-2412-1f24e69f7fdc,KXNEXTIRANLEADER-45JAN01-GMOH,2026-03-01T02:24:13.150074Z,36.00,0.0100,0.9900,no
5da36b18-5501-6521-7956-c4a293fabcac,KXNEXTIRANLEADER-45JAN01-GMOH,2026-03-01T02:23:20.66243Z,9.00,0.0100,0.9900,no
9d9a1bbc-bd89-79a5-eb32-344d8e795478,KXNEXTIRANLEADER-45JAN01-GMOH,2026-03-01T02:23:09.46284Z,14.00,0.0100,0.9900,no
83bc0c62-2c99-5f7d-1ff0-e98b5bac8148,KXNEXTIRANLEADER-45JAN01-GMOH,2026-03-01T02:23:07.408831Z,60.00,0.0100,0.9900,no
e30e4fec-b335-4aad-d293-41b7dab9d698,KXNEXTIRANLEADER-45JAN01-GMOH,2026-03-01T02:23:06.169769Z,6.00,0.0100,0.9900,no
860ec50c-2e69-6391-1ddc-25ea1e1be2a4,KXNEXTIRANLEADER-45JAN01-GMOH,2026-03-01T02:23:04.935723Z,7.00,0.0100,0.9900,no
ec530e09-6b9d-6f51-453e-70220d4e8c9c,KXNEXTIRANLEADER-45JAN01-GMOH,2026-03-01T02:23:03.700395Z,11.00,0.0100,0.9900,no
14bcba67-1b9d-64e9-2d8d-bc8785a17e78,KXNEXTIRANLEADER-45JAN01-GMOH,2026-03-01T02:22:53.416489Z,2.00,0.0100,0.9900,no
392fe525-fcd5-50fd-44fa-ebcbc6f02c98,KXNEXTIRANLEADER-45JAN01-GMOH,2026-03-01T02:22:52.452976Z,298.00,0.0100,0.9900,no
ab18a6ba-5df5-44c5-7865-c51ba8fcef54,KXNEXTIRANLEADER-45JAN01-GMOH,2026-03-01T02:22:50.130482Z,17.00,0.0100,0.9900,no
371a9eab-2549-6e49-05db-66a975d80ffc,KXNEXTIRANLEADER-45JAN01-GMOH,2026-03-01T02:22:32.849099Z,8.00,0.0100,0.9900,no
c5466586-0e75-7ebd-dd83-b44599cc1718,KXNEXTIRANLEADER-45JAN01-GMOH,2026-03-01T02:22:17.512183Z,11.00,0.0100,0.9900,no
34a8c676-7791-7835-b593-fef121f07f84,KXNEXTIRANLEADER-45JAN01-GMOH,2026-03-01T02:22:12.384435Z,85.00,0.0100,0.9900,no
05dee4f9-d251-6441-b957-42b858b72c78,KXNEXTIRANLEADER-45JAN01-GMOH,2026-03-01T02:22:11.14736Z,4.00,0.0100,0.9900,no
bf1fcf1f-02f9-786d-aa95-591c3f198390,KXNEXTIRANLEADER-45JAN01-GMOH,2026-03-01T02:22:08.892877Z,12.00,0.0100,0.9900,no
222a8cc8-12b9-456d-d44b-94925566d0b4,KXNEXTIRANLEADER-45JAN01-GMOH,2026-03-01T02:21:51.068147Z,12.00,0.0100,0.9900,no
35f634eb-4725-6cb9-af2f-9ce489885be4,KXNEXTIRANLEADER-45JAN01-GMOH,2026-03-01T02:19:24.086994Z,7.00,0.0100,0.9900,no
865e7d95-94f1-4601-6ab3-f829eab4ef18,KXNEXTIRANLEADER-45JAN01-GMOH,2026-03-01T02:19:11.604997Z,20.00,0.0100,0.9900,no
dac24df9-0d0f-5b28-8382-535f2e6a9fcf,KXNEXTIRANLEADER-45JAN01-GMOH,2026-03-01T02:19:03.281319Z,12.00,0.0200,0.9800,no
535af8d3-af84-5a60-b3f2-e5297d7d7da2,KXNEXTIRANLEADER-45JAN01-GMOH,2026-03-01T02:19:03.281319Z,6.00,0.0200,0.9800,no
061ac754-02c7-5689-8644-4ec6f2bb6d8f,KXNEXTIRANLEADER-45JAN01-GMOH,2026-03-01T02:19:03.281319Z,2.00,0.0200,0.9800,no
f958b34b-e667-4965-5866-0a1528adf063,KXNEXTIRANLEADER-45JAN01-GMOH,2026-03-01T02:19:02.119512Z,17.00,0.0200,0.9800,no
86197ae4-b287-4561-740a-1a9d7d1750f3,KXNEXTIRANLEADER-45JAN01-GMOH,2026-03-01T02:19:00.866994Z,3.00,0.0200,0.9800,no
58409903-ed8f-46b5-2bda-162d4c0fb1a7,KXNEXTIRANLEADER-45JAN01-GMOH,2026-03-01T02:18:08.25351Z,1.00,0.0200,0.9800,no
d831b980-73a7-57a1-1fb4-b5ad8d14ceb3,KXNEXTIRANLEADER-45JAN01-GMOH,2026-03-01T02:18:04.153865Z,2.00,0.0200,0.9800,no
a0ca9316-a99b-6a0d-d2a7-0a75c6dce8a3,KXNEXTIRANLEADER-45JAN01-GMOH,2026-03-01T02:17:45.651149Z,4.00,0.0200,0.9800,no
4d4283d2-f33b-4445-afe4-91ee23e243fb,KXNEXTIRANLEADER-45JAN01-GMOH,2026-03-01T02:17:30.627545Z,12.00,0.0200,0.9800,no
251f803e-947b-49b1-70b1-c05ff7a6a07f,KXNEXTIRANLEADER-45JAN01-GMOH,2026-03-01T02:16:57.212099Z,7.00,0.0200,0.9800,no
952c93cf-5efb-4435-a7c0-b5167e8de443,KXNEXTIRANLEADER-45JAN01-GMOH,2026-03-01T02:16:54.901998Z,14.00,0.0200,0.9800,no
abc32a88-72e3-7f25-32bd-0d23c4a73fcf,KXNEXTIRANLEADER-45JAN01-GMOH,2026-03-01T02:16:45.510526Z,15.00,0.0200,0.9800,no
64281079-a387-63e1-3524-fee2f9cee5a7,KXNEXTIRANLEADER-45JAN01-GMOH,2026-03-01T02:16:16.4198Z,10.00,0.0200,0.9800,no
a3b666e9-a3db-6aa5-b236-b59315cee98f,KXNEXTIRANLEADER-45JAN01-GMOH,2026-03-01T02:15:22.645298Z,16.00,0.0200,0.9800,no
68af8a8a-e48e-619d-a025-14151f02221a,KXNEXTIRANLEADER-45JAN01-GMOH,2026-03-01T02:15:02.520471Z,312.00,0.0300,0.9700,yes
169da533-c21b-6529-1ef1-2f49220f2013,KXNEXTIRANLEADER-45JAN01-GMOH,2026-03-01T02:14:42.219564Z,8.00,0.0200,0.9800,no
ae875fc4-69b7-565d-de90-dc2a266fa0b7,KXNEXTIRANLEADER-45JAN01-GMOH,2026-03-01T02:14:19.382624Z,2.00,0.0200,0.9800,no
b5f117f6-e103-4381-fd14-2c85b11d182b,KXNEXTIRANLEADER-45JAN01-GMOH,2026-03-01T02:13:57.973581Z,4.00,0.0200,0.9800,no
6d17cee1-b093-5215-e49a-2403650b47a3,KXNEXTIRANLEADER-45JAN01-GMOH,2026-03-01T02:12:48.222368Z,44.00,0.0200,0.9800,no
a46a93e8-ef02-6235-709e-cc450e43598a,KXNEXTIRANLEADER-45JAN01-GMOH,2026-03-01T02:11:37.262056Z,312.00,0.0300,0.9700,yes
4871e48d-d096-7651-222a-351761a96cf6,KXNEXTIRANLEADER-45JAN01-GMOH,2026-03-01T02:11:31.720166Z,156.00,0.0300,0.9700,yes
459873cc-575b-7ae5-c869-3e05be1fcb63,KXNEXTIRANLEADER-45JAN01-GMOH,2026-03-01T02:09:55.588884Z,25.00,0.0200,0.9800,no
d2c5adc4-0d1b-6e0d-0bcb-df6b3ab4dedf,KXNEXTIRANLEADER-45JAN01-GMOH,2026-03-01T02:09:44.943862Z,77.00,0.0200,0.9800,no
f07466bd-6523-7ed5-984d-0a944ddfba5f,KXNEXTIRANLEADER-45JAN01-GMOH,2026-03-01T02:09:20.283059Z,28.00,0.0200,0.9800,no
09168617-0f82-4e1d-681e-e798df542e82,KXNEXTIRANLEADER-45JAN01-GMOH,2026-03-01T02:08:58.503036Z,15.00,0.0300,0.9700,yes
ac473725-c37b-5a49-004b-5aa636242463,KXNEXTIRANLEADER-45JAN01-GMOH,2026-03-01T02:08:48.225045Z,101.00,0.0200,0.9800,no
6dfb8921-a4bb-5565-f220-9101e96f16c3,KXNEXTIRANLEADER-45JAN01-GMOH,2026-03-01T02:08:28.157357Z,47.00,0.0200,0.9800,no
ce073300-8d63-4115-1a84-1bfafd2c6443,KXNEXTIRANLEADER-45JAN01-GMOH,2026-03-01T02:07:59.935855Z,47.00,0.0200,0.9800,no
3a32f610-b82a-7321-740f-2cfe9ba5897e,KXNEXTIRANLEADER-45JAN01-GMOH,2026-03-01T01:56:03.860761Z,10.00,0.0300,0.9700,yes
b2d4cfe4-fd0b-5129-e635-3285a66a8043,KXNEXTIRANLEADER-45JAN01-GMOH,2026-03-01T01:55:17.163192Z,8.00,0.0200,0.9800,no
e717dd56-7493-4311-f8bd-620829547e97,KXNEXTIRANLEADER-45JAN01-GMOH,2026-03-01T01:54:27.584467Z,62.00,0.0200,0.9800,no
1de65a6c-d673-75e9-0583-b9c9c9dc765f,KXNEXTIRANLEADER-45JAN01-GMOH,2026-03-01T01:52:51.080355Z,75.00,0.0200,0.9800,no
86439f5e-2c62-7331-7caf-587e2f173666,KXNEXTIRANLEADER-45JAN01-GMOH,2026-03-01T01:49:30.735778Z,312.00,0.0300,0.9700,yes
93bbcad4-c733-45c5-ea5d-007bf02e3c8f,KXNEXTIRANLEADER-45JAN01-GMOH,2026-03-01T01:47:35.927656Z,13.00,0.0200,0.9800,no
22d3a967-2cca-6c49-7def-f4f088345b72,KXNEXTIRANLEADER-45JAN01-GMOH,2026-03-01T01:47:24.673388Z,62.00,0.0300,0.9700,yes
ba62cd6b-d40a-50ee-4814-d1b74deaa36c,KXNEXTIRANLEADER-45JAN01-GMOH,2026-03-01T01:46:13.431473Z,506.00,0.0300,0.9700,yes
b28bc869-c912-5bb5-6498-11e327bcc1ee,KXNEXTIRANLEADER-45JAN01-GMOH,2026-03-01T01:46:13.431473Z,990.00,0.0300,0.9700,yes
23f10471-f44d-5db7-6835-913eb2979fcb,KXNEXTIRANLEADER-45JAN01-GMOH,2026-03-01T01:46:13.431473Z,64.00,0.0300,0.9700,yes
61ccb1fe-eefb-5245-4e4c-319f518704f7,KXNEXTIRANLEADER-45JAN01-GMOH,2026-03-01T01:44:06.790989Z,64.00,0.0200,0.9800,no
2bcb410e-aea7-6f41-7b19-c30f850d82c3,KXNEXTIRANLEADER-45JAN01-GMOH,2026-03-01T01:43:34.827159Z,59.00,0.0200,0.9800,no
70fc0fff-a25f-62d5-6013-2f2503cd47cb,KXNEXTIRANLEADER-45JAN01-GMOH,2026-03-01T01:43:33.603862Z,36.00,0.0200,0.9800,no
c4d9ad86-bdcb-5c7d-4497-e10f44070c27,KXNEXTIRANLEADER-45JAN01-GMOH,2026-03-01T01:43:32.374886Z,36.00,0.0200,0.9800,no
274c9105-f0bf-52dd-7fd6-596f490fb51f,KXNEXTIRANLEADER-45JAN01-GMOH,2026-03-01T01:43:31.153344Z,20.00,0.0200,0.9800,no
98911ee5-e1d7-5de9-827c-bd99ee5bd077,KXNEXTIRANLEADER-45JAN01-GMOH,2026-03-01T01:43:29.913608Z,23.00,0.0200,0.9800,no
e565af52-f3cb-57a9-3582-b4835a9d4fab,KXNEXTIRANLEADER-45JAN01-GMOH,2026-03-01T01:43:26.573838Z,20.00,0.0200,0.9800,no
5b463277-c1a7-4d79-9424-91e8ba23ed53,KXNEXTIRANLEADER-45JAN01-GMOH,2026-03-01T01:43:25.342565Z,10.00,0.0200,0.9800,no
be322809-c00f-4611-d107-b1b6272415db,KXNEXTIRANLEADER-45JAN01-GMOH,2026-03-01T01:43:24.100779Z,88.00,0.0200,0.9800,no
6c820911-3506-7962-c34f-6e9e2cedb59e,KXNEXTIRANLEADER-45JAN01-GMOH,2026-03-01T01:37:59.753826Z,106.00,0.0300,0.9700,yes
1abb9040-4ba6-7e36-e837-8824f26ba2a8,KXNEXTIRANLEADER-45JAN01-GMOH,2026-03-01T01:37:59.753826Z,494.00,0.0300,0.9700,yes
6e91917b-14de-7d4a-8373-3fafd86e1e5e,KXNEXTIRANLEADER-45JAN01-GMOH,2026-03-01T01:25:32.676084Z,15.00,0.0300,0.9700,yes
bbe2fd4e-afae-47e6-3fa0-a2760cfbd52e,KXNEXTIRANLEADER-45JAN01-GMOH,2026-03-01T01:16:11.248402Z,312.00,0.0300,0.9700,yes
76e2f9f5-4a52-67c2-3e99-dc46afd2b93a,KXNEXTIRANLEADER-45JAN01-GMOH,2026-03-01T01:09:13.235952Z,31.00,0.0300,0.9700,yes
997f30fd-d6de-6122-c619-aa8301d19b8e,KXNEXTIRANLEADER-45JAN01-GMOH,2026-03-01T01:08:28.012897Z,468.00,0.0300,0.9700,yes
e9d049b2-ef92-640e-7ab6-ee3dfb623796,KXNEXTIRANLEADER-45JAN01-GMOH,2026-03-01T00:31:39.680864Z,10.00,0.0300,0.9700,yes
b0695374-a1be-7c7a-1d58-6afabd2e978e,KXNEXTIRANLEADER-45JAN01-GMOH,2026-03-01T00:16:53.141674Z,31.00,0.0300,0.9700,yes
400accd6-3ace-5596-65d9-8ce09d95b81a,KXNEXTIRANLEADER-45JAN01-GMOH,2026-03-01T00:09:36.972291Z,2184.00,0.0300,0.9700,yes
8d8cbcc8-d746-541e-3ce6-798b31ca5dde,KXNEXTIRANLEADER-45JAN01-GMOH,2026-03-01T00:04:24.434799Z,62.00,0.0300,0.9700,yes
82384fe8-24a6-7ee6-8925-319a775437c6,KXNEXTIRANLEADER-45JAN01-GMOH,2026-03-01T00:03:51.062943Z,681.00,0.0300,0.9700,yes
161768d0-f55a-7bf8-992b-9f4e5f5f6449,KXNEXTIRANLEADER-45JAN01-GMOH,2026-03-01T00:03:51.062943Z,99.00,0.0300,0.9700,yes
cb229e54-bdaa-43fc-9623-9dbbfba47ab5,KXNEXTIRANLEADER-45JAN01-GMOH,2026-02-28T23:55:59.374831Z,1.00,0.0300,0.9700,yes
7af6a11c-40be-548c-064b-14d8886d60bd,KXNEXTIRANLEADER-45JAN01-GMOH,2026-02-28T23:49:02.097334Z,62.00,0.0300,0.9700,yes
91021711-1416-6668-694c-e1b8805fb945,KXNEXTIRANLEADER-45JAN01-GMOH,2026-02-28T23:19:50.541868Z,6.00,0.0300,0.9700,yes
584d2569-1800-7a77-9fe6-97441b625df5,KXNEXTIRANLEADER-45JAN01-GMOH,2026-02-28T23:13:36.676406Z,1.00,0.0300,0.9700,yes
400b406c-8c3c-773c-9cba-e86325eef4ef,KXNEXTIRANLEADER-45JAN01-GMOH,2026-02-28T23:13:36.676406Z,17.00,0.0300,0.9700,yes
347b241b-aa66-7a84-960f-eb47af066049,KXNEXTIRANLEADER-45JAN01-GMOH,2026-02-28T23:13:36.676406Z,13.00,0.0300,0.9700,yes
8b309fb7-1224-6ecc-017e-8b7aa11b308f,KXNEXTIRANLEADER-45JAN01-GMOH,2026-02-28T23:11:19.325319Z,124.00,0.0300,0.9700,yes
30e2eabf-ab1f-69ae-0321-65660e36f77a,KXNEXTIRANLEADER-45JAN01-GMOH,2026-02-28T23:11:19.325319Z,1.00,0.0300,0.9700,yes
853f0f26-26a9-4a58-45e2-7b985265da96,KXNEXTIRANLEADER-45JAN01-GMOH,2026-02-28T23:06:32.56159Z,181.00,0.0200,0.9800,no
178df99c-41c1-4278-81c4-3bc5c681584e,KXNEXTIRANLEADER-45JAN01-GMOH,2026-02-28T23:04:00.551337Z,1.00,0.0200,0.9800,no
74ceec68-0e25-50c0-58a0-c63f1b457786,KXNEXTIRANLEADER-45JAN01-GMOH,2026-02-28T23:03:59.319107Z,1.00,0.0200,0.9800,no
1b5952d3-ddd9-4cac-ba90-d878b06b4dda,KXNEXTIRANLEADER-45JAN01-GMOH,2026-02-28T23:03:59.016858Z,141.00,0.0200,0.9800,no
8c2cfe68-7955-5fd4-6a44-55d946045e6a,KXNEXTIRANLEADER-45JAN01-GMOH,2026-02-28T23:01:44.623319Z,1.00,0.0200,0.9800,no
d79e59b5-8c01-6aa4-ce7d-19d26f668d2a,KXNEXTIRANLEADER-45JAN01-GMOH,2026-02-28T23:01:43.385283Z,1.00,0.0200,0.9800,no
696eaa6d-804b-6bd5-d74f-4d13d1e27836,KXNEXTIRANLEADER-45JAN01-GMOH,2026-02-28T22:53:01.220943Z,300.00,0.0400,0.9600,yes
f99e4967-ec96-482d-1afe-2d4dc30b8667,KXNEXTIRANLEADER-45JAN01-GMOH,2026-02-28T22:48:34.918936Z,2275.00,0.0400,0.9600,yes
7420709a-f7a7-4ad5-0929-01e2c3a15e66,KXNEXTIRANLEADER-45JAN01-GMOH,2026-02-28T22:48:34.918936Z,225.00,0.0400,0.9600,yes
238273bb-1f22-7129-56bb-ecf7269cf807,KXNEXTIRANLEADER-45JAN01-GMOH,2026-02-28T22:46:30.471536Z,70.00,0.0400,0.9600,yes
5ab791f6-6f0e-5f35-bf05-b81745a03b4f,KXNEXTIRANLEADER-45JAN01-GMOH,2026-02-28T22:38:11.659128Z,70.00,0.0400,0.9600,yes
4c4a0fc0-7b6d-78d5-19ac-d8e12d4b591f,KXNEXTIRANLEADER-45JAN01-GMOH,2026-02-28T22:27:10.046601Z,31.00,0.0300,0.9700,yes
d2061bf0-a20a-5ad1-1e32-954271b1438b,KXNEXTIRANLEADER-45JAN01-GMOH,2026-02-28T22:13:27.73253Z,585.00,0.0400,0.9600,yes
08e0ffc9-5040-68ad-f257-5b7c9bee6f4c,KXNEXTIRANLEADER-45JAN01-GMOH,2026-02-28T22:12:16.194809Z,624.00,0.0300,0.9700,yes
015c17d1-c11f-56e4-5237-2255c491f80b,KXNEXTIRANLEADER-45JAN01-GMOH,2026-02-28T22:09:26.201488Z,23.00,0.0400,0.9600,yes
80e9525e-b524-70dc-9fb2-60809b8c64aa,KXNEXTIRANLEADER-45JAN01-GMOH,2026-02-28T22:06:30.55933Z,23.00,0.0400,0.9600,yes
409c4111-b39a-5d36-33c9-f1025d77af80,KXNEXTIRANLEADER-45JAN01-GMOH,2026-02-28T21:56:39.647264Z,101.00,0.0400,0.9600,no
02547330-c089-6095-51a1-cf06bf72eb71,KXNEXTIRANLEADER-45JAN01-GMOH,2026-02-28T21:50:52.281198Z,37.00,0.0500,0.9500,yes
3c498d9e-dd6a-64e2-65ad-0bf9e304fd80,KXNEXTIRANLEADER-45JAN01-GMOH,2026-02-28T21:30:30.748594Z,33.00,0.0400,0.9600,no
10101dc4-28f6-5ca2-8377-cf98aa01a52c,KXNEXTIRANLEADER-45JAN01-GMOH,2026-02-28T21:30:24.673214Z,20.00,0.0400,0.9600,no
72cb046c-cb2e-55ce-48a7-e67bfb37dcd0,KXNEXTIRANLEADER-45JAN01-GMOH,2026-02-28T21:30:16.844925Z,11.00,0.0400,0.9600,no
7d8e67e5-5c62-75fa-be83-d3e8dbd3f750,KXNEXTIRANLEADER-45JAN01-GMOH,2026-02-28T21:30:09.674289Z,10.00,0.0400,0.9600,no
7e13e384-293d-5c91-30c0-32908541ff09,KXNEXTIRANLEADER-45JAN01-GMOH,2026-02-28T21:28:32.018135Z,93.00,0.0500,0.9500,yes
71998aea-9f96-7652-604a-354114f85470,KXNEXTIRANLEADER-45JAN01-GMOH,2026-02-28T21:25:26.21802Z,25.00,0.0400,0.9600,no
d95fbdb0-82a9-4b25-9b80-2fb13ecefa65,KXNEXTIRANLEADER-45JAN01-GMOH,2026-02-28T21:24:22.396753Z,59.00,0.0500,0.9500,yes
75dc6539-e014-4908-9840-074f02ddbd66,KXNEXTIRANLEADER-45JAN01-GMOH,2026-02-28T21:24:22.396753Z,34.00,0.0500,0.9500,yes
22965da9-6234-79e4-7669-7409832eafba,KXNEXTIRANLEADER-45JAN01-GMOH,2026-02-28T21:08:32.879898Z,225.00,0.0500,0.9500,yes
93319465-e56c-7008-e8ca-658633b77b46,KXNEXTIRANLEADER-45JAN01-GMOH,2026-02-28T21:02:17.015273Z,187.00,0.0500,0.9500,yes
5da6bd3f-bab8-6574-ae7e-70d933d232e2,KXNEXTIRANLEADER-45JAN01-GMOH,2026-02-28T21:01:28.784516Z,375.00,0.0500,0.9500,yes
91adbf4b-b782-56ef-ade5-91f189071f0f,KXNEXTIRANLEADER-45JAN01-GMOH,2026-02-28T21:00:12.377866Z,10.00,0.0400,0.9600,yes
55894a19-60f0-5214-9554-ee49ea8fb37a,KXNEXTIRANLEADER-45JAN01-GMOH,2026-02-28T21:00:12.377866Z,179.00,0.0500,0.9500,yes
2abcb32c-a9be-59dd-6990-1d61f9fb6374,KXNEXTIRANLEADER-45JAN01-GMOH,2026-02-28T20:48:48.116831Z,55.00,0.0100,0.9900,no
db2e0af3-849b-43f8-6432-6066146c8432,KXNEXTIRANLEADER-45JAN01-GMOH,2026-02-28T20:48:29.19473Z,18.00,0.0100,0.9900,no
1363146a-25f3-77b0-0cca-817d3ada621e,KXNEXTIRANLEADER-45JAN01-GMOH,2026-02-28T20:48:27.977081Z,3.00,0.0100,0.9900,no
a57a27bc-2589-78d0-0cb8-fc7f0b5227a0,KXNEXTIRANLEADER-45JAN01-GMOH,2026-02-28T20:44:57.805486Z,15.00,0.0100,0.9900,no
b24e0ccc-d844-4287-4c7a-f15340fc5d68,KXNEXTIRANLEADER-45JAN01-GMOH,2026-02-28T20:44:50.323558Z,7.00,0.0100,0.9900,no
e1281fd7-7858-6021-69d2-ccecff0c7842,KXNEXTIRANLEADER-45JAN01-GMOH,2026-02-28T20:44:45.443906Z,1.00,0.0200,0.9800,no
84ed786c-2a7c-49dd-e5a1-f091d70b7226,KXNEXTIRANLEADER-45JAN01-GMOH,2026-02-28T20:44:43.531184Z,9.00,0.0200,0.9800,no
ab0e37db-4150-5235-a4cb-774ea7e9e936,KXNEXTIRANLEADER-45JAN01-GMOH,2026-02-28T20:44:42.313406Z,2.00,0.0200,0.9800,no
0231d77a-210f-5a49-9f95-3f3a1108db52,KXNEXTIRANLEADER-45JAN01-GMOH,2026-02-28T20:44:40.068862Z,1.00,0.0200,0.9800,no
69754a0d-0f23-4ddd-59bb-d27e6e0c670e,KXNEXTIRANLEADER-45JAN01-GMOH,2026-02-28T20:44:29.486003Z,2.00,0.0200,0.9800,no
1919fac2-2a03-4f8d-68e1-14e6bf808dd2,KXNEXTIRANLEADER-45JAN01-GMOH,2026-02-28T20:44:28.257251Z,1.00,0.0200,0.9800,no
00da6d6b-1ab5-5126-5f23-f0f30c3ab130,KXNEXTIRANLEADER-45JAN01-GMOH,2026-02-28T20:44:28.127742Z,55.00,0.0200,0.9800,yes
8bdceb11-ab6e-70a9-2e37-cf2ded19c09e,KXNEXTIRANLEADER-45JAN01-GMOH,2026-02-28T20:44:23.240219Z,12.00,0.0200,0.9800,no
00cd7154-268a-718d-f6e1-66a00bfac5d6,KXNEXTIRANLEADER-45JAN01-GMOH,2026-02-28T20:44:22.018796Z,7.00,0.0200,0.9800,no
b45cabb9-7f2e-5a65-d8bd-d9559c0bdb6e,KXNEXTIRANLEADER-45JAN01-GMOH,2026-02-28T20:44:20.845656Z,5.00,0.0200,0.9800,no
a6cc2597-727a-7585-a438-b8812fad3d81,KXNEXTIRANLEADER-45JAN01-GMOH,2026-02-28T20:08:56.25265Z,5.00,0.0200,0.9800,no
180c38bf-020a-4d80-503a-2e293bdc76d0,KXNEXTIRANLEADER-45JAN01-GMOH,2026-02-28T17:08:39.602191Z,4.00,0.0300,0.9700,no
0de27665-495a-5bf2-7f85-76250e470e54,KXNEXTIRANLEADER-45JAN01-GMOH,2026-02-28T15:00:49.778623Z,40.00,0.0700,0.9300,yes
2f5e0a8e-5fd2-6054-593a-8fdb38dc1c68,KXNEXTIRANLEADER-45JAN01-GMOH,2026-02-28T14:47:52.67636Z,40.00,0.0100,0.9900,yes
90b64c72-02a2-7976-6148-8769fe656513,KXNEXTIRANLEADER-45JAN01-GMOH,2026-02-28T13:31:26.166049Z,3.00,0.0100,0.9900,yes
acac52e6-a28b-4b95-4ca1-359921369942,KXNEXTIRANLEADER-45JAN01-GMOH,2026-02-28T08:13:08.75199Z,1.00,0.0300,0.9700,no
a702ff03-c41a-61aa-d8c3-d7aedc026a23,KXNEXTIRANLEADER-45JAN01-GMOH,2026-02-17T00:51:05.575677Z,36.00,0.0400,0.9600,no
17fcde2c-c092-66ce-b02a-3f78ec52701f,KXNEXTIRANLEADER-45JAN01-GMOH,2026-02-08T20:50:59.878765Z,7.00,0.0400,0.9600,no
e348558c-f955-4f04-36e4-2f008354deec,KXNEXTIRANLEADER-45JAN01-GMOH,2026-02-06T23:26:08.02414Z,7.00,0.1000,0.9000,yes
2fe19bcd-db35-4abe-58e2-da55415c487c,KXNEXTIRANLEADER-45JAN01-GMOH,2026-02-06T23:15:52.191015Z,5.00,0.0900,0.9100,yes
6247b540-95a3-7740-4a01-48a0423c4c45,KXNEXTIRANLEADER-45JAN01-GMOH,2026-02-02T03:08:58.64125Z,1.00,0.0300,0.9700,no
15f6784a-bd7d-5fc9-45a5-0db8a1390fac,KXNEXTIRANLEADER-45JAN01-GMOH,2026-02-02T02:09:50.745621Z,1.00,0.1000,0.9000,yes
b633d8e2-3ca4-6799-8889-0383458aef8c,KXNEXTIRANLEADER-45JAN01-GMOH,2026-02-01T15:46:23.042038Z,9.00,0.1000,0.9000,yes
a9e28210-1fe6-73c6-a78c-02113fa78f77,KXNEXTIRANLEADER-45JAN01-GMOH,2026-01-31T15:06:32.247297Z,2.00,0.0100,0.9900,no
b764a24b-ae0a-5985-d553-6ed50853ff56,KXNEXTIRANLEADER-45JAN01-GMOH,2026-01-23T14:59:49.761764Z,4.00,0.0700,0.9300,no
e345e055-644f-509b-35c0-243c34d19e4c,KXNEXTIRANLEADER-45JAN01-GMOH,2026-01-20T22:48:43.733261Z,30.00,0.1200,0.8800,yes
7d880221-ae2d-5e81-0667-f1175fd6bc7a,KXNEXTIRANLEADER-45JAN01-GMOH,2026-01-20T22:48:43.733261Z,50.00,0.1000,0.9000,yes
0efa5da9-23ce-5691-069c-561815abc974,KXNEXTIRANLEADER-45JAN01-GMOH,2026-01-20T22:48:43.733261Z,50.00,0.1100,0.8900,yes
b9859646-976c-5904-969a-b96efb99c08a,KXNEXTIRANLEADER-45JAN01-GMOH,2026-01-11T16:17:31.099273Z,4.00,0.0100,0.9900,no
236ee27d-54b0-5bb8-adac-0428ac85dae8,KXNEXTIRANLEADER-45JAN01-GMOH,2026-01-11T16:17:31.099273Z,7.00,0.0100,0.9900,no
683d723c-67bc-514c-0cd4-fd4f8e5c4c7c,KXNEXTIRANLEADER-45JAN01-GMOH,2026-01-11T16:17:31.03347Z,12.00,0.0100,0.9900,no
d7697558-7140-6034-c45e-3b2ca08ef520,KXNEXTIRANLEADER-45JAN01-GMOH,2026-01-11T12:42:19.119304Z,11.00,0.0100,0.9900,no
79de2835-8f3c-4bcc-9d84-d16c7a6570d4,KXNEXTIRANLEADER-45JAN01-GMOH,2026-01-11T02:32:32.232075Z,1.00,0.0100,0.9900,no
4ee4a48d-c67c-79c4-8d8c-0fd2b54f6bd4,KXNEXTIRANLEADER-45JAN01-GMOH,2026-01-11T02:29:04.316378Z,6.00,0.0100,0.9900,no
b8308db0-f73c-5e34-6d93-6d0a6d98c628,KXNEXTIRANLEADER-45JAN01-GMOH,2026-01-11T02:19:05.594116Z,1.00,0.0100,0.9900,no
9486332f-53f4-7fd8-9b8e-54f110989a38,KXNEXTIRANLEADER-45JAN01-GMOH,2026-01-11T02:16:13.104721Z,10.00,0.0100,0.9900,no
2c810be6-656d-52e9-0125-5bc3621c58aa,KXNEXTIRANLEADER-45JAN01-GMOH,2026-01-11T02:14:52.774704Z,1.00,0.0200,0.9800,no
307a91f1-bdd1-664d-bd09-a62ba806044e,KXNEXTIRANLEADER-45JAN01-GMOH,2026-01-11T02:14:52.769737Z,4.00,0.0200,0.9800,no
b0ad72a4-d22a-54b1-581f-414e5b8aaca4,KXNEXTIRANLEADER-45JAN01-GMOH,2026-01-10T11:16:28.479807Z,1.00,0.0200,0.9800,no
563e69b3-446c-7087-3ce0-3a366d6faec5,KXNEXTIRANLEADER-45JAN01-GMOH,2026-01-10T10:21:42.232502Z,1.00,0.0200,0.9800,no
dbd70f27-e2a3-4a43-a313-ff5b5c957aa5,KXNEXTIRANLEADER-45JAN01-GMOH,2026-01-10T05:32:16.219201Z,3.00,0.0500,0.9500,no
da538a98-378c-424c-ad4f-f03093ad4114,KXNEXTIRANLEADER-45JAN01-GMOH,2026-01-10T05:32:16.219201Z,2.00,0.0100,0.9900,no
1aab8575-0cff-77b4-3e47-3a69e9a77792,KXNEXTIRANLEADER-45JAN01-GMOH,2026-01-10T04:33:52.870869Z,5.00,0.0400,0.9600,no
1cbb0e8e-7376-4c82-414c-7c458870ccff,KXNEXTIRANLEADER-45JAN01-GMOH,2026-01-10T00:11:48.834982Z,5.00,0.1500,0.8500,no
884ceae8-4ada-5a52-40f1-70af63aed098,KXNEXTIRANLEADER-45JAN01-GMOH,2026-01-09T08:58:01.944372Z,5.00,0.2300,0.7700,yes
60ed720e-f20a-4e23-8917-70432d6b62a7,KXNEXTIRANLEADER-45JAN01-GMOH,2026-01-08T15:31:51.313844Z,43.00,0.2200,0.7800,yes
a73f6b17-08da-6034-347e-d08c4e2a3558,KXNEXTIRANLEADER-45JAN01-GMOH,2026-01-08T07:52:10.878032Z,20.00,0.2100,0.7900,yes
5c537a1c-8406-6a53-1ccd-b0e10dc42f7f,KXNEXTIRANLEADER-45JAN01-GMOH,2026-01-08T07:52:10.878032Z,2.00,0.2200,0.7800,yes
cb25ee35-3cfd-5f52-d612-a29df5254dc9,KXNEXTIRANLEADER-45JAN01-GMOH,2026-01-08T04:21:58.47161Z,20.00,0.3500,0.6500,no
79b6c33b-9de9-5c14-ca46-d7aa2f447348,KXNEXTIRANLEADER-45JAN01-GMOH,2026-01-08T04:21:58.47161Z,7.00,0.3400,0.6600,no
c406055a-933f-60be-9874-9c4ce3a42e6c,KXNEXTIRANLEADER-45JAN01-GMOH,2026-01-08T00:25:36.161315Z,7.00,0.9000,0.1000,no
d6d4b573-7c47-5dda-24b1-c0387f4ba6c0,KXNEXTIRANLEADER-45JAN01-GMOH,2026-01-08T00:25:34.931951Z,1.00,0.9000,0.1000,no
865aeb90-1a20-55cf-ea01-fb5f0b9d108a,KXNEXTIRANLEADER-45JAN01-GMOH,2026-01-08T00:25:34.912114Z,32.00,0.9000,0.1000,yes
9bfd65a0-4daf-6443-04c3-ca9502ee60e6,KXNEXTIRANLEADER-45JAN01-GMOH,2026-01-07T23:06:12.85209Z,8.00,0.9400,0.0600,yes
52b9321a-e1d7-6d85-1bed-8fe756be0fe8,KXNEXTIRANLEADER-45JAN01-GMOH,2026-01-07T23:06:12.85209Z,66.00,0.1400,0.8600,yes
30e25dbd-1d19-64ca-4e86-8a7adba8472c,KXNEXTIRANLEADER-45JAN01-GMOH,2026-01-07T05:39:20.711542Z,40.00,0.1300,0.8700,yes
