trade_id,ticker,created_time,count_fp,yes_price_dollars,no_price_dollars,taker_side
30d13d6e-ce91-49b6-b88b-018ebe117ee7,KXSECDEF-26DEC31-MW,2025-01-25T02:11:00.196015Z,1285.00,0.0100,0.9900,no
db2a9eac-8a7f-4926-a7b1-7bc43b9d5b79,KXSECDEF-26DEC31-MW,2025-01-25T02:00:43.523411Z,1800.00,0.0100,0.9900,no
07e5605f-8918-468d-a6ba-58e99456f5ca,KXSECDEF-26DEC31-MW,2025-01-25T02:00:32.885195Z,25.00,0.0100,0.9900,no
8565ccfa-5635-40d6-964b-30b62bf7a078,KXSECDEF-26DEC31-MW,2025-01-24T22:01:38.905498Z,1111.00,0.0100,0.9900,yes
3ab869f0-ecd7-46f3-b724-340751f801d7,KXSECDEF-26DEC31-MW,2025-01-24T22:01:38.905498Z,6000.00,0.0100,0.9900,yes
24f3d6e8-aeea-42a2-a964-4db774ab9b41,KXSECDEF-26DEC31-MW,2025-01-24T22:01:38.905498Z,169.00,0.0100,0.9900,yes
10190ffd-2a46-4b00-af74-6747988a344d,KXSECDEF-26DEC31-MW,2025-01-24T22:01:38.905498Z,212.00,0.0100,0.9900,yes
91ce4dc0-d0bf-4206-a708-ec166c4fea14,KXSECDEF-26DEC31-MW,2025-01-23T01:01:24.632646Z,4675.00,0.0100,0.9900,yes
4f41cfae-989a-4604-aa30-aaff245303d4,KXSECDEF-26DEC31-MW,2025-01-22T00:47:40.757508Z,300.00,0.0100,0.9900,yes
594884ea-6b7c-4949-90ea-92e62a8a1ad0,KXSECDEF-26DEC31-MW,2025-01-21T20:13:52.041175Z,58.00,0.0100,0.9900,yes
f1d3985c-8e73-4c46-b1f8-88ad8d1180f5,KXSECDEF-26DEC31-MW,2025-01-21T14:08:54.21765Z,1.00,0.0100,0.9900,yes
ad30b7e6-b9d7-47f1-95b6-a3666c070911,KXSECDEF-26DEC31-MW,2025-01-16T19:28:01.120936Z,2000.00,0.0100,0.9900,no
8e39e6cc-9238-4d9a-88e4-2d624a58d802,KXSECDEF-26DEC31-MW,2025-01-16T18:02:19.645768Z,490.00,0.0100,0.9900,no
61c04306-ed1a-4c2f-a2d9-f72e35dfe203,KXSECDEF-26DEC31-MW,2025-01-16T18:02:18.273677Z,502.00,0.0100,0.9900,no
aeddbad4-821c-41ac-be7a-4df10410e9ae,KXSECDEF-26DEC31-MW,2025-01-16T18:02:17.094183Z,502.00,0.0100,0.9900,no
a5b27af1-66e6-4288-9a81-7fd8fd21a759,KXSECDEF-26DEC31-MW,2025-01-16T18:02:16.27487Z,502.00,0.0100,0.9900,no
1f0d4ae8-820b-40df-80f8-d6ba9bf26766,KXSECDEF-26DEC31-MW,2025-01-16T18:02:14.785745Z,502.00,0.0100,0.9900,no
09e20b20-7449-4aa4-848a-01585589de37,KXSECDEF-26DEC31-MW,2025-01-16T18:02:13.73156Z,502.00,0.0100,0.9900,no
6bc1760d-da2d-4c3c-adea-5dfceb62c522,KXSECDEF-26DEC31-MW,2025-01-16T00:25:29.411679Z,220.00,0.0200,0.9800,no
87bb481d-176e-42d8-b391-acdeb155cf6c,KXSECDEF-26DEC31-MW,2025-01-16T00:25:28.47014Z,502.00,0.0200,0.9800,no
80b50290-00d3-4364-90bf-040ca1cdd2ab,KXSECDEF-26DEC31-MW,2025-01-16T00:25:27.63363Z,502.00,0.0200,0.9800,no
c296a936-b585-4006-bf0e-f25a4e68d779,KXSECDEF-26DEC31-MW,2025-01-16T00:25:26.585962Z,502.00,0.0200,0.9800,no
c224d7ea-2f67-4d15-99fb-19db285b0411,KXSECDEF-26DEC31-MW,2025-01-16T00:25:25.844847Z,502.00,0.0200,0.9800,no
39253155-f9c9-4247-8b50-375b590415cd,KXSECDEF-26DEC31-MW,2025-01-16T00:25:24.933177Z,502.00,0.0200,0.9800,no
b7c4cf6f-8dea-438d-8852-1558c5d372cf,KXSECDEF-26DEC31-MW,2025-01-16T00:25:24.02637Z,90.00,0.0200,0.9800,no
ce18bdd3-b509-47ed-a8a0-e9ef89c3c52f,KXSECDEF-26DEC31-MW,2025-01-16T00:25:23.131414Z,502.00,0.0200,0.9800,no
85fcd94f-66c8-4bfc-9903-70410572086b,KXSECDEF-26DEC31-MW,2025-01-16T00:25:22.324089Z,502.00,0.0200,0.9800,no
4875bc22-899e-4284-a766-2770b97f32f7,KXSECDEF-26DEC31-MW,2025-01-16T00:25:21.484169Z,377.00,0.0200,0.9800,no
bb9920c0-1900-4832-a029-4c02110743ee,KXSECDEF-26DEC31-MW,2025-01-16T00:25:20.791204Z,502.00,0.0200,0.9800,no
58e96de0-f7eb-401a-9c9c-6ef205cae92b,KXSECDEF-26DEC31-MW,2025-01-16T00:25:20.193085Z,502.00,0.0200,0.9800,no
33a20c02-802a-47fc-b1d8-718c7d11ebac,KXSECDEF-26DEC31-MW,2025-01-15T23:49:42.225304Z,98.00,0.0200,0.9800,no
bc631872-94ae-4281-b688-c4f12ae907b7,KXSECDEF-26DEC31-MW,2025-01-15T22:49:57.236425Z,5.00,0.0200,0.9800,no
48b3f05d-22c1-4e41-98fb-de5afcd6b84c,KXSECDEF-26DEC31-MW,2025-01-15T20:36:57.655184Z,148.00,0.0300,0.9700,yes
86ce65c0-7052-40b1-a88e-6dfffeddf89e,KXSECDEF-26DEC31-MW,2025-01-15T20:33:41.203552Z,20.00,0.0200,0.9800,no
fd199522-c1f7-4e67-a114-4441820ef213,KXSECDEF-26DEC31-MW,2025-01-15T19:48:00.263436Z,93.00,0.0300,0.9700,yes
f0beae10-6725-47f7-9442-cdec47be8625,KXSECDEF-26DEC31-MW,2025-01-15T19:07:10.365176Z,777.00,0.0300,0.9700,yes
420f318a-4a9c-4c99-b545-df122e1c11fb,KXSECDEF-26DEC31-MW,2025-01-15T19:07:10.365176Z,1000.00,0.0300,0.9700,yes
0de1e523-08a7-42a1-a15b-6e0493438d3e,KXSECDEF-26DEC31-MW,2025-01-15T19:07:10.365176Z,747.00,0.0300,0.9700,yes
62c66bd8-65a3-4a80-9c29-6b65acbfd41e,KXSECDEF-26DEC31-MW,2025-01-15T19:05:13.232978Z,300.00,0.0300,0.9700,yes
56dfd413-8755-433f-b9c6-9672f2c6f279,KXSECDEF-26DEC31-MW,2025-01-15T19:05:13.232978Z,90.00,0.0300,0.9700,yes
509dc426-1346-4193-bf2a-b1c6f2250d78,KXSECDEF-26DEC31-MW,2025-01-15T19:05:13.232978Z,253.00,0.0300,0.9700,yes
e6038c54-bccc-423e-a385-61cd8efdf5a4,KXSECDEF-26DEC31-MW,2025-01-15T18:50:59.044467Z,2.00,0.0200,0.9800,no
96960c56-5579-4f9b-9851-532fa015e515,KXSECDEF-26DEC31-MW,2025-01-15T18:50:59.044467Z,500.00,0.0200,0.9800,no
3e9b2493-d2e0-4d88-9146-fa0ef60850e2,KXSECDEF-26DEC31-MW,2025-01-15T18:48:57.463237Z,990.00,0.0300,0.9700,yes
1b5052d7-8705-4150-8c13-0c3045af9988,KXSECDEF-26DEC31-MW,2025-01-15T18:48:57.463237Z,110.00,0.0300,0.9700,yes
f7fe22fb-f9c4-4758-905a-b68c9710a8d2,KXSECDEF-26DEC31-MW,2025-01-15T03:38:24.268684Z,46.00,0.0400,0.9600,yes
08b16495-9589-43e4-a83e-371f415cad4e,KXSECDEF-26DEC31-MW,2025-01-15T02:21:32.348653Z,341.00,0.0300,0.9700,yes
9b9e4e62-e8ab-4f4f-b4f6-dc309575289f,KXSECDEF-26DEC31-MW,2025-01-15T02:21:19.967175Z,200.00,0.0300,0.9700,yes
2c064f06-1678-45b5-b493-57b478bf9bb5,KXSECDEF-26DEC31-MW,2025-01-15T01:31:54.684184Z,1000.00,0.0200,0.9800,yes
285807ff-3a6d-45dd-8db7-7bed560f0144,KXSECDEF-26DEC31-MW,2025-01-14T23:17:51.723098Z,2.00,0.0200,0.9800,yes
ad536804-b489-41f8-8cce-53041e59c3ee,KXSECDEF-26DEC31-MW,2025-01-14T18:15:35.377813Z,1.00,0.0500,0.9500,yes
ea4f9ff2-2fdf-4b4b-89d8-d22421b2b4cf,KXSECDEF-26DEC31-MW,2025-01-14T18:15:31.462653Z,27.00,0.0300,0.9700,yes
4c7a40ab-eccf-4cc7-95b4-7b5fcdd08ece,KXSECDEF-26DEC31-MW,2025-01-14T18:15:27.164572Z,1000.00,0.0200,0.9800,yes
0f79759a-f945-48cf-a963-c4b3732cd87e,KXSECDEF-26DEC31-MW,2025-01-14T18:15:27.164572Z,13.00,0.0200,0.9800,yes
720dc47d-4520-45c8-a47e-7a1683bf405e,KXSECDEF-26DEC31-MW,2025-01-14T16:28:53.772511Z,50.00,0.0100,0.9900,no
c922b04b-1c71-4e62-b20e-517ed53a0251,KXSECDEF-26DEC31-MW,2025-01-14T16:00:21.380179Z,1.00,0.0300,0.9700,yes
32c2ba84-7f52-4bf0-a5c2-3e1785b75e9b,KXSECDEF-26DEC31-MW,2025-01-14T16:00:16.353989Z,2174.00,0.0200,0.9800,yes
9e27a486-1c69-4f14-b906-df1d98cf137f,KXSECDEF-26DEC31-MW,2025-01-14T15:48:59.556992Z,2.00,0.0100,0.9900,no
2795b3d4-d209-4270-afb7-ff5b3a05f9aa,KXSECDEF-26DEC31-MW,2025-01-14T07:06:38.466016Z,5.00,0.0300,0.9700,yes
1d4a60b5-cb5f-4019-9705-012a16b0195c,KXSECDEF-26DEC31-MW,2025-01-12T03:00:47.348614Z,25.00,0.0200,0.9800,yes
97829e8b-501f-4054-beeb-2f8f13bd377c,KXSECDEF-26DEC31-MW,2025-01-11T18:06:58.654807Z,1.00,0.0100,0.9900,no
f2a7f782-e79e-4a7e-8abe-d4281ef1f478,KXSECDEF-26DEC31-MW,2025-01-11T16:08:43.343744Z,20000.00,0.0300,0.9700,yes
8fff09fd-977b-4778-88a7-481fa726dd63,KXSECDEF-26DEC31-MW,2025-01-11T16:08:43.343744Z,555.00,0.0200,0.9800,yes
70a66ee2-2e3d-4f7a-a62b-bf59bd2c2629,KXSECDEF-26DEC31-MW,2025-01-11T16:08:43.343744Z,835.00,0.0200,0.9800,yes
481c753e-9609-421b-8839-10817196fdf3,KXSECDEF-26DEC31-MW,2025-01-11T16:08:43.343744Z,835.00,0.0200,0.9800,yes
21b929bf-815e-48aa-9567-a2ff680d1e8d,KXSECDEF-26DEC31-MW,2025-01-11T16:08:43.343744Z,679.00,0.0200,0.9800,yes
13a34b9f-5dcd-4326-a827-9cdff4958317,KXSECDEF-26DEC31-MW,2025-01-11T16:08:43.343744Z,111.00,0.0200,0.9800,yes
c247388e-759d-48dc-9382-a027ca7430cc,KXSECDEF-26DEC31-MW,2025-01-11T15:57:43.091851Z,200.00,0.0100,0.9900,no
aa73890d-bbc8-4291-bb42-a3994a6466fa,KXSECDEF-26DEC31-MW,2025-01-11T15:51:27.045234Z,100.00,0.0100,0.9900,yes
534768d5-065d-4b21-ac36-04ba9ac0923e,KXSECDEF-26DEC31-MW,2025-01-08T04:14:46.621995Z,11.00,0.0100,0.9900,yes
09b9a745-5400-481f-8e27-152aebcd8e8a,KXSECDEF-26DEC31-MW,2025-01-07T19:49:45.740973Z,10.00,0.0100,0.9900,yes
6b7fa370-3f69-4134-a813-b0805e47cd8f,KXSECDEF-26DEC31-MW,2025-01-06T20:10:58.554697Z,2.00,0.0200,0.9800,yes
1a803240-8ce4-4d70-b63a-e6e0820678a1,KXSECDEF-26DEC31-MW,2025-01-04T04:53:59.613337Z,1900.00,0.0100,0.9900,yes
a6a0ff93-71d7-45a0-bb8c-aca6bb95ba25,KXSECDEF-26DEC31-MW,2025-01-03T21:01:38.396407Z,100.00,0.0100,0.9900,yes
a40b9f55-d960-4238-9453-a94b3fea5f2b,KXSECDEF-26DEC31-MW,2025-01-03T06:37:10.681319Z,4000.00,0.0100,0.9900,yes
1b25b190-e6c3-4d9b-9be0-5650d59a1fa4,KXSECDEF-26DEC31-MW,2025-01-02T23:59:15.341781Z,1000.00,0.0100,0.9900,yes
af63953e-eb39-441a-ad39-75711ed64466,KXSECDEF-26DEC31-MW,2024-12-31T23:55:38.347717Z,200.00,0.0200,0.9800,yes
2ae2e558-3877-478a-9f92-009b8684806d,KXSECDEF-26DEC31-MW,2024-12-31T23:55:38.347717Z,87.00,0.0200,0.9800,yes
98a6c7a2-2332-467c-8294-3faa1cbc5c22,KXSECDEF-26DEC31-MW,2024-12-31T06:51:51.31779Z,1476.00,0.0100,0.9900,no
9ed75917-da58-42db-8768-b31a725f7c81,KXSECDEF-26DEC31-MW,2024-12-28T06:23:38.682396Z,24.00,0.0100,0.9900,no
d004ec70-01aa-4348-bf13-02180be1f92a,KXSECDEF-26DEC31-MW,2024-12-28T02:54:40.682961Z,18.00,0.0100,0.9900,no
cc80049f-5a36-47d9-8538-b794ae1d7b0e,KXSECDEF-26DEC31-MW,2024-12-28T02:54:40.682961Z,69.00,0.0100,0.9900,no
a421ffb5-8662-48b0-b990-d1732bb95b37,KXSECDEF-26DEC31-MW,2024-12-28T02:54:40.682961Z,25.00,0.0100,0.9900,no
f4eea6a1-fe4c-46d5-95d3-d4f4f7b3b0a0,KXSECDEF-26DEC31-MW,2024-12-25T22:52:51.482547Z,7.00,0.0100,0.9900,no
1479d410-871c-4a1b-9ee1-a31718b18a53,KXSECDEF-26DEC31-MW,2024-12-23T00:21:02.533558Z,1.00,0.0200,0.9800,no
0ab5e986-a766-43c7-87c4-42df5bd66291,KXSECDEF-26DEC31-MW,2024-12-23T00:21:02.533558Z,35.00,0.0200,0.9800,no
0127a01c-e08a-418d-ba1b-041ecd407edb,KXSECDEF-26DEC31-MW,2024-12-23T00:21:02.533558Z,57.00,0.0100,0.9900,no
cabeee84-ebe6-4b92-b4be-8440482a088f,KXSECDEF-26DEC31-MW,2024-12-22T21:55:53.109011Z,1.00,0.0300,0.9700,no
60c00918-b282-467f-bcd3-2cdf48d5ec00,KXSECDEF-26DEC31-MW,2024-12-21T06:46:32.168442Z,596.00,0.0200,0.9800,no
7a9225c9-4d27-4f92-9584-190301ab2069,KXSECDEF-26DEC31-MW,2024-12-20T18:43:22.069287Z,2200.00,0.0300,0.9700,yes
c4a91c2e-43bc-4616-aac3-9a7b9e530a7f,KXSECDEF-26DEC31-MW,2024-12-20T00:53:23.313935Z,22.00,0.0400,0.9600,yes
dd3eaec7-ff28-4fd5-b8c1-46db5a747245,KXSECDEF-26DEC31-MW,2024-12-19T04:19:22.592107Z,5.00,0.0200,0.9800,no
3fb2034f-f82f-4ead-a3da-177cf3f79a2e,KXSECDEF-26DEC31-MW,2024-12-18T18:21:15.32805Z,250.00,0.0400,0.9600,yes
efa89811-1c68-49db-9377-c9ef2d5f7000,KXSECDEF-26DEC31-MW,2024-12-18T00:44:46.566319Z,156.00,0.0400,0.9600,yes
073312aa-1968-45a4-8dcd-3c3ad564e1ea,KXSECDEF-26DEC31-MW,2024-12-18T00:44:46.566319Z,97.00,0.0300,0.9700,yes
00cf6c4f-7693-4db9-b1d1-ad95fa8a7474,KXSECDEF-26DEC31-MW,2024-12-18T00:44:46.566319Z,7.00,0.0300,0.9700,yes
a42d95fc-5af1-4c97-8105-43f9e7d19dbe,KXSECDEF-26DEC31-MW,2024-12-17T05:22:23.6469Z,907.00,0.0300,0.9700,yes
7910b0b1-c229-47d7-b88b-0b0a9c3bfdc3,KXSECDEF-26DEC31-MW,2024-12-17T05:22:23.6469Z,93.00,0.0300,0.9700,yes
f81f673c-d43c-4323-8f3d-9eead2cea856,KXSECDEF-26DEC31-MW,2024-12-17T00:53:38.684967Z,1.00,0.0400,0.9600,yes
c9fc1ce9-7465-4e8f-9468-d0b2d88c7243,KXSECDEF-26DEC31-MW,2024-12-17T00:11:10.997112Z,388.00,0.0200,0.9800,no
c5da878d-c0c9-4915-b4a2-159cc72126a8,KXSECDEF-26DEC31-MW,2024-12-16T17:53:33.044092Z,1.00,0.0300,0.9700,yes
0a947c67-82e4-4bb8-a643-58e3daa4c494,KXSECDEF-26DEC31-MW,2024-12-16T17:53:33.044092Z,1.00,0.0400,0.9600,yes
aa90198d-c472-481f-be22-3404b3b08911,KXSECDEF-26DEC31-MW,2024-12-16T06:00:49.058866Z,25.00,0.0200,0.9800,no
fc17ae3f-73c6-4e71-9f4c-b609fc6e07a9,KXSECDEF-26DEC31-MW,2024-12-16T02:23:34.028199Z,2.00,0.0300,0.9700,yes
0c1bd386-4822-491c-9738-c5dd18e7857b,KXSECDEF-26DEC31-MW,2024-12-16T02:23:34.028199Z,1.00,0.0400,0.9600,yes
032652e6-f77a-46be-824c-63083dc1e5f8,KXSECDEF-26DEC31-MW,2024-12-15T19:36:56.670826Z,152.00,0.0200,0.9800,no
95543cf4-0520-487a-b588-a4232e8a109f,KXSECDEF-26DEC31-MW,2024-12-14T23:58:47.995124Z,1.00,0.0400,0.9600,yes
4b3a7ab4-f810-40a3-99b1-e5d33c8d2a6d,KXSECDEF-26DEC31-MW,2024-12-14T23:43:29.113528Z,1651.00,0.0200,0.9800,no
2a5ab5cc-75bb-4042-b39d-0e41740a94bf,KXSECDEF-26DEC31-MW,2024-12-14T23:43:29.113528Z,10.00,0.0300,0.9700,no
f972339b-11d2-48b5-906a-b8d93ca697fd,KXSECDEF-26DEC31-MW,2024-12-13T16:04:07.934672Z,19.00,0.0300,0.9700,no
004a9b7f-8324-4836-987a-e2fbae8bd830,KXSECDEF-26DEC31-MW,2024-12-13T05:24:25.938113Z,100.00,0.0300,0.9700,no
f9841c22-4a9f-414f-b32b-ed85d60faf6a,KXSECDEF-26DEC31-MW,2024-12-13T02:52:35.773332Z,425.00,0.0300,0.9700,yes
cd80f88f-efd8-40ff-b845-699131bbadc0,KXSECDEF-26DEC31-MW,2024-12-13T02:52:35.773332Z,98.00,0.0300,0.9700,yes
059c1df0-4092-4e2e-8151-4db814e24450,KXSECDEF-26DEC31-MW,2024-12-12T03:46:10.587497Z,250.00,0.0300,0.9700,no
4e972748-72ef-4819-88e9-ca3e9d985f0d,KXSECDEF-26DEC31-MW,2024-12-11T20:46:46.451212Z,193.00,0.0300,0.9700,yes
1333bd58-33a3-4555-b029-8c361768ec16,KXSECDEF-26DEC31-MW,2024-12-11T20:30:47.97128Z,998.00,0.0200,0.9800,no
2ca7badb-2936-4d50-a4cd-1f144e3b5142,KXSECDEF-26DEC31-MW,2024-12-11T20:12:53.392313Z,1.00,0.0300,0.9700,no
22a7dfdc-11c9-44f0-b3e3-f23141f59c9f,KXSECDEF-26DEC31-MW,2024-12-11T20:12:53.392313Z,6.00,0.0300,0.9700,no
da4e611f-f9d3-40aa-8a81-6ac9c485a87b,KXSECDEF-26DEC31-MW,2024-12-11T20:03:29.164176Z,94.00,0.0300,0.9700,no
90457849-9eec-4a9c-9273-8b9be8dd0597,KXSECDEF-26DEC31-MW,2024-12-11T20:03:29.164176Z,176.00,0.0300,0.9700,no
7012f2e3-54e0-4203-b9e3-52f4a036e478,KXSECDEF-26DEC31-MW,2024-12-11T15:43:42.865979Z,254.00,0.0300,0.9700,no
cb8b964a-857e-4ad8-8fde-a6e4b4a62cdb,KXSECDEF-26DEC31-MW,2024-12-11T15:38:59.815283Z,36.00,0.0300,0.9700,no
cb866135-3731-43ca-98ef-9f09dc3cfc0f,KXSECDEF-26DEC31-MW,2024-12-11T15:00:28.476939Z,1.00,0.0400,0.9600,yes
b7fcc17e-bf5c-488c-8304-b8a88328cf45,KXSECDEF-26DEC31-MW,2024-12-11T14:51:53.02324Z,59.00,0.0300,0.9700,no
f59add91-cd17-4bb0-9ab5-c76200a8a6c5,KXSECDEF-26DEC31-MW,2024-12-11T14:51:32.019657Z,30.00,0.0300,0.9700,no
4a906983-cac3-4a82-a46a-46193cb1b109,KXSECDEF-26DEC31-MW,2024-12-11T14:46:40.519172Z,1.00,0.0300,0.9700,no
bb9c56e3-34a2-48bc-a16b-b4758abc9bb8,KXSECDEF-26DEC31-MW,2024-12-11T01:33:54.438869Z,82.00,0.0300,0.9700,no
d3b0a380-c10d-4012-b260-653cdbaf891d,KXSECDEF-26DEC31-MW,2024-12-10T16:29:08.051983Z,15.00,0.0300,0.9700,no
e678e992-0c30-423f-9149-3859078e1e40,KXSECDEF-26DEC31-MW,2024-12-10T14:29:10.421781Z,2.00,0.0400,0.9600,no
60e2d68b-08ba-413f-a158-e534640475ee,KXSECDEF-26DEC31-MW,2024-12-10T14:29:10.421781Z,76.00,0.0300,0.9700,no
c4cc76ef-9ef8-4a1e-ab2f-cc98cc45f8e6,KXSECDEF-26DEC31-MW,2024-12-10T03:34:12.99908Z,92.00,0.0300,0.9700,no
1aba4c1a-d543-47f7-84c2-4eada6ee9ec3,KXSECDEF-26DEC31-MW,2024-12-10T03:10:59.994504Z,93.00,0.0500,0.9500,yes
8de9b907-1d28-4f68-81dd-c69a1861eaa5,KXSECDEF-26DEC31-MW,2024-12-10T00:09:49.825584Z,553.00,0.0500,0.9500,yes
8b616a95-5fa8-4e8a-9dd3-b92f35633706,KXSECDEF-26DEC31-MW,2024-12-10T00:09:49.825584Z,480.00,0.0400,0.9600,yes
f048bd81-3a9f-4d7d-8670-2e9d0fcf19f8,KXSECDEF-26DEC31-MW,2024-12-09T22:37:07.989309Z,20.00,0.0400,0.9600,yes
2fea5c76-b73c-4799-b6b0-76cbe41839fe,KXSECDEF-26DEC31-MW,2024-12-09T22:01:08.91715Z,1557.00,0.0400,0.9600,no
e46595ec-90db-493d-9d4f-435a340cbd9d,KXSECDEF-26DEC31-MW,2024-12-09T21:56:43.372202Z,1300.00,0.0400,0.9600,no
596a4322-04fa-40e1-805a-9ef37a92277f,KXSECDEF-26DEC31-MW,2024-12-09T21:49:30.931654Z,500.00,0.0400,0.9600,no
c228f0f1-1575-43fd-be7f-d7f5296e3c3a,KXSECDEF-26DEC31-MW,2024-12-09T21:39:41.891795Z,1000.00,0.0400,0.9600,yes
12c5ecf1-91ab-4d9a-9146-c41c75f5ec23,KXSECDEF-26DEC31-MW,2024-12-09T21:39:41.891795Z,300.00,0.0400,0.9600,yes
e51c1564-817a-4633-adb1-e851d49efbf4,KXSECDEF-26DEC31-MW,2024-12-09T21:31:27.161933Z,1925.00,0.0400,0.9600,no
ec141219-4078-4d08-b4a3-bd6a6c71733e,KXSECDEF-26DEC31-MW,2024-12-09T21:30:45.778877Z,118.00,0.0400,0.9600,no
2bc4d9c0-4889-4e64-a0e5-a7669ee884e2,KXSECDEF-26DEC31-MW,2024-12-09T21:27:58.892657Z,300.00,0.0400,0.9600,yes
170e9b91-3a73-4c2c-8aeb-b363ca7d30c6,KXSECDEF-26DEC31-MW,2024-12-09T21:27:58.892657Z,1000.00,0.0400,0.9600,yes
48d0d83e-6ff1-4783-ab89-b54e3539aa88,KXSECDEF-26DEC31-MW,2024-12-09T21:27:40.55554Z,1129.00,0.0400,0.9600,no
7234e85c-3ed9-4001-a39c-474cbb1690ce,KXSECDEF-26DEC31-MW,2024-12-09T21:26:44.48471Z,108.00,0.0400,0.9600,no
5e1f29bd-4d0c-4d5a-aca5-012616951b68,KXSECDEF-26DEC31-MW,2024-12-09T21:18:56.172588Z,200.00,0.0400,0.9600,no
a702f613-422b-45df-83f3-36144f7e5847,KXSECDEF-26DEC31-MW,2024-12-09T21:17:05.334695Z,300.00,0.0400,0.9600,yes
90162448-5970-49a6-b2c4-3be6b2d03129,KXSECDEF-26DEC31-MW,2024-12-09T21:12:38.197931Z,170.00,0.0400,0.9600,yes
e707a323-e07d-4886-97de-947abf5f61f8,KXSECDEF-26DEC31-MW,2024-12-09T21:11:19.19993Z,300.00,0.0400,0.9600,yes
457b62e6-cb65-42c9-8516-13ecba118c2c,KXSECDEF-26DEC31-MW,2024-12-09T21:11:19.19993Z,100.00,0.0400,0.9600,yes
5b99eafb-a8e0-4d98-8349-7e88432b2d2b,KXSECDEF-26DEC31-MW,2024-12-09T21:01:58.377355Z,167.00,0.0300,0.9700,no
471767ac-4f92-4971-ba30-fadec4ce856f,KXSECDEF-26DEC31-MW,2024-12-09T20:59:10.071965Z,441.00,0.0300,0.9700,no
464adc43-1d0b-495a-947b-5bded582d616,KXSECDEF-26DEC31-MW,2024-12-09T20:59:10.071965Z,12.00,0.0300,0.9700,no
eb98b33b-a27d-4907-afb4-286305848521,KXSECDEF-26DEC31-MW,2024-12-09T20:51:53.973267Z,4009.00,0.0400,0.9600,no
d6500b3a-d9c3-4f8d-8406-4faea0317234,KXSECDEF-26DEC31-MW,2024-12-09T20:51:53.973267Z,500.00,0.0400,0.9600,no
4ff009ae-b395-497b-8c38-b6babe9e3a13,KXSECDEF-26DEC31-MW,2024-12-09T20:51:53.973267Z,500.00,0.0400,0.9600,no
95924afb-6707-440d-9833-6b10a0b26a77,KXSECDEF-26DEC31-MW,2024-12-09T18:27:41.626676Z,60.00,0.0400,0.9600,no
1c8ab02c-dd6d-48f9-8c77-57d5ab0d3fe2,KXSECDEF-26DEC31-MW,2024-12-09T14:34:13.776205Z,444.00,0.0500,0.9500,yes
cc64d02c-8dd5-4027-adfb-6e7e222906c1,KXSECDEF-26DEC31-MW,2024-12-09T14:29:12.191817Z,725.00,0.0400,0.9600,no
c8ca9dda-e51f-45a5-93dc-421028d93e9e,KXSECDEF-26DEC31-MW,2024-12-09T00:29:13.871698Z,356.00,0.0500,0.9500,yes
c597dbd5-cbf9-4891-b440-a0b985354f32,KXSECDEF-26DEC31-MW,2024-12-08T22:42:19.546602Z,161.00,0.0500,0.9500,no
52436af5-57dc-4f68-a685-d89066903b66,KXSECDEF-26DEC31-MW,2024-12-08T22:42:19.546602Z,375.00,0.0500,0.9500,no
aaa71187-2689-4abd-966e-a60ef4140545,KXSECDEF-26DEC31-MW,2024-12-08T21:19:25.804533Z,1.00,0.0600,0.9400,yes
e898eec7-f893-4f6d-a5b7-df884e76fd93,KXSECDEF-26DEC31-MW,2024-12-08T17:33:42.760111Z,39.00,0.0500,0.9500,no
63f4af2f-59ec-4dfe-b87e-4d7c25810149,KXSECDEF-26DEC31-MW,2024-12-08T15:43:22.574053Z,1.00,0.0600,0.9400,yes
09a35673-039f-4780-8a9e-6846a8359e6e,KXSECDEF-26DEC31-MW,2024-12-08T02:56:32.713173Z,650.00,0.0500,0.9500,no
d014c3db-a27a-4267-8ba5-d00631200fed,KXSECDEF-26DEC31-MW,2024-12-07T22:37:07.017498Z,1.00,0.0600,0.9400,yes
edd71de4-f7f8-4316-bcae-2808afd31d6a,KXSECDEF-26DEC31-MW,2024-12-07T21:09:10.831758Z,119.00,0.0500,0.9500,yes
e2aa9a7d-990c-452b-a93e-7acabede97da,KXSECDEF-26DEC31-MW,2024-12-07T21:09:10.831758Z,100.00,0.0500,0.9500,yes
c9bbca24-b6ec-4a53-9808-ea14ba9b448c,KXSECDEF-26DEC31-MW,2024-12-07T21:09:10.831758Z,100.00,0.0500,0.9500,yes
c4318818-88d7-44e2-a6ab-d9e34811c8f4,KXSECDEF-26DEC31-MW,2024-12-07T16:37:32.565421Z,200.00,0.0400,0.9600,no
106e26a5-df6e-490f-baa6-1e707a53f029,KXSECDEF-26DEC31-MW,2024-12-07T06:18:24.877368Z,281.00,0.0500,0.9500,yes
e2b8fa2b-48fc-4369-9775-9f851c5e3809,KXSECDEF-26DEC31-MW,2024-12-07T04:00:18.030542Z,5.00,0.0400,0.9600,no
f9643e92-7b85-43c2-88d4-ab0990357db4,KXSECDEF-26DEC31-MW,2024-12-07T03:55:20.122817Z,187.00,0.0500,0.9500,yes
47c5198e-9dbc-48e3-add1-29af8786fdbd,KXSECDEF-26DEC31-MW,2024-12-07T03:15:35.788229Z,25.00,0.0500,0.9500,yes
2f02146b-da9b-4fea-a15e-14cfe45e7a50,KXSECDEF-26DEC31-MW,2024-12-07T03:14:48.852174Z,700.00,0.0500,0.9500,yes
50e5eb77-2084-4b2f-ab7f-27dba6091689,KXSECDEF-26DEC31-MW,2024-12-07T02:49:35.885504Z,1.00,0.0600,0.9400,yes
76d6548f-d266-4802-8984-663481c86f66,KXSECDEF-26DEC31-MW,2024-12-07T00:56:03.222357Z,2355.00,0.0500,0.9500,no
5c6532c6-4150-4cd3-b73c-07a9693b3660,KXSECDEF-26DEC31-MW,2024-12-07T00:56:03.222357Z,283.00,0.0500,0.9500,no
7c5d0770-9861-43f8-836c-9c3a5c3d9e2f,KXSECDEF-26DEC31-MW,2024-12-06T22:59:38.040672Z,300.00,0.0600,0.9400,yes
3b03dccc-7b34-4e80-a3e0-1b946c6256a4,KXSECDEF-26DEC31-MW,2024-12-06T22:55:02.569615Z,3.00,0.0600,0.9400,yes
d6b81304-4773-40a5-bd8a-3002749c2a05,KXSECDEF-26DEC31-MW,2024-12-06T22:26:02.032081Z,11.00,0.0500,0.9500,no
45479bb8-5393-4665-9e8c-dc73b50fdc0b,KXSECDEF-26DEC31-MW,2024-12-06T21:06:16.364492Z,67.00,0.0500,0.9500,no
4b055ecc-9c21-4a76-9deb-857039cecb9c,KXSECDEF-26DEC31-MW,2024-12-06T17:34:33.542104Z,1073.00,0.0700,0.9300,yes
55a216ad-66fd-4cef-a27f-8f782dd211b3,KXSECDEF-26DEC31-MW,2024-12-06T17:17:47.512817Z,1.00,0.0700,0.9300,yes
13530010-81eb-4afe-adb4-a8b7b8fe7a4a,KXSECDEF-26DEC31-MW,2024-12-06T17:10:33.197381Z,1800.00,0.0600,0.9400,no
ef70a2bb-63f7-499c-ac24-48e76a939f3a,KXSECDEF-26DEC31-MW,2024-12-06T16:41:20.884287Z,1.00,0.0700,0.9300,yes
e5570c44-24e7-4f09-9456-93ff754f58a6,KXSECDEF-26DEC31-MW,2024-12-06T16:27:39.056024Z,99.00,0.0600,0.9400,yes
e4df7ac0-9667-4e23-bdf1-e1dc7e79b738,KXSECDEF-26DEC31-MW,2024-12-06T16:27:39.056024Z,450.00,0.0600,0.9400,yes
7cecd904-7f57-4e85-982c-d686061c4bd7,KXSECDEF-26DEC31-MW,2024-12-06T16:27:39.056024Z,450.00,0.0600,0.9400,yes
6a8e0636-11bb-40a5-8411-5617ba79cce0,KXSECDEF-26DEC31-MW,2024-12-06T16:04:54.435421Z,1.00,0.0600,0.9400,yes
431a297d-7f90-4158-8912-bdd9d683e649,KXSECDEF-26DEC31-MW,2024-12-06T15:39:22.382982Z,100.00,0.0500,0.9500,no
572cd7cf-1907-4a32-9138-66af3d6dba69,KXSECDEF-26DEC31-MW,2024-12-06T15:34:05.752545Z,203.00,0.0500,0.9500,no
fd141830-117f-4647-a0dc-9ea6d0e2cee8,KXSECDEF-26DEC31-MW,2024-12-06T14:27:46.174483Z,100.00,0.0700,0.9300,yes
f8abf704-bf5c-4650-9802-3f74b5f0d9f5,KXSECDEF-26DEC31-MW,2024-12-06T14:23:20.16583Z,150.00,0.0700,0.9300,yes
bd3f212a-c71f-452f-b39d-ec45a59043ea,KXSECDEF-26DEC31-MW,2024-12-06T14:23:20.16583Z,1.00,0.0800,0.9200,yes
0eee71e1-ff80-449a-97f0-c74faa678876,KXSECDEF-26DEC31-MW,2024-12-06T14:15:45.951739Z,1.00,0.0800,0.9200,yes
b7e0e168-4f0f-405f-9027-d01ccc26eb74,KXSECDEF-26DEC31-MW,2024-12-06T14:12:52.695736Z,219.00,0.0700,0.9300,yes
75278031-e07d-4b55-8e0e-b528b53d8408,KXSECDEF-26DEC31-MW,2024-12-06T14:12:52.695736Z,281.00,0.0700,0.9300,yes
0a6141a1-1f05-45cc-9a0b-c3219c3ecc76,KXSECDEF-26DEC31-MW,2024-12-06T14:08:46.313862Z,1.00,0.0700,0.9300,yes
3ed78f8e-13d7-4525-a925-e336086728c4,KXSECDEF-26DEC31-MW,2024-12-06T14:06:23.699079Z,2.00,0.0700,0.9300,yes
2063ccf7-0b75-46c4-be20-f873008ce732,KXSECDEF-26DEC31-MW,2024-12-06T14:06:23.699079Z,300.00,0.0600,0.9400,yes
bdfe829f-0b98-420a-a38d-75db5ad7a483,KXSECDEF-26DEC31-MW,2024-12-06T13:41:21.603396Z,1.00,0.0600,0.9400,yes
b13ffc02-d27a-46e4-b294-9e5f3dbe2a3f,KXSECDEF-26DEC31-MW,2024-12-06T13:29:34.551154Z,1000.00,0.0500,0.9500,no
00d78876-ed01-4c0e-b2a6-139258fc23a8,KXSECDEF-26DEC31-MW,2024-12-06T13:29:34.551154Z,1000.00,0.0500,0.9500,no
8de14dbb-dff2-4e4a-bc43-099c1fbc7f11,KXSECDEF-26DEC31-MW,2024-12-06T06:51:08.248745Z,310.00,0.0600,0.9400,yes
6f1d01cc-720b-47e7-9f4c-89de3465a293,KXSECDEF-26DEC31-MW,2024-12-06T06:06:09.70205Z,1.00,0.0400,0.9600,no
abca0765-15d6-4982-8760-8ee79f4059df,KXSECDEF-26DEC31-MW,2024-12-06T04:04:21.82701Z,500.00,0.0600,0.9400,yes
8e83b3bd-ae58-4720-ae1a-3f46c2d7a56a,KXSECDEF-26DEC31-MW,2024-12-06T04:04:21.82701Z,190.00,0.0600,0.9400,yes
5d2d1515-5ccb-4428-9016-456cdad0a63d,KXSECDEF-26DEC31-MW,2024-12-06T04:04:21.82701Z,100.00,0.0600,0.9400,yes
5e300965-5e12-469e-a2d0-ea88066dbca8,KXSECDEF-26DEC31-MW,2024-12-06T04:00:47.147097Z,100.00,0.0500,0.9500,yes
4a4e6a2c-759d-42f1-b32f-1ff3ed341079,KXSECDEF-26DEC31-MW,2024-12-06T04:00:47.147097Z,800.00,0.0500,0.9500,yes
4893aa0c-9093-4da0-b2d5-3b82b0cffea8,KXSECDEF-26DEC31-MW,2024-12-06T03:36:59.501142Z,500.00,0.0500,0.9500,yes
a0d272de-7661-4353-877f-cf4709240f87,KXSECDEF-26DEC31-MW,2024-12-06T03:21:49.506103Z,100.00,0.0500,0.9500,yes
6264ca5d-df2d-44d6-9aab-7377a0c84597,KXSECDEF-26DEC31-MW,2024-12-06T03:21:49.506103Z,200.00,0.0500,0.9500,yes
22e6b602-e278-499f-be8e-0f01c4208a01,KXSECDEF-26DEC31-MW,2024-12-06T03:21:49.506103Z,99.00,0.0500,0.9500,yes
8903b6b1-1cdc-46ea-a465-777a92e6e8d1,KXSECDEF-26DEC31-MW,2024-12-06T01:32:31.408687Z,1000.00,0.0400,0.9600,no
7f585139-4d45-40e9-b77c-c667c0522466,KXSECDEF-26DEC31-MW,2024-12-05T23:23:48.212431Z,86.00,0.0400,0.9600,no
bd0fd6f6-228b-4841-99fc-5c44d6379d79,KXSECDEF-26DEC31-MW,2024-12-05T23:23:31.352498Z,57.00,0.0400,0.9600,no
fe754642-ebef-4761-8b50-7f5103c1f4ed,KXSECDEF-26DEC31-MW,2024-12-05T23:21:57.285574Z,3.00,0.0400,0.9600,no
6cef5aef-455f-4921-b2f5-18cdd05654c2,KXSECDEF-26DEC31-MW,2024-12-05T23:19:31.105163Z,100.00,0.0400,0.9600,no
82588fe1-834f-4830-afbd-eab121a052aa,KXSECDEF-26DEC31-MW,2024-12-05T23:19:14.131769Z,3.00,0.0400,0.9600,no
c4b328c8-eb14-4a45-be47-8a44bf4a991c,KXSECDEF-26DEC31-MW,2024-12-05T23:18:57.480161Z,100.00,0.0400,0.9600,no
9ed32dad-5bef-45b6-b25f-cdda992c7011,KXSECDEF-26DEC31-MW,2024-12-05T23:15:24.702352Z,55.00,0.0400,0.9600,no
2327933c-ecc6-48fb-8ebf-3b4259105a8e,KXSECDEF-26DEC31-MW,2024-12-05T23:15:07.423275Z,100.00,0.0400,0.9600,no
ba1c2a66-9d9d-418a-8bce-6cf067ff027f,KXSECDEF-26DEC31-MW,2024-12-05T23:14:50.305078Z,100.00,0.0400,0.9600,no
a9f1cf19-66d4-40aa-a1a9-4d078c188873,KXSECDEF-26DEC31-MW,2024-12-05T23:14:33.563177Z,93.00,0.0400,0.9600,no
90d4fb1c-87bf-4d98-96d1-a88244d285d6,KXSECDEF-26DEC31-MW,2024-12-05T23:14:16.227821Z,100.00,0.0400,0.9600,no
1a05946d-8f24-4d52-b8c4-47ad441e66e5,KXSECDEF-26DEC31-MW,2024-12-05T23:03:01.828893Z,1297.00,0.0400,0.9600,no
a8062206-4f6a-462e-b7b6-6e371f424bd9,KXSECDEF-26DEC31-MW,2024-12-05T22:53:04.362717Z,11.00,0.0400,0.9600,no
c1f1d6f9-2638-4006-974b-e9584ab27c4c,KXSECDEF-26DEC31-MW,2024-12-05T22:36:44.891856Z,58.00,0.0400,0.9600,no
16234e88-a428-4092-b864-c8fe0731ea17,KXSECDEF-26DEC31-MW,2024-12-05T22:36:28.339786Z,100.00,0.0400,0.9600,no
718bce17-6558-48cc-b891-da2529ee7d02,KXSECDEF-26DEC31-MW,2024-12-05T22:36:11.314563Z,100.00,0.0400,0.9600,no
cfad4e54-bfa3-4520-af3b-35dfbdd444de,KXSECDEF-26DEC31-MW,2024-12-05T22:21:07.310003Z,97.00,0.0400,0.9600,no
24a214bb-cd69-4338-9493-153bab470009,KXSECDEF-26DEC31-MW,2024-12-05T22:21:07.310003Z,903.00,0.0400,0.9600,no
8388d677-4850-4b5b-aa9b-a590db98be30,KXSECDEF-26DEC31-MW,2024-12-05T21:09:01.420556Z,1.00,0.0500,0.9500,yes
c57db687-f431-4f58-a09b-a5af429815da,KXSECDEF-26DEC31-MW,2024-12-05T20:41:12.155402Z,83.00,0.0300,0.9700,no
6848c872-34dc-4c0a-8d45-763e949b1333,KXSECDEF-26DEC31-MW,2024-12-05T20:36:10.371602Z,100.00,0.0300,0.9700,no
d75340c6-1c1c-44d3-9e52-f6d21f523b6e,KXSECDEF-26DEC31-MW,2024-12-05T20:32:38.578697Z,97.00,0.0300,0.9700,no
5b2de645-0a1a-4135-bcbd-2d26203ba721,KXSECDEF-26DEC31-MW,2024-12-05T20:31:28.872565Z,20.00,0.0300,0.9700,no
a90d49f6-019b-4bde-a7f5-cd5c5d8e69f7,KXSECDEF-26DEC31-MW,2024-12-05T20:30:46.400465Z,72.00,0.0300,0.9700,no
3d5bbcca-bde5-4a23-95ea-f879889bd8d7,KXSECDEF-26DEC31-MW,2024-12-05T20:30:29.575543Z,100.00,0.0300,0.9700,no
1b614757-2a12-48ff-bf8d-d26ae6ac07cd,KXSECDEF-26DEC31-MW,2024-12-05T20:29:20.664244Z,28.00,0.0300,0.9700,no
a8f238d0-1b08-413e-bfef-25e0681d9f39,KXSECDEF-26DEC31-MW,2024-12-05T20:29:03.704962Z,59.00,0.0300,0.9700,no
5f8d1315-975d-4c65-9582-88736ddce711,KXSECDEF-26DEC31-MW,2024-12-05T20:29:03.704962Z,41.00,0.0300,0.9700,no
d44670dd-a75c-48f6-9f3e-dd6f585cb583,KXSECDEF-26DEC31-MW,2024-12-05T20:28:47.090414Z,100.00,0.0300,0.9700,no
aa02e999-6620-4e8d-8887-54abfc75e7b1,KXSECDEF-26DEC31-MW,2024-12-05T20:28:30.236373Z,100.00,0.0300,0.9700,no
8b288c9d-51ff-4118-a20e-fb7120824165,KXSECDEF-26DEC31-MW,2024-12-05T20:28:13.654411Z,100.00,0.0300,0.9700,no
4784fd10-0302-443f-8a06-dfd5f9831b97,KXSECDEF-26DEC31-MW,2024-12-05T20:27:56.819566Z,100.00,0.0300,0.9700,no
f9b61868-facb-4282-95e7-e8cb0c628a70,KXSECDEF-26DEC31-MW,2024-12-05T20:27:40.054891Z,41.00,0.0300,0.9700,no
6b855024-e326-41bd-8d0e-0343d1f13b68,KXSECDEF-26DEC31-MW,2024-12-05T20:27:40.054891Z,59.00,0.0300,0.9700,no
1cec89f2-11a1-4a16-ae02-1fa1ff7a3e14,KXSECDEF-26DEC31-MW,2024-12-05T20:26:31.447501Z,33.00,0.0300,0.9700,no
605b75ee-4d3c-47bc-ab7c-5643aca03aa5,KXSECDEF-26DEC31-MW,2024-12-05T20:26:15.03407Z,100.00,0.0300,0.9700,no
524e37a8-45db-45e8-8501-a2c53c74ec87,KXSECDEF-26DEC31-MW,2024-12-05T20:23:23.374493Z,100.00,0.0300,0.9700,no
1fd766c8-08b8-42a1-9ce0-eca2cfd60fd3,KXSECDEF-26DEC31-MW,2024-12-05T20:19:12.634965Z,100.00,0.0300,0.9700,no
b0798717-ad38-4a3a-9b9c-5711587f0611,KXSECDEF-26DEC31-MW,2024-12-05T20:15:15.257642Z,88.00,0.0300,0.9700,no
2e0a99df-e877-4c14-a8cc-3158a6f2e499,KXSECDEF-26DEC31-MW,2024-12-05T20:11:44.835431Z,50.00,0.0300,0.9700,no
03bca8aa-d6d8-40ab-9511-34666ba78316,KXSECDEF-26DEC31-MW,2024-12-05T20:11:44.835431Z,8.00,0.0300,0.9700,no
3431e3e6-bc60-4b5b-9365-ca6c71f00990,KXSECDEF-26DEC31-MW,2024-12-05T20:11:28.187927Z,100.00,0.0300,0.9700,no
ce11ccfe-6cc6-4f27-913a-4675f9ef45ca,KXSECDEF-26DEC31-MW,2024-12-05T20:07:56.467821Z,28.00,0.0300,0.9700,no
3d8671fd-8516-4e7d-a16a-4ef14c0b3985,KXSECDEF-26DEC31-MW,2024-12-05T20:03:45.391877Z,26.00,0.0300,0.9700,no
1a29d5f1-566e-4875-8239-7ec94aa1227e,KXSECDEF-26DEC31-MW,2024-12-05T20:03:27.525213Z,100.00,0.0300,0.9700,no
f1fa5100-b55d-4870-8d16-7e1d43ae7f13,KXSECDEF-26DEC31-MW,2024-12-05T20:03:08.546026Z,14.00,0.0300,0.9700,no
886c2b5d-0747-4ce2-ad3f-51266d23757e,KXSECDEF-26DEC31-MW,2024-12-05T20:00:25.948169Z,10.00,0.0300,0.9700,no
d97e1470-c01a-4cc2-a11e-720669c58b13,KXSECDEF-26DEC31-MW,2024-12-05T19:58:13.31626Z,76.00,0.0300,0.9700,no
11047391-dfdb-49cf-a01e-26735080d91a,KXSECDEF-26DEC31-MW,2024-12-05T19:28:10.424595Z,71.00,0.0300,0.9700,no
db48da12-0bb2-4a3a-825f-591655375538,KXSECDEF-26DEC31-MW,2024-12-05T19:03:20.605317Z,625.00,0.0400,0.9600,no
5e4f0284-32b1-4f0f-b57e-e56d6c65204f,KXSECDEF-26DEC31-MW,2024-12-05T18:48:31.835798Z,15.00,0.0400,0.9600,no
2f6e76a7-9d58-4ff0-824b-2f3f53c7b132,KXSECDEF-26DEC31-MW,2024-12-05T18:48:31.835798Z,10.00,0.0400,0.9600,no
2d272f0b-bf12-465e-a521-b84589dce026,KXSECDEF-26DEC31-MW,2024-12-05T18:44:43.802775Z,10.00,0.0400,0.9600,no
bf6be9c9-e1a9-4347-9199-bfa9dd0f6f10,KXSECDEF-26DEC31-MW,2024-12-05T18:37:33.02897Z,1.00,0.0600,0.9400,yes
5ca824ca-c48b-4a6b-ae66-69b5b420b43f,KXSECDEF-26DEC31-MW,2024-12-05T18:37:33.02897Z,10.00,0.0500,0.9500,yes
0047a3de-44b0-41e6-b348-367e8dc9bd0c,KXSECDEF-26DEC31-MW,2024-12-05T18:34:29.833838Z,7.00,0.0300,0.9700,no
dcd8b1cc-7e3e-4a9c-a4d6-2cebff684f9d,KXSECDEF-26DEC31-MW,2024-12-05T18:33:21.192035Z,1.00,0.0400,0.9600,no
9020c04c-cb71-4dd3-bb71-0541d152da7f,KXSECDEF-26DEC31-MW,2024-12-05T18:33:21.192035Z,7.00,0.0400,0.9600,no
5fd25b21-f7e3-43ad-8603-91415c56c53c,KXSECDEF-26DEC31-MW,2024-12-05T18:26:23.765347Z,18.00,0.0400,0.9600,no
fd448c0c-ab01-4e6f-bf44-4676ea4337b8,KXSECDEF-26DEC31-MW,2024-12-05T18:25:27.89878Z,10.00,0.0500,0.9500,no
d152e511-2a16-4ad8-9337-1a24a6fce216,KXSECDEF-26DEC31-MW,2024-12-05T18:21:41.981858Z,10.00,0.0500,0.9500,no
fd17a64f-a9a0-4dae-a7b1-440d0b0c726c,KXSECDEF-26DEC31-MW,2024-12-05T18:12:03.709407Z,16.00,0.0600,0.9400,yes
3448538f-882f-40d3-a96f-81876ee8fb25,KXSECDEF-26DEC31-MW,2024-12-05T18:08:01.556631Z,20.00,0.0500,0.9500,no
2afd6571-ad13-46e8-b3c2-5f19927705ed,KXSECDEF-26DEC31-MW,2024-12-05T18:04:22.218527Z,16.00,0.0600,0.9400,yes
be4c53de-fb32-428c-9bcf-7f8b8be2702d,KXSECDEF-26DEC31-MW,2024-12-05T17:59:35.414813Z,2.00,0.0600,0.9400,yes
e8d8ef58-ad66-4115-b27e-fa3820c5adb6,KXSECDEF-26DEC31-MW,2024-12-05T17:59:16.974549Z,1.00,0.0500,0.9500,yes
e33fa094-9fc0-4367-869d-1c2091311542,KXSECDEF-26DEC31-MW,2024-12-05T17:59:16.974549Z,1.00,0.0600,0.9400,yes
e907ea56-2ba5-4252-9c9f-3cbfd4784617,KXSECDEF-26DEC31-MW,2024-12-05T17:44:11.214383Z,6.00,0.0600,0.9400,yes
1656bcb3-cb82-4816-8385-7a9e3d76a46f,KXSECDEF-26DEC31-MW,2024-12-05T17:44:11.214383Z,1.00,0.0700,0.9300,yes
c4d23614-7df1-4fbc-8f0e-87da6d6dd724,KXSECDEF-26DEC31-MW,2024-12-05T17:33:16.581399Z,400.00,0.0700,0.9300,yes
750a30a4-3c7b-4f1f-8c0e-9bd439103598,KXSECDEF-26DEC31-MW,2024-12-05T17:33:16.581399Z,100.00,0.0600,0.9400,yes
72c776bf-175a-49fc-b372-70aa3adfc9f3,KXSECDEF-26DEC31-MW,2024-12-05T17:33:16.581399Z,180.00,0.0700,0.9300,yes
41263bfc-b982-4917-93ad-00f204161760,KXSECDEF-26DEC31-MW,2024-12-05T17:33:16.581399Z,5.00,0.0600,0.9400,yes
de195e86-9542-4c00-ba30-cf9e4754974a,KXSECDEF-26DEC31-MW,2024-12-05T17:31:15.790429Z,2.00,0.0400,0.9600,yes
e804fce7-293a-43ee-bfe5-5af1fcdbd605,KXSECDEF-26DEC31-MW,2024-12-05T17:31:01.188187Z,25.00,0.0400,0.9600,no
3d6c461a-74b7-4b35-bc8b-b2b9c5cb78d3,KXSECDEF-26DEC31-MW,2024-12-05T17:31:01.188187Z,2.00,0.0400,0.9600,no
e0a051c6-149e-4d00-bab1-85ff2dbc0924,KXSECDEF-26DEC31-MW,2024-12-05T17:02:31.250998Z,4.00,0.0600,0.9400,yes
6e6ed5a3-69e7-4bad-8e8a-1f947dcace84,KXSECDEF-26DEC31-MW,2024-12-05T16:59:58.726535Z,78.00,0.0600,0.9400,yes
ce1aa81b-1f95-470f-a125-6e0336ae80b0,KXSECDEF-26DEC31-MW,2024-12-05T16:52:53.390641Z,2500.00,0.0600,0.9400,yes
bd4056ea-af35-4c65-9e73-96618a1f203e,KXSECDEF-26DEC31-MW,2024-12-05T16:52:53.390641Z,223.00,0.0600,0.9400,yes
5076e016-136e-4392-87e6-512bb20978e9,KXSECDEF-26DEC31-MW,2024-12-05T16:52:53.390641Z,13.00,0.0600,0.9400,yes
22fd776f-eae9-4ef1-b084-e5e87b42825a,KXSECDEF-26DEC31-MW,2024-12-05T16:41:25.383822Z,1.00,0.0400,0.9600,no
70a77e8b-950a-4ecf-ae28-0b4e763b2b06,KXSECDEF-26DEC31-MW,2024-12-05T16:41:07.691006Z,37.00,0.0300,0.9700,no
750337d5-9f07-4f37-a5b8-8274e01c070e,KXSECDEF-26DEC31-MW,2024-12-05T16:40:50.306524Z,1.00,0.0400,0.9600,no
1e813a0a-3d07-4bfd-8728-44e1c23c65ba,KXSECDEF-26DEC31-MW,2024-12-05T16:40:50.306524Z,1.00,0.0400,0.9600,no
1a3fe1a3-e3a4-4097-b6d4-13ae42829c62,KXSECDEF-26DEC31-MW,2024-12-05T16:40:50.306524Z,45.00,0.0400,0.9600,no
d1f32164-6df8-4576-b783-84ae6ab155c9,KXSECDEF-26DEC31-MW,2024-12-05T16:25:06.261233Z,46.00,0.0600,0.9400,yes
8f89abaa-55fc-4975-88dc-187d5adf2155,KXSECDEF-26DEC31-MW,2024-12-05T16:18:19.199603Z,483.00,0.0500,0.9500,no
7ad6ed94-2200-4321-b961-64521d342cff,KXSECDEF-26DEC31-MW,2024-12-05T16:18:19.199603Z,1.00,0.0300,0.9700,no
7cf5131c-5887-4998-bc46-a8270e8b562c,KXSECDEF-26DEC31-MW,2024-12-05T16:17:04.837047Z,16.00,0.0500,0.9500,no
caa7fc5e-0250-47e1-994e-a0347db66c08,KXSECDEF-26DEC31-MW,2024-12-05T16:12:45.061105Z,1.00,0.0500,0.9500,yes
a05c72a6-a04e-44e8-ae13-462c7935960f,KXSECDEF-26DEC31-MW,2024-12-05T15:57:16.916333Z,36.00,0.0300,0.9700,no
17f6f29d-32e5-47ff-862a-2e87746ce3f3,KXSECDEF-26DEC31-MW,2024-12-05T15:56:59.812148Z,100.00,0.0300,0.9700,no
47a2d246-40fe-46f1-a43a-e06b8e38c215,KXSECDEF-26DEC31-MW,2024-12-05T15:56:41.950067Z,100.00,0.0300,0.9700,no
d6f9ff34-4bfe-4cc8-9bf8-1f89daa913a4,KXSECDEF-26DEC31-MW,2024-12-05T15:56:24.836408Z,100.00,0.0300,0.9700,no
d616e714-0731-423e-89aa-1ad133cc1fd3,KXSECDEF-26DEC31-MW,2024-12-05T15:56:07.876689Z,27.00,0.0300,0.9700,no
643fa4fc-6dad-4d37-b3c3-8f86d44703b7,KXSECDEF-26DEC31-MW,2024-12-05T15:56:07.876689Z,73.00,0.0300,0.9700,no
9ce41e42-c883-4bbf-8dcf-000dc62ba1af,KXSECDEF-26DEC31-MW,2024-12-05T15:55:51.134417Z,100.00,0.0300,0.9700,no
2bb92369-8133-4c39-8e0a-70b1efcad443,KXSECDEF-26DEC31-MW,2024-12-05T15:55:34.248057Z,100.00,0.0300,0.9700,no
8a5d5143-01b6-4d83-8976-b0fd6fa45f0d,KXSECDEF-26DEC31-MW,2024-12-05T15:31:35.830584Z,15.00,0.0300,0.9700,no
45fc84e0-cc6e-4b83-9002-9c0e9737ef3a,KXSECDEF-26DEC31-MW,2024-12-05T15:31:05.431482Z,16.00,0.0300,0.9700,no
07cf3e5c-9905-42ab-98e0-67d630102c05,KXSECDEF-26DEC31-MW,2024-12-05T15:30:21.818839Z,25.00,0.0400,0.9600,no
89eb67a4-6226-46c5-bf17-90a542c6c853,KXSECDEF-26DEC31-MW,2024-12-05T15:30:04.684609Z,1.00,0.0400,0.9600,no
461b7d5b-7c00-4c60-b331-ac88a09eb64f,KXSECDEF-26DEC31-MW,2024-12-05T15:29:53.823021Z,1.00,0.0500,0.9500,yes
bdc7c09b-35aa-435c-a340-0f5ca32dff42,KXSECDEF-26DEC31-MW,2024-12-05T15:26:45.67516Z,84.00,0.0300,0.9700,no
238aff99-97fe-4250-9b65-e0d7a867fbf7,KXSECDEF-26DEC31-MW,2024-12-05T15:26:28.824571Z,16.00,0.0300,0.9700,no
33f33587-9ba5-4bad-b0bd-948789babd26,KXSECDEF-26DEC31-MW,2024-12-05T15:24:41.108652Z,16.00,0.0300,0.9700,no
c4e4a1ff-1583-481c-bbf1-e0fc6467aa57,KXSECDEF-26DEC31-MW,2024-12-05T15:23:57.884543Z,90.00,0.0300,0.9700,no
acb078e6-82e8-4d84-ac70-289381cbac28,KXSECDEF-26DEC31-MW,2024-12-05T15:23:40.993129Z,71.00,0.0300,0.9700,no
54ff93dd-1756-4171-8087-163f165110f6,KXSECDEF-26DEC31-MW,2024-12-05T15:23:21.766749Z,100.00,0.0300,0.9700,no
d132c263-661c-48fb-955a-cbf41e8075f1,KXSECDEF-26DEC31-MW,2024-12-05T15:23:04.718406Z,100.00,0.0300,0.9700,no
a8434d6d-1768-4faf-bf25-275e528d82f1,KXSECDEF-26DEC31-MW,2024-12-05T15:22:47.047475Z,100.00,0.0300,0.9700,no
f17f6fca-47dc-4ceb-ad56-a30e7611e80e,KXSECDEF-26DEC31-MW,2024-12-05T15:22:29.656078Z,25.00,0.0300,0.9700,no
5c7eb24b-4ffb-4e38-a049-3e2ef7db6106,KXSECDEF-26DEC31-MW,2024-12-05T15:22:12.50362Z,20.00,0.0300,0.9700,no
8dbb5896-d932-4381-9902-4682e6cae100,KXSECDEF-26DEC31-MW,2024-12-05T15:21:55.409506Z,100.00,0.0300,0.9700,no
07f89b70-a0aa-43f4-a96f-18a4bf51bdac,KXSECDEF-26DEC31-MW,2024-12-05T15:21:38.259899Z,67.00,0.0300,0.9700,no
ac41bbd8-d3a7-4725-abea-2cdc4da00109,KXSECDEF-26DEC31-MW,2024-12-05T15:21:21.133122Z,100.00,0.0300,0.9700,no
3e841118-767f-4838-ba8f-88140f3a502b,KXSECDEF-26DEC31-MW,2024-12-05T15:21:04.083126Z,31.00,0.0300,0.9700,no
17416fe7-c06f-417e-a29f-47e9980cf023,KXSECDEF-26DEC31-MW,2024-12-05T15:21:04.083126Z,69.00,0.0300,0.9700,no
8000dd48-1e9e-49b9-adcb-239a7d707082,KXSECDEF-26DEC31-MW,2024-12-05T15:20:46.984335Z,100.00,0.0500,0.9500,no
9ad199bc-1121-416f-a28d-682fe8394fa0,KXSECDEF-26DEC31-MW,2024-12-05T15:20:29.880983Z,17.00,0.0500,0.9500,no
53c24e2a-e5b2-4314-92b6-d9dd10e9bd32,KXSECDEF-26DEC31-MW,2024-12-05T14:56:00.322154Z,638.00,0.0600,0.9400,no
5ef135e7-65f2-4c5c-aa36-15b0c39971f1,KXSECDEF-26DEC31-MW,2024-12-05T14:41:06.858334Z,1.00,0.0800,0.9200,yes
9d9ae17d-75ba-4ba0-a7ec-701ca5f3a0ec,KXSECDEF-26DEC31-MW,2024-12-05T05:13:52.514774Z,1.00,0.0500,0.9500,no
7b650ecc-68b8-45a1-9b20-e08586d58ce2,KXSECDEF-26DEC31-MW,2024-12-05T04:59:01.069035Z,819.00,0.0700,0.9300,no
f8b114e5-e5d0-4923-8c33-5cef0df39f67,KXSECDEF-26DEC31-MW,2024-12-05T04:56:13.972223Z,1119.00,0.0700,0.9300,no
e3a88ee2-0c15-463e-b42e-d438b5e0e8e8,KXSECDEF-26DEC31-MW,2024-12-05T04:56:13.972223Z,100.00,0.0700,0.9300,no
dafc94cb-4893-4125-98e3-9317691bdea1,KXSECDEF-26DEC31-MW,2024-12-05T04:56:13.972223Z,1781.00,0.0700,0.9300,no
0f645165-9ef7-4244-ae4e-64afb721067c,KXSECDEF-26DEC31-MW,2024-12-05T04:34:25.34752Z,52.00,0.0700,0.9300,no
266f7816-0089-4503-b589-b34507f04d1b,KXSECDEF-26DEC31-MW,2024-12-05T04:17:04.755658Z,1.00,0.0900,0.9100,yes
fe2eeefe-d338-41a4-a630-c204fbed2ac1,KXSECDEF-26DEC31-MW,2024-12-05T03:38:49.434858Z,500.00,0.0700,0.9300,no
d30f09ac-6640-4b24-a5c5-eff7f2530796,KXSECDEF-26DEC31-MW,2024-12-05T03:38:49.434858Z,294.00,0.0800,0.9200,no
69ad9d3b-e822-4280-9a84-62f36cbd0450,KXSECDEF-26DEC31-MW,2024-12-05T03:38:49.434858Z,829.00,0.0700,0.9300,no
c0556c0f-65f2-4966-8969-4ff678d745e5,KXSECDEF-26DEC31-MW,2024-12-05T03:29:24.787539Z,75.00,0.0800,0.9200,no
99200d05-daa1-493e-9c44-d7282bf969a8,KXSECDEF-26DEC31-MW,2024-12-05T03:29:24.787539Z,706.00,0.0800,0.9200,no
e4f9149e-ac36-41d7-9467-3af1a5da1dc7,KXSECDEF-26DEC31-MW,2024-12-05T03:27:57.591114Z,1500.00,0.0900,0.9100,yes
989c1e57-685f-4259-973e-f78ad4555602,KXSECDEF-26DEC31-MW,2024-12-05T02:57:53.503276Z,1.00,0.0900,0.9100,yes
4d2fb47b-1ad8-46e9-ab5b-7498ad99bca4,KXSECDEF-26DEC31-MW,2024-12-05T02:52:44.919099Z,300.00,0.0900,0.9100,yes
6bd34351-af0f-4ef2-bda3-c9137195b4d7,KXSECDEF-26DEC31-MW,2024-12-05T02:52:23.643189Z,100.00,0.0900,0.9100,yes
1af3c199-a3ed-48f3-80d1-689dda043bd2,KXSECDEF-26DEC31-MW,2024-12-05T02:52:23.643189Z,100.00,0.0900,0.9100,yes
77a03467-63b2-46cc-9485-cf97dfbc1e5f,KXSECDEF-26DEC31-MW,2024-12-05T02:47:42.755209Z,18.00,0.0900,0.9100,yes
4873b161-8b36-4478-8111-08aa7481bbda,KXSECDEF-26DEC31-MW,2024-12-05T02:47:42.755209Z,482.00,0.1000,0.9000,yes
e6649269-7475-4b24-b152-5321f4335917,KXSECDEF-26DEC31-MW,2024-12-05T02:45:05.118983Z,82.00,0.0900,0.9100,no
a16ba748-36a9-493d-b671-cb6372b1fb62,KXSECDEF-26DEC31-MW,2024-12-05T02:44:41.375461Z,95.00,0.0900,0.9100,no
cd9152c9-b17d-41cd-868f-2fa4cfb99a30,KXSECDEF-26DEC31-MW,2024-12-05T02:44:24.712805Z,80.00,0.0900,0.9100,no
876be614-976b-47d3-8729-04b943ade376,KXSECDEF-26DEC31-MW,2024-12-05T02:43:52.026166Z,78.00,0.0900,0.9100,no
6cc5b76d-9442-413a-afcf-63d6d8e94c91,KXSECDEF-26DEC31-MW,2024-12-05T02:41:23.183374Z,390.00,0.0900,0.9100,no
fe71f6c6-a60a-4ab9-8974-c4fa5642dd56,KXSECDEF-26DEC31-MW,2024-12-05T02:37:29.442865Z,1000.00,0.1000,0.9000,yes
13009c0b-3ea5-4ae7-9c38-e96cf4f20146,KXSECDEF-26DEC31-MW,2024-12-05T02:37:05.678563Z,25.00,0.0900,0.9100,yes
c746e786-c359-4af4-8307-e949fdc7a32c,KXSECDEF-26DEC31-MW,2024-12-05T02:27:51.009993Z,25.00,0.0800,0.9200,yes
f92369bf-3a44-48da-b8e6-55e1d6cca5d0,KXSECDEF-26DEC31-MW,2024-12-05T02:07:17.947673Z,300.00,0.0600,0.9400,yes
8d45ec8f-4bbc-49a1-93a7-0ab838854fed,KXSECDEF-26DEC31-MW,2024-12-05T02:07:17.947673Z,300.00,0.0600,0.9400,yes
4d286e90-e010-4da7-bac0-142b04657ddd,KXSECDEF-26DEC31-MW,2024-12-05T02:07:17.947673Z,300.00,0.0600,0.9400,yes
2c7ed1bc-f53b-40b3-acaa-49c8a1fe7fd0,KXSECDEF-26DEC31-MW,2024-12-05T02:07:17.947673Z,184.00,0.0600,0.9400,yes
b4acf613-0731-4854-b82a-9188354db676,KXSECDEF-26DEC31-MW,2024-12-05T02:05:21.888218Z,25.00,0.0600,0.9400,yes
f47b93e8-786e-4db5-894c-edb32982a425,KXSECDEF-26DEC31-MW,2024-12-05T02:02:08.067721Z,91.00,0.0600,0.9400,yes
55942495-d8d0-42ad-ae94-e6c9e178269b,KXSECDEF-26DEC31-MW,2024-12-05T02:02:08.067721Z,349.00,0.0600,0.9400,yes
80f14a36-1b1a-46c7-ae12-82ea43f9f289,KXSECDEF-26DEC31-MW,2024-12-05T01:30:33.961346Z,1.00,0.0600,0.9400,yes
9179a0d8-2888-4e9e-88a0-8f5834c1628a,KXSECDEF-26DEC31-MW,2024-12-05T01:13:17.366493Z,1.00,0.0300,0.9700,no
d38f3724-df4c-4fe7-96ce-3c0f32160112,KXSECDEF-26DEC31-MW,2024-12-05T01:11:56.812779Z,249.00,0.0400,0.9600,no
23a181ed-9265-47f3-a201-7d2fc47c054b,KXSECDEF-26DEC31-MW,2024-12-05T01:11:56.812779Z,751.00,0.0400,0.9600,no
f0f3e512-b7b0-432c-ae0e-5efb07487ae9,KXSECDEF-26DEC31-MW,2024-12-05T01:11:28.581919Z,1.00,0.0400,0.9600,no
0352dd45-084d-4ad8-93c1-e59eb3775447,KXSECDEF-26DEC31-MW,2024-12-05T01:10:42.265512Z,1.00,0.0800,0.9200,yes
2a39bab9-fada-4c9f-87d1-a7226fdbc66d,KXSECDEF-26DEC31-MW,2024-12-05T01:10:15.115031Z,731.00,0.0500,0.9500,no
0e0f2407-0637-478a-b9f9-30a91bffcc2c,KXSECDEF-26DEC31-MW,2024-12-05T01:10:15.115031Z,44.00,0.0500,0.9500,no
41c29bd2-f270-41c5-b9c4-bbf6afcbbc2e,KXSECDEF-26DEC31-MW,2024-12-05T01:10:00.870342Z,1.00,0.0500,0.9500,no
15eef7e0-7b62-4faa-83f5-9af4ddd8d1d8,KXSECDEF-26DEC31-MW,2024-12-05T01:10:00.870342Z,25.00,0.0600,0.9400,no
69fddfa3-024b-493e-831f-2f27f7efbfcb,KXSECDEF-26DEC31-MW,2024-12-05T01:03:25.354842Z,1.00,0.0800,0.9200,yes
d1851d0e-c446-4d4f-b2ce-8ea5a299d41e,KXSECDEF-26DEC31-MW,2024-12-05T01:02:55.413883Z,18.00,0.0700,0.9300,yes
8854cd19-148a-49b6-b61e-5847d2f10a6b,KXSECDEF-26DEC31-MW,2024-12-05T00:58:34.895346Z,5.00,0.0500,0.9500,no
a6e1ee6a-3f86-48b5-99f1-243d7c12d778,KXSECDEF-26DEC31-MW,2024-12-05T00:58:15.126089Z,270.00,0.0600,0.9400,yes
9f33ed08-1942-4293-aab7-eddedbeb6b5d,KXSECDEF-26DEC31-MW,2024-12-05T00:58:15.126089Z,137.00,0.0600,0.9400,yes
22b98bc7-01c7-4653-b00f-cb1f905daa15,KXSECDEF-26DEC31-MW,2024-12-05T00:51:51.908491Z,1.00,0.0600,0.9400,yes
f67269d7-b225-41c2-b283-3dbd7658f744,KXSECDEF-26DEC31-MW,2024-12-05T00:50:41.880121Z,25.00,0.0400,0.9600,no
ead22fae-12ce-4ef1-84a7-0e83e9162e46,KXSECDEF-26DEC31-MW,2024-12-05T00:50:41.880121Z,250.00,0.0400,0.9600,no
d3603ec8-bded-4c24-829a-98a7e291f12a,KXSECDEF-26DEC31-MW,2024-12-05T00:50:41.880121Z,25.00,0.0400,0.9600,no
74e7aa9b-1c48-4e03-853d-c6fc0754126d,KXSECDEF-26DEC31-MW,2024-12-05T00:50:41.880121Z,50.00,0.0500,0.9500,no
0288b48d-8667-43bc-9da7-b9030e8680e8,KXSECDEF-26DEC31-MW,2024-12-05T00:50:41.880121Z,1.00,0.0300,0.9700,no
2ce90371-089e-4b91-b5aa-9ad312c23747,KXSECDEF-26DEC31-MW,2024-12-05T00:50:21.179538Z,360.00,0.0600,0.9400,yes
c8c805c2-6810-4413-9683-fc5c452bce09,KXSECDEF-26DEC31-MW,2024-12-05T00:35:30.253155Z,19.00,0.0500,0.9500,no
b473fe6c-37d6-4846-bef5-a626948e4b1b,KXSECDEF-26DEC31-MW,2024-12-05T00:35:30.253155Z,200.00,0.0500,0.9500,no
6cd32391-49fd-4258-b6dc-4fcffc07bb5c,KXSECDEF-26DEC31-MW,2024-12-05T00:22:10.159876Z,1.00,0.0600,0.9400,yes
be13dacd-1456-4429-b070-d18c4c7a8ec7,KXSECDEF-26DEC31-MW,2024-12-05T00:17:03.397979Z,10.00,0.0600,0.9400,no
f14b0089-4788-420f-b6c4-f2487e2c5ff1,KXSECDEF-26DEC31-MW,2024-12-05T00:15:45.633659Z,7.00,0.0600,0.9400,no
0cdb9cbb-0828-4be7-8d3b-c21f13f00807,KXSECDEF-26DEC31-MW,2024-12-05T00:06:20.531684Z,33.00,0.0600,0.9400,no
00efb712-fdce-4d2d-bea2-86257cde1514,KXSECDEF-26DEC31-MW,2024-12-05T00:06:20.531684Z,8.00,0.0600,0.9400,no
ffdef263-12a5-476b-a5d0-1bc74735c8d7,KXSECDEF-26DEC31-MW,2024-12-05T00:03:45.616697Z,14.00,0.0600,0.9400,no
6702031f-596b-4eae-bef1-92c64884343f,KXSECDEF-26DEC31-MW,2024-12-05T00:03:45.616697Z,17.00,0.0600,0.9400,no
7f6e2a6d-774e-4558-9556-f7c6a6258b29,KXSECDEF-26DEC31-MW,2024-12-04T23:58:53.663883Z,2.00,0.0600,0.9400,no
40fecffe-8231-40f7-9551-924b64eec88c,KXSECDEF-26DEC31-MW,2024-12-04T23:43:27.782023Z,1.00,0.0700,0.9300,no
15acca98-1ae8-410a-a0d8-50d1fa6750a0,KXSECDEF-26DEC31-MW,2024-12-04T23:43:27.782023Z,32.00,0.0700,0.9300,no
a2ed2f36-ee76-4d38-ad96-2823dab57eb6,KXSECDEF-26DEC31-MW,2024-12-04T23:42:44.832938Z,1.00,0.1000,0.9000,yes
2e96f0ab-f395-498b-8087-35201ceea727,KXSECDEF-26DEC31-MW,2024-12-04T23:42:18.119368Z,1.00,0.0900,0.9100,yes
84b95421-78f9-4547-9b8a-49cfc9c12fb9,KXSECDEF-26DEC31-MW,2024-12-04T23:40:47.458689Z,1.00,0.0700,0.9300,no
154b5caa-edc7-442b-a67f-2847cba07b7d,KXSECDEF-26DEC31-MW,2024-12-04T23:38:47.315213Z,1.00,0.1000,0.9000,yes
72520c52-58fc-4e8a-a219-0202c30b674d,KXSECDEF-26DEC31-MW,2024-12-04T23:37:44.292387Z,10.00,0.0700,0.9300,no
45f04273-bf35-449c-9ff5-72c69394af3e,KXSECDEF-26DEC31-MW,2024-12-04T23:37:00.772138Z,1.00,0.0700,0.9300,no
908ee01f-8bf5-4a8b-bfeb-4a21594e3375,KXSECDEF-26DEC31-MW,2024-12-04T23:36:54.783943Z,10.00,0.1100,0.8900,yes
c4c5a53c-a198-4c26-958e-cb02d5e7dae2,KXSECDEF-26DEC31-MW,2024-12-04T23:36:43.71504Z,1.00,0.1100,0.8900,yes
6d41bf64-8fa8-444b-a687-13577c461888,KXSECDEF-26DEC31-MW,2024-12-04T23:36:02.648341Z,12.00,0.0800,0.9200,no
c72dada5-106d-46ef-b096-10ab9e925836,KXSECDEF-26DEC31-MW,2024-12-04T23:35:00.741318Z,1.00,0.0900,0.9100,no
5d692fd7-4682-42df-865a-e687f5cfdb5e,KXSECDEF-26DEC31-MW,2024-12-04T23:35:00.741318Z,10.00,0.0900,0.9100,no
25b2f061-4131-4632-b993-208a0a1d3b53,KXSECDEF-26DEC31-MW,2024-12-04T23:27:32.437571Z,1.00,0.1100,0.8900,yes
e7a76a13-279c-4f35-bb9e-9acbf341626c,KXSECDEF-26DEC31-MW,2024-12-04T23:26:34.857399Z,10.00,0.0900,0.9100,no
49666f5b-7f47-4b6a-be00-9657fbeac894,KXSECDEF-26DEC31-MW,2024-12-04T23:04:04.931674Z,194.00,0.1200,0.8800,yes
4689305f-210c-41eb-a8fe-ab1fceafb32a,KXSECDEF-26DEC31-MW,2024-12-04T23:04:04.931674Z,2.00,0.1100,0.8900,yes
bd159c68-ed6e-4c48-8d1e-5047e15d19a7,KXSECDEF-26DEC31-MW,2024-12-04T22:59:18.787589Z,1.00,0.1200,0.8800,yes
474d185e-2199-4cd9-8feb-6ac0a3138417,KXSECDEF-26DEC31-MW,2024-12-04T22:59:07.642Z,1.00,0.1000,0.9000,yes
f7e2b6a8-5c4d-4544-80b0-304e205438fc,KXSECDEF-26DEC31-MW,2024-12-04T22:58:27.469293Z,1.00,0.0500,0.9500,no
eefc6aaf-3bbc-48b3-99d5-5d4fe6875f1b,KXSECDEF-26DEC31-MW,2024-12-04T22:58:27.469293Z,7.00,0.0700,0.9300,no
aeb2ed38-d59b-410e-8fa9-7eae9be8b663,KXSECDEF-26DEC31-MW,2024-12-04T22:58:27.469293Z,8.00,0.0800,0.9200,no
a34314e2-4782-4c58-89eb-c7a2ab080397,KXSECDEF-26DEC31-MW,2024-12-04T22:58:27.469293Z,16.00,0.0600,0.9400,no
693bcb11-86cd-42a5-a3c4-ca196b713659,KXSECDEF-26DEC31-MW,2024-12-04T22:58:27.469293Z,2.00,0.0700,0.9300,no
cc9141f0-7334-4275-a5bb-69daabc61ef1,KXSECDEF-26DEC31-MW,2024-12-04T22:58:08.001185Z,10.00,0.1200,0.8800,yes
2eb6ac4a-3e88-40bb-878b-75626e88147f,KXSECDEF-26DEC31-MW,2024-12-04T22:57:40.513972Z,18.00,0.1200,0.8800,yes
4e151831-0d55-457c-ae0f-92bb1092332b,KXSECDEF-26DEC31-MW,2024-12-04T22:54:06.622011Z,85.00,0.1200,0.8800,yes
28ff7997-a7a2-48aa-a8b1-2fbd4a3af9ec,KXSECDEF-26DEC31-MW,2024-12-04T22:54:06.622011Z,15.00,0.1100,0.8900,yes
ba5dcd6e-1571-4f2b-a25c-6c768ec3289e,KXSECDEF-26DEC31-MW,2024-12-04T22:53:29.290379Z,1.00,0.0900,0.9100,yes
b8a0d6b7-ecda-421f-bfce-a4991783160f,KXSECDEF-26DEC31-MW,2024-12-04T22:53:29.290379Z,9.00,0.1000,0.9000,yes
b0064347-3885-4762-9e80-70837e5906c5,KXSECDEF-26DEC31-MW,2024-12-04T22:53:29.290379Z,253.00,0.0900,0.9100,yes
ab218f56-07e4-4341-9e97-70a8ef25377b,KXSECDEF-26DEC31-MW,2024-12-04T22:53:29.290379Z,40.00,0.1200,0.8800,yes
9152029e-4193-4724-ba4a-0da52e75102e,KXSECDEF-26DEC31-MW,2024-12-04T22:53:29.290379Z,10.00,0.1000,0.9000,yes
7c57a034-c244-4ff7-9679-f8aa86004bb4,KXSECDEF-26DEC31-MW,2024-12-04T22:53:29.290379Z,7.00,0.0900,0.9100,yes
942cbc5e-be2d-4f3a-b448-d12c261b7f4f,KXSECDEF-26DEC31-MW,2024-12-04T22:53:12.691396Z,1.00,0.0900,0.9100,yes
db241901-e59a-4216-9258-c49a9e369c8c,KXSECDEF-26DEC31-MW,2024-12-04T22:51:33.785709Z,1.00,0.0900,0.9100,yes
a95df922-4b2e-491c-b8c9-b3e77d016753,KXSECDEF-26DEC31-MW,2024-12-04T22:50:44.286915Z,5.00,0.0700,0.9300,no
e514ddec-bc43-4920-9221-b4e9b1bd1ac9,KXSECDEF-26DEC31-MW,2024-12-04T22:44:52.52662Z,1.00,0.0800,0.9200,yes
d1c65e09-92bc-44ae-9c7f-d216eb68fad9,KXSECDEF-26DEC31-MW,2024-12-04T22:44:52.52662Z,2500.00,0.0800,0.9200,yes
736f90ae-fd7e-4d54-a864-2f15ad1f8861,KXSECDEF-26DEC31-MW,2024-12-04T22:44:52.52662Z,1.00,0.0900,0.9100,yes
aba61908-19e0-4106-92b0-45e414de1d9c,KXSECDEF-26DEC31-MW,2024-12-04T22:41:06.931526Z,800.00,0.0700,0.9300,yes
8036f8b9-ef76-4160-9b46-173b95bf3755,KXSECDEF-26DEC31-MW,2024-12-04T22:41:06.931526Z,1.00,0.0700,0.9300,yes
7653a044-780b-4a05-9866-7a42e5c51781,KXSECDEF-26DEC31-MW,2024-12-04T22:41:06.931526Z,1499.00,0.0700,0.9300,yes
f0e4953c-63c9-4a12-819b-48ac836fbc84,KXSECDEF-26DEC31-MW,2024-12-04T22:37:53.303009Z,1.00,0.0700,0.9300,yes
379f7c99-501c-4099-8784-5c2abd8576e7,KXSECDEF-26DEC31-MW,2024-12-04T22:37:04.147812Z,272.00,0.0600,0.9400,yes
0ee6787e-f61b-4c9e-934a-952709582657,KXSECDEF-26DEC31-MW,2024-12-04T22:37:04.147812Z,1.00,0.0600,0.9400,yes
01d03210-ab6a-42d3-ba45-ea1b9227172d,KXSECDEF-26DEC31-MW,2024-12-04T22:37:04.147812Z,300.00,0.0600,0.9400,yes
3171261b-7dc7-4ad0-a202-d56db05527c1,KXSECDEF-26DEC31-MW,2024-12-04T22:07:50.532601Z,1.00,0.0600,0.9400,yes
0d614c07-18f1-4366-b4c9-9149b24ba7f5,KXSECDEF-26DEC31-MW,2024-12-04T21:58:34.576313Z,205.00,0.0400,0.9600,no
9c8d20a0-a320-4c6c-8a92-f46f313e32fb,KXSECDEF-26DEC31-MW,2024-12-04T21:50:06.66341Z,1.00,0.0600,0.9400,yes
62cf048f-883a-4c52-8ee1-d0d81c50c3b7,KXSECDEF-26DEC31-MW,2024-12-04T21:49:21.684274Z,20.00,0.0500,0.9500,no
fa9f36a6-4d17-4740-b78b-13504112b9a6,KXSECDEF-26DEC31-MW,2024-12-04T21:17:41.950721Z,17.00,0.0600,0.9400,yes
f9367d9c-e7f6-4e67-9180-09a19af13921,KXSECDEF-26DEC31-MW,2024-12-04T21:17:41.950721Z,100.00,0.0600,0.9400,yes
24ab0537-4f18-40b5-8eee-f37c47d76e76,KXSECDEF-26DEC31-MW,2024-12-04T21:17:41.950721Z,126.00,0.0600,0.9400,yes
2267ad14-6981-4d7a-8f74-08a747f2b035,KXSECDEF-26DEC31-MW,2024-12-04T21:17:39.210725Z,1.00,0.0600,0.9400,yes
1c3bdc4d-6dac-47ab-b9f9-e805ce5170a9,KXSECDEF-26DEC31-MW,2024-12-04T20:39:08.618733Z,15.00,0.0500,0.9500,no
42a2c8e5-10f0-4ec8-ad1a-6b5fb50ed728,KXSECDEF-26DEC31-MW,2024-12-04T20:39:07.944425Z,5.00,0.0500,0.9500,no
1b1fb95a-e383-4a92-98df-17495ea9ff97,KXSECDEF-26DEC31-MW,2024-12-04T20:39:07.944425Z,19.00,0.0500,0.9500,no
0a4634fb-2abb-4162-9123-95c0ef7e9316,KXSECDEF-26DEC31-MW,2024-12-04T20:33:10.211284Z,1.00,0.0500,0.9500,no
1fedeb02-bbdd-4ca9-9616-a5fb0d813c9f,KXSECDEF-26DEC31-MW,2024-12-04T19:48:21.248715Z,234.00,0.0600,0.9400,yes
1e5cce77-ef60-4b17-9460-d1c32021047d,KXSECDEF-26DEC31-MW,2024-12-04T19:48:01.99667Z,1.00,0.0600,0.9400,yes
25a4a1a9-2b82-4114-ad07-f6ae80e21d44,KXSECDEF-26DEC31-MW,2024-12-04T19:44:21.238963Z,450.00,0.0400,0.9600,yes
4d3a59e4-eea9-43b9-91ca-61a3ab1bdd58,KXSECDEF-26DEC31-MW,2024-12-04T19:43:44.109832Z,637.00,0.0300,0.9700,yes
96930f44-836a-4ec1-a3bc-e5aa41be83f2,KXSECDEF-26DEC31-MW,2024-12-04T19:40:30.186019Z,33.00,0.0300,0.9700,no
bd4d7010-0ffe-4a2d-99ea-9432a5dda769,KXSECDEF-26DEC31-MW,2024-12-04T19:32:31.842077Z,16.00,0.0200,0.9800,no
bcd7920d-0bcc-4cce-9751-5115d168faca,KXSECDEF-26DEC31-MW,2024-12-04T19:23:48.085286Z,6.00,0.0200,0.9800,no
928b0c8c-c8ff-405c-bc26-879d38ea03a3,KXSECDEF-26DEC31-MW,2024-12-04T19:23:46.535264Z,10.00,0.0500,0.9500,yes
3db9d3f0-c23f-4295-b276-1b316b8cf6b4,KXSECDEF-26DEC31-MW,2024-12-04T19:22:15.325779Z,300.00,0.0500,0.9500,no
1a0301f9-2b74-4602-ad64-19cd8970a56a,KXSECDEF-26DEC31-MW,2024-12-04T19:22:15.325779Z,20.00,0.0500,0.9500,no
1fdf2aa2-6e87-4840-b593-e7843c163889,KXSECDEF-26DEC31-MW,2024-12-04T18:47:54.888632Z,20.00,0.0500,0.9500,no
e9f975e3-9fb1-407a-bf2d-97eb0ca2843f,KXSECDEF-26DEC31-MW,2024-12-04T18:35:23.082088Z,25.00,0.0700,0.9300,no
e5a44d1e-7369-4c03-b203-549497856366,KXSECDEF-26DEC31-MW,2024-12-04T18:35:23.082088Z,50.00,0.0600,0.9400,no
b4bd22e3-21f6-4a1f-9f87-c079cb1e5cba,KXSECDEF-26DEC31-MW,2024-12-04T18:35:23.082088Z,25.00,0.0700,0.9300,no
79247ef5-811d-4e8f-92f1-369096a212e0,KXSECDEF-26DEC31-MW,2024-12-04T18:35:23.082088Z,25.00,0.0600,0.9400,no
46d2d8ee-0065-49e6-9210-d3f1bb3ffdee,KXSECDEF-26DEC31-MW,2024-12-04T18:35:23.082088Z,13.00,0.0700,0.9300,no
1f206386-153a-4af7-aa07-7fe18f42411f,KXSECDEF-26DEC31-MW,2024-12-04T18:35:23.082088Z,25.00,0.0600,0.9400,no
18d925ab-5f86-42b1-b38c-17124885be5e,KXSECDEF-26DEC31-MW,2024-12-04T18:35:23.082088Z,250.00,0.0500,0.9500,no
b8b202df-6aee-4e15-aff8-d9c0e464da8c,KXSECDEF-26DEC31-MW,2024-12-04T18:32:01.413595Z,12.00,0.0800,0.9200,no
b775927e-d127-4683-aeea-663cf833bc03,KXSECDEF-26DEC31-MW,2024-12-04T18:15:21.959128Z,1.00,0.0900,0.9100,yes
cb81718f-f313-4490-bc46-048c300fd77c,KXSECDEF-26DEC31-MW,2024-12-04T18:08:13.082304Z,11.00,0.0900,0.9100,yes
9855f67b-ba8a-4dc2-a541-d38ffb257ae9,KXSECDEF-26DEC31-MW,2024-12-04T18:08:13.082304Z,209.00,0.0900,0.9100,yes
f496ec55-0204-418e-8293-1980f9f7d2fd,KXSECDEF-26DEC31-MW,2024-12-04T17:39:36.909096Z,20.00,0.0600,0.9400,yes
885221aa-0867-4c68-b9c3-7f48e3d8d035,KXSECDEF-26DEC31-MW,2024-12-04T17:16:35.245995Z,8.00,0.0200,0.9800,no
5cc245cf-6a56-4136-a434-99c78730eaa5,KXSECDEF-26DEC31-MW,2024-12-04T17:15:17.515988Z,150.00,0.0400,0.9600,yes
43184098-27a1-4b6d-9d6c-d0e1a3759152,KXSECDEF-26DEC31-MW,2024-12-04T17:11:00.984317Z,25.00,0.0400,0.9600,no
395a0662-33fa-415c-8dce-972a712f16af,KXSECDEF-26DEC31-MW,2024-12-04T17:11:00.984317Z,1.00,0.0200,0.9800,no
ef8ac2ad-57a5-419c-b6b2-0c61d4f5ce77,KXSECDEF-26DEC31-MW,2024-12-04T17:06:54.483188Z,150.00,0.0700,0.9300,no
d48ead01-5c90-4078-b3ab-a70ae11d39ce,KXSECDEF-26DEC31-MW,2024-12-04T17:06:54.483188Z,500.00,0.0400,0.9600,no
892cd9a2-6264-4a29-bcb3-eb366048fb9c,KXSECDEF-26DEC31-MW,2024-12-04T17:06:54.483188Z,42.00,0.0300,0.9700,no
87c52f7b-f0f8-4c7f-9c75-ce23dec4ea58,KXSECDEF-26DEC31-MW,2024-12-04T17:06:54.483188Z,20.00,0.0500,0.9500,no
46d78777-fc4c-48c0-9d9f-24b0b979bde5,KXSECDEF-26DEC31-MW,2024-12-04T17:06:54.483188Z,400.00,0.0600,0.9400,no
22a588d7-632a-468e-bbd8-154f2d274760,KXSECDEF-26DEC31-MW,2024-12-04T17:06:54.483188Z,300.00,0.0800,0.9200,no
0e8d70e7-5ffa-410d-b54d-15bba8b937a9,KXSECDEF-26DEC31-MW,2024-12-04T16:58:58.395006Z,20.00,0.0500,0.9500,yes
dda0ddab-a365-447c-a05b-2c6eeca731ac,KXSECDEF-26DEC31-MW,2024-12-04T16:56:18.679847Z,123.00,0.0300,0.9700,no
b52fe23b-f927-4ce6-a4d6-dbafac475638,KXSECDEF-26DEC31-MW,2024-12-04T16:56:18.679847Z,33.00,0.0300,0.9700,no
142298a5-ff2a-4df6-a157-0872bfcad17e,KXSECDEF-26DEC31-MW,2024-12-04T16:56:18.679847Z,450.00,0.0300,0.9700,no
14042be8-359a-4efa-9d2f-5368a372fa55,KXSECDEF-26DEC31-MW,2024-12-04T16:56:18.679847Z,300.00,0.0400,0.9600,no
5f5e4501-3e98-4d90-a36a-cd879e296061,KXSECDEF-26DEC31-MW,2024-12-04T16:46:59.617727Z,914.00,0.1000,0.9000,no
68067170-7a0d-4885-8638-24f8e1ba1496,KXSECDEF-26DEC31-MW,2024-12-04T16:46:25.730199Z,25.00,0.1000,0.9000,no
bc883b4a-b3db-442d-90b4-aaa25fc4160d,KXSECDEF-26DEC31-MW,2024-12-04T16:43:19.571608Z,25.00,0.1000,0.9000,no
8fd76c90-5581-473e-aee1-51b654f691b6,KXSECDEF-26DEC31-MW,2024-12-04T16:39:32.612786Z,24.00,0.1000,0.9000,yes
813923f7-90a4-4771-ac1f-04efae780b70,KXSECDEF-26DEC31-MW,2024-12-04T16:39:32.612786Z,1.00,0.1000,0.9000,yes
3dfbffa3-0e60-4898-a447-fcda33ce6f5b,KXSECDEF-26DEC31-MW,2024-12-04T16:39:32.612786Z,11.00,0.0900,0.9100,yes
3f955c82-c1eb-4622-86ec-6d2b5c445931,KXSECDEF-26DEC31-MW,2024-12-04T16:21:49.853972Z,1.00,0.1000,0.9000,yes
158f9472-6f75-486e-a718-cab6b64e2058,KXSECDEF-26DEC31-MW,2024-12-04T16:17:04.664332Z,1.00,0.0400,0.9600,no
335f0979-1674-4866-8c0b-631cfb588ba1,KXSECDEF-26DEC31-MW,2024-12-04T16:15:14.389154Z,299.00,0.1100,0.8900,yes
9d0c6b1a-d2bc-4a9c-8fd0-298ea76065c5,KXSECDEF-26DEC31-MW,2024-12-04T16:14:21.810102Z,1.00,0.0400,0.9600,no
f49cbef8-1a9d-4e4f-9b4d-0861a983b8f0,KXSECDEF-26DEC31-MW,2024-12-04T16:13:45.154524Z,399.00,0.0900,0.9100,yes
cff1a229-b922-455c-87f5-1f54850d0de0,KXSECDEF-26DEC31-MW,2024-12-04T16:13:45.154524Z,2194.00,0.1000,0.9000,yes
7e6d903a-e4f9-44c5-ab80-80c88c08a19e,KXSECDEF-26DEC31-MW,2024-12-04T16:13:45.154524Z,400.00,0.1000,0.9000,yes
71f468c9-0168-4adf-ae3e-e0abf26fcd75,KXSECDEF-26DEC31-MW,2024-12-04T16:13:45.154524Z,25.00,0.0900,0.9100,yes
2fe36544-0227-44f7-9a3c-98b8968cb466,KXSECDEF-26DEC31-MW,2024-12-04T16:13:45.154524Z,333.00,0.0900,0.9100,yes
06acc918-8ef6-43bd-8749-4c2c749321f0,KXSECDEF-26DEC31-MW,2024-12-04T16:13:45.154524Z,300.00,0.0800,0.9200,yes
f48da633-a309-4b3a-bef4-fbabc8f09e18,KXSECDEF-26DEC31-MW,2024-12-04T16:13:26.002501Z,100.00,0.0700,0.9300,yes
92f57d1f-e594-4382-8118-6408794c2dea,KXSECDEF-26DEC31-MW,2024-12-04T16:04:43.571159Z,94.00,0.0400,0.9600,no
b4d90a8e-6e2e-473d-ba9a-68130fa0acd3,KXSECDEF-26DEC31-MW,2024-12-04T15:55:19.115493Z,25.00,0.0800,0.9200,yes
6d73e82d-1a50-4f1b-a8c7-cb9f39dc67fb,KXSECDEF-26DEC31-MW,2024-12-04T15:55:19.115493Z,1.00,0.0900,0.9100,yes
fadadead-621d-45d1-8b90-c02419a9884f,KXSECDEF-26DEC31-MW,2024-12-04T15:52:58.747711Z,13.00,0.0500,0.9500,no
1b127de3-1012-43c4-aa9a-f0b6fc526869,KXSECDEF-26DEC31-MW,2024-12-04T15:51:36.220591Z,10.00,0.0500,0.9500,no
ab41602d-0f0d-4302-b448-4c210baa2233,KXSECDEF-26DEC31-MW,2024-12-04T15:47:26.359981Z,100.00,0.0700,0.9300,yes
a7e52480-48d7-4f07-b1a6-4e0985de4579,KXSECDEF-26DEC31-MW,2024-12-04T15:47:26.359981Z,300.00,0.0800,0.9200,yes
9c652681-a0d7-4878-9e4e-0112098aa7d9,KXSECDEF-26DEC31-MW,2024-12-04T15:47:26.359981Z,200.00,0.0800,0.9200,yes
223340f6-d9ad-4e9a-b299-05f58bd9e26a,KXSECDEF-26DEC31-MW,2024-12-04T15:36:23.919426Z,100.00,0.0600,0.9400,yes
5081ff6f-f2d2-4336-be67-b2f225d2d7a2,KXSECDEF-26DEC31-MW,2024-12-04T15:35:01.151346Z,27.00,0.0500,0.9500,yes
a8d0bb9b-5457-4b27-9f2f-f3633b2c257a,KXSECDEF-26DEC31-MW,2024-12-04T15:31:51.563255Z,20.00,0.0500,0.9500,yes
d341df9a-4a4c-4e10-998a-15c8203ef65f,KXSECDEF-26DEC31-MW,2024-12-04T15:28:02.308252Z,3.00,0.0400,0.9600,no
4615444c-53ae-40af-a50e-db05ceaa4d67,KXSECDEF-26DEC31-MW,2024-12-04T15:27:37.525894Z,7.00,0.0400,0.9600,no
353c1f15-33e1-413c-9646-6c7f27458657,KXSECDEF-26DEC31-MW,2024-12-04T15:17:04.88331Z,1.00,0.0400,0.9600,no
e67ceec6-0a22-4115-b319-ec9a834a386f,KXSECDEF-26DEC31-MW,2024-12-04T15:10:26.326474Z,100.00,0.0600,0.9400,yes
e19aa511-d97a-496c-a996-ae0ccff07fd2,KXSECDEF-26DEC31-MW,2024-12-04T15:10:26.326474Z,256.00,0.0700,0.9300,yes
dac8f85c-51c6-4a9f-a90e-74be7a508a02,KXSECDEF-26DEC31-MW,2024-12-04T15:10:26.326474Z,25.00,0.0500,0.9500,yes
c06a5d68-5f53-45b3-aaab-2ec3c425e666,KXSECDEF-26DEC31-MW,2024-12-04T15:10:26.326474Z,100.00,0.0700,0.9300,yes
966888d2-c5be-463d-9c51-b41bb2488a7a,KXSECDEF-26DEC31-MW,2024-12-04T15:10:26.326474Z,100.00,0.0500,0.9500,yes
3a5c2d30-6078-42e8-b7e9-6b7247e03f8b,KXSECDEF-26DEC31-MW,2024-12-04T15:10:26.326474Z,300.00,0.0500,0.9500,yes
10b7a8de-99d9-4e03-8eae-5cb60cd0bc78,KXSECDEF-26DEC31-MW,2024-12-04T15:10:26.326474Z,25.00,0.0500,0.9500,yes
53b33c36-cda4-4d36-bf1e-be26b535b282,KXSECDEF-26DEC31-MW,2024-12-04T14:58:16.448888Z,20.00,0.0400,0.9600,no
3c5bc023-f855-4834-bfd1-2af324ef81dc,KXSECDEF-26DEC31-MW,2024-12-04T14:54:48.93902Z,68.00,0.0400,0.9600,no
1ae4c591-2c6b-4ad3-9f96-91dabc9d1be8,KXSECDEF-26DEC31-MW,2024-12-04T14:54:32.424057Z,2.00,0.0400,0.9600,no
d597f319-8c02-4157-8264-2498f7282396,KXSECDEF-26DEC31-MW,2024-12-04T14:54:15.614557Z,10.00,0.0400,0.9600,no
616b2f69-941e-4cd9-ad6d-c79115cc4509,KXSECDEF-26DEC31-MW,2024-12-04T14:53:33.05894Z,100.00,0.0400,0.9600,no
42d0bbc7-0285-411f-a2ed-d3a91cfbbf73,KXSECDEF-26DEC31-MW,2024-12-04T14:50:16.559229Z,1.00,0.0400,0.9600,no
0d0567d7-bbb8-4d81-b12f-f594514a6f82,KXSECDEF-26DEC31-MW,2024-12-04T14:50:16.452609Z,6.00,0.0400,0.9600,no
5626cbfa-eed4-4354-b957-ed8fab83625b,KXSECDEF-26DEC31-MW,2024-12-04T14:50:16.409054Z,93.00,0.0400,0.9600,no
c2718665-f30f-402b-91e9-5483f449caa1,KXSECDEF-26DEC31-MW,2024-12-04T14:49:46.729916Z,8.00,0.0400,0.9600,no
ffaec2c4-2b29-47c6-aa36-1311120ddfac,KXSECDEF-26DEC31-MW,2024-12-04T14:49:46.209599Z,1.00,0.0400,0.9600,no
d3dd9be7-6251-43ba-b58c-424830781c9c,KXSECDEF-26DEC31-MW,2024-12-04T14:49:44.059627Z,13.00,0.0400,0.9600,no
582a668d-c043-4ae2-9db8-9244627b23c0,KXSECDEF-26DEC31-MW,2024-12-04T14:49:36.348563Z,28.00,0.0400,0.9600,no
9a8dfefe-bb39-4438-b5ed-fd51b33e3c69,KXSECDEF-26DEC31-MW,2024-12-04T14:49:22.576879Z,241.00,0.0400,0.9600,no
070c4de0-ac0d-4861-b886-7dc48368901b,KXSECDEF-26DEC31-MW,2024-12-04T14:49:21.894415Z,18.00,0.0400,0.9600,no
8ba68baa-d554-405b-8c71-6641cb912726,KXSECDEF-26DEC31-MW,2024-12-04T14:47:42.375677Z,9.00,0.0400,0.9600,no
e82772c8-0c31-4021-a8c2-868a4a7dccb9,KXSECDEF-26DEC31-MW,2024-12-04T14:47:33.117863Z,9.00,0.0400,0.9600,no
8801186a-a7ab-46f1-a076-36553234f443,KXSECDEF-26DEC31-MW,2024-12-04T14:40:54.149971Z,15.00,0.0300,0.9700,no
be10d677-f4dd-4c28-93b0-52429881f18d,KXSECDEF-26DEC31-MW,2024-12-04T14:35:23.362Z,10.00,0.0300,0.9700,no
1656d8ca-f4f1-4045-b690-277544fe8dff,KXSECDEF-26DEC31-MW,2024-12-04T14:34:56.146464Z,20.00,0.0300,0.9700,no
397ac6c2-6ed5-4167-8df0-e7874dfaf146,KXSECDEF-26DEC31-MW,2024-12-04T14:34:46.535619Z,5.00,0.0300,0.9700,no
fc5ec7dc-480a-4543-9ec7-1260a7d8257b,KXSECDEF-26DEC31-MW,2024-12-04T14:02:22.209415Z,8901.00,0.0400,0.9600,yes
93af6c37-4155-42bb-8a66-e25e269f07d4,KXSECDEF-26DEC31-MW,2024-12-04T14:02:22.209415Z,50.00,0.0400,0.9600,yes
70802cef-759f-4aa8-8b73-300c86d7e251,KXSECDEF-26DEC31-MW,2024-12-04T14:02:22.209415Z,1000.00,0.0300,0.9700,yes
0abf42b6-7227-43a6-aeeb-a7c312defbd6,KXSECDEF-26DEC31-MW,2024-12-04T14:02:22.209415Z,3169.00,0.0300,0.9700,yes
8e620095-e3de-4d5c-82b0-9b2e6ee4df3c,KXSECDEF-26DEC31-MW,2024-12-04T13:43:04.633303Z,33.00,0.0300,0.9700,no
bb74740e-671b-45c1-9a28-2361f3a37b74,KXSECDEF-26DEC31-MW,2024-12-04T13:06:22.198746Z,1098.00,0.0400,0.9600,yes
41f82ebe-82b8-4f25-bd17-d7fe71e83131,KXSECDEF-26DEC31-MW,2024-12-04T13:06:22.198746Z,500.00,0.0300,0.9700,yes
3ec01e11-4379-49f4-bf1e-56b114933f82,KXSECDEF-26DEC31-MW,2024-12-04T13:06:22.198746Z,25.00,0.0400,0.9600,yes
f8e8ce03-6715-4ba1-b26d-66b02d03fa82,KXSECDEF-26DEC31-MW,2024-12-04T07:17:24.810911Z,25.00,0.0200,0.9800,no
0d544090-7e49-42df-87c8-4bd694f313ec,KXSECDEF-26DEC31-MW,2024-12-04T07:04:20.328891Z,25.00,0.0200,0.9800,no
36ce451f-2a51-4bd0-be52-1afccaee70a1,KXSECDEF-26DEC31-MW,2024-12-04T06:56:07.199869Z,78.00,0.0200,0.9800,no
a3c2c463-341a-4531-83b2-7a9b8b52500f,KXSECDEF-26DEC31-MW,2024-12-04T05:50:57.28287Z,55.00,0.0200,0.9800,no
37a767cb-cf82-4a77-8799-863292f42d77,KXSECDEF-26DEC31-MW,2024-12-04T05:50:34.659203Z,100.00,0.0300,0.9700,yes
08cca835-1e80-486f-8eaf-9ba312a2878e,KXSECDEF-26DEC31-MW,2024-12-04T05:43:54.642396Z,100.00,0.0200,0.9800,no
ce620ff1-7fcd-4ba6-ae30-450360538387,KXSECDEF-26DEC31-MW,2024-12-04T05:41:54.704585Z,100.00,0.0200,0.9800,no
aa011192-8bd3-469a-bc06-99b1a0d9185c,KXSECDEF-26DEC31-MW,2024-12-04T05:41:09.549937Z,42.00,0.0200,0.9800,no
ad401bb3-d78d-435a-add9-223629de2df8,KXSECDEF-26DEC31-MW,2024-12-04T05:25:29.717417Z,100.00,0.0200,0.9800,no
e80f36d9-53bc-4773-8e69-132f4d8494b4,KXSECDEF-26DEC31-MW,2024-12-04T05:25:12.142877Z,100.00,0.0200,0.9800,no
28c25aa7-6116-4c9e-8e83-36e73737985e,KXSECDEF-26DEC31-MW,2024-12-04T05:24:54.570271Z,100.00,0.0200,0.9800,no
e81ef83c-9550-485b-b1d0-6f763e2a014f,KXSECDEF-26DEC31-MW,2024-12-04T05:19:10.017009Z,100.00,0.0200,0.9800,no
01a4da44-f1b5-46ef-b13d-c379dfaa21d7,KXSECDEF-26DEC31-MW,2024-12-04T05:18:52.513487Z,100.00,0.0200,0.9800,no
3184fa76-53d6-46c0-910f-f3841b455476,KXSECDEF-26DEC31-MW,2024-12-04T05:14:53.402299Z,100.00,0.0200,0.9800,no
458fc95c-de6e-459c-a72b-6979f8fd2ebf,KXSECDEF-26DEC31-MW,2024-12-04T04:52:31.553853Z,155.00,0.0300,0.9700,yes
952421f3-db28-473c-ab19-0b486c90c86b,KXSECDEF-26DEC31-MW,2024-12-04T04:51:38.828337Z,7.00,0.0200,0.9800,no
6969fcb9-3bb9-49a0-9974-d866651a6478,KXSECDEF-26DEC31-MW,2024-12-04T04:51:21.525429Z,11.00,0.0200,0.9800,no
baa7be6e-60e6-4b16-b05f-5d6abaff2a2e,KXSECDEF-26DEC31-MW,2024-12-04T04:46:28.225077Z,550.00,0.0300,0.9700,yes
16592b3c-12c4-4470-8ee4-7629696a934e,KXSECDEF-26DEC31-MW,2024-12-04T04:44:45.679161Z,98.00,0.0200,0.9800,no
3f11158d-2e6f-421e-9be0-6a881584b4fb,KXSECDEF-26DEC31-MW,2024-12-04T04:40:08.06168Z,1.00,0.0400,0.9600,yes
25add664-89e1-4894-8b92-160bd5b4ef29,KXSECDEF-26DEC31-MW,2024-12-04T04:39:45.388122Z,25.00,0.0300,0.9700,no
4ba030d7-e147-4dfc-8167-76469722c275,KXSECDEF-26DEC31-MW,2024-12-04T04:39:28.123529Z,100.00,0.0200,0.9800,no
67890b17-c7be-47c6-a8dd-590b6b2b071e,KXSECDEF-26DEC31-MW,2024-12-04T04:39:09.803058Z,100.00,0.0200,0.9800,no
81a78d25-4d9b-4625-bdfd-ed96273deafa,KXSECDEF-26DEC31-MW,2024-12-04T04:38:27.001758Z,25.00,0.0200,0.9800,no
6d1e650e-5441-4fc5-8266-e5da36f10bc3,KXSECDEF-26DEC31-MW,2024-12-04T04:37:18.177277Z,74.00,0.0300,0.9700,no
bc601a82-93c2-4933-bf19-89f10ee42e2a,KXSECDEF-26DEC31-MW,2024-12-04T04:36:36.117057Z,4.00,0.0200,0.9800,no
92a28cf8-d8cd-41c6-b8d6-fac431a75fe4,KXSECDEF-26DEC31-MW,2024-12-04T04:36:36.117057Z,41.00,0.0200,0.9800,no
a7e9ae96-1f4a-4c68-ab20-4943693b1ebe,KXSECDEF-26DEC31-MW,2024-12-04T04:35:19.904506Z,1204.00,0.0300,0.9700,yes
f144c1f8-dd00-453f-83d2-5ae8a3f98148,KXSECDEF-26DEC31-MW,2024-12-04T04:32:43.554355Z,55.00,0.0300,0.9700,no
363cb760-89dc-43e2-b115-fbba90464453,KXSECDEF-26DEC31-MW,2024-12-04T04:32:43.554355Z,33.00,0.0300,0.9700,no
f496e11e-2344-4928-8d66-c669b22f9606,KXSECDEF-26DEC31-MW,2024-12-04T04:29:42.74269Z,117.00,0.0400,0.9600,yes
d4a30b3b-cb2c-48d1-8b23-0fcf98dbe07b,KXSECDEF-26DEC31-MW,2024-12-04T04:24:10.975486Z,500.00,0.0400,0.9600,yes
996d3695-37eb-479e-9902-07d312f0efbd,KXSECDEF-26DEC31-MW,2024-12-04T04:19:28.901985Z,6.00,0.0300,0.9700,no
efffe6e9-96f9-480d-8aae-43bc72d50a9b,KXSECDEF-26DEC31-MW,2024-12-04T04:07:02.309524Z,24.00,0.0300,0.9700,no
3cb72663-8791-47d2-96a2-87ef5e7bb415,KXSECDEF-26DEC31-MW,2024-12-04T04:06:45.215724Z,3.00,0.0300,0.9700,no
b0da6dfa-f5df-4b73-8418-c693323e67a9,KXSECDEF-26DEC31-MW,2024-12-04T04:02:18.767802Z,1980.00,0.0300,0.9700,no
31c73723-11eb-44e1-90a0-6be46456c8ba,KXSECDEF-26DEC31-MW,2024-12-04T04:02:18.767802Z,500.00,0.0300,0.9700,no
f911a95a-074e-4ced-8550-ffcb16c190d8,KXSECDEF-26DEC31-MW,2024-12-04T04:01:54.281455Z,8.00,0.0300,0.9700,no
3674bf54-18a1-44ca-851a-21f1f6d17f30,KXSECDEF-26DEC31-MW,2024-12-04T04:00:44.166062Z,6.00,0.0300,0.9700,no
e1351295-8e5b-4860-a2a0-36bddce4bc9f,KXSECDEF-26DEC31-MW,2024-12-04T03:59:00.162939Z,2.00,0.0500,0.9500,yes
ea35e512-bcc3-4e0d-a888-5d9820ade0dc,KXSECDEF-26DEC31-MW,2024-12-04T03:48:06.880363Z,1.00,0.0300,0.9700,no
ffa0a6de-c101-428f-bd87-03324e7a70c4,KXSECDEF-26DEC31-MW,2024-12-04T03:44:39.495264Z,100.00,0.0400,0.9600,yes
a1a67c54-e570-4d0d-9ca7-025059eae6b0,KXSECDEF-26DEC31-MW,2024-12-04T03:41:05.030026Z,469.00,0.0300,0.9700,no
2218dae3-d37a-4f52-93f4-f10fa6e39b89,KXSECDEF-26DEC31-MW,2024-12-04T03:41:05.030026Z,906.00,0.0300,0.9700,no
19bc5fdb-f0b6-446d-8f29-7e51f9fad134,KXSECDEF-26DEC31-MW,2024-12-04T03:41:05.030026Z,25.00,0.0400,0.9600,no
fb76087c-538d-49ed-820c-92b515ddf27c,KXSECDEF-26DEC31-MW,2024-12-04T03:28:33.124454Z,40.00,0.0500,0.9500,no
a1878888-9bd3-43f7-9c6e-edb35ae1e6e3,KXSECDEF-26DEC31-MW,2024-12-04T03:28:33.124454Z,40.00,0.0500,0.9500,no
3010da40-6f2d-4684-b46d-9892b0e41a99,KXSECDEF-26DEC31-MW,2024-12-04T03:28:33.124454Z,40.00,0.0500,0.9500,no
230679ff-8abc-4e00-be73-ebb3d000c0af,KXSECDEF-26DEC31-MW,2024-12-04T03:28:33.124454Z,20.00,0.0500,0.9500,no
80f3bfa9-9bc1-449a-b175-fd6c16fc1674,KXSECDEF-26DEC31-MW,2024-12-04T03:08:56.417101Z,152.00,0.0600,0.9400,yes
5e0c4fcf-c93c-4375-bb2e-83ad7007d49a,KXSECDEF-26DEC31-MW,2024-12-04T03:08:56.417101Z,276.00,0.0600,0.9400,yes
bf409747-a67f-42c0-8cf1-4ccb5d85cffe,KXSECDEF-26DEC31-MW,2024-12-04T03:07:30.8032Z,24.00,0.0600,0.9400,no
7778b02a-bf61-41e7-9d52-4e73f9824713,KXSECDEF-26DEC31-MW,2024-12-04T03:07:30.8032Z,200.00,0.0600,0.9400,no
9337c424-2fd5-43fb-a8a6-8d3f3f3aff98,KXSECDEF-26DEC31-MW,2024-12-04T03:06:36.11606Z,2.00,0.0600,0.9400,no
e945ce00-2ddf-4862-b07f-9310d3fc0036,KXSECDEF-26DEC31-MW,2024-12-04T02:27:22.364954Z,104.00,0.0900,0.9100,yes
0144a44f-9f80-471f-a6c5-fd1b5d0e5bda,KXSECDEF-26DEC31-MW,2024-12-04T01:52:53.503804Z,2.00,0.0600,0.9400,no
a41f96fe-33eb-4aee-91fa-26cff5df9874,KXSECDEF-26DEC31-MW,2024-12-04T01:33:43.417429Z,1.00,0.1100,0.8900,yes
7b90490d-f16c-4331-a476-96b4d3f453b1,KXSECDEF-26DEC31-MW,2024-12-04T01:30:30.649638Z,23.00,0.0500,0.9500,no
8631f07d-b240-4b7e-8f94-45c146f49d85,KXSECDEF-26DEC31-MW,2024-12-04T01:30:05.648144Z,25.00,0.0500,0.9500,no
fef17884-b3ab-4713-8c54-c68732fd777f,KXSECDEF-26DEC31-MW,2024-12-04T01:23:55.26939Z,10.00,0.1000,0.9000,no
acab6f15-b56f-47f6-a474-2bfe88d2f563,KXSECDEF-26DEC31-MW,2024-12-04T01:23:55.26939Z,10.00,0.1000,0.9000,no
2c0cedfe-9199-4912-8751-3aea30353fd3,KXSECDEF-26DEC31-MW,2024-12-04T01:23:55.26939Z,15.00,0.0300,0.9700,no
378c18bb-5b08-4e6e-8773-a393d77459b5,KXSECDEF-26DEC31-MW,2024-12-04T01:23:55.216127Z,15.00,0.1000,0.9000,no
a722632e-eb33-40b4-b099-c059bb762efd,KXSECDEF-26DEC31-MW,2024-12-04T01:18:37.22552Z,5.00,0.1000,0.9000,no
ae4a3790-141a-4b20-8241-8fcb641541cf,KXSECDEF-26DEC31-MW,2024-12-04T01:11:10.177049Z,455.00,0.1200,0.8800,yes
30cd2fdb-77fe-4912-af12-867cbd2fa292,KXSECDEF-26DEC31-MW,2024-12-04T01:11:10.177049Z,544.00,0.1200,0.8800,yes
e8e19cee-c2bf-4e81-9af6-a1386d2c8555,KXSECDEF-26DEC31-MW,2024-12-03T23:39:33.74365Z,37.00,0.1500,0.8500,yes
c7438839-83cf-403c-83a5-1e267c52b5c2,KXSECDEF-26DEC31-MW,2024-12-03T23:39:33.74365Z,1.00,0.1500,0.8500,yes
1348faf9-7295-4fc0-bfe5-18eadaf48c63,KXSECDEF-26DEC31-MW,2024-12-03T23:39:33.74365Z,24.00,0.1500,0.8500,yes
2f9c94af-d043-4f18-acf3-250822375846,KXSECDEF-26DEC31-MW,2024-12-03T23:37:31.195062Z,1.00,0.0800,0.9200,no
0dd88d6e-7596-4cc7-bf24-f44422dceb83,KXSECDEF-26DEC31-MW,2024-12-03T23:37:26.673834Z,1.00,0.1500,0.8500,yes
0ec8ed3a-1ead-4315-9617-bc718a2173e3,KXSECDEF-26DEC31-MW,2024-12-03T23:29:09.242975Z,10.00,0.0900,0.9100,yes
8022fde0-34ab-41cf-9954-06bbae64160d,KXSECDEF-26DEC31-MW,2024-12-03T23:27:18.744018Z,20.00,0.0900,0.9100,yes
0f09f0ff-15c5-4a8a-94e7-07c02794aeae,KXSECDEF-26DEC31-MW,2024-12-03T23:23:34.632779Z,307.00,0.0600,0.9400,yes
0e0c5943-ec09-47d2-abd0-e915e3114134,KXSECDEF-26DEC31-MW,2024-12-03T23:23:34.632779Z,2190.00,0.0700,0.9300,yes
cf1c2b43-8620-47d7-8e0c-81376bb922c8,KXSECDEF-26DEC31-MW,2024-12-03T23:23:07.744498Z,100.00,0.0500,0.9500,yes
3f692893-148a-4313-83e0-b3c2ca70d85c,KXSECDEF-26DEC31-MW,2024-12-03T23:23:07.744498Z,100.00,0.0500,0.9500,yes
c0e91575-9af2-4cf1-977b-daf1c7de12fc,KXSECDEF-26DEC31-MW,2024-12-03T23:07:49.558592Z,64.00,0.0400,0.9600,yes
97743f69-9108-4c24-98d7-041fad45801f,KXSECDEF-26DEC31-MW,2024-12-03T22:55:28.600479Z,36.00,0.0400,0.9600,yes
3efe92ea-436c-410b-9755-7944421d667e,KXSECDEF-26DEC31-MW,2024-12-03T22:55:28.600479Z,200.00,0.0400,0.9600,yes
a114c572-5a5b-4281-929d-144735b610b3,KXSECDEF-26DEC31-MW,2024-12-03T22:29:00.808928Z,300.00,0.0400,0.9600,no
84f19271-d47b-45a0-8671-828d732f162a,KXSECDEF-26DEC31-MW,2024-12-03T22:10:16.933661Z,250.00,0.0400,0.9600,no
e969e6d8-8871-4fc4-a673-6a322bb9f54f,KXSECDEF-26DEC31-MW,2024-12-03T20:01:49.041098Z,100.00,0.0400,0.9600,no
b6ca6dc5-230d-4b1e-b633-eadbc8e82669,KXSECDEF-26DEC31-MW,2024-12-03T19:49:52.945599Z,50.00,0.0600,0.9400,yes
af2b8d49-fb22-4724-9dce-303c92379229,KXSECDEF-26DEC31-MW,2024-12-03T19:49:52.945599Z,268.00,0.0600,0.9400,yes
7fbbc1f9-2a18-4a11-945e-0e39ccd2fb86,KXSECDEF-26DEC31-MW,2024-12-03T19:49:52.945599Z,6.00,0.0600,0.9400,yes
2bc78506-cffc-48fb-b2b2-00036194ddcb,KXSECDEF-26DEC31-MW,2024-12-03T19:49:52.945599Z,66.00,0.0600,0.9400,yes
9078e55f-32d0-4190-b10c-32a94e35707f,KXSECDEF-26DEC31-MW,2024-12-03T18:42:59.534215Z,78.00,0.0600,0.9400,yes
7255d9e2-459a-4510-baf8-f3cdbb386e39,KXSECDEF-26DEC31-MW,2024-12-03T14:08:49.068101Z,40.00,0.0500,0.9500,no
5659ccdb-92f1-4331-8f66-5e069aff0ae4,KXSECDEF-26DEC31-MW,2024-12-03T14:08:49.068101Z,1.00,0.0400,0.9600,no
1900361d-eb01-45ee-89e0-95fc4c3702c8,KXSECDEF-26DEC31-MW,2024-12-03T14:08:49.068101Z,115.00,0.0300,0.9700,no
8a021546-328f-4025-a853-96838ceea167,KXSECDEF-26DEC31-MW,2024-12-03T13:14:19.720933Z,20.00,0.0500,0.9500,no
0a138b1b-ad82-4be6-932b-1f60f4bad803,KXSECDEF-26DEC31-MW,2024-12-03T06:17:13.494804Z,15.00,0.0600,0.9400,yes
feace790-a350-435b-a3f7-e201e93fda36,KXSECDEF-26DEC31-MW,2024-12-03T04:48:28.470436Z,79.00,0.0600,0.9400,yes
eb7bbb24-6287-4d43-a169-8c78eec50bd6,KXSECDEF-26DEC31-MW,2024-12-03T04:48:28.470436Z,281.00,0.0600,0.9400,yes
da8252f5-14a4-4d7b-b945-e6d2b1b2fe11,KXSECDEF-26DEC31-MW,2024-12-03T04:48:28.470436Z,409.00,0.0600,0.9400,yes
1fed2a69-ca43-484c-9401-99ee75bb41a4,KXSECDEF-26DEC31-MW,2024-12-03T04:48:28.470436Z,12.00,0.0600,0.9400,yes
64ac9db1-dcb3-4ffb-9ad4-4d9810d8696b,KXSECDEF-26DEC31-MW,2024-12-03T01:10:46.307243Z,112.00,0.0600,0.9400,yes
1ca07ca0-5ddb-4c6b-b3bc-9c83b4a80ea5,KXSECDEF-26DEC31-MW,2024-12-03T01:10:46.307243Z,100.00,0.0500,0.9500,yes
51f3025f-ea32-4b71-9b2e-7958c587a28f,KXSECDEF-26DEC31-MW,2024-12-03T00:41:03.051882Z,250.00,0.0600,0.9400,yes
4d484290-02f5-4cba-9983-ba8ae127f28e,KXSECDEF-26DEC31-MW,2024-12-02T22:23:33.449403Z,300.00,0.0500,0.9500,no
308ff965-0451-4575-ba30-f393215c21a5,KXSECDEF-26DEC31-MW,2024-12-02T18:17:04.849476Z,1.00,0.0300,0.9700,no
3d80bad7-0f7a-4032-98d6-5e23ef74a63e,KXSECDEF-26DEC31-MW,2024-12-02T18:16:58.036079Z,1.00,0.0500,0.9500,yes
4c40e6c0-fee1-477d-ad61-a399ad38ec18,KXSECDEF-26DEC31-MW,2024-12-02T17:13:13.681837Z,5.00,0.0400,0.9600,no
26244c50-5a8b-4b3d-b4bd-832ea0debad5,KXSECDEF-26DEC31-MW,2024-12-02T17:00:04.576278Z,1.00,0.0500,0.9500,yes
633ca744-6624-4cdd-84bd-b8b2be8e5912,KXSECDEF-26DEC31-MW,2024-12-02T16:16:36.165438Z,27.00,0.0500,0.9500,yes
29850b4c-d214-4c3d-b460-1ae7ff43915e,KXSECDEF-26DEC31-MW,2024-12-02T15:14:03.95306Z,5.00,0.0300,0.9700,no
cda534f2-9f92-4d8e-b8a2-4fcae24d4c6a,KXSECDEF-26DEC31-MW,2024-12-02T14:33:03.60812Z,100.00,0.0700,0.9300,yes
36dc8b9a-48cc-4c3b-84c7-c6873f88773a,KXSECDEF-26DEC31-MW,2024-12-02T14:32:27.04381Z,100.00,0.0700,0.9300,yes
d59b9ef0-6d95-4102-b9a9-8d958ee41c44,KXSECDEF-26DEC31-MW,2024-12-02T14:31:18.932066Z,4.00,0.0600,0.9400,yes
a5d01761-ad5c-4008-8fe2-1a5c0f2d4f85,KXSECDEF-26DEC31-MW,2024-12-02T14:31:18.932066Z,1000.00,0.0600,0.9400,yes
6b72004c-9cee-442b-acee-fd13a6d84ab7,KXSECDEF-26DEC31-MW,2024-12-02T14:31:18.932066Z,16.00,0.0600,0.9400,yes
489d89dd-6a6e-472b-adc0-c8d63b037cbb,KXSECDEF-26DEC31-MW,2024-12-02T14:31:18.932066Z,55.00,0.0600,0.9400,yes
3481e435-5838-442e-be14-5a5e37d1e62d,KXSECDEF-26DEC31-MW,2024-12-02T13:52:14.033197Z,11.00,0.0400,0.9600,yes
a5bbc0d1-4ce7-4417-8ccb-a7d3604eb6e0,KXSECDEF-26DEC31-MW,2024-12-02T13:44:31.826734Z,150.00,0.0300,0.9700,no
4aa59b12-f9b4-4566-8eaf-fb4bbb1fae02,KXSECDEF-26DEC31-MW,2024-12-02T13:38:39.146713Z,280.00,0.0400,0.9600,yes
418029f0-ccf5-4d60-816a-b46aa84d5e82,KXSECDEF-26DEC31-MW,2024-12-02T06:05:36.571513Z,3.00,0.0400,0.9600,yes
2874e545-f75b-4220-af1c-5e8928a79b4d,KXSECDEF-26DEC31-MW,2024-12-02T02:05:42.675425Z,21.00,0.0300,0.9700,no
de2038ac-05dc-4ac4-89a3-6c178255bd4d,KXSECDEF-26DEC31-MW,2024-12-01T07:24:00.999523Z,294.00,0.0300,0.9700,no
53bd1a35-818d-4e32-9e54-29753a08dc45,KXSECDEF-26DEC31-MW,2024-12-01T07:24:00.999523Z,50.00,0.0300,0.9700,no
123914a1-6cb9-4115-ac46-d791b70a0b0d,KXSECDEF-26DEC31-MW,2024-12-01T07:24:00.999523Z,50.00,0.0300,0.9700,no
04cd58f6-60f6-40ed-ad86-f89ddc17912f,KXSECDEF-26DEC31-MW,2024-12-01T07:24:00.999523Z,50.00,0.0400,0.9600,no
fe78eab8-c1a3-4cc4-8698-ee4eb005f61e,KXSECDEF-26DEC31-MW,2024-12-01T06:29:05.483628Z,55.00,0.0500,0.9500,yes
9d4433bf-101f-47ed-9c09-76809ab6f26e,KXSECDEF-26DEC31-MW,2024-12-01T06:29:05.483628Z,100.00,0.0500,0.9500,yes
7f647a26-8be7-4da5-844b-c537cc3da55d,KXSECDEF-26DEC31-MW,2024-12-01T06:29:05.483628Z,26.00,0.0600,0.9400,yes
96bbfb90-2ff9-4cb5-81d8-7220ad14ed9e,KXSECDEF-26DEC31-MW,2024-11-30T20:22:55.033608Z,500.00,0.0600,0.9400,yes
5fdc3064-730b-4c51-85b9-f071f62791c1,KXSECDEF-26DEC31-MW,2024-11-30T19:38:32.940346Z,49.00,0.0600,0.9400,yes
e4f287cc-7191-4a3f-aea9-1624efaabe0d,KXSECDEF-26DEC31-MW,2024-11-30T19:27:48.891339Z,20.00,0.0500,0.9500,yes
952044f3-8fb5-45e1-8931-d7284a390a13,KXSECDEF-26DEC31-MW,2024-11-30T19:00:59.99401Z,20.00,0.0500,0.9500,yes
df4bb3df-8cea-4b57-a316-85355e61760d,KXSECDEF-26DEC31-MW,2024-11-30T18:49:19.302115Z,614.00,0.0500,0.9500,yes
581ca59d-c58b-44de-8baf-7d5cd3d5b6c6,KXSECDEF-26DEC31-MW,2024-11-30T18:49:19.302115Z,67.00,0.0400,0.9600,yes
4c51f3c7-682b-40c7-84d5-2accc409b17c,KXSECDEF-26DEC31-MW,2024-11-30T18:49:19.302115Z,69.00,0.0400,0.9600,yes
08b32e33-6fb8-41ed-86cb-63d8276218ec,KXSECDEF-26DEC31-MW,2024-11-30T18:49:19.302115Z,25.00,0.0500,0.9500,yes
f4f00575-c8ba-4e14-8993-67bc551e53b9,KXSECDEF-26DEC31-MW,2024-11-30T04:17:19.436442Z,31.00,0.0300,0.9700,yes
e1798d77-8dd4-48fd-9800-51bc85830d49,KXSECDEF-26DEC31-MW,2024-11-30T04:17:19.436442Z,428.00,0.0400,0.9600,yes
a7b17184-13a7-4778-85ba-127ebaa08502,KXSECDEF-26DEC31-MW,2024-11-30T04:17:19.436442Z,33.00,0.0400,0.9600,yes
1186532f-35ac-4d8c-afbc-15c2efadbfd1,KXSECDEF-26DEC31-MW,2024-11-30T04:17:19.436442Z,100.00,0.0400,0.9600,yes
c93bb3b2-8254-4d47-9f14-a73d408a916f,KXSECDEF-26DEC31-MW,2024-11-29T23:49:48.382823Z,81.00,0.0200,0.9800,no
7b1e9a6b-1f3f-4828-b624-c04aa2198fed,KXSECDEF-26DEC31-MW,2024-11-29T22:00:12.351048Z,5.00,0.0300,0.9700,yes
56f9192b-8943-48b0-9e3e-9605b43f1c03,KXSECDEF-26DEC31-MW,2024-11-29T14:28:26.580251Z,182.00,0.0200,0.9800,no
e430a77a-b929-41fc-9b3b-aba9bab60f25,KXSECDEF-26DEC31-MW,2024-11-29T00:59:18.120211Z,2.00,0.0200,0.9800,no
53d6507e-c2af-4ecd-8183-6a6508d8a8e2,KXSECDEF-26DEC31-MW,2024-11-29T00:59:18.120211Z,100.00,0.0200,0.9800,no
50a74114-12a6-4524-8e8b-a070849dcc71,KXSECDEF-26DEC31-MW,2024-11-29T00:59:18.120211Z,87.00,0.0200,0.9800,no
500d3048-eddc-441d-8730-c6940b88dfdc,KXSECDEF-26DEC31-MW,2024-11-29T00:59:18.120211Z,1684.00,0.0200,0.9800,no
9555984c-6088-468f-9ba2-7c589a2d1001,KXSECDEF-26DEC31-MW,2024-11-29T00:40:14.495242Z,22.00,0.0200,0.9800,no
108c8dd6-2269-4a2c-9536-39fb66b620ae,KXSECDEF-26DEC31-MW,2024-11-28T20:51:51.527786Z,3.00,0.0200,0.9800,no
dc361954-194d-4e5f-97c4-2ba775dc2348,KXSECDEF-26DEC31-MW,2024-11-28T18:44:21.895359Z,5.00,0.0300,0.9700,yes
6a6d0150-2c3e-4bba-80ea-1f182d8376ba,KXSECDEF-26DEC31-MW,2024-11-28T15:46:27.535184Z,30.00,0.0200,0.9800,no
7f51dcd8-992a-496f-8659-ed6a691fbf52,KXSECDEF-26DEC31-MW,2024-11-28T06:27:23.729811Z,10.00,0.0200,0.9800,no
0f155456-d92e-457a-93dc-07e3cb8ab6bd,KXSECDEF-26DEC31-MW,2024-11-27T05:17:37.714584Z,46.00,0.0200,0.9800,no
71f7d963-7501-4012-9303-53b690b97859,KXSECDEF-26DEC31-MW,2024-11-26T21:38:53.621307Z,8.00,0.0200,0.9800,no
031a71d6-862f-472f-a792-90cd741b7800,KXSECDEF-26DEC31-MW,2024-11-26T14:21:36.291113Z,101.00,0.0100,0.9900,no
f880e08b-7a22-4b66-bd0a-92afe9874b85,KXSECDEF-26DEC31-MW,2024-11-26T13:34:32.653851Z,521.00,0.0200,0.9800,no
8f0060cb-ea8a-41aa-80b9-5937215421f0,KXSECDEF-26DEC31-MW,2024-11-26T13:34:32.653851Z,260.00,0.0100,0.9900,no
31c8bd4e-cc56-45f8-9ba2-3bcda618d21c,KXSECDEF-26DEC31-MW,2024-11-26T13:15:19.255874Z,100.00,0.0200,0.9800,no
21370ac8-4aed-45eb-a79a-f3da4674d52b,KXSECDEF-26DEC31-MW,2024-11-26T13:15:19.255874Z,50.00,0.0200,0.9800,no
55612dd7-2d0f-48e1-96b6-4acc358ac498,KXSECDEF-26DEC31-MW,2024-11-26T13:15:06.603914Z,50.00,0.0200,0.9800,no
66970663-ec9b-44d9-900d-b0d140c0f18d,KXSECDEF-26DEC31-MW,2024-11-26T06:54:15.725371Z,562.00,0.0500,0.9500,yes
704dee35-901d-4b01-ad92-f82030a1f8b7,KXSECDEF-26DEC31-MW,2024-11-26T03:16:09.607784Z,500.00,0.0500,0.9500,yes
9a171d0e-d0f9-470f-b71d-2e9b41c975b6,KXSECDEF-26DEC31-MW,2024-11-26T03:12:48.151109Z,334.00,0.0500,0.9500,yes
7a9b5693-4c38-4fa8-a1f8-4e4a4e48e215,KXSECDEF-26DEC31-MW,2024-11-26T03:12:48.151109Z,29.00,0.0500,0.9500,yes
a6cc71d2-6824-4560-b494-e776367a5184,KXSECDEF-26DEC31-MW,2024-11-26T03:08:58.895167Z,10.00,0.0500,0.9500,yes
5efa0100-2cb4-40fd-b1ab-6a55fcdc316e,KXSECDEF-26DEC31-MW,2024-11-25T21:16:37.087879Z,4.00,0.0500,0.9500,no
57c14f7d-d804-4f3b-8d59-032b89971645,KXSECDEF-26DEC31-MW,2024-11-25T17:53:55.723734Z,31.00,0.0600,0.9400,yes
7955d25f-2fc6-4061-aade-82ee9504e6db,KXSECDEF-26DEC31-MW,2024-11-25T15:08:27.05581Z,26.00,0.0500,0.9500,no
41c2dc3c-ebf0-4f79-9f94-7f35481348cd,KXSECDEF-26DEC31-MW,2024-11-25T14:24:42.264461Z,2.00,0.0500,0.9500,no
a5104cfe-7c49-48ed-ae69-313a4ef09c23,KXSECDEF-26DEC31-MW,2024-11-25T05:40:07.754863Z,10.00,0.0600,0.9400,yes
93f8a709-116c-4fe7-ba85-c06788013448,KXSECDEF-26DEC31-MW,2024-11-24T20:36:38.240087Z,50.00,0.0500,0.9500,no
476c281b-565c-4b01-87ae-ebe008e11159,KXSECDEF-26DEC31-MW,2024-11-24T19:34:51.164681Z,100.00,0.0500,0.9500,no
213392df-5b20-4aef-bba0-3fe7bceae1f4,KXSECDEF-26DEC31-MW,2024-11-24T19:34:51.164681Z,382.00,0.0500,0.9500,no
032847a7-142f-439d-ae2a-325df6eafbdf,KXSECDEF-26DEC31-MW,2024-11-24T19:34:51.164681Z,18.00,0.0500,0.9500,no
ebe51eac-5eb8-417b-bddb-2ecd079d359b,KXSECDEF-26DEC31-MW,2024-11-24T18:33:07.576522Z,68.00,0.0600,0.9400,yes
23979e67-a4c7-47fb-bf36-1eb866fc636c,KXSECDEF-26DEC31-MW,2024-11-24T07:08:20.979301Z,93.00,0.0600,0.9400,yes
757bd9f6-1af5-486b-a0ce-f8ee7ff1e03a,KXSECDEF-26DEC31-MW,2024-11-24T03:37:41.273156Z,134.00,0.0500,0.9500,no
933e5b48-452b-4df0-83c0-be244974faa0,KXSECDEF-26DEC31-MW,2024-11-24T02:50:31.655634Z,4.00,0.0600,0.9400,no
f1de4295-bdbb-4f4e-96b5-113d8488ffb8,KXSECDEF-26DEC31-MW,2024-11-24T02:01:51.572143Z,134.00,0.0700,0.9300,yes
6a4c0181-be4f-45d6-96de-42d2f0410443,KXSECDEF-26DEC31-MW,2024-11-24T01:45:22.259677Z,8.00,0.0700,0.9300,yes
cb153589-6eef-481f-a769-27aa0fee33a6,KXSECDEF-26DEC31-MW,2024-11-24T00:22:16.587878Z,134.00,0.0700,0.9300,yes
d7a8d280-0ee1-4632-8104-8ef0e8ab514b,KXSECDEF-26DEC31-MW,2024-11-23T20:35:41.425057Z,200.00,0.0600,0.9400,yes
c1500f98-f5ca-4f1d-9353-942bb20c0279,KXSECDEF-26DEC31-MW,2024-11-23T20:35:41.425057Z,50.00,0.0600,0.9400,yes
0cc3dca9-eefc-4fa3-a750-60ea53d8b242,KXSECDEF-26DEC31-MW,2024-11-23T19:42:13.158079Z,16.00,0.0500,0.9500,no
9a508217-e619-4d2a-99b4-08abe36eec05,KXSECDEF-26DEC31-MW,2024-11-23T15:56:41.919815Z,26.00,0.0700,0.9300,yes
a8309acb-bc70-48f7-be99-0d9b3da06565,KXSECDEF-26DEC31-MW,2024-11-23T13:48:28.991006Z,3.00,0.0700,0.9300,yes
a4179d75-05c8-435f-9e4a-a894584fec3f,KXSECDEF-26DEC31-MW,2024-11-23T04:55:51.679126Z,13.00,0.0500,0.9500,no
13a22b98-29a7-4d4f-8da5-326c5304c203,KXSECDEF-26DEC31-MW,2024-11-23T04:26:07.599877Z,18.00,0.0500,0.9500,no
0455b969-94f7-45e3-976e-a8f93afef811,KXSECDEF-26DEC31-MW,2024-11-23T02:35:41.068896Z,85.00,0.0500,0.9500,no
faae691e-e708-42bd-ab46-5fba0dbc92b5,KXSECDEF-26DEC31-MW,2024-11-23T00:57:34.656057Z,26.00,0.0700,0.9300,yes
a4fe42e0-f450-48c4-be8f-175b79e0db38,KXSECDEF-26DEC31-MW,2024-11-22T23:57:50.586828Z,1902.00,0.0500,0.9500,no
337988f0-3748-4020-84eb-72ba07dc5f80,KXSECDEF-26DEC31-MW,2024-11-22T23:57:50.586828Z,98.00,0.0600,0.9400,no
fae849d2-3e00-473c-9f64-d68910aa9a93,KXSECDEF-26DEC31-MW,2024-11-22T22:55:57.50334Z,2.00,0.0600,0.9400,no
e170ae5e-e43c-4ffd-840d-7f22c6a39073,KXSECDEF-26DEC31-MW,2024-11-22T22:18:37.730146Z,6.00,0.0500,0.9500,no
c14c3f2b-72fb-4c70-8c92-64c98c996b7d,KXSECDEF-26DEC31-MW,2024-11-22T22:12:12.833127Z,605.00,0.0500,0.9500,no
8d69812c-4d20-4903-8090-bb76b74d1831,KXSECDEF-26DEC31-MW,2024-11-22T22:12:12.833127Z,100.00,0.0600,0.9400,no
769c6525-10bc-45c0-9ba4-005ce6d3e69b,KXSECDEF-26DEC31-MW,2024-11-22T21:31:00.405154Z,13.00,0.0700,0.9300,yes
a46b6e8c-6184-4621-b55f-5c672333225a,KXSECDEF-26DEC31-MW,2024-11-22T19:57:51.498507Z,100.00,0.0600,0.9400,no
25dbe211-2e8b-4f55-92b4-e51910bc23a4,KXSECDEF-26DEC31-MW,2024-11-22T19:33:07.701834Z,432.00,0.0500,0.9500,no
1e474c7f-5537-49e6-b1f8-535694c7c80c,KXSECDEF-26DEC31-MW,2024-11-22T19:33:07.701834Z,95.00,0.0600,0.9400,no
531054ca-8f0e-4e9f-acff-e367a9826cf5,KXSECDEF-26DEC31-MW,2024-11-22T16:57:12.848021Z,10.00,0.0700,0.9300,yes
a8dba63d-d6f6-413e-a5e9-3ad25431b862,KXSECDEF-26DEC31-MW,2024-11-22T16:42:02.179445Z,67.00,0.0700,0.9300,yes
705d686e-c46d-4143-b9b6-df92a50d907b,KXSECDEF-26DEC31-MW,2024-11-22T16:38:30.538973Z,2.00,0.0700,0.9300,yes
dd6d7ac6-dcf7-495a-9ae5-eae87f9ee214,KXSECDEF-26DEC31-MW,2024-11-22T16:34:35.4936Z,5.00,0.0600,0.9400,no
156a8275-609b-440d-a000-7d73618b47cf,KXSECDEF-26DEC31-MW,2024-11-22T15:05:44.636148Z,109.00,0.0500,0.9500,no
9e2ac002-3568-43c0-b7d3-6938846f66fd,KXSECDEF-26DEC31-MW,2024-11-22T14:55:20.55171Z,48.00,0.0700,0.9300,yes
79b65aa2-a74d-4fb3-998c-9ca1459539f3,KXSECDEF-26DEC31-MW,2024-11-22T14:55:20.55171Z,100.00,0.0600,0.9400,yes
cca98dde-38cb-4b8a-a443-4e67c73cc563,KXSECDEF-26DEC31-MW,2024-11-22T14:17:14.529937Z,87.00,0.0600,0.9400,no
b444212a-1a88-4e35-b1e2-57822e620533,KXSECDEF-26DEC31-MW,2024-11-22T14:11:46.946254Z,8.00,0.0600,0.9400,no
36be2f83-d601-4bae-a4ed-1e040da173d9,KXSECDEF-26DEC31-MW,2024-11-22T05:05:39.063285Z,78.00,0.0600,0.9400,no
162029a9-2aa7-459a-b461-9642095c2102,KXSECDEF-26DEC31-MW,2024-11-22T05:05:17.846737Z,477.00,0.0600,0.9400,yes
ab7d891f-f511-4abd-a2dc-019be57653b0,KXSECDEF-26DEC31-MW,2024-11-22T04:58:07.649798Z,68.00,0.0500,0.9500,no
6138669b-890f-4a54-8f08-aeb222d36342,KXSECDEF-26DEC31-MW,2024-11-22T04:06:40.721319Z,59.00,0.0500,0.9500,no
34faef3a-6c55-4e35-b78e-00a8b7c2e228,KXSECDEF-26DEC31-MW,2024-11-22T03:52:42.352444Z,156.00,0.0600,0.9400,yes
c4bc9526-e851-402c-9ba3-e603fbf43ac1,KXSECDEF-26DEC31-MW,2024-11-22T03:47:36.404928Z,156.00,0.0600,0.9400,yes
c323047b-be8f-4c9b-b0cf-4d0b5aacd9b5,KXSECDEF-26DEC31-MW,2024-11-22T03:37:17.221972Z,130.00,0.0600,0.9400,yes
9b9d8ac4-8c92-4024-907c-9111cc91a3f8,KXSECDEF-26DEC31-MW,2024-11-22T03:37:17.221972Z,84.00,0.0600,0.9400,yes
9a76c3ba-e5c6-4653-8323-298948cae295,KXSECDEF-26DEC31-MW,2024-11-22T03:37:17.221972Z,20.00,0.0600,0.9400,yes
086588a0-73e1-44c2-bf07-424e1be5b2fb,KXSECDEF-26DEC31-MW,2024-11-22T01:48:09.054601Z,10.00,0.0600,0.9400,yes
fa68ab62-abb0-41c4-83e5-b9e0d479e6f5,KXSECDEF-26DEC31-MW,2024-11-22T01:34:46.800809Z,83.00,0.0500,0.9500,no
85378ee4-3d14-4d8e-962c-778f7c18a2a3,KXSECDEF-26DEC31-MW,2024-11-22T01:01:38.245532Z,330.00,0.0500,0.9500,no
6d3fe320-fbb1-4ed6-b2dd-3cbd61aeab8b,KXSECDEF-26DEC31-MW,2024-11-21T22:24:20.136175Z,70.00,0.0500,0.9500,no
b0d9c43e-6c92-47f8-89e2-e695e4179f4e,KXSECDEF-26DEC31-MW,2024-11-21T22:24:04.339667Z,1250.00,0.0500,0.9500,no
6f07d44f-9642-4e20-9131-f6ae7a02263e,KXSECDEF-26DEC31-MW,2024-11-21T21:36:48.550501Z,1.00,0.0600,0.9400,yes
66d1e743-81c2-4fdf-bcda-fdf05679ac64,KXSECDEF-26DEC31-MW,2024-11-21T21:20:37.041599Z,228.00,0.0500,0.9500,no
62369bee-8762-4ab8-80c9-3456cd683090,KXSECDEF-26DEC31-MW,2024-11-21T19:43:23.784229Z,10.00,0.0500,0.9500,no
71c73b35-0f72-4441-a1ef-c9e34346ed8d,KXSECDEF-26DEC31-MW,2024-11-21T18:54:38.523857Z,2.00,0.0600,0.9400,yes
d8e2f72c-4656-475e-b7e4-89ba3063e534,KXSECDEF-26DEC31-MW,2024-11-21T18:42:20.110663Z,57.00,0.0600,0.9400,yes
c17923c5-7bcd-4427-b16a-dc18b55633bd,KXSECDEF-26DEC31-MW,2024-11-21T18:42:20.110663Z,119.00,0.0500,0.9500,yes
63d84ac3-cf90-4980-b5f1-aa94cfd1ce8d,KXSECDEF-26DEC31-MW,2024-11-21T18:37:19.279188Z,3.00,0.0500,0.9500,yes
7d9a041f-856d-449f-85c7-25811db474ac,KXSECDEF-26DEC31-MW,2024-11-21T18:37:04.729503Z,100.00,0.0500,0.9500,yes
05513f4c-6be7-4252-82fd-9a9b54389cfe,KXSECDEF-26DEC31-MW,2024-11-21T18:37:04.729503Z,87.00,0.0500,0.9500,yes
d08623e1-0051-4588-88d7-27a9ca26d622,KXSECDEF-26DEC31-MW,2024-11-21T18:27:23.090308Z,21.00,0.0400,0.9600,yes
68422b88-6ed2-4ab1-9913-468b2c126391,KXSECDEF-26DEC31-MW,2024-11-21T18:27:23.090308Z,400.00,0.0400,0.9600,yes
73a55abf-05f1-4c46-bbef-a4fdcc53947b,KXSECDEF-26DEC31-MW,2024-11-21T18:26:44.522175Z,361.00,0.0300,0.9700,yes
641bb735-c670-4fbb-8164-457f6dc70c11,KXSECDEF-26DEC31-MW,2024-11-21T18:26:44.522175Z,17.00,0.0300,0.9700,yes
ca7a3bc0-ce38-4837-bc6d-178aa003518a,KXSECDEF-26DEC31-MW,2024-11-21T18:14:39.878298Z,2133.00,0.0200,0.9800,yes
66250dda-132c-4e7f-b4c9-2e20de9f84d7,KXSECDEF-26DEC31-MW,2024-11-21T17:08:04.480664Z,44.00,0.0200,0.9800,yes
50e6e881-26e7-45f5-8edf-7db79b1c8386,KXSECDEF-26DEC31-MW,2024-11-21T15:57:47.350704Z,3490.00,0.0100,0.9900,no
add7d064-9885-43be-9553-fb042ce2b6a9,KXSECDEF-26DEC31-MW,2024-11-21T05:54:08.708667Z,36.00,0.0100,0.9900,no
816d2a33-9566-4aa2-a616-87e0bd962082,KXSECDEF-26DEC31-MW,2024-11-21T05:48:48.986077Z,12.00,0.0100,0.9900,no
6e73fc25-2398-447b-ac8d-f5c9131f4d72,KXSECDEF-26DEC31-MW,2024-11-21T05:48:48.986077Z,38.00,0.0100,0.9900,no
f95667e1-57dc-4f75-802e-cca7d073a5e4,KXSECDEF-26DEC31-MW,2024-11-21T05:05:45.588463Z,39.00,0.0100,0.9900,no
69269eba-0c1c-4472-be3b-299a7341a502,KXSECDEF-26DEC31-MW,2024-11-21T04:48:44.486741Z,40.00,0.0100,0.9900,no
28c0dd5d-257f-44ff-9f55-c0de304a1e92,KXSECDEF-26DEC31-MW,2024-11-21T02:13:51.194006Z,15.00,0.0200,0.9800,yes
0994d650-052d-4d53-abce-4af9eb904613,KXSECDEF-26DEC31-MW,2024-11-20T23:02:40.776621Z,16.00,0.0100,0.9900,no
4031c6ea-aa94-4e08-86ca-67787b9a8355,KXSECDEF-26DEC31-MW,2024-11-20T21:35:22.38982Z,12.00,0.0100,0.9900,no
6e3b280e-75a2-42d4-8af9-9cf4256a15e1,KXSECDEF-26DEC31-MW,2024-11-20T21:08:47.489957Z,1.00,0.0100,0.9900,no
222087f2-03af-46d4-b7ad-042f618a6b94,KXSECDEF-26DEC31-MW,2024-11-20T20:08:46.372368Z,34.00,0.0200,0.9800,yes
c8c90958-5e63-454f-8a35-ed0920d05897,KXSECDEF-26DEC31-MW,2024-11-20T20:08:00.847795Z,6.00,0.0200,0.9800,yes
84d523be-9946-49d2-8742-ca517ba1fbf3,KXSECDEF-26DEC31-MW,2024-11-20T19:22:03.005562Z,130.00,0.0100,0.9900,no
d683581e-89ea-4859-9ed3-2918cca69ff7,KXSECDEF-26DEC31-MW,2024-11-20T14:32:09.008826Z,4900.00,0.0200,0.9800,yes
93d8264d-9236-487b-819a-b927894cfd1d,KXSECDEF-26DEC31-MW,2024-11-20T14:31:43.817419Z,50.00,0.0200,0.9800,yes
8a0805a9-db54-445d-aba7-fd2a0e01aaff,KXSECDEF-26DEC31-MW,2024-11-20T14:21:12.728143Z,50.00,0.0200,0.9800,yes
b8798152-df0e-4ea4-80df-bb60103dfec7,KXSECDEF-26DEC31-MW,2024-11-20T04:15:34.780757Z,38.00,0.0200,0.9800,yes
89003f96-a713-43de-b886-b6b00007b59c,KXSECDEF-26DEC31-MW,2024-11-19T22:01:08.244494Z,936.00,0.0100,0.9900,no
a9b4d6ff-8e45-4ccb-a0ae-8129cffed1ed,KXSECDEF-26DEC31-MW,2024-11-19T21:59:02.519808Z,2.00,0.0100,0.9900,no
ddb9f0f3-5a0b-4b51-8695-06b89b437652,KXSECDEF-26DEC31-MW,2024-11-19T21:26:09.093277Z,49.00,0.0100,0.9900,no
a316cd4c-ac04-4c5b-8b89-bf2e6162575f,KXSECDEF-26DEC31-MW,2024-11-19T20:31:25.054243Z,200.00,0.0200,0.9800,yes
df723c1c-bd0e-4c7d-a6c1-51f17f712714,KXSECDEF-26DEC31-MW,2024-11-19T14:47:48.469062Z,935.00,0.0100,0.9900,yes
b556d9d8-2137-4e02-8414-f05f9c035c41,KXSECDEF-26DEC31-MW,2024-11-19T00:52:03.138586Z,10.00,0.0100,0.9900,yes
de665e9a-630c-4b9d-b409-ba03b0eb676c,KXSECDEF-26DEC31-MW,2024-11-19T00:45:57.029171Z,45.00,0.0100,0.9900,yes
96933d35-781e-4bb9-be52-aae0aa6ab2f1,KXSECDEF-26DEC31-MW,2024-11-17T14:14:26.199449Z,87.00,0.0100,0.9900,yes
2ee356a1-657b-4a28-9f32-c51e45afa118,KXSECDEF-26DEC31-MW,2024-11-17T00:53:28.703086Z,3000.00,0.0100,0.9900,yes
41de1b79-bd51-4bb3-961e-d262003bbbae,KXSECDEF-26DEC31-MW,2024-11-17T00:52:53.367225Z,5000.00,0.0100,0.9900,yes
ab7c648d-c76e-47d5-8eeb-ad0d0d7a18aa,KXSECDEF-26DEC31-MW,2024-11-16T16:40:57.51552Z,93.00,0.0100,0.9900,yes
3769cdcd-0763-4c60-a1db-9f6cfa4d5c02,KXSECDEF-26DEC31-MW,2024-11-15T20:09:12.672002Z,200.00,0.0100,0.9900,yes
08b8ee1a-cb87-4438-acbb-e284754d0f97,KXSECDEF-26DEC31-MW,2024-11-15T13:03:09.116456Z,500.00,0.0100,0.9900,yes
b92ac7b1-f62c-43fb-8e08-b7c84b1ca862,KXSECDEF-26DEC31-MW,2024-11-15T00:04:44.636526Z,50.00,0.0100,0.9900,yes
ddb4d680-2650-412a-98c4-47c58919ef40,KXSECDEF-26DEC31-MW,2024-11-14T18:31:38.182693Z,100.00,0.0100,0.9900,no
c47329f2-3870-4586-afd7-9b2b7df4967a,KXSECDEF-26DEC31-MW,2024-11-14T18:31:38.182693Z,60.00,0.0100,0.9900,no
7378e905-2fb2-4f87-9bf5-f74e1248f256,KXSECDEF-26DEC31-MW,2024-11-14T18:31:38.182693Z,2623.00,0.0100,0.9900,no
862b1cb2-f968-4e92-9732-666ff4868ecc,KXSECDEF-26DEC31-MW,2024-11-14T16:59:03.982778Z,87.00,0.0100,0.9900,yes
1535c42d-c6d7-4258-a7d5-3b7c9576ddd0,KXSECDEF-26DEC31-MW,2024-11-14T16:59:03.982778Z,904.00,0.0100,0.9900,yes
efed54f5-d7bf-4e2f-aa0e-71f024b2abe9,KXSECDEF-26DEC31-MW,2024-11-14T14:05:10.893622Z,20.00,0.0100,0.9900,yes
a80b1574-524c-411d-b475-ea4c5113e142,KXSECDEF-26DEC31-MW,2024-11-14T03:47:07.976243Z,250.00,0.0100,0.9900,yes
72a7e8aa-5041-47f0-8c16-298fbcaa1d9a,KXSECDEF-26DEC31-MW,2024-11-13T20:42:46.915277Z,145.00,0.0200,0.9800,yes
5f1c6ed6-58f3-46a9-955c-860269c4ce4e,KXSECDEF-26DEC31-MW,2024-11-13T20:42:46.915277Z,100.00,0.0100,0.9900,yes
a287d914-6422-4b8d-9aee-e151db5a9bda,KXSECDEF-26DEC31-MW,2024-11-13T16:01:10.691493Z,1.00,0.0100,0.9900,no
45cd7d4f-4cd6-4a7d-8c47-fa87d47b06e7,KXSECDEF-26DEC31-MW,2024-11-13T15:31:51.056219Z,20.00,0.0100,0.9900,no
fa271ad8-132f-4e3c-b3eb-38831b8db0f6,KXSECDEF-26DEC31-MW,2024-11-13T15:29:09.193285Z,20.00,0.0400,0.9600,yes
c7f1600f-b1d7-4642-b71f-263dc7ef0d79,KXSECDEF-26DEC31-MW,2024-11-13T15:10:04.457917Z,2042.00,0.0100,0.9900,no
92c406e8-4df7-4b28-95b0-34b4b389090d,KXSECDEF-26DEC31-MW,2024-11-13T06:56:07.997002Z,918.00,0.0100,0.9900,no
6396a09c-5542-411f-9c34-7ba4da0878f5,KXSECDEF-26DEC31-MW,2024-11-13T06:56:07.997002Z,405.00,0.0200,0.9800,no
3b8a18c0-0041-4e59-9e8b-e3f4d9126864,KXSECDEF-26DEC31-MW,2024-11-13T06:56:07.997002Z,1621.00,0.0100,0.9900,no
975d4dbe-2509-4826-9d98-6d06a6b9f6f4,KXSECDEF-26DEC31-MW,2024-11-13T05:46:38.086974Z,395.00,0.0400,0.9600,yes
242c5208-568d-48b7-a8da-09bcc7418907,KXSECDEF-26DEC31-MW,2024-11-13T05:46:28.204591Z,10.00,0.0400,0.9600,yes
8cc3e5d4-3bf2-4f9a-b904-0ccfd7d8f997,KXSECDEF-26DEC31-MW,2024-11-13T04:55:49.013878Z,1.00,0.0100,0.9900,no
8236cdf0-025c-48e0-8f85-a3cebf81a684,KXSECDEF-26DEC31-MW,2024-11-13T04:34:56.483286Z,6.00,0.0100,0.9900,no
72773f26-b909-4273-ac32-3f215a3d0c43,KXSECDEF-26DEC31-MW,2024-11-13T04:27:50.587127Z,340.00,0.0100,0.9900,no
c4038c98-d480-40ec-ae1f-59057906bff2,KXSECDEF-26DEC31-MW,2024-11-13T03:44:55.217261Z,477.00,0.0100,0.9900,no
2e0df8e7-732a-42fc-a815-1a2e56361606,KXSECDEF-26DEC31-MW,2024-11-13T03:44:55.217261Z,400.00,0.0200,0.9800,no
f90f3db7-e3d6-4e82-851c-c27a7a66db00,KXSECDEF-26DEC31-MW,2024-11-13T03:21:48.290766Z,147.00,0.0400,0.9600,no
d6bd92c7-e7bb-4676-9eca-da7048e2a1ff,KXSECDEF-26DEC31-MW,2024-11-13T03:21:21.449452Z,100.00,0.0400,0.9600,yes
9ed0617b-abc3-4133-a614-2d5e18285189,KXSECDEF-26DEC31-MW,2024-11-13T03:21:21.449452Z,400.00,0.0400,0.9600,yes
8dee808d-0d2f-440e-90c8-ac8d87ffd55b,KXSECDEF-26DEC31-MW,2024-11-13T03:21:21.449452Z,42.00,0.0400,0.9600,yes
16985534-1dbe-40d1-8d3d-bc5712279b16,KXSECDEF-26DEC31-MW,2024-11-13T03:17:05.656415Z,58.00,0.0400,0.9600,yes
a9103887-a3fc-4660-9dda-4ae346a976c9,KXSECDEF-26DEC31-MW,2024-11-13T03:09:20.656886Z,20.00,0.0200,0.9800,no
b9b928b3-2d5e-4331-9923-a94887f8b6f3,KXSECDEF-26DEC31-MW,2024-11-13T02:17:58.478021Z,609.00,0.0100,0.9900,no
fb153502-53d4-4390-85a9-d7923d69a9b4,KXSECDEF-26DEC31-MW,2024-11-13T02:09:38.540851Z,75.00,0.0100,0.9900,no
fd3241f3-238a-409a-a9ec-a0907ff55cf0,KXSECDEF-26DEC31-MW,2024-11-13T01:46:53.631863Z,500.00,0.0200,0.9800,no
dfff48b0-8293-43e5-9e2c-ffa4e42b6642,KXSECDEF-26DEC31-MW,2024-11-13T01:46:53.631863Z,15.00,0.0100,0.9900,no
cce7c1e5-6cdb-40d6-9380-21408b5fd108,KXSECDEF-26DEC31-MW,2024-11-13T01:46:53.631863Z,50.00,0.0100,0.9900,no
cc709388-3f96-4390-b659-20e4bd791035,KXSECDEF-26DEC31-MW,2024-11-13T01:46:53.631863Z,411.00,0.0200,0.9800,no
c9eb502f-a29d-47e5-8da6-ff8e652de597,KXSECDEF-26DEC31-MW,2024-11-13T01:46:53.631863Z,400.00,0.0100,0.9900,no
a2013a47-1dd6-41f4-bf30-066179e74e2f,KXSECDEF-26DEC31-MW,2024-11-13T01:46:53.631863Z,6883.00,0.0200,0.9800,no
68171466-76c4-491c-bc0e-dcaefc13146c,KXSECDEF-26DEC31-MW,2024-11-13T01:46:53.631863Z,200.00,0.0100,0.9900,no
377de063-f174-4747-8927-2c6b76fd3180,KXSECDEF-26DEC31-MW,2024-11-13T01:46:53.631863Z,1155.00,0.0100,0.9900,no
5cb9e8c8-4968-49e0-b075-d06d6e59caa3,KXSECDEF-26DEC31-MW,2024-11-13T01:29:38.074162Z,1580.00,0.0200,0.9800,no
00c1e539-f4e2-4e5a-9b7a-1638fe4a217e,KXSECDEF-26DEC31-MW,2024-11-13T01:29:27.57443Z,835.00,0.0200,0.9800,no
6356df1e-a3dc-4f3f-aa8b-75f60035c475,KXSECDEF-26DEC31-MW,2024-11-13T01:14:50.874442Z,48.00,0.0200,0.9800,no
9ece397e-0727-4272-8c8e-b2aec4844b3e,KXSECDEF-26DEC31-MW,2024-11-13T01:14:27.473582Z,215.00,0.0200,0.9800,no
e1a65d46-a372-413e-88ce-dde15390cacf,KXSECDEF-26DEC31-MW,2024-11-13T01:11:56.916482Z,521.00,0.0200,0.9800,no
cb6a5db9-6a11-4af0-b219-b71e23625870,KXSECDEF-26DEC31-MW,2024-11-13T01:10:45.874855Z,25.00,0.0300,0.9700,no
1a213f63-180b-4fd1-b06e-a91574f934fe,KXSECDEF-26DEC31-MW,2024-11-13T01:10:45.874855Z,604.00,0.0200,0.9800,no
df79de97-e207-4d62-9b54-b797751948e0,KXSECDEF-26DEC31-MW,2024-11-13T01:07:23.34034Z,76.00,0.0200,0.9800,no
fed3a5db-f290-4011-a471-03db744bda3d,KXSECDEF-26DEC31-MW,2024-11-13T01:07:03.724221Z,86.00,0.0300,0.9700,no
b02a3ae1-901d-448a-bae6-5097983e3146,KXSECDEF-26DEC31-MW,2024-11-13T01:07:03.724221Z,7.00,0.0200,0.9800,no
bb1a01a8-ba05-425d-ab86-9091bf78c12c,KXSECDEF-26DEC31-MW,2024-11-13T01:06:12.818488Z,411.00,0.0300,0.9700,no
63f2b1cd-4b4d-4f7d-b389-bdb15f0bf0cf,KXSECDEF-26DEC31-MW,2024-11-13T01:03:41.12695Z,63.00,0.0300,0.9700,no
1b737887-b719-4fe8-81d5-b6551d95d517,KXSECDEF-26DEC31-MW,2024-11-13T01:03:41.12695Z,3.00,0.0300,0.9700,no
92263825-d886-43dc-b38d-8334d3868847,KXSECDEF-26DEC31-MW,2024-11-13T01:02:48.71352Z,72.00,0.0300,0.9700,no
ba953730-cc08-4b09-a11c-1cceeb3ea467,KXSECDEF-26DEC31-MW,2024-11-13T00:57:07.510582Z,85.00,0.0200,0.9800,no
895499d7-2662-494a-b9e6-08605d48a34a,KXSECDEF-26DEC31-MW,2024-11-13T00:56:30.738803Z,1501.00,0.0200,0.9800,no
08f25b91-84cb-4824-ae05-0ed4b0a436bd,KXSECDEF-26DEC31-MW,2024-11-13T00:53:41.203306Z,3509.00,0.0200,0.9800,no
5e3b7440-1e2d-4598-a8d4-03fd8f2149b1,KXSECDEF-26DEC31-MW,2024-11-13T00:45:00.575106Z,45.00,0.0300,0.9700,no
54fbb569-bf5f-4e5b-9249-dd5825475756,KXSECDEF-26DEC31-MW,2024-11-13T00:42:36.410068Z,702.00,0.0400,0.9600,yes
824b6c62-8e3f-4dfa-858b-f50b8ed5d22d,KXSECDEF-26DEC31-MW,2024-11-13T00:41:32.62537Z,596.00,0.0400,0.9600,yes
fc1fd9d9-39dc-49ac-bb53-bef04bb44f0d,KXSECDEF-26DEC31-MW,2024-11-13T00:39:35.612475Z,6.00,0.0400,0.9600,yes
fdae0e79-ed55-43b2-932b-52e6dfdff08c,KXSECDEF-26DEC31-MW,2024-11-13T00:34:23.871404Z,1875.00,0.0300,0.9700,no
15a566d3-4d83-43f5-9452-8bd14aa21143,KXSECDEF-26DEC31-MW,2024-11-13T00:31:06.968563Z,100.00,0.0300,0.9700,no
a4ca9657-0176-4b12-b8eb-3331d8005c07,KXSECDEF-26DEC31-MW,2024-11-13T00:30:26.612443Z,2793.00,0.0300,0.9700,no
86609c20-6f22-4154-9b49-0aaf1ffa9ea1,KXSECDEF-26DEC31-MW,2024-11-13T00:28:38.487404Z,114.00,0.0500,0.9500,yes
9eb56ef8-b5ec-469a-8a06-abcb475b9ed3,KXSECDEF-26DEC31-MW,2024-11-13T00:27:28.880712Z,15.00,0.0500,0.9500,yes
5e440845-13c5-4be1-89b2-2da9b66d516b,KXSECDEF-26DEC31-MW,2024-11-13T00:27:28.880712Z,200.00,0.0300,0.9700,yes
4a94b7fa-98b3-4aef-836d-92b7767a12b1,KXSECDEF-26DEC31-MW,2024-11-13T00:27:28.880712Z,300.00,0.0400,0.9600,yes
56d47363-ca94-4f33-b36d-7c4a39c9af7b,KXSECDEF-26DEC31-MW,2024-11-13T00:24:12.342348Z,100.00,0.0300,0.9700,no
2e8f722a-a84d-4c00-84f3-a0d08d852666,KXSECDEF-26DEC31-MW,2024-11-13T00:21:19.387038Z,100.00,0.0400,0.9600,yes
577eeef0-e3c2-46d1-a7ab-78c953b5f442,KXSECDEF-26DEC31-MW,2024-11-13T00:11:19.283605Z,500.00,0.0200,0.9800,no
e6478c2c-c48e-441c-ab72-39f879f12171,KXSECDEF-26DEC31-MW,2024-11-13T00:09:20.647996Z,50.00,0.0300,0.9700,no
4cfce03e-18b3-4c68-8d4c-e0a6073b9228,KXSECDEF-26DEC31-MW,2024-11-13T00:09:20.647996Z,717.00,0.0300,0.9700,no
7915a1e8-d92c-4e33-8561-ea1297f617f1,KXSECDEF-26DEC31-MW,2024-11-13T00:02:23.155281Z,153.00,0.0600,0.9400,yes
b89e14ce-5157-4363-82ba-c197809dfcb6,KXSECDEF-26DEC31-MW,2024-11-12T23:34:30.867409Z,79.00,0.0300,0.9700,no
be6f9d0d-4cd4-43f8-9277-481ed85fbab8,KXSECDEF-26DEC31-MW,2024-11-12T23:28:17.619116Z,1.00,0.0500,0.9500,no
02fe260e-71c2-4450-ab32-2897496ce610,KXSECDEF-26DEC31-MW,2024-11-12T22:39:44.563239Z,12.00,0.0300,0.9700,no
bf7f896b-335c-4f12-889e-90245f8db8d4,KXSECDEF-26DEC31-MW,2024-11-12T22:34:36.744899Z,400.00,0.0400,0.9600,yes
944e08a6-132e-4b45-b964-e755a1a9a3d2,KXSECDEF-26DEC31-MW,2024-11-12T22:34:36.744899Z,381.00,0.0400,0.9600,yes
461e1160-b0e2-4147-84eb-3c26c52c2f9e,KXSECDEF-26DEC31-MW,2024-11-12T22:34:36.744899Z,219.00,0.0400,0.9600,yes
11828144-4037-43f6-827b-92819e361aae,KXSECDEF-26DEC31-MW,2024-11-12T22:34:36.744899Z,73.00,0.0400,0.9600,yes
4499b011-91fc-4d51-a3a9-ff8ad027d7d0,KXSECDEF-26DEC31-MW,2024-11-12T22:17:36.767422Z,350.00,0.0400,0.9600,yes
49f65dfd-15eb-4bee-b9d8-82abb0dda8f0,KXSECDEF-26DEC31-MW,2024-11-12T21:52:36.672668Z,79.00,0.0300,0.9700,no
c31c78ba-1440-4c08-87fc-22e8e8c34666,KXSECDEF-26DEC31-MW,2024-11-12T21:51:11.020796Z,40.00,0.0300,0.9700,yes
f9a7eb4a-3a2a-4d9e-b9a8-ddc66204c27f,KXSECDEF-26DEC31-MW,2024-11-12T21:44:32.495709Z,35.00,0.0200,0.9800,no
a59c499f-890d-4534-b8dc-a9c5018d5aaa,KXSECDEF-26DEC31-MW,2024-11-12T21:38:43.495108Z,17.00,0.0200,0.9800,no
3a4db641-a6b9-44b9-a18b-bb32c363aa5a,KXSECDEF-26DEC31-MW,2024-11-12T20:55:15.489939Z,40.00,0.0200,0.9800,no
21551283-c9de-445b-9dce-9a5036aaacb3,KXSECDEF-26DEC31-MW,2024-11-12T20:38:27.203751Z,248.00,0.0200,0.9800,no
cd9968cd-6ab6-4425-8feb-5da2367ff3f0,KXSECDEF-26DEC31-MW,2024-11-12T20:01:01.371765Z,201.00,0.0200,0.9800,no
091c2ea6-5a0a-4c25-bd67-dbe17c021d77,KXSECDEF-26DEC31-MW,2024-11-12T19:20:42.598009Z,40.00,0.0200,0.9800,no
03c3c087-ddb8-4147-9b16-31ceaa8f8d00,KXSECDEF-26DEC31-MW,2024-11-12T19:20:42.598009Z,111.00,0.0300,0.9700,no
e3b2be4f-87e1-40b6-951a-7012bda2edbf,KXSECDEF-26DEC31-MW,2024-11-12T19:20:04.612873Z,31.00,0.0400,0.9600,yes
539e4377-62e0-4ed3-95e6-c9b1cdac3afc,KXSECDEF-26DEC31-MW,2024-11-12T19:05:03.751841Z,25.00,0.0200,0.9800,no
34807b21-7411-4aed-ac21-ad69b99c2a62,KXSECDEF-26DEC31-MW,2024-11-12T18:55:36.40917Z,25.00,0.0200,0.9800,no
f034c88f-67ba-4cd1-b487-20adf2a46c44,KXSECDEF-26DEC31-MW,2024-11-12T18:55:07.222665Z,3523.00,0.0200,0.9800,no
a2f86898-5443-424c-8009-afdb372f0b14,KXSECDEF-26DEC31-MW,2024-11-12T18:31:11.663285Z,100.00,0.0400,0.9600,yes
d66b234f-1c70-4e8b-bcb7-dfc42d4c8a7e,KXSECDEF-26DEC31-MW,2024-11-12T18:21:49.664282Z,30.00,0.0300,0.9700,no
bc8705da-95ab-415c-a913-8752b6938973,KXSECDEF-26DEC31-MW,2024-11-12T18:21:49.664282Z,50.00,0.0300,0.9700,no
5ec86d0b-3ff3-4835-a24f-c6f4fb5b595e,KXSECDEF-26DEC31-MW,2024-11-12T18:21:49.664282Z,136.00,0.0300,0.9700,no
473ff974-3bfe-4f54-b097-c89476ef1a46,KXSECDEF-26DEC31-MW,2024-11-12T18:21:49.664282Z,2.00,0.0300,0.9700,no
3a365f7f-e46e-4ba2-94bc-d49369c6f95d,KXSECDEF-26DEC31-MW,2024-11-12T18:21:49.664282Z,42.00,0.0200,0.9800,no
00b0bfd1-8a30-4e61-8506-4b0637f94cb6,KXSECDEF-26DEC31-MW,2024-11-12T18:21:49.664282Z,40.00,0.0300,0.9700,no
cc3be03f-582a-44cb-8d96-a0e53590f355,KXSECDEF-26DEC31-MW,2024-11-12T18:20:18.898044Z,300.00,0.0400,0.9600,yes
67afc0d0-a527-46f7-85b7-0a1835960042,KXSECDEF-26DEC31-MW,2024-11-12T18:20:01.286936Z,10.00,0.0300,0.9700,no
bc332a55-6a36-4451-9050-0e462e875952,KXSECDEF-26DEC31-MW,2024-11-12T18:11:42.54279Z,111.00,0.0600,0.9400,yes
78173621-70e1-4ec9-a9ce-3b7394d661a1,KXSECDEF-26DEC31-MW,2024-11-12T18:11:42.54279Z,198.00,0.0700,0.9300,yes
79c40456-1469-48d2-bcea-e95b9896277f,KXSECDEF-26DEC31-MW,2024-11-12T17:52:45.39594Z,83.00,0.0300,0.9700,no
f817789d-1180-44e3-9de6-6f8ccc32a6d4,KXSECDEF-26DEC31-MW,2024-11-12T17:51:41.573147Z,24.00,0.0300,0.9700,no
dfa72946-ec8e-40df-8c7a-e52b9f6aec66,KXSECDEF-26DEC31-MW,2024-11-12T17:51:31.731416Z,45.00,0.0300,0.9700,no
ffc7338d-2275-4b7a-940c-e329019d7637,KXSECDEF-26DEC31-MW,2024-11-12T17:15:10.161691Z,141.00,0.0300,0.9700,no
2622b951-987e-4fcb-bf65-1b6b33ca13c7,KXSECDEF-26DEC31-MW,2024-11-12T17:14:45.225859Z,15.00,0.0700,0.9300,yes
d3f5c487-d804-4dda-8c5c-1d15f3e59177,KXSECDEF-26DEC31-MW,2024-11-12T17:10:50.51701Z,50.00,0.0600,0.9400,yes
05cd8190-1b00-40a0-8de9-a719fd19bf95,KXSECDEF-26DEC31-MW,2024-11-12T17:10:50.51701Z,1000.00,0.0600,0.9400,yes
c440480c-6044-42bd-be0a-be31ce1b8ff5,KXSECDEF-26DEC31-MW,2024-11-12T16:59:01.065252Z,60.00,0.0400,0.9600,no
8d223eec-ecf3-4d84-a69f-40b4b243bb17,KXSECDEF-26DEC31-MW,2024-11-12T16:59:01.065252Z,76.00,0.0400,0.9600,no
2f3f3096-4e68-4cef-991c-7d48245799e0,KXSECDEF-26DEC31-MW,2024-11-12T16:50:55.946454Z,1196.00,0.0400,0.9600,no
7b1d3b88-5e40-4b08-9657-dba218767142,KXSECDEF-26DEC31-MW,2024-11-12T16:40:51.477071Z,11.00,0.0400,0.9600,no
d9ba09b7-af18-45b9-ba7f-90ef93469a98,KXSECDEF-26DEC31-MW,2024-11-12T16:14:48.730822Z,16.00,0.0400,0.9600,no
0c507c6a-5b2b-4e0e-869b-52c10bd7dbd6,KXSECDEF-26DEC31-MW,2024-11-12T16:11:59.446659Z,8.00,0.0400,0.9600,no
07ab83e0-3e49-4e72-8857-3442f65cad11,KXSECDEF-26DEC31-MW,2024-11-12T16:04:32.807319Z,90.00,0.0400,0.9600,no
ba13ee40-a5e8-4595-8f32-cab8b952941c,KXSECDEF-26DEC31-MW,2024-11-12T16:01:58.005894Z,150.00,0.0400,0.9600,no
ee44f7d2-1e8f-490c-ac77-0fb483fb475a,KXSECDEF-26DEC31-MW,2024-11-12T16:00:12.63515Z,13.00,0.0700,0.9300,yes
a2953879-6ea1-4b1d-a128-33baf6f24645,KXSECDEF-26DEC31-MW,2024-11-12T16:00:12.634598Z,13.00,0.0700,0.9300,yes
330bcaec-fd69-4522-b793-ba1f8b81ab84,KXSECDEF-26DEC31-MW,2024-11-12T15:55:18.9888Z,155.00,0.0400,0.9600,no
4f273db0-b847-4383-a9bf-6b405bc97542,KXSECDEF-26DEC31-MW,2024-11-12T15:45:57.634575Z,500.00,0.0500,0.9500,no
33b8f7e0-0186-4248-83c5-7255fc11953f,KXSECDEF-26DEC31-MW,2024-11-12T15:45:57.634575Z,3046.00,0.0400,0.9600,no
2cfdf437-202a-4c86-a2e8-772a6e4210d4,KXSECDEF-26DEC31-MW,2024-11-12T15:38:50.997558Z,25.00,0.0700,0.9300,yes
81a1833a-819b-4ce9-9231-6a4279fa1f4d,KXSECDEF-26DEC31-MW,2024-11-12T15:26:32.249848Z,912.00,0.0700,0.9300,yes
5f3e41fb-eab4-444b-82b7-a2754c59b618,KXSECDEF-26DEC31-MW,2024-11-12T15:26:32.249848Z,500.00,0.0600,0.9400,yes
21ef7324-1e03-416a-bd64-b9ac97e09e26,KXSECDEF-26DEC31-MW,2024-11-12T15:25:46.469777Z,45.00,0.0400,0.9600,no
06d22906-6984-4ce5-adac-7214db8f69ec,KXSECDEF-26DEC31-MW,2024-11-12T15:15:50.079961Z,106.00,0.0400,0.9600,no
0be18d7e-d75d-403c-be7c-bd28d86f8d5b,KXSECDEF-26DEC31-MW,2024-11-12T15:05:49.092769Z,1065.00,0.0400,0.9600,no
e5f5012f-9f06-4e74-8ff7-674ac8fe8616,KXSECDEF-26DEC31-MW,2024-11-12T15:05:39.148351Z,925.00,0.0500,0.9500,no
2ede126f-c2fa-4088-b79e-25d9964fb9b6,KXSECDEF-26DEC31-MW,2024-11-12T15:05:39.148351Z,10.00,0.0500,0.9500,no
0e41592c-115f-4566-8ce6-205f6b0ab803,KXSECDEF-26DEC31-MW,2024-11-12T14:58:28.628899Z,7.00,0.0500,0.9500,no
ac94c33d-28f9-49e9-afc5-3faf0be8f5e6,KXSECDEF-26DEC31-MW,2024-11-12T14:47:15.63579Z,150.00,0.0500,0.9500,no
78d890f1-3804-46bb-9780-2794b50d4a5f,KXSECDEF-26DEC31-MW,2024-11-12T14:43:21.286887Z,1329.00,0.0700,0.9300,yes
3372ca7d-4866-4177-94dc-9ccc9b5f81f8,KXSECDEF-26DEC31-MW,2024-11-12T14:43:21.286887Z,13.00,0.0600,0.9400,yes
96ae4c0f-8089-4759-9c35-5be16801e394,KXSECDEF-26DEC31-MW,2024-11-12T14:17:09.81122Z,2000.00,0.0700,0.9300,yes
2a783583-cb0c-41c9-897f-ea3bb748a17a,KXSECDEF-26DEC31-MW,2024-11-12T13:57:06.885913Z,35.00,0.0500,0.9500,no
8f897cfd-a271-4edb-b8ee-756c06cc1b20,KXSECDEF-26DEC31-MW,2024-11-12T13:52:26.21427Z,283.00,0.0500,0.9500,no
1bfee887-d3ef-49d7-b7ab-968ecb758770,KXSECDEF-26DEC31-MW,2024-11-12T13:42:21.813765Z,134.00,0.0700,0.9300,yes
e31ff233-dcf4-4e7c-bd1f-01c8fbc33581,KXSECDEF-26DEC31-MW,2024-11-12T13:36:52.994299Z,63.00,0.0400,0.9600,no
9a6bfbaf-2bc0-4877-a004-a167dca03d31,KXSECDEF-26DEC31-MW,2024-11-12T13:32:18.382673Z,1067.00,0.0800,0.9200,yes
038a5d1e-dc47-4c51-93ca-5e0e54c81e85,KXSECDEF-26DEC31-MW,2024-11-12T13:32:18.382673Z,107.00,0.0800,0.9200,yes
837d6e21-c69a-49d5-b308-89d6e7c22d3a,KXSECDEF-26DEC31-MW,2024-11-12T13:24:37.547961Z,360.00,0.0400,0.9600,no
47ff2763-d4ca-45ab-997c-b94be56e98e6,KXSECDEF-26DEC31-MW,2024-11-12T13:22:30.830256Z,684.00,0.0400,0.9600,no
e6355ffd-6843-4c49-b382-40d48aa696e7,KXSECDEF-26DEC31-MW,2024-11-12T13:15:32.000805Z,58.00,0.0800,0.9200,yes
0aa0e755-9e8f-4587-a4b5-f78cd112844b,KXSECDEF-26DEC31-MW,2024-11-12T13:02:05.642472Z,2.00,0.0400,0.9600,no
7348bfbb-d124-4d1a-a4cb-5bac7b19d237,KXSECDEF-26DEC31-MW,2024-11-12T13:01:39.171322Z,213.00,0.0400,0.9600,no
3e0a7930-104d-4e49-84f3-dc37f32eaee0,KXSECDEF-26DEC31-MW,2024-11-12T13:00:54.482959Z,266.00,0.0500,0.9500,no
1d4d9cd8-aee2-496e-9dae-717966336b11,KXSECDEF-26DEC31-MW,2024-11-12T13:00:54.482959Z,484.00,0.0400,0.9600,no
94ff95d4-92d4-4975-bbdc-ec75d8d1370c,KXSECDEF-26DEC31-MW,2024-11-12T07:28:43.130261Z,250.00,0.0800,0.9200,yes
99193e58-da73-4b52-9525-61a6f25f56d1,KXSECDEF-26DEC31-MW,2024-11-12T07:27:54.904915Z,25.00,0.0700,0.9300,yes
129829bb-2069-4557-9627-2324164e14a1,KXSECDEF-26DEC31-MW,2024-11-12T07:27:54.904915Z,25.00,0.0700,0.9300,yes
989a127f-8597-4201-ac07-5caaacda8b39,KXSECDEF-26DEC31-MW,2024-11-12T06:48:27.220213Z,29.00,0.0500,0.9500,no
7c9e7ebb-24b2-418a-b191-3bdf60bfedb7,KXSECDEF-26DEC31-MW,2024-11-12T06:48:27.220213Z,97.00,0.0500,0.9500,no
da74e425-9932-43e3-a480-3b32176694ee,KXSECDEF-26DEC31-MW,2024-11-12T06:10:01.281733Z,3.00,0.0500,0.9500,no
c6a90e27-6e9b-4746-b22f-c195bcf6b963,KXSECDEF-26DEC31-MW,2024-11-12T06:02:16.823483Z,10.00,0.0600,0.9400,yes
a6177a57-780a-4eb0-b4d1-f7c159b4c7f3,KXSECDEF-26DEC31-MW,2024-11-12T06:02:16.823483Z,878.00,0.0700,0.9300,yes
8f75ca7b-bf1b-4b18-80ca-b2810b667e55,KXSECDEF-26DEC31-MW,2024-11-12T06:02:16.823483Z,400.00,0.0800,0.9200,yes
482cda5b-1a85-4973-aef4-e6ffd7cae530,KXSECDEF-26DEC31-MW,2024-11-12T06:02:16.823483Z,585.00,0.0800,0.9200,yes
bef9c477-0d81-4519-a1ee-0defe79d7878,KXSECDEF-26DEC31-MW,2024-11-12T05:11:11.748445Z,53.00,0.0700,0.9300,yes
d9eb5f05-d0b3-49b7-bef2-4c5d41511328,KXSECDEF-26DEC31-MW,2024-11-12T05:09:24.537868Z,50.00,0.0700,0.9300,yes
80cc4ff9-25bc-435d-a4f2-bd209aa8692b,KXSECDEF-26DEC31-MW,2024-11-12T05:09:02.565348Z,19.00,0.0700,0.9300,no
46004b90-93c9-401b-bcb7-f38127d8fe36,KXSECDEF-26DEC31-MW,2024-11-12T05:08:51.525186Z,6.00,0.0700,0.9300,yes
48c0e8d7-fb6f-4d6a-8c11-fc710abcac46,KXSECDEF-26DEC31-MW,2024-11-12T05:08:25.904721Z,25.00,0.0700,0.9300,yes
a9e8808d-d3d8-4b1b-a089-dafc41a7123f,KXSECDEF-26DEC31-MW,2024-11-12T05:06:17.729092Z,25.00,0.0700,0.9300,yes
fc1a0c17-73c1-4390-9bce-1d69f37f7da0,KXSECDEF-26DEC31-MW,2024-11-12T04:57:41.022926Z,297.00,0.0700,0.9300,yes
c575eb88-e1d8-44d7-a048-6733f50034e3,KXSECDEF-26DEC31-MW,2024-11-12T04:57:41.022926Z,100.00,0.0600,0.9400,yes
8c48ef8f-585f-4c94-8460-f2dda78ce04a,KXSECDEF-26DEC31-MW,2024-11-12T04:50:35.670152Z,42.00,0.0400,0.9600,no
b8fd8928-1003-4f99-a8b0-7c1385272a90,KXSECDEF-26DEC31-MW,2024-11-12T04:48:45.07257Z,100.00,0.0500,0.9500,no
388bf8aa-9abd-4ca7-a274-a56b243d1cac,KXSECDEF-26DEC31-MW,2024-11-12T04:48:45.07257Z,6098.00,0.0400,0.9600,no
f3be8724-f5c1-44ff-a9f2-d376b0287fd0,KXSECDEF-26DEC31-MW,2024-11-12T04:45:48.368026Z,100.00,0.0600,0.9400,yes
375f9f18-f4c9-4388-9863-31c654260ac0,KXSECDEF-26DEC31-MW,2024-11-12T04:45:48.368026Z,584.00,0.0700,0.9300,yes
537b1fda-c7cb-45c5-b05b-43ee25f23f2f,KXSECDEF-26DEC31-MW,2024-11-12T04:39:30.733187Z,50.00,0.0700,0.9300,yes
5038a72f-609e-4433-bdf0-95050f3d87c4,KXSECDEF-26DEC31-MW,2024-11-12T04:38:37.746473Z,13.00,0.0700,0.9300,yes
fac534bf-fc84-4c77-b391-021d7e8cae99,KXSECDEF-26DEC31-MW,2024-11-12T04:37:59.041883Z,30.00,0.0500,0.9500,no
dbe79183-c7df-4110-bd7c-ce967df2a104,KXSECDEF-26DEC31-MW,2024-11-12T04:37:59.041883Z,370.00,0.0400,0.9600,no
69def649-1308-4ca8-87db-b2ee2690316d,KXSECDEF-26DEC31-MW,2024-11-12T04:37:59.041883Z,16.00,0.0500,0.9500,no
c6a0a57c-a417-4d1b-ad4c-fef2d1cee8cf,KXSECDEF-26DEC31-MW,2024-11-12T04:30:44.252697Z,16.00,0.0800,0.9200,yes
a1ae89e8-40e0-4117-a372-58461c919731,KXSECDEF-26DEC31-MW,2024-11-12T04:30:44.252697Z,180.00,0.0700,0.9300,yes
76406c09-7721-485c-a416-055e92e9b5f4,KXSECDEF-26DEC31-MW,2024-11-12T04:30:44.252697Z,1000.00,0.0800,0.9200,yes
9f966edf-b6b4-4b3d-858e-050667962b39,KXSECDEF-26DEC31-MW,2024-11-12T04:29:47.904353Z,40.00,0.0500,0.9500,no
9afb626f-18b9-4854-873f-22c0b3395261,KXSECDEF-26DEC31-MW,2024-11-12T04:29:47.904353Z,5102.00,0.0400,0.9600,no
f45689d3-5d86-49db-9f74-6d6aedbd949b,KXSECDEF-26DEC31-MW,2024-11-12T04:29:46.913438Z,50.00,0.1000,0.9000,yes
ccf27a5f-c8b1-4d7f-8b3f-ecdf43c951f1,KXSECDEF-26DEC31-MW,2024-11-12T04:29:46.913438Z,10.00,0.1000,0.9000,yes
c38c0c09-9597-45c8-8589-b0fb8a1436c5,KXSECDEF-26DEC31-MW,2024-11-12T04:29:46.913438Z,30.00,0.1100,0.8900,yes
f314ac79-6244-466c-a19b-46715f5755b6,KXSECDEF-26DEC31-MW,2024-11-12T04:29:25.091897Z,419.00,0.0400,0.9600,no
d4ed4835-a8d2-4fbd-8a5f-14d2a343d8d4,KXSECDEF-26DEC31-MW,2024-11-12T04:29:25.091897Z,401.00,0.0500,0.9500,no
c721fa2b-8e0a-426a-b377-e23ad671e834,KXSECDEF-26DEC31-MW,2024-11-12T04:29:25.091897Z,1500.00,0.0500,0.9500,no
c6aaba2c-eecb-478d-a85c-924f6adc887b,KXSECDEF-26DEC31-MW,2024-11-12T04:29:25.091897Z,175.00,0.0700,0.9300,no
c1dc8223-6c7a-4b05-8f90-1efe3312b7e2,KXSECDEF-26DEC31-MW,2024-11-12T04:29:25.091897Z,60.00,0.0700,0.9300,no
7fa3085a-dc98-4271-a3b2-f1e400fb0584,KXSECDEF-26DEC31-MW,2024-11-12T04:29:25.091897Z,1000.00,0.0600,0.9400,no
68966e0e-2cc7-4d28-afab-bc2a59efb871,KXSECDEF-26DEC31-MW,2024-11-12T04:29:25.091897Z,195.00,0.0800,0.9200,no
5556e97d-d313-48a7-ab2d-0e25a2791b42,KXSECDEF-26DEC31-MW,2024-11-12T04:24:01.990577Z,5.00,0.0800,0.9200,no
b7a365a2-0e7b-4760-9ac7-d33c79e0a26e,KXSECDEF-26DEC31-MW,2024-11-12T04:21:02.037864Z,60.00,0.1100,0.8900,yes
1a63fa88-e742-40b1-a223-e7db524f3c61,KXSECDEF-26DEC31-MW,2024-11-12T04:21:02.037864Z,40.00,0.1100,0.8900,yes
fd6dc932-804f-4f2b-8a2d-15e3d961a240,KXSECDEF-26DEC31-MW,2024-11-12T04:16:17.678771Z,500.00,0.1200,0.8800,yes
e754384a-32eb-4bc7-b979-6c38440d193e,KXSECDEF-26DEC31-MW,2024-11-12T04:16:17.678771Z,647.00,0.1200,0.8800,yes
275f4804-344c-4f31-996b-addd2f74ee7f,KXSECDEF-26DEC31-MW,2024-11-12T04:16:17.678771Z,96.00,0.1000,0.9000,yes
08d268f2-e490-49d2-bcbf-330d2ea309d4,KXSECDEF-26DEC31-MW,2024-11-12T04:16:17.678771Z,1500.00,0.0900,0.9100,yes
f3bac104-de0b-4131-ae17-b11d581355bd,KXSECDEF-26DEC31-MW,2024-11-12T04:12:20.705065Z,84.00,0.0800,0.9200,yes
ed166bf9-ebc3-46fe-b35f-b091d13d5f85,KXSECDEF-26DEC31-MW,2024-11-12T04:12:20.705065Z,5.00,0.0800,0.9200,yes
e15fc01b-23c4-47d4-87c3-5651a8e4122c,KXSECDEF-26DEC31-MW,2024-11-12T04:12:20.705065Z,500.00,0.1000,0.9000,yes
a23f9275-0e8c-415c-bed0-180650e31321,KXSECDEF-26DEC31-MW,2024-11-12T04:12:20.705065Z,1125.00,0.0800,0.9200,yes
a2302c8d-1287-4c2f-a16f-a2605303ec14,KXSECDEF-26DEC31-MW,2024-11-12T04:12:20.705065Z,404.00,0.1000,0.9000,yes
4939e587-5811-4254-a91b-39580433106c,KXSECDEF-26DEC31-MW,2024-11-12T04:12:20.705065Z,4.00,0.1000,0.9000,yes
c74bdd8a-f4ee-4628-8b14-cfd602af0813,KXSECDEF-26DEC31-MW,2024-11-12T04:11:36.336855Z,401.00,0.0700,0.9300,yes
a264d5e1-28b7-4ed0-bcce-83518830122c,KXSECDEF-26DEC31-MW,2024-11-12T04:11:36.336855Z,20.00,0.0700,0.9300,yes
4645929b-41d2-401c-92fe-789b820123d0,KXSECDEF-26DEC31-MW,2024-11-12T04:11:36.336855Z,1978.00,0.0800,0.9200,yes
c8d1b95f-0b9f-4301-96f8-85edb5c3c35d,KXSECDEF-26DEC31-MW,2024-11-12T04:07:53.312113Z,99.00,0.0500,0.9500,no
6759746b-3ccb-4c32-85a5-605b21ecaff6,KXSECDEF-26DEC31-MW,2024-11-12T04:02:43.021323Z,99.00,0.0700,0.9300,yes
337d7fef-4578-4b29-be3a-27284ece136f,KXSECDEF-26DEC31-MW,2024-11-12T04:02:43.021323Z,1.00,0.0700,0.9300,yes
2b3d0f32-ebc9-4838-a32d-fab7e39edc1f,KXSECDEF-26DEC31-MW,2024-11-12T03:54:13.493943Z,10.00,0.0400,0.9600,no
4d115179-9fdd-40d9-93e1-50f364d03cd1,KXSECDEF-26DEC31-MW,2024-11-12T03:49:55.772855Z,21.00,0.0400,0.9600,no
29dd196e-e50e-4f7c-b53a-094f75116e3c,KXSECDEF-26DEC31-MW,2024-11-12T03:49:55.772855Z,324.00,0.0500,0.9500,no
97129a31-c930-4908-babc-120ba3ba1362,KXSECDEF-26DEC31-MW,2024-11-12T03:47:01.517265Z,164.00,0.0500,0.9500,no
d30d89a1-eacf-449e-8ee4-e8fc9ecc24b3,KXSECDEF-26DEC31-MW,2024-11-12T03:39:43.209948Z,2.00,0.0500,0.9500,no
64a92e6a-6f72-41ef-ae85-51a3a5f0401f,KXSECDEF-26DEC31-MW,2024-11-12T03:32:45.970068Z,3523.00,0.0800,0.9200,yes
e9451b75-ee62-4653-a8ce-384dcc81ae86,KXSECDEF-26DEC31-MW,2024-11-12T03:31:13.58241Z,10.00,0.0700,0.9300,yes
178b74a3-ad05-4f46-a7bc-41129e264c9a,KXSECDEF-26DEC31-MW,2024-11-12T03:31:13.58241Z,2.00,0.0800,0.9200,yes
52f878d0-7498-40b7-bcc6-7393f34d9fe8,KXSECDEF-26DEC31-MW,2024-11-12T03:29:25.215229Z,490.00,0.0700,0.9300,no
a8d4a6ca-8898-4a42-9d75-a758f8fa08e2,KXSECDEF-26DEC31-MW,2024-11-12T03:29:10.997334Z,10.00,0.0700,0.9300,yes
ff01f7fd-c7dc-4aaf-8d9d-18c830fcea11,KXSECDEF-26DEC31-MW,2024-11-12T03:27:13.860502Z,4.00,0.0800,0.9200,yes
79b7782e-3c21-49b5-9130-138d752900a8,KXSECDEF-26DEC31-MW,2024-11-12T03:26:36.109801Z,10.00,0.0400,0.9600,no
86d63048-83a9-4599-aff4-19478ad9ad58,KXSECDEF-26DEC31-MW,2024-11-12T03:24:54.201618Z,822.00,0.0800,0.9200,yes
7c25afff-ba34-483c-b101-0769eae8aa44,KXSECDEF-26DEC31-MW,2024-11-12T03:20:25.941898Z,46.00,0.0800,0.9200,yes
332506e2-196a-4e21-8204-0c4f109918ad,KXSECDEF-26DEC31-MW,2024-11-12T03:16:08.13659Z,200.00,0.0400,0.9600,no
f7970edd-7673-426c-9c5d-6f080cdf76f2,KXSECDEF-26DEC31-MW,2024-11-12T03:13:01.831068Z,11.00,0.1100,0.8900,yes
b3a275a5-77e5-4250-866c-8a82af9b43f1,KXSECDEF-26DEC31-MW,2024-11-12T03:11:16.313016Z,200.00,0.1000,0.9000,yes
c4eee234-7ab3-4d95-a555-8f29efe3d201,KXSECDEF-26DEC31-MW,2024-11-12T03:09:53.501532Z,47.00,0.1000,0.9000,yes
ac9d0826-8f54-4899-bbcf-a72bd179e0fb,KXSECDEF-26DEC31-MW,2024-11-12T03:09:06.992741Z,1000.00,0.0800,0.9200,yes
81097dbc-8f52-4fd5-b089-60425f633e69,KXSECDEF-26DEC31-MW,2024-11-12T03:09:06.992741Z,46.00,0.1000,0.9000,yes
415516a4-b8c4-405a-8533-78fe7f1e4a63,KXSECDEF-26DEC31-MW,2024-11-12T03:09:06.992741Z,100.00,0.0900,0.9100,yes
3ece3eea-9848-4983-a852-6ebbe15f7119,KXSECDEF-26DEC31-MW,2024-11-12T03:09:06.992741Z,4.00,0.0800,0.9200,yes
bafa2eb3-d1f9-4993-a9ef-559d509b2fcc,KXSECDEF-26DEC31-MW,2024-11-12T03:08:38.139205Z,2878.00,0.0500,0.9500,yes
68c91f33-b569-4161-9037-4b080454deb4,KXSECDEF-26DEC31-MW,2024-11-12T03:08:38.139205Z,1000.00,0.0700,0.9300,yes
42bab8bb-327c-4eac-a5b3-f8e167332b99,KXSECDEF-26DEC31-MW,2024-11-12T03:08:38.139205Z,106.00,0.0800,0.9200,yes
1b2f0024-14b6-40b9-82be-ca2568fe9928,KXSECDEF-26DEC31-MW,2024-11-12T03:08:38.139205Z,242.00,0.0500,0.9500,yes
54ec8cc8-e18a-4c8d-8e80-641b26703a14,KXSECDEF-26DEC31-MW,2024-11-12T03:08:02.863028Z,10.00,0.0400,0.9600,no
df67fd40-5692-476a-98cb-a7114dfcc76f,KXSECDEF-26DEC31-MW,2024-11-12T03:04:40.153979Z,1637.00,0.0400,0.9600,no
e711f0cf-3a5d-4c91-8cde-2cef77d5a22a,KXSECDEF-26DEC31-MW,2024-11-12T03:00:44.975655Z,200.00,0.0400,0.9600,no
b413530e-276d-40c4-8fa1-f5a619ff9e13,KXSECDEF-26DEC31-MW,2024-11-12T02:59:01.76594Z,93.00,0.0500,0.9500,yes
7fb4aa21-13fd-4521-8423-f51dd256a86e,KXSECDEF-26DEC31-MW,2024-11-12T02:57:23.900609Z,93.00,0.0500,0.9500,yes
7cd90761-ecc4-40d5-abd7-c1c4d3905361,KXSECDEF-26DEC31-MW,2024-11-12T02:56:57.680851Z,25.00,0.0200,0.9800,no
d980966f-af5d-432b-a7db-bc6207740c44,KXSECDEF-26DEC31-MW,2024-11-12T02:52:46.323921Z,25.00,0.0200,0.9800,no
9b703f64-ac0d-4a5a-90f2-07b5b0eb71a2,KXSECDEF-26DEC31-MW,2024-11-12T02:52:46.323921Z,130.00,0.0200,0.9800,no
6efd389e-4b52-4ea1-befe-39ff66d1fa25,KXSECDEF-26DEC31-MW,2024-11-12T02:52:46.323921Z,1743.00,0.0200,0.9800,no
f9101801-05ee-4368-a5df-fa30ccb68f69,KXSECDEF-26DEC31-MW,2024-11-12T02:48:56.632508Z,75.00,0.0200,0.9800,no
a0b3efb7-5b3e-4a52-bd92-98f0af20fe48,KXSECDEF-26DEC31-MW,2024-11-12T02:48:06.624338Z,610.00,0.0400,0.9600,yes
4053e2f8-eb21-49ec-a1a0-682e1235cc78,KXSECDEF-26DEC31-MW,2024-11-12T02:48:06.624338Z,100.00,0.0400,0.9600,yes
2e189cec-d849-4768-8576-4d2b854ebd6f,KXSECDEF-26DEC31-MW,2024-11-12T02:48:06.624338Z,927.00,0.0500,0.9500,yes
a16ba7f4-d6c9-4cc8-b350-30471e8c3777,KXSECDEF-26DEC31-MW,2024-11-12T02:47:04.261315Z,66.00,0.0400,0.9600,yes
a02d0e4f-20d8-4f13-86ea-02a6c5bc6629,KXSECDEF-26DEC31-MW,2024-11-12T02:47:04.261315Z,390.00,0.0400,0.9600,yes
064c6dd2-9730-437f-bfe9-973aa3d136e2,KXSECDEF-26DEC31-MW,2024-11-12T02:47:04.261315Z,12.00,0.0400,0.9600,yes
cb3d3bc4-ba99-4662-a6cc-8d66b1f1eda7,KXSECDEF-26DEC31-MW,2024-11-12T02:45:27.926097Z,35.00,0.0200,0.9800,no
0989a942-0039-40b8-a0d6-e56268449d89,KXSECDEF-26DEC31-MW,2024-11-12T02:41:05.872598Z,32.00,0.0200,0.9800,no
020cf8b3-cafa-4115-8f6a-c1c55ac01137,KXSECDEF-26DEC31-MW,2024-11-12T02:39:46.671189Z,117.00,0.0400,0.9600,yes
ed5b8115-7e32-46a8-ae7f-99475ee22fd8,KXSECDEF-26DEC31-MW,2024-11-12T02:26:05.392884Z,38.00,0.0300,0.9700,no
78d35d0f-4165-490b-944a-64dbc1b8e7e0,KXSECDEF-26DEC31-MW,2024-11-12T02:24:11.87883Z,31.00,0.0300,0.9700,no
fb994240-1dc9-43f8-a534-dfea11d62113,KXSECDEF-26DEC31-MW,2024-11-12T02:18:20.199215Z,28.00,0.0200,0.9800,no
8586c19d-526e-418e-a8d3-bf2f96f53237,KXSECDEF-26DEC31-MW,2024-11-12T02:18:20.199215Z,49.00,0.0200,0.9800,no
633eb3cb-3c24-4439-b877-0a961c91680a,KXSECDEF-26DEC31-MW,2024-11-12T02:18:20.199215Z,523.00,0.0200,0.9800,no
26dd73ec-d6d4-4dd4-88cd-e352d02ba6bb,KXSECDEF-26DEC31-MW,2024-11-12T02:18:20.199215Z,25.00,0.0200,0.9800,no
222a32e1-cdd4-4c18-9351-6f7113f08212,KXSECDEF-26DEC31-MW,2024-11-12T02:18:20.199215Z,100.00,0.0200,0.9800,no
42f0950d-fbbe-4167-8f75-82e14294b678,KXSECDEF-26DEC31-MW,2024-11-12T02:17:19.838748Z,1.00,0.0200,0.9800,no
22877634-0bf9-406a-8c3e-c3477fe06262,KXSECDEF-26DEC31-MW,2024-11-12T02:17:19.835152Z,1.00,0.0200,0.9800,no
f078d7f8-1d0f-42bf-a1d6-127d76826e80,KXSECDEF-26DEC31-MW,2024-11-12T02:16:12.52219Z,139.00,0.0200,0.9800,no
c9995825-d041-476b-b405-e449a284349a,KXSECDEF-26DEC31-MW,2024-11-12T02:15:08.757139Z,833.00,0.0400,0.9600,yes
335660f7-7c3d-44ce-bc50-4d6869f479ff,KXSECDEF-26DEC31-MW,2024-11-12T02:14:43.968184Z,49.00,0.0200,0.9800,no
66f8450a-ee44-41f9-8288-0d8e5f455004,KXSECDEF-26DEC31-MW,2024-11-12T02:11:28.219545Z,250.00,0.0200,0.9800,no
56c75779-1aeb-40da-99ea-d10c1761f855,KXSECDEF-26DEC31-MW,2024-11-12T02:10:26.558632Z,236.00,0.0200,0.9800,no
73f979e5-83af-4ab0-b08b-5774b4b7d13c,KXSECDEF-26DEC31-MW,2024-11-12T02:05:11.633089Z,216.00,0.0500,0.9500,yes
5814a3f1-91e2-43e7-be3a-69aaf75fa4ac,KXSECDEF-26DEC31-MW,2024-11-12T02:05:11.633089Z,57.00,0.0400,0.9600,yes
8d167454-83b9-4069-b4ae-e24d8044b8c9,KXSECDEF-26DEC31-MW,2024-11-12T02:04:24.518923Z,468.00,0.0400,0.9600,yes
4471b245-f561-4a46-b867-aa912b3d7cd8,KXSECDEF-26DEC31-MW,2024-11-12T02:03:15.979675Z,381.00,0.0200,0.9800,no
6d95caa7-45d3-41b3-b2c2-fe2e5223881c,KXSECDEF-26DEC31-MW,2024-11-12T01:53:46.137677Z,100.00,0.0400,0.9600,yes
05fb9b33-224c-40ec-9c25-20d3097a4659,KXSECDEF-26DEC31-MW,2024-11-12T01:53:35.383068Z,8.00,0.0200,0.9800,no
446da6e1-84b3-46e4-86db-cab3ceeecd9e,KXSECDEF-26DEC31-MW,2024-11-12T01:50:32.263435Z,375.00,0.0500,0.9500,yes
42bbc190-5b79-452d-9762-c69aa659d4da,KXSECDEF-26DEC31-MW,2024-11-12T01:50:31.934861Z,375.00,0.0500,0.9500,yes
c44d0105-525e-47cb-98d7-646d4eed14e4,KXSECDEF-26DEC31-MW,2024-11-12T01:49:43.231542Z,100.00,0.0500,0.9500,yes
5d6d2f20-21ad-4a26-89b2-900ed930a2d8,KXSECDEF-26DEC31-MW,2024-11-12T01:47:53.200197Z,103.00,0.0200,0.9800,no
f1525bcb-0e57-46dc-9c43-de17daf892ea,KXSECDEF-26DEC31-MW,2024-11-12T01:46:31.770021Z,40.00,0.0500,0.9500,yes
b9283755-d35f-44f5-a236-1dd46a98cea8,KXSECDEF-26DEC31-MW,2024-11-12T01:43:38.660021Z,250.00,0.0400,0.9600,yes
6d0cda45-012c-45a5-be7d-a213ec73f948,KXSECDEF-26DEC31-MW,2024-11-12T01:43:38.660021Z,17688.00,0.0500,0.9500,yes
6b406081-b9d8-419f-8e7d-3c54605f9f02,KXSECDEF-26DEC31-MW,2024-11-12T01:43:38.660021Z,1088.00,0.0400,0.9600,yes
ddd42d4f-73a2-4e9a-a2a5-00e5bef30862,KXSECDEF-26DEC31-MW,2024-11-12T01:41:14.623951Z,81.00,0.0200,0.9800,no
3e648957-acec-4498-b4ce-4a574c2d4d89,KXSECDEF-26DEC31-MW,2024-11-12T01:40:18.587475Z,60.00,0.0200,0.9800,no
2354f9da-673c-4a75-8fa1-4ceeeba3f7de,KXSECDEF-26DEC31-MW,2024-11-12T01:38:37.936941Z,230.00,0.0200,0.9800,no
4275b5ff-0216-481a-9603-52975fdfa225,KXSECDEF-26DEC31-MW,2024-11-12T01:35:35.627093Z,3750.00,0.0500,0.9500,yes
e168fd63-03f7-4962-979f-bb42f0d520ee,KXSECDEF-26DEC31-MW,2024-11-12T01:34:21.108931Z,1312.00,0.0200,0.9800,no
19537e18-5d16-47c9-b955-a73810c5ad70,KXSECDEF-26DEC31-MW,2024-11-12T01:33:59.963988Z,72.00,0.0200,0.9800,no
b3835a97-bd02-49ee-acdf-6660cb093da0,KXSECDEF-26DEC31-MW,2024-11-12T01:32:18.374569Z,23.00,0.0200,0.9800,no
249aba60-5d90-4791-a8d7-5f47ac68c1a3,KXSECDEF-26DEC31-MW,2024-11-12T01:31:19.579838Z,245.00,0.0200,0.9800,no
e51b3fb8-b3f5-47be-9104-58bb967dbf2d,KXSECDEF-26DEC31-MW,2024-11-12T01:28:51.047395Z,33.00,0.0300,0.9700,no
97921035-07e2-4e13-9539-78ac2935f5c7,KXSECDEF-26DEC31-MW,2024-11-12T01:28:51.047395Z,1698.00,0.0300,0.9700,no
4ca279ba-f2ee-4dd4-b147-6f6ed9ff0bd7,KXSECDEF-26DEC31-MW,2024-11-12T01:28:51.047395Z,1316.00,0.0300,0.9700,no
3ffe3e40-116e-4397-9f84-948832df6096,KXSECDEF-26DEC31-MW,2024-11-12T01:28:51.047395Z,5000.00,0.0300,0.9700,no
27dd9ba5-8ff1-4742-9362-7ab3efa70c52,KXSECDEF-26DEC31-MW,2024-11-12T01:28:51.047395Z,15802.00,0.0200,0.9800,no
04c20ae5-d9c5-42c4-9616-a5281cdda1bf,KXSECDEF-26DEC31-MW,2024-11-12T01:28:51.047395Z,50.00,0.0300,0.9700,no
2cda93ef-188c-40bc-ace5-fb52a996d96e,KXSECDEF-26DEC31-MW,2024-11-12T01:28:42.067282Z,1312.00,0.0500,0.9500,yes
a73cfe63-f589-4c81-b0fb-f3849a789471,KXSECDEF-26DEC31-MW,2024-11-12T01:28:28.633045Z,1462.00,0.0300,0.9700,no
6479def4-dce7-4ec9-96e5-305464ea0c21,KXSECDEF-26DEC31-MW,2024-11-12T01:24:22.87349Z,380.00,0.0300,0.9700,no
38ec4e5d-c186-43ee-adb3-982edb96d599,KXSECDEF-26DEC31-MW,2024-11-12T01:24:19.606794Z,100.00,0.0300,0.9700,no
0a8d00c8-f3e1-4392-a938-5a1e8fcc5d45,KXSECDEF-26DEC31-MW,2024-11-12T01:20:47.025816Z,18.00,0.0500,0.9500,yes
7f1eb541-3b15-4759-9e8e-1b959decde6f,KXSECDEF-26DEC31-MW,2024-11-12T01:17:13.281664Z,30.00,0.0300,0.9700,no
62f2c6aa-af43-4d0e-bb71-cc593f0f6d69,KXSECDEF-26DEC31-MW,2024-11-12T01:14:07.940875Z,654.00,0.0300,0.9700,no
18f11013-a8e4-4fdc-9c8d-ce27a48df981,KXSECDEF-26DEC31-MW,2024-11-12T01:14:07.940875Z,346.00,0.0300,0.9700,no
46f59033-ec05-48a3-8b31-0b218a2ff8cb,KXSECDEF-26DEC31-MW,2024-11-12T01:11:49.696185Z,41.00,0.0300,0.9700,no
b4dc0a2b-4ee4-4c46-8f67-8178d9501fcf,KXSECDEF-26DEC31-MW,2024-11-12T01:09:58.300523Z,31.00,0.0300,0.9700,no
1782a952-0383-48da-b5bd-ea67362b5457,KXSECDEF-26DEC31-MW,2024-11-12T01:07:59.5061Z,147.00,0.0300,0.9700,no
9191dd36-5b6a-4268-854b-ac1a257924fd,KXSECDEF-26DEC31-MW,2024-11-12T01:06:29.636495Z,12.00,0.0300,0.9700,no
4a825c15-cf0d-4c83-a112-88956b820768,KXSECDEF-26DEC31-MW,2024-11-12T01:02:36.47322Z,127.00,0.0300,0.9700,no
d5c0afef-78c7-4fa7-b94d-7615c628debe,KXSECDEF-26DEC31-MW,2024-11-12T01:02:15.791326Z,12.00,0.0300,0.9700,no
4b2396f6-571c-48f6-ab72-62476c8ca28f,KXSECDEF-26DEC31-MW,2024-11-12T00:58:56.445169Z,282.00,0.0300,0.9700,no
e2e1a6fa-5c04-446f-a188-3b637535e08c,KXSECDEF-26DEC31-MW,2024-11-12T00:57:10.628387Z,375.00,0.0500,0.9500,yes
c231f67c-9bd7-4aae-acec-064b9ec5791b,KXSECDEF-26DEC31-MW,2024-11-12T00:55:07.496614Z,1875.00,0.0500,0.9500,yes
4dec3f90-71d7-4aa9-b3b5-6f653c2646f9,KXSECDEF-26DEC31-MW,2024-11-12T00:52:53.408653Z,450.00,0.0500,0.9500,yes
f0b92ff0-d9ab-4e61-b9cb-3c91482325e8,KXSECDEF-26DEC31-MW,2024-11-12T00:52:42.254271Z,75.00,0.0500,0.9500,yes
9901180c-13b2-4fcb-a4ca-9d4589d69fef,KXSECDEF-26DEC31-MW,2024-11-12T00:52:42.254271Z,1799.00,0.0500,0.9500,yes
1ea00eab-311f-4094-8a8b-70a4c910823e,KXSECDEF-26DEC31-MW,2024-11-12T00:52:42.254271Z,1.00,0.0500,0.9500,yes
532abd5a-ba5d-4513-b966-8da448810d33,KXSECDEF-26DEC31-MW,2024-11-12T00:52:31.691161Z,30.00,0.0300,0.9700,no
f03d7ec2-d823-42c8-9d0f-677a17b8a1ac,KXSECDEF-26DEC31-MW,2024-11-12T00:52:21.16625Z,339.00,0.0300,0.9700,no
09186c79-f128-4c64-94b4-dbc33dcb6223,KXSECDEF-26DEC31-MW,2024-11-12T00:52:21.16625Z,93.00,0.0400,0.9600,no
4ccc496f-fd12-44d9-b041-532918591d9c,KXSECDEF-26DEC31-MW,2024-11-12T00:49:10.757411Z,201.00,0.0500,0.9500,yes
125897bd-e45c-4b0b-b4ad-7023e835eb2a,KXSECDEF-26DEC31-MW,2024-11-12T00:49:10.757411Z,173.00,0.0500,0.9500,yes
4b07b8d3-87cc-4e65-a296-a7de2f0e8a81,KXSECDEF-26DEC31-MW,2024-11-12T00:49:01.668314Z,78.00,0.0400,0.9600,no
d28b12f1-046b-4a8a-aa6c-b418fb4f6dea,KXSECDEF-26DEC31-MW,2024-11-12T00:48:25.956241Z,10.00,0.0500,0.9500,yes
bb0a0c3b-7323-47ff-a91f-8a47902b8f3b,KXSECDEF-26DEC31-MW,2024-11-12T00:47:09.731017Z,29.00,0.0400,0.9600,no
07905b5a-d705-4480-bd8d-3db41e7f327d,KXSECDEF-26DEC31-MW,2024-11-12T00:44:52.428546Z,10.00,0.0200,0.9800,no
03992c8e-c91e-48c7-8b92-da2e735c4740,KXSECDEF-26DEC31-MW,2024-11-12T00:43:27.098808Z,5.00,0.0500,0.9500,yes
b8a722e2-84ed-4ac1-bf31-3e70358877df,KXSECDEF-26DEC31-MW,2024-11-12T00:42:51.543174Z,79.00,0.0200,0.9800,no
bfa88a66-dd76-4f55-a83f-e3053707945f,KXSECDEF-26DEC31-MW,2024-11-12T00:42:16.745092Z,220.00,0.0200,0.9800,no
a10612f7-798a-4cdd-89d3-94e3d326945d,KXSECDEF-26DEC31-MW,2024-11-12T00:42:16.745092Z,108.00,0.0300,0.9700,no
7347f9c1-b923-4e5f-ba4c-3b04480dcbe3,KXSECDEF-26DEC31-MW,2024-11-12T00:42:16.745092Z,309.00,0.0300,0.9700,no
68906a36-09d5-4590-90ee-efa74f2eb610,KXSECDEF-26DEC31-MW,2024-11-12T00:42:03.715093Z,10.00,0.0300,0.9700,no
f70017fe-c47d-41e8-a194-d59dd214bf09,KXSECDEF-26DEC31-MW,2024-11-12T00:40:46.900997Z,225.00,0.0500,0.9500,yes
ec84e097-a92a-4543-8f1e-40bedf9e1044,KXSECDEF-26DEC31-MW,2024-11-12T00:40:16.478435Z,375.00,0.0500,0.9500,yes
92e5e1ac-353b-4609-b5ec-253f7c87669f,KXSECDEF-26DEC31-MW,2024-11-12T00:39:31.751893Z,500.00,0.0500,0.9500,yes
2c5c81ef-d317-4823-8c0f-d5aeb90a0518,KXSECDEF-26DEC31-MW,2024-11-12T00:38:08.677424Z,78.00,0.0300,0.9700,no
5eabb529-1e62-4828-8df5-5b3913f53601,KXSECDEF-26DEC31-MW,2024-11-12T00:37:28.918694Z,122.00,0.0300,0.9700,no
cdb4ee05-0e74-410c-a351-18faec0f61b7,KXSECDEF-26DEC31-MW,2024-11-12T00:36:46.827498Z,108.00,0.0500,0.9500,yes
fe131828-ce16-4996-a134-0f039802740b,KXSECDEF-26DEC31-MW,2024-11-12T00:35:48.075804Z,85.00,0.0300,0.9700,no
b4922434-160a-429f-ba32-d80b85cb55c4,KXSECDEF-26DEC31-MW,2024-11-12T00:34:17.819196Z,3.00,0.0200,0.9800,no
c9505fce-0124-4d1d-ab97-e97c3b8c3f73,KXSECDEF-26DEC31-MW,2024-11-12T00:33:45.300073Z,568.00,0.0500,0.9500,yes
013d5912-616d-4a9e-b020-f68791e8a22f,KXSECDEF-26DEC31-MW,2024-11-12T00:33:45.300073Z,69.00,0.0400,0.9600,yes
08c5ebf0-0e0e-44cd-b8c0-3e03db90dd1b,KXSECDEF-26DEC31-MW,2024-11-12T00:33:39.60889Z,1.00,0.0200,0.9800,no
c98cf48d-f6a9-4f9f-a698-5448d0e700ae,KXSECDEF-26DEC31-MW,2024-11-12T00:33:33.50048Z,2.00,0.0200,0.9800,no
437aec7b-5f39-4f5d-95d6-9fcbb109fa60,KXSECDEF-26DEC31-MW,2024-11-12T00:29:10.723554Z,4.00,0.0200,0.9800,no
618dbc00-728c-48dc-83d8-0c45113bdb4d,KXSECDEF-26DEC31-MW,2024-11-12T00:28:54.526021Z,23.00,0.0200,0.9800,no
1d907991-4e46-41f8-837f-d9887b0570fa,KXSECDEF-26DEC31-MW,2024-11-12T00:28:27.787618Z,36.00,0.0500,0.9500,yes
eeae4380-bdfa-4836-9ecb-276d9a6acb23,KXSECDEF-26DEC31-MW,2024-11-12T00:25:18.68935Z,4.00,0.0200,0.9800,no
f8ba5191-a9c4-45ec-9fba-595024e03acb,KXSECDEF-26DEC31-MW,2024-11-12T00:24:43.158173Z,21.00,0.0200,0.9800,no
dcc6e8da-28da-4980-9804-7cd1890c196a,KXSECDEF-26DEC31-MW,2024-11-12T00:24:20.495366Z,1698.00,0.0300,0.9700,no
71020745-6da6-44f1-ae1a-525191a4fb95,KXSECDEF-26DEC31-MW,2024-11-12T00:23:09.82248Z,83.00,0.0300,0.9700,no
0dc42caf-6f72-4ecd-8267-c1195b4cce00,KXSECDEF-26DEC31-MW,2024-11-12T00:23:09.82248Z,302.00,0.0300,0.9700,no
7be1cbfa-432d-4abc-b76a-a1aef5962463,KXSECDEF-26DEC31-MW,2024-11-12T00:22:44.985172Z,10.00,0.0300,0.9700,no
e9202519-f614-4104-a0ce-8b157677d475,KXSECDEF-26DEC31-MW,2024-11-12T00:18:21.439925Z,781.00,0.0600,0.9400,yes
cd0eab14-30ef-4418-8ce3-9f75bfc0c6ed,KXSECDEF-26DEC31-MW,2024-11-12T00:16:50.193113Z,800.00,0.0500,0.9500,yes
a424d13f-cd0e-4419-b6a5-8359e7f814c8,KXSECDEF-26DEC31-MW,2024-11-12T00:16:50.193113Z,1500.00,0.0500,0.9500,yes
8a477546-b26a-45d7-9670-a5eb6bf60ccd,KXSECDEF-26DEC31-MW,2024-11-12T00:16:50.193113Z,250.00,0.0500,0.9500,yes
38c34d65-0d38-4cf6-b7e2-22197ccd3b56,KXSECDEF-26DEC31-MW,2024-11-12T00:16:50.193113Z,5000.00,0.0500,0.9500,yes
213bc992-d8f6-4c3e-8d87-bf4b2a56b9f3,KXSECDEF-26DEC31-MW,2024-11-12T00:16:50.193113Z,207.00,0.0600,0.9400,yes
1108aec7-5e9f-485a-9149-187d27be6778,KXSECDEF-26DEC31-MW,2024-11-12T00:16:50.193113Z,107.00,0.0500,0.9500,yes
85b8bb76-4a37-4954-b8b7-94c8b85649d4,KXSECDEF-26DEC31-MW,2024-11-12T00:16:07.552648Z,7.00,0.0300,0.9700,no
d511cf40-a28d-4a36-b377-416be507186a,KXSECDEF-26DEC31-MW,2024-11-12T00:12:40.362316Z,25.00,0.0200,0.9800,no
2876092e-952d-4743-b8ce-fd9c6e7be367,KXSECDEF-26DEC31-MW,2024-11-12T00:10:43.259092Z,172.00,0.0200,0.9800,no
d6eccdd3-850c-489b-8198-56a29d6d2234,KXSECDEF-26DEC31-MW,2024-11-12T00:09:17.639549Z,5.00,0.0200,0.9800,no
d3304f42-5c99-405f-8d5d-fa0401f9d429,KXSECDEF-26DEC31-MW,2024-11-12T00:08:17.339725Z,22.00,0.0200,0.9800,no
816f0d56-ca2f-4742-b2cd-ad72f9bfe8d4,KXSECDEF-26DEC31-MW,2024-11-12T00:07:16.284433Z,5.00,0.0200,0.9800,no
92dbc230-0837-41df-a754-823a6f93b4a3,KXSECDEF-26DEC31-MW,2024-11-12T00:06:32.196381Z,63.00,0.0200,0.9800,no
c8e5447d-2216-47e2-b0a0-e4cbb5d64b31,KXSECDEF-26DEC31-MW,2024-11-12T00:06:24.863731Z,200.00,0.0500,0.9500,yes
8e01b92e-97b6-491f-aba1-cbb8d82d1888,KXSECDEF-26DEC31-MW,2024-11-12T00:03:41.504126Z,193.00,0.0500,0.9500,yes
48b8287c-aa25-45e4-b59e-c3edda8c228d,KXSECDEF-26DEC31-MW,2024-11-12T00:03:41.504126Z,181.00,0.0500,0.9500,yes
27f681f5-4447-4963-a924-9b73dee683e1,KXSECDEF-26DEC31-MW,2024-11-12T00:03:40.823124Z,218.00,0.0500,0.9500,yes
0db88a30-cd1b-43f7-ae7d-52154a54bbef,KXSECDEF-26DEC31-MW,2024-11-12T00:02:04.790067Z,15.00,0.0200,0.9800,no
27c1160b-d8f9-4675-a0a8-30bfb34a24ab,KXSECDEF-26DEC31-MW,2024-11-12T00:01:40.686548Z,54.00,0.0500,0.9500,yes
088e19f9-a4d4-4734-af8a-08751c0a37a7,KXSECDEF-26DEC31-MW,2024-11-12T00:00:35.720852Z,781.00,0.0200,0.9800,no
dcbec904-9fc3-4796-b4aa-96dd9e450687,KXSECDEF-26DEC31-MW,2024-11-11T23:59:43.537613Z,1053.00,0.0500,0.9500,yes
b92f647f-4f9f-4897-8bbd-3200013a1991,KXSECDEF-26DEC31-MW,2024-11-11T23:59:39.506319Z,400.00,0.0300,0.9700,no
97832788-083b-40e3-a7b9-83b10d21fbe7,KXSECDEF-26DEC31-MW,2024-11-11T23:59:33.012545Z,6447.00,0.0500,0.9500,yes
7354b76a-b69e-45ae-abd2-4001fa3241a7,KXSECDEF-26DEC31-MW,2024-11-11T23:59:33.012545Z,327.00,0.0500,0.9500,yes
2020e240-151c-4dc4-91a9-ca6568dad02f,KXSECDEF-26DEC31-MW,2024-11-11T23:58:43.279466Z,25.00,0.0600,0.9400,yes
af5f8484-a575-450c-a8d3-c56ea1a5a21a,KXSECDEF-26DEC31-MW,2024-11-11T23:58:41.946285Z,359.00,0.0600,0.9400,yes
7628314a-f2ba-4342-b621-22a1e8fda038,KXSECDEF-26DEC31-MW,2024-11-11T23:58:41.946285Z,422.00,0.0600,0.9400,yes
2bba6aa5-2855-49ec-be16-a92c97941f2a,KXSECDEF-26DEC31-MW,2024-11-11T23:57:53.543798Z,629.00,0.0200,0.9800,no
09afa56a-1926-43bd-a3b6-0b19fee34c61,KXSECDEF-26DEC31-MW,2024-11-11T23:57:36.69581Z,42.00,0.0300,0.9700,no
093a9284-183b-480d-9896-d16f40aeb005,KXSECDEF-26DEC31-MW,2024-11-11T23:57:36.69581Z,84.00,0.0200,0.9800,no
ac7fc07f-043d-45d4-a962-fbf24d8f8fb3,KXSECDEF-26DEC31-MW,2024-11-11T23:56:18.046985Z,84.00,0.0300,0.9700,no
a4f83c72-0696-44ea-ad46-f8ca6b819e05,KXSECDEF-26DEC31-MW,2024-11-11T23:56:18.046985Z,208.00,0.0300,0.9700,no
0b1797b1-0367-40c4-80af-8419f25da871,KXSECDEF-26DEC31-MW,2024-11-11T23:56:11.809414Z,165.00,0.0300,0.9700,no
5df6b13b-92ff-4a85-8de4-887f50470bf3,KXSECDEF-26DEC31-MW,2024-11-11T23:54:44.865418Z,78.00,0.0600,0.9400,yes
b32716cf-02e0-4263-bb01-4713d565fa1c,KXSECDEF-26DEC31-MW,2024-11-11T23:54:01.227329Z,245.00,0.0500,0.9500,no
6926017d-95db-481a-b06c-b7571db8ac9e,KXSECDEF-26DEC31-MW,2024-11-11T23:53:06.183308Z,242.00,0.0500,0.9500,no
82402f28-5d56-40ab-a41a-fb2886978d4e,KXSECDEF-26DEC31-MW,2024-11-11T23:52:27.59506Z,52.00,0.0500,0.9500,no
45253068-204f-45fc-9f84-d9601335718e,KXSECDEF-26DEC31-MW,2024-11-11T23:52:02.283294Z,10.00,0.0600,0.9400,no
8831af0b-6e0a-4245-884d-c86d2709e9f8,KXSECDEF-26DEC31-MW,2024-11-11T23:51:37.453407Z,33.00,0.0500,0.9500,no
c80bca8c-41ea-4ac5-becc-1f7c4bb39c49,KXSECDEF-26DEC31-MW,2024-11-11T23:51:19.110747Z,163.00,0.0200,0.9800,no
bf8d8adf-ca91-43c4-b1ca-bea5671235f1,KXSECDEF-26DEC31-MW,2024-11-11T23:51:19.110747Z,1.00,0.0300,0.9700,no
adea9e9a-d6de-4a78-adb6-2d903e11807e,KXSECDEF-26DEC31-MW,2024-11-11T23:51:04.161548Z,222.00,0.1700,0.8300,yes
6fcb6dad-9e55-406f-844f-bf270e5cbe71,KXSECDEF-26DEC31-MW,2024-11-11T23:51:04.161548Z,60.00,0.1700,0.8300,yes
128d1dc6-5c76-449a-8375-eac519859151,KXSECDEF-26DEC31-MW,2024-11-11T23:51:04.161548Z,245.00,0.1900,0.8100,yes
597c75a7-2c82-4153-993b-58533d9d480d,KXSECDEF-26DEC31-MW,2024-11-11T23:51:02.86238Z,27.00,0.1700,0.8300,yes
f786f038-542a-4af1-bf37-78ce95588932,KXSECDEF-26DEC31-MW,2024-11-11T23:50:38.504055Z,500.00,0.0200,0.9800,no
969a2eb4-7b1b-4547-b625-f5a690a82f24,KXSECDEF-26DEC31-MW,2024-11-11T23:50:35.156636Z,1.00,0.1700,0.8300,yes
93f2525c-01e5-4099-b413-cc83c46a0305,KXSECDEF-26DEC31-MW,2024-11-11T23:50:17.146798Z,30.00,0.0300,0.9700,no
4a2bc7c4-3001-4b63-b509-d2a2ff9ec79b,KXSECDEF-26DEC31-MW,2024-11-11T23:50:17.146798Z,158.00,0.0300,0.9700,no
f5896bab-8446-4a36-a1df-fba3ca3d1651,KXSECDEF-26DEC31-MW,2024-11-11T23:49:34.269789Z,61.00,0.0200,0.9800,no
70b33a53-8e07-4433-9e2a-315e3798d1b6,KXSECDEF-26DEC31-MW,2024-11-11T23:49:25.545652Z,30.00,0.1000,0.9000,no
bc8cd951-4527-42f9-b3a4-16255188f8de,KXSECDEF-26DEC31-MW,2024-11-11T23:49:15.851795Z,112.00,0.2100,0.7900,yes
623d5551-ef89-482d-af66-6daddee01b57,KXSECDEF-26DEC31-MW,2024-11-11T23:48:55.414671Z,103.00,0.2200,0.7800,yes
e0768e5a-9667-4aff-8cc3-55cc8bfb4e65,KXSECDEF-26DEC31-MW,2024-11-11T23:48:51.474887Z,3.00,0.0200,0.9800,no
374f1f38-25a5-4ca8-b392-0ad2010b2ac8,KXSECDEF-26DEC31-MW,2024-11-11T23:48:33.878634Z,170.00,0.0200,0.9800,no
493e48f8-5444-4a2c-8939-88fc296b444f,KXSECDEF-26DEC31-MW,2024-11-11T23:48:20.536129Z,45.00,0.0200,0.9800,no
b14c97d1-796e-4cdf-bfd3-e3c780ade51f,KXSECDEF-26DEC31-MW,2024-11-11T23:48:17.415128Z,79.00,0.2400,0.7600,yes
17e2a6ac-3d8a-4221-aa01-4e7a36938798,KXSECDEF-26DEC31-MW,2024-11-11T23:48:00.697062Z,788.00,0.0300,0.9700,no
1172a137-048c-422d-839f-fde717a58423,KXSECDEF-26DEC31-MW,2024-11-11T23:48:00.697062Z,2500.00,0.0300,0.9700,no
45e4b63e-7cfe-4e02-afda-f8d195cc3a0d,KXSECDEF-26DEC31-MW,2024-11-11T23:47:42.935226Z,412.00,0.0300,0.9700,no
b13b89a2-08a0-4d7e-aacc-639e148f97c8,KXSECDEF-26DEC31-MW,2024-11-11T23:47:26.895278Z,400.00,0.0400,0.9600,no
f9958fd3-659d-439b-ba00-b43d7da8e0b2,KXSECDEF-26DEC31-MW,2024-11-11T23:47:19.604262Z,1500.00,0.0500,0.9500,yes
7a3c3ae3-e44b-4aeb-ab43-5bad7f6a7eb2,KXSECDEF-26DEC31-MW,2024-11-11T23:46:20.698822Z,250.00,0.0500,0.9500,yes
1ea357ce-76d7-4bc3-8686-b5cfb59303b9,KXSECDEF-26DEC31-MW,2024-11-11T23:46:20.369962Z,187.00,0.0500,0.9500,yes
a16c0cdb-f412-4192-b737-f3a60f33ccb4,KXSECDEF-26DEC31-MW,2024-11-11T23:46:17.924005Z,1367.00,0.0400,0.9600,no
cc4aadf4-ee54-4e83-8012-4b7d53ea741c,KXSECDEF-26DEC31-MW,2024-11-11T23:46:02.949275Z,129.00,0.0400,0.9600,no
a4adbcdc-2e0e-4413-b9d3-f19601d6999a,KXSECDEF-26DEC31-MW,2024-11-11T23:45:42.931585Z,337.00,0.0400,0.9600,no
3803113f-d5b9-48cd-a4f9-072151dca348,KXSECDEF-26DEC31-MW,2024-11-11T23:45:41.356439Z,52.00,0.0500,0.9500,yes
d184cf2d-a730-486d-ba06-c2b27b6a0475,KXSECDEF-26DEC31-MW,2024-11-11T23:45:24.850119Z,167.00,0.0400,0.9600,no
5303d533-a32e-4d75-9659-a1b4b99ac465,KXSECDEF-26DEC31-MW,2024-11-11T23:45:12.651896Z,337.00,0.0500,0.9500,yes
adb583a3-92a7-4488-a2ce-926b68544d81,KXSECDEF-26DEC31-MW,2024-11-11T23:45:10.878914Z,195.00,0.0800,0.9200,no
77db3092-08c2-4e84-a887-5cce5c072b30,KXSECDEF-26DEC31-MW,2024-11-11T23:45:10.878914Z,964.00,0.0500,0.9500,no
a7bd45da-8c84-4bbc-b31c-b8a51d05550d,KXSECDEF-26DEC31-MW,2024-11-11T23:45:09.927419Z,129.00,0.1000,0.9000,yes
2bb82f48-4bc1-45b2-b503-1c7f0c83517c,KXSECDEF-26DEC31-MW,2024-11-11T23:44:56.927789Z,129.00,0.0500,0.9500,no
8834b76e-3ee0-4463-8064-15983dfe8fed,KXSECDEF-26DEC31-MW,2024-11-11T23:44:54.987908Z,71.00,0.1000,0.9000,yes
dded62be-f6e4-4c3b-a182-b3ae3428617c,KXSECDEF-26DEC31-MW,2024-11-11T23:44:36.31351Z,100.00,0.0800,0.9200,yes
1475a1f6-a2a8-414b-a9cc-0f3278e33137,KXSECDEF-26DEC31-MW,2024-11-11T23:44:31.251347Z,7.00,0.0500,0.9500,no
c4272bc0-c4bf-49e9-8448-151d8457030f,KXSECDEF-26DEC31-MW,2024-11-11T23:44:26.547742Z,150.00,0.0800,0.9200,no
c769c6d6-f338-45d3-becf-044157c2f92c,KXSECDEF-26DEC31-MW,2024-11-11T23:44:18.268877Z,100.00,0.1000,0.9000,no
a816cbd8-a2cc-4a49-88e0-faca3895e4e4,KXSECDEF-26DEC31-MW,2024-11-11T23:43:52.514866Z,238.00,0.2100,0.7900,no
722c36a4-48d7-4028-946d-a77e040b6250,KXSECDEF-26DEC31-MW,2024-11-11T23:43:52.514866Z,695.00,0.2000,0.8000,no
d0e0f331-eb6d-4c85-a570-10dccc9341f4,KXSECDEF-26DEC31-MW,2024-11-11T23:43:51.567944Z,500.00,0.2000,0.8000,no
6647085d-8cc6-46ed-9114-289b98613cde,KXSECDEF-26DEC31-MW,2024-11-11T23:43:42.393668Z,200.00,0.2000,0.8000,no
55715ad0-0b0d-4474-b755-a056ee38a2f5,KXSECDEF-26DEC31-MW,2024-11-11T23:43:42.04538Z,25.00,0.1000,0.9000,yes
1a600025-f373-4b0e-8dbb-630c4455d0d6,KXSECDEF-26DEC31-MW,2024-11-11T23:43:42.04538Z,145.00,0.0900,0.9100,yes
bd0598b6-4753-475d-8c19-14b7f9caba9f,KXSECDEF-26DEC31-MW,2024-11-11T23:43:38.418329Z,555.00,0.0900,0.9100,no
d6123815-e811-401e-925d-f7a66274b109,KXSECDEF-26DEC31-MW,2024-11-11T23:43:27.494546Z,25.00,0.1200,0.8800,no
d17c5854-6efc-453e-af06-c5656ba1dda1,KXSECDEF-26DEC31-MW,2024-11-11T23:43:27.494546Z,475.00,0.1000,0.9000,no
90d2c8be-eab0-4504-a3dd-5d5c350f0c6b,KXSECDEF-26DEC31-MW,2024-11-11T23:43:02.281144Z,140.00,0.0900,0.9100,no
8effb08a-1084-4790-a8a0-59704dee2639,KXSECDEF-26DEC31-MW,2024-11-11T23:42:22.879138Z,100.00,0.2500,0.7500,no
e9fd5f54-d16c-49f1-a871-5f536eac0241,KXSECDEF-26DEC31-MW,2024-11-11T23:42:16.826436Z,7900.00,0.2500,0.7500,no
caffe619-ceb5-4cdc-8483-3e016112043e,KXSECDEF-26DEC31-MW,2024-11-11T23:42:16.826436Z,600.00,0.3100,0.6900,no
bbc46845-971d-4719-94a6-cb5cddcb1013,KXSECDEF-26DEC31-MW,2024-11-11T23:42:16.826436Z,900.00,0.3200,0.6800,no
8eb3d353-1bd8-4ee2-8518-aa38350191d3,KXSECDEF-26DEC31-MW,2024-11-11T23:42:16.826436Z,10000.00,0.3000,0.7000,no
4b29145c-78e1-4608-8323-7919639b8ad6,KXSECDEF-26DEC31-MW,2024-11-11T23:42:14.099815Z,300.00,0.4500,0.5500,no
c77a1717-c340-4650-97a1-f09528ec174d,KXSECDEF-26DEC31-MW,2024-11-11T23:42:13.965537Z,100.00,0.4500,0.5500,no
87ee0861-cd6f-4417-bee3-b3e837db356f,KXSECDEF-26DEC31-MW,2024-11-11T23:42:06.097522Z,973.00,0.5000,0.5000,no
a96e627e-0fec-434e-b2fd-36b382c8d3d9,KXSECDEF-26DEC31-MW,2024-11-11T23:41:56.038241Z,2.00,0.5000,0.5000,no
3aef0b2f-1790-4475-8146-9eebccf6642a,KXSECDEF-26DEC31-MW,2024-11-11T23:41:51.872153Z,25.00,0.5000,0.5000,no
07b31ddc-0dac-43d6-88d2-422a5c5ce535,KXSECDEF-26DEC31-MW,2024-11-11T23:41:38.95242Z,1.00,0.2300,0.7700,no
e2365871-81c8-428d-90ed-144ddeea66ef,KXSECDEF-26DEC31-MW,2024-11-11T23:41:31.253994Z,1000.00,0.5500,0.4500,no
786dcc77-008b-456a-be34-b986446d92f4,KXSECDEF-26DEC31-MW,2024-11-11T23:41:31.253994Z,1000.00,0.5400,0.4600,no
d9818bf0-0e56-4365-bc49-0f6d96ed384d,KXSECDEF-26DEC31-MW,2024-11-11T23:41:10.525112Z,1000.00,0.5600,0.4400,no
6f2c97da-cba4-48f9-8a8d-56b37aed4d9f,KXSECDEF-26DEC31-MW,2024-11-11T23:41:10.525112Z,3000.00,0.5200,0.4800,no
3938f10a-7106-4947-b173-dd2057915b6b,KXSECDEF-26DEC31-MW,2024-11-11T23:41:10.525112Z,500.00,0.5700,0.4300,no
63c467c7-0838-4374-8361-f3eed56845af,KXSECDEF-26DEC31-MW,2024-11-11T23:40:48.527238Z,5.00,0.5000,0.5000,no
2a17b85c-b0b8-4545-bacc-5a32d99ebaf6,KXSECDEF-26DEC31-MW,2024-11-11T23:40:48.527238Z,100.00,0.5000,0.5000,no
221b04a1-bd2f-41a5-bc6f-3db8cac96038,KXSECDEF-26DEC31-MW,2024-11-11T23:40:48.527238Z,50.00,0.5000,0.5000,no
36c7e1f5-ede2-426d-8887-2dc4040a7631,KXSECDEF-26DEC31-MW,2024-11-11T23:40:35.645412Z,697.00,0.5400,0.4600,no
f68a90aa-a5de-4a1c-8949-5942644b5c49,KXSECDEF-26DEC31-MW,2024-11-11T23:40:22.507161Z,411.00,0.5500,0.4500,no
8c729baf-e518-4129-82f3-a85d7ff75486,KXSECDEF-26DEC31-MW,2024-11-11T23:40:22.507161Z,89.00,0.5600,0.4400,no
b9caf356-e38d-4847-9c88-c8dfbb9def14,KXSECDEF-26DEC31-MW,2024-11-11T23:40:15.363483Z,10.00,0.5600,0.4400,no
a893a2f3-c6ef-4d0a-bbf6-cb02267bdbd1,KXSECDEF-26DEC31-MW,2024-11-11T23:40:15.363483Z,123.00,0.5600,0.4400,no
2ae87a20-c1a9-42a9-b110-2439c63ca354,KXSECDEF-26DEC31-MW,2024-11-11T23:40:15.363483Z,87.00,0.5700,0.4300,no
8e62b032-d0d2-478c-87c9-4f0315c5df84,KXSECDEF-26DEC31-MW,2024-11-11T23:40:02.628322Z,5.00,0.6100,0.3900,no
b4c06959-01cb-42a3-a244-7b12e86fcf25,KXSECDEF-26DEC31-MW,2024-11-11T23:39:55.370366Z,1000.00,0.6000,0.4000,no
8e3b7dc2-4e7e-4e07-9aea-e6cf5eeb53be,KXSECDEF-26DEC31-MW,2024-11-11T23:39:55.370366Z,200.00,0.5900,0.4100,no
4bf0a5eb-b3ed-4688-b1d6-76655c1dac88,KXSECDEF-26DEC31-MW,2024-11-11T23:39:55.370366Z,125.00,0.6200,0.3800,no
35d6af42-306e-4e57-b4db-fc65e472585d,KXSECDEF-26DEC31-MW,2024-11-11T23:39:55.370366Z,1000.00,0.6100,0.3900,no
6e99c7ac-8e77-4084-bd54-bcc4658f2996,KXSECDEF-26DEC31-MW,2024-11-11T23:39:44.737406Z,125.00,0.6200,0.3800,no
5259dc8a-97ac-49d4-9d88-967a90f30214,KXSECDEF-26DEC31-MW,2024-11-11T23:39:44.737406Z,1.00,0.6300,0.3700,no
0cadf612-8ede-46a7-8981-4f2c494075a2,KXSECDEF-26DEC31-MW,2024-11-11T23:39:28.174924Z,1000.00,0.6400,0.3600,no
5ef1d7d3-7ee8-4cbd-b4a4-fbdb8af4b576,KXSECDEF-26DEC31-MW,2024-11-11T23:39:19.596446Z,100.00,0.6500,0.3500,no
ec4a0bc3-f594-4459-af74-b75f28751faa,KXSECDEF-26DEC31-MW,2024-11-11T23:32:58.86371Z,19.00,0.7400,0.2600,yes
9b4b4703-dc48-40ca-9553-83ca3ae7f589,KXSECDEF-26DEC31-MW,2024-11-11T23:28:19.286429Z,1000.00,0.7000,0.3000,yes
4e2aa057-b8f7-4bf7-8b55-8fa93109a88b,KXSECDEF-26DEC31-MW,2024-11-11T23:28:19.286429Z,300.00,0.6900,0.3100,yes
e49d2a08-75a3-4c7d-9997-18238f5eae6f,KXSECDEF-26DEC31-MW,2024-11-11T23:26:06.685886Z,75.00,0.6600,0.3400,no
bade21da-5308-4691-8b06-6b649224c545,KXSECDEF-26DEC31-MW,2024-11-11T23:25:54.48106Z,140.00,0.7300,0.2700,yes
46354a95-4a32-4b33-9170-ae9c779d960a,KXSECDEF-26DEC31-MW,2024-11-11T23:22:49.517091Z,300.00,0.6900,0.3100,yes
9f381390-db40-40da-b481-9485b245d5c8,KXSECDEF-26DEC31-MW,2024-11-11T23:22:09.625002Z,578.00,0.6800,0.3200,yes
33523c30-d74d-4cb3-9396-58340f9b4d40,KXSECDEF-26DEC31-MW,2024-11-11T23:22:09.625002Z,700.00,0.6800,0.3200,yes
7376d383-b295-4999-bcbc-fb7d06b0af21,KXSECDEF-26DEC31-MW,2024-11-11T23:18:13.372093Z,30.00,0.6500,0.3500,yes
1704e169-a678-487a-9647-7fd51fd57865,KXSECDEF-26DEC31-MW,2024-11-11T23:09:14.407864Z,7.00,0.6800,0.3200,yes
700dd41d-8c46-4ffd-a761-9fc32a9c7503,KXSECDEF-26DEC31-MW,2024-11-11T23:02:39.77302Z,150.00,0.6500,0.3500,yes
e408ea26-9a30-4784-8eed-0655d4bf6ee1,KXSECDEF-26DEC31-MW,2024-11-11T22:57:34.282943Z,50.00,0.6200,0.3800,no
dd471b3f-dcfb-4431-8e02-ac6872e86fd6,KXSECDEF-26DEC31-MW,2024-11-11T22:53:11.468514Z,13.00,0.6500,0.3500,yes
3837e82a-e0ad-48f2-b1a4-965ddf6b08ec,KXSECDEF-26DEC31-MW,2024-11-11T22:52:53.613904Z,36.00,0.6700,0.3300,yes
e6d5f959-ee69-4833-a23e-b7b1d709ea1a,KXSECDEF-26DEC31-MW,2024-11-11T22:52:12.693319Z,52.00,0.6500,0.3500,yes
cdc1e6bc-772f-429a-9024-16342b488fbb,KXSECDEF-26DEC31-MW,2024-11-11T22:50:32.282884Z,150.00,0.6700,0.3300,yes
aa443135-8db5-4871-9ae3-b8cdc286eede,KXSECDEF-26DEC31-MW,2024-11-11T22:47:25.225843Z,150.00,0.6500,0.3500,yes
6c3680a9-72ba-41c0-b7c1-067867aacfab,KXSECDEF-26DEC31-MW,2024-11-11T22:45:49.711398Z,345.00,0.7100,0.2900,yes
860b0a1c-ef41-4d05-94d0-c5a95d7dd8c1,KXSECDEF-26DEC31-MW,2024-11-11T22:40:19.572092Z,7.00,0.7000,0.3000,yes
6c49043a-6b36-4320-b33e-595ed9a9fa1f,KXSECDEF-26DEC31-MW,2024-11-11T22:40:19.572092Z,4.00,0.6900,0.3100,yes
fa0f6a53-3e66-4489-827f-d92c4fd78d2f,KXSECDEF-26DEC31-MW,2024-11-11T22:34:02.820552Z,5.00,0.6800,0.3200,yes
7c5e142c-fb90-4c0c-8ff8-c7d480e385ee,KXSECDEF-26DEC31-MW,2024-11-11T22:33:23.253956Z,500.00,0.6400,0.3600,yes
8fe30fc4-78f4-406a-abb7-d1e151cb5243,KXSECDEF-26DEC31-MW,2024-11-11T22:33:06.722913Z,15.00,0.6200,0.3800,no
7ab33a4f-5922-4066-81ec-b03057d3f7e8,KXSECDEF-26DEC31-MW,2024-11-11T22:32:48.860668Z,166.00,0.7000,0.3000,yes
c83bba5d-1685-491a-829f-03e7472b3325,KXSECDEF-26DEC31-MW,2024-11-11T22:32:41.954322Z,1.00,0.7100,0.2900,yes
b6c55150-3e3e-4636-ba4c-ecd05dd4f75c,KXSECDEF-26DEC31-MW,2024-11-11T22:30:29.147579Z,46.00,0.6700,0.3300,yes
6b3a81e2-c170-492a-b0d2-20c44a91d0cf,KXSECDEF-26DEC31-MW,2024-11-11T22:28:51.87328Z,100.00,0.6700,0.3300,yes
85c5f799-506e-4905-a754-d804235afe27,KXSECDEF-26DEC31-MW,2024-11-11T22:28:41.621096Z,85.00,0.6200,0.3800,no
75f0cd4d-29f1-481e-b6b2-83c125dfbd48,KXSECDEF-26DEC31-MW,2024-11-11T22:26:08.751958Z,6.00,0.7200,0.2800,yes
7e0ee7ad-b307-4de9-8114-1b96adab59a1,KXSECDEF-26DEC31-MW,2024-11-11T22:12:33.357491Z,145.00,0.6700,0.3300,yes
7a386a34-4f3c-4775-929c-4e64d62c18a1,KXSECDEF-26DEC31-MW,2024-11-11T22:08:57.906344Z,10.00,0.6400,0.3600,no
29f996b0-c4f8-42d8-8a54-5a1ad4377647,KXSECDEF-26DEC31-MW,2024-11-11T22:08:57.906344Z,78.00,0.6400,0.3600,no
bf928898-6b86-40a0-9bc0-f765663983f7,KXSECDEF-26DEC31-MW,2024-11-11T22:08:49.816947Z,100.00,0.7100,0.2900,yes
bd29b5ea-09d5-4bc1-96d6-132e42c499df,KXSECDEF-26DEC31-MW,2024-11-11T22:08:43.313204Z,53.00,0.7000,0.3000,yes
96f85899-011e-4398-b4d8-e3330ad9650d,KXSECDEF-26DEC31-MW,2024-11-11T22:08:40.031388Z,10.00,0.6900,0.3100,yes
21216b6d-2c32-4ab3-a780-8c5b93f06c87,KXSECDEF-26DEC31-MW,2024-11-11T22:07:15.944672Z,130.00,0.6600,0.3400,yes
e181662e-3945-4585-b294-6d8e9e195c9d,KXSECDEF-26DEC31-MW,2024-11-11T22:06:59.37337Z,1.00,0.7000,0.3000,yes
9ec707aa-831d-4a81-823b-8227ccc58ccc,KXSECDEF-26DEC31-MW,2024-11-11T22:06:55.340586Z,6.00,0.7000,0.3000,yes
354a98cb-1379-4f3a-b44b-ae97f9c4e114,KXSECDEF-26DEC31-MW,2024-11-11T21:47:58.934539Z,147.00,0.6600,0.3400,yes
c760fbeb-4cc5-4b46-ad01-87ee4cb40216,KXSECDEF-26DEC31-MW,2024-11-11T21:44:09.834784Z,33.00,0.6300,0.3700,yes
eb547798-fcbe-4b13-961c-7bb8732df7da,KXSECDEF-26DEC31-MW,2024-11-11T21:44:07.295487Z,76.00,0.6500,0.3500,no
ceb7b64d-cc0d-4f09-8fe4-497d3c623884,KXSECDEF-26DEC31-MW,2024-11-11T21:44:07.295487Z,158.00,0.6500,0.3500,no
f4aca3f6-2434-4421-b9a1-b341bac42ced,KXSECDEF-26DEC31-MW,2024-11-11T21:43:52.861691Z,100.00,0.7300,0.2700,yes
465a3829-0eb0-416c-a312-b7ce21839341,KXSECDEF-26DEC31-MW,2024-11-11T21:43:52.861691Z,409.00,0.7400,0.2600,yes
0c63b0ed-38d1-45d6-a095-f2f4d7dc770b,KXSECDEF-26DEC31-MW,2024-11-11T21:43:52.861691Z,100.00,0.7200,0.2800,yes
67ae0d05-e5d0-49dc-9082-ee75d5efece8,KXSECDEF-26DEC31-MW,2024-11-11T21:42:43.660361Z,283.00,0.6900,0.3100,yes
9f0bf507-f35c-4f02-90ae-610498d84624,KXSECDEF-26DEC31-MW,2024-11-11T21:40:40.678829Z,101.00,0.6500,0.3500,yes
82233f41-5e0c-47cf-ac50-14bb818f4508,KXSECDEF-26DEC31-MW,2024-11-11T21:36:25.276201Z,591.00,0.6100,0.3900,no
35369aa8-36ab-44d5-afa3-f41a7afa8d01,KXSECDEF-26DEC31-MW,2024-11-11T21:36:25.276201Z,500.00,0.6100,0.3900,no
21253b9f-9a6e-46f1-8ecd-0453cc074fdc,KXSECDEF-26DEC31-MW,2024-11-11T21:36:25.276201Z,200.00,0.6200,0.3800,no
20c0a192-eb97-4715-bbc1-03f36d6fa0e5,KXSECDEF-26DEC31-MW,2024-11-11T21:36:25.276201Z,814.00,0.6200,0.3800,no
0b6abce2-aaf0-49ea-a454-d1ede20d7d11,KXSECDEF-26DEC31-MW,2024-11-11T21:36:25.276201Z,300.00,0.6500,0.3500,no
009117e2-cfb1-4305-9fa0-89f6660c8ee9,KXSECDEF-26DEC31-MW,2024-11-11T21:36:25.276201Z,500.00,0.6200,0.3800,no
5ba63600-4744-4e5e-a8b9-6c0e413643b3,KXSECDEF-26DEC31-MW,2024-11-11T21:34:53.079245Z,200.00,0.6500,0.3500,no
f887a310-c4ff-4acd-bcf6-53dfb38f2025,KXSECDEF-26DEC31-MW,2024-11-11T21:34:25.554662Z,300.00,0.6400,0.3600,no
748b20f8-266b-40f1-9797-b37bee58a831,KXSECDEF-26DEC31-MW,2024-11-11T21:34:25.554662Z,400.00,0.6300,0.3700,no
11a3aa74-5a0c-4d68-897a-bae7ba96691b,KXSECDEF-26DEC31-MW,2024-11-11T21:34:25.554662Z,1186.00,0.6200,0.3800,no
aa7e112d-84ec-4be3-a4ee-55a47d34fdf1,KXSECDEF-26DEC31-MW,2024-11-11T21:32:48.729834Z,677.00,0.6600,0.3400,no
ef8485ba-f3ea-48ea-a2ba-da60ee0e6c97,KXSECDEF-26DEC31-MW,2024-11-11T21:31:08.655177Z,63.00,0.6600,0.3400,no
9be5f69a-5362-462e-a55a-41dfb22028b5,KXSECDEF-26DEC31-MW,2024-11-11T21:31:08.655177Z,16.00,0.7200,0.2800,no
9281ffc6-b3ca-472b-8f3d-ac18f0ef75c9,KXSECDEF-26DEC31-MW,2024-11-11T21:31:08.655177Z,97.00,0.6900,0.3100,no
61aadd6d-b821-4698-b05d-632209d74b64,KXSECDEF-26DEC31-MW,2024-11-11T21:31:08.655177Z,500.00,0.7000,0.3000,no
5be942b3-6894-428e-be79-b14c9aeb4b97,KXSECDEF-26DEC31-MW,2024-11-11T21:30:18.465171Z,340.00,0.7200,0.2800,no
4dccce04-564c-41f0-b6c6-77bfe54b0f3c,KXSECDEF-26DEC31-MW,2024-11-11T21:28:55.190266Z,136.00,0.7200,0.2800,no
cdd5b26e-0564-4c71-a368-158f3b1fda9b,KXSECDEF-26DEC31-MW,2024-11-11T21:14:43.947242Z,108.00,0.7200,0.2800,no
1536207c-75cf-4c1e-ae3b-704f9f0d6223,KXSECDEF-26DEC31-MW,2024-11-11T21:04:59.375921Z,22.00,0.7500,0.2500,yes
e26d78a6-b32f-4c56-abe3-f9440277bb78,KXSECDEF-26DEC31-MW,2024-11-11T20:59:32.086326Z,400.00,0.7200,0.2800,no
dad24342-8881-4dd8-9508-c240c320a42c,KXSECDEF-26DEC31-MW,2024-11-11T20:59:32.086326Z,200.00,0.7200,0.2800,no
8367d5a0-456a-48fd-a4de-d4648a800ad6,KXSECDEF-26DEC31-MW,2024-11-11T20:59:32.045392Z,30.00,0.7400,0.2600,no
69281d54-4b26-4871-9ba2-81562d1678cf,KXSECDEF-26DEC31-MW,2024-11-11T20:53:27.199866Z,43.00,0.7500,0.2500,yes
7c26b67e-a48b-4575-a82e-91bdc8e4b9b1,KXSECDEF-26DEC31-MW,2024-11-11T20:50:59.609688Z,59.00,0.7600,0.2400,yes
1411db6c-7fbc-45df-91b6-777971b0ce30,KXSECDEF-26DEC31-MW,2024-11-11T20:44:31.161086Z,1.00,0.7600,0.2400,yes
5c281b17-895a-4a69-a33f-c4c0d59875fa,KXSECDEF-26DEC31-MW,2024-11-11T20:41:36.704596Z,15.00,0.7600,0.2400,yes
67cb5a75-d860-4ee5-b096-2df588b330ef,KXSECDEF-26DEC31-MW,2024-11-11T20:38:51.207529Z,10.00,0.7300,0.2700,no
5c080a6c-20c0-4b01-82e8-b6cd8df753d2,KXSECDEF-26DEC31-MW,2024-11-11T20:37:07.874405Z,22.00,0.7700,0.2300,yes
29d472b6-be62-4780-9ec0-3862135ad981,KXSECDEF-26DEC31-MW,2024-11-11T20:27:56.791434Z,15.00,0.7700,0.2300,yes
03abe268-556d-4cbf-b3a4-face4862b10d,KXSECDEF-26DEC31-MW,2024-11-11T20:27:56.791434Z,48.00,0.7700,0.2300,yes
8833af7b-a1a1-4006-97c5-269b187c0d78,KXSECDEF-26DEC31-MW,2024-11-11T20:27:29.308036Z,8.00,0.7300,0.2700,no
cd051b78-d3e9-4cbb-acbf-905ac49a0bc3,KXSECDEF-26DEC31-MW,2024-11-11T20:22:19.439445Z,195.00,0.7400,0.2600,no
d8c227eb-5404-49c3-8b71-18b917bba722,KXSECDEF-26DEC31-MW,2024-11-11T20:21:12.030678Z,291.00,0.7400,0.2600,no
8b5d1fc6-49bb-4224-8138-f2deb5a3b5de,KXSECDEF-26DEC31-MW,2024-11-11T20:21:12.030678Z,5.00,0.7400,0.2600,no
787e547d-f548-4cd1-9f52-6a2f8a9762ea,KXSECDEF-26DEC31-MW,2024-11-11T20:19:35.099605Z,63.00,0.7700,0.2300,yes
7b5d6145-d9ef-478b-8052-c4bdb8cd8279,KXSECDEF-26DEC31-MW,2024-11-11T20:17:34.93208Z,195.00,0.7500,0.2500,no
4415bb4e-ff3d-47f5-9b88-e8764ecec238,KXSECDEF-26DEC31-MW,2024-11-11T20:17:34.93208Z,171.00,0.7400,0.2600,no
6aaff7e9-e956-40cc-8386-b344aac868a9,KXSECDEF-26DEC31-MW,2024-11-11T20:04:27.890055Z,5.00,0.7500,0.2500,no
409beccd-1207-4d4b-a9a2-72082304c9f1,KXSECDEF-26DEC31-MW,2024-11-11T19:58:11.408181Z,127.00,0.7700,0.2300,yes
d5772998-aadd-40a2-8e3b-cbf3935d0145,KXSECDEF-26DEC31-MW,2024-11-11T19:53:46.510497Z,32.00,0.7400,0.2600,no
fe01eb94-8b07-4803-af65-0f0ad6c7124a,KXSECDEF-26DEC31-MW,2024-11-11T19:50:20.16137Z,35.00,0.7400,0.2600,no
fd02f968-dc2c-400a-82b7-8505c832a197,KXSECDEF-26DEC31-MW,2024-11-11T19:42:31.182747Z,104.00,0.7700,0.2300,yes
3e1ff59e-b0ab-4234-9daa-0e8adef64b83,KXSECDEF-26DEC31-MW,2024-11-11T19:41:57.907835Z,31.00,0.7700,0.2300,yes
e88deb55-7f90-4bf2-9732-da71e1ed66bb,KXSECDEF-26DEC31-MW,2024-11-11T19:39:19.342027Z,100.00,0.7500,0.2500,no
dd6c9fb4-9271-414f-8085-84a46c767313,KXSECDEF-26DEC31-MW,2024-11-11T19:37:55.561575Z,258.00,0.7500,0.2500,no
f54edb1b-1527-4fc7-b6da-eab660059dc9,KXSECDEF-26DEC31-MW,2024-11-11T19:37:48.170837Z,127.00,0.7700,0.2300,yes
7ac7315d-9789-412b-8207-61c4cbb0e3b9,KXSECDEF-26DEC31-MW,2024-11-11T19:36:59.149116Z,9.00,0.7500,0.2500,no
67f05a30-d0fb-427c-b976-2a6b339e6c34,KXSECDEF-26DEC31-MW,2024-11-11T19:27:01.461603Z,13.00,0.7800,0.2200,yes
228ddb44-086f-4ce7-80a4-19f9f5749577,KXSECDEF-26DEC31-MW,2024-11-11T19:27:01.461603Z,100.00,0.7700,0.2300,yes
16c079b0-fbfa-4027-a03b-30d8ee0d173f,KXSECDEF-26DEC31-MW,2024-11-11T19:27:01.461603Z,100.00,0.7700,0.2300,yes
2dec6dcb-176d-4180-9523-7f49e845c118,KXSECDEF-26DEC31-MW,2024-11-11T19:23:03.221007Z,56.00,0.7400,0.2600,no
ee8d774d-0018-4fee-8d7e-7aa38a2b1496,KXSECDEF-26DEC31-MW,2024-11-11T19:20:12.876111Z,6.00,0.7800,0.2200,yes
21fa7347-0337-4f16-8fcd-8880f1b18000,KXSECDEF-26DEC31-MW,2024-11-11T19:14:22.30527Z,19.00,0.7700,0.2300,yes
3ac485bf-b71d-4eb7-a111-cc1764e0ed17,KXSECDEF-26DEC31-MW,2024-11-11T19:13:28.124232Z,6.00,0.7800,0.2200,yes
eecd23c2-94fc-4a02-a0a9-ed456aa2cfc4,KXSECDEF-26DEC31-MW,2024-11-11T19:04:41.544696Z,12.00,0.7700,0.2300,yes
b29d3930-015f-44b9-99c5-c98869cc11b8,KXSECDEF-26DEC31-MW,2024-11-11T18:59:26.15257Z,15.00,0.7400,0.2600,no
ff01c476-b2aa-4518-b5b8-987304f8f317,KXSECDEF-26DEC31-MW,2024-11-11T18:53:36.467413Z,271.00,0.7600,0.2400,yes
e18ac8eb-4168-4e28-9544-569648dab7ab,KXSECDEF-26DEC31-MW,2024-11-11T18:53:36.467413Z,700.00,0.7600,0.2400,yes
d6739561-7545-4ca4-91e0-70eef3ec1b8f,KXSECDEF-26DEC31-MW,2024-11-11T18:53:36.467413Z,67.00,0.7400,0.2600,yes
9c4a65a4-fdd3-4f0f-8b64-12f7356a0c5c,KXSECDEF-26DEC31-MW,2024-11-11T18:53:36.467413Z,968.00,0.7500,0.2500,yes
62fdfc61-9717-48c9-b15c-f93a846f7958,KXSECDEF-26DEC31-MW,2024-11-11T18:53:36.467413Z,300.00,0.7600,0.2400,yes
40388139-27df-4451-850d-b6d4cf5fc380,KXSECDEF-26DEC31-MW,2024-11-11T18:53:36.467413Z,1000.00,0.7700,0.2300,yes
decfde80-f41c-4a14-b097-98d665baed66,KXSECDEF-26DEC31-MW,2024-11-11T18:53:21.463108Z,33.00,0.7400,0.2600,yes
69107f35-fa00-4c41-adc0-7f05b030bbff,KXSECDEF-26DEC31-MW,2024-11-11T18:36:02.61647Z,32.00,0.7500,0.2500,yes
201970bc-b7a7-4f0b-8908-11b6cc525f0b,KXSECDEF-26DEC31-MW,2024-11-11T18:33:58.936824Z,6.00,0.7600,0.2400,yes
9631bf6a-0425-47d6-b3f6-20e8e84e6aea,KXSECDEF-26DEC31-MW,2024-11-11T18:30:03.456597Z,136.00,0.7000,0.3000,no
42ae599f-047c-402c-a650-7a831abe936d,KXSECDEF-26DEC31-MW,2024-11-11T18:27:53.483616Z,23.00,0.7600,0.2400,yes
acbc2379-234a-4503-a503-42b544f3be80,KXSECDEF-26DEC31-MW,2024-11-11T18:21:27.625367Z,153.00,0.7000,0.3000,no
f70c1346-b9d7-46f5-af4f-afcf5abc6d0b,KXSECDEF-26DEC31-MW,2024-11-11T18:21:09.07707Z,76.00,0.6900,0.3100,no
d6e94cbe-b63c-4d19-98f4-47db1ffad46c,KXSECDEF-26DEC31-MW,2024-11-11T18:21:09.07707Z,50.00,0.7000,0.3000,no
560fccd9-d6eb-4b12-9c7d-6c7c8305d4eb,KXSECDEF-26DEC31-MW,2024-11-11T17:51:28.353057Z,6.00,0.7000,0.3000,no
42553886-adb7-42e9-a07c-9a6799910af8,KXSECDEF-26DEC31-MW,2024-11-11T17:30:18.626653Z,41.00,0.6900,0.3100,no
f83a9150-54cd-40ba-ae59-e85508acbb7e,KXSECDEF-26DEC31-MW,2024-11-11T17:29:52.22603Z,333.00,0.7400,0.2600,yes
ed0df6cd-de57-4c66-8374-09792572dbcd,KXSECDEF-26DEC31-MW,2024-11-11T17:29:52.22603Z,100.00,0.7300,0.2700,yes
acffb851-324b-4994-bffd-419529f54f7e,KXSECDEF-26DEC31-MW,2024-11-11T17:29:52.22603Z,50.00,0.7300,0.2700,yes
5f7a6a6a-3832-4612-ac24-89021ff533a4,KXSECDEF-26DEC31-MW,2024-11-11T17:29:52.22603Z,307.00,0.7200,0.2800,yes
516307eb-5a1c-45e1-99a1-97ffcd12c36d,KXSECDEF-26DEC31-MW,2024-11-11T17:29:52.22603Z,333.00,0.7800,0.2200,yes
2eb23aa1-67fe-4f57-9e09-04d9b94665cb,KXSECDEF-26DEC31-MW,2024-11-11T17:29:52.22603Z,3000.00,0.7800,0.2200,yes
03a4a47a-79c1-4ac3-a64d-b66ea50cbca9,KXSECDEF-26DEC31-MW,2024-11-11T17:21:29.406673Z,139.00,0.7000,0.3000,yes
6430b201-aaa8-4861-99f9-3e0d73330bfd,KXSECDEF-26DEC31-MW,2024-11-11T17:20:53.414219Z,13.00,0.7200,0.2800,yes
5a615354-9bb4-4dfa-a122-dad461727e19,KXSECDEF-26DEC31-MW,2024-11-11T17:20:32.318258Z,13.00,0.7000,0.3000,yes
6ecc6574-8b1f-4ccd-affd-381624c8c583,KXSECDEF-26DEC31-MW,2024-11-11T17:20:04.842454Z,100.00,0.7200,0.2800,yes
d8e8580f-5385-4bd6-a4ea-de59d744876a,KXSECDEF-26DEC31-MW,2024-11-11T17:20:01.702188Z,376.00,0.6900,0.3100,no
d4609e0a-2016-4f60-a292-e7c0f45c1238,KXSECDEF-26DEC31-MW,2024-11-11T17:20:01.702188Z,100.00,0.7000,0.3000,no
e4703a7e-71b6-4a07-a5bc-24c58dbd771b,KXSECDEF-26DEC31-MW,2024-11-11T17:19:36.832929Z,100.00,0.6900,0.3100,yes
18ae3a01-2d80-42cf-941b-f991eb623826,KXSECDEF-26DEC31-MW,2024-11-11T17:19:36.832929Z,10.00,0.6900,0.3100,yes
6ea939f5-4562-4d3c-9030-97d59e348cb8,KXSECDEF-26DEC31-MW,2024-11-11T17:19:03.415523Z,10.00,0.6300,0.3700,no
0d0feb10-9e19-4bec-8518-86f5ef243529,KXSECDEF-26DEC31-MW,2024-11-11T17:19:03.415523Z,67.00,0.6900,0.3100,no
eb8d563c-7f09-4704-ba1e-78d41912d535,KXSECDEF-26DEC31-MW,2024-11-11T17:18:49.679165Z,333.00,0.6900,0.3100,yes
42494523-58d9-448c-98be-4b3dc6c17fb0,KXSECDEF-26DEC31-MW,2024-11-11T17:15:43.168013Z,45.00,0.7100,0.2900,yes
9ef22d9c-c39f-4a89-a870-d63be3468b40,KXSECDEF-26DEC31-MW,2024-11-11T17:10:27.94985Z,300.00,0.6700,0.3300,yes
936bb086-e41c-4166-9ed7-c8c70f54f73c,KXSECDEF-26DEC31-MW,2024-11-11T17:10:27.94985Z,10.00,0.6800,0.3200,yes
816c1273-ca7d-4c59-ba12-91593125ee86,KXSECDEF-26DEC31-MW,2024-11-11T17:10:27.94985Z,333.00,0.6800,0.3200,yes
73a878f7-f045-4ed0-a259-f880f4599874,KXSECDEF-26DEC31-MW,2024-11-11T17:10:27.94985Z,10.00,0.6700,0.3300,yes
535387b8-5f11-4c87-a856-ecd6d3eb0bba,KXSECDEF-26DEC31-MW,2024-11-11T17:09:49.374797Z,156.00,0.6800,0.3200,yes
36391605-4799-4a2b-8660-6e3d08ac536d,KXSECDEF-26DEC31-MW,2024-11-11T17:09:49.374797Z,10.00,0.6800,0.3200,yes
7ba4f855-b2a9-45fe-b9b7-7dbb75b1a166,KXSECDEF-26DEC31-MW,2024-11-11T17:08:35.936201Z,10.00,0.6500,0.3500,yes
47eeaa38-083a-424a-8e57-cdf00f64679d,KXSECDEF-26DEC31-MW,2024-11-11T17:08:35.936201Z,10.00,0.6600,0.3400,yes
208b000f-4a6c-4a13-92a7-298f3f941c8a,KXSECDEF-26DEC31-MW,2024-11-11T17:08:35.936201Z,1000.00,0.6600,0.3400,yes
0d1a1475-e4e4-4dc3-91fc-c1000abbd614,KXSECDEF-26DEC31-MW,2024-11-11T17:08:35.936201Z,200.00,0.6500,0.3500,yes
e8f53936-ec9c-498b-9373-00d0c1a2e9da,KXSECDEF-26DEC31-MW,2024-11-11T17:04:39.726024Z,5.00,0.5800,0.4200,no
82137a10-0c43-452b-bc09-0ad83e0a9545,KXSECDEF-26DEC31-MW,2024-11-11T17:04:00.847796Z,9.00,0.6500,0.3500,yes
6c84759d-7a52-453d-a828-281cbaeaeabd,KXSECDEF-26DEC31-MW,2024-11-11T17:01:27.222345Z,75.00,0.6500,0.3500,yes
50000efa-d6d6-4c6c-b13c-8be490066119,KXSECDEF-26DEC31-MW,2024-11-11T17:00:22.901831Z,6.00,0.6900,0.3100,yes
d30da6bb-e3c1-4e58-acfd-dd63e8f7d1e2,KXSECDEF-26DEC31-MW,2024-11-11T16:59:29.309109Z,505.00,0.6500,0.3500,yes
15dbf649-c724-47b2-909b-2a657ae2baa7,KXSECDEF-26DEC31-MW,2024-11-11T16:59:29.309109Z,757.00,0.6800,0.3200,yes
0eee18b0-18fc-408d-9cf4-83f94e8d55d5,KXSECDEF-26DEC31-MW,2024-11-11T16:59:29.309109Z,200.00,0.6700,0.3300,yes
797c4a1a-8bc1-4b36-a4f8-8badbbe74a68,KXSECDEF-26DEC31-MW,2024-11-11T16:48:47.394427Z,68.00,0.6400,0.3600,yes
4cc18331-d386-4e08-b380-6a3fbdea1446,KXSECDEF-26DEC31-MW,2024-11-11T16:48:00.526973Z,18.00,0.6500,0.3500,yes
1bfbe840-0bff-4a62-972b-b5fc509c3413,KXSECDEF-26DEC31-MW,2024-11-11T16:45:19.051355Z,35.00,0.6400,0.3600,yes
0c4eb652-4ee2-46ea-9b77-d7c812f22e7b,KXSECDEF-26DEC31-MW,2024-11-11T16:35:07.573164Z,75.00,0.6500,0.3500,yes
ec5c4a07-dfd3-49e4-bbfa-5e9382d9b193,KXSECDEF-26DEC31-MW,2024-11-11T16:28:46.956736Z,137.00,0.6300,0.3700,yes
e1a3e362-4f2f-4657-a948-5312b017bfb8,KXSECDEF-26DEC31-MW,2024-11-11T16:28:46.956736Z,655.00,0.6400,0.3600,yes
ae7eb25b-839a-4b27-ac8c-3e642b42a7e8,KXSECDEF-26DEC31-MW,2024-11-11T16:28:46.956736Z,700.00,0.6300,0.3700,yes
06343819-6ff5-4010-9e8a-c7b727f194c7,KXSECDEF-26DEC31-MW,2024-11-11T16:28:46.956736Z,157.00,0.6200,0.3800,yes
9b428272-28fc-4faa-afe6-ae182db95fd3,KXSECDEF-26DEC31-MW,2024-11-11T16:26:49.9227Z,78.00,0.6200,0.3800,yes
c3cb733b-e10b-4230-8e1d-c1f8b7dc1752,KXSECDEF-26DEC31-MW,2024-11-11T16:24:17.16779Z,15.00,0.6200,0.3800,yes
e453a204-9024-4c89-b76c-3ac934a99541,KXSECDEF-26DEC31-MW,2024-11-11T15:58:38.749065Z,2.00,0.6500,0.3500,yes
a906504e-5fd4-4d48-b697-98aa293520de,KXSECDEF-26DEC31-MW,2024-11-11T15:58:38.749065Z,150.00,0.6400,0.3600,yes
b989e492-2d45-47c0-9637-355542cccb29,KXSECDEF-26DEC31-MW,2024-11-11T15:51:44.144981Z,41.00,0.6300,0.3700,yes
f5f16610-4a41-484f-8618-655da24952a1,KXSECDEF-26DEC31-MW,2024-11-11T15:50:49.302221Z,244.00,0.6400,0.3600,yes
d4f7f048-57ff-4d06-ab97-12da3debbb75,KXSECDEF-26DEC31-MW,2024-11-11T15:50:49.302221Z,200.00,0.6200,0.3800,yes
7f54307e-53b7-4ab7-9e6d-6bb63d371573,KXSECDEF-26DEC31-MW,2024-11-11T15:50:49.302221Z,200.00,0.6300,0.3700,yes
2139db47-ba34-48d3-8b55-42fba4f463e7,KXSECDEF-26DEC31-MW,2024-11-11T15:50:49.302221Z,274.00,0.6400,0.3600,yes
ca7ac8b3-6326-4414-a7f4-022464ead962,KXSECDEF-26DEC31-MW,2024-11-11T15:49:59.823348Z,280.00,0.6200,0.3800,yes
547620b4-03fe-4cba-b193-e408c33f1ec3,KXSECDEF-26DEC31-MW,2024-11-11T15:49:59.823348Z,136.00,0.6200,0.3800,yes
e86d06a1-d1ce-4c7e-9221-1ed28fc1bb83,KXSECDEF-26DEC31-MW,2024-11-11T15:49:20.061288Z,7.00,0.6200,0.3800,yes
b61884b9-62eb-4c53-9e01-3b930cd0de81,KXSECDEF-26DEC31-MW,2024-11-11T15:44:55.452089Z,157.00,0.6200,0.3800,yes
ecef9482-0853-48cd-986e-c825b2f75a66,KXSECDEF-26DEC31-MW,2024-11-11T15:44:30.318378Z,119.00,0.5600,0.4400,no
63d8b840-64c5-42c1-b9b9-9e2d72bb92a3,KXSECDEF-26DEC31-MW,2024-11-11T15:33:51.427149Z,68.00,0.6200,0.3800,yes
4d2d45b9-70fb-4508-9dcc-c2a0ad9239f7,KXSECDEF-26DEC31-MW,2024-11-11T15:33:51.427149Z,10.00,0.6100,0.3900,yes
6e6807f4-a94e-4d1d-b98b-8960e6ff1a84,KXSECDEF-26DEC31-MW,2024-11-11T15:28:54.960308Z,17.00,0.6400,0.3600,yes
e0033cb8-36c4-4e4b-8a69-4232240d1a17,KXSECDEF-26DEC31-MW,2024-11-11T15:28:06.953807Z,157.00,0.6200,0.3800,yes
7bfadcee-c23d-455c-a9b1-7786955ba938,KXSECDEF-26DEC31-MW,2024-11-11T15:27:02.246215Z,62.00,0.6000,0.4000,yes
628d22bc-9a3e-4925-a185-c953bd6b8acb,KXSECDEF-26DEC31-MW,2024-11-11T15:27:02.246215Z,10.00,0.6000,0.4000,yes
1a0a360e-843d-4d52-85c9-64e23536445f,KXSECDEF-26DEC31-MW,2024-11-11T15:27:02.246215Z,204.00,0.6200,0.3800,yes
15e404b1-fe99-4614-8cff-d52776104079,KXSECDEF-26DEC31-MW,2024-11-11T15:27:02.246215Z,200.00,0.6100,0.3900,yes
694adae8-1a0f-4e9b-a3e7-cae1b45df943,KXSECDEF-26DEC31-MW,2024-11-11T15:25:26.879841Z,8.00,0.6000,0.4000,yes
03ce5dd1-51b2-4510-b693-dd32d88a7c0a,KXSECDEF-26DEC31-MW,2024-11-11T15:10:17.51429Z,49.00,0.6000,0.4000,yes
d73a6e4c-151c-4de3-9b11-657bf37556d5,KXSECDEF-26DEC31-MW,2024-11-11T14:53:34.932962Z,81.00,0.6000,0.4000,yes
f50fbd8a-91a1-4c57-97af-32eb7345c26c,KXSECDEF-26DEC31-MW,2024-11-11T14:30:53.545549Z,15.00,0.5900,0.4100,yes
f5809e70-0bc1-4f2d-9091-0918a1e1ba4e,KXSECDEF-26DEC31-MW,2024-11-11T14:19:03.023697Z,292.00,0.5600,0.4400,no
d6a6d25d-dd21-499d-b6b3-91dbafe0d63b,KXSECDEF-26DEC31-MW,2024-11-11T14:19:03.023697Z,20.00,0.5500,0.4500,no
d0a02625-14e7-4094-bea9-2c229de03f86,KXSECDEF-26DEC31-MW,2024-11-11T14:19:03.023697Z,589.00,0.5300,0.4700,no
432322c2-29d2-475a-a941-05112884a377,KXSECDEF-26DEC31-MW,2024-11-11T14:06:36.475198Z,31.00,0.6200,0.3800,yes
f97a3e67-ff3c-461b-9d5c-96d93de052c1,KXSECDEF-26DEC31-MW,2024-11-11T13:34:33.111923Z,208.00,0.5600,0.4400,no
1388bec0-4afb-4c19-be77-079aaa51daa0,KXSECDEF-26DEC31-MW,2024-11-11T13:34:33.111923Z,10.00,0.5700,0.4300,no
2326559a-3a49-4588-9ca5-eea699abf844,KXSECDEF-26DEC31-MW,2024-11-11T13:10:13.304308Z,78.00,0.6200,0.3800,yes
a1502ca2-16d9-4c4a-8b69-50f077fafdde,KXSECDEF-26DEC31-MW,2024-11-11T13:06:32.863056Z,350.00,0.5900,0.4100,no
5f0cfc58-d02b-4ad6-b2d3-e2c5f1a20802,KXSECDEF-26DEC31-MW,2024-11-11T13:06:32.863056Z,194.00,0.5600,0.4400,no
10daec75-12d9-46ce-b6cd-82861e9690e4,KXSECDEF-26DEC31-MW,2024-11-11T13:03:08.678755Z,24.00,0.5900,0.4100,no
96898034-a9e6-47ae-ab98-79d617e36319,KXSECDEF-26DEC31-MW,2024-11-11T07:36:02.983397Z,77.00,0.6300,0.3700,yes
39c8c633-27c4-4ed1-bb0f-2dc1e7542a67,KXSECDEF-26DEC31-MW,2024-11-11T07:35:29.487301Z,45.00,0.5800,0.4200,no
25846af5-4367-4bb3-83ff-801a8612bf0d,KXSECDEF-26DEC31-MW,2024-11-11T06:56:41.567796Z,7.00,0.6400,0.3600,yes
6427e310-563d-4155-bb22-29feed5822d7,KXSECDEF-26DEC31-MW,2024-11-11T06:56:22.59556Z,11.00,0.6300,0.3700,yes
733bd035-2cfc-4c1c-b486-832a0101995f,KXSECDEF-26DEC31-MW,2024-11-11T06:55:43.869629Z,11.00,0.5800,0.4200,no
4dbb290e-0818-4d00-8a71-6fa376763564,KXSECDEF-26DEC31-MW,2024-11-11T06:50:09.110356Z,2.00,0.6400,0.3600,yes
721abe0e-02f8-4be3-a80b-255314079670,KXSECDEF-26DEC31-MW,2024-11-11T06:37:57.245402Z,15.00,0.6300,0.3700,yes
1185de78-890a-42f7-be58-2c3d04947564,KXSECDEF-26DEC31-MW,2024-11-11T06:34:34.719795Z,2.00,0.6300,0.3700,yes
9d09d85c-5d18-4554-a8fc-1f669966bbdf,KXSECDEF-26DEC31-MW,2024-11-11T06:32:19.44407Z,56.00,0.6300,0.3700,yes
4c71f487-2aed-4b76-88bf-27ac469cab7f,KXSECDEF-26DEC31-MW,2024-11-11T06:32:19.44407Z,100.00,0.6200,0.3800,yes
6ce00136-b802-4d8c-a072-ca563f56ad9f,KXSECDEF-26DEC31-MW,2024-11-11T06:26:56.615767Z,15.00,0.5700,0.4300,no
25e617cd-825a-4269-a6da-4772c5887f9e,KXSECDEF-26DEC31-MW,2024-11-11T06:26:21.038597Z,13.00,0.5700,0.4300,no
5d5f60f3-656e-4212-9890-b8e4c678ad90,KXSECDEF-26DEC31-MW,2024-11-11T06:25:15.964315Z,13.00,0.6600,0.3400,yes
8e268ce9-ea57-4d92-86f3-69728ca717b6,KXSECDEF-26DEC31-MW,2024-11-11T06:16:47.070575Z,244.00,0.6800,0.3200,no
c02698af-5d15-45f3-8614-a161651f975f,KXSECDEF-26DEC31-MW,2024-11-11T06:16:42.689429Z,156.00,0.6800,0.3200,yes
ea6e60c1-94b3-4c30-850b-c7a0eeeeb147,KXSECDEF-26DEC31-MW,2024-11-11T06:10:47.555325Z,124.00,0.7300,0.2700,yes
e3256fd9-cf24-4b4e-a849-84b3fecb7ab9,KXSECDEF-26DEC31-MW,2024-11-11T06:10:47.555325Z,50.00,0.7100,0.2900,yes
d0180b53-67c3-4353-a9a8-2d993688df69,KXSECDEF-26DEC31-MW,2024-11-11T06:10:47.555325Z,166.00,0.7000,0.3000,yes
3f415b19-edf2-49b7-bbed-2c100671e5a3,KXSECDEF-26DEC31-MW,2024-11-11T06:06:24.026114Z,1.00,0.7300,0.2700,yes
7614d16d-600c-40c6-8842-75c9661242fd,KXSECDEF-26DEC31-MW,2024-11-11T06:05:58.353893Z,35.00,0.7400,0.2600,yes
03496e1c-0c5a-4a58-8c83-e8c854bd5a85,KXSECDEF-26DEC31-MW,2024-11-11T06:05:58.353893Z,32.00,0.7000,0.3000,yes
6bf2c3b5-0ff5-4e5d-9a15-3eec01cab8ce,KXSECDEF-26DEC31-MW,2024-11-11T05:57:43.211725Z,100.00,0.6500,0.3500,yes
4fb31c2e-c843-467d-bfaf-47788b2fb648,KXSECDEF-26DEC31-MW,2024-11-11T05:57:43.211725Z,260.00,0.6900,0.3100,yes
d1461bd2-2490-4066-933b-eb6bc4653973,KXSECDEF-26DEC31-MW,2024-11-11T05:55:45.78347Z,135.00,0.6300,0.3700,yes
a0324a2c-9b75-4358-9225-30d4d8429d6c,KXSECDEF-26DEC31-MW,2024-11-11T05:55:45.78347Z,760.00,0.6400,0.3600,yes
720e591a-33b5-4aad-83bb-693f93f6f1c4,KXSECDEF-26DEC31-MW,2024-11-11T05:55:45.78347Z,6.00,0.6300,0.3700,yes
3b6053cb-ca28-4332-ad73-260831332623,KXSECDEF-26DEC31-MW,2024-11-11T05:35:14.085515Z,79.00,0.6100,0.3900,yes
957acc90-19c5-4afa-bf68-ff294c758ff8,KXSECDEF-26DEC31-MW,2024-11-11T05:25:30.952663Z,50.00,0.6200,0.3800,yes
7a2a2b7c-f7e9-4833-a36d-d07a5df5ecab,KXSECDEF-26DEC31-MW,2024-11-11T05:25:30.952663Z,94.00,0.6300,0.3700,yes
18daacb9-f733-49f6-bce6-85377c21ce03,KXSECDEF-26DEC31-MW,2024-11-11T05:25:30.952663Z,11.00,0.6100,0.3900,yes
b41a25c6-8f58-41f9-b1e6-9c0615a8fc57,KXSECDEF-26DEC31-MW,2024-11-11T05:16:29.938947Z,200.00,0.6000,0.4000,yes
4b5900b9-0650-4e07-8089-1ec69af71117,KXSECDEF-26DEC31-MW,2024-11-11T05:16:29.938947Z,21.00,0.5900,0.4100,yes
3e89b3c6-0e28-43ab-b337-ccc72d864b46,KXSECDEF-26DEC31-MW,2024-11-11T05:16:29.938947Z,379.00,0.6100,0.3900,yes
ee4712cb-dea3-461b-9251-135fd117e97e,KXSECDEF-26DEC31-MW,2024-11-11T05:11:15.085708Z,20.00,0.5900,0.4100,yes
1aede0be-fe29-4be4-87f2-017f68fccf78,KXSECDEF-26DEC31-MW,2024-11-11T05:08:43.023341Z,10.00,0.5900,0.4100,yes
b2f1d45b-fccd-4e04-bedf-ee2bd5522f7c,KXSECDEF-26DEC31-MW,2024-11-11T05:02:58.545049Z,49.00,0.5900,0.4100,yes
fda4c048-b1da-4d84-b9dc-d8c6269b5b5b,KXSECDEF-26DEC31-MW,2024-11-11T04:59:39.615685Z,100.00,0.5800,0.4200,yes
ed773a1b-2fba-42ea-b0c0-faa3a8179f3c,KXSECDEF-26DEC31-MW,2024-11-11T04:59:39.615685Z,148.00,0.5900,0.4100,yes
e133a488-a9dc-476f-9847-e2fb362b346d,KXSECDEF-26DEC31-MW,2024-11-11T04:49:50.190202Z,16.00,0.5900,0.4100,yes
dc432abc-7551-4dad-a36c-68795c1a2677,KXSECDEF-26DEC31-MW,2024-11-11T04:48:26.030724Z,1.00,0.5900,0.4100,yes
afc9a017-10c9-4d7f-b6be-913dd7431e02,KXSECDEF-26DEC31-MW,2024-11-11T04:43:39.236559Z,201.00,0.5900,0.4100,yes
e2d8279e-76c7-40c1-8812-74a88c040246,KXSECDEF-26DEC31-MW,2024-11-11T04:29:43.0125Z,32.00,0.5900,0.4100,yes
c08ba009-a2be-4d3d-9fc1-57f6c2ea4f83,KXSECDEF-26DEC31-MW,2024-11-11T04:29:25.503255Z,16.00,0.5900,0.4100,yes
db8094ad-edf0-425a-bc1a-bcfe1a0b2008,KXSECDEF-26DEC31-MW,2024-11-11T04:28:45.798919Z,1.00,0.5900,0.4100,yes
fa489033-224e-498c-8672-fc45f9ea6923,KXSECDEF-26DEC31-MW,2024-11-11T04:25:33.736889Z,8.00,0.5900,0.4100,yes
da0e06af-bcb6-4eb2-9b17-aee59746f2e8,KXSECDEF-26DEC31-MW,2024-11-11T04:23:24.532947Z,16.00,0.5900,0.4100,yes
62f302a1-f8eb-44c6-8f3d-d6d3b6989fac,KXSECDEF-26DEC31-MW,2024-11-11T04:19:16.307384Z,317.00,0.5800,0.4200,yes
05aad144-362c-42c6-b7f2-035fc9f395f2,KXSECDEF-26DEC31-MW,2024-11-11T04:19:16.307384Z,100.00,0.5900,0.4100,yes
5192d528-f42f-455b-bfa3-408e59de74b3,KXSECDEF-26DEC31-MW,2024-11-11T04:09:23.039077Z,83.00,0.5800,0.4200,yes
1bd244c9-9060-4eb8-be4e-19ca8d1822b9,KXSECDEF-26DEC31-MW,2024-11-11T04:05:00.47709Z,100.00,0.5900,0.4100,yes
122c7703-f776-4a06-bbe0-e97050d684a7,KXSECDEF-26DEC31-MW,2024-11-11T03:54:48.526609Z,16.00,0.5900,0.4100,yes
57157fd1-cf33-4494-906a-0ed88950c291,KXSECDEF-26DEC31-MW,2024-11-11T03:46:17.302637Z,8.00,0.5900,0.4100,yes
7d2e440b-3edb-4a12-9851-5b9b5b9219d7,KXSECDEF-26DEC31-MW,2024-11-11T03:42:15.756588Z,5.00,0.5800,0.4200,yes
933b73df-a93a-433b-b50d-eb501e119c94,KXSECDEF-26DEC31-MW,2024-11-11T03:30:47.185533Z,324.00,0.5900,0.4100,yes
c5171588-899b-4aee-8d66-3f0235033090,KXSECDEF-26DEC31-MW,2024-11-11T03:26:37.545419Z,11.00,0.5800,0.4200,yes
bd6a5e7b-0109-4ecc-a3f8-eb317be30982,KXSECDEF-26DEC31-MW,2024-11-11T03:26:37.545419Z,32.00,0.5800,0.4200,yes
00d3cd74-cfbd-4b10-a431-9c2036ec4eaf,KXSECDEF-26DEC31-MW,2024-11-11T03:26:37.545419Z,287.00,0.5900,0.4100,yes
729b7270-0162-414b-8b0a-2b2e93f91903,KXSECDEF-26DEC31-MW,2024-11-11T03:25:46.816638Z,25.00,0.5800,0.4200,yes
532077cf-b5eb-4217-838b-dbaa8a4e526a,KXSECDEF-26DEC31-MW,2024-11-11T03:24:29.915554Z,65.00,0.5600,0.4400,no
98378d10-7036-49fa-9687-154bbc27c353,KXSECDEF-26DEC31-MW,2024-11-11T03:23:13.492882Z,25.00,0.5800,0.4200,yes
0172bb7a-e291-4c62-bae1-f757d8891bd4,KXSECDEF-26DEC31-MW,2024-11-11T03:17:40.36214Z,41.00,0.5800,0.4200,yes
ca32665d-3fbf-45bd-a27f-c74379ece48f,KXSECDEF-26DEC31-MW,2024-11-11T03:17:30.395401Z,9.00,0.5800,0.4200,yes
ff76382e-3e91-4123-b4b6-60c1ca0c1ec8,KXSECDEF-26DEC31-MW,2024-11-11T03:15:03.73634Z,1000.00,0.5900,0.4100,no
6c458169-5114-40b8-9430-b672ef967a98,KXSECDEF-26DEC31-MW,2024-11-11T03:15:03.73634Z,500.00,0.6000,0.4000,no
9fe90824-3f9a-47dd-80aa-51472b4b2506,KXSECDEF-26DEC31-MW,2024-11-11T03:05:07.057832Z,68.00,0.6100,0.3900,yes
155f948d-d761-46a2-b6ca-59bfc6f727a1,KXSECDEF-26DEC31-MW,2024-11-11T02:48:11.16556Z,50.00,0.6000,0.4000,no
e63a2be8-e9b8-4d1d-bcad-6e0f1bf439e0,KXSECDEF-26DEC31-MW,2024-11-11T02:47:11.697559Z,37.00,0.5700,0.4300,no
8244f9a9-5bcb-4f4b-ac96-9b40c82df426,KXSECDEF-26DEC31-MW,2024-11-11T02:47:11.697559Z,9.00,0.5600,0.4400,no
62bd0758-605a-4272-a677-879de53b21f3,KXSECDEF-26DEC31-MW,2024-11-11T02:45:34.039868Z,71.00,0.6000,0.4000,no
ce1fe7a4-1f30-477f-990c-44fdf69320a9,KXSECDEF-26DEC31-MW,2024-11-11T02:44:18.560903Z,86.00,0.6000,0.4000,no
c3c8dbbd-973a-4178-be8a-3d9de623206e,KXSECDEF-26DEC31-MW,2024-11-11T02:44:18.560903Z,164.00,0.6100,0.3900,no
d5e289c2-b093-4f3a-bb17-ee6516c7e7b9,KXSECDEF-26DEC31-MW,2024-11-11T02:30:51.711013Z,36.00,0.6100,0.3900,no
e317a302-0639-47dc-abc3-0e3bc574fa0d,KXSECDEF-26DEC31-MW,2024-11-11T02:26:29.722241Z,300.00,0.6600,0.3400,yes
dda6e0a5-30e1-4a3f-9a55-de1b64666d6b,KXSECDEF-26DEC31-MW,2024-11-11T02:26:29.722241Z,25.00,0.6400,0.3600,yes
8550aaab-c5a6-4121-b177-321c7df46ecc,KXSECDEF-26DEC31-MW,2024-11-11T02:26:29.722241Z,10.00,0.6200,0.3800,yes
734e534e-1813-4e06-a086-fbe89a06a1f1,KXSECDEF-26DEC31-MW,2024-11-11T02:26:29.722241Z,518.00,0.6600,0.3400,yes
2acad0cd-c49e-42eb-abad-8d34fb27ccb1,KXSECDEF-26DEC31-MW,2024-11-11T02:26:29.722241Z,600.00,0.6500,0.3500,yes
12b353ce-e317-409c-ac0e-fb4c133e86a8,KXSECDEF-26DEC31-MW,2024-11-11T02:26:29.722241Z,39.00,0.6100,0.3900,yes
72f3208b-97ee-4aaf-a863-5dac0bc17b49,KXSECDEF-26DEC31-MW,2024-11-11T02:25:21.122522Z,1.00,0.6100,0.3900,yes
c882ab4d-7848-4c5d-b395-c8c32e27069e,KXSECDEF-26DEC31-MW,2024-11-11T02:25:16.041909Z,79.00,0.6100,0.3900,yes
65cd852e-aa72-44f4-9b2a-7d0987f9de9d,KXSECDEF-26DEC31-MW,2024-11-11T02:19:12.726997Z,39.00,0.6200,0.3800,yes
e67a35af-6d56-4d1f-b11d-23ea58d772c3,KXSECDEF-26DEC31-MW,2024-11-11T02:18:16.219389Z,49.00,0.6000,0.4000,no
e92cf1e9-b670-4e4d-80d0-585cb1dd2e8a,KXSECDEF-26DEC31-MW,2024-11-11T02:18:09.552578Z,10.00,0.6100,0.3900,no
c5c6a2b4-35fd-4926-a63a-9fddebe084af,KXSECDEF-26DEC31-MW,2024-11-11T02:16:55.924811Z,25.00,0.6100,0.3900,no
7c643cc3-9839-482d-b398-b45675e89b0d,KXSECDEF-26DEC31-MW,2024-11-11T02:13:09.946338Z,45.00,0.6500,0.3500,yes
3e345bf7-5448-42f0-a820-ce782bdf15d1,KXSECDEF-26DEC31-MW,2024-11-11T02:12:53.558897Z,45.00,0.6500,0.3500,yes
f376d6ad-c536-431d-a96d-6419a8c4d137,KXSECDEF-26DEC31-MW,2024-11-11T02:09:41.28467Z,53.00,0.6500,0.3500,yes
691d0ba6-f054-43b9-8662-88562cf02488,KXSECDEF-26DEC31-MW,2024-11-11T02:09:41.28467Z,22.00,0.6400,0.3600,yes
517e3296-4e46-4ac8-a48f-f701e02cb9b5,KXSECDEF-26DEC31-MW,2024-11-11T02:08:21.908267Z,152.00,0.6400,0.3600,yes
ed523f7f-3282-4ec4-84f7-16ca965355b9,KXSECDEF-26DEC31-MW,2024-11-11T02:05:54.172877Z,25.00,0.6300,0.3700,yes
3b49d9e9-814f-444b-8ccf-b0d4cf729501,KXSECDEF-26DEC31-MW,2024-11-11T02:05:54.172877Z,21.00,0.6400,0.3600,yes
daaf8e4c-f428-4582-ba1c-4b40aa8f6a7b,KXSECDEF-26DEC31-MW,2024-11-11T02:04:41.716755Z,25.00,0.6000,0.4000,no
2ac3d239-ec5d-4032-9ba0-2d658eec29dc,KXSECDEF-26DEC31-MW,2024-11-11T01:55:39.01311Z,11.00,0.6600,0.3400,yes
3e6f9a5e-5074-4aeb-9699-d3c05a5a1b0d,KXSECDEF-26DEC31-MW,2024-11-11T01:54:11.483679Z,7.00,0.6500,0.3500,yes
26b18a17-81c1-42dc-9d0e-2cfa079b405f,KXSECDEF-26DEC31-MW,2024-11-11T01:53:53.838997Z,1.00,0.6500,0.3500,yes
6913c66c-7801-4f8d-8f91-b2eb5fe20eda,KXSECDEF-26DEC31-MW,2024-11-11T01:53:38.151717Z,52.00,0.6700,0.3300,yes
45e8f4bc-4eca-474f-81ac-e6d4ce6dc8aa,KXSECDEF-26DEC31-MW,2024-11-11T01:53:16.638752Z,25.00,0.6500,0.3500,yes
44c7e2f4-56e2-4f2d-a8f8-16078a0a390e,KXSECDEF-26DEC31-MW,2024-11-11T01:50:49.638175Z,14.00,0.6600,0.3400,yes
9d0d7329-9797-43fa-8cee-bfd99e0f32c6,KXSECDEF-26DEC31-MW,2024-11-11T01:47:28.467193Z,225.00,0.6500,0.3500,yes
3729ba9f-0bdf-4130-8cdf-ec2da39d8bea,KXSECDEF-26DEC31-MW,2024-11-11T01:23:23.33234Z,43.00,0.5600,0.4400,no
81a89f10-de3c-41a1-8f73-83aaafb4f01c,KXSECDEF-26DEC31-MW,2024-11-11T01:20:22.062234Z,50.00,0.6500,0.3500,yes
4bf7d2d4-b195-4335-a082-1f4b30c3b2df,KXSECDEF-26DEC31-MW,2024-11-11T01:20:01.006635Z,25.00,0.6700,0.3300,yes
85a529f3-c993-4917-92d5-73e7317c2086,KXSECDEF-26DEC31-MW,2024-11-11T01:19:36.520459Z,25.00,0.6500,0.3500,yes
920a3605-594a-44f8-a412-61b92bcc04f2,KXSECDEF-26DEC31-MW,2024-11-11T01:13:41.345632Z,568.00,0.6300,0.3700,no
356c4e4e-bd2f-45f1-a9db-192346705a15,KXSECDEF-26DEC31-MW,2024-11-11T01:13:41.345632Z,208.00,0.5600,0.4400,no
a2291ee7-7813-4d07-880d-f431ea020bf0,KXSECDEF-26DEC31-MW,2024-11-11T01:09:10.956418Z,9.00,0.6800,0.3200,yes
8a22d037-5857-4ffa-80db-ee280fe29b9e,KXSECDEF-26DEC31-MW,2024-11-11T01:08:35.432552Z,40.00,0.6500,0.3500,yes
25f0aee5-fe8f-45e2-85be-7970f3ded69b,KXSECDEF-26DEC31-MW,2024-11-11T01:05:21.961974Z,10.00,0.7000,0.3000,yes
deb5f273-f42d-42f1-9172-69bef15e84f5,KXSECDEF-26DEC31-MW,2024-11-11T01:01:11.061778Z,29.00,0.6600,0.3400,yes
1d2be52b-8d93-43b2-93a1-7217daa57586,KXSECDEF-26DEC31-MW,2024-11-11T00:57:07.36135Z,3.00,0.6500,0.3500,yes
7b0f2cff-ebe2-416a-8fcc-67236441219f,KXSECDEF-26DEC31-MW,2024-11-11T00:53:42.784629Z,13.00,0.7000,0.3000,yes
c7702dd4-a50b-499b-94be-3690d626bc1c,KXSECDEF-26DEC31-MW,2024-11-11T00:51:23.404332Z,12.00,0.6700,0.3300,yes
06849760-9463-47c5-a9d3-af98effb1eb6,KXSECDEF-26DEC31-MW,2024-11-11T00:45:17.560217Z,7.00,0.6500,0.3500,yes
dcc4d675-810b-45a6-9a85-0ebbe9beed36,KXSECDEF-26DEC31-MW,2024-11-11T00:38:28.864954Z,292.00,0.6200,0.3800,no
66740d03-6051-44ed-a0ac-033064203b30,KXSECDEF-26DEC31-MW,2024-11-11T00:35:18.681868Z,143.00,0.6200,0.3800,no
04069f06-815d-47fa-91e6-5d0041e5512d,KXSECDEF-26DEC31-MW,2024-11-11T00:22:22.458952Z,1.00,0.6500,0.3500,yes
b7215131-af77-4016-87d2-84022fefbfd7,KXSECDEF-26DEC31-MW,2024-11-11T00:20:39.424433Z,91.00,0.6400,0.3600,yes
1d8063c6-d57b-47c7-960b-afb3c7047609,KXSECDEF-26DEC31-MW,2024-11-11T00:20:39.424433Z,60.00,0.6500,0.3500,yes
6ab004c7-56ab-4ed9-b929-102b21c50c38,KXSECDEF-26DEC31-MW,2024-11-11T00:13:08.024295Z,152.00,0.6400,0.3600,yes
82e90667-2834-4f62-b33b-eae428f0f781,KXSECDEF-26DEC31-MW,2024-11-11T00:04:52.604346Z,76.00,0.6400,0.3600,yes
98fabb78-5890-415b-af79-c0a6d0cec707,KXSECDEF-26DEC31-MW,2024-11-10T23:54:46.805803Z,381.00,0.6400,0.3600,yes
a9849e35-3518-4ef5-8623-ab01b4cc173c,KXSECDEF-26DEC31-MW,2024-11-10T23:54:10.737582Z,550.00,0.6400,0.3600,yes
9b9e3e9e-0223-4735-b580-ba6f9ae2f4e0,KXSECDEF-26DEC31-MW,2024-11-10T23:46:28.954419Z,30.00,0.6400,0.3600,yes
2f6fbcc1-2bf7-4a30-9569-434bd2700f5c,KXSECDEF-26DEC31-MW,2024-11-10T23:42:33.302307Z,3.00,0.6400,0.3600,yes
2b18dbc1-13e2-4411-88de-6137b48e0dde,KXSECDEF-26DEC31-MW,2024-11-10T23:39:48.282581Z,44.00,0.6400,0.3600,yes
755aa936-b62a-4ca8-82be-a8724b8bdb3c,KXSECDEF-26DEC31-MW,2024-11-10T23:16:53.795356Z,37.00,0.6100,0.3900,no
d332078c-753e-4d22-9603-e940257b003f,KXSECDEF-26DEC31-MW,2024-11-10T23:11:02.423285Z,292.00,0.6400,0.3600,yes
2a8b7620-933c-412c-b724-76e29b34c903,KXSECDEF-26DEC31-MW,2024-11-10T22:58:20.452719Z,45.00,0.6400,0.3600,yes
746acf29-0430-4621-9655-c9f09cb140e5,KXSECDEF-26DEC31-MW,2024-11-10T22:55:16.930831Z,22.00,0.6400,0.3600,yes
ed080cc7-437d-416a-b399-a3cc4985278e,KXSECDEF-26DEC31-MW,2024-11-10T22:45:20.97161Z,100.00,0.6400,0.3600,yes
5e742e36-6d2d-440f-818e-d6fd3ce2291e,KXSECDEF-26DEC31-MW,2024-11-10T22:29:07.768558Z,4.00,0.6000,0.4000,no
77f024cb-c2f8-4232-944c-2e4d7b4b715f,KXSECDEF-26DEC31-MW,2024-11-10T22:26:37.632061Z,7.00,0.6400,0.3600,yes
822843d0-1f82-40da-8b30-99bb03ccee23,KXSECDEF-26DEC31-MW,2024-11-10T22:24:15.193696Z,53.00,0.6400,0.3600,yes
c9eeacb9-d354-4dd0-a29b-8c4113b50cfe,KXSECDEF-26DEC31-MW,2024-11-10T22:17:21.896371Z,300.00,0.6100,0.3900,no
32c3f387-c39a-40b1-b1ad-12ce2d9f4a5c,KXSECDEF-26DEC31-MW,2024-11-10T22:17:21.896371Z,1000.00,0.6000,0.4000,no
db39512a-5bde-413a-8ba1-ac9a598abffe,KXSECDEF-26DEC31-MW,2024-11-10T22:17:15.390113Z,97.00,0.6600,0.3400,no
d7296588-1168-49e6-831a-875574d64667,KXSECDEF-26DEC31-MW,2024-11-10T22:17:15.390113Z,300.00,0.6600,0.3400,no
065ae1d0-df99-4c23-9294-115399d8ef12,KXSECDEF-26DEC31-MW,2024-11-10T22:17:15.390113Z,275.00,0.6500,0.3500,no
a8484b0d-ad4e-430e-b716-0f0258f8cbcd,KXSECDEF-26DEC31-MW,2024-11-10T22:16:07.942858Z,42.00,0.7000,0.3000,yes
6d84e931-92b2-45a3-8e11-d9ef14290ed9,KXSECDEF-26DEC31-MW,2024-11-10T22:15:33.970861Z,283.00,0.6900,0.3100,yes
f7b59721-a8fb-4a77-a690-7f9902f330f6,KXSECDEF-26DEC31-MW,2024-11-10T22:13:03.360657Z,6.00,0.6700,0.3300,yes
067d6893-a739-464e-8c78-f86aadbf9219,KXSECDEF-26DEC31-MW,2024-11-10T22:13:03.360657Z,30.00,0.6700,0.3300,yes
861d00c9-90a9-4fc0-81d2-913b3cbda12b,KXSECDEF-26DEC31-MW,2024-11-10T22:09:45.880377Z,72.00,0.6700,0.3300,yes
df1faec8-bdc4-4d58-b3d2-a6545db19422,KXSECDEF-26DEC31-MW,2024-11-10T22:05:59.985816Z,72.00,0.6700,0.3300,yes
37d18eac-d671-46d9-8c87-4d40b6860b01,KXSECDEF-26DEC31-MW,2024-11-10T22:02:19.716832Z,56.00,0.6600,0.3400,no
fb363d75-4dee-4e88-9f3f-5f5b35e04e8b,KXSECDEF-26DEC31-MW,2024-11-10T21:56:21.767832Z,145.00,0.6700,0.3300,yes
42d47836-4db4-46a3-90bf-a15c69ce3935,KXSECDEF-26DEC31-MW,2024-11-10T21:51:20.075829Z,44.00,0.6600,0.3400,no
aeb83ee2-a269-40eb-be8b-c493289958c8,KXSECDEF-26DEC31-MW,2024-11-10T21:50:33.639442Z,5.00,0.6700,0.3300,yes
033ae39f-d3a8-4603-a31c-6c91c5cccdb2,KXSECDEF-26DEC31-MW,2024-11-10T21:48:35.533998Z,7.00,0.6700,0.3300,yes
583220e2-62dd-497b-8048-97ad1f6b0c17,KXSECDEF-26DEC31-MW,2024-11-10T21:32:20.024109Z,139.00,0.7000,0.3000,yes
24100afc-bc27-4170-8c27-2c266a78f3af,KXSECDEF-26DEC31-MW,2024-11-10T21:31:03.714032Z,145.00,0.6700,0.3300,yes
d7f260ab-62d6-474e-a032-1ba0cf461cf6,KXSECDEF-26DEC31-MW,2024-11-10T21:23:09.177351Z,125.00,0.6500,0.3500,yes
26bed650-2b63-40b6-a77f-1fc9232d6a33,KXSECDEF-26DEC31-MW,2024-11-10T21:21:54.93514Z,7.00,0.6500,0.3500,yes
098c2d5c-d53f-4123-bea9-f5aa594f3b76,KXSECDEF-26DEC31-MW,2024-11-10T21:19:06.533845Z,35.00,0.6500,0.3500,yes
d0abe8f8-9265-4746-87d7-970c1673d5f7,KXSECDEF-26DEC31-MW,2024-11-10T21:14:17.939548Z,182.00,0.6400,0.3600,yes
bb2276d6-e5a0-49e4-b86f-b849907e3d39,KXSECDEF-26DEC31-MW,2024-11-10T21:14:17.939548Z,60.00,0.6300,0.3700,yes
9c515522-fd61-42b9-a10e-c369acbcbc54,KXSECDEF-26DEC31-MW,2024-11-10T21:14:17.939548Z,137.00,0.6500,0.3500,yes
606f82f7-7194-43ff-b831-0958ed272afa,KXSECDEF-26DEC31-MW,2024-11-10T21:07:19.490736Z,5.00,0.6400,0.3600,yes
0fc9dc25-b60c-432e-8277-7ded863f89a2,KXSECDEF-26DEC31-MW,2024-11-10T21:04:36.141722Z,55.00,0.6400,0.3600,yes
3422f04d-6a46-4e59-b9f6-d0645f6a1677,KXSECDEF-26DEC31-MW,2024-11-10T20:57:43.582177Z,45.00,0.6400,0.3600,yes
a8b79d25-a3ae-4b90-abbd-be34ae11a23a,KXSECDEF-26DEC31-MW,2024-11-10T20:55:55.328939Z,3.00,0.6200,0.3800,no
9b5b28e5-7701-4cdf-887f-93d82dd382e5,KXSECDEF-26DEC31-MW,2024-11-10T20:35:30.815525Z,46.00,0.6500,0.3500,yes
038f2b5e-ec80-4301-ad33-fb087af41a76,KXSECDEF-26DEC31-MW,2024-11-10T20:33:38.12765Z,150.00,0.6500,0.3500,yes
d3ef6d54-c8c6-42a4-801a-430022e777de,KXSECDEF-26DEC31-MW,2024-11-10T20:26:04.453463Z,56.00,0.6800,0.3200,yes
d5b5da73-bb90-455e-a21e-94654bb86724,KXSECDEF-26DEC31-MW,2024-11-10T20:25:18.412764Z,227.00,0.6600,0.3400,yes
2cc78bbb-1a82-495c-a82e-d25624d8dc19,KXSECDEF-26DEC31-MW,2024-11-10T20:25:18.412764Z,503.00,0.6700,0.3300,yes
ccc0015b-2881-42af-84ac-7d4c26bb8c59,KXSECDEF-26DEC31-MW,2024-11-10T20:23:33.363418Z,147.00,0.6600,0.3400,yes
4ec445b1-dd41-4790-b849-65ddad5cf063,KXSECDEF-26DEC31-MW,2024-11-10T20:20:28.446202Z,4.00,0.6600,0.3400,yes
d5d0ef39-0355-4a16-a601-f3e5b63889a8,KXSECDEF-26DEC31-MW,2024-11-10T20:19:25.050609Z,96.00,0.6600,0.3400,yes
378ef652-e7de-4428-9dcc-18e7c12f7d99,KXSECDEF-26DEC31-MW,2024-11-10T20:16:40.741899Z,26.00,0.6600,0.3400,yes
e4ff83ca-a38e-42d7-a2b0-9ccf5f3503b6,KXSECDEF-26DEC31-MW,2024-11-10T20:11:26.395894Z,246.00,0.6700,0.3300,yes
262a9930-97e5-4be0-bca1-e9fa42af118c,KXSECDEF-26DEC31-MW,2024-11-10T20:11:26.395894Z,46.00,0.6600,0.3400,yes
88f8d7b3-b462-4c66-8ff3-db840c266cf1,KXSECDEF-26DEC31-MW,2024-11-10T20:10:23.851894Z,7.00,0.6600,0.3400,yes
1cb829da-882a-4cb1-a8e7-0c7fc5e8730c,KXSECDEF-26DEC31-MW,2024-11-10T20:07:54.269558Z,147.00,0.6600,0.3400,yes
fbae45ef-b20b-4a83-b8c9-f965f91ad69d,KXSECDEF-26DEC31-MW,2024-11-10T19:56:54.199885Z,43.00,0.6400,0.3600,yes
7dcceb06-76ed-422e-b33a-7bbbb91abfa6,KXSECDEF-26DEC31-MW,2024-11-10T19:56:54.199885Z,100.00,0.6500,0.3500,yes
7c8ac620-7637-44c5-b699-e193b3185d9e,KXSECDEF-26DEC31-MW,2024-11-10T19:56:54.199885Z,3.00,0.6700,0.3300,yes
7366b2fd-e0a3-4e3d-9b41-8599dafb0f86,KXSECDEF-26DEC31-MW,2024-11-10T19:56:54.199885Z,150.00,0.6700,0.3300,yes
09122d0c-e690-4e5a-b7b3-3501a44fe700,KXSECDEF-26DEC31-MW,2024-11-10T19:51:56.1542Z,15.00,0.6400,0.3600,yes
d0a385a2-76fc-45cc-82b3-7c14bab65c03,KXSECDEF-26DEC31-MW,2024-11-10T19:51:31.723275Z,142.00,0.6400,0.3600,yes
2f20141e-5fa0-4450-a882-967dfc89fb48,KXSECDEF-26DEC31-MW,2024-11-10T19:51:31.723275Z,10.00,0.6100,0.3900,yes
d10f7a30-a6d6-443b-9f1b-88c0f7b44431,KXSECDEF-26DEC31-MW,2024-11-10T19:50:18.117167Z,15.00,0.6100,0.3900,yes
02fefdaf-2bfd-46fa-9bcf-dd6a3ced4cf1,KXSECDEF-26DEC31-MW,2024-11-10T19:46:32.879545Z,125.00,0.6100,0.3900,no
c44dfcae-1692-4b20-a489-b0b230f8bb6d,KXSECDEF-26DEC31-MW,2024-11-10T19:42:43.348566Z,7.00,0.6700,0.3300,yes
d9c1b16d-13ff-4787-94cc-fce086e7a8e2,KXSECDEF-26DEC31-MW,2024-11-10T19:42:25.166221Z,75.00,0.6100,0.3900,no
31591ef7-cf23-48f8-bc01-7a3deb4d6cce,KXSECDEF-26DEC31-MW,2024-11-10T19:41:08.511075Z,143.00,0.6800,0.3200,yes
04b9d8bd-3739-459f-8cc9-e93b4543b7bf,KXSECDEF-26DEC31-MW,2024-11-10T19:41:00.513048Z,10.00,0.6200,0.3800,no
1c7aeebf-c208-49ce-93ca-ffde5ffe7c8e,KXSECDEF-26DEC31-MW,2024-11-10T19:40:29.706879Z,143.00,0.6600,0.3400,yes
14679060-ac72-4894-b046-822026f41260,KXSECDEF-26DEC31-MW,2024-11-10T19:40:29.706879Z,223.00,0.6700,0.3300,yes
778c2f63-d1a3-4b85-81f4-eec0a12042a8,KXSECDEF-26DEC31-MW,2024-11-10T19:40:07.761159Z,73.00,0.6600,0.3400,yes
3fe3107f-13a2-498a-8181-e09f9c65d544,KXSECDEF-26DEC31-MW,2024-11-10T19:39:13.580437Z,14.00,0.6600,0.3400,yes
67c8435e-53f8-4039-8913-5a685e116311,KXSECDEF-26DEC31-MW,2024-11-10T19:39:03.613901Z,10.00,0.6500,0.3500,yes
239cac52-1cbd-4170-8cfc-b07330f1c826,KXSECDEF-26DEC31-MW,2024-11-10T19:39:03.613901Z,99.00,0.6600,0.3400,yes
bc9c8a31-c99c-4da2-b23b-2e0f0adb62cb,KXSECDEF-26DEC31-MW,2024-11-10T19:37:16.744354Z,5.00,0.6300,0.3700,no
9a90857a-0cea-4945-ba34-51dfc0b386f9,KXSECDEF-26DEC31-MW,2024-11-10T19:37:16.744354Z,1.00,0.6800,0.3200,no
981e772a-e577-4d05-8f42-a043e62e4d86,KXSECDEF-26DEC31-MW,2024-11-10T19:37:16.744354Z,1.00,0.6400,0.3600,no
8bbdba38-c7f5-4de3-839a-45f7e1249f27,KXSECDEF-26DEC31-MW,2024-11-10T19:37:16.744354Z,10.00,0.6100,0.3900,no
7d132ad6-7eaa-4eb1-96d5-0b0943cb8382,KXSECDEF-26DEC31-MW,2024-11-10T19:37:16.744354Z,1.00,0.6500,0.3500,no
7a2e2678-e2c9-42ba-be98-1d508103a995,KXSECDEF-26DEC31-MW,2024-11-10T19:37:16.744354Z,1.00,0.6600,0.3400,no
2e98c008-95f1-40ea-8799-458889fbab24,KXSECDEF-26DEC31-MW,2024-11-10T19:37:16.744354Z,216.00,0.6000,0.4000,no
1edb7fec-adc6-454c-952b-53cfe532f83d,KXSECDEF-26DEC31-MW,2024-11-10T19:37:16.744354Z,1.00,0.6700,0.3300,no
02ac77e3-4c9e-4c0b-9644-1b131b6bd217,KXSECDEF-26DEC31-MW,2024-11-10T19:37:16.744354Z,5.00,0.6200,0.3800,no
5ba9a5ab-9c1c-418f-90f9-b390b6d5b404,KXSECDEF-26DEC31-MW,2024-11-10T19:35:42.50417Z,1.00,0.7000,0.3000,no
a5dc95b3-e8ef-455d-93a5-46dc14600df5,KXSECDEF-26DEC31-MW,2024-11-10T19:33:10.255501Z,1.00,0.7100,0.2900,no
cc6fd96f-f0ad-45c3-ad49-43ee41b73893,KXSECDEF-26DEC31-MW,2024-11-10T19:26:36.616706Z,100.00,0.6800,0.3200,yes
2e5431d3-c5ce-4b9c-80db-69e1d8f4dcb9,KXSECDEF-26DEC31-MW,2024-11-10T19:26:36.616706Z,144.00,0.6800,0.3200,yes
21ddd9bb-4810-4c85-bbf8-0afd169ffafd,KXSECDEF-26DEC31-MW,2024-11-10T19:26:36.616706Z,300.00,0.6800,0.3200,yes
6b39dc83-0876-4196-b5de-2530f1d648b3,KXSECDEF-26DEC31-MW,2024-11-10T19:25:32.721249Z,10.00,0.6600,0.3400,yes
d1e0a605-d02f-432b-b1b0-aaf307b53484,KXSECDEF-26DEC31-MW,2024-11-10T19:25:17.96413Z,140.00,0.6600,0.3400,yes
6e515f44-53a9-4d88-b2f9-d74a0297f500,KXSECDEF-26DEC31-MW,2024-11-10T19:25:17.96413Z,11.00,0.6500,0.3500,yes
6ba72342-7545-4874-a5f0-015fef763d75,KXSECDEF-26DEC31-MW,2024-11-10T19:25:17.96413Z,454.00,0.6500,0.3500,yes
620ff212-ea31-4731-8895-974f6765c518,KXSECDEF-26DEC31-MW,2024-11-10T19:25:17.96413Z,100.00,0.6600,0.3400,yes
1014773f-cb39-4855-86b0-454ce02db1f7,KXSECDEF-26DEC31-MW,2024-11-10T19:22:08.522963Z,20.00,0.6300,0.3700,no
d21cb13c-622e-45ec-86f8-2c1a5df14881,KXSECDEF-26DEC31-MW,2024-11-10T19:21:55.225793Z,31.00,0.6500,0.3500,yes
cfedba4a-06e9-4ba7-b313-57130f8a3016,KXSECDEF-26DEC31-MW,2024-11-10T19:21:55.225793Z,55.00,0.6400,0.3600,yes
3ff6fb96-8422-4438-97d6-06628f2171a4,KXSECDEF-26DEC31-MW,2024-11-10T19:21:55.225793Z,40.00,0.6400,0.3600,yes
d4f39343-fa2b-4840-b0aa-4030288e17e7,KXSECDEF-26DEC31-MW,2024-11-10T19:19:24.013824Z,24.00,0.6300,0.3700,yes
f8839f71-1534-4f39-805b-157aa53232e2,KXSECDEF-26DEC31-MW,2024-11-10T19:18:21.089608Z,1.00,0.6300,0.3700,yes
23b2e352-e9f8-4a8b-84b6-e5e66f4f70f5,KXSECDEF-26DEC31-MW,2024-11-10T19:12:47.75889Z,245.00,0.6100,0.3900,no
5a42febf-2288-4b99-a6f8-615cf4ed536a,KXSECDEF-26DEC31-MW,2024-11-10T19:09:26.741265Z,500.00,0.6300,0.3700,yes
170cd98b-b923-46c0-a6dd-b8748daab60e,KXSECDEF-26DEC31-MW,2024-11-10T19:08:13.581818Z,30.00,0.6400,0.3600,yes
ffd6cb33-d7a0-4595-958c-ae08a48553c6,KXSECDEF-26DEC31-MW,2024-11-10T19:00:03.076865Z,100.00,0.6200,0.3800,yes
fba6c698-b28c-4def-a955-5141e601825a,KXSECDEF-26DEC31-MW,2024-11-10T18:59:50.831592Z,15.00,0.6500,0.3500,yes
55cc2fbc-5db3-43b9-82eb-c64cdf590d75,KXSECDEF-26DEC31-MW,2024-11-10T18:59:27.481908Z,15.00,0.6200,0.3800,yes
288cfd60-8505-4891-a776-acf31a8e9f6f,KXSECDEF-26DEC31-MW,2024-11-10T18:58:57.736509Z,61.00,0.5800,0.4200,no
fbd74281-6162-453e-8dba-a70cdfd5940b,KXSECDEF-26DEC31-MW,2024-11-10T18:57:55.414509Z,980.00,0.6200,0.3800,yes
59b90499-1897-41cf-87e6-50c24c518862,KXSECDEF-26DEC31-MW,2024-11-10T18:57:55.414509Z,600.00,0.6100,0.3900,yes
f8213fb8-5e7b-4587-a3d3-bac3fe211fc4,KXSECDEF-26DEC31-MW,2024-11-10T18:48:11.859213Z,300.00,0.6100,0.3900,yes
c4803c7e-25fa-4e9f-b97a-57dd7580c253,KXSECDEF-26DEC31-MW,2024-11-10T18:48:11.859213Z,969.00,0.6500,0.3500,yes
a6845d8e-72c9-4799-aaa0-01953693c79e,KXSECDEF-26DEC31-MW,2024-11-10T18:48:11.859213Z,169.00,0.6600,0.3400,yes
9f2e7ed8-bc10-44c5-a11e-ef4b60a1a87c,KXSECDEF-26DEC31-MW,2024-11-10T18:48:11.859213Z,59.00,0.5900,0.4100,yes
79b95d50-9b62-4364-85ae-ff9da6149427,KXSECDEF-26DEC31-MW,2024-11-10T18:48:11.859213Z,500.00,0.6600,0.3400,yes
71faac33-b60a-48b4-969f-96655d1f56f0,KXSECDEF-26DEC31-MW,2024-11-10T18:48:11.859213Z,1000.00,0.6200,0.3800,yes
6c8ea144-953a-4724-a761-8d2f7e337ac6,KXSECDEF-26DEC31-MW,2024-11-10T18:48:11.859213Z,63.00,0.6500,0.3500,yes
c0895446-3afc-4e40-b45d-289ff58637d5,KXSECDEF-26DEC31-MW,2024-11-10T18:48:01.745825Z,41.00,0.5900,0.4100,yes
eb5e64bb-d14f-4de9-837b-fd7f6df883ab,KXSECDEF-26DEC31-MW,2024-11-10T18:45:04.243781Z,20.00,0.5900,0.4100,yes
3d641bbb-4b51-4870-8c09-b21503810034,KXSECDEF-26DEC31-MW,2024-11-10T18:45:04.243781Z,144.00,0.5900,0.4100,yes
3d6700c7-82d0-402f-a4dd-b988f5e9efdf,KXSECDEF-26DEC31-MW,2024-11-10T18:44:42.101738Z,41.00,0.5900,0.4100,yes
d3f348dd-6541-4bf9-8611-22482a46abb8,KXSECDEF-26DEC31-MW,2024-11-10T18:43:25.771363Z,3.00,0.5900,0.4100,yes
79d6708c-d5d4-4517-b367-406c7d020b01,KXSECDEF-26DEC31-MW,2024-11-10T18:35:40.278237Z,30.00,0.5900,0.4100,yes
ec94cc71-2018-43be-9b84-f274ef2aa78b,KXSECDEF-26DEC31-MW,2024-11-10T18:32:50.970675Z,26.00,0.5900,0.4100,yes
82519848-0bb2-430a-9fb2-be609a9a21f1,KXSECDEF-26DEC31-MW,2024-11-10T18:25:24.164072Z,5.00,0.5900,0.4100,yes
a4cdded6-3056-4da2-8122-a4bff907b698,KXSECDEF-26DEC31-MW,2024-11-10T18:25:16.251531Z,1.00,0.6300,0.3700,no
8c133f63-d156-4c5f-bfca-33f9773ffe30,KXSECDEF-26DEC31-MW,2024-11-10T18:25:09.474469Z,37.00,0.6500,0.3500,yes
1c463031-14ae-4c6a-90f6-255acc5c3091,KXSECDEF-26DEC31-MW,2024-11-10T18:23:52.951659Z,10.00,0.6300,0.3700,yes
e0e28963-a828-466f-a1f0-b1b47ad1d7e4,KXSECDEF-26DEC31-MW,2024-11-10T18:17:08.230728Z,3.00,0.6200,0.3800,yes
4680578d-4c08-4cc4-ae03-96957e1d8c72,KXSECDEF-26DEC31-MW,2024-11-10T18:15:33.379128Z,204.00,0.5900,0.4100,yes
84958ce4-6c00-4ae8-90ae-948052915d81,KXSECDEF-26DEC31-MW,2024-11-10T18:14:27.159337Z,31.00,0.6400,0.3600,yes
b0284008-21bc-492c-b6a2-26da8ef9df1f,KXSECDEF-26DEC31-MW,2024-11-10T18:11:42.746319Z,39.00,0.6200,0.3800,yes
a2ce7832-59f8-4017-8f4c-28fc1248481f,KXSECDEF-26DEC31-MW,2024-11-10T18:10:41.633827Z,100.00,0.5800,0.4200,yes
85eed51f-39a0-4dda-a79e-b5e37142c744,KXSECDEF-26DEC31-MW,2024-11-10T18:10:41.633827Z,200.00,0.5800,0.4200,yes
811a1ef5-c27d-4726-a828-01c03845c314,KXSECDEF-26DEC31-MW,2024-11-10T18:10:41.633827Z,400.00,0.5800,0.4200,yes
04051983-d059-4b74-9bc6-f90fc27c539a,KXSECDEF-26DEC31-MW,2024-11-10T18:10:22.901854Z,322.00,0.5700,0.4300,yes
d1bf138d-0f6c-40ef-abdf-9a002bf64725,KXSECDEF-26DEC31-MW,2024-11-10T18:09:04.662889Z,88.00,0.5700,0.4300,yes
6470f0cd-5551-47d7-9d77-8044519d8691,KXSECDEF-26DEC31-MW,2024-11-10T18:08:07.403105Z,85.00,0.5700,0.4300,yes
e94c95b4-50ec-4af7-a7d6-d19984444737,KXSECDEF-26DEC31-MW,2024-11-10T18:02:12.428202Z,1.00,0.5700,0.4300,yes
06f3e222-81dd-49c7-a0a3-4f2384e3f49d,KXSECDEF-26DEC31-MW,2024-11-10T17:57:37.787156Z,7.00,0.5500,0.4500,no
c9f2bc09-7399-418d-9e0f-379c15c503cb,KXSECDEF-26DEC31-MW,2024-11-10T17:41:34.436174Z,5.00,0.5700,0.4300,yes
04a77d07-bfbc-4fd1-89e2-a8f8c4a7f872,KXSECDEF-26DEC31-MW,2024-11-10T17:40:39.483652Z,35.00,0.5700,0.4300,yes
16e47634-f157-4e6f-8b75-2dc084f061b9,KXSECDEF-26DEC31-MW,2024-11-10T17:40:29.186905Z,42.00,0.5500,0.4500,no
e957975f-9ae3-4d71-91f7-d9844484274f,KXSECDEF-26DEC31-MW,2024-11-10T17:40:24.33224Z,216.00,0.5700,0.4300,yes
6aed9c25-79ee-42ef-9a5d-b5379fdaef81,KXSECDEF-26DEC31-MW,2024-11-10T17:37:02.564182Z,1.00,0.5700,0.4300,yes
dac1e72d-d961-49c1-8c2e-c4f30e1930d8,KXSECDEF-26DEC31-MW,2024-11-10T17:22:42.440744Z,85.00,0.5700,0.4300,yes
4170cbc7-65d2-43b7-b0d9-fbbcb52d96bb,KXSECDEF-26DEC31-MW,2024-11-10T17:18:02.657037Z,427.00,0.5500,0.4500,no
d4c669f5-a9a7-4283-baa6-cf57e73a4336,KXSECDEF-26DEC31-MW,2024-11-10T17:16:44.823608Z,42.00,0.5700,0.4300,yes
7a83ab14-fd36-4f71-82da-6e9499d85124,KXSECDEF-26DEC31-MW,2024-11-10T17:14:24.645963Z,35.00,0.5700,0.4300,yes
b3877e15-92f0-435a-b10f-c3a19219678e,KXSECDEF-26DEC31-MW,2024-11-10T17:12:15.190763Z,85.00,0.5700,0.4300,yes
ea669261-f6b3-4ff3-8811-371970d8a598,KXSECDEF-26DEC31-MW,2024-11-10T17:05:46.567938Z,21.00,0.5500,0.4500,no
4a914b68-8728-4c14-b59a-3b7fa71e92d1,KXSECDEF-26DEC31-MW,2024-11-10T16:54:54.837076Z,150.00,0.6400,0.3600,yes
03b1fbf9-75b0-4571-a56c-d4098ccfd869,KXSECDEF-26DEC31-MW,2024-11-10T16:45:25.805819Z,39.00,0.6100,0.3900,yes
600ac693-8db0-424a-89bd-f136b76cd063,KXSECDEF-26DEC31-MW,2024-11-10T16:44:35.331642Z,16.00,0.5800,0.4200,yes
3fb3bfef-31c8-4d06-a31e-84ed17a13851,KXSECDEF-26DEC31-MW,2024-11-10T16:41:39.66354Z,42.00,0.6500,0.3500,yes
ee002ce0-b922-4ccb-8ff5-44cc3bc61c9b,KXSECDEF-26DEC31-MW,2024-11-10T16:34:35.781318Z,78.00,0.6200,0.3800,yes
a4f89c3a-6946-4f95-952e-1b0a5e404498,KXSECDEF-26DEC31-MW,2024-11-10T16:30:03.18883Z,50.00,0.5900,0.4100,yes
0dd32875-99e0-4809-b7e6-5d5543d25199,KXSECDEF-26DEC31-MW,2024-11-10T16:30:03.18883Z,200.00,0.5800,0.4200,yes
c98f1bac-652f-468d-bb87-d87803defe62,KXSECDEF-26DEC31-MW,2024-11-10T16:29:25.459524Z,750.00,0.6500,0.3500,yes
ad3b9fcf-5771-4cdb-b9b9-7e4e93c49a2e,KXSECDEF-26DEC31-MW,2024-11-10T16:27:50.415161Z,79.00,0.6100,0.3900,yes
0e248baf-0b49-4ed3-a85f-1faf98000778,KXSECDEF-26DEC31-MW,2024-11-10T16:24:36.394639Z,1.00,0.6000,0.4000,yes
afd74ba6-8834-438e-ad59-e64e37b563f9,KXSECDEF-26DEC31-MW,2024-11-10T16:23:18.08933Z,90.00,0.5800,0.4200,yes
6405d5c3-99d3-45ca-b0e6-4bb05a9bfc09,KXSECDEF-26DEC31-MW,2024-11-10T16:23:18.08933Z,10.00,0.5800,0.4200,yes
164956b8-ffb8-44b1-a87d-633b762b7011,KXSECDEF-26DEC31-MW,2024-11-10T16:22:20.835452Z,83.00,0.5800,0.4200,yes
3a962c37-344a-4f53-afe4-0fafc8c30b54,KXSECDEF-26DEC31-MW,2024-11-10T16:18:45.038317Z,167.00,0.5800,0.4200,yes
f0a49ee5-32b9-4881-a6bb-7b1bc8df05ad,KXSECDEF-26DEC31-MW,2024-11-10T16:16:30.270866Z,16.00,0.5800,0.4200,yes
63fe539e-64d3-47e4-bf8e-5ab079721acf,KXSECDEF-26DEC31-MW,2024-11-10T16:12:16.321257Z,23.00,0.5800,0.4200,yes
8824379d-3b41-4e93-9869-88222f4eb929,KXSECDEF-26DEC31-MW,2024-11-10T16:11:13.554763Z,10.00,0.5800,0.4200,yes
c7e3d8f7-8b8f-4392-8faf-554cd2df9f63,KXSECDEF-26DEC31-MW,2024-11-10T16:11:05.394349Z,83.00,0.5800,0.4200,yes
005bfaac-9283-49cd-a243-1950551c89cf,KXSECDEF-26DEC31-MW,2024-11-10T16:11:02.436178Z,16.00,0.5800,0.4200,yes
b3936d53-5a39-489b-a1a2-8477611f851c,KXSECDEF-26DEC31-MW,2024-11-10T16:10:59.491933Z,92.00,0.5800,0.4200,yes
a129e013-de9e-497e-81e8-7be36e170069,KXSECDEF-26DEC31-MW,2024-11-10T16:10:49.730125Z,83.00,0.5800,0.4200,yes
efc087ef-f562-4c61-bfa0-443a83af87a2,KXSECDEF-26DEC31-MW,2024-11-10T16:10:46.806542Z,418.00,0.5800,0.4200,yes
9ea66acd-4cbc-44a0-9730-b97ac43d16b1,KXSECDEF-26DEC31-MW,2024-11-10T16:06:19.176785Z,77.00,0.6300,0.3700,yes
73ce7441-19a9-465b-b5e4-1062859ccbcd,KXSECDEF-26DEC31-MW,2024-11-10T16:03:47.830771Z,81.00,0.6000,0.4000,yes
6020904f-ce16-468c-b6b7-98b0ead1a20e,KXSECDEF-26DEC31-MW,2024-11-10T15:51:49.970499Z,126.00,0.5700,0.4300,yes
f38938e5-89c5-44a6-925c-d0d9697d854b,KXSECDEF-26DEC31-MW,2024-11-10T15:45:42.334436Z,35.00,0.5800,0.4200,yes
cca3efd2-1488-470e-929b-79d8a03b1790,KXSECDEF-26DEC31-MW,2024-11-10T15:45:42.334436Z,29.00,0.6000,0.4000,yes
614389e3-89fa-41c5-838f-111649afde17,KXSECDEF-26DEC31-MW,2024-11-10T15:45:42.334436Z,100.00,0.5900,0.4100,yes
3fd27dde-2dfe-4c7b-81ec-bfcda9fda79a,KXSECDEF-26DEC31-MW,2024-11-10T15:00:23.279774Z,170.00,0.5700,0.4300,yes
a69334ce-1450-4981-afc3-89b8a388c6fa,KXSECDEF-26DEC31-MW,2024-11-10T14:53:02.350544Z,96.00,0.6500,0.3500,yes
35d5faa3-d91f-453c-b2de-307fdc0c6818,KXSECDEF-26DEC31-MW,2024-11-10T14:53:02.350544Z,131.00,0.6200,0.3800,yes
1635c3d2-41ce-4dad-81dd-2f0e9d8cb070,KXSECDEF-26DEC31-MW,2024-11-10T14:53:02.350544Z,4.00,0.6400,0.3600,yes
b3cd67f3-6975-4a68-9e9e-c7a358065df3,KXSECDEF-26DEC31-MW,2024-11-10T14:51:39.15759Z,154.00,0.6000,0.4000,yes
81a55377-a49e-4c4d-aba1-9e90a54c606f,KXSECDEF-26DEC31-MW,2024-11-10T14:49:05.518581Z,3.00,0.5600,0.4400,yes
6aaf1272-d7c6-47a4-a33d-178af5a45ceb,KXSECDEF-26DEC31-MW,2024-11-10T14:49:05.518581Z,82.00,0.5700,0.4300,yes
822af409-98ca-4329-b817-1438eab35233,KXSECDEF-26DEC31-MW,2024-11-10T06:49:41.296969Z,5.00,0.6000,0.4000,yes
0e838c89-5a4a-4f99-a7e9-ecaa28537e72,KXSECDEF-26DEC31-MW,2024-11-10T06:49:41.296969Z,30.00,0.5400,0.4600,yes
6eb5452f-945e-4220-bb5e-d13383cd2c13,KXSECDEF-26DEC31-MW,2024-11-10T06:38:48.411998Z,25.00,0.5100,0.4900,no
71c7ee1c-38c2-4393-812a-24e0b29d7d13,KXSECDEF-26DEC31-MW,2024-11-10T04:31:34.978073Z,19.00,0.5100,0.4900,no
c331cb91-dda2-4b57-8da3-aaffba79f799,KXSECDEF-26DEC31-MW,2024-11-10T04:18:40.158771Z,69.00,0.5700,0.4300,yes
086fc53e-94ba-4092-a4e4-593144a90686,KXSECDEF-26DEC31-MW,2024-11-10T04:18:40.158771Z,16.00,0.5600,0.4400,yes
ffd0a0e0-db53-4127-b4f3-20c818bd5662,KXSECDEF-26DEC31-MW,2024-11-10T04:12:46.079499Z,8.00,0.5600,0.4400,yes
1e4fe547-960b-480f-8132-63eb95344088,KXSECDEF-26DEC31-MW,2024-11-10T04:12:04.846836Z,1.00,0.5600,0.4400,yes
2b307945-520c-4d21-8408-65e7c4628f6b,KXSECDEF-26DEC31-MW,2024-11-10T03:53:37.100373Z,1.00,0.5100,0.4900,no
17458af2-1488-4d28-8fb9-d524f5ad6d96,KXSECDEF-26DEC31-MW,2024-11-10T03:51:41.169476Z,230.00,0.5800,0.4200,yes
2c161a2c-261b-4ea0-be81-8464caeacdbe,KXSECDEF-26DEC31-MW,2024-11-10T03:36:45.990271Z,57.00,0.5000,0.5000,yes
d8c90fcf-2d89-48cb-b05e-44f3c5759f3c,KXSECDEF-26DEC31-MW,2024-11-10T03:36:35.545898Z,193.00,0.5000,0.5000,yes
f041df01-d901-4cc2-a85e-926b1a02e025,KXSECDEF-26DEC31-MW,2024-11-10T03:34:45.980475Z,100.00,0.5000,0.5000,no
6e00c472-0cf3-48cf-ad9c-788134ab304e,KXSECDEF-26DEC31-MW,2024-11-10T03:34:45.980475Z,400.00,0.5000,0.5000,no
568a5f99-9d8c-4070-83af-68b051ee75ef,KXSECDEF-26DEC31-MW,2024-11-10T03:34:45.980475Z,200.00,0.5000,0.5000,no
d922b4a5-b4d9-49fd-a56f-86d429850e3c,KXSECDEF-26DEC31-MW,2024-11-10T03:23:39.729297Z,316.00,0.5200,0.4800,no
755d6157-eb40-486a-9f8c-a6a3566db1e3,KXSECDEF-26DEC31-MW,2024-11-10T03:23:39.729297Z,87.00,0.5300,0.4700,no
e311417f-4a9e-493e-9761-449bd775596a,KXSECDEF-26DEC31-MW,2024-11-10T03:10:25.101838Z,33.00,0.5800,0.4200,yes
0cf5eb5e-8ab7-46af-828e-59a3e6f28af6,KXSECDEF-26DEC31-MW,2024-11-10T02:53:16.828154Z,10.00,0.5300,0.4700,no
75afaec2-58f6-42e2-84ee-58d5b1f8ec05,KXSECDEF-26DEC31-MW,2024-11-10T02:23:13.80325Z,25.00,0.5700,0.4300,yes
78bb2e65-b503-40dc-98ff-70f090fa9e11,KXSECDEF-26DEC31-MW,2024-11-10T02:13:39.913807Z,201.00,0.5300,0.4700,no
08de2985-5903-4eaf-9cfa-8923a59ceae4,KXSECDEF-26DEC31-MW,2024-11-10T02:13:39.913807Z,3.00,0.5300,0.4700,no
7e3622c5-ff96-4adb-9b56-5848e7349539,KXSECDEF-26DEC31-MW,2024-11-10T01:37:32.453891Z,21.00,0.5800,0.4200,yes
15cc78ac-6401-4a3f-ae24-eb2d710c5359,KXSECDEF-26DEC31-MW,2024-11-10T01:37:32.453891Z,64.00,0.5600,0.4400,yes
c4a05267-6a3a-495b-87ab-ca82d8b5009c,KXSECDEF-26DEC31-MW,2024-11-10T01:25:10.405023Z,86.00,0.5600,0.4400,yes
f985235e-1299-4c2e-9aa6-886b5ef23b25,KXSECDEF-26DEC31-MW,2024-11-10T01:19:41.395226Z,90.00,0.5300,0.4700,no
f5d96886-b115-4406-b90a-acff7beadd9a,KXSECDEF-26DEC31-MW,2024-11-10T01:19:41.395226Z,25.00,0.5300,0.4700,no
5aec6914-1da3-4444-be2f-c4174ad75efd,KXSECDEF-26DEC31-MW,2024-11-10T01:19:41.395226Z,192.00,0.5400,0.4600,no
5e45f6d0-c9ba-4cb4-bf16-8cb91e619512,KXSECDEF-26DEC31-MW,2024-11-10T00:53:07.773013Z,6.00,0.5900,0.4100,yes
8b437e7f-9e6f-4c61-9d0f-5c231fb191cd,KXSECDEF-26DEC31-MW,2024-11-10T00:31:12.225277Z,16.00,0.5900,0.4100,yes
bbc73a27-16ee-4700-a042-021d9da40671,KXSECDEF-26DEC31-MW,2024-11-10T00:17:10.768957Z,164.00,0.5900,0.4100,yes
4eac0319-2d25-467a-8444-c19cb174a5df,KXSECDEF-26DEC31-MW,2024-11-10T00:15:15.72424Z,211.00,0.5800,0.4200,yes
0a6f8155-0a85-4499-8a01-e1646f1fed6c,KXSECDEF-26DEC31-MW,2024-11-10T00:15:15.72424Z,385.00,0.5900,0.4100,yes
6828fc5f-2e9f-4c01-9b7a-ab7865c4be04,KXSECDEF-26DEC31-MW,2024-11-10T00:10:07.121713Z,192.00,0.5300,0.4700,no
3c41303c-2ef1-4aa9-b23a-3f7cf759322c,KXSECDEF-26DEC31-MW,2024-11-10T00:10:07.121713Z,30.00,0.5400,0.4600,no
09268cfd-1322-4c8f-82de-bde2d0b2acd0,KXSECDEF-26DEC31-MW,2024-11-10T00:10:07.121713Z,175.00,0.5500,0.4500,no
0b6792ad-5e0e-452d-b269-91c53564f7f8,KXSECDEF-26DEC31-MW,2024-11-10T00:00:36.84523Z,15.00,0.6200,0.3800,yes
b8890f13-3c41-4c5c-aa67-a7a415725dfe,KXSECDEF-26DEC31-MW,2024-11-09T23:56:41.204365Z,1.00,0.6200,0.3800,yes
b4fae90a-ee16-4dc1-b4f9-92446d4c8589,KXSECDEF-26DEC31-MW,2024-11-09T23:53:28.873794Z,300.00,0.5900,0.4100,yes
e71edca7-baf3-416e-9b87-333d8dea86ad,KXSECDEF-26DEC31-MW,2024-11-09T23:43:53.913242Z,25.00,0.5700,0.4300,no
e5a2614d-2f85-4531-8430-fa0d93f0f259,KXSECDEF-26DEC31-MW,2024-11-09T23:43:53.913242Z,25.00,0.5500,0.4500,no
b886f963-0af6-481e-831c-52fb3114fb49,KXSECDEF-26DEC31-MW,2024-11-09T23:43:53.913242Z,102.00,0.5200,0.4800,no
2fa4fcc7-f9d2-4063-9b98-7c78f914336a,KXSECDEF-26DEC31-MW,2024-11-09T23:43:53.913242Z,19.00,0.6500,0.3500,no
953b046e-c59b-4c60-8472-13500c1d4697,KXSECDEF-26DEC31-MW,2024-11-09T23:41:19.519912Z,6.00,0.6500,0.3500,yes
f084b07b-ccb2-4054-b8ee-6a600676f514,KXSECDEF-26DEC31-MW,2024-11-09T23:39:34.044804Z,25.00,0.6100,0.3900,yes
a57ae7e5-1164-477c-abbd-801547329c88,KXSECDEF-26DEC31-MW,2024-11-09T23:39:34.044804Z,475.00,0.6100,0.3900,yes
dc24b240-0670-4e6c-bfd6-6a055336ed21,KXSECDEF-26DEC31-MW,2024-11-09T23:39:22.256905Z,25.00,0.6100,0.3900,yes
983bd0de-50f5-4f4f-b9de-736ecfcb5de7,KXSECDEF-26DEC31-MW,2024-11-09T23:37:22.740238Z,167.00,0.5800,0.4200,yes
a969bdb9-ae25-4582-9f91-36ba6d7f9643,KXSECDEF-26DEC31-MW,2024-11-09T22:45:48.5023Z,129.00,0.5900,0.4100,yes
15914956-d28d-4c37-b533-b693b0cfdd21,KXSECDEF-26DEC31-MW,2024-11-09T22:45:48.5023Z,36.00,0.5700,0.4300,yes
a07e2048-8923-428a-a0cb-532542af674d,KXSECDEF-26DEC31-MW,2024-11-09T21:42:23.175125Z,3.00,0.5800,0.4200,yes
e03c261b-d2f4-44ed-b67b-b16c737a173d,KXSECDEF-26DEC31-MW,2024-11-09T21:41:35.100355Z,35.00,0.5500,0.4500,yes
cd580fec-1aee-4827-9d22-4aae04ca1762,KXSECDEF-26DEC31-MW,2024-11-09T21:39:55.811953Z,112.00,0.4800,0.5200,no
37872fac-da4c-4978-bad1-2c82560bd08d,KXSECDEF-26DEC31-MW,2024-11-09T21:38:37.107555Z,74.00,0.5800,0.4200,no
1b8e68dc-1c4b-42e4-a9d3-2d78abb4f594,KXSECDEF-26DEC31-MW,2024-11-09T21:38:37.107555Z,87.00,0.5700,0.4300,no
b179e2f5-9c63-4bd7-8f05-f029390cb5fe,KXSECDEF-26DEC31-MW,2024-11-09T21:38:27.261837Z,133.00,0.5800,0.4200,no
cca8604c-3816-4baf-a640-806c618c7244,KXSECDEF-26DEC31-MW,2024-11-09T21:00:06.455075Z,7.00,0.5800,0.4200,yes
7f18e7a4-943f-47c1-88f5-1249dfc58c36,KXSECDEF-26DEC31-MW,2024-11-09T20:57:44.063266Z,9.00,0.5600,0.4400,yes
6dd8f890-5162-4c43-8a06-d3d501d420d0,KXSECDEF-26DEC31-MW,2024-11-09T20:50:36.341986Z,5.00,0.5100,0.4900,no
5388ce52-9a5b-44ec-970a-92096cc8d40e,KXSECDEF-26DEC31-MW,2024-11-09T20:40:31.137819Z,20.00,0.5500,0.4500,yes
c536818d-01ee-4a3a-bf9a-5bc64b7ee549,KXSECDEF-26DEC31-MW,2024-11-09T20:18:03.686377Z,8.00,0.5400,0.4600,yes
9d9d9543-d074-4c94-984d-afb61300c7c9,KXSECDEF-26DEC31-MW,2024-11-09T19:54:26.265198Z,89.00,0.5400,0.4600,yes
fb00ed42-610b-4308-8003-1610c12cfab6,KXSECDEF-26DEC31-MW,2024-11-09T19:09:19.471111Z,31.00,0.5100,0.4900,no
e2df924f-225d-4e59-b6f1-06a120e3ea34,KXSECDEF-26DEC31-MW,2024-11-09T17:52:12.548733Z,8.00,0.5400,0.4600,yes
0d355774-298a-46e9-ae9a-9ddbf6306821,KXSECDEF-26DEC31-MW,2024-11-09T17:48:15.932958Z,182.00,0.5300,0.4700,yes
a66532ff-3590-48ae-b701-0d1be17967ad,KXSECDEF-26DEC31-MW,2024-11-09T17:02:06.922158Z,23.00,0.5900,0.4100,yes
5ce2f564-67d6-4f05-8ad3-f7b925a87b82,KXSECDEF-26DEC31-MW,2024-11-09T17:02:06.922158Z,182.00,0.5700,0.4300,yes
bfac7b6c-df41-4141-9117-dbecb7885eb1,KXSECDEF-26DEC31-MW,2024-11-09T16:38:13.014071Z,176.00,0.4900,0.5100,no
1031ca0d-d366-4463-b969-887804c24e2b,KXSECDEF-26DEC31-MW,2024-11-09T16:38:13.014071Z,400.00,0.5000,0.5000,no
36d250e3-e052-4e53-ada6-79a14d1042d9,KXSECDEF-26DEC31-MW,2024-11-09T16:30:33.984295Z,10.00,0.5600,0.4400,yes
80af1ae0-9655-42aa-9181-4bdcfb532bc8,KXSECDEF-26DEC31-MW,2024-11-09T15:48:44.086364Z,66.00,0.4700,0.5300,no
40ac3abe-098c-4d2e-b76d-e03bdfb4491d,KXSECDEF-26DEC31-MW,2024-11-09T15:48:44.086364Z,35.00,0.5000,0.5000,no
fc3ad04c-ec93-43c0-a8df-3f431afa673f,KXSECDEF-26DEC31-MW,2024-11-09T15:05:57.57849Z,400.00,0.5100,0.4900,no
79bf6f41-9fdc-4e10-9433-87ada1c9c6ab,KXSECDEF-26DEC31-MW,2024-11-09T15:05:57.57849Z,533.00,0.5000,0.5000,no
1c985bf3-b3c8-4386-82d7-1c0d4928e13e,KXSECDEF-26DEC31-MW,2024-11-09T15:04:52.179083Z,44.00,0.5400,0.4600,yes
208193c6-1dbb-4c7e-a4b6-cd6a13d7c2ae,KXSECDEF-26DEC31-MW,2024-11-09T15:02:36.906668Z,239.00,0.5400,0.4600,no
d984ff1d-ac10-4953-b52d-9dac5d0aad38,KXSECDEF-26DEC31-MW,2024-11-09T14:55:57.078454Z,217.00,0.5600,0.4400,no
a1c6b5d7-6a82-4bfc-905a-53f38d8a34a6,KXSECDEF-26DEC31-MW,2024-11-09T14:48:39.319987Z,80.00,0.5600,0.4400,yes
9b1732b0-dbad-41fa-b508-e7f7905f3228,KXSECDEF-26DEC31-MW,2024-11-09T14:48:27.089807Z,217.00,0.5500,0.4500,yes
8600cb78-299f-4779-9f85-f50a3c6a529c,KXSECDEF-26DEC31-MW,2024-11-09T14:46:10.824969Z,10.00,0.5200,0.4800,no
468e80b2-21ea-4024-a47a-db21a95a511a,KXSECDEF-26DEC31-MW,2024-11-09T14:02:41.084833Z,197.00,0.5100,0.4900,no
b0d9d89e-aaae-486b-a8a2-6b1d8fc57e16,KXSECDEF-26DEC31-MW,2024-11-09T13:40:02.67946Z,1.00,0.5500,0.4500,yes
9e12998d-3489-491d-bc3e-7d43b0071b3e,KXSECDEF-26DEC31-MW,2024-11-09T13:24:24.399071Z,104.00,0.5200,0.4800,no
88aff2ac-427b-4947-8830-f6ddd366da0f,KXSECDEF-26DEC31-MW,2024-11-09T13:07:16.356827Z,61.00,0.5000,0.5000,no
3e178d7d-495d-4ee5-8bb2-6cb9491ad08c,KXSECDEF-26DEC31-MW,2024-11-09T12:11:55.840209Z,10.00,0.5200,0.4800,no
f8dc9453-0026-44a9-a32f-561fd25c0bf0,KXSECDEF-26DEC31-MW,2024-11-09T11:08:28.962662Z,3.00,0.6500,0.3500,yes
27ac3887-ac3b-4248-9f5e-5d220bc0fac7,KXSECDEF-26DEC31-MW,2024-11-09T11:08:28.962662Z,4.00,0.6500,0.3500,yes
3233c907-5817-4cb3-8b33-6fcf98e46c88,KXSECDEF-26DEC31-MW,2024-11-09T10:57:22.608921Z,82.00,0.5900,0.4100,yes
568921bd-fd39-4844-be33-c72ac5e0aa08,KXSECDEF-26DEC31-MW,2024-11-09T07:39:45.787629Z,86.00,0.5600,0.4400,yes
1bc0b159-87c9-4e69-8bc7-5ab66ce722b9,KXSECDEF-26DEC31-MW,2024-11-09T07:09:57.066075Z,20.00,0.5200,0.4800,no
e122e92c-2626-431a-a2c4-cedbf5cbe2e1,KXSECDEF-26DEC31-MW,2024-11-09T07:02:04.066972Z,8.00,0.5600,0.4400,yes
ac087f93-b64c-4b95-a86c-96ea220bb0b0,KXSECDEF-26DEC31-MW,2024-11-09T07:01:19.252523Z,41.00,0.5800,0.4200,yes
f7f0183d-bce7-4fa8-82f6-1192e74cad9a,KXSECDEF-26DEC31-MW,2024-11-09T06:58:31.327242Z,200.00,0.5800,0.4200,yes
c51f0276-b0e3-4a4d-a9ed-72db43254e9a,KXSECDEF-26DEC31-MW,2024-11-09T06:58:31.327242Z,51.00,0.5800,0.4200,yes
8e68ff2e-0918-4ad2-8e22-9d82fce6d446,KXSECDEF-26DEC31-MW,2024-11-09T06:58:31.327242Z,749.00,0.5800,0.4200,yes
3af37473-9e02-4898-8382-ba91824f3afe,KXSECDEF-26DEC31-MW,2024-11-09T06:58:31.327242Z,424.00,0.5900,0.4100,yes
c19524bb-2e02-49a6-9d86-6692d7a7f2c3,KXSECDEF-26DEC31-MW,2024-11-09T05:58:52.06633Z,10.00,0.5700,0.4300,yes
ade207c2-0146-42c7-8d1f-7fa9354ec324,KXSECDEF-26DEC31-MW,2024-11-09T05:58:52.06633Z,40.00,0.5700,0.4300,yes
8c6f5a43-81ae-4e1b-9ae6-02fb9761112c,KXSECDEF-26DEC31-MW,2024-11-09T05:58:52.06633Z,51.00,0.5800,0.4200,yes
4d3bffa8-21f9-4d63-8020-7c77d86d57d2,KXSECDEF-26DEC31-MW,2024-11-09T04:39:09.619603Z,44.00,0.5500,0.4500,yes
511e53e8-7cf6-48c5-863b-27ca1071eaa4,KXSECDEF-26DEC31-MW,2024-11-09T04:35:39.814574Z,100.00,0.4900,0.5100,no
f4f3f774-9f9c-4113-a0e0-9ca6f172dd61,KXSECDEF-26DEC31-MW,2024-11-09T04:22:00.77966Z,71.00,0.5700,0.4300,yes
efd2c954-af79-423e-b50c-bffd81b56666,KXSECDEF-26DEC31-MW,2024-11-09T04:22:00.77966Z,100.00,0.5600,0.4400,yes
92dd5dad-d597-4036-b7ba-99e90696c13d,KXSECDEF-26DEC31-MW,2024-11-09T03:57:27.418477Z,8.00,0.5500,0.4500,yes
dff007c5-6603-408d-882e-2a62698e0749,KXSECDEF-26DEC31-MW,2024-11-09T03:45:48.827797Z,21.00,0.5500,0.4500,yes
b7e4c436-28eb-4c19-877b-a24a16ae7334,KXSECDEF-26DEC31-MW,2024-11-09T03:38:41.61151Z,83.00,0.5800,0.4200,yes
0a6657a1-3414-4669-b005-fc645de1700c,KXSECDEF-26DEC31-MW,2024-11-09T03:26:27.472998Z,85.00,0.5700,0.4300,yes
ae9e0c5c-da64-4bb8-9906-16fe9d6edc51,KXSECDEF-26DEC31-MW,2024-11-09T03:25:34.069946Z,251.00,0.4900,0.5100,no
764efb48-5c11-44bf-a519-774054a177b3,KXSECDEF-26DEC31-MW,2024-11-09T03:25:34.069946Z,1.00,0.5000,0.5000,no
7e4b2b15-57f3-4ddd-aeb9-71e003cffa07,KXSECDEF-26DEC31-MW,2024-11-09T03:10:45.767967Z,164.00,0.5800,0.4200,yes
19008c50-a5b3-4cee-a817-29d9bcee5d41,KXSECDEF-26DEC31-MW,2024-11-09T03:07:44.343954Z,10.00,0.5900,0.4100,yes
cce5d543-e296-4e38-bfae-7c51bb1dc47b,KXSECDEF-26DEC31-MW,2024-11-09T02:44:44.083095Z,33.00,0.5500,0.4500,yes
bd63209d-b1a7-4474-8285-545c4d56c945,KXSECDEF-26DEC31-MW,2024-11-09T02:44:44.083095Z,744.00,0.5700,0.4300,yes
700de98b-9553-4c9f-8c24-df38eb9a6a39,KXSECDEF-26DEC31-MW,2024-11-09T02:44:44.083095Z,100.00,0.5600,0.4400,yes
c9eb44c0-37d6-4986-81f3-0abf203dcabe,KXSECDEF-26DEC31-MW,2024-11-09T02:06:39.942522Z,371.00,0.5300,0.4700,yes
3179dda4-f051-4c72-85d5-06badfa7cb7e,KXSECDEF-26DEC31-MW,2024-11-09T02:06:39.942522Z,765.00,0.5400,0.4600,yes
58953ac4-e437-4f12-ba0e-f5eb935da6d9,KXSECDEF-26DEC31-MW,2024-11-09T02:03:02.904117Z,25.00,0.4700,0.5300,no
10dd3e01-a93b-4ca6-bd0c-a17b3da48bd0,KXSECDEF-26DEC31-MW,2024-11-09T02:00:44.932993Z,29.00,0.5300,0.4700,yes
ed1e833b-1254-4a2b-8dac-41e2bc5c0e8b,KXSECDEF-26DEC31-MW,2024-11-09T01:41:56.180538Z,55.00,0.4600,0.5400,yes
407c57f0-8ec2-404c-aaf4-1ab44ab2a5c4,KXSECDEF-26DEC31-MW,2024-11-09T01:29:29.468658Z,52.00,0.4600,0.5400,yes
d828b2f9-038a-4ccf-9a44-778a0f1ad0b7,KXSECDEF-26DEC31-MW,2024-11-09T01:20:37.954065Z,18.00,0.4000,0.6000,no
a9f62cfa-d266-4bb3-8ccf-09a58e384f8e,KXSECDEF-26DEC31-MW,2024-11-09T01:16:02.516572Z,100.00,0.4000,0.6000,no
f79703b5-375c-4444-999d-04fb41a18d7e,KXSECDEF-26DEC31-MW,2024-11-09T01:08:06.542803Z,197.00,0.4000,0.6000,yes
efb26c60-d19e-4f8e-aea7-71d70e207f7c,KXSECDEF-26DEC31-MW,2024-11-09T01:08:06.542803Z,93.00,0.4600,0.5400,yes
dccdfdfa-b46b-4aec-acad-9d5b099103f4,KXSECDEF-26DEC31-MW,2024-11-09T01:07:33.977351Z,25.00,0.3600,0.6400,no
aeeba5bc-7870-4fa7-ada8-5bb28bc58ea1,KXSECDEF-26DEC31-MW,2024-11-09T00:58:21.159948Z,3.00,0.3500,0.6500,no
e8be15b3-ca89-4497-a39e-435a1579513d,KXSECDEF-26DEC31-MW,2024-11-09T00:24:59.014716Z,51.00,0.3900,0.6100,yes
a33bb519-88d5-4c40-bd51-16902a28a4fd,KXSECDEF-26DEC31-MW,2024-11-09T00:24:59.014716Z,547.00,0.4000,0.6000,yes
8893013d-33c3-448b-b58e-b845e0245fd0,KXSECDEF-26DEC31-MW,2024-11-09T00:24:59.014716Z,3.00,0.3800,0.6200,yes
bbeaa5bd-1adf-457c-baba-44ac38e4bb4d,KXSECDEF-26DEC31-MW,2024-11-09T00:09:37.826778Z,3.00,0.3500,0.6500,no
16e7ed52-742b-4395-b942-0229c3399b1a,KXSECDEF-26DEC31-MW,2024-11-09T00:03:25.523448Z,4.00,0.3900,0.6100,yes
d1cce508-3b6f-46a2-816f-57c3e89e2041,KXSECDEF-26DEC31-MW,2024-11-08T23:46:27.08649Z,100.00,0.3800,0.6200,yes
dd24a9a0-fea3-41af-9cec-4dc2a5aab8db,KXSECDEF-26DEC31-MW,2024-11-08T23:39:06.971545Z,252.00,0.3800,0.6200,yes
c7debe6c-29c8-448a-8de1-768bdbb079d3,KXSECDEF-26DEC31-MW,2024-11-08T23:34:37.556784Z,22.00,0.3800,0.6200,yes
6a0bf136-8f30-44e3-9bfa-b52544d2af26,KXSECDEF-26DEC31-MW,2024-11-08T23:33:35.154186Z,60.00,0.3500,0.6500,no
7b45cd9f-7ace-4c71-aaec-1e9bfdbe35cb,KXSECDEF-26DEC31-MW,2024-11-08T23:17:29.465556Z,60.00,0.3800,0.6200,yes
256b8b21-13f2-4af3-ab62-834390b03de1,KXSECDEF-26DEC31-MW,2024-11-08T23:13:17.042163Z,30.00,0.3800,0.6200,yes
444ca89b-e8b1-487a-ac0f-2df1c841b89c,KXSECDEF-26DEC31-MW,2024-11-08T22:56:52.16954Z,25.00,0.3800,0.6200,yes
7f132788-de98-4e03-bb3b-03f29141ab73,KXSECDEF-26DEC31-MW,2024-11-08T22:47:50.081138Z,126.00,0.3800,0.6200,yes
eb557b8d-742d-4a7f-90b8-c55592097884,KXSECDEF-26DEC31-MW,2024-11-08T22:31:26.277187Z,25.00,0.3800,0.6200,yes
e2c2fb80-af0b-461e-8230-10fb7f1220c6,KXSECDEF-26DEC31-MW,2024-11-08T22:21:48.663458Z,122.00,0.3900,0.6100,yes
ba3751d8-5996-4ded-8b38-c5b078c75891,KXSECDEF-26DEC31-MW,2024-11-08T22:02:47.41707Z,24.00,0.3900,0.6100,yes
7ac5d7d7-c1da-429e-852f-8cbcc2c717fc,KXSECDEF-26DEC31-MW,2024-11-08T21:41:55.771221Z,245.00,0.3900,0.6100,yes
95c5120e-1f4e-4ead-a6af-e2f13946a9eb,KXSECDEF-26DEC31-MW,2024-11-08T21:40:58.289319Z,215.00,0.3300,0.6700,no
031d7692-b3c9-4e5a-8ce6-895e842bf772,KXSECDEF-26DEC31-MW,2024-11-08T21:40:58.289319Z,75.00,0.3200,0.6800,no
802bc970-f1ac-4eaa-b858-d1056df9ec5b,KXSECDEF-26DEC31-MW,2024-11-08T21:40:28.819813Z,264.00,0.3300,0.6700,no
060cb8a4-2ce3-4174-a3b1-dfbf2974d8f0,KXSECDEF-26DEC31-MW,2024-11-08T21:37:29.966516Z,100.00,0.3300,0.6700,no
db1df0c5-fe50-4fa0-8279-625dbbab71d3,KXSECDEF-26DEC31-MW,2024-11-08T21:33:36.041087Z,200.00,0.3500,0.6500,no
6808dd97-4abd-462b-99ba-0aef18403f3f,KXSECDEF-26DEC31-MW,2024-11-08T21:32:43.900629Z,55.00,0.3500,0.6500,no
6c1981c4-cb9d-491e-8958-9ec1e6a24ef4,KXSECDEF-26DEC31-MW,2024-11-08T21:32:27.148157Z,54.00,0.3500,0.6500,no
aa32da5d-11ff-4005-8dce-be505dd188ff,KXSECDEF-26DEC31-MW,2024-11-08T21:31:00.691541Z,15.00,0.3500,0.6500,no
96a8a5c6-bb0c-4d11-82cf-46e815abea23,KXSECDEF-26DEC31-MW,2024-11-08T21:29:31.79593Z,100.00,0.3500,0.6500,no
36dc6408-194f-46d5-86a6-28b7a0c25b27,KXSECDEF-26DEC31-MW,2024-11-08T21:09:05.237878Z,119.00,0.4000,0.6000,yes
605907b9-9df6-4b95-b86d-47736da934e9,KXSECDEF-26DEC31-MW,2024-11-08T21:06:23.808197Z,137.00,0.4000,0.6000,yes
9cebe3fb-3b74-4bde-8428-1c13806056eb,KXSECDEF-26DEC31-MW,2024-11-08T20:51:06.986918Z,12.00,0.3900,0.6100,yes
5d52c1a4-1751-44a0-9042-de2126fcd6bb,KXSECDEF-26DEC31-MW,2024-11-08T20:49:26.606936Z,126.00,0.3800,0.6200,yes
ca08383c-4896-4713-8d8e-3a3724313ab3,KXSECDEF-26DEC31-MW,2024-11-08T20:42:07.149907Z,26.00,0.3800,0.6200,yes
cc216ab7-8d98-4677-9238-7721bfdb84cb,KXSECDEF-26DEC31-MW,2024-11-08T20:36:49.229825Z,100.00,0.3900,0.6100,yes
684dd834-f170-4ae3-a1ad-25d4cc5a5b1b,KXSECDEF-26DEC31-MW,2024-11-08T20:36:40.020179Z,344.00,0.3900,0.6100,yes
856def19-7be2-4c69-b9a6-76c622622645,KXSECDEF-26DEC31-MW,2024-11-08T20:24:00.844152Z,24.00,0.3900,0.6100,yes
bf7b91dc-460d-4877-88fa-cd295e061129,KXSECDEF-26DEC31-MW,2024-11-08T20:14:02.546828Z,4.00,0.3700,0.6300,no
039018a3-b9fe-4498-a1eb-219427739608,KXSECDEF-26DEC31-MW,2024-11-08T20:05:32.848204Z,12.00,0.3900,0.6100,yes
0ca55f33-0b48-4960-9c57-2426d45b445f,KXSECDEF-26DEC31-MW,2024-11-08T19:30:13.661809Z,24.00,0.3900,0.6100,yes
73f8ed46-5a9a-446d-9d03-584d51b784f9,KXSECDEF-26DEC31-MW,2024-11-08T19:29:10.582269Z,53.00,0.3900,0.6100,yes
aa7a011f-1eeb-4a2e-b873-0c8cfd8140ea,KXSECDEF-26DEC31-MW,2024-11-08T19:28:12.585725Z,61.00,0.3900,0.6100,yes
716b2a7d-9d45-4fed-992c-a7a686261d75,KXSECDEF-26DEC31-MW,2024-11-08T19:19:19.474336Z,126.00,0.3800,0.6200,yes
d02d98c4-d4ad-4442-9409-ef1d9c0783f9,KXSECDEF-26DEC31-MW,2024-11-08T18:28:11.447748Z,48.00,0.3900,0.6100,yes
b7ad9d2c-4c3f-49ce-9e4a-70c0e0a3fde1,KXSECDEF-26DEC31-MW,2024-11-08T18:28:11.447748Z,132.00,0.3800,0.6200,yes
129a9c31-a731-45a9-bf56-3573de877066,KXSECDEF-26DEC31-MW,2024-11-08T18:28:11.447748Z,449.00,0.3800,0.6200,yes
dc3e415e-2335-4a74-9962-fa9b0f27e63b,KXSECDEF-26DEC31-MW,2024-11-08T18:07:24.226626Z,151.00,0.3800,0.6200,yes
f0438427-a759-45f8-84fb-93ae1107528e,KXSECDEF-26DEC31-MW,2024-11-08T17:36:52.017751Z,273.00,0.3500,0.6500,yes
aada259a-8954-4356-a348-9b236f1aa628,KXSECDEF-26DEC31-MW,2024-11-08T17:35:38.471574Z,51.00,0.3400,0.6600,no
3c5de0e9-a086-4758-91cc-4a74a033ae8b,KXSECDEF-26DEC31-MW,2024-11-08T17:31:40.971106Z,7.00,0.3500,0.6500,yes
ef52cac3-3278-483e-8a9e-a1bc7b6bc553,KXSECDEF-26DEC31-MW,2024-11-08T17:10:45.535698Z,136.00,0.3500,0.6500,yes
a0bf92fa-d36c-47c1-acbb-54fc32ef4228,KXSECDEF-26DEC31-MW,2024-11-08T16:44:13.606228Z,106.00,0.3600,0.6400,yes
704f6cae-166a-416b-9e0a-7f2bd35bd48d,KXSECDEF-26DEC31-MW,2024-11-08T16:29:31.517769Z,50.00,0.3600,0.6400,yes
a5bfbaca-a2dd-4b3a-a335-4c4d9a74bfaf,KXSECDEF-26DEC31-MW,2024-11-08T16:10:24.847764Z,507.00,0.3100,0.6900,no
f9be673d-a81a-4a1f-8200-75686593f9cb,KXSECDEF-26DEC31-MW,2024-11-08T15:48:40.857457Z,2.00,0.3600,0.6400,yes
e691fc87-e42d-4e61-966f-640dbfaf5532,KXSECDEF-26DEC31-MW,2024-11-08T15:23:08.17805Z,13.00,0.3600,0.6400,yes
1bd6bb89-6d89-49fb-86a9-0241bdd93616,KXSECDEF-26DEC31-MW,2024-11-08T15:14:00.525956Z,2.00,0.3600,0.6400,yes
83aedfeb-ba69-44fd-bfeb-16747e5376db,KXSECDEF-26DEC31-MW,2024-11-08T14:53:35.473633Z,51.00,0.3700,0.6300,yes
e3bb7054-66f1-4427-8740-cfcf13a88ec8,KXSECDEF-26DEC31-MW,2024-11-08T13:54:20.932421Z,30.00,0.3400,0.6600,yes
350489cb-38b6-4936-aa1d-baca4d1d71a8,KXSECDEF-26DEC31-MW,2024-11-08T13:46:51.842724Z,16.00,0.3400,0.6600,yes
5e3ef47d-227e-4f05-8f5c-fcf631d6213d,KXSECDEF-26DEC31-MW,2024-11-08T13:31:08.193019Z,17.00,0.3400,0.6600,yes
41ba6572-2941-4ee1-9595-4476ffaefad7,KXSECDEF-26DEC31-MW,2024-11-08T13:12:14.707085Z,537.00,0.2900,0.7100,no
109b94fa-efa4-4325-ba41-1c22faff91f4,KXSECDEF-26DEC31-MW,2024-11-08T13:12:14.707085Z,1000.00,0.2800,0.7200,no
58647c40-b7eb-4aac-9e09-002e5483d192,KXSECDEF-26DEC31-MW,2024-11-08T11:51:40.400999Z,126.00,0.3400,0.6600,yes
dd7b1acb-87b3-49bf-b5f5-75647c330074,KXSECDEF-26DEC31-MW,2024-11-08T11:44:17.837924Z,83.00,0.3400,0.6600,yes
a4f70e86-54e4-418e-9a19-237724edf327,KXSECDEF-26DEC31-MW,2024-11-08T09:35:32.362253Z,22.00,0.2900,0.7100,no
63b71cd6-74b6-43f5-bd11-3dd07b46606b,KXSECDEF-26DEC31-MW,2024-11-08T09:26:40.281183Z,70.00,0.3400,0.6600,yes
f28ea205-4c37-4087-bef6-97312f0a1cc4,KXSECDEF-26DEC31-MW,2024-11-08T07:46:12.669995Z,74.00,0.3500,0.6500,yes
e559718f-7ef5-48c0-97e2-abf79efacb46,KXSECDEF-26DEC31-MW,2024-11-08T07:46:12.669995Z,62.00,0.3200,0.6800,yes
b174feb3-cafd-4718-9cad-53e3a2e14e92,KXSECDEF-26DEC31-MW,2024-11-08T07:46:12.669995Z,5.00,0.3400,0.6600,yes
ee3e7316-db62-4e2d-8cea-09d5cc0a300e,KXSECDEF-26DEC31-MW,2024-11-08T07:25:56.798017Z,8.00,0.3200,0.6800,yes
c07f453c-8577-4e20-bad0-ecbe1e570910,KXSECDEF-26DEC31-MW,2024-11-08T05:22:15.909927Z,3.00,0.3100,0.6900,yes
d5501c18-c50a-4710-9447-f9db0b23d582,KXSECDEF-26DEC31-MW,2024-11-08T04:10:14.729473Z,135.00,0.3100,0.6900,yes
92a2815e-9458-45d8-8c0d-48f6b3c1bff4,KXSECDEF-26DEC31-MW,2024-11-08T03:36:57.242509Z,1.00,0.3100,0.6900,yes
c96aaf7e-164a-4ee7-954a-4982cd40566e,KXSECDEF-26DEC31-MW,2024-11-08T03:28:31.682679Z,141.00,0.3100,0.6900,yes
d0bc2ae3-8025-4424-96e0-0dc1edad430e,KXSECDEF-26DEC31-MW,2024-11-08T03:26:40.24126Z,21.00,0.3100,0.6900,yes
9a377fc4-1def-4563-9c5d-dcca455ef22e,KXSECDEF-26DEC31-MW,2024-11-08T03:26:40.24126Z,102.00,0.3100,0.6900,yes
a678416f-f537-4312-9f14-8a11c8e8ff25,KXSECDEF-26DEC31-MW,2024-11-08T02:46:39.713258Z,307.00,0.3100,0.6900,yes
d4c6ceb9-2d89-46fd-9595-b8692ea7ee05,KXSECDEF-26DEC31-MW,2024-11-08T02:33:25.87454Z,30.00,0.3100,0.6900,yes
3ab97ce7-948b-4302-8c1c-a00a5210b8f5,KXSECDEF-26DEC31-MW,2024-11-08T02:01:46.986077Z,61.00,0.3100,0.6900,yes
195cdf12-7ca5-43e4-8008-9c2b1c1f0361,KXSECDEF-26DEC31-MW,2024-11-08T01:54:28.872279Z,79.00,0.3000,0.7000,yes
977df9cd-a68a-44b2-a2f7-549806ae2969,KXSECDEF-26DEC31-MW,2024-11-08T01:11:52.348344Z,50.00,0.3000,0.7000,yes
36ed9034-e05e-4fd4-b45f-1f9ccc7a8bff,KXSECDEF-26DEC31-MW,2024-11-08T01:06:25.569721Z,158.00,0.3000,0.7000,yes
5dec136d-c6f5-4f48-bd88-52ed7c353923,KXSECDEF-26DEC31-MW,2024-11-08T00:44:59.580254Z,3.00,0.2600,0.7400,yes
406ede50-166f-4206-95e9-16135d86b323,KXSECDEF-26DEC31-MW,2024-11-08T00:06:04.638111Z,731.00,0.2600,0.7400,yes
ff91ae73-b4ad-4f38-9515-ff6bbbe6bfa3,KXSECDEF-26DEC31-MW,2024-11-07T23:54:03.788109Z,42.00,0.2400,0.7600,yes
a907a76d-8669-4669-98c9-2e41590238bc,KXSECDEF-26DEC31-MW,2024-11-07T23:54:03.788109Z,84.00,0.2400,0.7600,yes
a01ddc94-461d-4a5e-a2c6-85973d3a012a,KXSECDEF-26DEC31-MW,2024-11-07T23:54:03.788109Z,574.00,0.2400,0.7600,yes
7d340748-9ac9-4cfc-9fe2-b4cbaf81d7d8,KXSECDEF-26DEC31-MW,2024-11-07T23:54:03.788109Z,467.00,0.2500,0.7500,yes
59c0677e-2a28-4ebe-9d2c-27b2d57e2cb6,KXSECDEF-26DEC31-MW,2024-11-07T23:43:05.741314Z,98.00,0.2400,0.7600,yes
cb9886eb-2c4e-4e34-9a56-3ab8e83e1298,KXSECDEF-26DEC31-MW,2024-11-07T23:42:25.256936Z,300.00,0.2000,0.8000,yes
4b5de5ff-204e-4a0f-9eac-473a8efc61e3,KXSECDEF-26DEC31-MW,2024-11-07T23:42:25.256936Z,144.00,0.2400,0.7600,yes
cd4eb170-c88a-4e38-8697-93045d5d8ad7,KXSECDEF-26DEC31-MW,2024-11-07T22:39:27.731651Z,4.00,0.2400,0.7600,yes
b5f93e57-6f73-4ba5-b7f3-9f795363b56a,KXSECDEF-26DEC31-MW,2024-11-07T21:29:32.937248Z,180.00,0.2400,0.7600,yes
1ce38cff-ff0f-4b5a-a1ed-7ee544993430,KXSECDEF-26DEC31-MW,2024-11-07T21:29:32.937248Z,200.00,0.2300,0.7700,yes
ed4b02a1-8890-4c74-9d36-37807e033d4f,KXSECDEF-26DEC31-MW,2024-11-07T20:06:05.580409Z,103.00,0.2300,0.7700,yes
09e3771a-acc0-4eb4-9843-f62cf98e10f2,KXSECDEF-26DEC31-MW,2024-11-07T19:27:48.685463Z,412.00,0.2300,0.7700,yes
4103d89b-91a1-4f89-86f8-5dd1f9a4c7a4,KXSECDEF-26DEC31-MW,2024-11-07T18:41:00.533729Z,182.00,0.1600,0.8400,no
977fe88c-1286-4e68-97d0-935d3042a4df,KXSECDEF-26DEC31-MW,2024-11-07T18:06:54.626926Z,4.00,0.1400,0.8600,no
684e1c86-73b2-424a-97cb-2a2a10227ac6,KXSECDEF-26DEC31-MW,2024-11-07T18:04:44.68205Z,12.00,0.2100,0.7900,yes
6ba282c7-5a1d-489b-aa6c-ab43e4e1ac50,KXSECDEF-26DEC31-MW,2024-11-07T16:06:20.872447Z,112.00,0.2100,0.7900,yes
f60c2d1a-2c08-4bfd-8a4f-bab516a03b34,KXSECDEF-26DEC31-MW,2024-11-07T15:03:46.669067Z,5.00,0.2000,0.8000,yes
868f8cf5-338c-4e32-af10-bfdcb50e1b2f,KXSECDEF-26DEC31-MW,2024-11-07T14:39:58.85298Z,112.00,0.2100,0.7900,yes
4c15d111-c81a-4012-9d53-665a08a16a7c,KXSECDEF-26DEC31-MW,2024-11-07T13:53:32.559847Z,22.00,0.2000,0.8000,yes
182a0857-1774-4095-b15b-c14500ea9076,KXSECDEF-26DEC31-MW,2024-11-07T12:08:58.414482Z,64.00,0.1900,0.8100,no
87272593-b6f7-411b-bf3b-daa717dc98ab,KXSECDEF-26DEC31-MW,2024-11-07T10:24:08.477656Z,142.00,0.2000,0.8000,yes
e528ce57-95dc-48be-b822-7ffecaf8c3ed,KXSECDEF-26DEC31-MW,2024-11-07T05:38:09.486484Z,200.00,0.1200,0.8800,no
a8d85f08-f6ed-4e64-95b6-8e9ce172ce6b,KXSECDEF-26DEC31-MW,2024-11-07T05:38:09.486484Z,300.00,0.1200,0.8800,no
954f7c6f-7f8c-44ec-81d0-e5cfe1930a66,KXSECDEF-26DEC31-MW,2024-11-07T05:38:09.486484Z,40.00,0.1100,0.8900,no
028daa18-1825-419f-be31-237e0f13b182,KXSECDEF-26DEC31-MW,2024-11-07T05:38:09.486484Z,10.00,0.1300,0.8700,no
ef4ee219-2a37-4395-8076-620eb98f3dc8,KXSECDEF-26DEC31-MW,2024-11-07T05:26:32.870293Z,500.00,0.2000,0.8000,yes
8deb0df5-6943-48b5-b1bd-07f1dcb5d3ba,KXSECDEF-26DEC31-MW,2024-11-07T05:26:32.870293Z,5.00,0.1900,0.8100,yes
3de36f3f-461e-456d-a9e7-d06a52066731,KXSECDEF-26DEC31-MW,2024-11-07T05:26:32.870293Z,271.00,0.2000,0.8000,yes
beeb960c-fc7f-48b6-9590-5beded3173ee,KXSECDEF-26DEC31-MW,2024-11-07T05:24:08.558468Z,50.00,0.1900,0.8100,yes
542ad07e-e017-4bfb-b58f-3de52c5113f9,KXSECDEF-26DEC31-MW,2024-11-07T05:24:08.558468Z,500.00,0.1700,0.8300,yes
f7d94ddc-6299-4c1e-aff3-96b8b5d7be6d,KXSECDEF-26DEC31-MW,2024-11-07T01:43:06.468472Z,4.00,0.2100,0.7900,yes
9eff9ade-f053-40ad-8596-711a453b4527,KXSECDEF-26DEC31-MW,2024-11-07T01:35:23.894796Z,4.00,0.2100,0.7900,yes
1d8d147a-8861-45c3-86c5-563b3b4d62cf,KXSECDEF-26DEC31-MW,2024-11-07T00:37:11.929225Z,18.00,0.2100,0.7900,yes
8fc8abc6-5d5c-497e-b209-0f80e3019245,KXSECDEF-26DEC31-MW,2024-11-07T00:11:09.160476Z,5.00,0.2400,0.7600,yes
