trade_id,ticker,created_time,count_fp,yes_price_dollars,no_price_dollars,taker_side
e5d3fd5e-d241-416c-93a0-55606a786879,KXSECSTATE-26DEC31-RG,2025-01-20T22:53:06.735827Z,99.00,0.0100,0.9900,yes
efda5b93-f291-4bca-8f66-092a019acc92,KXSECSTATE-26DEC31-RG,2024-12-24T03:31:50.422477Z,3.00,0.0300,0.9700,yes
b917b0ec-4e44-4b51-bf32-93a9ad107742,KXSECSTATE-26DEC31-RG,2024-12-22T13:37:00.404862Z,7.00,0.0100,0.9900,no
5858cd76-dfb4-476e-aacd-297a4f880bac,KXSECSTATE-26DEC31-RG,2024-12-22T13:37:00.404862Z,158.00,0.0200,0.9800,no
14e6ddc5-8d60-45d1-b080-7aaca73dd139,KXSECSTATE-26DEC31-RG,2024-12-21T15:50:49.095831Z,3.00,0.0200,0.9800,no
8909083f-46bf-47f3-9992-f6ff2721e93d,KXSECSTATE-26DEC31-RG,2024-12-20T16:55:39.341934Z,4.00,0.0200,0.9800,no
134493bf-125b-4886-a1a8-c01533fed3a5,KXSECSTATE-26DEC31-RG,2024-12-20T16:49:44.847935Z,33.00,0.0200,0.9800,no
b37d7406-bebd-4c8b-9e6f-26c27ed69dbb,KXSECSTATE-26DEC31-RG,2024-12-19T21:09:36.568124Z,104.00,0.0200,0.9800,no
0d09d5a5-1d5a-4dab-8d9a-f46e5c446218,KXSECSTATE-26DEC31-RG,2024-12-19T14:06:23.169222Z,60.00,0.0200,0.9800,no
f1c9b8b0-3d2e-45db-9fab-7a915cf11ffd,KXSECSTATE-26DEC31-RG,2024-12-18T22:35:27.461574Z,138.00,0.0200,0.9800,no
acb1cc30-376f-4d86-bfdf-735fcf072976,KXSECSTATE-26DEC31-RG,2024-12-17T17:51:33.471847Z,10.00,0.0100,0.9900,yes
dfe3a964-b08c-4733-abb7-229ef0def9f6,KXSECSTATE-26DEC31-RG,2024-12-15T01:01:52.346867Z,50.00,0.0400,0.9600,yes
e90b92ec-896a-4b63-bece-d7713ef6f686,KXSECSTATE-26DEC31-RG,2024-12-08T15:46:36.255783Z,200.00,0.0400,0.9600,yes
5ee40172-c574-4e99-968d-4d9817d24597,KXSECSTATE-26DEC31-RG,2024-12-07T19:27:22.383016Z,66.00,0.0100,0.9900,no
e746f0cd-4027-404c-bcd1-835e10724a7a,KXSECSTATE-26DEC31-RG,2024-12-07T04:12:08.158205Z,134.00,0.0100,0.9900,no
e97a3c33-fcae-4210-9eac-11105de57adc,KXSECSTATE-26DEC31-RG,2024-12-05T21:58:31.876011Z,1392.00,0.0100,0.9900,yes
a4781e86-0f33-4406-b5ed-3b86a7dacb81,KXSECSTATE-26DEC31-RG,2024-12-05T21:58:31.876011Z,100.00,0.0100,0.9900,yes
2017fbd6-0d4b-4065-b813-b64bc29bbfcf,KXSECSTATE-26DEC31-RG,2024-12-05T01:44:46.697887Z,1.00,0.0100,0.9900,yes
2932fc4d-e127-406f-9102-3a5fbaa342f6,KXSECSTATE-26DEC31-RG,2024-12-05T00:35:55.03127Z,50.00,0.0100,0.9900,yes
875ebbe1-e995-43de-8199-3ce3e0cab63b,KXSECSTATE-26DEC31-RG,2024-12-04T14:47:32.417068Z,109.00,0.0100,0.9900,yes
a7a1261e-4b46-47cb-8d05-e839055de7b8,KXSECSTATE-26DEC31-RG,2024-12-02T17:56:30.027301Z,144.00,0.0100,0.9900,yes
c7d30e99-6c33-49e3-a8b2-18147b75493d,KXSECSTATE-26DEC31-RG,2024-12-02T17:54:25.164025Z,497.00,0.0100,0.9900,yes
a588fb84-8a98-420d-95ea-fd4a7fbcb4ea,KXSECSTATE-26DEC31-RG,2024-11-23T15:59:10.397089Z,600.00,0.0100,0.9900,yes
db9f93f9-ad9d-4d59-8b5d-1642ab5dabef,KXSECSTATE-26DEC31-RG,2024-11-18T20:12:45.388498Z,50.00,0.0100,0.9900,yes
cfd31e9c-4140-48a7-ac95-5d2c3ccf6e0b,KXSECSTATE-26DEC31-RG,2024-11-18T20:12:45.388498Z,450.00,0.0100,0.9900,yes
98d628f9-24eb-4eda-b539-be8d90583583,KXSECSTATE-26DEC31-RG,2024-11-17T19:17:18.385782Z,89.00,0.0100,0.9900,yes
243792d4-3e30-457d-93f2-96ec7550ffe1,KXSECSTATE-26DEC31-RG,2024-11-17T15:35:47.617867Z,1.00,0.0100,0.9900,yes
e494eee9-7ce2-4a69-b0d8-6df2191d691f,KXSECSTATE-26DEC31-RG,2024-11-15T07:48:13.482859Z,93.00,0.0100,0.9900,yes
55304829-82ff-4293-89aa-2769aa4a914a,KXSECSTATE-26DEC31-RG,2024-11-15T03:28:38.112707Z,71.00,0.0100,0.9900,yes
69126c6a-0696-4fb6-80a5-9c4c02640a68,KXSECSTATE-26DEC31-RG,2024-11-15T02:53:09.619713Z,93.00,0.0100,0.9900,yes
66ccdab8-f204-4e7d-8e62-ef34de62e8da,KXSECSTATE-26DEC31-RG,2024-11-15T02:35:38.043068Z,39.00,0.0100,0.9900,yes
1628ea6d-80e2-4a09-8b6a-8c9eb8a96ad0,KXSECSTATE-26DEC31-RG,2024-11-15T02:35:38.043068Z,461.00,0.0100,0.9900,yes
556962cf-dba1-4f2e-a5c0-01e5cf1f95f5,KXSECSTATE-26DEC31-RG,2024-11-15T00:53:43.920468Z,8.00,0.0100,0.9900,yes
072121f1-cfed-4763-9074-88c4ee2a0ffb,KXSECSTATE-26DEC31-RG,2024-11-14T22:45:47.754405Z,42.00,0.0100,0.9900,yes
e29e38bf-6d8c-42f2-9b02-b49feff0c9c0,KXSECSTATE-26DEC31-RG,2024-11-14T22:12:27.436215Z,1.00,0.0100,0.9900,yes
0d9de0fb-2089-405a-904a-ed93921baa05,KXSECSTATE-26DEC31-RG,2024-11-14T20:54:46.539242Z,16.00,0.0100,0.9900,yes
5c95e7a2-67df-4368-911d-c4ea5e97b3b1,KXSECSTATE-26DEC31-RG,2024-11-14T07:50:26.238345Z,69.00,0.0100,0.9900,no
29c31953-c7e0-48f7-941d-9426c34d3447,KXSECSTATE-26DEC31-RG,2024-11-14T07:46:56.463167Z,540.00,0.0300,0.9700,yes
f3394ea9-e559-4898-aab7-18472c75f7ae,KXSECSTATE-26DEC31-RG,2024-11-14T05:11:53.527443Z,5.00,0.0300,0.9700,yes
aaafbe05-0c5d-454b-903f-db07bd34bc04,KXSECSTATE-26DEC31-RG,2024-11-14T03:47:32.235687Z,431.00,0.0300,0.9700,yes
26f03bb9-9dba-40da-ba6a-700f6e11f414,KXSECSTATE-26DEC31-RG,2024-11-14T03:47:32.235687Z,69.00,0.0300,0.9700,yes
7ac95048-1fac-4b47-acc2-af11caaea378,KXSECSTATE-26DEC31-RG,2024-11-14T00:33:59.397218Z,1.00,0.0100,0.9900,no
2f04ed46-6a8a-4f39-91d8-be96ce242847,KXSECSTATE-26DEC31-RG,2024-11-13T23:48:03.996884Z,2.00,0.0100,0.9900,no
f992e516-6c9a-42d9-b275-6e0507bf0f78,KXSECSTATE-26DEC31-RG,2024-11-13T23:43:51.36046Z,31.00,0.0100,0.9900,yes
f42dc435-715f-4a1b-831b-b171ccb4cad7,KXSECSTATE-26DEC31-RG,2024-11-13T23:43:51.36046Z,243.00,0.0100,0.9900,yes
9f4cfae6-2864-4b69-9985-d0be218265d2,KXSECSTATE-26DEC31-RG,2024-11-13T23:43:38.726278Z,100.00,0.0100,0.9900,yes
7a6bd654-9b56-476c-aaec-0100bb1098cf,KXSECSTATE-26DEC31-RG,2024-11-13T22:51:57.143977Z,307.00,0.0100,0.9900,no
b806cf77-af57-4ff8-a85f-202a0991629d,KXSECSTATE-26DEC31-RG,2024-11-13T22:50:08.036397Z,1.00,0.0100,0.9900,no
1b4fb24f-1737-4194-9ab0-113ded64a02d,KXSECSTATE-26DEC31-RG,2024-11-13T22:33:15.066445Z,85.00,0.0100,0.9900,no
7e61429e-ee17-4ea6-be1a-355591a1fec5,KXSECSTATE-26DEC31-RG,2024-11-13T22:22:00.552656Z,843.00,0.0100,0.9900,no
0d4823bc-b113-46f3-aae5-523c43db5863,KXSECSTATE-26DEC31-RG,2024-11-13T22:13:33.767245Z,156.00,0.0100,0.9900,no
d5e9f266-dd1f-4487-88b6-8e3d939a29cc,KXSECSTATE-26DEC31-RG,2024-11-13T22:04:48.817575Z,150.00,0.0200,0.9800,yes
faa443cc-5168-49c8-ad5b-174b883bdcfe,KXSECSTATE-26DEC31-RG,2024-11-13T22:02:28.95256Z,188.00,0.0100,0.9900,no
32bb9c0b-47b3-478e-bac7-3da73a59a107,KXSECSTATE-26DEC31-RG,2024-11-13T21:52:34.420902Z,19.00,0.0200,0.9800,no
fd9560cf-fc41-4362-976c-d0ac4c41766e,KXSECSTATE-26DEC31-RG,2024-11-13T21:51:06.795508Z,1.00,0.0200,0.9800,yes
efd6b72c-8c17-4f63-bb8c-6c35aebe5562,KXSECSTATE-26DEC31-RG,2024-11-13T21:26:09.263226Z,1204.00,0.0100,0.9900,no
e02acb78-e115-48e3-862e-b2adaac966b3,KXSECSTATE-26DEC31-RG,2024-11-13T21:26:09.263226Z,1943.00,0.0100,0.9900,no
d267efd9-1c7b-474e-bcb5-12813e5f1c3d,KXSECSTATE-26DEC31-RG,2024-11-13T21:26:09.263226Z,55.00,0.0100,0.9900,no
0a5e5cac-4214-405c-b404-495c7bbd22ee,KXSECSTATE-26DEC31-RG,2024-11-13T21:26:09.263226Z,80.00,0.0100,0.9900,no
90f5ad4b-60e2-4b65-8c7e-2358adf5c7a5,KXSECSTATE-26DEC31-RG,2024-11-13T21:26:03.448887Z,2278.00,0.0100,0.9900,no
3db99f53-7628-4af4-aa8a-52efe65387db,KXSECSTATE-26DEC31-RG,2024-11-13T21:26:03.448887Z,1057.00,0.0100,0.9900,no
b6ca5c48-0fd1-4429-abf4-5e461c3641f3,KXSECSTATE-26DEC31-RG,2024-11-13T21:25:36.605085Z,51.00,0.0200,0.9800,no
cb440150-73c1-4543-9f22-94cd36327f78,KXSECSTATE-26DEC31-RG,2024-11-13T21:23:55.473535Z,14.00,0.0200,0.9800,no
7bde4aba-4386-49fa-8051-dd0cf446181b,KXSECSTATE-26DEC31-RG,2024-11-13T21:19:20.844215Z,843.00,0.0100,0.9900,no
3fd7753f-8ff8-4676-b6cd-cac1dbda3f90,KXSECSTATE-26DEC31-RG,2024-11-13T21:19:20.844215Z,157.00,0.0100,0.9900,no
0567d196-8bfb-4db7-945c-bbb03b465563,KXSECSTATE-26DEC31-RG,2024-11-13T21:15:30.816708Z,237.00,0.0100,0.9900,no
87a739b0-ac36-4f4f-88b5-18fe0943bd5f,KXSECSTATE-26DEC31-RG,2024-11-13T21:13:08.534801Z,1379.00,0.0100,0.9900,no
7998fd43-a6fc-451b-87fe-b2bc654cd684,KXSECSTATE-26DEC31-RG,2024-11-13T20:56:59.360979Z,98.00,0.0200,0.9800,no
6e1570b0-b8ab-4ef0-962c-ae6d0bd5b9e9,KXSECSTATE-26DEC31-RG,2024-11-13T20:56:59.360979Z,225.00,0.0100,0.9900,no
2acde4da-3dc5-4713-8695-64923d216b2b,KXSECSTATE-26DEC31-RG,2024-11-13T20:56:59.360979Z,350.00,0.0100,0.9900,no
a9ea76f1-26d1-4b05-9196-161bf00adaeb,KXSECSTATE-26DEC31-RG,2024-11-13T20:51:03.824537Z,2.00,0.0200,0.9800,no
620efb9d-5d9b-4629-aa21-3e1078e82333,KXSECSTATE-26DEC31-RG,2024-11-13T20:51:03.824537Z,49.00,0.0300,0.9700,no
9881a888-635c-43f8-92e3-a39c580b70d2,KXSECSTATE-26DEC31-RG,2024-11-13T20:48:35.81613Z,51.00,0.0400,0.9600,yes
f6a8453a-014c-4ceb-8b54-fffb13257048,KXSECSTATE-26DEC31-RG,2024-11-13T20:44:59.362883Z,49.00,0.0400,0.9600,yes
1782bed7-77a3-4cb9-835b-e664f0e8724c,KXSECSTATE-26DEC31-RG,2024-11-13T20:43:25.29254Z,40.00,0.0100,0.9900,no
ecee59ab-60c1-4f6c-92c8-5ee1dba333f6,KXSECSTATE-26DEC31-RG,2024-11-13T20:40:01.50773Z,462.00,0.0100,0.9900,no
dd4c0537-0942-4959-843a-ef6fe1c700d2,KXSECSTATE-26DEC31-RG,2024-11-13T20:38:59.977015Z,148.00,0.0100,0.9900,no
30140009-87e0-43c4-a415-7b67d30e3bd8,KXSECSTATE-26DEC31-RG,2024-11-13T20:29:22.973737Z,1000.00,0.0300,0.9700,yes
5b106def-30bb-43de-ad34-269fd95285e8,KXSECSTATE-26DEC31-RG,2024-11-13T20:26:15.08547Z,115.00,0.0100,0.9900,no
f02476d7-ea44-4675-af97-ec05afd2af48,KXSECSTATE-26DEC31-RG,2024-11-13T20:26:02.147266Z,72.00,0.0100,0.9900,no
c8fa4cf5-f23c-45c1-941b-c43796c80012,KXSECSTATE-26DEC31-RG,2024-11-13T20:19:28.46135Z,101.00,0.0100,0.9900,no
0294fe3e-a7a1-41c9-95d7-2f4de6628a6e,KXSECSTATE-26DEC31-RG,2024-11-13T20:16:51.499318Z,673.00,0.0100,0.9900,no
fc9e8fc4-2ba0-441a-9d85-e84ed384b40e,KXSECSTATE-26DEC31-RG,2024-11-13T20:16:36.242958Z,485.00,0.0100,0.9900,no
8dc5a23e-fe3d-4efd-9186-74933fcbcaf4,KXSECSTATE-26DEC31-RG,2024-11-13T20:16:36.242958Z,1.00,0.0100,0.9900,no
3377ddd1-253e-4c33-9ebb-fdb48c0effb3,KXSECSTATE-26DEC31-RG,2024-11-13T20:16:36.242958Z,114.00,0.0100,0.9900,no
ce548f11-e028-43a9-9d71-ac933af54e52,KXSECSTATE-26DEC31-RG,2024-11-13T20:16:25.009567Z,952.00,0.0200,0.9800,no
6eaa8257-b08c-4198-b27d-cc99f1e8f742,KXSECSTATE-26DEC31-RG,2024-11-13T20:16:25.009567Z,120.00,0.0200,0.9800,no
41036fef-aa40-4421-bf79-da7145040d6f,KXSECSTATE-26DEC31-RG,2024-11-13T20:16:25.009567Z,545.00,0.0200,0.9800,no
4067d96f-e59f-40a7-b60d-da0c4bc95e61,KXSECSTATE-26DEC31-RG,2024-11-13T20:16:25.009567Z,761.00,0.0200,0.9800,no
fb44f937-d593-45f0-9e5e-a83bd502c36f,KXSECSTATE-26DEC31-RG,2024-11-13T20:07:55.373439Z,28.00,0.0200,0.9800,no
d48f633d-f36e-4cbc-9248-f10603bfc40c,KXSECSTATE-26DEC31-RG,2024-11-13T20:06:25.74914Z,211.00,0.0200,0.9800,no
39bbf5e9-27d6-4ea8-b198-d1c5a365c9fd,KXSECSTATE-26DEC31-RG,2024-11-13T20:02:38.886352Z,500.00,0.0200,0.9800,no
262f93ed-cde5-403d-bf17-600c27d65646,KXSECSTATE-26DEC31-RG,2024-11-13T20:02:38.886352Z,581.00,0.0100,0.9900,no
3741a59c-a0a0-4e3d-b9a6-54c7ae7d99e1,KXSECSTATE-26DEC31-RG,2024-11-13T20:02:13.067322Z,1400.00,0.0200,0.9800,no
316dd67e-306c-4124-b4d1-00db4479e623,KXSECSTATE-26DEC31-RG,2024-11-13T20:02:13.067322Z,365.00,0.0200,0.9800,no
07974819-efe6-415b-953b-e48c0e9f99a2,KXSECSTATE-26DEC31-RG,2024-11-13T20:02:13.067322Z,235.00,0.0200,0.9800,no
7d1f9c1b-cad9-4676-8c11-aa2e25c4ad42,KXSECSTATE-26DEC31-RG,2024-11-13T20:02:00.764013Z,784.00,0.0200,0.9800,no
91125372-c152-4cb7-bf1a-82b09a9af8fa,KXSECSTATE-26DEC31-RG,2024-11-13T20:00:09.330414Z,33.00,0.0300,0.9700,no
6319cea9-164a-404a-926b-453cd38b30d1,KXSECSTATE-26DEC31-RG,2024-11-13T20:00:09.330414Z,90.00,0.0400,0.9600,no
4023c65c-a746-4503-9946-2e54d55cc8e6,KXSECSTATE-26DEC31-RG,2024-11-13T20:00:09.330414Z,946.00,0.0300,0.9700,no
f332ffb0-e2ef-4db6-aa47-d5259ec3dbb9,KXSECSTATE-26DEC31-RG,2024-11-13T19:59:25.227518Z,1110.00,0.0400,0.9600,no
907fd72f-d2f8-4067-97c9-b23e6458ea53,KXSECSTATE-26DEC31-RG,2024-11-13T19:59:17.392534Z,247.00,0.0500,0.9500,no
01addf5f-1119-45a3-91b8-7980bfba04a9,KXSECSTATE-26DEC31-RG,2024-11-13T19:59:13.088754Z,1596.00,0.0500,0.9500,no
64e2664b-583e-4472-9470-49442f4dd647,KXSECSTATE-26DEC31-RG,2024-11-13T19:59:08.110337Z,116.00,0.0500,0.9500,no
d6a68d62-2c3f-44b6-a63a-5781aa530471,KXSECSTATE-26DEC31-RG,2024-11-13T19:59:02.180533Z,41.00,0.0500,0.9500,no
3e1b40f4-84ba-4bbb-a931-c4a942f0bd4e,KXSECSTATE-26DEC31-RG,2024-11-13T19:58:11.012574Z,1928.00,0.0600,0.9400,no
76e3e3cd-9f63-47ca-94f1-8f54cd3dd304,KXSECSTATE-26DEC31-RG,2024-11-13T19:57:49.918843Z,28.00,0.0600,0.9400,no
59d8136a-5fe4-4557-81c9-2084004fe313,KXSECSTATE-26DEC31-RG,2024-11-13T19:57:49.918843Z,72.00,0.0600,0.9400,no
faa514e5-772d-4837-860b-928e899f236b,KXSECSTATE-26DEC31-RG,2024-11-13T19:57:09.845871Z,28.00,0.0700,0.9300,no
bd2f0640-5695-42d0-a4b9-3e4ea74a6fdc,KXSECSTATE-26DEC31-RG,2024-11-13T19:57:09.845871Z,120.00,0.0700,0.9300,no
96bf8ee0-ee5a-4940-8319-547738dfdce5,KXSECSTATE-26DEC31-RG,2024-11-13T19:57:00.000072Z,200.00,0.0900,0.9100,no
526c9f69-1b4c-4476-a13f-511799e5917b,KXSECSTATE-26DEC31-RG,2024-11-13T19:57:00.000072Z,120.00,0.0800,0.9200,no
0328eb20-10f0-491d-ac59-5c7c78c79d39,KXSECSTATE-26DEC31-RG,2024-11-13T19:57:00.000072Z,200.00,0.0800,0.9200,no
79d1ba53-9d91-4ab2-bf9f-e5b36867dee6,KXSECSTATE-26DEC31-RG,2024-11-13T19:56:34.034764Z,309.00,0.0900,0.9100,no
a6122df5-ef69-498e-9d02-731172f3302f,KXSECSTATE-26DEC31-RG,2024-11-13T19:56:26.901769Z,1000.00,0.1200,0.8800,no
e7b9528d-9551-4546-9da0-6738be15a1b5,KXSECSTATE-26DEC31-RG,2024-11-13T19:56:20.458087Z,364.00,0.1400,0.8600,no
c3c780f5-f3dc-48a6-97d0-4bff4a8433df,KXSECSTATE-26DEC31-RG,2024-11-13T19:51:01.271676Z,1.00,0.1300,0.8700,no
56b4eff8-0d4a-4dfc-87d4-29c681a234a2,KXSECSTATE-26DEC31-RG,2024-11-13T19:51:01.271676Z,181.00,0.1300,0.8700,no
6d21e6b2-50ad-4bd4-ba4d-e782c819ed14,KXSECSTATE-26DEC31-RG,2024-11-13T19:49:55.575589Z,27.00,0.1700,0.8300,yes
57d0e8d5-95be-4c9a-b229-bfdfd5f1b07a,KXSECSTATE-26DEC31-RG,2024-11-13T19:25:44.739759Z,1000.00,0.1800,0.8200,no
a3139cad-d58c-42de-8f68-b599f126ea81,KXSECSTATE-26DEC31-RG,2024-11-13T19:09:35.623083Z,32.00,0.1500,0.8500,no
5dec0678-3fbf-43d9-9b87-75afcfc21894,KXSECSTATE-26DEC31-RG,2024-11-13T19:09:35.623083Z,202.00,0.1400,0.8600,no
04528d72-4ec2-4a42-8773-906654eca508,KXSECSTATE-26DEC31-RG,2024-11-13T19:09:35.623083Z,400.00,0.1500,0.8500,no
fc888627-b692-4b59-998f-16051417b3bb,KXSECSTATE-26DEC31-RG,2024-11-13T19:06:08.594647Z,26.00,0.1800,0.8200,yes
a7744475-46ca-4eba-8b62-650e99ef53c2,KXSECSTATE-26DEC31-RG,2024-11-13T19:06:08.594647Z,200.00,0.1800,0.8200,yes
4a3f2d3e-f4f5-4d30-a71d-a457d066bf3e,KXSECSTATE-26DEC31-RG,2024-11-13T19:06:08.594647Z,150.00,0.1700,0.8300,yes
49fdb78e-f749-431b-bc7c-b5069d17e797,KXSECSTATE-26DEC31-RG,2024-11-13T19:06:08.594647Z,149.00,0.1900,0.8100,yes
c86b2a39-2226-436f-b9d5-48f166a62855,KXSECSTATE-26DEC31-RG,2024-11-13T18:58:39.542399Z,150.00,0.1700,0.8300,no
a5bd38a6-3c4b-43ee-bda5-967101efdfe7,KXSECSTATE-26DEC31-RG,2024-11-13T18:55:14.340955Z,94.00,0.1800,0.8200,yes
4bc5b3ab-85da-40f5-9b8d-1aa4d8666c3f,KXSECSTATE-26DEC31-RG,2024-11-13T18:33:10.392608Z,47.00,0.2000,0.8000,yes
9197ebe2-c506-4cdf-af63-2dbdf4698b66,KXSECSTATE-26DEC31-RG,2024-11-13T18:32:29.325554Z,298.00,0.1900,0.8100,no
2b3042af-d188-4a53-bb9e-0b4b5a49bb55,KXSECSTATE-26DEC31-RG,2024-11-13T18:32:17.262945Z,122.00,0.1900,0.8100,no
af21e9db-0559-4a69-95e2-bd4438869620,KXSECSTATE-26DEC31-RG,2024-11-13T18:29:01.085178Z,188.00,0.1900,0.8100,no
42225617-92ac-4662-b984-682268a5895b,KXSECSTATE-26DEC31-RG,2024-11-13T18:27:14.095915Z,16.00,0.1900,0.8100,no
51ef751c-ddd4-4047-99bc-2238fdb6cf2c,KXSECSTATE-26DEC31-RG,2024-11-13T18:18:12.459124Z,570.00,0.1900,0.8100,no
4c340f64-2105-480b-9388-8a56fb6ff241,KXSECSTATE-26DEC31-RG,2024-11-13T18:12:18.786981Z,120.00,0.1900,0.8100,no
91be7e79-2eb4-4a45-938d-ce6ef3eb6035,KXSECSTATE-26DEC31-RG,2024-11-13T18:10:02.598209Z,120.00,0.2200,0.7800,yes
cfbb9fdc-ed33-4a5a-ae10-3b2ca8713aa2,KXSECSTATE-26DEC31-RG,2024-11-13T17:32:50.290557Z,66.00,0.1900,0.8100,no
f0d2f30b-4d37-4ccf-8c1a-43d1ba9f79cd,KXSECSTATE-26DEC31-RG,2024-11-13T17:22:05.870275Z,20.00,0.1900,0.8100,no
4e567db0-b827-405d-88c0-a95c2ebeaf39,KXSECSTATE-26DEC31-RG,2024-11-13T17:10:36.847336Z,100.00,0.1900,0.8100,no
f2fc0830-e9bd-4e24-9879-fcb9e03bab00,KXSECSTATE-26DEC31-RG,2024-11-13T16:59:46.211925Z,148.00,0.1800,0.8200,no
f10434db-f153-44a5-9230-8d04ae13c201,KXSECSTATE-26DEC31-RG,2024-11-13T16:43:41.661262Z,20.00,0.2100,0.7900,no
c2e4e9b1-28fa-4fd9-99c3-e85d3f0b8d25,KXSECSTATE-26DEC31-RG,2024-11-13T16:43:41.661262Z,26.00,0.2000,0.8000,no
2ef5fcb1-4620-44bc-8ddd-702ee7152fb1,KXSECSTATE-26DEC31-RG,2024-11-13T16:43:41.661262Z,180.00,0.2100,0.7900,no
18b5d5d6-c5d5-4d35-b0c2-db21afefb4c4,KXSECSTATE-26DEC31-RG,2024-11-13T16:43:41.661262Z,1000.00,0.2000,0.8000,no
44cd781d-8bca-4b3d-9364-5762eca508db,KXSECSTATE-26DEC31-RG,2024-11-13T16:31:21.617875Z,182.00,0.2400,0.7600,yes
07f47481-75c7-4c76-8968-71abe918f933,KXSECSTATE-26DEC31-RG,2024-11-13T16:31:21.617875Z,16.00,0.2300,0.7700,yes
d4d18329-cb04-47be-ad53-ceed82ce81da,KXSECSTATE-26DEC31-RG,2024-11-13T16:28:10.254366Z,20.00,0.2100,0.7900,no
7ead30c1-1892-45b8-bd70-26fe5cee9c5c,KXSECSTATE-26DEC31-RG,2024-11-13T16:18:39.01615Z,49.00,0.1400,0.8600,no
417e9fbf-2d10-4536-b616-4b37ea54e8cd,KXSECSTATE-26DEC31-RG,2024-11-13T16:00:16.375333Z,20.00,0.2300,0.7700,yes
3f81d445-0619-4c2c-b3e4-2436bb2f0026,KXSECSTATE-26DEC31-RG,2024-11-13T16:00:04.700255Z,82.00,0.2300,0.7700,yes
dde28c7a-f35d-42d2-b48e-5858d83b6e91,KXSECSTATE-26DEC31-RG,2024-11-13T15:56:54.662742Z,41.00,0.2300,0.7700,yes
9ba28209-b44a-48cd-8481-da823b868538,KXSECSTATE-26DEC31-RG,2024-11-13T15:51:14.572589Z,41.00,0.2300,0.7700,yes
ee768b7a-95ee-4493-9929-7cb99ac91c22,KXSECSTATE-26DEC31-RG,2024-11-13T15:41:51.83834Z,349.00,0.2600,0.7400,yes
b21fbab8-1ba9-4847-9a2b-a32612de5a40,KXSECSTATE-26DEC31-RG,2024-11-13T15:41:51.83834Z,17.00,0.2500,0.7500,yes
148d2866-54f5-4801-8ece-840e511f48ab,KXSECSTATE-26DEC31-RG,2024-11-13T15:41:44.472156Z,285.00,0.2600,0.7400,yes
0a74e450-7cce-4b67-9814-359d3573599b,KXSECSTATE-26DEC31-RG,2024-11-13T15:41:44.472156Z,83.00,0.2500,0.7500,yes
32d5d77c-0653-45a8-97cd-9653bba01a49,KXSECSTATE-26DEC31-RG,2024-11-13T15:38:52.284052Z,150.00,0.1800,0.8200,yes
29983340-c560-47e7-b5e1-11e8cafc99c4,KXSECSTATE-26DEC31-RG,2024-11-13T15:38:52.284052Z,752.00,0.2800,0.7200,yes
e0094bcc-9164-4545-8cc8-202529017512,KXSECSTATE-26DEC31-RG,2024-11-13T15:31:53.333783Z,5.00,0.1500,0.8500,yes
dd580687-015a-4468-8c72-7ab28ccb678a,KXSECSTATE-26DEC31-RG,2024-11-13T15:31:53.333783Z,20.00,0.1500,0.8500,yes
27a8bc81-1419-41f1-a6c5-46cefde2816b,KXSECSTATE-26DEC31-RG,2024-11-13T15:31:53.333783Z,191.00,0.1500,0.8500,yes
f07af306-8b7a-4cc4-887d-9a3019e0c14d,KXSECSTATE-26DEC31-RG,2024-11-13T15:23:07.730391Z,311.00,0.1500,0.8500,yes
defd1e6e-8eff-42a5-ac54-731c098160b6,KXSECSTATE-26DEC31-RG,2024-11-13T15:23:07.730391Z,293.00,0.1400,0.8600,yes
988f6e8e-9df7-4972-be79-065fea447dec,KXSECSTATE-26DEC31-RG,2024-11-13T15:23:00.334393Z,109.00,0.1400,0.8600,yes
d91cfcf3-5862-4c45-9520-9e9249d504fd,KXSECSTATE-26DEC31-RG,2024-11-13T15:12:47.347182Z,116.00,0.1400,0.8600,yes
d5db9042-858e-4dc9-9f8a-46603ae2a81d,KXSECSTATE-26DEC31-RG,2024-11-13T15:12:47.347182Z,470.00,0.1400,0.8600,yes
121714b1-2dca-42c0-85b3-f685ba9d0ffa,KXSECSTATE-26DEC31-RG,2024-11-13T15:12:47.347182Z,1098.00,0.1400,0.8600,yes
336626a4-ce66-48c5-8487-d89ceeb0c981,KXSECSTATE-26DEC31-RG,2024-11-13T15:07:15.845795Z,100.00,0.1300,0.8700,yes
0fc35641-e6e9-4bb2-951e-4ca6e8ed4db8,KXSECSTATE-26DEC31-RG,2024-11-13T14:58:27.693013Z,101.00,0.1400,0.8600,yes
865c55b6-6e52-4695-a1a5-60bf0d104f8b,KXSECSTATE-26DEC31-RG,2024-11-13T14:45:11.962788Z,500.00,0.1400,0.8600,yes
bf6b3d17-9579-4caa-9f7d-9a9163379537,KXSECSTATE-26DEC31-RG,2024-11-13T14:34:09.255875Z,8.00,0.1200,0.8800,no
bf4838ec-12e9-4246-bee3-77b11c201dbb,KXSECSTATE-26DEC31-RG,2024-11-13T14:30:29.796283Z,193.00,0.1200,0.8800,no
277a73aa-4f53-487a-987a-80961d611c72,KXSECSTATE-26DEC31-RG,2024-11-13T14:27:54.417855Z,101.00,0.1400,0.8600,yes
ce0f0202-1c36-4db2-9deb-5f2dfe3c763b,KXSECSTATE-26DEC31-RG,2024-11-13T14:26:47.381101Z,20.00,0.1400,0.8600,yes
39348ed0-1228-4a10-baf9-a1a39850b063,KXSECSTATE-26DEC31-RG,2024-11-13T14:23:58.378052Z,156.00,0.1200,0.8800,no
c57f3a34-9ff6-4614-96da-ebb0bbcdc757,KXSECSTATE-26DEC31-RG,2024-11-13T13:59:56.48582Z,118.00,0.1400,0.8600,yes
84a4c801-5727-4917-ace3-4d80d94beaec,KXSECSTATE-26DEC31-RG,2024-11-13T13:59:56.48582Z,555.00,0.1400,0.8600,yes
ddc3d162-8da2-45f7-8bf3-ff5fbb72222d,KXSECSTATE-26DEC31-RG,2024-11-13T13:53:35.427929Z,2.00,0.1400,0.8600,yes
148b0c5a-9ab5-402d-a1f9-d25a07ae1a45,KXSECSTATE-26DEC31-RG,2024-11-13T13:41:44.772075Z,148.00,0.1400,0.8600,yes
ca9fc563-c819-485e-be31-76a586e1289b,KXSECSTATE-26DEC31-RG,2024-11-13T13:04:39.895858Z,33.00,0.1400,0.8600,yes
04ec86ad-c484-4988-92c4-e6c2e8a6f22a,KXSECSTATE-26DEC31-RG,2024-11-13T13:00:49.42108Z,470.00,0.1300,0.8700,no
c066abb4-da06-4f1f-972c-fce1ab48bf19,KXSECSTATE-26DEC31-RG,2024-11-13T07:59:58.825229Z,262.00,0.1400,0.8600,yes
9074866d-025f-4622-b12f-f011dd891e53,KXSECSTATE-26DEC31-RG,2024-11-13T07:59:58.825229Z,208.00,0.1400,0.8600,yes
7b1e3890-5870-41f9-b353-dabe3804a6b7,KXSECSTATE-26DEC31-RG,2024-11-13T07:59:17.602274Z,30.00,0.1300,0.8700,yes
cc0c8902-eac0-47ac-b150-a7fc26dedf83,KXSECSTATE-26DEC31-RG,2024-11-13T07:03:36.287152Z,200.00,0.1000,0.9000,yes
b2520a98-4b78-4a5c-85e9-3d898b899b7b,KXSECSTATE-26DEC31-RG,2024-11-13T07:03:36.287152Z,15.00,0.1000,0.9000,yes
9f551e8b-2153-4e5f-8f2a-e108b57c091a,KXSECSTATE-26DEC31-RG,2024-11-13T07:03:36.287152Z,25.00,0.1400,0.8600,yes
8bbcdda4-385a-44a1-85ab-50f76121d3e9,KXSECSTATE-26DEC31-RG,2024-11-13T07:03:36.287152Z,500.00,0.1300,0.8700,yes
57dbe3f6-649c-46f4-9cb6-e613f2899557,KXSECSTATE-26DEC31-RG,2024-11-13T07:03:36.287152Z,12.00,0.0900,0.9100,yes
4652d797-8da9-4aac-940d-44f4dece3fda,KXSECSTATE-26DEC31-RG,2024-11-13T07:03:36.287152Z,25.00,0.1200,0.8800,yes
7ba8cd3a-298f-407b-a733-8008a29f7cb9,KXSECSTATE-26DEC31-RG,2024-11-13T05:37:27.823201Z,24.00,0.0800,0.9200,no
17d6a192-ef6a-4248-b642-edfc04b13376,KXSECSTATE-26DEC31-RG,2024-11-13T05:37:27.823201Z,25.00,0.0700,0.9300,no
4efce00b-3344-4ef2-b5eb-9074f40c0e27,KXSECSTATE-26DEC31-RG,2024-11-13T05:37:22.591374Z,15.00,0.0900,0.9100,no
3ddc96da-b4d5-46be-bda6-4c5c3bf3dafa,KXSECSTATE-26DEC31-RG,2024-11-13T05:37:13.308102Z,166.00,0.1000,0.9000,no
82e33b35-741d-43df-9122-ddb7a6f0aa24,KXSECSTATE-26DEC31-RG,2024-11-13T05:10:00.176308Z,44.00,0.1300,0.8700,yes
2ee49952-4ebd-4d1a-9ceb-0520ab5dd97e,KXSECSTATE-26DEC31-RG,2024-11-13T05:10:00.176308Z,15.00,0.1200,0.8800,yes
e0ae7a1a-c57d-4e89-9bf0-544a7e2662b2,KXSECSTATE-26DEC31-RG,2024-11-13T05:07:38.317212Z,25.00,0.1000,0.9000,no
facf0770-73d9-40ce-80cc-134801e10cc9,KXSECSTATE-26DEC31-RG,2024-11-13T04:42:16.973145Z,9.00,0.1000,0.9000,no
0cac5f63-f79d-474a-b6ed-54bb729c8681,KXSECSTATE-26DEC31-RG,2024-11-13T04:19:43.809404Z,101.00,0.1400,0.8600,yes
48d3c73d-a6c5-4fdd-ac49-a022387105c7,KXSECSTATE-26DEC31-RG,2024-11-13T03:49:24.238433Z,673.00,0.1400,0.8600,yes
f1e247d2-00e7-4314-9d60-db73128c63d4,KXSECSTATE-26DEC31-RG,2024-11-13T03:30:23.072447Z,67.00,0.1400,0.8600,yes
3eaf725d-1563-4c9c-b468-869dc002e09a,KXSECSTATE-26DEC31-RG,2024-11-13T03:30:23.065517Z,67.00,0.1400,0.8600,yes
cba80635-05a7-4e60-8fa7-1b1465e26b12,KXSECSTATE-26DEC31-RG,2024-11-13T03:25:48.755074Z,15.00,0.1400,0.8600,yes
8c7f7cfe-0928-4b99-a3df-f2147621a7f2,KXSECSTATE-26DEC31-RG,2024-11-13T03:25:48.755074Z,56.00,0.1300,0.8700,yes
53f8d68a-3abf-418d-8be5-4da6e3ce522a,KXSECSTATE-26DEC31-RG,2024-11-13T03:24:04.137522Z,72.00,0.1300,0.8700,yes
6337e7ab-df0a-4fd6-85ef-6dde97c2c8ea,KXSECSTATE-26DEC31-RG,2024-11-13T03:21:39.648208Z,72.00,0.1300,0.8700,yes
78981ff1-d887-4477-837a-52e7c11dc626,KXSECSTATE-26DEC31-RG,2024-11-13T03:03:08.375494Z,134.00,0.1400,0.8600,yes
6102ff19-fe87-46c0-9ba0-d164acec40f6,KXSECSTATE-26DEC31-RG,2024-11-13T03:01:33.433409Z,6.00,0.1400,0.8600,yes
912a8e31-57d6-4593-bf36-ce2a0ea6018f,KXSECSTATE-26DEC31-RG,2024-11-13T02:59:18.395542Z,221.00,0.0800,0.9200,no
e6e8b55b-9667-4d88-b7d8-83f9fe39e519,KXSECSTATE-26DEC31-RG,2024-11-13T02:55:29.439901Z,55.00,0.0800,0.9200,no
cc61cff5-5ed7-4080-90c2-018d3c8119ed,KXSECSTATE-26DEC31-RG,2024-11-13T02:55:21.657676Z,66.00,0.1400,0.8600,yes
894b66d2-e76a-4959-b0a4-e6f3f73beacb,KXSECSTATE-26DEC31-RG,2024-11-13T02:54:30.231868Z,14.00,0.1300,0.8700,yes
280b475a-c172-4466-8377-a209969ddcbb,KXSECSTATE-26DEC31-RG,2024-11-13T02:54:30.231868Z,829.00,0.1400,0.8600,yes
8a8e3640-2cc1-407b-8c39-e29b3103a174,KXSECSTATE-26DEC31-RG,2024-11-13T02:12:45.553721Z,1.00,0.1300,0.8700,yes
fbc45a2f-0d73-4307-99fa-b83bb29fec24,KXSECSTATE-26DEC31-RG,2024-11-13T01:44:21.639416Z,2.00,0.1300,0.8700,yes
cc014e48-ad45-4da9-8268-c8f8a99d10f5,KXSECSTATE-26DEC31-RG,2024-11-13T01:44:21.639416Z,25.00,0.1400,0.8600,yes
0412f32e-ff02-4eee-972a-fd4df41a8787,KXSECSTATE-26DEC31-RG,2024-11-13T01:44:21.639416Z,309.00,0.1400,0.8600,yes
8d680782-8341-4b3a-bc1a-1b2cd5ceadf0,KXSECSTATE-26DEC31-RG,2024-11-13T01:37:04.854993Z,56.00,0.1300,0.8700,yes
4d91c161-a99e-4022-85a9-cc02e8478bd8,KXSECSTATE-26DEC31-RG,2024-11-13T01:37:04.854993Z,15.00,0.1400,0.8600,yes
acd4eba7-82dd-4c0d-bb9a-9af3c1a976e5,KXSECSTATE-26DEC31-RG,2024-11-13T01:33:43.966728Z,44.00,0.1300,0.8700,yes
a7597317-b057-4f01-9477-350f212cc22f,KXSECSTATE-26DEC31-RG,2024-11-13T01:33:43.966728Z,6.00,0.1200,0.8800,yes
879fb844-12c4-4983-8e45-61f84518ce87,KXSECSTATE-26DEC31-RG,2024-11-13T01:12:04.99276Z,394.00,0.0600,0.9400,no
78aabbab-a62b-4c27-8d65-bcc96099cea8,KXSECSTATE-26DEC31-RG,2024-11-13T01:12:04.99276Z,453.00,0.0900,0.9100,no
31b89e7a-6b83-49c2-a4b7-783f2e9e97d2,KXSECSTATE-26DEC31-RG,2024-11-13T01:12:04.99276Z,55.00,0.0800,0.9200,no
04f23baa-006d-4027-b4cf-282856e9f562,KXSECSTATE-26DEC31-RG,2024-11-13T01:08:45.903001Z,10.00,0.0900,0.9100,no
9b01e497-0d18-443e-9888-b4bf6b46fc16,KXSECSTATE-26DEC31-RG,2024-11-13T01:08:34.575166Z,1.00,0.0900,0.9100,no
31a91a77-0985-4ffe-9530-2da0bb37573a,KXSECSTATE-26DEC31-RG,2024-11-13T01:07:45.905372Z,497.00,0.0900,0.9100,no
f65a3310-d7c8-4cf2-b4a4-c88b907b03dc,KXSECSTATE-26DEC31-RG,2024-11-13T01:05:39.272773Z,25.00,0.0900,0.9100,no
cf35dd0b-9be5-42f7-8030-59efe7f25eaf,KXSECSTATE-26DEC31-RG,2024-11-13T01:05:39.272773Z,39.00,0.0900,0.9100,no
32da2687-7933-474a-8136-2258a3d3b4e0,KXSECSTATE-26DEC31-RG,2024-11-13T01:05:39.272773Z,45.00,0.0900,0.9100,no
c6ceea2c-d627-4ec5-9c4e-0700844773f0,KXSECSTATE-26DEC31-RG,2024-11-13T00:57:55.307371Z,50.00,0.1000,0.9000,no
6a0f7e5b-0788-4ec3-9577-a6c1b4d884bd,KXSECSTATE-26DEC31-RG,2024-11-13T00:57:55.307371Z,77.00,0.0900,0.9100,no
650832f7-c8b5-4e12-b3fb-d6320b153034,KXSECSTATE-26DEC31-RG,2024-11-13T00:57:55.307371Z,100.00,0.1100,0.8900,no
6354f227-9915-44ac-a185-818863961747,KXSECSTATE-26DEC31-RG,2024-11-13T00:57:55.307371Z,5.00,0.0900,0.9100,no
5b7c65cb-b39e-4abb-bb19-0fb634f834b1,KXSECSTATE-26DEC31-RG,2024-11-13T00:55:26.965847Z,298.00,0.1200,0.8800,no
d588897c-42bb-4040-8cb5-d96603171c41,KXSECSTATE-26DEC31-RG,2024-11-13T00:55:20.325275Z,355.00,0.1200,0.8800,no
9d34c042-ff29-465d-9745-e97b3aa53958,KXSECSTATE-26DEC31-RG,2024-11-13T00:55:01.232986Z,35.00,0.1200,0.8800,no
4bea7ac5-2484-4c03-9f67-fd2f43c133a7,KXSECSTATE-26DEC31-RG,2024-11-13T00:45:03.528937Z,94.00,0.1500,0.8500,yes
33fbd73f-b25e-4a60-8957-d7e73839c0fd,KXSECSTATE-26DEC31-RG,2024-11-13T00:42:43.317349Z,52.00,0.1200,0.8800,no
62b73776-a959-4135-8998-e117d9137359,KXSECSTATE-26DEC31-RG,2024-11-13T00:41:19.638194Z,31.00,0.1500,0.8500,yes
cf715420-7aca-4382-9462-d9b7cef173d2,KXSECSTATE-26DEC31-RG,2024-11-13T00:40:48.723456Z,62.00,0.1500,0.8500,yes
9b508d5e-e456-4387-af5c-7d3013e6c5c2,KXSECSTATE-26DEC31-RG,2024-11-13T00:36:56.335261Z,314.00,0.1500,0.8500,yes
c95d40d8-408a-4076-a5ba-9a86d8bf20fa,KXSECSTATE-26DEC31-RG,2024-11-13T00:36:50.508172Z,577.00,0.1500,0.8500,yes
c62f49bb-e3a3-4f23-a907-a0aa04dc6010,KXSECSTATE-26DEC31-RG,2024-11-13T00:36:50.508172Z,55.00,0.1400,0.8600,yes
9c263109-3dee-44b3-a02c-54fd91e8503f,KXSECSTATE-26DEC31-RG,2024-11-13T00:26:19.034303Z,168.00,0.1400,0.8600,yes
e8a0422a-1400-4c2a-b627-cbab3e6412ed,KXSECSTATE-26DEC31-RG,2024-11-13T00:23:59.782202Z,336.00,0.1400,0.8600,yes
cfa22ae5-07c2-4d49-a5df-5bd7c2ac3c83,KXSECSTATE-26DEC31-RG,2024-11-13T00:12:32.486971Z,141.00,0.1400,0.8600,yes
85244948-c6ea-4570-a3e0-5c72fcc8cf21,KXSECSTATE-26DEC31-RG,2024-11-13T00:12:32.486971Z,10.00,0.1400,0.8600,yes
4935718c-b5f6-4983-816c-85ae4c3ff7a0,KXSECSTATE-26DEC31-RG,2024-11-13T00:12:32.486971Z,17.00,0.1400,0.8600,yes
4d9a472e-cbed-49ee-95d3-ec4208357005,KXSECSTATE-26DEC31-RG,2024-11-13T00:00:21.908786Z,14.00,0.1300,0.8700,yes
6e0d8db0-a871-47d4-b542-637c1f8a00fc,KXSECSTATE-26DEC31-RG,2024-11-12T23:47:30.063645Z,1540.00,0.1300,0.8700,yes
fcbfe713-0af9-4842-a7ab-aac0988eadc3,KXSECSTATE-26DEC31-RG,2024-11-12T23:47:07.016634Z,500.00,0.1300,0.8700,yes
613802e5-b3ce-49a8-b2aa-54325880ca60,KXSECSTATE-26DEC31-RG,2024-11-12T23:40:22.594702Z,20.00,0.1200,0.8800,no
0f38fe90-6a46-4119-9b42-2cd8ba7c9ccf,KXSECSTATE-26DEC31-RG,2024-11-12T23:37:42.704127Z,40.00,0.1200,0.8800,no
b348b9b6-9a91-4b85-9dc0-16a3ced9b661,KXSECSTATE-26DEC31-RG,2024-11-12T23:36:48.825008Z,3.00,0.1400,0.8600,yes
b32561d0-7e77-4ae1-a33a-d691ad7510ff,KXSECSTATE-26DEC31-RG,2024-11-12T23:30:28.712111Z,20.00,0.1300,0.8700,no
d8fd03b7-38b3-4300-84e7-d041534b9ae0,KXSECSTATE-26DEC31-RG,2024-11-12T22:56:43.477354Z,709.00,0.1100,0.8900,no
2f05a6d2-4c6a-4edc-a92a-02a6b8ac62a6,KXSECSTATE-26DEC31-RG,2024-11-12T22:55:51.564956Z,20.00,0.1100,0.8900,no
8eac4eb3-efd4-45f1-9209-114f5ca01bac,KXSECSTATE-26DEC31-RG,2024-11-12T22:54:13.262634Z,21.00,0.1100,0.8900,no
57921074-5c23-425d-bbef-3a415efaecd6,KXSECSTATE-26DEC31-RG,2024-11-12T22:54:13.262634Z,9.00,0.1100,0.8900,no
ed172d05-cb91-4d1f-bb3d-e02cbc1a3e59,KXSECSTATE-26DEC31-RG,2024-11-12T22:52:22.841775Z,500.00,0.1400,0.8600,yes
50bddf5f-a813-4f0c-a396-f1d3219a6dc0,KXSECSTATE-26DEC31-RG,2024-11-12T22:52:22.841775Z,152.00,0.1600,0.8400,yes
03e67c66-9bc5-4fa7-8ddb-7a799e4904af,KXSECSTATE-26DEC31-RG,2024-11-12T22:52:18.979663Z,30.00,0.1100,0.8900,no
d01fd494-3592-4a57-a2a0-d77a195a7547,KXSECSTATE-26DEC31-RG,2024-11-12T22:49:32.810253Z,20.00,0.1100,0.8900,no
ca3671d0-3990-4cc9-81f8-c396fccc151e,KXSECSTATE-26DEC31-RG,2024-11-12T22:41:11.346831Z,232.00,0.1500,0.8500,yes
de21e2a6-8939-4d26-b33e-4b715eed7262,KXSECSTATE-26DEC31-RG,2024-11-12T22:38:11.164224Z,125.00,0.1500,0.8500,yes
b8e1f8db-2dfb-42d8-8fd5-7ade6c31f04a,KXSECSTATE-26DEC31-RG,2024-11-12T22:35:15.078657Z,148.00,0.1500,0.8500,yes
a6371554-8883-4e7e-85ae-f7ddd6ad7544,KXSECSTATE-26DEC31-RG,2024-11-12T22:35:15.078657Z,86.00,0.1400,0.8600,yes
31c6bf31-1ed2-4ecc-b5b1-b4455a065ea9,KXSECSTATE-26DEC31-RG,2024-11-12T22:35:15.078657Z,400.00,0.1500,0.8500,yes
bca0fab9-0064-4b6d-bcad-26675503315b,KXSECSTATE-26DEC31-RG,2024-11-12T22:33:24.544749Z,169.00,0.1100,0.8900,no
ea40db69-f911-48d0-acf0-396f9406a90c,KXSECSTATE-26DEC31-RG,2024-11-12T22:19:41.97149Z,20.00,0.1100,0.8900,no
756fae25-b667-4bcc-a260-000b9bf5aabe,KXSECSTATE-26DEC31-RG,2024-11-12T22:14:40.552453Z,664.00,0.1400,0.8600,yes
532341d2-3c14-46f6-81c5-500b76f215ac,KXSECSTATE-26DEC31-RG,2024-11-12T22:14:40.552453Z,10.00,0.1300,0.8700,yes
1def13b2-a22f-4ab6-aed4-eff2863b3a84,KXSECSTATE-26DEC31-RG,2024-11-12T22:11:20.97205Z,20.00,0.1100,0.8900,no
45198085-4f44-4aca-a5ff-d3012b4e17db,KXSECSTATE-26DEC31-RG,2024-11-12T22:10:37.712722Z,1.00,0.1100,0.8900,no
f1c9ae58-94cc-40eb-b7e5-2d1cfe9c42ef,KXSECSTATE-26DEC31-RG,2024-11-12T21:32:54.294836Z,106.00,0.1300,0.8700,yes
6047dfc9-03aa-4eca-95db-d59f9a4fc2b3,KXSECSTATE-26DEC31-RG,2024-11-12T21:32:54.294836Z,108.00,0.1500,0.8500,yes
2a8492ad-d4ae-4245-8a26-5a320ddc93c6,KXSECSTATE-26DEC31-RG,2024-11-12T21:32:54.294836Z,142.00,0.1200,0.8800,yes
a90bc6eb-b77f-4bf9-9a1f-4117aa385bc0,KXSECSTATE-26DEC31-RG,2024-11-12T21:08:02.700709Z,91.00,0.0900,0.9100,no
7457ee3a-1a06-4120-a2ea-dfaef1e31852,KXSECSTATE-26DEC31-RG,2024-11-12T21:08:02.700709Z,23.00,0.0900,0.9100,no
ba88ea2d-6acb-4025-8299-301a9c935cd2,KXSECSTATE-26DEC31-RG,2024-11-12T21:04:23.281352Z,39.00,0.1200,0.8800,yes
e5385d56-345b-4fca-a20b-ed5402502938,KXSECSTATE-26DEC31-RG,2024-11-12T20:29:36.813137Z,300.00,0.1200,0.8800,yes
b5725b9a-09b6-4830-916b-ba40f38af3e3,KXSECSTATE-26DEC31-RG,2024-11-12T20:21:07.833132Z,31.00,0.1100,0.8900,yes
0be82eed-dead-46ec-bad4-dfe12899d82b,KXSECSTATE-26DEC31-RG,2024-11-12T20:21:07.833132Z,167.00,0.1200,0.8800,yes
07f10b6a-c737-4e97-8bfb-6663d372721c,KXSECSTATE-26DEC31-RG,2024-11-12T20:20:14.724702Z,85.00,0.1100,0.8900,yes
e798d97f-69bd-482e-9c2f-9a919e1548a5,KXSECSTATE-26DEC31-RG,2024-11-12T20:18:48.775335Z,109.00,0.0900,0.9100,no
231c4e62-c769-4b36-bc39-4c39904a6f10,KXSECSTATE-26DEC31-RG,2024-11-12T20:12:28.512162Z,85.00,0.1100,0.8900,yes
5a6b28f3-3623-4061-bf97-290c9c794f82,KXSECSTATE-26DEC31-RG,2024-11-12T20:11:09.072088Z,80.00,0.0900,0.9100,no
ac008b1c-a7c3-4170-b10e-623719493b85,KXSECSTATE-26DEC31-RG,2024-11-12T20:00:02.91085Z,8.00,0.1100,0.8900,yes
5d12ec72-1335-487d-ae02-1a4b6c1861bd,KXSECSTATE-26DEC31-RG,2024-11-12T19:33:27.154685Z,400.00,0.1200,0.8800,yes
c24ad9fc-e346-4289-a15b-5798019f6501,KXSECSTATE-26DEC31-RG,2024-11-12T19:26:26.267975Z,773.00,0.1200,0.8800,yes
b93eefb5-1eff-419d-a8ef-7979a81ce8a4,KXSECSTATE-26DEC31-RG,2024-11-12T19:26:26.267975Z,22.00,0.1100,0.8900,yes
a189235f-1348-4dd8-8c64-624ae8d8587e,KXSECSTATE-26DEC31-RG,2024-11-12T19:26:26.267975Z,5.00,0.0900,0.9100,yes
90349548-80c8-44d9-800b-5ed27548f4a3,KXSECSTATE-26DEC31-RG,2024-11-12T19:02:18.019197Z,5.00,0.0800,0.9200,no
429d86ec-d35d-44d4-b900-825f8224171c,KXSECSTATE-26DEC31-RG,2024-11-12T18:36:26.434409Z,39.00,0.1200,0.8800,yes
1a647572-eae9-4bfa-8d9a-c8e9d4f8fbe8,KXSECSTATE-26DEC31-RG,2024-11-12T18:33:12.552039Z,216.00,0.0800,0.9200,no
133123e9-3a43-43c2-b92b-cc3e13e46c68,KXSECSTATE-26DEC31-RG,2024-11-12T18:33:12.552039Z,74.00,0.0900,0.9100,no
fa474520-d420-4d87-af95-969b2f223145,KXSECSTATE-26DEC31-RG,2024-11-12T18:33:10.700392Z,55.00,0.0900,0.9100,no
c703cdde-4ff2-4660-a906-76e734a398db,KXSECSTATE-26DEC31-RG,2024-11-12T18:17:54.51112Z,392.00,0.1200,0.8800,yes
9e5e6a37-0d1e-4bfd-9322-fc4428dde916,KXSECSTATE-26DEC31-RG,2024-11-12T18:04:44.137292Z,100.00,0.0900,0.9100,no
773c776e-d455-4bf0-9eea-d8b2e4458da0,KXSECSTATE-26DEC31-RG,2024-11-12T18:04:20.804114Z,289.00,0.0900,0.9100,no
acec6982-1589-46c0-a9e3-90da10417a23,KXSECSTATE-26DEC31-RG,2024-11-12T17:50:00.823043Z,183.00,0.0900,0.9100,no
1c54c7c9-3c76-40b9-8202-01501571a38c,KXSECSTATE-26DEC31-RG,2024-11-12T17:50:00.823043Z,72.00,0.1000,0.9000,no
62721233-6ee2-4139-98cc-0e51df9b5e0a,KXSECSTATE-26DEC31-RG,2024-11-12T17:48:32.449548Z,66.00,0.1000,0.9000,no
65677294-d9d8-4dd1-951c-7fc31f10c88e,KXSECSTATE-26DEC31-RG,2024-11-12T17:46:21.738163Z,137.00,0.1000,0.9000,no
d9a9c98a-d7aa-4d74-a2fc-4271dd0aab54,KXSECSTATE-26DEC31-RG,2024-11-12T17:42:26.177114Z,94.00,0.1300,0.8700,yes
3b3dea26-a1c7-4385-ac7e-9940ac12280e,KXSECSTATE-26DEC31-RG,2024-11-12T17:42:26.177114Z,15.00,0.1200,0.8800,yes
0b2fb2bc-67e7-46be-8f92-64a058c4d48c,KXSECSTATE-26DEC31-RG,2024-11-12T17:22:07.565352Z,50.00,0.0900,0.9100,no
8cedbd17-8df4-4c8c-89a3-dfafda89d907,KXSECSTATE-26DEC31-RG,2024-11-12T17:20:37.806545Z,197.00,0.0900,0.9100,no
d093948b-f610-4226-b67a-8bb08f83fd93,KXSECSTATE-26DEC31-RG,2024-11-12T17:08:10.482733Z,33.00,0.1300,0.8700,yes
bab330f1-4012-4b28-9c2e-bbe036dc70e6,KXSECSTATE-26DEC31-RG,2024-11-12T17:08:10.482733Z,626.00,0.1800,0.8200,yes
9d584729-e223-4c97-93d6-b7a6e84feebb,KXSECSTATE-26DEC31-RG,2024-11-12T17:08:10.482733Z,100.00,0.1400,0.8600,yes
97998aad-8483-489b-9a72-144ffb805c71,KXSECSTATE-26DEC31-RG,2024-11-12T17:08:10.482733Z,322.00,0.1800,0.8200,yes
e400568e-c44f-4dc5-8a09-515943878a5d,KXSECSTATE-26DEC31-RG,2024-11-12T17:06:26.8793Z,14.00,0.1300,0.8700,yes
295b977f-e824-4f1b-a2a1-6950bf776493,KXSECSTATE-26DEC31-RG,2024-11-12T16:56:30.475867Z,47.00,0.0700,0.9300,no
dd6fee37-7979-488c-8d63-8bbea7899750,KXSECSTATE-26DEC31-RG,2024-11-12T16:41:42.98126Z,10.00,0.0700,0.9300,no
09fd6f8a-6fb9-4fe4-93d4-ed375e0fc3e2,KXSECSTATE-26DEC31-RG,2024-11-12T16:39:49.121808Z,235.00,0.1200,0.8800,yes
417dbba1-3f6b-4097-bade-0dd8d8fd51db,KXSECSTATE-26DEC31-RG,2024-11-12T16:38:38.448202Z,358.00,0.1100,0.8900,yes
14c3a125-aec1-4fd4-9741-cb2ab25634a3,KXSECSTATE-26DEC31-RG,2024-11-12T16:38:29.166844Z,8.00,0.1100,0.8900,yes
4b805ad1-3839-4e19-9946-8393c73a44ae,KXSECSTATE-26DEC31-RG,2024-11-12T16:38:04.453122Z,22.00,0.0900,0.9100,yes
2103fb32-7c00-4645-9ded-0f6addb08aec,KXSECSTATE-26DEC31-RG,2024-11-12T16:38:04.453122Z,2406.00,0.1000,0.9000,yes
41732563-d2bc-4ed7-9e69-ddf69aa408fc,KXSECSTATE-26DEC31-RG,2024-11-12T16:31:39.390427Z,94.00,0.1000,0.9000,yes
12490779-69b6-4c13-b0b0-e3f100d6cac5,KXSECSTATE-26DEC31-RG,2024-11-12T16:28:11.924827Z,78.00,0.0600,0.9400,no
61a213bf-fed1-4d57-a91f-f171f6fd0d09,KXSECSTATE-26DEC31-RG,2024-11-12T16:22:47.180975Z,31.00,0.0600,0.9400,no
59142a5b-6e94-4386-9af0-3682a3a616f9,KXSECSTATE-26DEC31-RG,2024-11-12T16:22:44.441528Z,100.00,0.0600,0.9400,no
2afbbbc8-f6e6-4885-b574-2638ccc72c80,KXSECSTATE-26DEC31-RG,2024-11-12T16:07:50.373249Z,100.00,0.1100,0.8900,yes
e4f00771-4091-4c3d-9998-d30bb1893d58,KXSECSTATE-26DEC31-RG,2024-11-12T16:01:36.151775Z,162.00,0.0400,0.9600,no
f63e8995-f3e0-405d-95fa-76c3b0f9833c,KXSECSTATE-26DEC31-RG,2024-11-12T16:00:04.530369Z,81.00,0.0500,0.9500,yes
17ab12be-c529-478d-85b8-2d213256ca8d,KXSECSTATE-26DEC31-RG,2024-11-12T15:59:39.593915Z,19.00,0.0500,0.9500,yes
4bebb3c2-cde6-44d5-8da6-6da67676c053,KXSECSTATE-26DEC31-RG,2024-11-12T15:46:21.127976Z,4.00,0.1100,0.8900,yes
dbda410c-44e1-4e8f-9938-c6a9498d7104,KXSECSTATE-26DEC31-RG,2024-11-12T15:45:31.803478Z,106.00,0.1100,0.8900,yes
d86d3c32-18f8-4844-867b-4ab3808b0307,KXSECSTATE-26DEC31-RG,2024-11-12T15:44:28.054821Z,82.00,0.1100,0.8900,yes
94ae68f0-7d37-4326-aae1-ac5d285dee53,KXSECSTATE-26DEC31-RG,2024-11-12T15:44:28.054821Z,18.00,0.1100,0.8900,yes
6fa96516-fe34-4e40-b29f-8e153a5f7903,KXSECSTATE-26DEC31-RG,2024-11-12T15:37:37.698879Z,26.00,0.0300,0.9700,no
3a0efaa5-7f41-421d-b4e1-79f2dbc524cf,KXSECSTATE-26DEC31-RG,2024-11-12T15:37:37.698879Z,56.00,0.0400,0.9600,no
dc3d2215-29e4-4138-a824-b87ef2b33d04,KXSECSTATE-26DEC31-RG,2024-11-12T15:35:39.132047Z,25.00,0.0900,0.9100,yes
7f42b1a1-7bac-4bdb-b2ed-ffb7af1bd175,KXSECSTATE-26DEC31-RG,2024-11-12T15:35:39.132047Z,125.00,0.0900,0.9100,yes
1d70fb94-d63f-4bf1-93f6-166942cdd1c1,KXSECSTATE-26DEC31-RG,2024-11-12T15:23:02.462614Z,25.00,0.0400,0.9600,no
d886ce82-67fe-407a-8304-cc795f5dda39,KXSECSTATE-26DEC31-RG,2024-11-12T15:18:04.961644Z,392.00,0.1200,0.8800,yes
68a50acd-bd08-4374-accd-a1ed6161f55d,KXSECSTATE-26DEC31-RG,2024-11-12T15:17:35.805327Z,51.00,0.1200,0.8800,yes
139b0370-efd9-43de-b7ee-065bf86b6708,KXSECSTATE-26DEC31-RG,2024-11-12T15:17:35.805327Z,341.00,0.1200,0.8800,yes
70f578d4-0ed3-4779-b94e-18884a77e36f,KXSECSTATE-26DEC31-RG,2024-11-12T15:09:56.458313Z,19.00,0.1100,0.8900,yes
3f9767d7-0139-41e0-9a5e-f763ed836ef5,KXSECSTATE-26DEC31-RG,2024-11-12T15:09:56.458313Z,81.00,0.1200,0.8800,yes
9d51511b-572d-425a-91d8-f8628d25f5eb,KXSECSTATE-26DEC31-RG,2024-11-12T15:06:22.209848Z,43.00,0.0300,0.9700,no
f67ff77f-2a12-4d15-86bd-d398e3ad4b8e,KXSECSTATE-26DEC31-RG,2024-11-12T15:00:06.300207Z,408.00,0.0200,0.9800,no
0ab56938-5e47-4220-b39e-d2cb5a513e37,KXSECSTATE-26DEC31-RG,2024-11-12T15:00:06.300207Z,78.00,0.0300,0.9700,no
c907d610-6474-4d4c-997c-81bbd9ae70da,KXSECSTATE-26DEC31-RG,2024-11-12T14:57:53.938844Z,78.00,0.1200,0.8800,yes
ea2d9c73-74ea-49bf-94c3-2a111498666c,KXSECSTATE-26DEC31-RG,2024-11-12T14:43:07.332074Z,117.00,0.0700,0.9300,yes
98cd7d6b-dbe1-4bc5-9f37-4bb2eade9879,KXSECSTATE-26DEC31-RG,2024-11-12T14:43:07.332074Z,200.00,0.0800,0.9200,yes
758b67bb-4a34-4dbc-97b7-071dd8b35805,KXSECSTATE-26DEC31-RG,2024-11-12T14:43:07.332074Z,362.00,0.1300,0.8700,yes
02be6149-4dc9-4db1-88ac-3e81c92cc464,KXSECSTATE-26DEC31-RG,2024-11-12T14:43:07.332074Z,207.00,0.1100,0.8900,yes
dfc6b2d2-9e7d-4df7-bb71-089b9d577515,KXSECSTATE-26DEC31-RG,2024-11-12T14:40:28.427723Z,183.00,0.0700,0.9300,yes
8d0135ef-6276-4f17-b38c-684155b81316,KXSECSTATE-26DEC31-RG,2024-11-12T14:40:28.427723Z,60.00,0.0600,0.9400,yes
88581cab-d346-47c8-ac87-9271afa0d876,KXSECSTATE-26DEC31-RG,2024-11-12T14:38:56.660841Z,30.00,0.0300,0.9700,no
aa8d77dc-5818-4ae3-a5b7-762ccfb94986,KXSECSTATE-26DEC31-RG,2024-11-12T14:38:06.395853Z,30.00,0.0300,0.9700,no
84d73a49-2061-4399-817a-5cad51ad7121,KXSECSTATE-26DEC31-RG,2024-11-12T14:33:01.044094Z,57.00,0.0600,0.9400,yes
7d0e50f0-d277-4b82-b47d-121298f9b254,KXSECSTATE-26DEC31-RG,2024-11-12T14:33:01.044094Z,167.00,0.0700,0.9300,yes
3f9416ac-8164-4861-85ea-f3d229621df8,KXSECSTATE-26DEC31-RG,2024-11-12T14:30:39.784208Z,169.00,0.0600,0.9400,yes
33112d17-b613-42e0-8cc0-168c7225564d,KXSECSTATE-26DEC31-RG,2024-11-12T14:30:39.784208Z,143.00,0.0600,0.9400,yes
a49d4637-9d15-4266-ac61-92fa70168147,KXSECSTATE-26DEC31-RG,2024-11-12T14:27:45.497484Z,7.00,0.0200,0.9800,no
d760dd9b-0e36-4bce-a5fb-38398f799404,KXSECSTATE-26DEC31-RG,2024-11-12T14:02:40.459351Z,31.00,0.0600,0.9400,yes
c2c9199c-ecf5-47a1-9035-111f512eaf1c,KXSECSTATE-26DEC31-RG,2024-11-12T13:58:39.079853Z,264.00,0.0200,0.9800,no
a2b5380a-eec8-4b36-ab05-42189bd143e5,KXSECSTATE-26DEC31-RG,2024-11-12T13:58:39.079853Z,385.00,0.0100,0.9900,no
9b0036f7-4edc-473b-8749-47e410f69dcd,KXSECSTATE-26DEC31-RG,2024-11-12T13:58:39.079853Z,75.00,0.0200,0.9800,no
30e17fdd-858a-4735-9a6b-40c31821b771,KXSECSTATE-26DEC31-RG,2024-11-12T13:58:39.079853Z,231.00,0.0200,0.9800,no
20bd81bc-aa75-408f-903a-4c370bf7d526,KXSECSTATE-26DEC31-RG,2024-11-12T13:58:39.079853Z,20.00,0.0200,0.9800,no
1092a58f-a50c-45e3-bae0-f881915df2e8,KXSECSTATE-26DEC31-RG,2024-11-12T13:58:39.079853Z,10.00,0.0300,0.9700,no
287a5b93-1b0b-4df5-87af-d94eb0d1fb7f,KXSECSTATE-26DEC31-RG,2024-11-12T13:08:12.724744Z,10.00,0.0200,0.9800,no
ea2cb17e-2d58-4ed3-8442-abc2e1234008,KXSECSTATE-26DEC31-RG,2024-11-12T13:07:55.496204Z,25.00,0.0400,0.9600,no
2c926374-f343-4835-9fa8-dcfe41aa404c,KXSECSTATE-26DEC31-RG,2024-11-12T13:07:55.496204Z,376.00,0.0400,0.9600,no
be4e0d79-6c47-4c10-83af-7d6d8d5ddfbd,KXSECSTATE-26DEC31-RG,2024-11-12T07:24:14.917389Z,473.00,0.0500,0.9500,no
8bf2d3d1-c269-49c7-94f1-e10289fe8bab,KXSECSTATE-26DEC31-RG,2024-11-12T07:24:14.917389Z,24.00,0.0400,0.9600,no
2566e60e-dc1d-4af6-a19a-ddf3699bc422,KXSECSTATE-26DEC31-RG,2024-11-12T07:24:14.917389Z,174.00,0.0400,0.9600,no
133b3c9d-1de4-46a8-a2b8-bf24ffc8ab23,KXSECSTATE-26DEC31-RG,2024-11-12T07:18:16.28877Z,6.00,0.0500,0.9500,no
da2a197b-910a-4ae3-ad31-8aa6ebc4e0bb,KXSECSTATE-26DEC31-RG,2024-11-12T07:15:25.018215Z,50.00,0.0500,0.9500,no
71815386-8d2f-41d2-93fa-9dd54bbb74aa,KXSECSTATE-26DEC31-RG,2024-11-12T07:04:00.649693Z,13.00,0.0700,0.9300,yes
7a9e4bc5-4a13-4356-b4f7-6c3502092e3c,KXSECSTATE-26DEC31-RG,2024-11-12T07:03:49.480371Z,13.00,0.0700,0.9300,yes
b89e2830-114f-493d-b626-46501b102a5b,KXSECSTATE-26DEC31-RG,2024-11-12T06:45:47.572639Z,644.00,0.0500,0.9500,no
e48059c3-f172-4479-b81f-4963ac2acbcc,KXSECSTATE-26DEC31-RG,2024-11-12T06:39:11.452936Z,100.00,0.0700,0.9300,yes
a372b90a-3aad-4cc5-8693-c4facf5a33d1,KXSECSTATE-26DEC31-RG,2024-11-12T06:33:24.150021Z,16.00,0.0400,0.9600,no
0f3abf0e-6c76-4f80-b0f3-0040967875ed,KXSECSTATE-26DEC31-RG,2024-11-12T06:25:05.855157Z,5.00,0.0600,0.9400,yes
00c7cc5e-732f-4839-b30e-e7239b7cc8ee,KXSECSTATE-26DEC31-RG,2024-11-12T06:25:05.855157Z,37.00,0.0700,0.9300,yes
e5d91c63-0e75-4b8a-bf5b-8265f44bcffa,KXSECSTATE-26DEC31-RG,2024-11-12T06:13:10.341401Z,213.00,0.0500,0.9500,yes
a60f96a3-bc18-47c9-b253-62e2a94282c6,KXSECSTATE-26DEC31-RG,2024-11-12T06:13:10.341401Z,117.00,0.0600,0.9400,yes
6d995d17-66e9-47be-a2ad-1eb28cf88257,KXSECSTATE-26DEC31-RG,2024-11-12T06:13:10.341401Z,370.00,0.0700,0.9300,yes
0d6397c6-4699-4033-a924-46e22b547883,KXSECSTATE-26DEC31-RG,2024-11-12T06:03:54.161844Z,187.00,0.0500,0.9500,yes
2ada67a3-efb9-40a1-89dc-54508e774d43,KXSECSTATE-26DEC31-RG,2024-11-12T05:59:35.333714Z,141.00,0.0600,0.9400,yes
1986b84c-e629-4873-8c06-1698b76c7985,KXSECSTATE-26DEC31-RG,2024-11-12T05:59:35.333714Z,15.00,0.0600,0.9400,yes
155d78ba-6b73-4ff1-a5a5-326b9d5944c8,KXSECSTATE-26DEC31-RG,2024-11-12T05:51:31.210274Z,75.00,0.0400,0.9600,no
400fee01-5acb-4b08-802b-3e2f71547e74,KXSECSTATE-26DEC31-RG,2024-11-12T05:38:09.091669Z,20.00,0.0500,0.9500,no
60c1ca09-4566-4558-b421-c77fdb876cf9,KXSECSTATE-26DEC31-RG,2024-11-12T05:38:06.018174Z,5.00,0.0500,0.9500,no
f1ea854b-4497-42fd-a8ee-9baa0213d810,KXSECSTATE-26DEC31-RG,2024-11-12T05:32:25.481919Z,104.00,0.0900,0.9100,yes
0a91bd46-919e-4852-81cc-70b6d31f65cc,KXSECSTATE-26DEC31-RG,2024-11-12T05:25:39.534925Z,114.00,0.0900,0.9100,yes
6bc5b8a9-a6f0-43f3-b081-5784c9a08176,KXSECSTATE-26DEC31-RG,2024-11-12T05:14:25.019412Z,104.00,0.0400,0.9600,no
58ffb1d2-11ec-4299-b5a4-ab64d3f0036b,KXSECSTATE-26DEC31-RG,2024-11-12T05:13:50.725839Z,20.00,0.0400,0.9600,no
e9f92c23-e9ec-4df8-9e60-6cd63336f748,KXSECSTATE-26DEC31-RG,2024-11-12T05:12:49.503369Z,52.00,0.0900,0.9100,yes
bb12c646-634d-4d59-a02e-e832f5d932e4,KXSECSTATE-26DEC31-RG,2024-11-12T05:09:39.444807Z,1.00,0.0600,0.9400,no
772bf59d-7422-4259-beb5-07d5af578e1e,KXSECSTATE-26DEC31-RG,2024-11-12T05:09:33.94655Z,1.00,0.0600,0.9400,no
c14cf9e1-1a05-417a-94ab-59feb5c1250d,KXSECSTATE-26DEC31-RG,2024-11-12T05:09:27.561543Z,1.00,0.0600,0.9400,no
4e480e6a-16b0-4bbf-bb81-e01c05751d2c,KXSECSTATE-26DEC31-RG,2024-11-12T05:09:21.540814Z,1.00,0.0600,0.9400,no
2e51fade-c5a0-4d81-a9e5-5b7ae724f54f,KXSECSTATE-26DEC31-RG,2024-11-12T05:08:43.465493Z,278.00,0.0600,0.9400,no
0fb6910c-d978-408b-9ba0-227a5a94faa3,KXSECSTATE-26DEC31-RG,2024-11-12T05:06:26.611732Z,68.00,0.0900,0.9100,yes
95f4a3ce-acb9-4df9-b6f1-845d1ec95e87,KXSECSTATE-26DEC31-RG,2024-11-12T05:05:46.284349Z,104.00,0.0900,0.9100,yes
5c685a80-9153-4155-8bd0-7e9c49941d9a,KXSECSTATE-26DEC31-RG,2024-11-12T05:02:28.01302Z,94.00,0.1000,0.9000,yes
016dece6-78b7-46f7-9af6-e1732a5d8e9d,KXSECSTATE-26DEC31-RG,2024-11-12T05:01:52.520091Z,1.00,0.0600,0.9400,no
f1c268f5-c996-48fa-b68f-7e0146ab315b,KXSECSTATE-26DEC31-RG,2024-11-12T05:01:36.722672Z,5.00,0.0600,0.9400,no
0d9a0c56-4ef6-4be6-bf0e-a508953f648d,KXSECSTATE-26DEC31-RG,2024-11-12T05:00:08.901487Z,32.00,0.1000,0.9000,yes
4d5eec31-2a01-4a7e-b82f-9dbf1646e862,KXSECSTATE-26DEC31-RG,2024-11-12T05:00:03.273472Z,199.00,0.1000,0.9000,yes
46afaf95-14dd-438e-98d3-e39a0df85674,KXSECSTATE-26DEC31-RG,2024-11-12T05:00:03.273472Z,263.00,0.1000,0.9000,yes
ecef10bd-0b92-4ad7-af14-a555c74660a2,KXSECSTATE-26DEC31-RG,2024-11-12T04:59:38.360218Z,188.00,0.1000,0.9000,yes
b2b10a1f-f7b3-45ff-bb1a-700d12d15565,KXSECSTATE-26DEC31-RG,2024-11-12T04:59:19.947951Z,412.00,0.0600,0.9400,no
477e7dc8-bc22-403a-b3de-2498d36875be,KXSECSTATE-26DEC31-RG,2024-11-12T04:59:10.959734Z,235.00,0.1000,0.9000,yes
a4775159-e538-42e2-8b3c-e232785f2092,KXSECSTATE-26DEC31-RG,2024-11-12T04:59:04.867503Z,470.00,0.1000,0.9000,yes
2e4145d8-b91c-441c-9138-b95854a0a7cc,KXSECSTATE-26DEC31-RG,2024-11-12T04:58:39.606691Z,1.00,0.0700,0.9300,no
d76cecbf-182a-4483-bb93-c5816e16c690,KXSECSTATE-26DEC31-RG,2024-11-12T04:58:31.234715Z,1.00,0.0700,0.9300,no
409cad8a-1fbc-4bac-8a30-b446673c55c6,KXSECSTATE-26DEC31-RG,2024-11-12T04:58:19.600464Z,698.00,0.0700,0.9300,no
acaa3b6d-57cd-4206-8505-1245691af3b4,KXSECSTATE-26DEC31-RG,2024-11-12T04:54:39.218205Z,250.00,0.0600,0.9400,no
0496578d-5503-4116-a5a7-f156be454aa9,KXSECSTATE-26DEC31-RG,2024-11-12T04:54:39.218205Z,842.00,0.0600,0.9400,no
8a031c8f-b511-4f5d-9b64-f4cc84368d83,KXSECSTATE-26DEC31-RG,2024-11-12T04:53:44.759186Z,250.00,0.0700,0.9300,no
4e17989f-f9fc-4cab-9cc7-8383246093f7,KXSECSTATE-26DEC31-RG,2024-11-12T04:53:44.759186Z,200.00,0.0700,0.9300,no
b7228869-263d-4a2a-b037-54ca7f9240d4,KXSECSTATE-26DEC31-RG,2024-11-12T04:51:51.982452Z,5.00,0.1000,0.9000,yes
14c461cc-37da-42c4-b44b-edd2f136e5e0,KXSECSTATE-26DEC31-RG,2024-11-12T04:51:51.982452Z,88.00,0.1100,0.8900,yes
f8615526-ffe6-46f5-a097-1f2c0035da08,KXSECSTATE-26DEC31-RG,2024-11-12T04:49:09.067913Z,86.00,0.1000,0.9000,yes
2fbac327-62fd-4141-b37a-5189a3440abe,KXSECSTATE-26DEC31-RG,2024-11-12T04:49:09.067913Z,777.00,0.1100,0.8900,yes
3956a1b6-3b47-4fb0-b34d-4257a2c4d857,KXSECSTATE-26DEC31-RG,2024-11-12T04:44:56.343825Z,24.00,0.0500,0.9500,no
57d10352-5647-4017-b4ed-ed8137439527,KXSECSTATE-26DEC31-RG,2024-11-12T04:43:52.107256Z,20.00,0.0500,0.9500,no
42041ef8-c248-46cb-9b79-da4a7f740d70,KXSECSTATE-26DEC31-RG,2024-11-12T04:41:06.848658Z,614.00,0.1000,0.9000,yes
24b3337a-b58e-4657-a7d7-99cf1fa53912,KXSECSTATE-26DEC31-RG,2024-11-12T04:41:06.848658Z,420.00,0.0800,0.9200,yes
eee4b75f-b9f7-4735-b101-feaf0eee5d99,KXSECSTATE-26DEC31-RG,2024-11-12T04:37:44.653186Z,105.00,0.0400,0.9600,no
d91a2714-0076-4c80-bd3c-e3fbd501d798,KXSECSTATE-26DEC31-RG,2024-11-12T04:37:44.653186Z,300.00,0.0500,0.9500,no
ef0a6b5e-cd6e-41bf-a9a4-96b5f2963eb0,KXSECSTATE-26DEC31-RG,2024-11-12T04:33:45.648217Z,300.00,0.0500,0.9500,no
570f6464-7315-4eca-bc61-e79e32518e5b,KXSECSTATE-26DEC31-RG,2024-11-12T04:33:45.648217Z,100.00,0.0400,0.9600,no
1f39b584-c472-4607-8204-1b861d2d69d2,KXSECSTATE-26DEC31-RG,2024-11-12T04:24:27.132159Z,90.00,0.0400,0.9600,no
4d264815-1f06-46db-adea-8f634f0ba7c9,KXSECSTATE-26DEC31-RG,2024-11-12T04:23:07.896322Z,15.00,0.0400,0.9600,no
da8f16f9-5e2e-4e06-98d2-4dc4488afc1a,KXSECSTATE-26DEC31-RG,2024-11-12T04:21:55.94804Z,28.00,0.0400,0.9600,no
7175cb2a-cd32-4a8f-ad35-ca2887ce0210,KXSECSTATE-26DEC31-RG,2024-11-12T04:20:42.850844Z,1628.00,0.0400,0.9600,no
57606bf1-c77e-4465-90db-2fa367f25ef0,KXSECSTATE-26DEC31-RG,2024-11-12T04:14:49.758346Z,211.00,0.0800,0.9200,no
ee7785b8-97b0-47ba-bbc4-9a8749384b34,KXSECSTATE-26DEC31-RG,2024-11-12T04:14:03.268375Z,591.00,0.1000,0.9000,yes
db35e03d-d193-4b93-b6b6-0ecd122e5499,KXSECSTATE-26DEC31-RG,2024-11-12T04:14:03.268375Z,9.00,0.1000,0.9000,yes
d2fa8873-5a4a-4522-ae51-19d53bb3e092,KXSECSTATE-26DEC31-RG,2024-11-12T04:14:03.268375Z,50.00,0.1000,0.9000,yes
d1c12315-1d0d-418d-9273-0adb9d4981e8,KXSECSTATE-26DEC31-RG,2024-11-12T04:13:58.260087Z,7.00,0.1000,0.9000,yes
05ddbf78-b8c0-421f-9c90-b984be74c97c,KXSECSTATE-26DEC31-RG,2024-11-12T04:13:58.260087Z,200.00,0.0900,0.9100,yes
9983d513-df3f-4a84-8a68-eaaaf91a7fba,KXSECSTATE-26DEC31-RG,2024-11-12T04:13:08.552449Z,134.00,0.0800,0.9200,no
a784371a-a1fe-427e-b026-569782dbd702,KXSECSTATE-26DEC31-RG,2024-11-12T04:12:47.902036Z,47.00,0.1000,0.9000,yes
b91ea9c8-a98e-4fee-8654-574ed57baa13,KXSECSTATE-26DEC31-RG,2024-11-12T04:11:24.4446Z,287.00,0.1000,0.9000,yes
7fccf766-2b30-4884-b38b-3b041ea52450,KXSECSTATE-26DEC31-RG,2024-11-12T04:11:24.4446Z,43.00,0.0900,0.9100,yes
7f3075ab-8bc6-491f-951f-ace31f5a5704,KXSECSTATE-26DEC31-RG,2024-11-12T04:11:24.4446Z,200.00,0.0900,0.9100,yes
6160e9f7-ba1a-4895-b85f-e4fbc4e2c207,KXSECSTATE-26DEC31-RG,2024-11-12T04:11:24.4446Z,482.00,0.0900,0.9100,yes
bc45c6bb-482d-4b78-8677-1b00d299443d,KXSECSTATE-26DEC31-RG,2024-11-12T04:09:47.407802Z,170.00,0.0800,0.9200,no
24334ee7-0f56-40b3-ad6c-51da57cb3380,KXSECSTATE-26DEC31-RG,2024-11-12T04:08:48.025827Z,10.00,0.0800,0.9200,no
a914b1fd-71aa-4612-a901-cea93fbe30c2,KXSECSTATE-26DEC31-RG,2024-11-12T04:08:27.763091Z,475.00,0.0800,0.9200,yes
a0c25c6a-286b-4c37-b055-5db1a4239662,KXSECSTATE-26DEC31-RG,2024-11-12T04:06:48.41439Z,475.00,0.0900,0.9100,yes
4f0e3ffe-2558-46c1-af0f-068803c270bb,KXSECSTATE-26DEC31-RG,2024-11-12T04:05:38.998192Z,25.00,0.0800,0.9200,yes
560afcde-f596-479b-883b-e38e00136ce9,KXSECSTATE-26DEC31-RG,2024-11-12T04:04:38.011818Z,85.00,0.0600,0.9400,no
c3484a74-05e7-4bdf-b999-9fe1a48993e6,KXSECSTATE-26DEC31-RG,2024-11-12T04:03:41.69645Z,25.00,0.0600,0.9400,no
822757f5-58f5-4e0b-b929-6d7da51e999c,KXSECSTATE-26DEC31-RG,2024-11-12T04:00:53.287212Z,58.00,0.0800,0.9200,yes
9ffb73be-c812-4837-a017-fc8585658a2b,KXSECSTATE-26DEC31-RG,2024-11-12T03:59:26.232342Z,117.00,0.0800,0.9200,yes
f58c80ae-bfb2-4fc5-99ea-875879471e05,KXSECSTATE-26DEC31-RG,2024-11-12T03:37:41.799174Z,250.00,0.0700,0.9300,no
a9809d26-c6f4-4c7f-af93-ed4fe4346df3,KXSECSTATE-26DEC31-RG,2024-11-12T03:35:18.630563Z,43.00,0.0900,0.9100,yes
24f7b7b7-09c6-4b1c-a485-1cc3907c42e5,KXSECSTATE-26DEC31-RG,2024-11-12T03:32:00.670961Z,16.00,0.0600,0.9400,no
bc1299e0-c5d1-4068-9fb5-90488eb16490,KXSECSTATE-26DEC31-RG,2024-11-12T03:19:19.004897Z,179.00,0.0300,0.9700,no
a3e11a30-00a2-4309-8dc1-cf3d52e979fc,KXSECSTATE-26DEC31-RG,2024-11-12T03:18:36.843025Z,1000.00,0.0900,0.9100,yes
4eaabac0-6b49-4e11-af98-6ce21353a431,KXSECSTATE-26DEC31-RG,2024-11-12T03:18:36.843025Z,1000.00,0.0800,0.9200,yes
322b3898-6adc-4e94-8d8c-999e0931a5e3,KXSECSTATE-26DEC31-RG,2024-11-12T03:16:48.713581Z,193.00,0.0300,0.9700,no
c2af9500-3f7f-41cb-b1ff-450065e8f8ac,KXSECSTATE-26DEC31-RG,2024-11-12T03:13:22.321505Z,52.00,0.0800,0.9200,yes
70c62fb5-0f6d-4617-a225-f0579ffb608e,KXSECSTATE-26DEC31-RG,2024-11-12T03:13:22.321505Z,12.00,0.0400,0.9600,yes
4db512b3-c25c-4a1d-9db5-3faef8ea6c1e,KXSECSTATE-26DEC31-RG,2024-11-12T03:00:21.068697Z,150.00,0.0300,0.9700,no
991eae23-842a-4056-9d32-221b555d4149,KXSECSTATE-26DEC31-RG,2024-11-12T02:54:19.45754Z,1.00,0.0200,0.9800,no
cefc8cdc-38a1-418a-b602-25f316bb498f,KXSECSTATE-26DEC31-RG,2024-11-12T02:53:35.360459Z,25.00,0.0200,0.9800,no
d1aa12fb-09c5-4797-bc2d-faf8c6cf34ee,KXSECSTATE-26DEC31-RG,2024-11-12T02:53:34.330298Z,682.00,0.0500,0.9500,yes
00acf0c6-6b89-45dd-8b04-ed7a014cf4f6,KXSECSTATE-26DEC31-RG,2024-11-12T02:53:34.330298Z,319.00,0.0400,0.9600,yes
c92d72c3-5c6c-4338-9ee3-0e08f708c467,KXSECSTATE-26DEC31-RG,2024-11-12T02:52:48.978035Z,118.00,0.0500,0.9500,yes
803df5b9-7adf-4cc3-bf31-b35a585441dc,KXSECSTATE-26DEC31-RG,2024-11-12T02:52:48.978035Z,69.00,0.0500,0.9500,yes
4b3468b6-dfcf-4b4b-a8f4-270cd134746b,KXSECSTATE-26DEC31-RG,2024-11-12T02:47:32.923632Z,17.00,0.0600,0.9400,yes
57a553dd-9844-48c9-bcbc-4f4bf6a15c24,KXSECSTATE-26DEC31-RG,2024-11-12T02:43:54.215403Z,156.00,0.0600,0.9400,yes
a6e543a8-2af1-4e7a-a6a7-412212e533af,KXSECSTATE-26DEC31-RG,2024-11-12T02:35:36.987859Z,37.00,0.0300,0.9700,no
eb526d74-17ae-48d7-af5e-6dc8629f5c4f,KXSECSTATE-26DEC31-RG,2024-11-12T02:35:23.753079Z,29.00,0.0800,0.9200,yes
758d709f-2ba3-45d3-a3cf-a33550d307c6,KXSECSTATE-26DEC31-RG,2024-11-12T02:35:23.753079Z,10.00,0.0600,0.9400,yes
a7fb049f-12e9-48cc-bb90-96cc65af2f74,KXSECSTATE-26DEC31-RG,2024-11-12T02:22:10.178798Z,563.00,0.0300,0.9700,no
97f1b300-462b-402c-a768-5795bf2035f5,KXSECSTATE-26DEC31-RG,2024-11-12T02:22:00.663691Z,3.00,0.1000,0.9000,yes
3acaeaa3-bac7-4779-b3db-853cf9c92bb1,KXSECSTATE-26DEC31-RG,2024-11-12T02:21:50.989275Z,85.00,0.0200,0.9800,no
fcf1f2d6-7894-4c14-bec8-80e1fd8f781e,KXSECSTATE-26DEC31-RG,2024-11-12T02:21:02.369865Z,47.00,0.1000,0.9000,yes
b73fd019-2603-46f6-8e81-e545609aa27c,KXSECSTATE-26DEC31-RG,2024-11-12T02:20:49.776703Z,94.00,0.0300,0.9700,no
e04eb60e-2fff-4f52-94d7-d204e935e46d,KXSECSTATE-26DEC31-RG,2024-11-12T02:20:31.011434Z,85.00,0.0300,0.9700,no
5cab8886-0257-49fd-99a2-116d1e8019a1,KXSECSTATE-26DEC31-RG,2024-11-12T02:15:31.950235Z,10.00,0.0300,0.9700,no
47cc2d2c-797a-49b9-ba35-921c6e5335e4,KXSECSTATE-26DEC31-RG,2024-11-12T02:14:30.280126Z,8.00,0.0800,0.9200,yes
a9b8f9a7-90eb-40cc-921c-f23ff01f981e,KXSECSTATE-26DEC31-RG,2024-11-12T02:12:20.861223Z,20.00,0.0600,0.9400,no
45f55a12-cfa7-41fc-bc33-2301ae0d5dbf,KXSECSTATE-26DEC31-RG,2024-11-12T02:12:20.861223Z,24.00,0.0200,0.9800,no
105a463f-b373-4f1b-9b97-60884ae9cd9d,KXSECSTATE-26DEC31-RG,2024-11-12T02:12:20.861223Z,100.00,0.0300,0.9700,no
4620738e-1ea0-4e09-98f0-fbc7f7682994,KXSECSTATE-26DEC31-RG,2024-11-12T02:11:38.320734Z,130.00,0.0500,0.9500,yes
3a998c98-a9f9-4268-90b5-4df2472b09d0,KXSECSTATE-26DEC31-RG,2024-11-12T02:09:25.091749Z,55.00,0.0600,0.9400,yes
e7560071-c6d6-4372-92a9-e440ce427a2c,KXSECSTATE-26DEC31-RG,2024-11-12T02:08:43.424023Z,26.00,0.0500,0.9500,yes
519d6158-5dc9-42a0-bc11-87a98ff88af9,KXSECSTATE-26DEC31-RG,2024-11-12T02:08:43.424023Z,134.00,0.0600,0.9400,yes
a2a8ef24-5c32-479b-8b65-9bd4953797c3,KXSECSTATE-26DEC31-RG,2024-11-12T02:03:21.389168Z,25.00,0.0100,0.9900,no
4d2ee5e5-5ff4-49cf-9d0c-edaffa3fa201,KXSECSTATE-26DEC31-RG,2024-11-12T02:03:21.389168Z,149.00,0.0100,0.9900,no
9ccfbb5c-dc3a-46fa-80fd-ceda19b2bf8a,KXSECSTATE-26DEC31-RG,2024-11-12T02:02:08.387793Z,28.00,0.0500,0.9500,yes
ff06f562-f407-42af-a55e-aa1a1e075c0d,KXSECSTATE-26DEC31-RG,2024-11-12T01:57:55.621211Z,1.00,0.0100,0.9900,no
2b3dfb42-b1fc-41d6-a95b-74e63f430f90,KXSECSTATE-26DEC31-RG,2024-11-12T01:56:04.305336Z,37.00,0.0500,0.9500,yes
827452ca-fbb7-494d-a860-b337766319cf,KXSECSTATE-26DEC31-RG,2024-11-12T01:52:22.046231Z,35.00,0.0100,0.9900,no
a4b30ad4-062c-4eec-894a-eae1e9a77f60,KXSECSTATE-26DEC31-RG,2024-11-12T01:46:06.882135Z,439.00,0.0100,0.9900,no
11bfd77e-1bbd-4920-b29f-14efb2617fd3,KXSECSTATE-26DEC31-RG,2024-11-12T01:46:06.882135Z,63.00,0.0100,0.9900,no
69148952-73f2-4e30-8ba8-012028114d5c,KXSECSTATE-26DEC31-RG,2024-11-12T01:44:32.444188Z,104.00,0.0100,0.9900,no
c4d372d6-21b9-4c64-8e02-5cfbc69a8e02,KXSECSTATE-26DEC31-RG,2024-11-12T01:43:58.790153Z,24.00,0.0200,0.9800,no
1e867f79-9117-49b4-8d38-dd39be0bd4d1,KXSECSTATE-26DEC31-RG,2024-11-12T01:43:38.813431Z,125.00,0.0200,0.9800,no
2d0f34a2-288a-4ce7-a8bb-ac54c8636197,KXSECSTATE-26DEC31-RG,2024-11-12T01:43:24.261499Z,11.00,0.0200,0.9800,no
59945ca4-e1af-4acc-9bb6-e6fe4cf552b3,KXSECSTATE-26DEC31-RG,2024-11-12T01:40:03.181129Z,9.00,0.0500,0.9500,yes
40f92a91-ddde-4547-8bdb-a186b37f2920,KXSECSTATE-26DEC31-RG,2024-11-12T01:38:21.338301Z,164.00,0.0100,0.9900,no
fde04cc7-b58f-4522-875b-34f537d75a75,KXSECSTATE-26DEC31-RG,2024-11-12T01:38:02.908446Z,181.00,0.0100,0.9900,no
fa8a03e9-44ea-42fc-bdb1-69ae9560cd60,KXSECSTATE-26DEC31-RG,2024-11-12T01:38:02.908446Z,905.00,0.0100,0.9900,no
912a3887-5f9b-47fa-8ab1-3733a572e5a5,KXSECSTATE-26DEC31-RG,2024-11-12T01:38:02.908446Z,225.00,0.0100,0.9900,no
e99967f9-eca7-4b4c-af88-29dd3cc5a771,KXSECSTATE-26DEC31-RG,2024-11-12T01:37:54.923531Z,25.00,0.0100,0.9900,no
5e60e9ca-4c9b-4605-900e-1d7ba21c4aa2,KXSECSTATE-26DEC31-RG,2024-11-12T01:37:42.846435Z,17.00,0.0100,0.9900,no
ee4cf4e6-15ff-4783-944b-998c0f833bcf,KXSECSTATE-26DEC31-RG,2024-11-12T01:37:19.178351Z,53.00,0.0500,0.9500,yes
d1de76b3-f66b-492c-a8d3-167047d4bd03,KXSECSTATE-26DEC31-RG,2024-11-12T01:36:13.515209Z,81.00,0.0100,0.9900,no
2099d9b2-ec8e-4d61-b4f8-be0bcd91a1d4,KXSECSTATE-26DEC31-RG,2024-11-12T01:35:48.307298Z,291.00,0.0100,0.9900,no
40e1a030-4bde-4687-85d3-765c7364ef9b,KXSECSTATE-26DEC31-RG,2024-11-12T01:35:37.832294Z,781.00,0.0600,0.9400,yes
e83e03e9-11d5-43d1-a4ff-140169bc3b3e,KXSECSTATE-26DEC31-RG,2024-11-12T01:34:56.489096Z,111.00,0.0100,0.9900,no
353df56e-1ef1-41f9-b302-e71efe1ab3ba,KXSECSTATE-26DEC31-RG,2024-11-12T01:34:56.489096Z,628.00,0.0300,0.9700,no
f8342c9a-ed3a-49c6-99c2-03af4949a888,KXSECSTATE-26DEC31-RG,2024-11-12T01:34:52.117849Z,121.00,0.0300,0.9700,no
c2806c83-46e1-4a4f-9c8f-ec1950887b58,KXSECSTATE-26DEC31-RG,2024-11-12T01:34:44.80793Z,49.00,0.0300,0.9700,no
45164faa-2c22-496c-b070-ed09896461ac,KXSECSTATE-26DEC31-RG,2024-11-12T01:34:44.80793Z,1517.00,0.0300,0.9700,no
033cdc5e-5a59-4591-b541-6de8375418f8,KXSECSTATE-26DEC31-RG,2024-11-12T01:34:44.80793Z,13.00,0.0400,0.9600,no
f6417638-867d-4a79-b4f9-820145fbd0d3,KXSECSTATE-26DEC31-RG,2024-11-12T01:34:11.163452Z,500.00,0.0400,0.9600,no
32da6149-fbd5-4cf2-93a5-25536cdc580c,KXSECSTATE-26DEC31-RG,2024-11-12T01:32:29.793878Z,81.00,0.0300,0.9700,no
d017ec1e-2a44-482a-ad60-b3830a50ad0c,KXSECSTATE-26DEC31-RG,2024-11-12T01:31:39.044812Z,486.00,0.0300,0.9700,no
b9d02a7f-928c-4f3f-91a8-052af8a3ddb4,KXSECSTATE-26DEC31-RG,2024-11-12T01:30:11.591627Z,3506.00,0.0300,0.9700,no
5ca079fe-bb63-4a9c-9a2b-3237fc9238c9,KXSECSTATE-26DEC31-RG,2024-11-12T01:28:55.195646Z,10.00,0.0300,0.9700,no
0a9d0729-e960-4203-ae5b-4340a58dd517,KXSECSTATE-26DEC31-RG,2024-11-12T01:28:37.926114Z,429.00,0.0300,0.9700,no
eb18688a-07e3-4352-884a-42091a50aa02,KXSECSTATE-26DEC31-RG,2024-11-12T01:28:23.224464Z,8.00,0.0300,0.9700,no
5239a5fe-60fe-41dc-ac77-601b34036f43,KXSECSTATE-26DEC31-RG,2024-11-12T01:28:02.922443Z,26.00,0.0300,0.9700,no
a61171fa-792f-4c23-b4f5-a0afff6d0eeb,KXSECSTATE-26DEC31-RG,2024-11-12T01:27:53.46139Z,401.00,0.0300,0.9700,no
4d1306ab-7c5b-4db6-b6ac-a61f2ca02d85,KXSECSTATE-26DEC31-RG,2024-11-12T01:27:53.455901Z,401.00,0.0300,0.9700,no
f5186540-54fd-4f9c-91b8-031beb670201,KXSECSTATE-26DEC31-RG,2024-11-12T01:27:53.426677Z,401.00,0.0300,0.9700,no
55948821-0eab-4dad-9b4a-97cc195d1790,KXSECSTATE-26DEC31-RG,2024-11-12T01:27:39.397001Z,15.00,0.0300,0.9700,no
2cd24d4d-4726-44b5-a2c1-bbc936fb678a,KXSECSTATE-26DEC31-RG,2024-11-12T01:27:32.076709Z,36.00,0.0300,0.9700,no
9ac23f9a-fa99-4a45-ba23-3c72e8ff943e,KXSECSTATE-26DEC31-RG,2024-11-12T01:27:22.708047Z,17.00,0.0300,0.9700,no
143ca0a1-907a-447d-954b-a7efe626f71f,KXSECSTATE-26DEC31-RG,2024-11-12T01:26:43.151412Z,100.00,0.0300,0.9700,no
ae23a166-b0ea-4657-9558-1466d9920420,KXSECSTATE-26DEC31-RG,2024-11-12T01:26:33.082794Z,10.00,0.0300,0.9700,no
d5ee8bc0-87f8-4992-930a-0cb6476abff3,KXSECSTATE-26DEC31-RG,2024-11-12T01:26:25.11616Z,165.00,0.0300,0.9700,no
ff51667d-a727-45f6-be6f-1c882b9d0a30,KXSECSTATE-26DEC31-RG,2024-11-12T01:26:19.743559Z,314.00,0.0300,0.9700,no
cc9fc45a-a792-4015-8729-e0872ed9014e,KXSECSTATE-26DEC31-RG,2024-11-12T01:26:09.942396Z,41.00,0.0700,0.9300,yes
38742df8-5f75-4f16-b9a5-f317adb1a866,KXSECSTATE-26DEC31-RG,2024-11-12T01:26:09.942396Z,1000.00,0.0800,0.9200,yes
e719ed33-adf9-4799-8026-1a6cee46ad2d,KXSECSTATE-26DEC31-RG,2024-11-12T01:25:55.474821Z,55.00,0.0700,0.9300,yes
bcfd6e45-2583-4a1d-a4dc-ae05f1e8b550,KXSECSTATE-26DEC31-RG,2024-11-12T01:25:32.389731Z,4.00,0.0700,0.9300,yes
12cabae2-9a70-49c5-bd4a-fc2fbd5c871c,KXSECSTATE-26DEC31-RG,2024-11-12T01:24:52.370796Z,15.00,0.0100,0.9900,no
af0215db-066a-4e29-b957-53951da11ef2,KXSECSTATE-26DEC31-RG,2024-11-12T01:24:10.624556Z,1000.00,0.1000,0.9000,no
c77b9afd-2c04-41f9-b413-0d9fafe6cd57,KXSECSTATE-26DEC31-RG,2024-11-12T01:23:53.398851Z,585.00,0.2800,0.7200,yes
ac918c68-fdc2-4eb4-9fde-d2c5e213ed37,KXSECSTATE-26DEC31-RG,2024-11-12T01:23:53.398851Z,5.00,0.2900,0.7100,yes
8ceac3f1-a79a-4192-9ea3-564bc9228fe2,KXSECSTATE-26DEC31-RG,2024-11-12T01:23:53.398851Z,999.00,0.3100,0.6900,yes
27f4b070-35a5-439e-a0a2-0a705fdc4746,KXSECSTATE-26DEC31-RG,2024-11-12T01:23:53.398851Z,5.00,0.2900,0.7100,yes
a20d30d5-09cb-4ac3-b4c2-252d505d1967,KXSECSTATE-26DEC31-RG,2024-11-12T01:23:42.567009Z,300.00,0.1400,0.8600,no
43ac2ea5-4801-4f4c-bee0-908c6cff021c,KXSECSTATE-26DEC31-RG,2024-11-12T01:23:14.963913Z,5.00,0.2900,0.7100,no
fe910e95-c402-468c-9a05-fdba0b41d25d,KXSECSTATE-26DEC31-RG,2024-11-12T01:22:36.597647Z,1000.00,0.3100,0.6900,yes
01da4e47-db45-481f-adee-43a9a38a54a8,KXSECSTATE-26DEC31-RG,2024-11-12T01:22:36.561032Z,400.00,0.3100,0.6900,yes
fc2e2cb4-2e68-4741-a8c7-81fa91d29b6a,KXSECSTATE-26DEC31-RG,2024-11-12T01:22:33.287966Z,17.00,0.4300,0.5700,no
ccc5d944-15f1-48f8-9bcb-78c45a7c8977,KXSECSTATE-26DEC31-RG,2024-11-12T01:22:33.287966Z,39.00,0.4400,0.5600,no
b927a890-266a-409c-b9c2-914c78a1cf7a,KXSECSTATE-26DEC31-RG,2024-11-12T01:22:33.287966Z,1000.00,0.4300,0.5700,no
6ac2b8d4-a6a1-40e3-84af-eca2a595346d,KXSECSTATE-26DEC31-RG,2024-11-12T01:22:33.287966Z,3000.00,0.3800,0.6200,no
4c24c7f1-74ef-4dcf-95ed-db1d7d926304,KXSECSTATE-26DEC31-RG,2024-11-12T01:22:29.458719Z,139.00,0.4600,0.5400,no
1f2d90a1-e2e3-4291-b4ac-a869214838a0,KXSECSTATE-26DEC31-RG,2024-11-12T01:22:29.458719Z,461.00,0.4400,0.5600,no
e6a386cb-122b-4798-a318-53efe6d3615c,KXSECSTATE-26DEC31-RG,2024-11-12T01:22:17.31113Z,411.00,0.4800,0.5200,no
c7e1b440-6bf5-41ea-b6cc-cdf2c49d0896,KXSECSTATE-26DEC31-RG,2024-11-12T01:22:17.31113Z,143.00,0.4700,0.5300,no
33ff0917-01ea-4ee8-8688-2b3ae9ba559e,KXSECSTATE-26DEC31-RG,2024-11-12T01:22:17.31113Z,112.00,0.5200,0.4800,no
17e41368-91df-4ee0-b614-a101dab0dc0e,KXSECSTATE-26DEC31-RG,2024-11-12T01:22:17.31113Z,500.00,0.4800,0.5200,no
ddaa0cfd-726d-4cce-89ce-79dd62a673ca,KXSECSTATE-26DEC31-RG,2024-11-12T01:22:07.545837Z,323.00,0.5500,0.4500,no
aa57adf1-ef92-4b90-80cf-d89fc7349e80,KXSECSTATE-26DEC31-RG,2024-11-12T01:21:56.554341Z,500.00,0.5500,0.4500,no
be921a70-bc03-42dd-80fd-b13d5c2e6320,KXSECSTATE-26DEC31-RG,2024-11-12T01:10:39.268955Z,1.00,0.5500,0.4500,no
dc494061-2c4b-4052-865d-47006fee07d0,KXSECSTATE-26DEC31-RG,2024-11-12T00:56:18.706345Z,76.00,0.5500,0.4500,no
bc139f5a-2705-46d4-9c2d-e9110f5096ba,KXSECSTATE-26DEC31-RG,2024-11-12T00:56:18.706345Z,11.00,0.5600,0.4400,no
453ab094-864a-40c2-84ba-af12bb38c4ec,KXSECSTATE-26DEC31-RG,2024-11-12T00:56:18.706345Z,13.00,0.5500,0.4500,no
ce73c510-4bf2-4755-975d-5df25ad5a9b0,KXSECSTATE-26DEC31-RG,2024-11-12T00:54:23.021862Z,5.00,0.5600,0.4400,no
6691364f-4bac-43de-bc9f-af5c0c7abe8f,KXSECSTATE-26DEC31-RG,2024-11-12T00:45:58.259027Z,161.00,0.5900,0.4100,yes
f9875a5b-c8ba-459e-af37-52589ca642d5,KXSECSTATE-26DEC31-RG,2024-11-12T00:45:55.577557Z,84.00,0.5600,0.4400,yes
1b48e0cf-6b35-4c26-9c92-b9d779fc9247,KXSECSTATE-26DEC31-RG,2024-11-12T00:41:18.655451Z,500.00,0.5600,0.4400,yes
0d6ea67d-f3d7-4535-b770-e266159e0566,KXSECSTATE-26DEC31-RG,2024-11-12T00:28:43.345954Z,8.00,0.5600,0.4400,yes
4ea17a5f-f591-46a2-83dc-9f2bace4ef3c,KXSECSTATE-26DEC31-RG,2024-11-12T00:24:37.221499Z,58.00,0.5400,0.4600,no
33bf42da-74ac-4e1f-9804-65cc94029731,KXSECSTATE-26DEC31-RG,2024-11-12T00:24:37.221499Z,90.00,0.5500,0.4500,no
0e2821a6-588a-4620-9d2f-f5c02a0ceb0f,KXSECSTATE-26DEC31-RG,2024-11-12T00:23:51.555545Z,100.00,0.5600,0.4400,yes
fb05208e-4a8e-42a8-8c4b-2f0ca2b54b3f,KXSECSTATE-26DEC31-RG,2024-11-12T00:23:38.106578Z,100.00,0.5600,0.4400,yes
ba14d0de-5108-4050-b4d8-a90f42fa2571,KXSECSTATE-26DEC31-RG,2024-11-12T00:23:29.858607Z,100.00,0.5600,0.4400,yes
08003de3-734a-4a47-932d-1b0cffd22e0d,KXSECSTATE-26DEC31-RG,2024-11-12T00:23:20.33063Z,100.00,0.5600,0.4400,yes
a37eef07-9541-453b-9a2b-fcb164c0d35d,KXSECSTATE-26DEC31-RG,2024-11-12T00:23:13.829803Z,100.00,0.5600,0.4400,yes
b1bc8ec2-9a9c-49d8-9efb-f912ccd0ad76,KXSECSTATE-26DEC31-RG,2024-11-12T00:21:33.006736Z,417.00,0.5600,0.4400,yes
accea2c5-7ca8-4a8b-9762-f38864992327,KXSECSTATE-26DEC31-RG,2024-11-12T00:20:37.473937Z,491.00,0.5600,0.4400,no
dcad3545-1c4d-4ea2-862b-b51ff66b9906,KXSECSTATE-26DEC31-RG,2024-11-12T00:17:53.661423Z,43.00,0.5600,0.4400,no
46d7811f-2d23-4179-a02e-718bea6e2166,KXSECSTATE-26DEC31-RG,2024-11-12T00:08:03.908636Z,82.00,0.5900,0.4100,yes
e0624705-d50d-4c2c-b70c-391ba1195921,KXSECSTATE-26DEC31-RG,2024-11-11T23:55:02.497557Z,2.00,0.5800,0.4200,no
c4926d45-3ad3-43b5-a3e1-50b1480d0c34,KXSECSTATE-26DEC31-RG,2024-11-11T23:55:02.497557Z,100.00,0.5700,0.4300,no
82ad370d-580d-4b44-bb85-277399fb5971,KXSECSTATE-26DEC31-RG,2024-11-11T23:55:02.497557Z,10.00,0.5500,0.4500,no
2899196d-f740-4667-9225-70a72aad9842,KXSECSTATE-26DEC31-RG,2024-11-11T23:55:02.497557Z,10.00,0.5700,0.4300,no
3f33c776-83de-478a-8377-b5d9d8e1b095,KXSECSTATE-26DEC31-RG,2024-11-11T23:49:04.573278Z,25.00,0.5900,0.4100,yes
f79e5620-14d3-4667-9dc6-440069fb2784,KXSECSTATE-26DEC31-RG,2024-11-11T23:31:57.059998Z,32.00,0.5900,0.4100,yes
83bef91c-0b06-45f4-8c04-45be218add9b,KXSECSTATE-26DEC31-RG,2024-11-11T23:22:56.585344Z,82.00,0.5900,0.4100,yes
a62435b2-c980-4e24-803f-e04a241e218e,KXSECSTATE-26DEC31-RG,2024-11-11T23:16:50.390297Z,247.00,0.5900,0.4100,yes
89e20abe-e1fa-427a-9bb3-58dd6022fb57,KXSECSTATE-26DEC31-RG,2024-11-11T23:10:39.07461Z,78.00,0.6100,0.3900,yes
6f54f8f6-c6fb-4b01-ab2c-a7964c7a3f9d,KXSECSTATE-26DEC31-RG,2024-11-11T23:10:39.07461Z,161.00,0.6100,0.3900,yes
1db3c333-34c0-404f-8231-3211dc6faaa5,KXSECSTATE-26DEC31-RG,2024-11-11T23:06:09.60665Z,4.00,0.5800,0.4200,no
d9463c6a-836c-49c6-a104-7674933dc8c8,KXSECSTATE-26DEC31-RG,2024-11-11T22:48:18.313816Z,151.00,0.6000,0.4000,yes
81c9e244-5d6b-4990-a6b3-d4f5a1ce8f2e,KXSECSTATE-26DEC31-RG,2024-11-11T22:48:18.313816Z,11.00,0.6000,0.4000,yes
b31cf1b2-5669-4867-bd43-759e6c39f49d,KXSECSTATE-26DEC31-RG,2024-11-11T22:27:39.883396Z,19.00,0.5800,0.4200,no
aaefd1f4-ef0f-4444-9068-491a018c5902,KXSECSTATE-26DEC31-RG,2024-11-11T22:27:33.606825Z,1.00,0.6000,0.4000,yes
2cbee741-c0f2-4da7-8de6-ac54c2660119,KXSECSTATE-26DEC31-RG,2024-11-11T22:27:04.829643Z,8.00,0.6000,0.4000,yes
d87ee29f-7678-4b1a-a506-f82d92b12f26,KXSECSTATE-26DEC31-RG,2024-11-11T22:11:03.629227Z,210.00,0.6000,0.4000,yes
ad3d7a50-12bc-4efc-8132-c5c0440f90f0,KXSECSTATE-26DEC31-RG,2024-11-11T22:11:03.629227Z,276.00,0.6000,0.4000,yes
c5487990-4c0e-4c94-9cb6-44d2e6400a16,KXSECSTATE-26DEC31-RG,2024-11-11T22:06:39.819805Z,102.00,0.6000,0.4000,yes
b1761c66-5e46-4643-b9ef-4987a317f7be,KXSECSTATE-26DEC31-RG,2024-11-11T22:02:31.284956Z,25.00,0.5900,0.4100,yes
403b6eaf-1cb7-4880-8b06-d0db9edcba84,KXSECSTATE-26DEC31-RG,2024-11-11T22:02:31.284956Z,32.00,0.6000,0.4000,yes
e46b1da2-fce4-4c19-b542-0ba412548c4c,KXSECSTATE-26DEC31-RG,2024-11-11T21:53:06.535789Z,25.00,0.5900,0.4100,yes
7ad5c6f4-afd8-4783-ab1d-1945705c828c,KXSECSTATE-26DEC31-RG,2024-11-11T21:53:06.535789Z,623.00,0.6000,0.4000,yes
ac3acc53-e4dd-4378-a04f-c8e07c74115e,KXSECSTATE-26DEC31-RG,2024-11-11T21:51:46.700661Z,381.00,0.6000,0.4000,yes
9ba83bc1-73fd-4622-a1a7-637401923a96,KXSECSTATE-26DEC31-RG,2024-11-11T21:51:46.700661Z,25.00,0.5800,0.4200,yes
8986ae20-b7c5-4616-8ad0-3b967dca58c2,KXSECSTATE-26DEC31-RG,2024-11-11T21:51:46.700661Z,300.00,0.5900,0.4100,yes
6c5a41a3-3502-46ce-90e0-2e2a4a3a0c5b,KXSECSTATE-26DEC31-RG,2024-11-11T21:51:46.700661Z,50.00,0.5900,0.4100,yes
3c72b51d-0755-4d41-9260-097daacdc739,KXSECSTATE-26DEC31-RG,2024-11-11T21:51:46.700661Z,100.00,0.5900,0.4100,yes
797d1205-1de2-40fc-a1a3-ef24a57a4672,KXSECSTATE-26DEC31-RG,2024-11-11T21:33:58.674369Z,121.00,0.5900,0.4100,yes
e8d3fc8e-03b3-45d0-bf41-768726824fcf,KXSECSTATE-26DEC31-RG,2024-11-11T21:31:05.618928Z,25.00,0.5800,0.4200,yes
60f0582f-474c-49a8-b37b-fd2c16574a86,KXSECSTATE-26DEC31-RG,2024-11-11T21:31:05.618928Z,140.00,0.5900,0.4100,yes
5b8176fd-d44f-47fc-bd2f-931b1e590af4,KXSECSTATE-26DEC31-RG,2024-11-11T21:27:56.599074Z,66.00,0.5300,0.4700,no
33ec0e73-f250-444e-ab4e-a903b9c17b7b,KXSECSTATE-26DEC31-RG,2024-11-11T21:27:56.599074Z,36.00,0.5300,0.4700,no
16b7889c-cdd7-441b-8b00-e61d0b5dd000,KXSECSTATE-26DEC31-RG,2024-11-11T21:26:17.696078Z,81.00,0.6000,0.4000,yes
83a350dc-a9f3-41d9-bcdb-2047cfc2a88c,KXSECSTATE-26DEC31-RG,2024-11-11T21:21:32.584908Z,114.00,0.5700,0.4300,yes
26c239b0-09ad-4fe5-aed4-07f318927b89,KXSECSTATE-26DEC31-RG,2024-11-11T21:21:32.555077Z,159.00,0.5600,0.4400,yes
1a421b9a-437f-4d3c-9a3f-d03e2264de22,KXSECSTATE-26DEC31-RG,2024-11-11T21:20:24.529629Z,141.00,0.5600,0.4400,yes
924a251e-cd3c-4d33-b4a3-bd9e876681c7,KXSECSTATE-26DEC31-RG,2024-11-11T21:20:12.909044Z,35.00,0.5500,0.4500,yes
10b02090-f9ff-4d42-851c-9aa6b7d7f058,KXSECSTATE-26DEC31-RG,2024-11-11T21:20:12.909044Z,4.00,0.5500,0.4500,yes
9be90a3d-d41b-440f-982a-d1180a633d08,KXSECSTATE-26DEC31-RG,2024-11-11T21:14:56.915596Z,35.00,0.5500,0.4500,yes
fe938641-8673-4b65-b4e3-51fadba1d3b7,KXSECSTATE-26DEC31-RG,2024-11-11T20:56:36.078449Z,26.00,0.5500,0.4500,yes
c9519228-5c1c-497b-84a1-7ff8b283fb8c,KXSECSTATE-26DEC31-RG,2024-11-11T20:35:05.586994Z,34.00,0.5700,0.4300,yes
1f745cab-6674-4999-a251-af92b092f57c,KXSECSTATE-26DEC31-RG,2024-11-11T20:35:05.586994Z,395.00,0.5700,0.4300,yes
e0c701f5-b14d-457e-8592-172dbcbd6534,KXSECSTATE-26DEC31-RG,2024-11-11T20:34:44.781363Z,16.00,0.5700,0.4300,yes
9c57e137-9011-4f5d-98e1-69d691284aae,KXSECSTATE-26DEC31-RG,2024-11-11T20:34:44.781363Z,35.00,0.5500,0.4500,yes
76e1fcab-9c71-4203-915b-b86f8d017745,KXSECSTATE-26DEC31-RG,2024-11-11T20:34:44.781363Z,23.00,0.5400,0.4600,yes
1561eba0-cb41-465a-a77a-459ed3f79dea,KXSECSTATE-26DEC31-RG,2024-11-11T20:34:44.781363Z,100.00,0.5600,0.4400,yes
8fdf8713-f800-4187-92f3-ca2f36e0ada1,KXSECSTATE-26DEC31-RG,2024-11-11T20:33:46.603669Z,10.00,0.5400,0.4600,yes
57cad6d2-a3a5-4280-b79d-2a5dbb301061,KXSECSTATE-26DEC31-RG,2024-11-11T20:29:01.162328Z,145.00,0.5400,0.4600,yes
a765ad01-97bf-4ae8-95a5-7d662655041f,KXSECSTATE-26DEC31-RG,2024-11-11T20:27:17.206173Z,15.00,0.5500,0.4500,yes
587675f8-0e11-4577-8b15-d4e7b24de774,KXSECSTATE-26DEC31-RG,2024-11-11T20:27:17.206173Z,50.00,0.5500,0.4500,yes
5b64f72e-e23c-47a2-9095-fe637510699d,KXSECSTATE-26DEC31-RG,2024-11-11T20:26:42.02569Z,24.00,0.5400,0.4600,yes
16cccfa0-04c1-48cc-bdc1-eaa0b4a421b6,KXSECSTATE-26DEC31-RG,2024-11-11T20:22:43.37121Z,491.00,0.5100,0.4900,no
89e2d436-5d44-488e-b694-af9e50121bce,KXSECSTATE-26DEC31-RG,2024-11-11T19:52:39.358998Z,25.00,0.5500,0.4500,yes
4f755fe0-1719-4fc1-acdb-f1ea97bc9eb0,KXSECSTATE-26DEC31-RG,2024-11-11T19:52:31.633148Z,100.00,0.5400,0.4600,yes
34cd014b-6392-4c4f-a418-a6efefe68e2c,KXSECSTATE-26DEC31-RG,2024-11-11T19:52:31.633148Z,25.00,0.5400,0.4600,yes
762d1e95-e1a8-41a6-9d2f-80f8b95d2d01,KXSECSTATE-26DEC31-RG,2024-11-11T19:40:28.373652Z,254.00,0.4900,0.5100,no
72bdb62d-a484-4fa1-a41b-3816c2180c1e,KXSECSTATE-26DEC31-RG,2024-11-11T19:15:15.273474Z,139.00,0.5200,0.4800,no
c73ff5fc-8f6a-4b96-b3e1-dde0e3f020a0,KXSECSTATE-26DEC31-RG,2024-11-11T19:13:56.138605Z,1.00,0.4600,0.5400,no
96d02503-e9b5-4f6f-9138-3514f92465f1,KXSECSTATE-26DEC31-RG,2024-11-11T19:13:56.138605Z,43.00,0.4800,0.5200,no
f216a4a0-dc5d-4b94-b6b6-fbcd499a50a4,KXSECSTATE-26DEC31-RG,2024-11-11T19:00:54.672339Z,100.00,0.5000,0.5000,no
d5e1244a-f01f-435a-bc04-ca5837c744d6,KXSECSTATE-26DEC31-RG,2024-11-11T19:00:54.672339Z,456.00,0.4900,0.5100,no
04ce10e2-f166-46dd-bc36-76a65cfebe5c,KXSECSTATE-26DEC31-RG,2024-11-11T19:00:54.672339Z,300.00,0.5000,0.5000,no
28c38824-1fe3-4249-8305-c605baa90be3,KXSECSTATE-26DEC31-RG,2024-11-11T18:20:55.103809Z,161.00,0.5300,0.4700,no
449ca886-e00c-4efe-8749-307f2dcf0698,KXSECSTATE-26DEC31-RG,2024-11-11T18:16:31.46276Z,121.00,0.5900,0.4100,yes
073fb29e-20d5-4172-b6fa-386b2d34dd25,KXSECSTATE-26DEC31-RG,2024-11-11T18:16:31.46276Z,43.00,0.6000,0.4000,yes
e2480515-840d-49c3-bb2e-960d92da860c,KXSECSTATE-26DEC31-RG,2024-11-11T18:13:22.148203Z,200.00,0.5800,0.4200,yes
1fbf83ed-bc87-4bb8-b8f2-992af7d7d78b,KXSECSTATE-26DEC31-RG,2024-11-11T18:13:22.148203Z,18.00,0.5900,0.4100,yes
055ae684-a1e5-4567-845f-132bf3bf3e62,KXSECSTATE-26DEC31-RG,2024-11-11T18:13:22.148203Z,472.00,0.5900,0.4100,yes
f54ccaf3-f48c-459c-8a4d-c75e6d421bc1,KXSECSTATE-26DEC31-RG,2024-11-11T17:56:00.182315Z,43.00,0.5600,0.4400,yes
d5772546-8fb0-4c12-a1ea-f70133c1cc36,KXSECSTATE-26DEC31-RG,2024-11-11T17:43:04.540462Z,35.00,0.5800,0.4200,yes
c0ca67ec-16a1-4a23-b704-0181652845d1,KXSECSTATE-26DEC31-RG,2024-11-11T17:43:04.540462Z,7.00,0.5900,0.4100,yes
966d41bf-e75a-4ce4-98a1-db6f88d54056,KXSECSTATE-26DEC31-RG,2024-11-11T17:43:04.540462Z,13.00,0.5700,0.4300,yes
4de9537c-0934-447d-a1ce-10cd04d19329,KXSECSTATE-26DEC31-RG,2024-11-11T17:43:04.540462Z,13.00,0.5800,0.4200,yes
14fd32e1-0949-444b-8669-73d9c0970e38,KXSECSTATE-26DEC31-RG,2024-11-11T17:43:04.540462Z,17.00,0.5900,0.4100,yes
693750ca-f856-4b63-a33f-0280024d7d5e,KXSECSTATE-26DEC31-RG,2024-11-11T17:28:57.293367Z,4.00,0.5400,0.4600,no
7ea7baab-acbb-40ed-9f04-71b5c351bcc8,KXSECSTATE-26DEC31-RG,2024-11-11T17:22:21.842359Z,82.00,0.5100,0.4900,no
6500a154-8676-4df6-b6d9-ef867bf456e0,KXSECSTATE-26DEC31-RG,2024-11-11T17:22:21.842359Z,218.00,0.5300,0.4700,no
a4122ca3-5dcf-409b-96ea-e12075a7b23f,KXSECSTATE-26DEC31-RG,2024-11-11T17:21:05.701638Z,500.00,0.5500,0.4500,no
33cc9979-f5c8-4737-96a4-63f34a8d8103,KXSECSTATE-26DEC31-RG,2024-11-11T17:21:05.701638Z,200.00,0.5400,0.4600,no
0929b625-fa85-4962-9819-b07934cb042f,KXSECSTATE-26DEC31-RG,2024-11-11T17:21:05.701638Z,100.00,0.5500,0.4500,no
f8505af3-405b-4c5b-a1cc-36567e3d9d9e,KXSECSTATE-26DEC31-RG,2024-11-11T17:16:42.056407Z,300.00,0.5600,0.4400,no
ec7849b9-612a-491d-8bb4-bda55ebc1f73,KXSECSTATE-26DEC31-RG,2024-11-11T17:16:42.056407Z,500.00,0.5600,0.4400,no
9b3d74eb-fc46-4f0c-8c44-b817e1660923,KXSECSTATE-26DEC31-RG,2024-11-11T17:16:42.056407Z,100.00,0.5600,0.4400,no
93144319-7e06-4795-bd37-c5f16e68194d,KXSECSTATE-26DEC31-RG,2024-11-11T17:16:42.056407Z,100.00,0.5500,0.4500,no
88d59d0c-ea81-490b-ac69-72fef9734e35,KXSECSTATE-26DEC31-RG,2024-11-11T17:16:42.056407Z,100.00,0.5600,0.4400,no
7425730d-b641-4fed-adba-aec88cddd834,KXSECSTATE-26DEC31-RG,2024-11-11T17:16:42.056407Z,200.00,0.5600,0.4400,no
956658a9-22a8-41c2-975a-e9241c5cc79b,KXSECSTATE-26DEC31-RG,2024-11-11T17:09:11.464821Z,10.00,0.5800,0.4200,yes
3297c597-1305-47aa-a56a-726cb79f485f,KXSECSTATE-26DEC31-RG,2024-11-11T17:01:31.159418Z,55.00,0.5700,0.4300,no
52f16d1e-30fa-4fa4-a8c1-bec6b67d8e2a,KXSECSTATE-26DEC31-RG,2024-11-11T16:58:09.269173Z,486.00,0.6000,0.4000,yes
e30e22d2-567b-4100-bd8f-3725d7a49dc7,KXSECSTATE-26DEC31-RG,2024-11-11T16:27:40.44784Z,81.00,0.6000,0.4000,yes
bd786db0-45db-4971-8211-62d24e22f809,KXSECSTATE-26DEC31-RG,2024-11-11T15:49:02.510838Z,13.00,0.5900,0.4100,yes
9c5e22cb-7493-4417-8ecd-cd50b4429354,KXSECSTATE-26DEC31-RG,2024-11-11T15:49:02.510838Z,5.00,0.5800,0.4200,yes
94e138ad-0a28-412d-a827-3716d03b0bd4,KXSECSTATE-26DEC31-RG,2024-11-11T15:49:02.510838Z,387.00,0.6000,0.4000,yes
6fa1e6c2-6c3e-46ff-9ae7-4e24658b5d04,KXSECSTATE-26DEC31-RG,2024-11-11T15:13:34.357132Z,13.00,0.5800,0.4200,yes
2f75b127-8557-451c-a2e0-58702a0994ce,KXSECSTATE-26DEC31-RG,2024-11-11T15:13:34.357132Z,21.00,0.5900,0.4100,yes
22eb6ccb-87aa-44ce-a3e3-a7cb83e7ad64,KXSECSTATE-26DEC31-RG,2024-11-11T14:23:20.452555Z,209.00,0.5600,0.4400,no
d34959a3-6a6f-46d6-ab43-a0a64d0182b0,KXSECSTATE-26DEC31-RG,2024-11-11T14:14:30.525769Z,39.00,0.5600,0.4400,no
c09df6b3-2aa8-4fa2-8963-fd5234dd91d1,KXSECSTATE-26DEC31-RG,2024-11-11T14:11:17.144731Z,400.00,0.5600,0.4400,no
5971a3c2-737c-4928-b5aa-2fb542529550,KXSECSTATE-26DEC31-RG,2024-11-11T14:11:17.144731Z,73.00,0.5600,0.4400,no
f16ab728-8ef7-47cb-8199-ace0f80ecd2b,KXSECSTATE-26DEC31-RG,2024-11-11T13:36:48.575032Z,24.00,0.6000,0.4000,yes
7f89ad48-fa53-47ce-baa8-a1cd6ca5237c,KXSECSTATE-26DEC31-RG,2024-11-11T13:36:16.984124Z,550.00,0.6000,0.4000,yes
34e8ebb9-2647-4884-81e9-48c20fd63f63,KXSECSTATE-26DEC31-RG,2024-11-11T13:36:16.984124Z,13.00,0.6000,0.4000,yes
bb6aba5e-bd7b-4230-8293-2a882fcbeda4,KXSECSTATE-26DEC31-RG,2024-11-11T07:23:42.62899Z,137.00,0.6000,0.4000,yes
84864641-f806-4c66-a460-20b6ccbd56b4,KXSECSTATE-26DEC31-RG,2024-11-11T07:14:18.612002Z,566.00,0.5900,0.4100,no
1994d667-4d2e-4062-909c-80b94da93193,KXSECSTATE-26DEC31-RG,2024-11-11T07:14:18.612002Z,127.00,0.5600,0.4400,no
dba5dc17-744e-4271-95bf-dcfb8ac216a5,KXSECSTATE-26DEC31-RG,2024-11-11T07:13:45.641214Z,468.00,0.5900,0.4100,no
93291a6a-ffac-4378-89ea-4122e58505be,KXSECSTATE-26DEC31-RG,2024-11-11T07:10:14.351987Z,12.00,0.5900,0.4100,no
578e2c28-a96f-4f18-83bd-3800eab14b6b,KXSECSTATE-26DEC31-RG,2024-11-11T07:07:20.803338Z,1.00,0.5900,0.4100,no
865b60ed-1235-43a1-a2f3-79f7473d179c,KXSECSTATE-26DEC31-RG,2024-11-11T07:06:57.213779Z,1.00,0.5900,0.4100,no
a69fe803-ffb0-4674-86db-47311ef8bade,KXSECSTATE-26DEC31-RG,2024-11-11T07:06:40.991558Z,1.00,0.5900,0.4100,no
f8ed8422-689b-4cef-ae08-566f0d6ddb07,KXSECSTATE-26DEC31-RG,2024-11-11T06:37:12.576056Z,500.00,0.5900,0.4100,no
3a774848-7d25-4da9-ab2a-5e5b1c10a19f,KXSECSTATE-26DEC31-RG,2024-11-11T06:36:18.030225Z,2.00,0.6200,0.3800,yes
beb44a4a-2955-489f-8797-26c364e2cfc3,KXSECSTATE-26DEC31-RG,2024-11-11T06:29:48.844473Z,101.00,0.5900,0.4100,no
668c9b3f-dfff-4418-9b03-cbe7f1f3d3cc,KXSECSTATE-26DEC31-RG,2024-11-11T06:19:32.349283Z,80.00,0.6300,0.3700,yes
d48be31d-b38b-4eba-ba61-b0f0dca09eaf,KXSECSTATE-26DEC31-RG,2024-11-11T05:10:23.932981Z,3.00,0.6400,0.3600,yes
38cf4e17-b9ba-4c07-9d78-a3dbad51ecda,KXSECSTATE-26DEC31-RG,2024-11-11T05:10:23.932981Z,7.00,0.6400,0.3600,yes
09456fe0-9f00-40dc-8571-f8fd947dd411,KXSECSTATE-26DEC31-RG,2024-11-11T05:09:31.729466Z,20.00,0.6300,0.3700,yes
7f24627f-7e7a-4fdc-afde-a1637b1ed4f6,KXSECSTATE-26DEC31-RG,2024-11-11T05:08:09.670267Z,7.00,0.6400,0.3600,yes
a3b3bb48-368c-4882-83fe-2a37e7a35964,KXSECSTATE-26DEC31-RG,2024-11-11T04:57:52.438602Z,1000.00,0.6000,0.4000,yes
637792d8-6c07-43bb-bc17-34ddb2f358b1,KXSECSTATE-26DEC31-RG,2024-11-11T04:39:29.353367Z,645.00,0.5800,0.4200,no
147ed7bf-ed5e-46fd-a34d-e247e30cb5a7,KXSECSTATE-26DEC31-RG,2024-11-11T04:28:53.606823Z,20.00,0.5800,0.4200,no
75f929ae-84b4-45fd-ae2c-e89736ef0308,KXSECSTATE-26DEC31-RG,2024-11-11T04:27:25.755406Z,40.00,0.6000,0.4000,yes
92d9a9f6-6432-498b-be6a-c6c314a2e429,KXSECSTATE-26DEC31-RG,2024-11-11T04:22:37.060939Z,60.00,0.6300,0.3700,yes
64839cc3-0633-41e7-958e-1ffd0c57477b,KXSECSTATE-26DEC31-RG,2024-11-11T03:59:26.162673Z,314.00,0.6200,0.3800,yes
5a1e7c1a-e51b-49ee-b633-8720bc51750d,KXSECSTATE-26DEC31-RG,2024-11-11T03:43:36.520934Z,132.00,0.5900,0.4100,no
2025aff1-7e61-45f2-9f33-75419c4c09a3,KXSECSTATE-26DEC31-RG,2024-11-11T03:43:23.494481Z,50.00,0.5900,0.4100,no
4736c1b4-c6d7-4289-8225-38fc8ff7bf62,KXSECSTATE-26DEC31-RG,2024-11-11T03:31:09.062661Z,92.00,0.6200,0.3800,yes
15d2fea4-cdad-4d10-bd57-7e79d6446490,KXSECSTATE-26DEC31-RG,2024-11-11T03:27:00.404291Z,41.00,0.5900,0.4100,yes
211ed400-9cde-42d1-83de-56f7d9a14e89,KXSECSTATE-26DEC31-RG,2024-11-11T03:17:20.147283Z,80.00,0.5800,0.4200,yes
f9fc9dd3-d105-44c4-b880-fd62b0a0ae25,KXSECSTATE-26DEC31-RG,2024-11-11T03:15:23.971411Z,10.00,0.5700,0.4300,no
03dea9e5-c948-4c5d-833d-7acd3b56b684,KXSECSTATE-26DEC31-RG,2024-11-11T03:12:56.806098Z,50.00,0.6000,0.4000,yes
82d7ad0a-39b8-4a62-b4ef-f077120ff2de,KXSECSTATE-26DEC31-RG,2024-11-11T02:53:47.678124Z,11.00,0.5900,0.4100,yes
c18d4fff-cf32-4429-8f8c-96e637260b1e,KXSECSTATE-26DEC31-RG,2024-11-11T02:53:20.981899Z,130.00,0.5900,0.4100,no
445d6dbe-71e6-4c84-9114-d8a1ce2f31d8,KXSECSTATE-26DEC31-RG,2024-11-11T02:21:51.946422Z,125.00,0.6200,0.3800,yes
f7d973cd-fa22-488b-8370-354e38f3aa9e,KXSECSTATE-26DEC31-RG,2024-11-11T02:21:06.891129Z,65.00,0.6000,0.4000,no
1d829130-c1d7-4734-8192-e4b5f229fe7d,KXSECSTATE-26DEC31-RG,2024-11-11T02:20:59.984903Z,35.00,0.6000,0.4000,no
828bbcc1-3384-4133-9191-a3f80c7b53bc,KXSECSTATE-26DEC31-RG,2024-11-11T02:14:58.378665Z,32.00,0.6000,0.4000,yes
856ce511-0644-4ada-ab20-c2e67458e978,KXSECSTATE-26DEC31-RG,2024-11-11T02:13:46.244542Z,143.00,0.5700,0.4300,yes
1c1c81b2-e22e-4180-9456-c33493dcea7f,KXSECSTATE-26DEC31-RG,2024-11-11T02:13:46.244542Z,500.00,0.5800,0.4200,yes
04f5888b-5742-419f-b9c9-d86f065e6d43,KXSECSTATE-26DEC31-RG,2024-11-11T02:13:46.244542Z,2.00,0.5900,0.4100,yes
889c61e6-3d2f-40a0-b98a-1949a9828400,KXSECSTATE-26DEC31-RG,2024-11-11T02:02:03.905953Z,1.00,0.5700,0.4300,yes
996b01e0-e60e-4f36-970e-42e52063ddf0,KXSECSTATE-26DEC31-RG,2024-11-11T01:47:59.221385Z,1.00,0.5500,0.4500,no
23d23302-c1ef-461e-9f62-f57ca0ce17ea,KXSECSTATE-26DEC31-RG,2024-11-11T01:42:47.50729Z,144.00,0.5500,0.4500,no
bc93880a-679a-4385-a16b-c6de35185521,KXSECSTATE-26DEC31-RG,2024-11-11T01:36:46.28334Z,64.00,0.6200,0.3800,yes
0798ca7d-cade-4e05-b5ee-df918f051f37,KXSECSTATE-26DEC31-RG,2024-11-11T01:36:46.28334Z,97.00,0.5900,0.4100,yes
489f4405-5edf-4f35-bf98-79b68bee373c,KXSECSTATE-26DEC31-RG,2024-11-11T01:35:25.490483Z,167.00,0.5800,0.4200,yes
b37c0eba-28d2-4875-b0d8-9744560e4506,KXSECSTATE-26DEC31-RG,2024-11-11T01:19:29.705889Z,117.00,0.5800,0.4200,yes
6e1cd63f-e4c6-4da1-8213-fbc348b557d9,KXSECSTATE-26DEC31-RG,2024-11-11T01:19:29.705889Z,80.00,0.5800,0.4200,yes
5022bf61-259e-4ff6-ad5c-9b2d9fbf9443,KXSECSTATE-26DEC31-RG,2024-11-11T01:16:57.100535Z,50.00,0.5700,0.4300,yes
52d725a2-8646-4a41-8337-b887ea4daa96,KXSECSTATE-26DEC31-RG,2024-11-11T01:16:09.643817Z,54.00,0.5800,0.4200,yes
51fc9e0e-90c4-48d4-950c-0dd8e8ea1ef1,KXSECSTATE-26DEC31-RG,2024-11-11T01:16:09.643817Z,200.00,0.5700,0.4300,yes
92cf99c7-6e7e-4bcf-8032-965bd92047e0,KXSECSTATE-26DEC31-RG,2024-11-11T01:16:03.576525Z,61.00,0.5100,0.4900,no
be297ee9-990c-4cf2-b70d-ba82faaf4317,KXSECSTATE-26DEC31-RG,2024-11-11T01:15:12.74951Z,100.00,0.5000,0.5000,no
ecf925ed-2346-47db-bb22-7917aece54e8,KXSECSTATE-26DEC31-RG,2024-11-11T01:04:02.93623Z,34.00,0.5700,0.4300,yes
66b5c282-ab29-4e12-bd61-de09886f19cb,KXSECSTATE-26DEC31-RG,2024-11-11T00:57:06.327585Z,16.00,0.5800,0.4200,yes
30586910-d9f0-450c-8006-36a83c190a32,KXSECSTATE-26DEC31-RG,2024-11-11T00:57:06.327585Z,400.00,0.5700,0.4300,yes
f2d33aec-49de-4103-880e-4f2d367726b2,KXSECSTATE-26DEC31-RG,2024-11-11T00:57:04.503256Z,80.00,0.5100,0.4900,no
e10870d4-c864-4f2f-a164-a03d6e91f67d,KXSECSTATE-26DEC31-RG,2024-11-11T00:57:04.503256Z,420.00,0.5200,0.4800,no
fb0f1cac-7647-40c4-813b-37f66abd879e,KXSECSTATE-26DEC31-RG,2024-11-11T00:56:44.301925Z,85.00,0.5700,0.4300,yes
0573d423-f6f0-452c-94d2-dcb8fa914f2e,KXSECSTATE-26DEC31-RG,2024-11-11T00:54:53.113458Z,15.00,0.5700,0.4300,yes
7565cde6-1b57-4fa5-bc7b-c027a145c8c8,KXSECSTATE-26DEC31-RG,2024-11-11T00:43:28.499948Z,170.00,0.5700,0.4300,yes
d6b680df-dd8b-4e2a-86f4-9b80304533b0,KXSECSTATE-26DEC31-RG,2024-11-11T00:36:27.012805Z,68.00,0.5800,0.4200,yes
ba87fe1b-b8c6-425b-8944-6a070347cc7e,KXSECSTATE-26DEC31-RG,2024-11-11T00:36:27.012805Z,57.00,0.5600,0.4400,yes
9b7d0a30-d2d4-4189-9cb7-2fae456a2da6,KXSECSTATE-26DEC31-RG,2024-11-11T00:36:27.012805Z,300.00,0.5700,0.4300,yes
3222813d-076c-4647-8bfe-935ce0910da3,KXSECSTATE-26DEC31-RG,2024-11-11T00:34:36.384822Z,15.00,0.5300,0.4700,no
a0911015-49d7-4f1f-9424-96d2f45b2447,KXSECSTATE-26DEC31-RG,2024-11-11T00:32:33.664991Z,1.00,0.5600,0.4400,yes
ee90d854-adb0-40bb-933e-1ea1098278b8,KXSECSTATE-26DEC31-RG,2024-11-11T00:31:26.822195Z,1.00,0.5600,0.4400,yes
c039f5a7-001d-4ba5-bf34-356d8f9f0e73,KXSECSTATE-26DEC31-RG,2024-11-11T00:24:17.513816Z,20.00,0.5600,0.4400,yes
a401d493-8956-456d-a7c2-eb7115575d8d,KXSECSTATE-26DEC31-RG,2024-11-11T00:13:05.721102Z,170.00,0.5700,0.4300,yes
e5b0335c-6642-48b9-98bd-93a5dbd3e7c3,KXSECSTATE-26DEC31-RG,2024-11-10T23:51:56.237787Z,10.00,0.5400,0.4600,no
b7abc0b3-59a3-44e8-839f-79617a7fad06,KXSECSTATE-26DEC31-RG,2024-11-10T23:51:56.237787Z,5.00,0.5800,0.4200,no
cfcaeefb-cfec-4260-acb4-5aa22c382e3f,KXSECSTATE-26DEC31-RG,2024-11-10T23:47:36.730162Z,1.00,0.5900,0.4100,yes
6cdb4063-c075-4522-bd0c-fee8eebc6ffd,KXSECSTATE-26DEC31-RG,2024-11-10T23:46:17.332655Z,3.00,0.5800,0.4200,yes
edbce64e-bb74-4bd6-bfc9-c2ff2ee768d8,KXSECSTATE-26DEC31-RG,2024-11-10T23:46:17.292034Z,3.00,0.5800,0.4200,yes
b9ab2d33-49e6-4dbd-994e-e45bf1b4120b,KXSECSTATE-26DEC31-RG,2024-11-10T23:22:35.167404Z,77.00,0.5700,0.4300,yes
30df57eb-5071-4915-8e66-98c514883a95,KXSECSTATE-26DEC31-RG,2024-11-10T23:22:35.167404Z,45.00,0.5700,0.4300,yes
ae9416ba-1a20-454f-8f70-249b82734e94,KXSECSTATE-26DEC31-RG,2024-11-10T22:59:47.21312Z,170.00,0.5700,0.4300,yes
7cf56600-6a54-476d-8f01-fae8f0e71b4f,KXSECSTATE-26DEC31-RG,2024-11-10T22:20:20.030653Z,1.00,0.5700,0.4300,yes
a1dc0838-a883-45bf-9982-79b2c0e73d84,KXSECSTATE-26DEC31-RG,2024-11-10T22:04:53.322274Z,99.00,0.5700,0.4300,yes
5099144f-0659-479d-b7bc-710a71b4cab6,KXSECSTATE-26DEC31-RG,2024-11-10T22:04:53.322274Z,21.00,0.5400,0.4600,yes
bfeb8a03-34d1-4b73-b725-c34837185bfb,KXSECSTATE-26DEC31-RG,2024-11-10T21:43:27.473123Z,179.00,0.5400,0.4600,yes
07806be7-41e6-48c0-ba23-803465065248,KXSECSTATE-26DEC31-RG,2024-11-10T21:29:23.856056Z,2.00,0.4900,0.5100,no
a56b1e89-1da0-492f-9468-d4aeb138c75a,KXSECSTATE-26DEC31-RG,2024-11-10T21:28:48.719596Z,2.00,0.5000,0.5000,no
69c724b9-9653-4ccf-b945-84d6dfb2e4fd,KXSECSTATE-26DEC31-RG,2024-11-10T21:28:29.694502Z,2.00,0.5000,0.5000,no
77891da6-a193-4ffb-91c0-b2da0765e896,KXSECSTATE-26DEC31-RG,2024-11-10T21:28:07.340049Z,8.00,0.5100,0.4900,no
8dd56862-1456-4c08-a30c-d074daba4724,KXSECSTATE-26DEC31-RG,2024-11-10T21:27:53.759117Z,20.00,0.5100,0.4900,no
429c3d54-7343-43ea-bbf1-81e3ac737cf9,KXSECSTATE-26DEC31-RG,2024-11-10T20:32:03.467944Z,85.00,0.5700,0.4300,yes
d14ddf85-0a0d-4fe9-bc51-c0b83b5c044b,KXSECSTATE-26DEC31-RG,2024-11-10T20:31:48.008977Z,1.00,0.5700,0.4300,yes
ff8313db-2f31-4779-bf03-a2644c911a93,KXSECSTATE-26DEC31-RG,2024-11-10T20:30:14.929667Z,14.00,0.5400,0.4600,yes
756e0927-bbaf-4eb3-9054-186f8f77ee7d,KXSECSTATE-26DEC31-RG,2024-11-10T20:30:14.929667Z,11.00,0.5300,0.4700,yes
2cfeacee-f66f-46bb-b35e-754abbab7504,KXSECSTATE-26DEC31-RG,2024-11-10T20:30:14.929667Z,1000.00,0.5600,0.4400,yes
11486276-7fc3-4a6c-b736-86feb4792099,KXSECSTATE-26DEC31-RG,2024-11-10T20:30:14.929667Z,100.00,0.5500,0.4500,yes
0ab778a9-c5a4-4e2d-a26a-c9fd11e792ea,KXSECSTATE-26DEC31-RG,2024-11-10T20:30:14.929667Z,599.00,0.5700,0.4300,yes
cf10ee78-2b8d-4473-8a59-10f4a6627ce6,KXSECSTATE-26DEC31-RG,2024-11-10T20:10:46.6117Z,31.00,0.5400,0.4600,yes
9d1b664f-d75a-41ff-8f74-92dbb03ac65f,KXSECSTATE-26DEC31-RG,2024-11-10T20:10:46.6117Z,199.00,0.5600,0.4400,yes
79d68be1-9b10-435c-b18e-48208b9999c1,KXSECSTATE-26DEC31-RG,2024-11-10T20:10:46.6117Z,31.00,0.5500,0.4500,yes
711f9758-ff34-45e6-8ea0-a2213587ed9a,KXSECSTATE-26DEC31-RG,2024-11-10T20:10:24.701986Z,1.00,0.4800,0.5200,no
05cd7ee2-43bf-4d61-afb7-c8eb9265c4a3,KXSECSTATE-26DEC31-RG,2024-11-10T20:10:09.831424Z,1.00,0.4700,0.5300,no
4de38e1e-2686-439a-97ad-554dda8ae3ab,KXSECSTATE-26DEC31-RG,2024-11-10T20:09:33.426205Z,1.00,0.4800,0.5200,no
4658bf95-1594-4d90-bcda-78220d1f2e68,KXSECSTATE-26DEC31-RG,2024-11-10T20:09:21.887596Z,1.00,0.4700,0.5300,no
dd6f7f69-ec4c-42a0-b9b9-cf42b5cfdceb,KXSECSTATE-26DEC31-RG,2024-11-10T20:08:49.212554Z,2.00,0.4800,0.5200,no
0350a177-6571-433b-b5cf-6e239eaef1b0,KXSECSTATE-26DEC31-RG,2024-11-10T20:08:26.941964Z,2.00,0.4700,0.5300,no
5357cbb3-a9fb-4152-9e56-c1e1c0a02357,KXSECSTATE-26DEC31-RG,2024-11-10T20:08:11.155923Z,2.00,0.4700,0.5300,no
488bab9a-454c-4cd9-9292-32c6da4632db,KXSECSTATE-26DEC31-RG,2024-11-10T20:07:45.065649Z,20.00,0.4900,0.5100,no
b4164ee4-5bda-4572-98e3-ee5387a60de1,KXSECSTATE-26DEC31-RG,2024-11-10T20:07:01.989906Z,2.00,0.4900,0.5100,no
3144bf4e-d972-490f-8b30-2d21d94f92b6,KXSECSTATE-26DEC31-RG,2024-11-10T20:03:50.475441Z,37.00,0.4600,0.5400,no
632480c6-aa60-4e2d-b0c1-6a9b250ac929,KXSECSTATE-26DEC31-RG,2024-11-10T19:51:09.665583Z,898.00,0.5000,0.5000,no
2f8568c6-f7e7-40c8-b763-0dddeba22b72,KXSECSTATE-26DEC31-RG,2024-11-10T19:48:18.780369Z,212.00,0.4700,0.5300,no
ebea09f0-ba1b-4e37-b094-bba1537e82b3,KXSECSTATE-26DEC31-RG,2024-11-10T19:46:47.685602Z,898.00,0.4800,0.5200,no
d7d40e8e-0498-4fd4-8342-a16f555d06af,KXSECSTATE-26DEC31-RG,2024-11-10T19:42:36.356608Z,232.00,0.5100,0.4900,no
247f94e2-8de3-4665-892c-d68823080d8e,KXSECSTATE-26DEC31-RG,2024-11-10T19:41:45.335924Z,45.00,0.5200,0.4800,no
00681847-ad33-4a0c-8cbb-b795c330fbec,KXSECSTATE-26DEC31-RG,2024-11-10T19:41:45.335924Z,101.00,0.5200,0.4800,no
b2f47b95-e2f5-4b26-9296-f0f6397cd6eb,KXSECSTATE-26DEC31-RG,2024-11-10T19:40:54.118682Z,43.00,0.5600,0.4400,yes
472ef49f-ba76-465c-a2ca-8a2c7cccf59b,KXSECSTATE-26DEC31-RG,2024-11-10T19:33:40.565223Z,20.00,0.5300,0.4700,no
1a3b2043-ea79-456d-a819-03dbd86697cd,KXSECSTATE-26DEC31-RG,2024-11-10T19:33:40.565223Z,10.00,0.5400,0.4600,no
251383f0-9a3b-4530-bf8e-f85dd6e1f86b,KXSECSTATE-26DEC31-RG,2024-11-10T18:59:28.624312Z,10.00,0.5200,0.4800,yes
4430cca2-2465-4511-b298-7a6b75469784,KXSECSTATE-26DEC31-RG,2024-11-10T18:56:05.059102Z,21.00,0.4900,0.5100,no
3bf8cf51-d09f-4b0a-af54-13f9df546c4a,KXSECSTATE-26DEC31-RG,2024-11-10T18:45:07.153138Z,200.00,0.5300,0.4700,yes
ad0a964d-42a2-4ffe-b2c7-0d99cc25a44d,KXSECSTATE-26DEC31-RG,2024-11-10T18:44:51.101357Z,58.00,0.5400,0.4600,yes
81cf27f3-193c-422a-adc5-636422db40ee,KXSECSTATE-26DEC31-RG,2024-11-10T18:44:51.101357Z,32.00,0.5200,0.4800,yes
fd3d9429-43e4-4cee-af4f-e7cfd2a40a49,KXSECSTATE-26DEC31-RG,2024-11-10T18:37:19.50943Z,40.00,0.4400,0.5600,no
aabc6eec-ef78-495f-becc-d8231987c659,KXSECSTATE-26DEC31-RG,2024-11-10T18:18:16.840435Z,579.00,0.5000,0.5000,no
a71196ce-9d14-4e9a-b034-7fd2cc43fe2e,KXSECSTATE-26DEC31-RG,2024-11-10T18:14:40.441047Z,600.00,0.5400,0.4600,no
cd700915-5cff-4c2d-beac-30ca501ab8d0,KXSECSTATE-26DEC31-RG,2024-11-10T17:44:40.238426Z,39.00,0.6200,0.3800,yes
96dbb1c3-ad33-4757-9022-4fd404b85620,KXSECSTATE-26DEC31-RG,2024-11-10T17:40:41.653399Z,193.00,0.5400,0.4600,no
97249ea2-9b97-43f7-a78b-176917d25a7a,KXSECSTATE-26DEC31-RG,2024-11-10T17:36:02.10452Z,14.00,0.5400,0.4600,no
7ef32468-f333-4668-9ed3-a1e24df1b811,KXSECSTATE-26DEC31-RG,2024-11-10T17:36:02.10452Z,33.00,0.5500,0.4500,no
65b4d7b3-a6b7-4653-8933-3d6c8b45eb73,KXSECSTATE-26DEC31-RG,2024-11-10T17:05:28.498699Z,42.00,0.5500,0.4500,no
0b794036-f72c-4540-8644-f57a5a753e28,KXSECSTATE-26DEC31-RG,2024-11-10T16:49:26.629499Z,31.00,0.5500,0.4500,no
fd37669d-aa25-4bdc-a702-5ccd36982a74,KXSECSTATE-26DEC31-RG,2024-11-10T16:30:48.193054Z,3.00,0.6000,0.4000,yes
ad3f5f67-b559-4825-a4dc-2666976dbbd3,KXSECSTATE-26DEC31-RG,2024-11-10T16:30:48.193054Z,105.00,0.6100,0.3900,yes
5c3ce1bd-7639-4cdc-83be-1c0de6653bf1,KXSECSTATE-26DEC31-RG,2024-11-10T16:30:48.193054Z,3.00,0.5900,0.4100,yes
55cf9a35-8700-4a52-a064-8c75b6407b67,KXSECSTATE-26DEC31-RG,2024-11-10T16:30:48.193054Z,1000.00,0.6000,0.4000,yes
3ddcde2f-a9c0-4a58-8351-8e3ad7e4b1a2,KXSECSTATE-26DEC31-RG,2024-11-10T16:30:48.193054Z,200.00,0.5900,0.4100,yes
be325619-9c34-4b0c-984a-321511e7d286,KXSECSTATE-26DEC31-RG,2024-11-10T16:28:00.439283Z,16.00,0.5800,0.4200,yes
657803e9-3524-4da3-8dad-4f1e5f89e731,KXSECSTATE-26DEC31-RG,2024-11-10T16:17:17.482904Z,91.00,0.5300,0.4700,no
26b7faca-88a6-4b59-a3eb-1bdf02d64a5c,KXSECSTATE-26DEC31-RG,2024-11-10T15:57:03.739688Z,237.00,0.5400,0.4600,no
b393a226-6da7-4875-a766-2864df8b8dc5,KXSECSTATE-26DEC31-RG,2024-11-10T15:56:14.149311Z,17.00,0.6000,0.4000,yes
f9ce1a84-60b9-4819-9067-be805ac64ac4,KXSECSTATE-26DEC31-RG,2024-11-10T15:45:12.988257Z,20.00,0.5200,0.4800,no
2ac520b2-e2b1-483c-8c35-24a824b428ce,KXSECSTATE-26DEC31-RG,2024-11-10T15:27:52.494329Z,51.00,0.5900,0.4100,yes
bc50b46e-0414-4b37-861e-ac2f809fb631,KXSECSTATE-26DEC31-RG,2024-11-10T15:09:15.017234Z,41.00,0.5900,0.4100,yes
d2073d66-eb05-489c-abde-b7f020d0c15e,KXSECSTATE-26DEC31-RG,2024-11-10T14:45:56.507052Z,900.00,0.5800,0.4200,yes
43a7ebb7-ad78-4b20-b58f-cc2e0b590b76,KXSECSTATE-26DEC31-RG,2024-11-10T14:45:56.507052Z,26.00,0.5800,0.4200,yes
2b8cca6b-3564-46ad-a156-2eba956e25e6,KXSECSTATE-26DEC31-RG,2024-11-10T14:45:56.507052Z,736.00,0.5900,0.4100,yes
f9fca2b7-ab94-44cc-a2e9-16d1ee461f11,KXSECSTATE-26DEC31-RG,2024-11-10T14:21:23.253376Z,8.00,0.5800,0.4200,yes
890172d5-ceb4-4559-90c6-98c3c9fbe351,KXSECSTATE-26DEC31-RG,2024-11-10T14:14:00.592571Z,17.00,0.5700,0.4300,yes
778c816f-0728-4bfb-8d43-5f05171ceedf,KXSECSTATE-26DEC31-RG,2024-11-10T13:48:56.41001Z,148.00,0.4900,0.5100,no
b00a7a16-ca01-4752-8c84-c9ba4b9e3ffa,KXSECSTATE-26DEC31-RG,2024-11-10T13:48:24.540959Z,125.00,0.5200,0.4800,no
e119e5dd-8e7c-4319-88fd-b68137aeb9bc,KXSECSTATE-26DEC31-RG,2024-11-10T13:44:11.147581Z,34.00,0.5000,0.5000,no
af3eb4a7-89af-4a31-b39b-178e5d9d7b6d,KXSECSTATE-26DEC31-RG,2024-11-10T06:20:06.991365Z,48.00,0.5200,0.4800,no
adb3a01b-3a7d-4429-87fb-a532af4c9a0b,KXSECSTATE-26DEC31-RG,2024-11-10T05:50:42.298261Z,40.00,0.5000,0.5000,no
685f1a5f-84b2-4696-9789-358d250aa49e,KXSECSTATE-26DEC31-RG,2024-11-10T05:50:42.298261Z,137.00,0.5000,0.5000,no
1016241d-bcf0-4448-be47-0876bb402ae0,KXSECSTATE-26DEC31-RG,2024-11-10T05:47:47.483308Z,179.00,0.5300,0.4700,no
a75107a0-dd14-400b-a24d-7cf7a578b8c9,KXSECSTATE-26DEC31-RG,2024-11-10T05:27:12.890584Z,3.00,0.5300,0.4700,no
9bd3994c-9db2-4916-b250-4fb1a199217f,KXSECSTATE-26DEC31-RG,2024-11-10T05:15:09.601073Z,20.00,0.5000,0.5000,yes
6c126f99-347e-4be3-bcbf-6a4220809a5d,KXSECSTATE-26DEC31-RG,2024-11-10T05:08:33.043039Z,10.00,0.5200,0.4800,no
78bbd7f5-6ac0-454c-910d-4db2cf26d05b,KXSECSTATE-26DEC31-RG,2024-11-10T04:36:53.17024Z,10.00,0.5300,0.4700,no
c07baa1f-7325-496b-b19e-928fdc3e9604,KXSECSTATE-26DEC31-RG,2024-11-10T03:47:47.446794Z,16.00,0.5800,0.4200,yes
be017964-3a2d-44b2-9c74-1192ccdaaf03,KXSECSTATE-26DEC31-RG,2024-11-10T02:50:12.755387Z,365.00,0.5900,0.4100,no
ff9c7544-b81e-4703-b425-07a30f54cb49,KXSECSTATE-26DEC31-RG,2024-11-10T02:32:49.907505Z,11.00,0.5500,0.4500,yes
f78c2833-ce07-4b82-b8a8-e192d263657e,KXSECSTATE-26DEC31-RG,2024-11-10T02:32:49.907505Z,39.00,0.5500,0.4500,yes
1d158e35-318d-44f5-82e5-887c818765e9,KXSECSTATE-26DEC31-RG,2024-11-10T02:32:49.907505Z,100.00,0.5800,0.4200,yes
0a77eaff-8a94-4f03-8a43-3128862b798c,KXSECSTATE-26DEC31-RG,2024-11-10T02:32:49.907505Z,103.00,0.5800,0.4200,yes
c314d866-90be-4006-a33b-372ba254f3ca,KXSECSTATE-26DEC31-RG,2024-11-10T02:28:06.134749Z,9.00,0.5000,0.5000,yes
54f7e5b2-aaae-48dd-a68e-63e1c5a567db,KXSECSTATE-26DEC31-RG,2024-11-10T02:28:06.134749Z,586.00,0.5400,0.4600,yes
27b98ead-0bd2-471d-a0b7-ed7054cc2caf,KXSECSTATE-26DEC31-RG,2024-11-10T02:28:06.134749Z,1000.00,0.4800,0.5200,yes
14170431-9f4b-435b-bcd4-1db6acd1e58f,KXSECSTATE-26DEC31-RG,2024-11-10T02:28:06.134749Z,700.00,0.4700,0.5300,yes
e873744b-4ae1-4b68-961b-f8344db2060b,KXSECSTATE-26DEC31-RG,2024-11-10T02:22:23.101298Z,11.00,0.5000,0.5000,yes
4ae0f78b-12e6-4ad2-a398-1a632966aafe,KXSECSTATE-26DEC31-RG,2024-11-10T01:53:27.736685Z,1.00,0.5000,0.5000,yes
2483de25-2b59-4d8c-9e4e-ba428f369b95,KXSECSTATE-26DEC31-RG,2024-11-10T01:51:25.937871Z,1.00,0.5000,0.5000,yes
9c4fb36d-d0c4-41e5-91d7-5504f5274bf1,KXSECSTATE-26DEC31-RG,2024-11-10T01:50:46.641138Z,26.00,0.4700,0.5300,yes
c4c3a325-01aa-4dca-b997-628db9eaa491,KXSECSTATE-26DEC31-RG,2024-11-10T01:50:38.869458Z,31.00,0.4700,0.5300,yes
64a3bb52-4ace-48d7-8926-ae34f3a01061,KXSECSTATE-26DEC31-RG,2024-11-10T01:50:38.869458Z,73.00,0.4600,0.5400,yes
d0bc96ac-d03e-4947-ab4a-6c9bca958a79,KXSECSTATE-26DEC31-RG,2024-11-10T01:48:10.606612Z,2.00,0.4600,0.5400,yes
e1b32984-fdf9-42b2-be65-5fce635d7d8e,KXSECSTATE-26DEC31-RG,2024-11-10T01:46:39.133619Z,209.00,0.4600,0.5400,yes
61cb1d32-af96-4811-b572-e8aa21200348,KXSECSTATE-26DEC31-RG,2024-11-10T01:37:25.511688Z,41.00,0.4600,0.5400,yes
1ef0067c-65b6-4b52-a0d3-09621d6e464e,KXSECSTATE-26DEC31-RG,2024-11-10T01:27:37.310103Z,8.00,0.4900,0.5100,yes
47346a04-df57-4520-ad59-9ed3b9e0e1ea,KXSECSTATE-26DEC31-RG,2024-11-10T00:43:30.436355Z,104.00,0.4700,0.5300,yes
981930f8-a455-4de8-9377-b9228008c020,KXSECSTATE-26DEC31-RG,2024-11-10T00:43:07.029152Z,17.00,0.4300,0.5700,no
c7bf885f-2750-44b8-a904-ad019d91727b,KXSECSTATE-26DEC31-RG,2024-11-10T00:37:01.223181Z,197.00,0.4900,0.5100,yes
40aef5ac-4dc5-4b70-ad8a-4157d19b85f7,KXSECSTATE-26DEC31-RG,2024-11-10T00:37:01.223181Z,197.00,0.4900,0.5100,yes
9ba0bc33-0835-4717-a756-ff93c339d762,KXSECSTATE-26DEC31-RG,2024-11-10T00:29:26.234337Z,14.00,0.5100,0.4900,no
0f67cf52-8cfc-4e16-b13e-d703ffd8562e,KXSECSTATE-26DEC31-RG,2024-11-10T00:29:26.234337Z,96.00,0.5200,0.4800,no
403efd16-3980-4dfc-ba89-eea0eed2cf20,KXSECSTATE-26DEC31-RG,2024-11-10T00:29:19.687004Z,94.00,0.5200,0.4800,no
08ac9f3e-7b5a-4dba-9ddb-d76e35b4f1a7,KXSECSTATE-26DEC31-RG,2024-11-10T00:06:26.088926Z,1.00,0.4700,0.5300,no
4b2f88ab-0892-4250-a546-ebeda9139652,KXSECSTATE-26DEC31-RG,2024-11-10T00:05:23.668855Z,4.00,0.5600,0.4400,yes
14a5b642-e8fd-4310-be7a-8dcd2332c13b,KXSECSTATE-26DEC31-RG,2024-11-10T00:01:05.95995Z,193.00,0.5000,0.5000,yes
c9321c4f-840e-4c78-a9d7-9da7e1479231,KXSECSTATE-26DEC31-RG,2024-11-09T23:56:16.755629Z,398.00,0.4700,0.5300,yes
47ca5c35-7d9a-4972-bb94-9e8f16a5d967,KXSECSTATE-26DEC31-RG,2024-11-09T23:54:26.264051Z,145.00,0.5400,0.4600,yes
147b9c3b-86c2-4de4-81c5-f507d592b2a8,KXSECSTATE-26DEC31-RG,2024-11-09T23:39:54.712957Z,94.00,0.5100,0.4900,yes
c72402bb-6bf2-4f40-ab71-afbf67d4a020,KXSECSTATE-26DEC31-RG,2024-11-09T23:33:53.495408Z,100.00,0.5100,0.4900,yes
1caa1b9d-fe1d-4aec-9e47-c22552488d09,KXSECSTATE-26DEC31-RG,2024-11-09T23:33:53.495408Z,38.00,0.5600,0.4400,yes
eeb0d6f2-11be-4673-b77c-09729e2952ef,KXSECSTATE-26DEC31-RG,2024-11-09T23:04:16.831925Z,977.00,0.5000,0.5000,no
df4be737-0b9e-4487-9156-0fcf0a5f45df,KXSECSTATE-26DEC31-RG,2024-11-09T23:04:06.231843Z,1000.00,0.5000,0.5000,no
7487e0cd-626c-4a1a-888c-ebf539004f98,KXSECSTATE-26DEC31-RG,2024-11-09T23:04:06.201244Z,700.00,0.5000,0.5000,no
6c9d5a72-4f6d-42c5-983f-d8b666f65a2d,KXSECSTATE-26DEC31-RG,2024-11-09T23:03:54.828165Z,25.00,0.5000,0.5000,no
0c05b815-6021-4048-816c-75ebdeb89ed1,KXSECSTATE-26DEC31-RG,2024-11-09T23:03:33.992057Z,98.00,0.5000,0.5000,no
76c03e8e-dbbd-4273-b08f-3d606b0bf3af,KXSECSTATE-26DEC31-RG,2024-11-09T23:03:33.739616Z,100.00,0.5000,0.5000,yes
5b7162a1-7e32-4d02-b66d-5e9fe1e609e4,KXSECSTATE-26DEC31-RG,2024-11-09T23:03:33.739616Z,100.00,0.5000,0.5000,yes
b44d3107-7a6a-4510-b379-8ea21337991f,KXSECSTATE-26DEC31-RG,2024-11-09T22:02:00.39617Z,53.00,0.4600,0.5400,yes
9567d80d-9aa6-43bf-b7b3-cdb9b1711a9c,KXSECSTATE-26DEC31-RG,2024-11-09T21:41:52.834351Z,10.00,0.4400,0.5600,yes
979bfba6-29d7-49df-9d4a-dd073716434a,KXSECSTATE-26DEC31-RG,2024-11-09T21:40:10.057724Z,79.00,0.4100,0.5900,no
d8745da5-f12f-4567-8726-25ee99a074db,KXSECSTATE-26DEC31-RG,2024-11-09T20:21:51.889618Z,25.00,0.4300,0.5700,yes
7599f5fa-12f0-4290-917a-c23a07a16cf2,KXSECSTATE-26DEC31-RG,2024-11-09T20:21:51.889618Z,19.00,0.4400,0.5600,yes
ee2dc1f7-78c8-4483-a91b-7bd9dbab05f0,KXSECSTATE-26DEC31-RG,2024-11-09T19:21:19.791104Z,200.00,0.4400,0.5600,yes
77ce37a9-f434-43bc-a2d4-254808ee9e4a,KXSECSTATE-26DEC31-RG,2024-11-09T19:21:19.791104Z,100.00,0.4400,0.5600,yes
43868ef1-4afa-4699-887a-eabdedf84528,KXSECSTATE-26DEC31-RG,2024-11-09T19:21:19.791104Z,199.00,0.4300,0.5700,yes
aaf68100-d577-41a7-bd0d-76ecf4ac0211,KXSECSTATE-26DEC31-RG,2024-11-09T18:50:47.915106Z,2.00,0.4000,0.6000,no
870b4400-2b11-46dd-b3a3-4d7414e06f04,KXSECSTATE-26DEC31-RG,2024-11-09T18:50:32.696902Z,48.00,0.4000,0.6000,no
f54b8ed9-8b77-4cad-a71c-57beadceb489,KXSECSTATE-26DEC31-RG,2024-11-09T18:40:03.440313Z,11.00,0.4300,0.5700,yes
bbbfebfd-6926-4566-a47e-9a3ff07c560e,KXSECSTATE-26DEC31-RG,2024-11-09T18:23:31.709847Z,33.00,0.4300,0.5700,yes
97953442-2d0e-4d3a-bad3-dee711f411bf,KXSECSTATE-26DEC31-RG,2024-11-09T14:21:20.211668Z,6.00,0.4300,0.5700,yes
24faa8df-78c9-4f4d-8efd-e04dbb5f51b7,KXSECSTATE-26DEC31-RG,2024-11-09T13:07:48.217247Z,124.00,0.3800,0.6200,no
ea9f7e6c-bac2-4e47-8339-c0a2da8c8619,KXSECSTATE-26DEC31-RG,2024-11-09T09:08:41.867299Z,2.00,0.3900,0.6100,no
e0b3b0f5-102e-4f49-be7e-44372d233356,KXSECSTATE-26DEC31-RG,2024-11-09T09:01:23.415386Z,5.00,0.4100,0.5900,no
b32ab5dd-321a-4ba6-8979-7f5924bcdc59,KXSECSTATE-26DEC31-RG,2024-11-09T09:01:23.415386Z,3.00,0.3800,0.6200,no
8430ac7c-78da-4cff-9f00-155360ca8c0a,KXSECSTATE-26DEC31-RG,2024-11-09T07:21:02.559392Z,22.00,0.3900,0.6100,no
e57f3b91-3968-4c18-a90f-2775154cb8f5,KXSECSTATE-26DEC31-RG,2024-11-09T06:27:15.536066Z,22.00,0.4300,0.5700,yes
35f00fce-f3b4-46fe-86d6-401d122f1de5,KXSECSTATE-26DEC31-RG,2024-11-09T04:54:30.024992Z,11.00,0.4200,0.5800,yes
abfbdc90-d9b3-4a9c-af42-7c91791ed924,KXSECSTATE-26DEC31-RG,2024-11-09T04:53:51.670293Z,258.00,0.3600,0.6400,no
641cdc56-0838-4d44-be7b-8c77fc41e515,KXSECSTATE-26DEC31-RG,2024-11-09T04:51:31.642481Z,3.00,0.3600,0.6400,no
4a8857b7-55b2-48c4-8017-93c2d74ca373,KXSECSTATE-26DEC31-RG,2024-11-09T04:40:51.951047Z,20.00,0.3800,0.6200,no
8dfe80ef-87e2-47eb-9f27-6001a270d8b8,KXSECSTATE-26DEC31-RG,2024-11-09T03:53:52.549845Z,1000.00,0.4100,0.5900,yes
8748e537-6873-4e5a-8e04-10b96f3f0fee,KXSECSTATE-26DEC31-RG,2024-11-09T03:53:52.549845Z,950.00,0.4000,0.6000,yes
5500eb53-4ce0-48a1-b754-c3742d8068eb,KXSECSTATE-26DEC31-RG,2024-11-09T03:53:45.73949Z,50.00,0.4000,0.6000,yes
a38d0f51-4f47-4d27-98eb-31bf42d56182,KXSECSTATE-26DEC31-RG,2024-11-09T03:52:54.110803Z,1.00,0.3900,0.6100,yes
89492358-e795-4a1d-a9cc-5924aa66dffd,KXSECSTATE-26DEC31-RG,2024-11-09T03:51:33.524103Z,196.00,0.3600,0.6400,yes
81a16406-c8fc-4040-b867-a6221cbf945b,KXSECSTATE-26DEC31-RG,2024-11-09T03:51:33.524103Z,800.00,0.3600,0.6400,yes
78f9aef5-98de-4d69-b5a5-e301be4ac4df,KXSECSTATE-26DEC31-RG,2024-11-09T03:51:33.524103Z,200.00,0.3600,0.6400,yes
3967be36-f21d-47ad-bb98-d48cdaca4b51,KXSECSTATE-26DEC31-RG,2024-11-09T03:51:33.524103Z,400.00,0.3500,0.6500,yes
4afd07b6-8650-4149-8201-961572296219,KXSECSTATE-26DEC31-RG,2024-11-09T03:28:01.460173Z,40.00,0.3500,0.6500,yes
261c6ba6-af79-4a67-abb4-1616ad42ba56,KXSECSTATE-26DEC31-RG,2024-11-09T02:47:18.772605Z,50.00,0.3000,0.7000,no
95ac3b56-e139-4087-9f56-6673f6615c42,KXSECSTATE-26DEC31-RG,2024-11-09T02:31:09.786488Z,112.00,0.3500,0.6500,yes
165a8fe8-1422-4426-96c4-c3b6594810b8,KXSECSTATE-26DEC31-RG,2024-11-09T02:28:02.214582Z,10.00,0.3500,0.6500,yes
92717149-3839-4c19-9f53-5e5b88f2e94b,KXSECSTATE-26DEC31-RG,2024-11-09T02:19:30.166628Z,55.00,0.3500,0.6500,yes
987467a2-6fb7-4d7d-afc2-c7c179372e5b,KXSECSTATE-26DEC31-RG,2024-11-09T02:12:52.605616Z,273.00,0.3500,0.6500,yes
e6031918-d701-45cf-943a-4301f4bd5cdb,KXSECSTATE-26DEC31-RG,2024-11-09T02:08:39.495011Z,21.00,0.3500,0.6500,yes
ece11cc7-9484-4b2f-83d4-b48178442c5d,KXSECSTATE-26DEC31-RG,2024-11-09T02:05:41.75163Z,40.00,0.3100,0.6900,no
9ec8e3f8-607a-40e1-ae63-a9213cf69473,KXSECSTATE-26DEC31-RG,2024-11-09T02:05:41.75163Z,360.00,0.3100,0.6900,no
9ea4b63a-6918-4a60-b827-b9746f3105e9,KXSECSTATE-26DEC31-RG,2024-11-09T02:05:41.75163Z,1000.00,0.3000,0.7000,no
1faa9663-388c-42e0-b9d0-57d3502f9fa4,KXSECSTATE-26DEC31-RG,2024-11-09T02:05:41.75163Z,457.00,0.3200,0.6800,no
034ed8de-500d-4836-a369-bb142c136956,KXSECSTATE-26DEC31-RG,2024-11-09T02:05:41.75163Z,338.00,0.2700,0.7300,no
e954f54a-5efa-44fa-ab37-0405d3e7af62,KXSECSTATE-26DEC31-RG,2024-11-09T01:59:36.491565Z,40.00,0.3100,0.6900,no
6b4df6f8-8e11-4e79-9da7-cc8f98628cf2,KXSECSTATE-26DEC31-RG,2024-11-09T01:59:36.491565Z,471.00,0.3200,0.6800,no
6e4e2530-9410-4240-b3b7-39bd995efce9,KXSECSTATE-26DEC31-RG,2024-11-09T01:56:38.760519Z,242.00,0.3500,0.6500,yes
64a099da-7d9d-474f-bfb0-af2c2b53eb76,KXSECSTATE-26DEC31-RG,2024-11-09T01:56:38.760519Z,429.00,0.3600,0.6400,yes
051a2661-0ef1-405f-aa52-34f6dce0e38b,KXSECSTATE-26DEC31-RG,2024-11-09T01:56:23.111123Z,12.00,0.3500,0.6500,yes
1e3e4442-0be3-450e-8b87-7b36fb359dfc,KXSECSTATE-26DEC31-RG,2024-11-09T01:54:20.438463Z,242.00,0.3500,0.6500,yes
44c14ef4-c592-41db-8731-96fe3d7179e9,KXSECSTATE-26DEC31-RG,2024-11-09T00:50:51.816993Z,258.00,0.3700,0.6300,yes
2b99077e-a24d-4b27-ba07-f5c5abdf1b20,KXSECSTATE-26DEC31-RG,2024-11-08T23:59:20.710314Z,47.00,0.4000,0.6000,yes
5f63ecfa-0c32-4c51-b43a-b2b3ba864795,KXSECSTATE-26DEC31-RG,2024-11-08T23:45:06.036286Z,800.00,0.4200,0.5800,no
a720e4be-6d4a-4224-8922-528ad0937838,KXSECSTATE-26DEC31-RG,2024-11-08T23:44:29.183047Z,475.00,0.4300,0.5700,no
2c809356-303d-4785-b66d-81b9d6062650,KXSECSTATE-26DEC31-RG,2024-11-08T23:43:05.056282Z,253.00,0.4300,0.5700,no
00b85c37-d5e0-4118-8770-15a315a3ab44,KXSECSTATE-26DEC31-RG,2024-11-08T23:43:05.056282Z,236.00,0.4400,0.5600,no
76117e4f-6b48-4e64-a306-4777d4b99d11,KXSECSTATE-26DEC31-RG,2024-11-08T22:59:59.815113Z,21.00,0.4500,0.5500,yes
f796f7e7-b932-47bc-9b70-18006858524e,KXSECSTATE-26DEC31-RG,2024-11-08T22:29:21.715654Z,20.00,0.4700,0.5300,yes
686ad604-6983-4e53-98f6-10c1070056b9,KXSECSTATE-26DEC31-RG,2024-11-08T22:11:32.890328Z,50.00,0.4400,0.5600,no
fcf710b3-00aa-4cfe-a5c0-9e973645c48b,KXSECSTATE-26DEC31-RG,2024-11-08T22:07:31.903497Z,7.00,0.4400,0.5600,no
f82d3d0e-18f5-4118-a90d-3be1bf069979,KXSECSTATE-26DEC31-RG,2024-11-08T21:54:02.407305Z,71.00,0.4400,0.5600,no
ff486f30-23a7-4b27-9323-311621bc888d,KXSECSTATE-26DEC31-RG,2024-11-08T21:15:08.349803Z,179.00,0.5000,0.5000,yes
173e0ceb-cd95-4298-a8c5-fef42614e8ea,KXSECSTATE-26DEC31-RG,2024-11-08T21:07:25.610206Z,19.00,0.5000,0.5000,yes
7d0cf75a-4fb5-431a-9ce5-44dc3a0992c2,KXSECSTATE-26DEC31-RG,2024-11-08T21:02:53.392507Z,19.00,0.5000,0.5000,yes
3049db97-d1f1-4665-95fd-8c9163a84f2c,KXSECSTATE-26DEC31-RG,2024-11-08T21:02:30.648292Z,144.00,0.5000,0.5000,yes
0a15590b-f1b9-43eb-a472-7255bf338694,KXSECSTATE-26DEC31-RG,2024-11-08T20:56:26.305681Z,197.00,0.4900,0.5100,yes
a6782e58-cdc0-4f6f-a81a-7f80d67609ae,KXSECSTATE-26DEC31-RG,2024-11-08T20:52:23.500147Z,34.00,0.4400,0.5600,no
cc7fef50-cd20-40b7-a761-bd6c4a1c0d74,KXSECSTATE-26DEC31-RG,2024-11-08T20:52:23.489622Z,34.00,0.4400,0.5600,no
8b872bcc-722c-4bfc-8101-d6cf3d8e271f,KXSECSTATE-26DEC31-RG,2024-11-08T20:09:07.532231Z,50.00,0.4400,0.5600,no
897001e1-a579-45c8-95c8-ff552b7b8038,KXSECSTATE-26DEC31-RG,2024-11-08T19:59:33.800994Z,197.00,0.4900,0.5100,yes
b71161fc-ae08-4b9f-9411-1485491668c3,KXSECSTATE-26DEC31-RG,2024-11-08T19:57:56.451076Z,98.00,0.4900,0.5100,yes
b01758a9-b14e-4315-9764-6e1b0fdae023,KXSECSTATE-26DEC31-RG,2024-11-08T19:20:19.577443Z,93.00,0.4800,0.5200,yes
8a6356f4-5071-47f6-8d41-fc39be4c6044,KXSECSTATE-26DEC31-RG,2024-11-08T19:20:19.577443Z,7.00,0.5000,0.5000,yes
50a38fe1-f3b4-41ff-bee1-dbf937d7139e,KXSECSTATE-26DEC31-RG,2024-11-08T18:43:12.55874Z,2.00,0.4800,0.5200,yes
147d89fe-7bc4-409c-b1f6-afe4f2a9a3b5,KXSECSTATE-26DEC31-RG,2024-11-08T18:38:41.584616Z,60.00,0.4800,0.5200,yes
c38b3b19-b7df-4c06-be41-afbc1d51df63,KXSECSTATE-26DEC31-RG,2024-11-08T18:29:53.316441Z,45.00,0.4800,0.5200,yes
79442202-d4a7-4abf-8317-9446673fe5d0,KXSECSTATE-26DEC31-RG,2024-11-08T18:29:53.316441Z,466.00,0.4700,0.5300,yes
d99aaa0f-8457-43f4-bad1-5e063e01d177,KXSECSTATE-26DEC31-RG,2024-11-08T18:12:31.156465Z,453.00,0.4400,0.5600,no
c5767263-cd33-4f6d-ad4a-1346da40baef,KXSECSTATE-26DEC31-RG,2024-11-08T18:12:31.156465Z,47.00,0.4300,0.5700,no
d58eb747-8043-4b24-964b-aa8097b233b9,KXSECSTATE-26DEC31-RG,2024-11-08T17:55:27.610431Z,200.00,0.4700,0.5300,yes
55ea467f-c1e1-4b77-a989-bc499102fa16,KXSECSTATE-26DEC31-RG,2024-11-08T17:46:28.261819Z,500.00,0.4400,0.5600,no
5ce78bab-fb9a-473b-b179-189f76985d6c,KXSECSTATE-26DEC31-RG,2024-11-08T17:15:30.373533Z,250.00,0.4600,0.5400,yes
771118dc-f03c-4cd2-90da-151587b5556b,KXSECSTATE-26DEC31-RG,2024-11-08T17:00:29.931895Z,3.00,0.3600,0.6400,yes
def8483e-165f-4f4d-b237-6d5e44f7bb4b,KXSECSTATE-26DEC31-RG,2024-11-08T16:48:22.563547Z,173.00,0.4700,0.5300,yes
9878888f-0df7-479c-ba93-74e29ae16c9b,KXSECSTATE-26DEC31-RG,2024-11-08T16:43:25.765644Z,1000.00,0.4200,0.5800,no
030431e9-2c0f-4689-a278-db733aedec7c,KXSECSTATE-26DEC31-RG,2024-11-08T16:42:44.094618Z,488.00,0.4400,0.5600,no
9cb1fd12-a6f9-4977-abb9-901c47d7e488,KXSECSTATE-26DEC31-RG,2024-11-08T16:19:26.592351Z,102.00,0.4700,0.5300,yes
c10aa43b-6584-4b95-a43e-e93c22973687,KXSECSTATE-26DEC31-RG,2024-11-08T16:08:28.250207Z,102.00,0.4700,0.5300,yes
40f9d83b-e27c-4fe6-ace4-5532af7ab92b,KXSECSTATE-26DEC31-RG,2024-11-08T15:44:55.768199Z,20.00,0.4700,0.5300,yes
6cafb79d-bd6f-4151-a42b-715cd296970e,KXSECSTATE-26DEC31-RG,2024-11-08T15:24:27.412332Z,4.00,0.4700,0.5300,yes
ba9aec0e-4348-4bff-a245-07ca4f598dc4,KXSECSTATE-26DEC31-RG,2024-11-08T15:05:25.391753Z,8.00,0.4400,0.5600,no
18ac8333-7fd1-4d6e-b702-01706ec77716,KXSECSTATE-26DEC31-RG,2024-11-08T14:54:51.565322Z,11.00,0.4900,0.5100,yes
49c930f9-af45-4c7e-8209-6203c3addee1,KXSECSTATE-26DEC31-RG,2024-11-08T14:24:33.797365Z,391.00,0.4400,0.5600,no
9d1bc0e1-641f-4f61-b5e6-5cda82781315,KXSECSTATE-26DEC31-RG,2024-11-08T14:09:17.134011Z,23.00,0.4400,0.5600,no
1c2d77a0-c083-4da6-8d4b-c541f80d20bb,KXSECSTATE-26DEC31-RG,2024-11-08T14:02:28.692633Z,91.00,0.4600,0.5400,no
1fdf179e-aef5-4c95-9bf9-6bf0270f458e,KXSECSTATE-26DEC31-RG,2024-11-08T12:42:29.164783Z,19.00,0.5000,0.5000,yes
3db2839d-7519-4c5b-9bd3-6058aea9085f,KXSECSTATE-26DEC31-RG,2024-11-08T11:33:47.28155Z,17.00,0.4600,0.5400,no
03552b03-5d67-43bb-8e5c-15d5536e5d20,KXSECSTATE-26DEC31-RG,2024-11-08T10:45:31.848675Z,197.00,0.4900,0.5100,yes
3a84fea4-aa18-400c-9840-d21fd470a790,KXSECSTATE-26DEC31-RG,2024-11-08T10:18:17.81117Z,197.00,0.4900,0.5100,yes
b4c86db4-e64d-4d96-a070-4bfd8f168ef8,KXSECSTATE-26DEC31-RG,2024-11-08T07:53:03.129176Z,59.00,0.4600,0.5400,yes
56e52e6e-da8f-445c-8151-99854dff0516,KXSECSTATE-26DEC31-RG,2024-11-08T07:53:03.129176Z,138.00,0.5000,0.5000,yes
3285090b-3e1b-41ec-8ee0-891f4128f136,KXSECSTATE-26DEC31-RG,2024-11-08T07:29:21.897207Z,1.00,0.4600,0.5400,yes
3b5a0d51-967c-4b14-b200-0407dbfec2ca,KXSECSTATE-26DEC31-RG,2024-11-08T07:21:39.194016Z,10.00,0.4600,0.5400,yes
680f83fe-e622-4577-a56e-0aaa1dbb523d,KXSECSTATE-26DEC31-RG,2024-11-08T06:25:24.911556Z,80.00,0.4900,0.5100,yes
e807e0a3-7ab8-41f5-a51a-37ddd0959e49,KXSECSTATE-26DEC31-RG,2024-11-08T06:10:05.217932Z,89.00,0.4600,0.5400,no
abbcb7e0-6082-4209-8e04-0e9c1b76c9b6,KXSECSTATE-26DEC31-RG,2024-11-08T04:24:23.948228Z,189.00,0.5100,0.4900,yes
8c9ed318-4dcd-4fc1-9c16-4b3bf90fc6ed,KXSECSTATE-26DEC31-RG,2024-11-08T04:09:53.197533Z,3.00,0.5100,0.4900,yes
df5bc650-aef7-474d-93cf-4651f44696f9,KXSECSTATE-26DEC31-RG,2024-11-08T04:02:52.890034Z,18.00,0.4400,0.5600,no
8d9f7f3a-563c-4d16-bd51-3c5d907d8d8c,KXSECSTATE-26DEC31-RG,2024-11-08T04:02:52.890034Z,51.00,0.4400,0.5600,no
632018cd-224e-4399-8ab1-2a69b1f6dbaf,KXSECSTATE-26DEC31-RG,2024-11-08T04:02:52.890034Z,81.00,0.4400,0.5600,no
50bcdcf0-da87-42ef-b568-42b003acf50d,KXSECSTATE-26DEC31-RG,2024-11-08T03:49:43.525891Z,52.00,0.4400,0.5600,no
1865177c-3a6a-4d26-92b8-c97eeb615323,KXSECSTATE-26DEC31-RG,2024-11-08T03:27:12.328513Z,3.00,0.5100,0.4900,yes
8bce007c-d676-408b-9968-24cf9711da75,KXSECSTATE-26DEC31-RG,2024-11-08T03:22:24.029316Z,3.00,0.5100,0.4900,yes
2ce38140-8888-4c08-b6c7-d7f7c3e8a57b,KXSECSTATE-26DEC31-RG,2024-11-08T03:18:43.153614Z,49.00,0.4400,0.5600,no
cd12a6fd-92a7-4c6c-b5e3-8b613b5706f0,KXSECSTATE-26DEC31-RG,2024-11-08T03:15:50.04811Z,278.00,0.5000,0.5000,yes
8a3cf85a-9d0b-4813-8dc0-6849a72a24e2,KXSECSTATE-26DEC31-RG,2024-11-08T03:15:50.04811Z,13.00,0.5000,0.5000,yes
5d94526a-2a2e-405d-a7cc-2677284b5229,KXSECSTATE-26DEC31-RG,2024-11-08T02:58:56.062297Z,9.00,0.5000,0.5000,yes
ff48e571-7272-4a98-a99b-de642b0af166,KXSECSTATE-26DEC31-RG,2024-11-08T02:10:43.009409Z,180.00,0.5000,0.5000,yes
f8bd1eed-3459-4e13-807b-c92000f5cb5b,KXSECSTATE-26DEC31-RG,2024-11-08T02:10:43.009409Z,13.00,0.5000,0.5000,yes
a2a04239-a167-4dd7-926b-843784c2e80a,KXSECSTATE-26DEC31-RG,2024-11-08T02:09:27.674322Z,173.00,0.5000,0.5000,yes
3797855c-4580-4331-a872-7bd98e2ed815,KXSECSTATE-26DEC31-RG,2024-11-08T02:09:27.674322Z,20.00,0.5000,0.5000,yes
90abbd92-10d1-4595-a76b-13fd00dbaa12,KXSECSTATE-26DEC31-RG,2024-11-08T01:31:25.703996Z,18.00,0.4400,0.5600,no
d318ab91-099e-4872-a3d1-d6e077ae0020,KXSECSTATE-26DEC31-RG,2024-11-08T00:39:00.022553Z,500.00,0.5000,0.5000,yes
b83abb99-6974-4639-8107-3d295cddfc44,KXSECSTATE-26DEC31-RG,2024-11-08T00:39:00.022553Z,4.00,0.4900,0.5100,yes
874410aa-83dd-4d79-90ed-478d487e5990,KXSECSTATE-26DEC31-RG,2024-11-08T00:39:00.022553Z,27.00,0.5000,0.5000,yes
d430f27d-2903-429b-af79-9a321da53789,KXSECSTATE-26DEC31-RG,2024-11-08T00:23:31.019117Z,49.00,0.4900,0.5100,yes
4c51bb44-6ee3-4577-97f9-39287ea1fa01,KXSECSTATE-26DEC31-RG,2024-11-08T00:19:03.799183Z,200.00,0.4400,0.5600,no
b5a05b63-6ce4-4c6f-ad86-b3228ac200eb,KXSECSTATE-26DEC31-RG,2024-11-08T00:06:02.035065Z,197.00,0.4900,0.5100,yes
898a2855-7c45-4b84-9154-25005a0be8bb,KXSECSTATE-26DEC31-RG,2024-11-08T00:04:09.619254Z,2.00,0.4900,0.5100,yes
2a267bc7-2e5d-4063-841c-9c06a7c84f67,KXSECSTATE-26DEC31-RG,2024-11-08T00:04:09.619254Z,500.00,0.4800,0.5200,yes
d5ab792d-5e24-48fe-bf93-207a1b662e89,KXSECSTATE-26DEC31-RG,2024-11-07T23:52:44.038447Z,100.00,0.4800,0.5200,yes
78b2ccff-44aa-42ea-ae7f-6f8822a2dfe4,KXSECSTATE-26DEC31-RG,2024-11-07T23:28:19.077662Z,44.00,0.4900,0.5100,yes
931c48df-68d2-4f18-a2d9-2831e3b5269f,KXSECSTATE-26DEC31-RG,2024-11-07T23:26:32.793034Z,3.00,0.4900,0.5100,yes
ae4b481c-544e-4421-8a93-32b04d230b86,KXSECSTATE-26DEC31-RG,2024-11-07T23:25:08.386002Z,106.00,0.4800,0.5200,yes
2ff08957-5931-4473-96e5-23c8374be31b,KXSECSTATE-26DEC31-RG,2024-11-07T23:25:08.386002Z,94.00,0.4800,0.5200,yes
818f795f-baba-4382-b371-d0ec9514e5bd,KXSECSTATE-26DEC31-RG,2024-11-07T23:23:01.549453Z,500.00,0.4800,0.5200,yes
561714eb-f7fe-4e7f-8bd8-a51129ab9574,KXSECSTATE-26DEC31-RG,2024-11-07T23:23:01.549453Z,106.00,0.4800,0.5200,yes
0130a9f0-3956-47e5-9c5e-d56e6f1c68b8,KXSECSTATE-26DEC31-RG,2024-11-07T23:23:01.549453Z,1394.00,0.4800,0.5200,yes
7dbaaa74-f23f-419b-823d-c9c99ae0dc08,KXSECSTATE-26DEC31-RG,2024-11-07T23:22:29.819445Z,50.00,0.4800,0.5200,yes
f4d37a85-e116-44b6-aff3-eab9249e1475,KXSECSTATE-26DEC31-RG,2024-11-07T23:22:06.174371Z,100.00,0.4300,0.5700,yes
485c4eda-713e-4401-9e10-f0707d9422c6,KXSECSTATE-26DEC31-RG,2024-11-07T23:22:06.174371Z,6.00,0.4300,0.5700,yes
30f67fee-dda2-4aa1-be81-5cbc0b8acb6c,KXSECSTATE-26DEC31-RG,2024-11-07T23:21:56.754975Z,91.00,0.4300,0.5700,yes
cf5b40ee-1f12-4577-9385-38c506332ea0,KXSECSTATE-26DEC31-RG,2024-11-07T23:18:16.279517Z,1.00,0.4300,0.5700,yes
d220a814-f1e2-4b39-b031-b05599bc883c,KXSECSTATE-26DEC31-RG,2024-11-07T23:18:12.308951Z,55.00,0.4300,0.5700,yes
ce32a7a5-be5a-4563-b6fa-9deb0a70402d,KXSECSTATE-26DEC31-RG,2024-11-07T23:01:22.617607Z,47.00,0.4300,0.5700,no
b338a167-df75-4e4c-9cda-0f82c6307850,KXSECSTATE-26DEC31-RG,2024-11-07T22:57:41.576141Z,50.00,0.4800,0.5200,yes
ae2a0e31-7f78-4612-9c19-f95382ead2c4,KXSECSTATE-26DEC31-RG,2024-11-07T22:52:14.412796Z,10.00,0.4800,0.5200,yes
8b2e1142-82ed-4ae1-b5eb-bf03c9f436da,KXSECSTATE-26DEC31-RG,2024-11-07T22:49:22.591779Z,10.00,0.4800,0.5200,yes
2619b125-68c3-4305-a84c-b1ce09c90508,KXSECSTATE-26DEC31-RG,2024-11-07T22:46:06.852798Z,20.00,0.4800,0.5200,yes
a9e6a09d-4070-45c7-8e3c-fa95598ad6ce,KXSECSTATE-26DEC31-RG,2024-11-07T22:37:56.55105Z,50.00,0.4400,0.5600,no
1e4ef26b-494d-4bb5-99ac-3d1c497621e2,KXSECSTATE-26DEC31-RG,2024-11-07T22:37:56.55105Z,3.00,0.4300,0.5700,no
231f3455-e048-414f-958a-c88a0457efa7,KXSECSTATE-26DEC31-RG,2024-11-07T22:29:46.227536Z,20.00,0.4800,0.5200,yes
460486b7-81b2-41d0-9a45-787759e7a333,KXSECSTATE-26DEC31-RG,2024-11-07T21:08:04.306629Z,50.00,0.4200,0.5800,no
d9b92c21-1f71-405c-8588-5c22607229ba,KXSECSTATE-26DEC31-RG,2024-11-07T21:06:53.633296Z,4.00,0.4200,0.5800,no
d0f4eb78-6f2b-43c1-9f00-f01ec7a7947d,KXSECSTATE-26DEC31-RG,2024-11-07T21:03:54.652362Z,22.00,0.4200,0.5800,no
151dd81f-5a8d-491d-a06f-1977cdf4d88a,KXSECSTATE-26DEC31-RG,2024-11-07T21:03:54.652362Z,33.00,0.4300,0.5700,no
bbe25325-2fd4-463d-a4b1-eec0dcad9196,KXSECSTATE-26DEC31-RG,2024-11-07T20:46:37.536824Z,502.00,0.4800,0.5200,yes
e8dfa4a4-6c83-4835-9ec5-e67e00c3c6ef,KXSECSTATE-26DEC31-RG,2024-11-07T20:42:57.869998Z,4.00,0.4800,0.5200,yes
7ff1ef54-3f10-493a-a91d-c806b8510eb1,KXSECSTATE-26DEC31-RG,2024-11-07T20:36:59.119693Z,4.00,0.4800,0.5200,yes
f0d970c7-a532-4446-b380-cf132c523e06,KXSECSTATE-26DEC31-RG,2024-11-07T20:33:40.240076Z,922.00,0.4700,0.5300,no
f7ee2e37-4444-4451-adf3-657789e404cf,KXSECSTATE-26DEC31-RG,2024-11-07T20:15:38.632366Z,10.00,0.4800,0.5200,yes
b46d046d-41dd-4711-bb85-651beecce6b7,KXSECSTATE-26DEC31-RG,2024-11-07T20:12:48.24121Z,78.00,0.4700,0.5300,yes
2fe9c94a-5dce-4f19-af86-c33cb65e7550,KXSECSTATE-26DEC31-RG,2024-11-07T19:59:18.324866Z,15.00,0.4700,0.5300,yes
c9ae7c34-6b32-47fc-8ab9-5a756db459fe,KXSECSTATE-26DEC31-RG,2024-11-07T19:54:10.173538Z,36.00,0.4700,0.5300,yes
3dd9c2d5-b9c3-451d-8216-fd32bd134996,KXSECSTATE-26DEC31-RG,2024-11-07T19:16:48.311113Z,61.00,0.4700,0.5300,yes
b1cb72d9-4d9d-4e5a-b92b-ffadd2507e9d,KXSECSTATE-26DEC31-RG,2024-11-07T19:14:45.228222Z,8.00,0.4400,0.5600,no
aaeb119c-75a4-4d34-8a21-667635b560b0,KXSECSTATE-26DEC31-RG,2024-11-07T19:14:45.228222Z,192.00,0.4400,0.5600,no
642ba639-339d-43f6-8df3-a83d9476fa34,KXSECSTATE-26DEC31-RG,2024-11-07T19:08:06.817362Z,173.00,0.4400,0.5600,no
2cefcfba-8e05-485f-b0e2-b7b28f36e529,KXSECSTATE-26DEC31-RG,2024-11-07T18:40:18.721303Z,8.00,0.4700,0.5300,yes
367ede8c-6809-4276-aae1-b1f19ddba27a,KXSECSTATE-26DEC31-RG,2024-11-07T18:38:41.133125Z,35.00,0.4400,0.5600,no
ebf64ab9-e2ff-4c62-b709-48bc1cf0b143,KXSECSTATE-26DEC31-RG,2024-11-07T18:28:52.121499Z,4.00,0.4800,0.5200,yes
fcf1df0d-c9ca-4321-9858-906da3721f68,KXSECSTATE-26DEC31-RG,2024-11-07T17:40:50.094481Z,177.00,0.4100,0.5900,yes
eb90a78a-58de-48a1-875b-6f8dc00e0aaf,KXSECSTATE-26DEC31-RG,2024-11-07T17:40:50.094481Z,500.00,0.4300,0.5700,yes
abc745dd-4d47-4d03-825c-dc7da65135f1,KXSECSTATE-26DEC31-RG,2024-11-07T17:40:50.094481Z,500.00,0.4400,0.5600,yes
9e2fc5af-5593-45ea-ab43-fa3e8e6acf2f,KXSECSTATE-26DEC31-RG,2024-11-07T17:40:50.094481Z,23.00,0.4100,0.5900,yes
65b8316c-9c8c-4f5d-b4ec-e838b6ecfdf8,KXSECSTATE-26DEC31-RG,2024-11-07T17:40:50.094481Z,372.00,0.5700,0.4300,yes
3b9f1e2d-c8aa-403a-86b5-670e7358f1dc,KXSECSTATE-26DEC31-RG,2024-11-07T17:40:50.094481Z,500.00,0.4700,0.5300,yes
97f661ec-110d-46a4-b449-d580ad8a0438,KXSECSTATE-26DEC31-RG,2024-11-07T17:26:00.677663Z,23.00,0.4100,0.5900,yes
c2fa003a-0375-4694-878c-44e62d58d28c,KXSECSTATE-26DEC31-RG,2024-11-07T17:15:56.089461Z,500.00,0.4000,0.6000,yes
98795656-e467-427d-8684-09e2aa4ee356,KXSECSTATE-26DEC31-RG,2024-11-07T17:15:56.089461Z,1826.00,0.4000,0.6000,yes
ea761069-c404-4269-9e2f-d77940a2f2b5,KXSECSTATE-26DEC31-RG,2024-11-07T17:14:55.811851Z,100.00,0.3800,0.6200,yes
aece7929-85cb-4406-86d1-942ec4268306,KXSECSTATE-26DEC31-RG,2024-11-07T17:14:55.811851Z,100.00,0.3800,0.6200,yes
a5f4668b-24a3-4c4b-8104-6241cf2f6e53,KXSECSTATE-26DEC31-RG,2024-11-07T17:14:55.811851Z,500.00,0.3900,0.6100,yes
95138246-6c3e-4794-9375-ac76e53da082,KXSECSTATE-26DEC31-RG,2024-11-07T17:14:55.811851Z,27.00,0.3700,0.6300,yes
914e1247-41f4-4c9e-9bfd-403098991ac5,KXSECSTATE-26DEC31-RG,2024-11-07T17:14:55.811851Z,300.00,0.3800,0.6200,yes
74a7e7d6-4420-46ed-b8eb-8be80863367f,KXSECSTATE-26DEC31-RG,2024-11-07T16:43:24.357884Z,400.00,0.3800,0.6200,yes
71fbe4fd-6874-4c7e-b273-4206e5f48655,KXSECSTATE-26DEC31-RG,2024-11-07T16:41:55.366354Z,500.00,0.3700,0.6300,yes
13ac849a-9263-4143-b46d-f6414ea5ae63,KXSECSTATE-26DEC31-RG,2024-11-07T16:41:45.848098Z,500.00,0.3600,0.6400,yes
b7bcafa9-c0ea-46be-91ef-095ecd682ed8,KXSECSTATE-26DEC31-RG,2024-11-07T16:39:34.804545Z,21.00,0.3500,0.6500,yes
db1a2263-a7f2-481e-aec7-65cc5b7926e2,KXSECSTATE-26DEC31-RG,2024-11-07T16:11:20.694898Z,500.00,0.3500,0.6500,yes
5d476356-994a-422f-9ecb-2a7e8697f276,KXSECSTATE-26DEC31-RG,2024-11-07T16:11:20.694898Z,232.00,0.3300,0.6700,yes
3a1b436c-5912-46e4-8711-bcde97956006,KXSECSTATE-26DEC31-RG,2024-11-07T16:11:20.694898Z,24.00,0.3200,0.6800,yes
3176013e-d2a1-4f5f-b53d-924c4a52da46,KXSECSTATE-26DEC31-RG,2024-11-07T16:11:20.694898Z,500.00,0.3400,0.6600,yes
d37c8dbe-2415-40b0-b652-f8779b0d81b0,KXSECSTATE-26DEC31-RG,2024-11-07T16:02:43.001658Z,268.00,0.3300,0.6700,yes
9ab25056-db4c-49ea-8e19-00712b1ecb6f,KXSECSTATE-26DEC31-RG,2024-11-07T16:02:43.001658Z,22.00,0.3200,0.6800,yes
804b3009-06f4-46a6-9380-e460be7d5bee,KXSECSTATE-26DEC31-RG,2024-11-07T15:46:28.260626Z,500.00,0.3200,0.6800,yes
9678a5fb-2e98-4edf-8351-4878d4aa8835,KXSECSTATE-26DEC31-RG,2024-11-07T15:46:16.196991Z,432.00,0.3100,0.6900,yes
93b2a49d-b8b1-4d32-8432-d4b6ecf18a74,KXSECSTATE-26DEC31-RG,2024-11-07T15:46:16.196991Z,52.00,0.3100,0.6900,yes
0ac40031-5b27-4b86-b8dc-b7fe97abd574,KXSECSTATE-26DEC31-RG,2024-11-07T15:46:16.196991Z,16.00,0.3100,0.6900,yes
6f7af74d-6ac2-4589-af5a-3d4bb4272c97,KXSECSTATE-26DEC31-RG,2024-11-07T15:45:28.744858Z,200.00,0.3000,0.7000,yes
4c4034ac-806c-465b-a297-d2ced5b020e9,KXSECSTATE-26DEC31-RG,2024-11-07T15:45:28.744858Z,200.00,0.3000,0.7000,yes
0b1b6f0e-f28d-437f-8961-3a4d6220ca47,KXSECSTATE-26DEC31-RG,2024-11-07T15:45:28.744858Z,157.00,0.3000,0.7000,yes
bd3656bd-57c1-4266-90fe-9d69ef2ed5dc,KXSECSTATE-26DEC31-RG,2024-11-07T15:35:48.328636Z,63.00,0.3000,0.7000,yes
619c11b7-7c07-45ac-bb42-fdd86aa59dc4,KXSECSTATE-26DEC31-RG,2024-11-07T15:02:52.843539Z,1.00,0.3000,0.7000,yes
f88d1b42-97d4-49ec-80a0-926247e13cc2,KXSECSTATE-26DEC31-RG,2024-11-07T14:38:43.789483Z,79.00,0.3000,0.7000,yes
01f6e061-c66d-42bb-ac9a-7d111533c3b0,KXSECSTATE-26DEC31-RG,2024-11-07T14:19:13.66742Z,1.00,0.3100,0.6900,yes
f7cea16b-5538-4278-bf24-e1a1a4952eef,KXSECSTATE-26DEC31-RG,2024-11-07T14:13:34.600186Z,15.00,0.3100,0.6900,yes
afcff5e3-723c-45bb-b5ef-d1aabbc223ce,KXSECSTATE-26DEC31-RG,2024-11-07T13:49:40.810812Z,52.00,0.3100,0.6900,yes
76932a2d-cb91-477c-a6da-81ccc017fb71,KXSECSTATE-26DEC31-RG,2024-11-07T13:46:11.612552Z,100.00,0.3000,0.7000,yes
1da6c6be-cd6a-4755-833d-2a9a74f5f535,KXSECSTATE-26DEC31-RG,2024-11-07T13:41:08.055606Z,25.00,0.3000,0.7000,yes
9caf7bc5-c00b-4e02-98b5-9f23ad063584,KXSECSTATE-26DEC31-RG,2024-11-07T13:35:09.135605Z,75.00,0.3000,0.7000,yes
c9b02ab1-a283-4c3c-a725-3554ac9bd6cd,KXSECSTATE-26DEC31-RG,2024-11-07T13:02:14.439421Z,85.00,0.2800,0.7200,yes
e183838d-3d9d-4709-a501-3c1375912cc4,KXSECSTATE-26DEC31-RG,2024-11-07T12:05:22.548496Z,300.00,0.2800,0.7200,yes
df5d5b99-3a73-403f-8011-877c4a063b72,KXSECSTATE-26DEC31-RG,2024-11-07T12:05:22.548496Z,125.00,0.2800,0.7200,yes
90125dcb-1e1e-4911-b708-19148668a016,KXSECSTATE-26DEC31-RG,2024-11-07T12:05:22.548496Z,250.00,0.2800,0.7200,yes
6193725e-dfba-4076-b763-bb0ae9a9aeda,KXSECSTATE-26DEC31-RG,2024-11-07T12:05:22.548496Z,125.00,0.2800,0.7200,yes
9984d619-a694-4508-bee5-5b93bc116981,KXSECSTATE-26DEC31-RG,2024-11-07T11:58:36.607942Z,412.00,0.2700,0.7300,yes
444d7765-7496-4646-bb31-93fe702d9559,KXSECSTATE-26DEC31-RG,2024-11-07T11:58:36.607942Z,30.00,0.2700,0.7300,yes
287b6039-937a-4847-aff8-31d02933337e,KXSECSTATE-26DEC31-RG,2024-11-07T11:58:36.607942Z,58.00,0.2700,0.7300,yes
e502f859-4298-4ea0-8e6d-e62565a5cdd4,KXSECSTATE-26DEC31-RG,2024-11-07T11:57:11.032416Z,50.00,0.2600,0.7400,yes
63ed13fa-f4b8-49af-85a1-5af8883b3ff8,KXSECSTATE-26DEC31-RG,2024-11-07T11:57:11.032416Z,350.00,0.2600,0.7400,yes
ae05a4b5-9777-44bd-bd06-8bb5d685376f,KXSECSTATE-26DEC31-RG,2024-11-07T11:05:07.298274Z,10.00,0.2600,0.7400,yes
a34f431a-4fd1-42de-aaab-11cd28e70395,KXSECSTATE-26DEC31-RG,2024-11-07T10:16:56.30257Z,40.00,0.2600,0.7400,yes
e5e41886-5817-4bdb-b89c-0124dcc9ab9e,KXSECSTATE-26DEC31-RG,2024-11-07T08:48:31.487519Z,50.00,0.2600,0.7400,yes
77498cae-cd39-4a02-bfc9-7d28723a72b5,KXSECSTATE-26DEC31-RG,2024-11-07T07:42:17.817599Z,40.00,0.2500,0.7500,yes
d150c262-2288-4092-a897-94bf0ee004ac,KXSECSTATE-26DEC31-RG,2024-11-07T03:58:19.323327Z,15.00,0.2500,0.7500,yes
552379b3-fc68-4ad5-a95c-00e6ca855479,KXSECSTATE-26DEC31-RG,2024-11-07T03:09:56.47733Z,5.00,0.2600,0.7400,yes
16d33902-54d0-4795-9062-5a9f01326811,KXSECSTATE-26DEC31-RG,2024-11-07T03:09:56.47733Z,12.00,0.2700,0.7300,yes
23be5d5f-ab75-41d1-9d7b-6eccd2f7c943,KXSECSTATE-26DEC31-RG,2024-11-07T02:55:46.631392Z,18.00,0.2600,0.7400,yes
d20c799b-fd87-4633-b4cb-66391e965947,KXSECSTATE-26DEC31-RG,2024-11-07T02:28:28.881328Z,30.00,0.2700,0.7300,yes
09f994a0-7f51-4472-ab28-0f2c19771847,KXSECSTATE-26DEC31-RG,2024-11-07T02:28:28.881328Z,5.00,0.2600,0.7400,yes
592f72db-b058-447b-ab0a-6adab798ebf1,KXSECSTATE-26DEC31-RG,2024-11-06T23:33:17.653611Z,12.00,0.1200,0.8800,no
